70000 70000 10000000000
35000 1000000
61788 850717
4976 347250
57844 345931
12884 679900
7269 90086
16979 955758
4403 223607
16307 750363
27407 692623
64662 710563
18310 661682
13774 326879
35000 1000013
12497 362199
54855 93840
60278 357389
54751 27897
67133 460123
23341 257798
3746 195980
66709 424079
44923 236699
2830 571397
47149 235813
40090 445710
35000 1000026
64105 857027
12766 487740
33937 983761
9215 510018
33719 6308
24178 224911
21620 651344
13043 878035
2136 285967
999 81761
50843 942015
63186 698148
35000 1000039
43436 558272
66347 70941
14353 990696
39628 280415
54418 607296
18205 254546
33745 323670
19791 611892
63817 31424
40380 968820
54638 705450
60738 839728
35000 1000052
33765 968938
29241 772233
58945 587508
64905 779677
2998 603457
29230 779388
30659 372193
58553 361844
5916 27119
10175 868714
53989 778826
30248 58829
35000 1000065
56982 94743
31516 63110
16099 922403
11452 588438
58510 559123
59454 826831
38568 709686
19849 300443
38883 69998
30525 459218
34365 222306
60552 859094
35000 1000078
4245 647945
27221 198793
24684 387864
54592 382756
22822 741454
21995 586070
42897 387403
64290 622660
33934 353208
63805 879473
63273 900370
2574 180871
35000 1000091
47579 572255
65164 720523
67842 790203
5823 899468
25646 545025
2678 792167
11010 897689
37337 636261
45097 432920
59 405822
20099 829341
40430 763530
35000 1000104
1638 595486
9600 202709
40466 226574
21952 758109
31074 44869
15144 8510
393 865620
24630 124162
9056 424715
17448 91474
8524 566969
37007 92742
35000 1000117
44852 399467
8693 529929
13842 292533
58992 975560
36472 561618
14933 854903
16836 355613
23155 18398
7803 210494
67442 111012
33112 154946
67930 72394
35000 1000130
30210 771839
53372 510736
9581 180181
47876 899634
62470 94304
741 755395
29777 245618
69948 245824
24480 153240
64848 26754
46443 947048
54529 653514
35000 1000143
10422 214614
69581 557379
4615 771257
13212 187439
25870 209674
9833 879225
63169 733839
7918 556174
8749 986124
26399 464164
35568 396147
46518 986248
35000 1000156
17562 428627
43084 44550
37408 468969
26693 655131
2678 945662
50787 753180
43980 270922
15345 50068
5966 478376
66959 190484
19899 297719
3551 166867
35000 1000169
33483 704395
34561 978371
4905 909360
39557 945285
5396 430683
665 197973
39871 515372
55871 488355
11487 427280
65600 14523
18981 299850
64989 541534
35000 1000182
24564 807948
35418 860966
57796 819727
68168 814618
65105 762081
57102 211932
69801 761938
13055 502979
29947 478996
67991 280754
39657 993710
24811 119368
35000 1000195
49699 636810
26382 422779
22207 922716
15335 1471
50767 985874
893 606475
66372 674183
17164 270360
42819 234032
31871 586345
45871 682654
36800 841045
35000 1000208
17938 895705
47562 896394
50487 743411
68184 242682
47580 127269
65691 630666
12020 581767
31246 765493
42040 378660
6731 435230
6278 448607
53732 244257
35000 1000221
13712 959418
49226 6194
12801 621626
26701 584566
43091 273526
25213 450417
48267 108287
29453 810076
62968 708666
13184 345771
16981 241342
27064 480730
35000 1000234
58014 844143
29455 73645
21072 75744
59184 766679
7744 848630
13875 51271
4345 686238
12648 710051
17872 928337
24884 13395
43257 384253
21491 483545
35000 1000247
39560 757245
38990 845810
22708 267913
30715 953414
11844 202866
66655 606280
15469 63351
39350 621887
47303 856076
26194 280823
2873 237959
58801 124229
35000 1000260
33375 384010
26610 638802
20274 614074
6867 652375
6423 966874
55663 363112
29005 336589
13542 386976
44232 267205
16740 166940
47324 71535
26756 554949
35000 1000273
65335 835765
58443 226758
42430 266137
61127 721635
17446 836412
38598 223222
13646 341992
7007 157009
43322 22068
4181 750274
4879 114063
19432 632932
35000 1000286
31696 342596
19145 583558
14463 176435
40608 728296
52567 120869
13324 23008
47213 654960
46525 932801
44326 757473
60939 17542
36464 230240
67873 514299
35000 1000299
10434 234310
48031 796356
38 535824
28136 225799
50309 103305
24523 313982
4194 638555
5011 625389
52990 535937
19140 378449
55097 148439
33470 305395
35000 1000312
48850 491885
21224 717209
48523 345985
20952 14364
36096 375629
41717 20980
66684 112313
55752 188078
55093 224537
8146 306432
52444 253902
3100 905417
35000 1000325
33822 980265
40113 577234
59309 517202
6308 591701
12156 80284
39326 674306
61014 390173
7971 585652
35596 372899
17887 126447
14051 337707
16262 639166
35000 1000338
1451 514144
67265 302805
59756 532983
58119 821886
38448 576334
54981 565692
51579 739246
51498 65741
34547 330163
47399 32454
38793 434146
59865 506287
35000 1000351
22992 463373
14670 331201
66873 242395
17342 410401
40870 320400
1943 592872
15353 861198
57289 818052
13140 813292
16898 983213
40980 779562
40920 574617
35000 1000364
59039 174294
22615 608892
2662 22886
29666 820002
21405 195661
53561 633880
46642 225807
2900 910914
5331 575540
49447 398065
62937 981554
27091 585611
35000 1000377
56101 731249
38656 784525
68996 811720
67007 244575
19579 215377
111 452326
69286 193169
60457 314124
64653 588232
35876 996781
10448 947992
6420 723889
35000 1000390
27826 590532
65524 884409
59863 743120
21345 747983
31800 59931
67303 353310
1992 632524
3616 112092
18 76642
44204 159970
67503 496211
11390 228551
35000 1000403
47212 634510
23563 238086
62236 335520
41671 244634
24095 209407
8396 485616
28598 169485
56419 737425
42334 19041
40762 658898
58535 704524
28331 114762
35000 1000416
15699 423115
35241 518094
3224 91572
11351 761430
33374 669062
39087 992593
51309 29720
21751 201911
33586 527590
1606 323103
5265 665494
40093 587099
35000 1000429
24855 102204
21879 841322
68205 837104
749 926376
6812 800158
47397 969150
20223 934102
55982 423389
50250 923869
41042 568073
40662 838493
9127 717581
35000 1000442
35545 250011
64525 640628
57337 731032
69245 329309
65646 182146
44765 231230
10237 993777
59620 600721
36408 105708
9499 161408
4598 506768
55943 707476
35000 1000455
44115 825848
64692 73663
8590 740103
19885 945699
33273 289515
42965 747177
66301 455442
65576 96800
56927 814682
3114 921077
51441 546113
68260 82449
35000 1000468
48567 588574
45277 981167
67778 718445
40171 16949
58829 326031
68874 404975
22964 894075
26960 916948
4522 867977
47557 489372
49535 916762
33345 955572
35000 1000481
52071 939688
49209 425284
9443 132300
48686 278666
47994 50351
8368 315320
52595 339993
9655 997
24570 778474
3040 230159
7430 993912
26628 786144
35000 1000494
36990 694806
17103 375440
51517 29485
15235 127044
27939 286167
46107 536558
15419 376246
67761 323437
33961 383523
40064 637903
10124 663902
8053 171733
35000 1000507
5034 383724
21025 924800
4488 687477
23884 374266
8985 504231
16965 818491
3405 642707
34365 230861
48826 972858
60622 883296
56018 236279
38714 216374
35000 1000520
60970 123186
14598 490402
36504 11438
1819 96325
26811 985191
51661 439292
35973 978483
28082 683331
7291 4751
28931 205245
44808 798613
17244 138458
35000 1000533
39365 635176
6659 842475
42418 449025
54356 317815
48357 814180
60925 114409
34446 735803
67984 751964
33713 343513
60641 168112
29238 726886
5981 344673
35000 1000546
37444 899065
51148 738149
61145 393965
45378 888374
63898 103127
15158 113936
35735 226503
23578 127854
61180 998141
66276 284861
32557 645609
29850 873941
35000 1000559
3580 302753
33353 835260
3902 847501
55745 196337
9028 264239
35203 937456
27316 752253
36005 783572
22797 368786
30239 58814
42317 955405
40827 700115
35000 1000572
9363 26844
2377 565750
19361 991880
26026 685568
16046 731544
58019 390718
57468 287226
1603 625437
25313 226328
7086 79299
27561 661485
61977 800219
35000 1000585
3992 89672
65324 5727
37996 656357
46383 28529
15714 79606
10778 673450
23340 186558
10314 288456
49939 75942
12656 253098
3826 812018
13623 764539
35000 1000598
18091 914715
27266 345234
14611 603885
57765 254389
17471 252040
45816 739337
52633 231739
60901 48813
295 320630
7102 564207
52392 758928
27146 371169
35000 1000611
38799 895690
43384 773365
12337 262846
5893 900938
64286 129714
24715 625715
66334 284836
26974 552927
2708 290231
16674 335945
59870 654625
54459 283754
35000 1000624
65270 323700
12581 319920
41414 809141
47915 889720
64694 165933
24308 663466
31680 604170
7292 488283
60450 699356
35799 50913
56779 874082
31810 398887
35000 1000637
64942 297872
60680 262297
17323 885578
20972 357258
49485 640531
57460 55351
30180 696001
67680 832669
28666 415948
37912 839666
59361 654101
3674 589792
35000 1000650
27713 807705
24527 823778
15802 804861
63904 67656
34260 66148
47334 426645
32002 607509
47137 948011
39922 698464
39381 429866
44371 638609
59545 199251
35000 1000663
3442 831993
9478 918838
49779 945086
21345 454052
8792 733191
47120 271183
29628 786695
54923 619972
37186 742044
18316 607828
28063 483541
62714 531154
35000 1000676
1548 223403
22667 758872
35503 871811
48370 353096
29446 525029
45597 788698
50189 470551
67349 97190
26371 24260
3438 903977
43760 878346
36264 252511
35000 1000689
14372 554100
25632 648519
37541 668811
8188 692630
1682 11994
17190 788715
970 328344
23288 616687
61539 578430
37591 722195
21161 486545
23568 763864
35000 1000702
29009 760670
12510 479898
20332 208616
18343 325390
19658 264586
19472 954767
9019 787575
8320 989786
19829 94130
30566 119647
39194 703630
61234 104876
35000 1000715
16311 785652
8561 7261
44717 638723
35514 673633
6011 168976
16001 604376
47058 806609
6880 180072
8788 932295
45744 1887
48641 401473
63084 597882
35000 1000728
34885 871494
5577 850781
10558 658507
10530 19449
21761 555964
31203 861502
49525 597625
33569 114749
50969 479859
68256 786695
64826 204302
60038 769878
35000 1000741
24123 324116
4801 361093
65892 913278
64497 212614
65652 895070
45543 531185
6287 301275
21548 615811
66079 958134
51972 205407
66920 665426
11663 438209
35000 1000754
26726 692845
47263 232406
43215 252845
52363 822358
20021 63115
13396 250518
52036 957441
8297 621521
65106 162408
56283 467262
2588 627074
3743 879353
35000 1000767
49487 442659
36487 439476
11618 814991
46239 556432
50642 828176
64620 147843
65973 513224
27669 224566
48323 200845
16046 18937
52818 389169
15021 854453
35000 1000780
69388 137380
12451 855259
37151 452350
57833 462736
21185 948975
23027 418984
48745 321656
24271 354596
28612 495292
44162 887583
56048 713235
3707 195337
35000 1000793
5876 495815
48994 946771
7574 443580
54259 741670
62670 386834
69409 997316
52070 686523
3444 104307
51212 668213
64083 847811
41430 826051
59052 371004
35000 1000806
33647 869447
28616 374172
22725 196367
28813 219803
34129 412560
23794 345149
53608 402802
58743 775280
57193 668764
46384 426805
25416 9003
33029 152832
35000 1000819
45404 901339
69147 45632
64952 534107
10007 791308
67190 678041
19211 719113
14102 151501
48620 511476
65981 361224
20972 954434
7616 865847
36697 800014
35000 1000832
35933 520560
33422 320955
58235 688634
6135 164274
69587 506647
13994 225904
12556 140493
39704 811468
34202 901125
64293 24200
30643 235814
1833 860921
35000 1000845
11452 209406
48131 338761
28358 589555
21266 780552
29690 920740
24063 522148
42503 130123
40035 858693
61661 129562
65797 188448
21220 595831
43403 233864
35000 1000858
19277 250564
62539 651174
13846 974737
46474 888343
402 665652
19585 542033
19068 817217
5747 209922
66109 142609
13179 577197
2447 839116
69325 970607
35000 1000871
28469 230879
36250 433846
63818 32593
69742 828665
3743 417508
34507 804782
11647 995520
45961 456395
34690 703035
260 325080
45925 905082
10012 160552
35000 1000884
69088 162281
9268 81266
33150 76297
51004 753867
46727 827393
302 318757
40450 429392
3568 856661
1827 740362
20521 819071
67411 936908
17004 838704
35000 1000897
3516 824816
67793 274668
35137 563563
69097 964167
49208 780089
56238 697976
8881 868673
67628 745468
34358 343835
50367 815907
1764 963248
13740 520751
35000 1000910
4171 618610
7021 820571
23178 814769
65390 935622
65163 38771
64730 940949
46363 809124
9411 532718
31040 798473
26139 620669
47510 673544
64007 638897
35000 1000923
24777 85038
8685 347269
23055 341296
40628 888895
62900 925777
50770 934484
4990 909531
17808 468154
59053 701388
61813 122080
17974 993286
46374 372095
35000 1000936
19664 652537
23436 613033
48231 138386
19500 298980
51596 476009
33068 360150
8430 31704
3639 981521
50196 761566
44603 212034
10531 903001
9301 429632
35000 1000949
61918 52244
49317 973131
58994 420812
15875 965246
32018 106459
20369 366275
4486 533504
56850 236421
49571 880627
23496 818840
23052 608570
32966 158361
35000 1000962
52044 454778
4690 348218
16556 829755
3117 85926
7209 687454
43008 478110
1417 325583
52957 274116
64535 111417
3251 891903
65836 612685
63788 275759
35000 1000975
43272 234784
39373 729717
21703 840754
2546 465463
22199 301962
34758 168345
15300 623100
38070 264561
53602 619324
9149 931565
14164 432409
17360 566070
35000 1000988
69998 228039
33869 595263
7522 260416
4580 324035
59353 271732
8136 354912
23059 231407
35633 777881
13483 341989
39276 504144
56295 200374
15435 534985
35000 1001001
38481 963458
13463 423114
68053 729327
49903 914278
40685 822629
57377 14807
58214 193396
34463 999432
57800 214319
60671 249359
61093 858811
49676 191318
35000 1001014
10401 35583
64611 227606
10572 475755
64919 722956
47124 41282
43896 986693
60365 131138
50748 970010
43892 313110
51169 128828
62456 57183
65466 328675
35000 1001027
52733 460727
1512 120041
49136 627622
20012 81988
5461 3414
4625 491828
23099 764256
27060 236009
14397 857177
18494 570327
38727 429334
59849 764901
35000 1001040
1650 933575
46947 465963
59169 372204
59928 313069
34703 669685
50477 569593
49010 60874
23076 761936
4631 70994
33245 313271
63813 816563
40740 319245
35000 1001053
7377 663572
19479 558311
17659 725887
1562 194039
4984 878306
19233 228984
38727 588970
67897 750520
1511 443315
5443 994204
2322 81088
23733 501581
35000 1001066
1386 780969
61505 993291
41320 337044
13367 490051
62994 956321
67108 889269
5138 849121
6496 106295
33289 425001
43984 222826
42620 521671
44566 152492
35000 1001079
68887 55086
30448 43977
46861 140053
41741 642602
57454 424234
23920 994011
9113 168379
52274 461176
30378 773450
63249 419360
21110 253023
47547 250054
35000 1001092
1178 139757
50059 914204
21682 268549
51052 82721
64200 603343
69270 720670
28813 559443
15492 576696
23516 974939
53600 416827
50441 163840
5999 1803
35000 1001105
17324 233862
25278 335079
4832 875078
8769 146572
40198 130718
24496 800717
44606 8832
17330 652646
32824 862930
39941 176695
9839 399915
44980 956786
35000 1001118
46458 408772
4266 388315
27065 360976
43995 171614
68689 683351
56111 183606
43824 209072
64893 851026
12328 347956
8593 403496
31939 48687
1909 599588
35000 1001131
20308 102858
65383 993813
54103 391759
68750 136759
22954 886501
3006 256762
25318 168344
25641 211042
28715 875400
66658 668288
42769 820551
48565 518446
35000 1001144
29610 536689
44345 199836
44661 911193
22013 846076
35944 283399
44507 313578
57158 926578
53600 43197
1858 669766
28142 42693
58300 863048
14235 523497
35000 1001157
52489 71038
63139 377880
34040 942119
40155 126012
54955 713070
29386 802470
46923 106430
60792 858817
16390 300910
20484 723241
18116 179002
8183 174143
35000 1001170
52081 668223
30765 597636
46928 536459
16706 399181
1341 925494
35617 233412
22326 33633
44286 366813
67138 908978
11394 208266
45433 402270
19188 501070
35000 1001183
50057 33592
26004 881409
62781 418543
4949 767771
28465 86123
63717 128031
25420 969965
30625 533217
34861 140528
9668 741047
9972 605900
58040 731045
35000 1001196
39084 322173
48590 925278
34538 120173
7946 505277
1494 90223
26558 97176
60778 582952
29145 349676
4957 421662
65043 243050
2340 339895
21585 392834
35000 1001209
11945 121024
239 16634
3375 848735
69537 925395
59487 242112
2805 120873
55142 739806
37474 354801
57165 962468
4203 75814
20905 356841
67372 153909
35000 1001222
24840 236132
36478 119468
19594 281894
47456 781738
5845 718397
17584 933229
31441 589534
63596 909267
54343 585557
45035 407745
55055 628509
15910 501882
35000 1001235
10344 870296
58550 929131
13123 203783
29242 107174
52331 66635
33616 748830
40607 382145
64694 768853
52811 583204
12996 529895
25848 662278
29608 664976
35000 1001248
18012 427351
16750 441865
58387 23429
16115 549670
53134 531737
62074 49816
49013 997686
52000 509946
55915 477313
62740 297204
40075 208554
41872 764347
35000 1001261
2005 743404
14878 110887
57320 310781
1728 540267
40306 362992
69098 954249
31962 198393
26720 489890
65670 586094
2262 206171
5648 41259
64550 738689
35000 1001274
52084 698773
22559 871154
17850 617060
36590 136143
39200 124471
48162 219817
20504 811835
50929 105504
55765 950471
18647 702210
41971 487716
23479 346076
35000 1001287
20564 690467
59223 910434
21509 285343
49331 388609
29778 866238
55693 597062
57894 468822
5933 55188
3437 700551
25559 345669
33079 794837
2362 196905
35000 1001300
34011 83940
45416 458102
63432 677711
44363 430994
53982 931010
4796 260616
54845 67392
28585 74614
10539 486350
9423 995389
5507 475308
66204 464907
35000 1001313
22429 886167
22681 250565
34888 177351
32600 285685
236 413741
60841 203246
66906 257961
28256 453402
32836 746379
3390 857726
31070 313788
2469 442469
35000 1001326
22766 123512
8447 864086
38787 144440
9393 104930
13763 309150
29133 484038
51915 80437
64041 888636
17391 250648
36108 345826
36709 986173
65817 873870
35000 1001339
14681 435608
10729 359620
7735 807754
17483 904666
19439 890625
20533 42812
68356 818949
24134 646826
40194 552633
58406 760613
14101 342738
68373 124632
35000 1001352
33729 119824
63856 657793
7325 605331
38277 253752
46586 621972
5291 50285
14253 151995
21503 586133
44590 413611
42932 950605
41444 540518
32823 292092
35000 1001365
14116 694353
56237 103788
34753 460350
59780 562124
22433 413593
23917 635748
56826 536611
16633 590854
5015 45935
29249 726354
41536 123717
39348 24286
35000 1001378
39672 227092
35845 375595
69353 892267
15883 23964
51556 205271
29371 879203
6819 599543
19617 301474
34879 369677
51576 984861
21944 853391
11454 565331
35000 1001391
25812 498102
38570 539508
35717 857036
28101 148355
51010 425901
62228 370302
62155 596829
38723 512788
1098 820998
49708 134371
13414 550735
22770 464019
35000 1001404
18259 6229
38593 300107
65059 288656
68387 164081
43323 44329
56039 915295
57585 627740
5170 993605
16605 764164
38179 589388
25811 625969
36803 35616
35000 1001417
31118 130805
15759 532171
53025 12782
25982 261541
32534 944900
60521 51024
11023 768152
29521 578248
52216 507708
61575 755247
21165 787894
43752 867708
35000 1001430
38843 139841
20566 764886
49169 350192
34301 624796
54726 541080
377 739294
69591 9541
6412 46910
42971 708474
63423 159346
18399 574744
16074 336684
35000 1001443
26041 44830
37934 420780
69204 550424
18951 468678
10293 490150
50789 892143
13019 229555
23569 622752
21485 658616
5945 294588
41420 273886
50428 395078
35000 1001456
2730 287982
50489 911567
59143 527871
7968 743673
48359 654168
62141 53155
29808 169870
69701 957829
29108 674880
52239 161336
33792 129510
22059 679951
35000 1001469
68448 641345
46537 370440
34440 873197
33964 360552
38174 464373
46805 752830
32144 841214
68738 707301
21644 71382
54903 893717
50644 487488
69276 847059
35000 1001482
591 515442
25742 158952
27688 640745
46711 857095
55435 584675
11331 696585
44457 525547
27890 228055
68699 883344
57354 440890
2622 109980
11233 374539
35000 1001495
49613 77742
20814 334207
44658 277010
19555 711045
10687 150898
8889 388519
33287 824567
21350 784170
57162 962643
40580 814540
33733 351549
33534 902881
35000 1001508
40296 59822
59107 33967
16961 815157
66790 986485
32324 725268
62386 597447
64648 419194
29872 556986
10581 985242
21905 703304
24450 141921
54063 227032
35000 1001521
33789 743650
54194 729336
48961 6523
39511 20074
34072 277707
10060 424976
48775 831565
46758 997591
37174 379469
32136 219879
13105 350901
52790 872055
35000 1001534
31164 422560
18126 936786
33424 204418
56199 310046
36183 574536
43237 404044
52017 759128
24511 952994
24897 5773
17542 258667
44231 388042
67881 872473
35000 1001547
13954 672672
57000 840737
33074 267792
28785 188869
1110 467610
62679 56713
44926 668347
48108 453704
29046 195981
69027 462343
41067 856557
66847 267340
35000 1001560
28056 889531
14816 477168
15104 748425
11720 381592
55001 998558
9865 529309
15659 102729
62696 116558
4015 646187
425 996054
27464 197051
47395 640589
35000 1001573
19706 226248
135 876087
60339 858708
11127 183871
34744 112715
26534 958374
68455 493233
29576 963256
54133 666667
55198 486993
57476 343879
12413 912694
35000 1001586
42518 129817
25398 579240
63970 417085
18099 8058
68145 602062
49342 674882
50294 458332
21788 214160
13666 479331
51076 552162
43938 835990
4745 629967
35000 1001599
40595 198765
63351 246891
35308 732987
20985 538424
45420 209690
23816 162088
4002 394631
39954 248198
67038 972249
2353 632947
54742 83274
34730 955916
35000 1001612
67803 113072
56980 213058
67856 821034
62261 891006
21821 807741
46429 367367
28603 768271
39232 722799
5728 89924
51369 112502
24403 128607
23176 384425
35000 1001625
62134 189289
55162 580346
13364 468782
36288 776696
1607 455676
3568 342436
41177 566618
59040 677788
64835 763737
41151 389635
17278 851616
33448 711625
35000 1001638
39636 562438
67850 740660
18042 197883
41393 926928
22862 35495
68850 785248
37424 942219
7821 544831
43427 203935
68662 77154
34724 985326
18274 447479
35000 1001651
24327 366586
51237 245187
62755 236514
1717 436138
13132 597317
63394 870017
35602 23951
66576 672433
37680 258605
31377 87065
26254 119188
46868 329285
35000 1001664
46865 489435
62635 692772
29700 11460
31208 955820
67838 980163
6819 875184
29132 293844
48989 985577
47031 527926
61525 267325
52109 731257
14225 351512
35000 1001677
24199 79698
64277 331793
22932 646785
32536 259137
34555 27699
39082 864511
18580 46251
26860 104815
53266 181589
16587 534692
27273 53845
63253 981642
35000 1001690
644 552233
8013 27009
17926 48761
40776 3978
69842 97217
43659 129461
20362 645993
44930 881592
17025 964013
13489 354489
24830 645979
16040 253057
35000 1001703
33186 522083
1444 728653
7379 937778
51991 491376
1604 78019
31074 87460
65860 321963
18360 977184
40522 475067
38172 256874
34355 149711
35370 672273
35000 1001716
21646 511224
63599 111640
58509 831362
52853 701664
66342 716800
32948 392450
11053 420143
69526 394963
54115 555568
46973 784612
56851 383150
59501 8876
35000 1001729
17385 875118
56772 257601
24538 817240
26395 72756
66415 647581
741 773471
40292 597975
65031 591533
26306 96796
34172 597669
22463 686509
47171 751638
35000 1001742
38021 912134
3758 688072
12710 52785
2017 663266
9944 148733
14801 442565
49146 522804
58193 788670
4268 221195
62412 596983
58986 217021
44402 664985
35000 1001755
28077 476771
1914 108079
56087 426819
40726 945755
24997 170268
9112 826795
44315 186065
37572 922657
65909 851677
20147 509653
44464 430138
10463 745325
35000 1001768
3275 224160
48384 138290
6392 365148
8983 571827
56710 24323
26591 997418
58909 104119
41276 72307
12621 375423
25347 909779
39590 604989
37817 498370
35000 1001781
23837 866999
29978 412035
43429 703281
33129 758810
12110 290415
67795 587618
42554 26818
1387 929220
48855 861532
447 360292
64929 797380
52494 644840
35000 1001794
43513 487859
59853 38279
9991 327562
12902 186577
38477 299741
67734 378686
56850 652106
33809 200457
38319 421265
44531 915356
6395 245431
61957 814700
35000 1001807
46102 680505
58451 719307
64422 634258
67445 814912
41116 331889
4454 289607
19210 36070
37651 428185
9449 299481
3190 133140
27390 53497
16242 605154
35000 1001820
68387 214540
56534 846346
20514 493275
58487 918466
40939 315554
7815 609955
13495 39487
25496 84343
51007 463386
16370 490162
68419 18127
6476 792165
35000 1001833
38130 149448
27541 593162
53732 394275
23833 523427
14191 37866
58425 956517
67165 256245
5278 182784
58881 618746
32906 53969
41531 488639
27074 944520
35000 1001846
67665 148737
48733 344296
68656 34772
3655 482508
59791 550457
54307 36180
44404 219151
59239 553055
13096 289792
50236 187734
66172 764465
16259 91465
35000 1001859
51023 314754
44271 202
14062 903026
24863 54932
6243 216510
62543 941143
41872 79393
45509 557725
27974 653613
59380 225636
56854 80903
48728 14396
35000 1001872
27099 547441
56755 335971
60385 29021
65999 595938
53281 675316
2476 260229
38137 24730
40315 691094
26555 664760
32260 249967
69557 162528
12047 41373
35000 1001885
38008 359620
62989 588127
49028 536583
43794 275012
12618 777026
19514 636884
30554 15492
50333 449118
57216 925061
56310 663731
37641 494782
19476 638213
35000 1001898
67801 474423
29803 520854
616 330174
6994 118603
13777 39891
9861 117066
38392 750542
26716 166720
54145 648076
55726 725672
27868 163577
14073 885829
35000 1001911
37268 884249
66867 566005
10677 843177
16070 565113
2773 983350
23694 333104
69267 904905
42853 39257
6498 802391
53939 883890
67205 827906
15301 236470
35000 1001924
44446 951797
35601 884041
31424 460879
38371 495501
27240 126318
52189 654683
28517 868184
22699 911291
11099 772893
40472 313293
4068 870979
21525 762488
35000 1001937
68410 919930
32242 130634
46835 428224
49579 136345
40151 211151
34746 774755
18635 300335
28931 503740
56965 755784
45635 837179
23569 724886
54563 501948
35000 1001950
45837 671521
67390 893774
36038 853208
39664 414129
21404 560673
56076 177039
17004 4640
43112 503792
56797 116601
48144 426209
10113 845925
9196 405351
35000 1001963
39574 909231
32942 674381
62929 786507
26846 676583
59211 461989
16616 801817
1114 743983
36072 123652
50579 585327
49093 938810
69803 537596
63793 365015
35000 1001976
35286 848737
2382 763329
67026 352652
12866 625209
20391 377177
61364 330498
55884 247462
59313 259567
16727 536137
35016 854394
30055 387142
29616 512643
35000 1001989
9182 366750
61901 599464
25792 256856
59208 408993
736 41181
21975 541388
34263 882363
67548 808128
40455 380105
48500 396510
19473 104651
23876 579467
35000 1002002
67751 405034
63375 67612
17792 348745
465 406620
54086 525667
55596 136026
51950 244857
5706 493364
23689 776053
20148 580858
44304 451351
59891 812162
35000 1002015
5144 662651
59131 890844
18504 348145
48893 348789
66053 71316
41453 522625
34127 275913
19470 572661
610 31022
1732 593848
19207 846913
48326 880199
35000 1002028
12151 519299
62703 529437
4846 601898
24627 207166
66222 731569
6321 81739
46897 42047
67628 14307
14038 46029
37990 733892
4464 978166
3213 884325
35000 1002041
52624 977859
69631 274720
44544 924800
42879 647134
8110 600340
69640 952067
13697 1917
60834 31135
22852 926933
44016 223836
69901 340564
54400 459236
35000 1002054
38272 240539
15007 346677
45719 224679
36070 978662
25242 569024
8309 397897
43387 484210
61888 731400
58675 47015
60195 130498
8738 887971
22009 674455
35000 1002067
34449 784824
21366 781985
50263 101904
16476 416642
41080 292950
40066 804808
165 116896
63281 567608
2519 970318
38396 856739
34873 348288
57444 282417
35000 1002080
43892 59014
49019 226475
46418 548421
12125 874302
32324 619413
19115 457295
49816 7840
30821 527878
40671 467473
34498 461332
53824 904108
50652 335988
35000 1002093
33896 527305
31407 303501
11727 989468
8219 230095
55153 589739
54696 814468
25728 610599
56508 951987
23488 165073
26144 750465
44457 65590
38233 826342
35000 1002106
32909 242747
36320 30324
7360 944599
5784 913055
8871 519268
18382 366551
40170 980314
27636 674948
61397 406371
39909 660014
69011 558206
2152 115630
35000 1002119
22152 269853
35673 939116
40788 152942
11433 465602
11318 485906
19132 441304
26598 568991
3866 291396
35403 395197
19048 736401
33630 605172
3245 524442
35000 1002132
53845 431617
929 76969
66992 420266
46984 781806
23074 506587
50771 382202
50449 200673
52229 887138
11386 701557
47194 923704
61325 569253
62914 405694
35000 1002145
36327 210423
31697 346408
37402 442328
70 936559
14331 311941
66780 10182
58830 965506
22211 449522
24549 162045
56636 204084
57568 195102
37760 75820
35000 1002158
41556 25042
54279 398282
61518 783236
20957 429586
68339 495371
25863 812669
23810 515265
32461 960447
881 146625
67115 777935
50001 629201
65779 974103
35000 1002171
16473 851024
62287 501417
36493 225234
2328 535006
8780 519650
39549 622607
60174 195454
42482 126324
15182 96879
58132 367183
20678 842880
41606 822221
35000 1002184
6878 501090
38744 295770
32218 689175
12779 421768
66635 946234
30407 589393
1875 550521
8837 875570
901 760083
63798 878417
11372 686559
6014 812838
35000 1002197
2943 824873
6578 556072
67242 761859
19077 805116
32333 810070
48842 791903
6290 994342
13086 622869
16101 581245
69952 209719
14843 378041
69165 958100
35000 1002210
56544 126981
52843 679615
35541 686135
24397 93096
29374 11660
11167 762279
26706 600450
66001 320707
67078 135387
11216 431835
64000 147972
44344 68828
35000 1002223
10801 715782
39795 533279
67054 436490
56461 244429
41344 244468
13641 820706
47485 973030
9122 830925
41586 119965
58064 797861
20198 285117
17728 948157
35000 1002236
51197 441484
37555 139697
49863 195533
44187 338961
31131 252166
47363 554018
25347 974772
11129 489830
61066 817810
34021 318276
63199 365104
39381 364732
35000 1002249
48516 573569
42323 966106
4354 206941
12013 57463
48062 347563
66533 217711
38451 864268
65902 420871
49611 737030
17102 313642
1686 998542
36948 839383
35000 1002262
65846 114431
1278 602050
8140 603561
8170 819007
22515 182127
46175 662984
11691 308106
39200 677935
22331 315897
40822 710783
39156 369354
68600 825896
35000 1002275
55726 946916
1137 576636
21705 125973
11214 566799
44751 132577
47704 402998
27237 132102
33363 295502
42732 511986
25227 995648
57229 798763
27993 421942
35000 1002288
58980 654543
33360 146607
4759 910891
11478 406630
43639 579446
66904 636354
9094 513798
42796 64103
14779 97815
51672 312124
57852 885345
30246 925209
35000 1002301
29257 269118
18027 911402
8837 497430
36512 105557
5897 358315
44582 952590
36343 594843
69093 453997
29712 289244
48293 750369
55090 56577
28728 365860
35000 1002314
58919 900683
54435 268523
32697 723514
23871 875582
24305 327827
4647 827608
48063 997206
2905 930176
62351 701593
44027 200459
5040 162115
17270 444899
35000 1002327
8962 273239
3542 222364
12449 148129
1692 642197
62506 773963
5323 315742
3165 157239
36031 34678
7112 775411
51320 184841
26045 861629
10688 735248
35000 1002340
65376 819825
41540 438187
29438 369957
15512 131516
675 586349
47475 577170
3721 680720
43869 688321
50202 511225
40914 816295
5849 796989
41949 866415
35000 1002353
61758 358614
31552 246908
37323 252733
64940 45031
64045 984853
35466 603779
5341 118008
10510 618629
27886 989974
45103 397843
62615 931906
39499 577320
35000 1002366
14744 414127
5713 862076
14370 98393
53792 231322
49366 998445
34226 680811
21717 716304
32989 16690
14116 323285
9618 104811
2457 997334
3988 347541
35000 1002379
46208 695499
15203 911228
3774 410297
31941 50374
24696 533774
60145 452659
23368 917515
25082 841400
43478 591925
40549 305787
65231 886468
45093 146227
35000 1002392
5341 657023
25346 964501
50058 752348
52772 230906
16759 855145
56989 810349
11695 989844
28841 546135
39040 968999
50818 648822
50466 411911
16319 94424
35000 1002405
34019 306878
10990 736807
68215 414599
5297 971794
16625 373200
56326 837453
19177 578550
17431 846219
17228 724881
16506 991131
58661 868389
61028 405697
35000 1002418
12231 330589
61095 635652
45337 423318
19593 932592
45045 929013
65366 913702
19390 168546
42521 701659
485 108413
6014 363684
5869 585267
57698 280897
35000 1002431
9745 164695
566 362490
62830 103231
61436 442735
55964 35074
26403 963395
34166 359675
48944 602317
49180 710441
39918 611294
3395 627317
49640 982825
35000 1002444
63015 150442
29162 783315
24750 166883
21126 36094
47522 657229
18678 242059
27404 499570
21303 440924
17586 667757
40158 177957
17638 921139
15287 411762
35000 1002457
17498 2276
48376 418643
52227 380445
21508 235117
45433 250959
3810 139740
22037 507792
4954 912533
42453 885998
8985 158837
22421 367924
38110 968384
35000 1002470
50825 348701
38745 715358
20381 606686
68878 1739
45764 252893
25117 592567
54111 422523
58741 816589
36369 559761
63997 193438
4780 407383
43763 230964
35000 1002483
2310 660951
12528 58346
12213 318984
29280 226438
15331 199473
60364 383983
29978 208784
19810 848225
14228 192341
52451 914291
30186 128233
48766 670310
35000 1002496
31945 301217
14947 116710
43528 228613
64715 2475
5755 302886
57495 354146
19981 968321
12984 708039
26450 657186
25243 525306
64372 402937
46500 578561
35000 1002509
26876 618806
4209 254909
16417 426219
26175 506856
25988 841539
8891 542704
849 126596
33921 634619
5531 49179
8398 780119
46679 723275
28372 942505
35000 1002522
11434 76733
28472 428364
4578 189314
63738 415780
36499 352153
38289 700500
21005 642765
28315 987009
10222 200919
55469 11968
57843 222243
3371 819790
35000 1002535
17240 427180
18436 833098
6176 849747
21956 689300
64905 285588
21692 837826
38907 245615
19571 895996
50699 297777
22505 541144
1746 982981
60236 76133
35000 1002548
48444 408603
15742 257474
63276 450935
55873 126000
64995 557428
17855 285818
51649 644217
18354 369005
32349 747400
52656 102991
67824 401118
56541 951087
35000 1002561
7679 233026
25689 733496
66521 371549
66310 56040
69128 457457
4301 943179
20380 59945
4626 690519
31033 347717
64917 908437
55017 311504
31094 479404
35000 1002574
57528 918417
18531 150411
19391 527842
64727 727593
31066 866460
2196 25308
57911 472224
57146 271815
5856 644952
25404 437810
37013 829297
67462 863315
35000 1002587
785 127224
49534 590975
34226 518253
38228 927454
58838 641999
47610 715384
46914 274216
51433 746884
52215 511185
32840 943704
20131 608051
17703 59407
35000 1002600
55055 809903
6912 930167
47729 719204
43579 858330
651 67706
47388 117720
33023 15709
63494 588339
2650 297676
37575 257046
12714 371733
54420 785625
35000 1002613
48113 399407
6273 543861
40722 751553
23068 264395
3058 831788
54717 734881
49253 479636
2912 803086
63738 609500
48105 171043
56166 739827
47517 772862
35000 1002626
35273 393956
47076 777768
16188 880534
44518 591354
36953 413268
57139 498717
53817 381574
53040 77365
16153 853802
57110 730636
46002 502689
43207 813374
35000 1002639
2846 987369
21017 359304
28081 714519
24275 756327
68970 378958
30823 572802
38384 492783
37299 330164
11160 164097
29807 507516
42626 613982
37913 253667
35000 1002652
42073 918287
5866 594558
68045 883466
9909 919131
42856 190526
62991 547170
58663 601562
1010 740740
32008 31805
19791 734545
66499 254649
51910 166494
35000 1002665
60419 84861
30914 130500
62673 62389
59208 158922
61838 278743
13618 443758
39768 794313
2465 840897
35125 389734
28579 961461
39733 224890
45803 179362
35000 1002678
20439 76001
5773 803257
56156 276016
32738 452147
32541 836654
42982 283903
64855 205031
28127 443615
67950 501100
40518 681799
32101 566760
46698 684071
35000 1002691
28563 969286
49061 234691
53837 1449
46380 438844
34772 774751
44274 991629
18582 138622
49869 377514
36236 232967
64588 206204
60594 450701
22104 167711
35000 1002704
36721 970525
23504 526163
19570 219121
52186 143443
17902 257316
56323 850958
52797 295504
60490 928379
69929 153933
17042 233689
35680 323900
33073 815777
35000 1002717
51699 178924
28220 250171
57092 803506
69092 916381
5278 276182
18232 143256
27066 796922
6123 93524
55721 78336
60809 247321
38509 932470
14749 495294
35000 1002730
25858 205281
9265 16298
31440 357219
262 502979
3014 98174
49772 857855
3836 252091
31629 387720
20153 65800
38390 525887
38820 209444
9753 637384
35000 1002743
66429 405171
63677 983400
11119 164648
39660 283788
13461 289574
55207 627928
23970 443379
21352 777871
46006 86850
65093 848192
64070 876124
40481 28163
35000 1002756
34740 477163
37903 157001
64871 868931
48546 188406
18275 424778
43587 855598
12762 233055
52006 680562
47914 315151
27497 92533
58658 142878
23743 742847
35000 1002769
22496 260277
65449 541141
53625 517242
23218 607689
36700 319240
19430 787737
68374 31587
41935 583507
47931 36727
24960 747850
36278 150985
3866 326270
35000 1002782
25126 922381
59171 55950
4181 245881
60851 855998
31002 271910
48224 227977
26391 579848
31052 929645
22253 941190
2436 804820
33347 801009
65210 576797
35000 1002795
38709 144632
26995 980977
32343 846934
50888 597139
40839 160772
10422 682332
1972 765560
26750 127436
50575 33025
41634 644503
31742 515988
16987 866831
35000 1002808
14519 430111
15210 671452
10328 808937
57152 953497
5830 748802
26081 355670
52044 474628
48233 492479
63937 211797
29330 360248
14940 313715
44471 196732
35000 1002821
14557 181048
29896 437140
29125 370301
51163 285539
68978 376472
28246 279725
37439 931248
5951 265018
31794 346203
68050 837966
12085 509348
62543 635584
35000 1002834
35816 786836
27051 901050
17427 791621
13728 353231
5512 484805
4805 297502
57962 269936
16701 42531
57590 527099
46400 580314
31044 343288
51952 840842
35000 1002847
53804 876472
64003 18399
49005 86199
7959 191156
68617 122563
15428 164828
64908 942904
33955 725497
247 673306
57179 782498
63976 656711
43888 886460
35000 1002860
16635 607562
65304 100297
8126 244495
35754 307817
64323 25059
40389 332229
6102 306239
34971 194493
58205 432660
26079 551084
9394 51751
27418 264886
35000 1002873
62351 149442
60029 460119
56789 949731
49857 546828
38659 817091
28246 260974
37994 795004
68395 776369
53999 119444
48079 272040
16236 24145
40807 343523
35000 1002886
49194 517370
27113 318585
56531 84849
27095 623109
32423 520233
13079 31842
54249 512306
40561 967271
52610 874005
65775 863700
4788 621976
9376 622784
35000 1002899
52805 617480
55793 401055
65483 489413
17369 55679
38312 746222
57646 301086
57997 687284
21733 399539
21761 825622
31138 750584
22564 495220
57548 266359
35000 1002912
6526 387436
31055 643732
69592 501519
44705 670961
44661 407936
14093 535666
49748 449161
54657 888066
29594 796676
35324 350944
33541 55195
51141 226370
35000 1002925
51722 621052
23293 700258
35591 571064
38596 473444
3920 671469
66735 63658
7407 556825
5301 128379
29982 306133
18604 857050
31120 283404
42424 199172
35000 1002938
55200 634012
60966 600673
26108 21991
56791 843334
59667 138912
67040 151425
23540 539548
59558 640727
22948 324151
52703 356446
46445 119081
34773 85761
35000 1002951
23322 352888
44347 232597
21055 702825
12624 397922
16800 478283
37261 838090
2692 873301
58004 197006
59340 214135
64428 494660
18139 698469
46671 459422
35000 1002964
39058 308145
66803 328861
12349 909568
11105 998633
58985 558345
30352 46504
45263 772822
6450 19400
7875 537788
30129 757720
47331 827612
16696 476217
35000 1002977
61382 197477
37024 159069
8040 362924
13719 488927
16562 191158
12736 285014
43328 710524
16837 262272
54749 327960
23630 543245
30883 356242
36241 616767
35000 1002990
7073 156141
2310 108208
33116 8550
24149 59096
67586 293094
11024 542619
11648 201980
28908 267808
48799 957618
52222 778250
68514 829035
15401 65124
35000 1003003
30755 680853
42669 990920
64545 208851
31367 533697
6303 896286
30663 7351
2026 442677
12734 980217
38741 624170
33032 584087
44672 779629
11736 857706
35000 1003016
26839 199692
5983 763283
50689 506660
28837 585335
35925 395064
63335 821948
16179 437604
227 914794
67436 410417
60424 267213
57855 443133
17826 994365
35000 1003029
1106 783034
38688 846453
46046 608231
12885 210052
43672 114367
43417 950838
22290 981258
45338 951704
864 566013
64957 949744
9764 295224
29303 932411
35000 1003042
11755 102732
38775 441696
36604 173512
43528 534758
61219 343769
40537 14803
35059 680427
51249 281334
60406 424892
47687 86862
43761 192245
9017 674226
35000 1003055
36442 604275
54486 206807
41935 371811
48780 463500
45379 107178
11367 34831
13743 763934
17603 917666
24448 428707
64536 163972
44742 324417
26835 604005
35000 1003068
58232 553204
69701 972550
44442 147074
49711 516220
26576 495207
24009 675913
633 295591
5496 113368
63116 638945
22896 325094
23282 849446
40930 812203
35000 1003081
42860 235841
25350 488724
8643 857711
68393 737927
10605 539609
47110 293321
20368 729445
28165 409792
52269 622778
49458 462738
15533 11082
44234 138712
35000 1003094
31322 543554
21620 223008
51751 746630
66715 525944
49599 474147
12330 847698
32670 506001
52285 304532
34364 574589
4559 472826
68905 156286
39565 617752
35000 1003107
65232 282322
41546 874200
35420 7562
14820 66566
37588 201752
29344 952575
64992 163982
37826 595487
37523 848331
4416 608243
55635 803842
54841 6875
35000 1003120
17483 514681
45342 502111
33598 642987
55297 883062
37961 125685
47764 753415
29707 644358
620 416697
16086 738318
29768 733536
36582 565369
46415 126917
35000 1003133
14348 695003
55061 943421
67247 321469
550 724389
30594 363293
9557 933006
31739 37046
41565 690134
55071 750264
49044 540698
49341 878271
22030 817449
35000 1003146
45907 970873
13766 642574
67627 189106
56633 770695
18065 821862
67025 904575
27479 757027
69364 690040
56830 218342
13966 494673
16897 762012
10438 593916
35000 1003159
23350 167951
38945 514635
36379 108516
25312 717166
34591 541910
5707 151472
24671 653641
12 686352
2783 85193
60698 146336
64665 302561
51330 99408
35000 1003172
10466 511475
48613 990176
33691 100228
28629 799652
3847 335784
59833 495927
52315 327416
22522 671287
36749 388220
17777 331694
12570 728424
29288 643153
35000 1003185
61272 484870
41076 780584
46958 950824
49985 439434
43783 995610
67122 603207
59596 955486
42358 917192
41521 703569
46676 125334
63545 111225
43984 437743
35000 1003198
40060 178330
29875 863783
32235 194528
20489 274652
22714 375934
14735 870353
32479 678902
25381 783555
15860 642016
8684 236855
44836 280049
6127 144008
35000 1003211
52700 335599
47151 422257
57613 514243
42991 622874
62864 674291
12517 525723
9366 982647
30084 43185
37887 931302
67184 111053
26354 776884
28845 798930
35000 1003224
11314 836090
37130 909329
7801 617349
33110 756998
51643 899564
52705 560827
7692 713397
46904 285172
46170 731950
3183 49105
11780 831315
46484 979412
35000 1003237
20088 55193
45723 481164
43452 765260
56955 831968
41592 833042
31591 276235
27510 199391
7916 987566
14081 731002
53798 481875
49570 577470
40765 486308
35000 1003250
23740 621625
64285 566095
66151 3419
63308 742631
9915 338040
64924 524077
26693 320534
5048 430238
22990 534789
12714 92531
17125 675667
65039 604966
35000 1003263
52588 689247
12078 845672
1825 600474
53192 328974
59777 89217
54027 105410
47261 418272
23794 823918
12815 251686
15823 97797
26983 860104
2260 533352
35000 1003276
54313 470333
31887 710663
56773 301639
51369 114881
34722 320794
52760 438129
9759 50321
44053 203465
67209 645932
31672 912510
58384 521562
22717 943206
35000 1003289
60830 25070
23193 308189
51305 446208
43509 790039
27249 315879
20109 610427
27250 594775
8184 574784
24612 674734
29758 749415
52299 945050
69242 487638
35000 1003302
33504 558488
29615 101866
56153 865366
58159 975444
7008 400168
30708 198504
57233 454767
61438 830678
62343 661654
36474 909657
4183 573391
47657 987462
35000 1003315
10676 667612
4180 253439
10233 44044
23446 30269
52664 576961
27803 401870
46539 890134
1492 259860
40896 280874
59167 754204
28403 901657
33335 304152
35000 1003328
63870 816004
53988 696791
24616 679712
20574 255066
63230 52375
58097 143194
53236 802977
22422 308332
56671 551843
6533 712189
62026 136529
44837 289100
35000 1003341
25363 603801
9464 804330
64117 498881
48741 667454
36915 332582
18285 284781
16082 492581
65059 506219
32352 973226
1903 616128
26017 924630
36079 36531
35000 1003354
20729 752830
50879 819878
46860 856522
11983 257092
16035 698179
31425 63951
4652 811519
67399 989465
68044 373585
55739 877717
34710 738929
56172 408475
35000 1003367
53341 224116
66590 592355
64296 174325
69452 903276
50996 845741
12123 609222
69731 714525
5821 603425
6515 959237
2003 802395
27640 51445
15430 941526
35000 1003380
68158 971563
65570 463899
12375 5508
54230 128769
40372 145419
24208 289865
24332 187399
66897 579856
20431 472811
48503 501199
61510 475260
48982 663681
35000 1003393
19022 712074
57405 286577
62466 709105
39822 74132
68812 498266
5887 355175
12234 200925
46260 349201
16161 873136
28180 928143
27288 243196
49150 937826
35000 1003406
58064 545756
62413 420754
18899 241273
67470 487569
26020 439428
34167 823227
53926 466139
35049 503578
35083 55447
42274 697894
27021 770336
40251 857567
35000 1003419
14954 494971
34977 304667
47857 103045
69417 294541
38146 998489
2107 960853
14929 437667
17933 363940
29653 50157
46645 778540
10555 778034
3848 296878
35000 1003432
18038 30440
5223 895233
65511 662871
16053 776362
57597 288278
52676 786047
32816 603734
32067 472546
55748 250245
9389 580908
19458 193920
9624 587959
35000 1003445
52876 430651
18836 860534
11764 968960
23280 77725
36520 75249
68428 910694
45152 801458
25647 802785
65045 946711
54701 434623
46677 75844
15184 913303
35000 1003458
19740 760390
37507 568580
47911 872233
33835 434271
40800 868104
61614 794585
49189 233594
65386 820372
25214 695482
68033 666224
54802 775165
15385 560532
35000 1003471
23056 334389
35805 742963
46602 527422
39900 359789
40969 607236
22240 464590
28225 893596
25339 734660
59614 422656
68915 902434
50482 996921
33753 856375
35000 1003484
62015 351120
37615 981969
32672 282328
56762 384550
14802 724221
10663 65126
39037 315707
22066 519766
64653 329349
50509 529656
9513 517715
43922 315815
35000 1003497
18763 311296
65154 887041
67710 884896
7055 968460
59031 240390
58001 890642
13443 532984
44006 987218
48531 364962
8846 953887
56474 553588
27254 392001
35000 1003510
33217 270547
7257 205765
55188 116260
68942 745577
30571 255679
8806 191758
34267 838512
26182 509334
66118 460627
18512 542039
2562 660165
23489 286561
35000 1003523
59492 665198
12048 693865
52961 24994
48123 701761
12376 162059
8914 30415
4362 733165
19355 504957
8918 171109
21536 619881
30565 383302
43213 100072
35000 1003536
19637 396012
18617 27636
29808 250573
21935 509201
49212 493330
24934 296747
52277 15726
35370 523412
63006 701863
1632 484461
47728 645771
7546 511508
35000 1003549
57087 410390
23492 448035
54373 697081
60724 338125
2790 654217
18384 515729
11671 393164
5757 247484
15618 949868
15920 45176
23909 739675
33231 721397
35000 1003562
31861 40481
1878 502907
18156 285475
52305 21566
4501 132299
34145 220058
6276 346957
31773 130493
49761 674107
36630 453357
36776 222954
5562 208096
35000 1003575
30208 822487
45434 523802
13115 233769
50891 574139
11375 177469
4298 977321
46089 96698
24222 9461
52842 266587
42272 75561
9586 811373
6156 765667
35000 1003588
51884 966254
21134 839108
16440 169393
69429 111583
54133 707139
65255 823095
27397 938526
49176 862569
38060 930071
53786 11100
40439 900941
29384 684391
35000 1003601
55515 393312
31158 412920
9282 894066
50410 602266
67313 490278
16272 470529
29376 51198
16184 224907
8056 468722
37307 871842
48006 508647
66165 601387
35000 1003614
64978 885988
34595 592441
49537 517875
36396 7816
6911 274669
48479 355860
34040 372411
50179 733114
8215 771509
27009 166721
16963 181955
66488 679798
35000 1003627
41197 886131
9235 831485
63686 168150
63017 102015
26544 868779
57901 969888
10544 104563
60051 339299
47967 915890
67862 824392
44350 139569
14350 630575
35000 1003640
53665 618995
63559 182032
39312 49342
27789 136133
38011 426721
47814 62321
21978 586554
10631 489357
68362 430522
41971 205584
4910 477015
24369 737603
35000 1003653
23831 506542
23953 715515
29989 930249
8826 908525
63288 921957
55995 946188
25558 403475
55296 108442
31677 125311
12659 713148
41625 341736
18225 131378
35000 1003666
25178 213916
39483 158334
8914 298462
37851 208561
4702 580060
54825 551747
31045 901330
53657 991468
40597 446244
2597 989972
40445 960093
18051 139704
35000 1003679
24606 94435
42666 749840
26907 928145
14243 955343
64888 7200
34001 59037
33064 374403
9680 903590
57457 78261
25123 411077
6975 859747
22223 201715
35000 1003692
61695 680968
54089 162414
52633 670911
24397 92599
1522 362753
64494 283180
31665 183974
44791 228352
61036 282438
43121 921817
22068 930762
19182 33611
35000 1003705
25917 916741
39188 114562
60969 882350
23539 544908
61715 336875
3682 527857
47339 210860
46233 426373
30432 856370
38427 738191
47898 704422
7104 291922
35000 1003718
36676 493057
4529 922410
13342 760128
35442 106893
64070 924862
46365 965535
4386 47064
43457 417765
25120 832526
35747 558643
31668 34995
11292 288130
35000 1003731
45900 770532
32247 405505
42636 705765
18942 950805
13354 414862
24543 21265
61276 312663
17230 110536
35302 988267
11894 497882
37365 954384
15667 935184
35000 1003744
57950 887660
41317 189480
15900 79681
8430 378242
42444 895655
54077 875430
17159 253358
7073 133453
7535 750943
65426 505684
48034 299945
27718 779133
35000 1003757
2956 996252
25807 105566
21930 281833
30740 22417
58041 584931
46096 204091
24644 510454
25686 240366
12590 12419
32957 103068
60901 757589
1523 990429
35000 1003770
36552 899376
13065 384870
28525 40068
16933 416151
26202 409571
33623 866629
59025 47442
42928 841579
32854 713536
19152 325044
39717 263131
51510 125221
35000 1003783
34394 852746
1080 754241
26718 375075
6261 737029
56468 407553
5074 549026
36475 647517
43104 956046
10157 223864
48644 558232
19838 76242
19390 116513
35000 1003796
20426 696142
52807 897843
65939 963799
40784 641990
42792 264948
51470 683112
41313 703162
36768 311639
11884 15537
43462 152351
64946 951164
53950 884557
35000 1003809
21669 982114
41466 680119
5143 165336
41602 361956
21371 524289
36341 611325
6159 641341
11377 634124
68867 21025
46634 464990
10638 693852
22007 420236
35000 1003822
15120 980587
22135 785368
56405 527281
18396 600281
48505 125075
65421 360239
9623 416368
9312 248009
14263 286743
24996 543587
36819 874659
15863 210074
35000 1003835
39482 609775
16268 530586
52724 685284
19344 445982
20117 105177
50782 667805
31234 149275
57925 228551
48676 319318
28434 566740
28470 89999
9456 285732
35000 1003848
48791 416547
19168 905484
52386 207454
64661 952290
45595 39450
41526 424560
64106 99070
68371 621572
14959 184641
25366 152725
47360 955824
2135 768320
35000 1003861
60885 966334
42339 612824
49840 344412
9637 861347
37514 131858
65598 932750
62663 116208
40754 833489
12635 654994
25257 823027
27975 953804
46325 411446
35000 1003874
23560 356472
19756 903166
63856 481409
60214 928868
62588 504256
41441 346944
3626 293485
35024 183799
3720 709909
31328 4981
8572 287297
7747 388787
35000 1003887
45462 503632
29999 635589
43769 965259
69443 304055
53087 26288
27005 12165
11372 404944
60919 134061
4784 379422
61620 817098
44244 539383
49018 202163
35000 1003900
30594 462933
64486 785065
69293 802480
67769 540552
31590 662889
52078 303685
337 921398
16275 213473
32510 517475
28461 302054
32688 202572
1176 375989
35000 1003913
63500 346264
17691 352272
10827 957100
32636 531451
41107 105999
21261 908771
10194 334727
20716 127179
56870 509868
6330 579545
10541 207930
45762 386935
35000 1003926
34644 174751
20779 414648
25932 810646
31330 185158
18397 206607
24689 72493
64198 562832
33318 488909
18650 911328
5012 148596
60727 152955
22075 799011
35000 1003939
35944 101829
4545 757646
47884 412856
44992 493492
18858 78609
57399 615192
7643 874734
58447 153380
5623 567600
53298 15459
41712 885158
14905 805814
35000 1003952
46395 206002
30624 787772
66140 339982
51419 115743
36309 804598
44525 968110
36367 875455
7515 378468
40275 170979
58430 285975
6662 615821
19848 329831
35000 1003965
39647 815402
24893 915334
57210 361607
46416 454268
49334 605728
37522 408972
17341 860167
57091 998261
43361 121261
48170 292365
59092 41319
27631 54718
35000 1003978
11650 206863
44423 532178
2023 8126
12946 574966
35556 929630
66693 203271
31107 597740
44555 397400
40324 773017
26268 431533
12538 395627
65348 515743
35000 1003991
42329 608095
20858 710286
45247 773025
41568 91143
10637 38018
14972 367921
43334 379080
55058 642507
49090 620489
65953 593253
64085 951303
36838 967097
35000 1004004
9516 10788
37448 89598
18804 646022
47740 347524
3653 741281
31450 855986
40158 232372
45650 672617
42108 370225
60294 256238
25557 685199
14576 710054
35000 1004017
13066 191684
8593 41307
69222 993356
7310 222038
37117 43739
59153 583835
14348 881177
59330 277999
35945 916636
25056 827525
16645 519388
64325 764590
35000 1004030
23850 610732
29180 35678
6474 820876
44931 362591
29206 693336
20168 106434
43045 504431
25485 169955
38331 464547
19030 563199
56579 900642
64516 434445
35000 1004043
41405 848072
18625 200850
21849 996217
52484 492895
28832 495914
47304 667211
36384 861472
28700 955178
45651 32863
878 700548
18646 622935
36742 718884
35000 1004056
54134 818518
49766 538355
65517 528848
11683 100140
25695 62999
22966 793528
51079 533219
27191 259625
5180 825862
49384 632334
59418 145650
51338 470008
35000 1004069
19329 403219
33174 766669
37856 825041
46063 789620
57408 191978
59904 326276
45926 821583
1331 898597
37812 900380
15208 731905
65519 687224
63519 80857
35000 1004082
41764 524605
53487 456879
35866 174784
32392 607559
61473 306667
65142 269538
29626 897768
34872 22696
41345 144402
40591 5981
19910 179085
19187 599139
35000 1004095
50752 843349
37469 802007
15762 579890
16339 90157
11395 807985
28581 306694
46486 954134
64697 943379
4990 673859
63534 397617
7155 513901
32722 607627
35000 1004108
14236 454442
42504 738424
5154 807072
15030 709246
60591 374150
24231 331438
14677 328817
15005 13831
69284 95386
15146 339357
27841 70831
47954 836660
35000 1004121
62322 64101
60676 141608
21462 65111
17694 296082
66945 527807
56629 230311
28841 168841
63683 387452
57220 886273
26371 559345
57842 269774
63262 732333
35000 1004134
52820 438784
22891 227277
36698 330069
8527 905021
7970 952662
37871 379508
726 365740
45622 639576
14307 471758
11145 746978
11999 532945
57660 819604
35000 1004147
60550 613567
58240 560078
16890 457515
45392 501090
24722 714520
61689 638108
63938 55895
2215 601244
15468 988419
29373 39004
31762 173755
46207 571894
35000 1004160
60115 846694
62601 287399
49622 813485
30487 418076
5895 884326
68175 257636
29784 314444
55424 63681
20622 910693
11822 257598
33758 726932
19748 4696
35000 1004173
16748 976331
8479 527306
52188 163202
55578 736911
69701 387256
49257 132353
64307 556320
33993 50848
59929 130432
31708 193789
40090 975737
50482 563807
35000 1004186
47246 86771
5058 103353
58931 677624
47999 677677
31023 917442
27937 243382
27271 797727
18872 923520
32062 590857
58194 128088
15017 620875
56902 621317
35000 1004199
39850 449675
53710 110452
67452 130354
40750 558884
38077 791787
8406 246545
30611 196719
7112 901705
25180 340397
23218 775400
31328 344536
55352 121569
35000 1004212
57868 961356
69647 607505
61465 427510
44612 760296
64900 582231
4882 810559
8799 148321
64256 933875
32636 932305
23469 523914
10592 250590
58671 353158
35000 1004225
19177 99423
51181 759626
28904 236039
40532 713519
58487 671708
65961 590925
9445 31850
39292 19705
29877 793996
39199 939443
24484 195239
7199 359168
35000 1004238
13053 18664
1004 536866
24860 270472
6666 672409
69518 80640
56815 167799
37670 40577
29006 576513
51389 163347
35363 119164
38715 272176
23390 843148
35000 1004251
27582 680528
62613 530704
68692 315467
28628 352866
28141 229318
50714 266396
22513 890622
15285 843315
12614 740346
63562 692599
51130 266401
53965 576247
35000 1004264
29259 320745
36315 616108
65050 466478
51023 225310
68958 492173
39850 427011
53634 113349
32220 151884
26587 420685
37417 162849
37139 318768
68100 571670
35000 1004277
7503 191009
49840 509551
1053 67684
43869 365171
60174 851939
9052 610362
27732 441932
12208 648454
15815 336615
32869 423386
3880 698214
32141 769717
35000 1004290
44297 732251
6114 969192
59868 882531
19090 227804
33764 75596
22542 48545
67121 274190
68324 409829
67195 3940
8026 738815
39468 652975
29120 208535
35000 1004303
15044 497385
140 701465
57414 551806
57436 203009
67113 368533
21358 353794
23470 390686
59450 895869
58209 425223
29627 483493
10806 92065
22242 24633
35000 1004316
8685 49496
55222 986027
51588 562477
59435 581000
14506 626094
10696 80231
26985 294314
29553 107260
34437 270779
21807 540631
10881 186367
45962 617297
35000 1004329
55262 353138
39178 754434
18960 644770
38955 938520
41035 74584
60052 545626
64056 498379
59148 262960
36936 288254
5724 834763
5569 97213
62980 686328
35000 1004342
62206 976318
67342 316335
33831 438468
59613 719309
33208 890754
50520 728303
26404 682612
18815 512588
23803 60059
24408 568054
33418 560079
26543 998946
35000 1004355
9625 629103
14036 56845
14297 758493
17542 996628
67138 577404
6887 181889
24248 981171
52203 509285
45111 905941
34786 301591
58469 614733
35587 489829
35000 1004368
56814 775515
16046 159725
56804 98448
18311 265218
19016 293428
48910 547387
42899 170979
47932 181812
55645 911766
13947 53397
44170 941890
30092 202892
35000 1004381
42870 993856
17337 165340
36897 357259
27742 304761
26471 935463
66613 186495
11630 696728
5728 452720
30921 580314
34969 633342
36204 414849
48920 47452
35000 1004394
30767 594315
4161 477221
28127 685456
30495 75021
6872 688056
23351 682142
50360 535648
54672 599906
38668 453341
43812 690405
62175 37286
45470 525955
35000 1004407
30998 934330
59302 774314
54847 309693
3055 900322
4786 281403
29927 713555
31278 570933
32333 48414
60987 492480
49637 656925
48389 407051
14313 168312
35000 1004420
6112 755330
2688 811128
1014 112001
54379 913386
59524 687182
60635 316671
32197 287063
64351 83665
21755 411609
22382 886261
52918 257136
45883 782763
35000 1004433
22885 488366
41433 500454
36241 555644
67172 803771
33494 764921
46862 225940
60428 637514
12581 178951
28763 170387
48529 682260
68935 886119
37907 967882
35000 1004446
40627 386656
51303 431952
33928 581612
1307 767702
68917 935617
58675 913534
23818 558624
54203 560260
64233 116572
56284 49905
14905 684466
39742 834522
35000 1004459
48411 385783
30501 385990
61325 329632
16826 252023
4030 763527
61893 31911
18397 589610
4425 430180
53274 609733
2010 48788
44690 387606
62104 99870
35000 1004472
7283 593686
14121 73060
44863 32078
53770 360519
65356 329508
49609 521663
1195 826692
29968 119696
31349 163278
5074 74955
8164 664492
62376 327030
35000 1004485
40773 311605
69788 196224
5660 766008
16803 338521
18042 974945
57742 976474
42447 67432
25711 996766
29532 730369
4663 650848
46402 307940
32926 574863
35000 1004498
63312 349906
4446 20677
42957 315888
18921 378254
32818 461602
41544 416803
32786 178260
31469 53862
48101 712972
55518 736829
10579 728661
36079 522218
35000 1004511
17708 413441
38095 736562
27874 295121
2941 35893
28195 471316
39697 263281
13814 877029
44832 734452
51921 153796
5725 854855
25114 326763
58866 385597
35000 1004524
28422 520407
30393 831220
5058 226281
64352 721810
24523 136171
67071 537856
15943 173093
348 4921
40621 749233
59505 94228
68182 66373
40252 131068
35000 1004537
64755 226585
30962 286526
14848 65277
28795 891766
35222 961887
7168 889146
13565 703808
25655 393625
7968 869274
19933 881536
50781 406618
26835 309978
35000 1004550
63334 215115
59450 185656
58899 757703
62788 583498
2250 531063
19039 437557
28488 983417
4299 486854
26113 621508
10442 381982
54781 8174
4798 478971
35000 1004563
13027 135041
32024 803623
62287 387858
56436 554517
51401 444998
22802 715848
179 608208
66520 427851
37965 663222
27574 392583
40375 654158
62815 97133
35000 1004576
30529 846983
3193 721944
40250 997286
8583 442721
27760 70298
6867 20548
43035 237260
359 622306
19335 961494
49365 361711
60650 140089
30099 36145
35000 1004589
67209 184005
12565 820479
35923 320812
16009 233178
19988 376737
45305 501659
60475 236896
14642 769139
8306 497621
65372 79451
65931 715557
68858 497282
35000 1004602
64025 892755
58466 387674
60469 652014
25147 242866
13138 12492
40340 129015
33816 259869
68783 102722
14251 325495
39094 966402
58072 139859
19168 838230
35000 1004615
67727 906899
37934 620511
25067 830633
53837 529926
46830 109220
43767 270753
12269 368724
61828 163181
6279 890571
54348 319652
14595 622477
9074 491388
35000 1004628
58977 649701
67673 742920
41873 377332
39509 453085
1346 716186
61938 950916
27799 905627
24030 620082
8473 83861
42980 457532
18235 726732
44752 115761
35000 1004641
47957 895326
32001 142865
22466 441504
12395 669440
28006 35369
38692 769430
48459 398850
48423 834325
27007 245102
44081 843809
51436 86905
12223 367595
35000 1004654
26516 475578
61691 455924
22674 820666
2267 501364
13796 529248
59017 843363
49261 239696
36951 945246
46060 761716
34701 115933
48111 354480
44274 762574
35000 1004667
2184 306727
45912 933961
10861 447445
65593 256350
40886 648583
54646 606278
55092 593460
12776 979677
1282 66032
61869 331652
18470 478646
62801 9144
35000 1004680
5221 366813
9957 596216
27612 327058
18756 113038
49966 714494
58130 941867
48731 706534
42338 731316
27873 122333
58835 333204
10714 579038
36259 572137
35000 1004693
8734 236841
34760 573560
39912 957577
58365 91682
5860 196702
14116 847885
39182 470991
65569 305987
20875 22031
65010 95050
23227 741579
41389 76719
35000 1004706
64501 521262
36022 920757
35270 85520
13028 175010
22779 110918
21502 191565
21843 962167
5875 378233
26450 797667
31377 30376
19588 383287
58145 383677
35000 1004719
27673 96289
20652 366021
10153 105494
34416 571521
58249 797645
68355 574606
52678 834804
54897 467560
3819 159492
354 250804
19524 267206
16746 562176
35000 1004732
15842 405948
14596 509843
56665 642717
24738 303849
7722 744003
22147 904702
61323 223661
17987 751533
50075 742343
34696 62784
53546 834079
23857 816853
35000 1004745
45696 831570
15087 870263
36602 840885
49716 813965
51961 706504
28778 605923
25851 199878
24097 93475
31999 199168
36057 866386
10957 93275
21476 193623
35000 1004758
53419 967184
49921 152648
64615 451881
37420 720903
69012 691900
3494 891690
43519 837773
28101 716416
858 182510
40939 93017
4212 373128
31419 763137
35000 1004771
54537 317422
45865 918808
25509 327824
23898 572352
11239 549344
15908 171229
47556 160245
2595 958901
52485 712792
35296 599069
31790 925537
27449 503550
35000 1004784
58133 109418
11022 950621
59719 211427
24090 287020
19614 59479
3022 244960
1298 324849
8020 958261
57969 263528
11050 7659
17600 936417
32406 427218
35000 1004797
20177 430278
37000 203845
51685 280046
58065 992979
24444 909042
7221 197758
68631 881064
48642 152930
41787 460639
27296 593753
69925 786658
27422 101368
35000 1004810
7510 811272
8536 682840
64409 879679
31958 60550
50115 990103
6641 878545
25251 975485
45511 727155
16337 884076
63057 121139
54730 67872
18388 952641
35000 1004823
9213 738861
6900 901710
32002 99512
46483 242148
49720 747662
28922 891043
4441 137651
55752 508893
49506 723056
59812 553818
19698 216043
33879 756267
35000 1004836
39971 224533
30943 855132
24556 602180
43845 565176
42926 640182
36381 578349
21074 228232
48138 590252
65744 147373
1449 527501
66894 199324
8699 895304
35000 1004849
31269 498570
34091 820095
31529 161791
36760 16344
4220 431208
35175 691628
27277 634307
58842 635388
69359 602859
14916 833173
41513 512375
23485 670870
35000 1004862
2469 382662
8430 656683
41599 474464
48972 591922
29136 403753
19001 15654
67821 610147
65640 825912
30156 166478
9656 346240
401 958977
1482 255666
35000 1004875
48633 820108
51380 176830
22842 9037
54230 10242
2978 425642
41611 795212
30077 271219
27492 279941
20651 772926
41790 540875
28998 225040
39160 420315
35000 1004888
37395 692237
37978 299028
60813 151255
28889 989266
18521 341270
23223 31978
31365 503210
44923 491724
12949 278586
18464 501367
65534 206679
29824 215768
35000 1004901
40080 905311
48291 803975
46433 958415
19533 843845
33846 10417
36558 742288
12164 44247
67066 711734
55080 658650
46855 867857
15637 547816
50698 542228
35000 1004914
19106 944021
2985 497191
11230 903135
68446 952065
22234 672920
5285 888327
15839 873984
68202 240278
12220 375428
59932 354623
33303 990738
11454 643108
35000 1004927
43613 729159
28315 710671
26403 260860
21943 446356
45491 926025
69413 172260
33068 290866
8051 560941
63802 630676
37105 373819
67820 203312
20778 381210
35000 1004940
16656 717033
49207 635138
4511 884795
49001 879092
12041 570900
9727 351888
9762 685787
27825 858956
69550 355532
66756 704830
10562 530350
38444 176671
35000 1004953
27363 156195
12736 842021
69590 156744
46331 644430
52537 780797
25723 801568
27946 550999
7748 498456
66200 589754
15119 48861
64436 232878
13268 334302
35000 1004966
46791 908673
49782 958412
25224 487831
780 402734
25379 976063
43721 73433
56673 182645
58098 405924
26708 564185
43587 864145
13288 401147
18061 424326
35000 1004979
31307 797958
34601 552424
12701 550796
26519 108743
465 313717
11914 993629
24643 624385
58960 577999
52596 82454
28084 792529
50027 709181
52223 328253
35000 1004992
37219 811434
51800 591054
2265 704122
52170 144353
28429 346654
56871 266478
23218 128004
17632 782299
24237 48411
31702 417108
18514 249512
56825 552760
35000 1005005
48168 783973
57281 269064
7949 238655
58756 956838
39691 296529
39997 425758
35480 765157
63494 298404
42431 594859
25738 919105
4289 497543
45092 660450
35000 1005018
63001 816438
8840 266782
6860 68879
50451 479811
33951 994372
27344 119000
61084 988418
41159 403980
66878 674999
28648 251083
56180 648667
28718 796026
35000 1005031
31029 588638
16109 681693
10635 643262
66031 522595
58466 813558
913 667995
61413 779262
15683 464909
34717 529500
43298 545939
42277 567473
62298 221162
35000 1005044
39469 5592
56548 667851
53100 323594
57742 682126
17841 67
28796 325765
46625 186955
38822 617765
45955 582823
50757 19754
37178 729254
63040 917202
35000 1005057
49206 281614
47275 817895
63300 908765
25599 120163
6640 250860
36378 601881
27510 9807
64648 710752
22616 872753
59115 142561
419 641657
59425 650291
35000 1005070
33074 687098
38211 367023
42489 709249
13332 47775
37940 585127
14669 516337
43215 1486
59946 598192
16438 683456
19699 996024
64625 323299
40723 896851
35000 1005083
51664 283961
12290 42535
38811 384366
46108 669038
1044 15703
49794 914460
60589 206057
56818 780164
22236 55413
63357 522021
23419 861010
69398 809111
35000 1005096
18784 977310
44776 523049
56444 636622
50034 219499
40739 24132
40533 627164
1045 113537
6177 74462
62558 891861
62373 840597
57170 187203
10312 196940
35000 1005109
61460 483658
52343 733639
31624 21336
48209 729892
18686 974198
19383 543391
67605 831278
54887 512620
10964 101503
578 596288
57730 287579
40990 266489
35000 1005122
33155 232464
40684 256726
36919 225185
35742 208594
42506 374204
28342 932603
11043 16879
54304 128756
55397 921097
5558 76624
45964 950382
49204 668162
35000 1005135
14170 806212
5369 500011
3138 942128
45733 583254
40395 403343
16497 910238
43375 287652
51104 652733
46064 924940
23294 82440
6889 413237
29222 24349
35000 1005148
21984 623600
28629 719925
62536 777215
64478 717841
45958 966057
15972 504970
44607 672319
6872 21019
52694 44438
13696 384372
64731 640489
15175 824923
35000 1005161
3440 844533
1034 772098
19653 881552
30145 339084
49366 284724
43014 553553
59534 291968
43843 833453
62688 793909
10297 645254
19347 781466
9196 656544
35000 1005174
37681 269680
29313 603095
31508 334576
21505 325026
29971 788624
55181 823236
12129 230949
18627 588950
40330 93666
21359 853119
5754 427873
50844 278085
35000 1005187
54370 819397
23787 802803
67473 398649
54802 770131
30877 745724
18629 61695
12698 981281
59604 446780
38350 310004
63079 390631
50445 83828
45850 719679
35000 1005200
29301 671905
34200 6213
9478 788354
48295 36312
9159 801179
2582 784183
5115 812374
4349 997279
33476 424371
64490 23265
39169 536232
38622 781020
35000 1005213
26472 618738
55384 681838
17964 926219
39334 247632
51797 913487
14089 861393
23956 732364
27379 920509
25071 430867
17007 988003
30898 164585
13905 635973
35000 1005226
34802 632032
16543 621885
35195 607928
54362 766783
51068 356424
5852 11137
39132 307938
50350 576916
2861 283391
43900 685440
25519 450398
13948 638936
35000 1005239
32268 390801
14675 483396
33746 681238
22846 4385
26724 505008
61370 610287
9351 608103
4139 686204
26144 164634
17883 895602
65868 199068
47817 882411
35000 1005252
63321 67246
61063 134818
30313 693391
38494 980884
57696 567337
34818 446628
29316 763135
55060 973266
47588 844195
21608 86476
8951 560061
46504 674451
35000 1005265
37860 390783
64049 277345
37576 142267
32927 103603
1892 167234
108 923700
25109 482745
54943 683372
67259 655394
56556 618346
30916 717146
35211 54778
35000 1005278
59418 37090
42070 452592
53075 605304
16725 992831
28363 767674
56812 693032
50094 529460
28935 684578
12029 793006
50809 602481
68057 97409
11514 506127
35000 1005291
15215 488139
42511 686419
1083 132322
51922 445289
69652 29392
56417 316118
36698 893140
69655 381841
48445 172475
26719 882596
21362 586326
15724 291872
35000 1005304
41454 64135
6034 160867
39452 218941
18714 722033
2217 460094
52439 305770
14026 452560
61564 153154
69082 729458
49619 969998
66743 27137
54108 800842
35000 1005317
39446 160709
10393 734250
33776 969555
59578 42474
19424 191209
10652 815354
2793 495167
34597 559877
38749 926048
9809 8704
12568 948173
8082 72714
35000 1005330
14431 201400
41237 590728
54405 624005
53650 872046
55680 876551
6445 705930
62601 991574
24796 181410
25425 919587
26309 771429
5011 219380
65747 9519
35000 1005343
63364 179135
63161 771739
25097 591218
32578 454078
33152 642227
32502 358941
39728 206024
62978 341222
16477 993125
60327 28618
60142 105332
69022 405196
35000 1005356
45779 195448
25298 188506
48165 664598
58421 760811
58930 493190
19627 576905
6617 50769
29670 796251
11472 574111
25214 195763
66081 818994
39138 445865
35000 1005369
5396 711480
61434 886723
9731 80759
26065 481577
18326 613506
64214 252613
69205 361756
66534 892345
39062 777531
51622 583794
2652 973304
66259 349664
35000 1005382
51955 592999
38005 717167
33955 83660
47169 648395
59715 197518
57927 180556
14971 785604
46287 642896
1014 641302
7506 970673
41614 861187
28311 540920
35000 1005395
64216 413103
47222 737464
2844 190042
66730 573237
37113 382214
9669 135699
63279 377059
16702 419708
49758 817998
41436 176716
10505 597890
55676 909724
35000 1005408
1875 829115
60635 635934
3522 778559
49862 869131
57183 632233
43478 277751
39345 158019
62944 888799
64080 788235
51468 231739
39262 676152
37106 894243
35000 1005421
38787 337356
46161 530057
46929 152909
35930 658905
26728 322267
52620 517408
51988 815931
42891 933609
67630 525398
41460 207923
29967 719223
7751 249316
35000 1005434
16543 341695
35842 804279
45455 254270
31428 800360
17516 800885
47159 660680
7431 937834
68985 362875
25283 932929
66472 207144
21496 251821
47765 681750
35000 1005447
41907 56173
23788 992637
53593 850114
69434 586354
69351 646064
68917 192118
30074 501659
44483 422292
17257 423450
30243 580026
40891 800769
9452 513698
35000 1005460
3938 320123
21668 995825
50386 150268
21975 81169
61110 504764
67931 768740
29058 908452
50095 269410
33694 499687
28941 627898
60886 593469
184 924707
35000 1005473
37440 687306
18073 657856
7751 456693
26575 585931
59715 503020
41276 315080
24921 480632
64043 311785
45564 120450
36522 866654
69600 118430
2310 429746
35000 1005486
43179 943028
31264 433138
26403 803093
37247 947565
53676 901190
46050 315820
55808 96505
13522 304858
67406 470201
38647 257967
68530 654344
21146 117118
35000 1005499
10050 175579
48311 568405
14648 707535
24553 511932
68373 627861
55863 197410
38260 786497
24422 867508
38152 863409
20096 366053
37725 700158
63976 381082
35000 1005512
29384 192146
31426 460742
64191 534474
36830 199549
2980 195146
14053 909425
57254 672267
8476 373471
29085 969687
61315 364973
48359 69290
56328 876660
35000 1005525
59816 86604
36046 321559
64889 778915
40005 320681
17611 908452
53788 738995
10467 18859
8513 738087
47292 980791
34848 319087
31004 749411
56581 991749
35000 1005538
21207 44909
13381 147481
64505 745441
43353 347826
36946 813334
60381 55284
10219 161549
23812 695847
34371 464353
29445 587787
11681 388515
48126 294547
35000 1005551
10944 498405
44095 743157
20557 957166
55836 690532
4194 149978
53111 118820
59891 286259
9726 908511
11415 596234
32539 989135
15374 962227
11347 33481
35000 1005564
38133 770113
4075 583368
56255 237737
57751 221640
66301 286789
66108 681309
2644 409708
38128 253435
56528 357867
42295 427924
47770 990540
32275 655066
35000 1005577
733 670702
16330 889007
1304 536130
50619 102194
50518 693289
44325 985921
56824 606071
56906 265480
42244 324025
62583 453631
36675 543434
45578 400310
35000 1005590
50420 773203
14440 793372
48693 244669
50047 518941
54989 183463
55978 302346
3122 850189
49748 649415
68864 545834
45483 206510
21318 592930
18355 584358
35000 1005603
20917 444040
27135 157392
13767 484256
57686 619207
52948 886488
17273 581952
67961 557557
39631 281481
19583 95144
26768 540813
6188 896692
31897 94829
35000 1005616
56348 548853
43714 13448
57777 827783
25988 926387
10280 188211
40251 262005
60649 737853
16705 120873
45715 689318
46207 46719
37821 276850
25712 628091
35000 1005629
27744 644551
34968 317119
26218 755990
59432 901023
11941 527099
58456 674745
59577 629370
1454 308678
65634 198657
26485 236930
37077 886631
21352 633159
35000 1005642
69719 256260
1377 692557
26742 694036
21805 21315
22540 213782
44753 961697
56643 70659
33541 549219
30743 506048
48580 933799
2919 174837
29873 664552
35000 1005655
54598 485211
8605 282222
55705 740294
33337 774257
5667 55089
9214 232674
10227 461071
51784 426541
28399 884589
31002 705993
69536 299174
28238 678523
35000 1005668
48982 22239
30027 711891
66150 281499
44938 586183
27011 365309
17395 867305
67276 810418
35537 259020
34522 862397
30536 106868
23195 377234
53832 18006
35000 1005681
53861 940674
64828 888616
48464 497817
11599 420716
4209 617060
19412 70053
44167 105669
8811 62302
31813 242209
51947 544025
61044 852752
14754 274162
35000 1005694
44430 540543
44424 614085
66215 622836
27853 35527
25038 722409
43153 984512
32218 94027
3279 13933
4936 26504
11732 964387
24288 987808
7489 348483
35000 1005707
21394 308304
25198 420158
7838 98936
45441 793828
31733 787038
47812 669186
63909 447014
21058 726897
67131 82460
52560 386100
46333 235692
15539 426278
35000 1005720
69961 479297
17122 823987
415 836967
8816 567799
41153 750711
10429 55465
9567 186179
48375 161554
39628 244039
23873 438906
67891 312710
4349 489155
35000 1005733
58258 153526
58427 532416
26915 538345
69032 110601
68821 803743
47367 193748
31268 950607
7494 997783
27418 257934
31767 100073
3251 708463
9051 361909
35000 1005746
42031 891272
32525 189048
1012 595469
61572 258754
23613 686347
31477 849969
3088 740603
33792 665503
15858 500112
11750 714753
69501 16191
4512 86681
35000 1005759
23477 109567
35560 11095
34956 157894
2859 930725
22880 902414
64997 951436
27452 158339
16940 184106
58807 410305
55343 361874
57550 477661
1016 175859
35000 1005772
56220 328425
41921 188367
24865 871216
23005 814231
36141 854695
6569 316077
44787 756431
58593 494708
17923 692683
54281 519488
50966 374862
24355 353613
35000 1005785
13887 517744
24919 956628
19438 785684
6955 909210
58033 506106
7273 687995
69570 202099
53132 482675
28190 269215
57557 157421
40232 972318
8918 198057
35000 1005798
42723 557927
12221 241968
22635 692166
65102 305256
45460 472667
31327 871580
34651 227512
51596 435805
23515 274605
51038 205788
12992 276343
25716 532815
35000 1005811
31074 761357
3285 578176
53538 80486
48318 339751
24183 655508
34369 564616
20820 776492
67285 423780
32251 884194
40684 306917
56936 297301
41818 632923
35000 1005824
7466 27624
51745 122366
49878 127414
51869 185707
1693 67200
9112 288736
18435 525275
59474 917116
44954 330034
18586 351907
36761 63419
28273 266255
35000 1005837
19609 223843
43340 185445
56461 774561
35379 169054
69127 654157
69234 309410
58223 35842
1286 727489
46469 268028
50725 6326
55339 924198
26301 299981
35000 1005850
25226 635256
24905 1699
63436 298802
35730 562628
61580 561875
52536 118336
57699 843925
36531 633137
8598 919835
23519 598131
20725 900523
29571 185461
35000 1005863
8762 243128
31381 860762
1120 253268
66044 58205
34491 794701
32549 824362
31773 326488
31227 872052
53806 185679
15069 93045
8490 275478
4632 669199
35000 1005876
2520 804617
36356 767748
50378 717348
29959 176477
67262 856002
57189 431187
31856 313380
23608 698101
54170 717931
58154 46811
49835 798555
27275 178066
35000 1005889
53536 476682
59984 177511
4420 123378
4143 716550
40001 693336
5887 712420
61809 245984
10972 614481
37460 246889
53473 567503
37784 695368
27024 1047
35000 1005902
11599 592291
4566 341039
69805 587670
20997 321739
69906 582838
54576 31245
16147 396598
3088 737635
66847 439215
37648 195947
21799 937803
3618 899767
35000 1005915
69836 316518
48253 978553
41717 881539
49003 921154
69888 438816
27278 21763
34508 401878
57828 787511
34246 126652
29719 354781
32302 571963
3511 815154
35000 1005928
54860 732129
53063 323828
32376 469746
54618 817946
7902 76064
41966 290907
29729 662092
216 452373
13895 136362
47665 724918
6954 505934
68125 942051
35000 1005941
30374 396848
42653 540999
45074 873084
34241 970000
60318 730126
42208 142273
48806 541046
63929 795896
51854 57068
5947 410868
40083 81943
26580 545866
35000 1005954
67284 345968
65762 585343
14048 918155
49850 667387
24245 508102
29068 60781
22921 603514
21963 30618
3178 555074
359 294423
38878 878370
48739 659900
35000 1005967
34146 620562
13273 368096
27799 655961
20824 592817
8040 64086
25350 582464
50713 82222
23263 972250
42927 59878
65917 350893
62797 857995
19006 636343
35000 1005980
31417 134489
66093 641516
50221 205918
59963 678412
20882 614865
21454 936308
27720 867074
572 280590
69377 310871
58485 940485
7981 932387
60964 474851
35000 1005993
30479 391847
4313 862911
27198 107481
20096 381875
18446 541539
17375 127273
6232 917617
9833 769919
59286 676154
2724 481267
49212 824589
25460 533519
35000 1006006
55022 203886
36507 292454
66030 40947
1956 52934
29526 864963
68520 835169
55110 277118
58480 894782
22229 820048
22383 423219
10183 81393
29193 792625
35000 1006019
238 148865
46457 818554
15855 345692
61539 121976
45441 629173
49959 203431
54284 152895
36314 64953
33124 522589
56157 572516
3433 840196
58396 668340
35000 1006032
40201 533185
34003 165455
65690 81200
52288 668131
69087 436560
52288 835250
12553 818567
59406 49690
69059 549698
1375 850463
50887 80076
59101 164297
35000 1006045
9026 396492
39324 604641
57765 451351
21583 852747
44367 745801
30376 729293
10146 866851
3458 12802
2468 914676
33799 634527
40341 260505
61553 570186
35000 1006058
63313 665368
17849 975659
34895 829998
16594 834921
10997 440324
42458 768051
59652 634110
26476 997815
32147 943287
6004 977412
51277 792040
18203 275268
35000 1006071
48763 880245
2325 387164
62130 64074
68500 968466
13450 686950
14024 368782
29379 618393
27425 47194
36965 575212
23352 226342
24682 661957
66048 796335
35000 1006084
5647 371273
33951 235075
26433 598623
531 361363
58263 124916
2794 402556
21874 998056
6425 126099
53435 879045
34424 107539
33713 938842
42038 55481
35000 1006097
11345 388640
53310 977119
32763 577815
11058 40979
32603 566937
52411 352886
68292 715564
2233 494762
68834 351408
22196 927399
33943 485823
51249 566953
35000 1006110
54816 484086
57299 404049
37898 963798
63096 589278
51401 131939
60729 582078
16538 543138
65664 930191
36157 17893
22077 545988
7278 445773
49892 103136
35000 1006123
8710 680022
5175 853084
64955 439201
10604 20763
6554 820317
38680 583474
10251 522795
11028 911978
41749 700538
25385 266836
30862 251666
20971 153964
35000 1006136
20796 962619
17625 600218
9585 508834
23723 250807
5142 563392
2095 94293
22044 741137
47183 478828
38660 175216
9123 806554
34075 569351
51415 233312
35000 1006149
31244 320132
15368 487679
62444 160865
931 180376
65515 473303
56127 479142
67711 162986
30191 501792
59531 306078
61384 630229
38014 31338
39743 114295
35000 1006162
11230 12461
55512 488534
4838 244795
16520 886758
14952 567848
32851 854567
68057 179334
47111 220555
68733 636229
10856 507099
29287 653743
23359 674894
35000 1006175
66409 185696
16533 503693
67078 791504
28707 467827
26061 442907
33857 845310
20243 13007
7491 785092
14774 348759
25537 219379
60712 1438
48459 67303
35000 1006188
1127 378629
53888 427825
7314 801508
39979 183272
21520 120012
50312 325189
25881 494958
64876 997904
3746 802787
35173 86274
15422 576561
59499 436683
35000 1006201
30413 298584
69120 557755
35924 964122
41026 572688
63388 344602
33968 836830
34478 624119
67866 893017
30763 717081
16283 237512
54132 704596
20549 605771
35000 1006214
67373 120839
34592 895362
43109 28907
57613 528500
18949 830330
29653 248677
37115 232774
11995 481273
39008 487327
25654 659396
56105 688228
24285 452817
35000 1006227
1098 24968
41415 235704
44448 873280
39776 272423
5148 914118
31292 692601
2139 514540
54143 506383
49684 889731
56912 13115
59945 483534
46438 246392
35000 1006240
20258 803154
34992 129584
29871 971425
47894 964567
36486 828158
59818 505258
54770 559452
27142 176611
10130 401647
12756 735441
3553 620182
52710 257665
35000 1006253
22574 658317
9035 265401
59125 18539
59502 257833
11859 632388
2961 327862
37952 967646
69175 74633
14777 230524
61341 363765
27881 975599
24118 69717
35000 1006266
40980 631653
23579 598075
26083 560860
65798 345646
56660 660522
37690 16353
11315 293469
54819 937675
31262 261344
24796 205698
35910 241553
2675 533655
35000 1006279
64825 87927
45822 29677
46022 664623
67016 448170
16374 645852
13334 40127
15460 482038
13390 829437
59210 695430
38099 926595
65590 390986
66182 668627
35000 1006292
2455 558826
7977 658464
66265 436296
62666 759636
52820 845495
48000 720820
3405 126008
63541 9658
69114 408849
11944 913770
26261 160465
29270 336693
35000 1006305
16307 331466
63914 158120
17772 612084
52172 721881
27086 839027
59590 621155
53201 98004
62537 818556
39393 28874
64326 730089
49241 961615
51198 840752
35000 1006318
43879 998798
43952 351505
41957 346481
8751 586543
17909 996331
46964 897217
9650 757171
9514 367543
30129 341591
25205 85690
51471 739842
69486 238940
35000 1006331
48519 848362
62372 877969
21792 787478
31598 500489
51904 263685
22777 520619
22493 285498
51459 888865
59884 611264
33474 733779
65376 462562
46691 168767
35000 1006344
65476 753325
4486 950810
29424 197445
23296 507192
22898 570614
50877 204872
1189 750069
52334 112088
29055 376996
65764 147513
66728 944559
35487 418920
35000 1006357
21973 86326
7270 49400
48879 392423
37068 732226
45822 482288
54692 173857
14164 496714
29272 501898
67045 687447
19915 328736
59588 898353
43970 505618
35000 1006370
772 904079
17999 712821
59257 427596
24115 853107
65083 61019
63478 537795
63170 972922
38847 181865
9851 676755
42709 796743
43243 62556
58315 269130
35000 1006383
62275 918708
34329 62457
28700 384480
51934 895189
28533 259906
14804 301808
67869 731551
32024 511410
51127 60442
33171 177198
8990 715111
38518 923313
35000 1006396
41773 18419
35889 419919
31140 183484
53871 121071
68964 731166
33879 602704
59501 934211
41886 266072
841 698307
62485 385410
38155 46554
18567 260502
35000 1006409
52448 32222
46035 289687
17451 70536
21657 815198
18882 209623
53253 574712
12903 738642
23109 987214
17988 846013
34764 733023
60963 59492
47373 526221
35000 1006422
61959 663096
37084 522945
27405 689412
58797 911473
47702 344030
14901 186826
61310 937562
40164 600304
64374 327780
8633 432926
66056 182019
66559 558696
35000 1006435
52667 92655
16606 690113
33070 244349
20385 415372
48202 253874
25270 455883
5696 354917
47615 304975
11412 25156
60413 32897
162 542620
22220 785251
35000 1006448
24700 449795
25125 790615
22720 138119
33689 714000
37177 887377
49747 159407
58907 742725
27312 862705
12127 508461
57436 869482
24498 258844
13909 148086
35000 1006461
61125 214344
6567 363837
52788 360448
68762 577129
9231 49723
27881 671453
19460 410277
42630 325628
34735 747602
45409 823219
33416 796986
62980 898614
35000 1006474
9624 843875
20517 219934
39195 144291
46474 55491
65787 367203
43837 796776
11553 645484
64580 761862
60294 284512
50782 385015
25513 125947
9001 844392
35000 1006487
62404 386785
5257 655258
28943 585585
53126 791103
24917 249905
66057 53373
23474 373219
59248 819758
62086 162717
33374 479074
46410 737549
3517 294669
35000 1006500
19456 307637
16414 366438
43727 808182
10750 891112
26213 797768
8454 684157
15324 931636
51224 243827
58707 855309
1192 231385
68853 51184
66630 844858
35000 1006513
18479 945666
29247 318978
51885 321636
59035 829057
35013 470649
43878 486160
9265 140754
16555 968144
4564 231020
24548 311050
64333 553287
61764 443980
35000 1006526
60803 996946
41232 670007
48273 415598
2133 410021
8970 788298
14095 622265
29068 993743
9610 510710
46163 16721
24285 679221
14645 644186
26081 933475
35000 1006539
62589 487599
7052 524695
46794 297798
14889 105974
17353 956155
26268 11752
65359 717279
62993 688406
10475 439336
31021 85674
43511 569742
21713 929204
35000 1006552
67562 712061
59374 899395
4026 773795
1684 660854
27162 24541
20552 480706
47084 135347
10645 115694
47269 35287
59997 263509
34792 473297
43561 402667
35000 1006565
13308 35079
47355 623366
8935 416924
31257 880707
51414 94911
11517 827112
1523 987882
58195 695118
15796 882336
35154 461839
37455 45885
63676 338584
35000 1006578
11882 157297
48869 546418
47445 47125
12089 28628
45376 525756
68913 805802
40206 108249
28109 576879
50651 985068
17895 950839
38798 944227
32179 802432
35000 1006591
52580 772178
5919 232168
48312 434983
54449 938658
4813 177903
61531 627693
56663 695599
3252 246198
59361 594147
21472 177081
58483 428394
67947 798105
35000 1006604
54202 440313
68879 51697
51086 224900
56277 26209
60559 842349
36470 135448
59108 420787
42635 586183
67768 4948
55046 884264
52752 643778
22113 630079
35000 1006617
23855 455517
57827 60265
21893 254840
6735 746000
38563 736553
29377 688321
47060 902058
31022 158277
26017 905001
1030 99749
50935 231225
46646 790528
35000 1006630
6838 440893
28137 827819
14247 929770
57563 826596
28523 852703
18496 247598
21261 683521
20105 580896
5463 174283
39507 437824
14440 503902
64884 375288
35000 1006643
49652 250817
53732 868530
63074 791337
7909 426409
61418 370675
50044 591779
9901 745714
16011 676043
12008 184276
64486 936905
22245 280419
50857 308412
35000 1006656
41721 706412
62009 620872
29500 528708
3586 66233
38748 487446
16352 687173
10540 969826
28263 892953
60701 338771
41920 181384
62377 594866
48766 994941
35000 1006669
5058 531853
51243 708404
60902 153026
33044 565572
58544 19282
43180 92564
20186 431149
45931 837247
14685 223698
27775 684207
31088 989661
5147 540073
35000 1006682
7380 688238
32137 88211
7776 359268
33574 945676
46482 962278
37974 93597
27338 79659
47589 670550
60405 171774
67818 519246
27766 409925
2907 955700
35000 1006695
43571 484762
40519 453201
29140 504074
42261 629257
37590 381373
36315 73221
8966 440340
53472 107065
66540 745113
60817 753178
28996 420163
38232 792412
35000 1006708
37945 484965
40310 2542
40441 193432
20870 318727
65837 631619
58872 822882
52476 175861
46712 793489
30919 832044
28436 32450
51374 398836
39727 215883
35000 1006721
54899 647743
55039 881580
28824 574016
53619 658787
15724 107641
41798 706249
41795 636736
21073 249069
4832 74516
16491 890969
17542 197221
59028 804606
35000 1006734
34107 124479
14941 479135
65736 28740
33191 109270
41329 869572
24131 811257
42603 843108
10486 582599
35640 423332
13562 78338
51333 113400
58954 106633
35000 1006747
51094 461034
67386 131183
12516 741466
28278 678190
59613 137804
59513 564059
41095 546959
11193 903755
13242 698003
47022 280173
61423 910741
40332 600824
35000 1006760
64306 438253
18119 436178
56110 806120
37227 85181
49571 342809
53421 947613
31108 376625
36167 482420
15961 763847
33679 307084
51162 80010
51466 112506
35000 1006773
35365 858930
55394 859060
50284 519421
7877 460897
50447 314085
33707 534227
40769 667522
4108 89265
52577 861330
2105 131445
22087 418876
31702 960886
35000 1006786
29243 330184
35506 372673
39763 250454
1693 291295
62774 69006
67937 889947
30919 365530
59490 458685
34220 783046
2334 561321
63702 755601
22968 548736
35000 1006799
61646 220318
67497 888681
59987 535620
35442 94041
51577 72573
11403 289449
19661 728817
1045 17388
28617 336545
1773 31685
20054 494017
30176 131866
35000 1006812
27220 746070
62187 406772
67005 58638
1691 811264
33816 285590
38830 53133
41813 730747
8730 995908
1925 429701
3808 829669
53574 769612
23512 484035
35000 1006825
47878 949136
1610 957071
51640 817256
46345 699714
26522 45631
25741 223470
46847 124111
30771 226054
7707 478037
22311 751841
16909 747760
61925 393893
35000 1006838
34184 14008
2632 241602
27591 248322
39097 161816
10269 543675
40102 597729
64070 231737
1181 657698
68090 315994
66283 195988
61199 769917
7359 823700
35000 1006851
30581 870480
12675 72427
21004 271500
34416 301270
13157 237809
45100 474207
10659 699632
20522 266013
15971 879104
61036 975374
1989 636147
45481 882389
35000 1006864
52053 469548
5108 305496
51272 421492
28999 40035
54283 474693
63847 561170
2586 514074
52827 105889
50321 864398
56415 914480
37847 163185
47022 514640
35000 1006877
32922 503311
1270 548610
35627 700059
61768 295708
22764 518939
21197 266357
65019 349607
20664 951185
31664 245372
14881 658968
67086 405848
46510 244930
35000 1006890
54409 747909
8597 346431
66170 477249
56315 541908
50152 908176
59381 427116
31805 849721
69601 513493
33325 721419
7198 484670
21095 785128
41749 948376
35000 1006903
61734 283194
36303 861775
33283 155952
25864 147628
37677 86404
44242 902861
9238 965927
5535 726950
33417 226348
4361 597656
47070 507116
23460 615695
35000 1006916
64670 517271
46661 582277
67875 592551
7801 126020
27822 135794
57379 193240
37802 19504
60401 504139
14888 752304
2168 786906
19379 910537
6817 75775
35000 1006929
22833 446877
10019 262444
58049 86355
48624 326921
46377 914116
20454 86455
27115 802201
48503 215642
20784 210890
48986 34192
22550 890996
60359 444346
35000 1006942
45725 314605
28076 523546
47416 386584
9855 823386
43257 996746
24073 443093
1545 259220
22378 157434
57158 469957
22327 257460
15483 826064
6592 521766
35000 1006955
4792 192787
6870 654382
44298 642062
69928 674844
10478 402418
68193 911575
24834 366756
42247 645015
13009 399091
59931 198162
55587 71264
11438 597327
35000 1006968
61807 930136
52961 963640
47606 795587
61379 808612
66296 454005
6157 749310
31455 350804
42915 603137
20895 623112
41455 255952
48238 931216
61783 102790
35000 1006981
610 898140
67475 305581
51366 430992
43305 90793
22076 679305
31027 181169
44480 244451
33919 758503
44912 564102
9127 164096
13730 589389
42906 662117
35000 1006994
5256 768683
20342 395814
35686 140020
43198 917084
1472 739453
13707 946467
53077 697824
2474 169992
12398 743766
44482 995123
29422 322484
38141 177886
35000 1007007
51958 589772
48026 480672
32188 747499
50813 225358
31841 676404
27228 36855
25390 765089
2335 447132
47815 368
18506 360650
16901 170283
51384 770678
35000 1007020
41160 177538
19891 398837
1373 44482
29763 530943
37815 628847
68317 26864
65477 957628
38495 524312
11165 517191
46611 88169
45610 106576
23028 911828
35000 1007033
26620 294348
69977 927817
58449 977221
52278 231909
2463 135582
60172 839147
12315 56438
58813 420021
60108 646593
62636 472654
47405 91558
16010 714234
35000 1007046
10642 807271
68833 577790
1411 333192
45558 831426
55358 31268
35268 510498
36856 122539
6891 588044
39890 984220
69043 870344
9898 623633
65156 749585
35000 1007059
64239 371268
7667 100508
21400 183344
53419 84830
27106 280731
22748 258269
14856 253327
26333 960213
35594 768184
68166 703912
2182 89140
48835 757581
35000 1007072
62497 759152
1818 157602
37781 186539
45620 144615
44479 82469
56178 594267
1300 57976
10807 780725
5605 625256
51862 924334
2733 555758
41653 909909
35000 1007085
46042 970391
62437 221650
20777 523921
3033 229259
54190 760520
45788 66444
65349 849398
3546 957672
56161 93817
34549 65433
31833 943583
14478 921195
35000 1007098
15461 885368
48623 300536
45042 534017
47623 932161
69882 760777
56600 124047
15882 484996
54143 372995
58449 408555
38706 313157
33008 966156
9208 10366
35000 1007111
61192 747716
16796 325399
48630 528297
37558 489091
37611 46489
50195 386642
37539 217373
10899 263754
59047 419220
61597 714303
41641 958022
23349 788196
35000 1007124
21588 449597
69745 420592
18922 378686
28800 512220
6951 104948
45776 833359
66694 96354
20878 533096
44019 288234
30224 221976
44485 368940
43467 343795
35000 1007137
67568 576590
14967 123251
13844 644413
12651 523777
31612 979455
18902 293665
57850 590899
21641 802381
52992 7035
57678 697636
32933 245631
6405 575338
35000 1007150
26657 169515
6596 930454
9671 696019
2034 956108
27879 860373
37687 89504
14141 193044
50459 374933
15171 598316
22880 23619
21642 611773
22157 969524
35000 1007163
3358 958545
22579 122894
61673 382307
49132 935736
40373 804914
971 571842
25050 104752
43450 91817
38332 378489
19708 666344
35191 830691
48434 47071
35000 1007176
47893 96334
48656 919715
50380 664586
46416 103038
53268 750095
47970 488660
59852 71591
65526 886973
33535 56428
21933 417604
18947 92553
3875 517204
35000 1007189
59145 832519
63569 797294
7704 598639
27605 919606
37848 852311
6022 382412
20247 513925
39049 868264
41066 584181
41250 290240
68458 389761
32101 939825
35000 1007202
16005 309935
47513 659202
3353 108026
66698 124382
10742 147815
29219 575090
24333 456704
36373 384657
39573 888395
28013 326993
66971 414069
48888 507914
35000 1007215
63418 477480
65511 8995
7447 357087
66812 745104
25521 360506
40522 469978
31225 680181
51605 137840
59969 623021
6353 655627
55671 321996
9356 185696
35000 1007228
5250 300697
19231 898887
51343 486887
36535 379255
26746 273245
69650 363789
27126 385092
3331 823094
45839 885522
58841 100814
59668 996007
16794 101350
35000 1007241
14565 138451
5952 928599
42026 206941
61783 420675
28856 336030
20897 396115
4694 310231
57186 141493
64652 625026
68185 920438
2129 341348
31951 495190
35000 1007254
2705 931778
19586 406061
59749 352550
21285 421078
20377 762906
4757 406229
51055 532673
55751 612702
11529 402758
18572 215360
295 45243
40061 227598
35000 1007267
40933 95685
43760 428244
21610 153002
40025 293723
32770 704684
57864 498955
21969 941724
66429 441289
34355 876511
15492 108916
3258 581030
69606 959447
35000 1007280
37775 225160
4685 902629
15019 357088
42787 771162
10109 223595
61911 840096
20695 179768
1361 199869
56313 91489
3557 232085
7272 608206
13929 41666
35000 1007293
51274 421729
14377 840549
30744 522155
47485 508507
40177 158491
65193 183667
25331 914166
118 928855
5767 917075
21444 670319
43720 203810
62576 467877
35000 1007306
40495 207792
37530 694852
45645 855858
38879 167727
66804 609749
61653 919543
67381 648671
51035 889960
1653 641663
19615 176571
61124 204728
17658 419288
35000 1007319
50548 89462
6412 512353
51118 227792
52463 168673
28100 522579
28169 858741
27025 815178
62499 20206
36987 690025
61143 82839
1934 427345
48073 615556
35000 1007332
20818 51946
51116 415977
49425 777769
64788 855014
20241 519680
12768 353078
19753 645944
22662 713799
54769 899152
57729 296748
26961 965010
23612 534161
35000 1007345
60637 460394
59237 195070
46833 622406
54115 761274
51054 380898
4921 332866
41587 780622
58071 767874
4431 299221
64028 804448
59506 514875
32453 970908
35000 1007358
57965 962139
37144 670961
23322 426210
39215 776560
56815 221915
39273 973821
35274 708968
21852 833260
53111 894588
57616 237117
44262 848657
57401 560795
35000 1007371
6779 465546
10581 263642
9257 230044
34457 637859
59700 157859
39436 414363
9879 586751
27241 692337
9739 846200
3690 837302
30561 650263
57457 753497
35000 1007384
49359 997179
49414 484895
10030 156715
67234 818613
36041 937932
46829 36151
10509 637711
56224 658305
42335 433637
45370 432856
22742 947176
1895 166203
35000 1007397
22882 619078
40613 782646
64531 670430
25354 659910
3066 59780
21494 736888
28130 916641
67261 405629
43978 377231
22195 436648
62637 405666
7062 684763
35000 1007410
52669 736394
10527 882581
12888 555879
60851 526709
33755 564211
52480 949720
53327 867932
8046 380806
6972 298755
32770 953929
6453 398203
62885 822113
35000 1007423
11122 908066
16581 645731
34548 852411
64134 642068
37938 139467
22982 355877
28434 729377
33633 167707
48252 242256
41382 838076
5596 957687
50502 828247
35000 1007436
704 857794
34467 771122
63402 534123
3067 186528
22452 674405
1062 821368
59601 475447
64469 10674
42492 420841
15681 462512
59395 323816
43794 238003
35000 1007449
27825 713821
1452 652321
15699 141668
14654 784879
48271 288470
26748 115548
13714 408147
422 662897
58766 497653
49395 706918
36352 434034
54839 96791
35000 1007462
29694 557618
63723 660631
4151 224480
50057 676384
30591 141445
40455 978609
61964 584523
47581 711936
4655 947437
52633 890487
45494 839316
58933 749695
35000 1007475
12717 177959
22034 380177
34690 627739
68032 772415
63964 689637
37681 511161
19209 887023
58994 612942
3620 281546
56562 729317
47113 500503
12393 912606
35000 1007488
47426 753725
65307 962518
68736 742383
53801 412128
69416 440585
28712 673304
36124 156003
56774 534760
4743 454609
35189 121464
66089 582195
16882 757066
35000 1007501
60609 699297
20354 691058
44670 40196
53786 696421
9121 800771
22036 629701
59841 568121
14977 420181
1895 507286
42443 277990
33906 192891
30396 756422
35000 1007514
25899 606031
9397 389027
50274 275075
169 181708
48218 526370
27021 305593
45673 710090
37306 175979
54263 777148
65046 460192
35725 433130
34983 858915
35000 1007527
14170 731442
11476 477789
50426 539339
45566 144009
59139 541901
30442 429092
50169 775588
6096 183810
24957 383435
5253 621101
2163 695479
41814 477898
35000 1007540
25927 343966
23650 534464
15567 836086
18973 359477
42808 117558
63939 455360
35960 757644
10675 807777
22640 142295
66607 80593
52867 425365
7018 220071
35000 1007553
11328 448228
63168 718992
7237 7104
66744 715332
68954 920852
44257 146357
26263 950777
28589 975069
19392 724825
58012 812100
19817 139785
58976 122499
35000 1007566
24784 239765
35164 856038
11665 675069
43550 232784
49853 171876
32001 282059
32842 778783
18903 588037
65822 576982
37942 473556
44003 123029
10598 637717
35000 1007579
55375 630198
39093 947667
21548 18830
36263 313288
63926 715574
16996 137701
1990 221801
17591 24185
3714 166255
53163 41723
44727 634677
42940 846116
35000 1007592
52781 219198
64147 589635
21294 460554
37384 214053
5475 233515
60051 805975
19635 424392
35884 349685
61556 552851
65472 430587
69484 35546
12406 650723
35000 1007605
40028 238857
69413 331031
31922 750428
23926 957413
3281 41382
50378 546076
48538 135458
32441 441713
50696 138591
37215 118643
20132 261685
27442 461216
35000 1007618
31596 383924
41795 310285
20915 663775
66661 378418
62141 534034
19020 556127
67104 954052
40298 990539
23727 753476
63997 394013
59806 610933
16695 268561
35000 1007631
2500 588487
26900 966414
62792 675687
9652 505242
61757 84971
55014 482666
24186 793195
8845 320263
57346 844586
16724 763645
24509 630412
49603 121642
35000 1007644
64766 341635
18601 654401
6482 526547
63438 179679
24656 918500
33182 771136
5151 113577
59028 702116
13671 694610
34611 603300
8318 934482
43178 482474
35000 1007657
2457 664784
27458 776024
7357 714330
66871 809063
52721 144514
64418 860369
22103 535365
27360 129878
16103 601953
7761 784142
60092 799771
68778 952043
35000 1007670
44510 582755
39164 747998
12238 478308
63272 703015
29959 956830
1859 707695
67653 690781
41327 686917
55875 74858
32072 421463
49446 707109
22461 329883
35000 1007683
57121 303135
10064 735205
3659 637349
26371 877947
27920 473005
20399 325947
3805 484245
47611 608656
66439 990578
23171 185111
61900 291167
48411 103507
35000 1007696
230 520279
29580 689005
58017 247970
49059 811348
66221 39293
62872 777663
37475 953759
4459 836005
33284 48037
37824 726927
21750 269501
55619 647550
35000 1007709
34386 585727
3892 541506
58229 833191
28639 818916
62782 990190
9525 60796
60841 3604
45205 923495
10315 439446
11449 295640
33660 715514
56628 191790
35000 1007722
41883 342446
18931 605298
64685 124431
63737 716547
44580 385165
16138 459031
55099 999728
34034 292250
21042 906929
38082 393101
11553 547791
69700 113882
35000 1007735
46143 951944
68048 491278
39311 666927
37985 856028
56211 159884
39061 676731
56046 423396
25913 462781
5133 112670
32113 787658
27857 310069
51048 259931
35000 1007748
38913 296361
66119 639156
34680 929003
52393 42748
52653 416155
20033 430462
49624 788847
2132 402960
22228 767451
19924 254665
46452 163231
11689 371482
35000 1007761
24799 318192
2277 19463
38177 226612
10744 969616
64758 825120
556 992106
36022 285535
19408 878409
38255 668519
26873 211408
67124 819940
37279 773280
35000 1007774
15661 270896
45370 508113
1018 289404
33237 96210
20969 48182
8944 220999
58987 967611
32390 172643
42360 435659
25898 275675
13358 872287
16126 151147
35000 1007787
1233 800123
37487 331175
7793 49288
35445 994479
20895 285469
7364 775579
2124 650785
17426 874003
9366 674032
52017 614344
52184 481830
11278 643197
35000 1007800
27465 416811
53077 165260
51211 269582
3122 331808
6920 826119
45186 741599
42490 211127
22911 60051
41879 430198
7001 421692
24644 10602
26594 647145
35000 1007813
58715 446325
53938 28720
59920 453422
19171 333802
65426 411470
44380 66915
362 876814
49709 39410
41370 575482
13081 87427
8342 49671
38330 664719
35000 1007826
69188 768290
17476 612527
31070 308688
33576 464814
14279 397680
67768 589887
29240 240590
33034 902145
4480 181618
65781 539147
43601 145864
48172 583396
35000 1007839
46448 547000
51782 454446
60706 280937
32195 103946
63280 218033
52193 665908
9269 686865
29821 107326
54858 867725
21031 126723
32649 620474
51256 544092
35000 1007852
38248 249484
17504 205594
44018 837500
32976 69867
31201 450792
26193 322271
35002 252887
48527 558562
47948 761018
7920 349544
13868 191545
2594 362479
35000 1007865
17682 178470
6308 236500
47013 14611
1319 672304
38585 3102
29167 415836
50913 289821
49075 474375
26781 648081
48401 493042
45988 675617
16852 851064
35000 1007878
56178 535253
1463 505423
62469 412343
59631 692315
60324 878948
14747 614644
28647 897510
39723 203251
56996 835671
60213 255888
29511 679417
25430 999772
35000 1007891
3335 694278
21198 890551
21132 528485
44097 191412
8645 582213
44108 392276
23942 681621
51098 530974
18967 585044
58140 857830
55310 760053
26012 371863
35000 1007904
38878 681765
59354 194887
39162 230363
54038 626577
46584 978862
36749 437825
3544 27386
32595 577291
44432 495166
18306 144598
47964 251538
37775 366201
35000 1007917
28293 401844
2219 492207
8907 414646
6010 93219
18403 761932
20173 247181
57287 325152
67998 624338
61590 692712
68275 377834
16961 748934
25825 807633
35000 1007930
50067 234736
65531 820773
54551 80898
23073 370907
5030 307858
4987 515051
38516 139281
40415 183359
16640 628273
18044 5236
9378 243738
53375 640778
35000 1007943
48467 571486
35589 643007
32656 311685
65896 177830
68865 667988
47945 175769
37381 928051
43750 211531
28296 28969
34235 343253
64517 315924
21738 780561
35000 1007956
64392 743538
27972 677511
34948 68441
57685 81331
39305 420789
38744 320291
25936 426690
17277 941013
41517 341378
156 476950
64097 985833
35922 69896
35000 1007969
44296 336843
5504 263456
22259 449465
69673 458900
67042 513233
31691 860488
10444 682233
25346 215317
53281 476460
3519 107990
31126 855699
26994 237717
35000 1007982
12546 427605
23921 362775
1746 877696
53385 953423
65104 849818
14647 899310
34272 924199
241 370484
49006 20196
43903 332646
28240 756538
62241 969241
35000 1007995
28312 997247
128 626909
63772 878867
34228 362056
50198 134256
17193 428870
52694 899783
48134 608223
20882 151972
26619 130694
50239 360836
23029 733233
35000 1008008
5865 491391
65169 927510
3539 596316
32384 339818
4261 571371
67250 391273
17225 716046
56342 823676
3367 937144
43845 470636
42154 974143
18625 979650
35000 1008021
42493 423768
15795 734878
63633 714037
4343 74937
61037 905895
12467 309803
1526 392812
7852 926222
4334 434847
53328 584563
49404 469500
57974 309728
35000 1008034
46682 461645
32734 797174
1043 668933
17484 412369
11821 871356
66327 36400
40714 84666
12790 871160
56434 729115
36356 218881
30675 227287
12279 664377
35000 1008047
60007 332119
57063 954921
41090 226610
18565 217099
63056 41974
15996 77840
34391 726160
35830 749395
66036 66694
55051 727488
14764 888512
5151 488620
35000 1008060
24802 938749
11124 9639
34354 329442
11232 578069
4228 567183
65407 878455
54845 371093
19691 466040
24896 586839
31565 51592
37460 480189
23014 283048
35000 1008073
35197 805285
67436 22754
42024 757449
69645 812468
45726 108001
45816 229965
55538 505357
61499 604227
45063 672624
37749 484130
50718 756252
27813 102585
35000 1008086
37110 275232
55921 982833
63853 94733
8962 895749
67461 968481
31931 840088
58471 410455
61541 868267
30600 314302
17590 19930
14967 334871
12973 483905
35000 1008099
11794 2900
53433 555848
53700 838703
5630 6079
2463 583484
58199 964908
11245 255062
64035 984082
16713 577591
42997 130513
14281 808255
10029 712316
35000 1008112
57238 237999
49065 206360
46678 629299
57337 294480
49487 237852
41313 563501
9171 679102
22627 675983
44137 839294
40575 256577
24669 710802
62390 104191
35000 1008125
38181 229269
62254 37482
36425 366849
42703 222914
38230 79599
3880 262567
37174 123744
63336 657510
69909 65863
4477 963755
28044 538193
26018 302381
35000 1008138
65364 321381
17690 67125
3581 201006
67719 533484
15867 12252
25524 603005
20402 145906
16971 284181
477 138253
35461 251133
42693 345055
6172 628844
35000 1008151
41824 696438
14262 471962
17868 4573
69655 181480
52286 15053
52710 895115
38052 995517
40965 598846
60429 98242
46019 734606
41786 38852
33395 738142
35000 1008164
21511 861697
24802 231915
21919 766855
9000 809501
16984 481164
17631 667132
32891 318158
3550 456917
66381 350762
1483 398846
25537 494548
4667 91906
35000 1008177
47373 66407
63752 507869
53917 714909
15847 550828
24001 771525
65362 455128
33215 287017
5867 870412
5847 100350
63651 683787
39370 946376
5429 999008
35000 1008190
45795 662654
56731 893102
61182 150353
18595 315875
30146 716446
66179 304109
8877 253424
19457 148789
41005 137668
45258 55204
20190 805616
52872 718239
35000 1008203
15038 82646
58573 674745
14626 217755
50613 177630
53272 416975
18936 131191
13928 661269
38885 471960
28549 331532
45000 272991
47835 556534
36514 443526
35000 1008216
66038 541409
2537 203040
56250 854792
41524 391808
50078 833946
30453 385500
33906 744203
46252 457764
6954 656698
37137 788019
42765 682756
40434 31999
35000 1008229
19070 443936
26644 752694
15161 225256
44186 258750
21576 385619
60563 603221
36356 171791
63367 195204
60175 956068
26383 466153
59895 677172
24521 896677
35000 1008242
37064 492343
33744 422599
21439 435450
47918 418143
33978 93117
22469 783199
67830 955743
65740 17152
20381 239359
34308 165630
6222 822240
61218 850721
35000 1008255
44793 673661
55995 785051
21129 994214
63683 337865
11352 747094
45412 502858
1498 20895
57931 348724
30049 448335
33680 926854
37303 745793
29988 135400
35000 1008268
5361 413053
16285 411860
64864 592838
60591 308676
5704 825069
57813 951304
10312 652434
15409 280832
56702 679822
48239 634706
40156 874143
17454 635056
35000 1008281
13605 656998
12947 620989
18647 757233
31515 749535
67481 874346
15504 661944
33360 932972
27325 238154
31647 86894
38632 998279
46078 926374
61204 825794
35000 1008294
14695 767289
12180 799081
55347 914082
66938 606550
41487 613961
4141 208689
7971 609387
19645 711687
53011 97759
55642 797883
23475 270616
3461 817306
35000 1008307
31127 200230
66933 710195
51563 511817
55236 269583
22217 926225
58745 546110
46643 12757
51805 570718
62655 99926
17090 139523
2377 196855
5357 843772
35000 1008320
51586 733104
5421 218281
28790 590408
42890 426719
33962 188573
38444 290482
51253 577611
49645 958751
34630 791844
37687 898515
50489 396423
46753 514572
35000 1008333
29200 434215
8781 773451
20396 229376
14226 626931
50804 827302
60495 167148
35085 660970
61111 300327
44949 907512
11457 856818
67289 772166
21786 844435
35000 1008346
39417 239450
10001 500922
63891 615341
11747 417820
3096 809808
10508 187034
16478 247950
45932 299901
27267 849798
46875 587354
6297 126591
11627 212405
35000 1008359
46766 143996
11094 508526
24677 372048
68535 280411
34575 846839
9832 478346
25542 454883
53901 503755
27333 72998
33854 436062
41575 632951
13557 786752
35000 1008372
11519 577140
30130 261406
5905 521842
29468 631557
26391 552951
40281 559471
52984 218603
52484 975438
40995 64903
50277 766290
66510 407547
49319 370899
35000 1008385
16247 115413
27955 111059
44835 347659
8042 979649
66795 425006
58308 630607
38400 796044
19218 587396
68654 884102
20824 332875
28406 15649
23819 350582
35000 1008398
47207 73268
9560 169139
67568 337281
61383 234804
42172 500791
32442 157210
42376 447936
52763 775838
13521 638179
39229 87300
63802 871375
4494 491994
35000 1008411
61035 557959
60557 471952
3247 791436
36830 369300
13279 241133
67673 152629
38822 635722
61546 919413
291 883679
49063 41629
55546 454311
28867 807927
35000 1008424
12282 900342
60786 193374
43367 474873
62390 789218
66758 789580
56316 401104
6697 747029
55918 621428
50896 869288
67450 604832
1094 924909
54399 319698
35000 1008437
5634 644638
2345 704972
8297 177779
16989 490677
63287 109870
44234 31645
5509 695660
50388 617440
52894 868312
22900 370586
48692 395535
50248 874972
35000 1008450
39115 267135
57488 49741
21880 521081
44359 82867
17733 778676
4627 867368
65839 938830
13986 942718
33201 63055
51833 357815
5471 218129
43945 405596
35000 1008463
5835 284097
7558 545747
39126 656848
27880 934383
57535 261675
44258 705034
69658 800057
60651 719515
5991 726380
19098 445339
46496 8673
32618 197621
35000 1008476
37936 189957
18210 676838
12807 34506
7519 219065
56077 372343
55943 733618
7725 254231
33983 323385
42325 291441
31051 827175
19838 842642
46317 454241
35000 1008489
9488 871311
53222 943892
27725 172649
40436 609587
23534 211540
35854 986103
10874 610323
32203 162278
13321 269886
33278 759908
21359 38076
17541 788411
35000 1008502
54081 9740
56286 795135
2439 255003
24189 903164
61444 308445
53974 683379
24567 173096
1984 877732
21968 980002
56935 270059
25852 688219
14349 112417
35000 1008515
60729 963361
26929 124142
59751 170241
32719 278385
273 959362
47545 180016
62333 403806
62676 81074
39655 301145
58088 457823
7669 667883
7972 725536
35000 1008528
66864 729776
66851 931002
10814 644983
25662 682164
51238 228610
36258 387975
35713 179167
26799 667029
69535 297585
32684 484180
58203 638389
62335 264705
35000 1008541
52276 564274
22056 320877
68238 459855
61320 291752
30089 67435
11938 957362
3578 761350
3938 805347
61854 518806
47536 749705
23749 163239
6136 509482
35000 1008554
33387 792363
66552 15436
43081 489
43366 118411
45318 395930
37850 871006
41437 741984
45354 212378
52469 308780
6559 605767
63609 976832
49267 529294
35000 1008567
14652 129491
19795 778047
21162 747781
49396 269053
30163 872511
22659 775287
43101 310929
68880 187306
1701 66381
58460 955170
49124 746651
2637 65471
35000 1008580
13424 371102
66003 534120
26997 793958
17508 179275
8061 746857
46106 475403
51995 570353
262 477379
38409 77217
32127 965924
52541 638504
22977 952378
35000 1008593
34096 374562
6761 715488
32857 737917
12231 242577
21879 626583
62788 521945
23324 542081
36972 622657
62786 338833
9786 375637
47282 586994
42112 4228
35000 1008606
69503 173933
23965 495041
64303 466280
69001 333805
38629 709237
38639 13256
55241 99848
41237 233978
46037 653450
5282 776760
66467 70963
29550 796962
35000 1008619
66661 634261
61234 17015
51833 133413
51478 582127
35732 129884
48495 921763
58146 765283
34838 884250
57272 792678
10014 314353
54624 743067
24361 282657
35000 1008632
69591 767841
49314 83954
56596 47336
64712 886156
69309 272394
56192 3116
10964 233130
22450 254033
51229 6804
36014 747310
49762 961643
13782 317717
35000 1008645
43662 806748
18616 599396
54957 711738
54101 393059
60624 260210
27081 839741
17675 916929
48385 329387
12531 383933
4264 400876
2557 867768
17675 623577
35000 1008658
4296 336920
59359 947524
25822 68667
36646 259928
14405 468392
5138 995810
64277 415325
66838 377623
68258 469356
9524 352616
57125 605708
34598 94497
35000 1008671
22165 849939
53815 708995
40165 221899
4962 993512
15852 762238
31260 978975
11413 781997
13843 186248
42650 739364
68643 391147
18877 451719
47511 716915
35000 1008684
43780 973114
57887 638803
22152 195617
40392 951498
8839 479099
50428 831910
36780 17794
21964 737395
40400 497024
43581 692848
42406 921292
27678 657404
35000 1008697
25267 942124
49115 245606
38039 641900
22634 401240
7240 654203
17285 134660
61690 367555
67460 635352
35807 866976
24865 413727
33411 775210
43353 181665
35000 1008710
4830 806123
51532 220862
27371 408848
14192 385465
36243 579731
9579 921466
58592 596992
41126 274753
24277 23345
13303 453147
69392 775742
61576 761278
35000 1008723
38398 408142
22668 500930
6532 607554
13844 144829
45188 747253
57553 395109
9683 715852
51482 893701
59567 415712
48683 687402
40986 190423
61962 119134
35000 1008736
18343 647446
2484 314476
3186 361757
7011 888922
52568 31827
27298 802364
241 840242
53676 20485
6088 347368
52406 23919
10308 792843
37968 756293
35000 1008749
20766 430568
41729 893554
30605 500771
7431 747811
14456 157273
49050 757693
21940 798681
66296 847962
62583 138961
24198 540052
13297 311582
67540 787354
35000 1008762
41331 318098
7561 779629
34264 796771
24262 663727
65195 149466
4778 562269
1988 47355
63672 987439
9926 911262
19469 761674
26970 537300
32006 200423
35000 1008775
20610 813180
50900 346364
14278 978606
37902 595971
19390 376915
44912 698631
2794 80338
14012 712074
50436 668981
49422 405422
12807 773426
64116 377472
35000 1008788
8678 266866
38324 539734
31761 663005
15604 22372
43176 208179
14836 707197
54756 934975
10478 276822
69139 401917
21085 9172
33737 709635
66226 131875
35000 1008801
36814 915616
57847 263613
55537 863782
31084 386402
17805 82981
26715 304161
22923 57378
11923 907255
44184 135015
61310 777741
61154 918773
48096 386464
35000 1008814
52932 478254
15698 171560
31303 803771
55490 966287
25155 807879
41311 862794
2311 23740
30773 279249
58751 115753
23940 577272
3877 38245
3173 616386
35000 1008827
20814 465204
23937 337157
43594 580779
57665 657503
68333 383031
46236 430321
35835 130652
63019 708134
14608 417370
63209 472680
67928 959785
61047 438439
35000 1008840
10457 871494
13435 959553
27936 442119
56458 733284
17626 357242
60518 20080
42645 703744
5563 85550
54267 853258
64403 568619
23157 106285
952 252949
35000 1008853
28191 890456
2643 435685
62932 956780
9993 389664
5355 478089
16147 671325
60723 168277
5432 679198
5366 449938
60855 998390
19813 62141
5680 766837
35000 1008866
26255 241941
17985 26333
48846 197412
48413 526928
4192 286590
16823 125951
4551 574578
59077 518155
52989 526988
45104 594436
54088 281650
14477 545317
35000 1008879
41432 134252
49053 61509
13282 887993
14528 705760
1399 732227
10563 576394
27600 830256
36188 670382
59123 177467
38858 637792
69628 304609
12101 680547
35000 1008892
45755 368365
44486 479350
45997 156290
53843 769810
55955 448583
53125 435328
22478 301431
67879 684524
34416 169579
36683 807979
66037 210399
41968 611192
35000 1008905
11266 449868
23221 918280
3371 566343
45318 790548
67338 22528
69351 283010
19033 471077
17215 926511
33273 820300
64142 417752
42467 966444
20123 789022
35000 1008918
58849 931595
8854 880188
1382 175704
18767 716127
9254 687953
33992 311621
50354 387012
64044 120886
56242 72262
26301 928876
10610 265659
35918 756159
35000 1008931
4753 222484
15699 415734
22359 782113
60883 937008
65766 875379
40865 180853
61891 998123
52321 873118
52184 887438
16778 720331
35247 809228
20981 869138
35000 1008944
10186 517772
17340 538139
25918 739213
69743 65321
55022 283450
35686 596975
17274 156696
7920 966995
27295 115028
58593 739863
1767 618472
31607 940294
35000 1008957
64271 331498
66416 398065
227 48093
47858 500112
18483 891132
69843 575204
22631 610904
17955 771558
47831 857432
45624 349984
46866 231558
57805 684444
35000 1008970
18810 771839
1903 156446
2100 200082
62986 512398
34015 908542
28113 878182
28618 103767
7184 33131
40794 778635
64862 734675
52750 213845
59147 455024
35000 1008983
26530 844528
30786 95806
48682 221928
47294 675698
3924 128837
8404 227230
42878 156605
35440 192904
49923 585452
23005 592521
10715 533821
19626 715249
35000 1008996
58332 899407
11822 723060
5033 783690
13240 946891
53954 200854
42917 502361
63767 4416
67354 910647
30034 7451
30187 895698
65220 568261
25853 302892
35000 1009009
39949 122967
21224 18259
367 242768
6695 781080
42778 48930
44080 328428
67587 875923
27529 453027
5806 379470
63082 296319
17890 915985
63320 580695
35000 1009022
24092 182572
48078 118953
60805 461759
57326 764613
51055 238856
25385 926626
61251 855010
3 933043
21476 917535
15836 284201
61542 113556
52848 910735
35000 1009035
52105 742849
59509 643360
21484 85907
5002 759248
24404 836150
55828 409987
31613 744973
36667 753478
16634 336777
50669 681002
46381 64131
55246 428551
35000 1009048
62354 769469
26030 319889
43810 576205
31788 175271
29398 983535
44688 143458
56045 907722
35554 815261
56495 938313
66204 285541
69230 402211
15766 658840
35000 1009061
54451 384120
51075 412511
47392 187041
1553 24507
20214 841326
3359 419699
40964 840050
61460 402126
4914 903704
52488 877314
4689 442328
58575 840117
35000 1009074
35877 797429
47577 163030
45816 958616
40609 579804
56954 523502
13387 233757
54024 223491
28415 412477
19411 312742
31858 248011
7737 551535
50513 914730
35000 1009087
23821 616591
3007 461321
52436 894573
58228 795395
5428 184830
50697 926238
45542 588966
36263 915198
25803 325403
23669 146617
43287 239135
62922 615310
35000 1009100
25632 197977
36183 379689
3609 444160
34063 331921
63409 392673
68190 366444
46607 5018
51650 267089
53428 66642
33544 152513
19158 593028
42224 748318
35000 1009113
47054 389414
12894 858224
43061 978105
44486 177504
18083 190337
22129 803316
3644 232771
64256 796215
55943 382464
15863 205808
22478 133485
45839 283466
35000 1009126
2728 713679
30781 583671
36059 990596
11348 921340
67156 731756
18403 585941
7392 437189
41492 64814
18818 124337
19176 376153
10388 471383
24614 282980
35000 1009139
50023 724006
56481 664153
45493 587154
4109 633719
9230 754109
55829 513907
49425 706201
52419 852448
47372 251103
65857 612839
16210 992515
31927 494296
35000 1009152
41832 166503
18170 815165
44 897792
32724 166004
9549 850577
10942 415104
30667 589175
51960 821130
11335 826505
34250 747802
2397 519719
2522 340505
35000 1009165
58567 707752
433 979922
65648 85875
63924 95825
2253 335060
19421 428638
59453 78929
9677 979485
65138 54149
784 586835
50090 506191
18228 539842
35000 1009178
3122 924578
7554 101030
26200 159545
61190 441208
423 866912
43342 13382
9706 263112
27810 716004
26304 341188
69004 508532
37081 529248
49389 315624
35000 1009191
54153 528766
485 299542
65963 462654
64133 248168
54595 91608
1626 245312
40714 135876
1129 692992
30678 686669
33342 714056
68600 152599
22623 987037
35000 1009204
627 56988
35066 727010
56382 5005
26149 118806
29602 868595
8740 213283
21497 509746
27056 564321
41037 535191
62746 620163
10384 294114
4871 902243
35000 1009217
54394 338312
16233 25241
31297 191208
44551 336339
14732 540154
10053 912727
64874 474262
32126 711294
20296 3363
1260 77076
55651 913434
63147 917144
35000 1009230
34206 33135
24372 375871
54186 999481
10550 11991
28985 458684
16209 953823
54209 300861
12178 600184
43143 508517
10400 68181
11311 44551
39598 766260
35000 1009243
28097 149901
49605 537812
13906 678137
69191 738446
59539 776257
28852 733805
126 989434
2839 931366
36182 179971
30141 109829
32915 107735
68847 448828
35000 1009256
45073 874295
33135 197263
51412 974498
16818 458630
30747 129261
30614 234313
7636 577591
50314 802660
41874 376897
68408 350914
32690 575933
54882 982478
35000 1009269
39163 858899
10780 671370
16260 495326
60045 333289
21289 994157
39581 979069
12366 823624
21915 80617
26729 949414
15627 593010
12336 571275
64451 433666
35000 1009282
29946 284816
5736 40548
42092 184419
52864 359395
59300 254496
40079 705571
20385 526716
7918 896838
45975 159673
32663 963063
60098 292893
1403 190316
35000 1009295
34730 477364
18023 742500
54309 362835
59067 699011
24320 154327
57282 553537
42552 743728
27964 653629
43280 9702
21650 974682
39345 912976
8943 785
35000 1009308
495 68338
37830 24622
49818 428699
50439 157320
16203 417057
36385 152765
6409 721207
1584 346752
38883 151949
64635 682673
57362 15483
63393 666004
35000 1009321
34046 414673
27649 782684
47290 837720
3479 818438
55102 58935
28925 420769
66233 279088
46784 186537
20323 780037
41088 322459
34694 698952
11053 781081
35000 1009334
2808 51947
59802 264449
40573 586006
5426 164878
12669 545012
5524 330700
47629 912141
474 221044
20427 399180
43092 704568
30778 713747
36688 329878
35000 1009347
4279 86594
58836 806013
47635 259163
58864 493521
48004 517553
28555 260257
36554 55806
28808 508044
27262 423055
64751 738813
67166 920611
27374 563287
35000 1009360
310 257080
57727 6739
68747 988778
5168 306686
52838 621297
51589 80173
28865 890731
7645 944617
31583 496246
36175 515599
57871 968083
44156 790014
35000 1009373
56344 827418
69106 489139
52828 528147
18643 645604
11361 102061
52466 660949
28688 720279
11464 38841
34706 66134
54560 891107
17720 5561
9166 82796
35000 1009386
59778 341276
49312 498785
58032 602041
8354 295328
9630 920704
34303 452825
42482 355673
48893 186031
4987 941352
2221 904992
57476 563689
63911 58119
35000 1009399
30410 203450
36247 817495
12398 62187
33209 981216
33160 547658
39130 540592
4430 654252
48776 56949
28294 202959
7083 566336
55291 156613
8336 148686
35000 1009412
7863 117889
45223 227692
33505 503015
18739 310448
10177 579299
29153 375676
21365 635662
56245 650328
44663 371822
57081 596303
8041 939179
57487 730183
35000 1009425
51781 27560
19394 563017
31289 652190
9123 669050
47726 713576
35066 705704
60040 435978
27395 35325
43761 6514
16923 179162
36454 113332
44379 32985
35000 1009438
45766 281825
20968 935476
38528 693731
19808 141643
59974 335529
6526 750430
28915 494282
61354 503311
28387 394281
33189 880672
59933 840541
47777 29392
35000 1009451
53712 525791
30205 400052
32837 660237
14869 277882
66752 796588
22928 983478
56100 249603
42859 118406
63631 661500
14731 711963
9391 530367
22218 44994
35000 1009464
53674 213459
52295 959099
7600 574982
62913 304195
67141 701783
4987 57449
55648 914561
48633 44813
56728 47444
44739 484107
52018 621977
66771 260158
35000 1009477
43563 628735
41144 199973
37008 601791
9698 224646
56926 200955
16109 448711
53243 341077
44565 874088
10177 344106
14653 175258
15919 806689
58429 61236
35000 1009490
47269 31149
60907 337359
43128 257094
45097 29845
34937 60574
16623 790450
24975 500707
48655 613230
46219 370912
24581 965758
7699 708587
57123 647409
35000 1009503
3047 909390
7727 904181
63716 868068
37036 15495
31198 246029
20302 355246
21710 458299
69360 552094
49429 394528
38474 104411
65597 845560
1378 422727
35000 1009516
24207 455756
42057 543411
27542 797266
14574 741036
49304 622029
50223 415757
19121 801922
38003 166684
34833 615972
46779 234821
5389 959238
1519 335787
35000 1009529
17667 477616
19293 689041
20531 779403
67873 182754
34774 547538
2236 965363
16354 244932
65959 100433
774 31558
68824 244979
54031 337539
61971 966166
35000 1009542
17494 342292
14688 119943
5909 867708
54219 900391
46616 490836
9375 736842
27851 498861
65997 620362
18837 298744
12133 681148
62502 718923
4735 525551
35000 1009555
56723 62111
62441 419903
31085 707040
63403 562066
28287 320552
63882 715416
35329 130515
27479 43901
66511 591007
65088 392831
29067 132519
19754 714817
35000 1009568
30127 921251
3075 854947
6694 310270
47652 589552
21796 143744
12591 561808
42936 847418
53498 696225
20140 292228
56522 754362
46214 923344
44450 105793
35000 1009581
9500 955179
56723 919683
24336 432888
32206 787631
60413 799097
10470 501393
46918 84330
62721 18447
23286 412303
57641 707916
53720 113247
4094 708522
35000 1009594
772 381660
20741 906779
4814 599061
46353 586220
14505 296063
33972 746283
14796 557109
34102 350997
45164 5637
19618 132091
36122 848291
7544 454089
35000 1009607
23805 640976
20047 715720
24822 530154
39138 30487
52152 981411
35987 139707
28307 643991
3315 541412
31787 918781
17696 712657
2056 186689
44921 141750
35000 1009620
40161 415530
68594 417744
10747 666351
11028 532262
51141 760055
57404 381839
53026 765749
68919 361883
11357 678510
34889 957673
7918 58593
4831 217896
35000 1009633
38578 692120
25744 41227
18383 321844
17668 482107
1092 707447
4958 655466
44433 774415
68321 123619
31290 999892
14303 777861
42302 963494
64895 949806
35000 1009646
39635 225931
23748 505405
47353 367819
3925 891534
25580 70344
882 652668
58776 924130
31724 62294
47218 470066
43491 858966
14298 858793
28820 926378
35000 1009659
42744 663709
50464 638066
1604 498156
31887 439172
42142 457668
33985 190386
47896 17574
56366 931914
6210 947710
8994 676634
64221 714417
35596 101710
35000 1009672
47821 108479
11750 721830
23189 471290
66094 578703
13743 595290
10709 428465
27622 663703
36848 609053
66735 213966
6364 463270
34928 348518
39519 513510
35000 1009685
2023 213512
27209 889556
1377 322095
6238 770852
60930 310639
1232 707372
23031 28212
35094 227285
49739 959480
60011 46689
52651 69341
9789 973518
35000 1009698
57393 173454
45297 877931
3736 855664
2182 623150
15116 232254
60952 932878
60766 822228
41865 551024
3922 380843
48340 536851
15717 338443
15213 471194
35000 1009711
43448 577018
54882 305933
29727 71412
19988 479999
9899 854019
2963 383239
652 80628
12 865818
24948 115544
16902 668136
60250 918082
66584 948856
35000 1009724
57470 948811
2343 680725
23258 249750
60704 946880
53037 600753
2704 736861
11368 890450
9980 948296
55878 393261
51603 950401
53846 179371
23947 754677
35000 1009737
11172 445130
42948 894223
7546 162053
19603 70186
63924 251396
24173 740063
17888 817543
44523 362103
19312 630456
67271 390988
54114 118949
12214 86428
35000 1009750
52253 183496
13428 381296
24975 579516
23003 886688
26293 563571
45296 829651
192 344764
65614 30117
19753 932667
32127 113468
5161 526082
51529 534477
35000 1009763
56757 601267
42078 803982
60979 894898
51902 221290
43375 906312
17084 922639
11178 132715
56777 891628
510 893649
25314 27019
27924 483767
21101 731420
35000 1009776
48316 261442
62805 444423
6884 894953
21610 243243
62315 29775
9918 227681
36574 272547
23534 285040
17798 970248
63049 728220
33993 68939
9491 224942
35000 1009789
53794 419903
27063 901358
57519 185183
49349 642280
7843 27881
8613 103963
3685 403693
13228 993828
7728 398815
23240 785008
38442 730700
27794 764217
35000 1009802
45008 180858
67316 468578
36748 125033
48261 699086
59231 388105
26783 8817
21587 366104
8538 587164
52770 875319
12061 185785
49773 662359
9122 884619
35000 1009815
42176 549106
54498 966802
43906 732462
25430 455103
3164 462398
47102 530863
4011 747540
55997 550650
31298 400417
64867 487120
32757 248060
14476 474465
35000 1009828
390 15103
51586 927755
43973 44518
5009 753937
17104 539572
4378 598499
39569 464404
29160 434246
39073 427796
11236 16250
60083 399022
34500 273298
35000 1009841
50027 349133
21909 608702
22021 362170
64050 166538
45075 933737
31834 896335
36781 217411
51803 191051
16427 20910
52928 968137
15449 680168
30381 136226
35000 1009854
10312 255139
16765 192160
52874 352672
24854 848656
21327 40945
30533 471967
16345 878174
19370 981369
61423 539164
32302 306067
41157 330812
60838 112226
35000 1009867
22496 374073
40154 436596
19549 714070
47854 128889
44174 965873
44424 149524
53204 381726
12253 841244
5270 607143
68505 976623
37459 371458
21626 994106
35000 1009880
51613 248691
59925 29710
45163 609382
62001 253409
64639 79847
3350 915162
20081 197836
776 555881
38824 366820
10091 576957
20220 355540
59991 240727
35000 1009893
37265 829370
56611 186090
17545 638109
69186 941717
54717 347059
8472 810229
26747 404653
45576 881198
15029 554314
10159 988333
66298 949096
44576 114320
35000 1009906
59478 545788
27209 760683
1764 471777
19557 427804
27366 100158
15773 44499
33225 839273
36571 857843
41196 649341
49833 771454
51770 979755
27445 184606
35000 1009919
56566 665916
45622 89628
939 702703
11985 214227
39622 353918
20817 592124
62368 202848
46753 590940
47168 993887
8355 310295
8275 131607
18179 773420
35000 1009932
21611 329807
4454 974891
51569 804630
38266 913483
66905 373989
49190 724220
56767 686865
60935 497951
46176 353534
49092 612339
56140 899052
54582 894557
35000 1009945
63020 218456
36070 577732
29681 673989
43996 356373
40360 329695
55571 360006
24965 190131
55445 19206
11816 834562
38368 281277
9457 342310
27298 578499
35000 1009958
5679 610832
57912 745241
17350 300310
66780 977821
18657 552948
31402 950036
32819 912943
35857 991446
36128 670882
4499 354160
58493 92957
45994 516950
35000 1009971
29809 767999
1809 744602
24747 418069
17353 242982
41281 965742
37627 289297
22638 969591
42567 58104
9807 989369
1698 236130
52127 709804
1545 510425
35000 1009984
28799 595332
60251 16515
43111 785684
69835 145460
9079 992807
41225 705248
29556 231025
46562 692372
54938 516054
22655 199536
14438 43493
3808 778230
35000 1009997
16112 159897
39120 792647
36481 125578
16615 499231
10679 528104
15601 832214
60909 684013
3585 939118
39931 944023
54989 310938
20438 913807
52590 695275
35000 1010010
9837 732147
64941 626957
55500 963057
27758 829773
28932 488145
37216 835471
29282 869004
21824 356333
16016 614866
14845 67813
16822 587910
43604 291852
35000 1010023
34238 915147
52667 169077
1576 542582
43636 766785
42572 834999
45697 438416
48550 412996
10430 606965
47337 613331
41530 924208
1252 845622
41160 918966
35000 1010036
46 21844
56799 567924
34310 692549
7391 955280
40652 598503
37744 105297
27322 647771
23610 121182
52117 758560
63247 183971
24874 626990
60933 812498
35000 1010049
56280 769276
68126 88448
21292 450268
30372 579797
39426 522561
29783 425397
17762 536024
32290 629842
62222 597686
14591 155114
9730 773506
22327 274689
35000 1010062
34583 699111
28025 720464
30239 216917
61861 628900
67275 227108
17716 604384
9538 336578
60138 556623
69534 482796
40451 279036
1861 138897
42308 461823
35000 1010075
58113 6961
2548 937475
55541 374718
64414 168066
63583 231088
69048 884302
55052 846348
36747 59098
7105 246717
17434 817663
20148 607757
30000 425916
35000 1010088
45129 989083
33535 267242
33364 731987
38935 855052
23185 972367
24481 882168
12158 119633
32015 858520
16444 782527
631 812204
19057 656215
40009 290003
35000 1010101
61314 561206
65326 906028
1301 38345
35385 22214
7916 848042
58546 662279
62901 653272
41870 349519
33540 339865
27846 328197
18870 219031
9218 17942
35000 1010114
52161 121216
52928 549576
52452 428168
64422 928367
8811 484213
44934 819268
50690 165096
53883 311737
64286 888503
2804 597832
56758 77468
51810 205855
35000 1010127
64925 475697
63376 624166
62821 726578
13587 312017
42913 852256
46807 226241
69231 182306
915 307344
30906 308821
54699 300421
5272 780809
3504 488721
35000 1010140
17297 234994
43002 558667
54102 882093
21885 650867
50300 202808
68527 818183
55868 197348
35761 726381
44097 55644
54701 558944
31335 203262
18344 266833
35000 1010153
17554 169931
46903 589287
6293 175238
23333 444525
11626 472830
59767 640223
33730 525504
25477 376875
4568 989852
20537 115155
21582 137787
54999 719837
35000 1010166
26246 919691
40337 779416
31360 988413
62711 450535
38840 510500
59429 593591
20295 222213
4431 239156
27685 641101
31601 623281
17106 283649
55443 218063
35000 1010179
40456 449095
27232 347037
45710 478809
40906 92470
51682 17421
61085 625856
12462 653645
64036 147576
2539 376758
6017 724021
32061 504863
36723 912291
35000 1010192
47754 745455
32705 323059
29085 349701
58794 961282
26018 522057
59574 897741
42575 858857
67202 774521
47694 154038
7732 715361
39282 649686
35000 333059
35000 1010205
1412 846086
7584 221658
18465 548707
20644 646881
39764 778837
40708 657655
56419 665729
37698 460889
23550 994095
50980 679362
7929 836735
16211 372677
35000 1010218
9917 755258
21346 648705
43565 90299
48574 416825
4676 920599
9143 479970
10287 64675
15980 10675
27089 68302
54263 831492
17010 802040
61845 629848
35000 1010231
3910 888154
6276 463603
12015 780131
59709 134416
69825 730454
19212 27868
30609 15175
18161 627889
44886 412274
29298 663240
53275 291087
50276 987890
35000 1010244
42823 954415
14237 644099
63444 306767
54428 235992
40444 398723
19358 961359
17752 616593
6047 51051
31700 955496
5385 307735
3867 553372
52265 756190
35000 1010257
40840 752815
45505 361386
53579 812911
58897 172128
57068 121108
45344 850038
45653 379702
6695 846990
61932 353811
35975 710612
58660 383697
8609 818410
35000 1010270
52429 791463
7458 255485
64138 538714
17667 617058
27947 743258
62292 602235
51807 702382
63688 434876
57238 72534
23793 284546
47573 392092
46306 804104
35000 1010283
10260 822533
58044 808640
11101 95776
19738 544111
63651 389716
25765 575787
64684 83939
60583 720096
68031 351418
14781 83284
61714 759291
60989 885044
35000 1010296
35456 848110
11243 25255
29061 461115
59564 43523
40602 53987
146 360423
12473 769893
63038 686512
4088 550645
48817 345856
55666 643394
5678 131289
35000 1010309
65029 900381
5299 811005
54208 684653
23946 919683
31545 716188
62146 541438
13898 246237
40770 249412
41692 65090
33174 795746
33766 926637
53905 93045
35000 1010322
59610 239694
14373 451545
26362 907242
42934 252461
42797 763170
54869 571249
55425 519965
53117 987702
40706 913789
58579 594898
59722 913186
21602 854935
35000 1010335
6462 568740
64537 396873
1626 634647
68604 177479
33350 907738
832 218379
26001 702455
986 710840
56781 259745
27407 243411
56125 740314
64092 273726
35000 1010348
60113 588802
41776 412097
50432 923058
14512 59040
53982 401241
12377 570850
66757 76048
45637 485471
63899 127771
22180 207819
39990 800894
2505 483890
35000 1010361
59730 319062
29692 414744
64532 450157
21992 91220
15326 478972
47528 125330
41854 684017
2884 797649
19941 126507
26669 780725
25106 525043
65611 447061
35000 1010374
41606 267351
54967 729575
68906 726240
24120 242124
38460 830552
52098 556562
61528 50614
59360 191418
32127 981046
3352 699561
1193 616205
55347 37936
35000 1010387
67380 609212
48554 628971
12543 969157
18042 848496
12336 349582
2300 214598
52551 163982
28260 247257
64570 501071
10492 525153
45051 32744
56691 314282
35000 1010400
28925 854472
8006 167200
18209 445413
18443 335407
11543 387641
11544 905783
44890 447886
35859 182659
15565 319028
3897 409169
12487 335490
40400 177638
35000 1010413
64214 483855
8227 626561
20090 199034
55101 735824
28410 719366
12417 255236
18866 923102
3028 83586
28468 102485
14778 513703
26038 873824
22037 993432
35000 1010426
37829 318009
9386 496994
36174 328359
45352 123434
56986 301739
65468 127703
39253 801249
24636 115823
977 778149
25793 146953
28439 188967
30532 463840
35000 1010439
48095 284248
17741 872910
36841 103045
5942 607286
47665 177076
58663 432624
68046 60670
50319 583845
1031 350712
10971 306910
6516 847977
19325 584487
35000 1010452
32699 378545
3130 551168
69076 353359
29335 537756
69564 426371
36900 720846
21255 546486
10908 301444
20924 670221
2503 517676
33705 849804
34037 853709
35000 1010465
51797 345268
11807 837002
38667 554014
44414 62438
15989 289342
41985 529702
58561 105120
40141 169336
2892 59877
14418 141507
23080 263602
31508 317222
35000 1010478
57466 453055
33921 759701
8263 203322
46430 234783
15402 15192
13234 148707
14816 648989
46178 461726
18605 394007
22650 72
51230 516769
23895 869312
35000 1010491
56782 749283
18268 280611
17821 862702
41566 757153
26737 658920
33914 2112
46995 478567
1864 890352
18499 273716
57757 842300
36118 795039
57885 86727
35000 1010504
12480 375690
13440 476758
57479 5811
65258 903008
60741 403008
1799 101335
64592 712102
52460 486214
10878 245422
9194 160671
68104 406616
42398 299926
35000 1010517
334 673415
7221 476492
45361 989643
12973 707066
41979 609563
3413 757550
39842 642855
42361 500544
34165 477154
5384 429833
47767 549951
57319 80022
35000 1010530
51014 113672
24906 503185
24115 281462
33178 143608
39948 669971
49789 399392
59476 266068
48305 670758
41806 762671
59223 627524
8712 916422
41537 726781
35000 1010543
67620 310290
21614 922170
53801 603937
351 43678
38587 270296
46362 292250
5162 741054
796 347466
29287 223950
13089 431539
56000 361519
2385 887420
35000 1010556
46879 973084
62972 901288
43406 269999
10361 295307
61529 484047
51649 278496
69096 720518
56883 516769
2144 537167
1781 713363
66781 372747
17637 463023
35000 1010569
10748 959192
57620 641748
6909 214761
69875 967758
55267 251861
56439 218949
33440 18970
21167 959054
18178 317127
5411 648389
24184 780835
10393 145444
35000 1010582
30139 153182
28266 461218
45025 557404
55369 857776
21103 505916
19743 751198
63140 499024
60270 715118
63816 573365
30432 978535
5648 108035
55880 748453
35000 1010595
42913 57677
69715 515115
26321 463915
62825 947921
56417 231264
60586 714639
46209 464841
57503 223854
62592 215073
391 786453
3808 294099
10709 248336
35000 1010608
33149 524402
6290 333950
12795 70987
52136 725889
12334 876071
58530 250823
52018 959770
51602 42540
52640 413333
62218 521168
66367 704710
42475 304948
35000 1010621
44118 287849
8293 878436
53114 281714
9198 300672
25682 223604
67465 292222
65699 736925
28840 316385
54670 509134
21540 511250
36047 961160
61081 421504
35000 1010634
15617 651673
15128 749879
22284 718515
67494 27752
39385 867999
49356 351171
14543 973657
4858 750284
17220 316504
40438 937991
16120 598692
45607 402931
35000 1010647
13012 76265
22905 394815
15072 468806
68597 100301
8318 170667
17814 180403
10441 416920
48353 810082
22177 474945
30853 168237
19180 852298
15426 680636
35000 1010660
56970 915765
64237 269297
54844 252045
14131 26234
49713 676830
35722 736011
51310 366054
60703 61863
37237 522377
47906 452321
42897 85891
50904 988312
35000 1010673
40758 106642
43430 946661
46406 586822
18782 290687
26930 32427
13084 258731
60639 162299
61987 986378
25735 790712
27061 153582
46745 268233
12266 399721
35000 1010686
8637 727050
30238 995677
5382 400088
22050 171514
49471 604312
3117 122516
27012 614709
60910 490089
14590 959646
2434 448638
44644 62760
6758 265745
35000 1010699
46876 902809
66624 623470
50966 363620
44289 868738
61010 49749
63097 581584
47954 502552
45462 194266
30657 1923
69886 148263
66274 429560
219 486334
35000 1010712
67404 629975
19113 538887
27673 626841
21517 268308
8453 886626
50388 90376
56208 939789
63423 198972
41890 89126
22808 358184
59194 331525
30194 508674
35000 1010725
33106 828070
19495 325138
20791 774117
29220 281173
31310 587394
54267 511397
46184 29722
30753 324299
5808 978582
7696 881397
60635 316670
30744 115496
35000 1010738
12712 546250
40108 123857
54285 102117
50001 254648
63574 554154
48209 389098
44084 872898
66839 904189
55297 239692
33395 817583
31565 131009
44254 246802
35000 1010751
51793 754633
10473 677754
26445 874714
64397 340631
60496 4300
44647 465280
31540 948633
61221 871980
43023 150681
66798 439969
36513 531588
26060 137292
35000 1010764
18979 378031
67411 667446
68013 23678
16170 963079
40650 848242
50420 730234
30679 256845
42402 71209
41219 731133
4615 283333
35361 502501
1591 126273
35000 1010777
67616 229745
42899 492486
12773 350649
24014 524481
36781 625268
30018 937546
689 991566
32622 467031
15285 90450
5815 633885
2117 199557
45155 557503
35000 1010790
62111 956675
40595 998734
33693 12450
13421 592886
18664 130868
23213 531793
546 689416
37903 528321
17310 187795
15050 756354
34768 142352
3757 831847
35000 1010803
60172 813361
30248 983549
48991 160214
7180 603279
14237 55193
52685 472157
36565 838695
23339 818511
37415 889499
53733 820965
34442 465260
39014 744269
35000 1010816
65468 66951
35175 848011
22117 218185
8377 655293
1791 161065
1943 840517
14384 484529
7704 97274
66957 369816
62303 234550
444 308029
28725 758734
35000 1010829
56856 677197
15049 88329
19528 916718
28008 856588
12283 230304
8587 535142
68780 515639
51578 242216
48145 398956
69967 326569
61655 271228
11467 874455
35000 1010842
56775 309069
65286 830179
3232 372389
33983 3624
41279 662246
37509 102710
21702 852676
63263 221985
9904 403467
341 718807
44272 9181
27126 728517
35000 1010855
34337 873855
25794 988735
5557 248447
12333 857429
2174 855413
2398 901410
32876 939519
24393 354011
63617 813826
27019 266266
27984 156840
11572 803734
35000 1010868
52148 907210
16967 483435
12437 801100
14287 256291
12568 228012
55093 679546
50955 158028
8643 239004
40716 590342
38178 336178
54251 333004
1270 295143
35000 1010881
44799 405890
36402 787400
14587 262677
6556 434092
21 997918
64104 699763
7899 462438
54359 31126
13586 596096
4772 273975
7545 602496
60627 133865
35000 1010894
68731 542535
38628 491145
64714 418269
37667 856941
34947 395285
55060 587425
61468 427347
17384 985317
69949 59722
24267 509518
33654 51999
66621 30806
35000 1010907
24264 523921
62293 425648
23692 691002
7950 475409
43722 792894
62411 325744
58913 25066
46067 492091
10472 528057
10867 548564
13227 576061
27820 747853
35000 1010920
6363 649009
11241 519501
36099 725768
52950 851260
28834 251478
23444 43465
20292 441097
52193 559379
61438 271183
60082 364813
39259 502571
37067 622362
35000 1010933
39666 192181
14843 542041
63066 191617
50442 274986
6464 39198
68995 629738
323 526797
25940 302771
14163 141621
40882 792324
36503 639318
43468 550492
35000 1010946
18178 543365
57652 88878
31676 373116
44882 42381
67395 377923
65365 633626
28948 792010
6954 842649
25991 958803
38913 141273
50926 264236
50302 608538
35000 1010959
35706 489557
31017 443228
55427 549709
52784 507926
46248 223995
63176 383192
66600 500036
7826 70552
44606 349179
54187 243813
11834 204990
8004 662594
35000 1010972
20220 741881
67610 520310
36210 135007
3976 114166
35869 997986
20409 238287
26316 861167
9294 622952
36039 194182
57629 475416
12056 659367
1206 39016
35000 1010985
12620 60743
44035 51303
32449 944694
64488 160510
4590 954323
60530 130412
38448 630980
120 404799
48365 263100
13926 37165
7705 363704
13222 337413
35000 1010998
21524 315372
65898 991791
60585 759111
26412 847315
31481 806588
15902 614222
51447 56777
30297 266539
42992 299452
33162 8221
16474 319681
44813 139983
35000 1011011
31881 201013
714 609760
7820 588531
36284 558736
33287 75414
6982 841254
51856 473696
18290 96602
56402 798427
50999 690028
48967 390538
27296 490496
35000 1011024
5349 655985
5484 923749
7693 510393
12799 461648
50803 399020
6832 829129
63593 177076
54634 840044
60662 843545
42458 28873
36275 516443
20734 434994
35000 1011037
16088 417431
9795 319506
57004 433352
26598 687224
40184 591946
28270 854694
58872 398572
54325 465544
41506 814494
41371 960404
32820 306833
36460 477626
35000 1011050
69516 873978
53156 150204
23348 867864
46654 516340
38090 504508
49023 12670
33494 498324
66935 638279
40200 290472
61616 594194
13335 496446
25353 566110
35000 1011063
37543 667779
61569 312715
13406 334714
3903 605098
9729 130268
34150 324453
32836 66160
30840 696073
37901 221849
39338 787286
51267 661792
2725 743358
35000 1011076
58727 808727
5233 625771
65020 883816
65878 108553
36689 77151
8669 201396
323 848506
69093 223561
56126 392832
69641 732905
722 264755
4662 224350
35000 1011089
15816 702683
42213 642911
5168 193492
55616 778144
18810 74746
16055 198917
24748 704046
46241 223182
18080 941263
3895 571774
19445 889891
3852 454674
35000 1011102
8944 411489
30228 586372
68657 606415
22379 926476
14417 865698
57990 260280
47660 265074
42881 77723
18618 842092
10692 169405
46743 991856
3682 875204
35000 1011115
2084 30054
51467 585263
20506 779294
16504 815512
66106 685238
60573 23007
66120 491774
16459 434563
17156 241804
41266 528757
56471 715645
51037 269558
35000 1011128
1651 905736
46929 566345
34041 710930
26316 536100
22382 936278
53541 195958
52962 778395
60086 89130
16780 768501
58052 235195
25604 175932
37554 830454
35000 1011141
1578 30170
55366 494892
52329 680206
8438 115271
13602 237787
61334 214090
37928 894671
49761 277569
39086 888461
56878 842839
20499 417512
7615 801559
35000 1011154
56506 543423
33118 744852
47543 687812
22581 987743
68778 595111
20344 673612
9127 509979
67115 240753
53933 700803
65860 452311
61225 935391
57972 36556
35000 1011167
20429 997538
61691 414854
39413 431556
30658 550104
4280 775596
28570 52577
3817 822507
26794 966037
13467 670679
22482 891894
2816 596727
25684 804649
35000 1011180
43874 376191
29967 14419
40784 734484
140 734695
19464 960185
47392 307450
39241 241718
35476 486006
50892 882556
20570 524423
480 198204
4154 326175
35000 1011193
65842 373872
3171 898941
63023 543163
42213 440944
1348 651526
20348 952457
56453 842363
16194 855876
67388 862955
53196 438192
52898 750210
770 79310
35000 1011206
43672 949812
26751 751951
42582 903906
52028 226574
15272 567397
41477 168474
64940 764274
42266 407988
14486 476674
12618 880993
16239 831843
7687 540874
35000 1011219
53172 565080
50759 257005
37107 953810
54159 767582
61785 978598
63646 599073
16659 785129
40507 37487
8712 681187
47089 565049
9184 474921
45130 181893
35000 1011232
22017 630665
22316 226181
29459 413530
47490 974034
10337 484294
46399 611378
33656 771214
16369 610779
40915 39331
45777 365817
56505 456097
68951 936837
35000 1011245
23362 183864
69161 101802
2369 700798
22938 294725
31533 662972
43171 93265
47979 928929
47662 971280
63977 46472
6686 144510
12735 738130
43588 951552
35000 1011258
5659 936856
54315 814662
31550 190444
1026 548206
49758 355566
7035 438926
20555 302984
5114 131479
18038 845268
68754 121838
42145 55417
53361 966414
35000 1011271
30460 626027
43349 20514
243 114555
4627 159259
14648 239739
68092 469794
45930 579185
40349 531970
26270 900289
69283 568637
43044 935642
1724 16847
35000 1011284
54039 613045
23619 5877
10633 645726
3884 935912
38003 992841
23062 145992
11829 53766
35957 116629
28046 180248
56921 139955
27628 642295
32968 948242
35000 1011297
2235 41547
12866 584815
44106 739712
59834 824260
21421 427258
46836 737902
36692 769333
14628 873683
56214 189528
44259 531596
52829 67534
11368 539711
35000 1011310
3077 428452
60601 755640
32234 308558
52111 425216
18241 766384
31698 206621
46506 726884
47220 553382
3382 316339
14292 94599
3311 591797
26295 538365
35000 1011323
33683 712382
709 167790
48068 809019
14544 207100
8115 45454
24192 798505
40921 770697
17830 689494
46334 756906
54896 374969
5675 900086
53069 552113
35000 1011336
30921 420689
20153 960982
26640 889809
67647 982700
39114 170550
13117 816271
32328 266005
52191 58873
38761 161792
56242 93636
31473 906429
49678 873583
35000 1011349
26033 507922
54759 545625
27562 879668
13010 218142
29460 159667
51245 512106
57019 71587
52097 365705
15056 473024
6387 654185
58539 62200
23831 209668
35000 1011362
4448 824618
68283 679816
39149 810483
66896 151668
59764 3849
34962 168981
47664 136915
19336 543622
46859 825832
59694 418826
45482 140289
5928 967655
35000 1011375
43996 465669
44197 819983
19800 246256
18538 653119
62826 131138
39479 526156
36814 615720
3914 376203
20826 279334
18932 330066
55831 301138
42099 237272
35000 1011388
23127 957787
19072 441105
60812 680422
35121 556328
15686 708811
19446 549147
16437 228942
2437 557967
5920 158297
37604 641757
57613 822378
9608 593158
35000 1011401
50440 116298
356 361419
53415 889865
21003 837743
13930 755422
49347 608461
27270 737225
30704 76667
45167 30191
41498 14791
46900 200108
63795 92992
35000 1011414
3546 457781
68860 540674
29411 673137
69901 834284
30107 968209
56432 686881
16598 779436
3582 77070
56741 479011
10115 128324
53519 373807
43621 563738
35000 1011427
10680 968235
10377 648142
38097 836082
20764 472999
25211 34733
40756 80173
66392 33065
29988 585612
37099 26631
57318 217294
38373 401686
42745 464627
35000 1011440
47770 383009
45130 12878
36127 897485
33247 875279
43107 597824
12666 236142
44027 345482
14275 304980
68822 407497
21889 623865
34824 127266
52940 188616
35000 1011453
63725 531703
38702 861257
29633 929402
58493 575899
7391 195430
8030 2302
44711 914641
57198 803896
27527 782215
23183 422149
30625 187244
4570 755434
35000 1011466
60375 766219
34551 557324
32591 729227
23667 502813
31456 279789
11533 624070
69221 759271
60336 418807
4262 76616
8350 843891
25599 496668
59906 201334
35000 1011479
66842 682365
67206 442716
15187 955426
30106 915529
66590 409331
9992 968960
47884 78713
60253 735364
9966 525420
55703 446375
61747 211248
63975 184105
35000 1011492
44758 801314
69213 678770
50612 755054
15446 869709
23931 306144
28055 14099
64527 130823
51344 784133
55834 90652
66771 270699
53586 199854
59185 48905
35000 1011505
43378 944675
56286 959912
35022 75379
52493 154243
17054 76778
40623 126788
44139 458712
3265 534215
1632 482293
40704 70330
10013 229852
62919 563051
35000 1011518
20231 138609
60608 275358
51193 935686
68225 834694
19504 782898
56727 745694
8454 735287
10105 41020
23036 871605
19335 672615
4477 968877
12621 347401
35000 1011531
43067 24647
44588 410988
6558 300617
46476 621132
22349 102587
43369 506977
8235 898624
43680 955469
8202 451983
51418 62972
41571 114967
15921 532832
35000 1011544
7850 42576
68320 432361
60967 237424
22202 689525
32433 717017
69335 496823
55978 555957
66372 296173
65931 681171
17778 843757
42369 9950
46721 279177
35000 1011557
47375 806612
7638 946639
61175 792356
52594 965820
9987 544846
30324 832893
6378 971491
24978 324232
30752 951294
22430 101412
32488 17107
36654 251871
35000 1011570
19916 974004
61850 871455
6584 373076
60926 865241
23379 549158
10866 362785
13586 962102
20183 39212
62440 717055
10464 153250
46133 879385
31169 759709
35000 1011583
2986 224305
15758 992600
7278 696845
66280 859922
57819 723743
63469 37708
63436 898238
56239 282234
64238 210446
33556 756304
51159 86918
46286 751025
35000 1011596
55517 513085
69772 296233
15557 619952
39543 840654
66734 955076
30634 538634
43833 413828
9746 870550
12160 503453
21891 339318
28381 163963
11494 683807
35000 1011609
11864 787575
1132 259039
38202 367154
22604 984459
45035 9703
15008 616587
62505 142601
57651 485110
2199 541057
37024 869994
8541 250669
39253 881490
35000 1011622
24170 115945
25644 28504
69497 496945
17421 769253
23438 327353
49862 706179
64800 494167
60502 163969
16009 976461
50786 556832
9842 599486
48123 530006
35000 1011635
64420 894049
62519 986992
46159 481611
9732 415417
58079 258143
16903 822568
69671 723351
9988 615087
41402 240455
64520 166389
52037 813756
13378 625932
35000 1011648
6728 422688
67872 993033
15359 485478
9067 519496
60018 494863
61212 397920
69010 991665
41372 527150
58077 570634
17717 10994
61949 959223
560 501081
35000 1011661
3655 400463
8545 144913
17537 602342
44283 140333
65938 57852
41097 388039
4960 834995
23051 204931
60923 549356
62574 786683
5716 295447
7629 82990
35000 1011674
38945 506731
34155 532765
39609 173896
1304 725019
32632 980013
68334 360481
66971 320758
61539 772320
39636 843004
46426 918433
51622 145709
62595 749306
35000 1011687
32419 521677
9588 34421
18246 542609
58080 643216
14654 609557
15176 148642
59461 180549
8565 890103
44060 531042
67598 749194
55186 47531
21855 693363
35000 1011700
63939 223932
4565 259733
43322 143329
30351 843722
8177 267500
21783 349114
48463 994607
56170 699812
21415 81090
55680 267092
10311 704650
56218 684133
35000 1011713
49758 483874
30855 863849
54516 187980
46677 442443
1190 370028
59472 865462
6433 515513
30046 214447
32868 526291
54406 536818
64843 417346
64509 519971
35000 1011726
1721 555973
12444 515819
24087 341766
2530 248479
11679 152473
27661 898936
43060 811567
22743 66886
60172 137960
58070 6882
14175 336410
41575 438395
35000 1011739
14211 462838
32826 907752
34684 154729
42424 47895
56825 104174
8121 251190
60794 225472
59835 728627
18261 455177
31244 319052
9403 11240
4611 869464
35000 1011752
33932 405923
9802 345279
58651 253313
21590 626931
50545 915732
52300 116476
58478 903936
25808 327686
41668 76825
23656 859658
19329 531451
59312 54643
35000 1011765
53616 608659
12142 989826
60265 258550
43716 397246
56569 310349
38497 88665
69639 3547
2566 646402
33116 236827
9671 625495
55045 635563
36112 193985
35000 1011778
60993 966365
67289 465136
26922 128781
34787 610874
30000 984742
5990 693421
36244 432123
40240 933318
67580 24091
16166 905653
30178 710814
9586 238019
35000 1011791
68639 558468
34402 25865
23041 976487
14765 564661
65436 282232
9444 695199
38494 476717
19919 812257
14233 198379
47364 721104
19983 111845
27973 757446
35000 1011804
32846 804613
23607 261810
28889 63072
40743 960201
5331 240984
50037 586280
47524 199687
21133 598418
2013 161201
54072 11127
67841 604497
5390 664847
35000 1011817
1160 539727
18748 810801
68229 870220
12077 626634
856 166476
41655 610495
29131 972839
18212 488582
26298 791185
6176 895107
54510 676432
21566 141505
35000 1011830
31500 302962
69925 738657
4445 685601
33709 48707
52270 448369
19517 804640
33861 542296
1119 384572
32705 684161
7350 212899
25190 533538
69996 684712
35000 1011843
29012 751990
33438 206034
30342 84618
26698 699652
69461 40804
11199 719546
62673 890058
14106 498882
34952 707494
67216 489077
57706 487921
15154 403510
35000 1011856
42006 173596
4519 130109
11960 524506
21798 332179
48612 259360
23546 961370
53923 788791
29961 538600
34354 62449
46732 550977
34611 36857
42804 285775
35000 1011869
10125 88811
17026 944254
46869 853525
36962 751303
52203 816289
2974 966589
13290 742380
48373 556193
68349 12621
28884 28363
1086 16564
16136 484005
35000 1011882
31239 674975
10863 208273
1323 343046
50942 75953
53281 276709
59262 906374
47445 246863
63219 144906
60358 704366
43075 270385
68182 572288
26999 493416
35000 1011895
57131 676039
256 365215
34295 432972
13904 321234
56227 92542
62912 47408
40394 681919
25649 220337
12876 373629
67570 429669
44183 83797
20558 689997
35000 1011908
24642 689278
28688 538861
33299 457687
6801 544536
18388 192414
30944 595631
19216 222483
44211 597441
50207 869901
32114 598722
32834 763937
36298 164229
35000 1011921
50539 652813
65483 737324
36732 489644
14981 278623
51243 486945
67172 332560
4767 333679
68339 399141
42192 446357
2826 507902
48460 80930
59025 708224
35000 1011934
17097 154045
4996 903944
60749 447901
62164 390862
21020 409569
58037 798879
37288 582680
425 605601
27775 501965
33967 448079
5127 116466
23697 404503
35000 1011947
4709 772918
27830 550368
19260 666259
60247 749580
8029 962909
42301 956360
23704 895287
10866 931080
58790 411357
22016 783818
59037 233506
23329 235670
35000 1011960
24657 46901
12895 317131
45293 97345
30218 868679
51139 723706
37755 780943
33047 785230
32927 421705
15208 474434
34011 785064
53180 19135
29123 822031
35000 1011973
26626 918280
40071 737327
36710 492552
32639 650229
27700 715803
61262 405837
64324 179296
35385 475321
36880 644691
22434 815979
58016 183125
502 420605
35000 1011986
53243 711621
42359 91290
53445 841463
38859 325445
19737 160737
12904 342755
64190 766620
6198 800311
31212 691081
56023 878913
39424 352140
11088 52736
35000 1011999
48620 875626
16284 391465
15604 872866
7391 19907
67293 636031
61431 711289
7346 116351
19317 726277
18900 590607
33669 399996
32028 121543
63370 176925
35000 1012012
3079 79611
67908 334805
16663 67014
64630 998901
16756 336476
2620 672769
28191 346458
35206 858009
62926 834519
14782 787394
33706 191040
46135 644251
35000 1012025
20753 562991
14196 515996
5282 143080
51351 581068
38130 369032
21831 946445
45492 736836
69925 543104
21797 820252
8943 290501
45430 383866
50017 398202
35000 1012038
67703 633160
29374 449891
10897 708611
10306 917906
14222 953823
11854 498757
69163 376099
32672 784912
52011 356446
6679 474721
2507 172496
33238 260472
35000 1012051
34808 597046
5994 856527
7424 915243
52391 541150
61071 34013
21785 437705
62509 464086
46584 319255
66995 739315
7150 917372
68945 380430
14414 747056
35000 1012064
36181 906070
42693 500118
69877 683937
9221 747285
48166 261916
16298 350296
65379 891243
35300 873686
54820 78456
44637 588351
59147 448794
69745 58779
35000 1012077
66347 332748
6700 132687
9855 386536
66298 687152
67890 405635
33858 484394
33483 556038
57653 170157
14542 884216
64046 963847
64321 346718
57339 246540
35000 1012090
65798 23211
15130 838529
69845 573693
38890 33508
66034 337474
34058 744557
11139 167356
11820 64226
5706 170110
54188 13939
49460 915950
69527 703506
35000 1012103
29701 123254
43903 231452
24267 999479
46825 602108
18317 796912
28639 174669
20285 764906
66389 410731
27394 532443
40464 111517
42731 709793
29900 898451
35000 1012116
25173 809091
34138 99787
48541 809341
51827 251948
3889 350950
21624 578446
21240 990884
7375 240299
44511 211625
25149 794377
10297 923295
6224 755599
35000 1012129
26695 359424
36321 200470
10940 65595
64688 948573
12739 337353
61480 108536
60877 727612
60444 541138
53537 975826
32286 691261
29125 26713
48179 864548
35000 1012142
8745 743328
24895 109619
47218 329628
48551 319795
24473 798335
34316 317356
11005 809092
35776 13301
23387 271586
57560 538886
47401 95489
43822 384134
35000 1012155
12136 718803
34649 602187
69658 651292
37153 551011
37368 74687
8992 593354
62635 822550
31160 468257
25726 457788
15608 414866
51158 938582
27979 582355
35000 1012168
8816 488447
26705 816554
29179 110025
33970 931109
13688 715682
20526 509909
62381 413125
41421 138138
46716 644249
29177 946598
62115 37207
17821 458764
35000 1012181
45142 890928
51310 149210
67299 886873
3476 885499
64058 974681
18608 168070
11839 371963
24783 249265
53505 53546
60525 866526
63612 236053
67525 83892
35000 1012194
32857 390078
26878 281157
21888 982162
34024 265846
49924 76273
59230 637965
49260 930933
50992 660461
41199 225749
4384 852509
65804 325281
69756 961671
35000 1012207
26721 78567
32210 465118
1618 506611
47065 597663
44988 56549
31211 852669
40505 584250
52011 758891
17487 179637
6441 856251
31316 583577
54844 548232
35000 1012220
30627 336287
50449 6152
64387 850139
52014 566630
59990 921801
35854 23317
29662 318746
52882 807878
41135 656093
32454 630149
57528 908137
34417 605784
35000 1012233
21678 607301
49725 557437
18594 814298
12819 557205
6736 628947
42432 27610
44196 744205
48044 428503
2817 426721
38032 407729
42354 906265
17422 101530
35000 1012246
55427 282708
5821 440529
42851 385863
59419 196655
11681 720918
28795 871859
47816 155805
48913 55650
55737 279744
69422 312820
12732 122085
5046 390595
35000 1012259
18231 612620
41954 288057
44189 785198
17867 447455
33946 713986
54814 362546
33806 329785
43375 697958
42767 15074
5431 529985
24848 286174
51869 119074
35000 1012272
26364 168073
7886 148373
28222 799381
3322 537117
39462 572678
10341 956603
64913 487850
4825 214553
18974 580436
28147 303940
35889 491925
20051 409618
35000 1012285
5799 51709
63585 464388
53737 361626
45758 448341
24712 50167
58314 341094
5936 736609
22534 521407
7475 32212
60094 250649
60238 201856
27301 707888
35000 1012298
14927 532394
65022 766168
47462 742665
2043 731600
36198 140690
15745 857150
45438 32290
55283 143854
48475 961176
41265 278223
22407 90341
62412 210456
35000 1012311
7935 580991
67691 809091
13023 593391
43742 540395
40160 926028
67963 323392
18969 9914
21218 556399
68832 986596
25528 894348
32984 751739
35147 577404
35000 1012324
38163 462195
57174 435386
53043 24089
57213 499377
49733 966035
17904 961846
50378 403422
4238 129334
16454 821462
42824 539057
12868 451188
7895 67053
35000 1012337
2695 978122
22410 266025
48134 6707
42516 856864
68414 707851
14002 797118
53581 886210
61366 960035
57902 214605
7816 126416
23203 892278
1499 915529
35000 1012350
44839 111110
34361 164717
3517 112496
45030 822381
16439 489560
40370 10796
11955 225221
58354 554582
3442 678963
35283 614236
966 908705
67232 17116
35000 1012363
30048 928686
10127 547803
54816 522695
22198 491448
13401 675465
67328 401604
44411 778212
2725 302156
62495 724181
44917 881498
47931 418259
68462 455343
35000 1012376
60422 354112
60581 629763
6303 593267
65298 783420
11335 680705
30948 597548
24203 559938
23492 458939
23222 360531
1293 215277
49221 43428
32624 118135
35000 1012389
31550 814347
6537 679373
12332 858108
10705 787433
14359 603406
57427 691650
55412 869125
35686 726915
11639 828787
27430 476482
61654 355207
18134 916043
35000 1012402
14163 336775
18211 276542
19216 613646
13060 497374
43946 55824
12709 623570
43063 422405
34296 923112
60015 826138
68101 546339
11754 392729
69186 820253
35000 1012415
65832 4902
9260 428510
1486 148637
20086 11732
7539 865133
28684 247168
7248 460378
7505 494473
40835 396652
3886 886966
69285 12105
67655 1109
35000 1012428
13364 267408
33140 107870
54078 296975
44736 750641
31946 115749
6774 773145
48701 176633
53147 154063
49897 904959
33302 803396
11989 130927
12936 656181
35000 1012441
13382 543689
9661 709353
1216 504148
65820 31054
54842 652168
30648 338554
49149 945365
18212 941855
18839 741445
43118 453317
21164 92700
47648 130790
35000 1012454
13653 203419
39776 78943
40294 967989
15439 621864
68728 748454
4885 917648
17924 43336
10927 765367
46163 343026
49 354436
56322 267814
46375 833595
35000 1012467
16112 755656
41880 477056
3764 680756
7031 834826
11331 320840
17453 278141
1313 610688
24220 132412
7476 244006
60041 355669
2561 912210
57285 672665
35000 1012480
44881 642148
17514 522859
16805 566465
66958 210482
62990 522879
46624 685338
14217 942762
15838 689835
35179 145598
10769 993632
55064 399769
17865 782699
35000 1012493
47747 6001
38692 804428
51068 600613
17824 324364
68714 347000
12409 61800
48331 960957
56059 833851
63043 660269
57575 671094
48543 162765
59693 773656
35000 1012506
61975 809785
44853 748827
59145 323993
39340 535409
31812 855203
14938 638632
45384 815428
68895 652119
43238 715592
37623 659418
68622 997445
51901 445763
35000 1012519
23622 387665
12610 900711
53370 61381
53940 638239
5644 374626
42368 891005
69811 941068
44110 733899
22204 719768
26914 513579
27139 806820
42415 10312
35000 1012532
63441 298420
25363 734903
41332 991863
42622 728809
25913 620673
1398 135320
39038 859865
45215 702244
32764 996454
64670 212623
21411 128485
48555 542523
35000 1012545
63987 615836
47025 466945
52757 255630
3229 852251
61756 72692
31890 607538
65894 77793
14400 242076
39311 267100
59900 676232
13668 131822
7122 505859
35000 1012558
53752 835651
6306 642615
48803 755564
5912 250262
58387 63658
12480 327004
8518 471481
22359 917419
31628 356382
37040 606840
45313 579914
6931 225586
35000 1012571
30167 575757
26683 588141
49277 14675
2165 691957
11176 742507
3469 737352
28778 144757
46495 232847
40281 246026
14770 239157
318 38741
20788 501073
35000 1012584
39645 860858
43758 727367
41011 453278
5352 272973
21985 362345
44564 814292
22386 410038
48136 74275
2898 721869
38223 711582
37732 958338
47538 775858
35000 1012597
36561 352132
46230 928503
21099 959502
15581 235152
730 893313
33433 50505
42223 958256
53700 543914
19201 904969
68805 791367
15446 650869
65817 980386
35000 1012610
39090 242188
38767 812058
34371 971355
62413 723204
40938 191740
49287 776252
3856 849835
67934 860580
68604 205492
63276 83590
55888 510510
40658 488937
35000 1012623
7993 175613
60494 319851
69417 708841
47910 43666
44452 505100
50543 307717
63480 998824
42718 268422
30740 280759
41694 506993
38293 409228
14737 46762
35000 1012636
40096 27851
60477 672361
67830 917880
66946 222249
38614 294903
67987 592851
14004 688344
17257 355513
3913 874626
5999 178587
55060 527402
14704 186318
35000 1012649
21820 6361
49275 933103
26115 529720
48755 844864
43734 230520
21860 843403
48209 557042
10864 121141
26670 765881
33188 630613
53365 532860
10053 37502
35000 1012662
65120 167561
6093 555904
43251 309043
51829 495502
27859 868373
4488 389102
48511 410467
21410 204124
10523 905881
66585 199220
28269 933195
45357 152547
35000 1012675
7079 526170
22272 240495
52832 53364
2921 789410
31557 964172
66609 913042
47172 518957
38880 924862
7728 166757
16001 131702
48592 587911
36116 156496
35000 1012688
66271 692426
48611 38961
68887 297480
22660 494524
10638 481673
67483 615494
35538 423991
62728 32884
69550 684704
116 876167
14911 7282
67495 196664
35000 1012701
42553 581629
1982 241493
33260 107691
50348 572546
61393 60191
48105 122718
51083 453109
6579 73409
13358 270154
26991 644711
13234 69635
21384 203661
35000 1012714
16438 399248
51576 617603
7136 625157
62831 741639
1550 674862
42080 805288
9674 592264
12491 230597
65780 123540
23744 191022
3598 630327
1417 656807
35000 1012727
10834 770893
11934 161198
26993 288018
20585 79640
22360 238368
40442 200156
8536 986027
45186 17071
47744 683029
33445 785488
55956 588602
59195 213383
35000 1012740
59177 276687
9684 288963
47180 472713
43688 370707
40534 547744
4067 416412
1786 404245
36234 38543
24708 937161
33617 210756
35053 453195
24302 673666
35000 1012753
44541 36576
29302 72728
34229 3428
30169 772439
20110 981289
55334 839398
59266 476688
57291 560372
21931 699876
29689 414763
52287 262277
2922 930347
35000 1012766
53907 970593
56158 741600
62055 981237
28060 264393
54544 572829
48786 648447
12300 990657
52083 769256
47646 734815
12057 406467
42922 388835
43563 927300
35000 1012779
44894 541390
686 896710
21544 561483
59033 8571
34040 732664
45742 22293
41861 381743
36692 107052
28644 545257
16513 69847
26979 822999
47632 245299
35000 1012792
38031 468039
45095 560877
57987 94160
26316 875354
33080 131861
24752 738945
18517 787114
24705 842968
13600 539410
48698 810809
31938 305969
34933 446012
35000 1012805
21545 206212
69275 205235
2 44769
60444 349750
19134 928056
37381 346367
12960 282262
45955 44585
24211 929165
33993 242338
1267 81289
35749 969379
35000 1012818
5861 973331
13935 327941
9208 914292
65702 997381
1944 640473
41122 109534
17625 265875
47920 21096
66380 568042
5474 655190
18744 742726
45890 14928
35000 1012831
57788 188269
59378 266229
63960 162950
36973 906494
39374 665389
32313 537171
42028 535915
19351 543265
59497 646068
38045 465454
9265 78151
3783 150287
35000 1012844
16254 903540
36441 482900
22430 75544
42753 164909
24464 642767
37098 514564
69652 206913
43165 319653
22588 218358
15500 621480
25945 654641
29560 89538
35000 1012857
43098 601407
65878 417159
29974 793491
53232 415464
35750 947407
33938 569830
14133 173167
39908 276540
39129 690085
37782 265070
10346 510008
51364 783891
35000 1012870
39385 494616
26577 571942
49797 860688
21635 688119
20971 915445
22174 305573
13962 576469
20283 510369
65613 586343
33484 909473
51574 278018
3646 815754
35000 1012883
23016 177330
10424 385090
30868 587236
38114 807282
30152 756723
31299 174167
10996 480131
29118 647686
49641 609157
40118 833439
4682 739745
64926 359858
35000 1012896
19532 342561
3612 100276
54672 665803
69867 539168
39361 978936
22381 190369
8881 695826
29617 712247
32315 727704
50339 24636
3819 46533
41348 942294
35000 1012909
31532 52553
38675 57548
46939 32244
25419 733756
48492 703273
39873 700594
40584 199537
5827 973045
45762 799043
57802 897353
35588 256262
36652 81904
35000 1012922
22948 56706
24370 942199
14569 56987
38129 38896
36446 196456
4880 496813
41431 622524
1576 960477
54532 57294
21647 60615
35277 191436
4422 748249
35000 1012935
1893 431295
40091 152817
54404 13925
10941 733186
51778 567208
4487 77394
57631 904842
40734 177760
49991 40713
4552 780082
22046 363442
27871 101282
35000 1012948
29540 339847
9574 300813
47871 706991
21133 176768
47176 717233
48474 322423
31631 754275
3616 611799
4821 161740
66569 976590
54415 592857
58221 669778
35000 1012961
3202 108715
52074 817624
22990 470815
60856 579961
20265 539840
41933 189116
14381 772361
25323 998225
35456 857123
63528 838715
9216 915121
54031 530693
35000 1012974
56619 613335
9325 375527
49009 68642
39484 289525
69359 379760
33133 421317
33250 520339
46516 275594
37625 97713
1316 993721
25853 258213
38447 288400
35000 1012987
1286 194958
21345 555898
67689 305891
20954 132212
23199 251154
17749 967617
25295 269036
46474 94784
49649 657743
10328 152143
58695 287272
53888 784792
35000 1013000
37198 717611
29724 913942
4232 497652
34702 196416
40046 263678
52386 183231
44309 670028
66106 885273
63696 549175
26926 531280
63761 929294
26580 322063
35000 1013013
18620 310006
4106 385933
30508 392794
49539 658527
9164 175280
37682 834150
24990 444193
65194 651643
35030 245578
25325 526862
25284 407157
9819 744757
35000 1013026
44504 279370
36498 337326
52791 9861
30323 703760
11324 425640
5237 169919
44955 900318
60599 590690
833 318378
27435 153255
35798 964125
11495 582159
35000 1013039
12642 138545
27540 308068
29502 429685
61788 280970
22993 330886
55199 823560
49312 30721
43608 924816
61766 346012
34925 797246
63879 13590
59495 130413
35000 1013052
39144 522194
51879 503503
32036 392385
61865 351772
32785 278641
17743 601174
26295 187360
21355 788919
13479 110755
4653 211801
57951 167592
23907 591733
35000 1013065
38981 482577
34904 266753
39223 731789
66865 789639
42195 225845
30757 484034
44059 970165
14700 452858
46133 883565
44450 925934
38172 624871
39299 392600
35000 1013078
66967 116014
69928 791818
50199 196553
57814 342829
12332 696663
60443 445078
33148 84638
18750 9370
43706 903017
10483 312891
5512 489978
30682 65980
35000 1013091
17172 951065
32279 86171
31679 941253
49025 750953
19447 851856
53669 973972
11548 164924
5825 632575
45983 318331
36390 742514
37952 483802
10270 878416
35000 1013104
40642 512186
10869 467271
52504 375701
64122 624099
40125 465331
46321 856703
39851 562386
46770 926260
18787 269001
65526 328966
5854 268645
1202 493517
35000 1013117
51018 153918
34907 163362
13057 898950
69929 223140
55191 138945
68319 41780
46491 374012
68537 718977
36286 852927
19496 196853
2051 343728
5310 60209
35000 1013130
8591 569837
17762 779904
22617 800810
10914 567217
57073 253433
16536 519158
14385 20127
48207 574850
63193 423900
29344 222513
46044 714779
46149 870960
35000 1013143
15495 76652
8922 476377
46715 522625
52217 795744
55691 977445
14920 413759
7484 592804
41131 435224
28120 985383
12726 121573
6242 557928
28837 760476
35000 1013156
36833 374584
12987 507278
56256 598990
53841 134656
35372 119295
38987 208786
49873 353340
46515 124381
57593 714829
17801 517466
9648 159399
62077 418446
35000 1013169
64749 10300
63702 248528
53795 240413
60942 900074
2693 453606
15788 249119
12193 245146
12936 16647
40178 418237
13311 457841
10773 799567
22445 215186
35000 1013182
39431 549135
7966 996852
54029 401820
12020 744858
21401 207093
59071 418238
37919 738390
18914 663252
37707 103899
14147 271077
60447 699709
8881 8291
35000 1013195
30887 47509
22137 360201
25547 76940
9791 401252
69243 34295
64189 951772
63637 42582
21801 456229
60251 902152
65925 665522
27317 183975
4931 185385
35000 1013208
10155 805352
66908 440140
45295 183886
45649 374798
62301 681895
36465 68218
41325 898145
59461 761571
42742 847089
20264 662136
9610 763745
53221 480299
35000 1013221
44771 332340
61317 241895
26866 209794
15936 682103
14167 191376
35281 833808
58837 933995
52240 676082
60517 104887
18706 568943
57348 675254
23684 18177
35000 1013234
10716 182387
69540 846240
55933 911524
62081 390437
10131 336958
54207 496657
10517 5407
33240 590672
19054 500931
7015 931810
69935 444334
16985 744926
35000 1013247
49986 518799
45178 973209
21332 161463
27831 652241
36818 255272
14432 98024
2577 746925
3680 468296
546 472937
69725 456247
60940 105505
21925 766020
35000 1013260
33894 279539
61058 859845
5717 33980
17603 775202
36146 576796
53793 518798
33764 240674
20856 959103
21722 748009
52270 162588
41445 488896
33340 335467
35000 1013273
57813 429531
365 457890
63199 243086
17390 909216
65705 560443
30877 107827
31884 695101
25327 25893
9220 269128
67272 991721
67698 773881
27995 899929
35000 1013286
38205 774368
29991 99190
29005 194568
37182 189049
28634 685795
67229 337302
33968 617785
6200 479580
11265 785562
912 856995
51923 603411
58221 467932
35000 1013299
68703 589727
61305 401612
43289 807488
4821 875634
60965 810901
63925 97312
9081 865428
8245 112054
55210 360061
20333 618236
63996 621124
58601 727963
35000 1013312
8491 951591
5777 328035
44329 93689
49530 658355
26816 685886
7846 408842
13912 345544
8448 152364
56398 465140
28113 596041
1431 280371
38203 234836
35000 1013325
31948 43937
13690 402653
44701 226204
42049 907372
42766 488837
56429 854437
19200 356546
17833 344315
21606 236415
56519 812965
5199 614789
67348 266805
35000 1013338
25585 568873
36253 511401
3461 679740
48816 819194
31018 478240
33150 391868
50454 153386
47191 918442
821 304372
60346 630023
44911 859065
9656 412651
35000 1013351
5830 627358
23817 288502
28117 923430
25574 460256
7754 860594
2033 466743
9745 390053
37269 448236
17337 571224
7125 810667
14450 450144
57311 372017
35000 1013364
38684 849737
44646 938837
19638 731755
20562 521846
58762 532209
29588 658736
26330 346498
69939 811500
46891 279793
63852 116907
17992 200671
54370 838253
35000 1013377
16139 636529
43566 53559
3669 145257
9999 172010
19359 444502
38560 970726
69964 85820
11239 765604
18872 608036
63321 773485
16998 555126
6245 377803
35000 1013390
16756 732867
52300 934851
5108 420899
12178 182722
49200 18084
30790 919155
31794 583084
68201 377361
7677 296653
44431 635765
42882 442177
39119 305731
35000 1013403
7148 650088
31818 366068
37136 113102
45351 908436
14670 228762
7692 993415
18315 306418
1209 472
35734 407067
38868 934395
3778 840222
24568 408345
35000 1013416
17932 361038
12197 239959
2314 71885
45334 310384
63249 445197
41333 680949
68440 916277
7606 776279
30902 391259
40507 342898
60925 756086
36164 926360
35000 1013429
69472 106038
29038 635115
31955 518520
8567 544709
4844 702028
30493 479662
12495 623378
56276 463310
11146 933421
47822 811363
33175 610501
29772 637723
35000 1013442
33575 80217
50211 431720
55742 695664
14751 360887
57904 607006
64529 471030
65120 92261
34664 189581
45743 999552
15958 672733
59225 471968
23575 350945
35000 1013455
483 873836
50989 382264
63411 160205
60701 677525
12591 112086
56237 446577
9910 389553
65956 598042
36735 323498
64333 535131
30655 945568
2552 349676
35000 1013468
34258 621946
29836 214327
24900 779846
39188 371187
39680 46203
54458 519823
20006 626692
33295 270170
33392 707025
47019 940647
58248 377075
21154 751910
35000 1013481
4398 253522
10032 432405
48052 845603
24405 65471
47137 144036
46883 184655
7108 282286
56739 159034
1898 781909
8653 876085
69866 742094
54068 910310
35000 1013494
518 200239
52340 544271
20028 400304
38310 457405
1316 932856
38520 878605
58626 140306
45793 609796
33013 137951
33525 12043
21847 180828
4789 445289
35000 1013507
22340 497810
34784 438627
37576 667763
16625 706925
60909 450044
36119 171469
64132 789481
49946 381843
63393 931388
67924 981182
61412 424254
22868 556644
35000 1013520
39441 640067
5366 780340
60894 780027
13474 322002
66903 293267
424 556432
40493 624959
37487 298909
13904 115762
16314 201238
63968 479865
61608 800457
35000 1013533
13519 393049
44249 38170
8797 128946
18191 463279
47754 699995
15301 228841
7417 895712
25522 912144
56830 515456
25578 711095
48292 79063
17221 909827
35000 1013546
66502 887334
8523 56056
55927 375744
4743 131652
5824 602027
52311 191110
65130 694042
25182 579213
16739 162404
27464 775257
38945 950893
6918 282436
35000 1013559
29268 397913
35339 938855
7908 871702
13845 245361
29800 144892
3883 213761
67433 546690
66135 659269
48033 342911
20622 467668
10779 605800
46880 872783
35000 1013572
2892 876086
33042 568643
56717 974930
59448 17171
41492 832076
39840 303168
49140 862827
5936 559744
7987 89103
25550 77176
69739 265617
10726 832355
35000 1013585
53589 434576
55881 694221
9162 128336
18290 225
56297 404382
16058 675850
60110 8913
36027 489807
4486 807447
30679 571794
66221 708494
926 189697
35000 1013598
32285 976711
39187 994980
64829 975059
18563 480023
65480 452500
67036 493469
4108 332777
7314 320169
7920 894781
53548 896478
46301 64249
63652 723468
35000 1013611
52243 781345
64155 363156
33311 109105
46572 949492
6075 104029
21322 364424
46878 884886
8145 232307
48937 769402
19634 847687
12328 344210
48149 738832
35000 1013624
14467 376255
53171 699632
65836 189088
41882 871589
64213 391335
64605 635046
45347 843348
22429 7082
39852 310897
32187 438883
10130 346891
68939 435244
35000 1013637
12779 462085
889 989116
59999 164152
60165 390468
20204 182168
17731 480400
32100 836208
34450 66120
38685 99823
10768 760102
55080 402640
54405 774959
35000 1013650
63466 363409
14110 635101
67773 321143
39117 910580
3646 810938
27698 27437
31172 293694
33825 24475
17776 326030
15698 538047
26038 92051
54023 176835
35000 1013663
34925 255434
4935 371532
35463 620478
5812 941427
37808 233240
33070 148782
24878 371682
37011 110646
59005 796822
56212 42526
16372 371511
59260 580510
35000 1013676
33729 789006
23885 227303
64215 616376
49541 536657
66171 645849
30230 86122
58559 484352
54437 516707
28767 279114
30809 973194
65823 206313
46334 187352
35000 1013689
42274 495969
51208 966557
6744 98440
20348 565499
21851 361823
13101 323471
4928 528545
22291 128067
14641 989281
21145 124391
1374 242789
13902 418912
35000 1013702
17987 167643
3381 964645
1195 756720
60656 649536
33441 232855
9911 260316
4818 961064
9855 463255
21845 451523
44763 240417
52352 775244
11279 187603
35000 1013715
58593 222761
57255 856757
68507 211333
55176 412635
45297 51179
63105 111977
24653 916185
24688 517183
42508 650189
68664 965220
33242 382335
26765 231087
35000 1013728
50484 172989
39989 749134
27699 234201
19108 240389
2441 15707
32687 55798
28896 127202
25155 278657
1465 86275
7713 906124
27610 215100
7447 634483
35000 1013741
16459 95259
55411 303973
37909 102725
11696 766426
46448 721183
5133 829255
44846 225754
34694 804933
3994 110322
1171 648645
30805 508424
47131 797127
35000 1013754
21431 925402
58822 413044
27015 716033
28595 759009
24702 606000
69136 410284
15905 194376
57933 598164
52342 880642
69634 791432
41278 834000
9320 30651
35000 1013767
6156 234629
17159 110584
5912 961668
27454 681981
134 513087
50303 840403
29733 941791
32890 24221
45423 79732
50049 386146
24361 328668
47504 420985
35000 1013780
7492 683482
484 865932
48096 360486
26208 17535
57438 61825
15208 157029
30795 860397
36056 749297
51308 220048
54959 132401
66392 144062
49357 57984
35000 1013793
47264 726143
4653 980842
33377 534004
14691 619103
11694 424931
58800 261004
1331 88389
63930 880396
14042 259054
22523 327592
56786 458807
13373 82522
35000 1013806
38853 89476
44021 900003
3143 710924
59258 406182
40738 947560
21136 535160
12432 365003
8092 863487
45654 231825
19736 396525
3729 738451
39975 543855
35000 1013819
46233 529744
33350 164531
36303 796226
2665 572453
24959 750669
47603 305618
762 534626
48510 953319
5280 127519
1339 648949
2573 724946
59078 895185
35000 1013832
20483 931986
11282 378445
30544 153734
62912 336343
66229 10965
21133 57018
36404 651931
9926 793044
22070 531148
58776 287267
25866 460079
4597 37672
35000 1013845
41902 241760
64818 478504
11249 917598
47855 280854
28442 838316
64486 150356
58444 147118
55399 898615
17258 951419
21161 84490
41803 118557
33005 54502
35000 1013858
42561 525090
12777 769178
57490 801161
59924 799991
6640 785385
20325 899944
48478 38983
3705 999001
9399 345352
24062 806403
54398 838023
38985 575587
35000 1013871
49916 937311
60427 364648
53458 393856
27455 736271
26626 276362
65440 311492
42577 682034
6246 297086
53992 343186
50954 334833
16504 410107
38271 648466
35000 1013884
45460 845763
69236 173521
10352 713534
55753 627970
21962 211191
25544 2002
57779 643535
37473 480737
68368 845038
35205 995602
19695 729766
60763 251763
35000 1013897
38144 147954
575 881534
16158 108656
8084 750609
26375 177279
37638 985954
19457 203289
10727 907856
13116 399831
58506 394946
50494 146074
8705 538452
35000 1013910
51283 447720
29537 4719
19268 262913
29262 496200
11970 480027
55997 344117
50783 523929
21864 417624
34742 461451
51198 957075
36699 91894
16910 512719
35000 1013923
5901 826728
49942 645059
50091 569089
5654 638824
47875 308839
16119 176973
13105 339821
47784 263256
35929 968708
47278 634902
57230 191324
45128 537518
35000 1013936
1149 758211
19483 97961
67504 539006
38731 793052
66971 306241
55780 598641
2125 134482
40724 791595
41049 910817
22723 410584
45277 534219
24182 23349
35000 1013949
27948 899891
31779 685105
51666 51547
11677 507330
18036 997304
28393 866128
62077 644766
62301 268710
32661 764844
3588 216341
164 8361
22826 327917
35000 1013962
33590 946611
59107 705014
16420 40946
28743 345717
36338 299430
33397 875608
60163 517910
4123 60910
28185 429134
30034 375678
42897 518365
35414 19789
35000 1013975
9141 728911
43992 298187
27369 854199
16443 551058
41331 132832
8143 438684
20838 458709
6797 510534
66012 453113
63279 236437
50638 813860
49716 731922
35000 1013988
18057 121306
67172 349415
10639 813882
42711 284247
38185 827680
40505 749660
6144 345240
4514 170027
16316 785396
68105 122975
67031 950133
2680 23158
35000 1014001
32171 676395
14901 458164
47082 94192
3247 901527
12043 110580
63285 565923
28606 715969
37910 959750
45702 716755
42485 358293
40929 661575
18570 6252
35000 1014014
63772 638816
68816 68184
73 951556
38592 581861
51822 215639
60336 216712
22150 900523
45880 885890
58506 677742
33297 924126
55935 473955
32655 817886
35000 1014027
32185 90297
15757 578687
30520 50489
64304 7354
59953 721345
36678 965200
15366 408152
23341 205047
35633 524931
54270 649045
21464 115356
44011 340919
35000 1014040
29628 564187
49783 366256
66174 353721
43555 55685
26043 603170
25265 99148
2712 566959
58473 831344
66211 179784
53156 540521
54998 364279
37809 3942
35000 1014053
64530 554646
1218 507934
56483 403272
16145 210428
35728 276116
56227 847186
45460 68836
18733 38951
37401 170040
55521 41590
27750 593847
54249 528599
35000 1014066
21474 203168
21532 595912
18910 851232
20741 788126
33328 175786
2432 996683
43196 152903
55661 532280
29096 447147
3894 820904
4856 419323
36168 647133
35000 1014079
54134 810508
7488 148786
32992 516596
48771 302752
63779 813544
57312 47751
65073 639546
16318 818517
20087 483225
44958 771189
64137 539178
20462 550427
35000 1014092
22113 622548
47526 612381
12311 220737
48772 674677
14246 269145
36223 18352
63694 921996
20400 59734
55362 900685
27790 956828
31177 24954
11631 82149
35000 1014105
15340 119681
56589 7870
62932 274198
54936 143955
4947 633513
18476 737064
4871 479954
58572 528216
2548 443193
15922 890831
59727 350192
45047 808856
35000 1014118
20052 910685
18562 834859
62562 895542
54645 148499
14423 770583
24849 414368
50323 715584
20785 813370
35142 904152
61811 406586
56522 976183
40364 503657
35000 1014131
65895 561297
52360 296467
17612 943490
22280 375571
27384 352311
62325 103342
33955 7918
54376 697553
56448 220600
16852 82486
16180 472862
7783 209284
35000 1014144
4319 850480
11491 163900
8297 790666
46884 96278
54687 257093
298 661217
43732 600490
12249 645872
4476 996572
30128 231045
45752 798736
29150 444162
35000 1014157
39799 631318
12299 99647
23225 468047
21849 378987
57381 514622
20692 643380
17129 259285
626 105270
36897 819389
55722 367568
29322 437480
47383 723633
35000 1014170
6790 555276
35803 22364
35884 134520
6833 687701
11607 38442
21923 815200
33636 97332
24412 443597
34181 703845
10765 206581
49693 658974
59517 187090
35000 1014183
50862 371797
28055 281211
46817 386412
38125 172752
27104 538113
28510 778548
3600 322800
36060 500820
45468 902799
1016 355142
24609 749131
58643 375908
35000 1014196
38928 457483
12965 590540
30600 278744
6589 738955
16714 127429
12467 717096
67817 397082
5892 608341
37577 334979
46640 384049
18090 837590
68211 980617
35000 1014209
59770 403329
67156 793316
26057 546076
53176 833255
53506 908025
65407 569890
42138 367059
44478 141531
18551 737738
50975 58608
27714 705656
23392 904263
35000 1014222
27190 487061
57265 854352
27933 558653
7122 661676
48175 567489
19332 21109
63499 669267
66234 82608
50626 225278
39733 46652
58170 98991
56758 968930
35000 1014235
4324 397173
18075 807133
25157 592334
7182 922660
38478 82225
30037 530542
23926 848090
62792 20289
3037 969820
2238 781317
36538 375941
17462 116178
35000 1014248
46927 546735
10015 733261
14655 868619
4615 905922
15006 188326
33957 693372
44471 268540
38475 675291
28003 949020
36030 245025
60389 302152
39413 980243
35000 1014261
30842 645373
7836 384697
24811 578588
3441 241080
21758 263255
21442 389652
42719 762505
33968 652487
10290 700366
18573 499494
8704 668456
40407 140373
35000 1014274
21478 772698
8311 937605
40824 539047
69639 820736
10511 132308
15930 500720
25220 153787
49688 803248
53830 529903
2638 329596
61013 126663
17607 676135
35000 1014287
46140 264980
13909 680300
65139 598965
28301 609063
32730 432787
14891 986472
37611 481546
61940 931886
58556 462918
11310 216999
35458 22435
36123 714019
35000 1014300
35761 745575
66111 55313
64667 375752
19950 759751
58803 380921
12595 519020
16203 191758
54429 184365
35445 813254
29019 83619
39236 402002
62870 404300
35000 1014313
14458 862067
60281 20447
51508 410561
34668 894510
14739 164621
68908 481708
43075 844562
52766 764929
32536 825977
5804 882455
61728 400616
64 321387
35000 1014326
37683 590405
26726 823983
63080 226340
15591 915823
10078 205537
40358 185517
17002 923649
14280 212742
26636 886240
16119 485522
3044 92373
18298 421597
35000 1014339
38949 405480
4257 679824
41720 759122
8953 278594
7195 596790
68463 160857
49637 569800
25423 311872
38599 134185
554 295999
29438 140496
65113 839455
35000 1014352
31029 92403
68941 32567
34462 620978
64978 504577
41114 935782
69133 527252
64157 836761
62003 258579
34241 514939
12523 602474
17494 60370
13123 395954
35000 1014365
31791 992417
23283 15312
44503 969226
4124 141436
18052 711988
37381 547143
19370 604595
33705 10576
47231 773391
54487 301525
30599 229967
67147 231515
35000 1014378
14306 552469
20309 943517
4627 156211
15613 83363
25184 336889
43348 416435
38934 738277
38541 934317
5172 154686
278 817258
49812 176258
45433 312821
35000 1014391
38277 526708
11839 46972
53330 538734
4654 780029
59242 244354
59537 113486
9247 480858
69508 269403
49805 285682
9498 593815
64311 722094
3780 549552
35000 1014404
8710 316292
20452 37910
37635 602532
13336 226601
518 381231
1224 819975
10843 249093
47120 557756
39007 131216
56165 203899
58210 186159
25313 666961
35000 1014417
46111 470405
30906 507316
43870 972522
44136 428802
25349 237845
1945 947320
43877 830540
26330 636629
19847 651411
55267 743272
49913 538763
31091 853309
35000 1014430
39264 488518
18163 786564
22302 538235
20076 719097
20227 683795
62720 483665
4091 469743
36351 940634
16213 399434
45920 219012
5350 209906
62440 85316
35000 1014443
11512 550084
58242 771703
50552 285959
37875 823272
42849 554245
40665 176586
62185 278852
69635 628505
17317 890798
51556 510221
63857 657145
14476 986302
35000 1014456
12156 613301
29550 826297
53888 144815
59123 470192
39592 632396
42320 88750
52390 329659
17052 543034
1340 401810
51345 731194
24017 533284
12163 109368
35000 1014469
45406 732750
8598 622578
58637 868713
20734 588687
61654 976444
13159 95810
14791 561672
7845 960763
19905 901268
36052 555393
19966 117357
30293 787104
35000 1014482
12462 253560
4036 950826
29727 463939
1757 917358
1703 60491
23909 455445
67079 396690
47349 734688
17501 500572
22310 133520
45291 68708
64188 755311
35000 1014495
6040 771456
21168 584161
55555 608265
749 25429
41207 52856
24795 339149
35744 751301
7207 676785
46826 92930
34165 22339
8340 673570
36117 602785
35000 1014508
37329 963568
28367 886181
1816 946938
18461 36845
18801 124320
69865 547120
50356 696136
31548 847668
11370 627134
22302 63760
69348 539578
48324 933641
35000 1014521
10617 159471
7628 175665
12781 785835
45784 846971
58143 849015
10311 179324
33994 442669
46097 622252
63394 752869
8354 732299
36545 954728
31263 782687
35000 1014534
59902 649703
4522 607458
51662 175123
66610 387647
64419 315316
5662 177174
3400 617693
14634 392320
15222 565794
11470 91957
56000 621522
34538 682128
35000 1014547
64774 307702
62432 323830
13410 284945
20295 426655
20147 613860
45981 368656
47632 137062
53594 393960
12343 350642
17453 870790
45714 618291
2301 80853
35000 1014560
63315 818343
57306 167526
34999 869642
27334 935213
576 101652
44209 310408
59284 867566
3749 814611
41861 955215
2126 467454
27224 167183
39960 714060
35000 1014573
62871 352829
53865 39629
28298 339014
46786 59357
20419 895147
21086 691954
8834 303173
33732 649850
6748 732567
61570 719475
9773 645977
57256 480212
35000 1014586
6728 497444
28584 490032
10798 852226
15484 561902
32147 403508
12460 530322
65584 3923
27811 140530
10107 121109
26007 57008
1615 615250
2048 834742
35000 1014599
46449 358481
6918 898322
65379 178771
10136 673289
18420 156429
50497 348637
11285 398177
3670 569444
5309 362981
9079 997293
40189 244508
9946 244910
35000 1014612
3183 447342
23320 497307
32594 493853
21315 912604
43380 923512
33319 73273
22463 140035
50873 90914
35955 351686
3476 321679
15103 832474
10715 388889
35000 1014625
46272 52960
17640 586683
49154 9477
65481 37117
53719 193519
1146 909089
58059 531943
13587 721457
39762 635009
40982 196155
24603 115293
124 914144
35000 1014638
43203 467333
3893 63754
57582 578832
41349 486528
267 903686
66557 274869
37114 846894
40799 857216
6133 565829
17867 271936
26986 583515
24116 179459
35000 1014651
28771 951476
66080 972751
68262 1378
48224 238175
11898 133172
23686 632115
69231 791841
27672 782856
42521 16022
19694 786764
60852 194764
34598 249128
35000 1014664
13538 77176
57725 103523
29465 218214
19403 984601
34310 392294
5067 543260
46411 596665
40999 501229
34035 546861
68275 433835
21838 898148
6527 805626
35000 1014677
46300 261463
54463 739707
33497 6122
24068 10766
51272 285754
55980 62205
64150 449354
12742 36186
26798 433645
51581 805482
10123 720817
4771 95336
35000 1014690
255 372210
68540 890686
12061 596927
58263 438667
10795 309536
13237 323069
50700 973471
59710 87928
44786 397441
8787 736847
45305 399277
14866 676895
35000 1014703
16777 506174
37661 70713
59215 879055
12671 989393
67516 656079
68255 551866
35243 638193
17942 751921
8745 249127
59733 537890
25709 772538
21121 271553
35000 1014716
26463 964336
34477 820307
50856 312669
13903 313495
60244 329979
69609 885577
47678 45453
54790 74752
50709 127970
21852 546893
26502 658033
12389 751422
35000 1014729
58304 523390
58624 888081
20127 278637
22887 969598
57844 891196
3666 608046
20328 131269
7226 244226
32173 296402
43226 32613
25690 244848
52228 396212
35000 1014742
30003 472501
211 880717
17159 830911
32231 728040
49936 190820
29828 517759
13587 998118
7729 203351
37280 989797
63565 172786
22706 371376
10558 430892
35000 1014755
61086 606461
31642 175763
69122 69244
66001 348431
19499 472971
6923 602896
55438 192651
69965 585695
69332 121917
34379 830996
10884 318280
46795 3853
35000 1014768
31611 254625
5267 766074
12528 118873
34415 402131
17406 200904
16539 790963
67 124008
43691 527999
65226 606769
69095 78821
17075 267506
59294 799558
35000 1014781
22456 13543
16785 572845
63629 611242
19781 528
22775 425994
34949 851301
2006 303068
2503 192152
47193 403398
37925 857673
57209 945666
53073 765746
35000 1014794
53492 559301
45415 909580
67574 278256
1731 282848
5408 782683
10575 303073
53471 682358
51352 435262
13675 83681
44322 236028
50971 180434
60823 169231
35000 1014807
49871 987024
4248 391891
21966 686978
38543 318288
69069 393597
3587 896158
63115 184704
44688 121945
53484 122152
34682 770444
24523 85852
8591 286624
35000 1014820
33285 958429
47321 86439
45517 945813
6772 319975
23755 433634
50770 711257
8571 693534
14759 936672
66755 50465
40343 481023
28785 272479
10991 494626
35000 1014833
6417 440040
53027 944549
19377 298650
23353 572668
13385 833023
57658 502305
2442 655272
15514 594562
61751 866939
39861 843222
64980 827163
55681 76003
35000 1014846
32631 335880
17050 3710
16378 136905
36028 638903
62031 385329
41687 868571
46223 760695
54241 976749
42304 880892
21682 882187
32079 462981
842 442902
35000 1014859
9259 497347
14393 777956
16918 877757
51192 934384
63150 954693
42945 11954
25607 883196
35170 665397
30356 49778
43392 602378
15495 237234
16889 465186
35000 1014872
35970 572253
28916 967066
58867 681490
39047 165147
34676 691676
49414 971222
6054 917059
16077 212181
34978 209892
61317 630832
56403 684755
54162 885931
35000 1014885
27561 508701
18789 94618
39230 860325
5274 163606
49203 815340
1337 497354
45111 512736
35434 896277
4810 501334
22621 416007
12009 251666
23978 651115
35000 1014898
17850 435677
44156 307015
25224 788353
817 305872
39025 375642
29057 966554
38518 172304
12639 599939
18900 952757
11080 754491
19772 914232
28329 587882
35000 1014911
25459 183367
11189 745187
11089 473770
28043 151244
3272 358580
20871 800455
41356 719810
25467 58902
39361 554795
57369 481477
57577 433978
29343 349980
35000 1014924
2452 139877
35644 941004
2960 406933
14271 490367
8324 677441
28190 706835
28148 782092
69759 95566
9512 893655
43331 193423
57518 97097
32518 80631
35000 1014937
11902 42427
24859 470429
33801 852576
65036 276935
49817 791689
34319 259197
20120 293923
57563 660910
45220 863058
54279 999338
34941 995413
3597 706825
35000 1014950
47245 61781
27474 555069
25561 717621
2141 191588
1872 845693
4047 383094
24666 833821
54785 920709
47288 159671
54211 329698
64636 175155
65278 982594
35000 1014963
36131 304011
64314 986043
53072 822744
61386 640996
32502 464832
13827 741939
36740 874439
9923 665804
1751 395575
7931 167344
45565 780449
13955 869546
35000 1014976
47990 228118
43529 948789
1658 654972
67609 563031
675 510014
32243 9865
57008 436520
65476 858734
20534 461121
66653 844485
56957 168498
35037 873712
35000 1014989
68610 500630
31662 169160
37492 51602
12513 719701
56395 59241
62816 159356
55617 88833
16519 95674
41426 880225
42039 642535
40844 834255
43550 785750
35000 1015002
40860 68040
22979 216695
24691 910966
21710 965999
45732 870238
20066 917224
16505 642154
39996 262999
39950 852237
43617 566133
41428 478667
54693 771602
35000 1015015
12439 125895
65056 328780
25411 75544
34398 748559
30383 788134
6999 318760
68929 415745
47810 898564
49709 909614
48990 982397
18359 713246
31695 362125
35000 1015028
6273 381723
14953 162862
21571 576378
42538 834431
1009 341325
45331 367256
24241 513033
6960 899105
12134 524031
62434 943608
2337 650024
19647 587091
35000 1015041
38260 66884
49777 878334
26984 66488
26088 683369
30229 329788
2232 899964
60400 235933
13199 64985
40204 395546
25998 593682
60174 265028
42680 17821
35000 1015054
4126 122810
66082 855699
46248 672736
19524 319403
54936 877396
56609 39789
18918 63201
4688 770331
35700 987945
40414 292578
55883 72706
12931 673083
35000 1015067
51531 382192
56839 421711
28088 881592
12561 372223
49381 870521
39092 429022
37095 257211
41241 667260
59388 711895
44197 773848
33735 185082
53580 659285
35000 1015080
47475 603256
36080 156937
15898 70174
51706 359920
25724 330009
44471 281896
3150 308560
51837 215382
14181 517166
9907 784602
5785 607283
48823 509067
35000 1015093
731 469704
62436 111989
37283 70435
45495 965570
9204 276259
16385 500547
49871 635165
4854 914708
38164 855494
53580 44282
17425 882754
49442 902302
35000 1015106
29709 959958
5701 48917
17532 145050
63969 902028
9863 778544
37217 709376
51460 656991
44388 838222
47575 109262
31801 800934
24288 508775
65439 825267
35000 1015119
10291 651734
16588 700580
25586 66640
61488 964246
61251 984494
26629 644213
46669 876819
35753 661753
38274 865558
16584 692507
6513 297724
21552 586014
35000 1015132
46738 115435
12442 813737
16709 691234
66168 96903
5636 466214
39937 289674
47103 420742
51129 141606
25375 667026
53877 69627
26542 126955
51232 427960
35000 1015145
62572 606072
5594 100468
44034 664824
63810 564025
58281 939599
55718 743535
32194 639420
25853 474604
20127 246264
6248 270386
63916 714342
6569 64210
35000 1015158
52946 773061
66983 474748
18241 382594
8199 992327
38424 507854
69209 319486
45729 260898
7532 313891
41808 423514
31567 200135
61227 973179
66710 979330
35000 1015171
32711 389053
24137 780734
66026 973701
22934 758259
69323 843563
12270 83974
20136 438290
2088 603852
32313 487875
25692 698679
31222 74830
30703 589444
35000 1015184
67825 28368
55634 743500
24817 339553
61002 282985
39420 734401
47110 61944
57834 576610
30104 302852
33625 843549
45991 577395
62582 739642
18982 543239
35000 1015197
53806 389014
44589 205767
54617 273835
16398 144396
46379 26013
12766 785149
37001 715268
31540 836656
32311 601230
52401 209699
47058 854377
37245 357781
35000 1015210
58747 609710
6873 432888
16385 532939
41006 201929
40803 44508
64218 147717
57922 38701
19727 188259
45007 695928
4437 358024
62867 291405
13354 44210
35000 1015223
48379 974048
35272 951458
10052 546858
45236 590147
21389 465462
55666 617737
2884 657499
45984 981252
5579 28943
6450 739905
24305 757048
29016 380867
35000 1015236
51644 863531
5541 736567
50012 505106
43412 736832
17692 26097
21644 813989
7226 800405
16886 64650
29735 360429
10813 900702
26712 153689
3739 140766
35000 1015249
23215 607557
14814 96541
22433 775138
4677 559426
53719 505614
16889 759815
48455 440369
21672 589819
35951 387488
66507 946587
65359 872575
7956 238570
35000 1015262
67002 931634
39989 953759
15760 132460
25188 852068
6395 784138
37702 445438
37440 566723
57698 672869
51410 941526
42527 536302
10095 233679
21175 34197
35000 1015275
58694 449209
19620 99143
4858 405544
2748 537226
45655 610280
2107 448585
47224 495881
16034 825634
48984 632558
19411 154416
2098 512164
17311 654853
35000 1015288
2572 80809
21975 903417
15882 369443
30887 978067
19930 869663
38200 146720
64654 347892
29143 275644
29043 597006
62697 298255
24984 267932
11316 449449
35000 1015301
1401 44634
66260 773207
52794 21624
46200 957879
14316 844058
29781 124284
35433 902907
56759 488124
4436 859401
26118 12663
24085 537048
50814 238612
35000 1015314
47829 275860
21762 357487
12453 935293
33410 365958
32138 669321
65804 956405
69876 861073
27879 194463
45741 969315
32383 620160
24115 554996
57353 822469
35000 1015327
22666 410298
9995 667690
15616 429355
31721 415739
58538 171748
47672 739291
65069 394891
9557 968329
21264 827166
20365 157027
494 190406
39849 578878
35000 1015340
66673 991486
69219 607309
25244 493007
24705 761302
60274 207560
16922 6975
27096 555158
7358 484187
6505 906095
7896 973458
37575 838210
60422 554056
35000 1015353
60715 95532
11565 941393
37535 144442
12207 381475
19632 59414
63531 673187
33413 272799
58949 3524
9412 901250
67929 804702
67742 446225
14098 875022
35000 1015366
27114 636145
31073 122882
48623 23246
33666 822144
27694 718690
51375 853501
35115 408992
700 370222
65656 522512
48337 183244
39853 678553
55601 534894
35000 1015379
57050 9096
53480 781834
45954 238597
63685 810685
34193 36308
55740 518415
25394 365585
1193 374739
67407 283132
32162 6305
63307 866197
20933 426613
35000 1015392
16064 13319
67692 7932
55456 986828
53051 646031
29691 242305
67401 320621
50216 941002
59461 221663
8711 3601
2662 229000
43387 595100
16472 725475
35000 1015405
58803 648039
54325 32302
4925 604977
43160 834773
65558 163930
55401 428978
43052 564819
49152 423410
40921 796678
10242 484500
51716 202180
22689 626055
35000 1015418
27543 100887
67271 576604
38992 744936
8403 226372
30601 403991
29300 143040
42279 320964
8283 820271
12602 363971
49689 516646
31475 487474
52413 756506
35000 1015431
41719 994822
35041 858990
47834 7371
30803 225630
49196 273805
32462 219570
23078 501289
23615 490944
26772 722518
7350 83711
56242 212175
50781 134555
35000 1015444
57907 326732
52464 208719
65862 230471
12276 972366
5237 612048
52501 476565
36512 709937
60003 518629
19594 164641
22983 381729
59814 682952
31512 141589
35000 1015457
34006 122634
52903 294889
57692 512970
28334 841276
49777 724259
6117 875614
59633 453517
48428 981736
50823 742054
48076 253948
597 482808
42 116707
35000 1015470
18732 322656
24973 29172
36452 354427
61338 664028
37599 386436
54731 944317
30011 224724
6259 468805
7017 146894
41091 134844
28377 257559
505 496826
35000 1015483
8365 172575
34569 415899
44919 718652
6042 347081
23295 4619
50877 725650
57878 103137
1683 96094
9121 278417
2582 58473
51652 747244
16978 156178
35000 1015496
67732 490976
1239 485655
1308 919374
31372 1794
57312 370811
33851 992934
33412 156598
37599 102548
38885 359443
23930 753771
48305 53438
2415 54568
35000 1015509
63264 118381
14562 591779
54377 759368
20845 61510
14919 696062
60436 151959
12317 808860
34771 349775
47892 235
54777 272273
18715 549286
23331 262047
35000 1015522
50400 23817
61701 177278
36620 298330
21468 468900
46098 979499
9388 559116
28146 751698
40147 676453
4917 871128
55246 56527
15594 145948
36763 467796
35000 1015535
66887 627978
32302 924090
48960 317904
37158 935334
65719 581491
20397 943086
29541 674787
5266 890962
30747 115965
27947 657577
11011 743946
25181 754460
35000 1015548
63798 762894
57466 3694
17646 245430
6208 167279
20710 208102
50655 830601
39118 183066
45495 750413
20771 93951
64161 207466
67300 270153
43592 366094
35000 1015561
69918 348963
45955 816921
1534 556291
18066 879850
23412 973486
42755 463929
26652 484181
4391 51240
30360 804405
62202 349155
6481 495504
30840 653698
35000 1015574
52813 427163
59770 894916
13593 51209
3602 414378
62710 177167
62938 38936
41058 852853
3536 368273
28047 766267
31756 635391
1727 157452
21724 319161
35000 1015587
25168 561732
1930 238115
48919 825091
50704 863115
14190 381195
61859 493951
66530 775397
55037 315091
55040 847424
51030 698105
24219 193410
23627 552907
35000 1015600
7845 143322
28833 275576
13999 317989
48766 293218
21706 215392
23995 775645
4392 289145
59017 378238
27247 651760
25426 750607
17463 226405
62784 461238
35000 1015613
62971 867817
61040 757464
48886 941698
10398 993994
69754 161143
48216 807909
22604 486378
19824 244112
2360 313928
17154 563128
25684 115517
13231 411324
35000 1015626
6877 446687
62896 887829
65912 772670
33784 57794
24061 114586
43153 250880
47588 235412
6746 35092
38235 397800
51306 943104
49060 595560
51406 436083
35000 1015639
38689 400226
49028 862981
55529 890432
10135 419552
25533 7805
27794 738898
29388 144244
51941 250743
3662 933626
61725 773989
3269 997671
19163 300594
35000 1015652
57765 77223
3649 785352
28657 983334
30050 648000
52707 322406
50495 483152
17213 859916
45451 716186
63493 786297
38718 484300
555 881877
747 248174
35000 1015665
28315 738271
648 912538
42352 633084
69006 200835
40024 431791
38232 166575
53124 444385
12905 660172
30179 80963
11981 680280
61027 741867
47636 464685
35000 1015678
10818 854817
41573 878907
20800 241103
17257 565974
62499 12267
29106 690365
7772 300122
56184 835521
2463 992057
38094 151725
42026 125706
6151 499493
35000 1015691
19725 134417
25859 430530
34680 263952
41294 431027
22361 956875
28281 841676
4524 536517
3387 815273
10964 737420
57723 158361
27893 517921
55574 944429
35000 1015704
69553 69695
38030 277057
3917 987008
56383 846950
44874 372208
12149 748026
12361 67772
22997 867953
66166 506424
28704 389996
55292 334212
15272 940945
35000 1015717
41888 287014
12259 7938
35522 664856
17441 79830
27577 190757
22307 229198
27355 488614
3363 599062
45003 378178
4808 5493
65148 250801
18635 966686
35000 1015730
46237 767595
36678 890854
53975 896503
22489 535226
45635 640353
43690 248672
33368 12211
55778 741164
54462 645020
47550 168950
69332 487708
31059 5966
35000 1015743
32142 175840
29378 659967
28629 450588
62807 445254
45884 114321
54660 63309
59049 807019
24782 996600
58936 662188
60958 75268
21032 670373
2760 810232
35000 1015756
54936 382000
4001 815312
57018 132504
39929 225131
14494 463873
47429 200287
20163 787222
46897 513082
51746 779175
21190 212173
46922 237692
51345 634341
35000 1015769
43919 10140
16939 239352
2934 436611
68172 365699
63276 228477
61943 215058
26109 128350
38227 545534
49770 989929
40010 225655
2753 949358
16238 765649
35000 1015782
21224 780234
18613 843552
7591 338122
26257 286185
64415 914462
41113 6756
56072 954442
40703 442787
43987 929646
31827 967039
45297 477003
63411 961244
35000 1015795
52375 420669
28784 345482
8912 883090
25170 303714
50367 616260
64966 138841
5647 418817
27484 998711
16823 903430
6304 202710
55764 128204
34631 714332
35000 1015808
51841 861140
33459 901193
27161 16581
42189 256691
39556 662840
25669 755277
44766 458866
17851 762812
35392 406386
60151 226405
9019 76784
49977 83202
35000 1015821
64341 191970
56366 337100
47362 40548
61893 768578
3013 938945
63950 116938
31472 636781
69164 690328
54304 246789
29233 531973
26283 69800
44935 552946
35000 1015834
64939 914065
44064 374534
34270 270145
2314 924184
57260 688347
1965 183137
19745 3489
51581 177358
11578 634155
62407 617388
68446 441616
6967 694246
35000 1015847
53827 349337
7244 474700
19445 990223
39316 725700
62524 241827
67007 765163
52197 440658
50873 639127
38609 968432
14377 180304
33746 473859
53206 303862
35000 1015860
27318 411583
30401 63651
45548 333579
18974 62371
7262 820756
53326 873269
46646 976258
12232 660400
64361 531169
46768 106063
67331 458482
22074 529719
35000 1015873
51640 987185
49782 521266
25788 313736
28195 859105
65048 890422
14559 778743
13390 159709
53343 993201
52019 955426
57787 575882
67343 994275
28249 679158
35000 1015886
28115 767200
2006 821339
40862 622621
26923 231449
35045 512235
7467 464367
31907 359663
55818 830935
43562 559230
67675 135752
48112 658551
45341 61144
35000 1015899
18837 521581
16600 777067
31689 733930
39391 383946
56884 382151
39954 831770
1164 825332
69669 300325
13470 810292
14890 772423
56798 237161
53070 411539
35000 1015912
37307 737927
19139 549137
14706 676132
59117 113677
57089 922270
24544 528671
43901 379091
20486 177929
63813 277964
43514 615327
57881 310568
7981 622107
35000 1015925
31005 828291
62125 167548
4007 964949
6778 79067
26599 239643
47005 569407
13145 652574
34961 451054
34995 422096
26556 737299
67241 489986
32405 235984
35000 1015938
19751 833228
10950 14518
51390 589946
6944 536078
47232 603955
31940 805449
55521 467190
18322 696020
51410 438386
10552 598384
25236 675397
21081 772534
35000 1015951
57898 756868
60102 902519
55904 169987
35404 509979
13329 171997
27421 654624
60580 740714
2652 554986
12258 750239
42599 873509
42951 673052
39474 386558
35000 1015964
54851 490360
60067 7251
4859 848990
34116 71781
10750 101023
50290 835062
50297 751362
20285 372390
66790 522982
65786 980519
53900 269218
69475 184077
35000 1015977
42596 116805
13924 350447
690 927346
26519 484374
24569 246211
44944 34908
59212 173170
24510 80747
39345 912729
5301 37518
18935 359802
56976 955473
35000 1015990
15374 891179
21950 351698
57310 368716
28271 147619
3664 718229
24778 695603
7848 227226
3770 451528
48309 624765
30951 507268
56460 836866
41559 760501
35000 1016003
18334 967342
58130 668799
58228 653379
3871 260753
23410 795654
17944 647616
61360 440792
25878 9937
10168 614546
41013 950380
56989 677562
15747 888623
35000 1016016
12296 359378
23396 635361
43292 231668
33728 263670
19004 832279
21926 120409
10030 614308
29769 576742
7014 422507
53031 777088
20131 258333
25542 145953
35000 1016029
6958 267882
19738 717416
21388 577034
17224 929155
1227 542263
48331 775927
47643 83899
61906 478019
9924 157140
43804 10114
68334 390410
40669 979303
35000 1016042
29358 729014
28857 222957
45697 742696
3041 473320
32186 157405
23558 286755
52071 940118
12002 420677
25334 290796
30078 102584
36211 583976
62697 738298
35000 1016055
43871 577335
50148 855241
15565 81132
34051 51274
59106 392286
5281 580871
42186 405792
5157 575867
53768 92053
11572 313618
6809 67215
42326 309296
35000 1016068
4019 374552
60283 795325
7384 368584
51686 912400
21054 134301
50532 216338
42593 936607
8316 811410
56021 957781
29626 140550
41259 933034
11121 509426
35000 1016081
4742 303510
37115 342863
69773 288438
47562 384005
29831 336614
12009 470332
43600 396696
22008 320821
48335 624597
1431 382544
12791 600910
61606 300287
35000 1016094
36695 847940
37054 737723
3105 553357
41386 494483
5792 94924
67797 87107
18822 892137
15400 957218
2657 822520
50826 941235
9860 464528
15923 30970
35000 1016107
18107 610865
50961 111669
23603 656517
5178 687591
43631 882184
3796 531318
45057 100101
46036 10642
39928 453181
18498 935969
10383 419884
33179 679770
35000 1016120
59094 819323
69238 53524
44556 209262
6375 133459
52933 92907
3715 515214
42706 187607
14049 417463
11497 31541
58509 52318
8151 716337
66225 704073
35000 1016133
47618 839728
20008 665202
50526 25356
45068 434759
64725 352734
58663 485738
36771 699200
41408 862142
36813 565684
59068 406587
29764 258423
34763 500792
35000 1016146
5766 830861
48085 114637
38773 528104
35075 263567
10486 300439
46568 867787
2970 629655
22957 505185
47237 941034
69264 548642
19814 832085
48124 15987
35000 1016159
26254 627325
15231 538329
60379 138991
39728 238923
56363 295060
45807 609827
13422 975307
19072 763956
5603 841501
56477 971328
40758 89658
39842 859188
35000 1016172
18256 860132
15833 166823
29329 970984
25256 628516
2009 11600
44256 555415
14312 367532
58539 886558
27045 657222
52629 691284
34226 791923
21748 988485
35000 1016185
6834 325175
13414 969424
6156 378007
22471 337396
49739 346954
45593 684454
35923 999041
48383 573978
7666 221162
65734 583737
1190 334059
7874 566736
35000 1016198
68719 940503
43840 848591
49363 565055
28419 396247
2097 55555
33700 739830
32914 375813
11705 745730
40093 266991
38520 799908
14894 313824
37139 5655
35000 1016211
56282 436706
6988 67280
15235 804222
28984 547320
63472 885393
43583 309790
721 455107
6994 948443
47692 4181
20664 379859
62343 478198
66482 311639
35000 1016224
28158 102658
35221 94595
17311 273
1182 257543
33011 480325
49986 686327
44005 496253
34100 841541
34069 547805
50729 463358
33105 76298
23009 313079
35000 1016237
60767 623009
16033 234812
10871 582546
51597 258444
52727 438047
12352 778868
29641 453738
22286 163009
43906 658073
64496 283358
63080 424307
65363 800019
35000 1016250
56594 175072
30241 552435
30228 73998
6275 87717
18601 15331
48384 539431
26469 987833
50149 141799
51094 390092
19802 543132
47462 504450
56536 233743
35000 1016263
50896 516793
38111 798229
58727 425294
8390 254824
30532 369889
56642 769829
20492 406581
390 318565
22651 455582
64368 52513
14755 687954
31204 840321
35000 1016276
66866 92900
43772 89398
20740 351841
57036 361841
11158 667054
3613 297453
8146 758109
37307 562780
44534 947406
57714 736959
13480 820389
18488 818079
35000 1016289
7472 440230
11562 662798
56473 828803
55612 170921
9724 881688
67426 537163
49131 978265
24909 756617
23466 293032
14519 915703
9899 432705
59436 9958
35000 1016302
63212 719554
19936 436127
10187 983735
28203 606083
11164 642503
18295 30394
11647 928732
65036 771939
55099 458125
67816 369054
28582 85537
46395 50756
35000 1016315
109 637941
28030 930288
5002 473647
35346 670506
4433 699640
26752 400764
23011 577771
59267 880894
55949 520229
20295 13368
57975 760054
6177 588462
35000 1016328
19041 312419
33825 505200
1578 413200
49018 571466
31456 728144
13700 420828
29205 170604
3866 353877
181 79599
641 942800
31522 966069
39118 717325
35000 1016341
62968 918216
42399 492869
31043 262272
48836 260820
38796 515173
35420 297916
22626 187122
27852 873164
50240 870395
63734 532379
20031 677678
45866 816246
35000 1016354
39922 546020
8881 232619
12794 792300
3378 498790
12203 877319
31792 992698
15305 421656
18964 527276
47202 140474
18985 76795
46515 466744
1276 833740
35000 1016367
23400 300428
2620 799203
21161 71304
20527 281993
35157 446928
51793 433338
7316 116795
42990 680529
68955 132236
40841 914500
29342 841246
58693 302012
35000 1016380
46253 844686
68673 778084
5155 244854
20079 205074
61474 161951
12030 504202
1079 46806
8544 928063
5268 257154
68023 553417
19101 174249
13694 443922
35000 1016393
29821 545826
53866 490343
68111 727002
43237 327365
43958 371594
58194 642443
39930 483419
20332 552036
20373 612987
12211 441472
58650 866479
25378 821397
35000 1016406
29259 615508
54669 349270
5883 807976
51566 680182
65800 605759
51602 744851
33602 809918
31722 331993
36325 829608
18944 457375
61010 156889
47764 505407
35000 1016419
40248 101736
54666 49256
67626 437058
12494 751721
20178 564739
15321 961835
60220 991171
58663 250468
37328 9910
5385 351369
57561 658710
69287 280710
35000 1016432
26403 655799
62956 791910
10283 809043
25835 288175
30616 845119
22759 87983
16125 320587
17957 966414
44194 694405
66306 854420
3 768539
51759 401066
35000 1016445
25019 402783
47770 886368
45534 775417
4446 883045
68718 554774
9715 925756
12841 140279
56541 457755
40202 332186
6622 757404
59646 419523
28165 992691
35000 1016458
671 552860
3613 291228
29281 690921
61370 790048
16449 779585
64522 878556
35453 425625
14966 622476
51386 761548
2535 214756
41037 680841
49441 519299
35000 1016471
21240 337018
13592 869409
64442 116625
31304 840259
69042 165565
49384 450628
67548 665222
24323 531226
4491 27929
21517 883674
54263 721475
46174 85681
35000 1016484
50971 353035
18097 458963
24802 538741
42495 850385
24616 71902
45914 331001
36827 213457
47857 238093
58825 413961
7771 489254
1962 571220
65399 814608
35000 1016497
24832 173329
53590 750979
64856 708352
45043 85250
38653 858730
22233 633897
47585 540792
53990 941433
18323 603631
37008 578112
1875 982796
55971 587839
35000 1016510
23493 826888
23535 941163
20646 538983
63052 380133
64187 552477
12397 582022
9450 293331
6885 113631
24021 396327
5013 547248
36796 972353
45214 559502
35000 1016523
54488 17140
6583 772660
12347 837572
42099 144450
60403 19408
18507 568446
20270 528427
7740 967202
63308 147808
11259 992203
39583 824035
67939 703464
35000 1016536
58746 982092
62383 467455
69389 997681
69488 885465
51149 276390
51359 710489
62065 8566
64580 661911
48423 746142
14235 996019
13230 647592
20334 126937
35000 1016549
9269 207007
20834 600374
24291 193171
25404 640751
50450 967394
60700 373763
5594 384080
33191 200458
51664 903162
60570 952637
13959 431150
4366 186816
35000 1016562
27018 561000
40623 663438
22282 577508
21082 496439
9920 322674
28937 799029
65068 152571
53137 82977
25694 999888
62570 706354
56774 164556
10022 117461
35000 1016575
23678 281668
67565 614015
56533 755758
924 343425
25421 717787
53604 710557
13648 684385
54391 44320
59534 695800
34852 524126
20684 394699
21639 246986
35000 1016588
5330 177173
68267 167669
67604 673462
61898 590914
6628 184788
57175 518078
69114 880846
54171 270886
40767 179253
51467 337655
16326 767142
20785 452102
35000 1016601
27313 725729
62370 566857
16777 383503
37278 273530
14812 945208
50906 223621
9671 521863
1139 336421
28461 944482
24744 641727
36260 357334
40034 12178
35000 1016614
2184 187535
35246 381224
16322 881839
4257 959616
49713 72700
61564 85021
64459 984635
29306 937333
39059 707542
68764 165280
20397 378061
13260 340876
35000 1016627
62873 491342
25431 258473
8592 649231
63008 408001
47613 771818
52378 478640
32339 593925
516 415962
20826 301586
18008 93718
67492 134189
53469 150912
35000 1016640
37834 276995
55158 470226
54282 999070
42517 203965
12029 981990
56771 648100
23039 586614
59085 180290
42244 218901
51887 916704
69619 834351
57483 681220
35000 1016653
7507 191591
20649 258908
13045 653816
2576 947691
56791 97959
51767 692711
34561 449798
4327 812942
61690 72301
2939 850842
12148 254708
29316 488748
35000 1016666
62816 400874
60052 368639
29222 747792
61962 727207
21630 190090
56687 410676
11374 674118
30290 876988
66067 133450
53473 419934
69670 446925
62683 410507
35000 1016679
56267 881833
33628 499883
65966 671635
28129 464712
59660 606364
6225 613767
46237 822001
38360 735674
10167 256890
7497 781358
29216 912038
18895 218110
35000 1016692
46534 253058
13691 799307
2546 138300
21576 91763
3717 426145
25471 731793
8161 105957
45069 631585
1591 435835
27753 746504
59832 47531
5401 920288
35000 1016705
28374 665648
26734 363058
24611 764558
38380 908490
15660 315779
64939 594028
25947 30281
32514 401754
7660 640183
51558 501537
5847 188734
31647 313577
35000 1016718
19373 455076
24927 28346
14380 537404
4969 764092
60154 510904
3990 942402
9911 61624
3393 188039
61583 422625
49980 255400
4632 162611
16314 534029
35000 1016731
13110 94827
66263 383276
43931 333164
29378 562847
5577 235983
3101 823765
3160 41913
8290 151228
9922 328797
63508 526336
62447 496287
13102 528766
35000 1016744
26931 79703
26493 673005
63174 846248
63940 278076
50791 170202
21017 613385
9272 349759
7723 278857
61513 267303
47195 852887
15782 300066
40715 631808
35000 1016757
25214 215357
40292 871973
28475 166251
41053 500215
3068 1550
22341 706206
38768 201592
60494 760248
26585 759769
30417 871843
46088 425608
5244 225697
35000 1016770
44699 895804
25485 259931
43825 681300
24078 10058
62142 918766
54452 90673
37403 463013
61295 110400
49536 530791
1470 443096
69054 794344
35083 614473
35000 1016783
4685 695020
13856 391328
23256 547422
68669 909376
26464 988629
54811 985383
13691 507951
7336 355409
9274 877855
46541 119680
19121 416071
64102 3955
35000 1016796
22894 870529
67824 563089
24250 409371
41201 216126
62127 898501
60941 604465
25569 781812
7645 602254
24783 328557
68289 308037
39102 739324
36050 205784
35000 1016809
58740 323547
33131 52414
9806 295893
40200 248428
36381 421870
15700 36651
15179 577566
46353 472226
34712 469600
33026 55106
63651 182889
69180 491903
35000 1016822
58058 963542
44035 432314
41332 770733
61012 388904
28441 20775
38932 294672
39352 322001
44134 831801
10140 209193
28873 503953
48094 376179
29408 804636
35000 1016835
50678 330396
8060 69370
26156 641771
9331 966049
44393 500842
59821 373901
48957 605344
49652 316206
39424 267583
68052 355113
6403 813993
8797 805299
35000 1016848
3508 10340
9501 61478
38141 615250
46277 153010
49492 643191
7059 413252
48698 901975
53024 817508
38712 359967
23252 652268
36006 811848
45566 562877
35000 1016861
39229 404458
58296 146415
68376 35831
53581 512590
32187 39523
7703 603985
21034 731545
35999 813119
50405 438263
55195 969105
6626 428255
7275 207248
35000 1016874
24401 119827
66904 144590
11067 749666
38242 76223
8864 119221
51301 998196
66553 397209
58672 455829
42030 435352
60231 121001
65915 991354
58589 599846
35000 1016887
648 113736
43689 151346
38538 544455
48903 647951
43497 365418
33057 257399
43628 532750
25941 615973
6374 387095
8109 737683
13029 470224
69878 430001
35000 1016900
24432 723327
48977 548054
29313 830943
48204 986384
54757 345738
48066 72678
37283 661208
10674 858334
19387 85593
19960 263621
45987 727562
22487 17733
35000 1016913
54982 632593
3370 967729
56797 314672
50721 509496
68825 999627
23981 194083
61336 759967
34105 247116
67468 659836
31869 109938
708 311665
17755 131909
35000 1016926
55230 664015
11350 55090
5633 407065
15496 482449
11937 576608
15259 184534
65413 970141
57121 25233
41109 964359
18120 998475
43736 713304
40436 765062
35000 1016939
59612 117768
26749 690676
55208 6871
11867 305365
27911 250179
1237 572041
35986 953639
63966 69812
65809 539674
9415 445073
7239 491188
10534 821803
35000 1016952
26693 229844
61471 273796
5195 187137
48004 835782
38420 546451
55088 442310
5079 87314
7192 589490
36729 278102
64737 302679
42913 47658
8997 631440
35000 1016965
244 682186
23633 781728
48213 583836
8131 684960
60987 132327
66692 488609
13722 174659
61968 518030
33338 8514
2755 146261
24039 769770
54051 853783
35000 1016978
16488 750184
29745 265500
17736 596439
27266 699479
29269 408461
42819 568343
3515 269663
68197 550097
62949 640027
12721 272799
67426 356463
40511 689355
35000 1016991
61761 640717
37233 87397
46057 748456
4186 973461
59299 653504
69987 62973
62163 773973
40430 379038
13310 562646
13778 124815
38341 405288
47085 123114
35000 1017004
9536 846043
98 876194
26936 605660
17017 949650
11981 889259
5761 954024
44564 554467
58270 21161
68798 735158
29949 16789
36577 76805
31768 385670
35000 1017017
68750 215384
45265 866979
23902 540898
32889 290302
24924 537276
39245 203458
69898 982416
58338 271779
37745 337574
67566 597286
35471 777346
30779 222853
35000 1017030
14023 815084
35558 506360
69556 315696
58724 301751
63243 751729
40392 150308
124 901170
48362 344999
7599 911959
27856 747100
9590 210166
8138 644208
35000 1017043
13555 966327
27232 328126
56506 848833
3283 654659
51289 771404
52059 561713
68949 961126
34158 311957
33929 548909
1859 791188
17540 222046
39670 224984
35000 1017056
55156 307039
12727 376928
58115 8718
67603 247441
24165 714369
14832 49897
5824 335387
44879 250736
57302 613674
45351 235612
17759 256429
56220 810032
35000 1017069
61471 161852
38231 831982
7321 531763
11937 227068
32910 446222
36241 324758
45204 529770
59700 714274
63042 650833
41290 90848
49040 562860
50593 218603
35000 1017082
27842 735590
66680 991287
24539 630341
47706 447159
34823 181106
47678 637861
3483 304566
68440 876484
66408 702681
67325 290765
18766 379432
22822 19493
35000 1017095
36486 742775
51653 929372
3437 553047
56645 797652
60720 531890
30320 728254
20870 272397
13214 612317
54755 460021
34079 173664
8473 428082
39091 943412
35000 1017108
64831 656906
35534 89918
57956 769761
30504 999024
15747 173805
51685 269522
57146 731272
63691 337372
40897 243843
11741 625653
3713 97685
65578 301976
35000 1017121
65124 987862
63492 505623
34518 418056
9896 180939
9268 937316
19538 656361
16947 660066
13975 804821
24088 948918
5273 888015
60769 106154
11703 999626
35000 1017134
24774 155655
12874 72943
24485 754977
38904 471199
63874 79866
29419 673311
68174 874958
12239 475520
67197 106999
47039 934646
15598 229799
7110 245592
35000 1017147
64121 799818
3766 24617
58483 617130
52567 892250
6584 450765
28112 399542
66190 377824
23912 513175
27706 498740
36995 185656
33845 974153
34626 287776
35000 1017160
14703 334479
29323 517257
849 862787
44745 934581
23242 733685
47967 161561
18421 766611
10398 521880
5619 909943
62137 573070
48745 386628
1399 273401
35000 1017173
9450 157536
9125 114354
68056 391039
7696 722187
34802 557673
49477 411023
23716 209238
2492 770656
47063 443292
49809 727193
27823 203460
55558 724066
35000 1017186
62117 496062
13973 91663
48679 334487
50929 793293
36840 163576
28629 17191
6976 250232
3550 650171
58961 732770
24203 126231
58133 671696
64248 142406
35000 1017199
66119 59336
65670 603295
47026 93439
35428 124484
9885 109310
61553 419568
64020 918249
61329 142183
41947 869507
54074 29276
35609 189916
66772 617036
35000 1017212
31390 780394
65902 24093
361 889489
54941 861224
63032 241828
30062 478741
15822 184275
57945 822501
38520 688242
48815 618078
3205 837691
69092 860587
35000 1017225
61834 356261
61796 602593
928 474421
374 184675
49353 552553
68161 417766
29066 207236
69237 286912
49086 890016
15029 370818
60905 705877
18317 942657
35000 1017238
11302 215787
58600 911841
12425 899605
43879 736776
23438 318018
36746 743815
47189 368973
11134 664871
32322 13269
34990 987443
44241 432775
61455 298052
35000 1017251
36443 859603
15326 833118
27098 290798
17025 779818
62096 690120
42977 894018
15180 157426
22554 245233
66675 525835
9908 500874
45811 258523
24204 972139
35000 1017264
42511 497636
51247 694238
14804 655836
47724 629410
8113 183004
29762 950639
24664 350249
65549 765822
31759 262984
29923 644502
22039 414659
3366 288272
35000 1017277
65979 484081
8239 231250
24250 254471
62467 981862
43717 915544
17179 138900
27836 232696
24090 352349
56262 942558
41642 739957
56725 102681
68546 685566
35000 1017290
3595 111390
51314 866749
3207 113695
17986 611901
38219 892624
42424 955434
52035 494455
45845 730758
48391 177966
11491 3562
54550 993547
57710 57348
35000 1017303
27527 513224
35885 654845
39116 644756
13718 194068
12524 173723
68984 181757
21126 107920
43344 736196
36279 7960
30188 245063
20883 687717
4909 231204
35000 1017316
61246 83462
27820 740601
41563 734839
52537 109104
37441 78733
45625 397091
53218 77036
56577 377993
62900 118691
8203 740098
19854 730336
8341 475591
35000 1017329
20486 257757
32704 856155
45817 627725
69148 848090
55653 252591
41286 375263
9938 616319
27526 576802
29037 425034
63033 619076
63233 932394
254 492561
35000 1017342
7281 187113
4961 211200
43073 47843
40454 818825
66185 143301
34866 687289
16971 114662
24410 320117
52163 557803
16869 315187
62618 967801
53634 804393
35000 1017355
60350 913846
41601 633974
48502 362008
11207 181788
38501 706361
52589 397845
53888 638768
56365 320298
27800 655106
57258 667353
62909 307592
15787 756398
35000 1017368
36303 102609
16074 757141
48881 578372
51451 574618
61418 37568
39493 864190
37182 388016
5899 647465
25119 557204
1013 987549
57811 587868
20564 624037
35000 1017381
69113 158139
16779 893868
29865 918053
50952 544984
43730 732171
64364 670527
54995 361405
43573 800913
2831 13659
14302 113279
7776 800003
34512 740550
35000 1017394
62892 721135
55463 851957
64620 70922
17039 129641
21344 123558
16305 140132
41906 668742
949 132301
13899 22945
56196 819726
47072 581602
29505 584696
35000 1017407
31485 672062
30817 702767
6825 916518
63539 603923
41969 499004
57571 292250
7146 700273
23938 358887
16886 915940
29018 586722
14859 488899
4002 212274
35000 1017420
69379 129516
30567 469645
11151 649065
58287 378402
31784 463707
14440 280325
57164 870965
11375 682462
35364 279467
8852 558314
63125 415059
17279 366401
35000 1017433
1655 55753
47921 690062
55464 59757
7072 128040
51337 92941
63789 240357
6075 696745
63697 301927
10622 47086
30123 707465
63869 344098
52389 303874
35000 1017446
47816 627437
61256 373285
3895 233841
67403 440459
10544 861502
62187 905643
15036 904319
66701 62973
54025 801804
37839 705771
69303 633470
21295 166878
35000 1017459
12428 724509
7707 48408
11973 952459
49222 657321
1070 346755
26571 943553
19294 989839
56766 492272
17120 186616
3914 348679
49132 846130
48529 69924
35000 1017472
67683 413187
32008 615732
53043 274533
61980 506418
23215 484484
12356 766295
48639 923278
36011 729785
7683 616365
11219 486137
52378 36848
5262 425185
35000 1017485
10067 124371
37998 361432
68200 512080
22291 888864
57330 677479
38757 57748
20271 130675
2603 283903
50382 139660
62250 172654
56830 178494
13774 158300
35000 1017498
55130 555813
53721 93673
52901 644698
36458 792381
62702 939569
35700 122977
39784 651876
36610 967802
31534 594677
17661 980651
9385 231289
14612 911135
35000 1017511
39200 336125
42207 108925
54325 370555
17822 717826
57597 349330
47170 642833
62914 759332
2128 50012
1047 635773
30276 103619
60795 186868
49263 630462
35000 1017524
56905 526623
56079 242022
32707 938469
66975 779169
28220 247355
28727 609264
20220 77725
68906 783619
66884 516173
21383 947702
51983 208922
54440 733707
35000 1017537
69684 729692
12720 862546
19671 64001
25918 793902
64359 803319
1259 370113
22683 337155
37681 858680
5142 604239
16810 469181
18363 364064
16433 63
35000 1017550
66449 352100
65730 90686
5178 623795
6162 90646
55365 884506
20384 149281
63764 569702
64162 956404
67605 321991
26175 383346
46869 893797
60788 954641
35000 1017563
55314 492358
22707 711958
14570 395355
16522 583744
20300 795490
49698 761386
38935 989199
57793 809213
37085 669871
5833 592738
45165 670599
52211 506899
35000 1017576
41281 9263
1650 820727
64346 203307
38694 944940
58598 684217
69129 44484
31170 95953
8288 114207
61917 820661
53117 122376
6185 754080
11732 177818
35000 1017589
384 363685
37673 360440
31000 791351
53337 457959
62049 379289
52749 122066
35775 483676
62839 525901
65644 586201
14521 482299
44494 986210
30116 143000
35000 1017602
32750 883206
30357 925930
1563 426144
46853 664908
19564 342347
8518 135269
61439 833925
60265 983519
34317 633156
59932 232851
69626 966677
36957 423835
35000 1017615
39745 262242
16771 903997
4921 210176
50618 586101
57393 858173
6303 217017
11149 385222
50958 3310
2325 233595
28356 722102
67210 524475
50872 53215
35000 1017628
2969 864831
41022 256659
12979 211270
65152 279826
53583 779868
2693 607670
41308 911935
9142 595921
50961 891126
39004 621258
69760 975424
54748 867770
35000 1017641
68589 740730
62239 870113
18635 914902
29318 956543
53543 77674
67528 135186
24558 299988
47531 956133
18956 231545
22382 584890
22601 101785
51726 556724
35000 1017654
17422 595569
28521 855535
7199 894664
62582 96631
51407 713981
53449 544215
7909 286501
19506 265617
9003 816348
21820 486260
17787 784951
64322 866029
35000 1017667
27721 691300
20919 425892
44564 169966
64952 601578
36818 189446
39223 916644
34198 61475
65264 284562
61464 49712
25643 59406
29183 128230
61230 165547
35000 1017680
41376 851779
28252 356547
19910 798794
48814 568778
17505 597525
35249 118007
31787 84396
62343 133052
709 85146
47435 759137
35710 54306
42407 645118
35000 1017693
64069 994070
67238 648759
56549 477626
15022 821054
66549 297604
25172 805320
38928 497502
69068 642327
61082 339661
50263 4026
20932 56450
63979 170072
35000 1017706
21982 843151
20649 392623
66030 365570
16580 344698
3400 757182
30397 712137
25245 518671
40401 268929
27904 914705
46160 92691
56771 973813
28840 292155
35000 1017719
56056 907445
44728 644994
6291 838616
44368 457738
2490 732384
62894 322434
15873 644784
546 999335
58573 825788
35103 893187
19359 676297
16161 757322
35000 1017732
40210 632200
56119 762625
55548 578662
39479 583546
48279 928811
69324 536145
45754 873219
46278 332670
41884 845591
382 491301
46550 899640
15870 665972
35000 1017745
48991 190595
20524 142898
36530 651551
20548 512194
37381 553181
28959 283663
38099 87753
23936 525570
39330 424720
17487 429812
1258 364539
44530 603144
35000 1017758
27700 564791
7987 385997
57582 304885
62624 658174
10770 442723
68956 412200
35652 97369
41150 546740
55335 830202
31886 287616
29424 138485
7822 764495
35000 1017771
35139 228773
60255 391915
6627 913407
62958 205781
48709 514231
13505 54678
26035 265754
46451 695671
7638 774829
5646 226501
7606 427586
61862 119364
35000 1017784
12827 520492
63489 412351
46008 944376
52289 918599
69075 710983
22699 648620
1574 154867
53958 622810
44000 52020
8727 211737
10211 406154
60901 449076
35000 1017797
29262 514270
39391 115518
55578 833349
69675 245521
50341 211222
16532 376921
2842 742963
30795 7299
43196 389713
47288 160691
56813 29514
67556 500967
35000 1017810
7134 482514
45854 423962
51869 122508
2733 846527
45229 361380
34068 128715
25434 112688
33382 185385
19471 326300
11926 754768
54946 882610
53020 463471
35000 1017823
37825 683942
5087 350292
10600 567908
54437 454415
67681 294246
58622 957981
56301 746685
11947 472984
40363 834560
44201 362836
5475 762925
24967 23860
35000 1017836
26329 565528
55583 722300
10669 960560
10454 190867
15297 758634
47331 374054
12041 380990
38776 712780
13166 55233
68696 447765
68233 712601
49340 595731
35000 1017849
6166 309318
62415 22350
68636 434797
49588 406096
4489 333621
171 969417
53411 566236
45178 477604
42852 341773
43486 761854
25000 706018
37566 94349
35000 1017862
52505 297872
23788 443398
35213 381749
5213 948044
22351 151114
68805 876144
53952 282181
69448 663865
10864 122680
55662 468575
2038 421706
11417 519863
35000 1017875
33931 54540
62847 815416
26839 749139
26777 503651
24334 854776
422 615188
52420 103697
43867 148015
60556 230415
63345 565255
51213 652145
66119 909995
35000 1017888
1915 876255
48837 842853
43535 712490
65273 866497
52772 367592
2838 107117
4782 444310
44493 160375
18518 132237
49185 892913
64209 320410
40514 220617
35000 1017901
53687 248556
21340 425876
50747 400048
49967 618868
33208 415305
32042 180326
37594 428997
11433 687308
61555 455985
17149 845023
9641 402594
52459 305476
35000 1017914
47726 770436
56102 655858
37358 400356
6056 693726
5939 307991
57862 350718
21869 794994
25082 141217
30906 309770
47918 514561
65839 100478
33382 412161
35000 1017927
43187 782796
23629 184306
32517 955494
9343 191146
44938 744161
14784 90112
18890 986031
65506 183895
33319 176410
4642 925080
32376 579179
31207 496736
35000 1017940
50414 504439
16198 107684
39761 921291
41534 254692
59499 439637
54283 950027
17726 638541
41958 659794
30802 450249
26892 165015
19800 940721
8202 357066
35000 1017953
24095 39745
31401 815996
20027 931186
42812 4577
42387 996651
15513 823831
17816 13932
429 659549
47057 374840
62447 653887
27224 866078
8602 94898
35000 1017966
61233 516827
62286 795383
139 148814
2457 769724
66650 46997
9704 855865
736 105712
44490 662044
37788 121395
2670 911730
711 175040
15587 994514
35000 1017979
32642 739055
23548 593044
64639 248151
60309 899469
4139 473078
24584 124808
69195 820488
68215 727364
59417 528291
61323 829724
45874 408764
46707 845511
35000 1017992
43919 284259
68820 729988
25335 698511
51849 428456
39816 215222
16544 648802
33147 230054
5424 639538
1422 921132
22674 180776
14693 279158
21611 392455
35000 1018005
43728 601862
64916 165792
26283 614400
49322 164954
1859 692627
6408 389518
17816 757500
58613 199838
58630 649317
6855 770098
60576 246143
63246 168355
35000 1018018
27185 357107
10682 414372
40939 590341
22847 248741
43876 956405
31201 960799
46980 3012
55771 225998
543 150410
3052 472895
14532 37035
54000 774642
35000 1018031
17790 741538
45631 63257
51533 633907
20791 333243
64541 198469
61827 878532
37894 601548
59002 512409
48166 923500
3806 151319
27743 450746
35439 270445
35000 1018044
16585 529909
54465 696803
55921 819715
56547 651568
60557 46687
18977 489117
29961 38822
44566 388910
47113 814309
64615 53502
54884 917921
24885 120342
35000 1018057
17735 377931
58368 473970
69360 448085
37056 219595
65800 830758
69827 59145
42457 645900
17633 371565
51437 751377
14718 996176
63639 56494
66783 911988
35000 1018070
58589 210565
36615 209852
60459 72880
8947 544796
32404 100553
17044 330113
19697 403966
61655 87359
9886 150123
64588 704636
27752 757173
55743 81451
35000 1018083
37438 228572
69944 536413
53142 64917
68807 632248
66325 500586
45824 522135
47060 504872
65889 756552
34018 511922
63653 539881
26180 481100
51259 952442
35000 1018096
10728 78931
781 568253
382 809358
43192 73955
236 617223
42993 778732
11361 313112
9012 292331
35789 316921
48651 910228
27551 812888
16105 99946
35000 1018109
31124 84924
49729 459799
18073 354842
58524 757063
26708 742060
69624 119877
67742 379398
68893 380076
17686 71512
42049 274690
19503 493711
4229 76220
35000 1018122
56513 25012
28814 242116
61652 112578
29121 65940
22984 868833
2301 438706
9233 87040
35797 778003
53005 14926
38214 294
32761 920367
39481 662758
35000 1018135
61032 437980
68214 562537
5788 239585
17245 130913
36906 526015
17635 69297
13056 836670
65822 192037
11786 855787
60725 850464
41483 502290
46710 790997
35000 1018148
12297 972929
15465 273617
12636 943455
36759 39005
9011 468240
49334 932994
15682 889517
45251 596533
16615 336289
65990 507193
54105 215288
4893 364710
35000 1018161
39988 257144
44021 946610
52294 77861
20413 504
23168 497247
11840 794083
7896 263795
21141 732411
30025 87514
9910 346605
57714 674376
50324 207892
35000 1018174
46940 712729
36823 580991
43759 599201
5887 516863
43271 207091
22988 525935
65871 662723
43701 510409
54988 901313
54835 737156
34574 99525
41553 409090
35000 1018187
4976 384876
62224 109341
18634 284031
12399 311599
23239 638346
30042 794139
30569 576448
16548 379467
56811 651035
64562 120068
54595 155478
35577 261369
35000 1018200
36255 785310
16983 252395
38991 327764
61737 994318
14995 196783
23336 891544
21410 447795
55480 156500
15527 472271
57084 68267
45462 22744
35425 54086
35000 1018213
58039 860908
32975 994685
50691 597542
9181 225612
49801 992444
14407 698396
69681 689006
24834 91068
22722 330560
30448 850795
35303 186831
39315 312146
35000 1018226
22845 204127
26462 500222
42385 336674
65784 639443
27346 291984
59091 304820
45268 328951
69563 849705
6794 420864
46088 304995
4292 211585
49921 52677
35000 1018239
24476 881055
36173 88520
12113 362212
26734 268397
68347 915168
52048 702239
57827 991783
3484 98263
29168 897982
38504 3442
1115 736807
51593 658999
35000 1018252
21137 19724
60123 648225
695 86263
49519 86762
11950 110389
69859 443584
41884 928746
63862 408194
46779 328190
65775 954020
49601 770275
1251 521925
35000 1018265
67180 55479
32752 857735
64104 6740
42922 129101
23619 64553
63452 458153
54056 173290
51932 781
66560 753619
36746 535485
43685 573969
57338 677967
35000 1018278
14053 241374
1104 137995
5644 240637
48045 38525
41372 627615
69023 857251
33523 686433
3739 393257
22726 389671
21793 211272
41666 897390
20796 854752
35000 1018291
15167 499895
14721 411686
58854 690045
52333 343395
13961 658559
44517 702939
55885 463267
51665 180403
35399 448564
9357 775360
26506 941142
51257 551908
35000 1018304
22084 276185
15115 755311
60255 118324
22592 284803
65542 322421
31627 61815
36108 358711
56206 788792
3441 849221
47412 656299
26468 447119
50574 644103
35000 1018317
3476 27850
3075 398749
49936 887233
59361 710793
15285 957122
43121 740691
25996 965928
8775 905038
21346 293428
12820 413246
40104 596658
7753 427926
35000 1018330
41034 552371
1057 220737
55691 931497
54075 644064
25443 255120
27001 177725
10759 275471
40223 254562
23558 910378
24113 785131
47257 221470
28609 263629
35000 1018343
64056 580017
3704 473087
34778 779669
59487 62005
25909 368810
1937 253522
39420 585068
41845 669850
13400 521536
63995 682410
45279 74533
32372 918087
35000 1018356
22568 501696
42180 313681
32914 312595
37169 327432
28108 743478
60448 734481
2399 988973
64820 527948
39861 897349
52562 788724
47060 354790
29250 935512
35000 1018369
56769 874585
23731 135910
15099 607170
62006 388462
38414 651380
12503 523377
58014 185832
26697 598316
44746 496838
54095 352112
25544 964700
47508 244959
35000 1018382
25195 856711
30652 335017
33744 855281
17661 729226
50713 216682
12705 197032
33291 441427
23758 684886
30481 19329
19530 310054
49673 601310
18638 901804
35000 1018395
4662 794377
59767 389359
42323 481687
36679 638721
5523 673899
42965 579489
62198 488202
25219 574894
9056 57429
40474 394468
34327 126638
51157 369627
35000 1018408
52196 196424
35680 636271
61636 462483
53379 926326
15857 695886
62607 451335
4278 913237
62318 697708
18741 688569
63778 900824
45749 971457
46719 345905
35000 1018421
18401 96382
14231 511754
61774 254455
55036 991017
25848 700713
23203 995339
28594 76576
15356 93687
68516 305787
46511 51690
29060 612828
1408 590410
35000 1018434
14635 79417
12059 552209
48065 653425
16929 445872
35000 38450
9162 197714
60404 475882
30745 363291
8354 49809
60536 334977
56552 814100
22506 442712
35000 1018447
21395 826460
24183 378376
35860 874536
46191 210039
6015 254296
39198 381346
35490 904250
58402 865938
16204 296415
27943 698316
33993 748586
50941 579160
35000 1018460
3913 372684
41396 378459
43730 37497
22655 468006
21494 288263
6421 660165
8033 659260
61764 439438
22414 371658
219 344634
52481 775534
44680 999527
35000 1018473
5944 384388
40491 92383
46669 939003
17359 63070
23016 692535
59714 31188
4433 273182
69952 726006
53616 598968
60739 296856
66501 326472
30714 548377
35000 1018486
51434 487635
39004 731326
41968 135366
3659 895291
14582 123897
12921 931213
15523 365883
41367 270905
16700 981132
13060 706184
40044 81872
25802 99070
35000 1018499
2607 784031
64784 470789
2955 632758
39324 680125
40063 581823
51248 990731
35677 901913
20403 19711
34921 551108
56047 198663
52562 12629
9062 504105
35000 1018512
53171 333764
52267 137159
24051 12967
53177 4009
54098 647743
62055 762395
45609 182032
8130 301795
64348 606937
34678 786630
9629 646891
67566 335513
35000 1018525
39279 587898
35276 311095
65037 917145
25171 935633
57476 445730
53390 587586
49899 289038
69127 716969
39415 193056
14147 961179
42701 653365
54301 290832
35000 1018538
23521 631766
16785 741227
46011 590403
63421 664935
21196 527875
24280 10919
26931 726944
54305 51360
34706 72693
41300 47010
59707 690617
2401 937540
35000 1018551
10169 980956
26441 987274
14576 131928
36214 863122
44918 797951
56338 596562
4409 911671
38385 383760
57876 291932
24082 344533
14772 534336
6496 568938
35000 1018564
9270 906440
9345 250529
67072 113471
59414 912454
65740 412353
60249 586324
67051 39959
26695 841460
13625 517927
30384 669422
67952 204976
35354 945567
35000 1018577
34244 222022
35312 840863
28624 3587
51122 253968
59506 853829
56466 47888
58985 705548
33745 763906
57004 763275
9586 38623
60570 557589
32188 480193
35000 1018590
26840 649044
50201 485767
67613 684607
22746 477124
54849 737274
44578 937651
1022 512144
25926 135795
2396 452388
29478 403957
52417 538772
61351 109126
35000 1018603
57644 939060
22067 826086
23415 321652
4573 531399
66040 139575
3541 173486
54064 712108
53984 177542
11982 193001
47578 92140
10064 952561
25130 407735
35000 1018616
28484 41549
57436 749605
41773 178099
52600 666467
44392 971703
65674 125649
7139 88515
16393 706041
63682 839354
15877 619219
34821 882349
126 143285
35000 1018629
34506 578513
66843 978443
1251 578895
54199 211871
33148 499497
50347 758713
66301 992929
57826 781697
28010 162139
19829 725798
58717 754373
18471 980024
35000 1018642
6536 736277
41434 793135
49488 366153
19819 161893
11591 155637
63512 828807
48953 894919
18803 613980
33121 648952
7484 85061
49606 996204
583 916043
35000 1018655
53193 138707
29172 880967
3790 398885
47746 732793
35719 871805
17704 246031
32838 695
25069 492930
60749 356908
21542 797077
49162 166945
13318 700558
35000 1018668
27737 496996
32111 593195
40349 304718
1959 320434
42058 135460
22573 306737
34225 21577
999 113171
53450 894487
8977 865705
13421 605598
28228 308477
35000 1018681
57339 755738
61324 126236
30868 411526
25071 140809
41719 420407
34780 374413
67840 477506
19070 343211
43618 456270
23771 689427
49951 517878
9349 25040
35000 1018694
11278 281258
17013 373664
51301 398547
16883 729743
59506 332912
47778 153902
31491 281618
53143 869217
25666 225907
64507 226878
32776 989226
16622 260998
35000 1018707
28434 743265
23499 892678
41602 825909
65804 722018
61800 23264
20923 139173
40506 431135
42279 707266
40324 586150
3515 680394
6297 17017
32759 943565
35000 1018720
8894 623786
22275 833341
3662 295864
1237 81186
24709 395079
39343 618610
43500 484814
21119 786556
58644 270302
18215 196098
66876 393164
63234 916801
35000 1018733
25366 912744
26340 586963
41781 661662
3106 537860
25614 523080
21386 744354
6327 519492
37855 412341
14125 197111
48603 758869
61954 349835
66022 150282
35000 1018746
546 139339
57873 344379
53246 833796
59423 873406
57112 799040
46088 587923
25114 994229
6205 641384
7947 381175
53767 431740
1954 303513
8353 746371
35000 1018759
9863 228329
37919 598274
48584 955069
14873 938447
44180 561159
45961 999268
2691 459075
69966 306470
18798 275842
40358 238165
69404 178911
24255 6352
35000 1018772
15519 742522
39164 832028
27482 566921
56984 254160
29538 775817
14795 978377
15612 919601
51007 358039
30644 114470
24870 146300
40733 913652
68312 979932
35000 1018785
13081 328468
46688 419403
63958 468895
16368 391396
54755 224731
66118 699604
64376 690110
52844 745582
65893 202483
46098 595709
47858 366032
51779 857325
35000 1018798
47243 367925
12589 417913
50279 597550
41491 565422
9477 900554
18840 550203
32265 390142
42122 832456
24996 4459
45676 978256
33366 142239
30740 7195
35000 1018811
34243 804172
26944 21770
57812 431064
19523 538957
23424 2904
17984 792330
54072 806374
50136 135760
54859 369089
12293 550133
9155 448252
29591 209548
35000 1018824
10822 347049
51333 598489
30935 653157
11568 395258
12470 189691
36273 803556
14632 175290
49177 948920
42086 314956
17965 635852
44434 614585
14885 642662
35000 1018837
23850 112724
64114 124818
68501 390910
5807 322853
48731 11793
14272 921428
51556 698863
60121 421404
32382 895465
45691 161313
1614 328508
54116 510232
35000 1018850
25845 29501
14965 885875
41911 138291
28505 721313
37872 541172
64634 938971
2609 199071
7507 260115
62457 712322
42057 616906
37786 850552
26386 403142
35000 1018863
17061 787938
11133 633575
24389 645928
30950 124127
2564 490855
28402 63538
12602 651311
14285 742414
31655 613833
69937 8480
39726 653272
69124 606722
35000 1018876
12687 543619
63687 903136
19321 848486
4888 306619
29893 660866
64825 588756
60299 522486
17471 94254
11527 217584
31661 931953
14886 793945
20943 933348
35000 1018889
69628 872123
26266 907336
38297 768321
52922 462716
3370 278962
12821 343094
250 265227
16273 732518
29657 952323
45957 960165
56865 860426
45835 659669
35000 1018902
31792 626778
48007 418916
53939 165311
43413 98549
19391 525813
6878 114889
22853 718320
24432 638101
65037 516012
49007 892562
66631 416658
61830 941237
35000 1018915
10339 630487
4103 121109
13840 927168
37025 847785
17820 546163
23072 459559
37048 320523
16017 763326
45035 245344
38096 144922
42103 644836
30250 208680
35000 1018928
52658 372277
66957 355976
5498 477497
16997 775398
67655 29069
48499 784214
50046 225489
39348 570626
28319 645542
34118 362443
66263 198940
40987 412
35000 1018941
22829 960719
28874 775988
39384 758717
41127 922650
26883 731063
47418 818459
2132 288674
3601 979340
14926 101825
55607 142400
59027 823806
3457 814895
35000 1018954
67645 257331
57170 451963
37115 707470
60635 326214
46106 950433
48040 305741
21659 596913
7146 893889
54030 630296
9632 206254
61700 623394
43104 978398
35000 1018967
5780 163750
38801 544051
39474 580447
69949 991168
57442 524527
9056 151119
55644 302688
40758 267093
36286 421336
58934 502683
10229 316080
61156 480556
35000 1018980
57815 987155
20600 926823
63045 698970
14730 510419
60143 453300
57956 725842
66022 100555
44183 136369
13961 558287
8736 732076
64466 485671
59813 76402
35000 1018993
56979 757751
27357 573919
21046 507600
24918 465111
49631 800982
35181 809986
61562 850184
57632 889666
62948 661404
64082 635697
56645 683894
42947 995897
35000 1019006
1122 596795
17616 815606
48126 678377
30649 622077
6693 864200
53507 389211
56587 59998
19006 834780
429 422273
54750 21669
42085 57317
5533 171936
35000 1019019
62288 643343
42406 84585
45812 222408
13110 678924
60465 516701
6764 550214
12443 788823
30546 686091
46467 336939
68018 386124
55258 497654
44567 163618
35000 1019032
10062 697685
62426 651708
48572 60273
40322 238912
8399 239285
17758 302108
54609 987981
10256 35241
20457 395135
34752 820967
273 741152
34497 331757
35000 1019045
15988 177523
52690 417060
33402 990184
13142 537914
2942 421824
30395 304620
69714 342673
27360 365231
18030 734550
32346 987987
56552 196901
24146 431011
35000 1019058
19905 986886
18799 581012
4249 823623
49439 289779
773 818641
35961 645287
48306 828822
63650 316175
46720 594076
38905 901117
58528 351391
24905 325072
35000 1019071
44280 737635
5197 457034
60877 12598
42417 822011
66248 349328
21047 866999
29036 71980
38158 220728
15666 399967
26890 588751
43941 478969
33288 176697
35000 1019084
5695 433605
31550 571679
62288 363287
53143 542772
68517 665601
37819 704529
56787 81579
15902 76999
17181 890099
61877 427233
47880 99092
10237 989255
35000 1019097
57271 762530
25454 398104
58795 925603
11182 729573
68279 403723
38934 405148
40406 166513
42175 674884
46408 653662
42654 180762
17358 338539
22796 529150
35000 1019110
19957 377260
43976 314143
28813 912949
39562 884272
9316 114043
51666 958283
30750 83264
67233 757553
45937 649238
539 957281
10861 203751
23981 445077
35000 1019123
15472 924529
43267 572635
39936 889080
12714 464894
3053 536677
43215 805752
21740 628477
57426 413573
36513 88854
56446 149320
63241 618893
65371 918886
35000 1019136
27348 910183
16449 340571
69651 968713
66890 142036
34218 454637
43508 581352
31270 215104
67845 943439
35227 761008
41705 639853
50860 424404
68264 978232
35000 1019149
35453 89536
6872 790462
24542 93901
31682 477755
55762 537877
21642 129214
31191 534700
235 196104
1783 278474
1018 527844
15149 590355
45984 536010
35000 1019162
40528 351633
67942 267585
4637 776278
62670 597011
44094 787318
37518 217169
33645 269085
19803 420776
63056 549406
23762 195081
18653 27390
2393 229281
35000 1019175
64571 894016
30500 280289
22589 151864
46369 652759
3561 651174
2949 611009
8035 196671
49591 480343
10955 824469
26304 27328
1263 508525
15554 941324
35000 1019188
61133 470953
40372 10771
21406 850053
38155 213161
36355 525316
6877 504524
4075 6051
343 971170
20644 178841
66 60872
9654 218570
30076 191188
35000 1019201
16644 988413
24710 152041
21118 469297
10359 729900
10141 17458
7480 410202
47133 43544
47544 336716
25659 248234
60926 82471
37616 881977
11480 658316
35000 1019214
59073 464407
23344 129546
30739 584361
64874 658973
15935 528587
5745 183847
61660 125371
33254 909397
47126 663280
13077 376034
1413 88323
26189 207603
35000 1019227
36723 488857
14752 751883
3770 776766
69651 316262
32754 971661
65559 891116
2468 2501
4602 478899
25702 326150
45976 403487
65738 67072
18070 662434
35000 1019240
1695 940309
45569 533873
42894 451704
33030 66282
24301 973379
27986 637427
31951 260814
67049 482765
65326 667793
41938 950755
9232 813638
69826 552071
35000 1019253
9489 631944
5653 142349
31349 253306
61098 374845
53162 141544
61754 878457
13772 643573
28953 971996
54504 980459
21583 932580
463 646565
18400 747183
35000 1019266
58986 515870
748 889339
16248 257202
47966 41401
11797 817710
23603 161494
7521 714336
5359 923244
62828 218620
32183 486068
51976 54291
41959 983862
35000 1019279
385 998106
365 415337
46609 898301
2594 165646
9959 340944
28951 942678
36081 330307
48656 555752
64292 423092
10349 608194
10186 275144
7066 725301
35000 1019292
37273 858452
19140 343378
44627 441788
50817 27450
38260 166849
66489 532321
44114 553473
47026 398915
65416 797079
38395 398752
40949 359308
50250 266827
35000 1019305
41267 581427
43058 822492
15270 422478
51212 513356
8060 407855
6867 53580
24933 520869
6204 241071
16672 236296
42083 623649
21804 513721
3583 54954
35000 1019318
8071 236400
10686 780210
66639 466443
44983 913619
3787 805656
59208 946655
19234 51028
43619 377900
66130 829215
63787 863429
35483 797003
55005 891955
35000 1019331
65681 249540
61918 616969
53825 326495
53958 720520
7701 812252
7474 416459
56481 568695
61135 353672
64236 535513
47906 181910
18730 212306
43470 613217
35000 1019344
26329 318447
2360 910880
52745 674378
25813 708647
2558 434911
32008 612639
12636 112483
51240 316020
22484 268131
1669 732449
56236 400
64236 638501
35000 1019357
40140 17726
17273 253436
19609 781899
56316 966446
63902 317603
58451 660495
24783 124251
8763 340380
20554 932007
63685 609901
8876 236965
36104 680270
35000 1019370
8061 648112
66137 962577
49545 926681
32512 403161
31250 543437
57466 305705
10066 103149
25384 656034
66445 354412
27851 177833
23826 107487
243 47442
35000 1019383
1329 158826
68390 82759
66352 387776
40388 792398
29815 335136
28101 564943
11681 405699
69102 602995
8015 645801
13337 610998
52364 555002
23006 853974
35000 1019396
52337 727497
55162 588156
33530 86936
67489 785530
62784 904028
24282 105588
33702 797438
18924 300316
58435 171399
18894 197132
62549 340416
24484 44216
35000 1019409
47871 362534
43552 722609
12955 471600
36506 493886
21216 777835
65082 703151
34187 89973
40163 118578
64544 497955
60870 356621
24619 810948
67294 123086
35000 1019422
35797 82732
15481 979971
10497 945319
46818 984753
41460 910127
53332 983914
14633 925073
23726 756176
11154 746694
44201 317410
65824 117397
6463 223333
35000 1019435
44327 463230
16476 802289
55366 716623
29492 439918
60313 358245
15246 867405
35273 901304
42775 676628
26305 793786
49134 753475
49885 747936
56518 697305
35000 1019448
44122 994468
35013 227923
58830 228955
63288 208877
10495 64860
2309 51080
36303 615524
46965 208349
38516 414646
41627 998790
38707 353898
43336 37106
35000 1019461
30933 990708
38097 719400
42202 463101
5289 338148
67421 802262
55522 387425
55820 855675
13972 809572
66159 220517
66402 337641
4700 154796
3997 641764
35000 1019474
33722 483836
60874 68714
46666 452629
12619 987669
4829 536693
3452 734459
29577 138882
39344 446054
57334 626963
58198 581163
67484 169056
31282 57263
35000 1019487
47376 861122
60624 579664
65456 405042
35383 623342
35052 950189
53115 592624
10807 607269
19705 159491
48076 919402
30834 30648
25048 418836
61033 647209
35000 1019500
23783 506798
67602 495287
55701 423345
39146 673099
19766 421854
430 52414
288 463021
21421 98159
58626 233553
24385 986876
18030 695979
2694 245786
35000 1019513
23222 142573
49133 665281
57918 526722
3308 718097
63921 137996
23427 82994
60456 196384
25828 715840
7442 511937
42282 938263
53840 808796
15086 290969
35000 1019526
60683 227852
39849 531130
4195 312234
9255 605742
5017 861023
32365 275167
59895 916961
35041 695921
8774 301492
4677 369655
19104 222691
17850 484256
35000 1019539
20818 343902
22 192489
33244 455739
19376 165214
28217 862353
51380 580882
2500 667550
43623 660880
21156 689744
2992 361225
16511 348978
65006 854142
35000 1019552
171 700678
18071 519197
64149 637290
37768 672691
34281 976740
1439 802271
40204 469142
35264 726604
37106 142920
370 670323
19003 535841
43623 850966
35000 1019565
66457 957049
63267 744971
23251 372922
40025 698749
37724 856777
22784 732826
30894 375046
27052 333532
5538 604318
33881 297095
62233 838372
67355 297988
35000 1019578
61403 393020
5563 165217
15343 700697
8978 26203
55749 697971
27237 564704
3875 483984
61335 827586
31527 267548
34464 704149
52783 967736
31597 940014
35000 1019591
16906 788982
45925 688348
34444 358660
59635 25562
26016 123792
42979 348535
33943 352580
49259 808153
56199 737500
15372 141363
67464 668894
39375 476276
35000 1019604
31323 771284
63479 963012
40308 693918
56377 80255
56481 920419
43081 466866
53928 998561
1762 916282
69128 877696
25350 49016
26934 733361
60223 912513
35000 1019617
67818 241236
1764 868902
66109 105638
39252 71522
14788 528989
7172 599710
18535 879065
40031 712699
35410 178343
45539 165641
34755 374745
1135 992392
35000 1019630
14258 894592
36644 535181
3244 981975
50635 487631
2554 749181
60839 150692
4075 815420
31621 504928
53962 833853
17346 394942
8752 263729
49284 77857
35000 1019643
52912 45168
37339 796770
59196 462892
41517 430184
23524 502304
44306 60972
2791 339725
34778 947033
19971 71688
21492 447242
41786 324626
41331 392410
35000 1019656
32037 938141
29168 572604
33897 593652
28630 418768
24937 78269
33221 511977
7452 822761
3337 294205
1746 806730
173 99666
53340 727686
62225 78731
35000 1019669
30335 223435
48843 368442
1746 680831
15508 884673
2534 113505
44567 254820
63449 740482
68934 114483
20376 870899
13978 721189
16239 256879
61114 343778
35000 1019682
1733 291932
65547 951116
26004 65768
45230 822561
25115 568059
4282 535088
67239 570154
29981 516509
16673 139249
15098 583026
30005 510221
51736 907968
35000 1019695
66775 562193
44505 820905
38965 839328
3653 976775
49839 760111
41575 1288
58868 255017
15285 133584
4274 435651
42240 518861
47445 403907
37225 752302
35000 1019708
42223 880490
26277 626610
60493 548691
39097 770225
17816 57838
43235 278224
20543 219126
13666 952672
40515 502040
33654 13117
32215 171049
1066 16192
35000 1019721
23630 607565
24489 814766
69506 775499
65775 880351
20737 559428
48026 660017
21817 64482
7325 265848
68857 751771
6626 54054
7313 592647
48172 944914
35000 1019734
51934 677346
41581 623263
31568 145217
24431 353561
48149 205695
54379 320308
45590 455038
3681 709871
34290 284067
67852 747343
68739 114318
55773 838217
35000 1019747
25092 464405
53133 538942
39055 550653
35579 689474
68851 541450
44634 769378
25268 825553
20710 374613
39380 861437
4814 988329
58670 560132
47334 311925
35000 1019760
39013 652750
67109 966703
40572 893737
14290 18886
43510 238114
37257 967470
10922 817997
18422 964057
33369 741246
61572 962914
35832 306612
41922 85131
35000 1019773
927 183209
16969 991105
38531 542729
29751 764204
32577 903625
62693 856828
51973 130239
6780 927029
29037 442859
18340 969230
59556 657480
66223 527696
35000 1019786
449 609011
61318 343377
26520 516859
51536 680955
16068 89085
41347 68494
39416 844495
23483 851725
38111 652996
3550 514360
7878 809570
56015 289896
35000 1019799
1861 96415
43512 31445
13159 722547
17487 883186
45254 116290
21492 284294
64856 641298
27016 306434
41648 727359
65899 645360
36065 202908
2780 975990
35000 1019812
29718 591118
48780 391986
50072 358612
62490 250831
17605 592850
65434 857945
3533 542402
10009 222428
51065 424367
49476 347363
14494 689888
15162 145143
35000 1019825
19609 384803
26539 942466
60382 231510
34093 868557
12438 824840
20996 151747
26244 662677
16837 105128
66143 720312
68140 183696
30894 321112
9775 942256
35000 1019838
5049 988656
58189 20936
13702 622903
63618 918397
61671 833755
56206 763599
12840 308354
47038 587598
23807 337084
8030 998152
26767 619826
44408 688427
35000 1019851
42308 812826
43572 310496
22209 194401
43846 465984
60085 231726
59814 121598
19062 823533
39162 105714
53987 659376
68224 222126
7540 617223
35573 576683
35000 1019864
44822 614992
64228 986290
8690 269216
39504 837825
14802 695062
44441 402975
58005 294265
67720 192093
51920 513698
5267 205607
32564 436056
27490 137154
35000 1019877
44066 894861
54674 838103
37346 232873
39829 467697
42513 756411
6195 893704
59849 857739
9736 475395
62593 32729
60698 673168
59683 396205
16628 103889
35000 1019890
65847 755306
8094 92962
3109 918220
17443 976905
64258 125625
55854 88591
21245 925725
16644 255125
55322 854838
12703 521200
48412 420998
29239 333597
35000 1019903
30515 252425
12951 666171
14188 120637
59361 756018
50197 565394
422 783459
21662 356003
5653 551136
54781 501892
22271 699923
36281 555887
52892 579654
35000 1019916
47969 560120
13684 56944
34394 527876
23532 558560
66660 587942
57303 328473
5965 234182
47184 914285
19707 387624
38898 390793
23139 626272
63394 343231
35000 1019929
47857 552087
36057 444260
52873 841051
28577 56874
18172 271194
51370 972153
18868 172644
10255 596738
59366 287751
22100 325394
40645 11817
5121 973045
35000 1019942
41398 125611
51572 999785
38692 466789
36156 947955
69440 601387
50916 47506
65899 701939
1911 805334
5871 658710
22683 20336
13550 357820
39173 799326
35000 1019955
48104 317077
49040 596906
5516 311894
51537 25244
12112 85277
68541 906959
1640 40309
57768 725823
59990 640449
15602 64152
44293 70732
11369 144733
35000 1019968
60674 883008
8208 348910
67765 975620
31807 193164
43731 349633
13 964376
45718 155698
9977 15384
17136 198316
23214 360080
9659 99300
1920 775042
35000 1019981
15902 855960
60304 679692
55380 355045
13923 870148
20772 365964
48741 319102
3448 335494
66222 528983
67958 124578
5993 83476
57479 191326
31278 120612
35000 1019994
50363 833391
13817 708383
69145 28907
56527 996008
11654 29379
60125 515292
19584 644667
60670 893025
66524 468682
23586 578133
47629 459208
47269 896008
35000 1020007
24117 113479
51799 279068
9019 424619
1250 244722
40527 867579
11928 274482
43337 344387
6795 995269
63839 672472
50 538059
37511 828010
19151 202580
35000 1020020
14806 959870
11328 676711
12056 374294
34855 136461
12347 724612
65849 514922
36798 261752
65219 166923
6978 255073
52784 922185
33453 836840
22700 139895
35000 1020033
52837 310182
2539 424473
45634 445030
67783 332101
55262 440359
64821 82369
7083 356895
50945 415249
40802 457581
15999 69676
17902 417917
48263 41517
35000 1020046
32713 760655
8986 990745
67894 246110
19374 373263
69071 123414
50233 489191
67868 617502
19914 489941
36602 766472
52815 127390
55518 920805
29562 37678
35000 1020059
24531 963441
40627 571042
68201 701678
66378 535063
46481 772735
56601 15062
21305 919368
17622 204215
54186 280671
37834 84547
19996 139976
23204 871239
35000 1020072
66992 314512
54215 851148
39705 665401
62521 292350
58625 606006
35608 702498
38752 182527
23531 885100
27408 66005
61209 401906
51895 122405
21651 107045
35000 1020085
36680 746334
64595 531681
12541 347387
15405 729188
44652 512189
28781 877743
11936 689973
49419 568102
6885 216588
60205 463460
13174 521260
51570 43052
35000 1020098
4951 315700
32679 911059
63515 25710
49424 183252
57989 94806
21762 128040
27128 992576
51480 845413
2240 950931
6457 297477
15394 419303
34627 738985
35000 1020111
29458 908891
10710 193310
61750 86028
25148 49512
18305 840816
22724 30685
56273 979212
27304 296262
40741 737223
29109 902788
42461 265570
53558 13078
35000 1020124
69252 459960
5531 345643
7668 719556
524 58816
66654 754060
62484 257245
34257 939274
29566 690789
2836 29399
15398 82978
36022 614223
66099 588258
35000 1020137
23872 840638
8156 812314
37137 55445
45511 620907
33686 116341
45153 686521
60882 929015
31543 898364
56134 863339
26561 409704
13247 485820
60863 976382
35000 1020150
33789 835099
619 479187
9822 378839
56490 679921
39776 433993
18621 91790
48032 529202
41192 694548
54814 478387
27891 264482
22405 735999
44545 809447
35000 1020163
53970 416411
46612 354211
54408 286983
15538 136786
32372 596075
39255 522723
31488 619653
39609 631604
28344 988931
22438 942257
1223 529990
45164 300820
35000 1020176
46105 22584
51669 890964
40844 310203
31094 406678
37450 118041
65597 977534
13389 679156
34754 611100
54716 455333
67174 444056
11500 337122
42293 286905
35000 1020189
62307 158467
29945 906651
61944 77480
13268 237364
40209 82240
36238 681601
62955 188417
33027 348650
67928 353255
37228 437752
21755 710927
8650 637404
35000 1020202
63547 643054
34257 481419
64864 427989
58258 339897
4098 687472
31851 269278
8456 180634
7823 262803
19666 847963
51744 597080
4622 849887
12156 445486
35000 1020215
34468 229102
34169 834459
33740 515433
30290 992501
53529 343244
31419 494781
31026 334745
26232 994886
57483 777436
697 177605
13873 821293
48236 191125
35000 1020228
62148 157401
1546 727256
65970 72511
41078 360667
69384 981346
42801 450191
17737 732150
53429 985747
49206 552822
34134 405972
37996 827397
22734 912246
35000 1020241
49601 846358
41057 755420
59313 33836
30924 768415
17828 942404
68693 385472
5778 587791
63341 846260
64046 343768
41070 45638
63877 204449
19121 7898
35000 1020254
55810 755833
66202 397206
37069 484993
42112 345891
7549 354258
18967 514209
59075 892441
27661 830376
48622 283012
38325 822254
6775 811341
10091 685372
35000 1020267
51348 50520
17151 439204
9803 870773
14148 619040
60271 853456
27925 639698
26123 758262
27085 338847
15979 488233
35966 784788
68318 484944
31750 422005
35000 1020280
36306 653264
6100 816228
11370 607634
65139 113528
37042 126540
53245 83744
20917 416230
38213 317352
67012 815420
56778 515510
52843 1729
21414 749098
35000 1020293
69980 800321
1645 831632
41261 274657
37617 590330
37374 331117
47744 353286
1431 179489
49277 840210
20044 411611
62137 433046
34727 846413
525 708565
35000 1020306
51375 1836
44330 156759
53705 571847
28868 16145
66740 816787
17973 585944
47585 688502
29708 978054
5741 504584
18343 822103
20798 278629
31716 602615
35000 1020319
28259 89013
64608 797779
50982 274529
17796 601292
2560 929080
29651 906998
55894 584185
66793 541764
61255 790512
27010 596397
20528 659770
62535 266455
35000 1020332
41410 582959
3722 511134
69712 485783
22749 991119
60613 710091
2688 705066
40433 853878
65263 593871
42131 285840
37214 326639
35733 987969
67733 365313
35000 1020345
57716 203996
37947 705351
22674 964355
63451 853214
6607 500318
52154 353377
62262 299263
34411 171376
27818 375764
64398 617781
26869 794731
32329 239477
35000 1020358
60963 547236
65710 960398
43628 402943
10860 236653
18505 966255
57326 807963
64027 565761
50317 928225
59046 240455
40456 259018
14473 58031
40024 131809
35000 1020371
50796 87184
4016 315331
49481 414546
42430 862185
56232 746347
9721 854800
52772 502703
8482 502060
4059 265585
2245 787740
27540 814319
52452 82107
35000 1020384
13776 530442
6388 337433
7246 781152
43562 976726
11002 703047
23574 379288
13744 779575
27592 131713
60147 149079
24807 131689
49878 436833
62822 845371
35000 1020397
60824 718484
16465 637826
13927 727920
29958 50528
64002 806407
21071 528557
52013 518186
65306 915151
35840 201735
8208 480424
66957 693234
9713 203133
35000 1020410
31597 230058
29356 459914
69692 82060
51965 795511
13300 564777
13036 522382
51833 838263
37386 666037
9150 274823
68688 802088
60893 2212
18257 584935
35000 1020423
44688 92410
6702 882290
67171 390565
35645 971163
2864 708371
34671 39808
1808 953584
33831 103775
16758 274712
22237 513177
4398 165336
3872 876386
35000 1020436
36474 246958
63660 599036
21387 641011
37678 117238
36647 564797
21355 373817
67897 249200
57976 381774
30940 527728
41313 426025
1624 385186
27414 860878
35000 1020449
7360 778651
58282 802887
34023 451220
23932 676249
67940 844348
50914 798379
31751 714329
35939 928618
57417 565538
37917 238130
3176 12431
53195 846164
35000 1020462
44965 415721
56038 782844
40169 943807
38976 953744
13024 375240
25302 799869
15013 469361
48604 252135
1451 504767
14017 641823
30513 428456
67722 539175
35000 1020475
61811 191788
30862 132344
56630 666381
60419 146540
26623 660323
48015 438757
9944 482815
16023 392708
56574 150895
25732 749510
50430 747469
12663 309728
35000 1020488
656 622953
61633 415659
58903 263779
6780 928097
63603 704939
60762 511259
57181 392036
7943 975918
27072 835189
42187 715028
39849 470176
39616 178279
35000 1020501
9431 245041
11290 929301
32320 445579
39546 720391
64141 333914
1225 592281
3463 317322
31457 775894
18 549580
8269 367144
46714 789650
11892 392233
35000 1020514
68733 258744
15423 588682
41429 335181
53126 964327
1416 448439
29535 591696
45983 658180
16577 792248
40949 791922
69680 886272
69556 327961
45316 329143
35000 1020527
16920 138044
11868 348060
47473 11092
62734 785979
48545 323499
69849 521782
44730 756615
25641 272362
54300 862430
46448 609763
61640 966102
20360 772579
35000 1020540
9707 857377
31930 707540
9892 546551
19095 305662
59579 767665
8146 899698
37836 673677
28926 212742
6092 9970
13623 791399
38446 494047
65271 736488
35000 1020553
44260 512153
43035 384130
25907 422977
60508 748872
18927 92777
47548 506447
67670 573537
8388 311919
38330 421121
32073 544164
50302 210693
10076 361122
35000 1020566
68321 762734
13580 589746
9640 824760
20013 544269
48664 244878
63953 687533
9505 965750
59790 641791
62170 804164
32493 632672
45482 72351
42259 90011
35000 1020579
1451 694983
4259 852109
45326 581237
56067 435715
18332 864849
42938 286189
11843 670956
15469 252919
24993 630589
6670 345239
5506 201387
20378 632862
35000 1020592
57168 240525
26752 590926
43271 280814
49899 399167
64485 557708
55076 720294
6879 15942
51253 859960
56519 438159
68590 952398
65315 802097
31369 958170
35000 1020605
33819 470832
27171 218678
28254 641336
47428 853978
63315 367755
45566 331290
65520 449328
46155 977340
58202 518234
60112 42684
25231 463438
19573 373015
35000 1020618
66152 569332
54557 955621
64217 474424
53729 524223
33004 267143
4219 862982
25159 960535
16307 922504
9372 294283
61426 964449
5243 512294
47028 735416
35000 1020631
17130 232184
42752 853281
63032 793578
46646 466233
12538 573749
155 672563
42120 360105
60029 762695
6120 904133
56618 883491
67434 280372
19483 318000
35000 1020644
18309 637695
28939 363968
51872 837760
6529 477435
28430 176093
26534 913958
39868 920720
26577 807897
20128 584277
31696 355818
18030 718441
1783 246105
35000 1020657
63911 575447
20466 260628
16003 741459
688 496796
18269 439216
23228 446957
47979 252032
42183 253161
39893 749377
7762 694077
12492 293267
22626 864780
35000 1020670
44545 577977
33165 832949
59178 755136
2885 878451
38382 260655
5767 918862
53199 165187
55180 443687
34087 482812
6554 306814
57819 418866
65811 609955
35000 1020683
56206 792412
58093 916149
57876 603295
61045 274937
3811 456521
32427 720908
56421 589285
41099 277587
54566 456805
52711 786770
11667 413868
28126 549691
35000 1020696
29882 689762
4437 446246
53739 981938
20011 671420
44660 332750
9288 512590
34893 184543
60641 150691
17946 635286
11596 296123
8575 45783
16873 798349
35000 1020709
35981 631895
41900 833447
20961 620574
50607 158406
42652 886779
30533 263213
48502 62533
62455 622821
10662 998763
29089 615375
42278 460930
48920 864393
35000 1020722
69928 673161
67749 625118
31353 566276
19507 30367
13532 735643
8346 806634
8684 581086
48089 385866
68762 141085
9472 437507
26123 739479
14416 770688
35000 1020735
20312 301192
54452 592148
9370 40307
25615 839727
10829 372109
36910 620734
6766 290687
58949 891794
29634 587372
61549 996918
50705 250359
34821 24463
35000 1020748
65005 554201
12280 795254
22163 203115
51489 642318
52749 410525
37070 312897
35931 460966
21586 880232
40472 436282
29960 241498
23382 165363
23347 198731
35000 1020761
23786 841340
34282 863131
57328 264849
60972 318695
54114 624651
34051 884672
59722 243740
4833 181688
45310 261422
46827 638740
2248 610426
31666 490243
35000 1020774
25514 340839
9733 358518
32709 652301
26936 743070
66659 78609
38105 919889
16794 748009
4513 55237
15083 405502
6687 674999
40078 202727
61758 379794
35000 1020787
48784 498312
64262 113991
25646 432063
52536 362290
45222 540124
1232 968800
52120 777865
27769 918876
12058 503161
32369 723323
33552 626577
69199 808098
35000 1020800
30697 351264
6756 490357
12198 832842
48656 504815
26849 437454
26354 696109
14370 328785
38523 942484
9611 278681
6111 600881
20660 893502
16237 39351
35000 1020813
29276 513120
12450 292313
15042 423265
18523 855898
25397 144056
57876 888679
25826 181236
2898 242350
19437 462607
18982 994726
580 680683
8804 95010
35000 1020826
58703 299422
10764 634779
43265 420961
32998 878395
43220 905626
51676 270079
56559 834176
6836 115942
13074 142575
68050 482942
57488 241934
42888 343534
35000 1020839
19522 648734
16376 433240
24891 94491
38729 510151
18693 630643
8035 653535
57686 829461
48613 817823
24385 599247
36727 191703
13364 946220
67644 307405
35000 1020852
40575 317999
21373 208323
9045 987472
1614 99782
63780 909860
32704 637123
57050 731616
8643 331234
47159 168161
64312 705923
49981 950429
22918 169388
35000 1020865
10820 582253
66039 706826
68184 299229
53212 115358
55623 243679
60281 62371
12683 827767
45164 662310
16796 95307
45201 360185
55847 807300
65462 848782
35000 1020878
64812 461612
24881 541168
48395 25593
5791 701
333 496158
53858 815707
12605 43878
12460 522275
38487 816344
41201 322934
5051 301660
29690 503206
35000 1020891
13007 901663
37320 914426
8004 712312
27422 696691
49128 618019
57157 416802
24621 734118
46964 969102
63417 765682
35630 861114
19566 196777
32343 52082
35000 1020904
47448 941061
28423 105348
16186 435141
6566 754674
1969 133430
25838 241954
16158 508604
15667 395890
41773 664251
63279 214755
61188 282661
64608 602636
35000 1020917
9026 719133
4229 286472
52142 711079
24463 743933
40240 208696
67985 995551
12785 318216
4354 645648
41386 399210
7225 582957
4807 154130
30131 33243
35000 1020930
3733 136996
69778 24946
32876 191172
54053 435937
29548 537007
33038 726844
3610 961475
31702 502438
28086 547720
42320 586489
47005 92975
34656 639851
35000 1020943
11658 89568
18424 219491
36157 32338
68042 287956
7312 254350
17733 46143
8952 409530
58030 965519
32671 717019
9959 616523
61076 503330
2926 647469
35000 1020956
60485 833175
39035 132280
43596 571077
10415 302925
11199 488233
18555 346486
22164 581037
24477 659040
47351 390968
17786 333721
13597 974273
38691 34386
35000 1020969
32391 288511
2726 89809
45340 833210
40366 58161
31808 154904
12663 124584
44763 154174
64588 71653
1936 439781
57664 446097
49837 15976
15013 941169
35000 1020982
48588 416707
64616 626063
47398 936652
45984 445064
56022 995764
66475 351250
55126 97457
40716 302246
16855 950537
60827 547179
33217 406995
57824 858674
35000 1020995
14408 893915
14572 758517
46635 513527
23107 362685
62609 334434
46277 308663
31025 111002
67313 624707
62176 349618
59227 707547
65346 131432
52899 613023
35000 1021008
5832 316957
14075 318835
67937 210195
35352 222976
4405 172402
44700 478427
66667 405012
50762 848828
23312 406670
28585 968396
54117 513508
8033 58390
35000 1021021
39458 837073
11839 240729
32239 284636
26107 622706
46353 825416
61945 811140
67661 8032
48623 156608
44643 495219
36507 399009
22787 249967
2710 599332
35000 1021034
26577 852924
58556 144310
11557 568193
35185 952572
47307 48023
39523 34849
6359 700305
53524 695394
67837 414106
34909 674154
52001 850802
11158 903741
35000 1021047
66810 879407
13067 612369
46082 302467
23878 846906
26052 624174
50017 954964
23600 570503
46950 136278
34677 837694
31609 259026
66674 513027
56351 26856
35000 1021060
61407 718665
2191 364280
1271 262424
8372 8717
7308 101195
34734 846070
39444 789057
50558 615263
21757 442024
55044 960816
120 451729
49194 660266
35000 1021073
16135 961214
54191 816093
43146 628210
28947 785673
67632 27922
38538 595226
7003 567233
17938 318691
9160 435762
69609 828375
65911 646939
17226 7089
35000 1021086
60460 683337
5231 805489
15253 651140
34850 885628
5979 455146
14607 850379
39291 968166
30987 708622
39812 890843
50022 367951
27593 545029
46936 113691
35000 1021099
9263 499023
40484 274604
56047 738487
10723 556735
20283 145752
61231 149227
43632 632931
37067 224466
63923 267472
36100 195363
18133 65436
64084 523564
35000 1021112
13922 258049
43005 677725
12251 247118
41155 628600
49329 231858
61076 384594
25163 567272
35442 935160
38579 109383
7724 757191
3590 951081
15973 991387
35000 1021125
56905 178591
67231 559427
68482 379018
67032 205011
3218 802852
64588 131820
53476 469126
49027 643524
785 283564
1963 645654
21809 686800
38836 651714
35000 1021138
50297 18071
32646 286564
68020 591670
30193 602930
61318 469197
37128 810060
56494 531224
59311 882685
62618 439953
48259 963053
59386 718228
39641 490311
35000 1021151
43050 524907
15836 737225
2536 42796
16187 390327
65873 908558
36997 602801
1761 142441
68724 342294
13855 534553
48249 87781
66926 81580
15913 109482
35000 1021164
57269 410226
45660 783926
68986 719306
69173 304918
35899 240064
41076 575685
2270 478895
19252 245575
37662 786650
12474 759931
3214 90954
61908 36370
35000 1021177
16432 792185
31151 576893
12917 355592
28719 84943
17023 263228
26455 791994
17937 326294
55637 265748
15694 69365
65022 207782
50149 383117
38742 847424
35000 1021190
25993 766713
34656 771750
62395 436761
3132 812849
14152 425048
21957 702539
33167 723205
68595 403836
29854 578882
5534 763535
11667 121720
22355 405723
35000 1021203
27676 108076
38451 150368
64368 10426
32922 770607
20689 960209
31983 899092
10386 416152
32793 620491
52591 931218
14126 110727
37384 263649
22094 786707
35000 1021216
55253 721942
67560 67529
32486 136878
42502 350383
1618 646006
4333 378733
53011 577147
19084 901073
35587 883745
9545 350616
49904 442984
51106 330538
35000 1021229
10666 126613
24030 520187
29952 958400
15353 392080
18679 220582
48793 120652
20384 387455
14367 326124
24997 913379
28226 442839
16580 462969
34067 376778
35000 1021242
55935 983692
47460 535963
30525 267684
9185 434870
6905 900970
47359 516037
7519 679852
9723 801564
66159 961692
23784 539799
33632 195355
63209 863918
35000 1021255
19707 295238
39772 819889
62027 518449
56213 753581
63267 610913
2503 903597
61182 544299
36016 870068
60971 180773
64609 842951
11801 4555
9200 570725
35000 1021268
4922 424583
39916 356856
69374 994956
42260 44799
37273 594112
3531 797107
7479 786332
53625 603221
58051 288543
17994 631160
19435 397953
49668 955556
35000 1021281
3776 429233
49598 63395
4856 712190
50489 262735
14904 64638
65095 762233
33684 799525
11159 741433
24097 262270
46028 604851
23357 778787
47605 94704
35000 1021294
44262 677411
69148 901928
37058 145832
32063 430055
1462 302575
61823 470910
50001 454413
42405 636042
57879 15906
64626 694055
7174 927373
21222 872971
35000 1021307
1174 572874
51718 867017
34738 595413
3475 868532
28604 979650
55973 483456
5477 334330
56191 601632
20927 661790
834 913168
36046 537010
20302 614486
35000 1021320
416 460250
32417 387324
50549 333243
8620 752325
28825 657709
57976 907564
10641 726668
10444 569647
35983 831116
6521 751074
45669 88257
31248 708475
35000 1021333
46095 128030
65583 266137
63302 450724
8838 270907
34424 782282
8213 678778
55422 424928
51668 816222
65704 210094
58068 832953
9772 755257
68738 51363
35000 1021346
50514 625513
52077 615162
69336 537440
50843 118321
32395 672638
29140 924272
12443 386606
13335 732792
21860 32541
66701 792959
5172 481944
49108 231114
35000 1021359
50986 751239
21011 755974
67828 884200
5151 156313
44781 409244
29692 147793
67255 929326
2082 899137
26188 693477
32675 102962
60548 461321
61140 166133
35000 1021372
31040 443919
20872 600853
2953 225140
18124 728730
34653 833942
3794 788388
18669 501567
1011 46576
14890 307250
46428 422130
39320 251034
25979 838738
35000 1021385
61149 920028
50655 958583
28126 525242
41590 573697
63589 45408
67758 589295
15073 968347
8675 786885
51826 730123
14022 505183
3818 338035
34217 110522
35000 1021398
17313 589907
12807 436701
36076 250125
859 261764
670 213196
45804 611614
29454 85944
48899 648013
22522 756129
3860 19480
48145 441365
15497 453687
35000 1021411
42606 673134
64653 809639
33788 759171
44841 178745
26318 765584
20973 499498
33188 732280
30254 618984
27648 380435
36159 160846
27641 10437
58981 424233
35000 1021424
41023 506676
42467 114660
66425 839548
22747 966809
15509 378000
30362 3951
24850 248890
17555 649974
15093 609864
32216 529597
51841 763959
20724 746956
35000 1021437
14838 197045
69455 150926
55530 259125
4791 839552
61853 534914
35119 575946
19916 826512
19072 636802
38361 505104
31166 233308
53589 688145
68104 720830
35000 1021450
27374 428900
43546 92209
17312 329442
23424 2994
36867 202988
9797 731450
65249 297623
12534 498172
46242 44672
29501 427637
57008 283255
21759 785511
35000 1021463
63160 370520
62173 613291
65995 596805
39584 702333
28537 192294
8531 995077
65839 17302
48659 652741
48682 911597
25286 662965
34915 72499
61745 784254
35000 1021476
42045 31891
18741 166087
24019 38080
10237 917870
24575 259874
25391 807687
28515 420486
31617 390919
62287 460143
22271 233935
36361 29410
42406 242889
35000 1021489
49773 618729
52852 235910
63687 509817
8634 32500
37997 737695
15711 206506
21953 807453
25157 134537
1156 861810
42128 881930
46719 112176
43328 453864
35000 1021502
9997 781611
64009 375688
9539 712829
68911 686848
1445 915231
62254 565130
30711 289532
12878 456501
30131 146450
32873 855663
10442 714664
59070 531660
35000 1021515
8190 842899
42341 469499
55709 538595
64449 369040
40625 900646
53722 271177
16997 696616
10239 552680
65930 997012
26409 846917
64909 365045
33983 329207
35000 1021528
10002 40528
37219 53172
46738 518579
39780 663375
54220 325685
55117 552593
23542 397887
14368 951097
33217 968926
5500 154389
2852 24877
22312 859254
35000 1021541
59169 45317
258 560092
50673 763689
6194 711561
47180 576183
45784 453640
52605 791744
437 908939
28537 550610
46743 574685
66352 419730
25931 399773
35000 1021554
28070 893777
69131 616755
69053 738840
59818 319894
36606 295882
5394 736879
54323 376685
670 780237
55458 743122
15038 340925
60596 239232
6661 329260
35000 1021567
21742 37536
27967 135791
26906 10695
61346 475615
29031 337381
21023 366946
26308 216626
19050 84386
1819 19446
60594 707049
23559 856001
1545 541335
35000 1021580
13777 797947
67390 215030
52946 181211
25274 24466
29543 817837
34682 178574
1589 500922
14517 852411
68684 307325
34722 333643
54739 841499
33779 607751
35000 1021593
8452 447722
37299 61388
47709 26332
26871 775400
6032 536873
59564 503760
69469 86793
280 578303
2317 488099
15008 770909
69433 49212
45224 496042
35000 1021606
64963 725011
68834 339001
38137 269486
21489 328355
13814 195544
39329 340009
10593 145553
59474 600107
61179 816169
10173 298916
53725 287068
63104 307318
35000 1021619
42200 737867
67470 885810
3658 319815
25404 369857
48528 755804
3844 194463
1966 143541
36769 367506
55347 40390
33176 592653
8420 655060
38388 164782
35000 1021632
27258 742214
54301 495068
55091 572287
26476 84375
5363 538805
11265 671814
49730 271554
48616 365119
43605 465664
19666 52508
69695 53522
804 408520
35000 1021645
36587 881190
69851 738268
53310 274758
63583 366962
18264 885577
27229 153042
9353 678536
16726 956466
734 979697
51300 581701
63942 85240
42603 107819
35000 1021658
54168 411985
11591 782037
47651 879321
30689 162258
60086 663468
6192 504785
66177 413428
39670 803346
34552 540727
35750 574795
47958 12989
27896 355597
35000 1021671
46808 708234
29551 297801
60126 890399
31132 397609
23072 515778
32685 185450
5549 986877
11357 547952
6176 536208
16731 577655
7000 848787
62693 929638
35000 1021684
1634 725299
65028 448611
62210 418516
17135 542252
21230 307969
58779 240005
32036 240890
25446 41239
46478 810842
26196 99713
42475 256191
20118 840831
35000 1021697
28582 482351
55191 640061
62424 901326
11111 757791
52230 913526
52428 259014
14094 41479
30501 697038
21644 87207
22814 801207
30273 178365
29825 923700
35000 1021710
67982 75586
26895 627774
54874 509622
61096 821808
1305 543754
18121 305101
16130 503805
39781 956595
23775 790661
28234 222743
5687 910593
38555 824141
35000 1021723
49062 261483
54227 875824
13961 170295
22568 733433
51292 35786
29226 844007
48791 704651
35355 576826
63172 238006
31657 275393
24325 478717
29944 202345
35000 1021736
10358 539677
32781 769982
63912 785368
12074 430358
41128 39464
9574 500647
61395 364790
20294 203882
32290 256650
64961 199334
23217 850979
48076 240505
35000 1021749
101 529157
5821 311709
7180 125139
18178 182593
2642 526681
36331 941497
63255 802007
46122 467705
4787 686510
3460 520263
23640 634942
51121 302070
35000 1021762
25194 900788
47488 291703
17096 382588
268 2492
62490 62815
16896 541767
11479 28360
66695 386678
9211 505979
8784 960193
54815 830935
23329 348271
35000 1021775
16946 859427
56059 711988
9272 997502
28697 346224
17700 687731
8467 143796
24874 852146
10875 741369
5255 990897
55682 53619
19387 908623
31949 540857
35000 1021788
52618 429948
19387 389663
17593 420609
28804 94648
68457 236653
11463 195913
30615 352507
10923 270823
41792 981779
16672 921679
5266 890217
35879 139381
35000 1021801
49653 311913
22504 914982
28316 866438
49620 197651
60154 925606
41932 487771
59502 536321
36622 155759
30966 21201
25306 106764
6265 645780
53805 939806
35000 1021814
31579 853666
22345 563048
8972 747664
48329 433409
47760 323815
8714 935083
20283 952512
11737 258744
16725 620346
52337 156337
42737 789056
18832 302286
35000 1021827
66035 567208
36803 109382
35899 492961
66671 223195
41061 594828
30216 955626
48243 277577
12110 756790
4634 375843
69757 653017
175 201918
68660 534402
35000 1021840
45739 278208
25139 103458
31248 996033
24234 169659
36367 702668
34297 25392
11703 679547
55191 939800
1316 308841
28295 756819
46527 201184
29224 338739
35000 1021853
30128 196563
63126 546881
4730 783221
43982 150152
33290 337320
43623 538551
67454 315539
56085 785449
4973 739094
22955 286798
25768 863323
38608 819848
35000 1021866
36296 627864
21907 112903
30407 441453
47539 687247
3 495747
1278 979649
44406 666731
30500 808872
44486 611944
36356 830030
63731 294974
6666 73739
35000 1021879
13629 864477
35969 552065
50264 853792
51398 290223
4602 649199
61028 843831
34822 847660
36302 963643
9838 600630
33772 365561
69001 997279
22909 593869
35000 1021892
9015 484593
51523 264386
45189 163568
26712 902064
26243 852237
69588 81825
47261 829057
56243 328967
30766 741557
8473 64246
64618 487286
35923 573913
35000 1021905
59699 331765
35035 342739
58513 771628
61090 332786
58072 610667
68161 222019
512 767960
6861 527233
46399 455638
64919 83585
1808 956679
47786 696397
35000 1021918
31734 460535
60232 188423
58138 823232
178 854885
36557 958489
20072 854875
46352 829282
27760 418485
35198 163217
22176 79280
67104 15834
51124 147604
35000 1021931
43655 858986
43717 384881
50942 779800
22644 321605
69276 877859
48297 266963
33329 554767
12005 218130
24811 25966
50204 165789
38531 53002
11003 760615
35000 1021944
40055 937674
25535 386622
30621 122830
60696 895476
41704 203496
3403 253074
1258 74606
26175 215062
26377 648272
45930 268978
65123 130020
3514 13150
35000 1021957
54377 538994
37474 85117
54009 327790
36426 693969
43471 760654
19015 121909
61229 911544
12621 156677
39847 223950
42810 265975
18491 609998
16966 872568
35000 1021970
56696 120148
4072 270739
37865 687686
11732 63397
53566 994469
8500 295374
63612 291692
67232 536613
11054 946085
42267 476582
48549 275312
22331 547977
35000 1021983
32975 659915
15274 530763
28066 337860
44200 926336
57542 313245
37365 33603
1596 318212
6844 627453
52997 739730
21117 836741
23992 715197
29399 997677
35000 1021996
20663 159553
63046 258385
5034 624621
25873 901153
56145 363246
39545 704352
2854 516642
67299 37444
31828 393181
22294 76513
18766 755159
33260 710714
35000 1022009
1695 674168
47635 646333
50999 838797
26285 864892
36399 98615
59493 367328
39002 628890
67966 816610
33007 374173
36925 917832
39754 973499
35978 64738
35000 1022022
5679 869641
63144 722340
131 285082
63778 213199
43476 100652
2998 373987
11468 726625
21500 592903
52255 60980
68365 928082
49544 934709
38539 61473
35000 1022035
61664 671249
39874 945413
48699 457799
36883 259256
12013 157679
54639 406586
45232 858498
59418 73835
3604 348096
7956 260110
11340 463701
21781 88586
35000 1022048
67955 932384
14281 675440
13897 130615
3335 55813
39707 725845
25643 545581
34708 602712
44110 453111
56768 854361
39235 861628
54007 268398
64025 33833
35000 1022061
31680 898602
62655 93312
66621 305638
991 912982
47405 535102
31383 923787
12063 470250
46700 288371
51573 715597
50430 891754
3182 527102
33682 373120
35000 1022074
61650 12706
44537 593655
36360 608097
51550 394810
14860 608339
19405 919637
63555 100927
17974 526023
63157 423389
3289 387035
66378 186518
10291 157729
35000 1022087
55933 352799
11205 831761
28618 280535
28721 119905
9982 875425
14431 14618
6013 13261
12468 363576
35188 718488
58549 365235
47310 806387
67320 408164
35000 1022100
53278 414175
64766 974638
6616 517934
45154 781759
14433 7256
45472 107889
65509 181333
35757 403647
13320 11539
55098 112581
48265 991340
38183 260321
35000 1022113
35552 480200
37860 603547
34777 805139
41733 141769
22377 1914
6016 751913
20392 783851
43054 530715
15559 85824
52420 671665
23253 633555
7030 774862
35000 1022126
63461 544148
56101 554427
58773 147762
3299 273971
7948 303772
7890 426894
37351 437099
7768 530229
16868 477028
7159 227
18742 720270
63511 663190
35000 1022139
50045 490922
65573 459043
36880 420971
56638 477858
60699 309457
47148 729764
7900 91001
1301 701951
10582 119262
24714 160094
16053 87814
395 858078
35000 1022152
66650 410292
63904 550088
4206 991755
24502 867454
38028 376756
55148 128446
21772 799811
48014 328097
40247 950235
41669 113595
27249 831407
38036 603287
35000 1022165
9532 220968
23115 367833
9322 997543
20765 109258
12009 738068
19668 727603
30215 795923
56911 510716
55142 831481
18497 685621
38499 791586
40256 118146
35000 1022178
20740 965938
12870 214811
12408 264805
55942 210214
25189 665440
20875 259757
32962 626865
2999 994119
22806 838695
28330 365665
17253 605846
49364 613051
35000 1022191
50869 148125
18127 707354
5730 537013
69147 945462
43387 970580
46488 978016
10122 239482
53081 838164
29976 881974
11445 475328
4739 883060
431 362735
35000 1022204
36172 861820
69211 309094
44014 237223
326 68954
23925 35869
52698 550904
51787 723585
13425 983663
37619 601933
64432 281403
10857 453031
33600 389231
35000 1022217
47850 663675
29697 990018
34263 360744
56118 387974
69172 71115
37749 13838
27621 446879
20248 168837
47032 360584
13131 254414
13919 14712
49357 373354
35000 1022230
61289 144378
62711 314516
43559 533024
21926 604104
877 482736
8947 634096
44989 439227
2809 109586
44346 225097
23165 606730
54070 690787
24684 948979
35000 1022243
14254 257485
32937 466541
16431 792479
51849 446606
31759 397172
47656 208981
46617 726428
19636 798349
5024 326361
9754 157963
61353 23585
24281 269074
35000 1022256
9929 911327
29061 853703
2961 893287
51338 266356
610 697167
64422 882422
39063 231208
47122 177732
53129 488145
29429 987870
12410 648489
39700 679048
35000 1022269
7018 753653
58595 677625
53763 818072
23179 380181
42166 493147
7994 948532
34402 392698
65342 714067
8825 317553
56364 815623
44992 113595
60354 14187
35000 1022282
16359 884034
31159 895232
46533 659876
67749 669058
6212 474017
18148 637852
6348 659625
2482 630783
47616 907718
69231 581519
55622 297077
10705 27379
35000 1022295
53986 179080
1015 390535
30590 877770
20975 583857
14111 75054
44402 131490
9695 707790
4769 705713
25940 513191
48455 653498
18607 403728
47675 807954
35000 1022308
23456 458609
54532 514500
26672 367751
25795 134334
60247 168245
54241 842053
27705 814814
6968 925914
48535 95867
26595 405376
43085 843267
54747 155867
35000 1022321
63324 133689
36922 697951
32483 153042
25203 771646
14008 961911
8852 851838
61066 826540
62130 844215
4632 66661
67856 765038
66638 61889
54584 491369
35000 1022334
4826 722618
49161 782361
12120 914816
42089 579673
56114 391339
43875 713788
28780 391705
65908 146136
42621 132775
57600 175642
40377 551621
22808 910324
35000 1022347
20986 152581
29831 950041
47079 41476
26777 393899
57619 978328
2743 18659
51216 877871
49879 733955
51540 374644
59466 113423
39778 94210
30033 603993
35000 1022360
40866 107384
23330 224361
15240 321061
52892 618397
47109 266187
48466 65592
36217 791808
10308 384268
47737 511316
20442 545462
1042 688232
349 767768
35000 1022373
42682 339058
33894 584705
44846 937590
67919 717296
41203 912475
58304 342157
13059 107676
30252 455532
8081 429679
42960 138014
61612 689581
6438 391613
35000 1022386
41916 301042
68082 112249
34219 187113
18007 250730
17760 9810
22485 210521
19984 450199
59389 349888
51839 631635
13807 430622
39769 719616
68848 511519
35000 1022399
34036 976832
1738 628032
46770 23142
54316 314513
62781 649259
4737 31131
24599 686310
22313 23953
16095 912561
48800 890675
69930 873972
57299 464470
35000 1022412
35781 276283
15659 876195
65967 929439
18024 403846
12373 378585
66822 49889
13290 783486
46758 507503
49694 898295
45119 517008
69688 695587
41880 786281
35000 1022425
5841 684249
25435 284467
69033 40066
20033 376591
61115 906486
19925 406090
45954 9275
6310 79004
37824 189577
18672 687785
36687 274295
47342 573899
35000 1022438
52498 849803
12007 224665
8335 867168
17500 729118
56814 59368
43874 986856
13386 86651
26864 642168
62734 328471
295 419001
67540 734692
35624 170351
35000 1022451
64937 307
63325 473378
24099 803444
22425 399662
23902 373684
870 506847
61857 718443
26629 637976
47189 84816
20962 370854
40662 649517
27387 913166
35000 1022464
28608 896624
22218 844581
29023 184141
35129 613140
60138 207337
22698 407354
8401 127014
23092 129226
13107 884314
32289 65596
18577 596369
63731 802359
35000 1022477
69921 163595
5756 157477
13338 742320
39634 581964
37825 180141
55671 89172
10284 104876
34432 366528
60952 983547
26015 777574
30756 231135
13991 877281
35000 1022490
68118 294427
11345 756579
44999 447808
32833 203633
23615 693154
46658 174123
31510 308072
8880 40804
66362 495972
35168 200039
44437 988376
57858 745771
35000 1022503
7794 690483
22398 309177
50100 551484
49518 25185
19454 224076
27352 644911
17428 441089
43894 710416
29084 151850
14684 599723
49057 324872
65737 675367
35000 1022516
36477 565157
43948 897140
17027 679773
45184 822951
42491 931164
35976 558089
64838 395692
6168 632529
60766 768377
16341 985483
13421 538351
42125 967460
35000 1022529
14880 913655
44920 938786
24832 361921
69855 427764
50770 10170
51156 881188
2729 257055
29979 607998
45284 462885
5718 487727
20285 541489
29256 864370
35000 1022542
59145 995474
43642 120804
43461 814607
60951 248678
40142 312394
34206 912379
34646 995577
47152 398121
66968 135343
5013 635107
37496 963464
44541 356132
35000 1022555
66076 237029
49938 492370
3122 218287
25718 8626
34035 906951
43488 47665
50945 753738
28817 69062
49399 225672
62824 555942
51589 778872
68159 638410
35000 1022568
51917 661953
53785 206128
16716 158590
25115 455228
43878 740238
61439 221746
38598 514599
59709 209204
38025 210135
49381 432573
6752 9171
1477 653789
35000 1022581
69307 738908
57236 323329
19439 987761
57013 73861
58961 453051
43055 50743
59792 411878
55230 46142
64548 239555
7603 643586
27079 899290
49621 985606
35000 1022594
23584 593705
50957 957339
47465 777869
34561 945141
62546 40283
5450 886014
22912 67665
45842 89227
1331 72618
50825 594460
21377 947712
15909 721433
35000 1022607
59666 79426
45764 163598
9492 40414
45332 47273
33383 612234
37443 989233
5513 285786
16572 351325
2322 705590
52130 186146
6854 968845
55477 714026
35000 1022620
28970 125903
4976 574133
63659 518618
16254 472617
50927 947275
60206 628660
65503 713086
30130 290774
47420 480309
59679 357915
33954 241239
39255 766381
35000 1022633
8778 607079
46164 329534
38704 688562
2980 781476
58354 983788
59677 304160
18240 926721
53641 292392
29652 253459
61362 484808
45674 423336
53241 641347
35000 1022646
28343 451431
52419 527434
13534 817830
64472 164738
34818 604247
34916 752656
42707 485076
62103 197278
68895 318951
27169 564844
63493 893396
67648 32467
35000 1022659
57069 803905
8949 586478
65022 710023
42713 359999
57517 751751
50523 302641
26254 520868
5452 523515
44249 632256
25799 349763
25982 300891
766 993863
35000 1022672
55686 729526
60791 341041
60815 788553
66395 691342
63579 985110
32175 339628
25564 800057
67100 500503
1189 149040
1251 446296
51703 109985
4717 959133
35000 1022685
40295 321681
34912 265020
51701 16826
33820 591173
6683 579349
56359 252230
65227 503803
35423 568250
63339 94869
10470 230730
27313 350123
54605 164198
35000 1022698
20269 940265
30838 432765
16376 692324
18270 382674
28294 266208
1982 534957
57428 693218
13047 627923
65063 747465
33931 3789
22754 644281
20463 990120
35000 1022711
35258 330138
23255 131926
36382 657766
25091 745892
21749 7614
34386 681596
34671 678191
35174 99342
63350 190408
21996 358897
10653 479152
59637 333969
35000 1022724
21904 66747
69302 964192
15133 396055
34910 751913
52823 885104
21196 381190
48346 266722
33410 847450
29363 561543
57071 552293
13291 839136
25820 809843
35000 1022737
18417 506308
376 463798
66673 972682
16652 782111
36877 898576
51247 178198
26524 790171
28375 358877
6188 562441
29233 636984
22593 77947
47758 901629
35000 1022750
949 111129
38127 997527
36111 352185
8484 509015
19452 378545
49647 819611
24619 280287
46176 903939
46091 853875
47624 450683
25667 879141
56019 501652
35000 1022763
56040 692877
64002 308535
27138 718449
15325 18748
33406 166275
8093 633144
34919 783852
22121 880086
31022 712321
62570 553912
44082 739046
60896 641520
35000 1022776
59984 176226
43541 279724
23948 209226
29351 646153
29209 329122
68132 905591
14838 661060
51842 359249
9657 201224
65041 965774
65718 9590
17198 194894
35000 1022789
56029 439074
40996 440064
40352 23981
26518 381817
65738 221324
19454 94273
9029 209248
67762 426959
11485 765309
32773 470195
65854 648006
39298 200261
35000 1022802
1323 445651
63958 321994
16530 680003
39284 56047
26045 783602
3287 659510
15617 902934
49085 445095
29340 296512
45394 135050
5975 272966
34140 912326
35000 1022815
14080 673548
54464 627628
3441 215303
42956 196595
55582 776958
33641 122500
39307 140507
438 458135
19446 345281
15160 881023
24603 142618
52498 144900
35000 1022828
2132 320112
61029 716002
12324 432536
21801 445921
20344 824366
38077 323043
64389 113686
32821 205760
15671 501297
47083 406209
66267 947144
46228 106671
35000 1022841
51433 335855
41808 762855
38944 951185
23267 403769
45965 184102
7454 332329
64795 775043
27789 799441
34774 911907
3134 955710
18122 719343
4595 735531
35000 1022854
61122 636033
46014 895303
18187 712803
49874 410621
47046 28606
57650 438540
35129 270900
27424 437113
520 11341
63740 557958
28529 164786
59745 400864
35000 1022867
43715 575250
39308 166210
15239 33931
23077 382167
60759 202994
9235 26183
68656 650683
43383 232074
40039 786420
24001 278490
30946 620851
61831 892277
35000 1022880
59096 336781
46935 817513
67134 713445
67942 398738
65837 845408
37984 287471
68827 878134
14385 398519
22379 35320
20954 801813
54834 266029
37740 68748
35000 1022893
23064 128490
25282 966232
19025 820688
68007 667079
56211 516881
17331 116185
43717 234155
63050 835297
59409 79751
8183 991283
27748 369008
54914 499525
35000 1022906
19566 685936
65523 732348
158 970431
56948 357203
38457 726481
45397 792635
2316 175531
6094 352677
47516 335698
52230 264542
37153 749280
42415 990618
35000 1022919
8023 176387
10743 387785
17527 625171
48444 485683
57900 375172
63440 369338
4715 214576
32131 128882
24934 229446
5957 536806
15127 965205
38462 117267
35000 1022932
37894 516322
39503 728670
11879 27626
16729 700480
53049 739494
51743 895361
26457 637250
15266 370934
64705 944166
19595 874782
49005 347479
56012 34195
35000 1022945
12245 971514
25229 960145
63881 482300
20800 756290
69022 757839
67870 472241
47835 466442
9868 481597
612 300650
55362 411732
26242 733982
62314 163831
35000 1022958
46547 940940
16431 774874
7909 350764
59784 624528
4431 854717
54021 726790
17805 721299
30464 752093
56273 328016
43344 443230
60239 194266
51552 412222
35000 1022971
7114 197299
39637 858879
69228 787786
16838 221769
5263 814281
61763 756465
51680 357882
6320 530391
1726 619371
40172 902049
45642 159536
22511 899654
35000 1022984
20712 936902
28631 763009
11119 889342
53727 861047
15852 283597
45912 225641
3746 270010
53782 516225
1432 738473
60384 893233
45368 312901
8980 145003
35000 1022997
5886 602409
27318 919575
24029 214499
25246 367577
28438 853933
55952 257006
1949 978748
15648 80616
13136 572917
3120 832618
19670 841191
57257 317693
35000 1023010
9202 337713
32244 707930
20559 924466
49737 332674
9549 400130
43614 415823
47917 360304
51534 811242
19628 654659
54337 937912
5580 381852
32767 98731
35000 1023023
60939 812930
38269 242718
55618 443133
2206 69773
41846 90438
48238 773589
2341 20855
12061 480737
9075 423083
66371 684185
47357 395959
50318 172201
35000 1023036
12825 118372
52227 146027
28758 793877
50707 993353
8774 566654
38874 558805
17192 653724
69892 271220
35666 544508
42084 307094
2277 578691
15283 267470
35000 1023049
64266 179175
16016 421487
60960 848483
30160 934428
44514 318801
23770 815626
24791 857192
65999 736085
62666 560544
60512 376872
54966 842019
36089 391148
35000 1023062
59823 978719
25835 476711
37944 627401
12369 891251
79 572022
66284 574787
67864 483259
14843 2274
12589 870908
61557 415533
24234 937154
4121 776681
35000 1023075
61634 955369
42646 426254
499 930067
65014 145377
14610 998543
27129 504710
53989 993179
66948 90926
59439 537374
33533 685204
52794 117784
44797 160292
35000 1023088
18081 946416
22653 302596
26551 114532
5454 641856
60944 517427
1159 32003
33209 262176
58127 485871
15119 435160
49637 493871
7139 453131
26082 55261
35000 1023101
35487 287989
47921 887274
63383 223859
30429 793751
62461 785139
65279 154114
38713 855391
43641 86381
43745 645204
52876 466113
26408 16183
19619 433208
35000 1023114
21340 483667
20605 511404
56606 767880
12085 978314
41190 659476
54976 87731
46770 178132
35384 486952
23967 228937
36709 561022
66948 902185
69109 361190
35000 1023127
31536 62013
16009 823128
30196 461466
66749 383243
19054 434282
46626 532990
45739 391079
21617 538951
30315 268481
9083 248008
16424 474611
62471 675487
35000 1023140
45546 155777
2138 421637
17096 189883
43549 517166
37567 302824
7730 115286
10123 584611
1730 520100
40990 614503
14956 76512
27456 852505
57308 967497
35000 1023153
69888 818072
3218 922940
2115 781097
61300 727421
30851 30007
46488 689842
28145 123232
63560 64927
31861 29889
26901 477972
7885 287793
32958 457737
35000 1023166
64265 924101
41080 742326
35486 14693
33966 506215
51330 929305
10960 988824
30794 236969
29158 181239
35613 976959
45543 269580
42816 128991
40388 820784
35000 1023179
69215 255059
63463 357519
46163 715735
55263 651839
56681 849465
4363 411297
36838 934191
67486 489795
10086 363861
59317 886050
60422 220775
39465 893321
35000 1023192
4829 619639
45291 203307
5065 593853
46597 192351
56144 368550
27028 657292
40467 326507
44508 450081
29736 859982
62708 112723
30589 463110
61683 381275
35000 1023205
42238 418576
63651 449679
15605 484890
15283 696099
19062 563465
53168 151455
48437 355120
11809 585966
66428 71030
13292 622069
17305 823724
4048 562432
35000 1023218
44900 394915
33936 15591
42329 443773
14713 974290
4009 904801
56487 568939
38802 509159
19133 963801
29873 208895
3455 886928
22870 378397
2382 365427
35000 1023231
44430 848316
22294 470864
69502 777322
55261 540021
18192 943169
19248 339170
28623 910490
69951 509405
66401 974740
8988 153228
53627 610420
33069 389049
35000 1023244
40889 839833
34233 823773
22908 931615
58138 584360
58945 313070
60431 458119
64073 681290
32478 86386
28198 188394
27782 812359
36454 215462
8316 892556
35000 1023257
41454 440524
8849 180696
11153 187479
68088 791740
56165 167538
43807 660856
55877 822002
50936 479935
62434 923345
48732 225987
19756 783065
36614 177805
35000 1023270
62243 741808
50098 506843
10582 787996
23000 362994
59549 704695
4829 213426
47212 443315
22981 350418
11198 549367
53142 197092
36945 74370
4284 161507
35000 1023283
34272 418448
12656 572842
34195 598339
30457 877010
64726 578778
30109 184558
15152 333261
56474 721484
19132 119422
1041 879638
64183 938117
40371 259606
35000 1023296
7271 255315
22025 155378
32621 707451
21458 701004
16891 664082
40446 500062
48864 555652
45854 701553
49970 726307
298 245886
67126 834738
36407 438435
35000 1023309
25335 812293
33968 683310
22197 70340
66852 242379
40516 763066
51913 901689
1659 827954
16826 52904
41255 840351
28111 608988
21559 529936
14571 925942
35000 1023322
50190 980311
55413 389666
14556 929893
63693 393992
20354 525407
68717 802144
44361 591447
11724 568672
121 770672
683 451285
51858 872324
27781 509152
35000 1023335
47948 284542
8701 729957
39630 677760
48893 33594
42653 388434
44984 497187
59940 635054
49278 603267
33820 499167
17749 432833
43505 549963
25221 879615
35000 1023348
37011 410649
5441 327626
32613 446725
8205 603512
34856 807957
32175 780862
57106 179346
57470 393127
53551 935678
55775 127975
7044 561307
49876 275388
35000 1023361
20481 480953
18983 861906
4685 603770
33694 26185
48576 721593
22705 136721
61208 555945
55608 999017
8557 359669
5959 729045
23920 198733
9253 641286
35000 1023374
29793 484266
22687 401695
45384 256711
39999 992683
48677 8491
48773 598504
54817 83689
57773 57275
12927 100762
25435 75386
35950 193087
51400 811598
35000 1023387
47966 360132
25812 228022
28836 213916
45738 795076
41369 430820
64721 930028
13426 513726
24987 811790
23943 988363
58030 778391
41438 300202
27639 900133
35000 1023400
2120 742075
66814 888749
66846 417956
55963 869753
12637 790260
2728 757578
47605 233443
36229 113319
37972 301307
45434 969104
24509 869861
45884 610346
35000 1023413
46499 371585
32949 521675
24275 327219
60936 393880
66437 132636
51290 961025
37364 742379
8839 430879
13626 105219
45992 146587
21155 250144
23829 678899
35000 1023426
3423 4809
24383 514737
34344 712164
62228 582208
45717 980021
10432 942425
30424 686403
29765 905590
7362 976184
37163 1221
18326 412663
15520 353229
35000 1023439
36813 951122
59299 536011
19512 88482
39300 444467
6356 216136
35946 364679
53957 880375
35317 927048
45275 551248
62930 137650
25588 765481
56791 410173
35000 1023452
38928 227666
19787 88195
991 405880
9157 755654
67456 59259
36667 158972
55345 545639
11982 384250
39611 902993
4873 276594
35571 370470
56724 717597
35000 1023465
37704 744985
23331 824016
27116 234545
49797 181514
40246 44403
13259 698179
19337 256063
2962 254674
21563 122556
26562 427005
46863 295852
61063 611863
35000 1023478
13685 965957
2495 436550
38863 238754
50426 659997
1820 710903
27947 735040
69 929226
27298 231149
12434 56478
21126 745706
54578 567724
1445 148104
35000 1023491
55908 985358
29784 519173
59670 912687
65715 619048
22187 198987
64208 514063
2243 570117
63938 360078
8464 561997
35432 819691
12493 350021
56114 174336
35000 1023504
19495 625614
31079 836142
62356 633531
7049 386926
3623 764622
43357 131784
23684 503500
44499 347860
47339 286244
69882 149494
24571 788673
57458 157798
35000 1023517
9427 169320
64967 802783
8677 316030
32336 869189
46504 20349
63242 338780
24616 925768
53249 203136
56821 576733
36842 183600
35734 635925
13708 421579
35000 1023530
18809 212488
48395 60269
54675 763993
46967 601163
15606 789133
67002 619735
2563 528218
37603 617011
29251 789529
31473 570695
61007 820564
43371 974401
35000 1023543
40247 863137
27928 693808
35463 184055
19404 508573
6440 913299
42650 600526
6233 552178
2937 225426
40242 400457
31234 557157
42655 102938
62799 848586
35000 1023556
3458 463562
36666 991089
23627 653585
826 998872
54707 949093
24710 377020
42957 990778
20681 264539
33358 201547
29212 605419
64208 919890
44200 555639
35000 1023569
61497 252181
35027 611032
44557 371296
23277 604624
56621 401106
9179 809803
58112 184555
25654 299474
6584 37652
17686 312669
30048 363724
36492 30049
35000 1023582
35758 879414
65042 181636
16888 370026
53585 748908
59514 87343
68721 537561
55628 127617
61056 705725
20940 623941
62407 501382
65716 726569
20871 20818
35000 1023595
45197 396266
46121 731085
15791 139425
34303 386607
583 173355
59374 675708
64289 316512
1639 962423
37952 378914
20470 797025
9153 605486
18071 563663
35000 1023608
50208 318112
58634 298884
39020 687889
41880 793704
26471 831892
15014 503340
58578 137571
31417 78482
40640 545608
13723 73324
24771 420432
40967 707781
35000 1023621
57439 652067
61231 349267
33997 722849
33779 179044
13089 686330
19623 474261
29841 661280
42272 828967
56022 870144
18348 530442
50189 161916
425 197925
35000 1023634
1835 696378
34150 848953
50613 666869
68941 194650
30991 330017
52993 339592
48531 577155
52829 693941
21622 921503
67155 950214
19244 619796
65911 753241
35000 1023647
46461 688077
16310 864903
21594 489528
3707 580293
42033 846890
47037 210716
38376 579803
16459 737114
14288 327458
1396 455848
65680 150638
14421 503393
35000 1023660
10309 586990
33090 194223
53363 682211
5593 457153
62389 195256
68688 878202
27503 698666
30292 202611
43465 40519
292 40890
423 739263
68959 138298
35000 1023673
32150 994751
53620 546874
33972 215236
4432 325351
58127 612608
6068 384477
5791 309411
49467 521885
66741 658059
36795 823642
7364 713659
62853 863482
35000 1023686
22514 137082
46114 117521
38899 380177
41469 849136
47995 315529
55063 182777
37034 107064
14841 395107
39795 150132
61469 613027
50768 668090
42761 153163
35000 1023699
882 439059
9882 818884
41746 775203
66605 575047
15153 937360
9044 226728
21969 676383
26694 211433
37727 771573
8294 42111
45501 172270
28777 148763
35000 1023712
35619 260901
57837 790162
61052 16843
55844 816208
55364 455915
32881 49001
40125 593373
11046 564761
23544 81003
46823 249067
27895 221148
21097 983760
35000 1023725
33753 626621
866 221604
31103 376460
16923 784396
23100 746213
957 371324
29310 899352
66447 12549
47045 563926
43920 720617
41170 801758
60586 484864
35000 1023738
44720 700570
18472 476099
26352 933820
21353 961534
50403 881733
1754 960906
53431 49276
63579 631601
52324 570511
62843 25110
46209 885844
66494 106114
35000 1023751
30826 317082
17275 753574
27746 927685
26770 122841
36564 132674
61838 887437
16905 699209
37234 350457
56399 810902
37308 266729
5341 209439
30566 423459
35000 1023764
69033 612118
4387 584573
40202 251535
4867 394308
40979 751102
8564 323967
26649 431052
9122 435241
50371 839160
706 185185
55184 926214
50423 51161
35000 1023777
12046 830343
20565 622945
23431 307783
39825 658396
55606 873231
32581 274358
11871 213491
4822 85945
14829 571317
19693 354533
63663 676231
62018 246717
35000 1023790
41008 477840
45864 96371
5341 297924
27246 175212
50265 571699
13465 20872
58112 992012
40466 13497
20631 593822
33894 778922
37479 211252
60184 48333
35000 1023803
64377 689902
30198 116459
9178 204309
52360 754183
40679 649127
33726 426597
69285 500290
5456 137875
55174 703566
23292 265068
32105 954219
13712 193645
35000 1023816
14580 217642
66838 165287
34172 860817
22195 787214
51040 673665
29396 858282
19143 970257
20492 740837
29318 124520
22843 874415
61452 859733
67974 16221
35000 1023829
54181 885938
67753 350754
37342 730456
61805 421873
69590 411007
44393 148955
7691 432079
12715 88922
19018 522024
40129 777371
32370 362419
1736 620523
35000 1023842
47567 263860
46848 29663
56043 664365
52152 863215
60857 494877
26623 507746
2682 767326
27993 900035
68546 726010
48786 70268
39413 263768
66956 175886
35000 1023855
61861 481346
2937 89758
12289 97822
28870 176110
37937 367394
5497 917160
38024 404100
69095 805641
7235 871517
37919 743463
15945 91039
23909 7172
35000 1023868
18087 599463
49306 354225
58642 518191
57885 541764
36281 789017
60557 680404
24367 664321
69485 160127
30754 546405
58788 80186
36138 64867
36150 371889
35000 1023881
44747 564882
21573 494881
53828 183860
1065 277859
10551 351761
23108 18589
63500 307881
16916 696827
66284 852137
29884 866665
43456 626157
16732 903821
35000 1023894
19494 35858
17833 777530
17009 730318
49506 764462
20255 503209
36316 211622
49480 322269
14749 789806
33156 704149
14728 46855
31360 23429
40454 621000
35000 1023907
62092 706186
6742 307235
14113 633092
44618 677382
22152 608169
60394 941997
58361 305752
20149 333552
52523 742063
61498 431933
7272 378915
56669 744365
35000 1023920
25194 434610
13886 221478
57070 614352
58797 772597
37520 124812
7944 415090
12717 530396
6695 762754
2495 413391
28969 13887
9910 24643
64045 212657
35000 1023933
33551 117449
20395 361141
67355 120924
54326 230414
41464 1368
11310 176478
24322 216570
69747 144370
53980 122259
30700 235420
68071 233922
59751 613155
35000 1023946
36264 177198
33917 736912
37248 966356
40222 303380
27688 926477
24630 623929
59648 129590
25251 171647
590 82149
40024 694738
59213 150030
61376 256852
35000 1023959
46165 900769
53028 427835
21740 967863
28829 680006
47512 484853
48165 156489
39783 792898
61256 309203
54608 969382
58051 902168
13005 464375
35889 835734
35000 1023972
31892 404824
66420 842307
21210 916654
24448 379361
41078 280643
68054 535116
38620 192062
30090 820844
44217 600404
7462 596989
54033 652647
24802 397340
35000 1023985
35333 465623
11512 798357
19115 933509
66144 792043
13913 47526
24405 561484
16229 808517
48906 90287
31400 440566
40295 160977
6887 347136
53305 427759
35000 1023998
68723 459708
51156 345375
29258 667065
6512 314990
66096 352965
64916 233750
45814 143776
25465 199087
68929 398834
16365 932405
24375 88559
3591 417064
35000 1024011
4539 799427
179 852396
11120 241366
57572 800404
7446 82423
59618 171754
26521 472637
12517 578612
35352 287977
2316 932090
17611 685607
35988 753793
35000 1024024
54474 884801
23824 589897
41206 527912
14292 961523
46803 468737
51578 425290
56520 797784
4864 882151
19468 222459
33287 594345
45885 708727
53657 562163
35000 1024037
34353 655561
59358 414898
3269 985568
69785 367630
30306 31006
38259 753654
12722 301960
39486 688518
42196 957099
64753 20167
24644 120884
20799 646790
35000 1024050
43292 551660
62005 841662
68820 451307
302 84072
45811 997523
57743 763090
16934 282676
63202 150054
47691 896696
42893 709461
21349 235771
54167 846204
35000 1024063
41871 555047
535 223982
10857 916103
42007 358090
37009 704761
44450 932187
47477 213583
35576 1579
60817 586345
2641 979526
22460 442460
64788 130613
35000 1024076
21484 445699
69202 805471
46360 947701
36710 648032
26853 456576
47886 535965
28820 750390
58299 626215
62127 15663
59267 150459
17903 702714
55416 646438
35000 1024089
54063 179344
57443 187527
45274 241149
8899 988713
20598 850121
36516 253925
36205 775397
18852 785235
17104 983278
1254 668250
53289 450507
37083 848248
35000 1024102
52801 245107
31378 21032
42236 207179
15844 352818
26974 994569
44974 743959
4230 673241
34784 655979
41459 142358
23157 143641
49565 419688
16504 585151
35000 1024115
48346 981542
3754 797392
52038 362297
65270 528009
28072 897021
9999 371750
23084 588856
49333 965287
23001 290113
31570 151244
60746 640590
51473 283462
35000 1024128
68776 545950
2724 999929
53951 502046
16253 190265
20355 225875
58247 322775
24722 938460
33731 12836
22532 257636
56970 777427
44317 98096
43197 448499
35000 1024141
18549 22545
63751 556862
56422 306762
41704 312372
43519 329179
26823 11179
17199 600491
46892 60669
52097 618314
8530 118139
15570 444298
40996 513999
35000 1024154
4459 805525
15896 430359
66039 342510
3743 824140
39332 310599
38429 125309
63030 972319
42671 151419
22465 751464
62224 778146
9857 102836
45338 786487
35000 1024167
65194 197820
18475 120331
14681 822196
67412 556147
42632 335778
64355 629100
59919 816851
50886 374364
49704 80893
24522 581519
59876 247462
25343 97175
35000 1024180
17677 618986
11137 990665
39945 729489
4518 9008
48570 781750
7793 916131
958 682964
50606 313949
43979 593483
32538 727985
53018 330426
2965 734921
35000 1024193
25289 196853
20655 261636
25433 453373
37582 496160
22343 756071
68358 680037
64186 575843
20247 605847
34308 337985
34087 20734
52153 456863
47656 483645
35000 1024206
29823 444155
21795 544770
14393 573661
12833 91682
16415 237913
2829 155455
44797 253246
41566 290905
22665 38564
69444 853320
755 913710
5978 131608
35000 1024219
34247 456171
15432 529118
68180 316176
66759 554497
56786 409166
69464 494201
25825 96212
62059 236893
26132 731618
28101 600257
53187 701634
14092 385677
35000 1024232
44045 102218
36479 570109
18899 865688
50827 879804
49418 56031
44616 819680
33098 600090
22318 760047
10477 29586
44820 583322
37401 308709
53573 961922
35000 1024245
4265 531519
47592 677916
26644 982706
8923 14167
33182 618156
27626 193974
61873 971167
53915 627999
43166 606884
11913 580552
29623 991019
41465 370275
35000 1024258
53405 446257
47370 636511
68109 707312
61346 974153
32403 95733
65661 351427
65368 447607
24828 412574
62193 81342
34698 374485
38626 167656
51343 485643
35000 1024271
32728 867694
6953 374821
52670 982555
28067 38787
16950 620484
10025 336259
2994 996645
22472 219333
5142 523869
34071 904902
58974 401510
46496 135617
35000 1024284
24280 223379
3279 632785
41802 890893
36665 586651
30786 884577
13946 368125
43904 443421
36743 213393
12671 300055
68432 652702
52444 633793
131 953940
35000 1024297
1253 750345
44474 207563
16085 591809
61674 348649
241 355748
39343 550673
35258 287543
38504 534271
35673 344084
61321 804393
52474 994927
31477 31620
35000 1024310
19301 608140
65515 115504
53286 509744
34131 46584
57452 889982
14186 337718
18105 506631
40923 316072
59898 784847
30682 863894
220 822223
57803 804663
35000 1024323
68724 420436
42075 677221
30003 644972
24337 718553
9257 923369
20629 389763
25792 483360
6183 440024
14386 692383
68123 449881
36153 421208
38541 119913
35000 1024336
41386 788794
32776 917591
62654 32406
19894 316865
43111 708147
21677 889148
48761 877662
10487 18402
13418 195174
16141 762271
63724 568337
38342 12449
35000 1024349
39184 470145
13754 605107
28520 105804
66518 283713
37759 826158
1659 795460
51975 35396
66489 127074
8364 94965
64912 406729
24222 211247
39025 668895
35000 1024362
52230 667534
65531 471640
54833 814248
41807 231444
68973 259431
43739 379026
25439 409699
53059 78232
13604 721208
2360 785640
23493 388304
21115 418637
35000 1024375
45385 613590
61665 236250
17385 115440
42413 481743
1617 467619
48136 81551
28116 965661
55056 790522
9007 554366
9014 153454
67271 706165
6522 604558
35000 1024388
5241 49003
43456 598704
24458 516530
11756 702448
46613 750137
4584 914666
56089 241365
48806 414683
30348 574308
68427 874731
46815 437262
20123 543000
35000 1024401
14144 261056
35980 990277
61365 346461
13203 75383
23129 37704
7035 418837
52270 296239
16154 602062
11645 658051
32294 713139
59775 237444
62491 765374
35000 1024414
21213 477502
3975 628918
29708 448775
12669 546599
51257 857716
68004 958543
17210 267894
29805 515026
16755 611627
48266 42153
11638 337304
53888 475032
35000 1024427
39463 158385
56132 186007
10052 153563
51632 77128
19252 568896
12379 670573
60556 717047
46546 396266
33566 381527
44472 476904
11691 344184
48335 997037
35000 1024440
5983 193582
14223 249500
66297 198570
38139 149188
13512 372794
60829 571576
52189 450223
53425 462760
54901 760227
25090 228369
44383 372534
59311 339
35000 1024453
61635 708103
60294 290571
655 764881
26588 334835
7918 625092
20398 343767
61459 787135
43246 998364
7 402569
8924 635157
46562 760974
1390 538567
35000 1024466
10259 254233
65168 630530
29463 11486
20556 311025
56467 598763
8002 313783
18281 149865
3589 192223
21206 707041
51215 277719
16531 399772
47733 879447
35000 1024479
60423 419884
22992 826122
4710 23853
43389 219693
60487 484731
22343 608175
26257 733449
2617 177129
12670 945877
64531 761323
49218 105124
59080 963623
35000 1024492
62247 717482
15121 826426
56857 371837
40450 244296
13406 21514
16939 306898
62267 520376
35430 299878
27414 852921
9970 30610
61412 502587
19732 152199
35000 1024505
63951 138285
23441 783133
64370 336861
9428 12359
24335 303787
66646 282036
6580 583177
1771 928858
57804 181946
1593 848926
5468 717902
38380 97532
35000 1024518
55671 376844
63403 999342
25637 564022
1390 808621
15357 214762
2858 427554
29245 817979
69493 122592
6073 821540
36389 583198
9866 586007
40177 127612
35000 1024531
17110 164400
6491 710799
31985 375961
33531 488279
43615 941771
51333 486297
69694 237412
60362 578387
12879 839201
9808 612671
63335 431627
15866 292303
35000 1024544
69712 595833
61266 704484
3973 259528
7933 651948
38351 309115
56063 263915
17401 609519
16735 398554
10897 645585
5647 369343
60582 691180
17659 806547
35000 1024557
33743 560462
34201 646430
48570 25648
8823 578009
28277 721972
27859 899865
68238 675494
23145 886769
61967 816340
11617 139261
2937 771206
782 225449
35000 1024570
7074 731493
29302 173257
3052 836532
20984 486085
31589 299205
41549 689583
56714 695778
16114 332144
43417 125645
11280 255893
36719 581482
35811 534846
35000 1024583
14487 885238
22512 316023
891 370457
38042 277914
14110 239384
2361 612608
4887 629843
2581 332683
63112 653498
66455 231039
19990 662380
15680 86035
35000 1024596
54476 435160
25140 917097
46540 381056
5462 817000
52693 560996
29951 304665
645 382310
30490 135930
55736 14960
36137 743732
29205 732319
62873 962624
35000 1024609
30288 260820
62325 655
29560 74847
35911 391743
5122 381580
53056 894004
51691 394848
2722 747674
27362 805508
35511 609174
51272 401817
26356 952416
35000 1024622
27845 871439
27795 617034
45763 425401
69475 309602
45684 41351
47054 665644
25202 597373
34098 704478
24248 645167
47481 949471
22449 838564
11719 401877
35000 1024635
43867 836328
17724 816111
44009 171809
61881 706616
1286 602046
67165 890024
66058 436944
10739 369742
35898 389781
55241 268113
25732 708543
15921 428599
35000 1024648
57251 651378
52189 877410
68269 28869
64860 179248
39029 519699
20143 437082
55058 241061
5903 153048
50470 745105
53556 551365
3791 253061
12015 564729
35000 1024661
16217 766288
2638 237199
66019 405318
32186 440115
57356 785867
47782 272397
25432 77160
3883 468712
20929 524642
63468 708315
18301 1438
54797 896996
35000 1024674
45873 891667
53860 238117
43693 61002
61168 343426
29832 726395
60565 767415
45305 48289
49317 996956
27373 128871
2247 42039
57669 190252
28151 219241
35000 1024687
58685 416309
20488 679273
11681 399111
37904 191316
6705 726351
33311 448676
50118 641152
62733 185766
14726 92733
203 131909
23943 169019
25523 818547
35000 1024700
6057 890708
10499 811295
17895 705560
15415 159035
20109 231893
16901 962348
29817 348416
29298 11882
17687 487477
27625 551788
52545 993895
28413 670825
35000 1024713
16026 998240
43018 266095
44411 493784
35627 871514
40880 443870
10672 617181
11476 447068
41236 666877
17347 292430
57113 140847
7578 481712
29650 715986
35000 1024726
58156 206954
40934 957292
11548 529490
15949 864170
24135 822807
16308 135122
45369 507311
43080 986588
24580 331103
31908 287171
4582 518238
23140 56563
35000 1024739
63494 51088
41255 452713
46987 821845
18252 384277
21016 895864
6449 311254
5655 150033
52901 910728
28125 54062
43832 578747
29956 453686
33181 327397
35000 1024752
65331 976297
69915 195793
12628 338461
30466 757433
58304 883733
11882 65633
37769 465233
64555 456151
53709 456644
36450 994257
39994 420663
68780 73024
35000 1024765
27406 317098
47487 626885
3644 922449
52732 145156
34235 77445
5950 865935
31068 264010
47069 842712
46915 164738
12772 914163
17881 423356
25841 150446
35000 1024778
42638 100425
50735 405710
7446 990278
40180 891233
28476 816897
32054 437152
24201 27953
68651 408011
4882 631843
58685 704696
56722 842693
46573 156124
35000 1024791
19076 795050
22104 942885
32919 710485
64178 764728
7614 772195
47786 345257
46538 481194
68601 592091
35335 583497
60976 325132
30896 263788
13554 30525
35000 1024804
29118 669841
21131 793020
22958 697983
16047 286724
31288 848198
34604 419781
54672 281310
28732 933836
67055 502822
22140 901176
19738 735310
47780 887648
35000 1024817
55087 218623
41986 524916
46921 941980
68977 1725
31125 813314
57177 336849
20254 575427
59469 296429
28791 295500
13635 728464
1256 179595
43452 680047
35000 1024830
20977 391242
16227 814548
29310 508753
55322 527352
2298 241948
33767 549731
11891 183414
43280 678173
330 808591
41255 819109
18260 504213
49642 159376
35000 1024843
56012 809005
17662 433042
59743 133903
23594 593747
48942 133066
18191 522040
39912 453418
46672 451484
29649 298769
8250 940577
46165 186786
43115 463169
35000 1024856
50193 100008
25646 961311
38556 967491
64747 682369
4562 395925
64811 194402
38927 480997
56824 461069
32346 118596
27233 810078
14150 608758
51329 653040
35000 1024869
5523 837214
9192 409016
62331 863423
57624 68506
62301 670308
1940 216377
25085 59486
57688 392605
45999 462189
37711 96102
2010 707612
30384 859370
35000 1024882
4991 606770
9940 993229
36588 666102
50624 657542
51408 77465
67849 843996
2767 642829
30921 547908
4314 257552
17999 477286
7474 244749
14763 870395
35000 1024895
32405 408678
38227 602029
42110 858837
3893 269713
25671 700145
60341 568291
31239 697476
64869 214579
51471 589168
54475 146747
11642 713513
44972 927858
35000 1024908
39330 822878
58977 95107
55662 931354
7631 159862
20417 346625
38429 871282
26140 22233
47994 689272
17869 79352
33917 325215
37745 349948
69521 892918
35000 1024921
12717 98240
20933 910362
23201 886292
56960 921989
4393 411295
64279 839358
20336 178087
18379 558966
12295 905413
28423 421812
66855 609737
8036 695111
35000 1024934
35902 554961
32383 115462
38296 973852
1548 558050
28968 63151
14557 812797
24376 66395
39756 169637
69128 753783
55833 220774
18939 451503
39792 232284
35000 1024947
26188 557343
8391 589129
2134 274496
66475 781399
39710 485063
56693 982045
57282 194804
15292 315847
21880 945784
65856 882213
25400 650269
56159 779161
35000 1024960
12996 625490
57414 921353
17706 627393
23197 870950
51519 95080
44347 335482
36209 698774
69696 284809
39977 963050
54026 350692
38393 649862
55865 960243
35000 1024973
4116 983834
24574 45396
52345 695148
41809 509558
13367 55024
58847 968981
16822 16424
32076 732440
57950 424110
26204 315221
9327 368871
26199 105921
35000 1024986
43138 771207
57370 292386
44342 379553
69662 143911
67342 950781
64354 925174
25149 148272
66989 325325
33690 686019
53958 90899
22749 476582
31467 832039
35000 1024999
21969 207963
53980 807622
40714 278465
10207 403889
46552 658784
65073 46546
10907 852759
67327 560511
39799 257815
542 16904
10464 534467
19968 838981
35000 1025012
48633 506713
49141 617707
40105 130632
39011 403149
35919 806230
49993 310193
30952 4628
47235 384750
59176 64054
67140 251649
30125 739615
47853 921934
35000 1025025
41247 745034
68274 206302
20975 308399
12389 885447
43278 308721
16889 348201
36815 543233
67486 311427
30721 283390
52593 248018
13140 580604
20838 159970
35000 1025038
37608 17006
59629 787091
26572 379766
41728 850049
26751 344420
35960 928874
65802 256671
35869 910289
21804 609617
22509 894568
9703 199347
4488 484421
35000 1025051
61546 774271
46559 578448
25317 253245
52455 646004
7516 373614
6020 972251
129 203845
22858 506225
6751 969010
41602 876028
10537 372570
64835 192355
35000 1025064
23996 495184
13936 168546
63785 272519
33545 12552
19652 380795
42554 28985
53337 980681
48546 375041
27404 197655
14180 37649
21498 938724
13047 468046
35000 1025077
12839 614978
45091 148389
15174 892310
21000 970104
23222 781158
2901 34205
229 545218
45102 577243
34 714347
39079 724397
40771 815718
59737 271751
35000 1025090
30460 370059
68744 442095
62103 76479
42443 941352
38924 413806
8904 909928
15184 684698
46531 6223
11973 353403
9315 46561
58508 361601
46472 235526
35000 1025103
4930 65646
36906 231292
57270 577565
36687 552662
31863 178892
23203 663537
34902 618093
57332 139138
27919 671248
48929 42331
14189 488994
58846 109886
35000 1025116
10198 662718
55039 450697
8232 388873
19478 268332
21749 552419
67069 279258
52372 291655
43184 603424
61501 966943
17619 32662
26021 740695
17811 345536
35000 1025129
31980 73174
10767 79958
26560 384140
38046 367827
41597 25240
63514 574840
67319 133494
14569 220553
2160 561728
45012 658079
58539 836587
59530 323615
35000 1025142
64609 55998
51827 963551
49435 904062
62162 604533
63982 538717
15883 290875
33141 597669
45722 740970
23814 433603
26196 71276
5486 372293
44169 181092
35000 1025155
61831 190510
24750 345940
46956 860783
51180 734957
63659 850816
56677 916793
7762 122801
69443 122188
67054 953162
12852 553843
25339 510187
57703 253090
35000 1025168
27915 362100
19662 174423
9985 795926
4276 699325
58269 932302
29781 98714
55609 446205
40260 199605
31927 455657
16519 781982
9926 447680
46861 319115
35000 1025181
15474 69828
22273 776435
48602 901048
56692 196856
56743 259668
33702 613916
34932 480944
10615 74235
66646 120572
41563 423575
57044 918000
60835 605419
35000 1025194
22302 928654
7704 453396
8424 966331
14179 810375
52790 684246
6812 39968
62790 506258
53956 953721
63803 678106
34821 419605
62326 244624
19269 483450
35000 1025207
16719 599120
42100 974851
8161 267379
19255 141458
25023 554085
45175 48229
22965 901129
47193 931846
6197 343146
57644 653802
64645 499350
68417 234973
35000 1025220
66680 592788
34539 973182
40736 376878
31511 562713
14279 308206
63411 506687
12143 32483
40043 117605
6683 621095
55706 734528
58927 389234
3181 162881
35000 1025233
25472 890788
34446 411907
52971 761576
38235 205705
16139 386066
61822 932619
27391 675594
32242 400486
5734 953030
22727 453765
64272 88301
25643 532244
35000 1025246
52774 33820
3927 794216
19930 792790
39853 240247
11468 492143
21262 696939
10538 606324
36588 397649
2301 134792
28902 533965
29135 76722
23729 594306
35000 1025259
48029 853616
41625 414984
44768 264086
51003 131301
59964 31321
22545 713124
69449 29835
22992 599645
62058 231459
11309 28463
27426 141090
41515 290932
35000 1025272
41943 186784
11584 920086
51688 981417
35346 792541
33664 723735
44134 52206
24000 752145
43964 169561
22120 454507
25072 39988
30691 501661
56318 843381
35000 1025285
11360 599418
8172 911986
18205 399627
46475 383835
31064 431162
21565 134046
29439 91743
9796 74123
39556 670976
44601 403132
26850 896194
3794 533868
35000 1025298
2067 756123
36702 182083
41897 77206
39104 389493
56390 499596
49168 677136
14585 383817
51438 424753
31082 456598
61393 7169
467 229542
22547 242104
35000 1025311
66187 501695
63148 337538
45879 460471
48667 540576
49684 172368
14244 21406
21853 166019
64843 37132
8115 25701
63671 936665
63564 300672
8296 988702
35000 1025324
64832 739162
37056 715734
4600 905355
56108 89341
4935 386964
15481 355597
27965 381140
9656 844527
17157 255300
60753 505742
22493 612753
38955 606661
35000 1025337
69137 711875
39803 605207
62966 682410
33953 346239
45620 506776
17874 772013
22954 710409
18986 883609
13233 243871
54560 266601
19059 269219
35821 430235
35000 1025350
38620 564587
34522 767446
30982 585786
22832 716990
43801 499915
53117 154635
10431 843125
11242 309656
22326 819418
53713 569933
5073 51119
26817 100640
35000 1025363
60106 944188
56185 383997
1340 32495
48881 826426
44774 72392
68981 488762
30854 661744
45199 543990
37100 237744
43866 910159
10902 821928
32916 888045
35000 1025376
58576 34734
47030 982692
6281 971772
25923 363897
2263 196977
16615 123661
45243 678123
25152 986692
28948 748822
29806 387197
11628 916670
800 116195
35000 1025389
39404 711030
55695 134494
51705 569356
60563 65105
58903 120099
11940 955830
58283 712783
44946 7669
69315 293430
41541 400895
45131 392638
31035 22429
35000 1025402
1396 322133
57055 274037
5260 165091
6539 788737
10218 248973
27444 696588
24418 566094
33644 438432
10659 752425
46233 370187
44506 164670
26114 256314
35000 1025415
47010 678840
58374 755685
57214 851067
55574 899616
25715 821172
10263 46435
56118 357093
48379 22930
11222 172101
47024 879301
41306 156528
11791 494046
35000 1025428
35739 467098
20030 183930
45006 785361
60135 844460
53176 987362
125 280638
16993 683712
69615 76317
22687 134887
67861 618239
21979 232024
69239 497724
35000 1025441
29309 539823
20396 742936
65891 521112
24688 407514
56756 22281
60749 480791
34795 778595
36511 54179
26977 174718
65500 170210
485 667719
51174 792642
35000 1025454
3892 962129
60727 711894
31898 384766
55108 838627
5687 513738
59236 540752
22606 6464
11360 309194
60143 277501
58425 182109
67515 101968
42565 731833
35000 1025467
38785 102678
43103 348499
19995 283061
35734 404442
66464 886105
4547 350215
13192 877080
18449 92992
34249 446530
37758 429889
33556 5318
53811 121014
35000 1025480
2137 998034
10038 15926
16438 280417
48345 302684
52552 783238
37615 864940
15835 637307
49535 585876
1055 49088
46116 477048
60168 426696
2479 56473
35000 1025493
44799 373831
62931 266372
55726 79252
40423 264580
27168 161932
59523 141652
6766 590704
69299 736654
1793 469642
20572 561830
65797 674069
22270 794810
35000 1025506
22475 187574
140 623546
33605 275417
11730 440024
59156 17389
15499 781752
45742 627599
35521 5401
39068 279781
10763 94915
56849 981943
64747 638203
35000 1025519
11194 407552
6869 812888
4437 943878
23202 318065
15005 457504
12141 46330
58683 827199
57505 101103
6343 220805
67803 546505
10842 87720
53583 835076
35000 1025532
64748 312492
60829 437021
48093 539535
54927 812117
49992 495652
32212 644668
10686 409070
53189 388078
36393 262187
15561 218007
47940 857090
24939 909996
35000 1025545
10215 155163
34991 7162
48388 917327
29733 965283
35762 303422
6622 394353
22178 695529
50436 11567
24030 697114
49253 998251
52251 775114
42182 690275
35000 1025558
1932 93381
37116 516951
54193 877304
11059 429853
46671 662975
17743 149070
51342 137713
14979 399424
28656 52255
17677 964611
43093 339636
60020 896489
35000 1025571
24894 949881
11254 181257
22338 79523
66537 839160
40420 295961
27803 931701
36275 931736
65990 551122
2975 853855
36416 668451
57381 686598
43780 671248
35000 1025584
35773 312266
24139 998193
37128 770134
28506 35640
31604 239333
69201 880488
46480 20133
6825 252383
39977 380329
7289 921336
8787 481877
63318 743092
35000 1025597
32677 228051
24203 187981
41247 257036
2855 904462
63053 403694
35322 821594
18217 210548
45901 525092
49229 173005
61165 449202
66565 222222
43772 993348
35000 1025610
43025 705067
1452 689190
46669 742807
3058 515243
26966 732447
1333 543173
58819 409219
55883 581777
12984 548367
58190 629103
12933 650421
13105 935743
35000 1025623
27013 377971
17065 846402
28638 974239
26376 147114
17727 213205
69252 172573
5871 974586
31327 216380
28189 765582
9433 639404
11607 77393
55380 949008
35000 1025636
16153 27081
24588 826289
53304 725540
64286 397156
50866 471678
32559 541115
60864 353445
66947 737272
61672 678872
66976 445190
15120 388930
59203 449150
35000 1025649
49234 79746
42870 434578
25672 830310
21299 38858
603 585495
35792 538992
63598 510085
43451 889441
33375 19692
48134 655628
8346 908907
55652 637164
35000 1025662
38641 404489
1374 657534
28848 84586
37130 699291
9751 890041
61231 986081
4112 740587
15598 323850
31355 30197
61307 494727
21705 90960
67374 471670
35000 1025675
44748 116560
48698 242811
68210 305911
25203 148603
12587 31333
38948 513006
59714 213074
3698 619494
29241 908888
66773 698300
33273 620621
61805 348532
35000 1025688
16429 843056
57164 85086
26632 646447
17601 253743
12983 317628
55553 313665
9527 628017
44980 150415
34102 568376
47529 396775
15939 893904
22636 584746
35000 1025701
19866 784866
20676 194084
21669 846812
27201 224472
43687 534909
63254 652982
54373 653983
49997 396317
10515 751769
8688 711036
35419 115232
17009 187945
35000 1025714
25020 673999
11188 380796
19229 110679
59985 851677
32897 852844
60618 134043
3624 931664
60061 317833
28514 714606
65198 485696
56195 623170
65892 745812
35000 1025727
5459 173465
21593 703988
35542 275116
29259 27047
8796 919262
21670 100630
53487 514553
64719 459514
21509 652127
56993 934482
24782 176631
69606 283952
35000 1025740
30278 216255
6187 354504
40160 226291
56227 241003
21720 163510
41529 46799
24541 576530
53477 311881
60731 261877
49261 524583
61116 260038
54057 866411
35000 1025753
8011 838669
41232 347254
3215 641566
44128 712543
36766 992394
24551 597092
68190 69180
60024 399035
68956 288412
24153 316919
26178 290883
34072 666922
35000 1025766
58892 147399
20448 534348
26815 408145
24495 615591
59681 688500
35623 147096
32334 378409
51459 911534
34169 540191
27017 157433
19201 327085
7319 462927
35000 1025779
15458 74534
59172 311183
32907 626791
60940 794875
46496 354107
48909 599776
58235 371877
15054 313985
27160 12544
56921 984230
40319 32645
24041 325521
35000 1025792
66021 281858
64340 411295
11398 90718
50560 339730
31468 99614
30930 527508
28396 609512
63138 163908
29026 857163
24044 655709
65895 722272
36202 757276
35000 1025805
19271 308042
8188 693805
50128 498991
3119 623696
40261 665935
6444 531562
66528 729482
16554 423127
4856 821401
34118 564887
35811 972951
50890 679161
35000 1025818
2378 72634
32572 248894
776 392646
54259 24583
4762 210617
67187 236017
67266 647249
43395 859475
24269 875682
51700 767256
42775 193897
67912 71007
35000 1025831
317 952477
37788 321247
44865 586834
29436 491030
54612 894293
13961 823075
30441 385693
25184 823404
33288 218591
5145 482603
1007 954063
23239 840851
35000 1025844
10042 63493
62324 17091
21587 33776
17644 981512
59205 312386
65889 150708
25409 887187
28827 524908
67082 684942
38742 631072
58107 49436
50744 392802
35000 1025857
56283 706468
69070 595914
8730 388963
57210 915880
3092 697845
33361 478152
58848 150603
21492 221546
39756 525974
24471 76856
42272 294755
44340 191610
35000 1025870
39884 933094
27433 819089
56607 183437
8413 833333
32911 771462
43117 575538
26485 755708
31208 429966
15994 767446
24408 183170
7792 858402
29571 739463
35000 1025883
30216 961755
54444 161687
30975 879689
54556 440954
20184 927588
35464 34936
63878 499433
39332 239454
46792 916992
57060 319486
51132 151100
44159 450144
35000 1025896
46676 410999
6795 651209
8391 481045
30851 386737
37067 966753
44746 177144
23439 484057
34924 870229
26486 911638
38384 490817
30432 696087
28961 194378
35000 1025909
29020 805716
60591 856432
8093 3817
20079 182086
52178 232364
16201 586552
43026 175713
14206 255671
62990 323969
37873 123363
10307 594177
1362 560450
35000 1025922
62413 507541
28554 858574
30457 303170
67936 721065
1351 329740
49599 842343
67044 372567
25894 235262
54610 418085
36596 211611
50737 202658
68798 78410
35000 1025935
6223 823630
53579 924295
391 342546
53479 73920
54255 652924
7120 492593
66216 448833
33365 207630
11192 634309
20826 829429
17493 245793
17914 32720
35000 1025948
2752 23851
2 380961
46488 576443
20535 724163
12715 164911
42378 682053
25456 560923
67852 890426
48271 900238
26110 773730
4741 714350
40160 465736
35000 1025961
48864 858770
67329 155727
24454 555419
28115 205924
16696 876659
24924 325819
43009 396744
13895 742862
1696 951320
8203 794462
39856 561132
39917 98584
35000 1025974
5858 595591
11039 947865
44616 26932
69111 907144
13805 847527
17168 167561
30986 588226
6273 339365
42469 967571
26648 88702
16364 389743
29701 262014
35000 1025987
60331 851431
12361 416815
48305 843089
8357 32437
67930 88521
49442 825430
54353 236211
56393 695681
45639 797406
32791 551855
49972 674001
46966 268619
35000 1026000
51289 253121
33469 576643
15875 514452
12257 332722
23357 237602
16449 204093
13008 316920
17300 281005
22416 354801
43309 741661
710 840087
55468 819072
35000 1026013
69397 673794
28736 306824
5209 785730
16272 188627
22442 190244
68615 388656
60771 628256
62028 878598
39707 571492
56132 861247
26022 755452
61510 798386
35000 1026026
20352 760624
49570 594418
62969 488425
57223 627067
45709 679213
29987 770740
64396 840484
35989 231194
26216 175095
46762 950129
35103 44656
63994 324859
35000 1026039
1401 553385
28522 527850
56854 898664
51727 34575
495 258018
40140 605174
54316 931050
50669 267030
14730 91171
4142 387051
8643 761069
5440 214785
35000 1026052
54673 188766
49949 134246
32246 101368
19995 250134
28032 222206
62380 649951
49311 589118
7858 613670
35678 190398
15250 572332
42091 688568
12066 734916
35000 1026065
48511 270979
1419 440387
44613 556479
41665 528973
10655 578493
43800 523588
4557 801344
4033 856953
10524 253614
442 380733
63644 352190
57309 694393
35000 1026078
56654 259640
36599 109153
61053 936775
58372 178158
42933 106832
14799 42134
47525 63070
9309 570228
52052 232368
10777 56676
28394 550548
54514 653745
35000 1026091
15233 108691
16595 191606
33342 454498
56163 382155
40869 744354
61506 876506
64778 589033
5439 416386
32059 899193
61556 435036
58795 121416
20664 604580
35000 1026104
36833 497756
26219 776095
6160 825827
9974 412908
13739 46122
68230 812962
50584 726841
22336 957966
42360 743411
1827 720689
8107 649007
970 392775
35000 1026117
40005 127880
51049 119087
69153 691042
51598 513868
4986 318741
17841 95723
15032 727905
2507 808068
19938 170909
12618 114834
21424 745246
28317 827376
35000 1026130
32828 528423
64619 622991
4639 251588
20668 766040
68427 754703
31564 700777
59349 451697
47536 532607
60438 25190
63106 81583
11542 780122
12316 139122
35000 1026143
68217 762391
23178 42424
20101 764874
18000 226961
46937 286495
4384 93827
67910 292069
47512 56812
3771 665792
52446 266087
9706 202228
8488 332002
35000 1026156
28371 368027
41116 364645
55730 351616
43870 149875
36040 871343
14563 78578
20187 528445
33852 635657
28934 771940
10316 151745
68822 299177
4498 545899
35000 1026169
10123 418383
61333 522818
26542 525308
54827 269702
43932 620028
37279 814360
54760 501175
47864 380813
34559 798437
16780 980167
37095 485465
42229 984737
35000 1026182
4106 796366
12717 624254
17507 891574
44506 879655
8028 764395
40166 871214
17747 454660
42993 998623
1630 487834
68652 601672
31397 823884
10360 876867
35000 1026195
57261 723363
56703 532928
42516 789149
69479 966161
65167 675923
52300 988400
1311 146762
5010 65391
57131 865992
47309 341593
32276 702917
59564 639118
35000 1026208
59453 459811
5823 571247
15852 266993
18368 395818
22723 148071
38578 860266
21424 350276
29632 8749
33145 838299
21253 315302
1103 542201
48579 209337
35000 1026221
4904 351842
69519 652954
44309 233863
36114 518652
66152 304481
35707 91277
34551 321185
19245 715879
46930 397604
49645 917921
52656 922881
50210 810363
35000 1026234
53427 502727
31458 533734
27650 625597
7262 593515
17961 98745
44342 175756
1872 543980
38020 367859
8631 818835
54648 105897
5367 859826
32778 573934
35000 1026247
27944 125180
41136 161206
13690 955919
3846 449239
32318 728199
65974 293556
57844 481029
69638 646870
33979 787374
59773 836689
41798 273726
61911 52703
35000 1026260
41265 463827
22241 285923
54883 701021
23800 865417
14618 607235
14118 370422
12845 706883
60250 134182
14048 451262
57720 811051
68146 906425
12415 731698
35000 1026273
37531 598018
62226 931739
19957 231794
69102 289347
65034 538587
36 316023
4512 850098
25586 440471
45099 453498
22793 601667
3248 921780
27008 55164
35000 1026286
43828 487261
11379 949286
69352 976002
5839 54188
14454 460236
48536 420130
50352 948464
68225 39367
39145 447868
60877 248751
1020 442240
16769 253237
35000 1026299
63525 594994
65553 418614
53319 404326
66472 120597
52910 615220
11988 4656
67309 174719
19512 25848
49617 211807
53999 430701
31192 839747
10473 393588
35000 1026312
34191 325148
22356 389212
65767 110389
55400 780768
55472 674440
30866 960721
66672 434234
19235 601764
45896 274288
14364 349680
8494 984521
66410 613551
35000 1026325
9645 431328
6477 848892
33568 762814
55622 303492
65504 471742
69493 521434
30355 790763
48874 939270
68787 483665
11084 466279
67253 189245
12553 165084
35000 1026338
23474 528553
47790 476572
51239 930153
14945 571789
60855 750566
20242 997515
49342 392311
8374 368541
15399 914955
33609 950176
15150 864243
6979 429947
35000 1026351
38580 848479
64943 256388
54614 451674
53845 813443
46717 549715
19728 772930
8502 510784
26140 73591
39948 735841
17430 215475
13706 232582
51774 471221
35000 1026364
45871 720843
44178 5103
13926 847731
8042 699526
64530 475046
51453 109370
30349 370798
41257 354786
52924 832844
3393 555337
50653 84044
65121 451712
35000 1026377
38165 888364
14353 427005
27093 567102
20692 896499
63454 102304
26578 116508
41191 424059
28302 555689
53482 342119
54115 939282
29380 779864
24998 937482
35000 1026390
43838 51920
38727 924194
40354 791927
42971 935815
3738 466225
51611 745565
6115 779401
9044 281228
19551 496117
41275 868525
67580 610178
6455 42046
35000 1026403
67892 106267
63009 823800
20541 388548
42696 727171
39100 864762
9688 192321
41456 488627
61637 504227
5278 763138
24692 247384
55157 500971
34008 387741
35000 1026416
54796 962630
32329 401706
7808 824828
7000 380259
6952 835676
62132 323472
57722 848325
56811 440211
2734 575639
3357 390468
13588 301117
30850 790986
35000 1026429
33473 640342
1589 927559
14564 54525
5215 75992
57142 975784
31237 837858
1544 576244
18583 640603
22063 431021
42591 340804
56706 594551
21505 615280
35000 1026442
54692 822394
2778 375671
37696 965591
53497 792212
63735 48390
29315 330695
53019 898837
49380 689646
45760 68489
36631 425787
41894 527685
40552 630889
35000 1026455
25263 10247
62065 927783
33198 304473
43339 223154
52490 476971
20472 752614
31740 768388
36894 82817
17916 787074
31212 509559
31160 35618
27353 43169
35000 1026468
4014 827471
33893 978671
34530 71878
30280 366989
13609 765266
25257 285676
49579 910550
27811 482893
25547 710032
15800 933821
40740 42736
50005 987639
35000 1026481
4792 868259
18925 358523
60691 766909
36719 880285
10967 331271
20526 438153
2085 812593
66378 447899
33001 147319
12862 634239
24032 848412
45701 256654
35000 1026494
57597 261490
49937 182567
13157 734399
19502 81707
50517 552097
15121 129472
40819 323112
43310 285326
56504 299817
34195 644711
3260 196999
64718 95829
35000 1026507
20559 651023
50455 497939
26607 521556
21895 557515
38608 86227
25544 433458
12545 345771
57093 944179
26913 138398
42611 372643
18264 510927
40018 185565
35000 1026520
2419 909806
16634 251655
59179 608638
40402 895897
13149 453489
58710 758890
12819 581444
43706 309271
4534 518483
35366 601546
24610 381813
26934 693354
35000 1026533
48802 134972
47292 267082
35510 162144
13481 216655
43103 121115
36031 637839
32619 265862
27352 865858
31423 309491
46938 601842
6311 628344
61899 712672
35000 1026546
68615 580457
1695 207444
14332 743714
12133 871638
27528 713378
46876 10601
6045 175281
31181 210529
41610 464229
54268 629591
35293 121724
59194 621467
35000 1026559
66334 779517
1365 661914
116 875641
55230 122422
69310 140107
58718 360247
19622 145521
5452 358496
43159 33189
36888 14150
53988 268170
67974 472097
35000 1026572
22171 49508
35952 270221
33124 936545
65581 327468
59645 454065
14041 164211
22032 989074
69027 94457
32082 689202
46157 916073
11262 344099
38439 772409
35000 1026585
69176 866593
68746 652410
24592 55509
20713 460960
54830 484252
12029 782825
12511 772757
36800 942586
26996 767452
1335 943815
16410 765726
27562 747028
35000 1026598
16070 902648
48285 381668
1707 232958
69199 160413
32343 770206
26603 927573
32615 408864
13445 532007
39384 82609
11395 544865
2683 467057
46401 204235
35000 1026611
1830 520860
6157 926148
60389 936925
57482 349521
6506 200707
3239 593158
838 530320
9022 633173
40522 446814
407 114186
65484 313392
34285 14686
35000 1026624
25417 293656
3417 798598
19926 985784
13103 786644
69764 691581
54132 998225
57390 393790
29568 477644
23318 622364
25122 353807
68852 607014
45822 959375
35000 1026637
21048 387177
69048 98938
42056 287008
39586 78373
48855 714105
37283 578040
42965 206132
37075 783339
60579 47264
11835 403778
1648 908477
38336 426711
35000 1026650
20182 214338
18841 19287
61327 758201
32943 141329
18065 718436
57057 864635
21572 995773
2010 968664
46953 702785
12798 964826
49738 311502
11216 660930
35000 1026663
27838 982129
66058 345849
37133 807912
38699 410078
30319 561622
69217 692574
19287 682659
66828 833680
23316 929074
18982 718924
9935 658482
65293 583076
35000 1026676
35148 926775
31633 965189
7189 314433
25557 667033
62346 875326
48191 588780
36237 970189
63072 436631
19462 633334
6482 611248
40928 913843
59383 561862
35000 1026689
47356 302871
9102 196276
36235 810954
60317 349701
54168 263286
49207 916375
9272 514687
11025 442621
61060 434730
16221 932701
22488 291664
59021 130140
35000 1026702
45593 438335
13749 149990
65038 205811
8631 293600
37260 853152
13014 739412
4433 140820
7531 227927
69335 649428
21600 372943
34035 135050
25915 83700
35000 1026715
19241 279812
63366 178694
40642 741192
4574 824622
38707 589324
22793 642642
30545 666203
11190 719248
7571 12563
31682 557528
59997 302839
48124 879926
35000 1026728
40016 865899
44754 123612
22443 334735
48459 288623
26403 711410
33780 438863
2586 521937
28918 793972
39246 438507
54467 267237
13305 857154
38309 94743
35000 1026741
67573 679116
63010 801770
35918 365763
13625 272757
4581 93868
63275 374473
23738 923943
23324 207960
3119 623388
24663 538718
18480 489021
62725 588940
35000 1026754
57462 158451
31373 581925
61344 691203
38671 683613
58443 600925
31741 380430
22688 474674
49705 765193
20558 87378
61503 985059
34566 647328
2069 670697
35000 1026767
30506 793898
24182 990309
47531 861461
40259 688390
2194 969943
25036 565188
39709 516284
22850 276686
27485 435605
35134 602475
43744 187333
20708 40194
35000 1026780
39789 663466
64208 736485
28690 47924
50023 4112
55413 761691
55543 573762
41786 483904
8855 74683
46213 869557
15977 755532
46463 450191
17093 573065
35000 1026793
13781 856121
15458 790221
18075 42167
8448 658618
13228 525647
65260 619855
57669 573062
13163 126075
15733 549141
35481 501913
13339 560895
65114 742816
35000 1026806
13217 319199
5055 443185
48100 138478
33349 160764
2710 153074
26481 605977
56417 721158
49959 356908
39800 740263
38619 262715
57874 917534
49654 86499
35000 1026819
4944 212848
1093 119387
69570 711346
33221 330141
55925 383944
11460 521655
60362 269904
38688 481351
31905 584143
36380 636613
53153 660590
25930 896299
35000 1026832
62283 352933
24629 297314
57920 763989
27553 548711
59815 120097
38191 71022
15289 197734
23753 898067
20349 125922
58154 452944
61802 460564
53630 51550
35000 1026845
55865 180317
42049 183885
32462 611933
48088 439760
67075 10139
63935 28864
56143 452299
56985 399846
13617 378046
47491 986945
38991 923621
59800 169971
35000 1026858
23069 273156
25000 764135
12405 953702
51186 405202
47105 591693
32312 765574
10977 432519
69799 921278
47064 116027
51797 874803
6921 804575
44216 859630
35000 1026871
63531 478095
69604 283148
1025 201928
53435 546925
49605 749945
49163 786182
20210 408101
31200 902919
27480 464685
34990 910913
36144 685063
9085 55808
35000 1026884
29198 970747
69744 436358
25829 316527
42871 55614
61172 694832
19847 484810
61250 800641
18549 961506
46171 461448
12957 871167
27782 540168
61553 643655
35000 1026897
64305 504988
50649 170248
55587 641041
48247 877378
16140 672932
62123 778848
2351 875090
10335 901326
28320 216534
41064 704866
67524 331640
61392 637088
35000 1026910
32473 320639
51892 574964
8419 602422
32874 366035
57970 149991
44664 261925
47980 320477
62919 468388
26088 677119
67463 749688
32860 399179
45178 832082
35000 1026923
30188 828897
38236 747668
48283 36699
60690 519102
50602 143301
56681 371392
47743 966779
7152 889210
13930 564404
9719 535868
31746 97479
10760 865647
35000 1026936
19309 946993
54927 337372
20559 331000
12117 239398
17771 446484
57027 631126
9268 669109
69588 150821
13022 583781
9677 348776
16399 816631
7259 821745
35000 1026949
55865 734901
68123 430228
32699 794097
43348 288790
52141 543562
7127 351617
33309 497415
26696 68656
52345 367956
63389 311578
66441 108025
14680 351732
35000 1026962
47866 713852
1857 641945
29698 553137
19827 400375
35434 812362
7951 708147
37902 161494
17125 218612
54142 509634
299 902346
53168 888208
9869 227066
35000 1026975
48380 416104
27806 428624
8215 68564
62165 931026
49773 583225
9487 901126
40913 671408
18157 1719
45377 840321
18330 977688
54990 547164
45370 384352
35000 1026988
20736 348207
50217 484210
21378 142190
18193 471070
6635 193952
20107 468247
12884 520782
26732 472745
32841 780795
7705 985140
37669 978478
68996 855964
35000 1027001
13794 780424
63170 929445
10918 192376
50761 977915
49573 538186
64037 787082
54286 967709
15954 642137
28600 938248
43761 553176
68385 117707
61960 940268
35000 1027014
21766 115261
22257 835109
61148 187061
64259 282091
57180 669378
67429 796753
56778 119264
50807 648748
27768 402333
30313 191310
51038 926580
55228 555508
35000 1027027
52577 946256
40348 994823
285 964222
43184 452915
65929 291167
63437 472106
33967 324267
29430 648918
38659 583411
10859 329195
66359 340969
66700 400993
35000 1027040
63530 26448
44434 460632
51198 422857
48700 624737
49847 283295
65991 169018
54136 799889
8440 569829
41173 716849
33806 85184
29111 338333
37114 134342
35000 1027053
34218 551494
23349 157196
18011 942440
27651 483852
3375 980928
19787 743813
54984 160105
15651 690106
32504 854875
4311 693741
51954 276890
19361 205035
35000 1027066
29129 259807
69484 619380
68711 757397
2816 854274
19586 204163
32985 242354
58689 291554
6462 123585
21496 499413
14608 634587
45954 429464
32605 40887
35000 1027079
68973 807916
59062 675029
7691 8597
47136 710166
53113 404415
20376 712001
36230 80677
20147 319562
9514 605035
9599 513886
1389 312069
59120 554728
35000 1027092
24436 86844
5904 546553
64746 535373
36682 95150
58783 159178
38695 477317
43957 155635
49045 851468
36482 696493
55130 784546
19354 538410
43925 633075
35000 1027105
15557 743845
49160 862825
35464 555624
41719 498559
57454 383079
68108 369123
33996 845247
49736 512968
12824 902862
65861 899451
7676 972779
2600 379441
35000 1027118
9579 58120
34093 593115
30821 443659
14251 820403
69896 252422
23152 892839
45053 318385
1997 896289
16582 91105
69683 604447
28255 463833
27800 913608
35000 1027131
10346 141444
22105 769134
44152 523755
68876 760554
37981 665809
25671 739943
5943 207633
1750 476251
57349 962641
61528 995317
58690 728051
40308 322137
35000 1027144
23940 69299
17992 448049
14253 222172
24155 65498
26147 54690
55097 762806
35439 318066
29898 162108
38393 639848
29462 467547
45639 411205
54899 44570
35000 1027157
60958 589808
1394 324496
7098 819331
28100 797482
26887 973128
24682 602546
46609 776696
15075 294121
30654 526536
64570 80952
31727 250148
53625 821628
35000 1027170
4927 409160
31182 372006
55027 541011
45464 740839
51100 561558
26859 838501
37453 837945
2183 784466
3327 204179
24032 601907
36170 414375
15828 724180
35000 1027183
38012 368513
28717 158029
25657 527800
4479 132193
62035 471558
34704 944001
24715 468781
523 157091
5353 847301
21376 540216
65896 350227
23982 830219
35000 1027196
17472 253833
6763 698438
50332 761037
51681 513549
63638 73897
55141 736025
46311 144213
14176 26214
18210 900306
23505 477104
15020 638982
8567 531304
35000 1027209
20468 512532
27481 106729
5970 32766
35595 804793
28285 667662
56828 517828
32118 154725
476 908713
48192 155658
5177 299520
5063 186588
54755 314846
35000 1027222
46047 221723
9720 456910
6195 409194
11391 306470
4892 274081
9260 519495
59563 606850
66536 909741
55372 818108
48589 978576
60829 763823
4905 58113
35000 1027235
35507 210693
26363 239143
6015 176200
3407 480440
25463 587397
30250 280054
44928 429845
22044 692153
20438 963951
19726 617750
21320 840838
67299 299965
35000 1027248
68043 744907
41985 72742
23730 984487
46078 287631
69404 655857
33840 919515
18849 576740
6938 726434
50448 800095
6954 165078
58754 645320
10448 426672
35000 1027261
65856 655706
56385 499603
22516 417462
60478 849191
8640 550597
43425 256375
66278 633146
55489 442094
45829 66482
858 712241
13188 421468
22074 863707
35000 1027274
26921 31999
16554 881989
47330 941538
57688 286346
32419 853310
45320 347550
52386 874539
68548 191912
53678 379183
61479 876740
26699 419521
189 235412
35000 1027287
46704 27873
64005 115602
30582 809746
25305 153359
23642 682373
30297 116174
42919 211620
67278 818892
37865 129920
63657 358168
13475 693977
60178 844993
35000 1027300
45590 878159
8456 955972
280 682823
63556 410177
31523 362973
36582 783412
1928 337945
20361 762516
46887 412940
8501 39500
10709 465460
65545 985036
35000 1027313
14919 424992
27698 567013
54351 934228
1556 582340
65248 545047
12759 793138
29653 651089
57400 636753
3988 11187
66598 841033
46059 628035
61965 533591
35000 1027326
52730 947625
38329 135284
33607 483421
31536 158969
43145 141758
7712 951721
17300 928766
55279 745990
36268 709788
14907 779115
21970 131580
23249 602220
35000 1027339
24175 475180
46429 940117
22726 162948
67599 256699
7272 557820
36402 920888
17368 479878
26533 738867
3876 229359
17629 41758
29967 989728
23412 16718
35000 1027352
3760 159149
386 719674
46326 307229
29255 869584
32944 843772
47699 469286
58715 422085
63240 40883
41917 179694
41903 647779
10040 2415
7546 622786
35000 1027365
41875 926798
773 88875
6806 417864
35831 329593
41767 544482
25782 504255
53313 119498
45418 552160
46149 399793
60529 401504
52899 157093
20361 509464
35000 1027378
25053 61562
19933 348401
10872 221957
24620 842348
27631 856558
16006 479470
11112 105271
54840 431340
11113 39042
28603 2601
6399 16561
19747 320147
35000 1027391
29793 111196
21477 549624
51649 640925
1755 430080
56071 965609
38514 460958
69145 829265
25434 547245
16988 509817
49126 783946
33995 800148
49403 327544
35000 1027404
11061 287927
30676 826651
44394 732487
65899 872779
57968 632679
59497 282428
55268 368389
66861 88058
18352 496644
37205 980491
30521 628948
14450 201387
35000 1027417
42392 1268
41052 656519
1276 562236
12192 652447
34907 164664
16539 854884
59416 251468
26760 552952
7727 412338
24948 76129
60604 640574
24152 600571
35000 1027430
23029 435666
69968 775194
66522 427030
27424 237150
23366 541652
11642 691466
32232 860014
13526 861917
1889 320373
52753 647382
60182 379408
25317 957501
35000 1027443
17215 299230
68301 442742
29804 746957
40990 365180
52291 386317
28238 267114
61718 496336
41142 220073
14273 140224
35234 734449
2965 896263
13421 318130
35000 1027456
28275 731072
48962 731333
68877 593252
19865 964303
31595 870210
17959 655369
46347 810867
7520 304199
5431 219230
6249 769288
20766 615268
4521 152444
35000 1027469
12730 351515
61294 867040
63009 121841
44264 791680
55609 889782
60355 268769
65579 585895
37943 957606
24755 814896
47665 971467
8781 563902
40053 692678
35000 1027482
26750 10320
9596 808453
26085 575860
40501 450139
61696 214684
35489 281320
44270 144752
41424 501472
8985 435362
63193 408369
57956 665770
65284 609714
35000 1027495
51832 647404
51631 642382
62453 564836
46483 509219
55501 613028
63483 543182
35755 558134
2349 760706
22491 571538
39501 589253
42690 156393
9085 897056
35000 1027508
16476 112230
67798 854335
21836 381481
4968 81733
65027 229797
19080 463737
47336 476855
19758 802174
25281 102282
48588 708580
21242 232652
11765 841060
35000 1027521
41756 524244
37726 370402
42579 635659
22818 997803
36798 267031
35958 227918
45311 529578
26230 111802
14553 395154
61875 402820
42322 996457
41894 757698
35000 1027534
41725 805166
57565 647060
26735 888427
27605 563163
21047 856148
9662 704067
49170 168226
61317 235180
33353 729795
32262 470718
17562 991362
35185 540195
35000 1027547
17254 496601
56543 609717
8896 330297
47421 152133
21065 516456
43645 470211
66011 270401
63987 609213
32247 204409
47746 39130
37091 684779
2597 930594
35000 1027560
2032 359028
29456 42517
43426 848691
11047 454790
69855 875929
35671 117480
58564 147814
61080 977742
57190 970761
22723 269222
67981 362979
61220 782960
35000 1027573
40425 288038
740 790928
50154 455726
13314 309869
50536 872888
46876 561558
68430 360043
56224 300597
30562 955436
18278 120303
68314 138719
58764 396468
35000 1027586
35770 157554
10175 168772
36824 31870
11928 570968
15103 707033
3229 996688
15319 23527
61516 758473
14477 68102
33407 827901
43669 421867
56039 671180
35000 1027599
41444 287331
57739 169644
62236 817776
29031 813636
63607 631104
463 49806
63297 358762
10786 735806
32058 368323
5247 84105
56465 815179
60409 282388
35000 1027612
19763 564746
29785 337056
30226 216400
68855 80152
24569 544321
32285 240168
30215 872885
3014 653357
48599 79219
15881 163301
51703 633339
19168 349595
35000 1027625
62059 673196
7533 326757
57180 773391
48883 316313
21318 120480
39202 22029
3883 838843
40924 609277
12354 303571
10320 263319
24360 124685
54838 596883
35000 1027638
68867 269780
26133 986644
22509 455626
47119 995899
47380 990472
48521 595656
64672 515443
62357 992745
25370 528094
38037 19567
12556 615808
21578 82569
35000 1027651
12386 864772
4295 218267
52704 456788
19032 265619
28442 114273
35559 207771
64050 125504
19222 421513
66043 175287
41444 634350
53068 514895
54002 868106
35000 1027664
15133 763455
30927 776707
59688 843268
37789 770722
8340 4013
21884 620223
21931 727986
52962 453056
53111 468529
24326 384252
63455 970755
63342 92327
35000 1027677
7065 711658
21344 509893
15981 688202
45460 445568
10231 194697
26818 13364
41726 113452
12413 536854
44065 268872
53855 361352
35293 912155
64180 925269
35000 1027690
24069 686458
57542 563699
29234 896239
504 510477
50920 418418
49924 335047
59028 963999
47077 674449
3007 772946
13473 485525
52134 912525
64237 759309
35000 1027703
39512 388713
49916 724369
4552 275802
58542 895596
1101 34911
37406 16484
63977 12593
37546 882072
16100 58534
62042 806733
36840 370470
57957 966019
35000 1027716
47489 769780
40520 54234
47896 367012
6253 449478
51752 431319
16846 314166
13964 757741
45629 642834
10561 111064
1627 26727
62258 350628
44443 990819
35000 1027729
13880 791396
60373 660963
42242 38937
30997 124066
25840 896935
47662 405025
29451 726548
5205 756841
47115 691666
42380 352487
33909 123294
25630 775546
35000 1027742
4214 148695
46720 737172
20317 59656
54106 255584
28197 466019
225 610478
824 480527
19932 795500
31298 527883
36282 621773
36876 689469
47656 800601
35000 1027755
56342 711818
27901 564926
39114 707571
22977 660664
44457 547290
69783 126858
8350 565885
52032 493439
8755 729260
686 457119
36982 589683
21138 535374
35000 1027768
7468 214465
57739 922274
19492 374133
66302 134121
35421 740352
5772 235444
41450 14125
15161 57121
35517 359398
28223 735124
33543 213260
30761 448151
35000 1027781
28286 434565
46406 186819
60898 422007
33988 168072
5318 84839
1160 143867
11735 261382
27692 814711
23854 359321
30991 693214
29110 332398
26317 691481
35000 1027794
38081 5082
11520 955845
24388 909682
53733 512109
48823 928504
62119 126876
18979 759185
26339 968458
8515 175861
33548 71591
29326 414918
47908 52032
35000 1027807
40763 879308
10695 579794
37507 11734
46320 844805
29309 730518
41621 978247
61460 136263
53504 80961
55419 393288
48412 95652
27168 485354
995 165281
35000 1027820
18134 716831
58401 392528
33934 437424
19163 580809
3030 529813
5531 298399
61101 739912
13121 118649
45012 292483
45718 548102
51436 386262
61793 910939
35000 1027833
57416 95821
39890 86161
39751 695519
13969 315571
35166 382863
10070 225072
34151 70956
59462 244511
20075 732468
20667 126600
61674 399797
66835 170649
35000 1027846
21051 22294
48406 572534
25239 83318
38411 158010
9422 29113
61342 325028
48174 356381
44261 737249
51653 137197
28859 624540
17127 541025
48589 341494
35000 1027859
68727 521808
10180 336674
10881 335478
52592 27750
59614 688696
40913 924076
39806 496657
65954 358911
37733 610472
23031 545661
18151 575848
57414 36105
35000 1027872
39275 97634
10093 339322
57373 233159
29533 520824
14013 904036
65928 425411
44798 709400
5287 397004
42670 606646
48174 539401
23797 902245
39169 425682
35000 1027885
17426 385301
45153 456105
19369 430920
26830 353634
22380 796828
18190 166920
36351 326699
35527 347454
29233 260689
66995 862023
69177 461185
17583 363499
35000 1027898
17394 587697
61999 604092
42145 694278
61613 700483
20751 246771
55419 764007
34661 743587
65224 34530
1427 110126
43463 687066
52211 916265
55988 279544
35000 1027911
17690 519445
40845 741350
38054 12220
726 379732
39926 686021
11259 960824
36253 705413
17932 588412
36829 101577
51352 96939
62599 745060
9652 111849
35000 1027924
25333 575433
22376 161327
44939 238
69672 364836
2134 142052
56470 86658
5334 390428
13332 648240
10215 116079
28182 468253
18751 280321
18201 625236
35000 1027937
20650 657274
66859 953947
9099 261786
50822 146766
42839 670737
60224 32636
44676 482931
68877 157966
24297 241919
62318 74020
11306 588452
13836 355464
35000 1027950
44639 661244
5482 255855
2572 534381
16909 308783
40042 382296
16405 452927
55239 239414
2154 530238
64848 830287
17 355942
49598 365271
59566 97825
35000 1027963
22594 561348
23790 617347
46208 977792
28584 531143
7342 982852
18583 980718
21101 152434
6571 865995
29181 310405
44466 767855
34356 391805
26245 483135
35000 1027976
66412 810405
18702 534515
66227 507833
58426 521624
26923 329991
25532 370931
66815 227500
40758 190564
32724 434509
14957 721281
65867 573571
12214 415976
35000 1027989
42505 379314
47728 144366
46901 501972
55279 922094
36773 763442
63685 900003
15453 605802
64626 231868
39003 195995
11050 707774
47319 72960
36052 171686
35000 1028002
17223 239501
7026 122925
21842 287927
48699 448319
5035 564683
49512 101325
60015 538616
63626 180672
29416 113559
43097 425854
26178 958307
42274 539482
35000 1028015
58244 430715
35458 524048
8815 337168
8393 595380
16525 537006
55959 208735
63851 284001
53989 636024
55507 681943
35444 784640
35354 909161
622 626228
35000 1028028
30574 963486
69677 422486
27556 473907
45153 465620
51150 610503
67810 696556
37826 173589
69651 630237
11245 876073
47496 485092
21192 704931
69112 435776
35000 1028041
12406 993221
53109 848803
49521 262795
40570 489746
65480 850744
4569 179784
47229 774847
54 964357
20255 225120
9981 73362
42861 1100
21651 399901
35000 1028054
3386 948040
63002 340583
35746 375181
46526 57985
370 404507
14973 175728
22992 106216
6953 877123
17629 102980
40329 793597
16037 866041
3641 138566
35000 1028067
35585 862798
5376 348701
45951 253470
33379 286858
62477 2420
24351 175590
6392 132217
26709 491949
59892 977842
19394 352912
32640 58098
31099 269422
35000 1028080
22418 319888
58636 595439
25237 653449
39462 930558
43060 46553
30000 628621
21835 685247
52154 617509
55778 73973
64825 735307
15250 608863
53412 929329
35000 1028093
24231 189706
6454 782000
58323 990085
34909 335162
29732 116621
58258 514752
39573 34049
67219 83522
55997 72256
28131 678261
67119 962104
63840 682243
35000 1028106
27074 239248
40141 216000
60084 18403
26181 713511
36595 33534
31305 255076
28433 433919
66572 317276
34673 821721
68269 142190
15367 105051
36446 77290
35000 1028119
14475 821338
13424 973021
68856 459887
28098 375420
13904 260381
2511 582420
4356 71554
5125 229913
13672 144329
58013 459133
4656 319221
56641 649710
35000 1028132
1558 969429
61481 885929
68428 106089
63680 750113
14758 501977
18203 585783
5322 964114
25755 860669
63137 570438
64729 362205
41748 731635
42370 131508
35000 1028145
6925 548868
57076 934402
57303 927471
11330 844073
1122 421165
6870 17270
61432 482676
56757 580204
32711 196597
10815 546200
26567 73454
1337 807523
35000 1028158
57138 185195
49027 44057
8873 725286
488 970840
31236 459049
8744 571066
41840 75744
13318 340068
9390 324742
34254 164100
54994 460050
43510 554463
35000 1028171
19927 828301
51286 774878
69108 415310
10567 976852
63404 365090
39265 143381
56575 46272
21839 54179
551 117680
63445 115421
47449 905955
1661 371765
35000 1028184
60614 628665
35141 198172
36313 959541
66728 953135
46849 816681
44958 615629
50520 442909
67224 403450
61363 288871
16751 556520
55029 542308
40933 581587
35000 1028197
7446 227176
22927 754075
42647 841877
51389 872069
39855 820466
5629 848143
62876 936421
38678 379765
9300 972435
46187 846188
25064 510441
17371 471425
35000 1028210
46849 29802
45012 291376
36692 572448
39159 28113
27026 421303
2796 522396
4494 118449
39918 222425
55782 709045
57836 816492
51234 344163
49059 357789
35000 1028223
61245 856789
43931 557806
63782 41988
63867 372553
37962 460112
24416 737064
9119 558136
25768 188337
54442 353234
13864 769855
28374 167619
16193 216736
35000 1028236
5271 350890
13830 465434
809 524932
8371 822683
15604 347331
51410 776267
32952 778898
63780 557925
45690 672737
66387 812345
12475 409956
6006 839817
35000 1028249
43931 560048
41756 150880
9803 246258
55226 25480
41791 199249
30868 48461
3269 940806
62391 603153
48264 431847
56439 97582
20563 646461
32718 319189
35000 1028262
38085 917144
13089 389461
9145 434911
23427 467784
1261 965347
36923 835506
64377 296278
46383 694781
40502 639333
49292 33949
20672 71513
14732 586159
35000 1028275
61773 510379
45267 157033
65404 743081
29521 679849
26010 855742
28031 170949
5196 108992
25018 442476
68044 866801
11602 230882
43363 401606
50904 258044
35000 1028288
5065 101048
5119 917092
27877 275775
41020 381188
585 638273
62024 264048
49983 252942
10540 174132
46882 838305
33230 986838
2280 883229
54818 103509
35000 1028301
44062 282008
17490 554482
50126 168041
21287 186327
4924 7650
26935 429616
613 670134
24699 308261
49979 599051
56081 635024
28568 310427
10258 665333
35000 1028314
1549 402514
47436 186497
18453 401292
58373 567848
19314 645807
30410 917483
39081 747297
45077 591496
64353 881179
43990 700844
67384 297514
19298 907914
35000 1028327
31957 251763
6561 352453
32438 481205
65251 93503
4090 324177
6346 758363
6681 828488
66815 8876
60477 152690
5778 638187
53198 975628
45241 431488
35000 1028340
38919 672328
19407 40567
63142 268140
53661 208778
61964 712226
33163 774132
49793 861206
57577 348880
34305 419315
45481 176200
14746 761252
2088 301873
35000 1028353
23034 876483
7151 590050
46485 583940
9325 769200
15560 761803
2382 276073
38538 961591
26481 840684
42088 929825
58856 642611
46269 746484
711 794799
35000 1028366
22128 577151
15876 173250
23296 957994
41759 207896
67982 612365
49764 244746
6971 389743
45175 331159
2534 988684
27788 493324
61089 667403
41044 878916
35000 1028379
7675 343429
1506 966019
9238 674942
62818 339879
19887 247926
36835 606044
23453 528947
34485 406151
59084 642437
62351 608532
60715 1981
31548 766972
35000 1028392
39917 466058
34939 39527
68743 219940
60991 349523
10571 716608
2932 93193
403 796512
56208 329676
61295 317767
56696 224257
23387 901789
61705 697158
35000 1028405
8584 404214
62697 885876
4900 591310
58303 447969
29154 686740
5695 123133
53385 690787
18426 330857
35109 146294
51831 969355
58482 227108
55497 108473
35000 1028418
60837 260994
33557 140531
66154 203894
24370 16514
60368 840889
11258 804539
66908 692991
35331 655461
46613 894055
47410 201610
60965 53684
65668 870005
35000 1028431
58744 800715
48729 858562
39789 466693
8822 187506
56376 247252
13387 990014
783 354788
62379 979593
12582 519996
52485 254930
13662 219240
57569 583883
35000 1028444
65699 548619
42482 283374
3393 916312
65573 81971
62504 160469
39951 175955
43546 311072
57632 622426
61389 615081
43936 723085
28386 156820
64346 694730
35000 1028457
45485 228772
68589 817301
55943 444709
2823 698157
12041 744779
56711 238903
39953 594658
11419 422814
69950 346556
49768 299486
60680 281187
10498 626529
35000 1028470
62302 538873
37334 56024
36265 754676
21303 128625
21451 42157
38205 148208
22283 214553
2415 178802
31371 494755
22690 842877
29769 350710
21842 857110
35000 1028483
15970 908423
34132 634017
7440 772964
61700 717547
2291 479848
17860 312886
54526 76037
20247 61194
29904 350253
11381 482054
54198 928625
16756 653289
35000 1028496
42881 944971
7835 331163
23903 646286
23118 431537
53167 485657
64127 660296
64844 863042
40197 330918
43205 167281
2830 827718
14498 707372
9896 936849
35000 1028509
31998 682836
25207 220886
8610 719119
54867 332042
29892 899067
18215 709844
33567 76504
20304 333251
5697 692616
32049 758977
55590 345262
11640 329336
35000 1028522
26471 823370
31256 856601
33715 3588
54784 783357
46330 670467
13446 162528
44369 780388
28973 257167
2811 737803
69599 18897
25969 752864
20338 82287
35000 1028535
42346 328699
48934 184276
18151 68171
19942 847652
51983 824039
22024 750628
17353 964170
60707 70369
15916 767092
68384 389028
23229 729453
46222 791390
35000 1028548
59022 581624
61512 767391
13875 360539
14353 576675
11857 987681
69876 653473
6338 218710
36373 244781
25173 363785
49085 480932
42020 778103
17665 535841
35000 1028561
44718 161818
63510 528523
60340 241770
28155 312661
20551 876692
9787 655074
46795 594594
69654 912043
25088 204394
59671 536720
32345 186737
64359 48267
35000 1028574
61840 292099
41379 937493
67240 92887
62997 867076
29910 207935
443 109094
50801 674133
12524 687467
64729 854610
25523 340476
15866 786061
43971 968702
35000 1028587
50884 139542
31157 481168
23597 680623
15557 588208
32828 307957
17969 31947
18917 398249
6363 599592
69205 705637
7588 940272
38929 682431
7577 253198
35000 1028600
17551 843503
30150 885318
24943 597474
12165 930257
49686 301335
68950 756267
67670 290623
28711 644277
50642 470185
18063 720282
49996 973278
41556 661514
35000 1028613
68960 635245
15799 979231
54767 421916
38027 679171
53535 513819
34188 843572
52804 308028
19475 253801
10134 727954
60765 934372
49101 884349
52659 849942
35000 1028626
24342 567484
51183 812234
1238 364059
14393 520925
8659 314705
55747 562977
11311 599458
30908 944355
49832 57822
6887 114036
54474 113093
19194 876984
35000 1028639
44244 502740
13125 54527
25787 152251
35983 183884
17472 10564
52198 675866
44192 605332
59051 297696
50754 681495
21270 487128
65463 833373
10205 712989
35000 1028652
25685 908500
45846 840105
57925 485205
59219 326816
15795 429494
18299 698811
59304 927222
6516 199112
67756 338361
12023 774512
28037 419249
67712 221352
35000 1028665
65867 437105
46703 790947
45469 909040
66303 958142
61364 980736
45856 50785
48645 469567
41239 372534
8709 718940
49965 811793
58824 671862
69574 247896
35000 1028678
40103 637906
45678 12881
24580 59339
13921 13759
3296 59892
27325 195709
40447 533492
8176 28566
15162 483147
45957 331165
27110 727136
58522 435622
35000 1028691
6858 498567
37404 459447
62573 745853
50850 617080
35138 684723
23606 104676
10768 407416
47403 644863
39220 559215
23718 398999
8442 478928
36466 678037
35000 1028704
54164 827188
34605 562878
58654 836606
1869 198317
50891 505250
69417 995787
68848 443808
24485 332102
29518 247228
14618 635949
27849 309830
56408 599009
35000 1028717
47317 172232
53367 391877
38065 703412
47574 985522
4513 15838
22154 692842
8784 333402
30649 58214
27231 4416
54575 100157
64277 357883
18898 113269
35000 1028730
62335 203648
26509 101420
43387 615931
56755 829634
1497 609721
33521 960661
64076 825036
14235 553317
27379 217654
38340 404811
48170 267907
1942 428347
35000 1028743
25082 6297
3415 924447
14553 601155
8906 507400
1536 504824
43453 213687
33264 351638
52966 3121
47686 329056
9229 896046
40050 371266
3638 552169
35000 1028756
49453 214602
63141 703252
45760 507595
29560 885816
21661 233623
63206 774064
67295 603468
42101 380714
37238 497063
61543 807995
32280 914438
61325 470429
35000 1028769
63584 531627
27225 655982
4459 635084
38181 749020
12520 559743
12251 72782
26024 943048
22664 572411
25135 722985
17823 543899
61343 839669
1219 634110
35000 1028782
60063 598686
56691 311465
54796 838386
45356 659575
1943 856831
38484 405803
43170 588075
14688 502982
35525 277181
54219 600690
13190 382858
69149 783253
35000 1028795
62492 846955
51938 251901
42782 131009
8380 987734
40963 620535
51546 188898
56374 63462
43518 9
61114 168156
64564 50372
49486 721885
41470 640682
35000 1028808
17525 717970
14243 761234
55475 734441
58523 758256
66424 407790
68486 607739
43992 194161
34797 490022
7422 597491
69724 349243
64861 305873
52818 837021
35000 1028821
29827 995092
13990 584314
37944 728148
6994 744736
61546 990287
32562 306961
16076 866376
62431 85503
35454 91076
69407 630470
16348 916586
52739 152304
35000 1028834
25592 284639
25151 22429
8563 71771
49881 672005
40194 850385
50560 36668
16467 180247
41517 494722
44568 235532
59586 777332
25101 151477
28090 592960
35000 1028847
16584 108442
50042 561371
22326 616015
28969 878228
58352 726718
63525 525346
12672 430625
25949 392995
38696 214966
5026 700092
19983 905896
12948 720715
35000 1028860
68999 284539
56717 584758
52576 308319
1489 545330
759 285694
63906 822496
20276 190959
69944 879021
34699 181576
59148 545477
43466 611374
31272 946273
35000 1028873
39527 479182
10627 809702
13611 596792
65770 385363
24834 666905
24354 408273
44045 710694
60764 728427
47586 599300
40903 950194
64204 501720
38287 56402
35000 1028886
40405 330772
60330 259356
33417 76991
19788 506768
31879 671493
39069 329586
33770 283958
34946 837412
1660 13623
40273 397302
37891 669278
31013 930906
35000 1028899
47107 928138
13342 913516
4147 994116
40856 363057
67500 457344
24466 235913
27806 902886
31355 488097
25216 511077
19349 328315
43772 393956
39370 122100
35000 1028912
68028 4129
59637 855959
14071 487960
10176 939369
56653 276902
51167 902175
25840 491075
22557 111901
58847 869614
25727 151661
50706 429372
60502 17677
35000 1028925
27164 359840
17770 535715
48998 980645
16294 555127
22436 486274
44493 748411
60052 901401
10505 289558
37600 299158
47408 288181
29860 479621
9531 271822
35000 1028938
21092 578502
69662 975522
43658 876884
5828 833761
25639 543177
57737 404286
42099 576331
30911 253486
36423 524188
47941 665472
14243 786065
45211 383160
35000 1028951
51078 985651
60666 349116
55918 769250
55943 375088
11297 508417
52323 941726
29924 209175
12335 721557
60508 677680
10433 93060
58923 398837
10992 764429
35000 1028964
50080 616473
69031 484037
11215 316599
7914 78563
32105 797886
40247 989437
55521 768548
10306 677435
7079 881582
29710 19208
5994 903134
54904 33086
35000 1028977
1102 726194
41261 194761
1329 47323
57452 216318
57351 648613
34693 673335
62101 759587
32953 269435
4223 614944
23415 382075
56342 950180
48561 513556
35000 1028990
56363 260823
54860 454838
3032 746672
13869 79476
55470 791887
49793 328541
42116 697879
43110 694612
14768 438217
49293 627730
58912 845932
68072 153280
35000 1029003
65481 787636
40404 583682
15457 854974
33977 493721
64726 269874
47403 906664
48483 976658
35519 59135
59524 797136
19229 504123
56007 612627
19462 236051
35000 1029016
50641 199231
67960 536556
38958 24893
28269 185349
7161 680002
8674 490257
33476 18806
32657 780135
8454 454584
34963 400051
10718 20418
23270 502199
35000 1029029
68615 838418
26780 296829
29994 105594
44121 787830
52126 886790
36158 963379
32341 541725
67484 934372
51516 497722
33225 313473
40081 83308
34726 220039
35000 1029042
61120 870398
21673 699159
29663 51036
11653 365855
31618 701845
56601 147891
8134 322665
28069 466054
64951 368358
49529 505259
8530 3636
5170 251828
35000 1029055
8308 835478
48276 690827
17710 497028
26743 248604
14409 253413
54435 108360
28570 893373
2783 194634
37721 946811
26928 807185
40441 154508
15311 860623
35000 1029068
25973 737026
26177 575942
4552 408888
3399 100551
3458 227241
30424 537589
14056 290108
47353 844472
1717 406783
13795 890975
32269 800493
54150 846356
35000 1029081
50545 67980
67967 350241
23321 979803
18211 318229
60860 695165
20968 359161
41223 181449
61918 792602
18007 459283
35412 531228
20739 597083
21502 386300
35000 1029094
50306 329342
40025 316813
55022 383606
32479 177904
43464 50977
14879 61859
19140 159816
30107 668283
24932 148789
14121 773368
19901 648048
23394 436089
35000 1029107
35588 671081
48148 47365
7894 506831
19476 758598
20450 384447
59227 104467
32130 628859
16008 242631
42160 446090
10182 958885
24837 205655
6555 318473
35000 1029120
24612 983934
57604 112257
7573 891279
4325 909641
69225 921205
47423 38844
61532 205735
63242 459869
21674 214457
21932 750843
39254 337587
57788 113897
35000 1029133
2053 275041
7333 143410
980 622795
57172 533332
17026 774808
36014 175179
18900 727455
28575 777454
63813 288456
53720 590257
12370 47234
44699 134953
35000 1029146
47418 667042
50904 391762
46472 769389
5636 33214
64773 425741
60591 870538
25318 763764
1610 429474
62624 275063
67886 300137
61272 335166
50943 776968
35000 1029159
64506 329079
50389 218448
69559 355082
52805 62259
12074 768260
448 684803
110 216827
60890 482842
7394 500069
33245 959317
61184 338929
16015 242902
35000 1029172
58269 917051
41869 776580
32895 894348
20595 707480
57947 511974
56096 180436
14471 733236
18910 692528
67442 937363
67398 379565
4674 166654
9624 622045
35000 1029185
47974 36496
20054 298758
24554 577895
30394 712014
6906 874505
48591 327483
10396 245591
4644 248484
67190 914371
5460 43060
41873 999113
18033 541384
35000 1029198
15744 211431
42080 801571
39046 979576
7294 224976
12051 670297
63948 783688
66830 209620
19948 489073
64653 984887
22103 772852
21114 370475
20360 686689
35000 1029211
27195 314174
52266 574484
16751 898704
13606 236986
55397 9350
67090 993672
42951 581817
51550 948184
5634 130604
24756 947300
7924 124923
50376 936213
35000 1029224
44920 308058
67712 659858
52550 490801
33044 236620
9378 300079
16276 661762
69613 81549
46478 811357
10665 870556
38969 320977
30495 850292
48630 628181
35000 1029237
44246 309814
21884 294596
38425 884778
56704 669152
44897 38183
15142 797563
21057 65963
29041 180447
1025 53879
35170 860442
605 902069
7341 8086
35000 1029250
24064 488061
30144 393532
49446 307183
22188 514683
2410 19435
30447 831622
41313 195777
28535 661873
11589 122469
58408 406377
57606 119265
46799 740426
35000 1029263
911 794426
37359 676963
29196 323783
64884 612039
22971 776987
42976 967598
38911 516211
30546 659159
59655 962639
14713 544836
11256 98010
509 244279
35000 1029276
31623 831448
65701 423267
35847 518498
58559 881284
29751 169010
39122 85409
970 511443
27290 905602
43079 354188
37090 923612
7302 735199
19303 740419
35000 1029289
53104 122621
40513 160663
17800 844559
63441 53482
27673 837003
21482 797223
63212 707915
56212 945214
48505 418490
14569 515337
1314 458642
33375 51538
35000 1029302
38123 625923
28686 450734
66637 473096
5425 54315
26836 937369
69109 415924
8513 51626
63538 958751
63834 108155
13416 73500
29532 756374
56120 221336
35000 1029315
53421 109158
30011 789380
62723 63149
51693 460715
58974 325321
33828 182834
28338 49831
22244 454679
37608 19767
56284 25565
15706 611731
2831 191468
35000 1029328
7182 257078
1223 131945
30614 394204
35325 805766
43078 916019
19075 562772
63089 370731
41251 8280
16771 216989
66100 567675
46063 280775
21557 777266
35000 1029341
54476 771044
17504 501835
22187 887862
9161 606813
19826 407421
42417 871031
53720 996244
10205 898798
13352 122924
31402 681325
54921 231165
23787 556231
35000 1029354
1517 650437
18480 412411
2063 690404
65345 707422
43492 970369
42414 195669
56524 830081
29306 160638
32744 378592
15929 344849
3437 261173
29998 219028
35000 1029367
63384 373839
43858 681479
26679 937682
61637 843656
48678 874700
32472 524555
6688 337212
38727 610027
35625 126066
16343 714672
54053 590695
7342 974846
35000 1029380
50535 270826
3309 514232
69693 243951
32094 738941
39457 763980
66396 293912
17573 105253
57536 845447
35993 89108
23101 490200
38939 48194
8799 236196
35000 1029393
20909 478461
36044 978793
41252 857629
66125 773644
43530 744972
26261 768704
22577 853198
15018 691031
23067 382991
54152 914562
24158 891882
60642 254096
35000 1029406
13293 472930
33384 938610
26701 257521
9763 847206
34348 682531
67810 850029
44809 603670
37142 706698
27617 660915
3845 514153
41280 745743
67771 397801
35000 1029419
64690 944386
35370 999458
69760 167869
4736 658127
21205 614125
31603 634725
26461 34060
7684 442090
61319 686146
49884 796993
50066 508646
50351 569531
35000 1029432
65291 309109
41154 281430
24184 160359
20543 357641
44733 547294
12199 508673
10222 612883
18060 127612
52683 457718
15427 74728
44766 950699
6618 494758
35000 1029445
36755 375310
13625 477151
3992 423689
63608 700933
36698 702591
61726 858155
53388 746616
64496 691685
34972 135862
1191 755108
26085 485765
2767 188991
35000 1029458
67679 648148
65248 28640
59203 939048
18886 218187
37794 4000
64970 169844
43158 787612
33870 796541
1918 387279
31265 20219
25673 983907
6092 54387
35000 1029471
28260 517185
55744 601765
21568 199002
41666 875463
63043 601440
60244 656024
56763 988611
37470 38572
14906 571109
16940 411584
9415 592115
53010 189833
35000 1029484
25802 158355
56757 730412
8146 196487
60986 210059
215 590348
3363 646229
29789 888489
8097 786419
30342 919202
53312 469583
52553 610032
54512 503060
35000 1029497
25618 954951
54934 277169
55476 166044
9990 639793
50145 130946
47428 710953
55368 951996
14034 845489
41931 566731
10975 61422
28489 860907
45343 610120
35000 1029510
9718 413399
69979 370961
56271 473970
64656 77239
63744 492805
50836 652229
38257 548147
532 700100
43188 928126
10993 572265
13294 132507
3432 226797
35000 1029523
35135 334876
41416 842281
56347 416105
59982 389199
16471 882259
14554 119534
20062 90787
67516 566508
25093 305525
17370 101038
3941 669851
10622 200488
35000 1029536
36942 472647
25953 880708
68580 462879
43894 859244
15739 362465
35283 906460
14755 626266
21972 111570
45308 865348
26819 45258
31594 313782
43431 19975
35000 1029549
14234 629485
20564 908836
37690 30095
17729 278762
61203 897010
66246 556934
4910 323917
59220 811585
34708 469628
10003 559830
63192 44474
12025 741611
35000 1029562
65086 231675
19104 78997
13072 990329
60586 82171
21152 377253
14254 307486
58215 291204
61713 466972
26673 99510
19565 269571
34776 246237
39324 801800
35000 1029575
26467 939048
19968 405142
38364 992826
49140 39305
56452 288717
26603 504581
68153 39712
20433 20076
62520 206233
67524 735406
5202 612129
13608 632805
35000 1029588
32585 367459
47055 153778
62880 113296
7714 997049
40825 15106
13431 518147
27305 858066
49887 270159
21259 361574
51400 766952
44197 25117
11700 334706
35000 1029601
13127 837933
29197 498702
30206 397689
69685 294962
33729 747387
8904 157528
30158 332869
10483 40942
39548 385705
8527 465288
17709 49681
23828 791783
35000 1029614
61137 811219
47361 401801
2203 777149
17097 612879
6415 564342
26538 290388
24217 533199
18755 908495
17282 166401
24368 569818
44074 144273
6446 960419
35000 1029627
21933 125977
50140 247701
40714 505939
59810 808706
63493 825705
3817 152530
35341 509250
886 605863
40506 512254
29952 376922
51842 566064
63423 888863
35000 1029640
19509 466952
61295 923432
50537 803633
46958 149249
12357 649148
50925 899199
18872 106858
12776 155994
62681 765611
41778 918071
12775 910199
17249 57206
35000 1029653
3645 363596
51219 77221
7556 562273
18366 923197
20720 274505
52367 127474
57097 129126
29623 93538
38941 206470
10656 285956
38047 675901
46537 772794
35000 1029666
4064 569589
58314 817608
29402 660563
15148 632970
16908 573520
61991 117910
14056 442309
19889 607105
62027 589013
58064 651659
2063 954411
62678 442171
35000 1029679
68758 590861
13645 594282
8008 421881
60267 961555
46789 864858
25457 246762
21247 84973
7017 42368
28444 815155
59529 706440
38626 352737
56595 22494
35000 1029692
19381 385803
50626 617309
35530 402341
47858 643441
52618 433391
38248 239676
58930 847385
52744 944862
17008 227158
12520 314769
53253 953315
10697 574633
35000 1029705
54767 551722
19767 694659
28764 586553
3921 79141
33093 21993
59298 559792
38282 295386
47596 350999
12823 244641
32521 414649
259 751932
15089 747927
35000 1029718
4007 28268
41614 903582
5747 637876
55922 588834
17550 362954
41698 750811
38570 459924
60039 980256
46521 313676
19694 999007
3267 155157
59253 516722
35000 1029731
25060 832439
25439 272649
1941 281717
24700 177675
12196 709703
35309 286017
9971 755490
67639 384498
59823 295782
66644 939047
15386 32890
56280 501641
35000 1029744
59095 377015
2229 836675
10442 238852
8885 426879
29050 308772
10869 943871
14820 280975
58435 512876
36734 574164
7968 646258
39740 253912
62392 474329
35000 1029757
58576 529842
5160 492341
18148 506687
6971 731238
49037 332674
3194 382838
58497 935546
8793 838887
36368 926166
17099 675562
12919 520299
17541 631122
35000 1029770
40481 118549
18932 323968
65621 941741
63926 689842
58312 652956
56869 617312
15546 650540
23141 417235
45824 26334
3147 509765
11047 215438
17562 203842
35000 1029783
69040 754831
15441 124110
38308 821236
18056 625673
10681 238396
17024 771231
679 44769
68733 789356
53446 701461
53993 544477
62718 555401
32709 288123
35000 1029796
37317 609390
5434 535734
54420 662800
64533 259674
57455 705733
6033 11672
64182 561981
51896 937407
16772 333099
5187 382772
32463 487314
31506 750319
35000 1029809
9200 819201
37357 672443
60853 58583
31085 270299
6027 46827
52018 758906
19530 605023
1265 729272
51230 150383
57284 415388
40423 486248
6804 573228
35000 1029822
3 316793
57415 994342
64062 345913
48106 114344
10363 280650
63552 238055
30779 943610
16552 773131
29993 95578
18616 185231
20897 656303
51852 215523
35000 1029835
25288 620808
4570 503869
62304 893344
12289 761949
62002 409168
59001 87301
18650 114133
16527 919088
50135 104361
1485 496727
11632 286215
16536 934086
35000 1029848
33889 914228
48931 326372
7246 935261
4995 837060
33544 276772
42019 338594
23241 232948
49628 991425
47870 381528
6053 977577
24397 844254
54283 707639
35000 1029861
44349 111885
16708 342953
54936 543052
68347 254998
54691 859864
30431 85731
65000 453595
40843 586021
38636 167607
22260 931506
6627 24823
62887 838436
35000 1029874
67249 251399
11812 325563
12342 31206
7800 539666
33465 700514
21381 949824
44 449374
57631 634714
26613 978484
55446 991403
25303 537392
18172 545991
35000 1029887
33325 15637
8425 105007
58943 840870
44093 180760
32438 106815
6135 97525
32931 377997
13015 98283
3966 314743
25406 231854
67080 568175
19870 437930
35000 1029900
40414 348007
14159 258570
27063 97048
56788 289915
48220 971639
14126 448505
50452 116971
21484 335027
49870 528115
64528 903216
35776 25673
5597 295402
35000 1029913
8588 996925
18208 21099
9659 367637
55723 732413
26214 937506
28649 413038
48443 851142
32393 850099
3559 141692
66481 687762
30023 320711
50822 768812
35000 1029926
8264 680603
67730 406689
42011 436236
68663 12178
45384 520323
11305 265217
31929 619922
3661 704079
34420 262620
42865 749815
69383 895010
4999 32367
35000 1029939
20926 269525
46216 774117
33756 343550
38084 823610
57787 984175
66874 942549
22753 596718
58094 390804
57955 905638
58781 170794
58193 785244
59178 832409
35000 1029952
35326 76676
35312 333801
23718 447982
58563 953393
31656 398589
39265 684280
62418 970597
37393 354825
65306 105947
31720 681908
39861 949740
2305 676777
35000 1029965
2752 25046
57945 395048
37235 215768
17962 848143
43326 135229
44704 868799
45551 953201
60070 642566
29474 266547
43342 249030
69266 430221
13512 635021
35000 1029978
48968 73870
38850 260649
65705 864774
47270 904407
44305 901315
43243 627250
65100 738351
9634 780446
61355 375495
12051 551945
28821 89173
54680 453787
35000 1029991
53289 515848
9764 911735
49703 229929
25905 969461
21064 556730
61465 970544
16748 122966
11155 191615
30196 121719
49775 221672
4820 801540
11144 789607
35000 1030004
41666 371009
28789 477506
66859 394886
13622 390381
17 702991
967 104921
49776 782683
27024 372278
22030 440669
50737 170710
30146 230243
66476 830827
35000 1030017
9341 576347
65054 661560
6765 179247
33004 510672
37429 754129
46144 51633
13685 721595
24383 381689
49521 947002
854 19306
28706 765286
59475 871152
35000 1030030
36335 829998
52995 620182
67708 592870
66389 567076
23996 275327
13214 518400
19325 828902
37805 802471
31824 883211
23624 644416
63997 312357
68330 15675
35000 1030043
22130 548640
3698 5334
32097 544339
24961 435396
35550 113299
41936 642134
43962 641979
54144 800839
14177 781482
47495 64110
59936 278295
29563 902198
35000 1030056
63861 541845
61652 696864
53147 481264
66461 604198
22824 205493
36783 777749
14308 140782
59344 95696
69238 763509
23658 324225
20959 719395
68002 748009
35000 1030069
56189 845754
56072 339569
54179 294443
46682 793248
38813 968748
49185 673432
17696 868963
31427 783868
36734 106288
44955 541232
42349 897609
21477 887105
35000 1030082
33742 197446
29757 174853
43305 901498
25040 392780
21937 381000
15595 787134
18832 813504
13485 721911
56221 311833
40661 35472
5180 749003
11957 843029
35000 1030095
67726 264924
12958 51760
8762 597381
47022 445866
2406 85037
38316 268604
63564 434720
27681 33307
29849 627401
35262 771034
67177 816827
40572 679038
35000 1030108
24582 151351
24240 680312
59017 876385
65281 911069
54000 464968
38573 628762
17905 642551
17618 361955
32682 821538
58769 283182
32880 590833
34628 378257
35000 1030121
36018 166981
1908 375903
34272 902439
37907 867072
27587 565594
63396 622906
16728 734368
58068 589577
69740 787528
6290 205006
21702 582103
32592 220478
35000 1030134
53751 667993
22385 396151
43568 959179
26877 126230
57921 458256
5383 629123
96 813069
55331 196471
66416 400845
13993 409767
69387 783448
15403 189279
35000 1030147
41099 799647
49020 666911
35793 976884
64179 488120
54825 448033
22432 321735
61304 445132
36022 408140
17553 289947
59018 457908
7081 189394
31580 955158
35000 1030160
64716 550949
57302 432879
21547 83891
36108 395335
23801 360387
2739 399840
37199 476583
44221 819761
2003 12887
20935 692359
48837 919897
19758 890773
35000 1030173
60735 529153
56874 169069
62733 374385
2606 325041
9908 450090
14049 98140
54095 535474
27509 303842
9780 721984
32207 985062
27149 73639
16676 16667
35000 1030186
8712 570984
50131 73503
59922 134691
34893 946733
32750 226709
36938 244528
27680 474014
35313 946257
48391 169673
6185 829938
20203 438489
39052 988243
35000 1030199
2120 383134
30229 37218
7798 573005
7685 309403
47487 204602
8850 867627
11809 595877
35956 444709
32576 680451
41884 257453
41721 615021
25511 757815
35000 1030212
41872 92573
5956 857023
45034 376591
41047 170036
44609 428828
50912 158132
67280 976209
69512 285790
6768 274712
23717 191721
25351 735375
30011 713737
35000 1030225
24355 536915
16135 217507
51749 379597
46852 722982
52 936058
48959 488618
4859 813715
8924 708899
51071 457224
36316 854432
20228 27970
60809 571466
35000 1030238
50187 805569
36417 160100
61829 403674
34077 644380
34568 641724
21208 926496
51317 225289
29147 642402
357 912193
55530 894219
54298 786657
33916 738120
35000 1030251
26077 351928
48622 86097
24727 708921
283 706591
52078 874289
9825 945708
49715 22058
5456 344422
28543 626975
50370 175816
45230 307855
36368 603849
35000 1030264
1760 588672
63979 868493
25793 292937
63877 321869
8162 742422
52149 823306
42877 486303
18277 86042
7808 585276
59987 440411
42553 857571
56833 630792
35000 1030277
45904 518269
69389 365215
30450 525309
39948 516358
23559 234724
1407 182351
27023 680000
13160 320696
53241 722185
7895 275968
65345 385646
49823 483019
35000 1030290
38758 802443
27582 41221
22278 940410
2183 445522
17664 679210
49912 595311
51960 357715
20372 694312
19961 574477
23176 644444
30382 877262
59083 975522
35000 1030303
36179 755833
37969 318713
43879 758963
63364 855604
45812 235844
56423 449998
56402 8573
28947 925446
51604 659486
62104 612792
4784 274230
711 724040
35000 1030316
7850 898590
35243 147923
63120 841147
16384 354738
2954 940992
19465 339377
36985 664652
594 615800
11966 76488
66632 320242
50010 284684
49813 605266
35000 1030329
37388 501183
1021 697092
41889 583391
63722 593775
17522 538037
16279 161391
24849 801858
49567 485645
44069 170661
42666 133940
17874 632643
58898 638492
35000 1030342
18702 761768
43486 508496
42488 708591
29679 281624
25317 690212
25086 414120
39091 954851
55654 877053
47972 422801
27337 701842
43958 161548
13412 422072
35000 1030355
57102 668397
59189 525007
60427 883274
25119 290300
39263 539220
63825 786608
19665 457275
60487 14598
65296 803911
37363 157608
11566 838686
66910 199902
35000 1030368
15791 560013
43814 865563
17708 287824
52909 826539
26240 481713
67961 518375
54683 509536
69504 406901
29711 623345
9869 755367
2081 459179
59378 948754
35000 1030381
29256 994180
61806 254908
25630 839558
16059 801743
3818 190537
28559 898546
68211 52775
38741 363557
42857 454759
69198 805668
54279 569560
34385 405053
35000 1030394
39667 555298
8577 220729
56114 996609
19844 693001
23521 142187
12586 505849
22980 622999
41405 437092
4057 697233
644 853446
67535 34331
54032 75805
35000 1030407
52080 146731
25095 293061
14983 318367
817 919282
27093 671621
41381 923284
23844 39046
25232 745164
51609 523446
11086 182747
9232 766700
13727 759038
35000 1030420
3849 848189
61672 706385
26605 221400
50467 715132
11358 579514
25119 662493
28553 85130
41348 207640
48067 448843
67482 958719
29219 180193
2849 96165
35000 1030433
63136 952086
37628 739083
2260 11876
39793 443208
48111 605863
6405 601934
46972 65211
23463 853933
25219 73112
9673 102555
53720 883557
45523 800715
35000 1030446
21259 359386
55323 572397
52820 573134
15640 185311
12017 915428
65464 908996
66588 433114
64954 51620
21074 60056
55760 571638
32664 904905
12657 449743
35000 1030459
47790 229636
40793 658729
35135 672268
17799 251079
49268 531076
6367 677556
24575 8555
65370 232552
44020 166193
48224 615761
14040 913992
22940 682709
35000 1030472
7782 220618
60235 144988
69677 866595
50111 375878
67702 854216
971 321025
56621 527434
6174 201589
39475 589968
30501 851367
35390 557487
31468 655887
35000 1030485
23237 553814
51736 485220
44942 297668
14112 448810
61354 425943
25202 647005
5434 815126
5450 157849
29724 953640
28324 459592
35314 612138
4655 873481
35000 1030498
40487 196046
53834 212689
62606 668623
40189 190840
33578 746509
32246 792370
5546 779524
16894 836189
60899 881878
57212 278668
4683 728082
58327 68166
35000 1030511
52173 94373
49710 425985
15534 779497
41499 691916
48403 560342
9504 455252
16407 397413
60810 556124
1772 466402
37531 635325
4624 186801
16692 133996
35000 1030524
11008 879619
33818 140125
59763 426715
17938 468581
36187 454039
30814 76851
66831 179090
42516 467310
50561 100190
27317 8131
56768 698617
59906 170
35000 1030537
59137 799320
20348 231348
61922 485530
58660 277764
7542 395570
19497 844638
23310 298626
61529 43714
329 458162
27732 859572
13242 517699
54857 900834
35000 1030550
15805 710603
39813 681876
50576 854367
35952 95811
42985 885717
52478 759446
19387 756714
20731 98723
1444 48183
43130 648057
17487 627145
23252 468278
35000 1030563
29741 752765
27225 378023
50730 311893
45918 286933
773 546308
66304 629611
65676 179739
2939 461805
19429 836341
25055 183026
59393 769837
43601 191027
35000 1030576
39817 538067
25430 730491
51955 130805
32219 359
61801 350585
65013 950222
44452 239597
9868 247092
22265 206676
36307 294691
3771 583857
61393 784626
35000 1030589
58197 508968
45190 658816
27349 241848
49149 953845
49848 1831
60068 852993
7876 480737
20464 264563
54077 152938
48753 300225
13604 657039
49592 431819
35000 1030602
35510 163087
3168 754038
59425 455956
17137 143607
53333 623801
2748 41566
3958 997816
14998 392481
31183 319681
28900 673659
27026 81700
18567 910431
35000 1030615
66810 202369
24341 68701
65058 324546
16942 548828
28730 126748
31829 972092
63208 909152
60872 255024
6980 835035
3351 445613
40137 293935
14308 564089
35000 1030628
65039 443925
50925 72962
50813 464834
29735 364920
64813 349131
46266 41427
4957 575901
67225 787154
61045 426289
64047 342264
5284 793175
16865 606558
35000 1030641
64790 372071
55934 304601
60677 61690
45867 675861
22314 204428
55494 583247
34583 548073
60942 390071
44570 392197
57193 992816
62053 811485
52130 746877
35000 1030654
10653 373200
677 190187
28269 728180
36585 645731
46055 144437
4431 191352
68278 175009
45270 90112
50973 214961
29744 856022
12771 919084
48627 14997
35000 1030667
14235 167271
6641 975249
805 748677
40006 191667
52537 763836
3286 222057
36952 133082
51555 982306
6198 655080
46440 89130
48298 629825
3425 635451
35000 1030680
59116 985500
66505 171556
55892 327081
27763 609459
13661 97260
30863 193124
61757 64763
4101 870333
69379 47505
55048 904167
69404 186813
17400 237033
35000 1030693
28905 395026
22275 793289
2576 248708
47123 87794
4883 812146
1907 659879
6478 979328
15530 800969
38471 220014
30279 769059
61156 464466
22925 414665
35000 1030706
52947 557150
18241 878280
8759 211481
12258 857776
41155 852728
47826 890959
31800 197634
46441 174300
3261 33469
67521 139963
20591 534919
45710 878284
35000 1030719
16695 276583
68783 342474
7201 93740
13062 681348
17322 948188
66845 410770
10065 982374
9580 880809
20809 663261
23293 876486
30925 566516
16584 501394
35000 1030732
17811 625229
54541 784360
55812 246026
66712 236501
67317 183990
20203 335822
51945 199257
19632 845089
54349 230024
28749 284122
64267 375711
49234 636822
35000 1030745
32994 137586
59868 558684
42436 351839
4243 487936
68387 598797
9711 891282
19997 593112
68910 840375
36888 512314
22252 190351
10587 436096
2907 428786
35000 1030758
12434 949189
25658 103865
27654 199654
54401 340563
40769 659087
13046 375221
19986 603020
53094 512282
40384 190390
21925 968513
50002 35038
41198 97213
35000 1030771
10556 919112
14981 771596
37648 708373
8051 140054
15234 191922
21930 92722
69820 266895
318 677598
7442 852179
61093 18815
53880 303404
30007 502739
35000 1030784
43853 13832
1196 513594
51008 460071
57930 750490
33079 387965
16873 207547
58547 815279
45259 160378
42512 173298
66076 783262
64201 503600
55136 53696
35000 1030797
33934 632583
67409 934581
64834 961659
110 420756
25160 933867
48179 619524
61753 980389
32448 551969
9519 273053
29029 611596
55906 203655
56126 685595
35000 1030810
58417 382120
53693 354783
64072 324732
49667 133991
5195 633695
8249 578787
69230 35789
14261 192622
43941 500716
44622 217349
4490 735464
37984 937374
35000 1030823
12205 331513
28426 258329
15085 870763
16158 723235
35257 150400
69886 33556
18384 5769
61259 797455
61092 263042
42084 247038
36440 380453
57655 864987
35000 1030836
67279 973798
2749 225702
68204 472155
69549 820187
222 58187
13091 677653
61566 557259
3228 213465
15674 355538
46766 744552
62570 458425
5027 863105
35000 1030849
1897 785848
5059 672723
27704 466426
48593 494922
46358 643988
66061 711104
38181 782898
46575 256036
5305 720218
63312 283401
39859 313204
54861 177332
35000 1030862
43176 240704
19337 618757
12515 574490
31308 749406
32458 826204
26640 656140
8146 796807
34859 812178
54412 559848
1930 527264
64715 47539
36939 882933
35000 1030875
42759 23109
42283 635836
19453 516918
27588 673587
44000 763002
51635 731158
31611 65567
9752 161025
20 230334
37709 974310
2451 686697
14300 475220
35000 1030888
23667 481850
18165 525142
63898 203230
32124 304406
60465 350893
35259 381813
16398 531263
11465 222021
37382 719919
44701 227982
53908 883557
61877 307435
35000 1030901
25307 542362
44808 463004
24267 29510
10598 71321
28363 854808
40683 859241
67132 463555
64157 210117
43189 363167
45597 305743
46385 110857
27907 750628
35000 1030914
19027 511813
56011 473496
9439 105614
24005 182853
20039 769968
69127 918739
36742 908449
50557 324919
2092 449588
27819 666139
9676 57013
53860 340580
35000 1030927
43282 819699
33914 639832
28804 424542
41037 941785
50524 925120
52474 876372
29751 396334
62817 195972
55005 90259
58815 294906
36601 15319
69231 579082
35000 1030940
56730 274228
34623 525890
36527 888456
16763 649619
24911 916067
56405 224810
11692 864184
8193 298118
7166 116830
63743 218783
46437 674665
22925 580581
35000 1030953
63240 775277
43067 56577
38983 483500
38624 747982
19234 499498
65644 527361
28849 474693
16652 443235
40591 351403
16154 239861
35906 386599
67712 277459
35000 1030966
34321 201813
5325 299444
18914 794309
22324 770736
10916 11253
9952 606156
57226 919913
43063 593776
47489 710588
54195 75295
68470 206960
61260 393284
35000 1030979
13671 149209
8799 52195
41472 564058
22583 156978
37944 839688
18411 936989
30065 126955
37453 635600
67587 612881
19401 195224
34354 180947
60131 921937
35000 1030992
66868 501131
69522 188201
36308 787427
36107 912545
5896 168604
6540 706642
59934 19199
52097 874248
60533 902314
63854 928611
52220 788170
26275 629809
35000 1031005
64861 106358
48229 281736
59153 339387
54968 111705
49246 847650
665 125042
3125 783587
2530 25357
42775 333702
55809 604184
19474 317705
32509 977035
35000 1031018
14084 325187
56382 26654
29514 336649
25703 341147
23100 742679
4852 464592
8219 719386
48083 825891
27625 749857
3039 588927
31321 242216
69730 18623
35000 1031031
33587 867501
41372 717280
53472 129429
2931 527951
68460 975676
22862 228240
56574 4535
16406 152348
69713 445605
65123 846728
53494 865259
35898 425696
35000 1031044
21898 289872
61210 8930
61417 129211
60966 192226
44565 173092
46898 63030
26441 343556
65281 867892
44199 24616
22347 505869
48929 76409
16210 212873
35000 1031057
12382 338182
14895 683565
49811 338139
7063 594680
25095 812458
36127 279587
4274 180095
57308 887587
43119 988116
57737 783540
1533 370710
66897 738471
35000 1031070
42557 571403
50732 499554
32954 857294
52744 684101
11063 408595
36213 730582
23653 760493
16677 675296
69836 566419
38074 338040
47713 932245
29000 803691
35000 1031083
48911 545573
8496 144360
35083 944767
31752 883591
15103 662629
3808 827553
40198 943226
46164 102248
2573 794248
13113 284528
22663 371713
5939 44767
35000 1031096
14360 45129
16219 645854
4926 600278
49205 842693
49222 652393
12104 384569
48398 937421
45182 627441
46725 909629
35725 839720
31739 680972
66270 983802
35000 1031109
40150 184433
9173 8661
10845 314135
9006 214484
56461 954755
21356 518832
41586 849928
13798 685603
39712 284767
10273 741519
17883 849999
55579 578493
35000 1031122
11601 925397
14247 364056
47106 966106
25179 811211
26955 718833
44852 59494
40995 805766
51903 358112
33708 596897
34290 195245
48129 116853
10393 281264
35000 1031135
15528 947282
63166 685869
49834 984644
46719 51257
6824 785373
19930 230644
14901 56424
11166 403851
56574 867972
62976 582750
1661 687200
44502 493693
35000 1031148
3835 852608
8475 282843
61443 586212
57448 44696
2347 491504
7996 613767
4779 100198
49348 324015
12210 809443
2210 667303
37959 576698
52576 748889
35000 1031161
8778 97052
20720 875405
38038 987049
10274 400837
60419 494251
15124 706228
64734 69568
39920 208432
35940 461630
33622 725700
6474 827495
25579 25227
35000 1031174
67519 910940
21604 866051
54329 593059
33648 364633
7373 750828
39951 593223
45374 454722
24614 220270
61453 592780
66828 343465
48604 174745
22019 254572
35000 1031187
23947 187562
43913 38832
14227 661650
23320 389956
26809 758420
22061 434937
870 493715
42964 512581
58166 554106
29562 819773
40327 716022
51107 342384
35000 1031200
33137 764299
52285 157453
45925 199147
4676 333385
68756 244940
1870 56832
29663 276375
2785 854740
38342 524011
38078 742462
63708 92481
12156 916314
35000 1031213
32733 991701
21032 502926
1141 273270
7552 415316
48848 863209
27580 517409
60696 995459
36790 767179
24670 134086
43985 454935
24857 825591
25699 531248
35000 1031226
60501 864764
4901 581731
53007 265914
12771 635041
35374 458305
34695 227518
47078 552335
57585 966344
40416 871824
68650 732022
35789 528363
63096 419025
35000 1031239
41544 634946
27607 511732
61682 760179
14486 931749
54498 345844
17009 375576
82 559668
35146 288094
60308 316754
57794 281526
60333 86208
60370 545076
35000 1031252
36037 612135
5831 183833
39396 708747
13837 117491
39518 788094
38347 87346
57355 351540
23796 755765
7539 580665
2889 947119
37047 121375
49284 482067
35000 1031265
25158 367668
43091 235207
25503 160210
17412 763915
50352 304554
66617 331092
19926 294515
61553 220400
6466 639534
20401 209244
35989 224013
36787 62639
35000 1031278
69069 988264
14430 160995
61264 822282
32176 38283
15376 99842
8086 155378
19628 687028
23737 119632
58303 37310
43661 22542
31154 122694
29575 69042
35000 1031291
33109 306857
8128 479667
68645 484156
60854 847299
21873 899565
35390 730919
35153 600285
2570 256122
60979 916469
51775 680901
20719 623877
7350 122883
35000 1031304
25157 217201
21783 157418
23366 863921
52780 842631
29337 76856
22268 930192
43270 807092
38701 764729
11009 73439
16024 112396
43390 519454
20331 734188
35000 1031317
50892 732871
1619 897731
18628 591791
8176 127076
40430 513282
32321 926880
1046 848966
49020 296306
48244 722685
1687 510769
68681 887616
52466 936919
35000 1031330
6592 868046
8870 468332
40826 763260
68731 187829
46918 345122
24461 589164
4191 451363
49963 91359
10951 146336
18450 347430
5847 783919
32032 278314
35000 1031343
26472 297813
14795 586551
3872 736543
10235 116368
13992 930300
54119 466723
57691 535215
37182 559639
18047 89846
28104 785200
47347 804205
56090 242200
35000 1031356
36932 525130
18769 608306
43859 227568
23709 913082
62348 791635
41385 698348
8007 877701
28059 486869
6813 572197
10214 479010
29253 78423
6105 343686
35000 1031369
35688 122390
62436 84266
6906 305818
46399 290901
59285 46126
28086 658502
62469 216419
2135 83937
15850 468523
54276 497650
53235 208622
27193 388345
35000 1031382
37568 353524
63638 671037
59105 912549
18848 424245
6534 200411
55151 708155
11922 286249
7608 388740
28788 641306
28530 147517
11855 274804
40324 138781
35000 1031395
32464 441667
56040 686046
557 448821
43379 338618
31034 742447
1266 751011
44571 695952
11098 796077
44118 334881
13639 312797
37799 834734
61160 80340
35000 1031408
25051 325091
41021 80063
43757 800616
61062 102983
6233 815889
17990 596302
45199 22383
3943 116493
60133 904446
56841 248252
20029 667965
24762 928485
35000 1031421
43383 476278
32577 743318
41815 791380
44925 498586
7701 797456
38138 803975
27552 630652
4929 445320
6862 693734
12728 794000
65088 691247
11317 354084
35000 1031434
39592 804867
16905 95000
51397 594214
18086 980290
6578 96115
20810 642383
27691 54155
33443 242000
54603 851889
38253 827587
35920 347137
52213 692477
35000 1031447
32698 763541
36724 314522
47070 267434
40261 441412
10889 757391
24486 520444
707 475996
26415 786995
21642 926308
40149 964304
48548 774552
38794 539621
35000 1031460
3194 94303
9559 889827
40514 876472
32315 942610
29527 15401
51989 696876
67256 294592
106 357285
58676 483367
26357 798461
59464 99851
60501 849003
35000 1031473
41808 974858
1400 953093
62921 356037
26581 162813
16850 497094
42092 336935
15681 348714
37623 17911
4536 308936
39595 316850
54464 270607
36491 103365
35000 1031486
11320 527174
48021 669598
10933 174486
9488 663060
14964 431240
23940 980103
42501 229387
734 739434
639 434930
11099 746664
2118 846185
30050 400242
35000 1031499
69339 5763
60546 749593
69039 289590
69256 479717
11499 93465
65766 143268
17162 726632
17673 340111
1985 975899
18227 208391
68929 45222
50067 53378
35000 1031512
15502 429105
1020 560654
59011 909402
8744 731209
11298 237601
57740 277167
17096 879822
4212 791818
55423 466179
3462 247563
7083 426450
42925 148067
35000 1031525
56352 109249
27789 251364
298 79897
3399 660937
42340 485592
19799 243713
7096 115702
24607 303664
21208 976713
56992 518015
2386 688434
54139 472485
35000 1031538
66662 294856
48174 505740
27736 690372
46313 865451
65694 575563
12939 979792
42342 623018
19308 493347
26277 485768
57356 602962
56145 158932
1371 75298
35000 1031551
11190 442859
60325 725419
24056 420891
42562 165238
7361 161799
21868 849311
45103 82801
68225 415770
64472 923261
59243 752942
21035 588281
6232 413197
35000 1031564
38733 924520
46025 324325
7689 932679
36100 105730
18056 578554
36032 641433
36629 627713
48558 436026
27626 243538
15840 182341
45083 238157
7196 216467
35000 1031577
39577 863044
27117 565148
39138 602230
21513 840142
53920 148684
67957 170338
69978 162460
55853 555840
44071 308955
68148 214507
69014 57648
65672 29218
35000 1031590
26154 517195
31237 613393
12549 980762
28681 355535
10977 899198
35127 950892
151 278913
26782 636795
25445 741621
13926 185714
57223 700451
20813 448312
35000 1031603
25036 400128
40111 82298
63126 797088
25940 122721
14913 695236
30765 576357
13450 197632
42445 862398
42739 695880
42461 580569
45234 874134
63939 218371
35000 1031616
62128 392494
11353 845601
68537 103818
11805 612782
10686 968588
12335 757875
25498 29805
67797 460533
12669 564647
66249 588664
27522 67334
7650 797265
35000 1031629
44839 216448
18907 306975
22642 161030
17183 966725
6880 651778
32058 214532
46849 947510
68201 442797
43622 695292
17640 204322
14515 244225
65095 690336
35000 1031642
13541 37843
35966 743067
56895 362752
43574 574986
26546 285840
9211 653633
39318 689717
40329 4543
47148 851058
69621 47438
42655 412893
29062 259813
35000 1031655
67149 176472
32555 616832
52559 750596
23090 63997
47904 482389
65827 446743
64860 932490
67601 834324
66128 814309
22753 424272
8973 794268
34039 469273
35000 1031668
32021 297739
31195 815984
49669 74798
57577 855985
63543 358083
39765 140446
28497 369588
61859 621486
66460 150770
9247 381
26537 12169
56127 692773
35000 1031681
52417 137927
45251 620658
35383 92104
52982 628010
37153 510542
57705 142273
8372 492601
40864 291659
41703 390533
38522 61586
31059 256426
21131 25400
35000 1031694
51177 890294
17273 241606
35405 763361
13926 219305
51543 930502
40942 251817
51954 744061
8952 760688
44053 669940
58941 958220
38517 116326
30838 70131
35000 1031707
55386 879453
62986 604794
49361 824399
259 446730
51248 263796
62175 46353
26599 524308
49506 119800
2326 367119
8114 251067
65858 287637
17810 338538
35000 1031720
54059 343761
24108 399087
45229 841520
28001 786180
8071 125184
42346 343719
12998 29408
61744 530961
39187 578735
9340 86625
68328 444937
40939 549399
35000 1031733
46854 473746
4969 142344
68552 428494
27050 345694
19975 723414
41000 362329
43092 464941
30608 36590
4533 816167
54641 941306
35336 594750
41177 166176
35000 1031746
13710 186999
54656 701963
18473 347017
20571 678221
6958 158638
42225 304113
14734 67825
31443 696608
24015 559860
1936 320867
43569 985433
55083 174464
35000 1031759
4261 133140
55702 975772
42399 976589
9221 161291
63782 53152
20379 561319
5990 948524
58582 635425
56677 789831
30591 367032
38668 973537
31046 348551
35000 1031772
51297 298013
18520 927802
20982 85988
10163 535940
4854 616253
23530 601470
1928 20624
56025 680886
33583 224700
30236 253204
12269 726418
21182 108382
35000 1031785
31115 46247
41617 618430
7664 122978
21918 142011
59651 880344
63864 956827
59663 808513
22532 70933
37874 593262
40425 726517
40596 444280
47366 533751
35000 1031798
14645 373103
50703 369134
33254 9022
61918 813093
51988 431241
38656 949100
51575 690247
26861 513031
45893 188643
33931 267764
65185 948307
55616 48158
35000 1031811
9976 372558
51537 939687
1635 335760
67270 792144
60087 374569
21771 675156
69894 998500
6802 286352
62737 23913
42403 999617
68049 955798
3732 664944
35000 1031824
52350 34750
40304 531969
29266 179485
16967 383589
21711 278404
21414 53332
12644 640348
949 114253
42830 189348
60748 375809
50072 642057
20664 947037
35000 1031837
33384 789826
3370 877288
18507 657137
30443 205084
21868 886356
37710 118048
37029 538567
30229 555426
23380 167318
12078 410812
43647 957944
24320 356545
35000 1031850
33542 678049
32661 64208
35778 931171
61182 567676
69817 912472
32000 496638
37211 799631
37625 810231
16268 361924
2620 655855
5690 571807
22187 980846
35000 1031863
11750 121280
29532 451885
41939 522229
55019 427932
53737 473816
65255 350760
26110 98392
32377 243605
8052 223371
25254 520570
39474 595275
68304 979393
35000 1031876
38592 744113
36792 660880
44526 304410
52104 747182
65108 192012
56631 47540
39952 113261
69096 153536
69878 964785
34203 24673
11721 421332
47668 489739
35000 1031889
25491 438943
62842 847877
27488 586315
26676 409073
16545 292082
41179 487280
33760 245606
69353 866730
28088 465311
69351 624165
16283 175136
50621 585563
35000 1031902
43738 919191
22497 815279
60217 528435
68783 486516
55020 860982
7044 448865
34668 47206
68444 867658
62482 357938
25208 147761
25314 255746
51740 409214
35000 1031915
67509 307491
53027 931693
34130 374466
69640 944841
20724 268337
57108 113556
60074 3944
61246 78456
32292 240875
3016 456759
16724 597746
12762 134851
35000 1031928
19072 833777
10101 257863
68775 487588
30290 143727
5552 403960
7214 216011
47785 449696
45992 836848
48084 654926
9353 537011
24183 190982
15938 309824
35000 1031941
56041 822510
27227 591850
4487 730887
49716 298171
31959 497078
15656 749012
13672 754299
54581 922441
2419 742916
6858 903173
5285 612596
68745 295497
35000 1031954
6681 490648
61542 441108
8702 933291
21016 756805
27050 338949
14926 731346
67368 836925
39942 233601
37387 863811
34672 494348
49713 914386
19212 23586
35000 1031967
35080 928648
982 876768
823 522520
32927 246043
41584 97792
16450 554527
39527 222427
25942 230291
42037 476820
201 578195
21598 967400
34715 72838
35000 1031980
25382 216686
67608 714562
27163 225707
6948 647716
69215 427017
16483 532135
25078 465004
4779 47591
50762 217915
56700 466857
64723 533407
518 976143
35000 1031993
68562 422439
14384 973458
64589 28504
2885 120580
10220 553326
60615 885979
10695 518444
35921 918945
19482 104222
67461 357328
7732 873448
25709 340093
35000 1032006
42848 657806
49603 815594
7898 480732
1383 658771
62459 808291
50885 817767
43413 96939
63036 792627
34242 952836
42969 782596
5737 580437
104 603454
35000 1032019
26583 310182
59486 804649
41827 899449
11606 387120
62975 314823
3943 94908
27355 691834
2814 50984
36911 658714
30929 190053
12949 379326
68404 99926
35000 1032032
58262 32627
17106 168723
35014 2979
17580 980777
25937 250138
7838 46529
43118 221785
4879 389015
33629 429431
22815 326860
54145 143740
39978 383700
35000 1032045
44839 231237
15011 644970
36196 609033
58870 857922
58314 677019
49032 523712
51931 536310
50307 552024
41488 443584
5974 545577
57065 879325
18633 627600
35000 1032058
8721 936435
14065 991862
48833 765762
16487 111855
51479 989370
60333 178843
46337 910757
28135 745983
50278 59766
64812 469364
4340 961628
56973 206650
35000 1032071
31288 420426
17844 652557
7106 950055
26846 134554
14204 908355
8675 113069
437 752010
43441 648931
37888 295992
69062 110114
37542 944443
24243 387398
35000 1032084
55297 470943
48499 197877
42436 371153
4093 506901
41993 701536
68879 212574
22213 276621
29675 320631
28150 564968
43729 525085
4782 634316
38828 398881
35000 1032097
36966 594140
20282 994017
575 983938
16948 841417
9794 897992
14132 212119
66797 48963
14087 9776
46142 199218
15573 192871
64453 219704
48227 903651
35000 1032110
19566 212215
55426 33437
40911 472723
21118 834410
21940 746186
47034 894174
49481 908119
28081 661289
8257 622039
67010 598317
13902 750143
50833 271256
35000 1032123
64741 379654
36893 300124
62442 463477
69665 9442
28238 228172
37431 441661
15422 988173
28223 571909
28884 40686
62561 648279
47044 842376
5917 157901
35000 1032136
13437 89622
49174 931622
4801 476656
17550 907788
42328 208237
21173 840549
13482 120389
15919 56760
58693 637788
38947 104212
34421 260018
17591 756219
35000 1032149
2334 845690
26129 865389
48401 851490
44570 976196
39647 136479
47668 933361
50139 280053
6464 568070
55126 198046
27058 540686
21749 919497
44663 576381
35000 1032162
66612 36599
38842 975639
42128 260203
361 135798
50079 445570
59606 169658
54001 774856
12224 79823
55031 602643
48957 988862
13190 592201
39757 773474
35000 1032175
65669 391997
47080 196780
10658 11886
48398 387504
28553 651537
51548 892700
34691 146759
42587 257506
40981 669374
16001 530392
46066 440694
20031 630283
35000 1032188
704 845638
10841 8888
7785 771427
47681 985817
56648 230885
30349 885155
32679 605341
49394 188510
36393 552727
24976 314543
10874 92938
40071 651822
35000 1032201
16462 333405
39133 719898
36633 30282
61680 243118
59503 983265
165 896364
19554 422198
41155 525516
15334 267422
9202 915102
47709 7940
3759 540748
35000 1032214
55099 73934
17658 609961
31558 532188
63017 538909
16332 430134
5410 202669
53838 798274
22856 51534
68578 777643
43853 390003
62486 148496
2555 484517
35000 1032227
40098 886411
47118 657425
12014 763002
41413 439
1336 546104
36799 80750
16599 220157
56630 912209
45498 482752
44035 172340
698 517764
43103 983100
35000 1032240
48556 401679
17268 767714
22620 177895
40158 23770
61610 173251
18073 191812
25648 428613
52388 427297
53029 785399
14148 635912
56526 395609
26799 168564
35000 1032253
3015 784205
11820 281047
29498 348985
29343 705701
34673 456466
53143 420595
49423 139122
40810 617364
66264 667725
31255 780511
11298 82219
58464 358055
35000 1032266
33863 513124
27995 504594
45363 432198
30589 223039
25876 396996
32776 80095
68286 127841
3555 854248
52836 899397
16030 478252
21226 600104
27137 9828
35000 1032279
4604 234789
47115 808810
54396 460918
43582 814419
11037 865686
61185 463191
37 152997
26450 293587
18714 33091
53599 909527
15733 401404
31604 330401
35000 1032292
24131 334270
52853 994190
32838 15427
62396 13333
56961 51700
37004 450735
38222 956728
29658 463085
32991 111805
28777 201789
4213 221169
39739 145494
35000 1032305
59885 983249
38430 513750
18378 110608
18325 639721
25733 976259
37465 507246
44277 397568
52091 728319
57371 705182
68918 569462
65711 615730
23906 441585
35000 1032318
30046 880441
39739 142829
50095 463922
43547 650662
12527 849263
68934 922027
7214 785430
62716 704853
24728 74748
31149 888468
5403 905054
537 663570
35000 1032331
10211 544128
47067 916638
9012 322178
31272 826960
66246 770321
23734 985628
26273 303109
60888 87835
33980 674834
27305 32359
29237 960783
27547 436510
35000 1032344
13780 45878
5446 987018
56932 748505
12139 267486
8273 926917
33147 874022
59334 961328
3553 605222
66865 766880
27957 713245
56394 265803
33067 253243
35000 1032357
41523 364336
64600 470908
59328 738895
30767 128019
69387 373179
8700 366674
40095 437891
13979 379953
21354 498513
17661 749574
11366 961372
65275 184771
35000 1032370
45258 322260
38611 836109
915 267283
7424 827935
28869 52159
8693 937270
49879 48556
34306 787718
17233 209144
4772 19190
11824 22616
46270 315534
35000 1032383
39869 300238
65389 68050
41332 701336
12957 62278
4189 558413
39097 777115
11388 419538
1467 923681
60095 334770
51143 15156
44001 2397
23820 252959
35000 1032396
56045 33157
57693 293274
11215 411304
23574 227691
29192 524595
54318 152509
64847 901771
59557 176111
7882 184452
48646 378249
62817 737780
5480 618234
35000 1032409
36257 467429
15343 948017
67532 462693
44121 440592
53404 877218
27352 669301
8685 172079
41624 329444
42765 982834
38538 750068
24197 186748
66824 254262
35000 1032422
29165 159236
25646 191959
8548 279676
21774 453042
17704 548193
41403 12891
27695 447256
33294 347990
41544 281987
33036 65007
52107 26982
27461 324432
35000 1032435
26193 867885
47162 197895
3419 602180
30483 339348
69588 328809
15675 603007
36680 152031
39525 994434
13428 911521
4882 930499
11985 54739
39903 906152
35000 1032448
6654 259688
8181 632320
920 95345
19475 831829
28685 440835
67924 251829
40408 936459
19500 889563
67402 960418
6931 328572
56855 573380
233 165478
35000 1032461
26732 326217
68092 121160
53244 599582
39201 818565
19772 593330
46007 922302
6060 725493
1842 764697
4939 401700
8633 201393
10300 751879
56015 722111
35000 1032474
17091 728919
57806 33929
7731 296417
64120 279640
41667 801490
13604 539172
9548 548695
44947 65017
6887 54057
43302 84766
14057 694311
29153 818068
35000 1032487
47287 430838
32675 967436
12860 172175
56564 538339
43663 303898
46652 225552
31372 108245
36976 966621
59792 243523
10763 856939
69036 555003
3958 221898
35000 1032500
1738 51394
1578 93642
57912 499918
63681 498207
60604 348251
25180 930965
55175 522542
18965 899986
14726 231980
62579 295092
17111 140646
8881 363171
35000 1032513
35068 580535
42769 809812
1291 520565
14271 710935
63299 613710
36051 380473
56076 339612
41597 702771
65176 892025
23361 48548
1115 59305
35174 194937
35000 1032526
28689 740346
24042 932220
26582 830381
69924 624539
36657 936040
27259 79942
64025 920307
16164 485650
25643 973928
17966 338685
58425 896279
51062 351729
35000 1032539
35147 269976
36581 630165
8965 856348
28201 896383
865 353274
37414 244399
38329 925186
4871 567623
29216 512429
40734 594781
16668 524463
45897 362508
35000 1032552
56343 731402
3853 316162
50324 989305
19061 414333
37947 144265
1285 484070
63702 528789
9642 949085
35124 602648
24055 968851
29605 788832
61033 445944
35000 1032565
20065 279202
48015 365204
32832 330379
23834 460137
15661 6514
30594 69550
60678 285816
62517 806535
48074 740219
46157 98101
53715 158644
64032 901916
35000 1032578
8602 775521
49018 135549
11895 205158
43286 448778
13326 368240
63289 474369
20441 217982
54999 121915
32448 67099
64657 656948
39770 518982
59112 775690
35000 1032591
19110 801767
9436 170122
20239 333307
1071 799043
30360 224603
27325 923439
42688 393321
49685 262214
17676 620234
30255 704724
17531 581963
53187 604564
35000 1032604
38885 868845
14318 204407
57279 908497
4653 400597
55955 655969
52793 410466
7992 625357
19413 332376
3279 339158
55029 821069
20873 743123
6913 715496
35000 1032617
54443 592322
40817 351962
11678 444591
59518 413370
47643 655268
58256 196203
34498 803446
45432 201133
42704 805672
67286 737669
33545 128051
19280 163589
35000 1032630
16063 806582
61361 398828
60362 848321
16395 356795
13720 561503
42575 487826
19643 79781
21351 790382
40166 561354
21020 772448
60060 371648
33886 215369
35000 1032643
26175 532431
30793 339297
39277 74628
4944 59040
35817 551997
41663 337056
56433 719251
60892 348049
52305 415679
36427 194959
29721 951913
62266 261322
35000 1032656
58587 390394
10638 483156
3512 964542
39213 763887
64408 577216
64110 713651
43143 951907
59426 529197
65453 166820
33125 423304
24948 634993
39107 729423
35000 1032669
65338 25487
19567 913286
34720 792132
37840 79662
3271 673029
16811 371069
24628 2359
50159 118970
49367 965634
8778 580924
37998 908512
49857 83683
35000 1032682
53176 736509
19316 491044
23180 834906
69716 237806
64380 613259
69286 796135
39487 317518
19415 566797
69573 53626
61910 717054
40707 335931
14495 489442
35000 1032695
17800 744329
32767 203005
30686 392663
69955 413455
68657 42587
52239 153388
6152 113831
66965 435323
23930 551304
55622 304486
65133 66554
43950 317602
35000 1032708
39920 855801
39692 965495
7681 760499
27257 584586
955 946563
53391 826798
51709 280895
19804 570818
2894 180688
10255 767763
14850 754151
35159 235971
35000 1032721
16198 323222
38792 548269
47851 193478
19182 485967
53533 757519
46304 350384
12 67586
51064 8438
54159 907240
4773 583092
59177 492953
51917 24289
35000 1032734
19546 465471
62503 847272
68567 828995
12989 742595
19049 243256
28977 175668
14029 379952
32141 951911
19511 145735
54459 482012
4121 931151
39848 662245
35000 1032747
4726 868334
16899 272212
22937 489474
31259 42136
23605 521026
341 515458
583 61504
30437 611914
59144 270168
26096 578496
22481 564177
50091 238186
35000 1032760
25080 494545
15204 465603
45244 710824
68142 165590
62558 317404
25247 403803
40230 31826
21477 221406
44908 263761
17295 202106
61971 169854
69614 578373
35000 1032773
47543 391995
16508 974283
50503 712001
37884 100277
23653 440301
61141 902583
10189 696348
38578 924393
41622 772515
27284 797945
38714 177104
58525 251448
35000 1032786
29121 300819
37904 395805
40076 527628
17446 297221
53593 993820
9151 414744
10243 187041
2772 12763
34830 641393
44005 395312
43498 318536
47020 497217
35000 1032799
64696 568225
21015 581759
25197 445779
43280 589633
34983 601918
3196 290360
13236 180742
19009 84932
25094 217692
58291 657460
13883 994704
10900 429718
35000 1032812
40668 667914
44208 473155
30067 93394
15148 715073
25261 631597
47907 94401
37712 987859
48414 125236
18350 804393
8245 789436
19575 995990
37063 486702
35000 1032825
64254 819029
21995 33742
36256 251763
34125 920159
17524 69448
66930 241948
31716 191278
21480 619318
26011 589517
16 682580
19826 732180
55462 534645
35000 1032838
39756 84120
22291 417875
57409 717345
10524 607159
62471 612999
27518 928994
62594 786698
47610 1183
32287 723794
65748 501480
30051 334230
50989 204902
35000 1032851
51395 413560
34680 219005
66164 201589
11149 621947
8023 948488
45076 153379
26883 139918
34889 197447
29538 349666
46478 383175
1410 23533
6100 337909
35000 1032864
33267 36543
61216 450378
18596 269294
8708 317061
48132 102614
40843 977723
30175 272029
17820 462074
6990 665323
42416 165155
21247 114249
3619 973448
35000 1032877
64327 746640
59451 997182
7802 50441
67258 240568
67197 598996
69417 28920
39482 805843
32543 981544
33025 291582
54437 448005
7899 631038
55949 699653
35000 1032890
21324 514318
14042 289135
1731 868489
14836 237930
4287 17027
48002 786572
34567 948588
35777 323056
51113 81786
49584 53222
39313 851968
43842 456554
35000 1032903
50016 289919
38479 507753
6032 697954
45075 681208
28383 812441
44913 66012
10628 320115
44318 771804
65953 950218
27253 3151
36131 687896
68525 100955
35000 1032916
22751 662284
24969 453920
47944 970558
62442 7015
44867 849665
44658 4040
69392 830343
1166 109510
6324 761606
15184 998157
44352 848077
63777 357764
35000 1032929
2066 403884
52399 428529
20548 647862
52499 994890
6807 101428
21455 129108
20610 706611
48240 127263
24022 243215
22190 336278
65688 836235
46180 536060
35000 1032942
42940 993831
35881 190774
64556 794562
53290 376286
56073 672801
18455 654657
46461 13092
29889 608460
2735 184129
46605 99151
47232 718846
29741 688667
35000 1032955
48088 320255
2121 146916
43788 725819
67419 253769
36732 844662
24840 923042
39948 554739
37700 999109
9356 955170
40670 379346
29402 221594
28999 938021
35000 1032968
18596 72103
67424 710052
59688 396587
14105 963277
34313 484506
33631 147240
53650 423505
5795 294108
69070 43077
29992 977871
52742 254990
39157 770200
35000 1032981
22090 748171
53750 441481
53318 608852
61255 776094
35158 484151
65378 162880
30105 274988
19251 488120
69304 687850
62526 271182
30242 246684
34495 823563
35000 1032994
20250 215025
22501 854505
18451 637059
7221 219258
40483 880956
24637 711217
25599 607333
65118 149772
21449 292955
65010 285335
54556 292977
59894 239231
35000 1033007
15875 990553
10994 276664
54784 342980
57952 889770
5643 183685
35676 982172
18569 543132
15218 579035
55697 692762
10696 68344
1886 594328
41008 911617
35000 1033020
6636 677141
35153 916476
41921 826727
65035 857404
15728 458973
65742 167408
15784 933197
29347 332103
45220 795335
28317 819981
39 393643
2317 650746
35000 1033033
58763 319732
27560 302122
64448 401468
66818 196558
27405 445400
59757 787597
51963 855459
2537 549892
29607 695756
19585 741897
41525 4
12855 494685
35000 1033046
43083 544284
6692 409395
7278 692368
34694 913328
61371 637373
16979 277307
51273 918658
68974 802594
49889 891537
39794 114702
11841 699281
18129 519726
35000 1033059
64741 41738
22766 17699
51003 151818
46107 250961
53038 602319
60670 667213
1950 181204
5446 950121
26041 632997
69289 801583
44000 831219
61497 49245
35000 1033072
56869 859811
16289 925094
9495 691544
63972 239622
43468 885889
551 107339
59310 258282
42124 968766
36554 122005
47194 181776
56226 572877
13397 755571
35000 1033085
8160 715160
55398 575179
65637 250866
53102 403159
46002 415896
31031 782733
27572 238943
37800 647962
66095 398370
9199 443413
17123 798366
9888 985425
35000 1033098
28140 326485
5783 447432
59157 274548
66223 138304
5458 644673
64964 655157
40767 944753
31877 674079
14413 773347
39950 451373
14327 725453
50249 523164
35000 1033111
9943 611300
26341 963043
5378 142424
58942 854179
60111 932412
5236 869995
25786 419161
10842 578523
54586 931152
104 390882
48242 734048
47914 543198
35000 1033124
17542 109140
28632 532732
35557 740294
41657 883035
16608 588215
63558 273449
56397 581631
69418 223949
29309 679385
38659 215319
4132 544301
64772 561763
35000 1033137
28878 990353
69941 995868
47490 369664
65656 296044
13568 321908
7307 894006
25719 325722
48457 278788
24820 852437
14272 717383
32653 235625
30758 996710
35000 1033150
40823 816185
39066 194742
1166 795118
486 370962
50330 258549
56553 106695
33712 619186
24512 157040
57935 392662
63888 976716
58715 475538
39213 289557
35000 1033163
18011 361097
54624 744462
7684 320383
29198 334432
19239 272660
43653 884711
44100 74223
3952 826452
53008 853172
16082 981517
61925 991435
16264 609521
35000 1033176
59100 455132
11230 685431
44544 546860
50600 73487
13059 784679
14645 339065
1853 580143
5585 89624
12407 762955
60946 469325
13472 81992
23670 78383
35000 1033189
8341 815197
1326 756067
39703 248660
66450 277303
59385 16535
38129 3980
20446 684117
12841 14663
31926 741514
28104 199283
2477 105378
21550 328074
35000 1033202
52618 53673
59408 694161
58770 886239
59043 234690
6579 83992
23017 530766
18616 914416
16873 710802
47524 974633
36241 859555
68308 327238
32084 487412
35000 1033215
23441 804782
62002 712360
31403 849130
68159 22542
9278 839863
4711 174987
291 922809
49743 310657
45300 182514
16776 133672
34105 186550
35093 366377
35000 1033228
30489 474481
1603 730136
63095 957659
37434 261368
60205 269349
49728 111276
69870 859012
29084 965090
507 132663
69709 709902
67688 634586
40440 719506
35000 1033241
53920 76145
26154 312961
42650 328032
41122 924632
67680 64584
50243 250801
15504 391506
24689 457898
38689 44266
27880 819122
53339 610970
47800 5338
35000 1033254
68448 671713
61780 62808
36992 531261
2643 614334
62064 428855
33856 600321
42730 620143
21208 120686
33434 820792
10524 431147
21379 681855
44746 673521
35000 1033267
6197 785934
41251 807437
39121 990331
57198 834419
53598 103628
42944 339633
55934 95910
67965 842750
24581 117562
35470 894132
13665 574160
27996 85677
35000 1033280
22736 202892
41249 514632
68377 844416
1388 719789
767 288118
32397 585775
36480 685810
10416 22283
33458 673017
19839 974846
14488 594202
55499 46023
35000 1033293
57546 669523
28572 71522
63943 566282
49662 78443
32825 699778
23523 918916
62370 891678
4842 668276
35972 239100
28138 711775
28863 953505
23361 833372
35000 1033306
57733 426672
4337 310705
35956 816561
64684 10313
66901 390082
44443 427490
46733 645812
28891 686508
16037 416572
28968 860824
60420 313602
44450 976651
35000 1033319
26484 337718
34778 201201
69495 201348
44621 560400
16707 965034
56596 629205
49592 861670
62798 722961
2718 328804
31565 893964
43614 459814
54586 561754
35000 1033332
7843 962197
17302 911222
29801 941511
9653 130499
54416 954640
38480 322762
17177 117077
21892 272203
54436 970811
36610 343148
45568 182238
39782 468258
35000 1033345
8446 740477
903 756808
68378 544316
62257 25697
48456 788198
24596 749868
31682 398959
7504 62418
46173 398727
18572 475728
20338 32601
68971 104904
35000 1033358
33611 284036
2162 983470
19961 925749
56128 982496
11958 503365
48379 520055
53032 465964
47604 13184
40096 433863
4028 863514
49191 668834
42663 835516
35000 1033371
10486 161982
41646 42465
12511 109658
52432 967748
7427 640096
44286 246166
5718 838864
5270 436047
2364 532906
51023 660205
39126 96390
52458 403140
35000 1033384
46125 678217
1581 813935
69334 448067
38744 534449
2204 300411
40280 533089
15881 773691
14243 736890
65211 988024
10276 264900
6185 49728
38976 823022
35000 1033397
39297 587697
10775 716861
35808 369736
33833 994663
38999 246884
16339 610917
42386 423537
6799 750754
31688 288398
67552 858294
65439 924956
67339 844272
35000 1033410
868 63121
30770 618188
28526 573613
21772 65436
10954 976983
4928 638919
28361 958903
27636 506230
59880 966988
14448 524038
62345 634364
18019 260211
35000 1033423
42389 338571
15560 997321
48781 851895
30615 176949
30390 726131
9413 520387
69083 971710
17777 440412
68060 337235
15351 364568
55578 279582
63227 475522
35000 1033436
1039 119810
66363 253863
61578 377085
11955 645582
10508 492155
9093 294362
15999 712867
14992 862874
50664 475869
53312 682398
27484 954586
68946 704120
35000 1033449
9035 286798
55265 825176
30828 501956
4953 984036
8103 117365
3496 796216
53920 119945
6771 11539
46207 784843
20517 388629
53482 753760
47408 418925
35000 1033462
58672 465178
34292 727205
52210 540500
34161 5779
10138 988740
58169 375609
36870 798205
9364 830479
24463 186445
16147 411854
39209 315338
50823 764059
35000 1033475
46589 282167
55934 498228
20044 293143
4395 87787
41943 890477
40794 426424
29855 682713
67578 45720
45802 267271
21805 982572
14865 475571
4803 230608
35000 1033488
43375 458803
66262 207084
24692 517846
47021 328174
58690 432969
56106 212290
62402 425501
26028 335399
35023 952763
39915 500730
69250 638957
32322 165147
35000 1033501
201 157281
41399 3154
6846 216114
35269 265576
20067 778719
58464 930068
64901 470550
12156 244899
39194 520715
38743 377429
43881 467333
26026 974448
35000 1033514
32891 970025
46538 937190
53199 70012
40201 498506
58394 175196
43013 398382
58049 4204
36904 140187
10275 776752
49396 189247
31668 48833
56251 814026
35000 1033527
1884 167085
4713 830591
62493 471986
37681 81494
45348 399698
69879 640977
62417 432998
59744 922934
45206 243566
42099 880435
10628 870912
12253 517992
35000 1033540
50265 217877
22369 619378
7808 518712
15666 983516
20420 994268
56192 568440
43891 21566
63228 377964
26459 819001
46172 931299
55446 166924
9164 14487
35000 1033553
24100 279670
35512 909030
26200 290149
3334 84650
53129 542481
69913 49872
69794 154733
13207 943738
46624 567300
64966 724984
5883 909720
61955 393999
35000 1033566
8679 502329
26639 219140
46173 190666
47587 665568
45864 513810
9485 674313
14668 680583
4026 925737
66103 745545
4181 929277
54264 837745
58062 888411
35000 1033579
10551 761243
21870 585584
16009 355036
6974 608317
59725 862654
12723 12348
52166 817046
63669 503412
26007 668851
38531 368540
39937 62871
63367 767200
35000 1033592
26199 329918
58316 740918
17720 476655
18278 157811
29341 379532
64007 225436
61010 1809
41493 365113
48726 783463
5149 271677
15203 597118
53730 188433
35000 1033605
61631 53351
65341 74812
57433 653504
348 407654
53502 845395
29601 632259
7208 76176
39295 841176
34315 812896
31553 243901
34998 252934
19245 636444
35000 1033618
28492 429896
17216 71513
61513 786174
24207 188536
55476 657639
69638 289700
7850 208299
17675 116156
7868 236661
11305 759880
52314 519227
46486 565211
35000 1033631
32147 387284
23773 67102
62452 133799
61455 57636
42012 350515
56366 556471
24969 362046
6464 371948
2440 139033
36045 72734
20373 453601
42723 979761
35000 1033644
38384 491009
35073 329988
10629 97363
66813 169941
52708 399700
51854 31104
63040 247911
28387 952568
34962 453333
62263 150480
4039 512905
58697 341494
35000 1033657
5354 682527
2595 691959
35307 709823
3280 113298
56799 916115
35597 159884
32935 222756
43844 950260
902 119581
142 389464
60760 206244
58298 746445
35000 1033670
45381 964332
37161 811166
25950 28649
60253 90716
16288 17437
53696 506428
47318 594748
35647 733591
13384 828755
20923 374817
24079 126158
56922 330179
35000 1033683
50114 903414
55977 200799
8863 435453
60015 4849
42759 499355
3170 623917
39386 796190
42475 222877
30311 469267
59348 526951
29742 813992
61160 925585
35000 1033696
68515 871140
35804 694016
11796 477016
29642 188216
612 417488
47556 236808
10061 654399
64459 380206
22581 829757
14251 10234
10126 76901
1576 46719
35000 1033709
65395 33205
13956 199126
13826 635040
55767 462724
6175 109328
59473 992697
55505 427268
63118 322693
6360 106370
26734 241686
60162 896911
27103 846725
35000 1033722
38305 822652
2662 281004
54678 998354
39095 931316
14639 647245
49092 46305
67192 196792
58106 765150
8224 888648
33131 46521
30052 364032
55828 848800
35000 1033735
54218 627687
10410 921153
37339 346452
60711 121799
5032 27946
56237 758795
43464 707790
38238 575193
36420 902273
34780 33546
12950 167398
69816 584640
35000 1033748
67164 899435
3204 829133
49355 870228
12063 7183
4977 481032
57129 450770
18399 328800
15514 322281
38192 254811
4813 558009
36466 225738
3745 222425
35000 1033761
42573 589173
45733 195339
57044 846911
58086 449423
69497 381138
19132 41247
25513 431326
14022 826350
64426 970138
14648 656246
30310 154468
11512 577984
35000 1033774
9495 885516
51270 553162
64416 144712
66422 592398
64606 57041
63492 50885
20128 724935
22069 973966
23930 176222
34549 185346
5722 198235
44208 443405
35000 1033787
31995 984104
10990 331
6413 118949
36352 49657
15279 351853
34740 166700
55627 510847
37133 974334
63667 238945
28340 412509
67785 294092
57797 735242
35000 1033800
52599 439232
25289 33143
47384 320841
28656 500737
42203 284927
46226 783363
66555 771326
38234 707667
63186 450389
56500 863737
24771 551115
29629 889927
35000 1033813
36213 407444
53529 907007
50717 37100
55728 267209
66741 600089
4672 827270
4190 187572
17897 788941
18484 735982
33722 626410
64594 550547
55532 206272
35000 1033826
22678 339938
57344 603288
298 194811
49517 838009
40125 100006
49012 662911
62337 654194
18372 985762
29212 964490
27991 997432
16596 327419
33680 529049
35000 1033839
36847 678087
40888 2625
20627 820907
21272 164784
13822 158740
32732 186231
17699 357620
33290 744639
68085 967700
67889 352163
46046 281147
41061 214814
35000 1033852
12296 280511
60038 942726
5484 409456
55497 507902
40645 652409
15628 666564
3267 308643
13498 61092
15672 821154
34610 123006
49290 352462
32791 147666
35000 1033865
45523 538936
26346 805349
20281 135393
55576 17418
4538 55242
7460 432767
64011 666403
66047 396324
29509 438445
52197 587556
48778 820735
62334 399332
35000 1033878
39828 642267
50261 507302
52648 251270
14984 254288
66428 183005
18661 502920
38892 361509
13877 765018
36079 283527
6649 566790
48887 679287
47775 211799
35000 1033891
16626 392147
49439 464191
25888 901898
47288 151145
31487 28390
2473 12163
37017 580364
22281 590973
19670 483650
7426 448799
2955 420130
54705 763842
35000 1033904
50066 927534
3566 224154
23864 534833
58063 368311
8768 738927
48538 246392
44678 90385
28848 276389
46455 366109
3063 242939
40680 173636
28116 239530
35000 1033917
53815 277531
51509 410955
2139 44557
68464 838343
50900 909935
9108 917329
67371 99076
15065 129019
60215 654591
9009 222651
34602 975323
19222 561699
35000 1033930
43716 580799
22937 279743
371 483205
29498 827166
38247 977869
45836 837526
63664 240684
22156 908686
31090 579172
56432 907409
685 512259
807 602118
35000 1033943
54592 775573
17990 531387
52718 264631
45937 65640
27464 536388
12243 485072
20243 43776
8159 441698
47798 918986
32702 162313
9761 435312
41799 467068
35000 1033956
42002 236550
1896 31748
69789 741685
63091 171714
20678 356912
11427 528425
68174 148322
5367 107448
51841 756983
49657 265790
30169 878280
58610 600276
35000 1033969
22743 574706
38504 218157
36196 182586
27476 504627
25823 447925
41240 941133
5180 716010
66839 295372
24425 82169
42391 513767
7936 713784
6793 201327
35000 1033982
9290 239665
53825 254077
67748 516085
38191 801898
53256 293527
48235 793972
68961 792144
37627 412595
55552 723341
1266 457046
62277 223482
65573 593789
35000 1033995
57947 705712
59761 174735
66982 324614
67374 474570
25365 843744
65646 818504
61290 718432
62650 762828
39923 76947
56043 182201
5115 663069
3532 350863
35000 1034008
56073 706274
11902 801009
51794 865518
69549 925973
34208 440996
41988 235946
20907 852527
52029 335244
42669 391236
38312 203416
59967 347858
17359 329300
35000 1034021
16102 222397
35644 457882
22487 191749
44579 135218
59172 941024
1777 655349
21808 940426
35818 379971
39407 292389
16504 575946
57539 217543
15890 904112
35000 1034034
45477 77125
817 730972
9473 978757
30704 952046
9310 646615
44484 855948
29552 34074
44142 596819
10422 332062
44765 918447
21678 968660
7785 535021
35000 1034047
31816 391553
28278 141434
3129 591546
48626 915956
67924 109558
24287 681566
3388 735060
9954 868041
17310 155503
34631 200497
43352 693819
9539 396605
35000 1034060
23843 701826
6942 736529
19094 812920
21152 459372
48907 555736
33639 449447
25758 875565
8103 292293
65089 128634
54991 726776
675 684364
66751 347697
35000 1034073
22473 460806
24991 737478
24690 369585
63791 440421
848 97859
68203 700175
61418 756295
39088 368512
41041 384714
51692 878986
66628 179382
67696 743668
35000 1034086
3657 216524
45653 375801
26762 345134
57955 39800
53242 804019
28199 445982
42241 476898
25130 675017
37528 814130
24388 394497
28564 769103
12581 286689
35000 1034099
1523 845936
52604 481181
29637 137485
58448 470837
49764 965206
69717 46807
33844 695661
26038 98955
64564 433305
18815 110678
37893 361550
17544 532249
35000 1034112
9300 864720
45857 669756
41255 648209
23355 819754
8419 674596
21467 902581
55287 36789
47731 777178
26882 856206
21297 519202
23038 869493
65339 655629
35000 1034125
2448 151082
66037 283994
53940 650134
67233 254763
23033 983235
62101 220271
12038 430718
306 796584
37259 389609
30275 963093
40854 917324
19105 165442
35000 1034138
30366 50011
51477 508141
63274 617024
40314 431557
51324 171770
47645 580828
47687 449431
41530 71771
12324 281319
49629 503654
51295 918967
37931 697920
35000 1034151
55492 890742
31842 322593
67509 960883
38975 623113
556 870072
9443 132025
9463 733510
47598 51095
63534 36913
1960 406205
27338 70778
1177 553980
35000 1034164
59898 48419
63076 697818
55302 955449
22566 936065
58846 752550
51123 298931
28121 499027
6698 101091
48180 797174
59245 161968
66675 253338
37435 593650
35000 1034177
557 195951
1939 838736
6499 50597
33662 961732
68447 345679
16761 874530
41604 218016
1772 991269
27666 394572
16546 368000
52441 593333
6559 826011
35000 1034190
67990 850389
15945 148672
15430 325417
61907 426892
51964 918030
22426 272504
15564 12895
36337 979548
33240 406413
30711 496119
2377 73492
20775 738832
35000 1034203
50404 69443
22306 773684
33032 20757
10161 984115
40609 123087
15797 589159
39244 983654
30416 850131
65279 518846
53609 737446
43035 623334
44142 276213
35000 1034216
36333 703678
10570 665075
30750 111557
21969 360042
68650 223815
45997 524714
50698 142004
38340 86770
41207 443938
54802 484446
53444 80104
58441 314976
35000 1034229
46810 315522
34565 155084
44422 343352
51116 930431
12429 525361
38647 85932
47496 371141
16033 620348
26227 302583
11062 447738
41684 410427
1194 53498
35000 1034242
42790 331093
56739 295505
568 749713
19221 948073
38542 910833
6540 496359
42671 428449
39172 373940
14673 261552
48025 724990
3488 193650
28478 55771
35000 1034255
16629 204912
6369 196458
10243 170472
57622 250598
17367 252240
35577 729294
52619 395103
24222 611859
15457 185424
9702 614953
20723 638199
42466 272207
35000 1034268
17052 639721
35508 888459
8621 47426
59755 729150
19323 561247
43271 225477
11129 116554
28704 89248
41531 952335
21542 31938
7770 935345
62166 198900
35000 1034281
1854 165146
54441 420073
63247 739740
27412 326166
25413 763065
19474 619473
15915 682259
61470 581671
55078 465583
38929 437582
62531 70867
58153 799645
35000 1034294
12456 905243
45923 879703
39365 815741
57373 416116
1017 322202
56157 913496
19303 996444
47741 302847
21911 179883
10134 953932
7994 618083
66448 233273
35000 1034307
62550 218050
8964 977944
12452 76512
11877 505876
45060 261296
27312 750144
41952 692551
14526 353536
14643 827818
34365 863825
26326 641222
21526 471142
35000 1034320
51412 711390
49168 662018
47075 121012
59536 943211
51084 370476
53194 667450
24850 640197
68269 751467
51537 257232
7078 287270
51452 804763
40555 893849
35000 1034333
51622 247458
64179 823615
15512 212974
33588 360352
60240 97335
9890 538315
53108 367151
6447 282543
68363 526655
45501 261479
64390 206424
58045 792562
35000 1034346
68505 284362
25990 616329
19556 277857
44216 857673
49174 447006
33740 399791
36396 452559
22306 940577
27416 954605
19613 219414
32929 327574
6560 174802
35000 1034359
55768 962276
5139 912571
31609 418067
32390 5217
40358 729486
7834 155534
39766 255350
4328 418257
67768 863390
40347 851396
15181 478107
33307 34951
35000 1034372
32737 472044
17613 263962
32257 398045
32995 297530
61433 182753
12351 381551
7754 800267
19461 577053
64800 385467
28733 272843
29241 99378
43592 184638
35000 1034385
16575 65185
58536 180305
67937 52464
54473 937608
54199 343667
3847 64868
48630 153864
38935 471399
60475 428520
23381 683386
22920 34961
48093 703064
35000 1034398
12378 595184
66066 885234
28869 445448
47396 354111
61315 838779
8863 593674
43989 446249
6198 836554
61608 225373
40291 994394
21164 334038
1240 910133
35000 1034411
55022 99311
225 175805
33182 75827
21059 112180
21749 884337
27895 833383
35186 425288
13780 213770
31894 975676
21007 759517
27333 999355
42540 110782
35000 1034424
56078 498382
55313 832921
31736 133306
56876 252241
55041 668023
54061 628072
28909 971045
48736 97839
62806 394104
47427 726584
20764 589809
54027 855317
35000 1034437
5590 79344
19607 176936
9910 128224
37331 201395
33854 699880
3919 803203
68793 781135
59979 344495
50267 513267
30709 820492
31745 939570
27629 200916
35000 1034450
63224 197958
42730 875277
9332 124997
39200 638483
61162 458772
19052 164397
45468 936668
40999 960869
36199 440816
52748 153012
21561 301866
20723 69152
35000 1034463
50622 435781
31416 849159
28646 181582
27925 610258
37574 668615
372 51381
33418 431940
29775 153316
68063 748926
64813 180005
18161 214008
20060 644410
35000 1034476
2050 948412
55072 755393
10900 978721
46377 285889
1329 923343
9620 882875
34341 602602
32178 907753
57886 510417
37905 814502
11411 22900
31437 953959
35000 1034489
15995 403247
8225 453378
26259 1646
36341 812830
28838 859325
31138 401071
17658 849250
40715 740811
63132 7825
2789 96334
6535 742172
47404 735877
35000 1034502
49363 299657
66445 186210
67235 932349
8313 19555
11915 68721
50860 536350
30842 16201
3558 16045
43689 25166
65988 665105
49062 873783
64088 961378
35000 1034515
8058 652501
19227 650498
44116 210148
56138 862981
25062 895095
51065 323145
22936 386104
9828 30753
24654 109872
37072 936957
38237 657600
13329 266044
35000 1034528
29105 302957
422 146430
58837 714605
50842 787909
40205 988666
34340 992115
51493 33696
24637 206735
15334 658487
47907 60517
12094 192111
17010 729024
35000 1034541
27487 550519
9217 979540
21256 786933
32949 526275
9424 985314
67613 241930
3272 248748
46194 940025
30482 279561
52210 95988
67725 612929
10979 984074
35000 1034554
12323 182076
18903 200982
30909 49869
6080 551696
7000 361845
59554 476735
9379 852890
34440 55809
66331 255237
24381 619764
35374 314573
38862 577721
35000 1034567
56726 499756
3113 677136
15663 696847
63794 702246
30580 298138
30495 583711
50439 319554
57972 751840
32157 481404
21090 296728
65709 79794
16147 854638
35000 1034580
47306 680179
40172 464114
28977 236915
35970 589737
6243 821266
55080 829417
62699 246411
67897 454339
68240 759312
31934 806707
16521 576252
65200 337076
35000 1034593
52028 70292
58456 488237
16453 586993
7901 130559
10651 86419
54679 656241
33016 69665
16839 223720
44059 52638
48441 458470
39504 834615
11343 820172
35000 1034606
26349 131043
22430 728972
3089 498092
20067 38916
25596 378547
23781 745839
12096 468712
59189 817061
19796 910984
42265 140167
5823 294234
3951 593719
35000 1034619
4109 757700
60100 193570
59650 718787
7094 804555
6986 85482
34666 163613
12189 208929
6699 522231
57134 8024
41912 173349
52053 726205
22639 69253
35000 1034632
68808 951026
9042 694283
60270 532170
57717 840358
755 965422
37259 387463
13300 32140
8973 428843
37464 697576
12121 301411
53366 261543
30875 452672
35000 1034645
7693 212203
56184 813787
16460 773123
39649 113164
24178 618560
56203 514476
39659 409191
54059 723652
59209 889235
61091 420289
21309 718205
66685 733339
35000 1034658
37884 521410
56703 275676
68351 875054
44068 366659
62080 175951
20601 270251
51919 421691
21450 813745
16785 799757
24438 367132
24594 429696
32658 56380
35000 1034671
55846 525374
21687 244230
40228 476662
32725 732261
21876 10737
41442 948783
65762 670171
36925 614479
51885 984893
24994 355895
52859 759993
65576 660170
35000 1034684
46260 401780
17904 474833
58399 992109
2161 693249
17354 701374
60933 509124
41263 728558
1188 837040
48078 509501
54927 231088
19642 35509
42019 216506
35000 1034697
43089 564924
64650 86255
41517 910912
66419 16289
19258 685915
56548 349802
44808 633288
1191 700072
36595 238156
60801 961402
51454 279991
69092 262731
35000 1034710
37043 4049
65611 306218
17248 528105
57683 374745
21570 429974
54192 158505
32459 560364
12667 37084
43046 931094
658 655377
69570 423251
35206 383086
35000 1034723
14436 40330
17363 233171
5420 231210
53636 595979
5765 275908
50805 262323
57319 591046
37727 679343
13016 299230
69907 562395
47113 394190
39054 430617
35000 1034736
44632 319723
46851 748660
26161 384441
62501 34482
24083 815251
6626 935752
48842 371458
4248 141988
53359 139066
43895 755502
48914 211380
51066 65270
35000 1034749
35890 700497
42097 972408
46995 93757
59646 747428
53087 111895
63598 148905
42207 876097
44754 909582
51281 622055
24914 546513
3574 506245
46879 922344
35000 1034762
65393 326473
60575 658805
17837 534930
5455 359503
12799 418424
53419 402250
14570 944697
17789 310199
33367 425072
40822 141345
19586 700340
68579 222179
35000 1034775
67340 170436
11268 217962
20260 75254
34017 493205
40385 700650
14893 173252
38532 202042
44912 656427
9367 193201
6859 291181
63309 305276
59843 420856
35000 1034788
5716 250588
36084 512498
19572 684863
39393 513002
56476 868638
13991 833282
9916 241384
33967 203880
21455 401515
7907 589557
66131 560871
62006 18434
35000 1034801
21543 601910
8476 647489
22270 221446
12092 712765
1235 979575
16946 77622
46461 293549
33468 938225
40229 630013
6358 49664
35785 603025
31308 27606
35000 1034814
35685 891569
66331 416159
9454 250384
32092 608991
8280 339395
35534 437912
29260 808028
49839 321109
31395 694520
17013 777436
35944 375990
10068 271410
35000 1034827
7544 510435
10145 367400
28669 348077
19787 804360
5345 780936
42308 118129
17735 648974
34411 114528
1466 961225
7342 14167
11903 583039
4006 898764
35000 1034840
13603 620553
44346 439716
20495 22482
68733 137463
46767 138486
47203 633514
4936 679333
2964 662332
18736 652496
64265 771885
67071 961813
18512 979475
35000 1034853
68010 904522
6685 491070
44611 854277
43327 172596
63233 679446
63198 32222
17754 402148
31729 793050
18796 902306
19768 315060
19176 52948
43067 252385
35000 1034866
13500 539164
66212 535230
43428 961142
21519 532756
2893 385827
13106 433988
18637 987927
32516 177449
2449 366650
52630 303137
18289 351166
65225 185743
35000 1034879
48945 470143
52319 118135
729 878575
38881 859233
56901 37913
67967 629704
12356 627908
65170 110353
29568 530680
48392 993918
60316 720295
57398 828102
35000 1034892
6548 566393
32317 44646
67517 440230
46487 776183
47187 630673
21419 820022
30690 209487
4435 984009
69200 702602
57628 638154
11996 786937
19024 994771
35000 1034905
67586 868723
26885 565816
67045 679459
5312 451867
66324 422468
3597 821948
30863 827945
2365 851773
23106 442830
49847 569238
28009 342984
63631 777177
35000 1034918
55579 499026
34510 742432
34305 915525
44524 851650
37395 883890
24269 631817
30003 841635
1369 607838
9182 932995
11735 139589
30987 637586
17109 365383
35000 1034931
62815 215543
9020 159069
5966 77205
48962 283680
55843 750560
25525 629326
14548 438658
34147 802868
45646 466239
9372 14541
17926 792764
8126 791619
35000 1034944
68321 320725
12248 154967
46786 862385
21226 322272
66276 915100
34803 47878
52117 314741
18124 987623
40535 429132
47462 891494
6340 689667
64786 463814
35000 1034957
5975 262703
65296 514201
68079 102635
89 125505
27489 128901
57264 652066
3959 968855
38654 366924
65316 399963
32494 896934
29497 107232
29374 358341
35000 1034970
10706 431872
42841 586225
19520 92916
6852 312181
9851 617705
33510 33487
65058 802821
44665 40315
15335 388745
40651 137871
59354 328743
6698 22914
35000 1034983
18216 430715
63935 330296
45815 992004
2771 864256
39712 944517
20191 980708
53426 935665
60237 238205
27745 52148
14423 900272
50542 261757
26068 766011
35000 1034996
4417 241480
643 63878
28347 595694
16490 719765
62908 430180
39599 98451
63214 253246
22427 379730
19563 27843
9352 811141
10336 908172
46778 806008
35000 1035009
13621 301413
24147 449299
41436 762762
65321 848713
11086 227891
44813 923158
12254 372428
26747 149137
62247 514999
56914 310539
52976 651582
65922 448150
35000 1035022
14541 164610
7867 506642
23530 418906
13623 746401
62812 401866
33629 577126
41123 13903
7076 647853
19480 779651
2331 423614
24550 132113
65036 524190
35000 1035035
28812 40856
26651 617079
68881 272072
10053 223611
41336 987830
41408 611431
56507 197938
66672 875486
44203 46738
26432 618514
19870 493348
61207 733422
35000 1035048
23974 536
46535 326321
57521 59317
25830 980728
24546 143609
65287 330681
35729 474262
25600 241265
53591 58620
38142 138844
42272 554786
47289 612777
35000 1035061
33676 533596
18218 592862
41611 388241
24757 368881
30652 257380
11348 184884
9861 872897
60879 837596
66793 319151
26766 38300
43539 3944
25813 537844
35000 1035074
66717 281582
38679 509296
36795 391943
38684 282493
59360 550097
3058 759617
17395 498379
47454 21235
264 636348
46017 150333
36103 396629
925 377925
35000 1035087
33856 673344
52769 874077
22784 161406
58681 421733
41136 51040
61179 822253
6325 519529
4713 50275
38019 425095
8469 218778
37916 6586
36295 158578
35000 1035100
20759 207083
3676 567455
43274 526297
22260 187664
59704 476745
58482 940800
40672 250717
33498 194832
19198 225923
878 575405
31113 498186
478 852748
35000 1035113
26536 478805
7153 863524
31237 955764
50392 583361
33785 171406
26281 797117
21444 482855
41926 483126
64221 906688
31177 532215
27386 926824
3845 446297
35000 1035126
64756 153607
18719 592851
53697 848068
69300 772725
58305 776011
60994 547745
20063 670912
57437 821197
42005 826084
8309 79371
63251 929126
17779 118004
35000 1035139
40336 832748
26502 732950
2623 193531
24165 180083
42089 444680
14573 336674
21392 831576
13966 465152
25162 944502
65038 783293
32578 20325
37541 990951
35000 1035152
63566 227206
3196 825258
9853 996251
42948 19644
21048 864278
56598 53060
52632 563229
63165 194051
17775 636055
45733 927209
7022 682779
13686 52068
35000 1035165
64531 856197
44188 207903
22128 923777
17993 61694
38807 926875
60567 452052
8577 464653
16904 84521
5572 318445
68817 439043
16740 220207
11305 643804
35000 1035178
36659 814376
58646 61666
59204 700887
687 749905
16665 182574
29113 162267
60438 497970
21952 203259
20603 524528
66349 302531
31944 480592
66205 51078
35000 1035191
44581 337681
46932 118057
64877 956530
17714 662528
59178 257871
20021 337808
18305 42439
48737 803755
13943 949140
35951 635058
60609 507325
67377 575275
35000 1035204
17053 656994
19392 513808
53305 667634
29489 729688
22874 963487
33502 580764
52949 295456
5329 196224
16800 909422
5835 592650
47598 413915
2245 569696
35000 1035217
36008 645596
15309 742305
64160 296210
68522 318446
1201 368156
20745 596492
34361 736316
25241 165886
62239 796366
63055 170404
68456 821834
19841 618184
35000 1035230
8541 211234
58490 554841
11389 411702
46214 779579
22944 951448
11244 135470
25448 730928
42733 724446
68330 927615
35165 401926
56930 748190
24323 511576
35000 1035243
31867 763356
55495 567614
7238 917317
2731 911037
57320 964724
68328 784965
58372 669235
57314 716753
44059 645672
67578 814194
37650 659471
17033 564072
35000 1035256
44254 325278
6436 598844
28449 50096
54523 907499
46316 891343
50642 369330
5778 837345
41442 25085
65794 66202
9799 518799
20672 122125
39678 335618
35000 1035269
3178 152537
55392 122287
4483 725069
51600 731649
34945 214907
18952 361764
42468 299534
59362 135252
12824 839769
30277 872936
66196 951945
60839 937325
35000 1035282
17364 854566
16295 532200
33406 774470
2739 210468
39830 670128
25847 24009
13779 511057
2667 62915
42284 991048
7165 919628
3528 720051
37949 438682
35000 1035295
52291 260006
41758 844028
40678 643533
48215 577677
16143 829448
63519 52706
46859 527295
7001 162191
49119 852483
62703 957727
55916 819743
29643 598091
35000 1035308
24252 248927
28477 375294
12970 418451
24103 393052
40307 638598
63101 348238
40503 590747
9706 706363
53947 337790
21379 592872
63717 208325
65759 411981
35000 1035321
51038 151241
3943 28573
22704 591582
8251 258902
67648 323905
13532 66081
2545 497903
42982 713586
29704 696793
64905 56050
27354 507683
53451 687671
35000 1035334
55266 922253
28861 794062
27889 962144
17269 671407
21484 395520
62501 797630
18535 810696
51193 632300
14467 198570
58599 216906
40852 149066
20059 407559
35000 1035347
52922 760253
41503 132107
52673 182475
1094 340014
44882 475295
6820 748124
58993 721121
58854 465074
20102 32697
29097 778418
47604 855087
18917 194547
35000 1035360
63424 559407
20216 10265
18392 313676
56681 580647
52694 339890
25372 3895
6203 831979
3852 155655
43388 233683
17155 402910
28044 739299
52140 411699
35000 1035373
31245 953935
6954 570062
29249 406850
50353 809545
39425 534213
9862 648164
27673 816598
32656 313525
23367 645285
58034 78996
32454 814995
62001 619038
35000 1035386
4836 486801
19490 110640
42398 735469
67094 194440
26626 609289
13929 446694
66881 140668
44267 645694
40622 25128
53689 792718
66352 72886
29487 452277
35000 1035399
26593 164006
1079 687278
44601 724648
61200 847941
12469 292526
34596 509938
62401 736889
35666 778964
55455 982557
50454 842809
27853 781735
16990 730835
35000 1035412
69196 286044
39418 834338
49675 820844
53399 665384
49365 290143
46383 360536
44798 744706
40964 655660
8520 281020
26701 232892
13769 207055
51495 745025
35000 1035425
59383 478521
51776 219870
32737 336555
54254 155918
26245 289232
4122 72969
35710 566067
11589 710185
25049 477378
15529 196253
60594 385794
44486 189885
35000 1035438
31343 639566
47233 888236
52828 749949
8866 978408
62273 639512
4854 92465
12854 798947
52294 82066
15766 919484
54990 521857
39228 509354
31264 8141
35000 1035451
60006 772929
3812 200200
44915 308435
6142 764677
32053 551730
17163 596167
25245 420285
33649 959176
7176 485355
28789 239616
6197 541844
12272 136227
35000 1035464
243 12752
69874 202377
56151 149666
59350 953872
7922 891524
22426 897136
12981 200868
61093 719048
47550 401510
48911 73487
2875 407401
12011 608282
35000 1035477
65287 981771
67435 720025
21172 137602
24927 892863
55437 536278
40672 496807
57329 498859
37923 374551
40894 748295
32170 282659
12246 315264
1155 673050
35000 1035490
54269 808359
5088 753931
64340 594911
40212 168826
33255 298326
30147 428578
63705 652961
6586 330145
43570 305247
3266 458351
32048 611084
10478 144565
35000 1035503
513 765247
46325 712969
35156 283831
63586 866732
47556 430123
56382 744437
14330 317497
37195 406273
2357 736227
34388 272346
9916 133992
2823 203945
35000 1035516
57660 643486
33037 217202
49145 461666
58575 131865
51896 981380
53711 482897
6802 225078
19848 298038
22928 517654
15484 977381
44664 353033
12232 291185
35000 1035529
68367 543331
15096 480999
8477 179052
35595 411572
54433 990408
41152 551224
23293 699074
13422 149270
24277 103260
32562 627764
65669 152182
24549 910510
35000 1035542
19462 739818
57760 435574
8806 24391
50077 708937
39394 944772
8904 595472
50155 160741
66678 821836
21422 935125
15886 379075
22379 195769
53856 966753
35000 1035555
14838 891193
34472 456873
41815 520352
27477 301325
42196 464370
47448 357089
56558 995239
6915 536088
39554 113224
9650 625200
34355 597882
57381 35286
35000 1035568
58235 665707
53738 761753
36754 601594
21671 122931
59165 444585
66001 40577
4982 887560
46357 58657
34306 594485
63503 961618
18215 947623
43605 137480
35000 1035581
67406 592369
3342 325616
49410 572448
65478 188513
53162 160203
22549 663432
1395 473842
28188 985947
53642 764739
4087 968091
58391 267801
68060 138715
35000 1035594
64784 987247
32992 60961
53961 294601
35681 977486
54660 487427
55061 311565
66031 648021
29557 962526
19391 615494
35863 937683
54155 514574
4857 886648
35000 1035607
33223 85167
15732 326689
58931 786709
5171 650801
41746 338088
33161 170470
11589 466590
18805 389835
24845 973419
48122 290990
60061 854425
58046 487501
35000 1035620
14219 215494
47310 251632
47092 72089
10424 869017
19852 49501
24627 609523
46658 831009
69216 983338
34022 881570
27192 153850
53285 527896
25944 988352
35000 1035633
14929 225120
26013 926056
34066 990815
14638 22650
588 621230
47358 71392
49339 705433
23578 811726
62919 956343
2966 183943
44096 108674
24727 336346
35000 1035646
18152 320489
47405 522711
30121 236288
16014 868039
11270 687542
67055 487642
38579 725244
57351 506164
17470 120471
53511 94848
19554 283239
26552 114336
35000 1035659
26036 157615
15030 8131
66304 39978
10160 137496
34732 770326
68617 505015
13243 428631
43768 483468
53790 736784
40089 254234
55269 972930
27950 581278
35000 1035672
39392 193094
23915 528357
57263 36861
31578 698539
41134 941636
21642 467027
11671 594754
27955 262816
251 240966
18452 611174
17996 57344
67061 898767
35000 1035685
24578 554230
38599 60730
7628 958531
69508 67277
36050 534279
26616 126993
66913 699801
26681 546290
24519 297957
61267 160905
50241 440365
20245 693294
35000 1035698
59586 195115
59709 659038
21023 196869
25592 940
6285 544428
67270 355604
62655 750040
14283 454290
65524 229897
26599 54298
32636 803035
62063 627285
35000 1035711
55284 788681
38023 211201
63684 153299
53967 302631
16085 345686
68236 586008
61102 471787
50844 673232
39706 583473
58401 133005
33950 954826
7262 405959
35000 1035724
60940 499494
48455 338273
34583 503217
14267 557555
47958 618584
14865 861891
63407 575564
21363 836897
50238 580927
29739 380634
50765 987284
4402 482816
35000 1035737
26483 462076
17056 574324
53396 249067
23794 816237
10446 569505
14910 250355
27812 149188
33464 641946
26930 3036
40521 402389
68420 714811
56404 988497
35000 1035750
33651 979920
67332 810123
1217 611752
6222 665448
59353 363330
27242 362204
20800 601466
65360 467992
35556 21264
19569 570785
39101 666580
13403 370921
35000 1035763
49902 3816
38618 883287
21924 574883
21251 915801
56548 714560
3870 659058
39872 139613
26719 650469
55422 385728
69252 979463
11600 691960
16993 275706
35000 1035776
58553 475961
18730 719683
68991 773467
21340 880300
56630 152180
5348 45093
13393 654948
20208 884207
29023 441185
25139 630602
54685 396146
59055 795998
35000 1035789
45776 756295
27768 518719
69047 117176
338 507175
62529 349221
17913 451535
27714 367444
62605 749373
67294 843592
58533 163668
41353 690699
10054 906220
35000 1035802
37694 167647
59987 413447
34146 167650
20958 985618
8424 321757
54254 266911
33173 370924
1456 940112
10778 850884
2592 339755
7118 951574
19793 842734
35000 1035815
18725 954815
24780 277706
7281 210270
27546 71271
23709 87820
8807 532876
32612 235675
15225 181495
49564 710255
64039 840043
8955 701618
66515 733224
35000 1035828
10014 987171
24049 843802
18932 203288
59819 309666
45167 153356
42843 90502
12564 144190
14023 992949
64811 439969
7500 937707
41070 572822
16710 379163
35000 1035841
66519 239030
14074 367871
39202 744952
35266 189379
34979 661426
9102 462804
22813 278290
32541 119767
20691 507588
66332 161288
20020 505005
31099 95692
35000 1035854
31399 911422
67987 396727
65316 447110
48452 581267
41395 927281
15911 270779
2374 512847
45906 506872
30916 86613
56355 464203
9469 749378
40027 627600
35000 1035867
35500 648637
22898 402156
24822 116664
60172 78012
18191 787219
15358 668365
68861 857189
58320 454390
27078 732853
40080 256447
68520 578799
66730 65895
35000 1035880
31221 673384
56618 723103
30856 897490
65346 980841
3985 376581
22849 835646
46457 369882
1766 276165
18757 111704
66098 332697
9941 654860
31622 23263
35000 1035893
69166 124840
23715 689693
57989 689742
46514 202760
21841 181020
28836 770473
14594 133832
43790 144560
58941 128438
41762 803781
41851 483175
63315 332281
35000 1035906
68055 166271
42079 750404
8913 949763
45989 74275
66754 243179
51722 32211
57421 66732
2744 544190
10653 700742
63596 943896
2480 668857
5099 157990
35000 1035919
2466 971366
36527 537633
65882 91376
15099 972438
35251 206136
43222 823678
8052 752882
68099 904106
38467 646392
13173 270879
60741 312518
18962 769216
35000 1035932
45316 180740
68986 245665
69343 508880
16797 362097
58877 753574
23912 697721
40797 647096
35056 828266
13735 326019
8606 675445
1670 53525
31628 898698
35000 1035945
52616 74989
53186 832419
68652 807576
48187 553175
59701 892905
47633 848814
20627 281187
69769 973919
60690 661559
14695 919551
1922 798249
17022 879350
35000 1035958
22771 273231
20579 384627
22641 595633
8391 285818
15733 289310
65640 432409
12722 368933
25544 980422
58149 101920
49239 185067
58804 885860
38838 961178
35000 1035971
21136 340605
38151 249725
67615 213520
18991 903861
46175 971639
12115 251984
9997 268263
34995 29117
6490 850689
60490 306757
59294 971935
52130 767908
35000 1035984
24808 679668
7390 176550
14665 438746
14774 441853
11396 61368
26440 67521
39699 13409
61030 75229
66548 569879
21412 724342
56104 102164
16369 552500
35000 1035997
8376 951528
67999 123309
42616 763587
40030 405230
4730 576796
17640 834437
49167 957876
53885 670710
3553 843164
28827 118780
14321 681280
62078 297776
35000 1036010
64326 568873
50893 780964
7846 71551
67655 994695
63448 397691
22983 188336
18621 831674
35776 293055
65352 295753
68570 98615
59773 595823
19585 99195
35000 1036023
8600 749749
57226 609999
20073 845800
49359 907344
47722 891180
54819 360953
50626 440120
38039 499707
13835 509769
9427 140865
25969 835530
34825 662295
35000 1036036
28698 491348
21919 523248
33142 144258
5192 303196
31233 757077
38110 283772
734 175013
39543 433760
35683 386297
11523 409823
26580 595247
59379 961223
35000 1036049
39367 926455
49194 567378
35210 447688
60651 722014
59811 76971
42441 226473
3805 570972
55742 177747
21867 10772
30681 668908
2195 763012
44559 886679
35000 1036062
65378 263906
48108 139748
56436 448460
59194 807679
60686 388057
2875 29093
49814 100156
66618 13439
69890 430729
55834 461244
4789 73612
6008 152962
35000 1036075
44076 339117
54057 600694
9668 392470
48184 449767
26187 967822
53962 689833
50554 865576
9076 258082
13157 102103
9338 831563
6081 651318
61355 724618
35000 1036088
25148 882541
41285 420630
25537 936160
59415 914682
44281 687229
54157 510234
10288 977034
20562 440995
611 915041
29057 440532
37848 344150
48675 495092
35000 1036101
22518 449067
58467 27009
36832 373769
50379 177400
32476 263219
29916 994154
17953 292481
36455 296995
32402 887703
18060 124158
59409 369905
38250 231238
35000 1036114
60285 89953
64990 339291
62240 280975
5944 907488
41233 556581
39117 999164
48614 537386
39781 173354
63665 806398
52691 19737
44446 786843
68702 932684
35000 1036127
27559 695219
19971 763562
40574 138985
17066 569207
50139 680863
888 847644
47499 567764
59377 239683
60007 806312
6589 520269
54169 368648
45630 289701
35000 1036140
11145 28607
13982 320938
21137 116295
17960 786433
43947 400838
69127 922784
30303 336184
21746 897228
23415 113123
2424 14130
15189 367933
67195 607921
35000 1036153
22623 871424
23022 766418
11074 143395
26615 297895
2479 683366
55123 650478
2816 976174
18161 299478
25783 862016
3617 168795
10351 449902
65494 25941
35000 1036166
41078 782655
68510 7993
55181 728844
15889 155277
63735 798471
47762 128639
21604 741501
59956 111184
65912 967031
63466 506904
33347 573023
42657 711413
35000 1036179
15750 690139
57489 131335
69706 982952
40168 724701
34294 128396
19446 307399
35795 366202
10759 489464
14740 789133
32033 630689
55802 540435
56196 804955
35000 1036192
58526 849406
9843 974892
6394 360428
59720 459810
12523 737777
14235 504548
55484 833734
29573 634881
37954 200741
15807 697405
36328 710650
66280 440395
35000 1036205
28841 420096
9006 470252
67153 737718
48114 625370
54952 568785
48701 339819
51780 902844
22461 947026
43122 462375
12737 805835
5773 446736
27578 308087
35000 1036218
39076 590294
38173 767641
28808 635765
58879 635207
46579 509320
8329 982242
12038 829296
39264 151688
66100 488061
853 460990
51974 871427
55048 623042
35000 1036231
42792 725538
66109 924001
43256 643640
49632 485238
9306 787643
28877 202075
18397 701671
39806 110262
59408 909999
24464 321301
43251 27882
29506 400227
35000 1036244
57303 511018
48326 624076
53908 119572
66379 773019
20350 14259
575 504982
42892 205703
48317 757120
36173 537406
37117 617114
57476 2443
17850 943418
35000 1036257
10380 522143
59897 717621
49769 44305
43219 596500
39209 785682
28927 129533
54955 180853
36176 861612
56600 126251
1830 747245
54586 936896
30703 802845
35000 1036270
33808 392009
58924 124864
30110 1813
28618 390668
3110 408633
4482 812007
60275 107846
41128 272283
59617 749150
61150 336707
24999 322126
36424 855590
35000 1036283
16967 70859
59281 456226
35408 265380
54714 844231
50260 693488
11159 951413
10315 728343
25308 931923
47729 702904
56873 129449
64743 610438
10198 408408
35000 1036296
3794 260084
35913 727128
18195 159518
15908 235030
44019 716310
30378 443710
65914 981641
40355 624082
20111 894399
26790 834150
34677 773530
31514 791124
35000 1036309
62458 853904
63988 18019
48239 496574
4043 983810
1909 176726
13884 302301
14343 824369
12879 555432
7001 79868
66207 563623
2390 411359
18212 264096
35000 1036322
29610 873363
7464 190312
44357 752521
6621 430473
51373 100630
31548 120214
12565 407703
59166 584369
24506 545516
12527 582543
68484 357198
40034 548434
35000 1036335
25037 368471
52458 87490
428 872776
5376 156983
23775 403110
63039 813617
23613 773097
37148 277491
7764 856290
51410 594531
63389 852933
50011 917169
35000 1036348
21540 467647
20859 56160
39588 116637
987 235255
7603 554814
47284 295807
15681 947298
42647 896823
25699 401553
65359 646337
11563 536594
45047 784847
35000 1036361
37218 127654
10983 341938
39399 232383
16417 217938
60275 138305
26137 637498
43177 29658
25844 246969
7978 431719
52821 525553
19913 182870
17094 544439
35000 1036374
988 960285
59694 911092
40228 943183
35076 35426
138 47464
805 29215
43285 521633
33045 322363
53550 343057
30105 437268
49467 312815
54443 900588
35000 1036387
5402 126455
14566 143258
33559 166256
34969 407771
33936 96582
13761 32528
20895 321954
24943 838823
31418 732186
57586 186804
12336 378499
26285 646072
35000 1036400
37046 136622
23238 590655
61894 867795
55365 177203
36453 612768
55694 720027
18651 376085
58270 444776
15676 411883
52176 305096
64903 517474
20573 496981
35000 1036413
64825 984570
41835 651492
33767 934238
38119 483266
39027 267242
33029 412127
67491 506710
15221 580793
67292 958797
14568 735187
7837 246958
5340 836774
35000 1036426
38067 805818
30863 315708
6027 280822
29341 738557
45672 760837
56860 189578
62089 245945
12446 603194
35464 2912
4648 197425
43912 828892
43423 54209
35000 1036439
24756 334099
23931 290074
23433 437475
22440 704379
37950 657083
27177 44352
35114 960045
67212 322653
49127 172755
10647 621478
6250 680901
51572 265978
35000 1036452
69372 989760
4346 693702
59295 207982
47488 233950
55085 999162
16496 601122
43727 508115
3845 832355
16284 724573
32584 204404
5547 963052
30957 466211
35000 1036465
16438 143738
68970 140180
23827 43407
49877 261157
59243 417406
41168 875732
30746 509342
35574 612654
65475 78745
15549 994979
6781 46170
23917 247894
35000 1036478
38583 524398
61145 822407
9408 961597
56783 371314
3685 239654
18605 819200
3712 189613
19351 846454
22445 982750
28531 417315
12827 379999
42121 870552
35000 1036491
24590 692775
3990 27702
30659 647407
4954 751551
61405 636637
46172 808381
63464 227006
46749 446524
25977 617935
12183 388682
62727 56720
36206 653360
35000 1036504
31252 550336
33232 321764
6123 177144
24187 530362
5329 417579
26833 434498
28019 642644
19704 321645
18470 865909
23572 54439
6275 918647
49311 240441
35000 1036517
26162 74537
21000 282322
49629 307063
39885 23174
45515 422525
53885 836954
10879 47687
46520 401693
60807 157548
56888 349224
1617 993080
2214 90254
35000 1036530
55984 208698
63271 772206
3247 467431
42095 22625
61538 300347
5759 502222
59795 292192
41301 703862
13750 200575
53896 10371
11813 56148
42834 601882
35000 1036543
66937 470694
9470 523554
41436 804763
33011 915487
38705 508749
66014 418614
62228 364681
39199 369018
38237 404627
34194 322465
18291 708085
44669 44793
35000 1036556
24975 823135
9558 303857
4885 48379
49669 431863
44635 61928
6304 239575
47280 427597
7993 174647
32244 569936
1997 264643
26038 629411
49256 467384
35000 1036569
31289 271306
65637 923896
65429 355282
37263 744369
9662 577926
28588 726279
23671 386902
55130 420787
19874 529868
18679 824072
19847 551056
43652 944221
35000 1036582
33828 253531
31534 764834
13426 140375
27369 455450
4834 833659
43953 201769
5014 328098
22957 639411
59908 696973
28914 766325
45981 586578
27137 827069
35000 1036595
16000 546584
67815 456634
64838 467999
13975 193199
30218 226965
69947 924160
53356 127123
40811 632443
66061 21890
46421 155057
64275 237319
6797 411064
35000 1036608
10031 275044
46240 184149
66248 29537
16454 702194
2707 475641
10134 217729
5787 806596
903 424796
30910 198459
37404 291962
34772 63419
45613 851407
35000 1036621
33787 117230
68270 683696
14774 997628
23334 315842
28575 73520
19782 712476
22008 508284
12978 907289
60089 543888
12464 161032
41462 424846
29859 107056
35000 1036634
7459 572165
23875 655052
56178 26823
37180 641442
14980 20924
17525 942533
35099 566911
66573 922586
2908 486750
8723 616090
45694 154802
13774 855222
35000 1036647
14079 359764
20108 890039
45680 804126
59885 791776
68086 924984
918 427780
10061 601339
53961 679629
13857 386133
46355 554921
58929 499590
6906 141201
35000 1036660
30036 900420
67328 974282
59343 911064
44590 267736
63933 702507
46379 309121
28734 274501
37232 255872
57003 603821
47802 574146
57462 985410
51057 433893
35000 1036673
64317 355452
2394 341452
66846 632939
37236 704553
52540 467972
17775 562247
68377 235000
16573 898281
31802 661016
23520 979086
22393 551100
40735 572611
35000 1036686
13766 677151
28559 779092
26007 8284
40654 455398
35815 736901
66448 957982
47627 296922
41099 408426
25574 642425
921 612550
42952 723749
23567 648154
35000 1036699
38531 36043
20069 707108
39254 863850
4274 335832
11839 810777
63457 356673
35747 582042
65192 206522
23087 304925
15812 371415
39907 590979
69749 591321
35000 1036712
13934 484489
59417 791999
49434 696754
45174 487570
38788 668308
57163 352505
60284 425198
798 96840
69933 341762
33000 242892
20515 418811
43331 952038
35000 1036725
50172 425218
43569 895281
44078 794482
5853 470627
8419 93700
36177 561016
32876 166950
60158 922442
42248 92657
44490 330803
58300 369799
47617 960528
35000 1036738
17192 348844
15637 661359
22612 84701
51194 93650
2691 856833
66547 358646
17237 25980
2909 615423
47564 577454
62381 494945
53483 298003
41447 448417
35000 1036751
58706 661737
27871 423946
53444 897142
58566 13779
14761 547480
60281 853117
7199 8394
69151 393031
32575 902044
28510 654169
19865 641894
63879 496006
35000 1036764
11132 953237
22279 397651
59882 206323
22893 841790
50229 654054
44496 657322
20271 443245
60192 503589
56009 921017
6005 890274
58594 834760
35178 186115
35000 1036777
46919 968610
58083 375971
5056 71143
36657 682221
34117 340928
51038 802025
1828 239034
55884 587072
68894 671501
51577 380954
66044 983320
44534 470177
35000 1036790
22563 76673
21629 33523
35106 151293
43 457582
8393 805028
65526 344573
65772 391289
7984 14173
3349 780384
4149 833774
19234 397005
59234 669850
35000 1036803
32120 729778
18607 756448
4439 146054
410 184589
29568 919861
37924 340592
47820 251997
28530 856337
16698 202748
6643 996688
22561 128296
33572 193721
35000 1036816
26270 552519
68726 282416
37025 780284
42651 583406
15288 375046
32015 601122
22046 156166
50657 329940
44358 938080
11512 686721
33635 89940
6110 170069
35000 1036829
6914 77201
20558 943947
69501 225495
69369 791951
18944 178257
64777 840591
46476 974376
59222 130765
58861 932479
12603 694603
28891 571713
37861 22911
35000 1036842
48951 674601
51523 843857
29318 50248
65578 676099
26276 331969
18644 435949
36376 354706
17482 562729
7886 737280
17658 858711
55926 514814
32356 674307
35000 1036855
9569 186189
48178 419752
39907 285334
23703 831269
65841 615884
45724 749761
55304 470150
69817 413753
19142 430671
14171 616488
58040 378075
30401 357983
35000 1036868
64682 734642
61522 171381
11636 262823
62513 879597
16442 787591
22816 233313
60439 224505
264 311651
7677 37097
35657 503165
37121 154694
36267 105830
35000 1036881
31588 982409
7779 430637
40996 786335
47388 76599
52539 654191
32092 407954
17633 846809
23836 789845
1412 458444
13245 10044
52661 380584
32810 485888
35000 1036894
10214 876211
17621 219778
45524 246486
43910 916668
187 27368
58462 727941
67284 173361
15863 929697
62887 44037
46035 779230
57630 552074
65841 605619
35000 1036907
13204 52183
1162 82078
44826 757108
55202 114171
48344 281514
66067 631353
57484 903786
43795 241424
42012 168461
32815 157674
38338 981164
69652 735613
35000 1036920
46705 800260
24280 253029
63391 206026
28877 592378
11430 145272
27219 979032
29576 391288
28168 102438
1229 59845
22690 548631
40937 857387
52995 323584
35000 1036933
45573 291838
43702 516187
26731 741400
41068 647072
17540 613048
41902 206078
49478 163494
39191 287109
68964 259541
46992 601607
45056 864217
35187 974681
35000 1036946
7533 436093
31839 825456
9038 507481
11439 749049
21287 361952
19911 44056
35105 529763
64546 397465
65476 452816
44847 834966
24017 502491
57353 734440
35000 1036959
24686 150897
21451 585059
33833 816389
56253 715179
31536 224574
31878 581927
41041 574392
57825 435446
7992 633656
27643 196590
20632 635464
29355 603052
35000 1036972
18529 643660
37427 315530
68928 293006
69116 875996
61272 473403
4940 856542
68829 209575
12813 982603
15499 678882
31259 118144
53958 829445
17825 173895
35000 1036985
40144 531328
27288 983058
46427 593247
59345 901937
57482 775547
18164 393743
1942 940396
20842 976858
3151 422723
31232 251128
67638 778504
15744 769795
35000 1036998
47269 861072
57639 403977
3282 668092
10174 130629
14725 305724
57449 999118
5215 685302
55677 338981
67956 306083
16001 826370
26135 610944
6113 506903
35000 1037011
12326 359917
19463 352475
46037 779422
53301 301888
53511 57451
27580 61828
53787 157262
59335 879152
43522 58004
58898 877142
42153 883779
60862 121420
35000 1037024
22948 198430
6301 625769
33681 939833
50454 693822
42247 19363
27147 829913
53934 613033
57907 301617
44617 747388
22569 40250
17612 365601
10405 425670
35000 1037037
30440 284101
1294 977833
62642 47328
10701 592421
18132 594428
12000 135480
59074 402509
48945 925458
20325 85169
6493 763612
21260 833012
58165 594123
35000 1037050
56912 75619
9452 640813
51947 302335
62324 787101
16269 381310
27679 49687
6449 839398
67612 552946
2251 375794
30477 550657
37154 974573
20271 285122
35000 1037063
10098 748086
12713 960945
8968 6226
43400 782352
33544 305851
10729 21484
18958 601558
25638 273835
40469 534653
52912 281650
66120 428109
66831 581680
35000 1037076
2270 833922
26029 652634
59960 19332
13640 128998
52776 790818
13001 383246
31177 350796
57697 442604
16207 645030
42461 642985
49202 569189
48955 947980
35000 1037089
18654 571470
55387 962838
51327 35955
14959 422575
42856 984425
50026 278392
49961 751985
52133 75833
35286 821972
34160 573763
9318 49029
44884 913318
35000 1037102
19097 86336
1252 884762
57820 670576
26112 375400
14825 646109
25383 533694
26965 142517
63009 311438
34147 310283
35115 819606
171 597687
67394 596104
35000 1037115
16149 650351
16632 823
30576 3852
8751 791805
62362 741299
48157 731429
57542 916361
17877 727052
43662 626438
1459 845501
34965 435604
64763 353777
35000 1037128
27112 980433
65223 332877
42286 263184
6830 784947
26106 313360
2457 348440
23626 350218
12203 186177
54086 812532
24281 217211
21991 549291
66618 891931
35000 1037141
28977 107939
34105 199760
57858 565641
51437 984769
4984 137725
39662 570215
47335 10477
3422 999239
45743 737116
52216 328713
18414 347122
42157 384462
35000 1037154
297 613391
21969 266155
43306 121227
60566 295999
21512 410119
10835 105434
52253 949684
34104 658686
58718 536956
21514 518727
39725 831029
45559 200015
35000 1037167
32507 981528
742 201801
39540 411304
23228 902400
9177 890373
50479 200154
33650 475840
26849 529028
67666 414269
9337 593679
51780 428053
35015 93221
35000 1037180
5821 51979
8961 847085
36073 913
37284 745960
30156 432008
65504 373326
65496 811446
32187 956791
33113 238478
52362 111983
25587 80111
55383 856159
35000 1037193
35271 355791
2732 735341
60085 26954
44418 691561
53150 460599
48347 189920
48061 127793
28793 80495
49217 93706
403 33063
49243 674829
64203 164763
35000 1037206
6011 989330
65436 90770
35465 54068
21582 661636
58155 806175
59836 905174
55779 232285
11178 497952
41346 680728
49155 412967
34536 422862
66340 318114
35000 1037219
66068 243250
46392 210374
54094 999269
33614 585841
49851 618776
57311 425551
24472 986033
41733 811861
37985 421603
6474 625390
14280 530427
69223 783523
35000 1037232
66195 832845
15075 993069
3274 531736
20786 17478
47198 920443
43839 428427
7490 939751
46840 879980
26312 694726
37088 413753
36956 689838
33773 710401
35000 1037245
15164 151144
27146 596469
66287 709519
66686 117722
31914 71477
7972 528929
3162 959557
2368 346399
47298 757437
64621 348847
15901 418270
65902 984719
35000 1037258
67658 766146
62273 261077
43911 720013
60339 250502
43600 375891
19491 902380
22770 600586
46440 63780
10269 812378
54233 273854
62771 914816
24333 339685
35000 1037271
17610 98069
12318 574217
22074 377143
20558 457957
58088 30877
57714 992481
18257 890605
12151 935659
12610 846121
20120 769617
41122 147963
402 765842
35000 1037284
39961 488910
54000 666590
40659 711154
25017 976434
36122 669451
56168 243048
29661 11562
18149 288587
43517 662178
5011 529481
34666 346015
20589 352134
35000 1037297
10488 147757
38800 865561
53287 353743
31916 378323
52464 865960
34059 357515
66104 612503
43836 461079
41186 151497
66954 907261
9025 567993
38427 781248
35000 1037310
60403 569865
9599 100275
21578 129769
65697 482013
59030 883964
36671 494900
18394 318504
34843 326158
65184 100442
42590 133309
155 662233
34370 469772
35000 1037323
61957 383166
55109 477826
31929 734032
29440 464164
21736 746911
32676 673598
66205 70735
41200 923632
33307 555964
10322 978706
62542 709733
56830 114960
35000 1037336
32160 662944
37368 542171
32586 485401
35391 400874
31435 338055
11750 766094
49095 366565
41512 675261
28315 14743
4985 353062
62901 25493
50322 914866
35000 1037349
20294 22927
29296 939445
13560 946952
777 474758
4651 987988
3547 456960
46801 802124
36876 417449
10336 886406
37783 104799
17899 19713
68404 786613
35000 1037362
43425 948830
49326 724746
67024 604891
17771 569453
29011 659790
63749 123343
6246 490030
51841 149578
411 790189
26721 457608
44745 623169
42674 32472
35000 1037375
48675 426273
58539 286731
48444 642730
43960 729386
50793 350059
39663 852537
56157 50440
67045 798312
5458 332033
32497 367182
41345 988387
56179 694308
35000 1037388
45660 458924
41380 961271
66020 257516
5923 236878
46752 515905
18779 805182
18081 45598
39691 578799
527 294474
9241 651050
38162 303750
36057 894740
35000 1037401
37326 719831
50425 296620
12279 402856
6877 594667
249 202311
46422 202775
17407 201164
52580 367021
38997 290364
51129 133648
6979 330329
34216 531871
35000 1037414
7153 113096
57538 45092
60056 454457
32346 556147
15127 104985
54371 977872
26309 107242
2832 657124
67468 406844
10697 30843
18523 40294
59090 838653
35000 1037427
37544 245053
62673 13897
52466 698397
44947 337762
34555 692219
65546 801802
10882 598609
19056 808167
28266 175870
61143 843112
67095 761590
65673 706931
35000 1037440
36676 134523
59379 195560
25195 191530
2278 331527
39075 666759
50800 267918
19847 379892
21368 944677
51488 834940
53901 173527
49651 158662
47372 728585
35000 1037453
62182 351613
13860 498242
16966 538234
68372 608453
15947 971518
27441 126956
32684 304138
7040 198336
8568 414373
447 593200
36823 117673
41928 601511
35000 1037466
54326 5410
4932 364168
39411 637955
57943 871185
11771 774718
48176 994371
23227 240837
69216 668061
21726 431235
47670 909521
46810 214510
46419 674376
35000 1037479
62193 764375
66730 327505
22938 21767
25256 843454
62001 700016
68671 268782
27657 383938
21596 307486
50637 205887
55433 247692
13575 601404
2713 341189
35000 1037492
66540 627160
64687 656807
20252 698019
35243 541692
30175 850542
11848 24780
30106 486974
45310 200151
29434 299869
12773 247286
13932 168469
56911 761688
35000 1037505
38941 672302
64048 672694
49772 558314
41944 316267
62710 600787
41706 899261
10033 265899
872 151592
11624 269163
49160 223010
9579 132069
57762 438260
35000 1037518
51559 932763
66413 297076
35435 203488
55512 364384
68356 920145
31927 144828
48580 662433
61989 567598
37879 145177
3395 920944
18029 974359
50045 192698
35000 1037531
63204 971758
50761 904766
12567 67044
1685 812266
19450 929282
36620 937326
463 355
1009 110332
23694 628503
19307 628819
4685 397643
14091 486109
35000 1037544
58303 954996
62120 383019
49516 953418
50430 612357
33103 475021
35673 212692
8552 928850
3799 372801
23861 34293
58711 299243
23535 709588
7835 636481
35000 1037557
65323 513300
47844 698024
45483 737173
54239 495864
11242 575152
28637 941934
64305 56414
51754 727262
18476 515366
35238 338873
62836 877993
54893 911375
35000 1037570
62319 394998
27575 495648
35956 743253
13339 140093
56817 53205
1308 490987
4424 295161
41526 194747
18873 177379
2695 10334
57359 178461
26789 204309
35000 1037583
27344 598251
56107 306963
68468 758549
25350 965225
61671 588163
59914 922546
27808 257389
14286 990572
38281 211239
33457 481442
55236 680297
61212 295024
35000 1037596
4127 222731
52541 647445
64751 190998
61240 326656
12259 97512
11523 510153
21728 419199
27735 567199
42131 137575
1086 961310
69677 91518
45733 27438
35000 1037609
33171 676706
46746 169560
29824 24927
23887 364425
27569 915273
68837 974014
42302 596273
47131 977726
39872 540611
23042 177853
30200 5576
27975 982100
35000 1037622
43512 919617
8520 769898
46514 607474
1440 841396
22242 38071
39270 896857
20170 410143
21399 678785
69993 866486
26153 413729
5195 344880
49335 300504
35000 1037635
36602 715062
41252 336794
43116 263014
61075 889040
53643 282153
23387 592500
24069 396027
44831 165624
44577 80208
60511 365865
62437 574872
66110 934485
35000 1037648
6177 771981
64889 120098
64899 434552
34078 572531
56897 894679
59714 876021
21809 807103
12686 626645
28543 868284
35886 209854
52898 20464
3571 225284
35000 1037661
5106 376589
57538 404367
9237 516486
1965 117390
22392 50953
2850 43201
49201 562750
41325 727783
58094 345385
20300 730128
6353 764592
11647 66446
35000 1037674
54758 17918
22314 648623
6368 781538
20781 195514
21406 964680
67986 480665
57908 978279
47077 715613
4470 150547
45763 504099
63193 301182
21076 961963
35000 1037687
61846 53105
26134 79439
45645 172535
2201 632615
2114 154354
60975 534736
13222 688653
50102 350451
40214 81961
19650 6570
5567 314231
28651 266757
35000 1037700
25995 171523
2758 901490
67273 229455
16443 658897
41867 727789
30022 247198
17144 123847
36801 957671
17509 882062
41874 200717
40396 259291
57795 524569
35000 1037713
34185 62294
43647 309531
28914 823629
4301 458533
21093 451242
37782 644534
24172 629257
23784 450416
50139 23998
49071 523752
53247 514440
39083 451551
35000 1037726
39166 535804
20439 976183
31751 453780
37246 853766
13432 203831
22129 217372
38411 847697
69128 383286
4225 409448
60571 473278
44502 705219
16815 746365
35000 1037739
35061 398088
59564 837664
30548 174804
2510 418918
11491 986222
20721 524002
18132 774773
41921 466889
46474 935568
54807 418523
27781 134543
61185 441115
35000 1037752
60190 696320
41187 56878
47693 935414
40184 153052
42022 521754
26173 790086
44980 963563
1140 102189
4753 90776
54766 185930
53239 342177
19668 836435
35000 1037765
69762 544254
23420 543132
42868 225917
46929 513804
5785 569617
18042 395876
45907 956645
69921 573421
64958 655561
6115 593191
60037 921630
57477 271178
35000 1037778
25023 914512
7194 991572
29163 473895
31387 908993
16115 933220
32894 646091
19979 867035
18173 421492
14463 928595
30960 310710
56858 641743
40887 624161
35000 1037791
61755 132021
21230 37508
8624 631217
38126 112739
33167 941705
63935 863358
61533 563715
33328 167641
50994 120053
51190 41173
12329 532489
41216 687399
35000 1037804
65460 526701
21749 573344
55456 238952
24075 461723
50543 185632
11818 396208
40417 702183
19094 560593
62203 580652
38693 450629
10371 306602
43244 363591
35000 1037817
27063 981269
48881 987191
53756 270522
57048 77847
19895 980703
69269 706595
43644 785103
47745 131056
67307 182411
63903 978516
69585 133196
42965 500084
35000 1037830
15056 509510
50810 321379
33322 812097
39313 665405
65681 295759
15689 281215
54419 122767
19154 352025
12838 50117
38081 635465
68872 967405
51289 207806
35000 1037843
34195 81479
53079 589842
41854 875453
53395 541831
46022 796815
63236 607899
3665 686309
18948 820847
57350 843796
58247 842546
284 29304
27625 83897
35000 1037856
43245 258721
63259 755385
62512 677650
50374 871060
12674 561468
41998 116221
58143 407606
49519 644952
7862 737816
45546 556268
52199 595716
35271 811594
35000 1037869
67939 262531
6045 207780
47646 944098
2567 670133
25776 186385
19027 412476
48389 788252
17363 335848
34013 735511
43146 292790
14522 168686
22734 501050
35000 1037882
34074 43284
5793 566608
58003 307261
43646 612165
62520 105101
46330 178280
27903 4957
35975 607735
384 546028
40582 12196
49305 532408
58786 74616
35000 1037895
32725 190901
12897 131478
62942 608087
459 699319
66388 898937
25447 761245
641 55752
5223 999166
57210 99092
55385 566873
13375 811074
66228 593190
35000 1037908
60559 101807
8737 35852
14959 774568
24339 195286
1314 816714
40069 564604
2444 896774
64146 400143
3663 754970
50458 912553
24216 63723
40045 770031
35000 1037921
22102 755754
66216 939721
33915 138091
6566 209671
26617 56319
27855 911824
18516 280702
25130 131096
68139 139814
55399 309404
64457 455468
56178 157867
35000 1037934
65418 70522
30093 795086
32714 859263
39841 681621
39365 188999
58844 954746
61197 55424
41172 530197
49580 145028
68135 482574
15536 375348
17264 34636
35000 1037947
35542 319803
69231 737075
68924 358878
69626 58534
68856 124223
67041 381209
82 657490
63695 85667
1293 178508
33713 378426
26228 919404
38566 173746
35000 1037960
46436 316499
37857 115963
39326 292014
11042 605914
34397 250335
43531 418088
31160 75815
20607 688806
62964 852645
42237 650300
17291 378327
65866 921605
35000 1037973
66059 942616
6804 745628
9389 252845
36216 274294
39365 319378
587 450184
15386 118769
40987 139779
54820 518875
58154 104742
36878 713431
37533 596261
35000 1037986
27804 578718
31381 134758
24378 28585
63809 961557
62835 311913
64785 851485
54510 745766
22440 81320
36798 573540
60241 476831
33666 520066
21613 181933
35000 1037999
69795 415338
32782 811060
51910 264157
1699 889652
23367 137481
19696 660401
2883 861533
68496 369554
56181 379769
1143 820634
40734 615974
35795 757320
35000 1038012
45147 203128
37586 40606
43720 995386
8616 628403
59556 325411
67709 378610
16060 113780
62699 589945
41767 999013
17992 767611
36841 291577
42591 633568
35000 1038025
38531 91213
11823 692393
51982 13486
40559 526402
53409 407172
32941 977785
30175 294376
45273 590544
14474 151936
67062 378919
7878 809510
54687 288391
35000 1038038
63310 576142
58586 564745
46912 961591
67029 448519
31779 653336
52320 278518
53430 462205
56552 748812
8596 803758
61777 777310
61440 458646
26891 74670
35000 1038051
56067 421273
35552 491238
52041 480913
18880 704761
60703 508197
33858 914299
51994 734920
33839 592307
45813 920412
13283 943585
49594 446090
39012 864313
35000 1038064
9840 361022
39936 744233
21824 522148
33185 222239
26145 535078
57938 150664
27712 946220
44627 388220
8804 866947
42938 986242
29480 81287
13922 198784
35000 1038077
51768 248990
32929 894246
28316 685655
39921 670833
54502 459011
46122 830310
45576 993484
166 664421
29397 87942
3229 237522
68093 725485
9251 906743
35000 1038090
9566 255274
2113 264590
60064 626941
40658 467787
20744 311195
7138 480640
47688 32484
59697 388318
23592 151537
60729 677517
53545 189551
37325 788422
35000 1038103
18338 318194
8893 588884
69247 499066
37131 433652
19294 905849
32355 665466
66200 621857
24314 901131
59903 139087
11504 46423
57667 889778
51640 524643
35000 1038116
6348 42815
32897 317845
19491 137396
20623 99039
21866 333353
58683 421736
7114 466536
25398 581414
39517 351486
44735 652726
41756 701116
29325 516902
35000 1038129
9792 835944
46021 71401
2461 963260
32113 545570
58100 930976
50274 607484
46054 271051
14155 601438
57964 130768
22392 858579
37195 445848
26186 505215
35000 1038142
68612 930684
39324 915928
47167 80031
48034 249880
49656 806140
37705 939142
10164 950388
43763 276841
8752 559620
33044 759808
50433 178701
37341 604080
35000 1038155
14098 62798
62899 343240
25534 267167
7122 976460
2361 802636
29252 627325
41065 863878
22899 684393
28427 592172
15099 879248
24394 893418
69863 280038
35000 1038168
11951 998523
68540 223874
44283 603787
31149 126249
56203 646092
28130 456661
64474 234161
62269 51215
34911 645075
20798 473337
61198 638432
23626 128748
35000 1038181
21479 954036
22778 170686
45508 845044
54620 871147
53181 257635
57473 866519
23276 939006
60170 653294
58798 439425
17125 694082
19123 36084
1880 902570
35000 1038194
66999 9922
46327 202559
23671 343101
50378 60339
17839 201384
37796 492616
9608 826200
51751 590510
28553 36549
22114 786003
27734 102402
13415 970453
35000 1038207
62689 215370
27924 700684
42671 271656
39019 781780
15136 908758
933 77159
8862 52391
24131 582866
45473 40235
23161 653873
67002 663488
47553 120849
35000 1038220
36705 952790
67057 716769
36559 834715
43397 842258
2825 506232
11856 524400
16799 699161
5438 31611
63980 64290
24772 916486
40566 49770
49998 335130
35000 1038233
6445 223408
19290 950004
32407 166340
11759 784266
60072 518524
31086 764704
51600 314724
14526 585905
13875 440304
62870 641506
32728 265861
49775 664827
35000 1038246
69755 548953
48292 672651
20519 845115
11561 68565
58174 636867
64515 208263
17965 980858
62730 499667
8373 304707
38387 679261
24489 518531
40269 91142
35000 1038259
55299 384186
68912 201177
66818 611144
13810 343905
64257 366546
57688 148743
16425 759896
36133 668823
35177 121827
19948 431258
183 339234
45910 110431
35000 1038272
5948 573976
40167 612881
25313 355803
29524 323059
43768 102902
20553 42908
67504 454758
40008 13753
64277 36369
39208 59205
45130 843482
34080 389813
35000 1038285
34959 80381
62828 52828
661 406955
56529 243924
52118 171605
51781 815894
46135 590903
46899 40052
59531 552541
16370 722787
66730 186542
54958 1465
35000 1038298
57724 629768
55283 706576
68079 657008
67878 955486
50546 323395
5280 206915
42387 209673
9587 972505
1853 664922
57115 751246
25900 573291
33215 240363
35000 1038311
69763 298969
24266 38783
29437 348580
54049 116407
42591 166884
16147 139245
5255 801418
11972 720857
27169 474115
36432 699055
53751 129101
27784 595086
35000 1038324
3628 906023
60958 767561
29962 861646
7830 65731
6157 560051
45374 910313
53832 403499
26639 319148
26482 393740
54895 991764
47759 131889
49745 469424
35000 1038337
18592 461089
7646 113860
69945 641424
6436 644303
65016 204526
51057 659815
63105 480253
46658 197848
18288 520068
27572 450071
38651 710348
40869 716279
35000 1038350
20599 830803
54385 4095
28825 430384
6132 953048
28740 896333
60121 426442
57284 860355
3302 709835
43573 630335
9308 472613
56577 770646
10519 895180
35000 1038363
24858 308936
65219 480232
68317 947486
34404 581832
35330 780799
5750 286259
42106 145074
27831 801524
13121 176996
4228 675310
29055 874067
53560 690273
35000 1038376
27986 482561
2571 55551
55383 150621
41892 569428
28809 70419
42607 44307
44668 898203
37323 94954
8483 44061
1301 672110
33009 229762
23107 200109
35000 1038389
2054 115982
56826 731157
33386 891659
19653 467431
24435 185953
35720 746257
50800 727078
55774 331807
42345 875882
13257 204553
31162 651917
14674 73763
35000 1038402
18485 457555
36969 189669
6632 763139
37384 131142
18551 730912
49895 269127
38366 209314
61295 577731
23277 746047
5840 530806
48395 985396
30705 539142
35000 1038415
21101 706947
32393 790924
67046 838888
48918 584264
58978 391615
25068 644384
45715 469165
268 55854
43114 172453
19873 663945
36064 602808
38528 83559
35000 1038428
18677 595082
15679 328807
30978 932750
37852 486793
62396 463389
15818 353456
51740 973500
23145 254342
65305 487460
44855 438715
36444 536943
42942 14155
35000 1038441
50077 146381
35886 948161
7568 248487
27718 831389
18866 460655
38138 186523
68460 704843
67383 365382
19341 380385
47656 408190
25704 268545
58455 21502
35000 1038454
27892 375755
48965 451746
4630 955393
15026 109265
38223 419408
19854 986163
19590 884613
4172 144104
59143 345006
18362 278869
8311 840700
41494 206294
35000 1038467
19029 478619
69914 387649
27848 167175
5143 183076
12506 809260
5992 428695
44910 598863
64180 63886
36463 348015
9623 300469
63881 666774
19058 112646
35000 1038480
40864 505748
59518 423004
26621 33469
67370 347008
69468 698525
35488 371295
69042 846441
39091 943090
46973 689686
30042 27425
41757 788440
14489 839547
35000 1038493
67515 906080
42454 981885
25576 425121
33079 740321
9154 970512
60196 158154
4145 41440
2306 174056
37639 473383
5591 603835
11050 829553
55478 277883
35000 1038506
55963 536267
21230 92902
39455 757506
64467 930760
36098 882659
21536 888512
33014 318558
59015 429135
35344 545924
57123 165355
11525 714210
62228 321656
35000 1038519
17277 762910
61128 309607
62541 386598
19554 713144
39495 266736
66888 273217
31237 395629
40605 185582
23907 22033
12949 584600
15703 185123
61607 275794
35000 1038532
23854 161673
20033 580827
24241 505668
4550 224675
63146 565203
25259 661385
63971 853558
25960 340221
46051 861169
47004 87722
1054 829290
58826 910168
35000 1038545
14390 214493
6073 697029
35145 890256
52003 439486
3963 800895
60520 178327
59611 163728
2905 756825
21674 590003
27836 674579
65638 476573
30563 899958
35000 1038558
33344 491057
45195 670288
4416 895323
5253 828750
40604 403323
62937 223342
2362 884300
2680 486448
55097 146433
48175 759616
7964 235944
585 523205
35000 1038571
26345 972727
69391 685548
37724 715739
47934 218794
23919 36121
5570 975039
17230 694014
18328 998789
68328 538258
18974 793847
11193 326181
25934 749046
35000 1038584
64708 671756
62665 631585
55749 398205
5601 126149
58482 971357
29771 639740
43047 853466
47367 119324
30095 235391
49623 386294
11615 119117
51313 46582
35000 1038597
45349 600417
68806 513909
20351 554308
35279 523654
38101 965670
62234 460422
39845 903064
12591 800253
51884 913547
48013 158531
15066 892578
14167 114515
35000 1038610
63409 844737
12622 786612
15426 512935
69153 445728
44300 881475
3915 82732
45595 179987
27127 714203
1689 260036
68272 567253
11181 250456
62309 315000
35000 1038623
31658 574854
4180 338886
57101 850195
65527 125331
16419 217990
43001 673902
57029 138403
5476 361370
12846 184951
26512 842435
55411 291886
64448 544135
35000 1038636
24984 896834
49405 933996
20948 325451
13515 173124
69569 283860
12241 126160
50873 682607
48676 498747
23212 630481
65683 54575
62015 996735
28439 55634
35000 1038649
49464 975410
54757 847601
36711 433389
25215 79646
45583 397661
58018 964131
47395 443330
25682 797359
15162 354110
20925 987253
55371 663157
6461 909013
35000 1038662
61419 996195
63672 441852
51791 813495
40721 345760
21613 737869
62236 124055
15107 543493
14177 869512
60893 625490
57316 525369
48677 944455
3721 104759
35000 1038675
34753 253440
38272 678533
2063 284520
63529 951285
47012 160667
48568 143546
19446 264837
41941 744973
8462 450713
14186 434766
63871 573313
15698 15643
35000 1038688
54222 665876
27225 44255
68930 84735
28656 434880
9661 532931
67257 259846
33961 940053
59424 145836
700 550141
2096 924819
51976 667471
25724 261591
35000 1038701
26402 764643
39264 23673
6887 685028
31091 663969
36664 986208
5769 103154
50591 70721
54193 340477
52836 253556
37342 364781
38002 444852
30526 910422
35000 1038714
41107 104724
24266 729594
5554 918864
36033 296154
53954 964834
1613 208178
69693 764668
31846 872546
41182 363606
23313 603486
7652 899025
11844 413783
35000 1038727
22007 909420
43697 188377
65272 9763
5709 728664
15353 739382
26688 822447
2590 778156
15543 334122
16421 146523
38943 347301
49202 816441
9127 881482
35000 1038740
62969 532624
44630 497700
52315 294626
8527 436932
66052 532422
69827 976008
58010 155313
66519 197146
23156 692006
8585 902100
27465 751390
26043 201871
35000 1038753
41403 707347
29536 367574
62591 373679
56908 205841
60158 894850
15594 718609
36553 63180
8758 983934
30536 156922
13660 291265
60646 566284
52949 594436
35000 1038766
59707 520706
43669 222453
18320 748155
25612 571498
39664 725412
55906 432593
21779 221135
55378 637043
23982 178546
16387 528823
55009 579058
19764 19805
35000 1038779
2942 638409
55654 980157
67737 16198
50308 44613
18854 157210
35609 66905
56055 231812
50412 765821
14974 265697
65321 563898
54032 418765
45810 542792
35000 1038792
11989 896915
45278 29249
69159 247894
14067 569872
57661 917217
37332 157229
33048 64626
252 849303
43796 206735
62299 37350
11018 270745
39548 11600
35000 1038805
69913 859469
5595 89544
69723 800723
41871 122561
36199 225993
50533 851435
34451 139085
68330 247030
37180 486309
24652 95307
56867 208939
41138 962271
35000 1038818
48798 791344
62531 744
25322 122562
62196 530871
19881 961367
56812 641444
4717 845514
42255 59058
39006 606195
38021 537195
36130 386189
51450 265078
35000 1038831
10397 854955
29554 856589
37942 659837
6451 501852
12765 398885
15288 271094
9390 484499
41608 831064
59098 560756
27519 514641
67926 942177
7109 807172
35000 1038844
55366 883891
38149 201683
27393 31854
45198 505313
62909 805391
57616 438909
23323 661127
22398 397836
55469 320034
63506 621709
13867 979032
54046 901727
35000 1038857
11995 414450
30027 696778
13998 958787
27810 460952
26805 172794
3653 836163
27341 185724
37985 338135
50112 745390
23892 198751
63886 74084
29528 914313
35000 1038870
13090 237292
67715 996959
4261 423866
21907 929122
29683 337297
43296 584029
36180 995715
13424 128782
17850 422810
40582 931793
65085 106863
26150 779588
35000 1038883
34811 333404
3480 767763
62921 768977
30127 50319
30667 739388
35799 801848
15877 225986
56714 913594
35377 734090
2068 654321
9395 701670
59176 983179
35000 1038896
13946 868578
54288 788523
29640 344585
41045 47083
7276 703127
61769 623687
6244 80796
21719 156262
47962 575576
19310 773074
33557 127584
10596 944868
35000 1038909
61224 818573
10883 710055
57029 757211
56953 420458
30788 292073
6210 618082
18374 793365
19883 691322
33923 749177
20044 325112
14869 577120
7524 560393
35000 1038922
27783 788906
27277 685386
4256 90017
5066 467464
6796 738616
16957 13179
56179 196143
43423 356314
15289 862641
20136 492418
41305 570350
16449 235057
35000 1038935
62836 321686
32046 47513
18956 342963
4178 322289
59851 764402
22018 970383
44976 866771
26902 746171
54850 127809
64095 339100
24474 776423
41911 682073
35000 1038948
13321 106755
51584 821812
66753 364427
29765 269045
54324 762640
16505 440539
30390 139276
43280 424551
3160 24888
12132 597092
18744 102310
49418 225564
35000 1038961
69631 386025
16646 670326
13869 445460
57549 895147
24292 464145
3239 329171
37353 936357
64436 261989
56609 89541
9469 927436
68774 35941
59752 922893
35000 1038974
64852 480493
19595 773516
53676 799729
36734 489359
35546 552402
6814 649415
4467 967826
54407 305468
397 254252
21676 573921
33491 967380
7967 618010
35000 1038987
61085 846525
38128 824659
67522 389101
64111 863082
6637 8526
20224 233858
35278 731321
65967 898818
54864 594144
52890 149584
10623 129787
49980 978156
35000 1039000
36138 598349
67702 940514
20210 402972
40101 59378
10741 185831
30294 374734
31421 513258
66628 621235
32894 746891
48617 644488
5275 463719
3018 688915
35000 1039013
7003 230700
15934 726635
69050 206121
10966 382165
46837 435844
56382 798638
49943 904411
44789 427129
8371 372794
57754 275151
10910 837314
1420 61640
35000 1039026
57969 6261
26069 528970
1028 933901
55497 680119
26051 242434
28243 307110
13918 473688
24704 971473
11697 379683
35716 853653
13037 948252
62159 707348
35000 1039039
68623 788132
19013 447118
9101 154487
12865 865353
54136 829723
15366 119357
54343 209106
46361 304982
49046 104500
63950 619531
908 404927
55844 361484
35000 1039052
3592 599822
56402 503935
25181 528018
52474 771228
65642 327873
13615 193110
68841 794246
12988 321440
47783 25492
41150 353185
16689 196836
60671 105524
35000 1039065
15551 502714
63482 561651
52856 515790
34907 283095
56237 435597
21924 602377
6355 110702
49263 779982
6568 811461
12023 118967
22244 41049
24436 26622
35000 1039078
2206 705132
4888 686166
68274 224274
37238 835565
55810 644745
9650 28272
26995 824468
63036 885742
39258 324012
56294 118917
50887 801429
29085 24942
35000 1039091
888 184019
48498 967202
41361 354547
48465 416994
24144 898798
4775 631107
1092 299782
17304 146232
7700 769095
51936 386120
32051 42425
54711 925807
35000 1039104
4766 433750
34955 209240
9985 448585
38648 438915
50198 687688
54495 545707
27821 840378
55017 328006
12085 991614
18849 828442
54825 697700
35023 415205
35000 1039117
35817 889820
3730 947065
52956 323549
42089 499398
25506 266265
38549 717168
5734 678275
34039 921692
55904 80978
35117 595097
19593 709771
56675 692322
35000 1039130
66733 57019
35597 633753
39005 341224
49094 676605
15687 80377
4798 12751
29377 29780
30868 194276
40896 454539
58792 205691
26906 900012
28570 832354
35000 1039143
25896 912454
47235 82129
39517 173007
32739 564267
51283 304188
59369 188925
18531 82850
68440 434550
45360 74283
46575 340092
27845 938310
42685 242858
35000 1039156
22618 864293
44407 425328
26861 982712
28304 655770
37512 231858
52694 2938
41349 860633
43696 252045
33670 375318
27827 840871
52736 772557
30873 853898
35000 1039169
16075 531634
59022 455075
54363 589902
57083 492838
27006 557922
49877 778019
58237 621112
43883 925082
27438 426198
29326 489102
8868 62375
35070 428182
35000 1039182
10276 129476
14477 644035
37441 595042
13122 851978
47340 301877
3322 495327
28205 816909
61211 228672
33855 34189
65126 138900
35957 250162
37547 885018
35000 1039195
19392 315344
3153 363441
1943 26443
37848 265430
4677 789462
27801 322276
50374 585630
50163 581156
40752 439942
24390 273840
69290 993193
23558 548028
35000 1039208
59789 308272
36563 669155
26182 880553
51175 876610
21407 359430
69839 979815
64890 337899
18058 224713
25931 110350
27716 167871
24269 316649
63845 737892
35000 1039221
33245 403142
7487 464254
54573 899022
57818 372652
48777 548453
68290 199963
12900 588669
55867 360630
46650 945059
68016 691534
34801 86855
54458 738548
35000 1039234
748 543558
30211 435601
29680 386772
54735 199072
51968 451432
17509 992239
14294 43158
14933 587344
15730 646345
28445 530929
12376 831606
34598 613804
35000 1039247
9113 144178
57979 505558
18022 931942
35896 3200
12762 800939
2616 456121
37258 600395
14637 222442
14994 414268
2676 657923
14312 72519
16532 272152
35000 1039260
24547 408598
35888 548237
45691 619393
6071 965792
13825 269540
14966 116624
25342 984590
48714 468626
27096 844343
65489 859175
44375 599676
24156 471490
35000 1039273
41725 603813
28116 28852
60559 910251
63717 795859
66408 362193
45127 700521
1113 29987
37576 578704
14498 548433
1796 942662
67756 523403
66790 582951
35000 1039286
33084 835722
3591 582118
63294 494679
61291 613268
49677 655418
67579 136221
46232 648253
2640 719860
58475 748106
44350 193743
30040 82182
723 247113
35000 1039299
29895 321037
18559 919523
22082 381809
6864 614320
8099 72660
24692 55699
18743 169262
37494 792176
65498 719785
32179 601428
6925 222300
61002 443432
35000 1039312
3961 315379
28416 602925
51737 358263
67380 360443
46176 717799
25459 961401
61850 508809
47832 133516
54361 220769
12722 512366
34836 506984
54557 144612
35000 1039325
30699 482439
22246 124735
66153 923719
33393 835259
14378 100982
7775 277648
17715 730740
35231 358381
42041 862463
44400 633358
6660 137606
5628 145223
35000 1039338
47065 173500
23065 188751
64872 943989
65815 347785
65663 160775
39656 263058
67843 621509
69605 282436
23102 110163
60221 464824
50993 305002
49800 236362
35000 1039351
33998 493122
62279 835549
62743 71907
19893 590749
40904 273659
53538 497822
49159 550559
11330 26955
46863 928653
37546 138223
53937 403234
61506 538518
35000 1039364
49973 40439
61935 748325
58114 555890
67716 552705
43640 557832
11786 825971
41383 467529
22517 295069
6424 351128
38052 428244
15188 780447
30293 707455
35000 1039377
15509 765141
25426 837376
1039 312781
69038 24336
40303 42932
16093 444410
11520 730374
58682 708250
30408 472004
33293 577236
2620 672040
17590 987832
35000 1039390
37296 600616
17879 130060
47195 573728
12406 574021
25950 273535
49174 677945
19930 46829
45603 470628
1073 796602
31361 872764
1797 415572
21426 77109
35000 1039403
21365 302428
32490 837630
23930 69328
61940 62002
58497 791902
66153 20988
47545 821283
436 47154
10576 608631
28293 748969
871 702429
34480 872871
35000 1039416
53939 62553
23492 533219
7752 411837
14001 811822
69872 945464
15229 411730
5859 132305
49111 468811
34951 449106
13775 380873
25282 130597
34021 694290
35000 1039429
3672 235281
44515 35453
56683 878482
34205 869188
50737 38085
36331 589718
23736 821793
47120 947043
8614 764525
43453 923804
69808 503448
28261 942580
35000 1039442
51099 738749
42302 847958
47641 56373
25366 34525
9154 203041
48082 982384
15056 965968
9423 690604
19918 995191
32509 722814
58956 41269
51484 125170
35000 1039455
31136 525219
18028 647631
22682 418513
34181 836556
45650 549277
14186 591814
33662 652902
54760 552569
12261 31078
34356 521429
36601 536110
1422 204802
35000 1039468
27010 523878
296 617432
19510 927169
53394 6809
61284 102655
19769 310406
45843 576535
22847 62180
68100 132645
51512 57731
29831 861812
36935 975717
35000 1039481
51216 76566
2344 440254
2086 814350
28581 573990
62192 849070
48176 711926
17779 710697
34665 655908
66695 546484
33367 973559
35298 517753
8238 774928
35000 1039494
51636 456404
34356 31076
31440 336232
59986 399135
65139 120576
49862 821253
32806 211205
47099 689942
49731 795254
8526 442500
69590 59769
68153 12808
35000 1039507
33575 220921
43848 989974
44637 366363
27145 95687
59490 721102
29607 851054
57286 378850
55627 800143
6439 719192
47951 600154
15332 230085
65132 208371
35000 1039520
68683 397342
50307 621271
442 327499
28038 112955
62553 547579
65278 80482
4932 401232
65988 795668
49457 873608
5297 364625
18005 958312
1984 328873
35000 1039533
10665 769033
69908 370451
22303 535500
35570 938744
11319 862232
29632 876442
25865 763635
55575 915853
69883 416264
5753 221486
42879 530949
53492 648062
35000 1039546
22131 564415
52037 151044
59487 317067
43185 775246
19602 95524
38422 399396
15696 763914
82 591327
5379 607197
43290 658933
2708 786311
66851 303715
35000 1039559
31847 299875
18227 211914
18706 808888
39334 615339
22782 258186
5949 768293
12788 960739
57291 687462
64733 609463
11112 462437
15208 475469
25459 464236
35000 1039572
38191 145796
24261 103907
28629 267303
710 269602
49943 917303
18835 543294
41901 309072
62047 26194
50573 702641
6260 314983
14332 402338
63452 164361
35000 1039585
22097 1444
2628 941840
61704 45084
6996 778984
35398 386874
18775 971490
55664 981280
26441 984354
55482 923671
27669 939014
50863 187637
23304 556201
35000 1039598
33560 421436
6403 237344
34321 496516
44322 208651
11612 449075
18492 166332
69394 877655
24648 865302
23701 962987
39899 283489
4769 601302
3929 311481
35000 1039611
56089 563218
24747 315392
45910 120059
28264 599676
34084 251955
57003 582793
64237 234137
69278 847261
50798 201417
41782 183722
47925 204351
31083 178853
35000 1039624
21519 913764
25914 238543
62375 551698
22743 790473
48009 697741
60958 642063
63578 477533
27032 690480
26252 922660
27790 537018
19599 16482
24486 964081
35000 1039637
60855 845721
54781 281295
26470 731313
19735 578103
41937 593418
4758 47264
16512 257795
18661 282177
45191 647360
50693 481848
21905 808275
9176 369898
35000 1039650
49877 160995
24216 449360
43648 973793
23081 170829
35585 381604
66644 551505
16371 35935
63492 598862
6470 883025
7213 848674
64039 657800
41270 445838
35000 1039663
2738 235161
9910 152261
61732 714507
59181 207011
23926 509943
30892 683943
14437 731954
7717 874709
41808 533446
42711 952096
48490 870136
1549 822700
35000 1039676
48398 901155
69792 955222
42149 513725
64678 811185
26016 424469
36700 341491
64065 332511
12563 633784
64735 726375
28592 419193
10288 755361
58246 549990
35000 1039689
51910 200138
61643 766044
42021 321908
49026 676837
49233 858261
42655 153094
15105 759715
47243 888364
38855 415822
31742 378391
48392 196167
46349 610011
35000 1039702
47021 231942
423 209038
6859 99932
65609 396613
55300 445853
65130 86254
41481 226927
23756 353332
26327 945052
22768 472079
3376 394253
8899 466778
35000 1039715
6173 571944
28507 106478
51422 848561
35332 555810
38994 898099
45353 377461
7497 961041
59664 340482
10643 697804
23156 349605
36546 148196
34614 289213
35000 1039728
28471 537427
33159 133915
60235 437457
7042 902474
35543 141198
31081 786098
32349 689921
51902 350004
28640 91110
50250 195680
49682 682278
41167 94576
35000 1039741
12206 513678
63908 725854
6164 136756
57945 501213
39604 137913
2859 27442
52289 683853
63558 548048
42755 479453
24185 140460
22701 521549
69889 605127
35000 1039754
4563 969163
5061 604055
45763 850129
51577 788444
60257 871628
41245 225696
4182 783377
43098 256000
28054 747337
3257 493661
48757 718776
68618 82366
35000 1039767
17760 302837
35654 759785
57142 844402
20500 92246
11752 562684
23185 261509
1009 100453
69084 729664
56985 645202
52255 539597
11415 92397
41156 139864
35000 1039780
7379 826568
42868 530542
27277 597628
40842 556431
34646 635059
19960 555361
59004 619014
50074 505065
23064 849267
16174 847985
26687 651728
21963 842010
35000 1039793
48621 706846
28095 146372
52802 384710
6825 196631
34607 393560
40539 812662
60915 962390
29938 550514
59299 187177
51262 229951
60335 816704
68857 479789
35000 1039806
65894 993661
49149 117200
34475 256693
40593 388335
39664 499448
68341 906541
5156 988828
33635 948872
2524 833066
27852 608817
49144 938226
52264 664561
35000 1039819
66650 540649
47976 339912
58937 561957
22463 543007
26136 339530
32412 436323
3411 360806
21147 509487
63486 844376
65974 639567
30339 312711
12907 966604
35000 1039832
10394 74898
21526 681532
3575 81822
21652 607950
15689 399675
13304 708769
35070 109770
13061 374218
14244 164121
239 742316
22879 68179
13655 21349
35000 1039845
2523 237622
45471 50140
37165 965542
6427 60870
6866 628315
23760 235390
26437 250278
22349 442068
30643 455230
15682 675324
12398 683642
60739 742077
35000 1039858
37251 773387
58077 387638
67627 59249
35775 839012
41990 537547
37152 115599
23836 926264
60785 495334
36807 749357
58455 294418
64992 345722
18348 537845
35000 1039871
33067 562982
6132 934599
44024 705159
54756 149162
52503 29970
19975 125659
54108 268547
56133 627793
24936 766685
21049 553082
56519 881547
12617 306659
35000 1039884
56093 711825
10449 162035
43112 151605
61090 149048
30599 300500
22286 106618
8405 288781
14583 475161
42470 449036
60963 262414
41230 750505
45510 572295
35000 1039897
27918 9647
6781 633237
20938 358997
64798 630853
69794 388679
6819 84244
8195 442238
1361 34545
28984 760788
44449 677301
41303 929620
66438 654187
35000 1039910
13719 850943
22808 9094
8320 898058
13158 485430
38203 812413
13495 901649
23459 554787
20970 867181
43013 235643
67739 993450
19970 79612
2775 134691
35000 1039923
7569 767309
14502 809410
67730 810499
68828 973564
51895 497462
52382 733165
30374 720221
18864 303638
59767 8828
48220 465497
44622 161604
16461 878619
35000 1039936
65291 214062
59466 440553
8710 470812
7537 866272
6914 455463
37898 764005
2456 498345
893 56207
47689 321670
29332 451697
11719 48574
38014 509934
35000 1039949
67019 403491
50181 333923
56271 618275
184 46418
17852 718145
57878 232182
22553 259413
36901 247739
58807 873754
65933 901304
8783 997458
43524 639457
35000 1039962
51472 75319
40747 233398
58279 43007
18119 750396
12459 733595
14978 122377
57876 624406
28801 227309
66929 306298
39580 849830
30117 274570
36760 191016
35000 1039975
18087 78436
1603 242391
52255 964958
17382 392026
10486 787562
1695 641473
23580 472386
21778 647436
42174 120715
42308 436268
30147 731611
7713 96969
35000 1039988
61835 355938
48312 565443
53856 826239
57252 436808
66753 761796
23591 610741
52248 330466
18216 727425
11627 144124
24605 941932
59646 660076
26484 28814
35000 1040001
32204 809349
55033 465323
46007 30024
11619 490645
20298 873965
33699 770886
57850 597882
22416 34920
62863 181900
21252 661838
18321 992251
26718 910327
35000 1040014
55740 526151
6485 287086
16389 612797
14424 756695
8811 240975
65172 970926
33215 428522
24392 34570
66420 79764
67407 338367
32385 389418
65142 670829
35000 1040027
67740 937465
55198 51952
4340 654837
15701 872454
56258 109772
11771 652814
22242 873535
63253 179426
6484 365978
15350 736154
12772 147761
66023 171278
35000 1040040
30523 986022
3583 924657
7794 126067
35817 760597
60789 227903
64673 791365
61666 22337
34662 226254
46959 935922
51065 363343
14368 36488
55932 230565
35000 1040053
37062 437759
40303 911614
33098 650282
62589 738831
69894 367488
368 85584
52900 58406
47346 205709
63038 547373
6635 926685
65537 895622
40440 611054
35000 1040066
15989 242554
14278 531751
39206 927400
19205 944621
20515 905465
299 734992
39490 556554
67190 657756
9057 244959
2457 305233
37558 250649
45822 287764
35000 1040079
46392 54497
29659 222755
64548 619502
58267 708906
33793 723841
43888 160728
45052 920960
25583 412495
30651 847494
27847 17850
11749 11674
51867 99701
35000 1040092
9871 678480
58596 790602
20830 751090
4040 432749
4430 798271
1088 805143
15923 805577
51405 580381
5618 475667
53009 790140
32153 861455
19773 61250
35000 1040105
31855 599879
21982 120925
50720 931472
57632 205506
16181 588822
4491 544665
30775 311230
12352 681593
5724 632254
40423 603936
60308 541894
2623 849349
35000 1040118
42289 827087
51168 823585
38416 14453
30151 238691
58527 249520
21747 443016
39673 42332
42298 582546
22543 422411
42034 436254
46532 842706
14954 726733
35000 1040131
60067 867204
4779 187126
11187 632510
56224 137746
7805 823150
28766 35738
12812 109569
65255 537169
41578 146630
2775 304440
38353 364022
32279 85464
35000 1040144
4821 169514
35317 593219
69623 519933
28627 37831
31424 63599
32289 485957
19228 508897
37525 842866
31389 762863
62899 424440
47656 724167
64414 133591
35000 1040157
61136 168967
10441 978751
44439 820208
5156 101525
45483 507343
68393 756166
17957 785711
12424 45439
34486 452885
57762 930336
30925 958586
55736 810358
35000 1040170
7018 741903
11447 32517
22400 987616
54281 462975
60854 628924
25801 392476
49203 708022
62008 454611
53625 989621
27418 131577
63086 165554
10229 982462
35000 1040183
37724 642621
46042 161890
17693 771098
27888 968872
35226 299777
42653 211484
62243 714371
14635 40443
27998 503461
61492 250901
36669 58254
26405 478276
35000 1040196
50960 335397
56507 31504
18336 133893
27265 905809
6861 128882
54558 622199
46620 853062
32790 783136
17722 797450
27817 493965
53146 377134
63166 358819
35000 1040209
15606 993182
11252 135905
39226 193510
31460 576314
6831 560320
48030 367417
39180 411641
64026 425241
39331 435316
59191 942874
58363 30104
31385 161851
35000 1040222
69345 868905
62962 827982
55386 84867
9356 166820
30574 76380
24711 968906
63538 274134
67325 219652
49404 756584
39778 325036
520 534056
58197 131772
35000 1040235
51829 71591
45210 393919
58337 684259
12598 373234
21087 196797
37892 734477
55855 958833
63267 430898
23992 999618
64338 664544
52799 571620
68700 660104
35000 1040248
20627 165405
722 584158
34631 50171
59400 317499
8526 141699
47759 934850
69241 528926
64970 477115
58327 817225
28814 127039
51084 672988
7698 914288
35000 1040261
42964 649841
36987 912655
45317 322486
11602 382937
22131 353938
44122 308484
54133 643268
30922 314387
45387 875586
33364 276224
2294 975222
4579 73376
35000 1040274
45771 659739
31371 599507
13416 98322
41771 699758
1463 371105
58888 311798
35985 464612
66974 744001
48697 300514
17089 839466
24412 9016
59375 329514
35000 1040287
1729 136508
39940 120587
33478 463665
15156 648166
56911 811833
45497 71853
48139 596861
18219 777199
24761 769535
24089 164681
16989 774600
65493 780535
35000 1040300
40479 704697
31539 215192
30261 723954
53769 780916
2267 595450
20344 614029
26323 160105
69327 357768
17166 762404
19889 223359
34699 161677
65176 577051
35000 1040313
22389 677221
54905 274983
20984 311862
3435 295161
50293 293473
683 335336
35107 341174
945 711690
1250 286068
38337 854407
44749 798492
55987 188108
35000 1040326
68557 256668
51427 765735
64599 683125
44140 318381
21902 593143
5860 5688
9320 185227
3519 618479
29635 137753
5453 897239
61380 654216
19497 664655
35000 1040339
45268 733711
66997 968285
20577 791519
1195 721690
7653 714746
65682 405958
29790 366935
17854 538978
8163 98131
31552 909087
34023 934460
12974 429945
35000 1040352
59971 442905
18990 788732
52557 469707
12026 429279
21166 392806
56996 818146
2200 482231
5564 927326
19848 364773
61594 217287
66064 767597
68783 930188
35000 1040365
66766 250116
53004 183279
287 238748
67997 288349
61472 518482
39008 478293
915 62243
28518 274731
15817 737020
69594 247228
9501 921009
45343 260007
35000 1040378
16530 594654
20813 235391
54477 603506
37839 484619
65421 349365
43189 219753
43275 331902
21961 688560
6160 125473
61572 530508
39291 655141
43778 110518
35000 1040391
36702 603050
9219 814070
45958 786176
42460 650048
60738 383919
23044 400881
42534 550652
47494 373472
9388 781673
5252 176466
68078 694062
22275 712253
35000 1040404
65438 889424
33477 583409
45500 215274
16650 856247
43858 889585
47358 270874
6811 578890
2243 326343
47839 521314
34633 66853
69342 988503
22756 255709
35000 1040417
24513 48193
66139 22566
24368 906794
3168 276822
39527 964919
37253 653596
10428 311271
12529 693597
1297 897991
44773 9448
47652 647968
23449 718603
35000 1040430
42861 148011
46763 533498
25790 1119
42499 203361
43801 429026
7994 963797
8284 253415
59703 957376
36015 899407
68964 864289
69610 978397
68714 826228
35000 1040443
47917 292909
60686 36422
9177 984423
50196 252340
40868 49252
37970 724637
65190 344054
35117 844187
62272 1366
26178 140693
33098 259270
39419 22910
35000 1040456
52408 723072
62704 926095
32917 336240
43241 719332
36202 928360
51326 441486
62697 254835
31338 738892
41295 841724
18028 56239
59392 842619
38260 431773
35000 1040469
57932 936643
55153 483948
16086 674024
53641 894531
47758 682954
41704 287834
48348 585650
27477 8281
41614 720738
47028 618740
65114 633393
49442 973098
35000 1040482
41883 123991
68647 407382
29783 67945
27434 421299
35290 125909
18429 201246
4548 810975
25681 146397
60677 826409
26413 557976
52250 296257
50459 356275
35000 1040495
51672 386507
31168 191343
29710 233649
44849 405139
31787 191227
40406 452702
9236 283089
50700 957614
12018 311712
55781 934718
51872 174608
42660 562116
35000 1040508
9706 920175
44968 439176
61458 67411
12578 129583
39876 919352
68844 12746
51273 597886
27639 898817
39268 92074
35396 253453
38254 349513
40585 973390
35000 1040521
59021 332391
5017 165171
27450 641225
647 587773
24240 287715
53829 929811
48266 444428
1571 433814
20222 43199
19457 510493
53871 914835
1343 561572
35000 1040534
40744 59828
52553 628047
25512 391461
12120 185509
28980 678227
49875 127656
19440 89411
20367 825528
45268 301686
40694 404753
65194 579510
49942 243481
35000 1040547
59836 504908
20099 942541
49912 729404
7953 607196
44896 852063
29758 934317
11855 709623
63643 312844
16584 862144
67515 387225
16929 889559
8949 302887
35000 1040560
29778 103233
44513 334481
49249 515926
51251 678486
35930 120026
61365 796678
49020 943189
16148 605798
25975 45381
46980 565658
54962 737894
45165 995725
35000 1040573
3115 738296
61566 705141
41659 970061
38338 915325
57596 638571
48210 29036
42119 285964
28388 60982
53006 114037
25559 946721
12522 323973
2161 419732
35000 1040586
16561 712568
61106 139953
50316 341629
19203 64804
16471 641727
38915 659461
869 626588
40812 713915
31335 819896
8324 839890
67033 861195
52489 436920
35000 1040599
22685 649334
43546 379544
29251 458263
64836 804536
61903 129504
34554 614767
66226 453603
32949 438197
15904 113915
56484 354324
69559 574322
64897 362475
35000 1040612
26974 281460
4801 95059
52187 137451
9000 411528
37594 731572
57970 275337
8158 735992
62746 215411
50169 262441
21202 827778
21726 127702
55625 704639
35000 1040625
28735 876345
40691 166103
57348 800261
34042 288180
66409 56435
13032 625590
26714 742082
13364 186385
1332 968546
13161 287982
20911 396204
23385 333049
35000 1040638
23804 845418
5278 63177
23563 168046
1120 289830
40450 225950
58737 461829
30111 331729
6173 934714
64387 623328
7617 382019
29459 181552
39183 36071
35000 1040651
1345 932647
34468 876610
56085 473825
20675 428775
65826 840314
68926 487044
33936 503263
1414 987538
35361 365277
67735 29734
35809 512065
66825 462944
35000 1040664
7310 252352
56918 519116
38588 620066
8622 389525
49482 653966
43268 324811
52202 742390
20325 567574
40572 957254
41119 449031
38147 411514
33281 259962
35000 1040677
338 590711
9890 49520
66685 729205
63317 318304
19810 105911
54709 2524
23892 2321
9636 186030
68317 779869
17508 679564
66793 110823
10502 681641
35000 1040690
9016 619097
18872 586145
28382 471042
37375 227316
48951 726176
59306 672189
51092 457001
56407 629045
30249 493451
57347 483907
64259 308718
5597 175402
35000 1040703
53165 534324
25824 524218
64025 626745
56534 898584
67074 933834
39413 489265
33507 821890
66929 477949
66981 393952
36654 95678
24409 786101
27191 673216
35000 1040716
34319 785488
47607 959590
3673 943118
7150 280379
33976 915451
44163 867029
14508 347296
30818 52890
7729 994706
57381 786600
7373 218054
57506 571624
35000 1040729
52125 632254
48041 84911
35089 823850
4836 773537
16444 919791
13429 306033
14846 275608
65864 771618
38753 219729
57884 233324
28060 625321
26765 906903
35000 1040742
27427 218833
56538 374877
49193 595856
55667 963074
51781 69268
3963 496444
21654 272453
9828 215009
34954 671880
41532 193467
8300 478876
39991 500582
35000 1040755
18621 649203
17937 842482
15495 615872
42374 310094
51609 633724
15937 796358
35414 41485
58322 766148
32604 39835
27919 814659
9828 205290
61115 977506
35000 1040768
19788 843087
60772 236762
34047 707560
18748 743505
39684 699664
13866 692191
38212 599173
18853 880526
44946 737987
26961 170549
12099 361478
67462 875464
35000 1040781
50667 416128
11921 943761
5269 67426
19301 833789
58004 912183
27610 669355
3024 222334
18376 653018
29252 163855
25 600978
62374 596299
18921 587406
35000 1040794
22727 506499
60190 130028
49165 603784
36378 827500
43609 875588
41100 27404
34008 524297
26152 32243
29786 232671
18806 318052
58289 908480
68931 195549
35000 1040807
35366 449383
10479 403499
11620 355705
57455 197463
64274 571180
13649 840192
4373 817653
49836 432970
23464 917402
43998 411918
47256 161795
32778 612597
35000 1040820
6447 124077
64719 252733
55545 328929
52442 533930
39397 804166
33370 643798
49237 732345
17292 76917
30164 703134
55180 601951
38389 491497
16216 603309
35000 1040833
16098 579435
64339 546145
57183 724988
5471 853590
17048 351967
48731 911034
67470 48267
16563 71233
9874 317715
41301 353082
26083 543958
50307 754380
35000 1040846
25035 75097
52337 667760
41282 12088
26760 841491
43787 92790
35940 792112
2528 70695
29505 433278
29288 114330
12591 654756
42880 805201
9678 505264
35000 1040859
11643 76462
53140 589650
1191 807065
5568 302961
56500 302547
3155 85501
42373 411561
23791 423064
5029 840887
24674 64748
9138 865852
65963 559677
35000 1040872
32187 114200
57388 160477
27928 867054
19344 444101
22174 517625
31824 13920
39049 697266
53760 131690
55322 557086
62218 921016
27047 202827
20 775067
35000 1040885
3737 46958
4875 64388
28588 783940
2516 640524
7116 717721
45384 455587
13484 128008
65433 797611
34217 7722
67977 219750
48437 373751
9986 402107
35000 1040898
27283 715948
59752 672655
49571 716236
47596 419622
54088 886131
5505 400859
38960 372170
54661 933152
62946 862599
23360 93348
66210 645253
12970 962477
35000 1040911
393 939279
13529 903168
20407 953647
7277 943109
63565 432234
4307 595249
33407 424156
22109 651796
57459 246808
7864 767652
8370 749421
50155 739478
35000 1040924
44871 531762
12568 699813
24347 47417
13344 798833
58928 548614
63065 437072
59378 16161
36847 339670
43515 482739
24704 666649
54337 150725
35451 325698
35000 1040937
8360 259401
34192 139338
63282 705148
63899 365531
30429 873636
50756 372824
38957 582314
19426 188612
36173 173924
51629 770687
1064 869703
67568 330081
35000 1040950
38029 318232
62489 702595
29643 406031
61000 335043
68277 992190
21567 128358
32609 153921
50205 537273
18859 124739
10839 650479
16055 338761
56223 201830
35000 1040963
14460 751067
10523 719761
2126 530552
11339 248864
35165 358253
65969 657860
58283 976387
15866 883052
23323 413009
41413 371045
37391 209999
24067 216193
35000 1040976
40818 673743
50540 912785
25034 272931
13352 587997
8951 702501
54934 871104
5102 558246
56794 996624
31740 284329
67277 266575
12639 38303
9751 196603
35000 1040989
28599 765042
40070 644748
8182 34692
57543 400588
14181 661616
45022 458633
742 60435
31462 1094
15740 677962
16685 848769
18143 341768
53488 357779
35000 1041002
51321 516527
6836 39198
58578 119082
16026 261323
49175 232224
32451 431708
23179 857262
45170 452693
4087 221653
28162 263262
3059 346207
53663 973438
35000 1041015
7944 287911
65899 729019
31352 792988
29947 198204
61831 36369
16400 170494
37393 817083
69664 160887
4551 888182
25330 425994
69347 859604
62969 835336
35000 1041028
4937 626610
64414 425504
7135 194758
19617 782449
33700 52457
44848 936080
29910 651478
52465 849129
18734 870328
12982 167922
587 538163
59362 104149
35000 1041041
33475 211999
42975 442321
14766 178977
30162 647743
874 698472
32705 321497
12757 250777
25321 202613
33793 870550
15228 9617
55367 632823
18725 202880
35000 1041054
14080 398218
26826 278968
17905 149930
15841 556377
40534 395232
50557 880998
52863 195702
64090 688967
25499 486794
42073 334393
34329 256178
69673 430240
35000 1041067
33625 592028
19887 253172
34957 215926
28836 885036
66868 476767
61056 180845
2567 71541
17436 574538
33660 738241
21346 15090
25578 239847
4819 894381
35000 1041080
54312 568778
42020 550041
20919 201296
54413 416847
18441 460151
55129 17872
26780 712904
69653 821625
52024 304008
68296 423995
8368 414321
18199 476609
35000 1041093
35600 440882
26049 503617
64333 928456
34277 693643
22730 418392
69592 702208
45424 402201
19827 518394
37253 257441
53320 709139
12100 471055
14733 864154
35000 1041106
66911 208906
2469 34476
9066 945034
23970 990161
48110 937275
48524 360699
68776 737338
30879 485696
12590 640844
1612 92220
15444 365303
61124 244363
35000 1041119
31360 76555
15099 707914
24896 711571
32489 413291
9935 992567
49478 349402
69966 841750
44718 300639
52775 887324
17298 659512
6805 962689
21626 506964
35000 1041132
18049 382584
53535 846703
68535 145543
1605 655144
57116 398176
15603 32159
68979 398419
54522 880152
18287 554424
65003 761367
62569 823538
51808 297735
35000 1041145
39976 645271
992 634799
56838 73586
12658 31207
62895 852954
33288 301575
44566 346229
24291 994906
40816 503396
53210 40486
13206 391472
69553 918552
35000 1041158
14702 941770
15033 173843
43024 234425
25698 67635
7116 341802
19659 850954
55966 2112
7127 332286
25213 405234
32394 96607
22682 100300
13210 834853
35000 1041171
15523 234845
15499 7289
15040 154932
2324 365959
8385 108095
21352 645952
39166 121473
19309 578015
41485 478150
9152 586873
32055 763279
46029 508847
35000 1041184
40647 889846
14284 52838
4365 532240
51762 350097
43844 213959
50988 715390
33259 995939
6229 33977
66989 89478
28991 510717
45367 22884
56207 427015
35000 1041197
19597 915062
45154 33859
20352 737736
62537 523726
4368 70055
12558 351625
5658 450855
38494 988788
53550 535243
6877 447566
64286 371998
10858 572805
35000 1041210
64009 441215
67828 242081
35796 187662
14980 646525
61718 899068
18135 695780
28378 212333
44148 104094
51089 808849
66320 894309
21789 963512
52613 485994
35000 1041223
22471 471105
57195 628027
63279 103387
19331 415581
66831 95161
35982 981162
31694 530113
32055 62295
33070 477318
31530 353897
45920 658064
3455 988226
35000 1041236
13518 789630
61420 495151
17347 520055
961 875617
8150 205984
2157 533509
34861 261316
56504 364499
21285 775826
52789 545906
12661 101157
10126 747975
35000 1041249
8299 537038
34772 632532
1666 441337
24771 131882
13439 557889
15301 846799
1497 861702
16892 756033
60386 633993
40774 360013
60045 453513
37329 611747
35000 1041262
69967 517867
59241 993777
62474 480668
58646 677712
6415 803510
48157 415401
16585 969322
27630 85638
34233 731970
52589 655073
29516 902073
19653 981596
35000 1041275
47289 166904
21949 157431
39542 745793
47862 603327
33417 789790
39102 415070
23180 486295
24074 777722
33229 844180
6560 690518
39145 566925
9759 390391
35000 1041288
63478 167249
42388 326621
44107 685032
65417 589303
65176 148993
23173 87181
20628 769130
39106 122528
25424 727821
40578 897234
53774 417183
10587 31469
35000 1041301
36249 25550
4201 614845
56221 967917
26598 225135
34263 410534
63752 706805
21499 10678
17986 963669
68442 451300
16033 46273
44278 500072
33014 702468
35000 1041314
42224 483357
63288 860567
16049 684677
18848 360881
32954 844346
10077 276231
26625 438786
52613 778542
26168 419084
36350 809415
25677 436182
13388 821962
35000 1041327
48561 827134
971 261652
48458 781764
39937 709276
51431 679434
38339 964692
45021 4471
27958 691644
46832 721249
32896 458633
49700 988875
27213 295949
35000 1041340
24440 505830
8925 927307
9961 549215
59022 900570
44360 519408
45453 654493
62616 458152
10259 687701
62279 503409
46567 192034
38256 718234
59442 237647
35000 1041353
53711 986710
12904 215351
48179 339799
67513 450835
19257 232254
7752 941077
35084 802415
59827 195073
49019 572046
45256 310404
14298 790188
9167 454783
35000 1041366
61723 799126
43863 992704
58091 297584
66831 813705
1241 136532
49300 180207
15997 846257
61018 326806
29850 371324
61339 377507
19268 755034
48718 613778
35000 1041379
21655 657981
47639 71658
58915 258859
16376 406999
26345 569868
35234 211178
42029 960133
57799 955224
5193 560227
34699 175779
60955 787122
63288 826622
35000 1041392
52426 539283
1003 756213
5818 675567
23829 629907
1140 529037
32208 603157
64512 98024
15737 95464
35848 907915
41531 106439
19807 625901
14955 444845
35000 1041405
43090 823812
14758 671610
63088 985930
44662 36719
68582 798663
2406 96747
38856 808887
45906 669625
36421 607290
36734 591175
14677 966151
26546 795441
35000 1041418
1937 573538
14084 19800
60429 212147
28750 320792
44015 41982
47295 58929
21516 28181
65889 79159
17700 819414
16127 177084
23701 923638
32219 61373
35000 1041431
6982 7253
54387 763721
10454 239402
44534 405424
63596 554806
67798 266666
17351 207850
55503 227974
6867 841798
7204 394967
34654 190090
28726 713720
35000 1041444
40016 679578
55580 431349
12601 897090
15103 628374
38285 180388
43948 119916
28721 667500
51905 583569
42787 482551
23685 639525
25753 314963
47314 567319
35000 1041457
33133 804745
59170 456912
67208 880057
3562 684409
68497 311966
59321 898952
17027 882201
51300 309271
65094 477223
38192 258788
64325 827838
46258 588640
35000 1041470
34339 529821
37463 616703
34597 711765
42469 612233
49346 416533
47935 802374
18501 766453
63771 701686
14514 399566
63157 310108
66974 776621
39433 643570
35000 1041483
55112 363220
54985 99639
58192 354973
30504 553153
2442 658038
50506 538964
44529 708838
51115 26367
43407 463182
34390 200059
11057 23808
4477 38037
35000 1041496
55527 309834
25202 492564
14762 831157
45206 192185
23691 936582
31967 744826
19361 876170
18500 463804
9333 798887
7019 280394
7218 203565
30402 525370
35000 1041509
1037 762591
48205 840926
6609 574876
35416 86214
13573 626546
3489 962887
58498 706373
11277 344652
20667 195157
25151 557880
55651 698993
17728 283880
35000 1041522
21728 349930
37197 805259
67598 195272
38046 756237
51774 127647
19803 690430
31924 728320
39737 482160
50169 347669
2304 95984
27255 839887
64316 541084
35000 1041535
66251 490922
66693 469537
14535 386112
58040 260191
20089 961412
41244 4569
21835 558981
4945 571500
38222 464208
26425 727655
41166 409979
37537 729204
35000 1041548
56315 279227
34537 838910
192 487268
43460 161533
67727 216482
38802 722477
5112 144430
51657 960617
5911 244070
47788 45866
26489 652350
45598 705510
35000 1041561
52629 387691
1099 871616
39102 683817
230 288797
69004 835005
19948 392001
61691 567750
59772 126752
66874 69368
48081 758274
60898 915419
10853 772191
35000 1041574
56765 183298
49195 490466
48356 811235
24665 193155
33366 957622
56570 218765
19257 415256
24247 175715
57615 486814
60155 204699
15008 191820
6715 332514
35000 1041587
5331 308928
35190 42989
38333 744899
9022 407480
66783 218612
42501 277970
35532 881026
25551 502034
59987 335209
51042 902362
54551 675110
53221 15115
35000 1041600
13977 123960
26063 170379
57667 370380
38212 278558
8136 876937
48025 696088
38522 840872
55372 567603
26835 198942
33585 146302
14105 939012
36414 650430
35000 1041613
48420 559312
53364 528656
4940 628004
31245 151336
28741 327517
3768 89858
43223 789141
55897 336956
65151 75709
25565 55521
3509 559260
35471 605434
35000 1041626
65772 825385
37391 987121
43560 192851
51224 754370
13450 568213
50652 396717
24717 360777
61789 311855
18770 858801
45155 203678
10251 609636
32110 516948
35000 1041639
58894 910485
47390 219746
55234 924978
44594 473663
62372 846272
64972 613100
578 805088
16003 451879
23812 65569
20383 717170
63891 589574
3134 49726
35000 1041652
42388 818839
35591 157165
60474 723219
57676 868979
31302 238400
49266 968948
60257 335271
64954 415109
64502 784290
39093 229262
69448 106268
23741 630419
35000 1041665
832 165110
19215 993980
29380 18413
86 921728
47644 117385
30293 133152
21609 713002
45626 4180
34216 307967
28577 347913
51905 497276
56264 258083
35000 1041678
55785 793633
64276 242556
61939 92739
52551 521712
56043 55991
4825 34412
33853 467119
61837 423012
30787 84097
54785 68035
11560 707079
36737 753935
35000 1041691
3832 322594
1354 605476
33833 837041
36004 540555
3041 771738
57422 266484
37520 287313
67756 621767
67386 982895
49787 324127
30815 911670
19685 223897
35000 1041704
47582 435803
15763 66304
53711 478249
59365 8667
1883 930082
58039 616561
17930 813929
4400 678265
57180 908263
49173 976239
1690 961692
34556 108803
35000 1041717
47596 424207
48539 826441
22812 507392
213 139384
16868 671105
40501 942931
35210 260139
13769 277534
53122 122480
17439 24866
69382 69615
11578 605641
35000 1041730
15795 884245
3806 542431
7286 298113
21060 291045
2126 419147
4501 205403
39124 60883
59250 974025
30866 745714
69984 284209
4237 914900
55951 442883
35000 1041743
13555 59633
25539 545653
7049 707664
59896 692209
52035 81007
63619 337669
12659 681429
61815 141393
67713 955019
38892 286923
16416 381776
25882 622844
35000 1041756
65713 602730
33838 966534
58862 235311
23149 87857
66967 774711
40986 35826
20616 947040
4559 926452
10184 666967
52788 971451
8501 704288
49785 802150
35000 1041769
42080 641438
1982 340372
17808 958449
3229 658577
5282 42964
21954 898120
38240 192376
34140 75344
65567 587174
65522 851441
67005 968507
22200 42855
35000 1041782
38041 354644
68329 579236
57145 491905
24378 921284
19152 411557
44210 326928
66251 79570
34906 306382
8265 893601
27285 773968
12749 839741
40175 269858
35000 1041795
16310 24153
56693 556661
45616 159319
40719 49927
32678 783463
67629 460530
9207 180984
53123 8337
36088 534147
5660 241115
47086 575900
11861 842142
35000 1041808
46535 140652
19137 674466
60439 901973
69019 393355
40112 81422
37711 910961
42300 634430
48835 509030
47027 506045
45402 150841
42278 553841
10533 641715
35000 1041821
23173 899367
37128 329621
22326 875024
17027 62864
60747 4179
11287 270610
7442 689378
21072 824375
15692 519391
60695 407496
29190 314462
62176 77918
35000 1041834
29038 528409
56302 88045
36818 779587
29996 182103
17043 112483
69926 341014
33657 904814
66130 50274
9982 352446
32178 338695
63533 104326
52612 610791
35000 1041847
5526 987001
26976 296327
38803 72449
68726 964633
39307 983570
35570 34663
12950 184591
16571 37182
50827 431626
57085 618560
10409 121351
52556 361101
35000 1041860
14405 585281
37459 400098
49237 430706
67822 819337
1816 464415
31525 397429
17456 787446
11890 947869
67116 891680
47864 318768
41765 937532
20159 12007
35000 1041873
34605 628803
6483 3606
22176 647160
12242 254679
58678 446809
5645 656554
27093 153633
51839 576607
69388 988134
53809 754384
69059 622863
50812 995182
35000 1041886
15034 450972
61409 772191
19309 4379
48779 445340
53857 170381
51968 988249
66228 446911
40391 682250
16265 535833
51253 330037
40592 738865
61769 154410
35000 1041899
49457 127194
52697 219978
2779 832045
10137 292526
59756 963796
28534 178118
54092 362513
14641 164194
35810 6022
2193 197786
5689 619464
69456 888129
35000 1041912
46752 668356
32106 441424
25328 638503
36479 747868
7191 380275
19070 961435
44807 764699
8126 210666
57204 769923
5334 293582
45166 183472
36091 415229
35000 1041925
51792 757281
39904 965513
37405 456885
40892 867402
909 223882
23785 770006
65056 456894
22525 813569
38126 51174
26167 959964
59200 896234
56840 840606
35000 1041938
3307 986349
57121 817730
147 835215
63151 992595
67367 9612
38296 459662
34310 269117
38870 667454
10630 368009
32065 687234
26684 823927
39286 307323
35000 1041951
13764 305149
894 534413
60737 266392
58949 176107
64742 531072
46054 444070
1016 925711
14495 501831
20312 839016
54978 501991
52694 29128
65151 668658
35000 1041964
48003 201505
8738 990343
37154 281385
35310 977047
39326 482523
56191 943511
22357 510098
12734 696216
22046 125416
9010 47853
64626 599912
26971 826684
35000 1041977
67669 435113
55834 672654
7144 872638
63647 736038
5835 641505
20897 3459
46641 925840
11461 518192
69366 41343
3721 424954
5305 915658
30110 350381
35000 1041990
58327 792026
13099 767842
32904 571377
51276 288535
50659 388428
39673 502880
7907 33561
56013 937823
28604 992568
1102 106581
51435 230205
26745 240021
35000 1042003
39748 972229
66241 244214
67977 208499
25783 391703
46316 736938
34141 547266
19735 690849
19807 646310
17034 971122
34524 510504
14337 896603
47123 234711
35000 1042016
3732 275426
35270 411527
22987 215982
57369 351338
17186 923727
64398 600722
5025 618735
27383 485837
29065 918204
52338 986434
66227 130201
26723 650194
35000 1042029
14774 955447
29422 394563
46289 37641
58407 521658
36554 47331
34472 755314
60402 161945
56455 673911
50471 361176
40880 987892
67605 512917
45056 543850
35000 1042042
47934 10277
41865 762717
13700 105563
59240 90254
4047 459703
22076 520943
50961 814068
19852 991070
23573 918471
10411 64801
37985 597758
15604 596297
35000 1042055
61527 777298
19180 188687
62770 158155
38337 313873
15132 421302
2266 634164
23785 40656
64469 490686
58547 501244
35811 436252
40314 597077
23413 339039
35000 1042068
47164 270434
60736 154693
57025 955081
2572 582324
9792 508401
33081 936274
49271 321019
63505 87533
57706 150238
3105 64695
34424 856249
39760 406859
35000 1042081
29884 430683
66522 659467
11841 54206
30304 293046
23157 163910
24246 499430
16899 998065
52197 9118
15148 960248
66132 411442
3292 387630
6022 189544
35000 1042094
108 19838
49150 902410
21154 781939
42191 856171
30483 927911
38028 978591
13009 81095
37239 452140
34169 707381
37188 871351
27382 786134
5160 590747
35000 1042107
60203 783224
57465 217522
25341 380649
69628 916833
66386 479527
65170 855620
33582 688130
5620 980710
45666 141858
61463 343799
30465 163156
24137 750244
35000 1042120
53778 817783
38281 218769
2506 523907
27345 627706
27650 744783
15478 868813
14530 183391
41675 520047
9714 748370
39262 112187
24624 792837
15923 109839
35000 1042133
2141 27963
46296 684299
56509 885911
40050 113444
53160 56110
32160 694800
62050 168888
23190 397908
29000 444684
5652 624762
20404 920466
24332 61272
35000 1042146
15429 400898
33870 27001
38543 808685
30286 203456
6315 471050
40541 758689
11328 899147
32222 374859
28187 208932
65069 850283
9668 832287
65119 103508
35000 1042159
63724 105942
56138 204869
46920 969312
55485 50077
8167 974886
56048 77216
27057 978425
22216 707952
62354 154293
68126 559003
67944 279688
1663 156074
35000 1042172
8524 41592
1385 84061
19822 540681
9748 226844
49857 321828
65466 308419
2304 724290
64567 702173
54534 822688
46331 166091
54557 281184
22379 937909
35000 1042185
11194 274635
63418 91761
29270 364701
49189 774728
13379 492422
7890 213170
46631 268637
27515 893878
68618 933900
44351 304568
57585 627699
4535 176668
35000 1042198
6156 883390
62364 765186
43197 949825
11710 790031
16181 546768
5087 646804
3985 46999
33066 271550
67556 185688
57403 39531
43886 295234
14810 609230
35000 1042211
17459 221456
7295 165903
2002 872213
36197 501398
1062 592214
49934 424671
37208 954926
51747 947089
41063 973124
10056 216915
48358 845862
38923 211774
35000 1042224
49631 540646
23229 911771
36438 596874
34032 844854
54213 522967
14543 446388
25188 377267
51515 550308
37976 67013
14585 670910
33183 383924
63464 255375
35000 1042237
26086 503686
67154 703959
19201 649822
65530 778137
40243 490391
50861 940559
65158 243031
22881 2854
36883 484991
10563 374026
22077 996190
46691 885344
35000 1042250
22857 76636
57153 322708
45409 396038
19805 159165
65387 669156
6814 35036
49041 89516
55919 219203
41375 377087
33746 930219
36 742054
11214 606202
35000 1042263
22969 194201
27309 991011
48403 442868
58840 621337
57396 310762
39960 349942
11445 929640
9816 713015
146 376645
32454 945719
63038 79325
1271 846948
35000 1042276
4091 486808
47233 146379
19991 205501
49420 940516
54138 713870
20349 618819
68097 227339
691 375038
27265 190153
60601 762276
60727 282755
26732 273308
35000 1042289
57274 599106
50918 848392
126 579468
22491 63009
52053 360847
20496 315085
5803 903202
35158 650270
49424 850400
65830 812130
234 398042
41260 376900
35000 1042302
30107 95969
36971 737899
29139 610483
14362 599176
4200 734123
58108 171947
4156 476380
59176 586745
46659 428155
53858 589461
59215 404763
35274 97556
35000 1042315
60908 974765
38228 987431
3311 611570
33701 439337
59643 911329
9296 460939
4284 352437
60913 194505
15435 479511
63735 625629
63259 146862
26275 620067
35000 1042328
44860 356866
38435 573173
30470 456497
46631 186525
11581 193813
24272 757360
45168 657038
29794 801777
59149 73731
26454 736295
38248 170443
46177 559788
35000 1042341
35723 903825
44838 436837
34358 557802
56070 7166
33668 186230
6477 766147
37634 526012
57049 318005
20522 994792
20268 907671
16318 965173
58841 545863
35000 1042354
35265 763609
60541 812645
45261 47717
12196 946503
64857 832757
4155 688363
15917 779614
28629 659475
61301 42237
5272 154133
35685 599477
52062 823512
35000 1042367
26432 651045
62456 884750
56618 796868
38946 198884
4991 207777
27963 391734
4484 646082
47228 368741
18373 986893
44647 654581
26602 846204
49830 497580
35000 1042380
52238 778671
67395 272498
21954 399781
65613 660341
50736 578291
46536 222693
12523 228758
3650 294647
65583 996964
18773 279057
5988 571212
54857 161908
35000 1042393
68631 577642
64780 381487
42618 893055
42356 592871
30588 72399
62568 48217
6041 541812
40551 81678
48272 819121
15005 242547
63407 440550
42016 842721
35000 1042406
1946 601644
20051 59463
41776 998283
43079 283883
10735 532498
47809 564461
40510 760789
23462 625806
29979 518585
6531 898327
44377 842336
318 169352
35000 1042419
196 543734
1278 936647
55677 2084
34662 721493
3284 116274
27773 783917
65524 996686
65472 206397
61394 525891
28456 589172
38084 707702
30484 591060
35000 1042432
23360 591216
24319 451642
5537 716556
20367 548508
68109 36914
45035 348609
66390 372488
55405 782257
3759 991
36497 57858
9589 994908
31686 183098
35000 1042445
37386 242133
56849 848364
28828 723230
39696 24951
47105 657145
56263 937443
13896 454228
65299 257568
58372 760096
15565 119266
43634 226576
37274 616260
35000 1042458
60921 871951
35968 444354
53434 669679
354 469918
30896 504537
33841 737195
67313 153347
45662 22347
2540 826619
19350 356586
6969 68956
27932 678301
35000 1042471
50385 391502
52483 57072
41833 683445
41126 688380
57072 246132
20174 990239
44414 975613
18066 881795
41547 255667
2387 776046
61465 17655
46151 339137
35000 1042484
22604 149478
4018 287513
28823 838083
66087 508633
31794 618443
17533 115049
5294 8961
41035 61362
45397 623209
36365 160596
69748 272768
17528 679824
35000 1042497
62868 652024
18444 82830
6186 276874
38662 513266
44563 717394
18065 27906
29533 484807
69752 447171
62950 874196
25505 13279
19263 421450
53040 165223
35000 1042510
26145 614493
32713 71845
5563 65574
52841 774518
43521 98997
58370 603623
42062 688518
46767 138105
50316 648325
25480 69149
7829 923976
14921 423295
35000 1042523
30544 341302
58758 674701
24717 168600
16341 656281
38154 808573
29125 27303
53946 544849
62966 970236
9418 741660
8394 87765
37965 255704
20534 415552
35000 1042536
43310 170428
61454 93498
10115 379665
54697 246617
39608 340994
25945 104356
20141 140772
54525 438996
31637 821439
55561 392318
69882 271457
32448 744426
35000 1042549
39841 179882
31269 795655
10008 737007
64257 790653
47253 912561
21106 448492
25174 965968
62460 613229
22691 980765
38636 950765
25666 468458
2673 653077
35000 1042562
32265 91265
42644 443328
65185 915210
30173 685487
42366 185656
46087 402689
44974 311637
33188 193093
12176 145347
22496 14640
51115 850264
45122 135463
35000 1042575
52465 483033
61885 43536
20628 556578
29431 479801
8758 126610
17759 836109
65670 557698
40149 778633
38889 576458
6519 547582
59912 875764
19622 349783
35000 1042588
14843 154910
13942 122058
56359 507548
19308 286381
19541 292319
22461 348119
40745 912792
13822 450071
18937 896276
48126 916392
15739 358169
39504 948951
35000 1042601
57889 459782
19406 312786
11898 659316
37085 542009
21712 853951
63209 329845
55320 299438
43198 686637
59754 819817
64142 90306
7427 335992
20076 798556
35000 1042614
19790 860778
40966 455373
39063 564887
19753 789611
37539 619705
11903 711082
69955 656850
68342 263351
66693 910191
41664 324997
66507 595091
13288 492356
35000 1042627
55529 653410
67979 38395
20401 285771
9368 272689
61939 700116
56976 460576
55771 656580
53371 176040
33638 243095
3817 416264
11168 990789
22003 738502
35000 1042640
41539 431526
14298 904315
1813 228842
61334 234402
18119 903423
52421 529834
29115 679157
62629 954196
25823 769014
45450 553049
47377 802944
33015 761804
35000 1042653
33819 707732
58719 896189
69110 595776
12929 238781
41627 106519
15334 316022
46311 100185
22238 717955
34215 250494
42669 506945
28738 554329
29503 587679
35000 1042666
28208 414323
52298 383261
38075 36449
53912 958977
27104 436779
58592 561987
67121 691009
24247 454941
56387 829843
20534 745386
68159 739037
52390 105232
35000 1042679
29726 796154
42197 512203
2383 440911
22534 74896
14736 758872
31212 54618
8687 734646
48686 607828
56829 763805
2549 745005
60193 26588
16684 702505
35000 1042692
66046 16982
60556 449767
2723 69363
65771 578767
52451 974431
5589 497398
48973 464755
42000 492309
67416 638289
59601 29202
1157 158433
65631 961085
35000 1042705
7566 8295
24026 830250
31674 36902
47871 863044
63869 445231
52224 590438
59928 874578
22317 53616
69903 532005
63536 578530
10214 273079
43976 899134
35000 1042718
34779 430773
60712 243467
65945 342421
32972 188875
40716 458614
45995 515787
60960 832057
22086 612484
51908 78797
30876 97095
69310 119046
63852 504887
35000 1042731
290 394282
37972 483710
69310 257425
14733 34449
57125 336799
36002 713170
63685 279302
221 316618
29064 80499
10358 427224
26011 593544
41793 523523
35000 1042744
20055 915031
26220 559168
36309 605382
57271 169249
39685 180258
19882 709814
64335 575488
62298 832800
19864 41983
48098 803129
5664 782909
44855 980733
35000 1042757
16022 95203
19866 283665
43227 539109
18106 423066
63397 171734
46934 360679
33655 866934
40444 58364
15451 935491
54602 371339
22966 648798
3692 339080
35000 1042770
61725 645346
3370 640124
38691 507934
39622 633103
57788 78261
48057 913606
19099 805442
4249 572165
30713 536350
36466 492083
41412 896534
46510 979166
35000 1042783
44775 160338
7594 529999
14270 3998
58198 137565
11082 534874
4997 158961
32715 788739
13602 253740
38785 466766
39950 566824
41556 148427
968 115488
35000 1042796
8986 574317
27586 129556
28534 800202
64307 795745
41914 310794
28392 681483
42573 694272
68693 486769
44511 537246
51348 967661
50760 203620
25182 852012
35000 1042809
20552 621911
51680 690708
23946 649289
50027 495739
42844 903744
42725 124876
55600 188500
60715 225067
26599 307188
17922 922061
30078 510662
11667 492281
35000 1042822
25979 58916
28609 126987
16441 78699
39942 355504
4122 171318
1379 672741
50417 240658
55424 804821
3732 422608
42196 83219
5622 27670
34966 583421
35000 1042835
68550 276341
47710 905198
19875 425546
36315 699290
43876 905389
69317 576501
25039 756461
66638 962577
1009 596544
10136 94029
54463 750519
18328 52547
35000 1042848
10147 124884
7539 25200
8539 579863
35946 497551
1995 405983
41697 944403
36437 842262
69043 2356
6284 900053
50863 123908
69938 457104
16968 639153
35000 1042861
61416 762073
11049 957494
15783 666499
61743 910842
6975 579115
16895 771068
11600 538913
21679 87251
15198 807563
55130 13876
36977 982905
43509 563759
35000 1042874
50576 659156
2570 775398
23526 197047
51344 611811
56070 13399
32992 221510
60485 618060
48962 161171
19695 129990
59309 897663
51166 522010
42752 320044
35000 1042887
35551 325763
33201 971194
38308 110666
9052 797042
64349 34464
34321 822698
10810 597541
58346 962609
42864 34376
12468 485082
3353 851094
10010 728473
35000 1042900
45207 340283
39220 968749
65727 829778
39673 490165
37436 191206
18024 497441
44992 266307
67823 195522
39008 869295
46675 645223
63252 812040
10545 993831
35000 1042913
60895 692695
50275 207558
41492 89537
40674 812201
44813 772236
28849 138823
6351 217782
4472 412785
29649 486499
17568 672103
26464 406598
69692 722409
35000 1042926
22237 340796
47061 505994
32320 670988
13633 868011
11209 814231
39298 526752
41713 470791
17065 121226
36492 609776
54797 189804
53079 804155
41154 790334
35000 1042939
58260 981589
8427 939982
26713 819369
28564 48872
46716 742745
2623 207891
3842 58483
54414 412266
2908 848706
35099 766784
64982 163133
68209 638016
35000 1042952
7544 679351
50355 344547
55097 380165
6572 947053
34474 490736
14139 126862
30419 941924
32628 564378
53753 533503
66745 988876
68484 220326
21613 523630
35000 1042965
50957 433306
52984 261877
56816 222263
55623 796246
18664 882810
6759 519812
15951 81189
23044 264643
69611 183302
12883 265718
17347 782217
24606 492532
35000 1042978
17671 365283
47461 981271
30183 10474
29790 344881
59220 415293
56749 770515
8519 695541
60825 503679
5416 751566
45248 512088
38324 967363
33363 771151
35000 1042991
44688 948882
36816 751814
56774 279203
44017 179765
45395 346161
64474 872627
63383 693948
48522 643954
42521 760997
27741 399480
6178 367996
58130 180865
35000 1043004
37344 862640
42006 695408
36595 636060
37445 54807
27354 998555
22229 798894
18688 503233
14904 705201
6914 220769
55741 234843
50678 916661
47041 797171
35000 1043017
13151 310054
45027 592207
43267 603361
8378 649530
57071 224400
2184 956119
30869 311468
55033 521998
61380 519810
66397 488245
44867 404315
51776 758028
35000 1043030
64575 433655
5457 442954
18629 880748
11150 666174
33009 261866
44995 966601
6840 127298
38698 692812
67620 856242
28216 553594
32298 920918
60094 306847
35000 1043043
26086 562071
36628 709589
50414 827625
56652 854837
28754 85386
1888 501171
21225 712512
40241 854933
69394 715190
50025 319049
5384 496576
65355 135163
35000 1043056
33992 417131
57920 284984
19697 906067
47988 411843
41318 688712
32587 294702
15942 835506
21584 891997
3612 785626
66709 758108
29802 976563
13659 596197
35000 1043069
9706 747196
38753 589485
27985 723366
10160 328962
35748 969073
47065 247313
55107 349017
53356 819903
9809 850614
7342 641260
5974 407564
20540 152646
35000 1043082
17963 983351
57983 540508
50227 198320
42398 994485
55349 3732
10506 435462
50801 904519
27595 955090
34422 646775
68488 633066
6553 363092
66707 369609
35000 1043095
46224 782408
39068 164
50961 744707
64455 256325
60666 405420
27821 674866
49022 686167
66934 678517
60548 712968
52741 225852
68373 28327
65476 812785
35000 1043108
1337 18248
60228 39827
35381 60841
13072 600659
26096 676834
41476 806218
27469 309844
21632 597410
61725 235559
23472 333200
35508 655981
18330 279204
35000 1043121
3499 948854
4515 43137
8819 659909
59305 204201
36578 168449
49424 134573
25303 779198
43796 268199
44426 434032
63583 825042
13423 183554
13479 820876
35000 1043134
49107 954867
61530 314795
59039 727647
8633 496500
16092 1224
53460 910056
56640 553272
8495 464462
35089 766983
58987 111539
46141 907985
42123 170532
35000 1043147
24425 831101
57954 452212
29792 26295
33729 523446
40249 810314
56960 885332
3022 778244
2783 608015
57444 173463
57532 981592
64109 765502
58491 43083
35000 1043160
61488 382195
18443 963137
36610 800635
56735 78681
21338 61650
48548 908252
63439 167557
68663 280149
53507 655877
32765 368090
28350 122044
21455 622662
35000 1043173
3371 739483
42295 42528
21139 329172
55686 343460
19001 653218
15122 847794
49574 17009
51096 999174
7124 991302
31991 188533
16659 690546
6125 680463
35000 1043186
26801 926506
4540 921221
13256 54223
26276 344417
64802 630958
45741 466982
51645 947615
53540 624755
35915 136325
36996 629110
44180 128340
22888 407581
35000 1043199
61287 239508
24657 686438
23815 788806
61193 913936
8036 959513
68558 36667
31790 286315
46147 586558
66487 542800
42849 467706
12846 776133
3670 319393
35000 1043212
3916 807980
38417 628672
66493 311582
5771 370914
13411 987668
61706 685056
48189 717521
49351 806135
14908 482420
13644 137285
31180 306192
52734 375430
35000 1043225
26512 902731
62324 176438
40741 138800
14416 383098
46281 495778
64464 85773
56234 112536
17020 147894
38737 65742
22374 198998
9418 402985
8460 407105
35000 1043238
19614 419909
27055 958638
66685 113813
1627 737462
17453 685056
52064 125690
62547 755379
45454 646984
15650 990901
35348 238627
4045 195550
28366 175928
35000 1043251
50957 912320
31318 506730
6498 294224
14470 375483
23937 406284
47402 961380
62185 379156
34694 732857
52764 450511
32312 65180
64051 592347
33777 998543
35000 1043264
6808 969598
44863 208109
45206 548111
17244 370833
9946 759666
21361 598188
42745 111393
67261 838688
48874 191133
48105 234269
63517 847396
23661 736884
35000 1043277
64138 473810
68245 132844
35740 269489
43346 779390
39456 677041
39536 733321
12284 48712
18857 690306
67231 595166
60770 926782
34981 68557
55325 695638
35000 1043290
33657 370665
25104 989990
39666 99731
52381 737943
52212 905085
37765 384372
69062 742523
8365 992199
63121 589507
36306 603865
21713 158246
44714 241578
35000 1043303
17118 339667
11627 420356
58086 146631
6343 151812
40002 860573
51636 392455
52185 263565
55329 789168
51798 810916
42691 828695
16764 364192
7119 454383
35000 1043316
27863 498172
17001 178303
50015 984297
46515 552985
30397 774272
26077 338534
39072 963629
50578 768023
4747 823862
62253 715412
55807 3535
10599 543631
35000 1043329
41892 262393
63377 46979
12922 666637
46136 336755
37973 359747
24583 301975
31069 186886
59225 192156
60541 948582
45596 798333
52992 278571
49692 140884
35000 1043342
31666 708036
36330 893398
19673 270365
63567 980722
53521 165786
755 582267
37573 210574
60777 184018
18499 21703
29698 903106
23156 502746
57206 950002
35000 1043355
69601 822022
7091 720969
50307 231202
19732 991510
36513 695603
55893 515375
69446 65791
47493 319030
40716 178039
19359 374887
41918 330577
66134 881462
35000 1043368
31857 714997
57138 179495
38449 651180
21377 67719
66376 741350
17027 671501
56371 426367
59990 157003
43112 984659
59864 310025
5119 276946
23717 669258
35000 1043381
15978 369923
33146 714680
3093 191187
29083 220922
19852 590789
49662 353342
58450 322189
43017 446068
21578 250965
114 867708
1805 858547
58427 695415
35000 1043394
15059 172501
41097 508232
9884 914579
52043 714602
56322 977613
62457 449906
3340 124037
2784 999066
54775 884595
37313 748111
14422 837732
12847 876313
35000 1043407
1845 565557
31192 466901
37623 780311
4416 43255
33588 205732
19325 211237
60421 611483
28208 46731
50151 305580
476 172056
67900 101800
8215 555683
35000 1043420
20350 841256
38111 741773
1095 984656
12943 460650
69551 385601
33444 784137
49393 150086
56251 355024
54187 99115
49240 959405
35514 176912
38232 920113
35000 1043433
56310 812105
61146 973464
15240 827513
33846 664860
41250 769743
20661 263900
32855 139707
56104 37669
48089 982288
38080 894663
67661 904998
42222 821313
35000 1043446
38351 701884
28234 209033
51822 715742
23087 395169
1007 409119
62268 145670
31778 388253
22971 271911
12748 12077
26875 330741
53226 158103
51829 911015
35000 1043459
47243 418857
22553 999797
33798 109665
63914 602010
23878 640477
51258 928502
34800 826630
62759 547000
15156 758735
41345 711870
47915 679621
67506 664069
35000 1043472
11777 197542
12234 10102
37434 904885
35915 954824
6047 638183
51388 468867
62727 568437
57671 985182
65481 282811
64565 69333
8518 180553
32450 862893
35000 1043485
58401 728655
61907 537515
53420 495713
39402 712471
48182 938388
2132 360860
23203 463976
44344 364144
467 1433
6404 691703
13372 95464
65917 613559
35000 1043498
12616 16936
36649 736006
45146 430157
23364 127271
20775 562231
3788 806626
11898 313422
17435 172780
48883 215158
56222 992184
31267 583590
35531 428596
35000 1043511
13429 754333
2335 431891
3799 959912
52178 909721
57023 675809
49231 324598
15169 44196
34297 988919
51437 544610
52074 90369
38803 726732
60980 428706
35000 1043524
44945 185310
48178 493405
20502 998927
1624 518221
17047 794545
69877 120007
11845 161683
29627 980841
44806 807622
26502 470189
27896 917898
30144 987100
35000 1043537
68234 9258
56763 94526
18748 323326
33600 4165
24533 388006
19635 628492
27459 337664
11615 60714
23026 720242
20976 901718
31506 567829
67638 248304
35000 1043550
26253 229895
30772 163321
48350 952358
12030 418359
617 288026
15788 799983
23942 469602
30946 5348
492 494457
52714 63530
20243 974783
69416 574657
35000 1043563
32780 182233
19587 353067
49363 449683
38546 973762
64741 988744
57514 821147
64966 178040
12317 111961
52928 732836
14758 179312
68760 448973
51163 124547
35000 1043576
50457 989783
21866 59049
3150 964698
67009 967702
45771 363731
68463 466054
22324 59017
64614 235928
42987 533796
23180 656426
34135 5726
31131 172592
35000 1043589
63078 335561
54569 960731
5239 896867
4430 755040
45959 987487
52412 347740
63621 431679
22190 676608
53563 342265
66708 994216
2480 320586
4855 933483
35000 1043602
11195 442750
55285 136162
2419 579427
39008 138423
65658 756474
41382 715583
2201 505682
20470 922076
6259 975714
50079 359875
6356 485547
3593 776142
35000 1043615
56471 981864
42687 90313
47441 940720
8793 483859
57594 260692
60732 692692
22579 100465
6380 142396
2527 972108
37332 672196
16103 19313
61883 936317
35000 1043628
13705 609583
27327 297113
41937 326487
28855 645007
60738 383811
59363 690492
40689 351311
51283 55468
57966 449425
45627 760865
14339 71204
26605 225971
35000 1043641
44618 488346
14681 180456
67049 185457
57264 192539
31277 354752
42632 173977
35135 107942
62066 964021
33489 402031
50081 101873
29535 773575
12789 635670
35000 1043654
52245 400789
21892 887137
30807 714173
34678 411610
58029 162572
49555 296259
61116 283109
53635 465922
57393 625531
61426 101739
56769 851500
39664 437782
35000 1043667
15199 853970
47620 475434
43721 183497
52676 316150
15881 64415
20158 493809
35192 69762
54867 583564
7073 142006
28187 965176
37938 376774
8955 574135
35000 1043680
7077 433595
35480 410323
11061 960444
39127 240888
52900 905014
43292 50615
6404 835725
1826 174623
47583 92791
23317 345136
26028 795881
2368 929179
35000 1043693
24135 602658
13777 806348
26579 258404
323 724158
23877 686069
59203 927093
25312 631824
55048 409061
55054 634507
30212 604376
60195 986304
31633 627821
35000 1043706
12593 586931
53203 463140
7600 547396
59741 830404
32863 985377
69737 573138
29851 705216
26802 188651
59998 344902
32203 268736
33785 365493
35330 570935
35000 1043719
55895 687005
10235 626629
58857 771336
41254 880926
23910 74134
21769 38591
13410 471064
20129 703759
206 363925
5235 774681
67112 394939
29897 193972
35000 1043732
39392 495830
52613 239173
56958 870390
33819 910588
44172 958125
28109 769900
28088 183475
48838 623661
7519 682078
43631 384718
45086 204344
15036 690076
35000 1043745
44160 949912
1601 204539
14021 296018
14371 196895
54529 359897
43628 416205
50356 187520
42777 967211
43118 490356
67122 819133
68776 845926
12024 272226
35000 1043758
5799 530386
19537 106992
38817 173705
12774 214933
3959 162474
7928 561468
13988 833047
11178 117723
8721 959979
2592 572579
19061 262181
25405 842031
35000 1043771
16470 872950
47324 719941
50195 824031
29404 840550
45873 943297
17107 400962
57239 761841
18605 800485
45435 56805
31394 929187
59308 200895
28437 854088
35000 1043784
68458 325051
51618 315654
94 768574
32712 939699
48452 211959
40416 368956
36256 899996
8942 797249
14657 474162
41054 546478
46802 763931
50787 328599
35000 1043797
13188 363466
9026 77570
15208 965902
60788 82481
61777 674802
66354 293654
17927 873764
62878 940007
64289 729080
24345 887833
9083 61618
5229 477563
35000 1043810
55907 814241
49755 330102
7208 812973
16960 66078
30543 565717
60621 220437
51468 111378
57544 164078
59910 441462
22110 32981
27556 668088
31223 945250
35000 1043823
65137 648186
54084 221667
57689 313842
68453 406068
62509 184423
63566 762381
36267 253552
3447 481841
8272 692833
65446 931412
13427 839381
21692 144107
35000 1043836
66596 190597
2274 281576
57990 462015
9940 893708
60534 947301
62907 714896
4239 263133
50071 804577
22605 717681
34386 258293
50784 570549
51866 117618
35000 1043849
17740 840042
908 21540
26165 713462
14007 825075
7400 481305
23165 43772
56918 841744
13724 244469
30453 246128
27786 737090
42329 14309
30695 89558
35000 1043862
44468 387854
35861 171509
67422 691638
10736 494270
63472 800660
8304 216778
2583 560317
68205 150144
52606 153444
27504 77122
25087 829498
67633 399647
35000 1043875
51139 699429
48114 374138
20106 145883
22722 330976
69768 514986
15221 296590
30452 552343
11716 198531
9477 713186
1812 439661
4851 775878
62549 163625
35000 1043888
14492 178952
64029 956653
7681 603391
1746 659517
61255 308542
33899 159615
55629 131299
66479 494318
11820 986388
31763 156860
21344 387943
5788 858018
35000 1043901
31599 657350
58073 66481
45392 470259
61934 333509
8582 64870
54130 590454
47781 216250
10931 692960
52456 911229
45764 629928
60903 428642
21678 601978
35000 1043914
38478 154096
61036 399080
31429 329645
35679 943875
1032 74983
20588 690665
39704 700469
37721 92026
3052 778854
2792 988169
35419 500335
67412 730794
35000 1043927
34630 60925
64819 244640
46519 416407
47817 859926
29860 713347
1615 673144
16759 646437
39747 709924
45696 183275
51911 609917
53750 194432
58094 194123
35000 1043940
35402 450228
69822 63645
45818 386092
6871 416141
20496 285519
67435 551941
60202 654200
26793 244195
35416 30462
49269 892435
63593 823002
62915 178050
35000 1043953
67810 698318
39228 107929
56102 429773
62785 387800
12432 861456
23865 559958
63755 509712
61205 711984
43281 9774
63591 156234
66337 826482
20977 787433
35000 1043966
56365 425128
66092 864415
58817 225254
7762 113029
7036 192364
65503 787116
21332 828017
65370 887476
40165 783154
9995 913249
7894 2196
27676 206872
35000 1043979
54241 403776
3968 434455
66254 67663
32570 839571
49846 556598
45623 576945
63301 253554
352 303739
14518 734253
10115 898507
68266 349168
36198 193402
35000 1043992
68988 891729
65574 812004
1619 939720
62106 681175
9572 756353
27075 62486
67125 584619
36535 753948
17148 218619
14688 142438
37755 235164
33474 672382
35000 1044005
54559 580307
11209 103824
35272 913344
49502 8898
16082 96204
53144 216041
64475 961820
61040 270805
27738 473713
22231 696277
4300 955761
38272 502682
35000 1044018
49156 587186
13813 352791
57134 803226
25534 656462
24051 303320
14063 566883
9910 457253
19366 957345
9637 135982
69730 268416
63450 676693
1649 562130
35000 1044031
27537 780053
39928 617142
64065 571986
56532 626229
2972 743985
53393 593961
2167 861617
7883 616461
41181 88180
35126 237034
59243 266983
48736 698255
35000 1044044
41849 397956
14767 78585
19215 88856
26307 344833
62103 306912
19990 331890
62423 839474
33889 59546
6273 101142
564 821816
30318 556767
68917 348159
35000 1044057
9775 615292
24233 954980
61999 439168
24236 748549
6352 819440
26712 909549
5318 108941
53371 90302
2470 509086
10722 354347
62258 378651
50362 680231
35000 1044070
5578 793133
21812 50865
68686 249813
7752 957365
64192 133913
4390 293996
3728 165962
34823 726678
59199 168188
58297 392563
20309 158085
19981 339264
35000 1044083
49103 249505
47751 797105
29705 157587
48263 887693
41605 936244
5316 595103
36251 940682
23799 736636
28626 808915
5188 436970
35002 313284
22382 445080
35000 1044096
28337 625586
46760 749043
16802 699268
63420 269718
60690 432216
37247 391524
4409 334084
25212 550169
15646 1765
44738 558388
58093 207408
3733 573997
35000 1044109
14418 129024
28702 405954
60190 297180
4876 657704
34420 564981
63708 665506
11576 851368
701 752717
6463 805729
57053 870202
11025 80690
1316 436189
35000 1044122
55534 959797
23187 31165
54415 922255
47089 407555
69504 182580
378 348768
40288 19576
46333 347899
19909 921768
63743 83737
41456 850615
35040 643747
35000 1044135
65587 619634
33436 580918
68827 686004
16914 195008
60250 760962
29111 452137
64180 444851
44812 661257
37063 662910
11332 285977
21944 330978
18861 226923
35000 1044148
10252 713172
16398 256262
6908 791204
8106 244830
46406 528842
43899 44576
45905 312586
7079 264839
33350 38648
4484 221805
38205 892667
6452 470967
35000 1044161
42120 943701
4955 681209
39733 174470
7462 902559
8092 522702
21945 808077
8392 56894
31063 433075
25228 384340
49289 880200
33016 740165
18209 736196
35000 1044174
40641 770733
66035 572437
42549 816609
52280 443063
47109 606482
34229 752692
2855 193979
33806 674710
14226 761350
17655 992293
37793 298722
4802 420316
35000 1044187
21656 811062
18127 872568
51128 992485
54666 219181
65820 144461
42183 552747
16586 135147
35165 770358
37636 560161
67523 808214
55645 194610
49944 792179
35000 1044200
39119 495621
29964 309839
7456 47187
23651 698503
61741 741557
66223 345716
58561 887446
41061 34889
59680 250156
39838 229297
18273 557101
32950 81068
35000 1044213
49305 284325
10469 51665
13943 128458
43943 84264
31035 93302
16031 102659
52174 535270
2785 240777
22713 492626
4262 845758
57589 345304
784 172076
35000 1044226
2100 106582
40009 134881
41603 57194
9118 869959
64787 631794
20002 919888
33897 662912
48282 144404
56956 353520
8518 238864
66618 952065
44895 642708
35000 1044239
66231 486511
34664 646913
69904 50568
43850 390387
27946 193437
20710 611302
4188 789347
61857 744172
51094 504900
52928 16798
45679 438842
50018 691864
35000 1044252
11470 959956
46773 391665
3348 898112
38321 382005
1437 181409
39513 14837
39813 336021
50988 136100
1289 915489
2381 713706
25600 600201
5890 710944
35000 1044265
6457 5456
35445 593575
39658 75255
32490 255934
35220 14297
31282 750163
27929 408137
4915 698855
55059 281262
648 941669
47161 987756
30838 191472
35000 1044278
68313 556853
46054 867489
64565 458540
17987 275584
54710 992837
5625 906075
13217 404347
34433 867505
35804 501287
49773 130267
45547 458380
20789 877286
35000 1044291
50393 498271
66018 739681
20428 569282
67080 913508
33542 815067
24781 60298
21857 287323
60953 916138
9911 908500
68637 516605
11987 880346
64295 949211
35000 1044304
42902 17644
25901 460470
42320 890700
6197 967530
3368 575409
66954 863635
17461 842729
10186 440128
18938 32043
39592 128867
30674 482113
17130 608413
35000 1044317
46240 903206
34876 582043
39373 961269
15742 835914
14103 593784
30386 125885
47584 737134
41876 363419
50641 921786
49498 35468
55259 214438
13151 808777
35000 1044330
36152 777356
19502 828368
38294 824295
17309 99047
40624 808107
9014 323575
59028 462460
43860 977912
25833 89586
35716 794502
23328 591589
62981 591886
35000 1044343
10567 964365
64563 323056
36423 76786
63681 608069
13921 53949
9192 953179
15053 935430
13497 889146
23426 971030
42811 840330
3616 489011
57299 170973
35000 1044356
28008 326617
14594 79409
15225 647233
38034 882738
51863 624664
18273 311198
12872 444049
53606 528846
53483 847160
42918 616660
46060 17975
19283 222351
35000 1044369
17414 326222
8579 127591
30449 674356
41414 460814
22605 703512
5379 810595
26829 816328
30409 221791
52441 906863
31345 194303
62443 590621
32528 911975
35000 1044382
55845 161841
26441 688374
55003 116013
57825 850700
5481 981007
6564 448552
51196 836057
59565 385465
42088 895868
38066 557600
4369 229594
9452 366840
35000 1044395
8655 518435
65666 886122
49741 410821
65676 308703
28035 928354
16332 850145
21149 541481
19686 277701
61443 954407
65913 507447
4217 752916
57895 665910
35000 1044408
17526 748222
16054 731005
31790 5918
27212 649466
52111 628193
1255 529689
30616 458914
6190 691490
15394 381343
54908 860149
61890 766604
13449 257996
35000 1044421
54836 384475
43050 941128
30254 893467
44158 696461
47947 717428
12670 188704
39608 900959
19536 408028
29290 705364
11956 500622
38096 934997
5665 850668
35000 1044434
3300 877929
33004 963946
7450 182144
16918 421545
32222 700557
8996 850525
37526 651219
24264 303715
52413 595369
33488 444539
31225 819896
24778 904798
35000 1044447
32393 124883
11270 750198
1818 128279
39709 50773
63086 192950
64550 841149
27374 42294
16998 76825
45559 34532
15121 519672
5735 757478
59051 681849
35000 1044460
13812 345159
19294 280309
56259 42374
4250 236694
35004 969635
4234 365576
25156 344853
13860 59991
9968 570366
18576 968751
9025 981116
17975 758930
35000 1044473
25501 576790
19872 75636
60178 896758
25385 584937
62983 519123
3257 471560
63726 175125
26590 694707
42002 986837
40442 417430
18843 580888
25096 293825
35000 1044486
52704 11231
20238 112270
51931 664859
64158 592920
2563 554276
20369 23850
20818 963652
21974 385357
10133 389659
29157 896391
40339 617583
34592 402686
35000 1044499
22949 974820
30588 24802
29553 570937
55774 310252
8328 73747
30264 325222
30771 172877
18259 242395
43172 113401
2268 867380
68574 314906
9914 320178
35000 1044512
1663 448911
39639 758041
33456 68821
12132 642894
30346 550513
3469 791171
53675 358984
61493 444095
18032 571526
65215 761911
12782 621621
17205 768792
35000 1044525
55811 234024
67281 727119
68885 802909
13404 406960
15911 906734
61583 378130
68839 815099
28420 291211
58538 350745
32762 142029
13622 229242
1746 805255
35000 1044538
45615 537962
35388 139160
66230 459799
56858 377582
39023 265820
45759 780059
37302 412077
33672 794192
28801 49984
28429 566139
14178 789726
28770 418035
35000 1044551
52032 468845
35730 869603
34900 746915
42253 647124
17393 129535
24355 400495
12486 603174
38194 674393
57741 918622
30702 202257
52518 194009
66714 98725
35000 1044564
7971 247024
12213 785314
20103 639780
2125 824666
54092 798267
25596 973506
65911 48194
31961 718293
52270 722103
66083 242850
12981 576018
1872 101106
35000 1044577
2138 631009
7395 805193
32659 866523
67161 194186
9158 277661
53054 500801
46483 921997
13642 273682
7350 968373
37421 48540
26372 90724
66143 555486
35000 1044590
54986 229729
1481 539704
13862 574500
36683 260780
9075 864419
31181 580792
17937 812798
44946 423568
31841 514755
49070 78286
35944 357600
39215 572124
35000 1044603
58778 837024
16062 690696
64371 528051
3247 240295
59845 645409
30387 78295
12601 424009
3630 670120
14305 601307
31011 692386
3385 141985
49703 755824
35000 1044616
5110 385333
23936 205474
4473 278176
44371 657319
65714 663692
33080 60422
63591 418670
53073 284817
14996 859909
56790 652664
49694 627230
64829 181345
35000 1044629
32505 725226
23266 341067
8380 530294
16981 471
19624 949578
53838 476677
32473 643210
16414 293005
43449 903310
18635 568814
53970 815795
39058 740133
35000 1044642
52780 394809
16938 809783
33477 580022
63541 121256
23322 690332
21567 447187
7057 679881
42531 615813
23131 662459
5386 409737
32008 108943
36499 801088
35000 1044655
6864 131754
4706 810881
3348 92161
57716 575626
39542 906622
63752 169939
32109 698009
1228 760194
10016 188675
31292 527933
61702 184933
23338 628611
35000 1044668
33786 669741
63314 730005
27377 362373
9322 663495
41019 184502
54038 677784
63440 806617
2955 381524
20631 209848
9788 406536
34693 494708
44584 133474
35000 1044681
44112 39895
40898 980060
52654 246062
47517 378948
33746 884210
11280 524505
8106 412501
19509 946246
19152 287387
38771 269915
14066 764336
27993 600247
35000 1044694
69698 93901
64643 662804
13530 120758
24663 518109
19156 926781
69110 533273
60587 157408
42251 246963
54399 368806
63296 537230
45927 141198
17566 864765
35000 1044707
5589 634976
44731 46994
4657 339999
37061 653240
53165 522811
41958 393489
21533 858029
55781 269664
67866 644252
44071 972515
319 207807
11270 487860
35000 1044720
28258 850668
43836 26878
39680 195646
41031 563987
22003 857753
56269 277863
65118 2978
68101 227295
35799 335865
27210 596139
14543 725403
4824 724488
35000 1044733
20765 284709
45455 927074
50261 308465
66277 532933
11286 583044
16977 457252
28848 265824
19119 369539
15953 896587
42519 420099
49508 873018
41932 115880
35000 1044746
217 108902
11558 80910
55178 462337
7740 871840
24415 763657
2496 327442
55165 181183
42474 950610
48271 177644
17030 846869
66432 170118
18592 137573
35000 1044759
21921 347069
32478 101440
64210 11131
37177 589794
35804 115418
67014 372143
28002 797702
37275 362688
12688 725350
53475 167150
36339 381098
41435 848041
35000 1044772
65655 89483
38216 674540
28002 115150
52636 532860
27704 860722
21664 291696
13273 305299
2199 417342
2295 423102
18437 847271
46502 48005
37974 108803
35000 1044785
60638 330111
67723 156525
55721 944512
34218 419363
28756 39556
27651 185724
42197 713192
63323 452119
43073 70032
50051 980115
48801 533781
54548 20487
35000 1044798
23356 963501
62405 244572
27309 626433
53248 750805
3444 148067
18659 111237
13890 380425
67844 411084
60903 714097
984 450062
6267 860733
59061 226838
35000 1044811
7274 414084
39416 582007
25721 462135
25241 196657
3787 685822
50842 80473
43115 352590
48540 226251
65070 596923
38541 802435
53137 51536
11152 132047
35000 1044824
10781 633296
22561 86468
62946 135203
25284 279310
21215 682279
44203 491439
11898 544784
60684 600042
43953 719031
21332 895824
22771 271541
52352 739490
35000 1044837
67721 265617
20805 220997
22249 224455
25898 941600
15302 650412
38306 848891
6608 886163
50832 201643
37882 400412
6454 789948
30056 279933
32987 680261
35000 1044850
66225 50978
30792 549731
14953 431908
19830 302813
3693 384019
2476 296178
49784 298307
66223 422574
30172 162168
19006 977645
9923 226393
64301 95643
35000 1044863
50579 23753
44188 481738
4821 88255
9 33791
15605 976158
5346 159411
29901 164383
67791 620204
32616 756559
26342 5643
4568 941418
5991 456700
35000 1044876
61782 216954
4632 172338
6583 181020
24692 32414
37246 996721
61246 578849
28485 919179
14897 385200
47921 809318
29523 580234
62398 189997
6745 642678
35000 1044889
21618 29748
3625 235648
36449 196148
48572 906551
56920 700814
58926 88911
51960 745528
5400 897039
64280 213305
45501 770766
59046 468755
14776 647203
35000 1044902
29090 182307
39491 59068
8321 499582
6629 564110
56994 875234
15297 631123
18557 223814
35538 47745
10794 594629
49694 279805
46613 581437
33924 809123
35000 1044915
48717 919447
62627 327949
18718 271007
45895 306881
10415 748898
67262 161286
21904 309437
28390 584704
69204 931930
58834 400350
23243 639111
52578 982458
35000 1044928
44931 19602
52097 746868
52322 96014
55268 771995
34749 868456
27596 318798
27667 925081
44542 136251
29986 731124
67597 760906
28286 762251
53996 215881
35000 1044941
681 69969
61966 257186
31031 984321
41371 406457
15854 518389
62533 882657
4737 577565
21797 712523
53565 660561
9259 753367
47197 84398
4948 801071
35000 1044954
3395 778471
61247 2894
12538 670806
434 526433
53827 313635
53782 282824
57237 770263
19752 937695
51005 54415
20828 627126
2252 192250
28063 931600
35000 1044967
8940 339330
12982 227305
12675 450313
34461 938600
5535 333376
50632 594503
483 75862
8680 949696
68972 562084
4570 104050
58713 831440
8960 794335
35000 1044980
17674 776020
45030 324343
40414 926265
49398 283923
68152 99576
39419 100355
8649 499269
10461 633546
43098 121582
37944 14983
63823 458478
66380 425626
35000 1044993
46313 241979
25224 526792
60666 541533
20863 375780
38442 418646
4931 332240
38886 565044
39616 809051
54786 370648
66870 309721
58118 473366
21670 236617
35000 1045006
61969 478868
16292 694657
49849 512642
48935 372949
41279 874350
32244 45361
64050 81923
18807 383433
57075 761147
54451 660420
68445 535366
32473 903920
35000 1045019
41317 456646
38037 76655
2326 329248
13383 20294
16481 524993
18505 546471
37741 301447
17514 490916
32374 266475
61432 630888
45771 17881
23115 28641
35000 1045032
54501 13865
35619 406930
10462 216378
421 582249
49507 152794
14436 899245
62493 197177
31906 334793
63506 100333
26743 513110
30768 489315
26832 769066
35000 1045045
65995 835049
30626 878799
47714 781957
6216 907416
23314 359506
63815 571653
1681 467622
32398 510752
53853 879216
67742 76954
57852 39810
52607 47399
35000 1045058
12381 485625
37877 693222
17875 306816
5000 773585
57294 236533
9033 487250
49012 338714
45760 933337
3023 119053
55293 661555
46203 724454
18636 392495
35000 1045071
4323 878644
66190 867085
6548 195640
45525 62437
11015 38193
17086 970938
30147 186069
64225 966968
34499 964003
20665 166219
27445 89197
49325 242458
35000 1045084
546 196672
8918 664137
39885 610379
44340 988393
15739 588918
51915 151190
60663 806617
60701 840167
57037 833799
22400 445995
51218 937655
7231 858581
35000 1045097
47154 925786
60685 158036
29881 384505
41835 956653
57275 866669
11042 689129
66006 843645
53380 584541
792 207813
60111 371952
22774 833373
63415 746233
35000 1045110
42745 789711
44341 789728
42922 459811
15511 711911
50672 776457
13532 315897
8063 660690
43316 49033
64571 258336
64992 114334
67270 385205
4327 537126
35000 1045123
60010 106385
67886 739891
43651 910805
46482 421089
45406 355958
20821 516550
40490 944137
13005 273990
31355 644971
67102 312903
23148 628850
42029 672229
35000 1045136
69475 263157
2304 475507
50114 938490
22912 769234
41945 408901
41087 801193
8293 676023
11241 810865
36866 811546
33132 754365
1466 465634
19088 159139
35000 1045149
61049 917047
56594 756338
17486 22957
6297 287270
40829 112367
38784 774913
8025 745854
32304 13782
28039 347265
46046 11961
49823 350641
30207 842016
35000 1045162
56318 314828
30830 904962
43606 956095
16793 675183
5518 6685
54592 882777
51207 323419
63632 480006
63286 805963
59675 139719
52768 835851
25719 686686
35000 1045175
28685 911659
21061 122814
24264 458285
39046 463303
64217 583226
65547 844598
61676 26880
68434 579574
67436 428962
36955 208140
41596 990787
51105 170646
35000 1045188
9167 626108
729 338682
28437 265046
17191 484525
16502 203558
16289 550538
43933 432142
16913 22189
31368 323141
53345 256124
58048 293318
65947 712961
35000 1045201
51769 905748
7933 483642
62521 272253
3968 224037
66155 892534
17518 740158
50369 749479
47943 699854
47739 783349
59828 617119
35084 498928
13531 830665
35000 1045214
14034 621074
66279 107319
67422 73953
39661 802503
14393 448408
67957 418559
43157 793854
19890 629052
41821 108522
56768 488695
46357 501851
34912 504867
35000 1045227
25850 876035
36836 735814
28280 615020
29007 631297
5342 720582
23313 305017
31974 106856
17341 640331
16568 635592
32853 114586
33550 77553
41704 741287
35000 1045240
3591 97575
53577 884904
21978 654417
38726 19321
47370 233435
64225 987210
20759 611273
9032 612866
51175 951280
5879 395599
58901 229386
18167 622517
35000 1045253
16753 667520
9838 893746
2350 706639
57969 328272
56947 150376
68800 295206
61184 245184
10780 233245
52895 674200
64672 624340
952 800291
29703 978611
35000 1045266
26644 57815
7910 895199
54910 831656
891 817047
53998 901104
27708 447928
15496 881621
1112 437059
4710 306517
68092 661705
30259 944895
37201 279622
35000 1045279
25174 459427
1524 406961
13580 394526
30577 750441
68835 528148
69242 71291
16621 470128
26652 542885
58960 356300
51793 401327
8938 217014
21042 398383
35000 1045292
54001 739659
9513 328931
46096 267804
35990 732782
54176 842643
38201 55806
7746 330717
393 489287
19371 291866
35608 116511
31474 262314
28461 30308
35000 1045305
29689 347677
67720 772883
58102 196140
61843 857843
31838 875032
56951 243175
66856 945524
63027 532089
3160 129331
21836 88913
3826 800837
52676 868560
35000 1045318
34227 614973
66777 896819
69120 402904
59708 841293
46578 705635
45938 336259
19474 743376
62599 195344
16541 76589
59094 531170
31791 814035
27544 438079
35000 1045331
8614 74319
29170 819768
14653 183117
64313 610956
60418 185979
34380 775623
40643 339719
56282 515924
9094 908903
26661 380423
16630 140535
31423 949609
35000 1045344
20250 492328
16138 372992
55606 298699
14053 885537
26513 108045
23128 459032
322 343005
8400 779931
20927 401126
68213 996037
14045 841473
35106 416591
35000 1045357
16115 529815
14142 150203
41146 579729
2870 788563
21871 231832
64897 350059
34649 533000
14619 136274
5734 488572
53555 244120
21728 544932
48360 513159
35000 1045370
62644 13900
62352 43281
44967 742420
36000 791792
9295 381980
41143 425904
55446 535441
25187 622319
23453 265872
12035 269436
61660 641213
50084 217334
35000 1045383
27503 117487
20961 838654
27029 964568
43731 831342
38195 887746
68924 193740
65796 418162
29408 421011
63715 732281
25215 249076
4629 148957
22010 138215
35000 1045396
37161 114695
27833 67269
60898 50559
44675 603796
37790 764705
43861 597442
5191 419661
25018 677976
3351 417208
35133 22551
24237 403481
62042 146445
35000 1045409
3081 780899
44454 61925
28495 487041
39676 866070
27336 479329
19510 272242
32403 123125
63477 183855
38295 741143
18578 469023
56452 289660
16334 136267
35000 1045422
41524 916202
44427 748361
10023 164088
18486 886559
37643 795286
5523 151539
24944 245585
51488 197163
56359 551385
24289 968557
25118 50880
19931 841771
35000 1045435
13438 85594
3872 358897
59186 925039
44419 427226
67406 324707
7258 538173
36902 42892
37222 476379
13297 23683
46484 498009
50272 987556
31562 367149
35000 1045448
47638 345598
53490 379596
20048 730894
35087 785416
32074 11172
58043 274874
8642 285784
17181 285242
19133 568014
52597 637151
28746 167807
29778 457362
35000 1045461
34125 40211
37492 794351
24810 192884
67746 920499
47089 766266
58090 614406
6315 603033
44738 881998
41889 76015
16979 369311
16881 990003
35261 345447
35000 1045474
6900 952676
12976 88767
26222 852106
69741 536243
36681 909562
15256 213610
37320 796858
37919 885890
32474 628948
34288 132978
30543 819631
6933 176809
35000 1045487
15398 623669
19005 682736
16151 607665
22436 869758
56869 368548
42501 789946
41859 215087
43690 409107
54075 571838
66783 584303
23925 815282
11422 34660
35000 1045500
50582 712021
35790 542886
44658 595964
3990 209257
25245 718967
30292 54712
11985 558373
46677 2283
64931 505054
58196 375622
50696 535107
31062 650241
35000 1045513
32548 91713
11899 432222
34733 231295
12001 530290
64282 387421
67167 359027
3936 15627
69372 151173
26953 297817
35025 464082
20910 892254
7281 463829
35000 1045526
8011 453751
45517 419165
22987 791113
36983 277185
34863 485953
66513 574439
22499 688978
51400 374348
25645 398599
33352 934922
34261 614116
68904 430966
35000 1045539
49352 57482
60206 843932
1956 622863
58978 383064
59729 333327
65890 234791
22491 225365
25160 852815
69254 156851
15213 233003
11556 393116
53892 416249
35000 1045552
32096 814740
1548 584357
17953 315368
50109 25427
22172 99067
22553 841747
4359 555999
29922 243696
57044 633163
57092 891215
39184 676028
5216 754370
35000 1045565
16674 421697
63613 467721
3929 221367
36108 199880
24941 81423
7909 267032
63887 960
27505 331377
65375 325618
1228 85050
45255 785145
28566 241286
35000 1045578
9032 390769
68753 878087
54847 206101
39170 943764
36331 889374
28105 405907
42769 892072
7099 311792
52439 551661
63608 152276
63863 807039
56873 773030
35000 1045591
17921 740544
6635 977070
21582 428212
48501 96052
48230 796366
43809 211889
38665 825060
51976 222565
14659 565558
27023 175674
10665 278985
22789 449392
35000 1045604
45096 146433
15968 588391
42836 870343
292 413810
50430 290063
17637 324838
32862 807061
17981 380905
40374 763406
49354 704946
1854 808919
14013 852352
35000 1045617
2397 403531
22271 459137
47010 560821
28085 4500
31533 707806
55635 790260
35620 295580
61246 598584
68760 316034
13729 601110
52023 69178
35698 747492
35000 1045630
6702 515909
19173 591454
36403 676614
39373 926897
41697 699793
32086 907286
54528 518928
36256 330470
63888 1190
45082 925911
41230 854255
58250 783884
35000 1045643
36604 519092
15978 528207
36741 371779
4255 136234
9212 473600
64248 284157
45707 770881
37838 51070
64850 368164
20232 803893
22190 422458
32188 722546
35000 1045656
59274 714674
27930 593651
15064 839549
68056 767550
3322 633555
6810 859969
12897 209121
68050 435525
60422 437554
18840 457106
14436 345285
39970 631311
35000 1045669
12153 189420
35660 476623
46499 86222
54907 479625
21827 207342
61006 280099
60623 203200
26773 417526
18444 232127
63384 290748
54238 157145
14182 767648
35000 1045682
57528 660739
5356 249503
2290 602517
35777 427684
21034 260527
57528 107737
10388 579699
10878 859325
48399 112331
59446 655928
42395 718894
43787 202387
35000 1045695
50886 419366
51386 231049
17984 687665
52073 730230
57208 599183
62324 100933
3090 613997
62800 257732
59483 982262
22714 736213
58442 636991
51924 168313
35000 1045708
28952 636787
36739 238010
60600 570881
16772 431024
30125 635483
39863 556076
54830 979998
24431 740406
29096 832711
21826 683105
14502 360474
67640 296687
35000 1045721
34780 304833
25673 678814
48697 423636
26501 847529
30454 69927
54808 85882
25969 119873
31016 134528
58397 597275
53058 766691
48353 262338
65346 597577
35000 1045734
56209 757876
9432 253874
8003 411686
42399 7925
22162 897456
33502 888652
19462 212384
54949 578844
69485 801539
55159 529287
19659 840756
54403 62944
35000 1045747
9859 786622
17788 380555
48721 187803
7243 260354
48677 749401
18968 323688
15766 241990
16764 475173
69702 319758
14076 695482
43736 183092
66508 619777
35000 1045760
12829 290255
24412 698455
11404 396572
14677 44806
8209 459539
12588 375647
21433 233183
61022 903368
50012 775800
59116 870359
36348 681185
513 567697
35000 1045773
68130 812106
7579 456734
23060 680033
60258 663493
69689 672863
22260 529420
40695 112853
61474 921589
5016 292552
18094 277727
54711 648560
68893 716921
35000 1045786
67783 789645
9146 404170
17523 363514
45847 479813
4528 533341
47473 252899
20813 266838
42300 526317
44562 174711
13194 943225
55197 163028
10308 110252
35000 1045799
26194 436610
11848 111079
58967 534683
39458 596189
57395 380108
20093 426206
27637 988018
22320 478067
44083 788410
27430 434196
706 837344
41744 171082
35000 1045812
36290 529235
28897 889063
9993 799450
26933 706995
8675 869154
5818 28151
50828 737540
5263 505881
10158 187841
59118 8758
20758 720722
25460 901662
35000 1045825
2596 952637
61613 908194
67549 356628
67678 833399
16733 600638
57307 489926
46640 737447
8820 863818
49389 615128
26886 232602
5677 677786
6174 556016
35000 1045838
426 409972
62881 405166
68031 60264
57280 491199
9791 5967
22502 92869
25096 225571
67701 816542
14548 161427
66990 876337
5191 375930
31925 628627
35000 1045851
64257 644521
66354 985602
66090 344754
32734 609889
37202 60800
39949 318119
5003 634668
16058 798561
38480 444323
37393 306710
52818 434885
3445 112901
35000 1045864
68284 343110
52490 842393
67191 332467
62529 201468
25674 504422
11501 59194
43089 915742
15907 166435
53481 980479
28064 711673
37590 493033
63700 258473
35000 1045877
22775 578560
43691 425674
26206 547711
15786 251720
28497 173556
28771 23635
64869 471518
65695 237159
20006 642509
62512 485639
29787 55820
48110 156741
35000 1045890
63675 798288
16270 51163
15923 411632
7407 183563
637 284581
12743 146173
31455 831672
50261 941029
67832 326858
24874 8574
10727 163627
24790 953642
35000 1045903
44753 895501
58397 86984
58761 726061
24494 140712
64225 556272
54896 321281
20515 126292
63946 266086
15635 51826
65394 977335
38234 913138
29223 573880
35000 1045916
63020 237466
15114 982274
33127 771660
28178 711147
4907 583489
18751 833141
20673 600848
63511 141680
42791 164558
7087 638211
20245 988543
69338 450896
35000 1045929
37124 177956
14382 331918
55646 995789
56313 693878
21463 940816
8927 108082
26087 154838
21366 683104
387 704151
64606 432605
54206 381920
37447 112318
35000 1045942
30577 857654
25930 766894
25265 923173
6279 812437
2356 689854
27119 180802
32865 463103
41040 428023
464 386775
66852 528750
61329 706804
11337 472584
35000 1045955
37239 897772
46042 201229
28154 62211
68942 314809
47832 237071
35810 427737
50961 504995
5875 483289
69094 667299
67681 710696
36219 614360
61441 409046
35000 1045968
65295 857140
9731 79184
29396 851501
41627 483880
45694 306947
44196 839309
53098 578486
34910 708409
49546 177123
26890 210091
47662 801712
12770 306628
35000 1045981
7764 535618
53776 288215
18688 6935
66038 255102
18930 427637
34390 600897
61558 518073
36219 694804
64395 9461
32231 31366
69682 411014
50500 734685
35000 1045994
703 543079
20806 663775
47169 8327
37710 61562
5311 627100
17411 905387
41756 104714
2107 252367
3095 827094
43940 645846
17102 411333
36026 77697
35000 1046007
24016 766795
39692 319199
21557 428655
41581 24367
45561 505777
41151 190320
64101 813118
3879 550771
22873 838953
45569 779791
10747 860711
1352 416696
35000 1046020
34269 786468
18523 923917
57899 156307
67709 692412
10586 252493
28962 22471
39269 505613
5918 226839
66636 421225
69424 10796
32722 785817
11045 412499
35000 1046033
58393 128457
41233 801312
3345 986802
52128 458742
30661 899407
27814 316360
29232 573794
63606 791682
15958 637582
48282 158903
66862 443656
14308 515753
35000 1046046
43579 980478
59080 758898
68600 186949
24085 834708
41907 700018
45936 815105
37331 974024
11801 487332
35053 339683
21149 572502
68299 964261
48876 466404
35000 1046059
51105 918545
15978 501753
44550 335441
25402 777700
14947 51424
21078 914756
68192 707755
68763 60108
32906 811113
9418 417589
43527 480815
37047 52838
35000 1046072
4836 575605
20211 339673
18371 644254
10792 554712
45867 503716
53063 425066
4835 170645
10540 527176
8833 548345
60748 680074
35397 286293
69548 894476
35000 1046085
53785 889056
62714 435141
50483 747055
60922 638570
51453 508871
3765 141016
67411 33454
58865 135016
48685 288265
2270 998280
57079 513301
28403 503391
35000 1046098
28496 33067
36592 51240
64110 555637
26892 100496
22081 862505
30408 478784
23274 990853
31250 645784
18875 716975
67863 288067
69453 667601
45348 148677
35000 1046111
9774 369190
21613 476880
35069 275943
21459 268349
12864 379164
12836 267254
1809 474889
29741 439069
15993 363641
1423 689078
2726 933902
26004 807557
35000 1046124
5401 970130
66726 559870
62995 193469
51782 518403
32419 626440
64544 138191
18912 85909
10341 209598
47925 432043
18343 671366
45195 151572
51778 684711
35000 1046137
37322 294111
33531 392689
24017 287932
54060 191313
68321 794591
45455 255830
61444 903892
18435 823078
25483 365
21239 170530
23097 420969
1647 525388
35000 1046150
11092 733583
9569 637707
66172 599618
16190 720825
26576 134730
19349 915928
49043 397149
60233 743398
16575 608408
1986 682425
68503 838147
39392 273706
35000 1046163
60232 378448
49160 804144
6642 873227
67530 23662
45531 529000
44991 520352
50029 16085
42110 713883
35621 333687
27111 888341
38677 231474
8778 173015
35000 1046176
67979 441258
60544 832789
26715 930766
50852 954218
53120 560870
3372 812110
63863 538875
55064 448578
46556 581727
56893 230718
53690 548470
15419 655323
35000 1046189
40157 265865
61090 652465
38872 181964
18259 394916
60245 526609
33465 298818
50215 79626
37600 284321
63461 144537
36879 477365
45434 837183
7597 903314
35000 1046202
63735 308207
27476 729698
27935 805058
2753 332766
506 528391
6980 474434
9770 753282
45444 138889
68412 268177
39804 190137
57480 68052
33934 897555
35000 1046215
53941 5807
36137 149987
4181 587087
30113 288969
26322 288951
56077 255500
41715 359656
51727 885620
33885 107961
43487 809890
13233 559808
52646 528935
35000 1046228
61320 532443
58051 152327
8684 748084
38787 710140
55802 327570
3351 112135
54179 517383
17760 552786
2787 816453
22200 119701
45428 525422
38701 960467
35000 1046241
63197 728970
52000 780608
30406 843533
14032 223619
68095 686843
29003 16753
35544 893036
60207 677820
20130 501227
48471 893484
18474 582304
69883 587998
35000 1046254
33368 941461
1180 224402
57312 916210
8423 117560
47926 123820
18731 663303
32417 844079
69334 798930
46985 420039
54378 700208
5342 532174
4306 289571
35000 1046267
51296 376242
36570 422094
17682 313107
49736 945763
3354 757055
15074 573646
55267 302424
12803 806035
30481 697782
19424 228657
38872 151415
35562 147588
35000 1046280
23364 988698
7252 569260
24717 942967
36786 52862
41069 766605
33392 734718
46330 726694
48198 254408
32427 260419
56217 678511
39858 488019
27658 454466
35000 1046293
67663 793939
2647 583439
44198 977904
26209 910477
37 58117
4949 485028
60385 588291
24439 117780
54648 295546
54140 841986
39204 391240
15438 184611
35000 1046306
25851 219240
69033 50311
36002 813244
48880 288115
39251 290274
33288 932512
6980 772285
18243 558758
47153 863124
63026 202503
4229 769808
20251 737059
35000 1046319
27982 66876
18758 603374
54244 723590
19040 271109
11340 96862
19737 218443
20958 226165
36032 775179
818 432053
69146 929548
49331 120538
39953 644724
35000 1046332
69782 713729
42208 343306
27101 705326
27466 602829
21206 488340
67243 446276
25781 897487
43180 289885
39972 667347
36298 546873
42265 313220
5734 847643
35000 1046345
3226 964823
2942 552470
35285 177722
55441 933648
66743 203301
37155 489790
66825 286566
15853 22871
61781 57332
19048 387818
21470 899843
12792 304220
35000 1046358
36852 326574
31763 646458
8626 622436
36776 183489
44131 12697
55454 894634
45180 258612
53795 76881
45641 547157
59264 889279
54680 126982
31415 497821
35000 1046371
55971 909596
17290 169789
61811 991081
40011 532426
11029 389935
57006 359165
30448 227995
23152 93852
69498 935419
68651 662870
54321 660552
31726 490
35000 1046384
55761 828552
45165 66267
1651 71567
56830 928755
39003 72510
33737 834748
46225 55566
17873 424827
15213 212996
11590 718058
19818 737807
7504 833629
35000 1046397
36655 189575
23092 246290
22990 742962
30082 161257
61981 228113
64006 587685
13927 106737
32546 364876
66479 512448
39999 533208
69454 8277
20677 80710
35000 1046410
44537 8361
49935 367077
37350 370962
53674 293052
31366 483434
13562 482253
1791 702125
51387 179328
56821 343690
12597 233398
46069 344787
61595 67949
35000 1046423
52156 404664
55473 929843
46574 631821
66401 425578
17191 368914
18715 819452
43619 772465
9693 945718
57489 380487
63436 232920
31189 143104
14877 943116
35000 1046436
29651 709874
64376 253687
4739 987985
29276 279762
175 843390
44264 485557
68460 605453
46144 190150
45659 115409
7775 588207
1196 104914
21939 406676
35000 1046449
67447 55406
14334 494180
56500 968456
30725 874466
35945 122615
24109 660930
12172 545561
69512 852837
18785 367819
63672 491954
53021 211807
41730 93597
35000 1046462
55450 838200
22999 162503
10790 692799
61959 415283
44344 839983
1952 326051
5887 271568
47596 960587
49088 978629
41444 358272
12287 25853
6208 315696
35000 1046475
3550 559140
16034 352532
40062 677362
34293 131475
7050 477670
4522 324659
46719 300469
61746 333727
56613 874413
42793 263806
51666 332714
19867 692410
35000 1046488
45706 85026
61497 383972
29742 973555
16827 314368
55878 867093
60769 602503
22004 929247
24417 129891
32445 411929
24941 269422
38410 852760
36021 576555
35000 1046501
27639 696852
31655 163545
7798 136387
36167 683412
9970 263263
55582 337402
9963 275390
13850 424398
57250 140871
57661 132973
65984 164810
50269 902478
35000 1046514
10207 385382
6620 550597
3799 266229
38574 265003
16960 934221
985 545898
45275 930412
64601 308951
8479 140867
8230 474687
183 665004
46578 463631
35000 1046527
58411 488050
62367 746483
45443 817434
46852 984654
57157 311954
50774 807873
5778 28056
58069 322908
48503 10876
9588 392634
13650 760998
26777 851373
35000 1046540
23051 42908
22476 114692
51756 954740
1962 342547
56691 933622
730 484791
39326 131435
59054 537473
57866 696489
11964 465045
37879 755804
25234 626967
35000 1046553
68809 949417
39361 593783
40243 399029
18768 858572
39427 33833
51652 926852
26524 949899
39666 426433
48139 993979
49028 170032
46823 548718
16716 930888
35000 1046566
48019 670320
26930 920257
15045 579612
52540 821627
50874 628499
36939 825892
32454 48131
69756 447248
68350 325391
39307 892412
26498 967641
15435 180903
35000 1046579
56480 230313
16203 707787
54429 591322
55412 35681
65039 924859
34718 395001
69852 56840
65171 508092
18071 610412
16833 266734
68753 569610
18409 630212
35000 1046592
13647 784844
11677 712474
56611 651182
50990 947675
34000 829633
18622 67474
7579 868606
17735 541358
26 169073
15025 713046
21827 578295
51624 123159
35000 1046605
36313 508893
22453 32171
61850 653077
64624 65885
46522 511842
46651 906177
56780 666113
56642 711240
65564 430738
11242 208381
33709 487794
48947 845220
35000 1046618
46011 108933
20369 538666
28935 185419
39374 402593
28234 891268
36305 504052
55531 71414
62970 66898
62258 882259
40698 808363
43860 115086
26657 137079
35000 1046631
28987 460287
6084 617875
44198 607311
69521 436795
63874 45548
21163 144244
31763 394414
67984 765199
34278 798979
17733 235422
4747 28768
30326 815674
35000 1046644
60264 536142
40781 670937
13454 734954
853 738867
21035 482888
34398 633797
60767 297927
31710 923066
59650 331402
21152 191830
29233 640857
7095 16374
35000 1046657
65153 46982
13509 210267
18580 665581
10044 825605
4346 158470
36160 553538
29215 815623
37938 464547
343 656110
7043 389671
37036 531178
1634 852379
35000 1046670
2777 391387
66791 952463
22883 705252
37660 831556
33694 440011
46639 865234
19155 263612
8840 777261
58980 443095
9182 31868
51127 246525
42263 199509
35000 1046683
21096 458279
66717 940826
23298 733040
519 716598
6291 84237
50241 423885
31063 893149
52119 552073
55247 642383
32218 686748
58452 908491
5857 620898
35000 1046696
54066 94584
42575 268273
19398 868217
30407 518009
45023 962594
29187 594387
56166 937057
20220 856866
45716 75414
39195 231992
36669 541979
48314 152576
35000 1046709
40168 520412
22177 178252
30460 804857
30847 88010
67263 929165
3861 849318
48121 86057
37521 797607
62671 480650
51539 559392
36759 400699
58675 767301
35000 1046722
59221 749991
19591 229236
37262 320164
57405 758406
3865 861499
20123 74673
31654 332677
53410 932357
48805 326271
41119 786043
35087 849154
36308 260611
35000 1046735
53939 710452
55640 310386
745 157201
65704 489658
29971 440158
55924 194912
23221 129876
28006 952147
13430 758208
4015 481048
39040 221931
18059 293585
35000 1046748
61326 122229
364 776898
56367 715149
68410 729678
19004 159989
43286 851402
43169 418941
40899 995790
42647 648345
26510 366939
41137 376518
61065 678191
35000 1046761
39363 71621
5866 865316
3395 585393
50685 527271
2684 763510
18268 513817
3093 265760
7320 575671
51549 931102
53770 569543
45322 846341
35668 324416
35000 1046774
13496 188144
10538 980736
68084 433250
45955 404310
38831 992353
12369 633554
58696 542603
27957 689339
3169 197112
47247 333159
14219 642305
28592 861013
35000 1046787
23454 895329
65498 827125
12368 606343
36685 781378
48391 64235
67036 383342
15857 962791
44750 439043
18732 172264
38457 528738
48375 838326
23726 847480
35000 1046800
62888 439548
970 211405
35279 399310
18967 440400
58937 184432
11704 879855
55886 901100
33539 613740
16977 371208
15351 888116
10644 39665
32961 95550
35000 1046813
12454 248454
61989 251803
57969 54456
64071 963542
19752 771531
42833 393597
61821 620314
57940 965540
45375 314862
6962 512363
34241 327370
58848 598221
35000 1046826
41355 861539
44260 150199
33987 948822
50597 578157
63296 11273
36475 724805
43514 134359
12881 525255
33076 305374
15609 249266
64059 376239
9367 421384
35000 1046839
57071 114698
35135 584683
32100 559988
14627 309479
58464 569633
27908 646668
47851 106560
4265 163961
43716 74592
24148 711386
24857 3085
53247 296632
35000 1046852
66596 396061
55278 155174
18237 613930
62496 505637
59055 743164
55322 117974
62469 595735
34705 937278
996 859851
20467 326443
68540 892851
62787 966939
35000 1046865
57124 201719
30733 373373
33247 572143
33223 76820
12336 573742
41075 28595
69456 216404
4274 229078
5655 50064
40421 305612
18943 648927
23171 932141
35000 1046878
31298 48591
51584 337563
41024 296490
5145 639312
66936 666556
19074 909019
8623 925212
61145 699487
12511 647244
44151 59499
30628 309938
31945 148944
35000 1046891
26870 198493
69480 266841
8829 495086
17161 428895
1029 373262
13949 953515
16732 84461
691 185141
58363 184958
66756 655470
43704 58890
61691 574395
35000 1046904
28564 530932
54007 765925
36319 371170
26021 343847
64708 310766
2592 571898
24834 798847
46616 664044
62341 796963
49897 923227
54974 201750
43908 395208
35000 1046917
24818 226768
35320 850390
35981 50569
15514 345086
59074 137543
50888 138082
45585 353154
68823 493339
29586 906394
57364 872512
68492 156410
69930 272741
35000 1046930
5635 8410
48827 79419
65201 225895
17299 62246
32364 320063
32877 858997
60661 133283
8774 51322
50651 961442
15736 149191
35995 773598
39100 976340
35000 1046943
17842 637772
59958 788801
69682 488004
69467 124124
63387 181827
56663 123742
49663 323251
64748 616768
31280 349832
3347 99383
14008 84083
16617 390101
35000 1046956
18169 367557
63311 139607
29091 615688
30382 438924
30602 454783
21928 723434
30909 893334
17453 123433
32107 857511
20019 591928
26061 999833
59073 326243
35000 1046969
56097 156197
42611 637127
49239 443939
69718 661169
53301 216021
34070 857744
46673 105099
13647 810125
67488 655042
54884 123496
25626 244552
68023 125571
35000 1046982
36103 722276
26294 590580
34423 775164
1381 414269
35591 263359
34005 283319
9968 940494
68292 256802
48842 23753
18599 208901
29993 899560
26778 521132
35000 1046995
63873 262926
11255 744197
67589 287806
49713 12650
47881 950872
2243 929089
16294 872533
33864 898671
67971 351049
23662 157940
35368 890215
65789 97228
35000 1047008
64143 503466
61155 899598
61376 588179
6861 156747
10042 636143
5686 779743
66249 703571
2163 878829
8271 725556
31518 351801
16179 740313
69775 748922
35000 1047021
29409 724963
57896 343273
19067 236643
49910 659800
5545 912489
12476 135374
47098 972571
15695 685812
8966 479898
46054 732293
19677 930328
25524 33158
35000 1047034
53026 519959
12057 214901
59017 116823
54057 469366
57588 152894
6830 36837
21271 198582
51789 891257
22292 261403
5691 715583
21869 700692
61976 477326
35000 1047047
63318 219944
24231 98795
66001 865142
32091 551800
67297 313336
51911 325730
65283 191912
50767 601888
62520 523055
52501 84523
46912 466106
69971 478801
35000 1047060
8809 243855
20269 422820
7557 970394
7387 515646
41711 453260
39850 393158
56307 33409
55091 164327
26733 735494
20798 780835
68479 623632
32929 619068
35000 1047073
37433 241227
63278 749621
67042 654702
61236 520970
65360 532540
37219 755725
13304 686375
22510 467880
32480 366962
10457 223932
69896 203765
23104 576992
35000 1047086
51238 338707
23817 759918
20431 475926
19833 458770
64589 251877
54560 169244
15421 542550
12920 369367
39315 23838
15720 369337
37134 87975
35269 433151
35000 1047099
50268 124854
35866 516864
37053 694488
10891 343266
32528 290083
38489 775479
67517 545264
21847 750621
14233 881700
68139 786363
58887 168995
63412 252201
35000 1047112
46468 709328
37772 295850
30034 419310
36840 396418
27675 986844
6846 77054
21556 276001
67920 903129
36977 270816
24494 16956
63655 653960
26550 668369
35000 1047125
47986 339281
1504 997001
43871 716957
67598 542891
17425 562433
45678 269264
48761 466486
12365 96717
6889 574085
33775 176234
17115 746402
56862 847340
35000 1047138
27988 476220
23331 380369
24475 787737
10769 119687
15449 319227
11720 295866
39370 374896
1611 579431
37433 29182
13966 453822
11332 949675
13508 311337
35000 1047151
54138 322050
299 127795
47960 668957
9820 55341
51215 326440
13951 566177
16594 601118
59109 992250
29212 23898
4929 200492
527 599328
27079 495171
35000 1047164
20826 696662
44033 188672
64196 556547
35926 412971
61898 157662
48303 937799
50062 724138
36107 989577
27171 291980
69435 40613
63303 72611
51510 733204
35000 1047177
12474 855003
19087 846152
18926 937186
64445 969613
66774 894937
2622 601307
39951 36706
28412 173976
5204 316961
17197 640027
821 685845
26700 636988
35000 1047190
55828 669946
37394 743102
26572 142893
62609 86886
59760 604066
47775 992783
21203 511166
52228 239861
41630 581296
57290 313821
9189 8614
40986 68407
35000 1047203
24284 474982
63838 11085
54167 220607
29590 427613
61393 854736
62089 270450
46424 665833
50215 379989
21178 165107
12098 640142
36085 346714
4097 870870
35000 1047216
4622 362868
36555 115711
43836 858006
45142 291970
31154 841296
60676 282876
51032 162896
54290 408825
68932 534723
35506 55500
46039 519868
18076 693349
35000 1047229
34578 357624
17070 976178
53417 841103
61981 909923
5112 808279
65821 285765
54611 555823
60000 382949
64509 989079
40685 589091
52142 545122
15397 421268
35000 1047242
7856 105680
30817 586534
22252 227793
40549 111344
11816 787264
51071 772158
13154 751410
11484 538837
61871 726943
59765 991509
66262 811915
31851 580617
35000 1047255
7191 127021
7380 427059
37729 812839
55676 638313
59244 798322
62401 943168
59969 690708
37564 942224
66085 305793
29830 630572
65959 995497
7535 588106
35000 1047268
65563 514611
63027 195222
46575 818484
15462 179168
22331 105509
53451 444596
14692 466058
901 263645
13 941928
26873 785844
62231 346680
10023 2535
35000 1047281
30510 425492
14814 65587
15720 693268
46686 468203
17430 988013
22713 414806
45288 217754
7821 24078
39917 523051
60504 824534
64664 785312
9249 829259
35000 1047294
10074 265807
58691 192754
6060 213141
56751 993313
24529 493151
38639 15471
35422 912649
1974 671169
1449 903702
67573 318267
22967 715353
23259 318514
35000 1047307
56043 135670
13197 334099
53387 304594
41880 673040
29660 394325
48048 74118
51049 106174
61228 372801
21367 759365
53294 60186
62920 405901
38027 519818
35000 1047320
58140 740684
17694 424251
46670 165470
48968 375642
53872 733963
8146 747362
38022 679770
59715 509504
17486 790889
60232 744422
35234 611172
20490 832746
35000 1047333
48773 625471
17694 331050
36523 868356
9850 372778
6108 693375
32661 504966
27002 328747
13280 166686
31749 633541
19305 990681
66390 489583
39638 381865
35000 1047346
22535 427382
61192 311654
56547 902906
43473 587482
40458 787674
18057 505151
69117 301197
55466 606824
53499 573645
63387 672025
69377 981458
67164 638130
35000 1047359
10947 852634
60447 136800
60128 7562
7621 401308
5268 52328
14001 73882
62692 80669
62309 78182
50042 312113
38622 554732
954 257551
63479 319591
35000 1047372
11759 694256
29959 633988
13394 891514
53091 371768
33570 372194
41792 870144
51028 747806
41882 574932
50757 457439
32409 737136
20956 464681
24009 924932
35000 1047385
10377 822217
54438 856107
25661 603866
40765 411925
35834 361533
8044 294703
35616 743458
27591 724110
26955 990382
56340 309946
43127 562697
52500 231541
35000 1047398
22689 917584
7248 406424
26314 920327
17245 759031
30095 964212
34852 450724
32751 452805
64309 502954
36741 647421
52459 80091
32276 68395
23004 796108
35000 1047411
26124 793385
20671 68590
44384 799208
33568 199308
39428 816160
26849 347463
64123 37226
47004 694850
34301 606841
23372 920557
29573 754166
2398 290983
35000 1047424
2244 297285
23555 541924
4642 618548
69993 243545
2232 371866
44994 1209
68698 474746
64859 589891
59478 8441
8140 571879
43065 278973
2986 536356
35000 1047437
57627 423076
38237 873861
3360 977839
15552 956346
51360 287985
48528 958782
3766 727078
9592 630130
66028 964108
32135 562304
48171 641223
18103 285313
35000 1047450
9685 837761
30673 449918
50557 455592
65590 985522
49334 146528
47942 922254
27079 703972
68577 819615
56387 948565
41275 729348
6446 779450
35618 772894
35000 1047463
14971 60293
56634 282560
69595 415156
44847 146549
45357 837875
9277 311909
18058 185805
60680 845847
18165 534613
63433 855042
10615 158843
30601 53197
35000 1047476
45189 108469
42181 695445
64052 796839
47206 857178
62182 490982
11291 863862
2944 11059
44034 77046
44006 806029
16328 481335
60069 898445
15912 425394
35000 1047489
56396 4423
56538 288289
17875 952026
40945 151149
5824 131990
17959 270384
64298 53799
45444 672685
615 564980
16748 128274
37677 90991
1455 797359
35000 1047502
41986 597145
57272 770053
34602 63461
42222 785359
58632 70061
4365 303864
57489 935900
34827 516115
16912 709128
63979 870575
35446 515208
19401 924502
35000 1047515
34210 126201
19906 634228
27653 101283
17250 744922
18466 33841
48780 322421
5411 262924
32333 385057
55561 104949
41554 379141
20236 13110
63064 308613
35000 1047528
58548 491555
69404 108253
52262 888611
4489 81682
56458 902392
16462 899979
10817 690143
50099 660330
64382 393021
68193 754749
47694 862503
55635 492491
35000 1047541
22400 17608
2128 638624
64552 864814
56310 755871
60899 256213
2946 972763
22723 553219
13132 269575
25784 590511
28369 226406
5715 422101
29169 653309
35000 1047554
23144 245178
57879 387577
45570 991520
53182 224808
2821 121392
17264 116133
8619 276612
5467 973648
36487 78097
39231 857171
67744 339168
21987 596735
35000 1047567
53940 158511
47077 928127
23943 495974
50742 985181
52542 368365
34303 640446
3327 730920
5531 914412
4800 551154
21029 922192
18125 272563
45330 36117
35000 1047580
31875 291957
53478 586845
66643 633530
6965 533112
39269 314934
25728 791552
52070 86091
65297 77695
17734 77840
12631 47826
27874 813049
15582 468141
35000 1047593
50524 636436
33371 647313
7562 844391
29039 613084
16433 256767
15095 789134
63329 537268
33072 453845
37948 699852
42018 945061
29451 589700
2009 516331
35000 1047606
51068 616740
30445 382665
24102 314530
2648 225798
47895 711353
42469 115606
5733 941321
40296 400782
53468 126958
848 854730
318 933525
4404 958542
35000 1047619
39409 745161
61313 267074
14033 607157
37304 55601
39651 523553
18939 747614
64999 74538
10043 941723
38856 473726
68405 862108
60981 525121
30227 187029
35000 1047632
51588 795164
69151 432371
69277 795821
43656 677400
35682 208588
22411 76782
66552 437869
29546 352729
60720 764817
33575 222833
15381 966276
30688 238880
35000 1047645
7693 612400
47258 532542
10608 371921
58031 770733
25351 682568
46020 135476
13105 210012
53111 668877
10732 199980
18023 903684
11364 133941
16562 698934
35000 1047658
27154 996627
38736 977978
11304 451407
49811 584043
22665 608552
66168 296757
30324 341713
55182 956525
15196 31032
57990 236379
36495 857957
53836 895715
35000 1047671
18025 897527
32287 65454
39822 761965
50694 609968
26575 216141
69334 825126
44486 186035
26991 232586
31628 680023
29368 10663
31187 689826
36487 408898
35000 1047684
65348 801965
62018 250666
52765 328462
246 229524
65823 132694
36594 363750
31597 894800
10785 622035
16828 435577
38316 382769
23254 413307
58462 640668
35000 1047697
56630 296994
43582 749898
54015 975633
13468 624711
1653 493507
59310 167894
18040 279101
64280 654998
1528 650625
27994 609308
7979 739399
68418 210574
35000 1047710
4810 57965
38991 98014
9431 266389
60038 257257
22801 122476
43973 964237
13698 580177
22154 438967
8797 438202
67005 439814
54911 528257
60064 962435
35000 1047723
26878 820342
11498 179670
60029 979998
57857 849889
10729 517489
34356 29717
10531 389606
69513 771281
33767 740193
69423 885091
1882 290157
20 669238
35000 1047736
1309 376807
5666 84540
66193 43376
32976 644417
53581 949909
40177 863624
46468 117463
57062 752366
35303 87735
21341 755837
59341 99164
28867 744615
35000 1047749
18825 882797
63243 124666
39373 807929
60086 646156
24010 643086
24968 303999
61354 619774
52581 440170
41473 947481
26416 784538
43750 46848
15644 364145
35000 1047762
20172 424051
1814 244882
60317 930639
32391 173291
5269 743074
43804 612849
539 962309
62676 980963
42464 97688
69630 16798
55639 789355
45405 872754
35000 1047775
27810 864570
36777 885843
37839 467569
50328 673099
63107 95951
60874 397535
63705 533297
68161 445301
66415 628562
39444 888948
13018 10022
64492 54694
35000 1047788
38167 636563
6692 9640
38005 802842
38241 669612
15086 270916
30025 298480
22145 826163
10258 670094
37318 737379
47770 893504
49238 80640
26042 605610
35000 1047801
44647 604454
24595 998761
28296 392136
51713 287901
15298 64263
41962 278030
40136 182333
64927 144143
40884 849344
9359 836536
25275 385167
39061 755498
35000 1047814
65375 499080
66783 106988
66573 179027
5882 975920
17526 943720
36721 967981
144 410155
1741 14744
51542 771086
14701 311520
46113 393651
9425 253744
35000 1047827
29180 336080
48048 393547
60031 18947
54248 772778
37043 843531
34420 498877
10340 354668
5911 218924
23369 550497
41750 973059
23410 671639
50334 794033
35000 1047840
63338 240075
68885 136101
40382 777807
55696 409764
45693 340174
15579 711329
15341 623973
39053 66988
9383 142595
61631 267464
6473 481968
40494 276444
35000 1047853
3831 690172
49562 138608
44105 749274
34175 662036
13611 221501
27903 322779
57869 703378
57953 215888
60417 878123
36813 681794
26438 196895
50258 102217
35000 1047866
6208 276123
43277 24965
59989 334167
4707 24090
62249 13000
51702 57761
62662 636219
67032 719213
6320 372138
55475 995008
68092 179021
35899 914284
35000 1047879
25843 223845
65234 36877
17032 133676
36428 245704
13886 730201
5595 940750
40732 789774
45683 113467
6177 78878
55289 717828
13594 554788
24119 903978
35000 1047892
55512 333377
27488 358107
5013 545024
7535 94367
58223 892165
22171 85500
39697 419859
53343 369918
53173 2281
66793 881544
19388 474150
6912 965737
35000 1047905
34256 906085
16372 447031
42482 743210
38870 11754
16777 516781
55179 752090
45308 761000
2235 21929
11207 966596
41070 291614
69379 569365
15837 435933
35000 1047918
25431 392055
5057 300097
30147 637558
69513 344355
60461 370558
14862 638656
335 921961
48527 588759
53772 374811
8398 98862
47539 668356
66341 581540
35000 1047931
62792 142290
50166 714468
36126 349213
5768 918053
38641 717367
66184 878169
43142 173092
43860 689625
29680 136710
32354 574072
55488 394527
53688 938936
35000 1047944
17066 204201
52900 45967
18565 287
8731 3457
17411 715879
63278 317519
53820 478427
18035 488366
62305 462364
8016 704141
11521 735030
30352 799315
35000 1047957
12631 744507
17377 942827
61369 546432
43057 562666
65239 242553
27776 879643
48880 725984
55790 666362
42404 437015
37690 679998
54416 676301
29166 200848
35000 1047970
19328 707450
63170 321238
36851 659551
13280 280714
68585 533498
37197 650887
9729 362913
38993 834629
29816 454313
47664 747246
56539 784802
65228 865107
35000 1047983
18199 590678
57805 938176
8768 64577
46029 905011
59059 747059
55280 91444
65754 736413
8421 807485
14578 398573
51001 834143
55911 299313
35451 141001
35000 1047996
12856 6299
29214 691842
4331 595369
28673 215873
48757 328957
24332 518058
28122 423635
57737 282735
23313 239578
35765 154783
33939 764465
5339 395070
35000 1048009
9119 441410
16588 293585
26144 822621
54278 523249
2225 369918
62285 334629
19830 590697
981 325389
7555 3222
43005 334572
31471 614177
20881 340958
35000 1048022
15201 128370
58032 792116
15390 584248
7731 692322
53644 632633
63733 578830
42350 17706
28613 420721
3170 285556
39876 209467
50463 190717
2176 602528
35000 1048035
13149 572989
49990 864865
55799 147290
19259 819126
29622 82542
43420 428895
48950 210045
64879 475127
10340 520980
56390 229294
46260 879885
1528 544625
35000 1048048
16330 168043
56482 716736
48855 517018
5866 554284
54315 664253
21786 642120
42938 95370
14452 370154
3886 458419
33247 911723
46242 471879
9071 415101
35000 1048061
1266 111728
52005 827019
2011 424409
48908 435104
5753 577102
12000 267842
53147 266347
2519 312714
41843 546278
44127 57123
21385 183954
17297 998817
35000 1048074
62848 402664
18324 239430
11415 108223
1989 690610
20133 981358
68484 941269
65414 246144
3981 963210
59560 236682
34249 416980
39984 62163
28959 311834
35000 1048087
55181 352501
65828 834376
67125 483888
20757 770434
55432 641432
36001 325997
34505 217345
69185 750604
28771 701858
28734 639639
31948 84184
23212 652035
35000 1048100
30541 716256
23868 899042
6279 162969
52572 972236
64494 260294
63593 405842
52369 492107
46738 864099
65611 992074
13211 467652
18776 679542
48756 542640
35000 1048113
5506 689851
66584 158135
34243 320024
63820 511816
48858 216240
46533 206061
28663 953948
49008 228558
14657 267130
41398 784547
44971 881690
48742 408183
35000 1048126
9222 150674
18389 834671
40674 402944
53117 747805
24991 931878
52831 740951
44513 188389
22477 680073
33579 41399
67197 4564
48958 284309
37160 204482
35000 1048139
52737 817644
44403 920835
53513 186058
46737 186887
30367 868465
51649 219196
28159 408473
61604 560665
35985 74913
53271 691461
53939 597799
21527 818974
35000 1048152
16844 497586
55207 399600
34896 632253
13021 652747
21217 122471
19408 22962
58933 440253
39540 164361
1963 61882
53777 757874
58000 926556
56978 785900
35000 1048165
34174 946643
60344 775428
53547 236625
12020 605174
43767 40551
49777 382432
55087 327527
36266 847310
4666 695832
53742 716458
49910 177902
44114 557179
35000 1048178
19699 798272
42302 944566
35404 624876
50221 738014
46997 101012
47375 846765
30401 175621
46781 711768
31239 58896
61469 656797
28640 683876
43537 195478
35000 1048191
31704 902863
29158 757755
46043 27325
21891 312076
34519 880335
31896 590042
14414 955284
66132 368991
57198 430987
17108 488039
5738 284125
48217 788316
35000 1048204
63230 572468
26965 536430
4598 916608
63184 825459
30045 250193
60262 369549
51015 14411
53402 110824
63537 807085
50845 726934
59381 632549
23025 734617
35000 1048217
10785 771068
62488 165592
11537 706908
22498 421059
33794 291596
18865 229986
59685 50461
40200 201103
36534 320226
61138 277578
38370 629520
36712 67348
35000 1048230
58031 591454
38086 899565
32410 334058
5175 489253
41385 976802
32750 663930
47313 800202
31479 130823
8604 490081
32465 708793
6949 371456
39036 572486
35000 1048243
16195 602797
14290 807686
37970 365304
48463 643864
49218 743575
40456 318991
872 304454
19594 443850
41692 80478
56225 982919
47573 851141
58835 865721
35000 1048256
10032 315154
23241 838319
41960 365352
19254 767340
15978 532755
31227 112211
60763 30111
9033 701967
617 187585
39023 426736
26819 651185
14214 188588
35000 1048269
12567 832704
54178 838209
63366 441626
38451 414155
40853 212325
27920 962722
56307 739196
9621 238456
55263 373546
2558 87371
28494 768980
3706 575434
35000 1048282
55336 847350
45912 949858
30071 801968
3550 855718
60964 630204
37279 56700
18391 689423
36109 32699
16656 534458
2654 639754
10660 211676
49498 713341
35000 1048295
69928 729055
42446 287348
48119 145929
5926 746303
4735 432968
33574 27885
39842 771289
18098 66600
18486 346014
45756 829459
35184 854002
18474 74720
35000 1048308
55226 109346
45649 775320
39569 864006
50455 570356
10303 263127
39224 932073
29738 325280
61744 958545
25440 817497
4250 486806
46829 10250
51597 905158
35000 1048321
52515 56943
28427 570492
9302 299805
57069 391616
66915 140409
4130 904555
43852 737963
52707 978828
13621 973524
35913 202417
3650 146257
12110 176807
35000 1048334
60283 262915
10024 855865
4740 219192
12564 941441
19277 123720
16849 274918
3431 501972
50820 135290
19767 168473
4891 943139
4362 572229
39412 397725
35000 1048347
57604 194355
21305 50015
65319 499642
44920 808716
47059 264250
38993 97907
34841 599081
57193 608753
35080 831527
30129 15710
30978 483609
18870 635990
35000 1048360
34600 912304
61301 783553
8560 33221
69818 976630
56998 971230
3941 350180
27427 536259
40562 783058
39755 818084
61920 902717
26462 842459
49979 73175
35000 1048373
31048 576669
38017 391563
56671 925977
35912 647195
19990 289223
58101 267726
39913 736935
68692 433085
26823 623547
66722 631636
363 88951
22578 961447
35000 1048386
37568 244886
62291 609271
48098 48844
46608 185299
42863 768888
11180 890897
576 418787
34351 646468
6392 676029
2164 146430
9408 929198
2868 630445
35000 1048399
8093 178260
1894 848842
39315 111584
65674 505530
63085 786023
43213 673968
43310 228468
64782 558871
48440 768669
36497 104626
47160 285435
13844 234589
35000 1048412
54233 904676
60208 284155
2173 274243
54653 631791
61348 619862
42170 50221
65868 790017
35085 961522
67097 175871
7380 57676
4767 907623
40350 534582
35000 1048425
73 839968
5810 440769
3549 702700
14152 427739
12170 929452
38130 103014
16127 480681
31199 793280
17360 990562
27456 409039
14301 608812
23859 976886
35000 1048438
14206 713945
62672 22102
24300 17748
69428 134073
32313 674730
15902 368172
19699 885243
69918 35015
37306 87000
48439 708948
7291 279003
37410 817187
35000 1048451
50180 424984
13752 279936
67012 426855
59342 283224
36432 559047
38718 215587
50835 943107
21823 995910
56943 147985
65871 504517
59006 777108
38409 774747
35000 1048464
13845 477074
42968 837727
32633 427356
31508 517067
49619 72040
69334 817127
3786 292580
34635 237851
46876 113280
53888 922969
54537 787071
29182 654127
35000 1048477
38429 973293
17844 839661
61644 481157
20041 530939
67233 527289
67197 354046
13698 482292
67567 927506
40526 67877
18819 732790
42850 527261
37546 56131
35000 1048490
46428 392118
54787 163784
35195 351222
37915 399648
49923 758064
57919 504267
34618 665754
46341 800588
38314 424101
17064 830742
29509 56980
67181 614356
35000 1048503
49356 989504
60713 881855
25394 150374
3256 540019
53985 956109
27525 866216
29802 711026
57496 503139
3514 646075
18666 182069
66181 699827
19773 319948
35000 1048516
67939 467866
26329 515353
28742 597156
44729 951064
16063 521872
35909 670632
40567 285059
27501 136038
54674 275874
10131 725696
60535 965522
45014 527574
35000 1048529
49873 400321
36890 712728
18630 352096
18709 393662
69466 480394
67684 540628
23660 748180
4330 145596
13235 132762
45560 709399
15721 278179
63985 253636
35000 1048542
4917 92320
23074 802898
26463 248975
66910 298270
4676 262946
65542 836835
8763 543586
44326 728757
58876 619403
62284 237126
62226 951063
2526 541861
35000 1048555
30735 920794
3299 470137
23001 123332
55735 249806
23730 221948
32905 861165
18377 463236
53276 524105
67348 340358
39859 41327
2844 555388
61082 300818
35000 1048568
27102 726722
27475 239658
69929 477436
59011 502735
24744 141330
59096 783418
47800 251210
46650 338937
2506 595041
48576 777972
22297 446878
10611 565441
35000 1048581
40582 942988
46466 490837
11976 112628
68480 106726
43856 566494
1115 520585
59675 668018
47374 250258
57587 19123
63608 193325
26583 277475
29154 575818
35000 1048594
43886 752908
46226 677711
23825 328061
13294 146226
20601 285269
54211 719425
2937 719541
14555 518322
10312 140138
8185 779379
41598 367923
44991 103092
35000 1048607
54578 301723
10591 822301
6996 597389
53431 893991
6415 192635
27129 243240
58513 971593
28062 395400
49872 43629
19506 981673
37325 226988
49780 256232
35000 1048620
59284 751064
14000 681488
8724 340545
24945 551780
11968 397707
10493 612700
68510 364238
55164 571119
53131 945269
64114 249575
40043 286699
57512 711949
35000 1048633
5089 468804
61429 57361
2220 947478
19064 199732
44722 243643
21242 259362
57776 756259
59319 310680
15297 387103
68467 187946
37371 89818
46840 453930
35000 1048646
13526 155718
38939 799019
42903 508036
61548 600548
43240 694638
3053 281776
64161 106131
36196 255887
1800 895121
11097 2788
3017 273858
55585 721027
35000 1048659
13285 94063
61129 916004
66579 465490
32337 412485
48271 900785
63036 855551
63297 42439
61306 221566
55453 354687
6267 97568
65111 902762
68296 914546
35000 1048672
19700 726761
53385 533300
20095 577617
48970 942409
30839 736527
26179 389027
67824 871587
11880 53679
46601 749174
17990 325580
59153 728512
35076 280065
35000 1048685
45550 933607
56309 90132
13001 966474
48065 255039
44502 430006
38761 184490
21712 416453
58024 833360
39027 593567
13051 931380
44712 450298
6023 950502
35000 1048698
63026 888668
48175 975741
20397 952334
29083 89784
30767 858722
38036 798887
28001 941732
10514 106369
68443 11920
43035 126029
16722 980147
43387 169424
35000 1048711
42754 695218
26521 205688
30135 796879
11180 83588
1613 338284
55049 434196
46126 875908
56213 76578
24690 861179
11127 583242
67959 318380
48330 974793
35000 1048724
3886 5334
55700 861701
48016 14086
58908 122132
59879 145128
46582 638747
51309 734597
20968 307031
3284 42394
44138 620880
20654 101932
32257 381223
35000 1048737
11741 21931
55533 612062
5080 55628
42017 229281
34008 302855
69421 243187
41315 649537
45769 982347
5883 276798
57658 127066
39491 998781
7919 543117
35000 1048750
27745 423155
40109 301226
57689 545246
60255 632415
39034 234672
51282 763836
40717 282803
18465 3252
61022 912134
2147 71108
50853 907957
56040 787150
35000 1048763
24436 966350
59698 663834
27127 938951
19451 770305
59838 795096
51876 749676
45361 144201
53998 129586
50013 939827
62525 729858
623 328787
65346 504780
35000 1048776
22255 17603
69660 545499
15111 144957
44587 452520
65363 532245
1887 375566
67546 396864
3902 475123
41195 661946
10889 864076
48448 211067
34294 752628
35000 1048789
32779 338990
35012 972997
1824 799915
929 285196
14028 778191
7546 926698
46097 397799
2272 335007
41481 879937
13 804491
1252 483577
26060 673501
35000 1048802
55933 257316
66337 174698
13685 514615
47324 388808
68304 77448
52941 672004
13317 946754
25300 71311
19362 124884
27079 554322
21244 658476
49676 391966
35000 1048815
34620 485771
50095 298442
4841 237699
52599 95380
58665 300550
61602 530347
12287 799539
36038 63101
35609 317410
40335 887734
14983 967383
39862 174098
35000 1048828
48090 112924
1044 675464
36088 450503
31990 300356
66030 113083
58744 771887
34022 883243
44106 614718
15849 563179
45182 275135
30815 474484
66991 180958
35000 1048841
16510 871830
53356 607132
10601 251445
16439 12606
41267 60737
69528 207189
25632 943898
49994 199835
33150 380599
43567 949490
28661 584634
47720 137589
35000 1048854
66721 183854
28848 351321
57718 933421
44186 873038
27919 778286
36480 89165
18438 206732
53199 608032
54756 308557
4855 20478
26637 983622
1172 55744
35000 1048867
2523 206927
38033 978244
58775 896673
9613 366452
37356 182049
68247 446485
3807 693986
42883 986533
12374 143594
19803 785265
15702 269082
8249 389893
35000 1048880
18585 414765
28313 756757
27537 989134
46384 36317
61927 810793
68310 265773
20580 9777
63439 141234
18168 276406
62787 516281
43400 879116
27895 711147
35000 1048893
17759 310371
12995 877290
47797 927604
58287 836082
16339 890640
36622 817187
47547 66883
56833 859620
29116 515174
65462 150337
44944 782451
54423 376614
35000 1048906
50397 320434
32531 965841
56762 174680
49154 834485
33813 800244
36284 465856
26867 561686
43025 955283
53980 955036
48283 287555
31010 159769
27819 618033
35000 1048919
3569 55191
57584 644214
45248 263418
15848 803849
6224 638760
66408 118316
11954 440798
23247 170290
61832 725214
53029 728130
11331 172553
20174 336092
35000 1048932
10184 573689
59591 236284
14390 141764
39346 219718
18558 653871
32527 478451
15895 510998
517 54310
28790 444956
6112 979304
1672 926293
43336 880395
35000 1048945
6942 540380
9393 142059
27081 589712
62068 730261
51438 352463
26858 232931
3039 9505
36998 562839
36614 742302
34208 798345
11560 1706
7643 771106
35000 1048958
443 217563
42618 380236
9527 472662
23827 247790
59363 442613
29431 828503
55277 116340
61200 981903
3845 366774
2922 621690
54067 822705
38987 134373
35000 1048971
30329 384148
58276 870065
68280 306416
29999 477933
10047 206831
35888 761771
43515 158870
36975 725268
44460 386046
21667 661836
3375 706519
67028 710903
35000 1048984
25612 132057
51230 273662
7422 889928
42703 762437
1490 344823
52722 498170
56418 795723
64661 572416
69943 48952
3270 546781
39252 467502
45118 253719
35000 1048997
54498 947195
31720 34198
61745 342133
24377 767385
41709 17177
17808 777924
17348 334478
30467 401293
50369 923499
47885 597394
26874 8626
7393 951940
35000 1049010
2957 109004
51577 726811
43062 945921
29578 90335
22272 756872
26502 471721
54916 76441
22998 123904
16743 545997
5471 693992
22605 168112
59008 668045
35000 1049023
23181 417523
55761 464963
66849 889594
43142 775657
27046 458700
9939 700968
8526 679050
4284 498783
69056 652733
69364 457288
29028 886442
20029 180717
35000 1049036
44248 448619
9904 724891
14192 998016
22327 494160
39253 47464
39011 586088
16603 760234
30310 681675
976 844591
68765 95744
63345 730186
38997 795716
35000 1049049
1198 637333
64729 611137
189 790156
63071 509772
9741 943687
8137 899159
48004 536280
26124 541532
48167 533007
15059 814874
29248 520050
33716 698977
35000 1049062
61510 694307
46851 215649
27098 946253
14322 539301
43873 627499
47829 571263
47639 818361
58314 756442
20314 341048
67739 18865
31951 784464
31619 652230
35000 1049075
46666 270952
21030 877393
34938 397385
48862 868687
895 797475
60721 224800
17129 183330
18415 468317
7057 196472
3530 178764
40049 331552
12999 733026
35000 1049088
9201 342806
47593 288343
25805 73012
21900 706163
15687 21322
43117 433009
12788 799514
69536 233892
8644 452686
26993 26952
11050 901504
2266 929162
35000 1049101
13126 360864
30839 89401
24769 532959
41049 518453
66437 553213
34780 485418
29817 972883
50790 638244
58525 23549
40045 361437
37863 826150
23019 478453
35000 1049114
53116 598887
3029 719652
8393 465819
42236 237614
31212 31532
65105 594867
47177 111524
17427 276896
49263 343569
4214 13832
24272 886971
60557 283833
35000 1049127
11633 678160
29173 644262
55749 176949
36267 71581
22086 64251
47150 254069
35004 372184
28355 55591
32912 84762
69308 272449
33990 110019
39195 145333
35000 1049140
46574 361574
36077 224414
7908 414088
39535 560676
60924 905082
21970 999531
42173 106734
10188 516852
26907 974915
30523 16416
19738 276713
40331 985276
35000 1049153
17609 984631
50145 711729
4464 373323
11865 717573
29028 683524
56407 479359
57653 112462
3501 771442
4745 897795
57395 768270
46416 361232
7422 16955
35000 1049166
25517 3764
19709 512953
23458 104522
69714 695318
33030 261107
57308 279709
32658 625260
46326 39103
47327 90540
48803 409138
23105 16769
29325 220142
35000 1049179
69647 897419
11874 691886
41075 704752
53902 993056
10495 349778
5252 315865
16724 590000
22591 810906
9674 690720
42206 537533
34832 91858
59330 522973
35000 1049192
68958 295481
32405 865613
61999 580250
22198 836249
41908 743388
5149 580506
46342 686623
46661 180091
42069 132158
53888 905902
30318 805025
63865 850247
35000 1049205
46627 651208
30566 286066
68078 321060
66818 979488
44228 264958
62413 2205
58154 802719
11587 285134
68867 603218
50901 101983
47208 268
65375 160770
35000 1049218
41410 394285
47671 325244
10985 675937
15689 522207
64839 703854
68089 184182
8472 562128
10574 955346
20582 598941
37336 203916
64926 725531
52961 573297
35000 1049231
65154 899456
22619 321305
651 65764
47418 728266
6738 533873
51233 877060
37919 578185
11660 424239
24486 837480
66938 884953
60198 535502
24566 70935
35000 1049244
58972 218018
17997 35603
49959 171509
21536 40742
51358 360156
3777 163861
33826 923392
39131 558568
23375 866067
10750 300131
64586 290209
61108 133396
35000 1049257
68323 788402
26941 67571
53457 838927
6536 408820
36469 643947
44656 20672
25988 562778
10812 790955
69771 909907
24726 21827
50360 171828
11129 160013
35000 1049270
47171 289324
22418 368687
22451 60823
24935 627591
67566 175463
9301 136700
7682 24539
21849 929460
8327 450003
59624 825033
16608 657675
25038 289243
35000 1049283
8341 603119
60173 728423
47587 872933
45444 637768
22161 33082
64051 797631
26914 763553
9503 936464
23867 872100
45617 520391
46325 938738
59771 112933
35000 1049296
30241 1920
30992 262134
18144 232008
66458 734836
62954 482659
62621 72868
27396 917836
6937 505565
28206 409641
12810 517042
67637 875385
43171 328498
35000 1049309
29362 985835
9021 520328
39908 544406
34123 175892
66229 746667
425 69532
67361 223913
48326 178755
47308 507133
55744 561048
23287 586473
48193 489749
35000 1049322
49425 707963
54744 567033
8192 504826
56127 412673
8650 785007
63614 981840
58223 484913
11014 236364
55367 924278
17168 830253
42925 184916
12720 163373
35000 1049335
17370 369524
30098 611715
40569 936737
30348 667860
12041 97227
69435 550508
56772 772252
7087 83475
29773 300491
52579 884345
9225 857360
38846 98047
35000 1049348
31208 194402
17284 431539
323 604439
11875 263710
21131 351790
2827 255139
3975 421969
56371 90608
64167 854293
41093 971244
12894 47153
35598 207553
35000 1049361
56876 869038
11270 562966
27118 47188
65697 542214
23011 892074
39317 383098
4171 699910
38664 794553
13433 285131
13496 673986
12861 835105
2575 949963
35000 1049374
6238 98646
45545 890724
33723 3830
17733 717089
24187 787873
33339 107297
20642 890471
50845 852902
45230 424128
66050 524124
56735 139871
49339 669959
35000 1049387
37241 513174
46441 75251
61278 347369
2623 360511
7734 842816
51994 308607
4755 10579
8551 911403
66563 428384
68147 993334
8709 497229
32419 262096
35000 1049400
53419 315656
37867 946117
14041 218188
63527 62690
63577 784483
42858 923906
60772 483677
21897 503858
11641 298484
13049 102880
27502 124307
17487 359362
35000 1049413
43603 882883
45443 933861
18325 503171
1352 103738
50484 455777
2007 42463
62429 715070
57425 926393
55944 53380
38146 107715
25217 695739
69938 572314
35000 1049426
67414 425963
31046 967751
16406 989545
1931 114699
60370 915251
12790 228639
49563 400626
34458 606396
44505 646915
14166 784065
68585 591275
24338 213330
35000 1049439
22028 604820
65467 34892
11327 654437
44711 766722
55561 185889
4383 257973
31787 319531
16957 941158
68333 530353
67682 762042
32737 217688
22110 771072
35000 1049452
67324 630175
32936 280335
55902 815984
2288 794180
66334 828483
59324 714682
22433 570906
22651 580998
68719 44525
29848 543418
17090 490680
5648 849013
35000 1049465
44497 774316
46105 838256
54034 386646
19149 743936
3318 171084
31892 917285
26058 469783
35480 839896
29247 224137
20196 894136
62127 761258
58509 316650
35000 1049478
63382 331006
13770 930358
21708 854618
39085 30920
66207 627655
4442 110633
11449 384987
725 146900
55144 631136
63816 877689
35184 525108
45726 241550
35000 1049491
34551 822597
35644 751386
60736 642889
49186 895196
35505 565073
31571 849538
13177 139757
40512 199248
35399 546860
63970 766765
35137 208515
46031 215460
35000 1049504
7678 807159
53434 616957
31022 212064
30358 560824
38065 364064
13624 247875
3731 977150
17783 884574
30841 944759
14466 477370
42893 247349
28013 104853
35000 1049517
57785 522982
46090 962721
35713 155521
1631 485135
43158 975865
12489 113535
29751 615312
15876 541447
68816 339814
25485 115780
26337 857615
272 763732
35000 1049530
28728 366917
4461 232762
11451 946190
26054 161762
29552 74965
3889 759641
33657 721137
7911 688541
46201 516628
42592 957393
32863 476644
43262 128449
35000 1049543
15299 839208
11289 64502
49115 253570
62653 644626
37853 933635
2348 757395
28653 654615
63987 723941
29083 208204
17584 498522
32224 815836
37059 842149
35000 1049556
27781 802767
35486 239492
43618 254277
64537 308967
18365 863976
4167 372960
67275 374354
23569 618151
57514 96146
25011 131717
62142 206774
31072 832083
35000 1049569
57618 582161
32212 770357
14292 950090
50705 35301
32356 852911
51918 490035
37106 626506
62094 83027
38787 487249
61195 636455
9901 224511
62548 458763
35000 1049582
32075 946374
13577 557290
53700 856114
16402 611308
51968 98012
2910 635892
48892 241042
8591 233189
53464 673985
28666 819447
12291 569133
42104 255804
35000 1049595
1632 686612
37313 733643
56704 218842
6723 506403
64230 111877
27816 573267
48730 637224
64167 857242
18415 178532
1162 510506
40370 623683
548 948489
35000 1049608
23278 495611
36823 996312
12039 667782
41739 360007
55038 120906
19507 275527
47056 880815
37084 454550
54077 340648
16185 646119
33702 983574
14448 985931
35000 1049621
11793 219596
47774 162201
32518 761700
38890 568903
20786 661631
34614 614541
15405 629625
66112 136231
13832 506182
49766 1160
49070 158759
60998 380118
35000 1049634
7611 97136
11570 143765
31416 958381
15276 464907
49382 950772
64635 5208
51139 526565
68869 552420
18785 763026
56271 953428
37951 253810
33666 888775
35000 1049647
67951 290812
5896 35426
4003 693282
27686 453438
14873 98070
49747 593681
6207 692382
61700 197180
39945 146034
44857 515135
67756 152395
50489 18506
35000 1049660
4257 107412
3388 18466
16246 866359
35263 214808
61254 277999
3852 160648
65149 371881
49091 537871
23469 169228
61797 985212
57747 298247
69599 547471
35000 1049673
44940 116074
62023 411419
68601 327253
12603 646823
34972 723223
62926 895953
14890 306496
27090 118144
32950 945605
25647 798197
16330 893158
55153 257441
35000 1049686
6625 811057
19416 655962
51166 677256
33398 918305
64680 758377
40615 751445
39345 123822
44089 802100
20634 394622
13528 363137
35348 142330
58607 673174
35000 1049699
44181 378332
33689 460663
61858 141742
11012 273107
8030 550745
57267 570953
35699 258407
54136 116246
9007 669827
64017 454727
40410 218966
3373 595900
35000 1049712
33468 632956
14336 640667
69267 911911
37337 59145
4600 850313
54385 595530
15188 333502
33135 645074
15218 158426
53166 450583
55935 763345
18517 737767
35000 1049725
62051 285843
16176 927171
15432 342550
32283 691782
31430 586097
35692 947759
26324 904622
39807 208379
58687 165007
21726 689681
35863 628841
28757 629695
35000 1049738
35928 887858
53767 914143
14203 319644
30247 515949
63082 772101
2219 962319
61578 67222
56514 671402
14837 752913
14416 476774
40640 784230
44026 753746
35000 1049751
31087 456419
7044 384780
41653 654885
8896 491397
58704 910731
25170 782167
5628 284015
37145 93191
37788 888747
19534 768300
29528 485644
8440 48151
35000 1049764
31420 912897
36366 874098
29254 462333
276 303058
60629 521461
65154 528922
60587 145242
19279 709853
5384 235461
20431 922396
25212 833891
4917 272769
35000 1049777
22818 470580
14529 37697
30507 918113
15320 398196
36716 537993
35301 973049
55659 185697
20648 234182
34622 872531
47777 105141
24866 185209
51077 322705
35000 1049790
22193 171032
26633 668121
42636 542671
56513 118612
4808 588427
42774 784186
26005 161332
13532 861387
30623 785074
57064 942633
1972 319900
27457 736237
35000 1049803
12116 24191
25603 630113
40674 627364
26196 245870
3739 645144
12200 867130
66960 930606
51280 196524
54584 253021
39186 549535
62069 740012
56201 360400
35000 1049816
58799 752656
30033 343006
32623 589735
8379 245232
18081 178291
20929 453445
22483 949476
53488 7667
34443 639263
12639 145202
34265 783449
48042 454290
35000 1049829
3693 110079
37270 821292
27864 153165
51525 252602
24442 680507
23753 365286
66650 827331
4979 745945
51674 777451
30629 884439
56786 171181
53881 701448
35000 1049842
56431 905472
48176 378998
64965 459713
28248 425529
53965 994471
26875 219019
6869 954623
43698 339258
28147 999186
45180 127120
50054 993450
24442 836389
35000 1049855
46723 880133
34160 613938
64329 77990
1716 676917
9860 327418
51297 335770
68873 838333
47218 980605
69846 111269
62642 766597
35892 412070
26887 980378
35000 1049868
30041 547155
59659 695055
21211 517634
22398 657026
58141 588945
23100 951756
37655 771257
236 768653
36722 457302
4108 862361
41281 558424
34374 441253
35000 1049881
45723 657140
61198 12773
33225 162997
38291 742543
1167 611229
47996 441501
66782 576959
36707 66609
31428 876945
28074 280291
51465 453491
37330 906893
35000 1049894
32340 94443
17804 923729
17995 776541
46490 244405
53723 578358
7331 625604
23776 714923
59519 206396
60141 772352
29136 218124
53372 691129
4875 311894
35000 1049907
52802 744301
14137 29209
38265 910914
10423 463288
44180 823282
14773 29469
36124 849449
29899 660561
64044 342993
34052 48516
44199 115055
52662 529787
35000 1049920
37180 490117
54979 806507
1326 425356
10308 351345
55964 377024
40514 21644
14893 964667
12399 311181
50808 156935
53430 840270
42561 89500
43816 112674
35000 1049933
32706 905757
8673 921750
10795 531197
2534 719620
63506 502989
35744 419544
4707 819988
40852 715076
55545 829051
50451 580386
4115 742163
41375 606231
35000 1049946
17950 621854
36506 43100
52062 58012
28578 334364
64508 113270
12822 896321
58049 522059
52449 631982
57661 281071
59040 762935
46601 469474
22825 593967
35000 1049959
32125 586113
26972 502758
40912 581614
46357 203230
27360 949112
32904 841403
9561 254230
23432 30729
51517 440090
27702 264967
19729 400120
7226 836314
35000 1049972
56083 175308
36508 611014
66384 262872
2218 744563
7271 143838
25794 743157
35714 829087
3888 914574
64750 27761
31816 897962
28609 7306
4253 452212
35000 1049985
54775 315153
3122 32833
23132 256451
45999 782171
16248 817929
15107 666887
68704 54664
57664 884668
3697 475566
28284 861047
28418 358393
3564 327790
35000 1049998
7419 302112
69778 263886
52573 229630
65217 618855
48788 928908
32585 137761
12129 817653
41930 533336
65286 129195
55718 35285
25944 945110
50785 256362
35000 1050011
43776 777563
39865 8185
41286 6968
58305 887930
43436 981805
19869 291017
33936 25428
64494 798159
58652 438311
69910 14478
18783 566982
38193 954482
35000 1050024
37981 17783
48341 231693
49918 747357
7459 340159
56288 93510
45479 39207
18090 683442
23382 261464
65964 820617
10215 436518
37434 78815
19873 879496
35000 1050037
34489 283236
57668 576133
32503 694996
4122 844676
2068 348764
10204 546551
46821 375604
20447 113104
58254 96475
62543 252560
64601 642471
52932 363154
35000 1050050
7171 540231
44829 231945
177 459483
63183 842096
58937 395736
37499 950651
20386 88133
52794 742009
3000 276320
49156 129301
40715 167888
35791 352398
35000 1050063
61299 943356
46659 215445
25305 408502
50967 510850
65229 963208
67441 161987
32181 582311
25853 685402
44865 410271
18561 487005
12030 436444
38760 142500
35000 1050076
1728 731127
35429 346389
29237 967511
3819 998533
24014 882624
14637 740010
15436 995107
40282 952456
49895 608993
59281 399275
48728 487745
38347 392928
35000 1050089
16621 676090
26813 170140
8512 173928
42110 511209
10171 717741
67487 773286
29166 559886
43639 200213
22602 730326
8751 239162
45972 736380
66479 485242
35000 1050102
46879 552662
15660 160933
44109 68101
59914 498656
36859 298531
6303 451903
2887 890262
50812 130355
52490 585485
49894 806359
24467 620536
66589 280053
35000 1050115
30677 155881
7938 440641
56254 931703
63890 143674
62727 817124
5325 952024
17091 173045
49194 593475
15342 440168
59007 884069
10615 995406
7483 399974
35000 1050128
11531 12952
6464 367180
37329 90958
56339 837905
21011 442213
63167 688016
2519 610369
38889 45003
54832 199905
4890 553207
6439 664790
255 863897
35000 1050141
27115 954225
4200 524840
11793 546065
51035 460257
10425 533295
45062 973432
65639 779348
1318 108409
20242 695788
7633 36963
36522 437031
16520 56708
35000 1050154
65515 461818
9979 289205
46211 774185
14075 373538
44718 836995
10401 588302
61492 688520
16401 625768
2767 370997
38426 875823
38984 113720
69010 642816
35000 1050167
30510 215514
10337 912374
15686 864558
41756 939536
69787 824605
35851 678194
20457 635773
68414 239021
5445 893612
67454 569162
60731 969803
45816 348548
35000 1050180
23153 450431
27253 362740
53187 832509
8476 298681
8906 877067
55834 964945
13849 291813
53928 883269
58365 664088
54255 503238
34799 35460
31924 751256
35000 1050193
52049 122346
11594 325722
41076 462204
62737 331743
17060 320137
178 337025
51815 186145
42257 76564
37856 782393
5211 934206
10778 337931
5918 899939
35000 1050206
22375 63916
24511 395581
28445 223030
64741 916602
56503 525669
43766 552585
53773 332255
33758 112705
63453 76595
30072 3831
8046 718796
48359 600532
35000 1050219
46913 518759
30708 387856
53597 492481
30744 350035
23920 358931
59411 780202
32393 300009
5642 369696
34041 284098
28247 872790
84 143619
2047 952931
35000 1050232
16194 796958
17279 664481
65402 340400
20018 566146
15529 315370
19455 132279
4789 414741
68545 741375
68305 146710
60418 568481
60075 399157
13671 593945
35000 1050245
46924 468190
19938 62408
53381 261107
12314 645589
26609 583813
63788 686726
39448 770497
56982 571077
12825 724179
69994 893253
10190 86548
46760 795150
35000 1050258
2106 857457
2379 866663
46659 408788
24720 378630
64796 307653
66497 750482
7200 237330
36742 242938
22421 662130
26890 578699
41834 185251
1128 556950
35000 1050271
33794 754499
40424 754405
28884 923430
46530 124371
18327 344349
26561 378870
60599 508167
48442 995294
35810 770277
26680 118937
37751 670104
26040 148915
35000 1050284
8019 336444
53095 858373
26932 177304
3059 366110
61634 642162
45673 128974
10084 194550
42040 196557
63884 665450
36545 962479
36437 507440
51599 557032
35000 1050297
68219 532432
34880 849938
22792 891059
38097 688783
22906 604427
23438 469753
23306 144796
70 110042
59345 930644
24795 797083
42492 22310
49810 53382
35000 1050310
13258 831112
57159 915261
28007 206026
32333 964716
41312 541345
35266 113501
62939 759334
19807 801330
32951 395861
52138 154517
30555 357019
2741 473954
35000 1050323
30800 827202
30218 971115
10397 908922
29544 549878
47934 335651
16245 988567
51835 74710
50601 686453
19736 990268
12895 189895
9429 416727
6193 436637
35000 1050336
9304 529894
2608 622022
62108 4075
55385 674106
57971 567113
66691 487476
56332 64342
38322 663176
55653 736140
56918 433010
3193 233030
65483 388104
35000 1050349
49232 241006
56971 764229
53084 135632
18901 54375
8036 335632
46498 705428
52018 153111
6237 178870
39456 624486
24908 466847
3570 972434
54250 604358
35000 1050362
9843 166354
43185 981542
30236 354995
47784 914404
47494 320156
60228 488377
53828 223815
45278 915579
31361 151438
62754 482433
31350 58319
711 34714
35000 1050375
33868 544976
60090 811728
18220 936888
33696 226472
11117 208895
30059 893433
31270 497080
6890 972381
33169 25076
11980 186495
39709 966534
52960 103130
35000 1050388
47014 454704
39282 662130
28694 652050
24006 231748
19204 957076
54668 578819
22976 452578
56720 458115
17216 832325
10506 461733
29613 35287
44981 802452
35000 1050401
30733 71420
49134 317631
42106 120854
48848 768546
18599 547619
30458 462282
33926 58111
22881 761557
30300 946188
52088 224982
47657 920454
55211 774205
35000 1050414
32791 872005
4480 326854
26453 45631
62513 107466
19359 753109
54203 335089
66598 688649
51307 982059
16928 436970
55188 356432
3458 558247
56272 833337
35000 1050427
55227 810511
48880 897782
6943 363928
886 978027
60548 80579
61953 41445
8068 200499
41064 648445
67069 5393
26809 178750
5480 886205
59889 906113
35000 1050440
22228 172558
35394 519412
20611 687252
1313 434462
21455 423457
26424 230299
38039 127595
39733 769576
18747 159051
12677 946325
63572 673755
7231 458012
35000 1050453
18725 189425
49450 397558
51797 913879
53752 83323
47541 628457
53338 753386
69308 76143
2503 149898
11555 707567
49950 895303
3421 418242
48355 939281
35000 1050466
57242 907791
69562 401069
7728 523176
3054 299828
65814 265872
60270 367956
33654 725509
14612 962173
30423 441988
4020 328901
55095 27219
55256 589066
35000 1050479
407 177832
23124 72161
54429 422297
50050 739557
21697 413224
11874 418826
52752 978283
45617 973292
49936 66179
63009 610112
54636 15127
6449 390146
35000 1050492
18956 577234
811 114247
63000 983665
44000 472055
15466 82069
46803 110744
65857 513946
1991 1129
562 153985
55357 162131
68061 582000
39015 868225
35000 1050505
51891 967397
47240 158176
19295 877169
56850 337534
15741 102304
32265 576297
23920 459902
56755 139280
54321 993245
12436 269710
55093 42272
26583 693877
35000 1050518
53892 235195
21128 301500
18378 823866
58145 58047
59214 672417
38202 534997
66591 292778
68424 685457
40011 732846
46422 987660
38229 427242
7232 654369
35000 1050531
43853 460800
1302 372159
48350 577039
65336 291965
33400 804927
45657 994839
60244 787178
66518 165367
21013 603766
8738 612323
53336 227489
33909 151472
35000 1050544
66973 436002
43710 523712
42965 876387
15469 643527
28585 387275
20819 560522
40609 531356
41913 458046
21990 314748
41252 393525
15631 504528
43051 18933
35000 1050557
67148 401965
11633 161986
14820 425883
10296 730327
1838 283667
19322 623837
40967 965748
130 641915
12671 273417
39030 22610
56918 813111
24491 739254
35000 1050570
39333 306097
32521 971805
11028 919191
18562 607857
50742 330251
35301 925154
58457 232555
12576 173916
45087 188197
63980 757959
57093 135817
37135 473344
35000 1050583
51717 729502
2252 784161
66336 940197
65845 634892
37077 513171
23681 146945
57050 82843
55426 392965
3625 945860
49933 228972
6207 617607
40772 717632
35000 1050596
45160 971648
6205 316550
52594 723152
28327 744731
42957 755149
51616 439016
24138 483086
32848 604278
58240 270080
48908 836419
34948 264605
64445 103121
35000 1050609
2919 854347
51051 884817
16338 227383
34943 79965
56041 476042
46677 291412
23863 768408
4963 803001
56177 845090
3478 555625
41797 563299
1555 424116
35000 1050622
4067 23655
5686 28571
12776 660087
44907 47293
58735 568208
42765 319123
60322 858761
13985 361538
7715 376599
32389 535214
30145 857305
54467 709211
35000 1050635
9786 513591
48399 824059
58403 326853
61361 654412
28022 117417
24565 679372
3444 780259
41003 120609
64594 987279
35109 170988
37769 585798
38376 392060
35000 1050648
66489 816573
42992 889380
64318 10962
69059 747828
58483 375989
52888 799035
19183 868772
38310 803503
34964 632587
48605 214932
19382 371825
69966 438894
35000 1050661
62108 518766
13836 916681
65220 570008
61281 948627
23758 27804
64233 131187
15259 371949
58632 911864
63264 696743
31734 8864
30915 89635
61188 65515
35000 1050674
22888 724245
9432 691219
48007 611258
64119 162976
65328 405170
30594 780848
65540 970586
32196 320869
19709 772919
58753 522343
13972 533515
22479 227748
35000 1050687
44284 411651
42264 659544
23473 883514
45125 637089
41554 270207
32639 745007
5743 988136
14209 164705
41750 664366
49885 381257
23595 459658
21446 837802
35000 1050700
61645 766530
47037 741718
22405 209893
57936 917231
34687 933310
141 14314
53983 840460
38990 820697
9821 482634
3096 891299
34188 25950
64304 716490
35000 1050713
5870 477968
68663 715708
39573 673561
22935 66932
63208 477384
64100 931087
11683 756641
17874 933318
32014 419874
16690 585860
47511 445776
38482 219249
35000 1050726
65431 397403
56267 469593
65746 244331
14102 435896
61234 898791
18053 752781
1233 379774
40696 300356
684 697567
1185 917230
42501 652664
56520 164806
35000 1050739
43051 137901
25548 331586
695 157244
28089 593234
31451 202313
25446 57054
5437 617695
45279 647516
50481 107956
47922 575486
27829 367031
20005 46201
35000 1050752
19234 413662
44557 421893
40670 981221
59943 943182
15356 546269
34647 913654
15785 509494
48148 305888
67049 406796
59365 60340
6721 626153
32651 199306
35000 1050765
69151 446052
9935 92462
59451 290859
35845 576859
59004 736230
53140 402168
53872 434667
17751 855280
53616 864692
53282 812068
33634 472287
45334 538845
35000 1050778
58902 692376
45181 619575
31427 5026
24407 219660
4529 468809
33985 867049
27531 8783
27254 292098
63751 89910
22166 927809
39902 522934
25738 816465
35000 1050791
12470 568920
942 662818
9243 489184
37798 644894
14280 744485
1752 273811
2144 816713
694 491122
23248 99739
37660 520826
57043 928330
9007 354877
35000 1050804
50324 432077
48817 369360
9713 629494
61151 768508
4954 310338
16332 578306
8143 419783
60061 74884
64504 783386
49615 268380
5682 324658
12955 466535
35000 1050817
38540 876090
1790 406760
28443 729404
7489 663136
25851 732239
16081 773636
31749 694776
25044 195182
44077 400651
15534 638123
37821 222375
51447 981721
35000 1050830
41380 529332
54445 147449
44290 894972
43147 69219
5799 402806
62488 342652
30030 439314
3084 558047
60635 979800
47233 119549
24912 971643
8200 947122
35000 1050843
36026 707330
14635 297828
32406 89497
201 107494
68347 467588
11208 337719
52899 645260
66228 831531
15153 836280
19287 317190
54370 206498
46766 993756
35000 1050856
67735 242095
14346 246698
54167 971537
46519 969481
28682 242594
9647 421941
51431 524546
31142 845737
25148 877485
23265 878558
19624 408707
1600 373476
35000 1050869
54720 220756
22393 31543
44247 68363
63405 252339
34291 497391
31333 841804
41417 642360
29368 164403
3350 584970
40071 88863
59064 262789
63570 658635
35000 1050882
59569 115068
61206 79097
48298 552118
4790 961507
41142 427355
3254 228024
5251 1715
20401 566028
23982 189850
28760 43187
16354 506274
10603 348174
35000 1050895
27282 153035
10160 43200
55414 300372
19905 588006
58466 548112
1451 980916
46980 873601
20614 525983
2620 600833
10772 463725
13583 549343
41412 291081
35000 1050908
19983 710479
8149 370170
68303 279466
49761 985089
59363 637272
55881 840682
18489 551696
38130 358984
62979 62669
47321 191743
32682 501157
35685 109524
35000 1050921
7353 483793
10068 350396
9085 262002
21154 584514
36200 122831
52479 192970
7706 956149
46990 784853
44378 921576
13300 152529
35396 632285
49282 151626
35000 1050934
56927 278455
21123 983310
37024 152715
52504 978767
352 556169
50610 480808
9171 201397
2934 963525
24628 375796
60775 141806
52269 953339
23398 700379
35000 1050947
30589 765315
25101 909284
37804 344182
19791 48499
69365 210159
52100 998763
60246 139209
69073 538719
10470 206174
60181 649121
62567 430983
15827 17546
35000 1050960
53017 444086
60517 532282
54025 956942
66516 786709
57399 405483
17200 343761
53667 804998
54168 29764
22552 761538
21222 818147
6662 570489
43643 120064
35000 1050973
25252 732066
20503 579588
54922 424855
7344 985749
47215 464804
43298 374413
4724 25811
24581 834050
38150 724988
12820 181059
14966 507513
31345 700998
35000 1050986
19193 349184
10848 404606
59518 842693
40045 738343
57154 820051
901 524630
5552 734118
63746 239207
39021 253333
56405 85221
45142 488011
21403 186164
35000 1050999
18916 741360
24670 985104
39677 429336
20330 462188
60271 316359
34075 654667
26330 722521
22114 549223
24880 500927
15094 456701
43151 517911
51792 577813
35000 1051012
22325 986267
50305 380712
23783 82983
36028 33945
25594 217723
32465 427940
31644 915462
11400 143366
39030 81219
40955 529510
33131 765737
62560 124260
35000 1051025
8522 795355
23711 151410
7672 951960
51877 151511
24287 456915
10234 715760
44436 286218
15495 457579
3797 401143
58393 532456
12265 620040
34498 890838
35000 1051038
44181 639184
57438 754773
15520 673509
31426 95629
9045 157956
63849 798732
13387 262722
60734 816233
2922 461198
31215 597816
15055 723951
46878 975922
35000 1051051
66060 877528
47193 896126
52366 877078
24830 619460
42758 189672
20716 310672
54717 638925
49439 366128
30777 816164
22235 440708
49571 779553
65790 901569
35000 1051064
65116 620866
10183 7101
43646 262562
18082 793798
28393 257279
39021 161615
27101 30639
39472 320626
69388 136319
6064 31261
7652 279313
16289 815177
35000 1051077
22689 300483
40644 653043
29995 844157
30150 785514
33846 276087
13460 585046
30599 143655
33938 521252
1262 321951
44653 388828
37889 753749
54226 962159
35000 1051090
42902 706457
47911 398253
63000 100586
39584 123337
42126 17760
64126 246436
26275 830441
6112 110137
34625 10302
24540 213092
10850 877275
34635 397591
35000 1051103
35093 364031
48390 836962
18380 692527
23047 150379
55094 671016
30981 354072
23609 348266
65258 862079
67604 644319
11552 930810
26996 317044
53245 904707
35000 1051116
62888 838738
69269 157377
44987 120538
56377 106153
34356 658860
65664 837816
39232 202780
41909 661759
8203 449542
22034 609840
45818 191161
39182 871660
35000 1051129
62509 419271
34692 323078
43187 107089
38199 70308
63750 146021
14189 800028
36421 854231
68580 198924
31348 28013
30804 577328
48661 797521
65308 445405
35000 1051142
1663 85559
42058 868
52612 832901
28013 888725
18668 312254
60336 386955
45270 308720
16915 666933
29558 658281
55264 327586
66374 68856
28200 402966
35000 1051155
53807 904389
46072 547440
26650 416740
3803 273096
64062 447825
20191 858627
8981 214738
66272 198849
15027 684829
40423 318450
40717 73488
69538 43003
35000 1051168
563 818587
18493 108668
64667 791842
7272 202251
47721 188029
57840 403596
27588 801012
13822 78801
18187 323737
36280 571533
4875 380211
47538 402558
35000 1051181
19555 804673
36199 971467
16941 90243
15128 931541
34975 583465
60085 676366
66414 535640
22940 146735
8848 354564
62244 645415
56889 700964
62480 584025
35000 1051194
33248 954945
43551 742947
15618 563011
23994 572909
51863 480889
33053 312305
11889 115410
11493 48269
57698 823860
40368 853250
8692 775490
59888 70913
35000 1051207
43284 160634
44317 497240
6678 191811
12755 113358
21585 818349
3835 711587
36504 813320
24860 273630
11095 260078
41632 553816
51258 477375
36092 387506
35000 1051220
40441 649930
10967 754226
46611 973732
54395 35692
59585 622906
64510 650051
64711 564298
24971 571497
5234 977242
10486 360045
25869 743980
32366 571322
35000 1051233
4602 982545
63427 262419
53364 769214
37518 224238
4655 269897
20566 699053
46879 201934
5082 496258
45187 531563
53802 71331
22720 489565
39934 722070
35000 1051246
26179 565662
65195 323539
32685 963601
43649 804652
55190 834292
2806 628490
46165 398835
8723 251406
44370 845455
41420 360057
6485 114095
37033 71297
35000 1051259
26373 298295
10104 381033
15248 565897
52870 722574
47296 637505
46242 265871
51511 477946
44187 507520
879 452541
40090 93209
51929 608187
62098 913212
35000 1051272
4641 429269
26929 792149
6767 991942
66419 328810
19641 831386
56785 842167
1472 134654
21967 59045
1324 152704
60750 537448
50464 174228
23093 589466
35000 1051285
34831 304876
16173 377519
31830 211263
9216 390767
20059 114610
51202 636517
67385 261137
64466 869812
17737 383892
64660 978114
7043 75945
45253 973541
35000 1051298
33193 335788
28854 763426
44199 18250
9363 814117
58261 190115
21165 239731
16048 340560
37969 198316
56055 769584
23528 360924
45144 209436
307 498603
35000 1051311
13984 299319
25797 585686
50130 703476
67985 684335
12756 512495
55830 937175
28649 617217
5504 621894
30605 666987
51953 35488
8882 566384
64558 553438
35000 1051324
29250 673209
60030 368212
47375 816921
2373 746652
47198 878250
54376 711124
42718 371129
16516 50597
68167 26573
67148 602370
35937 260291
8720 180891
35000 1051337
36009 330672
31229 862700
61874 179995
56700 855068
5429 69400
27352 690669
36481 792353
54956 405338
5439 155208
59648 224584
53163 513720
32666 620902
35000 1051350
4188 568342
54130 782405
60819 874227
19878 151936
40260 656221
15057 224274
67705 92296
35651 867569
39394 930888
62025 323782
28617 892566
52773 93224
35000 1051363
17078 251815
39180 501081
30260 912112
39407 765936
40061 456610
50015 277092
57500 153065
42656 261155
10961 3870
41291 727710
52365 868700
63764 382179
35000 1051376
40909 282878
62616 56165
37816 950786
60686 688822
19014 662375
10773 606988
33690 186843
10078 535750
57840 295922
32935 824450
7563 133907
36992 420077
35000 1051389
30449 808383
14568 252127
8105 994434
64910 873152
62717 323582
23006 197534
20246 487727
64424 617994
5559 111804
7422 124755
37527 442896
26580 989201
35000 1051402
27575 897267
60724 927024
31370 4309
55017 200348
62898 705944
23537 361683
40493 160156
5920 94731
15906 659394
33309 586030
59320 697862
15619 391614
35000 1051415
17835 722933
56546 168578
61725 961100
24326 776364
50043 57982
3594 289760
29051 678416
5085 846121
47155 481286
50781 707913
4686 586102
9975 518693
35000 1051428
835 482018
29523 454643
53113 817597
35657 145888
2592 718293
39187 41427
8062 828554
26767 770114
28042 734128
35336 240112
8409 473948
1826 126668
35000 1051441
65264 642190
21788 31152
52073 830302
46701 45705
62452 736445
31255 91148
50081 17848
30207 100945
67455 259966
45837 337553
38123 872749
59008 104899
35000 1051454
53320 696931
50124 247711
8610 561734
34607 423780
19757 122412
55234 730673
43035 969497
14779 864339
60330 972765
60000 252316
50769 808168
35150 71757
35000 1051467
35413 262436
19849 114072
46901 406567
46840 644581
8858 818281
27138 114812
18428 516044
13445 654868
59580 172339
33053 385008
52019 590130
48620 668056
35000 1051480
43827 129907
61680 192093
64587 767348
29925 852155
24816 971295
30579 668117
21213 642339
6473 267245
8352 507750
46744 429839
16240 766100
55691 147025
35000 1051493
64640 983143
48869 586338
35077 103656
34309 932212
3747 697906
52250 945228
69046 938860
68702 296619
61746 511475
53580 940501
46979 362879
44950 381158
35000 1051506
832 741311
9017 308054
39212 685814
62228 417845
49219 30126
37700 184046
28069 221518
34693 218603
46910 633469
64571 191117
7176 103152
16144 556181
35000 1051519
40199 880918
2435 579084
6730 753792
28164 892921
5845 563633
65526 621214
32863 81083
48795 402680
51557 261059
7872 309550
52901 239916
41027 647199
35000 1051532
45036 399588
27794 58967
63769 657562
18284 753035
4094 841071
41408 294416
37542 382670
10731 627650
8709 579890
62715 351750
45968 107405
27976 19414
35000 1051545
23322 34950
65212 145724
51204 379389
35333 241803
39411 487380
65929 917617
58407 284155
15726 584219
34256 349470
31981 701694
28095 520063
23422 793611
35000 1051558
34658 144504
44304 896198
13801 280526
36355 86719
8442 212774
27035 365141
34170 36827
28261 791563
27711 418883
59172 223511
19398 393540
46319 885909
35000 1051571
55378 867867
15519 403617
24496 716671
69139 71792
23613 71250
40404 326193
58302 72426
15669 137945
10988 14553
56393 16741
39838 214915
21591 321828
35000 1051584
8837 843790
10115 483432
39999 533778
26518 820348
21911 925020
20022 348622
38824 590256
40062 580983
19633 701386
44582 21894
15679 373020
23771 323185
35000 1051597
28791 75022
30910 575755
10350 784202
22674 87164
41839 204111
62955 629006
26517 20731
65735 917944
17690 979108
43730 414591
26630 283547
67051 61097
35000 1051610
48385 237989
37323 284785
5201 144407
38803 676444
30798 930685
5961 464806
5545 785855
25172 664210
53419 104632
1118 475041
50982 679948
63720 65710
35000 1051623
19816 828122
31231 798639
52099 55080
35800 110360
41290 893034
29224 323890
46063 46712
42310 877858
8773 40014
49374 325422
57176 618850
51278 670311
35000 1051636
1289 657385
22329 549346
44859 676536
43019 430848
874 361523
27779 931317
31328 660151
27338 450132
16354 646614
21028 567939
47812 189926
329 905763
35000 1051649
69413 883028
43776 176660
20062 873178
58932 153267
67411 145637
6792 189389
47822 116864
33096 299450
21010 770265
42103 348880
44006 384739
31442 50667
35000 1051662
5093 43718
33935 307482
10850 989217
1550 231192
21187 174119
30911 524183
40284 429120
28839 765832
40074 1554
69159 107839
33206 632132
58482 111871
35000 1051675
23430 240144
39876 615278
28071 223530
7367 766024
68125 801470
20665 619770
58 771949
17870 312902
41828 794846
8907 329383
43990 454527
7976 354871
35000 1051688
58917 420321
8757 161865
14024 540262
12645 219164
68694 365882
32212 286192
29738 877103
62509 522251
51623 382782
44303 57691
16456 213818
41741 70994
35000 1051701
3881 2892
26856 573631
7160 378553
36570 905367
3033 502431
63769 211710
65781 269610
43393 779056
45525 126974
31975 357107
20972 818976
40971 377420
35000 1051714
27873 398071
41887 757793
27789 865322
51821 145877
13899 692998
45244 849379
65919 228121
11522 497230
35645 892503
1750 24818
49308 718690
31508 703661
35000 1051727
33269 866819
55776 496439
58250 338871
38638 787919
21002 610485
43003 913229
4399 678619
3455 50411
11437 36958
32830 908108
69990 653901
24937 592538
35000 1051740
3401 427757
7081 140235
35883 242376
43989 950015
50820 535850
26818 561504
25227 485717
62721 162127
61412 981113
30696 881766
25760 372867
60417 418168
35000 1051753
43287 668512
47928 910489
26911 680023
25926 944841
68795 413914
25086 717348
24709 173498
36742 689374
4962 389308
65114 378405
44179 24397
4903 72874
35000 1051766
57655 410857
21089 484344
28812 177830
7367 85523
62023 362273
1869 344708
34627 350104
30012 927630
10560 444032
47326 650945
53499 484515
47690 387511
35000 1051779
38846 198152
5505 399109
46165 80811
49702 770178
29934 299196
60580 859926
66657 263709
9160 828050
51033 9711
45960 918495
36889 403424
868 750728
35000 1051792
43248 263973
45849 809871
42600 21792
54554 982259
34713 587999
44279 691507
33995 580294
61882 239917
50795 88642
44963 516126
42707 82210
17870 152275
35000 1051805
56805 355597
58943 527871
65688 626434
26950 109357
65446 652698
47329 21528
53373 77
27076 762765
10330 435011
1089 683598
30932 996071
4580 832448
35000 1051818
30300 72637
69892 470270
65103 587266
68861 430868
34964 340977
13805 261710
65618 12428
10350 86906
45950 538044
43958 606702
60649 387705
29433 4585
35000 1051831
54477 418990
51742 228680
25394 834151
61842 713361
69337 767809
9664 274629
46262 409686
35033 458633
10264 117648
69967 189507
9852 313
40898 7851
35000 1051844
27883 486670
45265 40780
52504 644649
26877 990319
63043 113497
6153 950669
31784 123081
58228 758613
58525 606902
49829 872102
40892 789073
41395 822987
35000 1051857
1765 464175
53499 893589
6729 810958
10115 874803
67448 589620
9820 218193
66299 623355
31979 895316
43690 926372
3176 718845
9147 900857
40954 569458
35000 1051870
22994 783265
43356 295942
26502 651181
2490 741456
7275 104012
42251 377916
19640 661453
48157 528813
43596 629990
12576 156543
11096 890544
53502 854720
35000 1051883
18698 704259
21912 220738
66786 13593
24582 134318
11971 9800
33583 745401
7358 719762
7760 56201
51587 747081
8955 509528
24582 893263
61250 82476
35000 1051896
2978 228122
12233 429674
35361 632797
48254 654169
57670 539136
36613 475694
52719 673586
35900 82611
64649 311463
65718 936236
65742 494791
60037 653582
35000 1051909
46279 664547
45284 305721
65431 121098
66640 721342
9361 372958
6759 729371
45191 482503
59863 511973
24810 240761
56078 950540
4054 390226
2470 2679
35000 1051922
5032 229458
60437 816494
15181 628790
53061 623355
27050 530856
50985 985545
9253 415581
68390 825917
58678 248763
31785 282773
65984 371060
7670 890854
35000 1051935
66319 435276
37953 123503
37506 214821
19314 823486
26628 992549
4468 940345
46487 618728
32701 434636
22511 694357
9506 702095
51743 634451
37677 275658
35000 1051948
65814 96789
41081 346894
51580 488546
57516 63162
37578 149707
3932 106093
1608 492739
50672 866360
32913 276523
20284 794113
34027 615231
51848 587362
35000 1051961
62896 288135
58677 925924
16541 883918
28707 7842
19538 4789
2115 679323
12734 421556
61297 376357
21179 967600
63659 987756
38013 201179
4248 365198
35000 1051974
47025 588231
68511 428615
46386 696941
14171 195843
128 999633
56063 871670
53991 925471
13375 904730
10051 182374
49595 194301
37364 890689
69466 331644
35000 1051987
52737 470110
55920 925018
28962 272616
26047 555362
68660 789791
54083 608891
42496 365895
52777 748920
34694 388252
45134 733585
10943 225072
65541 819288
35000 1052000
68713 7757
29544 242349
57738 122798
21289 430635
4312 264850
49951 640437
56369 659839
31969 721219
55121 452720
36018 665404
23270 864629
41413 947478
35000 1052013
44431 33736
50107 92940
21162 674002
3941 610363
37473 479731
2068 666909
10779 843560
2100 723363
15578 520381
21749 639880
31080 397050
169 48845
35000 1052026
27062 607004
30579 668665
11499 154136
18020 220234
69257 687541
25108 368016
45913 236832
65805 655894
77 469009
32054 821061
55254 408090
67908 44067
35000 1052039
23431 632406
58851 497942
50102 762284
15342 368982
19634 392824
10190 347046
68946 622059
48689 832512
18994 225480
42867 145737
26571 21817
7660 793615
35000 1052052
1803 56116
65637 773070
60343 470064
69715 197780
46266 588495
4120 980145
50746 184758
15584 950188
26641 815192
46431 211959
50755 909806
52959 50093
35000 1052065
31259 724853
44778 819403
15732 262595
20045 582577
11931 723768
36465 637807
51541 799532
11413 645773
21114 748628
27179 943202
14887 876745
9784 191044
35000 1052078
29205 540057
39470 544500
55029 120958
12848 774089
49534 147322
65335 970951
19429 554446
50884 603405
16698 146957
34378 801053
35248 527173
46558 509251
35000 1052091
65595 245312
851 87934
66385 305733
31948 589739
21171 282645
36111 407390
53652 127174
51750 305220
22157 329142
49808 56433
11323 542476
24559 188751
35000 1052104
10564 923167
8604 619270
33584 763147
22434 504108
64980 19770
45450 589760
37335 761126
36370 300623
3999 183055
29001 456413
28749 569539
41551 159946
35000 1052117
24700 322797
55557 144180
48335 268262
47240 911716
39742 937601
55438 498172
32004 784017
36753 217016
50523 902687
26453 880571
18634 495198
2705 586231
35000 1052130
41131 10786
68197 883149
59441 774644
37167 242911
25108 550694
60222 844279
33853 816613
55871 135768
22517 254971
10604 404014
6724 259714
7407 638706
35000 1052143
17740 922196
54232 786810
49952 228742
39711 555496
18897 378386
46867 261007
12983 231288
32858 951755
37339 33601
50315 452140
56845 404073
4533 945027
35000 1052156
66411 698823
64030 539422
48520 946637
46612 573192
65977 20851
55187 384535
37315 302676
22801 747100
68654 764942
52963 375141
10298 866623
36581 752556
35000 1052169
63897 48847
14856 19969
8049 805990
40844 593947
25471 597539
59473 281335
14305 884576
3764 569492
65725 401173
52048 15262
48714 828481
26488 343872
35000 1052182
69659 152543
29726 654133
52172 419206
6748 724295
37342 835791
34873 124075
37212 780462
8826 38254
34108 517111
20564 472443
49310 931144
17605 397736
35000 1052195
13760 732991
23999 788566
51776 82018
65874 938418
59891 490686
51039 395113
17982 363830
2171 779849
9090 9690
24975 567121
40401 731959
59919 632224
35000 1052208
55937 605042
42854 525129
33147 596876
33675 87835
22878 742383
16865 82725
31739 150441
55706 479251
39223 957595
25623 455087
31605 276203
19790 747268
35000 1052221
31544 751712
2783 711844
2602 308089
53152 770404
26399 987802
44515 246425
51558 149645
38048 227652
13134 330480
50140 565032
57644 349645
7924 349508
35000 1052234
53770 449398
69181 550585
50977 335409
63925 783461
52760 99766
23549 971727
35860 927105
21942 95614
22102 625445
56800 944752
55349 487825
41010 110178
35000 1052247
7713 364044
49222 594113
37139 629326
7560 247822
37420 722093
24585 43153
15645 598557
29975 832180
18565 736266
26837 273130
45739 676466
32456 758576
35000 1052260
16397 453785
7232 520016
44397 931029
59723 342111
120 911444
56965 749388
44265 125214
6938 153515
7422 705994
24593 712943
48347 715310
5230 85964
35000 1052273
19885 82193
15167 166108
56751 967248
55750 130953
17871 724449
50611 869576
68210 176398
34308 907170
2322 839614
38252 545987
15989 982714
59094 18124
35000 1052286
46743 489356
51352 830278
51755 710593
38654 236767
55639 319285
47846 218375
63953 401856
65651 301672
10880 974212
60468 4183
42516 29619
43487 628322
35000 1052299
65691 826330
26991 367971
65868 425587
62592 248811
69230 39225
56466 430663
20047 339743
32683 665242
57795 875039
35192 936520
232 835982
342 946183
35000 1052312
29332 491375
58190 454405
37632 73344
16249 859660
42849 796229
48321 170388
12333 786041
49560 391156
43772 210081
12442 281118
37578 124558
30146 416529
35000 1052325
5043 73582
16090 259959
63496 758942
64837 35366
47033 520359
28599 471899
28762 635486
3142 544897
23162 105621
39467 549184
40162 110394
56721 404821
35000 1052338
31103 689340
23646 806393
20452 238026
20072 383610
28923 740835
10322 503237
43821 908476
52232 975096
48078 34873
18271 393927
27737 758162
7982 527413
35000 1052351
8516 115994
20223 935423
58970 711865
43462 551891
18478 829736
34005 114861
61275 465767
60854 117489
1232 647242
58093 518433
20772 738079
54478 102178
35000 1052364
49617 680991
24975 676189
19174 771865
52301 870076
49981 57801
33937 960333
47461 117692
41395 918892
59042 603632
3900 4641
52376 618154
44072 267385
35000 1052377
62235 322310
57182 909987
56131 964485
11482 303945
1006 855562
49862 105115
3773 55368
26328 242238
33343 585032
18908 983219
39424 160561
66563 911534
35000 1052390
68652 91304
22944 127683
45272 84249
56797 89508
34550 701353
63315 474022
61445 87947
49447 522884
50875 374622
29724 323386
3970 574681
19795 976379
35000 1052403
49513 896474
55108 773806
29248 528744
35418 943361
3826 668014
58036 532753
15642 415243
22348 800341
39641 353226
61350 211173
61101 297218
36387 303074
35000 1052416
29057 475976
37021 923873
26025 874461
52652 792428
19870 352901
1925 431290
6351 972806
19071 953128
39953 312043
61215 949120
60579 429214
5157 5988
35000 1052429
54904 284494
63107 89475
48210 271574
12897 832591
26942 895108
27891 709299
35952 33026
55886 212293
57684 950346
48549 631538
27652 705212
23254 949933
35000 1052442
207 948363
519 680334
46178 475478
56675 250397
10949 678771
11804 333685
9020 122709
54911 542966
17575 998444
18284 176473
7009 97361
67614 978653
35000 1052455
55332 14938
5610 264928
60064 538177
29906 478237
40872 25777
20926 145285
67973 301879
31892 565006
49299 253592
16008 17700
2551 35609
50210 414707
35000 1052468
35520 830394
25423 410208
26246 70882
47369 549152
38228 19731
26641 742203
7673 207282
36496 912480
14386 446032
32157 493475
59387 717924
65255 666883
35000 1052481
69006 922773
51829 108483
31592 31257
29909 134841
10661 653396
27046 801672
30625 918741
18784 484675
59068 338563
2648 275645
14652 574714
31502 469959
35000 1052494
60199 846146
55137 593882
18374 632473
2490 577022
4124 242022
17957 283571
26881 117412
5959 741675
30323 673152
64337 597580
48076 177892
44320 368192
35000 1052507
5283 903885
8093 692474
56592 722440
24999 218390
34322 720143
66167 927809
57905 476224
17185 709484
48242 4903
25176 922099
17941 974593
41129 86209
35000 1052520
60680 293298
34434 357488
2500 520420
60243 887669
48741 276961
60743 985224
24789 346281
61459 33325
16288 467936
5784 413905
60931 596667
17602 867920
35000 1052533
55566 340673
52528 990558
14141 653109
7700 853536
31415 502507
8582 296213
28306 869013
60425 599113
61890 172622
19782 865167
28208 845212
20599 807978
35000 1052546
39821 704463
21595 692074
37315 766919
64489 150234
65275 129172
14736 485922
56696 286542
21858 421564
65251 812576
52214 230210
33484 668764
19986 329553
35000 1052559
11669 511156
40458 954584
21528 881108
1462 326492
42172 537716
3309 547351
67078 903966
32271 765279
25638 536057
45896 738565
41054 966747
7173 606350
35000 1052572
63560 142074
53077 410605
669 498137
22040 951446
55034 970118
56362 529656
34629 211188
61541 459742
61006 542428
16149 717136
7208 722355
23020 572224
35000 1052585
49812 453579
25113 813818
60553 761592
42109 990476
37607 692617
69519 245968
40303 444149
56539 260113
45300 627797
16340 124566
34846 482217
21844 201265
35000 1052598
20859 614784
40372 525241
21663 478865
60074 889228
40270 200254
31818 270595
68542 195368
63657 270881
66997 933887
27168 249224
18162 520053
47738 246184
35000 1052611
18282 958751
38638 713752
37731 419285
43782 776171
36141 29898
26901 456659
61943 148624
38670 671383
387 242358
63944 500263
4037 455753
1863 68471
35000 1052624
49951 183879
59460 243069
18339 105423
29103 919147
3507 366593
1691 537577
55437 477992
49012 108982
19211 831457
24134 564500
4913 229494
28363 772047
35000 1052637
39962 118901
48982 317295
59306 207790
5742 496884
61952 938765
63415 884296
62008 800284
29466 70057
62331 829603
14353 985302
8576 512803
36023 107661
35000 1052650
35015 948423
8363 499121
26371 194171
37381 619663
33399 762604
42876 967455
44833 156451
28579 546083
27079 142442
55312 460918
11393 842120
37967 82397
35000 1052663
65819 151337
51557 14304
16841 410204
65074 530875
37943 44128
25264 188020
16890 580645
7876 757587
32874 785022
28230 796011
66329 868814
57821 771874
35000 1052676
13646 266551
2591 277086
12339 536513
60163 34975
14365 362610
30575 80030
1630 742804
60959 392727
22045 935564
8629 49694
5608 889788
25835 672931
35000 1052689
68645 933570
27672 511123
547 36648
3400 748783
40865 383677
6455 434372
30227 492190
46697 552526
60779 856154
39792 640329
7131 749417
68341 732551
35000 1052702
25071 808945
28191 102509
51633 861364
61388 819497
27198 30274
60529 638144
35984 588458
69767 2681
59125 804578
27325 178857
21122 226827
58249 514164
35000 1052715
55254 844303
60769 819650
16000 18557
65198 649335
18730 202404
47259 974927
19520 965547
19530 753181
58300 807087
31895 21497
66288 953683
10801 704513
35000 1052728
28435 28583
36397 402902
52279 164417
38745 905647
52415 529530
22486 698957
29867 966801
7065 882127
50937 844599
55621 126600
41671 542387
39417 379739
35000 1052741
36754 673095
12345 143734
34672 333337
59266 154014
29834 253459
11830 804538
28553 155792
37290 482344
7675 645376
34221 109330
5563 876891
27587 710378
35000 1052754
58965 813779
48022 529635
36358 86393
57556 811451
63319 490745
66047 274673
19941 305094
26872 427552
36988 601392
56968 609190
55863 398046
54369 901151
35000 1052767
19287 30388
16728 371231
1389 953918
16730 350357
66643 300964
29157 476188
96 242080
1839 202032
68520 92288
30578 586199
67226 702073
41496 902019
35000 1052780
3779 857668
8290 898725
57749 596286
22834 982654
42648 517741
47099 831285
55375 236306
66417 493527
46088 499309
44591 772967
38542 366661
47837 548734
35000 1052793
42996 200569
1990 733053
55205 327199
37328 711205
46089 603407
819 933981
14779 787833
19238 298969
23558 89301
13388 976654
63812 55433
11591 105090
35000 1052806
25865 947603
47467 874416
28531 910028
10912 336871
62419 70395
54118 902185
28830 462343
4748 807195
4395 681336
332 1954
48937 864729
6189 147475
35000 1052819
35955 604692
63994 795873
45067 764813
40449 862986
10122 799692
25168 85057
65414 772342
68213 399337
50795 424573
50362 615852
36124 882453
29597 293544
35000 1052832
41180 844145
45426 501966
30358 720795
39198 501930
65709 278108
10873 446223
48182 889558
7496 485035
60071 256004
18814 764742
49315 619837
23726 754969
35000 1052845
49220 87928
45986 914848
419 644403
50162 901576
60428 979681
51262 304424
27210 41926
5818 364486
36803 304223
48859 834732
41044 616661
61748 838519
35000 1052858
55294 625601
44098 488866
4746 320906
56455 424622
31539 399951
45516 952868
2026 383819
43711 818274
56097 174509
61332 908012
54309 20749
1694 346794
35000 1052871
51141 585826
56297 6305
40893 948750
1596 570044
65356 365515
1874 123066
12632 696557
47900 853183
36471 538294
22640 611559
65969 123053
54697 163200
35000 1052884
63083 937609
34742 930254
53512 697748
3447 871191
28632 594611
59509 89900
36319 451981
44537 123426
57968 949945
43717 980052
60859 772331
28011 426089
35000 1052897
66820 63513
44924 613711
54084 451158
32477 933147
43254 564486
49509 882222
25970 668157
32575 571581
28720 432837
51652 836118
22841 597696
21658 242485
35000 1052910
8306 477241
41639 824170
37971 184506
66620 578239
22000 772799
13378 156497
20794 585003
21936 127756
27062 897346
30647 822961
3591 13404
11341 516259
35000 1052923
1332 332802
32012 209319
28130 768218
41961 512793
43776 279651
5272 264435
46097 611231
28609 630947
31500 792712
44814 349140
17086 200830
53267 152488
35000 1052936
42219 129399
26265 111403
34337 343666
36903 165535
25198 89789
68448 313057
68894 538858
53220 471640
12835 529878
2996 928484
4945 251121
7638 687915
35000 1052949
32924 325638
27537 374848
13669 626064
34037 583059
66965 488397
61644 565611
3472 182298
64404 795766
29764 685345
67040 52836
54892 625591
60908 735301
35000 1052962
69521 8639
60358 303651
12031 584912
68034 607849
4899 564780
40484 795254
65084 847459
51832 818673
55319 73142
56908 707395
53076 241404
36906 205545
35000 1052975
18799 693591
26618 232973
52049 726402
64664 409757
45868 387457
1764 177415
14331 683221
12835 51117
47960 122710
46704 257220
47044 37634
6251 641778
35000 1052988
67120 455057
34278 669877
41036 62524
32294 55938
41326 230663
21007 11876
66256 572029
58258 67174
32923 452375
3770 381548
5569 851954
14985 842849
35000 1053001
8278 477515
11334 14481
47985 675084
39588 929856
14191 32652
63688 327064
19942 898310
24985 792569
7645 929577
8802 496951
8828 975815
2778 374284
35000 1053014
34651 346095
12690 30553
50241 764747
10480 499704
14556 297517
30997 679751
55803 459544
30386 74692
54326 310812
8411 532123
52415 756745
67635 190244
35000 1053027
28784 992601
27049 640629
4448 17205
26585 215999
1832 692451
3228 910581
45335 539706
53590 928028
33791 376071
42483 763057
5454 806041
39493 781017
35000 1053040
68187 942824
59457 794029
31915 764861
35535 967937
18797 366618
63216 311993
42240 144703
40219 965831
40328 353081
63971 550567
69330 578881
57092 897457
35000 1053053
8788 930559
33237 643118
12721 749401
55444 878130
23912 314259
51287 139040
55672 794074
30877 271257
18412 720488
37230 820984
23661 187460
68610 980236
35000 1053066
46337 474426
69270 514621
20006 354389
67433 847507
5745 403255
35085 669803
40244 156613
34504 201876
34021 287461
21576 152266
60530 603343
1592 153557
35000 1053079
3845 266898
17012 254028
68259 106729
36153 473874
58503 673097
39158 823221
61577 739946
52977 739662
61957 214219
26130 107035
42038 778199
8338 234541
35000 1053092
12690 352835
11356 910671
9693 602759
8135 856314
10654 398861
53928 450636
39451 656790
23595 107954
51451 521584
45698 736648
33439 166124
40813 985652
35000 1053105
44982 414416
43379 126393
40869 972591
60046 692282
66523 315190
69286 227518
18107 225396
36034 806034
63976 429090
3837 514674
32517 879406
11637 276998
35000 1053118
6963 515031
4049 388729
18262 603671
55338 155308
60413 642132
11589 985153
29701 565497
4040 120714
38031 413515
54532 361736
22134 895928
58789 822005
35000 1053131
7709 225601
43635 522170
56041 707958
52077 911016
41892 962359
18190 314853
44224 412832
23130 313893
8348 304485
41963 595818
52267 884996
35367 908159
35000 1053144
19579 515331
10412 633798
1622 820611
28370 75832
39301 634450
36198 648083
63340 846570
52303 343086
17645 820950
10512 770330
60179 338268
16460 847170
35000 1053157
46263 330712
38037 729617
38288 661524
31575 106544
40967 155030
14083 426741
63648 293810
51011 615554
55047 853760
62757 74193
16376 472078
40716 816637
35000 1053170
26814 903795
46792 4004
7700 97968
35292 427403
39756 31449
51066 881426
2757 406601
7914 308582
8889 582317
57022 353621
8713 255006
41536 426622
35000 1053183
62937 687565
56507 290739
65338 775494
57395 593878
31818 309731
61334 262818
50823 852401
55125 441766
57083 771897
44694 462846
68859 851646
33290 821405
35000 1053196
270 157101
34371 466149
44020 92327
6156 188863
39096 34736
10890 492622
25096 237728
41509 74570
40804 140064
7930 44574
48677 57214
40380 273359
35000 1053209
8016 359866
9590 464620
41907 356693
24770 718906
29905 99628
39297 103956
57120 585484
11966 13734
42805 488173
29321 147358
47654 162583
12157 638583
35000 1053222
66212 939763
31099 609709
60453 954788
6853 697692
43760 279150
32848 139499
68379 899625
52624 165175
30863 815690
33801 965385
48690 518007
10169 558955
35000 1053235
22881 917700
60567 323126
38978 237594
42438 280090
48842 631086
52507 360172
21334 503973
41700 149214
61951 257573
2844 235777
69718 57938
29197 622546
35000 1053248
10712 462622
6174 361938
15599 32034
13016 576613
4750 339661
19446 43963
20974 410980
68881 561571
33904 915710
63037 277204
16403 214090
23836 929417
35000 1053261
17650 290387
61752 309810
60846 930701
55111 727309
38542 409088
25113 99439
49590 719496
52194 111087
61997 712311
18892 498634
33753 502370
23777 951047
35000 1053274
1277 763116
18695 780823
60859 329909
67484 485779
2110 25461
21082 879199
16574 926251
1418 699539
56797 958017
10886 774539
56723 312830
24374 594155
35000 1053287
65774 195217
28814 936846
51600 518212
11532 449608
12427 807330
53648 890591
20664 285231
61856 832460
33794 308345
23039 380757
37889 244521
18925 718330
35000 1053300
51858 227331
16384 196215
42074 107076
19685 380515
64236 546450
26808 218881
37985 797875
52695 57406
33193 912089
21796 703750
33528 591861
66523 303898
35000 1053313
46648 302696
36047 605600
20555 222098
35592 556298
55276 883037
42975 761168
37256 98775
58946 682006
53157 600130
49290 684795
51435 234782
46315 198528
35000 1053326
60929 256594
69265 595769
35843 222446
51534 984340
4185 655847
24497 814397
53543 419959
18317 173063
63752 644632
6905 680318
69059 40060
42220 418546
35000 1053339
8566 532331
40802 909541
5751 884172
43758 751891
4320 117360
38742 642943
36977 814626
64523 215633
42008 525578
42492 303578
37466 723260
35312 415928
35000 1053352
63711 473658
60690 250815
51804 505287
5643 887774
35663 983984
31087 920730
52205 184396
50871 754471
10406 98802
51996 1611
40498 626133
57723 737678
35000 1053365
30290 823759
69943 36182
15074 720895
38863 133060
63390 89808
28360 777665
61711 151317
53437 631084
40086 701789
38594 249027
12067 920908
15877 382862
35000 1053378
27402 996807
48793 727090
2145 391241
61294 82680
53542 129544
52412 577512
16545 860188
61133 522036
51586 987704
13902 354411
30900 700442
40829 639602
35000 1053391
19969 225041
53595 680486
65685 300872
27346 256633
60479 547005
69981 685543
36585 634020
36985 771434
42927 529039
22946 397638
14725 516390
30465 737093
35000 1053404
69003 294451
65333 566555
51253 113396
9634 981696
7401 754262
51372 681090
9782 789245
50052 36813
23969 396483
49718 651102
65150 874870
65193 243272
35000 1053417
10491 876302
9440 59709
24893 561448
57431 722441
52797 853553
47413 639924
5038 751773
49923 405420
58039 281194
49361 449928
65194 726259
38001 467179
35000 1053430
5855 716607
42866 484145
3622 620469
66927 218382
21553 48690
2269 998926
23213 691436
22332 121913
12317 814555
41629 54766
3817 178940
36087 347902
35000 1053443
25745 339163
34855 242733
43750 222471
40242 403253
42368 578386
66776 293568
32085 613134
20822 518951
44141 79990
22501 295874
57186 962417
67824 599659
35000 1053456
2225 36574
19591 171418
21180 447293
55448 825560
30310 921291
49534 309226
33827 83950
40182 638515
21239 749016
56186 708705
59623 539304
27241 599328
35000 1053469
48815 480471
44006 489407
1202 894236
6847 89222
38951 305769
43590 688034
53432 369528
25078 400645
67046 560159
46161 913773
39411 938849
51113 89581
35000 1053482
50712 29285
31592 987837
40393 311953
60372 838671
46883 314082
43347 835963
2735 568232
48344 303718
65355 482557
3632 441660
65861 391731
39199 745223
35000 1053495
5390 574110
31634 208165
36095 493274
36704 504867
19117 843217
26656 607902
50989 930033
59222 611382
50300 151505
24336 670932
48751 161360
58574 167687
35000 1053508
61596 679167
22120 855351
10934 661054
9476 314071
7126 139605
5550 606031
26168 849259
55230 328442
30966 859954
62922 32089
2541 428794
19013 100219
35000 1053521
33917 94523
37604 295519
40356 31441
50661 827061
42916 275973
19961 536771
43334 65378
55796 547394
2086 359718
28683 641579
57360 393536
9489 264284
35000 1053534
4518 135853
63740 458027
16215 557775
63147 503447
10329 762008
10122 452964
24083 106763
9340 991128
67915 357928
42077 70145
57228 376126
24212 391728
35000 1053547
12642 14058
4359 394169
41713 72123
4604 71379
37374 482566
13740 865986
42501 877463
51030 432738
39841 897226
22345 292876
46980 666413
56904 949721
35000 1053560
65252 224176
57493 211026
25609 480631
65739 69109
18276 227796
57419 921449
4528 200092
45512 262063
60244 568251
2672 191434
68466 431313
43043 396506
35000 1053573
7724 384060
16242 44531
37157 581897
64211 382319
13705 477534
19241 627129
8952 810907
23019 1869
37534 354714
34218 231230
13098 596275
4120 97966
35000 1053586
41619 640657
41457 748674
66494 849018
59163 557665
58691 882266
62437 220955
16632 456254
57736 69219
2419 14297
44929 252338
19703 204043
44420 534338
35000 1053599
55326 728242
64921 77668
29585 109061
39349 81424
4888 711921
15760 90716
16700 490875
9739 302730
1565 281567
46351 799970
10256 187269
26984 750518
35000 1053612
33960 345636
30790 565782
374 997376
4450 749753
7245 131851
69361 665279
55528 334878
2956 532738
64898 602827
25761 624313
12856 998977
26419 663845
35000 1053625
54700 820704
42017 812336
19324 412936
59339 826878
69665 471968
5065 779499
47066 167238
27463 316955
13300 119128
23411 20813
63657 725076
55507 621730
35000 1053638
34454 143885
4147 64160
12504 58570
17996 976569
65252 973087
67658 907645
69257 833597
38052 11980
58219 709942
12379 601009
58578 758258
37244 835857
35000 1053651
55651 872169
41410 285917
16983 624753
67257 84499
59931 309310
1469 231773
14890 676900
6555 654413
63534 378533
29627 115926
3593 317014
23829 839474
35000 1053664
62070 677444
55118 971458
45568 870600
11094 546258
62406 823126
2023 856878
2045 479991
29236 557472
26812 132682
33224 503177
28921 390437
62797 841279
35000 1053677
22210 424970
17621 49840
48634 65336
35753 617258
37083 445356
12671 447696
54010 51081
47580 952153
18933 872552
62478 375676
9474 190351
25078 801551
35000 1053690
54814 970924
57920 15544
42178 158315
28779 492864
63432 543493
29041 919346
50443 647248
64569 265411
46356 613693
7124 583507
28929 92539
52087 285761
35000 1053703
45939 950024
36655 691001
34144 455000
30515 87571
34599 813395
53560 351722
65820 433849
9606 400207
52727 150127
25635 393868
63241 332181
56840 260111
35000 1053716
51987 577969
13836 897116
17109 946559
38315 930025
12764 797232
64405 840412
15169 64939
51864 474347
53107 648978
60766 697839
68699 379957
50091 550728
35000 1053729
43721 675309
49624 464103
30485 859362
27750 775815
39768 964452
10503 34680
28094 609345
439 716790
52731 687594
11756 260021
60814 535909
39649 473688
35000 1053742
8366 385374
21528 903210
21346 679145
11739 915672
5095 295326
16639 916305
6566 77297
25733 420911
55635 275631
22631 71456
27614 782107
16342 950908
35000 1053755
27050 785567
48513 537280
43261 808861
25495 860289
48234 599469
38103 82388
26475 841865
52476 305590
23196 300127
47997 389468
45442 208960
33814 649495
35000 1053768
1020 49128
64871 93422
55830 316542
6209 687047
20710 537915
41462 478382
29335 287174
64662 124066
65191 692267
35388 907265
17610 161421
41214 561843
35000 1053781
39738 907482
69807 708084
62068 562345
34231 869239
2771 854754
63960 803921
42269 465725
52551 636088
44131 517522
8511 719629
3946 32593
8732 515074
35000 1053794
38466 399242
39727 830696
64652 735386
25684 223316
42258 63496
12475 252508
32586 482549
60091 794269
4734 47280
62903 76640
14999 866676
30137 5069
35000 1053807
10114 455793
25169 880588
25812 57972
25951 28254
59198 246409
37469 790771
25407 756304
65782 57957
16041 876412
47011 613053
39037 479021
16533 788001
35000 1053820
43240 482074
66219 292341
58744 256103
58303 816034
49059 539482
20742 364585
17520 951811
16880 221482
58446 435949
1457 601834
1845 265700
60630 375914
35000 1053833
45847 442780
45690 544462
35473 505882
6819 319773
61782 734347
58894 707167
22722 954179
30275 362496
6530 951358
2826 602432
61881 512835
7457 99887
35000 1053846
38230 763152
68798 309397
43073 236188
68700 392934
59665 322518
27927 580528
46042 448545
54951 549305
39235 892309
59482 33482
27073 592217
67385 686765
35000 1053859
1971 449841
55514 465745
15532 714068
12915 175358
55887 314855
52350 197792
38031 260681
49766 173378
58254 473931
31121 296841
10682 229555
29674 882049
35000 1053872
35438 552924
52885 667475
13640 31813
63522 993540
65630 271619
44120 867362
63395 76785
38527 237475
42351 558175
55799 29651
47281 593421
19134 253445
35000 1053885
51127 647221
22146 44286
58366 391790
12220 576479
12176 228883
17163 951390
7622 83197
34188 569147
28055 758162
55695 181163
68713 667353
65190 536609
35000 1053898
36368 600267
7993 906101
63624 330098
23521 147339
58384 544922
42606 790352
40922 613822
59030 309998
6692 479993
38311 265203
17735 841795
52639 599068
35000 1053911
28261 26475
42271 753387
34814 374054
62255 36215
58494 519737
39251 280931
17371 421753
58974 628776
43663 46255
55261 371538
67509 567928
18077 926080
35000 1053924
50369 608836
58483 907210
37846 667440
51186 572265
36906 198180
5683 186501
16674 839518
55379 953696
17301 543855
43823 175510
6478 327770
69602 621058
35000 1053937
56871 355508
23180 598640
69129 399098
34395 239332
4132 339447
60134 593944
57018 132828
25046 904830
21212 622934
28458 903718
32812 790685
63320 866492
35000 1053950
35392 957200
35360 364156
54102 197635
11331 628987
52935 187477
32274 965729
52411 213166
3005 719813
32631 845742
36885 104115
38002 495688
9853 134026
35000 1053963
30788 71651
51631 360978
64179 29864
33061 388873
23039 43554
27811 619422
1688 239137
2282 249223
154 972684
47424 10005
16307 848845
65164 901667
35000 1053976
53805 281078
42795 855173
16479 168979
424 698341
48977 251254
30025 743911
15184 716383
60737 578068
27110 544653
64731 341506
26518 885129
66998 887171
35000 1053989
52646 461471
44789 458938
34184 286847
25074 707079
10331 645848
18348 48742
62152 474188
20470 638781
6911 668588
50801 11773
4463 400263
69110 736294
35000 1054002
14967 267839
21639 325436
69440 965120
10012 291598
65475 223362
44584 267800
54018 716430
8971 805458
43498 153962
68808 753048
27543 558687
20023 402933
35000 1054015
50192 581873
33784 749124
16088 128321
48621 45591
836 52714
48508 924740
38322 239326
19440 810901
42193 519763
51733 206653
32932 65171
35065 632444
35000 1054028
67673 32032
54212 741925
39908 836720
58754 618844
34640 962320
20676 219705
62208 136002
68008 429895
53152 612185
28468 980350
56958 215980
49593 701558
35000 1054041
646 219870
58559 756941
55600 220792
16656 512133
49439 755250
66107 904804
25212 250768
36293 885706
63807 836112
51753 633240
28316 885804
1944 718376
35000 1054054
63878 419576
23531 16119
27490 467296
12010 676112
22067 999750
57591 974882
64546 929033
12238 38905
4195 326723
69762 98476
68918 826650
2354 360808
35000 1054067
49633 532412
15322 135441
20428 596179
58058 630563
57702 328917
51356 979443
47276 328615
5958 757975
15078 32650
42446 358929
57505 715709
14906 845545
35000 1054080
61374 488130
29918 448675
40472 824348
3549 42656
12924 804758
65303 624625
375 954357
22171 360385
4588 657302
65396 988002
62028 648780
44727 153209
35000 1054093
16658 256777
2014 864339
45866 264706
35377 641329
43766 840972
67201 608871
57860 737738
14499 660967
12117 611444
39744 224110
15219 249039
45323 548435
35000 1054106
26622 631752
44405 472038
55313 4054
11827 332082
13747 357766
16341 163286
17495 571672
52554 289935
23353 968173
4365 780884
27183 495096
69183 923433
35000 1054119
10202 406789
16301 790832
6839 222103
15889 686136
12858 919436
23699 104711
49442 743774
25263 639723
6102 409091
22705 737767
43776 182148
48896 146272
35000 1054132
44953 315242
24174 488121
55114 69383
62527 756912
40880 538363
65353 11036
8834 228469
58661 567322
29919 147208
6661 134827
12806 517579
54204 829219
35000 1054145
12554 52660
42069 104793
20682 606760
4863 327975
64984 65662
6028 385392
19135 185985
54540 481316
34626 651305
58854 523992
2138 686680
9217 803024
35000 1054158
19890 711593
53487 335845
15389 600973
63871 212233
8566 537145
30875 523320
34991 950722
28013 722542
1520 734664
11505 786318
28309 863258
5155 338089
35000 1054171
23671 308716
56737 456095
3369 921957
19203 34529
64024 575066
3438 567706
40865 762755
45500 361963
59695 438308
5130 652337
10550 39738
56874 506291
35000 1054184
33182 838770
7726 925193
52889 758092
61680 936288
23589 928397
68510 575816
58908 17862
30441 764758
2663 564209
62679 761784
43780 874290
65915 486507
35000 1054197
62222 767234
3372 738632
65885 165200
23315 115675
42130 248329
24285 516638
20460 44151
49120 158759
67767 538701
41921 170875
43330 20373
67494 159242
35000 1054210
39848 381189
46577 763735
37303 514057
54095 69651
9705 927727
35326 699406
41059 80455
50743 380484
43401 358056
65445 390753
4569 922534
64119 324464
35000 1054223
40231 889012
18089 778112
62083 924996
39612 962968
56963 11280
10955 405320
54077 206896
494 51953
15823 506869
69216 919131
64706 712875
45048 810796
35000 1054236
25684 406308
55166 434741
33162 408300
25729 842035
26034 282159
2745 110212
52861 779479
8545 571131
33916 404658
54432 197640
21519 637852
7102 761264
35000 1054249
68466 437642
59382 81469
61201 338330
67781 244539
38834 924846
40815 882763
430 473814
13376 148981
33244 351055
25805 369965
53741 949128
2921 119793
35000 1054262
1045 435790
11998 716361
20758 968608
18399 315130
2492 477477
62432 634436
35197 957145
1859 405063
50600 39429
32808 855989
669 394340
14592 370747
35000 1054275
68147 359969
22226 419037
8440 83924
31951 536625
41941 114901
23983 970116
1526 629039
46019 989598
3821 98176
23526 808499
52126 431982
47708 622008
35000 1054288
5242 889924
61765 807211
1652 156206
34681 629082
53501 255197
24417 972800
4206 589414
63434 379464
46439 901577
66656 951051
18520 25627
13576 826143
35000 1054301
20353 241123
26694 376422
23765 347879
24953 7667
1542 852485
16669 674735
38836 825604
17185 201339
12422 586580
67132 136958
17413 462140
40932 459925
35000 1054314
22707 980244
37309 41061
13662 394271
8240 584351
2975 557681
9231 230651
62976 298078
29936 433371
31736 649640
66494 100499
24713 330724
11215 785586
35000 1054327
16200 688063
29449 171432
12064 849133
44173 894405
49441 387527
33661 642467
1159 832232
19850 167180
4332 507664
60053 355484
2863 760239
36997 990683
35000 1054340
40347 437764
11328 472327
50230 12460
14915 355276
54903 573138
21930 225249
63486 140827
43535 56760
29367 981073
38485 789886
11518 139593
4246 901889
35000 1054353
4388 171740
15756 579420
34668 883516
32852 687205
21667 627725
17510 383609
6159 789763
17856 472238
67780 657895
9585 364355
51980 735036
14270 245697
35000 1054366
31845 785045
3797 259264
11223 301138
15202 634523
32785 296702
30963 850044
10269 776300
10540 180061
7142 232506
4714 725279
53890 989535
47628 467977
35000 1054379
30017 577953
43536 604947
56258 443937
68382 17041
68677 53806
59220 787129
41485 354686
69538 690804
61478 455212
22490 41345
284 85762
65208 775451
35000 1054392
49087 77388
64716 451696
53867 80601
46651 842929
44012 707769
25030 248473
33236 773520
38485 517301
64719 428668
27068 387383
18947 106952
49623 402115
35000 1054405
6587 261575
27945 358167
68177 458209
32409 163374
23222 996710
24768 580377
18184 373447
29964 915559
58681 447889
27892 882927
67306 847305
40872 718862
35000 1054418
54275 408567
60167 150845
4801 630699
6301 606375
65589 226398
42622 789682
13905 984241
69315 234540
49933 610981
18985 410022
52024 569882
3051 638185
35000 1054431
33290 154689
1331 493213
26261 361714
18630 869952
69087 668463
10534 506784
28369 325976
28057 704001
18932 921594
55820 887915
41895 63134
41707 218161
35000 1054444
32412 723203
7423 902476
23770 431443
60636 6152
58766 92345
55056 548106
50487 730473
27742 581013
55158 256629
2075 299405
6686 682316
64309 947545
35000 1054457
23303 145994
2767 158785
49886 46933
66422 615234
2771 785034
5076 690855
11044 263215
27259 40976
48155 538139
28811 30594
45042 232371
1197 96076
35000 1054470
12182 776997
2938 215576
67542 688322
5501 721807
56887 458233
26263 977732
49141 662424
56555 762496
67834 345297
4260 163915
25176 225218
40990 845812
35000 1054483
35360 842324
55943 742780
60219 424880
19044 546380
39766 928042
19613 855164
56678 176587
51294 992885
18812 766285
62743 127706
62081 483130
28965 905845
35000 1054496
3424 587054
20228 872510
67189 580475
47106 428242
55625 966331
5166 837818
26659 533966
33360 437821
28271 867541
36050 178613
2335 513283
32772 705885
35000 1054509
21580 414059
11220 122195
64873 718577
40880 533220
7914 906149
32391 811303
54828 298126
5393 517532
41220 176931
12603 813637
45583 542039
16806 832471
35000 1054522
5067 554632
603 958382
66789 711579
46265 909831
27598 112137
12415 703308
13258 71052
63428 779665
15125 853969
65247 373861
66984 41556
45418 398475
35000 1054535
3672 891101
25106 461045
51225 146098
29871 32068
66616 601652
51091 580449
46938 760503
1716 513712
63943 991172
50356 627939
23689 166383
32229 497619
35000 1054548
39853 583555
25793 388738
31608 427386
21213 894036
30195 93908
21894 243540
57689 726550
55186 433542
22094 145567
49149 179713
32607 77585
23097 309080
35000 1054561
65314 317450
37927 883765
37980 202392
46361 878248
19320 938041
62017 380832
8404 660956
12691 369017
28924 7140
36465 387905
62749 690612
49138 921852
35000 1054574
3194 937357
31706 683197
42791 652620
63231 579747
44480 738539
14014 449545
4554 899705
58276 507647
46452 295531
22838 109259
18137 616892
22230 720354
35000 1054587
53322 412407
27514 422538
57153 913767
32886 4218
50474 87494
40739 524087
30497 666372
18394 650067
62838 254822
31323 764198
16190 322156
68610 698934
35000 1054600
57956 680644
33346 897844
37344 988789
24612 122735
69317 852511
42791 204802
61580 867295
32609 502377
17742 45947
36489 838965
477 197677
37666 991978
35000 1054613
48642 975809
22572 774186
54882 188426
18353 63209
37917 491953
22934 264423
36072 180927
8757 581657
53714 926873
62689 412625
23225 545267
63244 259265
35000 1054626
15314 418374
55715 467507
18678 961533
37226 568636
11951 230216
24773 144534
45713 618367
55492 182885
30996 662579
22329 932552
60580 145394
63865 762619
35000 1054639
15701 259086
62045 134638
1884 246339
66779 195256
25998 760434
46063 439235
31497 176346
30761 394234
59118 151730
28469 710386
64261 362193
40893 788630
35000 1054652
16153 858674
59236 84704
49231 742317
27056 184268
13329 142107
39632 569344
32664 717720
44110 506910
42222 642290
49123 948585
43840 798408
24806 40724
35000 1054665
29053 340755
20621 988031
3739 1578
22917 162386
47560 95684
22969 229563
41965 23088
7421 36999
58611 113496
851 139643
69819 186269
51426 350445
35000 1054678
3579 947520
64141 867457
18796 591782
16743 591426
55485 114329
38312 847847
10494 967785
21226 816874
67781 262252
33785 617503
62696 496181
66529 710894
35000 1054691
28231 80627
4210 680109
24409 474396
60901 417342
24555 830530
66651 610366
15943 995680
33461 536631
17719 119940
43944 231220
11576 870300
39607 898227
35000 1054704
23125 574692
54593 860641
13980 651766
57862 852321
57509 965968
2529 912203
38604 13470
48224 236902
32783 540368
51655 398203
42185 313010
33581 327092
35000 1054717
45039 688403
55390 821553
31531 885462
44007 992026
60872 257549
56267 594208
66323 706912
35091 34654
35596 45074
11710 797856
69337 505718
58578 206202
35000 1054730
8334 469
35199 941846
2995 491678
12748 780791
47156 756276
43046 664703
1306 178458
23015 565346
51381 244409
65672 6571
27155 786811
41479 44462
35000 1054743
14576 603523
46079 79208
21509 332574
16197 345014
27201 95712
19024 630513
53609 172397
21219 821
41517 28830
12566 18963
325 136838
9980 358818
35000 1054756
52839 589791
26424 61924
34163 128607
30544 860737
59170 316089
30302 776745
19021 384800
1140 352644
39560 518534
58720 954232
20941 952770
38318 393042
35000 1054769
23222 683581
62868 842203
18273 112275
59902 983276
18451 161031
45160 690440
8594 872331
14530 515180
62349 53390
58023 916854
45091 377211
65150 713695
35000 1054782
43806 122024
44222 972882
8765 434557
3421 724425
66643 198201
58455 670302
1746 857573
28986 495812
57431 868662
15712 327740
1007 146858
19881 907711
35000 1054795
40865 620592
1957 313312
41096 610430
29115 382458
6248 520600
3224 678393
42741 706063
2926 156720
2015 993497
37125 725190
45502 337516
20478 40471
35000 1054808
56805 596260
43501 821177
44023 283458
55933 507544
66771 204238
45353 810573
49698 119165
32902 209194
44662 37034
4723 447229
52212 249118
62222 211179
35000 1054821
49758 997996
29051 457016
17723 389368
54419 328373
11292 158217
41707 858671
51539 258204
38138 394896
61473 684721
19715 48314
55067 462865
5466 860723
35000 1054834
38783 957149
22013 881614
1028 743718
56045 680208
31296 824399
66280 974518
28697 936847
34928 48476
61171 832833
58331 86003
9358 112104
49617 235708
35000 1054847
33873 997927
31564 478648
23912 737162
27591 799333
62894 356265
54074 685612
3829 695354
52062 965449
29402 902978
15367 223016
53689 395429
56233 652485
35000 1054860
3016 80479
14138 649570
7630 233050
16910 293001
20576 860729
60535 837573
39836 156470
51593 130253
34493 314637
48268 378104
31192 128393
5550 84314
35000 1054873
45281 252864
38266 252104
48359 330155
67790 610091
19121 695154
39291 212758
38038 601234
7880 817130
29086 140761
16990 727437
65394 130803
21459 563347
35000 1054886
20521 975671
37008 81618
13132 224749
69550 269038
51691 37945
40815 499984
41486 112369
53012 599796
31623 783751
31838 657470
25541 283337
62394 672513
35000 1054899
6417 209259
43832 268262
19964 905784
54498 868784
51422 714216
13245 208025
18372 489528
40734 826440
69950 836246
61906 990167
18829 491365
33058 436371
35000 1054912
9415 230418
60062 419872
30888 999027
60042 954281
61745 322934
3607 123695
40319 394779
26543 404356
20131 332739
33146 526534
16041 153185
18864 6644
35000 1054925
15952 239919
47121 331242
2800 40141
54981 178417
21941 472893
16076 554956
38662 411015
269 416384
15204 283867
47183 563386
45100 916322
49468 134598
35000 1054938
39807 979857
25592 949059
52403 198289
8699 700676
47469 485887
32139 933430
44599 256899
65318 82917
29656 984828
67308 964803
23223 62875
4896 460645
35000 1054951
62996 650253
14781 448728
50556 571016
45370 517637
8358 730439
34214 153239
18831 482389
19917 147328
58401 525792
13364 77469
66119 508082
41273 840072
35000 1054964
52627 345075
46745 612737
7439 398171
24386 677225
4170 385505
22956 229489
10812 36875
30380 363395
69107 71669
40051 168119
34661 900807
37675 11812
35000 1054977
34305 906867
52474 841541
62288 461522
52454 141980
69269 44823
36219 666575
14578 418509
55541 308451
57052 252323
54979 418362
14103 339206
58754 323844
35000 1054990
52685 299954
60434 657648
40860 717804
9228 477187
49783 763481
51879 651250
18243 469861
42239 907521
28228 399484
36681 795911
10623 390994
52226 61504
35000 1055003
65732 921393
32005 565450
15033 730540
54602 693489
49019 593737
57040 142181
33777 34920
11308 777444
4376 630268
22243 490930
49524 473149
57006 583563
35000 1055016
7017 588989
14792 968855
7774 870768
39875 684153
3949 772879
5610 403818
9913 48307
66179 618071
49018 29553
25554 172270
14964 236394
8851 955972
35000 1055029
44129 997516
47896 434792
58146 30349
53543 813137
33790 618466
44223 977579
33363 46628
23965 301986
53843 777812
46816 926618
29153 858234
16654 224536
35000 1055042
2459 182599
60901 111691
25182 119583
10253 848979
3156 347758
8473 180665
26555 101295
38873 211655
3612 637876
36332 582430
53700 819544
66093 812156
35000 1055055
19519 589882
45364 244307
20026 968224
51793 30745
16527 175316
59129 656757
15718 825113
3996 189329
38373 969370
38166 206738
12482 921036
44930 466542
35000 1055068
61173 584989
64863 180043
68748 322551
63811 20761
11122 118930
35314 535731
45900 989551
56606 848283
14922 392471
66040 554404
56617 608128
5560 159266
35000 1055081
30877 872263
26896 899951
846 545748
32235 72386
59156 563498
11217 23467
30739 871825
40281 258784
56695 749290
46735 554843
40886 769279
62367 435586
35000 1055094
29987 438099
37233 828786
58551 737542
12693 396652
67241 473628
46564 92790
19015 487137
41591 313984
40297 138036
41369 118401
5573 125752
42365 2719
35000 1055107
47598 13896
29917 120413
6980 148741
4058 766787
258 263266
51185 80025
16260 360752
25076 873106
21638 673528
5208 300568
53759 269133
18096 303245
35000 1055120
17000 173474
52384 580364
46265 310076
2041 219904
26442 465828
381 744574
29559 522614
24457 763814
37170 663080
1534 77801
68413 31912
10094 669536
35000 1055133
44195 529444
11209 267321
12638 71363
56033 458133
39255 530886
3955 669395
11399 629654
48499 603908
3384 262113
17350 233912
51559 806296
33973 874771
35000 1055146
287 69394
49505 706427
18014 614660
66494 915978
55113 693171
53116 357302
5499 620643
65892 952693
16829 211541
6971 18678
18781 597044
67202 97888
35000 1055159
24494 117673
36152 411034
14603 603080
28797 33640
26866 9800
26123 545728
5060 925664
18660 145129
20077 87442
5074 48804
9402 888140
17420 46294
35000 1055172
55717 794806
13834 329401
41020 394943
7393 164733
43455 747129
40199 845324
58204 553550
28872 832664
66560 566977
54858 398690
7784 722255
53690 149709
35000 1055185
21206 992770
66523 138013
26119 231769
31054 707937
5997 19625
57074 239398
44537 54756
5898 149801
30152 212336
29203 86758
21320 813877
1682 770237
35000 1055198
67111 652461
69737 513653
23701 873497
24621 47230
49112 62858
34421 348233
35098 875074
13097 167813
46397 199656
36204 27554
10170 232652
30328 984421
35000 1055211
57236 720356
43707 54826
12333 265935
26703 207474
55194 153498
24279 821874
17481 932857
46010 464164
44477 706508
21238 926635
63001 988320
196 352784
35000 1055224
20610 734128
17090 323582
10662 492089
55584 2809
7327 892542
38750 135207
50835 593666
39499 889460
49607 241805
26021 376459
68401 191951
36271 644666
35000 1055237
67969 539103
63998 547275
19052 433170
7835 158459
29794 922591
1437 649627
58237 195004
58210 393187
55760 361265
41341 497202
15876 456427
36874 230504
35000 1055250
54502 394010
13502 935086
3128 596701
69574 300812
48839 203222
63080 265582
14754 758601
53104 157998
25429 753164
60030 32919
52155 523672
34833 549592
35000 1055263
1346 552936
20921 759586
12349 72557
69350 455880
61915 459219
45797 558337
44457 140202
62425 8815
28176 113691
63335 145105
37020 645059
26222 172584
35000 1055276
51047 296372
39450 195956
32236 118419
7155 169327
23799 653562
22704 734650
21453 761604
15070 455671
15949 887306
45117 464224
26905 445661
34194 486127
35000 1055289
34580 60367
60593 867790
35727 580433
25608 712332
22590 500642
66908 75702
63975 115285
27535 562824
18665 937839
69213 194101
22787 802325
29563 213358
35000 1055302
30763 565791
50532 588233
5098 990846
23076 949727
55312 703061
4362 649923
41250 300442
34637 282095
50829 221129
60671 446960
26938 845261
66004 947790
35000 1055315
13438 21880
5650 452002
22123 424598
44046 552507
37784 635527
16470 503566
22664 830611
5043 179906
30569 761075
62853 805333
38136 714965
54010 180961
35000 1055328
34397 857610
6163 369158
22933 509339
21988 853339
33446 146892
58013 848622
55774 975498
484 751255
33667 317819
17122 663450
18645 386509
20306 183503
35000 1055341
37922 288441
9816 870970
40588 858709
54927 713942
58611 234409
30505 156919
23111 858263
318 658682
54369 539039
69709 343083
7806 964541
37663 917533
35000 1055354
1598 343285
50718 444196
15543 538194
55422 104178
11567 94176
56724 298154
57869 142057
45199 167304
28404 176249
13379 970250
62613 519102
36627 811597
35000 1055367
34505 157471
30229 701127
38508 590586
3559 757129
38764 991006
64411 166361
4777 683105
7622 814562
58362 919666
34889 349400
57705 561801
63051 631222
35000 1055380
35398 167283
9917 793441
20657 460802
57773 396547
64330 748579
64740 954960
33765 865788
41790 567063
21620 896538
66769 267202
54205 469014
60034 359891
35000 1055393
57686 558185
8017 660561
369 165039
37215 163705
26745 325060
64238 482835
46294 153699
212 939747
56995 668698
20920 116409
51694 212566
26048 320534
35000 1055406
6742 766090
44295 855739
53898 238224
3906 706556
63547 162619
1579 150558
1028 245076
65532 926432
36664 824120
54294 99785
40675 872309
7978 828117
35000 1055419
21321 317254
31328 14526
64642 355856
24536 393739
145 650734
48809 780299
25946 911406
5361 481137
22817 68173
49084 960906
58825 862149
1747 760896
35000 1055432
9885 712720
45574 457855
43265 931792
25591 488698
39723 255230
47826 871756
62360 955665
23126 694578
58414 295935
34855 961083
3906 531719
10530 305074
35000 1055445
69182 766622
60584 817851
28707 551540
2026 148356
19324 453524
3736 713978
27741 985469
20592 724030
48673 173623
48089 629271
20313 608905
39736 956640
35000 1055458
24318 51817
52069 936968
42977 439358
60051 416957
64729 354977
48021 151991
67230 669691
1311 834018
38856 535934
43425 641247
13430 399336
30665 97793
35000 1055471
54375 438747
43155 888258
4847 644058
38111 914136
24398 490569
68608 490686
51539 985615
62947 524628
11255 382431
68798 3605
27363 74512
13064 875669
35000 1055484
26328 956552
66688 902167
21573 855267
29943 409765
1631 190879
25357 45464
17296 638776
56252 175940
56653 232605
53714 938410
64397 494507
4668 454327
35000 1055497
2534 402158
54753 271416
5330 13548
19931 503976
64151 296204
44629 52979
26074 627846
34091 551881
48802 768078
5578 923213
12642 391194
29308 109225
35000 1055510
30913 882810
32054 436435
22106 924370
62121 153138
40316 671243
409 576182
30704 167396
15698 460647
21311 684778
41387 783489
8919 183211
27475 935755
35000 1055523
39292 880690
5107 58350
53830 188466
14507 529904
56184 135731
2087 307509
50235 627337
20570 199886
30120 428705
47671 691778
3552 883924
67468 678088
35000 1055536
2068 816954
68296 989149
44939 456666
59607 673933
52029 421997
36357 417173
34335 166340
54520 723057
13702 757269
62162 338494
31548 794168
54103 461626
35000 1055549
54211 587047
27520 648765
5171 575512
17583 186587
56629 944242
15536 579078
52429 668049
47663 482056
53363 645938
23854 686855
60316 117559
48434 265426
35000 1055562
11790 588607
55654 281686
19860 680150
29049 910985
36400 410415
1222 224528
45471 357978
38994 857162
62650 395537
33438 908338
9809 469434
68924 846491
35000 1055575
30231 625884
45447 574739
60178 968820
91 464183
9252 706371
40034 10960
24468 795180
53940 452804
40551 510276
9313 901988
14453 698486
62052 551154
35000 1055588
64618 365069
68219 122531
54022 318961
30297 960832
38624 809981
3249 392103
58261 833740
63379 857571
58866 795024
44109 301370
18805 278811
28115 702266
35000 1055601
11776 195991
64108 670763
27433 764688
15409 466672
41571 15844
57559 746736
26550 956241
64289 501204
28936 798663
31572 182428
2214 424806
33614 967984
35000 1055614
66528 903511
56016 827617
36889 36668
23785 136313
54443 103887
17067 385423
45967 192035
522 815583
23249 527770
35788 289928
14515 714253
45543 12164
35000 1055627
12583 527947
23616 537995
7855 805045
59465 330866
53202 258292
6456 314713
62572 753842
46797 590657
69754 333102
33787 430816
41904 344238
834 786526
35000 1055640
877 662533
13361 438535
57678 592555
42350 677162
68883 257231
17024 272494
3413 277764
10476 694471
42302 854661
54445 117220
25180 695485
30206 871178
35000 1055653
10694 560303
28409 935033
45984 351634
57169 72983
50146 5938
39765 983353
45778 366465
63007 224110
27643 43008
68960 185768
5118 259781
54945 82625
35000 1055666
67377 190289
56873 936647
61449 391287
26239 564343
19650 348510
67900 675899
6478 751820
8442 536610
39739 767978
26431 488955
37070 88407
35987 396909
35000 1055679
48311 615744
68072 956462
62793 754869
5001 512835
44534 708782
24307 667264
19343 341714
12610 860990
50278 741763
29108 51243
39235 468077
50969 959901
35000 1055692
61340 241191
4516 414057
19189 279959
4206 310930
36400 116888
4084 258133
39162 159710
44217 882135
43803 807068
48210 605087
7437 402461
18799 192008
35000 1055705
57294 893305
13595 37368
64428 700824
24755 707062
56720 650273
30016 838684
65389 607832
3566 624198
53618 23272
32652 972094
7505 74168
5445 440857
35000 1055718
1001 995101
48263 824769
27244 612984
7188 241849
47381 766852
69443 522750
51864 405288
57937 797625
49224 471784
7637 84193
59640 890242
4162 139619
35000 1055731
62995 991619
45044 880155
53852 416534
68374 914088
11478 843887
56944 399849
52073 159872
64574 627379
24562 31769
40350 626458
68211 208915
22581 532677
35000 1055744
46775 878189
25719 865597
46220 988167
3243 585253
5538 790452
23844 30434
60262 572159
34210 404607
41260 525118
49894 29865
13089 157681
18298 621636
35000 1055757
55072 643173
42185 388319
17517 599520
15225 685702
11352 656608
55780 152550
25676 541736
25103 161195
9546 690218
23748 182280
36625 121290
1265 122734
35000 1055770
1401 917097
29881 102956
19886 523652
28142 781432
16961 23938
36243 18481
8601 550312
69181 40758
32761 676927
30712 487965
35586 253929
59956 751167
35000 1055783
44221 2019
722 662394
23265 745330
24267 91906
65534 728453
68801 2109
54766 906076
19135 404174
23938 379938
41296 431439
30875 72588
61514 744458
35000 1055796
22177 850125
39947 331200
12218 915824
22574 236398
22152 173289
39037 555867
26539 298008
24283 960616
61813 209877
24294 499563
7752 99324
21230 481133
35000 1055809
10323 853313
66547 230977
42105 564496
9099 899442
20102 498240
33030 599847
8142 551067
12113 598719
6382 146511
11389 264802
23088 916675
37926 351047
35000 1055822
12069 607622
12972 535392
4345 232586
53552 857120
16142 240742
42422 831324
44254 841882
29093 96908
59699 988532
19714 664124
62259 661568
60646 726030
35000 1055835
58240 571983
47333 304252
26444 215211
18938 299335
7598 409135
9605 465343
45338 444649
16550 794879
42016 278990
26297 822939
37294 156512
64345 462559
35000 1055848
56551 213733
53704 50433
18850 537121
21223 359964
36906 57479
45147 529863
57751 557670
2585 542990
29931 997525
13835 242977
67132 937784
18152 274710
35000 1055861
17323 982080
34524 279145
2093 500266
8614 314934
6575 831300
49202 828412
34264 980687
39957 977741
35068 145169
64003 292857
63852 477235
37737 594647
35000 1055874
9829 788062
10252 196952
50231 243323
57270 394708
34475 335105
34920 883150
29704 647649
5002 78077
23932 133599
1942 152402
45676 655429
17085 49245
35000 1055887
28399 89650
65323 350558
20864 183543
20679 592535
8936 138857
5205 92101
61778 350687
28340 547535
38222 596079
57241 537634
6263 247227
1369 268530
35000 1055900
59985 540165
57935 504350
53085 960430
58191 203088
6321 850109
49250 824852
24463 486756
51004 281271
3428 962898
12164 815992
20576 186868
67061 356820
35000 1055913
10937 371106
67311 352350
35998 916061
58556 312180
44424 175906
30130 129173
14549 841424
58895 765197
15428 872521
29354 813917
62650 202452
16581 408973
35000 1055926
55893 539331
66475 145011
23086 821039
14883 759641
50068 670545
69168 411419
5419 219081
24712 212030
66348 609257
41620 929878
1730 588757
46432 538499
35000 1055939
57834 84719
7271 292893
15591 357451
11583 742234
60714 672358
68895 102645
66442 404591
965 500482
45236 968101
1265 363778
45524 192215
36131 55842
35000 1055952
39139 936521
30163 910585
157 974669
52782 97510
42165 346339
47977 645051
29363 283118
18400 654198
16347 999740
64123 693086
50551 253442
27386 869639
35000 1055965
40513 66460
67251 580678
68269 422474
54425 783120
63726 981334
41659 768824
24737 981645
26258 152076
56128 787030
55162 30023
19484 154260
54860 4352
35000 1055978
30421 596335
45794 499131
57111 416862
12660 888052
60682 138396
54273 777430
53131 234891
4688 204736
44538 903469
1778 79335
49328 27528
1297 191154
35000 1055991
12588 576039
5684 873745
19658 224451
16961 523295
67245 958691
27036 549733
48269 59750
22495 646577
33476 24713
49848 963837
24353 410403
11741 187486
35000 1056004
67903 19661
37658 126278
9245 313536
47083 461867
18795 667603
52246 824299
23690 619817
41082 312047
58597 352831
59948 800309
56862 225498
45977 251959
35000 1056017
49429 927597
38348 193511
47518 966976
31612 985887
20263 442872
11931 331934
39595 285637
45716 62074
1082 279654
24096 395798
69625 442911
35386 866820
35000 1056030
50492 781567
3244 660911
52366 849423
5881 570284
38533 291636
31264 768954
25909 903889
23182 755294
13447 867334
62152 240333
62897 153540
61020 281396
35000 1056043
38609 532390
43572 416114
46353 236901
8820 112217
40975 125015
20067 404204
62403 887752
41022 869729
739 297709
15338 993945
50632 222051
5375 289180
35000 1056056
55505 970218
67655 231055
25229 8849
39344 447209
43508 766407
6650 398552
61028 135054
32172 942080
53212 176333
14478 905332
3297 918934
67390 504346
35000 1056069
22591 139322
14435 896993
12610 123183
68094 192733
54059 792457
38934 726407
46753 403382
57989 79991
61207 389850
14236 118426
26834 396494
22640 820543
35000 1056082
23458 678349
21084 451207
25036 131324
17674 188022
67618 414482
9991 678478
6119 29711
30818 976981
19060 956765
1543 95918
51274 724421
46137 36662
35000 1056095
68251 702280
45273 31531
26584 38194
45108 320644
19839 812904
54450 158924
55413 500150
33541 385588
21848 805873
21982 744144
55681 415292
53859 420716
35000 1056108
37219 502969
42992 444654
36910 649240
62358 519471
33543 985153
45039 218817
5037 262472
36876 728009
35366 99128
55345 934747
39748 264848
12913 627214
35000 1056121
43791 563093
63050 329165
39230 538455
57344 23950
21220 384786
962 415350
33250 186016
63642 698078
36903 456733
15073 817391
11229 805701
4724 848149
35000 1056134
57085 96996
44966 745974
46860 40002
14817 259088
28327 550427
61092 137743
2690 642884
33087 300194
44127 269710
37037 799735
66788 250442
54771 110236
35000 1056147
35867 260076
14581 164446
62118 538493
1932 433374
54812 486524
14273 532001
6461 854064
9278 593210
40492 208472
7169 641720
64435 927314
35813 861286
35000 1056160
50953 909690
16995 147949
17921 473256
14130 806818
60567 674552
13968 708530
33836 277954
17178 293767
2593 436165
27748 664738
29363 293756
32959 619635
35000 1056173
33849 286852
66394 374120
7441 53102
5574 834192
58210 227851
40416 926514
33089 615246
55807 118854
62356 582183
62857 21457
42249 829485
66989 101006
35000 1056186
19750 435542
64581 572411
34487 320308
19625 931660
6061 346030
17923 939564
46898 82490
34205 216235
14897 472446
8761 30284
2071 800793
52587 62567
35000 1056199
54373 939259
29789 709586
60238 104956
56677 907336
654 873318
5469 38457
24317 975024
56474 674546
6161 949033
29764 164561
35946 545084
25488 760701
35000 1056212
26185 26555
39542 995649
19505 725882
25220 362834
1279 968886
51876 125364
24501 618030
38951 317003
49229 140141
26608 617747
47075 759316
4411 993507
35000 1056225
67015 895025
59297 241113
10433 947490
23544 923528
816 381489
67890 369309
67862 980893
54156 442559
67971 122748
61560 718212
9655 597766
42948 565327
35000 1056238
55554 192077
35973 716569
10650 346369
46489 942581
20413 898084
19822 895518
32061 156279
29115 854444
6429 77696
60268 200021
24382 306272
33475 50590
35000 1056251
67440 111633
46212 580303
6658 473362
36851 344762
54508 198934
46859 539080
57605 989759
63409 124733
50218 339965
45410 248083
11790 616438
13840 706234
35000 1056264
64178 122744
29748 778129
39436 296770
56940 864319
2383 82310
5244 621593
60396 364377
33341 520706
12346 217203
25358 227927
26651 483754
18291 219130
35000 1056277
1086 289171
36347 294451
38791 352268
68841 771924
46010 814373
30804 198574
33061 918931
64150 267902
33274 526454
23124 727768
55610 319022
48597 281103
35000 1056290
1335 800960
57585 465455
64108 654093
17738 96799
23808 852372
32532 26607
1510 123474
18685 411747
69532 600104
67481 445581
58712 993223
1259 35531
35000 1056303
25730 586099
12919 785325
24197 455734
33910 747384
54280 759533
2794 169071
3495 404329
18035 574246
36368 404516
26297 584130
55984 819811
20324 190466
35000 1056316
39617 368277
69431 449768
6881 464093
61187 692749
30238 471657
41229 787463
41282 89991
44896 574166
8899 335494
34373 546009
59450 939512
9322 742131
35000 1056329
27048 890403
28171 914210
25368 525943
57186 27027
59546 835463
15292 921870
16645 631913
28198 80129
68334 682713
55427 772091
2527 707134
7207 134454
35000 1056342
14196 915969
5800 310399
48483 428720
20918 297579
14845 674988
17434 976135
2415 444017
41541 538415
60969 646182
29713 889249
20659 819006
33341 984563
35000 1056355
36637 887573
17907 196371
14195 99454
25809 803765
44040 274096
23934 269466
32572 388241
23176 434326
61281 776006
57837 394956
12021 646653
51263 525283
35000 1056368
32897 201847
9008 187413
13622 871287
11472 70638
61428 185683
1983 402593
44519 389223
29449 387169
50608 672637
29816 155025
34714 347019
54359 614244
35000 1056381
59450 811172
18391 285324
12639 925270
33348 3544
67138 397755
25260 552660
10459 136473
47298 212279
55509 839316
48040 454530
5425 725393
30825 71481
35000 1056394
36064 302502
42949 851372
68453 229175
66539 349630
14191 64519
16859 421300
30895 413608
64490 66791
14403 634590
60084 358928
42941 924543
4668 103101
35000 1056407
31168 614765
6647 729479
2363 134455
49077 47530
31059 907720
31551 548102
44062 418624
4196 470206
59612 457991
18937 219874
44717 682919
8127 354780
35000 1056420
29151 731218
43770 408927
34463 679655
11513 362555
1198 713851
50045 308535
69364 828787
26732 943908
16568 87548
41873 37952
57781 859261
28648 537832
35000 1056433
7936 716287
2154 170643
23252 338339
9710 904843
64885 596853
43911 966273
17616 270177
42201 833218
43934 352356
35399 64679
49493 417548
52767 873997
35000 1056446
5300 79921
44107 486352
61518 133845
68251 598606
20674 720110
12554 477848
6386 431106
18756 883934
738 363953
58538 579011
23234 202268
4758 409019
35000 1056459
19332 250781
22367 159675
38110 991895
29852 535332
64696 135387
16840 529464
59540 202135
22958 60154
57363 559416
13246 308990
40814 705957
53468 962127
35000 1056472
23558 526244
58635 402234
43535 462720
32873 688107
56011 492397
61441 152274
65064 378769
3166 715794
34164 684145
18073 772210
36273 516267
7455 47857
35000 1056485
48263 268157
21998 552001
343 663007
55709 264987
45740 948532
55145 558488
41756 541229
30047 845802
64544 987975
32484 967464
69788 401265
66401 735562
35000 1056498
2280 644037
63421 986991
19877 210930
42122 830401
45058 264437
10722 364100
64513 435914
51470 24786
40435 234460
20847 638356
60850 968266
26080 171413
35000 1056511
35332 223709
34473 928425
17182 371816
35072 103067
28945 138782
31263 340918
20736 483357
37585 105455
38803 388362
39810 138673
46929 311646
23401 900913
35000 1056524
49658 219190
21401 609950
39183 279215
53738 815066
25801 953237
24502 783862
30105 926791
58454 369135
43088 280261
38094 395432
22511 958943
54146 537345
35000 1056537
45777 968395
52085 739548
9942 364523
62035 156184
67088 285515
43879 787507
46864 409864
28738 481851
31180 905795
44752 83595
59100 535486
10085 66687
35000 1056550
22482 464669
37367 953205
15012 364245
57856 177206
22905 963777
2395 218973
61987 263686
32539 825321
28892 909440
31234 82118
18804 72730
35438 564255
35000 1056563
12673 419782
32057 984705
19345 214458
66389 558174
55243 999478
29975 537672
60798 631410
58620 362223
4113 364227
52278 416453
37077 145365
32616 820053
35000 1056576
30410 288174
40805 321052
6158 701462
34300 882395
47928 760734
32663 79731
44925 595896
38091 592683
40620 740059
18150 963720
46051 810805
30411 441414
35000 1056589
50394 234232
56867 424886
47906 29327
63118 879108
26307 521756
9690 557487
47281 791657
63186 748695
9848 772665
44153 218860
67689 685886
40149 544579
35000 1056602
67381 396663
25544 917874
13891 634041
62583 891393
5562 252811
16127 615278
41581 883592
2458 315237
65577 856924
14089 687268
3456 937501
17617 151854
35000 1056615
14638 114234
35327 514685
64817 590362
44604 100347
35074 10747
37600 933013
18749 164098
37701 895349
19819 850723
30500 904401
59655 50233
63768 52637
35000 1056628
62082 869248
42667 133049
23273 300438
24510 787357
64291 163676
49952 894162
44462 54065
47509 959579
61813 207860
60906 211443
56162 820581
28200 147231
35000 1056641
57058 119189
56025 408942
45980 632949
11490 505403
66401 219088
45879 801945
30710 284720
67386 853328
46591 122273
15893 519745
69702 32596
11873 286612
35000 1056654
13612 234363
22122 605870
29335 295562
5658 673588
41863 397708
40937 187871
47087 380919
60752 294663
18165 64207
22805 564174
61477 435522
53830 77705
35000 1056667
25224 412491
54552 53242
44693 962901
34750 418462
49350 711930
40789 956007
26837 948737
63495 557857
43231 337770
17290 966191
41922 786555
4132 620189
35000 1056680
27211 888449
48594 504530
34906 299027
3169 884523
13248 725918
6060 52173
31942 876927
66174 556563
29567 205249
1383 756747
53451 605179
63665 332886
35000 1056693
8710 117690
11640 874535
9470 703889
4553 942429
18700 878957
51502 370225
46569 702505
60392 610599
13672 784548
43097 986298
65986 72956
14943 910898
35000 1056706
32118 622701
20360 971478
52104 582068
35139 521858
63500 823435
630 552649
29607 763226
36714 734616
62157 456710
3692 3788
51162 59381
14344 645620
35000 1056719
56152 321624
55329 93778
5654 379734
58031 206404
40256 105220
17290 332513
55662 364710
43174 608703
39182 970539
60311 686625
48865 312319
14643 444035
35000 1056732
2577 683244
37159 106166
65788 834455
15343 265816
8757 431291
26441 943097
40031 571142
61696 260517
13952 884625
22300 724147
1806 477571
56372 429289
35000 1056745
25838 27344
47664 865521
31001 796807
45922 219643
36865 636320
65809 749898
34036 796713
36530 927918
35643 597469
12145 576579
38074 3828
38101 42702
35000 1056758
20543 126934
57239 604549
36694 490657
24850 757105
27523 259699
890 470473
43909 687254
27053 830127
25765 590856
61190 336789
11405 387492
62036 801055
35000 1056771
52206 898594
29000 361953
31463 647807
25530 91373
27792 702032
31789 43795
19131 830237
8469 454693
67195 603378
66251 707547
14049 98145
63426 208532
35000 1056784
59022 746633
12541 75432
67119 842167
27030 376771
30768 701661
31459 689250
21666 289068
50711 858820
19095 567360
17425 480576
57393 962476
54805 699164
35000 1056797
3319 383115
27054 107927
62983 41664
61036 94430
63267 92246
23971 57945
17561 593979
28947 227380
69344 228449
34916 347269
52318 741582
67761 510239
35000 1056810
32785 551861
35377 272275
48163 81039
46785 851334
12305 478341
45800 550400
36261 921509
15663 983179
41772 283354
17709 504787
5421 273218
27254 663867
35000 1056823
4410 160893
8580 583669
30444 321554
59341 300237
2971 205351
2241 925230
63453 239933
4520 635468
64580 350689
59424 349172
43149 941919
41251 455793
35000 1056836
27718 450836
3985 767876
29052 483470
65869 799053
15921 593999
14328 941294
21643 349579
21371 486037
4394 225356
21986 591384
2174 462222
30146 812099
35000 1056849
63761 264045
52624 703664
14144 594496
1595 156869
67334 602281
22822 823214
64723 144741
39504 534389
61649 181288
9038 222581
19021 261893
65583 134010
35000 1056862
67278 802937
52346 601764
17377 261325
45032 831376
22155 878173
47278 472916
45731 794439
66141 986052
19888 913021
1901 304735
20810 907418
68387 7279
35000 1056875
50072 771037
34414 238570
51099 879561
27970 701312
63578 848138
55871 714078
6004 280785
31278 50738
11858 133457
37397 11001
15779 825345
47636 751352
35000 1056888
64736 794691
24222 219245
63550 543483
9155 534467
9605 995857
12932 502632
4607 610304
32839 906910
25856 766229
50385 518584
7768 549018
37071 246603
35000 1056901
20107 482571
22116 636914
51247 923291
54985 339768
10236 324708
14411 685670
64867 367710
67322 832391
52127 965261
28232 924625
60714 577701
60991 169280
35000 1056914
45311 600741
25457 888041
20362 500110
66722 277465
56281 34204
33542 494857
10188 310817
46972 855261
34836 667250
6984 790326
40027 472533
38519 22877
35000 1056927
21728 469747
54574 305820
19777 983840
19599 740047
19608 32358
29798 372190
40182 501849
31002 141215
22365 500383
30565 568983
34529 135314
3075 357985
35000 1056940
60418 364818
49332 337382
68608 40518
49855 760361
13661 557683
7105 46595
68066 977846
24573 206532
36412 675195
59404 309530
29073 849204
22531 995486
35000 1056953
54555 393708
57750 82719
41602 683051
40635 123181
53840 364517
13247 521729
4298 848582
52936 374056
30441 679170
31846 546958
17305 459115
11032 494333
35000 1056966
47505 697898
26863 57761
22119 657473
61968 234532
32107 341327
38406 600170
31120 724004
63295 718114
68066 386816
26497 892810
22566 27532
1112 453486
35000 1056979
19586 109099
61746 173328
26633 406218
9559 60597
33215 531654
59294 444858
69445 69920
54746 151703
60462 522240
62715 591888
59378 904972
43559 306833
35000 1056992
26760 612184
29466 445020
24314 421959
50572 882758
39898 560470
64439 498027
31708 792061
12327 306891
62603 626359
35486 521820
67682 639386
59207 322421
35000 1057005
4991 790055
44783 424677
5152 49103
16121 148887
17470 127233
42477 147600
39610 298187
37421 8485
62260 766664
43747 487111
49757 527488
28693 620327
35000 1057018
4563 963272
45816 173622
66648 627159
21212 176838
51686 856618
2663 935845
7654 241437
34577 738973
61845 697806
41678 682971
16433 59263
17388 699691
35000 1057031
52155 69897
9800 534873
54840 518221
36229 164692
56933 143766
1122 414686
67628 620753
69175 10949
25833 731191
28181 858692
12757 840195
67332 779883
35000 1057044
51445 802228
60421 80437
26138 874285
65383 545485
69858 3577
41074 62746
7331 95238
4528 927589
55921 556675
49218 979220
55339 101385
14086 719302
35000 1057057
49673 279106
6171 557052
21533 868638
55730 619844
16988 501231
8386 83071
53887 895234
25448 452180
50418 836204
9974 939368
52214 576464
15667 567508
35000 1057070
65094 563042
62325 126006
65068 323551
42004 458665
55793 649212
51541 266080
60340 823068
8849 891032
46330 935905
55391 473528
26022 51232
12151 207919
35000 1057083
47515 747749
20362 981285
41119 679456
20054 427245
9376 185968
46111 786192
63031 761075
2702 42960
49680 821634
58800 914981
29872 372638
50225 379294
35000 1057096
22631 104756
27896 891409
57085 144226
68852 662570
23662 407145
67628 690216
1674 828497
68167 622978
10001 40644
47757 647373
65462 801585
51339 967259
35000 1057109
49144 214480
63901 585333
35325 663816
35825 356208
51290 711888
42377 792747
12435 108035
7200 617767
44813 661642
36911 818757
42944 887144
33812 956772
35000 1057122
28460 941228
62604 359252
48606 314302
35057 651622
69063 396513
5418 830699
15425 89485
57184 204840
14730 44838
18201 382558
69704 901631
62761 717106
35000 1057135
28041 190597
33487 195359
37295 775218
50476 699651
23293 930094
40725 635623
21366 134318
36406 928145
50762 835286
44595 676512
43415 329103
52500 936424
35000 1057148
53072 962888
4167 114570
63202 122574
54612 614244
32508 550178
67925 721896
57119 749127
9052 794243
34836 746184
45178 372504
34669 967658
26469 257283
35000 1057161
13893 838349
33889 755747
36651 863501
69113 961424
5102 136953
53368 651888
5885 533225
40472 299564
58679 702387
16560 88297
31390 404709
33082 624390
35000 1057174
58938 975246
51641 932608
67556 559488
21917 259535
12939 452466
12106 925562
6406 536757
30211 798359
27068 28204
50195 599414
29878 638925
10951 954422
35000 1057187
9713 46734
35106 26217
13118 228510
26660 563140
22593 571452
20239 8167
24586 239171
35543 609615
53914 360138
24123 4019
66504 897129
23310 367356
35000 1057200
9228 570770
44927 774120
22446 898510
28565 206024
5990 75491
12214 869079
53876 612895
65957 132938
30977 829063
8096 527067
6448 218420
61455 803090
35000 1057213
20301 201961
50579 295113
24904 206483
26499 645387
47720 151895
45983 186540
50280 304020
22572 531260
12927 454453
12329 111762
47035 695647
5266 978614
35000 1057226
13056 363331
67929 226304
46555 504386
56277 173639
7103 602285
60522 622528
42230 469464
57473 773843
58614 993290
68521 220101
38272 791141
26052 896503
35000 1057239
38384 625302
209 776625
37661 535253
4284 153691
41301 105620
2763 234898
35560 990005
14746 205480
20029 118633
8485 381392
1707 60866
14539 378884
35000 1057252
43817 307246
63358 315599
3976 186769
53941 545331
48158 536033
48434 609706
36123 796091
30664 158878
23418 348084
44202 221421
44858 665771
58692 446134
35000 1057265
5546 1721
43856 35660
40902 793470
26001 203655
48838 763228
17915 526392
24911 505166
21137 33025
66498 87257
48733 828628
36902 173304
9978 207886
35000 1057278
39581 610730
25947 973038
49827 851852
36006 267278
67113 399083
57251 308386
36376 261552
32798 302124
4215 170777
1504 166748
39485 564470
17358 948812
35000 1057291
64332 594297
25280 290332
63951 287515
7676 437869
37101 200807
23855 474633
40846 525134
3018 11457
21368 593329
59458 345331
24579 134000
41470 753909
35000 1057304
50837 965002
15366 502215
48098 693833
12323 883479
26407 402545
18767 96385
6024 661727
64636 582721
19328 163099
51072 83582
55331 929044
58678 189034
35000 1057317
57859 953806
52766 227434
68104 13387
28695 197476
69616 502012
7728 616082
67903 12228
39575 171488
38056 27925
39623 866391
532 296194
51178 819836
35000 1057330
40317 341298
8133 621123
54704 373468
66677 382960
4111 109245
30446 354887
8069 426577
44733 197700
42744 241116
6596 120843
21701 406469
65830 18756
35000 1057343
42567 476434
19964 678653
7405 581784
39816 179381
64476 552288
33781 408802
9658 66017
9563 687620
65536 158182
67034 956451
5616 567130
12665 719688
35000 1057356
165 337957
22042 906414
21009 790352
65146 19169
638 720753
45046 702149
53923 876807
49116 561347
19677 692706
65983 83219
19797 600805
55028 811424
35000 1057369
19982 886416
18752 589268
31600 713006
22596 757027
43264 910323
35419 881207
56516 383998
65356 205071
58446 313448
47672 721985
16512 759086
54949 726251
35000 1057382
46855 134764
67083 405696
40158 21443
62360 634990
53037 308381
68567 768663
60640 291142
48775 20935
36275 917084
13975 332946
43156 72402
31940 546380
35000 1057395
68667 691694
49005 794251
59090 389212
8776 303515
30524 141424
30778 864187
23353 379789
18045 358512
28455 813241
32815 826498
28189 932577
44257 562173
35000 1057408
46552 183525
30416 917088
26976 166783
66785 49340
38429 178143
10440 614309
12665 534319
1340 871976
9377 852765
34653 589463
69658 655941
22535 952058
35000 1057421
67569 209826
65428 916679
38651 469460
705 85073
43320 400726
21495 913570
35294 627852
13777 736770
22374 774830
2032 9014
18599 113770
28656 690312
35000 1057434
9910 41516
27522 698112
59048 283872
55459 448070
31839 596706
31450 729899
52330 147573
65387 666674
7976 587207
27137 304191
9741 801751
46583 93225
35000 1057447
66040 503355
61765 726079
30785 71755
15256 889625
46988 744159
4755 231775
69902 620427
3622 902285
45163 288593
10244 75544
33743 121609
12406 858849
35000 1057460
508 46152
41233 446079
16900 181440
47766 952626
16787 736743
26938 978844
31174 104796
11463 744176
61549 623110
12229 859988
41452 845144
3925 637008
35000 1057473
32460 962006
31746 914074
53557 258612
15947 907531
1037 191957
13875 111203
20887 932416
31046 595317
6600 690045
38932 337331
53077 972314
12272 661937
35000 1057486
16564 672109
26819 928043
59822 947128
26799 585503
1107 368261
30670 988148
31069 618859
55487 965487
39772 120283
6415 315996
60265 715798
29441 965698
35000 1057499
45944 330286
49652 909384
67360 191088
25018 877114
31697 567123
38449 214384
46702 86673
32772 638568
25579 862030
53160 217432
15903 916485
10879 50328
35000 1057512
7405 771426
1289 229676
6109 680626
49547 76230
66936 205296
14017 891972
19938 190699
34977 249226
12123 494875
15551 856287
33459 729584
59960 832757
35000 1057525
45387 25699
61173 853979
36923 543802
45772 408795
40888 268115
67170 134658
29096 983996
44688 253014
182 815491
23395 456763
63820 746169
61147 373154
35000 1057538
43003 79387
40930 163761
66859 523255
56284 891895
18457 76740
60125 837964
11997 600188
27306 620402
28105 93895
33276 977333
34087 313631
59348 288249
35000 1057551
46351 980362
52713 651502
2963 264653
17112 241082
52731 815336
51911 62293
39080 585616
34020 524057
40423 198477
55333 260169
5646 548762
55748 293365
35000 1057564
11851 673646
7467 219174
10272 857953
55571 912719
17852 710337
27981 433746
7096 429499
9068 478110
67948 702519
68157 733221
51231 526947
67683 902512
35000 1057577
26008 405481
46066 36064
65422 416812
69752 856772
28330 231613
53653 562296
20857 581346
66136 380647
29486 271683
68384 742170
31495 49939
53291 918182
35000 1057590
37305 628217
7682 715774
39475 979548
1820 551682
53719 88804
54577 203600
18989 42363
14274 940930
54560 994355
13025 894842
48474 848208
66459 904695
35000 1057603
48763 491324
28840 377928
30035 184436
54312 25210
31754 56466
41750 337372
61396 153509
32634 474350
28765 99069
51332 248275
26794 858259
16158 603013
35000 1057616
66606 194769
32396 723430
43091 324342
46042 330452
53577 612804
14048 284268
52333 60155
30794 733896
28460 347613
7160 417258
37210 808091
7230 216593
35000 1057629
32729 834115
43342 903214
13370 735326
63239 974045
20041 145007
63337 279400
19606 441800
41759 236217
8450 299195
56967 143836
12488 475686
11809 144829
35000 1057642
48998 227539
52308 483330
31094 380327
55254 482115
43070 66089
38561 894607
17432 592777
5445 759535
36966 282417
15804 285551
22314 784107
46864 266270
35000 1057655
29744 189154
49662 655807
9450 634172
49909 67599
51405 336066
13841 59730
18372 747851
65555 505706
30512 638012
53907 937053
40755 509610
31493 12006
35000 1057668
15582 967050
66062 635660
40375 594222
34429 254284
59055 649332
16454 63545
29896 844410
342 459850
48678 622591
21575 950963
56528 903898
68468 926259
35000 1057681
55234 748133
63195 603886
10015 294361
31562 8953
66066 745425
1029 600521
66892 187571
24901 898970
713 14618
9854 937185
47412 330092
1954 589838
35000 1057694
46544 766697
38623 700670
17908 380062
47898 967149
54470 970290
24406 507434
33798 350672
34479 167454
11918 121031
26437 434986
7223 594936
26625 771867
35000 1057707
14984 228507
5326 22411
33466 272372
58435 136068
35039 788808
64794 885281
4783 393487
44559 39956
51795 848283
37062 600597
36249 844346
44258 715845
35000 1057720
22753 434786
17173 389563
12805 215673
2793 171921
14208 680729
20106 142384
48275 417184
10833 729949
39178 494760
29626 911810
38776 796171
58833 750521
35000 1057733
48391 348261
26268 972694
42912 723530
38386 227622
38237 979985
29729 706448
45032 917277
47742 761574
2795 18499
67377 854136
47278 840147
36752 143765
35000 1057746
35815 138037
15023 676546
45409 842550
15493 807017
53577 740961
10659 582591
6 560050
69839 316435
40068 281267
8948 355104
55451 409481
6950 250236
35000 1057759
8651 501464
30501 266326
3731 309027
57501 694616
69327 762210
65781 630551
46800 863999
69854 623135
46495 726817
26924 289177
52796 876181
22306 360535
35000 1057772
62712 468194
40547 224737
22312 693551
4784 918332
30164 360220
40392 493064
63358 748328
25644 694401
24963 585543
45258 411007
26275 248801
39940 460329
35000 1057785
39028 698488
43298 55620
69082 213218
3917 24367
19411 692608
58636 394978
59196 476389
30960 150211
16169 728240
59619 520464
37106 144839
42970 902120
35000 1057798
45048 618413
56187 995474
37156 343125
24316 68503
56202 18044
8242 300837
10006 595064
10950 380740
871 712804
19415 870575
7689 156333
28163 832496
35000 1057811
48079 675760
63641 448624
66822 605651
52533 843293
15005 154559
3495 831854
65096 589241
53729 369374
68870 756772
460 42756
26436 266977
61886 60444
35000 1057824
26458 790517
50515 15884
17787 579623
36745 895252
12724 69327
28648 45193
40247 836053
24379 641763
13926 224643
16426 366692
8681 119616
45809 899735
35000 1057837
53663 63221
35049 731097
48744 290516
20867 450265
59586 446124
24671 50763
20753 257052
26637 946164
14026 452489
42784 598901
33075 206322
24687 205664
35000 1057850
29573 77486
52193 819754
51584 428292
18969 86359
11166 761390
31505 62228
38270 895224
10004 104284
31508 963246
59705 650149
12127 489161
1757 833678
35000 1057863
42335 962529
25298 861861
6479 381012
18367 46549
20131 283218
39251 491093
15412 497412
14971 114141
5936 598923
5638 702393
14654 76090
20447 511757
35000 1057876
66193 428420
56102 958212
59995 142461
46201 768895
57432 91024
60171 30059
61696 367085
68309 429223
14880 251789
28927 233444
32159 119866
63418 606159
35000 1057889
26076 841910
17737 368781
29761 491469
28869 750849
9600 779859
44626 202869
37707 263825
24938 507207
59420 881216
50369 536171
571 708770
13633 988273
35000 1057902
47793 289454
15540 589619
2851 688058
39256 534128
805 428162
14608 614089
49073 525635
51296 336449
19098 280883
50805 867385
50377 736546
47764 410012
35000 1057915
52292 478339
38108 481505
17020 154377
62595 575120
22627 309805
32369 525559
29383 64789
61022 702056
21189 376872
36956 659663
4704 215268
30217 78407
35000 1057928
6080 746050
67297 533188
22352 293674
60007 166055
4852 449732
60663 672982
41607 622204
26987 54155
35117 815840
44008 862475
52427 582657
68613 172332
35000 1057941
363 884731
22720 698897
23331 103211
67641 545381
10749 815539
21209 104472
61932 824903
22500 548075
47435 8966
60929 269968
48929 414402
31673 127149
35000 1057954
22722 327493
15786 763331
28785 776257
42475 79186
21869 457633
63176 609716
69200 511409
18716 953984
6578 601880
49307 85815
16451 639690
496 82058
35000 1057967
2161 818118
48372 713721
16041 740758
56228 217239
57174 14402
59185 59926
64117 388573
12793 382144
14594 660597
36537 834542
54141 459625
21024 913370
35000 1057980
5289 55743
59688 87331
32710 821967
67188 969219
22068 471335
30805 655732
50886 604608
14349 559996
63564 415573
39252 69341
56451 589770
45783 355928
35000 1057993
26159 757799
67536 998754
68267 354872
16241 873710
4281 54485
37088 442828
6509 89166
60532 328526
16471 255232
9877 145329
7248 997972
30492 512359
35000 1058006
59075 646072
3761 204325
19353 786799
20418 522847
21017 948509
36217 339773
8011 105760
26722 601059
32298 146091
57962 349138
689 533188
57435 790296
35000 1058019
3806 956577
28613 966290
12910 562337
29784 266228
45181 57590
56825 490386
10042 893877
814 253904
44323 879768
28858 137364
31539 827681
29360 820052
35000 1058032
8320 246783
62613 337384
65606 81461
35600 219026
39507 248760
64653 993494
56411 878177
32396 826006
17068 603835
2679 789380
1963 17656
5602 500828
35000 1058045
34613 449283
8043 659386
50913 254938
15051 37643
59034 112126
22845 985781
19073 176887
67970 259700
65587 183642
2865 899675
12222 244648
54531 449396
35000 1058058
56757 636226
15773 522053
44968 980982
11778 157028
3670 97152
25568 259570
65033 466446
53433 21595
56402 153377
41842 387556
29003 148322
24151 364908
35000 1058071
2896 412647
45299 551102
52423 892966
42639 248993
42310 568069
65885 990050
44121 594117
46516 76472
3430 31731
17479 657214
54402 17489
3448 555712
35000 1058084
45567 621683
28514 305537
15759 147961
31078 264824
13253 14345
58066 123298
67413 356329
8156 204685
37708 541545
22197 333160
65604 584616
22001 750926
35000 1058097
35207 729020
69373 139939
37885 753635
46940 709986
2651 184187
24895 282761
21869 741963
35939 496380
15795 799650
7552 357913
35943 419787
59324 275037
35000 1058110
49045 865225
46726 827022
64635 59499
49110 341282
3754 222508
62143 804113
58441 100083
42074 315058
67516 315356
29086 437025
62567 198509
50811 16076
35000 1058123
66589 914676
22279 819551
5078 989396
6004 318937
14345 137456
53432 393470
47328 838310
2867 726399
10033 730479
69122 297831
49630 367804
38025 802117
35000 1058136
62736 679121
30722 321514
61668 207540
7680 583457
30342 993582
19936 186253
2090 226820
48561 631230
56837 429448
64045 586112
66273 140950
18970 732000
35000 1058149
60495 361779
25417 736504
5834 967154
44329 960169
26321 168964
26305 454513
12453 294365
68338 431760
30985 391653
60966 448520
59121 441504
67431 772685
35000 1058162
30969 73890
29355 944386
35778 992621
65738 820516
35847 884579
34035 234004
8094 701988
56970 928452
7511 364382
48120 801192
9811 229234
41438 913411
35000 1058175
16361 240450
10713 820712
59580 841951
45651 522561
66328 91759
63387 474288
27825 395116
54041 848078
23460 647045
2940 629497
11347 725064
43691 773466
35000 1058188
42574 216017
9723 327528
27344 931444
22465 214255
43775 343578
18577 635411
18116 301555
38320 5807
32707 362915
13410 255635
34143 364861
4531 479108
35000 1058201
52671 453897
56804 586327
43577 196422
67330 224941
40652 457872
25522 502337
14014 837293
59895 863619
61333 283301
47135 837772
57428 45522
10146 113798
35000 1058214
40137 759294
45317 511024
60363 514329
48095 989566
29430 220556
576 108874
39205 893554
300 311365
22584 25304
13588 951083
55854 197507
60634 239423
35000 1058227
55230 485913
62070 209437
42902 856543
45871 616937
11953 330444
48483 679709
39046 713190
1644 963995
54032 44603
7681 44377
46998 35100
20364 671167
35000 1058240
17681 798992
55604 806877
20029 89776
10607 425882
16969 296508
20099 495787
25537 381816
71 748987
61228 460933
16977 987892
60337 159139
42420 128882
35000 1058253
30208 345138
14460 662702
22953 608920
8252 861393
12632 748609
3036 172611
66331 290152
38875 274327
30214 548840
15769 746554
46179 504272
50611 148061
35000 1058266
51662 109098
62922 583422
46776 284545
56828 126446
15965 27331
36425 14865
50577 384497
31987 864201
46768 902700
42126 155919
55236 954512
61223 884820
35000 1058279
21594 98025
66763 839545
44612 689026
29832 90059
31801 95995
3640 836827
35098 602416
30401 869166
24208 644136
44408 804263
46917 688278
43004 554237
35000 1058292
55386 660894
7370 334513
67361 913583
337 610859
17782 572404
5378 556543
19494 273845
29879 852134
46657 403852
49294 508685
32481 607623
48333 798837
35000 1058305
48323 181277
67369 975968
30432 459702
44932 502780
38421 539287
14089 156773
4347 957787
34360 741434
41638 780988
26625 490094
23339 374782
39574 54054
35000 1058318
18992 584741
23225 362315
23449 631058
36084 684000
30756 164534
18356 326931
15618 6220
15948 361330
9245 942231
14138 760414
3905 841105
27323 225485
35000 1058331
34068 968552
13132 951419
35007 34745
47193 510292
69670 658232
17695 623632
61188 83889
47533 405330
42330 586069
28238 206848
4600 542260
260 3943
35000 1058344
8597 177259
12934 408277
64726 824583
5527 577410
19731 413500
18015 171646
62171 688916
57694 681949
24077 741915
59753 949461
42298 824369
44741 731145
35000 1058357
44938 393246
27282 908310
21838 517456
38212 565782
27821 355348
43870 235015
67560 834905
55634 71888
28965 640570
66774 959016
46621 359251
53638 315544
35000 1058370
65994 537588
45231 571927
58462 276141
15525 686543
17932 912768
64844 225489
54807 723985
23605 189852
25289 304179
25325 626390
45814 263662
69509 82260
35000 1058383
33476 960641
34925 497614
8186 573101
24354 8395
33447 911311
62874 538340
56850 547421
33553 79158
24878 4077
44606 731059
47158 344726
32890 161745
35000 1058396
10681 779303
1599 483646
20809 177120
22114 518904
40629 938790
38421 269464
24861 541757
46702 84474
19849 736367
1861 456656
2553 884666
69807 7216
35000 1058409
64624 575888
19053 187836
45384 447088
62159 962260
26778 57523
34069 557753
1993 825967
30733 232123
68159 157844
21804 42559
52483 670199
18961 188303
35000 1058422
66291 663336
28924 234680
46885 22533
39911 358587
7600 354288
17056 220280
54372 176200
7782 786319
66628 44409
31562 706874
43612 609455
63642 796691
35000 1058435
50636 707884
39577 710792
31975 875078
20598 870291
66179 236518
55007 683396
5236 519789
25462 775429
46857 669693
36753 352256
17015 946205
46249 867214
35000 1058448
45487 505498
12193 8258
5515 443404
1255 588659
12715 584240
59230 715473
41619 111757
21876 477858
40836 909798
54433 974669
60219 598718
62396 669266
35000 1058461
13746 612148
68406 632138
47719 552974
58542 330673
59188 972837
40035 148835
21207 840645
14857 903709
46840 741733
43794 254606
66997 48091
30518 925003
35000 1058474
32631 202013
15050 877824
55368 728694
2271 527956
29297 762212
14612 553146
43135 491749
69512 866170
13699 137900
15692 454528
33950 350751
39318 315599
35000 1058487
39499 339238
63876 956129
52435 363263
31684 728691
23475 543262
44063 918187
42337 189685
30303 440492
64595 299821
20671 380993
11232 912931
47246 691518
35000 1058500
1729 827203
58235 214981
25584 228717
24981 434973
3795 611129
41900 194900
29 957162
69177 147628
18577 6118
53423 354533
31782 402296
44064 967590
35000 1058513
60954 319534
1450 607684
1364 460862
36737 579648
8889 422111
49953 82012
63738 172582
13427 461468
69459 36358
51480 144602
41996 960700
61180 227385
35000 1058526
35512 360269
51459 49500
45995 132382
64769 694511
69700 361752
12592 369010
62607 601601
47928 965528
5282 292790
39377 211845
60154 466790
9060 481422
35000 1058539
63686 583127
9250 899090
44525 600603
45356 216783
8089 165614
52939 513872
31081 904268
57256 190815
32631 725260
44205 411044
38370 828739
38156 323841
35000 1058552
55141 932162
38911 885834
18290 50399
17699 157169
45472 658208
21972 480030
1901 851791
44819 620457
35974 790572
12255 321987
44435 139214
44886 140406
35000 1058565
32547 985467
32386 809886
44090 514935
481 537587
20768 276999
25586 530483
9578 421557
44863 685792
24070 629932
24414 228655
3958 25071
11037 534273
35000 1058578
39540 541904
49868 450542
26552 767096
42007 701073
34614 52305
25936 219344
22137 326176
63467 5590
19690 897191
69529 947010
66645 563220
18494 505979
35000 1058591
16376 62358
56948 403670
50941 599547
64616 402823
13015 889087
6976 343342
6782 117483
50199 411003
33997 412908
29214 75080
28267 467471
20222 480715
35000 1058604
55173 5393
46947 372045
61241 399363
37301 907086
45049 310950
43794 970501
53354 977030
11329 897279
39469 386575
34920 49084
69527 436740
68367 562210
35000 1058617
39006 33825
33613 90589
65657 93895
21662 106568
57749 765465
61481 495853
57004 775047
3855 788630
42871 502800
60084 775899
36700 972062
67462 717450
35000 1058630
23109 899616
69557 602324
48857 969300
17408 929483
781 313132
17947 236957
34786 351560
18772 679160
1101 853762
25603 93634
4644 735196
68249 280230
35000 1058643
33564 812244
52242 391484
26046 975148
22523 760167
22600 921053
35356 477386
29710 447991
42504 907557
43151 396838
7026 751354
32278 998452
576 618715
35000 1058656
47395 517255
40096 340440
36228 415692
2373 353293
3583 518601
10992 815467
28024 762549
41742 625262
68535 141861
44066 324150
68317 837873
58098 163695
35000 1058669
17568 166120
32131 740676
39419 16107
38567 604661
26092 357952
11021 893710
67190 496515
51008 127445
14671 107311
62755 191206
61478 788661
50625 493191
35000 1058682
59044 310427
5003 5332
48356 455150
27049 617422
10110 182736
67265 545092
43559 421274
16018 372400
31591 13825
59606 241469
68659 331588
27585 575712
35000 1058695
25302 769542
16762 293099
13303 786999
23077 367972
31334 733297
13028 771491
44041 287881
66154 331489
46860 263104
17132 815168
28614 315179
33462 37519
35000 1058708
63947 696814
41019 531648
62578 447589
27670 444811
61784 165656
15809 56697
19191 477800
34327 461164
7733 310770
20603 450995
50144 909332
69226 595027
35000 1058721
30706 584123
19517 745513
32529 761400
63494 217457
44286 618746
54796 643403
18726 630332
34408 366577
35970 768636
2907 419584
36513 153620
58340 29071
35000 1058734
25682 827613
38670 160952
56783 516098
52891 275637
882 219009
57527 815176
61996 8323
64735 852853
21982 497750
24457 104358
12666 482293
7597 617506
35000 1058747
60304 268451
50855 34715
46392 833328
52050 947723
33237 271459
65950 617451
62464 783206
56251 658549
48879 576650
64290 730980
66922 550713
5019 319525
35000 1058760
55741 681006
52118 238696
50052 52422
21341 504577
61356 257731
16333 831718
24093 594246
2456 799340
65866 820707
53406 194457
62727 132201
48579 516058
35000 1058773
27357 235633
49218 410134
35215 77165
3618 931360
59557 475155
46954 104506
60265 766850
56470 207562
33736 55559
36025 650496
65427 693324
13714 613293
35000 1058786
66067 440498
57855 604887
68937 772147
24695 892886
54429 46407
57784 31497
11734 319849
8165 256900
56525 916291
17118 2187
66019 81757
43332 810874
35000 1058799
51682 929397
21709 56928
61301 201607
61783 739219
1835 220816
23243 12417
40627 312315
19521 610361
69836 366029
43783 79387
41498 47962
63859 390736
35000 1058812
62944 240163
57626 358644
66263 14225
67901 510357
19828 515285
11470 321594
29910 679707
28348 716472
7304 536189
20664 240378
9197 367309
26984 846423
35000 1058825
34980 555965
28895 873349
40097 402402
52231 900072
35855 418158
31957 782189
20568 254809
66423 825811
10239 927195
67959 771425
2334 966566
53715 843308
35000 1058838
56022 173715
14399 446760
6768 535150
46072 516129
26747 324520
37072 815090
61174 752291
52633 360177
17793 596841
34846 808664
50289 782283
62839 5217
35000 1058851
18865 752269
50142 572438
3480 907182
48449 321940
64898 610183
51221 699535
4482 407843
8975 385944
31546 436402
66965 492515
29823 975434
36208 797444
35000 1058864
42456 359541
21577 557097
11620 339706
35019 617799
62635 982174
57705 376888
7554 950944
15093 292112
11736 710505
65274 2012
9023 932496
43949 253634
35000 1058877
18653 229150
44291 721253
47594 223531
41815 332980
42515 794856
52622 505354
38869 24447
43440 5127
69943 675012
10559 45843
53212 399124
175 470401
35000 1058890
33409 534768
5381 380068
28611 760488
8804 726229
58978 641047
53381 212812
60678 802813
33251 529672
53592 251128
47115 541402
28314 415565
38637 167207
35000 1058903
15908 4830
1021 915044
1799 328391
28208 371955
61166 467855
48748 633075
18719 360123
23086 853821
65527 470510
57834 845199
20734 726427
54853 360941
35000 1058916
57433 730155
45209 665130
38801 558222
67489 387223
18202 489911
14892 479670
66448 19787
46766 204284
7053 379429
62687 951088
15018 37450
46364 47747
35000 1058929
54028 307783
26091 363143
44302 682377
66221 389361
57065 438042
62366 686958
54570 163916
13414 955687
10641 317441
25915 348401
11931 531492
32139 782379
35000 1058942
25972 744443
65202 155055
18643 904714
55713 695654
56474 490929
46037 969100
31546 610221
40723 649009
50255 198946
31864 142522
32061 167993
63000 23078
35000 1058955
56340 931289
67129 303282
62341 88274
65828 487909
14543 336843
39866 637938
44575 257775
6287 145595
1812 632290
61386 163806
27689 414508
56850 389272
35000 1058968
61452 93569
36993 739136
17460 738733
34162 832639
32367 950112
16180 63081
23562 608690
42562 307474
36074 430371
21708 190399
29026 933707
31409 461991
35000 1058981
51940 114536
27285 758279
9903 69940
45019 257731
35925 479246
45965 480954
60418 170278
30829 364792
37802 629277
10479 45376
6379 630322
41210 469747
35000 1058994
65982 158556
29430 250709
9546 422168
4563 558885
23150 474240
56534 867724
4489 184393
64364 66665
4031 421976
26275 987468
68122 341281
15516 4239
35000 1059007
12846 479007
45145 227581
68644 739755
55324 463320
20539 340046
69834 789610
28485 290937
6815 943752
37242 510564
37722 291936
27645 387228
32286 814658
35000 1059020
1387 149434
14547 354703
28152 490904
15767 929151
63537 423617
37782 21325
29216 288566
42573 966111
48724 228599
48401 111092
32854 65976
55947 923147
35000 1059033
13073 797490
21092 872781
17849 258070
61577 55591
11644 845033
38031 197035
20902 260348
21778 271717
24011 344136
5585 45379
17756 745817
42749 827948
35000 1059046
55411 960656
1141 821926
49371 308303
48589 933782
64192 685943
3551 671668
12584 45158
25909 819271
42627 705480
22969 23533
42718 153972
27627 602333
35000 1059059
38108 730146
35737 717151
25968 800084
19620 106677
62751 943101
51056 763823
49893 171635
31586 847442
15126 884949
24151 757835
67687 767190
40881 586163
35000 1059072
21312 664452
17640 595248
55236 995710
17925 445073
12311 937333
341 34649
54603 96738
19245 152186
8314 190108
42847 43378
54266 559687
30962 606044
35000 1059085
49135 483563
29835 783959
29842 50324
53751 578827
9886 524933
57027 319880
47790 535781
61484 492069
61143 50162
60932 412813
42179 497310
18867 862626
35000 1059098
15777 819265
55611 134016
11842 888070
23936 909384
68043 856128
62266 397128
35988 717592
55242 338275
41181 22843
25577 935895
51093 800868
56579 976170
35000 1059111
10555 828355
50053 605521
17787 89199
45936 351569
4926 29849
57258 116622
64049 826232
51234 216259
21532 669006
52877 39039
5868 655557
43592 715531
35000 1059124
4482 695109
165 675121
20974 556454
37411 280921
37923 486340
23939 548292
33736 392345
27365 759842
12857 49213
6395 326113
41558 622385
53957 854324
35000 1059137
25015 343609
15800 341730
43241 679490
42803 679734
38812 669047
48534 671291
64514 728664
49988 712617
11244 505985
57195 192568
13115 267108
9684 208841
35000 1059150
16516 982618
11447 119826
61851 587380
40348 972452
65521 722498
39371 39912
52009 965340
1838 383083
24842 73302
69280 379689
32752 700433
39360 473178
35000 1059163
34878 79827
20122 670146
16796 936930
14259 828981
13571 189565
44041 365549
217 693489
64520 716664
69890 556865
12462 590233
23724 273941
64364 585689
35000 1059176
31084 858195
4491 616810
63285 287237
13261 601253
43023 265374
36141 552875
20457 954800
1820 564178
11170 862015
31644 296620
66592 356310
957 662986
35000 1059189
65949 474158
19443 506827
8823 579948
44520 588111
22688 395918
58553 801894
33299 194939
49065 799642
42402 326565
42233 164611
44827 75215
45952 760736
35000 1059202
39476 178966
34771 185606
9231 596180
41197 16434
24401 624225
7450 178860
18308 642551
14231 547542
69136 418638
55165 235357
67605 609329
48121 399213
35000 1059215
52460 39369
25127 712363
29383 918728
5870 61893
69324 763493
48340 11683
454 156569
69236 812175
1031 92448
24154 494556
65625 643084
33742 841579
35000 1059228
44495 64669
61140 1755
58898 372091
48783 183718
35710 466145
48937 897624
52554 557139
53890 458392
48210 130470
54149 535016
45208 23620
44525 210558
35000 1059241
22616 696222
56892 567295
18565 468845
9404 35414
42751 711590
27491 935243
33001 851023
53027 140787
18518 772667
41323 258254
37813 496135
47591 480360
35000 1059254
4829 945158
33407 130570
61575 576350
58472 549559
3620 966992
63751 642533
44382 852726
3177 192264
10432 585575
19109 325983
66089 203309
50141 652891
35000 1059267
33042 502266
22393 894633
32442 151770
12645 939837
50123 1307
62051 189455
62304 924936
57528 747409
58367 106178
51382 671419
8631 533578
7804 272735
35000 1059280
65852 994230
67830 136494
29591 332171
3547 141542
32447 782704
61098 376109
61656 458694
29469 561245
15438 869246
48087 667491
27039 529632
16627 208287
35000 1059293
55966 46660
31227 445135
24766 704874
29335 709045
69297 745774
15599 222411
33594 906975
30836 540826
21822 256241
67959 374523
42140 401644
25225 667967
35000 1059306
25113 94312
3556 455165
57264 274166
2126 612463
69892 879889
5942 527892
49504 482953
27071 255192
40417 574857
61478 517876
38787 242802
46860 896768
35000 1059319
62921 295920
9800 830423
2172 97193
18869 75986
325 863134
997 486033
17044 479107
18654 181655
59188 705956
36647 278819
51154 417594
64389 696364
35000 1059332
27998 105345
17855 666198
31332 626209
19191 982562
13798 791334
15499 784817
39863 776650
60149 440359
62354 77746
57997 667895
56195 487651
44481 576614
35000 1059345
25201 239410
55322 268976
4930 529208
15759 729300
37071 694234
42204 41499
69035 536807
2502 34084
58311 582305
24045 812130
6933 610525
63529 431622
35000 1059358
2831 225370
52967 413936
37364 791153
31208 646527
53665 195930
36363 890997
19419 947180
60473 17725
36980 587395
54704 52357
5856 580843
41439 788567
35000 1059371
65290 694626
41938 43207
68706 907189
8768 292880
10400 654356
40823 335597
55006 294852
15067 402341
21868 568614
56135 111455
15342 982854
23940 632470
35000 1059384
52881 203704
33077 186488
65709 387735
33068 878248
2759 629345
31369 581094
30417 52472
37193 526811
9601 809081
48790 644488
65317 919026
46236 353853
35000 1059397
21638 623016
59850 136723
69724 998247
21405 859203
10031 727277
68316 170288
50827 306335
32258 165195
40013 465613
9127 477967
7063 995780
26012 9816
35000 1059410
64719 939979
44637 514643
42348 874400
46502 823141
45240 239943
21673 706152
7937 957871
7643 154925
56306 303059
58532 109244
52491 668464
34252 928926
35000 1059423
29233 477160
26391 748027
5425 886861
63085 473345
60703 152986
48373 253877
29837 715199
36361 85055
64364 611733
54693 604264
57540 601189
67054 746907
35000 1059436
25161 605515
68943 743921
12673 897787
22484 128595
39013 992301
65151 519098
26754 991810
54096 252431
28681 929107
23527 474804
40488 567501
57449 292391
35000 1059449
41984 330340
63315 488205
43698 666003
60850 697018
67559 766567
28706 934169
3452 738838
17281 968640
44339 287558
25188 445790
17125 717796
28364 41238
35000 1059462
50105 254415
61667 395955
56347 825883
6189 731177
26784 387473
3462 69029
55212 688306
18323 942462
26042 437088
5332 160888
18749 483192
33214 594694
35000 1059475
30595 482031
33721 58286
7127 989297
2200 249303
33540 108528
42357 82382
52914 631196
36943 941580
33781 10494
15444 210269
26937 113882
12409 127897
35000 1059488
43724 151332
16678 581203
37640 523456
42699 13059
25642 916368
31097 169804
22572 40260
18250 615607
4312 561857
62462 412169
33895 801365
34801 555688
35000 1059501
65739 374729
68860 437001
26991 827874
35704 936523
10544 584837
21752 595760
62987 869413
51917 218751
46645 580394
61411 749687
19800 780991
25174 233771
35000 1059514
11579 421106
47940 981624
28476 111129
62300 838026
43011 782027
25476 699587
11796 204758
36031 861460
29998 594497
5580 875731
41706 725849
49742 879024
35000 1059527
714 172872
61424 529433
62728 340571
29713 609565
66066 473612
14159 659849
67652 554059
56075 843237
41594 736603
22662 396449
60442 894119
21237 698694
35000 1059540
11213 187405
31108 800996
52579 442002
45032 549940
60503 85200
30514 84043
16352 734985
35941 718779
3815 863244
34415 420959
44978 843495
39292 187717
35000 1059553
44656 109019
49206 598765
11787 363379
5144 8032
46151 556494
6323 576443
15285 919085
12221 971164
64905 159964
4390 155346
3690 656600
58806 485189
35000 1059566
54645 861903
21971 589003
270 365036
22286 219728
54398 537100
52149 804602
19155 159822
52204 497859
9726 81342
34525 949552
3256 605430
8782 828527
35000 1059579
57497 847474
12910 595681
22484 899559
7061 780273
45809 115296
31486 1692
9079 563488
32191 553746
42146 354463
25296 750551
58285 274642
49820 415520
35000 1059592
47500 640779
63997 479558
55213 261230
18172 597812
16683 245191
45017 835477
52606 501504
16381 527687
16568 186829
62541 129078
43204 25843
69367 84712
35000 1059605
4193 536249
66680 197714
34318 492416
1959 217085
6728 697027
65434 898652
53265 803697
52577 857256
69298 296220
586 445002
35354 170603
62294 814726
35000 1059618
69002 921618
28084 244331
30404 105609
28390 294716
12355 66572
54890 647670
34767 202097
23133 784334
10326 983717
13251 373025
32630 149433
67498 967625
35000 1059631
27373 205512
63555 810129
40962 869722
2805 360428
58631 41029
27689 433609
62175 135763
63037 990277
1401 518454
25500 992061
45014 408418
51887 99929
35000 1059644
38071 180716
53655 528760
53525 890576
17994 435759
60279 368326
4771 69466
26420 252645
29976 498954
10125 976420
59409 184002
11658 550780
45146 675399
35000 1059657
67416 402908
24754 929484
31143 500132
38110 798502
30895 76228
47261 148171
777 214665
32777 383750
28143 698298
7289 811695
66360 202310
47265 841558
35000 1059670
49557 118649
67665 850343
3559 608104
58912 639584
44640 886280
32571 313215
69924 349871
59435 169557
7236 129282
26627 221687
62945 826708
58182 326543
35000 1059683
32025 307313
13575 705433
37314 90327
36621 351724
13587 122927
34819 651258
18689 697851
56742 154331
17493 117278
4710 362904
4337 131042
40119 418345
35000 1059696
18162 326106
16888 404080
36916 943406
8879 547705
25873 142106
58037 163994
55051 342221
6822 564809
63778 270364
36547 677696
42278 15581
20775 813593
35000 1059709
61504 709099
12877 409822
44041 85271
56477 13847
52360 190375
37902 704531
47981 499149
19974 34476
5631 775292
39264 101211
44784 340152
68597 666153
35000 1059722
10172 955399
44824 397292
30653 204866
18384 993312
20588 169321
40646 796848
61849 937170
23874 622049
45625 613946
4420 705774
1828 920681
7017 323534
35000 1059735
42855 951061
25716 111493
2700 997014
30767 884814
23350 717414
26837 935959
65099 269511
69611 528588
68208 958610
68079 213766
5015 591462
6074 864064
35000 1059748
13343 494417
42096 606399
46918 917632
56435 965102
20791 788134
18926 287308
12963 866636
66374 168973
526 534016
42372 352905
63318 857697
42538 660260
35000 1059761
34249 296838
3637 135207
32408 841535
31310 246640
60302 343175
16424 628204
58732 547701
15232 44646
20331 672992
64489 931156
64863 451434
16818 883294
35000 1059774
52846 79868
11735 345867
49889 736167
42131 314457
46335 997648
525 728088
29317 720993
10025 262048
66865 123334
30173 15218
43306 634401
33264 135716
35000 1059787
32533 177827
63445 525882
44986 59744
15619 447149
58657 821217
49463 15838
3031 114548
55916 364910
55335 42955
61319 308448
35682 217264
9395 140263
35000 1059800
1031 605935
38413 325936
60165 168368
46770 250836
23010 342878
6024 819514
19345 172676
55461 91440
56500 278670
11007 315752
337 418163
62071 712011
35000 1059813
11012 975309
41609 876628
33931 541794
38680 210501
17273 442814
34653 261744
14848 298563
25598 494276
43134 37551
45616 433357
38798 39350
35542 832927
35000 1059826
47734 869296
43997 231259
44282 854467
7074 243594
15476 961268
30999 406775
25928 238248
1955 168635
11776 464564
46466 989905
31881 780652
57525 799690
35000 1059839
18417 175377
67256 815002
35179 868090
5734 971662
27319 950805
38279 111798
15189 839579
36026 528429
47707 794389
6835 5082
54351 360142
52481 521606
35000 1059852
19286 958360
10695 563978
10645 47956
4981 956979
29746 185942
46348 256204
1892 447749
22770 166886
55601 191322
22304 365540
34161 547426
48411 909968
35000 1059865
50775 569692
55431 108392
33726 244464
29536 613641
68480 435070
59097 997258
19224 447178
32101 338618
32651 111510
53098 224691
58963 643384
30926 65077
35000 1059878
14928 150447
60016 894996
42264 399400
62356 683365
36325 107963
67532 996177
39995 4965
487 277307
34786 142046
65975 477214
47431 18132
4750 746384
35000 1059891
35390 504180
56285 130859
13946 582013
29475 794811
37903 409361
57266 869478
15701 985951
41691 685922
6009 83069
6735 867036
30400 399827
1553 397061
35000 1059904
17679 970251
30869 331403
4971 716792
57895 498871
10905 307185
68143 375635
21109 777644
60549 676650
40342 369671
26412 57265
63968 237313
31058 475065
35000 1059917
13657 767885
4142 621946
15094 277670
16860 460743
68636 738298
17478 578138
52644 3128
16970 37443
3055 740191
22720 162485
53628 360115
36877 294407
35000 1059930
40903 805486
64081 220550
12323 574412
27483 376322
4612 851637
59210 629862
57845 484689
42978 809283
52570 268868
14182 721734
1800 761399
19624 931238
35000 1059943
56351 287945
10310 402318
9134 36527
10605 309970
59023 905044
23787 479051
2626 347451
25467 958544
53648 865457
20784 857503
3487 677723
65312 221772
35000 1059956
30130 729806
45313 742220
24341 523293
482 63047
8369 866628
10259 405055
58687 324125
4826 194651
33606 960171
3525 671215
16755 797336
33803 619468
35000 1059969
69420 67376
49679 990381
23953 285261
64456 328230
19866 306635
37151 171944
24582 356366
57844 260553
17258 224763
66826 864599
55500 850390
26125 797321
35000 1059982
35730 819295
18958 56731
44687 966475
28661 689431
8432 981123
64575 942939
47966 627303
43195 230901
3851 582994
27297 555866
13531 358516
28997 279220
35000 1059995
13372 538768
42421 486574
67725 42235
61640 394484
50510 310278
11788 716315
21075 926073
17000 774661
55493 604958
51001 898614
43028 758353
57434 273485
35000 1060008
11073 32330
20080 669476
17556 798505
58233 92103
66453 956487
57342 450556
63224 35394
13879 465585
26035 727512
7944 18850
53299 316806
20122 174555
35000 1060021
55137 59819
9594 844480
2560 496814
41711 288914
48861 619098
4644 976124
69665 292919
14062 624825
61572 981452
4068 531496
54823 208101
59607 243805
35000 1060034
8461 964260
50377 66179
51772 105836
19901 917328
1649 54827
30237 202260
10107 110549
20371 466781
16460 745076
39481 553393
7609 840898
56984 774039
35000 1060047
56072 786543
1268 530320
14610 48679
43516 32100
53646 571018
28221 602607
2150 997850
44475 691394
22527 190510
15534 566210
23914 370336
31294 356848
35000 1060060
52994 818267
7703 524453
2591 843113
3354 917482
45700 801244
24146 610399
68136 979018
30116 619097
66373 443132
68991 467475
61655 363129
7922 529229
35000 1060073
14287 465208
46358 225707
60246 281591
8848 830966
19511 616786
55330 628520
67439 897680
13489 704198
22270 327106
32029 22134
60148 561475
11368 369679
35000 1060086
2240 805522
53524 105176
35556 152021
53691 524695
52158 181889
3945 991848
66552 457785
27889 69153
20487 150944
4989 586401
5273 259592
36910 68971
35000 1060099
41012 808099
10954 270657
57097 664172
54054 701962
31496 161514
49554 174900
42935 559609
65492 920871
50092 866490
28019 904797
27023 820052
43484 645206
35000 1060112
60119 371053
33304 947540
51577 213248
66424 568539
11141 463650
66433 572881
348 641212
6022 796407
34640 889601
1563 599416
25877 770725
56724 1279
35000 1060125
6373 417541
19828 721623
18455 959548
62094 567199
3385 17719
2927 114706
44855 590344
32210 182840
8849 748993
69692 265786
10790 565132
13114 215453
35000 1060138
20636 729488
20377 190612
38382 179821
35941 543274
54136 137343
46642 612207
53490 238230
6543 634206
43544 363953
16631 909328
53113 911717
16284 386684
35000 1060151
32341 666588
62387 378827
21759 197121
63217 603078
37496 607327
41122 800045
60836 639509
58922 947734
40953 911109
54248 721655
60456 683863
9491 859774
35000 1060164
8514 507710
47462 122565
6399 702784
15245 960151
69478 502450
13496 719146
25340 575813
61961 476877
56543 169666
22854 242319
44736 650288
51152 112406
35000 1060177
48498 993100
54509 999073
22747 325483
21515 120570
44040 947075
39830 76439
27633 635646
53081 417062
255 516927
37606 895860
19683 880630
3318 886964
35000 1060190
61197 467435
33930 276237
344 307438
4009 622530
52329 739659
31247 430677
45519 117615
62304 510669
71 702306
53010 252824
56109 951498
60602 133507
35000 1060203
24074 416515
65703 721305
1456 735390
13866 438229
51391 805152
6616 716166
52789 690197
52545 516236
52630 504142
34784 225461
45285 583462
19003 190273
35000 1060216
39367 365451
48842 272071
50994 537978
20256 903819
62459 793234
19921 114856
5465 885639
5833 623988
33046 422146
65629 791128
61661 437542
23198 960032
35000 1060229
31392 148521
12283 890077
15591 604095
52039 975834
18744 575799
55103 621063
32699 626241
48525 722876
54560 931058
56308 789178
5607 225019
48159 739987
35000 1060242
18227 990667
41478 857907
40197 573512
62006 402307
18965 979387
27291 722778
42718 166567
4471 806472
26198 6594
37537 168694
52989 685710
3263 812086
35000 1060255
49164 256533
43132 937118
40982 844157
38289 173236
43265 889102
4138 879441
49205 644155
56182 390460
60554 90478
17035 213038
29453 504586
26639 774570
35000 1060268
61765 167559
38449 724695
37614 589855
47817 411998
11412 973791
44709 470902
58310 791634
52157 173724
59188 961954
38793 131206
23289 53418
53808 228768
35000 1060281
55336 726522
63328 964010
62494 494522
64717 657343
50671 897865
62583 301698
1556 435514
3187 585087
35854 178724
2452 842320
33477 559623
29293 622198
35000 1060294
68007 20670
24791 186378
245 995569
69026 123976
57095 258697
8587 503302
19092 136855
39526 448967
16236 602027
68593 396322
43208 877801
34974 860754
35000 1060307
50207 120382
55920 172001
49909 8701
30852 425208
4732 865076
40301 615556
37972 326100
3017 626117
59699 40739
51630 653407
58967 60491
54064 666978
35000 1060320
13731 939449
60349 529788
57973 253501
6272 133321
46155 848401
30739 813745
45147 45383
13308 953960
15604 324560
57081 471912
29045 801383
32975 940152
35000 1060333
23406 458337
15962 785063
45316 494098
24476 488566
69853 77930
5399 67825
46547 195914
20778 624340
45632 19216
4791 408287
53200 621661
63171 692750
35000 1060346
3965 147113
14585 272641
48215 610435
58647 52226
43848 74317
21511 706604
32725 798166
30142 559163
18275 543864
17199 994417
11111 793796
64158 811357
35000 1060359
6758 132763
22082 451178
3629 254813
38170 851752
59800 537800
24113 226080
10530 282062
51526 888821
11908 540389
54813 76784
63681 469593
60818 25195
35000 1060372
22307 974144
64952 651032
7111 307722
31903 742017
44167 94345
12417 978876
32899 576682
60984 155231
29641 810629
53128 603597
10162 48594
17441 56992
35000 1060385
26979 53258
52835 534030
42630 37106
57635 615753
46479 182157
6821 213357
62492 318982
69538 382723
28090 998389
8171 518906
54621 795515
59595 606194
35000 1060398
32273 325140
5918 91251
57772 486949
39124 437912
69491 966172
28299 166901
25847 108472
6027 913164
68085 112854
13558 706019
10891 713437
27130 224541
35000 1060411
16387 356917
68028 332749
47960 942923
60986 371270
12599 363759
6612 386841
26310 288627
48283 235297
56079 651067
654 658393
15310 771654
21241 56920
35000 1060424
9765 43338
39992 426834
23257 86692
30959 962266
25933 924987
45187 952655
66856 213276
4026 960084
10945 570894
40934 818602
4236 219265
32958 538370
35000 1060437
57148 468260
62452 786491
17422 998813
11383 934484
20703 215385
3856 349488
538 499473
35653 229930
23830 947835
25100 700701
1575 412274
53941 780628
35000 1060450
48479 610478
21499 185078
50835 441941
63963 443412
24502 186567
58178 602475
67181 445187
36238 635384
27689 19810
37598 711210
21655 223138
12135 808687
35000 1060463
36369 26936
30630 166130
53036 506462
42239 235819
67749 412365
63173 382207
8996 833590
24632 807369
57367 512192
29673 992680
37205 804493
44065 262890
35000 1060476
44630 450716
68889 587243
58372 104483
48984 487354
1935 822879
11596 762631
1786 948371
53232 656058
20144 150750
66698 805500
28285 757989
3167 412537
35000 1060489
65105 67070
59865 26995
33336 688419
25618 837871
48187 546008
63747 631821
31661 699453
20451 71418
53399 205790
6567 971143
49741 489577
58901 599403
35000 1060502
2868 987775
33897 157559
37689 228707
69181 682546
45410 853896
6948 666142
26789 170986
37060 352773
12042 986645
44398 909304
29287 552161
47891 76849
35000 1060515
18779 499510
4555 158698
25917 684157
53853 336196
56666 341844
31141 897385
6205 707147
32622 636676
21905 884210
57740 411714
59859 591962
9797 458985
35000 1060528
19512 910501
19082 341204
18417 821072
12525 516383
48154 889745
46978 91872
32003 7675
32463 574329
26098 581563
35251 305381
25441 200232
25261 256595
35000 1060541
28289 840302
65792 687022
33342 777047
33218 597347
43652 24297
5358 53639
9084 586421
43688 328421
18982 4707
53773 414616
285 16575
56871 186697
35000 1060554
43038 22759
55265 588765
27181 661327
15990 310386
50589 110592
69970 663114
61066 254166
21938 206406
13974 911122
9777 298731
40768 354977
16245 389596
35000 1060567
8929 329114
57316 141401
793 474299
1517 506019
46299 809958
57714 593021
67519 681080
62128 511722
55244 484585
55687 252863
41097 375610
18554 118991
35000 1060580
2436 594745
8202 636218
10459 914499
21122 538733
1636 595861
65033 536825
63721 746139
66370 364833
19134 463694
35392 179102
14564 196820
6935 415698
35000 1060593
42125 303140
32213 756282
28894 393617
11684 871185
22662 845420
40529 49692
49290 868834
15194 119329
65366 392650
41623 526835
10036 321771
60274 239397
35000 1060606
50171 519818
30338 56084
21564 982668
39988 760889
63177 911607
23992 965805
26703 846696
61276 221929
40570 309449
13559 247395
58840 656836
11552 538956
35000 1060619
16489 970663
69642 799385
57973 859337
56442 78362
40270 914300
34916 570352
32537 200189
49033 13237
52437 658733
67309 282056
27121 967714
44776 985658
35000 1060632
35266 536925
68559 304061
6470 138306
18775 637088
37425 837134
20484 862005
18250 676010
37143 775283
37792 392193
66455 173833
2002 515129
4102 524349
35000 1060645
16801 947110
56737 201711
17022 328338
51205 858693
2636 476071
46904 316363
65654 161928
14222 37488
27282 537396
57547 311896
23392 771584
51885 42019
35000 1060658
7256 855474
26405 676941
42782 496050
11080 63949
62873 534795
34117 990706
21218 755073
21074 475332
59981 236800
24447 678430
32588 175703
47621 488431
35000 1060671
20704 826474
57770 688056
21786 496511
54484 221837
62379 725346
46837 700075
434 757369
43208 932161
15514 188173
7940 405612
16364 108466
35637 736037
35000 1060684
20864 75126
6612 189468
2366 372924
29475 123353
69261 350146
23617 676738
54588 898621
57317 34297
60121 94084
17804 298650
1128 551141
50500 450170
35000 1060697
1088 594755
54643 539494
60368 920086
38160 103549
18556 995958
64816 65857
47272 747254
53212 480884
1946 744292
57876 804600
11021 940997
12666 754690
35000 1060710
37902 428814
60505 381631
60449 270652
25849 603014
49177 265442
60739 641977
45388 755012
36068 324056
3989 484225
40224 430123
53766 118973
64813 77083
35000 1060723
37190 401421
21720 1286
15935 996589
53955 98366
63447 575807
63139 836045
31801 720887
69779 595954
11740 35710
22118 108917
8366 572471
2546 495996
35000 1060736
4006 134576
24033 756483
9765 469145
40212 379233
26694 293751
36091 216175
69473 439867
66647 52743
43408 880699
34950 919380
48616 748875
55143 748367
35000 1060749
18402 663032
21285 981492
63311 569377
9355 821314
45331 106804
66156 559984
7921 924053
13883 505746
35293 238238
57675 561442
56299 297701
267 20458
35000 1060762
53024 847784
48580 627819
23099 842120
15156 365251
5301 375494
18468 735255
53156 198689
17896 902704
12701 344780
5694 163473
14555 553300
4579 425276
35000 1060775
10547 782477
65954 219336
25670 762997
8748 455056
11776 149285
46749 15006
50282 277139
59403 711785
30820 162357
18834 20799
60407 704001
1370 701891
35000 1060788
57134 144416
30163 862606
39649 785503
17863 509351
30863 707359
51043 425118
3725 299550
63069 603910
20422 246041
23712 37722
1880 643427
34528 834039
35000 1060801
41398 940322
69648 56711
48537 82199
61987 140934
23723 110257
58316 487871
41860 250792
15933 61733
13524 732494
61046 310965
13014 998999
36968 890329
35000 1060814
11692 957333
34553 710032
23069 47914
16739 894919
35442 317284
38363 994268
19103 578333
5863 272325
1922 957132
12680 124848
17033 144281
49497 948360
35000 1060827
56322 634080
18845 888029
64965 695348
56553 785460
40808 428984
40386 366278
48241 137506
20691 334022
31653 915498
32997 751482
22903 107050
49302 491637
35000 1060840
39748 583802
15597 136606
10471 70608
23675 189226
12577 807065
49730 885701
22566 563296
41455 152882
20267 351253
6933 194206
30649 621697
67999 701355
35000 1060853
46490 662534
23083 844154
33448 509497
13984 784422
14935 293976
29828 298045
1080 520220
43057 170
45228 831954
56791 547466
49167 398249
63465 300247
35000 1060866
23269 958823
10978 411405
19177 234352
2755 672599
69585 707932
165 265568
25417 113067
3974 154364
61284 677585
10113 275275
21316 606606
48967 388282
35000 1060879
68815 458669
41244 848485
37872 96995
18418 911087
54354 913879
12649 719460
59883 938178
4051 734435
46018 251714
51001 761729
58909 715348
37587 917616
35000 1060892
29396 141194
59717 375963
42797 268254
8892 11920
9139 798763
34580 452234
39678 817190
42423 239958
33050 301660
39091 358270
46954 793586
39555 833556
35000 1060905
50575 149705
65626 702864
41786 974239
20841 404963
63551 861944
8132 454572
69462 317077
58224 854109
32443 697281
33266 807231
46109 921549
24947 765433
35000 1060918
727 581922
55387 357116
12795 95191
40420 561803
68810 954058
49718 880992
24671 270801
44320 782507
49405 778053
59846 139377
53725 595642
45991 854077
35000 1060931
52542 371734
64848 905230
13223 839351
44710 573931
34232 740403
11486 984150
67554 994253
19674 841499
24817 758274
23669 204428
3553 754847
52948 633424
35000 1060944
68441 289084
11192 240839
59956 181901
55480 510926
43249 647252
62302 634371
67359 845416
27156 769576
36917 196344
6968 668789
58979 163244
13308 948877
35000 1060957
46924 697494
30268 606068
6893 615547
59893 745682
1526 263831
30075 13985
25195 620278
6714 981871
23910 999581
30475 196382
60509 942635
57566 973109
35000 1060970
44547 211370
55882 988531
29397 794355
54953 15978
32310 241477
55661 947650
8699 119662
16445 941587
62147 922239
56122 738942
3974 156084
59169 840126
35000 1060983
2815 501429
19370 805911
4443 356698
21907 489581
11395 195327
21905 671419
37812 472234
57456 695858
66928 358878
63451 291714
13966 333598
17526 305355
35000 1060996
22568 552803
52531 272730
25509 414062
56628 421408
1578 582657
47527 780347
16450 974718
59700 865700
26160 114958
52777 652700
32438 680662
37629 79746
35000 1061009
49561 999521
25762 713840
24872 108636
56483 232917
22679 224916
31213 414832
37191 43611
1088 15910
68499 727365
30653 702876
35948 112588
50777 906942
35000 1061022
3405 69224
45965 705460
50222 136891
48112 789897
56731 721501
12188 583625
17756 728897
53627 604292
57111 561105
49294 82434
39272 406357
13898 125162
35000 1061035
36964 597933
14348 794787
34342 196611
54990 917261
49450 534395
18449 730192
8277 22744
21369 526356
22706 59749
33430 566337
37898 130193
31484 336374
35000 1061048
64937 817201
32750 546264
27923 301382
42153 824921
27699 434523
65990 637571
64495 308756
3284 434485
30844 394926
49516 496390
45565 106730
68836 790277
35000 1061061
33111 297516
66003 768823
8790 236869
41522 595126
43790 263265
7151 390578
33627 435004
58444 138364
66062 446146
5537 196683
61595 626785
30897 373132
35000 1061074
69870 188764
61874 945855
17582 568630
51385 369095
5553 379052
22750 916263
38699 512406
38671 17569
42030 547231
6464 435284
69973 277112
11005 521535
35000 1061087
61208 429498
15231 592513
22488 897520
41422 832626
27978 226603
46179 463040
48313 571533
26563 965523
24508 936678
55052 770959
51716 742452
18377 314872
35000 1061100
24059 759497
55192 102339
14541 821892
9953 646674
23593 322907
12200 428511
17371 210372
53161 224658
58664 175027
31077 228261
6132 189468
63657 318563
35000 1061113
1247 253007
25558 628732
62521 955000
8500 717912
65406 518525
36233 146355
21209 441842
3089 16974
18348 248114
15130 519977
46231 445659
62489 182393
35000 1061126
15741 951687
60508 374394
56569 98062
1235 315206
19885 521485
21121 988667
62693 343644
24503 216980
46548 425100
1002 952113
24622 869583
39829 44260
35000 1061139
22545 669215
2412 33459
44034 494747
31725 904269
11151 104235
45634 673882
14155 962426
42911 104243
10512 448693
19450 871669
25410 220128
29752 979613
35000 1061152
23806 660461
14262 563324
47866 609459
55572 378219
45004 185183
8324 159822
30005 686087
24843 904904
61021 652610
58925 454229
17808 990264
30542 827740
35000 1061165
48514 856027
31207 750547
33572 879287
34889 560753
8742 570238
19550 982646
27541 902844
23136 595660
31374 268619
22920 49884
21431 728452
51622 364089
35000 1061178
39739 312056
32059 339038
50547 7913
4692 670849
9936 640792
22488 506866
68410 507153
30533 330105
54715 778567
62073 544587
26956 755014
5840 453708
35000 1061191
25539 76286
24142 170177
68085 732816
2716 157276
50376 176452
15018 928655
68915 972679
7650 910123
56734 890194
69727 438861
15424 155828
66772 70728
35000 1061204
13066 518159
69890 771268
49323 425148
4977 187445
67102 65469
37576 163878
53454 417073
67515 787024
45356 561591
53627 890617
11869 364673
15343 261465
35000 1061217
28975 933054
29723 709523
678 533110
36563 300806
64740 951810
51097 469439
15504 988965
52487 842461
4780 16026
3982 618167
37036 896003
51301 389810
35000 1061230
60492 957596
20941 940311
35201 407713
50370 20431
5920 858705
60743 479960
67316 906428
32772 37483
7752 992822
10395 182003
28034 259654
49367 948820
35000 1061243
36322 207156
39792 691131
52654 301803
4002 76169
27152 632961
61277 445514
58646 522602
10485 611711
56321 19799
54305 862458
57335 94453
5684 42730
35000 1061256
27715 593672
15036 380164
26518 755657
61814 788318
4216 666901
57869 218346
54720 210670
17449 471846
16661 960718
34384 791320
65575 857548
30934 900495
35000 1061269
13137 588416
43553 345731
49078 3613
45850 238532
10706 923909
26343 73413
10155 664772
50893 493296
36765 371757
56277 432084
5061 251514
39179 583676
35000 1061282
39091 601528
31104 745440
2672 953639
16224 702246
36802 57405
11533 612003
21738 743559
62453 306673
454 551814
67693 381367
10299 724659
20783 678037
35000 1061295
5682 956942
50692 902959
62976 304858
44347 235916
39482 40091
14514 561998
20316 433867
65919 879417
19493 122471
20570 172734
63564 337718
33654 259658
35000 1061308
61006 59028
20005 839254
61062 886751
58782 782575
23243 306171
58534 160708
23706 683915
49370 232148
29151 287723
37821 489705
12958 627629
3409 271938
35000 1061321
189 663598
8850 184006
6415 958234
57143 749342
23775 752390
68166 656297
33925 271545
16629 400055
3236 331485
10540 346123
33145 703237
49210 126396
35000 1061334
45851 900945
25782 343821
51641 900051
10547 845657
504 887204
65885 363853
3915 974184
20892 935586
17024 83609
50313 975606
42183 640117
57981 762209
35000 1061347
12802 59841
52475 757896
10862 724357
42076 250625
65158 237586
3165 831558
24251 408378
22869 861564
31564 219032
37097 478778
61805 380272
51091 293270
35000 1061360
38239 639344
20576 287805
49660 78502
24109 933438
56875 411767
52245 322674
42681 305739
27606 310185
49580 710271
29363 934315
26631 658534
44438 347760
35000 1061373
17341 581925
36887 574862
1264 538185
57858 208550
33341 347668
53650 100533
24865 525436
61999 969075
10984 679897
51629 745943
60398 423095
850 514318
35000 1061386
45121 59164
26043 725376
7581 501638
60101 317020
34129 429626
3443 608831
63619 843669
6770 115221
30994 272646
10746 266792
38368 170901
45788 814345
35000 1061399
10730 396516
47873 130319
47643 10826
65053 416360
30980 266066
25062 457497
3102 417848
63834 969687
37170 112520
48219 402648
67520 748131
45520 194529
35000 1061412
2615 782474
7299 830664
13020 144512
26075 485668
47149 575895
66576 102212
62858 603454
63346 943435
19612 749086
1640 996789
13156 5168
47927 792137
35000 1061425
16019 907768
47947 132947
13330 641050
38280 610466
54485 162245
56146 236835
50223 699208
47351 997873
54297 520855
34613 312791
25414 583513
3787 37664
35000 1061438
29910 812745
44476 144693
65090 670398
58930 296348
26377 132958
56192 827462
17078 478976
40401 189518
45943 420573
700 452915
53771 802418
66131 137771
35000 1061451
43523 335945
33805 557701
34712 512269
31115 388201
14909 713163
57522 805035
42867 845798
62954 227484
62978 410996
58946 324924
27291 605236
25011 205890
35000 1061464
18097 599468
10422 965494
56992 181930
53611 333341
55012 620119
55816 12710
13688 650053
17050 560761
35261 797962
9077 31811
5008 980540
43987 891836
35000 1061477
16254 623852
18117 25175
7820 842113
8175 967246
50466 938290
45730 439338
43550 167580
28505 834240
66122 36902
51167 64379
37154 596625
3782 537909
35000 1061490
28121 470714
56012 75146
65177 925177
44275 248127
15923 471371
61204 321471
34750 618971
57756 124546
48085 677056
54906 978998
32477 190180
69532 660167
35000 1061503
19867 772309
54566 793228
64309 353435
18377 337058
46273 752508
67166 700076
65097 753381
27946 611481
32965 78041
2763 669486
15430 345823
15556 148997
35000 1061516
39531 890171
6367 581389
64198 557840
43944 649484
42532 5085
12856 882311
50926 978405
27358 803566
38250 666050
30417 440469
68158 208203
27187 191262
35000 1061529
8298 853844
49192 307708
18984 333760
25556 612564
63705 148148
3752 176620
34446 891176
38219 774886
69681 442893
34599 572974
18970 503044
6301 536910
35000 1061542
33255 877734
61846 911154
68558 557865
36270 976736
4742 798079
12169 318697
30512 198052
33569 993423
36680 749332
60176 606847
52092 38615
31963 792575
35000 1061555
61522 991319
2826 386534
28768 140864
67771 261111
55156 154234
42403 94481
10678 890626
62744 451734
46290 472735
17505 432821
25356 144383
33146 37541
35000 1061568
19338 510148
53898 372083
69935 272646
4808 796666
36487 794112
16179 554599
45252 618718
8436 871075
16886 923472
7667 426449
6312 814259
59939 685565
35000 1061581
37810 194351
64955 888958
3578 167526
5212 488525
29119 114001
25947 537632
66563 496969
44235 513888
3914 343843
34399 338654
11993 552746
17320 890540
35000 1061594
47512 216170
25638 219237
69070 340711
53134 551863
31609 458881
33906 443354
4057 945410
56581 340184
38522 236400
21643 932584
51265 575215
28555 244191
35000 1061607
51919 25872
45549 833431
58338 794591
68276 977169
19404 753374
55534 510214
4797 243007
26370 632466
22120 527844
55819 798606
68160 822022
68046 531038
35000 1061620
26488 347731
42266 368577
11217 301999
21028 408958
66659 726071
17852 594467
35201 643920
20811 521058
59024 193877
50976 211410
22657 836727
31580 761503
35000 1061633
35013 275094
16650 610081
46392 732945
15049 352729
59283 435217
13833 54351
68510 1367
52786 10651
22764 341878
34504 449607
84 45779
19108 953841
35000 1061646
48006 101669
24883 844255
53098 800496
35915 777203
29066 746321
19931 400945
36830 124773
10744 298301
36200 412204
57143 539910
50741 802209
41417 3188
35000 1061659
11262 526873
42811 178317
484 780183
47070 991667
36283 758847
52499 44250
35688 272730
37446 750173
58883 327280
33827 392048
59359 242026
49921 226637
35000 1061672
9587 233253
24881 151581
57345 864341
18655 51829
61386 979220
31215 45628
4403 871713
43588 885654
53351 345708
23881 661311
41525 281640
15359 167724
35000 1061685
40640 622870
3678 842401
52078 982928
43590 429068
24179 846056
57816 395570
6258 700825
61964 904651
47506 829900
11576 270405
58089 989946
69871 979304
35000 1061698
8057 752613
9696 64504
29094 414856
30569 317010
66512 746229
9719 761970
41504 141957
9570 56448
46623 861681
11074 801604
38881 239942
30576 122343
35000 1061711
6226 855262
14385 825389
53506 52397
66859 263689
12292 665384
2715 538288
23391 761739
2856 501673
14764 415958
49141 670461
5158 799531
21323 897877
35000 1061724
69832 149006
62614 493333
4180 368959
63876 58952
21717 245170
53261 4074
65563 86512
12932 493994
41905 644501
48728 973180
10187 139373
37193 103644
35000 1061737
18330 948038
31295 768146
63220 862465
19753 287557
65119 473719
8073 98863
8719 843820
44236 386207
28621 837345
1759 669197
47556 557264
15646 661502
35000 1061750
53455 759192
32027 6557
11935 715982
7215 620305
9668 311818
63040 746118
34199 741431
51609 305670
18649 215619
5643 95275
30529 475927
20545 484611
35000 1061763
54766 356087
25856 298629
9188 660584
36535 352689
1341 586912
16516 36288
60459 133815
22176 427361
50671 494829
38509 235849
1075 481454
30299 62765
35000 1061776
49842 227622
21935 239756
50071 609988
434 327921
63665 690295
59073 877486
62869 917235
62675 960135
3504 582423
12212 728404
28444 736488
66968 74498
35000 1061789
57278 728739
49542 254002
58232 780965
21809 278774
62877 672781
35757 863991
54603 366969
9777 874908
22202 961027
67106 95942
36013 766549
51723 564972
35000 1061802
11567 370035
20258 929748
36074 655100
22470 338950
59440 308414
23852 656711
65526 422777
2093 668870
58390 468136
30647 364720
35919 85456
1518 73466
35000 1061815
43959 227687
67705 376054
48966 330384
44901 28222
44096 140598
12372 178522
7606 797354
19166 498536
18267 957909
66314 245370
68648 579790
68994 248980
35000 1061828
23541 110808
44790 104509
2878 557156
66250 242008
1112 283571
51667 630265
55767 363069
64503 135350
52907 796337
21293 977419
24438 857834
28070 620777
35000 1061841
44164 641299
500 454832
29508 712619
18981 335977
13505 283483
28926 886211
32004 415437
43120 366639
2454 863341
67926 600845
67302 535691
37803 559763
35000 1061854
11140 568113
57369 451713
10320 651608
67040 371818
442 330859
57675 389893
15303 413989
23084 662533
29729 18247
37121 302878
29909 575586
61682 915012
35000 1061867
11547 484761
30346 721777
33960 336017
55732 335844
17558 959789
55382 290521
39879 488095
60355 146906
47919 586317
20557 665374
24132 944068
63616 347238
35000 1061880
31814 838636
55545 888971
68626 331133
27494 593040
23623 83388
13348 453929
15573 90670
51165 592698
65647 694215
13850 701944
26420 467896
64199 48281
35000 1061893
56966 868240
27997 230305
14615 78743
46081 519666
39743 920489
53457 667285
34545 759566
13712 594427
24839 534655
28802 215897
21189 727735
53048 113005
35000 1061906
43346 442472
5117 127317
5566 212558
25960 823203
65441 614324
48277 989312
11876 359029
8030 123927
53133 113584
63352 923223
19185 929656
51529 186708
35000 1061919
46439 638479
22732 479550
43707 848826
66495 94394
68057 257574
39523 179282
1977 558571
57593 878186
61120 543020
25723 702536
65635 251838
15808 505691
35000 1061932
34723 39082
24146 883395
10134 77148
46883 717534
60385 356751
5500 514207
54236 940191
31095 742651
40690 127728
17954 519636
25465 363503
27888 20032
35000 1061945
68805 598752
23454 166014
54008 639762
66178 872317
11842 406463
37748 324605
27678 934191
8905 737492
51093 347845
35460 845160
62072 744530
20881 11651
35000 1061958
21101 264990
42260 790438
18689 443330
15087 720863
38227 741512
38210 520500
65324 648462
54688 68353
45449 652408
45754 311852
37402 200316
41044 417914
35000 1061971
43151 873135
69716 101765
49233 964823
69374 562108
26701 469536
43193 883316
66132 492444
65437 526907
33645 517047
20364 930781
670 852851
10954 947034
35000 1061984
66446 251591
60470 974551
49630 583061
708 954976
43934 459117
69565 61560
38003 260075
59127 236812
3905 666364
42109 354948
38526 409379
24845 200778
35000 1061997
39999 207437
41502 291158
3082 505899
47713 176016
63486 881166
33181 233713
61629 655688
15802 54472
34771 730897
46877 858706
68293 466527
44966 121007
35000 1062010
2593 237342
21046 143898
18244 314728
16135 879703
8902 570222
2584 625639
55884 787429
51584 604846
49414 380175
68319 578320
17808 212634
49860 572466
35000 1062023
34252 384299
48737 854388
34811 742241
32396 923700
52426 916425
36455 43746
25782 295355
33379 196862
22009 83460
40671 144493
24490 223447
1870 738877
35000 1062036
14307 633779
58143 101089
45948 688118
22057 981350
38937 699784
64990 763066
42796 732141
15202 453073
41384 709956
59805 189280
21117 623431
65734 697101
35000 1062049
9654 198737
37556 384694
69925 632576
52631 134929
25375 390098
65927 547508
69138 945948
20674 51151
30122 435392
55214 798990
4221 126691
63970 756499
35000 1062062
66689 590767
50366 813238
61616 437407
1180 164658
63211 614771
13197 283396
53186 30748
16160 868446
5449 343907
30772 663307
21981 677
25641 561529
35000 1062075
44878 565991
55812 339020
36395 580756
69102 163881
11372 951501
32576 172744
3509 771467
20507 10106
38242 810337
50291 719965
42679 995371
51257 298277
35000 1062088
49213 838130
17456 392288
59037 448779
27150 527422
62886 450379
35217 86021
63167 546708
23431 515486
64737 581615
48407 783104
7370 89041
9838 534457
35000 1062101
24193 225395
59181 922768
50770 874323
65489 273370
15777 284242
53657 524088
21041 519817
61436 847835
14248 767425
32080 484650
37864 638112
51754 695767
35000 1062114
29101 248419
9997 399307
16516 90370
45517 442160
20958 690908
41914 161362
29434 477189
56380 569320
6400 715351
38282 762821
37601 141773
41775 903490
35000 1062127
37414 482555
27714 660191
42952 947709
58960 714861
55615 467648
32092 735536
32886 33718
69361 34491
61996 553366
3802 500635
60100 450175
2193 364988
35000 1062140
35868 480688
68307 706267
63134 311181
37669 411904
19656 916960
66742 56472
11248 28556
61047 385646
10004 689794
47577 887751
18338 370539
48422 55078
35000 1062153
57965 600086
55969 119396
51899 963350
37350 184757
13837 453235
63771 116489
18716 392881
33866 283279
1573 511063
6846 419108
25980 299201
50794 263975
35000 1062166
813 499878
29464 27499
32890 122657
15246 534115
15875 197587
31132 740235
58644 485417
31000 266052
55597 515438
24659 379060
48714 312022
28280 524284
35000 1062179
11974 883689
28087 624670
68147 800414
25235 373783
51871 761122
13875 191214
57620 440165
1198 507511
33187 818744
13587 834989
58579 917855
6429 830807
35000 1062192
39494 933511
43583 95715
48545 696115
14362 525208
17388 783263
68482 732732
38128 638264
37198 507680
30814 125444
69546 284828
7750 582744
44651 80430
35000 1062205
60729 831055
23401 18427
35041 532346
60214 568005
53559 521917
4159 278704
55790 83323
67117 666372
22380 829988
32947 781727
39569 609418
59152 368212
35000 1062218
69813 432477
25112 818861
60739 496972
48165 395621
19057 365582
30466 230954
56125 645991
56014 613336
11569 450065
62637 284049
7163 825472
42605 932046
35000 1062231
52491 425826
49847 336584
64357 326736
16608 34978
13775 873201
21278 231746
55914 931962
11497 348427
9171 64307
12343 109308
7994 157727
41398 147751
35000 1062244
1205 915296
11685 809106
53734 554746
19275 664541
15809 155918
36673 815367
33717 750454
8975 443890
21581 33513
14358 818349
61706 969907
57827 91892
35000 1062257
50349 726082
43698 511605
49938 387845
66621 533890
32513 233256
5728 916412
35678 795979
34673 75320
67151 55907
44550 356970
22643 992807
45443 906835
35000 1062270
39941 366416
26306 903381
65271 454925
33321 458582
6873 986756
44988 49369
65401 74514
30065 274101
36347 887514
12105 874086
48174 232905
68158 486079
35000 1062283
26587 463518
46148 409573
33813 100974
45090 389587
27629 841907
17860 89485
22394 242190
60544 687136
19184 255705
16347 395791
15217 332714
55347 523775
35000 1062296
66053 777890
57646 34029
43437 204968
25475 563764
10663 502328
24741 568880
4624 890995
66357 63958
48207 409
56720 509888
8748 975364
59812 69619
35000 1062309
41332 20842
43954 956001
4337 416219
69174 732061
33989 640963
55361 458289
28442 223509
69998 185268
2527 501310
12366 457835
7648 113897
46183 31677
35000 1062322
3080 137034
24916 870346
19211 168445
27741 144544
48225 515209
65139 531363
48048 358538
53129 775758
23494 284330
36348 219160
19361 176892
30362 600944
35000 1062335
44105 54427
48725 95057
42744 328021
57288 534197
58811 637187
4833 388664
4390 336177
12215 74267
58834 468776
23396 445581
44297 425538
47918 821639
35000 1062348
35603 502511
4752 897638
66548 49410
50665 334957
47992 829856
58374 980727
55320 46169
62339 31812
43984 24793
29577 88429
20298 301781
10374 761173
35000 1062361
5553 333091
3319 225026
7155 55741
21833 83863
49783 456781
16985 112649
30670 578886
49271 36593
19141 758469
21185 908320
18167 417897
28456 835069
35000 1062374
63673 935973
49098 642779
8328 761351
68073 133001
48518 917760
7846 343311
10691 63367
54164 397167
30895 536647
22254 908743
54066 303533
67032 850456
35000 1062387
37418 54279
12262 447423
38061 720077
65852 883972
29329 59471
57837 633803
19100 793040
697 301749
264 885583
19174 723978
67107 69395
19549 959858
35000 1062400
185 319978
24654 57462
25066 607599
61144 764035
69601 659953
53240 145293
55465 539015
55428 928996
32031 110353
64490 398433
59171 855406
47835 921656
35000 1062413
31779 762686
64634 708487
65243 695739
30532 147496
62025 967945
62001 417390
19729 45226
63820 458004
12276 101909
31288 175952
27432 651970
33475 765923
35000 1062426
11032 753658
18901 950597
13692 197203
16533 281026
55003 740865
43612 994293
67437 163301
69854 105399
8831 287150
49451 571118
54241 341954
36199 574924
35000 1062439
11457 614983
29689 131427
52472 210422
34205 504153
24224 835489
67467 270777
21305 479850
16797 221647
69533 570442
7011 104910
34538 299988
37339 52079
35000 1062452
43326 787698
12721 703954
62756 523161
51484 445890
53919 961135
6415 535146
40216 527123
48581 500501
24797 385419
31683 196218
18473 62252
39670 426999
35000 1062465
27615 420062
63913 529225
23373 849584
13622 342811
45791 380289
53993 397214
30066 483813
32696 646458
43172 152733
63101 178346
27850 108662
52912 305356
35000 1062478
5790 25323
13501 720550
4543 254495
43876 666687
33024 378575
5007 96971
63203 905493
59966 693907
65009 267649
20865 623930
21194 828589
44330 720973
35000 1062491
50733 6098
33150 643468
34785 585725
43230 993041
46971 931741
43901 444501
69856 946553
22680 552225
27485 368108
41194 36320
16217 271727
31329 387221
35000 1062504
64983 942821
38884 787313
46784 931098
25746 543598
40757 20138
13291 122434
14122 534426
14574 668
6782 231571
44450 253162
17275 470148
11793 716923
35000 1062517
51520 573411
63576 254461
60005 432839
10640 235984
59419 433930
68892 611279
64247 957623
13194 850895
32030 852148
19040 952474
15821 891833
24751 443830
35000 1062530
49463 139243
63011 139034
13621 507873
60706 744567
67892 334416
51338 190240
61528 612932
46421 117231
29687 838801
49121 626170
12803 69320
14644 231040
35000 1062543
5241 719674
27905 441672
56281 137606
41773 171638
47542 121709
55335 287985
40702 364360
12394 59077
56189 339748
50389 603302
21935 544292
24253 802948
35000 1062556
61622 558974
44955 441930
39188 600486
11477 382274
5101 88587
3837 194551
57891 544704
52218 117256
24774 448806
54003 456313
8501 672843
22888 161171
35000 1062569
19366 626848
68998 431639
45441 736344
8002 555650
10059 822289
52739 892991
41457 210497
5775 994178
50660 564010
22189 220399
54260 320292
53865 281646
35000 1062582
19285 84754
24373 121888
15373 225081
63 549952
60852 11937
43131 276891
5714 345444
23820 236023
9936 432859
55558 723374
2211 872982
26625 413059
35000 1062595
40014 786464
63353 338537
21606 911813
33692 23057
50597 671227
2725 817911
37749 492059
7182 493562
69427 411913
63610 98993
59800 680826
27517 393842
35000 1062608
42034 924902
50685 488998
21431 627268
5431 724499
42802 772064
58745 471212
57944 903569
53245 330335
11589 888522
69627 374655
33360 795020
580 361006
35000 1062621
67896 885849
11428 153500
36391 590577
13772 703182
4375 805401
50311 508131
4773 26416
25562 268649
51109 50334
37004 25338
28351 63041
64110 990004
35000 1062634
66123 146695
69992 854907
60928 329239
51415 309518
9525 650576
399 299912
49428 376730
28279 497742
47700 88611
27365 976845
56661 12607
16212 97474
35000 1062647
40220 397241
27226 918785
42421 426339
20175 985977
7051 979948
16211 984963
37708 570438
4216 543096
41167 424332
46480 527459
39234 175283
58028 877750
35000 1062660
13507 814846
29199 384775
32919 79428
51529 497899
39868 807626
24655 423628
44433 857944
15861 173191
26045 66772
17101 545401
3300 84771
35497 220064
35000 1062673
31878 572798
59211 179063
45852 81579
5016 649029
43835 408725
48937 362985
9686 641369
16957 556976
52815 590495
44631 681775
36581 253673
69982 378518
35000 1062686
56252 5631
59886 385087
60557 792147
68842 912337
47242 132558
46650 656805
60326 771857
887 31449
49177 323750
66221 490542
26291 824740
11986 294364
35000 1062699
43332 131190
28564 619977
33856 399515
16630 97175
68832 679686
59737 70603
42679 86103
11216 430975
45216 901622
11351 850433
14014 971032
65253 903466
35000 1062712
24203 155945
57400 179482
23625 461193
11720 299476
65683 773309
38607 133793
65743 608355
43330 484632
7459 155891
14389 958761
26267 343971
40846 65931
35000 1062725
13675 786042
22265 532840
14359 745525
576 909554
43601 902713
30223 266122
33307 997970
67072 176183
27857 334103
31758 353165
47871 199652
47054 689381
35000 1062738
13362 878195
11693 541985
45874 871672
16939 941237
34832 494782
36493 455760
60527 308247
349 108275
17920 615320
57391 777374
48234 970317
24906 919487
35000 1062751
57676 718386
34411 991413
28590 82618
51401 431312
41979 308637
50665 124414
52110 422491
52838 596041
39590 286214
27513 180871
62982 748212
9524 446896
35000 1062764
9028 996671
43891 322294
58795 236143
15845 333464
50373 934175
53428 759210
19333 751777
15075 276815
49604 105227
29408 796583
54129 326808
31531 727504
35000 1062777
25920 833684
64300 940317
31748 994749
8853 986678
59176 868341
37049 418055
9774 590986
4748 304166
21257 219471
56959 803011
4970 149174
34424 343687
35000 1062790
34132 41341
6021 222854
12360 497871
5399 814984
49599 754207
20665 644919
19998 606079
11179 480285
51759 177590
46056 85748
38152 589020
24490 407038
35000 1062803
40298 809475
67521 125635
39382 185961
21199 356287
986 719487
25506 592750
19008 452427
39832 763487
22675 404816
20153 878370
34522 851669
22162 530111
35000 1062816
55550 203555
46282 431796
7974 27180
10651 347267
35397 299107
25395 525454
68034 488607
4367 803627
17061 237080
3901 962853
20917 518037
4850 269330
35000 1062829
65602 250327
26905 542177
3819 697613
24398 769582
9208 847580
44371 871841
39634 992768
6724 266078
34796 425903
29271 688067
33058 114720
32804 725519
35000 1062842
12520 797741
68560 684299
10233 6508
68516 928515
21474 779003
48259 543450
18858 428958
7616 831384
13394 160709
51290 965711
69069 632304
55172 894646
35000 1062855
52707 439557
36927 765919
58015 368422
7005 187755
53279 985802
36345 169178
48821 920719
59852 939604
53822 207752
156 36989
8649 686649
5433 226117
35000 1062868
4970 525249
8317 321040
33082 648391
19625 566676
36983 837631
57980 888118
62737 612408
35855 959185
33205 881156
36679 244200
67172 129036
32269 394061
35000 1062881
54119 209233
37481 944393
28448 246941
14807 18992
19396 351743
5243 255576
54372 52606
12852 79108
43782 432730
53603 807368
49875 582626
2269 708282
35000 1062894
9145 692771
14331 606273
62817 56591
6131 605846
54286 665165
42330 225893
9388 968385
58574 570284
38531 572178
48495 964376
69236 674362
9399 620397
35000 1062907
58000 132737
2587 325146
58054 478014
61320 71305
10304 107063
6534 964224
27989 264086
3326 103029
23681 685685
38635 484281
44102 815537
12934 287537
35000 1062920
32262 816062
6659 805740
63718 117511
41438 613172
55048 800081
30603 302579
16203 874851
66508 232960
11330 325772
60033 248260
38607 685196
42837 122721
35000 1062933
54314 853983
21987 870362
10980 573005
26282 415864
22164 886991
3861 456008
24702 357523
34863 687975
48927 932011
15953 925441
6232 806852
21360 746760
35000 1062946
5319 752618
10124 173264
28733 650593
65465 879701
544 363389
38126 252706
63615 578296
25729 6013
58022 364127
42535 698311
63136 426316
17107 886525
35000 1062959
41917 905545
14410 215368
37892 990820
27229 696505
24082 624386
44854 508499
63978 179582
30303 713635
13026 934141
520 513677
23734 13905
35594 152103
35000 1062972
41205 965863
69317 782719
63527 257603
52762 332805
43761 938490
4804 526363
66098 258566
55221 233003
46133 573326
57859 39159
45878 309633
5634 820526
35000 1062985
65276 943990
56572 510585
15427 401208
43387 968943
50581 746405
39730 955257
4711 940678
7321 859995
44152 997008
42291 712499
20334 317288
14558 349695
35000 1062998
20967 39137
25289 103780
50434 64330
5341 544547
9435 475734
18837 216481
37018 127208
62633 679907
51202 510153
60062 174731
11244 714486
68852 318561
35000 1063011
33548 70617
54734 168388
48087 207171
20342 108037
61440 750920
29673 386581
6736 408193
31052 530073
8668 576491
25898 443287
46895 648031
18580 819201
35000 1063024
23764 333568
45821 240165
6816 306456
28657 513380
19091 236148
17430 12893
41901 575743
12191 631063
65069 503805
15086 413913
38021 646548
48097 6903
35000 1063037
30186 265334
56697 557774
33934 69553
68846 317215
55490 260856
4337 921197
13171 496416
69561 643416
33506 587708
19777 398606
45381 699670
43118 721034
35000 1063050
3666 533031
16153 867671
52480 768816
39864 683253
1656 377829
63480 756635
11129 52073
28935 121635
53609 947724
17819 905709
16720 238420
15089 328428
35000 1063063
16853 129294
61446 527544
38117 772011
25739 726597
69096 166707
42173 158617
20952 179231
57687 546221
40525 606779
31635 469111
47624 991065
24651 988773
35000 1063076
44727 452894
33147 642881
37661 746675
57328 306072
1578 642242
37150 505420
67031 222437
12082 780946
12923 885549
52698 205165
62283 993245
32436 504588
35000 1063089
12224 222799
44417 331444
47983 335264
3582 811708
17505 319780
38654 113882
44957 835434
60989 294657
27034 635751
38947 398731
33615 309361
11001 552125
35000 1063102
62531 824621
15707 331169
49274 510166
27381 1006
2540 959076
39059 884595
62796 191627
9082 323654
6180 819713
10177 783081
1478 382028
9044 769489
35000 1063115
53396 621029
63323 316979
5866 484997
251 748521
46314 595491
67687 807505
63670 975688
40556 710991
52172 796485
9610 27441
14046 574932
29056 738657
35000 1063128
53146 26270
13983 934705
19160 250797
61189 343681
27592 866399
32553 697266
62176 257619
57395 184905
36932 303898
60624 60377
50597 572823
57961 613822
35000 1063141
23062 875266
36890 757524
2116 548309
4564 412059
47209 883884
50373 810897
61613 873315
1080 604748
59620 972669
24024 12721
66909 115611
179 426908
35000 1063154
18848 342406
24366 561840
56292 349810
27912 518438
23949 821440
47013 453174
24292 226253
13274 453399
30434 463740
30669 164590
24872 620188
58700 889754
35000 1063167
59207 759071
32071 477927
1026 61814
61340 843359
47061 967149
9455 640029
62271 352492
28315 50259
39853 965713
7964 225438
19455 665351
39094 785212
35000 1063180
26665 530374
57953 742771
7982 882258
41715 113320
664 261558
9959 608981
39507 483351
27884 836571
47333 632212
45267 787337
28871 325715
44377 40618
35000 1063193
4085 388239
55761 55141
6763 638242
16087 866383
54906 496256
58715 850265
39512 638112
31198 405819
37618 453325
46175 146754
8949 800153
45413 592310
35000 1063206
58111 747357
20645 104247
55863 139052
39663 181129
4822 165303
36907 435649
2378 285260
21531 290798
44707 474641
62690 194509
34418 460096
14773 304294
35000 1063219
2156 509705
32606 268423
22464 647277
51594 894987
42741 659693
55757 663212
65493 377102
50976 458578
65549 561510
41059 254013
38733 935958
60981 306467
35000 1063232
45592 107975
67728 96354
26722 411870
4067 221962
3665 332982
13460 845947
30043 93678
39005 55000
4840 3875
14092 842173
11760 143177
42257 643151
35000 1063245
1008 53700
21893 515315
20647 802638
2627 334360
41562 552512
67490 361701
58661 261344
63497 201580
20290 243637
40371 506090
16670 958127
68419 897010
35000 1063258
17031 328900
51484 492403
18449 591960
24932 795626
66352 3937
61237 297438
22568 575951
24366 205441
69675 540170
69821 212282
53935 724840
3648 786903
35000 1063271
26202 764547
7697 520271
53323 340576
54074 963262
22297 353998
63864 411103
58556 768512
26653 673424
11781 253983
68699 42227
41418 128310
34930 472975
35000 1063284
31971 219251
42894 808355
62329 339606
8087 514273
36453 897453
62194 541064
27428 92331
30655 171183
38101 840295
48566 36377
44932 259129
61649 51388
35000 1063297
8436 501234
45070 426711
10402 772293
6659 777560
38908 204828
22093 316475
28681 290246
19277 222899
69739 250335
47294 296492
67638 594508
64888 443746
35000 1063310
58023 689624
18166 165122
41254 928408
486 564986
3771 171093
41844 799680
67114 598880
30603 124788
9474 805028
66414 371139
10485 879539
27183 122537
35000 1063323
52945 708213
22298 998063
27379 836147
50985 282540
6468 485916
42706 170293
52976 665551
34395 111582
45612 23099
40989 797639
17555 868834
4537 411917
35000 1063336
56103 498156
13225 282691
60190 804349
67101 597932
19157 295494
41686 461114
41839 954725
56334 366611
24815 814381
27074 708128
63340 828553
35597 865651
35000 1063349
38133 932870
5872 839539
4050 40110
52927 121019
48789 757771
17898 205527
17953 230647
9357 621927
47564 490210
616 3878
11824 434603
21971 737563
35000 1063362
49309 599974
3911 854649
67682 636568
17168 468329
54121 150850
20692 210979
59745 780607
54491 300429
49654 164770
51002 263497
54608 79358
68155 108303
35000 1063375
54028 992188
54432 392476
46357 999891
34576 298899
15170 983946
7202 377616
15764 135622
37702 106444
25566 299532
56690 212330
61136 923124
47335 947276
35000 1063388
36092 248868
22503 577345
30919 578087
27131 221822
25059 991917
56762 853957
13231 520022
61335 100947
52915 365131
37594 282184
69957 713343
49447 164147
35000 1063401
36225 563138
11817 306047
51950 985116
65853 472019
36024 957426
29887 334342
45420 286155
33711 765519
29100 370455
7745 346283
10742 164947
11590 152434
35000 1063414
63834 835189
63294 139036
45232 675171
19013 345832
56466 796298
39642 600431
37830 992112
68475 894577
7206 155381
36271 30528
6216 645661
64749 766209
35000 1063427
63637 950219
61122 623737
20118 344455
52554 346497
9444 623804
11725 553689
45477 454759
29565 824325
7400 268201
14844 661447
40511 505867
34914 819429
35000 1063440
44092 972593
34407 497674
43143 395200
34357 566656
6680 260418
49888 891362
25444 865216
44960 564672
56829 775316
43132 501060
37400 56405
67269 366669
35000 1063453
6052 582939
4882 879261
47044 421666
8181 222877
7163 344520
50653 19086
26528 556157
48787 638542
53934 591455
35098 966894
68260 663130
15059 776432
35000 1063466
26224 62247
24655 871427
4701 335968
11177 586954
16557 370875
45299 276130
63903 674474
50064 609027
40042 48074
50919 130782
1361 728151
37139 391554
35000 1063479
14688 341247
15512 608669
58459 300715
54728 842404
42577 923128
53082 317023
51341 275756
22765 550313
53479 755202
44352 29577
39791 142838
58223 498041
35000 1063492
23024 288068
40397 651073
13890 222061
67487 463425
55231 661752
21911 20914
23663 768666
4290 669973
39171 865231
42435 735491
30622 139501
56053 977691
35000 1063505
9243 843335
59390 891119
31546 968239
15226 100342
45429 380018
33435 966168
9389 662190
3443 464922
24591 117979
11704 203677
31769 706651
67983 238067
35000 1063518
13120 125095
63149 716776
7382 330644
48761 369184
31416 286225
49358 458132
12629 708074
4008 429842
27089 357346
28655 946055
29723 599374
22748 810645
35000 1063531
13410 305979
11839 613597
20322 370941
29915 881180
16650 339610
51524 205761
21597 707187
44654 499347
61279 919050
58399 744021
42302 784940
42542 218606
35000 1063544
64176 98687
31637 411539
53861 669211
8248 651783
37514 245477
10012 943465
10778 160508
31742 465929
2135 446122
52888 96852
17746 87481
49967 311846
35000 1063557
68073 990077
23256 307107
28890 357603
40523 866437
29740 950920
25889 154598
7760 626649
12426 678426
37363 164583
42563 100868
29589 694611
35944 755236
35000 1063570
20027 991377
62870 544652
33823 790845
31489 743262
47883 641719
19285 508531
14252 793166
21505 354527
52978 391831
13864 178430
54497 727757
20181 196011
35000 1063583
3594 611518
45918 428992
46505 398349
52795 378976
27955 593434
28577 188347
44770 69332
36724 195543
12358 657285
22236 338391
44585 131488
1610 304785
35000 1063596
48310 765193
66074 248547
50832 505929
3255 562634
12951 107457
18811 13773
5139 444586
28059 30236
21940 122618
40084 668349
3913 234601
54249 942258
35000 1063609
16950 2383
9991 702399
15777 95420
65316 589016
36623 971827
44738 685926
15560 685445
24738 520336
25117 246786
38404 368434
23130 174940
43911 572526
35000 1063622
69658 77992
26137 937736
56924 701061
66596 271929
18988 566717
59397 400772
3001 217608
21278 252264
64432 541480
41837 337349
17735 334327
27183 361461
35000 1063635
61849 120235
61927 684332
49956 866115
3679 203881
6836 963223
16938 502748
3608 159342
30973 762071
8162 206264
58025 984416
67291 971900
54656 235687
35000 1063648
44769 258982
46710 674025
69713 272431
17395 277348
2762 822398
45303 559369
31429 884470
54424 270028
45781 97239
28210 612368
53960 143412
32851 721804
35000 1063661
29984 415403
51051 126092
5603 722699
23238 916304
27467 318023
36800 177874
14796 782566
24937 542709
49552 750877
3109 515264
31905 876501
48142 266843
35000 1063674
45193 23558
24988 818187
11674 697773
12440 789905
27378 334870
38084 366717
4219 321176
65054 416791
41216 874573
34589 192377
59895 79480
30443 9662
35000 1063687
65426 328895
37254 887400
61446 225520
55460 909769
21016 908342
49387 776642
61577 735039
1201 474203
59969 372105
25898 573973
24486 664856
25524 135178
35000 1063700
65205 986368
17397 938232
16042 574785
29052 633411
68405 430841
21285 246440
22274 602391
16891 860617
58038 708942
48836 880402
33159 158808
41618 197769
35000 1063713
68568 880128
26011 8524
38523 868754
32088 744995
11214 154348
22467 106913
27790 43516
19139 362006
67155 689567
68195 886133
28458 492161
40558 901696
35000 1063726
30158 899652
47422 302945
20311 183020
33665 46196
67581 865775
47013 312394
57934 850236
20571 854924
448 442165
40131 184575
24253 5363
2508 387752
35000 1063739
14570 895303
10161 912461
29136 848901
23617 439130
37363 490057
18625 962985
54838 951542
59421 68789
26417 811979
3729 841330
10978 378370
32305 752862
35000 1063752
63149 320618
46841 630117
29499 23542
13159 973864
51768 480830
42890 778563
53860 144244
24170 394923
64179 940359
33180 13689
40988 540404
62381 437958
35000 1063765
27322 861118
3376 91455
15892 802777
67074 947128
9638 651961
43423 869372
14969 232413
62070 99851
48576 408969
27713 267453
68627 506522
38446 331887
35000 1063778
53822 561175
44890 930477
17088 375255
9474 536258
32847 557407
8151 455858
40776 373966
29386 363569
18805 892868
69315 481274
67391 36853
56474 799540
35000 1063791
52700 576620
8872 164901
37598 113455
62914 922987
62559 276709
17402 494984
6630 31617
37329 858183
25720 42023
56537 705549
68825 837910
43187 401423
35000 1063804
55693 749366
66700 875589
48981 488156
62361 551183
7703 160379
6434 193574
35016 27747
63414 81169
3755 849570
42845 175908
41593 837329
18050 450717
35000 1063817
31749 318733
14441 922132
61974 937558
38282 202295
51308 817288
41280 83276
41471 460304
1094 511966
14865 593764
67422 614596
48704 412824
27918 21173
35000 1063830
25132 147876
13081 693030
52736 349881
42550 516630
28692 778061
23091 162790
18326 425384
13089 405072
30654 689650
60596 263191
3944 127661
16258 169966
35000 1063843
7676 84079
27694 890025
45694 368308
4088 394180
21819 191275
29174 710220
48877 634084
51368 829587
17870 881277
58792 817376
26082 646493
9859 593299
35000 1063856
7193 767155
15821 646974
63143 900160
23405 954322
37553 157851
34904 198662
38704 125782
39649 517672
12736 322763
51874 165176
39050 600313
16250 691338
35000 1063869
29266 577521
10637 157328
13027 705150
31501 319873
21617 355730
58053 646604
12231 155916
11053 337752
21065 633598
49737 343546
62364 803718
43889 972697
35000 1063882
6176 804137
10886 808518
34511 720254
44293 284848
11526 620350
36043 102295
42273 795852
50300 564289
46125 88166
23935 675852
41289 178724
51219 802074
35000 1063895
66377 444981
9595 184968
21731 371789
34552 236592
68409 345197
39745 317386
30294 210841
33234 188266
32515 498723
37496 72029
64476 145083
23739 672532
35000 1063908
46968 146269
19628 284183
25045 885926
7105 521230
28145 551077
54235 417389
4713 335604
10697 828049
37357 894980
64636 1618
19100 45082
34405 503815
35000 1063921
35806 239394
32954 326723
62653 378413
36866 988093
37946 542545
19913 753957
46776 428456
18794 860013
19817 906282
42608 80312
34920 785004
58397 201294
35000 1063934
32071 640855
21789 567639
23751 742928
24510 74664
55474 202449
49974 805292
61329 398829
10930 368
30095 203836
49337 80764
44441 991920
7849 484405
35000 1063947
41661 232288
4299 915676
35514 887408
40015 691826
26933 80342
13142 3633
14983 649578
46738 904980
19108 215297
47723 264890
41228 55491
69250 236597
35000 1063960
21337 763321
60844 735052
44316 49557
55096 409293
20632 966038
20466 484933
69170 341884
46217 321902
28312 993768
32528 664857
37610 431927
21963 972942
35000 1063973
62354 478588
53789 990700
23957 630997
34331 696995
10694 547228
27362 844341
54422 995779
38295 886764
1972 154557
30693 738684
2884 401444
28634 922360
35000 1063986
58793 291298
25501 754696
14012 278414
25888 806315
26026 574123
55659 819150
28559 258519
27980 747743
58443 412793
23860 950476
35821 484512
18227 937768
35000 1063999
19626 303794
29356 506183
20979 454664
15963 118785
10537 345127
35073 173900
57458 434441
67686 272624
41400 641026
32460 361435
43090 109188
12939 346267
35000 1064012
31889 951963
54633 958778
17605 11827
18789 965624
5773 168356
66024 40658
12501 6891
41087 152683
16344 41376
37963 954226
49077 580361
68630 68803
35000 1064025
42223 527522
13795 662756
56870 91003
13447 480596
37663 556252
50437 463223
2300 232074
61805 760360
65863 368729
51267 65078
58495 539913
15337 840246
35000 1064038
42972 292699
66268 693317
52596 426851
60279 683112
10958 892430
3959 123336
22773 390509
10457 535528
14437 910160
6413 756336
34003 979327
6160 718817
35000 1064051
2641 251591
57817 887915
43874 536054
33281 119670
22200 112932
65688 178080
49250 311639
46720 192070
7338 369842
61085 15986
53692 955297
52515 322229
35000 1064064
17240 568075
35864 457619
8010 217676
19681 695991
43657 338727
27679 466211
24106 580010
6945 993794
3358 676539
30314 340127
48636 327778
37881 159081
35000 1064077
9572 434266
11531 638194
21340 114799
41576 423795
35903 181932
65593 957138
1660 95048
32486 295110
69017 846671
37498 660386
62032 929796
18560 595866
35000 1064090
60138 46997
57848 564734
21258 631500
37334 11118
9881 563772
43468 658495
61240 712001
29119 218575
12599 753449
31912 122498
54042 932003
32582 679526
35000 1064103
3376 393667
45024 401385
24424 378391
58036 316307
15831 155039
52402 987797
41328 339249
58687 90235
60824 618947
54271 328349
11713 38931
52415 343138
35000 1064116
1491 933274
67247 578586
5018 190068
41281 339433
6469 501316
22029 85548
29672 720504
13082 818985
46019 486367
27183 640941
51454 141497
389 973535
35000 1064129
3213 102536
45146 566671
49400 213607
23974 781905
33415 855032
1472 456307
24394 76072
6206 810366
58502 572714
11270 662079
36927 304688
8152 606321
35000 1064142
13776 174619
22264 406266
59056 277868
49722 68720
22549 810210
57084 921513
20131 748323
46229 722258
69080 497462
7362 328587
17966 455138
50276 774203
35000 1064155
25475 986702
20885 719926
23977 622517
7977 119653
14456 256997
47371 445483
432 494474
43779 36025
57974 295407
48919 433794
27463 252653
270 922220
35000 1064168
25136 135602
11985 569724
66761 350980
15670 511379
39759 62406
11357 711139
2688 233187
5161 659549
44889 846131
30948 511510
44627 475472
43901 533644
35000 1064181
10034 673053
53262 139342
18332 475697
25858 292225
13325 224405
11350 910845
14768 144347
25140 238831
43136 79016
17215 462783
67114 573627
67400 630349
35000 1064194
26814 990023
42130 138486
15094 702004
42919 806490
60381 641520
66196 10907
39841 91319
20143 650954
57249 305764
36041 504764
43907 766358
19680 204821
35000 1064207
58313 404839
2207 504592
22974 419413
43467 841661
15287 913683
52169 621971
7304 166867
34507 921017
830 570287
43850 50340
68440 118252
41765 716494
35000 1064220
14458 975262
51344 646315
34167 697769
68912 720233
42833 330565
58112 416909
5782 329923
66636 626205
15692 492119
1699 107511
34609 203981
62321 999107
35000 1064233
62208 405934
4023 972989
3429 184203
50039 252523
58875 780337
52761 720787
59217 30763
21542 119424
56296 371842
67499 859472
47873 712710
10890 94064
35000 1064246
63036 128961
53670 928405
65084 348976
62631 314347
30092 464550
35816 394069
67207 65362
21307 801024
55591 580397
19617 894734
57068 128703
26464 792101
35000 1064259
36854 340197
10407 221114
21493 545941
37035 245126
54013 473811
43707 693746
63628 689365
27261 522375
679 913477
34132 680867
48666 566303
11917 427054
35000 1064272
65778 105861
34843 320055
49533 972687
31548 358550
64255 511246
60765 783090
32605 512943
7972 218899
11119 712372
10215 574891
54053 916730
26859 492535
35000 1064285
47501 37435
45762 66159
48715 208860
31937 106832
47256 718979
6274 607734
39898 859799
62005 149808
24043 866398
1072 921950
21191 945963
1195 486217
35000 1064298
65167 217874
38711 195078
7531 950435
31825 717449
66091 263956
58618 101876
34573 694586
89 293920
44899 808755
34532 906250
39387 301601
23118 91109
35000 1064311
69365 622946
17968 974176
1745 925
46642 149374
64306 360255
64470 852870
27533 359652
53912 931824
21467 54367
56119 813574
55189 536178
51901 977285
35000 1064324
20079 134720
62752 15843
16426 436924
25607 120826
51767 830114
52371 512784
68138 847525
22781 342096
49511 931578
39432 970824
33157 599656
66887 617579
35000 1064337
67021 618103
16017 246228
26671 987689
53331 358718
24655 483095
18049 691537
61013 33350
1501 456954
30435 347176
44149 707696
16973 555908
55167 599071
35000 1064350
3730 559644
58354 496726
57824 359292
32470 947554
3089 752299
25287 843518
55529 316591
21302 20150
922 667222
49532 864132
18633 215049
39456 67042
35000 1064363
13411 130007
8810 195948
30912 475020
11971 274536
20589 545971
44956 560230
35517 681695
43597 276003
29042 675646
32198 965778
20465 64161
20855 984222
35000 1064376
63474 903867
5187 656903
7316 377317
69505 532995
24450 547485
65705 54135
36523 497747
36801 757200
41972 564969
56056 300752
51242 799846
18779 667255
35000 1064389
23720 524847
18867 898401
49714 917887
29882 407065
2784 513763
19197 907769
53062 438442
43364 903053
43931 348171
16156 264232
21945 126338
43778 929764
35000 1064402
53559 313580
62129 217075
24050 242828
62438 865440
49013 600931
15631 856197
44842 181975
47072 31289
20598 175660
42150 983999
64829 599024
42485 297349
35000 1064415
27131 660449
44371 115559
8302 802419
55913 692209
7565 621409
12890 784666
23160 401091
2928 702678
49461 829170
24431 633423
56749 602063
60333 880311
35000 1064428
62989 48557
61480 71685
61820 24800
20870 975101
52066 477589
62588 605231
14508 625315
34323 966739
41385 657364
46372 296902
10745 518939
53695 210889
35000 1064441
21473 35115
31884 574572
63745 867443
58301 974119
60438 406126
10774 148698
18444 502070
41427 508798
15085 299669
35582 362688
35724 548483
54521 843270
35000 1064454
32710 960731
41355 655849
55404 511242
56027 254360
9275 668894
33899 765740
18384 802903
16947 497622
5444 50383
32835 629035
47917 600952
32928 164761
35000 1064467
12836 715506
25459 444228
68829 205827
46084 680845
4815 759084
35414 962529
3214 637373
47878 771620
12496 762462
6031 296321
62488 738136
67337 164067
35000 1064480
51745 298053
17603 783557
58081 932655
11777 121776
54338 549226
2520 467947
68969 550066
27293 452146
44898 194185
56112 860772
6033 381051
19571 374412
35000 1064493
22603 620922
63005 539187
31587 660365
2497 300575
68013 38460
3698 210436
21 789457
68837 315600
4398 591893
66953 626164
48779 533511
16239 369246
35000 1064506
24937 936739
12853 750769
52265 529540
62246 879357
10787 478688
54514 116744
42987 824719
3232 862148
52630 136569
25205 342925
36811 887287
42057 537019
35000 1064519
3810 48436
60946 263159
67066 41278
60424 777179
4485 971151
10334 592750
69886 222529
56253 6885
27189 99068
61676 400462
22255 104594
45053 766333
35000 1064532
12047 599420
8929 722744
44477 213555
27502 624739
5592 372070
30950 126506
24516 80331
4960 45268
55631 588834
8769 891728
22134 902368
61931 834163
35000 1064545
38067 91074
13028 878005
18795 156870
33093 80301
7668 73284
12489 510535
26031 805605
9774 1288
67900 529516
51520 389970
26646 486202
1561 267131
35000 1064558
64955 690957
56008 720251
28437 677504
19957 812393
4865 398552
16929 629028
55727 809204
1521 452228
58375 268939
11810 477958
644 803419
3598 811809
35000 1064571
30224 605793
54352 868006
18888 457034
3513 117918
2360 52036
34621 561154
35174 641510
64621 154385
6619 350089
11052 340865
7750 443040
55020 571709
35000 1064584
29040 375625
4480 777757
10326 199354
57557 831380
54282 475240
9348 80012
21541 783137
30135 937346
24819 345555
5606 363131
29450 847535
1497 587685
35000 1064597
46748 266297
14251 909480
11405 974396
60319 592745
44145 56637
63304 19320
24072 677120
50992 608714
68999 37913
12144 916363
69094 903936
50842 429049
35000 1064610
66331 277546
37693 411841
26338 867799
31001 260881
50886 265859
29865 775320
55637 868829
28558 623346
45564 448676
34020 857245
62090 687531
64994 9379
35000 1064623
63783 847892
4466 3876
61555 918715
38360 578
56357 272806
34264 82771
66989 580215
19522 758124
67718 16300
64452 332432
60593 551147
62188 16778
35000 1064636
3966 699257
29241 132381
63525 675446
12716 885692
34078 232124
46633 122758
65042 132902
69647 603648
9438 364673
65399 605951
24911 236276
62818 975605
35000 1064649
13239 640755
57011 496479
51759 714427
39484 578489
69272 348362
46085 476661
11370 575065
37429 402663
27806 204084
62700 586109
49340 731697
51335 811218
35000 1064662
69795 905684
46347 397552
45879 92210
6745 342508
54240 861674
46911 427590
56684 382124
42410 98554
50826 546635
44488 174304
54664 658458
52002 97617
35000 1064675
55823 809676
63997 54341
38420 530253
52656 54921
20414 856571
39458 400090
53592 993163
69147 845238
54298 512553
28005 531894
67258 571561
37994 578228
35000 1064688
61742 348892
60447 504004
13896 352348
25760 174984
11435 238471
54750 743166
39055 691220
33253 184051
31737 963011
47938 816267
5421 259531
25715 573916
35000 1064701
63280 115607
30690 316994
13997 110406
54788 608604
16128 258612
31482 60665
19435 347597
11837 73222
24851 146148
40040 902197
21139 505749
2140 183555
35000 1064714
37952 410387
33970 960613
37262 103055
30325 149363
6401 44827
36254 983748
39973 811359
38710 263486
6003 71625
54688 263245
61206 545791
34430 848278
35000 1064727
37522 211285
55387 525237
63170 953449
64603 686620
38003 399800
30311 681812
16943 229017
63423 531765
4913 286829
67837 733686
8401 279979
19235 929039
35000 1064740
61609 592703
60498 813760
59247 480212
69461 430542
54295 783960
41708 93579
19784 726506
18282 20144
64324 37219
45252 549128
36678 341946
39242 106759
35000 1064753
22918 48743
60015 424487
14447 537817
6787 353108
30449 682669
32424 871142
35479 713894
66462 116485
27209 315307
68848 879900
63233 827770
17229 907611
35000 1064766
41864 467734
59251 403186
33766 988907
63134 222858
55833 26965
31333 37088
59931 192872
58551 686727
11333 759254
54144 515946
16350 634562
35121 328928
35000 1064779
51349 322767
61440 208004
66971 814660
11601 534561
21186 466631
69207 420233
11970 957388
38922 27832
46598 679703
36134 617864
12004 213940
45473 719264
35000 1064792
57833 213000
48244 256829
60411 259957
42454 368628
32211 263431
586 313800
8048 948888
10032 924217
10049 550005
39692 486288
13674 988035
64856 508146
35000 1064805
5890 867800
29459 799789
69563 996311
46605 213780
35953 442914
54025 777108
15282 265073
1998 592032
22114 884949
34939 526806
28127 691744
10794 921234
35000 1064818
16123 114057
3268 594270
16311 479255
17812 403305
20909 55539
5146 2811
32390 443902
62955 121960
27838 483431
995 32656
3630 61267
60182 366849
35000 1064831
23622 703530
60955 189623
40852 343872
30680 564121
15584 963037
34678 841957
56805 231187
1165 447166
60629 738821
56771 669185
32187 698634
32764 537277
35000 1064844
33379 35974
57937 18869
6569 908117
34951 516175
40312 748191
42625 986027
11078 648360
26389 932673
26908 188039
62549 911952
50663 670451
30221 546937
35000 1064857
48119 611037
9022 351858
43809 647986
4128 814616
4028 339374
17536 241479
54424 715278
33197 684761
34794 453901
48958 144366
34598 933035
61202 832899
35000 1064870
58263 650500
38422 663949
61466 250366
45651 113322
15745 427593
66667 879672
22600 153602
38268 410127
9787 561692
27579 112875
64387 268978
16312 174223
35000 1064883
3251 740222
53210 226058
1805 584888
39120 674619
4760 765911
12670 457453
15189 781243
16035 646379
53938 783908
29505 257217
62674 172768
1476 91938
35000 1064896
13971 573524
60915 704145
60074 539143
43705 444999
49039 789171
10415 587509
42144 986045
8481 857406
43123 394203
23248 730558
40170 740397
16545 278792
35000 1064909
23154 31166
10816 547405
69352 774258
37484 44158
52815 415876
11690 294869
55540 209663
38675 235150
58097 108280
16100 706719
11782 315014
50182 444372
35000 1064922
17734 335698
12503 385542
38428 411861
38754 109983
50932 847939
65799 728917
44686 248855
15849 37618
26342 636127
31957 69279
27302 951377
29199 465621
35000 1064935
55030 707905
46535 913408
3115 734201
10815 872450
8976 913512
17786 288494
53837 878210
16914 685921
50208 336613
18421 476531
49638 948990
54942 46714
35000 1064948
3758 892260
40130 526763
43914 810644
28476 862752
24071 376498
26107 880562
46519 544946
26900 203744
36269 723692
39237 633659
68753 178811
56405 904750
35000 1064961
365 782430
7654 851921
49319 320454
19189 849856
67764 793705
14018 344453
49021 863102
64057 165929
38551 185041
55014 803089
25835 885887
27600 363506
35000 1064974
1513 488465
49139 50349
39160 256440
65076 583812
3367 934857
45999 973556
41469 132932
3211 162333
5564 109959
35974 335558
34628 737344
55005 721430
35000 1064987
69513 775514
57848 875095
162 173085
9775 67662
33828 562426
32628 70027
53461 712634
17287 168431
59485 29629
8962 640156
4893 425532
45133 948992
35000 1065000
29646 856114
56034 186360
39221 96709
15272 920616
36445 923888
37724 906510
47317 359774
50321 494603
28196 198274
4289 493994
50421 48409
67397 717802
35000 1065013
41636 926883
64509 811340
59958 137198
42037 377389
44760 735407
58598 154277
34691 225027
54168 151445
33782 338484
12797 74297
50976 921707
56759 871068
35000 1065026
3160 333173
48079 581368
12946 114879
45 367592
34269 649774
58471 909093
30493 972596
43781 626376
17547 189940
19870 179835
65548 146244
37434 550595
35000 1065039
53799 752133
60532 463747
39483 345260
4683 891976
63981 547522
62290 880132
48396 282592
58518 668577
58172 805405
55650 572396
44516 993495
40603 893718
35000 1065052
6616 21115
30981 233208
69686 643701
17057 465316
46311 562187
12644 519932
29675 101783
5001 777919
12170 890740
10416 292629
6619 306156
40211 190574
35000 1065065
7363 586212
26759 614087
58799 953863
24890 306816
43713 728516
37218 106069
35793 5967
14457 123106
5922 558927
1997 752789
26193 728739
6871 920766
35000 1065078
61119 248104
8722 173749
63296 41426
50248 256269
68875 235502
50616 255865
15760 207743
6473 974795
33471 453515
29876 45521
62717 809650
2404 709914
35000 1065091
28771 59906
17055 91314
11762 24616
27180 861569
34436 874771
56035 56558
38623 83919
53379 377808
64848 229945
40656 447997
69385 947832
68799 634329
35000 1065104
5168 47206
1863 270665
26326 422443
2715 862735
59316 262505
55943 972737
382 308593
58034 743694
1263 161076
6671 275253
64982 214300
62451 426182
35000 1065117
24546 871214
16635 605274
20221 403046
61422 944396
24795 88071
42142 12066
43281 159950
49142 862842
46992 978292
21721 266651
4639 701766
52145 576696
35000 1065130
20129 382097
6237 958776
50915 431274
3237 470672
35126 998953
12251 899541
16821 619351
10995 671619
12920 426709
482 921849
45693 449856
33819 426404
35000 1065143
4036 896474
6158 764397
32005 339179
21765 763407
46232 769278
52069 992864
38329 322491
26963 855392
2968 675049
31011 702740
52742 320240
19987 297935
35000 1065156
35317 196456
1627 707503
56783 329111
21356 682651
53034 715352
1965 399777
47658 530872
46878 528602
22847 133897
10421 271963
59656 4863
18798 157596
35000 1065169
64867 782699
37918 451561
6512 379951
39224 811701
23573 6352
32293 469379
62295 568084
4104 478352
16121 496510
48954 794542
62939 592297
32457 404943
35000 1065182
68071 66482
2843 388730
20324 301347
44454 58893
31528 337316
32863 879172
10455 733433
7579 106314
67638 483089
18227 403887
14230 232914
25467 73651
35000 1065195
8718 742637
8380 372008
35383 624050
35971 141216
51131 608967
4028 325620
4904 510335
43725 241543
19169 491546
46291 921633
10885 821129
3813 205627
35000 1065208
63921 421820
2366 207726
10106 236976
22085 569703
59999 124516
9668 328418
10696 717897
50598 325540
30666 747728
66683 803602
57472 77388
17595 7633
35000 1065221
21787 321592
28592 799512
9816 795390
47100 27136
17975 36413
29295 329430
6060 629335
13815 137754
25997 83718
50923 515927
42642 363153
53148 976683
35000 1065234
52295 754211
17191 661813
66946 963065
30389 803806
19679 303388
21335 169713
37227 224720
45219 799312
17812 193827
12356 664223
57835 240713
6323 246244
35000 1065247
44783 762824
22576 609200
33087 744588
36978 486281
8814 372735
61088 558310
3472 18632
45292 931491
41331 411295
1982 909953
23766 825772
6500 484772
35000 1065260
23715 113552
61378 528590
1793 524444
15772 231098
33182 186145
46417 467675
29955 693308
58301 652464
48637 553119
59319 146635
20555 153470
42588 226505
35000 1065273
69882 872111
36930 847221
37830 82675
1281 365456
69779 432694
37496 373983
39684 26075
4946 781044
57284 926864
55082 539112
17635 318398
10038 163191
35000 1065286
10646 466809
54818 824813
45022 705852
43754 747278
66889 91056
67640 217469
25891 12506
51267 747736
36759 405670
54763 632616
61981 964359
69142 517194
35000 1065299
12462 658036
52088 56162
27624 262690
196 659061
65663 715599
56401 747312
1812 119
9855 455818
62513 325397
57238 132966
52583 942177
62958 642074
35000 1065312
10294 258260
20377 373662
60211 73977
30402 481792
67626 981909
28702 1867
54089 477332
38107 966888
13911 245037
61867 825304
16475 359361
2419 141668
35000 1065325
51759 295197
33328 624794
1976 954147
12309 961973
18869 139839
12791 581238
42847 946684
4734 685856
22159 48254
26390 960307
35346 169909
45546 264988
35000 1065338
28464 680968
2174 820433
28122 315335
64064 211967
31983 684386
44667 51406
1698 248566
57725 331946
1029 401896
19665 64184
46294 104998
40298 107671
35000 1065351
61834 535252
26229 653950
45710 454588
40843 61335
19790 635303
18138 927135
49935 850535
67534 311149
3006 906551
25306 213307
13142 699310
39057 805851
35000 1065364
55282 519294
43347 210013
37320 871202
21961 41146
3348 143096
39570 342640
54434 14877
28776 411264
51787 921734
60845 638406
63281 835644
3038 523150
35000 1065377
64335 237687
18816 58376
68089 788228
63875 688841
18081 618313
44765 268542
11725 877223
11927 941070
49596 631157
20533 72760
51073 957894
61239 116787
35000 1065390
17822 147461
9125 298584
11953 861977
53208 244546
50656 16262
51366 182379
29380 381736
52069 603151
34369 425013
12487 511066
4714 881415
38878 81404
35000 1065403
15685 336315
18609 307827
59494 55921
27818 591212
6635 289628
49547 606306
6179 568655
55996 785804
39722 18644
10585 825465
10959 833517
30304 289963
35000 1065416
4953 692991
29437 499970
55578 517504
17065 237330
19734 176535
65881 118508
56938 748029
15080 55267
54904 189100
2665 947221
69699 513234
29422 402151
35000 1065429
27667 818269
67710 847233
67099 455733
66168 964284
20774 589306
21681 48459
38022 12409
15576 272984
21336 394036
66984 788211
40694 407201
42368 277420
35000 1065442
49872 402814
13504 874133
53489 403287
40085 876076
7087 571909
53285 756087
56651 128154
35888 569346
19896 671461
69540 618716
26485 845598
17378 390712
35000 1065455
23131 347488
66841 691840
31387 557137
38477 932882
1740 239348
66850 110552
39018 764467
66301 796523
432 210236
45827 528016
65037 874288
53554 13202
35000 1065468
51228 180044
49278 620202
50339 334614
51035 489565
39670 751193
65171 617203
726 164387
74 260235
40263 618977
45285 57432
20866 11938
67344 699391
35000 1065481
58798 960328
65867 303093
54973 648341
45527 863698
42396 231788
61201 991773
22721 295684
22414 358364
23520 58689
1951 419802
24416 522038
14467 188605
35000 1065494
46446 383711
53257 954551
30122 564171
50447 265183
65022 637316
10181 754316
24078 796770
65009 136348
65026 883429
38341 988272
29525 955912
60656 677507
35000 1065507
62065 216309
56119 845779
25749 755391
39937 728695
9672 376548
17840 737786
49155 735384
20118 712257
67662 930640
51250 307176
20414 832449
6175 201651
35000 1065520
44569 551644
47603 811568
32730 818103
23630 802982
28720 851596
8295 215039
18114 839491
40679 600985
55636 958337
8368 994137
60077 754386
7617 626889
35000 1065533
52992 929892
37785 779709
24004 811420
24678 811898
41601 642822
53400 771217
27530 139581
51144 329043
39583 28984
63159 272428
25684 748195
6699 347098
35000 1065546
50674 463596
66633 693688
53730 285592
60798 659082
55570 282570
61608 503270
26648 85073
59908 839272
47817 992300
1898 516
41260 530819
7746 387583
35000 1065559
688 843287
41519 27268
24278 675887
427 176009
20678 158889
22652 8049
25907 840037
12643 611181
47728 300836
16576 507210
37453 829461
27144 571928
35000 1065572
13511 228629
20277 8663
14635 642672
51587 149214
55334 607758
56292 893919
25514 989113
15804 744299
4096 212963
43091 551519
40474 599633
28847 833601
35000 1065585
54104 518553
41912 560066
68906 815092
50549 217917
68009 247637
39370 211145
59247 15032
58860 865064
26638 357091
6811 855995
69390 54834
64240 737620
35000 1065598
11568 311597
11006 111453
59967 733334
47844 415331
30106 696938
25003 966055
16118 239827
18956 122592
1080 863667
69688 921560
32244 897215
10447 930405
35000 1065611
32584 458546
14075 240898
42552 189020
50582 741362
52813 251231
57604 179602
44885 232280
29669 699392
64124 896521
60132 784864
42568 540338
24635 205307
35000 1065624
38399 264892
53311 358938
45911 163704
68698 928434
64677 793181
11387 976087
30556 470570
36008 870082
30226 808979
67226 103551
37223 972953
7147 637401
35000 1065637
20084 548232
52205 52232
49936 634102
21914 507052
45605 288077
33398 338808
2729 90693
62898 943011
27899 31019
28302 366034
45078 492438
45939 18348
35000 1065650
3948 127284
54235 839056
22127 710815
42817 958331
18599 678603
69277 693316
14776 672858
63080 140032
57375 807119
59580 730122
27478 764568
13114 162224
35000 1065663
51750 981511
68830 120304
41408 943396
51330 749035
24506 576674
58505 995452
40802 759016
36990 749980
68210 265946
40263 661794
11127 304714
23708 158774
35000 1065676
18511 874487
33731 201863
1786 356970
63630 631395
24810 146995
13538 736094
68660 450526
3327 407368
2233 237828
65911 747116
20027 844439
29545 823898
35000 1065689
1134 643750
9627 146754
37872 379557
4047 46552
64487 559577
31042 624199
48809 445787
3765 363789
59824 399494
17567 955167
60041 318599
50075 545493
35000 1065702
25308 167583
23922 994621
45118 273081
53827 93866
60899 158342
60142 80625
9729 553310
60736 274746
7986 116463
34225 340404
32740 733559
45855 66321
35000 1065715
64251 336831
19071 278143
19642 593238
35830 760914
32066 388898
33367 887312
38090 151697
65046 822457
59578 885015
18062 646154
1699 111246
21266 425101
35000 1065728
34522 322103
859 362289
49024 824293
48773 114780
38584 768433
35250 803654
61143 678695
21542 649296
9744 337988
62675 32608
55442 480190
56914 997532
35000 1065741
5123 733152
8841 862791
49169 562273
56151 809138
51483 589197
61637 693645
22103 967270
7207 640853
6263 997637
20022 781120
30849 887482
17975 489445
35000 1065754
49894 473193
24808 419271
35662 277016
9696 63528
39370 888174
36786 112634
39133 847933
36154 428215
26383 376287
14303 33409
8583 263320
29835 580580
35000 1065767
18584 690308
68298 642106
47538 670204
48063 317776
6623 80409
49060 351467
25440 48896
1993 240325
42987 603216
37518 674888
6510 47688
23698 990664
35000 1065780
51863 863607
16464 36586
5153 56607
15073 593348
55629 492882
21195 565630
23484 928141
41131 684736
16377 906127
3945 812172
64349 665152
656 796849
35000 1065793
46126 445269
23616 964499
36468 61784
6647 292556
4116 72148
315 880661
30074 689553
53005 340805
46317 183002
49833 543233
63453 549804
61209 876551
35000 1065806
16235 522469
18637 78912
46915 763374
53403 580923
56046 192557
46132 751941
28508 977508
59182 412642
49341 870181
6079 705208
65027 385782
10139 609487
35000 1065819
1664 279827
64612 172554
19019 720966
36301 949398
36129 649542
50568 657777
22316 69215
38675 96288
66983 823868
36088 989277
54497 827015
5250 311873
35000 1065832
61228 12890
800 379975
11517 391654
9208 586367
47926 151562
62248 600437
11038 5851
45018 773455
58494 779358
7839 354187
51859 162243
16510 194777
35000 1065845
48027 885213
14486 198173
47830 328058
56535 428175
39779 670144
25642 773194
47496 37278
46970 789823
4934 468003
30798 29786
8951 298357
30627 164267
35000 1065858
9745 120613
19166 958671
46029 803966
48510 569672
66187 128804
16189 352090
10482 427305
46613 555914
25194 143191
38389 504698
66995 705180
10629 502212
35000 1065871
47585 987299
6799 8189
16080 498667
58954 581316
7309 106850
59140 58538
18651 261332
16618 653205
32467 901365
53592 843003
11326 682559
67500 789136
35000 1065884
22425 827825
28650 395215
1195 995433
43020 276689
29433 758842
351 103897
34985 580842
64101 655464
30419 606419
48847 12829
31910 728240
8950 57151
35000 1065897
8298 870587
12950 917787
51875 230214
47260 416248
57430 668678
14869 882887
33216 730448
39704 152328
33086 359112
55595 661334
15487 535881
29887 682284
35000 1065910
21931 391227
5776 253829
52821 867115
43499 112496
16329 227983
22508 276632
48229 169388
26556 385173
36309 502897
20251 27837
54255 264302
16899 484003
35000 1065923
10591 159684
64881 284052
55668 764369
21457 987823
36048 986597
58944 264264
22173 682895
20925 954731
5972 369354
27650 31260
34173 8760
52330 586508
35000 1065936
27978 703421
21394 722070
12524 549213
21324 447962
41455 338631
57480 523301
57725 163100
59010 725451
6617 285240
3655 269646
63150 682927
28464 777179
35000 1065949
56933 400353
42680 882938
13301 364977
8729 360110
46895 427088
57861 264438
61927 721759
68689 535723
7880 617427
20445 492291
44104 642048
38152 543684
35000 1065962
34297 226278
67285 77709
59718 410678
12956 629522
27416 820505
37210 568031
65645 730839
3003 556314
57748 318853
8771 276665
32714 441718
24445 936040
35000 1065975
35062 836901
6550 250719
26189 921760
53609 179013
49188 984654
22482 424907
31044 504765
27729 265974
47883 200574
48145 911866
46289 467102
35039 442068
35000 1065988
41807 269972
39264 81250
60636 886853
69021 999548
45271 904703
1151 936691
11478 838716
22586 950111
3888 61342
8218 210118
56117 873103
16365 227037
35000 1066001
69197 344516
16588 277876
20200 373982
48250 622920
11269 216844
35034 352091
28710 777875
32608 840601
51168 740766
40049 893631
61883 833471
13510 189662
35000 1066014
34186 834328
23437 133546
4792 453916
8793 617174
41142 398578
66904 416644
63018 711632
52488 658089
37657 992275
21642 50009
57862 384618
640 365300
35000 1066027
58420 213448
22056 158181
6640 881750
38643 148023
23937 920432
10949 776065
17668 174679
49964 248454
24455 286275
9081 708722
21667 487616
42527 39878
35000 1066040
46381 854892
44706 364550
26827 364592
68961 372020
55737 162134
25264 904304
6840 311259
50908 808216
14620 76348
13707 559441
3605 850543
63791 274195
35000 1066053
68977 820550
57013 720319
16195 494822
46989 495377
22144 406326
26698 499360
22213 762665
1770 717152
20321 917529
6183 634773
16293 445473
38636 96121
35000 1066066
40178 358445
52510 167866
59315 656807
56369 29457
50118 388470
61431 864817
24909 72060
489 922354
2664 325485
1653 894749
41048 228804
24586 566595
35000 1066079
38938 39874
29468 927741
55414 603059
26222 659869
36530 147783
51630 64439
60188 337987
21232 219377
6710 160862
16179 615123
12734 863037
29843 871522
35000 1066092
1902 894860
34867 240608
38805 104901
1778 196433
33891 935179
31949 451766
37563 720908
12005 290105
30706 250223
5094 921055
25947 206406
3445 707684
35000 1066105
61410 710495
60585 932468
37970 705864
63686 510149
2204 567816
31712 776255
20318 648520
36915 935985
59994 959738
25453 337264
9944 813689
8318 637839
35000 1066118
40372 382866
12137 635880
44745 418692
44022 186533
24633 214808
48616 578584
36695 309794
6932 782420
55534 67116
8782 939747
16750 142552
52518 231905
35000 1066131
9352 295982
28347 434408
52336 108564
68804 200127
13011 925629
15672 459214
17429 824685
20606 759063
41601 104731
6265 387205
41010 843340
40111 83781
35000 1066144
4670 359188
60761 246623
18307 351942
38532 83888
57346 849978
30309 512390
3857 760309
54250 418473
30990 133422
49503 201111
21681 308146
45151 308263
35000 1066157
36190 688896
15138 116037
41435 864496
29403 775606
61974 474280
41544 556331
26494 150705
47793 231314
17506 833277
22915 78944
37575 264089
5871 371377
35000 1066170
51684 307206
7951 92258
65520 155258
45469 803047
26630 145776
47283 915376
60363 732156
33194 183320
10066 679838
66879 931314
52529 494598
15631 297127
35000 1066183
15680 202060
59516 933473
23400 396395
14601 446558
15094 964910
41210 419432
61228 20090
42003 225048
39084 405266
49090 826439
49182 311029
18379 874157
35000 1066196
12363 428096
37810 775333
68580 768681
13362 230351
16888 977781
42187 519578
12217 955240
7835 735805
32045 852746
53907 95137
6332 218605
24942 531608
35000 1066209
28573 728307
68595 925257
32036 114383
10411 460846
59340 491676
8224 179402
4446 481918
15307 163571
27300 882860
65580 517755
3518 931417
69995 53542
35000 1066222
6387 228367
69145 950500
57351 482212
1527 328576
48074 183105
39543 674820
17751 270534
42849 988216
4989 189972
22058 80607
41514 286354
432 102481
35000 1066235
17181 252456
38314 584804
1879 509796
22900 484251
59281 28101
50271 804421
19375 114577
8049 665114
32082 89930
23541 226633
19358 194480
22634 851526
35000 1066248
52932 762897
35335 661397
5562 713707
13697 422220
22849 150184
41472 193116
26428 190452
7957 196927
21372 996518
42523 743641
10340 504776
22236 124565
35000 1066261
17350 217746
64247 827060
13157 332933
32217 691050
19451 267221
44547 409980
58164 983036
45176 713383
24515 668864
22456 800968
69833 594653
53890 205847
35000 1066274
65745 329723
69257 858799
13567 23051
54104 868782
61474 265285
37625 333893
7079 731735
50386 854059
30653 259175
21021 291415
61309 113966
35887 587117
35000 1066287
28644 194937
23309 356554
23048 751293
19335 926715
4991 92150
19008 306662
35786 478022
48815 454694
62362 666812
6503 824088
58349 964397
30981 493147
35000 1066300
46740 666469
22172 120033
41156 64235
65665 413728
1420 114073
31595 64596
3955 463942
53927 615807
6357 59863
45410 463220
14691 811393
54123 718882
35000 1066313
50068 146885
5947 163796
26087 884180
30187 661643
14840 321233
36576 442368
4071 539309
1443 989512
45729 897017
24627 151150
43167 783517
50506 116721
35000 1066326
61423 236750
18606 936385
6022 621176
28834 22775
38893 506452
68773 237513
19965 450332
1103 315103
52870 644041
55934 260327
57333 261772
6136 435999
35000 1066339
4000 338608
68647 918057
26383 362160
27355 832230
26595 22107
10008 277766
35465 721249
57904 835109
62266 226049
7752 196820
53609 116268
36467 629783
35000 1066352
8636 405774
10931 425622
59258 453432
53275 133563
17704 339285
55409 543552
35484 955907
11681 3545
10862 216228
63363 487171
55396 384457
61995 531963
35000 1066365
30851 102611
7728 70262
13936 935776
36368 645000
55397 770899
45861 26068
53692 605930
24723 365974
13566 509730
68835 107762
11623 4124
21830 543173
35000 1066378
45494 477900
49765 55505
58846 37881
64144 825899
57054 775018
28180 152572
13921 929195
56766 521846
22319 825692
46641 145157
38814 976355
59524 856038
35000 1066391
41779 637254
62564 874783
44638 220793
17791 900892
33438 285301
32648 376786
69553 229107
26164 595491
17060 867903
67680 593928
31548 34771
63455 467085
35000 1066404
42019 887351
6503 972793
25492 19215
56265 102286
52448 915748
27447 422021
38599 550819
55559 349725
36271 444325
25129 756210
21325 156853
47314 36322
35000 1066417
32873 995527
29541 738980
59739 567996
6976 189632
1580 13530
62228 626694
54844 463560
22607 996728
35673 486236
52121 145507
10266 320417
48543 454841
35000 1066430
22152 907530
37849 624270
55328 783862
31135 573610
35832 446099
57152 422672
4922 802866
61796 185252
27219 617166
7844 302534
54971 740825
15841 152270
35000 1066443
5904 896633
47076 417973
25002 831706
22117 761541
40900 725443
7845 271970
56516 153214
53837 554700
12341 480052
35163 366359
2727 342416
65107 125282
35000 1066456
21487 19754
14960 441062
66088 943138
37514 991404
30507 188012
43553 875099
37186 41814
6809 744988
47377 615975
5026 627223
19580 84317
1033 793538
35000 1066469
14986 631026
64358 982654
42088 545695
64484 21055
19143 905303
16774 502020
56935 595749
42196 502684
38556 651081
4147 536361
39876 921334
65655 706512
35000 1066482
56913 786321
47668 245906
5644 620981
60492 317349
47077 369101
61044 603543
38914 326277
55591 360882
13023 936479
57078 315616
68639 106960
61315 278897
35000 1066495
712 348691
7966 35047
39426 35649
22955 358452
28992 477160
69671 216104
26014 598958
11758 883533
32647 736355
14713 890912
1004 858923
63929 42436
35000 1066508
46440 848091
5129 549059
22260 956852
49975 381076
68677 46852
10390 631893
33853 477034
60056 586889
24700 786847
17927 164701
23500 851321
33060 726328
35000 1066521
23101 336908
28268 247907
50898 141232
7553 878537
32648 18193
4173 112913
60799 32818
4967 690330
28980 45711
27649 860394
39089 493086
54630 326047
35000 1066534
28919 921913
65290 694250
23177 309938
14077 468797
63012 412683
64784 661953
20446 411621
60391 804737
51110 981074
3697 162506
16480 665426
6068 892712
35000 1066547
21867 201657
31085 340850
11500 563140
68501 763834
54924 63941
62968 957153
53607 903909
6938 592968
7607 462038
54574 692755
36242 242581
30765 6846
35000 1066560
65213 361264
21193 341951
47917 850401
118 704635
34914 164396
50167 425948
46275 240010
27925 178495
46546 639501
54228 851796
20510 288136
30818 795313
35000 1066573
21677 385677
23435 201799
1884 311458
42023 754540
67955 452737
29008 459560
41665 552625
64390 583311
18553 816205
16309 709682
33811 873349
16032 460889
35000 1066586
31850 527788
10983 834171
40862 998954
13523 220059
36082 303473
36317 207172
52482 944252
49286 280777
3870 271965
31256 890984
46133 988464
12688 298894
35000 1066599
9519 882719
21036 964149
25007 365976
39328 461164
36956 686685
13974 792284
1787 344833
63389 482330
23486 340819
24164 882883
9204 359296
18806 349617
35000 1066612
32071 869632
14309 258454
66212 860450
46102 306482
2319 330668
2247 830924
56877 897833
43917 174719
39318 44428
67960 797698
37243 868341
37822 296218
35000 1066625
54283 277395
62185 729944
43916 804171
9835 218354
11527 556980
26838 750300
35451 924910
15867 942661
41834 841070
46014 974842
12495 537500
68436 971140
35000 1066638
19872 800426
59320 658990
63384 539570
59284 218569
42653 433505
32903 475101
42168 408588
41368 197684
55277 468689
40837 381361
53931 438056
47988 337801
35000 1066651
50731 201171
51504 482768
57707 840172
236 261477
13045 788262
9696 808309
35168 732589
58144 56425
15444 891853
2851 770966
41548 662163
22060 459414
35000 1066664
69872 489806
28153 633792
10051 462422
65788 891519
29309 17868
32553 954516
11816 134079
6733 230912
48016 321903
38797 177411
57515 992388
38139 867286
35000 1066677
15406 870259
34249 588329
40168 253661
39835 430066
56717 334160
24269 113813
5307 456397
36938 122796
5701 707034
50550 293041
61002 128531
18026 970866
35000 1066690
10749 541108
59346 844593
56282 270937
48791 15228
61824 173781
27913 893782
54012 833348
35420 886107
30306 657660
54590 1922
13953 456358
44536 538572
35000 1066703
22124 768837
36669 244022
30061 536863
69882 164441
2902 326330
28768 908896
20178 9765
71 706812
67794 599781
59457 654320
27174 617597
67425 494506
35000 1066716
67687 509313
55255 40014
55646 128346
38426 324301
32932 205505
49967 736863
31408 290662
19394 756252
39873 928217
24232 440893
32554 641667
27374 805661
35000 1066729
55740 446255
41784 361422
56507 275648
2664 827336
37785 331117
5797 34418
10526 719940
11303 366118
58071 482656
30058 269458
2580 420771
56376 807324
35000 1066742
19158 117038
69330 743804
44045 204536
50917 17984
23176 748716
38923 863332
2452 503952
959 946907
42216 760009
35708 44429
16345 531234
587 24481
35000 1066755
7642 861667
21967 919820
18798 723226
22800 312404
10503 881911
29508 967354
47074 67578
62713 701267
8 51977
1333 399494
36200 628963
69362 622045
35000 1066768
4373 607887
10676 561257
61393 157782
2880 112550
53074 779357
30123 831864
26010 380287
47455 167146
30476 242606
1132 438259
2255 827118
5589 572425
35000 1066781
39469 966714
55128 842250
44118 324161
10001 295688
45483 887543
69536 377089
53474 864320
48647 324740
47236 120460
45020 708241
27893 109760
2514 137338
35000 1066794
63955 339820
50714 354491
14233 941655
8829 161187
43628 636150
59782 708500
147 881707
18472 224156
50664 828452
51880 668373
46798 742073
23769 73476
35000 1066807
21712 516628
63473 958522
20790 116256
17567 40068
48721 612879
38541 627542
38957 17935
26660 258252
22771 492083
2489 269054
40999 760633
53805 539656
35000 1066820
27260 172604
140 249132
38673 74668
15277 343045
26874 237834
1489 171846
36193 811494
23295 385473
44049 347171
68854 367765
34913 827410
4113 596543
35000 1066833
32425 806553
48466 707551
30295 629078
32513 238194
24342 119939
16162 244904
52787 106725
27960 233665
8562 464220
39146 184366
22638 118637
7017 860679
35000 1066846
39154 51777
40601 413459
11434 921156
9564 618045
39108 785293
66796 931955
48664 770663
28203 48008
41772 173010
85 629151
31768 568094
42850 943595
35000 1066859
26982 704276
38192 635827
15580 249310
12174 510522
53167 610291
49465 236610
8463 359117
48125 495901
15044 557820
7667 256974
41394 286930
49473 690475
35000 1066872
26388 995388
41324 640166
42152 388352
60194 580712
27806 220176
6270 677005
43733 425947
22883 922486
64904 844763
67758 879926
48738 684545
44287 813040
35000 1066885
40608 129865
61214 697099
24140 277611
15896 953811
61163 592040
8536 618573
28730 632
59081 717429
26936 653360
21362 610684
13129 76445
65364 308638
35000 1066898
25968 921723
51616 418344
45828 416860
49615 383658
45256 325271
3859 234731
1289 135904
36692 308111
17933 99570
26978 226045
39201 168969
6287 303335
35000 1066911
32710 374051
8585 859370
53165 298817
27662 458019
60323 434303
67594 966163
49717 855780
53247 957997
1811 747882
69716 557926
32920 971391
46044 933100
35000 1066924
37170 466823
64680 438311
54829 729761
13535 123305
26456 560698
7561 802818
18484 252422
38064 204474
12547 62644
38594 99170
568 399033
3662 187916
35000 1066937
47637 116229
45490 566695
63148 146289
59346 507032
34241 192840
38373 542071
31028 764380
46657 748818
58986 991770
15754 858876
28058 292445
40835 564194
35000 1066950
68883 402666
35553 36483
17597 665360
5514 598901
54929 752622
25235 577796
34934 319416
9783 587587
24711 841565
26219 560570
50962 107743
35353 247007
35000 1066963
26269 16516
3382 150164
20731 254350
44377 711864
54538 336849
42366 497895
64812 297833
25899 286185
28266 336660
44123 77187
63337 522189
36945 839057
35000 1066976
63348 8962
24739 531357
63937 257859
32882 440120
25068 553452
15136 547642
23474 207287
57119 860250
3842 615294
60494 455772
47989 69912
59614 725481
35000 1066989
3251 272597
6028 700647
15970 394197
23702 255516
58117 807891
39580 919026
33409 746084
42762 996371
52452 753419
63657 10172
21278 411859
7974 737028
35000 1067002
13543 479281
18265 865118
29272 501425
53514 484413
21037 914380
35264 958994
63997 453476
25546 112762
58155 682993
48264 527445
57491 37759
15027 291283
35000 1067015
66534 897162
27645 914466
53061 810256
25151 26171
3633 918834
29969 819757
53689 583390
40430 483523
47380 792760
15478 422874
54126 849416
50986 231426
35000 1067028
42624 671684
49315 432810
3553 716725
35587 876101
23557 937154
57935 954640
9930 870412
34879 762574
20706 829463
45046 171825
58010 884759
44794 243758
35000 1067041
20724 79688
44679 773498
42944 249416
46699 185799
2397 586046
24757 483117
35540 264677
34951 423586
59222 736811
65891 361603
39424 756441
26407 817468
35000 1067054
53181 7407
32736 87271
3165 287774
39712 823709
59347 535896
69372 412021
33733 640192
6932 167089
283 441095
64449 373973
51856 756498
13056 691217
35000 1067067
10213 405190
41081 558643
26488 233769
46070 434818
1508 925142
15812 847246
35318 794726
20842 111990
46492 347917
42715 693784
22729 941775
45013 601034
35000 1067080
7368 56411
25146 56369
28674 336905
39143 912360
28787 946426
26946 383279
59515 933099
3870 981548
49732 83115
31529 280756
33484 86206
24946 580538
35000 1067093
14491 875432
14188 210123
22282 821287
64836 620538
5669 428280
48525 947325
15135 59757
67609 828343
36617 478164
52947 318689
31004 328710
8579 727197
35000 1067106
31486 674699
54506 661885
37429 368360
58457 733831
47880 562096
13158 909751
61926 694481
12780 786460
45536 7838
62297 76330
18712 290908
11939 180538
35000 1067119
62711 896576
60306 677309
19243 490320
50078 537982
66941 476083
39515 372378
41960 287212
16506 505851
37721 571597
46738 320593
30129 975927
14234 24882
35000 1067132
13901 556290
18308 166648
31565 343938
6424 114446
47222 633015
65862 936049
1450 471078
2691 556381
48617 122588
7801 623825
34188 160785
37585 658418
35000 1067145
56468 858889
49793 68023
12974 942936
41288 687874
15144 779855
39245 514169
53839 991321
13258 866073
63609 501536
31561 741725
20409 757395
53506 474306
35000 1067158
55318 137383
6358 814006
51825 596678
2651 235174
68396 751350
24575 242362
44544 233551
22054 637768
44876 528372
46812 945740
66345 689368
7536 403380
35000 1067171
45701 238570
41725 423589
40644 938042
41711 106936
52881 767541
61875 89980
24546 775370
38130 559892
39291 494974
46138 169920
27544 547475
46276 491231
35000 1067184
25226 885805
22450 961429
10715 726655
62284 552826
28626 184913
6523 750879
50963 389228
69132 651506
16754 91237
34699 815096
56739 329859
5139 953284
35000 1067197
6344 941122
15251 22531
55396 115908
52603 422827
42977 98800
17071 478463
4040 527696
30227 687021
33637 395458
69396 203612
67320 300715
37480 891328
35000 1067210
67773 233786
6627 529284
49024 525236
1057 253856
52146 682163
16722 442761
43165 340275
49529 593015
32831 981510
39191 165089
20286 196221
33094 650754
35000 1067223
10656 81833
60176 327129
47356 817767
60338 359638
13427 456454
44565 135207
26087 643036
1400 542324
44585 381292
64167 101786
1528 878015
1666 278725
35000 1067236
51670 839331
30751 38223
17512 198396
41206 662998
65552 495592
68585 553727
67646 344045
2891 887975
12406 139913
27061 496282
17710 108412
2103 817076
35000 1067249
12216 376927
34606 547867
10094 430154
19929 836960
32138 472416
55116 594093
47284 379616
50615 949005
41994 971248
64967 44851
63651 63077
4273 493268
35000 1067262
51142 542957
54894 617840
1242 161245
57685 537729
1272 122949
67429 37028
17903 43070
54920 88500
11933 606992
5730 956078
55417 346830
31771 269593
35000 1067275
18832 485385
24370 919570
30020 198475
25166 188341
8700 756959
65809 12381
12650 678263
29445 470201
28173 862384
28637 22068
32441 665500
61068 627821
35000 1067288
27967 138125
64644 543045
67745 451468
34515 143909
67112 822
22436 105466
29483 115398
55829 137189
13379 980288
4505 375335
21481 980178
14711 362473
35000 1067301
24391 160689
16475 1418
30310 377138
32696 939538
17057 814834
24657 79875
38445 513895
65052 838807
13390 533591
5400 920978
68063 938620
47817 277951
35000 1067314
4399 232144
59451 85435
33778 509674
16815 23481
18453 731040
42688 98785
77 531073
49782 436462
55329 167853
57247 103505
11254 865506
64794 859388
35000 1067327
19658 118198
38948 392695
29607 956556
36766 417774
14358 585393
48677 303269
30025 346774
6821 325118
40147 622199
10839 494395
30086 626225
53804 328854
35000 1067340
68760 869548
62608 916964
33832 131834
34416 296319
69509 553027
26752 414211
64584 344483
7533 624098
13765 975857
55913 154285
68177 429574
25588 998564
35000 1067353
61562 559922
30275 101943
43290 970508
37257 855166
44599 279838
48289 619345
2755 233408
62652 463902
46085 213459
15720 62814
15124 155985
43622 569333
35000 1067366
66699 811100
42168 523290
34629 300948
43607 822902
66871 622121
57488 450736
46555 384308
15027 591123
36204 206229
31980 41759
12149 930351
41815 471886
35000 1067379
56337 295403
30337 253927
22200 906496
64903 477903
42523 471487
49155 980493
61294 427516
12579 486740
68473 637068
67123 614629
30057 106397
39588 873057
35000 1067392
58293 722057
42893 36119
46119 508603
68455 711907
30392 269191
5582 671926
36918 623119
66197 993546
6218 888518
6488 256793
25209 50295
44361 80041
35000 1067405
11806 514516
52767 655204
25615 500521
22800 930584
36166 752197
48722 719609
6027 601779
38102 506979
33150 556995
56805 214175
56840 895426
19851 239821
35000 1067418
69060 756188
53894 180070
59145 384648
40440 74966
24293 497972
29660 319939
11935 237827
5304 595592
48141 408386
16931 562674
36621 181405
47540 235215
35000 1067431
30787 499057
25288 233397
4903 796516
39890 867182
33228 549411
43028 307690
69851 298183
46637 250039
46624 229924
42137 55358
4796 262774
33914 364562
35000 1067444
30922 526743
20281 343617
21525 165396
5657 259975
53083 263263
47439 935419
41333 917716
39535 865501
15291 76868
13617 261853
66164 82375
35400 776070
35000 1067457
33189 543320
38615 331820
41827 381689
42792 67317
30570 605407
21160 570047
31575 840033
18895 281886
57085 404163
44401 295315
63052 267192
7975 69852
35000 1067470
14566 272371
5221 88487
566 450224
57153 990566
51398 329217
2880 168456
50293 557420
15248 346393
40522 56168
45219 720097
46678 16008
61347 481195
35000 1067483
66563 333810
29001 274670
30897 986429
66439 876894
64096 182459
12474 218277
6471 459824
346 228637
60241 720000
36344 486170
29278 449486
55544 562267
35000 1067496
50890 10929
16983 283456
34159 813171
59563 509344
55502 168631
24148 790309
43313 632321
56841 907798
1831 965940
29770 23990
10122 364455
25765 63640
35000 1067509
9607 70318
34457 504805
66652 865393
19005 925213
69715 256009
52568 720732
19873 987471
22157 187846
23869 181627
2292 928007
11796 481219
63796 640704
35000 1067522
6005 564036
33413 910748
52695 97296
65024 665198
47160 491618
14898 465597
27256 299308
25769 399723
32875 597459
39199 102778
17104 593365
51756 380386
35000 1067535
20573 241503
14426 191547
52747 354020
4293 633352
18007 183738
61017 873795
60468 887005
60833 321098
18375 176298
45283 183982
15217 193793
33626 624987
35000 1067548
47419 780640
14933 727972
5714 896149
8572 697069
62796 625633
57280 461207
11230 245103
23821 970465
40022 173926
13859 912823
57878 699485
47907 609570
35000 1067561
63300 698014
42825 946763
21161 45244
59666 140356
47304 590879
16702 804572
50119 655307
33509 220788
38891 432463
11993 290203
11076 359320
14528 346553
35000 1067574
58313 326603
31749 149517
5906 637125
21506 112343
3023 7979
63668 631232
55113 217570
24589 198165
28643 913605
54636 403031
56744 469567
42868 995218
35000 1067587
65794 706229
1603 258634
53032 751734
1262 160800
24024 636397
16977 667090
5879 739641
40567 277213
60712 179026
44253 334250
40796 935087
33278 218319
35000 1067600
29593 244418
8156 779202
35190 835338
48619 70382
2829 182667
28836 611741
67499 520794
11378 807165
29080 857232
61870 537887
39406 988477
50829 233974
35000 1067613
28902 622627
49457 79451
50795 651256
37704 879804
44329 705391
34215 257300
44514 650574
11326 503045
63998 619410
58251 153791
27420 851951
5847 106651
35000 1067626
29167 940767
63616 398164
56476 633889
62578 526120
21647 838866
19179 359244
14643 223637
4439 428740
32548 310533
50320 184256
44676 720721
58869 185236
35000 1067639
42337 553421
53753 595108
65462 501778
65424 308461
38876 780847
36015 569863
35978 718069
65674 149411
1995 35300
6596 983204
50559 556045
64696 755076
35000 1067652
47372 559663
65337 91937
34395 208902
69214 125625
50751 195318
5657 157015
31541 855901
38263 313701
38289 813905
17745 429192
66936 426686
66611 149715
35000 1067665
8595 951915
62062 405877
53525 165425
8360 729047
5153 821283
62971 449789
44882 787764
59169 611202
33665 708158
7017 155448
62781 187499
12448 108076
35000 1067678
53589 87603
26041 515109
37062 285281
68321 68075
61924 737388
31374 781356
55232 42997
26139 346394
16666 865518
26946 898251
59869 463106
19254 576678
35000 1067691
19871 742017
9083 619924
67619 142265
53736 41600
36863 520023
35395 354725
58048 639521
5097 234881
20719 601484
10739 969985
17917 43045
48035 812466
35000 1067704
25686 288075
62597 801095
26511 152427
22099 877679
20131 812659
49659 161700
5425 2924
69535 523888
51930 504601
63614 393389
6785 530079
22508 102340
35000 1067717
42028 632059
57288 536428
21333 200307
62394 778884
10582 254677
53586 924272
26684 252512
34355 376838
64163 893362
47815 525540
23810 624010
11711 842406
35000 1067730
33755 69225
3478 130345
6314 193376
59926 937204
4571 298488
83 523744
6817 267360
36555 497007
4178 601407
43290 771656
27359 640604
25130 257357
35000 1067743
11672 929400
10914 638093
52951 181135
51622 796834
16970 273859
13958 634586
61327 542584
35260 690743
52784 265062
30029 580017
19928 403232
65961 688553
35000 1067756
63649 789671
46852 21728
66637 120969
13927 755574
31784 564507
29412 726337
50567 336883
14100 251998
1546 589835
11489 342847
57361 499037
43295 629193
35000 1067769
67103 434128
657 46719
9754 19537
837 942159
54476 602347
65864 183008
61734 297080
13007 127473
3775 552520
48285 958659
50591 636960
64572 567893
35000 1067782
38528 59022
8164 947353
67878 529201
4344 778763
69768 476461
68891 110418
61957 289667
12344 5309
55514 174937
57886 393038
1578 221384
42757 934214
35000 1067795
48689 744503
27558 934077
65925 347096
28986 959046
38898 105282
9384 146235
40344 617628
57528 471248
45441 917727
55155 527275
66572 425219
36521 503879
35000 1067808
24884 447327
53856 609603
17486 135145
21762 100111
3728 450477
56916 822732
43861 282805
49513 227269
20057 217658
66778 543850
8811 412876
34648 809863
35000 1067821
4182 584345
68421 654268
64576 521732
14874 349606
54283 248971
46691 991707
1046 591177
7634 16089
33711 513929
53458 953066
66375 453226
7538 383851
35000 1067834
31334 321466
34739 367992
35896 868957
30061 325684
25947 879370
27739 137274
63908 772618
22560 617148
11498 290116
40626 736558
27549 749628
60538 318875
35000 1067847
38792 887407
54905 188928
37535 639308
47736 467606
43136 422018
11123 488214
33815 440739
38870 272062
11581 458301
47750 314303
5182 312427
65107 752148
35000 1067860
25746 181079
28527 985767
7859 701075
61405 718887
3819 714001
57402 956027
62088 73200
1295 431906
50316 188735
46465 133332
46931 528667
18154 97965
35000 1067873
10330 965056
67181 651564
45044 776919
26461 372591
68416 630882
38375 45379
13122 479803
43008 260043
46017 739318
47049 853438
49286 47172
2149 377047
35000 1067886
21562 637994
32646 62295
50314 6525
15415 990435
738 471942
66571 257355
53371 640836
51678 553185
46760 356559
35057 104095
55459 974688
52456 813199
35000 1067899
69797 720900
19163 531396
22248 547842
40052 752077
60801 576394
22094 772406
647 820841
39821 856047
63430 476608
49973 593699
44090 109278
29247 815503
35000 1067912
9162 907942
33343 377482
44185 244467
11047 964602
58557 219161
67310 810177
53485 798611
36483 3190
3694 431630
16207 494054
23231 327477
14225 622406
35000 1067925
66404 258305
480 936908
11366 67396
42179 987291
25063 752517
7011 59490
60822 468411
11798 713159
64991 510352
17517 219158
32390 470389
37528 762311
35000 1067938
5330 909813
53439 679018
50014 314670
52448 138877
52327 33721
63157 110368
40171 82716
20788 208926
38791 533933
19518 467847
30826 653686
843 775084
35000 1067951
25080 546645
47792 545743
12103 1091
16485 304019
63510 314768
20256 486268
31535 52647
19281 975280
54273 588412
9303 719756
54879 89106
22983 972041
35000 1067964
13015 761277
44252 392652
53449 377030
7927 225060
36648 748277
68360 529969
243 465046
47286 635893
44952 841413
29189 862700
18054 602949
35613 292186
35000 1067977
41718 526616
21752 800047
10884 607701
42125 40192
9795 981959
66505 611734
68668 638285
54989 550653
30018 127623
6233 875361
66287 643571
31971 383508
35000 1067990
7413 763283
40521 872721
60363 434931
41770 946182
38835 942172
41415 161086
39048 679376
50091 54431
29045 367429
38801 290466
16304 314667
34834 7758
35000 1068003
7492 545952
7395 611652
30405 592045
40842 467741
65796 839885
68980 997399
40629 18018
29066 300588
57196 538583
41861 877002
26676 284929
58473 151008
35000 1068016
29909 616997
41156 734068
37587 886826
47165 124566
28656 193108
41801 238772
2722 691374
3776 934596
54107 334877
69027 260570
53575 357022
32180 178973
35000 1068029
43282 135585
39438 248709
32487 314158
37479 446125
48590 903707
56092 331817
49336 493520
62491 680193
18698 720848
38026 511057
25742 556887
55650 668081
35000 1068042
65644 613360
32162 426371
54873 913818
58009 492832
9658 478895
2098 920880
15625 371315
35476 376640
38012 964944
2214 558360
39914 531316
8138 710430
35000 1068055
47990 567275
33988 313758
34338 673938
65821 468689
978 546699
1607 848002
48948 548565
7067 449611
23827 466386
20920 930158
26531 102959
41219 701091
35000 1068068
58741 134459
35030 4982
9721 167649
55228 422839
63826 222473
17823 139715
57954 766614
36286 446256
50304 345750
29453 245114
15635 157519
56454 900158
35000 1068081
47358 401237
15051 739092
17354 487832
57127 14474
46185 567981
61061 25087
26032 670611
3495 616377
5546 772404
20451 800241
54584 223214
34553 626035
35000 1068094
21623 238457
54077 973397
51749 489834
10813 568346
1612 744701
8116 94014
11407 955453
40574 561934
34724 299142
61843 617395
27720 640943
34158 783453
35000 1068107
69696 46666
65461 376283
23330 518232
8219 345153
17147 990086
36785 894281
45362 156835
11909 528883
40367 116498
19340 642451
5108 238787
62575 10493
35000 1068120
13475 277186
27577 361834
31547 473373
31800 146763
29544 748636
15117 124566
16820 41497
64487 997326
63392 161768
60474 566939
61630 547193
13943 807301
35000 1068133
24889 103994
28378 49149
19533 518456
7069 498345
42921 517281
47339 704272
33589 918286
38789 176098
69890 421255
69693 610252
31945 325319
59130 778319
35000 1068146
2828 872151
37202 340636
18246 735146
34955 797448
68484 806477
65214 152902
32172 676329
28716 982956
65487 338263
23301 435431
45914 915242
53828 960918
35000 1068159
40782 14920
11795 77039
11001 562944
27482 743884
46865 359610
51653 34221
57984 483679
28688 482704
51698 667717
9583 720169
49969 711705
24703 920322
35000 1068172
53597 914007
36823 895804
3416 674522
53477 667892
31803 864735
33165 512444
28155 276823
32053 120857
31086 173757
63988 797569
18929 274882
46585 194306
35000 1068185
29378 211048
24016 94877
473 633982
39139 517228
30991 253273
40 381866
15616 576233
64501 639694
38596 22052
15277 471464
68394 948818
63820 616938
35000 1068198
19972 597425
2265 65105
42942 329177
68372 610935
62381 2900
58924 564262
32837 30229
46621 295354
27390 851523
20962 894099
9631 32681
49290 892326
35000 1068211
38012 598601
11157 625134
5175 846700
46887 277533
8795 458046
32564 513749
42211 437115
59311 264067
38901 127533
45346 317368
586 613237
69888 36363
35000 1068224
15532 751864
5206 176334
15962 725445
51169 446874
25958 682144
54506 422790
62604 344356
58154 466570
875 799540
14679 80767
47158 441636
6513 960752
35000 1068237
8517 512870
14554 942422
46024 932950
42121 350755
36653 871333
66907 765613
42340 629263
49415 542302
54206 102459
3215 75236
65183 646551
62404 622268
35000 1068250
5870 412298
22680 227222
45440 267116
66751 984474
64649 371230
45522 432217
17244 729584
55924 227001
4329 753185
61465 98060
48766 867473
11226 314002
35000 1068263
648 100389
44372 430806
63997 932677
2336 206714
67472 388126
29946 538705
53650 414161
66123 946770
23601 426105
51745 308754
17049 288185
66644 924926
35000 1068276
38367 819980
61505 642727
28130 740661
63866 987377
53469 528070
46637 80466
12341 911057
9124 528324
21194 549311
53715 284921
15319 877081
49024 84539
35000 1068289
23593 584884
35228 129430
30535 690789
23315 364701
17999 911889
55380 259625
46696 39817
57757 957648
64949 145522
3954 725657
30229 279423
52131 355373
35000 1068302
25001 726652
46390 557149
67742 641613
9402 851061
51319 720014
21670 343438
25838 177250
8542 331040
5794 205198
39051 461989
35096 98980
31056 808477
35000 1068315
9346 167447
9007 789432
41341 610939
55753 452578
50507 454410
17117 705966
68061 354999
61804 229826
66520 367016
12280 756215
25503 502523
27514 662522
35000 1068328
15085 539656
61255 786069
38949 510322
4069 921456
17829 771367
59674 423079
22138 711397
9451 784395
24914 802137
40266 420767
17538 563632
61741 584198
35000 1068341
10310 681427
7618 703315
10970 888340
44357 307647
19084 672131
300 714267
57499 139357
42545 182615
46893 251009
24987 28496
20201 617958
12839 11159
35000 1068354
69723 398500
13877 871641
30050 692533
62393 469498
18162 588949
61786 982945
14749 340440
66910 92429
24649 950615
1797 562389
27345 724531
38312 229012
35000 1068367
38540 488651
50026 713659
37900 92361
55705 107699
19547 462481
45999 500533
42476 139001
7299 545507
48138 385156
40468 147826
66628 296959
45477 800377
35000 1068380
4912 306053
19720 498763
52682 108053
39496 3617
58947 124724
38134 667586
31695 987620
41869 370172
26410 598511
57102 239403
20469 358223
69464 356789
35000 1068393
2330 849949
64185 949344
63734 828388
65095 303357
28828 451286
54836 116022
31806 601945
2948 100819
7283 917548
4173 627966
36902 241802
54558 862016
35000 1068406
5682 302847
1065 764233
66612 14651
57314 676029
11830 612662
37448 629792
44216 745326
3404 184847
53889 971924
28671 43996
62607 263984
59922 958130
35000 1068419
45423 424094
14991 836350
32164 18056
47504 517174
13445 3924
55407 171753
69012 710851
4962 404364
59281 27716
37055 52334
23658 882081
65836 215032
35000 1068432
44718 151569
19331 557550
66216 624494
29048 601212
591 836916
62772 647474
16340 736016
29045 856297
10585 616301
68174 879232
59269 743273
58636 548145
35000 1068445
61462 182022
57918 802214
18268 328167
49446 643638
14805 72909
11504 419853
7219 869379
58925 381598
14673 412529
29547 348388
54141 185200
19235 671647
35000 1068458
46795 797058
1569 986463
38919 437892
56796 303461
22834 436458
37061 361886
3226 632366
23309 441210
18655 475514
47455 131870
32443 760709
54185 201704
35000 1068471
66436 964711
45821 731304
47066 53540
41554 251802
27830 990809
35067 995758
57641 650485
37529 87867
19973 142439
58358 840994
31317 10028
59205 640914
35000 1068484
17677 494237
40281 787429
56287 792717
37251 710167
68858 165230
21244 208910
54150 621159
43552 638289
3792 313472
1721 297102
12177 695638
7176 434873
35000 1068497
15387 566359
17328 161836
65930 789749
49189 633238
61271 928205
46798 586266
62876 15097
28693 349771
22070 973226
34488 61242
41099 595699
45743 363904
35000 1068510
16736 383826
28497 45265
38096 928016
9825 612763
69850 60190
8773 435135
13985 321196
42121 832877
68363 274573
20666 628458
49242 896888
18927 462540
35000 1068523
4394 570632
64429 338259
4027 832174
10386 957546
60310 870870
50692 432665
42788 777270
5481 501413
41744 538955
52083 947994
26782 445662
46636 585838
35000 1068536
24077 186905
5485 385883
33891 596314
49229 165088
31594 207222
81 97514
4960 121291
20003 946736
59125 86916
952 65552
36792 152545
69414 351603
35000 1068549
12724 643320
47074 637617
53355 202541
61613 58987
68069 155826
35447 936043
59496 412906
56985 125245
31908 922664
30648 539715
61785 823400
19461 347028
35000 1068562
17414 869154
30447 309746
11640 797984
58356 848504
62338 433688
18949 566726
50134 335308
56146 423969
3102 551392
21139 945423
36917 840018
37634 974972
35000 1068575
67606 244827
43037 972146
66563 915624
22739 668357
58924 972840
78 607876
8187 571650
45534 977123
26743 6130
17609 476858
28155 694284
56743 775977
35000 1068588
53194 891932
37977 282046
47099 711032
43485 272822
38519 146442
30430 519880
1825 727749
34310 634234
38415 645433
51851 862045
46265 548295
29671 550350
35000 1068601
64831 950911
2049 618593
65521 184584
44545 421128
9447 971935
68512 454376
12377 719486
3409 298373
5128 890296
37879 138885
21103 744559
57820 544187
35000 1068614
16700 181172
22191 264056
56631 302654
21694 808634
37462 336955
58535 693270
49589 10376
15968 206056
47104 865990
50883 934723
41796 532152
36058 563409
35000 1068627
15295 287551
27161 262629
54970 683032
18226 840806
22126 439144
38347 817696
44134 279724
63995 861859
37282 119435
68231 965835
66693 855866
48782 761071
35000 1068640
68783 929979
41233 719687
31858 503074
48817 591298
65679 232204
4271 999753
65708 871674
65029 486037
43301 437252
1034 300640
69183 543077
66581 102616
35000 1068653
21502 71769
34517 683417
4366 347040
56703 712117
24686 447588
49776 106794
33808 629253
41561 158647
18065 814241
20233 4992
14590 46381
64408 684694
35000 1068666
11472 717825
44277 79276
57085 412307
60046 853987
28426 676148
55509 937377
59777 301265
31489 143859
4434 65920
32657 687060
57300 518470
40428 78022
35000 1068679
51515 510634
14597 409341
60073 341191
41006 317894
40423 997030
1109 903442
17880 720001
48100 908958
22977 882262
29609 180091
55726 780130
36918 66181
35000 1068692
32746 151904
23460 552058
36125 208180
50754 951922
8897 38890
55933 764666
34224 591323
36207 436286
40214 264593
67951 751564
65102 270802
12491 37849
35000 1068705
57183 455680
37116 458243
4974 73344
13858 262372
59844 104801
67367 832204
22076 728829
1434 616705
63957 731555
65715 91514
27333 558869
68737 789856
35000 1068718
36761 217861
38988 212063
16449 331181
30701 549638
33408 955645
46973 472047
49100 239946
52157 640991
31565 909329
21575 774001
8929 111608
16690 369938
35000 1068731
60257 391710
11024 25585
18102 696613
39107 209869
69961 507603
17312 363323
36859 418345
45284 237828
53705 180696
57356 363573
43729 889204
65105 648729
35000 1068744
61902 673674
26029 989895
56018 692537
34658 19030
34394 187792
62097 467455
62113 658246
28947 48357
31141 476245
8773 59647
16772 746043
34882 57059
35000 1068757
21051 360973
39555 352311
12101 989355
5204 883965
46695 335397
39890 163626
31421 559592
27201 424502
52625 370590
14387 45836
58470 288394
31514 925958
35000 1068770
18654 897434
17277 59843
3744 387348
22623 841745
27308 964908
37394 858976
28098 883456
38672 50763
55479 282492
42085 779373
67896 534377
46913 664091
35000 1068783
19977 579924
25206 997175
41836 220241
2780 499959
67458 936904
15740 899942
25884 440495
39961 217143
42382 51428
27069 108198
42450 29009
62452 788012
35000 1068796
8697 727122
39564 874792
69789 411977
26386 532127
35757 888513
34507 201087
54507 441726
30116 162909
756 87231
60442 96240
28303 123941
28699 705535
35000 1068809
61747 978032
18828 537265
42068 61122
12383 404248
38629 632510
17191 602842
9438 474679
21628 113640
69491 315151
48047 555221
29173 839637
9831 115126
35000 1068822
66506 46491
9977 452716
56833 53482
53744 765898
49205 102086
38958 219056
55077 91428
28498 615035
7776 382091
18314 572828
43666 896570
30425 677226
35000 1068835
23320 220484
4802 219634
2665 669868
8224 532542
27082 137411
31286 510654
55184 966854
31830 374679
49296 230442
55349 480905
25098 777511
5585 419368
35000 1068848
44396 147268
51775 701962
30152 47896
62817 535888
41486 917439
35576 615938
49598 491587
55276 254425
30963 995412
47164 334197
42392 607186
43468 17867
35000 1068861
56646 519591
49831 777694
33580 737026
58290 285753
21245 768446
63853 416681
9576 72427
54115 723810
41465 560579
34169 786614
26241 906377
12353 261369
35000 1068874
40087 310324
67290 790559
64534 704145
15292 340016
12094 97234
4477 371592
39507 797469
7643 996364
13970 425553
52978 689383
1994 95038
18475 518595
35000 1068887
34507 836585
42648 311147
13609 921845
24469 931420
23422 922007
66205 974845
69927 965330
33262 873227
60157 906772
63416 618881
4931 410824
69653 320503
35000 1068900
64040 455681
17343 647150
10342 460815
2696 396590
29929 625498
36531 962164
69979 568672
66476 455995
42619 319249
25527 975100
3696 963226
65463 350923
35000 1068913
69151 12382
67765 665826
29692 95715
37304 78489
53754 986072
60074 344640
41944 671016
19719 967415
37795 270004
23637 343098
20616 915376
35119 103597
35000 1068926
33033 490484
60186 910117
11326 45878
63539 176843
35717 473216
22090 659035
48621 559431
51677 327562
51482 205227
37745 580105
54689 774261
39481 474171
35000 1068939
60281 767051
37301 273464
58670 343766
43505 874040
33693 460383
58558 398160
62996 249963
929 529181
9185 531108
69286 265395
29302 268739
17090 502409
35000 1068952
60878 682781
58325 52321
5539 915045
18079 859799
15552 166880
63478 413991
22372 830371
64470 154212
13403 645628
42531 977758
41870 846317
48969 444782
35000 1068965
51279 674753
11665 448884
63203 50274
34064 634663
11653 741984
9707 820409
25898 809936
66718 133850
16879 494971
53172 566966
24962 366102
51079 801308
35000 1068978
50806 252477
26482 747368
48192 766065
43805 767860
46844 913628
14523 64011
67423 331071
48304 717343
20093 409471
11154 601428
64050 538814
49697 78295
35000 1068991
69406 70204
49087 278042
49662 403828
6907 591805
54946 800810
37625 560691
174 455682
46035 527095
11296 790143
18522 964314
17479 549335
46839 306723
35000 1069004
32948 647136
26841 312033
49985 864937
37592 609644
62967 556887
52688 185993
30134 382877
17659 949782
63335 399512
39543 631589
57057 961581
1042 431842
35000 1069017
55582 941333
32287 904099
67395 388111
26779 551320
31857 303738
36984 17180
63286 880981
43639 585781
37668 273638
40719 361375
51121 721709
5610 95900
35000 1069030
66473 367833
4471 897713
47591 840357
5223 646407
36513 246066
48057 719962
50775 581493
35495 328160
18017 615404
62469 91771
49413 926101
24819 521420
35000 1069043
61154 831813
43058 551025
12274 536912
64693 249535
25975 859627
57175 857207
46650 608457
5949 815255
42921 573166
49982 74535
56241 905455
39661 200647
35000 1069056
54593 191781
18390 890569
15561 533849
33513 930761
23100 429961
26565 115630
35567 762770
69009 770138
10725 140375
11819 508767
7198 554033
46353 722365
35000 1069069
39948 786068
46492 658001
24324 204823
35845 671291
25163 409215
31684 105335
33338 636945
40241 657708
50793 408470
25772 502371
17804 517936
22290 683520
35000 1069082
26014 698848
23108 749435
47402 256524
46846 575122
51613 795207
14653 379443
28626 470565
45619 734689
39862 980366
33027 277512
33469 966878
64066 230838
35000 1069095
13659 798005
28251 942863
38343 110239
34151 122690
67024 353694
4336 765243
12289 639365
17633 907223
14877 30777
66811 964443
59213 961611
67538 655104
35000 1069108
53418 163610
8872 526585
28925 539471
11082 83646
56463 713417
22817 805942
25617 974158
51255 242819
42337 200297
37402 647661
34215 428744
58383 915568
35000 1069121
25798 586985
25348 160188
10300 162879
25296 882276
66893 47582
363 81246
61478 13383
38252 425744
51697 520309
64527 611627
41624 62943
67834 645907
35000 1069134
54442 392948
9708 686577
61007 765887
494 769387
12926 350518
60657 778294
31698 914393
3737 377174
15247 778129
14811 443617
10825 596113
42195 675656
35000 1069147
45484 314658
33600 502060
26271 167315
4772 808651
52637 476776
58278 526892
61609 720428
36588 609445
36705 340414
44295 80108
4771 428984
28824 643732
35000 1069160
44920 726405
39915 676735
35419 201652
15813 672995
39544 331563
64655 359604
47467 692698
30560 695149
55280 223114
26855 703593
62908 790200
35242 807006
35000 1069173
31891 937778
29162 762324
15643 204359
11570 478367
60395 577813
39137 948542
28916 759431
22139 2941
1008 263712
13656 185476
14348 681508
579 592890
35000 1069186
36316 689253
15972 161558
65643 591461
49825 801695
62379 104995
3198 581826
30613 327190
49401 688626
67900 53744
43467 729082
27644 531522
26098 354623
35000 1069199
55749 329060
37330 877388
50996 712851
41486 26535
1153 829844
39483 909265
57926 279123
29647 400730
8311 982912
994 723452
7250 682227
11031 730094
35000 1069212
17977 675099
27043 285879
55354 487206
44164 360308
67814 734743
60570 257448
25521 766809
58184 956340
58222 433653
17668 997611
23985 97117
47184 238158
35000 1069225
62771 23834
34221 210249
50586 579912
26302 785411
10640 511843
786 231115
16751 470643
53551 233141
9641 127834
18949 114354
66089 402205
31535 695176
35000 1069238
17933 633450
19708 190320
69268 505950
65162 567133
63049 817291
62188 643843
42212 562434
2391 777064
29076 565369
5407 658302
55459 64001
48762 719555
35000 1069251
16511 33754
37820 444825
46921 813871
8247 174308
57521 34276
42589 442076
54056 607194
60840 843869
26411 348192
29455 941130
29136 528490
12338 835510
35000 1069264
12363 29523
13105 165350
1295 586894
7338 566590
48850 876934
8812 111385
7147 832717
43542 298886
3578 710364
8811 687622
2498 473291
60948 534889
35000 1069277
1673 303646
29295 866451
14457 519970
18898 926966
55579 828965
12306 150895
15356 288367
54579 743100
708 81876
54458 138857
16448 858554
47088 531224
35000 1069290
63198 380043
64234 29901
38317 895381
52036 352458
25286 809957
9037 114506
20673 562019
13142 681123
22420 621886
50269 549899
12485 490377
4520 76326
35000 1069303
53229 826757
10893 575842
16524 313957
2792 263121
16903 555493
29317 705049
58912 502870
48606 717559
54561 466724
58859 320636
12802 728157
64586 843977
35000 1069316
42792 686998
68488 293964
4221 619389
23487 30049
59300 82394
8251 593278
66563 362115
36178 469565
39518 505407
42382 697547
57324 782874
15774 699860
35000 1069329
1289 804474
49834 97698
18813 303249
30204 805272
40452 604906
53129 831573
69220 687596
21316 661300
32296 788809
58222 896578
39530 369774
20481 566557
35000 1069342
53944 66255
41116 115435
3861 324962
57578 764601
68999 527320
7308 779033
41353 780950
59406 404425
7053 225278
62912 922262
49458 718503
53043 8918
35000 1069355
54601 535605
43000 949586
65400 350232
11270 320832
11412 110626
51683 650414
30846 464796
29081 180370
18381 875948
29673 113119
11979 877730
69444 756986
35000 1069368
1308 436720
58850 919753
30908 692803
6642 854307
67654 765778
66212 194623
21379 415119
39774 622240
34785 104516
16379 602339
56230 24014
52854 906382
35000 1069381
3439 286627
17250 141603
37143 983737
3130 802903
40314 410186
65554 3280
59306 425282
67754 720247
65379 171391
42911 912864
50875 59996
60970 933710
35000 1069394
55423 962090
40969 898143
60907 979016
31871 652360
65718 132641
43468 317791
22783 456275
55130 990311
20699 775476
42908 983236
13296 397146
20451 22032
35000 1069407
61241 668309
21283 389134
18852 176125
23859 866723
9229 38921
44979 351020
66886 392861
55983 791887
22671 206042
38356 467146
28165 815694
10355 874037
35000 1069420
62232 672944
16490 770585
10952 799131
4676 797006
63067 811053
68994 48162
24864 374348
67919 627715
60698 697365
18580 604277
38842 527654
13010 830706
35000 1069433
51068 74544
65759 926846
47207 383509
38053 65949
5192 39475
19832 344295
13542 401269
15495 532821
6016 91063
39419 490721
46164 174380
67886 278128
35000 1069446
34869 511222
68156 568082
49951 53608
69813 591051
56577 84955
67400 887221
53308 416245
39396 676459
28963 743705
39867 174508
64259 157281
52941 285688
35000 1069459
32106 409476
26863 591895
57974 629188
622 743722
38972 472838
20803 960888
33995 814300
39548 906240
67675 466972
36118 263253
66320 128701
19527 517902
35000 1069472
3622 657298
58628 340693
56681 496256
45695 785301
37863 690274
44646 74171
68513 790335
67943 119540
49862 914966
69487 608091
19582 309378
7247 596092
35000 1069485
50936 584074
66241 121227
53615 544231
31787 794385
47175 353662
41670 617479
12765 152879
14294 127952
4287 742558
54999 962958
43215 848126
54542 569347
35000 1069498
34892 521
37674 14926
16088 499133
54280 548534
51697 927939
55694 297022
15606 774684
1654 151268
61833 565358
15583 972982
66400 508877
49459 42039
35000 1069511
42619 935501
27690 259860
38259 970272
8116 332213
59909 418851
17961 499764
65605 196612
3804 970904
47524 993066
41618 801724
57850 671367
3054 492915
35000 1069524
21765 772224
52866 730401
47662 370089
27860 514144
16133 890709
24623 551018
3720 181387
7838 987902
69106 290997
5759 507943
38155 745956
52404 845838
35000 1069537
53868 799375
18181 262201
28095 717906
23964 233715
22793 861110
30050 716797
44838 23371
60393 145077
39132 937272
38611 968935
69975 456652
69542 812935
35000 1069550
9364 550095
58344 632882
31095 275273
23250 665147
13243 799797
7597 908641
49129 529698
19422 141667
14924 279755
49744 697777
2304 268955
17868 447897
35000 1069563
7466 453239
57965 984820
55263 703262
41047 920423
41992 565699
5878 782457
57003 24975
3341 678617
6047 756386
48242 935830
25314 333895
40879 204328
35000 1069576
27764 190062
28717 59557
14098 286072
23507 342417
4768 812457
8582 704810
45541 363319
27554 430168
66845 816008
18712 936861
45355 668537
41416 442134
35000 1069589
16244 26173
237 493180
13823 140615
4169 403879
58915 191986
48135 820882
21214 495578
45267 775855
18579 993738
45951 288968
26487 764601
16658 617732
35000 1069602
18528 591236
56751 949527
50398 784337
69224 390495
23074 110589
66346 77714
54981 767935
40302 148788
27517 688729
5998 477041
10227 327540
62837 535110
35000 1069615
1229 33186
18850 672685
13753 109162
18501 330172
29500 388783
53977 719714
63210 460046
68934 324789
3840 239341
61895 473530
1876 14712
43512 908571
35000 1069628
47285 718149
3806 400477
65494 594160
51765 860189
47163 851414
61042 854277
33672 665393
57456 815033
18912 846512
12829 728733
34284 897848
626 907573
35000 1069641
68335 962611
38962 950858
51594 32988
51192 774636
22190 614671
16307 498394
29020 702030
423 111067
19429 7049
42940 899720
43708 477116
62106 96792
35000 1069654
22404 430212
4133 168801
67120 133918
39648 841686
54169 205077
1418 528641
5982 371011
38498 853126
46017 759852
48210 577899
64602 811696
5501 669774
35000 1069667
54493 849474
48469 325745
17977 655600
19687 237173
44750 632412
7749 154573
50160 472281
22334 298732
36178 857657
33146 711750
34333 497657
20760 387743
35000 1069680
55967 993799
64692 657817
56582 87850
32868 186909
29304 964353
53108 25722
33322 111900
55227 680786
50131 744646
65455 140426
7205 164984
11874 531566
35000 1069693
59406 138150
66172 54187
53123 336017
66078 340237
175 667295
35297 109579
69183 846652
69431 579760
21142 50711
48847 707382
46349 5464
45671 827923
35000 1069706
12604 896769
60143 123022
52832 807532
24730 301933
14338 942253
69118 584983
40939 490704
45272 199557
41775 815851
2985 269172
26498 269348
58506 989164
35000 1069719
44943 608721
25286 930212
21757 617321
21931 100850
36700 422375
22530 5550
16883 939269
3694 895209
65305 403266
27471 256216
3176 679329
11912 270776
35000 1069732
41110 933445
54882 408644
62412 276917
11572 896350
31279 643223
64615 20947
59828 63068
17782 690458
42962 848179
65046 297871
41147 725459
56291 730370
35000 1069745
50016 852263
31545 797020
20089 960167
62133 349047
23493 660571
5034 131949
57917 221203
64995 59094
57693 829958
29424 513029
56259 888314
42591 210927
35000 1069758
19334 290118
61628 412496
50147 202031
64587 457063
31895 269786
18231 319577
26812 386377
25023 386841
60360 253541
21962 975057
39188 937713
6082 310304
35000 1069771
60420 528406
8469 108534
25010 657791
50146 698991
5818 627208
27823 714413
50188 555509
3759 776833
52608 607585
8924 192980
68687 497599
12262 374542
35000 1069784
54152 757625
4177 310702
44702 104717
65023 549116
19888 430545
23695 249453
42387 77974
30049 45060
51774 369992
9980 862192
9158 938673
11619 701976
35000 1069797
47720 689725
10863 845100
39240 974130
27500 979518
31613 864007
35501 595282
5878 866710
34987 783275
64438 487311
46968 965871
45627 583950
45902 516005
35000 1069810
36271 266602
7254 290515
54612 497576
17936 5469
21464 888873
14315 441372
18366 247421
31166 325714
39564 725065
10240 883265
54960 144613
10648 273543
35000 1069823
3510 395368
9822 44199
66575 529727
17408 41950
41541 556146
36349 55160
50261 959611
9472 470892
63762 588560
68384 828287
46074 642803
34484 130472
35000 1069836
13804 854608
29146 123084
52998 136930
25567 487
23668 104341
53953 612722
39951 961806
69649 526015
34604 676755
68579 569642
67640 701951
37330 477110
35000 1069849
17964 773515
59798 84184
60683 667372
60406 461538
37778 940251
48846 147212
50176 216065
21404 522706
11143 637353
17355 712848
2608 378318
47957 700527
35000 1069862
27805 442970
17657 27774
58686 59516
51733 783916
51553 8050
39686 150908
62746 114318
5346 832797
64893 530484
21604 444379
20066 333185
41063 460407
35000 1069875
58142 402603
27739 143977
55482 335153
52865 598848
44117 510442
7737 652103
47716 229447
35154 961992
58468 53404
42868 780483
25739 645453
62378 919518
35000 1069888
641 575000
17542 215981
47556 493138
25864 798539
60578 532471
56503 663059
45689 574417
52483 47622
69294 21519
24926 271255
41611 17627
48229 922906
35000 1069901
32240 746608
46627 767768
67730 178084
24047 126011
40685 287042
41890 757623
2595 109004
52269 189465
54430 976650
33210 375720
53793 732211
9613 805885
35000 1069914
65988 418937
6239 17759
40988 239205
13183 84900
6622 861557
48400 471093
57949 130530
36795 510494
13086 766549
46094 177154
13965 101151
55951 342123
35000 1069927
8445 397200
46445 933246
9691 645711
21588 339118
6634 578482
38868 868457
67842 830743
65817 570121
32554 103519
14232 949414
22134 687198
13161 18944
35000 1069940
65938 228705
6901 626892
10028 581858
56881 423815
48681 53391
1062 310763
8786 853339
50113 854756
6908 472295
31088 287589
29008 530901
13721 885850
35000 1069953
52621 148407
5633 390046
43317 871759
29592 515393
17488 795806
19165 843411
49895 521220
22224 848793
63082 203190
37456 974347
41017 931465
38777 100868
35000 1069966
14137 340155
31302 626341
52006 127276
3888 219882
9578 998354
8968 55627
49994 23665
25345 429760
61551 399271
29681 549319
50249 851570
66376 312199
35000 1069979
67131 669046
11061 425391
49255 417134
21049 902834
42659 977121
31338 509788
39024 923561
14171 876137
53369 734453
44151 356342
56490 796814
44817 797525
35000 1069992
12833 793080
29077 2047
16574 465994
1004 766253
25955 289963
15538 305309
4201 572246
