60197
1
1
21
36560
79
9013
9
14135
13
29
15842
934
79
74
60
782
26746
52
247
4048
99
43
3157
66
4779
8218
1852
21339
49
27
68
7776
178
93
30
2749
50245
8151
43328
19
99
48
830
77
50
65
66
82
101
2
22158
5998
2088
1621
89
20153
83
662
23
15881
81
26
7001
10
455
71
22583
90
19
9
31
6459
4
15899
78
55
96
5922
1879
1367
27271
44026
27
5543
1363
20551
24418
20
26851
5979
80
7729
5264
5001
87
11911
860
3320
7775
35
7372
7301
16241
4005
62
37
998
8944
2491
39060
19
27925
49390
23
16964
3478
97
66
244
36
55
88
41
70
54
11498
71
58
15281
89
427
6576
33180
24759
96
17283
13466
43191
16183
14
12966
11836
58
1994
8242
7316
33324
39
12806
95
73
863
3851
87
94
48592
60
7
19217
23446
40682
33635
5731
54
102
62
42
25745
783
82
15651
23
12594
71
2330
91
14
56
49
27293
15487
87
337
8400
41
689
95
10440
202
5066
53
98
33237
66
10718
1300
62
58
82
6036
62
10014
980
15442
20723
99
3338
14317
50
109
2527
6
21605
31
1124
5838
54
3816
73
2275
8
80
40
10331
4783
6396
89
89
18827
52872
45
200
44
40
47026
1903
36
81
44384
554
23818
74
35
37
3088
26592
5212
81
25150
99
40
32
79
24086
30
428
13584
55
2
61
64
59
48476
12212
24607
17076
62
4855
87
11
100
9649
7562
35
4012
544
38
34805
14015
51152
5937
71
13723
30
77
33
304
5082
5408
4
300
36
9836
35663
16304
32
5
7193
13
7449
1691
9931
12692
2618
31575
75
101
14157
17019
5
154
12624
56
22193
8979
6506
94
16
94
84
21281
14
5
22
21
84
3
64
18
54
66
45
35715
10401
1584
10869
8991
65
54
16
40
26
55
35836
45
93
10895
4241
1521
22341
62
71
24360
74
100
58
2472
6796
32
13987
71
3576
7757
1018
729
74
20
402
30
51
45
7731
37664
30
25093
7
666
14622
2841
5293
13321
33307
24240
14852
21027
19193
20720
72
16275
43
25580
11
1256
40
76
28
79
41763
37301
53
50
60
94
39548
23845
41
36
11000
3088
23
70
33047
8160
5136
8186
5332
16808
94
34
10882
6233
13822
59
73
12
63
12
3156
24780
1671
47036
8618
95
95
63
31
11452
39
1409
23
14619
41401
29
52
35
19592
9
43
7734
49
31064
26
13201
1884
22
13045
6106
101
28210
69
90
12999
2273
11887
27
16909
20309
37390
4913
29
19528
53
14077
91
57
2513
92
33460
44
18
57
55
9146
16198
8925
46
425
20075
8
5
37
29614
1234
26810
29
6276
2513
23522
101
58
1049
75
84
16648
24319
436
4278
3992
90
6133
3107
68
18760
9548
96
52063
92
7
83
119
27642
8895
1
34
22
12409
20832
4669
8
22
93
68
9
31958
8284
35348
1412
9
22913
35
36923
4
21809
29599
29
35
9556
5514
1
28
9100
2135
4479
489
26984
7224
63
514
5636
50
3337
29835
34399
45
23128
1
1167
2108
5312
45854
73
38
72
13817
10
71
10398
21194
96
49927
10434
23
98
91
10
34946
66
13430
71
3
362
18
88
85
6
16255
45793
32417
64
40
38
491
33487
316
8693
54
42747
18451
1025
72
10
4
60
22428
24693
40
70
61
987
1208
69
9281
11442
7293
52
15232
48
37
16837
13428
46
80
24438
75
99
28998
4786
95
100
15041
14774
9
1000
50140
85
26
70
24928
68
51138
7
67
9729
14813
45
30796
23807
14
27277
395
11750
3534
2
26
2
20943
5468
78
25
10
25344
6578
28
3802
59
5224
79
89
14515
35
17766
70
53
76
20
64
91
17205
20337
8891
4303
7685
21
61
88
9229
15
68
19855
61
7815
69
11
49
91
21
2897
6549
15567
3329
84
37789
267
15964
2667
14
1359
13380
21
9532
10860
12364
188
39
31004
1052
14
88
69
173
1515
47
32580
21858
2357
21
100
761
78
32
41307
6023
13544
17148
39788
10
16304
12025
64
4
26
30503
56
6272
39
20454
19
10574
25790
35166
62
20
3272
50
12
7567
2
3743
67
17669
32484
51791
11
54
2985
1251
38469
84
3588
79
1644
71
37643
92
2550
3
62
43
79
36592
5
12116
5673
14
23393
39851
2212
48922
90
25517
11
41
3685
55
8906
4
8424
49949
72
538
22
20115
22
9881
89
75
9
1545
3291
4529
28
7261
2306
4484
32450
7809
67
26607
13832
1590
10360
31
17
23
575
5949
66
67
792
550
16
15
80
66
83
13
1
2306
34
36811
7425
88
27247
86
15803
3780
11
4990
68
34
93
96
88
23
3980
6112
26222
6866
4357
12184
92
39369
24693
31
22
3840
57
71
77
30557
91
4996
50812
7373
14087
5113
30
1087
20657
77
53
38581
95
36480
28318
77
95
72
4537
52
364
9
7343
34334
69
4
31733
97
7441
1423
37
11456
42
9122
5
61
24455
74
53
20
188
3352
9833
11242
26018
10973
29991
3904
13263
2626
44937
20
23198
22
2208
49
38
3
99
8148
28
39
65
2725
53
65
7179
24
33
256
71
14791
3120
72
43
18
65
66
17
85
16531
6932
95
11179
44
13668
6276
81
3647
76
6
75
20
7780
39343
65
4674
28
13475
49
2963
5961
33243
23869
16534
31312
95
13
41
2549
4493
19286
3
79
1912
22135
1313
6584
21
19700
63
3502
878
99
4567
14998
75
6192
3781
28270
22073
380
32147
3320
64
54
36
1877
83
5
7776
21667
49
26730
943
7
40
16573
3039
1688
98
36
28496
4544
39
28
21089
12926
39762
13497
14
51
94
2476
3772
401
50066
16699
26077
7345
6755
53
40
3012
5943
52
8324
1599
3342
83
14719
107
21
3294
21242
35327
20715
89
31
21
948
20
8105
34890
4684
16852
54
10683
10546
27
91
71
596
3407
761
12728
21
5532
72
98
89
5
28057
2156
90
19
38440
13229
47189
28977
8964
5629
59
3345
11736
52
88
44
3432
50
50
45366
7544
34838
1706
80
42
100
44
31106
4449
10452
49095
4583
2320
13670
14
74
12354
6437
32
37297
71
70
78
1398
10597
83
2267
24
10116
1423
10584
9162
10
49
623
75
57
96
756
8747
39
91
25850
15296
81
44043
13
974
29716
16736
35237
21222
65
30
40009
84
20408
7204
39
3188
15367
30559
7348
13776
9968
30844
19724
287
1396
51
62
4742
45
3869
33612
13307
82
8353
7012
1320
18175
6866
22683
30554
90
29
1975
2829
85
5963
14450
25908
67
84
50
41744
11142
87
15286
2294
14712
1239
63
1108
26121
46455
3902
50
92
4376
24988
86
11349
20680
43293
17396
5801
2970
6408
1373
65
46066
87
1222
84
14759
30976
26496
62
13854
14518
8631
11
66
1045
91
70
95
16722
66
177
31
63
60
5800
3893
75
46
29972
9895
11
66
63
66
46
23733
188
3343
84
10
25404
13277
2571
40445
13376
98
638
79
45122
24147
10501
29696
5470
7201
97
1040
32680
3297
60
2787
8811
69
39
2894
11553
29
48
39686
1210
66
10307
69
35713
5914
136
4768
3500
66
6271
10
16465
30
8941
10615
3670
3153
5
49488
90
32
76
6772
31439
31554
97
20409
25
13721
18168
47
14
62
21927
91
10829
84
67
96
26
8137
12788
9894
7936
20
4212
33369
17177
9
11410
18696
25
2776
14584
76
37
16414
100
23
42
14153
59
729
97
17723
5394
101
76
5889
5426
64
60
4649
3849
3508
34
2958
5
6
36
215
3
1399
13782
15
10453
46
23
3327
73
12
1170
5
531
7207
768
4140
31
3910
51
3753
62
1169
77
12610
1054
17434
57
37950
80
23109
69
38
67
23
45
7968
22836
96
32508
65
19
2344
839
160
33148
4683
5777
830
38605
3088
93
11447
2853
2497
28
63
24502
96
13083
12819
2726
100
75
97
53
21599
7
15684
96
40347
48
5527
17241
75
8567
8333
3308
53211
99
305
47371
41
15
40
1308
7786
67
766
29
3862
39
22
2224
8528
3
69
2971
87
22
84
36681
34
85
5214
68
55
27
89
169
36200
60
4431
35048
33676
86
3864
16609
17104
25
75
17
25565
3204
78
85
31
20
18701
3948
12558
48
6665
429
34929
5432
61
41
47159
37
5425
13548
14399
34
2448
9999
90
20
1550
1748
73
13453
44676
54
19648
31924
45
56
43
18
5139
32
37092
28
10
16
79
34178
2179
30734
22973
30509
16
1540
6596
1108
66
1
29552
5303
45
36
29244
29
28
848
2067
15739
9270
8255
1719
9564
1
39
43177
26
74
22284
5865
25929
34
96
1280
17
2980
2713
13
90
8187
75
69
19012
17
94
2194
27011
45014
1876
36707
41
91
15814
1106
22223
24
32453
97
50
9921
26917
4676
9515
73
43606
29
147
59
62
97
48
84
18214
3
66
10688
4013
87
2302
10911
100
11250
28173
26336
22
462
2530
2139
55
14437
54
824
1900
88
27569
2480
5
790
26129
26
1147
3450
5564
7618
8646
8
82
4409
23231
27
6268
4684
651
43
101
6580
64
92
2783
61
9484
7687
54
8057
223
6245
279
10824
3339
14801
28031
4
16214
1890
3647
93
47
91
98
81
87
41
17
54
14264
34
2229
6885
190
10902
8450
24916
31844
88
12795
1
7
8
58
27187
11687
40456
34
37
29
31955
58
5358
39418
23365
75
17641
79
738
9
67
24
78
34
13
45
4492
8009
42
21607
46215
43
54274
43
76
10578
73
50445
87
17202
1501
31926
25999
5138
67
12223
33851
37
48
49
37
71
8091
91
16
35
17581
23
10913
3
20001
63
7802
15
69
7828
15
1347
46
16134
9886
9863
57
25497
17
61
11640
642
18419
73
10
95
89
3855
22102
2076
69
1970
14
3099
11394
23502
97
44804
15539
9735
74
44
43322
38628
10
3098
8
13473
15
84
36598
5884
14
6177
96
18306
36222
21952
5853
54
44
45
1280
15
62
27851
3571
78
9
11049
9
14
80
5233
43594
18656
87
100
42
4
3832
89
73
13215
44
10807
38
9625
222
18
3643
1356
7868
13
17
41257
27042
36662
1939
73
14968
61
27738
7026
1220
90
7
15228
54687
12054
19992
27825
57
27443
46
99
32
25835
7080
39073
17718
11820
92
96
93
67
26
20
587
27162
24
44
51
22672
88
16443
4
11203
2408
36719
98
1957
29
3711
2509
19139
62
69
3011
97
18
4
2488
14
977
74
13
8332
9762
9479
39
10211
3892
4477
11124
43447
27777
1667
27187
38827
68
11486
22
23
14
65
95
17828
5503
2192
34444
19
1245
2767
54
19706
96
605
79
24308
97
222
3
66
12259
20
5
7070
12
84
100
79
80
3706
266
7668
25
55
2361
42
11106
68
3555
9574
37582
77
66
25
1443
56
38616
1092
14630
14862
24598
24791
26270
4958
23572
66
8117
88
15346
60
1246
79
16694
9853
50
25326
74
26
2865
96
67
64
296
34010
27522
34
15210
11433
21541
3813
3908
61
26494
1146
41271
69
6636
60
46
82
22
54
57
6001
68
27
23730
1342
88
15821
12752
51333
26
51
71
6733
1678
17
14955
13908
17643
4701
11970
7567
46
94
13917
94
54
76
35758
19011
5753
19832
80
34214
35
17247
39983
48061
6846
16
5543
32
21811
6916
19981
15813
95
19
12433
81
26267
9090
61
32
84
14928
2778
125
17838
13981
5174
4809
3064
53
18
12
51
96
10343
88
58
6156
7104
28326
9
83
16
54
2090
22541
8193
13488
89
99
4863
95
65
70
42212
5122
10944
67
9226
10297
38
9354
100
6152
24
101
80
7
48
13894
32303
82
90
6
22691
96
19361
37
56583
90
7781
37433
170
7163
95
5041
20024
11774
429
55
13
85
20591
12782
38
22613
13056
22355
91
15165
8972
25087
2946
16
5733
20251
71
49
54
8189
55
77
5604
15206
72
27025
21302
61
3620
96
49105
4090
35762
41
35798
24
11363
78
1701
29768
13014
13882
25
48
85
7026
4900
22741
565
34
36
91
35556
43
57
59
12
21680
25
1721
6724
81
54
51
35517
10770
12722
17
89
76
87
854
1798
11
9044
8758
15590
18430
21949
3013
99
61
61
96
45
36002
20688
5397
22390
1
48
98
709
21
70
2470
28574
19
42762
7791
70
15054
46
27
35
9624
7248
75
4582
55
68
34704
4714
1293
24383
4596
3291
20
29459
96
61
6397
68
52
10488
1357
14145
10645
100
70
2954
9
4753
18597
62
13619
81
18008
9
5675
57
50034
3323
79
18287
25762
7
4569
5033
70
87
45
17
91
37271
4654
2629
43
92
29
61
6794
15027
18715
89
540
40559
69
394
956
10634
101
77
2811
74
57
87
97
55
8956
905
7
17
56281
8262
69
5135
86
48
11227
27475
4
40
11
36288
13943
17219
88
102
89
11892
14587
17390
47
40
30309
46
9154
32115
51229
38
2868
4693
43966
71
80
21206
39
67
22
60
32381
28
31
67
78
37296
72
39301
30
5423
16701
10
23378
17
13141
62
40
21538
63
8207
12
83
29157
37683
54
90
83
9
54
563
19668
6
32376
13
2803
5483
21119
18
3
40639
8377
66
76
11980
89
30
72
13156
60
20620
2480
78
5262
1665
27417
7884
96
12046
8927
18
13
94
51
26123
2
48
29697
27483
27
25
18145
11716
3
18
16953
57
34209
295
72
71
19277
14
1813
28374
21928
38
31872
7458
24217
46887
20
1041
549
18
58
27033
13675
25590
47
18715
21580
79
9
15654
1
76
5037
90
17
25
7315
509
24
89
35
18
56
101
18643
34001
18
2193
3346
821
45
49293
77
25022
94
26
10920
21425
15760
3842
4916
164
22
61
74
3775
46859
48391
65
23153
6705
10111
20
4642
17347
75
11
28
25
63
27
59
38908
84
58
15557
47
33663
77
1474
9908
41
59
78
50413
59370
1550
15058
44
40
64
34
100
37811
20690
7
49
94
81
48
39
16989
22010
80
53599
75
10735
1653
15210
30
26004
7
95
12327
24
3
19
73
9600
24
11361
43668
97
41936
832
12585
45
51
4840
18353
98
6
9586
42
99
5153
87
8872
37
7881
19
22
79
54
28023
76
10090
6556
33
53
4669
8018
26010
47
18
1982
97
76
26622
56
17564
11085
69
44
17282
101
1846
1973
45
69
18929
49
7382
40856
25
5288
60
73
14
87
100
2217
5422
33
60
73
33
8857
26417
8
86
93
13571
46
2
96
69
13
48331
116
29915
26
46488
12622
3576
31121
28
20321
56
6
1191
44917
7422
30401
1707
4
16273
5
7868
15728
45
618
4882
50
72
81
177
19
24059
33
77
518
38024
7143
83
77
10401
11362
29172
22
25724
72
91
10975
4051
1319
19
74
34806
11
15841
7269
10622
23
21
11569
18138
44
12511
41
50
2754
2137
23
37009
87
3708
386
27336
4
132
12
620
35224
8906
93
16766
13211
59
73
27
35
80
4811
1403
3581
60
3266
31757
52
51
317
73
7162
12796
80
24373
51
25636
2177
33
46007
99
13464
70
15665
76
5888
7077
20
6
14677
75
25597
13
4295
3
4
80
7
1
59
8880
36
8259
38905
13
30
43386
2285
17377
70
23216
3774
3
13
20058
8040
34
75
3657
3283
24
30477
83
26167
34299
18
47
91
69
24
24472
2410
4991
34018
753
11436
26473
11624
13171
848
5955
17965
41507
85
21411
83
575
42
17916
12
3
1659
41125
6926
21226
58
7562
4741
85
87
28
83
14951
10510
354
46
3939
8
61
28
1844
9961
100
22671
36956
8
3391
8
21
63
34
27
61
8391
27513
2212
34711
36032
22
45219
93
7328
15423
12329
32
2542
64
9514
23
22814
4336
6676
5581
26454
34296
2338
92
1294
25
93
2727
65
5335
14
42
21183
44117
13820
47149
15
1452
7
5
89
35269
1637
18
25
1
81
93
2224
63
1894
3525
3974
1
4308
77
12813
78
14244
10020
20567
3936
7363
2692
28348
11447
6
4175
32
71
8387
8260
373
11111
73
54
24045
6982
8303
16449
11
35
15427
95
1464
5365
27391
83
90
48394
12404
8257
46
70
101
38
80
6847
2
17948
97
21402
7
91
23676
19217
2345
28406
4801
24494
7706
88
3887
6177
49214
4597
33
50
11
51839
18
47
35408
4786
19495
13934
18
59
1028
37
1924
52
19149
56337
92
5790
82
40421
22333
35329
14391
19
9282
39
9081
12390
20365
14751
1667
58
34633
7336
65
96
7232
50
31828
49417
24117
638
92
2595
94
50
81
71
71
14
47783
14736
91
1413
83
20312
75
70
1351
12
18150
31579
12536
10243
16040
1658
32996
4
3869
90
17333
36
12072
21439
68
96
10
23154
40
4296
57
52
45565
609
250
32
25455
9580
57
1034
49349
68
70
47
7906
100
51
5453
20285
7029
5200
3697
29849
10111
50
102
15
21310
5
20461
32346
4367
16487
91
2
73
83
33911
17281
15
12470
22775
73
50
27178
21029
73
25343
73
41
36845
12056
6417
8309
5638
21499
9476
4567
35064
101
16935
938
12560
16
91
3254
65
77
24610
3214
6
29
5
55
21043
39828
60
17636
70
71
62
39
4499
13151
3284
236
83
4325
32375
4
31972
34689
2651
17710
4460
100
9499
99
3129
15878
2
19404
55887
820
29494
26623
133
11221
20974
75
4569
86
95
5211
9
821
98
10679
4
7003
24
12
10942
21246
21755
51849
15875
54
75
8853
57
29289
37395
7979
29818
5517
1
20747
586
34102
29856
11173
4482
11
23306
1971
57
61
81
15050
5224
29698
7280
34
51
724
63
5085
11946
10904
12
34636
41
15045
14
60
28990
9666
84
58
3874
50
8699
47
27
102
15825
63
99
55
27955
7913
3732
48
3788
88
12727
36
51441
74
10361
1643
1539
19776
327
24
260
486
100
19
36
27
6483
50
34
4787
25430
33
6840
78
55
17533
33
5
1363
22197
49
5429
51425
39435
1762
26
15
28081
39
2
82
24821
6233
47
24977
5481
54031
91
17
4797
60
95
43
47
67
59
12416
9591
6878
79
16
71
9669
13682
55
77
5
60
13926
56
5
7093
1468
14810
19855
9748
11
8325
36
3627
97
29
19503
3478
77
85
21522
2
33973
93
10280
10832
991
71
36764
42661
41
28
3627
25570
29
61
51941
6231
32
6168
20493
30
31744
69
56
53
65
98
31375
54
16
27872
6
43
18
20116
9367
17646
27257
28
15926
6866
20370
65
42105
85
14615
7886
42
17626
13039
8524
6442
9
69
19266
11093
36279
100
21876
51542
450
5536
34
8258
10
13
87
8845
59
12963
26
51682
17920
25
33774
22568
6687
7
12070
5563
4
10995
44
44887
95
9643
5874
80
4575
26686
18609
16936
1593
76
67
96
1562
53
17226
3044
22401
4908
7091
4269
84
44123
43
4284
6970
26851
3208
1
757
9789
33
89
21829
18940
5
57
31
84
332
24622
49
6196
20137
71
10531
10655
32296
85
20846
4627
43
40
18
7045
1062
28433
76
18923
55
36
6813
94
12841
94
24
4822
2
975
17728
77
13183
93
17
19
7
100
87
19095
15823
43157
69
217
88
8088
13262
2595
96
92
36
11034
27987
10118
25804
6896
7434
46
281
13
98
29522
17100
9892
85
76
41897
76
8208
12
18
30321
9141
10405
5602
69
15239
53
33
11023
78
25092
31142
10959
9178
38
13084
25
14879
53
36574
12769
16808
52
72
66
4040
22298
52257
7212
23
8
44
66
10144
28035
59
27387
69
1147
60
39
1593
95
285
1426
7284
7715
21215
62
29936
32007
17322
50
12996
52
2860
832
12119
138
75
68
16189
87
33149
3875
4
31767
69
56
90
18993
935
28787
21282
3990
8579
1533
29
53
39
16621
87
9741
17584
35669
20413
7249
42577
31
9221
38
98
22707
2291
9527
34813
39
12052
12949
5189
55
27663
16331
27
66
4519
95
58
1743
42
26255
8712
42
14164
835
38
32984
98
1736
5852
77
9287
78
8795
16428
15304
47712
3
7
12937
21
93
86
36
11881
21555
10912
9581
94
36235
26
35
33
76
16943
28
3
42
5906
29602
10340
21830
4
70
29322
35300
14391
26
69
37
3
65
27
102
41121
20161
28862
92
8
3893
26
12113
3588
75
7425
6912
18572
9393
5
2026
38169
59
7
13346
23217
7791
30
3
2942
91
54
34901
32
37
3275
36
30145
2282
29609
51
15349
23026
276
14326
42091
51
36
98
29824
36
8331
60
92
3774
40825
7348
17542
326
25305
13208
33
68
23278
15614
8495
28370
6768
2643
85
21695
40
74
637
9279
29
24
6820
46
9
26632
260
10713
13444
101
7445
3831
9617
64
6256
77
2886
16715
23229
24
18200
20768
64
52004
27227
3
47
91
303
1745
5738
20871
16622
6015
40
59
98
7382
2943
70
11752
37558
26680
59
47340
55
30
91
29
34
5206
2948
53
4970
45
9180
18767
8928
19865
25477
18085
14
10750
62
23850
59
37
137
10183
74
78
51653
22286
68
24
98
1132
22690
68
298
46065
49
1644
64
18249
3354
34662
2644
91
5084
5412
8325
89
26894
45
53
4326
12304
70
123
28718
84
55
25226
12435
17452
1676
15
16256
75
2425
90
89
22155
45
49
17190
18120
38
40889
10
3111
28
31
1195
32
36
5668
23670
795
41
96
1464
15
22514
44
8
83
22
91
39948
41132
43767
4955
12457
95
14858
7764
30160
49224
29601
43888
5629
73
12
98
77
78
95
91
87
52
78
75
21226
16187
999
3549
21494
91
6348
45
75
26134
53
181
48996
10653
63
18092
10648
31590
312
3
19
94
20
35304
11299
26021
4348
331
37
67
50
4901
7243
86
1874
18
34461
40257
3502
40
42
101
19997
1177
66
26
25638
12414
13
96
10
41089
23401
5958
18
30
95
4504
15
11926
4319
32
22953
149
22145
97
13
4276
20
69
39443
36
32262
8050
13
69
11750
33
19601
8149
30
74
47
7
22640
27
47
18
14366
88
15080
1999
50
16
19
61
3601
11687
2282
65
3933
7708
6119
5795
6768
30149
82
385
9232
16822
394
62
67
57
22148
15383
32
36803
75
52
85
16527
22899
13408
25
4981
99
7686
16773
143
4064
64
7696
990
100
54
78
5246
10628
88
1556
5460
31
1563
57
2099
6434
90
13388
6
33
1113
953
15353
1173
18
57
6253
14069
3984
13397
1849
48266
50
4500
521
3611
28
2715
61
14560
69
7068
39
26
87
22334
35785
43898
69
84
34
29
72
10
44
1146
19345
84
30734
90
31415
2722
33
21739
49
67
27729
41
13
76
13601
3462
767
36
60
22
73
71
41
11
14
75
35
57
5713
20775
101
52
4008
76
35
44718
20139
13144
5
5267
94
48
26883
17649
2143
35
44067
75
38
7919
16081
59
55139
32750
19649
1499
37831
31399
20121
7
18168
2
24999
62
37
52
31
24
14815
5475
79
3112
40
24
93
99
35832
18799
3
45906
4715
5674
2861
10803
95
507
15219
13414
89
1017
46952
29126
31
266
376
58
63
32
69
8767
102
10131
15941
91
44995
12258
3791
6501
6364
44
74
23109
2727
88
45
3782
7787
60
10416
81
10519
95
93
39012
10834
21321
2830
19544
25437
1679
22437
12
7387
7326
96
30
55
958
81
14939
4
85
50
5994
10473
53
6468
30
5918
27
8434
29269
5
29
78
6415
15
51189
289
305
31672
76
33
2078
91
507
89
23011
14
15248
29914
5648
58
4
23537
81
27185
65
30362
18
78
3195
8343
1545
13810
34482
100
74
40
24191
3015
15859
33570
16145
26
36
23565
17110
1529
91
2
19
1508
34
7036
28253
1758
17325
4127
22
70
14781
11278
51
3037
20806
13566
6233
64
928
47
34813
13498
22
4
39
13661
18838
69
11871
8301
75
11978
1614
578
6452
18
2821
77
48
19473
29
8312
74
23
39
7
16509
72
4358
4986
94
25937
32630
22
88
5790
10176
16486
12689
16607
25563
20126
6461
8228
48
17728
10
97
26477
51
58
5793
30
62
4718
41
6487
80
5817
37
904
14339
25552
20
35
5414
10883
75
5917
51
525
91
39
8150
92
9
72
84
9772
47933
2108
1
34
94
2
8303
60
82
31906
22727
54
33695
11724
43813
43
13
70
3574
12926
287
95
21
412
20597
21
28849
75
47
69
26279
14
3091
9385
2496
60
2609
770
5052
56
14786
38604
55
6804
189
23730
5971
35
40240
2782
12798
5592
8485
68
18718
3960
36139
19
3980
73
21471
100
1697
39
35
16
35
17319
1234
92
4670
26814
19603
2805
37
1120
2201
70
7856
15482
10
22751
9098
20926
29447
77
4537
29969
12302
10120
5351
1165
7667
14905
16974
10
1804
50163
33
4695
2493
2289
33
26
57540
18
372
30692
2589
18
12574
5664
18986
36472
34
49
14
84
9800
30223
11149
89
16
3482
47718
5445
76
6517
10522
76
4734
42617
54220
33648
15231
11068
1776
76
33
18
55815
98
38120
2
2128
25
24216
8734
97
29130
24061
70
7
93
46
18
37288
8254
7
53
12694
79
1
10445
75
12
58
11712
4
88
2243
11228
4947
3
118
72
19379
17769
64
39155
9751
9578
56
3736
1347
7310
19833
10919
66
68
8810
9819
86
78
56
14333
32446
100
20
35874
19388
39666
40
46
13243
64
47
27654
90
32650
6820
29
69
36125
3756
1746
25291
8974
37106
26060
1
7736
20
25384
8959
38
54
43084
38874
26814
1501
91
7994
15998
3841
25001
25221
13
35088
65
613
19379
18959
20
92
26
15068
42
35526
35
8791
6818
73
81
3727
28693
20
44
2253
18071
95
13006
20930
33
519
20674
10210
1005
19
41
37213
1984
2600
3227
18852
43
15056
26
36144
2165
8584
26
46780
52
7
33596
34
27939
3766
4652
55
2497
77
14072
48027
55
3849
20371
65
31479
15054
14876
31307
2558
2323
6908
20
81
26385
78
47
8037
66
47753
98
96
10487
10280
98
82
18
89
18
54
20
85
40
14410
36
1033
20
1794
46
6680
37641
28
14142
52
6693
6094
20910
20
23795
56
10608
34
65
12521
10141
5903
91
35021
3531
41
760
97
22
54
8784
24072
4
66
21
36
3798
10703
15
88
41
745
84
15697
67
55
77
20
1
9358
42994
5241
183
41
1246
34321
17452
20272
40
68
66
801
96
6
15
17
2411
68
3000
32229
4993
27589
32342
32678
40383
78
52
8163
6958
27117
40013
2663
61
40940
98
83
1993
21
35215
10986
801
44539
8918
3216
67
4
13
9460
66
25838
23964
64
17415
1
31049
25581
20
44790
5386
3910
239
66
7673
6
54
4422
63
7929
23114
1903
47
95
23743
26
50
7312
29215
82
44
26770
5754
17802
80
10553
10
314
101
33
3
14
21839
18693
7
46
22830
8410
89
42
28660
61
100
48
40359
6208
62
36151
86
19674
2159
96
39557
5
4524
14
4284
85
56
18340
33
70
6106
1
14681
67
53
58
6
66
60
9105
10556
54
2285
76
27
5627
35
8
2
57
90
22008
10252
4305
346
43
67
83
24388
53
55
68
4250
25712
769
1924
20848
32
19201
89
20857
6074
30482
23391
64
3974
16
5195
15342
85
36
72
70
31881
910
42
79
97
81
14766
88
319
18977
60
44
16010
71
30
59
20
2290
17835
94
3597
23483
527
5799
72
5269
9685
93
26
26565
43851
20713
29939
77
578
13500
9
9232
1063
50
12438
9717
19
154
99
47186
38
96
2898
604
29765
24
18639
25167
5
4745
17
17
21
1472
2411
1910
99
100
49893
33
12583
88
14357
49
2266
38752
27
93
733
10880
4546
12172
68
85
56
64
70
12988
2463
15
384
34049
12277
4313
28
94
62
5298
25
72
75
960
31301
13183
24264
11747
1095
7935
20618
6274
14439
443
31
4317
84
41
14
15226
993
86
86
34351
1
684
29786
17
23286
60
25
16564
58
11978
31
7300
94
4927
6
93
102
10212
6669
46
97
40
7452
142
12679
3650
64
11426
34573
8
17797
15
34803
35
3783
101
55
74
96
100
48
6789
5741
38354
8437
13062
57
13803
17709
27617
2084
373
26221
20
32267
76
60
23541
4156
25
38263
14128
6940
23664
66
24251
4289
4
51000
26
10052
24059
12761
20218
1177
94
73
20619
3685
14020
25
133
1923
4299
73
21853
2340
2186
73
3823
13783
38420
273
89
40787
29806
92
55
30845
65
61
27134
12
26999
693
18601
24
13028
71
14707
39457
99
62
27639
51868
7748
254
101
44
40
5591
94
2918
764
52
80
63
83
11850
24741
20638
29212
4766
7
84
3350
37491
83
20
55
3701
47528
12061
97
41
11910
3237
18104
34
13378
22014
1772
54058
7129
42
73
12058
1111
2196
7635
926
2474
1602
1322
26
38
30185
731
90
20705
39
40
6602
89
22301
50
10431
64
3612
33
22
5648
6
4249
22993
29874
39
9059
22403
8089
26
610
3778
2754
5426
2264
42081
77
8817
7072
87
14538
10975
21990
64
36
46957
53
5239
17039
46
2839
11773
85
65
198
46581
28
7
21
37
33669
84
17
64
20
43
4963
5819
98
6241
2021
16358
277
15
12395
3087
59
73
21355
27
47
55
9515
70
31623
5541
41
1748
41245
4
15
3561
2323
15920
14579
95
37
18850
2
93
35413
74
42665
26116
8009
9502
71
6967
34651
84
20648
45
57308
1763
5068
16012
4823
29955
48
71
6546
3265
18670
15813
15
21824
56
9522
103
16656
54
20903
93
24
362
27
17505
37949
5359
5857
16773
10680
100
15432
25439
5456
1524
100
44213
186
8296
29
47
47075
4910
60
9221
1334
98
8466
8645
19835
15641
3538
16454
9103
69
16
5874
8
2064
53
16
50
14532
27536
32
35645
42
3012
10756
9941
1342
91
14192
55
19389
11
17975
8679
7135
4410
33357
3313
27209
46287
82
8255
89
73
959
17844
88
12130
36
14931
96
98
9131
22047
10291
43
23313
628
6167
70
71
78
19495
24
14424
96
20347
17976
46
12316
42927
35534
54759
95
18
7039
68
16568
2368
21
24350
96
62
21837
23
4366
14550
34
7156
22
2089
84
18513
37180
8
7211
16569
7306
98
20
4278
26426
748
4359
33
312
5024
35221
24736
82
20138
13723
92
67
14047
19304
13526
29411
2
50
72
35
1752
6689
26277
22938
13637
91
20187
82
20750
12313
80
101
126
79
97
28906
11257
7849
58
1232
4000
38
37244
81
24557
38
7459
26219
15390
2682
95
5182
20046
23783
28723
38609
12
14758
90
3063
26524
32
14006
16563
100
35
493
12
15323
30
17
27992
18681
2
9825
22835
24265
3386
4788
24073
29972
15382
12599
23546
63
17
3357
92
40
64
1598
75
77
6318
38
24
3878
53420
1285
2915
253
57
1549
31
73
14496
15767
7
165
12121
85
3244
39
56
78
4584
19215
1984
65
37012
17303
10565
485
26623
15
47
17
37
3330
87
41
4675
45
89
25885
325
6259
10426
2853
9
35355
67
4378
17
19264
58
25243
43920
12690
75
83
75
99
10798
3987
21108
17
11244
15211
62
33773
22200
36122
21498
98
2326
5406
72
15289
97
946
15541
668
5
5527
2160
7
33
31325
4437
40
94
85
41711
16244
1588
530
4626
12842
10906
15607
70
2474
45
1984
38353
7184
14088
93
3725
22087
5701
27643
30
96
22709
25062
10629
3013
18374
17
3462
43
17
87
6485
32
31
49
21221
11978
42
21
21
11971
23
24703
83
69
32399
22151
1
84
62
318
19012
23458
24234
55
81
12
49
76
9557
34
13405
10106
21
15774
433
15529
3
85
20207
37088
73
14462
34
79
42
77
47
20122
85
7196
9436
16861
13786
6438
12179
45
41253
36
2615
188
24292
6
44739
58
43
90
27
88
15194
5364
73
33
4829
17686
6212
33587
981
101
22347
94
11513
44058
84
95
5339
3210
1938
10
2129
3702
12
2
15088
71
14702
198
70
16985
58
2847
1
32543
57
1
5983
56
27928
19316
45
83
2934
5668
9266
17070
3
90
3002
84
48
25475
65
14733
39774
14
29
129
319
35
95
75
41117
25787
2
29646
32005
90
43
13944
10312
14
2
84
18503
10735
86
37272
74
10
1814
48
13365
25462
958
2
6
25112
3
43
52
23
90
69
23723
40436
71
127
30
37
27436
25738
46237
2590
14198
62
48408
781
31308
11420
81
60
92
7509
51867
18084
8
3861
71
45
3892
3359
31
2353
41
2561
24
24948
21650
84
22266
13364
7
76
27
5385
96
38327
98
4757
24318
4632
19965
82
75
9386
4599
11787
82
79
10923
37751
14236
59
69
77
25
9212
2180
21
4
46
73
10049
79
71
63
8
3529
59
15019
13
20403
24
12993
3062
99
7234
14557
6238
22590
17028
1
18
88
27
22890
88
6274
25076
1162
31470
96
43
1058
7546
6658
88
51
44583
9
54
33170
22
2878
132
56
38
28141
23750
38198
4252
27
16090
93
17
12
2220
67
26496
6815
86
29
39011
54
1399
9
13
744
18031
28496
20807
28032
36
1742
21607
27672
6352
15426
1466
88
1421
37
20
52
20
40048
6362
1950
31137
37968
21
72
36
41
29
418
81
1505
23
17
93
3770
32290
20433
3452
31563
4472
16900
28201
10590
17
34
58
4732
68
14
12126
24
55
30701
31
44
6298
42348
60
19974
95
69
18209
112
748
2
12618
67
66
74
25
8708
17962
8848
2883
79
1473
96
30082
200
17207
41
85
57
92
100
10866
7
29
42722
98
65
86
6670
7459
9036
44
442
9138
2473
17
3639
2101
20769
57902
61
44
48
23673
2157
2772
80
32565
5148
12759
4283
67
1664
2
233
6529
15
3366
8695
36
7
4234
88
10110
78
25775
92
7965
7
20236
187
11083
95
20
9794
44
13660
160
77
31
59
29
12810
3290
35
11181
98
1120
7403
18704
223
1281
3459
7
1
4086
70
2602
248
564
8179
22965
23887
4071
22
38
66
11
13240
40
53172
5101
39
96
8
19011
3221
95
10388
22
1848
89
77
21400
7833
27636
54
9159
16
8559
52
7068
6495
35
26
44
31343
5657
56
93
17938
58
53
17072
35927
33
2880
3
100
50846
82
25036
12
3003
726
43
94
11749
12688
758
31466
53
90
22873
56
75
59
94
5377
2861
4
57
102
12992
13482
41
41
4305
6543
16057
95
15
80
10926
73
1756
13999
20698
8314
102
27342
28587
37161
292
12356
5203
9370
53
16852
100
97
76
22
97
5855
870
9510
11644
82
92
97
12919
14976
12451
24560
76
62
96
23942
7
34
55
55286
39566
28382
5186
3154
16502
26
66
37
94
18
25891
1747
51974
48174
3923
7985
37
74
40
27
2945
11216
6591
16971
26354
63
57
59
48756
14880
61
4558
350
79
61
44710
2025
64
76
43841
8
73
60
102
13808
8
494
97
61
16
1605
95
45
742
6941
38643
14
26
37139
55
37805
22
74
665
5348
68
96
87
47
90
42
38
15012
824
12769
7314
1488
9628
15763
77
74
77
6721
13890
15
86
41
21
13
33
66
3213
46
73
25334
9706
10831
96
24
6809
20544
4621
31776
4371
13971
26470
21057
87
19791
41717
31
43
100
56
26021
15
75
66
86
34
2719
9473
21
43775
101
24726
35680
11
5496
97
27511
15349
12
85
48947
26210
83
9933
88
53
10031
11458
26829
12309
22
72
22013
8452
6
35
2749
29443
8242
6
28
95
3847
13773
98
82
6
64
1135
52
92
97
6559
93
15
90
61
27874
3077
9402
41
40626
92
29
51283
20290
10854
21112
53
7568
4889
94
16691
37210
9
32354
45766
73
14150
1350
12414
23791
25328
3605
64
93
38
35874
44676
1201
7
4
13
9
19457
89
40
91
22011
21
3286
506
2475
41115
1630
40726
68
9820
19
17122
13334
63
69
41
9049
21778
59
28869
93
577
8820
75
49
3884
54
36998
23
17982
40
44
73
91
57
83
8674
88
10
36
2323
64
7
11
28061
46
832
29851
85
45457
21233
1530
25
88
31066
6211
32890
40046
100
21
11483
7184
193
14
66
8854
21950
14375
22
73
35056
35733
3498
295
5320
47292
96
1518
87
90
14
76
75
13464
349
5966
60
60
76
23307
60
11169
40005
41
95
14602
81
1845
25190
17
5931
12
10
17276
54
5
15970
6
50
6774
82
4099
93
599
32
70
50041
53
31151
4837
9578
79
42
3495
28163
10115
66
5228
82
82
84
25535
99
28
1895
49
6
40
1619
13194
31483
1078
2
2110
18
7
91
16800
5926
94
1632
4
98
2512
8
38834
1315
59
47
93
27
11264
14888
13120
5661
1737
13460
71
37
4
59
87
65
7
78
101
78
22665
30
20273
67
30201
6659
37870
80
42
19768
6819
62
4173
61
32614
19122
2
4868
84
16383
72
4513
15372
70
12129
70
7104
14963
23827
1507
15
15550
1612
35
8727
1951
47
92
17964
5464
420
10191
28317
1289
16
5777
11458
277
9
9348
76
461
964
45247
18
43
8415
10
12
2014
17165
60
12026
14732
9495
2109
34641
77
53
23560
28825
90
6541
2950
11697
23180
88
37184
5
6
3526
29
34363
21643
7664
31
2254
13555
8895
66
90
39
5
4336
5765
9456
4679
7314
43364
7288
13548
43
3716
72
13022
86
159
32
88
24484
38
77
4391
84
96
14418
1302
48384
29
72
75
4
2825
11595
11324
17256
4348
3587
37
90
98
48
54
76
2961
20896
7
9696
34184
29906
23933
17
3739
12
73
10916
229
30838
8
18701
49412
18
6315
10
11123
57
88
14391
916
12
26
3077
41
49
71
29
18803
912
83
79
42
39
87
22797
83
86
21303
71
27420
25
760
14502
26553
62
7
16236
3508
43
82
50
33
5831
3091
32894
42776
66
439
18143
266
15054
703
24
2985
69
67
8
7145
21314
70
4586
14461
83
18106
1514
18758
1618
60
28864
31556
2323
46
67
22056
62
19
5334
44
33
27986
27473
85
8562
92
61
38
97
9156
40
7
99
91
53
91
29171
5489
71
8078
43
45
4154
74
49
23
46970
2437
67
33
15
6834
7852
29934
78
37
80
28578
3121
7568
6
36076
6667
23941
51
1949
32835
76
35
11968
79
65
17107
31
22
20869
18
12864
75
26605
133
396
24
77
13444
29883
23
71
18689
63
33
2357
89
15381
44678
4
5
44106
2607
70
22799
26
2683
46267
101
23398
33
57
15242
11585
8849
20000
42
1517
17986
20579
56
6614
2202
6763
16859
90
8829
2804
28
32
55865
30
6
34066
23
30615
22
2
64
29312
24827
29133
1075
6122
63
34858
46
21859
28
75
21
2
5387
402
32657
4273
59
55
18872
22
11893
89
61
27
2184
4
94
5
40336
78
27
3682
30042
4165
9
88
23118
43
11927
43
102
70
57
5
45305
72
49
20
13
25503
7646
39
32
17
28169
24
3249
27160
51
36
5100
21242
15
17097
43
8786
2064
279
27988
22603
32059
18
18
10647
40
80
41
38892
23
12265
2
28644
77
33497
3008
40
30
80
38611
11290
14025
80
7
12895
64
7
100
19792
98
19598
72
3801
77
7888
36
21879
4040
3
15647
2059
91
16553
41
46277
9156
12653
86
2
35
101
46
41
49
63
1230
57
10
11263
59
46223
991
67
73
24717
63
3983
75
38
48
4923
52
49
96
9
26872
45
1212
39
3020
87
59
5
6158
97
20
26623
22
64
286
27151
16962
73
39
98
6641
7638
74
86
27
28708
57
19
7067
65
5294
398
68
2482
2809
15160
548
13781
2140
85
4
8744
21159
21079
44
16748
9
21133
74
42
35227
15831
2896
6272
21340
376
26443
100
5430
84
27491
8043
16183
16537
51
52
37670
52
22989
23
8
78
43338
40623
15336
39
27
31
6796
69
5472
63
3223
45219
38
50
89
37
97
95
77
15
37
2779
66
44
31
19362
47
42
43
93
2654
69
57048
92
29295
19
18459
6481
64
78
7937
96
9095
12149
4788
92
12403
42906
35
20424
3364
11314
91
67
39130
688
15
71
100
37
44570
24
21799
13061
4847
10951
23
31995
94
67
16593
84
23
24
709
11
6565
365
97
5377
98
42
6523
13753
35
2
3
23907
52
89
19560
100
14347
32944
3993
14961
66
13
31
27094
3625
99
5545
98
7413
1659
5863
8
10521
18
9
9
59187
20
5661
4693
7868
31
8175
49
6121
17
25975
8
16
15189
1833
19
98
31
66
31486
1901
12827
28
8715
2464
4699
19246
17734
8811
42464
25754
51892
1115
76
4227
22
1
8922
14
60
41
17299
14
86
95
8417
43
34
62
22899
70
38
781
13758
54
70
36036
2067
16125
8015
9
10563
30222
4
52909
41276
9178
24
36522
30216
77
31
65
6101
39
75
1695
2
100
42948
17938
54
1216
11865
64
65
6998
29484
18239
232
4164
13424
8
34
4696
67
18697
37919
48527
76
16533
22573
2407
96
85
12217
8727
95
290
24697
595
3719
1391
71
42979
49
44914
6591
31
14
41
36
50253
9
19841
15517
43612
53084
8968
92
762
15490
279
25
80
5
87
1127
1865
38009
567
69
6
71
12972
13849
75
35
14246
75
6779
86
27532
2978
7941
84
290
21550
2618
1962
3350
5194
91
86
37408
3655
44152
20
50
78
8165
94
69
102
9040
1433
16
5
19096
3
74
43
3013
74
57
2003
29
8390
43
4112
81
89
27426
4
6688
46
18477
35
6995
34
93
50171
32
75
59
73
7
89
12364
5111
4122
14587
36
30454
20097
76
710
23121
897
865
59
44902
829
25
79
66
185
8
91
80
25336
5
80
6088
22684
65
86
69
51
80
1256
6
10269
16744
26242
88
59
81
66
37
25100
33
16723
71
13420
1466
4863
13
6
16186
5159
7
2266
22463
2454
1664
27
23
7757
12051
23338
45
19
1366
7862
100
1694
33546
10277
6423
63
59
35
17641
18702
35365
16475
14
3307
3833
6733
13
711
2083
13526
9264
94
26748
922
63
31522
1
82
87
51568
31
79
64
75
64
48
100
6880
12222
72
61
805
11672
15
15236
94
23941
73
20608
95
25476
1042
38
15
97
78
14541
20
11
572
19113
30177
1
18754
16992
11542
91
3263
750
44
18444
32
32
22247
296
25574
25440
15
25110
42093
306
99
1315
9014
4
16357
2462
50344
1314
54
68
20470
26
93
24354
6253
50
69
5451
3267
16
36156
13727
46
4561
5115
46
81
9
72
17340
14
3
12862
35486
29
6191
96
12047
7382
39479
71
8
15847
38
36
4707
24419
34
6152
1944
69
1
84
56911
25
31
21610
23400
5
927
965
573
2949
33671
10390
34
1703
9830
16007
19837
49105
81
97
91
54
91
30562
63
27603
18
56
5204
12
26769
9845
18972
48
2872
19541
44196
50
71
91
34792
42
4
4221
724
610
17231
51943
48
29
306
63
83
6137
19229
7
17720
36974
35
4826
28
12310
79
59
10346
18
2595
71
72
13
86
14277
13
16634
43775
97
21
75
5161
65
30731
4134
88
16432
47
5898
96
8208
59
9
5618
3922
8542
37
37
11158
7534
1
20110
25115
8627
716
42577
18503
68
38582
13387
38061
29249
35907
23
6341
8198
42860
63
48
10
28976
35794
78
30
30423
43221
71
10576
19624
422
736
717
6849
22
1
1413
20
86
64
70
2353
2387
76
13555
16177
120
59
59
12
16
921
91
24250
35516
12518
6787
74
214
42
29
4203
93
23719
37147
6501
16428
239
19207
26432
97
89
19768
12
1277
98
12460
2
34
69
35273
41
1669
18669
46
788
11407
3570
25704
80
54449
3485
31280
9651
22569
49
58
35908
10935
70
25927
8
8037
10559
25884
12292
60
10957
38
35
78
86
44482
92
28774
6
11119
25
1933
8574
2956
6828
97
91
21918
60
1536
8102
2580
19104
4
14420
5498
92
81
2209
46
16
12
3
18
23492
13978
37813
2663
921
6483
14588
70
7974
14490
47572
42
47831
47475
55
8199
28696
31481
96
42
10398
6315
26068
5296
6
5341
2
10651
42315
92
2802
14
1
7277
64
83
93
2549
33
19136
28
9045
5785
5752
27
65
37
8752
29
8551
301
53
42605
30
95
79
65
977
26
13726
51
27912
13004
9357
53
94
11487
78
15471
51
16598
88
91
31687
38
16614
94
73
10250
13293
87
36126
27193
72
81
70
1377
82
7447
17613
1668
79
94
5417
8815
3477
1052
2634
93
51
34650
27193
3
41
23153
11
2709
2658
11859
42
5905
38139
70
2394
3762
26
18
34524
1250
6
33
15914
11554
70
5523
34538
78
2641
2653
17177
90
44
82
61
23
17626
12973
26301
8676
36496
18508
11655
50568
20950
16796
49766
67
52
44
15
5361
65
11719
83
50
61
15
20952
41392
4617
21095
49601
45
63
9382
42547
12607
36
7981
20122
16036
9563
22061
36086
46577
1
85
62
7131
757
5
44
46
1719
91
610
37908
47
46
4974
34
31210
6
48
79
270
45207
8458
15716
22
30
20
24395
2796
46230
18078
37
77
35952
35179
5725
28
65
75
26322
24
56
78
23
12
68
68
53838
96
1328
8142
11124
34296
20
10
57
50
2
3450
20
39
519
20872
13932
89
4759
24141
33087
35331
6014
16
58
15
16726
32876
92
71
54
22284
52
44065
62
2100
30872
51
26609
21891
75
14553
4576
1128
1456
19
17599
33608
32
38
10681
1
17
9946
26
3384
10
9089
101
3870
6127
17599
83
23072
45
22818
46
56
46
100
25
18
18896
14645
14808
16
30699
19645
45867
45
24732
3167
8685
72
39
47
62
21975
84
11376
11840
38164
6
10803
35
2
16467
211
6870
21460
79
24068
16694
42664
1419
30
19956
56
40968
26637
20
80
34243
4
24725
23
8178
95
51
58
13
20471
27848
24755
41458
32
28831
31
35
84
4391
20230
34664
11131
39049
61
15236
41
9435
10669
70
58
50
22872
1010
78
8307
91
17589
101
48922
11161
28983
65
38
31362
459
31
46078
126
75
22191
72
65
73
4
94
7640
10500
72
33208
7984
77
33
11409
63
93
2
57
28
5765
15526
3563
22
9
27
24013
699
771
9566
90
6527
5462
55
2199
1713
21
1
1752
17846
52891
100
17432
12217
534
10156
558
70
48
5973
16736
2994
56
1
21
90
8777
16
20479
38365
1573
52705
20850
78
3270
76
20645
49
15459
27490
4
92
25033
18409
4187
5849
20356
95
5
51770
10061
42
40584
73
87
73
8052
1319
62
46
23001
45877
29
7507
74
27
44
40
73
23257
36629
7025
19
37513
42
75
71
55257
26
73
1282
47
1763
72
19948
24646
94
6
75
2341
27
13670
98
52
25
10798
13
35906
46930
32565
7969
72
22414
29699
80
24674
24661
16
36
81
98
79
4326
10012
3859
20707
16
41
21601
1281
46358
86
10193
33429
73
89
14
96
3393
60
6226
54
1797
11951
2208
338
18
40
9463
24713
16651
13
6020
82
89
2952
57
122
32
39779
12098
12
31
11905
59
15
89
3956
21692
3
93
24
24
9
13109
14060
7648
43
13463
4
75
3
238
2827
12
16
17428
14203
98
28
42114
17222
84
62
94
66
16729
749
6677
100
10640
24963
78
62
18518
23216
26
34
4805
1382
15831
57
79
46
24
60
15123
656
18
23215
8
4022
7
19
4697
29240
19005
47
7324
74
14392
4
98
1289
26
15770
39484
58
11521
50
69
30
28813
12435
28701
2884
5848
17416
179
80
35
4113
69
1324
4270
93
78
34181
54718
40093
777
3130
5206
23
58
6
13
44163
2254
12
40685
4972
58
76
7556
18266
36580
9306
41742
24
619
1561
17
26271
19566
4726
7062
29
26263
27
6791
7
70
69
2390
7
16448
13
52
74
36105
54475
12309
40
6686
4947
44779
45
21950
13649
623
74
20296
65
90
2224
6078
34683
12493
55
63
29
83
70
29454
22685
9743
96
13
66
39909
4396
71
72
49
20141
960
49
15664
3957
13
4598
70
1824
51
29286
13820
3434
1479
7571
29
67
1597
20622
40
9641
51
8259
49
52448
45
47
7795
44276
99
36758
15
31641
8382
35
25
30520
2690
22959
42960
67
16
56
12680
14447
22683
89
7435
821
84
16
93
4461
25479
15263
5148
89
30
13666
18
46
43422
25048
37074
38371
18481
64
23252
5260
10
534
55
33
45017
982
44
40
45
4912
8
37
13613
3236
78
292
63
1327
34994
68
34
20385
37492
2872
1825
100
12189
8078
89
46
4725
26421
21972
22
18634
8393
21209
71
69
5976
3143
2948
23
79
33
8
67
4768
18
53
9613
10643
52
49437
23424
55
4916
24089
3042
75
82
13375
15802
9429
57
7925
90
2547
21719
15
19852
6166
90
26805
82
36219
23
64
55
3
47
40
101
102
492
10
62
16467
22007
89
17292
45
36
76
31450
11787
1
2831
4071
86
6
34
27503
82
10
29862
41024
3849
8590
41
21073
7408
2371
30033
62
79
27
46
11557
9407
331
101
2161
2
17020
23406
6128
31412
28301
19871
5
92
39
3972
7752
53
71
87
40133
8259
90
8
20
53
8716
54955
96
183
80
67
13809
70
41881
17599
25394
16
2339
76
69
4880
28621
5066
13604
10
22859
111
36
34950
94
36
1466
2986
758
17262
7
13693
44
101
32
8235
40
12
29966
24
39
2503
49
14858
42
998
13
19211
41
33
6142
33601
35851
2619
38469
59
56
85
19017
9607
33810
1869
17500
45
12254
21
8
35
30566
32
1504
60
58
15087
81
77
1913
22
13977
9452
35
4545
42
89
15911
6198
7313
39443
1425
1661
20532
43
68
20
11738
43560
14397
13807
41
82
15461
7
46620
95
30
23268
73
73
77
48
89
50253
50
52665
38
92
1167
1228
10727
9075
69
25
3791
10
3114
81
7304
48
27098
97
73
4
38
16000
96
71
8090
10881
16250
23
713
12710
32
66
92
33018
3236
23
4708
50
20404
10813
60
47
7
2316
65
556
46
21305
26490
93
16
67
2739
752
21
21197
57
36
1604
4228
74
84
1181
16
46226
8396
279
51
32
76
1971
2037
8338
13899
47
14874
38
31
49280
24489
33287
10818
29
81
47
9
12519
2489
75
5435
24775
44623
593
59
50
36
3366
80
57
21
3023
97
52629
34237
12182
17
12453
27569
23855
40
1647
11248
5765
8290
9812
12627
78
14
22970
87
77
92
4
69
15460
91
7005
98
15
55
45234
31904
71
6485
59
816
84
19651
54
6618
17179
45
63
98
38
6
59
68
15225
85
99
1640
1321
336
16
30395
35
20755
1629
1918
49
41
76
77
34104
94
23541
21
16775
7
10951
4608
87
30893
55
10
22166
83
26
11636
85
8451
2191
44
25
3351
94
22587
3192
70
15536
82
39
12406
22713
9596
11269
23895
3811
86
3
5479
14
54
12382
63
12786
67
277
38
98
24
4614
5628
9
840
40
20
81
25
73
3648
5095
26068
10328
7531
19616
6611
6
35918
87
67
15930
6479
9556
15320
46
14739
2253
65
18
28455
25520
36
50701
36291
48
1005
872
74
4170
46
73
16
42
84
18
21866
33323
94
18305
57
41
34014
33
35
12397
6317
71
11259
27357
30
110
1061
90
46
89
1531
5817
26965
2
62
52
55
16
14203
3876
41104
8342
17418
72
16612
593
51
51
2105
36321
282
951
19
36839
7530
46778
6144
5574
78
2153
93
12995
98
7050
16571
25322
60
452
34034
20
1396
19579
783
2641
12866
64
11786
4830
84
5118
50
65
3
14
18336
79
5
220
1334
4
8984
1585
31325
2911
24
7073
52430
50
18846
199
66
16870
33624
4019
4598
1988
952
85
48
27439
53
80
16725
9620
47920
9962
2382
14
11
8544
5560
39976
54
13369
9458
5504
84
1984
88
33
42180
16193
4888
980
2560
34
52118
9
9596
27
29890
11324
28
10853
34491
11221
7124
22730
44
3644
45203
102
4980
29743
58
2205
35292
18691
6541
69
599
82
26966
90
30887
53824
79
7
1913
75
8
38525
12428
52
867
94
76
50
76
95
439
17726
93
26206
1285
10798
11678
80
3317
2845
9896
26
3230
34676
10843
6
62
26301
41
20963
28242
7324
59
20
8789
33
78
101
29
93
37754
69
84
45
34124
1040
6815
44522
36427
45
12569
4
8711
15269
85
9876
32379
33
13659
8574
37441
11
51
15689
1294
6532
81
67
23
53
37011
909
68
41
62
26
98
92
38700
1
44
350
20
9191
70
3
100
7093
22527
25126
5673
6
6
8741
21895
11067
51
51
3402
2314
35295
39
21
6171
25393
68
4320
32
3327
26289
10331
97
86
30
15952
63
14291
31200
343
13845
72
33762
22
26
64
5649
13601
24962
12859
40
4806
89
37320
86
55409
23580
496
47567
6
92
98
28
99
3619
90
96
8900
38968
90
5858
91
2289
16371
40
80
91
42952
62
23847
22526
57
11
7809
22
16973
17033
12428
5647
99
84
8214
4059
11
15
51
14156
6569
71
8184
74
75
81
71
41038
2
84
62
48
1834
22
50
39
47
21938
84
6548
39
81
4622
26
22525
39
2818
37462
37
97
393
60
2585
3082
77
3
3
2565
23774
48
8
19732
9960
21
77
4
59
44996
9613
49801
87
45
30
19
71
88
76
32235
49
56
1
1633
19389
62
36
1651
12180
3106
2939
22
929
17
5224
34
26768
1
19
3479
33300
74
1661
1
32712
67
91
37084
30
15891
87
82
8610
51
33511
2064
68
10887
517
3678
10254
34707
36
43
935
3060
51850
14983
37
44
7
30
34
1245
13
28
2639
12923
1335
5180
13560
59
9401
22545
92
29970
451
7861
89
58
99
60
193
10681
28
28674
10137
298
23664
97
7499
1808
35613
44033
20164
89
8884
8200
81
59
58
21
1864
20
11471
15144
73
37
32385
15939
71
52
7108
5658
2
543
16478
16473
16030
21539
18736
7693
53
13461
26971
47493
47
381
13689
3
17932
21288
1355
21595
64
74
38
4865
59
31078
344
32941
84
5410
10928
24
72
62
64
53
3
10113
6246
99
66
12
26
5778
9419
68
18540
41
9170
6141
21702
4717
56
69
27
1449
20
92
21830
203
66
7639
22827
25144
97
72
396
25083
67
28850
15127
18800
33673
61
44122
2705
31189
15979
99
1600
43772
28050
68
54236
1775
18
81
38
47
72
2276
83
6504
46
29
33
5
7524
82
19362
43256
2796
68
2443
45
34
8377
83
31968
56
2959
100
17
10798
40238
90
90
19689
46
17
35084
21
81
89
3267
9796
26
3050
29763
17
4
29827
15153
7451
42
34
37847
4
37
14098
25441
3601
58
8
7
4802
22
3
2457
22185
55
2553
26202
7483
29
52447
23701
2556
6218
82
15044
13
673
7845
16
1274
6298
90
34
13
55
73
87
155
42832
25
39
62
4675
23273
80
85
80
27463
2927
4612
37
19874
26
30062
35
97
96
1967
46
32
7238
1484
10
38
58
91
39364
12053
16
55
32357
19
7716
18
12642
15315
52
63
12562
18971
10220
28
21
2569
1646
51
36
20203
6527
25006
2185
5013
19767
1703
67
1350
4899
19307
5235
48
18690
17
4
2785
90
15750
71
8928
84
69
25276
3887
36
27
1918
8850
7319
9
20
8792
8525
32007
48000
30703
48
36048
3949
50
35021
28686
6149
79
46
95
19
69
90
47
13555
4170
6885
42
12724
9885
18628
80
17478
9954
19450
4038
11636
9
49582
7
40330
14053
44
1151
3441
5
66
32
48
14381
14974
5698
42
2650
45
24
26
4
33196
42
18476
56
85
3538
52
5580
27385
47
10374
11
5123
10607
71
25547
13
5729
81
43791
7884
90
15439
70
84
38287
79
292
204
13
2258
28054
16551
8
63
2324
33858
1451
15796
16876
27495
33472
16
15470
77
28970
659
311
19139
56
8
3629
2803
13144
1
2335
37
54
3
90
891
61
31
82
14
13026
10871
32
68
82
32195
594
64
4126
2017
63
22580
28
58
41967
2154
27
67
41049
84
42960
74
62
24
93
15967
5
20032
24
27
8750
2764
22
3
4662
29
42649
3041
1736
3521
5334
7
43
66
41
1039
8230
87
101
88
1417
51
28
5398
72
1533
30155
15
2906
72
57
6
11405
1070
11352
17795
75
7991
2433
1256
20
16871
509
49250
85
16
24
14403
1132
79
4266
1864
25
87
38
7089
54
31843
31269
102
26
61
28427
282
29057
2843
13062
58450
93
86
73
45
11326
1
28405
44375
15
33
93
1635
2997
14
2943
2122
77
18324
1
87
3317
27
89
37
3877
4934
66
4
16330
41462
1964
75
5663
83
79
31
1183
5587
5508
88
27
52
3467
14803
90
20187
84
82
1121
36848
44
6343
21
13127
89
27
13570
18823
81
27
59
1579
17738
109
13482
3270
37854
32
9
26573
5258
17
54
3494
18481
95
7479
25
9
2567
16872
24550
46
90
26
79
10414
59
7287
33
15560
9945
1123
20346
95
22
1900
5189
2
102
89
13729
14801
12354
5025
60
18
94
3948
92
5440
56
17119
94
84
7
4609
12
35
9578
99
7
2339
6208
48
16
12
38
99
68
40
34
7126
44
26
98
33710
93
6220
85
10767
52
44912
16760
31266
33203
650
51
46860
28
6324
7242
20
60
9
22017
77
27721
86
28
17993
357
78
22
96
33000
16
95
97
22700
3137
46
71
66
17
15676
9327
22214
18335
42508
5996
13218
12
12672
6639
7626
63
41
47357
1679
2411
47
67
38
68
29
97
21
5128
80
101
41
9966
17690
7489
5031
77
50
20057
90
38
8431
86
1292
8620
94
25240
27534
5415
11
5
37
173
33881
20186
26909
16
5255
4
8
26
44
32934
148
43629
20787
20924
90
29164
45
15
15
16906
79
11258
41785
89
28
9287
2138
11013
30620
145
56
24429
38614
5186
4877
30183
90
41692
84
13165
58
1239
98
42
9264
6
45
51
3984
10837
39797
22643
8622
5338
20
2883
15848
50
11
20441
3137
3508
9107
12
30
39318
38240
39697
1073
58
88
27069
3420
4043
16
9066
10561
11041
35
100
23
77
12274
69
10525
60
101
6
15661
26408
544
36
4353
7079
47220
48
30
10966
54858
57
8058
41
30612
31346
46926
10504
6755
7
32101
15477
23
7262
31374
35
43
99
28396
968
30
78
10
67
3985
7259
4977
26522
31060
98
12048
63
98
8
14
65
20198
91
28
94
2
67
70
957
55
44018
1542
59
21
101
82
83
49
72
4776
14167
9
25
24605
7959
267
17399
11
78
19
3724
39
46
54
2559
10287
90
37
32141
1710
16378
22369
3023
40410
82
12
47393
983
40
48
983
11
11
5268
71
55
3161
1203
42698
2984
83
30614
8597
148
15
65
85
11392
1533
45
5231
62
51
2494
39
16
44
13
77
16
3662
51
86
7906
17819
8759
4778
42704
2273
100
87
41488
15073
18
88
17
4733
12931
2465
3413
1983
28
32896
79
1338
46268
11
3875
3080
24028
100
19446
527
2196
13214
4558
28
1729
29922
13397
7400
8
66
6410
95
105
43
14
51
56
86
20349
3858
932
29683
34867
3206
486
6207
17244
4900
17
24
16116
23785
52
854
14393
78
96
15834
32061
5842
28405
36
36830
21823
62
40269
10352
1455
3073
91
717
20158
68
31
153
69
11880
11
14297
8937
28
42
35905
35
1227
8
21096
63
9559
5468
58
52
87
81
39489
4846
14395
1108
60
7
79
39186
31
42406
2996
41282
3776
88
78
96
8484
12595
1
64
48
6441
5265
78
20855
8
5245
18
5
12217
13851
99
22342
17110
14242
25
60
59
6880
66
17661
65
54
30
716
2255
32
722
38537
8308
92
37
21
1193
1374
59
2603
15521
6
21953
39
21000
99
2
22
97
95
6624
3554
4103
23074
5496
51
27544
1
32163
92
19
88
41254
15567
40
51
278
73
8623
79
10
15067
14
100
35654
71
23
33
15822
20350
76
38
50
71
20414
12740
73
36
21887
28
20736
472
21
8327
19214
40
9745
12532
2119
15597
8222
9161
6966
27
16588
40588
28
18
77
29812
16412
6188
70
1699
98
82
12
8998
1138
4753
26
577
71
7634
355
14657
33
8
86
519
25323
11
37
71
51
88
3
41
80
63
15639
296
14252
91
27
3672
60
73
7
54
1041
19186
8593
5780
11065
96
96
16
57
13
68
25837
97
66
1871
16423
7068
55
91
82
17683
37
30405
2
158
65
38292
5
3425
102
16671
3014
84
72
4589
15747
3
9
2185
21815
85
102
12
21603
78
54
22009
45
43371
37
41633
31
6957
13
41517
101
12
56
27
34
6296
55
49924
85
19
51
98
18963
94
53
5610
80
188
96
3230
11
24
26899
2
1
19877
3452
3448
40808
58
91
174
97
60
60
30373
66
11
33367
6260
6253
14453
97
1602
22
48
53
89
56
939
79
11327
18139
78
3541
85
14929
5
29
12
10230
14280
52
18
15036
1139
43
8213
5143
1545
73
5750
65
8
86
31117
36509
5283
9013
14
88
23015
30958
5671
2959
76
6261
67
2
3478
5757
67
2754
998
102
45
59
7403
10494
39
14799
20
17104
3127
41
20976
73
2872
8995
8
27752
44
27419
93
60
28500
100
22801
48
41
24
20374
7382
79
39
12864
5672
43
3586
86
52
1123
9806
10569
2841
23739
50
43
29915
30
3
23299
91
56
36852
5529
6687
11685
58
24
4873
6565
13160
69
12301
19137
57
5200
50
2960
1028
26
9872
79
24754
71
52
7645
9264
1222
10349
206
19
19532
69
2
79
6
79
569
13555
31566
32215
43
16793
16506
59
1392
91
68
2171
99
8492
4
44
6
8
7336
40408
400
6
68
28269
2903
88
7
3280
9917
5394
194
15631
617
26057
61
9707
17964
32971
100
4461
13
18203
20
55159
90
43
2240
3375
53
90
8002
72
28
19877
3444
2706
74
163
1049
484
1062
9
7657
3692
17999
5293
15594
1905
1
22
26299
29255
31907
38
1249
71
991
44865
9770
85
79
15227
32884
15
61
92
52
30
37543
4557
9788
4694
5523
40764
11443
54
4449
90
5453
400
29819
2
16384
57
5579
24
31971
86
21279
77
11
68
8
12104
26
9023
5975
7900
129
24452
8
33903
79
40429
46
29
20425
55420
30
31937
40
10
10958
3
44
54
29671
1
42421
39633
99
1156
93
79
23179
52
246
6
10227
68
9162
78
8
3637
13047
54573
13053
41453
6244
15563
14868
17164
2138
19460
23211
6003
9101
34642
3142
38109
84
70
71
885
21
16456
17575
8717
13
83
81
6594
40
2784
1385
74
31
94
95
12
11579
22891
36890
41806
6421
83
25354
65
5794
2322
37995
8198
10382
12050
10
3117
9
3270
15
24319
40
98
45
27838
64
1406
8
5830
70
31
65
22
374
64
2
19433
28
26187
68
97
7254
21646
6393
11410
6
24
30395
7444
76
47
23875
47310
740
24
7111
56
357
32880
56973
1105
98
36756
77
48
567
10352
10654
26337
3668
2937
36529
24
55
27
8032
15398
85
27242
14230
54
7
16927
4598
12368
96
39
59
13474
33800
47
7
35685
68
43780
10916
50862
7054
12
4010
3547
50
31072
43
92
29225
3156
2910
3
96
16218
88
16725
26607
83
4
4655
2609
29
96
75
19
15
330
58
8808
99
4
18924
3051
2
9266
84
13883
75
41
5909
58
240
15581
8339
57
5838
1216
17087
5337
57
36
2017
496
87
1148
40834
65
6390
10884
2947
9929
31
81
28
36073
7995
63
5752
29893
13257
3
42793
35494
18087
134
54
55
2029
16
30
4383
5936
71
42401
12
44
94
38
702
51
3077
101
26794
14
8
1
3530
39527
14436
52
243
6
1
3675
20173
601
89
12096
91
93
46
569
298
39
44211
31
71
1678
38
15303
20
14792
33361
16216
43833
5955
51
10274
43
591
14136
18210
82
7612
96
46
1130
49
11189
36
20310
6421
468
11
8430
15189
24546
1912
24191
9165
1060
3971
56
4181
6267
4129
20193
5510
351
31
38904
10108
27
26649
18391
27916
894
408
6372
3178
8178
202
15945
59
3136
90
58
86
14075
8949
22695
12319
28137
24
16
52
10342
83
88
1976
38
27818
919
15793
18652
16434
42732
22460
13700
72
10
9482
54
17965
79
14526
29898
855
100
9486
859
20
50
97
7403
16831
5823
74
90
765
99
11906
2260
7349
81
5080
2099
119
82
18869
42179
16478
89
40
93
5919
99
4703
43102
94
27
32952
22
6711
434
406
44
6818
29
30245
10586
48445
97
1708
9
1083
23478
77
11986
3048
54
78
75
11876
6389
1099
58
417
1443
29
12625
100
46760
19
79
94
36
13787
13867
8
2514
9
80
17436
30
6343
18424
31
21217
17896
101
21
55
7881
38
56
33199
8491
70
12489
12
31775
178
33476
6668
54
8239
51
56
89
20407
70
7
2920
8274
79
504
81
101
24547
86
1487
13515
97
7
3291
4469
9738
689
76
25
33445
2
70
6310
89
83
34
36085
6251
9
43
1924
40
40
24
21897
27902
9616
2
10656
92
7381
2076
73
80
8997
29
7
64
12068
33338
37
31
27921
32
23
68
13483
57
91
27
14378
11956
21024
71
34669
57
101
7303
55
35
15254
14241
29
102
4
33
98
5414
31
53750
9
2977
15473
23368
1038
4080
59
1075
74
81
11006
31704
73
62
100
24922
21453
31111
3450
15065
37985
7
11
89
9268
78
90
8232
3921
10839
22
42
16329
11961
31
10
56
7
8
4532
12416
168
15267
13294
12709
29
53
74
28728
21
7886
94
5
492
24088
1294
9968
5086
13148
15054
5809
21299
25108
10974
1256
34
508
20460
12781
15452
7
65
89
49
7255
84
53
93
4864
75
6751
1148
39
17
24894
65
16316
82
73
22
2109
68
57
13858
1451
36505
12279
21
9212
772
64
19
60
10356
31
54
45
22928
6714
59
5842
31576
23
1927
13245
84
6
73
9303
10835
4
723
11420
50013
24670
51
10581
41670
5060
24921
22456
1188
98
15704
16
1284
37
37427
81
2223
13804
15917
21211
27
8949
57
6537
48098
17
60
16977
80
46
20662
13124
13165
45
44
24059
36652
77
14
92
5473
90
81
2604
4275
1585
68
4200
15
1509
54
39
25819
29
101
68
11428
4149
89
2226
44273
15186
75
10763
6614
60
1784
32832
217
3
24422
1138
56
30862
20193
3916
9
21640
75
6730
92
3265
7584
2772
66
8639
324
66
42
7261
1177
50973
83
12
26707
62
20207
7
31893
66
94
426
14
99
557
84
61
32184
88
25231
88
827
26278
2169
23159
20
22857
4839
67
44021
66
82
33
9
85
5511
15733
24978
4415
19607
17004
7000
1364
6867
20
28481
91
27095
26
3674
6853
50
1345
20
34578
55
10
12767
9070
84
37
50
380
2722
8
50
5008
25120
1639
67
17072
73
50
36
28
12850
20440
30
51
32
18
4598
7
5109
8137
13
23414
9935
87
81
87
32
42706
74
52
64
96
60
99
106
53
38
28231
96
1306
4184
53
68
16
3253
3770
30186
94
33
72
27766
28012
91
55
73
27046
3649
47
19975
15
58700
8
6032
4106
588
2
63
15476
21215
5439
733
79
85
33
13125
53
81
16963
3794
77
124
15207
64
21998
24
58063
4
1745
7137
23909
4576
64
11258
1
27374
88
3327
13213
99
1199
92
14471
76
16831
48713
11448
2
848
81
16000
5
82
41891
38358
26
36
60
29884
3492
4750
35
3512
90
12
4866
44
44
40940
22117
4142
24
58
7
69
2467
49361
54
3016
8354
6005
229
11204
2535
35
4
7180
32
11155
27192
48751
56
93
15
15251
4
35165
221
65
53
1
15
17
1501
74
51
15184
1125
49
16
6
33
32936
75
12
74
2
55
15658
45
48837
99
39
93
73
12098
539
44
11271
5
21855
58
8
35145
2
60
46
5452
21724
21294
72
93
90
31
15383
51907
60
65
6111
61
95
18
9
41329
20
5550
7681
48
5908
20570
15385
1689
40
11746
53
41
12353
66
2962
20563
15055
49
18883
56
3
89
166
17398
3203
96
88
54
8066
41873
37
77
6
1292
80
84
7758
11226
23
2074
52
14726
38
4259
24044
8198
1500
3677
7874
82
3175
9588
29
20753
29011
17808
32
12197
62
632
15014
40
4758
39
72
11
6
26
5133
43
53
90
16154
10971
76
9
40228
8549
22
3798
272
4243
484
92
7168
45
38
35
27139
7
39
535
21
93
6
88
69
922
630
17
6083
4011
2
21
28
10574
5427
5244
21696
29663
22366
3537
7518
43
10
10290
84
71
25
69
78
28
451
30
9900
15
2559
3897
96
61
9543
10670
6
17401
77
20618
10
7467
11571
12418
40
44
7802
9054
38499
8
38284
44
10868
19195
77
46
57
34090
72
2782
79
7
11302
6830
99
87
7886
40782
27249
68
5951
84
15741
11094
33
63
22077
14
68
1673
78
63
100
2370
53
25185
34741
11
4960
42260
42001
6682
3011
18731
77
93
13821
8590
8361
2245
39400
16015
461
73
58
4095
20378
99
76
82
23635
13
46
28841
22359
7
99
66
856
15414
8329
2518
64
80
34257
10
9949
98
1687
310
36603
10355
266
161
18157
14758
86
4951
55
2929
49
9407
30
68
95
91
28359
1035
88
15046
38837
24
1733
21491
3326
5871
26764
2638
18002
4643
9499
10073
48
5165
6330
2889
3
34134
8713
4716
3
8899
2309
71
51
1163
515
43
25159
100
10
18
99
786
20311
566
16
12068
88
12283
13165
36461
2652
1070
19518
54
72
88
20481
48
10994
11292
2
20
1458
34573
3358
41
99
29712
80
52
26869
27718
47712
86
90
6711
71
96
95
26
9466
4291
9
21451
21006
37928
21416
21080
15666
42
21938
96
4615
20536
63
3197
26
7712
3
41910
2747
1090
67
84
33
12
100
83
78
13291
314
37721
76
19606
59
24300
83
56
4
75
49
12229
39
24561
12609
39
16011
8
3835
20
2
839
20434
13241
14734
38
564
562
11716
7
2778
95
18
83
11619
37
14980
67
17619
92
21232
64
92
19781
27594
68
8248
19242
59
19744
880
29
6149
52
1375
42
91
8
2019
9936
19
50
18169
591
64
9
13029
1261
47
9
4
8053
84
4057
89
17022
84
94
17698
30091
65
2029
3179
3175
99
89
3789
84
8230
598
26
5045
20
19
11
21028
54
4023
777
28677
8
3069
26494
47
12
21
55
80
8068
3
23015
65
35
4830
26287
46
82
1635
17722
47
246
9
3191
1561
94
427
77
77
82
10280
6099
89
18950
39410
53
3322
101
29471
14
15
7141
9
4
2406
100
100
2288
98
11
18044
13726
1708
14713
9254
60
13017
22246
12140
43
84
5023
51
6476
11719
42930
56
6
12291
4021
86
2759
348
40
2543
2529
70
2557
3224
1190
33019
72
664
12
17042
9006
14455
90
1179
78
32606
79
79
30149
6702
66
17
25735
9578
12911
26813
18
93
35
23025
22929
34818
86
4242
30710
37639
59
92
38977
603
47479
95
99
74
39598
32
24
17600
19
67
488
19
22
4954
61
664
58
7441
870
1693
9102
10814
19626
92
2
37
46
5966
46858
46251
24689
62
79
41216
32
58
13
88
22194
76
10
73
27193
10514
29573
4750
5129
85
12854
14674
37
7642
101
91
37
44
85
71
50
14871
9322
30817
83
15592
92
36
60
33
21068
48512
29
101
31
2073
14275
783
1
918
51848
70
32
25527
17251
86
6162
76
47
10266
9324
21799
22
8831
17024
44
7061
43
13371
87
3006
17396
5
2455
3160
19089
9649
44
258
40
91
32
46
4717
9581
46
45
1739
985
2847
80
8685
4439
13502
46109
7
3327
4709
7003
24
51
18723
15
42672
75
17
96
6
34147
672
74
29168
30416
1254
2541
13038
25682
2
41514
83
6211
1
8323
6803
12110
22511
35
56
16118
53
4299
21686
632
89
80
17505
13
11899
2
19182
3
88
78
45441
19025
16796
24
38
51
46
42687
17626
7
32101
103
656
23265
42
13441
2867
3
514
3
29
9930
90
53
2911
45668
33
3
15493
32
13073
2515
44
46752
51
81
85
26279
4
92
3795
58
82
67
6719
54
98
14038
1928
4
24116
12081
95
14974
2
10
13241
5385
7042
393
39
71
14274
14490
1899
82
9452
655
13
40
357
1647
860
84
15571
510
27
63
52
49
101
63
23
8
77
81
72
86
26788
1596
28
495
11816
72
23122
47934
15
57
2928
13163
46
3758
2847
19456
75
34
87
14587
27
23573
62
8
62
1624
27704
60
9
51
83
90
6834
98
73
26996
65
49
88
7
36
17603
28825
95
6404
22492
100
24033
33502
1333
32
2
37
1
13200
35329
84
3558
49058
14122
39012
35
45098
80
32
12099
10333
85
15239
80
52
76
98
110
11120
100
2098
5235
1362
5
21
15
223
37893
14071
4570
31
37681
8339
13865
7
16541
49
47259
40330
41
6
14589
1
3519
2920
12886
81
65
4451
25298
62
6542
2438
12213
5
4650
1019
95
31034
15214
46842
63
54
10718
2107
33005
66
16022
82
14
1400
59
72
155
98
7126
22
40
35763
52
68
95
38983
56
47
4550
94
17
926
44
54549
9
5
16774
4154
1036
4004
39
6142
17825
69
26928
3382
98
33538
95
27827
35
48158
1604
101
246
10011
28
69
11530
13275
36385
98
15891
4755
34
21194
4819
4
90
60
64
46
52
68
11933
13
957
2932
19704
47
38999
5
12022
10834
28490
23267
899
31
84
2597
33
2933
35257
33565
15
4
102
33512
51
2134
6
324
5965
30
20643
54467
34
3020
28364
10
17854
15171
60
21
44641
46
5173
1682
11774
101
9
4188
10936
6
1212
36
4562
88
7
20699
12345
10898
760
4817
72
86
7091
23277
61
1031
16
713
44
152
95
57
85
20
19558
97
45
16484
101
40
94
54
70
24190
34197
17
40025
100
66
75
14899
78
4106
29
422
62
2714
4135
836
14143
1624
64
13750
95
1543
59
31586
85
89
37934
46304
4385
16354
13314
25644
32234
83
2108
26566
40553
3038
1491
49
53
2695
14449
66
37
17852
88
695
12517
31936
84
572
46
14
5353
12711
10547
72
5036
32
32
14419
48
115
81
23
42615
55
38312
10626
46
4843
71
45
23657
65
27
61
33
87
4109
21284
37
98
34
31781
49857
48812
93
13824
48
5478
4694
51
19966
20001
13339
3155
82
49430
17571
581
84
8
288
41
64
20405
11137
3634
31
22965
39815
92
10
3605
4543
37
22494
7784
6615
83
36874
46
42881
59
690
3198
18382
59
17
1293
6
48
12526
36627
95
5868
14159
9877
20490
23948
5151
86
77
7640
38532
18188
2113
30
91
19981
41
24410
2289
14
29
88
43
31
18421
79
6763
86
5717
88
413
95
43
13
243
16302
29416
1498
85
11246
24251
4389
13997
23
11
50
97
23983
5894
29951
24
17
2056
13592
4
18
60
29498
22564
7
16
98
2406
22
20591
6055
30965
2386
7636
14216
29
515
41
10731
14189
12
3
18
95
41715
42585
13707
11118
983
55
24283
17105
1939
1494
49
37779
9263
661
95
3040
7023
28
30
606
53
7501
49
64
71
3354
24
10082
23589
65
20140
5
5854
1867
3937
12
62
7759
77
5389
31
38250
314
73
25045
46790
34204
7460
32411
68
78
72
7642
23925
13293
19
10
27441
995
7733
44
3939
4605
94
101
20290
52
45373
61
4440
35985
79
4043
14928
35
8
5884
49807
35517
2
27125
13
6704
1485
10170
69
11682
84
75
40
88
11781
9250
35880
86
18
42
89
98
14962
37
30
74
14118
4091
41
16328
88
46
3
77
6203
6349
5551
25876
29160
6
18306
30
8
2376
8
34800
38396
42
15307
6534
31
41
44
48
101
13014
22075
86
1606
96
71
16703
18560
98
5131
3213
4044
1020
56
463
11722
5694
1
40
37160
2156
64
51
60
54
13
97
68
32409
42
11028
38877
97
63
10085
36049
10407
2020
6725
28908
102
19814
18
14737
24597
63
28849
6055
22
11464
42373
10194
25629
16863
12728
4149
101
17042
53
1708
49
48584
5238
9
60
39821
27547
60
3296
5004
1422
49653
35
4833
55679
1079
23628
16605
79
29854
17618
47
36526
36363
74
18
9286
9317
42
41
67
36091
620
18743
71
805
24
24989
4536
1430
94
2387
814
16221
18
18
47
10464
3770
23526
7553
17
58093
40
74
40
1
1248
25435
35514
8
46
99
25465
5383
76
44
1081
21387
19895
4293
89
100
53
24306
6929
25
88
5227
68
127
20
14503
35
33802
38
16644
2
15295
11016
5490
35
7
36
2159
17
79
1410
17230
97
24738
5134
42450
94
2659
19695
19
64
21532
5968
15870
38263
15766
66
855
8024
88
24
64
3022
21065
45
75
57
71
97
22
40
14765
8891
31
68
6658
17284
80
2847
7280
21587
7206
91
1377
11533
22404
7185
1667
56
4486
64
9918
7937
14618
9526
95
31767
20344
29429
95
2498
57
23
62
34508
25360
31895
76
26264
60
53
18187
175
64
89
69
398
18
92
6470
35689
25
85
551
37
20574
32823
7875
79
2817
26746
5353
1019
693
8659
32216
917
30
16
23394
51930
61
37
4379
27903
16500
276
89
96
38
8
8328
8140
5
45547
3
28
70
15
75
16908
21039
25743
8829
99
11381
33
94
12033
22
199
876
5
93
40483
44
22132
28
42137
26
7212
6
18319
26971
27
7
15443
9464
61
7
7
23468
939
26
34655
10
345
14
17613
184
99
9
16
12
35
46321
14032
1355
10096
76
78
17724
95
219
8747
94
21934
59
98
29540
80
31006
24764
19363
3
36
96
43
43
24196
44686
2
40
35501
1631
22927
22680
4265
6531
26010
37120
45569
42
79
8512
6428
82
78
9798
6509
4248
41
908
98
16
22
87
38
74
1113
17435
3486
19581
24035
1176
4738
82
36047
1279
44328
16737
12754
36
62
6
28785
25
76
67
16122
53
64
1897
5021
37184
6665
76
66
6038
85
10257
26178
2691
57
38
9305
65
70
73
19494
2337
7781
101
27130
27875
69
18057
15184
27466
8364
75
30521
539
437
73
27840
10765
13
8350
90
30
41953
54310
75
43
4427
70
41985
32087
27
16398
32286
92
6525
35
101
37
24351
63
13555
24
4318
3415
92
81
22228
14885
3024
2
9207
11313
9317
16334
10536
47
418
19559
101
65
6
14794
10720
41918
20
26396
62
13512
22
49238
6970
13764
3444
23
21130
62
22031
33
12849
25776
12
2
17271
5418
23910
20846
18338
8049
7838
67
11932
76
2568
80
4446
13915
5749
41
32
26091
23082
3
50
80
12717
52
60
4558
42733
6504
97
46
14603
5249
26872
1352
21676
13652
33949
15452
26
93
8
36
4
5697
5827
19297
14424
3
34257
49
3910
4974
19
28438
6
3
56
52112
32365
64
24
16
510
5676
5206
2676
71
14458
43
7809
16181
3919
88
93
26289
32854
24
49
39
40290
7477
23369
12821
8438
31078
15451
45004
10
33973
3150
95
20338
36178
30523
99
7230
96
959
29
82
29241
9107
1
8988
23174
1690
18165
617
99
18825
88
18
21
690
5
2767
4904
71
46
94
11882
13810
54201
18
10260
2533
448
19408
681
50714
11
6088
28843
9
11
6671
49507
3942
73
89
6895
60
40
86
1197
6029
2515
9082
1140
94
1976
2253
926
11725
90
78
847
930
98
11441
38
43691
10028
4646
9407
1072
87
15614
769
36878
21582
3301
28107
18580
27937
306
12897
18
99
36
18984
14804
1947
4456
1563
12782
46969
5678
2285
99
56
69
535
101
98
8673
1601
1614
88
75
1249
493
11123
28526
2
58
3719
96
17347
73
68
3463
63
80
7051
23
19667
16471
2332
1
289
68
14
36194
17
89
2090
12966
16714
24866
10175
12778
97
11752
3
82
8638
480
19717
14223
66
57
93
17528
38
1291
82
95
183
19963
6818
5239
79
29398
91
63
29990
5142
3343
36
24803
96
26150
29
21565
10893
31415
23674
23
26332
6097
53
109
5584
70
83
13
329
65
25
8604
5307
56
1
34
19420
15262
6536
3824
10306
20
17
19
40662
66
69
24074
11114
63
100
92
22980
2506
36
1460
67
6166
7386
6899
9
53
45
61
93
7
64
63
26590
85
88
16970
26284
85
3605
17260
6855
37938
19
11908
32
14
73
9588
77
34259
2
7701
4215
15493
33361
7733
558
3141
41
39282
10812
67
13427
85
26016
1061
24262
36
62
16845
69
40
17
12777
4543
38307
79
71
16056
950
16162
12979
3983
81
23033
10382
13
21574
25
65
60
31
76
5912
15606
33
28929
18
6431
18681
7
19221
32
2588
19736
19
98
3034
76
10
86
18
4149
102
36002
17
9756
48
5418
3855
5647
54
19
87
84
44
19
8571
94
78
97
14638
33092
10
10
8961
12513
9066
11797
26483
73
16263
6766
1197
4356
15
78
9593
16491
20888
77
25653
10898
26996
51
13
50
4650
14007
13580
12196
10
2345
25
2407
100
43
42091
1361
11983
24
95
63
653
38956
5
74
40569
37374
73
23099
25637
93
6
4638
10
92
77
1174
60
71
98
35021
2151
49
46
1043
4969
11869
13
10161
67
6
14258
1
13712
60
80
29639
19696
605
15
4039
30
71
7761
9
56
25248
29325
19496
46
86
4716
5495
22
3347
63
55
28141
28
24
2563
6889
37489
3699
64
57
17177
30
41154
873
11271
60
58
93
4
5567
96
2150
10516
65
13643
21
13
66
17628
88
12444
6143
628
43
2361
9811
14094
167
35
23960
61
3947
998
92
13700
29131
31120
24
2158
15248
14928
25585
42296
7219
24
30
52
47717
21648
27691
54330
39454
2900
8
75
64
1167
9241
70
52
7649
85
1363
46
1480
21789
942
2537
5055
3663
45
48764
74
24170
67
85
71
28
5151
97
31294
38737
47
59
8
56
18522
77
79
6654
3893
43
4935
17
45
58
70
16501
567
12007
21106
9297
2
38
83
4438
53
1984
27968
14
55
73
83
4156
4
82
50
29325
4
733
8446
15464
10685
95
7410
21978
49
22688
64
21929
26200
4552
63
26
23226
23287
16
102
30
37
571
81
31812
6957
9353
40
24726
6396
1118
1598
18480
18
6
86
15
9834
16418
60
60
7165
44
1085
26
44
63
13934
21
3
9142
72
25838
2
60
10033
2163
2607
2281
24049
102
68
4
73
9609
93
24
16
4922
94
5136
45089
86
16
4754
128
14940
62
2813
32023
94
13
20377
12136
31937
23
32512
217
11459
7817
47627
78
69
81
14098
79
28
7188
34
28
45578
20628
7183
64
4535
44001
23644
71
33
61
55
16171
7437
85
8808
11365
35
26595
85
347
16370
2060
55
20109
3348
54
20657
1601
34
13385
556
65
6186
1016
9549
11401
2959
17099
38967
85
8
37513
24
878
23413
78
74
16613
1
744
32943
92
29
98
6934
14
50
53
3412
21403
44
661
63
4843
11922
59
1920
34485
84
5277
69
29
100
56
46
8
12330
83
92
50
3826
24489
2630
62
29248
4244
66
3335
14604
16373
82
21
37
102
13308
68
414
43
1499
35
35808
2445
18
37381
11819
9383
756
92
92
97
4914
31
12453
21697
29146
34222
12
56
2738
341
7978
71
25181
74
80
36039
75
1717
1399
93
36015
11017
47
201
10557
23398
2804
12700
6856
43
73
57
32237
60
33542
24111
52
41852
23
67
1214
42
26
20732
21761
5956
5536
74
32937
32
13
44056
31
88
3237
99
47
14
29
62
29528
25
18478
11
5854
12
71
49
8
11944
68
89
7084
52
94
76
7944
25208
2
77
27042
24230
5110
40
42
98
62
27
5175
6801
35552
66
23904
7603
11738
50
20
78
5731
2020
9299
25328
31
6709
11844
70
10059
81
88
29
33868
8197
81
26200
54865
60
23393
37
2625
45017
17694
26640
89
3824
15518
4170
46
16
20444
1739
10814
23
24
2585
43675
100
7922
17
15700
29
67
13425
14088
57
15078
77
9370
52
27845
88
37
27162
7712
30250
27430
13102
13913
20245
6969
24520
29542
23
72
4150
4481
2395
2312
30
9804
32
81
21
54594
63
15896
14
1
7894
35
17
3556
43728
72
83
50
13058
3
20384
13173
7148
40
7
48147
1678
7
91
29266
56
1170
39
34074
85
38
75
31
3145
21
22621
26
37348
53
48
158
297
67
3631
40242
34107
79
22
29042
5757
6
1299
7642
19389
1
41724
33668
15491
88
96
90
13143
13697
64
65
57511
23837
9
65
46
91
41388
72
13
25933
19461
9283
10650
5
88
37
17922
37851
19075
10372
68
20459
37
30317
65
27
39482
58
97
49
11622
23
53
16
1044
49
45
71
8482
31
6051
38
4638
1
458
96
29
20009
19
25
21336
92
371
16
13714
22819
5969
62
10
68
2
12599
14
89
82
47530
47800
9
35
20781
5
59
3479
15873
2072
31
64
33
12138
30897
14
8970
91
25580
68
3815
84
60
49856
68
39632
11659
47
9893
3
13893
22
28980
74
2118
39
3999
20738
10000
3906
5310
17
61
70
79
2009
33
54
2595
23284
8132
52
13069
1446
14537
15
35428
1190
10497
35855
114
8
101
93
4790
72
27302
32
55
21
8705
83
51
20
6986
37070
1566
100
5038
53
33
67
50
75
54
37812
32
4518
925
45
28906
4191
35
19484
4108
25
2364
17142
81
398
46
8999
11520
14870
24
65
55
27496
61
16
50
88
40907
27
11
8
41835
74
25958
7423
13917
19546
18197
6797
22
5340
59
576
12453
21
33
32
3125
14
27
6
766
15397
15182
3
14055
8280
1475
40
39
44
10511
13
36
27
19
13397
93
18169
51
26580
69
92
5
9698
14235
34
68
6721
24
98
13553
6058
21
100
36
26
557
45
11
26663
11944
25
8355
75
1714
10427
4499
23927
82
4011
2333
30
5612
20
10655
42
10
63
19
70
59
59
23516
313
13385
11371
64
5717
75
45993
87
1065
95
3388
24941
65
3825
25738
7892
22046
4283
53
88
13464
23696
17283
364
39415
47
3
88
90
62
5565
95
2
11
82
17960
10
58
34
1194
9201
20617
33412
728
38
42922
45542
11881
89
7481
24014
10882
91
101
36846
43
24701
100
15696
24423
9
60
12568
17
66
16326
22927
22321
28095
96
47113
9070
1
47848
34
13687
4
84
1795
13280
323
20597
23
30
33337
64
6672
6
10102
4428
18194
62
1049
800
3547
42
72
17
49724
42123
72
2447
17276
23
63
43
47
45695
48798
73
26
6916
5
6800
15070
26618
4
49
6
81
66
100
26988
44195
7589
28729
14
10920
79
4337
10152
14013
101
19465
11046
67
1498
30167
96
19
9
13428
12
21455
101
91
92
40276
15324
8046
9185
60
25200
24012
14897
76
3537
46
90
17944
5
63
51
54
8142
15740
79
2
4
1575
3922
66
9317
86
2106
32207
5836
33308
1325
5626
18255
11966
56
74
62
28
10907
33952
26032
81
13329
14347
95
20850
100
82
12735
65
70
2318
40422
7480
25680
5176
25
31857
288
503
39917
15412
39
19936
8476
34423
11961
18559
3306
40
55
76
6
61
30580
16
71
5173
9929
64
58
43
46
45
13246
25419
20004
27015
46
6388
29
25311
19165
1887
1637
73
11663
32077
1813
9055
7370
38562
48
15952
21713
84
22249
62
31591
73
7120
38786
42771
22318
23
172
55
1746
9078
95
66
14257
12
34
71
2
50
5138
94
8240
30472
43986
45
29067
10130
18
96
3967
98
3
27728
19005
17831
12224
3769
8265
5
28
48593
98
40
25867
16443
23698
26074
4508
35
15072
37
91
86
7436
17
61
55414
35881
75
8728
43
51776
24725
89
2635
38189
66
23
23125
1545
24641
81
2
40
73
53
68
6714
32
13186
14
94
19149
26
2555
16796
238
15312
39039
4348
27905
18092
13657
45072
19032
17
27227
2977
25459
6836
71
1030
30502
19
33
20
34591
9394
11
39
64
24
91
67
40
69
4188
3431
55
11
3863
22662
91
4709
98
337
68
93
10814
28957
63
53
23957
5596
22
23256
20156
222
25
4
42
4234
42265
7
6
93
28400
2649
4407
16
11124
9597
25612
60
48
66
2891
32
64
30
26838
3
90
15
36
27339
1
46
82
71
4
34434
98
7178
2682
8546
93
3748
378
38
11000
17030
27582
47485
43
50
90
79
30910
3404
5355
12749
14430
95
15919
912
9959
65
22
2
32503
10
10274
1348
11
30775
86
1962
32
1752
36774
42387
18570
70
49
6955
6678
36650
2263
36
12987
9
71
98
7589
8021
85
31
24818
8
1208
53
29945
72
45963
16397
90
42
15862
99
3750
3079
53
14
58
40767
15
94
83
48172
26140
21403
38233
47
60
2936
52249
81
89
68
16
95
195
40484
23539
4820
1428
8
66
41
47
97
12260
63
48
15428
19750
1206
95
65
23747
99
57854
7999
28
2186
20
4017
87
21
53
46
24
66
35
52
4882
4840
1576
41
14359
96
8241
97
13
51
13241
289
82
32465
87
9691
33326
36437
160
86
51
25029
26
20182
43
3209
64
27180
71
12941
51
16055
32918
1117
1
8
14680
152
12972
1337
9
3
57
14
96
29553
10392
55
8929
58
8113
7524
43
93
6067
77
14593
2510
50
7944
3331
4270
917
306
99
3342
2541
62
11894
63
3135
38968
10625
6282
13
1
42622
76
40
4959
99
85
554
57
4
120
27
11
27
79
32854
115
29
28
94
6764
24907
203
35380
39346
26
64
67
26
9653
92
30800
56
37215
10278
98
18527
13
77
18754
5331
26
12275
71
2977
95
6905
10
19
6833
59
5844
55358
13965
57
70
10944
3490
54
16
4117
156
12777
66
67
90
8655
100
29
10
4548
7100
97
57
60
65
47
9761
52
21356
4813
7344
42
66
62
577
14
102
83
19925
8516
38
2749
39
73
2449
7577
14
16
5719
49578
12304
32158
1947
10740
10119
100
23234
55
2849
53930
998
14
83
3641
23
47
20869
27753
52
16476
659
5
2114
44
867
14
44403
90
58
44892
24021
39321
18943
530
14432
28892
9
48025
2563
84
6900
53
23
9584
73
28
52
53
11
80
101
73
5
28
18334
3215
1677
17490
57756
46
61
13347
52
37290
45
24272
90
11438
31869
21
2
90
20614
7362
92
47710
25
12
74
37513
39307
94
5788
36
56
79
15390
5263
13516
3673
67
31
38
51
5619
22
14258
2131
10504
23
6
2112
72
5811
81
14
42
213
44855
7
24
32
9532
4032
92
22
22895
14564
18592
1103
92
28832
69
99
8354
69
2194
19961
6
7837
9928
3754
97
14
24
17278
20024
40865
23
65
14084
2946
1275
62
14
22535
4769
51
16948
42342
7606
1656
37
85
20871
75
74
98
28
37
13620
15804
37103
1
34
28
40018
19298
4695
23141
3247
79
2916
102
53
16
16
41734
16398
43065
28035
68
52
3078
5
44
63
23
41492
17
66
35467
18345
11
31201
23185
2035
8947
8539
4
62
21
66
18306
8697
7910
32
6006
27076
10544
3328
2080
6629
25559
9
13986
56385
7176
47002
2462
32
19956
10477
62
15445
16071
4263
51
39137
13317
94
13
26682
2171
9742
20906
18345
11177
76
9975
37121
35980
7383
11497
37133
31082
2
41
62
4951
4046
2388
13
17927
4715
1912
14
16350
46750
73
43
80
1
31987
41
13
22743
44026
581
566
72
78
4018
88
1
4673
91
5504
75
45
12
4084
63
99
17775
52
19
92
29433
72
14523
35
92
3171
6342
10192
3694
55
24335
25186
38
16387
48598
37392
9323
27995
11564
46
72
1065
15648
49
879
2949
5426
51
84
27835
35721
1017
24
2963
5933
11
8867
7750
93
1
21651
73
826
11947
20454
2
11667
15
24875
8
82
9903
2714
10516
11
4
61
48
4965
27260
9
44994
13503
87
69
41
85
10708
32083
25
8497
58
6521
11447
8755
15897
11556
94
20
86
15480
1
24
84
88
37747
27
58
36506
89
63
25761
20958
3
37
22868
52
47805
68
1749
54
2168
4917
26
25703
12
3402
31526
101
100
97
34
46
4309
89
5927
57
38417
5017
8755
37
11816
40090
45748
36
768
5191
84
12167
1488
7707
78
9968
35722
5
41344
91
3620
20
97
70
7128
6
3029
37241
76
53
5875
35
21922
52
95
12124
71
21
26096
76
2
8
9765
970
1962
5452
14155
991
7643
47
8124
2
12
86
9
6
73
96
96
3252
92
54
16
45
87
98
17515
3
4882
24
2656
15137
4459
12003
13
17
89
28082
16205
40
50371
75
2828
23639
47
76
3120
21989
81
402
29562
18
83
12
78
40
91
38244
16
70
55
34520
17535
33
901
55
65
1155
45569
3056
8
22
29120
17
29
24
3131
33227
630
74
4860
25782
41
33
84
15209
58
11287
56
15780
3521
79
86
2365
70
1133
6826
53
32374
8974
2729
52
3
69
1201
48046
65
10822
53847
38
5065
44
6434
3027
41456
1498
39203
789
11
23769
3872
7590
506
41933
80
43371
2385
11
38403
18994
4439
60
52769
544
20596
78
73
58399
19394
39852
31279
13112
37642
95
27072
98
22
12808
2122
37521
8139
19238
35256
26
1194
14965
9544
87
84
91
96
98
81
13
79
100
80
4871
1762
6447
7285
67
47
52
57
10491
68
66
3908
15694
44
3960
38
16446
54
681
9240
31720
1878
2764
4309
1841
6
35
25205
52
63
66
4566
37
73
55
37
29992
2001
15769
23656
35827
52664
3273
66
9449
77
12
28
34
1847
18240
4515
2133
1142
86
9342
33957
1871
45641
26
40516
12538
25170
42103
8878
12737
9566
23434
7796
67
12889
87
30
7624
1007
67
912
67
98
8441
4865
10487
84
10029
71
23062
20506
867
1296
35871
56
19532
26
78
11
7694
16117
55
7
71
7831
6816
26087
19543
42
10256
45
55
64
63
2978
25774
43
37584
57
267
4
25342
7402
64
66
2136
60
13
17245
6787
18639
17453
10
103
1393
15
93
19028
7119
38145
64
279
27
7
102
40
52
88
75
5
30
28
9652
14
4448
2790
33
12346
52
27
20509
13272
87
41
5149
64
10855
2951
3954
31987
4067
23
97
16986
15734
24012
54
9164
53
65
13178
47593
1
6815
33833
22405
12788
5214
73
42081
637
32628
91
31940
27058
24
21477
42962
83
2795
98
244
3250
10528
97
70
10405
25
26073
765
4087
197
2685
5
20849
94
17
18193
13675
79
101
58
60
76
22872
32
6
9381
2891
13418
23125
26385
24
1675
5514
5484
34
79
94
22316
45693
14327
84
18
58
47
20449
19
2
1682
13
15882
745
15143
11
51
89
3048
87
28648
24331
16419
27
93
16563
27534
3018
26
22592
26212
41296
28287
32
22
28
35
100
6606
2
6430
22891
59
21
9319
3902
5
3668
23387
98
34044
7060
8668
1899
22039
12269
27768
4598
1044
24008
233
7635
60
57
86
14707
26253
26735
9284
1862
4938
1188
4053
25038
3
5773
101
5288
13862
50
49288
90
597
47546
14480
53
443
17010
10864
34
10292
76
19
22
26001
101
1260
31042
30
762
5511
93
2716
2698
1439
49393
15837
6170
82
14745
73
8773
101
11414
15515
42450
90
1108
83
41266
19
87
1828
27565
2
92
4303
78
10
1716
4280
56
18
28104
200
97
51
22818
94
96
57
35919
65
44134
28691
7592
31
97
69
410
9570
22
12987
11582
682
134
36
79
30
51
30722
47
1817
29
19692
21
48549
71
11
40301
63
4680
19662
25001
13108
2143
92
13732
1
26180
2129
71
37
92
8
32086
98
28
18879
1657
3224
6614
13963
27
57
22316
20702
24
113
78
21
9398
13
4453
30
25
33
29415
4999
18
8136
68
50
9812
41757
28511
14048
69
67
56
16745
11456
4711
10256
5947
94
14197
98
94
29
20151
159
4
8270
6144
52
24024
15479
43410
86
569
58
18767
44120
47
23
27436
21218
59
60
41
54839
60
40
57
57
20400
24
24847
33853
75
48
14640
57
37
69
109
13
125
17847
10619
32922
333
47
1356
24689
83
869
4601
20
47
24484
63
2008
20
36093
6441
35579
68
11246
13968
84
13256
14668
297
89
75
4001
61
7329
48
95
5
30826
74
54
2
35670
5
8748
28
29867
71
5198
1088
26309
12
41405
35760
21
503
10
135
9540
1592
70
13903
1118
2930
27529
24845
81
76
52
74
13497
40241
53816
1718
3320
20509
17915
1318
45
26929
56
13061
51
34
24
27368
16
11
834
58
15
3500
62
41049
14249
37459
11832
17434
96
59
29438
79
95
7895
9625
3316
31
8
13850
48
18164
32
259
37
23
11923
23552
11
33966
87
85
22683
23342
9049
15178
20
30
84
50
2
4953
8
48930
84
69
84
8675
8301
40
20385
1845
23606
42675
1210
7069
4171
40
6161
65
17
95
6206
81
1312
24854
8136
10107
6746
25463
48
8
71
6083
67
1137
34820
21532
86
2641
34095
25
100
49
314
5
61
11496
20
55
6957
54707
50
3
52
17848
83
97
20
1811
48
28244
6627
2036
91
11336
7907
80
83
10513
61
12508
28954
34
92
52
33525
4153
26664
92
31
3
60
16912
39
15
3243
3927
34383
39307
4718
23
45233
2984
34
55
40
84
13
86
13
2324
36451
64
92
75
56
49
19399
60
21
89
64
72
18106
15357
12
25
22
26102
4970
10939
19433
39
3737
36
64
58
11
20454
25061
32
54
47
1696
41043
13
177
101
1842
44
23297
4497
19450
93
39422
20531
2229
51949
46112
2390
15888
3982
6718
2233
3571
26685
27
18992
9195
7101
4242
3082
41
15459
82
29
59
93
8
18663
15
101
1
22
37211
39839
21
21799
43
14
11019
14
14629
64
69
34795
5
36276
71
25074
28
68
17
35814
5037
81
1649
33203
12481
74
9653
101
2503
43728
21625
9
42997
7801
13000
77
17
6692
23848
24
15620
44
50
63
7
34238
37
39
98
40
61
12253
3803
22030
26
3258
79
12
45
96
1748
12079
18567
3486
16614
2165
402
37966
40712
4273
48
49
34643
20196
8084
77
40
11536
100
67
25
57
101
18415
30
22
95
10070
10925
20
66
14
44788
13991
13133
3543
777
76
2080
48
22569
8067
19
1384
21
46
98
39
9926
28
25383
79
3364
11
18
9270
17921
63
40723
67
30180
72
13994
82
6784
26077
102
85
6178
9804
50
6
6479
38
25879
3730
35552
27
35
5131
41832
32867
26895
70
46597
8343
1548
7725
63
10432
78
22203
38
78
3000
3223
19919
22
2970
29993
31
2
7962
2403
1289
56
41599
1754
3026
30902
39
38464
41
10175
99
6693
19513
3541
100
12323
68
28614
17220
26415
37991
12899
9316
97
1735
23986
86
15159
5258
100
8797
8202
61
5211
9016
32278
34209
2182
38
46
40
36
3584
3230
60
16712
23702
30
6031
27128
85
8210
5375
77
13594
89
79
80
3189
18
68
48
10104
2
6451
4539
4976
88
38003
50
382
9991
80
25768
10165
33073
7
2899
272
17348
2986
1125
99
14673
39947
34309
19
41
2985
83
31537
11757
12375
4165
60
4884
11226
2491
61
7466
1212
10747
6973
12135
73
19449
13
3817
77
333
74
4149
9742
4705
90
15300
9816
76
30
76
81
53
1842
42
33483
67
94
4553
8432
36
16
4189
4669
3280
30690
7059
2586
8
11934
9544
15050
59
66
9
67
50
7709
72
1636
91
4138
2789
25
1947
47
8
2825
2150
40906
41781
38
23
73
14959
87
2103
49
11495
17
38513
1562
85
41949
1508
82
32595
44
13352
11559
25439
98
2989
11
48402
4406
21590
30060
67
30696
19268
8349
37103
44123
2901
22030
22716
23
7770
24
87
18
90
1102
21684
97
29282
10511
42719
31
6768
2417
20
38
2958
78
39088
3
38
6789
99
94
1509
4480
25
9191
19985
946
20
7484
68
16754
40513
91
21508
63
96
72
74
56
7514
63
7
6
6
49
40
99
41256
3219
10
2191
32
54
1400
33
85
3736
9697
36
2539
83
38
43283
11981
48
2186
24131
19491
18
58
22
3166
93
12
60
9886
81
71
4939
21062
8980
18
34
64
14287
63
68
68
6608
12970
89
1371
20
35
7654
41236
14950
1372
56
8
11280
44643
64
62
11220
6547
97
33
35
37558
16
21746
16
100
6072
28
3002
100
8051
10
16337
14649
26387
28635
8633
1356
405
10674
29
44
19908
100
664
45
36
9481
26711
67
68
32
15
15
39124
23603
8
9182
19892
60
35227
38
3312
32
54
613
16925
28541
8214
11829
34
29328
42923
69
14447
87
2236
100
40
33634
80
17654
549
9707
48
76
6831
72
32100
40
22
50
27679
60
19031
4276
9367
49
30378
14
18
45
1039
25
17354
73
4792
10
101
43
3917
28384
26258
12611
71
34
8
19
15970
59
57
22
13216
7805
18833
2815
19969
93
3151
24792
6812
83
28
33998
24
8799
94
23535
41
2771
9555
88
2255
13
34
80
4139
13
18620
75
15359
7484
53312
32622
29573
45
5621
77
2814
42
49
68
40594
13
65
11396
167
3672
6189
80
10749
82
26553
38173
3235
52
9140
16102
11842
39286
19520
16
656
21979
13068
96
65
1132
40
16842
10941
86
33574
7448
16910
28707
15849
6147
87
22
21020
5682
17
14891
85
38521
8600
92
5
32695
24
10
37
97
29942
96
35856
16
9
29
84
40
20
12
10
46
35302
3
67
10590
14068
39593
14756
98
5
41
71
87
10756
7089
3733
9
9211
46
1060
8279
2636
40712
72
7403
27313
24915
19054
73
99
43871
16
18
42
5268
30
22
10237
3114
790
175
46
13990
70
4098
19967
25101
30245
3708
22844
2533
49
63
10086
4469
9680
12736
65
25
16
74
36919
16566
79
3961
77
5885
74
43
28772
27964
10970
44768
9488
29279
12821
12793
7599
47
11685
2245
21
12
1364
7805
1265
62
66
2309
82
25
20
35458
29251
7380
54
96
56
24098
40
73
14971
1802
1601
7875
22071
83
14726
15
10
77
13
30403
68
20
48340
21660
40693
45059
102
20162
34
53
101
629
16
23
70
12722
15
21
13568
44
3124
37372
24596
60
102
201
48
43
27
19530
53
9438
5624
69
16555
45
19840
85
81
75
5988
21
19850
29045
11171
19
7354
37
18555
2841
36388
1910
44
22980
4642
1348
200
7382
6359
37
24941
90
72
17976
16851
6
25
98
14
8
97
73
3660
28933
5763
46825
14567
33
43
89
1374
16
35712
16595
594
21804
30300
76
5
22974
57
77
77
7
34234
35
71
3213
12
97
16671
7959
11192
51
98
6599
35
24744
17977
64
10
688
80
35478
41306
477
30
24326
16
6
11365
1161
22096
6825
14319
99
81
22933
42530
46
6950
18850
25
4319
56
19189
42
15382
24412
63
4
937
16650
95
9968
62
25294
8
17248
1575
35
28
11295
12
19104
2317
2964
9492
29405
9668
26690
2978
892
15128
23790
39985
83
50
14
67
31218
38
19
16
2085
8122
4831
11161
6264
15764
6717
19762
20355
73
12
73
227
6950
81
49
21
31
21101
1855
6
26
14
1760
5890
78
2390
14
62
98
5119
558
99
6525
1890
21989
1
66
24079
38865
21012
12269
24
573
11027
46160
5101
12081
61
101
64
80
1002
83
6581
7337
30931
38
7963
22
39140
47
36
60
73
14931
9429
37
5242
65
64
67
16
41
84
7029
7331
16296
55
1344
7833
16102
25641
17
6392
26761
92
2434
62
28
32
63
20107
2257
85
25646
12450
23042
4
28
1060
21
13
10
12469
19006
55
33
821
63
753
9
36
23321
15314
8736
1
11934
10995
4138
61
33406
85
951
9983
54
55
80
281
59
8593
24479
19230
101
7332
1736
4200
18
323
12
17308
101
14177
8074
48
33082
78
90
4175
5844
7
70
15124
4981
25024
10
9305
1483
4645
23976
1849
11351
91
31059
17786
45
12
32
15298
22534
27
25
57
92
1
55
52
13227
30183
36
65
6412
98
9012
14
12
74
9
37094
85
44
1619
87
65
100
16248
27
100
5086
6723
23
68
5894
24392
2070
9220
25675
2487
1245
17304
4
36
65
41621
2353
24568
23325
10352
2592
16
23
3161
2193
1392
23
10521
71
26
2260
57
8716
37487
58
13175
32
7
31990
34
2982
92
44488
5024
24350
9128
89
4201
27899
82
7116
1
11908
1206
18601
31
87
41
7
55
7390
10
7163
37
44
27724
28
96
11156
8281
11
92
7583
8
47
11111
41
16989
93
100
20547
26602
36322
9753
12054
53
77
12558
23984
5837
35726
30
10190
85
16
16795
16
15765
22454
29
78
86
12892
45925
5891
4615
101
8194
17036
19718
81
23397
18
1389
44
24
8020
22763
4473
8
2683
3283
19
5075
41
29802
39353
4518
46
1513
10081
21148
8858
32
9785
61
92
18826
54
93
2553
21408
17458
18633
6061
25
5184
2956
27
101
5134
3293
51946
21887
9489
19999
7529
3783
83
3387
45084
11258
23
2064
6329
4794
6108
25012
66
16106
3078
13079
4
47561
14279
17
6241
14081
18
11789
4791
20931
24884
12027
5
66
47
60
15
139
24629
20650
75
14
31
122
51
1435
75
28
92
84
80
35
6690
4851
2679
11281
4025
62
33
30090
20135
92
16762
34
7028
9860
2802
1
13289
92
19
27154
5046
21190
49073
848
45
7
32285
18403
6
3
377
985
24110
1682
89
39550
17689
16
5887
47
7719
35
33
47437
48
6163
27
16621
17376
90
8736
42
43
2870
92
7689
1145
37
17
90
9669
8169
3
28447
31375
39879
45
11395
469
20369
80
22047
100
8634
76
85
2246
10468
75
18625
93
540
19096
19
28
60
25
1353
7018
20
59
51611
36047
36456
90
1387
2311
7203
16514
4586
46008
93
27361
3751
55
6283
550
86
533
90
22830
4883
80
98
71
27
3651
6040
81
29046
7145
12108
17989
9528
14256
29554
55
41
35
20709
64
15
66
5123
1
2627
64
84
4529
36
3
19
28
32834
2877
97
82
10687
3616
71
2138
23818
63
3
7947
36439
43
25
11254
25018
103
3
15484
7
1647
19373
372
55
2
43138
64
2439
23
18
17005
10549
7
17998
40
83
21394
17719
4
11
11
98
22736
22346
36
2431
21
15369
84
48829
47222
1144
63
8009
1760
24
20191
6
77
8
4906
15769
66
96
34
20079
10
16352
88
7269
13360
166
14094
41
38750
35572
14952
51
47
14073
23042
3
16
58
8045
18943
56
4909
43437
36777
92
6299
37336
23
7875
35290
15374
40702
11530
22575
11742
20
7861
25
8470
92
15395
82
24604
30454
6636
9147
98
38
3437
2
71
25189
6260
96
90
45878
48
41
43
81
31528
386
58
7
20263
10982
37015
37690
29903
3361
53
6050
6856
96
35
12
44174
14214
102
33
65
77
9924
81
118
30804
5894
45504
8432
11636
11407
1115
38613
20608
33183
15562
73
95
27363
20
21117
11109
30000
2237
12203
568
1384
83
13749
12974
14
13503
60
16990
2982
4761
31342
38675
47
18140
97
24
50
4208
23694
4122
15261
14
2833
2349
58
88
74
347
2992
38
33
58
77
88
37691
82
63
5672
28
96
37046
20942
1702
20
3361
99
38641
101
52
4004
55
18083
2492
13310
35
1792
10010
31806
63
1750
20
31034
18351
11
9215
33
21049
343
44
38373
100
47986
32
46
27
167
18541
41
61
24312
53
333
102
7230
43
98
52
33070
12065
13
15055
39
1253
24040
29272
39
66
21957
5994
37237
7039
33
2199
51
70
33692
36233
15751
36
3442
26270
35029
283
11
45
15
2045
69
14
13258
4161
47405
100
18305
16845
16
45
43
56
71
5217
94
37290
14706
42
5835
4581
15
1408
87
5385
20748
20
11457
32406
3615
2368
17136
34333
20278
8589
9203
33
4941
33868
7438
90
61
39672
8936
5803
9855
78
98
3485
12199
29769
610
9452
17040
11911
22
25059
26172
42
57
14290
99
3225
223
63
2576
21
9426
65
46
9
18
78
11771
36
17
26106
17676
28889
91
85
69
28265
52
77
16707
15217
17
8909
54
70
93
13755
4714
7343
59
95
12999
6330
2562
720
65
17
16690
24785
25
18418
30766
53
32116
72
31175
3616
30
1671
28808
63
21766
27651
54
1536
21742
16012
61
4
13165
8104
32
13268
28663
22
18457
38634
7074
6806
14943
3776
35
4465
26
69
988
26
44
6879
6
45
4676
43
69
26
6733
62
904
6125
40
20981
102
42068
51
19654
20
924
9
1
8
10531
42
11109
51691
15250
398
21
75
89
5100
26439
3861
6458
99
29011
34997
7797
29
3758
66
34740
5848
5653
9
44
400
7848
47
35
10
75
99
100
12284
1690
43932
10
89
56
61
16317
21
38226
73
88
13
5808
80
79
24046
68
3292
10
62
74
13327
3955
14831
51
71
37
42
6116
20566
10359
85
28062
12884
31
37
18
32519
58
68
11
9269
73
80
41650
16784
12355
48
1228
7039
15741
4160
1500
6
16895
943
31174
13
53
65
3293
53940
23560
3192
4764
26449
2799
1104
37
3245
52
99
86
21175
6
97
10022
8065
7229
27645
23230
19919
22
37
38
4893
56
31607
86
4
20
14365
5305
33
36376
29258
1579
95
30955
33157
11
2415
35
62
407
12
9527
10054
11926
5086
90
16993
5107
24
51
12678
97
58
21635
6574
85
13
984
25106
25
37406
16175
1397
4921
46
2
1180
38977
57
60
38285
27
18418
13638
11
97
175
1551
10811
4645
1173
18941
6
7923
16003
11
34875
32912
39862
21218
25606
15946
9097
66
70
37
40
62
27126
31280
20611
74
99
30869
93
6591
94
48
67
13188
91
15296
75
32109
5995
15910
46
40
14617
73
25
3154
26
1411
27436
9897
8889
94
4
76
11173
20076
11595
76
84
31
33
25037
88
79
68
33756
24
44
64
78
3488
40210
27285
14809
29175
98
97
57
93
26779
66
18
9105
99
81
40
3
74
10976
11044
44
7094
6374
5
11974
22095
17260
2532
15403
41510
4
80
47169
91
22227
1577
75
14543
82
62
7
14
17464
83
7505
78
9059
77
192
86
30766
75
38735
16854
38
27888
13101
38138
44880
35
14518
6738
44076
21095
5128
2190
19484
88
50
3897
79
61
2
7
57
85
52
8875
247
49
15665
13977
17522
78
37919
94
12248
4925
4843
26360
96
40145
26237
39
5889
24566
13104
39
80
1779
34158
11797
59
87
31
6
5579
63
29
3712
43445
31039
4
5004
62
42
44464
3
22
39603
16
14400
101
13263
23
64
35
99
101
5
97
58
7984
38912
24651
98
4066
828
94
6112
2
28671
113
36
22467
66
6
2
6651
63
97
96
10
83
18216
16
76
19
3339
5
3
639
32
29611
98
14
28
44
15226
75
6003
57
2539
95
98
8549
1129
14183
17036
1084
92
26280
74
2129
21942
54
86
25164
51064
23001
80
26127
2176
6607
33
21541
11733
7346
37476
9025
33
14449
9983
40592
8
9766
75
85
2155
11963
7586
17049
21126
22
69
73
22353
13
38552
18869
13187
56910
1250
12
24787
29324
39171
25
49
27043
8194
13559
55
52
71
7
69
44
4858
20
1241
4948
64
38
30912
12284
22503
90
4545
10754
2903
33
35
92
22
23285
21
11728
20403
12005
21337
93
34444
6321
8712
22821
2628
21
7426
693
1819
4997
34169
36901
82
33
69
48
189
4880
95
23
9
27
15282
93
74
19350
7053
66
29763
40
15717
61
38
16
39
40
60
39
23
32
5759
33866
3
7
81
2
34
62
96
4776
18028
25240
8129
1877
77
48
35
29193
5211
45510
81
7592
17
6717
58986
23708
39
20379
19
11652
1282
9054
553
93
11765
5391
2871
22
20566
14110
32
22
3
13
12075
17378
87
47
44
3
7120
5690
11116
23633
38484
437
2772
41
88
5926
230
14249
33
74
7971
38
43227
49
43
323
34
4819
17
69
1018
72
8608
29
100
11
1969
59
14984
1012
20
13073
17
10976
8305
8
77
7137
1781
39
4
10865
6059
84
640
1
16402
53
1029
7870
97
53
23896
31479
101
17672
30267
1452
94
4494
6071
3145
22946
2644
9191
842
570
510
101
89
28
3973
4062
92
8348
2859
27159
17478
16119
17
91
77
20885
38013
4157
12349
12252
50
59
9941
80
24
275
88
8062
12
20474
15277
31096
17
32988
1213
79
18
10947
13
99
6948
53569
64
68
444
49
27406
995
38800
48263
57
11305
98
34
9067
4895
12
58
2
555
2542
2071
8798
40
62
21645
9379
26449
20534
68
2184
101
4522
33473
82
14143
32653
23223
16946
9234
21276
17891
67
87
19470
88
19
66
71
62
91
1
44229
93
50
62
29
50
7188
1764
717
54
68
13272
65
38225
52
24530
48305
76
48
20
92
10803
12716
35
2
454
8
25829
20738
84
92
15675
14
1244
6842
24340
685
95
2657
2
81
96
28984
2623
52
60
34841
4
9918
79
4678
14214
26267
4529
22
47
14611
2936
10193
6836
19276
3024
16
3624
15244
2331
45
79
59
12161
83
91
40579
815
18533
40
6882
48569
29922
25953
87
78
41079
4556
6
27
82
23366
3882
23883
6779
51
28
6
93
23862
47
65
24389
19160
78
464
29666
2019
16
22890
81
68
32963
19941
26243
30
76
65
19728
71
80
34
44
3781
61
53
18
91
3937
20245
3146
5157
9
22694
68
13120
3446
82
78
4767
9777
18900
8942
19
68
55753
44
14866
62
73
660
38
279
86
13756
29546
13
1518
849
6
8
72
33
11
56
40234
64
58
27513
556
1770
14265
5905
12
6880
35
82
31352
9734
5219
39963
31612
4124
30
14298
12215
15788
1827
88
19129
6154
23309
12957
3820
12
10
100
40746
39385
13881
68
45
37031
41
17193
4186
5326
40
26996
16
53
42
3
93
93
28
5987
18046
2011
89
61
51
53313
7919
7650
6372
39
17
6777
245
15082
2162
49
19863
9352
7080
15253
36
39
11
2398
44
36
41704
85
1025
138
15629
3
16
87
18
19
31
6
10
57
34856
18850
6006
158
68
8856
81
86
27
12800
67
14831
24509
2487
8
11
88
1046
2716
4561
62
71
20146
28
75
101
60
26
33
44
14
23471
937
65
35907
16675
3738
80
7
35
22642
30724
19375
12912
34165
19
51
12698
37
2176
54
25519
28
20
11248
155
66
31597
6693
1346
1
8109
5942
11352
14649
19693
36
17409
22
16709
17579
4328
14
56
43
66
10996
7702
34623
97
7
48
4385
14446
16
101
11148
27381
12
47178
4897
81
18
89
94
4148
45938
58
36
11425
12
524
71
6910
18265
18118
660
96
72
18112
20697
31522
48983
9143
82
10178
79
51
17122
27245
4808
27462
27619
29
65
5509
17
41580
4
9644
2192
43874
95
21808
3
3332
92
2
83
4
12246
52
66
11284
64
20
10468
9
12
46
56
43053
9113
9221
4787
6
29750
84
50344
59
23278
15496
216
9
97
3787
4650
483
92
97
17990
18838
33848
5161
1
15718
52
47764
22
6227
41
2742
17000
99
10135
79
21661
27267
29
4582
83
10884
5341
6
7665
8
21
13883
14362
57
34
36249
10565
62
11924
9186
5466
725
629
8
39797
72
22970
26
10134
7038
1044
39808
9353
7
12697
101
44
26233
99
17
1496
88
83
37394
35357
7789
14917
3318
40358
32
32
40
39
10777
19610
75
72
1698
3
43
54
1300
96
36
45819
16050
20776
9984
20557
4079
23973
41
8417
21082
34193
6908
6
45368
91
93
81
44500
8373
45
12
24925
40
17224
15571
74
78
9547
75
1151
6503
20
47
15616
381
36
39
20969
37548
83
93
86
52
4933
26
9
5201
75
33292
49
37445
5988
9
5250
27
2915
82
30314
79
1740
18
303
1
42179
73
10
71
1047
82
62
6898
44
19
44
1053
19
26
24412
20
13456
10392
2938
20962
22266
74
5647
37
53
24266
39318
3129
11719
93
2080
54
6628
7
57
56
289
2889
9807
461
18304
11869
3299
40
13553
7
27745
23
21411
2869
24023
21
38
88
29048
10897
82
35
90
15
1805
598
95
17
14
17
78
96
9734
76
3
35
57574
24009
9016
34
77
1253
63
79
64
37614
13785
30578
64
80
2253
2189
15065
15679
42
30
23
86
96
4831
35096
77
9292
17
33059
30
30
9629
13128
95
61
2
19727
96
35
23
7628
4450
22
60
52
77
100
57
83
19812
47
84
542
21
6766
81
5948
4953
75
10551
675
3381
2997
80
20444
52
15496
16
6543
22227
1087
94
67
7
23819
36274
2
67
31
1467
6416
99
24460
11
36578
18246
16024
21776
2144
102
7682
3888
72
925
17
85
24839
1786
3211
61
2297
39
97
67
22
64
42
75
19273
9
91
14377
21
24563
16
19172
9182
73
21345
1822
861
6929
77
1
7643
1139
72
48
60
85
89
55
33563
77
27509
22
86
11
79
58
2933
12
14992
66
2826
14962
19
9697
68
56
43788
20
1290
12259
17
20475
48
38184
11
12624
9680
5226
10
92
69
65
8876
16
14061
41258
1052
8444
12162
71
69
4204
2496
21
22
23204
45602
5
2
20552
4900
97
26902
26469
20825
2594
41856
55
98
3468
24845
31117
69
78
4187
38672
52
13959
54
95
63
44
14944
69
34
1356
30627
67
11418
69
23
4416
39
26701
74
51
12329
18551
99
9513
101
46775
42493
2678
5
4
26
8305
47
39423
48
1416
96
52442
80
58
81
29
38
86
14
26
8
55
11455
34
8160
13424
14809
11750
10553
35017
6
64
5898
74
215
58
523
13574
11236
37
67
54
17823
65
25490
1381
53
2
90
3
34561
7808
3
8
50398
4
24446
85
52
92
30
1
22636
2
5744
2
1180
65
6724
1795
38
32057
25
67
18483
27564
452
47
2868
81
3829
10910
2
5517
64
14525
5050
2538
100
27
5548
3
97
2690
100
53
11599
2579
71
21
38
19273
40
5441
10317
9155
42
11433
12718
34
10
24
1508
85
26926
25203
12488
31262
43
66
53
67
46
35
67
31
303
3298
33
47
85
4262
13974
27160
35
36867
58
228
17
40
82
57
88
2
1969
11106
55
28
29
60
58
274
48
4
24
91
31
11
252
39
5019
24
10712
144
24632
21
2033
3791
11451
75
89
3
15186
40
24875
8829
59
17
73
698
10
9497
957
23918
5250
18641
32200
24693
59
12092
1259
48
8064
71
9260
1376
80
1299
7
8
3274
199
92
2394
3810
167
34
51794
23718
10865
35108
17508
101
12
65
75
36
92
7230
17425
17622
20643
16028
44248
187
10414
39441
27
8373
28
16424
36359
70
11177
287
15
41481
77
2661
90
35
11
23
23
12286
4352
16434
1944
49574
76
199
94
23036
27309
30831
11
10643
13
62
41
1
36444
8
14147
344
2492
98
45767
24
29184
26779
18
9904
28202
16767
62
18582
26746
8840
65
99
29063
13521
14922
52
19174
7900
30477
36
91
75
5459
7298
58
4148
13258
33291
23471
3442
52
96
10571
30628
34975
4464
11231
16
33361
21303
64
6
22235
78
60
27919
31289
92
32
13379
84
3910
10087
51
95
8765
18588
7785
18720
14127
18
1622
38
13551
10641
21610
51
17818
10502
4
30
15277
14114
7290
6323
85
84
20416
167
19866
1
48
93
16970
19518
8
21740
82
49
6651
44
17
38
80
10590
1617
53326
30
65
79
16432
717
34
93
96
9625
80
3011
56
33
50
83
29426
1544
25973
87
14079
31845
3327
5401
24
2368
6026
35740
35
16991
84
41542
15
1438
1
10163
77
636
224
55
14962
959
31
39769
88
3
23911
9
21485
70
638
15020
94
73
7258
66
28
51
3157
39202
32
24260
3816
1
88
99
53
3697
101
58
8738
95
35086
4454
9780
21514
3185
1506
21126
31130
15228
63
2457
11319
45
6
9
77
4288
4648
65
38906
5084
11
86
49
43
43
20027
69
14612
43
91
6158
101
5523
5162
15
1924
7940
19
54
21954
1034
61
10723
271
97
350
16221
5560
16784
100
1
52
73
3
7913
6040
294
53102
28990
1482
9
22667
18428
97
78
70
9709
58
6242
2012
26546
20378
99
61
967
20914
1595
8153
18552
25343
29682
44229
86
14872
18
83
71
50
635
5843
9461
13620
24
28043
64
68
58
42
14722
67
26982
71
3182
30
67
3273
38
33733
64
25000
18681
29235
29734
9
35624
4
100
8860
55
25
47996
3271
22155
28770
25079
5
1821
25809
14
69
34242
20282
19073
2793
7214
52
18576
77
24889
43
14
1836
27778
30424
51
9138
2962
2
27740
44244
24210
15
36008
3902
14170
57
35
76
3552
16339
21919
28
33
5
21
42
22469
82
28
17194
57
11886
4761
11619
15913
43
4726
75
5
19008
1913
14
7170
1896
20462
13338
6
3463
12557
26373
8374
45683
48
18
13
36162
64
2504
35
884
14
10
40745
33
65
5822
71
82
75
28
9347
22008
41243
19220
44706
26
56
63
2146
83
4
47
40917
56
631
46311
7576
36360
5685
16
34177
40
2914
97
2991
46
3525
71
25190
34017
5430
78
926
8919
5588
13547
31
24270
81
35616
20444
9651
40
2
11821
53
10335
21380
34752
6407
7467
39014
1603
28202
55
24
53
98
76
1074
8
94
46824
20044
15
26
55
13
7383
1688
12489
5
17397
4483
3018
11694
32
11515
9938
95
12124
6024
36467
84
12278
47
101
25950
6806
6162
11515
3333
19375
97
49
8609
28
28701
655
3313
2432
9
51
4708
90
25254
11
28
63
9294
5848
18853
19764
30565
167
49598
6365
84
46706
2026
416
36170
6920
38
95
34
67
1486
15970
4494
888
17
29138
97
20934
45
14732
69
2
91
21
2826
11852
57
47
88
13
87
19550
96
47
94
736
35
692
2251
17
26583
5
7085
15896
30
20
32
13421
41008
80
29101
35
8
4616
8
59
10335
322
2363
47
42
46838
4703
60
575
65
37
17200
15780
41
80
7316
11760
77
9040
59
5813
12286
4607
19
17410
9860
24750
61
18289
36
46
38993
638
24518
39844
30483
10307
5160
5130
43
9173
93
64
12430
68
36
92
11111
47
26038
3696
35
33209
77
91
46
1614
39
58
5496
617
51
53
30461
87
81
2
4717
9
52
36
23592
54
88
81
23
15661
1978
38
17610
11513
11120
4192
94
98
67
37280
92
33
67
4716
82
58
30
94
88
17173
60
17
21
17631
4347
5
290
73
21
55498
44668
209
16
31893
27707
7605
24702
64
33927
36
24
28196
8028
2852
9396
38
71
26846
11952
30378
42
80
22
1116
56752
33
4322
30621
4199
19479
92
27853
64
88
57
14508
18269
7568
56
27965
58
1809
49
6
19052
178
30
36
67
45322
1095
687
60
9052
20499
75
20993
44
13318
21846
94
194
20408
21282
53
41
8990
18
10
14931
26
38894
9366
90
12
7803
43
32662
14135
51
9457
252
21
13568
80
26228
56
50
8856
25
6977
21477
81
2796
1841
63
12
74
15147
29374
22659
36953
48
9993
13594
37
1674
866
11848
7129
69
10751
64
3531
35
38
57
18718
83
34437
38309
24
11988
60
28
14828
20
3335
25647
54
95
36
30
81
28401
46410
28
14988
2418
36654
5745
58
607
53
88
9042
13
6324
6739
17592
12580
48
59
22742
29
37
45118
49
16834
11664
32
22320
15
313
63
73
71
33496
42
460
525
28
9
5019
84
75
42780
10
40
4971
10164
72
11956
28166
24916
6237
19
84
28645
38781
12022
55583
51
27
28417
4
1067
3498
35
5446
96
6673
73
42
49
19902
28860
54103
13922
73
48
20033
20535
10217
10972
40
14738
8933
397
1680
56
83
191
54
7847
100
29
29539
1835
19
4724
72
20056
447
99
34671
7494
75
12063
61
9113
25
30360
21930
41
31
8669
87
696
8
17482
55
21
1064
38
66
74
90
18113
11118
39
46
5915
6805
33
3507
142
45
64
46220
7597
33
63
1710
11477
38038
2
2846
9045
54
16189
11
87
7892
13
268
1260
2201
75
66
56
12080
97
54
5737
47
16129
262
13
3866
11686
13390
12565
20183
12158
15
10032
1269
80
40
20
35401
17
12282
28
5011
10240
76
5448
47364
18706
22028
6313
54
8480
43274
17257
11430
70
190
22674
5595
1303
54
23760
45
4500
3763
7269
39
2191
6441
2043
41
11920
24
100
20
64
13800
24
100
61
14347
15762
15308
19572
12375
26
23407
57
4737
19
38974
1725
37
6804
5084
5574
26819
1258
66
6034
820
22
15
84
16011
236
93
138
4
19488
21180
30741
13925
39468
23
17390
30536
82
11093
17
82
24398
39
6260
7366
26
93
13
9838
39
1539
61
52
6
30
82
4
21286
66
30
101
39
43
2921
43
50
13363
98
26
70
13794
54
42
11
25
25
25331
47
1939
90
519
25567
17
75
2761
4959
66
976
21691
26796
33475
2105
11971
4136
8842
4
15880
22677
15663
33
96
26096
64
58
44
7813
3
24263
12700
39
11104
22777
1541
17778
12
776
43
70
14539
9568
91
21
3
22
79
1155
80
86
6780
39308
26
15826
63
28385
93
11599
20
37
80
54
100
32560
34
8067
36821
15533
58
100
16420
776
15996
89
47797
54829
15591
83
8223
51
5
1072
5855
32321
1
88
14803
26033
2446
11542
8456
37898
680
78
38
69
6715
536
21030
3424
11102
2291
13042
2276
2648
30
56
6541
8776
9152
34770
52346
9584
25815
7
5614
49503
22363
15
97
23181
14964
7199
12290
35115
45
8573
32
9
8346
21443
9263
98
92
14
17181
15106
43
2287
53591
92
2141
5437
40418
40690
2343
9706
69
50
18021
33
13
42689
33168
9997
43
35
1200
17566
10
71
14325
36641
4292
27
20058
10429
15952
64
424
56
2
6270
43
27
7629
52
12030
29787
54
91
70
86
330
25
8905
6164
28
18127
2361
3143
1206
95
71
820
75
600
62
99
2332
51
50
760
26
20529
99
68
27491
21210
2980
31
11435
70
48
57
3360
63
9785
24
1766
50
65
265
39
18467
4
55
4262
1061
3959
38
7574
12853
48387
81
31938
19402
4791
10
34854
22
7468
1178
59
19166
98
84
5
15
11424
71
24055
84
5546
8554
28624
39632
77
45711
39397
76
4322
5
7970
101
37352
19675
14123
28182
96
12730
54067
16561
6535
39
66
3119
19029
24
13
47
18
95
49
44133
8030
5550
57
75
8538
36
3089
28614
20854
72
6203
36
63
57
94
15
1801
9829
54
62
11440
44
101
43468
76
9
48
2079
11
34399
41249
21528
13307
68
9
60
40374
85
34
55
34585
62
9821
65
5689
87
78
77
47809
773
40
21297
3018
16525
31
58597
38
11844
2873
13
40883
6534
48334
73
13452
88
22336
18706
2
93
35173
92
1309
9494
22145
5894
1303
88
2619
10303
2261
44707
36513
44
10717
43568
10
18294
1389
5136
3974
30658
82
2053
19
2752
76
57
50
3
94
3
16
10323
20099
79
5274
595
26
36501
950
18349
404
44
98
14523
100
12
14097
506
600
22
77
36
37
33420
21579
33351
19392
36
53
62
2873
21
234
377
13162
41
10
2181
1897
3
3
2508
69
30
6
37
15217
11395
38
28253
27470
80
55
52096
9
88
2529
23440
33239
743
11934
79
8503
19911
5094
69
3083
4234
2
33
78
101
44
4386
19662
21
9
76
28
10277
301
727
178
5
868
95
86
73
43707
57
3814
23
16615
38
97
29103
5708
3600
19
9860
2
51
10349
46896
7908
4039
7394
7451
10951
2618
19712
692
54
45
46798
90
33484
25039
11
40
5742
31
31
18533
58
11216
22
82
2033
77
35718
3852
9203
95
19391
57
33220
58102
68
308
1350
68
17
2674
8804
7825
41
13145
46
1
3523
6370
3
13862
11
96
18981
44
15465
45334
7609
3024
1252
40
5025
39960
52
14637
45
5
9
3898
2755
10390
34606
219
9417
90
20
63
33249
44
67
1078
60
90
24
47
15
3011
15
16023
24355
41003
55
8464
18024
1460
15
54
77
4144
42
46741
685
8330
4990
9676
76
35
19096
19
12630
13735
7729
26255
11783
182
24261
88
56127
2370
21214
5
13996
20488
6036
67
13297
12962
48
30090
58
2415
81
3
81
87
20102
62
17
26036
82
8774
74
2
7359
4142
31
9755
1514
4339
55
45816
5100
9268
18455
33
984
9
103
658
55753
71
42543
52
70
19411
15789
24226
6750
86
46
48
8223
71
85
29550
19541
3309
22475
56
66
4238
86
84
19796
30
3
8619
27
15770
41
31013
75
218
8708
96
3892
2037
49
26246
11882
40435
20129
46
55
41
59
19180
9318
30
11742
22421
4
2677
101
1114
81
27
6
3
16
42188
42
51
51
89
45913
26
8900
56984
25535
12
88
2017
51
2
37973
1977
96
12
69
4
2286
12
6540
98
25
360
31660
9145
3326
81
37041
57
63
1059
13548
26605
99
39
61
3937
100
273
13
70
44584
30939
30947
10540
5758
96
69
38
69
2683
15436
75
95
55
30373
62
10902
26816
71
3115
20354
22913
31
70
91
2904
32792
8846
11212
4408
16
14
79
97
5616
60
1067
25330
13
17300
15
9590
7300
16170
22
70
25085
7788
28
32590
32409
47250
94
36034
49
8130
24493
15
1251
62
5
14233
9683
36
1477
20640
3732
21
3864
4579
16828
22434
73
50706
7
31792
4628
17853
15631
13435
32
12
1
431
9607
53
3
20061
25
11206
35
94
8541
103
40
10668
17
2295
7077
36486
48
7696
1111
11973
44600
92
94
66
11388
90
81
281
33980
57
4525
95
25787
7
18
60
75
7037
47260
62
22150
55
6093
9886
10410
58
3554
33754
27155
11
797
911
27
2949
13727
567
10226
39339
4152
1876
71
11025
16124
40
7511
14079
44705
95
10066
87
9096
14754
23
36697
73
39
6159
10388
2
4181
91
94
79
26860
44
2710
6
33
19
30794
17593
5203
68
17
52977
69
48
42
227
28957
74
30527
67
37998
2113
78
102
40
13
74
15940
82
4114
3697
65
12131
878
1749
11
1108
82
79
12041
32632
3073
48
14614
42
15
7
26850
73
31080
35
19600
741
66
91
30
21428
82
4374
12503
1042
16
1288
60
68
100
257
6466
63
72
94
23410
5453
91
57
58
10406
45879
22203
26628
62
10791
11482
33104
2246
47938
6464
50
28974
20
39
12
7986
21768
16314
53
18283
91
2
49
46
179
3018
14416
77
51614
417
11
62
62
6228
77
13924
33415
43
37
10535
5146
15
34
79
57
10438
28
4170
16900
49
9596
94
55
23782
10378
20
63
21666
3315
5801
946
18432
97
44
4610
15138
8931
6264
4708
56
25808
20
38
10871
800
25
6406
64
49
61
1038
5468
15
20198
2718
60
46
22
93
48
23617
46
79
5149
24999
63
9578
1745
544
15103
35534
4655
74
27
4297
33
48
15523
33437
10
581
24065
4078
51
52
13
41849
41640
31
93
7946
88
79
2532
89
1788
21207
6
73
3856
748
296
7104
22424
7323
3559
46
4287
13971
17478
53
11057
776
3945
21041
1
7
8024
20
66
21415
3863
18
13
101
7
8
62
27
11150
68
82
47
26942
81
20281
78
16
6095
116
2843
12245
1000
2365
3311
218
31
4804
53
121
1689
48
30
20
1039
483
39
82
14
8003
37676
1604
19930
2582
77
16816
30
21
96
18417
29
16681
55
21536
8
90
32
37
5237
29
33
3171
87
158
44200
89
85
52604
73
65
36
12399
25453
15503
78
19589
38016
18987
6377
1204
80
100
102
5986
16294
114
27486
17889
1737
2
1807
68
957
98
24203
52
12
20
67
2531
95
27954
36596
6827
23590
52
90
22
93
13228
52
12510
12840
31
835
10602
19164
20814
9622
5473
213
4755
26333
92
33030
47505
2656
42
46269
5550
92
18014
52785
531
26
18
84
5885
86
82
92
3312
28
72
44983
9048
3924
27740
99
2380
60
45
46950
57
15484
31
5444
1446
78
38272
79
9451
21475
53
10877
24110
26901
43
19938
20587
75
10717
48
38684
89
25303
6
92
7986
3061
46
7
48717
17
46
22
29009
1565
52
3448
27750
98
19
40
4176
8894
23908
26891
185
8
4
1217
15135
71
3680
33
38
57
13
86
3
25147
4943
13661
9308
26887
628
600
30780
12808
1073
32587
42
33432
6281
22741
1027
72
69
6850
11
84
17593
1554
34
43
89
11455
73
9721
33029
28692
83
10706
53
1
4963
20707
9007
10073
1
13532
14093
25070
21
7515
33
39
57
4229
15384
35
2479
41609
15
10440
22
71
43
9945
99
98
93
687
29
346
24
80
75
6461
91
6673
24
75
47784
2087
26
6162
77
2367
91
23
58
34508
12537
4411
32
16
50345
59
5475
8
6377
3
29
80
95
6264
36
82
36027
23234
34977
45
6977
36496
15
58
469
8275
1387
26299
95
58
27540
230
11164
29
10340
26536
97
19961
55
64
14531
1232
7034
8376
26243
39086
68
3087
47
29579
27453
92
39
73
82
336
45780
17624
12
20
3208
19912
29468
11186
40
43
56
16812
21019
42
57
63
2564
78
72
31168
12906
11294
12137
81
73
12503
63
27859
25383
6407
8030
12019
39
2143
26143
5123
7
7
9116
21385
5
15390
46
1405
15539
62
11
1620
17220
12145
22453
5996
58
42480
758
10815
61
99
15
56
7
22113
12701
39
1779
3675
48
50
491
945
26
786
88
6973
9235
70
8801
697
16983
3500
27045
27
75
15
69
6675
12112
439
4670
22161
72
87
1233
54418
22
79
1560
550
5309
1331
24
8
64
26570
74
9600
45669
22092
82
2519
129
13166
33
30
13
101
15939
95
1013
80
12
49573
26359
1110
59
2830
77
43
2
3850
3625
165
72
9578
92
21163
5679
44
25
40872
16
61
11594
15
68
5125
60
8731
52307
60
8041
13205
44951
24
67
49
612
34
20448
36
852
547
8096
2102
39359
48
49
91
691
14906
24977
33
43
32412
1694
1
66
26542
2095
24063
26774
9
11991
9207
97
27
18989
72
29
30
18
1346
14655
26
9
48049
36
91
30128
77
96
2663
71
91
37
2
90
17026
62
71
77
23346
183
4883
72
6278
77
15551
30948
4
64
867
6359
42
91
557
1720
13785
1036
88
9487
52
45
54
22511
78
36
101
1845
10208
47
2037
24713
49196
101
54382
18922
14
43
166
74
42467
27100
77
9548
9861
33953
24754
93
16962
74
14408
4797
34557
13
30745
3245
85
57
78
9
18
50
20586
17
61
18
25303
29058
5262
27368
6009
101
95
10477
81
21954
13007
55506
37
88
83
86
16522
3244
16566
53
6
72
48411
7064
38453
91
101
974
34221
34
57
5443
8
37295
37494
21473
21953
67
11932
5287
79
82
31573
28
80
891
56
61
101
10166
25815
4079
33
1712
2927
15967
1677
18
58
3927
20
2
35035
4189
27337
27000
9
85
2715
38
74
54
46
70
72
4092
41944
100
8
3435
69
51
82
77
78
111
61
21
7743
4253
9360
22172
2444
5741
1
93
44
2616
6
12
94
12950
28351
17398
49
12
6
57
4102
55
37
27
645
86
2666
15872
1960
24
67
38
18839
78
16381
39
21634
67
27478
3614
8
39
37445
95
75
15855
59
25
28617
16961
90
89
67
18687
11578
8
9158
23
61
7976
85
7748
93
19
52410
32347
150
44514
1706
87
1
1706
11042
58
3
19452
42
62
52
85
16214
28
4802
63
3777
19
3510
33958
91
4497
19509
58
11238
854
87
81
37
12106
7969
167
18927
45557
6216
9783
1232
7374
36
10
95
242
4650
10650
44
36795
13407
53
34416
18189
6763
9236
60
10
12720
23164
20066
67
75
39045
11910
2460
57
67
32717
534
11758
5851
13543
15109
68
24336
25651
8
24
87
92
5
6817
1296
46
50
2442
24250
25582
72
51
7
100
15606
358
14941
67
33
24
37603
65
8218
78
35
29400
7
34863
1077
26691
59
48
7420
11579
11238
79
19058
4
2609
44
21751
59
28
22757
3
45
20233
2597
60
85
17071
1269
10852
61
7827
5531
2723
52
52082
94
71
143
71
9
5
11093
91
2870
25565
4946
4
24082
4549
7946
6428
13790
4363
47591
12
11373
31255
20063
24007
2312
15873
34493
38133
35
12001
16159
14
25223
14292
20
41
17096
9489
60
8535
76
4823
83
11794
49
9883
438
87
82
4
21257
25999
7617
4393
57
1886
14173
24310
16925
56
682
22514
51
92
55
12135
58
78
497
20773
65
2871
5677
22
39713
18628
13798
13736
77
29333
5483
6735
6398
11875
9674
9125
15090
43825
41
3177
81
8277
33589
80
66
34
26
4438
7437
42
102
38
9948
30024
40
67
19739
8
49
85
26665
49
44
12050
15803
5144
16188
3389
19391
20792
12885
86
75
6283
57
26901
98
76
10
2479
808
29527
5746
21916
73
23582
34044
83
15
64
6597
44138
34
29
43
82
91
11427
18382
18440
20384
74
19
102
95
3056
2630
74
854
28
2492
43
6335
37
5
66
46565
1281
15174
39236
95
1625
15
467
2008
31525
3608
6
89
87
13886
16965
614
1745
32366
34154
3
6210
24565
405
53
78
8674
39186
51
96
77
11886
87
58
7890
5
1
8415
40314
28317
89
33
18
3312
7
14
67
24039
9
9331
1
71
24377
16974
3823
67
34843
93
14
9
14033
31465
5769
35
44997
21661
54
19
11
78
12699
73
5078
5
118
2414
38415
58
76
96
51
85
2
4685
90
68
23611
11
1606
57930
18
81
26498
100
14001
62
60
10241
94
3331
5647
7305
20
4392
98
4358
78
5052
64
88
31531
48
5080
15337
40928
1957
25
35123
12112
8210
9686
62
29
40345
17719
6603
13
25859
75
38
7
91
50
56
69
3748
5433
53
14121
95
64
17184
4077
22
7694
13280
21132
32570
6
11725
23532
17341
10
24709
54
4534
49
11799
23510
40
653
8748
29957
101
14529
99
75
16290
45733
458
22237
4
58
19087
2018
642
1528
15839
31
25758
44
766
5979
31
21
84
2786
97
46
9801
1
34
6525
13112
99
4513
14077
3262
89
15
10
34411
99
39659
3450
10990
78
16860
35
16690
86
64
22
3544
48735
14210
1218
5169
48
2057
20772
1161
4863
78
47
53
53
6510
31671
2676
19
19665
20
5938
27948
21623
8
5242
17
57
31
79
24804
49
141
98
20556
46366
5398
10854
16
95
32329
11061
16348
8769
23
57
41466
69
7615
7245
31
4905
359
48
30795
16247
46
12967
1970
2916
8397
30538
14
58
13208
4
25287
89
92
2998
11645
39648
18
60
3833
11248
3
75
4803
6038
72
30
51
2896
93
65
22
39220
62
48
988
2914
9370
22198
4
17181
679
71
3718
22
22441
37955
9
93
49
21
90
28051
62
11440
29226
22
8441
30077
95
37659
5925
6361
92
20
6572
1104
40795
89
8359
74
49
12198
52
8
83
31085
16
4881
21849
4
78
65
89
56
6661
315
2968
60
50
63
2463
70
46864
32922
80
20007
8595
5064
23256
20732
1661
39
25
9316
26
4052
28
19
16146
35179
4260
46349
42670
1298
13259
37
80
29818
74
11333
83
54
19
11574
27605
22886
84
32
19564
90
50
8931
95
7299
84
18260
1660
36099
7959
39
16123
39604
7260
8727
78
47
73
44
11
26086
2
24404
88
98
3938
1391
37
23
29302
44283
4040
53
5227
824
31
72
88
18
5642
4188
11
1709
50828
83
12472
14871
7586
24
89
4
26
20067
29942
13940
84
50
33
98
93
3421
11400
59
35039
21
21
50
23588
5507
36
481
2341
61
60
531
51
10476
29
36556
10287
22552
1733
12138
90
1846
90
25
4705
45
18432
2690
6
1918
12184
27
12302
32911
27123
39
71
58
17
4883
44
46
29
46
9
4591
32
29678
89
78
6973
101
8009
12395
20035
9442
25
81
27
17653
18778
27271
1
50132
35
21
20
60
15
19
2771
86
3219
24248
1027
97
9083
8482
29906
512
2957
30
28
1644
31
41
27166
4376
55
48
13566
2698
86
694
17040
77
11397
5143
61
74
51
92
2611
8794
13854
1998
66
13983
44
37
2112
63
81
9129
37
27
41
35562
32471
7942
5898
43
2829
37228
10324
31
285
2833
99
43296
5850
32729
14483
57
10575
1946
543
39768
87
91
2808
69
15240
49
9227
17211
33
12
43870
1639
15657
10085
15256
31035
52
85
908
35
7639
100
13845
68
74
22522
32944
22583
12724
6
29
69
10110
24
84
20494
73
30
25
3845
74
15
35271
61
59
1315
491
43
11123
79
28653
12
32
1563
18
7057
40
10142
141
43
35
87
84
44
1141
16838
51
46
64
367
30
14
59
86
46
77
6034
37590
3713
18272
6
31674
12055
68
17565
44
3371
7
55903
27
29598
54
87
71
50
1
22670
6123
6146
13550
6042
34913
13508
10937
1696
81
27942
2369
5729
803
5685
29
22118
78
8720
31274
56559
23648
9455
18676
95
2177
1905
16081
2180
369
42163
28980
100
17
69
48
32189
6328
41
7562
13
31646
75
6234
9176
2793
78
97
4424
39
63
26
1821
12308
65
81
12
4790
37
68
12074
29
13
4629
37042
29302
4
58
58
16512
3454
3661
17545
4266
24
100
87
22112
46
5602
20076
18275
29
6520
85
93
10669
46233
41
13570
8566
36206
1672
1650
15481
14549
13744
15258
71
1711
5291
22
47
7387
2833
12
50
98
17
82
51350
58
48
21310
92
97
5736
14522
1350
100
15957
13780
3261
15615
5744
72
3496
63
53
18287
2750
11838
1006
946
20109
39894
17
3
90
23
576
7935
10917
23308
96
58399
3994
15758
16602
84
55
1096
100
8
30041
52
8
24243
33313
94
21414
70
52
2727
13936
15
1317
6413
35
5230
4485
6846
73
2933
46
47
49
2894
10661
8599
3249
27
22417
70
56
7
8675
98
98
3485
9396
15338
27
3233
28837
1362
10258
48
60
61
182
45
25029
1677
22
36584
1023
98
37531
66
75
9
2004
22894
17194
37
315
1914
31745
13683
70
21059
1
8354
15102
16520
99
14824
46
11843
95
5242
25192
46
43
34641
5
75
14
69
3395
74
18
1195
96
5850
79
6235
97
101
99
23507
11311
83
8060
12
88
4551
72
30774
16612
30
10552
29226
18
65
32
47091
31
25
51
100
29
2122
15914
4657
87
47
3149
41
68
7995
92
46
41
98
28432
13
24
89
72
74
21
21544
2389
57
65
78
37782
1
16834
40816
4238
7942
12152
6
43
101
2165
8602
16504
3589
7217
16222
27702
89
40
16
16433
5091
7
1415
79
33175
22
2043
1970
1889
4
8
63
47
50565
26
19589
4863
12007
78
4752
92
25
24902
3014
49
95
81
18726
10
45
34
84
797
23
5
76
1019
33
88
18
24
9986
38
6531
7249
20538
94
55
26
12987
78
5002
4634
15833
7
83
12613
2178
34475
12255
74
3617
10465
72
34
3437
66
15
17
6
2987
9345
7
29263
26
78
56
92
79
81
91
3885
6
10956
1553
7
33
95
31
37511
43
15359
46
48
2710
81
25633
31935
1134
19
20125
76
1169
1630
22178
62
4
42
7776
97
36
95
370
13
6817
2845
37463
7973
77
16979
21
13
40221
33321
28
29
45
10118
12200
19679
75
11568
6
18
32
100
18249
14534
587
43494
59
30
92
26
43232
53
26373
95
15
13
4
472
11732
15643
602
40154
88
96
3311
45
47
12286
4012
49
61
44
38
52
103
62
17
8020
63
12
8308
44
28881
44
99
23436
62
7449
13
11432
6679
118
25
68
3159
36734
54
75
1724
63
42
14674
10451
79
89
61
8402
8562
3
36
39728
33391
67
44
659
6022
1645
34
2
4
38
26
3862
28320
6048
63
11415
16171
11611
91
14
16358
19803
46798
11786
53
29696
9261
22062
1474
68
2541
94
100
55
19174
44
40
60
1595
22
15961
52943
6382
8763
29945
2
24692
2
37
99
24
7015
22357
1954
2580
18923
8108
5368
5722
6186
42
39
51
77
50
2937
68
11
69
18997
17
15
39448
33
24
5272
5888
40
8883
84
590
63
23900
23872
23
22
249
54
52
2110
28631
20
35
21130
10069
1791
51
25786
13921
11606
4887
5469
27692
92
95
23206
3683
45
15078
80
167
78
22688
92
18
6
1434
16443
60
34
82
11323
43678
4643
35326
50163
26655
10739
58
5
62
15570
3
11375
93
5807
11696
50
20
45983
22755
42528
81
20
100
41
15148
73
94
16135
51
62
2110
2462
22
30844
22
58
13444
51783
61
90
77
53
19145
4991
47550
16849
19431
1092
56
31718
100
50069
9358
70
30356
1853
8096
20
31686
4631
16001
9901
43761
2645
23494
77
12013
12705
79
27061
17833
50
52
88
1711
7784
21
8710
29698
7
1
81
21270
34241
39
38507
5063
46
14679
62
28142
3283
68
27371
400
35
9036
2296
30168
4
2575
31901
9834
99
17043
42
15909
12678
1184
10273
20273
5964
6532
7568
58
55
31695
28876
26762
349
96
20276
40
76
29059
87
99
1
19200
1980
1140
43834
26759
24
18
33308
101
11738
61
1959
81
27348
5293
34
4453
5779
92
9537
3059
32254
80
727
60
7321
3550
84
47
95
2245
3299
53775
63
20019
95
16523
16
7251
15
14804
5
13
297
282
70
2231
293
94
42
51
11230
14652
68
7225
25593
34
10733
98
59
51079
7330
37
8661
2742
97
6997
58
35665
92
90
21963
18550
28187
25700
23025
22654
64
15
92
59
3743
525
34
3037
44193
36597
1079
1273
11
1466
5129
30485
7
12225
3360
36
16643
93
8060
69
15
37
59
43
22280
3
8
10388
46
6934
28671
13
6547
7541
401
17193
79
49765
51
42570
1499
97
6
15098
3000
17749
39
17
20472
17
7855
6499
15274
11
48
26422
80
40
15
42
1953
11968
6596
34485
55
90
69
75
9904
85
75
18370
34459
20
34218
46
26730
33178
29863
5184
22688
90
13
37227
16561
19718
2327
45841
106
1740
24
48
6
44
1350
1061
13019
4675
48
74
12
46
56
2968
5099
28133
46
37916
25146
13553
9
1951
3172
15482
50
28
5650
28612
1152
2949
9458
11802
18433
17285
12979
9723
87
23
354
18505
8738
3695
67
6184
19963
21111
15102
7111
37252
95
96
23
9673
20
14911
24
1667
7703
2849
29
3
3887
35
4057
53
72
21591
92
76
92
40521
6886
19022
35189
1780
23134
6
25178
627
3587
44014
4079
50
2106
50
38
22
55
46765
89
68
30905
1
12989
13076
31803
6938
47609
57
2
44163
10095
11516
24148
3
36
15658
27234
15
4541
35565
12805
45
22
23377
67
84
10
4
4936
16
18515
12901
35
740
70
10769
5450
61
38
80
79
25020
12487
29
15215
5907
12550
18
60
8044
39
20818
49
15
86
45
18099
2448
7
14246
1047
5792
5323
97
36003
20942
96
21671
64
5522
14692
18
55
3330
10147
2729
10536
6021
87
38
12453
4564
654
23483
68
83
10615
25785
11531
19121
13693
100
26
33437
82
16364
39607
27842
2737
11139
55
74
11427
43
26553
4545
394
2435
673
2717
71
90
69
45
42
5591
3082
2296
80
11983
5
68
109
88
73
5561
8205
15
22481
10244
72
60
75
9941
97
7690
59
31
39
22402
102
15823
36393
132
19
3252
13571
21
8505
51
70
15469
34078
98
39102
72
78
30340
8018
70
11369
26
1898
2850
16535
11072
10351
58
83
43307
21656
5293
35033
1399
4262
1
92
78
27408
14414
19763
32130
56
1
3931
51312
62
25
15
300
1524
22
350
14784
41253
41674
39259
32124
33
14658
10
9430
5553
62
31485
32
15792
25738
30
14846
34
40132
9185
38
37
21339
40
5810
246
78
21
62
691
56
12569
77
77
74
87
59
17
10361
99
6179
6548
51079
2759
7
1455
14862
6829
40292
27745
7844
13024
72
8844
12355
9825
51
15204
30
35
83
57
6
73
3
11102
39867
29225
82
7169
18
13762
61
17
8477
23133
26
16810
3538
5567
73
14
80
96
40789
97
47
4
58
12173
22
7873
13102
49151
3057
67
45
38096
40165
9514
18424
48
88
40
101
27723
17912
3700
63
36221
32
26712
96
20
15768
5366
1354
90
21782
65
79
72
1239
991
1585
9136
48265
1328
50345
4
10506
37
22398
5
16849
18931
1948
73
64
51
20
41247
54
35368
4669
516
61
52
11420
23058
22462
28863
40
273
17638
1383
99
46061
5217
37
787
3207
27
28135
49
6915
22630
48
58
2112
29613
22
74
36
3
34
72
56
9568
7073
55
14837
2
84
2
6570
16524
22633
7692
26349
23541
18277
29
34
68
18768
37
10
56
11021
65
40412
26380
12805
36
18777
15821
21591
6109
10125
3618
5602
14764
102
62
40
14732
41
45
32737
11
1203
21141
68
55
42
34537
32435
48397
34357
98
13
20043
55
1614
15102
43
28039
19540
52
23
5722
3
9085
414
28010
97
26147
14525
8032
61
22
1112
1
97
2592
1602
54
44001
14
93
15598
65
85
39
24
10841
34003
3638
38
29587
21129
15
36977
99
44945
5197
10992
37
95
24
11031
72
50309
1874
176
31944
1306
2908
18
43
14
7
35
8932
579
11722
20801
2169
21
63
14947
32
47783
79
2404
13118
46108
6404
1320
16502
1664
70
100
9218
28939
99
6
5537
69
1726
6978
19
8518
21399
94
30
29
75
118
59
81
14
96
23
5315
14
1179
9135
2
14857
65
6966
6994
628
31
2931
48
20659
26725
12
60
28775
21631
42377
36
10994
26
42204
18388
5774
18925
48
16947
60
96
35
19259
60
2712
39
8126
76
43710
834
22305
213
52
1751
33
775
2068
22
65
75
69
56
80
6260
71
52
25794
1501
6382
2383
29
53
98
19743
876
17
8981
36
1024
12112
33335
91
9
35
2033
12
11805
36443
97
37
65
172
20
2559
33
28177
16
4633
78
32083
93
1971
373
49144
8627
9833
14739
58
55
32
6051
24764
26414
71
9544
26093
75
43997
8887
52
101
45
3348
3081
12389
25
40
34803
501
281
60
36
39722
92
63
23857
1968
23149
47
47
44
15238
9
99
80
25541
4828
1977
36564
16
6
4852
77
2475
23566
44915
5549
15
32
71
51
60
6
2650
22
41659
61
68
28
4184
94
68
56
44
18822
7429
5728
43
23
47
37
99
22
9892
76
7477
39175
12741
27567
29
83
28844
48323
22682
8598
7499
62
30372
33871
19602
2954
29
79
74
41
3812
73
84
21330
72
34294
28378
42
26279
88
8
9755
100
81
3646
2009
3108
24
63
8025
31055
3956
29
102
66
466
26330
30747
24871
23352
39626
6193
101
52
14973
15232
101
4192
15
18751
15579
33
15691
4136
4549
8390
91
27
11948
29
19228
386
1790
97
75
44118
50
7804
3652
36
84
8803
13093
18566
1204
17
5920
9752
17
29345
22899
17
69
2849
101
84
54
2582
12995
27225
18
43
1555
10850
40
38958
16132
1615
35
55247
77
25855
98
42206
12144
83
29216
62
19
89
50
14164
1000
520
53
41
5222
441
29590
38720
15617
55
294
39705
38
33
75
36577
15
13
1847
16
61
101
7084
6975
1225
21353
58
14436
21
44
75
42925
23543
8913
69
66
2541
39941
1427
22372
89
96
2194
40570
8
58
63
14545
96
29
20711
10
8661
3
19613
26992
512
5839
8
62
7918
39385
36
27628
2696
411
1215
15470
70
8775
41
17331
13067
3317
13990
54996
15053
2641
5735
96
925
8238
68
13567
42243
95
1347
16438
98
13534
15444
49
16
3810
89
1
54
11461
69
2886
6278
3626
3497
19
11050
52
12
58
17974
8
7075
35
10838
100
348
67
96
11
29
97
5020
14808
40
17534
7
732
38918
700
78
6502
39
21
42
86
33
8799
41947
39120
19230
21461
90
13482
12113
91
28
15
43486
27449
21
65
32441
8278
30667
29
23745
6276
6995
1848
15923
4068
16
39425
87
46
30739
21712
22
16
14679
25852
24001
15010
14030
4382
90
47
47
48
16
9903
54
395
6111
27998
53
2009
61
1910
49
25222
9
47
84
1144
25675
73
38
10229
13
48
85
33
17683
50163
18080
7276
5379
22096
11993
4
46839
2018
79
156
37160
14731
8
30
17838
3556
7
26
593
12
7
63
23832
2
22538
65
99
4464
59
54
39709
16193
55
51098
8
1522
26454
35507
83
68
11237
33917
40
20126
12
16
1060
45
50154
381
16
2684
45
97
9400
20
8560
60
97
60
78
5851
18727
1858
72
33192
52
6248
42687
26
11542
40831
4378
41
25
4
53
28532
7241
16
34
80
5331
2397
17007
96
33
2873
7799
48
51
60
41
10
96
18924
94
82
26658
4919
81
26279
50
22994
42
766
27613
2392
1254
80
20198
1887
6
20182
85
6420
85
77
7851
278
7195
4362
5404
4854
72
29711
10166
562
191
96
11675
16195
49626
21849
68
38
14124
77
3377
23354
645
641
50
16907
61
12141
11971
21820
101
5479
54
80
5774
42
81
4442
14998
2169
50
86
84
53
57
16
1944
39
25
16764
68
5884
7404
46
94
33529
28129
327
46889
18352
29480
87
37656
17
47478
7034
47442
2123
59
3489
6539
30230
83
5592
61
1156
78
61
58
14583
43
46
4631
9878
12773
20826
47
1679
137
32784
32786
244
61
20837
3381
13362
2097
15
6038
9999
66
12423
9404
27468
1768
10419
46
5518
23499
71
2030
28122
26437
44
11364
101
5406
1936
36
14961
24
19111
25343
4404
30116
2339
1949
39
1612
34619
15470
13158
2985
10962
8015
3688
12555
508
56
2461
5053
30
10945
2010
97
96
13032
17
88
8
22
27896
37251
8032
9140
803
60
53775
2227
75
24491
90
28
20033
41210
7
25957
70
101
38
12278
27072
3389
13908
29465
6
68
51
8859
2162
21
21
85
16491
63
101
26415
7671
24861
41
85
23
25
16
8366
40
3009
36307
36
99
4
1285
5735
70
20272
4915
85
34821
35981
1792
27
4620
8251
90
2498
1400
16995
37002
101
18116
95
7008
3130
98
18
11450
25118
86
9
6689
99
1111
53
28022
7558
243
97
9478
54
24593
85
3
1042
26
14669
2
9276
2
1254
12034
45
2570
28215
27
81
27742
22
22
3387
2905
85
20476
22906
1849
15618
8555
156
24
93
24
38
97
4
93
72
431
1695
86
80
30902
99
25197
30
45
14632
88
11
34919
63
8
99
46180
2138
5558
13504
76
95
12
6
364
44657
3
52054
56
11302
53
3063
21111
16986
18052
70
8
68
35
18
10942
100
97
59
10
33540
23273
89
15677
21077
5550
97
11
18271
73
16285
26811
1
44
12161
227
10871
10
26923
26
922
93
82
36342
960
94
1066
36
18928
5575
13724
44
57
185
17
5255
9458
59
11437
4141
7148
87
19
17
40872
1
22366
26088
57
34561
78
77
430
59
3235
100
71
14225
13968
32
9665
10037
89
82
50408
44
17607
1279
77
503
23458
48
51
10745
11899
18089
28
73
14318
69
70
102
28673
86
43282
1272
14940
23
4891
7
2220
19169
8608
3877
18137
88
6591
15431
36
5426
33771
50
9
21
32
57
98
42156
2015
3998
77
13
16475
28
14464
14980
6
8
45182
1026
10356
14
1620
13118
13842
55
30687
702
14439
3444
42
91
2
2014
276
45
3
6804
76
28
13447
50728
14355
50
3418
31
80
2947
21888
12741
2061
23880
34
51
40
383
85
14924
23142
16
27624
49601
2203
25154
20
39281
7820
18
6969
88
28060
12530
83
13116
44
24
14724
41
88
89
58
23814
4
1983
67
36
33170
73
75
7023
31269
14672
93
7388
40
31840
45
16903
31298
18
75
8727
74
61
5735
2
24796
24
4
8457
13371
7542
1734
96
51
20532
42246
14
8983
80
1482
2319
22991
98
8945
833
6654
31683
35181
13967
11
55095
95
714
33277
4969
6864
17
6444
1275
94
305
1207
7651
3512
36
51
4
65
57
24098
72
60
881
32
80
1414
9309
96
7807
3
70
3
6
1534
92
5586
27579
18800
27833
36
28825
4
56
7468
2314
3945
99
47208
76
13024
82
75
30
66
12
7243
3
9652
13213
48
4849
73
4323
10585
84
40472
6960
500
46
32
668
27343
3055
1424
47
100
43852
39
12
21255
1
18323
76
23480
10516
26792
43
9
3
356
71
727
13448
64
31
9707
3828
70
99
290
1
99
154
34
2290
65
12289
2092
15140
38
77
12
62
38
969
79
4028
75
22
77
25589
8456
3715
37862
81
31
8973
62
65
3594
6154
67
33
1235
22943
3482
3
24733
15523
56
13540
5800
17
37708
85
45351
515
2808
53
35219
3215
7979
14267
28399
69
97
2770
29953
8915
10221
12705
15955
27
9655
29
86
80
80
36
76
42329
8340
75
23790
4121
42
12320
57
21652
7599
39
13639
46
25726
811
6736
1
96
100
78
37084
34
23739
31
9033
63
43
39157
14527
33
8
118
54334
19
21
47228
10
3728
13488
1526
83
8025
12489
39
10
7312
5611
69
23173
20
9
187
101
71
3
16979
23560
5992
38
26858
5125
7998
96
12167
3
82
27829
5113
6103
100
27084
26887
93
11
64
3970
9
30847
26577
34
37
43825
79
60
21
32582
14803
3
28
22
27701
2331
24
47437
86
61
32
29680
36
2230
64
1833
88
6
78
27
67
34
17
8641
53
24099
59
27399
100
75
2
7331
9
2
143
99
61
88
34092
29
37871
8
13
23
22987
16661
22
3165
104
74
21709
28087
8
7782
34
101
1206
6546
56
11586
1696
18978
33500
41608
32657
20548
50
3
21
952
59
71
73
1547
92
95
4510
3434
98
23
86
15622
372
10748
71
9
7317
22071
6238
12444
8
10275
8734
4601
89
11786
74
41159
4218
13051
35315
79
34513
5897
6
21
5172
26692
19979
2146
4
85
706
76
944
89
43
70
14055
15125
99
58
1637
102
1912
95
41
16
46670
24
21638
94
13399
48
36
18568
6461
18585
11636
1257
67
8268
40727
94
66
91
7
1498
60
30921
4413
29
882
25154
47529
692
51
14890
86
2915
38515
77
33762
853
19348
13
6816
98
3248
28456
5602
69
69
38693
9995
36
27
12386
13915
20413
8165
27293
84
4475
69
5308
16198
17172
45
54
84
23241
54
9113
72
89
42325
5691
96
4911
15593
5061
17
23982
14
5570
68
19
7012
83
101
12687
37637
70
29082
80
12468
2994
72
6
88
33334
507
11118
15594
69
15257
88
13529
11301
38490
16821
45
568
17
51
25673
7
4514
13733
8
39294
78
71
4470
42799
17913
69
92
69
15
2753
9
54234
29245
1149
40253
14276
52
6885
754
6288
29317
1651
59
55
37
1237
10
37411
19175
64
3106
78
11579
35
12138
69
6525
8850
66
3121
20
42165
13896
6
2232
13930
63
30943
12762
23113
62
4694
895
18666
9530
47289
26486
73
50
79
2130
3268
11030
54
56
67
37
27351
39320
7896
15637
72
6843
84
44434
15
79
3086
5488
56
33635
21
6698
83
1
12
88
12801
76
41638
2879
7415
16670
85
12817
7656
42
99
89
59
1
92
13054
24177
7650
23
8077
2920
74
7125
76
14
100
1776
15937
90
26783
22504
2803
8842
19156
15
23122
18320
781
10738
76
986
21228
888
26993
10876
35700
83
4
38884
20162
76
32
59
9
12274
4706
15
26900
10
51
6631
15723
20
62
78
44
74
14981
63
17345
25402
13984
22972
15432
3086
74
32
43
12452
26418
14884
53431
20513
19
45
10480
40
25298
52
30431
23448
23
47915
21009
92
49
71
35488
28312
190
80
94
102
25
6117
12484
2790
3112
8
16295
27
22767
36
9547
40
33081
19412
54
73
36
21617
101
23
43801
10672
26427
42
98
15
22
36900
96
10450
26992
16
355
20628
17784
62
11
2
28268
18658
27
17
8414
9891
8051
1135
102
3523
1255
32
35
42
5827
23810
8716
7712
31093
31241
13871
51
3417
36
79
7
58
11595
38640
23065
7596
82
76
11007
14
19024
273
44
193
31
29
39
76
2888
91
84
9
721
4
7531
92
290
48
31760
13249
2948
12260
5284
26279
245
9
4020
1201
31
65
4136
46
41057
67
13236
101
93
968
77
26
1
8898
15488
41935
18669
47073
32
15827
14679
23
4352
1257
81
6774
30310
35481
14
10433
3587
90
1
33
13761
47
7708
30
53
4281
12547
44
151
18210
92
8236
7590
44
7015
81
26
17
22299
3959
86
24816
71
18509
10877
4
28638
11504
45
44
19751
25534
30
7
6116
9568
25
1883
63
25499
333
170
7112
10315
2371
1214
11690
83
82
14464
10267
78
52
4998
16255
746
6
21567
34
27517
90
183
12942
37798
22713
56
32
3936
3676
72
36
13
275
14
48
100
38
12827
96
385
9
8929
12772
30017
9
76
13740
6
72
18461
6505
18
27948
80
27321
33
20318
17123
5
56169
54
31
98
25462
2600
1251
95
6996
96
87
16
8293
14565
22
89
35140
12655
70
33
91
34468
32354
38511
34
23064
6114
9010
27
9
45
8823
16262
6666
1219
34
757
64
40
68
8399
10485
54
13
50469
21
4750
5885
40776
2442
11
17537
74
40
6022
97
49669
1014
6917
38397
1934
26
30683
16849
12362
1456
34770
1
2750
14780
58
40715
8
9640
65
1326
89
21407
59
22
13791
31
93
72
36745
96
10080
17300
5535
15899
6283
40495
14346
75
31007
54
19027
7
67
17120
7
101
17051
74
40
40170
40
12257
26
51018
50
65
92
31
15723
15404
4636
84
85
3
26503
69
51
53
60
9144
310
8690
3773
47
48372
12035
11518
13005
12975
29
65
3929
38926
572
89
82
4769
27
64
30460
50
62
6363
53814
209
40
45179
21373
13
31084
56
79
74
23527
11895
66
93
84
86
12242
10341
5004
74
19049
21075
28330
9929
16882
27526
34
5820
1448
101
43
63
85
2205
13
29639
21
8358
16
87
61
10425
31908
64
656
71
3261
81
21385
7457
7764
4829
66
78
29872
6
11486
56
6443
8408
31217
59
4
56
5642
11585
16623
66
90
3
32
10483
21285
79
3077
52
84
3094
16322
1
8524
5
607
60
100
17869
2723
1190
51072
6636
12
39
49
33
72
29
10405
32831
31601
67
90
4617
7071
6169
10088
31
9324
15245
40068
40319
7
38545
17070
32038
6
93
9324
71
7683
14357
41
49
7
15089
65
1404
1607
94
2766
2685
3649
3645
1403
22
59
65
76
1039
1032
101
46
57
42
7
15234
34112
43
15127
97
12603
19293
67
3907
68
15445
20901
2001
21203
29
32
5239
55
13579
51
100
8
30
53
6397
72
15659
28082
13190
1292
1612
4750
17
23770
26
9
28000
41597
54109
41
18713
99
35398
8359
79
97
3291
3284
13
33870
30
7083
53868
33495
12491
14
18151
19617
10353
15
1427
4
59
4401
17430
25465
23710
3764
25479
5877
10019
82
3585
77
35
30304
19406
2078
1
4005
61
41000
29475
11390
47
18976
3081
67
11443
1959
98
28
89
10946
26807
100
1
35907
39
11
32899
73
45
3842
19824
26
60
6
13465
16298
46
6586
19927
34
2728
79
8212
10292
100
8895
19449
55
26
9445
7065
31066
42
6
35
370
89
4136
79
3271
607
60
1431
9758
3
81
17674
21455
48020
3040
60
16036
84
22
3194
58642
63
12625
8060
19768
19061
1062
12802
42245
4032
20548
8063
27955
184
43455
65
14
42131
18828
48
6678
38044
4496
7602
32438
3899
68
23250
3978
468
2900
76
26
52
2723
5487
11
75
10594
30629
17967
7602
85
15965
49
46486
23208
55
17658
2237
53
20188
48
57
45
3953
21090
24
5332
38482
2627
5
9934
4208
54649
91
4766
41
81
99
33465
84
89
13645
92
18
30932
2547
11070
43
669
42
5589
16630
9531
8
1186
17
1883
2214
5810
23204
5
36
38191
75
49
4614
97
20
74
13031
7
74
2326
15
28
58
24
7572
20673
64
21463
46383
38576
36563
8490
7832
1
18211
37
3446
41
90
15704
96
16625
7165
3265
14173
47064
174
21
25330
5471
9296
21746
25
21712
9302
12
6
11107
26808
8
24
13530
16598
18304
51976
73
5062
26965
5439
84
78
37
4
48
70
68
73
100
3089
26121
23
8204
32
6432
70
99
36513
1163
7953
17983
26518
34723
1
20496
59
24
101
26436
78
20797
46
71
969
50
54
18
29622
7358
91
34
42292
21
3
88
88
25
15717
52
10163
84
47
4131
27195
13925
90
12392
41
14
10
101
9
51
3097
17804
12900
62
36
36
2721
84
8964
5211
73
57
88
81
91
3890
23361
12319
24835
49848
73
43903
10
10865
81
39
77
42
49
35
90
91
88
341
69
20069
35
2349
10353
64
20248
4425
1318
41430
32
10148
41795
153
14
10
19481
77
18
4813
51845
83
1
24833
99
90
5983
20278
5805
1440
74
16268
31
70
31319
19049
5142
6
75
56
43
46
4997
2577
23104
20255
75
86
20243
8030
10
17234
29
5061
51
17593
2
724
15530
4163
75
49
15482
12247
22963
5577
53
45
26201
90
19
3451
30054
10133
19
1458
24543
9
40681
8827
9
31648
20
61
37
8163
7
85
6151
20050
2348
57
42
1328
18
13000
11171
23811
3803
21009
77
11
15017
77
16
73
5657
9
30761
44
32
9276
69
39439
28433
21
38
15875
54
5466
7350
1307
32
34
1132
57
29573
43
72
11728
3804
98
60
8349
12047
31929
6386
43628
11823
100
5700
1953
71
12085
59
1523
86
5055
46840
101
40
6490
57
6677
9132
415
67
54
32
2
2275
16744
63
5468
66
86
71
34736
56
34
24
1262
38
8719
84
56
31193
6055
13971
8197
573
11170
970
28463
19613
6
2085
9696
53
39284
13
32
72
74
37798
41228
20514
21570
21549
3441
26443
45
15165
13350
40
46
12
56
35
102
6666
1660
7393
3618
12
89
70
4068
20550
3207
60
20814
84
72
45159
4693
3725
2735
27
46810
16
65
98
92
71
9
65
1454
26524
68
62
92
17
56
30648
31141
55
102
2
4252
42647
33277
5163
11
68
5522
1474
84
17704
51
51
20
8
4437
77
52
1785
7
14233
20480
3010
6577
13
18
1987
628
20650
33
81
4
16
12500
38
94
59
6341
39288
10785
44
34390
59
13376
7618
3510
58
13842
13
19052
85
10852
66
11
2113
37131
33
25
5554
30450
52
17587
54705
1118
52
11
69
29840
16914
37801
73
10784
8740
7708
5371
101
13676
1738
70
16879
82
30693
54
68
43
610
44078
5118
16957
5
90
182
31899
14
39
73
10334
28
21712
20715
4944
68
23
43127
78
35967
8463
31
78
72
22199
32873
24275
40
20
15587
50962
52
10303
1
43
82
29
87
1
37
8791
87
26262
5836
23940
13264
14119
662
1029
24794
27
2940
34
19917
95
98
14978
4688
7330
99
19609
19
92
93
3538
785
6530
26
1355
10591
59
18464
20788
22746
4825
38430
19068
5
1937
42
14830
35
49
16930
10538
2918
3475
38059
22
2931
31524
100
4694
26711
6238
8895
28560
134
39
40
98
10401
94
45
32054
4862
7907
26829
7351
10700
53
35
36
5800
8
87
3026
9
592
29633
6116
84
26
30849
95
2750
7029
25834
44265
30
6273
54
85
91
91
4955
31290
95
1167
30024
42203
4304
103
2926
37118
36987
26
10
68
3704
95
87
43870
15
10
10853
377
44842
29329
14596
80
3748
9
20632
6
58
98
12241
68
9
75
65
64
37738
13521
1437
3455
40
96
43
8145
2323
9939
4273
29172
14474
89
36
31309
10706
3
20
45506
90
55
6316
15
50603
33571
41252
14
13631
93
57
54
3781
22677
62
27384
34054
42
4
63
34726
22820
64
17454
11915
39486
4819
10610
98
599
382
6204
68
4842
19556
4925
98
35824
1
9177
38
6
68
90
99
51
4316
29973
29397
16807
8548
25479
31313
748
5
18
24264
35
10100
84
27988
33569
28
15363
22673
12
20918
15
22
51
23251
12873
49
18289
5269
42113
97
15
15632
6
24
33
2405
25
20800
1441
77
85
11763
4072
8
85
1294
15957
30
72
2966
75
15
49
22668
89
89
11
15508
18652
47
48
34913
10713
54
94
50061
34984
10523
10342
4175
21324
44
32123
24678
46
2082
27089
21728
34057
12479
19080
84
7
4637
3283
5727
95
12
95
3350
16070
382
59
24075
11238
74
1427
2242
48
45490
3645
27
24462
13
15326
8101
2183
39
17097
40
60
66
7845
6245
52
74
15572
12
14972
31323
8288
7033
87
72
5250
95
78
10735
8
27
3688
832
69
15533
3
7
28
555
50
11707
6613
14697
18498
5430
13
20502
4188
60
21
1944
89
93
21929
231
13518
5141
30528
193
88
2919
3342
82
26949
9557
8480
4015
77
51
98
74
8188
26
3758
10448
74
5141
54
21807
101
14439
13016
95
5499
32529
145
62
80
4
11468
8916
77
82
44
1793
18493
68
4
1365
1431
8808
61
4495
17
36848
10656
21178
9058
6
12466
25099
31
67
80
5226
64
24740
22
27
35
12761
26
71
7954
16649
33
57
21713
14690
22690
973
20760
35
81
99
63
3486
5046
16
7334
664
9886
2998
2497
50
13679
45
38
82
74
8334
92
1771
32408
10
12677
34
54920
4516
33
36
26
19684
18932
13
5585
39
11378
11185
97
3
54973
27
33605
12294
41313
12975
4043
85
60
36
25088
79
32
55
30206
15655
7042
80
52
7611
63
11
19561
10279
15081
52
77
25692
21073
5979
5717
55
62
19187
69
100
60
3406
51
5197
40921
87
1342
8675
3679
96
17992
47851
67
25270
38
38
28
74
82
1623
10430
7260
36
81
12407
6
12985
21
24
17
32398
9364
1403
7144
19
50
8301
21409
37
5
32506
70
18
77
38
2
62
67
1282
3729
1493
16679
51042
32
519
34827
31
61
17849
13736
27000
18649
30
59
10771
33512
78
6
17694
11404
30005
101
2
5638
98
15064
30
12139
80
99
17
42
1637
44696
1
32
37242
57
69
15197
63
466
86
20
18
10156
73
42
3926
15776
96
32
49
5
80
15653
24183
5504
34283
22130
38404
11618
3
20996
84
7332
34919
26573
38
24
12726
45
498
20361
22805
32136
24
31
2374
12
3682
16228
90
13206
25155
87
9459
1351
65
10403
86
28639
3929
33
77
88
42
99
93
94
19744
14
83
20152
20494
27411
80
97
4941
19141
758
72
27712
30929
40
2254
16742
6990
13
74
30
88
4677
19371
27524
69
94
54
89
292
2461
67
3024
12599
69
5
9137
29
30847
49451
31410
2557
4532
4
92
56
48851
5101
2294
7592
8661
23
25804
15833
54
91
25733
32362
29
8830
68
31788
19439
11645
14698
28802
32
13714
6324
7550
15571
18771
974
7
27004
47662
80
100
11
10981
8560
73
2089
2767
32
24875
71
97
4
31831
73
89
43499
10361
40
33299
5204
688
2418
62
5881
23
45
39
19392
12562
30
14
7995
56
7173
17
20650
1117
14465
94
75
37952
84
10680
40
61
41
264
91
36048
9
11780
47
24541
9237
3860
9210
32
35434
13998
312
39841
28189
14597
16291
32
18474
1686
72
24208
9739
53
14318
17754
2630
5595
13574
20627
649
10370
43097
28
26107
17
435
49
43
57991
64
47656
12370
29178
26
20966
404
19191
83
50
57
90
39477
4838
10632
9131
2726
80
10046
7647
23739
47076
10013
42551
24226
50
39
557
39
2369
1489
4271
32
19931
12859
45
1439
10872
55
6082
13467
9412
55
17960
35821
14820
24895
6343
5125
28937
1462
81
21184
67
851
47
6
100
29985
4389
2682
83
22480
63
80
37
44295
80
20525
5146
17438
286
811
11217
16747
23761
65
60
161
17515
41044
1806
37445
100
4
9238
75
19889
67
5832
85
89
7339
6132
26424
90
19599
1344
20
15723
8807
34108
13
25864
9473
17626
3340
31
41
34224
9263
39
10352
8841
57
71
2017
21310
21
98
3923
32965
23057
47
50
37
22062
97
26
49420
22743
1106
87
244
47
47850
7169
259
61
8151
18822
20
78
66
62
20994
41891
9088
94
5845
2
2224
46
84
84
2014
31597
7110
1352
76
28
70
20010
1
34619
2346
48
29547
325
42
75
31
69
9736
1869
1701
60
5
10312
25698
4476
1146
7564
484
87
20
14234
19674
50
9
99
67
84
9570
4
101
11409
52
62
7486
32772
28631
80
76
6778
802
83
2806
6084
6687
20038
10093
52830
22526
25020
94
7754
30
6154
1
721
13935
7439
28130
43
84
5015
18538
54
44
6855
73
40727
70
94
12977
38328
7027
41
16
65
184
9967
8513
2863
67
31562
45
239
13337
2965
2767
7
65
9602
7
75
37
36
962
46516
2410
650
91
2733
73
13659
3888
1106
26367
5
2
75
2453
19
48
35641
53043
72
22787
5440
48
1013
74
10014
36684
8
49538
9108
9769
34
102
77
1458
36321
4474
3226
96
9
47
7236
19672
16
96
16
34
79
8679
9960
54643
75
10417
9
43
19760
9730
91
51
39551
3583
80
15038
52
13216
47
1
4541
64
19525
60
96
53
43007
11178
6410
95
9292
10
2458
91
3044
24934
92
93
899
27
12696
2616
47
91
37761
11
52178
91
57
14
18
22480
98
52
100
48
5124
6805
9725
35
48571
86
93
240
7207
7059
19542
12042
25523
10613
45
69
21371
98
98
70
29264
38
101
31744
92
79
8275
48
7528
29374
6986
212
54
9904
3172
45
58
4653
26
96
75
11758
60
96
8466
37880
18
35
58
67
81
3
79
15
1923
4
44
6
13581
11
17249
10415
22
856
78
1798
77
69
55
38407
87
25
68
41
26
62
83
7417
18346
19672
56
54
9344
18435
31098
2020
47426
42
39340
30407
20058
61
85
48408
93
72
14
88
39
2753
2103
75
56
45
79
38910
1880
89
4675
52
69
34
65
12423
5
7591
80
8107
68
10745
12870
29660
25
101
1789
44893
39
8
12058
6275
29781
5
2437
29855
45
12978
40965
83
40
47039
39613
9
70
48
93
386
39299
11337
8080
32
5128
31309
11
46
22660
25450
1594
19418
20
33
21174
13951
4
23
9112
12
25348
50026
8095
21
3743
9831
90
5114
7
50
5577
32017
12648
41
2040
65
32467
51
38
33651
17497
26840
90
6124
14388
26202
12
20389
31
23
18
5721
61
3999
35847
65
22576
49
3538
10622
32288
285
1485
13
15184
82
2
1279
1129
31
11
8460
1319
1774
94
1499
85
1440
4395
44936
18630
41419
54
99
5578
17715
23043
169
10
55
2
28619
89
102
8560
50445
2866
17662
325
40162
7108
18596
2450
38354
18437
7615
27
97
81
44
69
10892
24089
5859
47690
32
55
3758
1452
2
33644
14
85
3305
33
5166
59
31
3154
59
94
8237
83
8092
39
79
22831
23345
2163
852
72
5615
16
7
7428
60
3829
1971
4197
27
39731
81
11587
74
460
65
14426
67
57
4132
79
81
29
36
1147
93
3204
45
6372
26
52
70
18348
79
9888
11235
2522
7541
18231
40084
92
97
10061
86
26
19925
75
21
74
71
2
92
9
11
57
20221
47814
34912
10121
13
23
8170
51
2020
35339
62
3559
16
1641
578
32
41310
18772
15299
3
26
81
14070
20
37610
2643
13723
5963
85
19
329
6999
15195
6959
14133
4412
20
4380
914
31
93
49
44
1314
32
35
59
26210
72
50142
24827
21
5267
64
43
27917
11845
27722
14945
100
36
87
5174
5608
12399
14884
55385
86
2719
11461
26054
9227
7002
38631
54
43
12999
3704
24827
257
62
9500
14256
102
54043
49
9875
17490
20518
3
77
9908
3599
144
27385
91
704
8747
85
1039
24494
1220
62
98
66
5012
52
65
17
35828
65
34960
79
100
4709
8562
20065
23814
69
6290
48344
23998
1369
48
38673
175
10778
66
81
5151
40807
11642
36
32
455
78
15
12
73
19
19
31157
11
8223
27059
55
20
7
42681
101
82
42043
28211
9491
45
21607
9662
35020
36539
48
31
23164
14030
42
100
1
20347
30
40
89
33
31
36590
231
15
36682
14
40
7754
68
8
66
354
46
12549
1962
18497
838
63
14378
36646
487
55
94
81
23968
45128
101
98
2958
9344
24720
29898
27
54
22583
6212
12685
9222
61
8770
34164
22008
11401
14247
23
38
13605
15
53
8345
19241
12
66
18
4824
5413
58
13079
45
71
31
27190
4908
62
34805
25
53109
5121
19655
6985
1600
68
73
18413
41
1
6237
30004
42
27
1257
13945
17
22
4541
34093
97
24265
11020
32194
14405
41
20
91
11288
3948
589
19863
43
1102
1410
1281
25
29
68
12863
10515
29686
3203
36529
38
35
30766
91
94
7
26
19
52
4109
56
41
38
90
14
4761
82
35
2171
32060
25
29246
36
6301
332
63
1816
1639
34896
25775
71
23
89
93
37
17641
10373
27
14
28901
14767
2894
11569
15624
31620
614
65
6563
89
202
57
61
9164
5781
54366
38685
54
100
8
76
38456
3620
13005
3880
13292
2447
13
36
5661
17034
24015
29600
67
12
86
11685
432
4969
3130
8
6017
718
100
1472
6822
8549
792
5055
133
47
454
33
1734
41871
62
27913
5471
5351
14251
10
41
56
27
100
40
2723
14376
58
1771
1
27708
8744
276
27264
85
14780
1204
17764
22
82
15499
10
1266
457
29
3901
4
7
4408
11454
19978
46589
318
2242
2182
16303
19
20
3404
70
24510
15041
9392
51326
22
14905
7881
12
3753
17
1672
13694
653
5693
7136
59
73
71
9
4517
32365
83
274
6
43
22726
22815
64
5705
3896
29261
52981
36
1
25391
20893
4617
63
39631
41
5
39188
24
8580
12
12799
30
6474
1457
16
29713
31
29981
11933
83
29117
27
24204
8337
24011
7080
8841
1
34
52067
6649
78
3294
17679
47
18
20137
25
17
34
16
30383
9
64
19
1664
9828
98
208
9
19021
83
9524
8737
7481
9832
1744
5266
12
38
29068
26072
90
59
26884
3626
62
36
1196
41
66
52761
3410
42562
31596
5907
41774
19619
1927
18
69
1880
8288
18
2751
5654
51
7408
24384
13816
39
55504
29
23905
3628
2294
44031
10
64
15
19396
5754
3002
63
570
35967
13637
20146
20094
47
7
2487
119
22
16215
84
88
1354
47
46
58
58
24416
76
4838
7008
16074
4
4373
4017
37
1244
53848
31880
15565
28
20768
10701
15132
10340
750
55
19178
2599
12263
24723
4136
92
59
12268
83
6417
146
3825
53
17125
48847
1
9355
80
3
51
14
65
503
3885
15840
6
6015
24604
31
83
18705
5699
49910
80
52
52
13241
5641
46
70
31
86
40928
3201
24162
6020
8
43936
23
37350
31447
38732
4
2
5
16
2541
101
9816
34236
44178
74
5535
55
23626
89
14265
32792
3144
6031
15087
82
5479
62
75
25722
6
60
26087
3552
27877
58
76
37598
13200
14127
22787
52
14817
39452
22
6944
30173
23
1650
18
35852
22689
19527
25954
53
25
36588
14254
12891
6563
50
39
10926
835
98
97
3990
2
1251
965
30
56
16389
18044
98
31
17225
26658
15641
89
2619
67
19360
7
13219
18907
15457
82
5849
25033
18861
14546
13243
59
19783
20712
36
8
17
15
86
17
56
45806
4
93
10576
50
65
10874
20
82
78
4632
30343
846
34109
20047
77
96
32716
6042
51
47
20205
8
18412
9
12061
19172
32412
18527
88
56
7837
11513
27673
4709
38
5362
35195
22
63
36672
45228
88
13249
43285
82
172
34
3157
31761
29244
4733
30
12435
4
92
8
4074
8
19814
2619
89
66
8072
710
42
54
17684
29271
2956
1033
4213
1449
26
46
23582
9
64
14
8646
35500
18699
76
69
70
17639
47
38
4173
52
30
31543
11761
9670
5
6406
21539
85
88
15445
41
5055
25
6377
22
14078
7531
15841
30486
86
2941
37505
14102
25
23334
4557
20
26
8
8538
45
5106
49
66
1510
46
2012
57
17241
88
17623
93
2
45450
5
10897
83
2107
5351
2645
1707
8842
8552
4288
9757
8
54
100
23728
879
4163
9
53
26187
4224
63
68
148
21
7268
9
8602
83
101
51324
50
91
36
340
429
98
20727
22689
9
2669
1358
7
51
101
7534
76
10096
4887
28753
30
42181
5899
42
95
1373
9053
14314
19087
92
14
18291
12743
92
97
33
17997
30
9576
21
64
15891
4279
2001
886
537
27
35934
41
1591
43858
30
24
25
29
14538
3866
11917
17037
10
86
73
10605
2321
25488
49617
24
6251
39
942
76
81
3324
17423
8644
73
94
2145
9
70
97
12
36
6
100
8
8558
40934
9950
1341
707
12552
5780
22776
28728
33
74
39
92
57
18614
2
1449
80
32
17648
16312
3091
41
3
43
2580
95
35277
99
80
91
3721
9216
48
21
2771
56
131
11476
24667
29809
32238
3201
15699
16
42
57
94
1
3957
32523
22569
16584
18406
17730
49
18
54
2
3315
45
23
888
22
16075
24
64
17504
89
809
33965
25
1882
1597
67
89
87
12620
7727
6184
18385
15
14
55
13544
8
18
35197
27
14936
11
5776
3099
6860
67
12310
45
57
4591
4524
7449
61
10532
2774
11771
5667
31313
46
85
27402
16575
64
80
6447
41742
2923
5104
83
15169
24756
24
10779
16132
41
6302
29487
97
55
9306
32962
91
48
30952
612
52161
22035
66
25927
2
2582
4204
14699
58
2546
15
89
9078
16622
11
17
17
16866
77
574
7575
41869
88
11
25086
1587
42832
28
6813
29165
21
3
75
2963
15874
17285
13
6861
18980
15200
903
43
20
9860
30926
26
74
89
60
8881
17222
53
1122
22
16435
23952
68
69
68
84
35091
71
6783
6
992
20582
6870
90
4165
32
19
9739
5452
70
563
21804
52
9715
4643
44
36
15029
17
10516
58
12
87
93
18779
2609
77
23558
25760
796
37189
63
609
2242
6294
40957
8
5003
654
7966
33450
31462
5084
17376
56
4149
3823
27943
6038
16
23991
27
16902
24
87
61
20059
1622
15
6435
13
42932
99
83
69
90
22336
715
26
57
46
99
504
92
37560
17752
82
97
1272
14682
41
15579
46966
2
5
52
12
101
1297
8643
76
26
6
11090
4880
1391
5113
16815
68
41480
16947
2478
36634
9998
49
2385
79
48
12107
1707
30673
9116
5010
20
2524
13872
19120
86
11888
44
48
4469
39
5068
75
95
82
83
45
41
1
42
12033
36
8477
21148
4560
12
67
32711
3665
38128
18482
76
8
26
47
39
21533
43
46420
24253
13727
31437
18269
19778
34563
24646
17319
16
5682
33825
22050
228
5917
51
975
10466
88
3
1293
1
51
38
49748
91
30
19333
7316
20411
22021
335
17638
58
390
75
16362
1091
55
3921
15718
3519
4825
87
19775
308
22114
21420
87
6
101
73
77
27264
65
20154
31056
863
3296
36
7947
40012
81
3870
27891
100
100
66
8404
35679
21
98
96
34
22143
35
11
24353
15790
37
44128
8
36
11
63
23332
99
4
3185
2879
15405
101
86
87
69
884
4
10281
5305
4684
4
27780
53
33
92
1360
806
1
10680
47115
870
1834
2037
40287
2265
10
4386
2550
79
41331
1381
22969
13
101
24
20126
4351
21598
56
9082
15792
16231
2
43281
49253
8986
382
4443
2683
6518
4079
16370
100
64
92
10529
131
7706
44520
1518
35
56
16247
40
15946
3017
86
6951
73
11558
26
93
66
9
50
2510
4967
19436
42269
10801
22601
44
707
4027
26967
18507
5990
61
9
9
74
20
18586
71
36
57491
1
16395
83
30
1266
71
51865
33
2
11256
1494
26971
12362
82
2994
92
38745
30088
2107
96
97
15928
84
81
9337
28
16433
27425
15099
28344
1689
8876
39
27
25
18951
11114
28557
41724
9744
68
20663
25742
32718
7773
99
31990
68
5150
57
4630
6486
4749
51
16810
34
10
76
30078
94
15912
29
9
92
98
1656
9885
9086
16
3374
66
40514
21705
81
90
13201
40974
86
47
69
12
49
587
22419
2117
10918
10
59
88
1818
11
5
101
10983
39797
6353
6
23824
100
12
18877
24915
11890
30910
43881
15
21134
8238
7
65
31013
604
50605
34
8
213
13838
3356
25914
9139
6678
753
28
3614
57
44
82
27
50
5143
95
16631
68
39
6
68
7271
15400
87
12381
65
22
823
42236
734
1597
55
21684
23120
52
10345
13293
20
49330
9177
1814
26177
44
82
51473
83
88
18
3472
43156
26604
1784
90
10185
5861
309
13
17
3491
59
11999
11
23959
21
17
37715
4954
7390
14247
44
49
3197
6
14375
57312
696
4083
18415
39073
294
1444
630
66
31392
34553
32
17474
17606
39888
9779
38
5560
55
53
94
29
18724
86
16505
13
15059
44
5128
28858
3272
3007
63
6935
26355
3855
96
93
13130
37946
10
40562
21587
29
26527
1111
40
25759
45701
15
27
6808
25866
43
31
16
28022
25
10266
3217
1165
36
58
22997
11
6497
27
19436
41
7
3062
1277
9
8654
45
23
41062
1
53
76
54
1241
52
36997
1503
93
27291
9
17
57
13205
28323
22831
21
22600
97
81
5
70
1930
13359
66
82
59
28028
13721
6303
82
13
16908
68
41973
96
9206
88
101
84
15
9315
8491
89
7246
92
44839
21
73
36
2981
22222
9062
17189
6495
59
6121
19506
347
60
10693
30041
719
20141
12301
3313
43855
28030
47
44
92
13039
2056
87
38
60
27098
578
13797
6041
8595
42910
14037
20841
11230
22840
557
15
17521
10
12
62
45746
67
6892
5141
33458
7069
11481
5378
13977
70
46
15
2
19
1884
8912
34033
61
81
10664
2208
1111
2615
7662
56
27
2906
29036
96
41902
48
18877
46265
12289
46
33
79
3404
67
128
53
11
7
40506
3431
25986
69
82
4125
96
33
6038
13805
32
83
27
79
71
727
77
35
75
12256
23023
84
6615
13848
34
62
18309
83
8
8979
80
2663
66
59
15
33
15597
5463
188
6202
54053
42
14
39210
55
30
10836
2804
16489
11734
12624
895
46
16795
20703
15288
4
15
6514
5
92
59
11321
34998
67
20236
16704
50032
54
20246
32818
1797
13318
40095
7940
85
40
30062
34
86
27335
38459
10637
23398
8181
16818
14
725
51365
67
1464
26502
9544
6
34
50
17248
5352
27777
58
27
85
7876
32133
62
3848
23
29375
4365
16536
61
28015
76
14
24
57
7924
21457
4
65
80
9482
85
9420
87
69
36987
11919
23
71
52
24483
6
20861
4910
58
9284
15908
29
24396
9258
21977
5811
39727
11595
17
49
34
17077
2486
2033
13587
3495
13816
19
28451
68
25983
17731
10964
43143
20463
91
88
21398
69
47
22191
78
94
1046
40
48
24311
42272
39973
75
27
21135
1980
24
69
86
35896
101
100
12961
31988
13
80
188
61
101
8513
66
78
4701
82
40235
5412
15412
34529
91
3
7344
53
32
50935
355
1259
18211
20932
61
24393
30589
80
16
17186
25774
82
331
16284
422
24667
37
3234
20096
18179
16323
1455
55
7734
92
12932
34749
2238
9115
42
93
17821
17663
26280
13
78
20651
41
86
7146
22
6
19788
19583
46
13993
72
9834
48
184
3539
75
18158
6376
101
3952
6930
31081
19558
38057
48
19
13813
39
5993
9
57
69
90
9866
85
63
23
10155
39
13756
63
34250
1880
57
46
80
9
12
96
87
5047
16705
1697
34171
18580
87
3168
3618
14
35393
51
41
45
11940
1538
44
4709
97
7744
33500
30786
25421
5
538
83
33327
24
18138
36
29724
2494
45
82
18
7930
75
12616
13144
16386
8763
69
20826
25518
57
16682
9
467
72
32166
39
28151
28
13
15402
77
10662
22849
41286
24450
52
3505
88
17274
54
82
7710
41
1553
14389
12692
50
20994
5741
5433
4
10965
70
17
81
50
18204
9720
2472
15
275
27695
62
17859
258
44517
29
7
34
71
35730
9768
81
30096
40
993
27753
39
32803
41
36457
9
15481
100
2751
63
7912
84
40
34601
11002
54563
55
14105
77
20976
20272
68
13963
75
12237
4
1030
98
65
1532
26051
30451
4648
14
46080
19069
42
11569
70
791
29
62
5159
2425
40859
51
1029
9908
7320
12823
18362
20209
11849
36
85
33
1387
10793
907
9641
32
42
6823
30674
7656
9518
19
9
22026
62
86
29
32
69
54
7060
8
6704
4531
28266
10
39
17
13
15
1527
25993
18
8505
18
49
93
27955
7
31834
1834
30458
6775
53
14051
60
41426
1886
15
12720
21
62
11798
1562
9297
32
6374
10426
26159
31432
11
68
24169
28
15786
26
99
70
43
46
9983
34
88
17999
53
15707
16896
7108
2877
55
25651
78
22
35825
85
98
84
38790
4197
400
59
229
4561
40
59
8410
53
52
9699
9132
40
27212
21536
11189
26
50743
28150
15
52262
25
47843
21
23
29389
25940
4530
58
5820
49
10
79
23017
7176
49
26386
27085
22941
3
101
2122
1328
5178
3596
34376
12269
3740
7398
77
11
37
22402
89
41073
27
460
8468
12521
1035
3468
7445
11340
6990
629
7558
3344
167
20109
14373
8
92
7211
2621
57
97
13475
48
101
66
8487
10568
69
57
2023
70
2546
55
4841
33
6504
4870
62
8
4924
48
6847
9729
1374
28193
71
198
95
955
20476
63
11
89
8
73
50
5287
10183
6207
27595
11817
2965
13699
17052
50
44
190
47
16280
10224
1768
39
69
37
38709
2202
1193
2146
96
3356
102
24704
41
50
2224
39197
398
53
20
2228
61
29098
43823
85
53
307
25848
1802
19418
11035
466
15334
10
1300
768
17064
54
89
4593
28238
3792
369
22971
21316
92
4
48539
73
4135
7974
57
17529
338
10186
1312
59
60
31
24636
8
82
50211
51
29679
37427
15889
31584
12414
50
6
5
55655
19912
16
39
37975
85
9
14390
1747
7214
5
6527
43
7018
27710
28873
36682
934
72
18
7840
20
5741
15
82
89
20753
2038
6277
40
14662
372
79
35055
6057
26
21
6625
45696
29
1706
90
10550
77
27
4
77
75
17
97
22
27
15308
18159
8
1298
30
17
15274
6541
48
3690
62
15827
2
8477
94
46
43
5104
17480
12395
81
71
13814
10406
1291
16
7
82
30250
8971
14633
13769
3706
5061
98
11668
59
25
94
2003
19533
102
41
30304
26
80
26
24
83
1037
26
12
12
25
34203
7027
20147
21084
17
85
81
20818
23
26
859
8495
5811
28290
20668
53
6603
40
2431
24859
8894
13921
87
56
47
2382
53
65
10
34
9254
9943
6610
14070
35015
87
17981
205
42
20583
19
38310
30
39212
35
86
14
71
5420
54
65
14781
8482
51
16
21
35
23
13121
45063
92
15634
19244
3
94
77
59
97
55052
6
29093
2795
22336
68
61
3716
8592
15731
16492
56946
53305
1340
11238
75
14842
2014
27608
48115
7915
5828
42426
78
9039
18054
5850
13269
41349
73
960
3244
5
20
20
12
77
45
5820
54
29961
16620
18364
1460
2
26
24551
3850
73
913
44
87
9478
6510
92
27857
73
11965
41
33823
18
82
51
29
95
1785
1798
4550
86
4723
82
9
4331
23
10
13554
8862
80
41923
2864
66
37
95
9481
56
72
10681
31273
12181
87
11655
33543
65
60
16153
4
86
77
730
6222
8587
24968
15
15068
59
33
84
3460
4213
11869
69
95
71
5524
10207
13719
3028
23
4280
18806
15404
28
100
10
3492
1
32377
35
40581
30
8694
38
27001
5
23
58
42
2915
88
9133
58
13110
14261
16
2957
96
6
64
93
26583
41
18663
9849
12873
81
74
1523
51
8456
438
80
22438
15691
40117
55
7918
31181
68
24
49
53
27
85
22087
32
42929
61
8181
9520
19586
2093
1484
99
15253
8385
17387
90
10
7962
50
40
2231
19
9908
36
11625
13805
46
77
10796
17922
66
76
56657
41
17
6315
76
24
430
41
68
4
924
37830
59
1856
34325
4205
2938
44316
31792
16367
20
101
1309
84
61
13512
12872
2644
22886
72
47
15325
9619
47
24049
33720
75
7991
14212
2911
14428
16275
957
46090
79
33
125
11974
20
7722
6317
4
39940
36528
3226
26268
1693
16833
6513
2647
9
1
22937
8
43
91
14648
20
20343
2376
3263
96
80
23577
25165
62
94
80
38330
2716
3833
52
10855
10870
13
10553
63
21417
95
4302
43
23
53540
5206
22913
8115
2723
56
59
2063
8988
40650
87
12053
11157
1628
4105
87
32084
20618
80
1
10
44
27993
79
1233
19762
11
3
71
11
85
288
18467
17938
434
77
15761
18
39
6784
15586
93
1507
4603
51604
81
15569
89
98
7
40
3540
2636
93
32
47
51473
24736
18
26141
90
67
34029
1456
56
21
25346
78
38
13
5830
6383
70
5529
74
57
55
2537
98
100
7133
46794
4948
66
834
2511
13732
15146
1328
15959
14035
52
295
14117
23
29067
89
57
26416
22184
33
695
71
34909
67
81
76
554
78
3787
98
54
22415
26452
23111
1150
90
19
18874
89
51857
71
40
52
74
29744
12409
16094
4755
25286
98
34
1073
7525
54687
5200
140
21625
6
58
5788
86
16
6140
22
47
12598
58
22925
60
5008
26712
20982
2534
52
39425
3535
45126
16089
4068
67
2188
26908
83
7322
28
47
78
65
22
90
15
20040
1316
10065
37584
33344
30754
94
94
88
635
12440
61
54379
101
101
14535
58
1482
28
910
35
55
5782
18277
15
92
28787
11790
26380
4281
21727
15
101
1659
89
9338
27161
14347
10397
100
87
17671
5052
7656
38
1961
26231
25841
36
1908
11853
596
12081
2258
37
65
23
589
18717
16
1361
7149
4641
219
11140
21374
52
567
27336
29
24
101
74
39
3091
51646
97
8042
71
41755
59
8
873
97
95
22
15119
26
4935
43
45
23601
18
38
11521
3035
33411
6699
9676
25
91
2759
26645
30
5535
6155
31175
15
3331
3569
9952
32312
28630
76
13984
102
43
5264
67
531
27
4421
34549
6016
7333
5105
11
49
4417
38
53
35
5380
28
45
44
99
16
44
6555
8061
76
15865
2395
98
49
74
31376
9693
5
46512
3389
64
20467
21305
38
7545
1301
38824
102
16900
1394
35
8555
68
2683
868
54
12911
2562
10370
58
9608
9051
32
872
49
11869
69
1487
19053
28
712
7652
61
82
92
12
37
65
36949
18850
10208
72
44
16
19949
11110
1116
67
38134
3
2794
12095
8692
5786
67
3575
4403
7203
40
95
22932
78
62
21
21
6
10
1549
9227
26903
51
63
26751
1025
17881
4
65
20919
41
25
44667
1263
62
156
2255
3634
13299
57
6
35355
57
16881
22006
22
7478
55630
49
8693
6217
32226
27603
9172
37457
26870
29975
86
27053
4621
4163
46122
3876
8746
1875
47
26431
46
56
39736
11608
49874
96
85
99
40292
1337
96
34
3610
30137
98
13644
2641
5570
23859
27388
42756
16809
2621
31949
23563
23351
61
24
92
23455
2880
17814
92
88
40786
44
8809
9
160
31663
2642
12199
6106
8125
24574
30677
1024
85
18
10633
40
17965
37
88
6863
80
7317
12
3334
26991
3344
74
26398
15679
65
48
43
25
51550
73
23782
13704
3979
6078
3958
27886
8
41540
96
16
13700
71
167
382
71
34838
22
67
9
74
6999
21
4
20391
93
53
27117
40
15605
9
14608
4663
8606
19
12595
11571
69
27930
6
7857
19
36047
6810
21455
2198
5
14073
6445
18601
22688
38
859
83
15299
26987
40
59
10056
74
3
68
40
20
29738
71
52622
16161
1788
2431
63
43713
22277
100
2473
81
15444
12446
81
18
15019
40
67
963
31
2866
52
43
10734
27
17516
34
21257
78
9842
1409
13
57
60
227
3473
13291
22771
14
27009
553
11783
58
36
4355
65
80
4263
2
45489
2492
39578
12373
19
8178
11032
2393
71
24501
29133
116
70
7233
32
22014
2573
22669
14545
1611
18467
28
97
82
11
8542
43533
36
23
63
95
98
8748
17184
7365
82
64
62
5551
8555
64
17
14435
29032
54214
59
98
26
8166
66
2188
34939
48
17308
1677
834
16750
9492
93
3519
3014
25052
17425
2082
62
19619
10
6
22841
25155
55911
86
2250
8382
43
24434
54
4793
27059
88
29
16886
2316
21295
33387
14
710
2874
91
5493
4760
2258
2132
26130
26323
14640
92
92
3264
11422
4
1833
83
70
6566
47
83
11446
77
14501
6232
472
9193
2024
6
4844
27669
32009
4465
8275
85
13
56
98
23
100
1707
40
51
16443
61
35775
90
31841
30
34729
66
44672
14419
23
508
18402
20
87
5641
53
33
19
26740
1883
44
14047
38
61
7190
51973
4829
46
24126
26577
15650
62
89
12161
1669
36354
9291
46
77
68
76
53
22674
2881
58
80
50
15536
62
1284
41607
5557
10276
52
15053
19511
44
14094
1090
61
33
3185
3
85
34
22
8817
7080
875
86
1062
7209
78
21218
101
71
10519
10213
92
4344
9616
160
11
29744
6
11820
22694
31
389
23892
102
74
32
9373
30
15
97
91
36
96
33361
14744
15
18
60
39391
90
66
50
21
7914
4466
26310
46
5316
12857
18789
37630
25773
8845
62
2
26653
43
5903
13684
98
40
60
100
1381
36
26849
85
25480
79
98
29602
70
82
87
27
5
18
34782
736
94
91
17
36
14791
97
22
3916
5975
48
25469
17831
50
4946
2435
41
69
38694
6736
56
55
11233
74
34
14
9546
34756
34
13
27
43
1942
41939
66
87
6
2532
1688
8043
15756
83
8415
100
42671
98
45
47602
94
72
4206
182
73
9142
34973
1845
10558
8
98
11677
160
4
12
22954
7841
21556
2395
1430
93
95
15204
32819
174
49
39
27208
1529
90
25024
28666
909
577
50324
1742
44333
82
27672
16746
14523
27515
34
57
82
24074
10834
14345
85
9073
99
8843
22
71
30665
88
4395
4
176
68
24115
9639
185
32392
41
3346
31991
19822
57
2661
32
4118
23378
57
6624
24
8
41206
3283
31
36816
33937
5772
9887
77
2724
14672
10493
29
9461
100
17712
74
85
13
44643
4866
98
6
60
40945
26055
7573
4262
19766
90
15701
22014
15875
37
19
5647
48
85
16862
48498
17591
24323
30566
12390
4290
14781
44
9296
12693
24797
2256
34848
16794
93
74
15
55
101
15884
79
6070
30
5369
12003
1029
43145
4310
55155
7661
15
12166
8385
89
15034
57
72
66
59
75
63
21
18
11
26265
22259
66
46078
3625
2
17717
2281
20163
80
41
29635
22133
12
694
24277
25124
1417
9740
973
4842
29
7
11680
92
53
14
369
79
5091
46
13388
82
35105
62
1669
6397
95
2952
39820
84
70
3339
10025
2022
2763
36665
3124
20
13
44
1371
32
2
6642
22
6938
94
3604
16
19486
26887
7272
1997
9293
43501
23
12
81
4304
885
74
13
3
1110
17600
4055
41922
36170
102
32627
90
32999
15633
1420
3163
38
54
5168
76
103
78
12957
27650
16403
16
10038
61
17
6423
36
74
93
40851
48936
43
22
41729
3710
36480
19562
8013
75
20
8245
6484
11302
25838
29138
3
5793
33
28756
38765
9540
11600
84
38754
765
10512
28891
5230
48
33
9
7126
7360
4340
82
30805
37
9257
72
59
7368
43
19886
5816
18925
46
7794
1085
62
38393
3453
15784
43
12820
2039
15
68
23386
48578
9189
6167
4755
194
1593
61
5916
13
1827
2739
40
42362
20604
6302
946
4623
22628
34
19942
936
23
91
73
35
36
61
78
10738
24
61
6485
3374
23131
49
75
97
12
61
4756
4954
7092
10552
21
80
15662
1
62
61
13761
22
5739
31228
41083
35
26521
22
36
16
5734
2069
34902
12576
18699
62
10
100
13845
11339
15874
20570
36940
599
12203
17116
15630
32012
6275
5214
1128
463
158
50
1559
39
4
10177
6880
29587
24615
50
23
2436
29377
10875
10909
19
2214
62
24698
5151
18792
30
1144
40836
10
13521
863
52
3972
66
84
3311
17532
73
5
90
876
7403
4722
3860
39472
34
17053
2
72
3922
2165
9105
101
48
27653
7379
10
71
67
11102
22195
16511
1366
5778
67
49654
26314
18581
64
12104
16703
71
30565
14643
53
35
72
71
21
36269
51
17799
33463
79
27
2083
11204
68
53746
1
57
13187
55
39068
38697
4546
36
706
3997
6578
56
85
4047
5283
32486
9983
13
636
25055
8941
6594
46
50
13015
37
26
18780
18861
65
23037
9748
14
56
67
96
15437
2374
5133
3833
8532
15163
13737
35725
58
19025
1619
1295
27
38734
94
14989
35
66
9
715
40
11175
17129
3893
2249
4002
52
15248
100
15138
28
14431
7977
8360
33
28
18898
18733
41
22701
9338
50
10202
49
100
2717
8383
82
97
32
4818
95
1665
5794
46
58
65
8724
4
28
42
16924
62
72
5559
10241
44025
2034
65
34398
4200
55
90
26
16439
80
26
9708
1
3597
11024
14
70
33
52
70
1819
19373
41119
26797
3859
7221
71
81
5459
3024
12
41227
76
23
2361
69
98
53
101
15509
47
38866
88
40675
97
24726
21
17506
32804
574
1
59
36
104
971
16
12
30314
18593
42165
15
69
7219
7512
3445
71
37
38
88
8013
33980
713
36
1736
24725
34
100
92
24232
37435
22961
55859
4
194
833
5697
20965
23932
23381
52
12971
207
50
31
62
101
37074
5
64
18324
46
99
47
54
30
23073
2681
62
1467
2435
100
53
30118
10356
44
11
66
78
17734
4969
57
11753
19
16212
74
26632
5
58
96
31646
5534
88
4879
3748
18457
17056
46
1283
18
20205
34483
72
15738
67
10541
13
28
20133
44
100
46
6174
30
38
6171
35
29
4771
6803
53426
75
32867
38
16250
33
10530
18087
52
28
2247
3560
3069
1522
8
92
152
38130
84
2956
100
5711
49948
49803
9034
5775
50
59
3772
16990
99
45
94
15
90
4015
79
4602
20968
79
10407
30705
453
75
7248
636
7037
1561
8569
8
14443
18020
42246
4362
22510
6654
2811
35539
18
16
24
44
2859
100
39
99
15488
10
71
6
29676
28477
10275
81
7159
36
32563
54540
6991
10455
7966
4
16287
44
73
20460
3043
38
99
24986
553
5
93
21251
52
85
97
8217
32
14003
4373
5636
25895
17291
3362
58
51
27
49
63
14517
7267
5362
4639
9991
103
81
56877
35267
27
13669
84
35
7906
51
13257
28926
17620
71
26788
23710
12482
14257
96
50
11
34
12
492
5676
25
23
7784
33548
1581
8528
4
82
49889
29517
83
135
158
42754
6781
21697
18634
24002
73
52
1769
90
73
69
94
14734
7059
5
1151
7332
1134
99
23494
15526
9653
82
52
179
30
93
687
6
71
19655
75
20524
54
68
30080
30
41
1668
73
11999
74
15591
34468
6112
13032
92
29916
80
27
8748
14220
98
36125
12967
1006
10307
44
37750
3028
90
18595
368
36
47
9
29517
29769
30
74
16657
55
9687
17811
40
19414
68
28125
4457
72
33350
17825
5854
39
5377
19
30958
76
16248
48
80
24
3785
906
60
46
13263
7111
89
27968
8256
36223
51
48422
85
98
65
12266
26
87
6745
3247
2107
36
61
12555
6949
5130
14903
466
81
8
29109
5641
16
82
62
41
7
23236
26
43
28421
77
41
5096
15
74
59
8108
5586
4102
80
14338
45558
79
35
15
8860
29
10
8767
33520
27271
8991
6032
19942
29079
37719
100
287
48
97
61
15004
21
60
6569
7723
17091
1796
35685
15675
5
1183
62
40909
22396
18382
8095
18715
30776
32
34621
2731
5466
10415
69
102
1104
20760
50
34439
21
7891
5383
41
50
61
100
26907
12409
23196
2533
18
10875
24
16195
37063
154
43
23828
90
41136
98
8804
90
86
11289
9157
73
3951
1007
44
47
25
18131
3814
84
5588
94
2913
1984
13337
17
35894
14255
40
53
9
17
14759
51
28
2372
43
41511
31
61
71
63
563
1771
251
30127
8279
83
26339
8586
40
42
80
55
68
2429
41565
8451
900
30654
46742
348
7
9008
16654
53
47845
10673
19057
19657
1308
34026
83
14764
18
141
9
82
43108
11157
47
657
26637
2027
16075
55
9748
32086
17555
68
45344
40
40744
47
6
4674
5639
2936
15795
35
25472
3372
6899
32028
48
9
11
86
22255
96
28841
24
33358
767
74
24921
18350
20572
12019
14689
8769
1990
4492
26
11
15497
91
4375
92
3
3316
204
69
23875
13
2
98
27331
19897
6650
21
10602
18
27695
193
81
95
9977
345
14359
1444
40
59
53
19955
31040
106
21968
89
31733
98
94
52392
64
26298
13103
3776
39265
98
23209
1
33
28966
71
17697
61
3169
19091
8238
2
135
7187
33254
69
1415
18
50
24832
48
23
6791
20486
91
14
100
47815
25
32880
77
32
75
4
71
18477
16271
1644
16938
24
8
10349
95
30388
72
14318
17084
5590
9701
11887
17517
332
4350
51
50
6044
57
49
84
28
4527
14551
86
2144
10867
26839
2027
40
20
8487
14581
80
4526
25452
43582
15823
18071
8177
64
71
87
1445
98
20
78
6314
88
21934
26208
7252
55
2820
20693
101
17
93
9584
40
30967
17760
13
33743
93
27
6
34
791
13292
86
5904
31906
70
2591
35
34
1
2337
2211
35
4304
64
71
11196
44
1715
27
9153
3632
5614
23
25374
49
14435
64
7702
20211
22155
13767
53
26042
4175
4101
9161
13517
73
17111
3411
11669
26478
73
17
35440
17952
12273
85
9365
35022
18
81
1674
11661
101
30435
13
17758
18385
36
26061
78
76
23726
2371
16
17607
19312
1844
18
91
6
8835
30345
13105
84
50
29262
22
5111
56
7239
4928
78
49
274
5575
30
22
95
16178
31
83
101
6780
30
97
40
2354
11881
69
37
95
15
6005
2896
49
78
32
54
27
13128
73
9
3866
71
75
4668
323
21151
2812
30
6098
19496
74
2098
37130
23647
40720
10020
23908
6675
54
89
3
21
1011
903
7250
84
33707
15306
64
81
11108
6
2481
13339
93
11585
2259
102
77
3832
97
46
10148
16169
7817
99
1942
16285
25296
3370
36634
43186
22609
8735
44
8898
9926
44861
31
28
9578
32184
39160
46160
80
13174
37336
93
44339
1058
1585
21404
19
79
13
13584
30336
883
19335
599
6422
100
99
81
15942
7290
59
4121
22069
95
71
52
14
34525
24610
84
14208
15
7
48476
182
11160
5319
2441
8
4922
58
14546
12845
3640
43
41
64
6698
60
5072
43687
1
19
4222
19489
1799
34
33629
41
19852
84
1928
1284
89
1564
2
2308
100
64
97
38
64
55
6
2407
38
2850
24
57
3796
30
36520
11290
8796
7
88
12525
13402
32493
1955
7957
60
4201
96
14525
39552
32
47295
5163
25119
24560
23672
5398
4
10
32
1102
77
57
5487
43
35
23
34
21528
46890
84
15045
12808
2
13401
15
6356
31
6859
92
30343
91
5778
20702
3278
58
41
921
4038
47
11350
24646
59
70
24
94
33000
93
1561
16660
6214
63
3061
20371
51
203
78
5640
20313
23644
91
81
105
16297
65
15
25
1392
87
25870
6346
29379
258
31821
38272
92
19836
62
75
88
53
18
92
12112
36802
78
71
76
1284
24
6596
1118
21691
19292
33612
49
1564
6694
25
70
2439
40
42631
2729
90
85
585
33933
5200
65
43044
38
27587
54
2209
23
50
26648
1000
15275
47221
27205
15089
3
26
3732
10385
2773
5056
75
1851
1853
15075
55
75
28684
9
29007
42587
65
60
2
2295
16209
7858
53413
8665
5122
1
20680
65
11771
67
36157
40181
27
11794
58
48
4169
55216
52
10267
11643
1796
30596
23713
86
75
42922
7006
21739
34
10128
17
533
17
76
91
19440
79
39959
52
24581
21
1005
53009
42
12536
7162
28
93
6049
22319
30298
32520
85
56
15242
3
16715
17018
11
48
12474
6458
1568
22160
61
77
32
3987
35
11
3750
20
1626
10639
3625
11
4507
8791
9015
36
2
55
30251
17710
41659
4011
39
69
22761
9976
81
4741
44
21
65
67
10107
14
15137
7
9
6247
15
17422
93
45
14
48
3152
39705
5106
108
1837
8
10
56
11055
36584
3987
89
56
30
64
17
98
12433
2443
3836
14197
37
8
87
28993
17
28709
15
8
32376
42
86
10
1597
7
22
18993
23514
36
62
74
161
18626
61
5448
64
48
32063
20195
8
86
5003
26248
65
1220
23284
24473
87
52147
713
28800
77
88
48
95
7704
23
89
60
12149
86
50
22
8573
49957
15679
17241
30
3129
8
26
90
3716
13581
3
51814
5832
7728
1114
7553
2952
32
28374
1316
14
10
12953
18
39
37728
94
53
51
39562
5302
8665
9370
33
5373
7
20218
5578
25522
43564
38467
68
91
4719
17
2946
91
30253
63
28
76
5083
12961
29
30959
17
2388
35588
85
3084
951
3428
74
44
51
26141
74
48489
44868
19960
93
89
24
778
43
3
9642
2986
67
15782
82
2
55
32311
12
3911
12830
16
59
15549
48
18262
44
20311
24101
8872
30
30282
3881
451
19125
92
14335
91
3
11931
7269
86
11
30167
33872
3577
34768
601
12316
2148
25
8
45116
42
50
6
17705
1
18841
11003
18813
90
72
15
7
82
4276
18498
9
73
24811
52649
87
41757
102
88
6950
13597
318
2163
6848
908
93
70
79
24893
680
3471
8182
1089
35
32
91
20
9180
90
162
80
21722
17875
41
86
338
23
8
50
36
8965
21
87
73
80
8
46173
14982
6768
93
5628
18234
89
86
69
85
57
39
107
81
32
16089
29563
470
67
55
16
915
12280
62
567
10943
11356
4
5314
7450
54
19
8
7366
10144
24188
91
68
24016
28644
12
36
5703
4
95
15780
39437
77
3754
54
23
41
3
24
3980
8918
19680
31965
33
25814
9196
1428
25
36521
42508
26
53
31
16962
13756
43
17825
88
34
15744
954
10223
53530
14216
22881
98
43
11
7965
59
31983
10670
30088
30
45
16910
17274
32721
13777
91
2443
3
47998
5366
32
1710
16
29836
2
100
80
27
9371
1328
907
67
3858
31
80
12
18059
87
50752
40
33
5919
1823
41108
12542
45
9775
95
13860
39172
15896
91
18217
20051
96
40502
8465
38
24492
36327
94
8797
19
32127
2245
9378
30561
77
15
15
14658
74
9459
11236
86
59
5
28162
55
3624
68
19777
4131
74
6933
5550
82
24280
17889
13096
18023
14
92
53
44
31
100
31366
44800
101
9033
13612
21225
37545
2003
55027
7986
25338
5249
5220
38568
2487
11447
12274
74
31882
39
10466
24
9627
10012
1733
2
2013
8561
45
6088
34015
98
28448
89
30108
20
59
21671
6839
10017
45
96
48
44
1350
20094
5
13231
22675
33
15
102
57
101
35
32800
48273
12752
9152
2000
17870
10400
40
26807
13985
3826
11484
16281
54
21
33
6953
1767
81
2230
38088
96
87
77
9933
25141
89
74
18900
14588
79
19663
92
70
22204
5445
7362
9178
2982
2821
5571
3491
25612
19656
2267
7391
74
35933
73
7890
84
3678
45748
81
13
41
11185
6
15008
74
9023
9434
90
17705
48196
4301
30843
3330
9843
29
18538
12429
5296
23
81
15434
51104
51909
5275
4433
12963
55
28513
9029
40
611
2
69
85
1
65
85
87
53
1465
98
14760
6312
26410
4564
14
34
11622
15399
38
11353
2203
40
11651
7423
14289
36056
102
64
11106
991
81
4924
62
8037
309
61
10277
5484
23903
31367
22
31
38226
22522
7033
47213
10499
10162
16
72
6
10077
2515
39
50671
22391
10094
65
33886
6455
102
76
70
27
3516
15194
96
1
471
19056
2964
459
67
54
25997
8010
9
4283
6404
3
80
44
91
59
20290
28
43232
17889
20
87
1235
32319
96
27851
89
24
19
14
60
90
1679
5780
4523
3388
1723
12
48
17
17582
8378
53
14163
10744
56
32796
4098
3736
922
11038
10232
9647
63
16510
85
36624
73
1095
92
91
37
5055
23
30098
9221
34831
86
28784
11723
64
8985
18834
24
3257
55
19594
50
1429
16750
45354
105
14234
19
2107
98
30
7375
7660
7169
16
25979
6673
1669
20471
46469
27
1462
81
59
67
15
51
25
90
31
1172
1596
100
6054
4
4733
58
19
23699
90
14534
32646
12169
782
18205
63
1
65
12
373
2041
21751
2918
27696
78
46
27
66
1827
58
28236
15585
48
78
5
57
6246
14
27907
4
81
43161
10982
44
2967
78
7862
7
18263
30042
30711
4988
8614
32269
30
11342
53
4481
21
60
22785
9677
1
41
111
36
97
46
98
72
20
23
39714
5245
3228
27012
506
66
35
3937
2888
24902
50
2805
73
69
10518
97
35577
1
78
9216
465
27841
52693
31762
55
86
39182
32644
40
6
14
862
57
17745
7548
5230
60
14251
9730
10
4368
49
93
30
6539
20
35
406
32
48005
58
34781
3451
1748
12564
9589
5803
5
3693
9467
735
9934
3151
64
30
8914
30057
13
15607
1917
85
9049
30654
150
2579
27780
18798
73
39057
6526
9320
1379
1868
39108
10831
23
35916
1123
11568
771
62
82
39
803
64
54
483
6659
35840
440
42981
6637
7239
6166
7095
48
22976
6
25
66
11148
611
5692
21292
86
81
44
26226
13707
4601
28818
58
7681
30801
15566
4564
1589
18797
14
30833
2012
14948
2822
49
97
88
15
26339
12439
65
79
6090
48
32
69
84
35
50
7321
9121
6488
27
38421
18
36855
2334
24
40732
89
42620
1500
20854
8567
3581
29
56
32485
17
82
53
2
3623
95
77
8044
5285
50
3555
27722
11
533
43
11678
16420
4
41
14
21097
15104
33
21220
7767
10716
10144
81
5273
102
1989
1100
55
2
213
14195
6
30
41
5
82
5438
22
9962
30167
2281
32978
58
10269
10320
31381
92
7894
16198
80
60
80
44913
44625
21736
537
43
14334
31
22160
60
11233
76
66
9
121
5028
11912
58
40415
84
32952
6
13827
42
4381
1865
47
45852
7
18536
28008
95
15021
3097
75
11
41412
22587
39008
50
20
1946
11
40391
2972
57
1787
24
13535
6
58
31
17529
2790
4
17743
15516
2809
87
81
3211
57
70
4843
32
82
44
11254
92
43
29788
287
90
91
12514
2461
9991
6169
26
6
100
1910
48
60
50
99
2897
37
2978
32496
87
42
7884
99
13505
18832
71
12067
12
95
1470
25
530
50285
3624
4414
44700
11441
4239
16
3
2563
89
6
1356
1205
21
9096
8246
92
39
6302
15767
1950
82
10
22
3
15912
9535
13517
31737
26128
53
9
50657
51
1311
14656
21
85
46787
22
40
8644
43509
72
2694
84
60
198
32
45
17283
60
60
28913
12582
37872
27712
14257
11
35065
12646
48
98
86
16069
56
16
271
18
72
84
76
11395
57
85
35763
21
13
63
27
30
99
34
41
25618
398
17
4514
46
25164
19
3
15126
16637
68
46
93
43
18891
37
769
19910
10084
19
68
18809
290
5985
17983
50
315
21963
13706
17593
23906
14509
70
16059
50407
45062
38553
3658
50
5
102
87
41837
6445
931
72
5626
85
10852
1543
24
65
1182
51
11
35400
9990
5364
1336
50
1388
1943
25
11549
3217
1962
25948
4559
40715
4453
14
3639
14246
50
21072
83
37539
33
11
41269
17
20953
43
5578
76
4912
5191
10599
54
31913
10893
19
3632
84
52
19467
57
1546
48
7771
29859
6144
28
41
58
7756
80
72
64
3317
24
43634
1482
41154
25
51009
87
96
96
38
2610
4647
51852
45
58266
67
1151
31668
90
23
3242
1
1579
27
60
37786
96
31977
83
1369
61
94
13
17736
5007
39
14404
8188
17908
56
33
24086
24202
7070
19865
27348
35
37
34000
6544
33353
13001
73
20572
52140
55718
4915
23
44
38
29148
5966
854
60
76
2910
83
29
52
26380
2574
37014
74
27
62
85
17
12174
86
41704
966
1742
2
21
93
1098
92
3585
50
88
356
54
1487
6116
17
68
25232
85
65
67
11438
9662
38033
7345
21616
20981
15346
38793
7173
3581
20522
24
24482
34989
8
62
6007
48
40
86
6778
9435
10
23
11
55557
900
60
77
17
91
89
87
15201
21930
752
86
20471
12303
19
80
7963
42
87
2
43
86
67
28
100
1481
13234
48
11608
23315
4080
898
40
1339
96
47958
15496
1300
20
91
17636
2636
11
5569
6816
53
10
99
30345
2726
16479
6461
8609
6257
28
8599
88
64
6579
27779
23486
17081
70
84
22390
6
49
17932
18241
28160
82
53
41
30
59
68
19704
43
72
1228
35
8085
17482
27
65
5425
19
458
13
1728
8911
44549
84
11017
39901
14510
42
55
43251
20613
50
102
63
25
69
98
82
6168
63
14872
40
76
11873
6
38
2173
6054
23
23
11861
940
75
48961
8
25
26616
84
20724
12987
34101
76
21439
63
2
689
1608
18
10355
13160
4781
29291
33
8815
18498
5230
19
6211
38771
51
100
3572
9045
1192
19744
2262
36
88
39373
81
8749
9666
44266
95
4514
35
37648
29968
21709
1179
45275
83
231
43
39968
2997
29
80
64
30878
68
15255
78
15002
387
6270
7423
25
17853
24501
942
95
84
94
3386
14
71
3742
19549
100
16
20384
2493
16820
9203
6408
1076
40498
5151
38
29455
18
23680
59
4425
43
12479
20907
13
30
15553
17792
3
13
2108
3392
2508
98
11296
69
17
79
11
38
27667
47927
4808
4896
6
3212
51
97
27361
2174
26272
83
1240
3
13
3945
8822
27626
28
44
30
58
32
27838
90
6047
61
2313
44
11826
23584
41768
11
32
55
10023
34
17544
17449
1975
38
3603
31322
35911
57
90
1577
52
3829
77
100
17788
19123
2678
35
30657
74
22333
21473
82
33956
84
98
9927
15327
31637
55
64
31
9450
22981
79
20
277
2284
10094
48
41591
1548
1269
16
48
1604
1
11273
84
17556
5334
31
14833
78
23330
73
87
9076
11817
4143
84
916
36802
82
174
28
18
2172
18912
95
17912
57390
6343
21840
47
40387
47
46
31364
8774
54
64
1488
7
7386
46
10314
142
5751
58
282
52
5
9893
36051
5411
127
7074
27415
46277
63
17258
1288
25
3
31947
11611
35298
10746
21
88
1692
6463
2
36
92
6879
59
21797
71
23573
46091
73
49
23213
93
984
945
12339
58
15485
1316
23830
26
22073
34
9119
1813
2874
34811
17
26848
35095
3377
17403
31
28933
35
19
14266
43481
54
40620
35
61
4122
1776
98
4
87
15812
25922
38133
2589
12
84
2872
43
21856
49
52
28462
1
3664
29776
11
16217
10931
94
6187
4386
15177
8264
4839
62
52
31
18102
348
90
7526
49
8791
27
52
9449
44
59
21721
36
3988
83
306
44
64
6375
22
95
4312
54
7596
63
94
99
5179
16856
5832
86
20982
6172
1038
7067
24
88
9813
11166
45
24828
14
50561
82
15571
11999
1
40
11
77
557
2219
10299
6
4
3269
424
16329
25
25
429
22
30211
28589
1946
50
30
41396
13018
18059
1636
11085
37
14492
33605
48
43
20924
81
24457
61
12
47417
14860
14790
75
14082
26651
63
32170
87
15635
469
4642
88
9189
15928
34
1
18
64
24
4344
1418
89
62
5
12774
11642
96
25322
7
47
30880
24
26284
56
97
4025
88
3345
84
19878
4757
25302
1368
38
42066
19215
25
43874
6
65
100
42828
5753
46
68
23
10
6098
1939
10190
38514
22223
39
36
5617
5169
1967
60
82
10112
24724
37930
18506
3516
1823
94
18
100
9421
11447
85
13891
48
18460
22
17194
21
20
2923
8
37203
12969
21355
86
6557
37
9
1097
1107
53
4196
56
95
38
13597
45130
26
22840
6923
60
14504
46
72
30856
12216
43
43
3533
101
12014
18383
57
30
60
4600
38217
9
13979
27228
3558
90
44869
23456
29132
10445
67
13
40753
8538
62
30
1783
52
6741
25
19
52
13
10
48
67
39
4137
40021
50
14741
4882
35
25985
13893
65
17612
101
30644
13027
91
39348
16339
1253
68
524
72
76
17728
36
399
68
6500
34
21839
8756
15780
35127
22897
28669
38
13
76
66
17647
9801
16666
10549
102
77
19621
48
6270
3152
96
27
26
8901
21672
11
11224
18
38964
8244
68
30678
4810
76
2932
83
32241
44182
21
12288
11
45
97
22
11
33510
79
35014
25189
24264
48633
62
20
40
44983
619
64
22530
37285
680
7365
33
79
33
27
33
20250
6476
16819
51
32
79
44
7979
15774
35
3369
9275
3689
639
94
74
28
31
29
38303
6
22766
78
2354
33
60
408
31
32
5682
9343
22
43
91
88
15886
3196
69
4874
8544
7637
34158
21043
59
40352
4945
59
5916
46015
75
51
80
11857
25
12436
181
6
10024
1
52
29
32101
34
29873
11
80
42
20997
22221
54
90
20
3758
30692
16548
73
88
6566
3923
42
50
80
223
58
24805
101
11465
16
34613
34098
98
1448
155
3928
18022
9
36
75
30745
24223
85
5516
64
44
57
25
89
5
17
6403
15
14897
1034
5535
58
24099
33988
31
3691
7
45
17476
4802
854
17784
95
4801
24052
15748
26
34065
91
10202
97
41
40
45
434
86
1585
100
46
3587
14817
38
3417
19
62
3249
52
80
24339
92
31987
48
33
47858
22
31
333
58
5672
89
21765
1668
80
60
85
7
1062
10863
1101
27852
5
95
30
63
7
2
31319
54
20
11495
42096
21
48
23815
24
19765
1
8167
19485
24017
9682
91
72
24744
31
15
21400
3
17
90
8919
13116
17641
67
77
7519
27226
9
11743
50550
22496
11233
57
5
25399
55
3234
15991
27
4691
14152
46817
55
30886
3089
2322
1424
53
21733
22068
22124
32033
36
28097
28312
4750
29007
16769
19
97
60
40691
31
1497
9160
35901
17
65
492
9
32602
9028
31262
2583
25
22
19922
3108
31391
27546
26553
9112
41192
26
14
30
91
57184
13480
69
9409
26
36128
1660
6052
3887
41150
97
13836
89
81
4276
79
14046
81
87
26
686
38
35704
772
10800
38460
524
4254
12
2590
82
35
17442
14
9679
5130
101
8540
22
2882
10185
38640
10
9230
9892
745
54
7970
22
4706
20
41
41
72
31
89
19367
91
12
27691
8464
58
88
85
24769
20
84
63
12663
4
89
85
3710
102
26748
34591
7531
2141
6073
32324
45
43
101
101
24549
14615
2712
12128
22676
40
89
46655
59
1
370
72
85
15
12962
9821
102
58
42684
95
100
849
25497
13
21350
6558
97
11239
34
13880
17118
55
27310
15
7927
85
41
86
20
34
39019
17
62
44844
1941
2093
9331
28377
14188
33
96
14482
3085
6980
101
2556
69
21020
4067
27
8546
32634
47
9221
12152
25296
43
78
82
33844
13164
1069
89
97
8256
3886
68
5347
29
90
55
28
4803
812
3511
94
76
74
746
6590
5387
2050
44076
22
96
92
99
2048
4
7335
16
53
80
25
1680
28
1349
32
49
68
65
9556
81
49
68
79
3667
84
97
6
23740
8
39
33765
46
3
42
53206
11837
12727
89
15138
9
12706
27578
35
5940
15209
35711
6
42800
15
20415
27
7247
2982
14679
27
94
4
45726
41
6
68
35
22714
45762
7723
5954
4405
58
85
129
11
5064
9662
46
1327
7461
21958
45
1285
49
894
6663
13177
26219
4324
15
6
11541
30
75
9585
286
1363
23351
91
19
30514
703
49
13034
8666
672
49368
8109
101
61
6193
12375
10
7896
86
82
75
23
36151
82
75
21197
7981
15
4420
16
371
90
28
7
41787
19286
12069
77
41525
2995
23140
18534
62
5010
36
28413
16361
35589
4101
7731
62
15
14
4680
11012
14977
99
16067
3103
2476
19
13
44109
50
59980
49
21008
3764
86
46
38
30
13057
33364
2066
32367
9891
8304
22123
26341
86
57
8464
16322
71
97
1641
7099
36958
70
15258
54
3511
98
39827
4
7199
708
34279
59
17388
10030
75
482
3994
30246
32873
302
20
42
28
70
47
13042
5338
32
18535
9349
3058
14
22577
55
44
41
2370
51
73
628
45254
61
8818
9
6
14
68
94
3765
33901
32378
20422
19212
9479
27734
2935
87
54265
37
11506
2752
2
27
1606
94
50
36
12
99
28
69
13241
71
16
91
70
75
64
3
9075
97
72
76
93
48
25955
13261
95
51
3
20
92
7
2904
3913
89
25486
23467
65
10
2294
12005
50
37770
7221
44819
10136
18
44
48
41
4524
17
79
65
35
14
19
4794
33779
22851
26535
497
4120
24
3085
48
28636
38
21
98
75
6
24481
38
33309
16496
5190
9291
10
46
13
49
800
67
21
66
28869
4
102
4817
14
8133
7269
1
97
34
11063
2920
34
3767
13493
15702
71
16325
43
8598
71
14
2154
11946
5474
11903
50
64
1343
64
24192
53
51
22629
17898
74
8
20152
6139
2856
8535
13886
26
76
43178
65
10434
73
15
66
30
3648
100
8394
34
11765
6618
13485
3
15181
30837
93
54
28911
63
31970
36
4306
20499
18459
71
75
61
4360
10
7728
19859
24
36
86
83
19773
29162
25
65
101
37
65
25
7899
80
12705
67
2425
2
43552
82
9882
48155
25
57
42
46
7
24584
20113
39133
19
5215
18678
82
38
13620
4379
77
42883
30485
20677
26
37000
10018
340
6072
30767
54368
1445
19272
2974
22467
46
47396
100
58
14372
2193
3150
24677
79
8276
46
91
181
8564
20648
98
20132
4266
40339
1037
3046
52
6022
60
46260
28675
2704
5226
28
77
84
8040
65
16460
15995
7680
95
11522
8565
10226
4292
14286
744
9581
4779
18523
99
51947
29
19979
29875
26351
31
42
257
87
91
27805
52
17357
91
97
36
29357
17927
75
45093
2363
32
60
45
31570
23
99
1519
15702
9256
25365
97
94
1673
89
63
280
6012
1238
75
49
1311
27028
97
45
29944
27
1063
34
18193
6669
33
27926
6
10266
88
20
9
71
14237
6472
85
4
63
8556
49
5
41414
5824
16857
15733
73
51055
37838
2955
91
35197
95
45962
37879
8436
85
8
12
18532
16
40180
1564
11
61
2
361
59
7869
4079
19458
4415
38467
66
8968
28648
22768
78
5708
11
10415
35723
60
34
39
18864
6164
4299
11
39
67
52
2189
4423
7257
4172
37597
21153
6
4834
46210
85
41
33
89
752
193
15057
3536
6849
96
86
14383
44182
5928
8514
31018
35931
45
22171
38
15188
60
63
29
8662
65
70
29869
51
1135
304
32
1
79
23467
29
15864
282
13451
6951
11891
22610
20357
85
17231
695
82
82
23
51
53
37210
68
59
8390
66
98
29882
31299
10486
7594
14809
20918
13
16292
1030
7931
36
66
740
99
47513
83
5706
11265
15
96
73
28467
100
80
16309
32084
7385
87
4
78
83
32
15556
17811
10
95
36
2884
38039
99
8935
98
3977
22624
55
47
21
20246
9
21
1847
1706
1670
19262
9772
91
40337
31
20679
3
59
28441
1648
6175
705
2632
35920
4379
69
24
98
55
210
4270
6292
2814
12
5
12382
849
11
2148
5
46
10363
329
12
12887
3666
56
14
4030
16683
62
86
1
39127
28591
3556
3891
97
44812
31049
10455
1408
54
74
68
57
6115
9
7
1156
13
31723
39
92
6
4170
16544
7867
23185
13942
1595
10348
18
25865
17014
5528
6088
17823
52
94
90
41916
29752
9
11871
18
13
2
6686
45
75
44
13826
38
312
48
166
4390
77
24469
4267
17623
7674
18
28764
37
16875
28117
22347
19
29472
26809
41404
39686
10
1
18
9
89
10878
67
1663
6470
26
9423
51
42
14726
42
4885
5962
6574
66
75
4702
17204
7548
7796
2704
10
90
80
4415
8
8380
15
17
8479
70
20057
13
15
52580
6772
9428
12532
14236
1770
4670
1293
22312
18795
5799
6574
100
89
70
71
79
90
7532
85
14
80
4152
82
1672
13302
20
2859
91
4435
53
11877
24
96
15
72
7418
926
73
3495
9932
40560
30
12966
10480
3953
4
3
21767
1949
28
86
19007
40345
31463
6488
6
38038
3505
11936
78
13351
209
4505
71
26877
39
17259
3085
6403
82
12855
24464
10211
12201
3651
79
2
27824
7080
13152
14
54525
76
7604
31746
77
11959
18
15454
19744
1322
91
51
35308
15651
18
71
493
1339
1820
12
40
44253
14662
20712
12
59
1988
12299
12640
26692
1161
14
23837
43
14498
55
6121
26
31889
9
83
5
35
32664
84
41
21535
23274
83
18
46
9076
92
2275
69
74
1684
33081
44
26921
21967
9644
1117
33976
4723
11036
3216
91
49
70
915
18
11100
69
5106
45
50
47500
60
2976
34
16024
8519
50
11
97
1
54
24
20
100
946
8107
4
57
5015
9655
12
1135
2338
55
13865
1
29395
44760
129
97
1806
67
20
17861
4
9347
39
2
60
42
102
1887
40574
8923
2
19472
28
73
94
24
69
11048
23638
33126
15138
27
75
19930
29742
29500
92
21301
3928
2527
25285
10
80
22534
2632
46443
52
93
4213
793
36
8
21534
25106
4528
96
9024
6
1868
46
1
11
13750
82
3
77
1043
737
25
3465
33
2
59
21181
53
100
13
38704
50
35
11520
57
27327
27356
15
46
19890
88
88
1454
17251
8006
58
27
41101
80
6291
7216
96
15890
16
542
94
12774
64
3147
17491
93
885
25
89
87
2
3310
6710
55
5520
8
11765
1706
12
28104
47
11521
3906
12972
865
75
16488
8345
8595
3667
2134
216
102
14
38751
4267
10741
34547
2231
38759
20
63
44
266
21
27389
17054
44
11652
5647
4503
3651
4407
4676
17900
60
69
4
33630
3286
40582
1223
3688
61
78
10208
90
14275
7876
43720
6076
40
7
36
5084
39
28
66
51
9700
101
33018
14104
1125
94
29
43876
97
15807
81
52705
16934
19128
22699
17676
7512
38
76
75
70
3316
8775
23794
18982
16
32
5428
2404
19121
81
2076
12773
6205
47
443
9857
69
74
34
67
45
85
1115
29191
45729
14
68
79
9104
82
6
11216
5
95
1974
84
26665
5971
355
47862
15488
47208
981
35531
32
34
7104
39540
4030
4103
6017
94
38
1941
64
21
9242
6022
21961
94
36792
1265
16805
742
48
4064
19418
64
16556
40398
2895
95
65
91
39411
54057
10058
15
75
33015
96
88
17
26
66
20161
24650
7608
32
13005
100
7554
27537
8524
1327
94
70
11284
8
28
18508
5955
91
16996
3
100
48
26748
83
13
12896
1677
34508
29792
7
1506
11172
2603
1656
31183
96
12960
11764
7776
44
82
1
44317
36
13
21
29973
46
10229
35669
8756
5
91
31
47170
75
85
13047
36
24802
35
22
26128
51
13374
9948
23687
513
4
6964
25699
1198
3098
93
12209
20466
7001
27
19
11774
42
41
2170
6707
23754
47113
100
701
3
61
48
29003
1436
36931
25264
53
8810
73
42
17853
22
89
98
26287
16823
15
95
21705
16439
39211
18284
19
73
93
20560
21230
23
19413
47
4303
34
7729
25454
11545
26855
89
20
103
1164
100
2
2924
51
57
12044
1333
80
14865
18
100
86
24
16
3399
2087
28565
46108
26456
17
31453
7801
12108
6792
5681
1099
28650
84
7616
11942
9163
20493
8123
6990
7
56
49
2
6053
99
36676
15
54
94
5
5620
5515
59
6374
27
1341
1437
12372
34
1194
7773
4282
89
49
89
4466
8551
38
9
87
23144
8145
1906
77
64
25847
4624
48
39911
68
22
17154
88
8354
27
28134
14560
41
30
34386
9648
1032
249
99
19687
99
96
10
20766
41
1884
39
84
14535
6676
10712
77
20
39
29815
22
21659
49
2211
23355
9195
11496
17820
7
68
20152
11056
35925
9781
61
20940
25
25
36768
20694
17756
46224
102
57
33
72
43
46
37
23118
648
75
6024
90
16
1071
79
53091
3
371
8669
9828
158
453
32860
65
13817
3208
44957
26362
40625
3893
67
41947
84
48987
56
17
21781
63
16
674
42929
31
17070
84
37
38
16510
724
78
1712
22431
6171
93
82
15566
1798
1347
20
43
6
20
35
13439
83
59
12964
50
35
2
54095
17878
56
27
66
13469
14649
56
2321
96
65
4354
44316
16043
55
1607
794
160
1243
24
14798
18457
76
45
216
14637
7878
19009
40
4701
34776
4345
76
3453
33
16811
3077
1416
23777
15471
59
20251
31
13838
11888
34828
14807
77
9232
65
61
59
21
27
3667
98
41
5767
9338
32
17499
2816
13165
76
95
32663
25639
23765
1773
56
84
76
30
32
4
53
23164
73
14
59
14
22594
9880
7164
72
307
71
40
31527
23
1354
46250
90
40823
8280
37
76
43
1723
86
14
56
17
10257
63
3421
1070
14474
23710
2602
9929
16
81
22
7627
3252
7
9786
98
23769
489
1382
2977
55
35459
57
22232
83
59
6
21647
18956
15830
2
15691
18934
15430
17
5878
10214
26
7798
44
46
18604
6211
32
4664
85
73
435
92
74
18788
12
6563
2135
94
11729
664
33
12586
88
4163
32986
384
37297
173
24329
5354
66
60
25068
71
33342
72
10155
735
52
75
76
35
4
66
35739
23876
10461
871
26
32
6644
44929
320
17
37
9712
3943
8177
69
50
439
20
39
19122
688
31191
8
2586
45
64
1409
32336
14
55
303
26211
26081
39
74
1716
78
23
626
10480
95
12383
7
6988
8709
61
101
33735
31791
21
57
2
71
18714
44964
32252
20879
34
50565
94
33169
995
21301
9133
12560
66
7095
8577
10722
18815
18
11413
8083
71
9
22748
91
39383
31
9526
32
81
15726
36709
42157
85
31801
35339
31974
7
25345
5
5530
1331
3450
5
63
9044
11608
99
73
1472
47
14249
9025
39895
16155
7
39080
65
98
8808
38
81
56
14309
48
30089
3948
65
1
2728
21029
24783
24
4024
54
6402
7375
3
73
1262
9147
31207
65
25
2371
46948
31935
15953
91
17487
37
87
24306
8291
49
47
1555
3849
17
1352
67
34401
6107
42
129
8
1
1088
2759
3205
707
7037
16948
13187
75
3281
2862
28624
13
13394
9396
649
18
70
97
24988
37
98
930
93
82
7341
42171
26461
19
67
75
59
16206
71
45
4579
57
31
61
17
15585
5388
21037
14821
7
34
97
14
100
27521
22885
19391
16854
13
21
9418
92
65
49
10255
27694
52
8019
2256
8529
20
20623
18442
12369
51
42
5287
49
86
47
3676
2
8
245
61
17
23
7925
30408
24534
21861
100
23974
37556
74
52
14
23040
52
33236
36670
86
1955
2677
28167
15
24364
15844
11711
8201
48492
38
35
725
25122
4667
665
82
78
17
29090
402
38
723
101
16
1628
60
17889
14
31
7
37909
75
2235
8482
30
2433
45
100
20553
8868
47
6
20220
7462
38
95
89
700
16790
530
23117
9963
3
55
32
23508
11792
5
47
23045
23767
71
944
17441
71
4218
25021
1693
12453
4827
20
20942
32448
40413
28
2826
5992
66
6
73
67
53
49
24092
70
24046
78
57
7341
1892
17611
43602
25
12332
83
1162
27
8393
3649
75
3071
54
25746
5241
16947
3044
45
73
8964
19687
464
5045
225
73
2
22929
78
75
625
6075
41459
9331
87
5886
53
7028
17
21
10
2
22463
75
89
6584
7579
37940
66
3703
68
86
13
8153
2889
17257
4965
10903
14062
102
23196
7031
34
10240
23
6645
43
34
8452
23228
11
88
41
151
2779
5864
23805
65
12406
1273
43
36927
40261
5987
5
13970
89
40
1848
24
62
87
26441
1194
48250
14919
89
860
27466
25356
10514
34
87
2351
18405
22912
49
88
11276
41
32673
7912
72
9347
25
94
29961
952
20630
20
781
10067
5555
8879
7925
16341
24
56
66
86
60
33
28443
41
52301
10511
43
1584
37
9703
27091
20140
4137
2773
10699
57
97
50
7215
83
22895
8899
47
90
22592
56
2782
1106
18943
48
10630
37
9
48
90
20239
25
39816
10691
13350
38
963
98
27001
61
1760
13800
14540
7110
65
37
67
42801
76
81
26868
13023
22333
8509
33934
3111
1588
77
77
13558
33877
7456
28
19749
6910
12
21
28310
99
75
153
18
21
83
1799
97
50
8
1873
102
4420
76
81
14334
89
37
93
13
3113
8760
148
91
33658
99
83
16529
6
21045
32892
30
20460
33378
14829
11
14412
82
84
10235
24
39239
869
73
6
8970
96
9291
9347
24662
57
5549
42551
38970
106
38076
4366
64
21518
3611
101
87
32166
83
92
20
10693
11704
6985
22961
1660
13681
71
657
29
62
68
52
6073
4595
88
82
99
13914
48
2635
43832
8118
81
65
15524
10862
62
81
17700
37542
12
27926
9762
52
28241
10
23368
78
33
29
60
76
25
4122
25
82
41
10082
4485
896
2874
171
29263
20964
16
26
23943
42361
16
17
32003
42
33751
3626
3
20301
7
5291
10
9069
17610
88
591
8778
5456
35371
63
18530
20792
81
6602
77
18
34
3
3147
90
10190
18885
16
9483
27731
1457
29
62
25920
98
52
29721
417
54
80
61
14497
4410
34
12
7
14750
42
23775
6101
24
99
9445
99
4583
55
93
13379
40701
914
868
17423
2469
7
23225
18650
13852
75
89
18
1900
29
2026
31
9692
5339
61
8416
1547
6
39518
2426
26560
23
17955
7
32717
352
11581
32169
15023
51480
28
53
1206
2686
4721
10229
84
3
28629
5799
526
15772
7841
24164
11573
15697
66
12842
89
53
1361
54
12707
72
94
2791
2035
1231
2543
77
10766
2580
30
69
53
26205
9398
15
1551
10984
95
85
3245
1766
48
101
80
18852
93
3716
8356
31201
84
19467
23
6200
37777
61
83
8705
1682
91
34
84
15
5490
1612
18620
80
73
95
21
1407
44758
94
9110
207
411
85
39854
92
2188
36224
9
745
17074
18
13847
1769
46
42546
39748
16782
27063
93
889
68
11432
33600
17620
43
45
46245
63
14485
97
71
13
100
42006
11749
58
87
57
3658
41
3582
12920
61
13414
80
9743
43
36
52
4551
7402
17508
8671
26
8
44
82
3854
40
2262
52
19415
37
206
76
6927
24395
44
31812
58
3499
58
3
46
608
53
50
14428
35553
42284
32
72
3230
27432
8091
18
59
37
13
32144
41
74
26308
80
32
43266
33911
25
7302
1
508
53
81
3850
38913
87
13114
27367
37
64
2975
3642
18433
30419
55
96
73
32930
30
79
10
1224
18341
27633
6383
442
2165
71
40080
53
1933
1
15333
22264
5125
41314
28
35658
3994
18871
18706
20
42
68
3
45
15634
76
87
76
96
99
2001
25920
35
7761
60
28325
77
30
5159
27406
38
63
72
18724
8037
31449
63
1470
2858
38
62
12903
41
93
33072
12872
38
68
760
37403
20052
3731
51
14022
91
87
35416
49365
84
22109
20233
35740
31456
82
9984
11979
63
6234
3
38
21932
20
82
40
1464
86
23667
15
5715
19180
20
1405
2048
94
7669
30285
47
9736
9039
9589
3732
56
99
18131
15
3493
16
73
18362
4418
11
7337
19536
57
2980
366
82
17432
17574
26
15595
89
23592
5091
17
10657
28
31110
26399
46
83
3222
71
34
6998
41705
69
16
4810
1358
60
19235
91
86
56
36
33
16
56
57
18
17
2910
33
30219
3550
82
6410
8160
4659
3313
34
1220
53
15
24477
1
23
8537
241
34
10653
14824
34296
379
86
6615
21480
20724
12
16
27806
38
49175
64
15
10079
71
32663
6216
24
31
50
93
65
12698
15997
76
32020
34938
45
90
8601
13
9418
66
6474
74
1
14281
2921
33442
76
39183
6120
8138
61
14601
5211
272
1006
3032
46
94
80
8184
12492
5362
25653
19504
72
4931
25154
5127
23368
58
93
3108
24978
91
15367
74
100
28
78
101
2007
5003
74
17
17
34998
1
94
21
52
57
71
31760
13333
23
64
4270
5275
52795
55
32430
4720
2723
10596
24475
8693
51
5565
83
7857
1066
25
1661
84
3
8
44
22
102
16092
26
16205
87
8328
99
27620
3694
21
86
7853
18179
6
7821
18520
10620
23732
6248
73
37653
44719
23749
9
62
45
15
22
7
33
50
37064
56
17737
23
2916
36024
44907
25
28527
7842
35543
52893
22684
8
13987
77
21007
44
9
12640
43178
13901
69
17917
10921
214
10941
44811
55
49
1902
37
61
7396
13957
486
11986
2119
293
85
7
60
32541
33297
9410
792
8354
732
26348
21
2807
39
10065
44
8120
14613
5
33
6687
52
49059
24840
8034
85
2013
38031
26
73
39
17167
6657
23
17037
1212
75
86
2344
3222
16881
9970
44347
11162
25
35757
34218
14015
69
17
37009
72
54362
3063
12362
70
26
21061
29332
1669
2327
24538
47
6
34
85
73
26669
60
18
15262
21463
18189
82
12291
3627
55
58
49
2
26950
3252
18323
19
9398
25220
99
28
48
47529
78
4894
65
34450
1106
28
59
50
72
767
72
16534
34317
5814
39
25513
61
37
64
2149
10
52
4
67
16363
78
1067
57
40
81
8530
101
31
1271
22397
781
20710
27
100
5403
25822
81
21843
88
56
42
2011
32
18832
66
32
164
1453
95
10683
49
65
20
25
28969
1141
82
29
24
947
1361
83
42
17
50
45
4106
16879
14
44841
8
19356
45962
95
25304
2
12913
12490
1
42
8233
14
45739
17981
25219
16853
34042
87
20539
11096
47
2811
17014
12060
17
52
8957
33
15
20482
102
6783
32213
49726
41
20378
1813
20
17179
20646
13
101
39
6021
89
16286
16368
86
20978
57
6911
66
6
7213
89
35
3703
11226
3302
23044
39959
3321
180
40597
30702
337
48342
97
56
10212
34
4448
41389
27
65
3368
2
2439
4995
7418
29299
2697
1399
21932
68
34
5736
100
61
8
71
25217
30
21069
51129
32
21
11399
59
366
3752
91
5271
45
81
30
2549
27
4783
6353
36061
1974
6388
19792
2585
96
25302
58
42118
40520
87
7
99
17457
38144
8883
48
66
11
76
88
40028
808
33960
22591
28917
13301
25056
87
56041
67
24
10559
21228
71
36958
39
7921
65
64
1910
7
472
7
1426
23213
1761
998
9541
3682
11292
6054
18741
3697
99
1568
9488
46
28217
96
29987
45
13869
6530
49
32233
28
312
29
39
4412
25638
16539
951
4801
3496
22724
9708
197
356
10
4757
12237
67
13
14300
15594
14262
63
13729
28010
726
15038
66
8962
18
3768
10
22
29162
100
1907
61
29
1
52
70
22216
91
1465
17629
59
28033
7843
31647
80
726
8107
10030
23064
14185
5994
16939
38587
41
74
30581
73
38
20
66
8029
19
14415
35629
92
4832
52
35
30
16135
90
98
13330
82
54
37
19033
55
92
12243
8289
23
32
21
12
10852
36
65
123
82
10318
53
4
8646
15714
96
3
100
67
94
84
13
4580
16959
40
7
37
15
3572
38
769
81
1625
6933
5889
21823
13
4129
16
9
6
1893
26723
74
45504
8929
51
11264
4766
56
17137
17
14801
5320
86
6325
18
2333
94
26968
92
18601
32673
5255
8291
1981
90
33848
47
70
57156
22480
15
7
49
39423
58
21491
32
11285
3447
4027
94
43
22
69
6976
28
84
29
7804
83
6448
5150
47
22
2853
18214
10686
18250
50
12057
5809
2340
39389
59
18181
6
64
85
20
137
29881
1196
29
91
33
1835
53
37
20888
44
3043
42
12816
20283
3238
1588
8274
8284
80
49
91
86
33
7144
1367
47667
30
47279
15267
4916
22434
44
45
27334
27
21
13
392
11233
26315
42616
11
16204
26306
70
80
80
60
814
25
7034
5730
5004
166
3306
12874
5009
4698
25
3488
52
29188
85
35
7225
29800
37639
49
55
68
91
19228
5049
12772
931
6
2094
40
11383
54
33589
121
23
13538
1130
80
25212
1706
85
26
7
66
27666
21826
22277
10779
64
49
67
83
57
3340
3507
13710
91
29
11
22816
64
12670
29020
48
67
20
32562
22336
2266
32954
35939
12423
384
964
17180
12404
9491
2184
1440
21232
61
20121
46
1455
40
5
44168
26426
2462
2573
65
81
44
4
19230
52
101
41111
7113
1639
67
85
11770
62
89
74
15877
4600
2
81
3915
1825
21735
9696
37204
30
318
70
28
11385
79
899
8285
51533
1247
92
15877
16
17097
823
87
35578
30
38557
60
55
730
13293
87
8
100
52
11520
15825
8162
8672
18
2031
90
38
85
50203
52
24
10
19855
21393
1496
847
31
30334
91
44
47738
94
5
8672
96
21347
65
73
27485
102
65
2814
1640
17
81
44255
531
27305
41887
75
72
48
764
20068
1001
87
12800
68
33415
23579
614
15
37668
39
22
12359
12684
13944
22788
18720
13169
475
37592
61
28
23571
4386
20222
86
45
20014
22320
59
3931
1547
11
24056
8262
26582
914
10730
22868
2147
18933
10920
30
25410
65
25710
32
15058
24423
11526
39
12171
92
13
69
46887
39019
16571
14880
15580
25636
38
52
13467
91
1
19
74
15848
28
46
70
5259
28
284
8754
2491
66
94
97
34030
10628
53
8275
88
74
2
9011
10389
7920
53
582
54050
22
27
6364
35
83
43
33755
17536
10098
52
2680
7733
19419
15610
5158
16537
20701
16290
3930
8194
378
70
43
27
27282
13570
100
92
10342
77
26143
72
51
18477
12488
11956
13461
87
84
75
2246
28
69
3565
62
86
13465
4739
101
4
12158
101
70
49
9223
6
65
28073
50
24
60
49
23877
2248
11
41362
17994
24450
30
80
25171
19632
247
9014
86
4
17029
35
47
40
64
2178
1113
44
4576
582
34
86
82
4455
99
49497
96
17720
62
98
55793
29
521
5482
94
16407
29168
16620
44
58
32026
16099
29
5084
62
20581
50
76
88
62
13
14073
23960
46
53
8216
90
41
52
8376
86
74
16173
103
26849
47
88
12355
29454
30984
1730
29094
3539
1176
6655
6
51
46
17407
63
3248
3404
7173
54
27880
40472
29327
21761
14342
101
6412
6196
1481
7651
2578
78
99
79
7062
39801
93
4296
7581
94
17988
40
11508
20735
51
25
21081
69
28340
9235
14
678
3975
36715
14
1510
2122
45
3020
668
40
2682
80
27184
10967
47
77
26
25279
101
5501
33234
6
61
13584
57
1137
2703
3066
5482
13071
11684
4836
85
78
92
5445
12794
58
15119
28297
14369
7044
29
9630
15
62
7493
28937
11673
23231
17880
46714
24
2
79
6376
44549
5366
3
96
21912
49
81
22579
32620
2018
12446
101
1473
27084
15
18819
45208
10016
4965
6192
27281
14027
71
48
18254
2037
33
96
3771
18144
36
33
34585
1673
99
42
8
9438
3033
30549
72
73
10505
13675
85
37577
48
6488
22
21645
15951
15072
40
26
10988
7563
5144
4114
33653
646
99
3266
17831
13
34625
2404
29049
72
24862
45
3
75
98
60
5
4071
31729
13504
6562
28
44
27824
69
96
2077
38
1
37
1368
96
3933
6813
33049
14
1937
42
22064
31
18900
28393
6220
48
36
8
11764
19
13
50
8029
10
71
2110
61
12493
9
19436
23
42752
26445
8174
69
86
37
17864
41
7967
25
944
15538
14777
74
2527
11992
31859
69
76
45125
75
8
12
44987
36
1339
2
72
47
40068
1769
11806
30
15
4070
14452
31029
10853
94
18179
45235
88
17618
7925
74
53
13707
17
3497
52
84
16
78
28371
22902
47438
587
9352
18159
32
99
94
79
18007
97
2492
39613
34990
31
803
5860
11915
36
94
60
3548
29576
22
2
8
13
2810
52
28
94
60
25
27728
88
18212
6472
33
7996
16504
49
199
15033
51
15042
18820
77
22490
86
5291
43
13581
99
1685
21123
3400
85
8467
20760
29
34
41038
8557
57
49
77
11131
47
14
72
1734
17838
47
3456
21579
10
24
1650
20908
53
101
94
35466
16
19923
18395
41615
64
20084
36269
62
87
12130
61
101
18
9833
22333
92
1990
7283
61
9537
5
24
74
68
22797
21155
28335
3075
33
37225
62
4667
13634
19752
71
41709
33257
71
66
74
70
79
41
29
20
90
57
32
52
75
18825
86
32
69
42
50
880
222
56
12
11425
2635
6
18031
28731
20
743
17
1225
4410
56
1
50
15079
23231
20843
78
6475
32
41
102
41229
14331
34
75
69
8339
1883
15805
35
14
85
1698
26959
2685
76
45457
409
86
45
48
2
20450
33847
2941
10193
19
61
46427
1919
590
16063
14
3199
7
95
17612
38873
8547
12
35282
27587
2675
5790
28042
23210
1031
7966
41098
3437
77
4459
3178
83
8294
15047
5972
2562
8594
374
4920
55
2946
62
70
38
23
5700
7790
29
40047
1391
7079
13937
6720
10
52302
20742
3697
36
2343
24330
1228
61
48
3880
24486
88
3844
3
2284
80
34
1467
3499
8
15098
82
45
92
20
28524
73
29
10
7526
4
15461
3531
16
57
3872
329
97
94
93
19410
100
6306
36818
93
72
22080
50
7914
20652
22963
28105
7904
3319
51106
80
45
4575
9
1
9
3776
32351
44849
39854
8
7
3
7
18151
51993
418
79
100
2276
51
27863
45
37
10881
18304
10524
1035
22953
75
90
138
29
4451
19419
45
15847
617
4248
52062
16545
8442
11291
76
22
13275
8797
9909
19
7
23
22667
40
33
2472
69
15253
17396
65
36961
26
2244
36131
9844
6285
86
2306
67
76
77
33
9919
9
36
14967
40
41270
49453
16578
11162
12935
48
66
12032
30
714
14277
77
97
6032
19
23164
11
974
8973
98
48
2127
98
19
15
9302
38
36248
41
8276
40
2162
79
1143
7
26669
10898
21210
4
32908
517
35
94
99
22909
40
4818
10773
19
544
13
94
68
56079
8413
54
50
32790
70
5
69
3782
11218
30377
16
9
16459
11329
42622
29506
28000
62
4
5
36
95
728
29993
29391
100
99
36627
13103
25
16966
549
78
81
38
90
9
19016
70
16
18760
33786
16259
31
41610
19961
29
5699
2130
20
26715
37
15050
100
65
30
77
2837
10808
4292
26012
34
24256
1
5830
95
12
5254
62
14314
15734
29605
80
74
52
22
5737
805
43
89
22802
54
17161
796
13773
88
8324
1327
29581
18654
33
9807
16
21603
17434
7951
34
18134
8562
16
62
68
3488
7951
51548
34
15798
2504
5984
19925
340
2323
636
20798
18549
80
21297
6227
27470
72
15067
3992
24
42441
27311
17492
49
256
30
6428
24073
8165
4202
14959
81
81
10
60
31
34
61
3613
20070
5784
2958
5985
16
66
9
7087
5976
21651
2210
6789
8
3256
17709
12553
20
28095
38111
100
12436
2571
35
93
55
28056
18966
101
13271
89
3106
75
2609
19107
2041
75
129
25433
19744
14392
37404
10033
88
9987
3564
5326
27
14809
42
94
488
32944
36180
61
8224
10026
31
6711
17475
41431
9447
80
10698
14
11118
13250
17962
9732
21756
84
9286
2992
33490
2896
18775
5
41988
33
59
53
6085
68
38061
1801
3212
5407
2513
39908
23133
97
95
25414
228
7
37527
81
18314
32
26
19285
5549
12372
93
32015
3075
1139
2496
16982
54
42
7458
38
15869
11660
7
8130
77
66
12229
10956
64
21445
6807
88
14387
19556
7
25
1852
26
11958
21119
38975
9463
56
2944
67
4559
10368
98
30
8843
3742
18618
15320
40904
24746
19379
3281
7395
52016
10790
33033
8910
15
2932
36287
40
21711
10809
6184
28202
4923
38
42
14
30527
42
5621
2459
8703
20408
98
16745
816
29
68
96
14768
16
15095
59
38
3484
86
556
74
4246
265
333
6303
43455
44
759
4
14
3786
15
2395
3406
12638
23134
7068
39
9026
8
2427
51
62
69
2586
54
14502
7637
86
33841
89
20758
5729
24
59
25187
2084
19
14711
39
7255
101
50524
2255
14
28
40
629
48
3679
91
946
49
74
513
4384
27893
2238
3986
29838
13
32639
2858
2994
35
15
26
98
60
14480
691
22377
13693
28
62
67
75
26309
26120
3197
1474
19029
13375
11
81
74
6
31953
73
25653
10617
12704
4209
727
19998
78
102
54
2
1903
64
1454
6289
74
25878
6654
5661
15520
22612
4584
33053
52
14357
94
14379
15
13407
12992
1115
100
57260
12
16901
96
37
45660
33978
34
11344
926
9002
71
3
58
7
66
72
20
85
65
21
28111
11836
68
20456
19494
56004
4968
54
28
94
24
75
84
41
29676
41
9
21054
24337
18
96
10757
96
17017
25
92
11058
32248
12
14734
3711
45
2808
62
1690
34514
65
64
21067
24
24163
1
41778
43
40119
19
33760
35
675
48
53
6832
19030
35832
34
44
68
97
12454
101
36278
12800
20331
10
15
39
72
9210
4
18576
72
49
6715
18068
41
344
5486
81
32
7105
33
61
36985
31922
19
96
41810
1562
70
19494
4379
29
43
48
64
94
22
12
11421
64
46395
75
5803
163
88
8028
13832
92
4779
60
51
14
58
11979
50566
8910
49
28
49
2117
4268
12
31987
94
20414
6313
44
1492
30
41
40097
68
4240
7829
801
96
16348
11086
20738
18
37
293
66
29
3047
20
69
21672
4
41
6421
38744
6
44
14681
91
73
9755
87
18
25527
63
17078
26
13
1526
11
68
36
1725
15091
65
6987
20695
21241
19
16
32
91
93
50
38021
41
1150
4829
40
9
44
7637
13865
27
1769
24166
40
1424
38251
5580
52
6968
21095
39
30242
30886
1540
24463
18
8
69
23664
56
77
1307
3431
3321
6959
93
62
9596
3
36
15453
6098
37145
291
24474
7003
18
7835
19469
48667
11786
54
6386
20946
2335
84
26015
69
78
20310
6599
38
13770
23178
93
74
66
39829
20
34204
14925
37439
59
1655
3177
8
28001
29895
88
15034
101
27269
48
32
29
4396
10
79
27237
2201
12316
54
4720
10
15
35371
59
90
14906
12
522
1081
85
93
15477
18125
2891
5942
26
63
39
92
38
47
45668
42609
3536
89
42156
407
4489
2581
12395
13301
27050
13064
12209
23
96
10362
86
38
734
1921
95
14
82
18
13679
23864
635
17015
95
30721
27695
14475
45
15329
32
14920
31
48726
46699
11583
6831
4206
37426
1229
268
2720
17348
54
2807
8653
41
56
17828
27085
3
29413
25
64
14
832
33848
3478
50
1
22287
26049
196
7912
22633
33
63
7708
19
8932
7955
38
55
22
40
9942
6538
62
16440
29
8139
9950
24981
11937
68
15997
2776
3855
12906
24106
67
84
2456
52
2392
11855
4629
96
17028
10
13977
45
53
95
16589
10
5042
18
13459
17
9
15822
47502
3
66
73
5074
43
25
16228
54
77
20
571
5
18103
54
20000
4
1664
7466
66
31529
61
43
75
32694
81
82
15298
66
5294
6305
11380
4446
80
77
1597
40427
31944
1514
1424
10842
91
22784
6809
45
56
4
53
90
16
7117
7641
9905
76
28341
6219
38
9542
77
19
52
21389
24
5714
6
6
87
61
2796
5728
9567
42
32022
1744
42
23
84
17
40
78
3485
20693
1850
7
51
17821
20691
24576
66
5593
24324
839
286
83
9956
27
77
3995
5
13476
13241
8049
12579
26
24581
95
84
1605
25328
5
7656
30871
44
80
2948
13335
41070
2082
72
11
3814
18
6398
95
45075
6
27705
22589
88
18766
82
65
30
29
5325
40808
16651
36666
10515
91
9766
83
33
47
1778
10044
62
5856
17
9
14808
22468
54
330
11239
4106
9805
2833
30743
6
10062
22
10338
42444
4924
10252
4186
67
53
17
38
52
3780
8883
7375
1
4523
18432
1412
4957
67
44
53
1793
466
6139
819
10479
41754
93
62
101
36605
23
11161
1
63
33348
26341
14579
61
41693
39225
36567
25526
14027
1345
714
4518
64
24
1898
63
41
8914
100
855
5030
19395
94
10158
1353
6534
64
1132
53
79
70
5120
1894
25984
66
9239
7984
4390
5
926
29578
23
18568
28
27
21439
7699
76
21
7225
74
1035
82
10367
99
20348
40
30812
100
10
5119
1760
88
6448
22849
4095
43579
49
40
62
27261
74
13463
55
88
16020
22
14
4
19
10727
16270
60
11852
54
92
22
17
7009
19
12
66
56
1825
5551
34559
36771
973
8390
4596
50
21
63
23
65
53
65
14515
43
9
89
9730
53
101
40771
15372
84
35744
100
49
56
9819
18613
1213
36
97
15189
43792
8709
20055
12439
72
19
23961
23239
31
41
37
27830
4497
4453
44
58
4585
5207
16369
2300
21
31
78
16
52
33477
1830
39
81
9171
43
41080
94
22874
8
55
24
14693
83
56
49
28564
101
30139
57
2
32
11
7109
4
6876
5399
17827
97
28987
36796
1025
35120
9
35537
42521
33831
11783
91
61
31915
3474
19
20
13506
38811
6
1560
3503
16
49457
6590
21583
39
8566
28512
3907
96
28
43441
8441
73
4537
101
80
40162
2983
1046
16
36591
100
736
13
17382
55
12080
1662
81
1
27
6926
50678
10486
22469
45
44
64
6367
33
8765
3503
37018
683
47
3078
2460
12178
17
22836
38
1800
2
652
32
35125
68
23126
23572
40
8507
96
12367
45680
19361
765
30
55
7821
58
63
24996
74
69
7
7012
21
52
8935
14002
60
25571
7929
6
90
70
58
6809
36450
11166
374
85
15631
62
25074
19
428
52344
9224
3281
47968
6330
19
29
73
4731
40
30446
30
18783
733
28
25
29
3
22335
2586
15396
1
17
30343
65
3166
30137
35524
476
9339
53
3487
1
7874
5
17773
8030
15
13580
3
11320
30
2067
2893
9828
4749
12754
9
102
50
54
89
21
76
2612
20
16268
17253
8096
98
31
27
27218
10543
44
29
4840
74
5902
65
74
14449
70
5577
76
83
6188
5565
73
8
28
4333
16610
70
2859
214
75
296
36
4988
10738
86
10499
56
34
25
96
21
48
24
47755
3372
97
4652
18074
17793
21
16
47
9848
16318
46953
2489
6188
10
37520
5193
97
6833
34651
98
39
23748
40
4402
81
9365
11466
931
95
8169
18152
18
65
363
51
20715
24138
27
314
264
6374
1640
44
86
23128
44
41
26205
18666
44
73
30241
779
36
95
12183
13
27
3265
43637
20802
3797
40
12266
430
69
74
94
85
40
36113
101
102
9667
16
31456
171
30312
27
234
22309
32501
473
17127
38
55
14447
18629
86
34
42
17
45
5809
22
83
13348
20875
594
56
5077
28811
22188
10594
34699
46192
66
41
16980
18982
2896
103
3191
33104
12233
2931
97
64
4866
18
19157
970
6381
2352
51856
8
99
15
152
6988
32
73
46931
67
23
3
19
87
7
85
10843
16038
1714
39796
30778
22373
54
26370
3741
21296
102
40175
4
16070
21836
80
73
19817
63
1420
8687
65
33
8888
17877
15
98
47
25209
50
27
21110
4275
83
31257
26376
83
661
51
44
70
74
1749
16657
43
23
10034
29112
31053
16463
28
48
9
5259
47
17900
86
18176
15327
16
99
36
47785
77
63
112
20734
22188
47
13588
89
87
3129
2170
691
631
16
4
3
1
17774
39
4145
89
39830
14566
21
28846
2856
18501
5160
47
6
66
21928
12369
1
29219
64
46363
51569
12632
7044
11
58
57
34
16376
9799
3787
1907
14093
8327
4852
86
5578
16741
47
14491
86
17535
16699
66
18694
10403
2
17423
60
10449
100
3709
69
16784
16
36845
18320
75
52341
13850
3880
84
8541
42
5
13787
3
23
7
186
36405
8645
69
5691
455
14802
14818
12635
32631
24
23
16391
18516
16
6853
43
6483
82
21
79
8372
3002
14407
29013
24712
45
47140
100
49376
62
102
33891
27689
3375
12
1327
3522
11
47112
31
956
11677
3425
2175
5186
1903
28946
9
51
16773
79
22
8806
19001
6102
25
16
20153
1360
23
10
19
82
31728
4609
23129
48
24874
36
5
17176
63
31
9152
1436
49953
25011
42
15512
46
8323
79
1
15129
24095
75
65
26797
80
6781
97
6827
8264
7
85
12441
74
5229
63
91
11815
788
588
44038
3335
3096
74
8487
4044
59
19
62
96
1
73
11
34646
36194
79
30
41
24
90
64
1184
11738
11759
69
20292
101
19478
15077
33
38
1294
46849
42
2152
2637
16205
11
5735
83
33
4537
14865
30653
4425
1876
8
37
9
14064
37864
83
8825
86
30781
5863
4
16
23654
69
85
17
28175
39
553
77
5865
41530
1439
1925
44627
21718
30
2
91
89
7906
20
43
78
36004
18919
98
1614
21
2774
98
56530
85
46
15225
36
9
32
4
18
25324
8698
81
8
11365
7095
52
7
38
275
11054
292
25
10
93
5632
3
7
8036
10814
1833
101
7037
43283
23535
757
3340
98
4109
11231
72
9
19
45
99
10
48
38329
2444
4101
20
26222
46752
10078
6512
71
94
37
9048
45
65
8518
26244
39739
77
49
469
30
87
10441
54
125
53970
6208
22241
348
83
2171
60
17658
44
14
11535
36688
4715
1416
25837
65
4611
16735
1735
22424
51
7
2564
12256
4739
11951
98
61
30681
67
80
33
66
41005
27766
5594
44
19076
12322
3122
26660
31277
23
1803
14
39818
9721
15
1920
3
82
32
10971
22
24657
28
67
24072
8127
35
30013
97
3337
2421
77
75
38
28146
79
14
95
5405
81
54
7002
22327
8191
16147
3177
12108
20856
17729
4477
91
36
46
99
801
14
37678
4759
24853
1221
18
32184
89
25802
27595
46
88
17
39
21347
3
788
36
3201
921
48
85
31
11653
86
74
33684
9603
44
65
29896
49
791
910
65
509
2736
35
6252
101
24494
95
3791
97
55
93
30
47633
88
1675
3861
10381
4552
14339
8056
13
13035
19
40199
96
36
60
5222
53
32
92
39071
3494
25087
1330
12
13260
27514
9509
10870
15252
8822
65
94
71
45
64
3896
32
10
101
1
19
35
20722
79
1379
1131
11
80
81
85
23
45
35923
37
11570
97
17
29141
37
32
38
27
4317
18389
8489
19
28
8167
71
72
28146
23
42692
15
5962
85
2371
58
100
465
3390
98
71
24
591
18
12
24
32819
61
16
90
55
12246
12
77
28022
81
45
56
21
36
30168
20
93
5362
29328
10476
79
5522
53
18
8335
13351
9183
27583
3
95
46
35
24
21996
3069
22298
71
1
26
23
14698
72
30
8
94
41989
16073
600
39751
9025
88
28519
62
47557
17745
82
17
24407
6
20
96
2986
11868
16974
10
17
49629
10885
2310
25372
5614
23
10206
10874
7053
595
28235
82
76
3667
16624
7
31772
17522
83
80
85
44
7118
51
14427
16403
35
91
95
8383
7462
96
848
55
7127
54
34
51
30225
1458
6605
34478
77
2934
2611
134
46
34
421
27488
81
12984
84
7456
100
42
4828
14
83
36295
15129
21
14172
2404
13952
48
2377
16
25
27
78
9
22701
469
1168
42
69
86
1486
7
59
9914
88
2460
7032
95
30506
25
3
4025
20612
39325
16488
9515
8
54
13478
54
6316
13010
11696
15802
40454
13
10400
66
68
1281
4579
31
1375
6
12890
31338
34
36
2115
7961
21158
52
4365
19114
3710
13547
1622
1482
91
17903
32709
1566
59
37
51
14518
93
8195
20
58
88
45
1639
71
1492
26918
34
13324
7665
19
5852
5045
60
10190
8978
8
387
18186
14
34
5287
19986
10214
2287
2
98
3609
21861
21911
22
70
296
49
94
3664
11453
100
46
6876
41
6139
64
39468
24931
4750
16
13
45
93
12863
72
13
323
10
3383
53
32
5350
48
43839
3285
16386
30
95
67
37441
26862
19984
35
15330
74
35
38
2653
5726
65
40583
49
99
12544
8
41749
49
62
45
15
21576
77
34726
34043
47
56
6359
65
2639
593
56
6711
9658
74
71
44494
16
1986
31247
2
462
11193
43092
42
4098
53
159
2258
4231
28
49
5381
54
38318
3
237
43
73
81
47027
25
52
22569
75
26742
16
8
59
16499
48050
79
19717
14922
50
40036
48944
11690
94
76
88
7
4153
9403
94
18057
11722
43
7478
64
30401
53924
6829
35731
27513
82
101
1839
1995
16727
31
5832
33
96
23823
43
65
88
7020
14287
23026
31304
10855
4300
3947
12618
1
23
8859
96
1527
7
61
82
81
77
46
15929
6169
51
21877
17899
86
10143
48
17522
48
93
1874
25
26126
38873
85
63
76
19132
96
32
40
34070
50
4882
49
11577
7594
15750
55
90
8203
49718
5
18116
1
39154
5846
43326
368
12
4631
52
90
4142
3598
45
33250
16
50
60
26086
7
17
22
30602
53
81
20999
30829
7499
57
40
9148
18177
88
26684
17
10
13500
19686
9
52
33
26456
10
2
58
3709
14
21
41786
23
27
1380
101
33322
322
98
3681
3389
27
16562
27890
97
85
51
63
49
57
854
34
42
47613
7
1320
11984
55
16648
9554
33809
1933
4
30
2191
11008
9
93
12770
34
7
38
7085
14452
26127
41
27731
9296
25812
30587
7818
50248
2141
36519
10404
1464
13069
18
27746
48
78
44
56996
22507
27
3584
1440
48
97
40544
9407
96
95
28870
265
5493
441
1834
1160
17778
6739
57
99
2007
22014
2
80
72
945
82
8
30
85
8215
79
29401
648
97
74
19973
41
2226
5314
22
19363
22021
18672
7
25761
27
93
10593
3173
20
49149
67
31
27380
2200
22447
23
49
21211
58
5405
96
6957
46
28
28323
27
55965
13012
23267
11194
1
78
81
24137
98
485
42922
46
3
67
27351
38
14493
29
36217
41
101
23722
32
5835
22249
6939
7
22355
7036
1603
4
14009
1974
26211
10
27857
45
7126
50
8998
75
39
2
96
4279
14
40324
13574
37669
100
232
3
2121
26301
3123
1612
2
15
82
2304
18411
50
36
9679
2
23
21920
18475
63
34
40
11
11230
13764
25079
77
61
14556
18
18511
74
19072
20702
21
5061
58018
31
30
10
9
19266
21
40436
46
8669
7993
6608
542
17782
85
29
11530
100
50
27719
48
1027
22
8780
55
30212
16855
32899
36
90
8782
79
4
36
9810
23947
71
4535
35689
25
61
17903
3609
69
4164
84
99
98
12155
92
31308
15
83
76
12
18432
49063
1139
1532
1185
2016
5772
3641
28
44
46300
30997
34
7881
9651
17372
62
41
28636
3714
33
69
9257
45
12049
29770
34724
27744
22934
19
12080
27211
81
47
454
9496
9
3044
18278
87
307
45
10088
23
18574
13847
36
50
81
20228
8
9
66
36
20
14
11236
25685
32767
13754
30
9117
39
3385
1
17925
24316
44
33869
62
17225
12177
4
3457
3699
49
3141
24
39
1
72
1
3
7
8
85
410
36320
10558
57403
66
23
97
85
6821
47
19555
12155
43
7
13
11
2119
50613
36054
24
31
76
95
56
11192
23020
24484
199
16945
9011
74
3
14
9854
5
93
23
7755
12133
31325
61
93
8323
681
15
2
40
1711
79
737
84
33
50201
45770
1739
15
3238
3
11032
2552
73
50316
946
93
971
3922
16203
10
54
4
48
7
90
96
43
56
459
11628
3378
26
27
5335
90
84
38275
8
4825
20
75
25
39028
22098
15111
1833
103
67
19211
16405
13425
1027
40
24102
67
44678
8699
40
95
6943
8620
34
24254
77
77
71
20
42
26025
9286
28332
82
28578
1525
45
18801
24097
11931
93
16
24411
5
14311
19272
6
1
58
60
2
50
26547
64
39
14028
74
51088
6530
13
92
5953
24630
99
8
5453
20
9622
25487
14676
276
1503
29357
73
1160
50
8
29
68
5
15514
7408
15663
1727
59
78
89
22
45
16
12
26
22
13
19738
53
102
87
48
102
64
7611
18
44
19
33
30873
8792
5
34
31
95
101
26
8322
745
6
5596
659
72
96
69
348
26355
6928
73
71
7256
11739
10876
9
61
7178
6949
3048
16778
6163
35112
1909
60
10
91
13
7033
6268
10162
5608
19707
16
89
2121
53
3090
8286
31
86
19989
37
31255
92
16036
18037
27685
27
9877
57
91
44
12297
41
61
8160
9095
2666
26
23822
13259
90
20461
72
13161
64
8956
59
72
15208
102
2515
7718
7962
6648
3702
2553
2669
88
8104
79
85
19131
4
27500
8
9
10455
36
25625
92
36661
4659
63
49913
53
19
10968
19
30
30179
3445
19360
7990
21810
71
4016
25210
37225
50040
1
79
41
90
12
30
117
4195
87
43724
82
78
94
12354
6550
14409
16274
50
41868
43364
15828
32
19955
4421
57
22792
32156
2274
89
695
78
33
84
35
79
1
27
5877
7
43069
28
28
8
5938
30173
2884
42
2270
8823
77
4
10749
19084
4754
3301
1199
29475
36
19
21453
68
6545
21916
11177
5478
5954
33364
20
67
55
30205
40
32849
46
23146
40
77
30
42129
9143
60
51
24144
3
7447
11
23
60
3006
43
2059
615
18872
5052
27101
8
9132
26
5
4600
38032
40628
3856
81
44
20988
62
12172
6954
4966
13494
17
99
16076
824
13203
30041
66
53
33991
6372
1905
19857
96
40137
21564
8406
7146
2205
13
49736
2795
1645
14948
7374
515
96
6597
78
14
78
31
34191
13102
77
34947
42136
2136
81
226
43616
98
37
11
36
45
355
13
21340
17848
6349
15753
47
48974
66
11327
8376
38
27405
4804
2700
1357
19100
74
51
2
3537
55
42016
83
36
33
5
74
10047
33
43
917
16163
527
10387
1912
4520
306
5196
776
54
17
11243
14
8
11742
22
14128
15753
15046
27
78
8209
87
35
42
36118
39
42
15429
35999
1525
18690
37308
4702
64
180
11
99
187
2768
44
100
501
11
94
7482
2060
23
17774
33
46
851
4556
27962
13880
17743
100
5482
28
60
75
1139
97
3505
5442
115
71
12537
29
27
79
816
28393
5809
5
676
96
91
3
89
74
21776
15091
58
4369
73
1094
12979
3540
17316
11214
807
34596
34
14633
5658
5056
75
53
4291
2
13458
62
15139
640
61
3
41756
101
58
1192
37
25538
1044
339
30056
74
5889
25
9502
97
29
50
26089
817
3669
42
82
36
91
75
37
42
91
101
17465
3
690
28286
422
36191
1335
16807
6
75
73
27
456
10253
10
14474
71
22
40
4942
15038
2319
10017
13218
6195
47
6
17202
11550
404
2
27689
77
24659
5
17174
7194
8385
25746
6154
79
34
4127
72
4277
349
26743
29879
26
53
14
46073
2743
4116
4936
55
86
49
7633
24
27
30
1051
23
93
13211
718
8116
4
30392
41
100
12572
1847
1701
8708
99
7
54
11
43
9
85
11
100
93
81
2040
25589
77
3517
82
72
3970
1322
2
99
2456
99
9685
1131
54
15
102
2666
55
81
3316
35
72
96
63
607
52170
1799
1804
15338
81
19371
46
19228
221
13377
92
7752
3038
16578
48104
9090
32166
31560
59
66
3059
82
2824
41
15
2726
6265
1038
22037
9671
99
262
18
50
5655
11
13363
31
40954
44
60
39556
9744
20496
65
16862
40
16230
89
4655
1752
35324
71
54
57
73
54
92
1
1920
9090
9649
14
13
190
25988
997
20258
10109
2988
68
33
494
23319
31140
7410
51
41
2167
145
9234
3627
22
32732
16
18
29984
28542
21804
10
23122
32
15970
5562
82
2766
41
15328
4113
30
71
36381
7
141
92
13121
16
1650
10104
2784
71
14009
28
4982
11958
96
54232
1590
64
20053
92
6754
12604
3682
65
67
469
36
44
5796
62
99
98
81
55
24774
29
24
9
66
98
15833
26
98
20
994
39491
53
22
6
41493
15
15762
55
3917
14
3275
13485
56
25
14677
19482
30
12125
21049
16503
5329
20056
13425
8
29
11
66
29548
6570
31
17906
224
26
1897
681
2452
94
1906
89
81
1802
47619
13818
46
31777
12227
26
84
26246
3611
22445
361
19
31339
54
58
2996
11771
8
15717
96
11239
8
19
6024
18
14250
54
55931
18
18
19513
10283
21179
13080
2569
65
21
31
19987
13363
27157
86
44
92
23106
99
2965
27
91
99
15355
27482
73
4
26199
96
1001
19816
88
53
27
16136
38
15171
55
90
7400
25194
80
29506
66
43958
3488
11895
1
56
1
36
46
2083
591
19549
7187
8160
19109
36
4755
90
49
21
41883
1109
54
144
97
59
13259
47663
54
17945
36892
6677
101
23
8
94
62
29397
68
96
41012
824
7477
44
20261
48
33
78
38177
8651
8
1263
26014
6744
4138
59
10397
18033
37
3
13
80
31064
24
39909
36441
8705
1067
648
42
18
4297
6931
38
6221
54
65
38422
51211
19
2821
86
14
97
272
4894
7394
31777
60
37797
3039
22697
3441
6383
21436
66
77
42
52
5918
6429
9276
75
13070
32884
11
63
77
4811
38
1166
9054
7458
25
38
28298
7
48
31
50
100
38310
90
89
21342
1230
33731
299
84
35742
3056
51
97
48
2
52
5226
51
33
33
24125
34001
219
16
1
66
11540
44670
20726
95
3471
86
20840
22
15567
78
8
17367
27965
11
29770
10634
44
7038
55
10173
3892
5
1356
4088
52846
142
59
39
12059
10382
85
9866
555
60
41
53
3573
3043
10
59
64
22
27832
18627
18
58
16052
2473
28
2051
30554
83
22
12154
8890
18750
91
83
6901
98
35882
10284
72
47970
35
12038
39
48
10392
13568
45
24
79
23611
76
57
28
2
44535
6241
3756
20284
18258
14123
13072
10884
76
20
52
48954
23
6072
19485
83
52186
458
20977
6076
50
23295
5840
65
24652
70
82
51862
17
31
85
82
18677
3200
17286
42945
295
51228
6851
9084
4795
34
4513
19787
19563
2165
18
2509
27470
8
54
12491
28798
2056
29861
90
42
49
2567
3979
1150
16924
96
33
52
38
91
81
40
42686
23760
83
3
39
11129
89
2144
36
153
26
34581
31014
38
72
18594
9
8253
4047
12697
15
30041
68
19173
18
19663
100
24
91
2175
41567
18100
2144
4955
24
4114
38227
5098
40
87
40304
3276
9958
65
83
43
34
21288
42
34359
16
57
21987
4945
71
25
76
27594
24056
2605
97
1485
27036
15958
2170
22543
1555
90
21
8857
17715
3366
11203
21430
89
17368
5379
77
75
22934
98
8429
482
5
26308
27682
8700
2569
44279
830
11842
100
63
13
51
43242
77
51
36328
45
34
31040
64
65
76
4640
59
98
84
24088
31
11096
8047
25611
20390
316
205
1
24187
22
5711
54
7098
9742
94
24816
23128
47
47
87
26
54403
88
281
39
2095
40415
13
50
21177
27
16527
71
40
30154
5808
35
72
20864
10
13841
48641
43873
46038
1024
70
79
63
11368
46802
8250
11126
1694
15423
23064
6
20395
87
2627
275
32159
44
27
32736
3460
25956
24705
24
73
101
47
8264
2
6370
11
47
71
52
19
21719
28906
41
3882
76
40
54916
15827
14488
25450
10
38
10229
175
63
67
47
1882
18009
6
1
10707
45
5754
45
32463
30
36
13
7321
52
15400
261
7092
158
87
45
15
31086
26044
9
25
29
8108
2
14
24997
36
1046
34
3985
46189
6462
43974
41107
2368
4098
7662
3165
19260
1923
3006
34276
310
3484
15848
92
22
7
15424
1242
12
22578
96
98
43
49
9641
18
15368
13042
36557
10367
10128
44129
35578
25
11
15302
5203
40500
49
93
12823
23792
83
26343
19118
57
72
1699
47
10299
18
19483
17535
31875
13083
42
28774
31
7403
74
13114
16712
36
5131
61
74
27
33
18467
11
28770
22912
20
1818
28990
9
16545
2014
30
24
36024
4809
40
40865
11512
15254
38
81
12
8484
89
12184
22694
91
1
20
8670
2819
6284
29200
9472
19672
7369
2237
22025
18108
7621
65
14437
44424
74
37
42
74
17
34
7879
66
9853
47829
3715
1989
67
28279
2050
20732
5938
49
9370
1349
2607
2
13
15183
8736
73
82
15418
11
32787
77
19
95
56
11071
36
2596
55
10139
39
25
18
9038
35
8931
4
27
51717
3
19696
19433
35
2
53
39570
10887
2246
9707
27293
685
54
93
2985
30872
29741
19061
3336
2659
12053
29647
18883
50
31282
2408
6764
16502
22572
8249
42
10307
18843
4776
54
17
5949
93
94
70
5776
30565
10588
96
16
99
81
10929
5874
15165
73
609
6135
6517
64
62
49343
45
544
294
13
29490
3734
48
49
28198
49196
5695
11626
15
29
17
3956
438
2206
410
52862
4072
8307
95
36769
37760
20167
13
33
24375
3419
15
3649
42854
273
10
1327
57
71
4
29
24513
44
67
28732
73
62
100
5894
17665
20884
2971
14
39
23647
4
27042
378
9684
29849
60
19015
20166
100
52459
4168
12854
61
46
95
79
8859
98
67
13237
47
5156
5917
19559
42
19
44
15
53378
76
41
6079
2903
15071
3073
30224
18642
7832
26367
28640
16
5675
53
5293
2
11
35688
78
335
19
1
15793
1468
25
98
44119
100
42776
26
39423
67
80
8634
12320
6620
16
41
842
14025
7195
48278
51
42
4583
6
8181
79
84
87
36
4892
3430
43896
13057
54
9336
42
33982
21722
52
56
330
29
8679
39
10952
1795
27
38725
11246
37
2329
36
8646
59
41
13
40
47
22
83
20237
47
72
21
5
4666
24
11518
64
616
15490
101
2317
38
30876
64
21065
77
10282
11269
20716
6662
7929
29801
4096
43
10796
16642
98
38
98
76
5609
2006
12
91
14438
78
96
88
34153
25
13328
25568
16
86
6589
59
49
43363
83
23570
101
20
491
230
22489
100
24
44
24853
2064
17680
4473
3
37790
3989
84
23364
94
14
81
100
81
49
20
98
2584
1807
4849
6596
40
80
3096
23648
4963
94
7
55
92
1313
3027
44
10
43
15625
8526
11754
37462
60
79
992
25601
17072
37
58
45216
10855
8493
3601
13472
11
75
56
49220
56
23067
10244
25
50557
65
32294
20
25998
5943
11
19146
11045
51
29336
64
101
86
13052
73
101
7784
3467
37047
16970
45743
3340
16
88
20
2391
45
98
4194
64
13562
3031
7
15627
18336
99
6678
45301
2731
23
40381
6659
18
42
225
6502
67
32443
43
80
36
17103
91
64
22
40779
65
9147
42497
47
665
26278
48
25
63
15212
2559
15732
43
92
19
31
2340
11151
9510
12541
5150
1748
5012
18922
56
99
35
20
9
12184
9
14469
1390
19
19482
14
10115
34185
92
62
23166
10137
42
98
78
1860
13110
100
43
21
4475
89
1352
60
7929
59
46
34
21357
55
51845
86
77
12232
3867
10148
15728
2347
21443
46
17754
49
63
189
101
11699
37608
5632
4511
62
20359
68
21
1010
18542
26
14341
81
10019
9725
8740
16737
8
50
17882
45
6078
93
14317
39
39
56444
7175
2216
62
56
3430
98
85
28
5071
27
65
101
569
71
4532
1151
7761
90
5
56
1605
39141
2
591
69
67
91
675
54838
12
17
79
10799
8098
91
2753
11202
7
19283
46
14580
83
1003
47661
8
81
12520
2509
10000
37
34
75
3711
31202
21026
3762
6488
48
36
8882
453
29687
9058
85
14231
1244
40
50
2671
38590
22
76
6648
200
27889
21360
78
50933
43829
77
13522
30168
103
17524
8
1219
26963
66
3009
1064
8128
87
82
27
18560
86
5532
14483
4974
49
11
73
1753
98
95
30
27064
96
1358
18283
8843
2
26
8
23185
34116
14066
40908
13
11896
37961
87
28
18452
8503
23872
10854
100
10375
71
79
22221
7415
11
22944
16448
89
20452
77
45
49391
7
51
19701
15633
2111
92
40585
16176
18
13671
59
52404
8110
17
87
2321
22
75
36657
31749
36
68
1766
21815
69
1786
85
35
25644
12
78
1794
3897
12
23
9
22
8636
27006
57
101
85
7138
40
5166
34699
1980
16550
18090
29
33033
60
13239
51019
31756
26257
12733
12
27
20869
85
90
36371
69
15144
37677
78
89
7647
13228
19
25604
17274
3248
48
78
22883
13769
32210
66
817
9158
18
3479
33554
32622
26751
2103
102
33
170
745
28
53
86
88
49
16953
57
60
97
14
15575
15
80
7989
15148
86
31
5743
40
50039
4138
22
47
2547
6998
29690
54
23889
14594
23
66
41
5548
2298
87
88
9873
63
7930
4220
95
3452
13
2624
4420
13330
18888
8
45125
9518
7496
9
17193
15655
4
53627
4761
21548
57
6
74
44583
20
1232
16790
97
95
11462
4621
5572
82
3657
87
31
24191
17
29
70
71
70
14
7652
83
72
17
81
17
50410
57
76
17970
4455
70
20473
7865
8
93
36942
9108
19879
23470
53
46
6857
60
31
94
5107
32
14
12953
5843
54
1
14344
18
10322
21739
37350
22244
51
17581
13291
8
18
16471
19449
97
21592
414
960
10
7232
1623
87
2634
22545
102
34089
2219
11
40236
12
628
16762
11769
4646
31087
4410
13301
12440
10735
1459
6803
23537
44507
11
24207
15
7094
46160
11097
13474
25
95
30
90
4
4245
2371
96
7657
9
31562
14013
5854
7518
6447
12697
2153
25
16821
124
5255
36626
25009
26098
1
73
23
544
6621
29993
27076
14289
3544
48
3833
23653
21
12952
67
11413
48
42542
92
31
22298
45
16957
3983
47842
10
5932
4783
3054
25113
2731
4630
33093
29843
53
3080
13
100
101
22895
5506
36
43558
8650
37409
62
9631
9002
24653
26984
1
11697
30882
78
91
79
5365
36
96
18762
5449
228
40536
91
7793
54
45
88
40
23859
33795
94
8
5479
75
19576
5786
84
15769
13179
20
37
52
24
96
83
37824
29827
43
11078
15973
22
15926
14
13688
73
1412
6409
44
8231
11874
13167
40591
13024
15
165
3475
27018
95
35
65
4205
69
48
34945
16454
430
68
39
43
29739
46
24
67
12348
13
64
81
14
36470
55
6039
46
7034
79
17
26499
29222
21005
23
7854
24376
79
72
19
43
8
14502
53789
38
4376
37981
65
13579
38
9828
12224
79
75
6621
49
6
2074
7265
765
70
91
11673
5567
33
16430
37
1303
1346
24
3271
69
13
6
29
3780
39385
23061
5955
25211
77
52
26307
74
57
29148
19282
5735
30352
85
16107
41
1
21
15791
11509
5
22305
15230
48
153
46
16995
48
76
12986
17
35
28
65
87
45636
7061
3103
10481
36
27
18767
27684
46
45
16
21280
18127
4009
51
56
5862
3297
22242
17014
7162
66
79
43000
55
23
3343
9167
75
24685
18382
18411
14
354
43
64
5009
15
40
30
99
19
11105
53
93
32722
100
80
18797
9327
24472
3219
82
21180
30784
19
24170
63
7164
95
23
31
7255
3728
63
75
15925
15505
14
22
28688
16421
11366
18780
55
3643
13
23328
34
2751
13641
14443
24417
72
13
72
52543
14345
154
37
15610
27322
50
19
1
9147
25633
12063
15701
46
18
10066
2
47
15645
28723
27880
25
46578
37
16
13425
52
77
34
24220
75
4086
12
85
15613
90
21966
2491
22909
58
12259
84
6042
37216
2390
691
27
8537
9
52
29160
18017
20110
39
5305
13469
86
22491
13831
8040
887
22288
6455
70
22
5784
17192
3089
80
100
24620
606
65
16747
17
6
72
37
53
2704
5046
60
10
2090
87
32449
10532
26
91
21
12176
11
29964
4
68
51
30
16437
75
509
19
23898
11423
1148
2096
10572
53185
4823
76
38
2813
2312
52162
64
6030
2215
61
3525
6192
11657
21759
62
53
197
11276
36320
22
82
40936
1090
18797
14704
67
2742
3276
56
38166
42
27620
53274
20174
21927
4333
35
27056
59
80
45
101
7797
16590
33362
26
32
16798
36139
9017
4655
41610
25550
61
22236
65
17314
731
82
18089
30921
23207
33287
34087
28
20
80
5643
73
14
46644
8
43
7003
93
92
2586
92
35
64
94
20090
3916
11548
4198
102
2047
15561
590
6203
60
78
28
848
15493
956
11
42
2039
2664
73
32764
68
89
12118
63
2129
1708
40
1467
20
2919
25732
11857
11527
92
55842
6314
53
97
17637
15058
92
63
1285
27833
74
60
26971
65
12372
10957
30620
26442
28779
17
5108
52283
3149
100
776
20
360
16
53
15
25546
93
1519
18131
41952
54
3851
73
59
8263
25100
1320
12
14600
65
33905
1657
9429
2828
14
13271
18520
3641
11715
1457
68
46734
53
2088
29632
7494
8
35055
28446
8542
20210
1
45
24529
19432
13212
32
51
94
31113
8624
18364
29668
54
47
33625
25435
615
192
92
12842
10228
45181
73
26063
33
35149
21316
38
46
67
18
45380
13
11
461
89
17
41
29859
55
43
13077
86
20
60
89
46844
66
2307
17523
2906
25
38208
4627
2118
932
70
81
4727
25605
35288
29
36471
14958
10550
19839
13428
44
37
70
9355
100
17142
53
85
18
86
4010
1042
77
23179
8058
39
65
9879
90
87
29693
101
100
9317
18
100
85
41
16
28736
100
46062
5308
96
27
36
12811
37
2600
48272
11154
71
51
8461
24
35775
76
9876
48
43
895
572
40
25
19635
31
8
83
6
52
27789
45
77
59
19107
82
1961
3157
22
4378
31307
46899
1284
10401
17470
11902
8957
249
87
25828
16
31
6752
3252
20817
3372
2549
10826
52994
4678
45883
24399
69
2640
2362
2537
2371
9539
48
52
29302
70
4038
36155
55
13293
75
21822
37
73
10012
35612
14611
58
403
63
2838
2
461
42
9401
86
32234
82
67
30
21680
19
55
251
85
90
13061
31
55
97
18283
6
16
10558
10118
93
7
24478
3172
79
20936
85
10
32861
1
47
62
33171
41
3537
21470
46
25990
11743
8207
45
85
48
12510
87
12
90
72
42
9
24642
30457
28
14057
14
60
4370
6755
19002
20199
32
16991
35075
140
51438
55
14500
29
576
29529
13140
4610
18
19920
6690
9036
8589
8778
847
9996
28232
13604
19663
4550
4010
90
51
20752
1655
4881
80
6961
14606
11
26
8317
9319
7
23586
90
28626
98
49745
7102
12458
14
493
40
23670
5752
4156
10
14386
29172
57
31868
11
30
21036
7440
20344
64
52
57
13
54
12691
2604
10940
84
39
51
27655
10
12181
12
41
21
42
13
9540
59
4
22560
8457
29
79
100
2028
23073
1941
18
79
390
3
21011
3680
18059
96
8178
72
17638
16091
28
5090
2304
11269
35
11
23
1251
56
46
10014
39
1302
50940
1022
33159
91
24418
12323
1027
9
253
20885
22
3963
92
92
94
73
2508
99
4658
29608
39027
2
31497
2203
7291
16882
54
70
5384
7950
44754
20033
79
40
66
37089
85
11
13277
95
93
61
36856
35
7341
26339
15434
5356
4554
40
44
3968
46
92
21164
21221
24017
6075
16817
29390
82
1259
37
4
30316
96
29323
14
12240
11005
31
63
6389
51
472
41
3508
6486
8409
1202
9
6388
5544
1701
6523
4632
21246
3521
84
27
14709
87
12
18100
83
58
99
940
8087
101
10419
3149
50
39
19
902
20760
40
43161
40307
16788
34
79
100
15366
4
101
8080
54
7734
15438
26288
32795
8616
3182
13
59
45
9
36
6426
22748
1349
96
12043
2133
14695
3474
92
20596
93
40510
61
35
8263
362
74
5354
5254
40
48
14417
88
620
82
6
9976
13709
14162
9169
15662
9268
12
74
14
34
27
33
42
10982
41
19407
41
859
6947
21
24581
92
1521
79
22518
8884
44
716
14
35495
50
20578
74
47874
7
10060
7046
451
855
20
2296
42566
45
10235
23
28837
29
2480
59
10273
54
19805
93
39
44288
100
29878
4675
8044
11027
17660
87
14749
32
2395
9460
21675
10373
5158
872
453
1439
84
34626
21919
31
62
63
74
98
13
62
38
21954
31104
5
2856
39
3352
784
1055
10493
8
43227
68
56
28
2424
59
4
17
45
7214
11557
39982
75
58
44
8494
20
29481
18046
23191
39809
5020
11528
89
35
11
81
94
41256
47
11441
25667
29597
5551
52
4153
89
15613
9962
72
68
408
6113
34
486
49854
4
12
7781
6828
93
376
10536
23499
48
38415
34916
4622
4538
11185
77
15679
99
25
1231
40485
19
73
1
42818
32
34842
6045
56
22962
28
1896
36332
59
95
55
75
49
89
2565
13458
1250
8299
90
6611
447
8900
9334
9
8901
91
10107
57
3411
2937
23687
51
51
6806
16
11622
2794
61
18839
30161
12
17123
98
31580
966
34438
68
1158
205
20798
9
73
2449
4515
1953
35
49758
42
96
36857
4110
404
48695
21
24
109
88
70
8252
82
60
5924
1211
1106
3199
25786
33
24
67
33461
19257
3
24820
12186
30318
38
40950
14447
58
13
25019
52
56
13512
3
23324
65
24
43
17
65
55
16387
9532
2
32566
12252
73
22407
675
24247
91
8146
4962
5984
26
1224
951
39
3932
37
99
35316
33
864
16459
34
1266
25
14228
75
60
13327
42
50
12
15
97
26
55
28251
10
37
82
45
45607
6322
14
34
2242
13265
86
23
101
80
67
18
37108
16876
35558
12
30
22452
5187
461
11
5638
41
44946
42
14221
23994
49542
9005
421
9958
10894
24670
18717
57
11203
2007
3
11125
4113
43
37
72
8
9458
19206
2204
16213
46
209
7442
11712
79
54
98
16333
9
58
2503
32491
1038
18
11594
46
3820
3
27285
12305
58
18
4241
8184
26593
12003
31644
490
7611
13950
6
1198
51
13563
53
77
5
12
83
85
28
63
1285
72
41229
62
36278
23423
13450
9122
17375
13114
84
44482
32711
18731
13565
3172
99
10080
81
3
12696
25002
32
58
90
3581
85
12581
9518
47269
31
14935
26
48783
24103
50
56
2
72
25
92
11157
22854
21552
19577
101
6085
18800
47
55751
1237
51
45
19173
33989
28
2653
76
27386
46
9198
60
1257
51
37
13396
43
102
29984
72
80
19
2535
11727
64
84
10009
47714
59
96
1720
19
71
28878
3326
28
33245
29
75
48284
2358
2
27986
33
205
54
74
9776
16264
5
34780
27965
9638
5261
30
49
21
45
3
47
8
78
27708
1396
5540
39339
62
12202
91
36
54047
74
73
2431
43
86
6
92
94
98
20982
45
73
92
9287
1906
6088
651
38840
82
4516
85
14666
6409
79
67
1951
1225
1050
10414
87
25
13918
76
49
52
65
79
23158
45
21
29956
3210
57
70
799
65
52
38556
27
52
8170
18
86
63
96
12470
55
31
47
3405
25
12346
22
790
2985
21174
33
4219
3962
2518
13566
8007
17
36
92
12902
17
4718
39
11
268
88
6
83
412
27069
2988
48
39436
11310
7225
29775
837
86
7
48
34478
12264
3624
20
86
1686
5
2518
73
9489
8769
12
1957
6245
1
6525
73
40242
29131
92
15
1080
36741
29126
18
30
90
6662
3794
22964
14
16467
65
13
21155
87
10
82
634
33
41309
12927
42
16041
13634
63
31928
98
1515
64
9464
1799
22833
98
11026
101
1270
93
55
53431
5584
24527
8
9440
18590
4585
88
66
1557
67
808
8960
5612
17205
51656
911
6005
75
6066
4913
91
20115
69
24564
6382
35872
6302
10285
19
23312
9267
2899
29546
15643
82
15938
70
13
56801
37
79
5355
18
34023
68
28
27901
83
92
12446
21511
101
7058
12233
93
10016
100
6804
100
24
25637
14
25
20946
31
29822
17079
24889
4424
71
86
10367
28
33517
50349
32
26
100
67
33
53
209
19
9158
11024
71
54
11
17023
34762
100
18
83
10367
32636
14
55
101
4
10672
70
71
31118
19763
38
19383
98
13818
7007
23
16330
49849
44
74
23721
860
4752
10451
28
30
1090
50388
10653
42250
8894
3557
1397
1591
34076
24582
4
4212
315
89
17742
74
18
66
34901
15516
55
12568
10666
47
66
13671
5089
87
92
74
22313
21694
9414
2
5
15164
42836
55
13494
49
65
19242
87
52
73
6200
45200
43328
23435
8578
22429
50314
1755
8141
128
32640
27
29173
2048
46783
38
2625
29
44315
52
1506
26068
40328
89
291
75
5130
96
51
45251
24
69
91
16195
48950
84
87
37
563
6735
574
17228
40231
85
72
67
12727
506
79
15645
95
21218
55
30365
70
2751
134
20
47
30420
23759
23454
69
14841
13614
27
6301
30139
14
8
300
6931
2474
83
5803
75
84
3548
5342
36
38
3702
2366
19066
46
90
239
72
32
1819
85
3800
25
4307
76
42158
23440
33
44763
92
76
50
12678
52
3575
11593
43301
79
19995
32
1105
16
16874
18832
15589
92
44
95
54
67
96
30040
5365
14978
15
64
28
5063
32
21
404
27847
31
50
15925
82
83
10
2682
29
18266
28276
19
51
85
51
59
57
77
33836
34530
48
49368
86
2639
23
61
102
84
48
29
31
11445
6684
11
19809
21954
55
11938
3665
39
45
7046
58
2727
75
6
41
16
15
40
14520
61
77
21560
31
66
2374
60
10461
2
19612
53759
33707
34
25361
61
14399
15503
46
4102
19449
2200
77
8243
1598
95
42
3
32036
17490
116
75
97
28
22133
10
3119
81
9278
3976
44711
29974
79
21060
15
46
23995
97
3507
12034
16984
28
16759
71
4627
77
14633
69
14
42967
10665
52
23352
5480
91
2456
54
36092
41913
22
9529
57
26414
89
73
27748
4211
38237
14595
6620
63
46826
30960
19043
2026
12325
10335
3552
6
23
53
12
8031
11847
11
2332
96
18
43
79
14290
10186
10921
12
95
19221
10618
93
85
88
1904
22
5196
26
101
50
47
3017
31
56
1691
32
79
28246
41
377
24
24859
1073
58
970
49
52
87
12
91
10088
14408
38963
8790
18701
32
11940
1967
30
31969
4652
5078
55
21115
39
3969
26512
65
18128
27078
100
101
30219
22900
54
42144
86
915
25608
29
9188
40268
5033
98
29163
78
1270
53
37146
6318
20
74
12243
16618
25262
6746
113
16424
2
9
33
2979
17882
46
82
28347
24534
43143
1592
19
33026
22
26
96
89
80
9068
90
5
53377
2598
8197
69
11767
89
46570
7229
40
19253
15243
49
26
92
74
36
68
24
8740
92
30903
13459
95
3529
4
21
19
756
32748
32134
30689
7424
11987
13922
7056
21563
72
3783
28227
23712
15383
51622
12502
28
21895
13
89
15278
42
41
9
38498
24
42
2038
99
47560
20476
80
58
13
20141
12358
31
56
23612
73
150
18816
98
24199
26390
10785
2643
93
67
97
87
7
32
9294
15
83
104
30
35154
73
15399
10760
940
31957
1
12
22
24
33
80
99
20812
61
98
8199
27116
72
86
6853
126
17497
8
5317
82
7899
22015
70
96
17
38
35
51
22545
58
4154
34
9985
19275
7331
1
4953
15716
97
7
2561
74
31
85
100
409
11746
24489
28
10257
35
94
84
2
9342
62
8813
19
1879
2564
33352
86
11
38
8064
49351
43
7047
31341
28734
81
25677
35
16750
46
60
60
68
99
66
85
54
13589
3
54
228
19682
6
65
22
7495
38
35759
43023
25572
22698
88
88
24371
56
45493
1305
28930
85
16643
64
82
66
12468
1501
7373
157
88
11
2889
35
42
40
70
63
3107
44
26
78
12588
74
10
33
10
1969
2418
28
18
8881
52
26443
12017
175
35666
8113
26
66
22229
5
84
35810
8574
19511
21921
1355
36287
21
18350
5
33244
6416
2
45831
4
74
5827
6868
29082
87
34495
97
35515
91
83
54
56
11814
29747
3835
36
89
5522
73
46002
43
5900
12502
3612
58
94
60
16968
1
22377
83
8608
27083
86
66
17807
21177
3326
85
35803
48
10823
554
19025
2446
47065
14906
100
14004
22452
47
7783
16573
102
50
1341
93
19
7664
5900
14
3670
58
29512
78
8880
95
3068
66
18917
63
52
4
98
8075
23
2
85
14491
13245
94
70
26
45
24835
7442
20444
16
1827
7037
14038
20
52
48462
33799
22112
19133
55107
14067
8032
2850
26877
3710
1187
3450
32497
8800
8810
27687
89
17042
27108
24619
29272
180
2383
28515
70
29
16
8319
75
8780
41
7735
18
24040
35
1653
40
32122
14012
8097
14458
7926
3726
18
6026
73
27339
16976
7346
48
35
12
30974
47
32
20303
11194
34
61
10
23166
1638
30
68
76
42
5070
6498
17961
4736
2208
17844
91
702
11953
98
21140
24858
2182
6815
101
31765
11065
28363
55
87
10
42681
68
22389
78
15152
7162
50
64
43
3052
13590
7
95
26
10414
1571
31570
85
74
100
71
72
97
88
25877
11976
61
955
2402
63
9
102
48
55
7502
20234
19
828
5627
16763
101
1825
68
19
93
19359
386
10
21249
7
18
12
2
10
77
98
18612
23058
27163
35302
14
96
10517
35
6001
31
57
7822
9737
25952
86
1353
16924
87
16640
20523
1500
45
46
7394
5633
83
14662
27
2365
21251
82
8173
58
4053
26723
29
283
30666
4
177
12222
44781
35779
20
9160
8615
81
37
12950
34
18833
17801
2548
885
7066
10
50
19519
13
61
40305
14594
3097
17999
386
68
51
41
134
8145
4765
13111
39
56
14723
22334
35617
6870
42
91
61
6267
21729
69
91
14819
91
643
70
89
926
10729
3175
23284
7
12
2022
2590
954
16774
11605
41915
21719
93
1465
1451
69
7162
101
85
13606
17262
37
31
1915
652
6562
15
2400
25367
25
5803
35078
17
5220
15957
71
12927
29
76
18255
551
39998
128
53
5446
378
73
93
77
13206
14
64
5747
100
505
22031
9497
7041
50
1079
16306
47
4091
13135
21143
97
51
712
14
7693
51
33443
84
13014
29628
68
10
11997
51
27
90
8
1
43
9486
23831
18488
97
17846
2006
60
32423
16
11
3813
93
102
2897
8453
12
34914
74
32
100
16597
42
16732
6
24121
6
3
1152
2801
37
20
27649
21911
29611
4496
75
11931
29855
33228
23687
26198
4454
17010
1885
33335
1208
10
302
6145
308
23690
34453
41
38
50
3279
28960
35
6720
8603
5850
87
9
100
32670
4
5736
43
29926
4
833
5719
28
73
19
71
29672
88
83
11050
65
18955
61
59
5385
19339
22571
5
4858
1801
28483
188
17385
23223
4
6632
44
1163
995
985
53236
10306
100
13157
99
18261
10496
12240
39567
47
31329
94
27335
5582
67
2033
16
5505
41
4
11612
17
7116
58
246
5969
87
43276
37353
8957
36
4
8
93
18397
56
18
651
40
84
9142
29
60
40
9190
74
5946
21525
7
752
5
46968
10411
11206
44014
2931
11537
85
40409
14641
13211
63
26422
26672
52
8605
5695
14
76
8225
16478
914
37
6078
74
4230
33
65
12
31094
57
34180
98
440
54
55
48226
100
26850
8083
30
33059
65
63
14795
30
32
349
15581
10
54434
7217
23043
21058
19261
17829
9363
51
20657
55
4517
13444
9
83
7388
25693
15
907
10227
212
163
3381
80
20
10875
29
35182
63
1388
96
763
7148
83
15646
498
23
7719
15
2064
1
10036
47
7
7109
14423
18280
97
36129
85
5
73
33
20203
33
8905
11378
440
599
24255
6
8603
69
39
6
22261
83
2197
33277
50
88
78
42
10408
49
54
6761
57
33
6450
1
11643
1976
58
82
12272
1263
91
31
519
11192
38249
52
17
1041
25070
4879
89
60
45665
6919
42
23464
51
33
2235
17360
2643
19751
21628
52310
48868
5663
6752
2545
24621
13930
20
87
23347
23570
6726
46614
26
47
21
34327
1919
14720
8182
41796
6242
14145
58
12968
11690
2005
14524
15011
3751
82
24
29
39
3918
41809
41
11261
16773
1
3976
77
4680
89
34573
47
13847
4666
78
13943
74
100
2791
13
98
11328
4294
84
7402
46673
83
501
3992
29167
1322
69
20
23
7891
54
270
46
20543
18821
83
29
26
45
47
14
11230
22463
41950
62
99
55661
3866
7727
7375
3182
11762
22
29
2374
71
43
29
95
1835
94
2835
23235
13131
33
1850
89
22717
23668
18284
62
25952
3837
7859
22
97
5834
9123
13962
27
14242
4420
2996
18786
566
100
65
63
396
8
8500
16097
76
3147
26757
851
86
76
1808
87
14
7416
30633
3074
16151
44708
8456
25307
8981
36
449
34152
100
512
19988
51
2634
14
101
2413
12028
46
71
6138
11459
6991
257
86
33111
31
13661
21
4
14530
73
26
23059
68
39441
67
3999
8
61
41223
14
8899
26
74
12176
8
48
89
63
24456
61
15238
41800
31756
46
36
49
11116
77
20089
86
14821
9523
13473
14045
86
3701
10383
1298
64
80
898
944
5233
26
2298
10
16242
21653
14952
62
100
1877
348
15
21997
97
92
40
22335
89
26
18213
8411
10
1681
1374
72
86
2520
60
3301
12
38845
3170
13938
42
10996
87
66
93
16171
29898
27
40343
23529
101
20912
20196
2288
4061
3
14041
1155
8876
24618
83
54
2563
94
25449
44578
3730
30880
86
24
76
705
10445
721
5470
36637
19045
8918
33
37
26
18957
28242
45
71
56
33
8
2073
34880
43663
28572
23798
10916
96
1861
5508
8173
39498
940
5678
47
57
38
59
35
1218
85
5
5835
4546
65
17708
16
14694
142
23222
258
81
50
65
15
9930
1
19203
16171
88
4
11432
8
24141
17173
47
9445
35
3966
94
35
20550
82
27918
38334
15141
72
49
42636
3
48732
65
12785
1057
77
3318
80
21
89
80
35941
47
19
48871
5387
3191
32445
4
29077
95
6285
4011
40
43
420
1340
15
25874
22
13627
4991
6936
1442
3738
23546
11260
10129
8227
21
30229
76
10
51951
95
34
5962
12841
24765
22142
98
20854
52
74
42913
18806
3184
20897
32
10658
2304
3727
38
2155
20492
23696
49
4509
78
38
50242
62
834
5778
47334
22602
56
10
4203
69
93
47
82
13450
93
23
27
10687
68
49706
92
40
91
10515
2336
70
52
39
16384
13
1980
394
50
9254
100
773
817
7
10
99
4
7582
1562
18
5334
4205
78
11719
74
4372
73
3553
67
540
9612
455
81
54
41165
96
22
47
98
46
4
29
18
70
1830
11
12260
35855
32
24905
29
12
5656
19
23
5632
46281
88
15
14235
17
24
71
2
22570
6265
48323
47528
5117
91
684
27
60
13
7522
18
43
6804
36
18060
25
62
749
81
4094
37
68
4884
8
70
61
58
2962
4098
6330
54
7322
100
34952
18318
6293
101
75
51179
44
23774
15
53
7646
527
12
70
2674
13667
975
24690
7057
1087
93
10844
38641
34540
820
13707
1579
22
6819
78
27152
10
5774
7
31
90
92
27397
39197
24
12258
22945
6856
82
11
198
1235
28
5
52
207
1274
11685
14126
41
97
1955
140
9714
19
17234
6105
70
31
20
76
29
2448
24
1209
42687
12112
67
20888
97
91
26608
46
35
30966
28
39172
26
21
2142
78
10555
4
15
17054
39
91
8
537
16245
2197
23373
13853
30185
26186
51736
85
8856
5211
12712
71
8557
16
92
76
61
61
45
52
70
64
23755
21328
1388
2139
4
6079
23782
12816
26
69
5951
27939
8
19
21502
89
47634
6524
3196
83
42
24
81
2876
5825
390
99
3
2
47
1697
1072
41
45459
3394
11882
8
4522
100
61
871
63
62
95
1187
35
8475
24962
53
12304
527
13274
23
16
46769
1828
26752
6518
4495
7322
10
24882
8668
37
13716
5
14278
10632
41778
487
58
71
55
17112
17
39
38316
3643
34
19843
27663
26325
43
12472
10
1936
592
903
2235
11572
101
4182
29723
12130
25682
85
16320
5
8494
37
23445
97
64
2233
18
39
17972
86
29
24515
51201
66
10793
1211
5398
22
96
35
4990
6985
13926
34723
6149
50
3933
53889
75
24532
5345
8539
169
57
14895
99
22
53
17500
6210
11
6
15
61
768
8224
5312
22996
20323
29951
9325
14
47
21949
85
8453
51
7
27
4746
84
13
19
54
29759
73
10791
44
96
2616
26379
6448
6
15
68
48
10197
91
81
86
3414
17976
99
43623
59
9042
46727
3057
62
4
5371
3656
365
15245
8
75
20
15945
35377
14
93
89
23531
32
5889
19411
98
31755
7253
81
5966
21
45771
69
31
8
98
35
8442
70
34847
462
9507
33222
1350
75
75
66
59
64
6891
60
31407
2
5521
38647
9175
1176
82
2517
15
12152
10793
98
13884
35148
45
41
32
3538
1711
52
81
17664
49125
19617
2646
72
11
12262
1943
7
3128
81
1943
3029
5877
53
5566
20900
23871
11119
6620
20199
6546
20317
7980
56
4003
98
6311
12
17
5153
90
61
67
35499
25495
9
7030
45745
45
51
50
39689
7
2994
63
36840
8367
12983
14
20
27645
46
29441
74
18092
615
9156
30030
6721
12440
34864
3646
42925
16865
6485
34862
11073
81
90
24
40156
58
29523
32310
12
86
45
4893
24217
25
2096
25155
98
9148
4690
31529
36779
52336
3686
3664
18876
49
87
95
15935
39669
24238
3714
22445
60
85
79
7681
62
97
20459
15973
19786
94
69
30
4
2553
14
16915
32970
78
17729
42578
42
39102
7994
19560
79
11718
6838
65
60
16
3995
7124
18123
26
42199
10
1
2453
2426
43
43745
21224
93
55806
32319
1605
33072
10556
79
12224
92
75
62
20
78
17553
11268
6
1552
18182
34
20
35
6
60
17388
16
84
6285
8176
47
23744
66
4194
47146
31663
21
996
61
15536
13761
33
11821
879
40
22411
37046
71
8305
22732
1429
26313
24087
5526
9122
15029
3126
11
36
62
13557
62
34038
89
42588
7624
704
8019
663
2703
101
96
10475
19441
100
38648
88
11
18818
79
18746
45
75
1639
8
17514
5
28
2400
3171
1485
21534
20705
19728
26
38
49578
7
36072
16
99
5693
19
45262
15822
5750
9
17
81
6303
22
46
63
817
480
11120
1
17728
22328
80
21547
97
1
286
2161
25307
1636
23
93
54
63
62
23
24747
2338
2735
884
2159
30
18906
2354
6688
19024
54
14577
47
46
58
1372
33573
42
33339
49
464
91
30
3045
34
1475
19030
94
91
3
78
5834
29
13925
9
54
21
24111
11442
47823
89
20037
86
87
28147
6056
51
7
13279
74
74
18
80
739
4
10
18
91
21419
28
99
5166
794
95
26537
34470
4648
76
5034
43
3300
13819
41
15272
36
1571
21
5656
7688
5330
87
3085
46
3
40
40
4224
466
8355
7411
87
21
35
26
4650
17908
103
22
50
58
18
6639
3
29
13
2754
47
80
13
74
31
76
1331
16293
32980
46
75
38
120
3419
3583
76
53
65
32178
83
36
53
1171
6135
1514
18431
31226
1237
35
78
17970
54
54
70
12560
21969
431
50889
101
77
10091
46
77
1175
70
33011
91
55
27515
11337
46614
19469
73
49
76
43
12365
15167
23414
15659
10426
590
27491
986
12187
43
43421
84
33
34
13940
19
34741
13964
47
41
7064
53
26
96
267
38
20
86
7271
29770
30
41136
26826
16067
966
68
100
4350
14941
85
1543
4
68
101
3
4718
502
46
36185
21996
5125
11
30692
79
95
58
16831
40
38860
49
66
11441
613
22070
38
39490
30
88
527
97
74
46
19
88
32795
14159
6177
7
70
93
22731
1953
31498
5
99
5074
14480
2920
23743
777
210
21
68
24653
45
33145
35
4497
43249
48
8890
5370
90
31
15034
6
12392
16519
16923
11602
9162
22
66
29
14879
4
9224
56
34
39
66
15424
18
3333
16734
35335
33979
28023
8007
1687
42458
77
4640
5021
5196
29
12383
9877
2455
85
15
18592
35
100
52
64
60
16386
16
18238
28181
27406
73
4019
2069
9
26569
3576
45
69
19024
3217
6339
1893
28615
22
137
10264
16
14
63
7
40613
59
1068
62
3946
94
28411
1167
18
52
51
58
93
75
24
77
8794
20
3281
13238
4498
536
25425
12240
61
91
2
73
28205
12144
42
34524
62
1198
130
59
6995
6806
52697
3943
29
82
2714
73
660
8769
15
15
5713
9807
78
8
51
2
1829
3740
44
1821
20014
13
45
43027
26920
34175
101
99
53
79
21
5707
28
66
12809
44
37
57
66
12
1074
100
101
28
15690
57
4773
37
87
7967
31
15008
9022
7390
29
31210
4545
96
92
3949
91
89
67
2685
57
10027
99
28364
63
5464
13299
11140
57
27495
4497
6420
1
24675
1186
68
6045
7442
4466
31548
91
46
25
20
2280
69
15
18052
4584
11
1073
61
3570
35
90
85
36
67
30
21
39
2068
71
48
1
1600
10
13357
2683
7
8
26004
14
24037
3
25389
2
23
558
88
28
71
1443
2406
15056
9778
27043
4105
38
13439
8636
5571
6526
76
8659
89
10715
3695
8315
17
82
401
7979
2
35250
18246
11705
31207
43110
94
2896
19932
47851
82
5009
35
1620
30082
90
23098
31713
3
22
10015
84
68
7149
19732
19688
301
89
34104
20411
89
194
15110
12306
101
41
45
26752
19750
6232
6570
44
131
10218
3185
100
4969
75
3265
37
22726
11406
25
29530
31951
79
33
46
7
1801
81
75
48
3462
79
69
97
14586
301
97
87
26819
10755
99
12762
255
14412
98
5332
968
46
40
45214
6200
7
29
6497
1591
29
5179
523
51644
27040
14277
46
103
49
1576
15558
7567
2291
35
21230
8913
3731
18096
97
42
93
82
83
5
20
21448
7092
59
33578
16
75
115
1462
64
94
63
58
50
20999
65
16787
41
95
15212
16154
197
21600
38
669
23
6
25968
664
17
30
21586
42140
52
21310
93
18112
16219
11945
29
28788
11272
50
463
74
583
6463
7769
36522
29821
46447
18887
43
30909
1058
34920
1179
522
65
69
15547
5011
31
35
34
71
12930
13959
18413
91
62
31702
8244
6509
33
14
5490
25458
43840
13
25
66
11231
92
28450
30
100
2874
17
4
8629
528
92
8766
79
22261
27
20786
9367
101
70
8956
75
32
12230
8331
9272
19
59
82
1312
2624
29565
3199
21177
93
33500
703
11892
16449
50
8516
2333
20
78
44
21860
1771
85
1247
73
29293
15363
76
6552
8626
49
46
1752
3279
12744
65
3198
55
35486
20730
27327
39165
5958
10
21675
5551
19618
366
62
71
81
21513
2992
45565
5977
93
1891
17
4200
23470
8946
50100
13050
21
40
33
1181
19187
37
13066
53180
63
4055
25593
39
9617
11608
980
387
3
24
13426
10886
34147
3913
75
7043
45
66
5
438
16
81
16033
58
1751
7124
28014
24
16708
17782
9
31366
43367
12575
101
39491
4334
2013
18675
85
46
85
4666
93
3890
64
743
2212
38427
1983
43996
41976
26
709
24590
4332
34726
95
77
92
166
66
2983
3712
3576
7
4568
13
72
1
9
38
26
45
4439
1
84
75
2897
5211
37693
4181
19
5096
25
62
22356
12
5965
28
78
4
99
1038
989
10893
2650
87
21
367
17166
100
2769
16
11988
11832
35
7
27277
24
8723
2689
34790
90
10
48
5
34901
784
10663
38245
34
9029
15994
11262
102
19
6020
2123
68
1543
19685
18
51247
14658
21612
9235
21149
26653
12779
8231
13122
30
21088
28
66
23640
29203
1492
67
29513
4822
37
8
15490
3163
868
48362
13
40
7
76
24
1
90
6761
45
544
39
3097
54470
29
59
40
610
38470
3722
28
30
29727
102
56
99
41
70
31393
6202
2143
92
15368
71
15323
20488
65
14
5311
44
32
24079
18
82
24823
8277
83
14
28190
52646
59
12325
1564
20526
86
43100
71
12178
3644
4
9
100
3625
66
86
139
78
37
14460
14
15457
12729
52499
17890
3990
4923
4887
84
628
10859
18
535
32
20
14
10642
12
32978
28
52
29
21480
57
31712
97
78
18278
18290
32536
604
12755
14011
33
7514
8941
39
86
9171
26
1204
11
24740
126
57
9655
87
16120
50854
50
1
10337
4533
85
72
64
15
19673
26399
62
65
21440
16
35
678
84
44
31
96
3607
16684
37
70
35089
35080
31
809
10
44740
1399
3171
9
38
34766
70
43117
92
32489
363
70
26
6
23
9152
10
21384
9180
23141
5136
61
45885
40
38969
92
80
16232
9505
21482
26641
74
64
24520
59
23761
56
32
1209
64
63
42807
1092
9738
5
1259
1456
45
34984
67
65
38
503
51
51
93
12178
48
56
920
2673
6
20
41354
6025
6903
9593
52
83
83
96
625
86
71
4218
57
5512
60
62
60
11289
1259
3148
41752
2748
81
31544
25531
74
3737
33392
2257
2596
34
81
11977
44
800
1464
61
91
5051
6522
45
760
48
12567
2246
41249
35
3087
48
22
6558
44
5854
53433
71
1
97
12483
38
504
84
48
66
28635
17432
86
92
15
8168
20986
21553
551
94
28
98
24
14760
19
24610
5922
18
82
18094
99
11196
45
3606
3417
12356
35
36712
10237
77
2176
25
15776
32151
87
72
17121
4652
51
83
81
91
46
6381
6228
100
19016
9151
12612
28954
377
11
84
16792
3028
2110
17894
88
965
1
18868
1282
96
98
62
7591
1004
34982
16566
24
69
32
8500
3249
6401
57
96
42
40818
546
13089
28219
14
10527
81
18
17
47
7509
4
95
68
20735
28741
35
5009
63
29156
377
79
78
11670
13405
17665
4
13069
6381
6244
45
29
79
66
69
75
9
8370
59
4489
45
51
3574
67
45504
19
1606
13085
94
61
33
2
16230
24418
30120
15
743
9
7248
41
28
96
68
2500
3
24005
69
2444
50
2047
63
4
13888
46532
44110
15
8
75
2256
11712
137
16759
9277
547
84
27010
21633
97
10709
15533
16287
11199
1436
16619
7
30
34656
19940
69
8929
9158
22688
14144
77
23605
87
7
32088
68
101
11
3621
25759
7
47592
56
4801
12
21527
9062
1557
14821
12
74
5954
967
80
3287
21983
20913
91
89
1
5865
10018
70
95
55
69
9958
26020
1886
4087
299
9042
20
79
41642
14
9096
3289
15
50
35
18736
7481
44
43123
15527
33861
80
784
92
28261
55370
29375
83
16229
3937
2
27575
38
2051
10433
10474
14546
757
101
31938
3712
8
38
9237
2095
1025
99
38175
2684
79
28303
17
94
50
5010
67
153
32
8356
1920
296
8099
44
54
67
53
47159
12549
29
13
6
13
59
19818
19647
75
698
7610
23374
61
704
22
23
91
73
25
87
73
5944
631
6723
12207
82
70
87
805
23666
583
66
9434
20
63
6849
4504
100
76
6776
40
8603
4860
94
8646
7418
8455
5855
10234
2004
21892
10024
96
2918
3721
4513
26304
16
99
94
5
22
12654
38810
29900
58
1658
6055
29472
15
4412
4191
4598
73
77
19394
863
225
197
14
5805
6207
47572
28025
22
18855
2
93
19965
15
308
1498
15441
95
16441
545
6904
79
8415
34
69
1872
20573
334
5415
12002
8098
27671
41837
56
6143
50
6071
35
44627
13109
19660
6063
54
60
71
28233
2486
38351
11
935
2958
9991
8633
12357
68
4170
14344
32
27030
53
92
73
24826
18718
15021
87
57
4106
289
68
2770
6
21569
99
29985
66
2794
1270
68
62
20798
123
49
46849
1983
25164
7119
44136
95
14
40476
9
20381
36929
23
3268
18992
14312
54007
33918
89
17473
35754
11
2552
21168
15574
3447
64
891
68
89
13281
11975
4383
6228
54027
78
12
2954
85
11
100
87
7968
91
8
45
1497
2577
38
31106
37
5920
5989
776
82
6817
8749
3914
25448
15
23176
18035
7
2695
53
3
74
1
13300
13860
50
4371
8
62
32035
40481
285
103
15
64
64
31
13
26375
3405
54
81
32241
20148
5433
64
5
2606
16109
7215
83
37539
17197
9
41
70
22392
55
50
15485
79
4170
90
13448
13311
7
9780
7739
14108
51865
17
6207
23
27
48
96
76
23348
66
15
4810
85
1930
51
41
59
10747
48708
33056
562
549
19
49
59
5
89
5820
12
38
82
45165
59
25221
21443
96
91
2237
5979
79
10785
100
13
85
17364
64
94
27790
96
90
5256
3911
74
28
2311
6
29452
2
9508
36891
19
31743
13
77
3708
13441
1572
65
73
53588
13412
797
10438
17287
100
60
3596
14653
98
3511
25
47627
4824
2
18244
16201
39
83
86
6303
93
1935
12
7504
45274
30
90
21185
18666
67
34281
101
2402
12963
38
91
6942
42469
18
27
100
21256
8
97
67
55744
28355
51
15949
62
34538
77
21587
27696
53
48546
9190
29
3635
33116
21819
83
86
16
4038
59
10776
4714
35
14027
8767
6867
1169
55
38360
41
17284
939
5355
28514
11
9884
101
75
63
47821
91
3438
31938
1074
40
15581
85
60
430
22974
48057
8163
2176
32372
11866
2109
50
19
8777
15
26374
2
4842
438
46
62
47
16245
81
9271
1039
26
3302
88
5224
1487
49374
55
30
48
3945
60
10259
21
16483
72
23300
17059
2639
41368
25262
8
48
1861
50
4
27992
19
84
6728
9
26230
44441
18285
25426
567
4746
54
6067
6756
67
75
67
44
6794
91
7
85
101
86
4839
6645
11997
49
5479
2836
72
79
48749
32035
101
23953
5996
5265
40
35978
24360
36704
72
580
41
18
26555
12
16
41
95
19
38
1657
30141
68
2493
63
88
72
10617
19297
3024
9316
11
4286
62
57
1705
7429
89
51
41151
38202
42372
38
20022
76
26706
1143
61
98
20424
52
22084
6973
17009
83
11
64
57
25189
2877
13396
25013
11
39153
28817
18
64
22
60
13665
31
16
14735
37418
8414
10027
2502
82
2012
24
20025
39232
90
51
54
21805
924
26
99
52061
95
88
54
87
20964
56
25433
47319
13650
40
53
30
48
16911
68
20371
8656
6759
7764
38855
31424
53
47096
38
99
23460
2254
24393
4878
2
56434
17194
30072
31
12
8016
29
60
15680
31450
22
12562
3596
41707
13
48
6152
16561
5602
2734
7539
19488
85
427
14
208
65
21378
8443
91
56
3
4509
16320
58
30
78
10
34705
14741
20893
59
15
45
29764
49
95
4081
4
81
5237
22962
96
17
23754
99
84
24
36
22
17277
10623
61
53
78
2821
13
12
26912
3413
48
4
20433
22121
99
21
2
4761
8562
2
6
46
2
4345
77
25761
6018
17
101
10027
17649
576
1812
6587
25618
64
78
370
1923
22905
2201
120
79
977
23
37835
79
45
28312
80
26002
5256
3
68
45122
99
23
77
17440
443
22
2763
5423
63
27011
5016
32976
68
32
25
18270
60
45873
94
89
18365
26317
55
4
46
92
19
25355
10805
1326
19864
102
24777
756
27485
57
15259
7
35065
85
92
28338
289
416
1
101
8353
14577
5
101
3687
28599
60
50
14
14412
8439
73
39
32101
80
3813
63
31
477
31
11935
77
22126
84
10048
3
15513
36
18871
17832
3170
8067
1977
97
9910
94
4132
10892
26
81
14
66
10493
5601
18
44
9162
90
78
7
52
9148
95
5174
2803
25250
3952
4614
19796
34
2570
18
13
30
21107
25154
11000
84
50996
16055
37
71
14051
16348
3394
41966
26
17
11
15
52
8322
2722
2555
17
87
77
10
14042
19894
97
7814
45216
3
43045
22810
13986
29086
11348
539
66
45327
7982
3114
5
35
14911
16
49
48879
3413
29005
29501
73
33
16136
97
73
3912
33784
11748
22
12839
38641
29611
39
29
21
63
42220
335
53
37646
62
1
8100
19361
28
87
69
8093
3671
33
24425
38
90
1254
23494
23
18009
2194
13509
88
8778
10240
1387
4851
1450
69
6985
267
19
23160
10853
72
74
36
7
63
4707
30574
3265
9123
1003
12393
69
15
65
14991
20
13
30
33
20
5690
11566
77
3541
6340
985
40
3353
15
68
20232
57
1619
375
29
42
31112
60
5132
9125
29
48
50
11482
26037
184
60
10011
14983
72
43590
3548
3561
94
40853
18387
6911
20044
12220
7447
14959
13530
98
2612
7099
83
32019
17
20
93
30541
5458
11943
85
18809
12529
1909
8052
80
17275
4519
56
16
9
2387
18721
606
34312
37982
10600
8582
15547
90
14
49247
33
89
7830
38484
17944
5247
33373
12721
47
27
3721
4601
66
25457
65
802
33
34
29843
3428
95
42198
34
31723
4342
17428
70
7
2974
1609
788
76
181
339
17610
29
29018
10642
83
89
35676
3712
2947
3447
11526
12479
26
45
4899
52
91
93
66
18
16
14346
44561
7714
8
5608
35025
64
2621
91
1971
47
1255
91
76
5772
54
332
34
27134
9622
15
7225
16
64
28591
11
11
6318
5812
33751
15
17
12614
25
86
91
43
11018
5364
12668
38184
12283
80
5167
4277
77
24109
10116
17
92
63
49
99
18
72
5281
1479
36
49
68
1
7060
44464
6219
66
9089
426
2127
6938
42269
6913
47
4364
72
1330
46
4238
89
11
3498
9940
57
19
1030
35
21
7218
19836
27241
22064
13
2728
7394
1960
1075
1991
9275
2765
898
51971
59
8
35
24928
1731
37
19118
21178
7999
7932
35
94
19783
40763
9393
80
5943
60
96
18277
86
27
28259
2792
55
18888
45
70
2389
9228
57
31343
19658
96
90
4953
119
20912
2312
12257
13561
27827
5696
10
22088
84
11706
1037
6808
50
86
55
201
31
8
35
240
17801
12183
17067
142
83
34988
84
24477
12621
78
12
31
4834
90
95
14
9361
10015
52
40589
651
54860
26149
5617
43593
1668
9061
22340
7498
927
641
96
71
6886
17279
12574
11380
1
60
34
54
39002
79
34503
56
14362
52088
66
25
4357
94
31100
52
59
55127
17099
6012
10514
94
65
69
69
63
16
63
40
38
2369
4737
13465
100
5860
17694
95
36344
75
1853
2779
70
11924
3198
9
5729
42
42
4662
26391
10
55
69
15520
32449
5
16814
2
89
12001
2829
41
3180
57
8835
6662
31087
4348
1336
4480
28
31039
64
12412
16209
16003
9769
77
48588
25128
4655
78
4659
58
22942
53
5
2
15781
18
82
101
2768
49
19
3628
55
3690
8305
29
88
33117
34685
558
4023
4
14383
809
14858
52
48906
52
77
294
73
25533
35
17076
23
2
83
61
18339
25
12755
6082
83
14
9
3029
858
7
21
22757
377
10801
4
29271
32
77
39837
39203
8
30386
44726
14529
34
75
5527
12088
23963
26
60
68
48
16494
44
91
43
9552
22788
31
19984
11709
1
3
44944
28
48
11244
60
38268
14110
4543
9046
16076
49162
7
13083
8848
90
2085
77
55
283
28368
24
93
49036
17901
11
7306
19621
14569
14184
20984
56273
5157
31061
16534
29450
106
1903
17903
27
19
80
99
7749
60
1048
91
48
95
6988
34
26
38
83
4824
93
11218
29001
1706
46
36
87
56
36
31598
87
19345
3790
48
23508
73
11194
35094
4145
25
14589
17
82
16420
20981
27814
31230
11
67
101
99
43
65
14335
55
2355
8087
75
73
7
81
14
53
13626
45840
22121
35
11218
5120
2359
62
22
92
8394
9515
14507
14513
14
2827
43
8507
31
16333
1899
7876
6218
3759
11
35
50
1363
52
93
8608
26649
34013
10
8579
19
23
13094
8279
8914
101
1
4628
27885
5618
13620
17
444
54
22871
6838
93
4
3
97
245
78
25
36
96
49
11430
18276
71
59
6690
99
21901
10149
1673
31062
27
24457
1023
44
441
25091
15406
3216
63
20
2349
92
40
11587
3290
35
15914
36198
8728
8
31
87
1896
6540
63
10475
13
33164
37788
4253
13
5159
12379
31212
20
59
10
34
4
1280
31
42720
27
4041
46807
43
81
39
48
7
4808
10704
6909
37637
31958
88
14
48615
2355
4371
18234
32915
1681
44
5154
2833
8834
4974
76
87
3845
14800
39367
59
7
16316
54
76
1568
2508
12833
21788
1
1
19051
42
43
9674
65
4327
2645
45966
22292
7357
47585
25957
404
4999
3
21000
56
1055
20415
2567
21719
767
43187
74
13396
32
6662
21863
76
47123
3827
44
44
48129
18
11854
11208
14156
73
18673
8485
17947
23
5476
4857
48
2699
63
49709
62
41860
65
96
74
27
47883
1708
2844
24090
26977
36
9783
32
16332
4230
5802
57
20490
11923
21794
1609
27
23
49
13207
24820
626
33
29258
14370
16
6943
12604
78
65
874
85
79
28332
3823
16294
4299
730
22613
6131
44946
11138
61
85
17
28546
1
8344
26
58
35430
34392
30
10
6183
24576
93
11485
55921
82
36343
2100
14189
78
38
9664
12185
76
2319
3678
42
86
50592
90
6844
39
88
24097
84
33046
34
19419
34553
40
59
80
6198
900
33
50581
753
92
55
38
25
8113
17542
38955
32065
6435
9111
70
40451
9384
51
10313
7
76
15077
2894
29
23532
5879
5958
15
24090
26581
6712
11641
9917
44
174
339
6
50
8328
4
1
18
11695
101
61
11771
9
5817
51135
5163
4585
43635
54
9
21903
3015
1291
45
87
92
20586
32
1205
22
12291
99
1922
7465
20
791
23887
76
93
27
11
83
6530
8163
48
6113
4593
84
7668
57
13676
42
36582
1283
266
50
60
65
18
17254
80
2112
46
32965
98
60
15
57
36
12
57
37
32138
4430
38
21633
30
19066
47
2
10550
45
2061
101
1528
1892
34
71
10108
11234
72
10
15082
18358
15342
9102
78
3345
82
37
5946
53
20299
20331
17554
911
90
32892
58
2
60
45
58
14233
4546
7392
15562
14563
101
3340
20355
12555
23580
32349
2591
45
54
20382
41
9680
1124
9857
778
13664
91
26998
7614
44314
40733
11246
45
55762
7901
40
75
47
60
85
13354
84
27462
16453
1271
34
13
34414
5919
11997
10223
4397
47
7169
9450
38
30310
18754
1806
97
78
12098
59
38
99
5
2447
99
3339
45
66
94
3771
5
86
26953
9126
48
51923
1630
41344
99
17146
1280
2
25
13910
34
39347
1752
9401
16254
73
74
26
93
1682
2551
19720
9989
10218
67
16573
66
5458
85
22718
12357
54962
528
12148
16121
18
27
1199
20291
80
23476
20
49
16
3892
57
3574
2479
9384
22426
93
4138
3106
22928
76
795
62
23
6906
88
177
29308
25
101
2423
61
90
48
81
621
23
761
12938
90
6
27452
18120
162
10242
5137
1159
829
67
4237
37000
19228
21464
7
11837
31897
2648
76
40621
77
28
7
18
24
31008
10290
52
5634
531
17479
60
4685
7921
90
50
10
81
4
8595
28
71
4116
26108
43289
35685
76
30251
70
16
1492
3965
53
9373
7636
65
14987
3330
82
51
76
240
14
19
20
56
1979
56
4864
101
88
8180
6684
19354
27
31569
24236
15814
32
5926
1726
44
92
15
25
28098
290
1060
85
23
4630
15
85
40
1764
29
6060
7242
39
12490
53394
18585
47646
29708
14853
10265
50
9435
4
54485
96
43
75
16543
76
5734
4536
92
34
30326
11526
46
33691
15608
29
90
1984
36504
53
35
17623
3367
7483
834
1680
28
16634
63
93
13300
256
5578
89
84
93
29471
58
10
159
78
75
5367
5707
11531
39
20808
34
5
58
4375
1686
697
40
31752
6818
1132
2419
59
3
44
24605
2995
25577
46295
15
77
826
95
32895
24232
10047
15
7
44829
5028
42
34005
9072
6419
38
11
31025
23468
5067
20529
40723
82
50
19641
60
43
48310
44805
22940
25466
83
13070
7388
73
6100
27
16234
21521
96
587
43818
12110
50832
86
23224
28081
2345
66
18116
13
18595
59
90
69
8758
88
40115
41523
97
678
6300
39
22557
24432
626
17940
1983
17337
1837
19194
33573
2998
95
70
7
37295
10001
95
1320
63
20371
16
18103
8
52
12743
28376
18
65
5158
50
43
77
271
77
80
759
15
2496
16759
18
31185
80
5775
15
64
2207
5908
17681
102
96
3
5904
38331
21128
44
101
15345
75
5323
37
10
86
4
42866
675
37
40
8111
13119
3534
25510
23651
69
90
96
17022
18269
46
38019
49
44
19887
12
41
48710
49
7185
60
31
93
49
11038
29889
81
4480
18763
45087
26034
28
10836
6911
70
16
36
68
19
99
45
58
4725
23
13562
33754
39
15133
23183
52
48
682
27
9223
5319
64
44
6682
38189
50
100
44206
31167
11697
12
379
72
5036
2145
5315
70
63
13844
31042
35
12
56
17394
78
7299
24
25463
21116
6
15700
43711
39
2068
2060
19386
12
82
11
6910
5920
47
71
98
58
35
15039
84
3851
2
325
54
32571
84
31
349
51
19133
13541
4231
16136
9991
1182
72
15
14297
47366
61
21
28
3321
37295
77
21449
3273
13091
59
82
61
28316
17053
76
98
79
50976
1018
2972
28207
32221
9419
3071
70
12853
20059
14328
4253
895
7
31
204
3488
6548
50
15462
9380
7258
12649
8053
42
25627
2628
4
95
2638
74
6191
6333
2874
56
13
7715
4392
285
83
4720
13416
7353
4326
70
35
4731
10
11399
8759
24
7076
77
30
11882
72
65
14708
95
13323
6885
97
4660
40568
56
9033
402
2598
62
88
8
82
38
48
26
54
51462
10738
19447
9492
39
86
29
23598
48
5495
53
2127
99
31943
3
16624
7851
15
9
13850
1858
52
154
10751
55
60
19396
27671
3696
94
73
73
2063
1957
7450
18
9054
33123
48
33
84
15
8
31
44
3425
58
14710
477
80
7845
26823
21942
20963
97
14270
14325
82
35
35
13
50933
39495
7
7766
11
1
2302
60
1195
7649
22
13628
87
8502
19
8777
4427
22
41577
7018
10874
41353
10225
63
35877
80
