241526
1
1
46
523
77867
224
35648
53899
60
30265
9902
108
45700
66
54038
39038
230
202
38804
4
46652
200
67
136
103609
28683
12022
13144
18986
21361
4
35205
233
251
55046
89052
59
86
310
87112
111
148675
174535
59
31661
253
228
288
224
103775
168
17310
15
15
151
49748
177
4317
129
216
65299
285
21991
54
22768
192612
203
106234
29070
43099
211
70996
311
204
73981
6970
257
25692
3024
71200
84889
115
255
153
234
311
284
491
280
292
35512
17749
265
160259
73311
125469
232
354
96
19
155520
12735
182
222
133
19588
167
242
57479
56580
6
151445
124
1764
153089
51
19296
208483
67
172695
71831
119
80092
123087
65
13
197
51435
91504
31753
41586
236
55572
139
273
239
206468
3795
87718
157095
217
130
36
119
32
91
26
31898
148
6250
231
206
1309
80307
258
112668
9389
37
50822
6549
9
55372
130894
68557
17024
63288
152
20581
97
81
146
63152
30934
11634
227
34770
46
95637
79906
221
135
275
185
69099
8075
59151
89216
194
292
272
108
27014
107
236
1
21696
300
1
218
33
22
112
223
181
9806
1923
79056
57395
3161
123
59
190167
157
8
109909
159
12418
149130
136103
118
10106
259
25061
279
258
74665
68345
82061
87912
40345
125
34827
156268
70766
138135
88
44
35
62288
6237
45988
44226
166
94
119
140
116100
266
97
105154
217
3
117943
64188
235
58480
8
65556
128
60270
31510
120709
105
260
17754
30817
25
60866
27919
256
100149
137214
215
199793
64
1721
24
19161
257
180116
26380
212
44
228
30275
162860
204507
22201
75
18135
44880
46359
38271
128408
98299
90580
136
154202
201
76
129918
77538
116
178
120301
89907
82875
237
106050
86280
87
95516
71184
16
39177
88
42
157
6285
113
69708
4373
74866
176
133630
138
20756
42050
45240
243
156
8367
88
179
31629
29024
317
118129
59994
2314
5
76559
20
57
32700
24770
213
124
47902
42
165
39695
13424
186970
139
308
57
109533
282
332
13974
17515
11407
9193
156505
203
121
280
48287
117642
26281
69856
123322
32
80
120988
41
358
164
139726
957
49541
272
102104
344
10545
252
275
65366
69745
138
54
3535
55959
31858
65547
5767
1182
3305
9517
245
135
33665
12417
92954
72
83
287
140824
50239
72
78838
27238
26833
44500
80659
165
15
113
312
203
55924
6308
68856
228
56111
201
24925
46717
4
198
40
150621
104689
18693
38285
51
9706
23880
3
261
137
52230
296
67861
65753
302
121284
143535
141462
79786
3989
18660
48641
26836
11710
18105
65887
177
13
169
4022
155163
293
290
17251
111
138
58520
81376
26438
5977
298
52872
2721
85
102852
28994
162
68831
181
46326
185
246
41
60
5172
205
24588
1
80430
144
2507
44878
1177
102200
157
13734
118
149
256
221
55951
31033
22554
44554
32
284
45945
11086
280
199
57131
16329
158
167
208
30
36524
3330
3760
284
11574
5445
18170
19665
86
36891
10019
209
132
163
14
27355
50980
389
243
93949
258
11545
53434
152
66
7585
70
101986
104
146
14
215
141
103920
15445
386
95
154474
229
275
16
84579
72
115428
93867
31559
17058
170
41
75902
41335
38493
69
55
54653
10225
137599
143239
168312
19522
159515
272
70656
94
1181
1466
309
290
54173
105223
35368
113
164298
35115
55
62161
12377
2379
139
88
22177
100040
172
248
172
45803
149568
45415
51648
5487
241
37593
47
53338
272
188
64880
173372
44
216
41043
285
124
13
70763
78
25616
254
189
75
93
8009
187754
84912
79615
31
260
171219
96085
856
57350
105
16627
37666
33
6363
70437
13666
49243
3
167739
56723
130048
211
270
328
107228
17
25370
5
36103
75
16633
33859
24
213
53238
15156
64163
129
3527
314
101768
92216
172043
114236
77481
107303
65192
292
47770
41
127369
16549
229
8206
45488
155
33038
30531
5919
45579
120
47
114466
3422
128
311
4790
7
3781
20029
716
28998
240
43
31183
263
118681
20914
30564
28180
65901
59717
5149
127681
208
63406
145
119658
27
20
134560
265
204
17376
50
89
94
45880
24178
1230
98
144671
170
199
24982
180
48293
48
85380
33037
170
51
19578
135
84069
130975
30405
1665
256
58
29475
191
50103
119039
161
9475
208
144
56189
262
148902
107935
22
93
72662
6550
232
284
22167
68
37
19710
57948
83848
127766
37320
297
10949
290
102
73969
336
3118
88971
107081
75399
228
7
20483
89
300
71
256
122993
114622
105757
51
13301
44
33380
51652
30102
63
86
204
101812
15941
3
227
92960
78612
58758
75647
143359
50
71450
69405
53
334
16405
38966
126504
52
27
145
58405
174
92364
112947
79437
335
183469
5607
19460
154
230
23380
372
259
9213
317
72853
197
19996
215
5217
40753
75
53398
31
45
16097
183
43495
173
49951
12934
41938
59
212
20789
130
15
48554
91
34334
68
170
267
221
148678
7993
258
491
172
246
335
14886
45338
30
367
5
3
25
58
5151
90471
121
97
153
24
192
20441
136
15472
15714
31
276
116941
54
751
5020
165574
55
2651
36204
239
89755
77
143
40709
2649
6163
5763
10491
84768
186
3
53
247
50416
126
52888
7829
13059
152152
59
964
22521
19120
289
7227
30397
18
6731
148507
256
128
307
3840
36
278
37432
59306
54093
184617
208
64
56
79
2292
1
168
93
338
245
54402
43201
208584
275
42521
44764
93923
26
106
229
5
104
107236
147432
59444
55171
165
32880
222581
70
52043
49649
50325
40104
63144
183749
269
282
193010
161
32
82975
271
176
309
56792
213
13
152419
275
314
133523
276
66
178
266
73014
24456
194771
214
102875
19438
58
200
32173
16
2332
9237
12574
116
198
15374
26321
7
56
23059
6
252
46
38
24444
13668
18934
25568
102
200497
219
48218
183
3191
263
132470
144
277
137376
24387
18699
14730
100
196
98383
17
37344
243
40906
10750
125
285
117608
155
65
100809
55081
110
33327
29926
230
5774
268
266
134
183782
213
299
254
245
49
94
14564
177302
100
9970
207
235
87922
88042
113834
93
2693
19448
198546
245
86
85818
3141
72583
226
3777
3810
136
69726
126704
218
168
54
10024
42070
289
99787
276
11002
226
89
85505
177
122694
191787
111534
220
195
122
133
58461
218
79868
237
115
45222
211
111676
10
175167
167982
70710
147541
64590
220
110
92073
32
18539
125374
100687
52
84945
105786
288
1
21125
25
204
84
14725
93857
166543
17
23
66
3885
121
5
946
196
1673
4659
11275
240
173
39359
39107
79081
19543
53
73133
205
95880
150
195
280
6676
97
29692
67909
102
123051
50432
65336
90086
133
112559
145560
33699
47040
26
242
92
33
14489
47734
17689
272
77
122
3
145616
46
6
293
112
193
9
55
13043
21218
71707
61
252
100953
131
84
254
249
10928
80746
34066
173
111
26
103
235
76
34250
59
37
319
304
318
166
291
2609
320
9084
226
176
283
13600
24781
117007
108606
125190
49958
76686
77331
9296
46230
792
54966
43249
269
38531
127
115
234
95
152282
249
132756
121024
127
312
274
145
74823
310
110
6
960
69021
91773
50513
61
71
131995
33
736
12457
20923
155428
194179
229
80257
72373
164
150
75
125482
31
149
96933
8650
26475
40
11746
163245
172293
146358
185921
41691
1294
26
186
10
180
27
252
9699
212
302
7657
89
26
60978
53
145
184
121
41
90
72539
3
55053
171
159452
22138
192125
30499
44659
81072
221
291
4238
8312
32958
67450
107
134508
148275
15
80988
81490
32
120
56606
69
17823
240
51
88
114439
29980
16988
175874
23
10702
15
81
84808
34
77
35045
118005
231
11956
174
139018
163
189
294
58614
46575
102498
108
56630
850
60791
254
38
254
108872
193
14893
105286
109006
140
251
129
17398
281
113
3818
98
12
275
114585
62
35803
62
31955
87
102
31537
294
23753
81
31084
1
86667
4062
13221
78522
139
336
215
6
39003
116289
25116
75
126615
90096
26362
99627
30921
136171
4539
4856
62
87286
6
201
12846
133132
26762
10620
1415
42159
308
54171
130
211
65
339
12151
40659
92
58191
67524
25446
136756
4457
156598
4001
56
13674
9312
232996
12418
309
171057
5244
19356
77
39421
43477
144
41803
145494
246
23300
32
296
243
68786
129
82
101
36169
183
7534
14
20552
96
14
25260
186
13037
59138
16
78344
63696
11559
65079
98
189
38232
317
109540
124
94754
102
7209
2972
3035
26402
15
17341
184895
184
11937
174076
191
314
138
65151
166
282
10
120436
9621
6
74
202
92960
16
334
161
146139
58544
29943
84181
53
46432
131
121
30
148
194147
17727
55
109
126
48060
79365
58278
13624
37174
255
128841
174
252
21455
244
9192
26269
108651
68680
18730
36690
267
24298
202
22
89948
202702
1
1
204485
120116
11242
190895
142
184
39351
51782
61671
23
25
67398
40474
133142
87426
206
117510
180
78
6621
12530
68475
23818
40
42396
65
38294
93
3935
175
149
235510
1978
62732
42302
78192
87
180
123648
270
50832
41920
221
177
40
103781
36
23447
59763
149
1
3461
77767
28249
94542
52171
260
66394
4391
212126
37
156
127340
117
13676
3098
28664
47746
117
68121
217
262
285
101
117193
15
63
15636
85722
354
156
102
211
114657
195
105999
56
1308
70950
142
278
25147
27305
188
267
54749
181
44
111103
276
206
32
116826
48693
225
221
59858
124
287
20747
42061
181
41834
93202
235
228
1
19236
55554
136
25913
59292
280
96
78
249
334
169
71392
295
143223
1
86413
54548
75866
230
47
2074
40433
64
38
31
87666
66143
150491
4156
75657
140
120
83884
10258
259
207
52901
202
47704
14096
23739
258
70
141368
50
243
156
135198
136
175
171
23821
1
53928
12
37
197
3401
25510
165
14
85331
10251
185
149
3689
50800
53564
152119
109
113520
172088
136794
222441
55564
155
110810
257
6
14027
17361
16168
143445
118044
38659
183391
25
235
311
165
221
131738
168
223
139
17
56797
25
105459
212
208
221
160
2393
216373
3274
28866
89958
63489
272
28
114138
198
158
269
142105
47
202
58926
378
187
27555
210
46995
103713
185
34387
32118
126009
4326
172808
99169
2741
4
144
150955
113
72199
281
46975
66951
171
10
34
445
11020
218
104690
248
52032
28435
161855
56922
5861
54728
110
51825
169
268
201
80631
19372
67066
159997
199
24722
195
335
171
115
81
7634
9245
56
142
15469
105618
47
51732
66435
96662
100310
110
55
2548
122086
77481
129
76375
31025
2737
138673
277
372
126
1954
283
15
76
65814
19
56
30341
67136
3674
82955
252
58730
121
43800
55824
77544
37
280
167855
211
181257
188
60895
55
409
191
2322
35953
68
66709
173
56290
173
3029
143
226
1552
14336
156768
206867
44551
53
146352
138
142
143
346
189323
100505
63
255
97941
12
138942
61
113
32271
30543
212
111
339
4399
15816
42225
148
62523
239
26
100951
187
30412
230
32975
50153
165
72086
116
57317
15007
121752
269
367
141615
77
139
210
106596
61138
36315
202
99496
76751
61475
119
70
55
103
38549
94237
44780
62018
28
19750
412
24932
271
126586
2239
6792
130
8256
49746
220
128
112
79405
73798
10
61056
54632
47
47825
90
10
210
80489
12277
3337
33660
6634
65393
263
297
214692
209
25414
264
30759
230
21
97750
190
164034
6921
75
12
254
2061
72544
111
159
66314
284
82229
30837
2340
25
121276
184
206
33492
75800
105
143836
27915
197
32711
31953
200
152
97
145
103391
221
94246
94
276
350
10563
6209
85693
159478
104527
89480
17234
310
115256
88322
13
78537
162630
103871
56669
75
22763
32797
72038
92
64601
50080
159499
9834
153558
34972
290
486
42889
132087
39418
5321
186
14963
240
776
83607
10953
74798
354
17690
38998
71
250
17273
127690
33700
43695
80974
2875
32
65
2757
31384
61193
232
120
41419
332
122
9077
93180
141142
10336
28411
166692
90
93681
55325
128
204
257
23384
273
70
153492
221
88
32509
42881
12590
40727
94032
45
121
195
138
47443
62780
156740
187946
68337
12
9548
36436
296
58889
226
54717
274
95
261
128
107
179059
122397
196
58
61320
170
73337
89847
39402
132
90
207
11580
150795
5820
166
99308
197
248
91
185
108873
189
94575
94709
15009
19386
106
244
8519
69
60157
52
110
180
8421
149726
3562
94467
97
208
23890
85650
74137
134455
19175
40231
45675
17998
136
211
22229
16594
25773
18056
16090
38398
100447
111083
318
299
55224
11323
107008
1
961
28851
54101
73799
133
138
97
294
35069
107908
205548
87797
298
39984
8078
20198
121
132785
69973
99
67274
210
197
131415
173563
169
71919
6917
212
273
93077
221
271
263
120
5599
28088
58
36169
281
291
212
246
116408
33
69
5
154
565
239
13104
104
87
2050
133
86003
337
53729
173890
53
173341
45050
30431
200
58
130
49
35848
6398
7
244
13
128979
51
111
1
61
113620
34
10452
17545
70557
183812
1812
88
172
37016
89893
12293
6069
5691
18556
67898
159
199
48115
10814
26566
100
100
183759
5386
300
39032
83672
232
41587
116714
119010
14996
1374
282
111114
60087
50
36
80
211
8652
240
18612
6204
142
248
19839
15
148922
65
102989
72023
29087
104041
2553
292
253
19077
17233
25516
263
54
124
10002
19257
22884
18546
8293
115541
113
289
21915
61672
10079
247
192
113
47105
20697
215
92
44433
5
137
141
50526
91922
575
267
274
53156
30810
53190
128707
283
77935
163431
100
134
151
53633
32902
33892
15104
55
4235
26973
334
95
28774
199
45804
49850
140
7047
83580
884
54
1897
110065
98060
35702
38
27
78550
48
140
166
137339
13449
88776
32402
28255
15
237
71188
18513
24
22
100345
214736
33510
148
26
22992
74242
223
149289
48
2695
151
254
288
193
33563
136325
79
201
113810
243
249
17466
31609
4858
38
59625
2601
26826
134729
1
144
175
14
108063
18306
39677
256
174943
19616
177
188
224
167
54830
73
141
76
104720
51
53
177
225
59932
169
82338
19063
250
39099
1474
24268
55240
1
12987
260
75532
116993
4086
98
24120
31502
112460
95
64021
154
139
50648
2361
92438
8290
101
144323
140
211
34297
61477
6
239
300
34346
26
6316
22641
63160
280
41278
170
137
100245
37
31168
21238
113
134372
208
17218
4461
188
137
167
77
48533
3756
138
66491
76
137579
3
33
70516
157
220
17
55912
68479
228
189
6772
161866
219396
244
177
29
65437
276
123
11288
27484
2598
18445
10145
101176
98596
51
48935
256
16225
207
86618
39874
98182
59104
16696
5670
58015
87340
120
16367
85156
189
122891
377
127
174075
33904
46272
9365
123
25707
6997
49640
116280
102
90590
108948
14514
18011
9664
106
81114
278
241
115549
26
92594
279
16
63183
54732
27
84999
34369
37051
38
99926
3321
166107
145935
42346
4283
198
169979
7099
30
1744
111
66
108263
313
19
112921
3
38069
7
82616
360
2995
70974
47370
24621
161877
91
275
86
53927
210
147
46741
206
115627
1
143062
143
49203
9707
16538
35
144
153000
29082
291
290
62
29785
60167
35
360
27
129112
26413
66710
76711
168
236
136262
22652
136958
9736
236764
58979
6473
63997
334
25078
13264
271
98622
151341
387
267
90057
187
22398
192
10104
7127
114361
247
72209
33
45178
31713
69112
15767
207
353
42083
11299
22779
30751
84198
176
36418
130731
7225
43655
260
183898
174
148
195
218
172
17350
188
32
43795
257
5880
7182
43
103268
21
148368
350
86790
25
29144
211
140
39843
228
67373
216
102
148723
17
62
131
429
254
94812
22889
2759
117646
18940
146110
1057
204
4272
30
104
126
77474
32886
18247
159
276
67
227
30662
103904
14190
57
50
381
215
9461
20431
84
54
232
11738
2460
62
139
67438
124
29071
111512
101
155
9
8882
72274
277
130495
15014
206
1115
212228
18001
305
51907
194
109138
308
281
30582
31529
65925
171
179
47773
29835
137867
179
202
167
5
151861
156
238
111032
144500
141
30856
199
43840
91484
18135
5
220525
6089
5686
10778
55364
194
97900
95097
124640
48
9
8600
169
28
154
140332
227
22005
104
1225
92
63832
2
157956
28695
80249
70319
310
308
145
190291
308
37
3770
146
160
57440
172
32223
47923
128198
2179
197
71
31203
81652
49138
22886
32
55430
215
183
181609
292
38928
304
124733
76
115003
24176
109
76991
143083
75
219
1769
200
20076
65392
57303
216952
7
35600
45
13895
18
177
30929
19
3613
113487
80338
10773
6
63864
178
54
91271
1
12154
142677
2432
149
146
48827
197
250
8780
39
47
9539
273
13940
51759
81870
50357
63357
11730
88714
12699
2035
3093
23442
4084
63256
13337
175187
19625
2085
200
50510
248
159
231
81760
12655
132318
23
90
1329
1286
18642
2579
48
91777
115628
117683
28521
27212
238
140
12063
24712
178029
33747
256
116670
17006
88
242
65268
201
70621
63726
129
237
14180
140533
100
64236
63164
35
28286
95925
7
26
28189
60904
160722
38357
10
172257
25773
62
131389
360
235
55
13112
19
56514
45014
2494
47
130463
37
9605
114
70
123
217267
145
10043
36820
250
73969
1
63
232
74192
67649
20173
59599
34
199
143070
217
5161
202
50769
63
41301
284
184
48916
101855
6
2513
12
162
60
80355
62523
23
278
9
71528
259
61516
20911
60174
189
272
11034
185
101
128428
78768
213
224
31634
211
193
64608
119
182241
33620
70794
49449
55
27059
275
30878
194
27256
48
144
324
88181
19493
140351
101105
317
68
137
109
27874
87355
157
109
124095
70
77
64
72866
303
18828
227392
115
77476
180
207141
40488
16
161
57261
167878
32195
44
84592
16138
234
12877
14251
21084
153
81902
7711
69
21576
22942
225
96
13620
171718
287
151512
36
25
122024
48
131
25275
142789
30540
176
155104
139644
198536
9519
43
272
59
927
124
15318
34
25077
77851
153
79014
68
179
258
44328
17578
279
163
15248
70911
47020
7073
1
11
62
49118
59379
2373
122
28455
7188
111264
122708
311
55799
21758
53357
78605
20009
76
129
69645
222
223
1926
151382
47825
68870
70294
43
69267
117775
105856
135
461
69583
83171
37558
31172
21060
192
112265
94159
5517
121
109789
12739
101
139
157
266
88
80434
139
59
247
194
278
36
20057
72230
19455
284
117410
82653
264
41614
140
98
20633
149877
226
45650
58
247
52
141
175831
10032
125230
169
234
202
6
123
100466
200
63871
15796
107
56290
146425
301
138
898
15
226
49062
14
7700
79686
112168
392
119185
116885
122903
272
107527
2670
157
38
33361
18566
126203
5643
22
39312
20719
98
211
89
127
259
115340
4
3950
54127
35
6236
67175
21259
14006
38327
76205
116077
14011
258
171
47008
114355
24229
141
71
249
86
171
4
149
133991
280
2171
13783
145
113556
129338
227
332
13555
78017
86206
203
1507
170
100
11966
7394
216
85
68186
218
28727
247
26660
154
17382
15
45658
20836
171
35041
76761
101
44216
125238
70088
27622
29182
70093
222956
230
14581
37
117
9670
47657
68
286
297
11168
103250
242
188
45
240
184969
129
18770
78276
48
247
302
60536
241
331
57939
149131
71
320
130661
109455
8897
270
182
31
242
2202
133
207
23373
94
204
113
19028
61797
18151
16
282
163
132415
151
6460
61824
38
48144
180
105635
109
250
280
74691
109082
239
501
169340
362
207419
3
20577
110
212
116
27
152324
62
175
158201
10962
44218
195
15363
166
52754
2869
8081
32305
35025
67235
143
326
144
264
19319
1
8415
39
155557
71336
61
196977
167
1303
122
50975
149135
35879
31
97923
2652
158878
152
75
285
16888
102070
262
265
56520
84304
26198
40053
74812
17
119
269
112
17072
13973
106255
25488
142287
134
31223
292
285
323
93663
13465
33492
72640
16984
149904
273
44482
1997
31395
130642
113
66604
280
12445
109935
115048
375
151762
309
72
113367
36981
80650
220
27317
65889
6
283
217
73
3
14194
15810
18754
2858
24800
243
117
119329
194
49590
211
16348
102
8076
118
13909
93101
48135
2404
19669
56755
206
50409
93
1489
71
213
68
31
19518
70485
34468
168
81
211
268
75888
224
34479
89035
354
38871
41259
78486
49002
53022
246
161
52903
123712
250
49663
30453
168
190845
66275
220
11834
104451
268
9573
175
2632
28413
61032
123763
29417
105447
24805
327
111979
45
14597
205174
64533
47080
164
23489
288
2010
129
7502
283
141
55411
200
65
67
145
86
48536
28
100613
138
35441
57
111730
879
211
37075
260
5843
282
73049
176016
85720
273
117
183
50312
348
234
226
36131
207346
29
187
160021
54340
21622
9300
33784
5774
33
33718
1
8083
32848
34719
3
113738
66786
8914
47670
43
138252
97
20503
33606
40273
39824
211
1792
83821
21653
221
72
51564
225
246
116997
84
46277
3038
33
29008
137423
287
120
1969
71640
21959
11709
107947
49
48
185589
171
8
48411
113726
37265
39293
1
233
21293
287
125031
49410
1146
109
25
60084
6141
48463
38346
206383
137564
11120
72
39516
60728
176
104877
233962
168
27485
9845
58583
32325
157
362
103392
200
8973
21
93997
51448
216
122050
2898
62024
230715
137938
198
19505
4535
104325
7
2637
1127
134
185
47588
64613
96459
37593
68
335
4944
2126
260
45498
105174
36256
78
9490
135347
1
296
72886
11
123948
41359
22
56375
248
220
6
142319
108237
257
4897
28
182
169055
224
129
7325
208842
320
40
73757
110
218
45445
36484
9337
299
110
168
21665
77
184
14742
218735
95864
59855
6323
118563
29604
19920
56
2
13581
81828
16
19024
84
118061
48801
8643
29654
373
15
48304
79670
20884
40
6104
25689
158639
255
89280
224
4283
186
154
12
70
178160
56
57956
272
7687
27645
49537
167
6510
334
62
215
221
75392
134667
147813
2348
247
259
232
134050
9
643
134453
269
855
6509
39361
273
157087
169865
17318
220
2301
76
150
58334
73591
32422
235
19
43
139
49823
127340
308
109534
161
16125
184
48276
93436
147829
98
87
21655
11195
233
5984
255
10
1302
233
6828
178
151736
1953
65101
138265
289
148
98
284
145602
146
94615
69
17816
57558
43
12
15841
238
16900
206
352
3
258
76165
70516
94004
221
59
13075
55238
47438
18010
42913
30558
8437
73648
3407
47832
34
75865
9765
49449
16685
34
207
86010
27
199
193
77315
36643
42617
156
135530
6
1
84
31
101008
108
62
163788
168
132
142503
160
50763
19064
115
155758
81126
76
42
4
39
137825
41
276
82378
75
100
25127
245
47770
136
103
176973
135
85
38948
271
42401
250
83859
19
104
33918
86
40792
254
86796
61562
111548
81
151717
200
62920
13583
75266
115
73769
79530
261
42
292
135
59
67798
4191
166151
36788
111
85479
148
101464
39994
58947
86
9843
102782
61
153928
5396
82495
170
24824
34231
103210
221
23115
3594
48238
277
86316
128385
8
183589
37471
5487
352
120
67746
235
49500
90
24893
926
78778
26177
18526
97998
63
94506
196
30912
215
221
41149
137
3450
42263
21360
153
139
72276
83
250
180
243
65749
51374
236
180
194
31331
102474
78015
156
184476
32124
224
60153
136523
223
192
68
42
50142
33299
103972
274
11367
6378
278
286
144662
98
73796
262
62148
322
7330
6949
278
21706
73351
51904
84357
36304
60477
162316
293
227
58
7736
50423
330
125623
169
139
25325
137
270
33
24
96550
97798
193
210
11455
70957
74187
112288
11695
100
294
208
56989
28453
6341
163
29
234
6
2678
120696
48384
97
67302
194
53937
227
5101
50361
75791
89
85
824
129
57935
3615
37
244
43071
201
22395
169
7620
71016
67
1485
202
70
139
36196
14060
142
85
239
217
16332
26514
73624
54
585
113322
20
740
108565
81111
12
33328
151
132
3687
49
55262
200
88793
1557
1
181725
131008
114
95
36642
175
6346
81496
10378
127
76519
20269
38
107
70292
48081
104564
97271
147
110
88
51258
238
2367
15721
218169
159
98110
73
31
42
193
25
289
30849
2311
96
87698
14
42561
197316
26378
90392
125876
47219
69055
252
130
123
21
187140
76
29757
170
95280
75652
43821
4201
77909
62383
23421
121100
94
69488
27515
25097
35907
116875
66048
65088
49
196
1327
12
4663
169596
90964
179
1036
199873
123649
165
8935
131
190
113
68791
14503
154
93
76
81682
67
101
51776
18383
234
107526
266
160
3926
137832
13292
104780
162
237
32
101
3
31692
237
138863
130
89
129952
91
1
61220
82
143469
4340
337
340
62
25
184
89
189737
182
164
177
22615
28605
43985
40608
16051
3284
20470
89
5076
75855
104257
31
161973
51596
26735
12575
41754
172
17991
7559
47663
3901
189
24
54878
86
77172
64
132
223
249
180
231
115375
43
153
52
100
36936
51
18819
192
2628
96331
79
32177
161509
14402
209
163
73
94
36541
3
135
13913
7
261
221
113628
27426
218
119
22417
188
11237
22421
44055
49385
19393
58548
77
261
7406
144
15
104
27
15038
98340
26
6
306
244
3176
38754
122421
141
35
20903
66264
56436
8701
135
117969
34615
55
6
3804
252
15
96
164485
152385
31
125
8377
131
167
47855
30667
152
37354
153
6698
225
243
10836
139
4105
132
32059
50320
10397
91909
142
8340
75
5926
159625
13119
83927
1242
110981
285
7756
35698
4176
45444
68188
147281
241
34118
38
130357
111
189
149907
133
138130
163
16505
52005
1292
12079
196
236
85523
273
289
36077
228
50361
198475
5369
61075
171444
156317
195
31001
117
239
114
19574
39305
98994
320
1
353
175985
65
49141
25417
42640
59
50389
186
33
74621
7
830
65739
76997
11466
158591
22
39813
29344
49394
343
181942
170
44346
187
12480
51
300
85
2694
277
40789
40470
292
5871
16545
13159
164
140
5057
156
95279
49921
81893
123
1
63616
6814
9566
40620
77269
220
22
207
50217
33
194727
65170
5492
14061
141
22456
50147
47166
78166
152
150
6272
115676
35032
3
90
240
4667
82
110
57294
75330
57151
70383
128
205
14404
104145
85
88715
27061
41958
11081
142
168
206380
137691
57209
24679
64
62201
96549
119160
176916
11615
24159
20
63
122
21301
264
281
69931
110
113
139
117159
5807
161
57089
3
52099
5960
3072
18
34511
3502
397
83777
117359
124134
39
70027
63249
6
72598
11404
59900
47
17929
154
11353
102531
137
124
6
23860
44
58155
28155
181974
71
26445
10
129895
1
21774
83
12609
58231
15011
10476
174
12009
113
53315
159243
465
64
21
64
3478
35180
20940
57007
100468
41
20911
89089
38332
37
31621
168692
10837
3
43932
107
5150
34168
79385
166760
4848
166
106130
76
315
111774
198230
28204
259
188175
129626
7150
35
88
276
24646
59300
83365
56993
12315
77
152375
8
30569
53210
56640
155757
195904
145
15960
52110
1669
33334
63726
180
18444
50212
225
44
48
136485
44
37466
19348
127
127748
96059
108
108
216
8699
21719
98
110815
8521
223
221
309
86945
42
14462
116778
174700
13488
98855
261
141
142
334
85
271
197169
85465
73244
1167
181
51638
214
159
65682
201
212322
4285
96620
177
42773
122
255
171
147
212101
157
39593
34357
17921
28828
42
1
94899
5924
25134
26148
35973
3156
211
10116
264
330
21
263
189
14821
2390
233
262
98171
361
195
105
15746
44848
18989
17
25715
97044
62225
254
6326
151554
209
914
2136
32308
46
7
37
96985
29593
14432
258
5985
5318
3723
6
174
197
13643
56517
2577
84281
34364
6527
99
151499
3698
134277
154
418
2
73
258
315
54260
46763
247
36864
37
35587
183
3742
19529
198433
19582
63849
129885
53
266
284
213
106
45
8558
52941
42
24028
11531
35956
50355
100
131083
259
127112
200812
1387
90240
143
111
2131
34994
6179
158
13217
96657
85
74
196
286
151
102161
50
288
4226
21951
94893
1540
111
47
65221
238
213
199
12447
70126
229
42503
120674
197152
188
127
96
14239
61549
240
81
223
18
3
10
28
13
49
54184
127710
66876
186401
65
256
38007
83816
121
8768
153
192
138860
230
199374
14111
78
11282
153248
187
134732
725
91843
47005
152737
30419
107334
115
141
215861
140045
60114
10330
108
127975
92605
54615
23459
99570
25429
160
39
206
282
159
11142
29912
82648
42
39610
265
174
86769
8845
118
78651
22477
266
182174
27828
97013
61968
86013
38737
54
5235
82939
57751
168
103873
52
250
74903
13788
24939
33
118784
10635
135
304
8
48467
52834
2881
20134
138
16342
44
28003
162
15506
269
63542
227
75307
24862
48
38694
29348
68674
58119
211
71922
233
180002
98984
71
1
3382
357
127270
85749
208
125671
301
222
31328
29
39549
136
60
136664
38831
35
123
123603
3161
73884
1
52499
151
93974
95
301
245
319
303
82009
14261
2857
41
15042
243
15294
174104
27453
14
227148
66338
178
25
9073
14307
37
307
44002
26
219181
181
181
11515
264
8549
30689
53
36787
39005
43868
200
165263
22200
226
121
16300
133
56
40401
15307
69005
86377
289
341
80
166
6
95
10
255
27456
42204
59
37
54114
31859
246
6
91
171
6352
100564
182
192
237
87
53083
34
60519
198
268
57464
139
117
67513
72501
169
156
2447
100242
107
5
278
245
117000
49825
44
93326
114893
45964
773
25
50
92143
74
258
170217
106
142337
3700
47
33402
27400
39706
40
43440
132389
111309
128
22577
26298
227
311
41172
69209
92368
179625
9
11990
6642
39
220
40948
211
27
114
140
121
38241
38523
24523
159
152
28417
285
101
248
5783
209
132
139
143
278
231
209
232
56
107
47495
48074
17651
311
46466
204630
45399
147
15383
85251
24812
227
37485
73
6185
7782
158762
21490
63
107335
98
17703
265
119257
74
144805
22218
9658
102601
333
81934
147
22613
128132
9047
54709
6280
50704
16584
12698
252
15944
72529
33311
14816
37851
1136
146
5278
211
44
63863
74
12585
144
5978
89
5
153
127920
13707
48953
58255
48834
18997
791
16193
65
137
232
5590
3
136151
73388
156
25
146
41404
94985
65
207
137
6
59227
18496
52881
69489
148
114543
176
185137
2621
38522
72
65
84159
138726
36
186
85
20478
137
67964
158
6276
139150
41280
231
67733
26796
161010
28800
218
214
260
13979
185
206
67103
59558
106662
15878
359
6
131625
181
97037
124
30727
205
235
234
113213
61943
226
18901
117619
103708
13240
31299
36300
216
48988
211
117
58449
57667
3257
13
64812
213923
95156
342
3803
102549
45705
57
977
122
172
41
13338
9
7071
6711
82652
275
68
165712
73
50
185
16919
152449
254
39958
173
195867
27995
114
29
13151
21666
213
53243
116300
224
122
126
16957
320
15630
1366
67449
66893
68
57631
202
216
192
96011
140230
2423
344
463
43799
27331
21675
104197
102720
50940
5
319
121
90
315
8036
66562
27605
15504
49
32
261
6
65
11
1456
57040
153
48
46459
43359
255
9676
72479
178
86
171224
133816
28151
158
26914
7841
81805
164
27867
46
3883
95
39373
1
50717
160
29
53
2382
49301
54625
289
22321
63749
71
44538
86962
146948
71709
201
92262
143
123423
83772
250
2845
2850
76
9608
32646
119
92
46
160
143889
101
188366
118
215
136
15224
50004
74637
78290
6476
28292
171
13454
1
165
299
122393
101
114518
229
96631
5534
46
241
103846
1523
279
231
42896
71
163
444
350
228
146
164
953
81
21
157
109
234
68212
262
22230
104
136500
117
5910
2878
41811
11173
102995
94989
14165
3771
55001
186
400
164606
5
276
125
312
165
157
119101
300
21876
20352
100091
12639
20
15364
92800
150
29152
234
233
162
1
159
67183
91
24590
50475
114010
9890
61
208
5896
124156
151
351
125
104129
174263
155
7014
4503
7594
78
202
237700
257
314
3869
156
104570
222
169
117
87652
6657
173
8
10181
1572
26876
99
25622
55
31321
15084
300
130187
33421
142074
238
302
79555
25656
123694
1091
219
109824
36
23116
27972
51959
142113
16262
8147
2920
49493
13320
120425
131
172
1
25
31189
64
71532
132
38
191
162
93
184171
11087
36663
338
27343
142112
16815
57561
68
52
156418
4173
49
5508
18
35994
207
20
56964
83
10
120
40399
254
124
136
186
4377
89736
72
24
9423
22646
170
6451
90
18685
8037
40453
178
133400
105
107
5459
11583
6239
5753
192672
18
6177
38225
18686
279
6
162
9
61537
221
189
76
45
199
14619
113387
46722
77938
200
40074
9883
148696
268
1
20166
46588
27456
115569
9483
3615
204
60
107
74
329
3698
25197
467
72
62878
8275
204
109
42923
179
99004
239
36480
98826
90
12190
38
50571
217
182
183874
298
77381
14227
12676
27
44409
153167
285
4347
134
130
22813
14603
52
105
189030
43208
113816
304
204
94304
120882
1592
6703
99791
83
40843
37961
112
5504
62066
51331
66
281
194
133
154521
8475
17102
89277
57505
188001
59
193
147
18494
75
128
1
74
114
62
1015
298
341
99303
2381
181
79543
53899
16555
166
166
24
567
92550
9102
22
90
37
72196
87668
185
1139
988
207267
58899
5145
33
132
18
33
59415
17147
10931
66305
277
54
17131
69
188483
296
174584
216575
1470
206
3011
231
138622
286
21047
286
262
58803
72
152143
170
11016
68156
42338
327
134006
31614
179
69
45300
27251
384
92728
71
196
15
153067
57
28801
904
157832
26028
106040
79711
71186
122696
149
163
150
38318
37
1290
50
132911
75
127
216
134
92243
268
28166
15182
79712
49277
62
42304
93
44
31643
117898
62030
62575
103831
199
64441
74499
95
116
125
54747
118324
64
20466
73919
7113
30464
32385
95070
302
58425
170839
65
25
91726
68061
196906
19
778
71418
177
186
17186
111
127969
7890
26747
1809
206
14582
223
179504
96
4015
111
73648
31
100
744
312
88836
265
38717
260
75957
22930
20366
287
36
8
71234
2543
4991
160
23901
100
29252
52815
28646
145050
259
229
47747
188
115689
2
127433
29148
24056
233
168
130967
48
9094
81
31
15
11
56
22
88903
10993
39733
50
35111
22284
105880
31725
58
189472
8111
214280
108868
27963
11286
107
26745
226390
3318
44
196
82485
201
45379
164952
242
13886
180
35011
40804
66714
13365
4589
97165
93698
4355
224837
63997
28254
88
2935
38475
40
77
24
73
5607
42
70
104
1
55
30883
288
74252
17075
82
92288
173766
219
269
130461
208
90471
299
321
154
248
192
78469
67817
57
27137
3
1790
8
99362
9083
164
34800
117
77
5711
36182
43
98625
48690
53401
299
158536
121536
255
49322
95045
84970
161
14088
6279
99
41
24584
64
163102
13715
257
8830
1
208101
153
53003
319
67829
229
207
295
188
66428
104937
48440
239
250
104
45318
39960
208725
75620
27202
8531
84754
9786
189
71261
329
248
6122
237
66006
118
52465
166932
68461
43198
2746
93141
225
121
253
64258
133813
204
50604
11837
31436
109
75
203
2654
5396
27682
92865
7837
11
261
104572
3034
218
59871
47547
181
84
57325
311
155
50888
4795
8101
64462
131
105
63222
18227
15
35644
35230
37327
154034
79677
6752
6992
3701
10093
69211
204
192
94584
4488
16882
42038
97
17767
87
162
249
158
97014
17
206
162
11486
32572
15718
31
71412
74580
26388
67215
76551
68907
60602
187809
53401
138
6
72
40
248
6586
153126
99603
45738
111658
176
18
10605
1
1188
113
116
2725
354
91350
131
24
71317
209
54073
59324
148
255
122
43
105008
70
77636
28566
175
34022
15846
161697
57405
1
24639
1378
15628
33388
16
43823
9734
174
6413
174
941
282
2
116362
32207
16958
145290
4922
60
88812
50
202
46438
119
634
164156
19250
18798
5108
137757
68559
174
200
73749
227
156
81990
172
35
115766
71191
196
267
228
191
119748
216
116846
24527
31759
14070
10922
170699
29880
17697
170032
243
178
39550
279
265
154762
591
110
103830
60382
144
300
120
186834
103572
225
144
36748
57605
73873
214
11650
143197
243
106
86
132447
45
4849
250
7024
88515
95861
40130
41012
281
184
289
10714
3867
2
243
136
202400
41
100
79292
57833
94156
204974
113657
34
218
15
33380
138
145
184
214
87741
43
18203
119150
192978
36
173
130585
71
184
8965
130
119278
2972
175
44059
91385
1403
144
142316
23707
31094
20388
57851
33202
24813
11
87919
19444
109
25
21150
21611
95
103062
1591
97
156
143978
99
7869
27465
22723
27
247
56318
184
40926
47774
51715
12929
198137
243
119822
100848
322
131
3
52424
87
104385
36415
118
118592
40
5357
8932
79204
24592
323
15
17758
2621
23123
52
50814
222
85502
177740
34826
314
12787
147
190275
3975
162
104
181
6
184
5314
396
170
239
60
70
39264
4817
115877
266
268
43422
1215
31638
32179
19367
126990
219
269
180559
151733
17024
27179
167
73
15303
77483
109587
183
235
13828
172803
313
188100
60909
165
6
32707
45
9999
17836
11
104749
96
194780
105
133
70546
130668
310
64146
115
51
51034
134328
169
299
215
49580
5689
154
172
3192
34
33793
47059
38360
22782
37
24149
728
9166
74531
113
32917
13870
196505
135266
68289
279
3
131822
94896
49582
88971
58
257
189876
86359
117
44576
23821
79263
217
350
182
287
24522
60
46908
197
177
22704
66838
137
62997
184708
238
241
6242
2415
334
17
255
34978
72
99998
6400
1040
33780
36
83
23580
221
49
28390
3457
131173
38
305
3177
130852
172
34930
9953
21970
129454
104823
98
54214
199
60578
13125
251
132
144
111
249
38104
33217
781
164
20695
210
5704
48606
12841
46974
137065
229
296
47
135
57369
115
64232
23728
88661
107420
16687
18912
94344
45
54052
120
26275
161
203
136238
8
165
174
45714
44424
267
6117
91568
285
71
233
228
64
190
110
151
184
42612
245
15
216
67439
113730
28
48091
5876
113
70
130
12772
39581
22239
207
146294
30897
756
2271
18377
204
71
269
169
187
193
236
8
110676
132
47514
12441
60949
4992
21474
67928
230
49
24927
140
233
251
136
37449
10564
67
28461
83696
61
153
147724
83
167
201
23
94303
44019
49311
121121
23030
53297
3925
4306
121
144440
128575
63298
343
1
22567
7871
80749
124
39215
23688
25622
18379
124582
63493
9109
16
11
94574
163
53
237
27
60409
253
98957
24
33255
161
41198
70361
464
201652
301
161317
306
510
64
25485
152876
290
51214
257
1139
29685
231771
27149
43
56319
139353
70847
141
82
90
138862
4331
221
40
4945
238120
150393
9054
2863
23
234
253
12137
19713
73
166034
118078
168150
110
160190
73879
113
164
50416
3764
75
247
11
108411
39269
213
92
147627
233
85203
16266
231
260
103
16241
14078
105
252
137008
91048
122152
300
5875
64222
14279
81222
93
90237
99
158017
127
1839
298
100472
7826
259
76
196572
51852
21671
271
70498
148115
32782
181320
119
136
127628
135545
145347
129063
31828
124
92
15256
103391
126899
148
88513
21326
40859
127
88803
50
246
12424
375
183
48613
206
150778
6
271
193348
32006
174
2342
84433
134
322
66086
82
214
74
28
50530
73
206388
61
67441
151570
299
61589
249
48
128436
39653
35298
31533
97
19960
37
114804
193
157801
118543
283
115
238
59976
287
137
5
122774
235
40804
95
84
38058
122
39070
302
260
74
28788
311
18879
70
50
14197
30679
94
248
124
135
300
151
301
36737
142
246
45702
55189
23401
89316
180
54487
95
200711
137675
98012
93833
191176
44300
1961
30064
147904
16408
35681
119861
17414
39232
201646
28172
38410
697
28
144937
120
1
214435
6
54783
53033
55184
115
8860
32322
79496
19464
256
73157
140
191
30525
141825
152
18753
96
11230
88874
62093
236
207
20454
162
34992
112
75004
175
205
62414
116951
99
150
322
27457
167083
109400
104915
18428
28532
1262
20130
134
92675
35
101271
3178
5134
155
109431
167669
68158
1
138365
86653
182
75
188154
68689
144
84
121
122
86
59
60371
5855
26
110715
8077
176
231
116
72089
168775
1
15
72074
6563
117011
217
76084
274
16392
21352
162
54
93619
80180
269
52137
290
11737
97387
69585
94
274
108
17
199
120
46615
35639
33025
130878
236
34
20
6673
121
74198
11720
13462
88363
229
77798
27590
53293
10548
288
36
8705
83206
55342
21148
78
18502
89
149191
60020
92959
17225
96
9928
86
107450
33491
24
268
11262
15418
177
125
245
111518
57566
214
57999
176
169880
175
29
24301
145203
194
138
236
162
103
14705
277
2294
56294
161
56
33404
111
15483
160
157
3709
32
276
70513
211
25
189
13791
159
177072
71
15391
34235
1
88973
58477
85
737
289
68449
15298
44865
39352
76930
168922
248
91574
108
85402
83
247
53750
102
37
13763
67984
96980
69183
28345
158900
6966
1
4743
119480
153132
23265
27427
94453
115
1216
77248
35668
32877
243
93674
166
220
580
61351
13467
308
31284
27710
140
33853
6420
264
149
20703
4839
128
10
176
14242
108284
266
22377
18521
25999
90
9056
191
10553
37094
26
33248
100
28
64083
103228
390
219722
24256
132
144
65120
246
27
240
32127
206
155290
88
183
103148
39216
4257
20335
77
27973
30139
181694
4
140958
39385
191267
115739
63646
21
29072
61829
123
79574
221
151107
38278
26
112812
66116
72363
199692
15
164
241
7499
32616
145
212
1349
83921
52
90694
307
211
14450
158546
11880
17148
123192
108
157
122193
214
7315
219
98848
24754
9388
83609
110668
21
13025
212
115468
142464
87110
25
4
68656
5400
6
42
312
174
51044
107995
7263
57602
32810
163474
63022
8755
82847
17498
189
26326
13
80848
66
21063
205
51
314
63544
68404
7589
110309
165
32891
96
51972
92
195227
275
17592
141
251
6
184
209
123
13889
229
19227
144
84
5579
242
50978
45994
15247
22319
1423
182
15
244
71348
46950
94370
29717
137
88
145105
192
133466
198
182
14945
141827
39644
45717
58963
10435
34373
216
145452
31559
10494
215
231
8360
179921
76503
259
131
126405
72987
216
23351
38
2147
232
212
70783
221
53331
3688
118525
64897
57075
247
190
28
7276
3637
11
315
111
49835
91663
16133
16
34819
188
54
43
28046
24
325
44919
19495
18022
57
14792
273
17708
254
162387
202
130
80488
87080
6406
146760
104619
672
65802
18
15887
105789
48907
74337
33399
3
78712
67737
69
1
3458
48219
139
285
227
5463
5598
75848
100
10787
86
85298
5937
105412
1818
22788
106
176
21
246
130603
281
84389
63410
147
24
218
21
197
376
211
280
19691
137336
278
52827
166
37
127
3507
203
976
8885
36549
150
28798
65295
45
67739
465
42728
347
36407
276
81623
221
58
121
115163
95
1171
157485
95
259
16590
268
123
220
15
29225
15409
39796
75662
203
16713
105827
83790
190
111
71
102797
290
238
23019
200
142230
127
25
27823
107
8430
228
54161
113
71140
254
237
8684
104351
63
117614
34538
31081
83046
78
231
70056
163
145
191
186
180
66
7424
17713
37726
36844
375
12842
21
37151
17830
28704
14692
57880
74711
13572
271
37
28107
49838
64
4720
88
282
118
327
14305
9226
18751
8579
3
127833
117
31800
200
16
255
19226
115880
98
62668
20947
180925
37896
7340
297
55850
19944
195
246
154
154790
126
121312
53423
19805
156715
131525
1876
14301
156
6674
30
64396
260
3
74571
45970
169
94
138985
149
69
132902
22
179
101
67110
137
175034
40872
119
17812
1
172105
25220
130
162
210
61981
37442
54
260
32853
272
13290
35
121
57835
26400
11669
16365
137957
47
58
138
92635
58696
90
6199
233
261
192
167933
14295
95
24847
55
107
89
72
153
87
8719
80
262
308
6822
118939
167
123
118
74953
24291
205
134
163376
60
76199
69
143393
54940
71535
40377
67141
68428
145
50
9918
251
20735
77095
139
75348
96748
10542
150677
33
9275
56654
222
203
37
365
81084
10136
155
202
73
1799
52
28
246
133117
206
223
158234
49086
27068
38790
3044
77974
80161
5349
7592
71
210
5818
45
10136
13177
57489
26799
24422
54906
152
164
60949
2841
4257
25
11737
9507
192145
46021
173940
138
155
96
239
15892
174
52887
11006
169
166688
4575
116
178
122
6572
2526
14660
9208
296
103
148
63
14406
14529
21624
188804
39984
122
215
127
98
228
116175
240
64768
63190
16704
230
193083
31
23514
3
7
57784
21890
4160
196
109
5843
122218
164
119554
279
37910
127
67013
71691
72
62587
45450
209
349
12928
16444
29779
220
227948
157
70569
35529
8756
21042
72592
24
181
117543
65
40
44
107
94155
163
21754
212
1173
225324
356
17193
281
244
11725
77599
58
185138
109203
219
3429
71
49
3385
31599
4
128
68057
43492
10353
189
52214
5116
95
305
53
5886
5868
204
50994
27688
172
192733
83
25807
50
55
51
101595
12031
350
89
131253
112
7009
28397
28582
182
107084
166
229
6
28
37144
42931
41665
17804
10794
108368
43690
22664
83738
8977
117561
182510
115
38927
61
26133
32127
178
100
16772
121
4103
35604
13446
130
29043
195361
189521
26
209
276
202615
75631
21619
3963
139
136
103
13039
42551
82947
252
198151
166
17023
186
110944
307
184
137
43220
64
91700
235501
23
4037
39546
29
92066
256
79369
1442
82
4363
62535
40328
82245
33786
149095
45856
265
31792
366
70
73872
17471
65
33514
19395
261
62962
184
206
118030
305
224
112
23423
14
347
28609
261
122
35162
84544
58132
118
2080
10
87
4779
81466
62
55040
68
173
232
4729
40596
128
876
52847
37467
7315
20701
21813
214
67140
130679
198
91447
8871
119
8
8819
153
158
7815
19905
232
162
293
18
283
33672
3
94
2555
102142
3
93120
115
6400
150459
60808
94168
71
90
33820
17163
14246
61
255
224
81693
180
94473
208
128877
111203
147973
65
105
27679
34
203
85025
57234
18056
31408
45
45970
77407
71
12108
33792
40130
94964
18089
138
216
94446
43577
24986
44521
3585
24458
4648
131890
201
71
330
22931
237
66447
63
77869
5
153
55032
16515
20379
17776
146009
35852
67844
52390
54
276
117
117
66554
241
203
35
66189
292
89457
41210
66
27
143
180968
65732
57788
26
11761
58998
8049
81767
38
139
264
216
137
119
321
182
195242
37055
146212
4426
87052
64
98879
9448
153
278
112
5599
33539
194
7
18480
115698
1719
25329
2
25545
48458
42
89683
50543
137159
84366
199
24193
227
49
12454
189
181
265
248
35483
69800
203
19976
212
85740
193480
54
8518
64359
226
134
5
1201
70841
91
59044
6
69966
36763
5638
117
98645
34202
23750
151024
11720
11257
31434
49036
84103
234
149143
84
170
118
76852
196
122
11175
43
80517
655
262
95131
101502
55
18
54
59
324
38156
200
12911
556
113354
36289
2634
101869
307
38
236
179
38369
181
165
164
150
135765
340
85
19
27647
57740
17534
148128
163274
10214
145198
72678
211
154
7
1362
11769
66537
256
107
116194
224
278
27488
184
201
119902
31689
76935
41542
10996
61
47
95
52491
54
3
43333
77670
176
55
157809
38903
171
225
89996
103
104081
6
185
25038
116
98
152453
14836
2372
97726
103135
209
263
32345
101
58
58111
3842
1
10673
144
276
169
903
122
185659
55539
121
87349
14453
150
789
121
30566
298
207801
68005
237
102340
9592
69821
7080
20159
191
119135
84729
190
924
5489
20163
560
159
26
313
90795
79209
78326
24345
356
172
199503
6880
163
4967
38716
189
39716
319
155
3550
104
155
25530
13495
356
40841
271
209
39531
79
38274
285
3835
61187
47145
20252
15
166179
41899
29
102396
182
183155
25832
5223
179
18543
218
127891
7861
12227
69686
50935
83755
18804
201
34018
109231
229
134
152
151
3849
100
221
230
4974
264
29949
65
24342
7523
156103
1
110435
111221
17320
263
131722
99212
256
16704
27577
74834
129
20469
61835
28322
125
67
151
347
214
210990
64216
66061
54632
166
95789
86
34374
137594
197
33064
240
168226
77821
82
204
168102
35493
28362
61
289
5302
224
17815
11964
135779
70
44660
1627
1823
98984
27305
45154
28685
138244
123000
304
104
220
35097
168678
33612
58122
130
45
9306
35951
169336
154
3919
690
308
68097
105187
106
163
43291
19
7486
153
162
50650
67689
33074
72626
49
69615
47826
295
187
101
12091
10781
174
93229
22298
52371
161
25
311
74601
102
76485
1459
158817
41899
66063
134
419
38
153463
17
133429
183622
31378
230
60622
18765
35688
113491
30103
187
34575
101
155
92
91
23
187
74
174626
8978
37540
739
25924
100
179
107490
215
19
26230
324
18045
163
267
122
82
164450
29582
115
93719
201
71
77
19855
79
101488
70375
290
194
73685
111273
27169
217
227
105
199
172100
312
114100
118
42643
108
9
11461
25720
112
19
1
15454
56
169
94
250
89716
194
77469
33075
41450
232
73107
159
3937
93461
87389
157
317
131527
201
56492
11
191
252
155748
8731
110572
24103
53849
15762
343
14
3570
12005
14554
294
10006
47060
79
4746
71
72
8
57514
141
128
120151
60221
1730
1706
1235
26115
33776
1
130046
21950
28424
3
1857
9
73660
178
22693
176
69908
3206
14208
37206
54129
183
145828
86191
116798
326
68435
260
164154
191013
1487
9
10541
59452
135686
30741
201
234
31318
19780
300
20174
9246
199
157317
231
218
17
85730
45274
37015
60
39067
53072
13847
53
28093
27725
156
258
2920
108
228
238
124
106028
181
67
116
19888
35280
96
65
136
226
19
91302
68135
228
49743
129593
197
59286
9524
124
10
139756
68
92
39
251
115
3
83
239
6286
128273
117
51213
8822
217
80
108815
114
15619
47226
90827
57
73904
12998
14320
23733
4380
159422
31
16851
28
6059
36357
41710
25
17
258
225
33600
105011
8592
171
152397
85
140
26
108346
56
62038
19
200
47080
1082
4
13597
186
10
39717
21870
80
38730
67
122
4582
88
17895
178
71828
33826
52432
332
44986
47305
130
20
181252
28432
128
8
4682
236
93991
297
155154
221
141
127456
21
280
22
43636
257
2922
115
207
45962
19322
217
139
15
83184
11912
12785
192
116373
26217
190
36344
34144
38750
16
263
165439
269
90267
54585
2815
9
238
35805
186
26599
127675
12
1327
11418
173
9076
172
6
178
66
67682
2355
83483
10450
122
59
231
138
124
81
1252
154
68
228
172971
3
3433
38150
3418
360
163320
125744
109797
207
84
253
71900
214
137011
57311
33640
180420
221
102
322
30
9979
263
826
191
96
73
29339
66382
10
6987
96323
195
122510
18424
219
54160
50965
3971
34665
236
34331
119
4
187
19
175310
11225
9712
50
68906
32301
115996
6639
6288
278
7637
1
259
151
203
94
79528
16
11387
8131
11647
199
53
34450
86321
14320
590
166485
27799
36312
154688
181172
236
37631
26001
2746
81786
68331
137
117409
226
33728
180
7860
259
210
113170
260
30
260
159011
272
47345
396
18445
9479
64918
49
96
69848
18183
30710
122794
122
12121
189
6
255
4003
34430
22298
7609
197472
91511
74713
304
308
2711
239
52220
54458
322
218
5
4790
9199
211
182164
98261
243
39
74256
24302
253
117371
12555
61614
322
71
142
242
98
15393
1694
31927
16254
313
117
304
124021
55407
263
126299
12364
133324
11136
53064
197
57581
117
3935
156
87026
111
95
186
274
136780
83222
162611
222
6292
19790
84103
219
28271
273
88285
45
71
207297
19555
6
150
31125
200
7721
35
217
55412
55562
5072
258
10
22
15
158989
98321
19
301
34747
34791
28528
55
221
72
26
151
81785
165
26205
80929
4156
73449
67
28032
108625
74143
142450
189
3320
102780
63
129715
10547
19559
39
207
43113
100198
29
40350
68
44
7036
48976
26
67851
44093
199
72
4268
240
3714
62138
106331
250
92
70069
13
218
169
60698
46
1862
64873
98
26990
212
116
43
94
81587
18814
108
139
86
44608
22350
35
33082
147
45096
57851
10868
23160
39427
68666
34
7
37
14
24
116752
3925
224
210
103
127865
123
1158
136
3
39232
221
247
31458
22483
69536
80045
116
95
114
107
276
399
109772
105
248
143503
67230
113968
40107
55873
271
343
139774
55198
3210
60296
24593
346
15385
93842
102
138857
179
40533
83154
12796
18830
16020
19004
95
184281
23903
171581
6
91
46303
43117
8819
5441
26
9078
79175
69
65886
165272
97360
50751
85606
203
109
54494
13
247
22278
116406
40638
173467
119
285
116
201463
339
59
37768
36062
32414
3804
243
259
17982
8286
230
50416
42346
7
16851
20
73639
122752
72002
52
90872
199
25592
101843
42730
2
141687
304
20378
78163
185
12542
629
67735
68
91
155
305
221104
83085
58042
171
106769
199
136
229
139077
31742
2271
19553
88883
193
68
45326
183286
16
105
100830
88499
217
72
122
13210
180
108
120345
27
92
219
96
153979
114278
178675
18461
171
21
249
65807
70
212353
49
912
105183
118
25
31230
1249
52751
10176
116712
186
184
264
30
137
14675
181620
1047
16014
47
13443
277
254
187903
21447
255
29212
30244
185114
17496
178102
81
11303
72561
142865
82058
25984
66279
73
62571
209083
71738
11489
184
219
146621
50333
154
196482
19928
173
107114
103460
163
2726
105
74536
18924
18
221074
24114
120
126600
10570
48533
205
223
22882
83
149942
200272
13197
144378
150366
45499
118
148849
81008
181
93575
104
115165
57350
92448
53
23053
71488
195
146
88
1116
12511
1
43579
130753
11294
2
192
32332
90405
19335
99478
95
92102
187
62432
175
148
17095
177708
131912
82
200445
13
205
167
143
200
6382
26596
29766
30
76
84
4352
75301
65308
1
148
149
223
54814
15011
39
149
101
158
200
222
35984
47872
152504
80
21942
263
14
82
53
182078
8
213
7562
65874
260
44520
86302
30
3606
34880
18
356
98
206
89
105030
42600
72878
64264
30118
147
119710
160822
195655
269
126
59496
137293
107431
193984
1316
86
300
128296
59354
110
17806
77805
103
33543
33
110907
36711
111694
117881
153
230
9731
26807
48
17761
39
114
31893
54159
117
206552
11600
122071
15076
3329
1
132662
345
218634
261
115
83828
866
49996
15815
295
163535
60
26
5191
19022
24
2658
356
366
193
9128
8950
34152
31
73
151785
178
48621
35
29544
11
2339
12634
253
7089
138
184168
86679
31590
141871
183759
331
62907
43561
49162
105331
142871
143697
111934
41037
21
8
84
71
119640
1780
132653
23839
114
198
15800
36371
270
48614
222
86327
75986
82844
114009
264
161
122795
40447
66695
39209
14
103
25061
14460
48985
138805
144096
223
87
235
111
63756
209
29670
10042
17810
24324
50944
98
26107
56
9
100
318
46632
193
2181
50366
3783
31304
90090
6536
198
156060
30944
137
306
205349
162
197
16639
136
35926
44
45283
121971
49267
200
199
7452
11937
296
188
156
130
237
66648
275
82192
68971
56953
67849
40636
358
146513
28222
316
22471
79782
16181
46917
5168
81
258
96821
22800
73245
7906
54723
173
94
49
167
3267
58061
81
63518
136
31599
32663
58397
108
13685
135
118
9688
181
294
64397
107
34389
1
159781
160
216
11454
204
98
170
2641
140459
124272
76
55346
32
168
20737
9380
251
133054
4737
216368
149
84730
19069
9671
302
83481
71449
59
95
109
300
6916
51
24
38283
12145
64574
96148
108779
216
169018
2215
28981
2695
69399
146327
74696
19072
56167
87999
162
80954
18245
72828
225
211
136342
37135
70
44022
14096
4509
214
152
365
6191
456
157016
29984
87785
217
71715
249
75874
271
15234
1
988
213
79958
15
25936
213
416
148791
6
273
46027
7175
141398
293
33836
8618
48910
134
72
126
107
120007
155
33937
157
142
145
1
13
1
107
28793
161235
17748
36443
51024
44
100
45
8558
94879
85798
35
102
6
32069
64317
207
19821
239
107367
104560
182
151
112364
96320
376
26143
97505
162668
42979
57129
26547
1
66952
155
29480
225
193
50
128
39
72358
48946
184
77486
1
175681
288
28
207
30151
259
195024
61
66194
93761
341
56413
87457
49
57061
42
5712
6338
6884
156837
197
72
134
203
21
239
52
70
149237
19377
110
253
839
16601
344
16501
144406
74708
6419
260
15
226
77787
260
95632
1935
160968
33313
128
44207
66
146
202936
19616
71
46342
242
81333
108
235
180
232
1382
69
88850
144
101298
26276
81
127
29
90
96
97853
202
167650
87651
119017
124
67
68
87136
100876
164
69708
52
68
12091
520
1
15742
300
978
142
156
136
421
200
82997
154148
139846
33334
191
162
90910
127665
1144
93774
191
29578
4275
160
15
139
5957
101912
12857
184733
16940
189
50
87433
167
1264
52946
263
159465
76281
109080
153923
214
171571
6051
136
135635
1701
269
65825
15
310
123
7346
17314
69693
5407
85283
117800
97468
216
27319
14193
208249
37554
110331
52206
34636
11562
12768
93
130
67413
20881
270
77033
111149
37932
14133
216
31360
27
172812
281
89
189
56039
185
261
431
9644
54429
8849
14458
19998
12511
203
120668
99736
35056
66
152550
254
10620
180
173145
31417
214450
76188
80618
9075
142
25081
58948
357
115
133
86
107833
5423
37494
86
83229
24490
67445
24
11468
5075
16
19532
172
209
196
84
45688
42
111
2735
38384
33769
162
43
234
92
31464
220
50
31089
348
246
272
160
204
241
101
116
4768
45487
80614
115790
105479
135324
191
250
27
51024
140518
74025
14321
76048
143
25830
114374
126226
40082
19004
115
80366
33517
261
252
191110
155441
169
355
28954
26442
142805
104258
283
46
60925
26269
110
16051
75358
51769
18607
157
185
197682
41447
9
95
63429
146
24623
400
161794
32103
14
75
123322
25660
231
61622
10465
199616
188
10013
202
265
38
99
236
191
201
302
199
208
62
66071
128
90
264
183
259
174
15826
212
9173
3566
227
269
266
12889
43777
114
312
43600
124038
47
127720
222
19947
7715
7782
99700
159875
24177
62207
88
32230
41676
2
225
164
143
209
306
79935
7507
18535
216
228
267
117
138636
358
146
10
79056
74
217
135
16759
41085
306
216
252
136
180
138
72
238
44787
23566
31586
229
40253
165
56666
46501
5268
253
28332
60
42
106657
257
16651
61
112391
106
100
7512
4187
150271
37
62616
166
167047
187752
190
46688
203
3128
225849
102327
177966
184169
51997
161
116507
234
137
70735
75456
184418
115592
59
284
7203
133971
76
212
30216
92
1371
240
33625
26394
128
232
882
300
129
249
168620
80
34583
49204
44
823
27485
5139
38
136416
19804
9408
54966
66594
2296
110
214
30073
14624
128901
268
101618
97957
6236
191
101
36690
384
74300
10566
29269
2386
17253
179
14
38
21
116
299
9374
5856
276
57125
98
241
11056
278
23962
173
227
313
135553
117646
17094
34555
82715
3614
32594
126832
21914
17138
291
156930
99840
92
9336
109
91
113
128508
160
49744
20033
120
33972
169
94
1567
187
298
55
8422
208299
130305
166
1
256
161440
1
66672
196
31852
22
30209
39641
117949
77851
163219
8464
91302
289
33817
68447
197
41
82
75
209
72
136
225
42913
4423
97416
24353
297
46052
50
113
62034
6
76134
385
5676
250
148
24392
80
62
186
114
24814
124
10293
203133
14454
129
75
26089
95
73745
13277
137655
156
167
182
2259
66
58487
263
120
81737
7071
2114
699
98088
50
4466
116
80
146109
22680
270
244
416
4963
106
120
306
335
191
79095
177235
55
16249
17570
66830
35822
50660
77173
62561
177
146977
86
232
193935
77540
42
65
93377
201
203493
13766
11536
85942
95
1551
3457
114663
15
1974
182
37348
64
117785
231204
9947
41611
223
267
107
109
55741
182031
43097
42202
44
7045
201458
71093
120
217
22363
26286
100081
30645
4786
288
248
72
50171
45532
165
134
161
73546
10759
145992
43776
311
339
32822
160
66886
63429
18567
262
113
124
111
1290
115920
44932
127196
13122
106707
210
33
277
140
24839
26982
281
96132
32734
216
59
86451
31
214
30
142
222
85015
165517
143
217
2415
159681
96920
207
90725
47312
223
127977
358
144740
158
150
5536
42
106868
23574
43975
88022
23827
16561
10874
20885
223
11691
202
173167
268
43
341
33177
17
48084
7355
53774
155
37488
84024
217
132594
150
92225
102540
26766
12
206
79439
11431
38
3
65345
111828
258
29053
296
14001
110965
93652
79475
5812
146
71
125607
100616
65
31
269
41381
32996
28
207
210
9682
8492
248
75315
129
9398
213
266
23900
237
286
84
42833
104
238
141
4552
8652
1
62856
103
46108
935
103756
154
38530
74374
259
198
236
186
34
262
252
29030
29337
237
26
78
6180
155149
156
236
28
260
18
62
72885
18347
78582
17540
34795
140597
397
7512
137480
261
191
72952
49
45970
107702
11490
112
97797
288
43
62282
218
360
87509
126995
87103
29338
347
114
3
97
48
74
4115
30
447
89
132
21
105125
10
21
31229
63
152
78883
4462
188
107864
181
191
6778
10724
1
217283
132
47678
148963
256
33366
153
159422
28106
57
106
27
72256
6522
30302
112806
18541
255
102012
195
86
202
9
15405
65
291
166
62382
218
145
8446
60
208
248
67
68290
39853
94861
39152
290
2273
6024
123193
42430
65
932
69
32
1
292
149
15012
115777
181786
92506
98
85
110
151485
64
70
180
54128
22
1028
5
44
120
9097
16060
48382
25
36511
134906
289
13
2661
69178
1526
149370
139
124344
38744
494
55239
270
184
94127
155128
85580
164
179
37224
63790
128
28027
100630
1887
156
230
4
148
55788
1444
90814
119
189
24792
738
157
273
148
3980
34
173
10
125221
9271
73366
95128
44812
23302
304
78721
16960
9
196650
221505
15504
113142
111
15
90017
250
124125
140
75
24
7209
200
100
1
191
32591
242
93
158
6932
159
9107
253
148
13177
101090
152
194
126
115
25
1
122
220
6603
131
67874
38707
98
166
141276
228
108
192
28
35282
33
53140
192
177
329
15053
332
149015
105
47
170
71
171223
75
208
170
8273
124074
198594
191
145650
14992
147
13725
58837
141
127
138
79394
232130
84342
110
160787
991
92389
89279
124
209
239
37428
260
60023
40023
36427
80784
142527
965
8496
173
49219
2788
177
198
60485
37971
497
300
69399
129
12151
198
100156
120001
267
75
3205
25764
6257
46
40776
236
110
239
239
803
17
12640
212
123964
176
41619
97
197
118
5827
5873
18356
12
170
26970
99
216260
54
40084
25
125353
39
1
72
18
26481
16475
26
50
29087
20650
52974
178
137
11053
24
29
2096
219
260
3608
175
177204
18
46032
113
67373
103242
220832
49
150
142
4071
121
151
47180
70
42
10113
32
27875
5875
132
48524
32737
137
90
179
108278
131
68
158146
30468
29195
6
10907
42060
201
71888
146
104905
2
231
8668
638
185
19851
65392
130
120
190
56317
17199
245
18708
51
308
48
74
301
50400
61768
108285
117463
188
33
142
87935
27919
8440
8270
261
253
130
169088
265
282
163
37321
40455
248
63803
31
160551
49919
27861
3442
295
121031
1963
47
26089
17967
267
95626
70279
119
43138
119926
190
21742
113
137418
131713
16294
109648
12164
117640
4204
172495
53
66487
203
279
17770
30
25953
197
105
234
178939
40056
39
17903
75583
114
106
12
84983
76298
92443
114986
87737
9596
116
140
40
230
103993
158
51
159
121
108114
19
133483
69147
77612
148451
48583
41
97
91
216
143
59834
7816
93432
101095
80
179115
74509
174347
232
47358
7
55
57
126297
10119
258
105
112307
148
26
176
17544
271
138736
100
134767
71349
91807
106808
205
51087
27061
12537
240
68343
101
40316
100907
130
207
49251
45196
36924
60
147
3176
23420
71520
75386
117877
117
12837
258
6531
34351
15838
37476
226
260
248
51
247
81
9288
193
136786
143678
53508
85527
88
52
8873
418
18226
262
9114
44257
2701
137568
26043
118491
183
79
28
216
164919
117559
16
54882
106
172784
5009
111739
188
19782
80
336
37
120
68113
231
41
45
184
16966
302
292
7
120054
19321
2624
192
272
20638
65
266
72366
2118
5463
10547
74
103
149644
24226
1870
199
265
76709
174
42
18
150
250
28650
95025
143
130
79717
160
280
46
35
132139
32617
228
149
181
15
132
187642
78
213
218
117
97
288
27072
169187
89644
45721
130
124484
6927
104832
59
298
257
68
29
37
76327
13
36666
314
179
73
121
71
179
169
530
306
153
24860
21131
97
107621
71012
69
114809
12394
84442
22323
8031
202
15209
6
18690
33
6155
111
22532
10672
76563
73250
193
70
169
36140
1069
12847
1257
55
32758
65831
23901
12752
89405
21500
24174
189
165
26584
143057
252
131952
31848
323
50919
270
308
13043
56
20119
161
88652
128223
57
44654
24
135166
27
11958
2382
197021
8021
26011
87689
47820
58880
62672
42563
213
29595
67
17438
19806
127
147
186
126968
19
50
51
111470
37633
29
224
121
1
31112
46571
7
4756
64452
92342
6015
278
273
83870
112
26577
24676
116
71
22157
122070
209
50610
7071
177049
182
77883
171
104
191
37980
155
311
50795
49492
102
200
185896
24616
17
35497
38
84999
112
60081
189
155
67709
5388
28
234
34
215
150514
4633
154
57246
167
165070
98645
48
5
345
132914
30
211
195726
128785
221
191
6753
14619
265
470
4043
949
10
172
231
181
98897
18896
53112
27581
45060
224
837
149
229
56595
68
46909
23115
44975
146021
179533
26
15262
91186
1538
35935
23366
143994
278
268
15
131359
66
171
43
169
23604
3745
267
47472
54386
194
324
39497
74
77188
254
210749
55914
103015
138063
15382
88
29089
2599
55814
3959
3
19278
32869
112
104
34896
129
194
18152
62
114889
157
181873
51552
144
29568
50483
7039
14529
285
260
227
12
18270
73110
14810
8569
69827
15963
65
185023
165222
206
289
166959
168
25179
233
8343
27664
19
1
40
11296
162723
2456
194
96
3
55157
106225
3982
206741
48424
346
6
148
51661
66342
70
14490
259
286
23
293
10058
602
4917
300
9594
77
68836
72640
220
14648
252
5868
2753
75882
226
129841
217
51
25
25
22039
139818
212
91797
5
63245
26537
97341
220
52253
17465
4181
24982
3047
59660
124764
206
6154
227
204
72
121288
114
71207
248
97877
848
202
148005
277
201580
61177
18767
10364
186
129
77
71453
29829
254
185
114663
49430
142
157276
153425
37599
144
20811
62129
131064
95582
103985
359
23307
49498
30263
28
204
169913
25464
155
182192
4080
65
132133
89879
3
7145
11
116934
1629
18
61603
111
164
11967
2
63977
268
73339
155
46042
2048
209
205
156
148
212
113
250
110
285
275
59315
118
115
428
59238
37
3601
102
31230
93779
66
12
6443
88005
71
115
37
6482
111289
37512
19
29329
53
41
102580
39844
88230
195292
33672
8330
14692
15452
164
34308
168
16478
46
370
9
28615
95908
38831
96
43634
174701
35
336
127475
280
157
97
186
55275
11900
32418
23284
7126
205
106
113
47136
5233
6061
15966
166475
47051
85
151611
39
97696
284
110
216
7
240
33277
3
184153
186
6455
10540
29
18119
207332
29
220
28938
89891
76173
37876
9
89
91199
195388
92
41270
77288
6500
90
108695
221
15233
45373
208
148137
29741
9689
2066
13002
79218
18586
259
2688
17842
129
121
273
274
126
198
14240
122
225
67948
203
198722
372
118
9550
26225
117
2956
8951
74246
8
362
172
68164
77
2448
258
307
199
240
9911
193
35241
16570
9
34035
14198
2296
129460
85003
43300
298
711
101901
78
173
1408
172
115
4431
39813
168655
88432
181
114783
54815
84
56856
6571
107
64863
121
126444
16135
118886
315
43
150790
22821
12418
3998
212063
105705
133
88
249
147619
145
2573
50145
151
31437
157
58532
27273
84290
4725
25040
174
47653
113
161
100086
84
16189
4727
274
225
6547
21400
244
226
12811
53
34
18771
330
376
6371
29771
24158
62
303
89
13
255
31525
156
193
9738
118
115801
71
4
210
74846
9691
176
1
81
137563
746
32254
167
5533
17373
38
46282
148
84361
18268
91
1932
41951
171
12553
33859
65444
178
208002
197
43145
164
144
40774
140089
3439
47763
126
59632
248
40536
9044
52
63
190
124
52003
29062
51740
21693
51818
34358
219
2
9
296
98
78029
39521
72605
237
10
28
207
62
75700
123373
111326
122
5357
99
105
171
98
58
24
261
54829
600
102750
10869
47756
6833
78574
164
22889
83
54985
165
209
225030
163
228
27183
68
71894
22988
126611
6862
256
242
55
76
175
131
308
260
221
120
74069
65059
15549
43257
149809
50896
11319
37537
37663
27
235
25831
182538
82812
1
217
152988
62840
58
184815
280
297
319
184
3985
206
1364
78809
44
203
182
4462
114033
263
22787
162226
219
14813
37425
178
24723
284
21205
19
76661
201
235
14215
25937
1372
3638
5
91046
99108
30
213
30574
2217
25668
264
206
31018
95
26667
20726
144652
171
17046
161495
44290
226
247
128602
67125
131757
112586
376
187
30
37
1288
73
191535
10965
29151
106119
228
323
142
47917
171579
15726
32559
128848
35115
80865
26076
186128
127938
78636
187
261
122
12646
8
24719
78390
201
258
81887
103790
170
150894
69
98650
79781
264
6942
141
11957
16992
25
293
167297
102
6941
86432
265
64194
12
153426
33809
18
21
58877
180
41516
1818
355
112704
141
12219
16511
52
97
33590
9146
35725
14668
54555
1546
3814
336
268
23006
27
271
4806
14198
16357
64189
21819
123743
53184
18369
3952
40802
1236
57685
78
29249
27345
3
154
24750
13031
271
3818
38918
58522
1395
112509
33787
292
6
1182
130596
74
168279
127
2862
52
25953
12559
116
293
12075
47873
202355
108
34
132295
2703
16911
94
186
13514
274
28
97411
243
13588
27756
37824
84
90
204
53274
140
117712
197
30
2536
25197
156
665
21372
1042
89244
195
225
240
97690
15401
72
27862
102154
54532
15
135
107
113
359
68
251
141
124651
23381
8421
8356
13037
148
9592
20
53
32606
50
24
205
116377
50352
58
227
30858
163320
57339
31129
2784
2194
73
14128
45655
104
73257
2233
185
57
325
19666
71382
57911
349
36769
30835
30197
135
62485
2346
46
29
17
103632
17061
20763
164177
95521
127867
47
142100
2742
115
21
89892
52172
66336
105010
168
40
7394
8739
7606
218
7000
172
204
175538
70463
71111
6862
105286
10
225
52846
31850
91
22846
59815
150
77
211
2362
46730
129
260
196363
15357
21445
111459
41650
117961
16193
98155
292
3245
59025
78410
193
64350
190873
261
137065
101
10
35802
177
1
220
143
263
173921
15
163
18996
839
43167
295
121208
160
2717
74461
243
9901
98
46
82465
275
7251
6038
170
29220
40872
80776
74248
119
74181
32
236
92
15292
207
179
26693
3892
166
78884
29
146
344
21917
12765
68770
14
132920
11561
283
17775
123601
75
104
124202
20663
285
150800
169349
287
3282
1880
67467
60471
107
6083
60232
95077
125
75
12122
148
70759
123
35759
86598
80064
66308
48501
31
23372
7646
27
38297
128051
92708
175
32249
57475
179
3682
5078
22070
157432
138
34452
1
33787
287
88
23
131
181
271
11065
99125
68
110478
183
140
78
80426
9080
2473
335
55343
120
134516
33127
197
183636
19676
48771
109
7338
208
112
40047
148
166
28076
41
27268
89021
113
266
94
58313
43
210
171991
7146
315
107
53971
134
75699
42741
201989
5129
47669
77
146
109
46487
196
108
21434
5270
77
135
2297
114070
176
120
135
66
27679
14
1386
187
125
182
1892
93326
158975
46699
121436
72
74681
134618
157
103300
3683
16273
6519
50
113
219
297
66233
96342
320
13359
252
16
97913
51
194632
1
25391
130330
199
275
358
81
6970
210
16717
19
47139
8
49
63472
122
12124
215130
35903
150
43261
76961
195291
158143
36365
248
2299
135280
73046
51746
267
6449
28908
5901
100941
66586
113896
75
4141
128
12947
10235
43311
263
237
45469
104
1363
84236
15
26137
162
36
79
9087
15467
6
251
140
223
241
103396
36255
63390
233
130
47449
25050
90539
208
172
109
188
35211
52
100
11910
9
1643
299
100
30025
42
43
8968
88001
147707
165463
9294
212
68832
1851
239
148688
252
38
453
58
47535
130
9662
12041
54
57061
18
71100
13565
203
133988
12902
354
18221
78513
85188
100
58198
6027
35773
207
45942
1559
123281
136
248
257
5772
27913
4298
251
210
86
287
36918
33614
186217
54056
214
2416
292
9
86324
14082
92845
294
92
23497
238
127772
122
49
30616
76
24782
115
186947
2843
142
3734
3149
326
92140
11
251
205
100213
99
217
16508
91
40355
95148
47
302
59298
122733
1990
55
102
105
204
142221
131290
21264
40921
78239
120
319
241
12412
5150
27655
138770
223
205
69916
167
194
145447
17
85327
116
112874
62268
163
23862
109
72961
40514
126507
237
144
101779
126
24083
76796
106
34747
63091
66804
5
269
100
132
5037
167902
79258
264
11611
131
27432
63525
28293
102
30302
69870
22
111
124096
123
256
220
27876
123
50882
63
268
84
58
201
135
126
56
49
10285
114298
20904
325
258
77787
207
7443
134209
15147
33562
113
34159
48583
136899
3554
65
63
164
25359
136
33398
14073
84507
11499
173226
87595
195
74564
94649
114
185
127
77634
66379
307
26082
149
26042
4870
153719
82441
189902
28
228
14491
197
58985
201
157
331
28634
257
96040
128044
7739
9917
2360
130765
188
3889
7
20
31
155
341
236
312
154
28188
183
77932
40512
20838
38968
54870
21206
109
67619
124
142228
241
35200
97
210483
80381
43243
17
3950
3
12066
114
38143
1927
169
16158
100
62270
109369
250
151
201480
58257
37751
42230
76671
14298
155
71510
33
11735
40419
81885
78505
58
131068
55583
61
117754
289
36760
17
234
43695
74072
53
34
143727
17
182
152668
126
5863
302
44864
17067
144985
88
195
3692
88786
51455
46
100220
58765
304
44813
42413
48
38181
30718
98002
2
170
3545
186
124264
169
204
221
104
2541
227
756
9612
159
147
9
33559
107164
215
338
168
28754
22153
167507
116
175413
334
146
9
146105
122119
197
7728
34
36307
65391
248
52
300
31282
194
107340
33486
280
86570
145
81266
105
151
157
253
168
167
62440
169
66520
59
65961
48
78340
6835
339
27837
4320
89
28043
134
25088
120780
100006
135
192
69642
220
69101
66250
152
29940
31728
9733
86
29998
4
17502
251
146479
173
58
32801
277
126437
181
36
42178
119430
25895
120
207
98
10856
10867
139985
72
95586
296
163333
52287
58
296
185
32671
745
131985
50
23456
139
16570
1864
267
133
5032
3
22
31873
73
212657
64038
5586
227
149832
290
40553
34
1285
57304
175
69
115075
3747
1696
10077
53371
76
6248
3
116
66585
255
88079
38
124
126025
74
106
41
228
141524
26
4493
5
121539
67269
66160
126707
159
105648
168311
313
87413
8825
43640
86965
19496
109851
157270
35
50120
16959
92472
9571
132
41289
236
4006
36
20074
159
117754
71611
47259
115565
221
276
207
21333
120881
28730
47289
64225
49577
111
31
95445
132549
171122
198
269
28014
335
10
17310
29181
215
64763
167
310
324
79
90996
386
180
158
202205
131
232
47651
21754
9650
152
112
275
49632
77
21302
14580
141
32752
69656
44461
26294
164
183
181
2747
157
88368
106065
272
91
112237
56
45
68384
113231
69424
92092
38670
206
12725
64232
71705
315
30161
133978
63091
238
7477
166155
319
97166
98031
78
2521
107555
246
115
203
38897
77
233
182
98640
163662
73482
37742
1558
15408
59211
163
93960
52460
47
173
185407
15263
147
57589
56
178213
6
323
34263
111366
6
189
32698
33
157369
37351
61047
14043
54498
110906
124344
156570
76
127
81
143963
81447
60198
138
198
244
204
9
274
66144
243
228
21
79
33836
89
110183
690
88149
124124
9018
9
121
139
48579
45
189117
11827
45749
118678
178
88347
100
264
1819
25973
135
201
74257
157
51364
200
170
351
210
95
84522
104208
22
216803
26837
34081
31088
7
194
268
57
149
128199
17955
2545
31814
191
168
163
20798
144
53417
54065
3230
81
221
169
29
10
267
42751
180
56
5348
54812
173
56228
83
24128
199
2555
158
225
101993
53390
39543
3709
64062
30290
55
188897
43022
114
54
93474
28896
305
258
57781
171
256
23
129655
206
118
75504
218
44698
97854
2
43686
13680
36554
129
287
1726
233
149
41993
52
168946
50218
24
94
165242
120
21785
152
15242
21
3864
121032
25054
12562
125300
23563
17926
126
95
15
27314
5203
16104
22743
70237
95907
122740
242
17
173398
231
9296
155858
28
262
39
65102
67761
198
28262
49840
119895
212
243
21080
63
35693
96940
34146
21928
12285
103
186
8649
247
105
210
123
120
34961
116
166
223
153
57
102
42420
99721
149
10
104
29344
46407
98
47286
18752
126
24929
139
10701
68770
41
40728
11022
17875
240
48598
50598
333
30
13168
16489
172
46
75165
45
29743
23138
116723
207
318
62
112
158
26155
194
38
59249
125
17900
30978
54125
30
22332
31
182868
65462
198833
63321
267
8
110325
39104
79633
80
32
768
36
36
7961
200624
200
72001
36657
157
260
155
30
39988
32649
161228
43178
102902
5841
97162
323
165
40160
28134
91
56452
56045
21494
257
53927
237
195624
96401
423
251
70144
233
149510
28243
6581
28196
175
60727
114640
51
92127
19290
345
72
58234
263
269
132966
161
46
28438
146
179858
119007
90321
188359
120512
252
40258
18769
36
60
64946
314
64
74092
31
14351
29593
5318
19751
114
180
171
5101
153742
5946
35563
177681
116637
3788
307
213
20289
94846
142
39488
20408
32009
25496
18638
60
74729
1960
170
21547
30624
151
167
65
74182
62945
230
64681
56180
296
57459
16255
182
322
8121
324
204
314
262
95248
14
91463
6
70
24811
65
34144
122405
20889
205144
286
64732
73852
212274
273
27847
178
57
93
143007
44
107
3
131
34909
1
13
73033
76380
4295
9896
57954
139
196
96939
135304
220
198
5474
27
164635
125
170
142
108
35225
1105
272
11338
238
13758
57
103409
51123
93
151
4991
37909
136
105664
107325
54220
268
5047
61
35924
23
152
18667
5631
25
37795
122559
203772
84429
230
123
7202
84437
4108
37493
48
21862
122
36
81988
176
29776
12
122484
7076
3701
171
263
5364
12821
104
50176
49091
110
76597
243
77
144059
149
152
124
11397
218
63
3053
45
3662
43211
52651
24
31256
42091
46435
114
6
117436
118
96917
74
31010
9919
5085
148197
112240
2185
27944
46608
37400
15
28237
217
28701
353
99
272
35073
10035
103
471
115
39960
134
40
11805
49757
48925
50907
32
7033
157694
12024
4403
37
8585
40818
3703
10775
129314
6
81
305
275
37
35022
42285
281
126
152
180
75670
14
29
288
137
103749
64
202
14971
1754
65
31946
26
242
216
12368
56090
25
43481
57805
23324
267
95
28295
46582
4294
55012
49181
49591
31
30
164723
201039
204
13214
107277
23689
44042
142
109
280
11136
2200
23
213
65
102
27886
74667
77
10
80237
29
308
229
90
155
243
192
27410
19610
59951
61
88
19512
6560
188
22551
291
122972
53
11031
350
55878
75578
29390
59226
125848
146
122407
109
167
49709
126290
2741
192
150190
180
216790
26218
211
126
11705
142
122268
189
289
30
120
98
360
78255
17467
888
29081
10
36994
8047
190096
29929
23255
84
57144
48255
14969
31
68176
42769
101
89
6
38004
79
18901
2003
55
9
145
17236
39434
6664
258
108
277
213
180
126
41719
74
73
94203
32917
15672
208976
170
151
110943
49792
521
207
18765
39
95640
59779
23938
329
15
229857
150
46684
60655
179813
35936
19852
55281
4
167
16
23
29131
70
80240
128178
243
222
254
14551
81279
131360
307
150688
27207
277
50847
218
216
22759
170
584
67730
176
8
15511
148
122804
27851
41706
8037
78
62285
210
95475
163
33378
12
79
4723
16797
279
24701
1724
196
148772
86970
3563
225
19362
35873
18525
92
20340
124
61930
337
153
226
157
280
109
219
30495
101
36230
36735
9
32389
49196
159021
84200
208
86
112
177
101411
7867
9861
4242
147834
195213
7
227
3717
110
31
48211
103
4
64604
59
166
22435
77
153
4180
84404
155
73663
1153
20812
239
12737
53896
87460
81
140533
68278
45159
250
73
39002
70763
77675
98015
243
6158
72
195
18805
58
33512
17012
99
330
2858
109
11708
120
84005
255
1
167604
35129
82141
57539
268
272
6515
96078
6447
311
104482
25499
45563
286
17371
3890
54969
11435
72
286
188
82
32219
315
164
86
73496
139094
172327
40630
22786
224502
57465
127661
12552
10970
163030
4522
184
9003
33560
70
194
7259
36906
4057
95
188607
238
17758
156310
16536
26674
123566
185
250
195232
148
356
41837
162
31
19253
10024
98177
44458
1517
221
21245
179
127273
143
330
9631
104
51179
28
80
106979
89177
51087
21046
118
25
8689
119117
179
59577
38190
22170
145
12280
90793
95
75
3927
194
44776
300
249
164
88
154
30187
1527
22
91
232
118095
137538
111
53
71952
110
15304
18038
42679
79
31200
39727
52465
55
225
370
3336
97
99332
228280
285
134
60490
207
3
42
163
40
107283
68173
36653
123
210
118140
93
17365
108012
215
44583
179
37012
55773
145356
39632
29857
271
20934
75
183
173
164568
151
289
31
112252
500
246
10522
140
66
211
25
5208
265
275
273
128
214
72662
28950
13584
10098
124564
17203
6607
247
52631
270
172
64985
14292
1676
37936
48
130423
69403
232
151
15
92642
7900
366
4470
41
3
71105
79945
309
72642
28
64118
2128
171
63384
65481
13
5602
110
162
15089
25085
102325
100007
1
164
248
30
1063
122162
277
47460
1689
9495
35286
126
125
117068
77890
200
99971
674
117749
753
74443
249
58378
58959
247
45373
65708
233
16949
64432
293
3051
3350
232
34395
39832
231
27811
159
4317
114071
45669
130822
310
32588
163
301
70544
18372
47692
72516
178
10
289
26526
205
202
7100
71
25941
126362
9361
196
157
8330
9759
107299
85
102164
151
263
57824
196
27
41134
37552
284
27467
19
114288
137
2539
39
21412
224
212
19259
88
83
137
107160
55
51
16715
71278
27628
217
14
62307
113
236
75092
11261
226
258
11406
298
1547
200
246
21117
14190
34917
919
313
746
287
192
87841
113605
19105
87529
164
11038
39515
137023
21014
24307
102986
50007
63279
21
101761
16021
98919
69323
62781
115098
79611
189387
11856
3244
118361
42025
73444
92458
198325
69
132553
287
14
83825
91321
187544
11920
37208
108
153485
6
43
132694
6
19
22352
221471
45527
171970
29603
38
116
58
107437
92
83240
324
24017
62523
191
7574
69
239
147201
86266
40121
207
115
74629
127
56821
257
172794
239
80
284
264
5108
5020
74
115136
73034
117
282
141
239
61828
131
166
17599
65123
2
67
262
62306
235
117
17618
205
2819
11
226
1948
226
183882
71
57911
59465
17068
12
47813
11356
124609
7983
111
267
206978
328
173
282
93
77152
190
155118
35009
32480
4
65
188
124479
22170
35983
5167
13355
91938
5293
50
195
22133
163907
56
56691
8650
4786
14
13009
137
26608
24472
159451
118
147
183
36005
15755
42361
32739
90
110
34557
14514
174
17114
110
79742
5
168398
33912
11115
312
24916
18881
7541
109546
114
166
138
25
288
54080
14098
56
6
168
64613
35
2106
16587
68268
273
182
269
15
50719
1
217
94
39
4
7
90280
15006
302
199784
16
199189
82
51
147
65
114804
119
248
3669
29363
38815
64704
88
2770
153
51
87
146204
286
10
185
100930
69631
181
64493
25544
25
7
234
187
165
50584
134878
19693
26989
31413
59561
4772
145
153
39224
10652
258
102809
69
94
3628
138
21
240
4
102
170
163390
42431
141741
115276
62
36950
17682
42756
119
30
239
158
149
161
31
20043
4593
26413
5126
26
22122
6611
10
70621
28456
151842
78008
223
102
78765
78109
218
195
51411
50777
10506
61950
14347
32
80544
12739
8642
47721
18643
10609
11602
137
74
76
266
51491
399
283
212
16302
275
9038
218
177
262
184
35614
75666
9969
807
126770
9
13788
162
50193
163
154
57
130
10514
173791
177
24750
177768
34256
13
49426
9582
2988
124
228
5280
103366
50825
51667
18
43
2389
32
158
77753
308
178
198
48
50525
341
165974
27
171
37509
81
175433
9588
50
118742
138716
113
282
169
12701
67364
57898
16241
12021
70380
178608
165
60299
30
240
167514
150024
86979
143492
215
35882
133
260
32
45
33994
78
80539
2
74816
114211
49
139288
204
3312
135
5100
127
5346
262
98343
49468
127
24690
23224
19027
494
63
123
82652
211
248
114422
751
13
23514
7180
96625
58302
14001
207
29
26078
61
296
144401
121
93355
43
76104
320
104239
5479
148
155
168714
113073
82
320
138
196131
9654
25
2554
79152
65
29376
160172
165675
41364
334
25708
222
152
212
214894
26792
127508
205
36792
250
166477
34489
3457
238
94326
86317
31439
71
208
2472
39960
154
1
90
105
36576
173
217
27751
302
42319
45
184363
13779
317
103115
4027
68
138468
215293
1958
18855
52174
376
85
13928
93
140
15610
87521
144566
137157
54309
38
1120
8194
129
10114
132
87906
67204
262
91
12155
93
96523
16034
138748
155
126435
94
99
103
47
236
887
13376
116424
136
49
20584
193
85812
201
47734
10
57785
55575
224
56171
53963
85671
40330
26413
65177
57259
247
37
41657
125840
109494
11435
183
95
40232
30790
5096
77604
84447
28
1556
37877
94
34581
92443
10692
26
81984
37535
30804
13977
116
219
136088
75359
148384
177208
121268
113916
324
14427
116495
70007
5644
20572
77943
217353
67462
58
68
9564
7291
36990
203799
45
20692
116
155
58710
12332
90102
45842
76392
1864
242
126
3228
2381
3123
150
23
77696
25266
7440
28757
6431
69115
4437
164593
279
246
90
37
21080
75
17316
2956
112
193108
28
150
139436
148
91374
6
117232
69
5646
97
201
25361
164665
56275
23000
55625
71505
61
268
159001
54268
196
53
31
28284
5
284
111
6
122835
142580
255
320
190591
7177
6063
217
94
214
125660
199
12917
130086
241
79
75001
1938
1272
238
137788
62349
139411
83937
164148
116396
171
5975
101025
1104
8767
177
146915
9564
74544
17185
28622
8102
21799
127046
5356
68
47726
78471
50180
9953
244
91
28
51042
20408
86600
130
75
3700
119942
216
179
220
79
134
10537
73
213224
189
8066
81537
97
61264
185
22
276
36242
70
85350
3
168104
191
78307
38351
42
3152
47577
220040
200347
100
69
516
178987
80315
45
73775
200311
21213
141451
45272
191070
156934
136
48564
90708
4154
122310
142137
111802
33
183
50831
78427
9785
8
187
652
40433
165
225
75070
230993
70710
41140
123786
168885
69164
65036
25
76294
20
100843
345
70
125
284
221
28788
99
263
36478
46
46875
235
263
101130
266
219
50831
15
117084
9809
157
26984
160977
110
51199
22417
278
157
17597
22763
32
27650
73
185869
75505
140
161987
96267
59
15
37
116
48854
377
803
34147
48
14792
155212
3400
102
125058
61954
203
240
65333
9156
75153
169
166718
6
2231
101
155
106580
22211
62367
12
40241
16418
133683
42853
169701
41197
3701
310
62
207
26796
89
133137
135
91
327
168
3612
26371
142859
235
241
20093
312
323
584
304
50031
128647
262
17748
68492
12849
225
52
45
1
260
4
7654
36150
38118
151388
85
191455
79
253
2
56
116119
120432
184
59613
89
209
91
3
69534
11
190505
7052
23552
5326
115
6966
84399
192
73039
138742
154
28613
32
233
90259
218
65299
104098
135
26673
175
66
1451
60
15
53
207
41063
41509
72785
33
10650
6
6103
1800
46257
226
101387
115908
110
431
293
8274
81
34499
29859
73551
167437
361
14062
42024
6746
120
59922
137
24
147
70
98268
65976
126825
28538
105480
290
15
21139
37
43020
90
115
66503
172
139
58
97
3
20387
38677
49320
10
112430
14
56169
151835
34325
91
2920
36246
136787
192
31
4513
30
20461
59677
11875
202
202
39
118868
130
87
48143
246
151918
3
11179
3248
35
160003
232
41643
85318
154652
95964
57
12827
9701
88
41322
174
167
107400
300
28616
22609
37760
46502
235
151340
73
194850
15801
3596
22514
120189
133
111340
67086
22
13272
91
170
65925
30594
7495
127
223
7234
158
172893
200
131499
10236
197
101157
312
172
167
189917
98774
606
231
90410
39535
70447
72141
6
144612
87
138
28519
107583
156
69
107049
132953
113624
76094
187
15
91649
53969
41
8849
136345
9
18
6144
107
42034
1305
32434
177
6808
2689
65762
130
250
7327
451
121672
72242
83843
291
31
5
8771
23508
20630
285
140273
167
207
109
54133
11
65
173
97
50
82491
211
192
82456
15
15287
57
116
886
270
232
56054
8919
183
62
293
58
71692
197
117
7926
198
236
2680
206051
198897
115893
49698
65
270
29
23454
169
102
202
306
74954
39
12
33227
65151
222
248
101
221603
34919
208
105
61659
9190
165533
46546
97
25
17496
77
192
124
87338
6
28289
64060
79189
2807
64381
62
39
94626
38209
269
61733
79486
191
86390
239
181
22062
1859
198
5856
220
4705
126158
72
91
23622
27306
61364
261
85105
72
48936
76306
161374
110797
149123
32145
96
254
275
23181
194
22155
122
241
118
96518
502
224
108723
1099
42
127
299
47878
90
87
1495
330
37594
45952
126475
364
77580
81
81727
68703
26
127
200
48497
63035
247
48419
209845
136
34054
43782
3201
210
4029
321
245
202
69221
274
26669
17821
8
149654
50386
208
57850
54686
135009
73
161
2382
153407
221
54485
198
85424
147
29001
67139
70
98
225
200
34
145
13658
208438
161
35
268
165
164642
201
250
94
145965
2480
238
3474
12581
6356
186
58950
33718
88830
128
23
46
350
185334
30700
170186
9
13119
99721
171379
38385
290
86446
6
72899
56
128
139
5540
168
30186
24765
23081
69
77
272
78002
53144
150
41380
46476
68148
12446
335
97
57900
285
39755
136627
2576
199342
179
6580
45
25117
16473
171
127
120
92582
153
17428
19036
296
344
80129
127
122860
3904
12521
4980
155
330
105663
93544
136521
225
233
167087
10
132220
146919
141823
19
41684
28
149
91215
6
100
221
49455
292
13
63
4978
85
55533
186
126
52260
30603
3303
19489
61
13
39033
21
8672
104
261
178
146220
81023
248
86
591
105006
165
17602
220
6818
200
12508
108775
99407
107063
4
57006
26574
51608
158
45795
143028
640
74
4633
3
38886
2
19572
217
40
77
212
109631
300
66451
91917
109571
20888
135
78466
43048
33468
141306
6
28878
103370
190253
122501
47844
20673
59
155
88
167826
114257
18638
143921
3
191
2319
12515
185
84
271
7301
26509
26564
281
94101
141128
83
172
270
154832
4694
20099
275
217
208997
25946
201237
83
80659
33539
40573
248
151
56501
136
219
313
121
218993
26154
141258
5615
144008
91440
136
171
64969
125622
117
13048
98
56466
6
281
73313
190
4893
229
100238
12
73074
135319
5281
174
81980
105748
53964
45887
96645
14
112
6810
50553
25494
85
141663
20635
38594
288
53718
72088
222
18868
37388
38
114058
3291
136
60549
78
118
56723
100915
4176
29798
48230
56364
59849
14309
117
16682
98323
55448
47901
182370
89
48185
8407
4125
206
60460
39
151591
408
29335
15829
78833
1726
167
127
8845
124
33
10
224
270
116236
138130
231
26728
70
221
27433
304
24077
185850
20730
81941
2821
69
169896
3
169
254
81373
53819
7
118
127916
30637
97
128253
23873
155
8287
257
362
139455
46122
129
16849
143707
71
69
117758
90
66032
204
89703
112367
107
163577
217
35
29819
143347
35608
9
89
203
28849
2271
18511
230
56
17417
20748
119
17573
84243
344
47473
148
143
78809
1
23285
357
28504
54094
73
18
8594
110223
23396
19969
31958
88
40352
271
9175
99440
110
112
70806
66981
261
2101
57
119
1
246
85833
87481
322
120
1997
60
31454
24687
224
5223
205
65968
27260
124
33
175
84949
67589
252
14809
240
80
2831
171993
197
62024
29765
70
8
6774
89
1
73
6881
129814
289
116
65
22
227
61
52640
113677
90
97
288
229
31215
16519
4023
68376
185036
133
28
35760
65881
49958
130629
205
44311
82362
283
191711
138224
4390
240
34352
14856
142
82392
90
178952
1809
193
137
149201
22915
65
38645
240
31546
52702
137
224
83
67993
8490
15
248
704
30659
25810
141155
22
106903
265
33
228
87945
13
4956
125
101785
4
357
3908
245
12858
233
158018
92433
204
85250
27453
73600
51377
140
189
7588
2372
94
23573
216
18311
6081
3734
139901
17579
4896
258
41656
38085
125388
273
134393
113
13
6
2715
191913
174835
147718
45982
1
65605
163
38734
5190
228
34668
221
25709
98
12181
27881
102204
79575
23
122
2890
3284
60763
31404
22581
63733
247
96735
49832
80623
135
27985
160960
93
196
246
74258
29584
91248
1193
75032
76190
219838
33
315
101
276
104977
95916
96752
208
129589
220
107132
123
75653
29683
14
275
219
208
3
26083
85619
250
22896
76204
154
95
94685
41083
4189
93
197
235
139
69043
154956
5467
9667
44302
43643
280
101
4835
323
174
158
202474
124997
80792
2213
144
206
32
115500
83576
185338
273
3
65
38570
52259
136133
253
322
89
53342
38
70181
245
95736
257
189
94487
142
253
11136
91913
56
19
110
96
256
50
154475
257
186
6
18692
138
160
132905
3
20078
13177
49
147
188
33
290
87
3703
51
69563
105066
150
91
37687
269
97606
101726
214
219
174756
52663
22384
81227
191
236
1269
89
64519
136
36
144
84374
5
2869
133
55081
6150
108154
876
285
224143
125
181
341
15358
13445
18
199
112478
222175
546
86
51
38541
114222
98139
12829
90762
4813
85547
74084
258
199
140790
26144
159
130116
286
15286
308
43468
58998
225
3
126
12937
220
141
22673
138423
283
62
11946
62726
22
168
11663
3974
133571
200
123
201305
232
220
45429
117354
22
19403
56501
199
115825
113999
226
200
25894
9574
51521
145395
8865
3307
278
232
47422
47707
147
142
50948
30813
139294
95211
34777
218
115
28179
87852
79
53155
42883
60051
137053
167262
33333
54348
19754
116
53866
109961
3098
34040
3465
69107
40180
5514
244
12
260
108616
34
82800
41415
315
65
198
216969
371
22
250
48127
219
26036
40858
272
262
184
37763
76031
159
76747
106248
2632
54190
170565
32
80921
9049
23390
182
197
5
87432
23671
112
3338
12176
154
6
828
4393
117234
45509
64
157
269
50
172
244
104
154
38843
42
191906
188
268
230
155
50597
36
39387
22933
246
31617
168
214
22633
16325
232
24
263
40793
12158
150
296
297
103126
260
173
60
85844
8483
138988
39243
82936
72113
5299
25522
290
150523
156
47570
34718
109
89
140316
137
1182
66
48270
120
83669
57784
89
136254
52
136
111882
144250
184
15614
257
8806
48784
6774
248
166914
285
8006
98
54156
113042
180
78
103
27099
69975
162924
53389
120
285
48225
45
12
30003
524
220
200
4188
240
65278
165258
14241
139655
92696
113
40047
221
140
68602
204
41073
11565
108299
218
127
163393
233577
2941
34184
18704
94392
82281
244
86023
115023
15
103
21
101696
54273
43615
33
114
163104
165
59
19
313
85
24
64
198
49407
31823
42530
86694
12
151
188
271
63040
39018
1235
4
13587
41620
40654
70374
21031
6657
179
167
64555
279
74660
110689
279
212
61470
52673
135125
72505
62
199
29935
71248
10357
28539
92716
33
43
173
128515
94114
111365
14
40160
22605
44
136675
84803
107443
222
111
136559
238
92105
98878
69207
227
36575
91
16
21838
73
157
276
112
11
65026
152
28751
159300
157
289
12300
54452
19373
8079
298
111979
101583
156631
41
88645
76
94
114511
204
87386
146
156
54
92413
83
175
121
263
92423
32043
126235
149
23
51597
288
10671
39608
1098
2746
41416
180648
106824
168
109
69832
320
40
112
101356
64
102010
12
16
3544
17230
49272
196480
54126
124895
17636
6
131
31725
9648
252
217
151443
261
37
159024
59091
40
186
53
6
1101
139
35464
27
214
43504
78408
256
193
240
21877
145983
215
192
48
217
23743
42478
110574
43193
11035
105
233
64
11035
44172
327
8169
33971
18780
153
93340
70004
3
41716
56301
66
99
30239
161
176
1563
163
13710
241
173765
54453
38575
351
108267
53358
59497
227
16623
62
37998
3232
89
175377
228
24884
145539
37177
33
110498
158
2365
21428
43125
5322
6943
94
157594
16
45321
27866
37919
234
67
3
72953
42700
9348
259
127
91990
43183
11780
30409
58045
43193
231
9530
69328
197
27753
19489
147
61669
212
27688
183256
300
20656
41379
7372
18154
2609
57159
2598
241
55
174937
7846
19849
96120
76820
189
203
48968
16684
15291
45
84
55267
117
148
7391
33917
254
51141
135846
15
101
214
18242
162
60764
21831
75
248
42366
37932
73112
15
164
15
22617
1004
37
54115
3
310
2601
180
130
7734
193
36
5844
21921
9981
105
58865
132
220
6289
62498
1400
46
121
23009
127
3
10779
232
1
265
82
5222
247
219
19974
6
212
323
32
48563
129249
35267
327
24641
239
25064
134803
146
4225
213
198
46
269
84908
44335
60397
41
296
174093
9958
54390
32406
70229
2980
12608
95261
129424
61432
95
44079
157
64014
186
144
685
66
184710
55
18309
19
134191
735
257
35358
2256
132575
97944
11444
201
55
103155
18986
111286
740
116135
149
11
86881
49
60876
67404
71052
21684
7
87
4062
307
144
202
243
34
11143
87
34669
285
291
11278
132791
7
37855
47573
203
85752
1609
24167
12674
298
55133
147830
147
57
15161
73266
11737
69
206
66
251
71730
19049
130
149
6
76314
168
83
16305
207
7457
126
71
293
72397
24
70534
85636
2361
250
11706
24188
173
223
143217
10120
39699
151
149
66675
39009
271
5346
14
16428
174739
76168
35636
1643
233455
11373
69045
11390
232
189527
11708
60329
54
190
87303
38860
105932
173
105617
74619
208
101
178
183
65
265
19780
32205
139
30365
182240
226
44
58
79726
226
222
250
270
120654
108
137
44398
275
174992
187
9926
94829
5
143
272
49271
36318
49075
88
561
163
71768
203
156
11210
5894
7504
75148
225
261
104133
13681
40280
107166
119
55
21
47
143
32015
207520
286
15254
62380
22649
38090
130442
161
242
35976
97376
102
75800
5239
11373
94408
35242
164
92474
21
9857
274
46267
90
301
145167
34973
1321
20817
241
15326
147762
193181
21553
26
158348
80
245
164
266
139687
52842
130
226
45697
69
210
39
33522
217
27
187
16606
94583
23575
79141
69271
31
12428
223
1
238
125756
31305
52505
10853
123
123377
5000
62
121780
9314
110321
67
232
16363
175219
18
1285
964
27
94777
73150
607
19876
58183
139
112
15357
244
60
72950
156227
12
165526
69
81820
79874
13916
112
58927
317
58741
111337
76971
18
23
235165
41778
21623
56
6
191
126
87208
116
115
195
10944
137
307
50
160
260
195068
163
63167
85
225
87032
60218
150
36082
145
4092
136594
348
46992
314
99480
95485
55403
22913
57219
132287
149284
63
26633
47649
24
163
21592
165
115315
116
50909
267
21289
95
44
2260
127
91
7930
116
129670
135700
15611
135754
235
46759
16
42651
32991
16382
56854
4415
19662
17811
119
162
44
40880
256
33
122
33368
113
32382
134989
85856
105692
126452
125502
195
173
4808
120535
264
900
123380
107922
134
20786
12524
14595
70339
9657
81
60759
86629
79
184
6416
158
201
266
106187
6126
228
5566
64290
3
65
119816
19893
123320
59212
230
68
4
47988
92347
79154
76010
7553
95108
45078
138
31
117
155
762
3298
279
174208
34
134771
11075
220
174691
41957
36032
77359
9888
144682
1619
33
17475
24681
118830
1702
155
101521
142
69237
11630
36
286
188424
3531
26430
68332
29530
186
204
93
27142
9062
189
41
74
39338
40283
123421
74710
158442
83547
230
264
37
327
1307
182391
81489
177624
55
3064
52732
152
11351
50
240
200030
258
178
143
155393
227821
60
295
210
249
333
26498
38563
25509
119435
1948
41161
171272
91279
116540
290
254
254
111335
36562
22885
199
147
101
180966
28857
62807
21
61463
26
21
35501
72
244
6
25137
97494
89
272
18021
3
132
21567
26558
211
185
9568
29238
189
293
135
94758
29
51842
72834
4307
146094
253
39478
200
45989
3
101169
44332
99569
56165
114
858
238
28296
6
148
18571
13099
34955
11692
27809
19954
95461
181089
144327
116
96408
215
159
16010
259
2789
166
30493
30254
49230
12
24
18157
184
84
14802
130
235
18286
174
10690
41609
122900
45
71776
31
61223
83
257
7483
111913
62074
237
23135
27
329
121
22168
6926
142
97351
63828
25310
2228
22
32
95096
113768
34409
59786
180623
24287
12
111
289
185
230
80
51415
190
23588
36609
12
119418
93
46785
89
85304
217
17984
34581
104
136
55629
26248
174494
215
70
127512
142534
9941
258
11
208
38597
72
138339
48158
10099
42151
322
188
181
266
113498
32271
13704
48
7480
84676
290
45956
7966
284
72988
228
11
67989
81
56431
77290
81
15469
53590
37103
28878
1
20044
67
57
37750
15
251
82273
21700
41380
109717
21803
22888
26928
47572
182
211
119462
269
213
123
46317
160
204
242
56329
132522
65341
45345
26969
297
2776
43886
23480
208
84
65
339
19
24
6212
14104
17517
139153
32569
22376
258
58
206
78
16
37212
19325
49
183
40
84
31671
17455
239
217
33466
93
240
18139
5055
19
39742
115645
223
67594
191
139473
152173
12
151
57231
167
6651
48800
18319
8573
41999
89
156
172
133
5473
29059
3714
63903
43858
163582
43999
52
1976
100513
1050
5054
54457
50138
169118
20764
281
268
285
254
330
135
45585
115
7281
64168
30942
55261
235
302
45918
8899
134026
15538
154
50
13
3315
286
1840
93649
161
23973
163
205
45736
124482
159
173874
1
49272
121131
89
21950
42328
94
1171
62
10394
137
3317
12767
39725
20
190
47529
173965
133
38
21454
237
38643
84555
3
122319
21066
23804
121
147507
154
56952
178924
1155
15535
215
59287
5175
43586
35291
135426
116
121302
160335
112
62
9
168
54
49669
65
58307
10532
8495
32774
201168
24390
291
148736
99697
128661
91
98
8278
58200
59
62
17496
115957
78500
123879
1105
45753
11013
207103
76384
98217
64522
8500
172
15754
190
42
12
165
2093
62603
5168
121716
13
169
5541
77
95
132
38054
104
82
92826
145
20516
267
188
54404
230
185
132269
41033
203
329
2298
8836
114
24586
113
12
78699
94
15252
55
28074
43543
68
5
65369
65477
131786
21012
62735
22
156
70699
28536
5424
17468
193
979
118718
59136
69827
49
16682
78
2685
235
126
131
47893
74940
543
5067
51553
205777
45
393
214
241
334
45850
42
69427
35072
61
196
34
200130
60
164
68389
15874
129
151114
167
99328
101769
101
61
192
143062
272
129
82131
165839
177
37992
112608
56033
32
33322
42156
198
18
2290
152940
10
86
35966
75639
34
275
382
43311
108
128
101869
205
267
162
12
76
3771
37877
23718
32773
30354
531
191
120360
1145
222
128
9267
198
21756
40749
1249
1221
35498
14
169
6341
94512
62772
103155
26295
334
5822
1
22630
13958
87
79757
119
42
84708
103345
79
1918
258
230
32636
11
12292
74604
206
58272
16297
4
38498
107439
121
269
92607
6688
121
152
161695
52729
245
171
153887
75
268
20469
3353
65
100210
14842
235
324
153873
20097
13097
42471
59
296
275
145329
64
47
7499
145504
232
29810
257
78034
6
170304
3643
29539
31
153
813
155013
44166
4452
11
65
22
13321
189016
6462
145554
19371
301
42911
119131
195
41
127023
4310
2007
144
299
234
1202
28419
184886
5339
168432
76380
126
139
91778
57990
194
52014
62
15
6610
73042
27287
148112
29
86598
280
11407
42
306
135
9
126
53
213
112789
31
272
247
1
8714
3771
44
164
137
34644
5720
53
122
139680
118263
28596
255
12041
262
115594
78595
109
3949
23588
107
76
72
57
264
115207
89463
42513
96538
14353
91837
163
20589
42660
101787
13675
194
19554
5301
42273
28191
232
205
76
119246
27304
1772
155897
112
54273
17548
40571
225
10
243
309
101666
35254
164
101524
44
19707
54802
83
148
91068
248
36
115060
255
327
183
5892
167
173
31911
2353
27014
124
185
105816
23901
11892
169060
43799
62279
109050
46
211
212
69487
144600
14554
191
132750
112815
182
92
34446
41702
114
152540
221
10
10578
31562
106070
22833
80311
28259
235
30
297
21
59230
196
76853
151
24463
99828
146050
14045
3
171
358
79
263
48956
248
113967
363
18940
296
15521
4023
19264
5200
70284
89850
38258
190332
183
121997
214
10739
142049
154
68039
63
168
111
6824
285
160
180
215
279
2042
79
155392
48791
11442
114
190
68286
137
61267
34917
70
935
231
65397
194
30274
96786
117
103539
61595
147722
84197
165
19055
8364
308
16699
90
91178
63440
35
47
234
18124
63238
170
25855
31
204226
200
44066
67
43
134237
181
98
217044
74970
18396
17
283
183
91182
12508
234
177
28002
38035
337
92
244
168744
68
11970
285
68336
243
304
1384
147460
6411
75
89
44
93426
131854
15105
328
131916
147379
1180
171815
134060
126
41434
16596
129907
200
155419
15
148648
71293
111221
20619
115
77071
206
88
29327
4695
200836
89
41645
10344
10783
103
255
24
526
26214
6792
216
147
14
50154
101
14
13143
109
5285
93374
601
226
27
4836
49808
189209
24640
7775
126020
253
48061
77354
48113
35327
199576
3137
11
80
62989
33
1921
58075
67323
3161
232
121551
18827
272
317
166316
100186
1407
291
71
156
253
165484
176
1434
130
64776
136
58274
113323
166758
55864
177
154
117
116510
212
48598
222
55069
12292
32963
149176
167596
104059
73900
2987
45108
137
3960
131905
35945
27483
59658
140
69184
66
203
134064
237
355
82843
186
170
8319
33297
53
131
124
52
109766
143625
39285
72421
197
125659
264
9723
41027
92
97735
527
39373
213
737
124629
61
426
76
43799
188
60490
6065
43
15539
230
34
28093
155001
81
68679
289
11276
144548
18015
128
327
157386
93
151625
271
160682
170
36394
77
130048
223
203
119318
45808
126504
186
67146
62764
200
6859
99550
96402
45
178
41592
69456
6691
26873
63506
335
118
203
225
72
69081
59710
41
170
153231
100161
56748
274
13634
71408
111
4991
261
40121
16318
51595
101
59521
275
162
105
42
35477
135911
1443
105868
333
106
24
99
102195
103905
22245
137
3976
3
268
100958
167074
96455
123978
39672
175
302
5726
119622
94
204
97
92
114719
64081
84
261
214
135
124512
135944
15
85204
17660
12007
37903
237
47
8057
80
159
258
5740
17063
293
3
121
341
6203
54
119
250
221
280
3423
76842
3
28528
68456
19
85
165
47900
9701
73
48342
100035
154
12485
100199
22324
53433
210
107
20425
189
82810
693
40124
6369
45126
172441
192977
22971
31349
33
22907
9565
86850
170
32
121453
27
20898
4460
99
232
109508
356
78187
167
75
188
116405
15653
185989
4404
41
92
219291
2830
87753
14369
232091
30416
249
116
98743
209
56
140661
37
51
54882
273
139
41
534
232483
10734
15528
227424
58
57161
1
14299
98866
166
173
268
276
52508
38
42033
211
66
69
185
209
124
19
3194
198
175
245
2523
85
8532
213
199
95976
6386
26726
166
223
13550
214
244
147521
33266
8601
10880
27733
16
58884
207
48
302
137
143447
34
186
34207
59444
4621
159
31493
26463
10404
72863
182
87
37
218
11583
14679
116
2038
165040
76
13788
40322
252
167
14619
217
9
222
92
80
63381
190950
88232
187
143
66761
180
109
258
70116
1549
206
40544
80330
60582
17918
76570
4633
296
55135
17276
62850
42144
22777
63873
3
199
90573
1892
8381
49373
177627
118
47
56636
177
20
256
71
38172
15991
88808
80169
78
50
104939
30465
30574
259
77
72
45726
271
385
78658
11190
137963
29969
135
226
58785
70270
80250
53885
67
6421
268
44651
33972
7365
38650
27
32209
50103
71
186
49432
26414
236
28212
61305
15913
26
131526
156
4505
29
294
11
47
64902
257
27499
219
123
253
21377
154
27
7423
26019
308
227
18089
135
21479
158497
193
62864
106
420
88
4487
25591
132345
1219
39179
13974
328
3882
581
319
73
49538
207
9785
317
203586
122
273
37897
8194
236
35614
63
74977
490
83914
56
199
39019
93
295
135196
81
5387
26
26995
3066
54
170
42
129027
182
25
115437
122
104
160463
45555
3399
257
35525
154
10251
1012
160663
15391
4742
8381
139180
15846
20442
65286
71253
175
7
246
10531
1119
292
400
22632
70731
267
6268
159
22877
100998
6414
177
255
104308
180
178
142
42331
151090
204
136
20
47550
73927
211
106032
12837
31093
24897
283
243
22190
32446
8192
187
103858
98152
342
22524
26859
116
43
16482
152740
10
23528
219
212698
58935
115
60553
58
32383
31580
6156
36207
54532
9860
101982
33195
94884
29438
51969
172
18
28921
63568
32796
278
129
136
122547
109
44713
151
107950
73682
31
94653
52295
16
220
248
208
273
59718
2
212
326
261
275
161500
202
73851
111066
140
153839
223
75
121719
177
135267
275
25
55178
97722
1835
49830
51
74866
155
4
84842
29830
239
34643
129
207
81
215738
48724
210982
105669
18
105502
80
17896
150
7059
38
9890
284
61334
47306
80
62
21
121
341
282
4850
128947
54
41288
119
114506
148
1
66222
25
132200
44393
98808
105132
60487
55662
241
159695
88
11406
41
122340
20279
134337
47620
25906
68427
5484
110153
173
190
138961
141
215
661
206
40041
6787
29
120339
45386
1
36278
3
3
177
10268
366
15
50
6951
18492
13887
147781
42
245
21542
126
149
52
232
64
32450
349
76
161
1658
56696
1858
81
4
3364
19
264
85570
20
117490
6569
54
62482
67547
82701
117546
6641
194
39337
20
51004
34346
19224
208
113692
68912
6950
24141
138
127637
125
146015
97632
62
36
24082
109
902
328
1
49347
165
284
22
14836
138
370
104355
128
94571
45
187663
229
81513
43102
196
33
67240
94399
279
99343
2709
198001
231
98811
41
15440
91706
28122
42
2
274
143790
50736
1
194
78
78214
59549
310
21
244
77678
170
56478
9314
242
225
8477
43635
140774
86
137
3511
147
15729
46603
22
275
114659
181137
232
30564
75356
18795
26073
111375
167
32483
203
20840
220
152446
224
67737
882
81568
289
46519
16756
140123
12640
136
14
132
134490
65153
13760
193
25780
233
168
164
9883
27852
37979
105
122
123
185
23986
18729
11389
130698
262
24
176
9939
349
11765
117
11597
218
180
30
300
14718
128
48464
111
19915
29565
16804
38
263
103765
185331
206631
36306
204
3168
23306
110069
225
39
228
224372
34
43379
203
157098
5
129226
105
42787
19775
251
273
29739
273
24250
9170
7050
1613
34398
22758
75
202
186
199
10958
121893
196
60
96796
42320
50104
122
36478
204
298
68543
2482
99269
32865
289
8843
14453
107507
308
38935
11
133
50
113416
122244
4
1716
39763
188
707
164662
68863
25242
115
120
193
156875
141
54296
209
31
75696
188
58
192
47370
108178
272
181
269
58
19556
26083
121
111735
146925
34
47645
30232
92042
19
268
273
33072
8779
51146
64
30487
50059
52249
2967
190004
22
934
1156
144
81748
184755
30733
86342
4470
276
81504
206
21
717
59
73
223
19628
151
56677
290
86
175166
92713
9852
151932
231
285
207
111828
254
59787
75
49936
82860
10999
208
48656
19
57995
46
90585
100931
117818
45157
160
254
315
54
243
8267
252
227
32754
77257
46682
154974
6602
284
151
191
170
2616
131494
8138
94
269
216
155
256
186090
99954
120096
101
33182
108
132068
202
292
125
38115
12
175
6002
46763
193
118
41514
133
249
2187
7381
193151
83760
69
147135
69
13283
188290
50055
26270
72332
127608
113
11929
109632
121684
7177
3725
45573
75
248
99
128
118
222
271
96
5475
83895
31524
142345
57
91
89525
9275
58767
18287
64312
135336
204202
9881
6
28482
148
5239
43
10535
34
123527
90077
6
65293
19361
273
13842
31
78478
70
137
225
315
95
40052
81803
79565
132997
3
101
122
140
249
11834
66
4876
66587
13943
26425
25529
95854
73726
30906
80
304
41992
221
86582
104
48422
63627
65219
131
126254
73
75861
337
69
45590
15377
119241
221
256
31522
246
110
73906
40
136
48
55012
13503
25810
53
186
330
1436
52397
110420
5772
53130
141
74
33583
234
36
237017
59671
317
166
70197
65267
127
37684
78207
126362
16787
10746
106619
34473
51
185
220
322
112466
70
118
18
167
121084
8586
52840
21858
100
253
107489
2115
18
51492
243
64293
139
91
36
194
312
114
5180
48155
89
3413
173059
930
182
26
54852
99
114
44522
78
24776
2551
42763
26396
9983
24075
4
5109
84189
21328
151
211
97412
272
28
135
13051
299
63385
288
46131
2024
262
381
90728
27656
77829
227
61393
47001
187
282
31969
209
78166
155725
60
187
20730
24887
183
157164
137
8383
38619
79081
37598
2160
294
173
153
165
86474
13647
3
96
13986
156758
209
349
18277
111950
234
92625
248
30
379
240
45849
13802
39399
220
88
113473
10450
60
143
84
59305
198
136
53544
35523
157
275
285
97
67785
47656
26871
87
49380
148551
95731
12819
19126
103
10
301
40204
108
41
5642
255
29178
186
41
50766
42449
12493
122314
158
11
64
357
32807
69
202
15252
18943
43575
303
133643
248
35713
107
2
89177
3
132447
73255
26406
140810
183
114680
116
52029
253
106
7025
79821
72382
11121
126
6304
53074
87766
74918
51441
149
106841
139
78807
6
95
43323
80323
13209
79
8352
89631
69472
28193
19625
29371
84807
20992
55449
53
112596
16964
64823
11502
82528
7371
32644
4760
132
44265
14332
189457
79745
42009
12168
206
37
261
65957
21270
141963
5853
16
129546
204
105990
104621
7131
68
77839
4455
60992
18115
76716
10
19022
8965
32090
2039
66
109238
177
251
49
5694
15437
157421
159
159
75607
124
8
207792
14784
64534
23144
24
14111
209
65773
70887
247
225
551
42558
220
92715
32390
16
122
65
3036
53282
13565
38877
62182
36
4701
3287
31
33608
120899
222
247
43769
32919
260
193
123919
19108
16598
232
143
182149
13509
54331
100019
16613
218
215
217
3876
128675
29036
144
108
31
217
49266
103
60134
33115
112
256
19
69
128980
4890
151
32398
52
98
20485
78
44838
179969
274
124981
103
89205
103371
37
18264
21983
37837
166
60410
15802
24529
22057
7783
103488
46
109
43048
98
62
231
113268
124258
3
44357
47282
228
29317
174
71
142
34744
127
224
36102
162
286
102
141432
8386
188
26
83
1
61
1
155
2956
225675
82813
147
37803
74
62978
8296
263
81
30900
106130
110891
25921
14116
73818
92062
257
42103
76
126589
265
115
8038
95056
127063
85099
111
66348
35119
27
265
28216
8326
24734
63
34628
91226
246
95781
3577
84423
174
3245
164
208
239
68036
14152
110455
123368
67496
40341
182
84
8872
3125
4896
9464
62342
15317
123
4755
43590
15885
126463
107246
244
108357
2861
68857
54296
34
73332
78
49791
48039
28429
43037
33
220
14809
77183
24115
215
30529
60
7039
341
14092
63
163
182
36
6833
3
13082
96837
234
191
9
74981
158
12422
109886
277
32739
197301
162
10627
115939
147
190
284
17347
67
29804
86024
20
32814
16173
43564
72084
33103
72796
115
282
47346
104
112328
86672
30
17329
10
36305
43253
206
79976
174
97
247
74971
481
156
45
259
74
825
165
3
11947
212
30581
43
60391
279
172137
215
15
15309
123615
88449
283
6
85379
2727
30387
84
209
349
315
29483
168253
97
188204
36675
32118
91512
10945
141
219505
198
164282
2430
1680
135
93
158
255
39135
191
151
159
13307
5
59358
33128
20466
241
30931
266
10643
73
1
5
44899
13352
145
111
61
28
98
79633
293
21100
60
76
32604
288
7519
74170
104042
63472
53706
21617
149
36
13
296
97
3
39306
20416
49
36
6
162793
305
2677
96123
10053
20913
491
150
22465
65
5605
38
31195
41224
186
125
67409
91573
194
72
200
5330
2
45462
125
164
82442
28915
25688
291
108493
11796
65928
223
14130
212
3137
36947
125
127
104
50982
41708
50508
11396
203
2220
119
36012
46
158
48776
180
90858
21
106
4626
172
246
23517
185
199
929
8746
174028
58
229
121342
197
231
222
172
5070
85784
107
351
89212
329
15
89
16896
203342
114481
84445
10
46961
140258
163297
88835
147320
174
47933
75213
230039
11872
4284
278
46410
66
20434
122
114924
7016
214
220
65055
158166
321
97846
24876
37
15336
269
178163
56556
25031
98554
12962
301
9570
6245
66199
61745
30231
24201
175286
112
261
48
42901
137
414
149113
70
150001
195
261
141
89
227
168
84580
52759
43051
239
18536
221
123
306
79495
68034
9898
73896
223
6403
91083
196
90525
80095
56
126
269
56697
16328
161200
16365
186852
115365
276
14186
38061
130110
8958
77
40
7670
160
187
85
7923
71407
46
148790
95
24544
95
4945
227
81785
303
121
26619
21
18156
15
6597
30
243
165
42443
10452
180
146820
1002
170999
1
135
83524
9118
16532
34931
24901
52528
5559
8892
42789
448
89
4882
52186
87
150511
236
120
5377
43169
69
34262
18911
95448
41357
114336
80343
133813
109441
253
176
204
132
20910
254
209
3889
283
115
80747
78012
5894
34032
71460
13
105182
191
30263
104381
51254
166
219
37570
72676
52
208
93627
56816
111
323
14907
44063
6232
13931
87917
53971
27631
86224
188
88540
64230
7560
12
32299
81004
228
22182
189923
65
49690
47213
279
213
222
107820
159749
20594
103798
65224
16036
41763
4166
17994
1768
146
1341
32510
171
25622
143
322
19939
69958
200
63327
114514
34
29674
85115
134
79
28703
137
106227
79
30
80
19524
73
105199
176
110674
32024
162
150
167
35402
174
28802
264
203
116162
4803
149791
174923
127447
30622
134
35700
10608
25815
172
173648
2325
29436
42004
19255
26985
14808
18152
71
24661
86092
114299
21470
46153
44
25910
77586
133349
199160
35218
270
56
101558
2173
237
165
59058
88980
108
112205
7
108
28878
87
8479
156422
142045
62939
199
101
37217
134
180
107891
107
88
3138
1879
294
157
74834
90708
157
44
19
138
101
226
138
92
35767
11758
9551
66119
34132
9
160
6100
13083
91
19742
88
152
52432
250
66995
196
227
179
1976
44450
92
33637
7140
35796
194
71455
1
146
57137
7940
26
52337
43926
24
41759
166
192
173922
43598
22658
13230
52
87
268
74
68
83
188
6683
40043
27971
2964
120966
44579
124
15509
215421
27690
15
31
200031
104
49155
254
123
280
49757
124842
74459
74023
310
222
34095
205
107
34949
31614
20870
10341
81598
20650
160284
44676
47661
138123
102
71
26972
78001
17940
6
44
47
39
128039
43378
10
72535
93435
127
30
39695
27454
40748
133992
20057
47281
102
281
255
180
9
208
13
243
212
12671
77560
32516
82
256
43
115782
341
14294
45893
114
71
275
98496
14061
30
61639
13724
220
25929
92
14072
1379
190354
106
226
218
257
104669
10391
77673
181
82724
151882
77
28
203470
94
268
22220
2711
5572
69450
75976
12690
134070
104536
98327
91671
108
290
101
269
59
5235
88
17
159945
283
106905
32
74
6
165
99
174
76
294
279
72676
102
29757
10916
33013
25920
3345
78
180
147704
51589
6560
45
184
205
76175
150
8954
115
178
85
652
284
3686
195938
68143
3253
20865
81386
29154
26253
11695
9367
61131
527
61221
1835
115
241
221463
45
235
287
55870
227
222
233
303
471
17086
166918
1301
1722
187
51325
27510
55
46
140
281
34037
266
5349
98
157
9
154
100
143
82
14648
15
248
67284
51761
227
57
67019
173352
150
143
89483
39910
74
10991
275
221
300
88262
239
91373
59
64075
106
17443
136
171
162
129791
8114
48802
10711
164
220
92
92
126
998
10055
132579
15
331
73
6785
294
23208
109
263
110052
86089
3398
22716
13663
44928
15
166630
28492
104361
282
4858
54
33549
209
127
82406
223
24535
128
26581
124
220
32786
134456
154501
55997
45705
41356
177
114
40993
693
233
110
34250
147
70
133
40812
25798
100
131246
25489
34
23929
2
161
37
10903
34777
173
188640
5633
33198
36113
186
204
5420
102758
58730
47
17676
69
179
41151
192
202
101
330
4143
2310
321
119898
178794
307
167
43658
189
69887
105604
115
30814
108892
77102
14090
54189
2671
3316
106417
96804
70394
57617
17901
5315
243
95469
236
205
143
16
11983
260
39253
49736
48
42974
12
109
163
86833
28
197
77932
166
90372
50351
175
25
56876
64
28575
103673
110097
38843
27
3524
77
48514
141348
211189
219
279
129366
24
133788
17780
46
241
114425
175
193
39458
43710
298
178
52
65380
223436
49
52045
104
65128
21037
290
40752
13523
7014
145
156102
9051
41775
9141
110
90325
186
316
10
26540
5140
317
5585
33
10580
50475
108393
74349
43419
213
129964
64
12838
19224
106069
163
42989
609
102824
64
326
159
29741
166756
82984
149172
34835
165441
39440
85387
24424
39275
55
95309
156647
14
167
54744
316
18911
25268
71024
37
54972
68
122893
17
6930
26875
73323
41737
52666
47911
116996
221
73
3060
251
526
215406
115
35019
73514
29
19
214
16
220
14417
189
87316
183
73102
42073
103483
201824
115
175026
160
45837
188
236
164
12387
37180
81430
31433
412
204108
8315
150
12569
1329
190
57259
18854
21255
7107
16537
66
15179
11
66
10654
243
196
132
254
140
34135
137
137107
3979
93
83
75
27218
15
257
68
241
107
102720
92572
199368
161
40409
171
117
27262
302
11007
264
209
1450
6888
60567
165
47372
8954
88558
165
250
17465
4935
115
6520
48984
16338
45639
7004
79256
78
89085
124648
108
115
131
1967
2708
20833
86437
80095
61
321
60762
97273
250
76859
15
44
29999
73360
156
23
18696
25121
55130
1
50160
18
139
155499
9195
261
21739
38858
49188
21
118
26293
55477
78
218
5398
70442
2144
19523
302
179
199939
24604
4293
1334
33083
170
195
12657
237
158
260
98
36056
28124
30466
16452
138369
98
189306
10958
40147
163645
294
6291
113702
1
68744
82125
89
85
109
69593
100427
60292
8013
270
133088
9255
26335
2456
255
70
69
226
44909
5621
247
173
77203
119
4335
217
206
184
91646
91
38964
51630
21421
65302
263
3648
75881
281
167096
1145
21
226
97671
4378
166
3
203
303
51658
231758
9
155
9
218
82928
30252
41270
38231
70249
17386
316
27460
45787
223
151
50
173
171460
50
54
70331
12054
9380
135
30907
75460
68
102604
310
77795
16053
21
75302
71191
44427
165547
66
1484
198
2864
8179
9583
130
222002
61
8823
246
154591
2581
36316
676
98832
44467
68930
106097
120556
132417
21778
98
22453
151292
147171
5308
48143
6841
16713
76
141
71
180
204
33336
160
8
143
193965
171090
36990
2500
101
164
318
106636
20
138
35376
66475
80121
71
134
302
65468
86
4613
70
38633
131957
42735
6
187583
74
125
15374
54
93
104
200
19
313
208
83404
124126
67876
4
17
248
316
26
31
230
30760
123
162051
33073
1
132755
4611
26041
106
17487
8541
73663
184734
50
215
65
3
49
77655
432
297
110
164
50770
8674
245
109193
215
281
29171
96
42286
180
200
116
252
155
101
89921
3030
171
357
188106
243
8265
70302
160
19598
197
130693
188915
185586
12629
3748
232
30748
8160
10
7980
68546
158611
195
8754
6
244
197
77730
229
311
87
59
38666
114
341
33914
166935
7
107
93950
83483
57
143570
35
1
42073
109639
226
34732
73
136145
33323
152122
197
36828
47576
122
249
65
69123
93323
21
392
22425
4864
22935
66
123095
93195
36354
143
9220
125759
62684
4715
72218
112718
128177
236
117978
46363
171476
9331
75
152
99132
50902
99966
54955
206
142047
129824
36
54
22
19988
45608
32884
249
127
81
21981
28
6613
7952
27711
118
32700
322
12101
53821
129718
272
51541
33857
11
216
82
23930
4380
157274
6
177
88
24521
125538
15
4809
38
194438
26
54
80
1977
39
269
32570
159394
169
329
45834
74869
201
202
44386
147078
160
31869
110712
105
289
195
19
68804
141
224
16486
95080
86286
89552
39122
32485
196439
118950
45929
14819
6562
101452
6
146647
72451
40
136237
289
1847
24
178
80
5042
96256
48554
1
236
289
56
41
242
213
18175
99
209658
82384
220
195
86
30
32425
66
1034
269
144
9739
27
137
3779
24133
52829
78901
4532
95988
25306
116
31998
33770
73061
61963
173
250
117
226
146
13526
39
67568
16868
110446
232127
192
74788
115
26944
204
116533
80
237
34
10
2816
1856
115667
1971
27294
54
215
98
108
141
86665
233
155617
16707
18782
6
56121
21812
173832
158
24
23781
132028
148
112
252
217
33718
153
209
44
168
105695
158
185
50816
43657
46852
64337
102
120
172471
211
4
79017
56479
166
167570
113
7768
314
139
108569
61099
2
7902
6405
1790
1
1
67
226
246
231
239
12279
226816
137
78721
75292
210
137935
138
308
88272
22
87
41283
141964
2012
8730
106209
34377
48329
24734
12826
27414
192
288
4673
18498
284
39
143942
28528
7777
5295
1165
246
8
26484
142857
227434
319
25702
134577
248
92
106
79
223
39
115613
45564
296
155
47093
54829
44606
47043
195
297
3
1527
113341
186981
2488
92
32626
42131
16877
83771
79151
59598
57
115089
276
112240
209138
9212
56782
13523
48858
4395
3693
11934
59800
73710
16
53475
262
227177
81
9891
83875
11874
70
50420
305
137365
6
15887
268
168
171
67567
139351
21664
15704
39482
47
72121
10055
318
75
135798
39495
52913
53555
36384
275
92417
55797
180
126
63859
37742
192
67266
25138
148
130751
304
210
80
99960
67
30136
996
85
21640
137580
21467
677
121102
44
34092
85
3345
57200
55382
186
21813
205117
90038
63566
82509
56154
53204
160
193845
46
257
54648
176
174
83404
87
284
46
140
15
123630
107
6587
88
133
46254
12616
121
35
25908
129709
69392
41263
227
138249
266
10778
164527
210
132988
56493
114
127
74583
7
6399
62091
80380
1020
72608
25752
6266
36
23587
1564
6139
226478
78220
167
147
26
96
55275
131282
3810
35398
88793
134
13983
223
148
104413
82862
71720
110722
1
82433
20698
48864
262
91164
9749
284
156
15800
93424
13124
290
39
16
32971
172
10723
65
136
8520
56043
11971
183916
195477
173
52
99
101294
86708
287
43075
293
78482
119992
19950
10863
205
47085
31
250
19417
37137
92318
3646
25690
146823
25
162610
8963
158
95123
280
196
36952
58557
183
145494
159
43
130
143565
45718
134
10630
256
172
5416
82
315
86660
32
11618
4335
57739
8112
53
33605
225
109816
61918
14553
167
78
63
59758
29531
16022
258
136
10609
60208
109
1
29942
8268
12075
24
47249
100
36157
3263
68
3
97
225
286
194
125
340
111683
67
80907
54980
14442
106
50
231
156
34727
15
119
3
177
265
5
236
14650
352
17038
83587
38362
42
141
126
34
8339
58108
49555
37
104777
198
67856
84
6336
19585
164
3
244
18588
19614
22117
84676
61
242
61
94
126082
39249
63
220
49
54915
109458
38
49664
149059
107
205
87938
75
56193
55881
50810
243
48754
39
101
179491
51
24413
136
468
28904
224
79
317
78741
82877
31
20475
94640
21479
23196
94
40
15
93
199
95
96
6481
74115
123
79
157
170861
159
17567
118196
55
17442
213
11314
9045
53010
76907
12252
31
48
32694
16330
189721
404
31574
67608
130
166853
9242
15542
3
152402
98121
198
114408
19622
9741
68
209
70130
112546
154
231
228
134812
191
318
1
146
202428
126244
34318
1841
255
222576
65179
108
264
236
110906
58
87586
120731
40825
90
48
6
19093
153343
49771
64
6
276
318
167
52487
270
11225
72
369
44206
105081
158
4537
66158
60953
21
150
11882
69
156
9570
224454
122
66814
178
84874
143936
3572
228
131399
31251
179358
222
48849
85788
12800
6630
31296
178
9701
95157
36832
141903
122009
27026
79
94
152535
92365
15782
135707
54131
75618
123
182
275
297
147
510
20
41611
81358
2110
10395
2058
42667
56500
81530
202779
86578
13070
296
177
98965
18518
132057
139251
142154
80
126231
97448
3833
20965
194086
17273
114
36
12497
164
87
106185
54247
157
86903
58
260
32327
174
51353
64962
59
180
18
93
39058
26
67337
70056
174
118
118603
233
3663
124697
54850
32
19
5077
34779
40384
66
271
152
52
22881
245
56
88
254
63770
164
8
76
254
10
3710
3978
76
29960
55
245
41326
79729
40095
241
21097
10797
54
102730
210
3
217130
9773
66361
2255
134
164278
228
31360
20573
6606
45359
272
19
18770
115
201
73464
238
87853
153544
7
13627
272
28
79
19902
28733
28
29787
220
306
16676
35124
4913
495
42396
55
39863
89580
208
55708
95094
204
22
5894
27647
45079
8655
719
155
148456
254
74460
4649
3
213
66157
77342
206
3136
158
164
33405
24860
58
249
52
127
70
29576
71517
63
204
137976
195141
139
242
36087
108
29724
79549
56331
132
81
12926
89144
25224
71
127
17881
61
89948
91
70443
9653
28492
94256
61319
265
44595
83890
37407
197
16
79946
31570
85718
46444
47868
99
296
2469
16036
51903
12541
171
239
324
122
19
32692
6696
170
209
19
16
40468
135514
19812
47734
219
113
51030
108
45249
64172
90627
189675
200
21097
106085
29
18504
2030
133
102342
4
110419
32990
14915
10081
29264
276
17322
157
41818
212863
110140
52831
6
106
19515
179
1190
44
76251
128078
115
14556
198
52
70543
87
79059
120
316
12650
2445
23
89475
330
199
72
87
132
134
26743
206
51
150
13343
186
74151
259
95
179
14418
45
106011
187
164
109
1622
30
69502
23865
214
212678
52356
139755
32979
15
172504
278
163849
36
126813
84605
221
15984
94208
92542
158
227
82024
133
10677
83
22807
112725
243
127
142
165621
36983
25549
26592
35377
130103
139
265
13175
82870
24336
136282
119
23113
24681
51
136
7
24734
1
66
242
138
265
16992
58
61558
97122
126
35
57016
167748
259
49651
20
44703
1
44616
28641
224
65791
25
38412
66203
33651
124272
59505
94
5407
43819
6591
126
283
189
68335
42952
192
57235
185
118
103089
218
17721
158921
119
84641
10
22758
37950
122
15992
88244
7
1749
50607
237
37559
264
63379
4548
163
10446
60
216
16519
15409
21096
112692
129
295
53790
20
114
74902
19772
24797
1
245
117
68
111960
90729
99
59
93643
125
63554
95327
794
94
141948
316
58518
117536
116
38880
68492
227
111
1
287
55
29282
93
20346
344
3064
14810
135
72
93
69
41111
275
111466
176
217
111613
50999
20111
87
9316
90461
174
31
237
15952
18
17999
248
28357
153719
167
221
92338
160
85
180
28146
303
17142
216237
61
183259
137576
21565
23390
76734
211
110997
35
167965
77
207953
198
163
14441
8866
55
23214
44863
29868
57
105
367
76535
10141
15468
3289
57254
26
339
79
242
13
44308
78
232
42073
116428
211
324
86
663
103
252
61
10093
289
30
12
11793
13741
19315
10270
3459
140572
105
224
32
28762
7253
83
56
254
142119
1921
78
9959
147
221
27100
153334
14099
124
147
79
32203
220
4
234
221
250
105406
214
12759
106
204
216
191
37805
40460
266
3355
86113
54
95
116377
92840
40937
9402
303
110
72027
268
5184
250
338
34260
21735
193049
146784
43
28
135571
98332
1050
89805
48927
82897
146037
67563
59660
222
3
228
98956
15
144
3
12
20734
44938
21281
154
209
91117
10021
216
59
124487
850
857
23749
237
6078
25145
272
1792
129457
123
83
162
163
66816
400
34450
207361
198910
46232
121258
126
19978
8612
200
110122
184
206
42672
271
135056
56230
14732
101296
328
11881
46
25853
51079
23058
215103
1694
239
92
45644
24276
233
185928
65520
113
118
63450
73087
105
291
115714
316
137200
101642
111726
103
4364
57163
40284
2090
24
3810
130
100938
184
116
187
24543
188
176
87508
86
150
124
2484
40423
132
39924
99278
11
103926
58187
34
367
18308
162
32020
203
1623
295
4764
37137
110225
221
17366
28954
54034
7650
87
6689
37332
3518
74830
175487
32567
223
49434
23056
147387
304
35
112593
38947
37393
136
14
13899
24299
77605
149627
245
259
65542
9329
122
66608
315
3412
202
16991
84
65
8598
6280
41602
202
6223
83578
118992
118577
49054
47466
76134
16189
136
64142
35494
307
139
246
239
84182
17081
7709
26842
4985
86181
5580
127735
19
4
60
1331
91395
7460
204
41705
193
202
292
16713
10381
3
250
116
216087
52
51
45764
123
22
191
75138
30
154
337
80586
61144
150
206
214
133
28959
61852
142273
133563
128
264
148
294
170049
142482
12363
83925
115310
70444
138
266
47158
156
54149
91494
310
296
44873
97787
69
25278
77683
154975
95671
17883
201
278
268
52718
53717
91
4397
198
25341
222591
22557
26
104671
43076
117251
12426
212
28360
6442
4114
294
16561
98
57594
245
229
54
251
19767
128
113
219
155809
128
38847
160
34662
107
82
8686
37
98944
47647
103
11140
124
52
182655
176078
29477
48224
196
229
204
75920
2
322
47
209
20514
289
118
5821
172272
9426
66480
97
258
12
70635
46399
8356
7262
178425
111
161248
63817
117370
114638
206
1091
273
339
36399
39254
5599
203741
375
202
1
103320
8982
35
54823
160
269
28716
45124
69528
9872
198739
24
137494
92
93401
39
49179
114155
216
86024
52
176
254
262
25904
18568
92057
58535
84
3121
184
256
63621
12
210
315
86173
39906
210
22838
25
1
275
105
60920
31997
61
39764
147
49
99
72
75
146
54
16669
39615
271
120367
39679
98
221
14270
24021
168135
88
128333
132489
43904
2290
53
85
285
66894
107035
5817
143
182
40472
28889
262
14796
18378
77513
13977
33301
179
156
214
92305
91556
67825
15339
131
45042
66676
193
131
169926
35501
109
12001
19
34924
33
21653
140087
114
183281
8497
474
3
53391
90257
72
59556
21152
123847
48936
46
56788
93599
218185
79
51178
142
38
61
286
203
167621
197516
168
110382
149225
11399
81
17123
74
225
261
3804
34
183
42476
111924
64882
64
79126
182
282
44
209
268
26390
44302
178
15
15249
37
13233
105073
136
274
167
145
218
40059
153402
22584
88970
35347
44885
13414
24681
34
371
102419
151303
159
54389
133
93
146023
35964
184
201
190094
1389
26
5
2386
43
25652
24
257
251
400
78901
114624
15487
190309
165
46547
43748
211
95
165527
162903
199
261
51
14677
37707
127248
102
145541
173
30912
2406
223
50655
285
74879
180
47
12207
140
113523
95
55748
9
84
6621
1091
22
219129
9709
46920
2896
127
3
22520
111363
16644
42
145549
290
228
14456
184
25
9434
220
262
234
48840
25773
14977
236
34449
242
38129
94898
322
75145
167
41
200
6101
17879
48376
29
81672
74519
285
119227
22602
73172
138462
43
105010
52778
24977
153598
271
110
194
26962
31431
68
64485
22165
138526
43
82522
108
160812
39351
17
328
224
207274
52643
771
100370
770
16
241
2052
18318
283
140814
23
48646
11321
185
93617
216
11311
3
162
10811
136220
3952
67116
130660
270
105
173
54
13537
96363
74869
16922
186
317
9031
33213
60338
88358
98
231
28
84261
48
107284
66
289
202
5826
2293
205
30606
315
25
176
177
15971
71842
1405
224
28651
23
242
137491
6
300
108360
29987
197
32352
143660
24762
132
1551
142496
16037
149
68598
8
174
141
59
237
9805
66558
277
143
40940
191082
27085
83325
110624
19849
178
141227
15013
184813
4688
3345
102
188
129
32867
20201
337
170
10178
82604
88776
88
146
10333
205
52
217
207
285
58503
51744
157
20437
9146
250
79
61
274
96
132320
27135
5653
318
31
56382
105
232
47444
247
2555
243
45072
124
26599
32363
189
61
23606
70
37679
26711
134
26
320
35796
81728
32762
67741
166
235
127
55030
3
265
233
17063
106
5199
232
5
67385
223
226
682
5911
148
24021
3
88027
103896
131232
60
15531
4839
14
32903
9307
2171
1
224
196
131
24
34
158
85314
81
14734
36083
23892
320
109
3
5973
92668
58945
95659
5132
63632
233
19445
21222
25
190
8810
32403
8158
46802
32681
21233
68743
5851
39
78
177
127429
66
50
135
160435
120
190
9079
31151
26292
34596
57
131752
98
108575
47368
70018
202
43
77833
251
242
150
279
35
38194
238
6548
124
117932
40787
89099
140160
43954
189
1
69702
174465
180
28076
112
70972
46999
66
13166
6
1571
129686
268
33
15776
6
209
76716
160
51172
72
70
1113
95
33028
10755
30295
22643
24626
82596
105303
82654
152082
22595
191586
293
112778
103455
270
63522
157
41
302
30
222
213
27026
289
267
61
269
106
173
271
24278
74950
69320
146330
45878
195
101
25
116108
42007
34
25705
40935
59383
2852
107565
155
117
228
52
39
4092
318
55
30681
177
240
211
25
22
13861
313
61715
126
235
5023
6
36009
1384
10666
3863
178607
305
111374
112550
25726
6923
2416
278
10572
241
284
32
32862
12050
111573
193
48827
89
42395
27809
146
182
235
248
70909
19055
42447
194
148
10
152
120
21
137
214
211
3382
7022
174
130498
151
278
182
156348
202
3946
39497
206
241
11
48266
23866
58007
188556
86986
180132
228
129
183610
39
88
13614
840
17669
38235
78376
188
60
96266
103
79544
30683
13054
138
268
209663
78892
73716
222
31544
173
54
99
137653
148
52735
29584
77503
116
38799
170801
210
37
107
4636
54214
131100
25
6283
242
2681
34446
172
144978
47
322
181666
51234
122
522
57
52554
42011
55794
50849
4789
25085
127
176102
4135
74787
6413
94942
2
164978
160822
42
1042
104
89
82
33764
16538
12252
35931
320
124
28580
23450
109733
271
2537
231
18035
103512
133979
11278
67
264
172
113
143
93928
60
140046
94523
105167
190316
16411
2057
1617
56166
62870
90
288
51
36
97302
46
42423
193
245
103537
281
175
5333
125199
27
144015
347
112
42140
358
266
248
150466
291
29537
132178
35963
9002
142
198
10046
1655
59235
129707
37883
76913
304
154
29359
107936
105187
61731
329
64233
75
237
218
34
98335
212
42540
224584
157292
784
18904
41782
263
54676
66042
37696
74463
288
379
235
26
22032
13189
88784
1302
126691
143157
222
158
112
14
60
141065
12
1
354
173
8095
14597
182
7472
38946
5158
37507
280
147567
17659
227
270
282
111022
73
103406
40630
179
132538
97375
41640
102
100
3
72667
111
22944
38813
151
86797
241
3141
159137
198
270
5944
24484
199
46991
229
1086
79035
1
121792
243
136
158
17216
162534
1
213
330
148
15450
63
289
14
44346
150495
271
5421
196
47949
44105
89
175
315
72
118
173
6696
30
265
321
38194
46795
27
6126
512
169
101106
87295
207824
305
328
223
156
78361
230
97
36
297
221572
86
1379
422
93040
69746
87592
189
172
28789
24857
156089
86
97261
95945
39189
183656
36242
14
461
11986
200
1189
58994
1
57830
235
140853
145902
15544
121
29812
201
84443
206
128
257
47951
31901
147716
4027
6762
136635
255
18620
13780
70382
125
2624
116425
85
256
113541
252
32140
42157
195641
54522
289
35430
5182
19953
151299
260
30455
112553
231
31957
10
60767
94
5282
76196
177158
9626
108
8857
14877
6968
28153
67055
249
19082
201759
105984
79414
178
173764
111116
142
10082
242
297
1174
74351
262
78
185
100405
296
53
54424
269
87
114
7030
223
160
35544
192
106206
15793
87459
90
245
57698
100503
86
245
2461
229741
108
49758
3409
185
5766
96
41665
14684
286
201
46866
31983
168
176
64
139
156
2760
24441
15
249
145
26
43
25
94574
377
1
40047
73326
258
118
284
253
233
920
101
217
108
2522
27
124
91324
31
166694
122
105792
33655
154
93
30
81
120
1523
855
140282
120897
864
303
41422
16747
218572
215
8581
299
68210
103328
15
120
30464
121
241
57809
151382
35
16592
4136
66883
55951
2194
170
10808
276
16
175463
2354
34550
64656
174264
222
38387
83
33
55368
141
315
17946
20704
110358
60
23665
60943
272
43323
39058
37
131
36610
64170
29
26
23
75
47272
169068
11866
55218
327
145
276
50775
256
224
77715
33582
252
1
50103
7848
26693
70
329
106
213
101
122
8708
1494
22368
27923
125853
121
23016
157
93
70167
240
38
130
11352
235
180115
64
111431
49397
19475
3853
60989
66529
85
140
108
20186
71013
150
99729
148487
24
136446
275
18371
147
76793
1707
203
153
302
181
2147
156705
242
157656
118455
13981
31
5175
11053
63240
89522
204659
44259
115854
39875
7895
11
108
7293
83
17917
20722
301
175
21690
25941
196
35806
326
36863
247
10834
305
230
379
27315
138052
82000
66345
118633
155024
206259
15370
257
41037
63
270
7252
18320
2882
81
7396
56621
42107
76
65
19531
297
119861
18785
268
3
104012
244
52613
35508
207
255
28537
5837
167
27501
237
17626
25849
306
117
8694
32
36
13984
19
183131
162
20
44
81
54632
227
22937
277
257
110496
31
281
610
21150
32
110
35236
18001
74676
228
76326
85
71554
10877
36
114252
21
48
9286
26
73773
288
134
9969
13774
34
880
64293
139358
2190
278
44332
36064
138482
1515
195719
28503
35344
15967
142769
455
176
162
51422
304
7485
235
35
45820
87634
112406
122
95986
26
75596
6844
98456
17251
139919
77649
9264
194
127533
62009
93
180
56923
276
130
124
62556
73825
79158
290
218154
96
266
51094
90
215
146
13813
155
25970
26
138587
57355
199664
1
52
205695
29756
3060
21177
56
53
23230
166
68991
33636
111
70
56159
93
139
218
105
30
69735
63
38
55983
298
195
288
51488
38377
15
76557
64
5716
45573
11325
42949
102489
14104
281
59708
142
65737
640
1900
55323
54755
225
136
82843
237
227
227
84
29900
68146
20312
35451
175
51
63858
205
265
28563
137139
106901
210
105
24794
41803
284
38239
93174
150
74078
136
94610
16579
220
79224
35179
79
122677
73
45884
116027
186
44789
217723
145
19054
158
220
238083
157
13976
292
173173
156049
145
35923
201
131136
3594
160
48874
142
207
18
300
1044
206
273
59
15265
602
72
30430
13451
9760
78
108
107
232079
130318
235
64244
6020
51
70
35702
107691
5519
22343
2
102889
148
6437
193783
7
111
104663
26
257
7411
44759
79
38410
12819
107186
78457
13601
11205
101
24
233
24300
68668
135
17971
124846
99553
234
40457
55
170
6
10974
26320
139
248
1
10
15521
32612
40
802
132
198
119
130
111
305
65227
134412
32537
28
80635
48889
36063
69281
11340
131255
51
109
126069
160
280
250
5002
35871
21954
15741
45611
56
122
57312
155355
272
22608
169
18968
18918
54658
79
195
3432
158
24453
156
18225
8328
96
20736
57233
68650
229
101347
160
2043
307
49
94
104
121317
72762
250
11510
40718
10419
79
138278
69526
257
1341
258
7776
45
3
114
152
68058
143
13969
276
215
116
149
158
146
372
271
196
14550
14
7592
130195
43
37583
13284
12926
6959
90
96203
50183
17690
41886
1503
133
141
230
16760
379
252
125
53068
130760
118
259
25666
69
7746
43
101
18
224
88119
14
147213
159
64869
13462
154331
96620
8078
67
91814
12095
65
45531
256
139
12544
42159
20201
22
182
109
131644
24095
7428
131438
5064
204
168
89631
6451
42920
192
140000
82950
228182
234
60
64791
14018
9220
43051
163204
303
126633
74
196
156957
5999
248
13
291
14424
39278
116850
90
4621
46236
236
137686
324
362
180
116
86
58824
13977
68334
70058
111
79
216
122441
39686
93718
14631
66
326
101219
68
90
7183
11795
140
261
136
165319
215
40046
37289
21875
177
295
12
3392
34
126859
8144
27280
50
27696
42
83626
20207
8519
6402
34495
292
13
318
1
82875
92237
64633
10900
53917
25
5504
196
110
32003
228
139
31
33240
155
35
1279
18
16926
63784
35226
140051
66499
186
32281
42631
9198
164
86
354
3
74004
178
53
28842
17751
189
1708
469
51
299
3
28741
155
122
10
51
29181
17627
85
3859
49074
46
26
50732
18575
70395
201159
60630
58340
21
64708
29
26
187
77
12150
210
110478
188180
139021
163
30660
8563
146
321
62989
29987
57
45614
70
15368
14
147
74661
281
53810
65695
140
204
98198
51
55231
206
254
52655
79271
9548
55433
73270
82248
55286
176
141606
125020
4384
2664
14652
106
126054
120725
120
247
994
303
60945
182
90
45065
159
71742
100544
5557
36800
11956
17
160897
94283
161263
92129
36
19153
9
90544
269
215
271
93
22264
101836
38859
97395
166
250
210
3655
274
147
325
125
47802
144
147
8525
272
96183
44306
209
126919
17349
66997
88
4997
119
7880
68055
6
7830
122
10197
35508
165
69
7256
276
23121
10
8075
10
78090
23632
290
182012
7062
304
79132
97139
407
184
153
2185
104
72250
164
50937
35
89388
148028
105668
182
73
11
355
124
192
163705
13
224
75454
191
189
149819
160742
255
153
59342
110528
170
137
122830
185
195
4788
260
66927
38180
113068
23462
56590
13052
257
13927
59851
110762
50603
37711
198
95
67239
149272
15248
16693
156485
246
176
177643
32686
155
86
200450
4320
87
204
164461
29931
83402
211
113376
121
158
175
221
84653
222626
39613
37662
146
212
13240
65436
91
121
305
13477
39700
278
165
156
20655
65423
31
62098
77998
128
120983
196677
295
22983
30591
138787
42058
93
66
112
187430
2825
15
176
18268
374
20208
22301
87
97378
16837
78
340
53
202
280
61
161
843
104842
36951
28927
66
119
258
22599
280
129747
96
20830
5274
277
179
19184
14
54442
3885
16
38987
108
88562
35589
10969
248
27817
9031
204776
127808
228
309
228
53877
40
154474
185
18547
184
36284
50
24
73
25384
181187
64233
72498
210
222
239
168
65552
307
331
166921
167
4939
62188
33
165
21535
68534
4600
19
57393
9580
192
188
175262
15644
223916
268
144
10720
117
54203
10456
7288
3
62
52307
89379
274
254
158389
3969
66118
156857
50
75988
224
16465
258
21
4354
77
184426
73683
10753
68600
90632
199
107382
162
28848
66
23221
231
176
61508
97570
49
210
122
36216
204
91649
82906
41
20136
302
77939
42808
94166
109667
39891
177
137439
143511
29466
21571
108484
151956
9313
48595
164
28987
189
30816
43
137
232
1882
267
330
78
123370
132
312
88526
13
91
197
36
1337
128
107
314
120281
46963
223
12
15
238
221
95908
18502
31
140611
49291
13
151
250
3656
34
125
23806
209
62
118
104
11873
184
16923
38349
71300
98261
2289
129
121
228
56819
4953
121141
4721
97
164
290
5909
2568
20718
156
20
77926
12888
6258
107
256
40456
105
10733
100
30429
5
187
56186
23636
93374
1138
307
96960
34791
31
248
9880
2673
24
98379
6594
82318
144
68699
4580
10
77350
52347
2804
65843
132
23342
46
2135
210691
176
304
46
53
8969
51
170008
129
107
117433
111
136
30949
157
48
51338
58
301
165
141733
168246
1
3143
50014
6961
100368
254
121018
89373
57749
1313
228
238
78765
137
259
313
195322
5374
47814
150824
156
9613
228
274
17342
154720
94663
144591
205
4896
69607
133156
69
29460
10
257
44859
260
51244
239
32759
110
89101
56716
224
233
58
158430
132
271
25674
88614
26
263
63
57770
7714
31737
18498
24512
10645
150521
35255
17138
125
159427
77081
105
6458
60130
65662
175
17599
64
102288
102342
130
37948
207
24546
173
36655
25
22265
22356
13398
146263
490
245
13348
146
190
109190
213
45336
42362
277
47278
70288
83825
56
170
61708
113977
134
19495
41500
9237
137
136396
91
277
97265
92
122103
186
59004
165417
2057
198
36
125
111842
13376
80
108566
67
14286
29611
12488
322
25
127356
167
93506
45262
86296
58
61
193
19207
77304
107305
42442
52
66714
39121
3058
44299
241
71967
98
50
46
122
37
169
111
17455
62544
75571
101778
15
70536
46176
93
193595
78
99924
363
93278
118243
184
213
118
63525
130
68241
23
133244
201068
26228
79950
4221
7742
114518
179
23252
101
93531
10
9783
6997
176
38344
93
133562
15
24919
182
11
124
60596
39271
138
47946
33390
89686
27266
1495
14388
272
216
165
80797
30
96583
145
76051
38
211
53
196
174994
1900
8799
297
2765
21372
15360
230
20955
96745
17
115
98693
7427
57141
64
197
114
94801
7126
229099
112801
2
32541
268
178505
1263
48385
380
102
46572
68524
81595
317
209
4529
65953
33
64115
212
176
46
233
106137
246
228
7982
3036
278
36695
15903
2324
315
96627
29214
78223
188
244
94
188
21544
48289
186
29856
40902
99
33633
73340
121877
301
91541
17
312
72
234
25963
25599
36330
65400
281
127
260
2752
193
2693
44940
61312
96452
294
131
89132
9100
19456
41
163
29678
119
159099
145
185
111
2202
202945
84137
47102
5339
182
78840
16202
312
70443
217
92
115768
153072
273
313
77698
211
129
237
162210
170
29
235
243
180598
72
98
220
160160
105
13811
17361
56
130
224
69
133080
75
53234
68
29442
253
14871
148
49
117
83
93
21825
19007
97121
33179
265
216
5218
96
273
15838
52413
236
187698
18669
232
152
139
72365
186
80
8941
9619
140
159
232
157
111327
24
23998
5444
254
95
200
280
31348
126
33
159896
21615
57
42983
202
1591
115657
130278
243
163
78
112462
37512
3
221
115064
115750
204
190
135
11478
135
53
4758
289
63381
88290
60118
167
9953
175334
97
130
132740
26735
153
32843
49984
98845
133615
50907
41828
20738
4
181
304
344
69287
65402
80
84
170
254
216
106
263
117170
125
14881
186300
101491
81257
43
86799
7113
273
12
74386
208476
204851
63793
99916
10234
215
39257
9132
39
251
52160
111
44951
298
80111
86
46356
164
331
7251
170
646
283
29935
60333
219
72333
154
58465
119896
107519
256
129
21088
21176
26461
191
212
54315
194
66241
123
8502
37911
110
129
274
6625
125081
37
64133
89809
85480
58
202
34
3275
62609
93378
130040
11423
86429
37
4436
207
94612
22154
35255
82242
23
193
52534
49466
211
30980
12286
26063
25
124646
9736
37
7
202
4052
26029
88718
81
152686
51041
331
243
137
11643
26537
33540
74060
34568
10497
128784
56488
227
209
57846
15053
123007
102
40
194
132257
212
224
65764
171776
85513
115
31225
56939
66
7066
100887
93122
110
123
148882
247
152103
38177
25972
292
53330
109063
133876
2684
72164
85938
60
31533
182
277
6
14002
60830
24
51447
260
14689
90866
135
13065
55
71979
4852
211
241
7412
52767
144477
57425
176
1
214
255
119
29
16148
4665
9955
38359
234
121413
140819
254
89428
193
14823
20550
151160
59912
6436
246
51588
26532
174
22697
23
91955
30364
122228
201
283
82
131752
155
120
114127
145
224
91
150
937
63
25710
37656
108652
47
21510
9228
51
221
189
266
13866
141
108
35601
73
142
143
104551
19
250
7641
172637
29
221
157
73534
91
4851
132645
135
213
69644
74358
51138
5886
11024
56432
60870
216
139277
8108
134
105
19
209
1844
22673
12201
28221
124656
139209
72
14115
162032
5763
72
20
131
120189
39621
113481
139137
14
105
35955
25262
281
96
78677
32844
56952
34
40755
10183
194
267
160
42073
128
10100
131
296
18
70535
167
139
283
149
76341
206478
82
162852
207
277
45112
167
93
113
18538
68049
107812
7163
5045
15523
173604
227
295
117
224
92
18711
153
56942
42
99445
83797
79118
125530
63380
267
18807
252
242
11229
241
1772
115
322
9245
5354
175
264
79480
4226
174633
257
6
231
7
28113
12488
86942
168002
10989
166376
237
200
183
57583
73
133125
178382
281
11255
102094
3398
112963
64825
93253
83
26
293
39
250
266
12
174
83807
45143
184
15266
2298
109455
187
116
24084
17028
249
112816
301
18894
18331
215
290
20
64810
58013
121349
28
276
238
33777
964
230
47329
86
45
83
260
265
53410
63786
263
15314
1071
190
97956
15
23764
23996
35135
100735
25572
172332
8177
13219
231
166
149
129
388
179
80038
75
3856
4921
164
27
41135
143435
76744
258
10604
387
332
8349
359
198
4
89092
37087
254
188
74992
180
2616
199
52012
6
16
38
101
41
210
287
7758
32107
53011
62
93620
130735
84
17876
28346
287
55
33
183
157187
74
16112
10020
75838
9570
111
44636
46478
32897
66
144183
72
48272
67940
83
10
48383
138878
87937
365
26
196
96162
58
24242
86528
174
145
15529
221
94502
85351
1233
46359
90186
86849
21790
267
42064
37667
199121
71355
295
2217
2245
141
22024
37190
15442
216
209
11568
64808
131886
183
49405
5435
76110
32813
61361
4390
104
151
161694
78162
236
186807
9
111
42752
267
147
139
4873
4
129647
149984
114022
32319
84074
56001
295
113770
21
193
112
114
35
12086
34303
71027
69
8018
50
158
151
157105
255
260
41974
13751
207
49432
75189
236
63
110
107299
199
59
50
69688
85
70258
206
285
5776
5
2127
307
224
264
4157
62
86816
122376
60
230
14
154
54734
98
100795
154026
1
143
244
7417
169
29351
76
21255
87737
74581
74984
139328
108582
266
163960
7423
152762
34041
104827
233
67578
143307
260
7918
37569
21
169
83
13894
145528
10984
176
141046
38973
7519
19371
88
164
136071
286
74857
206010
262
116
98
20700
180249
8745
1
123046
1496
570
3193
321
6641
73334
69511
60
190
271
45
579
115052
102
50151
78
57830
129
16607
249
33635
99003
30147
261
93495
20722
44612
264
150840
198
29175
48721
132332
197
131557
329
208
46238
23168
8777
213
36763
118259
34846
9904
357
272
74650
19291
52
37
5694
90
13481
43359
151
267
6
39780
202
212
90797
273
126
213
88984
124952
125
23
98
75065
288
218
110390
95
11395
18318
129
36124
185
68470
59789
62368
36043
256
232
62289
319
29717
8928
167
9627
68565
186
27
46020
12385
182
2181
4436
31
184
158
57909
46602
162508
79147
216
75
4372
41793
177
20920
80
223
136
58421
93479
89352
26685
3359
47
171
20304
47886
96
218
642
123733
5395
67
191
8109
80
38430
1
81048
33609
70
143266
13184
101
119
269
11337
4
143990
5
129581
203871
117730
64976
177
36681
25407
44329
57
104893
3488
236
1320
80
155805
184067
73
69446
205
26736
109908
327
254
2468
81514
235
87
4446
49256
221
128
90
46034
140
163971
118
121
25
18163
22389
31046
56840
1
9
167808
249
301
7896
282
32680
68023
238
287
72170
233
5399
28
15534
243
79374
15
78943
62745
235
136942
51588
95594
82
65005
172304
162
178112
64
173
135
31
6684
58148
90244
55334
197
52
89167
10711
251
55547
99657
225
71
346
111737
254
68
119967
8668
227
236
15491
6
172289
188
60
209
482
54
111
13
180
26107
62952
145
82858
86891
54234
12
138
111164
253
69248
113
52385
44738
152
28369
147
763
20576
56548
93131
50633
34749
55071
71902
259
63997
187
134
141467
13093
99173
153
54571
15005
19
56793
25774
132821
35
2423
71716
38317
287
131
69613
19
87
48
130
23290
184
64968
90562
40564
41
76566
1833
71063
44381
1515
32434
229
45
19569
107951
180
31769
19
227
48976
188
82278
250
8834
55469
104073
87990
168565
95935
96362
111455
35392
268
22079
75
49897
245
12695
231
6570
43964
248
1314
225
54745
68
94629
96598
217
50691
75724
15586
94528
26380
71896
21018
5051
7906
85
152699
28
19778
168
226
105
151204
113749
80973
10312
1576
48271
199
135
74529
212
18477
174
73
189
164
83039
116201
60691
123
9574
42
114593
55539
170809
94482
2007
93999
223403
9
112358
237
134031
229384
3624
215
89822
185694
361
84
22009
49
192
177634
42
154030
225
173
11
79171
8958
273
63223
12892
189
68360
34755
111447
4256
4704
119060
295
90
172
62187
205933
1565
38790
10305
13094
93660
14765
160
100
277
144463
51416
23879
23
200
207
151
3
32804
7253
180
303
222
56673
16735
93863
209
156933
75
57413
88387
206
35131
18280
40927
747
476
50455
135
8771
287
179
187932
202
79282
108606
174110
54631
186480
115084
93396
158
16957
8677
36859
250
76646
58888
171
27225
36671
122
69
4
213
192
180
59
26538
5977
162088
175
41441
111940
74
12506
6027
8197
65382
188
56904
34137
104068
32
256
173
213
98751
224
82
27954
175
62
247
145909
2848
214
139547
22634
279
3
64
46337
87565
84567
164
48706
36633
6357
66226
39004
12891
147
7241
43
20697
48
194
134
11032
100
93
132330
33
285
7852
69457
131
64003
212
245
142
321
64
13333
38166
3222
197
60399
267
253
201
21452
70283
81
105444
48911
20206
207
19566
105228
131
228
94
93378
58296
97608
211
70
43265
259
18318
8252
4228
175
14
80614
44446
38629
17992
149
9788
214654
9480
11238
179730
94
214352
204
16242
3064
131
2971
188
180068
161
10
242
317
183487
244
36
9693
1828
328
326
15422
130354
245
52513
118508
46
47
361
218
19659
67
17672
3564
212
27
45968
138
130
52
69
76
270
100098
30
22807
71105
17583
342
2465
14612
19965
4395
210
13632
8543
25
53
41466
40038
99546
40
16
29550
26660
208
327
172
12300
1
195
92841
59467
2
112
83
350
28304
97
29511
63
79084
58
230
153885
83
21241
42133
176119
163668
58287
46234
62321
53
286
199
52905
253
147857
41203
245
176
269
23696
11621
54
36
113
215
128487
136227
3377
100240
20375
305
30427
5550
224
15872
60
20287
128
21004
53228
28244
11740
83927
6
33937
95235
185
5481
48
189
368
21595
320
49797
130091
49024
111
16447
48839
50399
150890
249
67005
34
258
109
130088
177
187366
156
153838
260
3349
92822
63
186
88
3108
144148
15136
61369
84689
256
96432
107
71530
53
84926
10020
45652
225
192
2
106514
2
25391
167
91612
8127
157
58
141
52481
127171
67623
148
144404
5221
86
16916
189
41514
212
144
151
12
141807
15
63765
3304
232
271
310
25
225
131
3914
61305
101
253
106878
182
214
134755
139520
50
64336
44657
46956
23687
21314
41429
5543
56543
4751
83
108328
28573
98
39419
40
38149
9538
90
18
36573
242
56121
146
12731
25678
9858
76380
184
271
40839
29334
252
13215
96215
14114
20050
87672
209
3248
3918
179
12803
8480
76899
79334
61073
10833
12
209
159
6086
4133
114282
2891
250
148056
52674
2483
89221
69174
7172
208
125242
18880
10046
100671
104
4823
4310
42
142
4
14727
231
22087
139
197726
25
22884
22
35179
55410
19043
89
71051
133
103922
138286
31199
33
1881
114227
178899
36384
75536
208
4714
148760
129492
109951
217
217
39458
176
19322
45411
8
172128
134
3363
7002
107196
41
242
111205
15741
229
86778
148015
149
14398
34
169
13
83
164
8925
15788
77
4642
51
76350
10
15
114222
194
210
19175
341
35
43266
98
58
122429
127
194319
157934
11254
12958
62
64832
22
15513
24
269
216
73066
126
38807
8405
18669
262
57142
163
132
112672
161
36976
142
396
145
279
110057
44994
122
39857
102605
17314
237
95054
38256
112
46863
314
11731
206
203
33968
24662
15
88
48
6051
1241
11086
42
114
1749
2183
228
121862
289
15365
14278
10451
87494
29
157
35010
114
150
122270
84591
135
98
157
6749
32966
20953
181
43218
199
99836
85122
85
26
17191
251
22457
251
9536
15689
255
88
160
1164
7
180
36619
104367
277
256
9
62683
2242
33837
47418
46
50
337
105600
131391
119
41022
90
143751
204
129975
5047
201
10105
275
47598
120396
97
110243
141
179
208
70
3113
113512
159
208
23569
82
90
7
25354
49913
50079
131479
102321
3562
66
42739
238
42593
231
154
69
20000
53939
4005
60127
239
148794
95
65563
38448
29031
19
118277
61132
47004
305
11970
40687
19137
20
127
26825
54681
52
74
32405
65
215
18613
25
7824
20985
96
51174
51990
196
98164
37244
9
56023
178
1502
11463
238
1260
37357
10823
48246
68
31484
167
6280
178
31040
241
108
130
122792
32
207
76
94013
171752
172
129039
446
3
61
30365
60
123768
34408
29
75023
60991
15
10
6292
98
115473
79412
106025
16555
136176
86
137
120142
139
295
241
155
219
17030
126417
67133
124271
9709
166
154004
39608
7280
172
80
76083
160
71802
19048
1110
186969
53208
10044
264
145
56507
99861
574
169
199
37783
100568
150
13638
142237
4641
10947
58
123
94
230
46
279
253
66718
314
10
33
6153
45621
22955
6796
63663
28972
27
19053
29322
31
82927
75
191
47229
28
165
178195
155
567
16
126194
306
95174
12
28403
100056
131537
32840
26472
165
28476
331
23097
83
2429
10517
25
6485
6042
27482
84960
123
36263
196
95764
126
186
118
35
254
51070
69775
52970
210
116208
27265
251
3361
154933
249
178
10133
108
119083
82
18613
129199
10589
47023
28243
43200
5
294
31
46677
308
121591
198
10658
276
5771
12203
230
321
26333
142
193
68486
1530
57
76
5046
70935
5967
99688
59
126338
36127
71387
218
22626
27589
186
59956
13287
25061
57786
104421
106
288
26
103
156
42
70972
141
24582
36744
20246
13252
263
38374
262
68
319
41012
3
92189
138
651
133
283
4582
34821
83155
1660
159977
120345
32000
5516
44392
34672
561
114909
48743
9080
13
142021
22304
230
54009
58
162275
4000
24224
17421
78119
21975
59494
17601
105
115672
2728
32152
26632
145
5394
282
12222
5772
43527
81180
69
2392
10
84700
1425
82
115
219
81450
70020
29
109807
12
43176
14395
176
109
206
163839
27272
181380
168915
6164
40081
128
99
163
93
3598
126809
139230
277
43580
54
301
69523
145717
225
302
47264
102
87289
72885
97
1078
119774
433
162617
26242
213
6473
153406
24437
114797
284
68760
222
143736
82
239
146811
204
83284
145468
16150
160
59980
288
269
159
252
51548
139
107
84720
69323
222
4
92
56
5
147221
51689
65253
240
148
20717
113225
217
47000
65407
196
39440
110840
1836
110
233
274
39722
20
11008
112004
3
48033
120
85
41603
35206
122
212
146049
62075
191
210
28
16838
8440
220308
197
109034
145328
254
181
153174
101
169562
28251
143669
286
124
23623
89922
263
49
63415
25096
55855
16436
389
8234
5183
138
76395
61
62320
89
3
62
75805
72
12824
12868
32135
2
28366
4511
88322
9470
5753
267
70
90377
227
980
28392
229
116
30498
281
85322
237
231
196
100
193
9652
9566
65
52714
284
302
178
18106
53453
293
56
1985
85
184320
49491
97
41858
109
10326
10
115
3
7556
114
64
37287
25
118793
253
8463
24421
1337
39
18852
79496
282
6
99716
85
362
82
116
86811
80163
272
312
147
65
112
167
267
173438
54095
95
123
57982
53213
62
9
263
5585
256
208
12474
109103
83456
142
47668
101
9161
38999
4693
121
139
10342
155878
87982
291
342
102060
132604
205776
17947
270
11635
42804
234
82651
19043
40
47356
35741
68
7357
169
245
49438
104
117125
790
183
108
145013
1
146
91
30062
74549
15456
27523
689
6
258
363
198
2
24800
64552
210084
232
110667
22
81
150
112434
70
74
6858
191
139
230
32981
28329
13345
36321
32
3078
4609
74
93801
7775
87
177
11
261
132132
116539
26
13115
185
287
49203
3781
83
16322
16643
79699
156
14491
175020
158
37
36026
114
136967
222
50564
43692
308
176
253
9
9731
50676
81797
182317
71
52734
220557
253
301
189
65011
248
53159
249
197132
205
112819
19507
64950
34
310
28
195
103203
60
16298
26638
167
255
140962
73112
123775
13534
43
101
128801
54
125563
255
188814
160085
120
30515
27746
289
72
44667
24610
33669
125755
7082
84
1148
7083
97984
293
58
74
222
35
17872
90206
198616
75
173279
182
72530
48783
50
60217
10
50100
138
26073
4046
54677
15704
226
132
82424
5506
239
235
24801
334
190
212
108
285
225
69481
111
33522
177
6
57035
199
158187
120
5901
78090
251
244
53957
68902
101
67
69036
85920
107
27023
189
238
48377
81995
215
43206
45981
215
56668
2125
190
319
240
11509
151
256
19012
159
314
114752
13873
178
187933
27
11687
255
135
105
37137
327
68
175
186
25
1886
113126
19984
240
39
69451
119626
2266
11105
327
222
28433
51246
160
170638
122176
1130
32213
159
302
69087
121370
44
73
153
222
90
285
9
43455
51
123140
136716
2
18
156612
4340
54421
36
8125
84138
269
49574
127192
143054
99
122
156
168
108900
20520
43
23079
71239
73576
58898
32
51178
49814
53593
106489
39634
45
72167
224
118
29087
298
95540
4618
85327
58996
72079
33565
13
138
10682
230
53108
146
245
124
114
147
427
48
22138
195293
78
116524
3340
261
160
147
18390
62
34
254
30977
53681
37
60727
95
36180
13
71013
140291
131120
16449
148168
89991
26718
4038
266
29415
6830
12792
89
43136
36
275
29898
52132
27330
62122
183
23400
25205
87250
88354
57524
202458
109201
30
210
198
43111
94667
96
42
35591
15992
12140
28552
123432
301
46755
344
1
119547
23560
315
73966
277
21440
13460
8
19831
305
179
264
36026
42856
29
280
47
18901
6
265
8697
53
94317
245
45692
160900
25
136
85
78009
97
107
4
102
36
103
4850
29169
44
57587
55
94432
96
23319
164
18229
3201
166
128
26385
312
2689
237
173948
100578
53155
124315
35441
145
52
91
172
82
2371
26
153
104174
276
276
156
246
10894
321
31732
96
132307
2202
70819
164034
112579
110167
120
58
7
55
286
37827
62013
73299
60098
289
166
24
58327
3220
268
67459
41
164037
23602
758
3911
50189
64479
79957
134
44625
258
282
8802
16608
177
87905
178446
46
113373
7977
128
153885
242
4122
66
196441
157358
206
79
75506
173
9
19845
67393
62
84626
52501
4904
61210
91
136088
55396
11370
226
146
130
82148
3060
281
118
36222
221
97796
37633
31993
63898
14955
209643
63874
31860
7072
8
13637
279
91844
83560
158986
22
239
20025
391
95
142646
135795
15267
10057
134
281
100
14674
16
56537
22891
260
174
117
206
32126
88
39
38771
108
69
176
5870
258
48
81
15
72595
139
49295
127
33642
85086
54935
2237
310
28814
134704
42924
21
108
220
224
148451
293
48611
19200
205
127217
3131
41500
213
94253
67
175476
151
7836
11856
51103
196587
139561
54351
241
97
8
37
156
66462
9987
96572
82149
29963
73367
166
37327
207
52203
49380
75
22135
210
184
196
53
77
141
118
10409
246
35051
191
3
64
203655
49440
178226
52842
65
82
9455
235
104842
239
9110
117
3785
93
20134
165
152
40898
33793
66280
16842
200
256
10772
1365
44072
176
148
101795
252
17597
36
51264
23514
38848
148
25
8776
157684
29035
63447
196
132
279
3
65
243
1
26
94
89326
250
173256
151473
6588
22482
71877
6332
182
61372
3402
14644
61
128
69
110416
125212
127
38281
216
280
122
159
24246
6252
171
278
210
81
31535
209
220
280
15
11086
144
150
2814
126
101350
157
137553
222
19
260
114108
139936
59059
11523
137919
15569
206
64098
104
143
106439
95722
7117
87700
71
99
105904
215074
714
112
71497
121260
193
175
271
83701
102
72463
58
388
2435
54558
40167
51
15060
3465
202
30870
96
8
6
56582
21
65
81
79148
45951
19773
111
258
100
67
169
50
159318
272
117453
22455
181
96707
148
122539
210
29402
47393
76227
150
131543
43746
4713
29642
11167
64862
25
10208
38
256
7414
84
33134
17995
258
56773
158
43210
7357
82601
25258
113
2454
118847
37690
192
450
11051
309
42806
96
52126
65606
64488
6994
49
210
126015
40628
5674
107615
147308
102613
208
185
120331
204
58998
22537
1103
30521
110
69
42420
185706
111
22282
39356
72586
373
44616
3772
117627
4420
36697
38
94904
7832
3299
94437
33
9361
1
24
270
62904
48863
23
241
62013
34127
84520
49
200
8137
23
72979
6107
25113
168058
125
6831
28265
3968
175
236
9267
318
59774
302
91490
45279
104411
30672
88328
132534
180
109
1
295
160
209
17863
179
97653
35196
40877
91514
27
369
118
149
109049
82
42158
50
259
106394
207
302
9188
107
55
153969
6984
18160
36
100
13928
13933
19684
250
34
39339
336
78668
15
39233
125983
110580
85492
271
95873
64609
266
123
58559
223
57
27
298
128761
254
48583
77621
237
189
6040
153963
218
58105
3190
127
13826
6094
8
150101
115
277
167745
140
32792
7555
1
24622
86
190
66719
13501
362
7812
86
149440
196876
28935
385
44467
37667
112
257
14699
57
21714
315
218
10392
47149
194
229
55315
22302
104953
82419
190
207
1457
126
2625
26914
42
311
149155
128
21207
9
97371
124285
222
2101
190
100698
268
39116
86972
160
109
103
77
5529
22674
70
117
1638
312
21135
201
25655
238
48892
142
11018
148
21914
2421
148
115
126
161583
152367
869
201
107
8076
150
132
1
113693
53338
146555
8674
68129
5251
1911
109891
37898
100230
10
50971
8387
230
958
26709
26007
202
152
32558
4397
2164
163261
206
67682
26921
95842
17474
1
12957
299
4990
151656
306
11952
5131
28475
271
140021
113
232
122860
174
3100
25356
256
235
17226
42
138
36354
40665
194
107
140420
31745
265
148
184
74
2057
3600
114624
29388
27793
172733
33871
28
95
18020
222
143
211
114827
213975
142112
79235
32848
8316
6044
120170
141
4
123
74
51775
87822
142
80287
73058
194
50809
277
1766
28
168
194
79
23701
185
39
29061
194
54
1842
31
32
8956
21873
100
3
39450
38706
38643
18148
226
145816
100
7233
103686
147
163
60718
2985
127148
50
74
171
305
59906
41714
198
31
111890
294
61
20417
105563
2013
341
148194
104
32762
73268
9991
2899
70234
10503
150726
9599
54
13
133
80352
37285
47533
70
232
221
4032
20
113
60
286
185
33140
59311
23919
70942
80599
86767
58271
140779
43050
93201
311
194
210
240
204383
111735
179182
207
14659
3
11639
172405
150644
57590
231
237
29000
53512
71289
24
31342
157589
128
61
49362
227
52
39451
209
122
102
59013
13128
15883
342
180
102986
221
96765
92
108476
117927
91
916
247
57061
172
46987
190
122638
145359
45314
365
129496
130687
138
52251
9674
83486
206
198
8837
26
9617
130725
94
7283
19361
5449
2881
117494
130222
12499
120
246
103760
77857
2
87611
4274
23560
28
60707
71
1159
99521
25692
48449
25833
15922
146932
6485
125
202
118293
120
6
77316
8377
245
37907
95153
31212
118
297
89
32926
39885
14
28
115909
63986
126
180489
5723
184
286
83936
220
87
199
106
105
46197
16335
33513
44
139
115
66
9611
62
280
21189
42815
86792
6215
41815
81
10
54595
82
160
348
48905
21747
38026
226
151
116102
283
61735
42
6372
5757
73650
314
105321
11686
62600
154761
157
152398
171341
388
172
121768
221359
52943
20962
147052
305
130560
114895
153
52540
16451
23711
99
25
93363
24
39
138166
345
260
185
9366
182403
80133
193
21732
11619
48422
102
101
12007
2207
44
168
44906
179
83
39262
8704
56806
231
202110
146596
57578
174703
140600
252
19821
140
25862
12805
3316
6525
106367
222
165106
111162
62118
7714
23385
12008
72
56
27772
28825
22966
292
295
243
122
821
181
3568
197255
172
277
49
57207
10
251
129111
11361
194748
52
309
11532
148
66
150
263
144
102615
1985
3924
51769
9368
140
193
144733
331
21590
9791
84853
59252
43491
65711
14322
240
36006
226
21656
11
19915
98527
110
65039
3992
115508
303
138
138823
69683
226
124
29327
106
184
65532
230
52001
41753
5143
52378
189
325
227
244
71
125656
20649
153
4236
221
119467
111
170
265
86427
109659
42
113
213
166
255
28215
65889
9737
38253
128
111642
83900
54903
34125
36074
104652
275
233
3254
12
33743
79
136
7031
318
122
130
7684
112
4572
56669
32179
112393
110
223
1474
140048
246
76285
29859
92097
61
21285
184
14047
130
103866
117382
271
23144
46
1379
25445
195878
200
185022
46045
256
226
107344
112
60082
58088
26558
128
107
131413
46160
9113
47
155264
1168
23854
83
2
57155
59
41736
96928
80
109435
285
31344
231
226
130436
217379
104529
4
155
35856
111729
74471
15791
38946
84833
67
128
114
98
6464
46
87
247
66332
64547
60372
123
996
199783
181
30740
171
131853
129071
25069
121
29149
57143
152699
12938
170
48722
68
118732
185
185
170
82
301
250
223
13804
297
61
42548
4
144805
16347
71949
112493
38
306
1601
64431
33405
173702
195904
278
132617
229
190647
16
19227
94890
245
138
222
3011
110
111
132036
311
42
96
98780
93155
65
53309
31881
123847
251
190
17
65
169
7010
28957
25625
25263
88
165
86
147
41357
28846
8835
6
295
25
186063
2925
185736
217
33389
143
177902
63004
21530
20
95166
115
231
342
84
9369
111725
22
3
18043
90
50770
206
11851
67
97
84340
127898
233
254
1
294
89
19136
129
120409
126667
128663
133
41755
276
25786
40667
203
65
68291
274
31768
56526
194733
16
195
228
116
216
21715
84
203
8254
117
112
25
282
106
145838
280
100228
7793
31
54089
114
8489
59740
87910
116
213
280
111766
210
300
192
185129
316
48041
48407
131598
45
176018
235
77197
122799
235
242
25
80265
84626
264
39
69973
517
4703
20069
22
288
190
80052
157430
165
23590
100
216
25990
2316
313
141
95
43575
180
9
19140
15
19193
241
42305
20
6666
159
84950
38876
97675
29
64636
9780
219
102458
42592
3941
255
116
124
253
112648
42
13692
201
14304
109
69694
9744
233
85004
19810
334
106
172
201773
14677
41594
290
65533
151
23398
133
113
106220
74299
294
34022
167
167
174
152548
135889
278
238220
2539
242
180
318
192
160
93
163
4720
141536
31210
32751
25126
174949
119596
93290
458
1
56
8393
143953
181
186244
50394
2079
230
159
216
180
167739
235
372
97273
14230
48
34114
274
185
55044
78412
96
194
33065
47123
74311
25
5
119992
979
52259
278
302
149514
14591
82
52484
56
336
111672
258
4452
100
107
38877
16634
21176
61894
240
145
233
15022
222
27609
92
2
33830
90992
253
46425
229
262
179088
219
108
232
1790
37983
282
40
13277
60130
252
85835
193
59
125133
172
217
188
284
9479
55730
12
195
200
204
15863
116
16256
52750
59961
39378
172
4276
147
164
18384
316
107
8194
241
119217
341
62770
22211
278
2502
190145
6
63887
38
135
207
66921
68
38893
156
21
278
124991
39936
267
105917
104925
171
44736
260
159
91
101652
16961
33651
305
16574
21394
48101
248
11978
2606
113020
257
31
61
216
43
268
191
6073
33
110097
58163
237
111
266
28797
178305
96
59931
116
29
15960
157
136
63376
127
20562
285
26
6721
237
346
100
124
18110
91021
32258
153
172336
83925
9270
123
278
21
249
39423
233
111663
32998
70926
217
135773
16904
49
103219
298
34775
77
20490
277
199
265
106619
63796
82670
53771
13
258
68042
247
258
158909
321
193
9076
6690
58
6
150394
68443
28301
87821
3050
208
29522
172628
13171
43189
26549
119
230
87036
13
89310
154329
6738
301
55859
227
3865
55852
13
11692
187
131234
85752
218
14274
2
212
15705
114
327
118849
311
198
6
69609
29221
162
75190
79831
90
355
238
39319
72854
282
94715
74
296
168
3593
79
240
149623
1048
33505
13529
2916
54393
3977
42035
323
16
8331
180
109275
141742
138088
1545
45310
14218
90
233
248
126451
193994
63485
172
36706
242
179
50
127015
114
198
176
15812
207
52
195
133
28
51595
63629
9324
23799
200
363
221
66015
18768
30076
20138
67
95
197942
95
210
21861
33710
191
473
181016
63153
281
293
28767
23393
246
59262
131975
3664
2011
78038
125
54881
113
191
90014
48566
1602
160219
65
10
146063
104332
271
221213
136
2731
39
12060
16
41212
109
4
145658
316
60562
27
265
127894
40464
162663
24
29718
85787
86775
14829
66801
173
53991
1534
335
65782
32
63
216
13437
100869
195093
128
38205
14046
152
53669
75820
111151
65292
240
369
199
64741
232
3641
71
89627
38
249
26759
59453
145
149
18356
19293
15
20683
148900
250
67
69
44998
210
39362
136044
81234
190
145
157896
284
225
122
106777
59042
51731
132
96828
92
143028
182
254
17845
52579
3
5281
92
127662
11563
9042
102721
71213
250
25283
11
1697
192
221
38578
122
110609
209
93
22440
120120
7345
72437
244
330
178
70
236
62176
344
248
146
268
46578
30289
38354
24389
13157
89
97711
8769
55750
113
77280
9
224
33
44006
224
146
145647
3715
16476
4
289
2795
77599
135
32397
41827
131253
81430
43285
56699
11952
179
64
18840
118
72
255
120
69548
24231
15590
79979
271
167033
3
165
128527
228
80
15172
2573
228
15
5251
174
200
141381
210
49087
8485
135
60557
74954
132
229
336
183
13802
24179
30778
86
31765
16
51889
96909
71
32649
79280
3022
204
76
21
47
29
2342
24321
176259
237
273
44770
85125
104
25035
210
1701
302
27
209
170
45
101333
241
189
121
6
1510
361
57
5029
211
296
174
126848
51613
213
12135
116933
193
107977
23790
52
15489
146
181921
39964
143
9
149
25665
11738
12535
38825
21303
985
2071
3083
49259
25
54115
1381
28
178
45695
181
19586
34988
6
86
22580
289
22387
371
66373
220
371
40709
169
18875
5349
78
84
20083
1625
150
335
226789
112748
31
96000
3545
31945
29
286
165
160
210
56953
12
263
83
32350
66628
103591
79
264
34052
123
127572
18370
52264
21884
136322
144746
69329
183
20795
134
305
222
2579
346
99
57299
207
37390
126
312
51598
161
176
208
68
2459
70
156
119
6040
381
176520
88793
3388
159
163
141014
70462
24
139
26042
133201
174510
39
261
3761
55150
2952
10
10977
87
265
31596
93256
285
57307
249
13831
9741
28744
121209
3305
284
207
100246
79
43260
17754
83855
96
257
120
61
160646
100456
161
5676
96193
19459
116
195
206
50410
115
7
227
91193
100731
11
18133
57312
39389
139553
137833
138
54047
13344
5186
60354
54
211
111803
87
61919
70
8519
19028
171
101
2621
224
158556
751
215
34
176
112729
92744
99805
59
126315
144
487
3
91
251
61906
121
72
176
3
91405
156
88
185345
74851
99300
31
280
48421
171
79
176
98259
44113
14537
55
221
26
106861
34
146586
170
16811
131
6814
104338
41
24701
49798
61
159
272
311
87370
296
3454
73
6404
72
239
153721
8833
267
38242
82307
5924
141850
92515
334
72
4439
56864
141
41389
78916
66849
65526
65
30725
28604
21613
206510
16481
7372
66598
48356
56692
224336
88717
19473
57
17667
218
14401
173339
42889
11731
339
72195
83559
197100
239
151872
77
70102
54165
283
111474
92863
317
272
106
269
101
77391
7646
40215
21
275
95
34121
191
14379
163748
21848
108
59
80
112593
22720
252
660
135380
28976
21503
11658
75
101202
27520
3
57701
55473
131567
35507
22769
60
7994
178164
28301
167
165956
155339
248
13529
27
107
119
4767
56421
125
121
68330
154435
74103
56
148
183886
81264
126
254
182
185
319
41579
315
26848
44398
3624
110375
210
193
41114
280
226
7233
130
164
141678
54
69
95183
246
201
50
198
191
300
24225
130845
303
152
58
103223
31731
180
20338
236
57958
10
44
209
193
211344
47
167
50504
343
127
13309
4
154117
25820
10
194
20500
51742
58251
57824
161171
107090
180
34055
350
141736
98234
200
248
209
26
129
3252
120
101
151
43378
41257
55
138852
53218
6651
20405
68044
42752
124909
35672
255
39784
44
159
81327
49
37
17356
62
208092
11880
32804
152
33579
38854
21403
172
89
74
233
176
298
3
59526
150028
128
69291
61
79
44766
300
103
283
51649
256
109091
46690
93
39512
361
282
16
147509
166
1657
253
56378
107
116
53
179
15010
168
90671
129
23660
87
37625
1354
290
75971
29781
221
27107
267
25003
62354
169
98
101
159
258
10
144
140
40413
243
247
56
24742
153
42
30
39
71118
165
14269
201
19
2559
73129
34884
44909
12767
155
16
244
14848
15586
73
188
14
212
191
34
1393
6297
31556
46392
8653
178
79
106124
34771
64041
206486
46478
51
93903
30
71
260
262
284
8231
115981
66935
327
293
30995
192
26571
147
15923
129
176717
26625
178
21756
25
89472
86
217
214700
158013
31824
6
12
26350
105
316
37724
1
143
15301
320
150
5028
14699
76
19
159
42002
6747
61
185
132032
277
40893
270
2775
197
215
167
486
292
295
73990
28000
918
1886
144146
11486
160526
188
6088
74675
39336
6
214
260
31
1
86
28582
43275
942
10387
308
277
272
3522
8682
16802
198
113
171
38914
104
71763
186414
25535
156
49640
551
230
46
29369
2281
165
14456
247
134
138880
67951
250
230
269
128
4849
6
39
26794
16692
196547
139933
286
20970
293
88347
9401
13304
70
6217
170
154
116823
16708
4025
44
101
105
58462
311
18182
217
131
68924
35906
69
169
194
151958
53536
15
17727
15456
13891
29329
11198
595
28923
52633
161312
43766
152
32245
251
18250
149
58900
209
55202
53
178
54
169
19005
57
1676
7844
69190
88371
181
251
217
109
110777
76
31
410
346
213
179389
18824
3
77806
111230
234
45598
1510
81829
144
76031
80343
270
34
113
198
126
31
142511
50345
9910
121
96
193
18280
171
18
135
114
19275
125
144921
170091
36862
122244
5320
69349
254
95830
120362
30061
125
112257
35305
70931
520
101603
206
30112
94861
12
278
234
12818
15954
146
6
26036
291
75
20586
5779
13660
31671
33
237
1891
126645
43530
24015
163
191
195981
168994
173750
89
218
109412
16942
12981
52
86030
211
177591
21
16568
36811
23689
11306
26
51447
124523
71539
187
1056
14771
59202
120
120571
262
72836
6886
115
36
28676
187093
87806
131701
713
6190
205
165
107105
159071
68148
43041
25860
78
87
214
181
146836
54825
122284
110
22185
7044
73
57
34904
28497
114467
27393
38522
325
3403
1376
62685
34
4
312
3570
91
46438
81
102
6
159600
52215
145
6232
116
17
49445
89
10277
31
3771
61490
146
303
39074
13187
90070
31494
127912
2588
75698
71
10909
184
243
4
94729
115022
21702
34732
282
168730
32217
132
9
34290
34068
31984
234693
35
145375
162033
101179
136323
533
239
67206
51657
53258
25753
153974
74835
43
181160
182616
69599
3167
246
37108
45839
23188
1264
17837
74
8575
18763
155
6218
114625
109
78
21653
147122
131609
183
104521
10958
9472
18471
187
4541
23
117
85
85
26
40636
261
239
204
49143
178
4898
67
227
20569
58167
53955
85
21323
139720
204
279
57675
149
124557
9445
186
82908
22758
175
35
137627
41
163970
259
2198
116
11918
28877
32068
26155
211
77881
330
2771
276
31845
26590
76
137
20647
330
215
32603
122822
22657
290
88148
79381
77807
302
219
111
9274
137
8406
34599
9561
71
131392
69103
15
71022
297
56384
22054
199908
28177
169
4172
95
119
46996
1
1112
140
194
200
47
32035
27195
250
151973
18504
19878
278
171
300
216
44043
106
252
247
22085
6
25668
93
36
64
112
1796
253
47167
12762
53
314
43
121
270
1120
96
95025
56430
13313
120723
12
44486
25
41780
72763
3
112806
26540
19
202
212
44700
12285
61
184
15002
25935
26738
85
36943
5
150210
2444
204059
42339
256
21641
108
256
62448
181513
220
116283
45
257
12408
289
81
254
47414
252
69432
132392
199
106937
83
15243
229
123996
92295
46244
123
267
103
197900
6961
82
149209
168
11367
56635
3
205
761
149
3944
7887
170739
546
6050
86
122406
249
141
185842
108
230
16380
71485
63520
174
151844
161
1
40817
152745
38713
67
151
37135
91953
31
23
37272
135082
209
10474
100821
13145
195
1483
93458
198
173
159
19012
20643
176
12771
135
170175
11014
110
63575
154
180
124
29742
55389
24176
17960
27
11551
27502
10548
235
61
7539
134
84045
63
21561
37644
108021
98
190
141
87
346
118234
189
61945
24198
235
30207
14
195
243
235
46260
229
61154
188
40
142913
159077
15597
186
19993
82468
22997
17953
37
119841
67399
19047
13873
161009
52
48
241
217
84
575
151
227
78270
108
205
58913
79060
179664
160
56865
7458
143
169996
112
67991
69
116501
4155
185
76
12
112
189
40
99
29819
91052
143827
238
184
3
256
104696
259
208
50000
1630
152
183
258
45767
135529
157
39
1
50
3426
22497
46971
196
117
62
140501
130
37511
17625
14854
212
95580
256
206
4938
327
48168
14258
220
22044
20337
159
17409
213
44004
11147
2259
15283
183
71765
95686
19431
134594
192
5664
323
80
46
246
103924
211
174
26282
99658
58792
135
150901
60
240
69815
44313
3435
179060
16082
109195
305
127
1062
29
4157
3691
140
76087
248
8417
16601
91396
172
22595
23
227
112
171327
324
5820
213
232
107
1110
171781
11968
257
110660
75
71931
219422
21571
46134
53
41420
32
973
2337
74532
22580
16687
3781
7331
9980
175491
53790
72564
145
95535
357
70
52
101
148
194831
79605
15
132
249
241
196
106
1997
115
214
40335
18774
377
6903
102
20092
35320
5539
117188
9804
171114
219
26212
251
201865
202
268
213
148
245
252
163
99723
150
125953
337
134630
105100
71312
227
6879
26
58907
49
289
242
18813
4
78413
60
52948
218
14
66
192390
123
70371
180846
232
14578
21248
198
54886
157
268
54649
89
88
99314
63
92698
13520
123
263
178
3574
32122
41
127
44265
278
212
16607
34179
75484
113697
20933
1
123937
181
176464
2813
162459
23827
69603
36
1
39523
185310
21465
131726
3
80372
44029
141
23
118
271
118
252
234
140
188
5124
243
41484
164271
101579
19
91104
3873
221
19536
190443
65
5336
13580
89
76756
171464
98455
27104
40
10
152
143
144536
307
183
72286
204
138
57937
22729
257
2505
1
8697
62711
184
25671
108585
87304
12927
71
6407
27866
19340
775
132588
6364
199
78832
79826
60001
8887
157
196
84324
37396
28022
25267
17085
300
149
39644
26
53573
128
163
86436
67
215
4530
182988
43361
280
208
145193
5548
99537
13941
24566
8283
90164
132360
218
334
53791
25207
54728
76124
153331
12
29658
20196
159068
1745
72590
67
10411
127490
1739
86
218516
43233
20655
72168
64
279
247
206
140382
190
143
5739
40789
82658
135258
273
265
63509
246
29578
141
143
476
5994
87000
100
138
36906
34546
6023
63518
79
259
10158
22075
53006
30180
4679
24706
242
9942
6
211
161
11829
77
50
147958
43031
4
42680
117671
32
50535
16313
18561
72537
101562
189737
120789
122
263
12330
8802
3050
166104
125
47876
251
14551
171
45118
22185
199573
108
60239
48
3867
4773
123003
193
293
2166
160
161
93389
102876
218
206
114985
160467
66420
143674
108
7942
91
18333
100103
210027
24015
224
34461
185
263
2228
75486
219862
18552
10
37509
18
27135
272
148
67861
36
238
45
185
25713
2004
172
86002
26610
262
115
25078
107
283
25002
139
2891
1745
150435
1867
34034
57975
17243
39
18952
19016
120391
7066
7284
187
7062
54604
24576
131615
283
310
21692
4829
24
37921
63
274
92555
122
12244
63
1
72
22015
199901
1
79060
46197
13488
340
84
192
351
226
58384
181
30055
13372
66698
194
24124
145861
1
14
11461
263
11535
73861
175695
175
214
61473
242
25033
90940
81360
21
17211
77
207
94585
7679
118475
226
6
262
109
194
1224
120097
174
147
191
61461
268
13
19001
42021
54124
303
1
244
102276
197
145
155
12179
43
13484
4613
13036
14485
183040
219
5581
184553
38135
5
5592
174
153
25
11021
107
23
53192
24486
79306
328
36709
64504
178790
421
59
29455
159
126590
306
65
73514
30083
125780
264
5378
76366
90
202281
18573
200
154484
190
204
122725
172
190
73
73
208
236
46512
139582
188
124
97508
29697
14459
98206
3
100
78
1
1315
193
155
218
14259
34
226
69
108698
259
210
196234
267
137
6992
21158
202
81174
281
255
1
78
53752
15511
157753
200
123971
10
5546
122
301
101323
12146
227
71872
245
200152
112624
79031
7
177
2728
266
31036
2584
87983
273
6332
98
127
145172
87666
213
66118
17
120821
65
121008
108382
43
128512
16467
112510
45457
16380
5
64480
129975
3835
66898
57
99338
15851
11600
215
16939
19784
315
291
4658
281
43587
279
42
167
38572
158682
59829
1023
8102
7815
125769
67026
55
23095
157273
25
44594
256
33
145388
28683
174353
56
34
35
47073
192
203323
42
58118
190
132301
275
192476
13
162465
11294
5
79
221
6570
6
6844
110538
74
6760
102
112361
21047
128
15430
3027
32323
101404
9233
300
194
283
11417
149909
10142
19
38092
23443
265
12316
108
15
214875
225
149
177
48248
14706
7241
109566
57342
244
45765
228
81
213
5809
43950
12463
21343
385
266
139
108017
230
81014
195172
170168
13883
92660
140
133
97
277
64545
504
10905
2571
86069
322
244
82
287
33433
8550
153893
29057
125
155
18
204
21
68
40363
30
135309
45884
29712
22591
24
36
97
48368
41006
369
24444
41532
201
217
10805
23086
69672
1088
107
62447
275
131910
179
224
55
63762
207
6
76895
3
245
32
125
3437
26111
96
41988
29412
175
138802
91840
238
149
75671
259
77564
238
2356
143
106554
134
19121
11
35842
114076
20032
182254
169485
215
317
218
148
20838
47
217
106607
5409
14848
162132
3
101
78
68405
64609
2823
286
8161
240
161808
126
27292
119373
38
115644
2692
169267
5724
77302
11646
32724
25803
186
9568
111
112166
138
7239
214
79
354
85957
101
113
35234
191
69610
278
101549
72738
41542
43720
28976
5387
24392
114
37312
22099
49110
179877
2198
68489
64
59503
195
288
31479
3166
135151
241
88064
36252
25837
7334
8
7894
18660
158
32476
130
239
79781
24572
226
87
121135
101
33019
51
13628
14588
8049
147
72765
236
102
295
41562
255
7499
119
149
110283
801
92355
12
215063
26
87466
166365
23737
37461
28
137
30119
191
190
87
33784
228
320
227
75
216
176
88092
77379
73411
11472
102644
167
71
153
10
297
25711
163
6829
80
89117
164228
9
6900
103409
101403
35710
115
75093
247
262
169
30515
2846
15928
28
88145
173
67848
119
106503
24747
210
16976
182
41
1412
159
57356
38476
17145
106
7639
187
65669
5191
206
24700
265
250
796
92
36
201
33
12
634
139697
93
4248
3050
141
28381
81654
137131
148
130387
183
77
129694
29360
310
180
70
77
59128
137
24
601
9934
22
24570
200
31312
83
108
110547
160956
342
67
15
25366
296
291
186
83
284
132
197
179
23
112716
109661
16
143
272
65
191852
141
13303
11801
233
120
201
124777
291
79
16959
29525
125
11924
215
20
28527
29995
281
256
313
58
74
253
182
36663
63471
138
126
21110
253
134228
45923
154005
44741
74035
79
13000
297
11277
6849
50467
136222
59277
21
25580
17082
2524
179355
10324
192
184
84878
214
1
22
150
44282
81586
188
189110
81
89688
52518
43
226
3493
33830
166010
219
46157
157
241
88144
45233
105
48985
7
11335
102901
132
132639
6568
184
54334
47694
151
99241
12918
208
183
289
58296
51
82
123883
19166
109
155
74
347
137
77243
48
9844
17
114815
11002
228
176
65920
208
61083
88413
265
114886
187
83286
161
169242
59452
8677
1093
1759
35853
56384
28
53030
94902
10443
7667
18224
9500
250
55802
22244
1620
25
91368
146424
12
230
5500
45076
46051
186
38
117
53
159129
52550
19690
203
304
802
406
115935
103447
132
7387
151076
2697
54
8830
70
328
44316
174
113759
83
50276
8
99599
115
22434
298
242
161325
22597
280
26380
45
208
169
315
38348
38324
31
25548
57465
20964
86
109519
94
129
34
362
94
3691
148
230
3803
168528
67041
225
255
238
20
29
265
92763
46636
78849
4592
159
2070
56268
230
54
15984
198489
21387
62811
42167
49003
18222
200627
58900
46
135060
193
6
9
37477
81869
30630
115716
223
139296
10
147075
160713
47267
97
266
202
64580
66
165432
241
147
8050
65
287
3287
50620
48234
65370
90
3231
32
26674
85
39526
35754
49985
271
6
192
144963
19
130
59697
16753
174808
128981
125
65301
185
48048
304
55
287
38706
182
93
71696
67201
22
103513
75316
104296
272
103939
72109
43304
4107
37254
242
96113
8429
42045
336
138
229
133
296
132
21508
45811
166
34
11636
91604
256
132041
43
109428
57916
10
9332
160
236
34166
184
22250
67
21687
112
9
288
20029
2302
116674
68702
104845
262
42
237
30700
141
170
53118
137184
35
65416
134
26
40847
233
86
321
52
319
22
107653
85745
351
114324
53414
94016
37388
16
1
112
151
10734
150
251
69793
47
80999
25
18
6130
272
14038
163
175
295
67930
134
42998
32041
75
7098
113
209
65704
20090
275
48465
872
461
50
4082
47
157924
170564
342
101911
155
159043
44721
5113
95
255
12444
18104
103
18385
72
119146
162
268
120039
184
29852
202016
139
144836
33992
102
169
1452
171
6472
59
103338
4739
45863
283
185
163
96
198
29378
872
94338
191
191204
65938
41535
37865
120255
25
155592
18
156708
161
258
66
72809
4421
25592
138742
4244
180
83121
88
47
23
203
213
31
146
43561
51642
107199
29120
62981
41649
84419
123176
74
108
30
267
6
33745
116
39550
101
11
30712
223
27
227
20756
11039
48
283
205
70
16189
66556
64
49917
112204
36761
243
23891
96718
23992
109
36743
39560
593
10048
78015
4067
30
12353
25
150
276
8207
58
23238
56426
242
35
29544
106082
147
156
12750
33
217
110
93
67992
104683
80
170353
111
279
303
13
152
113502
129487
146015
12246
64716
17575
127208
609
82210
50795
68848
3745
238
243
21943
16275
42691
1353
41574
244
64537
14126
284
108538
170
36119
90
106705
167
90119
72
194931
149055
250
99108
240
59
106815
287
20879
219
99
87943
770
83607
35346
311
145
201900
169780
224814
66
197006
13074
106944
32204
249
44054
82
152
32314
309
39019
124
276
173
113917
202
1238
5
25793
286
35463
225
78909
125
56
114309
80
379
23081
73045
106576
6916
173
179551
32871
222
53647
153075
165156
228
184
13524
9626
39
85007
39604
17007
31177
146
306
141883
243
29227
280
67
123726
247
47682
36112
24
280
41
170071
25
11481
411
24067
7
205869
59328
8885
32
22611
144
17543
18356
96168
3
312
84486
34
121558
11179
546
152
23551
19429
107
231
17937
112426
28
152
172
149
254
275
21858
240
125
92
214
21990
86569
1039
42616
128311
139
88
221
30
50
93200
130754
264
49583
234
124940
245
6
286
2467
211
6565
105
272
14798
12849
96045
156133
171492
160396
31228
167
13527
199
197
176
218
76777
234
130949
29799
74008
267
127
14844
60657
14746
161933
102
2233
49724
144
143
129
173
7360
151074
20299
63571
113742
22159
380
169
41297
95918
183
3223
134152
193
2547
3670
786
43278
48389
15527
33558
110
171239
147
43216
118
19
51
41838
178386
24
191
49
15013
32716
55518
4044
75413
128
221
30696
299
84
18930
1262
214
311
11
127855
79285
82
48450
131
211
126530
60832
50825
166
23
43347
6158
49814
14965
24221
22371
18493
4745
18
33281
5475
110460
3720
59
44
127
26651
83
106837
191
221
6561
23759
25183
49
276
20386
195
24514
84306
22219
53823
81632
45768
169
194
3267
85116
87
25881
48775
177037
86925
12007
230
73988
204
251
4293
34
180
249
5206
36
81
152
50
49783
165754
52247
192
26982
154
23491
188
132
21511
70016
105619
9
25216
167
12886
102
91
265
24
64237
137913
1535
131884
13236
93614
1
98
262
223
89505
137352
302
364
28814
187
31157
94125
107
16526
86481
166
7790
22455
15122
324
95
31
25
102
51
82746
185
17602
11501
14359
40399
161572
3671
1
138
64
195
254
367
163
49650
4632
28498
2525
115697
103356
94260
57067
50
228
132938
144845
75943
130216
111167
1433
222
196
32
200
76646
163
46
114075
44935
69142
4491
52633
275
131
13
19168
245
33092
123319
196
32264
9322
23804
37112
58448
98446
237
17623
242
69
61573
91
63897
235
104
60
83
32849
3
235
153
100
88282
276
135030
217
39
16679
161
35290
120
83172
64546
171
117
66405
52616
144896
21541
63598
71735
301
142
133
155
27754
190
13475
96410
88316
1022
1650
160
87743
1077
89
158504
44
134
12487
112930
16360
125298
8366
13819
82508
21820
84
257
23957
97
5192
17
279
85
143
3608
155
25019
34304
172
12
40401
11378
135
137
150
20797
210
56444
65151
34
124383
45736
51214
48696
10
135676
212
63125
171
90
148
210
26049
185
84202
74997
93633
221
5405
65268
29
8014
25439
127903
46
87
84
241
37006
92
11170
167
68164
213
294
43778
170
58
234
126416
27
25
9098
253
12078
87398
175
127
120
151
127
36427
57598
47674
53612
75573
38
213
15614
248
115447
3380
149004
136
36522
221
159026
66652
6651
241
85111
265
297
57743
19466
43
307
119283
43550
106059
240
84575
104386
212982
268
246
16027
5286
9721
231
85
3
40271
3439
30419
211702
83100
37
33836
16747
221
261
103167
225
206
232
11
30080
8309
215
13106
109423
2
172
43480
165
30692
289
349
182
212630
163
14
7556
246
3
175
26767
185
107016
23150
3480
80723
21334
40775
64596
161
60301
13187
96893
195
36
247
292
40626
239
145985
193
28713
101955
38717
344
211
19476
74734
40401
18650
15159
43388
25660
7735
71100
94132
266
255
179
12
29369
144
71688
17983
2425
227
71477
3924
295
35949
85081
79
7209
228
303
93
41
24
3542
77066
78311
15647
71
18880
139356
89
204
177443
231
134
81
75462
98298
3037
50822
14986
191
91
124031
13807
172
53417
971
262
74
165
8501
18
22062
2010
22637
132
60
86591
50
59745
125
54013
212
124754
22861
209
105411
24022
231
139
19472
116757
48409
49
54512
21
46459
30444
54334
82129
121834
16742
200
156393
127
1
63012
212
202
58120
100868
65367
12
85196
21197
112335
70
82056
102
41
64
118
122002
185142
195202
4796
41615
63073
6621
82416
24369
90187
10498
42784
31863
98432
147
24
95860
127748
80202
100304
25342
158
50583
316
12872
68
24635
63005
123
39114
3
7675
52
128
120074
261
2808
10
27690
23166
66661
228
210
28811
263
85
74
4456
14635
80
63
36755
32200
18964
55407
100673
66895
171071
256
113
198
36
27917
91
667
227
238
42710
66
29437
111
185
38
81964
133643
4659
186854
74931
25427
36
284
214
122154
252
787
34090
11391
32310
4870
27681
108774
1914
205
48295
3927
6332
139
207735
62060
8
10076
37920
90
251
31
98
43666
24600
2595
186
362
122743
140
150
66761
2156
37
116
112191
36045
162
154
76
346
62026
86
231
132230
219
157
207
202
280
127
33
10063
155
121
88276
112307
175
39737
107099
295
81
32878
13719
198308
192370
67
122
109
47206
81113
66099
968
5673
79919
170414
121
35040
99085
39009
189
3839
142020
232
17202
275
36
63736
37425
152
104607
39
4766
157
23759
28
45169
70
40
232
44
77467
87
13
291
125028
181
179
229
32102
20
153025
27
122407
247
20264
1371
77637
202
56622
3900
235
276
122
143149
193
201
10974
224
283
20
41442
101242
81954
27914
22
159821
21399
202
38637
7
47058
65096
102
28451
14615
63
12974
58
23218
87404
15
128
107
79143
333
227
26616
113557
97786
2944
24746
15655
179352
6670
276
155
83160
141083
15888
9315
149262
248
140
163
85094
27046
43212
160005
10
100
664
76179
266
60587
11114
21428
132
3315
108494
8515
18206
35
82778
39242
27848
111355
115
89524
102
70194
5473
65
5045
168
272
35585
240
143
4
197
158630
18
44
204
84230
10323
96
148
192
2330
257
85701
124726
25571
66394
47
36
212
87782
38152
42
1771
6
50367
293
111
259
158
223
4588
298
124599
42968
58
121043
105792
29426
186
36
54525
107315
102
57562
225
116
59
109
49
27328
55849
57392
275
40400
143
36578
10691
54387
179
82
3
12274
132
180
1188
70
4501
20429
199
6978
27731
40
146073
216
8258
257
99
240
81
161
29798
87
65400
165995
13399
163
36001
104
44235
6
6
90
7792
2918
83
60873
45
149
95094
152498
192439
47705
23462
55652
25
243
26096
15111
63052
34113
294
96307
260
261
295
2945
105257
178
135
42
222
77723
68
210
30268
134831
127232
10751
64
68583
47112
70206
17854
10
55203
99
98
23441
30290
38
304
43727
25196
61016
198
9363
50
128
39824
100128
12841
44487
66955
84
46964
45763
42283
186
316
24
103143
5292
88
18097
42045
222
290
8008
77
218
162475
37496
232
133795
67525
6
661
56
315
6
82915
94760
257
286
114801
40378
51547
35863
51545
88
84375
32323
355
63883
220
102
228
144169
14158
2645
108
92
88517
43699
226
20516
1777
43642
56
311
225010
14634
34
198
258
3250
82878
51666
17015
265
109096
49402
24225
144240
13
6077
58545
290
3
94528
216
1678
4481
219
16155
358
105
124
65667
208
18620
118
58355
161904
243
41672
1552
266
195
94
128
17518
99242
51
58
242
108
270
119
86069
10259
321
251
18506
28630
79858
245
4185
56572
6
108507
14051
131
8055
20562
58564
227
154529
68
1411
193
124272
153800
129
71
4208
3375
35668
13585
73559
28473
25247
13547
27619
34626
5349
25
15874
525
201
219
34163
10
7870
170
83
115292
264
6
68739
40713
232
3582
197060
65112
114739
172
41393
26
156
100930
225
297
158
8
265
62779
62232
21
9542
22
94522
134
243
43702
17446
207
104488
7592
214
29396
33957
213483
118342
15
4402
68056
13837
326
90
97
10596
41070
10
110237
27
47634
2749
185
37
158096
183
21105
122253
149571
18865
14853
116
70769
62
70270
93954
226
153
58
238
132134
19616
28871
59047
9314
26262
56
22035
40924
651
1
158899
103
57
293
74984
210
119
62479
50820
25640
155
50069
8909
197
37177
189563
17834
2734
199
33
202
129775
6899
72
100
185669
269
36032
188
12931
12588
13849
76388
181
813
40
47017
25
35534
64
39663
34803
127757
169
15621
78636
246
21807
143
207
44977
32112
26758
101057
56
184
50
62
25749
285
144
166
47175
152479
10277
20868
135698
106927
7030
15861
64670
58187
123
167
41359
36926
182497
273
35299
67
58422
37
175
276
178066
247
377
8
65363
15599
1
105373
48
307
3384
191
305
92546
12544
541
25
150165
291
142395
322
51069
42
286
241
105310
135
50580
19778
250
215
1466
13953
41777
233
53648
54681
2700
20068
250
146
126641
347
1506
31361
17836
184
177
103686
189
10015
35419
58826
47
316
233
110
6258
12288
121
84
14847
45488
149
136
19
20426
3129
99
56
27
97
81101
56413
6553
35313
4262
150
264
8560
111112
66161
109098
116
162
93195
179
245
86547
52279
55
137
4
55692
40192
49439
30307
83
6
104
236356
77369
309
44
27852
35506
214
90319
174
1794
72
39
26788
175
15848
203
117
111581
43312
1144
212
124
114
262
15147
5430
201
80
39976
54827
77292
66579
85
121673
34157
91334
221
59985
82499
322
239
7037
7706
2906
173505
840
4088
30984
214567
52363
6
52
3192
131907
3470
39483
73915
3753
209
13466
10
318
8
12751
162
1
102
28005
3
134
106
26309
14005
72
159
150308
98830
127
113
25317
220
11347
29
1960
146
293
45875
171
102
65767
76091
123277
5821
164
188
262
44224
48653
3769
73
6784
19820
244
6702
28497
134
174476
49124
3
107498
124595
57150
59989
340
5974
42
92
64
124
151301
271
62432
7143
103
92217
134
11
46629
67190
101
246
27
8026
281
72
21799
195076
84
129
14463
169
191
2192
106
212
206
106
78894
108114
217
2972
133
99466
225
72231
172
2531
31
42408
86
54810
38711
27763
39949
369
55
102
72697
54419
46
40420
6061
9406
80
231
107807
68
198
21
79581
35067
48114
157
220990
157
118721
217
293
91
3606
131480
140
21
113
57245
97707
277
223
137394
367
24069
99625
110980
292
141
225216
155
258
38435
5
22067
177148
110
299
139373
41996
1397
65
22151
37077
14499
80397
116
201
91
44
8850
81383
135033
4281
60
175
239
23424
38704
196
56
75751
25944
164
34113
29186
2720
1398
175
143326
1334
24
41
23671
88420
8845
36995
188634
96
169
11903
40722
10
263
8344
100
161
7822
344
58192
80
27342
3
61
56035
58591
64027
77
13
1
55
226
9925
116
43338
6
55
99382
5779
188
312
15278
267
146835
294
107
25722
3581
21284
268
232
82
38138
1501
17079
2421
25898
36
232
288
70875
155
2123
227
186760
1495
43646
22332
105
50
56
143704
105123
35576
57
110
5821
39318
200
49
126844
231780
222
7078
31038
3
12172
38348
27
229
111685
51211
76752
84
259
232
83379
22001
195
124
299
93018
105835
17360
67
8996
643
53874
176
9522
91664
59200
89
298
161
113
1
205
119
349
162
1
121460
143639
9597
242
76721
250
15555
129121
37013
256
24749
26
311
13130
35174
270
242
110832
97626
71
71
40
67
27445
150898
135
222
13370
48187
96
3399
54
268
512
79184
25191
26347
178
128687
127175
27032
171966
89952
78520
10
62
24662
572
307
1317
218
162
118
29
32
63817
8697
231
16
263
7946
57
29587
39861
228
129
220
197
49241
39133
2
93796
11594
67278
41543
140825
87
171
13721
251
1358
31037
126
52697
210477
64720
274
71829
123
172
56
30435
175605
6500
185
211
38614
28907
11160
250
215
46948
101153
89
66855
25343
10244
134655
53868
285
111086
97316
27163
4994
46339
86
95
114459
18079
21587
268
223
8170
158
2948
238
33199
200
49479
113325
21485
159563
99
80428
39
46
6366
68276
256
173
109
150
17574
136
28
47421
252
21433
49995
272
385
109
721
233
141711
153451
278
131
222
9097
1990
140287
10000
98
31788
21212
101
81987
21675
196984
356
15
46480
13261
154212
112727
475
8488
9749
59377
95
194
54475
158
2707
34622
163
339
12548
304
43705
98696
6
157793
1764
159659
88
89
64458
195
358
47750
165
138
272
79
1277
48068
204
127
129590
95997
69365
28
137918
197
45
3
91032
1
201
193
83818
112794
30669
141168
35967
298
97
24816
6
195
54
26
98
51
71914
109378
157
95149
41583
218
9374
56305
32068
21417
220
17968
246
53345
53
120193
46259
6930
30372
137
163
88
6921
157189
30
117
93858
230
20
155
142405
61286
58536
47541
195399
146
47020
1
43133
136
105856
31
104101
148856
79
13909
195
8215
44567
168
142363
5893
130897
218
109478
91923
146263
236
44
8620
34
51037
32
4238
12364
18
20
105
5682
126
89
252
130
79
304
105803
50
129487
310
65373
164
206
153577
236
146211
46752
3874
76019
95805
105740
111517
96714
28806
14368
41
27191
113
67570
174140
14579
358
264
267
10
4
75113
89
10958
27840
4403
32910
177609
174
140
20
151
96486
174
299
199857
171
43437
24072
120
51
57165
20
278
44353
6479
12832
42306
60740
191
165509
94422
108
5359
125
20
128353
186561
64752
148075
324
24
38103
4185
90289
88
46489
116
15
148
139157
16
175525
13831
347
15000
84890
228
121
11491
139
34
67656
15405
26320
60506
9429
240
13
99334
260
66474
161
38587
241
35444
8619
29348
4
71502
35982
7185
25227
22
195993
5653
19917
9890
330
14461
223
163
56208
97218
11273
336
117
119
248
227256
122930
149
24
94022
140675
196
31096
22516
89401
89
315
459
132474
200
94
31224
130
109953
55508
17918
53004
10918
42577
7
15840
21779
115
185522
141
4889
94871
260
352
15329
41503
36876
87
201
64134
35005
181851
137157
40603
61
30
6752
127539
80583
29596
31
111803
296
222
242
40
146592
30
216
172032
178
32937
9795
977
202
331
10957
32317
123
20756
2848
144
12978
125379
296
256
80
8880
219551
7682
6
88524
114
15
222425
335
48
333
128986
274
137
61582
190
325
9252
98
13924
104
66734
14186
117758
252
113
198
279
3151
8662
28576
50158
2094
82
1880
17
34
930
35904
33
70801
10625
671
330
37350
44
3286
36131
126
59360
255
9159
230
37147
213
84
137973
26867
4834
13448
269
67
36
78
61920
260
8
193
274
55
22825
106198
36557
47830
62277
68
253
163
4349
91
249
213170
44
315
321
189392
24450
10366
15506
84929
58217
192
24961
3894
87
1
276
3311
96
68
10316
49935
186
11
41218
159
145827
5165
49066
93
30769
252
108841
278
33268
4075
67
118191
107511
160176
74
188097
85452
3996
41
183
24852
207650
62241
869
7609
157276
19993
18233
141266
142
18
31457
23079
125087
237
26338
233
38404
163
18005
15134
163533
30023
3
25940
99593
305
224
1
32568
58
96687
122289
36456
151
30641
25
173
55
281
38544
60
124395
249
84333
57755
11079
37
82197
42
9189
116006
32
7343
93053
90
109878
83312
8
15610
25657
186
103723
47833
4947
177559
113940
27026
170046
83743
76658
210
133511
95
237
12465
205
70544
8329
162
44747
73110
177
20
18
36
151
84569
36
19376
115
36885
143813
117
300
13268
12139
225
175
146904
228
17505
142603
97
77108
31614
9
186392
45
102
56910
12
10
39248
293
239
88712
201
126548
234
14
7
219
42611
116829
119162
15
35176
14173
89250
12435
55840
89680
66316
200
36942
107
19238
5430
60975
149944
3740
28010
131632
18921
74003
6443
64178
92
215
156541
165
9457
214
70084
84570
33375
75258
332
39
35
66425
56013
1708
157
145767
137
21
71366
133
133
27893
49
53173
127
86
41396
13324
71255
207
15191
69717
201
1975
194
66
243
155887
257
9945
196
43
53198
425
206
263
123276
38358
51
72946
169
40365
152
11885
14506
49485
150
35717
3
284
17295
40114
46264
48
98067
138
72394
103885
92531
65823
51006
34047
26897
137
9
44
205
3385
10
74
948
3992
55996
224
10
208
220
22521
182
60229
49
108784
59
89128
315
31209
140848
132617
54769
75144
14882
331
181
89924
90567
10246
46070
1
99614
128
19340
18942
4187
10524
20295
18366
37
68918
176083
86318
278
8426
80
56
330
173301
36
52422
24501
106074
90787
98964
2088
219
182
152978
51
270
26
15
53806
92
82
70791
265
238
100
111368
46740
250
363
142
57
164
45
193
35512
2027
41857
27756
5261
67
21695
3790
8951
68878
152615
38365
12001
10905
312
26360
166
88
267
117223
37069
170392
327
171
65692
74320
46666
28006
257
576
252
116368
5645
241
91
13
27498
303
252
315
135
705
20330
54
54
224876
36
89
5036
87147
50
76
34900
284
14560
168
386
73156
165980
125011
86
107279
34472
18770
58
213
130
78845
251
57
41405
3
94
27
22
1609
114
205
271
89532
68
110
186
66
35878
164
39592
11
81
179
250
60749
35682
26897
35117
5133
117
246
10017
22628
59825
35675
62424
329
23222
228
175470
113401
274
11
281
15
121
107402
309
105412
10
196
259
4808
39131
147
180
40225
37
92849
126
246
108
241
115
28
139709
106963
18
256
158
59
91
51
84
15715
5
164
142059
11430
78
189
116911
80
60853
182
191527
187095
15960
697
128
15
3
158654
19850
125
239
104021
331
11413
55131
163562
50881
212
4
205
150585
94156
100645
129
179678
27190
154208
143650
18249
49981
229
28
85824
46647
1
133538
16669
167
26
20710
79
92
75
125272
245
77979
179
2261
129
17782
213
24544
61308
37708
205
156
228
128370
64
56
42938
126704
8722
177436
269
88624
91
167575
13290
97637
4
122924
50
26816
49
58680
10049
194
168
144743
92
58327
44
5256
30222
25
16002
24858
24313
22341
37785
47545
149
179
37
18113
79037
127394
243
147
2907
2248
117216
108548
161241
15
342
53
1523
36022
216570
56785
205
115333
43
22
50526
187
127
31
61186
138
247
136
6
63064
96
123248
77231
63773
41368
21
77182
2786
68906
19
172
103236
45
25501
41309
228
195
126112
30679
239
271
66705
5240
17401
103
77
9376
181
61
51787
256
228
2694
32070
277
71
122550
128764
33860
111
113145
22983
59976
186
51
4567
4783
4698
315
138
142337
81
290
53
300
7833
222
37429
2784
302
193885
6472
310
123684
83122
108
32891
143969
5317
37115
218
291
125
299
337
191
68
181
6364
133
20559
148
141234
166
61176
51593
12069
178962
8853
51916
56448
49674
172469
77989
101745
83
84706
18442
158
25535
67
59081
141854
37721
78573
95
75282
216
42
24061
9671
16270
55712
73006
242
221
107458
44
195
42273
47
152
233
27113
176
204
80069
165
14342
345
212
23
231
39103
26
98
75
9556
105
170200
84
54129
52
102343
38649
123842
142022
147
13553
240
203
133
8779
178
220
260
10263
124
1016
138
73
35667
143287
59843
115
263
23
224
95945
74207
129
260
26154
48
39917
89111
28119
18825
208
29463
33727
79362
148353
25245
56992
148
10192
5279
313
141766
319
100
123
264
91074
549
99
53847
258
269
131481
135709
144690
64062
38837
164
3163
18310
130785
253
103
86
159861
218
74440
95
246
213274
245
17899
80202
205
102
357
163
195
315
143
120
56176
169
167303
134955
209
90908
140700
121059
10224
323
270
326
213
327
172
220
90303
164578
78155
50109
151
118
25285
8804
167280
259
250
19
38
221
51
44
18216
57347
102472
70417
63649
100706
174
7364
146
8
37756
40732
9801
51640
219
48647
177
7763
29546
26
202309
87306
133
23358
10321
232
3094
69767
162
9530
3437
81704
941
8140
199911
89631
26960
142133
136
62400
49445
239
135826
175
153894
70654
44117
275
55
224
208
19409
233
98436
10174
387
166
23
9112
225
169
34079
135
53593
66188
8893
49603
111
8
352
4795
23702
199
175674
22128
107
29197
70966
33279
42776
39856
11858
26440
8859
44
13333
46133
68
56939
48220
158
1028
4
112
274
52281
3516
77485
219254
146
3543
131
102
5863
155
47
72207
165
10337
124124
225
94
51185
265
105
20866
760
246
134
14936
42
2794
19738
176
177
32457
278
64336
279
12313
202587
96
56027
83535
32160
134446
98636
122299
128053
55
18047
315
130049
71
82041
3259
149197
85320
157
74834
123387
148
221117
130614
43
30059
268
61701
254
162
308
150180
286
242
217
88
17
42705
164
127
133
25647
3
68449
66999
61
64396
1
176
127194
222645
53
73
2408
13066
214
40950
16336
252
139
40
16
114
34778
8
213
209
106241
4993
272
127971
71944
320
9
19082
6
290
212
19966
78053
130539
27
3
199
7744
71599
254
32771
1006
66018
103
89318
259
55148
60495
29
296
181
18221
3874
68928
117
304
56110
157592
54270
121
38327
31648
14705
264
249
248
196
19632
79
332
134
15560
43
23431
63959
100062
34031
299
89
255
336
200
1880
18162
63858
6592
72961
86
85279
46
220
98
48287
28100
54859
81610
9
97646
30346
75
54
104
3
21302
113036
211
27812
49007
89180
105796
6280
2346
111904
113883
132
42429
19778
44412
45898
153
150
72653
136467
12332
125926
267
17571
72496
5317
72974
104
59399
1
173
6228
144
38187
248
20017
127264
132
132
138
173
5068
19
182
9300
75
88163
110
35972
6492
68029
57412
4687
26059
138
1
31929
18425
24737
3566
161124
87
33656
51718
68695
114603
239
184
193
60920
254
40887
233
292
181
22307
3
139485
21063
198
277
35568
166
25628
7445
131
443
822
311
73
23269
282
1500
69183
94139
76844
143751
20829
58
256
58948
1424
46
132
92557
20415
249
128
30095
80801
109386
158421
191
93
117
246
154
26643
18062
25
98473
54
22125
53
152
255
199
31
19636
127
106
94568
11
13
162918
41539
48883
43088
71
112107
144
20
181
272
221
8
93
84779
148
10636
124022
14772
234
84
37
21488
80904
97086
24
791
75
14485
206
26548
326
14
59
107568
24484
48513
82
266
223
15645
1
222
86193
209640
141
104462
15058
249
301
147962
310
96
49512
116
57929
257
79885
272
185967
122
12533
3611
76580
8770
4833
19152
184
81
78708
242
3890
152
180
201
12760
153501
8749
65437
254
33
171
210
132
77723
169666
294
24621
110925
57748
147
304
124482
77
42
4959
204
135
218
177
59016
245
1
3
128
76
26965
51
351
62730
30
208
275
63
23139
17713
120931
69341
140687
98575
124591
321
171
47
16
14
3831
140
92962
75329
847
155134
9
112
247
87343
9782
103
51
8681
18287
37852
316
116965
141214
147475
51486
121261
277
98
6414
135
495
111114
33067
15299
31525
21192
43084
73
1
190
58723
16607
152
236
106765
27
173
205
280
57
21
213
83806
34354
6
34839
64
310
212
44921
70072
121061
202822
15500
84
17559
255
200
36876
67060
109
14102
14700
301
277
227525
93
77585
258
328
18449
157536
48
47770
50300
6649
55212
387
96693
41
23573
61451
297
301
92877
37291
16588
123
8543
28701
31
129
243
49184
37
110
165
157
112199
23851
27204
144009
24067
6341
202
128416
24743
117
22666
10
169
225322
41794
64623
305
143
87522
114
186
64848
323
67637
18416
165046
136
28698
51
175460
61018
234
19967
13931
42402
307
106
16435
261
25778
3590
204784
203
85
12866
133197
77968
94
260
78271
131
1
18416
131932
186
47
127
14501
43805
103308
69201
6137
156
4187
155
6690
197
85
3356
420
46758
65630
195942
248
5759
5018
180534
263
161
219
76
51472
193
177
20103
277
60050
26170
3867
170446
165
21119
236
10363
145
24
311
128
4398
134
185
40831
85
117493
67980
8181
108015
177
148922
32680
118132
229
46
25963
99886
40729
223271
34676
180006
198
107616
64100
50363
102
14028
79481
136
150257
70246
63012
26095
208
181
16035
110269
141
28087
135
306
19
2
22510
239
101
45712
287
2942
185
11680
194174
153
207
148
19496
39232
100676
279
277
49478
9267
63385
144
205
38091
106
223
83267
72733
30
58
52243
179
109048
34768
251
27970
46842
197282
270
100136
186
89455
98705
298
187
104980
65403
228
13548
7260
139656
88616
114
30345
269
19
59107
7384
227
170
59
513
68705
12
37080
189
3443
94905
4
22082
40286
1
34910
267
244
96387
69
69396
110736
66668
73955
122
4842
215306
14322
26
58219
75244
24009
94233
169053
21003
11566
133338
21
16738
30343
3133
136
294
68
244
27094
184194
241
53393
258
81
11616
28
46642
19386
1063
4109
161791
51021
6
14304
154
2298
290
136
212
38169
16
21
9062
102
2070
254
69974
300
19
235
72766
285
483
28802
81742
78
53901
137
147
155
242
27036
227
47240
265
247
23870
3556
21
114314
177227
47
111
192
92
24771
6
32286
69871
309
168
46093
67053
78688
179
20
143
216
3770
166
18121
213
141
202
51249
230958
115145
81352
186
163
10
334
12379
79331
114509
222
276
104196
67
55488
108
305
88
69985
159
42477
252
196
59
259
51
110763
313
249
45600
1507
69385
46
143
89133
406
150543
225
129765
71822
255
83868
26217
64552
83
50732
6393
72
162
164055
160201
110
12
5661
188
168158
167
31268
519
56309
93
217
44660
123604
27810
289
83
103
10
86
7984
9486
44
289
36
6965
163665
68
115643
100
150
233
89763
230
197
38176
38296
276
6535
65986
134785
45892
190
30
59
136
75344
144828
124
20928
97
83
6096
363
1516
162819
147
98040
10488
63681
30025
194
253
22785
232
116232
35469
258
21281
116200
131
14901
43368
91
30639
76132
207
86811
108
124
105
60928
259
187
86774
266
250
287
20435
47
181
325
22344
79188
95741
148488
74
41217
261
10
323
220
152697
13353
82638
164
28
192678
91729
71247
232
656
257
33799
86
206885
34049
76294
33774
289
45
87787
174
9113
282
7926
4167
29436
45
6367
225
88245
6030
51
84816
125847
38149
120
55568
28977
8793
327
124162
13515
118603
66858
57286
1634
176
8
49111
21352
17519
7
134044
180982
20
279
562
267
224438
395
15508
22128
210
130
72675
175
40024
266
89416
62986
155030
242
24179
62801
13872
14
105
88222
85597
251
196265
203
12310
235
61978
330
104547
113965
107623
273
62943
196
105845
84169
17888
33540
25711
81156
138407
212
246
75971
94663
40047
64906
28
80400
26264
43448
165957
359
128595
31271
32819
46
87485
226896
241
45375
99
47
44
90
117236
53547
9620
229
184
29
4153
225
31758
53181
36
86
2
345
58
41
5998
26472
34
190
256
103
16722
40303
86957
64704
79918
280
31562
153659
2597
2460
179
162
97
26607
35
49
79
10666
45554
30
133690
244
6
30
1
9249
1
166822
49435
299
16225
127992
42591
240
4077
41344
115
238
25
29744
108
71355
93476
260
9
110
96
113
206
189058
95
71243
22836
194918
145
82943
90
186670
60026
230
30
52642
168885
247
87
29431
1
130758
17234
112468
268
31614
71
163
19
98
10887
32587
3567
46707
3937
194
68706
20
331
27607
72196
2288
87984
23613
84
29
392
76775
165
157
82401
292
184700
206562
41327
249
451
37359
39
142588
347
249
31326
155
209396
18662
63164
51
197
4820
184161
310
94314
13795
65
6
8635
37
57257
140359
27
150
87034
9657
88
84
295
108145
116
163
10
38
24169
66
135
67
22
129
71880
46671
234
58990
32725
128
44
8322
119527
32410
132
126
392
17426
139
152106
6077
52332
12521
14117
172908
144616
234
7188
4706
78
191
247
277
62069
131296
144
69453
203
53106
340
63946
39
261
220
138500
10109
108
4012
11155
15725
95
255
270
197
74
86
61906
16552
35737
253
39508
3776
194
10
250
51637
134
46117
214
8657
8209
94
135838
85
88908
226
294
193
104
313
279
7968
99
45
241
315
91370
218
114643
208890
4199
202593
8034
14647
117
165325
8493
80054
110
5760
214
230
10889
6
132146
181
36298
51599
314
32
4
11920
47
30484
183
51465
47486
57
6220
300
268
40
85823
1411
610
87
237
105694
108
210
117
39836
8620
206
130
184
41648
89001
45910
229
51170
13140
340
206
6376
283
124
167185
64870
26
91703
38522
44856
51648
149
1569
111635
29
68977
7052
63551
4559
106264
32
30143
193
206
70
314
104
104
186
20040
281
7795
98864
259
213
64741
185
132
13516
147785
39848
25458
171549
46908
75766
74
30
2
181614
274
18410
9275
8
12188
54098
47643
116
20
45878
136
329
135
177725
1
141
70056
109
156
14656
12643
258
58380
53
41
106
121534
83
7379
230
57989
130
8899
155
73467
111712
130
52493
729
105
75160
145113
191
68
253
1527
69280
132
243
132403
116153
234
108579
146
44
15
23559
303
56563
277
85
185
213
109885
54386
108748
12
89439
11
85678
217
129
123
139311
1043
126653
1319
22
15
91475
114
7
112
26457
170
13940
159
16680
60
3671
51
118016
257
14454
88
133816
184785
232
9962
74
173
19160
212
233
55510
31
95
335
5474
65198
10742
147
288
141936
112
9
86620
4
11
77953
78479
30173
66657
58113
33267
3
10529
2757
167
1533
14180
38
106780
39784
213523
188
152
371
218
309
67
139
160821
223
218
230
120
17
12279
136
5991
13284
96794
132
1331
43660
189
10
273
362
223
27518
60647
24436
250
11214
31045
28
9694
71190
142608
122
233
17259
141
101
83
146
1349
116826
150
96
34376
7
3054
3818
7
94879
75608
143
203
144
17688
112138
209194
71842
59484
176406
57999
49902
74018
70691
165
102647
26694
202
190785
216
131
30785
100509
4921
211
105
164
170066
54457
144331
293
19603
155
157454
50383
15238
53
177
45524
119325
183
308
8842
300
82793
123
296
2570
47152
72546
156564
29381
321
64
221548
13914
192524
24525
212
18645
15836
23690
34094
364
32023
132123
76995
308
91304
84
92
62950
151144
354
116
9
3795
213
31588
165
187
315
63603
8306
16845
6519
38529
23
95
82
83
64170
46646
26421
14120
107279
16264
36127
176877
180732
203
35163
3
178
290
29602
41108
106
41824
23722
18326
161
51053
12274
187
27961
8743
121
164482
26
17076
14072
14645
11
37668
258
21
24
113837
8150
16
124957
12529
46923
389
2762
255
6
22039
111218
147
286
22
22919
11648
76
102
167971
41484
8587
300
187
167
44
166
79
115
153
7330
53791
296
58867
40046
140399
263
129113
26
105
94
181
819
99851
2736
3008
27
24073
41370
139
51016
109978
6660
152440
196
68828
173
28
65153
100099
122
330
53796
62162
31530
130
142126
19669
10
90
5823
109
10641
36664
49708
167
52075
94
171
91
224
88064
146909
175728
31823
82
6331
35801
236
82208
53396
204689
161
245
71428
189
103622
276
3977
44
103783
52243
31
55934
119298
82
14209
66846
14019
176
87516
216
63041
222
38
106
79
29
52
232
130
206
40356
283
115888
123599
7364
933
3874
4
5611
330
10
114
202
126915
36
271
17762
80083
89277
140
210
45432
160580
155
27285
74552
125
184514
148
15326
6
167107
136009
143
74
20605
189852
6998
147
175
115
5128
189870
156
147
131364
59941
25624
7289
228
3884
101661
2136
98561
245
4989
339
20323
4420
183
189
26510
42767
5780
176
105
224
14888
54132
76
70403
311
158
75257
102
161
112728
234
123499
113205
1
78479
25454
40029
220
233
53467
8020
64
40
200
228
28
50
165
12034
27880
59724
216
35
90
233
182342
235
49749
135551
55741
440
137157
93
7722
72447
71
56438
200607
38598
298
24297
193944
125
7447
29
68
20394
54153
21554
240
42581
33549
8855
214
320
35445
90784
165
35
155084
84
163354
107689
18661
47
40
200
2177
115
1
140
116121
254
171
108097
179
20
124
146744
20223
17
83352
256
185
172733
123
191
38
7236
122905
59043
84284
41520
64358
18
37938
42398
120
40348
5025
93308
11605
35147
42
200821
234
5265
115730
153291
198
61
142244
14048
152
4197
2248
2186
189017
109518
15374
49568
2425
19358
30015
213
153943
231
326
189
129
103
19906
182
45384
16
148
75922
53976
78565
81393
17
261
18
226
208
222
49058
16417
130
16571
183
309
69
104557
213
116553
145
13090
146
54
254
195588
188
43008
223
14456
300
63787
127
130
74
30248
117738
157
64
28350
76
13
4721
191483
62926
23653
93
125
105590
115718
312
99599
39851
152
13274
79679
73060
262
104
37
230
18
268
17753
57
163
50816
24099
276
173
54712
154
209
46740
115
2211
44784
8642
28
10
115
25899
52041
257
30577
21233
35033
12814
844
114210
42575
29274
168
9385
132514
73796
26209
88
24
196
14741
127093
113
22255
134
264
344
70704
314
3916
9868
34951
189
63410
59
54
89599
1570
54429
115
80748
195
43
62
110
324
18192
145
107762
55556
81601
65759
69041
147
1710
109
52466
67544
31997
22
260
152
121
110446
73289
175054
51
17385
119
189582
180986
14450
77712
238
1361
24
344
112254
58
24436
92
106
121
6875
62408
173719
136
4
170891
36128
260
70238
23078
45004
8383
39199
292
114785
12597
23
2254
299
26282
103
201
14000
104536
240
63452
224
188
58
241
40715
57
62
116333
7461
252
302
192978
271
4922
81908
73566
33369
208
216
1703
43643
116
16245
17052
17778
90
104560
82494
92286
6145
8
60428
66112
111
125
26312
53682
278
32355
133537
54
13
46048
186
36657
109132
99
26006
61777
55541
203
38825
150687
311
343
131
96307
97307
20190
37950
156
62644
157
133624
211
228
30692
34695
34524
96
290
44759
36306
15
1407
3685
112
304
3
200
61523
113
13569
1837
46193
208
82807
234
95
62733
64
128347
4669
112074
31174
50789
179906
22
337
7552
219
117735
131442
210
4311
107389
42
106
146573
124
58555
44
79844
152060
71859
111556
2447
11950
15336
14100
243
177
151
69
106110
1
46426
95
17962
150267
122643
114565
14860
20749
86848
175247
332
26702
83032
193360
173207
231
113995
20
22036
96686
122188
5957
186131
12
211424
147245
99
120
266
283
120
195
314
26001
89757
3120
5785
171949
230
211
126
7540
153581
64
59
5969
280
23275
10488
63366
4082
206526
279
9161
168
29
307
10
54
227
225
171
62782
63020
51326
76
205
130996
1
56068
45810
44006
47
1308
10
63789
21378
219
154
146450
1601
273
182
26
129
57232
66505
61
9485
28512
180
7
173743
41558
25416
15095
1635
82515
58
398
124
67124
214
27538
101017
218
98640
52379
7081
213
32787
45655
192
57230
175
70597
18628
167358
4126
44
95
171
62158
68
220
168929
85
176670
66
30085
242
135
35721
236
144469
78800
327
184
98099
93491
3
83458
249
26
85892
2650
96015
5013
89
118
118435
38618
176
122052
48023
107
43655
416
2
16916
496
107
38417
33860
157
36558
208
276
193437
222
119672
10120
44180
5515
20531
44888
6
107
195
40910
286
83892
190526
42281
34
27922
349
261
81053
11764
180
17930
27806
107195
22471
213
29136
9164
48
244
37570
72
256
39419
149814
38350
31059
88827
148134
62
10
27490
138
69708
6
65767
127
174
67
87871
20
29649
161
34385
9823
155424
28
258
6
44
40498
245
203
49053
9925
30557
136
151
201
166
304
203
51010
184065
4
6403
200994
160241
73171
210
18415
100190
9699
63460
1
51
246
250
258
126610
14
175768
539
1435
15
72597
173981
90761
198
176
89
38648
13537
26682
157609
19
72
175
13619
12122
21953
78600
18383
224
69
69857
35703
39594
72
285
117
77
59607
5074
80571
16840
162377
38549
194
95
1353
71980
184
94761
28759
161037
314
11584
90
81
352
18260
76865
34628
92
59015
139058
41375
109
69049
97489
256
276
45314
193129
69489
59
22
47423
36
269
6704
163
5458
170091
205
140
96877
117
131383
78633
304
51513
131922
139365
21
1614
128
42996
21949
78509
82976
10369
80905
5431
6415
59294
153
18818
26571
2543
7933
84653
89861
60685
15
96949
125663
65
69
13130
185204
125
158319
84
149
88562
257
212
13249
150
104778
76
66
285
17620
12038
75
237
104260
6
35179
16392
35247
100
85706
4640
277
2803
211
146444
13299
16725
28939
22629
53312
7269
100
239
227
260
8972
135
292
313
366
77
154
130091
74099
186
69478
66893
175
85173
43353
171766
174
241
35718
252
124401
256
84
104
72512
276
255
182
15554
293
68026
210
37744
50808
38818
89
200
173
11
69
126
76022
84
174239
116513
76
220
27
131498
1667
132
51107
143
47
23
175913
59
254
89
256
24928
3160
144894
88826
90
67759
50605
57337
26163
130891
129
28814
91
134797
15708
169251
178
238
229
253
136872
280
63
69188
110334
312
237
64
248
52941
199499
292
84
137107
34507
15631
53777
75352
63641
31229
145701
55508
169218
49
159476
8305
37451
67814
28290
69442
46398
57058
83423
57929
95389
16
174675
150
21519
115256
133
51431
2673
234
2
114312
83157
65
135
277
30230
294
174
2824
196
20270
120
28886
140
192
17803
212
21140
37
37119
243
29687
288
211324
235
183
84660
93158
30610
21643
4151
161975
40
141040
17349
138
159760
230
58999
107
24659
20380
15
262
362
111
47312
124
90
17
3811
251
242
65195
710
20214
91552
18807
66046
108190
114
34125
74365
20983
187
155086
312
36055
269
208
163
4
18
292
163
35580
201568
86048
303
29999
213
19
56
88703
41333
16822
138638
66269
293
231
317
58673
57866
171695
228
290
11832
46421
175662
113
141
17597
118746
62
189
21347
54279
39
7967
45
241
53909
242
8189
3799
8748
1776
140
5672
42
29575
43578
4
212
281
38
248
3
140555
145
19791
25216
240
148699
135634
89663
111
41752
13272
232
311
54
2207
111924
180
8604
117
230
155256
39
138862
9626
43
168
89
267
78203
43080
45405
24356
3
162
112403
274
168
252
5369
109607
316
83916
149
71921
39343
46
146556
118087
48
930
83
35928
2784
152745
62
27
243
8636
318
84
3866
203
269
82831
21867
101094
148
65457
142735
19729
21
296
20833
162844
54
200377
259
283
13
142
110
209
158450
29787
50
169
33626
109
24680
48731
95
167775
21
8769
148
1628
7681
161
63754
84013
19
8053
108002
25109
219
42968
203
87904
77436
45843
260
290
24495
44176
217
9
115
54
108502
18008
34
157638
238
122511
173
8868
23
30
261
34718
247
68911
323
6754
25469
6
131169
188
56333
46054
235
156392
22139
46
2540
21
167033
116
89421
2997
51355
44479
3911
9935
381
29284
7659
106253
61250
65240
2468
249
227
34974
20827
19
110
39195
182229
110752
129810
31379
65
160666
58
76691
107
43
68437
9475
134
253
101046
29804
22890
12617
32952
5541
9712
157
27575
124
120
47957
275
8
24
70
1251
6974
40
179
38244
69295
36618
110142
55260
115430
113032
300
61111
6
81
2066
137574
110973
1591
52897
57572
41066
20812
214
63
279
57752
89
48453
16507
146
214
136
81536
106801
37
26535
173
41346
9053
3
4027
74
57623
1
5773
269
11920
29541
85150
10659
150
177
168
68983
239
122
246
84
80682
199
326
89
44024
8771
180
14197
210
53216
89
15
9593
74593
35
51
144
32
2823
90
33
282
18044
80686
20
56960
17573
140809
43430
8538
131
7
40512
37229
71172
66799
21667
16221
167
217
181
10344
228
164
182647
311
93
75
234
21096
42374
19
35770
65442
3045
229
162
92
44556
145
45899
28411
267
62834
55
53463
80
3827
194
75946
971
28
33119
231
108348
70
3940
164
9
44
8350
81754
189364
95987
139078
252
287
712
280
175525
40074
66306
9752
194
126535
357
160481
116698
104
24557
109180
97126
94693
126439
75
200279
57
71
241
218
58
90148
31
105312
65
288
168
205
72551
82
146797
16
97
10966
110360
32303
183
65803
37963
83967
108191
5450
56024
6
27035
98006
101848
123
274
210
284
234
90
75
17316
27209
126008
220
339
217
52
64569
161574
72647
30500
46981
111049
53250
113492
53063
11543
80389
12627
150874
245
31413
186
84410
227
5787
210
37750
149742
229
152867
24877
84037
98082
283
40043
137
208602
206
48171
12
27
141
31
11108
180
38
226
306
5356
139
219
18709
187
11944
145679
63416
52096
126234
128
63184
141513
33721
30738
153
81434
169
39
163
202
156998
36928
7055
19827
67
217848
64
99
49288
17
154295
101
24
13
2346
32362
144
294
302
51704
97715
118742
120152
72
40399
4421
102260
114
80
162071
64360
148867
226
141264
205
89
192653
137708
85
149
161698
12164
179
37
73549
28073
2147
50
62265
101966
22269
53047
172
4599
143
84
262
6579
7661
210
32172
129
251
182
197
55895
19784
70975
271
43
245
145
18965
261
257
46968
170
126
88345
87629
19443
105
76231
1226
124992
86114
41151
157
18801
1241
146761
50274
192
166987
34621
119414
4105
82655
35215
227
1
36623
107
18565
20249
28490
250
1986
40
45590
117
57288
81
11312
2176
24900
177879
83
179
67
2454
63050
46873
1
836
2459
181
2429
246
44672
249
193
227251
13484
43511
7744
53070
14923
259
175
79
45117
152
68
87
195
293
227458
114
47118
1555
20367
165
174
10
32
40502
33938
66
121878
144
51635
42492
147
6782
112
38414
1405
57
67484
181
99928
101
320
55463
12537
98
89
35012
81
276
351
67
184360
242
133212
54
8299
24986
145
36
45991
152964
9
186
22891
40557
111645
570
47334
41237
93
170968
82
18085
229
47
106145
5478
243
156
176582
25697
3440
33439
36
6
50051
43338
51
21
12
255
179695
85444
162
8507
19
121
213
146
51
125735
82
124
10635
41831
1
174
843
132305
65993
371
45
180397
218
282
37
71935
6
146
4406
20525
17
254
64
198
169
34130
206
9518
27033
2
89
231
128690
145898
140
180
30120
10120
1915
192
142080
45901
292
112622
43
173
173
123
3
30264
189
210
250
107725
43413
110015
50
376
143
138651
68
287
243
197
107
104362
42375
17151
65
60
64746
41
161149
2898
49988
47400
131944
69
10004
72074
291
50209
160907
206
108
35137
119408
75231
208
72
182
35118
18496
113103
70014
67
168
3425
37586
40241
191
138
32666
21200
102680
14515
105177
32331
31613
94643
83859
152
97
12
56
180
254
40144
243
5837
37665
6
108
94
155
77
272
992
154
3945
82
233
192
1903
18094
136998
14937
142
253
52
239
14679
90
133
3
194
92971
15428
8026
130919
16215
112842
153
123648
314
60783
157606
82471
647
110042
3509
238
84065
25116
221600
171170
306
155751
80741
300
48924
8524
196
75
46
8
261
92506
9752
96378
92
1508
180045
16712
140
73847
92821
128445
6472
85851
126650
8210
150906
12929
184509
29046
43
93571
145853
157
249
627
21769
49214
52728
8746
110
33
44
50843
38824
192073
126
135
237
119
5515
213
4661
34981
76
102
115349
82
204
258
31
191
54215
190
141
76417
52
179
142
54339
52108
60181
152975
38874
126281
56
27373
164226
118945
184016
305
97216
127
23331
89463
69953
259
149
196114
3
173861
221
230
53144
50810
4724
61936
113904
9
78376
27684
268
88
6041
91
116954
3254
162411
72003
10420
175458
132
15
17
134
47775
76163
1801
163668
33020
57748
94297
5
304
10
252
69101
31483
243
1729
160
6
25635
12
17603
10
23396
76909
1882
27474
8851
12175
240
208
7178
23020
21
295
149591
28247
144689
197294
135
41
274
42251
50
146510
3737
73903
23769
85
115154
65
68
103
303
178
165407
21
57632
241
4754
26334
95822
52154
145
125
241
124569
67085
131122
153041
120836
32786
184
30716
249
63433
123730
6642
102719
77566
140
79
151
90893
92280
245
244
198
21557
113
241
145
6
48754
108127
33557
10047
221
152
168
49913
128
7995
303
172
20073
72201
4648
51
199258
1163
126868
19236
15
41356
31880
203
28061
78
130
31
240
74
143212
163
42997
210
9921
169
156823
114661
1
98830
299
135
162
126867
305
50073
288
69971
3245
318
85107
52623
23
190
60110
13204
98435
13177
1780
184
74
39119
96
130029
7949
131186
170988
144
5562
111
131
83545
285
405
6291
21006
322
59250
80
89195
47758
138
229
51815
215
207
25
16940
33165
93154
17743
203
81
2213
166876
3791
66464
996
158013
135
25
62
95
81556
692
50827
198
107
15067
3765
47241
190
214
64342
88169
164119
21
76948
24735
288
324
138
17024
2656
109
222
39926
49008
98
52116
265
46469
416
172
105
138168
6606
129976
24246
2811
45630
184652
1967
47
16496
34945
131753
128
36887
25
61339
48
286
6106
181
47982
111719
34865
1488
56164
2282
17089
14290
208
20
5707
85319
103
3717
150292
92901
19519
34461
99471
31458
333
44390
35257
3140
3854
2372
74972
64529
30761
67661
64
10462
3931
208
31734
142191
1048
154989
138
104734
46162
270
238
103772
562
110
119
105349
60370
77
7306
55577
577
254
35808
1
154697
34151
77
6606
188
115
278
17047
92019
6
149
11858
59
21
47156
41
36135
166
58
79
43051
11727
155858
37020
29049
337
156
176
43
34869
36035
7914
184240
209
160
278
52080
185
189
269
32149
43288
5808
141
27304
289
51111
4808
117
251
97436
40757
3817
109417
80776
94922
10851
299
1
85
114047
17682
137
74
40806
180
45346
89985
245
32482
205
165
218
42
292
167
5579
15526
169041
52
31
154
89139
303
311
32647
75982
40970
23808
920
175
122129
9151
6246
155
17427
51161
17947
344
119377
57810
37260
11254
174
116
57354
131713
45453
115
48
14398
80
22998
114582
48460
33909
35108
43
3154
300
54534
38399
86577
69050
40190
184217
32136
215
6678
7
628
111450
18247
235
23672
12
22182
164
5936
45
189
181
64602
195
170
103
170
4676
66
196526
31287
5690
24276
153578
233
2594
79
67932
143561
11663
167
268
27
208
17437
23
17021
262
78
65212
24617
176
172
185
181
235
6003
205
47617
12438
186
128
85
64434
95260
53638
100849
123676
43
18765
23156
67558
41628
238
134708
9323
39498
8850
29275
69612
23878
194
28064
78947
4
113
66010
243
324
182762
488
12
222
9701
47082
126
21
245
59604
93
66382
3138
27977
57462
194
19793
42125
15
107
15960
204
280
26130
81148
92838
202
205
110312
95
3
25
196
148
85864
23507
285
2975
5233
22343
5007
111227
61565
28840
149
170872
118
125746
28888
34
21129
76707
5536
45457
87
63313
44596
3
19641
47096
237
101480
169
106
17801
86818
82
26262
175171
13174
174
32370
237
204
29603
300
65846
10445
6
53760
4643
181
71825
211073
77874
319
174
145
69
70
273
159
93152
14296
100632
253
85927
27752
159
212
115470
35055
275
103
17369
41
85
115292
21
44437
229
504
27
130
37696
86
77677
92
159
106522
21340
34
151
169775
154008
31762
1263
5777
120
12579
228
39
39
284
5471
130
1343
7313
134
258
228
34
85813
174
97179
36
17926
202
79021
55895
121639
16
6274
37
90110
20710
165
27
6
270
35650
247
7335
206
152
68537
70129
48441
4
104201
74761
308
246
5142
17604
107499
95
86500
91069
58170
100724
1
59450
103
199
160814
22059
220
215
22938
290
98773
8
177
27271
20440
50846
60
924
75777
94917
16034
6
159
60522
26340
8
156732
291
80560
204
85
165900
107
11724
173
34263
296
20
37
39451
5121
131702
73
48581
56474
203
41578
198
10
20
3561
8057
241
4026
69008
207464
31699
108
206
100141
2473
176
99480
277
106
20845
229
245
99
84640
65937
112612
12869
171
43684
169641
67060
164469
162667
13047
103
7795
18608
267
17447
140
24001
54557
100
307
300
101268
50190
104
123222
56
191
261
6
1004
10458
68339
10307
4545
1621
50387
11639
310
25619
86
66085
119185
96083
161
75547
57497
75
58
181
46
297
69
44531
65377
246
27190
289
39
23
87431
12870
174
131
84532
192
22781
117
59600
75581
13727
19271
90638
25879
301
2251
106647
156
47073
185373
113640
64082
66
137087
74
19
29425
175
1
61993
213
12409
12572
45874
15
8
37479
72542
130
38255
75986
47169
53210
228
176783
21384
2328
179
253
194
7510
15
163130
126
92
94836
43986
39516
191929
50722
16342
357
211
261
28477
29
138
6297
24244
40
33992
172666
63134
3777
61928
80
258
8
129127
265
52012
97166
74
29
164
62941
264
31420
44909
49239
33469
34374
27956
51933
285
81445
195
122
41
3131
84867
39495
88816
299
277
44034
47
161
137
27291
165
170
14677
76337
49491
146
90
106115
152731
60814
3305
186
106401
165311
89328
50195
287
175082
52257
80896
156515
275
134560
87846
99
10
17810
207
65206
1460
94592
187
189
68536
24546
57390
290
15198
1669
22
84896
16008
110
57652
170
186
24197
180
60633
95610
48
73893
8435
158
167
82881
97166
35978
21
8293
211
39423
125638
90072
186
49089
128826
109
16497
240
131
68257
35758
35670
256
197
202
292
63410
2165
16253
33299
239
172
168
41668
34
61129
14591
249
58087
133796
75349
234
36
93
53
34467
37027
3978
121529
5860
39
76261
3149
53548
210
171
851
263
11
86941
83
196
336
136863
172
53
18663
26588
197
22866
73
14488
32962
81
152
100
21
103
149
11984
104878
13
43505
63
55881
77129
63783
160
188
51027
209
94
39841
55053
36
29745
53998
91
115
10
26186
227
226287
86507
300
2165
31889
72
301
89
81337
12116
27949
4349
121
14587
295
222
14141
110
2120
40
112176
29128
9030
63811
23143
138
76742
111241
167
3115
24178
16
96018
60890
53195
276
5965
129
20972
167
46909
126795
76400
36
53427
146
45031
56087
14356
133
47995
27178
198
169
162
233
69112
53
21466
65011
15050
3313
174
114343
271
236
112
229
75014
188
58570
147
3925
74374
44228
29220
165
77
29
11048
154
160
105
69541
912
2151
233
100
6199
15
1
86763
209
189
8579
46
3418
366
148
116561
250
96
161423
2323
117246
11701
81108
64
43
195
35436
14664
289
12866
186258
175161
80
188
132099
111137
65573
82
42587
3609
139738
123283
60
48
9
132193
94300
143264
15
48943
94656
220
246
50444
71478
14628
186
42338
62
288
64454
79142
18339
209
791
153
126747
163273
32349
675
46
391
138991
56366
95
14051
6
42925
190
73512
8006
3
109136
161
98
195
72
261
4428
20978
303
76943
32646
6529
52698
188
145131
58482
107
64350
217
59
10754
183
72011
107084
239
6
145
54297
85
146
60659
106670
262
249
169993
17232
91086
25
126
53004
57913
21
252
53813
90
26860
96657
262
43
16
25926
184
199870
44623
48
6308
996
121
7327
187
1
208
46732
65135
328
183
133318
325
24661
1481
33
6013
96
145
170396
83
257
248
6283
108
222
1
146
61982
18587
184
184529
78567
144
86
75
176366
54457
43
32525
8
77
2
49580
118904
1
7246
6816
188
53
845
63674
173
30634
23435
24474
179
209
16
34805
93
4196
155768
6025
322
54
114553
107
14
116123
17411
21477
249
126046
165
142778
172
240
8172
61
67
300
3163
55120
27
184638
348
6
67298
45625
236
935
113
219
165
13388
288
103
184
296
118463
15
150
72231
10144
287
253
296
240
118
44467
3541
128
303
37273
141377
179
134535
38616
109
172033
4717
94704
13156
35226
37
103
10
96
241
200
106699
139
4174
224
375
29
70590
93130
3077
63496
277
17850
7191
136328
42
62
1
5995
70086
10
207
46614
168
62690
26
250
443
43666
47
109444
138
103776
42791
244
1313
92323
20214
337
11368
56249
102753
15
165636
88604
109385
279
64560
48343
3
88
119885
3981
20732
170941
66
137188
161118
210
106611
20
28589
143
380
125581
152
172
107
11873
28523
283
25568
15663
56644
4275
81209
9720
7980
56739
280
36
163
144303
99
74551
181
260
57808
31088
304
6966
47973
177
77
179570
159311
151
29
177
184
159
101
139
224
134
220
60062
105336
207
100401
84
57445
156
161138
15597
122541
41000
29399
174827
4162
100
64751
65051
898
64073
275
99836
121217
191
76
199
298
76863
158
77908
44751
268
98290
183
2400
121
26
26
4315
62775
139
26820
48085
170
45739
142
3
25144
258
13210
98
293
8126
73
203437
260
220
24
1187
162
245
15871
48
3030
1534
291
44
191
99311
145
197
341
128946
58
2099
95
15281
92
123131
181
181
66905
42
28
1
127368
231
215
208
143385
237
82331
147712
40003
307
289
267
148
322
94076
278
2599
2560
161
222
70303
136728
36479
273
13880
1
116820
302
105476
20302
42258
195
1750
142099
108
278
168136
16130
73427
222
18797
43
717
152
33978
176
84676
174464
151
125
21498
191
15252
94654
59131
122825
70
169373
35902
21205
138
121924
73188
107
94975
23
102541
137658
72
10079
256
84085
32
19106
60416
38
83745
48600
4855
165
159
2731
157784
149
10
144
48278
221
37511
286
89804
220
29
182
162532
62
56266
32121
94633
859
23
54202
121717
267
261
43727
234
78
19111
76248
42759
50489
64959
82228
65573
40553
211
23813
10217
169
147
41
221
199
116
85400
45460
181
69842
274
138394
56535
263
33334
269
31309
214
108
126062
24764
34573
20
418
243
8
143
31319
94
255
56658
150
313
283
182
139856
40151
114
122585
139
40216
38
300
134863
8439
103
18946
15768
176
4
294
101984
392
102
220
148
7
48522
92189
7645
296
67200
4
109145
76642
1174
84531
153
199
1214
26118
39
344
122963
136550
30980
59
16395
112735
23358
15
13
194
100585
13093
82282
120841
132641
8
20690
19651
300
127
25768
128925
78
15890
280
187547
130
10658
3
200
106925
68877
16577
30
118
107
9636
36779
191
35139
106
130
104
6490
26347
203
96
287
51699
135
2111
93
43137
160
36
176
13736
324
1672
2583
60584
1
1454
131
104478
108739
154
141
1343
20960
99801
131948
114687
64
21391
298
10493
210
7774
114293
263
86582
8992
39
228
56621
208
56982
20666
191
95327
13
92821
77
59
124484
185
21964
16
265
94522
237
101143
7
96
27065
48757
65205
19478
270
307
111
14766
249
232
5218
3163
63671
164
202602
178
181627
162
22910
53990
3535
186007
51382
162
4043
150
1775
201
253
113261
131
3174
177186
155
157
211
63175
104
6922
87781
18
168
189
7792
35524
312
195
29955
109
257
209
132216
216
4459
109167
82750
18190
146354
324
21
27506
96690
132350
98660
18829
37342
88
2331
36066
210
66
140
43229
12353
300
238
122
258
58
314
190
285
35
94
205
8
173
175
6634
224
115040
193
8107
48642
45
78
144
61
25324
200
248
160
65158
317
3499
11237
6036
74
177860
26
127
45693
186
3
63
308
270
347
21
3
167
87189
63
25449
214
8508
156171
27565
218
35653
105
70
197
67194
162884
162813
12031
50151
154
7766
114
26911
227
98551
62
69947
146
171227
545
158
199
11
66175
122726
236
184
35
152
199
89859
260
6262
9877
19784
14
108
196
64320
72
157014
233
301
166516
58966
155873
205
98897
129
208042
62846
85
62
24814
63936
267
8
52316
60
7478
22809
38042
211
25714
6160
187
11846
12485
144
22888
77799
77499
193
220
49
100
371
17376
58394
355
228
19
2430
107019
8894
378
15024
97899
33567
205
109295
31497
125
15490
210
116698
66
6999
85
15201
2494
116
123623
448
40968
39893
214
34628
77
272
15860
83699
204690
5022
97
16939
74312
95818
72378
57183
109905
6766
34359
90
9196
81
35799
18
18877
317
41679
112
36
8233
137
150
14340
32137
125
199
9214
100754
317
186
42
90
20668
201
316
101215
67292
59906
113
23553
15044
139
268
88504
173
21540
50242
226
5316
81
103
250
21988
161363
67446
10450
301
183
2397
269
207337
189
88095
28627
29731
49
14839
43
206
21213
153
115560
114
67504
111
237
125553
119
36082
96
73183
91262
150
34114
73111
53675
30443
58
1
122452
14
73058
281
185
96
144
221
199
1455
263
216
85
139
43
41
154
219
12228
87
149
204
31089
99547
125
32609
37240
14
29165
45
25686
116515
306
285
9365
112
123
70564
133938
38939
143
120940
50287
108089
10373
64943
88105
54
45212
297
7375
389
85808
298
1
6172
4682
223
152
110
311
21102
3070
77915
15859
146380
69585
38533
194505
56675
142653
247
4706
106329
115
187
213
6170
69262
10929
75188
13846
2030
50072
14383
155019
119
235
237
24416
70
47
18890
26
151541
111
142756
272
30410
91114
24154
4
104168
92183
3
5
9381
24
81519
6589
1
141409
74
493
15
4039
120
38568
199
17147
148
231
115745
50
216
220
21615
22994
240
28453
1031
150711
178
69
128
22651
150
105
282
172897
127
85450
42850
205
39433
79
283
6121
13
20607
46666
28092
117
31062
73155
111
76849
199779
3185
1
249
6283
73943
114469
120383
13
60802
1410
16636
25
39590
163185
43912
22558
179553
51692
123035
29
100683
162
34058
158408
289
195
18097
50336
35359
382
55910
57241
1
2945
118595
352
60
116
7690
26864
312
156090
29142
60239
9135
157265
136140
103
15
89845
50559
10
33163
503
139
977
1388
261
2067
115
234
70
12494
123
19028
315
117468
1
10226
122
9880
157
21388
39
138
116
224121
72479
110
18940
131
8337
15
254
2122
123
122446
235
167
74219
212301
82750
92
128187
15005
31683
115
230
254
108268
85
15
15271
17294
53437
119
97
169415
6
87091
12869
256
283
1846
190
95
230
198
64326
64193
126491
311
328
1459
8444
286
55
7
2721
250
13160
99347
75
235
146
108
333
42813
220516
94
144
159
49386
36831
180
94305
16142
67
4938
46813
7855
81295
86
370
28105
10052
212
166263
124169
54387
238
11600
280
120
244
143
109
754
50
66
274
21883
149
234
162
107
65145
65
42386
67317
253
43
60992
265
160
33940
116273
53447
205
36
27270
48
215
36368
135111
54
44
245
83
39
215
181
5871
245
5483
40376
98
139199
18
150830
92710
73
218
150798
10586
288
70664
366
111
79283
20228
150
148213
24858
17
143
87593
44449
83765
70269
12423
1
248
189
177
12621
159
6478
2053
260
7689
250
223
29176
61872
250
31
49794
118492
127
5290
168
64459
132
187439
168294
57658
52167
73173
20708
29
189
153
1399
25414
55740
160477
245
3
214
150
157894
123617
24922
60
19787
151
12574
97598
128593
78417
38
174013
86875
130
155377
24501
9365
263
53774
103
43104
289
232
70576
142
16784
75
1674
106
156661
305
194800
61
61764
102
28772
87
156106
46375
7367
259
110419
196
118
47503
159970
251
9730
54870
157
12957
76
7013
33587
16063
20408
38890
102424
120791
155
56
166
105
14217
51
98322
252
78793
211
6369
253
6112
115
105348
225
121
123
147
284
68927
33226
1
104
1463
14433
22821
20114
44931
8942
116553
40504
127
1662
191
64446
106362
40406
60961
13054
340
4438
132
20370
102422
66207
74
3961
14911
50029
203
156
64
24
10
1939
9255
8
279
227816
51
19958
145
245
2
159681
22167
19197
46554
14
43
164
30679
35152
44257
199
23682
16550
280
49989
34
179489
197
284
305
47176
136456
161
35069
16
61687
162
10
1957
42
3698
50
333
12283
158
19473
300
114
223
95807
8649
265
178429
70492
68933
24990
168
218
257
308
80385
3
138
85605
252
47393
220
29163
27840
100
24313
79207
79019
44615
70
9
160024
163402
64
147257
200
218
6646
92
2309
196
17358
299
148219
10
105
114181
88185
50958
5
24483
98652
129
71641
197
34965
71782
11815
276
265
69
28131
171
76
30282
5126
63222
45740
228195
380
142
167121
57412
75
101
191
64
44921
47119
34965
101840
208
10281
198
10
355
20
152
179
242
167
115
100
22966
14211
82529
3
111799
81756
58682
111842
290
131475
33601
1719
319
201
57210
169
65
30945
36162
9144
122084
47528
142
29040
68
68756
157434
64492
259
265
16996
99042
48657
32
46086
273
27
47511
246
9380
26008
165
107
57286
111519
12671
109879
192632
206
247
11664
75
54241
105
2643
69
66281
173324
143797
92
87916
152295
124
229
36157
15429
32
339
170
18949
251
134
19150
94
40704
187
6210
170
99
281
47566
1160
33
23
255
59
8023
63
95241
28
9448
31407
65634
164684
15746
46832
46045
46
132
244
209006
150
105758
34541
206
24545
33116
121109
3051
31539
104
273
2434
63
146
197
183
74528
11167
67832
4
16988
20677
32344
196
21
3
347
149665
41
55
96
211
326
69244
17881
36878
163
223
3
33644
125
175008
35560
120
107166
199
62361
113
164917
119
54453
308
18090
33
46860
131926
210
104504
23081
56
46
32
11723
35674
153637
50485
12795
77772
153
85
198
17516
319
215167
171987
60113
197
16788
60304
66421
282
31595
386
9
140191
50668
19183
121363
57089
31485
75179
6615
29193
136450
37317
1
195751
5013
78605
32
73
109
242
9898
187
30
158
63373
59
65
28
76
105495
66384
201
159830
4927
152
234
6541
40
139520
313
80
297
9923
31
28573
66777
29367
150
60742
154313
80892
108164
220887
247
5
79
2275
57402
30
2870
233
94446
33670
27789
166
48373
136
33256
65048
177
3068
111332
40526
164
69
5494
30215
59201
41606
274
10360
290
5860
136104
2170
84240
81
49
84
76
112273
180
208350
54378
10
83373
282
20236
10597
74880
119
10856
29161
3206
166
61
305
254
8266
59045
20482
297
78888
50310
20
96
79599
60757
29724
35584
43764
4671
61862
272
11847
271
39
149
85090
109
314
22367
70391
2659
11961
29178
74461
47346
230
4512
165135
37
60568
24219
70994
6412
64
128039
76
61322
3047
248
64366
64721
198
67541
47481
200194
33686
37357
44975
244
214
252
78483
34
114
74685
123953
57300
37144
20537
259
121459
203559
54401
46157
7
146
83364
10
111
36202
274
63
53
3583
8018
9052
193
153
65186
31
139412
57746
42
10885
1574
218
17
90833
49660
139083
11712
100821
11633
6484
32113
139335
112330
286
22902
29
256
162
51515
33143
69980
103354
108570
84
128496
85
126
45765
109
79020
13346
105
142073
343
39866
107
102179
219
23
135421
198
67
119454
130
17631
3733
23409
281
130902
4418
45647
42183
252
39300
73161
66931
2267
30
211151
107270
265
289
249
73795
169
129287
197
173
235
75035
10145
7817
23
1
43
128294
143
96
23446
212
143
166230
134
33
41
208
224
90871
7899
151
55
50603
146
70962
34315
276
17379
166
14204
247
21
286
19381
336
93
95804
47314
126474
43254
295
64
37259
184
305
40567
226
208
646
96769
107552
28
45810
3
28336
8287
13218
15728
30093
83987
131666
143000
72
172
59
139696
256
28647
138763
101663
133617
39517
185
3935
94
39065
75481
76371
217
19
103
151800
149
68277
281
19
226
96
16176
14932
108493
41080
74594
67
21724
56453
41227
15328
6
19084
6873
174759
58
123
43657
63029
134
65
138037
188893
154
162
24071
163963
230
38664
28498
6809
180984
151530
246
140
91
87026
141565
15
63659
18230
156
49
119106
63
68264
26634
42986
48
304
137
141
8942
213173
28093
10
65975
117851
176
94808
71797
203
30027
87674
104657
17257
147808
169
3
107972
37
216
3
58
248
5415
8
88537
42782
142026
36
29036
128
124
53
9668
6334
29
98815
259
216
66318
181
104
229
212
13989
187054
277
145487
158235
6
2651
14037
15832
84319
157866
671
19315
142190
59903
211
45517
232
22
71302
7088
42394
174
47259
7
8
42904
13454
171
142007
46626
237
54251
69
3
222
5519
87558
134
36
6
4
40111
4126
132615
297
238
42684
264
243
78420
941
120
186
249
114661
137
187
142142
189
11
19196
117311
156
8
11800
168962
79
201
156904
178
266
126
114240
42256
2639
234
8582
39
4686
126533
80
44111
45077
146
4385
12
36416
120293
8591
28
61
17897
248
175
227
74
226
282
47946
45727
55877
225891
115132
10675
114288
38
12460
5281
40958
58515
4094
207
56242
62
42502
29954
101
2343
22333
61
89658
4309
234
130
6
84420
160404
41214
42478
66898
224608
24718
90
69294
14162
69044
7613
19014
123810
192510
49826
95742
185414
185989
160
37057
25083
169298
102
149731
216
55928
162
44389
30048
33418
687
39
47544
103
21841
118640
105841
65
14219
87896
57798
225
169
4765
46
2
138422
206
41296
124
294
70729
172
30155
82
112907
181
212
29173
28
204
198416
85795
157
61962
136
1
200
22504
72275
125
41542
25238
1
239
214669
26
1
20892
23318
22
24392
48965
29476
44894
171598
65789
36945
26321
127
79579
292
56
168552
171
25602
45828
114472
40
27
103498
92429
28926
61
68469
83
134
247
109907
180
5254
49036
3535
178895
640
178808
127469
63190
49097
21629
105032
235
216
47680
114335
64511
56146
147
232
37513
9139
242
139
19630
31373
3078
8386
177933
77929
157560
161
270
247
220
107
28079
114
128
37187
2012
281
68553
24465
121
69219
85
22
36
10512
107064
222
159
152618
63
6538
146
50
22
98
232
55
79
190441
5837
169
6749
111
216
13
150
73
210
78885
26573
10243
2623
80527
10809
92183
286
2185
3942
187
78529
250
23
30033
29569
19598
55621
220
129
4836
161678
133227
139
233
60622
137967
59879
3
31858
101267
18230
3822
136
33
64589
75580
5752
174
65
92
184
280
31
42755
166
71771
49
35
150
6
44
21490
18770
81074
3
16153
2203
147
105910
5933
1773
180037
138687
82228
257
142764
4965
3341
7235
113
57059
185064
24372
12544
54266
80
60
71
207
52862
146315
186100
28852
157
2874
271
276
25533
88287
32227
44116
199
77
49
26131
98007
94391
41116
18
255
155
110508
6697
25932
295
207
64557
17
6856
22
60
236
183941
57472
87
8
335
21
22753
3
143
2538
162
2699
2141
53538
2500
61
130731
127
163895
137
76033
45869
95008
10930
9544
32563
5326
150082
90034
249
124444
52931
150
108069
177083
90
75600
8749
219
116
62805
123601
10498
7842
16494
347
26665
69578
10781
231
139
21724
86052
338
118
282
96539
110
87367
41986
111077
6
61
10
186
28035
33994
5664
158
20420
290
265
120
265
239
19958
294
9843
224
3235
252
40841
19238
123
49797
147078
104
44778
250
275
224
40
12970
103981
156042
119
45367
200
233
22000
189431
31
186
124
248
30
68
635
106400
7746
158
3
79
112222
290
11373
230
966
25573
87403
29
223
8288
271
1383
19593
198
464
13
11
115918
313
52007
85873
341
654
1722
86
29853
303
32077
31
42031
77
41341
261
9352
125
81586
73
79
165944
6070
291
251
16
178
28919
56997
8726
8419
51
322
37513
115640
173
175957
210
61823
125
63320
69
46
72699
321
10017
37467
30488
154211
101358
14496
219
52
248
8073
188409
21727
39542
606
3730
227
156280
174
38022
128
200
141367
181
23417
51
203
112013
72347
136814
139817
219
47
63025
166
78621
128
40
35331
78
180
55979
336
112201
237
138
352
89
169
7214
55054
101643
3531
114148
100
181551
67
50634
50627
111137
44682
23
277
7136
234
171049
27057
8
112
238
208
82163
69309
74
62335
32625
271
180
94841
42
136
61096
176
25252
214
34220
55
13034
46
75859
10194
77404
43253
44
21883
2513
104
227
103
152
207
82061
30011
182
87633
2
58212
204
11198
9
101098
46
266
227
193438
252
200
233
103
30913
62933
15714
93318
77178
25
26801
41422
35
12
48
261
20080
65
4838
22751
135567
166
57
66
5948
173
77025
149452
182
25483
147752
28
70505
96854
140777
175
272
135
153
128
2
58729
108207
64144
204
131092
43758
211
181
31237
82159
4956
306
70
117
113
231
3028
274
236043
38762
156
191555
82
95
181517
196
54897
155
197
28669
103
128
112
51
181772
223
130678
13169
189723
41
168822
7806
123233
74346
70124
153
52290
7884
36206
205
33364
8476
240
207
239
97159
106
13728
130
89
50278
223
137
113
169
250
85324
143405
369
8378
56336
62265
273
27055
23612
53336
98358
20
58740
64356
111
186
55
67119
60080
59
1599
68178
193263
15
45
249
51
27803
1005
19348
200
1
5169
348
7426
45818
359
15649
1989
255
113087
120
8
60
13459
128970
267
264
9926
40
132729
307
36833
91
19206
84280
4652
39707
88193
43
170
2715
78
128
17301
230
86709
41
82
308
273
177
134
74778
62697
140
117
18
28
155
93332
56
156939
239
9495
255
142
185
19269
311
11838
928
116
29
90
64119
166
4637
42093
125
145
155319
36945
39652
31935
1
81520
284
139977
376
200
81147
52690
233
104
120
9000
8825
16429
37927
29
67505
64
1851
1
6089
13935
4363
181
8185
14794
172
16168
365
162
50241
144346
41647
5913
28665
1236
206
79705
32502
22754
21
134
49
17093
22312
94048
45873
31340
10
281
205
125005
158
69
124
88739
66488
113685
174
163786
82818
7231
97304
15
263
23211
127251
40
14108
20155
33507
31483
70
12608
11
324
98805
7811
309
35729
22594
71788
162655
266
78
95864
2089
110830
7017
93
44014
205
86571
12950
50379
226
136248
6
68057
54774
28933
65270
239
105556
14789
65530
67908
15962
39
179
176
7849
100798
3386
5221
64804
42851
34855
255
67144
60522
112663
151039
20096
1899
3685
159
53
191
113
105
335
183
27379
140333
9593
125
74
320
207
30799
115647
187
10368
35876
120
43
16
109
98286
1226
60471
33320
3203
180
195921
136641
212625
22021
132
1962
323
10029
29636
102737
84324
3
87278
238
196
107
100096
72307
197
55151
118878
13493
107555
96778
31689
77611
207
25113
21391
3573
53182
101250
8913
100
66
33112
66427
28592
182
29671
72
9240
71188
41173
46
3561
290
17271
100
292
252
23380
70304
5865
1517
150
151
28902
29
42
124516
63
71
83203
74940
54280
14833
42906
226
41334
46
238
241
1
173
47
13
72815
126
216
3501
7262
36836
49036
320
61333
69817
84725
18923
30635
10942
342
217
86
12289
187
191
32
97151
62918
256
147
52
602
51086
108369
168527
146924
18039
10298
89078
50878
147
98615
106404
126933
39680
199
127
61286
261
25
119267
87
134
36360
24237
36883
24
77
81962
23903
347
16478
234
17368
72323
113
20626
157
184284
27549
268
67427
245
69403
241
5
39
7092
76
86
54957
169375
73241
92233
202
59741
100
44425
49849
99482
262
8459
35593
44
114188
18026
143616
49372
156
175
39
23529
343
177637
22310
29
187
2040
7863
178
1920
34979
173
43488
51435
19628
18902
61515
30657
4297
30041
285
70891
4210
146
176
117918
3752
58005
19004
83
146
276
9088
95513
203
186112
154
42
131951
201
169
74595
79
236
1321
97316
15698
80
78122
81
85898
17888
138672
25871
25226
206
154
69628
208
165
182861
16995
34911
8399
60190
123061
18634
12
97
88985
178284
173
122120
292
60953
2
54
176
11416
186122
162689
79427
20427
45453
3037
56
102662
92
13302
904
138
46286
309
226
103083
94
103463
14774
93005
164
137722
17349
17980
70527
16
107
184
33332
141313
26
184
35989
39033
146143
8290
27
168110
34
103417
21574
74488
12657
115770
154
87
28670
120
6248
214
110825
172577
172
51
204
48
154435
114188
94
332
3
128
285
119013
252
33
73831
172
277
72512
198689
31179
48
62
214
87252
21
203
151
19233
2770
108184
98
155058
15273
346
11
36
139295
13
85599
94
179
197
6
11876
86
23112
154
89966
92950
42911
171160
5649
16514
57508
231
3004
71046
109
11641
71360
143027
126
22402
245
31836
86
7772
106473
18076
220
42
51
52745
111972
102053
95
25
166
203357
102
51905
4729
162676
51186
50924
37066
6
20
884
10063
141
239
74669
226
170
85
250
89
104847
10
2
6714
141159
49625
102054
170
5962
5690
211
151730
146428
133
30425
1982
214
15
35731
85
58693
87898
13904
1196
130252
7936
105
109
83
45308
23
2
213
135
1
105948
73
36
2371
33132
48
289
14920
49232
121
183376
147
38268
4215
203
31695
10
16
24419
60087
1381
199985
43814
3382
216
11564
19872
47
177
127437
18
20
221
1
58136
5
5181
71607
157181
1166
58198
45
309
5913
70
5562
11007
110330
25433
10781
106
71
135361
104806
209224
24677
83
101
56258
4
48693
8559
60
59926
23
170
37
43
71
14297
4676
56
3990
83726
17551
157
79460
87576
143541
8512
137409
41914
76477
4
44181
122571
2710
108
58726
6970
216
61
213
10
24770
184931
88
126310
75
25641
260
159855
6
219
9414
28488
95128
73001
172
28610
315
24931
189
134
245
44544
44939
79
325
233
101
52
15617
124
70167
5510
320
287
68409
12424
264
135
186530
223
166617
143
162
9380
18074
11115
79
220
288
3
115
10121
73
23812
34240
259
147
10183
104122
11
138073
211
48286
168
103466
117823
195629
153
86891
147582
225
9
204
42
3275
267
19342
257
315
12
102331
55606
57615
152
228
208
303
115
9
3366
23200
69032
101
195
33
218
23442
224
184702
54
125
162586
99501
189
16
13
251
12117
209
259
13637
72
294
54407
12049
76987
34149
85515
174017
92218
27
1
167813
170
35503
26213
9918
7365
46
199495
218
103915
33110
112890
257
53980
121
237
36584
95
2370
50900
7801
45
166
278
349
147
94
182
55093
158147
87442
176
11369
76
51838
73546
165670
287
46481
17659
301
249
103970
205
5635
2014
171064
239
96619
254
301
11
133610
360
85
188541
253
237
153
124471
87
76267
139104
30
46
57
62978
119
183230
54
239
235
63495
36
50366
49925
2544
237
54
27
102789
55
212
88270
151
225
245
27774
41426
50363
150590
33
107
82
93
86418
73
244
73731
173
176
3513
47075
8984
10448
102034
141
175
65814
20551
277
164
17388
60635
18968
293
29
5681
93562
30
12556
62869
185
188
113546
190334
213
168
67200
3431
75
143
121825
39667
324
61670
102
77626
19720
233
192
12192
183804
51360
1700
2022
198
132
123
16591
73
71398
52930
153
103
37
215
213
67790
43496
60
38060
36
12605
262
149562
13046
163380
32121
11780
68667
134
300
53
42
18
91069
33731
15585
17
6
19388
272
309
109
203
43763
13528
220
103019
7141
249
125
2501
84212
51396
143239
15
94
85
365
22
200
137
117749
265
13432
191
21696
90067
135387
94
36088
17057
190
55189
315
319
57596
108
48985
3755
288
19
57050
39004
143
14132
57959
21913
190
68
36595
129570
55
61843
17000
189
15177
12834
192
3552
93
189
99
49787
231375
3845
18698
11098
170
138416
137
177240
286
58
264
3
154
222
268
10967
119804
86
13741
5655
131405
73
91648
71
71
59700
141
17034
156
140760
50526
79
242
29591
191
277
10
184
117
133
111
124
33
133
15047
322
291
18236
5410
29759
235
267
47942
218
23642
72059
100600
75422
5810
97883
13601
288
44451
184
20036
180959
41505
1179
269
126880
80
15
43092
208
111762
196
18529
50
52
302
45
44
20308
51025
76311
95
89071
24544
120
48565
10
75300
10507
57370
25510
26010
75431
79
7940
216
273
5024
141
29
94829
7
162
317
41361
132644
52
116
16758
62784
6189
52212
229
127359
201
198
4236
1647
230
272
12282
143
67
23
258
4499
40152
26323
4307
45669
18528
272
19096
217
48586
215
52329
63535
3760
135
53404
9493
246
101
77905
158
278
79417
14268
10294
26644
110143
32
264
15
368
250
77760
131
82692
386
92986
70
5846
57
17182
103888
305
54711
12608
225
39
23340
161481
99910
16
57525
1
173606
225
9
249
5
66
129
33421
76930
253
17341
60716
3
157
201
23299
99256
86797
7947
88
91137
65675
131
5394
93
74638
12537
16729
14998
9
111
47611
305
118
88856
228
61923
35221
154
23632
109413
142
185
265
73
298
353
3097
8109
120
77234
161
184
316
4941
106
6851
153667
29126
165
261
187239
261
72350
236
13597
123
29038
182109
89672
187
86
148
209
246
36159
145270
129022
44646
240
1461
3235
112850
8770
167
54
118
67
198
26288
21494
136639
42027
26
301
160579
221
112
2174
273
184408
138317
111929
24381
8343
96628
177751
19812
30511
131114
26523
10994
24080
5598
157111
92
143
30631
79
128534
39785
250
3332
108
36028
39695
201
175791
214
224
298
17251
1393
181080
58442
74426
72267
108
21
221
3247
136332
69976
55944
114643
83108
13371
19895
18
47
167734
193
65
139417
2905
17656
82593
69049
147943
43
21592
33215
51233
32770
224
16049
100861
3753
95390
7727
40663
21
27714
76975
41448
203
220
77
75153
130
22
42079
141386
223
98025
88340
73
87
96427
122119
33185
5500
335
47569
26306
41725
33
168
51512
119084
35841
76882
116
3728
54
225
194
235
118
20
35820
253
14365
45872
145
10
11340
22393
35966
100
190
120768
13986
63292
229
38112
214
74191
32828
34674
28373
66503
229
87979
12529
28
7858
96867
284
65
178
35
9
222
155108
61
225
97
95
113501
95
66956
19
3175
49507
73
20801
3
3
127559
81
14
85663
21047
160
93
12877
12287
77127
15
286
6047
325
100265
220
105046
248
145
277
239
83308
9551
78
53312
134780
30
78646
177
44189
123
41
71
31051
170992
47181
94798
70104
93
255
272
70265
66204
5812
223
94153
154337
116370
293
54
29935
123
135804
127
76796
83801
10355
101805
252
181
54700
63
10547
29071
8983
135
220
7414
79728
4618
8138
25255
140
209
31994
23685
213735
93728
45119
62
15
81588
147566
10021
77679
289
28513
95367
37077
97647
49223
269
5292
37801
82637
246
616
22403
208
103
100530
3
267
17640
284
85
532
177
52
33177
103605
209
167
21303
25562
81767
48999
10001
266
49
85
105942
26539
91
84
97
168
110
233
64
62
150573
44
8113
14535
229
192
19267
34918
149169
54030
21929
117
88445
225
128
254
93485
48340
86930
98057
139
28
4218
64329
104048
15
34387
3782
68982
248
160
90
148
36932
97
186
186
213
23
23856
33285
7329
134
56
6
6702
170
58
20349
320
111
142
107420
73787
25004
21
11337
82
65
254
346
3
49
48
34760
8
320
471
51572
30632
54160
95001
210
58
16786
238
549
2265
43265
70246
264
26969
19206
145
68209
69
178921
326
73
39143
305
9535
143
233
165
8
145
68
1443
109535
101105
11022
173
26130
128
61249
97
10
191
214
126023
141440
44065
13237
293
48219
71925
141629
103023
34
3880
143671
87717
134
22721
2402
106
29663
151
59
114
28026
6807
98
91
11860
20223
96
3
253
6669
105478
116
86812
55551
9713
10260
103890
14958
75
29602
241
70
16
125
7339
123
109376
259
187
124358
21605
149
80215
71924
104848
246
43957
192270
305
76875
39365
3
229
8321
45697
24467
182
39287
123783
15861
192
54475
213
35668
72916
77
92309
207189
345
144
64046
26124
127
193
110
160558
8469
280
143156
103
61
56718
60
46415
59
92877
267
82
308
10
300
119
35
122
91
65
2
170
59288
78868
212244
17675
12284
89
293
191
73051
36
7088
15698
63415
73651
73
193
184
248
156172
25103
60
8811
231
132
279
7162
127
64725
12903
11451
54
135
139172
101582
13612
82709
135151
38310
150985
213
9984
129165
29476
186734
130207
77766
1
23762
62716
194778
34027
193
3330
372
58
91
106724
59
11
60242
95059
39007
7302
58877
10158
106
86
10229
137
4741
129
30996
267
8514
234797
223
275
211
11466
247
120
11295
69330
12275
153
55897
34
161413
39307
121087
292
13469
307
263
178
81769
89
71559
163639
67906
183
16044
128584
73373
182
202619
142
110558
24090
146
64179
74866
150
134792
19
5461
899
155
110237
187
72
35
115
177
19735
12817
12
87015
79770
275
140507
31476
206391
79597
187
233
24479
267
86215
108313
37018
23036
48565
75
81835
219
251
124
8867
41
191
115
44952
54078
302
130476
362
64078
64122
47328
127857
38497
58167
57822
7563
8069
18763
251
77
210
169
100056
229
3
71978
334
299
58814
10639
13841
37
32
96974
80
226
62839
92471
56496
10
5044
22181
16258
19232
299
87308
160296
212
72
99485
42925
108932
59160
109
115
346
214
311
18621
6
286
328
149010
148
4778
130
246
24562
9279
36
142661
40
301
44857
229
196636
150349
38699
178961
71236
114078
102776
93
26
240
119882
36
162999
115972
29775
179
801
203
171
14229
36946
9047
122030
82
24931
198829
193
7656
31433
20531
52973
381
178
11305
1
28870
11312
52383
40
10
208
119
348
5
230
98
4712
261
89
99484
169
148176
149
160
188
134
23
153965
212
7668
109351
277
5811
83249
3404
17431
210
96835
185
10487
21900
72163
257
9901
80944
92491
74583
6723
277
43376
13437
213
62542
24
187
143
55
331
164945
98940
14644
163
103502
5045
79389
111298
205
184
127
99037
65183
257
514
271
133
19499
59258
196
111310
124
4
3533
27152
158
107
49673
70489
133183
156
65
42
180
129
24692
3908
169
172621
30007
37484
221
106530
188
245
138877
26377
17
102185
81369
2685
20118
21448
10528
202
14003
62938
38083
139
75
22
6
271
72301
119
3554
179238
53
127969
177
26
10532
13162
285
8151
126946
1252
71162
24702
40
91971
43753
41823
154
129
204
183
84231
248
99
59261
150160
7
161
102571
5452
224
41
68966
274
18102
233
63260
2354
54487
221
6442
14
43119
479
90
16872
28261
50492
3478
99581
168
27262
13
185
99560
97
92108
102143
21828
63776
20
62
339
27107
104
4
259
65830
111
48907
408
33009
87359
86609
111381
124659
30273
116
328
93878
107
21899
262
160
94570
98448
54188
80387
82222
22018
321
242
111063
8674
283
24910
6
37628
164
45783
8889
61739
65612
320
78
279
37
25520
1175
4923
65789
9068
91873
271
12
91
125939
11927
20
69
77
3
31
100
36853
55991
41596
223
68
23
84705
48012
262
15051
100978
20433
13482
110950
26284
14471
153998
117
41686
189567
28841
124
193
43501
14803
25642
39543
76
99
6
12239
49
199
123
116885
240
46610
343
60
150
40
5196
136706
32177
156
154
41781
139478
30742
177836
37878
40660
378
29837
187
276
16
56123
242
96
73
17121
1531
196
140
77552
20914
17998
83
75
14459
19824
89
3714
41220
609
98
160423
253
148
283
32157
125
23162
224
2375
89
188
228
44023
104
146244
81535
228902
7041
69
140
233
113344
62811
85739
319
97081
16803
156157
155698
46922
235
106486
280
57709
109863
123648
71110
42
37730
20912
53
52719
42461
6306
30469
219
221
23166
14401
230
66556
141363
23785
211
280
164
6488
51622
64
36276
105
136
179
344
9200
267
78105
23473
7794
269
170021
123381
161797
33682
104
84430
114
143
1633
85846
209
105
7274
146029
232
264
425
30607
213
30663
156
17
17
60
30561
193
2281
58675
26615
7476
18
20
33797
26303
96040
185364
149
3172
267
6555
95531
29362
26
12856
253
180
85905
300
84
45
73
11259
736
17779
36399
41313
49087
121989
77086
112229
955
59894
51517
181
109
65
221
206
30766
8764
10
98913
175
65487
183188
252
102
41691
59163
36667
46354
99
25974
100
254
40
210
7
192
43726
49
7890
231
20944
55
119
8671
225
310
81505
62
71
1887
33
39438
11
16710
42905
77156
196101
127912
167
35
45
10307
2524
242
30
205
107
13617
55597
204
83012
49296
37
21952
7
13463
25807
7795
119078
179321
13908
225
247
2
166
158
11188
111520
150
70
40871
55170
123293
211
143
234
16
66
1939
72868
3
26834
61
31
4628
5923
64
11781
246
97
229
152
93
13475
54
49
171422
25
99298
229
75
1977
1114
49
41924
60663
6933
75
88
10196
21926
68510
53327
2079
26684
230
263
11198
25795
54146
259
164
211
3266
5704
207
25053
27
15979
11982
19018
44342
163
93153
16785
149
28148
38
119
45405
159
60367
142
11244
128393
213
222
8
104008
184107
7426
152
202
53526
141
104493
122
59033
39768
6216
12131
50670
34327
85
294
16018
163776
19731
175
201
146500
230
172
28
44223
24898
13742
54810
7962
51798
21848
15816
1
281
243
114504
56
18406
127
233
138
145307
15387
28
44168
229
102796
33916
56
73221
102
76448
152
4411
57075
361
7762
310
57666
50415
94611
105
274
67251
107
41104
145
1
5071
188781
93
37
25396
28946
57145
255
127715
4003
279
97255
134524
258
6158
138
94878
119383
245
117474
129
37686
192
32
15820
159
267
24561
87801
209
129
249
86
13500
317
241
77937
116
147939
217704
94324
1
150
2443
9
45
163381
5472
43958
316
166
1608
169
80272
146154
16163
56
66
293
181687
40
302
19577
231
77575
241
3637
101911
307
99
164
307
84
178
19606
141
18672
213964
198
337
4031
137684
36
13444
3579
3555
297
170559
23305
40451
11372
119576
13029
118314
30
149909
1983
34
35604
67616
233
62657
95169
20184
25
3
251
182
91031
38535
229
138
11032
128
129991
71
8
150
48660
16542
10629
20419
258
52
248
5761
46063
1202
88241
5401
43931
38899
304
152
104810
329
155187
21
225288
167
3893
289
17601
328
32184
31801
106
322
22738
188
182
84772
5
278
83025
103728
232
122
23711
7253
26
94979
14802
36
102616
48198
96
5232
63133
23559
292
7116
165382
16100
3325
179
102753
20777
63647
339
32756
153
225
129262
120
3
10481
313
45470
57187
146
79157
27
126052
13416
165097
246
135950
62161
217
207
219
32469
32
9142
26362
617
79242
68826
34414
40524
86783
25268
103
76983
196
22196
14107
70
271
205
20680
72546
34584
197506
252
69118
76523
138
29558
148857
18
186
14003
15
409
235
6019
81874
170393
171
107
11
8723
164
30315
83158
6803
120
6339
89
196
13378
62422
335
29645
3165
136
77
138
69
10421
77482
222
188
52
137634
81419
54401
380
47134
242
246
13120
48558
23
194
17032
47
116
206
92
116
52634
124
46382
20732
61874
121
9137
233
92365
260
19941
261
196
1407
138
61444
36
170400
84
163540
25945
116580
211
125
69870
14628
50432
20791
276
76467
4101
229
266
64915
59
117273
38
16712
437
115508
66
216
98023
20112
35271
230
28372
77831
265
82422
35
55557
57897
13
120
99
57006
89
45240
20828
11937
155
207
462
44347
47
27099
54
171928
244
104992
271
81389
298
15438
199
23596
183
69434
6903
56106
263
122853
2048
101536
21618
20065
83351
143241
3176
270
245
221
199
237
94299
9425
9427
68147
832
30096
30057
146329
26412
181
232
330
33
72723
117
220069
238
67563
160
170
148
140521
38
90549
67
58022
53987
148378
180152
34
121729
176
36
19027
4116
14
178
15856
315
226
358
4428
158
243
160
18247
48
254
210
8
11
3457
190
235
68989
30
202
39652
74481
22796
213
11258
247
169
143332
93171
18550
280
29499
57106
219
215
2130
127
78589
43
286
55
282
113
38
97
275
1
180
61775
43
58717
981
2075
136
115615
27550
100
164
15437
183
120
207
52894
3891
70014
101050
119
170
5584
31390
244
231
116
60
293
84820
864
8928
24048
1844
212
2826
10
136881
21500
180
3137
311
28135
39
30562
15312
149688
234
67066
335
50482
17303
254
40417
113
50
131828
97364
3329
301
97235
267
160767
97
140
204
16111
22139
508
78967
225
151
57506
73
4800
36887
96434
30673
50999
36302
27447
49169
91
269
162
23
10
183990
61175
108822
1675
36
274
91
97
11551
127443
255
173
154
4773
89574
97077
304
3438
171136
62
11153
119
211
109
19928
93788
302
90228
210605
96022
43610
90377
73583
47737
60059
7434
116213
47785
54
9124
49955
96
30071
358
157
18
86048
49234
224
37625
20175
187507
41002
4704
20875
49035
70
263
20205
243
347
42441
242
88938
187
45958
5264
49044
27
173206
5022
25285
142
106924
78233
24
76
236
277
68488
173
196
122537
58117
235
9
8836
236
302
154
156360
193
27711
150528
60
22045
308
58880
256
61076
59498
22055
2438
52222
64
4746
104655
3241
40185
5796
188878
213
84
252
23601
40551
58017
69
78552
50
46384
36210
171
6
2637
31231
267
1
201
57
109981
179
496
41116
192494
78485
36
43
249
114655
276
113017
6731
9
183217
24869
50
63409
124
41636
97
144891
4935
183
192
223
93
73499
26465
127
14311
70
3119
1295
276
241
21364
4637
223
19
267
37350
2
41620
20
198
61
29235
116
45079
177
178
175
73733
63866
193
85792
63403
346
74213
162
152745
218
127512
32
9231
64353
167
182934
18899
35
16489
333
311
38032
87
30611
69
45207
263
30389
143929
14273
109
18291
1
44606
220
6553
189
23319
106
273
233
243
78330
110503
11
157
4476
8281
156
61
87172
132028
206
56
154
30989
125
228
88
21560
140913
248
737
213
29882
311
487
117895
107812
192
204
157
149
4657
221
315
178500
35744
99702
6723
42577
29530
176
80
1243
143
42203
229
89055
262
39691
9581
44026
8316
64845
14
9034
161
247
56
97
66034
14370
127621
3042
514
162188
232
170272
2861
32609
17761
2196
11155
84871
75820
188
20449
165426
19599
10754
40
93
221
10248
81
11
245
47071
168
65011
201738
3
13298
161
61647
20090
48545
188
22103
42616
84
244
205
12378
43446
119
153139
115750
22288
61395
81276
148
173651
69902
140
13278
110
204973
58062
85375
155
37667
10
21923
128153
35461
190
177
56296
98687
74465
157151
32593
91
74191
163
70665
84795
181091
42754
48774
89069
213
87
196
47
9448
169010
81879
50067
108
225
231
65
189
122869
132305
133551
99428
88946
177
133
19
184830
215029
91096
36
54789
43184
341
15434
6
254
16861
89
226
125
2302
80
172
64847
161273
6279
106
93223
1453
177
7
22779
75560
195
263
202
90610
133
200
15371
8268
170
800
103415
7394
16177
109
242
20025
7282
83
4196
163
162135
28
85299
189129
48271
14079
51
128525
23673
99
11473
47684
34919
121
88379
209
271
15
12
299
141669
18001
57727
113
237
133132
36
6048
106789
92
273
64765
101044
35834
278
153683
99
68989
76759
191191
32
240
149
16638
321
29
24970
919
54138
45847
84
4103
68562
199
226
17
68984
142859
193227
29
262
56
13987
116
6757
37378
32122
171
185
176
114
2233
7996
7273
24053
207835
9037
3307
195
70902
2711
104236
139
97251
83097
115
13029
240
151613
187
93396
154945
20983
48205
28709
56687
4282
75
61932
2411
126
58
158
61
146671
37072
33054
55
213
6071
60546
92
296
143763
4632
258
62371
83
38900
10314
278
82649
62016
90
224501
86
42601
183
226847
71528
208
152
5111
103490
417
89
128
117
35362
38
22
14
84332
60491
277
158
9324
354
50321
92127
18
6237
161
167
55
56173
118188
104071
284
95882
28
5448
138712
90685
185187
226
190
178
12029
79263
100657
236
40958
28088
29
5738
232551
1
217026
194
238
103
293
241
264
166
256
174
208624
190
30568
9905
37231
18187
224
10692
13110
350
191
86
88
250
17060
14122
257
147
206
180
4588
223
90607
156
2386
64
205
45940
31517
13953
124137
7039
214
135530
26
272
72
191189
114
17931
85927
2482
36017
13998
186436
106
209
395
227
22083
192
101
19885
1125
68882
87
64
132
40
129142
170
24273
1098
164
16117
63858
56565
2878
17
6
10596
4947
265
37799
79
42
11
82
87
20777
46021
278
159
50698
22442
208
73256
24719
24
13
76068
41317
312
8496
56868
284
9825
242
61778
125
62
1
59383
146
170
305
75287
260
186
29280
166
131
159
10351
179887
6312
149
14314
19925
166
238
128485
2
3
167
7359
317
50874
31588
6788
132
65822
222
23326
42557
284
311
4412
222
339
167
176
17301
319
19537
23476
55841
1027
151953
18967
148352
260
7355
184
220
110044
83467
65
40471
95478
206
17
219212
384
204859
76209
32120
131
12
34162
135960
24019
78
73
49484
95684
101
9981
131
293
210
25178
50010
7231
11945
126
124
166
31118
32030
76
1566
143855
166
77135
113466
248
303
132710
214
10472
22362
186907
4369
200
179
303
15911
36
121322
50
206976
14708
19900
65168
4706
17
274
72709
32161
331
164
85556
93
62958
39
6777
70258
30395
41538
107907
105
122819
7547
3398
79199
44464
6788
965
24835
5434
16
9691
43644
23
55
151736
53
39454
78576
158
133
54101
28
12265
1916
299
145461
23533
39029
52015
205
27816
62138
50352
9
201966
149862
72685
42
103618
13
65319
6
5289
60
8
373
9812
39
272
8293
107037
38727
6
103734
185
172
72047
48481
214
109
8806
62
171016
50
50745
170
323
2431
17711
271
189
134407
131
34
11
40280
183
169859
125
247
9876
136632
38529
3828
25571
154
37
94
1740
235
44468
91857
44
53350
75074
182
66738
137053
23900
34
15226
11745
120809
76
168038
228
74542
1235
219
8684
54066
49651
64988
1539
198
106722
74969
12
76
58778
100
85110
365
110
1704
265
134
56284
112335
25629
15
250
75903
37745
7945
123830
7451
82720
10816
46160
157183
40674
71
96540
29340
160
229
102
92799
10594
20741
146543
726
60
4
34631
90
12914
54917
8495
16
54597
220
12609
85013
33
6411
33
136
65370
208
31
207847
82244
38
131139
165
43132
47298
32634
150
1443
40783
134475
261
212219
14759
2
72781
230
126
20613
114238
334
13973
41525
118857
239
14856
78114
100192
237651
238
111047
14172
133346
257
128
158051
68405
28
69
83
153741
46091
92568
120
96
83972
192
351
22614
68902
241
196
1399
1
78
7386
192
4039
72976
218
1208
138
210884
40354
16200
3956
23872
22
6
60881
85
32685
134
14
77029
40
231
70642
122817
21027
29527
29910
34766
9
13546
142
130976
35560
11238
22249
714
80340
2513
140542
19
28337
55330
53014
25
107
197526
4208
74622
7990
49555
96
28725
56
84
261
42982
3933
240
83061
45253
78730
47195
451
219
68
209
175
49776
51037
80649
205046
68570
141
164
72197
227
69888
55
51680
9
7
7011
176646
70470
289
112
231
74
64749
157
193
136
119
122653
8
16
3405
164
18162
84638
1
259
176
100
17219
17507
43241
140187
299
42725
233
80117
17
44037
32995
1
49632
221
181
33631
43
62
185
134194
76319
112326
135128
5888
180952
41501
171
71
78
114
32534
168
68809
219
205
24660
168414
58801
5554
202
121
48
9786
118123
97
22501
114
106889
56573
15350
230
121
198
20617
153
35864
370
10054
9
40230
58518
9329
19
67212
133710
79
253
69612
38395
151520
832
130
110
492
34162
2916
195
179415
194
12889
59920
111
398
137
97
105901
124590
20
124294
283
128
156
60
42829
112851
207
26751
202802
92920
283
11759
59251
161
110
155
37239
16662
22
321
25960
17917
8918
195
213
12848
95
71
188
30663
41584
45874
24333
118
48224
21392
198
982
112
22242
44
6188
16946
69
20
167
265
171689
96266
103
1812
123
155
6
35215
103749
8305
287
162378
13501
58
104929
21
296
253
93403
79003
57
30961
109
63
318
68118
48913
71
19531
99
39
49690
52638
10775
60474
162141
245
16895
256
144
53698
13694
18716
115354
31919
221
142
122
113686
41
72
230
28223
114409
21662
102784
8
80
75425
56232
254
23610
286
73114
616
76
194
334
155154
182
145
372
48699
198
104992
203
263
80822
18
90556
82885
88142
39
79343
129
174
282
65083
84
47
299
160638
73116
144129
47124
9723
2078
68827
62159
307
16886
23
198
99
699
21927
55309
108375
179
88146
30
91
138748
72
95042
175
85462
223
162
180
30873
63
28867
20699
146
13683
101
73340
21262
34513
181
43945
101
224
104505
69017
56846
88383
101
31
153744
79432
26721
114201
241
31621
201
41
109890
267
182802
22518
86279
32
133
18
283
103
275
18
56
152142
104
54462
10
172
42729
221
73
110787
72
278
67199
130230
65839
1664
128263
95772
303
255
86130
296
67943
17428
249
4005
6656
10
72663
123
150338
1463
43626
21717
15
181
910
1
81674
266
27
179
69065
257
357
74301
145
4805
93
63258
113358
98441
95
46
11172
29427
29746
12643
38
270
268
81049
12467
3815
300
37738
5968
204
114374
52091
94144
80204
43361
131
2993
6291
259
26250
12
48841
28482
201
138039
30741
105676
243
122
127
69767
18341
9447
34
16719
27
748
70
102
102718
127596
109
540
187
99227
56735
9560
165488
154
3926
151
11685
34525
213
110043
24219
12955
36444
138363
241
118665
74454
245
111
227
23626
27029
211
188
109771
55780
36
7688
186811
150
40323
151
57
29117
89638
146
188568
728
6
65617
137
65
3048
60793
61807
63132
109
204
83994
2846
12798
36905
220
4726
2367
303
28200
5321
11983
3817
195
37003
49682
43910
32144
153
118063
109334
139
124462
89224
149
1041
2860
151308
22906
87425
20765
101785
96445
187
51030
2680
103157
155
115821
293
48
14627
279
105
93515
159
34016
168
108
257
55175
90909
292
277
113015
173735
86296
206
1
20
85135
120708
165
206
2408
49201
247
1
54
12474
14600
181
216
77715
109391
13853
107364
25
219
10419
158
3
252
56157
165
26
128444
89
53
5261
35573
3
196
3
138
33745
106896
40366
242
128405
59503
254
118081
130
14624
113703
64909
48633
187277
134
28235
54965
1597
49200
27380
13327
250
161
28
108
148
57613
209
263
218
47373
67
128
6
266
112
170
65132
99
164
21320
3
169
137760
1226
33896
41
216
39687
201
83709
221
1961
134880
258
251
17302
76860
7
197
54520
65921
136
39
219
783
120399
118
3161
39602
28086
2
110
72569
138
3843
166
62
10854
42
74085
19470
50542
23079
88962
20543
28461
27
325
187
75245
192
64762
29
2119
190
12662
66
245
42
66574
7248
41804
91
48
137936
20
245
178
25708
328
72
121
25
1
26
20520
122352
8390
57
28726
172515
134042
56763
12791
160
273
56627
111231
78
307
191159
112
204
43822
159207
326
74551
181
30
18961
86093
32408
17934
35781
240
10002
22839
146
20509
23001
165
122712
121
230
21761
2
31639
49445
50857
74079
112723
64301
190577
313
118
25
7
13070
35717
68803
62944
26045
70686
39848
29787
31569
71298
26435
129
194
103
135587
98
35731
196
54668
207
117
50814
29558
63
249
90838
160
139018
70
36365
8888
77328
161680
232
45649
45950
69213
105326
242
46823
121
251
164
66843
10863
104418
223
55486
70
140582
42687
170
15604
36925
238
1037
38888
149
13604
89
127
10887
198828
177
30
34156
23530
28414
1358
15
144913
124
275
151
60968
293
634
20492
3
123
227
183
276
23589
10
4816
228
190
96510
58
207
139
3776
82044
285
43809
60283
96
81968
49
139
96116
33537
64469
56043
177
10701
113816
127388
113
105
180
75250
43379
204
47
197
122
36
171973
184
36680
73
31795
3161
134330
259
72590
12
164
35604
108
112076
94886
88446
847
239
191
290
3
29161
3446
70
20232
43537
14408
4796
81
55
27468
14044
80
115
132
113421
138258
110475
43411
45
6
202758
3202
117767
2585
7126
53
155
5960
13274
215
88
88
178
1795
126
86391
3913
123568
67990
95
194922
54196
146
230
99
33
5044
298
21
59198
66
177886
28268
212
25465
258
1762
207
74946
79413
255
101677
16430
110926
198513
40
141
47
229
83365
79285
9
88495
67343
43
135
68
57
283
163375
51188
96
12377
75194
266
95
305
49579
312
42
2
226
256
49590
296
14720
74730
83
138
284
165302
21114
25004
49
165648
63498
108897
60253
163041
57
13105
10786
50927
176
33382
144
246
144073
58
35461
69348
184
85453
209
22
70630
120
304
18311
215
187
155
37830
85681
14
197
61325
8523
25422
82142
112993
53788
132
30489
87
212
14873
231
77947
22281
144737
574
76393
55185
89764
10465
12343
156388
2923
30748
49215
209
183
70890
151215
3706
58255
237
33861
141
22
92
185
153
122
280
116056
5107
113
7886
30082
65137
56089
209
23869
41461
25
227
85
357
42797
109021
160
206
2
116422
173
189
93057
187992
16051
21141
397
245
56
10482
166
1
508
15545
191
168
56356
11788
133
201
74750
166
81
57110
78417
177
256
220
245
84574
27
222
46413
189
55206
9685
200
68
48869
52428
82979
320
42243
165288
257
166
31242
73569
30552
12034
10610
212
39387
339
138
309
115
132590
202
2
2
19009
63605
50
4163
96823
9168
581
34388
251
120
80
259
21
280
127
13355
1
121528
1658
3264
113
160
10703
148
121
13587
180704
39684
40718
17512
183
163050
105
19759
152
23
106
37365
220
383
85898
38237
6104
135334
6574
61402
521
79
51
26509
5950
227
203
14376
206
172
92034
32
59453
175302
58
15517
99329
120358
47942
65
49391
286
204
115931
50
27797
283
99
935
5974
2834
16
22
3
139
37060
189
297
42518
227
315
237
53552
12031
35387
26432
54
23648
115421
19693
99
19
129
305
17047
51526
87
342
49960
46448
166252
99
120821
250
26
33
19923
100941
56530
69319
62387
79
161
245
8392
22146
1069
73
29705
180147
27
124
84578
44470
2052
112745
112124
44633
19022
41412
199
95885
63314
194
163
65
8637
335
252
108708
147
160
184018
21983
10609
61619
30630
124
117715
89
13596
61
19878
24519
147
206570
38
24
113
183
18231
3424
127201
117954
159990
122137
169
60
102316
101224
87637
37152
53699
79
41
127
4
58518
60
77612
22235
55
197
151027
152
31
21083
67526
57604
38
289
161
147
45480
1605
306
7096
23843
38
161
43
171
57
19760
221868
169970
250
64303
81766
312
167
141356
65373
3034
328
30470
95
4246
73046
241
57486
226
147588
164
12319
65850
199
36681
259
74659
31435
233
208
295
153790
119
45060
51470
19336
9258
92
76840
184549
112725
29750
116
55530
2
182
206
3
39957
156
2231
158980
25782
150
274
43628
4835
129365
8567
41304
275
73690
21068
181
71868
157099
28639
27386
85654
55562
33796
2533
40798
66
272
166
243
1487
9
127
111
100
47456
23644
17087
46897
11424
3670
94
20065
26019
198009
9181
118901
145
196434
5543
58738
79407
110
146867
5950
8842
135
19108
52962
4622
34928
220
9025
77652
8684
5
23221
231
18598
154
143228
88019
238
249
77181
91518
8313
32791
49581
48346
60
10626
126807
159
134379
410
167
21
189
101426
118921
192
176
20357
23
62068
150
103899
137
25504
311
126
248
188
237
86
74665
19092
81757
286
125
79
63
24
82
53286
33
197
41484
74872
170
184
160586
68297
82243
289
153
249
13
38170
14906
55
33354
15015
183311
93
63489
28999
114073
254
39
229
326
40719
65
18755
236
82
104389
48
8401
70725
87
82
17577
8280
310
154091
174
3
25
317
58505
136633
29
47
118458
28284
26
120
96
24025
18163
128904
86
5651
166922
2422
52459
148
178
77095
510
35321
29647
54709
71423
198
26978
35740
285
18462
108
45
68
276
298
76
19653
149552
71
12091
28006
169692
10146
29739
125453
120
37375
29150
34
35801
8840
75911
8474
153641
114
126776
205
84664
101
4172
20787
237
16063
103
56093
46940
96
72
44913
19524
110
88
36157
141
4215
10015
196
117
67098
138
154
301
114880
11585
4053
169
15965
47858
21
34316
6
22258
119427
26
6131
41629
105828
265
6
112396
110
13887
26427
147804
1
12506
13666
1595
185
858
120
1213
81
295
67
32989
219
13591
2209
75579
261
56
69952
19389
110472
410
116
43
40162
339
43
174
891
21806
27899
5490
124997
101
96
26617
32119
6820
73405
165220
213
32629
203
44858
310
27335
55
87
2206
233
2791
122159
210963
53927
4328
297
46412
81
156
149362
140
80
1831
225
142
2396
2426
17935
186
142
16021
12251
275
68210
192
108
75
13083
3571
80321
52559
150
90097
51898
243
23127
202
239
232
321
56
38950
3
86814
22909
19912
32931
2304
14179
3857
170
22
70
50483
37519
6187
53
39
83
228
32993
74
239
2324
39495
11936
127275
174
22
9316
59
77378
43825
186
263
87
279
35298
57
19524
106
258
43188
86067
28895
6798
113524
181263
16776
85932
58
42744
51
54635
27
126352
105455
144825
74
73925
109
219
7239
5449
380
42068
256
64323
27291
91
117
92
179
109
36
61128
131
56
220
278
211
6235
52
185
137533
85
90926
12038
217
40982
171
57016
746
11306
23020
184
59
125250
9
253
5892
209
231
11622
5514
18767
238
156
315
156671
29405
188
57409
12226
325
4410
8697
215
234
9678
54944
48
41
70505
29437
16804
151
7719
195
4688
24
71449
88
3
34433
37234
87857
54840
61
336
65587
40785
55
92
10863
122
28681
50838
40148
77457
141
138136
108429
142
1389
61
162039
7417
118992
126
189748
48
33446
5
57583
17
115236
7
8438
34140
135230
23706
15391
84769
46262
129083
148399
35
79101
1
91
96
158770
268
235
124
82
282
285
15
187
130
167
40
70646
13599
40559
30353
17005
141
29695
287
108485
9043
61113
275
7
5650
135781
67168
45215
229
103
9725
47
290
94
126637
127777
204
68
28
28
62903
249
135
27427
90
200
188
131067
72947
32580
7277
35048
137062
3339
15
161
11868
32084
156080
139
2979
87
66090
14331
13817
211
130
118
166
11969
322
117
79
112507
251
33337
3669
52995
43996
90908
90135
47189
55794
150963
44031
26109
216069
6648
14778
105190
207
125624
101374
55353
61459
302
169490
55326
92616
8616
163
224
269
67
191155
192
43763
185796
88
11517
43797
91142
160
73338
302
13729
8173
47898
81989
57121
1640
285
3022
15110
341
40667
269
81999
74893
107411
30721
52
223
285
1136
108
143617
288
206
202
12
172
165210
188
34
4928
57
60283
11081
79906
87615
320
208
45
65058
28
4133
73
25111
24949
22
44274
163588
150766
72
27
130288
157
10
102496
86637
107
134553
64349
284
26524
203
251
58481
23519
259
70160
2591
198
102
59259
234
261
36
40
334
147
236
91
93
4877
122
93124
79407
63089
86399
113
16671
3864
193
162
195531
5513
55823
53240
252
18582
120591
15095
53315
173
98
147
91
194
52324
106
273
19538
33310
99
87264
174
144
195
32811
28579
126877
130514
20578
85
128
16
46583
4333
7573
122
88759
221
83600
196
3117
122
445
43165
33
136
109
24909
582
56820
128
217
3
178839
39665
69
247
8141
201
55333
297
10
10
75
48201
95920
246
454
65069
158546
83
50136
36
11758
138804
67
34485
173615
15341
144
38513
14772
10313
65929
19671
252
212
117
46702
4317
99065
25109
227
1374
32483
5810
44791
8428
111
200
105511
37198
143
206
102871
116
24772
48869
1885
17
8
13327
21336
104
96342
1728
136
59
83541
50
38440
84892
42769
284
187
202
221
3273
13944
209
57887
2851
1973
219
61518
243
64
71
16288
133424
590
73702
65
325
3096
117
92770
209
15804
121
167333
63
348
12142
220
3
5236
40081
70
34
43162
112246
36811
27169
45644
28536
100
15499
203
26778
234
199
3
174
17681
52731
149
56571
245
20119
11
23260
47352
11117
12811
31236
317
299
194743
12659
6832
3471
30336
40183
54825
70827
75376
200
50199
4446
9
99
17
217792
86
21689
6664
54292
15016
4576
202
5297
13711
156
86
128
38869
335
34945
210
32604
94238
28710
117962
59
101
163874
25779
233
58340
3
274
144
99708
46
27
492
23530
2758
123991
245
52
228
210
31796
133245
189813
258
18716
67985
194
151264
288
3
89041
158
2935
61
47709
128
45349
149001
26299
273
24
97
107
49
291
264
216
265
121
138
273
78315
142571
287
55
41
95335
52575
30411
275
13245
157953
190
250
110183
83
12897
42770
215
20296
251
126
68
15738
31
89
201
5003
76157
50057
99
8
124
28815
12543
65604
69030
6
37199
135
52
98820
21955
132207
96015
215
52631
38
92504
138273
67437
76477
297
50
7722
84967
715
139
280
42
71
232
9473
6778
90101
72548
117
29369
27
25568
211
65014
52
71
26982
17473
24856
68
182
233
107438
21180
105186
216
173
35113
27418
98078
191
221
183
39
197
689
66406
16201
144970
150
23
58
2084
14688
44
71918
46
22495
94
34994
90
218
290
177
17073
184
83300
213
181
13814
288
42468
275
26298
69256
170
118
81
791
2240
346
56046
25706
347
146043
224
92387
58
33
95
169
150
196
136211
195
45507
73
35030
25
17777
631
48206
100358
36093
27594
197
23368
143243
142387
75205
106968
31
124868
64070
62
3752
125206
24
19
98
101
45
150136
89
14914
61
178
54
15471
8447
200
178
170
64510
83816
3916
129547
27933
197
29181
211
10
16953
99076
207
92421
167019
217
749
28550
186
105152
235
92371
253
236
102
123274
261
283
4935
131960
233
49115
52
85
201
103175
137
12
111
2568
215
158
229
109
128
19496
157
244
5377
57843
15029
9
63690
8136
274
66189
234
146
106621
81202
89933
88
3866
118598
3065
59
67130
229
7272
78133
55118
783
174
184
171
35803
24
9001
71
209149
253
36035
49
94453
289
21
36603
189
251
82339
110290
64
63415
143
23108
157
131373
131
130
168
156
36738
22
3
25604
73614
273
302
153
177
83
154
166
6872
229
115435
111
51
46925
212
117420
96860
16776
31295
12
7712
94651
27865
5585
241
111388
10
153
82628
72
10976
277
112861
195061
160
235
11285
182
40
167
6
105
37458
303
321
65945
19870
75332
12
73
70140
160
50210
77534
75167
193
23266
208
151157
61697
54678
11
135134
29904
122
83
1561
151
70614
263
12048
63200
203
154814
113
147
121
123998
123
9450
36467
93967
230
39
88348
154877
103052
109
19421
380
28
4
237
110900
101
61
158848
75265
21548
6704
164
160
172244
131
112674
193301
60735
96536
50
38124
53
150
47684
76079
71
25220
123
27285
126580
199
255
29337
12550
250
34
155753
22477
38904
43
165
103770
74141
28447
259
93223
134445
179
61452
46
157034
129
57747
219
25696
107
45799
58
134758
91
10
128
39661
21500
225800
3463
145
18240
199
16106
11558
118
93838
25107
18
273
8761
167802
58218
19080
19641
110710
151457
107135
184153
44778
453
3
311
182
15730
275
19777
72402
100299
190
74890
19423
71
145833
23944
180
13
98
48
180
74
79
103
131
35804
62714
173
138
67
263
96
113262
274
166
16832
208937
52
264
28
71530
213
151
137260
149
43
2826
52403
162
58
20978
29039
245
294
22132
76437
42259
70164
21009
68174
21555
48385
44874
30864
78967
230
165
698
108449
73
48
22913
122
291
107214
40146
85329
131
49072
78
40128
5216
214
68
83019
183
14961
73947
37563
100619
30546
32633
328
44973
214
97386
1447
120890
250
180518
80
1889
11262
212
306
151228
121394
87
269
187
42
147
57842
96
354
3431
27305
8570
154
54632
38112
126
38805
152549
97306
117524
78
413
94063
48894
200759
364
33623
158
116
265
3648
45
6325
41
164
10
41071
77874
158
74
253
31
4604
292
146
43777
291
248
571
795
4366
116025
24983
95
15
135
8086
11131
53908
211470
82
10
144439
36490
124200
87
172
321
6
322
157289
34
89
250
77
12335
3091
3973
45359
240
112252
17512
3296
237
79
175532
51368
34012
146
50278
44705
110
108
14995
75683
232
37889
30482
60813
204
3
36
61182
205
322
6166
33872
279
58667
1101
183
38488
73743
116
199544
148593
213
228
117463
88333
104055
279
1125
23401
6794
49601
49415
219
24
3
43
65670
13407
335
230
57109
886
237
119243
4
15049
21
142
288
155864
76311
112
148
120
133
275
205
233
74026
158
66769
104830
201
16686
99953
123
57
118604
94
68019
58
150
45187
77
62
224
2208
319
221
169
4162
48176
62486
139
61043
170
142049
93857
7611
164
33154
220
57
11639
165
22
264
78032
179
7372
43397
49114
55437
242
31913
275
4973
211
6844
145163
237
44318
165
147975
111140
49028
42
34
20
101
30869
242
60118
60830
40937
151
248
51104
95
319
55064
297
195
135
38303
192
8138
2492
93117
28947
147
255
102015
118
13721
173023
253
15345
83891
73694
35
54385
1804
55057
63563
102
9495
30182
7834
88
34
67911
265
128
37
108
71466
37
186
51
146
239
52219
32648
35652
113068
121
157914
51270
19479
55497
111
35185
161
194
99365
23284
3
14214
108851
126
55
22175
58368
124183
191015
207
105769
103380
19605
19872
88714
178
156708
218
5067
6616
119934
8565
30826
207
5
83118
63276
120021
51970
22207
156
217
126241
36
9605
40746
79859
118364
99
165
125
18490
69984
48245
55302
263
115
258
4110
116
14756
31109
289
138034
26
205597
104
48
8009
40007
41119
49711
11721
169
139
35255
291
37429
782
26784
88
32
24897
93
40
19105
261
40509
186
129775
43457
128
56
93
12443
3
55996
251
39039
214
66651
109
189
68242
69
44787
21883
122
293
34785
94435
175
143227
151
133
23055
205192
85501
63305
33
91450
83613
105
218
32
72974
8704
215
239
93551
24323
286
104
54
80587
188060
92509
201
59
138994
2739
2417
285
62
44
53233
71
99
105455
78743
131
178426
6147
90
136
22931
50234
15
246
11209
69849
4062
141670
185
18003
138
46
62
36230
140
43333
301
27329
80
229
9
108656
276
721
1200
145
125097
6870
290
165
1
61727
77510
3303
118
82803
53
116745
12741
293
110775
25502
195
204848
26817
147
139
15
1671
228
22
159508
44315
8
100257
206
27
103
41
51748
183
168
67310
227
28
48290
1460
176
45496
130176
6396
281
34538
12684
171020
58234
171
370
147888
63815
238
5684
12170
11365
26407
1892
288
9546
10795
114639
283
98683
108
17989
149
287
1705
42085
43
25351
51509
88
76
19
308
158
14
60814
120
40
283
44747
176276
6038
151221
16502
100602
14704
125
245
233
71017
196
135823
296
120
295
188
5563
5219
266
7936
20530
49513
9
5472
209
202
176
87
24612
21
58
77119
12
76774
177849
130769
123
1
94931
37269
59018
179956
99
84018
2444
82019
246
100305
213661
44
109
220
58088
10663
106686
15890
304
214
258
77357
16
6585
37603
13237
12132
134
264
31165
73726
12724
105700
1753
168178
292
95
65
7573
848
39395
31087
5608
119
102166
122
287
142
25130
79541
208
65
137
26
15979
69
28
182
13539
34123
45373
81649
18
97
106064
49
317
160
3718
4462
90394
306
231
68095
93
107
226
74
25841
260
14139
38
95
65379
13242
97130
72
279
106765
162065
193
35947
32769
26093
250
15
51
7793
212
51108
92835
10088
63459
193
170779
46
16169
78
32961
1625
80386
249
352
16808
273
60910
62
86
136488
12560
222191
5
100
44798
5227
34334
141
16705
134566
41108
74
70938
233
79
96
49
79
280
37
6
34418
223
77
57532
222
7079
71
110
8688
19
153
96
47
70040
51
128050
33292
30469
293
10
59486
12180
10048
22634
125278
168313
76
48419
33611
177
16713
168
232
37793
6603
154260
27686
101248
53549
19
6
36
70138
11527
241
95478
91447
233
145
5826
204822
1303
24986
16877
6029
148219
184
119134
78121
13
252
22358
100266
6
219
308
49
138853
37800
85534
3290
197
307
298
136920
60
6
227
34
3479
168
52222
216
64629
160516
278
179
25910
207
86516
526
7091
348
109
11035
27371
777
8593
66
170
207
145705
1
259
102
86422
32203
256
81
282
74046
28267
201
174
109
303
189638
57750
47690
1828
50929
139
175
46
189131
306
244
217
1724
93
175
69515
168
118960
116
36
143
77277
108
38187
45724
342
107025
94907
78072
98
203
257
203
100957
23
286
52
6
261
16567
48420
93739
258
72
207
190
124866
66
60508
9042
86393
55338
42382
160
90
107899
84
265
126768
35045
70643
188
976
51148
81
251
138098
86670
299
115
293
42424
148
186
121
8445
203
69590
45526
29655
45680
101484
70258
36168
162
190808
120
910
24
53597
37
125
136
290
85389
131688
22465
119298
11872
217
3
7
110774
55
193
46519
330
59
6615
307
109
26277
242
40670
243
58911
12098
133565
154
27810
163
161
7171
538
10
323
152256
115
59
41145
121004
164398
150809
230
3
1019
44572
83539
183
251
69
175686
108593
11320
217
80939
64636
57223
8862
124890
22793
292
14
152
103
46750
67357
134
46135
57932
69
37190
66
69568
403
159143
62
72761
169011
117763
92571
269
100785
3
160
23746
31264
60251
72371
95
171
91506
225
49
96155
207
37
7359
4213
59211
138
57
116381
1520
261
36340
117159
213
188
34
180
171
7755
39702
11878
294
200976
7
25245
98
124380
54698
19572
234
2133
230
51542
165689
166
88307
44766
45674
77160
145
83604
8635
136
1004
117854
90845
5751
6
52
13233
304
251
42309
16355
310
125273
6484
7029
136
208
22445
5396
134714
1063
29124
4743
173
225
131913
160915
189
111
62817
12699
4872
37127
34558
22509
223
15
98237
57559
185608
30417
47215
168
49
21064
210
39
115331
93336
94
267
172
93
37956
55
10775
3027
227
87229
21927
45134
149
95
255
213
30
359
40642
202
124281
106306
1023
99974
47201
167
264
6032
99
268
144231
71
108
71819
8525
9655
97105
136
25
12967
3958
309
8165
248
68510
100943
7
101290
19
303
242
198
16574
54839
235949
45724
47709
184
96655
42280
37227
145860
26320
30093
200684
337
80
5
86532
131696
27492
8115
15112
59
68423
100069
12218
23783
5665
1246
84342
221
14165
79883
7129
159035
25845
144496
280
226
12
282
37851
49194
223
78
54679
17
105015
246
169
28206
8728
83
26680
90517
160174
31
205
1
39002
171221
332
26272
5801
505
276
26341
49708
149
83754
96209
94
84631
235
19131
11228
127
67818
140
16494
144623
7654
9
50521
23205
225
52208
120
18944
170
106
330
3035
88
201
221
111
65076
33243
241
13087
172
76807
14407
26377
318
48313
123
47467
105611
173670
11
122915
325
29680
83978
5163
53
22857
312
199
11863
152
193549
98449
49
192
33417
77
47
187
55173
275
187549
231
35709
161
99192
15330
121120
33412
191
146376
261
25584
15856
53043
143
102
147556
21634
6430
14698
302
47988
80532
16811
15076
205
74
32674
331
128312
117
198
51791
35892
64
122
214
173
3238
17420
3864
170218
411
108062
205
227
146
14353
14726
109
125570
200
143341
34039
5184
99812
20283
193
109
52
102632
13732
157
23008
7
167
13121
186
2424
58102
98113
299
196940
762
83
13612
40346
114
25878
5896
222
228
364
141
70997
21390
26831
26373
18490
58
46237
19519
81924
1
33
30612
28706
15706
179184
1744
149
2147
162
45249
195347
69046
3
27991
1290
68557
171
27
101
153
233
39743
210
174
175
26169
127608
187
23248
98498
183256
91
10102
365
5682
29261
221
65411
41867
274
84475
48
83565
52998
60011
101352
25847
32677
10186
83560
59784
87884
254
5706
10160
40988
53758
11756
155
1
119
88
7457
256
13
79154
13658
14358
62599
40284
68
35
69281
271
77247
213
97
36804
108
534
66681
35453
86252
170
87796
1448
310
251
65041
181886
790
15
147149
115
29397
16119
201
195
35914
223
48796
104
1
66820
132487
165
234
124
173
42829
24
269
138836
10
9423
145438
9198
166
4532
26587
151
19
69
101839
41696
12345
28056
84
341
54374
163756
24216
195
21708
159078
39
55648
35
274
47827
44675
14685
66
122
182
111741
15576
46977
571
15158
158
34861
157347
189
153
203
110
53182
1401
185745
204
18392
171
9341
118
2934
93
98465
38
102
89666
4
35630
26918
15308
51387
163918
8565
287
36882
172
33492
22973
174
192
220
23390
101939
21534
41197
221
200
67350
4803
71843
127585
287
243
82
24257
81880
159
100097
266
323
213
55722
5
81926
93
18726
20186
61672
164
32773
32560
113
286
5032
3278
213540
24
73542
40157
149739
29602
7859
99820
26843
32982
44
137694
10197
49
63620
261
228
8837
26
98895
71217
23077
162623
32753
102
194
53555
77
70159
71609
11
90
178
211
216418
138
87560
16580
1
130343
6218
60184
38694
123
90
35187
19626
154
254
21527
199
140
28289
23186
17
55425
8562
84338
42095
164
159
79
24896
147
20
28405
140
112
126
11
26241
200
127022
217
44700
3269
167
38
287
13665
15536
1548
27179
21962
5
78041
134
208
38536
5612
73671
293
214
194
74369
111
62
78
179
18608
51
8858
66167
93
66869
104022
89730
18
7796
7256
27
127
68962
45264
81
189000
106
170007
58348
258
33846
154
74365
185
87
65510
39014
1222
87766
4294
50660
154774
3
35
26504
52
24
66905
20152
176028
46
18769
164
156875
42542
45030
140078
4279
32168
272
158
7084
72848
46
205
14551
85
221
215
33
23251
145781
81650
89
28641
182
39461
220
66424
271
164282
17289
123
181154
137929
1976
51
275
18513
177130
53
223
52908
142
154120
40065
126353
20941
56369
120402
23223
302
4828
26084
59
50
18874
65
135
77
65921
13556
320
76702
2303
29088
106527
108
46006
287
29
262
59479
79795
139218
150323
240
54679
19017
243
170058
214
18852
250
111
48589
38850
81761
324
61285
179018
260
323
28
168
66
163934
9
47341
5642
92694
92125
240
83110
19737
341
139621
19675
75570
1
75885
24
321
13577
86952
71595
42
254
116040
3613
298
6
102
285
6344
82
228309
101070
34136
153384
2056
205
64083
158
3
20772
34040
85263
45
59
167939
6726
216
194
248
54108
90
176
246
66891
44500
351
67
104
297
56996
10133
38269
140599
52
122753
11277
114695
892
28541
229
742
91243
5825
5282
11946
134
235
83152
46
70583
40276
3
24717
138
91439
124521
94868
218
2031
20665
179
327
119
21285
274
77379
21902
22052
221955
12449
34
153
9962
38428
58
145
38243
219
92
101769
8339
112
108
118163
247
194
20259
260
92
10276
169771
239
260
285
196295
252
6
161
84564
136078
16118
93255
340
173
10237
154304
128352
102
46
44947
60
100056
102453
34737
54634
23549
74
62656
21123
250
229
62396
195
36926
91
28
113
482
13600
55
1576
167529
28339
16
48535
7873
8247
77
327
66708
67186
165951
32034
308
6
5153
56910
100
265
131316
98
175
75499
192930
42496
109497
95401
113047
192
138
30361
38034
17459
1
97
37
48694
33162
169152
81
11
10992
214
82312
61809
239
20677
14
17365
49
88152
107784
290
119173
68
128
35
14
133045
21696
137
30879
70
45
214
272
103734
159231
61513
247
130541
67194
55125
44850
79
3581
229
239
137202
15616
179
193
72459
25859
281
15
39890
227690
117
77
32
18
67063
197
3550
96273
253
287
349
39136
67
10
18852
2899
295
34423
73852
226464
112
211
262
50
85757
28
214
51291
193
31
181
34108
270
61530
17892
212
305
68274
73416
47355
106146
167
56
2
121600
5106
32
193904
40441
139
202
80174
15
40
191
80333
83499
113
24
51628
289
77
93931
32137
101345
19148
96
203856
126083
289
126
3631
103720
169
19246
181
189227
241
236
77546
210
3368
103
235
19
24631
7406
53536
87617
13087
17025
245
121
47102
238
288
119
31241
32510
105522
5725
186
31240
34506
16228
91246
16437
62
12894
26
55
28010
1523
122
277
251
226
36173
17714
145
150421
24
9694
42135
156
12
72091
67332
23983
23811
109795
93642
378
20356
243
13874
235
147
173374
30420
20203
66168
21869
17186
102
127754
77
86323
1755
195
4838
126
135
38786
108
133
3
42101
91094
67501
69
69708
22063
152556
40008
347
162
4853
155797
58
120437
185
83
83169
208
64002
42616
9896
375
18426
53531
267
23034
103430
82017
137
108
163
45928
31
70
6309
25685
10774
34
85
66301
23723
13858
170
114
169
212
16
14500
35797
215955
81173
78
167
56
11022
6
307
1570
6364
115
159996
12
140357
39264
158271
30152
48911
122
36173
130370
254
368
45
53039
159922
11801
4
2854
49409
25645
101309
91
187554
124
69
44
52
198
44765
8999
313
217535
66031
9321
179
269
55866
22503
3
152
98487
17157
171
97069
198
170239
72178
104
10042
27386
20970
42430
127746
153142
72815
20261
90566
53474
27225
132850
73144
105803
29387
66732
27947
252
38291
11
335
74846
232
9366
147514
59
8658
4712
350
260
205
190600
123
26309
1791
83
181
12522
42855
61565
31775
1
19938
16
244
12985
269
97
24555
126
557
179647
201
12101
19677
799
34347
98
175
103
2785
54726
70852
59614
33
104
112
33441
5763
273
64414
51009
37238
187
3182
116
17483
116291
49527
115
31153
117716
330
226
210
150
136
5945
93
20
80
137
229
128
181
5263
23741
159
17593
69811
7917
217
199
40
54823
2037
41953
112
195
20
202
97
84
11850
136004
217
8
229
32873
44085
3988
178
5328
141
24
115185
7582
301
3480
3018
69528
253
139863
41795
18
69810
71456
22971
30386
276
1715
40113
215
177
3802
87396
195114
110
153
144445
174206
215
17
226
73
101011
41963
154
202
219
105238
179
266
26330
33725
32948
82786
13
152
37588
138
25968
215
46749
127
161552
82
121
23710
265
5842
171
19582
50281
288
65382
75450
175
146
113
72
168375
25
3770
292
72901
83324
21327
112235
253
1504
46498
188
14018
42356
244
122186
35404
144708
79069
145
20455
4240
116316
164
161
62335
14579
4
5351
117803
101360
13755
35121
79
8
167923
27931
14219
19600
174
189
100539
7916
15
195
35580
124266
16132
13117
279
225
38388
18025
80
128
60282
97118
53
117949
2614
323
164
43
8485
90176
103834
106
59
80161
64613
44
85988
11869
189292
35360
70
18369
38466
105334
140211
62
289
10337
48420
260
212
62
132
1338
537
4915
72463
33519
15752
130828
76550
109
111071
51014
197891
156121
268
15580
58194
37810
74180
85432
19
127214
329
5859
64192
28
53317
240
142
146413
53335
923
853
80
205
23934
3104
92577
81358
194400
233
36045
267
184745
20122
109
69776
485
75634
72090
273
83718
79987
136
37426
40476
117582
145
72370
146046
68
129
6575
41236
43483
28154
163
16165
140
100545
27547
41114
87
143
89565
148
53421
289
213050
102
122358
84590
2416
201
116762
25
70
11760
25811
65576
111
7415
2422
347
29
113
14215
43174
137
41
83
303
95
103
122
72181
176
141
80677
118156
37521
11620
24042
58700
153
159
188915
144756
86561
37756
169667
142594
304
5774
216
273
213296
280
162714
149428
82
87865
75267
169730
163790
133135
8
47
34692
62566
2099
305
29060
1251
54
104
83
21679
53
105637
220
80278
99896
203
4039
161414
300
22134
259
192
336
9375
202200
93140
13613
54439
260
54255
129
33645
84
6
145
272
141014
216
1
3463
150073
1
12319
45
15381
25
2492
190
19788
76
82698
64
236
4600
364
298
66869
30449
329
3177
111739
25243
393
59
224
309
197
50937
1173
266
61569
97409
152
13977
11646
4179
75428
141945
80145
366
163695
32156
161747
176660
16967
53687
31349
60
311
4633
66
5696
81786
110570
272
147
149
8956
57
2860
281
28939
258
4363
26867
133823
1183
79
64
30389
151777
148359
240
257
162
41148
11102
140
109785
31
108039
47502
224
82583
207249
18112
151
41425
128245
122
20777
13548
313
75
134415
10117
50920
125
12414
71477
130142
183
60640
49153
177
177506
18
4163
20459
55126
40269
210
192
135721
166030
133940
306
152
13286
104
7924
777
71556
71
43863
236
299
211
24768
27416
59
88840
120593
102234
288
167
5897
297
2621
134921
186
260
13308
19449
152
39
154
212
184
1088
31928
54040
696
64434
95565
179
4
24
271
51205
303
182003
11630
40833
261
183
152
23670
41504
51581
107
189
98079
62
92
116
70625
3
52961
51505
246
225
109290
121
131
45540
48653
15
61
56
14
14
6626
78
124678
112805
49458
104
28
154
3
110267
184
268
25
182870
290
91435
43
59
2811
231
213
23372
17
28
20167
11668
177412
116
44
11972
40
112
117
58573
14534
145
2285
14198
102193
70332
223493
10878
203
60836
12944
7658
143405
93
8
63531
6801
13
96474
108
55729
2197
181
56
23587
236
213
52
167
139
106
229
169
83716
3274
15322
213
37053
12
277
91
119
90
94
31946
14156
46853
77
247
4310
186
381
8081
82
210
212
101
286
1881
72798
153
1234
250
4
54018
3
158
118340
264
152
18825
88
8638
181048
47962
7000
110
105
37992
52284
1
12
51
120
91166
8421
71963
93896
21137
207
320
54697
11
59353
20924
32
169322
161142
51307
77339
161640
1
301
4
100801
178704
16216
74521
82686
100195
53036
112
174201
83
71
203
125229
26567
115
606
2305
91
83
4
69187
44819
82689
31
105
175
16891
252
3912
3883
32521
7644
235
106335
136
102947
124
27544
186
178856
70350
18776
231
300
1
65770
84
82639
103
24469
50104
20368
26840
9461
40903
61429
2701
187797
38
60233
5675
395
24447
212
35
71
10
167
16776
26729
326
96
38
13107
41064
19973
200
38178
25385
76315
27330
18
257
2
215054
106274
34834
218
83
140
26357
40
31217
76
3677
123
870
71993
36
160
40
34117
184637
222
169
216335
95353
178509
298
290
191
26225
103
16080
11415
95
934
37357
180
97473
33563
270
10
246
54090
135
167
22062
32367
163
14177
56761
77897
16
122762
121054
126
54
64
51
88044
162
227
46820
18926
292
156
43350
22134
1385
16
8553
149644
36358
61664
12025
89
22700
130051
31614
64251
176
260
35392
69799
190
15581
115291
65781
27648
29509
200
64
139120
10
4760
265
4
176
27436
105572
37076
87403
318
56674
3
13681
143
5774
323
145
107
4301
111488
61368
24
31
266
104498
97616
230
99
88
140744
249
189
27121
95
72256
226
275
143
10
70337
160
1597
167
48
123
6
185
5577
11705
60807
126419
17471
115588
81
43718
200
5852
135764
251
29821
87
73467
32482
7985
63
3
192
16727
147
169
92291
18646
240
3645
67994
16
92657
29117
72445
108011
102
159303
42
53001
25884
4
160
30122
21
44492
191484
161
46
13355
11759
14249
182485
80669
66
112
21107
27742
53
58138
40631
7702
149
95767
6
23717
305
267
48592
264
83
151599
230
176166
115
243
47083
87716
221
154
384
258
125
225
9267
34697
4
140
327
296
24
86
164
3
309
237
174
127665
105
232
33387
10
38
44279
64317
77504
72092
11
21694
1
174
25670
3850
222
58902
96948
30751
58922
47781
59757
21557
57580
175
48991
97588
324
215
73840
54786
162
113412
43
6
148076
224
98591
129564
246
1083
197
9
5910
174
118384
234
43698
103
144342
9555
67985
123
288
22349
14537
135
222
177
63
240
18
221840
46
2595
146
8996
59
86676
85
159
164
9362
5833
66303
103380
43426
169
48896
34096
133982
244
14191
51411
46331
53
270
20539
213
308
300
102324
31295
214588
5
52621
250
232
10664
33
134
53415
21
129231
169915
86
227
10918
87772
774
106
2185
105423
5539
11
317
3
56219
48
258
30
33617
141
13547
66752
1745
202
27237
151
108804
100629
225
100
5514
80
69321
97
27
287
106
101
22442
369
20
63307
41636
114
63
50375
118
235
78
83723
20797
22673
95
95096
1582
211007
19434
92180
27
10587
48850
244
174
108213
57
26
4097
64392
179
7
47809
122
30748
190
30229
218
27717
421
70591
171
58559
46529
183437
47692
139
9528
5530
50
84740
40441
40363
15
141
136982
66659
185935
6961
17766
179578
9
76186
14
110210
110515
173
121
85932
42047
64
20739
46933
28
49
623
115494
102
101
12011
57
36950
26
5559
6
143
230
44
45467
269
121916
39
115
126549
13760
66682
44690
9454
43067
220
112
91
20695
26291
29973
153188
81
91
202
155
182
40792
46766
208
72552
160
22991
21330
174
196
96960
15
144731
158942
267
107995
1909
52851
29573
232
33698
328
12873
136
5884
55736
21764
174
5760
126
40291
11
177445
25879
38674
237
18503
28814
48
98659
7059
99642
158
123
50123
184075
5
12573
172
195
377
33924
88257
2224
117459
142334
26
14
152
68
26053
108482
162374
87663
12484
111
184634
59
70728
110
43627
131023
1827
18686
88546
15753
47212
155
234
151
31
21610
56593
34312
20
90
6986
25
95795
33230
185
31999
16
24019
131
148716
168
70
122784
136
298
220
54039
107128
50994
8025
35579
4687
106097
55
9007
67
5190
88120
169
26368
29
37196
32190
167
71827
347
52
389
226
262
105
49
90427
58
14687
207
86
102951
224
47833
11577
10467
10853
27443
63561
157463
4860
295
39
62
910
159236
121603
162595
47
177763
496
211
215
182738
19417
10
102644
33
271
129
154
84
287
33794
28156
21040
202
39892
24
48
30235
226
194
2200
142137
97833
106224
15999
16637
232
74
91652
851
50744
16466
157115
288
30
89502
302
124950
282
26504
169692
12
5
39
14748
34745
57
1464
24
19271
22931
15
179193
30569
66861
42591
290
170095
17
104
6237
187
74
2058
566
45060
190668
25317
102
1477
52956
2238
15
167
83614
128
42623
40303
54673
25999
352
177
122304
65766
117
141477
282
26557
211
149
34
36
88947
39231
2026
133
8931
38
30422
139
21
97
93445
57
143
18309
26352
114605
12852
196
247
9953
145
155555
87443
112
22
178
67136
142219
32249
365
29205
205130
72
37757
201
161294
2311
27819
121
133
151219
79618
3
18334
87820
38370
64
52847
278
64
5
130079
113207
136
186
21049
6
60908
1
215
121353
7396
259
159
13736
39403
2057
62663
5854
17807
254
24018
223171
56745
52098
186
188
11804
188
110788
324
7398
61370
194194
292
24
39886
261
96
208
16560
1
106
80
105
34
13058
21779
259
106
165993
67641
125
9594
216
89023
25130
7572
54963
164
41
13194
299
45673
33684
93
3271
43674
188
3422
123
108
83788
207
140
186
17505
51
208918
165
213
165
89
175
137
90046
251
20665
100738
138
206
437
6614
279
79196
97
118
63
45635
78
29858
20923
173
218
264
54368
266
58403
129593
18922
138124
192
34626
253
71729
127
107
3
17289
59
322
17743
342
12
87
11251
128
28148
137196
154
115831
1154
114432
69
274
2502
70
407
60673
204
262
167
226
7971
91706
42524
47906
32965
128
10528
154204
5586
8651
7704
7651
139507
220
2126
97616
308
116519
54
83
42
74199
57165
276
82420
22161
36
101771
35246
215
88
211813
1154
24882
151
112360
244
324
12680
6
19961
22595
2410
74922
7
69804
1469
231
88604
167
232
11
99512
38
573
2751
97
3200
255
20
126
133
221
38945
137
26567
60
9932
56
283
66
83
15844
128294
110
144216
264
174
77
267
108115
48
155540
107517
18398
117
80905
160973
706
43294
112
95
186
3728
786
7048
20
267
45
182
29
29526
9
4087
96149
321
196187
18627
147
191
62570
14714
24217
220
16818
246
50
229
175
22348
26697
224
878
88333
16
54575
225
41756
10
11905
212
1894
11041
158
39998
155
6517
164
116
171
28
12608
14
14836
16925
37476
167
305
19126
54584
154
91971
72627
181530
32403
298
167942
76443
4524
31
126
134826
80481
31608
318
149
340
199
3928
251
4830
17250
2427
573
62387
14164
201
33636
137017
145266
100
21
171
263
176
47558
1866
42
54
19680
50114
145
165
17214
33225
88080
99
100044
106887
139077
31533
170
90
81471
218486
329
196
239
183
60
20081
186
15
295
165
56389
4471
145
22832
97
49
276
47441
275
52299
22215
242
48605
41284
3194
112477
172472
152
289
80169
4
4
123491
141
153730
26569
114
86204
24198
39375
44030
274
56567
93
250
46192
53326
38658
190
139879
13993
119849
249
195
131
233
47979
15782
99
20668
245
356
66324
135341
42
52176
158
55820
55
59967
17454
24851
147631
165
14152
12928
4376
209
34283
48625
15121
8
23899
116
76464
33
21217
73
194
16269
109382
15712
278
292
2094
49420
21
137671
173
105
36351
185742
13195
123
33053
10974
12
223
115
10247
70
55
5430
49697
77120
56
36698
16
15
156
91479
222
217
74
155034
285
5027
59599
23049
41596
16489
154928
85363
234
188378
312
311
161
17299
30
198
72252
42050
33475
25956
30019
169
31619
24048
118
181
91
58039
78893
40578
65558
101893
24429
80
85437
131566
166
21
174
53
65554
69526
50136
31
1752
4737
193
305
112402
96997
88
11040
33407
713
426
9824
171
74224
108
23642
124197
129
86343
15280
39562
251
82
235
197
26422
213
179905
2
55
138
115
51815
2
106865
183
55470
26312
22673
233
51966
34
97948
40636
24582
35305
103284
87
203
16583
128022
18020
80
142828
129
119362
66325
155
130822
21097
78940
230
221
206
3506
141
65
38680
79466
150
165711
124546
179605
4858
47
262
180
112
205
35
198
25326
12962
3252
53807
160190
115123
121857
86587
282
5723
148107
41410
20275
251
2711
179
6886
110
75974
31848
4420
124486
98162
77
53721
268
280
185260
19
79736
178762
220
23933
140
120
19999
108826
89
472
111
17186
117135
157
35277
217
574
206
180
137551
41404
73016
80495
60156
143578
343
289
241
96
56745
16673
3212
31427
160
108
72044
131
100
230
10
213
336
306
8904
37741
49439
3
153013
175
5353
125
53
10494
61913
181
20973
6
6
152
70
173
152032
56152
89
177
6256
963
208
198
163
120
176
94
237
4034
162923
4151
42
24813
66765
72
10152
164651
197
165
38317
25
17703
114
20808
55206
179862
296
1871
51435
160569
10
111998
66
2054
42081
268
3
30933
103657
123
53714
58242
282
78
54085
81820
125649
25813
63561
19673
185
53386
19101
52218
188
125195
263
329
2447
30
56
6996
8610
236
40619
126
86426
21
65
186
135
78
64950
202
37819
24788
65192
71129
46735
18540
64065
89019
292
173
18575
9925
36496
257
297
156
114940
177
134
19544
88
234
24190
50229
38479
81
210855
29477
73962
123679
3259
21372
1184
204
107513
212
201
14394
116386
235
314
146246
54
185
52
2977
217169
104236
5
70186
131
155
36109
187733
165
18798
162
26182
28588
24267
293
300
48376
295
10
255
84830
20786
93
30162
104132
161
185
333
27567
253
114841
47357
199934
11822
299
195572
26562
87554
10
6
166
47
88231
269
42810
14837
80428
362
16603
302
80565
20
54
196
13436
285
6586
122
18998
64305
14093
10
174
130127
80012
72840
270
126099
332
224
71
63197
76833
193087
27
31390
55
106480
53233
339
28204
21
167
11879
28
131189
59929
73342
188627
97264
55
212
3
35860
106492
153
69419
275
117882
20
101188
281
207
12244
80
12531
19546
16
239
230
218
44930
89
22022
194
105
273
144856
3
141
141
53
56
9813
5922
25555
49451
181
122
168
11
20
308
1285
294
93469
129
66
120447
542
140
2413
167
259
72
30004
65048
10
7995
86223
234327
269
156106
51183
315
106456
234
129618
6807
27989
122433
275
59
28
237
12909
155
58954
13509
203
51221
116900
1399
31235
3537
5997
41
258
43
22093
88
21
172
37634
19931
23868
251
8
47969
46137
62365
320
160
88
31475
133217
70
175321
188
16
178946
24
89
94537
34
125834
15947
206
9447
313
64
188
28
331
878
3675
15199
87
41
564
149
255
19849
297
23012
32
52966
63968
1909
238
317
13
27764
100
44
142138
107595
40223
206935
241
2850
250
62196
30248
52898
82957
51277
207
124
54945
2829
106
76310
1
40653
225
35
76
337
12411
11421
62818
136824
16802
142
4390
259
98858
293
8
149451
45703
111491
159892
20
18263
33976
48900
54
85
164
145
126454
48
32081
121885
22197
19
269
75135
317
51813
159
30276
10
5
234
111
144074
61
1733
18037
150
12258
130
34
155
224347
185
248
199
79451
8902
14779
386
203578
21855
12318
81
259
215
158
193
51010
110659
223
144806
103
32786
64367
279
186
1
43309
61
37218
108048
13
154523
3670
153
149
94254
37
6438
5020
173884
59814
155
146260
167532
29783
72527
72537
7667
198
9328
136
216
111196
68
181
69
19220
172
310
70
108
112
12778
47187
38612
15256
59870
102
251
127
50
232
95
64886
2596
42238
102341
268
52324
51171
138221
315
202
60041
97
257
67
8854
35417
104288
25224
36567
7007
303
10
229
212
51523
20573
38499
9
163866
104
132664
222
67034
17771
94011
5974
259
26528
22
239
86
6302
11439
50
23571
69536
24
12571
1
3
46
10452
100893
73466
108433
13549
40886
21688
188
2688
154
4255
68950
192
86972
74
130
48
132
100019
149
17578
7014
52
174033
80
4498
256
23224
77478
75049
21
145
178232
50416
381
69922
192
64123
74969
26977
39
97512
38815
22
227
72043
269
120
13823
111792
164
63141
197
57
96845
6472
56775
14725
18036
250
276
23
33
35293
46
29025
190
60125
102
289
130
71
67812
10
159
27717
180224
54
17404
15650
102
110
10
131819
147
75
122387
150
62
84
123227
56145
218
181
61777
125832
6353
81890
5441
113020
201
144863
172
101142
6
20897
13526
180063
271
117983
105827
73156
90
296
100
16414
114824
4446
157587
102
275
30263
60725
120
5362
15269
38521
74637
222995
14139
6279
91222
96
4253
128572
75344
33099
153755
232
106675
227
60
25479
66
223
40501
179
165
184588
172713
7174
76191
452
18861
314
269
89473
203
18827
77
115894
27
286
276
260
297
62641
108252
76568
7343
111
103
171205
41716
134267
138558
122
43
102
236326
43245
90682
102565
110028
42521
174428
187
51
11071
15626
2337
202166
160
118965
271
272
271
162
49272
80214
101448
131
3
3408
188
92
15804
80108
52927
63033
275
24109
69954
31
81
1768
137980
236
174717
110
7617
43576
42501
8363
237
357
100056
45483
96194
1584
170
40
160111
40367
35138
171
222
36377
110851
99272
39
215
25
40
39053
45514
168673
7563
30712
304
72773
30083
80
27
6858
6301
3
161
13406
265
23
446
79
4
6204
171789
305
169479
5056
230
72087
121689
31768
2738
179432
228
51
86030
89000
15
108690
178
162
162
202472
15208
8768
126
18
216
152
45
208
6
76788
69987
53334
191
51719
101543
113109
83
14255
56
33
37
32116
99781
346
5669
5833
285
33635
224
65670
120648
69493
35053
1383
41685
127
156
4222
12800
104
124659
21130
254
197
79994
124
38977
170
149613
7203
163
118
50
57
6015
48597
18
87588
19687
7066
222
239
24973
103670
19840
81
19937
192
92
122
74
46
179
105937
117
118
316
187661
490
195991
9619
80
283
223
2
3
140
210
168643
31069
215407
39
77039
11996
148
30
154
116
129362
257
16
67986
57186
13179
13
8206
169
109846
76
67823
213
75170
230
222192
166
19376
94390
17472
2676
48963
33
210
103
506
152509
43
36817
31682
40128
193
96000
314
56
663
102528
6574
217
123
149
38
160
2953
1027
109
43386
196
12946
35
176
280
27083
32692
139
290
140
243
3260
253
9887
9509
60
104960
189227
147
48904
108
21678
32
11623
193
24028
51175
278
49378
66
111
210
131
28
55
162
219
90
24106
17510
28681
39
74431
220
52
130
262
24
67129
338
15954
73
42
3447
12680
140139
799
192
149967
81949
255
58526
17422
29089
9107
59918
77
72
6663
8442
102526
281
170713
91981
143
160406
33421
268
195803
45458
114
3413
63262
43
4582
87
1098
251
17036
64
179
182460
12
167110
15
39326
897
30
706
209
216
134
133556
3529
31489
102
22005
81641
155
72267
259
29653
78806
177
14
168
51995
946
171
152
28339
36
64955
360
18953
54469
183
103484
7688
74065
41
814
16560
19
7648
8492
83437
94346
22659
236
52420
202
127869
124943
40
112
122364
85762
95
67
83742
4153
192
101399
69850
16647
46109
139
144402
60865
168
16441
26027
309
69
147
1383
76459
55246
16492
17934
68090
99331
69
32698
26
134
125146
190577
197523
188
81523
93777
57106
3
237
52422
15663
49490
11837
3
55059
193
191341
1
24627
69690
83
36388
39
32215
220
13579
179
120
81
116270
33946
269
32382
2
43150
14664
38600
6517
69950
306
216
219
48294
60865
161110
156
142511
293
24383
213
289
200
263
155
219
29549
32666
193
109159
64
163
10
121
83
90898
87834
55451
142912
119892
202002
305
64
118
3438
252
91165
141
99882
81192
20150
176
130
260
13232
42736
50
19069
72450
144346
123718
68
42826
25
86
40618
58765
77069
13120
148
3658
73769
5832
1409
257
293
116198
6
108171
184
156942
13
133
219821
34835
81
98778
103540
20
21
192511
203
131662
59399
86353
300
32
6890
81566
5915
182
166764
257
1545
16655
20505
285
74462
281
14152
78
15
166559
97
43792
40008
148
173
77
36764
9
88
34907
206843
32
208
9708
44743
103099
193171
33131
1
99678
48767
257
3582
6488
165
138
19609
13620
169
44728
64950
176
60
148356
47984
154
241
28343
54
36
5310
221
31851
64681
64562
201
52
71622
5894
274
164469
320
19748
264
147
115003
4868
186
57279
2565
78226
134
133
96865
118
99
22039
112
50678
3
27965
129649
42
156
313
3
177
47346
16111
156107
158
138778
231
123446
112391
39807
114768
6092
50084
9004
15
6
9686
232
160
26
8
55104
85
215
49
96183
224
53
90977
78
58
21522
9146
11057
162
83437
230
10
59281
38642
42
115631
81
82230
272
28425
9115
13827
46
12668
148
44
61665
79
139
244
217
105986
99331
15074
9460
32479
49
226063
38
16671
189978
133
39
74727
64649
55761
152
23343
21806
43771
20045
296
2077
299
1
191214
349
135934
167
158
2136
140
82909
24912
21688
95
15618
62769
194
228
35181
249
133
45
243
18621
287
45
16
12337
235
125
76726
42623
51741
87
50
159
4881
147305
110
77517
287
52
213
1287
112
7592
3576
46
138840
3
48
9946
6028
37298
66
207
49881
72
29097
180
7014
238
213
42625
12164
70691
150
159
6
293
78538
75
223
1298
141
62932
7113
6469
51689
14239
100459
220
289
123
212
101
97344
89996
2162
242
120
280
9
31756
379
259
103788
124
33026
158475
29025
80220
8830
52
82930
105
42
164926
328
51529
1569
199737
73145
142
46327
18
53992
115198
223
91242
207389
83625
150986
87
12620
19479
155
14
19374
31
115164
77641
152
57238
36148
147
39618
39
882
399
145435
183
134298
53
374
13775
131498
50356
74933
101811
18477
1409
14915
275
87
50
152
22123
99150
13480
244
11135
154
109795
2083
93
171
69
30
135
21210
230
41
202
217
34855
96263
150785
108
7222
28733
69502
39
1909
5
87870
135
36224
227
8002
94
607
13
33056
11
6867
19
201
251
37363
115
26160
25
54177
24972
31468
71434
246
164
44012
40
29703
35271
3265
71
88072
36835
208
260
7311
170
63212
5556
28
7011
1112
350
63703
26387
56875
44
45382
11
6348
210
258
4
37084
202
5280
412
1
30268
138
18592
43482
45980
45794
34
192
229
117100
100663
139
64
133218
84547
70
173
36647
33181
75266
67152
107803
51
99
41827
1476
13
85256
96450
225
660
83628
224
154
2513
181
146982
5940
15141
47316
259
210
287
16070
73
54251
82463
1220
174
132
58293
15686
177569
211
234
17
37043
105
285
45
90386
281
28353
70001
124292
42664
163486
250
95559
259
222527
4070
278
7515
321
44385
194
129
230
261
197
35278
8018
56235
9106
85759
252
288
114
30236
16686
20
13783
126
78116
266
26262
156755
137
77202
90867
88129
225
12816
45630
113
13
258
50
76666
84703
12455
10265
22
21500
27193
103175
7
189
109168
276
74766
164755
144116
166358
103441
7
28298
10692
134
3
1
162
215266
202
86828
233
91
518
139947
40346
81
38670
48
133
2026
155491
72463
18
87191
950
70
83
23606
228
22
305
16
125179
121871
59719
25646
113
57858
3864
287
119304
39426
342
103
57333
190739
124
2
156080
152
41886
169
13280
69840
31
40261
236
31604
127
6391
31655
212
192
135
117919
61741
28400
52837
154096
36960
87242
33095
20580
130956
353
52609
61
205
191
26
46187
287
377
115711
151847
154958
142221
1
4550
248
36170
29072
130797
66622
70
30217
153
72179
16356
354
134453
84
40
23398
60329
107454
3869
123038
31146
16236
19461
17412
316
253
34
46
126
4408
141
91168
278
41137
38947
38
59457
295
34189
12
31488
219
259
150786
1
7034
220
72564
158
75284
8
120
91477
276
67166
4384
141
142
103
171427
98
12709
43
57700
58527
3704
26116
67665
227
161
78
3511
125
49209
134052
137
51
2013
39284
170487
9018
120559
86288
45
140564
158
172
221
20014
88
142
3173
23377
223
306
114410
7379
56523
55
63318
89272
78
23
282
37671
34076
14
20735
214
175
171081
124
2569
1
1
15974
177435
21791
24529
15132
15876
45
12736
200907
44
252
56
272
855
28421
162698
148952
42167
137
92233
254
239
7
161
4139
248
75
133
577
21585
238
3689
6483
81661
229
89
209
22
5
29
110
38077
24322
29352
27497
174
147356
31
150936
177
109376
55
297
133391
35744
988
55176
198
31
278
55396
289
266
72936
1151
17746
48708
260
156
106736
66
3
56665
56
285
19169
3723
191517
213
51364
8602
74323
93
157972
193
94260
137
261
268
21586
100
84162
253
9241
69812
165
40007
54688
258
119
238
52942
62544
5
229
89354
116864
289
19351
6
134
100
240
85
175
97393
91073
265
5331
12475
122
63737
128534
264
291
40
230
153890
290
29
59733
154
128
287
132774
9
119
22
126
9044
39608
6
58200
806
7680
40236
36079
89139
12
44397
167
4915
15
29329
22252
69379
188
46276
18320
197159
96161
72817
298
117642
41
31006
148766
75834
208
207
162
140
35
191
106
1349
35253
94
259
153
166129
46305
139101
7148
164
224
75489
234
294
24577
72147
52683
34071
17296
34
58767
67937
132
2029
23095
43530
193046
62105
8561
73
118
150
246
195
53929
220
1722
79
232
95020
82930
204
412
37
23
48377
26968
98
210
17207
340
65081
265
42046
145
356
223
69239
79284
13
15
154135
34878
8
233
77382
24911
18
52360
73289
51240
7161
153046
548
4888
181
13674
84
319
229
231
122605
10984
118
55
22266
87680
11106
97
192
97
284
176
41786
79
10948
247
302
167
212
74184
306
78
15802
1490
280
8948
35525
60600
112746
246
64
72
12114
257
89476
222
120
387
77
144
223
74087
277
43209
68482
192775
55620
117237
21486
265
334
166
27324
92097
174
15
241
67108
214
79
84453
66057
302
15711
206
61579
92236
20
14679
168
30189
22
26
2070
295
290
3
134
156503
37027
30050
70
289
209
162
83105
64952
2401
50234
36271
23700
187
18217
34599
18
53
93
43
56
238
22046
49
312
310
143
15858
64408
6
94592
63
52384
204689
6451
55940
162964
60
12219
25
55
56
102625
224
238
257
135606
39273
75
244
178624
11269
28467
18370
199629
91
92860
10628
168
150
75256
141
37158
104
198
73118
111
138
28
242
283
58201
372
12987
98
97197
57618
34
5566
170
31053
183
99
71442
130
200
72
100
232
52741
37583
155
4053
52363
185
281
66
9530
41076
18743
75745
134
14370
221
262
287
119677
85618
53351
34
58557
118601
85520
222649
21
139271
114942
65868
94945
26978
132609
76592
105458
30
179
18163
2741
66
18556
10
191
23367
253
45834
115387
141009
30
292
45470
912
100443
137
79
109880
81136
33893
175
109228
207
67
105881
46958
304
65599
147
8787
258
121
100741
221
128
1546
26
6834
85496
199
125
110
17
200
98992
73361
78
4927
217
106090
24856
77
174
78
114
226
16926
10
66813
44052
66933
57746
131
22
204
60433
54478
145
11041
208
10686
27
135
188
63556
104
136
46
75
104840
378
28490
1801
50
100
15346
177
87
142748
7662
33
235
8551
125
60318
107177
13501
86
149031
11057
22815
15059
62665
92
171
1120
107
64
63151
211
332
8056
7093
8
95106
211
36370
16840
9
201
57694
275
85
101382
138
13566
109
228
24561
105
3006
163
27640
244
207
27
63
7161
52
13437
256
79910
146351
163
113867
120102
37678
293
318
174
61749
139
54358
97393
22323
3
193
2061
167
175
70506
39371
147
98
199
87982
14647
10
11803
31382
105051
59270
13975
10833
27020
19
183
40149
6
4635
216
52914
35
20044
205
110398
33761
31
1037
7507
146426
223
2659
45430
16905
14829
5395
44180
265
14227
26000
221
20574
101117
320
39
80652
46555
130472
207
3910
22
222591
45221
17257
139
171675
188
145637
70
135285
16091
152281
150
140048
50
84174
69
4760
252
128511
2968
94121
191
81230
47928
234
255
33082
152
251
46497
24802
45
57938
26528
210
257
19661
55052
173173
61617
102686
97
58732
204
163
43749
34
7613
28
74888
74720
551
112007
75567
2841
15808
98459
264
176
168966
7809
80830
2088
18319
125
234
97
254
117
75
18618
115
222
42679
79190
116027
101214
159481
6400
50
52
26943
43407
43195
10
346
79728
148
18376
310
94042
112104
18230
38304
7586
187
266
11039
201879
279
150
1869
192
84269
52289
404
210
12049
140
204
28
452
22410
61356
231
70644
130874
102
209466
96
138
237
11489
3
43325
44213
103365
31
6495
258
230
132631
264
240
178
88853
254
85
41
77133
172
154989
275
87
12599
284
24536
6316
253
69361
187
269
82257
51941
181
57657
13
7
251
4
20438
204
177
67
8106
39840
90689
76737
3286
89648
307
65892
121998
183
141
30
129910
231
8666
69609
33405
73
111
11081
85
10
139374
24788
32298
89124
70888
247
80
55376
89244
234
179056
2194
155705
7561
216
316
35127
31403
1999
75181
231
9091
288
121
85
105
65
34067
18630
42
9679
1
13228
171
21668
91
280
105244
50
5432
126
178
183996
65
229
9887
6302
119080
19291
218
75437
119099
34168
185007
5686
180
57
3679
208
96779
154
264
104334
82341
12075
121
86751
22
90364
143
28409
104121
59
110
5939
339
151566
38695
294
42452
89821
189
323
57
46467
31582
55624
58804
290
113
55
27898
97654
37199
38488
178663
287
100336
5674
96599
231440
84220
9831
28991
51117
2232
130646
7295
260
55999
62
143
35083
34330
141826
46
20
88957
215
15921
65029
13019
193790
3989
27829
210
6385
90
9852
220
97
81482
278
44514
64677
215
216
31273
2135
63283
66
175
78417
2907
233
73942
187
33445
11
132468
3176
71
319
4117
5
133492
5022
318
34805
4
113
95411
110
28174
11917
194
31
10
13
1605
2631
97
95643
74677
63168
153020
50536
183186
178247
67618
143
231
101
199
99534
63
94379
82243
211
19258
1
76026
61137
69296
173615
265
28217
21194
4125
79
25820
25484
79550
185
64877
219801
235
325
97687
121
132572
186
78415
120645
3351
321
143572
38012
25
15781
21
159259
7396
20857
291
115
25866
259
182
71531
60
49059
91958
68
163
14821
106255
49501
7227
102925
28
23252
109
304
23824
176
33917
77536
104
38
98768
114
235
4698
138302
3317
9961
211
76722
70414
22278
17733
3002
4
79
150135
150
200
1
30061
127526
13289
54746
283
231
23362
27236
84
25781
112693
111
2257
88144
247
15048
144464
27
128762
131253
44649
67
99
239
48
259
37473
260
120427
290
130419
37
206
147212
150273
82763
48183
17016
2020
40853
41547
96
254
63
109055
206
181622
128633
141476
197087
73496
48
144971
150
142
103788
176995
10655
151
57
218
29369
135
2812
127111
147772
78
25355
57842
14213
138
29
293
68
144491
1290
7308
164
24787
171702
5118
53637
131
51649
274
86087
48275
5783
8609
48588
126
257
3658
67
152
37
31440
159748
57628
7657
107
41194
121255
78045
155
143434
81
12629
11140
58
212
214
126292
11761
158517
17523
2802
2219
213
158
92016
119
41
17733
58
141
8735
159330
107677
62
301
30
45406
961
64035
110
29
191
61010
91510
359
18098
173
41787
30142
296
3
58973
284
27486
114505
39
50529
20833
190
79
54039
330
77504
123
131
105
119390
96
144
230
221
186
102438
268
126
58
308
231
113
217
156
163
6177
138235
2833
268
183
56495
237
123436
68155
106839
103416
75437
153406
63
90
190
203628
7205
22734
18775
138946
181
77721
12
1
71767
181
157
94244
16478
78
18041
149
1
100
53117
147284
12436
42254
2367
79468
49673
150
8805
1168
37556
191
13160
52030
89
273
177
243
186574
10
227
178
47
231
162
155
43759
247
54659
352
5
37196
28
64
152462
189
23953
35705
25141
95634
202
4906
61395
104408
111973
180
77
122
33
30329
144
91
117
3213
27
115410
192
333
312
207143
31
24798
146
42590
150
36145
90924
261
112015
4404
129
216
17714
180
23903
85528
143
12882
36797
144
80
199
71
5550
41
271
32720
89547
3795
30541
8016
10
36
3444
211
34
12
152
507
85701
87178
98
13
146883
5204
23676
18620
344
242
1685
34311
254
51224
79
177
29
134
58997
47
3414
23972
36
237
41
134
3621
185
188
134
169
143
6383
4179
153
69127
262
11
212
18
264
23168
12437
96837
70
92
98
292
1581
4302
22346
18
22836
27
34
3362
246
119283
147
3509
49
29128
22810
56
197
76
56508
159089
177015
173
6552
4028
60045
125452
117253
162
154
1
14678
300
220
51916
2301
107
65400
41736
205833
112
412
1455
4
35
619
202
91
216151
69289
44994
36
38
8989
81255
369
1036
7435
314
217
92
222
158
46479
233
139639
79
187
32791
226
31885
40895
55196
16708
24
1890
243
41
179
25999
275
35
170
198
4768
12019
197
233
3
272
179
170395
247
28220
105
77694
131
32092
92
7638
161
14
35
119
11783
1
258
54
92945
256
24634
28557
46582
82912
1606
53
104
255
264
63798
1580
40226
81845
178
129
56064
50853
195676
19293
206
149683
99357
25339
29011
18463
45
76570
199
85227
5687
122
8676
62617
92
68897
148025
104
30
284
158626
244
51
70659
114
96
49343
154
200259
176
251
64881
115
190
27528
120
59
262
141
243
29252
45381
89
29991
91071
48986
14346
95026
9
1288
89
262
103
24494
13517
24838
107
6
59523
203
63409
30359
192
152
19
138
87326
175167
228
22
25547
207
160039
3
170
50
40119
17819
82
105790
377
94428
14996
35087
22838
51209
19447
229
39569
57689
70079
10822
146996
151607
55784
59
82464
91
48884
127674
167
82
214
287
254
97411
155
87715
305
87615
93671
191
184
34841
37535
926
209
24880
112
254
216529
163
106977
221
437
98759
336
18097
195096
69
109
6150
126476
5
165757
157615
336
13815
16732
285
423
239
196
205
47495
21
20230
41813
217
4
8969
26
18072
18578
459
218649
12
6
155
122933
226
114
253
16855
105
224
174845
118
120
140783
248
285
52
4
33
72
143
31212
114319
70961
90016
109
47743
123
42558
47084
27393
78
48
46
66722
182
43479
137308
280
80720
22514
99
33107
75678
193
262
120158
52179
51582
149
49885
285
32
28565
32
78677
288
9
27343
20049
380
223
78567
3019
38251
53624
286
56
216
99
44611
73
177
98048
72317
214047
12340
4176
276
226734
23342
53
101731
80
74981
13453
68505
107828
15
159
27658
43788
103
15
127599
40918
3192
168
224
143
223
438
18733
353
37818
192
103648
151
68
105627
60
31735
43775
17464
1693
270
75601
142
6783
277
29276
67
39878
338
173827
43511
28767
93
212
128394
24
80165
191
10974
18
90
15463
218
92573
293
9318
9891
104
131043
156614
216
145976
9018
42
44540
12428
143
3487
87341
94503
92136
11524
49772
76008
87
195
21401
66713
139477
36574
3805
89
176
145
312
45794
86625
23980
171950
134315
19110
67469
280
80
86
353
100400
59838
29
45295
52251
119
225
1
10
145366
8305
240
7614
74
16173
44286
210
83
32895
10
218
146
79249
186
146
82262
249
157400
69977
159637
132
82157
55566
99
54
34780
43701
244
58
17475
88934
75260
145
65428
77286
111139
292
32801
167
258
54
1372
124105
4979
152
22
18
66525
153497
54486
84650
111136
1
514
28028
18181
129608
138
36
22505
3819
130477
171579
19983
203
221
269
258
16560
3
25080
123482
28892
155888
7866
13
21443
360
22564
40438
140
42210
81
62461
41864
63748
50321
62398
5
7809
261
98360
53640
58665
112723
74
245
142663
31
37786
22794
301
38
201
1
109
80117
127
45899
103
120501
58768
215
16147
14
153
117307
24
81377
219
118923
104
262
10306
64534
264
124275
3655
71153
24075
87796
72308
18
43
11027
3
41006
14
274
83153
75
143
4
11
30
54115
196819
80808
253
104480
78357
224219
21340
52
46
856
34141
61859
100
133131
68376
133
60
16513
17141
265
113
236
55
294
188
118
164
39316
207
39
7532
108722
55672
83074
19738
60007
27773
134435
120
3578
271
159
7350
255
23920
13452
218
24598
151
171988
40567
53548
64309
81338
274
108781
84709
259
97870
265
70254
124632
3
64
41
183366
87659
26340
28
27
34143
33238
43
225
51
74
144999
807
120
86576
172147
204
207
178
145
49416
148
13458
16
52728
159
72324
42
10353
16461
95
1
266
229
201
175251
23384
4
113735
198525
5992
58424
7
95
152
199
28492
12274
48597
71
196745
117434
565
82959
6298
201
99510
6686
38765
9523
181765
60568
13
218
317
378
99
316
79364
66857
61832
20235
4084
4333
40533
96172
182947
71562
17144
35666
82
148850
19561
86748
66523
10120
151
158564
206
54214
1244
19353
62183
3
3847
180541
15
3
18146
12795
16997
275
26312
266
129068
52
201336
10436
78217
52671
62898
95
161206
291
119
20434
223
121255
89
1911
10666
213
68254
38
144974
222
56810
12
15827
29328
158
163424
6914
169
97175
164034
30
241
118
300
188
67725
74279
284
6
78
10653
24619
8827
91
189
6680
55575
203
99628
158175
52
29771
156896
1811
26057
70335
36829
102294
64
220
74830
10
2401
92556
218
13
98
191
237
191850
37
46961
262
123
166048
50222
12321
37500
155
4753
242
18646
48574
38670
48
15000
36895
12
28625
32799
81
57090
98516
228
20
31569
92329
219
47
2978
166
18
175
14236
47483
63781
162
52
223
14448
308
308
202
54
83600
12309
114316
228
195
38
25392
16
98245
148187
61553
10003
7
1
8620
49
57731
155778
94
14740
33
96024
287
60323
26
25682
139
6990
92
126075
13618
27130
47
76
88662
14563
96
347
52149
44918
26947
45796
37
110394
8523
36
121
5530
193
209
13094
21
222
40802
1834
10862
54349
86953
40
47792
6147
12366
173321
86492
144
52
111748
8103
3134
11158
27667
2813
138
328
125067
16247
18792
128470
37
219962
238
233
315
105892
92375
18
68
182743
39443
103
58
137
141418
160
50
39075
10
6531
213
199
8
60160
4360
10543
151165
200
82388
270
197
116
93745
154
61158
140818
56417
194
5420
44134
34535
50
118119
110
163
22517
541
39930
67853
100
135
71368
370
14005
172
116024
72208
124586
60
207396
204
18040
4081
62938
2445
35843
8105
5633
259
197
165
27201
178925
39430
18
164043
206028
396
57
347
13
49081
18303
38974
58
161
104979
240
150615
47859
333
7
77
70779
8463
138382
86529
121183
156
203915
47634
266
19195
104
8781
165324
99548
4289
141
490
19333
52643
38202
16869
234
6
95150
45519
100768
3431
88651
87484
3937
70
3
18026
134030
179
153604
33557
267
221059
16023
21163
247
50138
1342
32
162365
34327
137
60
142
297
7057
131
32759
27
192219
179
120859
57339
65504
134711
1129
58
16
78
11796
65726
87
16781
24
114
39117
73349
229
3
59
70239
100
7
246
70
265
181842
165
85
70024
116
267
6602
156
66549
5760
17548
27556
1338
8617
150
48087
160149
68
127
30775
82
106
35457
112
225
163
98609
96702
219256
7400
82003
20987
175
7
93
268
33841
129593
171
30039
61371
114
65
54
68519
56785
191500
150209
128994
120625
157264
122
85
65388
74
65222
166
149
58121
45
291
1401
14709
279
112
45
186
9
54
36603
12343
142
307
56
41680
45739
7496
337
49
104971
2021
8490
366
34618
206
97166
291
293
231
170
19616
83
2103
179952
163692
178
37
124012
27678
250
58
48096
140
35291
96
41323
250
209
56
189
263
5149
188
247
27516
166
8859
103
105
147506
119
309
6987
20
66
257
75
47
137
195
2722
222
239
105602
202213
178
25152
7
107394
103468
53505
259
64
27655
50957
27919
9761
234
207
3064
48899
74473
51
8398
243
1906
13662
17246
183
96938
141
277
21518
177
111
80086
65980
107
7903
109598
28
245
291
254
117
294
45578
56
881
92937
120070
32350
11284
65071
22977
248
213
75
93770
36
198
232
3321
292
225
128
249
10965
259
87
165991
96161
22
59193
46172
99989
10
32
65137
132712
163890
15
9769
90
16
2437
232
55
91
208
83
25
51479
4000
140
100014
32846
166
1
206
13123
232
48
570
1425
251
69
5095
192
72
137638
28476
252
196
100748
86
137989
108341
113103
7072
82025
374
1889
254
106
6787
107981
151329
116987
20174
45
64313
216
217
62702
212
81605
33191
88944
47212
43459
41194
97
91335
116111
208845
258
128047
133205
121
63260
82043
79955
2924
21
12631
160
293
152
125
97
41134
109133
19395
104
82817
301
40393
30626
4700
169
42264
24089
24009
22209
72623
1064
144571
115376
3643
13228
18246
45279
92476
58580
40557
105
17897
189733
73
43853
98119
105
48082
264
115
51569
130
59949
247
4151
15
251
10427
275
127297
7468
90
113782
86
219
3999
1
200
155748
7257
67410
141769
26
97864
84562
137
76260
38457
702
111656
15499
10
193
68748
270
79
59270
250
17142
102057
87
14074
18807
6650
70496
49953
32
162
99197
4205
9345
81152
134157
12
17227
5746
85322
213
34214
18056
361
628
247
49081
77208
31
60468
6640
79442
75140
15919
101321
53957
183
86
310
24955
131
42522
1818
270
26023
4285
104
61887
40252
323
14791
121933
159
166
139599
40999
309
4415
104
69
5745
34641
174
105
3653
119
6055
1
221
190
5
281
104952
90846
66
139
96111
108917
335
153507
166658
6304
192
179
1761
18
43
56
139114
5768
257
23647
214963
973
12638
155083
119966
27
43
170
33044
83
257
140390
200
276
6949
41
144241
182816
70
161
158944
46057
106142
135966
59885
61426
85
187
91
50394
465
37076
182
337
9015
120799
144
7650
138
193
102684
189507
13637
296
15374
3
69167
110
144145
5247
10448
201066
274
2430
96851
12
159727
285
181739
357
23358
25086
5631
155
57739
2585
257
80892
34730
10157
259
136
59
466
6934
127
23705
130680
37690
13007
144
135
214
144
212
258
184
76
103476
3686
77495
36
72149
73623
243
26352
140762
898
819
83195
78
82985
5314
49
126
31
215
173
166865
12544
147789
61
27448
212
1
77
50601
171
12
191
108
105
159
173023
10726
141
36526
53534
355
173
57
51635
196
67
76
117703
275
87
205
267
15
13963
24820
162399
263
138
1085
93
23
30
19869
28928
158
51374
27239
5198
126406
150
66192
33007
81095
153
169353
240
263
243
33093
95
35
40
21
41487
38559
132
117
37323
9778
48329
25074
53235
92
94
13220
234
58023
14879
78722
353
45635
41011
68
81
27831
51405
26968
176
60622
82475
95
8550
10
77
98810
42189
9759
78193
43063
95
81230
2337
10418
31695
10448
26
167
113
72
10743
3887
164
3
174672
40137
59188
53
144553
131
2828
74519
111
72184
34021
182
88828
21385
177
268
2983
13714
211285
58072
137
67
153
103
12980
34813
126846
224
166846
225
17436
185050
58621
44
7
45595
32
12123
24
205
15674
9494
243
13530
32778
59106
161
2450
190
224156
119
231
139730
48996
65424
159363
195
43773
131191
7131
161
99068
13825
86428
60683
202
117694
294
3658
257
23325
2765
35592
203
228
150352
53165
50
38
251
91
2455
8
240
77462
6024
103262
8970
43919
33276
128128
72967
25
2
3030
108
35763
16253
51392
269
290
17451
56
23
234
109382
215
43563
297
92561
1444
89532
209721
67277
108105
261
244
119798
25157
160159
177
17987
174
47752
330
136246
41
48966
20018
25
9
131
129
191810
15789
3158
179
16688
149252
172
205
125205
27
280
125
154
1271
176
146
151161
48731
227
122116
190
11120
318
111
47220
139143
267
246
54165
245
67821
69195
49634
142759
1018
116
38136
82029
283
231
226
83
23183
239
522
82620
97
49770
121892
138190
49787
3859
79181
18214
69168
39
154402
39855
9
249
6870
89534
71812
31849
177060
173
169210
2505
60
131609
34
234
133826
151
289
99
1660
18
33125
15166
12
27723
176
3
18169
80145
12274
326
90981
195
24986
31315
245
23578
26417
95406
128
30
64603
77272
252
73
5475
323
198
97
79271
211
49640
188781
92136
255
216
104247
189802
166
72957
43
2700
247
252
401
5199
249
246
8794
30274
185383
379
271
20
21296
174998
11
57154
30
40825
57130
309
61898
232
57
66
10090
3
95
71027
22807
40373
210
70256
299
222
267
59
64102
87741
24175
5504
36
170
239
77108
133
33460
144817
103150
177
13
68
293
4152
45514
81
142350
63417
330
63528
41
95
25
28039
3559
2270
78083
213
109207
214
37423
36093
277
220
218
730
45
268
219
49382
62428
39849
875
6793
2826
99
250
111895
191
64908
28080
44
173
166
3
58
1002
74624
54
27032
261
225
287
177
267
47679
264
198
127266
6
11
57296
83
39
71468
71
74
69
200
179
680
41
6498
88803
2594
22215
3011
89982
52907
153008
82885
94569
49
78
78233
279
93
188676
5374
55087
93078
3
125497
15091
177
42862
2140
10
262
136
79540
24757
45
117
50226
115
4149
102
3005
313
141
6
179887
312
83
93780
61
18541
68749
21798
43951
21873
61581
17564
47045
43578
69
51306
9161
38906
156
173
117984
37248
208
247
38
259
8434
191
86
113685
59216
65164
234
249
105449
209177
165412
221
140402
213
42690
17715
72
6
172463
193
229
169195
81315
147
216
220
4152
41867
77447
13401
179281
169
129691
41484
89807
74249
125
6142
148
152
314
234
92
21562
147
264
8495
66838
90
16157
27660
11637
104982
25853
3
100829
5340
10
124583
24969
321
198
255
167269
58
95
115869
3142
34480
23
196
48
2293
15969
57877
7
8
111109
82287
69
251
301
212
255
58
67
91202
147
106
61949
24
247
240
102674
136498
3748
51445
269
301
4
260
99693
205633
61877
95318
8
122032
241
97857
201
112062
661
102
4
157
57324
47560
92
12259
58038
157
589
282
20051
105924
42562
52
4368
99485
13586
58638
40
321
30922
108814
251
286
87628
26143
2
192
186
111005
18740
119
21671
126
90577
10625
240
207
1410
22144
7673
3556
45
2565
195407
15444
6259
21926
183819
143
148
99451
267
104131
153
13940
219326
29422
244
105107
42210
90
56
76
252
104305
18715
95960
13970
118
97781
27507
4936
28543
53193
17
49
99
228
135801
62757
6581
38705
127
70
116966
20368
18656
114252
169653
178
255
197893
4395
217
12509
9515
27025
825
22667
142
185
99
48
83543
18
109
3200
61636
97046
61
325
37315
41
39007
99323
264
74879
133
267
23
42695
13626
336
19890
2067
51
168020
32552
20
43177
8858
24949
58
11421
172
95
59118
15
30997
205
363
34
56
223
18389
8043
313
35361
117
175
181082
24165
3177
21561
116664
21420
108
19253
122
92318
11299
300
52808
77529
250
167050
263
126284
21049
176137
187
168
106
64546
149
211
13398
232
54
237
251
125701
79627
341
79858
48387
117468
102
43191
8
304
75551
84497
33336
163
91334
4017
166
90
133156
22319
15054
5337
23226
179780
84930
197712
38871
1
16868
3
117197
28558
57
13898
19658
174
7515
19748
23718
43592
15
132856
214629
246
70168
86
295
85464
7215
219
37401
41261
33203
63532
86
21
51152
119398
184695
49610
47129
36713
40065
231
146739
68
2503
219
264
164
188
50234
16230
29199
29973
72772
131
46634
94
47970
207
30461
8
32
25
4743
20097
73213
130149
193
17713
17
9436
38
66
68556
74
12231
76189
236
22638
250
171
171572
24650
285
59249
46863
40966
716
261
93
265
15610
174
108187
315
33475
28
114031
39810
23347
6
19139
1557
22400
58314
233
4888
21
31528
4998
247
202
234
63899
62
136
55
189892
247
314
17856
107065
26
234339
909
67
240
7075
52818
8741
82
46254
101
1
135474
115
85
23793
273
72727
49732
222
75131
85029
192059
37335
58
8225
4431
15825
42023
4
65
160
10086
221
235
244
8
62
88682
107226
45469
33000
17
107
113
13833
103
148
156401
80
273
13972
211211
89478
14269
104
218
22334
39703
52842
120087
68987
554
155
121
22735
190
141768
70315
25384
43
170
129898
291
129504
91848
8282
3
16270
53433
95776
64770
43762
7652
169
118586
372
100
14494
102
96
104
53055
16
1964
333
77087
152
1301
40919
73
43385
9813
17120
32
1407
125770
36973
133547
3
173808
283
52063
85
177
339
28533
178
128
159
21793
263
1896
41102
74516
221
183
138
205
170
73
87
32866
137
230
313
24819
263
62
328
58285
13033
178
91885
204
22363
156344
146
1250
143
5537
174
70753
119179
334
296
318
182481
354
5
93845
25481
35736
69307
60
50853
6746
56345
74859
64
194338
159
123385
110
49452
3037
97782
904
211
50692
58
65
60062
50
1
35
122
23920
2432
55703
3
61644
26345
20316
160429
202
13769
36079
224
3097
76
79615
250
213
216
174
93447
144
142653
306
1
74
39792
176
66
75962
39211
20158
49444
14714
25993
159543
108068
215
124
77
7
103166
7892
53
107
178984
134
37
117979
224
269
188
151
71483
153899
33386
36689
186619
269
214026
12113
67275
137502
270
128033
11501
238
85
73119
125
254
113314
42922
3679
238
46091
138
135908
42
3
274
277
80
58
201463
19462
13
248
10635
75
13239
199
27514
50
203
82
1096
3
129465
7
33704
54453
108477
143
301
64478
3
7690
13025
16405
30996
25779
84
27557
21650
181
87986
14043
69
172850
108007
59720
102
4759
74702
133
62902
27
226598
99338
296
95
80221
2598
143
1273
306
61720
54705
30592
54835
276
100
13433
174
63357
101856
137703
27
274
94
80921
130622
61162
6
55493
76887
78835
85613
6985
27376
33947
349
138
8212
223
26135
319
11
72333
20494
91
216515
16329
98
107
12803
62320
207
22054
10
82
91930
191
56013
179955
13322
246
14615
5
52181
87163
243
52584
191
29085
85636
109
139
26933
77343
9
22582
40824
15109
56806
143142
13728
149
223837
82720
42
52080
96
151498
118933
206
37389
26
115
47
114
8
300
4145
23495
105
155040
172
79162
145834
164627
157
146
40380
186
31872
116
236
8
99270
35
112
53858
39363
225
17
332
204
295
23631
137
97892
202
16
68
69444
38
315
8856
173
113
20358
80039
285
144147
217
86587
3845
67
49523
66270
11592
81357
177
507
2896
236
1
2107
7437
178
22903
42564
157
214501
17158
98
157
197
49632
20329
5932
43109
6254
54412
165930
44
163622
11156
237
240
167
102082
3984
61
177
253
2
72
266
1
25889
3984
79801
44085
192
49443
11258
71201
310
200
122390
7147
99
109910
69786
137
28
2167
180154
138506
116147
89694
8718
56
242
112
26151
13
102547
19766
79
1234
54266
13569
228
3
53225
8651
172763
13326
318
201003
48435
151
104
34662
25835
33913
26607
323
4
176745
2085
156
21479
6
129655
22
206
34802
77
73426
35769
167294
71529
71
77879
163
27728
126
237
72685
103
17
6
24761
62038
231
278
122534
107089
176
218
86
38898
87413
54020
15
201
38
65
95
162757
174
167
133
226
108
127550
90
157
32860
26
91772
7898
83
35
44
32
31609
294
23
51736
219
9337
33719
6207
89
228
28806
87398
203
115
213
423
117852
15
148
80968
213
100889
75183
293
210
298
255
99
30130
11445
253
120765
65762
62267
61
176669
210
19838
76828
25
147
178
45973
219692
89071
102
1762
214
129
2209
10732
31
53
63
8559
287
148168
118734
41480
92
252
54209
11007
54
161
15256
63
250
125
17924
43449
8478
199
1503
4875
92896
85179
176
250
42103
44373
163
184446
26251
160465
29437
76
79
25411
18098
46
16798
61
4736
117
226
158
26718
256
149
286
1107
282
19890
29439
156929
21
187
6687
115
82939
13839
106621
11
134833
60
279
35475
156
216664
158
152
3
94912
20
5208
30444
19715
267
167
21728
40
94204
264
233
286
197
262
10
52219
35
72986
33
48550
235
29
91322
16636
161
228
20290
25323
2152
39929
34530
41932
26
110302
98
33
2
43
141590
104
1136
11490
20525
246
43
32
279
24896
152623
96
55910
12702
18074
102371
239
178
131945
236
268
85466
42626
48369
238
20678
231
269
208
51594
59507
122559
157
138
117210
68131
156
17254
74
157
24
25090
179
39949
16724
276
186
209
58365
291
142902
94
98871
21932
100
155
74
144989
193
44985
1774
66423
204
112944
64
1138
57169
309
36
4077
12639
36
113054
20251
84
9856
161792
248
143
141
67
212
149895
47541
42088
219
48889
42177
176691
201
31471
8695
81549
21067
41159
202
15617
9857
60055
47285
80
28
234
191
340
105421
9619
17
29988
161
147
166
322
29641
256
116702
21982
15026
181
9356
27924
8783
6
46017
29029
171504
161251
293
119163
65
288
729
17
95
118
54918
55
91
222
172315
97
53792
117147
147
42152
2373
261
18273
106
111
144
121
7395
6047
187
72053
226
117
136627
4899
5071
31600
28855
103
46
25582
13700
108
105903
11
14516
176
10708
86
1615
31382
51998
276
14257
18531
40144
10146
270
166632
36249
242
10343
41821
142
54041
76458
95259
20565
10323
208
5373
71566
209
156635
117640
2779
81
98628
89887
67
86
98
345
21662
315
105968
189949
159
45093
18081
27869
19870
112475
30437
48
21776
19073
185
40
343
181
89
5321
241
145
18849
237
256
103618
157805
169
76887
16
105
77
55558
226
231
351
228
4830
265
20054
261
143171
3
114
28
249
179297
294
1
22865
15501
101830
26
136926
128256
206
108
10484
42043
35270
24543
255
174379
133683
84
64986
21468
149
29744
30
94
3
113406
51
88
123085
6
16471
250
139
282
79983
30276
76201
57447
282
98903
74
18857
69585
62321
18663
211967
246
29225
273
210
85304
230
73814
112078
26168
70616
12548
154
21839
95724
324
4782
50360
158601
321
272
5991
334
90
3124
61
72133
117184
230
87
110
142580
96445
150
355
18
124653
17224
6286
157844
135
66060
14813
5
30003
67136
314
68602
18594
28160
3566
239
55855
93245
23
178103
173390
53833
146573
69213
157327
7133
265
232
25489
163
356
155
89
32274
62
97
80524
8353
16125
8475
417
257
73596
234
132282
57
67473
59
137
214
86870
171009
67
11323
234
120621
187
154
73
131
114884
150680
39429
166596
228
91
73
78984
21
258
85
98
149
12
49085
160007
34645
158
96
205
16955
116
52291
250
219
18
20307
235
91523
170239
216
1484
45819
41532
128568
12173
90418
136097
148
106650
278
162834
40565
157583
130676
111
199683
36
154
183
274
16
14
181
3635
14351
164
1427
323
99
9527
192
1704
30
4257
182
98743
25677
16880
85
11023
17224
8
34328
289
169
20693
11648
57
449
165
164706
23004
90
73095
262
99
247
50
277
11922
55502
78290
213
205
32
308
95155
116940
307
37313
304
3406
3974
164
97522
23198
153
21404
48496
288
30
193
289
92
30
3
7515
201574
30167
66
214
177
20151
41621
200
86177
106296
42
193752
16200
141604
9198
148
120
36044
54754
138767
5077
56543
263
215
75361
98
197092
159
62878
34787
152507
9135
186482
87234
6199
203
29682
36
87
111
54493
23904
279
26966
1118
111944
39
37108
164110
224
237
122837
16144
163127
226
17
70948
7062
155
28
75522
26658
160
93
74013
82101
286
15
27785
144
27
29275
47619
32302
58470
219
73145
49751
178
7500
262
130861
13
33
44685
134173
101526
114
232
21476
79
127
149690
14203
28503
68250
292
212
69848
156
19424
31059
99164
24
94
73022
310
291
86211
200
54631
193788
11050
144
128902
175
10
56964
2162
28
6555
107
16414
33143
104
54283
49
88038
75621
3
89
89987
267
1709
62556
81462
193435
47430
55
215
17
279
116309
82
16605
145
24764
87240
13694
6939
4608
139
25534
133675
82970
288
11192
173651
2066
96
10654
271
104663
211
24638
144
56
4729
110952
277
949
72
307
7497
117057
91
104389
58641
260
207
28
156
57162
193
161
2912
72
85618
45957
94
5
40641
121090
5751
291
268
29317
96
75758
49
23248
93325
149010
45898
233
115900
90
382
87524
93
79854
128009
60405
5741
185
280
208
85
14842
314
9008
16
3398
8684
73
17979
6936
49067
117
269
139490
184192
166
149
30391
129
312
94955
213
128850
266
13175
45
251
61731
160
121
12045
112105
160341
145087
146914
72544
53688
27795
9693
91
286
37
92964
147
189
207
122486
1205
85
27149
30451
10866
80375
10752
223
247
107
200
25949
143
71720
218
54660
65213
314
39254
259
7473
39920
49538
1919
164
188759
95
78657
62
149486
135922
148
4907
156
80259
12708
944
59
187
38856
148
23727
149
110561
23432
31929
45676
4337
55550
33
74991
6586
357
33524
79608
249
46431
242
22519
183
63693
6961
134
35861
56884
243
168
203
77494
245
38
221560
172849
2009
148077
76692
2828
119390
259
53313
122
48814
25
308
116
94
50
185
57
4576
49
302
38416
75294
130
124
12083
46965
40
107757
81545
246
246
3
151903
31325
67767
241
109
77292
22277
34722
54493
46594
206
87507
163231
39176
53465
19455
45437
179
95
10
37
182
23
3
300
35080
320
48743
137
54187
85225
224
100
15249
243
42510
213
250
14070
83222
35998
76966
155688
315
212
219
1558
809
16801
183
67651
141378
65042
308
127
149282
94
38411
55686
155553
206
97099
286
177
2100
98
42
148282
20
51354
85021
13084
3933
25
12725
126
324
160
98580
93
37793
92212
99175
92992
28
24097
270
207710
8777
86262
32144
116222
268
2
252
62898
194
67
310
26895
11040
41
123
176
68557
80390
220
39344
88
181
141647
11517
3
39148
48828
132095
14
417
149
166
24760
185
181
3849
121
95470
9373
61
5526
3145
10
183
93195
97881
116015
62381
106
136
117529
139
192
150931
19366
120
677
224
162858
12561
122470
8448
41789
16549
217
6193
55
221
88997
120
4843
170526
14285
18807
100
440
1602
23379
65294
174
252
170254
330
69719
97
82622
136
6
28515
30227
12326
39735
13291
139
2430
27
92518
14039
256
42013
13547
257
25643
43
15
114803
95193
24932
66084
64950
196
134
13
70741
239
17243
99
231
95588
118
3685
57860
66829
76
145
169030
78244
84119
58542
153662
4971
18265
97067
14366
36
33537
83
315
91
164
220
50585
198
36
35728
211
73
31099
32370
31
308
196
104
905
38753
94
76
265
272
15557
39
3443
51463
152126
41
108763
17581
47
149
129
4692
30618
148614
1178
35
169
40634
98
5862
19
273
12515
74
195
15743
97950
26
196
203
136680
108805
177
12896
98
46651
105375
31
242
46
130665
252
95
36908
215
119252
165
14887
176225
16833
86
36
39
167683
31
21475
86541
36035
80
36600
66
51827
86
62161
70
251
45
162
70314
200
287
42
190
86698
49557
5816
336
325
158116
16157
266
33321
1501
38
4343
30447
12815
32146
36529
151
103
55
7
66542
237
26994
109383
142
25683
19680
116691
123
42836
30273
50531
47674
91
89705
14650
255
72071
273
31
47849
284
20
143
82
148703
288
195
196471
67707
147085
23249
85154
19151
53132
115
2061
256
43475
307
36481
104734
124
44039
24455
87
140
80149
127
209681
186433
71501
6515
93
25
20322
192
132
52184
305
175400
254
42087
1153
115835
189491
105
166
79
136030
44630
50269
65238
60693
102103
7
143381
33792
220141
64691
38231
124901
45507
3957
66
23
81995
176
49114
6451
70
20674
15
271
47258
29099
136
56
132
76261
94990
191
133
226
253
127
187
175
5294
34394
172885
200
4440
56
108725
116550
189
260
122
19
58
166145
29
99
74
16183
19462
54
40656
31041
153768
68
198
147
47
122
65819
125570
152
137
99
103803
36143
315
34048
188
5517
8625
77300
69
98361
250
62579
68
8538
68307
131
50747
138822
178
282
20
14
32903
116
29
54472
8743
1753
195
178115
134
44956
1
41250
220
31197
160
73652
45590
118245
18921
162
166456
119478
118
32653
252
32531
229
8298
182068
133291
111425
88109
112536
123
97
56634
74
96
35079
25502
142337
248
251
156
172
11
6491
108
10676
2805
50040
239
68426
64227
32373
33
161
48
9808
39030
263
5234
81653
10
338
240
249
18
28731
50837
85223
43
151
73
226
40972
199294
8
249
194
48
51800
306
7616
204
11200
56486
7
140880
69903
43405
84699
23933
14381
216
3337
138696
69411
3497
49
54
177720
23469
18059
91451
120036
11801
27365
30246
16837
120820
58576
80
22
469
154
160
91378
174461
53569
3
211
188302
183
136
740
54385
257
75
37653
262
214
33126
21694
18694
131661
8235
106221
253
52785
101062
36
66629
1
45
144
58
59782
363
133
30307
94859
73
72177
149
42982
73483
10707
3196
14791
43071
1438
5265
135637
10583
13372
14976
10723
298
24509
172219
191357
186
189
13841
97717
223
42653
205044
97458
56282
43515
54707
108066
196
81244
95715
45052
37
6698
192
104884
8316
141518
91929
339
184
96
291
39384
40645
132
143
172
18447
12270
29438
75878
80229
103132
5748
264
27996
80525
57642
72284
2920
59880
42475
31535
260
364
16372
212
17974
176
242
31442
130258
60685
131
46392
5139
108064
25
15533
153353
300
7568
21673
38030
125
93355
21
141746
37967
27306
170
174
1369
104363
269
29260
63
216
128541
55417
88604
27768
54546
5373
211
63406
20
187968
39
12010
150662
235
68202
92
855
187
56559
51981
50344
287
19809
15
6370
21945
227
31139
230
6
103844
29687
260
930
267
152
14580
234
94183
180
9094
6253
8974
16262
109
143
41839
14411
1
289
258
15
53
91708
153271
110
13869
107921
29330
16578
45678
28852
27286
15
88116
3724
35031
149334
76
94
297
128
104052
61121
155191
70456
138249
287
32263
74035
44170
17160
102
115
6533
7201
23429
115613
19376
97
29467
2
6330
147
374
199
2005
32
57543
133
39489
116649
66461
118939
41324
226
1
83733
118707
61479
90
237
66941
6146
31407
121407
15
21265
89
239
126
186828
2097
15
33294
168
74057
230
20
18476
352
48371
165
306
95
138238
1688
22418
118
31
94203
217
6763
50520
297
112652
94523
71
178
165
87924
16073
188
19188
312
57
22574
1409
50
3854
83
50
136
234
4
30142
18
30851
107
1744
85
65
236
97
49490
165
3519
75986
189658
226262
97
97216
41684
1
65
1
35588
251
155214
93
23832
49837
257
97577
30923
243
143
101
37037
219
66
31972
44
156
231
32864
43
54866
219917
148
2099
4001
2341
52298
9
8208
257
45980
112
9181
26150
2644
36028
76073
161
8
50
136504
46597
70
26044
287
48851
186
330
196
181
16
94848
12908
183131
87
198
128307
44345
215
172216
205
103946
16920
12919
51
185
17293
261
216
98
154376
65
218
61
30570
25015
92
259
202
288
338
72874
53434
225
5800
147
108564
270
195115
162
49152
81
232
14807
43023
8408
57
182
63865
21362
125
16
165501
190
36992
5040
53
283
25621
292
79966
3859
88619
150
17604
63532
64
131
3
19317
70585
262
333
64009
1956
356
268
89488
73651
14
151802
3863
80729
109
26413
7277
82414
27
219
54502
7188
56282
170
27915
248
17488
7044
1
217900
59
257
38
200
27184
97
54564
8
8881
21957
120
3
39
217
64379
10
31016
189064
26906
61823
180
211
98
28
188
1
26
13
1
257
41654
29591
48864
3756
155
84959
283
164715
111954
137
229
39419
247
301
19774
208
28565
31
177
176689
22
23561
1117
276
74250
27247
106
11909
224
100925
111763
132
60304
6361
63
92
111
36152
78169
51510
84110
174
65865
125
58425
258
20487
90067
152
270
167
7855
56842
54
109915
2168
182
18326
51987
11010
161588
314
115850
77772
125
82
18351
47
2288
74356
14
49732
235
202
80
106
249
53356
177572
33
64761
8840
10688
121812
101
223
147
66363
13369
60
243
205
24836
88636
40
168
76
46078
205
120381
36409
52889
72669
19
3208
106
260
74980
177
115
234
110
67
110
451
39
19989
140156
61849
273
41119
182
117540
27166
44
37
224
1
68
50
214
121
75280
14799
69680
599
232
90
161652
16787
45705
216
46762
7296
176233
28227
295
205
313
7460
120586
32980
38354
46280
107963
14543
71
3466
28
81
94289
4181
62
160
105821
195
108
18813
46015
54237
2043
59850
232
35115
91537
82331
23152
183154
14
184
25112
23
32
47492
936
193
311
102812
159
15
273
182061
64901
147
24580
18273
167864
119593
18
7604
95729
201
229
125126
79
237
149
118
122
8565
175
152606
21983
239
45
191601
217
50114
95053
141
4713
139258
8024
21912
126671
233
71481
239
75380
26
129348
59582
21
282
17040
31912
1557
86190
1722
83455
45163
38238
2287
62
199
104818
42757
84
113095
175
126178
50386
209
165
2519
30
136594
25
191
270
865
12139
213
10625
502
264
81532
53767
2971
115498
22654
42
124
301
89
25108
29702
3
47245
52199
128541
4496
168
186
15
90716
32210
74957
25925
259
157646
1368
80059
18
174
32995
28206
60
5849
43462
212
254
221
13955
16420
3524
98889
239
14906
136879
89
117
34858
86514
133
8397
52378
48835
28421
62
37771
3874
52692
99902
10475
33020
146
91726
28450
10853
109
56173
82757
291
77
183
50
49871
54603
2181
28
172
85632
47090
132
271
136
282
70
156
234
175
252
188365
76
25545
215
117457
79
69738
32633
10250
45937
99
159746
194
81271
67
228
173
68
141609
8077
15
854
20
255
267
1270
33
104
1
214
75674
48063
31318
108512
289
35644
136023
114077
84044
197821
2213
75
33527
44065
329
21594
29866
119582
15
198
40556
39502
64286
140551
132159
180471
228
14819
69989
70636
208
50832
1391
221757
1751
158
627
10
44724
110933
91468
57889
45
922
110990
194
230
9
197
283
42783
270
134
34392
47054
225
43
112
305
145456
51507
5291
218173
7072
4852
53617
324
47901
5673
48144
21838
235
66224
137204
281
111
206360
181
96412
72419
62
1050
132
33
65607
60
241
123727
198430
5958
14
71
5953
67
43339
79692
31505
7809
127
48793
18
34593
12502
138
217
81583
29
22919
35
20015
293
5978
19403
147179
2
196287
7
12079
162
26180
13037
95392
269
6618
71428
3431
101
218
206
123184
146325
144
121675
19
20486
198
558
9889
21110
19488
87
262
271
70
12843
163
57429
161
15207
23345
607
198
56215
120118
54711
71771
163
225
229
1224
24069
15996
102402
98
88655
21305
53755
50
344
33943
108
42319
20781
12124
32822
192
18042
20227
235
115093
198
172
89571
175
942
23458
90841
91150
170
14903
10089
21479
64495
101451
33345
19689
105770
124
244
129151
34662
206
152319
160196
209
122
16284
93
65964
50318
196
105
61
246
42222
60
21076
30246
51145
103962
272
132
46450
54231
27486
150
153
133
155
208662
32876
4133
165
20
194
24
18103
132
20
16
78
104575
8266
114570
94131
40575
7128
25
240
147
220
38204
249
72512
31
74
173
41161
25978
36
104840
60
86763
239
4630
184
88910
19011
5
158
83017
192
95743
129
55979
58
218
63
33964
206
187
36
139974
146
11485
71991
12282
52650
19601
133201
83647
70879
22
238
218
43535
19364
73876
184130
18959
123839
207
20588
323
86
46959
107275
130183
9695
8424
85
26348
7542
6
198276
66589
184
99085
129807
35861
94652
1660
66800
75164
176
74
1806
26998
69
108
293
150320
56092
139
107
43093
46226
296
42519
125
37098
39305
182
257
158
45
133
123614
166
236
143594
4
1809
242
98969
62039
28
51128
83445
138
172172
79326
316
153
101
326
12631
259
185517
30189
1238
54
164
50
100084
11676
15561
9745
4135
157
281
45
71090
14
48270
24041
168
246
10707
3
145
289
155586
216507
17
85
54
44269
139120
120773
14350
70133
1733
191
33422
96788
90
103029
286
18498
267
93
185
143065
132
9
108683
76
131
15410
3887
18954
152
169
40
48195
34
193
41
81030
69
2577
39895
206
87
33
157345
39
32
27436
2750
211
276
70634
70
79430
106977
77137
128862
74
104993
9200
152
330
328
124933
31
216
46759
86
237
26021
102663
79530
50800
4123
73495
42
113
83
177
157
177
158
95962
79874
34709
48800
305
15242
22684
39480
80671
94898
132
52
201
420
113
22781
131163
199077
14344
89269
223
198
42
198
217
151
2
249
29230
129202
58983
157
52344
229
32412
38676
136
4
128
179
47170
92571
78
59
49
104280
53483
73106
22673
71934
99682
32076
33
249
38011
24356
138262
14552
49350
33
5558
135
90452
52
68903
35
38
290
70053
240
102
83
194
160
44255
220
89
166964
1396
216
10860
79331
11
248
42
32563
83522
299
84358
30
4442
141
94
20834
94284
19158
201
188
4884
283
48683
73
155
441
330
139
60913
267
245
1
83276
42
157450
21
15479
262
116835
47336
94
332
186
2157
133
19486
9
6017
97525
226
71427
11096
3277
144493
3186
215
62
51600
200
85
272
120
9012
75881
65772
13050
43593
67451
28
4404
57616
98
32
68212
215
15667
27245
234
72199
215
71
87673
62958
187
148774
12270
52073
271
243
6539
159066
12964
92
198859
42
48
16366
28011
38200
250
93390
146
30066
187
8899
41439
88404
293
39
118
218
77
9891
33
9
38251
31419
91
48475
41
41859
172003
126306
248
189
15295
36311
48389
114
7
248
74603
20
140304
17691
113
185
76563
74
223801
36
41467
69195
89283
22
111767
183
719
118277
133913
11
83025
4865
133717
89476
6189
59184
26928
81
112388
58543
4
171208
3943
58219
5711
260
76
249
69
6689
137279
14354
87197
49460
2298
44
7027
131
39389
165554
16433
78833
236
146
31860
13684
22769
292
95228
151
117
120036
26557
93805
75609
157
70794
37185
107
63122
9631
37415
97
36453
120918
76649
288
12841
48
278
167
3
10366
354
211905
264
2123
139632
46
42844
176
117
59427
40457
21822
36615
32979
217
271
250
320
32183
103833
47902
2
10
70981
366
243
217089
32
268
37792
87409
1432
31198
12254
59614
72
172
34929
421
117
246
21
33416
35
200
85462
34490
54004
240
340
90864
27943
118
281
143113
33549
48556
100690
153
29982
239
70674
92221
84361
28414
42904
277
44152
554
11453
71521
136
133
97
39589
12265
73
117300
184
336
158572
235
9745
4930
135987
38703
109530
16406
39414
221560
233
97636
48452
185365
58
14846
226
87497
45325
5891
42216
18576
272
97635
98
133
208
57
36267
32501
66
1952
242
19302
65072
98
275
73
134
156
99078
12
36799
154034
143695
98
11467
3
163602
7
160
244
43472
68306
8288
69
62
33434
81
201224
83
177
134224
26128
56
89365
16308
269
271
61567
152
97
327
56
244
203123
14711
39
7144
45
45619
154
159
113
145
15
1533
119
120276
185
111
174
39663
286
14213
103
34694
8212
9083
38
41541
25299
78
251
14349
20
41602
181
162
67808
88
176131
308
27649
164608
57
57
23303
170169
132
90608
274
84144
63
144
60692
17664
78640
58404
230
8749
10805
15401
4417
243
37332
176
67259
60833
165631
111349
66300
3388
213
83599
121074
175
160328
300
65762
13298
185
2578
41446
53561
144
23
231170
12089
37
75001
37
176
29666
269
50375
231
30848
22513
66402
238
107398
290
138
10022
181
18425
30071
197
165
74
79473
12020
227
166
18
275
20392
15765
245
162802
30089
53000
2251
39192
30
6487
18744
21
173
266
127
19588
30822
366
8
214
30
106146
71
10166
118
137149
14939
176
16985
5807
162
188
18915
62
82966
7309
280
188
63881
183
96988
198379
1011
202344
3987
123010
93
3
176699
30351
167695
105231
2212
36
71
314
60796
132931
39
45845
249
24193
38793
4606
52
46774
35
110
39599
100850
95655
149049
39288
105
14828
15683
86
42025
22246
225
23
191
139
123
11613
30059
70
5940
1268
75989
60346
85405
191688
71016
97
96992
60
162721
97598
23442
230
10876
77318
124869
62190
110290
14
59943
69076
39130
77
286
296
200
286
24838
186
99541
62963
41972
3707
149908
43124
69758
51
121
230
105
85418
16204
24500
232706
331
123462
212
49817
25377
43856
395
4638
245
160
28
143
2881
73481
242
165456
97944
116
8766
229651
318
47089
85112
37
125
118
135
19954
7457
128934
182
90171
84423
178627
58774
596
27610
241
102473
30
243
263
32
85
223
36555
61912
74774
32
181262
235
168
2931
103604
129
41938
55
100723
173
279
167383
53467
31602
49493
102
73323
63632
106257
2090
372
48326
30033
303
62574
32328
131168
114883
143
237
267
254
72259
138
95
76
206
37557
171
70050
10
16
78112
16
202
303
79
117570
120569
92
60938
293
40093
214207
77262
134
59518
121009
103189
207648
5408
80301
225
92568
213378
47015
117
53
144
112899
25757
13
91840
13845
76
165195
121
274
95
83513
194232
41442
216
33182
209
138
122683
2838
9233
129
303
266
185
29
121499
17235
107101
92322
28971
20
37
151666
41475
1473
142
250
55
105
28745
48762
111
58
55528
188
115446
285
133
4925
11552
287
124416
65998
374
118
158
102719
127
233
268
97
7747
137
7076
2935
19
60753
20
43068
18187
21832
312
121970
4274
5415
83096
86904
86713
186718
10592
203553
61629
66514
32557
141266
45970
356
166
156
315
109
9431
119
3692
56251
209
49707
116
153520
82559
41196
21055
46216
56689
42709
70789
20608
68099
51
71
300
11103
60461
1
63141
57689
170
671
17
146
434
82
195383
277
136
11169
149402
17253
134
93
195
63646
155
91
79543
16154
47795
177
160
131
1707
136794
188
42058
42959
82791
205
115053
76089
46050
165188
117
128439
114
112815
248
294
20385
11956
2465
123
12897
245
19980
197
44586
122642
13276
159
177
59129
85392
72
89638
318
112807
140445
56531
152560
42893
38
300
88432
11707
35662
75
13376
86024
53277
59429
72048
206
43617
21919
153
163
60525
93
78938
185028
30
83852
201
242
88440
696
144
5101
149088
180
38877
70
119
3026
65
2067
119
13791
57687
77230
62
87
128
31888
25271
155888
18
103
28910
85023
206
48
156
242
150
162
7358
67
651
21
251
537
3
177817
83723
12787
66876
16
29249
206
25230
43
246
65671
80499
168
48
139388
59626
24
74405
151
219
14678
14836
107647
64171
89
77784
51867
271
40
149
26133
4700
122403
44305
22607
115
130527
125
31888
25857
76
20
62
38694
92
152
45402
254
110
372
109767
11663
6
118861
50859
109465
278
138873
9644
116494
75616
167
88654
214
155046
26
189
167
39
75
8843
73500
17569
9380
223
98893
27044
5905
194
47
11512
181
135
49842
20604
381
32331
20
306
12587
208498
294
42122
6183
140
45535
64
53942
2615
28057
233
56
101646
169688
80358
47895
253
199798
47366
122298
98350
19782
62236
90
52790
16949
68689
240
91
41
151
299
261
7458
17
55
184
131336
5594
72802
84519
192
144
67174
7202
184
68755
270
15766
28140
245
210
76964
21890
143130
68
51736
1045
197294
155555
163
63894
155250
31492
146282
15
177831
227
74
103209
10612
75049
16697
15148
30339
152
6
226
195
8725
3
23735
96
117751
61514
325
28919
261
161837
18
175
21390
58197
1
197070
108
6505
18
221
70210
165499
278
794
68172
82103
47159
11049
64108
36106
20380
183905
288
104586
95991
60
44383
95
44356
37849
5026
66
251
192
3
10385
25
134
129
12
169015
207
87445
96964
1800
51756
45
87
294
20962
79
88481
49033
327
293
253
261
133679
62477
107328
168
28
76
80832
1869
200493
7063
12
45423
261
22790
208
15407
83015
58348
144
193
179
13782
12897
38605
57580
176593
261
125
161668
56162
263
222
116923
153
51256
189075
176
61
207
27
127
264
271
325
35119
5782
499
73080
125
5052
212133
29
2996
114
37987
297
171
149228
5
170
226400
93
27203
47887
130
53
144
20
2
189557
67813
6068
66159
135
24605
24278
105
9624
6818
62842
57423
8342
274
150616
8092
148
174239
115601
41073
83481
134
280
73
139042
262
44
83969
76
9599
207787
138385
106
137
1617
138
158
242
9500
102
135
105
150
162037
40
163798
109320
52050
210
69
201
247
219960
11961
109134
187
1
110309
163
78
9
226
254
38862
62616
95982
242
28870
40
6210
484
22479
103
10307
25491
46235
197
179
12954
129360
28509
30513
228
13060
35662
143
11296
94008
53864
67
2771
9833
26063
149
25145
61
2419
1
53
278
6842
9334
13
12512
13
254
18852
247
120049
23804
3605
51
50743
55
132
147
25525
234
200299
69846
53935
96
38577
170589
33
27
189
1
7295
160391
2276
3725
156
26885
7852
229
55399
298
179
13330
34359
19134
56
15402
57255
40036
391
3
19488
300
67708
8234
12434
112
214
303
246
12687
7944
59379
41089
160212
12630
266
215
52642
180
32836
48
45406
60552
17806
80472
215
30
90
183
92900
15753
602
77380
168
17726
14374
186
1791
13865
153068
15
72
22
25343
22748
291
110612
229
64
3957
1
1
328
317
182
238
73
139
73683
707
82906
96
203
30820
30
26688
201679
14408
50540
5367
55237
10
48188
130
5204
167
15387
1
147451
24
119
4132
44563
57930
197
4395
21504
62
28
121
265
84125
19592
171
107
129677
260
45
289
19471
114
80336
27644
50
92
66123
313
3
34163
27972
26464
97399
6
75134
96211
213
145421
169
117
114285
16393
1221
31
206
269
36785
117
25194
176607
163
75515
108874
110332
172
14
178335
50
43539
77296
137
46669
74838
416
12053
93
53046
56
102472
40267
60
272
154
28
203
278
56
53
283
3
95
16710
13315
6309
240
338
319
5674
26
21741
181
49
35325
11440
21
92
161
278
31005
217992
252
34533
95062
169380
92788
70
49511
159
285
114
133697
200
86649
84393
113918
129742
222
297
86546
171846
31
53610
54
10513
227
105968
237
38
1951
106
161
45
348
43
148243
108861
26403
143
17698
76
118142
38898
230
98277
203
222
139823
31974
74
94
47807
107323
147
10949
76786
41333
29
138
187611
97
77828
55
8
228
1277
144249
25178
285
54
42392
141627
285
206
40
179
192084
205
10960
7627
18383
99182
270
11926
37266
280
37560
6
84416
151
12552
14332
40185
130
187
2
168
212
81672
216
109154
21241
47059
53067
198
92055
81215
18983
43990
7373
21300
155446
196
33
123874
175297
166
61996
13763
85
118
46703
203
229
134035
202
204
104
132634
44710
3479
159714
6915
7311
30374
66215
133
19649
75
96925
111
61619
75
62938
35106
78
135
30365
113
152
7
176
79813
86
58980
151
260
126
102713
176
154571
13549
223
31628
1603
142993
62
309
8214
222613
48562
232
74198
75
63
209
107848
158
262
18021
317
41423
93251
15742
60420
132007
173
52956
64
186
173
307
78828
18315
32348
126239
231
76
57502
47
81430
114
20
95
247
48
3
6
1655
4
330
200
212
11075
52951
60
5754
58268
152
115126
121
21094
172
191
9549
14435
9510
5
7160
18282
82
265
32378
81
141
76303
61862
4
1003
7620
108
21
4372
6
159930
111
135
669
7489
213
76
30
66272
46559
56
41815
39373
195
12099
5577
62511
25560
138478
17423
138
106434
38
325
189
131
218
182
26
184
263
21058
235
65792
15310
7530
51792
80775
44130
127
220
208
50761
12
169
68307
154669
15982
153
68312
384
62605
54870
153
221
10062
36219
159
103137
125718
153083
110
171
12
6355
194
118
24
67
28
58182
59721
219690
54
81804
83
14660
76
4635
169
89362
84138
179
185791
190
7
39
228
21481
141
105
74823
206
135501
95659
48103
123290
43
27
47866
282
196
68519
22
3215
113
31614
223
5
26634
102
28
28656
262
80428
30530
291
161065
59619
296
181
33548
26893
63426
140
302
298
30053
1398
31713
1832
222
224
97
186
7584
3
173
83
281
297
101464
115730
403
7942
12265
3793
2575
115269
85
66
7616
38208
31997
235
171
174858
56
45055
145830
119
241
257
106
149546
345
17712
96485
8108
42173
27109
13184
52
2749
139343
155
35
447
1
86
59397
310
144
9
10
54450
13042
115727
243
136505
228
269
150124
67812
5100
209022
120559
6533
55
7927
31244
139312
190
5044
85193
82489
286
81535
47119
8965
200
827
161473
58739
182
102364
131
85
228
42386
123017
1584
279
43900
146
57
24763
147329
4616
113268
9
95
227
131
107
184578
64
22741
80
15428
142
14584
9757
60
127140
53
281
34706
61582
4379
24234
41001
79763
98394
27299
112439
223
236
38389
190
6
72924
96
28715
124975
180
91612
205
27
29249
100
4811
137484
18390
256
273
25404
239
214
274
44
61749
59
39218
76
41
2678
35517
4
75661
57
93868
68866
40
109
70241
83
211
130613
87473
74818
80023
26
321
40844
182191
874
101635
98
41080
151
196
56455
31148
1229
34646
109466
42012
134011
185
54741
51152
14913
33358
162
51514
59427
106603
118
151
12
4219
338
65431
245
62
137
190911
211
6083
29340
79
132442
181
32790
215
74503
115608
84
101512
230
267
12971
186
157
259
155
195
62544
3547
71527
2728
41
204
5631
265
47822
211
118894
214
49239
168239
41145
114753
50787
37600
18875
50152
4916
30771
22107
10480
237
237
89
238
42
14858
195
33
182
118
93176
153
793
25077
12136
8233
172
11
105804
18289
13409
17702
8
36749
105284
62623
4822
236
165793
200
229
232
188
14024
3372
129492
108869
39
245
1522
200
190
192514
241
48
76
1423
225
8368
33608
114
74556
59567
176
139055
275
99875
10906
33229
153
42
61
211058
254
114950
2931
145
56600
181
101
109638
280
138
89
85059
129
327
60
37806
97
80997
449
35121
209
245
8896
40
333
35
94911
236
91
82
109
175
129
207
160
114386
114916
10
207
273
108
370
215
76433
65121
145
144
229
62233
1512
202
20468
159
104187
9
16878
119384
253
273
99
108031
268
82393
96383
188887
6675
129
3
35297
28890
159
244
5192
241
158
138
70
41089
127635
178955
230
21659
51059
51501
17454
22861
130949
42
74753
8430
55328
7945
96643
56042
271
22280
40
77951
240
176323
29878
1079
98
290
22
15
34639
13808
67314
5297
73
24234
124
151250
85562
47717
78280
277
119
103
250
173952
112
73551
152
89561
145
102
49285
95
42572
113617
33657
526
13079
35
140
305
20668
15
24429
42250
72
159170
95
237
147
111
156
164401
48383
5
29
197839
236
4415
18087
31280
192191
145241
102142
31950
39503
1
15047
231
2895
135
41866
106
284
317
38
93191
1668
231694
42093
126
100
114525
75
43
91017
157
12788
24938
101966
248
283
27916
14783
62826
50
204
16614
88110
156317
40731
73941
72
251
136
6
168
166332
42530
75
96
184843
59379
1370
11364
39256
17157
4818
46
1
275
25567
106906
58053
16777
51571
55
75221
114
86155
34386
186
168
175
204
22
57
24
20
162
247
91848
3187
123453
7477
245
49
88
46482
4
54
150
149
2
8195
147318
87609
6458
42061
55
37081
101
1864
45289
204
234
196454
257
316
76906
272
4
213
134
25080
139999
111558
7282
183564
156
53716
79901
58
359
253
233
46765
207
42031
180
211
117
6475
19839
179
52
45
147
42357
63
23719
92065
237
88
101158
31
42212
253
71582
273
16150
126842
160
52976
276
239
56255
31313
152136
126124
100
85214
30330
142600
155
122
140093
79
188526
41
50662
11218
26898
34
155
207354
6798
186
243
5672
19021
3097
105553
72
145
289
39135
24156
109683
34923
151
1722
63514
39628
34143
38
16717
269
63
13576
185925
3329
40
125005
23451
41914
173431
3841
83
6
123
60240
2457
12300
100654
52449
84
210
42672
73
5945
97306
103923
50
52350
186
106483
106
227
47764
21965
34
5
59
40307
31
26343
72372
19830
160
17009
13531
9226
191748
265
49184
55
153
175
265
107
31
37336
38805
5
176560
21869
8
93688
174
104
171
141911
20086
181
266
122
284
76568
185
11260
83391
63738
103909
39
143986
21
318
20
56638
169
67348
4648
224
3482
193
39413
8773
31125
136
64
21
64873
59
162
235
119498
237
65362
26
78145
27007
59075
201
259
142868
87127
85848
16768
65147
22
35
35052
49643
24502
102233
74025
72
3177
116
15410
156
41
237
108390
251
66732
134436
165510
34
217
48600
81315
196498
68031
201
43796
188
61063
14384
134
306
25678
47097
131
63720
198
99866
217
20595
135660
159
34
41910
5201
44579
75
13855
172
259
16964
123
18575
50034
257
79974
100841
143959
157880
84
90661
294
119296
285
128
1822
221
165880
280
91356
179
79100
164154
89151
8
30
176
45
7119
57182
117
30904
124597
13
48735
240
302
117827
32992
207
283
260
24938
224
58393
12
7111
59
167935
134
153730
133593
3
27030
166
80
95733
26255
658
149
117302
109
95
43
220
187
139324
23282
100808
193
71768
43153
203359
204
250
85969
35411
45
40019
134
9391
41892
9064
27
205
152365
1624
134071
2209
126
75
152
134
129
808
23901
170
118
183
12765
183
125444
150886
144602
18353
28883
10165
123184
91464
3049
12081
238
122268
96428
127
318
130744
152004
211
131522
232
74
41
44499
69
45
3845
267
57423
82364
170914
280
43
166
183
57279
217
31784
150423
40621
156
123070
106768
168
12892
200
183
63
1518
125
81
1585
64
39567
2447
96
23103
29799
376
344
109444
61966
203
49970
87
14
185
296
122
105
46
337
110
28109
34726
231
54373
203
20194
139
60642
116
123
107152
255
2799
275
75320
1046
52034
26226
68760
96975
108205
136
287
121
24835
4425
28
29795
26075
85251
229
6817
52788
48825
37164
280
7076
155
63713
250
12335
132227
177
4656
79712
17
97305
103
91167
286
193
9808
10729
209
237
288
40167
22954
222
102198
21926
12
138
5551
236
68
139
17819
49494
54047
151
14052
130676
1954
29
87
391
113
105772
539
24495
65
75709
9751
88585
743
47
29
225
21
208
131
11591
61647
9134
87585
163
1728
86513
73
144002
106
255
61398
19538
30
17
28798
136
57902
37836
3722
43225
129219
13
57
13379
144450
120
13
29669
61803
68
1705
154565
40
77550
23
72698
40092
10
183
7
81
42530
29482
103
314
54694
97792
16379
15007
23776
55
231
164
222
166377
117534
208
697
16393
227
18602
246
22391
154
1515
339
103493
203
184570
85
162
135981
16936
24904
56717
2062
169694
18490
15254
377
208
83
207
224
32781
259
15540
156
126
5329
301
50
11160
123663
264
167691
153
24
100
56290
27715
150
199
10
10578
17
309
22917
230
29053
116
98351
73
30
16356
39933
205800
142
144
89257
20977
76
34588
51802
282
17
330
47
8642
163
22878
4136
98
248
4947
1
96890
293
61876
10146
146306
72
33950
142721
41713
40
77
85546
102974
41207
5239
41001
48189
134487
13
185231
36
30764
20229
66810
255
34812
101
53430
8072
82478
349
34
52
62566
288
291
92246
7272
26
186
297
53429
1
101
187
165
225
5465
73749
1068
87402
2275
197
82
34498
270
63860
6406
32105
240
83530
101
210
117
134217
52
3226
2820
11538
5525
205
50
24
172
28
28335
65
81
71088
37
78
101438
2293
231
49187
99697
303
129970
25380
251
74259
220
23
53
229
103
4431
27
20
83
83
61815
292
78556
10364
3616
97
70145
29331
158
6210
215
235
266
173424
104030
71
205
182
31875
130
29242
32755
26
5963
365
223
253
38594
41
166494
81605
163
278
3120
124197
89431
2
173
103
1244
65
53
6630
50880
174
67
60
51519
191
116221
82963
29485
238
167
4480
128
244
76
913
235
34297
18274
20640
226
66933
92
44
1571
168
60862
30402
170125
149734
151517
30
73
155313
336
7294
255
218
60
13976
38780
193371
157
7
128127
7641
209
75398
19456
338
234
11700
64
139
22025
124
6685
207039
172278
165
218
13277
16324
216
70
12718
125
151249
115
9896
73837
240
147655
36
37
62526
192
35290
244
141875
130319
233
3902
133
140
64
4144
241
213
16618
54324
71702
8115
3229
327
53167
79432
108347
3
13302
4431
15244
112797
27254
98352
92
31
176
263
20
142024
28622
28751
73
114872
144
169144
114
84284
144
33309
81643
257
48
242
135
15154
118
43971
46605
61804
136
30975
44909
27128
156
1465
239
94
70
68
364
4
89
21919
138
141
205
268
120815
44937
278
148023
70336
32848
151952
78608
80
26283
232
43253
4228
151967
52671
44609
52582
72
150
18
200
24476
71856
82017
63
68
343
350
14965
28
49934
4863
290
224
107508
1460
206882
124
172
51849
222
67559
235
45333
256
197
144
153
49606
7
27517
146
160717
108
290
23297
83272
94
220
324
76308
142032
9846
112
210
110
153
289
147
177865
173457
65
44759
7799
87415
79519
143553
270
335
9
19
15434
174
117
99576
23358
188742
24522
69708
285
5
35006
1
135
102
227515
4466
304
29945
4463
1
120883
86974
19912
113
36903
13957
66956
277
122
92243
253
56707
489
141731
33354
23424
84704
108493
243
52889
22
364
183103
1046
4632
77
223
89
40987
35514
129
16966
277
81
48086
342
20865
53043
171
159447
64853
17639
7390
25438
304
16146
301
2714
137048
3635
12954
102
67878
27666
23
36297
28478
241
15200
1362
135198
36
85806
275
176997
192
126
18117
231
34069
22698
199
83
271
174
900
181
6
62328
12613
148953
16858
116870
112
223
38666
3
89651
10
115
147898
180666
9471
148172
161327
5669
10584
245
127
65868
119
302
61
105120
7245
199
38
100702
49738
68
120667
160
57844
21
143
51219
2436
157
55525
151
78076
17887
10461
81418
21059
23411
133
87
3184
73069
43613
154
303
30
59798
111
220
25325
177607
240
1247
185
199
246
100
15155
114802
71
52673
54758
155
33
189
13
149
63
38332
34870
14460
9847
2490
71977
72496
35454
40274
81678
87
148
12647
8
170606
17
118
7374
215
106965
176
3
95
119344
15960
29
112
1
1
872
127
10994
89
55348
150
89
166260
75400
204
11
7676
87371
74
10988
22783
28307
84561
21
96946
6562
32871
46488
227
168
20830
278
47103
96
242
4075
4726
152978
10496
1260
291
56
22533
248
204822
25
256
4903
305
250
89
115
158
8882
27187
10023
108657
9
25189
2783
157278
122701
173
41195
17
90
2852
78
206
333
169487
95282
152298
22
75046
202
155
18
4282
2233
59302
117
6538
179
109
72
102
13661
153
6837
86
4151
31653
197
158095
37847
7874
166
316
239
16627
71759
180
7289
55011
195
122
17957
160320
30331
47
92410
198
166
23
140832
241
51013
157
189
39679
334
14800
246
257
14838
261
7147
91761
48488
538
218
102847
146
141
291
21
4369
13830
221
124
84700
152
4414
51794
195
7
88788
270
96115
89299
129212
96166
112
6
150
175
207
290
67831
297
8743
87127
112905
7871
1
3
21
180
20348
248
296
112318
101286
13183
111485
9794
8692
121
138
110365
43
371
141853
208665
3251
145138
43
2550
1401
176
61
153
92088
94838
60763
123
94650
103012
3922
19
113
73506
153
81294
5201
78847
102
48
44
23
46
12157
141112
89409
74734
91270
49847
6500
269
114
70500
291
74842
138
12072
89304
41678
117
110
35069
43456
156
29417
297
11103
31398
230
63504
156
45
54
49267
234
220
322
272
33652
34249
4
42644
47
188
37
79956
271
93070
11226
216
274
146074
181
204090
162
84
183
65
41505
10042
127038
40
65
105708
147
62450
24371
12133
78855
27754
30838
16475
117
58611
46875
116763
88
31444
31099
189
85
42
88078
72383
26293
189
48253
140718
226
86854
104
140
33302
121
252
92094
18112
228
74
150079
23632
17235
141
20442
73913
67911
207110
97
84588
112470
223
207046
12727
56
228
13280
289
176
4185
56
3192
6796
57
13651
193060
9
137024
21
143
9904
57739
23295
20044
21111
150316
30489
219
67
31847
103
159315
70956
10
31697
11298
148053
39
217
30780
22169
24685
72
110272
38
125088
17881
43108
379
3383
162
122579
207
153267
8346
310
247
2609
46383
92
51
313
23135
27189
1
101668
21088
194700
51748
18427
22593
77954
111299
173648
169
43137
32636
33506
111
26
301
162
20796
70534
120
164494
19
67
52
186
63
40103
166
493
20
20262
249
31770
105951
29108
43
183
40
271
78
179100
163860
106
19843
337
8884
156
104
287
78972
125735
166
19214
5587
3572
11997
143630
10
20023
10677
1
6694
118414
272
60852
277
83316
22750
48298
142485
202
52
172
118
22
206
172
227
104713
2858
17025
25082
71
277
330
142906
21372
10227
162
227
281
6
133390
53195
76
136856
183
35571
283
13561
46
240
41708
38908
99
72746
8450
194
215
235
14
149
17406
2427
44
21638
190
22374
171
65296
149
7753
68221
86
160664
22
25435
124558
33743
6675
82545
180
161
3368
93
105
74442
59
94122
34594
50376
44888
150
59436
163634
75
110552
135
297
45797
48
12584
18619
261
56189
15
51
18
70
74650
41680
218
219
245
245
29660
73
73329
264
87719
87
312
43775
115695
164
184
157
11002
62514
131645
199
208
89785
125
27301
144
202
41595
26904
203
22
43816
8837
8860
94
125
193527
163419
90
34432
19
7748
157598
16015
51
46097
252
71941
310
103
33440
89
13783
39928
104
157
242
107087
65002
99352
74
64793
388
39359
130
136
219
75291
1
60903
54
6
222
302
49180
38
118
49524
85852
19
18636
3228
99821
46559
15411
140226
32
211
165
257
3745
37813
44632
76394
102596
144545
29480
177095
87701
51
45965
50502
36486
82
265
6779
174874
6771
162
50
18749
559
97
96
15685
139142
6
23880
35145
7694
229
160
28374
113
83786
169166
217
5
60
147
35314
23
20497
3033
1364
232
154
59434
126
4671
166
181
164
268
48988
118316
153
46945
285
208
137018
182
84872
66648
79602
206
196
4
16602
312
75744
187
48498
116995
81
293
26674
1852
251
121362
4968
38
92625
19289
121451
24
228
351
58765
73648
57634
40462
61771
73
44438
313
315
191
18134
258
113
341
194
57653
120
1080
30060
80724
39
173
19778
131763
263
82
2545
137888
8629
97126
16339
234
6900
209782
81717
122064
108
1829
93
11807
81228
248
7138
94485
82
239
149
174
42706
326
137558
80
258
47
214
64462
38
46985
135
183
89
188
64
231
7029
10
7493
134
103118
39046
177
2913
45153
133
9
128253
84
38
13673
174
111749
89
32601
8958
263
41949
297
51
157987
224
9024
5110
29
140230
1
62646
269
21
110
33785
90238
4884
48819
76
90734
288
64351
86
114230
180
47721
204
286
211
153
43367
59693
71
143924
95417
122842
37644
164863
24387
76
69
119
198
181
111
11321
255
11977
18
263
78174
181
162597
211440
3
83
284
181200
173
20268
220
504
31179
107522
164
11940
67654
210
11758
40746
18105
98
83534
46140
1071
25775
6025
15
25657
75
146
74345
293
127756
103747
68
2686
73683
38667
51026
10685
142182
326
82
107343
156
174
42406
1067
6548
31598
87801
163
26264
111
218
241
178
112889
72884
159
731
7211
68
100
118868
10
5113
2372
14808
1
239
32413
37651
25
257
101
153
137
212111
33669
101
96
11497
258
116391
126488
239
1
108
393
10893
335
95
26147
36
108
110
71382
130173
98433
114009
49251
124500
52974
21936
6
33315
215
14100
50
12415
61703
37323
6581
71
37
75
107249
50
47
67168
160
11
250
158
207
102
155
34629
279
192557
10
137
1
23290
22867
111936
53888
67
2527
21201
175
126814
255
121
110254
31217
140
9588
32316
57628
77
18
110849
118880
159182
270
235
55
16872
181
237
161
116055
112161
64582
90
108313
5808
25397
152
14021
291
38153
236
310
181
6207
60
246
48539
30192
1242
43427
4835
305
80614
76591
65
53677
22815
4
91635
3657
40440
72539
64399
108
23
183
131
9
155
157879
188
70
147405
134
41966
119
86552
46089
38
38814
6330
29478
102
84624
116249
28923
102777
195696
309
378
40019
23037
185
50014
7810
41377
216
103
76266
77652
121
216
6452
7494
135255
340
162
3590
258
225
62625
83113
76
273
38151
22827
21255
133968
313
3
114
98
39169
288
1433
30559
122399
245
125
16
6755
5032
10528
246
13663
6847
143
120
25
97005
137667
110
194280
26
15085
258
107586
2266
45
80041
5
246
200187
69
237
131
62142
239
24200
262
320
15130
297
71849
241
47798
1879
82563
87
272
127483
154271
132255
628
4158
41318
183
13203
1
114
92879
100266
190
213
14262
219
307
263
77863
140053
209
37
72662
32
11
66540
165907
124002
85614
1928
219
32401
247
59103
199
60524
29
19082
10
67500
230
54502
18850
96
52523
389
129
15351
6
14912
169
80890
9
277
65
223
245
3
17749
304
30082
174224
60
64647
233
24908
152510
258
235
268
203
166013
11624
4
53562
61685
11761
30
61
193
197
41
87
315
40
39038
93956
293
12245
74688
34301
33238
241
9999
103
13326
233
175
176
95
133
197323
2290
14
41737
315
113568
43995
52551
248
51692
86156
82676
33558
3537
282
253
138
104
113
163
14050
68
177963
254
258
32
329
211
19
73
108892
166
17777
17027
11
50277
251
66062
179176
65610
21238
34643
172
134
161656
16035
21633
61
26
32631
37
98319
283
269
44167
40526
14738
82
74152
13845
178
42516
270
684
160
27
177194
78125
102307
83
18810
33976
132851
6858
97626
142829
273
183
95
15
242
7
225
289
6188
5123
17002
8104
39414
11127
213
6
53331
11092
58740
161
31
86807
159
324
229
316
115
202
23969
141542
162
40
163
319
104940
143
75904
74019
105446
83772
73881
61824
118
40985
157532
66
193814
29451
7011
150501
151
107
236
119988
335
24
34648
14514
54
198
241
228
114681
45
126
217
185707
236
31884
79391
12062
67002
217
17498
35
45227
270
78494
218
76381
58691
159
148
12036
106
78381
221
52639
51092
15
25
217
273
101884
117920
36123
144
207
192
171
482
44929
279
103346
1711
151
197
104035
132825
16
111397
291
186
129
215
57
195
12
76
140
62
334
12174
175
75
120337
246
23
189712
40
264
164
113439
34756
44802
269
113883
97
60717
105
58322
19570
5154
57403
182
83
30
149
55541
200
110354
9410
3038
244
165410
99
266
41005
48
5721
144
22039
163
1702
78298
103473
7260
213
146
72623
11
158651
127
38745
192
187613
213
93049
199870
22341
130278
97485
5577
75899
118
151862
252
14112
4
114644
177
93
151118
242
7050
134
65
325
79614
67550
198
89
273
52532
66
267
81658
76645
235
119574
53
5115
33819
94
104
33031
294
149003
32214
110
5750
43
172522
103
59454
24
261
227
10
103767
41974
119
61
51318
5298
106646
47178
127908
95838
24054
75
143
79239
16743
260
107664
128
59733
106740
66
305
216
14537
60
283
146
78
182067
161
181
27
5372
48
10856
274
81
52
90
106908
45754
51
84379
153570
17
52789
3789
91840
38622
43278
99
73607
7645
32446
235
48917
106
7110
77821
237
109
87636
37539
86716
276
264
32740
37758
204
39682
144110
7269
33091
94536
29564
11
27
15912
66765
261
140
141048
276
28528
88951
305
11121
60272
41748
63210
242
258
193
130
67424
152
121
113855
102
176416
78874
30014
95071
131
19125
14275
13476
40944
206
99
220010
187
22
23
285
126809
11032
293
21138
39013
55998
290
120603
101912
15061
30394
166
41279
161
374
41923
255
22
195594
58584
372
127
71
30
278
171
5
485
114
208021
7430
124
84380
21031
13793
27674
53827
163
1
92
267
57
24626
26883
53
11
124126
18409
96392
377
42956
21327
48944
220
76203
155472
161
63
53
98188
3543
50042
128570
81565
146
39007
1367
10217
1
150
276
29551
3694
12903
46801
46
426
93253
120625
36765
196057
24001
258
111669
205
115367
4995
170
206
76
34
2586
223
184
238
287
234
32
175
222765
2609
47236
108
242
74
294
110
26708
12
6852
46160
216
53075
22
71
34096
72281
47
37669
214
324
2869
12998
52015
27626
95
1
251
149
244
155876
57773
345
7801
216
146873
4020
71087
338
27761
248
37
239
39
57126
179
163
85743
271
138355
61
86
146
28885
39260
30745
297
43000
70165
23
19203
92
26
119004
13
2452
22820
133761
181
18642
80
22589
4179
217
32
48
96
49086
25791
147
86369
139036
8141
301
261
175
189
246
70847
61
15
34466
39054
77783
166
14548
644
55314
40137
377
65707
95282
85
16710
58623
30279
263
205
267
71979
38679
158562
14171
37014
52
88242
202
70892
1158
56
104334
43865
79099
274
35154
94879
25523
172
43
27
269
7258
20
160
38606
99309
6
240
11021
818
115
58777
101
4
96
215
10252
60224
12711
13960
48352
43092
87108
83
14401
181
124
151
121423
48
94
365
191
352
119939
280
198
47655
197
137727
6
33
1
37
134
122
154
369
226
224
235
21893
181
100875
176
182
229
266
68248
21970
33
75
195
11294
107226
18049
205
11
171
11811
21
114796
150
31984
31042
65
200
233
138
111060
187
66421
65669
32435
100
138
10044
241
5743
1
94
78341
63
234
12110
146454
81
19784
203
60251
107
668
1
37091
102939
265
47
178368
229
286
34367
31312
21051
28405
307
150
287
8855
1525
39852
50
64937
69784
32
34069
73811
9775
6190
9994
6
142
17374
329
128
2054
166
241
175
108635
186415
86
18351
32990
276
77
65
401
116089
16937
63
27953
117018
94
202
152
260
141763
5057
27750
100
277
3090
26182
1007
30
254
28
201
28472
291
164
375
120363
37135
88
166917
44205
82521
15
4924
130
291
139882
14146
9796
70712
38
139112
47
214
129012
134712
42411
193
40711
8
43
12544
41242
174
44688
21776
157
52
151
26503
33026
269
67506
169884
218
182
45893
24838
233
34023
33
4602
4707
33110
114
113
150
113200
73733
118
34
84571
20
13275
217
252
74
118
38
200
617
144
55309
167
209
153088
6688
122366
30592
25
118
189
209
219
825
82
126
224
153192
148
112
8778
79503
18506
279
181
228
129
24809
22818
63
21587
153
144848
81
160
61655
168
11
55599
38763
133
43152
96
259
7385
120
69912
223
166
25311
33147
80792
11449
219
63
33
227084
107
161690
156
201
161
213
42
153
3438
130
59
6
164
87
39072
103841
43575
136337
1139
274
216
96
1909
140
49829
140
109
126
51328
67067
114105
72689
97
124
29245
195
97966
176
52122
265
21765
17
102
72264
1041
17425
56189
6119
4574
75
120640
22008
64
5
196
202
118439
292
25827
18045
177
10
95
122222
190
46914
79289
7
269
257
41961
78
9993
3
49
12245
2397
79988
10694
69205
260
244
82637
85772
12444
117
54181
115978
3178
7813
114869
212499
79
295
332
67066
16
75
166
154593
100
48701
46295
53
124723
69
9041
70726
91421
32
78300
19471
81604
86262
39281
187463
280
42287
109644
107243
44952
47289
15069
86
25468
78390
150838
193
5
30202
35
36
257
280
3
181
37354
43678
194043
22924
102685
138647
20641
226
64075
189
307
207
26858
71
170
198
89
367
79
8746
10761
34
243
41148
152220
136
236
145
60651
207
101455
4
119
212
2375
182
225
92547
180483
123
316
55489
5857
134
136
136870
62857
6341
41
10
93
71587
32
142
238
162
7157
21389
311
32
95474
93314
10
13245
61026
43163
78262
94902
6887
288
243
127228
12
19059
223
283
104659
105736
6
62
14
25174
161804
6050
34082
98
156
47583
275
167
92502
37268
193
57326
91541
120
140252
25
44138
1
32524
16314
6561
107
201
132
34593
114
129095
30
247
247
23638
25421
14643
266
197
84
20348
955
1736
55696
229
7
1814
6199
5743
86
191
272
290
57
25
24135
143
260
15285
22728
25065
45670
178253
12974
1352
164
492
1328
329
200396
72456
208772
168
108
66020
142130
3
95931
74
85622
118861
6792
163
227
18649
189
22715
232
60
6682
154121
30301
35351
218
47940
190
160
47
46
42
224
2
44619
8635
15
51643
262
32393
16445
44947
23
4903
274
313
64503
38
199
321
352
190527
4934
15
114448
93645
23577
74
44425
2485
109
6
50
247
3
5110
56
50361
188725
286
118379
193290
34
75249
97808
58
44
142392
122
35393
75513
273
129
6627
103559
42953
186
287
3300
83554
56976
63211
58537
65
115
57610
22
8836
43510
74197
239
23536
238
47099
226
55083
130942
72936
232
26313
85
17098
82752
167
82455
108385
5442
2980
2237
27828
213
156952
240
288
119625
22024
124261
1833
70672
220
229
84706
86554
233
78
173
15062
136
97754
32812
354
90388
95845
313
92
185
56210
258
244
97552
9
32791
102143
8263
127
62201
187905
136
219
9
38072
5662
238
193
240
349
87
5713
117
158617
27322
67272
143024
49979
313
248
124479
57700
257
44
10440
30
107
60520
120
12852
93635
314
360
50039
82
14424
156
141
242
3614
186
127279
85
52894
2029
101683
176
24821
11517
233
4
87
113
87
133
139063
154574
27021
38966
12300
91106
6
91312
246
246
302
8336
48709
26165
226
3735
72515
56944
37163
7
155638
100
8397
75774
111
152680
1666
14043
89997
172
92210
81631
160443
63
14747
85
1791
216262
101001
642
68338
21852
127036
25
139978
292
85532
99441
153
137
307
43272
139577
195007
48903
28267
150
181
101
202
98260
112
80
260
102770
256
175806
146
198
132432
36838
80362
51070
24
30430
95
17884
150769
4855
263
7
22082
46359
47
10621
113
121258
226
140395
25620
1
241
37
276
54
142
4032
176
199960
29961
159893
17
95694
172444
233
6112
199
32629
203
188
44467
129
77
255
12299
12892
31
141
210
18448
230
162
19279
23080
58350
12733
108023
23604
173
105
157
92262
35349
179
58
119707
129
42078
44168
16997
37
231
186
86
40372
30
238
37540
1398
3
85165
184
66965
95109
25610
950
51097
59
40
7
180
251
33178
35531
130
21434
177
10547
54942
157011
140
140
100327
100
7626
39230
14
233
59733
44750
102824
250
152796
83
125485
117564
4654
143
16756
94
35770
148241
179
179
1344
158320
276
219
189
123
168263
19805
147785
59
23154
144263
244
115182
227
103283
69
73868
66715
152
136348
203
100418
94036
283
128
17476
175696
43101
138252
23857
36
36
517
15756
4425
41452
42
50566
251
58245
71575
109
5682
26006
135621
120
94
38663
152
48
2131
82
1534
48283
37915
321
15043
69345
13631
58647
87268
13885
89
159
55245
151
83279
87208
191642
47
263
702
98
78
139035
225
3
371
122
30
228
28778
291
68431
12658
14
101
23
229
99
89430
22797
138
29
216
264
101807
27291
11932
84351
33809
11366
126368
32558
70
2569
188
12655
11
82328
72230
11563
202
160573
2
119455
142081
58663
30012
20508
11108
145
125
25472
123
191781
44899
25236
41081
124747
98613
2903
140
67
351
23621
139644
32769
168
49
174
202
34160
57
94665
26707
25778
260
18121
232273
282
229
125796
157
47434
153
133246
34
21
32725
77920
265
168
49314
337
249
9584
83
188
125071
105
52108
207
140741
32007
59
54034
223
26581
147393
21919
21812
121
109848
119548
263
63785
81207
8737
22
44133
48951
87245
179817
138
14509
308
40984
29024
69
69961
252
84
49
22
3269
39268
17602
198432
179938
54572
97312
105129
44767
182
30
58954
112736
13432
46740
98890
149
242
32599
252
17741
135285
142092
104887
251
92032
135482
209292
75601
115867
90960
1
130755
13013
8
86896
156
143
89895
29462
155124
140198
57266
4320
125752
93
42238
294
6
127
47
14461
16362
51267
65504
130
232
64132
194
49
14
11445
94457
52838
104
7
152049
94982
62651
22530
130296
70
71682
71585
30180
210410
170033
43634
244
229434
28833
4778
208
77
98
186
162871
44093
176650
209
220
185
24503
145
264
63452
185
2490
292
71311
86
42
144
149
292
10618
193
7902
25129
38
85
60
94
146151
172110
22342
89481
45273
31186
190
70845
23298
1
4024
312
29751
11775
118
8
253
127
213
1
63641
239
198
164
381
6089
76866
59717
155
52300
81
38
7941
134415
896
178
8260
38652
246
263
288
268
63
22040
238
33271
148
5015
86436
104895
49940
129
51032
256
3957
91279
153462
89482
243
2590
129561
13615
44888
73
400
13819
126
150
39775
5970
194
15491
55732
50
260
10461
5990
57560
75
281
5648
171
556
92288
284
297
22445
126
17672
279
81177
48
268
219
103764
4352
213
1398
5403
18458
244
161488
274
30478
77451
38097
107
197178
7473
27457
66231
306
22022
173734
65
4
124
25675
117
24368
86526
79
221
33523
86829
121
1
50
56
229
83
38116
21691
58031
118482
29
10812
16163
2895
174119
98
46
17
208
41
150
184
36567
193
37863
88
11608
227
39784
70
78858
16560
3
225
215
33367
7
100759
131556
2196
11028
118
102
217214
93
19784
4426
37
81885
168103
109
17449
5
357
54
112887
36537
86211
15492
58773
81055
40
25569
69548
34770
1777
72287
1
57
74
22
78
116574
32509
163
4421
9781
260
145
132
111089
55
21
20640
296
49
310
49747
22186
101276
106
24
194
76770
164
61158
236
17
279
72
70967
170744
37923
110449
36377
3251
175042
76
59
2442
64
1656
53232
34
63
109
3893
184082
211
309
108357
36773
283
54
14493
26
154
28042
124315
5817
250
102
258
18
68421
55917
179208
51404
123
15
29
7520
6289
5825
36877
120558
111
1241
123
28
195
5600
97
33701
89
266
155
20530
24591
100
33000
223
7472
72544
70777
22
102681
23845
33339
176
280
264
6142
126456
53155
27345
103845
140662
65
65362
27774
48
62506
23011
138784
249
11658
5111
38173
216
30692
54
23
39902
65434
902
53
6245
22
21
229
51938
198
35666
248
236
121022
149907
216705
212
5782
520
146
243
116197
78
155972
107
66
305
232
7681
155
42401
114
199
184
191
112369
57
3
1
436
108
172
632
22
175709
50307
151
45397
229
69
389
58766
106199
23534
10725
290
152
333
167390
154220
110
3242
63034
157
129
30
177
220
60494
177172
193
55285
40
122
107436
27
65745
18543
118
14810
213
28275
66561
12
3454
17744
10
146667
3563
104871
89527
130
8
64406
9580
158
6556
7893
154300
270
142095
97728
34453
53800
140308
135433
44690
22
76
170690
172751
12011
207
7
1311
96125
29138
12182
80453
2680
109232
168
98090
76
210
7515
110
9816
149
63821
94
14882
104
52
1257
47041
182026
181729
107
131
85179
240
199381
136
33853
137672
117593
169
175
42622
233
110162
282
1524
112066
85
84
35780
45597
169
12
160033
2328
84232
6776
169
73
41485
45966
203
284
92589
37
25361
21446
142
99
86135
366
43906
20412
57270
26
4815
157
114832
56
203556
69802
266
262
198
94
132
219
263
47565
6947
195
236
374
41428
5668
54801
605
224
36
92195
11
15
96899
129503
40
53981
953
9583
44675
138916
128
114320
7101
21051
70787
194
12
3035
29783
263
78468
35422
205
87978
142619
17016
153068
12150
77
96
138
4948
175516
31142
97955
1
242
67
60067
35414
60
35371
43812
46035
14381
68
6
6687
14357
29775
9929
25
128
8071
52976
19961
20398
108
126
181
165
61
26
19378
162
85
59034
31147
1
24606
96763
19646
168114
25940
167
109853
160
124193
84
14804
246
188953
178
30
81322
197004
97
11482
21891
267
52953
21
251
214
3503
30202
14660
83645
190
949
137
165
75
2115
174481
123549
21
127156
152
139
27
183712
25622
33234
56
27137
12614
292
2027
81956
171
18
41805
173
3510
8376
40
153
115
46744
45293
782
11802
208
275
96
109
196
61252
20
88860
58
78
162310
4607
155355
18074
68647
29
352
13618
111820
193
109613
16476
67
215
4699
10108
33242
256
215
29388
18
157
149
9181
12670
17
87474
22
45325
216
51366
99
36366
55
46
144
93905
86926
4704
53183
198109
67929
308
103
153
251
39
202
42729
134840
257
141
43290
78
190
96335
100664
81
163
3158
56874
193
30580
71684
55720
1904
212
172
901
115986
8333
3
102
13
299
122
30016
108900
27412
54936
18882
87576
58981
3401
158558
121035
34757
190
232
59
76570
216
72501
99987
6069
144
66016
303
126927
122018
33296
120642
24
113172
143
5829
77758
230165
50199
146141
3702
5895
90
451
67886
194
336
38107
220
165
230
438
66
197524
217
65380
12862
223
104
187
277
190
153052
63
51
54
39920
21501
33
235
188
25
62481
83
142
30902
88242
13678
22498
71127
139282
212211
189
137
14620
66762
328
88
175
34
269
97698
105
39779
898
4094
155
64
109
279
63
274
42524
14432
116
144436
165931
112485
22722
257
260
1526
29300
95802
20420
49555
89863
78
52196
12375
36056
147
108902
199609
193
45
25566
64320
159
75055
104
149
2649
135797
10383
20084
129
179
16308
192
35325
17737
50361
8740
55782
142635
161
16
79710
3056
186
417
13630
222
253
56327
66
10317
33118
55301
6401
49752
17523
90
62210
201
30967
386
59
16827
190
96
163
303
136286
240
77299
28925
190166
50365
17495
8437
170589
43220
3855
226136
68601
2296
106824
154582
52717
13621
4011
308
6453
114938
37144
130
125180
114
50903
121
91402
196000
175366
52
17025
144
22
156683
194
42896
87
19971
3
78565
98708
183
83
77573
6057
119638
78
187
171
12450
35792
44336
4100
55
77
11935
19408
30
125
65433
95975
29082
134
174
84523
256
13196
223
20779
30194
85983
50924
68601
45
80
188458
89029
182467
55
87
228
173240
21378
167
80
57935
161
248
42249
72908
2456
223
853
258
141
270
1
768
83668
81519
5949
136935
125
35722
17087
69
219
152339
12566
44
13331
29241
184
4927
360
221
3392
332
241
199370
268
66621
105643
252
128386
7658
1704
12513
23
124
66583
138165
110
265
118
270
127113
58194
30058
162673
14354
1
199
265
161294
67
37888
33867
84020
107412
15
245
222
193343
113635
206
14235
48777
3733
121
52742
174688
146
193
184
312
198
146072
180823
42
7386
141
28
64755
122208
160
220
184
43
1422
43959
23605
47791
45198
66669
96516
15773
275
144
270
15
52801
144
314
81479
14881
54
118
249
45
9125
245
38214
13
97201
207538
92990
2462
10201
89
371
5314
9424
76
46045
19227
148934
22
131793
100
121916
49086
246
13593
14627
173
165
18400
19
207
39104
180
28823
177257
158
270
19286
33
18765
84417
72638
150
179795
158
243
75
23
51623
134
123038
123083
13468
127863
31
295
260
57920
9
87239
90448
4542
222
147
81494
172
239
222
2535
21783
72476
12769
790
32855
7217
115840
141650
72389
10277
119701
204
3
283
1
34862
10952
9
75828
127576
106115
201707
36891
104
252
60310
179
80
272
89325
7032
93191
100818
4401
199061
27340
1
53
93
241
246
85709
1399
122
41041
293
152211
175320
23870
364
20401
83545
146706
4
70
10
70140
63152
102547
9006
26
89920
601
80
152725
239
220
22018
269
8338
33109
61246
1646
32
89237
242
164
205
28443
125
224514
156787
65611
206
3368
66
5951
93
140
80002
18232
263
101636
254
8997
133
158
13561
118442
272
164
13074
121239
82
44
193
156
162390
227
55
204417
9021
142090
2768
36571
105
65
168
42
248
105
56
37261
42758
14980
184079
49691
199
161
90
7841
107
12251
18036
9704
50
164
13
105
48221
33
22
68607
10
104
3890
291
37547
343
3756
27902
36256
1382
144833
29277
38610
81
73959
85518
227
49529
310
56011
23427
92355
3483
190
27410
191
55464
13
139
1072
32
4
66705
35961
110755
240
52963
6
39
65503
193
173
32326
64929
250
38783
17
226
53214
21006
80
125187
53181
45055
141
175
150668
37
114
85
36731
36846
223
17392
172
15
92
22394
36426
85101
221
3943
13952
167
151571
118
1035
88144
114726
39837
25606
166330
161
186
114
50
26274
280
11004
108
234
75159
26
34774
38406
23478
64857
101
2
29672
139361
135
160217
226
46040
240
63677
146411
80802
11925
5
19399
105
80730
37
12997
193
7579
25935
58099
58784
59111
59436
21621
42815
313
72891
28
36745
351
923
20662
334
13042
56219
187
170147
45
149
140
103497
125
201
32481
232
51432
148
15061
90
169
141236
7642
98385
14049
79
303
10585
2830
23319
100
115053
16740
52158
135873
311
176028
232
28614
50
239
332
31106
153
194
120055
193221
29663
22541
110007
55454
118200
59347
140
52947
114999
42917
393
164320
36719
53042
228
171
9277
188
108
32114
162
172123
151
63
95365
70798
65459
32254
89777
203
110671
215
9745
132062
66002
127
123788
73
50
65883
150673
196
67
62677
57071
262
37
4749
97
5550
220
87
467
128652
110727
152311
110
2312
117
108
29
281
14
48768
48196
20999
285
1
61
156
229
8
32757
177
23010
54
51498
169
110873
192
167
41621
47588
17836
15540
15525
92055
186
276
199
12
3719
74309
287
91892
39
6070
141
43533
1232
107
37
92522
9386
110
16
94032
46
18290
56
16
114822
35202
3591
8
3
212
230
71717
62688
13282
196
6882
146
81521
86650
66320
22
19131
72
58995
116180
23405
20339
130826
176
143631
15
117
1063
1
38645
275
68
168511
237
86900
136
1
293
71701
268
66
48
54
224
82
271
241
210
13058
267
27259
66525
160
41
24352
213
35886
128
60181
165
312
39094
63
230
86
109683
210
59
4090
167882
272
224
45641
126809
139
652
226
19058
70837
31
158
250
143
95452
207
15
171
114097
62097
29019
71484
32165
71166
177
262
224
66
7212
107831
48
202037
151
1136
25
30471
162
11
330
114
110496
27746
38666
29365
32542
238
140
223
11836
284
171
143
127738
218
194
69
321
235
59
120
26
20
54488
212
266
126
80624
38934
48609
127
153
278
58
212
47
71402
27098
41
76973
13235
61489
146
163669
9216
80448
191
74
193
75187
11850
267
81
139983
274
340
71131
85572
25
146426
14632
15868
102432
209
21
227
217055
31386
11923
282
173
48900
24268
85573
83
79
280
305
63397
65133
20964
19980
139661
208
86
171
137223
178
80
55
147611
133
18
118
248
70
76990
34690
88
19
6707
30442
123115
249
90212
66
83513
225
181976
84187
175
168980
80382
8551
96
347
22430
265
16677
167196
8139
84558
159093
71143
16406
162
2787
85781
13
214
9648
80712
68753
193
13
98153
231
45600
85
168
18129
43827
14130
10217
6053
136
17914
30
131970
69748
15
276
132797
51704
98
47337
19470
51396
90
169
52776
3574
22671
231
89864
168105
19162
6643
25765
227
2899
21256
57072
173
16712
45004
154402
37538
151
60374
182
126
77
8157
2690
114868
103
187
223
4847
35425
14397
228
112
187
55598
230
7825
235
6612
64502
66096
42
27707
114
102224
1815
52800
45
158
125667
83726
25
166
134441
259
183474
36886
89
185
100236
54
230
49998
82
136817
29343
120
280
37
76422
61
59957
83850
317
216
49531
267
73080
41082
28
38001
8719
88002
9262
23
85
1179
4121
74480
172
261
1484
6866
1255
7140
806
22
53699
16890
165907
191
89384
26724
86
158224
216
75323
145364
10
34
15
38
13188
23634
52359
30044
256
99
306
45
44340
2698
48358
176
181
136452
5520
76
222
122
55563
15226
3981
211
65916
70494
54470
55461
235
39127
78
12493
115010
114
224
25135
34107
204
270
33134
180
98471
143586
175351
326
40092
212
1256
168
163
8161
213795
306
65461
69
151250
37
75208
8909
106
232
244
10
196
252
57515
190
29710
16326
92300
48316
4
156
119757
128342
65695
100
17
245
101977
422
46195
100
141
14630
34377
55720
220
252
32071
62939
1352
328
7503
15410
180995
21368
50
31803
71
311
1
21771
142443
14900
148922
82450
31
8490
143193
242
154
118354
184
313
150082
106759
28754
20
1
94449
6
274
27401
257
131
29
35942
81
104220
12123
51940
193
115425
160816
14035
114
145
22812
262
143
26400
109632
108
217422
2
137144
93746
214
57661
23
108
33308
20797
3203
41227
109
44833
82751
51845
70080
96
323
32662
13884
154
236
128759
17428
11241
16543
68882
257
22497
17425
100888
127
145
41600
155529
2238
99317
311
93
62
77176
3211
238
63622
88217
37106
15
45
15273
82101
72625
28857
34555
191873
145198
63425
27
45476
32798
43551
38
30753
9715
5369
278
303
235
254
4578
141
18323
120405
127236
195
15
211
81
27
212
15680
114588
207266
17057
70896
241
60
200
59662
6745
114474
87719
164254
25533
80030
90340
141580
171
4027
6069
210
94695
27
34
12514
96
102
80
44051
57
63656
12600
49
52214
32840
8374
254
66
34553
148825
58166
39374
1591
149224
182
4
20161
23514
204
110911
26218
15414
19779
183
64274
2852
203191
25571
32413
15943
155
15
227
16524
72324
90833
1
79702
329
48
41
263
39222
63
196
29789
177
317
91870
227
12146
255
71204
41173
18
247
22641
5428
2725
225
203
27985
9
22
30
108
197
21596
216
257
30314
1886
19407
27877
96612
223
14883
230
48
205
8669
40062
264
9644
310
119486
302
227
144
81
29738
300
1176
180306
6
97
98542
120
11804
103126
27059
319
254
39948
2
24843
41347
83515
2814
23
9906
75487
9
63232
143135
90201
225746
9320
65
311
155
122
339
43050
149
26586
103
104
219
13541
41657
109
50
66358
10949
180
200
168
46
163989
40800
316
29652
41
205
8
252
43543
143
19408
145
261
258
159
126940
229
52
108907
7703
42959
57497
190579
1263
293
246
152
177
47
180063
138
25967
128399
130
116
26214
68628
37798
160
122353
114875
117895
194332
235
31683
35
280
95
150
264
195
183546
110267
1
94682
72658
7968
2995
64129
161
22
203
326
34247
65
424
193745
301
75
103504
22734
146
16179
61967
8
301
79
10119
55352
49533
145
28
81336
1235
36508
21793
80037
14675
104
44123
3
201
6581
34875
173238
1258
19952
9794
107810
10544
16736
111
9794
115284
160
207
48
3
201111
68
78
142
90552
2544
114
65394
88321
29059
57192
137012
43577
25783
51889
142965
11647
25504
30
325
52473
112589
302
155951
13
51798
228
106
52974
128
29629
47762
138
2300
55738
78409
331
37
296
68031
282
198
167
17872
2967
24216
8354
25886
131
24333
180451
51
50
114091
48164
41655
59469
235
197
685
136
307
93
56949
3985
188927
214
5982
40548
108
35478
29979
45182
52063
118
58962
38815
439
22823
2208
29
78
139618
252
55
6333
5926
305
204
28919
354
164
77215
177
130
54294
198
92
33619
206
218
37409
2
114448
25603
8686
287
65
197178
98
152358
8926
190739
38795
217
137
80
4447
37089
244
386
78879
13851
210
4944
5242
21353
60486
149358
1279
20181
44975
1884
86
28698
122098
17981
9768
257
182
143019
31114
415
120
157
282
166507
275
231
150
220
131
29559
8148
149255
12414
79
20136
170
49392
113
102
179
122549
41534
107
3
186
157
12339
76
30894
64294
396
144981
262
242
189
37
105
69
83134
114554
30685
18398
79
2750
122
5768
215
119168
127337
78244
26897
69325
123
39
12019
134819
53
157726
188
48367
178
14904
264
104289
77319
13105
279
44499
15017
209
51253
76445
76608
181
106
197
95752
71
12444
85232
134
246
125
168
185
38
140552
58
31839
142403
157
152231
46025
184
23491
41
55
2924
180
46
7846
60767
116243
854
39972
41054
244
114119
283
12861
134
161
117641
39
66778
306
80
279
58
150
36
120
222
7675
28
193
32
35625
24868
225
15921
222
95
310
29957
50911
23
189
64669
90
224348
35412
111
19213
39
3
201
105
14907
62021
100686
14446
88729
6515
3262
223
303
91
26446
135414
67702
190
138499
203727
290
43843
1289
98
8041
227
3377
84960
92612
1034
62780
85
11378
206
33749
20267
97413
335
187
43947
123722
94
90
199
196
42737
20931
17133
25498
120
9196
114
81
31617
128959
73557
222
143
8914
315
27
238
17434
177
230
105
4768
33
209806
180
15
20766
35561
281
27455
3
70239
106666
200
154
356
104
185
243
17197
264
232081
231122
246
75
32109
152735
230
120124
34071
10931
58571
76812
72578
271
6
110
96326
6578
12122
89598
112907
149193
208
382
38496
43
91628
69291
153
34232
239
302
196
4905
16958
81154
104789
185779
38725
54978
168894
155
18668
184
37168
60273
119790
168
55878
26
116258
14
244
116
195
51652
16070
28419
15558
91410
172212
222
231
265
314
52689
45314
185176
67120
108617
64117
241
62
56460
178102
153
34
94
52
82277
184
121306
44947
41
56478
1533
99
49
82998
24
18100
210
7758
7145
111
60413
14592
17013
10621
42103
100
56941
174
45
102411
268
577
84419
114439
48945
235
78
62723
128
28781
53
98949
9107
89
87010
30141
53523
41315
165372
36
33
203
222
77091
364
163
121
71793
33231
98300
177
96
195
54
27310
164
30074
189651
45202
259
1490
48
259
105432
28987
259
794
2925
25468
144045
73595
26465
8
31606
184
260
30936
61
192
135
69
20183
93
154947
276
1435
119
6586
170061
153736
89014
47
103
123811
53565
42
60473
132883
208
63751
65
13515
296
5212
7507
4975
26804
33
159935
61727
281
158
149300
6938
111
164240
18385
103152
134
84154
209
993
135250
1692
66
156831
224
165
158545
1193
280
203
2301
65
22837
232
63643
76745
65159
160
106255
5678
124726
118
10551
25326
271
25558
328
68
11726
86311
185356
129702
114815
117605
17541
122496
153
5470
88642
145
103961
8197
144
7000
10
83
25
1145
181
138
13859
4309
123295
39663
88746
46514
57675
307
80835
951
64333
69
105
23
5177
50996
108528
2069
10959
78
63372
219
195325
68202
57537
20347
117750
24872
73203
11
270
149
3
91851
72
11954
15
61
169302
251
65
166
4341
100370
240
247
181
85341
52609
44150
51069
6028
116
20
161633
1095
74
9
201
10657
148
8
31366
17924
161756
193334
53567
18423
263
214
97
76
139793
64623
54
9954
225
1
39663
3036
27
9645
137
74889
16616
57
88539
76
147216
292
205
254
93119
32925
177
37596
159415
141
4719
122172
189
198
2031
70458
17
137
12062
29333
12609
153
4610
275
126
89309
115
33453
5250
2101
213
92915
51569
31185
148
101773
9419
245
279
12
251
155279
5016
42657
36802
57
148282
265
30377
136
55872
3257
4
30
357
83
270
187
73973
20841
165
487
221
68426
15591
52
46777
75
134
1502
162
241
1
1642
173
79
254
77718
177888
11709
91729
173319
20891
9791
169
8
184
26
23102
49
80
116180
172
52
60
224
17
39642
126080
100
10776
28732
30294
45
4547
54
59992
14817
77271
35
57
32774
38307
27554
73
117
12758
62246
71770
9218
8769
256
76597
62704
212
226
682
311
53
23
52470
69041
20376
101640
83077
34385
209
111
205
227
248
12455
111
242
62829
73616
10949
164
162251
1701
16
34256
137
237
125566
123
2077
39
170432
63632
190
309
269
18524
53752
151
148
16650
31405
75
56441
270
128
2031
26134
51
97
198
257
22
89639
119912
40
161
219202
232
182
150341
27691
35
29076
116
57564
88068
55923
140757
41187
249
137
14291
276
144
19
85132
273
99
124
122626
121518
88865
124599
11918
174
127
12185
26337
83
39313
228
886
55829
127272
271
26
20232
276
5
112929
18846
17294
8996
72
112
12759
1
9281
45928
2506
12760
277
56
217
164596
80
190
144621
40367
44156
113643
196
16863
225
74
13142
48207
206
39920
110
88
162
223
48812
62
246
207239
3
17969
184
148
399
183
162
56298
10479
116896
14098
94155
17897
24465
324
31086
55
21
21338
128120
115443
17
64203
41525
18104
237
223707
37816
30
15841
322
258
16879
92760
37280
116
15381
29565
7339
75
55
2375
138526
24895
94556
31055
185
18
208
5383
245
3743
267
38221
46892
89652
44008
48
25358
143286
28958
440
68134
55216
71
86179
12954
162136
196
3
262
85833
264
12647
24479
94198
10
18
83
5
24959
223
4294
4458
129
287
39
2969
229
11192
38296
116
78803
120284
263
79221
99182
90004
13288
10960
29087
233
98561
17330
93584
236
5
109
63
17712
22308
5415
217
32878
124
3298
24219
40129
22979
54155
111
21931
45163
34345
35457
276
111
110226
114916
78684
141017
329
270
112
131
9
74296
26836
124
8357
225
169
26092
87131
58850
160
171
184
56307
30106
240
128
104036
106048
6
155
120108
75
115831
30169
12028
102
35
251
167429
32768
323
122962
126318
118
132
147809
8806
166
47831
138
94617
52027
17502
78
282
73905
110
82037
127
105963
216
19487
170
223
143749
121
158006
106967
118
24
24577
7488
59432
63334
302
191
7404
106860
160
218113
124
31558
82
6316
171973
65952
16
125
185
13809
471
54
24
60119
289
161
44036
119
240
63928
71934
189531
290
112715
118
139242
390
20987
2659
52427
103426
59515
12794
116
23771
259
157
41097
125
342
92
154789
252
123
96582
141049
102673
92034
94798
116
143632
34823
31755
58320
107841
188
95220
63
239
270
280
104
278
221650
169
39515
199
328
88931
79
99
147
164954
126
276
83884
200
155223
62
228
4
20252
100740
9711
39
16
31356
288
165
64998
36839
9115
197
123
1379
127
45466
179506
56308
143
330
1
196
2671
1551
44843
150128
16613
15
10
97
33355
269
91011
5311
218
103394
6946
203675
137275
40552
148343
326
300
181
129726
63903
76644
325
198192
95
85630
203092
52331
4911
19
121
115
14655
178
51846
177
140932
205093
350
28625
210
1291
144586
2470
6581
6
32933
42610
15362
172208
41881
148
186
262
160
98423
39
229108
106062
18219
98
66833
79032
107
14917
191950
39
76
21937
121
205241
253
57
58910
31
67
254
160
105
110
58
19686
140
294
56308
91652
202
3334
35
2678
117
10499
124
164
30
240
40
13
71
24431
8979
29
173
113000
9495
98306
45
245
3735
3651
16447
237
59892
57861
145
1
160
54684
1550
46
115137
59881
20
9812
108
68
165
1
48924
33560
95
2445
39303
91085
39228
122
2524
83317
12596
29907
20919
32297
131259
139
155
248
207
29611
94
25847
52862
54
125562
290
99283
131528
150
20
65438
6710
554
183
19
4174
41900
221
65655
247
11841
37904
137999
105
14
51119
13624
157870
309
176767
35
37128
46
89
105329
120305
256
70074
80452
17360
85983
222
245
119301
231
178263
249
49
39629
128
47
135
181
62543
161
134
120
37480
55776
134554
3553
75237
40851
30
3736
19593
264
51754
200296
112930
33552
16084
153
91995
170
95018
9472
136
15351
108
39362
248
241
124
42174
6498
24
22
118
29593
56
104
75
116347
319
180462
62
17
64340
178
35
210
65490
40378
16789
26987
7
61634
139
33779
62
39
39177
19
203
32376
106
225
48985
148495
18372
132
7598
12492
144352
78597
122617
244
33192
82610
2
6338
194
44786
348
121
97184
228161
205
45420
77312
144178
130
24668
19771
68336
109
45435
170800
89984
46323
174
91
220
115
108216
274
59973
70896
96
182
154
72743
371
