240773
1
1
86
237
21549
2186
3181
1168
176
266
32309
252
4179
63620
214
59279
32
41759
103349
274
908
97109
5873
4133
2159
147
44352
641
109051
177
92183
187
15
161
16
152
12615
39
3
48828
75901
38
243
46924
3913
6
6
51959
191
104
43
150
161233
19065
93895
200
55148
6042
149387
34319
361
68
30
99001
1
161639
104
200
5
5728
128
137
36450
195
3845
3
207
172
36715
90282
271
117100
40
158069
190
24
81570
72
131815
135
62
120
68232
6
49
1257
95587
59215
16111
73
108
54
42
16
36790
112
53
41432
3455
207
3
85
39917
135
26396
271
56377
1239
25
310
61
180
138041
218
183
287
28
42723
728
90
185178
110530
74
1
15789
35
117772
20
144003
1732
88064
335
133615
63109
56
254
34501
228
503
20725
289
257
225707
470
296
322
6483
135
13358
189
77644
80014
245
174
257
302
182
77
2207
8940
32
22097
28244
212
232
79639
39
46206
266
18477
84263
154
120
3283
291
294
125
202935
37763
268
165
38165
174503
65329
47728
15
103
31
100669
86705
175282
224489
11941
320
103
175
29062
21098
44757
163460
5306
90647
214
114
248
134
9
22846
18577
31441
64758
5065
122196
269
240
52
278
225
90402
219
259
107
79
169
126208
147804
220
18544
224
243
16154
236
25
263
221
75457
251
60365
17892
92324
56812
111
187029
5422
5667
116747
216427
117
76416
67
126
126705
329
155
79
9206
6969
89
1756
357
47898
34
113
84
126
47597
85
71
76701
38680
190
141
3042
13948
15474
87703
35282
24478
82
209
73
62821
125
10880
40613
18080
41009
70893
68
189935
68
106733
128945
762
23058
98582
1592
133
185
70977
123846
3
189
3
34030
147714
142469
116
65860
22
47752
5
96801
264
18
782
325
64
164
143807
29070
4
24668
232
86553
159973
277
16944
203474
9961
62
114487
90082
12422
263
242
93587
24108
73980
67
85332
98084
1300
104040
108407
50
24943
108
25138
134
245
39807
98520
64661
117
182935
47526
14482
168083
56238
2490
31130
201
179
217
97264
43690
93134
182
49629
87
120298
182042
53
304
62029
22
128
2073
229
18677
31745
114657
16173
179
150
49417
40517
11120
42
170
78
66494
68
308
234
88966
260
205
199
176793
96914
184
57700
36031
213
101592
128179
22566
160656
121110
1835
96
20301
6575
258
2498
64734
16302
78
224
28540
71305
46
3093
72682
97967
79368
170
147914
25222
121329
31756
223
12328
20756
43623
314
73
222
123943
77553
108186
132
88996
18403
2605
156
87962
150
14409
159939
5292
9757
138
181247
108196
12574
32503
18188
85087
41
23373
114746
20647
242
102
31420
142378
197
684
43
51740
1571
13
291
178919
2
1
44779
125013
88916
189
6429
111
197
22851
10071
96
93738
54093
120404
46604
95
92
12196
49071
16920
11026
182
19257
76418
28141
285
20696
27449
71489
3
39249
57
248
64984
32526
161
91
237
156
9090
84827
150
314
246
194
178
27056
220
10698
180220
26575
16256
73367
52950
135
15
238
292
84722
129
335
20864
55
23
38008
142
8345
310
97672
92661
983
36616
81580
16125
61
294
110450
29770
106908
86
53197
13685
73390
19613
29454
17293
97661
141350
24173
8
156
56241
101
38
390
15882
27341
20478
272
122436
49
86360
178269
345
104
59313
77471
166295
144
214
128
104199
63252
296
24750
79433
254
108386
37
11
1330
1
3
142
58
138
112
55772
157
142
67
13020
38082
41380
121557
168018
177
21638
297
39
1508
56
155295
52
204
176752
214
57
11800
68995
10032
225
241
18439
112177
136
40260
9847
63574
121837
13273
8068
106
980
252
57
131
91194
143
1347
27453
282
165
21118
66924
48031
44800
113
33546
174
124897
46
141195
144716
5
21126
283
101
214
16833
218193
15395
242
72407
303
10371
93828
44516
18635
268
254
80421
6
88
75429
120551
132
45078
26538
63731
195
221695
10470
41
12901
229
184
69217
26697
254
72
65
127978
9
39
34037
126494
161
115
37789
216745
9544
82240
142788
27359
82067
124
29236
12613
27288
196
61132
9996
32452
279
241
29
206
1
175920
7650
42397
274
62
26762
45749
214
251
206324
111723
93150
3123
17132
25662
106315
112
29594
31
68750
233
125
161
201518
243
143358
15547
166
55637
5325
168
173
109
117
71414
190609
18760
145395
148
269
246
211
86094
311
133
149
244
63431
26128
89251
38968
150659
52
23454
3
5758
1067
69
277
94849
6969
256
122364
205612
154
91478
63
153086
27721
7138
38827
21295
41462
86027
127903
251
4288
285
332
151
15074
235
41892
26
20338
24864
113732
135751
53029
45
224
260
40316
133637
8982
62758
270
300
56935
173
131519
36574
8737
143697
99806
28285
175
44
342
175
100504
23836
84
197
157
117
103
38
9
287
74
131
17945
29531
188
54
15569
27129
112
127635
12083
86898
24779
373
33
28277
94
3407
1367
51
168
230
75764
103
83790
224
40
151
18085
120666
70
8875
12341
24
124280
51282
150
29292
47139
14311
90813
195
302
67719
215
151422
2
31755
11553
272
78546
357
48744
241
72306
61554
16645
92785
14
144
22922
66
182
95
107064
15
49589
299
162751
35417
95686
58905
128692
16388
58543
45
27
117164
144
124
149195
12513
86
93907
156742
184
13711
86971
166474
92253
37723
212
23026
22
10884
291
335
85423
83228
197
176
45
170
24654
202210
11
147
356
60
300
169039
55790
15388
204366
45
126
125
109041
190616
220
125
6281
15
23
179
201
84034
227
164
13974
134
235
21437
8370
31
28275
7965
3
8433
56030
278
12683
121539
99600
71
47679
176
6
111292
6701
12841
104
35150
221
89
31009
104
97843
269
29
42891
30265
29705
37895
16280
318
56
114793
4007
110767
16066
4107
239
178
125
108269
106017
303
77
257
19
60216
108
38733
140
117085
181
98954
77
193849
117
37996
104
218982
48108
101243
26274
22782
28
92
90610
283
3
7053
142127
24
53094
152
140
42307
129
15573
210
145
20844
28116
129988
19025
40
2402
64224
137
116
66904
52
12592
122667
15
162688
47283
5800
153
231
388
14
9820
89518
176
143
123184
129139
177
40104
100372
42
273
247
43556
208
78143
26536
5815
3665
200
7600
217
33960
39171
48780
196
100242
150990
37
138
240
3356
16354
261
250
163137
182706
203
79
109347
196
120967
224
132662
134
224
582
18747
75856
218
321
104805
34
216
1928
269
48906
201
155
132075
160122
231
200
28736
45206
158
141108
224
39129
244
2121
60
58
59112
190
17
49089
86650
217
8374
192
166
26189
108544
266
101031
48637
68840
34040
168
211232
178
189755
33
75342
282
2
229
9119
108773
32272
115
258
7716
169
284
25382
6
156
76950
176
25213
53770
4112
142505
10971
25379
12096
50
37241
6710
173606
36547
90294
134
105
6
9238
1277
42418
18228
29886
82126
72661
18455
48012
45858
15684
67
1578
29
3935
14857
29904
29000
47
129508
212703
80728
43406
200
193694
186251
80629
122836
140257
146726
57810
197
14564
21
174
1071
287
79304
8
40002
71044
36899
74521
8327
179036
20543
183147
94404
110336
105
12
196
48368
277
52188
271
17202
250
56180
282
18725
226516
54658
48972
94158
130
39
162
41
134
31
129430
65529
204
83452
191
43109
132213
168
29
79510
13287
52561
29
52885
4578
186
77306
25350
174
37
97969
57747
20774
86
118
78954
194259
165
104
73641
158463
92005
128813
27694
25
41186
151
1
130
57424
18254
65085
74414
4763
30584
3957
268
132574
269
13927
251
376
160
204
62514
92047
106767
129
102993
5085
235
194225
92
7867
174639
155958
259
267
208
198
37044
100371
235
103
40420
87137
9
308
2745
46
11
303
218
283
20827
8126
222687
3
12920
118013
77
93
85
29413
187
13
1
150
76222
226
3634
17866
5727
30
7658
209
33823
172944
58221
46819
179899
26275
102
36485
2706
28956
101
103
92
73563
54588
110
125982
51
122
46643
146
15
80503
37329
3662
31348
185563
40
29454
167431
160
115047
44239
323
265
409
6
162044
8007
306
43660
35
117240
10221
32465
6
22648
95896
144984
5474
14
5798
113639
17928
118995
1135
66970
3
163
91
68488
9528
300
191871
92790
117409
14266
118
138
265
243
226367
130354
232
231565
4777
79238
45340
36
21773
71784
129
35
8957
121
15
54119
46661
53011
239
231
3480
80
104
284
153505
39
61
163634
220562
119405
316
48
132030
87
217
27346
206720
5953
42479
9658
160
86641
268
1551
103
52
224
2
2888
14
100
77256
85
131016
27190
2616
131
48949
109593
108
22257
156
37
87
187607
52298
38990
126766
282
10
254
845
45087
5835
169
69527
21
21
1945
114
1
91814
69
23160
15740
6
1
13279
146244
38441
30
218
280
74620
51258
3053
87
348
11
54220
41
98727
19
108726
5173
90
53863
152
86258
130
89
45241
81428
36
27690
11609
35780
24
15
148
226
4933
73698
163
67711
223
126
131
8622
1786
88
201477
25
49584
23864
78
104224
34239
233
20516
115
57120
58
37631
293
13
11967
244
32016
1131
44304
16
227
6
23722
31358
216
120300
122458
79810
58768
124
132572
264
253
185
57113
255
35279
147474
54106
41406
41216
111
202
144466
6
21743
1652
17288
2
136
285
69746
39168
106
107
285
192
44176
184
111486
41547
31
103102
277
1749
7575
695
35092
95
35
91211
114099
174
57478
275
9468
54
59437
311
181
239
47409
121057
62
94759
182
10963
12647
36940
121873
217
19474
225
2328
261
18431
97616
162
30444
84
65
345
13432
47454
222
140
51140
75278
71036
241
96020
143433
189
49486
188
40
172
94
164
91
72842
53011
44575
141
267
12219
142
193465
1829
96087
26748
181498
77147
290
1
188
79665
249
4692
54837
63727
133
42
239
16508
228130
355
118
40
146
17390
184
202071
426
27264
874
19393
310
145
117
25366
276
259
19060
105357
105
339
104328
504
180815
294
273
213
107448
2263
42427
21827
24
287
92790
5000
203
50994
151
285
92313
22019
73
229
17554
207
40686
46844
2326
88328
41366
16
137799
79561
25
198
191
47
50
33512
66371
11925
86
127
197
75612
63182
131
89
208
196
82
48380
71811
79
42
25
27
10519
80893
90361
931
27684
41900
226
280
2452
251
145
14808
16008
432
21500
156
65295
3574
95691
14838
38261
23
112
90317
40561
182
47
1093
26791
30
92145
20714
33265
13366
17413
22346
174125
164097
105
22049
41935
129
105891
3798
19429
63147
59773
154955
273
179
166947
251
39205
1052
19235
116
19364
96515
6776
1
273
11
213
41
19876
49
36
88
261
96
108
10446
56324
326
208
53023
37
90
30997
10603
330
164341
1
270
33842
113055
7112
94903
23432
18
2402
169287
154390
153
154
151
26710
182226
66606
47851
168351
302
4070
282
76
21
69775
54
137925
175
79650
16008
30288
187602
71902
3
85942
240
107689
3
157672
281
151
87157
76139
157
32962
34510
43981
97
296
88
3
126
5597
4156
49612
221158
3
38769
51067
17
94825
44947
32
80726
227
27337
87117
111
24
104
53
39
114775
41
14758
346
316
100341
221
51149
272
130798
229
40
178
19868
17
10
138459
73
59126
24504
74
138
325
224
94304
356
232
48255
87
168
128677
88312
23
29416
51076
194
19
114260
139
64
210
91494
227
103002
64
84439
87276
20753
33972
142569
30
38
151
96332
39
44593
12370
193
176
42960
35084
144
157
54
239
280
76171
122684
108826
100
157
180
61013
93232
84
174517
17193
29
173
146536
266
402
113571
48000
129
14105
15503
221
142
27827
167
13147
93
106254
36358
206
135
5923
43135
250
189876
65901
65315
283
195
146
121071
4497
67
243
226
243
208741
300
271
241
86818
61864
25035
7600
87
100
39065
98
46
121
122440
19799
284
165000
78177
55
164
8854
219
52263
1
82
173
2339
31585
116084
310
16172
83226
62207
218335
181019
170
106928
174475
142
134420
118660
46618
46004
271
108451
23688
254
9762
33791
26170
19145
153
2
112
27
85578
592
232
25
28658
114615
51169
288
187
231
230
15
23931
132
104631
70191
39
245
134
143087
7700
102
108
127404
192
27328
6
107
25334
76545
14055
176
226
69321
206
252
33889
29
5
7451
108942
12767
129
5436
199011
107
83317
118
147
73108
34017
221
110
75813
11120
6697
50162
165269
2050
28
181
132
82567
86694
90278
17278
197
3420
57414
1119
224
83247
6456
96373
9653
78
128697
37
2700
2606
75
30143
35253
6968
150
191
257
253
19
899
171
22465
147019
113127
148
159295
203
168
159657
318
202
180
89
154476
19
297
197
197904
2798
98472
33262
153
4889
152
81
44596
146331
72
154610
123
84756
24326
204
9978
98400
75842
56530
301
39
218
29855
52815
89133
44643
94464
138758
322
126364
111448
8609
36754
248
247
64887
4096
185003
162
93932
39938
99
35824
438
3
70892
4545
191302
17390
299
108419
77604
41138
145111
13851
82405
109110
28
20058
250
429
60416
200
171232
4591
187
61874
359
90993
113
90
11100
126
26231
103633
173
16189
3498
38010
131015
191725
42078
40
29
32
112705
60052
229
104974
139290
62
12774
84
174
32592
212
15134
67
54092
20
231
244
35240
242
51
191300
189151
36433
86688
23395
13511
88536
289
72039
119515
197
33
210
14482
5042
96
111552
232
299
228
11480
29474
4326
125304
67
99
155536
212
3289
21800
30208
3008
14
44
72937
15333
24839
22498
29474
27542
162
196
21167
59550
64
157
60
90374
95
189
299
56614
3936
56337
31
136
34375
135
336
4510
3
4289
74
3603
42
33
24636
86
22701
1351
178196
27
27826
328
20491
44
4846
44355
18178
88438
13783
67498
13242
51660
227
277
191591
3
40
203
60528
42472
8043
1201
92632
58801
297
134
18734
169
127
27269
132260
85
44549
219
12
25997
284
9059
18606
105907
123313
81
21208
67
280
139231
184
16900
121
80
136
54839
34
11881
214
1236
11697
78386
79607
86
247
103555
2850
65600
123087
105623
19285
149797
113
184
2222
131
34973
38873
2797
289
108591
74992
300
221
62
9851
119998
39
643
152
47379
61817
8959
153
213
149268
2324
23
52969
75870
85
110161
14507
44
196
131709
2113
18999
231
124
317
79752
37462
10074
5917
7981
222
80050
70581
118
87783
16258
38924
7480
7
11097
128897
50
72
13036
64736
174
121293
288
23887
17463
43
76
134
25804
126
210626
217
115693
345
245
55969
4187
240
17898
63867
70378
289
2349
326
7
206925
173726
44969
230111
106960
58567
2788
192
63695
308
160306
60
299
167
23270
4924
122752
89270
263
1540
127061
8300
144
174
184
15704
148
123094
14747
12356
214
68455
19934
154
44187
48
172
8
38249
131
42039
14129
272
73593
6
141579
6
66
83025
74033
65607
40438
163
28793
26224
55394
165
179
31439
105666
27212
216
144807
3804
34305
103
36764
190
15990
48435
86940
119413
329
126
185
153955
6516
187
12
160
47647
195155
163
131442
14
40454
40729
104413
15611
81
49674
92687
120739
205
55442
161850
58503
12215
100
249
69280
15972
31012
30079
210
88
143
109108
160
144852
85995
50387
203
158
11068
144
9343
10
198
2
5857
21
99
30141
51410
275
65
40007
112042
67980
55487
313
33
321
342
240
189
10647
105504
41
182
166
8110
899
70279
5333
206
32616
20025
115839
3069
214
252
176
70086
20313
133
320
49243
148189
10
4725
48996
66
207
115894
71949
17796
45655
72567
102469
285
58315
134
69985
197
19228
21167
216
107258
103518
112369
280
8742
228
28
146
76458
3819
39
54363
203559
4650
958
112281
1
225
209
192
95081
60697
54001
21499
124
170
2871
26126
109044
58
106
274
196
19
16822
18645
99
12370
179
112919
89
111
164909
16690
50
81491
189359
179776
40926
16
84
197814
47787
46215
142705
288
32406
179313
80295
65191
3667
1396
82711
85112
109182
99
198059
5538
120
114387
37279
56557
151272
78462
13060
147
6452
8178
50
131
213
63214
198
78457
153900
6266
11
112015
105920
275
25298
56180
80623
146
35924
206
2765
35907
3868
20282
55322
9
27144
60069
252
23
25
32
180982
122712
95
73284
1
40398
4530
188
55
250
17780
30189
207839
12163
7979
100
117448
36
141
9
98948
168
8862
112970
217
54
162
21505
115220
20966
149338
13352
14021
9562
224
322
213
72992
109919
309
5193
280
52
12946
1
2896
5249
37604
27784
261
148
31305
4286
122326
901
269
9498
109539
180
214686
96470
101999
75732
156834
381
52379
244
58085
122486
47471
118
104857
190
56777
13679
86918
16673
736
213
27
65
15
148
14257
231
153810
32107
12011
1
147860
107883
5002
28300
47
122
93
25281
114
603
92965
275
65
30370
129
13602
40966
81561
8534
224
57
103821
328
19899
41
66
137
72
57520
108
174
97564
124002
115
194
798
272
147
145443
198
32169
110385
32903
21683
61
149671
182
194
43045
80199
57676
211407
155796
3
142
16403
14189
6970
186
48098
75146
175
105
33254
78
181925
116
26558
56403
134
169675
74414
130027
1582
7086
121064
27486
65671
2233
172
175
15475
60
176
57
476
5099
83
253
34
75187
141
81804
107
65815
189
144459
10322
4139
326
220
185
119
57634
106855
45026
124953
63
80
39813
264
29365
186
255
68176
320
74
6351
116
9858
12932
9401
22250
144132
102180
20
9896
175
17608
45853
176
74
85380
109
77537
19426
171
189
366
3
131
82
61103
221
270
124768
104543
51707
196
176
333
119327
104
183
2565
158
61546
76
80
19264
99986
151351
175
103981
97928
98886
85
90
9195
110
198
70769
149
201
162
310
30
8642
257
249
48196
114
122495
205
11128
3760
86
58768
269
163
183
158
77236
318
66544
42
213
9950
17304
58782
180
279
49
13984
107
39307
97
35211
21180
238
92
281
29179
12607
5
109662
118
117
183
11845
21537
14427
221
43432
217
161
57
134058
52756
15030
45994
131
289
11424
94602
38
16112
32652
52813
225
514
49762
66566
132847
123748
43341
141606
24895
251
184
20871
114133
34079
46
145
51
195202
100301
81308
165
42220
75727
1530
122851
174859
195
124
177740
316
203
55
55505
187
219
311
61
295
192465
40779
125672
30693
3456
6380
252
343
41
824
1
47061
215
138
128485
6129
4
14894
36724
150324
203
6289
87886
117
38
91786
138
209024
107181
90
32108
10744
79
233
162
80129
29
94326
120
182773
210
137
59899
242
3035
94804
243
439
47191
18975
41474
84
133
11211
145
178
82646
139
13793
50592
118218
182757
38799
91071
121
80917
4
66203
58
117
79
121143
61
14087
47279
317
15
120
15861
42
89960
174
6976
134
29
4009
142340
890
18968
168
250
1
82781
87729
74324
60
3
99370
185
21
165266
66658
29924
4542
61
2681
62
268
66
15743
249
219
365
100618
216
245
27108
232
24
179299
16911
226
12
167444
107506
207
176264
151093
165
328
25597
52525
47532
146
10
43404
42377
73728
117012
20353
22
12728
270
23271
110
126
82951
19501
65470
135
87
11
207
13378
39070
143183
180
20969
59973
33
90
222
84
3435
65036
292
98
25086
125572
75540
31933
243
12324
76740
155
65
212
30662
133
92563
13907
276
38349
11
98
21
282
19
137231
37357
150617
44826
26174
16677
248
1
145
17
14116
199
23
39210
103
142078
242
21145
155317
25074
33116
72968
127308
81730
30
4789
72255
147224
330
74
323
33324
153
550
32683
231
96
200
63
15919
2
15
98141
138916
251
273
4731
171
47
45439
42221
145
99
70481
10
70570
57007
238
503
31
34903
77040
195
3753
16480
225
25220
90
239
45958
35524
43277
129
190
421
107656
89881
297
225828
172553
44
20549
114880
91879
10125
299
3083
76
249
122159
59839
75
176
42
58
260
32318
7366
572
45991
37
50635
93
200
649
216
9306
153588
1
31
249
83
8
104969
25433
112487
191
211
26
28639
19801
199
18242
156008
19971
47
58872
13123
240
62011
93
131945
33772
57
2287
47847
28
37148
85136
135
71811
4295
300
15437
1869
38204
89989
1719
120189
44817
15694
188
18072
5
219
70801
51738
10355
194
290
173
128
5500
48028
13600
314
106
17101
142
27133
113227
29808
58274
32673
60
93
108558
116418
160
22309
22241
115
19
24733
3591
110
8966
180
103889
197633
19490
92592
13272
36
59
279
71562
28683
6258
261
36355
35195
66427
165811
149026
1
188
4270
134575
225
17473
37808
302
25949
243
124887
17536
239
146
48
45
90
59697
19580
100083
11005
94
98821
34
11
86759
80
81112
105
218
61639
176177
1403
242
48501
70208
184
131576
791
23
149619
208548
204
273
219
9040
21660
67497
25133
358
8377
79156
11331
264
11605
141
261
18
138279
34051
33553
93764
46953
171
82613
49795
12951
168
77971
192
8274
27401
7494
28451
110236
23998
95303
142013
89
241
10445
65497
43086
132
73
346
293
42
33073
136653
132468
92745
141513
1831
8298
87848
1372
287
273
174722
70
165378
252
195949
122803
20410
11
1452
637
69075
32172
145
63490
35579
110146
160
89908
14392
58660
86172
106
89435
221182
173
172
163
73617
62063
219
89672
15
228
32805
4491
65758
4171
19517
15083
82
73178
167
88
186
8847
106
83
332
111
37
18
133131
17748
161
1188
106
146100
109355
102
13574
3854
110
97293
212
99
229
250
17666
71947
272
21
57994
66879
3799
57091
61155
215
18204
197
267
328
113722
213
181
3912
1
58295
95
27
141
47837
132820
176425
163
58
2686
170
32557
215015
22408
344
6340
46177
52534
177451
70996
125914
11713
34813
4101
285
81743
2097
75203
230
84973
89569
35
2924
12915
10
49394
119
325
177084
15
63
41
35629
58
153197
9847
187
146
147
134608
25896
283
74815
198
34413
72
169697
95047
14143
31828
25001
166
178
188537
214
82286
69
234
56
104
15
321
71
55262
279
60
23379
7
257
21737
181
69
57978
147
277
71
4030
148
98485
4661
46
123
8
77
43567
65402
20570
75791
203835
36555
15427
14563
141691
6297
44234
11843
27586
134032
31806
109396
259
101
240
399
169501
115832
360
70662
40837
276
225
265
10418
33431
33843
130
15596
92630
32
36855
145444
4510
45387
131718
64526
48634
189
35164
11
60116
27767
291
218
202210
80
172
96905
135
80422
73730
91
85
20566
76325
157875
298
11453
15204
16972
56683
199
8514
32666
136
16030
37
90787
98912
63884
212
46707
188
102433
172
19064
55767
104766
304
36
120115
149
135
17
250
166080
148
8112
5
82893
75
6566
246
198
30009
4588
21978
2473
170714
90381
141
210
20535
39
11447
51174
2292
6
220
51475
143321
150248
53962
238
60
110
103
45945
210
310
143
27635
207
153
105860
139634
10
230
183075
21920
139
321
16515
65059
40454
204
132300
68106
164
16
36
40
78
195
35273
117
111
98006
1574
26043
5669
9702
45
78810
2966
75903
159
19655
116
82
130
108232
89720
187250
39094
87
111
1
168452
22
256
131
247
31081
40133
101570
53
56
4408
68138
152
59937
36270
63733
12208
34477
30
149406
152724
27
34
32882
41420
164987
279
149
121
367
116
34135
7576
60166
129
264
128
75
2
5529
73937
58232
315
95
238
225
27108
36
48582
51744
27
12990
87
14
4598
143021
27173
3712
99
1851
244
87147
42573
228
29434
28595
3326
35926
88
21944
27
3
150919
28
50966
334
99
5
32315
14227
126729
95
179
7919
107
40818
991
45824
131659
227
237
83272
128
88970
33051
55783
32971
246
194
5294
2913
133570
204
248
158
28962
24953
35
67185
16
30805
58
217
6858
170
7541
47396
116961
14135
151
20692
254
182017
216
126
6
20359
211
173
65306
255
3404
148
52933
40457
17078
11
166313
278
113
45
102811
33895
81911
144
9298
42289
93
64
56452
96181
325
221
185
8472
25
55
7369
59109
35959
13631
48305
171
32
138699
80977
115
57231
1100
4
35302
186
33329
202
10
4879
35309
222
21630
61504
196504
65493
36399
13047
93656
95245
5658
24
8211
26817
29693
49147
185
2754
12602
17317
130559
43
59842
126890
345
70
189
168451
118
170
147049
132
313
87271
49362
152
61
9286
154633
49
75
188
209
122
208
155
19285
8041
234
133
32110
49
118107
109632
332
34290
68169
62414
56767
340
142892
182056
113
73
211
18151
15165
183
31252
86
232
71968
39
105078
48402
100920
262
49179
65420
120887
52801
1
156
49
211419
1999
4851
220486
86
34686
25748
137
55037
29519
27174
44960
3
317
114
131
5597
356
350
15
167
318
229
144
54
283
313
71905
560
12886
55473
97188
208
81
10388
340
26003
242
249
103632
81743
144
88
317
13532
179393
23521
243
161452
162117
264
61908
105323
11383
110256
8532
16651
73
34
171264
17185
127335
37
9
25
56538
17793
181
13941
137
111
191629
21431
29
13
214
145471
36653
168
178
3598
21598
14337
6023
96
85302
38774
181687
6272
34
244
2853
230
140527
253
32651
156
6182
29376
40
205829
73552
51
314
27279
119
18004
146
31
3
52
178
83
276
40996
44
240
3850
442
60327
220
273
30430
87
316
69
16554
56903
647
201183
98
12483
3146
50480
14289
512
159689
39538
54073
30109
296
112
302
115
39151
97314
230
299
138
110094
127811
212
136
38224
19566
206
56965
87
282
1125
109
100956
31363
122
213
50815
211
104
146
56996
125979
2644
149608
4481
31983
64547
11185
84414
96176
152
221
24119
305
132314
76
212
120
3482
61
32380
107
278
197
4403
267
24141
189933
4297
265
34235
178
217
219
181
71
232
98044
11
253
22
20940
159
150098
174914
12354
73
10
226
26906
208
70442
83154
17281
159711
222
129
122379
161650
14210
405
1354
37188
5
82414
156542
172
325
115844
229
31384
165591
6905
57143
15282
14
191
37
281
105
87
41
151130
110398
19739
49152
48
3060
6195
40
329
131725
175
151
243
188298
230
38442
133289
107
129
42861
25184
86
167374
121
62188
7
77931
82
11493
60984
162
189651
205
289
4904
3672
111
135
169555
28624
92415
7275
39
89
156
48761
228
83
72410
170852
6446
32017
156891
206513
125272
172
58602
21
37389
7755
73673
158
72828
77
65655
153560
12343
16130
28127
157
282
92949
237
17
8574
107206
4226
10612
158
33
225
229
25228
114196
6
224
119
110801
53
97
275
183330
56416
71
230
49067
20
207
24590
308
345
9287
58
172430
5872
89572
484
3542
102008
62178
113294
21
23646
227
83
71
289
254
107590
63340
238
127
72724
50539
111036
198916
18
81438
145
96790
2982
61
90984
214657
244
73
28212
253
73
224
27407
130217
9890
245
6
120560
29261
33115
235
150479
245
164
154913
175402
77768
111052
132017
134275
147878
10348
5464
143281
5788
31050
274
298
20201
5004
21335
125396
13178
93
216
132
302
59
127991
134
76941
89
98074
32
84993
730
187458
264
9219
26
68
43392
35241
72
97894
90
345
154
4821
57
1
109
3
26382
155
38
96128
107
184
184
69407
114
102
2145
49759
199
10106
26354
49
218
114
40241
20806
135027
57420
75
149
60
74142
7174
54696
210
172
136449
3356
71
158556
27224
276
283
52
20523
12
5994
263
109215
72
184
237
241
33069
248
270
309
8608
161
94
117
90
239
92
1
53475
173
111
16361
67619
178
76876
207
165
28085
20634
171
268
103
124545
9336
16906
32535
89349
134
1
329
27019
3816
28519
75
870
59486
64384
2556
76245
102815
124
117322
212
141612
206
93225
157584
240
228
183
161
246
148992
9649
184
156437
46463
261
269
196
83
23680
91303
18440
64568
82424
312
122
190
12572
16855
180747
71030
59846
163547
108785
201
284
193
58
58
118848
177
116778
5261
115859
172
7085
6297
72727
3679
76
6015
9552
4853
1706
277
166
168738
38155
316
196
5223
10864
40627
75815
56
292
366
51
283
18660
227
230
130009
46
261
198
138
10078
33701
9271
114
169
82495
65368
3515
261
201
378
859
250
80
28
44928
187
55050
1919
96403
93687
212
116308
168
153378
3026
92883
129
15
79
53480
264
288
210
281
192
262
6205
165
80083
167
137
7834
25343
2418
40978
104
201
190
6
262
294
8396
6
1519
4245
101
93608
117451
16227
72
18649
248
47
79
59
266
180
146086
316
128
229
153
94
20395
182
58435
1209
177
58494
13869
217
17852
103
10911
103
193
68283
21
79890
2373
247
78
45434
104698
7085
28418
42
228
26
76
515
4720
167036
70780
157
155397
44917
185757
82
84978
92838
86732
63444
109637
103442
3607
115
130519
103
116155
152
65
268
161852
257
245
57045
61163
56997
150026
263
350
65476
6762
183728
209
9062
375
108645
134
112
32688
271
176727
129
60918
73452
177
46
34463
77780
1
50
34849
85974
142644
101289
58
3
5
179906
26523
206
119
31895
89736
6566
292
22259
15684
43299
206
3991
284
70830
29903
104335
251
288
108162
153708
85066
16461
46810
224478
247
189
29017
205
194
33454
208
38661
133752
165
235
83
1
17629
128
129962
146
109
95
188
111026
231
60728
163485
188239
256
171
114759
227
304
135
253
135
3
149
12800
2
9449
32
6207
94
76
173
129
70162
54
177
58
244
97658
190
102
88894
1026
102
230
316
111035
193169
58
88
7665
290
248
474
211328
48
349
104
119908
29296
9
12894
162
19743
17
193
164
26
227548
90812
222
196
74911
104583
142530
79025
92698
47389
76
171
4272
183
29458
60
72
58701
19387
6779
316
104307
26
212
60
170
98166
24918
87353
199
80
143281
59040
7663
280
30935
149
44720
37
43
48
35473
221
16661
45
206886
196346
105
17
254
91936
128
280
186
215
35008
25840
9898
9648
91218
193809
41777
122896
309
42963
12353
47911
266
2405
133768
106
15726
15007
46940
243
121107
2804
133912
28806
106
48696
210
119450
6
235
174
39851
6856
147638
47718
16
356
150
110056
40433
161
20913
45309
213433
31705
49369
115448
120
10798
159034
156
8
1
29
88529
185114
49399
230
13250
55207
30691
151923
47552
269
73
11
228
190
290
54076
100
44445
6346
4017
49192
1100
52
36033
74871
40626
174
42134
24714
14795
45
9
70132
145425
34502
17173
226971
35483
163
72769
61391
96
26075
76623
19239
314
17261
226
72473
140963
123
9687
54149
284
12620
45
52
266
1145
10401
222
61780
21934
7581
42
1895
117
222
83227
11086
316
295
37950
2949
43886
9554
45
57846
10736
74
65
86299
10
46171
10250
207
90158
234
244
25127
62984
193
14975
186301
290
183
75325
115278
3583
284
187
32713
296
39292
180
82350
32639
6
54675
26
328
8084
183
233
156641
150045
98486
50131
3568
17264
14
231
201
53
25364
52
15926
21
98
26117
184541
72697
23
21
283
10254
54
101
9127
918
152
60940
245
11156
78
76
42206
16338
17849
194
1
88747
26860
52
54913
35110
17
148780
11888
92164
36199
154
170
19
54818
26270
15382
79061
21629
198
23850
48585
245
24
225
61
41
62369
51700
101698
291
96
14694
119404
96
5729
1
250
83536
66281
106339
70
67
154
68
119
352
92174
23749
749
32845
146921
284
53
25076
40342
4462
262
1915
91907
230
96
79646
283
190
7513
28
81
160
17
24
18634
52878
266
341
120408
75
151176
217
56247
18
76586
19552
214462
17216
116324
187
32704
44839
4421
134875
36810
42
95520
264
284
14718
190182
18567
278
17189
268
27
180
5860
20857
8
202
44
66
298
41161
223
143
108604
30032
50844
132
31
277
108973
50590
149
248
22
66581
174638
143
129911
9103
228
70936
36541
42766
281
49605
214
136204
32766
4448
77535
268
281
71
35193
110
305
15639
254
4341
121
93
90
60509
159
51156
63455
78295
283
118
153636
216
110112
44797
121
216
186
237
45331
31
36945
89897
442
51
40
52660
136
30
81
284
24739
24
104
298
17654
3
6263
70900
290
63
30498
21891
11
232
151383
26046
213
46415
257
187
131
32
2078
263
34766
66
1775
1751
274
68
43654
19578
18501
12
17
53
110
179
126632
29877
49
83
98010
153688
229
28525
37229
52
86310
138
221
41
52771
18146
49
107360
2619
32526
70
136
77353
63085
44
72
146
44985
43
5
114801
94
124963
306
39918
22413
86
25
197
21978
100
44220
4411
161
61086
51319
147065
114524
215
283
10
7353
29
143
59
111075
22220
24012
129912
30116
45630
1068
82915
66
240
66532
144
169
24259
251
272
177
81
12938
169060
5168
186
139427
190
30824
168
208
383
20195
191
67209
294
22429
175840
45188
34
2347
3
12022
261
21785
100049
25
162
128051
317
335
142
119486
37124
162778
26
46254
4617
32163
288
226
96272
120
9752
105385
128
47218
358
44482
262
967
219
44753
7
118611
28783
2026
13413
34686
2207
45
36053
139457
13
78
3
26551
23
65
153
142
3134
11954
73514
7322
268
129255
6
43
1
252
141905
84980
36418
2
277
44197
125
26385
3173
65
122
18160
111
43416
143
38
68699
112
55260
19053
8
192
162
226
138
1467
33312
42791
112449
30
71
174567
4898
271
44572
26883
62
19
92
258
176
61496
38736
56
7186
16875
139
124254
19854
3135
16
321
81466
89
312
46949
334
12192
33601
9
70142
37889
182
201
237
343
17524
31131
78
11486
80829
109
84216
69
23522
125
202
87005
117
55
65511
43317
197918
173705
80
134014
264
156
75
573
86
32735
43
166797
85
47156
17149
5361
139
47736
362
283
252
171
9367
109
43
67121
303
27187
121
86
5511
273
49
13009
13946
8715
22461
35629
49306
90869
19253
6391
77
47403
1587
76892
54739
135
105345
6998
30974
128092
117
57105
95522
25649
31611
1589
120787
19548
25763
213
248
39812
85471
19
271
336
10773
42919
231
148758
83
183
166
39636
174
7
1745
244
163423
1404
68286
44115
256
10112
140
22459
64962
32793
45080
129723
49687
241
2
100114
123732
190
210
7364
50899
112185
5106
14984
219
310
35378
19086
17562
16
121312
10
115950
171
200
46904
25274
138176
198001
5554
83
48899
54
167
14311
39
25
227
11
78482
137
143
175966
34
271
29835
6149
110194
85494
89
217
175999
251
325
23
168212
267
53343
72367
76
9
97
27223
254
197
148835
21802
239
79998
52300
286
257
31653
6921
97754
110458
22252
20359
237
1949
75
212
60003
20157
126
209
33502
171004
92848
214
288
8689
63412
292
11212
65356
156
146
106
129351
12369
65619
275
35916
155573
39809
2116
21713
136
72814
117753
132104
17664
163
68
112842
1
213
1378
5127
112774
214133
238
274
36528
17788
236
104
66826
10270
104312
10076
410
216
116
63589
194
57706
49
39745
157622
270
16426
8549
253
77
55207
280
150311
229930
154
2157
196934
232
68314
66832
137
225
16213
10
16397
162
197386
106
227
113935
159800
98303
140612
172
18100
128
328
234
17052
38
6818
101
42354
176
288
257
16472
47520
37161
413
257
67
10516
104
48
245
16330
59293
120
29260
175961
23444
165240
304
66
117300
148738
4
19533
14705
207
1725
85
70
95074
13020
20561
17479
86964
132
260
178
37
73521
257
191
323
180264
123
24381
72
6
72
86828
66913
80082
36502
13222
2117
83
17692
204
206
1115
207
155483
234
217982
62
5554
316
208833
145
48774
128583
22899
129
47155
145739
40
290
169
26750
100
168192
50
46061
5186
61
270
228
69318
47961
96025
37397
115
4
80346
137907
9417
27771
45341
45756
44351
11462
85
201
169
104960
88819
126
167821
88495
28493
28374
9451
7075
8075
114
138
282
19289
135
193
6129
6
277
10
83509
105
128960
188
62909
85
55185
304
88
54
35
182
149281
146
29714
179
42021
143696
51661
72221
20220
11
50
164419
195
77
7969
58
100634
61
141479
28159
34096
109866
26967
35072
152569
92
114957
25
693
126
74
1130
29153
2
262
1748
46922
279
2641
11
75890
32988
215
158899
3
131388
192
38894
178388
253
47
243
47375
56
219
89
365
10392
313
80
2017
61423
48399
228
48
293
54543
5519
43155
210
14812
104563
3
232
44037
43899
149
160102
1
6129
114
70298
197
27152
105
54254
21640
102775
257
47906
225
59964
38644
3414
6
5509
65
50946
74
77587
75
87
47
163
233
19017
190
222
48
13109
14440
61630
23401
73282
19502
27
217
44509
193420
152
178773
210
6949
13691
35
30692
10697
41748
53427
95710
242
68576
1575
62825
299
10777
123
237
112
161
767
6458
4484
13350
34909
121474
68
90028
150
21038
935
52338
276
237
164
21073
42
140874
3874
39521
34156
1298
607
233
113
329
140286
299
153
49
25
4029
3
40
122
21829
58
45975
205949
594
15149
227
281
274
3
12
11175
145563
17858
173
147
46997
108
133265
24143
271
157
139
22
286
22
80667
184
66
209
25700
204
11859
100164
310
132555
19164
110
31771
47073
308
100160
114904
36033
97549
118
5672
141
41906
212
138819
126532
226
42059
163
48378
40823
151
64
318
2809
241
53770
7124
6
90583
180
36874
241
4362
10003
31
91216
24
51990
15
202
192
74
94382
97401
163898
100396
94164
22995
46
23264
854
230
21
21447
53294
170626
225
4328
191034
95070
98736
56
164
151
123
9353
17
324
60
3345
52698
197016
38608
237
7671
2139
317
11154
9627
91360
242
277
78996
33265
22651
32722
17676
162473
186245
3196
45537
50
67
14914
53
3
148393
47
94
7211
6
252
226244
95
60977
16359
98357
5
50531
227
286
195
135
2795
138463
128364
272
14
10493
200
38171
19049
1724
32151
23016
35
26321
13454
13803
15416
28
52603
86710
200775
116974
22478
5692
145519
147
115755
12427
150
25358
235
139827
249
49
116
4033
3
93
15076
71
13964
13668
14625
139
175716
137
13736
242
294
136
113348
93
100
34
207
85
309
35529
48
139
217623
147
146204
44272
15547
120
13175
73323
229
142
96964
215010
169974
137255
69
113
234
22
194
40708
81
72638
24995
68
46
25195
222
155
358
6760
190
72992
31273
122
14038
69389
62867
9716
220
167
39075
25756
68420
179572
10
114959
5388
88865
12866
88628
144
25601
5272
319
78
184479
49
21490
148884
72302
33
8432
64964
85
203
112
163
181
138
193
10213
99675
19820
68
109966
3312
46722
7
37267
193
16610
243
269
8357
266
13
79200
93
68
216
208
139654
160
106
93719
27119
45380
149828
218710
191
55883
211
131693
78118
151
277
31632
2920
50208
195953
20668
62780
4160
245
1565
80
93
55239
26317
148
46636
69317
44241
17775
145
152
100
222
137
263
14181
13966
247
1537
182720
148
256
231
345
28757
79
271
137
31195
66204
9686
51
237
169530
21422
6
172
121839
204
25181
15995
71362
242
4448
161
202136
101
223
31450
21626
111289
69
72940
224646
18383
190
110769
198
21156
81328
194
421
268
243
24
185
52
5509
64943
352
35192
139
154128
84
228
109025
2014
142
7334
17383
14293
241
53
145594
14354
20
14679
36090
61988
20296
4186
20148
308
152678
10
100
39
25344
36
100
30289
1211
68360
17773
251
84227
1
182429
104
36472
25
172
10462
63
17
145840
253
8
187
118833
15936
227
62122
112566
50620
6
103710
57018
48608
21567
6253
250
112
53309
104
253
327
73
184
3607
15702
272
3303
310
166
50936
224
107475
325
25045
18002
98315
187178
36
181
333
105830
213
143110
41204
77
63
44828
70
163
30
127890
3447
125339
92
188249
91
191
37626
11631
190
23966
255
120867
37
10572
29666
31
121
40361
188
37
176
46308
154
17318
18657
98
89762
59817
51
305
64056
55
14785
221
123
260
96
337
23685
73865
6879
36
174
52446
1909
35890
89910
192
70387
59
55033
10645
84581
2
45776
1
69
81
1
327
405
19046
34687
83680
212
185940
39013
167
3
67656
200
242
180
164780
11419
259
36
51
208
17691
89
29709
254
207
207
73
605
34326
72739
39
23258
76863
3
9251
49
77024
162971
45359
240
204
25
240
83
81058
118737
49
92074
78138
249
61
1288
287
269
247
41307
38
167
158623
153
170
48416
250
34104
275
31363
95080
23121
29579
65443
203
128929
35
118478
41
30969
184
6342
293
1
61
191
35
239
5935
117431
135342
4765
1024
36530
22838
24100
13147
20
61673
119310
209456
42
26052
74334
129571
264
123
252
164
260
284
293
223703
19
51330
158549
75034
226
27951
33955
29421
17723
30060
22081
42
68381
91
42
26819
75571
108085
175781
150
248
6715
220
22
119
124
253
159214
76
16
37136
196982
95391
289
23271
49546
149
209
39862
374
93
87519
45
1062
55
165
47348
254
111005
204
197
4545
89921
4618
1824
32460
85617
29687
87355
39
148
281
60407
188
249
143449
68105
1827
188668
262
138
6545
185947
91
32426
12904
213165
35
196
34339
13907
217
66744
51215
148
14
43067
31036
54914
1
83826
154
38629
113
165816
27
3415
124
28
55594
198
215
5458
223
56651
230
310
326
22973
110
90616
142
29722
15471
468
88
49417
189682
115
58509
43343
257
153
59834
49
139626
74
106923
34480
110
88363
1
223
82170
182
51801
63865
82409
91
38
121478
2165
63
78
267
102688
161354
14
62
71239
274
889
133450
72744
53635
30055
109
5354
3683
227
168981
52
63020
98153
184653
102
160
191
86244
135
1438
98428
65583
6181
601
115345
45808
164
302
53751
43267
7236
38310
299
286
175
29799
3249
25121
117026
83644
276
7779
221
251
27547
221
7131
36
254
183
233
13509
110
973
26
256
127178
81
14385
40
6
352
50900
205
6817
64
59631
1
59178
279
139146
132248
108
179
1090
195
175774
96
67
114
137
19
16160
53956
67539
62964
8564
77943
115
56423
93800
121165
6609
166
188
130
182
290
18317
22482
91008
268
44
57495
20555
19
21993
77
59
54
51
14294
193
13032
289
70721
114
134
143
43235
177369
23278
6990
77795
59065
40271
5
159942
34414
79
146
190
81
93670
50
211813
977
4667
63744
160
5136
15445
28858
187
219296
216
92
15979
143
180
65763
184163
15
188
3
50222
1
78
148999
64737
124256
87
39126
245
39
18044
16841
75434
89
387
249
91357
178
134358
167
54515
1
38767
45252
89
96
7685
276
343
145
124506
15932
175
186
95257
95
15529
133267
213485
91
256
17
41
154227
244
80875
146481
13568
94316
54
70553
22566
118
235
98
155724
150
71476
35193
29007
44551
147166
146
46291
7973
166072
5610
6304
5206
60376
9076
13
40269
118
117275
1
41806
253
5860
136462
7945
138
148205
120929
34
11832
101
64584
6660
127593
41
320
200837
14126
110849
103873
99606
207
76070
48882
17143
12637
191
29651
72051
76
27881
183
19840
16113
21909
53666
53
111444
9556
27719
136
276
64545
66628
131
147
17632
177
184
98189
43278
21613
246
132
179
13
203
75860
142891
11475
278
140
80992
14
177
273
9926
98
53
144495
81
20682
103940
98
304
1213
304
24639
65
174
44
54
168560
42299
71068
249
212
13
82490
123
266
28987
152733
26
198
13
48325
172
6658
279
199
199
64497
1754
263
289
201
309
191
117380
229
126634
607
23410
1773
13111
22
13049
80
164
127
300
14631
4212
4410
108
196
24206
100
86
112766
45946
13338
272
192
25461
61
6716
7205
119
308
105
77018
106
1634
265
10838
24143
36870
25219
23965
266
348
7992
197590
63
52428
146
41973
2615
190121
329
23
46499
140007
124702
47656
69187
178
57059
212
21646
122482
89723
57958
8360
255
38938
268
173
90973
32809
298
39654
129338
5
189
15070
56820
65819
209
117
244
2091
69
76
234
252
68401
23076
64997
20072
79062
220
68250
123664
101871
44503
94822
7726
99
158248
106670
63
78900
8
102
194
289
167
10522
305
39
247
231
76238
61
54687
99036
316
238
187318
35
243
93
81
55298
90532
55269
178
54
64
229479
141736
260
3358
105836
141579
216
75240
241
37066
70915
138
13592
29153
47271
158284
217
63924
19
233
121
33229
11532
17910
20389
15229
236
242
241
18
71047
108498
252
139206
32851
208
18715
199
94
299
186636
1
59831
79
120
25553
208
69242
5570
16355
253
134
2039
26549
8281
50400
12428
120969
189
7435
28
22588
9
74336
81
52423
17
34064
279
395
17594
5979
69067
24668
56
229
150
177709
147
159
150393
39573
26
93177
39480
70289
12129
211
178
51
15570
36679
189
25167
200856
104
57867
35339
148
217
428
135
87
48303
70885
315
66
64694
198
68131
80
127
183190
117869
265
87882
61
90
184
38
144
105744
68968
207
237
9777
13
20550
91551
34562
44859
20807
71570
62581
125
89802
111190
34030
150
32070
13137
23
81440
202
55546
259
62737
198237
69268
21659
86
46
145
191
266
188
116171
50864
17565
95
129138
92923
30976
18790
204
266
182392
184
167
20316
39
257
21259
174
233
6203
15838
2540
139690
85235
32550
269
13610
51632
56993
27242
2734
36004
60
93614
91719
7182
11818
71281
156
6398
118
33608
111745
27228
14176
9
206058
189
16629
39
144586
110
72615
195
163
52
48861
148438
137819
128
102968
10801
236364
192
8722
138
125971
130
74
119
155
39489
3
25377
184273
3228
138419
16998
45642
49515
39410
100020
128097
92437
120226
312
126
220
45803
16
115857
135377
289
28445
19197
35215
118
24780
33
15344
190
199
152
214
7838
131201
1
108239
153
164
5368
2025
128
36480
118952
169
126
267
95
160181
13763
10515
118362
46453
14748
63568
117
27474
178
142444
31
150
72073
107229
32
13561
109467
62
154119
193
17038
129
29231
94787
18
34693
86618
263
164
36640
62912
67822
18444
37188
14433
29946
98
35
22
22296
172
252
48362
120
212258
37034
137423
31134
219
70917
37
70
130432
9
170
311
85990
22
54512
204
15713
40843
304
157444
1917
263
28017
123875
19
101425
8202
139
8241
56536
41
203
229853
154
339
33702
82
31050
315
5117
107677
225
87554
17353
57
192
119
19
160158
116800
74250
1309
205248
28051
176
270
77
74698
261
10708
39595
143
147638
179828
24474
41
87496
332
146
85104
196
76
225
81122
166922
187
195
63
8
694
62
295
304
8796
272
83049
7773
27
171837
29
21310
1149
56771
49613
94
210
163
195
15959
74092
3649
107259
29595
4
19073
34
167171
27379
117490
277
268
264
8931
151
287
39452
109
4005
20597
127890
69
48305
178
10595
93
32107
89
36578
280
33684
48
61117
18396
96743
34341
71
233
169
3535
94513
170697
73
31867
28721
226
65
12900
32
75
91
68840
140
56108
253
34068
95530
52
137
36
181
235
12305
1115
6
93623
127
324
204
309
100
92159
95
66
58
135
2179
193
172
2006
264
194793
123
41
239
130
99
48
229
12852
2056
62962
217
194
6
8066
100241
19077
165
70818
71807
21176
18836
57641
70
160
174
303
173709
18
312
320
138892
99
80674
176099
5095
175720
25578
127232
168000
30
125
115557
147
14155
79
8237
432
11832
67665
56854
110628
263
43443
13911
8
13140
42574
33347
267
14819
134
97
139
108
70577
222
163
69
238
63
19552
102
53333
48065
143
84704
151
914
26578
199
71584
96
73618
134
41581
221
40287
47
3414
265
130
99
215
237
46744
85
1877
77
2937
90
53545
45368
193
33
235
45726
78
12436
72623
85
163
24
10744
102971
168797
100322
135
70728
9
1771
39485
100403
140868
71245
142482
43724
52161
21
99482
15
7
89
43
37890
1
19194
151802
357
90675
142
88666
33843
92689
61067
74
44444
67890
2364
101057
222
198308
36718
45
83217
49382
107
34861
70
92458
103
26492
60
213108
151
298
20472
86
106
175
148213
286
74131
190926
24221
94
183
105443
169
11772
3854
74
135
12
17039
25219
67394
211
20720
274
149
59769
184
15
127
47
104365
179
150
135839
23012
68979
61096
12630
237
13
228069
302
40
25220
120
60548
109099
291
164
32539
207
201
13658
154
153929
326
85
142
85
37407
138
161
36691
37921
222
80
297
4139
229
11812
181
251
156334
801
19779
3812
144967
3537
209
3463
30
111
35204
121
51378
85790
145
172
143805
22162
945
198
52359
70801
42403
93
118
52616
3724
53912
25373
96
82054
94801
123050
46040
27805
126
55
188
191
116628
265
63179
92435
38645
2440
87221
169
207
194239
86
24278
115158
21
35549
96016
25086
1123
38479
82
13052
19286
72884
192432
72675
3321
42251
72
41725
2338
24206
164
102898
125
9150
1
234
107
227
43
32326
154
166129
251
111
26851
210
347
212
30079
100
15536
156
123
57738
39
5223
265
10390
124
34111
157882
230
12006
124208
1782
81027
263
104721
318
104955
1
187782
15410
1
125
17
139959
327
54566
17401
179764
232
222
111363
161
50600
58972
5963
132167
3
24186
271
2078
6
1
37758
68361
24143
148
123
38842
99332
21274
51984
126776
165
5974
102465
263
190
120148
85625
98468
191
111817
228
85917
134711
159458
20041
180
26833
72629
194
25
271
161
257
45264
288
29270
76
141
177
124
96
38362
169
238
79086
65
1149
180
191
691
142028
207
221
10874
2185
157873
82
18396
17299
60614
62772
147
149886
26
87592
105
102075
71
7321
17994
58533
39115
7069
203
31
197
365
25
54998
77875
72579
49357
52787
8655
7824
15547
29295
116
138
58546
144
4
208
275
70
137542
295
47683
45435
306
35832
144946
11166
12589
10555
148
45465
27110
373
153
108783
171
34269
213
159329
61
229
112058
92
373
97790
170
1626
26762
344
74921
194
96
80
50
195
30609
198
46061
20349
52
61842
7508
16
86024
96889
93
90271
68388
203
194877
5990
1
62
69255
351
117
77940
253
65114
3671
81926
123
157540
12205
194
10
2631
71042
220
33
162
67444
165
65266
33573
20822
9657
66981
4782
119
119
162
199
18
22
279
38
256
20130
2849
314
131
121
182
12119
71
7
238
112
229
217
65829
23050
155
142794
188
16734
195
241
62456
43912
67807
54021
232
4
89493
46
86
191
117921
118857
97173
228
36
235
103638
121198
255
159
84151
46278
75
8442
271
130
6
42831
86
204
63
40133
69
48
108
238
65
233
35974
7796
78
156
51060
67447
291
78540
9805
240
23
263
2006
38504
77048
222348
26134
68
72
7
24056
168
47338
80
233
3828
12998
31
42547
239
231
28955
30513
332
71484
152
44
106020
817
181100
65
39765
198
172
3194
265
130
85842
67
39798
28774
217730
469
270
29
124964
100234
159427
119
91
1775
94989
325
104
45606
219
61
80831
46
179529
139859
151
11100
61430
134
198
166
358
174
275
11368
113695
123
35017
164
16886
35990
156
6618
127
63
4823
96
293
185
23579
31517
87048
180
133732
21
248
4
2052
180
8148
42579
195
127
55286
208
221
35210
217
27871
178
9532
69
332
163303
151
19820
67241
40591
83057
17
95364
88564
29523
95
134102
74550
158
94069
3956
35
10896
226
15343
58736
14984
34648
33630
251
9147
196
158
168015
198676
82
97572
241
46330
166
20
161
147
260
307
4626
107
122760
24
82398
158
211
90420
3712
315
232
46497
163903
137018
110
134062
248
3
46515
39215
236
59724
8974
124355
191
41280
47
10482
133
30779
258
122357
30504
28
25148
157
87
15527
58
45
64055
29441
221
67416
44948
21
110362
5512
47767
183
200258
70278
135
48
16
41464
6
20252
147
152
159
56423
49848
31
87
141
15
22098
12585
157
178
100382
102605
199203
180828
112
158
108
182
17669
736
125392
123897
346
214706
44518
41
129
281
1607
98643
32528
29692
28649
96107
83223
95644
164
177
233
5416
80465
265
18593
100
118723
66
7085
82
111
144
36579
81
196
26933
57
77573
203
9133
129
10745
18527
27863
127
104
23032
116
61811
49572
153
15025
87565
46003
38414
38372
96428
115657
116
5
32
39
147
12459
238
17508
5460
90309
164
257
73622
150
63370
29851
5197
293
15
34141
106
157794
10430
9612
3755
44
98130
31443
292
1713
27438
169
172
43
4070
6787
216198
129552
33362
27717
13470
241
115
17
115
12168
127355
36842
139
181
241
122
6015
41066
303
120
42025
263
24
502
89330
70962
22366
190652
313
119
143
18210
21790
116227
30797
458
163096
50865
103797
118
195
42846
90390
73163
20034
23
44179
42653
91533
32687
127014
20147
116322
171
13
88548
86056
226
22128
131
16
61129
11727
6478
22780
117
62
64362
76068
18983
198
109298
159
609
83106
122
158
164
7240
8
8183
17929
9533
63
166
265
125
49560
42
50
10
55090
82172
120761
96
64738
183
19077
57972
114
79
96306
111735
30
121
42
82846
3692
4176
19603
20036
206
89
155
27039
171
110
155923
208
59422
26821
267
16680
91721
19134
22873
16456
188
16033
9705
160520
4866
179020
127
96216
209
220
80
217
46184
26
51057
107269
65
177
18999
64833
77639
101480
172
33672
8
35183
82487
102
31
208
16
9
96395
33611
11520
119
298
314
30
153231
23321
45806
324
71
126095
69295
272
121
191
38273
82051
182
175
142944
33
172844
32304
31088
228
21577
42117
85
23708
302
88973
269
61826
7
54244
6532
118922
52870
6427
17277
51474
8
5861
11253
82
119853
41281
35
36264
236
51357
53
10364
62149
14425
104751
51057
157
58752
17
18
256
11
165
3
241
343
218
37770
42046
23918
202
185244
164
112
20396
273
13907
112754
112640
172
147
263
112
93353
14052
21129
96
141
28
1112
2868
78
80
111
134166
31913
73003
86
5199
106775
149
134629
217
3
13063
90
272
284
6208
27416
27807
31944
85
247
235
229
22048
297
58
218
166
16
197
29607
14024
8407
181078
185
5897
245
38372
164
169
176
910
137
128171
50641
8
249
74071
6
71707
1
74047
53
24674
15233
25952
61
64
191
1120
15567
240
40
231
143
41993
58
80203
91
28
45764
87656
34314
134912
134
4343
61
171975
68353
15382
33
26992
63
2495
258
38128
100
11686
241
30991
1244
72204
69291
52662
76
4466
275
3363
122538
288
264
16893
25772
292
65996
60197
280
265
15220
210
268
90
598
61239
111926
46
142856
178
133070
159
2476
150
97
11555
217
75785
105539
45748
16
49318
65208
4955
185122
60
100
16237
117
68080
46963
52982
7209
43
185
244
69565
17105
127155
172
219
35404
67000
21715
92
42
65813
22807
121
280
5513
109
60243
499
111
214
137
106066
40069
141447
284
196376
8258
348
106932
235
132423
18
57
263
15652
3
74914
181163
29511
71
216873
29652
63
140
40174
25
46375
27853
4248
58
294
8482
91
12180
139
267
263
176
60484
1437
164080
152
236
254
271
156
12299
85
62
89006
44
219175
278
72202
6082
202
138
43248
365
246
74061
198
111823
58510
74
264
130
8041
53
7527
33
274
5555
199
141546
257
83117
14746
284
9774
66983
134841
291
82858
70
23582
198
141722
191
45026
41734
106074
204
152007
145395
21236
3860
7013
30096
154786
26
200
173
223
12112
188
323
146898
204
7438
28
49996
77819
48131
136422
317
200
294
29028
106
76
4208
19135
1277
235
30195
156161
125
91210
6
13
59028
24383
59007
82880
29093
98
194562
365
26936
24118
46
222
32933
21673
26590
167
4366
329
215
37104
290
58
53845
121565
1863
176
67
183
169
138
5139
60834
6466
37
22
220
220
103
186
27037
175
230
267
346
277
29250
170078
253
69525
363
107349
1948
99
22835
183
208752
172853
170
8527
49
155
211
13542
8993
49
161
8
38954
85
2289
172
193
135
94904
111
266
8617
1957
282
261
293
89829
27
106
135933
17177
190399
990
59558
2912
155
21195
147
169
132
252
53
437
9
142802
12
41455
34658
32428
11993
186
41958
41907
224
15618
171
1005
60
183389
2835
221
3554
101657
209
82829
186
1330
114636
21
4667
149155
13654
34261
6469
215
24513
225
67979
99961
153753
241
14705
203
1
16564
203
169
72503
16679
24258
83
122
10592
12866
3409
138487
3093
123589
163
41
142903
181
140
77
129365
1067
17
57812
258
16423
370
1161
108718
267
201
23785
37337
20251
214
194245
76050
30453
56871
9898
88
231
94
13642
133
175
119
31424
102430
272
15796
200
27302
164
11068
61917
128
46715
233
2670
153
45700
206044
266
200
45
24356
58747
30
225
8315
137156
100
2429
1487
50913
269
19453
29
33014
78
3
1990
39080
14802
108012
13
169857
101
262
42
71
118769
128984
217
155893
82192
124844
158
3108
193384
170353
6506
2723
110
109
193
153
97
209
9827
70606
186
65295
283
26
31428
47
1486
128
4709
55
4879
50828
27709
97280
217030
223206
102
71584
36252
236
54
3020
95
120
104
53
92
57
24954
10630
3246
186474
19524
282
138900
26
55216
81891
15119
53759
107
34403
124480
50930
64
129
215
138575
15690
45
131
76
2413
270
12
40589
142
262
49547
34
89924
279
74736
36640
155
237
44767
51082
24875
151
43978
65036
252
18149
3751
263
25257
23858
110801
128
155193
67168
93939
73
40514
351
28270
107
61
127
163
87048
29
143
21364
70478
300
112
101504
152
189
34507
179
230
101761
95452
65115
227
119
58685
174
205501
110226
28928
381
137356
89184
7492
58
23804
8
83745
314
96640
17169
22220
176
8866
145191
28
75
43041
153
57
84
162
2750
100
40252
77
181994
88551
209
130427
210
96601
57653
129
6
108
262
78729
334
95
260
21780
205
42195
32
659
170
51307
37
6013
49911
173740
233
36354
57471
278
21243
174666
142
1970
85
1252
164034
41467
233
44432
217
33
135
35240
59586
86248
26384
29084
58641
143391
72
118
11234
38485
69092
38474
101498
20027
227
137
135397
141
45915
32
29054
185
3697
328
5893
28099
1349
6055
206
5115
1166
1
3
306
42144
66888
257
46570
134
297
87
41
121
40928
165
48
51
43599
223
109
84890
216
278
39
41602
142590
13
285
91389
128
41800
15880
64
34474
65136
1059
36725
6
27
172
73314
69
44
216
48
72327
27768
262
193
87911
11333
184
1331
326
24
57190
66
145
237
148
51361
52
219
177
118
68581
55124
136
41597
6403
124931
11378
129
73120
30712
208
203674
313
50
51370
98754
344
26131
116569
32243
22544
18
29
68679
39408
273
139
187
49
182
122246
44551
61604
94
14
33133
37297
267
144036
70047
104826
86
160
23389
111
23887
74259
221
12609
187
262
44175
274
157054
55090
3357
110157
105
117133
34206
12633
50
1627
43024
115
10999
144250
29850
36384
10
123480
58
58393
129343
40211
116
8807
103130
91499
226
223
22121
38784
5849
18002
11445
17044
7845
240
161
182027
34
2000
32495
19
242
31112
201
222288
37
16695
19
10
28871
116929
123129
199
50660
66372
71786
24
104
59442
207
130
24240
53816
99
4260
85769
80368
22562
69852
186
5469
157
157
46361
70748
31913
162646
17310
1463
176
218
181026
65
10454
186274
269
66153
60674
93018
102
54294
150
231
15647
31
119
171
30714
44988
5945
175
249
6428
24593
101543
40156
87773
23171
21053
121
258
36710
156
47
161188
120
52
108
66
45029
13774
25
60
28884
132
156
48535
252
11432
85343
336
253
169
184
258
59
341
36457
6
65835
294
25669
33
242
89
52332
21051
192457
315
27601
190299
20939
35
102
108417
211
302
135
174598
51
970
174
45
137
155
11191
116467
14048
5350
25616
64729
231
196
184
167
45860
242
198
23421
15756
9
13350
232
72395
277
253
86
61952
177
204
88540
244
245
75
128923
191
97006
765
6838
96
23
110613
26914
152
151298
7407
188
151
55582
8555
124960
172
14
80
118844
20188
7541
184
264
10924
284
165181
159
62938
102629
122
7014
6
2409
198
154
15049
23
12766
64365
113
4254
151
167
69420
149
2652
12693
34
97192
173619
94
56
78
121
213
220
11263
235
226
16593
170
24570
23447
8661
9
305
206280
58
13347
227
19765
237
50583
14302
88705
240
189354
84846
68093
121921
45755
123
12809
202
70636
55670
18
196
71894
17712
46647
279
13
117
79462
39324
14220
190689
6909
17099
81755
148
61566
133
48935
31598
53552
25657
11841
24
62467
96110
242
260
98
151
190751
97587
107768
30945
28
97494
100979
16
32700
267
276
122
38
208
120363
43
8001
154912
21697
170542
30041
204
17472
74172
49378
8391
47901
162
16192
171
43
286
6779
81
39691
57475
44686
182281
69243
113643
144958
139131
4716
33366
7429
219775
53
80245
37800
274
16537
167834
91
9064
142483
31
47059
185
36
83
39682
88
3991
7069
28010
46
19674
1
144
39088
44359
115
96
117202
27891
106
243
79140
134434
365
79026
63
131470
151190
71371
261
117
63228
293
227
161492
14857
187
172
80283
4039
28415
254
37532
172567
43
141193
49141
62158
229
122880
85855
51276
185
97736
114
95311
18
8300
77585
58
153782
102589
23545
49038
129913
177
87
16551
315
49333
71
166414
58349
36297
235
60
6756
224
194
115399
19090
137297
359
161
257
182
155
137887
131876
96
151281
128
12220
62
23012
32429
11433
52399
54
45013
6
2437
14866
47525
275
48
20981
41109
84
56707
86721
148
176220
60071
186
31
45693
74
252
3615
263
172175
111
51272
291
134
221
147
42454
70441
6175
21150
101477
91411
11896
33
9135
4303
113
31144
56124
107955
47912
54778
348
33595
118853
33
18
54
23725
45
14271
61361
275
392
32835
35373
86
946
49112
69741
124816
23955
262
112727
111015
52
85
75665
14238
14274
225
14216
65
192401
279
131052
52070
13539
69525
24209
145
210282
53
67632
101334
200
35105
148
21
41741
18142
157
226
25655
207
47
19637
37045
26589
179873
354
16941
150
193
41632
12
58688
97
50708
273
125
23887
28265
121
337
219539
116343
61894
11189
107
30
278
149342
133
34771
27433
71507
106
92793
145430
200
52
98186
105995
290
194
47899
91
223088
15849
73348
126396
93147
42934
70
86118
2538
109154
76
151110
5098
175
128
69121
162
43629
56
118839
39032
32846
101966
131
82
197
63660
317
43074
1
336
41449
175
23831
58560
28371
32880
59761
286
79
273
175
82683
13
47960
37
37548
100724
208
120
85
2056
25
11596
6140
29272
298
177783
39988
155765
156
37342
1937
10471
57252
8305
60209
9504
6
184
173
556
190
135267
246
34
15
215
33
199
118
76883
2032
97695
52
58
81063
330
107223
64989
43643
71954
75
143478
294
8642
181929
57
20777
194
158
82
81
19286
69
149783
136185
49589
171
358
65
72
35
35796
284
59852
3
168959
25382
35
3495
6
282
28738
98
18441
6934
94
309
48099
92219
32466
55217
5368
180
257
21247
135471
3298
46653
184
237
40829
277
40
1680
92
43377
167
302
9607
31175
62967
268
225
93
102925
124
505
56427
131435
9454
104
151180
138574
118
120
105335
52765
14391
274
386
87
6632
14559
192
45216
45
103796
15564
251
4124
5093
19
84709
6
153
168
73991
199841
68178
201
80540
30551
624
37040
18
182
11218
4161
69
544
188
24512
185055
20304
93
253
55699
92
68271
72433
6
4297
31115
233
132
15
41
19898
156
110514
331
110
165
10
8849
34189
74
17718
47820
208
15939
191
200
237
130
49725
19655
140
14386
26812
26860
16
175
45
73541
3
119132
30290
135
247
138424
54539
71174
102127
21966
196
5205
30183
53900
51
90202
113
24164
5015
65766
246
228
164
28664
76271
27149
8
2
162
38335
201
3192
222
17927
305
197335
3695
59
15
380
911
27348
116962
60203
264
6629
96796
24
60527
9259
76780
72604
209
97
206
237
181
142
53409
56658
133
248
117
265
78
9776
43759
26292
295
949
157353
67362
143
113912
27053
188
13345
28435
154226
164
23878
283
92
63486
24
207164
29494
2728
169858
22282
13619
127
9800
216161
145097
194675
4055
98
12786
27676
24439
10208
16454
3088
222
136
306
25667
64
119298
148889
70
134343
214
39951
3180
51458
40
109
20535
99861
153
25528
60
89
4656
309
51624
69
214
74
7
34
193
7480
170
227
15454
123
219
14726
95726
184556
187
150
73328
49705
68292
110
59059
143
6367
32901
15242
56527
12528
170196
19
15547
11276
38
49634
168580
24466
14836
14958
16077
61342
50
24467
257
42248
79725
120004
149
45372
2316
231
176622
35783
152813
82
208389
164
255
61351
89870
54396
21
93565
101397
8641
26495
28506
285
43
2820
17
45
17818
42020
42
35097
27
39
93754
67508
28217
61413
28160
61626
238
2049
1414
98650
27587
69890
30024
68598
64775
9128
108749
26963
68106
164
4266
11890
29723
143
76017
138
21072
152191
13177
73335
6479
7
32499
2960
225
75843
133
45672
77
836
44671
209
43
168
298
95186
119
298
251
244
105341
237
39495
1
34159
24245
81
247
266
58769
15525
112614
537
184
212
24393
113
20
94407
271
199
293
15287
11193
5342
188
206
81
14864
12
161
13211
5264
83542
243
14662
39915
10985
6814
152
444
677
54693
52066
132
257
186
30624
44
87407
178882
86387
152569
7320
41
7
30502
91
77
222
30
176
33474
73
227
111922
176
115
17
75
46602
85086
109
29804
296
15936
38457
53026
155543
97315
222
171
1
213
13
29
182
271
96517
17
1408
16320
145
31336
235
18158
9906
30461
104248
17330
190
82544
61876
122
6599
6743
64
1
172261
16565
15944
157
94
120547
79899
68547
120385
117490
65389
91
164
34
65349
257
222
52
58838
196082
40801
90692
20054
61656
64915
28234
225
53743
187
890
102721
156959
50124
63788
35
218578
255
29
10842
64983
121
14
903
32549
20277
178946
19516
245
12
643
68
108
182
104
78
62084
30872
38369
109
197401
138702
80
4636
4259
16
67
7
50
133
313
37489
74586
62
353
111766
217
15728
239
829
78111
66495
79044
268
165384
287
1
1444
23513
18
83
44131
248
20
243
16325
126
145947
253
50273
175
125287
41
125663
321
269
238
10
7262
36500
202
120
190
182
99734
277
52645
71934
102
95596
266
15342
24
67007
250
73
96957
108
61923
166
76
10237
201
106614
324
148267
15970
44802
6
277
321
95964
60947
20
85
71556
127
289
180
9818
105448
138
13
5175
30265
714
2940
52
31115
29669
16079
314
21217
58
103
2927
127
6
82842
158675
45
54
124372
194
47
94369
15462
175083
111
299
122
77649
177412
213
263
263
167
132
129
92
11870
25991
21
70
45608
109
165
67148
89342
163
74
62055
340
194
217
29040
44894
114703
23909
178
50522
176
210
680
1801
132402
14
126
60895
275
20
142
95
48233
10983
1080
73452
20732
218
151
632
55209
16733
51809
237
91598
10056
622
25815
15534
261
17360
49134
6
26065
51
181820
32
162
205596
134
86
199
11095
134110
262
40657
15453
394
57
60449
2926
39180
52833
19311
3478
317
710
79695
36335
21
186
160
141
33264
9328
39
97
23748
167
83565
18769
560
25814
7507
18799
247
173
117358
426
151
7868
115
1975
35597
256
172339
97745
191
261
36
28624
300
71
1754
93594
58536
50736
154495
58518
245
19
39874
23
30
215
174
65
6705
58283
192232
272
73119
57695
127518
34659
7002
59
55854
29742
180179
32
16570
99723
5985
1838
94000
25
23402
197
166361
5
37408
1729
390
159926
165
34966
305
293
20257
204
93285
7244
15
15
93881
91
73602
12079
114
36993
116109
6387
41218
40990
14351
109452
86356
32475
136381
108210
81110
26497
6390
25671
252
38
246
20876
27071
151
218
108
83727
232
94452
72783
139
113
152145
29647
95
42595
35612
299
17575
8109
15221
5
252
175116
108105
31212
107873
46386
34385
125
48
28923
59907
147
52
225599
137809
30480
61228
5594
132
85
966
189
6367
13736
166
134354
179
7562
32
198
91873
65059
221285
210613
123034
3
3
6986
125
12383
218
113041
12
228
25947
43
3217
1210
151004
30013
123368
257
77609
28970
27327
115
21879
168
127785
203
9542
180663
34088
36352
111106
121762
24131
10163
23
25401
17878
207
117
77657
1835
119
2
11971
122657
4775
584
5275
149
17
246
27030
70
137
54788
53
55336
56530
298
49412
250
317
200
15
60
29513
15
34880
43563
148
20673
171461
54622
93673
234
261
31450
108
45652
223
96
165600
15
252
11075
7079
230
123
95622
52919
3
155
63
391
169238
27
62
221015
221
48
117
5770
273
188546
196
99487
101519
176
65
55052
6
16
5
194859
93
98
4487
84
64906
14722
47230
36841
179
77379
74694
254
129
12965
195173
56241
247
210
18
73
3295
320
98685
29279
73
50
4951
789
324
5673
33830
245
13
99198
26
158
187
70383
182
105180
1097
115
119001
55555
144922
1309
52351
77964
163
101941
120723
223
36054
18336
9002
65
91181
33484
186
36048
30587
90
175
149
307
110285
22299
130571
93
329
209
72
11078
92245
175
48925
127
123
75
13947
284
11493
52318
190
140967
153
49533
83897
109032
83710
63
116
4000
163561
61
14859
202
42507
103
214
133688
61817
191
56661
165
262
42022
127274
47690
60
130
256
156338
88
195
20872
163
38
6473
97443
51004
98332
41
128
190
40728
11615
30
173
48948
221
238
87632
131385
126184
16224
279
60892
104308
256
333
1918
239
150
79016
34736
71868
38787
48
193
13639
206
276
115
6944
40416
186229
42286
63578
136
23467
2410
15625
50960
202
60302
345
151
117534
73
177
87
43470
29286
12777
71
76594
156
18360
45084
30463
146
8939
9978
125248
1761
62902
231
8004
137
1549
21569
49645
50
1921
108687
1192
8478
202
149
84444
194
19
25128
89962
175721
91689
117
75460
59572
25269
121505
183
194
99
33897
207938
202
305
3133
142507
8185
107267
75451
14261
102
125081
3
113
101199
292
36441
208
138
88524
156
1692
16
112928
106738
183
70107
276
209
43554
56490
39
152906
11519
140
69
316
156
121785
26643
70940
111
58467
195
137947
28127
278
153
187
74778
24539
63492
170
89335
108
45528
182
210
97
28
229
243
213
171
27761
223
169
53290
23
70
46455
3398
146797
91
107
76
125596
278
264
89
173
29604
51428
127
150089
107
160
11
12763
157
239
137
37
87
157137
11471
22786
7
45965
1923
64959
20305
301
58
39
172
152
246
246
48
50
29409
208
32
164
300
6
30362
67
124581
203
39099
31591
256
130846
115573
150555
137
9
29071
72792
124556
79543
108
234
90
91
116
44063
68566
80789
136469
65402
31285
40
65730
52358
122878
238
173
130
47867
218
42
56011
51
97150
557
105
10462
3241
165643
145
42796
13084
189
51905
27836
14321
151
64
121943
22884
177
36873
113767
15
2470
63919
143167
94
86
37700
12086
13
51336
35735
4
65633
257
982
253
125
184275
109560
43119
148277
215
144931
2877
107
188
145
36742
262
25284
4896
96533
54746
178003
6507
32
108647
20055
53572
16009
337
62
131316
41158
133227
7033
107
110
28813
5386
121135
93082
270
261
8570
248
298
128369
80864
188
3704
197
229
47
127562
191
485
102420
124084
216
249
228
273
231
50694
72
42826
5802
145486
14499
5198
226
19299
124981
24422
62976
53
21412
13283
92
228
219
146
249
8530
38159
63
88
51065
123857
188
775
60728
243
37979
5230
83009
108
260
172
82956
74896
38
2642
40989
128112
206
36582
1719
63
104222
313
290
82614
348
6206
16
72
286
76901
187
269
117
28434
88689
70
287
91
7770
12718
27
106804
277
111428
203
170144
255
126210
105
138575
2134
232
87
61
127
89408
272
161
176726
60
50560
20588
52100
26889
1097
237
76504
88156
112427
25005
142686
17658
69540
116320
114516
43673
317
72256
55036
145
94762
233
68438
29983
98886
141
53579
191
107876
142395
187
11
241
26950
198
188
38682
126140
1
156
190
2
21088
46497
8546
18820
246
27940
36282
14
301
217972
22454
102111
212986
12161
23601
219
125
12928
107
30490
8413
8043
184355
300
130
17296
220
38414
190
33425
28897
283
133
120563
70
6688
194
190273
69568
183057
132847
75416
1512
68639
27
139
96197
185
78
16035
27
26361
148
54008
300
9808
52988
180227
49339
58896
192901
11
101
8084
201
67306
45291
76513
23980
59
7989
58420
191
108
25
82584
105932
75622
74704
35465
6
256
213
211
3504
207
88210
4025
11426
194712
124935
197
13569
6039
154
116016
169357
36894
219
174
25177
162952
10036
69
113134
221
61
38043
44440
48686
49565
1
41918
18244
38340
27
42054
262
139981
283
8742
21470
311
38272
163
4482
249
66981
48833
112890
20109
12744
55809
556
69
69
98
80
11270
67249
21
283
29
4904
114400
113237
19181
8158
50515
213
140
70632
1
246
163490
236
1294
43141
55533
260
71878
23548
145
204056
131927
302
212
56153
62899
66059
105738
67482
33
21
10
63082
188
241
69307
194832
197
161
127428
291
87
21
568
169753
139
11984
9708
47
228
133
338
69062
40968
130
295
2857
163456
9960
81
96
215
187
55654
21270
105620
69424
115659
27
30427
46
20602
7859
1623
36
114
111572
80534
325
77806
23280
14728
3680
120471
46877
16
14
59
13640
34515
12
5828
18449
48
245
38
220
4472
1700
707
160
253
49072
29792
33776
30796
47209
37158
162961
38
86687
2690
30
163
2365
28044
1
38003
69954
239
128
164
33922
112
112119
100330
188
68
239
301
11
71979
86815
77432
5430
48
58181
89404
38814
31773
23
2090
162812
74455
119
17
110336
76338
43
117970
22
4706
2738
3407
133253
48947
183
12943
28570
238
161318
80164
21723
17764
88819
5419
132120
47732
143699
26020
114
84
84124
178
31405
201
66808
102
244
53
23763
60
4751
77945
15628
138
130
153
16083
10502
7041
152262
2449
295
7019
18
253
9715
28116
59300
210
254
240
216
20613
174975
294
5698
102
241
88248
21244
34648
127
444
120
33519
167
6486
38960
74704
115
295
86241
35035
6804
41028
3799
187
36583
164270
216
169
293
176
80381
195
16
114
114560
305
158436
10
14152
155
85299
61275
116383
90
104574
38020
18850
106694
104
164119
252
202
26891
134
167
57750
170481
51707
36869
16
137
179
54
98
204844
226
208
24209
71
276
63854
33135
147
177
52232
46401
61015
15079
49531
74840
86442
114
318
14074
59225
94
40374
35225
113
46818
23543
143
18363
20605
226432
242
125727
161
30349
66
169104
192
51651
71133
71
75529
52550
103904
11169
150270
45269
140
46
62699
126799
36
4150
96
158
117387
24246
74138
162
24134
210
206
272
74488
273
113075
55688
5119
288
22
21930
141
125
62008
4242
296
215
70
210
17
69510
132
268
74344
32620
55
288
53
288
84427
63
212580
22
85
39
150
57251
68791
4
76308
32763
162341
313
92262
99552
114
135
2200
73
88
142
68
16665
11698
175
158
170
22317
68955
114166
169
76400
132
1877
46247
152
135537
90975
185
293
76899
276
128
62967
273
120539
15
18933
147
38
171
49946
276
788
141776
166664
243
161
166
97
90538
76
46978
2858
244
179
281
236
249
137479
153
380
33382
231
33
188341
5
36
22625
30627
180
282
41926
146219
17
255
54
154905
60
243
281
100337
136
20
158
59
152
51825
151
87641
224
107
44788
234
48
75
138
11805
226
150
22599
2786
77590
10948
256
106
238
115
164
174
75
201035
43751
308
24
130
58972
8778
13
2987
261
37243
199
38509
269
21
26221
167484
53176
10189
22171
112
10
4360
102508
215
49908
115623
210
42979
281
105179
167524
229
5254
179
153
10018
38
49324
233
43661
16
13150
141
131197
33435
75
50621
23416
52
154109
16
76924
244
11946
128
52391
72
145
1
13308
152
47169
83157
23146
111244
40529
4912
57
90918
259
105
101
160
13239
44956
43790
245
13606
189
43563
176316
53926
124
43
65133
75784
3
2524
13513
132683
21
93
102
538
5505
256
73
286
56486
266
3664
27224
8569
63732
28411
185
160
54422
41678
152
2974
78
255
225
167
95
22
5277
204
63918
20499
42963
227175
85
4769
228
251
23748
138799
127402
6014
5137
51269
111893
113777
74
44599
243
83
136
66701
105974
18778
118
2219
151753
176
124
52401
195
151
50022
453
119586
4224
25555
39
21455
32
101
12
47
14
140707
45
350
46
2165
337
123950
174
86103
160631
211
216
24996
14
100
292
105126
135124
28289
70
168
253
248
43788
88101
58
154
59947
118211
243
111
11
1158
2444
71157
260
89
16263
25897
213
126
50176
120
66968
58
126847
3766
111
78779
104523
135382
312
112997
120
41614
12103
176
6
89
11
234
28234
204
337
68
167118
66
419
279
10686
46950
35303
70481
82
171
52761
104710
180811
32
105
112
97428
121
234
210
94122
110
131
10
196
12140
52362
34810
1395
42
63221
157
202197
107346
270
143
28
197444
14938
253
201
149
13608
198124
119
134050
63941
18030
34714
1296
144040
83412
66424
165
49094
64
3464
111347
12737
27371
84
63
37781
40812
22235
10
171
31
7476
189
106
44
12422
20
75530
160
18661
92540
31358
119
96
55576
142564
19884
4101
67
95758
162
3
247
24
267
128777
150398
65
10591
13
97230
254
41941
68
144040
36302
65004
24
22867
72987
155
199
125230
145854
55
278
336
44573
88
16224
126905
9352
23529
79
25592
185
158
20122
74
145975
81812
438
1
166241
27219
27746
30930
53840
81
194567
261
19
28967
189
239
138732
88
79290
32413
181
103103
279
161731
35439
35
1
13550
15483
115
208
223
62
49
93866
27
177824
239
87069
22377
33
27
99
194
9352
38788
145
20121
150387
288
202
83434
48337
28
44587
97770
20830
9144
69368
29
8943
54290
32462
100731
10
97971
41960
11147
59
127
76
29
45405
394
26261
292
160
129601
185
10402
10433
38944
67
135
66215
131294
67
10408
109241
48057
158855
68
167
75
93
91027
27
204
355
2361
216
181
135
171
21
154603
27
62
127
17615
50036
33
160672
68
54024
21506
6950
2751
2824
152
119052
83343
36
56903
89
7386
85
63800
25001
171799
147
10551
7032
77
109658
100
15
85041
118318
175326
4557
119099
95473
3074
19441
10711
196
228867
257
157662
49005
14013
48689
237
47771
42084
26744
124964
12753
45
25
260
53242
319
185337
234
47354
94
50
213
113396
49
55
171885
132
148672
46
145
70022
8013
15436
56023
24677
40058
140
104
50187
3
15942
15
241
78375
159
138
148918
148
26139
178
8326
42
116517
58
71494
123557
67179
299
149
74
47171
140
147873
189
87145
67398
212
263
44349
1
187
80160
260
217
3737
184
102354
143
200
30913
153294
154
112
307
2153
127
128968
121
2017
154
24574
64817
25550
6169
10922
99
76
145029
6
142186
74321
26532
9973
90
228
252
100
69725
39305
46998
40073
219543
121827
198
20690
222
2
308
207992
99
163
102460
1291
13
48622
152
72934
11394
103125
247
287
39
44
138377
17551
47961
281
197237
22848
99
85
14
36421
75
89939
49313
71
22036
74
185
139461
7877
183
11265
116887
169957
6553
7
12866
171186
49575
184
62122
11591
250
49
73955
4200
41
168947
223857
156249
43
290
59110
87590
24199
76
107
79
178
199
81612
22331
12
12018
144
133055
87337
38414
50479
213
14436
179
158
54550
142688
218
163428
99
125
95981
195
166
8464
206023
15753
158
178
215
23384
173
41156
144
108325
89555
1947
110084
250
80592
197
159
22495
89305
62
168
4946
249
86
56
84193
175
50512
124941
27800
141488
182167
22286
90011
16493
176
115
3370
18
8789
29021
201
372
23532
46504
46658
90598
410
24439
9774
177
120251
30120
99828
18010
140
212
46849
353
144426
217
60
203
163
29884
82307
10012
98
153584
258
84570
53799
283
168491
153
123
54394
10155
293
293
160
28781
119
40
1288
227
45
98042
226
18077
159
80
5166
95095
249
143779
312
40
69623
202
9987
243
125212
16059
91027
30808
49
34430
167
142
74266
4090
19113
40524
23455
155
59
104
58761
88332
263
228
40705
703
69915
95549
100456
75
333
58137
218
14883
18559
19
4343
20504
97
193392
182
15
91
151063
7481
66741
66
250
128099
197257
3
41
74
168
25301
28565
486
26743
103
15227
114752
22573
6
142
230
253
213129
3785
180
126341
8200
28
13575
172204
33252
63736
96
23
38548
123
124
6950
92505
112256
122128
47336
150
15418
231
81206
8245
3
71958
67969
196
6461
22
13
147656
55397
280
28622
62088
111819
97636
186
140946
208
138611
31
231
167
134191
157
21114
85577
14
100
201
111
87
70
122177
90
88188
288
118373
10406
9565
27097
3372
109
126101
126167
92
45
168
31953
207
246
27
9
111
26211
203
219
110
111386
170
6510
77365
31047
115
134
79415
27331
18
252
157
89
101
303
33
36345
25710
147
5684
68242
25905
313
155
188
3348
19742
6235
26
9550
135
87698
2267
106775
24067
25979
345
28362
170
28901
24247
54351
47521
22415
169
14
36229
28471
6567
83838
2115
140736
110
94505
334
129529
5406
33056
157
250
838
5411
70546
245
194
143
221
25212
80025
65944
106416
119
3
27567
9979
135
60792
107
109964
230
7740
179
29946
105244
22682
36564
207
79
12265
74105
121
56084
30318
235
28163
308
20
9545
31154
237
13795
17037
498
32662
50
134
57088
5
50
187
76
154
142805
21240
84175
46270
102917
125250
294
29836
257
116
304
20655
457
65521
104858
56431
91623
281
99300
153
80321
271
37068
12338
13982
84
207
223
181
2688
65991
192769
289
224
137
24
16117
98204
83
135
117281
183077
105586
16
30
4863
44
107
11201
225
242
273
277
38216
11860
67240
45940
173774
252
8610
131
223
3
24125
257
92536
115971
192
15502
13726
115917
62
246
146882
32
11025
137529
53784
43145
13483
221
147
181
209
14
154785
204507
149551
6915
12
241
199
66408
142
36003
17
61
87
220
195
16720
72
205
97537
100481
110486
13
149
14349
19553
7866
16697
6409
44071
229
288
44476
256
90190
216
35986
265
4236
92278
73787
218
203493
157
6519
88878
73960
1532
55
264
45628
156
134004
37928
3791
130
29604
233
73190
53883
5713
60694
194
3612
205
124
47297
259
68
4449
190216
201
18157
72
85
50719
74469
304
82
63183
195477
117
119
225
107194
116
10784
1628
166009
128288
199
82945
120453
40263
73
181
12
4528
56
124
35271
32667
73703
54997
58576
112698
94
215
39
201
124
126303
273
24
197
31868
4822
308
3648
12233
60105
11064
144
61
182
213
76443
272
36052
144865
5887
273
209
271
100
47
207
1
22568
161789
194267
117
191125
182
27108
130
229
62
229
52
23887
64177
48003
90
113647
111951
200
9
10
157
18958
33419
136476
10714
104963
101
147846
22012
42295
63
17199
7259
17
44873
101
229
83981
17580
283
29669
59124
11
87
7375
9296
53579
34134
42543
35
1665
87
135931
134
227
73094
94588
73463
160
141
180
36445
61814
179
163
129
175
71
1384
4
187
129
62874
160
74162
2662
45
436
46611
58387
2400
108
28
105884
52120
42158
284
140288
331
47
52990
144598
28928
32005
20
71368
104953
4
244
89
259
81555
124195
42817
45131
84315
197
48
49612
231
31
99
189
22816
38876
156905
75083
9063
121
33438
124
233
5952
80342
254
234
78204
106
22177
22646
28
90630
44384
159759
78118
68580
135979
14217
39
46536
21913
58
157226
66572
77330
36897
136
10
362
216
59401
140205
76993
38492
73182
189994
170
52956
98111
47
256
138
105805
127
200
218
43078
113963
1428
39451
81
100234
93
12772
8334
47512
7975
104
143392
206
162284
168715
165
66888
62246
42882
277
100306
244
58480
9661
22
199
32
4113
140
2688
20065
82707
251
100687
96
78276
30
25
186507
44153
142518
12
64
110787
21609
244
181
257
145
72629
303
47305
102
128
256
106
21087
264
20335
273
326
95540
19380
1275
64
92860
47
293
176
189626
67
24
2508
6872
27075
177
46399
34802
796
49216
44893
175
3605
68490
271
97356
49852
95
87
222
99
15
281
26120
8383
309
128
58339
197
194
32
18901
158
40237
56
11236
217
180
36
50
815
61849
82825
48589
21807
12386
80
333
34324
70507
224
79366
113
12920
22882
310
131
279
287
87
104254
3770
79515
13332
32115
213
3
76905
188431
7
204
43597
72673
22877
3317
81610
18681
37826
4809
30
225
3242
47
138
287
82
194
5805
2032
110
163067
254
105054
37945
57
93
173
26522
90194
65
159584
124
12
33323
168
47284
31054
8
77263
230
120
252
11351
103
9287
26983
105589
62465
45
13495
199
85994
260
68911
29061
48821
128709
76187
259
70
97727
59961
153155
198
165
31475
18549
100808
59
29943
189
28183
50010
206439
90
213
224
42174
92701
187
79215
126594
316
170424
218
151260
13772
23534
54
124
22849
35751
57907
88807
27899
6735
132
232
7
15183
14
138559
202
69179
79097
35
189164
103366
48893
8085
110450
65991
35470
123
111
26
16210
192
201449
91
160469
206
31383
13292
414
3977
117593
139882
83
324
214
139
169
62261
146659
12240
78
24594
258
107700
34382
244
160700
75409
56902
83275
52628
104
168
111845
109
181
9895
12073
256
236
192
31
147
203009
31568
139363
126641
48422
195179
150793
9699
183
264
10
47
2717
67133
20982
23530
11865
42939
21
3266
93
26470
68
301
212
1
248
21104
149767
22780
21
99814
1243
32841
184
21
275
200
127089
1950
57
23910
111
12169
217
210
200
102
149
113
2793
80
58023
189
187361
22358
142059
25864
10494
264
149
2982
286
154923
308
124769
67
237
15332
7607
156485
6116
50347
6632
5404
323
35980
104
174744
46720
18127
104
80
43668
14445
144925
13
9497
174
11540
34358
261
100
23522
93550
75827
13694
33672
261
265
283
177532
17633
30286
247
49168
19237
65446
1160
22276
47714
74510
218
55988
42
247
13930
22081
39662
15005
171
289
156
229
72042
132
269
1
116
181634
98933
43599
202
59661
57
97
78
83848
1
22012
155985
247
6343
81
8736
181
56725
87
9639
26401
268
57929
7
102
108
42
44353
119
62674
226
21910
42
9760
78
98444
76
65
57332
111
2204
12200
7080
84607
37507
29422
36678
286
73231
97
87
35
31
222
72254
34387
86242
20231
66676
216181
61598
108491
4437
90
257
80
104
1
98
195
324
13
3190
278
147584
24832
122
49
59948
9565
58272
29085
25
6
39480
75
16108
71188
57219
13932
97
147
163
72466
95
158
180
7230
39980
39530
111
9980
22402
339
209
20727
186
295
48
53898
58500
310
9
108374
55
8
127
1
89
27628
213
194
63
25136
212
58612
13869
134
66627
9048
4915
8
29007
72
7873
192
84495
2252
100830
326
148
3041
29273
162
111269
103
15227
88444
106
44
220
5959
184907
158610
14
309
62
124859
14951
17
243
36859
14496
22
65655
33130
60
37805
188
67
5412
69747
65
259
90
265
59828
81159
120438
207
9807
49
36032
236
31045
32722
17326
55525
18500
10842
52
213
87677
35
15
54
67941
69179
117906
17026
358
137040
37096
81914
18084
8258
35
63022
68090
144
19658
37384
3
208
117
5440
30639
20238
6
6
39343
132689
9368
15875
221
13193
191
168
289
148
73
255
154479
114
124177
5174
141
351
60308
71
325
37791
119779
46380
25
10299
7294
212
239
218133
54642
66887
23838
85788
155
125551
73026
5210
120511
43
224
74311
81626
9461
133045
54860
77294
4159
231
9453
65
71
12752
150
22168
12521
246
215
113941
219
2144
84315
248
24597
113041
108449
14555
20033
268
121113
34971
292
229
126
22820
17763
125
29
9187
1019
31459
195
196756
112209
102256
144
140
168349
223
130
206055
11544
33
25816
239
233
128
38969
88
18979
278
301
256
75496
28590
280
228
87063
106174
30468
15248
1370
93
263
181
277
124
16
225
262
1596
235
324
41111
21
296
94466
232
103066
780
21
77383
201
120
38
95455
249
33
38775
70
217
4153
26
22632
94557
180432
209
8849
22
127
209
259
15805
36169
146
31133
311
41668
1959
89106
65250
198
3037
26068
3
71102
210
359
120
81474
303
15106
4072
184
42794
37949
248
272
92938
107
39461
152
21363
129188
107582
75951
24
93244
141
5989
113
11814
46221
145
227
4111
44887
6
166
2444
125
49372
57047
42010
209
80
249
30484
165922
231120
36225
292
134
17410
39
136
117
94
54
44719
48848
1531
38150
7027
8540
13928
157966
10000
42
310
123
126
206
107
93616
38471
158
77
171535
27081
47905
306
132
136714
68491
3
6731
21
19161
37415
157332
13579
164213
334
5573
48
5319
7828
6886
248
796
34
47559
24044
77170
291
47581
44425
25949
8521
15130
77740
23366
12901
236
22415
201
54572
117
99
277
68217
267
233
10546
175629
55546
80081
96289
74220
67
12
45555
94
130
22669
247
17
1156
203673
264
45
5607
88682
71
20736
20429
27
155562
125
35488
29269
309
81
110
253
76
140
10
180447
1912
61
14
131
27
117227
254
32224
66
51571
299
74375
1352
17306
49281
177
11178
82928
37724
84
36702
207
6305
2985
18
6
207
102102
72123
48
216
37
296
266
146644
763
7092
71322
65
184
9921
124
44510
25958
60970
191
32767
18346
82
281
65879
41320
22313
4813
260
22869
85360
191
57
108
323
111171
207908
76813
28226
70036
180
981
212045
123
298
234270
92990
93
258
61767
1258
9819
20
284
5280
42447
120860
237
63356
173
882
44860
11799
287
4784
31155
21739
95962
25735
3
72
163
263
106
194341
31086
199
97839
22000
138
13
196473
144045
153
15491
148
260
32962
263
277
76
55669
67200
138
192413
7007
130898
31460
12304
61951
47476
104
49630
3848
50783
51
60
97276
255
181104
194
6
91918
271
29338
919
107569
264
243
75358
52264
178
118
49727
77896
18
124
89801
56
11732
137
8400
65
91809
89636
154
199
13795
97732
4204
189
71523
256
145
61
178497
200
164
90
42928
294
83412
211
3
72819
232
156885
13712
76
9755
173851
54717
239
17751
77480
12653
69
58262
228
38259
268
13
93
89024
19
54285
189850
26055
44167
85
36755
5408
29923
65975
26
68
90634
17149
169478
17063
107352
4211
201
19938
108178
60
98655
8108
18982
149949
44083
1442
106218
69
316
90539
145
22998
293
129720
169130
71813
244
130
26568
349
72806
241
41068
19
5
2623
171
51
55
149
191995
25704
17405
24205
229
75834
52
37
137754
279
91
133104
4242
72
185254
80772
5336
114122
2387
90856
51
168
56
225
124123
227
6
1
165
84
70364
168
153
89129
149
1616
275
69656
303
59
192
262
85
51562
45018
175366
256
29211
240
93
73341
77170
34
218558
95053
294
107325
155
66
120
686
75306
134
5770
196
231
16307
79022
39065
53229
225
279
135
34840
278
45
170
111607
90
214650
306
118164
286
12833
81876
64909
58934
141
170
30676
229
1929
160
296
193
319
285
180913
50
331
82218
63000
4893
200
75
85
152
7011
44215
25
151
133945
151
265
65009
8
262
78599
45
91979
3950
14773
158
160
18905
115
169
75
16490
15
218
21515
40292
32776
23
190013
162
48372
136
14508
211
42999
134
103891
55813
37550
26273
116143
117
11
21187
24142
32355
161571
84
98241
78
114474
53303
52536
4607
27834
3808
7609
1867
54824
4175
22706
53
89904
61
131353
269
22831
200
193
50
219
160
31856
340
220
66243
257
118
108401
4029
215
35168
163
45671
10372
59039
65856
9174
63718
126172
388
21025
78887
173
49
107
81615
46760
35199
284
230
68
81
48429
43140
79822
21249
1211
28
57
84394
161417
46109
59
19845
211
46957
152
1429
191
71
2506
112
1
35
118205
7347
185
106
19
28400
16085
145
267
182522
6036
114
119404
81928
63
65652
47
156
334
109776
53
31488
67
228
32905
16497
161
187
3055
205
90
64
12265
8299
15
30387
217
37
112
64689
60
11
5149
29875
47405
151069
113610
117528
220432
25
75
120252
51255
1374
1
18722
209
182
85
20511
199
85
226
35
95279
151123
162552
59019
159936
77
20
22842
110745
46346
2871
113
71677
55
290
126825
173
47
169
5578
161
299
22401
252
3
54542
42
33
88003
89303
18
13225
2725
21212
49779
21253
36245
4963
128739
93309
1908
3
174
289
342
216578
119
1
111
39
298
9629
11734
103767
4
40191
22956
193
125676
95
69
68692
72501
57346
3510
211
32
43487
133
111
151
277
76
94
4
111885
205
62393
202
75
31
60
73382
141
26815
55338
37757
174
179
71761
64951
213
203
139
95358
262
292
766
238286
153193
216
2466
104037
132
42
137
143605
202683
17094
168
173355
67
28873
50909
124051
55329
5692
20
82878
13916
25263
306
187710
8523
47
13763
79
11
82527
144
45335
11986
70
116
71798
35088
57137
92350
209082
116667
170
103
380
159
158
117
60165
39
223
26823
103588
167654
148
5919
161191
209
69949
4317
34048
250
3618
43017
176408
13231
79
3466
115
8517
212
13
151899
143
235
65
219
68977
12
2073
15
316
74
171
187
220
22436
42283
37883
23652
259
75255
43
85
307
22250
213
119195
8759
149259
11512
498
42591
131595
134205
192526
36757
247
157
290
191
15141
135544
11348
71
3574
21548
225
24351
10605
24146
96
97
8111
43
163105
116
154
37786
71374
334
104
12962
82876
21290
16062
106
85896
70
32478
179
5
77396
100
3447
73617
22
286
105812
21317
64
21630
40046
14620
117429
24906
270
1
15289
6988
254
13262
28689
134986
66
20543
51627
235
10
24
226
31
33462
24
215
79724
9978
139082
26
2806
68201
4823
10847
3000
63
33824
56601
17
80
24980
32
127218
11
39581
57493
36689
1232
3717
40
19422
50306
13
45171
178
50785
5695
51815
166238
18682
187
31
30
15028
11122
127423
80
189528
13
106
177
70
182781
124
18939
36455
21770
64
47
130
169
93
138
22996
120138
60737
52482
222000
6187
40430
6971
244
89683
1551
379
33726
84373
39
137440
259
49564
43215
209
154
22672
48241
18
167
265
50782
25
153653
123638
117839
60511
79
251
192017
158548
47
115239
162206
144665
27208
64756
3563
239
60
48463
199
312
322
145
256
102
278
161
169
122956
39200
12186
33
21334
109
171
97744
252
104
275
112327
236
22235
138477
61176
14634
49
167
58
56034
55930
249
13259
130448
161
57620
48801
22769
16262
1376
282
1
9792
54212
78577
20634
57
63766
32
227
204
221
12
105253
205
8176
350
183
47832
49
224
149733
117271
91438
27220
169
27883
157681
389
20387
125428
69
120
2081
3
30887
92167
181
41908
506
5563
248
45366
166
7935
1241
176
27
274
47125
172
39209
84
15
206
113
347
28
163898
137
2
133971
9783
22
240
193
65192
215
62069
2028
128
258
49038
38211
1156
150
11723
34751
25135
119
118663
10
65582
218
214
74612
32695
22277
2714
25558
34
68480
103277
214
17955
137
37403
94776
2630
349
44
69515
215011
36170
15727
96
846
3851
97309
9061
239
28620
188
173
73
1066
42
1391
12065
9215
229
240
294
10
234
7762
25955
220
134
238
164116
67
307
13086
63
67418
64
262
37821
53275
37593
51837
170
124
3
150
291
33744
12
250
100
66879
113
103043
103132
279
113003
205711
23094
28231
44819
195
4999
7910
105
358
88
30552
64389
340
18
48332
295
150
187
30
171
211
93240
99722
4021
258
77
64555
59054
53321
12578
203
80
40
247
6668
196
51
25
33172
349
11999
48241
64691
194
90401
160711
240
50
1569
12053
8999
25646
39193
317
245
10321
130
2715
71
312
105456
112007
115
316
197
20821
65031
15236
22663
111250
5388
7284
156922
89630
196
122482
8
14394
156
66906
160655
29599
308
13
138946
1853
56
78
27
4796
216
134580
22
12950
38136
78424
18774
33941
33014
130
267
39021
1892
264
325
67593
36265
76054
133
228
52
319
112558
215
60741
47498
207
35123
250
759
8
115
127456
248
21889
163835
14479
142
349
107520
6925
64
177
67
138
95
53
28
292
41863
99185
43
70
27
96
2088
123
221
54
312
91
409
68
17619
82
92144
284
3961
76044
659
19107
42
191
275
150477
114915
134
29453
25
115378
14
147996
103425
10006
16470
154384
194
184601
48820
103
66885
98
29742
132
251
326
108
250
83
194
118
105592
286
210
98762
30324
3
155
216
63392
40219
33
82148
68367
60039
31688
56210
41037
186
23573
5088
108834
111017
6541
37856
194
57875
14936
23898
118
9885
70127
72509
22
238
21336
113
95
39128
3
91
97130
18
6100
138
138
155
64834
303
48
52650
136
76203
155
1708
14092
47
51
27603
210642
174
106
38
134
79
6084
207997
194
71057
151
14163
256
145579
204
151024
228
25387
49
15570
23
78029
48379
125
6743
77
1
20425
32266
93897
185
326
44770
24150
95399
148
189
119
130249
55009
269
37331
5925
7219
9394
120
176
103
64
299
54393
205
191
101028
141
147899
60448
147
70
185
22424
66230
42843
33334
103
32291
21
32301
149032
68749
26
80768
80941
45
40143
55
313
45479
176160
1999
5753
194
116138
73549
166
31535
63626
45615
2775
2708
27
250
88450
40065
134
198
16665
7671
30588
147222
54802
54
32818
8229
18015
8061
86134
110
15305
109
166
123161
164495
4918
125561
55
10669
22993
314
65473
22798
448
65
12230
121141
9791
234
140
56398
34178
54516
32775
65647
4
110
102050
49452
70
185
133
100248
124430
26
2570
211
336
122
30
117
182
33
15
118
249
98
67479
88044
246
9
33770
306
40257
65582
42166
38
36
201948
61083
38
142589
187
10898
131326
40
24520
28003
23803
105
36
268
318
77508
159440
14530
60
145364
115322
52
76
107
86
837
199
2275
265
65873
25
196
177
39686
74
17
110698
46974
93297
156703
16889
23656
305
12852
7285
161
206
89983
275
56560
32636
79528
38971
9463
24
24187
18108
214
181
7854
10
15107
141327
27
68912
176
20
85671
20
12
191204
150124
274
54012
47
194
171927
116283
9520
101
232
6438
224537
104
106
207
7091
1734
23
123
69772
149
143752
79
112341
295
78475
137
1428
86
146
33
38817
103789
253
190
55916
477
172
121
17694
31401
15
21074
103565
39417
105631
95799
2088
1
200
275
100
213545
217
134789
31
4591
179986
11
29
195
215
97
70965
4655
157119
164
75760
37153
18720
221
188376
160
327
385
103
316
340
22
40152
37
70273
111
27832
37282
359
112333
224
98071
108
110154
10
285
179
22964
100194
87566
2
206
38107
228
32704
15
165
26539
89894
35686
77295
253
222
150325
75
221
257
224
9573
33
24607
39310
277
2047
187
75136
238
80
175
2901
299
130688
84
129
17272
33
1807
51440
6
62
24
204
164
67409
48
36082
55166
70090
37346
20535
3612
72
17
125523
31376
216
9
248
51419
48
3730
9096
27820
140
93413
17381
24931
177921
20977
1938
8
8185
56939
59432
27388
89
148263
67
18585
232
215
298
5164
51
11336
21
90364
148
265
9354
49394
32890
3
2393
14261
172
224
275
49546
154
4424
163372
111079
10
222
594
185
121
152
2695
27206
46
10426
66291
39
11388
10785
55987
207
23514
16352
86
125
93868
210
24
335
242
179816
199
3
260
37471
162
43027
52857
142
25
126
63506
109443
324
283
52062
73049
96389
113573
25771
79
344
30621
269
7828
1878
37526
235
102725
60967
47
197
194
117794
82612
7
26721
4891
61797
201
176506
240
58580
127883
17
265
28104
94
59465
151702
59353
286
99366
94436
134
13
37093
18228
59958
186140
125179
234384
126
9894
16924
842
112510
5467
209002
24
95924
75096
27638
21
41323
198
32508
81779
136006
122
1
156
65594
49931
194572
36601
284
2998
132
67953
225
36
333
47103
51836
52152
239
357
246
216
64517
107
20922
48
77
70629
36
24967
97773
297
227
121592
54923
20284
69076
10792
138
128
141714
98
97
245
161549
193
313
9269
208
58484
120727
32
22
78630
197
14800
24569
271
91849
1363
25
131645
9940
9967
98
13875
11
122
90417
52903
165715
24793
3
226
182
10360
239
72
151718
227
69105
10327
202
1768
43041
91
234
43076
231
10856
63590
9271
32
20608
39154
149127
34417
281
213
2
133542
6042
102772
37510
248
6651
160
193
19742
130125
188
108784
37236
229
12
53141
48955
78914
59067
24424
204
196217
44621
60385
177
41
15184
200
55584
18476
98
77580
17336
76
27
83
81
170
48852
242
56
1543
243
83627
104110
143
276
33686
27245
20476
5901
205
1
231
33301
99
10769
18845
88805
9718
74
45
145771
90194
144007
238
132
167699
104
71278
85
19194
18359
61881
67
5
191
169
49429
2818
29
31751
14642
146
147652
125
57532
112889
67594
166
48
305
5097
300
239
194936
193
2865
117
131
214
82
1959
66
60
106
1034
175
130382
58
130561
34486
241
6
248
4976
89415
98797
74831
37512
201
20758
173
37654
44925
3996
16613
151731
26236
328
169
2041
99511
231
112764
47816
238
47394
5
113
300
1222
137
12957
118076
30105
49396
40280
102578
209
303
21916
201
7835
129717
20
26277
82
39488
155
89545
10
179
7628
38420
147
105
19643
180820
53489
64453
157
30345
189
7136
4
12144
119
48
75493
30411
7934
247
61
97
17507
47455
80
172
41797
50875
173919
147
55445
97918
219322
167266
80522
56474
79
162472
63
71000
73318
85
142
73829
258
125
83
1417
317
347
183
100269
4428
92919
76
24296
19417
64544
110560
21
56435
77599
6378
190954
187
20918
9759
21897
13497
26979
3449
33082
233
92
237
110
135
15902
30178
7802
11599
6416
108009
351
119663
1557
342
122156
9204
5315
17232
216
215
14165
53928
236
2807
43
40
31
76
7907
274
193
276
6128
6817
75560
184388
74
208334
36037
6740
241
4304
97
192
42545
94709
1464
83458
109
73
17983
3398
124
24565
311
94783
20023
321
116814
12
178111
61176
265
221
15624
47
48
49335
205
26
135994
192
17
10
61203
25410
183
51939
40976
195
110382
19406
43604
147
135
76597
278
65454
173
2532
111
96
147251
1601
33921
112
18118
135
1
288
85544
13244
296
7561
27346
22857
188
46487
186
3614
232
125883
247
26211
279
25503
171
58644
234
54
162
40973
247
198244
17461
31
234
98336
59
112554
111986
42
96
81
231
3039
107475
39
272
120669
226
188216
5742
27000
309
323
196484
193907
64698
156994
208
15055
111
303
26
194
9923
34090
153
110056
15827
201
52000
18271
44169
136843
221637
47
110010
12095
2127
202558
53325
75
1468
4652
78477
3591
222281
99005
98
109537
85167
199
3728
131
48
17131
257
221
39919
124095
129
75628
1
1328
132
5356
42073
11802
213322
24265
31337
57264
70
92047
3619
14652
210
67
173
28871
78
63557
246
293
24667
49
166
196
8199
181
243
415
137
258
298
201872
102
112521
234
174
119
113
29395
185
122
104
74
266
24526
172
51434
232
73586
40
6
122577
1627
98579
132
135
111554
6666
115180
53
275
131
35
364
75
66
199
38256
4950
211610
68
26818
58956
108679
170
39728
166078
121
127259
80
51626
47
148
58012
9
209
30060
96
27565
183
92
73
103587
67417
46311
116224
90
87
278
184560
16030
173
23857
12074
105786
216428
168
47980
46447
21147
21
238
214166
125568
77
220
179850
98370
81525
3085
108
110293
7707
7376
101
150
39725
56896
135302
21
267
327
19866
105256
34682
88
13105
51061
312
284
1193
2
39398
65
241
143
55210
43804
223
1894
69485
36889
191
25531
276
65
269
177
44959
499
41907
72557
136705
45
110
121
121575
191007
2983
214
55
1
169325
24911
111
286
5929
31283
83425
18826
18502
118
4889
34354
13484
247
21051
230
174
112444
104043
120
2199
738
3
32999
18163
370
52306
19
124717
241
298
124
107811
201
116811
79
65375
95
280
45521
218676
23618
34788
43396
2069
122
62357
60
36
56031
212
37646
154628
252
39476
103578
128905
12898
156447
279
44594
162766
10107
16
73566
24276
2284
169
14702
45
46066
12652
61
109
145322
308
54
124
279
121
56312
224
54212
168
79104
61
108
30412
53031
113105
115
54606
70
31459
41
267
54067
29472
6704
185
506
132048
202933
164
185
134808
1523
37
84
97
187715
3942
51
105
12999
68
149
11
11
244
91634
130831
3921
47
254
135226
63136
16044
19552
137
91
28605
102
31707
108376
38135
1103
121803
43
107453
118
66693
210
88279
349
9636
36339
728
51
46
29007
82225
216455
4421
150
127290
14000
210
187
240
61885
30490
320
92
8520
92
256
122838
261
122768
233
304
2036
198
69
34905
255
149
38621
33804
209
101719
40484
31279
120
174
93950
265
9118
303
185
280
13
28393
35887
40762
258
96725
7
10943
2128
24
425
60102
81
100
9365
118575
73352
75
101337
61727
132724
134
1931
115
135448
96009
13
3
72820
122
57717
186
89
142624
300
100475
79
118551
23235
17
198
28807
34139
78278
36249
142365
181
155
26882
299
11139
136
151
74
66
85
82236
25394
13419
195
39175
13680
58222
3479
3798
158
160538
135154
112838
39
43188
77291
31388
227
238
93640
134
360
39707
73182
123509
107113
162284
184
168
103958
109
43
125793
114697
40100
115195
143341
18530
154
21563
43540
34772
34565
205
138346
123440
43343
70835
181
216
191
101269
229
174
106
66356
117
3897
89
291
56
23443
142
3375
70370
17846
31217
120
89870
26
35744
61812
217
181
60298
416
113
15883
183
160
45
123
14
44248
40233
21330
88
43634
149934
8339
5295
20
58809
68
3171
4114
1503
129908
10466
158
259
171140
155
76
191
14764
47204
165
9419
231
2
3122
10
223
219
304
96
109
112
68
35262
12135
288
46424
129
13114
18020
2656
202
123
129201
35367
137
108
139
221
85479
194
21494
38788
605
304
113922
181181
140571
45539
106937
203
58091
67
2435
31807
54210
70533
15938
49
25
6662
171
181
33363
66
79632
98408
35
330
90196
172
47865
300
10072
6
51447
128202
183
44733
82
41091
146948
13345
274
59
33535
11214
79
110
38820
205260
217
7544
158
287
6741
63122
45823
133
198
257
291
241
13
155737
24
1084
66
150094
120878
115284
116513
54824
145
3
100004
61950
12419
65451
139052
223
25492
302
61
71
95
33605
263
9910
16212
125403
177671
81
20
11028
17667
286
216
197
57736
12
135
120
48210
40045
65
30084
62048
252
92933
307
67
19214
12515
111526
54
355
48802
7
368
25162
16354
7853
347
15354
106600
28628
15729
288
6096
2190
35796
47920
113426
70944
298
208
35335
10
56092
38120
82165
3723
259
58588
43
5593
132
122851
79012
2301
151
85123
51904
35817
54727
309
9353
55009
70446
52203
164321
36
35803
8388
167821
489
239
182
120253
182
1
119
55532
47
73346
102313
34
132
178
164311
131
76853
41485
65197
273
18447
213
56041
25
19719
13787
14547
36030
138
2023
2
159605
1840
161
121344
44
73
59872
28157
198
23350
142999
49849
243
144703
189
217
60541
65259
171
222
106341
4
263
42
9481
196983
33216
117
127848
12662
82558
244
104
48284
73
66
55736
266
76
48873
82949
142
332
116
2806
239
9
117548
149
67459
179
129
278
170
24
54309
70
182
26358
32760
16214
287
1
187
39891
412
119
106591
5646
297
146001
56869
68628
61220
261
5190
1927
160
31799
232
45
40700
54538
44654
182
173
104
75196
268
145
164614
108251
51070
99
167
208
3696
93
208
233
246
61634
12554
13072
156787
85258
274
94255
97033
238
71127
183719
25261
62243
282
182
216
86596
276
44545
3469
36822
25934
274
119
224
98
181
42
58540
57
138331
10724
163
327
242
34953
41455
95652
84544
77893
100427
12436
93
83
18206
195466
132
186107
151
34035
231
121194
97
4802
41578
34410
21999
33
98382
195
195127
45
181
185
141663
34983
166
210
52261
35
110
46
53493
118615
5863
232
134
39646
167
58131
139
76055
128
21985
12258
165
14826
80
20005
106860
64
302
172754
8276
252
132672
156
229
106
158
8157
35
165
96579
27196
42
7681
9671
45144
10235
271
31956
3
88
45610
138090
47431
71541
250
70
270
48290
18756
105962
18587
252
20
104957
123799
41189
103
166318
38
168
30071
225
310
139
48
17804
2332
21561
237
81
107
66
140064
17
4708
200
136
96752
225
56
68607
38330
136
53
113485
30912
11
8339
175
219
132
210
6
272
63045
62415
2708
293
150975
230
65337
70729
46778
24
182
82291
58
1238
8
28946
17224
22158
286
10724
82
126605
28223
244
264
22
53
8633
224
85
158
152
124
21484
88393
52
181
197
7
10
101094
95474
45091
109
638
88690
91
27
19667
21
105
47506
110
5688
113049
180904
68500
45771
72783
111
33824
22635
43437
85088
164
12
3209
21878
43012
144
39198
109191
264
11
59358
245
86640
151
137024
210
72824
26
7740
51596
70
54
37
174
83
35879
118
72706
203
92085
276
113360
85
95
126045
163
354
120
75820
8259
11
38
153
223
130281
50790
180
42938
16197
4417
145749
105
145
349
246
1925
29903
278
281
155700
51413
179485
1953
195
67
25825
32240
132697
126
68
57236
1
39859
197722
163
12747
251
105571
104
13340
38
45148
3344
159651
78
108525
84090
91
65851
129628
199
9
8619
14077
19020
34
26564
192
94254
22434
64337
232
139
90688
26728
144931
212987
44849
39
121
78717
2516
4973
167
25041
297
108
265
24631
52
90348
275
56
139
82
22975
240
50234
23
177
91734
41318
48128
42291
39327
150
115135
15872
187
11
67135
140303
288
68
98785
43336
236
167
201221
42465
179
142
111919
36
32619
29162
84255
121
53
40865
48864
91
26833
201381
324
296
2338
3717
67677
188
227
115454
51253
105
14528
27465
63838
147838
200
54238
21461
70542
335
226
4701
167
197
142735
264
4
279
141489
117
160
285
81892
80294
264
61305
54246
130678
74603
15
27982
60792
20
1
293
233
13310
29
7688
37279
57
15
158146
241
136
180
34713
114
173
138
78661
184
676
246
128252
32574
14895
19
136712
199089
67
57
43
122
114061
25
269
11008
55371
158822
3195
56045
6853
197
171232
165
240
276
107021
98797
36986
125
92148
43448
40679
54949
41325
70971
192
108
54
138294
174863
3277
33
47
64
47
148
20082
35045
109
226
68751
57
191220
21769
120
43
70018
96334
12921
116772
119
60
26602
2755
32512
247
9328
230
171
129
44257
230
19
30577
236
539
89
82
249
254
209
3792
192
46828
233
21045
416
153343
1
30
119759
218943
88
54521
147
81
170
158214
49003
193678
10577
9
263
244
8
76100
220
73
8399
8
28749
14126
3567
92
11876
10686
115
9335
34530
29142
194
10668
105047
220
32878
8431
21
40996
5761
176123
135
302
292
68
309
11356
2421
40554
105330
159978
5293
51
48142
46412
31448
320
342
20883
36
77073
23703
107487
36
69
15880
128430
140
248
96225
29578
13192
13662
2647
80
9
95
261
312
139
9462
105
276
223
25
10
183
68846
20727
100773
163
80616
24535
361
10338
148149
104779
151777
110
164
22
156561
200047
116148
13547
124104
173387
253
149217
177
53
1223
3458
1739
13248
1490
76
145065
23115
5928
33960
308
212701
3070
217
50824
4185
131
2787
71
280
62133
54969
221
187
93
88525
26519
126
134525
221
44040
14657
262
19692
22760
3285
37
90
247
214
11765
260
212
91535
167
243
91194
182
110541
113
72
173
277
10
360
14037
146185
45852
288
137
247
170
281
66272
248
17539
91470
163
11122
219
25816
6610
157
121
7470
124
145512
116771
150554
259
133
116
51113
20525
254
180
88353
74324
268
210
63129
43346
86350
76419
265
167
191
55750
81
85566
107
103
215
25
115749
168
108
44746
69
74
324
194
128848
110
109408
91
35080
2887
33
114
108
265
278
102465
206
19
141950
99866
196710
79
50279
16373
79569
101368
115
118067
184
75
9436
93
149
198
123
108917
104
43738
116845
69
186443
34583
3480
32945
269
24151
195
20
13980
137
8
203007
99390
50
5748
136370
225
1205
1
133317
219325
55759
153
120
4067
97
965
108544
147
8225
98
20690
8472
222
87
66843
51
91482
77728
276
40289
8445
157
8918
55125
67308
109248
13722
43365
61825
10
23561
176
18198
93120
77761
1
234791
23315
100504
160378
42659
10183
286
26716
181175
70284
91341
78
8893
235
51
43341
12133
154
106447
29246
3177
222
240
267
157
77
60
164
31593
18132
171
80642
30304
12
61290
6
55224
148
28
328
169
49633
126
85203
86813
89952
178
100741
24444
4723
6458
68191
112927
168
294
109
3284
1
166
11623
22619
334
52
2414
82874
102040
179
78
34740
54318
84822
24628
129256
67
44545
174
381
73177
181
45
27
135
262
203
214181
194
76455
199
2
226213
72881
48
36750
19884
71
168
10040
321
36356
60992
304
146480
70
66921
239
226
111
115064
108
13158
40
7302
110
108793
143275
188
1
16344
11
24260
156463
3861
156
62290
63408
25930
79491
263
72134
192
36348
56926
357
198
273
102
201861
62
112822
174
74
10040
161
63
218
136345
95119
50
75
189
112179
28534
1
351
112
40039
44061
177
128204
113877
141
13648
293
322
137
2292
94734
227
196
42
17482
1079
178
2695
235
264
161
137
32078
79884
18
27156
105011
328
222
15142
217
5
7201
46
211
268
3218
63140
6
76
272
35
184
10742
158
3442
189759
22
11794
132906
253
88575
256
215
113
194
154
24
91978
23895
42338
9012
194971
18264
49045
9228
184
305
27630
226
89829
10991
3231
11303
62
103996
16751
53
175
28
134450
9906
150
243
112955
251
21923
31
90
12033
140829
92
87
65330
28
27747
143
116633
67
140
195176
156
76
44104
157361
98644
127
170164
216594
106
5
352
19303
102
787
94961
82845
41
66397
30
9
59370
280
144
4939
208
40
195637
27
25302
89265
16053
265
150
3
241
14034
6786
6
29840
131815
214
109611
119
292
123443
5
36284
52992
25878
145
218911
122842
226
73
53
76600
14356
12605
32
172
99341
95
43833
24425
189117
14366
2939
6734
141225
32
57
101
8
88
222
79890
44164
84530
81374
183
27298
194
1627
275
66
174
104
234
159
81875
64382
53
5991
60
94
246
79358
127
77269
267
87137
14711
292
184
41
103189
10
151921
89955
163
98
99
343
124041
53508
170
33111
220
321
13
65792
220
46
90
12
219
139
68236
23744
19976
203
171
233
219
113
19836
21549
239
51
14233
7
240
80
197
125
196
19030
172
10
47131
92
116931
106829
85
69486
166
233
260
190
94156
299
90
331
257
109
237
176
11432
12053
5447
124
30895
165243
210
40
140
255
41267
81
62
261
114667
48852
236
806
35994
157
190
1859
35632
10125
493
1576
74747
136628
128
82019
15671
54325
128
261
95656
243
271
6
40641
155
186
21
32
18254
196
102
14159
217585
22803
18088
61
77057
276
195587
280
119
10474
41505
270
21396
86
96992
53
201059
22
572
174
55003
60368
113297
74
183
1903
85502
197360
52131
249
192677
136351
11088
48
89952
234
196280
35472
281
896
105
267
250
38
162
14365
216004
37809
11619
57412
116
92
35369
33698
8329
23
34197
230
14
245
2113
251
87697
9862
57693
3677
123234
44507
59447
6
37
181
209
64
110
19750
47487
20954
223
36151
4032
2127
37
24073
64
181960
29
103
71
101
76685
175166
2555
39487
170
180
236
25
165993
30676
9780
174
178141
3
177
243
98
88246
87679
271
50512
23
53216
212
311
124
277
36
167
19837
139
181
81503
28534
220
693
3888
153
38272
43724
43
30753
142961
145188
47660
303
157879
1163
143
219082
105260
36936
40857
153
37102
250
3249
86153
254
185
84478
89045
15
2994
12336
209635
2710
32325
51005
144109
63302
36229
107165
83264
9355
53341
27073
1371
38969
37373
62849
24961
20550
13889
43550
69326
311
189231
23517
27959
154779
88192
13832
49
48865
199
239
26348
20235
44133
76258
250
274
3
62
106513
71
25496
22725
107
250
84644
205918
307
285
205
86817
99
5412
87215
123357
23100
107
97
52165
11122
135
45
127244
76726
11515
933
253
122749
65
1090
195
275
105227
328
56661
55
103124
31
186
178
17
166
68814
189273
20293
48676
223
184
71360
95107
17218
157
32
19
17
42
139
190594
213
102
61968
167
202
91218
125
101
8279
88605
88
64
218
87558
300
304
65199
146
2
112216
64144
194289
40698
127627
82815
172695
63075
2017
19912
275
58460
122144
22
45801
146
131163
236
194
186
83
35223
145
86081
3126
100
12202
91024
22147
83819
30
110
63
68550
93
10
86778
112539
49331
48
21
76
65
74619
154
102804
164937
247
111
164
9408
85089
93288
49
56136
2
639
175
119
36748
62
94
258
3224
9788
24145
297
204
9681
6
131
101125
3856
154
99
24812
277
62901
23781
129
66124
222
126
15
3
64737
101
68
70
130030
68905
76785
171165
30533
58
164
99
202
15421
275
28713
59598
51171
318
114528
263
98
2371
38758
52185
9053
7089
257
32696
21763
38408
174
32721
332
1
151
135982
31006
40147
277
281
52
2035
162
216
191
1077
18293
200
13491
136
192
20
195145
77780
28380
119
151
120350
57
32
138
252
15
30
70380
16159
24155
32652
17761
31630
155
215
231
167
281
97
64063
292
210
32019
61
43
29
380
208
211551
92
3572
27
6899
80718
388
19561
22065
111033
314
267
29637
11498
72981
63318
138
78
133246
198
3
71759
14116
63437
106097
332
43
130627
41
37588
36
229
106
8626
34865
18759
8
17
17
77755
28387
101
302
116911
2242
82990
117
29787
155
98507
296
147
169
42
46200
70
97654
252
214
73336
191
2610
12
109092
58
119296
81837
574
128
32329
48657
43743
19955
8632
84332
94793
117491
228
234
170084
131081
30
193241
181963
67
210
36785
57956
115755
47
37
223
106395
272
170298
18593
134
79
213
5
100159
143417
41653
88692
121
142
38
132003
96956
78314
53
105
176790
6122
55471
46558
137218
162
75902
42
110
317
221
4757
209
197280
74903
6271
7059
200
182
75363
173095
106500
54381
7170
308
159047
90477
780
10012
7
120444
189271
4081
5
95
240
265
91333
1055
47785
143
82
147
186
55771
108333
208
34087
202
24537
78219
37655
56451
129
14357
79873
196
89074
41
32502
73
23
2068
265
22407
233
311
127859
78
6
128659
6977
151
30998
9237
155
62904
156
133
14
279
22
26229
54355
10851
99
186535
56
324
172708
8807
22757
15658
141
89020
57351
19228
29453
80300
70
192
24720
231
82362
171
188230
49
26837
283
65871
37468
163
158829
197676
55
49
42713
267
11181
11
26310
81
45681
142438
84
51935
101
331
8
264
324
106715
2
94
224
185
108822
18774
21992
17004
5
13
10
211
127871
13553
127
42439
43
47573
21935
14278
269
8155
197021
77
60381
255
264
26
16382
173
82618
104303
126135
189948
48947
279
87744
10355
52
137
4643
4820
27487
234
49797
162570
40
50338
197
110295
59686
31363
26
5601
203
224
64
178
53745
3
47402
281
135
178
1
122315
183
19795
281
85
46
43
32014
144
93820
159
45
216
212
63
72466
53705
28
9229
100
53700
104
331
17351
50039
280
365
56870
3096
158
15
81
12
66
138
84
125
261
51
46495
18708
4556
3
54745
185
76004
258
84
2858
92206
152
241
203
9873
231
180
18033
284
173
242
187
138
11848
89
20
29562
310
100
58398
22950
181
53894
225
12941
241
129662
60402
223
3342
26169
70229
203
25592
100
217
178015
150
195697
91861
9352
2202
67402
79
96009
60040
67786
3318
95523
76758
99
85793
93234
152
1
73177
84122
3780
22884
178673
230
203
50955
255
91
75316
29295
27
8189
14883
11467
14281
110
33834
100746
65445
83839
171160
81854
77
153671
112931
108350
155841
94628
77803
10666
96
99
125
13696
5737
51183
9024
121
3955
18644
107
917
268
53072
66295
210
283
179
20925
251
232
22
87
17299
151
4183
178
204
30214
58384
84159
130
113777
128743
245
18691
12327
167799
48
14199
127
81
14
232
121807
114001
2790
219
58
112388
152
29803
123
34
262
30322
6144
55588
199940
275
86
184
58575
52
15
334
17191
29
131141
157
13656
63
192989
103
924
2535
201
73
37029
149
33723
122047
60469
81240
54673
69
262
15714
66
2224
221
52
3548
11893
36611
48350
121817
21103
47333
12274
137769
19
210
19189
51573
228
19379
121
288
29428
53
34617
2755
5
62745
349
212
275
1028
56819
41778
35313
61
121430
218
5459
55
1
32385
60228
70
68065
46150
134
257
125
2712
144
11420
129
185
49761
19816
104
129254
40645
101
56323
278
15948
50547
11020
273
2217
78
87205
123649
202
125082
26
60639
110381
135852
88
146
132
120989
291
45787
26582
100827
116
7007
27570
180456
125690
260
30
212
49
300
105306
188
184
19482
52886
179
14272
312
114030
11
45172
61324
3283
268
33
62
12186
147
9277
1603
114070
45890
21
75
47
50342
295
120304
27872
57
57
54
17428
20524
152673
20403
212
25334
211
2616
63188
4686
169275
117
199
217
198
204
5691
59004
357
87
169
61861
45534
56695
57694
19
42573
113
165605
1345
98
44038
159072
243
87
173
87253
75072
172
3868
4643
34840
234
154
10015
63315
39601
121
25362
47668
42674
270
130
5328
273
333
61459
68672
84357
145800
214
26592
116
18639
13292
49
123
343
197
22357
18747
3965
357
52665
245
12
206344
86419
219
135
34170
253
179
22818
556
235
129844
257
116
28
224
7145
83193
129
8565
123
73589
1
78799
99311
20647
176178
52257
96
82
57609
191
288
22686
190
97119
140
166
90
20785
4041
57
265
8260
9
47806
30054
89295
312
69
295
85743
281
19464
97
62238
52596
84
106
342
140
122216
32
254
20612
87295
82072
83629
77578
124896
6997
205
195
3328
119468
214
57206
97101
65466
65
137384
45
61063
56325
162098
163258
83657
9793
11156
93
219
121541
115
169728
91561
127
18324
140
13
54690
103368
50
1178
2984
153
140
239
44139
252
16
28800
149714
24831
8631
233
85709
13627
1662
57657
116
52209
11980
63
63992
92
119
169030
15726
90
78720
60
111228
72088
20912
13636
261
138153
56
60125
176
214
30412
8269
238
49
9965
4182
6
1422
296
9
127528
16603
190376
111
58
29
187
274
63534
200
2193
73029
25836
21814
80045
32
129948
27483
14692
71945
112
48633
305
48254
132445
86
303
187
42
232
140
65
46194
8377
6903
94
124
32322
19735
29375
1266
7510
35637
158978
220
5000
214642
177
26
152434
132445
163
62046
222
17127
220
92
207
823
217635
64420
164
21127
2416
69341
126182
10946
310
39
126767
98
143686
1
13241
72213
64656
70237
230
52338
23924
73510
2085
43525
66635
8045
129319
24690
28200
296
83
182
212
308
79058
9877
171
6507
182
90
126658
66942
2
222969
235
165
181017
127534
37853
217801
116811
309
270
190
10970
103
262
45829
105
29682
21041
200
6704
108
164
49496
58
51
18349
39428
14006
75251
4
91357
205
91798
261
252
23
3280
13937
3
86194
160
15
184
173305
79248
127
255
219
15883
53
200879
112922
185
212
8735
34304
22
183
48363
12265
160822
162
9
155
120950
146872
133
15
65268
38212
78626
10421
33885
31137
148
1824
128680
41473
136975
123
27
159
62175
300
38964
3
229
143
50728
37285
159863
45492
281
151810
3
237
15300
157
7716
34
14274
5
209
12360
27485
15394
219903
63282
25396
3466
194
367
2159
66265
105714
9
66967
31803
31799
119796
22152
80
16814
35404
83314
34001
196233
86
165
192
180961
82
63
16794
28182
106
2464
124
66601
4320
185501
118
143514
48735
130151
167883
16879
175
82
32769
132
6902
121895
16
23766
216
13
1
141759
17777
10896
234208
300
45004
123909
218
34010
71
231
14566
225495
38238
5
307
70
85
3
140
146
38229
63
23
25169
28592
227
144
28876
129
22127
30460
81854
39321
48703
25924
29700
52063
30543
70
62268
141
51282
33
200582
35402
82097
63969
36713
78473
33775
23612
31075
18544
69352
40144
83792
61278
145
190845
49
158
42
16748
75831
108091
123
48
107
3434
61522
188061
35939
74779
40760
7001
110
175
85452
6892
28825
54
137
34662
20382
289
91888
119
137
1
46624
91067
107218
31665
7000
16899
249
161981
55487
31730
2752
9085
4
40
14705
12209
105328
160381
26853
286
68322
7862
10320
157
89
1067
37648
66566
116
25
179
52
53
48397
112
113
307
21585
316
51431
20
74339
6
274
103
221
58365
40
37554
9381
86727
2705
173
30780
154282
46466
37357
70995
135
28
184713
24348
50516
209
32865
52
223
207
55264
1348
7
192608
145
207
121
9113
86
265
220
245
48518
8623
247
24227
122431
116109
27456
58
102753
448
201666
173
312
299
156723
89744
76
297
187403
4697
96
164181
1367
55
261
29054
309
40597
169
123476
100
133238
188
187
42049
306
88360
66789
10980
141893
13954
5205
83
33882
214810
246
79424
96744
94940
54
52883
10843
106625
183
21435
303
180667
236
214
68390
37505
239
287
14671
129481
12462
101
103
12212
8917
79
17274
87681
6
40861
98821
11350
46
17447
36
2830
138303
184738
183690
16392
17
10
113161
85268
12272
4897
56
20540
280
257
111
164
11
138
26381
33462
187
32851
216
241
5
32270
49
214616
16931
85315
61008
94
16105
190
50
67
22851
133
21169
170
65083
5
35858
39077
75582
17693
9035
85664
38915
54280
118681
31827
128
127677
85034
73
61012
130870
33771
153
126547
116
232
12741
4
249
55
317
4925
98140
46
1
206853
12
2686
16
92168
60
346
200
141
15
205
212018
100489
188
558
288
166651
129988
53
36425
176
21
149858
148
13304
5534
40
146
22010
272
196579
54
108116
6247
168
4602
83
21625
40621
45
123497
36669
5750
91668
227
13
3960
44
86
114753
209
42991
154
217
114556
13838
242
15
225
281
112
221
46968
66795
251
60442
229
23509
101519
146380
26
103
113
11
52189
32778
119
129
126
1034
150
16
242
264
145
21503
154765
50717
41
13849
8345
3775
254
41613
55488
131541
27969
164
113855
154
71745
5128
7967
203
10
21457
225
12998
45362
13028
9617
354
53761
56032
198
3
323
105
12
21418
23552
18576
65978
21146
36
23580
62
128
172
111598
31511
23013
224
137
8372
97507
48069
227
144
49553
205
5924
164147
274
80
27182
191
70947
57428
80087
74
297
1842
13559
90487
17
154
168823
10928
74993
15434
165
28
157
87
140346
6
57
22
178
119
113
42043
30034
111651
268
37
36
36777
2
50926
28579
14276
306
335
89746
9
282
101
12554
40
250
81402
97
178844
276
71416
42741
53386
34391
8142
30505
72
6
88
91
113
109089
17540
57
196
52322
47
230
6
3202
327
9515
85581
77047
209
204690
84173
218
77180
171
122390
59
245
327
27281
102978
57
81
48509
8987
129
66923
7004
71005
125
251
23
29429
1776
45719
199
54280
144
272
59561
218
8182
59111
230
29106
158
43147
136352
13609
24630
278
55177
205095
177
72149
53936
53
323
158528
230
83127
71269
22
112
916
163
12
5562
9
118
94
202
7452
119
8072
33958
3249
322
86522
245
20208
321
232
28735
91460
21283
49372
94
270
79593
157333
34097
142
7044
245
212
67650
18510
34425
104
147478
3789
6505
48
236
138
229
981
314
102
36860
119
2
99043
139918
2383
87573
70
247
180900
65608
102
25
68
16691
45954
246
8319
11978
68260
266
186
72
281
119556
212
310
135634
320
84464
188
128
61
100
217
170
37552
15
5432
1646
165
41299
145
15445
35505
253
173485
175201
1024
107698
179
50596
116650
160790
123012
145957
4
595
67380
29
3
303
2937
8859
34813
67
47194
81203
211
17
55802
4447
3564
27254
107
183891
40345
208
192
208
287
8214
356
89
72575
6
277
58
118086
323
115
244
298
91573
121678
38933
74
160914
181
43707
103
61535
225
155
196
140
175044
170
53617
30544
74084
184
72782
48
8348
177
232
12103
138350
26018
8
45020
1450
92
40
5639
20
9921
6425
33065
246
60666
21
58567
19
277
107
11739
671
208
86
74696
207
73
24003
276
219
151
36
358
142207
44686
6
104
93
80940
13875
6
9278
191
68
75
58367
6196
18
21
339
19491
210
252
284
119
10869
295
169
216
111
62075
195
7111
186
173346
79724
71554
1359
89314
57
263
213
90
291
17
11480
300
148680
17
10
8689
59930
231
77812
230
929
10
52842
317
62064
11010
211
155364
226
98031
22286
309
96
161766
134220
37162
93490
167922
35611
21320
166
12030
66171
80647
146
207927
114
38645
55926
8344
16031
55818
154
73
214
308
162
12396
15746
11
131
9761
236
65
206349
11844
42
28430
11493
82428
5691
5574
29846
168
49
233
123
165
44042
151350
9672
30036
100450
23546
265
124
160
89
90942
206026
104
296
66335
285
260
62405
34377
137
180
54
135
112
116350
59199
310
117909
1680
132163
39413
21
216
71602
27853
597
282
110
74185
8236
20244
27662
102216
233
79261
5553
116067
277
1892
28824
27
4133
28
7192
76
71049
5083
329
158
140740
243
11495
102522
244
39
45462
4578
81455
310
32340
3718
61
4806
254
612
4714
41744
97
221
197695
212
47341
93580
16214
19355
185961
278
588
12009
6767
73229
227
23839
42
19219
42880
48458
80896
508
9948
132724
161
408
163
256
65
196
24388
69479
299
136
153
166
207
63897
18
157248
111708
7793
98139
4781
14718
26793
61
4885
49262
108
39
160
46
237
66
101270
29287
63
266
74
229
84
126062
14055
15428
242
126
109133
3134
253
62
296
67197
236
43669
203
296
285
10
109
112
27722
78543
20953
119829
39879
18182
2498
266
18
3325
43
93
34
67351
174
194
7213
1886
117895
231
109927
46484
198
197
287
37
45253
291
21608
198
64267
294
209
223
109
120911
127
251
76948
30929
246
128
54332
254
106
52262
224
304
258
342
68
84380
73
43295
74343
11687
133127
110
106001
9990
35
4682
284
7
60
294
21008
321
56041
36201
96325
3
28986
200
19674
97712
319
79
184814
12714
39862
5515
109
41470
41081
40664
12016
93518
3462
24994
307
14
5695
37
89970
11002
115433
113275
55
142
54989
225
214
123308
86753
177
138442
181
44942
78244
321
192
51502
205
145235
21266
124
127
171
181013
11005
82745
52892
306
18
206
67880
17460
85
52010
6701
86296
28661
11
195
44459
20
208
129471
120749
223
211
74080
321
164732
131665
22
9
354
68
47135
15199
6800
107
58
138
222
83183
63167
75
6
20284
28889
36349
94203
48429
77150
123766
77300
108
92400
46008
87730
221
108
30118
143
274
84566
33106
137
215
58962
132
49859
5400
173593
74575
14772
77948
130
7163
32269
128
177
59947
27231
195
81
122
327
21
207261
97925
21513
300
23758
18036
54358
24049
7080
48
38889
11
28069
70
4051
29
95
56904
113
211423
287
80
8518
161
19997
201038
4
236
73
22690
168753
195
247
92585
52433
265
121166
1919
3
1680
84272
77
279
131084
6959
19
16155
186
174
95
28976
136188
74655
131845
50618
19
151
12685
1074
255
57550
100
49652
53
5912
196
127
39571
7960
216
13458
81173
1
39
249
4027
40361
163
35375
79448
143324
27398
76193
259
46872
296
92279
5558
30144
23872
46729
8716
172
95552
332
23
243
32337
69426
108224
275
243
177
30
21588
146
107674
110
143
58
61
58129
171215
245
130
98
118
183
48103
279
32
195272
164
93814
278
8677
551
96006
52770
42977
15
104
52112
88768
11766
132
34173
124
29
131250
76
91
26953
70366
4742
1373
121160
3
5582
116795
4441
300
51036
181
316
1546
141
117673
13225
253
438
17399
213
40
18816
50
22892
102
309
277
49
3095
255
4264
115666
135415
116
129
34067
39509
19998
1
19716
228
253
6445
149950
59
184
7611
1061
22836
67318
183
308
68819
46321
92009
127153
1643
156
24097
28019
273
61588
49442
37
61786
15
217
234
80
13437
185
93800
116473
29643
71024
17826
293
213
37
101786
163033
299
315
39
32136
80
79
55592
305
112
111
281
58
81
233
17774
105
234
76411
70
238
25
305
103
166
29797
84
182
536
3
12887
37
159
154
130
43
109
10121
21092
156
20502
5288
39172
49902
12080
68311
95
186
327
32610
23527
89
10
102919
214000
21864
154523
185872
45
39514
37824
151
3
48734
113
24367
237
44825
69158
292
5427
78670
121980
81735
6709
140
77832
119
211
21
117
84148
299
15109
26412
232
108
35249
169
238
15533
75230
55709
11926
201
188
19512
108802
40010
109962
157998
183163
126
241
100769
235
17809
68
276
129
85827
30
255
603
242
93
212246
51879
72100
208
18
59759
1961
216
66368
110
10544
226
15730
197883
116194
68
16761
242
10
96
121
7781
38
18
171
21086
271
247
70
51134
28831
173
238
76
84
53440
10299
29319
341
90444
42229
122490
217
234
40710
14585
53720
42803
46706
38
36
37109
11539
594
102831
165959
94
147
22293
2930
142062
36450
52375
111630
270
10138
2550
186
37635
196
15
44224
133931
58464
153
69
160
111
1
206
33769
84549
5
243
27554
262
29738
34
115646
192
63
161
84
220
5
242
20
78692
82546
162401
240
132
19098
153
65760
162
51180
43
28968
83
44368
277
114909
195
84
61
72
81733
18289
38806
130690
196433
51691
58887
5719
62152
223
66053
10556
55392
18
69769
95820
39378
1
14819
203
8252
169
6485
183661
225
62546
63
70
140795
15289
203
27238
2678
43
10
52859
107
472
43978
28985
209
210
98
178
301
4625
147748
124
861
183272
200
99829
162
83785
825
30049
27909
4052
183923
73799
374
122
250
40196
224
29126
175
69
104
143
101
139
121831
127331
13188
7139
39
81130
47764
3
220
62505
18690
117
66
322
4353
235
107935
27190
19405
171
76400
33
16673
240
20103
87434
5
95
142
8609
35197
266
138200
122
16
83946
3458
31342
12976
89474
95185
76
111
315
239
3961
1119
132303
4016
177005
12390
17
84880
227
145
253
88
185
106674
165
12625
192
78889
145
236450
124012
104453
1046
186994
224009
66868
167
79150
92357
305
268
39063
276
253
15041
109
70874
27045
34
2528
137
23352
28840
1
41595
62994
56804
99555
34634
60545
7079
700
56428
256
48
4503
184
3619
24
17
114444
71011
26
70
96238
57809
236
3971
160
7963
10957
35603
11179
25027
12531
23521
201
241
127
19412
12164
173
206
48908
111
207
112
11
23094
9939
183
47237
7310
11234
178
69383
177
47
70343
105
201
283
39
234
16573
181972
105
4608
204
147
8318
171020
181
10990
54078
51118
75906
71657
147645
254
185
22216
8191
209
19653
138
129
88
11226
15553
71235
39456
21
32467
3447
17230
77797
111
193
7886
21905
232
34638
179
61604
245
44007
281
167526
63686
309
151
191
12600
99717
303
34076
11697
20300
39835
99
96077
28332
35114
151
19907
30207
57425
30221
267
87
194
78240
262
128969
31463
4127
124141
148235
1167
1
149815
108771
120026
155638
49
32
145957
9814
16988
118005
161858
43633
184
180
163
152309
97462
26745
16841
27
129
174835
117288
176117
1057
136
118638
65
9011
81406
40356
14
3427
18398
11273
86222
230
558
59
99
114
31
62465
28468
12671
12
208
13914
2991
29
235
261
37217
83
114777
26917
133
3
44274
318
13348
21185
107634
154
1210
167
247
208583
39604
3210
16176
24
124
160
190
81903
74335
29911
175053
226
141
224
18465
109159
9062
339
266
82
28590
159911
60
51
38329
79619
214
209
7177
14863
286
259
166
61079
155692
59958
207
128660
204
153279
283
178394
86
2952
21480
21
6
60648
43770
90796
218
116592
1085
149
1254
71984
23333
237
2827
82638
14
144
14668
31885
32194
12986
2417
54342
115
48436
11
54578
81977
165464
32734
2649
188
497
21513
261
111
33
1983
3521
74454
131
18940
64412
262
189393
217
212665
2
31047
5511
199
106
16708
4592
13513
142285
35128
110
110161
141
36755
16388
166
258
14168
188
209
34686
25150
52351
204
54831
156817
12820
290
126
20592
220
249
187614
37447
223
363
146536
86
124
31315
195
4058
18
120
134
15025
157
61
88
103048
112
3
133751
57
189
160196
169
11680
115859
97753
9
22133
202
282
14755
37255
75
243
893
30041
10072
98
226
279
3909
179200
68963
87718
1
7756
37791
102
296
74928
106751
196
97
19205
66272
56730
195
39740
49
5508
85779
138
1
113
39
49796
159
12451
135421
208082
100111
355
138636
24979
136
2985
171729
137
167598
100110
173
48
15485
36385
91481
265
101256
286
7603
130527
100
226
109
2026
5620
238
5254
157
81237
142428
56
13147
6
146387
9281
83576
144
66
37
134
2241
194
26857
312
216
202
121
114966
206
158
41789
102
173
144
79024
9444
33
21
10128
264
233
77604
58870
291
113680
132
120836
66802
48
84910
11444
268
235
105
155899
180290
101029
24123
8633
24917
131125
121650
230
184
43780
7158
35710
16196
264
139036
54157
106300
252
257
106
145693
40356
193
53187
107651
147389
17203
212
93475
108633
182
77
39711
15214
22616
15003
255
245
37601
14725
224
58659
171
247
73
333
182
305
43707
333
214
154492
100
53387
13
30320
190
2
19919
112875
266
93907
6365
276
43757
88
207270
219
26250
175
273
73839
312
361
64455
23407
114
109522
64776
32829
41
257
40
187
70459
17831
34898
68323
217813
112
4042
94863
137641
45255
3547
10806
570
236
2567
281
65457
172
13597
15869
23654
4735
57822
236
1733
60
45830
24934
15229
11222
228
40947
48256
248
2221
63
2661
138175
94762
7301
195
216
19761
93
24290
232
137811
23502
73
16353
23909
56585
20778
121
76
168
15312
42
118
177009
25867
1
41504
66837
25
21898
29726
2718
110
20659
54101
1
5
62736
25674
118
13029
42724
166646
64317
65999
101066
126825
81381
16958
45749
95
73657
309
91
47296
52870
14605
33286
249
43541
112
122555
74
4825
106636
50
154
33
16
165200
11169
3479
83079
152
227
118306
86611
209
102488
133
34946
28434
268
75423
182573
62483
1
155
192
76033
3348
110259
2282
98736
9305
102068
8559
33579
176
41343
1344
3194
119749
95680
53133
63
137783
177
34058
8137
82538
247
70
63103
241
287
39530
21168
229
95
15993
258
47051
244
51051
11462
119
35
119346
76
50
55164
3676
82430
30257
233
97220
32662
42011
130472
44
90370
41
184
85078
4245
210
113942
20729
6432
128998
27
50
232
117
111
80
273
185
88924
53391
296
11
16573
44170
19
59
186
192
15914
70977
11091
9920
132
108665
63457
28
10015
35
130
232
176
24099
36459
33850
79
72617
192
144937
130170
76797
11126
63332
214
105
194335
31683
162260
88712
319
61
12259
24
50
24
243
23
214
96
30
77
187
119
170
48
159738
80
20678
131
49782
105922
169
14678
13
10179
51213
40530
85430
29519
22953
43026
35072
21207
10617
113
31345
253
24698
3671
217
1940
26364
57
145836
12026
194512
74
9
92
1
241
73
233
29
16848
63
178491
89
144278
104
66565
84612
8254
114
23086
6058
47578
24535
6258
7890
203
168855
51164
10074
1644
5982
133498
11582
84631
73943
85
297
350
11189
289
90
224
15932
8
45394
93897
127
31022
256
57
1507
172
7497
210
2238
1290
12540
25417
71000
45
51271
2679
12114
137
73828
28343
59885
69
13416
143493
114
15749
30766
70
185414
99
133194
243
240
21191
107
8971
247
214
43182
180
8092
183997
40665
116
107
15365
9918
50186
41600
61366
31
123782
40763
22727
85084
27971
52
85499
599
111211
148
72
46041
201
27
261
175
140
29
52
260
218
185
205
187
27
309
143
246
209
38
1
2194
139474
14000
211
74
23613
12459
4800
203
27653
21346
80362
55
17
30
39942
341
37673
21
30
54304
34453
15962
78385
129
5
43386
13527
182
13
124
120423
83849
26907
186942
101632
11784
193
121
92099
102
30669
83156
30019
168772
115983
227
21
237
42762
5183
118335
90605
3
61025
18829
88870
269
59
120460
47034
10075
157475
49725
38671
249
24456
121
35857
169228
158
44
174
36455
21
122025
68
120625
195
116140
15106
3587
208
234
165
96691
132
101661
5796
122123
84
124384
183417
234
41
33
108722
334
18639
237
114
294
250
265
35700
148801
294
62298
161317
17388
137
46384
38739
62450
44124
23101
301
78237
69337
159633
27719
7622
46809
64203
84120
60364
66
100
48520
67834
154
125
64267
87
24
246
118488
209
167010
25
213
96
218
3750
106268
25520
142374
103
138304
92
86
72
321
98648
253
82
176
152186
57702
166
27731
257
198881
910
196
114388
21454
109
228
6185
185
11
21
20986
23638
153
243
25863
29
21699
267
259
44295
56754
322
20681
32614
286
197452
22664
32644
259
1188
70451
41
221669
33576
108689
26
35061
243
19
13875
118691
24
244
133
195
17178
62695
26487
1786
74909
123
290
7495
164329
10346
62
56
6514
79
32472
102
248
122845
128039
51045
17889
22
190
140
131
1018
231677
69
181016
286
12
109
52
313
83705
1138
66698
15
239
72686
59316
77297
20266
102
66151
1
113
78651
87264
49514
9721
75222
47366
99933
201083
145248
67805
58515
69
139
65632
118542
183
13953
52027
108
4527
154
160083
199
100762
12904
33086
45703
5928
133
261
84575
58734
5561
99
6599
47653
311
8787
32013
207
33591
44211
2082
143
21103
203
74
213918
324
176
34
25928
41194
69
25167
137
8
473
115589
53566
11955
115
209220
93279
132
15916
95
54
35167
105652
8596
168699
222
65671
127
238
1
124
96
195541
65
27301
159
211
26224
8
188
208
69226
2822
145
148285
230
151
21054
73023
141231
63
4910
242
122
116
2
235
75
148
42
171
248
256
55514
13727
99
305
14842
106410
96
195
145861
38
65
41
42322
237
54660
64209
75
221
26866
100111
176
97036
108381
77352
2845
11641
33474
49924
397
155
64812
87161
147
155928
4
161435
5502
8557
187
202
92
11634
35515
197069
199
75718
15
29020
984
56561
99282
85
127458
61
11014
111
17540
50319
44036
173
96
148
41233
285
277
46745
23
189
83678
53395
193809
63247
91
38980
1222
212612
188
12809
45
31756
22565
20559
73
64487
8
8
192
64
93751
26585
20496
63159
144466
23610
174266
355
313
181897
47861
102319
33561
147
107650
225
68
15
21447
57473
244
136
138876
4210
12198
217370
19019
198
20
183
41097
556
20427
21
7160
81450
140
52
2918
70751
72588
58
220
11616
81896
881
20
169593
319
86
41094
30104
119787
38435
65016
14792
36605
49
214
74611
152
51679
186
262
208
228207
98213
238
69005
77884
16710
37
218
15429
64358
93054
12529
120
101797
65
16745
138048
106850
232
61163
26
118905
132512
10355
141444
116404
147968
57241
120
96
1825
111983
164
11286
161
45357
42
3701
25805
62
239
299
20
63226
60881
28143
8
40196
120002
71841
196
14
187402
17205
6
122510
227885
519
416
19595
84943
17426
185
29557
230
82
11329
37699
80763
233
262
170
108
216997
39056
77433
141744
1
105
145146
94312
21
140
6784
448
24005
114793
2
21
130155
60301
6365
21041
90986
24694
218
147253
231
5440
173981
12
210618
151105
23
36
86
98220
188318
279
136
82
16
42
27807
39529
360
223
143898
193
72
33874
25048
13302
132
1080
52880
282
231
97
46215
12516
33569
229
96257
7568
216058
247
8648
199
33553
265
106
175734
158
2693
17564
150481
39588
15
23052
74
277
275
14
212473
102111
45881
114212
99
308
41637
97
45715
230
16
2
5702
16
8441
173
13459
69
1
185
12
117
1
111
52737
294
45262
113345
224
271
44081
3723
351
242
200
237
106862
276
50989
270
5774
45905
31454
71677
26625
68422
198
127007
29032
1662
48
321
33
12820
16
60416
30608
102289
19565
60757
169411
332
230
22
18
29816
6
136811
24310
11
94076
1716
29117
128
42711
35
165988
95235
31
230
161
10849
23538
89
107
85385
5370
6395
9257
4725
33679
40089
114383
7
136
222
39
153
15857
231
188
45
62828
9906
19454
59226
196
148
55
9131
113
247
113
5722
85431
67006
40651
197
120511
26253
6652
63384
234
26547
59
216009
126
25825
21377
44389
9
167184
93517
229
72190
212
6
251
10822
31022
261
48498
7800
249
179567
1
18553
59733
8797
16043
77908
20211
2541
225287
45494
218
45
58544
6102
326
71412
141250
218
80633
134765
19071
224978
81541
111
52908
72243
14104
92
39363
14226
19
93470
282
77568
64787
115
36
262
22452
244
78105
81
12941
55226
55692
63
66
163
5231
264
98
318
81
207963
201
31137
163895
232
251
67
240
167
82749
13550
105741
264
171
22
42
34
100
198
82559
273
77
180
193
48755
3840
71
5517
116
12833
200
95672
132347
18781
232
51477
120590
64362
76074
205
150
96759
57
126177
60087
119
42987
74874
101
8746
215
8
119
236
53379
34890
175
46753
81650
69906
165
212
35426
25458
113668
21982
163
220
44
382
6042
77554
128944
49577
153
19277
42
76252
243
130
66638
288
64797
150
26104
70
163034
250
50695
20
64
188
259
118
308
1755
184
68288
235
227
44760
25089
135
34822
3207
8967
50883
132
55328
292
157
214
3
33939
182107
94030
235
220
243
4283
279
63163
50136
1
1513
16
7
60857
164944
68028
5302
11495
57114
61777
34390
3688
273
250
93158
23
51426
40519
120
9298
24190
228808
21074
20106
22768
31848
60989
289
95
47365
4153
91
44
160
558
10
115
92258
283
13274
88328
192
55218
178
112196
126913
147208
49
103087
60900
121182
28695
163
209
129
82641
68378
18560
53304
38355
57195
81664
3804
60678
294
151960
110243
12
1
301
67250
46824
102
137
45
215
65045
30
26637
188
581
51858
27344
193
74892
160292
136
37331
12919
161
194
224
189
48212
191
21
142556
99
108333
32
95
244
56770
55994
2723
73
117761
25
227
148809
32795
25964
14716
124
2681
25737
95267
118088
257
345
15163
100
33370
253
88225
31402
97046
80810
46535
6864
92032
48680
11785
28682
334
96678
36
53
22
215853
5352
54962
226
27210
119
133
208
131546
4115
225
20149
10060
1
54
4690
735
36744
48061
19275
1911
89
131
5999
154462
41759
120
67270
128
20609
17466
868
204301
169
28
1147
53374
97
75088
96326
178
1
230
17
16810
355
314
39467
45468
29344
56961
173
111
9260
17233
121
44764
49309
262
3747
24149
15498
253
8254
267
211416
11
66555
24693
130
3715
35941
1482
40937
16
59439
13749
122604
74
59663
6626
188
44727
95121
4628
277
51789
217
7228
112820
37864
8738
93
4568
136
38
68
72382
68095
15394
272
53165
44
27168
13864
55606
53
124867
18788
107226
1989
44085
46
161
2641
10646
123
128794
159
78656
328
15552
60551
158
100070
4908
195924
61236
126
18866
54
88705
116828
105343
19238
44
139
566
225
288
410
36397
119
35187
105579
13273
181
67205
105
63
111
6
268
39876
9120
76
16540
124546
276
111092
308
46152
136
206
76193
213
136
28312
296
62879
141457
59
133314
284
1333
2688
34047
142
43003
174439
36097
59
42373
171127
6
115
2606
9309
32487
143788
2875
217618
67
44
68494
51572
6661
598
378
348
5853
218
27719
76
44
33583
237
35
63115
132055
10763
26239
296
247
853
79115
194
34762
63685
27458
107
27
21393
6
13
110932
30668
154122
71731
37
61356
105741
61289
111621
286
41768
3
350
193
50202
285
121344
203875
329
271
22
106491
53565
17726
422
79829
7090
13492
104223
12042
31926
12
74
81346
20112
9764
108
50767
29750
30822
26
45349
7929
3763
79
51630
119408
274
41659
71514
8722
4
89107
47932
1
14333
196012
134102
57947
87606
161000
64990
276
13175
34
71
220
52877
256
10542
44827
131
261
215
33
25
80986
8122
27240
14352
209
2897
97980
91
16790
90421
34297
166
51243
138
12
1
84041
29529
50858
76
244
174
175
2
81
99671
168
240
163
87434
13325
55657
9488
27308
48042
87198
128
102219
13679
79
161
13903
242
50
129054
201
27
1275
7
105288
145
11888
17421
111
18849
74
104135
162
11602
242
68613
60141
55988
14134
239
225
94839
123
173523
28
211
73
124193
20
113
34
249
2811
25006
63972
246
88789
4887
32105
26228
134
191335
73936
62533
132391
90043
51
125
254
42077
33520
1966
209
32715
126968
10189
9876
48530
21669
177
58
12898
278
77902
696
110509
70285
311
230
285
127682
23482
94
102757
21
96668
76
55
24894
1286
229
54
95
48573
67674
16120
422
107
1
45463
217
60803
193270
82860
79967
2892
8253
124
185777
143
481
88608
15681
67936
111
50872
24
21
103
141214
213
97629
288
14875
47132
66988
225
258
66
15555
309
234
331
94819
10770
282
102
34287
29680
25
261
23567
324
141522
13
127
137
141
147875
47648
9122
123
178
62
177
132388
4205
119
94716
61
2238
186
2807
183
110174
15337
200053
249
186438
10736
106
104817
202
204
236
244
94
79891
209
99
16471
18
19
86535
79
20158
5
197
1968
15
711
52450
18003
250
10814
230
74888
26416
41113
164
14185
93544
49836
178
142
58815
207
1155
21679
77928
11990
761
53516
119232
277
221
11481
71943
9757
257
86431
51807
2741
295
66542
223
13000
144202
40401
5981
270
172
102
22914
153
204810
38384
51292
160399
101243
177
76
855
26190
93573
82679
196
41585
40378
4116
56523
87
212
142
99
222708
22314
151497
103889
119
10383
46745
71425
93
286
40467
113742
33620
19107
51070
22221
14
41268
28762
30477
56435
87
141
18981
53
164
168
131
227
252
276
90032
42262
33202
57601
30570
131
52346
394
12736
183
42
135
74363
131930
65176
252
118
177
25
155
33645
26215
219
29286
16464
17099
71883
79050
23
61
187
3176
170941
22319
246
111
59660
212
99
245
142379
90857
238
348
55325
232
184090
233
124528
177
183
166456
76592
95369
193
1771
5289
168
94
250
139
412
144
77241
221
63279
248
121441
207
132
945
163
1278
5830
193
312
217
3
4384
7889
289
304
41021
88075
42
7851
174168
299
136224
193
189949
156555
316
21784
10
102283
26
148
2533
56109
42481
20142
172
243
143
245
11274
252
91449
123
50360
145489
47628
118480
143
55
24
110945
2554
119085
52797
37
1211
34295
141034
68
126
41000
163947
105571
18027
4795
34764
21
65
43220
6955
48584
20835
43071
61917
191
178
475
205899
25
267
72920
53
111924
46546
98523
44122
50223
2050
126
5482
315
275
120
52
39598
50946
8796
50720
181
138191
103919
12400
145421
6945
66
271
68220
186
19226
23872
101164
27346
2103
80388
40536
212
152
175
24891
69
246
161
46960
97066
1535
10349
262
103
315
64191
77
138
190
191775
172
205
83
10126
18241
46219
72021
6
134887
34129
45015
50688
66
34839
6007
109
101
3839
210012
45
4
154006
220
84
53397
23460
111239
90440
47748
170
59995
279
99
53346
131
44624
57523
96261
271
7777
669
169
261
43577
92
34955
161
1066
44
62
89
91410
155
200
102
1175
145181
52122
6886
84
5434
94
183
34597
69545
17880
2669
80
208
96
60
142
52610
155
154
16060
277
9508
181
133550
60
261
27551
19147
240
36087
136613
69721
2275
17785
74
29870
34770
86342
248
99798
144254
315
90297
290
113
197
332
15501
1
10852
136023
21553
16
12502
46
61047
156679
151
244
3799
57
140751
74
239
207
46632
68815
184528
54411
263
149
31948
4
22
53078
78
28376
121
15222
285
136042
104797
114571
251
211
271
33770
5
97
302
9906
182
21836
1999
5137
112
116
22111
70187
7197
250
12
90924
17422
47
22
76
222
97642
2
87967
140898
77206
145
312
231
166190
131780
35
104653
186
70
58872
31
8430
7
22
175
125931
13941
28144
153996
314
187
228
222
117
97
304
300
11831
52582
649
108
2512
54115
166
103163
217
98560
18522
216
28155
283
32369
98117
245
148963
40645
33
144
24
248
21
121730
220
204
8664
123
133589
43
88191
46940
177025
179
65
126934
232
38755
24008
261
252
250
12899
284
170
10315
5580
78555
148
154991
62443
224752
256
202
31494
49715
163
249
18729
68
122434
267
32452
55045
79
160637
10
64
76
28674
133705
122
151690
220
252
318
151890
34822
54537
170
167
2
117
5604
234
2949
175
146294
32645
145
24767
241
70
206
57307
20890
2668
192
133
5
23135
24
62560
259
57506
12764
3368
33483
55190
142
67
23197
164086
25
12755
123
233
26719
123
80461
80084
10886
107767
128
37
293
150216
149
168191
109455
182
75
7
106338
42472
138303
1231
70703
212
47723
3
115574
33795
225
46207
1975
108
47489
227
176885
60790
194
183
20138
5058
88567
2
124
7
80888
156435
64904
215
284
106248
253
22829
122362
6
11
257
18363
126
4812
39172
265
71
3919
89554
203
156379
195
44
189
1545
269
2127
5606
1584
186774
54597
213
141
103
38
8466
214422
13856
199
109884
1222
10936
27504
84
197
20556
1288
142
26710
14374
40243
205
2362
28646
91066
39205
37209
93021
111
94291
269
22714
67317
33417
43045
86
33
22592
252
236
154
41766
106
60451
200
70
49563
147
147
184
275
131
84486
6
86
107
26042
287
12380
8295
9956
12439
33
308
1871
66895
221
293
8476
6
22667
140253
47659
4993
12832
265
10
17796
199
56574
166
119006
10032
99633
10887
64454
85978
24
2863
60429
125
4013
154117
163
1631
15703
215
39024
30970
14
183332
1964
6
110129
47883
61450
196374
8345
146
36
3600
105445
209
83645
167
73199
83
59
52186
40253
151
11654
293
89184
209
88
33540
3291
156943
220
37655
251
262
2964
15941
11993
159
239
12268
1231
62361
110
179597
72327
40904
48537
88037
70886
84
94
106916
3
101487
190400
27
202
12140
297
12439
178976
55
1726
288
44831
13594
28665
216825
195
67572
1820
33886
8985
24681
20
66
102
287
170649
77
68715
92
222
195606
125
62847
58
3
118121
162
51
241
268
129280
48673
45098
111
199
5752
31026
49
100886
92598
268
262
1
38502
5847
4707
71
69084
83029
54425
56865
102447
33
166
31
146
161
149
887
4
118
6
171
196
88243
125759
71730
22238
174806
209079
188
10589
16652
23433
56
120
35957
20
75032
75446
39
81400
86237
232
81397
101393
63692
57014
7447
243
120
42598
3992
134
83
50
60
16
44809
4726
121698
165
287
24067
55
18229
123067
1995
196
39619
171061
55
168033
284
219
48283
173140
17
159
134040
123736
8797
306
185
22233
1418
87053
86240
130512
41972
36
104260
8053
75572
22022
66595
253
203
6472
113445
144598
173
286
245
296
130
13729
175844
14529
144
224
62502
135236
98090
22901
124
143701
243
96
23082
93253
244
59749
65999
136
20608
16875
177381
252
102761
17178
59629
37909
103776
63943
2471
228
241
140
39463
43563
51576
107348
80327
7709
34315
103104
125
49082
68556
131
48243
47560
57485
194
25167
72238
182
77
160656
9022
23241
63932
123142
26158
17
140969
244
2347
44439
101735
181527
129871
179
147
130
7428
3868
198
26006
96
181
807
261
70782
34721
39190
138461
37647
416
11048
136148
133
234
18617
36
73985
295
257
148
167412
36
182
22916
269
94967
35084
154
162
52749
206
20694
153088
30
81
14794
16863
48924
63072
60
400
37055
43
2999
223
38589
21859
119
98913
33
172938
1
6981
16640
32161
50747
195090
43774
261
34184
69720
54035
22592
1
18565
211
17606
1883
123
243
1760
64
133
97
268
126
23537
25293
42
113
35558
96
157608
37201
105
6152
80
704
1642
3
126466
97166
320
77
101399
138147
80654
238
9
127195
177
15
91233
55127
668
10188
292
56329
172
56207
102
87664
186
32665
94
92
166
4120
32437
204660
238
17
149
12
175
180606
118375
184
20099
89782
50768
172381
179
164
38
198
48567
19947
108
127146
81203
24272
182
198
58654
43168
22802
11482
84
55111
33694
75360
342
29047
283
96
191411
14217
13594
43639
11280
99
154
192
274
22362
33
9382
50985
11781
6529
21285
156402
160157
159
155092
30
46447
123
36509
6738
38637
3175
86411
26973
46684
21
211
130
7649
260
46
51566
47669
108
221
52873
130547
175
29808
179
105999
88015
139817
30570
119929
76
207
145
63841
356
327
62
82400
360
104282
7742
183
324
104921
3
227
83
1455
283
70
184437
67
131
31964
1787
61032
154
42
114131
223
70989
67
234
12199
42578
15103
184460
1040
99992
315
120531
248
50
46480
4843
44898
82599
169
77932
7636
66007
31182
273
172
25805
2442
67624
57
120582
3291
124
39693
4607
30259
263
179595
42790
56284
10577
3992
11979
125
32671
37813
2994
43
1
75304
34
194
165779
49753
143
91
223
1
1180
18070
24710
41214
161
16709
68
3410
31902
89
13318
174726
144981
81535
4318
11965
147
246
31978
115
87129
26992
145
322
186
187994
3
161
32
12
191
92
101
60453
12877
1479
122071
256
18109
230
33216
21
44745
354
76490
2890
55357
4229
265
67839
103
152
278
73
151448
238
27570
31391
218
123742
162
81026
69730
36359
45027
14
3501
60
29007
10
2937
153515
78410
189
142
9443
23324
36
98
57
25319
146
119
99
51258
90359
23336
41324
26095
179
86
40408
147
7323
45
161
22030
208589
101587
185
85240
77125
65996
33833
166
2047
318
169
89912
291
50
177
289
226
40620
49651
64841
959
206
71
59372
21
225
40746
236
34701
94984
144854
24036
48789
72
70164
62373
174
81420
19417
189411
131
189
176
292
121089
114095
36728
33
2405
197
64
22
44212
241
132
224
18131
309
289
184
67455
72788
132180
34368
9041
68984
140794
222
221
141488
142
141094
90
96198
29352
11815
95690
25097
444
57
141531
4893
72274
29838
21579
143
46194
59634
75371
116
125
5091
23
68
209
119017
3431
76
1902
43299
5066
19
92306
37681
18
30964
15171
29
24
11
241
18972
27459
91374
9189
6
81
18372
138721
180
61411
36805
77304
110390
65813
122
191382
343
10
107
51537
39539
31
126224
88
15
64900
163
63
1756
77205
46
119
251
20724
57
127516
177
20564
170518
134
80
195
6759
19960
33
26
19498
244
52503
47365
35738
100
356
230
13
35200
155
157
288
16323
186
150
117626
289
20569
155492
7725
115700
60219
87
144
36050
105
22039
263
1806
41959
67241
13
41532
143
116
204344
33860
144360
64
85
21765
187
198301
65
165
253
97
107393
80130
42895
126
126
157
223
103
152
25088
2073
140
238
313
357
11451
58685
99
129880
134
4653
54939
14032
112
13489
3448
81
96216
109600
201
50
3
69666
94
197896
44
303
5969
231
3436
83049
118687
107155
20785
10673
151
286
53771
258
107772
32184
211
175
129987
151
36960
29590
134
61007
4361
245
77122
19172
40
18430
123172
22638
38270
220
63104
321
178451
48541
162
30515
27555
84
276
98
204
231
119243
20658
220
9319
99994
20781
139
26449
36360
150342
6
22606
135
273
219
6059
123469
47
77088
130
18559
36
46
4
148
6274
123
4549
30915
29022
524
189
10518
2456
3876
24837
201
113185
114
40788
226
30
307
28636
197
118
209
252
99
34
107
3979
11337
54
1079
41408
141
158546
277
235
45
169641
179
285
145054
63
262
52269
82
129
106873
99585
64188
8452
49653
11667
86009
104598
172
43
426
37
122335
49009
62147
17340
428
169
228
10254
61
57343
97455
1864
163908
12248
219
41
47596
112
269
121838
3410
6445
7970
54338
95
69072
156
128419
158736
258
257
5814
12816
46606
268
116004
14207
44844
41
5693
174
1
139
232
151
53666
13758
113434
127
157
189
213276
73101
162204
166
65
77052
315
28534
35
44988
15
116195
66559
9517
4996
121421
38121
94
6219
49119
196
6157
24228
115
248
31759
55040
149
274
14342
14555
183
50998
43073
18
319
210723
187795
201
4243
41075
20
148938
127
85
213
48
35405
21
224
35840
37162
118044
111695
48086
194
37664
228
217
50503
39805
160074
74
203
71846
77673
43217
222431
13352
6
67
91
9695
111149
150
77341
325
178
264
30871
114
123
195
57
50501
72
70903
173
67127
199
60512
110
3601
186
170
20811
591
88570
13643
183
115312
75971
13588
115518
74
277
78653
242
133779
60201
13768
163
117
79542
184
8929
110
3
134
55559
56052
185462
47
33778
7
135
182
73
41196
2182
46013
10203
49804
151
165
54
1341
17956
34029
142
50
67051
223
17877
50490
157
170
36995
32029
1112
56
219
210015
272
47378
99
35379
165
69302
183
58
118
164
17748
1811
36513
13097
14804
177534
950
282
293
44
261
13497
12861
226
77331
275
93435
30910
13
77819
210
100130
142
79685
75429
59582
201
187
116465
42
49358
37537
115449
30673
93573
26608
34740
207
41712
5022
14593
31103
26963
105
263
27
17752
187
270
47535
225286
6
6
210756
166
150640
295
182
155
174
8242
219
45414
18
195
80
43665
119853
389
191
243
1
60498
69
91336
2661
3296
10
23109
47985
22535
147
67
1
49880
233
48013
161
62898
165878
74
217
214507
78
37291
315
163192
255
304
158
66
3676
7
267
40
122
128110
229
22800
154046
201
20
84
10291
62495
44773
31865
2741
11
172
14158
17331
104
6913
59564
13033
20778
157
109
35753
30771
58
98
82844
215
267
59635
101707
191498
273
97491
43977
19081
16203
38125
33075
270
182
131
103
22606
69794
41
91
287
204
14047
194
78
25586
19862
84
88361
20664
17961
7033
43500
108
227
57
14892
27
74829
137
16041
68358
236
42388
53202
173
64396
274
144996
126909
91203
32579
37478
111787
70383
192
88900
19560
110
288
51950
219
210649
94683
204
182
47071
19
204
38502
110921
110227
221
76308
36279
440
35
3225
143
43422
9
213
51383
158
84798
277
18889
135
1905
319
261
68111
39385
123103
5264
96848
105
26052
10065
4396
181034
132
15760
105
205
152
97
20
36591
14920
128
141
247
134
172
274
68777
18
30800
16457
18480
178
19871
209115
221
3323
97
144228
75136
263
49026
119731
178
46967
151553
223
39355
18599
23
4623
96
77
30
50
85
2789
27534
184
57749
281
7677
18661
7678
149954
30
337
85
32074
306
948
102898
114823
5457
156310
87946
1236
127
85660
299
168394
68
120451
1292
25
79287
164
218
14451
59345
33178
214
209
2673
207
284
122
30
139646
169
37642
278
179097
32294
126
2950
128
137
81062
207
32089
166
87
75320
121
37899
60
65516
20562
87
127
5200
27
90
134808
21249
65
114
84216
4867
142
30523
155
93393
162
1456
170153
213
39302
101
47798
16
55885
113
193
2432
12452
75268
14155
179
319
42277
109971
49035
42951
19567
25740
29952
141
104
24
129
94385
4077
782
235
47895
110493
75
199111
234
5634
109
3218
78403
67
36
150
50723
195667
7055
112924
242
202391
5797
5268
234
2593
21153
133
306
327
124
8
1366
113276
29382
49828
77155
111
50
82
250
145
61689
216
77493
139
182
3576
107115
57547
166
1054
69374
15
19256
95
145
1648
337
52481
223
75
200
146
106785
58098
15
151258
163477
149
11
36416
107058
32
221
16370
106645
24789
97516
206
122
178549
40812
39809
183
304
114
22431
37
174
15
92458
14133
216157
69516
272
1496
93689
276
206
85
264
154388
291
38
174
57930
37981
177069
165
63
102779
279
117965
8903
121698
311
148650
13
159
145613
40791
9848
64
186
67
269
62
1
84
3949
217
65
222
64001
294
26236
145439
87133
35
235
191
12017
156086
10
153316
111697
100
39
70489
14359
83505
98
259
4
203
202
54
322
18356
155792
14124
1
8793
15672
207
2803
112
8
28823
20
77794
30429
154
182705
63073
118
15321
307
115
3634
187384
10
2
557
18
105
57130
211
43420
21
333
94245
19911
3
151
260
59
119618
92
128165
83459
281
97
137960
214
54593
309
100
70
41076
72386
40913
4
63
9554
184
282
133
1
107
17910
18747
8320
92550
46863
85
242
107
13
305
5951
174380
17
122000
23412
22412
393
149
12984
90689
103
50094
35157
236
266
4616
128684
166
22934
36
144
340
135
233
201
197
20051
45747
170
41
77
21665
18284
86815
46483
155322
12011
2155
63397
85
246
18813
71
82
111
27199
157240
53891
97
41
61974
43701
50
10016
6483
130
15
44937
15124
150427
148
97
112888
78404
102
79048
77447
24873
123667
2985
28
175
50656
224
163
99340
133
44
197
74414
149806
91
103825
85
42657
22090
227
26700
33159
209
122
31354
49682
156
128658
273
48509
1199
13810
115
38563
544
109886
7379
45211
19749
46099
111572
78452
68
165
524
6533
200
247
220
115
17481
167473
165
86745
29508
331
605
65437
17
49052
17967
21
80
91
74030
4178
92801
28
22045
41234
280
85
59
24089
62804
41602
22728
88584
44668
39
26
350
275
91285
4698
272
9330
242
40305
15706
2797
2283
56
252
16082
28768
293
167406
264
123
92257
135159
113843
138
41
18553
29331
178
46
226
147685
110
48
188
140
117
178576
38515
38302
52188
110859
8
228
159
151
34
136
55
71307
49645
3
190
46
26
189210
149
42345
147283
97485
204
57016
246
34093
276
6655
136
100056
301
8464
185197
714
80
140121
150
4755
77973
94
56223
1627
182
201
3049
123914
68999
33934
33481
42640
153664
55
166
75
2352
110633
45417
186
59
78612
62979
16543
60629
22440
25
280
71776
97
213
145453
180
94330
104
72960
24113
22385
77
32285
50569
156
133375
116457
80253
38996
75439
96
210
85
200
49336
294
238
175
32174
13381
147636
2384
6
27
127125
86
143
7772
81290
191
4894
234
192
131043
9
30482
36461
74
259
38277
162251
53
58764
86
36388
169
186158
130
18
157671
251
13882
117
12569
129
328
56
214
172
17180
121884
26345
320
29
65701
23
64
240
25034
101811
259
3
54080
225
7082
35934
246
33842
207868
46292
5624
109164
148924
246
195
286
10069
167
39916
51234
67498
228
270
2725
4918
220
159876
1966
91
204
39289
2060
137
244
226
50
243
118
30
101703
266
88983
48420
154
7547
231
31316
235
231
21641
186740
51471
295
105910
55599
42197
78
19
47040
169840
17
11389
50298
98
189
175
49891
15452
120
20
3
27376
241
258
46126
79
137028
85194
57466
169
225
849
15
91707
154
295
25
6930
201
43242
723
5249
5716
74668
1
83988
2
205
19531
162
55955
26697
10
53
80086
1
28119
17808
67639
83267
1157
19767
45366
4230
154222
48370
3
88
261
99864
12
20077
36
53563
261
25560
236
76
151554
1832
182
378
14994
29112
19
108274
125
187
24169
54491
18664
29971
42852
249
82
52675
229
132
173
144965
220
55
44504
226035
191
94
140
300
88
25092
55
88048
8
40267
51906
69918
92
249
223
111366
58677
166
257
61013
216
185
36526
5746
53318
85744
5814
1691
18
84
257
114
207047
2941
5
59
81374
103661
26
335
275
12
226
17
229
72317
27
285
647
210740
146
77
61973
36421
62
8
31611
16
27067
49461
114156
21727
127
86881
233
7948
279
226
61
139069
160910
8416
28271
41371
213
56406
5603
150
30125
50
3153
109
72
94
180
80
19196
152
28353
11148
186
116010
95
62
30941
201191
164
29868
127
150
52962
225
3
191
1446
99544
47
335
30989
117871
143
145
118
42
58
281
10312
194004
2317
4334
247
38202
91361
29310
13004
84395
78
51631
302
56980
116575
74164
79568
94414
96389
125
140
253
61920
318
337
196
218
89349
181
106
281
36061
123581
2470
6797
186103
168
153527
11725
256
42
193486
67
129737
46177
120332
37077
43233
2486
194566
163
87276
126
33928
77
63627
90715
222
69576
239
225
11
75
256
96
30607
73944
55184
90430
115
66
241
71
137
37085
92413
117
21421
183
8215
175
212
39387
15357
23256
32853
48849
132732
95140
256
175
241
6
113301
51525
204
27
180949
215
167
251
213
185
292
205
46
160
56320
75289
290
47620
17010
102
57139
37
16103
77
346
7227
47
217
86811
120184
48731
52
428
162
76
8597
1
81641
32741
198
208
117329
52614
118920
23442
1685
238
110
152
36
104
191614
98943
226288
37154
15635
171
11556
188
362
61732
185
22826
57721
3278
40597
160
37953
34
59
3019
38810
7541
217
230
70
10135
4252
116
139107
102685
114
29190
170
254
49
120
117423
77
14375
183503
237
148
128
90417
37388
231
172236
93
57342
55953
3
16
27923
32213
26
210
852
81
39403
125864
44777
6
93
31721
21
54
151
162
207
66362
46430
158
16990
48
108
312
159
137
97618
100
232
115664
274
144776
115493
86
95970
15
17164
21212
11
252
181
38584
101098
161182
54
240
102
281
15
204399
224
160574
15922
184
186
38
272
56941
87
28626
237
7488
53486
192
67053
53245
218304
105
28903
70226
9390
5271
140591
194
1
47807
223
173097
21626
96703
3466
64825
1295
179
150
50031
192
81097
80778
3740
4083
147
231
268
237
220746
4704
10192
191
70425
184
8
2567
250
262
38261
40767
94192
175
130
38
3428
188
130174
4345
20254
54547
11715
7936
93825
52
134965
96
174351
51833
62675
23
124
11075
1
149224
5143
180
33727
36535
106578
176
314
24658
49270
214
52340
85
33
64572
18017
9
94889
119097
22375
39311
51594
108609
19452
64439
20
234
31112
88298
142
86
10928
155
112420
64078
17540
149
17
52897
135
13096
256
237
54
55073
85170
25591
192
13499
145
154
199
46547
196
137
4796
55
33272
112641
158990
177
71452
39
112
133890
82090
3198
100780
58536
85931
158
62333
145
339
211
139
3448
222
72121
15
39
98
46025
300
67572
48409
120
135
3490
57
127
27
209
288
270
87462
83
285
177306
191
10
77623
124
160
80218
79203
37
259
81437
235
4227
336
689
166
94485
3681
65911
134915
123187
72
224
10941
704
3
124560
3521
217
34291
61
123
174
190
48667
204
118
37905
84942
34142
155761
30666
228
201
127818
133
45240
195
150
99171
174
35201
281
35825
239
63
73
22332
34099
43
194189
46
59211
59159
190
17
112849
28536
18113
5252
42776
271
4938
260
181
40790
72
65360
308
86875
107520
2729
10478
175
25
128
55235
403
16799
72
158
245
226
151
107826
133
243
2424
208709
180
240
98
56
21708
11682
46
209
149
59039
14
44017
211830
16
18586
94
67650
100598
12729
132
110732
91697
136
169
58229
53391
35511
88618
36678
143774
153822
20850
170
31400
190
64216
165
45
58275
209
79
202
28
15293
155482
82557
30824
96825
70112
3061
56061
234
166001
223
25762
245
14966
99675
159
12595
1
32
19771
71082
169116
30702
41959
110489
129
112933
41916
95644
193
72056
124326
108
56
96
52851
3100
124
64292
61
243
204382
73
49
6261
360
175681
33102
105988
109
24
166
50
62802
184
66473
120
64
56969
34854
29
35212
159052
278
23181
135
2033
17224
53040
69778
21426
12647
119668
136
58277
178
184
149
220
44636
178777
112651
17533
56043
38677
70
55157
3328
29370
33860
70
177
146
17069
58655
105950
172
93
66598
32563
72529
12815
43993
29512
10553
85802
191
180
104789
131
121906
29486
510
116
91688
96
3
204
6415
581
1086
132
176
9144
147715
19334
2920
139669
41
19
42
23072
42
163
205
27685
63249
155
167264
155
136512
90
243
42519
130
6585
283
53150
70542
156838
126
98204
42590
284
70875
92
60
81780
26680
287
13628
52327
111253
109838
304
51
36037
131138
90268
57130
35481
231
95419
26864
203
296
109
4674
11
74
2034
195
7700
153
169
87487
37
247
242
63393
45
134
50152
219
209
201007
116
127
307
367
249
7079
179228
165426
147
267
77
112348
122570
40609
212
27107
121
150192
49096
63837
268
95
167
35897
118311
170
166543
63108
16
113
79205
118
1430
5719
174
61
227956
248
65622
57605
21489
147
242
258
132
246
157199
6656
167425
115756
66463
25903
182205
60037
44
93994
190518
58
42850
27150
142
166
129
24928
7
187
23168
129427
54803
108789
58460
191699
71
148809
90755
100375
24031
49
171035
61154
69186
44345
131888
190
15502
48478
183
189
149291
10603
159418
11945
217
58490
103
123848
239
93
85659
210
68973
285
137
229
269
35
46277
128899
185332
237
105
15152
172
16422
61
46
178
54031
33773
88486
154
137627
101315
180218
74
151336
198
316
72161
244
44905
119
219
263
10
18475
102
98
174
24075
65
11716
151
94
62
75558
223
106488
14
66351
222
213
115
102115
85
3
157
16591
4550
14
59389
2355
337
112263
8816
30448
184
11780
44
100852
50661
3332
149
125
150
178
130
302
18197
260
56774
9550
103
178
89566
34
144
8141
7024
154
10960
46087
141548
12877
329
287
115202
64
564
41462
105880
141
196
68920
118582
174630
327
128186
8
29638
161
2867
50
19824
1
379
107
123
58417
68548
46904
312
40
64647
21
23563
46
160
21
33227
66980
121819
136567
7283
73546
99
36830
15
42
50497
5027
54501
214
26054
37
122006
188
31275
3247
141
67
17710
4821
266
7602
1
41450
38801
220
62840
62523
25316
52276
22272
270
82350
2863
40549
27699
7381
199
164
74322
60333
4912
42712
609
164
75584
157
56389
97
1
17
69966
136765
201
196
692
172541
10
279
63
7
22531
30
177
60761
81
225
196123
62
218
6561
92917
269
99
9577
179980
240
40
37
170
216
125169
280
268
74975
78275
23929
778
174037
86
10463
169
155578
6940
102536
241
51783
120120
100185
56059
285
102
187
224
43151
219790
68360
35636
67124
214
5146
32
219
117
640
233
25175
71
77875
55533
111
22149
23
22667
253
39709
55165
145140
97615
2695
152
204
30296
70235
233
90
113
128455
77942
277
81
131
230
7963
199
4423
277
119
164
16203
89114
39876
348
11547
163
44
137
129
276
19263
87364
74164
2661
127
87819
155230
117
4664
71203
11
1628
173
181675
238
98
82
132
117
8978
28389
69402
28682
3
168754
19068
81408
9665
250
85483
178
35611
184
217
24
5410
74
111902
138
30615
204
103
126
88
82740
48891
56278
39880
3729
25486
34
6491
181
6539
34881
237
178
28177
33805
253
72
111815
9277
148378
115374
1
129975
303
43993
211
28422
1782
120
121
31930
21328
245
3618
8776
54
125402
40
78074
71190
132928
77
39
235
293
57837
132255
173
170866
67554
4130
58779
26568
181
82
171
263
146
155
302
22
8957
25
142
263
123
64944
187
67
5837
19009
14763
28250
296
207
211
176
49101
691
124
19
98457
4
253
58076
196
62357
305
58854
106522
128
110275
124
307
106
212
248
57778
89938
211
183429
20766
57114
23707
2870
138556
212
180
204
81278
263
101693
13048
27
90157
66572
163
52204
39204
23358
111549
32265
136
158944
181
13827
7302
179441
185
62135
138
67
129
63144
78532
116743
94
18
152599
142878
149
231
47683
5820
153
330
64712
47594
73
157
4
339
34073
81360
20
99992
8613
105
143
14331
76992
29159
5975
29857
71
83020
31
130
45
235
51110
42
26
32
149
147581
331
4714
789
140032
286
19984
112246
109
2226
5473
30806
78480
141728
346
14115
44981
232
129271
179
341
296
94
193
57
152
9342
18145
11110
63624
246
41411
14382
57563
675
21305
177
90
138117
145874
187718
305
267
223
136590
47609
267
52
100
29
12082
1743
288
97643
255
137
45026
27533
167
265
186837
5393
244
125
63564
20318
16968
65
24452
17554
331
113406
1289
2109
14
19303
147
220
258
15553
266
19
193
208
4954
47711
156
47014
103547
148
154885
7630
109
34309
64434
35389
15311
78
326
32435
105
38437
7161
5517
238611
10
68
28479
230
30104
208695
111486
184
90102
276
26
143203
9748
44680
168313
6491
223
25688
2508
8110
186424
8
114296
156179
222
231
26956
231975
120
155
154565
261
185
29556
92687
89570
112682
143
6
12142
15167
84836
11
227
3861
355
39
41939
177313
138
55
25341
92340
154
9
287
177
354
94318
143
3
145375
97535
61977
17
41181
79221
212578
59422
14
13179
25328
56
54470
6321
67186
6
218
156
220
59
81
137
69
2786
170
55757
60568
140637
112563
234
13369
212
299
230
113947
256
66
1599
35981
9884
322
60
32
22916
2569
286
122
9372
37
103363
264
184
252
57046
162758
179
62
47
5064
132
1231
95584
285
94641
137
37722
46950
56
118
116
84035
34211
69530
113
85483
210
235
72514
158063
7416
198671
12328
16667
173
5927
58
291
64140
13691
125026
41
24200
48544
12506
107676
146256
203
28456
1
48609
67
22245
85144
341
179
240
256
18098
25490
71669
46859
42868
91
102218
25
46
100178
89685
150
175219
45656
205588
74
142424
95677
40720
91993
6
159
97189
121578
88
102
113207
125
240
56
127872
17543
36484
12601
90
57
236
90625
99631
3
49893
22238
17311
294
94696
59
26
24067
125
174129
185
44
116
12
75085
3235
164
3458
74
134
16972
92741
47538
15465
90
70410
85
71
45
114
73
320
23553
62
197
60203
13596
62775
5328
33109
255
29166
134
98410
60
40
319
8
61
42960
28410
634
163
311
260
12880
76012
73398
187
168036
228
250
78
286
320
73
68243
261
3
159
187
247
92
59
10068
49
112796
115
32945
265
72694
4177
193
28505
59
547
92179
1
1668
204
124
255
226
112
22839
8810
60476
246
44734
31122
2017
80527
191
34770
41868
61
315
91
9737
57314
50
77058
237
105
13495
246
53
27146
44196
94206
110818
3946
63842
280
14908
182
10
148
114
75
144432
113103
33689
190
21341
18191
138451
213
164
63089
11156
101569
11107
113794
10314
21390
42
81
195
25
67364
180
273
134467
4
278
20670
52140
162415
3
166
5898
20779
201
103062
43
114188
77
2925
184
82984
101914
109396
24658
76
44001
158594
244
37174
84906
40
64
180
8385
313
154100
309
175
262
195
260
69
280
45
92
200
164
214
50366
254
89831
82972
138768
168481
103608
72
86682
36497
37774
98930
138
3
116012
13414
72439
39550
29526
28
32304
362
286
559
156
154
156147
2517
20953
359
177432
55883
271
6
258
140
47383
107341
148
56724
88
203
162294
183
111385
178842
33169
40711
3172
74759
51602
9779
29
42671
228
79092
185686
54008
187032
103402
89
10589
179
161
20532
192
260
268
225
13543
35
85418
41
17498
17
165628
40212
115384
78277
42067
41061
299
315
129676
86
27358
132
47
201
54007
104
4566
51
214481
230
28
185754
108085
2194
132037
32270
94647
182
103
94
52625
43623
140592
162063
23379
107718
28
119365
104
212
40
355
58002
144635
109
1986
10476
37027
172
138921
200
114
48159
45550
48252
7689
54174
65932
260
165
160
39612
284
230
36167
112
13533
241
33
492
70975
58
264
35231
275
47000
198814
167
108274
208
11756
1
282
140
28694
193
1278
89
3
17
16779
191
73771
165
24
180
5167
145
5406
66706
28061
7
2212
200
40
123
58170
106
98460
46025
6824
26
66847
43805
104245
98
17998
44781
103087
154
173
154953
348
27871
189
22
78841
22390
6
189
10
30149
199
63
198
59
127544
181
81
281
256
223
8
27596
41110
207
21754
21926
10
85961
135
195
62151
83719
89635
19
236
114814
2037
127115
177737
6630
259
12617
122
150
35312
72
11840
241
60622
6438
183
5515
258
162597
81510
714
175791
107793
34544
91026
112
14873
101462
127
236
47028
297
693
71
61841
172039
134
102
188
65763
119
3104
93
98
199
67186
84251
95
22751
126
57707
272
116856
91196
1
10119
56790
26227
143
55
220
119
1509
107
39
72351
156
46
126
39
10507
125237
18318
212
4619
36539
83790
139
9927
241
10399
114
160
194
1723
175
106684
60557
91
7604
186
169
53425
24747
25049
41183
32098
97366
10376
122022
23951
166
117
149
28896
49460
9105
132145
12145
20295
79
105
172
274
28736
75668
53
237
70
57770
184
58203
11
232
130101
12205
68597
5741
160318
43599
316
111682
94394
51
117
182
58057
51915
167
49554
189
113
8792
121582
42406
67360
34285
170
142517
35275
36277
46
37
235
69835
256
224
194
36
3
23
49991
71
1948
59611
150479
20011
259
190
68881
229
63972
118168
113527
186
10
2
68223
21491
56709
304
40588
55471
15529
65788
73
272
46
247
34859
51985
14466
35721
52104
70
56353
80035
61419
96
10
212
90
19842
176
188
132531
88294
17
246
133
182
158619
113966
95363
64682
2681
318
177
79001
23207
214
144
173
100
9
48
6327
70827
66274
84394
59
235
96254
5948
30079
41566
13941
29645
33915
254
43
48946
11
7212
225
844
81
45974
49482
175675
185
118804
17792
216
318
266
72
278
25857
216
82764
83405
91
148
182651
59
66279
31847
17583
39112
101
30073
110023
246
112
172048
91447
45762
84
930
68
89086
168811
50532
112492
23201
260
162
28
29340
74838
22436
5273
272
217401
31268
3764
4565
187
196
169
84751
1
373
101
226
2109
9132
465
163
51
4804
16204
174
260
28796
29108
166
44699
31770
113480
149
31202
1
59
53660
32578
186193
10067
13210
40809
47742
123
82
173
220
102
100207
172469
136
308
8362
44
172
81
43264
934
90
58045
21
298
292
156
94472
21881
31
1
57257
178
26
33
207
67442
157221
48792
75
263
21672
32343
15037
57196
163794
5682
78519
9477
104226
208938
158
9294
182
783
34916
150703
2170
104
10806
34508
124
199
82144
66
71
137526
4226
158598
10073
28
270
63563
8244
136
218
224
198604
74210
258
178
45048
110
230
51912
215
256
13013
1370
301
174
30789
180
167
63107
40427
10249
183966
207
66898
144423
120
224
143743
29740
17073
68
148
121402
45
11
30566
94
2051
111347
287
125
24839
5336
154
185
154
149257
4
6466
205
6154
43
19961
293
135
45
97843
197
82
161
26052
169
277
72
284
184
59253
54
2074
256
173
64533
296
107721
200
7674
302
126574
16045
263
180714
163878
48
76
265
229
76381
6495
71800
289
76930
217
252
106793
39551
167
83
33660
26
53
24858
69814
284
89406
17873
54
153
121971
33639
16
49640
69059
271
36
105
147
15104
42393
39
75488
108998
117357
86837
220
35586
7
32270
303
179
48100
6995
90
167698
38853
27532
27833
105908
27418
6928
22016
138292
268
252
50503
53732
122185
133
45092
105
71
7
313
261
197
164
127451
19742
3
10357
62254
13228
166
65871
18
14
29
166
246
39
25742
82
7470
1553
20848
85533
88908
124
190
12
24
15986
71830
38676
41
125962
96127
94416
15086
121
150
6644
27326
57823
44296
99725
56814
115
219
12778
252
115
255
10773
213
225
217
21826
310
17959
253
300
226
197
228
169
60899
14346
7213
247
97
51
32766
88323
32832
127
35538
279
17
311
48100
17535
105011
3
136
80792
168494
180
200
90
9559
253
69
3211
92
74152
6634
147
2628
124679
179178
13534
11852
27485
63140
16
33633
181
30621
150
21892
21
96156
4181
112753
167
25663
12294
254
140
162
22479
78960
166
54158
131
50
278
188
217
221
210
97372
83
29
109922
43
116765
2327
5282
357
48440
5081
2441
251
376
11887
111981
275
14
13357
39482
267
341
25
51783
270
290
185
14
106585
70386
88628
3464
20339
153858
197
160
48
100
237
82928
223
39939
247
144126
175
23520
8085
160
74036
28
366
231
34
958
51982
364
39391
32571
251
118038
142938
16310
180
94917
88878
105223
86
14
55752
16
90276
37021
227
81
47018
142876
86127
45095
8501
135
22603
3
58
106
294
16121
13
227
15845
23013
238
171
166
121902
75
101
4486
19335
54969
8495
9795
61932
34789
15677
1755
80375
147
22312
1496
103567
80741
28
198
333
6559
165061
11065
160
60563
79158
31
290
79977
191906
118960
159
93386
119948
19969
218
6029
51
125069
195
216
16985
240
34857
97130
62117
196
95375
5843
10
26093
216
48789
144
26697
45846
88383
189
93
16763
147485
232
56857
264
71161
24962
14913
115324
365
74
200
121
13
18573
38265
34
96188
176
199
30718
82
36454
165018
34154
17684
10161
40575
66141
53
198
27
6692
28
139
311
22378
208122
231
148
12986
55
97889
45
32
135
14751
196375
35386
54
227
43
22069
24
153
78
59563
37749
170211
48403
12621
101171
80851
57920
31184
4703
46
195
56866
127485
26513
55934
170781
127742
16
11094
68487
181
47926
7621
6664
50316
2980
974
52
204
171382
102
289
322
126
239
96467
181
320
7970
252
169985
51132
24899
130
247
120030
4690
132
26232
52635
291
262
148
98
91414
163699
1
148
15206
38
37926
265
227
124
73528
41813
165
162
184714
38
112921
191
176925
254
19
92
216827
232
25892
3619
22511
68
21174
315
151
235
3667
22723
123
114574
211
146806
3182
148
6810
34999
15262
132
12052
54089
42971
242
19
83256
174
6443
113764
66651
113
58
126
2652
94598
5330
192024
119
75480
56376
164
213879
83
212
8127
134470
100014
13885
122
15
9340
32917
211
356
18165
86
147
202494
210
125
10720
60735
43192
12632
19717
143
40488
54626
41
13085
308
156798
15556
230
15
142
12184
172
44
35449
31516
228
416
19708
78
75
4337
8597
152
41171
286
89467
207
82622
91008
74
82214
149
139
249
130
42223
27
71680
138
80
35118
42
10345
29440
164
22637
11084
119552
18229
32991
70669
79
8573
52724
90247
205
274
154
74
119
31
39378
61
19
173361
27
46754
1159
21060
47179
118912
130611
58151
18760
110
276
35926
57510
4078
1572
90
117
38730
97945
275
1172
250
38982
226
16
52428
323
12154
51
125
269
89
153681
91728
82
32911
187137
179242
42993
3021
266
23
253
2999
102
244
224
33907
250
21454
125
120535
86
29918
20589
198
9
13461
84
106
226
38
73912
113
237
49627
190
50
3104
233
636
11044
104354
287
46
29
10396
132
112177
179
97362
74510
95
260
28747
31239
367
2161
4854
165
2230
182
44
43981
85
156
119
328
226
8388
247
148447
168
243
59
3
53678
268
106415
27778
55852
31
251
118300
17988
30802
195278
125687
52987
79
74557
266
102359
269
12058
45
117531
94672
26436
16104
150488
14554
8813
236
119097
77826
136372
38548
6466
67014
74954
21
22718
52438
138
145
44944
53
77030
32611
12
151
65230
175
169
157
279
138951
137
19752
13225
18
67479
24010
26233
116
11027
84273
288
11468
2003
123
199
58
259
25584
56333
89
57556
74464
76
332
57818
134997
177
2
12848
10
29425
128
308
218
38785
71920
30444
108
18473
50
181
105363
88258
15531
59
82
209
18727
34330
7847
113
78429
117
20344
243
27562
72
24025
42342
1057
17
115852
6009
150
123
79
17084
2207
78
3
216432
52655
138172
260
140
64998
9
66466
120
75617
14
232
203
213
26307
59
216
8482
4091
70161
31
4860
137
54130
29
136
209
103725
298
104829
112
56916
68606
136919
1367
244
197
16
19
194759
158
180
29598
162223
179
34879
293
70101
51877
268
269
127898
86885
121457
92287
17826
20547
916
1793
47
259
58454
194
252
16
82623
9
147
7397
191
23312
4692
160
36524
169
27454
143760
5807
130924
215008
224
57
27988
155414
20731
54
83765
27513
31592
113
105527
92
24102
4
2686
112724
144
7829
3545
71
81
181
57341
21622
175655
126071
219
8263
22546
5193
19933
257
35896
9556
15
171
30437
36897
1
145890
75225
57412
96697
810
36329
81
62433
112
66159
6914
14940
278
29761
24474
258
18131
9981
44924
234
66171
25879
192
3122
67
58677
13288
196
70987
93
71
18798
81689
74287
40242
45135
62058
31245
13117
229
55709
36137
34473
55916
3412
13539
7097
145431
236343
6
90
99045
5
6481
21855
76
38308
17039
40
206
61415
121
70322
29004
156
11013
28002
133
6612
88966
153200
153
6524
19
61493
70
19293
250
46043
11198
3171
254
245
37087
19665
39
28155
52199
5383
1
199
97531
30458
88
269
34737
10003
303
371
54851
113
13439
39611
38
41246
4575
97569
184
311
173618
11
271
73082
8112
27095
37401
31437
322
68418
139
97902
164
117724
78342
23
10804
24548
98696
202
59
141
287
1758
249
120081
132
31
63620
169220
95203
4972
15
213
214
242
218
37
22
101
42801
17960
80848
78
159420
33591
149934
24849
120689
118
8073
10
29510
65487
224
178
13310
74117
146
23192
15218
73170
33662
32317
200
54
22098
272
155764
61
181
108096
208
5367
155432
269
22835
156
21849
27137
82720
8478
5168
136
228605
265
100
67228
229
29089
153245
5369
198
32058
105598
297
88
54663
98
54083
16
119
13189
24408
193
81
11937
272
10372
18
239
110782
155
244
21
247
66756
17
78372
106041
223
124
60
154871
77
15651
168
6
5681
47324
185
6222
112782
50422
219
8462
202
40794
11286
1899
22785
192
1
94
39462
23503
139
71955
1538
114
82441
51780
92502
5899
98
64128
50281
22681
35
147
25471
3241
45544
101757
56195
82972
151
42709
114
181
255
229
18257
15
173
243
105733
31003
125
239
23771
38264
105
109912
50
178
113726
31454
86170
131
15994
156
69
67
140
73
22945
146
180
86
11122
186
302
94973
59295
129787
190
24
203
169
282
35
276
9942
13640
272
205
171
73547
43242
90493
149179
105559
93
150
22339
193
215
104
36
161
3038
57001
4765
29110
23733
9
153
24600
102
110
12352
312
6403
39
4141
36540
248
89
74517
80661
181
26
46454
43650
55061
277
115736
192
111927
9562
217
104
203
139227
19
2624
62
52445
96
199
3191
41536
40675
45255
120299
187465
357
66
293
47427
57
33084
341
168
203
124
98031
2017
227
139352
144
133279
59282
2512
313
31355
60
25055
20520
161062
13305
172671
754
114
184
30253
126
1
137
67
114800
2514
216
49094
137372
85
122766
17841
32792
38902
269
121578
171728
105
520
66161
16317
3
57566
177985
162565
7475
189122
344
86077
109
3033
126
246
286
135743
275
110
197
53
10
177
94959
1534
59
39692
11253
132
87
208
107
12820
21781
57060
31956
347
119
240
12120
221
62
72728
238
62
269
123
240
1615
238
216
532
25173
52
15358
199
51713
111
136987
90088
4145
13485
73082
15637
332
69
49301
40733
192691
133020
127
134954
76056
218
6
3969
71
77415
65
168524
96
48288
57964
193
20747
3
43148
7090
350
117973
45
339
48
10422
63
10864
56817
36155
48126
197
23945
67
57
280
20581
5450
3
34130
20276
136009
24686
125808
22860
140063
42874
3423
3452
27
93803
65586
240
87281
362
112
150
110573
256
52143
104092
118479
5605
39179
67
281
39636
10732
53598
121
173
203
166817
94160
65647
86588
91421
25
16340
3
115
19713
20825
42
4421
154655
50341
19211
264
196
29817
239
47110
3150
43203
109598
223
43
101
2
281
12556
218
26980
256
179
107143
154520
151637
15059
162029
42701
72462
140526
18843
310
19456
16
208
10
61263
78
15495
27779
209351
36687
53
153
1698
144
233754
216
12140
115
143122
31020
19715
282
222
347
13
75
270
26132
147
4493
10714
25887
168
209861
27173
10136
177780
104
50675
123035
97505
157
169253
107
32381
883
225
145
8854
287
130516
141551
23
34676
13473
1946
45
11403
320
6934
16084
44843
71
1548
152920
10
94769
37464
329
11381
76568
145
252
186
25540
133
24469
6
108219
210
50478
129738
134
267
18099
13983
101
14506
27
304
243
255
269
51543
32
40735
333
74
135
167948
74664
189295
68412
6
39826
11784
284
55032
176615
46
50191
92544
199
125012
73476
96158
84941
118
15
275
30841
47306
63569
6786
144025
135251
1
115
1622
68
179
35
116
89385
216840
92092
119077
142
186
228
62686
43724
10539
146
192
9494
210
77
342
19587
23
168
165
77521
72342
180
30
148107
96037
338
144
11
23086
254
59
132
113002
21473
2907
103
116385
118
3835
159
188
11
83
18
39524
54938
206456
78189
27934
222
220651
105
8136
3110
45
78
8351
70207
275
173067
81033
2431
28367
102027
14
167807
183344
142
75086
253
119278
303
78857
72860
82481
1675
13
127
250
17602
4588
11514
119685
110350
20734
51
244
159
22626
20966
5518
301
180
242
206
234
235
17031
27
82
567
382
86693
88856
10357
13022
73805
200
5364
298
298
307
11487
97442
152
138
94062
55
69506
25
191
35014
3767
63097
13
82
160800
325
96
166
194104
1
78
161
83198
31346
2269
148694
195
57
54895
63226
272
6109
200879
41
1077
2913
74093
126
295
77743
4800
67
93
47159
30950
315
340
110348
28
67
94
30064
215
234
158
27
119242
326
190
209
160
87334
1
163364
1137
15000
165
28805
24071
267
278
76
207
42
1
13895
25240
233
66141
122476
36818
254
61176
92602
305
294
84
270
72273
130134
24204
10004
27134
117411
112630
202688
12464
9947
20
59243
264
2602
37
32
79701
170608
191064
287
28345
3001
10481
62
26
183
57
7448
116
52404
257
131
114492
176
143
44691
1
62401
110490
45829
174756
179
228
80574
19197
263
216
200
95465
49
167410
143458
30034
41644
46734
179054
98487
61742
7628
147
710
48802
229
3033
60666
179
6316
227
269
24970
207
166
69
2717
142105
182
3111
65
181310
12573
284
24300
122
108
1
99
130479
149106
243
43
30040
147
27
11866
56440
71
223316
57
6
118714
30658
230
3441
155
215220
43231
19304
214
8891
48
102692
30151
179662
15978
240
107304
60670
9239
230
439
25000
48827
98
9
81892
364
58649
65462
39023
57957
3506
7254
239
11207
114070
119697
12169
161652
15491
140540
126306
151
6807
451
95
36243
142037
232
158
12464
189
203
190
17948
125
164936
78
5840
28105
183
88
202
244
239
23005
142
36413
97668
20
31666
4172
99
146
296
134
87759
5045
94456
82
293
159389
253
30
243
267
49952
22
164562
1
165
20745
3313
44135
163
184
167016
297
26287
19018
27925
128
567
198
97411
29858
22101
271
191
33673
88
56157
301
209
57003
233
196902
19365
145
167
57341
72537
55
205242
30285
66743
116
134
10120
217
61
65916
242
418
242
68
44525
58
50
21952
38508
190
214774
43
39064
57
26295
65285
24616
977
48235
44997
101514
1
10
17386
72
35739
96042
221119
31
164032
60
38037
34550
208
125
20
169
174
226
158
58163
45068
55311
45262
92452
87
5583
3987
79
63659
201013
76
40555
275
35270
54407
151
79010
41
3052
149
254
6226
122
137
5280
39
71954
63
202372
221
81453
5974
189
182
126
24
86245
12990
28417
291
10
259
320
72762
138243
67542
174
164
276
24655
24810
47
159
4344
89744
68200
14003
300
53133
71636
49
35870
212
7240
3665
43806
255
27
114041
16295
67
25
326
36912
50
173
34759
80359
129
90944
121342
241
121
70881
177
159
34
42405
246
45622
96826
8188
1284
307
99
10
57631
78360
35918
43
239
35059
32713
15
27259
119685
13
17175
93751
215122
13
34654
107284
106
306
116293
14323
8367
97
222
36060
176
24096
7577
101
26066
122
103
97
3867
158958
110193
175992
86454
3876
111367
278
246
220
140
42754
6291
209
166
152
114
53782
158
61392
138994
18
85615
100513
6156
74
151435
15
119536
163
38
2
67241
49812
146
133
55507
25
31550
135
37379
36389
125463
78173
47958
199
152
36839
101
30
286
27193
21344
78277
225
137117
5870
18388
17671
103170
322
12248
169533
172
173122
293
110
205
53
252
254
67869
25937
58130
94144
19479
15362
162
65860
132964
152529
53
282
319
52
31276
9424
57
32005
142
15255
50450
175
122108
177
110276
78
67441
160331
33
9949
113
157906
264
16
35038
267
3425
14198
127061
197
60881
33322
121
13153
253
77495
26533
33002
19694
52156
119411
41
113403
90805
72122
44
227
186
11651
263
47502
102706
202
69641
164
10885
108
18931
159
107952
75581
3408
19
102346
1623
126562
66259
219535
98
135
132029
25978
218
137
285
74161
203
196
98718
739
58186
5
49
143
146
77491
30788
95
177
261
127
12421
135
138
127477
13
261
87561
98578
149
427
93831
26147
97
16313
244
131372
142
170
47561
198
136
13928
80429
25092
68
177
167
240
55030
48314
121
63089
276
50
105
47157
130
76328
134549
135489
314
151446
143
39338
1474
138139
24
222
69634
87454
6471
20481
24
63285
62
122
528
9431
5951
7
185
105379
16467
120590
57137
118006
3575
10358
6038
134
158
131
1632
12322
42552
21289
217
194
71
35756
217
15749
268
55245
54649
211
261
217
26893
183
39048
65705
39693
40
218
56462
5
58879
153030
4658
181099
23283
4
107233
52
67009
260
19976
46192
135
6
28456
295
295
15921
92
166
240
249
51
107
51552
97365
132796
106716
32461
31629
92
39627
147
98
1421
52
251
163069
220933
194
4289
165205
134
79
83983
134
49724
68
213
118
16110
95416
41644
46
22934
1
3204
192
24088
93456
245
759
292
85154
20578
108269
77372
87277
120795
204
30832
31886
19810
38
202543
15
56
55808
164620
56205
222
148
230
35
94543
146
122
37
163
172
26
64161
5801
90570
247
132
143668
1748
28464
15
201
14792
250
91
180575
224
252
46
164668
103454
200
172149
59372
287
267
96523
52131
6862
39
94910
39
71221
326
361
31998
135604
19
303
19891
273
2662
95718
184
2165
170
273
15
121
217
147795
390
94902
46
39
139017
28837
20185
195
105753
152
38668
141
86510
963
287
44628
105156
84433
129967
90571
8074
7492
211
5173
812
42885
113850
58
178
45913
238
131
167640
200277
134
131864
273
17695
149
267
52
27266
40
158
94
129
214
133
80
189
95414
65668
144
10394
88300
77006
56995
125
148
49660
123610
238
205
92
135633
71943
145
108746
152036
47080
11787
9930
264
124
33302
157044
121445
132139
217
274
98
112420
43
40
127977
165984
154811
311
186
4681
14239
45353
3
220
141
288
180
253
83155
61
65605
17299
94201
185465
62595
21987
35970
48773
11502
54544
289
87244
15477
208
48888
210
32402
231
194
50278
112500
30889
59917
195503
12145
46
96537
89013
33600
52223
120510
1427
101
190
251
43914
158386
20994
173
224483
38618
161766
69418
7465
268
56195
52
124737
149
44
38288
172624
186
90166
174
49754
21316
53123
20497
3632
5638
44336
116180
400
138
1227
242
147
298
33
126805
134
110
6721
212534
32220
94
28093
109
121369
290
83
119
220
111
78
209
72805
134
253
242
349
93
532
323
5945
321
52
213714
193
140
197
46279
160
32006
49514
107
106891
45575
99412
3114
52034
11285
44909
209
4659
157
43321
2817
10523
52
626
48
38183
114359
134
50114
79
34654
52775
213
15191
24
69752
182
196807
10
138
35560
301
121174
235
74621
159
274
25791
275
29269
14812
269
290
227
9943
15
49977
156178
99
97
18194
122
105663
230
55352
70763
207
28308
15
60
123905
286
76703
104
17378
253
320
7171
72840
35443
11
7810
165585
152
54364
59705
93991
7
14
51
46680
189744
243
132184
222
8618
277
13169
88116
32
20088
189891
251
34
3281
156
309
247
79
42
98089
179996
105174
128
66150
242
60
186
205
177
53608
13
91
55155
65
40222
47495
4133
32561
98
241
19369
52925
3471
157
324
31308
204
23
56
92
117
70517
135654
6325
116722
35377
268
1509
19160
126
79977
136
32817
217
140844
66920
143
318
65
154086
37954
148788
40972
99710
26
80275
120529
184
99012
56
33395
12
115
15226
26
292
213
86
4675
104
51934
77
24789
81493
92
90841
50058
198
200108
65
128693
39734
101372
197832
37
217
3
90320
181166
24432
63
74044
272
27450
70
84
56049
5310
18966
78
109
6324
121
39072
71424
20
75
98982
111
96610
1
42
17763
5093
140
101
36557
91
16562
50
54
37
47156
143
102736
14187
72877
96
51941
76207
44
33621
41774
12716
94583
239
157730
177123
3347
214
236
135514
10767
166178
4429
81
60746
30
51067
106812
26
258
30843
6679
220
174
178252
92817
7405
422
20024
282
309
61615
413
77083
2848
56077
15483
92
42907
376
1322
17085
41
125
81
108543
46
150940
20
283
38627
163341
38
3011
100
50628
181
30958
6837
89849
18853
27
310
183
43660
142030
17890
13102
126
240
110
194
115
71
244
51410
25405
187
13438
142
106
53709
185
8077
63652
8014
200070
95932
1
10886
31629
248
53585
79491
38156
92881
103
234291
178
45306
26593
5299
253
65636
251
8360
72
80663
70837
193
36360
50601
157
9161
88
883
123
156961
84081
78
164
42186
50332
49028
69871
95525
29440
12886
100945
181
232
182901
33300
99888
14869
48444
6657
94804
167653
12
30802
291
74
126121
166412
52
67
8812
165
160
206394
89038
102500
123
178600
67883
253
7671
265
135671
343
16
183351
131673
106381
99
6507
12
118
80229
30876
7
139207
33475
80958
72
48457
16534
60
29
223
53
72378
2
21231
101
234
16540
71861
33280
228
69166
104544
22228
41154
102
124
96
26759
223460
50319
260
13
65
19190
12888
39
79
235
60
217
263
135
105
56104
121909
184263
28396
104
118
80
105051
144112
36738
8806
57
217
60
259
105101
21315
148151
3959
69349
116386
32338
28
77
43252
72662
16228
67
215600
81724
67519
1939
53
185133
111
82028
129
123
155653
9105
2802
150
78983
207
18314
102007
27275
198
339
86
53271
93436
12394
67
116
30239
29047
40132
118
241
208205
78725
32485
116
77
67776
16739
2210
69430
104
7411
81
20496
69
153007
9315
185078
13070
73
170
123077
84283
128
69625
210
32
103
839
201
166
59170
282
58
76
88562
36
186
202
17316
41738
222
105
13342
213
264
172
38
200
43759
157
131377
162730
215
10909
91020
3748
9094
278
29512
66814
41
262
111
79919
3462
188
106441
32433
186
92485
5
258
149761
50
105
166
130
156
243
82
9525
122910
235
194
198244
40114
34
40624
85702
6
256
27614
205
42545
40754
124
1
24552
118372
96
38
145363
18853
11198
246
352
153
90
104770
146
123073
89081
673
45
496
6552
24588
22793
26446
32598
94
112239
28858
109
132257
198829
27
176
206
175242
28613
54594
18843
140
170
27
117
2
73067
191
55302
104
7347
7610
60
49602
219
234
26060
133
5411
62
6346
1655
45671
66092
26496
105994
2634
146
69804
19585
44
30570
280
121
17190
205
104843
9766
308
198
80667
180
139
149139
220
225
198
40
17
156044
169
130
50042
142
267
96
222
216
49681
1592
6114
4584
70
67
129
96092
250
49
5789
116119
13380
314
183
213
23
81128
90480
14054
266
75313
65725
27590
80
87565
143
103886
168
71402
8936
10796
14492
429
1
122055
8575
225
155119
11695
130
269
258
153152
101417
2963
12337
236
99146
100620
276
175
142728
43634
26637
240
116
190188
25890
4
213
161
55310
64
10945
219
5034
18471
39137
10059
65
16405
220486
68985
2523
91265
109
4443
1301
40
12767
4902
3508
8151
86
107600
33003
12
34
60649
177
99902
38711
63781
68348
197
166954
259
251
43399
213
132
143324
82714
26181
40303
3883
166
45430
33
235
38517
54
67829
179
208
113484
48793
36088
147530
102361
22914
206
134
287
3332
296
104442
155071
136
119913
76
120643
4318
35599
165
196
30
117281
21452
9390
17870
95354
129870
275
194
26645
135
131
42176
5398
3
69
81
99
3
39171
26
54
5646
2728
72093
38834
27837
162
196
263
284
53
23
70
166671
4827
24809
74
700
67809
139683
223
34602
114333
192
277
126587
16712
66
178
54
3221
175
244
103
204119
212
322
63
288
284
4599
99028
19238
130
131
313
131876
71382
88
93295
303
59368
76
214712
95
81832
70322
69309
20377
129643
51369
15545
161412
142982
164
424
77
108590
194
2468
48
113012
48060
37
260
54694
7
3370
88066
85298
9513
198684
133
269
24364
116425
76355
4180
27900
146
25063
91
36743
120164
89
175
28065
28223
6854
141664
157
106
299
65846
45997
67501
254
84067
104
26931
96170
6877
19787
116470
234
166369
13086
153
469
255
272
19
61557
178420
53605
252
75
97877
74
111306
87
52460
154522
26
39826
73
22165
120064
24960
84821
75056
7767
6
263
1
327
46442
46425
16
29793
40443
47540
63745
162
100049
8782
6
48112
135
59311
1000
10413
266
139
86
160127
105940
141541
188504
64770
67542
54674
264
9
21
103960
79137
146340
12622
54887
25734
27848
162217
153
91972
275
110
103581
16062
242
139058
998
77
290
914
91026
267
70296
17
149
53438
641
233
145304
46924
101
51549
104649
10391
114
171
18380
12163
154
252
278
77105
48080
66751
7634
57230
62506
137871
101
146
243
193283
1
8882
98401
10013
19722
8626
236
109967
45
2501
28814
198
200
229
34975
179
138
21860
99
124
270
91
189
15879
104337
185
57422
60
339
13
4443
151817
4636
140775
16296
328
5708
128952
50823
373
104071
215
170
15094
330
84015
58
14
6444
113208
84209
53
78107
49
20760
90780
184032
59738
124
275
59
145
17358
3227
146
40936
66716
41830
172
49607
7649
21501
223520
54251
3
181
69
48143
12483
121
124
6307
5552
98
197
6
203
22850
72
3
115293
35020
200
19
20904
275
26675
103210
1889
86673
132821
39950
31062
117320
247
36967
128
109
23074
56596
111
54742
113
118569
186
9596
52069
49653
85153
12493
7
181687
155725
23546
108185
91
58183
1441
4186
74011
264
74474
56058
33237
26637
140
6772
11312
11
2
106
53
190723
12359
6
32284
101773
59623
96
3807
255
22
151
38650
74
71
355
69
68
245
29
11757
55972
89782
20323
4639
98
37
178
12722
72
215
51891
52
66
93599
250
68
87
161958
91
105731
178
31954
62344
35665
38
19518
41405
42207
141
118
11
93044
167
123
53633
64
3558
19831
112
105273
108801
41
63
81144
3688
123414
22115
73
58
161
263
97064
33166
157
280
145676
164
9336
152
196
27236
266
3196
1044
80775
20829
5898
2458
4494
269
141796
113857
22082
124494
112
56643
109
112
191657
59985
199
18808
141
36329
135
1027
53623
94
254
186
92903
17862
39670
178
3878
26519
28546
49075
24793
118805
6
3
19633
187382
86722
134
49886
60
6954
35345
150514
122
256
317
300
330
222
50766
213
151
97
119
189
159
4145
142330
111
30002
87373
199
33940
254
6086
93
195
195335
155694
2766
15072
37923
265
182
60233
4590
49135
61
47
260
4071
93
159
242
215549
40
75
8394
66
40
5090
124
50832
109469
6230
203
253
73688
42
8408
38427
9160
88297
22077
241
98750
4005
226
170574
7100
57772
285
142
29
203
21779
254
67292
239
76325
38814
295
187
1078
144
20380
3427
130
2793
29243
37127
209
193010
75578
17124
119173
85079
107
41008
176005
1592
162
157797
67
126
126232
62
49036
140
120262
33
29323
171
160
60658
19950
275
34
49250
67158
183925
146335
257
28476
149
267
15426
23
36153
15
3843
106
68821
177
267
244
136
17048
19
97
4235
1
78
51591
52147
27087
25503
271
302
10
86
1351
3
7300
42429
170
72
91062
206
191
408
141589
97949
129702
31768
31668
74
11004
325
55625
129775
63344
74
47
6219
113
109
254
237
224
4042
66707
34779
117
31
124
32
22
1378
90366
109591
24
202130
4003
15063
118
184442
8482
59
70364
64235
230
30
195
76
27510
20660
14485
267
203
81
17041
1673
83
46959
69616
91685
52
73338
178
134
41674
4967
246
13253
19707
78
75
30
18741
265
35092
38638
203
20269
128272
112
151
4136
139379
6176
24413
44900
124863
178
106
29
141
7826
4367
185999
23
34539
116410
30846
77024
7175
133740
8033
115390
185
23
4432
263
215261
138460
32515
181
52519
4512
112444
180
231
38
39272
114019
279
306
8375
107
40064
1719
149403
158640
79988
19511
24889
126
48406
108279
39990
8346
22
107
119542
18251
94
3
217
11494
20890
27805
13863
6119
169
20170
20136
2836
221
5345
224
89805
12160
150763
81473
40435
92
9772
347
20
120851
165
49348
36796
17
19
71107
115303
187
156843
73
27296
22
50961
20139
1543
153193
60
106
99251
186
4633
298
99104
35
185
301
164
260
83738
71720
1
71
180688
112877
75371
14
121
78363
1362
255
13099
82
52
87474
208
81809
84989
56317
6010
60074
210
78
101
137949
78921
5413
14
84054
139
139
70225
129430
241
148680
64
102108
77
320
156
184326
76
49517
19259
21523
9
166965
123232
10546
9897
74995
255
295
74
62
2003
39872
203
40951
107074
31
58588
29558
18428
22598
18447
1480
406
95386
109664
1734
317
913
38
105
49
41089
2274
258
204
149
154
12113
60894
46849
47
46832
91882
1
86191
12730
12620
235
75
253
36
293
2441
93280
25839
37517
14770
113278
59714
218
79
279
140
42
146
13011
214
172783
87
196
69519
41414
85466
50524
263
2113
133
273
132910
51
267
168
6
261
293
5827
154006
91692
117046
24
35843
9843
331
5791
67627
102327
60
176001
125686
182383
233
20
233027
130
124
56972
7
108033
22857
87372
334
307
141469
60619
167095
194
31474
241
15266
6
33228
231
37643
3980
18829
124006
252
153
35267
23483
52590
18074
39
63
116
262
1205
212
245
300
107
30114
11604
44588
8367
84
183
23008
64956
69618
8224
245
308
200286
109
99
76
28244
126
49183
79895
11
198
123
88254
42155
49852
39779
288
31844
58
37
24906
13025
8561
58043
19245
39231
85
115
125
12971
212
166
7741
109201
101710
172010
326
95339
82996
26
320
25104
68528
18
116
293
233
109
132
30
70
137818
20166
1687
26
38
259
178660
191
3533
53
172538
53447
63073
26272
283
245
47
24
158
88655
51034
33450
256
241
50936
276
115433
73425
171837
75
284
38967
74538
218
158
118273
13078
6066
14416
122296
127765
59
11508
17830
270
333
10485
95359
216
139
18442
197
9
9781
97701
818
17089
323
78
16096
92923
178202
9226
59
19507
26478
229
145646
20968
193493
225
2860
6069
68
4869
239
115750
143368
104328
192
6788
301
104548
155843
251
38
81449
271
20082
205
128300
43
211
155
236
44297
10638
233
280
154
32
346
5285
11203
32237
216543
165376
72092
89929
224
193990
11
84222
6365
176151
94
175899
156
204
311
47059
213
26
58887
24496
116446
63849
74
2192
139
35538
13336
261
72
5957
192
30
160928
40
261
89
62429
18
46511
223
186
96794
74530
54
34887
18
21249
26553
10351
17297
235
185007
51881
102
126
11511
269
75690
287
123
143708
7040
127972
130
13155
179682
178056
80990
1771
104860
76
228
49219
39
196
148
103454
112
3
19595
218
58383
281
198
82987
205
144
37
277
34920
90
16
40
14964
148459
29545
108853
208
273
47512
73
37446
93441
1225
65
87
65385
105
126
12684
66
67
21203
250
21411
64693
208
56
31868
11793
149
183
25735
8016
82
65
175
59123
9485
234
302
163922
105011
52395
231
59634
16005
64588
18492
100487
234
1006
257
183
21393
477
263
12607
116911
16690
247
139409
49079
158
229
254
165
7327
180142
217
266
3001
107228
8363
8906
45303
29258
123885
117617
182
1599
57
111210
172
148
30770
85
61462
87419
51288
88
24300
225067
97
41
209304
132
129
207635
22572
241
13203
87335
58
169
18467
118276
185737
47814
142345
41062
230
1150
85135
113650
49825
236
59743
193
77241
26654
187
4381
57215
40919
73345
78583
53210
177072
108011
65
63
15064
242
183
43300
67452
261
260
175248
157504
3
87
53263
9538
269
39950
62
126105
206
15
294
1362
38604
32
142
160
47674
21
8
227
228
197
11369
68033
6
46705
103188
28
90
101386
200
151606
63997
261
42917
596
18
44206
100430
212340
19144
167374
47279
139220
13333
108861
31
282
198
192
71296
277
63161
64139
165
90
101809
149
23178
37331
159495
228
302
16239
227
86
202
2265
113
178
19269
133528
15
3597
266
242
244
307
66548
134310
327
142
156
42547
198
208
98921
148
1
110272
336
102030
58839
222
32730
62
58054
16
108
148
67232
85991
94826
217
100364
20006
116
34212
120235
21
124
2325
23022
132
166
10078
127
180
43
78933
18545
17
172
172420
86
81649
307
199
133727
39
14776
8867
80
89
86959
311
98104
4717
251
15
189
41
81677
203560
108036
45856
63180
23481
3345
230
67031
197
10038
3
65
2981
15243
159350
148828
223945
239
116455
26421
102092
134423
38
118073
41
24
30244
36
107
22
163
30973
204
96584
281
76
54
212
140
45
153
223
155033
10595
358
121
34819
80762
154
213
119458
124
92145
4
37
65563
66
25058
17014
46164
4689
54190
253
42445
45762
227
110
27
123846
170
22
29314
19629
51
39
176166
596
183
129
108665
302
159518
121
133
41
60691
108632
50119
335
218
927
191
194029
177
73532
29690
1
15823
57165
9404
22971
201
261
63054
164597
60723
206
177
158900
47957
58376
45
56
50714
14305
66
155
8585
12615
232
12988
29
209
187
125696
14718
93
53279
16605
1397
2360
33532
28177
147191
28001
29884
55156
211
1784
34972
162
1727
67137
67
8899
22497
13276
76592
252
182
9355
22722
30630
86943
1
115397
62304
35195
304
20
16892
27433
95837
89504
126046
21364
3274
44657
9709
12757
117
56369
2772
35133
168
46260
26
240
62529
154543
14724
25793
35
32051
188458
188
58709
2821
275
40
37575
24198
4
10088
55642
88584
14633
159
50893
17985
92193
22193
90671
113
1
5351
4447
44863
24
87682
24925
120002
241
15056
60
123240
119493
56627
228167
44803
14931
134
10593
132
31368
41
9
269
18757
222
8038
7128
4231
95791
16
76773
118
25959
105058
229
41
3864
76064
70760
292
94
109491
1229
286
6
70746
880
57377
183489
15743
18477
52923
219
44286
33316
77
60045
15508
123
93
27495
118676
168
31795
13685
98406
14160
113723
115
79418
101
169
97
3
264
113
189
10430
254
192
6202
267
260
164
230725
42554
54588
9211
1
3676
203074
67108
7571
223
251
34666
119116
110879
110658
40559
234
963
104320
27447
89378
14
173320
159
37715
31449
203
345
42
12851
132621
32
193709
51878
77
37527
614
22195
48435
202
22960
30
219077
47099
90556
31863
7365
60360
86926
58
4787
39
3838
31266
91813
97294
42
16845
251
27901
79
75
1
84452
132
71707
35484
250
5614
20738
19363
91669
207
64469
131
268
3577
10
266
186
229
78518
76598
130221
6
70719
18066
62086
99
94560
28
206
165
96
140290
159
237
5671
1402
9742
165991
177731
188
28
195504
57
17368
86285
88
62
27905
1781
62
142
136
151184
26337
170883
244
95696
19909
254
81192
37982
46
40753
44814
38641
331
2515
7943
49332
145473
47350
80770
389
121210
5
128631
30414
42764
17830
189
160005
3943
41
25481
56965
214
10
13549
113492
75
256
129
43822
48948
29417
53
381
21
112233
33932
19
10
21885
26
54
49
89883
1377
122880
56189
99
218850
63
7197
102
193
193
117417
92670
87136
15786
8279
287
11811
132
7986
118
29
231
49746
37521
146
7871
58
219
94847
88944
59
3789
127440
52
98204
199344
8660
70
39999
21
106
189
193
264
204
40090
19
293
87437
23787
159
95
20948
79158
119081
11908
69648
21
361
232
34260
77
111745
132539
3
102287
36146
46326
171
66730
11528
171
59
30828
13
113
12397
97316
118
272
85
48684
105039
265
207
267
204
63477
163940
131
356
46261
11824
71288
200131
44
5
11242
252
26208
97984
149
234
11264
101747
314
49764
134
916
51
87980
132526
153
168841
130
111088
66
139614
63845
107
13961
95247
24998
110524
246
125
324
33
28930
68
52684
169
131996
87
10
66403
50687
900
137
65397
10591
146033
44
5
189
281
131758
281
6
56
202
78078
185
197
168621
39601
17
222
34326
93
14738
91
30673
139
185
64
4410
175906
172
86
13095
39601
3
129046
215
17270
286
34423
60317
21958
166
8288
44
13873
94
33
2844
258
2028
119
281
140
87
160
13963
149104
39510
80804
6281
65950
143
289
49
2
18108
4186
41784
208
128
281
271
97
111207
26980
57033
18981
179674
145
166035
23733
94
82645
22405
46471
149
40620
26202
128
57758
133
286
103
92
262
185
118
76
85143
158
253
116674
138793
44320
161
74234
21213
24
269
68676
2
51
158708
21
276
224
1
32421
161
30697
44536
20
4341
104399
71690
177
137
178892
189
51135
41
97
3184
2404
107039
168790
5190
121452
35619
206
140
14108
154158
16664
143
105
8448
163
242
41169
6349
115972
23331
180
115083
21296
36746
46453
159147
139156
140454
166
29257
2252
163
5284
9155
271
13482
50477
148774
226
96140
167
765
19
29845
139
30655
36710
134413
240
10354
10539
39636
29
35056
230
177
108091
8780
11756
172
106803
6
59533
5667
140
18782
83
105
35956
107
30
30794
3
117
205
1
10298
73858
58918
173
214
147
160662
163
265
168
185879
8536
73266
224
37502
64608
47563
29789
16
232
114
72009
175
212483
140269
100151
112
309
3
144199
142
1444
171
22
223
33702
48865
831
3338
26591
172
267
14840
206639
44066
122
184
131
228
169310
31663
43014
104
70
120367
47
158099
79516
50
7144
253
22
26
211
59203
115
14872
16
70
175522
16
96
234
44570
222
64
56
266
96680
301
45300
211
36363
9896
134
73
49013
25019
43
169339
44908
185
46246
74772
1
93
23257
275
165
3963
73
107
15473
13750
246
255
18337
108830
53
189304
158142
100
63539
116
4849
9765
28744
105
109558
16381
44178
150
218
254
22
7
2905
208
9441
52368
76473
155
33871
37470
72896
42791
92063
89197
52
356
73601
46864
29844
144
116311
238
97591
84134
58786
84473
185405
97
242
207
117
55817
336
34
55265
304
1530
57288
160
72
155692
40
183
167
243
49366
83931
135944
124
256
3
4
101
59175
277
266
188
163765
199
96774
16095
19256
314
146218
19148
99
65
10579
6288
23
31
4166
10950
56664
21
3876
155953
33163
222
13809
15
51481
150
49979
24309
26
76810
60954
7
156895
18597
6975
243
82916
20248
198201
217112
254
76491
221
50452
271
262
134201
272
9441
113
291
18510
8
162579
97254
175
272
12666
97983
66505
34
18
104928
93
140476
176
147726
37
10846
42191
66317
47406
60562
290
115
222
116
318
13026
12106
181
179
54
64527
7999
34289
82119
194967
138
40
128
169
79960
101198
33235
68
253
215
100
15875
350
125
43666
99
265
193
42904
84
11
162
167189
295
127
115343
49774
41
87
249
118791
191
207
18219
560
2973
160874
47310
83
12399
164
4666
17018
143085
245
6147
178181
164
51
138068
280
165268
31
93008
4
48
275
163327
22727
64
230
288
154
21608
6
15
33
202
276
157819
10
50
16
93
100237
204
21418
183
6498
243
37422
170
161521
3
31229
5697
124764
193185
27162
195
103775
85
114014
53050
7821
188
57231
13135
105982
26813
213
143
36478
10353
170
15800
460
53
11
29041
225
74
312
140091
255
75
266
41034
96659
36388
135
205
18445
1157
206
164
25703
8682
143
8021
24534
81
92496
73
38
72
7183
80
37183
122
198
71726
224
172
148
42917
7039
275
57245
118
76235
13973
235
76
263
200
131
26685
308
2161
34988
74612
143
239
126
246
79217
21322
5963
114
14215
56
4620
84311
109372
69894
94
17
301
2524
72946
34817
71
1934
82
82
43990
280
21
47920
3
75
33373
6
8
61
5550
31949
147
253
256
327
124201
23332
129098
12820
45
208
46194
43844
241
75675
12416
211
41954
7517
36
212991
147
15232
275
125752
61130
162
21054
219741
65712
104
7585
92
16
183
42059
48067
92635
197605
217
113891
160
241
100
27033
62
274
46
118
64709
26282
132
201
233
115
205
160
220
193
54280
76799
6356
14930
68
32811
38
256
203
79
311
4842
26391
47075
25277
188
1
128
182149
108882
142
51240
39507
34530
191
8
26860
31882
18594
338
30725
167
129191
174158
583
73180
826
6
103354
18
41372
127
71215
79590
19167
3369
156
53250
73882
32280
29562
48028
175270
111398
112985
86842
70726
5856
178
312
222
159569
87630
279
178351
228
239
88407
75078
804
153399
123
194884
19412
94
9218
8869
11
193
167
303
97
202
233
316
50112
30347
103280
24907
133671
23138
64
29468
364
243
15
275
26666
19024
34371
158
97254
123682
27
254
54
54834
216
2425
31167
113470
215
44200
355
80816
87689
289
125978
39
24212
9764
68697
87816
121102
189379
6
107043
107
42476
31
32473
58
197
191
63756
131
63
66171
49375
241
708
151203
4834
37
20252
251
5708
29360
84018
53079
143
6
48054
3931
148282
23131
28623
278
61788
279
235
10584
20893
84
212
7
12671
112108
50
66003
166
119560
38
233
14942
78341
244
280
25
273
262
229
128505
79
95
152
101
7
9436
76518
148451
96484
82853
204645
45650
121230
60069
205
134732
27943
168
89
21
65
338
113226
237
145
54168
237
932
52
11369
45
164
68
212
41678
72891
5035
71879
137820
107
3200
5144
108
102257
193712
205
59246
185
306
12
128632
8198
91
55863
264
60
16831
51
89
163141
112
6918
1555
98
74156
45571
139454
63351
128675
90469
147
197608
62
165
10686
158
206
15
76084
132803
80576
24739
46745
304
286
204
254
52611
26721
36
58
125267
45061
142
73829
74
268
176
109369
105
102857
55412
252
187
19455
31
13868
137
10
94842
104
362
6161
61
34684
155
3997
48337
12313
117452
16552
200244
2995
131
282
5232
1331
80127
109685
263
144360
33156
28479
177
212
229701
31
18843
199
147
111
197643
71797
125465
68361
96
219
73
10175
23602
258
170119
11609
8
53
300
215
60396
83476
140
14396
114402
34
23338
235994
479
75
209022
31119
78069
18273
106
271
2512
65959
114
261
47152
78
290
148408
170
210
52
184087
92
68
95498
172
13658
123
45
42865
26614
283
43229
3
161905
114079
183
72874
69
299
35
38
12979
50044
258
91
100743
40927
20985
61284
272
6450
198888
763
211
29461
163
89646
53
1708
246
94262
148
152
238
27087
4882
212688
8712
229
225
213
203
107439
1
13569
185
18961
293
43269
6086
23551
62514
126
61241
107
60696
41444
71840
122665
161893
1380
59241
1174
213
19159
115
77549
1209
67
126158
42201
67
51912
57131
46
113272
123
50071
38474
287
32582
1
17521
86538
71602
70692
254
33656
91752
21060
240
299
35940
8495
172677
191
9967
4
2407
24152
98738
124
13242
42
151
175
312
218966
123
90877
20
84
8
105078
36378
155
305
157
118
140
93
79
157
93354
164094
12426
109681
28230
83
49705
6690
235
155
57377
122550
46
148
30
206911
24378
21896
11154
267
6450
33314
31628
14826
39
162
6156
31588
206
29677
105936
263
147345
3079
225
5500
16321
36739
160
34985
21022
161609
75793
49999
10
23561
204
28039
256
82
112
31744
227
311
69108
65
96
215
690
47683
683
5668
177
374
33484
56014
91
56850
90668
88
86
38570
272
163
1846
114
253
12973
120512
74637
69577
24
90802
14
46
42532
231
98942
12
147347
241
5407
33670
92
204
212
12571
45985
81
199
3957
88469
66
53308
239
3094
307
388
119
68
220
1
81399
73106
47676
34514
34850
24822
47
20879
14349
69762
15
61
356
53
299
103
8608
110
252
50598
38740
134785
2107
25
18035
193538
76
63781
29350
7446
24
186
46
6011
122
145
37601
134983
127
121589
31043
33201
89794
5258
36371
33620
71
200
116
28
379
90624
22343
23
81
230
259
33261
93730
159
75018
16216
115567
26261
3
175760
8399
12
10609
14587
57806
132
83143
65
60
253
124476
40730
16837
136
28095
34
18247
9316
357
11908
3660
40267
41354
34750
28893
193
28031
9588
24
267
112174
13217
93
32
35453
217
97606
55892
220
54
220
13
1
32589
81
30440
173
28344
10520
31572
92484
219
7280
87
11833
4
75
147415
104
51032
81
63148
71
54684
90
7968
251
90913
281
207
23194
126885
21
40500
194
220
21685
103273
2931
115539
17
16080
92084
167
190
32390
2632
39
109416
24009
253
135
7331
28809
115661
7941
83
29418
216
121604
102492
45454
236
63350
118066
158
98711
138905
28799
266
181
247
12561
168693
156869
10408
78132
117035
9934
2333
113
197148
88330
2
38300
11382
203
84
148
111630
256
260
456
113
4650
133097
21298
135133
141
55
143
118830
55960
147096
78396
84
49033
15568
99
112137
209
125
2811
112903
80736
238
146004
179202
37494
120641
103216
12840
9048
27190
139
325
102
116870
75
100
58143
2331
177
61607
107
193
110
120634
16042
27783
23023
240
68537
108539
244
133
133
27
235
23670
18680
15
78
32
36
330
76710
142492
24
23016
49950
229
233
172
6806
118
16156
258
163
45176
254
231
233
106
35274
159
210
150
13804
64287
216
1299
84
35952
256
86
169982
165
3820
289
198
50985
258
12946
41330
239
41888
73359
23
59233
202
130
11789
162
216
101040
68
194
13236
15514
48
257
61
49
131
50130
69
169
11716
26101
91406
234
188130
66
116
24620
275
53003
184
155063
20898
24
6068
66976
204
101271
68564
139459
3856
98649
256
90260
12268
10230
66973
138327
38210
155888
203
84
284
2313
31588
97
171
95
29
61033
61996
10184
1698
9061
304
36542
4582
2276
43049
203451
52934
125067
30216
3
77519
63247
57057
94823
130
32053
149727
22217
28
82045
68332
47
39706
377
148
104
126
85934
373
78433
170
51
108
50206
198
72258
36367
5
4
53135
23524
28
165
30942
145
32392
242
105
15891
82847
106735
290
104
96
68034
309
112686
19
102
44183
51457
140
30
1230
131
729
3
64792
328
214
88
149
70921
18405
61682
740
33229
21628
116
22
6263
13963
112
108
133
11995
192
268
88521
191766
131092
107774
5861
202
52398
30000
137711
32723
3012
121
90
323
147
6791
90976
14016
34
79315
140124
30599
41400
40
49009
35
132389
36394
42625
163
38598
19592
47553
24
209
47173
65861
188
634
135
100
26213
62
55566
556
166
43
126
1
210
67004
64318
187
31611
75
135
29796
247
741
4210
79393
194201
197
160
126
72533
124
206
201
16889
88
36
18432
339
171554
1
197
1678
11
48
65
21284
27731
223
138504
68802
134
170
143438
54500
109
77103
115398
31051
159
147928
31
60
9930
90208
126302
227
29941
110518
37
180870
22808
298
175
82
4
147
28
134429
80306
235
79401
250
287
40629
6439
74133
266
81
30102
84474
72
134756
38939
21888
71876
53
11397
52696
163
11792
218
129
125
261
127979
28
96
72
5228
92229
324
199
257
204
150
7232
141
80
129413
100116
34
141
132868
134965
191
57489
174
96845
7298
225
13
19037
194
82
105
91951
12741
46905
73
183
873
43837
62815
36700
105470
47545
277
56614
86
109
102
19802
45045
226
28
241
48831
27354
58
63951
11268
55921
76477
12
188384
12
77164
140
158270
95111
96200
16050
13
183443
105
7206
32625
170
206469
3958
155
20
105273
23085
16171
15513
216
297
1282
235
219
191
73
48153
2768
249
231
19783
104
20850
26110
173
293
87
122962
129879
215
102
328
104299
297
3
79568
22072
250
114
51794
180
2464
84
3
40991
146
95
87943
12581
30677
11694
50938
269
31590
128435
151275
28678
42349
194862
182
151518
16316
258
48313
157
54594
152491
253
242
14985
43745
44597
330
182
146563
107
21
77369
143
12
285
49310
157058
159024
103
235
221
194
4763
189
4292
62
36455
93631
248
217
55947
26395
14667
138
164
67
109249
99
132087
106766
331
78977
89392
254
85430
10
90
10
121473
24232
95117
86388
78665
57373
80243
29387
289
113
67209
3945
137391
323
57
56730
40
50
17743
177
5362
159
293
2399
1228
177
179
276
8960
56722
21759
11
21440
8908
118051
246
169
157714
113
147
48373
116072
269
76785
124320
127653
269
188
83158
100503
110
9603
64
102669
111
47
2909
271
26168
5813
91225
11584
17352
108115
17
16232
37579
46751
40421
203
29015
30
4
309
33
1543
346
126
17936
20754
32
69298
128090
7265
53428
38635
44481
37069
182
180061
123
9
11574
65733
17804
92054
231
8632
80
95
137
182
186
87874
3
162
2058
338
135
103
66184
72376
25865
170113
65704
75031
141
48554
72152
17295
30616
1
95719
202
283
46455
32343
680
392
50
12596
224
51809
2616
63424
63064
84
11416
281
22
5646
258
1
3276
17624
86802
123395
68
125247
226
5124
306
172112
1270
6
107
60918
148830
2058
205
77599
54163
4862
43
15533
122
135
7211
50344
148
25527
5
20430
86851
30248
103005
22
140803
53
135
21
5808
10867
1234
284
8926
72103
20013
42311
67
11397
16
30377
88
35772
63529
276
295
319
175
31559
98
119
35777
29857
95290
163415
6
42
79251
178152
29
46954
27454
117
8068
16314
6
6
116839
3785
10713
60840
4894
125617
3599
124
207
53
34257
32183
163771
102
118
32144
167
152840
205
298
141
137735
212
10
174
69
161
39265
51964
27787
155943
53972
84
186
100617
335
170
208
39963
209
87
60203
71
128
60586
69009
48
11364
176
76659
138437
138700
52
5892
51229
70
241
77866
59461
7649
266
9017
32
59984
31
156
89
15489
204
86
158
259
11066
32610
6
129741
17599
119783
314
76
141
216245
12199
2101
54
151460
80861
129227
15887
347
31140
102
51146
68
219
13579
108
27668
215
54304
302
23
55098
251
116041
1738
249
101130
98044
75871
5747
75
16929
237
95
14438
68511
217
19827
170802
76937
37939
63
29598
8494
28442
99046
12008
64254
152622
98320
198
10405
160
35
68
78334
158
1223
810
149904
47926
87
137
245
93
80536
86
62707
80455
492
3
214
180955
20
103910
56
14295
43654
138487
5470
43655
228456
16592
226290
63
235
106
105
113
27950
110
35
266
371
43
31
289
339
4722
135
6125
20
34
15897
233
7604
61
244
184
166
57
119
80
136535
84
55
40407
180
142347
195
11677
1864
26892
38207
142
79
270
2105
41663
42
166440
71258
83352
32086
53612
36
7060
87907
22
106761
78768
2755
45686
72
177
46
2857
279
26256
142591
32092
5136
73768
177
28
47958
220
55733
177
74989
83970
42701
26788
26212
74
159448
94623
32895
102
119
78
16447
199
59226
245
207
17
204
106625
194184
37710
191
200
49
16955
60088
304
204
154
15301
53237
61
93
12
217695
36655
51559
18762
93
171434
62
17303
305
65
76
22317
272
143812
27417
192567
307
52
59
208
11267
46987
49059
4538
42309
2238
1280
41
72797
1020
2083
63905
253
158
30641
21
69033
274
34
19415
51321
73686
177
200274
129
19467
198399
85994
257
268
3
268
171
26499
32
96634
97462
193
15529
48205
220920
176159
102
124301
24364
182
69
116353
92916
16635
4278
49
78386
15273
150
140
12
8
190
193104
23512
90516
35444
45721
9340
74
166
53986
160
181106
13252
3537
163
63982
63366
6901
251
3263
77
48341
16787
222
66
102214
336
51880
18862
129
78
201
63232
35866
55438
155
234
46
46610
122108
183
247
77503
33440
110548
15052
78076
26
117527
87
63187
107184
16246
150324
14233
129379
207
6759
161251
144905
110755
33933
53080
48766
37
152927
113473
19444
147322
209
289
44887
196
164330
25
74997
236
21738
189
43623
88
32946
59
131496
195
86
19141
3
143555
19350
454
41
121
52013
3
190014
87727
92811
2797
574
42485
340
146
66487
84
103422
245
8515
78
60057
204
220
226
125058
146
4
210
185
83
156
7095
11344
74778
19534
145
28814
11264
117847
75631
325
4612
194
66
57066
33
55872
77
47376
53040
21357
207337
50
71117
25029
98298
9481
239
21278
124200
281
50
87500
121405
154
210
136
3261
95515
834
21583
67112
68412
33947
275
6927
207886
109624
134135
119789
50914
180
132
63
40522
34841
170
11773
21516
60
102588
112619
98
34686
146
56970
80026
132
142
170
194112
141757
151
289
259
212
7419
2037
70193
12598
178091
63
192159
93607
227146
246
28
286
353
35126
16506
411
21
53650
164955
117
71571
27961
159
271
222
8572
131
149
143843
107
123136
253
44813
9675
81
70
104
35529
344
256
94175
83199
77
32695
49074
132536
8583
23175
1
46076
206
47489
139501
103583
624
55
346
19120
7353
213
120742
5737
131151
8491
21772
145534
5970
131573
130628
56785
66130
304
26
7568
23
12743
97039
274
42720
171
9
47104
233
106090
244
210
113
58
156680
103
216
81547
245
28960
51114
305
29121
24414
77402
8
19277
107
8966
63
93
198892
14464
1944
18404
74086
162318
14096
90470
106890
126695
165
346
120050
100324
18113
69517
72825
12250
52834
98084
113391
64847
265
226
163
20067
76530
127537
122321
116096
12361
116208
54412
109
40545
1740
13420
28087
172
268
298
42595
24
199
173697
19444
139186
43666
3650
60624
72
145
52671
43463
10910
86
180
55693
10
63177
100782
166
69437
64
233
81939
226
188
177
115
8228
88
12720
59030
135
178986
151
4741
92
374
79
120
49666
27944
50696
7054
56
129861
222
86231
118
155
246
82917
282
55791
188335
80
48
109666
72903
80625
42613
206
20654
9437
10423
131937
30
108121
15
91
262
151
70167
93
366
5267
132
87541
194
1582
142356
45367
60716
60418
259
143
6284
24295
144048
107
61819
85991
140
309
76
88
119160
10
131471
254
6080
4936
155199
69868
107
222
80212
65486
149
8
21
175
9349
320
75
231
154
37859
19
33
22497
134847
14922
13631
175
133566
133
104549
36457
42381
9382
24
172831
63
31905
51
96751
50843
81
15598
83
88
62
312
29
43
45287
2307
265
116
258
12477
329
26
110392
286
25
205
125715
138
128
68071
6769
58
109907
19716
10
132
7195
144
75772
14136
162437
240
50063
298
173
3080
248
74191
3
22115
195
169
170
155
20148
2422
56669
220
32
308
1
101
187274
38724
175670
114
141016
87033
48063
3273
96
122230
306
93248
60422
7
100209
70767
78663
285
211
18
34
4744
58224
17
119214
23845
115
93
102336
22669
295
307
117
278
67425
109
83
282
261
47587
64413
102785
126
40237
38504
593
270
173856
93
155995
34
179
117
231
72210
7210
151694
156
60
41
16
41498
107
131782
161
25333
198
20018
28
48359
69
60029
42
426
42633
44
8442
126573
3300
258
25765
181
133290
1
49885
30751
16410
98
49669
44
2915
11
155805
43528
68
132377
249
48115
171
137460
212
141799
3113
5643
140368
58855
27047
18135
116079
38426
193
213
469
115
116
118883
291
121955
82
141
36
98
127
329
195
46056
22874
201
52206
124709
42167
389
5
55593
42604
148937
260
2933
285
113
46348
124
27
116
14907
43469
107
54440
89897
171
345
20573
141
123
3830
7990
313
245
25172
201
160
235
165394
192
189011
16
147
5772
59
114275
19
5625
37
74
65796
103
66
174
146
108
13518
256
32695
26337
206
3
149164
178
24814
98771
17108
43927
68
251
87
28
36728
158
27681
17903
83967
226
10917
189
39670
25955
176
9858
4630
365
1
27
49525
247
33560
58
5841
94609
81
16
5109
248
19289
251
14586
18
238
4265
1
173
110116
275
6516
270
25593
60916
19
113276
22681
86343
94213
49585
76
19053
104707
65
12766
48
140
101
109
74870
191
174
108106
85260
79
66324
533
75
244
92842
135002
45298
63880
10332
38992
89906
1892
47
21379
73
138166
10999
32
51948
215
114
4837
117013
75996
6
36470
16787
209
67787
8171
6877
71920
3673
34455
117
252
137
88
25374
33229
112
48044
24839
169257
124252
27745
296
34669
6910
200
101297
19192
28310
13
136
141
228
77
45968
161
49236
93359
70
65462
289
316
146
160
9832
22
14660
36460
145012
16
176
160
34689
15000
9986
180670
203
21468
177
223
38427
8499
144
69225
54304
39719
146521
81309
26895
278
14789
61117
82331
35336
72949
68
21647
6230
67104
28
24201
53689
142
124
240
9
84
72560
257
254
34
8654
40008
132611
180
54878
38736
31617
123
162
53600
107
228
168
64
72803
18239
212
91105
23445
156
147
135
50
118
21087
63
192
109024
215
129
5581
2361
105974
220
49430
288
99
59032
26
233
500
167
3023
137174
99747
151981
178713
43927
223
18199
2688
131644
172477
107
218
149414
122
176047
22168
39668
19074
74
202
138413
40341
4941
828
8029
185526
327
48484
75
149
8873
221
85097
21191
178082
48572
33177
125
128
121104
89272
151669
124442
119
1853
10422
165
422
11091
204
2398
53522
2089
36659
185
10576
348
18
106741
224
194
145012
129519
8
46
126329
132
91944
81079
39
100841
150
147613
53
87480
69680
34716
132
246
230
48
127
173
67
17823
220
25899
24
84
115835
60323
126
60620
41871
33640
166407
189
1
269
117236
231
15
176
175
25542
119
11199
121785
174
39
23968
13951
42044
2266
208
102098
124
9211
111
197
41799
143598
123332
41602
82544
79234
29
102
249
10217
86
26
211
126145
28662
88
85735
12312
61051
78171
137016
3
92344
52
5635
22963
6
94982
193436
3908
59987
7415
336
106491
55923
1949
11957
182
128
419
70427
231
180787
11401
80537
6
25860
217
110
4864
92
42644
178
4867
1964
18774
29612
50
756
136
1052
32869
350
94562
292
1645
55
29
21328
123
42
77
108417
38
10008
235
57379
120476
11916
39140
30667
113426
99974
135446
306
167
115
60681
249
308
48105
273
423
88
96778
3976
80
196
28088
45421
52
41998
131
265
120
23392
61407
62727
28327
235
137
19
235
204
12394
138110
26492
32941
101450
123872
174
49505
15673
47091
191
235
15122
103383
83337
145
256
347
103814
60771
11215
25
66857
109579
32907
160
94749
41236
266
34941
75301
29383
61146
41897
82
186
18578
138
159318
40488
27
209
394
28490
133454
120613
91905
1809
2016
59147
174
119693
135
4474
11122
90156
126
13667
16042
8598
20256
156
1004
195
99
73536
248
48327
154
227
178
286
28
2871
261
11872
7867
134729
11108
80
23
127109
47
23
85
253
304
174
361
250
162459
4736
149213
11481
235
226
215
1145
133524
59680
56718
129
16121
92180
10499
73289
68098
222
339
134789
25647
17356
210
79861
24159
1
121180
140
64565
147
67
40604
60876
159257
22
26866
258
7434
42891
634
201
742
25657
36
222
7425
188813
9474
235
12177
69
43644
42213
11166
38115
210
141
51140
91807
14938
174647
46888
520
72605
57134
18
2790
210
23774
173
6385
10110
255
7398
136
291
39811
16
1619
44940
45
1266
110561
56
9
228
47
84
71
81538
3344
157
103664
14476
120956
26141
224
60907
109
144519
18693
23558
200543
204071
113619
57
52
70271
10920
12515
19822
17364
77965
44891
101
42597
161
100
152
6
237
195
33888
84
4
230
115857
17431
1906
167989
25283
261
6629
316
211
67544
23281
252
277
155
130954
239
41950
122
19918
209
38606
32491
147970
8738
258
285
24146
17
13400
12309
131
185925
38
251
139
133
23163
104
178
76
5235
22056
11638
71796
66
160
61
176553
38
23654
67
16457
226
48
9
89223
42024
150758
181
25
20332
71079
325
228
27340
127590
130583
13
3585
64877
83
89488
144
142
50
91
229
146
39428
112714
232
123
127795
15053
190444
131
283
56030
29
121896
6080
21646
67
243
229
2686
36
166
536
281
74862
90313
14782
55
27608
21595
2
42
39
83500
16306
164
45630
193
89169
89641
24
15006
14995
39
69
85
70
9635
170157
25148
53978
7
49
53179
277
182002
3
31506
113534
206956
8790
140
188347
24558
113
17424
13174
125
492
137519
214
119333
62890
9488
16
78
4
109612
2
73447
79
6336
126
87670
35005
78170
100
173
11
22057
19341
2788
156
12894
201647
61861
191
66158
65672
257
87145
165
64
187
145981
72364
102
232357
86926
94739
201
10
3948
152
58
117
139571
13758
254
193
230
24136
25
11944
54679
14
240
187
34767
203
190
143
27
236
44154
18004
149
36402
128974
27238
9910
136
51
28
66561
167
83122
1
95
119
5907
133390
81
17241
29583
37089
68406
44208
136
12624
136
74
155259
22056
10654
6861
271
59295
24
90287
111033
126114
32799
230
40493
76
51
104943
157759
16607
67
258
132289
136
41100
109794
245
251
133
89858
241
147
32484
537
140431
170657
82708
42
76460
30804
7658
56031
240
127991
21
387
93582
25
75
88
6621
202
15921
13424
21926
263
196
130207
56056
227
133
270
6900
218
195
145009
139
83
2505
46516
16371
26352
341
160
44631
3936
98
140
259
204389
217
392
25707
50164
140931
276
82
151
4110
83
34419
107
171
15156
61
53352
89
21
124594
40
72612
254
36122
336
228
8741
136726
92
89
126884
12053
180864
206989
23078
29
230
10859
200
257
13729
3052
84236
163
58579
117
240
165
211998
41272
48529
201297
188
42
16654
160649
142
236
45
42
183
16932
93614
222
19581
73151
176080
112671
148071
192
240
22981
208
38795
22
254
290
293
17
95
220
170077
181
104991
711
178
102
5527
72
134121
160494
12522
44
282
194
16420
68088
32777
15305
35307
123
213
3
7366
7849
264
84
7279
126129
4169
4048
20881
193
103782
258
43640
9506
18098
11960
14
17416
1270
39111
3
29
62
95000
114
56270
122
55442
87
258
55215
98
48137
12285
109
48
8168
59554
76759
213
1
286
5303
32404
83
215
165
121
91878
11962
92
42
44560
174
46759
115
423
160
105
6175
112
309
264
295
15
42317
168744
93791
40629
330
25090
1948
16820
27435
76
97
38
99
57685
325
142038
106342
56529
23045
10311
34
57647
651
68633
72
23537
188
63330
36600
150372
177921
94
18629
130
35972
39815
109
119
112
123975
145
55
74564
276
85406
68
106808
1852
247
111
28710
267
81494
25278
25
70651
10196
43
10762
79163
22326
8221
35630
106
183
20679
70140
6
27299
139
129305
32980
325
160
118
83
139
1808
206
138
22
217968
20
33457
114577
241
308
18616
237
12154
30154
42977
106907
10986
93134
114
246
247
140199
44389
241
153634
71576
61478
2713
235
87
151130
73
133
73
69468
91619
136
112551
110
175
13755
88887
230
80289
239
8394
96325
15
137
148
3843
14479
364
129932
137
59821
34
90
227
74816
39249
94
243
25429
23435
48
13128
5050
114187
1571
5014
137
164
91475
1092
184905
21588
53997
176
62
112
56764
33872
23089
278
27079
51423
22950
7217
176
1675
153059
148586
168
120
98949
58923
10
78087
37
51916
224
374
56416
62647
97573
71
69
19947
45659
27853
85
103
91505
8463
1723
197
6785
107
79
1796
213
126
132
42696
189
123
88709
76963
57320
104727
50732
24
222
203246
227
82
26
116
130
108945
1102
31616
2294
84514
121282
289
409
28459
96
307
118122
3
1090
111142
95
24383
96784
30
311
5
122
69
167063
20932
157813
14146
31
6251
162
2880
62350
254
36860
103
3168
76957
249
80857
27907
93741
24086
26618
81658
112980
369
44380
251
266
56755
180
128233
125635
249
78
17224
55288
244
23
83
228
71
73506
86
176
3
144181
82786
46416
183
81323
47
27183
22
92550
212
2822
390
7802
21
13048
3892
115082
91
52
201346
31877
66
25762
44
208
46845
141
2042
92
89608
103
120808
26
162
55517
147
127837
11313
148242
12014
267
6507
14
98
104011
14719
5970
117860
233650
98362
277
46280
36067
51
2579
47
167204
211
4405
1285
160107
75401
130
98503
59630
123
255
120
16
132
2608
201
5543
219
151570
34885
58635
3696
7
204
133460
150654
100682
4132
110
67
122
130
8
18707
89
23429
43
246
199
168
197
98137
60
722
25345
51
120840
38374
267
44230
11017
38047
83449
19417
29
111
1768
31038
77802
313
231
1764
9548
10136
122
333
41
240
244
264
45559
40872
3
180
73783
249
15333
177
38461
8327
58
3
15407
231
5434
86075
6008
70616
156225
96
6917
38049
76000
321
191
125695
65122
21
197
65
5979
259
20264
27307
11750
144806
127240
12284
3568
17
264
38
34
44047
59150
139
160
139
297
17371
43533
220870
31182
62648
1768
186
188
25079
52763
185
41089
33928
324
50969
140
18
34
104414
177
1050
160
15851
65591
13544
70
113214
1
2385
29684
6
140876
102550
162
123
105815
11216
209
32994
161
277
61566
19
67039
123
58193
6837
142
308
47102
43911
12987
102
303
270
143871
5674
151
1482
95959
181
74436
22480
40157
173
211
239
87533
9449
1
61502
36147
14772
112604
102279
37
39330
77978
39
154
27748
137634
130617
112
41265
189284
24084
79885
292
48489
94164
58682
120
31
133
25149
1516
62
9
61801
95351
73826
6288
125645
125
73393
109030
180
8317
33
52
7512
163
100701
132
49669
296
57
361
221
17973
94642
1280
13
58386
43001
202
16336
58675
4969
47
324
60021
70
102
155817
19214
123
191
18845
47
61
111174
93
151
255
180498
6024
94
33047
38242
30560
119120
3
143
105614
76210
104
316
154437
18338
65836
185321
99198
108
93634
91
240
12104
69392
3814
142
196
99
106
38630
166
5777
45756
19348
85042
164
59363
75
1144
26080
219
668
169
814
247
258
130476
14096
107
19
24110
65284
30982
253
60
2330
15949
117861
18954
269
18837
22294
61111
7941
98822
300
38851
148
261
39134
174
457
121394
19547
48503
51
144
94489
116322
33443
112444
110423
39
224
185503
253
183658
311
63
40311
173336
17424
90203
67699
7736
70094
193
19686
200
120
79
114732
76489
147232
123861
66859
72
104426
9
73823
215064
47879
240
15
7
9709
163
27958
151
191
4373
76605
266
15045
284
174177
56529
73089
5477
82
164
13818
1540
145
2700
79
105321
3611
27840
253
265
47
106693
64666
146488
68020
92292
58056
34560
138
197
37
217
212279
25258
54
6
14783
175211
283
25057
33431
37472
15567
3857
186691
190971
57457
250
137
168
209
161
70416
178
25100
108
162315
14475
318
71704
6466
234
52
124
50229
9
105
195
35034
190
213
94
76738
126
120133
164
38
170
74
224
84068
182
77823
3
167
109953
171
52
325
726
61464
69879
249
273
42118
44506
32584
145
40115
97
241
106299
9
86709
85235
73
203
2643
75
265
267
181
483
31499
1
305
27411
24798
256
28
20
91459
1410
257
62
52749
27848
101554
201
5544
141990
110840
142910
234
194
43037
56480
74
64
326
139
131
79
66999
122
26
41996
42
22127
181
106915
298
136
9069
26
11851
4098
101079
218
156
8417
87
125
6
233
168
35
9
40292
99797
8650
10655
64
107740
188
28161
113
31114
302
188
7115
61819
97
118
199
45
12185
230
15
132341
1739
122
80
198
41801
132
55
203
4166
73067
219
233
97
199596
84237
120368
161
46745
1833
161
72
105061
181
14595
102407
53941
53
28659
485
17166
12543
261
68671
165
38
162
148
128934
136545
17630
137038
175643
96811
158405
84554
184393
11
20701
144
116
265
6
89261
45703
94
51128
13796
137
53596
62
183791
14207
64
97
197
243
128409
11752
13657
16414
25337
136634
87606
19427
3
256
203
45630
200
199
188
29903
67875
61381
310
60
18046
37735
261
25
106
56
111328
157487
13
32323
95317
90952
42
273
261
298
107251
112993
78384
112610
165
251
297
285
296
11624
143
169
9197
193
36658
17
35058
271
7632
128
119125
18869
8896
115
187
208
144270
6
96385
18151
116
226
279
193
3
233
32061
107777
245
50835
51211
191303
134
99
82591
141
37284
103981
3
166
294
113373
172
206
117090
41147
128742
145
12716
68408
40730
62607
217
234
3061
421
10724
159597
178660
52191
113106
153
68496
21
7360
4676
126
68
247
140671
151
1
127
1598
78748
76872
1148
254
64651
65016
159272
78
151
94
121
237
217
68367
1990
35
9222
183
118
88
10
70767
224
32779
135352
143
251
10141
9479
83513
162033
63502
22851
282
26317
10143
299
128
239
21797
203
29045
9
143595
20
301
214
319
15220
9516
16
133016
18879
23010
143247
61161
8574
83474
12070
2366
112102
29996
32
22414
14205
5860
222279
242
71
207169
222
112650
67981
19471
184115
80787
230
185715
10860
37186
22782
139090
108
22179
67240
233
148
22351
102552
143397
21673
244
158
35727
194
6
32192
223764
79995
27661
198
8877
290
48505
45741
172
137
93762
15304
35654
259
34
3377
99
56180
185307
15919
63309
9857
107101
138481
28070
46587
19908
140
129
17859
122
47
57
199697
47652
105487
34317
4190
116
23109
321
149293
155516
164
120945
147136
36439
147
193
62547
42927
94
51790
78708
269
248
130
6
230
3
48248
60855
120750
152892
41999
64
239
265
46692
137
116
52
189881
140
23
168
259
234
24676
248
48
62853
85350
130
448
4858
64331
50356
155
210
17070
6743
13663
196
18
113321
101430
54342
268
95763
118884
188178
232
18729
92706
9809
208
24194
8
128
172680
251
2706
23558
226
122
55955
139
52
65
207
12319
33032
69596
230
57356
55863
94379
180739
35736
119489
118612
140
5
200
84471
4854
90381
7141
60096
10147
1
75429
156
33865
42105
124
18330
186
65422
149
31596
243
58923
186
8824
53073
89
178862
184
183
2315
5291
122604
303
58396
148661
17840
204
51
136
18255
15
23573
41
37773
7150
47535
6438
166
107
139998
98
140718
178
18917
57338
73
45
51695
18034
115
252
37469
10870
1619
198
3
94769
44395
4080
96264
169
89921
17
2225
36545
242
247
6
219
140
47321
24002
43329
5985
78836
124
132811
21279
16340
14
57418
78
34807
161087
55
78144
299
19
18826
49
13834
2373
9329
257
25089
2408
145
226
185
22109
732
52184
17
57074
260
8136
59254
103140
90075
55862
235
152
66
46414
177
3229
36171
280
71912
136496
15019
153633
249
40519
152
18210
57
13375
146
318
144865
373
129
71
143
6
35765
180728
108
2633
106
66883
265
35787
134
263
321
276
137
141
191
123
281
190
62279
48
22
21281
72373
258
27055
97440
108
144
7991
179
90976
58755
230
28071
106
82
239
11
37247
157761
17713
15
177
40
35365
152
80
236
137325
13
11787
87
242
145482
361
37028
27152
171492
87498
236
81734
9138
102
36571
1
169
294
179
639
111991
189
86
52850
73
27266
260
84156
126630
36154
1
96788
39
44087
172412
255
108364
22
65706
81
10
6894
135
189
172
9195
52934
42
179
282
109710
101720
69
26136
177
25707
9
128
22438
198177
143
117
253
190713
63
82810
61
213311
309
6718
79
182
14158
59
90366
153
16886
222129
144
1607
44258
93
46351
210043
204
78564
95865
116355
195
245
69
60475
72340
162
40198
53526
15925
53780
45498
21471
104
10766
32784
16730
174097
160674
67
180
39681
256
81
98
71059
10
179
66579
22337
27389
48
132174
29110
9
47090
13275
270
268
14542
162191
13795
271
14752
301
236
86813
13623
20603
24017
234
6
71831
206
99
26611
133
2100
63479
54
108676
128
17464
29
35396
30800
119384
75512
25173
2458
68410
181
91939
248
1818
53
39
304
13
292
13133
55
6334
81960
94
2292
68
49
294
8126
15410
189
180
103317
12024
8758
191
27387
25700
96
39
75950
16637
125
32299
128
121244
127
3894
338
47115
10403
8933
51513
102024
29074
35337
85
2059
132
211
96
12903
131869
21
43591
53159
52023
97
222
9825
11021
62
119
16
175034
148
78
23317
52
121006
27250
71
234
38921
1
37500
11250
148785
210494
51
97319
18032
93008
95
125
165
17205
40
42429
61746
147
154
173
121
179
172
195957
2761
111333
6
214
18941
78674
29065
194
59
264
150
26094
24965
102
53
160
260
103767
3506
34975
10295
170
2755
94988
110827
114703
44
6391
132
165
187339
45404
258
28388
119120
11
10
43314
168
21284
155
45460
290
293
253
77
30
14217
177682
10
7181
66593
85
92
85
78
15
51528
172
124908
149192
54002
187019
222
99956
209
228
198
156
128
191632
229
63661
24130
1948
60
25339
155
138317
232
10955
306
42804
11069
99241
17904
43604
130
83
3460
94
112212
223710
180
159
54263
132486
44257
27
94609
116589
203
102725
169036
138
172
114
233
214
3505
115038
16
49
201
95068
13891
10197
96285
42941
1
106
10173
32
2813
273
841
44567
40334
97348
170
91670
229
72
54036
116
12092
20834
194
210
23201
113596
191165
221
40969
24472
155
242
218
48846
78
81
110
130058
100831
240
71822
76458
144130
5199
16592
145672
77530
58259
77367
34
4
77
93
377
83624
236
195
86600
33336
24167
264
194
58288
40
279
218
128
138460
192
297
171
161
32
3640
114
290
14929
27344
48478
81562
185011
15031
131995
17694
72215
92212
91015
17158
36795
2698
10
6
52924
73313
135
45
136
104688
137
9
32452
78513
302
14652
122017
79
519
175262
32
31680
80850
15093
72198
113526
157572
255
81639
11635
179
61434
25360
69
73656
33449
51
215
168
242
24863
258
158831
65740
342
3235
52554
82
31
130818
114859
74
146182
88
4425
98
112433
46267
10834
132
46678
112
2849
23603
29296
244
278
24
54561
314
27642
156
151
6380
1901
169
23
124990
72167
40733
47630
45026
203
48382
82856
210
146
174180
147695
7375
137159
305
132460
115
78727
102235
7845
6891
24658
4002
133815
1218
155952
219
78936
208
65
3737
185
57103
69947
92642
129
75593
324
27
40917
6718
73924
93
164
14212
166382
81
215
262
213
60240
245
235
144744
61031
223
24677
133140
27696
287
5345
24555
40418
178
17109
13626
28404
38649
127
93
6160
294
23
114
68801
38392
87
109
125752
56083
8124
69
28
6210
58990
284
87
31748
82
4084
283
53
3
148153
214
9
131626
91
71822
87344
177
74276
5474
205
5348
263
154219
3852
279
214
53547
51281
74
225
47239
255
2701
38722
56216
176
49071
130
27823
61058
177877
139139
87
243
46484
228
157
14
82877
36533
24953
12746
64524
197
40454
62443
139
275
161
230
7403
75
111851
3426
99401
187
3
32186
6017
19057
93
18
50474
263
194
97984
208
93
146
125
53654
99
2857
34253
291
61589
181
44
217
4406
119
74
1268
187
221
312
24091
70174
104177
206
65276
26269
22
73
666
254
43843
7931
66005
96533
12053
249
159
74
127
36
80
2866
40506
61
61370
33
82
33762
45803
8412
46667
83
365
276
37693
48389
314
1283
77891
11241
232
123
131988
6869
13207
18
3
39589
39347
133
136071
88
10436
5045
111078
17
172
252
3381
29
320
13780
63255
124787
39168
5303
77586
153041
67
155
129
195516
204
102
111377
5203
163
34648
244
26161
266
142941
212
160
68
74498
257
3
111
16377
22924
12198
152
87074
23094
20
7595
310
23118
168
167
71159
7
282
201
167
117537
80190
1407
109764
192178
1
11922
34555
407
11524
59496
33247
177
11646
10424
9
302
78443
61703
161869
174070
75
162344
60928
89762
176
53601
160976
207
171
110260
40781
33122
5766
10281
181849
66
172
138
5912
287
27027
64222
70376
1120
5092
38755
88080
118
39
64
110
263
322
264
144
187
207
9021
190
53524
115735
29
37138
82224
7
182184
76
309
39144
4
70
151
91447
42181
8446
302
23405
184
252
8591
19017
285
84046
152
98788
146289
78130
193078
304
5668
9904
199340
8358
14127
6
138816
279
39685
117120
325
24085
119
204
49995
31648
13026
189
110770
56475
64
211
47
158884
131145
124388
71
38239
175
291
1
18326
8672
114677
42900
105
52427
243
126
76
138
195506
49
43239
114115
129456
71530
29035
60403
121341
292
3685
57516
331
66965
26990
189
42504
177
30336
22026
16
61682
16
55618
289
64773
178
51783
175410
66746
235
8587
133
60
56535
143
277
12348
209
61969
164
219
104892
138
52551
216306
28
267
203
207
225
3
89975
84516
115
134971
86956
27375
117063
69461
92
232
1003
38298
27148
196
41
8
26
130983
61774
21
35280
136
225
74358
29412
2461
106
18203
8271
8890
81
24414
224
25857
61341
90618
133542
267
83798
41665
84945
144
235
94926
61002
213
31066
9496
262
105625
1
175608
51785
121
173
196
211
154
146
34580
83512
29399
289
179
71264
121905
66576
100
21179
25
74863
257
175
16414
37689
84657
94
37
164210
132831
8394
41946
31
26038
86471
14
106005
15004
173
98352
32
75
3238
225
34167
61254
135
133
345
351
45454
215
121885
284
217
139
124281
152130
3357
102
97
104717
20603
71578
1935
98
224
3
55
30910
36646
23964
209
136
39376
141340
167
266
19186
309
143403
51934
203
45607
178
218
45
308
50
2627
9854
34
1778
173
4
208
77695
136
110461
21215
21
6
118287
50
43603
2339
109494
71207
2905
252
263
161
60
5
136304
321
94
95139
158
142
1186
209
65566
8007
40225
220
319
120171
10986
37882
15491
216
9447
73928
42383
63928
72135
177
50
116
62575
10193
8111
34880
3
24
19466
32498
107
24
5
220
195
19590
141350
183272
20684
19273
201
67
143
66804
40041
312
41
224022
121923
60
187
5794
307
92670
5554
4797
43627
41697
100834
171
164
26059
269
128364
56348
205
62611
7031
287
54615
50294
10613
14628
76
56
14133
142357
60362
154238
15
166339
6922
249
34795
168
4115
157
118
1383
39
157
58969
38071
36409
29
3255
97
70822
5827
229
122
38
25506
21340
3133
45963
126
130680
217
219
199
52276
4903
59652
180
128987
41260
160623
29460
122
272
38598
36806
68
19330
38283
55
156
198647
115609
29688
5206
117577
97
108768
32
17
33557
337
216
156
10
231
11944
65843
75167
1936
285
44931
21750
59
19386
10507
200
143343
203
262
190062
195
6321
2986
189
18933
254
134
81
169825
34594
238
266
18227
88162
125
62483
53228
82656
168224
105971
32133
201
80
59463
53832
293
93
142986
34
1
217
149730
131
15534
39882
32
37
188564
77044
1782
219
209
31576
110
121801
3660
19065
76525
205247
166
118696
18906
130
126
233
199
188
288
273
8345
91555
81
109337
200273
164
5587
44165
292
107425
101577
914
86885
46503
62
177
41
82
15
37041
145
170
48580
161
44138
104811
8232
28294
226
296
23555
201
213
1878
157035
108
51
56
63638
190
39280
103387
769
107415
49754
128
8
33
118
223
89
90147
73288
3
258
94
22369
24927
3919
43716
189955
65
40
62270
14924
258
26005
4750
229
108
131
136
3
7923
275
179405
9493
4212
67
77922
156272
63
27209
59114
90
238
125
20
1765
190549
132
58432
134
52
231
171
21531
15453
140684
227
207
111
189
223
138639
179
188997
15144
40
53
232
58
253
156408
45864
1990
34
1207
140
207
331
91208
33572
150
38882
20
182
291
26590
22598
70715
6791
24082
88
320
52855
38
25096
295
70
1
15720
7036
41562
31248
238
82
8
1
83687
136092
58091
39
48
26763
105547
190
140
78219
72768
30
54401
31584
1923
37334
112
69444
817
46535
44237
239
97290
202
238
34581
99
255
6
498
195911
222
1243
5307
85
244
235
19583
41556
1684
151
61525
83351
123
1080
70796
62
75
12509
28875
26
12
61147
9609
224
48965
118
155
2171
29994
11
203
133
37455
52
298
305
120
56901
42454
168
46896
296
30069
96
117740
98
8588
61184
202585
127256
186120
111746
226
73260
8800
104
118515
85
185338
21006
50488
223
54384
123
100
166
187
78464
34467
5845
214
73
20071
269
29521
345
188442
54
57736
1
87349
201
233
23208
166
37
3259
62504
200925
66199
4
81241
75796
184
112
163
104774
117036
41
244
170
28776
231
19
87386
137665
21322
2722
11
176425
131061
262
209
41432
61
3329
45588
27
150067
278
391
50203
18803
90
25663
8100
52204
150420
259
91472
31953
76013
223
66
177166
141
15
220
11329
41775
165
87919
243
9740
117759
201
295
85344
12338
95102
47688
96
50
114144
120841
100285
33957
32459
17346
72924
202
161054
6654
54552
158882
129754
27491
159
75
5762
52
46907
41
227
105
151
8000
3865
114271
100
229
195531
15266
13
12126
81796
142
261
56759
45
103
4673
40
42743
15416
271
26060
213369
223498
233
111438
92665
286
85196
240
188439
203711
70691
39
115
121
356
55015
120
63686
173
23985
351
102371
47641
93191
271
150
119
149
77
294
65
112078
319
93827
280
82033
181339
207
56845
163
227
10941
32
295
81722
1305
1586
243
26734
70
8261
188
75
181
48301
171667
232
32340
93
136554
23310
63
57629
152
20
177573
139
22
125396
18307
120
89
157406
85364
41268
58692
3945
301
40615
11015
183
57737
165516
14446
146511
122923
90467
200
1440
931
266
57
129
151
44
191899
17911
36913
273
69980
72178
128311
245
134
115924
250
123713
53706
200
166
138
195
12367
178
63800
66418
201
117746
282
137920
53
10108
110
82
20262
116
6549
171
84697
265
326
16863
337
272
287
25766
122471
48
306
264
194
263
63569
44692
70375
27464
114756
671
8
10018
81796
22
230
32
113
93504
3048
206
16579
167
51808
156
20493
42
16217
268
68901
108
61845
214
4025
329
116
111709
158121
22386
232
168
237
3226
94556
115
220
137996
232525
152802
50627
22526
4958
4984
138912
149
174
19494
86702
5822
20205
46042
117
13
201
25886
111
128
1171
258
3907
28733
56
9524
96775
263
236
8242
3683
22801
99
261
101641
214
269
10
82386
218
144
8622
5
289
126157
28300
12219
119
96976
110
117155
10431
246
138928
36
5395
170516
116
319
154504
30793
10323
23
23916
48466
156
22334
160744
66471
47829
6802
60
17682
58579
25709
1171
9
248
191
180
52146
161628
151
133
17218
88
1
95
6184
6894
8655
27000
83
221
82
85
157
116076
214503
16184
15317
236
164304
105
39624
24342
157
212
25317
182
23
18414
93040
265
2185
139964
249
31150
151
60126
144929
230
79026
87179
80
192
121
66100
26063
99
73996
98
286
18435
6815
93812
232
223
50705
844
140
101065
83097
227
62935
4360
80
117263
140
38
182
148
32442
124693
41206
1
22
5
21736
20791
1146
89
41495
81887
20248
12414
40
27226
110
186
32653
155
131
654
66
35412
359
73879
7
179286
53260
754
27135
93
347
10442
18443
137570
123323
20768
350
254
251
13301
30
97242
55790
90
172876
202
22
4390
197599
198
756
198
80
142
10730
68209
19
87447
44240
99503
173711
110363
76367
58
297
119136
30
19968
46
70731
20
228
4
1268
225
264
14763
183
256
213
77441
135
209
190
65694
97759
321
14667
171179
139
26421
44
2838
58161
113992
106787
8559
253
36
30422
243
1
77420
56
19
75649
55939
1980
88543
259
51
236
41203
31003
18106
82199
180901
204483
17364
85802
13704
53738
201
158
14266
20167
23700
21905
65974
38119
241
186792
223194
311
58
42
4746
78938
296
652
98796
69
45
19643
138
228
148
17534
226
236
134
45
65
36245
52453
154
140
95
214
185578
13296
302
72
22669
26
213
43
159
203
6607
4150
183781
86740
12145
126
216
179679
34
49
52708
236
122271
360
169
27236
71247
119364
26757
128377
23782
19763
264
4446
254
21682
64
37225
159
26717
20028
15530
251
169398
23237
123682
240
20138
31899
525
41697
215
208
203
296
1759
7674
159822
183
110
1232
30657
309
125
9176
135
124
208
78
19
66076
39
126428
48349
34502
170
241
144
37
233
35
286
11103
34182
259
190
63293
275
143492
421
19598
104087
218
6
62
115
70236
145
127
31
1
111
217
246
5
105
328
36567
324
222
20138
97
310
62850
5033
127048
167
10266
337
63497
27538
119413
27043
87337
2430
105271
188
10401
90160
195
123
11722
52
14781
19572
52
29103
281
173730
139
220
197
72200
183516
4543
6397
8946
30566
51407
44634
250
31148
51157
55664
45999
146193
37631
342
14413
41169
32926
164773
25228
129882
54599
264
75757
313
5996
273
67
8746
13138
95
86
32
19976
25
56
166
20432
186398
85066
228
209
163
88
294
116
86
21736
55
258
84
285
170332
30
228118
28
28934
128801
9768
156336
1
134717
275
222
56
21015
20162
85750
99812
13
55917
19802
29228
189
88639
378
203
154
43985
245
4787
138203
57234
28
74308
22702
79578
61
93359
188885
45753
3852
118
198
21150
27763
118
15399
32144
51806
116
169
138
15702
10965
47047
259
170
193099
238
50759
62170
140
40895
57573
166958
86513
147105
38522
164
243
127453
177147
28890
23169
1
61352
45025
306
310
59
1701
18573
55
24123
6
18813
184
307
185
183
284
146
24
279
79420
65106
8671
290
234
113
20318
902
17197
5029
1
110
110564
21565
7454
135207
41422
15950
19768
319
162634
123
127
248
4
4603
268
138798
194
107991
3572
170
239
11158
86
10133
80072
70796
6730
1636
29162
23
250
96610
387
36169
33510
64680
85090
178173
60
180257
323
201
115
18458
31148
50112
24
24590
71490
12072
202
19935
111141
249
156017
23
154068
1420
16093
179187
54463
144
129
91
63976
117
115
155653
22105
151
23038
327
104
35985
52569
266
149
135381
198
178
130
82553
134533
243
177
99
263
148
13
94435
68290
41
138755
241
3544
74399
64798
203
9572
160613
22543
212
132
162
118516
93131
56
13638
143
70052
11756
283
99
181
59
161
206
38738
222
204445
35246
204
20
13988
205
238
688
193
40558
46163
29656
228
127
12607
120241
251
54
42
53590
67326
32
70370
30149
116599
2614
30
792
88
159123
42
78243
94
130
13376
9402
40513
28575
106
74
191
76427
210523
85
329
286
48
15
63261
22583
179
67
23103
148
60
134375
199
178549
280
21377
192
50356
129228
229
201
30199
78
26242
144
48286
5231
12893
30144
19
25
3938
223
85720
134175
3914
213
10
131295
94903
146971
182
30203
58619
68464
52343
17727
120
139
108
50
158413
32059
49384
39355
20565
102
107766
56
190
62
47116
228
99565
55500
298
225
151
8980
268
39
8787
126329
8
159
15602
168
289
239
65270
16555
184
114954
3
130
90318
1138
14488
174666
49462
229
304
236
237
9493
159625
256
153501
192
137192
53130
242
98134
84
263
36299
114
61111
18104
91818
27951
281
87692
37296
178
45
87942
134565
14
81738
25261
158381
72534
133347
380
130863
16474
3026
81857
21
45061
116
81390
2468
228
150
57
114
44715
1
371
30706
24601
30135
41476
167322
24
16
33320
12916
130714
62938
92
1760
30988
27
206
113862
173
2
96
49391
173
230
144
15
130
240
19059
125
120
14806
73474
62728
58038
44948
43
3976
26083
87
195
146
17570
11298
51207
185
123
38077
2714
63
89919
47393
17764
12646
99424
135703
139
116332
5985
96
111
113
149
4
5202
164
285
129803
338
54
31
74821
5407
102665
135
808
19233
137
27222
40167
76801
70726
203
15407
61880
18464
49308
42453
147
343
52207
96950
63
219
17483
10867
161
9
100718
293
77
6622
173187
222
59798
4672
9531
82
6
1438
19023
137901
4894
49
31337
136
86917
6547
67806
142
166
77780
155
301
197
57397
57122
145841
12539
76401
6991
23334
2908
258
46
119928
208
9836
432
46489
2
28
230
70966
4175
11169
279
15418
222
44
29775
13371
20
123604
27977
31699
25825
10566
43484
120154
195
450
14462
31192
187
155680
52
35
43
6685
16173
205
45319
49184
195750
127
173538
48991
14661
158
172
63314
84
87
70420
29983
60395
191650
117363
182
26262
35629
254
11055
143
30477
11595
4456
65
143836
171
3825
51149
28
238
83
71
62
107
6
100
174
61270
65946
116653
58250
4890
63079
13583
31
39714
44813
3
78937
8682
370
313
273
199
82897
90
141
115
139
7645
7537
45636
10741
26
134
69904
181547
85847
6
286
177642
130
179821
118178
86847
256
18
114651
38678
175
9874
233
22
45979
24329
53315
53386
38142
11082
39583
111701
55
144
169370
35460
114
41574
17
165458
52900
50542
246
94
8518
199989
56
113924
4
84
46845
400
78
33792
271
8
9618
33740
88587
38537
67334
120
149
47
9264
115091
78
76
101
1954
262
7
73679
128
297
105
47746
216
2726
81137
82
59
107
120620
11231
10040
2498
11606
22
86024
62337
98408
16
7910
22477
8
269
37436
54
13886
1602
26
46890
101235
100056
253
212561
245
60153
179
194
35455
1
84
105373
124
12
50228
283
171544
133
136589
157
79421
104
6839
39615
1263
21485
265
122446
99
36971
67
29963
82
180048
27855
78
9284
45909
6921
109
86
38
62382
217
30389
110
50153
78867
231
5
62
6028
11
27854
5557
133533
51194
223
8114
134603
82
193
210
86603
77752
9834
50783
121967
50997
18025
35
60
148
3457
167
6943
1246
68577
11
12374
1794
14105
136
21845
6163
119
124416
101424
225
101
160479
69
344
198
272
268
10129
167
28929
32480
4044
100
15288
24858
152921
35
40657
5545
76
35563
80912
251
59254
102754
10
305
43403
151
156
3822
282
94
92
15043
165609
94585
114
3
6
190
3
231
118
44309
84231
14
247
14405
309
135023
1629
53
101
20588
480
156
87
310
11
179
80133
99958
245
196
247
262
247
9994
45318
143
41
268
126024
325
118
97
77902
123509
9124
12377
11726
7846
222
105
67
62
13923
140213
41713
220
671
133898
6299
612
93
176
27
138356
23
74617
157
165
294
246
207406
234
66
253
144
97148
68214
154884
16581
207
124469
67226
28359
47993
136
110
250
132
211
112
239
46585
147
67
251
50
194832
3565
19432
263
195
345
17206
300
38
364
24366
30
118
19639
247
36393
131
343
140
52988
85939
90913
313
317
51388
78
104969
62828
116652
324
3
3235
244
126
47698
146
1480
5778
275
32740
158347
25
26028
92327
26
26
159021
49536
197
1828
19
208
136
3277
66337
124801
1854
347
386
190
109666
182
255
109026
74
3915
37
198
51
57725
144447
195
38759
17519
118412
247
228
14817
7976
20130
107
115
38173
100042
59
54993
5120
25439
33509
256
20538
74
53077
11703
11516
37586
41
155
215
27590
188678
42
260
36175
31
251
7690
29304
101381
88274
50830
342
27597
10
58
124
120
270
272
26360
71
7579
1733
342
185335
75907
10
56289
58672
119
99568
7565
178
45702
23210
79745
97
5064
1
180
47
50700
106124
565
17180
215
181
210
69544
149
304
25078
22740
79122
49
68204
173
128
99794
117396
13745
313
73216
8520
47361
747
54
9945
93764
69984
11118
307
34
64
68950
61071
26414
3
150
45
104808
110
112
771
355
249
48094
76367
4849
247
224
9568
2280
245
45185
8034
33375
41
117
30
1891
30663
253
144144
64
104
235
96183
94303
28233
122
118
2595
231
166041
39359
23474
163142
101871
220
35356
48374
27
15971
106
83
48
147807
92684
228
80859
1
1953
167916
75413
84232
1445
68164
3
167018
62361
36
128758
218
26517
128026
27539
236
281
273
154
20
1512
155039
122
233
336
22530
185
20842
174
191
16904
157
107
21746
42894
25120
37
91299
223
203
265
253
8888
136010
192
78
11565
29100
108
40
106219
52
68740
83016
24848
47876
124
188
203
198
255
39873
113704
181718
76
86588
50652
153
3518
104779
77852
78
96050
60241
49
106
123693
50447
249
199
259
79058
38804
200
6945
36681
9232
44200
97109
106549
130477
77
112
172
105414
246
9445
111
46286
52413
5144
156
97
10758
173
140
21651
78184
206
100
247
24
88
88
32353
292
83233
161
109
181
198
48
51
165
2926
33097
6437
26
6438
174
1579
166
125425
21038
147
6
270
13937
30237
82
151
104
52069
107750
279
142
29623
78
70854
694
99
219
1460
64154
13842
277
112852
148
32492
88
247
10
93145
70
46117
2792
220
220
184
30336
175
70137
1144
50317
230
209
61309
94
77698
29
23732
5468
10589
263
294
73
4028
117794
89174
314
38884
177
174
221346
247
48880
115
199
84562
104
318
159
35008
164605
62372
140779
77157
160
116030
53591
36569
71458
70174
273
61710
163341
68
63
90
291
42
162
214455
140
44287
48
25
94100
92405
35547
110855
112
210
77222
65768
124203
151409
236
63
39
197
61405
140903
79162
49
12897
95317
93283
94324
182059
96
41649
133772
12312
234
169939
45954
4687
201
73629
30
269
227
8281
8459
138007
9147
21758
1833
275
44782
37176
289
89491
207
262
157
16
103899
7459
107277
18616
99086
83132
8753
120915
72693
224967
8617
113608
184709
192965
245
173
206
255
330
53957
117926
174612
124
49984
4920
124
45605
270
40
46
348
130408
134996
11571
64600
31433
30148
204
123083
175818
97915
130
6
1168
153349
91192
1
197
60
32675
43440
20214
41656
264
196
145
214
18919
153565
134452
235
9993
108
2011
77934
4073
49
99500
65939
78
132407
4385
17
163
98608
72026
237
140
225
298
109
211
22451
9344
38121
65318
65
63722
82
198
160996
108
43724
232
56807
26178
50498
55999
265
318
175646
21336
79226
558
83420
130777
10095
251
19953
32440
186
19040
101924
21306
164562
21658
3
89229
76720
291
27712
42933
22924
86
3788
52932
166024
539
9
9332
13475
69543
175996
111
88
102
57
10985
47278
30524
2587
160
84497
32757
10203
145
406
49411
217
18947
102191
211
272
84015
623
112
40
134
238
56854
80
104
78
8279
37
124900
13
25250
256
136
55044
293
38259
83
192
10395
6604
82154
40168
123
13965
126
146596
38
10
7181
43328
58
141
57196
67212
133832
39646
77683
246
29
43950
221
30
124
231
98859
222
165
128838
167
547
187
302
79829
151
2
151383
88
47
28330
42
29
15
20385
219
4494
108
100834
16609
308
135
243
3589
110
264
232
73617
52764
55070
36875
90603
9
37384
263
46
30
111513
267
79969
74290
40304
49
221
99024
13
125
61840
241
180518
133
34742
53852
211
66
240
95
38808
106390
121
250
15642
7738
100384
49717
38146
21805
204
129
136
51
51261
62
70544
129
99
62621
277
112
9009
73467
130318
94537
178771
80357
163
23171
27247
29
30845
180
157
120
299
247
7450
114
158
23387
185
176
53
71142
236
116649
124965
88
56007
146453
129
199
22853
119832
174
77957
174
30050
2182
234
34
65338
54
29580
3207
33327
54
10107
9945
396
22243
964
209695
187
80623
1175
182456
6781
42428
15863
242
120
69
18374
22287
195
138075
204
26158
63642
104
19
151022
86624
104990
181
36701
88
242
47
21945
252
201
93
31072
5813
280
187498
124
183
9808
147
220
2852
216020
44
42767
147
179
70
69583
97
1731
9727
107
10552
159
359
263
29
74615
216
120336
197
228
275
173
14343
127
9
29059
121
166
151551
238
9
160586
217
17200
62671
175919
262
109524
39933
36
1051
30152
87997
3405
501
74
104
25
6519
23945
5770
158
55
7589
312
81988
1
119969
123490
3
194
41300
60817
102
34
334
191
88146
39395
78
79
26
167814
163
25985
4207
249
215393
188
219
56
115054
166
103916
107
78
5200
85904
8
2739
331
150315
14210
84
147679
8782
143786
90912
187
2084
39864
41
99534
106
200172
56
133491
54604
112495
180
123813
2598
42172
114
210
37
115
60575
195
60
154
51714
153
235
174
138
253
99362
103291
210
133096
37812
145
347
105734
112
112694
144
178327
241
165
1710
9898
1083
12100
127986
12594
126
149
28
19792
175265
169224
30067
9167
213
60969
19
52676
130
179703
207
18
99
6948
12
428
33002
15956
34729
295
940
36
2737
304
67873
157
155
16554
3637
60932
62563
112984
130501
328
101940
69
149
29108
94
187
11947
21401
4912
233
21837
133293
45529
88
189809
39976
31
31920
297
227
158
78648
127
241
12912
53
124
31
117668
62682
1
249
9
117946
66384
230
50
29725
177
44943
281
80530
65
125854
103744
20123
107431
173
81793
5287
81
6604
55
8844
106
350
134362
70774
175849
4144
53619
207
76
209
156371
255
164684
160
12284
223
330
65000
37162
34897
156314
165244
111
124276
255
14
2380
16
125
172
189489
8771
291
189
127884
333
67757
284
28550
129
11159
171
111369
151
29897
106439
46483
102
36499
83
23218
12765
39880
73094
48755
18
348
157819
47
102700
110
280
2206
156
103
3637
105
23
66041
21
19350
6613
657
139
30588
257
10820
254
240
275
148721
59
253
35751
26986
233
3406
94116
97
48570
120
262
97149
20657
123
2357
32829
9505
12
177
14097
106475
55
30923
1
111194
6708
196073
80759
49922
173
193463
231
154
183
79034
176179
2354
602
6
53974
42357
176
91182
41616
38
44
77
10963
270
76
69403
97401
6
114130
54
15828
45583
4524
253
19338
134
194
227
64
228
128722
66
225
151
143
38559
4613
45
57876
243
255
5804
98
90421
47634
255
80
16885
246
23314
10970
21558
287
186
111670
98
4823
197651
27990
20120
275
165157
285
42979
156794
4905
69982
294
137
22431
193
54479
90746
15844
37819
540
31
20
225
10000
64
277
27280
250
34526
86
66475
59709
56
111
209
172
52586
5323
3
136
56
183
254
1004
187216
84078
51329
156785
184566
61093
105
64781
5111
147484
158
66676
265
233
48058
61272
100834
1
58
235
137603
186
182
6219
119
90
172
109
61876
32904
63917
70
112
30536
46
257
28
116
83
244
79
118
104
134334
123357
10734
57
114727
30416
28551
11
123091
175
58210
30
77864
158
187
78706
107
256
17099
76439
160271
15292
119580
288
366
32981
145
68720
41
263
177372
107545
157045
78082
264
52
21640
12366
18578
142
98800
43
136
75
210
203
3267
107155
10439
83
13236
7443
37900
259
10536
61368
10
246
61
110991
339
3
196
87979
219
5349
67823
16
30
11
159
21179
12
53745
17840
100
220
26288
48231
59
117962
71
294
141635
93
26551
7243
122133
28
94
110643
44226
15801
295
39365
26217
130
103260
15261
32349
12067
229
4552
258
54677
167
33
104
101575
42684
65264
23250
24579
162
164591
36
85
71562
76051
205337
32726
76126
191
341
8640
56
150670
46916
141
255
183
2285
1075
116
4074
130060
136
28910
17502
266
203
115
314
71287
4636
54
78
244
145
88516
130704
139
48181
186
2982
136
16382
6
230
132
90611
96190
8880
41901
18
194
3922
107449
3417
213
165
172
136
52492
53113
5725
27201
183
29
246
96
32
254
224
42469
134675
88
173470
9177
62
279
114
159
27862
92
25857
20000
186
58852
61985
26
117
17224
12
210
234
117442
131741
77
288
111182
8220
10193
29
24178
60089
157515
113550
224
56
121
29149
196923
35
87718
242
16744
79
43
135
151
62741
121057
32632
123
8
35
31109
37324
7908
21133
288
60369
16076
65079
322
27451
16
28974
260
154
29087
236
24420
28
5110
3714
113271
103278
205
23163
3749
336
80
263
133
64926
129270
107164
57580
224
5772
11
180
138
36
101126
57
285
27838
291
251
112497
19692
141
104
202
80362
117466
4416
154350
50
11333
239
136
264
397
88
17798
108
51210
6
198
32921
33091
82689
29727
29428
90
13071
156233
34638
70
155
4722
217405
11
124690
87955
181
4730
168875
354
98
313
231
139296
47350
16101
65540
26
100874
192202
92370
129973
338
59
127
125583
13936
161
288
14864
6999
4212
45
185875
23199
64
4341
87
885
6033
73
129
141988
177818
69340
88
50
5880
120
199352
58492
5161
310
368
217
6453
3425
264
156
320
243
278
40106
187
1312
45339
178952
13178
10098
240
70
13517
164
62
180
120
43
214
55462
347
4278
180232
304
58
15
245
37
1056
53
14
184
38003
80416
113
18452
186
170
10
74987
38
36123
28
115
187
1
192624
11352
832
44404
44328
13184
192198
161
77179
102
7942
111
7734
163015
227
64106
5846
124
263
204
19243
25436
54
130
24085
31382
219
15800
163
64998
46284
105
80751
60150
26
53
252
78429
150
53943
168
118504
79032
293
31
6741
44201
92630
89461
146543
213
110763
171
14460
316
245
47
339
267
25
3
104
4646
1
32554
18687
36857
20698
30381
54
259
212
52648
53541
172061
8456
34433
116
145633
88261
223
239
104276
79907
19
3
28734
3414
30806
25574
207
43384
294
31499
158802
85412
12844
274
140017
83
71
29995
83
69457
30265
232
188416
90264
124
525
158
33304
136786
252
7429
60327
105645
298
7947
50243
21167
238
180
216627
229
65
113157
100466
5
106936
98
11779
32603
154
198
9042
66
146298
172714
44351
40
71461
43
315
301
81
453
34802
53683
22727
204
32730
125604
1345
93313
105
54
95
139455
163
190
94596
68
45
127067
254
97
21087
56521
36
8981
20343
52
179
84071
58
2978
48438
23695
27059
59
82693
192533
35
189
285
10416
24681
153
86426
194
4743
168284
288
93
5721
8874
201426
4
40110
14862
17746
13139
180087
85174
68427
164
18517
3838
24166
1937
19
63
70538
27037
21238
49064
106
287
139812
283
10
12936
232
36
17801
212
114
46470
87177
283
86255
131068
123466
20
98163
181
189
41683
129643
166
169
151994
158769
28
390
92
1583
105
7
47
179395
121298
1027
9952
2
118
6615
73812
139
74
183178
68967
67
661
54
228
101279
148794
58602
32839
150829
38790
180
113323
22266
33346
40198
114372
77
216
110
42
13
15123
158894
128
53357
21093
267
42391
176672
245
46681
20067
316
180437
31546
81
80838
206748
128
101
100
105
9293
55033
63471
5859
102463
212
3452
160550
41696
1
17246
67895
14792
133
130297
202
10
47520
7833
152166
100
248
41
18058
70073
13305
72566
109304
18442
164
112526
55
88862
32
51298
35021
29164
272
116513
145494
1959
187
74
55636
83
48312
101962
163
159021
189
12803
1952
14611
48393
63615
77
11317
30454
8277
115
87432
114450
75
1224
45
59854
54349
19734
151
50
103993
108
25633
255
16
77308
159409
28392
93398
150
175
101
5237
106
41312
3790
358
62692
147442
7
14540
79
193
99354
221
190379
125098
79
166
39806
22267
173
256
46720
21
5756
78677
216
70515
68
11512
72452
489
28
154693
209
96
98307
73
266
307
94869
11821
319
3810
56706
8322
1825
24388
20
23038
10667
192064
22191
96969
288
7795
21138
518
46996
87379
164014
226
257
126
125
38814
12
198021
105062
165
122394
95484
10
115351
4146
330
187
12328
78865
48906
18998
62586
32
33
149448
141273
101
1
19220
6
262
130
107
240
75
256
14
46622
162
36
218
182
143
12312
307
146
176
12838
380
176573
34096
224
85959
19107
138307
34090
88380
6422
157
186
163
118480
148
54874
158115
93555
314
14318
3698
232
136693
50213
183
101
24
62259
2848
107326
101422
68646
55
12846
50
179
288
59306
245
148
33187
8424
106792
29125
70468
96163
43
146
181341
37
41277
40648
173
192750
242
213396
6
61
10945
2681
224661
63761
237
22456
145
106
45096
5695
37249
11492
108084
314
48742
37689
127166
71734
157395
157851
172
128
162
58440
140
141
141637
63637
28944
247
40815
73343
249
82
1
218
170581
33475
10
110
91536
27927
179881
10352
919
305
32783
248
133
44679
3151
128624
210541
58005
1168
233
113
72921
39
63947
35343
94703
10
2663
159
61865
48995
40395
86772
118
312
207364
316
27153
58916
38537
174235
110274
17650
177
7429
73862
153
15509
48516
8533
156479
131478
65924
140056
52100
164
7132
31372
86871
33600
5267
31550
92
18191
127
59388
110505
311
39072
46371
2423
20150
209836
43195
213
347
64656
70902
118
85074
62
46768
348
374
13653
218
166
69584
14044
198
232713
72953
125769
242
57246
122961
10
141
24551
215
57566
96
107356
147
152124
28574
24571
10199
114698
161
141
23
176721
11714
104
74811
36402
3726
19186
191
131064
39074
65174
67736
108863
9
20
27113
1552
85
4572
78326
242
245
26
48910
190
256
180074
37056
8580
89
261
7989
213
48
168746
2431
302
218227
18227
70114
63735
2073
49259
150
259
25
48801
84595
5164
242
48
42534
79521
184605
2838
212
197
314
57278
28703
210
43856
146217
117305
146368
113
15
31565
13
103685
7677
280
235
183
26629
25464
201
66
7898
302
171933
74408
23196
91639
68801
280
53267
58488
102993
9130
72922
6436
28949
63
184516
68
82431
11138
235711
52495
116
128
18203
26754
30847
173336
35200
150
213
47167
61182
143
59673
279
296
57
92
215
101911
4841
104365
207178
192
216
344
2655
184406
34890
524
33
169
2728
20
29136
3034
149870
44105
127094
231839
67
5302
54836
323
222
199816
152609
165214
136696
26010
341
20899
59930
3162
150
90324
4340
2074
97
14
257
83170
149
263
6233
6335
1
57081
318
1191
110266
48505
119191
64529
200
135
4119
56
44039
19803
249
57756
16406
212
147
3922
190
236548
138872
205
93274
42050
10772
77164
166
102
1266
126835
33807
190
35939
22334
164373
22018
235
142
97
116
15846
978
87778
6000
238
10
242
92401
224
4387
2906
128
159
129896
79319
161912
217
123
7175
13574
226
88399
37294
50
43678
289
53
45
176454
190
154039
10993
52665
3
45234
108561
38448
273
91574
25633
48561
80440
216
267
67938
219945
126212
38155
461
28069
77294
76
194
155141
5763
54997
44288
267
34548
127921
54041
137981
177
300
3213
116
185
237
59188
29059
82
85
83
95095
298
4582
111224
261
180
168161
63
67
15
97078
119069
43882
263
34
34915
131818
206
38
89162
122
240
86
112957
68551
422
83
39597
73120
193
17094
154
174
22
23416
7
166
105
11870
194
27953
49803
139
159
88
83203
2
153
10574
8598
228
208
24
82561
50595
862
79656
279
313
175374
124
106
5156
278
191
8331
14837
142
129
239
170896
73083
166
19686
98558
316
50
211
48121
4525
88
209
342
31950
67308
52651
39315
20676
56
106429
122871
24
201
15
158
38
21818
112
224
43
82540
64
291
80
111004
35267
214
183
11247
7405
90
138
279
16361
37
264
141511
141219
6
38589
4090
56272
43324
153
194
90236
43
80341
172
103
167
86064
114047
14961
168218
33071
53548
21
149025
50796
211
136520
80
144
76564
1731
33600
206
28078
54
10
37
174
585
501
17279
245
2311
131114
153911
91174
50837
90
319
39251
12469
10819
10389
69874
95
4670
228
4387
42
20562
6
259
63941
103443
25998
39856
91
251
240
16491
95
3
54883
238
19
5
110
48587
280
14
147
44639
640
22561
128254
4
103834
326
190
69626
142
49
61
9926
74193
207
154
295
32524
77837
8854
2754
128571
88027
236
19469
129
152421
96
176
9970
35
179
8
177
53216
261
245
20
113
57947
1295
96617
157
124
94701
62135
8995
12068
1190
30538
79
2327
18793
110500
116
33
81862
7086
99
70854
1
2542
146
66
184
39
117
142
24622
31902
21621
104601
6246
40
3573
2216
204
67895
172659
299
63888
20327
75
39
233
122935
8569
25322
25
205
58100
57992
219
137
85974
214
17710
242
8814
270
40
18
102
105957
172
241
247
15742
101065
137
104280
10490
46091
115
42281
135
305
40991
20661
41
35711
93710
26073
92
143
70
229
129
28
117108
230
10112
67237
154
206
6930
9104
129
73462
177
183
218
141
216
208
2629
10392
189
229
25177
5616
197
115
136972
6
206
1990
62
51
118
31659
55
123
23
87452
89307
143
22
12118
27875
23997
56
8211
12867
125525
52
153212
215
3503
225
162
96088
247
231
41977
77559
24568
106
49871
4379
182
247
142
93
167
96649
24298
25651
164
185326
325
5808
16
5470
5637
105163
86076
48525
148646
81
3
12601
59
97
147533
52526
23715
115
96
224
252
89
45145
22199
30757
280
180
42876
79273
162
70
216
66
111534
136
48117
242
172094
3533
179
199
300
9767
230
182
181
191740
14510
51968
145
17041
69
157
112
229
62886
3
4233
3170
252
119328
50
18445
153
77
45398
36065
2880
194
138120
255
181
73
80531
202
26718
1879
205
140622
247
26691
265
235
55
55435
345
53
176
10
17226
133628
76879
52
119
40
85862
18508
112
482
35850
16018
29
101488
228
125
89890
248
73
2189
217
92
186
5079
95
192
57
185
17883
216
11
168
115
43
98404
239
88555
63634
54040
136087
213162
15
85
155
174
290
38011
275
1
96496
93
8835
32411
32110
20360
78
5464
77020
35126
93151
84368
64
245
243
34684
187
46643
84
60998
397
104
136158
291
2314
27702
87
162
64323
35062
6965
143655
160
263
22608
172003
215
919
77
17164
30815
241
242
249
6920
84875
7043
107581
4627
50
131
66687
33
73786
9352
55198
183798
212
12744
63
176
177265
308
180225
14241
3798
186
28
116302
134276
38295
86
200
6
7251
42
320
151079
9252
8379
76271
52
43313
13871
36282
238
5607
142
87583
68415
266
31385
73848
78
118
11134
68283
19326
154
70
179
48490
3000
87
252
85986
37
72247
59102
73
3700
9683
93415
192
13647
18
45291
220
55
8994
5893
34
151
289
16
59716
35
179
129206
19036
335
71404
22198
71
36042
76
211044
99408
2469
35824
79
295
48386
24550
39509
42
112461
55676
105
57025
15261
50099
125027
6179
375
3663
106680
224
7
70772
61911
345
239
2562
290
50956
833
104
120
32
180642
61459
37583
249
229512
24701
91
16396
195
148982
200
324
2570
1529
242
163
14394
57000
234
146232
182
75
23
1776
66942
264
327
23
153
127
1909
94235
200
270
201323
73868
26
1036
227
48
11085
6
8025
46918
93523
150750
135
265
55
186
37911
181
22201
1187
190
20143
278
239
104
24509
45
2213
34145
271
15482
302
21349
221667
56
132
50155
15959
1314
34413
51105
15925
4993
28652
31031
44170
135561
11740
57
49
126759
12050
353
122424
48
106535
76515
115093
107039
105877
34
40880
28465
92
153737
13883
2255
57716
4210
89
21261
146948
234
75
17
182
128
57
2936
34666
280
166
29895
9611
212
7455
13441
308
167
169984
65775
109151
6013
81
94113
43753
17052
63
181
76
25380
89003
247
214
156
9238
37791
18432
177277
96
2489
32
153
27046
218
3878
66808
53
11354
11
14433
198
156
30602
195870
58315
2374
195
2118
164
202
70
166819
136663
29688
11942
14483
87008
207
10925
82660
88722
83
11696
22871
108101
71
152152
160412
13754
117
46125
11
81
311
48
89065
60232
215
229
257
98
165
16801
162
46604
76272
208
151039
17966
131047
116
67390
9453
423
103278
2922
2685
323
63193
42089
113903
88306
162426
1706
63019
164544
268
113967
158146
66108
376
216
58438
2603
77179
56985
232367
32
162581
3327
123951
96
200
14
18
111
85210
14
56881
2340
38
12508
264
46679
19069
45566
3300
20743
97070
142
103928
114
6
276
29382
93
81
25677
16164
42678
25347
166673
149866
14892
76105
198
46707
51152
104
236
121
11076
63820
121
59
116
161
13
973
132971
219
63279
14243
10282
81525
148001
47744
25199
61887
209
229
25
60260
247
1455
13
3135
13
2547
3240
86892
224
107
295
215
14527
134
82
100663
42
178382
211
67236
168
71592
202
180
89611
64272
292
68661
266
1502
4793
205223
175187
129949
22
125918
53394
240
14971
16583
10988
55
24303
72
94229
6047
164327
23573
131648
491
30877
19
84919
98
2762
119635
17872
110
272
133713
14916
107577
73
284
40624
30
47
211
15771
2738
3879
14
78
74924
201
110149
156
124387
23619
159
240
72
15860
250
1489
23
157
2584
73
36
99340
5982
42771
40577
94844
241
91575
141453
75
19111
15325
33740
220
67
129
63812
13
203930
107
172
7708
18
1
120
91817
148
43
370
46900
25734
9487
8556
210
4454
43688
48167
235
2414
172
10830
252
80506
157
91
205
178
208
257
11892
91
173
327
221
167
52326
42
314
118065
10
98453
120
56479
144322
4308
4841
3453
254
30781
32675
138143
331
48
24289
37212
34887
192
261
104
199
88
107797
66376
172
25414
233
76
98
70
115616
27
196
184613
114547
195659
176481
12878
99553
271
32
58151
22
289
29386
52
34
38230
174296
199
173
14449
211532
238
306
91
4884
55
259
171751
184083
4859
122478
298
3827
123
277
253
39
245
139
71
47609
199
3389
8332
37824
108
3
844
101217
15913
28114
7364
59536
112714
5435
101
299
239
180
95212
93531
168341
183
109
51474
27235
217
114702
214
117
3202
148152
84559
195
192298
84221
219088
292
215
226
156
75874
131700
252
310
95145
297
257
56916
1867
109774
176941
152818
108
121
18424
279
147
11
9608
70
45
139
48443
4572
217
233
34343
40976
7728
97
169
107
282
275
131
165269
56943
14160
76
24295
78
60299
144751
93676
161751
6925
188
225
154
234
18369
24182
148
1033
30567
10049
39246
29
125
282
1
223
67733
143
3132
2036
9441
46411
88
26
61922
207
136
14375
116073
181
135
31835
199
18552
326
70
218489
247
364
49424
67688
147350
179
88
51952
80870
98
140646
121412
461
57
36533
217
176662
69942
26315
227
280
244
207998
94201
135
14341
3
188
135643
41711
6689
66
186
241
116795
50663
231
38691
176720
120
33279
74636
16610
48
131
93091
22
132512
199
186
217
149504
93
59753
7658
31
26269
142064
64408
117
103736
1477
256
73963
250
51
59843
15
190
61
36
20
14216
18589
14523
73
11858
75822
5226
32
279
202827
55
68
17229
3
95957
156
103916
92
109152
12
33503
6296
267
45891
204402
103
147
123
42
37855
125608
264
64768
11296
256
29747
136
218593
75795
23116
29885
36
128
112255
148672
287
36232
92
129
67706
309
77175
23
65
120527
32948
7
28
132
103
66
117
13
11414
22269
73587
115671
207
2769
49856
283
41424
109
107149
137
158
172
193
269
28604
32751
137770
93
21877
25954
74719
7150
11682
52933
59333
314
116
246
134637
57
149
4834
146
117
15
7661
124
134673
125367
172416
113411
211539
18221
12579
71448
78664
108
48970
41899
268
268
26121
73
190
4
31901
1
243
215
77
42
54249
13191
278
16994
30570
81486
46846
41128
15
206
846
21183
1426
31130
15698
155565
174
141
208
59468
5460
145
278
204
72
420
4794
11
32527
61
121
95477
154089
126
3024
15244
32591
149964
47
196518
78363
63399
31094
110749
118
113
2236
38700
59521
191
79096
6912
143
2634
38672
127848
120923
1504
137
13191
174
82181
270
10054
166
63580
137
134
1
19914
143
1293
5857
74687
122
109
26
20
104
54154
20
194
139627
227
217
101040
8
35230
15359
215
159
151
146636
81976
22335
27070
67103
131921
198435
99
246
44
1310
50
184
4648
45804
104364
161
45
39802
8028
18189
112
13
22
165
145
118303
11533
5233
37431
34277
96096
92799
217855
200
100734
314
22184
184
140
146991
88
179272
85
57619
596
71960
230034
69067
9626
208
285
51330
72
11346
28588
229
45075
24
70
3
15588
12706
183
292
3305
81508
147910
285
70726
7083
72434
304
35
221
51
8
27310
110853
14632
13573
25781
98219
70902
17
358
84054
94667
30
106
294
92
111
160
69
73700
157808
20
182478
12213
5
159585
97319
18568
229
60306
38
85
10294
72787
89
25179
52204
31145
15
12142
38162
11780
21908
7812
57801
9946
25904
156
81
3641
17678
22171
10085
61879
12817
15
124461
239
166287
5
21611
128
19547
135
7188
316
12702
8382
303
19834
158861
24283
2179
31772
8767
32255
106696
4984
213
42
35
43553
246
12812
31
23334
254
74125
96226
44397
115698
218
13301
216
20999
172
29345
63
199
21044
135
77
21466
76371
11233
63
26435
21438
1
104158
20
51508
111
83
339
36538
44
128
71531
71
12083
12187
185681
227
125
374
80
11705
141880
37760
115
63752
9
44792
71245
173
43
104693
202
22628
225
75
124448
157444
15282
329
22126
129822
77732
117
64405
314
37
42337
2603
23262
156880
93298
50
4007
147323
94
223
25958
14765
80029
47185
248
22814
69
195
138
123
9
167686
190304
202
32038
205982
337
250
1
228
31781
9512
191
34
3997
252
31664
107
133
91695
52360
74328
278
22732
55367
148633
163
84971
45046
54538
16450
202
47003
4297
110331
131266
49599
155733
285
152
27433
175
40077
42310
25798
2443
19
129586
119061
64634
131127
5
242
26
71
3
153146
59
47215
1926
12
56067
28686
56
51017
36498
16
59575
114
122
197
97
9
205
204
15
35583
38688
73217
96602
81810
26976
115
37990
225
83
96
6937
11
74817
63
12152
124176
100113
30379
114
80174
1
24959
52
212
191
34478
153
22538
21330
32573
26
93
3055
31368
129323
22437
215060
175197
102010
28311
210
17784
34504
16
20799
43828
9939
143829
33
262
106011
71722
108
33
2988
62
106763
173
77812
175
89179
88
20
97
7510
129
107
52499
26
170
231
2337
267
159352
153
163030
52101
16398
57
56
252
69567
2479
83
276
113
312
2977
100
12896
261
44268
4824
7138
11357
145
136143
186
13527
123250
102163
129006
99
32
25951
104302
113
21657
2887
87
15630
11753
106
11
194578
74996
63937
42630
270
123058
112
89
171457
156
7526
6128
3441
9586
197
326
49142
311
37522
45408
5666
126627
68445
48481
321
21441
72708
58896
116
138
315
156
98
300
124090
130
39107
278
31
138291
66517
202
139982
125084
56546
52558
77
72202
71
19598
11
131
9854
96
117
25188
190
31293
246
158791
34541
9
348
9926
81
183
73853
88
27647
310
196
272
60893
175
2020
46637
81
18376
5160
33802
785
287
7846
79
92858
22557
6105
93468
141
80293
43588
4845
24313
143
27389
32903
27229
218
128512
24167
15741
135
270
56007
877
48009
34230
194
32
268
221
69254
177
2737
205
2894
56584
152
157
73096
220
112740
184021
208
69006
14594
20907
106600
141218
15464
237
35346
109127
48871
125147
131539
9042
3
57411
70
71854
91605
36345
497
274
61830
64
6
57422
76214
72748
72
42
204
131553
194
2956
281
41
52
25225
129
21
131
75143
282
44848
52417
313
149137
8877
1
162
20195
132
14809
58149
19
7
45717
178
61312
7558
113581
34
33165
43393
65
64
41424
155071
2709
93238
57416
283
4775
80733
68
1163
61548
30185
212
246
30333
44200
240
7
141
61480
80906
101
238
16
211
66568
202202
54359
269
92993
44009
267
204
2247
61
52237
119478
156
36875
59
108
27422
115
49
1888
191
35
55717
3
68335
249
24940
105
8321
105
14733
85
247
6499
179671
121
104107
105
8524
244
11
16873
236
237
51166
7464
5024
38528
6
29463
2563
231
79
240
203
207
173
71906
3
166687
38692
51
28861
16418
283
58
239
7584
217
137996
155274
64199
18
190
43
36704
45777
73434
102
5377
12148
16332
2674
177863
97785
2337
298
106796
144291
16101
227
135527
91655
8895
254
203726
270
48315
251
20
139
37399
241
79070
191
5724
153
35824
26341
131110
107432
165464
21494
152
63874
8605
122276
65994
169401
92335
141
31464
72996
17003
317
2802
141335
292
211
205876
183910
56343
175691
203222
33
147085
91361
58211
70
245
192
70
1633
8
128605
53469
38507
54131
98
23548
68
15429
37
126450
94
8155
1516
51
332
218362
50357
19575
151
69
48231
105
93
266
253
214705
97967
12456
5053
50
201
140
152
56
158
44534
24570
35197
179
114
160
84935
181
272
21536
37759
82
171005
92
95148
85499
273
209
131
120553
2195
20658
190331
83
62602
45
157
33
28
213002
158
270
3
8974
26564
126
2834
206
54
12447
129083
324
358
198
259
114
248
8740
3760
18506
14303
13198
59
3278
177
5256
4697
243
229
192393
55550
161
8254
20002
5666
147
719
57871
314
24489
33599
81689
40921
102
58434
8976
2614
112
85465
36453
204
8019
38727
83254
37
40
22601
326
75
201
188
174393
36
194
148563
53394
186
1724
16
265
74354
9
162
138
225
1557
102517
215
3441
1381
101787
142792
194441
99
38046
33752
160416
226
38
182569
207
219
62371
12738
93662
91
133101
78
2498
132
114821
124
17871
111644
12337
24591
94677
8254
96
124073
112692
43810
118
7674
130859
152341
290
190
46249
49
73783
303
284
16768
91
36428
6383
208849
133
169186
295
124832
127
12699
137375
116
227
215
30787
186906
277
2218
10517
11
180253
119
276
413
233
78
40
60517
102291
1958
28
132377
15034
11314
53131
55
343
29
11686
210
191
202
60231
107
75474
145
57068
183
209
69419
295
55
202910
22
221
38
69619
32575
177
53795
28537
103661
113
1
40
331
103293
273
129338
15
115
144841
83377
38928
78527
95206
131
200
21514
39509
128
2240
21769
99
70831
225
39759
92567
944
42
173
108278
138
64623
15358
214018
287
328
279
23813
24059
14881
40
126040
137
196
145
113612
54913
72
151
16390
71081
11779
42102
9308
37879
123
14226
103
49270
23429
53708
77776
13123
130
32
138558
11637
102059
117971
173390
234
30617
261
141298
20179
8
778
105722
80245
6175
1839
150508
54732
13770
136
69469
232
1376
285
204
233
15262
248
30
134
17983
19
60742
86509
18
27942
88
12293
46982
187968
95
16823
280
51
255
182
47173
1559
213
185
18577
19214
141
127326
5596
172
56122
54
160
246
86
169256
101876
5491
12117
62009
30
85281
239
18484
155
32303
17403
164
205
225
78
36399
280
37698
13628
377
216958
18361
208
3453
28602
104
176
44146
146873
217
82760
337
40797
102
133
92
94018
78
185
90
49113
174260
30240
10024
324
6200
241
297
21440
288
224
27
142725
298
42359
192
79342
61
7609
158
89496
155
191
47693
50504
27364
75553
12704
247
270
13254
122
203
296
206
189
97075
86
2529
58
110
79282
19557
353
3
15973
8844
212
9895
16722
117
308
15308
150
214
21676
295
31
10
199325
246
16756
182
67963
213
58451
26294
203
211
42026
24686
73675
230
237
41806
246
96939
151333
137655
11208
122
10
38
57141
194
236
62795
204
84835
155
27451
118959
107887
25964
76823
202
116
58680
42595
45
34195
116
53513
186
154676
138567
176
50
11216
115
140
250
44901
223
124
60336
43282
37
15770
43
81
92697
108597
52
35139
251
193
123
179084
279
199
147812
168233
10543
177152
15
125
87
104
286
100
4760
101738
113
36467
22065
34784
158
175
18
78823
230
23
46519
39742
107
113
54570
12390
70193
6673
71130
194195
19
69300
110
1161
869
31435
182348
91
1662
144
14260
30412
154464
223
28296
234
61490
223
76630
34681
146
277
243
32655
115
69112
9844
9978
39203
57875
360
198848
9626
235
265
4916
754
135155
72
20339
11
49596
305
212
50875
43816
54424
119
9951
80
51880
2055
99651
202
17631
213
297
256
200
59430
20739
4890
4467
75802
76019
58
63
175
82658
797
61849
215
329
92811
110539
55487
7948
13709
171
396
202768
182
9849
195
148
99210
75
31
9917
32406
190
981
251
52484
150
84729
120
46952
140
48092
165
5888
40843
63911
37911
98
76
269
20
78042
58825
98960
180707
133014
293
147761
41090
49225
99
52
40
153693
44293
17120
549
86
156
6909
8806
240
178778
2838
80681
36
10863
1047
275
33612
13
194
180571
26278
39480
65452
87503
1
34754
3
155
348
52
276
135365
71745
11462
27326
74670
55787
230
27
192223
143069
13
183
27
199
105047
95
2105
11412
32
160
65284
130899
89112
56597
125
14931
2023
117
312
38876
126119
20820
28
108452
60239
32782
176
171258
76664
217
222
91524
42054
46342
121
201
231
1
66
226
192
25
161
10134
346
29
89129
88
123960
20323
60
213
44
158041
41299
64544
20135
56508
60622
232
138
211
129625
202
20141
63
171
26
3728
11
60
28
14528
184
14751
188
260
330
3355
15725
46
222
95315
141619
29
202
19172
326
178
25187
260
13959
7853
84
165
118891
148
19941
62
141
39261
27
25007
498
56
218
155
97
119665
57799
70288
122
331
12094
2738
105121
66134
38631
168
96022
7537
120963
262
42099
7821
210819
123
116420
4821
45008
136
200
144297
59
9263
89323
96
36306
10535
58
286
15
34
134
226
7
195199
107
269
82464
181
146
38249
136777
128838
121
242
156665
75
202
26493
191
3621
99047
254
222681
5743
98432
7126
14171
3802
234
222
205
230
8173
118
7
154
57
155821
117409
12368
66123
318
15608
246
15562
128
213227
94550
93
57842
221
721
46
96340
225
20718
47
20771
93911
228
290
307
235
23303
74569
93100
22112
4034
327
214
217
1
195
137
48622
272
23709
10640
22008
53110
157119
287
102251
49103
260
20150
203
245
38839
60005
179146
7674
293
149
106
2497
88477
49
24929
7017
98233
12197
207
59
11743
229
59173
13
370
11440
49
149284
294
29063
15213
87439
128
191
93
170
101396
236
2348
25497
142
246
30524
112989
114446
135
34
23529
35762
12796
109573
134
169
37433
40980
14134
48205
88244
71
28
187
236
2850
65279
146
315
81996
81050
140340
1212
65
8627
7753
95067
86
130599
57
148
24206
4281
155
46246
48359
105
185
2600
66617
31156
4973
210933
95712
104030
131489
68246
11978
35
126
202
309
89
29766
47664
6
7818
150844
219
208
26740
125
10828
3
326
94152
33189
66645
11791
46861
115969
195149
74
154516
85550
74178
63944
237
206
70
262
500
204
93679
154180
163130
118
107950
70523
15
194
248
313
281
78759
135
75004
64994
12654
1400
82209
14977
184
96
82
109
57
210
42285
56
170269
222
4355
78820
146
46573
25
30099
252
97
19187
68076
186
36337
58872
107
81531
127
122508
11761
11
121
105
93728
12624
35015
114
48102
197
61536
11036
206
53475
214
15
3
192603
115
1170
13143
54
114351
192
35116
190030
1353
81857
129
212
104
86149
53989
79
84
1273
104398
50390
137
159828
120
215
137
153270
2698
30167
136
108022
178
33396
87
66
22729
36
258
172
90886
2291
9949
92
179
8862
85858
83395
103086
224
289
43300
8500
35828
72
81027
1865
281
51478
8
302
25
138293
59452
257
232
2486
169
82
16063
12888
106
215021
198
125638
86569
39219
39055
153
73
167
105422
72106
154
133772
10140
97
239
165528
205
181
197
159
4037
333
139
114
48147
215886
100
168
152665
23
260
125637
69395
158870
7671
86650
16
184
20711
6678
53975
53518
38698
38555
49031
3980
145
29258
244
117
183
45
62
20875
115
79
43166
30118
35
86
371
23748
208777
4211
228
147
17738
59734
57
261
243
364
182
54257
79470
150857
74882
115156
15963
220
53668
27677
50
88691
32966
196
13083
18
282
64004
54119
118251
32083
213
125084
26916
84
195
6505
78906
142827
139341
65070
9
51304
22570
152
49941
233
21
131572
72270
38144
105566
116
200
148522
49
39059
130013
77637
1416
73
46408
10533
48
21
127
32
24968
18
99
126808
66
142734
79137
225
51287
5862
8449
183001
116073
252
189091
25
171327
1940
146
113
6794
12734
7250
247
262
3
74612
147444
125414
116720
85
245
63894
50
37
18429
9808
43442
107293
114
51
25365
120
29433
147984
94
159
109923
1403
200829
221
6
12114
54946
16
211087
36
41243
2792
133
52476
71
35857
20
18088
2571
119362
249
129386
109519
19533
279
174
221
156
86193
302
126
226
309
8
20540
77945
203
260
6
33430
201
6720
95525
92126
187476
3700
14
67030
80
112458
151
287
4873
4488
56
100011
49521
28428
36680
333
85
115302
21865
282
158
70
122
282
3878
149338
136
39938
233
19895
52469
186
47070
3153
197
51941
8692
15
161813
64330
6936
86858
224
153
56091
38925
32
269
17070
14142
2991
29
310
89
258
280
212
45720
51
163196
76788
47956
56181
19
130
38675
15020
44268
73
19023
136
35301
121
98
66682
17062
86102
67770
14045
9792
23028
214
266
26
164
16093
113
184
24296
271
4979
284
28
3007
135
49
14038
20734
45415
113
203243
276
168894
99
154941
153
194491
22276
87826
30407
81
83725
72822
298
14035
74089
181
66548
257
26592
55980
36513
26228
53192
320
210722
84266
161
40266
15
168
29915
14732
118715
24893
50
130556
43
52131
290
56133
174
65062
117698
106
275
15189
208222
156731
93429
5
61058
216
195
16257
40
21517
158
71
120322
31772
145
52971
36723
201
1
191
34310
76516
17
119
132193
22182
20121
8329
134
216
100562
722
289
52285
370
69784
135
112895
35386
127618
97660
345
107
93661
79
55373
108496
206
11
146
136235
26106
41906
182
64964
629
185
62
295
100970
28659
37942
61138
2984
76
97051
244
41920
44086
271
207
56
107
33798
114708
791
126513
240
840
106658
68
34834
121
59
56
180
117
185288
181
391
134
182
89679
141
35
130410
32810
217
8185
232
16551
164387
44
16
137345
174133
21
19088
138408
59418
187
208
129579
89177
27091
22173
105042
308
297
98
158734
14708
50374
123
26
216
12
215
909
47
76
111462
5991
59852
20248
14
116409
66509
180
180
72
11
97069
68797
203
251
184
141
176
3210
44
8191
1695
57121
92
81311
198
160
32280
252
51438
82678
297
32
3470
42
123897
181
30428
24630
83
216284
29699
16829
103
213
57
133858
77923
98
112
123651
225
345
1777
213
37782
80022
177
97332
150
291
45438
156
18
63305
115981
95294
17229
116606
170
132684
29716
188942
152
51
19105
110
125708
5176
23511
235
241
62792
277
67222
13
60085
202
197
13014
90743
5
22505
190
93
64835
211
210
81222
163
58392
225
166627
49658
13803
277
226
102706
82825
147
142530
82113
135260
9720
101425
174
1799
244
166
2090
121
302
274
23911
83
120268
32376
185857
24690
7
188
174
42893
161
83919
2746
3430
1465
66258
96365
314
130535
34
75559
91
5412
4304
24384
79721
119699
92313
66
15
107819
88
41968
136990
77286
24615
58668
4420
245
42
55228
29
51064
46710
11914
114589
28
15281
203
10844
61
37432
85910
219
326
233
86
64
43874
293
79437
11409
15
75
175321
113610
45
86
176
21354
211
45915
143
44813
5891
156131
121642
70223
76070
36531
66442
31615
63415
80
6068
221639
71769
63285
235
64772
168545
27988
192
122
202
17640
249
215
244
254
139
49
3922
154
26335
186
88484
28226
13049
1739
14920
85
14
29316
39
23
2395
109
60
105
279
52436
151
17567
27831
135240
117
18329
73
9004
24100
92593
3
132
24959
19762
71136
63
85
13050
269
126
10434
1237
13790
161
235
292
30373
70315
111277
14537
194
32
242
57
122
97
100
115447
80
6
1
113200
112
247
51271
1054
95233
236
245
64668
14733
91289
60310
214
81957
60464
260
25219
29256
116
43
7894
6
41805
30049
81
157674
171
77
149
31904
110122
60334
6
139755
47
114
166
42378
273
45652
5511
113979
4717
76
153725
180
53788
221
53534
18586
13
169
140153
91888
62448
224
76362
48
8014
74672
306
256
255
337
17234
35595
193
95266
50045
17
20
18
349
21787
129
12696
31740
60
9047
2019
1330
145568
151955
278
19880
108520
129783
204
259
124118
48949
47
99
3396
54
36786
55314
110479
163425
24559
187
58944
154
90
11032
156
197
215
172858
5378
32305
291
2738
40724
271
72273
5513
11879
9491
257
94141
99732
89
254
92982
135745
286
130855
95650
161676
16736
9424
124481
149
49631
279
6861
3758
42664
68757
162
135393
48198
11176
68
65567
150434
169269
12
151
275
22136
36
44586
170
65
1022
255
255
83481
214639
38047
97177
21307
11295
60660
16713
266
10008
6075
98
166
230
7423
68573
1453
74
53
80
25403
10849
149
36
47
2634
3396
693
1
72652
140
46
73265
51008
8
58438
29047
200
77151
251
186
45637
81338
178192
97
37
88204
114
37
61851
104387
94117
261
130134
54940
54256
5815
18254
92
157
160
171
145466
73
205
239
216559
7709
162
99
191
7795
266
12623
63811
214
75262
264
71
19980
43
144
284
116834
110
274
54
205
12
3443
39050
254
193
201342
5272
9741
32138
36892
76048
42248
28
24441
163
102
51012
108
1343
309
186
154
61179
22296
57713
239
173
2
55
307
91485
250
106154
252
110087
107743
32609
258
181
134
286
1898
30
88032
63
253
266
77635
22999
105
32926
54985
52
11
9931
44
37090
45
40
269
128396
85
71
2201
127039
191
965
96868
42664
64519
169
125456
58
177760
88767
6999
20
185
119656
60709
57
164
229
11253
2650
490
87
172
225
375
172
150364
15144
29052
353
158
54
101
71
188472
249
93
138989
22173
109
299
11016
111961
10
70849
106743
292
71721
1691
61091
166
77
114312
15
12028
7
180369
217
15
162111
277
330
147
26544
113
24576
201227
122033
74278
263
4203
239
25070
339
125
1397
23877
192
179
85406
268
78362
228
160
184
107039
47745
146
65031
240
29
1
300
7774
332
332
97619
164
189
115915
371
218
20538
14235
11435
21082
15296
270
105856
169
42060
99157
12507
35
276
5
41931
32758
124353
11736
70072
135
9945
93
86958
107105
76574
48163
283
163048
76
162488
130531
143765
159
10665
199
33522
64730
92242
234
203215
22573
45272
186949
43032
98410
39749
18404
5
47
261
90
3094
10
182
140
73558
13
212
246
35
57602
19463
78
82610
1488
27
35384
114570
112779
29152
194
94785
43300
159
142
55
35932
136981
17744
162017
59
40846
20307
33893
4358
95
6711
17796
83881
195
15671
1
19931
180
15
15
87
55076
19701
18019
45473
72
21703
226
74
74557
97050
10543
125
7191
121050
6616
92647
87
279
81176
116929
15493
151380
103
172
71643
94
41913
39
219651
2859
118284
90
1772
15581
252
154
198810
57263
176789
14070
390
137331
131
23
18348
160203
92
165826
10677
146
290
275
12962
36769
68
80721
63030
52814
105
163447
98
190
109959
6034
92222
181786
133138
4619
33
18912
9598
200
251
43
180
247
120517
154439
202
264
58564
18570
156603
258
190476
87836
7291
27301
4043
41121
346
33
167282
6
5832
83301
39142
139
15083
111
25
53004
203
215
69
13407
17666
8799
76438
214
8
19412
27129
215990
41019
10513
269
68
309
52
19
146
164164
28
79428
105786
72
55
201
30
18817
64
61055
24562
207
101863
251
5
259
110
27842
130
74181
48089
137354
40
113075
10
74
224
138334
9303
248
14969
65519
29895
103980
235
99118
49
211
2790
45
43711
170063
45272
151545
182
129782
33
82119
33
34
24867
36516
177
9698
10364
131
100
31
78
161126
329
39
25
180
869
152
39
45898
128
168
107002
245
230
158
46540
14027
30190
56297
72
52715
65410
50
113
134
86545
99754
71591
286
85
1808
180
209
706
175564
48717
8250
312
155815
66
34736
84
83730
101
63303
46
23862
173
34796
10378
91
805
204
223
374
318
28133
135
6347
2224
59982
126664
6786
38
209
105104
204
77
42621
25939
83001
3873
245
186
8252
19
14243
89345
80
90843
37814
181
78071
120
54
86615
71077
99736
93348
143
8556
10725
38855
85980
87221
91747
17222
207
36
105
27
19279
74295
216
261
58
64
63
12297
13735
42
60834
111
374
309
92249
141
151
2
277
132503
103675
8347
99883
2027
128
53
263
87
66404
169
97038
134516
151
26061
68
2071
68
11590
59159
24035
252
99936
174
199
273
30442
30958
154
53177
33224
97493
88890
143
96
290
19318
8725
285
10178
2479
52405
2668
160
229803
26713
80584
11096
233
57
24881
216
107647
24654
207
36824
202
132055
260
4088
5301
156
24569
70479
3753
57287
1
25897
11655
49
6000
174
97555
10
21
279
60
142433
239
879
282
93287
241
84
98527
124546
72
220
3531
135
5945
118689
16
5006
90292
3
94289
50206
80034
93125
167
153
249
140453
142
207
311
62
24112
120583
19800
197
142825
95659
127
50
72
82355
4274
141928
14
58401
178
24370
18760
8725
48305
613
118
226
276
226
41076
111
134
69100
237
20422
175743
81638
129965
72
202
107
157000
72436
73036
33658
82468
159
30112
7151
26477
178740
25534
21982
31003
2372
75
29777
90
249
20892
63853
22577
140
174
33
27
174
98
61562
123106
155
84
167
3
10840
38191
28975
122244
22318
4319
97771
1175
125
221
256
366
30658
14
87622
161281
33974
17
197
6300
52
35058
100503
6254
42879
281
2334
5847
8989
104667
145412
14930
7144
172
38185
15881
213803
28
144
46127
5255
20
177807
214
2086
56114
82870
14682
15
10220
136
29500
322
191
130597
19535
234
158
2915
19325
200
105220
77
214
69176
15
119
35763
42165
190
75
235
65384
266
245
12153
194
125290
25571
150978
144650
18882
1
122
331
30293
140084
65512
80
22988
2338
173
41
358
37676
7871
210
95484
34
154
207
78338
322
87314
13613
143
61114
11316
111905
96
128641
246
254
332
162380
211
167947
85
24991
192
84597
34324
143477
164721
115461
167
127016
3
13372
87107
39562
12702
186797
169
45569
154
199
57424
46239
42
238
203012
105
114402
133
36350
84272
248
16423
6
194
98404
209
160779
159809
213
14163
178256
20312
88066
134382
75248
92465
8332
262
39
165
55523
99179
226
98607
29
72382
45
38
176380
46773
87120
87376
37573
19632
88
2469
152
276
104752
75
98816
85
3
17474
101387
69
26087
80285
212
112978
40924
51901
163
216
22068
279
157040
17077
35
8
208
7837
27983
25
93876
190
128092
105426
118801
36257
80228
92863
252
72524
318
40344
78097
399
274
23637
119
72
10698
144704
340
60969
163
40
109
235
243
46
267
196
32
172
188
81
55424
22034
141415
40913
335
138
21
16
50
4126
34040
161202
19105
38059
55
14
2119
193728
61649
85530
7323
94
9179
128
108707
193
4665
61219
315
298
124102
178083
62605
141383
105367
151
183290
30
11603
48918
8626
51680
39
59418
225
63095
4624
15694
137939
22574
268
283
788
220
90997
35082
15
23540
216
5966
862
181
5159
3361
178
148
89
141
11049
20833
54882
138872
159836
20565
24314
113
133506
271
17393
25267
102128
236
154775
215
46
77141
136952
3978
164
77203
58412
160
48574
110190
61713
29
114134
26741
263
14121
122
187
12
66
148
159521
50789
192
17221
33045
19
146165
56661
85603
82628
40
34628
81
13520
8812
2141
6603
154
22759
42894
94
165
50203
94981
40453
116
1525
14758
159636
48352
181
77
54
3050
69503
67831
221151
68493
56829
24378
253
24
71342
105548
105
122978
261
48212
100588
291
80553
231
48
95338
87591
94084
143
10413
17229
44
64
18029
103650
73436
62
28605
7600
126417
1552
85977
84707
48
183
14938
12083
148586
33
1292
177
246
186
282
254
160306
34435
16985
207
18785
69966
189
37
2576
158895
211
93
30545
11
152
76005
21900
41
68135
136
127108
156
5064
28028
95624
142
149
228
154608
18868
5
7
174705
191
21
33724
6251
57299
50023
79262
270
18682
15207
207795
60232
27116
223
103697
12097
18609
3652
96527
132497
90
73814
234
41029
3
61194
104
87041
23321
22002
174
108785
170106
225
92784
258
153
77181
9955
192
1043
205
6
319
277
281
213
158
1
1368
247
170
70296
302
83687
197
229
22791
32072
12
61023
228
90
331
26
51
10
40299
12
236
32030
1
233
8612
91
71
153963
166994
18918
42708
276
61235
2752
105997
20706
28383
76
168
80762
97173
3
115386
68
11917
199
11051
45992
96670
62853
260
4735
180
81301
114552
98
43372
61861
108
68790
9944
55
67
63127
39541
166
120183
335
26414
88
4
164
98709
11852
166
68
11699
239
1569
108035
129016
36443
6560
22
214
102889
40867
154435
50430
117
76714
10286
22937
201
164
262
159
11224
77640
112685
191
163
143717
3
44280
198
29552
137851
187
237
28845
33910
93599
47898
66
5607
2878
13233
37
153
49895
60193
114433
1648
145
1
118527
154469
8335
269
251
89
57
18
6
111
236
19325
26122
135815
78742
15658
256
15407
5894
311
79472
31
22054
31621
126
1934
279
128
2093
34853
168156
53187
228
34459
33
1935
12052
15492
123940
60
15112
45
7492
268
1386
55
364
269
85
91613
19243
51937
39
70
65
86
77846
199106
226
135227
69
21260
48335
5447
66
198
95051
4
104588
267
12
62
1
121555
86
29134
28
61760
179405
170988
92795
1
54
1
10229
122485
96984
145770
211
146878
53425
90287
76810
236
243
1289
7854
234
152
90377
18745
16130
117
118181
182250
188584
32413
39669
158995
290
95
47373
12520
108
6238
225
69098
281
258
116
49599
28
191
20574
285
43
217
50392
182222
89905
91949
321
31999
4
81594
196387
50731
212772
50893
81
40
3784
160
118261
25648
1
40189
286
328
23271
77
2416
196
90
229
82
76813
37749
216
73
302
30
83177
39556
446
297
147
64659
103069
218
39805
95
21390
221
20866
110810
185
40672
53
177
214
29
51
26066
30114
196
72508
121
23061
105763
125704
11
36
72
26510
120977
193161
98366
20776
170
51509
197070
256
51
10345
214300
13364
119039
475
155
45616
18
144
26
249
148975
253
8740
207
77351
32428
6680
60
300
1407
40
154540
33813
40802
74
3917
268
11929
86514
76873
6982
72952
42923
22622
91563
257
66791
12735
173
128
128811
60160
55340
22
71348
258
27
132912
69563
38405
79916
78842
24712
128
150763
353
109021
113333
8798
48398
85498
154
301
65366
275
196
34889
182508
243
27
154
1878
216563
118317
170
88
6104
191
223
141
286
282
28138
156562
73
172
32336
172
23343
185
17315
17074
20800
4961
264
270
18
282
94
46
179
35
3929
41
81
67
258
101885
3294
125
18387
84409
52
20111
236
48258
142909
71
64
25959
36991
41868
113149
68
42810
2813
8079
66548
155883
96320
98
11143
51
3
4695
18
68332
151
60
55
66736
72548
75816
210
118
261
87
23278
200366
74292
12218
245
50584
10
93555
17953
14663
240
5312
146
138921
35907
116
9450
123494
11377
116
306
102227
8
117874
10690
140569
75
107849
26681
205
16005
120
29564
18705
45341
51
61885
38607
299
123479
80673
20933
45
71629
109361
199
109840
39
140230
266
2312
105938
7462
191
143
263
135
210
302
16232
34583
99462
15362
18
167
1393
126175
92
137
160751
12755
119
218
28
131929
140088
13
136708
83784
105400
45527
69332
4
36300
182
58366
38109
98559
70
4216
57
45
110802
90
211
210
48887
37
6426
48998
141
26349
128475
41908
76
33
136
135086
90482
387
137
245
31827
117
244
27527
231
56715
4
287
3966
56
85639
137733
87
12344
98481
26290
243
249
11826
260
225
87737
143097
221
181
279
122
17426
37855
36823
241
65
14642
20774
7076
246
298
126
207
164
12
195
36830
187794
276
248
4473
23461
126
43496
10762
116
74
120
259
237
35
179
384
2665
312
14711
162
172
15
124109
22018
183
5168
146682
18
106
37435
74030
28951
26574
42957
98865
188672
20797
34310
51
56763
44
210
274
17684
63860
114716
3
67
122
30614
3776
146
40085
71169
18430
29866
73667
10356
333
161936
172
53
44690
106
33512
95551
1700
55351
67756
82
976
143
40629
28082
14510
105352
26145
69
271
24105
134625
57766
1342
132893
37283
67663
3600
252
72600
15666
97
47390
300
36
97138
190018
18042
99
16925
13133
26905
89
68
27402
183
117
221
5793
307
142
70302
9153
233
124
138
25
49078
236
21
38290
223
53080
65
415
295
2
6993
172
42
290
140449
9911
116411
3196
97151
3793
84913
142163
91
216
62473
69593
69
125241
172
237
120658
40
27
239
104
240
54046
273
179
48
13586
210
94686
159
223
1975
20142
7
155813
23
195
49
42153
1333
3221
78
209977
116781
136795
23
145634
1314
2
104
5
61
2200
107541
280
62775
156
101
163
8232
321
15630
234
130475
218
26288
118
33081
9946
131
223
15266
160836
84640
45262
84241
154171
140976
228
57196
4697
120
33607
285
93
251
81
76580
25818
148
135
2806
21813
103221
230
98
63817
180
60
35953
117906
29395
107
29914
176
86313
26792
41
15642
207366
175
2138
142
210
118692
329
136
97
4329
49753
102712
212
75926
354
117
416
21197
108042
32365
20372
78788
26
236
151
25956
15
66
75391
31
74893
20
61476
60421
204
142005
22116
177
14
9781
80
42
73374
75
47581
108005
142
104
241
136963
63
309
160074
211
65
100665
275
48234
195
271
43051
9250
99213
306
42445
71
191964
53539
317
70105
78
388
16
200
200
140
2452
255
268
51263
14857
127
147674
184
275
68
129238
63793
124
186
134343
63
96021
86545
11577
3
188
185016
1615
91
148959
141
79374
112494
201
85761
211
7568
22294
324
155
87130
249
56404
54
227
63
11575
84126
28261
32712
36
35000
148001
34520
184
53517
268
174
168758
68
231
22315
30729
146421
241
101134
176325
18617
237
118408
18
2849
60
19
123447
69
16952
8631
44752
175
82
4462
191
93
1
9822
75620
101848
179
13273
140
144984
80
10719
99381
254
390
16275
25
299
105
54307
201
46338
3
69
114147
119
3424
39705
53003
90767
151051
114
20924
5009
143
184
152
118
19812
14803
102
30135
80643
100693
213623
204
62603
59839
64499
133589
7906
36848
20755
6142
57009
987
104600
59767
28
70914
79511
21385
47392
36
9947
118
79070
147532
109
115
74407
269
182
10
56717
110
41901
150763
3
283
280
129
181
74
40514
10760
192
425
56972
1236
105375
71
255
23398
21379
136
56502
10144
148450
73010
24997
110
253
80248
132
174
153
58
65
6103
75
114
47
22636
26949
865
60
156
22851
52772
120156
152
74078
34467
29254
164868
246
61628
5161
39704
134
65
215
285
11038
42
37
29887
22075
162
2795
73772
172
53
52624
50147
57182
72
14944
23220
129
108
49
262
236
71885
63
119
78646
18206
117
183726
26483
93
11418
134
361
40836
41
52800
168
54
153
41079
283
33499
97917
100
25
161
89668
96
235
117843
46719
56961
91
285
4476
95624
214
18663
57
211
2392
40298
32624
241
8786
187049
62074
168
15909
33747
72
172
256
223
92628
93
122917
38320
11625
1
27017
184206
1112
53827
14610
273
2605
1
101
33
87
10100
21551
9642
1787
239
137349
2028
15338
73375
19123
63782
282
15909
73023
28
91915
286
93188
76674
179
81843
10892
60194
113345
158440
20551
95164
281
164
58727
1370
85880
74420
31
18425
174791
150485
277
217287
595
39174
85900
129266
81
16689
3
120706
214
581
209
16207
56
41868
22231
27761
42210
3203
24831
200
84
287
136976
156835
10
10
112
63
83
86
17650
28
199
20264
92958
120
153306
193
54710
154201
464
2
67
225
23058
176
98003
274
260
60
20786
29211
186635
35390
174
225
36456
27096
194318
23
8918
90
134284
190678
173
126
20698
225758
3
233
111
60433
283
425
282
22
11
32656
84800
118635
89125
66624
84
88283
85
234
71
16566
1
110
159
29448
44
10802
6
212
127815
3
6168
259
153668
194
160
139685
104032
291
125125
59572
210
11
26155
88364
209
113
2121
24
24896
87
46621
3799
103
75
143
32340
49
191
44846
40
90166
305
34871
13241
677
76945
136298
296
3
87113
13736
101
323
159187
246
213
80022
120874
1293
262
19926
200
130
248
66980
11134
265
48
264
76852
266
54109
153260
7386
140
40286
286
18
1291
14712
160
47198
16648
30369
80
135928
1061
289
24117
14
117
1408
153
54832
66
35
176
21519
249
266
173442
152
80230
49
50259
148649
216
134891
8
81870
69743
212
53921
19128
7364
42022
153
88
59
25
7651
68
230
99
150272
53914
41082
8223
2868
135891
154
4646
173122
217919
182127
159983
35236
62371
18
229
93
11610
160
829
188009
107422
253
1858
111641
182
187890
7537
265
53
27
30
248
113237
159026
98768
184
13344
238
30
84925
6789
302
177
24171
138
28930
39
157
21496
29759
173
60678
80
122
221
58
23
43756
182134
91
41
143
41033
227
214245
172
59607
117081
131
1735
196
135
173147
58
121351
273
24188
107
29
46167
267
91736
65417
126304
292
57944
39955
146
5
148
28
76097
142783
1
236
108
105499
89
203
47557
176
125
25
285
105887
17984
11165
51
267
295
11159
84519
50
204058
215
10600
157
223
4445
7237
23490
200
20994
5
8679
100322
7266
316
15453
119
93
166
113687
101959
26
255
129455
150464
6
2225
15675
89331
122
53860
8
149
15604
6819
59
3343
10767
97531
45650
99857
68042
201548
101307
104
9737
33698
43597
284
188
5
9794
56418
114862
136
18
44842
49
3030
59505
334
138
149
178
235
209499
23
11548
17
4289
130
54
199
59319
9856
184809
76228
40
192734
56368
74
40932
199
80
50881
36229
14148
88891
220758
46
150
242
255
25109
174042
3549
94445
142147
61446
25085
220
5818
89
170
100
294
168023
159
60
251
1
63
80
32260
3130
96
26260
301
35244
34254
111535
38330
105523
65967
247
201479
31
166
14348
4879
228
7645
145093
140
135091
53920
1480
70299
22137
38
73949
55595
190617
567
161
4521
3822
25
142076
63142
342
180
4136
46555
193534
6234
53
283
223905
26
132716
39504
164229
87
59228
156
39121
229
2231
112
12587
102
140
129359
10064
29
109856
4231
231
109591
151
299
402
376
143541
63463
173
77317
212
23111
21580
111748
201
7933
153
128
34
19400
6846
90
2826
135
12866
75118
13010
23994
192
77
165
58
73517
12158
181
114
9844
30892
225
1444
15405
23
81
33298
70154
147127
290
1307
178
182
98144
299
29794
89795
131893
15071
34
104
78914
34
23646
148236
156164
154
271
113
205
102253
3153
295
60
29597
187622
1196
168
23354
150349
71
100568
26
105766
201299
81197
29295
122
4359
8687
973
167
9087
11566
19105
44
166
25
43763
128156
106166
1633
4853
156707
87
12113
2712
7210
1
145
56926
135491
120
4485
54045
201
193774
3350
26460
143
93
10193
1297
148
11034
30724
192950
127982
24020
144
27033
41656
36639
11660
50220
12
2
36070
22433
198729
157
43
143916
113782
39916
254
2229
331
162215
22052
159
22
8464
207
31124
53449
162301
20861
50433
35
171
91
25218
67680
160780
35082
5384
83
93
179
179953
235
78
32975
141263
150684
36573
77828
173995
26970
332
252
189
192700
37
67
250
2972
182958
11562
225
23
21250
99043
103
119
33
83
101967
4
47
12386
48
66932
202
9545
45443
47889
68786
232
21355
48872
152
60
23661
247
210
229
113
25220
85
184
212
159
151
427
225
15907
29427
116890
20759
59202
75545
1
142
51335
78
34140
2094
170001
63485
66
37843
36973
11321
108566
2547
109
280
245
53293
92
342
54729
402
172335
67368
240
267
159
2605
132836
14348
251
12227
205
276
52
284
6074
52450
112802
61791
206588
43288
122597
11835
116227
276
118359
174
98
1761
9600
161
59935
194
23626
9326
287
51633
9224
49382
926
286
33460
51
105792
46759
11
68
99
85
32
40581
36
35
249
64252
248
3
64446
223423
142060
148
246
271
212
181074
5282
95095
244
13795
311
1768
24877
10
62305
37477
304
55430
100992
28636
97
18388
309
103908
5329
106291
93
235
106365
48
92458
34
87
8933
54
63839
121
30755
61858
113
650
127
129279
97404
145
119
38
54
171
88827
45348
31374
34977
10245
318
52655
32
27082
261
191
79
80
4
46038
15255
57
325
158
35817
217
86
63509
71237
169993
237
81
126
26939
1237
35
82361
14183
63598
173713
226
213
9293
132815
49
13
78262
59361
140
11768
191
153488
31
247
7001
24
73114
306
82957
28
53439
30174
39333
21084
182643
154000
76110
109718
34161
35
140
298
239
56
17125
323
46694
121
3973
27389
113872
145
85579
70064
280
149
232
80776
18321
269
216
21
7568
63107
5529
86
49
81535
37870
19017
156
26
170
139366
33
167
15234
20572
14636
45
107417
21934
739
108038
12
51257
37
349
262
186
258
48980
80
146
228274
95
27043
37112
5097
27136
13327
59486
62699
63
59
171
35
27715
43289
74766
45450
239
82716
17225
2122
137
109867
302
99744
301
223
34797
125080
173875
126420
74
255
14
179432
243
137721
188
44
232
67334
127879
1943
106144
150595
2465
15976
110014
80
8966
59368
193
218
3022
583
993
7658
123392
41540
89947
123094
132399
32
163
145
12202
84614
228
259
67582
47877
31769
7186
198
135
86680
99306
117
213
30680
61
49472
135
16252
60231
792
111
22063
52107
6535
10299
105399
43508
46968
229
287
864
119
3
28644
86127
31
9488
696
688
149220
12709
65007
14770
54021
15231
162
266
247
2248
154
171355
85
7936
29
68950
140
93655
2324
147499
145
65008
85299
304
38572
210
3445
71362
263
107120
263
60
269
241
66
33072
67
272
4639
322
202
318
12036
42796
115
5495
17
54168
75
21494
274
165634
22898
27202
158
175703
24211
74
120738
1869
20301
63
171
78
48
2922
125549
29863
220571
86764
29827
302
31410
189
80630
160474
23416
93
6390
133772
135491
174
77
180
264
103
3
138
229
28858
90377
41
6352
102
79611
62160
94829
95
103170
125
2980
95
180737
140
206
29
25312
50
13385
169674
167
70
21135
267
111752
85390
119
97157
24
75535
18402
78498
173
36733
1
110719
85
131065
79142
138621
12080
13350
8310
22849
137
234
51646
33273
121
246
278
120
14907
283
53880
5071
151
190528
213
110643
75852
73861
744
1726
45722
70242
62
231
134545
7268
75423
69260
143
5242
120
52449
16
214
78779
8351
22755
79946
31979
4487
117
129
14675
56878
160
45637
48
137
154
74
225
121
136858
15601
210
137
76914
311
225
129437
14160
55
7911
147420
277
67799
69
258
97613
210
50929
127088
138
115
57765
3357
82687
174045
36765
83058
274
222
321
165
216613
141
60541
17694
116
5129
42
17580
146906
66
69
150
275
62595
222
315
214
215163
39611
134
117
53
43196
1
40339
239
2792
22777
92428
164507
92808
19015
131952
136
21
159
199
125
60275
105541
275
41602
19
41552
33805
101
150
33082
5149
175671
41
103624
68319
23763
31244
204
1
102
22510
160
38
102573
40318
58537
2625
119712
205
1
101883
52
62599
164384
219
179860
128
215
219
136
142
99414
70530
10
9231
98496
186
228
65
43
283
36828
276
62
147769
40127
9057
25
6464
193
123022
148
37
16049
218048
191
196
56945
152124
37274
86791
64
4202
38
1318
3926
173
450
23664
280
130732
132327
123360
35288
354
141955
284
189
188
207
37
70
7
67365
71064
126789
50007
14337
16231
50
187
78
81
184
108
8968
15
88109
68
89
147471
81804
51218
139641
13462
186
241
308
152
101906
165789
91345
61191
106656
88686
58455
46753
6592
60435
34631
45
3114
33
146348
20
36711
225
21066
206
105832
230385
35009
169
64
33474
121033
64943
169
373
50393
150671
170
63
10271
107071
205
137447
46321
148
5409
123199
8
5901
99176
11763
3445
29386
13
19404
70518
99305
239
109
157
1035
171
61795
9271
7263
102
145
158
229503
82533
181
47534
50
32011
110955
125801
143
84542
23525
297
33694
55
134299
18556
151
928
193
167659
10
82636
110046
127
227
4158
28
94
74097
10
5
97
139169
353
59391
26
183050
137500
24
76335
307
1
125
4
25596
44919
27730
209
87632
30
53982
58756
121
57618
66
183
134110
7538
53751
61
50809
1083
185030
17168
19
111506
138432
261
9203
4645
45934
31471
156217
151
102
214
2839
95597
11
153321
101
11134
426
43
430
31
165
339
183786
89077
116
95422
9635
23
5904
111400
18927
80111
113931
16769
183
134
15634
31092
178
54357
28192
8232
71854
13471
4372
7541
13
8883
109956
247
5315
176
357
242
3
173458
79441
182510
19887
168
133
247
61544
2353
38162
56
18877
35581
127
28
184
42560
16521
118074
77303
37680
118
15344
81961
18613
215
267
2933
180613
193
88
87440
377
49023
70944
25302
290
16540
71
170
15
6248
88286
27
79
43621
155282
97
41233
32368
39
183904
4318
11721
53056
136
265
99612
150645
117
208
11125
79
68
319
157
57
89
11260
12895
30429
2902
54168
261
139369
85679
206
56114
89
7499
20348
18
20762
13002
4428
93447
10598
46
263
134
138
80491
44830
17155
36
14470
281
110883
158919
9
182
136
29129
45586
68169
34775
1
234
165
122
46962
15526
227
257
62094
3
145352
26
256
173
76
248
36
142939
112
41772
22
148
156173
36333
62
31172
27192
56
190560
58560
104904
199
2703
69982
73981
217261
97
124
23454
172
73218
65
119314
223
29138
53606
187
10579
191
176
217
283
225
59
154
145
38
119841
199
7391
123
117858
109
7906
7
16410
220
205
31951
11
3150
47
121
16997
260
23273
118395
45
239
27260
308
52289
86
157079
252
15
165
106
276
7330
40
23110
116
6562
42832
181
63447
273
71828
18207
129060
40289
52680
99
108720
8285
48301
315
2423
90087
143702
230
137
14784
34452
12548
260
66052
63
61
119
172
307
132
121
249
67402
11733
11
73848
54562
143
60862
100441
30652
233
280
3415
103
152
42398
55433
1758
10404
107148
174
25876
47889
69
6894
36743
93815
97240
103091
23020
79098
9002
28653
99781
108812
5175
162
133994
114871
52811
102335
42955
72
38710
187
73
175
15767
181321
214
103698
44310
10939
204
27058
178901
2
65384
112934
148
22573
116
26
19981
272
83413
12
242
43633
31268
220
6530
64
10376
117851
190
18639
234
45
154448
150336
280
707
149
141323
175
57669
8968
6
25940
19
208
17017
193
19
205925
48489
201903
59910
4660
72
59053
63
363
20191
269
6798
150
7
72398
87
221
70494
222
73
277
2583
24504
131426
194277
162
119
146836
4466
7514
261
165
15888
29342
90
74
181
200665
32244
20
345
234
149814
104124
10
90
7099
131
24299
66
136
150
115748
34
42
228
117
173
64
32761
104
28
19
171
61347
11263
213404
154
89647
274
53743
51231
75287
8884
2088
185714
85
70
264
112622
182384
6311
74
57053
316
210
163151
64593
260
180
70345
87365
14664
51
180744
18831
99642
351
26966
232
133
54
90616
19
104
6
13074
141200
96798
13250
198
245
15510
49384
26297
116
69
5647
346
109
83953
110137
42221
69
19556
5073
11312
80
13213
299
165
5274
9378
28883
170
199
45946
149
72985
14830
1
103124
164571
149
258
21460
123
168012
266
6488
142
288
138873
218
262
40130
41
8021
50209
5780
87
188
144908
93
184260
266
144144
11827
93
110134
86
29
155
212
9168
101152
73
7384
24950
177
182
140864
5861
79791
146
54668
122
42117
160390
226
36525
204
87
93
208
42657
94
91509
193
20673
143
150
21227
16151
6153
176
25775
4065
305
43
130871
222
12679
121
218
10394
196
238
168
66677
40545
36
30688
76302
18772
154520
6629
14876
63
14250
151264
38956
1074
99023
49
197
184
53961
33142
88556
116
25
42
73818
141
114966
38382
22470
77
176
98594
7927
147114
28116
7950
273
202
188
1300
34626
1
75
37
41
29700
37935
67515
197
84222
42
43118
35
229
197739
37924
202
63339
168801
104827
125590
167148
5355
160
112557
162
82
149227
72125
186
44102
135
4075
18384
130
216
193
217
5521
89498
10724
76842
160718
2718
69
128
602
4436
16215
138482
6782
98440
27151
191592
24555
32120
7942
103269
110577
189
57265
235
79338
19966
199870
98
11
24617
88
250
95
87242
18491
339
6165
22966
4911
59
35
211543
12691
597
47517
22881
90313
1735
252
165
32320
8636
20646
82246
58760
28196
29474
59
183
34
4080
87
157
68196
27
219
17952
10219
269
258
93
75513
104
42732
8771
54
8124
2549
282
223
35
9462
78
55089
77113
254
6
34673
45960
113357
156
44735
21
7005
56
159152
84852
66
199
50702
196
17594
6929
9275
123152
79144
24716
149125
6908
42072
387
59292
60
304
124090
6533
160
24216
180
40346
30640
80836
18425
37658
149050
202
38543
111
285
181019
22576
66
150396
55
238
193
3
11365
49774
108114
211968
152735
33232
72421
32140
91104
168
86
92274
27732
75
265
186
80992
137
161
48562
3321
154
36244
35048
85191
103
37808
10054
17427
9
183352
204
300
60037
8
97211
65
157
19743
159
12627
91
38
40
82648
216
41
111242
22589
123
37863
86621
250
1
52
4119
132
79
119469
49945
38
143641
219
191
18543
250
284
103
35
73
25407
160511
8195
1
351
67533
107277
36
166448
64
285
27114
226
229
147279
81
82802
19046
72830
226
199
43
93
49371
32237
15673
1
3
11879
57
258
1
215
11715
41962
217
109305
44264
202
123813
141911
61
182
83065
67426
249
36940
103324
152552
884
189
34097
51315
84
227
66
229
143
93774
154
74
61004
35977
1161
19874
120206
207
164467
93
346
130449
655
20687
65415
94
21303
1645
219
264
97743
1621
168
9448
61881
269
169273
17721
235
32641
1258
236
209
21490
200
120270
226
307
93806
54222
212
23
194
228
117485
179
20955
175944
64671
42797
84
88
183
6931
106669
82626
240
49
283
121
42
32
151238
24777
212
154167
110386
189
306
51840
89954
1270
169241
227
4360
11930
173
87171
237
40
24557
70
25849
174165
14
94705
16031
44
32641
177
253
1404
120
187156
36500
17145
82074
78701
182
175420
123
84542
10076
3532
15
207
5286
15764
63854
6724
69
126098
162
53203
151325
226687
133750
42
3663
9
254
84348
965
2830
32
216
61201
4934
255
35
181893
270
643
641
174570
117
12571
44
43081
149
21132
326
41036
12173
32
14177
231
108987
184389
34
2149
98726
99889
35552
42491
127796
87
201
31132
13
50310
206
120668
162396
45313
11
174
206190
108747
35045
170
17407
48589
536
113542
285
173
48797
45292
73979
89209
102529
155
188
2455
36804
24966
188146
42192
61602
25922
104800
85272
141845
82875
23297
282
106
164
46935
103
18338
6108
157
212
185
3
10943
242
154
182656
180804
192
68142
5460
118
60597
114
97
178
234
110
88554
140
4233
110
11784
204
25905
12795
20275
29909
278
154
152
33386
232
1119
3550
218
276
57773
80916
20422
5768
80
259
89123
312
46750
148
7
82011
22838
155
202
273
84368
11
57
106775
19625
9487
64051
51
249
32835
3822
312
144833
11104
62539
188573
26
35326
121
38
25168
82750
101661
70713
50561
35
39587
265
3
33338
8362
61973
24064
151
57048
18683
240
28
75079
24
121501
32077
40
174
5650
6202
176
25146
145
160
397
3552
103
6
219
50
283
89
57
69007
8394
241
16521
110
26479
15
16772
53525
168739
15567
85619
24037
167098
117549
155
207
60988
140
265
126348
73977
10857
74
114
146961
367
28
133
90966
32330
73
1152
12800
5684
34871
94
117739
24064
59916
140859
225
61114
141
90
38979
12103
50445
101
247
45274
160
192
107981
185
42
6152
181
160394
42198
26563
160007
8942
55
153
186173
27129
126673
219
71169
104744
62
185
98480
140
142216
38085
13
98
37223
19
23046
31
244
46
127
59712
100760
233
28
44550
129748
185
59
102
217
179975
69004
183
968
142275
10707
38454
168
321
140409
143094
237
52777
170
100
198
10890
37030
247
130
220
83
28894
4791
132950
45
175
11573
182091
217
173
45312
175
157939
180
74435
11307
96726
160
63191
33
218
183
64
8526
185
18324
36361
109
121
217
74
88
353
14951
203
1
239
45861
171
240
152506
113179
210
121
34246
223
38768
33
12279
53182
33161
93
15020
38363
143
195721
2465
44788
259
13724
29295
81506
108987
39
77200
89
27743
21011
227
20159
20019
179
8
117781
101026
82484
12974
170
45
285
107
181
256
177
1994
164
11540
193
177
106985
96852
123
48014
102032
15
15660
234
163
46
4520
24
71538
50
164491
264
30091
106
165673
208
76880
63032
27008
259
34507
352
70403
42
53843
90855
69
7
191
6120
144200
108347
11127
28
200410
221
92
262
10110
46567
147470
135516
69739
26
47
20705
47
14
52
68440
129
55317
141
19777
29192
17504
13214
701
20
187983
135101
76217
25567
301
17732
56416
74238
120
224
138713
72437
264
2769
37989
175
15
113
58029
258
88627
69
10
19
5009
79368
9
2947
176
93038
511
12439
161
8848
14801
69924
5327
58343
113
7739
74587
82
25303
2757
89564
80019
208
57150
115948
15909
8470
67
66909
75508
10289
101580
174
29131
29
84813
85085
112587
738
14847
74
11082
39
5335
133
136
1
85703
89134
45
39
133142
7
9675
35404
161568
93938
62981
302
230
63
330
160422
137
266
27519
239
186
148937
117109
216
139
43976
23
165204
15632
233
126
3593
54375
93
240
26077
48385
170543
253
35
77654
11309
4369
150245
64839
131686
195
104176
89731
78986
141
147
130
24
68097
6256
158
56
64
22855
240
54
60
18768
126249
134344
18933
31
227
251
3998
780
214
79751
73
1286
165978
73
82781
183
440
207017
50477
3038
93
231
14007
125129
71120
155148
105665
100928
17674
11499
98
30702
171
253
99468
197
35624
83
162671
180
254
111627
77563
28937
18685
28435
21888
4295
36
49
23
156
111
254
265
92548
11270
121
197274
39
278
149
40
29
4
58108
220
104337
25690
23
200
18
146819
772
3
128
36341
53044
58325
158
121306
190390
260
30025
66474
107413
19321
16609
74048
7303
7199
236
113592
11771
179
8
194
12044
145
25276
43531
38
15
71
21227
21283
10620
86658
233
7489
147
169
31
157369
65
118486
13941
68440
206675
5
6036
30094
236
286
13164
5044
111
346
182297
196
11056
228
15
86
262
7324
339
2190
101493
123
83937
133903
259
181
95
59863
103
94
99
26
36269
25
21832
220
98
4761
90152
149
7182
316
313
45695
74
19695
241
190
46545
214
15123
135
91
10644
121
351
55955
36441
99375
5306
49
85414
91493
8340
202
86
269
47420
213
94
187396
222
26375
55543
190
12415
61
4115
58
10757
63963
158200
12088
183317
184
7007
197
15172
15
23600
8411
47571
32325
57202
666
157151
3839
1
66757
78574
194
112
392
80391
127
96891
175
47675
72993
72
197187
43744
241
160
212
196
212
217
10
37
8011
50
18
64097
182628
29
218
30412
7914
62850
21
188
23965
223394
14251
46
14953
195
41557
93185
272
89637
22752
34
43
201
54080
162926
26116
71667
235
203
2
288
197
23832
46
8688
21780
30153
152
318
208
22801
88961
108528
5988
269
111
45016
14938
15035
30427
147159
98
145728
28179
18
48117
64601
5
27220
118
139
18168
199
125434
129
26900
4225
17
208
1
78782
348
110242
113743
125
14528
51
328
12195
13941
185
220910
46578
304
106257
91875
32492
24441
266
13126
51
270
40
14162
12
281
91
76
90287
25236
220
122065
8446
132033
148
6
35
225
47604
78403
60
261
37
119
126530
321
85
50134
199429
54720
206
205
77
69
212970
12559
304
89
66867
31755
223
89
81308
100464
315
73975
132789
6810
141111
297
55064
10
21
228
27628
88438
16282
119
80503
64
50
70745
103588
13
40281
417
3
149
23459
162
126027
18
90
58843
36592
35966
38320
116
220
41755
12925
36
209689
316
217
147
15
2856
133
2625
88
294
63855
1111
29
6475
121526
10526
51
37271
13451
109
39
13389
202
72
120261
185
36963
67602
4437
291
52080
75753
110855
3907
21
73
283
150583
12195
101703
77898
257
279
28567
152
7094
181
224
68
72974
8610
135
63
190
58
85602
217
16791
14133
187
6596
197542
86266
7540
266
36574
37
56916
312
241
170
234
40364
153498
136
259
75952
69292
268
95
69031
120462
425
13185
11
50353
18416
26263
39442
252
66
4173
281
78735
21
319
40
102849
174099
223
216358
4540
38
241
143434
388
205
66
75
46
190025
124
93
58043
3668
29
48193
138022
122
23840
107
179
234
24961
130916
19059
5010
26653
47726
76
146186
34593
79735
128
64339
35395
62
47
170
86
214
39101
107
1
154
42291
107
42
10
38933
358
133177
56054
148
1362
24417
44497
202
25
200
146649
142745
173
2917
82
66
27893
105
51059
48149
60
241
47595
115745
33130
6
44188
55
176
102258
127
12429
337
58818
129
147
82754
117990
167828
171843
48
23376
109237
346
156
55373
72647
312
181
53
221
689
107909
72068
13270
64
27815
3496
126951
253
18271
8196
283
3791
3580
14341
143540
280
259
140
90
185
24935
27
40941
96017
230
300
22323
312
125852
27
251
51417
198
13585
88821
3004
4137
2310
34395
105873
177
63
38726
38053
158
167576
36
171344
27937
111217
8999
158
206
252
1477
38
3128
44
9817
20225
61650
86
170
65
6696
121323
51
114164
31
2129
157
4098
13143
177
39
25813
95240
263
241
278
157
262
217
33
60142
129
133882
159137
320
129
86
146
43353
119
8736
277
84545
82
187
129680
112
187
954
315
85780
10032
105893
133
23023
49499
308
176
4798
8745
110
100
173
96989
298
43
91
139823
149
53
11475
238
263
53
24318
11238
51787
53
358
133
159696
138
32
262
9492
10956
231
205
9619
111510
93370
146137
89051
27479
20833
106
134
42113
50032
11
14212
81703
61836
8458
34511
56480
24446
37645
279
56726
176114
48
28656
133494
220
18
5830
111775
38828
102823
42595
668
150
70480
218
301
134
34
160
31231
38662
21
31493
53360
89025
76
96
3
64687
76
46764
61796
130
32657
3
105787
49247
245
67
1629
93
222
155
107022
32358
57
108
34
28225
58072
131303
85
152761
24180
105
159372
273
154145
29999
164048
7836
32766
57026
40692
114227
33
240
31002
43883
140769
211403
221
148736
46936
42071
193
171099
2118
111814
48
195
155
85
196
108727
130
193425
191
117800
102
20284
74911
62
95455
181
356
13077
265
80692
44083
104
86661
30069
101
16407
51678
56604
36
18159
52249
226
233
253
105674
115
17923
1091
174
223
31014
164436
60146
143
82850
83894
187447
3498
8010
265
24459
28
146
203
273
26164
40454
24222
48269
20557
158277
95117
197
172163
93
188
136
296
54536
10
154518
41815
172
91
12259
24
8
239
42654
48
163
78726
327
51530
222
214
107
77094
308
128
162
193
58
9767
136
144811
110
107
45158
873
205630
56460
523
33074
84
171
16
46014
59980
4067
173481
83
240
49209
222
225
115
91947
39418
4577
155
60645
58824
131633
10759
308
14
1085
30
158
30011
62
206
1
8
162
290
63
14752
41
155994
58081
95584
32740
333
9420
77648
192
149196
71419
48
220947
5845
62
3845
8247
28347
950
163149
262
331
12
17255
18563
232
203
28123
24
40230
284
53
1281
136707
61184
36160
208
81710
269
7572
26
27265
12486
79901
128976
86696
15079
109594
57
29159
11
65
121
2902
258
56060
51389
14366
26035
123030
24460
22355
1
2210
245
163754
51536
213
29101
112678
181
37443
21
215
135
54331
59860
77933
181
218
131
12704
5939
158
5773
28315
2030
69467
144297
375
115
80823
10
390
131
72
11005
130641
168
108110
1409
27959
174
148865
19
109957
3432
21536
168
85727
176
12295
34401
100253
197
95356
109
108018
25707
30431
136
43333
284
286
59
11555
32330
10879
79801
211
2696
16
155
243
222
105536
7081
133195
73841
205
48904
48788
69
30
325
172207
258
109
194943
36233
39
188
16834
99136
24741
232
1494
49255
11
114994
33150
10781
94779
21252
7909
66
112336
95192
22
70911
200
65562
34
53353
78013
20
18200
65948
233
47
141
91
158
15532
39847
103
5028
95
51507
1380
829
193
25875
246
44226
6
125
135
116
94663
22027
12280
150974
62468
2133
21
68
93
6981
171
103
33977
9555
25865
76117
315
15275
53613
334
201
59227
15612
137
210
115
144
10350
186
47682
1
172
87022
86
22019
15065
191
14937
157303
182413
1873
15
139
121
822
142095
117238
57
87224
110
86
337
16308
144
260
228
34
62083
34989
34778
2794
10
115
76
64760
106
192154
67299
86
176
34
51579
13
318
170
104390
42
187
174
14
126294
155
211
340
42508
16186
40
170
308
8945
50385
126
15
64357
25
308
45110
2452
149
40517
139
46814
47201
34
75
3
190
14325
52776
16549
40056
148778
169339
250
140
77
200
21613
83
54
34616
163
63
109
73276
10105
187
395
81121
36350
11249
52
235204
200
114
15839
74316
231
152
126
45313
1942
135
32
40527
35550
64942
169
3885
364
25292
232
74315
91065
257
5666
24654
84
23
156
21670
156218
224
24
4
64891
213
41181
253
53129
82475
49904
11
191
110804
294
74245
9560
36352
27420
8346
118978
50
190727
27
1
42710
7
48276
305
53550
51
248
103829
27
176910
4949
55
35681
115
18993
1581
284
268
65
179
181
113673
3611
384
218
40
11953
300
95
5302
152
115487
145
5400
249
198
162
45548
5061
25063
62987
10848
6886
163
144040
20978
68
132103
11
214403
162
89
75495
39614
180
4277
52656
17578
7613
95459
59726
37
14757
184069
143
3
170
287
79
74879
11974
10044
182
276
84102
32
15
10034
93
615
56
44191
272
395
153
72
85
149773
320
79
157178
2544
173
2124
213613
138933
24147
175
6286
53140
90
269
79414
14
105605
30655
156740
190
20
35817
60980
28276
73
110030
7
70119
61
266
30348
51012
157737
41481
150590
80
85
26069
6
6
25533
186800
36142
155
44
56
106
69885
14231
113828
35194
65883
65922
140
278
186
160
74589
18813
285
25099
176095
63611
265
156
21
12934
73
29
82
36296
13111
17999
50745
139
118237
155
29921
61787
40892
197
30
11
18
61725
199412
327
154
6898
182
6
198
19000
254
8
44916
89391
19696
20
45166
89
33
123
82528
127265
43585
160032
106
178
132
165
58439
29
74051
264
262
220
111965
136305
12
25761
11235
112768
41
251
170541
23370
265
148
101
15622
109765
88
15
17067
1121
52
11585
20224
6
16396
180
211
207
3
254
230
140762
207
109
135
33
4868
223
10967
2815
4113
102
144
45
96
26665
62719
27
221155
3490
66
151
13405
56
82
2886
1021
3
304
43145
23754
62022
49458
100
39673
56
58336
93
10009
212
2
178040
141245
188
170165
254
40
139
29584
208954
151895
40807
13
202777
30735
81384
97451
110908
30400
9729
19849
118088
76396
184
81
180
84
53278
110
111
293
92774
96494
109955
130014
3639
109561
287
86732
198
6888
104264
1062
66
117
40
51
384
105
141985
47981
102737
21
134
16
48581
44131
157
223
85157
112982
19138
44064
86
22
6863
26895
186
41730
43899
294
71
92454
6766
60729
1
1635
37870
13669
68933
18639
103933
176
64811
345
19
29
36
55159
84691
60
187
1136
89797
12184
22952
119
329
35668
77
177569
25
154
218
90
20182
78
53
13499
166037
44872
10
242
145
282
9501
14
162
206
32
89
120550
17864
128
104
115935
147
155
227
189
23854
4913
79
108810
45
3
43650
65
23
10
37
19
21584
6630
33745
276
23640
111
2127
27
11603
23945
844
99122
18213
367
134873
129
65975
279
100307
204
829
163
101642
67695
25680
220
25246
67985
87
5543
259
55
15660
109
136
67
103
232
44099
147
262
10152
178031
49
183
15941
32826
92913
52788
50470
29488
96235
9750
10035
148600
70
23690
13412
94242
7
11390
154
205
95
271
197
80679
171
231260
49932
106
84828
97
5349
38
59561
25495
157935
109333
14
70
242
145079
259
141
33585
258
138
16271
9916
24997
2344
147092
9224
8
200
263
147731
104
74
21223
27316
150388
113669
27
180
150
15051
142660
195055
40464
286
202
78
10775
135
93
207
92
989
158
36548
88450
176162
12285
110447
5592
8841
233
22935
87
78
106
142142
85536
8875
7449
71341
140
155
1227
260
258
3842
117278
5959
52561
37813
166658
44683
6086
112090
64
136398
128166
203
290
118
98172
159
69
29132
35567
44887
23918
62337
154320
10578
167
44074
88608
247
23926
250
86781
26704
9069
24
80141
176
87592
188206
5634
114
150
217
319
148008
99020
10470
77188
128
287
9
60645
181301
794
6278
2046
35246
253
161
47015
127510
5655
132259
181
143300
181
178
209
271
32058
142000
42
32256
36412
207
39
263
130
200
2204
208902
105914
30731
61
174
119026
24592
34652
230
96073
19741
38773
103
15921
195818
24
13971
171
84374
10763
257
37
141362
29
42090
10869
16162
124
267
152
324
74
87680
51464
37675
305
96097
46480
93276
84
63664
11
161
55717
96820
77310
98
180321
190
67141
12000
70468
92452
11459
30351
17
16051
49129
166685
35418
184948
276
219
121
3774
72
46420
115154
276
6
240
175719
21304
55579
69
159
44619
35
84812
130
17314
68791
877
124752
13926
218
209229
54
50614
1
18
296
50089
13645
250
98
66612
39069
7421
21
217
266
130314
96215
33
51421
2291
43613
243
351
72
24549
161
9655
134428
58623
121
56750
44561
107
82
49699
125935
252
49
155040
11205
62
84
9780
39
47598
9281
113
10437
119006
67
117
35682
148
8584
339
175051
231
128
144
231
3327
194
64574
136
12
59362
42286
168
99629
310
142906
84588
162
85408
95898
10
737
50132
2849
173
13
63
9239
34037
45
173
83
83427
1740
902
21271
280
66240
22
88
638
146
75060
78
34
137
226
57070
78
25107
40115
57167
103877
82
85
38614
42
97025
242
25
19028
169
101
95
182
107626
58
192
1
127510
56326
12160
120560
271
53820
30475
62
146
352
276
233
88
171
21831
2
48707
113
274
191639
53922
109
197182
23683
78
63326
168
25900
17
265
71155
159
45
155
122
132
40
123
45287
86966
42918
136
118
129
272
225102
19526
66721
235
9030
15972
18
3642
200
180422
28518
34117
11
294
83457
1904
114
143
168268
62
149
90975
55596
80
22836
30390
117311
115
27
50061
84724
6495
75
19320
225
71357
5990
15
93
222
8190
12454
97709
16
150
42754
39724
170
276
148102
115
220
6
20454
3
110
57306
71
179
239
54
33
158
73365
266
101729
21542
85774
160
10
2
333
161614
130854
99255
16
40851
53521
64
302
2281
17103
116747
132
34907
3
48334
3223
119253
93
4
195
167
53103
36630
21755
37717
173
126
1268
211
305
202
88
133
74814
6033
22606
51577
46
31221
87
57818
30126
19
159
118002
40924
110
20376
251
13724
14763
219
11406
195
218632
12
180
77273
82
81
159
239
10882
6
210
201
33967
242
77107
44415
148
4581
252
114476
65
94962
104434
49676
137
184
266
66883
311
5194
208434
77666
129
180
50928
5493
199
15519
214
68
142963
270
110
95978
18
25
35
90
207
59849
153
15711
112202
225730
13
179
44588
35976
1544
177764
35
120
213083
99313
315
319
46420
127
11
121
92759
27
14019
2
948
83
62
179
73982
270
20973
52110
137559
244
73758
77
73376
260
5015
69
220
10
269
56567
106
66139
12936
62013
3
141
14262
6934
310
197907
192285
47857
61799
4283
76658
27460
143
182
122934
189
312
128023
45
168
24661
5121
170350
57
44047
154
80
10271
40720
81072
23550
78
102919
55221
88237
172
360
117598
38622
152009
10553
58
8367
13208
15668
112
24187
22
105135
72396
61357
109805
267
54
205
204
164
55581
124
2397
106
58336
9645
10549
135390
81433
34131
25517
144714
61
125
130
148730
36
19499
89743
9
124
101
82813
26218
76929
14251
64122
249
81
135634
105
87555
123811
278
24551
140
109939
34594
9389
7993
259
227
36985
262
9694
10
161
54338
185
30
200619
173
117
220
21
32
99
74325
23427
171
48
256
74
100757
139
82
77936
115
194076
18854
65236
5026
76
19953
1
12
93
102
196
98432
133
11524
128
58901
62075
43575
98
39019
230
81
12227
8295
16
194
116
254
119
208
134
155
275
185191
1
10
348
49
9388
267
261
85
72610
179
55899
157389
155694
272
181
329
109
22270
25487
899
105
163
217
133747
94
12
130
17864
100
121360
66745
5040
127528
43593
23172
221
114615
44392
39901
234
133617
9
8424
18517
134
149
45948
105376
4711
159
16458
16617
226
91353
209
1509
39
250
83
64017
28301
60903
5694
146
63
71573
173
240
291
267
19707
192
15905
33487
134382
84748
1669
114
113
12189
182224
15167
5742
57
260
2720
78686
189
55283
6
128
7456
86306
113
35260
41097
261
161
122
8341
26438
20151
125
206
119850
53187
105
1296
124653
89471
185
87
2115
208
95
50418
33245
83368
56329
71855
280
285
126405
47
63
175
186
129
308
88
53
97
254
62
114
45248
3338
298
50
177
59804
167
12744
84636
216
1
109920
98611
277
6
77215
341
215
192
71902
116
264
2000
18521
81
12031
48
298
252
32605
66803
16387
38316
140
201
202
33552
213
6584
102632
25
216
214
44
172
863
143
70012
27272
22379
38356
258
85239
1077
11731
170
40929
175515
172564
146034
106948
50921
48854
29972
2
27463
54652
182
97331
160
35
2309
123862
47
68798
152
16
86441
33
21
174
41
170
22715
181716
6071
297
137
14239
216
259
24860
30
159
697
204
22397
212
277
59
108
20379
24
1
85
32106
95609
320
28
40
120
13217
85
262
167
108360
248
237
906
22133
4820
164233
244
50415
21891
171322
247
105409
19929
1936
214
32495
253
20099
146504
42
81
30906
83639
21543
51786
25794
66443
114
174
5
60
19675
182923
89355
24733
105975
5502
46968
40433
11
94
153791
13
79234
204
122
19
174050
75
68996
15
57491
67430
136
66
171274
175755
97438
116672
221
191
20446
21545
155936
157
136017
150
221
67425
337
274
192
221106
292
4028
48435
163
46
363
5753
177
31
52610
167
151
166
138
49087
36652
12
241
151
250
29925
165
51696
131
170
85582
145
13156
23799
38588
100128
94302
213
54
94
135
2894
65
184
35239
78766
61370
186
276
148059
11102
9022
43677
21
97720
170802
43792
39350
223
241
88662
26282
232
127
2533
13
36105
153897
138920
113514
213
23
58
273
18299
2693
62
89
31229
30040
56306
107
47543
230
38926
226
52906
153
52417
87172
12
278
47414
54
126153
92
7728
36507
224
238
16396
282
118622
7387
1871
100680
141253
102
53183
113655
57967
124
103916
22161
51668
4512
186
118
254
278
20092
206
35
138
87687
277
208
2938
56780
181
317
46342
21118
221
59687
121
34398
89
124069
93
146
81
10070
91705
319
22292
139418
161
7270
21962
65482
38083
3558
2592
38515
96
34
104
1157
134889
38880
243
88
124258
26
52
30197
49416
126
117
64775
17382
181
100
181
125
36314
147943
29652
157
16999
19234
12352
116
266
102
8
5591
67956
244
404
154
2839
152294
170
279
164892
59309
239
100278
106021
19127
24831
1595
10185
16415
154
5407
198
82670
127745
442
133
256
53
107120
8573
44225
68870
213750
3
2006
153173
4264
5903
51722
118902
54
207
10411
5679
37
104277
87538
15
102
183
13
51
12
280
151640
140
65
27483
249
141
54312
274
7216
246
219
81249
227670
314
351
312
617
209152
35
43561
72752
223
123
27101
83
12205
165
111989
143953
8616
50
280
310
6
97
2112
118936
145130
2834
39
318
51454
246
22937
166
28399
3
74537
51147
301
1514
106
17801
4374
53
27493
34
50
111
923
101
91
281
89509
337
34470
95
24309
50392
230616
356
45162
113543
25
98766
154
19
267
59997
138
119827
3033
52
172
71861
4793
248
91160
85
11154
1
5080
13516
180
107
134211
76152
151
6971
61907
195754
85885
115
154
260
176764
103
109792
25640
97140
2108
13725
42345
243
57
94
77
193
11
112231
32704
120305
254
22148
72393
22450
61863
84
90
221
39
321
68294
70603
23435
18874
76
112
185
168
257
158
44
62762
248
97
7280
247
9625
16302
58564
144
45371
4051
75185
40949
89716
68791
58
14445
173102
43829
34111
8334
928
344
15286
62
49
383
88
125280
100280
228
25471
12731
6
188
127
28
22589
136
221
15606
134
55436
68302
177
94571
172382
246
40
271
25
126992
8484
300
8569
174
251
236
106922
103514
94540
21384
9006
12347
19950
68198
104
100
14
35067
45076
56243
219817
269
32570
12626
80
96601
15
2118
189
118615
186382
110079
144096
106999
278
49317
1124
76
148089
245
180
36307
51
132162
441
3714
104
44738
21
114355
2077
44379
244
255
42157
2341
125146
6451
112
13802
143
8009
72893
39685
234
31511
224
3710
68489
95
70534
132
81462
47856
330
72
137
677
8
245
91
60
192
112
200
61800
6039
235
42307
1621
39905
41515
317
106
24
15857
36
20373
359
2845
1175
14719
85
114
51
1496
13006
36
173
71054
15439
110
48
160
81504
32367
150
127
15186
78757
27223
24013
28642
213
146930
15092
25451
118473
14087
78
135684
101439
6
105137
7772
354
26
110107
48
67853
189
116604
103261
16
238
57030
76818
131401
123064
15694
31869
186262
1721
2736
176
116589
296
1
206
103
160
13986
10
196
194
51156
197
75630
285
180166
203
158
238
34401
953
209
42
218
175406
14139
41045
71349
22056
8909
87
109869
88529
12
14823
153
42069
19972
216
123
185
353
121
15280
4
223
44776
36933
112706
310
246
3713
292
263
273
270
64554
221
64
216
36582
134295
44350
13790
159440
45
270
104
123
161
56616
117281
7974
87450
12485
35104
42281
82706
187935
66547
68490
8
249
71229
154513
4184
47
6
85378
183
143
6126
1552
19
193
17902
18304
84106
31783
20110
10
166
202
134
48380
30763
100
25
167249
154
62836
3
284
329
11362
46
189
301
156691
133387
10164
55
214
111
337
682
314
6
55183
128
134469
37710
15760
54016
127936
158
237
103
219
169150
247
223
11326
135639
28474
197409
57905
26566
77125
15630
141028
164
177
30225
39
25
34199
41
191
134
113502
15046
49
34607
50
197
62985
188
139
2588
213
146
240
127730
18308
116
224
1357
96
30314
13
97
331
60779
69
169
12320
165
272
34438
17259
32551
1387
65456
268
57063
135
160
105656
13906
160157
70
183
225
313
86
9559
5341
185
178865
17761
20501
83
3
75515
14766
40511
66262
112724
52375
81919
2880
40480
1
199
189
70126
14
109
61757
27335
19
7216
31691
176
200132
46277
192469
20598
71779
1945
688
5011
127
1
162
76503
8638
1386
87821
128
97
143452
100
35751
294
179
81
62382
8591
335
52706
163
45696
38688
12989
81
94037
109
21
254
94754
154832
94
1
10681
151487
85351
272
202058
76
87238
259
66201
2138
119
95397
15066
955
16623
1702
1861
437
4056
38770
128
19
37318
1605
12
28722
45684
94117
112
64027
24165
132
158
153389
205
4696
119206
111852
268
162
261
48
206
147577
77665
178
82127
29371
20570
892
206
11966
121420
26544
84524
95
201
312
112
93
45460
79
141916
105419
70
54730
55259
28056
70037
40716
81495
73282
129
822
112908
157
10744
16511
41829
130
85420
122
129
10793
100416
502
92737
171
133
21320
165
7949
71
72
94274
7531
143501
138824
40989
283
84255
59421
1365
54
59
52158
31051
145
251
195
189151
217
139845
170
7443
12966
36
37
10824
295
79
175
91
4452
55
100
3243
202
147
22109
250
23447
80888
126609
42
37932
128047
73299
61306
190017
68
31110
40769
26352
36094
119
125813
52659
96785
115
49484
174506
240
204192
49585
23908
4417
121192
49
134
319
21
66358
2247
152734
93
43607
37687
35
105210
103924
33
260
16606
168
254
22832
45767
2340
176
19875
197
81
205
11123
10207
64710
2617
174242
284
182169
283
146
58
153372
12
78
121350
203
15735
70550
8
240
262
51
51
283
6604
75684
217481
217
131048
169
42190
157567
176
277
38123
81
1127
60
86981
221
153705
57799
315
111
2323
118
161490
59
56086
36
316
6
91
150
96
6
99018
23586
27166
326
110
14312
216
25
23046
23
29431
146974
54627
136858
237
23918
78
247
16274
50649
112
111
131
144
73166
144
38265
152749
31
269
5157
58182
31
90696
18330
251
83791
28141
242
189
94918
4049
15730
4394
60
50786
100394
209733
26258
152968
137
98285
115067
44579
111
196
96222
55
39
84
208
260
208
2592
40
345
273
352
34942
33430
67766
41841
174
221
122
258
214
65932
60854
64392
288
77
33
103
102208
3120
17986
214
183
157
217
76
174
22376
10379
24618
32391
13569
115
2167
104408
6949
25226
32
44
176
136452
158
20537
128
132
92
43974
12852
165
78
5082
307
55
28111
248
64
57528
156
119652
286
302
220270
198
52
172
41298
35
55818
265
146
18554
18290
3048
153938
139383
26343
196
52377
306
155671
57
106
259
19384
151
30361
45
54
233
36206
27622
99313
1060
376
125829
176
32263
125564
264
117717
3
118704
77722
133
9316
66
13057
99017
147
1351
251
174437
129
106950
161
1793
26270
47796
259
23637
24095
84322
33379
125864
214
88724
38257
216
178
22852
657
3531
105229
32606
141
226
62775
84
12615
160
108996
68631
1299
263
70939
54014
16273
201
169
258
305
214
104
92507
59313
166870
137
4270
110468
164931
43792
100967
28
201
61
184411
31481
37
162
6
246
40658
17
38
227
210
10679
257
78183
165418
41773
73926
245
26699
268
20972
4079
44713
60057
139296
161
80756
20156
104
31926
193
80458
11465
191
119339
164
82494
202
48146
98
66
124
157
47
88
103855
116
246
236
41982
15015
40885
96909
43
44443
43721
125
59741
3440
31
82
10731
152208
51493
129
43176
70616
31280
124724
208
84797
77210
211
159
174
50486
276
153
31726
102499
1366
221
113
199
226
5449
200
47
156
182851
329
23079
39248
63615
60090
136
139212
79
151
53752
36529
336
19
149
85
147418
144
140967
80
71050
27441
158077
50274
5287
70
156
281
206
67272
97
161
9412
130189
4971
55423
55137
36463
177
171832
46106
184
26
58547
245
28
8986
8818
26521
55791
230
73975
87996
7965
154093
231
79
55239
195644
78
20
91055
167
116847
11786
160442
57
113
225
30640
98400
59935
269
66125
180876
2170
27157
36
41
173
63
277
15
71655
63914
113
213
90269
104647
69
325
70395
27655
24152
6846
33538
66362
12021
132
250
24
130
74871
117
29136
55647
101047
104844
1179
95565
235
218679
74
200771
74993
38052
2953
224
19619
100346
31736
10
56425
106
129
108
34711
86677
14
140093
163207
171441
160141
37307
113782
37375
102967
126
63
121400
237
211565
165253
138
10732
237
124425
90
3149
182
39213
120
13808
47
29386
40273
111
339
72
200
212
8186
161945
224045
46502
55248
231
8115
142591
208
115
248
113169
12674
157
38312
687
110639
75337
35
171213
29742
23082
220
179965
64
77
62772
35013
32289
226
155
586
8848
262
90890
194
3647
243
1
212
73
278
45
133
261
58835
229
258
240
33156
255
20243
103
285
23666
213
4084
178153
126
86401
105935
31199
49641
89521
252
5618
92487
154562
227
305
70979
95876
13818
53867
13584
45328
27
63
86663
103583
86208
121197
286
77
288
63
105905
162512
256
169
35
2803
6974
197
143
104
51132
95121
261
33565
27913
68
137
304
30785
139589
147
64565
73022
80964
35
147076
262
279
152581
62
69663
184590
134
77813
27143
127
190
225
29879
8503
296
179001
77052
69274
185
336
40069
245
83061
16
29
281
127
324
310
6
374
4606
74009
15685
61099
9392
75
5965
169
17038
194175
92427
319
101
15256
320
175
280
69645
176698
391
43033
45
9634
58024
170
53
137285
259
136
135075
75113
36
87357
23151
164
48650
23746
253
189
137
75
108
175075
174
200
225
21030
181376
7235
59215
32947
421
11426
313
161994
28638
188
83751
13601
121586
113747
18544
6608
12372
155
123299
102435
58120
7486
10114
31593
375
24671
288
6
1334
217
6231
7
54938
217
3879
106
6869
86603
77757
86
144
8425
261
17445
184
243
32
79520
19
6815
4403
3192
71
120366
28046
14
100331
237
33252
78
37210
12902
214
39
204
20372
187
272
7547
32808
14990
13046
174
169
254
37
26282
265
11453
1560
163
207
147
13692
273
306
3699
202
110854
236
552
77775
226947
203
303
76
70533
8024
92000
175
83293
1370
19876
243
90459
35
10
16738
239
140
194
29713
215
116428
73630
93
287
4866
163534
148576
63
36
44
90
206
4412
139
37765
41235
100
46
17552
153262
86
146
71
34622
80
134
129
169532
139
201841
21954
7084
59478
36391
6159
315
52961
96321
75212
18827
287
1
41706
27153
279
194
67340
184
162959
8685
209
274
230
114
6337
62183
118
58316
151715
68735
9709
209
163193
71107
40251
2734
1
289
110425
10784
3921
53453
28542
19865
4081
23480
190
223
184
6
64662
9
235
117
39681
180926
90436
1113
106
59
18909
183
37079
173
2986
104895
174214
282
40243
27247
158
192
106
172
33
54269
121
45
121315
17275
129531
317
84350
109185
99828
192
90695
46
14685
146685
15355
170337
93667
18558
294
251
139
11925
239
208859
229
70
185
169
264
3
10
25987
63
131655
153141
145615
310
54
27559
166
157
59959
34349
29
90072
53172
25
101552
4103
83
74438
190
123
150332
596
138678
59
36
10970
232
124200
73452
46024
365
258
108021
112
230
44354
647
57701
27499
192
136286
10409
162248
89
228
306
1052
45467
166557
198098
226
34257
236
105493
130
227
65
310
148620
25
11550
15866
114
192
270
176
12588
94
134839
76258
8240
19
104
242
125502
4
27
24754
300
236
140214
193
41127
183
21
19
6144
66586
24807
266
5905
30
22233
26
77520
268
165858
65
18566
87776
83564
126
18447
116820
35
49
179
59179
21446
83508
205
64
121
208
10921
1928
144414
118
43
197
24830
69967
67424
41
224
27513
93
3321
25520
124433
90
79
14654
5433
1
26195
97564
141
162
13050
134
171
1647
44629
339
97530
192
56203
10433
37637
110641
135582
3
10838
231
37
227437
123378
232
147797
4555
85685
1680
42
135090
176
127
99
284
143730
2814
64317
71
82106
62
141653
154
186045
44
288
54159
22418
302
151692
115233
57557
140480
37311
142
220
46
30890
69823
156
178547
58
38168
98155
29953
34
44456
7077
133673
68
117
138527
703
237
68
70901
102678
96995
33
92927
6220
35766
134795
25408
11135
1395
23456
346
208
216
141729
114951
228
156
32452
98610
65619
36262
19
297
14093
61538
45355
63377
186624
53033
16890
28140
137225
151676
18
8
13
198
128
13084
83757
47
148272
158106
9273
117
15
102848
101733
155258
88846
211
25204
225785
64752
80
276
99085
29
244
12869
21157
23484
119020
74308
265
36
69726
29940
216
31681
34827
205912
102908
22
291
97391
90004
7
74
9405
199
62
1
49
253
8610
213
59
185310
95296
304
113
14965
250
27
289
26745
48
2605
26
36775
183675
307
14451
36
34345
27
1626
223
620
11911
133
224
224
8131
243
71349
58085
6334
213
21
44337
277
17645
34825
23420
23660
8
104
19
116
71
37804
9526
19881
75064
23
20120
56936
139348
43692
27538
85161
26108
31
126743
160784
134215
65
2417
167617
93
46906
225
88617
101
38034
69660
64034
43
58330
41044
814
79
125
54827
127080
80184
68964
251
111173
222
176839
56402
22
27068
91
293
22061
6
6140
50
159946
193
33718
113386
121421
158
100
116776
108564
14540
335
41243
27546
40301
110114
27447
307
61751
209
70613
272
99499
296
8
64732
65394
6934
108
14036
58525
56556
353
6383
111
53
66490
4
34754
3781
12353
45
203
124905
271
18689
84137
185360
228
68199
214
7852
85891
155
148841
266
51203
50
131497
1324
21766
108
79
79
58693
46202
367
58
277
177644
15179
112731
147573
56824
167
68737
242
153
103212
56093
333
69483
297
120398
56
157465
54949
44974
197
26973
42123
6
50341
30386
124400
138035
40737
182
31133
183
20164
184
19963
223256
31349
27522
64
665
36
64
173858
277
2950
17949
221
21
11808
98587
65
78249
43114
2
16872
41518
122
392
124296
244
23529
111507
95
203
39
65771
49
296
11449
138
274
48549
74
66058
104
32702
2038
107
193
2125
168284
253
71
46131
19839
98006
18945
151
187
74520
135532
264
285
15076
12714
88
179
6337
6412
78
229
21
64
84704
63
44
168874
29910
76741
6792
198
57
86761
22
90156
28977
12846
202
257
190
8796
9
48
181186
43955
110
21550
113908
134
138887
189
130
182
218
102773
89
20075
290
196818
172
28
52
56379
38
2316
18
26683
123786
322
102974
25353
16
6709
158726
46392
9589
109296
154
6440
70844
162
10
10
140
11513
93
103
131
22136
132609
161
110
79451
15289
145
18508
372
319
101
32466
112035
248
230
116821
199939
109
295
61
12131
205763
144
24500
25075
38
261
114570
185
145860
15407
11716
6
36
35951
206
17740
45
186327
7901
2814
53
369
7462
190
132
223
200
98205
100564
290
1123
63
974
109679
71284
275
72717
44
6
51664
33833
188135
38
168554
250
57
46079
320
27566
99
2143
268
213
184
225
57622
19996
148355
73970
2948
216
18107
155409
12440
1013
14012
111524
184
48735
36430
282
37178
135
64
15
116
13804
5
145
30513
105
276
42594
31662
25240
41549
55274
65
153
168
182982
172419
288
249
58
305
244
168
9213
38777
12295
6
212
34998
10393
235
81757
3
81769
98287
248
21
234
101727
14823
54182
2236
153981
101510
4
104664
84710
159
251
37846
136384
82528
117
190555
185276
48480
2767
299
157863
184745
312
87
18306
6056
207
34925
104
259
215
96411
4049
4131
65
261
4545
285
91281
239
56056
66612
254
86
33853
27177
22001
118641
60736
6303
58474
97001
59384
67992
3
218
162636
202632
61237
33
40834
160542
41788
255
74582
23855
304
10538
117673
160
280
177182
19
25073
41
253
41
79260
287
16824
126276
173
86857
216
182
69
7
213
120615
65
129252
12956
22
20034
121858
12057
99095
1294
218
77311
48458
192343
244
135924
153
208843
373
184
110464
105410
278
185267
16146
35837
263
3358
57
29
143537
22
3688
22968
14847
191641
44
188063
15
45
125682
275
169
183
126607
8056
224
10359
111786
21
246
77159
130
110751
100626
94
268
67129
4
3601
101
242
234
262
12769
19889
12809
154
164
55089
46728
94
219
186
58315
213
129948
3264
162504
119
1551
22765
144
49346
201
35438
89
146
26
100442
164264
4370
111557
131864
97625
81810
145079
1770
65122
40
167
203
68
227730
208
196
141
11
112247
107
3961
36760
43132
153
113665
227
78371
1
319
94322
154
13232
62
51633
57172
51
168
147
115303
42
1305
96920
90206
74759
111
123481
163
15
217590
285
61546
10423
134
2382
66246
24081
8928
49607
73106
306
26925
222
6
166
15575
267
34865
34
39283
206
82
92
4154
36365
51510
108766
232
88268
183
283
162430
121
35611
4573
20549
16033
67246
278
128215
65964
11894
106
165
41104
149689
71588
4560
32624
114
162932
109
31081
196
189345
214
61214
46458
84
207
253
41342
191407
120185
211
330
94447
249
174
111
129
48307
49
77318
128218
135
125
682
39
107
13593
218
109
26990
60228
249
173
58553
26442
185
21
53993
37
63827
42217
191
278
106376
23268
107709
57208
12775
135428
89
409
319
67633
81003
137571
301
119472
246
130
15881
177224
52428
233
180
1519
35742
30
269
161047
64
86783
21142
17429
66
38061
75
138060
244
322
34203
152
78821
169
56
277
80148
92301
88
187
13949
60859
78638
25003
132678
12690
83498
211
3821
91
29776
68380
49
17773
75
76030
1114
67
16
10
351
229
156168
161969
114191
331
16039
107
24290
18
207
197
65570
141698
124
34841
37906
85
420
6198
235
57187
344
110479
73550
44
56692
111842
13357
288
161836
696
15403
11207
1439
17372
12840
316
30922
35885
22584
147
77
158921
6
162283
154
81
147
187
129883
75604
224
237
24659
215
135
1187
24996
131888
69650
70
196
161855
36933
10948
198
163067
242
133
6518
4
104
76710
2571
61
36328
180
1134
95
87
354
10
108699
1714
60774
64660
38224
20859
11499
767
263
34662
157933
199227
173697
33937
63786
15563
28
111
229
314
12577
13877
33056
264
163
129
79
154145
116193
27
62712
65066
208
52288
134062
71
7010
110844
4676
33521
87078
263
51
134
47
59
192
104752
49
125
76
181
128
346
150
18425
1232
127
226
1
6670
266
143
131476
268
108
158
17335
128144
38546
269
5006
53420
308
198
77830
97158
68
5336
67
148428
142
53
546
37737
24593
333
131
70
15753
66
1453
266
156
97
68230
121583
77433
172
334
112
114
28228
174
11
207
204
78131
111
15045
118
48
310
111529
215
19439
140245
274
14765
198
115617
192479
122483
41692
33
283
225589
49
61027
43
187
183
208
23279
14081
152756
17738
3840
174
76080
38429
20671
59
8
201
30367
35253
139
283
116
38429
94
1
72547
27675
75751
252
227
3
236
209
4501
132869
148
14696
34
105456
191
10179
158003
4409
336
48386
15367
37
24815
171
73
318
9311
5916
220
130
144
52
11
156411
25552
24244
229
171
1
164
3
173905
39951
32152
88302
27652
44681
118
42117
23991
42885
246
167667
402
130
3341
26077
17
80859
9227
248
68956
168466
3
25811
38
3
277
49
108922
109622
227
38
1872
141573
71
13245
8278
283
1546
233
259
72617
69651
60324
118019
20756
201
23398
59938
193
58765
12663
267
135448
233
69455
1928
31339
6718
172
67536
91068
145
37720
46
169
56887
10
120
10
213
66
286
116651
91
6855
19643
196
68477
30
163
67956
204
3859
45
29220
155
33256
5921
191
136
284
66712
63564
117261
262
43206
128017
142
17695
92
146772
44064
167
335
178
195
172
95406
6691
33
153
60404
37
93
227
73
161140
8
126
3612
11
100933
82277
15
143783
57
195
4199
1243
110472
50198
223003
146214
24729
9944
44000
257
7
130145
285
97926
196806
79
235
14814
82394
8082
16032
39852
12535
28421
294
97012
277
87143
127821
218946
53
129
79
72
74771
94
19378
66987
59593
58
8254
239
27008
62
156
119
51
29030
10137
12715
113
161
64103
285
76887
40706
205
273
35544
157724
15648
63970
46669
41965
202
68335
82648
79
7
100562
132
25934
219
28
2001
56564
234
10810
88
243
10
39690
78
19149
9123
208689
77231
75575
120
4
51156
16
227
120878
1384
45646
51287
131970
45377
69144
83
133
136
10108
50184
13825
4141
51544
289
18
65939
64
6201
271
192
68441
275
27252
29
192
152
14014
71
10343
32905
121278
31110
24802
306
220
25
144606
151861
101
102594
123942
25
82
114
98495
238
236
52341
13
12397
168250
119
33307
238
141
30967
212074
178
38422
68
53
39579
110
183
186
7195
138
120793
117
11625
37737
1239
9138
328
185
17012
11590
111
225
78691
142
271
33400
3275
107652
182
48
218
183
32497
88582
391
147617
338
59006
229
66009
18185
181251
174
231
149
82454
152
102
128418
80206
60278
131
105802
96207
29
37
54874
41854
17118
254
107
167
1
185
79953
6910
105829
143
107
188672
17157
184
47
35938
23275
152
31785
268
213
192
123563
8846
108340
48442
69879
90256
62521
180
140795
180
4247
96
151225
120054
117
351
103254
5056
15267
119809
272
100874
40962
121
20027
143033
1
20674
121
31320
93
300
218
29
174006
280
1525
170136
6618
38152
175262
166
102
265
234
66
3389
122
40772
119
1123
21
31
95
315
133
65258
144406
1656
182803
136
137
152
56067
240
374
156318
6450
50755
106357
3567
210
22920
145
56468
129
233
193
25093
33738
19947
15384
21463
84530
26210
40963
60
3731
21318
39
36300
83
173
277
36
218215
16238
44669
22994
331
278
40151
15
175
151380
93
143
6961
17977
10133
295
55446
83
57589
77484
19
10780
85827
12231
308
218
320
226
110
3
151
62
10431
54
243
119
219
302
87
57
6646
40620
52708
11124
189
109681
101
42261
89
173
239
127
221
57103
7385
48384
55
96
51379
62073
327
76126
90
260
97
65
317
123
56
61683
9355
97605
36622
254
108
16066
52
281
272
13886
206
206
95392
138429
162
41385
282
216
39
151460
6987
246
86
121334
234
137
7367
29641
12782
22
59284
64
117
316
11
8298
33638
2
224
51598
80400
8826
49183
131468
30853
143599
67
123
121917
87305
4360
1516
98
13982
187
8954
148850
92662
74
102
15659
56
56
118
48
331
232
13309
140
106499
1
31
149
14003
84937
38554
15
253
75443
116
147595
55
301
134
87
240
153
11183
136992
67
12533
117021
195
85457
1465
258
5655
45
97739
156760
307
136981
42279
25
18
89
175
195607
3
49291
8927
64
86498
183
127
243
34912
6
324
188002
1967
57
57089
123623
228
6813
43989
78
18409
95
111
185965
114
667
20012
17
152
173
62591
74381
128
48592
13563
49
3
92
4633
202
296
19958
207
8
82019
28970
294
44017
90634
7306
34
191868
47201
216
336
36
50017
40533
22977
37244
33045
170
2076
105586
47982
18477
224
130
6700
220
67084
125
91
178
31039
23320
148
168
60198
15984
67415
16700
54941
3
125049
141679
6467
21
46
24
80
206580
38707
181752
104
8366
12858
52112
78434
38457
127
311
103
145
23846
212
40
316
13521
46
63
123809
101
4703
126
13837
172354
12158
11901
126278
13112
148053
116128
50
53060
10018
23263
31473
44
61673
2855
54115
906
100586
164368
48164
91599
178
82
266
15574
250
46739
97
335
34
60985
166097
117841
185
619
338
107
251
133
307
111
209
97808
13
39848
3675
181
183
113
4450
123
132
99525
25643
225593
31158
35642
169
220
38315
5312
41687
75
88994
291
81662
45538
83312
35067
9809
34
11
56602
192
9
59485
3753
13655
57
50167
78196
62247
257
79041
73716
197
144
101211
17951
87223
50
70
75691
4
167
18
143266
63
3
114535
6344
463
159
14303
283
3472
50031
243
28
74529
88
192
29277
92384
17
1199
234
184
43754
16362
206
23999
6335
71
13816
27
59960
57859
106527
333
135445
254
24093
275
5
41
205
137
197
84
112089
89715
159
138390
68
260
241
24581
21404
27
72
89
182
8062
107
194
161
128
45806
304
64040
173
289
106728
107510
40082
16
14439
157391
195838
32
67
272
9729
42763
12315
21026
215
213868
99234
45
143980
112628
58751
19212
108
69863
200
77205
3783
220
115866
24748
46601
171623
48536
69
136452
1773
131
44
243
178262
19777
87653
2126
200906
82
294
135479
1
71746
257
81564
118
172
45867
13
115038
149
125913
348
3
106
42892
54410
29
20232
120
55463
96
164
103842
33
255
101488
290
299
49938
85596
13375
79
194
123
160334
75820
39245
6344
67688
33254
178693
85
63
88
167359
55915
249
49328
22
154
71855
32
228
32392
36078
198271
7562
142
219392
59367
111597
183582
59450
70
44
61926
98289
108
155
108658
98778
197
51664
136
67875
123083
129166
43972
167947
35
114005
16168
126899
310
247
102
101940
53541
71258
1534
144937
112
138351
76349
19869
41
138
182731
342
36
109
416
39269
181721
8993
38626
190
45667
75
174
33663
49
87706
24
38502
64044
2308
135
6
5009
7
68726
56233
294
62
126977
129066
10280
173
225
60995
12902
49755
19164
19362
11222
11912
32920
32
289
182
95354
112
241
109
14125
280
232
30220
63467
302
113236
72658
61596
30
55726
116
105753
44741
108650
131541
16344
6
81972
4296
92550
39
43
300
212
118928
333
94234
46646
159
201
12
227258
81299
31190
307
45681
154
58576
7139
113918
46
6331
84339
95639
167824
58
264
71
94593
10799
150
318
10980
210
13
13674
88547
210
36434
278
78
379
211
28932
107
62
50
30785
179
40268
34135
14749
21302
209814
33233
4891
130571
312
651
21
2188
2465
222
55815
122231
44713
70531
144293
35776
113010
98440
5995
99
82667
190
31743
38530
101
3
14693
231
85
258
163
74705
23150
7263
154
140
58
127
65147
100457
46739
27768
33909
75330
43199
1641
20045
307
233
63345
75
41472
253
6974
12445
161161
14666
18810
307
39239
131655
47
875
182834
27
66178
131
51018
216
66320
52617
25717
16
30300
117955
126713
126
212
151158
7517
221205
112
128875
68
29
66
110
57903
193
109163
405
122275
140639
172
101766
265
11302
2801
252
106862
252
16565
53
238
226
109314
307
184985
195
23
33507
33837
596
106281
144
206945
16512
15291
5163
2255
198
84
41821
274
148085
211
135
82873
91507
45
188
26735
27434
8
84981
22824
40980
45706
262
24509
92
121
73
37
241
10566
182
84784
259
254
2
80889
22
36777
13359
2058
207
259
186
5543
80885
41
126661
121827
104
24255
103
203
1425
128
58
3779
18
127
254
29065
41256
35972
3396
61666
150
114
7648
64284
29511
1
260
270
162011
1
199
293
70
215
30
31325
13860
49051
152668
29
73
42899
244
130422
194
40197
73807
93
22644
120582
6
72
123583
38929
86
23268
13718
86
94
228
175
21663
100514
67
8650
54428
112
2061
72164
45146
201
52995
64959
66926
60412
31
141
6909
199
67274
139
12922
4117
6
154
92904
7085
4984
8972
26099
171698
124352
200
167722
112321
70
19285
163157
30
654
60010
14099
218
256
2112
177
111119
31532
165246
135647
219
91463
290
73579
209
112
3
13900
164
257
11
75407
8482
16813
25975
121883
142330
9480
70743
35362
134549
155
69363
77
140539
3
201642
79
13591
124
3671
226
119
204
1142
75508
62350
74852
1
175264
9687
6
80639
76
15786
14489
70916
190
364
76744
81087
257
47
174
216818
122
122304
134174
15860
46650
38634
43480
58266
223
156870
111
146
75041
285
21969
135615
71
40275
13450
93
95
14291
59759
155
66
29273
122
154526
126465
197
82012
67942
8099
108167
2990
199971
211191
3238
47764
162
295
45084
4
23349
26187
47
4689
24933
133
180
35327
47
2030
200561
1
107446
95095
306
28138
89
75984
65
74
40887
87705
5101
212
100
162861
146
283
96275
251
6015
47527
146619
165492
233
148059
71
61
27891
185
157024
99724
155661
282
251
4031
147
3
5806
117790
215
66721
71689
21
18596
321
102
285
213
7896
75067
180
4629
104
127432
145355
125
321
26395
1977
135265
937
313
271
68
249
1010
214
225
15531
200
217
5765
35004
308
6429
69
96180
139735
185
68167
58
99344
118
64586
47025
188
1898
85
22174
82605
4306
26
20
54
85104
56675
27756
33660
118250
17697
283
93942
11
15453
181829
11460
182
178647
76270
53171
44430
340
79865
8378
54010
108419
670
190
163
182
212
156062
127
261
12120
1758
35795
264
5637
59186
138632
7
93866
46215
82089
33799
5987
94
240
107
13
209
3639
118215
205
31130
173
59745
1181
64
44
11178
256
168
214
176
181
280
257
118049
96
122
365
1852
78
99
62653
19148
184
108
222
6269
62533
35
51072
239
253
8
63058
184
81
124092
64067
286
45937
232
144
290
27800
250
53613
106
177325
78372
9483
106607
57187
75504
43637
36
7049
25626
42
43236
11159
134
242
187711
4123
69
15
1701
156304
78424
17292
100913
229
42588
152
17674
339
87
370
270
650
9982
252
147422
151
14
8
2266
1947
92
287
48646
40416
208
162168
88591
242
63559
62
83
182094
18
218734
5754
19
73
38884
57
48
112422
53008
54434
46794
4752
171
11565
48409
18384
12512
141
10394
218
72
100
212
263
209
71031
249
243
24211
297
115
227
88
135656
256
21881
27170
95722
87317
99435
235
26034
18214
26508
44
46148
144410
201
25092
214972
243
35310
317
1
16
144843
239
126
96047
306
110
2198
141
229
86987
40
244
17
139
98
30369
48
206661
268
202
291
380
127
38186
145
5
68
16951
191
1
129
180
208
269
276
312
202
233389
8958
213
151262
118
2140
46392
184276
91
148083
178
305
72
46
15924
90762
65
57681
84
205
161
103
119
12
67032
124791
145
150
116
56297
120
233
81
115778
238
47
110529
90
241
198
17476
20223
253
24019
30392
149
36333
8
255
176
208869
232
8144
78926
74
2
171
312
297
11278
49162
103992
224
85
1459
13265
178
77
37
1156
17213
55
100812
223
257
136
6402
22532
15619
59225
19603
32
1407
36013
293
35
93270
42924
125
163
16
179
18429
199
10
102
63443
3181
18378
90680
6182
194122
16088
272
17990
105
60
47648
47
63589
172793
26141
30
1438
69892
21721
71151
74891
224
6280
103
219
53673
14338
39895
34
146
334
43692
323
4
7
97
209854
110
189
284
6482
26982
241
47740
95458
100
179
1
196
96294
56456
63
53317
130066
235
84
170
121889
288
144932
11449
194
32564
21716
68510
35138
11928
4246
23928
151
51
75
17644
2501
49515
4998
32003
235
40847
43787
158
121442
5959
1635
188
5497
324
100
117789
1674
195
66666
90
286
66787
183
99085
1252
181513
35588
10798
221
35
70
38479
149
37880
43542
2792
144632
106834
1216
2537
70383
212142
4914
59382
149
133912
2651
209
265
328
113526
55647
154
246
11672
173904
90
32743
48971
34164
29184
119875
28
112
146055
144085
37573
315
41234
9644
50168
67611
145
41451
16135
13
279
194
27212
205
224
5700
623
4280
86
1
176
120
137
6886
265
28
58
116
8154
90379
26829
110
193
103
71865
143735
179
253
106
110
113
172874
249
76
38543
214
15
123
156
33
233
216
21584
45184
26426
129
113
99860
93
25307
137
12143
55257
73986
78004
14
129046
49
21852
203
105785
91
192066
128469
67577
558
18894
5838
4
303
207
173
24954
90467
130
67
130
17
101050
39
30
13
36312
144
7151
16323
252
4
91
75407
37196
81
307
226
56637
164
10828
22264
55582
82536
36354
39
185988
130
158752
8623
991
178418
313
90
467
111987
16145
178132
6803
22281
48143
251
25027
230
137988
143439
104223
33201
93028
166382
176447
107970
28598
717
293
51530
900
98665
121
113
35657
16258
216
28348
52437
7007
71160
53255
309
1841
84
94
114979
172
60
36059
189
25818
152
13769
23855
21946
62
45
340
4098
113185
10860
19075
200522
104
136
51732
44281
154
269
321
52714
27039
60855
102881
300
233
1390
74
302
9162
42533
176
96104
253
2726
130398
103581
333
134104
1975
22333
39286
82195
4354
160
63770
165
68904
160442
187
316
89
169
9763
191
6
219
124
14018
82674
16912
303
40
3792
275
146144
57
68584
91
359
260
96
75
39
38
129866
58239
234
29
4
130
222
6906
102
204
160693
84
81
47455
65
85
54739
134
45
12481
38378
37253
3545
68777
81
7577
11758
4900
105
38018
55302
241
22200
158292
69116
3963
44468
65054
203514
43
216
77
40532
282
108150
74828
223
47440
141
3556
20769
10832
139
33315
248
201
65866
113
101953
251
72
201770
159610
6
64261
219
278
305
193182
44072
42314
30824
221
137
282
24388
260
10369
170
32
216
172
124
226
29165
87
77520
61033
104267
158
108
34855
76
32508
161
235
107400
138825
32397
3642
2362
117
6680
40
37532
114
31450
279
11670
247
28
174
320
19006
260
134
92563
69177
176838
2607
699
33473
278
275
151
87295
114
40750
89
12181
37
3442
276
6451
37032
275
57
312
97095
145
181
226
263
274
270
34938
245
191
16226
149
62816
199
231
340
15196
8408
41263
44232
13569
31359
122
174086
45344
167
122013
52881
175
48712
243
259
32691
184
125671
204
139
52937
39
44955
210
48379
180
11081
53
140600
273
43898
198
238
91494
105
34584
207
112
190
23010
339
234
76940
56571
37593
277
67
291
164
256
170
115306
38694
40
13978
128567
5976
22175
75921
338
97057
24528
61600
180
179
262
105654
49963
49665
287
127
194
41466
172
116011
173
7456
320
34
87167
124637
207
48744
179
99193
42225
10649
235
359
88767
43231
92885
74666
109160
254
194
3693
182
421
5
63223
9321
73554
203845
19766
223
18861
173181
119118
165419
209
174
295
143639
53706
31943
62920
132
196
134
220
52
32324
15576
237
10
290
47
42417
91917
4197
16
21564
42
3
25779
206
2429
15357
18706
209692
76
6
43900
159729
27738
108
1470
292
54194
220
42046
118
205
4428
114
6101
25402
89
203933
14309
67023
250
63449
59020
164
32614
168
129
6141
11404
172
68263
14
45220
33373
18484
271
4902
155
191
18
259
3677
92355
48
277
21
179084
182316
201
127138
2199
15803
46184
66549
51
123444
60
67510
24649
51031
140
267
70750
107794
56543
70547
62151
140
180933
26441
41
96208
29928
80294
8419
172082
74285
134
37465
2231
133
120878
164
136324
105
61
47757
301
119359
64966
338
80
99443
113491
15
138
6
44972
12858
214
7917
184
23666
13578
167502
32
244
88553
22023
279
261
280
27234
131616
72
51
302
51306
187
89478
286
20308
51275
358
4465
258
2835
155
71
37040
68365
127
6024
34538
32452
3000
238
63636
81519
251
23013
68721
8995
131366
20705
152
29
36238
18453
32561
141
209
38
155
144387
90
126020
25
146193
168
217
81
153378
47568
8584
297
65
62556
43539
59419
10646
8866
104242
176
75
13
59
8468
115686
145387
175
25266
228
36010
8
243
66
188343
46868
3
167950
17559
183
139215
3
257
74960
86
25495
214
44
19096
4519
147268
245
270
133
52
18170
280
40
165
213
220
175359
254
67360
261
74514
55123
14803
19414
2167
109
11874
246
49103
3105
37544
545
111465
274
11
10
312
84
23
29737
89
15222
6131
31126
8321
13428
39
4805
27
99835
139
156941
6782
79
2143
16994
23423
258
10868
48244
80
8540
144
86160
134575
31
107
124196
37443
126
18003
83
295
183
67789
135436
5596
18
42
15
239
119
43800
19146
285
32
31
184
226185
17626
172
88612
41290
28293
20458
132
5850
228
142
141
8731
85438
10187
11194
276
148
154
77085
76
150391
106
728
178
112309
47
63
147
240
141606
27821
114719
12366
111
101
190
114
32550
281
143
84541
40
345
163615
170
58
429
97811
55
130
17868
24
39894
36880
3
242
31748
4525
104957
43
18423
62332
157
8839
298
1
37745
186
215
13886
217
200
18389
1864
165
38937
167
135
117009
57073
71953
62104
47647
390
3013
223
84872
28336
5918
101
3
301
135
172689
5791
6554
223
183085
4703
239
37419
76143
27109
70
49
16141
65
269
228
171632
174
36277
22319
10376
187
4027
140
92656
4021
13638
103894
100
171
87496
1
246
89
32
46
165
115171
156
176687
8289
64072
264
66
196
232
79
26015
176
79441
155
49
29
52486
192
124
20593
147077
69
94503
173842
18298
231
47
39578
73461
368
152
9955
20990
178
30
62107
230
19768
16089
1
20095
216
99984
93704
243
211
224
35165
50700
29
9811
46751
196440
45
50
192
40
74953
201835
48
28274
83551
24521
107137
43243
180
37227
118
42
146
210
365
101
230
198677
121804
76648
113
133
69972
262
85
161690
3880
121711
115
96
63121
215
21
118210
100
21123
120
13590
180376
24256
31723
32
206
66859
196307
189
158002
46876
341
7779
30
60
43301
33
290
8559
39293
85839
248
42756
28489
151
15170
140
75
127
3
828
11705
8065
70945
49586
2052
172
160
3601
163
645
12748
91
190
51084
144301
64603
34
366
212
29994
68578
25591
38618
142
123
80
218
104
48026
44
23816
40016
19979
141
6211
39
148158
208
495
137067
67
153926
74
319
200919
34
236
76719
73274
221383
107
258
3098
89
150182
269
5760
9
24
3532
132
31
3469
219
647
153
96015
214
77417
76871
51613
79306
260
67
161
50683
354
58460
50032
66924
37047
79960
334
37490
69
84
55022
3237
2930
124736
2488
191798
81180
279
61
60
116409
160002
126
65
44349
176
9150
47355
30441
211641
273
412
93
4709
152
1875
47
162
16714
206
260
249
14072
375
195
109829
75196
113054
75367
61076
168
296
5
170
170768
122
47022
22505
5673
172292
3909
137525
84
12811
139
90816
99255
122558
170
9133
195015
81068
895
56057
204
15995
161
136
181501
4303
35287
227283
8913
193
64523
139093
16248
19
137
48
154
30121
167
57316
178524
31427
8
1976
140265
16793
14
154
315
14017
189
68
44272
92405
64181
195
207
107
32879
243
3366
169432
76957
57785
34
240
775
73576
44790
48
205
173999
4663
112479
589
78216
52683
24136
46683
112
74409
236
168257
130090
73160
135283
78
17687
53565
26874
238
75
1778
78549
55376
319
28675
162608
12988
224
272
96129
176258
299
16539
61601
32781
52
171364
106
313
20
154
55393
161
130657
185361
7191
46358
21407
10140
151
66560
31188
140
15339
126225
260
39122
515
126729
48
65
162
289
24
13272
149
207699
53
179
101566
58
191
2129
7980
72
87
132378
38377
46
93199
59694
73857
112122
8426
18569
343
46770
3594
176259
90740
27
52734
63771
102
241
6
18449
56
57020
189643
70934
207
183714
121
269
8176
105276
33183
8903
89055
48346
138
125
18667
121
175
11242
4454
87766
220
140
65373
227
307
44607
46935
13
269
3
19815
74687
202
15872
96
53212
135
11431
41405
121529
32934
61918
26555
11
30839
33888
80788
10523
154124
119
43441
166
44941
53
2998
117
149
14
25632
176
64
7446
220
549
76897
14
22246
192
70753
149
207
57084
107074
172
22
61
7024
65
45
41855
220
9337
56
295
258
259
117661
120
55623
80
25902
1
22284
5386
35379
139
15
97594
33698
33700
67902
179097
102607
226
88
118
34
69573
3339
127153
103
182
123798
143
204355
7
59394
49
86
80866
44992
64
93380
3695
60
22
21066
60639
93537
134
15389
149
10099
376
2708
508
222
304
165
60418
75
164
367
84
15401
131
161
87093
16050
132
33635
116
135
165
139
331
41
17
1171
275
94619
83462
53
29964
210
218
77073
21854
20784
111691
225
318
271
35117
2241
123
70328
254
169
74
311
183
5674
10258
61
28
142
100
66
130
126863
52694
34769
26807
209
137
4959
61826
45
16
123
169
34638
1
53
76641
84351
21772
169
104
90497
1
195
163
175
189477
58364
9982
269
9237
65
55
261
93213
20602
33
89195
148
72611
56260
134902
28210
98967
266
160409
11023
175
21
70457
281
77
16698
78
249
153
116267
16140
44
3051
3966
44
59080
72325
242
156481
1004
104555
104
141514
17
209
3
35582
246
164
4781
20295
35851
8864
215
225
94
128385
136218
353
148
50866
147164
88
265
278
30000
189
10102
229
31002
299
21653
42573
1499
13202
2625
19109
98805
2852
260
232
57284
62
229
103855
58
49428
116
23440
5
197
1940
44949
177
138
99
2828
178
7020
292
28084
235
65130
252
88
1585
190
128850
172102
51
143
48
28744
19
36470
29801
86967
63
227
71
97
311
127
25
43
115
26657
39
8
87
16105
48
145
171
264
251
218
150508
11103
103762
66589
9
144683
42027
176350
117
30124
245
205
56482
138191
227
214351
493
302
20301
132530
38431
133657
130
387
119160
255
85539
19
108514
336
81
21
78
225
214
134
27075
5823
41
123732
24189
211
17094
3
213
22682
171
29388
11294
2456
233
80617
140518
98722
254
47934
54405
117
81301
50368
141901
46426
57380
987
188
34313
24303
144
52340
60925
59602
194
251
6580
101050
141725
28041
96
49
92
1
4051
96
144907
10658
135888
84568
56
118
287
233
79590
150
6782
93
103265
171253
92343
15
10766
3
170124
16382
402
231
6731
200
196
99
11545
948
8625
79432
127
253
31960
1864
199
11992
956
115
99
193
89448
28
120
75538
119
33
105030
132
189
34358
242
14511
25853
156
176
2901
52
309
113259
66183
31865
89
63812
62716
54593
81009
69483
144203
132625
293
54814
217
2458
257
127
176833
119
298
18215
129005
188
7038
32748
26194
253
105
94427
230
120
61
32
55558
120
3456
257
233
254
64406
29582
20
132416
171
58062
20
79823
45962
256
161556
170
61870
109
152
61852
111
281
65
62
144022
1911
91
221
197
45851
89
216341
42270
39913
14756
139553
150
40587
206008
225
246
78
20232
121
98554
96
21234
23616
210
38
7
128
37863
136
102225
47411
16281
61
39147
67063
34691
19688
102373
277
291
2243
119
46058
128183
7506
308
26
129
20218
130
163
164762
74057
241
111763
314
289
176
293
104180
19806
223
72367
59531
12064
58587
41
22284
5
138
1387
38727
79
262
233
29691
212283
27
90328
210
3443
66590
93
73568
125
162
164072
121819
149584
215
30
58270
38
200
2719
178
200
93508
97
258
276
32809
71
114370
46149
56
11417
92882
6
117
5190
18536
7419
119
71073
26
179
246
96
36895
118
243
46802
6038
2152
15078
87847
258
138230
84
68669
29004
177160
297
23824
251
6523
51
26891
171929
224
147
66153
37616
194
105738
239
76669
193
197513
15
246
69
2351
36
72
94697
51927
26408
65136
24518
28565
53530
279
125854
230
263
223937
61085
97638
150
137909
77210
29682
708
106688
2366
144290
169861
62028
3809
32041
105
197
171
118
165279
106578
62923
2373
5
306
167
18560
307
131519
108078
208
48447
109
59
82775
18
55
19758
202
93094
53894
15780
233
2350
10480
212
216
58704
46424
55448
42406
16896
351
115020
1
15415
126602
39748
124201
1
207
23696
407
95039
355
296
14
179
258
75293
297
937
69407
42574
45
1503
8928
13
307
265
63
4981
7867
57363
62872
220
1
115346
12858
97
35
16252
92732
418
22263
321
236
205
260
19
103
113
20
20546
115990
55074
189
288
162
163
78751
258
144
40433
93
130
109
68
225
197
2
4327
172284
7980
23493
137535
246
89147
27109
136
16020
125325
65614
120196
46274
154
61939
174582
114158
88
71
126172
33079
69030
131
122
5085
59402
26
68
235
54
131165
94512
1
242
44448
156
262
6846
22183
19358
51
7157
190
10851
274
123
163105
30545
36777
286
12714
138
112771
275
230
14733
264
29590
54
37267
199032
71
90
2
3
20866
46310
64300
76
224946
28555
38173
35662
153921
61604
273
56261
19372
87292
2828
278
194
26096
291
6438
74
66
27803
23215
33885
263
98
139
110628
62850
115
61989
121
242
81470
12674
261
31356
65
46844
341
63
241
80172
60
21512
149
223
72145
65971
102925
10
58
16462
227
73482
74148
299
8399
89711
98123
100784
115
161
89
7419
319
21460
119
308
15273
204
198
5502
28995
186
118290
51186
121975
99
48022
83
4206
86928
132
2599
1277
57847
98
81201
109565
167
77270
144
48462
133
160
26479
27560
82987
20009
4289
86
11318
34451
100
144
31240
178610
4797
59
64447
37033
30498
167867
40814
36
146722
23
192
18599
265
325
218
135425
247
44305
4
40193
114
122
17495
117331
52567
20503
107
35488
7190
49699
161
88279
200
59
27
93
22869
87
44844
20260
28
37626
71711
116883
183672
30320
28901
75217
298
32
161
15105
237
35261
6127
2025
12375
96
103
2
214
87142
241
49
10846
185
80
153
64207
292
200
292
157
197
29832
29
21
69021
5743
22118
213105
373
241
178
192
32679
10877
48721
44449
3
32526
31412
191
26412
83
273
92086
26496
4460
30814
303
151
250
186
129172
280
198
105387
106
88572
32562
249
98547
860
81463
170849
276
63545
127007
57665
116
164
25
20494
9360
281
142926
20297
10350
438
164
7619
249
149
245
164
64313
176
192
129861
63533
36681
37
22
132476
324
139117
151752
47480
17802
30
77649
268
109747
31028
14636
2218
39
123
59615
26
22130
5422
138
314
33286
202344
150
69111
20053
100249
141935
38644
235293
41511
36706
73555
40474
97
162718
138544
2690
319
1479
75392
110505
116413
38436
53
150693
89
309
473
238
14682
10341
41
288
228
35969
304
151982
28
14349
222
198
27
3916
78043
173
18
153
105
60684
16577
76
88
105417
93869
103091
137063
1
17013
39
6079
341
113
118891
264
310
142722
99
188
77
42
164
202
8207
38932
203
13200
255
52
34517
246
326
10340
254
42
34
16236
42696
18168
6175
4107
227
282
288
159570
56145
246
34802
7475
40670
92847
188
299
10517
46746
105196
59862
59102
67758
38619
1
171
46138
45
20998
15592
236
22736
17086
57648
94877
46
71207
38
214
127814
87290
26807
226
23256
3
15843
36762
218
109
17456
275
96
5707
22351
25786
57146
49
9
215
11244
180632
31531
132195
65
156
24800
57
95738
8
44383
147618
300
15860
227
269
311
33
161
134951
42270
349
8673
10941
15261
61624
268
120941
180
178572
96
140
66860
214
113580
202
141189
211120
62447
1426
107
49220
213038
43
31242
289
182
118657
11657
28
35
9
63361
106713
45509
10085
109672
117
3
183269
40874
50873
134
305
45061
34126
214
234
255
143168
193
221
44
220
148
219
94363
17
210
70133
174
196
102
177
137924
91272
107
144165
288
2661
120059
92
2957
14
50
4328
243
76
73713
123
2070
279
392
10848
5887
122687
19428
12
136220
36343
142
264
107
25556
257
189
44
18
332
42538
140
122
29904
89497
97923
246
105239
14778
6721
216
187
77
924
117
78677
19753
4290
82141
12606
153
181
98377
51109
54
12451
93391
169054
258
113
24731
12469
122779
88638
145
75
7929
2
192
2175
112
104
209
50908
223
121382
4777
22773
813
210
138432
59800
143729
16864
95
7958
33
227
94559
18973
3506
32
2018
162
47
100
243
113
63
257
52835
230023
183197
141772
178
92
23
29
76569
207
12182
146
6686
39
87651
30730
160
64188
192487
2707
191
138
211
229
43230
19876
100397
96724
120
66443
24552
189
78604
112
112397
75568
179
320
48603
11368
31
41448
57
78987
2711
27003
2676
57320
230
38756
65394
122503
65
284
192
9270
211
5076
159
130495
277
46941
72132
8973
136934
11964
269
157
382
250
100563
43731
241
17799
220
249
101506
225
57
246
216230
247
26843
16
39858
65292
21
14
61483
116
25535
103968
261
70
115
108
166
163
5900
48634
130432
93
171
9438
84578
45
228
50060
333
133939
222
14900
225047
150340
21
42
328
173
16009
192
124459
132
143
4431
22980
1225
184575
157
244
327
139
18557
243
18
129120
37
223
45189
129316
34571
98867
180801
3737
281
64473
2982
2084
14736
110
128511
42721
3996
81
143532
9320
63275
4495
275
23598
11150
225
79681
241
35
124
50
84
204
158027
170246
162
79
38434
421
37601
375
26149
188
68307
39
226143
165759
21629
72801
64
162
77
30
120705
4
3609
111973
80
304
106
21387
218
13366
286
13175
84
32774
22666
26092
47630
229
19435
3887
67716
210113
133
172883
172
11
224
32820
45
143368
2003
177012
108980
10443
30629
93
52963
195
94
194561
220124
45
152
109899
70
245
11982
95
18
295
34269
298
14120
17741
10951
36204
76866
96813
159
199789
171269
3010
98
51865
179
80845
93412
172
1376
4
112565
245
10181
83285
9654
25668
139857
29085
16724
262
78
17069
179
107
220
112198
164
54947
291
65588
219
52923
193
10685
186
229
191
115651
104445
261
147
254
229
121142
109
3280
69105
114927
153
2459
2
137712
151616
253
69719
60923
260
170
269
14509
65436
215
117
35553
2480
22466
282
112163
28999
91082
43899
259
185
52191
239
161
114
351
17223
62943
212
56765
224
203
29346
294
54251
75
249
124819
195
49
22975
228
18019
92107
106355
10
109
10926
37470
87717
36998
28
2428
148575
11
79
215
40102
23
241
86081
124
2789
112879
297
38775
247
171479
50132
192755
249
158
25330
211
25517
232
247
55008
117
259
193
58589
350
303
38655
11884
145
71
198
136
14018
230
23557
33
134
111
4128
324
222
210
8382
60508
164
32869
124
1
37284
241
216
20935
54210
72
3784
10513
60521
24
165
176
68
56
143475
9660
75
57
285
107808
78885
35954
32701
14558
934
229
112237
30187
57
267
275
253
75802
127
217
324
100
925
126
163
6
125324
11
149
809
275
1182
53742
25258
27125
3406
21374
1250
188192
7323
47108
143
150
271
29918
66
22
13648
98
12663
92874
29
158
77
280
124107
48098
45025
13323
28815
18165
24
113653
177
301
154071
79367
268
112704
42565
129044
96221
242
241
2172
68388
26
3
762
281
131724
232
247
113
3996
81
252
172
152986
125
1
110
134
40388
498
6658
4086
4215
224
86979
68248
47
2939
53
197
238
56
17493
236
13946
130624
35181
25973
167834
120199
86662
2399
191
136491
46129
49004
65680
152127
35
25511
26910
245
200
232
52001
231
118
40082
12118
54171
100
24293
95
68
84872
50473
45375
124
32960
107
79624
21424
113
84350
267
54908
96
8478
21692
197194
6660
168
29
84
209
143
30177
59388
204
56027
27859
210
8417
203
26572
129
63
33
17117
1191
97189
14
78690
5237
153885
60506
65
214
303
147
171
91929
16193
310
18411
1515
105456
23523
69397
1648
157940
80136
80210
90401
3
40214
3
190
145
38244
7020
146409
232
48
151
25
632
25
4274
61380
42104
96
86968
12133
191
110026
213609
30969
104908
33224
364
322
61741
155544
22206
129806
82489
102
90
54523
124544
84259
182257
4
51175
34
50938
77741
181
70
51
132742
61
44644
21400
1
20136
283
194
32062
113
200
98572
167
1
57545
111
92
216
297
114085
69252
9557
95
4410
14820
27
72
36629
256
149409
39
38
196
71109
18112
94991
3370
33
186
55210
6
173
76509
204620
24704
59
116516
34805
29
112
14625
142005
23118
43065
126
16671
133514
51893
73478
26953
298
28111
37404
252
110
54
156
135
115586
23
34
1270
73
90
25
98412
274
84721
117655
102154
61509
4187
6208
169
97382
120089
16240
181559
18
61494
5037
278
151252
24168
57
60590
205
91882
167
81
175374
125
1
8
78681
243
62906
139
8684
240
50149
16
238
184
14132
8045
167
34279
84161
3969
87
296
67194
105940
121
18
6917
109218
55050
27273
149
29126
136204
87
102
134906
44630
254
36
105
91437
35
103
253
190
71560
352
13228
162564
169
20
137
180676
22432
158349
95
102
10705
69206
15
36400
77
206
288
278
134343
65424
32292
5149
65203
15703
152301
132001
9
23
3419
2660
64916
234
96
62290
88419
30793
5554
103714
212
59524
171
150247
36
6
53737
132
206
114
88292
13605
152172
154
138258
17844
33819
49432
124
51
268
4594
6563
86
94072
219
63498
712
221791
5838
55885
5882
59518
319
162
8932
28001
264
64138
37127
93
63358
75466
60770
1021
3
49
7982
41
7349
49251
5
74
159
185799
9622
214
30
169791
23861
266
116
70278
72
5126
76847
138
51068
24268
68532
170
65334
190
168045
247
7284
74027
121439
233
110
264
148877
251
13259
121595
154
120
86
3
195584
41
107947
10433
116330
188731
210
76
234
6436
170
1401
11273
334
110
224
32778
120
107
6892
34174
1221
120436
47885
70296
66983
179858
84279
2279
193376
35343
150091
81556
6805
131
167611
33
29134
108
20321
143
27027
22555
79
6
99259
160
134119
48238
5904
53
203
56684
201614
242
120156
32
179
68464
20206
77179
237
13745
40559
104
22
173
196
25819
25
80336
34111
22738
99621
220
148577
171
80
82
61137
10976
73
101
4347
76266
43003
49819
318
174
115
236009
257
237
1429
102716
13
113
24205
16685
58
18383
192838
245
13962
1670
21164
10044
911
83634
77
203
92082
124
1915
79551
75933
50
55
17
82
215
1552
48219
64907
164
2002
123240
151
175
198
317
26745
51230
85
42052
23
10623
377
72632
1430
70
326
10436
39080
74799
272
39052
17170
23017
66837
91
308
4579
280
4836
100
154
120883
21048
147
5844
12717
50060
346
82
77
281
30728
54
37
7309
27647
242
1
136
173
48
90004
52096
184
33
100
608
79201
109
113860
103
26
31751
7
224
302
198
22066
120
320
24
62
238
93
122
16120
34
15543
214
79
10
759
115
49086
5864
127
222
282
16407
6758
16334
135
57026
10414
143881
103
67901
172
40
7480
61195
193500
4
63038
30700
112
127
3592
128
74872
82159
152821
8857
23744
41179
268
174
180
130
59
920
22366
61664
207
53
14747
166281
38621
31
6386
17889
18459
225
104
120608
145166
174
274
75
232
155
55874
19949
168
292
270
115606
26992
135619
211115
99158
296
200
184
9902
102
131338
16034
192
29
17
226
28593
27375
11950
1042
19296
30
198484
68374
82703
245
2467
64
119807
33255
158198
157
218
7745
23607
164134
71424
123992
25474
61716
7961
43064
26365
165
38568
32356
103285
94
157511
1894
205
126612
58829
22816
88
182
11
28
72
31651
50308
138
214
30050
176
8062
221
245
250
17263
230
41
15386
3507
168711
216
4535
4082
138
10123
64731
17038
2
163874
48
8359
183
207395
196710
23761
1
144608
72713
219
36395
130965
32
2995
41029
219
224
27160
146
3382
170478
64421
64
170
187
4154
45425
18023
336
22764
74303
322
79847
290
71169
94
34
274
75433
88743
16916
308
75
165
28805
230
201
70031
18
20413
16150
38926
93242
202
9892
167
25526
45944
85237
232
233
159
132560
35397
64708
191762
107537
598
13907
220
54043
11323
183
27021
75227
48
3255
50
166401
264
177
326
91606
49
249
120044
50752
64
103939
155
254
115462
12559
72247
283
20
258
104285
296
433
280
53576
315
50880
30521
284
262
183
168
126966
48
32
28775
99
33
203
204
317
89
27
120
22538
137
156306
32619
102
33713
81
98
278
169550
98
151
191
93668
159798
102
154
172
102
2134
224
205
275
182
31423
151
248
165435
260
27827
112499
20787
137638
115756
86163
102202
302
44978
168
160
113904
193
189
20594
230
49459
69
52334
170
64846
35519
58742
94
989
165
12811
296
151451
83875
235033
157
61155
6721
32365
250
234
55989
52
115
3737
23597
218
155014
18722
80
194
31608
216874
68905
36960
68
73
64957
42250
270
19029
59141
104214
150
248
1382
97881
20
105043
251
215
6647
21006
4
75210
67783
14559
75757
121359
98147
70812
79843
59280
86431
20229
30393
69036
227
36251
59271
89
110
82406
115
21437
45400
77957
182
124
38901
213
27300
113073
52826
58
24304
34370
29
161
143964
99123
37321
24845
24070
22
55080
115566
46
193
54
5167
180
69265
108
9126
266
21436
160
74
138824
90910
18506
307
71
219
36369
127
243
134
71693
74520
2219
63
1
125095
206
143
55412
8739
101096
183
220
6
257
98126
283
148
224
45829
265
288
13610
53968
127231
92299
69169
6
15275
127
17765
2196
45733
30511
41304
10694
1883
229
133459
47
123148
280
237
107238
184
3
175
22333
100924
899
69
192579
47785
10051
60143
242
75462
1689
144
70396
96292
70747
80333
129944
227
203
69094
130
96
5
70220
104438
716
94079
102712
16289
16949
116
80331
24142
235
117
235
9556
192
267
21
207
13805
80
25028
6
107328
102694
6789
95143
203
205
7407
182
56
96
158
13153
232
152
91033
106
72889
20682
174268
11178
64471
21033
46484
130825
199
11
16364
94498
14343
28782
1
146
280
129801
10911
1449
28
34547
4521
93092
7018
310
31
63985
354
425
88
271
23376
61
205
225088
16345
188771
78837
39
38
142
75909
101504
54
211
65
22080
114
14393
254
216
131509
96277
197
158
15382
20
232
169615
108226
29422
292
3
289
23537
95
20324
46823
25
33
153367
25580
238
9
143
68
99472
57646
232
3885
138329
52
202
19079
20238
25131
152
24884
16
12
310
365
84
81103
282
60906
87643
60767
115172
3
48
42
125
7
49840
169
66
39
57
20
158246
18
84
106289
172
66
247
122
38457
108256
74073
33
74250
96176
15
104525
121
42188
148
91
219
110288
173
156
2053
78
27
302
62569
241
167660
362
326
153
5185
166691
3343
3008
155
114
6894
14336
139843
58
14077
136
152
229
109456
110
7
61084
66324
144074
5452
216
79373
40
90
172
301
176
254
136076
125
40637
15786
196
37445
27897
107637
30508
123
18608
163
144
144506
141715
142813
7878
147
234
55000
151514
55985
38366
201
188
79334
82944
161597
1556
27942
137
85
84372
150247
118
23675
85
60
14382
99181
30
173
84
160
68696
59480
14447
2081
128
98
203
276
61
47443
138288
212
72456
66886
178
129
137
89548
8387
36091
243
61
135481
52296
14925
99909
172
38655
177040
302
302
175013
146
15313
177692
216
51
49728
140
186032
31859
35909
73
150102
153
259
8218
54
133
277
1660
48
285
48
198035
6288
91086
3
54663
107131
128
230
30089
2997
3
133
90
118665
78
57364
61421
55106
15873
44664
249
67
37682
259
87652
54383
24872
4111
71
18643
2779
114206
64
208227
65972
41
156
115498
180609
134
11623
31029
117
2467
186
14424
42555
9677
102626
132871
91865
78
220
40245
13018
75369
47654
63102
56420
31709
19417
42
87
19
121929
126669
4310
66904
93487
104609
26
4277
162
92702
242
684
59226
28084
12
73
41284
5
15945
113
45
23
155426
112561
101859
137776
1328
17811
64898
45985
147711
20892
56685
136
63
152
20187
737
81079
87160
21473
191
63997
106666
104836
25105
24
155
3087
54
134
97159
89
3915
161
158
172
135144
123
213
77
8
334
3
279
53454
13031
199
5587
161
282
76058
22418
24351
141792
50506
114
154912
171
191
69656
193
79512
159
8453
13875
96198
242
286
117864
3
336
6707
48
53
159
24
221
57724
3595
167
317
13925
333
45778
30951
173
4924
56008
61
1
33276
8731
2925
149
189002
82059
34340
13682
2078
32768
262
34
25096
149
5590
109364
54943
199
221
114
115
48295
124406
28894
205
127
62798
33486
250
108823
222028
8402
63
9358
195910
60312
184
59
120
309
162569
178
260
5810
142
39404
47358
177692
128594
5131
228020
82
277
2079
42321
6117
68
107
52
95100
142
217
16
114892
78505
20
7
59
182
161
153
77
53785
232
142
332
220
116
27319
232
87145
327
98493
169
16771
112
108674
199435
108614
4135
136985
242
192
65218
12101
190256
74
39
245
162871
204
22333
233
86903
81
186
282
192
187
1
64501
23674
8
113
30775
163
54
40
116
64702
122
149821
119
239
225
198001
73829
21143
129
30888
68
19173
151
63032
16122
211
89804
212808
82837
3312
13176
273
1037
84988
111
170879
26176
154
37
10649
1669
248
47132
58124
1349
32
135823
3863
44850
105331
169
167754
32450
106511
209
68
46
205
181897
10575
10638
245
69
186767
233
19246
31635
37155
1164
21
2956
81
162052
144
39352
36
10887
92850
83
29483
1319
131594
50
20
40012
81
16803
12455
9762
329
100598
25158
184395
60
119307
133
60890
181608
12969
208
13318
4399
17370
154877
97
152
244
58928
11
66
92471
55
4169
341
31684
105828
24345
40
117
233
17649
8710
15
30595
66
126486
110
175
17200
132462
128
165
85
98635
101
102
224
33613
40
4866
171304
143
22490
17525
34
5107
263
84264
11510
107
269
45
34369
114511
25441
31717
127
160009
34022
21858
89081
308
146
5158
159
224
1167
173596
21410
34297
195165
68
43
9454
8366
282
151404
163067
2801
15690
29653
158
22327
36948
195
14800
26836
273
146
113
42614
62748
26
82
160
10
102195
182
106454
282
166056
205
183
228
9595
32601
74
93867
164
13263
200407
312
36227
81
113507
2
249
3
78276
1984
141
6804
275
98566
75
53532
89878
6
72830
110
160957
137
59516
36063
42848
44031
38
121
48978
101711
95
125837
115
17
99818
6237
34688
15061
190
4741
223085
70
62
124131
18
294
179
47
233
312
27954
236
1820
1
230
21
40672
15320
91602
324
227
89
357
110592
221
202194
13
316
180
110210
44706
197
182
86742
109975
27686
140
45504
55069
277
7707
107
4526
99928
5154
60
52344
239
44689
230
5687
76
61733
1
294
22469
84427
226
216
79
54
5265
11626
119
15963
76887
45
47
11236
180
52580
285
80
8105
29071
258
100552
19
79721
252
97025
90981
103940
18635
133854
169
55650
20820
27539
28383
34743
54351
86
175
40
343
22515
70032
74106
4941
22356
61169
130
218
213
9839
102
204
11231
259
57437
172
52840
41922
178542
1677
63
82749
32
4
11038
20433
166
111
196
30
22023
614
50545
245
67609
118766
167895
52976
178
183
9111
205
65
130
29
71
12570
53892
172473
66
52
15423
2654
7974
12
9
42124
11432
106941
126
82316
121518
207
208
7799
5392
122
169
24875
309
2226
46
216
160
209
265
2208
174
45169
6
29
161935
26675
34739
205
83331
29
146668
183
7748
51
22951
54
280
158124
198
54008
219
65771
114021
377
29
280
18548
19831
77054
297
4004
41366
310
7146
206
212
37
75804
186
17
147
122
53
99
169
214
163872
103467
149
7463
237
292
39
51981
195
321
8
72
89
261
2857
12671
391
50045
4421
16560
17689
181020
32363
90372
148913
277
84490
77114
112
183154
3559
18551
24762
26
53883
152
196
160958
136
15256
158694
178
25
15
107508
53855
90
9862
115643
182
56541
209
34781
142602
74943
15953
22434
122841
83
141
236
119632
254
69568
147694
40236
98674
6
164
229
29993
3340
171
84293
77504
8
44002
265
87704
174877
24
165
244
33106
8655
54981
202
101
106614
2179
46302
59
43733
56
204
37343
105044
97277
195
211
189
272
41523
94750
149
58825
18768
31
73
130
2570
25246
52
83
172
275
202
7
25709
1879
48811
103709
268
744
49936
5203
32099
58
70
5015
28737
29909
11896
233
326
172906
133767
41
121
78
67455
47466
103
6274
51961
169836
42714
44589
220
217
110563
40809
226
84698
133
317
89
186910
87
2680
3365
102998
199097
151064
67578
30585
21
266
107
36619
243
7843
9488
134960
37758
22748
125
13378
36793
156
29521
11025
94608
47399
29067
36074
143404
30493
125
18
125133
61602
250
2248
316
36652
323
30689
140
54256
4918
256
137
39
22888
21535
65232
45209
17570
149
76889
325
15
11753
89
180321
58
667
46
7088
191
1
76
158445
21590
4973
28004
82964
70
135949
208
180211
51
8971
261
226
13095
260
194
148
46
350
22740
104645
152758
31431
107
273
261
32958
137
179
226
233
11025
76
51
30590
7772
187
76185
5
16
281
113
127912
204502
163853
24759
4070
36528
23687
31362
177947
125798
5858
211
78317
9593
16
109776
50
175
5
291
121119
23279
12314
18476
218
18312
105
121416
47645
22976
11767
12723
26
230
202
224
32560
41076
47182
172570
68
4054
279
207
92075
198933
3
139152
17474
96492
51
154
46490
11045
108454
1103
883
199
122
33
259
33268
113576
2354
216132
187
162
123
46
108
52931
133
38529
85027
23354
114695
57
94789
15190
13335
117700
123
270
197
181
1
53585
90859
163
34502
42849
182
61528
48631
5141
6293
22351
3
63893
141832
329
15667
21
108
165
161
218
63589
112372
202
180
313
128
2289
4457
99
12032
77700
51
99
13671
106662
37805
112411
162889
4776
99
289
18398
101533
23789
66
85216
28516
55865
39451
1
18591
36545
115738
43433
62262
248
19241
66
235
88638
112
6987
28963
49995
95596
127713
58
38827
1585
63
5481
85567
134658
16051
87376
10
112227
158118
187
41972
202
208
1040
17381
22306
230
3646
1728
8333
233
7714
135
159
26318
1349
142259
136
9692
11
132371
157397
34199
44462
6820
176531
129798
127
199
366
63200
322
23461
16032
12633
135042
66417
62347
69422
57
138
177
31960
5925
131
75
254
111
89690
102
119
137
6580
224
102
9146
10907
7986
331
79501
55
7
12860
156000
30411
59970
127
79
163537
2536
16488
314
194
125
37753
183000
35096
110
102
164663
74038
231
5890
57926
60922
203
166794
7908
129990
118223
91465
175
45
238
53016
51437
36824
101
15254
135
65
178
60
187
121
60676
27965
35019
287
241
188
3445
30887
6259
111862
183914
142676
256
83860
251
73
39
89
50725
211
11384
26285
11336
75698
59973
121
33103
127
52406
32083
131
28038
27345
168225
13258
133
50
82066
27500
10
37656
107304
88414
222
15606
157
75970
89
12980
30105
58782
41041
143489
18171
238
167345
58508
1485
11654
157466
167
275
3
90197
136
158
44816
31639
319
56
202795
93351
112079
11037
133
8347
702
272
63327
201
252
123010
164307
38288
63961
3
148
94841
225
192
87742
180
15
2299
82
136797
218
209
93417
59132
48899
48371
102141
36
33125
20655
91
751
48
8015
38294
82
10163
23011
74405
137635
21090
3853
264
37198
91386
5619
81068
45362
125
100067
49959
159
97
88423
53264
4552
46
167986
101988
66154
1
943
201
90
7929
308
51
121633
75673
26216
20490
101387
3
335
207
10982
157215
177876
70
186898
3214
163
232
196076
99065
53214
1691
167
139869
44702
197
99
260
233
326
52001
147732
118
215
119255
115
139
39
2328
132896
74
121476
57186
317
47782
64378
125321
36438
200
41427
160
108380
299
61996
26
281
203
114
54671
17641
155269
213
80330
175
2532
115542
701
265
56504
26611
210
244
107638
221529
19390
80645
24945
62343
79499
274
170173
57
224
117834
140143
16826
82
16339
1362
9559
300
235
68
6008
146705
55298
86
78
205
103
148
60
25310
85532
91
172591
294
46822
121
1971
72478
176
14680
22861
150570
74820
11848
120
28274
132397
19863
6246
62303
33213
37706
114085
297
95887
19148
37
84329
217
190
258
37326
113138
3715
34609
45
138
145
88
160
46223
3947
50848
14585
114
2705
74166
272
72
29
194
320
54
241
136
57138
132
31397
173
6512
11741
49241
70264
130
50115
7375
115939
187
56875
41
12723
248
79877
11922
315
128
3233
51
220
29
67519
16564
269
112
104
77066
23
142
39499
1026
61
169270
8150
25717
96215
212
137
129
57724
54417
11060
93876
14167
84133
230
80432
124559
57636
7683
135576
91402
102
181
9056
18806
292
7335
42
5818
3649
81
53702
46
7876
1
22
8328
57
278
76
66
10083
164
344
150952
236
200
154
284
114272
4050
289
6719
147610
195
80657
161
30703
107
164
1596
233
28716
134904
9964
166400
50
58690
235
37385
17
118608
110
257
158069
65
36
5111
69404
34948
23022
195
63113
79802
201
164
9743
94039
198
33
91614
3
39374
128
161
156
15
49525
6
57715
12
13928
88
214944
2602
96680
28838
38789
145
24202
139851
96753
3688
152
74
9450
100129
79150
12025
28
332
69737
237
19
34272
263
2490
88479
37877
5835
18313
100
14192
75
39
2284
58253
38
27701
12
133
27
24156
7663
41951
114061
14955
131
28937
251
174
245
79597
114
57869
181
233
136
253
73
111641
1851
187
20025
22506
382
43
156505
97
60195
136185
59832
114
1386
18474
152710
6633
139984
186219
82588
139260
64
222
367
265
67
23599
73
138523
2578
272
42
107662
145139
231
286
140396
11155
10236
78637
83693
52
156202
129
1151
196
231
168
7
3649
104501
13598
55212
118838
44637
173101
82
155825
141
42
224
141
68056
196
18
91247
116576
171
74399
79420
146
88304
15192
38189
81469
68660
56482
133
67796
44836
296
126
21
17682
3749
317
71971
120
138
81
142364
200
14
31904
178
119319
324
142
23094
62444
214
22766
228
14242
41978
223
164157
136
204
140
89851
48285
144
162
71303
110
26437
220
79231
30250
169
8172
14045
19666
45675
94563
15000
196294
98
42235
33
65510
140918
45563
141
172
154
45808
85248
9276
55069
14300
165
57944
76
113829
150101
199
80071
2971
78033
285
12134
186
2453
234
35801
62689
71956
127851
32698
120
10839
224
38
39
135
854
9584
105682
37
4
83
58272
3956
65
45349
197
149972
31062
10118
98708
2607
202
95
59318
107828
273
179786
2939
113
101
260
72
68273
277
25
11755
40
65888
229
169078
129
21700
271
213
139
40561
24
210
44786
219
183
39451
12065
50311
262
5192
150881
106871
78
23380
11419
290
20960
171
1
3
46143
96
62007
290
6
148731
27772
77986
16924
200
4
55600
211539
66007
44243
26
91
144
32
121391
95953
126
2807
25150
312
195177
190274
66152
195
45
46618
91932
40
137906
10150
82
154
54
53335
82
139
251
28342
6096
131
48867
88345
228
1075
111396
147823
22726
105897
273
148
64
9838
53
286
203
188
219071
16441
96204
297
195
9225
4353
82426
86
195
98055
99429
10752
3101
7787
41325
7469
106099
43
19
81062
14611
115924
44738
206
2885
144
63627
8974
90
91
135
126
25484
94
98
100
25
173
25759
25397
954
25
165784
47936
666
44076
59087
15338
143
113636
54120
11670
111
10952
4234
154
118
176
49164
60
126766
10873
16393
3
45460
144836
233
147614
80
12200
582
48301
142235
46310
21178
96
228
289
115
92
135308
39230
53667
44097
174145
168
125
16922
6444
44318
120750
112
43
115
31084
215
3821
51
29190
72190
92918
234
29988
60488
876
13046
105448
8880
3
56795
8
169
226
106411
554
4716
24302
71813
103483
85552
73508
87217
18
307
55746
78069
128089
213331
212
43
119
16750
227
11
117
106
88232
59
161
101
8261
243
80309
136577
74
21926
3074
7707
25618
12
104
120195
160
3056
31
5
74151
265
3974
13014
370
179
95
205
226
20
19028
121
50375
12230
10670
180
19956
37000
119301
10359
86886
165
17930
113
1770
82
5955
282
66415
94170
13354
51238
65209
211
35383
162
268
106
109698
23436
17567
127939
143294
249
215
65905
12703
68
3
27819
205
58194
6068
9656
55825
35731
53
1142
233
170
63416
14945
280
158061
23913
254
125515
97570
125
18
150963
18378
59502
1115
237
5
88235
3261
144
101928
43514
38282
173113
199
65386
67946
33188
55
24413
88791
173
209
3
28948
98748
312
99
66199
263
145
183
35684
39822
55
3
37066
121
139637
145
56198
189
116147
38786
154807
213
144
174
139858
129049
161
163
45274
22
201163
68335
62116
5417
290
51632
83289
62091
45
146033
170
139
93
79905
102032
242
65213
117364
8785
231
153008
22250
226
55
9641
264
198
200
291
27
63364
286
112193
174
161
14207
4161
291
170
44288
165
1307
10740
49969
39235
70903
39537
27048
166863
267
38190
86093
72652
154854
333
49528
16766
12268
35005
26640
60
17826
285
16662
58
33987
81968
47305
259
107340
114622
159487
12898
33
42
32370
96817
65699
198
30888
22948
139
230
29978
166
8634
38628
79050
104
21321
117166
277
31563
35
139
198
76
138303
32
64051
71899
1060
17
233
30903
142
32634
13964
74958
51179
67
116469
120862
209
125166
120
533
297
106
97
17258
117
144
33972
85270
46
133959
96599
168
239
18
1526
63
85
25367
117920
188
248
331
117
128
161
112116
43
35320
239
162
58966
166790
43
207
102142
236
11785
235
161
121701
83053
160
223
93081
91
126345
5
254
280
42
13039
13247
121879
57251
341
102
139
56405
68749
307
83
90099
148
15
68944
27485
215
153
137506
1257
50536
16949
106
72
167692
66
125
117164
37461
49803
113
99403
19798
93588
43299
106251
102254
186255
106796
164
127
181
56209
93
57445
185187
238
158
130800
83279
8949
199
106
88
268
156421
15581
3721
163
91
225
9812
85
10210
182
112
196
113660
6
139
234
19842
166
53
24508
56778
148
125
30905
2781
40739
164825
62522
117315
32
2561
262
141370
36555
269
69863
3
63351
49731
78312
43689
67697
186
319
35
278
168
56
147815
294
5977
35
42
103
307
100
55550
27
96640
17342
214631
182
79616
100672
264
169
148295
91
51481
209
8622
274
170
63
77234
29267
163855
149
2199
149
224
312
154380
2787
142
15908
233
55015
28270
292
169
38229
81
220
98422
53952
10363
63905
124787
68083
119
430
7852
39260
155
199
7584
48
113
23900
132
89
4816
14779
224
83778
13490
132
127056
15
14473
152
190
32
192783
37956
5257
149
110
67
101
61528
20963
210
25034
132
107149
32543
9
163
115986
16371
79601
24885
248
185
49
649
215
189
322
48
218
68
56140
117151
272
350
24510
5
227
46619
81
12850
245
9137
33282
14370
14
37049
51
2107
35382
52400
245
151916
19159
297
8780
23411
5923
7
32
64120
60823
230
30
91
192
57135
74889
142110
97101
33810
9070
16
60
1778
91615
140001
21282
145
81433
92859
291
20458
18357
12830
135648
69582
137
214818
92986
10527
326
29
33
62
104
100
117793
14564
86
9897
121947
11458
32672
4350
8300
19037
35
187178
15
3
1
91873
52964
40557
61763
205
97
102103
149
35533
37312
1
89008
212
194232
18462
107663
52319
61665
37121
8622
10016
31029
49423
45
52019
217
72654
232
89803
123336
253
17
16115
46
79
365
32277
108
113412
135079
268
21
189804
12585
50
14098
139
154
5867
59507
60763
117899
165821
13524
39838
54274
259
30724
211
81
9406
70168
255
100965
250
91101
225
149
64726
309
111
44734
227
3252
38063
723
19120
211
42638
40619
65790
13990
97066
136984
152929
127219
12517
2126
119
265
4511
64818
177
46243
54
22413
234
137
68683
10
12959
75018
112
65
87442
241
46233
37382
47
27567
159
167620
49
28168
158
107977
163015
129066
74498
125662
176371
63
155038
4
42001
1711
43833
107
113
17960
42452
263
42420
6091
8649
113799
463
6617
163
96
260
299
38
1787
54
23794
59
8
308
120
7399
158878
41251
41716
828
98
39917
103
219
44449
274
119
150235
533
2803
3
115057
204
86
128998
52836
97268
32942
78957
145625
10820
108754
158911
163
114
32143
707
58868
70702
42
18816
63051
14065
118
3780
17417
51440
20246
187721
221
112347
14369
48
217579
53539
168
64190
81781
72785
46995
172
103197
16846
143519
239
134
33511
100656
289
101
99977
106377
223
1236
252
61627
202941
252
154
198
22717
66693
98
706
14747
50133
132348
10988
262
312
246
174
28
34326
24
1
226
41041
91
173225
53432
373
2316
167646
8958
79555
13336
84
154
102197
156944
68983
264
28832
38001
180
80428
140
199831
96
184
7834
254
263
5142
167
112405
11103
34027
9255
116
62602
21450
24726
185
26112
4037
7
8801
19024
52
11868
151
1446
77
26232
9180
122990
187
2881
235
54
47954
202
2
126172
9552
8572
124210
93285
288
5
3471
374
111655
31
136019
95406
18
5522
30888
270
31284
321
178
324
142
255
44873
268
267
5430
102
1
97554
88178
51
2559
123
27
207
306
8103
49236
6356
183
320
56548
81
5593
171
247
63548
222
264
42836
83213
55130
101574
101234
134267
45
61
80028
258
73
67323
12
109914
5592
133
86569
38679
119
139971
273
50
22631
2117
250
950
29091
10182
159024
177
6
205
8852
168
39035
6214
43830
141
17815
69038
157
60524
109
120103
253
9636
89446
30
28927
53126
13001
171431
10631
4064
8988
82456
6037
158
29929
148941
93723
21783
83
70863
153263
137031
153830
291
134
161
126
73447
90
15
192
84958
221
154394
11772
11740
129
39454
28849
16088
5
44284
23686
235
515
264
70300
149599
297
27951
170
5222
229
146360
11394
77322
262
241
210
10
11
15817
4386
227
16815
8762
89
244
26076
81
6
43789
135416
12
44468
46843
67144
26
133168
171221
153
18376
204
102698
93946
101
152
211
25950
297
105
31131
117657
8074
148
153
111
326
147436
49381
96
4191
8322
10
221
110
33
71501
15963
275
102428
201
20409
186
131
99
47852
34204
4413
265
154
100
3176
98
240
172383
60981
157936
80379
62288
168838
258
29103
38300
16436
80
161
43540
176258
69234
168
209
53
253
71771
286
229
246
34295
107584
133657
249
183
39
57877
249
204112
222
169
156215
98478
190
90
760
10779
107
66788
29307
29932
216
160
105367
75661
44029
228
279
189
8280
216548
14915
6784
275
108
73
272
33540
51458
29
26522
159
59
43234
62622
131
27414
266
303
102
94
91
82678
14821
153
4014
32726
114028
46620
258
60846
54695
166845
10
305
212
85741
168158
85
13766
18406
10
5142
22697
19634
4621
266
79336
281
158
3434
3676
229
6245
114266
12631
275
181
29
148
289
106733
324
28616
330
304
242
9961
35120
97688
115439
123
93286
52652
26349
87
156
56063
297
13726
106643
52034
91106
123291
198
18744
201860
171895
97
164
6690
53188
20794
38
144
38552
101
9721
21
124773
209
8
151999
34640
67
208204
199
240
162806
224
72245
193
6406
99513
117
55265
31
14152
12140
104
12484
81
116965
32845
30606
60581
40385
23302
24559
5515
281
19698
4211
121390
141
154611
272
20587
43741
27
15
204
36067
30763
67694
28
113134
48941
70078
85941
143435
64
107886
210710
9008
116557
14777
42662
45467
27
149733
25
236
33942
89
111
78595
87446
22415
121845
51937
65741
32
54704
290
18459
165
8254
517
95395
95407
12551
24944
27696
50
80093
118
27
293
41158
224
110
196
33
235
12053
255
128317
314
51859
92
7230
10026
54733
258
201
322
4732
204311
88212
10847
26609
6060
17294
95567
20871
170135
179722
96231
5368
5855
200
102771
135208
117447
42
2728
9503
21255
99175
222
36
247
52563
147
120917
32097
195371
73549
66603
18993
230
8
61342
113
17463
734
58507
265
42606
30898
5418
1495
246
465
16763
41225
278
912
44
760
7559
311
197
209
73999
40
34860
244
113
228
68107
30005
37366
95
45814
111706
25392
297
221147
152824
52
131607
2970
226
45
91
168
84009
86732
22973
248
45
75089
23395
34
215
8900
5764
203
39903
128575
248
10
78037
26
3
29323
272
3168
42544
7773
259
175
27708
27780
195633
109160
15613
18308
80248
212
139
127492
218
72053
157
3
48871
116514
70006
111552
172
21
263
103053
51
92681
1300
265
130534
155
116381
42
213
12
2107
193204
226
70
11767
325
173
27767
103037
187
10124
145
73
16660
24
265
25662
245
261
1
47
1
186
106
163
7832
108103
31224
12679
146040
71
75
144
250
48
3
29433
252
29981
2
38395
136737
6693
254
226422
39100
181352
29881
139
84
65438
245
225
12902
73446
332
39340
114893
41
236
154
31
24577
3
42883
166577
38661
58534
9766
21
89
84312
210
163
82836
765
156
176
219
118231
5348
88902
363
221
21
32446
147
312
842
17394
76876
46137
37
101808
46
69787
262
210
303
1
107
76
139
245
269
4520
30042
155
21935
50629
333
11340
159761
23020
219
224
34135
64
184951
68917
28045
80464
13213
150794
12
296
45
11917
7210
14214
34456
69622
132913
71842
176
16389
93502
173
166
44
78816
1113
60
153
174489
14779
120274
28644
41891
893
59
49
133
35407
281
39541
34904
253
90759
20
88147
63549
3624
187480
168980
59601
99892
60049
42864
185
140
171
114981
181535
93337
318
68
154196
114729
65422
51495
84958
184
148049
218
214
201
1
35251
14841
16910
38394
89
73
118937
145504
170
148
8
38
271
70601
40161
7
52124
36799
183
137
34235
1609
47282
48937
114
19
90048
91
197
35
7436
222
1176
128
51073
240
96380
49858
3684
11104
84
92486
64946
40757
87
18261
149
171
125366
1361
209
14001
56
278
48
225
189
116
179
22
110
69799
233
30
8104
43626
49592
270
28980
46199
29
28
95
208157
225863
22
97
105
199
137
6454
107
68073
41
14956
37536
160
65
10497
16629
59
51597
15294
10678
86183
41
81
62
39709
22696
4773
6
194206
137
163
54073
157482
175
268
106813
18939
102699
268
26085
20948
20256
165
83
73
161721
131590
144620
27690
3633
117
114930
135
246
104
33
136156
74091
73886
61
69686
150
200
16
59
125
115111
95
84
220
94
53883
14660
175776
94
57
254
74
73993
69
229337
255
104167
229
334
153194
118561
105258
83642
291
136656
27446
46699
19441
91702
37508
109
10937
11709
171
95397
140
59299
71489
61061
157494
18923
70
49049
33559
25200
45728
7027
17
144557
207
23
3235
284
47959
196
58
254
229859
261
40
65673
85732
136
166
227
3
170
69
379
52
20194
12034
139
2566
74921
114030
242
81836
48
30
11548
34
4166
187129
158114
149
26396
63
69327
7538
25
168
45806
90665
148
93751
8131
8953
214
4
64617
3
91656
135
285
401
14654
33950
260
291
17128
49
28
174390
143
103012
151024
81348
147
30157
172260
248
174
34493
206605
145
53488
8237
51415
127758
172675
23
11357
45179
1429
198
215991
48
50123
1063
135298
29449
88025
45373
24730
44450
136523
176
16573
151
56369
251
96
120
115
82506
192
81133
24
155
18
260
674
65950
37079
61568
3
129800
119732
8173
148
197
93096
45717
43715
51572
229
74342
250
22
3
1227
4657
188125
180
228
226
51378
92678
82081
76395
70202
142753
56395
6358
195
36000
84867
10947
277
156086
36334
27123
39179
225
20553
10191
31
3382
138
5820
2909
10
35
1278
166803
64444
10228
126825
15542
274
18811
87
194
16237
192
223
35894
131257
262
29
31018
434
283
193
142874
93
242
10698
20161
17249
345
251
24324
54
119
151
116
196
31613
294
158584
51797
128
4390
96223
96
3443
145665
144187
144810
78
56178
143
32801
120813
303
6255
82257
11048
104
9069
138
141
1912
153286
224
2534
86554
33804
60
8717
235
82
156
177926
189
64
268
262
7696
209279
5245
167
67578
58116
143757
3466
160996
99772
8607
214
76014
20450
19771
70
121005
175
45363
150530
232
7467
290
72897
39061
56499
121374
37288
90669
51371
135
164871
96
21851
57
128
218
83
223
84920
222032
65089
124
24525
11162
76
78884
238
179873
27101
108343
72411
89469
34354
31854
1990
79138
285
206
224702
49021
18014
238
196
96489
187
30256
5552
60
97185
241
66443
167232
202
36052
255
147
3
110854
4066
4838
205
75
200
4016
16966
15889
50
2795
178
181065
282
13792
180
34482
168753
20
27850
45089
50
14131
190
275
7375
70012
4977
126664
51
1
17855
174296
37496
198
219
35360
68956
3295
42
32057
100496
176542
34719
315
127366
217
268
123130
20650
115
193
149
236
31452
252
125
2739
48474
41
192
324
81872
80187
12506
226591
84224
23343
346
88
23618
148773
206646
300
23805
342
124
53
17
6
114436
216
10423
79919
31
159
2363
80
51
2297
9313
136
737
4279
73669
220
22
167
40603
134
331
69815
51
64
285
72090
36940
5443
81312
173
276
11331
238
74633
93
275
25108
146
34300
3325
1337
9356
20347
71618
2987
64512
13317
80505
48672
53
77464
143
63111
19435
42
214
29
119
197309
271
101470
223
221
289
2517
252
75
281
116865
72
1
280
261
70
65302
13926
212
10554
256
139726
594
139
18456
111696
166
134331
22897
9
8519
59816
189092
14394
22
288
72760
2185
114
88
1920
63
341
73324
11934
20643
21427
20886
235
283
142662
61195
85
239
95710
12483
3318
215
12087
223
125689
234
94646
37008
228554
49839
85642
12505
252
74
8793
188
97664
3582
257
13
329
41806
84930
26614
183
67
54054
82400
9945
43708
198
54
141
10
190
29447
4145
158
8795
165
45
3057
18
2
3
50
106180
197465
84024
44974
17841
124
177718
73057
62439
216
101
111
22
47743
23817
147
183
72668
57754
189472
89943
52
69
95434
18085
59571
391
12
66
111
158742
36
76
115769
50045
354
16
21
194306
275
235
49949
352
68
110
6888
2102
29363
98376
74192
165
21
76757
3932
166963
23058
86
81593
171
88
55
19
3
159188
39562
26107
8900
83
7969
148553
94889
29593
59090
255
226
75248
336
267
273
46
97019
64
100077
60
285
20721
128758
45110
49215
58052
181
42243
5059
253
87
109
58
161
75114
258
120
229
7854
190
115
23634
4024
75063
372
25422
290
299
16
23683
5621
161
33622
259
191
93866
24
261
45440
86
246
117
37
22632
39
65906
5279
142704
56769
133
17933
23315
11405
124
22276
9284
201
213
24642
1315
93
108
66792
69978
60452
102967
46836
92250
36459
3
272
24
76675
58240
2913
262
321
141
31
244
148
22309
2
24701
104293
43567
108
253
338
109
210563
172
227
271
154
113
22183
15639
5098
75
310
5688
49
316
154948
4154
53890
72
9130
293
146853
219
8871
160243
393
215
223
49924
7369
43814
154
68
102
220
13584
145
25344
13
85682
13054
3
87939
60252
28515
133
50
282
231
325
244
84
47601
76424
39
11018
161640
76
67851
77443
89
108
1230
54
324
94827
239
109
29834
6
43056
29250
6
19635
2938
322
159567
149
226
46
41314
179
112
16931
90
10
150
69269
144229
41519
74477
13778
24
143
3339
168520
291
58
9866
62527
180738
205
17063
184172
175
224
111569
8571
108697
79629
227
18
100
50
127
61523
50816
164968
70288
62909
106
60
130873
70420
100099
213
61340
272
381
97390
5238
37275
317
12851
22958
61619
28837
241
6
214
99919
172945
63
162221
129057
48
21411
14
173
5824
11
69716
33030
71182
60081
116752
338
81216
130541
35652
4922
206
86
44213
133
25223
143184
176
8544
227
3041
9
9110
98
93211
38081
24569
28632
65784
14702
35493
15401
39264
1797
86
413
32263
80
244
70468
103411
196
199013
184197
42921
143
25922
60345
53
111
18443
24
17
12
28568
140791
159
144107
93
32175
281
8000
32
158
192
22015
18185
211666
22553
114
135
25333
100742
198662
10
77
35595
279
61
84
18584
67388
194075
218866
159120
95477
50
293
206
71935
3
43219
47158
61524
87
64
10880
89504
152
263
255
52559
67436
139
243
69807
32
300
120582
25181
41086
13530
212
49479
43805
54
22
94430
13774
50907
280
111
7020
22942
64647
135957
306
5548
62
72478
34735
3272
6
15608
23927
242
85020
273
51744
118508
28155
58
7
217
206
167
82
123160
72477
76516
104887
199989
145689
1894
49
176
188032
221
219111
211684
160
5730
17289
129368
187
11988
220
84200
10892
26405
42
266
15946
161
64042
38729
169
125788
22832
144014
155
104
3543
75316
33079
52
31231
14942
211
155088
98
199
46890
51413
63
13989
99
126673
55474
30648
15373
7328
45546
95817
105
28573
147
308
182043
66786
56234
114605
214
8707
6
34
60
18370
32174
158
80
15
331
54482
35249
100
2
164061
9472
76
20
43
7435
152
1272
179
152889
1969
277
12343
224
250
8348
148
53298
79
26
63829
4356
107
48
116895
52382
120487
192
62406
14046
46881
33246
41958
16188
51907
30191
77
52
597
8715
33210
6
25987
190536
217
243
65640
157492
68873
13221
40436
205
117814
1
41226
128622
4
9
177407
259
36109
4716
11478
6999
1916
19799
123
148579
105
247
133991
33154
3
166169
18716
452
24161
137865
32
806
3
174
11769
51352
263
358
87
267
171
35825
89977
15581
144
196
30647
2995
50812
167
79
80
232
111
10280
276
60079
26
130
68822
233
115
79014
39
143223
3969
5418
46
292
43536
13639
85307
49497
12244
1
190393
258
36542
55
144816
906
251
140953
207
493
263
2579
65
76
29701
162162
244
5572
151
29576
80
73331
2981
182102
50
191
103492
61367
230
67664
14383
155
31485
200998
3
1626
45
104911
67060
156847
129
11616
12504
137
73162
95
218066
76005
107
112
2607
79792
232
4
213
1632
146198
158
22831
266
32328
242
115768
64
2723
51
6019
319
228
6672
247
17
163
19
290
110638
117
5770
61
178
34853
74970
88
91566
133783
350
46007
116399
81542
5562
216
223
