241353
1
1
58
31347
88739
21
7412
101
82
177
14
58690
146265
34120
187
165
139
49803
295
173
3267
66677
104327
295
31182
61220
147
47
22
4073
24
104337
35124
206
143
194
40
79
128545
260
3136
12
5856
208
259
37
250
33
232
46943
72870
89319
202
6211
141
236
119
259
134263
276
101
8204
24
143
212
42343
39393
381
155
17980
193
215
11175
22011
231
14134
177
98332
33
18882
13663
99
3846
45283
95307
27
277
13033
7618
85
1
255
252
172835
67
49239
56371
44
11085
26428
1556
163
47962
10128
153701
151
137729
137292
113935
72198
78906
172078
106302
64
212
178
143
5
141615
59251
124
2917
42
170234
7774
173153
62
1527
47
80274
222
19
5596
13697
100
62526
294
17672
111
196
141
32
343
61277
140835
252
44389
58668
3
47133
7489
215
38
248
52195
170
59626
62577
92335
89608
225
202
79681
42
68
36904
305
78
168629
143
39
175
654
113812
181
25283
158968
110355
30626
119
191
48419
137
114432
163839
86486
12653
117175
63
8914
225
121592
98
171
163303
21518
6408
57065
117055
49826
4
3379
95731
87615
56364
35199
9356
79
39
111827
54422
109
126
6752
6
8040
70268
98608
166
4396
288
161
148
62450
169
19309
257
51547
142316
153
120177
201917
119
258
87908
190
180214
151
144937
187
134
137723
51900
234
64
42657
133
62789
54035
134926
23850
79
21
254
153
22019
351
156
1568
37238
69060
44
296
174
129818
1744
47809
312
34
257
390
106384
90779
193
72004
228525
188
137
142
121
21
47901
112001
149
35745
48147
97
107
33344
12948
56767
61
101
105
49730
143
6957
21189
1479
17
57
11899
197
86248
200
126314
144
230
53
84
274
184
13187
122395
761
195
161248
370
102
52968
10722
32
101
231561
2407
517
222
44376
201
291
279
9316
81194
206
247
191
18070
92208
2225
153095
55308
86056
62266
17233
108863
18523
21
175736
17315
334
5877
70599
42
69
287
68143
67681
65040
283
200
119
109
35748
72769
44451
113221
227
222661
6412
75
29863
168676
44256
71730
120
224
80414
199
61933
10684
202
159674
29
56509
112
135
113
61
21
20834
8
168449
108
226
194928
96208
163871
218
48
27078
65
32772
81
205063
227
355
246
205
335
103057
45047
55513
11073
261
104
27844
150850
109133
50407
9348
20313
10902
109873
187
46
283
106
44230
74
2875
16
187347
65636
84339
246
6158
241
52
147
138298
52
58247
9064
89594
89207
178
202
364
246
27694
58009
90437
175435
5028
227
18
363
5863
127
30
61906
283
141
45159
66619
30227
29151
10
175
21
130
249
28794
115
69288
108
59227
23373
29097
148
143
23582
55
31036
156
236
7
49
4962
20535
326
235
115
36322
21789
21934
228
38737
115
132042
151
136634
137
6
50013
145166
76455
140
51886
32
8926
95
22653
163
51178
262
200
12882
8
258
38
202
141565
56148
35825
33972
93
35698
21517
28648
179
71
25082
4424
27326
235
123
122477
71
41
268
234
13633
122349
9290
19750
95705
119860
203
20424
111338
10632
324
351
133156
16551
85185
129
52216
174
23
84192
79
478
202331
126
75
249
153549
340
1294
19180
3010
2908
100403
105324
18752
86051
236
247
567
93
256
78196
146
45420
187
88133
235
344
233
34649
27
27538
231
96
16867
252
109
84
159
5048
84
185773
208
87
314
115711
205
65
4863
74
233
227
92
133387
69235
20129
139
29228
25223
32697
32599
99
68
3
17276
189
221
108
88289
66157
7126
188
10
7619
149260
35777
48179
23186
9
196
28873
349
10415
35171
82878
44874
402
275
63672
49758
65210
6171
1756
23144
611
155
57605
127
2474
22932
52104
250
12190
208
141
76764
192
352
30887
63
152074
284
17008
51
5318
101796
272
256
67
132
28
165385
92723
87
6229
36
78
162
66580
50404
104343
358
58797
293
3554
1381
116
35897
64836
71967
28228
175
50
80
76
128
111437
173712
12554
22990
40067
12932
42
148775
230
125436
156
65
49830
110
198
11005
110368
277
301
17962
32
50940
181338
8489
78677
51865
156169
171
153369
36
34912
128423
177019
2043
195
94
142535
32
154
61876
23413
12862
14084
29572
354
80284
5309
287
45498
94915
119207
106
24
3634
31129
40
35437
60584
98749
50067
52069
218
219
154
57303
179
186
81275
289
1543
35223
86
196302
116
123
22611
38
183
58065
157
106314
124147
96
102
211
62
187625
263
6220
46
103992
18450
143
15675
16827
24
1381
34641
219
270
19061
2967
2
55098
96
69504
120023
109
114
20160
119980
109
20653
84880
91778
94
278
44979
55543
32259
140
148548
6
1512
250
316
201
1938
76172
197549
2284
71587
98125
185963
227
16755
33429
27265
188
4620
243
111
115283
77
3
66427
1847
72945
36
8376
72
4895
296
316
134
312
149
4
95
156967
87
169939
2579
167
193478
26059
75070
300
244
219
261
3628
1886
21107
140
37268
40142
223
3042
58
199
15485
6563
114674
93336
153562
30
122
15380
89611
34662
211
24170
16448
210
87863
128
347
48
108
116989
146
53
272
14320
825
43814
132223
125947
24673
385
41367
47
71051
68278
144
30558
15780
29718
46061
36204
14345
217
142
117
101447
32103
1
69491
36803
81742
87
144492
227
108
114814
47348
272
35926
88
3047
65911
260
318
44166
424
31455
27154
103727
33
277
15854
22
3197
153
198
148
188125
8090
130
102653
36984
22263
21678
31
161592
95166
1874
49885
3080
25281
56
119496
146
155
28847
34
88040
27078
93525
57614
115
111800
325
212
66641
111
58528
1
2491
41
126
153
65506
52152
249
4068
49394
118
383
76782
14712
48759
126541
591
105
169
268
195966
198
172
152
9038
30855
133
547
75161
131
5599
38
80
28718
21
26
22
284
73
184
31
11091
40
109
203
236
43802
94325
125196
41382
90
236
17684
258
95654
94
305
47
282
223
266
27121
158
152756
147
16111
226
17631
199
43225
113986
68381
253
15572
7145
25467
108
125
83170
33307
54
164949
45772
268
44
86414
1295
131
1227
114173
50187
5962
130
102111
38510
126
134
144
234662
84534
25967
79559
70959
138
173
165
62
29068
127822
293
53890
30
7675
4407
6
37829
16874
4
24599
42076
24809
25065
60683
175
213
50619
10098
56968
73215
3754
40827
140522
18490
175
304
128929
159344
12584
8150
5887
19787
127
106
262
32306
88
121
77257
332
42396
15349
128
183
67
104
2469
15606
104983
7536
32662
94213
21
136
51
84958
142886
271
44
2972
351
29916
13420
53370
147
3
26
1418
249
39591
1842
111
167
175
58193
19705
109
228
180224
8001
742
304
60966
150522
61802
68
280
21704
80121
136
13
6
147112
5019
3487
243
177
45766
99
173
90780
62724
82
84
14591
4150
31862
52
217
79512
33226
9634
2393
3017
97
235
67
4654
2503
85
32392
115853
33490
47358
41243
131
119
138
4327
20968
147526
51975
36125
81040
8971
31449
72652
193
75209
101167
1373
104103
19502
162
100945
69248
145
65
99648
180
1884
94
1806
133
142
44
253
34879
107157
18409
45
226
2193
34863
169723
32850
18029
218
106
3650
122
22
1870
119
20965
102
1
118
124491
179
7296
226
29414
211
104004
199
208
113
229
187
1030
306
10
115997
210
3982
118816
129
168
215
15
96
52
152755
66
78399
1
102
253
17554
125286
31924
18768
54453
121398
110
12733
201
44
71469
10
246
34073
206
112998
247
208
16964
22
1
254
80
165
195
37437
160
195
44
17
28007
16124
165
10583
31579
346
15
50
2579
20024
26823
112678
120586
15105
94
38364
283
282
147138
247
838
5612
28862
74
231
211
270
97
129685
70
83
258
58752
62
71229
27220
95
12634
134
8021
140
22043
10849
294
12156
50539
121
4813
52054
8
216
17960
91
44
157277
159
255
42
218
156
29003
94
240
14573
135
54614
81430
245
157369
313
53
216
19
125
233
22335
40574
105215
108
3353
162938
74
114
74623
301
137
160
96717
325
29904
31326
65
123689
186
111200
218
80938
502
252
64
43259
23420
53333
39697
259
24467
175
141
2646
12645
5674
14419
1
25937
87029
248
6614
5039
181278
45
20
145
65
25277
173
142386
19518
25294
139722
92584
118
39100
152340
110559
177
6
142
205
43705
187
62
3
24
5500
42
62133
2782
50135
72676
61
91222
251
71
154
150248
7148
70
168
54297
127
74186
48982
33978
261
77
139
80611
63
5606
59854
20
115
126198
198
21138
109
170
171638
72007
40438
23062
47056
350
1244
3486
28756
1114
28
77146
57650
151
154
687
146
127
185
4460
82
23531
155
50715
29374
161386
142228
155
169
45
30
17
4251
206
222
93
110443
14430
2305
14168
205
55524
34
125038
145
226
86
14503
77
61
89561
66954
51
102119
16
92
404
230
878
147495
184
683
159077
200
112
300
89726
248
157
43299
62884
24868
5284
101
4447
2768
50373
38720
2042
106354
87947
43777
44075
168
86
51171
13045
113
53419
5216
10309
194
62
22198
163
205
46681
130359
905
112
146
38345
79824
15435
67465
7824
176
103484
80
101337
91554
173
80
163
80299
205
351
27648
141372
51832
176794
119
46789
54
37565
43
447
185
207
115
21327
105
27940
214528
38508
168
193
280
120
8992
17020
60
5848
86326
96857
199303
112470
45025
281
1641
6
52707
22840
60911
58
82254
1119
124734
54
79
72556
2902
160
153766
12745
174
31923
301
58289
101
37789
83160
230
97
230
280
185
6889
114615
8514
41825
211
159
10527
101994
131
151
71465
210397
204
374
202
1081
6
29876
60199
204
73585
282
152
189
302
99333
5313
119796
78249
60413
4
5351
166
31687
151
158
157456
283
221
52
47675
62033
25
268
286
3790
26
101
58
11374
232
135252
29
199
72
3259
55
142
118
218
143
212
1
125
263
75455
68
60178
32
182
208
19345
19
67332
86
103
182
49098
316
24111
77760
118990
46267
234
61965
205
55560
46642
126478
150
13541
99
104
16536
63
186
142341
56751
21302
54201
241
9572
31307
4162
7
202
134
6746
256
2797
151
134
238
68
30890
283
130624
31972
104662
261
24
304
9314
33643
97754
32075
185
1198
60
10
3883
34
91372
139
87123
26117
108
48912
114309
40
127
1
46225
15221
73099
24
90
93606
60520
149218
145
170251
176
174
87835
221
23594
16
119625
239
81875
205
113572
66163
125
2229
89833
115
90
102071
158554
135
329
8226
150
167804
61843
184
42899
194
155102
248
190842
106
233
12479
262
65
346
19
19
176163
283
41868
8239
30143
188
62
339
3696
2664
302
14644
19
1772
17060
31368
174750
82764
21
194
273
172
82890
22232
9887
101273
12246
273
36
89556
59956
215799
165232
37329
349
156
278
114210
150
61606
23224
48
44
115902
17887
295
143
161
119347
7787
90551
46490
65
226
222
176
251
151779
4881
35
35517
27989
31812
109
264
93122
51194
135
3611
15452
14087
235
36615
131036
166
251
95605
160
119
111
257
5343
34654
211
237
102752
17
87183
159
9
178
86
8983
76
64
202174
60975
5712
106094
376
192
124
3
53085
114
2103
38682
153
30478
144
20838
193
31767
601
135816
8914
40887
79
2978
34639
20934
123
69
99
242
54844
13125
99
398
228
208
227
205
198427
211
168
147
70714
288
120
25278
165997
221
37542
9808
100
37
188
165446
259
218
109
134
210
127
108892
111492
86157
14268
147
493
119
223755
240
164
57242
117113
59571
223
159668
112
4615
121068
81498
110758
6758
867
62
182
175
170866
25
18
79
122
181
257
12
145
35
42
70131
50725
201
54543
70
35977
2210
247
1162
287
165
100906
165361
55
46
15545
11630
135
268
41495
3232
53744
194204
192
64611
110
111
86823
124
14615
81029
46610
179282
214
332
74162
63506
64099
80195
102766
55280
346
138
22130
231
29619
24051
50458
3
88
6231
165
14923
33513
9809
96
222
3892
64951
64
30
70775
12584
193
9822
2302
129
219
122903
349
27160
29297
227
245
46565
49399
132010
25
145
107661
69
6264
15609
229
85
1121
99
192
188
1
203236
17030
5918
37
17987
7003
84875
276
21176
81442
196
34
19518
5
50455
68
165
141
173999
2
137
14093
237
26
106169
2
17873
55302
93154
294
40087
40059
129
74097
74497
32767
308
32212
230
34153
7382
147
42
72
76313
273
254
11722
52
53
190
55
178
3630
127
141
138769
111
17
234
27873
202
49
312
61
80394
116
136356
170
31372
59409
261
56486
115
151
30159
138
202
163
78548
214
61790
140
214
17029
10554
142535
201
178
38920
237340
179
74718
195643
75318
93684
88
203
9
207
62
3625
1525
251
87
42298
47591
2706
66717
221
49525
283
90
119443
23628
85
42001
22612
17
197
171
5339
31164
6616
3789
266
45057
81827
72846
3777
134
28938
88019
3035
145626
17052
82377
159
122986
11459
18553
280
23060
121
82074
57542
86596
285
2667
1853
168260
146421
295
293
85233
286
283
96543
158
263
61413
137
236
236
97878
85
13
1397
15
898
191429
80051
280
44898
26573
131
205
2760
93751
127
71850
339
125
94539
250
177
162729
1842
120061
33578
12
18626
953
46213
98294
165001
45149
124835
168
140445
213
141596
335
113262
89
207
58297
183
47536
79274
7517
893
259
85154
7151
10
168855
3450
78970
52076
57091
32101
49629
45
23749
86577
13622
8555
110759
51269
213
160470
6151
156636
108371
261
106088
162
21057
224
55
116
120235
126
171
31709
94933
279
310
9
53
30
177
63392
172297
36968
240
179
77202
1143
5715
117
99
7985
52
112956
93643
133824
15570
59062
27096
232
20103
143166
80422
53346
95
48210
301
9618
306
167
42
85770
208
27998
53429
39474
7994
2884
278
75944
21
111
42768
163356
137
71448
235
115
17222
19
29199
66
65671
299
125884
66476
282
50
196
203132
69
65148
59
114201
120
22980
33177
75402
7418
19
34
24468
189
141
118
193
33479
132717
20
193
248
124076
72
12060
72
97
86
205461
112
72197
5593
3670
56
1480
232
65
74
75525
39
48791
74767
11626
10053
34429
144
948
3293
96318
123
163
17715
57809
100
104
27672
21280
117949
84
214005
78845
139
84479
38960
124502
22
81
60982
2906
174873
263
108065
115
120364
208
181
2225
209
4
106546
113
100
37
218
54737
14372
8520
215
83836
143
301
8558
138807
807
51
34013
5556
70485
18131
115
138819
35949
141
208
16637
115732
65372
155
74348
29112
181462
106942
95
118
30408
228
103
148
17
215
46876
116069
170
20538
238
35272
261
21
36362
200
86155
208
63147
43
50
209
77
78538
27
48326
7777
288
54
13406
210
214
48877
27726
1
3
51692
95024
74540
9274
65
45750
43406
8713
51726
163973
24611
13035
63733
17839
5383
4626
60
193
88
92658
85711
3762
34020
25704
2793
10
182502
6392
4
17228
190
125218
137
47844
268
266
3208
10
205197
21639
81889
232
230388
55197
172
81
36218
117621
68067
161578
343
155
92572
28964
52431
49428
90
17
182034
124
219
189
289
149417
103813
50561
58
104
14
5899
18346
71
23
28656
166025
10574
152370
163
12124
31
169
179
34
72535
238
184437
293
19
94
194
11
233
147937
76
108390
88
255
6
303
141
28923
84
13841
16405
211
25774
122053
93379
229
3911
67752
93548
30880
28242
23
43646
287
1661
217
82193
206
62
15
12729
75
155647
57724
158
182
107
19991
70695
79855
101991
20793
2005
231
45
35232
209
38322
46
189
48798
53989
188
60
210
10807
90276
1
11294
92
83266
9629
215
164
10
10
13967
144
180
6730
263
23340
76
5098
80
15256
23589
25523
244
97975
146
89450
206
94
108552
195071
328
179
10184
251
160377
32761
90303
44589
309
68
244
21120
300
114
41
61535
11525
31161
3216
156
136
216
61729
167897
2022
374
76
99939
62647
13465
5061
2349
10248
56413
19161
1010
136
11751
5098
105034
41961
31404
140797
8612
273
35
148878
60036
43095
173
133
121
81
61
7556
1
197
239
3927
61
177533
249
78651
233
84018
275
176
11187
36361
42043
6291
189357
110591
31571
201
95744
176360
186
109823
111915
30985
149037
23488
19
216
137
16854
25737
46114
109023
11158
118
175
62
49237
60
3945
227
67578
47064
79926
52623
14552
33458
244
117
226
246
45062
112947
156
185
97020
217
99
9836
45
201
72
33914
241
55
31
177402
111
38191
400
114609
66
67
179622
207
156
294
64321
10065
24424
686
71877
24076
35429
198723
229
24653
73508
226
36547
99590
128708
139
40171
37503
336
77250
36402
138948
432
291
90927
22278
153764
65848
151468
89764
92
11336
217
75
220
105129
134888
107503
3291
228
12584
217
85
63936
245
1511
52
309
53474
12213
13829
1857
7476
37
71406
16621
162409
229940
31928
183
174
58
296
90
29011
174
57
104236
5761
173
34
265
8
149
2498
357
58
83783
141234
209
106621
74
9273
274
225
884
2
158726
142
56
107
47638
1624
19165
86930
185
70264
78
92
34729
36966
47019
18
33
266
55
160
21790
50659
46
44117
31001
90763
49206
138
134430
230
124516
106
64
138074
1038
1680
67943
76
971
134
65
7
12070
22543
22
27
10590
99166
94
24975
95999
158
35584
10
63
104
6099
60124
12041
149
104315
190
3
74000
150
77847
101
163
60
121
79619
40
22983
158
54059
163006
224
42562
139
126595
227637
76
82220
86
291
147596
12908
210
23923
228
189
31151
70
62
143927
44
232
151705
49847
19497
283
3962
122392
269
236
230
56
4
6985
71
214
10238
160669
190
19
96
11627
7284
224
43
166
203477
1275
65924
84
168
998
275
60059
123
249
26678
3329
15739
136
221
8264
86546
43357
6080
311
185
152
85329
89
27
186
10232
186959
155583
68103
206
27
120
33511
192
98
9495
28457
212
2588
16272
74730
61880
185210
1558
58
82
16798
100
7554
185
195761
67777
62785
148
156455
151394
131193
2144
48
25304
83785
210
79537
28449
351
271
184
95
177
160220
79380
74097
196
6772
39228
113257
104841
15677
12921
71768
158
18851
112
27
56405
203068
100620
258
89250
161
234
27700
74261
111
96568
214
170381
48
51800
157542
68296
33279
2186
91855
12
245
48056
20909
632
180
71981
119
43057
133
65
25
30743
270
197
62465
15
204271
29
1
30091
132197
201529
19779
46221
25045
7132
28
137
46000
59324
205770
111
98
11181
128
28384
77671
101
131
53908
82844
123
125000
147
21
10177
22167
181810
13334
61504
101
100965
4503
17573
14859
16584
248
21344
164745
129
32788
254
13362
173
54
53090
239
126556
80216
48641
3356
6768
49
40596
8252
47
242
330
228
91
125377
110865
95563
74
125273
42990
175
24910
4495
128469
278
15
138051
188916
185
187087
47351
40613
83480
301
77583
1067
148
139
80676
19842
12865
36573
16015
71849
42
10
53143
132
31950
70068
15242
159
222
153492
14144
101794
160703
10
177
15071
254
152
43
161873
34385
53949
265
9711
28640
135901
219
146593
26
132
78243
29702
305
25903
20949
56
50221
82975
14091
178
29708
32
171578
48
101
128643
184
193
35696
40533
4949
56018
124
23284
125
65027
98973
268
35
107
175
12
251
2389
18
118839
227
19038
11392
46557
104
122767
269
28366
6
196
29
21
178
91186
75
49
139
8
197
127
8064
161
153
25697
92693
243
101
6959
57921
116
2215
346
114584
12283
98204
298
13069
250
187
30156
65598
111
141965
96214
42462
10604
276
35005
285
23676
197519
5
78587
154
14861
43284
34815
188
30
23867
126
162710
26284
231
12890
158
36769
293
115837
65
265
25785
10844
13103
348
185787
39654
91
257
223
46
84684
4294
50665
72860
285
264
6
96
8072
87
39879
98
5
13
40
268
124
48358
167
6080
278
12
91
279
7
200
52272
11128
140540
145
183
173
1829
15215
15882
151778
323
214
84
39
59181
16231
17
177
10642
87484
234
84131
244
313
206825
92184
31962
27556
57689
94886
92507
97869
189120
14965
41543
12
148
91
16920
53610
206
30833
18363
118984
38471
217
89815
170
218
88965
146
226
113282
29569
3384
128327
19
173
35
222
234
67297
34013
89203
288
130
127596
184
73098
76254
257
20324
138811
318
105
28911
142
29107
288
259
193
11
52
57
176
20129
42
158
31827
131
16058
109
2226
58035
117990
179
99
36665
69
222
66402
135742
67620
6051
208
20295
9399
281
17528
6374
47
67
44087
172
30929
74
86
27702
205748
32266
3
358
68733
24802
70
18040
124
8304
225
9
13247
26
89649
7444
8122
3662
153563
130
90118
16847
39853
86
83719
167
1222
50
31443
32492
296
205
101102
20
153899
178
110
121540
81
51904
157217
7
22251
17852
194
179
220
347
79
72862
164768
37970
38818
112
5237
176417
83034
7381
105
173260
43326
43192
44762
58811
99
241
36
46
84673
232
162520
23655
97135
120325
85
139601
161
124
25255
56726
21602
306
89829
86679
96
293
93
26
28326
116818
16965
9651
6626
96122
243
30691
123711
55
20448
11595
7
92153
233
146
79
10485
116
225
3704
51571
110142
261
3
200
129670
39523
6758
94745
79164
99645
210
140
54963
37691
75717
36655
31
163868
205
4453
78919
119111
162
45947
9041
19
308
33682
319
16
13828
101
102
5340
42
190562
248
49
99360
187
12298
55
253
98
18555
136
28
118
248
180302
11461
117
215
140313
225
111742
9279
22
20
1666
13225
7
42896
45
207
200
68412
130835
312
94476
5714
114
45190
150
17215
15128
35
75339
46225
15
55947
254
34537
189
14198
89801
166667
56
58
67191
21931
124713
122
19812
82
204
42327
126
144715
151
277
43569
27
81
292
22
174
215658
39577
33131
31068
14098
195669
119672
90
51209
30629
62260
102
112
9
61
18831
179
5807
30758
838
5341
102947
195
232
136270
119532
125
2837
142
243
5478
126067
146
47366
220
58042
68953
27826
370
8862
232
10875
236
9861
40639
3085
209
63031
259
12225
159
19596
33940
24227
51393
49508
4826
65143
6890
33253
307
24
4499
115
63
74226
160
6
264
192
213
120113
9340
10211
1327
171
106244
23760
53
39
18
183869
82
64032
150
103
57
40704
92
63
10431
172
66400
38843
51373
73
40
45729
22934
1
33175
12897
20
28255
9
293
61872
140
51082
18860
139
12548
6331
98625
75565
78586
145
212
26342
35744
60557
125
30883
79
1
254
53639
184
10814
106
121
47
66435
91466
6196
199
107623
254
31785
90067
157
116
186
187678
8370
14570
48200
197
42448
228
12309
53
68374
9589
21
172
44
156
181937
95448
142
40469
163
53040
169
55431
157831
28767
50511
301
115
38380
135137
67174
11323
65
236
26095
101
3324
52
74702
255
3
92
115568
191
121
13761
207
98900
18755
144
35716
185
66632
78803
265
105457
256
89603
3911
114
145
140116
53811
8044
170
48245
222
40699
64030
31
135
146310
79
12343
43
245
3421
252
156
112
108
196
251
20
125332
28945
148
55685
157
71702
204
67324
5895
15543
158
33494
134679
170
168
16080
59584
39432
186
196145
232
56893
192468
23533
44714
154
37392
7068
59795
158605
200
43
8839
95627
135
97246
100752
184
14040
9223
189
4065
28501
10378
260
20813
137
16
54
78278
203
57499
116
739
131606
122
62996
7299
69497
36809
22
7113
52220
81
17468
293
150
68
87779
225
23826
4
139
106
12658
35457
222403
319
167
16554
6678
77750
281
2
49266
17241
154
126
353
106
68748
67916
2456
23753
125201
22955
58370
174294
56451
17959
168
7235
33625
12266
194
10
53329
190
61905
25
116
1418
34890
31014
38780
6600
98286
12987
172
29
67454
30787
32701
59
174
35076
119
22378
90529
298
248
22283
24432
212
78463
98
10864
285
27
80737
31150
41
3
5907
121967
293
160
35054
52
239
331
17397
225
255
262
10
131
4
54425
115
93191
1
155
223
98584
59944
30501
310
1
135805
33683
19828
38
95371
73
70
172
22679
32126
2441
70003
72
28
115471
49175
175
7842
65
225
3239
57796
18078
323
3768
20433
122102
128
48
33537
65334
1943
30653
4529
84
18825
135674
55
110
204809
59
102095
35485
19618
16892
84
17082
9484
22330
116838
13192
79
6295
125
220
106
177
221
912
81240
45
68
19
85302
218712
167
44706
182
2110
39
37
12495
23812
292
1
1529
1829
6448
37649
230142
29802
114
190
209
3869
102213
4270
144
15
90519
20
30000
69790
19705
117404
49
28755
57898
176855
22651
127087
95407
85
5054
306
227
49
15424
9
109
96
70158
54837
95714
85672
85867
87436
10301
23801
122820
76033
6164
96667
10703
267
120961
6
150
90403
11631
138
322
219
13
227
2150
38221
3038
213
67289
8444
324
92252
256
26575
21502
219
79
136167
252
208
60
18339
44
97
178
222
48743
3
99022
52
9110
5054
3842
64
270
50322
165
18
46059
202
40441
120948
100445
18
122351
99678
29842
58439
1582
144
257
133
3279
103
23151
5380
6987
123673
129
91
370
158
135083
38
2
11283
107663
19482
89
144991
306
62406
50978
68
45795
11020
114069
208
125697
225
228
231
54166
199
180
22855
46
497
57
55
638
198
183
76
723
204
269
92605
244
32
80254
18340
87
18835
119380
90
200
296
50375
213938
3
18333
82423
166
139
118559
71154
10276
31
19459
30100
55
276
5901
6492
271
131025
29949
111
17029
79
55
6499
268
85600
176
77
208
33361
75254
158
134
88
4753
267
55737
133
235
83
111
239
233
107
17504
173207
22277
3303
13
23390
8905
6562
9599
27175
4869
153407
104
16841
8815
10
19484
32089
86752
19741
242
11282
156121
31006
271
234
105175
274
10446
142
71189
10842
31719
81
241
97561
37435
6510
129042
29
4359
17617
352
249
7389
123509
3128
113
195507
27167
12303
74567
39958
151996
225
91681
32
32352
307
127586
67059
228
49053
182
243
318
74324
17104
7658
283
15804
289
190
60
39042
5307
19772
191
206
83049
100325
215
117931
219066
77656
297
191080
47
182
58304
95
4269
97
21
179
277
20338
87823
47271
26578
257
305
42
63904
28
16209
14033
271
38333
128835
16814
128142
86609
158
90561
43197
253
54582
19
92
91196
228
15515
32
23956
201019
104401
36247
61
41339
139
10
304
178070
3646
89
225
3481
56211
7
113
17255
61748
62840
150173
34
204
246
34375
220
1745
3
49
155063
321
35582
115
16860
3512
231
194
235
40
138973
114
309
37
55601
28
81236
90682
173
104
188
27763
3475
10
196012
82326
258
90
313
63
110522
133
53776
151
135
20
34
94
77746
106757
31141
25340
60125
153626
10706
8
26342
74440
327
294
64044
175
51
9509
99339
178
290
4
6056
15
16
95576
137
239
31584
53133
52377
5095
175
21998
166
85
41071
138
17045
57790
244
112
913
10537
1266
3208
1845
247
31304
5661
120
201
270
187
3839
150
52
55541
336
74069
89
41514
20363
9548
324
48995
138
161364
113
471
24724
209840
109515
192
4
82
45
172
119055
66657
159361
55697
97
20
9871
80
40362
202
33710
33164
195660
321
189
83
104075
16
4673
78797
7729
2585
346
157
184602
46400
132449
41555
324
251
275
62
125
272
32765
67716
110
323
125019
287
28871
25020
338
268
133
94700
286
5848
12573
131679
23
26
11058
47001
21544
140971
4177
217
128341
297
46250
114
58
222
78
77647
151768
122
173
85
221
10551
77756
74130
97378
139905
8125
18
170
16
62555
308
156143
293
141
31
34188
140
239
2512
309
78016
11946
75
218824
51475
164
13
53960
40422
112190
123
40
210
203888
127
63
189
175
32563
16655
61131
105
41
10065
160678
72883
7342
76
47643
100623
130573
70
243
134
100
13580
163181
35
36478
41308
15
19
204
91
166302
22351
149684
12941
57335
70425
147302
3015
59
53797
7850
154
243
135042
308
177
239
37
3
95438
53
132
76
111237
1413
88956
68640
18156
152
25701
168
216
87
322
10261
19818
14182
82825
20089
187
10563
179
162585
17
38560
39434
41
55894
39634
59907
205
12457
143
145
42
40012
105333
134816
3293
64951
153
98414
176959
33852
272
124
23548
98
31916
30582
322
2696
3865
140
5115
130
31684
266
109
174
213330
49370
258
521
49172
113
24
9223
35333
137
75
24
20
120539
31585
124426
6549
257
97505
147
203
119
38434
27608
246
4161
6
42
320
28
12863
3
34
94
191
4357
86909
21
279
161366
10695
82461
11
8731
163184
40909
60693
102
118
267
123404
84
11122
26102
220
215
211454
330
15
283
94
63
96
7451
207
109784
6
1756
2138
32500
157
221
209282
68
405
48608
33031
17
22852
196
613
167052
1879
142502
20781
11362
20225
19116
35572
32
117187
8481
2340
329
273
39573
207584
100
59
377
9
240
194911
53
2533
1807
4784
232
14429
240
84751
30572
105
227224
4182
188
246
99
18
80579
185
22482
209
6248
125883
3432
5518
20736
186
169
64971
14
203
168287
117841
118
133227
148
54943
45715
189
182
34
215
122
64056
13813
110
19
1874
34
140058
211
41109
119938
66460
76419
1802
2888
96097
3
4611
2541
8719
108748
12902
247
151
4684
47470
53
70533
206
59642
125462
183303
65
95337
155873
40761
17
24783
14
120
159
206
161304
241
52
19307
274
21
89
65213
248
122
79954
86868
33990
114095
180
51097
22476
159
211
22
274
238
143
31311
157777
7749
27
223
49979
114
208578
126773
35786
229526
48
265
190
63436
226
74633
9789
222
26963
232
45
60540
60257
311
116349
41
32238
79729
177
93691
106728
81
297
101
24179
320
248
54
14551
5040
141
103613
94261
57
4987
122000
133
74
299
85
78920
99
49
38331
81
9465
10419
14877
96307
1205
52
266
73
282
274
194
281
69767
48
2639
126203
286
196
129591
99844
55724
96317
852
256
88
276
13909
85680
26440
36247
52
12
13
13498
37638
105
259
255
23
239
84368
29426
179
12086
77693
11055
243
218
69885
50923
1296
103326
27108
12
170631
35130
139
194
33982
126
139320
718
188
59
1817
32618
219
746
91386
540
230
159517
180
116
121097
1489
70
3
33
24
47
224676
2211
45435
29479
2
22632
170
98273
30135
153751
278
189468
244
83583
14
99
91284
11744
22234
101506
20451
5967
281
98
2054
135
97116
72897
219
138
39802
312
65357
181811
29534
183
91251
232
100
66040
97
70034
173
90
19711
172
62275
72
87
86219
12366
118
79
25472
134
180
149041
56784
205126
22398
41307
333
54174
156
32325
179
88010
11057
212
1240
81
320
21718
136
51612
51
34493
188701
81
6508
91
31110
72232
204737
7818
4500
307
195
28246
110535
104
12937
304
242
149192
70
110426
122
145
56152
92718
148
68579
7358
2015
68979
15226
104529
129355
6486
373
41272
53
240
184554
156
8984
290
73672
109770
53
185
5776
62809
97
3
78
242
592
2533
59392
57802
121206
17846
98437
16427
34
104436
94193
88943
27672
183
114
132
124746
10911
100
125595
132
134599
103
48242
169
19811
167065
355
9395
142
15
320
40914
36327
11706
3799
197019
153360
1
87925
171
201
194078
66
40824
19457
902
88056
271
38586
30
126
230385
78499
138
151
105532
165181
118680
108222
36
97
74479
90222
304
99
221
118909
243
18283
153
24765
86972
237
94165
3826
20668
304
81
86
19501
95
122
92895
77157
150
3
188251
16990
9719
114888
109587
152948
332
15
268
77
1793
178
242
55373
41443
114577
1
96602
231
45161
142
101985
286
89
96540
6690
1036
4075
59047
66486
27561
2772
216
61
38576
139762
292
6463
128
54641
144
127
3
11870
122064
396
239
64620
252
262
55090
27905
161
339
4502
72
15322
92
225
66
120
6009
236
4319
52855
224984
224
217
30734
65665
75848
145665
52
225631
176483
7972
20102
143674
77679
315
199
278
29072
67
111946
90799
96350
12761
71
21653
165
163
78964
85866
863
131706
70585
5518
207
202
150743
57090
141
127263
199
24426
16880
129
168
232
76001
14044
36945
39728
5796
195
39
7388
35
188
167071
1333
63265
220
22563
130079
40631
131
77176
1101
198
240
80
124
3
1
18589
72089
42
6510
124
54326
5954
76
122
8
28240
22215
64825
57209
102
1705
168
20301
31
2
89
16220
135
61109
38275
283
61646
65473
124828
41411
61876
28642
139332
129497
6693
232
162
82067
256
258
272
23749
9499
189
107449
43
242
102317
23867
246
160126
211
33133
305
153683
22
145572
322
107
68897
58636
24449
49227
5647
35789
246
85734
264
281
5056
200
135061
97
96711
59
71571
2891
15
186
305
115442
313
2112
55820
60933
21
267
1
2372
57
98514
83609
130269
903
144
169
147868
25360
289
124
70704
170
87747
97850
5896
348
111
197
677
140800
319
286
10032
210
11525
232
52
14655
92007
41604
33283
94551
271
103098
256
135
51668
130834
138
136313
64971
162276
19684
11221
336
6092
96
103536
37028
11248
193
19979
37014
187
199
113408
100
2973
177
49
33578
5648
90364
252
35175
213
39990
168
22815
46194
262
44620
58
11
87
73304
115
343
39323
85
73544
104896
225
189185
13684
47
2112
1424
63472
99
55915
32550
81744
96795
43139
26889
22624
178
196479
40882
96
183
254
148
294
95184
22
170
205
499
69455
8
84072
59344
143
10
40428
4146
1477
62570
246
43576
248
40240
126
95895
20475
7617
49326
46611
63457
162
47918
143166
55111
4382
37340
189038
111
13944
212
27234
7135
46213
235
106462
10343
244
141476
3502
69
73195
185
13
126
137904
72496
296
134
15398
290
91
88175
95
98312
200
117428
77
13487
90
12034
49225
236
24308
7407
55349
88374
10643
47105
12908
135
204
93686
120540
140
11953
156075
18561
3
111
283
56078
30830
30
9270
16
45
289
219
202
72244
113
25431
158
62311
174
20746
156612
123440
285
11423
59376
150
310
54
78907
133582
180307
38566
308
101773
3678
144534
243
32871
64070
56605
27
26712
92822
25125
1240
160136
89883
6111
238
14
71
23
98212
22161
187
338
57199
63
3
216590
207
7600
217
93
8
8210
156
298
59835
48689
113356
105
57492
182
143
22
182
222
17
77543
83304
100
28830
121
68
74894
131328
22
17173
7050
10461
104
89512
382
171
51170
196337
37710
42722
147
41719
107621
140672
402
5192
210
115
40377
309
23398
55
20537
3712
84164
96326
45270
58
330
16372
34143
113862
97
11796
62
60249
84
106
115198
56081
4967
167187
80
2718
313
30983
129244
3963
55201
77284
3
137222
260
197
117510
204
103761
31059
146
125638
182924
9340
144
235
142
127190
2629
19076
29420
183
2640
144
59
154665
152454
4286
23837
106084
24
57
19
37900
8808
182007
257
10872
116882
111264
9927
220
187
83788
13030
177
3390
160047
17931
35182
12623
611
180
188816
114
54707
104
16891
66870
185027
185
302
66767
104726
59
101123
9
233
143
46448
8585
189885
129
260
153
288
33515
151
82150
35164
52
173
34881
217
88447
220533
177750
58620
71360
6297
213103
108
253
343
145
242
195
68167
15171
106432
11076
4626
144899
148
85
250
349
25628
40891
90484
159
14494
68552
77908
107
232
3
77081
187
184865
100515
87403
205
567
28
201
22540
169026
74343
238
175
17326
81
188
76137
139
84445
166
61527
3
21
9843
85
258
1
27494
39547
64
169
6969
100
265
11727
286
104330
3
17881
147
67715
80
27585
84668
18350
153751
15833
65086
4914
83
273
35875
196
152549
175
32509
14051
72
80
45786
137
101
172
155
25067
30
98
6635
221
40
17928
47513
92483
68511
10044
61311
44630
145
171255
79456
64971
108055
107567
196
243
178
90615
246
63
32606
145
19686
60180
49
51
67562
5195
282
241
239
90
2157
202
75
200
15
81
68
90786
47337
211
67636
160554
225
274
33
907
63866
5396
39301
140035
133
240
31292
36
19
3944
120
249
29127
124127
255
55
10645
47
100
12906
232
152456
68
186
266
243
125
184
159
31429
46
52214
15127
66699
56153
10764
115183
171
175
177619
82058
8687
92392
124
263
109169
99
268
94172
569
137809
140
104464
271
19066
65
29400
142578
114226
246
21136
33025
21710
31429
47089
10695
91890
103995
6719
156
44584
2906
134244
139149
210
289
12898
153
18
7110
182935
55558
29
50
71937
9633
246
626
62288
99
118449
205
311
104
308
21729
169820
89175
164
43
84
22
92
67516
9006
44
10
55288
3582
254
98658
7554
66284
52644
52737
88095
145637
69533
19
36121
150818
285
278
38
45148
47098
85632
201772
265
95
69
4
88759
968
15
242
22092
242
22
135
63
33
176
47
33832
100479
245
76661
21572
78
386
26066
8877
198970
273
150
54909
56748
307
12
30800
198
196
10
16275
8003
14947
161274
74
15
9861
176
20
185
192
82303
110
11912
103944
3
143506
51
181
142
23937
197
239
287
76
152
18573
221
27
76937
126775
276
101636
114936
196
47287
167
83736
65732
60157
338
97778
28545
88048
10099
17484
33
4434
62776
95042
223
116046
197894
163040
30635
24
59
11801
10620
92538
71741
1997
15225
95913
122
164
12451
170
81490
120147
127
92
94551
44381
10362
31828
254
4501
24984
179
241
49872
241
91
150
175
37184
20449
7851
7340
45351
91
45780
140671
15
109
207272
134470
37
245
269
234
40645
185
1
218
294
83
14262
209
53
5754
14234
8
105175
244
183
200
225
23974
295
94996
178329
112669
53
52090
71903
174
250
110450
292
38622
141236
22551
63705
335
21307
172
12446
85
61692
338
79540
15468
112
72231
175
88937
175
104016
26
252
111
62524
31764
102639
278
22844
52466
99
40
12
296
163990
259
34485
162
32026
31
131
27247
260
185
19
20000
152
1406
278
254
220301
109
86
148379
18
37235
18403
71826
4922
85611
60892
49364
187087
58
38185
162
32
148
16246
135
14606
164328
84895
84
162904
48789
74
133
134
91
78869
27217
245
18979
151
53309
7962
159
7007
107485
148
3721
257
197
97
28199
37238
1
191283
108
97
3317
9228
8
107326
18
99796
266
20827
9
11845
7442
57300
299
141623
94365
129997
142
5016
116
14892
65
64
116770
3
17474
119753
153
227
167
288
42819
9817
6
25332
58
18431
84104
42
61562
43202
135500
191
150
53761
138
33499
78866
32
30697
182702
173
51
216
7664
9
166854
10
150
194
19752
14
116520
144
1362
253
7870
189
17883
66973
2755
26930
195
88
197808
9
39469
249
85
117478
20224
92457
1904
64
14449
69272
3133
171
4765
22054
221
210558
113
107847
173
6
40113
295
315
173
37
99039
226323
25981
7977
115731
107674
32
95376
7
106491
139
29987
147
248
112
109201
136112
35621
216633
7432
8927
104868
104801
8154
241
185723
21815
84229
190
63904
90
140407
242
27
120
161
90710
171189
239
159
30267
40600
48191
14744
74
13508
82566
180
266
2653
15810
12243
39133
5187
72382
60
107738
19
374
155
11642
30121
132376
54020
195
24218
39030
109
33255
47489
183
77978
100
23061
10210
13
216
32864
65183
116217
80387
2348
187
51252
227
15105
5838
50365
155
71007
39583
10504
168
41
15
29023
158996
206
132533
167
149
71516
4255
274
324
3
288
27365
221718
103445
129646
226
31061
4442
103483
183715
71668
64222
41053
29215
134
300
43801
304
201
11897
63467
4112
34675
25791
186
4994
47894
172
57
110045
81
428
191629
64841
27343
62388
181444
107003
89815
15093
77
20862
42935
92813
91
49329
122267
66509
21
8902
73
140
10830
211
83774
130
81765
227
30161
61
102
84
240
300
256
174082
78426
196158
148252
45691
26
39
230
48
35
134
222
183899
136
12612
16424
19
254
231
29202
108
57
431
24934
96921
7438
73467
16999
201
20414
42621
67337
17158
161
98
18
149797
78
102512
115653
186
66
215
15683
12
26844
81817
277
54991
202
242
27105
74120
6008
71
160913
34349
117248
185
128827
26553
18
166795
1064
194
12
175
338
78
19353
246
67
157387
73991
176336
52597
40648
55071
16896
42737
64685
228940
440
7
2255
5167
864
149
198
208
71
18651
15964
92
169
154
180
38042
20662
80145
1
78268
26620
10815
185
57135
68
877
119
70003
192553
11022
130560
179
20066
92
114104
7455
1490
19536
48996
327
2793
36134
10050
122200
248
49127
22031
11157
18649
7079
62
268
36373
168
9
9
67591
22330
76500
7507
40733
173222
25482
99591
6
58469
84
55
86000
3860
38634
108
98814
8480
35271
17474
240
205
69485
26595
47781
78162
10916
39
379
10132
56
138530
147716
219
98
218
155569
31
183
1473
6331
72738
58
44
79952
19062
20108
61947
262
17
18864
72572
201
86578
261
214967
129259
120
30683
240
253
13105
183
136310
3336
5934
217
6120
177
154107
25847
33371
78
122
6987
119
159534
208
44
269
23861
171886
53786
2608
112
357
49
294
53698
15360
2361
103
25119
12374
44254
182
25062
8973
235258
231
87917
22449
248
51397
5576
4219
14
39834
2443
6122
53580
62
14379
235
91891
26390
127
46
25840
83
4078
57
58330
195
231
88
99326
34529
49379
121
23628
21264
6424
196
133073
347
72
71
6738
73
47
121874
108
168
49430
126
197
147389
4873
143996
206
95
97848
14607
202
237
228
153875
74044
139
20932
104
10630
10
143
60792
171
301
21
102545
92256
94626
132125
218
79014
9513
115462
28885
150724
318
119218
59783
51161
239
66530
221
48000
28
208889
6453
4
176009
138
229
269
17994
71717
52009
87601
134412
167734
150536
78361
44299
242
29
976
155
41345
142780
10
154
253
252
278
29986
180
85
64346
99077
168
2463
45830
85158
11
256
186
94294
20494
166146
96078
51
261
41939
100923
56811
148451
92
99
87
266
8884
42326
1489
195
69430
6033
58
31963
6189
46
261
109859
59
193
35945
155417
122943
232
60808
117705
1804
107
1432
64
28
29631
34872
34647
147373
176052
203
64872
58
31856
61976
3820
70552
68387
182870
55
277
94476
257
17362
69647
87867
215479
224
224
100986
57415
100430
115433
209
108476
293
349
42346
252
166
19882
124
270
82345
114
229
62194
132
39
116
74134
32004
69774
40212
61263
98
2036
137745
2470
9
3827
16938
8373
4351
200
24
85734
26245
113
306
42176
118899
146
86
67093
157
99
271
144380
246
9
91982
187
67
302
142211
27349
15768
42
114926
195
49720
192
5289
210
20
60
75
53685
18
86614
315
8815
49
19621
140851
170
201938
1111
77409
88522
46781
139
55369
3420
125835
25474
69901
144
42276
242
48140
46013
287
82675
66
125
295
130875
64084
82
83
34904
392
15223
89045
246
86275
202
19
13088
123211
1531
45
8808
31642
143
305
52734
168
109508
201
43048
58
20734
82
189
198
41798
3
20
1481
95495
161461
11903
28060
172
1439
16372
211
139
235
62
130
114
104
99
47083
215
86883
165
3386
6
1852
165
26535
23
41
235
23237
178
13096
40
17468
54340
168
54424
190
46935
66423
160
163
198
31954
2983
1898
2839
119065
170114
97144
153
214
333
273
101
89133
55302
7979
56520
232
23332
54
89206
24
122707
9831
70614
19024
58211
2482
59975
256
79
11
37122
256
251
196
144
172
3523
25942
50
179
29938
207313
65367
266
175
30531
126454
151948
232
16081
69340
3
123370
39320
141456
43503
99
173
82
7180
169989
168
68188
72224
69870
320
92
13527
23865
204
3079
47679
37
129960
132382
69714
2151
183
96
28
292
23437
229
43
125
66999
332
30996
322
35096
200
322
260
162
50
14879
104767
81
83918
34113
269
51386
111
84225
75503
36
113
47694
147457
259
96
13
145
251
232
98843
141691
324
86462
204951
188
127
190
148
92891
148
170
73009
18527
92398
19003
293
44392
82
142
106
166
119650
53663
262
226
46080
229420
31936
56
155
102622
196
238
85
225
96829
101565
127
11
116
270
76243
40315
77160
63916
16260
44423
13750
142778
184251
11760
4821
207
13506
152
33
200
5470
94
219
145
50
166018
63515
6
4271
5330
76626
90747
38792
10463
158154
135399
7
60255
143
136
3296
74925
209
258
176
136
128329
103
73
179
16754
7
37084
36218
305
131
81927
48653
1
307
144
29725
63257
5458
206
83251
212
277
24605
46
10335
143021
64838
25077
7692
158
27071
15349
142
17044
1
68
209
198
4040
5696
137
29561
316
36
119
21179
47137
344
56961
143103
8368
25619
6688
24
99830
149
3105
162909
45977
168140
23170
4676
61312
214547
252
118058
112979
69767
3772
66986
49232
185
182
92202
68
8723
313
63733
40
11781
261
7231
207
4954
95
13878
122
272
68
32743
2
78609
76625
5
54805
1022
2281
66282
86930
167
6888
203
180
78
77
69616
40667
106
98
201
136
27353
68005
46009
68996
11
222
36899
270
3
201856
165
1663
219
202145
142
166
264
232454
128950
180
21450
49
64450
43707
11621
24
80112
3050
306
76465
102531
32470
210741
94
97
26408
156
211
209
304
149226
237
289
143
170
120439
129107
226
163
173843
19915
122
243
54
98
69129
225
3331
62
224
192914
17129
13966
169
17667
25
11
116643
186
129
11438
787
71388
178
72
316
27
75983
17475
92067
64
191
184
135
1407
283
6
135378
17
177
68043
165957
23
19845
150
114
184
10
152519
2
138892
89781
89782
44191
117
4703
8
379
3692
172
13
124
1398
130467
42155
20580
254
37618
187156
120804
314
60937
370
80583
111486
12800
57041
57
131632
178627
89
26801
138
79185
36
19923
190
243
237
11
119
51323
79
62368
319
4490
135
32370
70066
49260
36
195
255
76288
249
21547
156764
48
108
49701
159787
75
92
160519
203374
134845
48
253
207
35594
40848
199
2636
17
25
129725
317
132656
155694
3093
59
27340
12146
44001
7131
199
15838
114755
69294
56956
9310
14153
8291
37648
13869
24201
38532
136301
145
55843
175658
7
336
94
20
75
218
61269
87235
9442
294
32478
181
38823
6751
75636
206
234
3334
19621
217
48347
65419
47039
295
53
67
123206
33016
181
5764
73812
105587
185
8385
58037
78175
103
52360
76
67115
58
12505
194
281
259
208
12763
21966
140
12093
9624
48869
205
169
139
18
33071
39611
33
26590
124
88307
59297
279
17771
157585
62
256
101670
81
315
49
17253
9310
34146
130
24579
83
5626
218
30277
302
47310
4243
13061
5437
31338
15883
18852
4822
90392
84288
118
249
23609
32890
118
8822
197
72
124
16
130
87598
623
82555
77333
87
129
15855
1
233
240
4403
429
10889
219
30936
147
198
6644
40
10
183
116276
83
26
94
259
231
139305
231
5781
41
36267
154
235
71297
163
24390
228
14619
88493
213
94558
26307
228
52756
56
34699
241
125075
303
22680
24061
256
168349
328
120
198
5837
194
285
224
351
15
140
208
37607
236
66528
5494
11369
50
33
57825
92
45289
186
3433
117
202
140981
24329
130
109959
14759
103
260
211
219
58
15344
3498
13809
145
223
104717
101652
14860
38267
20970
210
103
106356
62609
29
74
88158
167
231
257
23734
93714
6636
21612
2108
264
46168
43761
95484
336
60289
231
22541
5175
1728
5
245
22089
92
136
176
128
60913
178
197007
288
14507
4014
89617
72761
73
33286
3798
272
106
8678
68746
210
28077
52
64314
280
21699
63
137
149637
310
266
131
49
32733
13698
10
110
245
44920
38359
302
57
55842
164
127
22609
3427
168
53
101
160
135
124
143194
207
104
120295
65004
87099
189
82516
11278
119
79339
160
23823
209
203
20538
47595
178
42898
13
44911
31443
240
28911
86249
133
26847
268
118510
117
16
13724
99
24549
23
45863
6970
243
7029
58991
60385
69
115
22624
123
42
194
41194
28
295
29864
13927
24366
140203
180
258
1834
72080
49392
101018
259
175
95
46338
71054
291
37649
9035
287
163369
2856
85
20
39
254
42664
9
66359
9132
96035
69319
13184
17242
52584
12952
6
241
16088
159
212
12931
179
291
35
104
12527
1052
20498
25725
5625
38877
257
82404
20796
245
73137
86
99
205
75292
65
255
20022
43455
27713
159
5678
191
42156
117
88656
81514
230
79501
669
46870
110
32785
84
94
38
257
123
57505
214491
55
112483
189
74872
66715
61499
79
63207
139
15027
9317
159661
216
3472
233
16623
139596
159376
59314
10
279
90
241
29949
184
49
70
83110
129
325
183764
23405
131
147
177691
211
142
105452
1124
25024
6
58154
16999
196
93
63887
6291
196
11342
138265
941
109345
209
21555
145
227
237
28032
52441
145
69
243
63660
162
168
92
220
31266
27029
117
71
1896
165624
2633
64
30935
29
45079
1414
164
164254
29480
252
247
88
50
34273
1957
100693
1183
321
20
18795
136
38810
85587
151186
16688
163
618
795
162
94
200
101699
55982
230
111574
6
99
26634
357
106919
8782
39649
233
11936
186578
65609
115558
185
103
94
118
89
120077
113
76715
13631
37494
136684
256
258
27813
125869
140185
43241
249
160493
314
31036
89908
1
32388
7663
129
41670
12806
23852
27291
16
86631
16
61
292
181
119
122049
20018
249
36805
69286
263
201547
112
126
58457
8
23452
34258
222008
101
239
120
20893
85740
63047
218
178354
58665
86
70541
70587
119484
76
206
9620
134509
178
95161
91802
24657
9285
152
30
108
112183
62
265
20115
21
31527
9515
164
45
119
265
24
62
8884
288
1637
264
115704
98403
198
1282
13
72918
163
34512
41431
8
234732
135
315
121057
54601
122873
222
34947
103710
260
170
3
160
357
214805
7888
217
52707
150
152
45
21068
103912
11126
22373
72771
44598
166129
210
95
56269
218567
79476
31421
184922
265
250
123
144
250
70237
10860
127
171
93168
254
3758
20417
29308
149
184470
121
71944
282
42791
231
87390
51
131
152
290
60603
54
72354
43218
43843
158
35552
72882
166
141
147
254
56153
28016
63269
59
1579
49817
280
2389
88813
54418
4214
217
25
55
27135
69
61912
27576
7094
87
47548
178
43542
6
180
53
138
6
117441
39965
85
241
82767
275
122
68221
6
128
123482
10102
205
135290
95
218
161
237
53
9185
1
25064
108573
12826
188147
46
91980
210
264
195
11214
43
20576
27608
130013
215
181
131847
4950
3873
18768
264
127933
271
41
40947
112950
156
29885
53
238
197866
143007
58329
13506
62760
74935
116
103104
10
3598
208
132
25
27033
40476
175
1787
49014
41
189560
1337
41
24464
4596
160
105237
99
161
13335
189194
777
100752
30327
152
15845
37623
46565
152
49
110266
95
191
8500
289
315
39782
26155
236
219
128049
97059
94
138
183
15655
4752
96062
189
60
171
133
65690
115856
89
115
118
46480
3
79317
231
135
243
68509
36069
94
251
156
43
21
12
54011
246
40591
54818
136
35814
39
74827
218
27447
207
64164
118556
20
83
28
158
82650
239
121
79
7
124
5
18492
145283
57507
73
69959
75927
257
18358
562
136468
66247
15
16
193546
168
72407
95
149861
176
79560
45
23
188309
131
19053
22349
78822
9332
350
56571
148858
7996
27
28301
39802
182
24077
57215
18952
2012
8821
219
2668
159
515
22
335
171521
179
179313
39
136
221
172
79983
49991
141
33
33360
88484
238
21997
54
95525
7242
14397
184
4875
2823
138
29
26549
18
98
352
15351
186414
104084
4943
88145
41
174
59449
119745
77
117762
85581
131026
27859
67461
34
45726
10831
27609
33387
111087
5462
21432
82
70
51856
16726
39126
440
13851
6263
107501
200
89000
3158
86287
53370
172481
98
76194
15763
154
107558
1297
23
28955
5031
99
121856
993
44543
1462
136892
169
217
150540
131
8111
174566
82700
80019
84478
170
23890
316
231
98192
27154
102901
183
143
190563
304
95
81
66186
5365
11110
259
250
101
247
23230
51717
104492
74766
187334
99752
112
5987
39850
47
2668
299
165851
22442
250
131
138
44368
67
255
175
288
230
218
7739
3
268
290
162684
7436
14
314
204
29721
16110
23225
170
102251
8408
28943
296
165
5365
84939
12
60
57
51
201
119711
14868
1952
42601
34037
183
48023
306
111
122
121522
172
128439
92422
308
217
137278
22548
119
1553
54
25550
188962
207
194046
268
28652
203
105
80526
212804
202
130
162
483
8405
128
293
196226
145
145
108335
31
123
178
233
143
156163
25558
132
65
9848
146
148
47643
73474
29
181
77
41
113
56
85551
212010
148226
137
246
95032
175704
163
25625
114115
64779
46028
154
412
21
39
10516
96170
64
42707
39450
190
19808
96624
149347
195202
13011
213
165
32644
110584
53651
6401
32215
80
27
186
2550
17864
69727
7613
141
38496
22142
211
81
261
166
219
79123
197
18422
7007
211
61492
48784
27019
16616
21974
37
22863
280
132167
319
1350
90
25445
352
233
46015
92747
54
155
59236
9
165
76571
239
73134
103471
87
18611
5729
90
150
212
152
139681
140822
162
194
32709
188
59
207
96
17
9045
39545
238
3383
26348
430
237
21349
121727
49
179
249
286
1982
276
7314
203
166
231
23953
6433
7300
114
66846
120107
12990
175
357
59
286
1
147909
7624
18568
26671
263
232
215
203
8749
123
225
71534
22
121
28
62300
199
25372
66093
258
200
17315
150
10184
10931
46392
158051
162
112071
278
50
27697
12977
30
77526
43009
1741
71005
155599
133
50213
223
183
3
64
71
86
51595
48505
326
90
26016
19
179935
64103
41
282
89
205
190
50859
89
53
65517
198963
58
80
62612
93307
100689
101552
103
163
103
69
34756
33323
136474
110064
172070
220
52864
4
813
370
102584
107
10275
57533
235
174457
3064
4296
126
129
10494
212
82915
218691
13754
15
188
25969
54416
38328
26
111
47894
23514
122
23736
75
332
18750
149290
53372
4349
258
187
4517
51549
3272
10155
131
99
285
3804
286
22195
74808
58
147214
63453
287
31502
239
138
3520
5381
108
376
241
12423
91
120
4956
9928
30728
21336
189
201
8616
172234
50709
34
47319
11182
137464
167
135
16671
13
7220
247
10609
11743
213
10671
278
31391
7
115497
69
25296
5
1277
213
144890
82
321
115
336
88998
116
70667
193279
2823
198
86930
5006
29800
240
240
115308
23505
29
86114
28098
146
38647
38
2103
39
57
12
68442
2416
100686
85
33040
8810
9630
120
32373
162
151075
140
152509
326
112471
39493
5823
31019
46539
101
23642
98
174079
26590
3863
84
69418
129
133
83
138193
151564
159354
50
226
53756
8
37182
299
21540
168845
162542
160
265
218
30096
138
135169
27542
9673
124377
43952
117
166
159
139
219
134
87480
20102
86
96
141257
48294
216
228425
18060
178331
7529
43671
148084
93
81657
227
126823
29392
271
31000
715
104390
42
152
18717
1696
208
198225
66348
55405
32
274
72500
108
85344
182
71
131443
149
69722
89845
107958
6798
111035
147
23120
171
116
35840
62
496
19306
15
40898
106041
209
130
101578
19150
150
58
30054
285
97541
240
142546
76256
17
65874
219
103641
268
37033
287
1097
113
43597
384
116
38629
54637
142
5489
25360
36
13606
98
131752
65
47595
190
37312
2
323
349
57322
18317
321
49
40291
44793
83642
43000
1
154153
4271
89227
3120
77792
124893
188
23137
164516
159
25665
67054
26778
95587
84275
188
22692
199
243
181
46601
26224
3859
23363
69
352
74277
81856
231
82126
242
122
13446
160
58
18
85966
11566
36413
150131
107607
7238
13805
48269
71
177305
88
68
103700
19404
1897
51957
150772
212
13
128311
253
74
37714
90
22788
111370
249
61693
92780
26
138
1871
46172
60
55170
6782
178930
115878
56209
24476
38509
146016
15666
192
120089
197
145140
295
236
3
72782
232
37803
578
71
12412
280
14
154
121
113104
63989
2586
180
98
6235
108407
174485
212
47
166
211
249
154031
267
57826
97
1133
3
243
15794
142
329
38783
125241
219720
83839
106
7230
100187
208
169412
116173
37273
189
160996
132
244
6020
9054
36
120431
100709
53872
413
99092
8215
297
60
40
102367
111218
98
89
72712
97304
90
2537
275
124482
30444
98
45
3
57468
164829
101169
9
79
10428
30509
63
297
42999
252
62558
168422
4594
107321
11222
180
43019
20653
13025
76
65385
110
68525
17083
141339
21035
160614
110854
22
4452
41
26
6260
51746
42975
34022
21
47
291
55049
80
22399
86500
34
189
1333
68716
51413
11
7880
74482
31
45760
52459
19219
320
104
174
14620
145
48
80672
9471
152260
32687
88627
168
19483
254
107
302
87
107
279
91
259
106020
56113
328
7418
17475
373
279
30597
256
63979
60693
89453
118
49
8122
145209
14018
38660
118498
132
88
18673
42536
148419
120714
12187
3966
15273
174675
27397
52124
12349
50204
92
6732
9541
4655
3
138
47176
156
177722
226
104333
258
1205
118422
174
135
152423
145
32642
27715
206
86
67536
172
53015
206
23974
135097
233
24529
116
154
8535
19009
22893
145
273
148864
167
85
30220
230
101667
100406
249
225273
102
51780
65
6907
127
139
9
27968
66169
8
61
160739
87
311
240
243
7629
55
51920
101
73150
40365
3685
111
19
87
87
180
62356
89333
201
68
99
376
70124
52700
250
23
44291
77
112
17
206
195
1528
104070
138
5
34021
17025
150
1633
114960
41793
1153
22829
17602
78
174
229
12342
93
48493
217
79958
10368
94
17
606
258
6
11813
163
310
229
21009
47315
65962
185
220
84
34817
345
18982
13552
91707
114051
81
153270
45
172078
40072
383
3
35640
35275
15
47117
147795
13027
70
180
3634
276
2179
32465
12
38
3132
10
197
139309
234
187
3003
60
15786
37874
18116
9619
201
155
32675
69578
338
61
42065
49885
18925
2585
14120
27
57
109200
201
44032
62143
33486
19253
184072
54
193
16577
119665
93
199498
201787
69
151561
111852
159575
3
14798
147
33161
153
22701
280
30173
184
28138
124070
166153
23677
4743
49046
145898
116
16901
81614
112
8253
113761
21265
129
129513
7787
117066
254
36774
12253
122463
267
36914
26960
68744
121654
209143
129825
135
145
12565
97894
246
24
81004
42
1521
72854
67610
161
182095
35810
77798
4035
18083
44
241
1608
31541
142
243
9404
114422
4083
137
379
30
42368
107
9
8890
276
25
12301
153
36
99234
62627
27173
88808
65996
104
58725
64
12007
4066
123398
54457
902
46
68218
286
188
135630
20219
9735
6
379
49802
7692
8609
288
300
87
103165
232
17
101749
92889
10
8067
130
259
6
64308
159
113217
7395
127
57
31
43113
287
9781
3269
60043
175
309
4770
17
262
194
107601
127925
11366
127621
124
51095
67
30172
15
1
25
39347
70719
74296
146
25383
66
38
40539
15519
21
105
215
11
77627
23361
225
119
153
13509
65170
88
33385
181
60
238
40500
121722
156
18
111
159
37010
152
75
152
220
31630
21
34
67
8255
17556
70058
12
37
44774
184
231
149
1259
197
94290
71
58858
13347
62586
121
71794
129043
123680
109
181167
53365
47167
187
15494
12490
102
164
85200
30335
54845
15160
54504
285
80761
141
12
21451
99
54
14
55
27320
164
27
63
77
125
88189
27361
140280
19029
20602
235
31
214
29384
18
62766
124906
69
74453
212775
45163
64
122727
328
9749
165531
40738
45
11508
66
294
59808
8
59032
203
51353
119
122
34673
269
14833
17133
51
67920
82
85
99017
74
9
63181
769
2412
201023
2976
86102
187
20
90230
35021
5
138796
31
75231
160
103
3441
121
162511
100124
45186
130
3
305
106
27
262
7226
56
155
32070
233
12292
211
109
175585
231
97976
19268
53
11592
106
15007
253
93006
60
11078
300
192
51857
178
253
235
10
1226
307
292
4
12787
60
116
249
31639
7954
101
295
9790
103410
82
2714
158194
120953
96
51526
90752
662
330
111
7044
197
116690
7626
240
86228
447
13
197
182
38411
1
254
189
178
94081
222
112094
159879
87222
20467
11362
64
247
140
38556
58
3
195
15676
1
119
102
13018
38610
98
201
108847
11171
7378
140
136975
28785
184
24993
238
30825
264
33
85
35602
97548
231
200995
119
25485
3412
9196
57503
20165
29274
21503
243
150
37
285
3
46964
6483
4332
49810
49875
71413
21371
86
154409
201940
22970
157
160
149
42
249
346
81943
268
248
190
78838
28
38
166
82973
2050
26155
6
210
274
114526
171
51571
172751
88
163
133585
124
22747
14570
13
26832
32497
18
220004
259
342
136
22
94678
154
78444
47150
46
12118
181145
253
23228
17089
9346
168779
112727
16520
19852
299
220
55667
316
213
143
288
17852
3577
264
80494
281
33085
49436
37892
328
22524
19
47
120
322
20527
71
196
199
218
274
106213
47
142360
61
8
39
21974
44917
23621
7282
92
181
214
79
15324
34211
222
101699
259
39406
220
3992
206
91
102
13841
184
289
89867
10
22297
200120
69257
6828
42431
173907
13
17005
250
181
201
39
88093
16461
20
194
89149
66702
39239
84529
124
134
250
116
168881
13294
14115
4
324
71777
204913
180694
12068
14
88423
67175
68
16612
51001
16
297
96304
14697
186
15
10745
158145
74272
185230
124
1
211
44730
215
119
115
62737
14625
274
29
24430
111
110
13
85711
107
74170
8234
203
172
117
213
48752
2577
71755
10
200
1113
37197
724
38
16194
162
819
3057
86
485
182
114428
160
40873
21206
205
291
164
58568
35466
47023
305
22892
222
753
7074
914
103419
112792
17790
97761
211593
66
26724
1585
148
290
64394
20654
38276
136
33099
63857
104164
294
267
67
131941
71635
208305
183173
101409
45
167
6560
15064
235
56430
1
124148
159523
259
83046
37541
295
11448
35483
21150
76032
114
154
217
37144
167722
282
46920
66281
20
109275
22263
34705
107132
48260
3601
203
215
260
118
6
203
47
79020
20
6932
137
61967
9457
561
48758
5416
57398
67548
24101
47731
205
18503
223
61
308
53247
29686
41053
49328
69420
33201
239
286
11576
77391
92093
95189
101
19656
57395
87
102
307
36622
161092
42973
205
32
20801
42655
173
122688
82590
140070
12
209
224
41365
104375
316
217
30029
170884
2763
8955
21385
82
974
142436
29542
209
163910
264
20655
37090
56979
41707
144956
85807
6449
20
128
34410
16362
11297
21320
5863
82
48667
21
164
13386
66
7255
13878
90
61827
124
72880
11965
196
84
10
37210
215
129
31312
91
229
114436
65
53
55734
33771
77192
30389
106
110
101242
259
67539
8337
124814
78718
194828
84
18908
60657
17587
231
81465
75
207
2917
289
129153
46
48016
169
39
118
11848
13587
107068
322
23292
43789
14994
276
30858
5
489
45607
242
117
59764
26788
73706
287
102783
9593
73
2618
24055
178546
95979
39152
21972
20309
139607
2584
56048
24568
93
108
35464
45486
93
104
22029
110811
85
72166
150
41570
1422
37298
180
272
7483
25562
105
120375
54
221
46565
24078
9
221
62552
169
41536
54
24967
96465
53
38
5
25271
16514
44962
11694
15629
53467
48503
45398
201
104157
240
209668
16
110306
93117
311
270
44
43415
1
218
223
81400
287
48930
209
114476
1508
164
3
1141
3762
87
12
292
33224
30
111340
82043
18089
12201
55
9900
10
235
212461
102219
2268
17540
103
174
60
121423
26622
273
38
83
182
207
95
2586
219
36
11236
57713
157062
86
40554
77908
226
81
6
44338
63062
250
3968
96100
153
69
69357
48675
287
1757
69149
7019
11030
6533
43658
70749
29
74741
51118
35036
9264
211
15
24532
18281
44207
45
8370
35623
40
12910
34464
121908
48
107806
95102
138373
14462
10598
133152
181
141
182748
198
17924
178
76000
275
69921
25706
94136
237
66
69839
50525
109398
60
32
15439
80337
38
14
308
218
181298
3560
105
103
75932
63922
224
197
8163
94
163
17197
30717
97
35723
10
163111
156
148
38187
48267
194
261
193
11
27060
14
224542
193
80114
204
81075
75886
267
35668
228
28
13791
114253
98446
26916
15518
274
1
42124
222
218
55437
8099
158
1
218616
146
406
210
85279
16992
4630
10845
97
114
161780
6210
121879
237
136457
62
92
49
94
26796
28306
131
251
3079
215
1606
220
8227
185846
306
186
191
183339
95691
1523
261
18218
100707
9543
14423
208
270
58
25315
52153
142664
38303
53
220
9094
120947
159
259
113
16
189
73
207
21
124471
33679
32034
115663
23729
10517
81901
233
169
225
30
43
123
163
28738
86247
19
112400
62
45
112
79994
42042
42
153100
207
252
56044
41
297
189
232
77874
56
6472
114830
92
30418
5767
51655
15580
184494
34566
94466
117
5609
137
114010
94
155
2385
43
65347
126
19
1
42012
29190
127
41679
88
782
20786
65919
21582
51641
71
25
35538
316
201
34844
188
253
141
331
103447
211
15261
42389
16
82
27
261
5364
136063
41595
109611
77623
109869
21
46699
26007
10953
3
43129
19599
68
20453
77
7464
18389
122
183925
45230
193
32861
55
30825
14071
243
66
55
18184
73841
14980
10
29667
115
165
1
74
153
173
5774
84
34
183
15174
81932
274
19
8218
206
1
66805
122
46479
92
55585
91
31679
30716
335
64723
136
199
2524
35780
158
202
72
296
164
111743
16
101
173
198
285
123
68749
3890
65
307
3065
7246
100534
38635
37246
69405
124
191
49263
33011
39
52
13887
5625
201296
173296
288
14576
173978
35
203
186
111267
252
164
94
102273
260
19751
145684
246
29979
51
112803
44285
230
26059
9755
111346
111078
6299
223
139
75311
50272
25772
65
47446
22771
7762
21
86857
63846
19781
186948
81560
183
27
132306
46127
272
146
1
214
51261
144599
1
54044
156
115
35629
73
38476
131
85
24
245
140
21624
27388
3
189823
97584
44728
73
46
269
66543
258
160
14037
11840
3572
19332
124
20019
89621
29519
17833
15734
24762
218542
28648
2043
107
185498
29190
10884
15
333
2569
27361
87196
212
9835
117
186
4601
320
135891
21
234
2844
204
215684
176471
36073
8541
34618
114658
8
177
96
78177
384
140
262
51839
213
6729
51508
170186
12349
57677
72231
3347
44
142
192
38498
238
73818
106728
2850
47
74
181
257
1921
18071
153
12290
56
101725
144
49
129
25395
45
95
11
84
8932
120806
3895
20239
66605
175433
7276
222
311
20
65533
59
168304
6805
85
176845
34730
62818
152405
44287
85754
109033
161885
143
98
8025
6012
218
70
59614
11
267
57212
32404
159440
1649
94173
76
80909
126765
58340
8326
122888
154
173165
12351
157
171
73652
171701
324
155
192469
100191
145
6
10
43
216
29275
78443
22966
10
74593
23997
169583
35716
232
44634
38
148
115771
206029
45730
149
23955
154
257
233
5213
8044
123124
1887
17678
81413
47
160652
4134
51802
110642
184334
490
205
103682
137207
5026
15390
39444
3919
286
138009
14505
115536
190
52
79
68
187
33938
94
165473
18207
88415
88596
5023
14010
62484
7202
69230
197
17934
1237
109
208
18334
22413
157
107
16
241
104
14640
78471
217
17352
47
10
85632
217196
112
78
9675
78
51331
28
235
44855
80187
56659
11310
155
29
251
180779
77844
242
96
203
53280
32
101
96
75
54926
154
76938
67441
145
40969
1003
10786
55553
81009
64
179
181
30090
15229
96576
7071
28
41381
1808
41093
274
87452
134469
155
123078
24980
17936
10534
8525
92
58795
21
35342
50
1384
19353
58698
218
149
795
251
8267
190
238
76656
11484
90227
208
68106
70140
14784
57019
47567
34193
217
35576
27247
33079
72194
11124
12480
192
142605
8694
279
50926
25648
80277
77
168
227
58500
125748
29163
193
69265
65087
262
8313
20234
20
122
823
244
34234
25320
17290
81
14
79
87221
268
136
176
426
74027
146
51744
191
91
9628
30912
176133
288
165391
37575
173
65
110
133482
150519
165
241
36614
19
121
44
174235
53628
30715
166
45
58135
40828
115958
306
609
79886
145
97712
81
130850
215
4
107654
219
39200
70035
33
201
265
28002
261
221
21
52661
271
79960
17537
122
19861
75635
231
139
159
148412
244
45194
101049
10793
241
48
5759
231
37
80599
63
331
10310
283
25
141
199267
189
52418
135401
110
82556
236
19209
11
15346
19355
28325
69002
117
38054
19
17521
118527
9794
55035
307
319
244
46159
51
105
7982
54178
93
32136
111
231
22084
80
8125
13933
11943
9282
106
32
8508
32284
22718
209
28749
1
123910
319
184441
285
146343
147
214520
10
28881
165
16
128
171473
104262
14
175
48
51735
1530
210
16138
148617
116
114034
178
147
259
41
232
106664
47201
329
28330
285
7444
105075
22714
23145
369
10193
17360
101
9057
6
174014
5334
200
3400
208
156
184
10226
5330
87928
102
223
25
245
23932
90546
178
92
85400
27
136
64
24812
16676
18276
70
93649
198
207
143
62046
99
193
141
95
51881
17748
173418
134
13518
66511
128
7021
45
341
95977
294
8005
72
179967
25527
191181
8
107255
254
91
170
121272
325
89628
708
82629
72302
16
132
4711
65214
95000
91383
63082
16438
17378
15
37
28768
264
73
131
122
11358
3
50
80
70668
27319
119270
237
171
183
75077
99
128203
291
591
114705
143
3479
56
41758
41
142020
59923
114
3
51
6
48623
241
27068
28461
54101
81824
56264
89
144
241
5
77912
34423
240
77
117
73529
96607
16
125461
22470
107904
98
94285
85
2824
156
302
1224
45111
6
163
63584
1921
10
10
142
4922
56860
20693
12435
315
34769
236
160
54581
140672
180422
100
16
334
145
229
13
236
29
202
118192
73351
56
38629
10212
81569
96631
170
14806
285
100938
45
27720
63
36882
123121
3961
120
24046
213
243
123068
1
77537
10345
78
9466
156
151
19736
121
33968
156394
18268
29
2200
57312
22493
227
2038
3715
145
19044
10
2104
81304
78874
137
135507
190
161546
96
256
184
255
26
33693
42
104802
177
311
122998
211
15
43361
13
44
114
50
202
61209
53073
320
194
27526
30852
498
47124
169
56366
35418
202
46394
50227
53328
131
172975
194074
46180
22
339
2229
39444
236
14
84
209
64
95716
4375
101
4230
1879
19352
3
103
425
292
285
229
7181
122
303
61
155
262
60888
32106
96
42
12235
137275
92037
295
179008
63709
10967
114
13439
111474
98
132
242
152
194151
184
99464
326
37542
294
7279
12175
85
213
99440
50
27217
134476
25440
172942
173
263
37
339
108975
14998
43403
182
62348
127934
38136
134
97
13596
61192
167090
102033
66909
216
222
113
31933
194
124837
161
93351
16835
147
182042
17
34757
182
70
68
55
91790
65
60031
53942
64
6
118938
2498
11746
162
69
151012
257
190
6882
168
827
30
14311
12670
69232
11477
88746
217
60035
20036
6365
240
23385
12475
10
337
181
121156
237
122
6639
341
152300
345
16
127069
171
627
42652
146397
200
133
183
259
16693
28
85503
22007
56138
21753
78683
334
65191
127
40806
20691
167346
17394
64
128
55578
38
29699
189
73553
581
23728
24418
146
25535
98196
11904
47686
25488
52592
973
169
53675
28662
27410
90
156
170040
55
165
96
52684
10879
47302
225
221
52
180
29
7430
48695
146
81063
107193
136
40147
105843
247
23052
130
148
234
150349
190645
36
38
99541
164
134
166364
21267
144
10117
173
227
152
10417
29678
67465
17460
79213
23
24105
9234
215
18584
41837
69
139639
183
1
87388
196
231
247
166
122238
151695
7038
17220
173
288
173
290
19279
190
108
38
261
102
64295
51422
409
259
45975
3468
67
36
130157
32
85414
102
58595
110180
1
37768
183634
55587
3660
213
11021
102392
317
7871
36569
81661
44
33
83955
148947
27214
9
30117
197
37712
231
194
15
26002
90
208
53505
482
98
118395
66894
16156
104940
127
9372
130
55
312
149
93186
11
21
224065
41
35924
85
17066
206
215954
191
25635
141717
14651
99152
37612
48941
101
123
231
76
139
175
200
130
96
303
97630
467
38556
127111
114187
3251
194470
16013
163007
199
26109
99
51381
145
11225
107094
83
130
55066
174
82792
117033
43036
135
165804
25194
207
33
164369
84002
190874
290
44920
2635
99
165928
214
13362
240
147
28570
7972
170
174
93708
8375
30018
134634
60040
183
2764
10730
60331
264
2920
76
121
107
170
77096
1
36501
76634
78001
14022
13557
304
52
47194
211
368
20792
101
52
72135
3341
1399
23269
204
336
52368
60040
2645
99
23404
27970
65
15817
175
326
13301
6957
84
175802
159321
25669
6
68
70
79802
253
192
7854
14486
161193
68
80105
226
23071
62715
250
110
222
46422
44863
79404
53
2318
101565
103
207
36942
215
142
10245
44721
19012
28200
156
1
61013
6632
97833
206
34247
62879
69585
219
152
10
209
152
21
34882
146
171
69
112454
118158
308
72
4590
255
123651
311
14084
7800
137311
92526
20058
36
113
141536
114
23
163
297
147368
298
225
13556
76
145
3888
125
4403
123
110
5649
802
212672
184254
12575
153731
40662
11485
58
153
100
87807
62682
2409
10809
124770
70
50
118
266
81263
120318
31764
32
34
10428
206
32459
7
47193
45389
2186
98514
44
164
8234
42474
79208
61247
23580
94755
78
87
9299
2901
150
109
270
36713
45926
187
301
6750
302
77
11911
171
16
13947
13297
81152
170718
28843
116
22292
108405
2994
45
273
8873
67
86
163
51949
45388
161
276
191
47743
51
56073
209
209866
189460
169730
283
17951
159
48150
2442
2354
7057
16
28
6
93066
4184
396
198
14
92342
90
1466
166
893
168
71
79503
154
79403
270
1
337
114871
221
300
31088
95
64224
1
6664
257
9508
135718
17161
50991
5248
190840
83
3588
25353
148357
14
42527
48
164
18671
51030
85
162175
290
1534
57231
226
252
1795
15396
104
1595
145
9
154
44438
58
48021
1
185
41
129528
338
91135
37868
46356
172996
58448
200
204
157
234
137775
41
837
39123
17466
32182
215
360
78460
143
14323
45508
93573
243
16900
49519
136
81380
255
20
8300
646
112576
305
147
15
83979
35512
31616
225
61300
107107
132219
9530
73892
115923
19
56496
584
39332
149
86
276
56332
176
172
13340
81357
184152
55299
213
125150
30197
94219
81
57
57
187057
116334
9611
93639
73793
159
76115
155
41892
62955
276
159
29
24847
48861
239
101846
67176
164758
179
27117
132
49
59
1217
118409
32237
174
35484
88046
49
87
10302
126553
299
171312
14683
685
17563
25841
101689
171
5605
34499
57895
227
223
65624
56038
4058
14898
35979
177066
133
26864
10430
57920
76188
4901
49275
225
201
51876
202
158
72961
41467
127428
14007
56
158661
21600
92
10048
125969
76671
29779
64
62
73683
68992
162
45284
35
189067
8
34
57
81
41200
97
49
90572
6485
150
301
67580
12867
209325
139178
130
26226
31
29930
221
166
33138
167
367
194
245
84961
52
492
264
142907
171
147
55
238
112065
104107
166443
34965
106631
27
93
233170
14088
10
80201
80652
7682
1913
304
163
78497
305
64091
11
1384
26
229
8371
6372
224
74
153297
239
25823
54400
196637
22297
3014
89
103293
32720
2041
246
59897
3785
53380
187
116862
88626
74573
119486
112064
50
3812
2969
25568
98674
69
163
62259
222
232
8800
164
61
10180
9
94
42911
7138
145
5009
126
177
152
98620
63
9539
41284
177
1229
171047
18654
152178
83265
185
48
65740
93
87260
37742
222
77262
7903
75731
205
192
180
103
370
182
28146
283
90
240
259
286
22279
17
62
110
183106
12472
48612
2467
369
114
131046
76815
211
232
142
148602
230
16765
335
9691
90708
45130
24138
89
104819
203
58265
183
53
79
4
211
1363
273
19482
216
77
209
39516
20438
53380
81328
167
6
104860
145142
151
97498
18070
58
283
270
78674
10891
227
61
39
90413
252
10595
31685
153637
171064
62017
17334
99
152
11966
294
267
253
112223
54
17210
3752
226
102611
52
14265
2459
6
53409
77
95043
82619
266
80783
58783
21
40
68341
29714
161
25
73635
14211
50484
24688
170372
7472
27479
73
1
8340
124742
32499
22388
79670
79101
32734
36294
15836
46016
74564
90730
194905
31
52545
187
133487
39961
62090
50116
181
38957
33156
13
82719
79722
84597
30103
249
94692
56206
12056
127486
38229
80472
262
118
281
4412
110
114
169
19689
193929
58909
8978
164
13097
5847
76568
48580
47722
70692
8712
60
5246
82
52095
11031
77
35011
245
55312
147108
131
10629
247
133416
12
312
46123
102
73303
105588
166
85556
123637
998
252
92
128504
111798
163
279
50145
237
237
180
268
47195
56
137
88846
37892
107778
178
25436
47169
71824
277
28367
6775
28785
80013
188
86
346
449
54400
3436
216
204
19414
13
137050
79430
147232
130
272
230
80
63
20492
258
72
6027
55
48512
11834
29974
16489
258
233
12750
26151
14
65134
252
285
206
195
106299
53253
2961
39993
7530
95527
84
153
223
50498
145
66
12165
35535
99
90283
33
119746
159
28018
148
135
134
55639
15324
69
147631
188
288
59162
169
71265
7562
19
784
20267
30
163464
67
35194
17
226
68
42
12091
692
190
39733
43
92459
118609
3362
184
41925
88346
216
48889
209
240
6440
19654
69947
93
73302
259
131
238
198
57010
126
149
126
214
163
277
121
230
14
20
436
173
240
62693
33
218
57611
26929
157
193
5754
112
88382
6191
129
191
103077
14838
112
180
27106
31843
11589
11734
22044
138814
245
40
14860
44478
111
120706
3609
87386
58
13034
142
108202
74
51668
164
155760
92014
236
49379
39775
117642
199
269
67986
67366
61
51
22192
66910
126
48866
130
8275
103
273
148
115075
265
205
48619
106984
6610
209
174
140477
1767
101
39402
16121
1638
204
194
80
264
44705
98321
43
50079
59020
78650
218937
95781
118
159254
9903
132108
56
233
175
183
37192
203411
36989
38
128888
7424
169728
22
101002
32525
243
233
128
103
22561
53956
121790
63584
6328
121088
40
10774
162
111576
12471
5
25173
183
52821
65
103880
18519
227
42869
390
68459
140033
281
230
18230
63507
144
27
18355
39821
220
69
98
47306
88
59783
22979
157727
103652
125190
2652
261
93063
11
76878
179
196
175799
33106
3686
83
172
7049
10
56
171
4490
32558
137
82989
284
178
121
89885
4997
277
47738
44273
2
55
72
92986
2970
185
25710
69
86207
196
29014
150275
183
24826
156
51607
250
50
52223
32
86
213
49595
35962
37925
201599
22691
77874
164
113
538
42122
30722
115
23840
106965
245
235
24363
209
53
15378
133
296
5544
103697
179
215
9458
54869
105894
297
98
11595
52726
73
154
9082
71
225
117967
196469
103802
105984
106
90
164093
12021
103
116
96
14788
160
85
335
212395
54900
17330
181902
214
56220
23
53347
3048
59370
20
97
27142
186
183
215
65651
6566
181
217
282
154999
46501
205500
231
23189
20
19826
16001
255
87150
284
71092
17937
10249
114325
153
12909
8220
103830
98
59
34921
262
72850
228
148205
22469
87030
155790
229
209319
230
44207
150
295
130
60823
147
33308
163
103483
136
61508
28585
56511
154
83583
1864
5963
16
123
59983
158
25110
278
86
75
55
98276
100003
24
5221
232
123
92702
73
135074
46388
101
1036
35069
203
56034
11887
21638
108
150255
31424
234634
17378
165
200
49
238
3433
98320
84162
45067
4766
144
56
77699
93661
179
93731
209
140223
82
277
78230
46461
57
57746
187289
43215
277
35324
110
199
6812
30912
8997
54784
64348
84
32
146747
29262
15192
3287
41985
38204
73
126
205743
43
263
169
90
176927
31627
193
232
125783
31050
93974
77389
114
201844
177
97784
29
272
36742
33973
9
123
171
11
125
76
80664
190999
272
136652
187
71101
237
227
93782
6543
317
147
1968
91629
96148
17215
109
186268
97850
1
266
115
68677
85759
75876
40778
72874
46
37574
124994
28562
52247
280
329
141
17036
271
23
209
26
36002
67
9
246
12994
103656
63882
196
23083
51433
422
105934
28215
249
502
43
1590
17667
152
80579
44007
193251
87880
123971
7052
98620
18
268
30
142
207003
126
100
266
133
31782
388
145328
219
102036
58640
138
85
90714
191
99551
90
3222
49446
19073
179
93892
3
217
177
33
173390
22853
597
164625
222712
7
75607
80675
19301
17227
18
19328
112648
20856
1315
8727
142
37007
253
1659
272
160
33525
35926
4
68
255
280
81
175631
234
177387
210
9858
155
45293
187444
5388
4870
116
24
105612
62
249
37082
660
66
215
641
75634
204
61452
133
20041
597
54
2
50004
180555
91
105
80670
30332
71
16736
4
48671
636
23697
22743
14553
45
211
267
79
182
170
270
39139
8739
36322
71288
29
144202
250
22536
306
5504
16356
8084
51584
169974
183
167
197
326
235
210
326
62
844
196727
170
301
9705
27968
40
29339
97798
326
11032
361
136325
124
32249
266
46275
84774
295
2884
229
300
55533
39586
279
520
1603
134675
88
364
129212
98569
248
9466
94
97
20739
25086
225
10578
145
144046
53
1353
92072
142
75
222
150209
6944
368
51545
15820
296
225
24978
14103
96532
138
193
21513
170
106864
42173
213
5797
1279
254
180
192
149161
156
55
233
91166
156299
11929
198
100020
36044
155140
172
57918
272
51992
55663
40893
5
11896
145
186
92508
47
47126
287
265
25764
97
69505
20163
27165
362
42
247
163
262
227
108
291
22201
92
273
42003
15
92150
347
200
4282
150620
149664
163
13353
73435
194
6
18518
93463
21564
8
213
4344
70951
19
159
39
433
10586
13343
98
3414
276
27339
25
297
261
16980
91995
2335
94
12519
89
39
240
30732
73783
7
188902
64
15469
124902
1
117
138
6991
10818
150
34190
141
211
7
176
276
275
9
22
206680
52417
70
285
92129
70
63389
73727
167277
35666
140
6808
6156
124
295
1
154946
83
38
78160
9636
251
923
76006
243
157
218149
74
141
140
17116
219
281
105552
141932
125990
164841
100305
248
48
247
18683
31
41657
125
38882
100659
71
23810
108190
15590
21528
44666
92
50
4901
261
153
79859
172
100964
264
27348
67
17
99
308
200539
216
13787
96
111572
31157
222
250
60
76
71
71418
151395
54650
1423
51350
33
61895
33504
149
320
261
8853
3552
331
10360
63
7243
52
60
3549
203781
123
1999
32183
63569
74
32505
7071
73
27852
79
11742
148
117183
45785
228
44825
130686
178
70
6095
102023
67973
129
8
211
57
39911
29101
161
30258
4152
139098
20741
45
38273
26485
11601
259
100
68409
86
354
57
231
77213
64296
162
146915
126
136
52
314
59421
209
156
47661
14982
1371
4
20564
5292
72948
23085
7683
4
184813
232
198
30
37444
189595
37456
20
15833
252
226617
203
12029
98123
115988
99
276
80
210
110345
88
61
62110
68
60390
159187
4125
1529
106532
99
72
189585
134
186
4474
137
142607
32506
62414
10881
165659
13612
30687
9
97
145
198123
208
55134
102080
230
5155
203
28
50
108
57
32172
291
15
68
20531
19
42784
269
57
36
81984
172
243
27592
17827
16999
248
193
145438
264
110
109
82169
134
1
68737
66338
136
158
6
17663
198
142227
151
153
226
81
35056
81355
85296
150588
266
41085
212
274
79351
154
196414
258
30388
143442
52192
38724
145
141
169385
341
114
32850
63191
45976
171
67
19967
48
145
46475
268
42105
2685
18294
40
68208
53965
136
194
108
311
128436
176
90
90465
45835
61249
29309
159
4370
61
175
287
81665
50544
91691
272
28415
15892
121041
75346
113
124
12
307
23003
37
126
71291
16342
11141
261
207
141879
53211
53
17
190
4725
179
9200
64305
54
99
207
148
122449
129412
268
115322
94091
22398
5745
45
31
45757
68203
220
66914
4863
196
187703
47
168
8564
36979
47998
20
149
287
110783
142221
94
191449
58024
34087
402
3100
178
303
168406
190
30373
9809
86681
70
28755
6659
115160
70783
195
53
27946
209659
14743
240
6637
141139
199
59448
300
9888
195
19644
61907
115947
24617
10836
175
162925
63
17
54960
31080
22431
31
237
147
239
48529
165
212
36
10976
217
81
34835
34592
19600
315
125
181
153504
113
63113
191
17924
225
149
29462
11744
49043
76054
305
41
139
205905
170
7006
30
129425
85564
79314
84499
232
215675
260
2611
45549
93
5211
30407
213950
110803
2263
157346
142
122137
204
15916
271
307
16331
10119
6
88
6
95079
180331
176
33095
170175
20342
26653
279
31295
252
141
32647
395
150
108
124977
1551
175
172632
31610
1888
258
54861
136771
131
16299
1
30529
226
138
14034
19505
11737
16971
4773
126
56822
125
47184
301
71211
135448
35687
301
6981
160
210
151601
309
4762
187751
38548
56861
47435
7275
27090
41625
139
162992
6689
14908
10963
772
178313
31726
23654
8840
51642
234
256
161
67
52488
188
227079
78
35665
6009
196
157
15865
115
10618
105166
188
12670
180
237
45737
88630
224
130
21467
15743
7841
146
218
44580
96328
14504
50
4169
288
21173
483
13377
43933
55
138757
44
145915
1163
197
49892
295
71086
9803
247
83599
89632
3
192
67
52662
21264
86
346
102
37359
175
170
173
5805
109648
265
52792
206
165478
38876
6863
51753
5384
117839
209
87626
75130
104
107250
19823
78168
116
94717
2315
41326
129658
228
141
1794
283
61992
276
10
63
258
18486
4569
89
309
37291
32
55928
16093
23
133
18189
183473
169
93239
233
196
87966
37
181548
78
12912
217
130678
11
42433
1
12769
119
21
273
129796
15
211
151301
2101
90
237
47
9039
57824
106905
52531
93530
30
521
18
205
51023
256
7779
210
100
693
93132
167172
3583
49863
21079
109630
6902
19
111244
2493
37988
31542
31134
252
25981
47519
9890
70
24423
211
134616
89084
261
66
20526
127
195
116
266
30070
93
21986
277
157
42469
9874
246
38
172
24
63
150
138
111
249
7599
3511
112034
160
109
215728
235
130706
13
37777
212
31356
118
130660
283
41637
1015
12454
145
130326
210
184
263
71
1
64449
106
38
37500
198
26207
86
6994
124103
99
245
276
178
227
213
186394
2090
301
125
49755
68664
45508
122170
19152
66300
123
129
140
23953
51
25
252
169
455
53415
16
6544
107
96017
62984
54610
45
84113
150
131582
122
211
502
39877
22
135781
102594
3612
29307
412
159049
237
33338
50
199
149551
85
147
697
2680
257
27160
2099
92
2557
294
45951
22220
17307
88824
44819
59923
50030
50
91221
58963
27
225
117455
63
95059
125
19515
70769
759
129
7886
216
80396
167
178
51994
337
57414
189
5069
357
90
2002
93312
14515
73
4
259
20395
203
16306
87414
14985
73589
6
144090
46827
148925
3238
246
66184
11261
139554
42530
68234
123221
86285
56
109
118249
26936
107
22
43403
26033
47470
5454
113806
130
16663
21519
118
14536
85829
81
30
16388
197
331
84
5481
53
26471
10
48
13939
195674
293
221
19658
320
5581
26
135050
169
144
88328
43657
14957
44594
21431
97166
159553
255
91479
245
86
27899
121
41813
134
89
145
217
112
158
154
150
123
48119
228
240
60820
65800
190
64964
102396
18903
63813
148
132926
255
40497
57180
74722
288
162
134
219
29
283
34982
10
12751
131
264
39819
39
17
79627
715
39
3219
5
72357
213
25877
34
3781
218
200
29918
13
141
215
14
30177
58
156
264
8
316
12525
35195
9675
126
280
107866
23495
184733
46128
28
229
8
127
28
216
110451
132
105
116033
24497
14
4985
215
2067
163296
222
148
99
38063
86
10113
148
16113
129
4331
267
21731
3
271
104207
10
161953
4891
71629
253
13
7110
192718
78231
70794
28707
51312
126
60295
140903
1
138
218
124
203313
309
9838
197
182
152
115786
306
209790
260
42884
270
265
93195
59423
40975
65388
73080
69349
8208
145
90
57784
132
212
348
25413
80308
7723
247
22645
136213
128266
93
40665
125043
3523
210
249
39
80
75
66
106
67
93
25824
255
92285
218
103385
142395
261
14
121408
838
175
53440
77067
118030
17252
124970
230
132
204
112
55
171
19282
152
27677
249
301
88646
11039
65601
108
166
163
29119
30405
18414
217
39364
28392
26665
2295
46376
181142
103101
114
288
80667
11717
87723
123
2514
1
95446
83
351
128
204
108
19672
86964
3601
31980
104454
122
13
6954
114
167
23
5621
43889
92713
13189
55626
35358
20
216
285
101
10
236
17539
12869
45
121
85
4
78909
188
69
8
70573
111770
134
71
84231
25926
45361
162
24123
53392
51180
60
104083
162460
114656
187
151
5135
46552
208
55443
236
255
15
220
307
12495
243
78085
23
119934
27217
568
107
277
107128
72509
71
173
158
210
44
53
157
14387
205
232
255
78449
219
256
49991
181
271
88848
217
259
58640
60274
113207
82
837
146
116
27282
145
3
23843
126775
7
43654
77772
25323
99
174
53743
200
60
19791
288
207
199
193226
100
118
111392
103112
24
47
197680
149
17
17959
157866
33854
176189
236800
189732
198
79696
307
269
23817
70025
205123
9897
58
55403
227
9034
38158
190857
14365
159
68
56729
155833
120775
32251
13903
122
34606
139991
14312
34
92
41
56819
56873
70
59
21125
169
16917
311
5330
231
62
4524
23763
27725
37709
202
94405
81945
16
135
182
156
21121
131
20
273
87243
10
34643
135
153
112053
75
92147
308
94
154
78649
66
28238
45651
175
69076
16839
123
120298
171
95279
226
102325
43226
253
116
158348
51
49885
248
49917
33
247
18984
41
16203
84
62
131
172
25250
50810
287
214
146395
138
147
103
112029
16702
61661
44228
196
129857
246
65972
3689
298
159926
211
171
21431
51
133397
95
301
4369
171
15
175
82
52
27122
119484
40346
202
92
43
124
303
27400
133
287
269
101
35
26
162
212
42783
147228
181574
271
89005
107779
34
37516
13
87386
56
33420
234
304
50453
10598
89
98
161653
2573
46
92382
92
177
208
44245
250
264
151
51
245
107316
188
47
131978
17
224
196314
57
7
41475
45135
179
4616
3
126
9790
271
35671
12298
71981
744
157186
12705
267
197
135536
20
62939
133
131210
9426
287
18851
67297
138093
9044
186
219896
29141
43
294
52
31265
14432
82966
32216
11654
36322
130
16
96
217
145
38189
68
104484
46
53121
26
257
186
216
117
166
1265
19409
264
34855
50
76797
236
18959
339
240
6137
119214
15648
14830
85
14
237
146
35
156394
24685
18111
2071
19548
73827
31
155329
18
64592
156
48358
152
145
210
23781
73175
91
3888
281
8143
51542
160
64
39736
234
91018
6
46
46843
156
110
106
6683
34
27325
158
55045
145
39
233
81
21
1228
25
96
171
69218
280
179
1063
2159
114
126712
27853
10783
125
42
220
120
241
23074
109
104692
155
203
307
9473
37629
158268
120681
51116
97
219952
59113
63738
86
72312
8632
74823
109877
150142
35808
48624
257
10
295
294
85783
116001
147997
265
46
93999
72
380
132
26426
5546
64366
65
198
33131
254
174387
4
163815
3
81
52291
9082
40329
139892
37585
69916
6469
161
140
268
151
220
6338
33297
146
296
19095
286
49269
182
146119
326
24059
83
205
93
182
13568
156
42044
287
35893
84781
46570
382
139
12164
39079
70
210
223
171884
166
14
147237
164
190
277
45
70829
49897
46642
81
59235
226573
16093
28535
112608
146026
186131
33845
297
162734
233
145974
87335
233
84879
16932
155
50
69
100072
13668
72943
181
133
1
175
337
68
123
213
123
308
30041
36271
5420
155
129
9569
157
70416
99
166
113168
42811
688
131
49754
34
214
6476
204
5742
23906
8076
136
12211
60
17836
138
47
10835
247
93853
44474
262
267
100087
315
44
206
6556
38
766
115664
51031
223
180
19476
40445
198
126
354
42899
100611
210
22
35537
198
78082
165729
330
52956
40402
296
4295
29765
230
12247
81072
6119
161015
97
37774
2522
51151
38
72527
3175
58245
75559
11959
92
25874
88
49412
46183
8068
141
38272
50604
163527
99
72
111
50
107961
15109
254
152
1874
98018
93624
52
40303
211
176960
25699
40
11825
3
7073
114
33123
184
204
38
92767
212
147
7513
75
100
26398
259
25
183
147328
185
115975
233
89956
181
2306
199481
143059
9092
18
118
5290
28645
21
197
35261
184
146
77
259
384
50312
87132
136
99
148307
78974
303
141170
74
190
288
6411
15586
69387
98244
117
317
53489
117436
74
27215
161
78
99740
27579
29896
25939
11500
46
3803
38335
75813
150
218
131697
35935
59872
210
111
4722
145
50562
69442
25681
1111
52718
218
170
305
204
34
101
259
188
165
232
25
238
60840
28518
87
269
83
28615
1540
91
27428
13411
31
147
78
13940
192
189
284
129113
479
246
187
57539
288
245
6613
123787
311
1
268
89771
2804
14591
34241
122
22886
74003
502
136378
224359
6
41592
325
219
149
35106
84456
31833
35084
3
50021
21528
3777
169831
189
56470
19
26
42432
124963
130
122337
26241
53394
141
2242
112367
241
32179
12221
33354
39249
53
73569
94502
164397
2598
3812
87300
31
139887
74202
218
5403
4635
63279
264
145112
235
285
1833
30584
204
81758
57
56708
129106
13347
35
208
192
63
38400
55754
82
19527
98696
23549
241
106
11
179
24528
22832
22815
3
9807
54
130557
219
299
270
172316
23094
73997
116
51810
26506
111
102009
38739
195
12041
171
94641
5349
15
126742
39
127463
103
4567
290
1
98217
11213
39
26
12105
49114
122022
47034
87
62694
97
27
1407
77487
77
87
36361
83914
43505
48405
55
203
55018
77087
57465
19135
235
189
46
46397
49910
111004
108438
203
155671
178685
94
203106
150522
162
156
99
174
125103
78
46697
33
99768
21431
99489
17209
47413
33879
179560
90540
257
217
262
45610
287
40398
140345
131
116458
64922
230
39
140
13916
246
58885
96978
62745
208
161906
27530
6023
2118
48938
149
192
5
143113
31720
218
2790
6564
23551
170629
69468
21
45199
101311
99324
1214
308
55699
85354
88
46585
27101
247
37691
211
195
8673
16643
112861
8
30027
155875
4063
80102
46998
243
67011
27772
134
272
14474
27613
44384
44824
53446
650
66461
116282
13940
18
253
329
46
37
11883
17
49
178081
173
45407
114516
282
2364
7526
47097
33034
25755
104
158096
145
314
115242
91
16368
135683
101447
260
8859
123
129
137
31181
159
262
90
237
127
175
56
9213
41
105875
268
4
83005
112201
273
88389
150942
34266
45
114892
36867
31
300
8743
124
111
685
145826
114
149149
8885
22617
35
11327
27533
50584
218
127
201
91503
76
124
588
71750
32434
17559
180
66292
147920
291
285
12684
20884
310
242
66
101417
157
20
28931
68
246
367
131632
27181
113546
52623
269
355
40
49
98607
235
5917
89
15413
39962
2974
150003
113795
19929
86
23
16092
43032
137
69605
165249
268
103
165
88825
30950
265
41835
40613
134877
6326
56602
125872
178612
1
85707
33965
162191
249
3133
194
127
183
243
2473
179082
18
83256
13
34027
9338
127256
54169
243
37
32
18862
37861
104
8539
269
6193
4393
15
74278
94575
279
3734
37
14170
100855
198
25393
17943
58
70038
85
193539
25625
218
60337
88414
24
225487
10456
7112
265
7247
1
73
192
33781
40964
50107
102
296
7112
89
151244
7570
133756
77220
171562
206
3346
213
127
13
25294
241
8111
211831
56510
315
27
249
60387
133539
64180
246
141727
194
39
13
204
40425
57
56164
70949
15967
130387
95540
58999
164702
137
163
321
18
70
72993
117
28
72
34875
52097
45837
313
39994
162
3648
278
52869
61491
102332
282
157051
46
408
204
175
330
112
24115
237
22
21055
8668
18652
235
138
46661
63354
25402
75241
12798
83190
24
3370
82502
117
295
34869
28407
113
82
185
69445
184
48017
264
58615
1344
22279
16549
249
167
232
134516
175
139300
26245
12464
277
39
139743
210
56
29422
13036
3593
323
15981
434
243
106115
354
34
181
22
107078
163
14354
256
51
114
12567
48449
2412
63913
29619
124963
42
100136
204
33464
1690
182
4228
240
84
1294
73696
101980
29
357
133
151498
46
184
151935
24
257
219
89068
101459
35
166
55420
27471
18
90
245
39474
21
92569
2636
135
84001
12321
94
62747
15
1992
365
75717
82624
69
56105
168
3
257
39
66826
137301
358
47
119
93
64
115531
51999
24769
22236
1986
207
249
178
71
102
229
14
77403
25706
13
57328
47
317
113517
212
23726
80
207
259
5360
72518
53
109
219
15570
35917
128810
50912
26457
186
115497
38975
122109
43401
25069
15
324
254
6471
5190
208
10183
182162
46854
22132
176229
36902
105
22443
24
94059
59735
77
262
37242
69151
17
120810
132
14688
1
2218
35867
83110
176
21
230
182
107579
81
181
5264
34611
103851
92774
92
87003
165
65406
53112
2143
31
121
23
37331
6910
17523
21907
76405
7928
40305
104612
96
360
144840
1666
58
8243
203
153
12402
8913
157631
266
239
117
20113
60628
17004
153011
42452
13
37
105
8390
267
55793
93387
24775
173
25
2948
107496
95152
55354
265
233
35986
160265
18639
35232
58663
46258
23686
57
153
97742
231
53840
46770
36
125
89654
123546
148205
47981
62341
24050
296
109627
88
44340
135
207
10536
192
1433
67282
139
1059
35910
84694
327
12545
173816
201
111727
5188
216
76
241
39
26
44344
64937
218096
159
16162
56
122047
26674
43444
114
152408
32
21202
56622
137113
116
45911
283
30645
282
246
302
124
47109
11913
32259
69075
43496
8435
383
1832
223
127556
2086
58198
14515
304
5023
49798
128410
131520
4
157
16
22
76643
232
13
153962
263
176
22885
67179
14
69
1642
7189
34
29567
84740
12486
164674
71413
9557
68
134
12639
6
97387
54100
28887
59703
154
77
61042
61823
18856
114998
31701
121
88223
79
67
262
156
31877
52980
51623
109
86960
100
57
236
15
2208
63283
234399
109
218
196
12873
14980
197
37807
1451
169
22442
31593
12202
67980
189
14313
208
21794
43646
237
310
176
74219
100056
55691
152247
113686
12859
140
51591
12249
205
213347
114
112192
78
163328
35
97
275
77551
253
30
123
95191
43
220
220
23195
96
32628
7404
159269
43586
147
212
11781
118562
281
261
164
55
4986
26
98
61753
204072
207
28081
135645
35961
91
82
219
77
128317
104885
15
2696
3187
56
167630
59
284
66637
43405
6857
99502
158
119315
41555
67
67001
29881
2619
79385
38728
19
226
38122
11
9434
171
263
98642
2112
44684
82
3957
5948
112
151
29983
26
25
46323
29319
7
106
63
79611
226
6
197
29071
322
9626
54156
295
11104
37
37476
3
78004
26
7369
54203
12754
80920
128879
11
223
213
122394
313
14396
219
39
2
36322
181
178835
89
226
60635
288
25
71
191
131
79
33019
133
52790
90
124
112182
30485
129741
243
1981
131154
18
38
219
10
117242
96835
131361
4501
373
90217
83162
221
17908
95012
146970
44933
58
24
65
196
141
35984
64
53
23647
119101
29787
35024
144
132
4359
125
78736
168
41724
167
27464
177
27
301
107767
344
89623
106
75
106327
3
5399
3981
32417
153
42761
73637
112137
90
36
41547
338
23986
6150
39055
256
73
57
164899
190765
6773
151
132
13
41028
6
31178
67783
154
91197
34197
52
132520
103311
54811
159888
12409
50709
27506
229720
94124
3242
172048
41720
198
93703
84470
1745
10368
24582
214561
27216
42884
60852
20693
291
85249
236
20262
183
49486
56807
1
216
77750
54
118446
153
53898
170
114
14
11375
240
10933
15
203
83
176908
69234
56
58
184
46849
49460
227
15
103934
54
54
102987
51887
37344
37387
7568
15
6469
56116
277
82
23
117
30974
24710
232
31085
69809
51
60228
95
16627
103052
255
39570
62867
56
81
148175
122
73934
204
71230
4988
125
207
225835
301
13374
10089
178
202
84526
73350
65494
43651
166301
91619
14433
55400
120611
18813
111
323
268
270
101
37
61
79199
25
7171
107
24
222
192
67532
43543
23047
4568
54349
29235
232
35546
83386
31710
19105
293
223
73950
11249
265
3140
78666
92286
66078
201
59
16638
38682
28566
28
92511
7954
77
20753
80
41293
12067
103
176
141
146
46465
226
274
2075
301
12781
58692
234
261
8601
57
159
37
202
146
199059
22960
5893
13
161
94
91
74643
149432
100594
82593
3275
137
10495
1110
235
18537
86691
30583
92
152301
45
126
1608
86
31
92592
293
144974
251
163
209
16106
36
152
9927
49968
6
52747
104
12640
246
55
125
151742
171
33
133977
21999
48810
869
44771
79353
62693
272
8774
120421
245
151
60
69
114
81248
52177
294
10840
1918
167
38
6
12339
169623
155203
42568
24497
57930
133
40060
185527
99145
57872
168
62094
123
7037
9
266
68942
222
87665
76961
124
1861
69959
193901
67
43537
250
75459
126
31942
265
133
104298
155
1
64
176919
91198
21
40209
89469
97317
41360
268
9066
78134
30587
294
10
4
8419
213
81351
181
2330
232
35444
220028
69015
304
75
75
26671
18196
90594
191408
211
24921
1968
69788
67894
143
99262
182
32529
257
2035
139
82783
123085
142090
157594
6
239
310
295
14669
18900
210694
4359
12
92760
3193
287
91024
88
29187
310
224
29720
32
27724
23018
21371
84
2738
274
60958
181859
36531
24893
46252
228335
2874
1689
185024
184
21
99980
18140
3925
55842
125476
68824
55
145
68
30638
273
15382
112823
73912
161629
80
2325
3643
154188
22868
83
21706
155
75
45349
143
158
1663
208
736
13
105802
137851
7398
141712
31110
16
113
16076
6690
100504
21146
44258
27133
33866
3311
324
230
4719
18999
74
53164
209
254
24945
77
238
173
143324
59554
307
1338
110999
159
62011
239
166
5745
15
200
158
48
257
69733
71894
7794
62167
9303
223
63266
15248
161
331
170234
107
10303
10546
139
195
126175
252
2072
347
6
195
9582
30165
173
259
317
33179
150
166
105
6346
2266
240
168218
5660
71963
4190
52600
6785
9723
158
8758
93091
152187
101
33068
38704
5069
31316
237
104
50939
133
57113
100024
56391
200724
236
19625
23977
43208
93
90799
112
15530
7
75741
3289
197
25
94612
1265
106919
3205
5882
318
111
124
16932
36000
109
108
216
148
2
156
85
20
260
31994
15579
20181
198
20777
141
26758
61
95
47562
15744
8
175
27359
139
35795
42448
36693
182005
210
45840
53854
262
145
15
66064
74
90349
19380
47088
51373
7723
68537
39639
16933
200
285
177
10
143590
121063
85061
44384
180
114421
138
24855
27990
80717
63217
156
229
181
102
69
210
24862
120
51
13205
176
238
88
81601
44326
297
87
14563
174
162352
236
9013
109
1418
30768
15
12844
33081
105
99
198
8505
215
159
5131
84
134
239
93718
10207
22633
12659
50876
69237
256
120
56
155403
33
66009
113
22159
208
270
5564
89632
53146
73847
173423
69969
51
8478
40344
52
45
2815
194
104
172
40409
181872
5772
215
271
159
80
38323
178
166953
10
29716
5772
54225
192
87
43090
109
9
253
56472
7935
102784
12
245
91774
7124
241
133
4727
52558
251
11663
163
91991
14833
191
39775
41770
233
22437
172764
4323
221529
171
212
129061
36568
266
91263
139774
27662
88783
20790
13990
138804
87343
70
41
151101
196
9196
161
50367
115
48462
118
4238
158
1481
253
303
211
8968
15
81706
10187
62339
3835
202
142
159404
259
3045
193599
115
17958
150
105
194458
7736
78
30712
176
196149
189414
2734
250
235
146
27733
161
16904
110
142665
13422
10889
232
27124
342
41860
162
184402
21383
64089
233
6107
115646
42722
43
138440
53514
256
79096
44554
17
13459
118
78211
285
26392
218
36225
218
141
32183
387
20290
45
10191
106883
50
57
92
87598
2787
206
55577
284
56490
13798
2117
248
73195
129
138
149554
221
142176
90996
62690
36133
9954
34658
72185
161
56140
79727
68
239
124743
76
276
12527
136
7123
31373
48461
804
29751
85884
15
54643
213
55333
193
42449
218
202
151688
103
313
33280
247
129
16213
124830
27
29622
189
60819
186981
48576
8540
29
210
8332
66427
8847
188908
152
64951
147
119579
1020
151029
119
1181
149163
161
4849
8172
62735
136324
363
176
69
168297
139685
7452
298
294
37
30263
45943
26451
3696
38
77
177
333
46
124
174
256
24614
9032
26671
1193
18749
145506
301
3
98173
34852
286
187770
8926
249
1500
5222
120197
14399
84
144836
84
69509
13411
198
165336
79542
112749
220
265
64589
43407
79930
228
6
242
44390
306
779
36793
5290
184
50754
82
24287
51831
106445
168891
58373
13608
8444
66
14
182
90183
68
221
34983
8835
164361
23947
38762
91
49472
6284
161
28178
2377
65029
113
8563
101
242
199
201
124572
10975
7241
73776
23757
41742
85
436
25209
232
21116
253
6990
26497
227
182842
231629
6519
28022
186811
4058
47314
112
6
49
63334
267
18581
134629
3
39160
18288
228
37883
190
298
97
33
61201
255
61176
86582
93
102099
87910
126134
279
372
306
41814
119784
209
235
33796
233
87
29023
138
27061
263
123773
4408
56
259
30848
60484
66733
56399
118600
74270
39
47
10678
52217
23788
61400
130
47548
62426
226
18124
94619
104
165
128
280
12093
132
45794
233
70
62860
105035
46
116
23335
981
158
72087
52075
65435
111106
9
284
4391
64118
58
55
150100
283
82080
155
190
20344
53002
186422
143
73204
225
1551
19521
129
113404
72900
75
4
78894
237
54599
85372
68998
14277
168
26696
67902
143
278
504
2405
80853
61529
48179
86923
92926
14757
24326
154918
250
22732
126922
105869
3367
284
4615
315
4612
81503
94635
161310
2152
174425
104
138138
18
24113
321
188
35522
154
4455
107368
134832
113944
43881
61
70116
14672
139
64818
4
344
26737
284
281
70871
12093
146
100
155
143267
304
112372
4896
2635
57978
251
297
122985
92024
144
96
156416
3867
69230
12443
132179
139
23
347
228
89805
7751
80
77588
118753
354
6575
214
198
61
223
2098
83
149
30342
13270
30801
216107
14398
1
114
162
62590
47010
3
110
137
220
342
16
18232
187
131235
157567
101
128
8
173585
364
97421
46011
2279
127
3554
164
35430
127903
106375
25071
149084
128
60270
68683
146
1951
103446
37413
34509
73
203
1
27
184
18
4102
14895
289
170
31038
26814
118
31586
10422
451
288
171434
9
27071
27449
184263
273
48
78797
30560
52949
8300
96
301
61380
155
105058
53477
126
136449
187
136
171
97352
13331
185
202289
98230
22773
60620
5
39
31826
8945
54
118399
172811
61735
161668
74
178
85
10
135
6105
56
28
205
119
197496
20288
121868
32
183994
16191
274
19539
223
170
7433
97978
116953
43
71548
116258
78603
20111
6648
237
64074
82021
27
146457
122
95843
105
114631
260
52293
82
209
232
11699
154501
13340
69
238
3
9
281
53766
262
35387
145464
147978
77
46830
65632
64
48
214
434
78168
88
16153
181
133
41
150416
510
3075
16528
139265
46281
167
172494
141
6256
89933
27355
6
177591
106019
1569
261
22956
52
38
6972
7
3069
88253
173
216
168
20860
25255
112
273
5111
203
186
95127
245
76623
222
195
120202
102118
9769
104139
155
63242
300
173
121
163840
297
121
2485
21187
78216
13896
61712
18876
86409
85653
348
74
127
110
88
126839
8
34859
23407
110
61598
763
115
104473
107080
1584
53986
10251
92941
3254
247
121028
47582
89984
2440
2508
138
272
195
199
8891
129775
114
25920
107
362
40979
14991
68304
16406
76927
34
31835
136846
244
93835
238
192
55
12038
73180
128362
175860
105
24266
20173
195807
27065
31690
58868
304
48096
6344
7167
34
179739
154
52
131
79
194
89120
97471
146556
46
193511
154541
44962
65
32096
1671
34472
23817
162
283
6
42453
319
57880
202
25673
122
170
69990
15253
128022
171
50
231
150
3169
132
233
27976
40635
176389
86604
68111
96135
70716
56
11981
3199
283
8522
147723
93
120967
262
88
117147
73
242
73
50777
105359
228
164
503
2445
216
53229
89272
324
261
30228
86424
231
84536
1701
142259
124791
157
28853
66
285
113787
189363
79
100
150
153
2856
96194
657
31
2190
198036
119406
202
33384
181
26210
208
102
6004
20593
71
229010
107204
90
124
254
73992
4702
6810
131
103
1678
13524
12132
2
19740
128692
193562
53
7244
1876
47802
126012
19406
75
166
317
184
12900
183
56604
167
32329
145621
185
34168
121
130
259
56
83103
342
10923
77660
183
28
1296
43425
83
192
140
77
140
42423
154
23825
272
56
216
155406
214
4036
84
40
113
31716
57
313
1901
97
12600
140
263
210
8952
99
2
12
95879
25903
54437
25850
55361
64
5143
48755
11017
12818
273
12643
153502
260
63595
125572
285
101
22340
34844
330
121
15940
76325
111
5869
4827
1
3
122
289
41295
57727
101027
274
87785
35447
95
113372
227
24441
76492
168
74197
50782
7350
78
186
56
181
31155
111
6464
195
174
221601
15596
121
90
88
229
47487
140448
157905
139
25389
82391
111
972
22
123254
21
117
280
22
174
73385
64979
106933
181
131332
174419
58
21
54451
116
133
4932
214
264
18438
78
25618
172
35
13764
380
182
123020
38440
262
10992
4939
32798
46893
34370
53954
93389
133
20530
212
87706
55
37880
6
24493
31882
22944
247
77009
19424
10698
54277
88
68
10
113
199
67417
198
60839
90988
3
147
87808
81702
34813
74584
236
60585
173088
116
89016
102125
124053
1949
270
15
157
51924
97166
42888
35
61649
327
90808
132950
16361
28
291
240
245
216
133
45019
12
12017
76
173311
36
176
45898
90792
165
45
140453
31378
42036
175566
40800
14661
52331
259
109
97361
120
138605
20
44
95
18876
143224
187127
18891
198
216
12784
35
137
3
165
219
204
25
115944
33454
7
242
114016
141
22239
47
236
294
98452
12961
204
141
93
96
20
11
4392
89002
356
3
114
57092
246
286
219
5033
167
57876
40
77395
10254
68
4353
270
114
75325
89446
68111
159
227
100
177852
143456
79850
72241
250
5870
60140
101
136
91986
25511
51677
65
74809
160
76
31137
8
69503
240
129965
90248
167595
210
146
154411
28
704
151
89161
10747
123447
229
71807
47
68235
80757
202
6905
31805
35689
84
174257
302
198
76
133
192
31501
48881
141078
4797
191
85108
78797
88
106971
166
298
250
52270
85568
43799
161033
306
39830
115
9750
52474
92
236
120281
49721
62464
147188
24374
1311
239
1536
18543
152
43893
74384
14379
27159
113562
176
1
19
28
10111
9926
47
134
157952
189
2569
22944
188
180
35995
299
150274
134
43270
145
23072
100196
177773
79641
280
156
183
29
24263
140
12986
10309
289
133812
62194
31512
8456
8423
117
77105
144
43600
145456
10115
4481
257
22929
308
34111
16846
309
241
298
18
166
11032
12311
42
1198
30308
16
137653
199
120
64
13937
29074
142505
42890
38912
110915
60
185020
147894
33499
18729
86373
252
129
284
1827
23477
195
68255
107
2
25
46377
99598
154
57
148
56089
295
11
107
56
88959
8446
217
77084
37646
24122
38808
94373
1322
68
23
216
28638
19972
21404
5283
42189
12633
27
207
65
43510
209
476
179
118
73
66
12899
38
36128
117686
110
64314
87111
20162
67
43742
173
227
50723
25961
5452
19
14916
121893
306
3399
135
44
18526
261
353
19489
2357
22
108593
23806
231
8
55494
93
6
96
172
27862
69
109
7710
23596
167
11944
5887
114
182049
36
30204
6262
292
137445
104
20996
147081
81165
239
105070
149
5417
24930
102
60100
68
30
257
17267
6732
11523
107
191
35
196
60700
130
12198
3103
179
99561
236
1316
108094
52635
138
84
72151
69022
48337
5800
4
74741
143249
19548
81778
260
119
335
122
101
172632
26
87741
71091
60580
94160
89941
101917
1
1124
37936
40471
172
158230
172
104096
19809
106
248
1893
10045
108
37008
88733
91650
47681
26402
38784
150287
161
61
168872
12438
87039
30153
244
33246
68596
134
2889
2564
68
331
120
53409
30107
30942
137
197
28
221
85
175
15
154
31
38609
337
18
253
2
73365
51002
18915
82
137561
12586
94
2158
174333
16173
49
88714
3540
224
63539
19879
247
265
157397
536
38
1
100969
3
11053
202
57480
71
129
44642
25651
78420
1023
88
44
6
109101
22755
24641
47
5373
285
257
135
254
111589
35136
130532
7
19363
6074
27743
38774
67632
32
185
329
26007
7990
10310
175
99983
79571
109958
3008
38993
37
71411
7475
164931
251
42457
96169
12608
350
22360
146
30
57298
21
164
204123
135168
219307
188890
184
15
161
75
6
193
11482
123
246
43232
24283
26794
105807
160
64732
48
35
21055
156595
2289
42130
229
193
35699
162
105521
19109
6067
21
99408
214
83
244
183055
68609
11
84256
7686
36115
72336
17039
11874
98152
33372
332
225
4563
8877
23849
97566
161
126340
58
112
75
100
65123
71172
15955
118554
60265
42754
145
9753
3494
96833
26898
48355
19957
27128
56216
16224
166238
242
136
5729
118081
18322
9
183845
160
113
158
15
37798
130
3640
757
43808
47406
63107
18027
19140
57534
223
85187
157097
23477
9624
18789
16
143
57546
76531
178
185
210
290
77488
221
305
149613
119310
127
267
119686
3
82
115
24840
55
60248
113565
171
70278
47
262
14
41060
19525
15
3879
30545
37984
11467
159
42011
226
29079
22
170
3698
189
70655
325
100
3259
19161
20
11910
80
60836
52785
215034
136
121053
61853
15645
10059
21907
22863
18
72
135842
168912
73285
190
237
61030
113179
64848
175
38051
57358
113306
125586
17743
119
127031
2725
63092
43471
52962
11121
267
219
315
13
6
56
58793
150598
159
141
342
126227
61
146
75295
91108
16203
159899
46
16454
168212
247
42
195
82
67931
64
24074
234
301
250
57721
38834
21
6871
69
3781
27
239
28
1397
24
123
57689
342
1387
167871
83164
239
124339
211
9466
19
40
147591
80197
238
73740
19519
12348
152
66085
132575
278
2192
228485
121540
256
163531
43784
45
82
152398
3506
15455
155
45
243
8529
112
210
83418
28
29601
54
194
43
102621
168
132660
163
26999
27
281
217
265
5435
77
96
200
185
228
12733
56579
99048
2244
17742
5495
658
100
42
199
199
4091
9104
35
173
35421
77945
236
173
43
48
8155
54448
23
258
97026
269
200697
1339
46076
123
35794
69
59833
19
20204
2900
126577
48889
5926
23497
14702
68175
379
87
94022
73514
60
55038
180
91967
167
15657
124149
296
24579
246
138
10151
7748
108
29030
152
237
41536
148
89
38880
116
69785
84
64
10921
235
70495
47932
141438
31977
20979
44
22201
35597
22
19
247
29
155
178592
58654
25914
43589
254
29189
6215
5527
146306
28062
43869
36
48
51814
170841
62044
239
22846
125
13628
2346
3514
15787
7
30621
7507
24025
59946
2526
29950
284
176
138
38790
84
12
3881
22
1246
149
83314
55302
122755
250
3
136
43218
81036
4459
5600
97584
146584
40419
67814
160274
313
276
20130
58354
35
127
127
385
152
1250
38374
151308
5127
122
14873
66
106
33
68277
64
10
29
58
355
54672
244
1880
8
83175
2708
340
4326
107
4933
26233
13983
61
164
11696
24403
32618
323
128299
66
65777
25676
16606
23
121
143
118858
332
31
68
198
1
18381
82
24069
113
13840
111746
27003
26773
168
102380
69736
43803
187
39516
218
18178
150703
81199
233
10417
90947
31687
74
1466
346
49191
97661
234
127
97
174378
97
352
6
203
121
123258
224
44
243
4535
194
3465
47497
22701
112835
155
602
112580
112
109
18280
8
115691
1209
197609
13874
187
193
121
261
82
54864
194164
67757
66807
51029
257
40750
2141
16928
1547
85994
155
653
169
157746
117
111
311
5566
39674
45756
188
38135
11456
260
39156
202
19574
44203
47243
162263
12
252
53786
175
167
134053
66606
158
42
32220
66
395
20835
69
122825
100638
252
122
8141
25520
26
48153
52
201252
183
134
55069
53747
168
318
38
37379
17626
99067
235
57
47722
226
112764
56204
84
7610
16773
93182
90413
271
137352
70
179
19151
44700
206
151447
48024
270
31
162
59312
60
37
40031
272
23211
63
62396
115
2307
2278
62
22735
121709
184974
65
89
48331
118041
158966
76373
13126
2162
16044
11064
55215
23989
1203
68467
109
185604
122882
7105
3543
120
161
77
37681
164588
20313
193
127
100357
111
32580
8070
231
158
242
5509
279
212
24339
71472
3334
313
54901
3
101
261
182
25072
93582
24572
233
13
119542
209
9484
64456
100
15889
11
34
182523
91702
23606
42
240
280
172448
30305
186
66071
128672
198372
21030
42901
30749
3230
206
115425
180
177607
2710
31455
170898
74
136435
104530
234
9348
226
329
1274
77889
256
277
127504
127
158
82693
126810
13767
128
195326
202
143382
51970
94
11424
124036
194
9134
61936
2116
21
116763
163387
247
209027
90587
70
130
5653
165
116
29
351
205
24965
320
5468
171106
10993
23361
9463
139
275
58358
151
45
74608
58
77803
80064
8374
9
304
18
19238
110599
46806
85529
101
163
140
66540
89485
8556
109097
14537
9923
129
195
65
107
178920
13058
134664
63
155719
219
9702
10082
210
158
11
13
23754
59739
177
199
202
49248
75
67275
190344
117
67614
100412
126
29
303
125748
61420
98
249
11568
1678
9353
35
116
6257
638
123
96
26393
210
91916
29056
26734
34387
82831
48464
23836
62690
290
51757
48449
324
152
110
12854
197685
248
186
59782
31
32
83
280
89
11916
215860
48936
21257
162
41655
69
21
74486
182
33704
58317
8955
9286
255
38946
52
11647
135
196
39184
33
152
46
2465
81
91
58
63195
8938
208
26
5401
57345
4464
200658
23
39
134
22552
33
139915
119505
30233
136432
17
71631
63
319
51094
67499
1671
119615
95811
81
50490
108
42932
25201
21545
231
25
185181
29438
98598
287
1274
246
194
60251
301
49236
75310
197
10455
10
155
255
59
40128
63882
39253
44121
309
25611
101946
115
103
99889
18125
47887
9516
121112
47681
75
285
110078
133112
326
166
17481
68814
107461
330
324
22
44431
70
88
195
262
63911
3450
130
104149
155421
179
37515
148
160
4833
337
210
153129
98
2485
14533
102008
69
63963
144
201
166
287
23473
313
28243
13833
121
132490
71
224
54310
164
8277
36443
34
9728
22157
20103
40
57
34078
189
54886
60
146429
120
113619
102
9816
353
95240
20779
29
49264
27
31517
64
230
311
56021
28167
219
179
78915
19474
65
118166
118308
179990
39301
58893
44820
141
97003
43351
53474
315
13
166
19290
14629
178
18373
49038
49229
322
53330
196
174774
40323
199
25607
62669
234
48166
166210
237
33
3
29861
138115
25506
56088
214
58345
25931
81095
164409
64
40081
3
7507
217
7924
99
20031
173
38142
208
44601
185073
188
111721
220
98
45560
47423
30372
155
71
58686
16209
109
175
123288
49860
165
138464
7855
285
11816
63
172
163
217
313
285
10763
17449
4632
1
126270
297
47476
142
82637
326
12564
59
65262
19
17116
128840
86
147
47999
127317
91
63840
271
31555
182493
105743
218
1768
105
175
106
13274
63371
97458
270
209
50384
123703
69079
252
8622
250
29
286
5429
125883
219
232
130
273
105
276
73
162
168
29185
51683
170772
229
32716
17257
8249
21204
29
272
19142
11288
225
12014
77238
58305
166
27689
62826
379
294
84998
208
125717
30445
280
42021
172
37214
277
72469
43
6955
42864
20797
277
316
137319
40748
54958
30116
230
9635
33181
27
45556
205
55238
25
156997
56803
14286
71400
49758
194
49023
6420
75454
703
32054
10176
55
213918
3081
28
89
63971
148
129672
55173
12590
26916
93794
162
51667
86203
77553
70236
10842
145
34647
182
97
148
137
76251
11143
13
121
101776
316
140768
160
28702
71
90063
2865
28720
160
7973
16399
251
47
78
48992
148664
96548
112
101
359
43171
182
34378
120
269
100619
240
257
211373
1538
62343
71618
9563
60955
129553
64147
14415
249
93
71554
190
176
69
169
13003
229
19059
42640
96
59853
131
19274
19
85
347
124390
151
17651
209
117
139
114
196
109
30617
147925
127
72511
234
74883
2299
86952
119751
1816
46369
245
250
15594
128
355
11842
94282
118
30588
133
190
65910
29689
107
60
23313
19592
36026
267
128
186
211
102016
80064
19905
88605
74
129229
142168
116
7895
235271
70727
43
39246
85261
175280
68010
25258
166
134
9924
141
117
203
90882
223
106289
20100
74
42
23
13995
326
187
151
1
165
19823
5586
37
44
133669
211
18929
2495
1986
25
39
124
118363
93
318
40665
154
27859
56
265
208
115792
22671
96609
38751
84684
65018
1678
32779
55412
13023
27327
33
101670
239
59462
178922
36
5314
98125
92
192811
15
36249
142569
161
200
41829
44
79593
111676
60505
80
58
44995
27578
215
339
98
105536
22440
65900
278
327
195018
34192
153
155451
5774
21377
312
72214
244
181
103188
164
11912
285
5408
284
76
67999
46963
43590
25588
41
152
25646
1057
265
38968
202
64
27119
121
101501
188841
14550
20061
12325
82783
130
192974
230
174732
222
31064
116
64
51184
123
93
9516
122
11006
33171
148
105
158453
38139
9228
6042
72
86
53
42990
2062
112872
4886
92460
202
85269
161
36078
7055
144264
227
43
30
185812
171347
176
273
157
3555
19
31
211923
135
28081
12
124386
61257
50610
98374
283
303
94
33
10303
111
150739
231
91
15
225
120739
104361
291
41919
79922
9
102172
6
228627
144371
186711
275
123972
95467
47049
67177
136481
112
150
251
16258
101105
43719
4
114718
85687
88
8
10186
35237
50663
41875
103535
249
16754
83
109
149971
56
19
264
23
10
223
199
217
30606
109
235
309
173
19
184
115
26
118915
119890
13398
205485
163858
66
178
104776
138
209436
19
11155
181240
84
195557
55068
197
284
342
270
59348
225
42978
88
223
132477
11281
109770
196
38568
57587
176660
75
57045
3
209
3770
39816
60
142
35466
21
22
68
8
136233
260
129
149
64216
237
5205
214
46254
275
63
222
8
72814
36402
150
32464
132
80
124214
144
3013
50180
40
50259
32913
233
240
76
94619
134
11
30831
154
249
87
154224
138
134
125235
14870
105217
7
135
96
246
15315
30921
146
15
4144
35357
30511
49851
137
171
628
212
64764
170
14
202
174
108669
101
205125
172
96
38
179785
78
258
48245
27734
93474
14879
8872
1743
127
253
163
327
168
158
219
67
51
22229
141
38
118
130
3157
30417
138546
207
67930
2583
301
123071
124
39701
99
121822
70569
87579
54
134520
61
398
36973
92
138392
205
124898
106634
12480
200
97211
26817
235
23612
270
27905
59222
62380
20589
33585
42753
123
14974
3115
52589
356
86
160
1092
258
1525
17169
146882
172
1554
317
172981
56
159942
153
37484
167
113
247
155
216
198
2259
12921
4
46
105
227
83
80
63
12777
15246
39036
104744
221
112928
122311
10689
67653
241
130460
159
174
64
29
252
267
12836
67
97079
101811
1
194
18
87526
23373
91
136487
274
109490
19712
129
28561
21095
375
64
158
9
145
37
210
81923
152
25488
93171
152
242
74755
290
27
112
149
28
197557
124
253
126097
53628
6
3
76852
40123
304
131
90
27442
87581
213
283
87295
244
77003
14891
150
193
80015
91
29454
17157
4509
158
169960
1133
129068
66636
226
33903
201883
141
148
9961
131
1
110
52
47
57957
65
124
27478
191
263
232
297
134
192
232
118
204949
110049
22741
166
310
70
23311
40525
44301
131599
23723
74860
10
139210
116
70956
11
114441
19750
61278
227
88966
10
3518
375
234467
63758
123418
18629
60
128
90507
170162
3489
28212
265
135764
111
30763
328
124875
7601
11
23
25666
97156
298
321
61106
186
68
34
48774
262
10
19661
7010
41
3796
69
64956
56588
107221
109
131558
24560
50278
42429
16
94
9338
68
6020
94
218
13670
140164
85
76464
208
83507
101
10920
206896
275
298
33239
3
60655
32
125760
32
141972
13
44
151
122786
291
74
166
1916
182886
210
44491
287
19
16585
122945
127
40255
28
93302
688
134517
23
15593
176
66498
202
82167
12593
112
1937
22772
237
196
14573
173
4
204779
28171
7190
99211
755
63808
106932
170
244
253
81
96554
72741
48
202
64901
191
179
219
117
386
112
15426
40117
47013
904
145266
130
31140
23
53
92
338
65
204
6
46
1127
6948
6130
31
254
11702
4615
24396
72
60165
201
62923
19889
57663
20058
46034
40
41
132
256
4910
20672
245
61
151
74138
87376
80
22641
121596
135
46912
125248
88
3412
138
105
75201
52
56557
253
6
284
23815
57
116840
4096
149701
26970
8230
133021
183
11773
131499
257
173545
142295
106
129
95232
683
86795
59405
1092
58
31
100591
136
291
137437
3
10165
163
197
7299
53032
118227
7858
17816
339
35020
36314
337
218
17857
16564
97432
25
23233
79163
292
82
56785
199
287
287
60
73
289
390
191524
151
57
198
15215
51
250
8609
14658
815
50175
161401
270
62911
115968
21
9809
70
188523
26122
6128
103
265
71
170
17
7
2828
244
116616
17385
18
3796
1816
456
12358
78372
190
183
82
14270
5884
133741
41158
319
134000
23
242
49
100
39
114
146
1371
66
149
62107
148
4253
95029
34394
257
279
105624
104
23153
112963
342
14521
101800
1756
53774
137
59845
42822
70074
24991
81249
30
37
67110
187429
138
116
188
39118
111
90647
139859
129
243
87181
65474
280
41248
41791
11149
34243
2126
347
92233
18093
177635
23940
132605
94475
258
108476
36433
101
220296
238
68611
118245
35
241
7057
256
62183
250
112
51368
12630
42942
121646
90
358
15764
121
8
123907
145929
4442
93
61556
139
52127
253
214
209202
5860
157500
258
158
114
344
51
182
213
11056
41
44
282
198
55
211
67854
3024
32874
365
75
22
2720
136
85825
19032
18
69154
43931
50630
18660
26
113308
66927
61082
112
161059
169772
140491
415
116975
10272
2767
1968
225
3606
197314
221
71314
171209
103
262
29219
81459
38533
35
161
198
187795
72773
112750
15839
125675
247
70603
232
5401
18777
38398
40427
20713
46628
86
204
97388
42
98
10
8648
123
207
93891
155
93
36211
2287
133
49
3466
48380
168
19843
147
118851
11
48893
85940
42032
27937
17887
3
72
153179
3
495
83064
21418
213424
232
56
38749
217
178
68922
226
94
116906
121
269
5104
22527
17
80413
29873
36
124
156
32729
39958
30693
166
69
70204
150450
156
371
22657
58379
15771
81
176
29
198
260
102
377
175678
18652
2192
28
16008
184049
310
80896
7883
110
174
65431
158
62
990
10384
81
371
159
15439
38169
26
21
129207
272
18308
287
66304
162
108
60176
18669
138
88863
151
17302
120073
138850
171
104468
110
105
323
207
21
252
4426
183563
91469
55499
204041
82257
10
222
58263
13570
30560
14267
194
286
39242
48005
219
257
111
82106
39453
84
304
69048
264
51
66
1
160173
19473
160556
133
14199
6700
14403
143
120
124
140254
279
354
1
112
7538
30690
9302
62
31510
199
8614
207
26184
107
22578
209
25
89811
187129
165
33068
33276
77
71101
76468
65
98
59201
189399
11380
53755
46024
8262
224
85215
53693
18018
68
22072
66513
24537
34622
11124
3606
77672
103833
303
17814
42
64918
95086
6612
187
93
233
47684
112
136
207
58
142
95913
89
21764
282
171359
132
7
2163
240
315
326
35611
319
251
130
81977
9
50823
24092
150
101616
26603
2880
2280
158
241
84050
134
149
131
35
119
22613
89897
52772
213
137536
139883
300
2220
3070
108021
13272
71
115351
20187
212
102
55879
127
5883
6393
115794
188
188
20820
59
84403
245
187
30
235
219
52339
187272
4
103
47892
28321
121635
48810
107
50519
83500
28
173541
142
43533
17090
158
24417
36071
124640
41
42009
169
19157
80585
36
6
3661
3759
73690
9925
16823
154
40123
132501
3532
87495
2333
81377
267
87
1178
125485
23
142
77253
239
166
80609
276
93196
21810
4328
151
177205
331
22
186
38692
185
29357
112
1281
192
231
186
258
105
113803
155978
51063
211
20563
9557
264
135935
127
136
45
32684
77584
2950
255
76579
108121
326
142902
181335
3374
170
333
2884
264
86
202010
8704
170276
24939
66
15953
31889
212
73
4701
70056
184
245
23
312
115468
289
7
84
184
17
223
76051
183
75443
161
3053
1632
76
14494
93
139512
10
218
11984
166
349
11443
30090
18886
256
323
217
62
34339
397
123
12117
77
106
108069
261
5294
26512
48614
27487
24415
53
9324
201
118
14443
149
32240
20386
132267
39146
250
71
93124
38115
58784
326
69
228
321
30
107
25589
163
64618
33537
6
6
228
47645
1
138772
92748
193
123582
6236
63
77890
46
143
69709
91135
12
272
245
139
207
6
131
177
92228
181779
23448
37654
743
23927
169
23800
22
266
224
4925
3026
99507
254
51
76
187
221
167
13764
10543
3142
103601
217
144
235
196
87778
144
203
10
198
74
71
187
284
114
238
74587
50679
14931
1513
46
1899
259
127
16382
58323
165150
27393
36
11709
118636
16
108778
12253
71180
238
22027
127088
127
220
209
199
87785
7791
292
12273
51956
109449
254
16886
216
221628
57356
122883
1119
316
277
23549
5467
247
23581
106
347
230
10967
16984
82700
230
2
180726
193456
13
144
118
194
212
40806
38
297
7633
122
16619
59108
3242
174
158639
32015
158153
96
218
766
224
31
206
111305
267
2034
64
67505
24898
138878
41135
12235
117101
14010
118
237
146
105
96
307
9084
354
1020
108859
184
114
348
290
166
17417
74639
84
6809
104076
59953
18673
300
135
132
197
18731
32501
4108
95179
16525
225
134053
76327
46786
157
134
195989
53304
41057
196284
138365
149
120
317
163
19
52174
139
287
48194
24222
206
22
14010
90
90477
76413
90211
109481
51480
11381
88
91743
131780
25536
121
76865
33460
34
158
190
162
95
139881
204552
185
13425
118
32
146
143
50
92
130
62
114
6
11797
49123
161856
63880
39405
2150
50841
197
88
141590
3057
23882
120
18
189
10623
20402
14116
238
124004
86953
91179
36280
169145
78193
305
198
40791
56
3
283
110749
166463
76922
38918
211
4285
118
275
264
10
59
10455
170
23027
415
466
12554
90
1
282
196
7668
15774
178
149
52521
27816
149753
29131
412
63602
25051
50
115
20031
125
10517
1683
9153
83573
49124
298
33939
189
142
98
10618
66972
61417
15661
251
24204
48
186
51
3815
5
246
155144
46828
321
61665
47
188
189
14448
163754
14
156
177
965
86769
274
43666
64
381
66
27
190
30194
184844
168595
32
223
6918
228
69
264
37372
111526
199
96071
11426
14550
104
19
1387
106
5943
39
2899
122
65
199
183
12518
261
45237
66452
18162
244
34825
32270
63664
4444
19544
26976
190
117467
157
160
243
181
149980
177
90
5174
60
96715
87
60413
223
49
12263
21347
165932
215
123
3
107906
80
148
13
185051
152127
22
24399
20510
81
56339
140045
16898
153170
99909
179
303
9411
52957
47800
8049
19
174
22028
1896
28507
19
171
86598
112
28
46163
40
128
11814
326
205
204101
68771
23047
6033
31
83
215
3
59320
142213
188
9074
18626
113780
130
138575
141
97658
294
34792
153
99
229
15651
39
103732
67899
263
1330
19731
70
83
42111
121
195071
104500
195
210
71
102751
13633
15398
13638
26717
8017
28345
115
289
134904
9572
336
6040
224865
231
235
46333
1
10872
7108
26364
204
185
93
8436
17962
104763
44466
163
160
244
7
74494
14246
32651
13562
63
79
5
11244
25189
88872
32738
79
229
16
49820
6223
3774
40713
121
53815
171
31728
233
204
96
95
315
81630
46540
3994
68238
141
186
140476
280
212
200
76
192
9033
212
33903
114855
177
32909
140463
240
24760
284
158
12374
74298
2528
21501
215
20780
46
75062
74855
100
285
130148
98
180
101
66475
529
177
9905
214
327
80929
197
165766
78291
22887
51992
255
33
3
59812
272
989
103276
65
89135
330
171151
212
184
258
46017
19961
84
23964
67862
16709
111
224
101217
67603
161
209
130
15802
316
19541
203
59023
12415
6684
148
35302
131
41
59747
52424
561
74576
12717
78602
111303
6678
129
37988
97
20
199
48030
128
11657
66
311
179
155
3628
117378
90899
30
166419
108257
149903
5
79
188
38004
32803
123
105
192
48357
26030
15
20475
182692
208
44910
672
110
182
139133
6427
69030
198171
20232
234
10126
37266
183
11754
81665
158233
223
140
47169
19482
64936
5
70734
283
215
100
225
1
9321
171395
86614
153
134
141
75918
256
164583
30196
189186
146016
149620
43
13063
55
260
173852
146219
149766
221
118458
189
45
40539
29975
23300
49951
52585
57552
10577
235
29880
15703
33
119955
246
51
122353
56
252
1282
49397
83911
61
234715
117266
98648
295
128
1990
7566
116
119
70226
5
219667
25689
8161
71432
5484
32608
17801
2938
30363
89024
89735
163
2
31
94
120
542
10092
228
38011
200
127
18670
225
116226
91
281
163
269
69
203
6421
16767
124932
15163
21731
99335
1
13
373
110
151110
222
86073
50
46
139051
280
57028
233
288
15773
244
86
264
157
11157
39
33
122653
67366
30777
101353
182101
221
15554
71373
10821
41
2166
121174
13990
27198
13246
29
30671
61
30336
43154
14843
103800
16221
38300
206
187266
120
151040
45143
115349
146816
163
20572
258
48073
256
4546
5896
2579
38567
217
24636
194
36
117293
34267
104686
49
186
21093
91
43358
225
43
177
77080
22
30074
129
7584
293
204
4277
239
186783
42
6392
305
96800
10
172
50048
43
118
50427
171
138
13446
195
176
2229
95
43
274
361
32139
43806
59
24250
164
92
76308
106
291
17958
85265
5334
15749
22
38867
71
68
22648
3416
175
52511
193
312
53
36599
281
5139
19829
25458
5197
97
109
20
15277
100392
168732
10394
49785
205
104
179
15205
86284
247
104091
56796
111397
84675
101
35
14863
8672
116533
1649
14823
77862
289
301
120430
51
6636
151
99152
43813
33306
12641
206707
353
29
125
28937
29481
8
5327
6
383
130
2323
207
36223
6134
55378
174880
114407
26592
185736
216
66
145
8768
194403
864
19
57750
211
37741
191250
3124
150
94
157
17861
282
27
217
8105
157848
221
166
864
19
123
59188
25319
50680
42936
176
180
114159
62147
127179
59
80930
2009
16359
18992
210
153
243
8273
41665
69
5
128367
12958
26314
23
35645
919
214
115
15202
11467
206311
21936
76
58592
138722
18748
256
63845
253
6219
159
15
46397
80056
135225
133602
5980
248
193
252
160
136
235
259
75054
224
214
44638
100297
9422
117276
15600
218
29
42
82606
11807
98
9444
13695
58507
35004
115905
63443
5972
6247
46167
186941
52
191
40
259
915
277
8655
3
251
269
210116
63
47
210
10944
193
258
70905
43010
73108
148
43543
10122
37
40591
86890
180
293
24
104115
56058
92031
40722
25
109
110720
227
13638
132
11672
7942
56724
221
38
53509
127
6725
198724
157
197281
6262
54008
87457
16090
161718
105124
11430
143
181
35206
5434
12551
95
25462
8093
142
83671
45294
102390
159
21
27138
198
33867
140684
259
149962
136253
2866
79600
171
14243
30030
14953
114
98072
34163
47
7535
238
210593
192
44153
74703
21703
151
21894
22928
142
287
63
142569
105
14612
72364
112074
120
39114
278
53
329
127
224
135
241
158024
244
29116
6
14
55
18216
350
127
26866
13878
45
129703
230
85
61
150
140
37
660
22373
132636
1569
112
63
195
213
26630
327
52
105412
56742
199
21827
187
257
73
50944
7405
103
33
36
387
140949
13
18755
208
2307
204
82823
65803
188
93
250
11716
23467
92718
6897
75676
49
183
180
57134
27285
1
269
47828
63923
157
107
1
260
53573
72154
162
190492
167
13570
33173
73667
22850
167004
278
254
133
36586
63211
77
97363
38461
105191
7263
5
186940
11156
7189
10495
95385
24023
237
34705
322
68
12578
54306
9281
14500
27773
10
87246
74
35
36
6461
34
13795
253
7
68
24
74823
212
307
3
106
36312
43284
36400
50320
251
63888
205
139
70068
2082
29554
204
144
154
16626
310
29316
1
42506
111934
180050
19135
21686
71638
120
58559
129
39212
141
61
231
123
21
183342
221030
200
16524
50496
137621
10111
57403
126
82
183
102342
140
127273
26309
314
41732
157441
149751
129760
31
34402
70
31901
219
53
61679
241
260
171859
231
88
26327
17226
149304
114279
66147
43
72087
235
200
74674
4741
130
3
187
60142
129264
112
2918
109784
39241
68350
104139
208
46
50309
98524
68697
48238
235
26522
127646
389
17522
116653
12059
25096
49254
218897
86
4626
52
45
117
33424
1244
88219
12
52457
63851
81
66606
10686
45759
34
24473
181336
191
61
71
7885
103648
149
208265
144388
1
118517
122280
7
79227
49492
25710
1402
112874
120518
19284
127475
286
160493
85
135831
36928
17802
100
155
82591
225
173
89600
123478
259
97069
40868
36434
15
203563
41
38025
73
130
64478
110
264
146274
14073
219
123244
56
158216
313
97
72291
33132
36
51646
106485
152
92195
194
25
12
10549
67789
132083
62376
77277
184
79070
62479
128968
269
67
77
303
124
88678
20
27334
30393
16427
77113
10
273
15020
219
18
170
66082
24993
30307
109021
10313
91522
28205
20446
74
116600
13709
257
111
47404
23653
18863
68573
141
88
191
328
42105
126975
123922
6726
2527
219880
108226
168940
270
118
94
178
26088
13
192
9681
54
55
78306
70307
6
171768
192961
250
50884
110
188
113335
43
57178
3
66825
58
126
20235
210
45864
130
179
47278
236
29749
49
42
63216
32905
38
36
59290
149
158372
97012
320
63768
52
200
25
59869
3851
110095
384
72602
339
1
259
28
56
43
86
18285
297
36
84021
49538
165
22876
38552
65773
43
163
141
180163
148
188607
67
44026
144277
30699
333
163
46933
1685
1
105
121
128
6980
117
272
102987
75106
18232
111
53927
19915
42674
141
52210
32830
64
14850
46
11321
178
7041
38068
2058
157
2941
20073
286
647
37
47714
52
262
145
7050
22308
80925
7461
20615
29
142
77096
57
3
110626
1
5138
135329
99311
24205
150836
7
281
85
3
8546
136
64
55831
75393
135
29180
47494
85718
152
2320
34400
177
22582
17991
26113
12933
136965
138
33
133967
169
68347
29
101537
1
84098
66
329
91904
197746
28
125488
305
108
199
78515
26307
1020
125
15651
6142
265
61
145
56
14096
61750
31476
12448
11465
260
222
24496
24197
20195
98
235
226
121
27631
165
35273
685
86
136
132922
245
26010
285
16162
68912
13920
33511
6738
179
175
64345
29633
103
62740
287
67245
3712
135
202
63
68110
107822
81121
16718
338
97
19
144571
5868
263
58614
146443
84737
20268
31550
4984
117859
109438
232
55551
34965
184
115
202
26205
16499
35
156393
209
24047
117
157
183110
31591
16415
245
236
162
140
2732
41461
78766
23
11357
8539
851
35272
254
72192
34281
104
13469
65861
218
91040
41977
134369
81846
104576
62656
143
16736
56922
148628
70223
260
139
80
41
182
9777
73594
53228
74558
78565
12329
166
36
232
1588
18671
83
66
30
225
187781
17565
11790
50899
135
246
188
133708
48
64912
135
84
182
184
268
228
273
141
30
200
19264
59851
42
107057
206
72
178
162
196
74620
22670
16850
40
201
30851
82017
123275
16
209
68274
177
100
225
28910
46696
213
95
106
6114
63494
109931
51582
217193
61975
244
93
304
95665
171
35661
115
242
208
8494
191
115345
101636
200
85123
132
102
143404
53
45
164
108157
51746
45254
34507
95201
255
51526
995
99774
633
3
80896
188837
20909
64432
151961
240
5820
30
32
130
180
159032
73463
36
3380
223
13569
137309
17471
34
152383
158
114
236
59
103393
7464
139296
28
109
28
111403
83985
127246
54715
156
139
88643
94
34
118
286
22016
123
197
74239
34
214
78292
279
35
50491
14697
303
55269
7734
148882
43731
124666
139187
9839
33761
171
149491
243
249
1
137864
7763
180
115335
37323
128
256
166
166
96396
101841
193628
5542
3720
23670
5
75
62394
230480
81239
97
121
48748
6996
157
120
55618
6681
160
222
33848
168179
6
25169
83202
16333
41430
12180
146
102
38636
4961
97
293
56134
89
45887
372
135
19
2
131
22035
215
147591
314
172387
16643
127868
152667
283
188
16675
62852
43158
170189
15129
146708
30575
53
218
184
168983
6092
38933
6301
139
176424
131
220
310
42
67
8
112905
92570
18903
70088
3
53543
70093
170
10528
233
266
100
39
262
103
184
175
6802
45754
4751
2980
199
19079
197
105
181597
41633
173
135
258
134160
106108
72540
62
66403
2328
15442
63267
30664
21297
140
101
153
109
64
59191
154
188877
17051
151880
394
292
159
99892
162
11229
155
105
149
193
15
153
106108
85585
22930
102
57201
52988
274
84136
35
54
296
198454
306
352
204
150
364
26799
72
29
89
201
88
339
45656
88
46419
18081
10077
16831
115
3927
162
11429
90724
63
26
9836
2381
316
13
3585
171
151854
12459
133
225287
54198
228115
82
145069
122
16
41335
146
7244
27086
93433
36556
77688
5471
263
163
19853
136
29947
3
103
26869
209
3220
224
3511
178
28603
25682
196
26173
268
297
161
122389
46225
2
80066
11506
3613
106485
131
20943
185
16000
121
257
71898
110
31
153840
11336
171
154886
109955
45977
41
4443
159424
102
531
7334
28
79
224
58016
85535
177
74
4244
170
36
3100
33729
156
117516
704
44088
146051
160130
305
2044
35161
19891
63307
6212
37
18705
3691
89431
89
101
190
135688
39267
339
34838
22065
265
235
3906
58
16
64552
66325
46
186672
14179
61315
66097
2951
168907
77
36075
16220
60368
86
266
101801
258
32786
262
98840
73547
60437
96514
27
308
77
117918
208531
52761
221
186294
172
81621
6
19726
52032
88246
92313
2245
37742
2676
17050
165
26
120699
3476
179268
7953
60798
213
62794
55054
19
15168
175
313
40422
213
5261
21173
30005
106723
20288
185
50016
56
246
1197
21682
9428
153
159
36355
10
36
9316
33652
59312
8172
14
53
136487
78
17013
173336
80848
34319
197276
226
333
251
20843
38956
5629
1310
167
122
125
19591
98807
119
71410
103352
295
27775
1700
24
115391
118505
33807
245
97
158
271
242
151
157760
23164
6363
11198
10
18
208
307
44892
303
128
124
110
5
68
40
11213
116465
59030
66
77
100383
39420
45115
262
186
88891
187
6
1
4201
223
34
136
9663
45434
108198
121
134852
272
96049
57066
34
4850
30907
43201
187
45881
35302
39
190
3857
28227
3071
137
45527
15
92
136
22
185
112661
224
254
128
117098
101038
92718
17
6295
73
39
265
5572
89428
66761
268
129
184
12879
2991
133
114079
72129
58481
11
59
78646
20882
247
7521
223
276
30458
206
12917
41871
39
124035
2458
148571
55866
7
208
56818
11894
356
53803
13155
50790
191
36
375
43941
21246
7383
132
156459
50
292
147
152321
15557
199
202
155239
53229
204225
86
168
46009
50
41920
165
83
22068
48405
308
47
1304
165
36383
91014
70
13007
46465
249
39
63980
18845
328
37944
34003
66390
54
129725
229
183
143
132273
71048
3534
21626
212
4369
252
190
213
144151
248
18827
27
104963
16159
38765
16246
30762
246
5736
38295
12115
193
61274
77078
33836
10709
151
58897
12910
217
269
60
58216
97
254
30
13931
25629
31984
140
10805
17468
53556
39
11065
54
86096
2951
256
251
58
198098
241
343
160741
207
78253
212
138666
65040
67
54
61
41591
104800
1
40878
260
236
187
117
89173
54
168568
140437
266
93035
36
23964
129929
20275
61
71
47576
289
79034
14595
188
36
135
259
258
80931
7
111951
181233
123
48807
209
85614
33806
36
129871
2479
22417
67309
228
87271
104
164202
127
5870
59481
135922
34474
134730
59345
42
131
18831
8591
104
23
115
21255
113
75
81544
1301
183
306
8488
38338
106
173
161
47186
224
90013
114
46441
127033
6
16196
253
98
230
172
6952
103
44296
13445
322
144937
280
40
2929
290
85080
34621
122573
76409
145
14
134
97855
104951
201177
186
43573
4
135764
299
240
60442
191755
136
130
5316
179062
81
74581
293
118669
35566
27581
137
196
90159
64
80886
115498
81
110489
30432
103
186
287
83071
2621
53849
86
227
784
6697
72348
26081
30094
228
71129
89
115615
46704
28
123443
30945
189061
87315
38051
217
103559
12412
47269
15375
107
27806
277
12847
71402
44152
187677
8
33666
12206
224
121
5804
88928
130256
157358
286
46
90389
241
101
154643
165
217
131263
10685
187633
819
49
103
10693
26570
195613
112255
323
139974
109
144439
26406
191
10058
14576
115342
161
66036
283
216968
271
36602
153
256
156
7999
279
104995
91645
104451
8806
220
12447
18556
225
242
253
36
18327
102
125566
250
53
44114
15829
28588
292
4410
36831
224
109
325
250
131
120
48066
303
84603
1252
236
1858
7
46398
70
18
4
119
21
193
186
59903
10837
188
136
206114
2360
100953
292
32
61818
162437
226113
161892
199
17398
17
18323
69
273
116897
57104
25
172572
180
57888
82893
161
24861
1442
59
142
311
76723
253
9897
330
2234
211
253
56199
30
830
107
21
250
121407
30
118800
143140
13920
29
85965
33580
7161
1664
647
51817
354
83
29
49999
143
41766
276
34936
27579
213
24376
100309
49529
39
83343
292
30677
36913
49958
74
4025
96944
191779
241
103102
21509
5
208
89
144
144197
217485
52
213
146126
2211
68337
120
366
183022
100458
28856
45459
204
21
1257
86684
10826
22
31
106
170
309
18
45465
57575
4494
6098
64142
206
303
69
2
23245
376
98624
272
156711
1
100
2179
90961
39378
172
69
890
21859
71454
272
44755
58002
74
188
36266
221
44542
63
139
207
556
13513
3662
194
66456
29380
37803
142201
39655
204
45889
34164
3606
5084
116
38012
252
161609
32065
47041
6
143
72
115472
83
4613
12391
27053
115
188
33382
95153
247
167
146819
217504
26405
87442
13756
33
3
93
2799
34160
66589
139
16
98
2483
39544
77545
276
113
294
171
7874
171
106
6381
54438
36
283
29
9667
37365
80786
18
53812
58172
294
7050
14
106308
17
147
27858
180
8849
180
16251
23384
6917
38375
31
39
70
196
8961
1
12781
493
121
159441
9448
104781
158215
73
68
222807
21441
45570
212
182
119
192
156715
131833
9329
54458
96786
48546
23452
6
20584
101675
115
18
236
2834
66
73
48315
70
136104
287
244
87173
33
44940
41689
78174
63817
168
63625
89342
287
223096
74667
1455
5199
93
159
174
5484
127
45414
89
81348
100484
14473
23068
81675
45621
11247
70711
133
48122
198
10
226
87225
13
192412
207
62
50499
27310
19
6307
1618
113078
168208
59050
8732
40029
36075
5428
46955
5138
30964
57625
251
161591
54119
253
123101
301
379
226
20053
31338
21722
329
14855
131
37216
49
55894
1
188818
3399
209
44
87
53875
78705
84911
168
63
20857
69720
34
44802
25212
955
153
110
22062
6909
331
51856
113390
260
99141
184
86
178
116
21299
4260
149
36202
63673
101622
59
156
283
51463
128
60
179
100214
160120
259
248
135
266
84446
51
111402
4709
51344
186
125290
52661
92033
157
6981
2028
27786
116749
270
178
85
177267
74
67249
105714
10966
145
42
206
35092
187
237
20868
100
83
45
225
122584
50182
50789
37730
126259
165
14707
42835
217
6
51939
9156
331
247
245
155477
16221
155799
92304
27543
9954
140236
28
128317
302
6523
15401
127826
5996
848
197
99775
197
7422
13908
194571
227
257
200
56504
41117
66
432
48871
175
70739
6086
8787
141
2709
219
161638
123
57148
214
18
51037
85
250
43303
117
3
181
128
136643
39
2317
20
156
162765
195463
55739
7826
6264
96
150
129570
265
87470
13708
24180
49950
185
45059
34
63505
2883
52601
108775
35904
254
216
77
201
55787
135204
248
15717
52986
176
181
1181
20803
129434
240
41063
1
112974
136
212
28650
183
268
9
7
110
75170
163
217
6432
29145
13280
126823
155
142
55
183797
124520
22281
43954
12553
13828
1515
32
3963
35446
202
127543
181908
27003
260
178
67255
152
47015
177
33
3
19
41901
120
66238
69
271
198
20
54857
9518
114
166
99
11
97
16132
124599
48
275
44
28381
295
91102
75
1515
44123
111819
35
35145
3
223969
83
28135
37283
174
59583
100
44
30472
63130
13310
215
246
146
230
79315
214
122426
64
218
231
111555
115
284
45934
215
75535
5445
38789
64072
14
184919
1903
17234
18917
110602
109
225
20123
8852
48310
7
12593
86
85789
226
249
62477
28824
13698
206
245
40913
96588
104
77303
78649
71257
4361
199594
157617
66
9027
19
150
138119
75402
260
44
105569
42268
819
106
18842
185
49458
89930
71
1629
2360
179
113509
312
72031
33733
25871
212220
58768
87435
16454
193
95705
25438
153563
87
121166
100230
23685
76073
183
57810
70
4012
205
222
212
29951
29596
4
5975
150
4900
10588
46
130
119309
118022
214
60
205
180692
18
73
56974
45596
37
258
73
37
275
143728
81
111
8567
69709
59553
186
187883
38545
22125
21502
14215
19
122399
315
103305
81
142740
27784
116009
163614
115292
69
14758
59
27838
156236
162
188
32903
308
85
202
281
79157
10324
92179
58751
10450
55203
143
107
5374
76
27253
3849
44259
190305
71
1721
59162
19046
99
235
1193
69
120
287
148535
36
62966
64
17
138
172
1330
133255
221
296
197
66960
99374
51909
79945
7469
592
18880
255
78
140
312
8652
75768
57272
7600
40649
43520
272
190143
15
79924
94
19453
26142
52276
11673
66626
94408
31
262
6
198037
68
229
266
170
16343
56399
53
145343
87939
85
78002
158855
21745
2836
40
9589
176
14
61131
7283
51789
39303
157515
262
141
160
183
15322
61956
186
133
27494
27
59707
94
103383
11
199
2583
103492
54
43
89801
56
4580
41312
13038
98
38550
103059
6
151601
64276
18806
86
214
42035
19808
198
58497
86
117
35905
1684
229
26930
9999
22948
40211
23
19843
27847
11611
23207
242
79
162
141179
18
43883
21
5241
152724
74088
85733
185
72
99638
11941
317
354
29998
17283
12355
3
19690
123569
11117
161096
258
179582
188
92478
37503
93912
90752
81957
186
234
50689
183
98164
329
249
243
253
16364
255
46
59111
166
4695
50152
93323
82
162304
229
86265
48745
37175
155
201
28129
69
27087
23
95
239
31559
30
50678
138
267
49739
206
93544
49839
2565
8123
250
10650
60172
221
80
32253
105
210
110
49109
306
174
326
60
64
28758
407
43988
29061
133910
19906
66266
241
4697
152941
312
52035
111
99314
47
55
261
111454
60677
107
191
127894
96
284
94572
94
30523
242
141
99082
31886
16710
9025
234
24867
131009
17125
118334
274
23274
192
27
6046
90721
7644
39
29183
77
160034
83730
18891
69070
10898
7712
58509
80127
66
17303
33596
12863
16734
86261
166720
296
19467
359
46602
61624
66058
197
8607
14997
29034
50
180
12664
205
109336
91
80
223
239
97008
60690
258
721
17
32
12069
17730
93703
259
192
30372
8175
227948
185
179
265
33831
353
189322
252
136
26912
623
472
103
72
135430
64
34464
43
92379
1743
264
64821
237
3182
244
200
62
300
21189
43
314
292
108772
148
167
41193
68112
127
34
67010
121502
104877
221
26905
38845
55324
70
64646
45
224
203535
127792
12321
35159
116434
22
36
54
184
5304
139123
41137
130547
126044
253
131
133297
117118
5949
90
14131
214
16655
25820
250
13095
195
119680
162
64064
107579
140
82291
13030
142
434
178
60
67
41777
57884
97091
255
190
102
203684
160
102723
132
295
29747
83
11656
1745
20906
362
226
119758
261
116
3119
201806
123
214
308
83724
5459
39296
73101
214
85147
238
283
54900
20936
157
140
245
20227
20482
15129
27412
63
18587
24299
160313
212601
34557
107
106801
55604
252
57753
173794
22421
15475
111
57135
2503
102958
264
106961
33425
71844
2
208
2470
377
38237
104309
54282
366
46335
810
7897
57315
252
30894
119314
33381
20587
240
98
38416
341
76223
178
134
47281
177
26226
66073
16566
34831
6888
137
146734
185537
130040
60
3
133095
124
165864
135
325
182590
162
268
132
94
10
31317
36060
219
11123
18061
21042
35555
35223
103723
49908
13715
215
203785
242
122
109806
28868
190
249
214
193
62391
185
25
182866
161
87
56868
48759
12
132049
10844
256
90141
269
42315
111815
13359
144
84
155996
46354
191158
206
5811
194
16270
160
322
5335
69
3
61428
4
60
9173
39
122
188
42691
229102
247
155
15130
4573
133
240
25953
57671
126181
41677
54729
58
9285
662
140633
23029
124
335
86881
1169
142355
40693
5388
60115
77190
72
26703
219
4517
57374
79942
137539
275
146085
239
78342
126025
39
169627
163
21
89942
59746
53
104856
105
176
84055
42
30352
100
8411
146021
23
95
123
7643
286
31
14780
225
179
14756
50
190
259
32
19332
149
133
250
150653
10258
142001
60
67999
67
202
53759
81
844
14829
74739
70815
126
164
3486
122
135
102
33880
351
297
3761
173
203
49570
351
10
113354
144
93469
173
63
173
101
166
317
104856
26184
203569
192
17802
51
136
93972
56546
122034
7803
212
100
68970
73166
269
4479
26285
35980
9
64392
60867
139
136
273
47
36
114
90
62919
163
185
99
100893
151
78821
194
45639
71834
124138
78026
328
68990
38178
147378
225
96
38329
4342
5427
13915
48553
348
353
29
139855
34550
71
17561
170909
245
103
275
44067
120
235
145725
7904
30366
113
1638
174
230
355
301
5443
19726
25687
140
33543
14902
40858
16761
29858
119610
29893
47
42
61050
183
78
170754
1298
67537
106564
244
8222
693
65589
66
150815
75
3
122381
288
120784
249
141901
230
147
20
11136
199
25797
70070
62
11887
24927
66217
8459
23402
45301
233
113249
407
50
8068
173
52503
9
214
63254
14971
56570
22478
268
150032
91350
13051
64984
255
34677
153
158
89
282
15
39
13723
176391
38791
111263
252
138
109
179
43643
10
17182
112
202
172676
592
165
49
7976
50
101223
211
324
10746
199
12141
7354
144
10483
178
64350
198907
66
305
228
24
75093
22636
10736
175
8
166
27222
107
27018
14095
141
32
110
46675
6678
12417
30
12739
9079
66731
173
103
210
124
355
47664
69623
36
31
13099
225
8413
202
39500
29318
99508
35583
5308
123249
57276
143
61
43715
235
63
88911
128
240
41518
28370
10464
76
19
206
128139
63573
159239
64032
9145
76755
35877
5103
115
121
46771
11
2415
51
45534
228
75770
217
222
291
369
336
193394
180
170
157131
102
64923
73
26
16645
76
285
135099
69012
18822
98053
103561
36
116464
88827
286
3356
39623
15094
18101
43875
81474
15321
42
40215
63241
326
35
127
7694
43984
303
16244
108
103961
853
119246
213
286
159699
144406
6488
54296
91327
276
18551
34945
61
143
22134
181576
247
83376
150663
237
70
213
98
323
20817
67848
23739
30
117
46
52
39
293
202
275
332
61697
196
164
127191
265
211
185
37770
30314
355
212918
76104
160
61111
70837
59
53228
229
70133
141
70930
180
30451
62438
26343
14736
91604
181
176
34423
58
146
117564
80968
19
191
253
295
18432
157025
111372
75
171
157
350
128062
185
62
198
174
14788
31949
256
23603
149409
3540
41
10
165619
183
5924
67
317
136950
118
335
43540
159789
52
1546
33723
24470
110017
123222
14056
170519
8758
108700
27
193
275
73462
21
272
271
19120
139
10442
161
56791
182
122434
75470
9130
229870
111701
62208
226
253
120414
33815
49388
60721
78
158
20408
125929
45
16465
35
85
17250
9
58053
7680
8
47107
244
101
3193
79748
195
11292
23974
116
32333
111
56253
39529
77759
53670
266
148
177157
189279
217194
110
96
40045
23740
80888
21766
132
204
124991
222760
86215
51523
240
100392
88493
103
182
138
173
24751
318
55589
32501
146887
67
68780
219
316
63
49006
200847
93162
18403
128619
158
184
3230
52547
56231
177723
108824
68
131
208
62417
146
79492
101656
285
150
15407
103842
171
3275
24329
187
161
97757
117484
162
128
272
45650
147
3228
3
13
24681
104
24077
21
42010
51607
37099
71
41461
1
79045
124910
153752
84476
44
80051
35322
86008
87
53
88228
205088
69848
174
187
133
118
31
232
120
75
12731
109
55
35553
163802
20482
240
81657
136
26
40761
88
233
237
8878
204261
203
15477
222
49126
16
256
151
47478
233
147080
51683
5
42806
136
30360
8378
3605
55532
211
25217
34947
3884
18745
209
238
48
16646
272
29933
152
83028
20462
22
26
20
81
136
233
249
109318
261
16591
1
304
92732
194
2116
72985
4769
76576
3820
91938
138
112224
108949
220926
81
362
225
132
106
5885
153551
148
1828
20961
46608
90
114351
165859
132
231
15900
170
1007
46698
63952
300
9231
30328
104681
133
65
40725
223
15
52898
190
39
223
78
149870
12695
359
130640
91
21582
205
45
176
20297
6
176959
53
49700
6310
973
32268
203
170564
82792
7
234
134
5370
182
171
154816
280
239
35097
202
112
2652
69434
5679
13
222
92460
20
214
26651
34711
124718
12085
261
48855
180214
43591
176
189755
88170
120779
257
2
131436
218
3139
8202
70538
3169
15
31494
58927
17146
37080
286
118
97080
41475
36
18
15
95244
181
26679
367
41458
67981
16189
2652
71351
11626
257
267
110138
302
115018
102854
67500
12317
16689
214300
258
226
140
44729
2973
4436
163
87
34955
11526
75435
93
3877
204
256
55
110
63630
11493
98
169905
32902
150
5645
4685
181620
115
111
272
228
4738
38
64865
131
62718
94190
217
36159
150
10051
72
174
134655
4733
81060
181
131581
100726
45620
82
249
7366
105
109227
87722
4273
73
107150
63
125930
148210
100948
113762
39
70259
107367
5932
208
101096
85
69
56
156839
41060
83003
286
27
152229
126584
220
83561
34920
15995
189022
56542
246
9349
13669
100
172
13492
370
124588
93
159
70579
153678
3
52921
13168
169919
82515
77894
10
9053
42798
17116
86007
117
70373
7562
227
232
169
23557
349
98910
262
84069
110978
167034
90883
271
139
38172
7519
191
182
258
212
95227
15941
72618
54367
210095
17984
43498
268
279
196
20322
223
38768
52757
61717
97
150556
62377
194
298
2806
131
223
323
10554
167
48
63226
10
4160
58052
30765
234
32443
124
162
12443
144
143463
106000
45
147943
91270
4474
27195
2163
101
43605
26
97559
101178
63528
1859
136
224
248
55669
192
112190
52
104
37455
182
47497
103545
176
97370
19485
1497
61766
227
1780
302
125
30106
70114
192
196
110
132
40
242
25
39
22507
184
97
9050
54882
7093
10
194420
35320
25842
13331
68
163249
18777
13674
88948
91006
228788
121
12948
103827
10464
53468
30211
33733
202
34337
37449
9244
134611
91
63408
9257
211
45457
16195
25733
67021
72
22649
381
234
40
115116
18373
65193
231369
20267
9271
12300
241
159
192
46585
20666
220
183
26
108
274
295
70
140
10280
108
46
1
751
57675
178
207
284
230
255
320
213
24860
3662
184
272
7444
102102
161
36603
45273
165
15
40134
66078
44373
90
279
65
124
24689
224
64821
279
160820
45844
160
27154
18172
30047
165
35615
162
38382
265
29
2852
15009
96
317
161
102538
89
109821
13
109
64073
58284
175
169146
261
90
45503
64220
75
196
292
66494
196
84732
237
105980
180
19455
6357
342
114
1976
158778
220
28560
34541
270
226
117018
118
264
259
62
40226
108
188
74901
158880
8585
1960
201
6845
116205
290
124
248
220
114135
354
114
224
61
28
236
22528
66
26155
167794
80709
28355
19
29485
73
274
192
19098
138330
22972
84
109
113
240
191615
19215
34
101958
116
127
155
80
26321
219700
111038
45906
75953
106087
40849
229
71924
233
29574
80941
105
138038
340
3993
19758
66
92
65576
215
27288
70
199
15
81
128
44005
220
276
25145
20309
65
9743
35813
193
113666
141215
117
106
40
245
114568
246
218
88163
1672
1
67541
64
44359
32306
36568
66782
67816
109
203255
20722
29
100
171
33498
218
12487
78584
37799
221205
230
100935
145
118380
72178
60
23288
8
125905
121
166
82518
229
265
49350
257
107
29239
65
264
127
86
27
195
71369
40711
120
174
13101
29836
25803
162
87741
94397
188
281
64779
20001
63608
272
25432
212
163
73172
44916
11005
167388
117332
115
147
24520
12773
181734
66960
9
129188
76621
3597
178
85793
153
141
276
223873
107326
70
13298
214
16334
69139
86448
98
51077
131
103
3
93682
263
103699
9754
182895
24971
121
243
38075
351
87
48810
56766
27186
9022
33704
13233
15189
42355
66695
264
5445
124239
21
58
27
239
189573
207
60870
129669
113
16375
43492
34
38
34360
71
69
123
159
51
142
39942
171864
209
18
136382
35
197
150
15048
117
126785
144
47180
194
187
100648
63119
309
34102
187
165932
129
60
257
104
2163
168826
40
237341
71
42355
114
275
115703
240
141595
197
23
29
81688
62642
165184
194
4351
78230
105
8410
306
105429
185865
52547
98
229
51
40
134266
207
29557
159
59
53237
74060
58249
501
24904
36890
162073
44
9430
102
112731
1767
165
48162
87
120805
47351
273
50885
323
24985
5467
85141
15
75
2679
5701
33
28813
33
19
62195
69
98702
20611
166
984
48036
86
168423
2237
220
55550
11171
139428
129562
20399
401
215
9757
6656
303
6658
37128
66
219
17737
70
118505
149799
28423
96
47526
42815
36963
243
89586
18
2779
126
621
28065
116395
48990
92
76593
116
21
130834
118
64785
246
44404
225
274
136695
44641
16828
307
32
120904
48860
27907
1
234
3045
75237
89
78148
37
180
18150
28737
12594
113037
53590
29764
34729
16384
270
66
94336
177
100886
181
5
94145
89
27052
82
4515
16689
130298
121804
26137
125778
152670
84926
148035
255
83
308
11753
265
220
21921
266
206
268
66703
81628
53401
2990
47960
193
24
233
197
57
57018
182056
32
196
43500
21952
98466
151
99633
185
26
218302
120974
71570
67396
67
16849
19331
64
224
99
109919
119677
279
112170
36134
29714
9
127
55658
86324
155842
16456
117070
282
157751
174
12510
83529
168
23626
29840
85539
23973
119
30959
116108
83482
199
3
197
133
22915
140219
125867
172336
87
13182
124694
64563
312
95
92605
230
74009
194602
71
229
252
273
169
24620
58966
33
78549
90
359
25515
13778
301
157471
161
5389
27399
162111
140240
196
185
11728
280
179
175
95833
36926
46870
65851
188
283
8409
28704
50155
163938
137168
79
127635
5243
14027
26937
121032
286
228
41
11054
104099
225
92
10145
186
51685
151261
215
197
87
95478
125556
119
237
63
62699
175
53
123
747
188
258
1381
126
10
68542
34923
73
5664
146
133909
34883
42521
209687
54
46185
3317
74547
337
20138
121
2309
8631
132
114292
12153
138061
241
50244
17254
152
45
29
36
240
68650
177971
64645
77239
301
67964
262
16350
250
99208
18991
40435
33362
3299
159
124
209
121786
2575
35544
161437
159
150406
30430
1413
27089
48797
305
869
36983
134694
196
88
194255
225
257
29056
41
348
32677
49393
250
103
289
160
70285
281
95
74
110402
38874
71
19249
220
5564
117
212
76
90
136994
120773
3418
8490
167801
42993
100
238613
27145
32647
14019
15805
62
19
207
226
157445
287
204
30215
20545
49250
186
116209
66078
90
35274
51
128815
231
164579
248
116446
72
190
10128
9041
214
29
42000
139
132
121939
1349
14930
223470
32
73419
190559
20
33013
164
197
26
3
37229
176
114
6404
95
41656
132
276
144
37602
97033
166
69521
32
111114
45
168
13161
167
190
49
36079
104
301
196
72285
39890
109978
265
72372
13259
37
151307
172
126304
390
194
177719
97
30550
129997
171811
288
255
86
1935
92
84703
150
40397
113
196
178
43575
93328
219
151
26105
100623
43291
16
97
33490
274
273
6
166
45051
179
4738
80531
84925
169973
18669
162
20114
37
210
184727
183
14
262
56
27
62126
104
47071
63285
82793
68
159300
6
208
44566
239
245
47298
261
58100
94386
101
88566
65
256
276
56609
49
36
238
282
239
50302
110626
1997
55272
109
110936
226
748
5030
311
220
378
16403
179
169
43
137
102
182485
292
54371
164
15605
223
67488
152233
4708
69692
118841
50616
141867
190
25210
168
154
878
92981
194558
6
120252
65319
26221
89
46320
6
226
176
142
698
39503
148171
60049
40
94820
240
58
14135
22745
116233
92583
219
92080
26567
149
16519
14183
242
249
27
85
85
93248
5402
283
126
3
13
37540
19236
27299
133613
291
154383
99068
35
66
3793
96787
20374
78863
258
124145
9577
240
223
60653
94247
9
62109
35617
128
105
21675
171
110
47971
24758
6809
107
1723
48926
244
104610
80031
137
5200
70626
274
310
58021
15
13
323
343
90758
322
55
216
12485
206624
234
110414
8504
116
24362
14514
184154
186
47129
48621
74767
44620
40427
3649
8376
337
142
125
69403
209
73923
301
86976
51189
53528
151
171
172378
101713
1246
190910
90
55627
24004
22459
137774
2639
207181
57888
234
13099
146
132625
10937
150663
75249
93005
119
422
67189
242
72
58
186
213179
18271
66110
134
27
20924
196698
124
14268
71809
239
114
5708
269
273
96183
141263
22695
23246
253
45488
151744
141
325
247
116
15472
14
12918
64778
216
27
69280
2423
1286
148282
79
142826
21823
117583
38599
206
180945
85366
101
6308
9969
121
208
124755
58
9921
48
77
99
31931
46
125792
64441
120
253
272
129918
133982
161
45
2
14547
257
74
243
344
96057
156094
116296
1764
203
279
244
24062
116
342
296
39
124
11494
322
2613
38
46530
154
31256
112
132815
124
194
124205
269
104119
765
68173
43918
218
11289
197
6858
1454
129987
199
161573
8968
58
76
105
83
41768
10738
2659
245
139
186
262
3
4696
23670
196
257
1942
21
82094
315
195
19097
81
92
7534
287
66
162156
248
129979
43763
17
130024
14108
274
64632
109
93758
286
118320
22487
202
20576
211
5965
44459
35
28366
132
217
81
34019
77330
74508
34175
3798
107225
92
37
41
243
52240
171673
19263
89
108
114
102908
39646
3561
19028
114095
39495
171640
70
256
9206
61028
38
291
260
196
122
100
111
20813
274
12681
8061
226115
116
182
37519
19680
195
66
68317
187957
566
5788
203
162
107522
237
299
19
8116
49478
28323
28
235
111
108375
274
182
194595
117
9052
31621
41905
329
83844
156
104
1021
122195
112698
199141
25779
176523
13073
10214
1193
134
174
28
56676
31988
111182
36074
37509
36256
78
238
209
123
8715
75101
50
259
115
131
119
57074
10795
59052
42099
172827
98756
12
228
29584
70613
199
152
290
54
22
320
17498
104279
58930
39
103
44032
8978
278
118
231
287
11294
92
90
93
393
851
22
125473
79
124022
64
141468
132
170
172446
39863
57709
5869
129
99287
93
39338
38880
2064
43357
104
27406
5466
57
83021
211
18229
46006
6626
266
146531
142
1624
124
167
192373
6199
22627
41
199
12048
163555
129932
159
61008
83
58843
137
142
41031
260
118
4137
230
76198
90296
19
67996
86126
201
100
202
3579
26620
75242
125
88193
63385
58708
16
132
30083
30380
60
162
12521
161702
134
7719
131
27
165
185
203
110016
57685
96555
38400
37
136
44519
70793
192974
59
132611
26154
177911
41508
174
151928
107368
192
264
213408
118061
84
179517
135
26253
28809
96
24198
10695
166
100
19
9494
48
54762
314
173
47
148
559
16993
146
41696
24
173
31206
99377
99815
197844
165696
108
20712
45
290
53737
1
118
204
58598
32
63795
12392
213
478
248
203717
14177
65
102
165566
248
75
44771
152
42380
9
58876
92016
1
79915
16019
26
32352
159
14344
5472
43448
5317
32800
1182
120636
2414
54282
177
117
17883
209
44677
9
140
92716
38655
150
245
147
208
48960
228
8418
157888
260
193
112
46
70
11812
28275
155928
167
306
117
218
292
117
87826
71
94
234
107
13416
52301
181
139927
136488
70
44492
36318
33
13561
116
66781
208
60823
44766
1934
467
240
142827
78741
50
24315
139689
103474
68
325
151593
109379
10907
131622
228
241
95297
186
255
187
29759
53390
92
86
55173
52056
152864
55750
151332
104010
242
16
108
107713
66659
34033
74
39
88969
49136
5226
95819
40016
15283
3
84
62613
43197
250
145911
98
83
181319
56
101
183
54975
5
67281
329
159432
110
70952
32
47081
135
162170
9390
231
269
28364
183254
360
107394
213
53
72068
221
73810
165
102121
259
12
76
100
18233
76
144857
31
61307
143
150
21
98
1159
17020
5090
199
25839
3671
36718
64074
102
147
142
155
123
186785
34
9
90723
308
51829
187
167414
129
78957
17790
71
29435
18823
68
156713
11238
130642
55
107052
268
544
109
280
185
297
32524
162
33148
67287
209497
210
72119
168
160313
333
41463
134917
30471
135755
20
102073
120
3668
2
290
1098
19689
38951
123
318
20
149
1
3798
1912
138828
96717
213052
102737
319
63257
59
104512
213627
167860
255
203
1068
23606
118999
161
207
25
28
23
119
244
280
63
129
152043
125061
5
57967
79214
67
5970
144
65130
10
187
238
37210
62921
120
20237
2
41146
8347
112
249
141
6556
108
98634
53
356
158194
11385
35207
124
312
26
2353
133175
183
77181
105248
130923
153465
112131
54042
81
117497
131982
37458
119
7297
330
110
82295
87
49568
98
59
64156
10109
160
66192
94314
62027
157946
108625
313
276
61
7219
88
239
190224
157
91
8910
172
221
157663
168
734
9720
10256
30435
25509
1397
45397
20
34227
144004
144
6
74
27359
69271
278
38733
243
107
89888
82722
317
240
15
255
7738
16
256
26764
47622
134
110447
345
183
207
139280
8770
183
172
175
219
124645
163902
170940
115
219017
223477
188
30673
49335
13072
251
86586
10
20394
308
60258
22
285
13168
6397
210
196
230
60441
24626
64970
37817
52259
390
325
27189
138
8539
37
45
97855
56232
246
72
84717
76875
256
131896
78
28648
362
169000
157
38640
20969
12568
69168
74844
271
27
43966
91
96822
53618
181
15160
170
142
22265
103
6582
111770
7480
82261
100786
189
74832
37
175
89846
159
93781
43
249
203
23
163340
140870
365
221
23678
26304
33158
93
317
154
15470
82070
142
19831
6833
101072
296
19
20056
81339
43
58201
144
175
108467
18
29197
141194
3
204
4855
154911
291
228
112759
73
295
85979
43462
184823
8494
305
5857
16521
12452
357
30208
179756
22
111418
119657
104550
90
19519
87
55
25
102307
31419
119
150
70
14
5138
151
135324
43786
213
273
21304
213
39
38
300
281
33
62
75974
113715
94876
70
166
2331
208
214
31891
38
22677
111003
183
6854
21063
367
101
58792
65859
24859
275
31256
310
188
206826
5080
2823
293
129952
222841
76
23
100
254
157
73157
13977
172117
42695
304
93180
31
18742
37257
58
54418
174
56021
41898
246
255
71
51
155
102
92
62411
219
215392
131607
278
66496
80
9407
170
53074
176696
296
1
34790
77
16514
216
41
15768
229
1267
39670
37
124
217
187
8
8095
77866
160
95339
30839
298
88
140
9445
7052
184
7769
66290
80821
733
4
276
226
181
48342
63715
206530
46
122
173
708
88589
12201
33
18
295
130132
4364
22
133
4681
97907
126
56642
61
170
242
224
63724
23
29657
146671
72215
5027
29
75671
99615
357
81
213
6383
179
8569
1371
38272
26
50
106807
133
184
109296
1
1
106981
277
14458
215
131
317
91625
282
213332
42394
154293
123732
128494
68175
91034
48
58661
135033
320
69645
22217
11833
2860
6988
8291
82432
101115
119876
119
194651
4
56145
81
229906
48548
141
97498
207
91950
209
63
15314
109047
10
70
15077
9753
78562
47428
38398
107
219
132
155
220
154
20761
48305
96
117
50699
135
195
371
128795
334
63990
61
284
46016
36037
49
163880
232
57095
109
64388
65030
193
111
56
3
15605
140949
122938
128375
153539
91551
39364
90750
69166
1986
20028
143
13544
65309
53
8329
5126
6149
2510
191
117309
3
31534
12816
60
153
97813
14430
230
24403
22253
209
214
173
51929
214
29186
110
90
5733
46
104
106028
126786
144
112982
34893
6661
213
69
79479
129
64817
161
269
21809
106664
18399
29902
7837
207
35379
322
181388
20159
322
191
27
41
354
52564
67730
52748
132
141761
257
4076
44978
16688
82336
156042
7
182972
40
180139
49
295
161324
130
126
88840
3600
295
240
21797
10245
127
21010
112811
26019
7759
24804
46889
198
35
9634
247
228064
23972
112906
95
61213
131
144
70
99151
104819
187
19397
31818
85635
10912
67974
228
3188
182
11451
87808
58609
123
113965
81
83279
11336
12336
137
205
84
54
154195
208250
222
106
91944
80722
13691
49487
127
6067
142340
94049
334
113752
100700
156
121300
26519
11641
64209
50372
9914
51679
185
32522
33939
107
24414
202
43689
7511
70
23957
51
305
251
4816
13
94
33990
199
369
5998
46173
30
266
302
195
21272
4
93170
17349
56895
110
43490
112
9434
97250
16
106090
8601
47500
139
9787
249
63
134
88221
244
59576
2185
185
60234
186
94076
207
246
17
31
203
38811
385
349
50110
184
36
257
117606
109435
94132
25267
126
218
26615
290
152
190
7632
71440
5278
58168
90655
77515
210947
92214
29796
237
60733
32068
2649
65
852
302
44524
167
80757
226
47602
6298
86868
225
6450
59
128821
227
73917
138
64192
1306
157
10190
25851
232
132
108
3
177970
300
34842
19629
135544
3713
19804
49567
117826
38533
844
99
237
13
269
230
127376
191
112694
48591
81
158999
167
180
42587
30215
7179
106
41
73150
15718
49312
323
6850
19189
25114
61618
206
108
218
137
254
15675
197
1297
68
175
41
380
354
8946
118
176205
30446
85640
130934
126
12598
99
123
19438
49464
127532
180
287
123
30
293
39142
10738
31201
217
49995
56891
114
172
1267
9052
138
122682
30510
122741
145
129
6
197
113
31618
47
52827
2487
173
26548
211
156
2935
93764
2766
73403
24
59
136
55187
97
65
79053
277
147383
142
6
20147
50289
172112
34
100617
85
202
3
249
12180
93625
42104
4495
22218
94079
5998
88
33974
5802
314
9582
18320
84012
403
26354
74
194
128
157107
33568
358
40223
73763
103648
195
9576
81091
4936
192
44140
69322
3647
82779
121
216124
116954
48730
154301
21496
20
293
232
6646
74133
76
139259
210
25
83074
52
296
86
172
16195
340
243
152
5020
4160
3994
62109
51
236
12235
14
150624
26796
50421
34438
114986
35
146
22856
31
305
74258
136522
378
98904
90
127
264
88
18
117
37
2382
79
19573
167
91240
20474
107419
125951
249
5238
185
292
131031
169
713
117
137
179
98773
17454
223
112
313
62762
53
187
249
9702
36942
5571
122
134521
66733
177
15
69
147962
182072
71
44
291
59096
50780
68744
66
1236
86152
41869
1
119
5467
115751
4021
27
88740
93833
34599
143
121150
32035
57287
68298
134
48198
34
81585
12456
127589
128515
84
79
150
33391
53710
75
70
226
310
296
6
17018
18140
128
198
20573
92527
94549
145
297
116700
160
180553
194
25019
18587
35348
44
39069
99036
15021
195
103
16726
190
233
18910
157
121
72
21656
82892
316
225615
4736
39457
161975
39834
507
218
131915
22
69037
4920
44558
27231
124
176
61256
14719
75438
342
48753
6
193
594
54322
20805
111
163
151265
18302
190
179
109453
126499
29082
78185
290
191
2755
234
175866
24697
139078
75588
130
3214
18602
131
203
16
35
102
72
12295
233
71834
179
28821
7
9
58770
56
27795
38172
1125
48477
133
35606
9074
3051
196
89843
67194
277
91
33538
19955
196
96731
79457
201
31
8
223
221759
36372
229
19978
25967
192130
82
69133
104
40
84902
286
35152
2532
43
174061
4431
4406
83
108423
67
12
71085
102088
73876
78
55
20379
176
62112
10794
76
126
15737
196236
24046
269
5765
144
14993
6
143120
34613
23676
65
171
173
213
54991
4847
16132
165
37614
83863
157036
19365
64253
45
164
3
50
467
8458
80468
9233
17374
43574
186
30
11207
262
4406
250
110
249
57
37450
119206
46
80
263
55020
104869
5403
55673
2555
52097
86084
195
39974
16874
26807
91
69
281
175
102
102
61764
120628
101135
146
285
47
194
6429
150
2856
10265
118
279
21
26
99924
16670
172598
304
170
130623
38662
146
66
7757
155
117620
19
139
75801
106
62782
276
193057
13962
144714
68592
98547
99862
110
158
146373
17239
161122
61
11
85612
114645
132817
70
83
78
48475
44228
170
65
110135
52675
87
143
18
59732
13
6
27171
261
16015
137
177
103
6045
20549
61219
42924
22292
58475
74639
100
9958
212
4257
168
13081
55924
171
140
337
6168
24411
174
1125
268
16759
106372
340
216
5539
111
12270
105554
21969
236
26179
77349
4929
736
38289
46478
14394
30326
131779
87490
180
1087
26070
207
112
206
3728
159842
55810
240
7557
3978
173
26
60
367
250
89891
180121
48
100
4603
45306
359
40659
263
93314
34176
222
54541
8
11
20080
40
110
310
6
124
98
119
9911
125787
162
114
10303
53583
45946
26879
88936
22780
83043
105185
104
176
21
117993
46585
16953
16
83102
132
50992
45
32448
313
114
10592
18684
190
237
30553
136192
88
37350
4150
24718
208509
134374
287
51
69251
50283
197
57
155986
5602
101921
87
162
1659
23259
238
181
92821
33186
69461
100627
159
56476
42546
115145
250
164
302
71559
2778
59
123
4592
197
9
51
254
326
10264
347
257
34840
258
1634
106348
1
52311
48
1789
7927
182
90279
245
32231
3781
16885
62820
319
174104
83232
376
69822
201
24957
324
245
552
25871
189
22593
22698
17406
41
6406
29125
70270
56364
98175
257
43681
34881
191
31343
258
67902
128
62189
53444
218
557
18473
27670
128
81
107
13563
206
100
259
165
1342
44
155909
94775
543
66
131229
25694
90
99078
10782
26102
24
199
252
170
71655
187
2200
33652
276
50803
23
7135
80037
170
213
8294
293
70949
187499
74143
302
73515
237
97727
34320
155
291
56373
217
174647
131201
4
64324
14768
22052
120
9831
3
63582
37858
188
143148
69
2477
53
18120
4
309
79
39181
307
93
259
185
176980
69912
117
170
14724
129
142
106
5131
164
142
69871
277
156
36
62594
67
157
223723
102
180616
63530
62669
39870
32874
32571
32
104122
213
8
52335
238
3866
212
87307
145322
249
57164
121255
68
153
2589
20049
182
5285
210
45449
24
38601
119909
166868
3
30116
76
184146
184
2142
179
60005
100
119
200
65772
33
165
41184
3437
12
10876
111143
20508
5451
42
96
58675
15965
116
14048
220
2879
142
268
97
192
256
106516
38947
44985
318
12253
76
45
203
22892
80743
207
53675
7832
135
41
9868
49879
22
42412
26
17729
258
215
112961
67924
230
28051
86
45
172
68667
11
99348
276
110
1
199
707
251
148268
159983
11
204
267
139906
79
151
251
33725
39050
69475
710
32780
116758
319
122
7912
12728
104784
8092
248
280
94
85
133
56
16
11
169
155137
46358
162249
170
100
102
9246
9510
278
16372
7
195
11019
634
4818
118678
24
172081
76725
145720
43
220
11130
18741
74678
1
201
43454
168314
276
204
18
288
90
40365
44
56365
41667
186
79523
55605
263
218
286
54
89
292
42400
35883
125754
32
1786
207
37870
139693
57
127831
15
163
8
5309
45
31499
38
336
252
128
93671
323
76600
165
81
330
292
380
205455
61
190
189
145
139
78
30515
7
89603
297
131245
155
76821
1177
47896
48348
6
58859
158617
5703
64623
131
365
1
320
16046
262
2243
26288
200774
61
131176
56262
172
6393
139006
149
63670
75780
125
7706
6908
46814
239
7009
33921
8897
77123
59166
176804
34
129624
24579
49197
24761
215
131685
29
20683
149
63
277
145
139
16300
191
353
77
284
29755
82377
49
72346
15
212
193613
12399
146
36963
2228
13
22512
111281
166
317
131
17656
78740
124914
56063
3696
168
1614
154
125
51882
18
134
257
66949
7141
43866
225
305
232
8407
22701
208
268
42436
7351
133
187
80
94317
59
228
57035
127
133747
605
133
78
21799
186317
106452
26838
28
12095
38036
193316
142
37735
107415
259
250
75569
17
74154
162829
182
3003
43
414
5547
111632
108330
48
31007
88796
20961
272
25480
436
11386
39
253
257
243
132
183
29923
256
22621
133432
1930
29
145044
65
22135
280
108844
48
102449
195
27303
65802
91570
19800
99591
115
27347
80793
47561
26616
185832
15
107425
142
24
8840
14349
284
209
38995
147618
328
36364
45422
224
138
63468
285
252
110863
6257
23293
16033
5613
77
124429
88266
28848
139
70
231
47048
34
336
72
86716
76522
3
9969
126
25134
152
68837
200624
52643
17375
81
239
98108
28261
300
114
10
164173
6548
10386
28537
145
45
21679
156
168
203
171
160
85
81879
89237
140621
9868
16168
78015
20770
21
63120
44529
187
10307
159
100
24178
268
228
173
33248
72352
1385
79264
152
79
18280
5556
16397
1714
108
10760
78738
5269
3433
152365
37888
80
17159
81491
103742
24034
44810
185
27744
49018
59
3
28757
178
36
72631
24
73
23030
79
9218
83
73815
183
14618
40862
170
49
112
201600
218817
30
56971
3022
58
148
165
52952
85481
280
57938
293
96612
64812
92
5216
113
26858
169
22003
241
192
162217
10724
181
8920
62673
1514
213
29397
15
65724
99746
8419
67661
157
9300
111
104948
12659
209
303
75384
11012
100030
119285
2191
48846
38
69
14340
306
2441
63155
41
10001
44651
68
195
15
212
22530
3
8620
67998
2635
1924
43841
16764
79572
65
230
27998
81
100071
129969
77966
81
106
176273
14833
208352
2459
50
130
569
224255
207
65
60618
151
56
44037
13649
219
136
45242
25681
215
73
170928
313
108726
41226
180
85584
206879
100
131
97
61549
59
50
70
23443
4905
91556
150
372
3446
147
17886
107
129
135
154771
295
72
128474
39304
6564
185
189967
322
160
218
15
100998
84
237908
145
14344
87491
33694
66266
6194
210584
136079
81
53386
15449
260
5518
31630
74888
10885
116
20678
124
58
13170
75
29
23708
104
151
29099
273
56
3051
14485
173
26726
132
57
34
138
71143
18296
58844
49328
128998
809
199
510
11422
64033
144644
4143
202
244
87415
20
71
220
77114
15
210
159
50
12790
162
274
73407
110177
27
45
1356
4073
22
4806
21026
79
44284
119
209
8213
301
192
244
158826
87968
162385
105147
21483
263
183
3376
3121
133774
232505
30587
115396
135469
18324
2955
218
213
9287
3
203
242
287
38544
270
104316
68
323
71709
260
107
81698
47570
16
97
14542
10568
150566
85334
92
333
45
14961
76
21599
15306
61902
188
242
357
49
181605
75474
54
363
27853
46546
2900
110
3016
35289
63093
87
59296
40
169
31058
68512
94723
29857
207
8942
73631
138100
194
24787
88753
147506
5992
51
24994
250
65
154
12
70315
11561
152814
56
294
18490
51957
50
268
141
15
155
13019
103560
463
42716
30994
286
56
90476
99187
123
75645
304
65553
2188
282
75
228
119
154
17316
184
35416
176156
354
3708
153126
82088
63349
58117
14858
222
8027
208
50180
18287
206
101286
164
1040
62
88272
194
279
35511
47
174
215
8815
137
28490
103506
52375
29262
331
56
37407
225
76502
16047
15072
3419
53
132
258
113
26081
54
139861
190676
116677
7048
49566
176
247
170077
198
135
4326
70122
131103
166
2669
25281
173
283
181
28
106768
298
93266
244
2204
268
177196
126926
16659
5026
105660
106009
204
267
36692
146868
28200
44309
214
141613
981
230
388
221
10955
50180
16690
154
299
1419
258
7044
308
149
51230
6523
4140
110863
78
69126
91743
124085
35
83476
35764
47002
18
325
123
177
375
214
13455
76
448
32889
202
158751
87704
255
168
46
13359
75405
8671
66686
138
214234
241
45
263
234
139
19615
124
52
95
32924
40503
102
45275
1271
181
210
7677
2587
150
3783
161063
1
39408
37469
90545
53518
47196
195
176
219
85786
26229
180
309
235
216
83
86
161839
227
45146
180
52986
54
144333
328
193
147
93351
256
115281
61221
84928
300
213
94730
189
89803
129321
42
84026
125
35
13
305
224
64633
77176
129886
406
232
78469
27752
36712
2006
235
251
28821
114
98
28738
107300
69962
131557
6100
98
87
226
118
18
278
7
193
223
45694
87825
288
168
2472
124
94511
370
16364
6
159
28
35916
125415
15
21
101935
46320
283
39425
17
27303
29101
153050
104424
9920
105279
13
103185
46
152
30
24
155518
16542
96
126237
163
85
367
202
54377
5934
26246
29585
254
30
232
15894
128
176092
21998
252
191
9
3
145
6149
153652
343
138
136071
105243
91205
111581
30749
33525
141447
63304
51888
104878
105465
51464
150253
46956
12
186
12
4371
102447
24063
142562
275
211
6387
21
13319
132
231
71807
118
80442
104
169041
66932
308
164
14
234
23024
78247
55781
244
97
167
136967
148
180165
46
42611
2474
30238
42333
3
33829
163
45
18192
257
50522
25107
757
17553
13
281
123
101044
67
26280
102
46
159
13299
269
5
10842
25
59131
200
14
106
30300
100359
25400
70
128967
144614
22
244
51469
112841
192
49722
220
6463
396
120704
42146
277
301
51916
45
2884
14309
43492
169
175
57467
148
9511
236
341
50702
47
170
237490
37463
130
95569
191
262
288
151
128346
311
119485
4860
102318
13
41326
165982
230
301
26
23
60972
19
25171
206
195
210443
995
30538
223
7
30
77972
103
58
63
158
115
12462
171658
66889
6784
502
276
114093
96849
18231
61338
80835
104
127656
78
25373
139
53023
29
14
19200
2167
220
33965
25604
109
202848
229
48312
25839
82720
23624
8661
24187
19217
133
157271
17265
91
82
192568
234
100
62222
16
31
225
6539
242
16004
150
66671
61459
94
71520
9652
61047
48482
164
68
102
148
192
30
254
225
31562
159184
227
18544
44457
229
46470
121364
54030
25399
214
394
48206
28430
8141
249
567
30744
223
41398
36796
32766
34027
96
5005
76563
18424
315
23637
86
227253
30477
311
323
147375
347
6453
32
224779
39087
86595
266
25108
20707
242
82
53310
102768
259
49
24
190
211
194
192
13635
105990
12100
225
49756
14873
4938
20
124765
1
131276
296
7554
101
261
11174
1004
44744
123483
178
22976
27049
10
202677
7365
187
256
24123
93445
281
238
177445
76
127
45
63301
38967
205
30
7
28489
10648
199
259
176
18686
247
60
55
58945
78030
52587
25677
171524
69560
210
187254
49982
64276
18039
76615
233
200
65820
171
43
23362
49850
123525
14552
149
155
2130
111
182
71840
276
174211
43
44222
90
122
37
60916
187
11
302
51185
149
1000
64006
162826
49268
47
77
65445
145
62240
41149
112878
122626
65
75195
17254
3227
27582
181
22
52277
131
108194
241
82
174
26369
170
35
202
151
197
278
3144
39
164
128
45540
235
264
27555
25
118
16595
10039
2
24497
34933
123
225
52
61044
197
144
159
5053
236306
181
33602
593
91772
1373
1
255
163
166
137204
20165
264
116
241
86686
194
32990
316
7972
59644
139
85276
111413
174
252
248
178
225
148065
199
228
2647
79240
80
260
166454
119
232
216
57069
13466
48
210352
85
13898
31263
166
164
11
45
138282
221
48982
503
263
184
135762
2031
195965
39005
212
250
55738
177
6477
30721
84
63
88
213
35090
21882
206
93738
43
120
113
194
173622
125
36
63792
56
140342
40539
60637
1220
125
9270
73155
19257
147804
312
265
12679
161
316
44
186863
65618
168
18379
74
3300
121
2188
192
92
70250
210
158
149
141
33
165338
115
196
55032
126
85436
161
32
270
73986
138
83
160
51546
77
10048
86324
98
70831
27062
16887
34
34887
76756
3642
169
98
7
138
125168
13300
59901
885
161
79
153
75
270
49
68730
49098
141
161
55546
57402
6482
101
52856
146
73288
225413
145867
28
82
25
85273
19085
210
171405
150
6409
48141
32
17603
199
264
207
18479
206
16432
55
52369
50
85818
197
97860
35
89635
22
26843
129499
220
23571
3523
178
124286
9
10530
4095
39551
55151
91
26807
37413
57
36
179
13
86480
13
167
243
123551
52441
16
235
3044
168772
22953
73
81751
243
52115
118415
233
58260
255
82
28583
33
69764
94480
80
160
174
257
25404
2527
36759
225
57
67982
166320
62903
15245
165
49593
48530
103196
235
65
58077
52
4742
5340
61
62
130760
3698
55
79543
60
68154
5
3521
195863
162
202
18464
85
15487
27
277
18665
108
194
278
6098
122327
17226
52854
25
194
15380
114447
9548
172
110219
150
166
579
207
81932
101226
19539
278
37377
95858
175
10564
12608
13236
2443
119556
27
115750
36025
86
24148
14802
105300
25291
100487
167
23
70046
49336
306
140
181
209
7295
190238
94
143
6048
61088
90
43226
23
98329
26949
126164
23832
48148
52899
70061
3074
77
92
139582
1587
127262
112699
223
134
112
166
106
8
10112
1
268
62669
134
222
129350
113
39815
68823
124622
119860
288
73878
116
92203
146
21122
78456
40
131258
2672
124140
7443
56818
140
197
216
232
573
193
219
215
2043
87
222054
119165
107950
3309
35945
137
229773
238
7
50
55
79
13951
116033
93
160
229
5124
34259
8943
175
20
1666
6161
87006
88101
140695
85556
18734
66
298
142790
4944
1593
46242
1057
53902
125
77053
57649
128539
128108
9144
8168
243
13
17281
133617
71
93896
36012
136781
6662
130
33052
67833
11967
119
20635
25247
137783
140013
109374
81665
83094
26892
15698
175
151512
96698
10404
244
31
19345
120771
11
79
61
30411
81871
58
27
177368
1
131679
97
3889
39682
54598
2333
130
119333
115592
124
154
83959
110
9530
169
161
44892
111067
4
1889
37521
8782
115
8702
260
4519
575
103700
1520
24
126793
200
24
89230
56
161
86
70
78026
61
162589
276
4533
263
250
33381
160978
45
59370
300
40306
7204
58701
101516
62182
156
2755
8746
186
63666
112999
178
28292
23
46566
2589
45
1028
3638
45510
303
6157
133856
40
12759
91225
94
275
14
1
301
324
135376
30663
230
223
138680
120601
28
126666
6
1540
253
3803
4
11535
176014
14257
44
4752
14
37
14
28957
3881
136
36544
32667
17390
210
64660
205
154
189
186
124
4071
62
6345
248
39
35212
25568
32
52
156
45380
320
1939
144
12
146
121
109744
138794
151
2439
18
157
120
43
34789
3496
173631
60975
95263
52602
147
67598
176
41471
128
274
186097
6953
65
169
95
183450
4
30715
45880
1296
187087
140063
91714
142886
4832
87660
14562
21710
40178
195
9435
2885
10771
49504
4760
63656
52
20
19204
44
111464
89
65
12760
82
1698
115
24037
51
253
28414
10664
211
305
264
56
97440
39699
4130
273
208
77428
109037
76364
1333
39336
114
275
9238
193
52
52510
141159
63
3085
57953
49838
17184
21030
47921
18
128
3
210
222
17
130934
12461
155312
160
58107
27800
76043
91
62
54350
201
32
6033
149
111799
95
30
127
10627
46597
109
1281
553
73698
145
352
19438
329
690
20
274
51202
2929
25296
187
258
206
221
43
20573
233
170566
157141
935
159
137
41865
34644
117224
79810
49965
86963
22580
23
28457
17
10501
98711
153
58
1
5399
7
45858
4486
234
1174
125576
41947
58945
153
36846
22254
107338
132004
91
158
224
141
173971
185
12605
164
5231
240
69
43732
12564
1
28284
9
32751
325
331
227
58
52058
125453
162
29681
5267
60274
41074
49720
14
19452
90438
54717
327
27448
28839
317
165
61787
17238
3035
50221
228
26839
81
289
3
64334
60804
65858
74
33423
52834
53
13888
32667
96560
114
51
38231
189
30357
48337
156653
184
17738
69869
11558
6100
25524
231
11885
36092
8168
8
45664
186
221
65
218
4013
197
150992
193506
11519
215505
191130
89
116438
211
239
172548
208
3021
94
97
163
268
184
109
74645
170
298
268
242
103
38741
67333
233
102507
200142
4278
239
7392
130550
67
34215
138
94
178
277
114
26622
7659
290
239
242
106
264
109
196
16765
89
158
184283
26536
32
67574
102375
192
258
174460
255
108936
165
135324
150968
46638
206
194965
132678
113
13872
192
201
92
275
1687
48915
50604
35351
124812
8064
85031
10102
173622
238
55
44620
29058
133876
233
25
120
125036
29414
207
41546
284
6567
37465
268
9956
287
31721
8608
102855
93
160
80797
60546
36854
39362
195156
248
6586
290
200
6729
144
164
77
28667
219
1247
266
44361
34540
1450
45
200464
127
25
28254
75374
135
160974
154777
21339
128
123310
250
23277
82170
619
231
19136
31425
90
252
168
9264
253
42776
17281
31205
44688
44
62800
204
72267
58795
209
2763
13903
43041
213
56127
88
139493
17978
253
344
52
64
687
11353
64331
109411
18653
106357
174
181267
192
9041
50701
1066
6052
84475
252
181
101610
98
11
39552
257
60387
60
138
1014
26469
195
7997
113
35667
58
100770
3445
23262
72669
38
70
290
172606
178315
26159
236
241
6052
264
217
14086
24655
218864
123
137479
17
71
47798
148
12377
329
152
7562
29393
128178
928
12
45005
92
166
330
25
175
354
25033
10196
31318
47
12639
170
53
177
151645
22843
234
63348
175
149
28231
171
273
199
313
2443
38
35312
80755
143
31
98176
56313
97127
25285
90
77136
225
3838
127653
111
220
74205
259
29963
223
2674
13985
30
51
72
98
245
3423
89556
73
35927
67800
214730
286
5
179
243
138
246
77706
320
167
172717
39
64362
19050
400
50135
110
210
1904
44056
12218
273
60
40592
112
236
70553
101
13330
139901
59805
38359
168
312
84
2852
64126
6
16028
150
138218
135958
68
65473
166
5510
31946
171111
32867
122
211
58789
121
53357
98752
65
68041
15871
25736
206
3339
4345
138
236
49
14779
29305
65259
44130
64206
3
121
194
3306
184
170
41245
71
53901
17
120059
105
178
256
219
13426
84773
13379
18142
235
277
17152
272
185
139
18421
104932
202115
102
88559
8796
235
74104
159
216
310
7
46474
108317
4339
256
158017
201
332
181
136046
122719
232
36813
127988
6595
53405
31
29
83
3
58048
6414
323
47
155498
114
231
58
136
100590
222662
33209
6225
95
65108
22840
211
13922
270
53
147362
70220
131695
14866
43484
204
51122
101
34
76
240
45
200
123965
244
40229
49281
98574
270
11994
40511
202
127878
148009
966
225391
173
2062
10221
108
392
234
12097
43830
27
96
104345
274
47
102
39541
62769
39
1296
149455
97
172713
11523
92831
137
10258
16
116
27459
3352
9972
50
82
48292
58
46
14286
296
82
94458
84
30152
170185
125217
57
246
74655
56
10
107426
12823
3
60841
3
9388
112293
93
113
103529
96156
54
237
52736
55
34
85
239
143
37060
35
65862
158
188330
76
1
76451
7510
157317
258
236
125326
13560
125848
11905
97
72399
56616
28
338
181
2693
51115
69228
25814
35754
18734
245
11616
271
246
107953
157420
81
142
231
184
46933
23
16008
71574
83239
1071
41
46
22
214
52
2619
137
173
898
114
60691
256
69952
90889
107
98
17304
290
176
105831
13232
129998
249
4796
149602
66097
103666
2487
10762
9991
83487
3
9215
2430
146
78068
140
56281
274
36
1011
69792
174
277
117700
38309
101816
208
291
45
14428
237
1
228
178081
21124
130
39198
28
106421
202394
45012
75
90
120
4566
40227
50
61442
143027
4906
61240
5104
244
98
271
318
20473
34832
230
80
214322
15
10
74714
5645
79
85635
252
80167
19262
100902
121
173963
1652
44
12
69495
58
54
187
90011
40
25
147062
7484
175
242
67584
196
322
123269
46057
18997
56041
235
323
25
8189
252
15020
42024
53536
252
23554
84926
24469
332
223
120020
68
155
169269
43678
114375
200
21835
161
96
147
297
66960
78
6414
117
172
109
77093
102
113514
26833
44445
183803
266
97369
74224
61886
268
92
69457
198
145585
64676
163828
4969
100
50009
8113
136455
169
160
88466
182
6
271
24920
164
3
40728
314
39364
185
129482
26279
46318
148684
26490
172
72604
190
233
11795
24006
205
234
108
84
235
202
66
79019
107
69
209
188
24213
88649
180
36119
7438
90973
45
26563
127
122
36
35401
39
183666
105
157
63235
4020
19034
36464
7
223
9
160
329
135050
42762
1
238
14734
27076
87
34
113
78378
143205
10190
120
111
6161
89936
23939
67425
101
12219
78505
77778
105
99
30853
95121
5045
145
15334
2666
98971
112
206
218
306
311
225
94226
23912
209
14429
220
151451
2158
31
217
25
287
14224
15582
104
93
162506
204
111425
35196
116151
96
69093
63350
49
115
32649
75645
101
227
237
107708
3
5862
6435
113404
184
202
1859
231
44720
40992
224
140595
46234
105
10929
134416
85
106
287
186632
48418
4496
92
202
80419
241
199
151
19068
270
260
88
75775
36812
239
21038
65
118
212
73127
5277
187
74
63
1336
52725
68183
166196
42404
110787
45995
119779
132
282
101
55
38353
191
71197
300
75578
52304
45
64305
236
145845
82
137
208540
2333
207
186
49629
264
2794
53
62750
272
49
76354
49249
12722
95207
122
19765
631
150
37
253
229
261
69
124615
43987
26441
224
170
193526
173
18505
30
128527
221
122874
69680
195
102185
260
149
74
109
108895
31820
121290
7204
185
45
21392
136968
58760
43937
171202
223
230
165931
129
95183
172765
234
46579
118631
178
73873
211439
42253
135
117
50896
14
68783
21
5723
51419
113502
20155
142
231
248
2662
45424
102400
21108
287
207
15259
38675
70606
31
318
33547
27
100
219708
15
171
7
33
37029
30195
7704
61488
79381
52881
19784
64399
47
24048
42433
6024
116
35420
229
211
28961
1215
77
193
153
85878
93304
20771
75
154783
133056
60706
243
58469
133
59449
66
269
18188
150
102682
140
180
1657
180
22680
329
181513
55467
46883
1746
138850
243
2792
24
124
265
10339
143984
38
284
184
7922
23865
190
2
257
100
307
76988
241
14660
149
277
167
34715
85120
118191
47
114092
194
84360
13
9230
9
126
117
331
1
302
9116
88903
68772
4858
121685
37308
288
12
85621
201
53841
328
336
128631
136
29248
25097
172
137985
91
1217
22679
112058
22582
286
19936
78
65183
41855
30181
63
290
99894
60626
67844
62564
278
1679
637
172862
7150
272
25445
8724
21
28919
216
36973
41399
113
167555
112
28
1
91
40316
47
25
74298
97
5069
203
229
1871
87
33645
85204
305
13216
86
198
124268
127
261
142
161
5483
140
158
101
133
17753
47990
320
382
94
5114
104443
12887
159
61112
10139
37702
213832
166
36241
49565
10
321
11807
71842
216
37174
62105
11262
72206
232
184
30112
163
115854
187
251
198
65
135699
226
129
938
29362
22692
90148
23
133610
101
55834
6
132226
238
156
256
26502
12109
38
216
83
102278
35
52
6732
243
304
19143
38757
38
234
162
24294
232
86355
1647
141190
105
56508
62296
165327
53754
18959
48433
87
115
2872
57
48196
13608
30
134
46589
188822
71494
55695
69
65
249
226
257
10
153
57
130294
220
17214
108022
39141
713
34376
203162
43
283
75720
185
17174
33528
297
31
158
173604
70920
185
94173
186501
33374
209
144621
47
58230
165
72
427
18882
260
3816
5278
313
207
29373
222
28908
14549
259
128
95
82238
11001
236
28
32244
99
158
66302
8786
273
178
6
41661
97772
212
36141
263
107
163
29515
65889
88581
27
264
145
22858
54719
3302
88075
202
226085
183
3998
29
38
9997
81520
29777
217181
109374
248
18605
1794
196
118
131595
221
202
111
34775
121829
109784
70
370
1112
5
357
64774
103874
148
61073
70
183642
137
30485
155031
8668
165
190
4403
3
2404
277
147436
41989
7
34468
99398
40579
64810
212
144602
154243
8
257
6
124
17252
42057
34689
258
72445
88695
143800
125158
155
51
1045
100169
170
253
11
251
144
212
50725
65178
7326
200
236
16608
28
226
1767
47012
179
49709
55178
25653
9183
57086
37224
225
119
198248
121
37143
48
14972
22318
107072
57916
155399
34
302
54070
74758
60912
84389
18
109
20287
128596
48
7709
79
416
285
37137
60235
115
39916
45334
36612
210
63
116252
69
132
121
19486
159
29834
73429
27
10
66
10062
109921
6123
118
79940
19913
25876
199256
11382
180
24655
86
130
37922
113464
115723
175090
121
5
17
113
3
25
8
14646
64492
79627
17571
13
239
22097
191
236
123
224
216
29
7
18089
359
253
102
38
74156
163
49463
87
34804
123
20
87824
193142
168843
157
124549
98906
276
173
8035
50558
202148
26
108736
48
17013
12147
88929
75
12796
96811
20415
90366
14003
91543
158
123634
18282
19601
34921
4985
43374
33
90
208
107899
7878
178428
12
143
5854
56659
92
3
18
84
175542
43
80090
59
104055
5072
54334
53978
2374
257
28
10
230730
233
322
140
239
165607
1455
168
3403
119000
48905
28503
64420
197
54019
15100
54969
125
39
115
4428
1447
39317
209
9652
21785
145
357
413
60669
146
27642
116
5891
239
10473
47
24
1518
1
15978
148111
212111
55275
173
173
95280
7057
41195
32269
80643
108228
143438
357
41396
7558
113134
83
247
58
150
29672
55
187
22
21021
5048
231
68178
13390
117914
51660
15
58720
177
39690
346
40732
94966
92513
154
125025
154961
3
270
62
201
81501
83004
234
103
266
124
229
21
155
64596
53
224
298
117
30
7723
42882
22041
70939
11915
48
43
55
7050
1239
351
218
49911
38
67347
19
70
1465
229
204
275
3708
125
16606
18054
71
78897
33442
148016
90
44
127
251
230
20
240
217
6
155291
66786
63716
76
42225
251
265
155
43996
4449
53
188
7548
164
118
154377
2
245
38124
275
151
6522
139
3009
164022
33
56334
2962
160
95
93180
110467
107
360
42589
4708
30
223
150055
110
158545
103210
16725
82196
145
16200
123
218
246
80899
8
74120
23506
244
11352
42
219
6692
3
110251
289
30845
110
116077
194823
8726
24
50812
96489
204
302
8866
1388
82
211
25231
68
64582
202
90
63
106333
15578
70235
51
51982
143
60862
99
116
3
166
6
335
255
170
135
14121
138830
59759
87320
138164
21285
184957
256
10879
31073
60515
267
46734
155821
16799
73607
42
134315
1
89491
99
334
10229
115
8365
316
30
199
29098
226
757
32
1
184
228
239
306
11443
99662
221
1765
34
182169
163846
19
1942
131
180
30741
2390
269
200
3562
236
32
72
36684
36467
37
93298
20227
164
16
89
7118
36548
214
15773
21
53
16811
105582
27960
236
69
150
25019
18
161
100813
43842
38961
21
17603
145895
36130
63880
326
161492
6597
229
108
273
706
18
35722
226
161234
199
95810
77
440
19773
196
84
46527
99
55568
5476
355
54089
115463
15
148322
63
305
6113
173
5509
323
78269
9708
120556
149262
157
87
78454
130603
142141
48
38292
9452
16270
68560
3101
9215
178065
76
209862
10128
26234
203
166468
524
67494
285
190051
1904
103
1
27497
3027
3411
267
136
39476
54642
189
129118
41642
252
280
14879
64800
4470
155615
1076
104
43233
287
60271
235
7075
31
21733
217
142072
20345
86224
303
215518
60913
227
174
228
63
12182
18203
16049
83888
46638
663
187
10535
54
130288
41393
3097
1
31
1
64424
41425
32796
34652
61168
65547
231
212
17
14494
18
119
824
112100
71264
21539
166
1628
89259
124111
138
258
18
59839
166976
54769
72888
20076
158519
244
63646
100
91561
130406
132264
97843
6
98555
234
200
4
19651
4037
34477
183
3629
7203
132
123
37823
11
178
84317
4916
143860
148946
55842
186
3
2
30
90
1284
2540
114
71839
13
233
115
9534
15761
96289
45033
16953
16392
112
11054
64382
148527
153
79014
55643
2929
43364
136676
60241
188462
2035
36036
99
7220
65
198
114811
154841
80
147470
187152
39355
298
180431
89823
10888
43427
139974
71770
28127
219
220
85
65
193
9889
162
220
9129
210
65
54782
75172
251
145837
54545
1
35861
66
27584
221
13290
1005
92188
280
21
13516
99157
4902
13
168
104238
1813
93
45
10746
247
31079
10831
135520
242
55102
28830
31254
126
103
153528
118
6
3814
71163
8813
18058
68962
107
57419
98220
208
121
130599
27830
204
230
2438
102
52912
204
71
213672
83578
1845
201
120544
308
78926
32112
27760
63400
454
1010
156906
39
63539
86
27182
202
1535
220
37933
188
152
127485
13893
50422
102380
6654
29
145064
249
51115
299
13972
273
28327
132203
45
35001
1709
77384
169
306
164
115159
94515
3005
2637
75673
104109
117809
62
30
24586
38
147545
34765
142052
27769
220
22
70717
11644
33303
104259
82022
56093
7505
447
50495
166908
73741
44690
208910
44
33
5146
13123
199
6947
2
6
33426
5676
39
171
62
48255
5
243
135603
24492
116195
72101
5833
182477
140059
232
105315
266
28654
344
5
176
48
160736
54865
98
56300
16367
50
294
263
189594
274
27676
48
128
13245
65745
48
19542
118
148
8106
28
218
19210
131
42
164
125
183
7620
162297
965
237
68552
46
67
17212
43
224
175689
151
231
1679
67048
7275
223
135270
78548
6
90
1555
128640
33025
24317
4525
1048
133177
2723
58
155
2612
37440
76331
44587
223
133641
36405
5
152
37387
131298
179
12781
164
40455
57729
160
314
43253
60
359
145114
69
21082
42152
83
6732
60
77
195
46
30614
78092
277
227
380
52948
140
128
157861
17405
146
30
229
236
129490
174
119
66
185
93193
6830
52181
184681
135
28283
217
97571
71411
113566
87985
159
241
80
12200
285
228
27374
143894
209
93476
77413
264
237
64228
83569
95533
65
119
109
267
279
136
25189
15
257
9532
85950
33132
354
19
5715
124
130363
96
192
205
73491
6098
196
15173
295
50763
266
88434
40904
110
60475
120
249
237
15426
243
60132
185
354
172
169904
121
18480
52
12
63456
205
134031
5158
235
33777
279
21940
80975
54322
90
119005
217
176
111502
87558
104
14561
14360
65965
15
5
36921
34584
129552
22
149212
56105
145429
226672
125
40486
1369
105561
90788
82
267
138
226
67848
133
1483
6
87
1807
96
5539
52946
26900
77105
74548
83653
36316
6168
4212
35
57
224
177826
234
103
282
211
14
15
64793
62
2166
21
820
386
159
197
6810
107
11865
46
10590
203
87
161532
246
10
233
47705
35190
23929
7673
4969
23023
222
107
237
235
189
37192
35
33346
37
190
338
197
61
241
42523
50135
10
82867
2808
40193
239
94813
174
226
139678
140
71725
8655
303
207
48
242
95502
71
62677
10764
12419
54
39382
17533
207
48577
57
18
113
5835
64566
171
6632
335
4103
21341
14007
36948
98076
6937
159
180
23
122
149044
60090
98
56635
76195
200
146
75957
146580
97237
66936
134
243
112
81
87
30
50678
55
11320
30812
114
10086
28269
8325
290
88
36421
34897
139
10696
8804
1208
22355
77849
139261
240
249
73185
155
54
1397
26072
176
72907
249
45689
151
94
100
172
291
23
197980
162165
46851
159253
81
55
62607
203
116468
91
18
25849
139
105811
5185
122292
226
31
87287
27415
74
761
34
55063
121620
342
106578
139
148939
9534
46788
9489
20696
202
92655
2119
19
90
37217
34281
16688
50550
198
21
197234
82012
1
47196
65626
3
41
16756
8123
127885
50398
70917
189129
51626
30288
1384
9485
147077
309
307
28078
100
2031
22025
212259
151565
28674
156
107
118165
267
238
35292
16260
1268
53544
180
191993
14
46
93470
58749
135504
27669
45
150
88671
123164
91376
40788
100161
38331
164678
108383
296
45
68
29896
228
89968
20579
11179
216
8729
8
98304
62424
85220
161
10303
188
72857
189
126957
25741
40
136
23622
357
43914
207
41
306
113
193
231
362
14068
132182
12607
109681
169
35323
245
40163
145787
242
68
196
135266
38
13
144093
108156
19198
28044
216
134843
62474
92
191949
3
47161
200846
52
242
253
54072
148059
18263
22
262
37
114706
6
323
85928
244
173882
22515
161877
66798
147
55
1410
85
167
167
64140
60526
33186
263
217
115
336
1223
133810
117216
177205
10955
157927
290
42325
186
191285
99204
66936
350
178187
191
273
273
161
182
265
90
233
70
30933
192
674
304
5697
31069
27532
126
85
141704
91375
8
28621
30
56387
674
297
19825
115961
2519
161
9313
53583
37
12851
809
8038
18834
160
306
70
29
181
70715
170
69118
210709
66255
144
19379
72
1
70
194
81425
3
21354
116
46476
150716
47479
1817
402
3896
15380
2744
91
280
12262
80965
86539
137
172
32962
39151
98666
2084
122
21783
112843
84
25
296
5448
48549
33329
102981
30
97
6709
38447
14271
109519
67
2575
12170
127
17696
271
146
55
5
153
179
171
24312
33326
128779
90
72660
141745
32647
62
11988
16497
81422
9788
1023
171
47
172
118
224
80
53604
336
76013
211
278
162900
327
28313
122277
247
142
112
247
409
148774
7356
318
121594
28546
96840
38
37
35
191
104
51454
15581
76623
129
2306
4
35055
11193
32295
102
21567
70
27815
1
96582
75
57947
7803
9081
148
96858
181
13416
15945
96528
11765
67736
116595
1358
20261
32888
69743
104185
7131
239
109
179
241
149
143205
219
282
42494
91
147
230
156290
14247
57076
23
179431
74
25530
277
226
194
6861
35745
226927
80332
25
73
57418
108
6
9519
17510
264
89822
98776
38355
14379
31302
211
25875
31
152
81694
2787
2412
72449
226490
55427
63467
59
123794
51849
93
36915
178739
99705
254
160
92
2097
70940
203
126
235
1065
28
39206
92366
175998
4
318
92003
94274
98
12763
189
252
197
7854
35
119143
231
114873
220
154011
80
34524
80
3915
132372
308
121437
106246
144
6
268
269
47
239
279
16494
114721
24954
56
6
170930
111148
19
129
158150
10723
28159
8341
69662
20
121129
140861
191
31
250
13083
74
32691
131940
43
186
62558
28441
1739
50
189314
227
47784
36711
76773
8
11043
138369
59669
212
13640
1109
6976
19790
144849
185688
10
168
122574
61615
141
13062
43210
1577
277
90
48542
83327
29008
3078
44274
36002
45
58
221
171180
82
4854
120424
301
180
46
38173
144793
63
46
269
9135
141336
64
102758
23
84
100060
51649
154
22225
15588
58
336
246
142193
82
49186
180
115603
48244
32
284
49349
198
864
56
96851
53075
30360
168104
143
146210
62797
25
32779
224
49977
148184
334
132921
44
333
17450
73
128
6
171919
138754
12119
5
252
14600
25
215
194
65
109
63040
140174
4
214
103
27
300
209
6618
213
182
21733
17
68990
23669
58602
27958
2665
230124
9559
50
130
9176
65
59304
268
204
47503
300
46210
39620
35274
88901
70726
25901
133
157
112983
17704
30
72646
21
125
66
217
98094
162
258
187
232
10
257
188
2414
211840
152878
12
27658
75
58
79457
3105
228
52502
25269
15268
94984
48099
138
255
46581
88605
58922
2232
10964
300
49125
33334
60
42
1897
6979
298
161557
54739
291
120545
78
10
187203
147
221
249
68232
4519
269
91
6931
37310
13290
258
30179
228
185763
43948
103
23872
12
208
187212
14122
12872
24328
224
5068
205
32894
185440
15546
62152
112726
9288
58273
273
2744
53865
22852
158
81214
26860
13732
94421
103840
81264
94374
208
2489
51
95262
5603
257
269
66
247
69303
28359
75
1
17046
147
269
113708
7138
72483
64
126081
203419
251
215
48219
7113
191
123576
13749
66846
28
145
66032
196
330
88
116
271
313
208
172
178
38693
237
139
7892
32
17356
133
143
4533
28231
266
34402
54942
274
332
40
5810
71437
156
111241
307
220
145690
81391
138348
228
33
166002
337
120
202
190944
11070
11711
76
223
162666
6755
6883
23201
94916
149734
249
344
30727
1
72869
25110
84
242
128797
296
40789
607
28034
23011
343
260
28
31649
61
506
56208
7034
110872
80
59
198
25
227
158
24849
29033
7356
75441
1768
1026
18
104384
169
174257
135710
191
16484
37
26
13195
3
184
207
69
153362
3
176497
2390
90795
31295
52516
55
42
35162
65182
66155
8522
118
47195
36576
178137
41629
112
7782
51415
12
98091
105
80
160
172
65
60584
124
113
8664
58902
33
59722
45
24204
69407
530
255
241
19564
14
44897
174
105186
145
192
242
158
13
93936
173
184
102451
29
69584
159
63997
13886
76
61596
202
62989
11509
315
169969
208
106
385
83194
7
36372
273
118245
83
119734
42443
919
248
27445
138
148541
40374
248
69
185
2702
18321
133
50199
71268
187598
19241
8674
221
101
123
54496
11386
47535
58
9255
223
107
53489
125
249
139
73
247
165
24233
35493
87
116557
251
23406
18598
154
35
14874
57489
24713
46685
7095
46981
98977
329
269
24824
50
10780
254
18800
79
88480
304
136443
125719
4271
76967
13061
295
58686
69
61
11
1533
65747
164236
329
47875
276
42337
152573
259
197105
16981
93
1147
184522
102
107
245
127465
4
37672
41
150
25500
189
60129
68364
228
76452
126
91935
230
43746
199
8
64994
48112
3643
197
140955
44757
107941
18
156677
10599
145
204639
86
228
101511
88
17666
15435
228
2533
12696
389
991
13003
261
53187
72
132
36945
232
146
196
76
154
59815
316
55879
28161
128
173
340
117
17029
27987
34
268
215899
153
50406
170945
52223
46494
159
98147
105203
133
189608
97510
13528
44
92483
114081
340
148
112438
186588
1
32785
192
54
212
130
29457
103
56
82109
8538
269
232
63998
226
46113
183
153
168989
2
9203
70963
249
36
111
249
42364
89372
72
131
123
147
91
231
5154
66
387
119199
7650
21251
26
109
3267
21
15
202
4978
101059
191572
175
232
165809
286
12709
119034
226
112659
77424
44245
12132
200
6099
10047
220
46
14308
127773
177
155
162
116687
49
6090
4744
41632
18219
1
85119
41196
143699
29842
145
5190
356
17009
90
149
46308
92645
14
44611
110013
16111
15
112007
164596
24858
6306
239
258
38
85593
1539
112535
37780
70
9626
141
3101
203
244
96622
66605
62
243
48
10
183
144336
197
151
201
130
25850
1
136
16376
200
5645
171015
179661
9231
99758
18590
5690
139021
61
1
17614
23361
5
83
1780
110
55
139
106
97532
204
7
315
8523
164
24943
3617
153
47719
128
39083
33345
311
177
30535
68
148
204
19740
78889
71071
60930
166350
145
193370
264
157
4583
105
45860
167082
158427
83977
26
159308
21661
235
163807
285
847
204
50729
6322
124
42298
22978
217
101
8591
93
20285
10
135
33374
215
221
24190
245
316
250
33844
55369
174
188
70992
275
126149
93
14
144
141914
3
16345
62480
10105
118079
288
11
4542
1809
32
138578
316
1351
211
105050
116
290
158
12616
18
1960
2171
53651
25382
48
17953
283
36574
78
44722
174
380
37280
35362
25535
48
135986
7
170
56
55082
162
11347
316
204
240
278
36967
53
32657
32305
28
191
219670
7016
171
128051
157
13346
67749
73
21
12862
17112
35162
33148
5998
39203
37850
114
221
18246
2
177
124
3246
2488
27
38930
243
345
97276
23
18707
96666
151
140
105903
53
164
63
3230
41605
16924
255
66
128
345
37466
20948
96438
160
59405
217
83904
108446
60219
333
11623
230
103567
17676
130929
61678
156036
53
34681
37580
65
19296
4944
60994
23674
37728
10693
42
14823
146335
216
183
104233
30206
29158
298
170
26199
69482
89790
95326
32700
117
26746
33402
49224
75
165
243
12
252
29583
10
141
37519
20573
365
211
311
173
250
181715
58
80
28855
39527
179820
120
362
4408
88342
27957
146795
64
202
140702
84
136399
41
20747
140
52881
15
118180
156
59
170
131
49513
215
37462
88505
18821
106864
32689
97786
54126
57938
38202
46
46101
256
74799
124015
189
104214
57615
40637
11376
156
8054
176
5618
20
173
62359
27121
154337
238
30449
65754
86
122
4487
57321
192
214643
89
201
131808
36080
13478
23971
140
121
21
33901
73
91
278
237
13976
17847
93917
139
18496
58518
89659
27126
307
73930
193
65195
4780
147980
92087
279
74423
170847
70381
58
225
27589
192814
41796
65110
33
167
129
236
55783
204
25122
197
43029
11797
159156
3500
166
15937
63
33577
190
699
45
22110
1
111
21672
271
292
158743
7073
124
53
120
10527
13532
11
218
219
55765
15309
2391
40
164892
87464
50
21
54246
138
252
19420
17177
281
193961
41
23397
5524
287
35614
404
5904
21165
193
175
6333
4534
21
46513
78082
4
73091
56
16
63631
3934
53
36712
165
19849
179
13359
208
338
66
8
155827
40618
13047
66247
185
70449
16123
13120
83873
18120
35
422
19
17601
116
61065
135965
16759
13008
31
183
106899
34594
215923
240
9404
58127
282
27162
227
18605
4308
8715
3918
52564
42
142620
74163
8590
234
117673
142
83039
57084
405
23405
205844
28950
97
43
11
294
276
36405
255
39221
130536
63
235
1978
194
35906
35263
42
14632
88477
250
190
92867
174
110
207
52740
130311
54
62467
2736
245
64872
46367
106561
33228
123
107
28
36
153
48
84
168737
35444
43654
8147
3
112
53130
71978
239
3777
92471
162
90944
69142
131508
81
211
184
10
26772
12
46917
18697
30846
75405
206808
64620
31
52986
297
107573
21897
83465
160262
47514
78150
1875
95
12034
177
115923
34354
124
5498
32549
308
24
15
55743
465
184
38029
172642
47311
15357
65668
252
166
76
78
5
207
177566
7937
194
163
21994
85
123023
69237
2155
50216
128736
39564
4737
60812
148
49
126647
83732
99
138756
134
6832
164787
30
174
198
198
139
56
144290
66536
77357
315
41294
176
252
300
61704
183772
29075
63127
24370
21372
249
48561
314
182
19875
45202
32158
15973
60774
147
193
142
27239
231
87591
1
54124
29730
11860
33465
93140
135
133555
34240
73216
58
32216
254
201
97
4627
183944
75914
155
128
226
83
102936
52963
136
248
197
65873
103
52472
211
148744
36027
39786
15
24626
44535
61083
14218
69137
156550
98
202
16073
67081
78190
96634
27290
35590
240
64
127525
276
156396
104
83
145653
68920
149
143
297
254
23972
240
51
65
1675
98873
155546
73760
24953
138
98198
228
36954
59565
95
144618
51694
36403
104765
115884
276
238
19163
60
29381
22042
53
26773
77
18488
326
243
115275
198230
97
56233
207
126
259
78882
78
92
4058
213
38523
160
31494
131444
145012
144
6320
1
69671
5
207574
16115
102838
87642
21
1994
53
77546
90649
142
72841
49
298
33
219841
78
88
67907
307
126534
23908
172
2907
52092
88708
81090
120
66
65482
25933
54927
210
114956
57
20996
28499
66
46733
36
34375
50
121
138
308
128819
79560
86
248
121082
175639
163
118
112
24
11083
15535
13
52492
143
45781
30571
77
4
133272
121354
215
225
13814
84
9773
418
119169
53
2581
81754
81
17247
192797
71436
47
102505
27179
106632
64496
304
345
278
270
421
22147
8293
17953
147
134963
232
27665
9498
180491
181
47968
27
114946
10
7250
46416
80
125
212
142458
82078
105
68629
33
5030
29259
135795
52
250
151
87243
131934
75765
97
210
300
104
4
67978
249
36366
34606
40
63
165392
41
6828
55756
30265
309
318
26230
195025
242
141
113
5607
79621
119
257
268
25382
76591
49184
154314
247
49
150556
105462
24716
52182
33
125317
110510
213
79418
18148
33
172866
120
84
271
298
82850
129196
301
24053
76044
3
2691
21685
272
28
1
30697
71
29943
108320
216583
84944
37421
63
60
82898
81610
212
62058
106756
328
165
137
27915
6
45762
226
29909
73924
98213
121
88626
7
247
181
170
48654
3625
42382
113311
40422
7318
147
123
286
32287
148
286
79
114097
180590
101
28
4
99574
22881
45
190
78078
139
212
29977
140
114
116
43773
274
76199
85
120
14701
103
52548
301
166
153242
223
133846
55402
134
124
24513
17680
8043
59
32570
165
194
151948
195449
178
28505
60133
136
149749
8450
1089
211
47131
226491
17814
208
181834
153230
54
41769
132905
23090
383
62459
65
166673
323
148
278
13383
6671
67705
51496
11359
229
232
148128
142
6423
78549
2
152009
57979
202887
30048
248
2235
115301
109622
42472
250
37
15
245
239
103
26797
36756
63054
41773
189262
11835
14343
147
106536
109
25147
37319
14056
45370
91807
28893
34550
8651
130
273
5842
4608
33
28795
134659
200959
259
91
12
3459
6316
155441
36
26189
15940
73486
129
28312
1
56807
12418
7157
3
171251
1
62010
7751
16583
234
61977
57484
100
17907
220
81627
312
107
32516
5642
49
237
171
252
169699
15594
280
167112
94
155
10
124814
40440
104
301
298
123
194
46220
1443
940
10631
7685
64753
334
62934
79292
19149
59
71462
164
38235
134
1544
262
227
77
3405
23181
93008
35144
42648
145
74
79296
66466
29265
213639
40649
80
143704
136
45823
9777
107218
143
117
226
225
58351
54
55
282
146495
205299
89795
5178
223
1777
223
157
222
91
35
32134
247
52864
64570
50145
57233
85729
230278
31079
155
22904
36353
46474
3441
15
12
70
271
34
11
20
94932
62360
46
2973
107
73177
87608
35406
82481
232
95
38
188
55011
43
41
179
35818
2413
20082
127
241
141
51767
61
79718
37066
58112
55308
234
6318
16
8065
78591
42743
75592
267
85832
10323
64
310
22215
39297
12709
160
60
141
24344
237
102
40086
1841
41506
268
195
91
274
2299
46244
92199
273
113
55998
145504
185
140945
87066
57258
75935
91466
29375
140042
16314
6
311
8482
17492
58372
118946
15537
61
58357
222
25808
128
1
3
8670
173091
168351
295
56716
277
1346
6820
36322
305
101738
140
72
49016
37758
173
32
18132
66036
5339
107
83
95697
132
35562
80781
66533
210
208
53589
104665
303
16072
7401
173234
66251
120501
171
22
234
71976
129
259
135
50448
65965
26361
8859
99209
152537
27
69
522
169
103
3392
91347
175
42797
10165
119498
8463
55378
220010
232
54589
42
2914
148282
69423
27
77260
48834
205
1331
46615
74433
71
37142
50828
79870
155876
5802
97
10254
89644
40
243
55
237
259
6
140
26173
31939
143
271
250
169111
1544
33326
99
116769
1
32
26725
45
71650
41080
91709
18
55
57888
113626
274
34
142
51401
197
33262
95
240
37918
71
30843
104
76652
4901
7
26073
148247
94910
107730
173964
58
173
5727
48394
46994
258
23350
1502
50945
67
8774
8547
17038
119518
19837
51600
71
5976
4768
178
113
230
11
1673
45
59785
2564
4321
250
91960
112
176
29
142
122
39947
88279
349
105825
3
4154
133
115531
166377
251
8159
70730
192099
151
189
206
133124
27305
116
4
88
43
204
44784
278
15184
33586
196
109
64256
182
49
104
2450
126
266
3845
156677
81108
254
54
98
176
118210
60931
123103
8086
196
326
6
37209
288
6
196
1324
188
135
212
74
214
81
1
233
173567
13302
10060
63
8377
83
200
51015
5033
214
37637
12011
174
8353
82378
275
220
102315
4660
6
212485
3
234
233
54619
202281
92468
200
209
226
199
28491
130
134
18649
172
45
151968
6723
76908
123009
12817
170
197683
25530
107102
132819
90
29355
222
94
11366
130808
248
54821
10120
162868
96
80
21609
91
5442
167
8836
262
229
124206
8102
101836
130280
17
69
87622
39289
112
248
235
106
4119
48349
24
32023
230
70667
190
62
144
37701
216
306
147592
79459
185
34336
9
230
34869
91
26961
96
135907
44030
296
22248
69
13500
39841
139
68508
66321
87
27709
43748
39
227
224
268
135805
30
95520
201
545
33079
195
203
103856
48
207
71171
62
36191
1429
29931
169196
295
53
13895
10320
359
21
4823
5480
255
146
217
51319
26265
19277
66827
161
289
5572
32107
161703
52755
174928
187
108
10814
134654
9480
31587
14394
165
200
1
45
234
150
139
183
259
146153
19321
85
137
163
13359
905
351
201064
5372
289
80902
81888
715
189
27
5056
67732
988
107
2002
236
8821
263
83111
167
141
108758
149988
117
9259
146
81526
99819
164
104240
64386
61
40741
15063
374
7731
19
229
29
216
15392
50239
6
75
253
45495
178
129
110720
96254
25
260
184432
59402
273
167934
96
105576
41743
9499
237175
241
83
125
157
304
63318
16
211
5667
133
188
47204
33195
257
140254
2846
26486
66
258
32
152
36
43773
134254
14609
123
128349
4771
40
24995
107
30757
2229
2
108
136
118
4909
42
22193
17492
160
77
50262
157631
20460
49214
8251
28815
39850
117
100
3585
203338
204
274
28
32137
12440
211
97556
3481
20729
15
150
182
166
301
193190
89810
50534
233
114056
98584
61318
141
54381
267
51703
164
44246
36765
101
38
117
240
115
33429
10089
51911
24578
79
112
43867
183
135
34482
221
88466
60379
85848
64721
64044
52314
131184
35135
61620
102230
17774
74755
10822
1042
67
27167
19395
13172
39
73232
22
2813
65997
265
246
78
4305
3122
129
3196
164663
112049
31280
262
10431
170
94839
76327
3616
58552
27173
62320
17240
63735
208
67
49
3316
285
314
36323
66367
68
357
92937
108856
6879
11
19602
177
36
28
174686
282
8232
54
284
42
280
9274
950
176
15
10622
17368
263
3333
128
296
112
49
107435
236
118147
6363
169
4960
268
98
68106
234
2937
70
87
153
42934
21129
90272
21532
214
111029
269
19792
12098
169375
36360
11209
110
7
1566
19123
92713
183324
55676
94928
41255
313
138662
234
66812
42549
211
41462
70539
71971
288
233
201
62159
122
228
77390
75
26
136721
263
231774
154930
2838
47981
52
249
19533
258
202
8782
9
351
3255
74
2218
16848
45
27
162891
17544
83
11602
245
42181
200
90382
150
203
194
33063
22
83
68
2652
19896
229
217
26704
5411
26
349
77190
51361
264
108
65017
38727
200816
7
93403
213
25113
330
13970
226
214
64
96117
47
36697
63895
48211
268
196
86357
390
124345
12912
160889
15770
138626
199
46170
15
39
24592
45226
168245
27630
8757
110
105142
106
198
166
38018
33372
172186
110662
36
169
5423
148
1664
18425
9
84254
15
102
216
229
1
17196
38297
1620
85819
1183
73
179
243
45801
47
34176
81813
43447
16818
63586
136793
247
122195
192
175895
14217
49702
220
157
6044
8901
17879
92860
82017
227
105211
37
76
2886
237
240
141005
25308
3084
113782
38
29367
50
211219
28997
228
47552
242
68697
2926
142
81573
148
206509
245
95
25286
180
109
20
2
89663
103
30428
24665
99
219
127841
218
120
198
38193
52
23670
43
36438
194019
176
145846
90549
302
39009
193
31
37
273
87
165241
10579
1732
123
38
42
24174
143081
167
14279
203288
32701
103
556
282
21323
214
3
115363
213562
144
261
2936
171
41830
15
227
27026
61057
2201
198
220
13377
262
104373
120693
6250
15
51842
56414
65172
181
62
81011
44
63282
40065
79792
160
20653
80
62158
45755
233
194032
94975
9467
267
224
41410
143231
7
30107
2709
89
3992
73642
229
3
83533
74066
171
125075
16779
70299
50
72
197
99445
149555
151
51958
242
6735
24571
33015
56554
37
3
82211
179
1828
118
152
25503
51550
35
190
227
387
97798
9
164
16516
44
37231
3089
312
73966
12218
3
84827
58
9
334
45326
326
40
226775
178
34091
308
9394
16709
248
166701
180331
12
220853
80136
28
43038
190
13
244
56564
60
88
65
15953
1377
207
8
14775
37454
21
130
119146
18689
40144
167712
126
91389
93960
301
214989
233
279
1
68
75
56
1
30962
38
56214
7608
222
127665
119349
159920
73759
21756
29843
34
37980
111
201
8374
1
337
69933
16394
70
24607
86
146
73642
295
236
104280
157
138
116629
322
161799
105782
54065
142037
39783
222
35277
440
60
25162
75
162
32579
51162
66358
8630
253
92038
48307
180
132700
283
266
79
194
63040
8934
121
88209
89961
58
275
8374
67503
169035
259
19
135
27648
10
22
79
93
34572
1
155
9593
23615
51128
291
2885
60
129442
212
6
175564
307
273
26
109399
91
232
86422
76
7187
24
7627
222
326
302
9596
118
233
76
23583
125105
167762
312
296
59191
110663
286
9536
32236
84
69333
4166
172158
22
3934
208379
185128
95
69266
167
41201
82
89782
130
137874
5324
159
47
115367
8300
221
1466
87032
52
28130
12781
7027
284
20503
74
140
173
7
185
233
1372
25255
20885
28350
91816
7881
25
87
13380
66566
174397
93
88393
236
93474
141
6
25186
77088
100
106
59
37234
4451
42624
37435
21210
3269
17692
18763
24117
141068
124144
105
63
68710
28
127
13316
221
24871
151
4330
3
50129
208
24140
40
43
286
50001
233
196
12
20
32828
79113
57
81755
36644
242
102436
157394
191
20283
15578
33285
181
74381
33727
91
54219
107933
124
9261
4331
240
4008
312
93
7233
73254
89004
87300
331
21
78
28158
38338
35166
100
119
36804
1973
172
14855
9921
171
276
19845
10127
15579
60
29
51173
257
77700
41424
206
147792
57618
177
158571
166
91270
170672
154405
138107
44
105344
30525
31836
39801
9315
6
305
7565
24754
3700
249
36305
176614
156762
2881
155755
278
47919
87475
103
248
152049
37022
256
23823
6808
117848
44
95043
129
67
71649
65331
126724
11132
93
8115
205
4241
26
209
71461
140
13100
81391
23
81485
495
30663
16033
82665
84312
25659
174
55282
157
55413
63448
223
6353
127979
66
7712
242
73590
197
296
17
70
26668
3
63
1
114879
59649
172
66671
212
39
78
7533
20651
23122
44196
153
5810
161637
249
27207
42104
1813
79176
125363
4254
73936
100874
51510
307
113912
25350
110387
162
92543
20251
26996
20447
259
5448
59
74349
112940
6111
737
138
70
28
36116
12233
14181
16903
202
165
45061
16884
134
305
193
170
43
37
160
86
46676
122394
78280
56625
47216
13804
10003
26014
44
226489
92417
231
271
192
263
120485
120467
6717
13868
5639
243
55929
82756
11710
59
146
136
154577
121135
199
104
208937
196
15952
229
20173
224
580
4
82871
83
1
57
253
87355
15988
58561
169
225
190
33496
55
10678
35544
196
94250
4658
42679
118
155
55845
25738
183268
151
590
54
300
16643
107039
120
251
117
3122
21
1556
146067
113592
231
41804
124
212
179
26237
160
6
58083
251
14029
174
876
10745
152
136490
122
73
62393
207
14676
11907
143
47207
10
17423
46188
3601
70937
12046
94959
20862
8232
167
79954
180554
94169
1492
104
107721
71546
277
221
202
67188
52778
57827
10413
140310
192
191
134142
68575
61
10
304
50
114
83139
13463
70
2079
230
82
13957
37
231
6
218
32734
192
80395
261
52627
136643
117089
177430
6341
315
82279
138690
77722
1755
295
127
215
227
264
237
163
121554
82292
125
3
212
172140
11904
17858
25854
221499
273
230
6536
277
41464
35171
342
33362
27970
15568
110857
84139
4073
72
48
21
5515
75
100791
5647
12306
50737
22766
281
34392
1586
62
89590
144786
41397
3314
94
23575
238
130
116
70749
267
23193
85487
106
178
1804
84
79172
568
36826
215492
6489
308
45101
22657
243
67
211
14140
95
37
16421
24873
25
331
52166
1906
126677
15785
164725
168
297
79720
145
42
49107
39347
60554
9197
148449
135024
4143
169768
208
308
70701
113014
272
120838
43251
192
5872
37
94399
60
102
34
76484
12884
66554
21045
121
105
249
50911
144
268
129312
70535
32
258
11718
136
190696
220
206
225
184037
49993
44935
50712
1568
11460
94586
1
23
272
277
174
344
205
12541
117236
184
265
172
213
12731
81905
7557
40
97
303
279
281
74449
7627
34088
84
24987
58819
41475
254
177811
152
42
136
188
109882
11327
41370
251
22624
1
233
146
56264
169
212
137
3266
13311
62927
171
122
191294
321
41374
49
228
116927
90
246
38
3393
143
109
93
170
8736
44390
700
160
153785
161
47
125072
168
268
11
79
9980
4516
114
95174
150
27067
145676
115
90377
471
37805
4055
126460
100542
91827
161
40
192
338
96790
177
9700
27
65254
200
142
158
123
1207
212
109355
6103
97593
202628
191
62
96
299
83116
172
44334
153287
206
46
80
23343
159
40
180945
12408
157
38293
279
125465
27
29470
145
26
71894
26
42216
43987
22764
157666
3
32221
217
142
25625
125225
278
42
103
217
1709
197250
226969
231
133631
44945
258
124
267
102241
111
105
8931
125556
163
9152
8416
68477
87096
210
7797
256
43
30203
1979
241
72
28
240
1522
106100
2
250
12813
21869
250
192296
53335
115379
188
42
161
76
179348
70387
189
82
162057
3823
1
25242
94180
63046
39657
123
33398
55
212
155734
40932
66928
59619
29088
92
137635
113498
65
246
64
42601
174
168
29533
82499
154
193701
132
96393
22584
192517
98214
24895
242
220
100
38
10
267
116
25426
482
123
166
193
161281
36004
18220
38888
78781
174
258
148712
10
10188
357
10269
41
108
58778
16054
16053
27100
26867
16524
101
15882
156
171
260
68
238
113533
185
41159
87704
34539
74140
237
164
24843
319
37274
70
21656
18470
153830
55962
111248
26
36902
261
5
24980
3502
31
77430
264
21634
87
52319
6870
111
112
137
158932
262
64402
100
6005
23252
56422
164661
103116
164
374
38828
108649
48419
45206
92
319
67
7
49
147892
107
3020
74
202
12863
15209
9767
12
23667
268
200
52084
126833
253
175
177
128
290
77
103808
85
1464
135
8270
64262
271
11366
11
35108
107
95
15781
1318
75538
169
186569
225
13858
227
20500
149594
45
6872
65
90
50668
90900
11591
298
5
45830
205745
32388
89548
367
123
26533
212219
19148
223
254
11532
126415
37725
145241
20
73341
92376
48131
278
65533
23397
248
272
63778
46265
114
179
199
57959
29837
18736
4483
113
21686
237
85
112492
15
143
12
75702
250
153543
14009
227103
17580
23162
221621
1392
36
41928
110582
206
7018
25065
150
51931
3
21966
124685
77
30347
291
143
314
225
18
112057
81768
69
109189
592
132
220
87144
85280
29
1781
185075
37445
95809
243
11234
202
156754
66541
1298
178
269
304
189571
307
69355
148790
22007
57539
195
32989
79930
7165
63918
88
279
150
23706
52
130
99978
85
17647
92
266
111
89
26
19283
207
5352
36216
8709
2080
84038
128
62
22
26083
12
188
18962
9994
43201
82071
123003
24143
143776
129
112
89
4732
198
83
82810
81155
217
41284
215
111
32930
3758
106647
15944
145
75058
160
131
225
50086
82
23371
20243
109
168
15
277
1218
155
47127
42227
193
55665
22730
62557
60
261
63419
187784
282
169473
235
49488
64
266
172284
256
3898
4542
63363
60
204
83626
56938
34
233
45
7963
50242
167
204
19719
7144
139
64
53
6185
91
264
12510
18552
237
229
16714
61424
197
50587
2152
59347
47
17
91813
148232
273
15
73
2028
66850
74312
18
222
111442
27151
109617
125425
32709
7748
133903
33
51280
137
43557
5039
51
69
23022
38068
41725
22801
57161
49184
348
198
30002
99
172
70066
295
128
18471
164
46619
22550
14550
38
58
221840
93113
189
13667
284
149
3531
32686
121384
153063
257
93
19415
1890
2995
3802
101642
166066
53
30
35463
113653
274
36
114
266
34374
203601
160849
253
298
9315
130
272
67190
153422
9
73
145
196
145
6557
183
85
33170
72871
13263
72808
14277
130
161
31
197509
125449
23129
288
35
48716
61178
34497
125
217
80572
285
1348
43540
84695
222
49858
88739
268
68984
31441
349
125872
53
17408
84079
85120
170
303
235
40
8298
3
25798
58
242
36053
85572
25451
23
3516
28223
133
64
211
121
82
186
105
9
93
116910
27879
2222
484
9383
4257
310
609
34288
5866
10717
69
14029
5541
16070
54044
100018
55058
3760
59383
115
73687
136954
89023
1
192046
111
324
131
5647
26064
273
19139
170
30650
39068
11531
58447
192
151
101
199
126
55061
22
45561
302
303
8232
135450
173428
69
74
114
45800
188
11117
94
35
24421
43024
13689
42
226
73295
11817
29
143770
289
154799
40761
66508
42643
5715
19645
118496
28163
301
275
9198
72
15908
260
65219
12169
33
153279
143906
286
203
165
273
174
126750
117637
95816
157
9547
274
214
270
254
114
9014
157282
5657
49022
72316
17
5301
27934
296
192
236
108993
197
248
77436
141
295
267
280
51448
236
170069
182
36
17
60
115847
224
43107
4
210
203
76741
276
46185
99502
171
2228
106842
43425
78270
12267
203
3
97
131
33970
38389
3848
285
45
194
61
62
45363
19271
79972
43
135
122
5
74
117668
160403
345
156
29621
136
36982
108
3
60289
291
20018
5899
56297
105
8117
24
61274
115016
44
27
323
58463
55048
71
26958
90
24173
123
92958
19447
98707
78945
79208
53894
181
95
38786
41694
44725
67776
102499
14199
294
114
132
49459
158789
303
170
7
196355
147
126
244
182
87
247
3784
219
153741
2
5529
219
261
14958
45366
2555
91260
145
31494
80016
18818
117569
11
8427
57374
118830
71
217
127
175
181
83835
66433
92288
60994
193
80611
230
83369
217
5684
41635
291
43
57413
166
212536
189
15876
129
4795
49931
19210
146589
24
124246
307
51945
243
45055
68835
26893
35471
5256
78479
349
93
164
15845
78626
3541
62757
82
205
32
114
48676
100098
224
29422
6013
84721
251
14
115545
63
106
56039
9
107
14292
112810
138
103002
115934
103728
119
167
167
181
116413
31706
9
140
2167
346
38963
224
315
67303
1323
168
173614
126009
133
50
100750
95
115
3
258
33
98
10
3
116763
129643
253
46
17464
134670
201
141
135
52490
24
6
89
55886
111124
24
64669
147470
112381
126
51
150
167
123
34
135279
29
157
298
31
281
266
58
99632
315
54
90275
136131
32064
64
126
33785
87
43338
134
59974
95930
83
198
39842
19
62132
9036
39619
146
29929
50
38056
64381
9
82
26901
1219
26
137
239
94
190
10544
29071
23631
169
299
128187
19269
113
71
37338
32750
4602
237
73
44913
19
115111
5181
65
108617
250
219
91089
100
295
149
206
1477
25
199
177708
52757
637
229
176
396
46303
114
107015
233
3288
161
3821
191713
18647
308
218
242
47
277
21
1276
105218
127921
33283
136214
9876
129051
165
88
295
2480
165
23
187
141
9362
66203
9318
48320
5627
82793
48819
1
77798
245
89980
1743
17667
1506
75
31
15895
185
54
1
161104
15322
2575
141931
311
160
203465
79
43626
76457
312
142910
261
59227
137
11412
126157
14307
11131
5
122539
113
22
15559
80
228
38
20143
261
84837
22779
118974
28153
175168
201
7187
107931
92
30803
20
84007
90693
79854
172
158
102294
10865
98770
125085
168
133
18
50
66102
79
99
150
47886
10650
46166
31
176
81301
235
52
32245
213
60
147
26523
160466
391
22
1
61921
16005
104
36301
79245
184
155
53
169
18322
296
5922
209
8035
129918
201
62
232
266
187
4791
286
193279
286
146022
28443
72945
16751
42280
100
144849
237759
122
108
330
83912
194
85742
31598
124426
143
277
53921
30854
250
86063
126216
36
18692
152007
82659
146
171820
59030
174
9112
221
42
27377
132
2142
25
338
82874
339
208
8175
173
13098
39387
60607
6420
279
172788
142
63168
264
145
54084
71
12487
228
144720
20580
54
31108
182
231
114
192
161
131137
49922
272
169115
3
106221
56052
10318
175
648
90
98502
63488
294
2507
41598
43
81167
98454
293
13628
57
38100
211
1035
87
122637
85314
34468
40
3394
16742
54419
321
9300
182626
146
235
204
112202
5516
35
61125
107
205
248
252
7732
105
44024
292
171417
344
15396
18921
130
46
268
65334
96
12796
35078
171638
41098
364
11188
160
36
45503
8030
291
243
16193
1723
24819
66537
50868
49896
6964
173
5531
965
139717
176
156
37384
116
180
131
1681
181
89732
232
34103
174
150643
148364
284
42253
244
133
60482
26469
183
37544
37827
123
178
81
170538
261
115215
103951
17554
42216
69149
172
8886
1891
71723
200584
5808
23112
1017
275
1375
179
71
85
115927
517
19
14473
111
80952
93
86
164033
244
131
21239
67246
185833
10948
110655
7
129
36
117502
131
228
274
223
18631
191633
51039
92917
7517
60330
12
171686
104391
327
60
76230
34078
49410
143188
11306
73838
65945
101
26700
175159
160497
134
51709
15882
41
202
42
47694
325
12812
194
269
200
269
74
3021
62494
76
5947
53909
23066
246
78
62
2042
84161
12185
27459
24797
74
56098
225
228
42
26964
200
79
24057
56003
247
289
36
140
113741
8
6
108600
93247
77448
188
147097
18
144130
72197
87
31
63139
209
164
258
181553
60025
261
163112
71244
23706
123
13669
5916
36080
111
51
134247
31
157678
296
246
31936
96303
238
164648
74664
18726
241
234
29
14604
142797
2612
54929
88622
33283
111
278
116
76861
8033
69
311
131
36
59310
69132
123681
307
14124
232
11
13333
144
74673
132
60860
34
270
107
85836
32700
7039
33555
27140
227
27242
148730
55971
3536
5
14030
134
89
8980
53
229
138
1927
178
992
72
250
21446
31
39
193
44
69540
45
192040
83338
6965
57
161
84
102100
39464
41
273
9485
18
90
53815
18300
30
26269
92938
7904
19961
190822
60427
241
1
61
144
12885
111
2678
67138
2363
19
145
242
119050
327
293
1080
116559
174
330
175989
165642
50737
10374
329
871
29
238
111998
9937
13
35
39
495
106153
287
15
6
14657
33872
222
313
107684
3573
31
18078
8162
67
59
3154
36
78143
123471
38843
239
7722
9339
34000
51
145
76807
142
96
359
65
33453
41655
5188
9357
97382
9
101192
8701
15558
338
267
80
62
138
328
232
286
126489
82
6
93
18151
240
138
338
26230
11
22833
140556
79291
38196
123
22804
92034
232
7666
62
34261
39
145
92213
28394
20865
107
74605
38997
83
68414
70603
48
225
204
10035
232
292
20475
111
190048
142149
92
127
21505
54
189
109794
1624
81
63884
94365
20131
138381
108004
408
1972
3901
29
57098
321
68353
350
213
27248
296
21409
3977
111074
58
29984
14897
5054
48651
205
112
57171
14079
307
1426
39835
63
102724
263
108
10183
45978
75
3295
120
36046
155
104692
18
36377
47
194
34788
200
165953
137457
14033
69477
59025
350
6161
218
34967
34175
162
2699
50519
18673
5963
237
197
19
22
24794
247
39807
3
102449
78619
4713
8982
115389
10
71
91
44511
285
66
203
95512
16461
78
209027
5226
144
12617
5517
37686
15218
250
73384
212
277
91
37752
218
60206
122471
179
38
206
28340
26
48
59607
64356
45
27046
28914
53479
6576
36857
288
80354
15834
33
177
256
103544
6431
37
23
2676
13964
13088
17783
52513
76061
136560
114
68060
44
46538
54
120562
6380
177742
27751
37351
167944
23346
44
40851
164
143762
41888
11900
28
55
65450
70400
93
22004
11362
157
43890
9353
129
18823
203
209
201
222
46638
104
9478
211
3448
84497
110005
114987
211
72
124878
196
216
45772
6
152
16
10377
221
206
155250
257
150
76016
43318
140
15205
2346
361
18448
68
335
8762
1235
43
58
14481
18365
131
116866
37321
228
137
58326
191
20315
40
52119
8218
304
127334
89758
132345
169
114966
23812
55088
111917
11485
334
260
54214
15504
39880
49
246
31
55844
27894
159
1
18599
63
70
17986
83847
36138
182
25600
271
55969
751
258
69469
126792
176
85966
60318
99
22
167
184348
75935
31239
109247
107
102662
28019
210
152
29137
15
90
15319
66696
119
39682
38948
65893
126288
92875
267
119
77428
89
149187
54575
167
141298
3
174
45
185
59
301
57
191
101329
5670
227
236
1036
154
204986
17294
82025
281
27217
25460
32082
155112
55686
55
7659
283
161
169
10522
57763
56787
25
7630
208
79792
121
17109
129986
80
114574
213
9433
149
163
20
8299
165
128697
112
35
3
109
220
6135
51178
2679
213549
267
150
11448
36
40696
108
17222
208
25653
23806
150
18374
154
113
22284
6788
1588
187671
27297
35112
5696
144341
201439
69144
46477
146372
136556
340
131
582
43295
125716
121431
110685
2726
59755
5427
100
154970
102
24614
128
94713
28
222346
23854
16324
95
69616
21
47185
28038
213
16717
221
27418
229
104597
30
22
144962
77351
13812
3184
69953
90
156
200853
21211
6274
28814
149123
115055
179516
29
92
37
1845
215657
59960
179
58103
161042
111156
159337
14263
7662
262
349
102
56823
55727
187
51905
115527
46787
120
433
169
83
93523
285
248
222
105990
198
21
254
223
135
6755
154
136
106303
112
4784
11343
14486
251
1089
65290
185
2
76175
2
79990
128
26
97496
1105
45512
12192
7280
33577
231
217
64
184
163
21863
73130
249
50961
122
198680
124
188
116
5018
150
144616
26601
219
208
147
37545
54415
22
85424
97754
38196
16423
18710
11
235
140399
49074
157
31475
148
188
2351
34922
209
5
84652
238
97653
221
233
123741
14076
640
110
275
60505
46691
44
13449
99872
134647
42
209
73638
264
96370
144
182
302
268
128645
63962
37
86405
197
21
207
169
27183
61
148
173
76543
46
198
60232
161
5535
112
1
155
10434
68441
113201
231
50326
4
6404
22
313
95331
70744
10326
96
22073
26031
28185
90
95005
262
7631
228
40
12345
134125
23364
156951
165923
58172
93783
171790
73061
126
13821
247
19552
140695
27808
87026
38
140
23992
9477
108
200
325
107191
217
229
305
41692
3589
33716
149674
6996
15715
5664
86103
161
113
282
59099
53847
33112
111
144
173
5759
233
53573
55817
24844
63842
185758
3
92617
103498
2050
108
35703
93722
115550
30715
33
27296
135656
218
55391
28955
309
12497
183
63
269
56899
28193
105549
189
96
148048
206
43315
15
4269
272
87151
228
8193
46
12254
61988
115734
13602
19731
66790
46
84567
91754
128469
121
158
120427
277
113
274
41732
93
30826
31
40515
53767
239
4555
256
54650
96
181602
71
121
146
108672
196
20445
104
26
159
75570
87347
90
112820
26
29
131397
102502
105
138560
19933
57814
168390
306
192
18
123
331
259
148
141
290
11612
2228
38169
47
212287
106277
140057
178357
173
76063
15432
2404
21487
327
3617
1534
11763
172
169622
228
84
7554
41414
224
108
6237
57656
54
92406
72533
15
109821
128
14575
132646
56600
37355
50058
52835
97021
11480
159647
81
79673
42086
237
6417
151922
7759
10064
2097
112
1536
245
85
77
268
605
79781
70884
137
1649
93
72890
192
304
30
100
23496
47
46872
1557
34100
36
152
206
133299
215
21
36
255
28673
113
196
40262
85914
15057
347
176
83739
144788
26957
215
253
395
29279
108
103618
338
64774
108895
41
140
4620
10
147400
140
1
104
259
48
51601
163
36137
129
196
3192
3280
135879
137256
91496
32313
142
193
152970
162105
190
157617
40
70
270
120634
68661
299
218
188
14962
27265
120
10549
222
72
69111
204
188
116492
74
14006
156
30918
2157
229
110358
89512
296
83339
148
39350
15
11224
167
224
102
62
7
232881
46975
127365
44
48594
279
218
207398
216
32
94818
148
55
60
97
84247
865
8
90616
68086
314
6418
121
123
33229
9014
25255
128
325
212336
156
4105
216439
88
94
41035
40260
21305
1
25538
52548
336
89
41
96
88345
59614
40639
27
38023
180
32
95502
168
301
52
198
34
62875
17529
111887
235
7620
128019
88365
175971
43
18632
213
218
69
185642
197
198
29258
73049
246
283
89193
224506
71398
49353
15199
9815
65
12556
28
6592
12840
36554
71
144647
106
310
159127
110397
22258
47003
124
158364
6259
33
34
47086
69992
20997
198
79673
102
96029
26992
23
264
10221
277
1554
211
271
106656
279
201
229
47417
175
72904
176
6680
200
168
131364
320
1819
66188
15412
59572
3400
292
39552
66103
241
174
128588
293
99532
279
167608
10485
110
14459
93544
86650
28
5
212398
67
3
271
57693
341
15
50335
246
18050
102
191
61
248
141496
183
54686
4713
190880
45
114
37
176
71442
85137
155493
1806
169295
70
12
255
143
33902
6654
25
61
213424
189
118
10778
47
68
217
81426
151
22
36744
184
41825
6675
19355
109
21
30
104306
50430
115307
51
314
243
135
237
136722
241
28083
73605
213267
95114
31935
18517
33044
233
122175
20399
70
191166
139288
59
16366
209
35
24146
1997
16246
72276
11
197886
133869
60270
209
52117
281
63
84423
274
385
11878
106
107588
115
303
168756
106
316
10
13917
61
176
39137
184
7015
63
173
42667
52211
206
216
211723
185927
121865
141
78
45
52231
255
366
3524
166
142
20191
179
72423
146434
44
54251
76188
161
46
166788
9614
162
29612
25324
161711
165595
89
101
137
143
68
91179
49017
75
62162
324
131448
151920
103
30
2966
51
123
125
24475
107044
290
181
74067
144
90
161
254
66
17939
158211
243
295
8969
3000
6288
58
216
7193
11960
35502
81
19375
11902
340
23220
170
1
34
49679
40068
227
2566
33939
29813
20623
3997
186916
23629
140091
69483
69779
290
140
272
7864
260
12483
76952
76025
219525
9109
211
7
67609
226
114927
43636
318
52327
42
175276
13139
18
81570
201
88
23821
255
6718
266
9496
20319
4
12
2661
15787
318
80470
51
35493
101428
1712
45569
113727
56948
10997
111
111253
137988
82475
20242
68
6024
11117
49
3573
8526
3948
3
37516
146
7826
52542
66
127
149
216070
38983
172
158724
109034
1181
116
231
13
11918
143
130571
53
9857
168
28
936
133
40
192
39075
88102
10841
64772
16
243
170
277
126100
19118
107
18105
105
334
23472
95
100937
3621
35184
186
158180
69824
155
52197
215464
169
2205
36
134
186
2
160438
122
210235
2
4
99451
256
191
259
164598
14395
20
356
13
149
44
66709
38753
323
1
150809
110
26258
222
30
99527
9662
84198
119678
225
178876
180
14854
4021
24618
9
145469
130
251
22
91537
29
237
8969
117
1454
30
88
4900
25288
90
106
44890
172
41932
180994
16
10
90272
8115
265
2181
87556
63719
12033
176
49164
291
204277
169569
113836
19126
59826
10460
11564
172816
170
70
345
14295
3568
7362
51031
6567
196
129
4755
96
265
113301
3986
171
29893
78313
147
316
4
11864
252
33
304
4707
6065
212
188628
92
136050
117146
140
168
160
113940
84830
65590
49039
4076
108
99649
52844
116554
95359
286
3484
5683
4713
178
14598
18357
17
91689
109
185
51898
74110
68737
70976
252
8009
23033
280
27370
31
217
161
228
171245
169
338
19816
19708
230
83
337
37987
301
26146
171
273
167321
1
13
138
83644
199
125
9123
163
102773
176
143
163
171
42
146615
6
17886
19069
13846
59686
7592
199
81
73003
190
30837
98368
380
124
18
18754
53168
42837
202
10215
123206
64558
12167
12
1
3
12312
144
164178
118
20519
126
3989
5922
21804
256
127
50
157
83
108024
5
3332
220
56
6407
28
191
191
21626
259
34341
56656
4260
147940
75
21001
184
76
3
129
48744
62393
20366
282
248
256
6
39487
77268
129
166245
3
13026
9629
57462
16
7798
2369
13
38893
30
223
70
124
197105
267
70646
12
52205
476
201
1378
76
4604
58070
101
2060
64267
147
27479
159
43678
227742
142
145225
33504
95
443
77
212
67174
15527
6
63726
92941
104499
70
130356
55684
26718
28590
11563
11729
265
136
150
50769
27178
131174
208
17
317
14405
251
87
39
142457
137543
220
11632
35
266
61414
91
167629
1946
130
69550
32
3033
100
176
261
136358
200
51256
44
33228
26542
97687
26
80
1763
173
208
24053
1463
112541
160564
61464
105835
141
14
266
44443
172
83
105
49
6217
239
47
31704
40383
126
232
81788
81432
13
135
77997
12775
93374
130
230
145
184135
232
214
24973
135
97
90
107
109305
40711
72
70
22144
173
217
39588
229
162
259
222258
36
80
48
238
251
146
169
163
194871
8079
29314
118552
9662
43
70
8107
178
2679
66333
285
2814
275
155
164
33184
265
137
87975
114022
180
46
32831
165
87
174
110409
165
249
281
130422
90511
11
158
33080
90998
261
262
32101
41269
98
47596
79
110
124
2761
118
34
36267
122
156
129
40572
301
83497
142451
349
72150
148
78071
35204
4789
161
36115
51
37780
123
23957
187123
90
20584
145
159440
12691
132198
32867
122
131547
92
97003
85054
170
210
80249
110
161747
247
97
9258
124125
32
159
105204
135549
189
277
62513
77
57987
109
10149
23914
103983
134
164
43297
37877
24229
239
128
149
431
259
240
203236
2530
55647
118
13726
98110
16784
12
219
35
63247
119279
130
3647
209
17600
125
64
4164
119090
172969
197
73
280
133372
20855
23
255
173
199
101
192
54847
1005
30
7199
175
1129
121301
261
24627
126
32842
4448
33410
15
95599
23
76417
131
41123
38291
28
38160
210
61392
167
220
95
26795
109
200
16118
144616
97
10
39419
85154
269
40
8778
50397
117
8891
76113
75952
1153
44
202
156228
188
188
72660
73474
2216
203
6
171684
108
3253
84525
68202
180
179
13023
214
101
17793
244
283
111897
169
172
203
20
198
25669
20
8795
28721
126182
168240
130
75
286
358
141328
147
105
228
103276
225481
129491
193
128
38766
57710
31
15
17909
225615
299
203741
85480
35
82650
21232
153
12
237
91292
25150
66
27077
236
11600
115333
918
10518
167690
94
28178
160
66
32986
202
168
134
12070
7832
175
4
147
46009
200871
52007
160652
273
44301
58
95636
89
127044
137677
6743
68825
34091
20
6
20234
226
190
3
257
4718
101
3
48120
3
266
1
107
92
40438
301
4373
22662
220
162317
236
43
95
29967
5363
54143
31506
22847
30
106
211
7
16156
201
1397
32225
154
241
40497
33
45
37
6067
304
69757
162749
53
192
207626
69537
64552
95165
115
265
153
62889
127666
111190
313
73960
24942
318
51495
2770
21
348
15092
53
158
98328
7761
67
17095
68787
30406
21633
207
55209
97
118968
136
108951
29973
211
170010
44
255
83601
183
138
93328
28
40693
119488
53493
28561
6567
69347
127
89357
284
42
56206
1
179
15008
201
19591
16642
202
15
74475
6094
17327
34858
1
103219
29
246
33904
7280
195
117726
74
86650
136858
265
78707
42943
313
116
3705
90095
163923
3576
157
5534
55
50663
118716
120091
26
168
1382
258
162127
109993
14347
290
7819
87
174633
17515
85306
8
117472
41
129
50665
61157
79
112947
25481
113329
18963
369
5159
97
258
69
129090
20011
7152
211
259
111
143
192
119742
54287
152
100
123
53
53248
47563
231
92969
243
313
228
78041
233
66142
53869
75650
248
29578
39104
180
165
145
5
41803
45807
207
73010
118792
34
61965
4233
90742
110
13357
199942
200113
315
57247
37804
49428
32
134166
76
187261
57048
33255
35774
114520
23739
21251
41899
2861
32903
201
67227
129
136
132805
142
16684
90
94418
6624
104
63471
43756
143
3826
73265
43380
20
121282
127
16872
3680
141
76730
44490
304
154635
84034
150717
14267
133853
6709
114
3196
3055
249
109779
225
33737
141
106786
212
189804
192978
67482
63936
44
42980
70771
41779
16360
4522
86
115
34
156792
16412
22085
8
43304
1
9470
85977
11732
96
63791
119
295
16498
9196
73841
171
360
312
9120
13552
30649
110717
54787
66
286
202386
89957
157
9346
282
31756
22409
31541
335
123
77611
30375
175736
4890
58704
266
187
85525
1
222
251
48525
5
134062
42519
103
163
22486
330
320
240
48708
12147
7619
18
48270
986
77509
55172
46703
74258
86817
249
234
245
56
114
12766
41399
321
143791
55642
60903
110835
29852
117
34121
1
28577
59857
101
51756
97759
31
36719
73981
179
30641
284
5187
68
9974
32763
3501
83
45390
15768
285
396
106964
95028
6768
23384
86998
76
1
146
119073
60
22395
50
25177
211
28659
230
13059
54
22171
286
38995
19
83547
117
220
295
182
199
46435
155
197
267
235
280
5317
198
8154
82372
69415
308
94535
140345
52007
14
118416
234
6
42
70830
80
88075
112557
30882
30
2775
71
10487
280
83
100734
1211
270
127103
15755
159031
91
7
85254
10
7045
89
200
67649
1180
98043
154
125
3825
6529
31865
262
52
14224
2088
177
185
29654
90448
225
76866
43449
291
37
64
97
81869
44
311
395
23661
97889
79050
194469
55814
55444
111
9
22681
172591
6735
133878
1
68
134164
167701
15714
72314
82079
9766
120
78434
10158
61
26771
48932
187
6063
1312
38897
251
102550
110
133
103268
92723
5
8650
91443
61429
85
32918
76586
163
214
93322
30786
216
197
20446
252
221
217936
47
6
2796
158
167007
96069
325
177834
2
250
79662
12767
59520
80729
26367
121566
162737
98581
33699
161
112378
27794
196314
35420
102
5455
109
65
135323
43
79
151650
18021
145
250
147137
168
19
58
149223
269
29
81441
243
106021
233
171049
256
23493
85
24690
155
60
11
30
30580
1363
46
96428
152552
20703
22
171
111313
104
58
144373
46
30182
23942
165484
13399
51
238
23667
77276
215
321
51266
244
151998
147
70
125
231
103430
123
82085
10
48228
6471
12641
47154
32262
193297
259
217
238
13626
54133
87902
16357
143
10189
115
102450
162
4683
149
38
19236
240
258
27368
49899
200
90
72
50360
39633
179
174
99824
197
1
55
120980
268
28523
280
12924
102769
3606
146354
296
157895
15349
1839
127625
29
127
77
129
16
8445
269
73
128789
56341
313
6159
81216
197
8038
17828
1438
175
143639
207
77309
229
7637
250
79849
216870
69589
19437
266
21
3432
35751
41
43708
56799
145241
132944
85
56567
7210
44342
68
39312
375
24493
14039
115262
20501
36745
160008
50256
51735
284
125813
52407
186334
14562
127
24582
126665
258
3
414
48
23880
266
159
13530
202
6384
16611
248
126613
102
144
260
156177
130857
9046
58
239
34241
24185
140
12355
181046
6
72441
45995
33
58239
239
185453
66991
144
75097
11
40279
238
158494
59
13
15
208
150760
145
94020
15816
126016
14696
13560
87613
37557
244
44465
184
189
328
79
6871
106869
90
43948
67765
205
5
198
379
273
2714
48154
111572
49
169000
95
11555
164
203
6
86416
246
51224
252
130
56257
116150
18806
99149
161
129
46
65812
67101
31135
2891
217
61
151598
137329
9616
7
94082
158
34952
28553
47757
39483
171
55
173992
114843
259
103469
1177
163
105
93210
79
213
54871
10484
308
61068
22846
107
120
99998
57434
211
16101
86695
33
199
205
30436
44531
65260
4399
845
76484
230
131
4
3861
39
172
163483
200
124
121820
31839
220
2
50416
32438
35
127
22001
30
36405
180
50
6764
177
105068
151291
15
163268
185
28
325
50
94
325
106395
136663
12
140544
34569
25581
60
175
7045
44646
35361
75794
35689
40935
20791
78
110554
97221
168
11005
25
12491
237
105
96902
116
9415
171
101714
7451
35135
17111
74888
4346
197
71953
62
87226
42995
13401
7233
75959
169203
3562
148
18
109442
75
2668
31
168
230
25215
143
29458
5583
267
27630
366
229
1903
29738
202946
13320
21688
73930
229
119343
18449
44
197402
29159
8
202
250
12904
40428
132427
150187
6902
34
233
57743
206721
232
47
38
43505
241
74055
37141
44504
137
120
251
13837
58661
13908
203253
106475
191
161
8159
84948
371
80
111
152
116355
298
202
17319
10208
63425
12156
222
268
13539
42035
15644
49273
86
21938
131
110
1745
17269
15389
81211
147
86
27643
88565
28
249
179
112
139
209
4710
122327
66
165
98080
188889
149293
163215
55609
134926
365
56125
14333
93
9517
280
264
145
194
5
174948
172
150
28906
249
148605
49070
1129
212645
4167
374
69470
127
21
56167
265
3
88180
78760
276
42
25634
217
56341
55
7070
191
10209
128
58
15690
6
78
41085
179224
6
36
74
95211
10346
128
91755
21772
397
3
56
118
10018
104
103245
69427
198671
195
64
203
55
4301
36778
96130
11036
39001
187
54951
9995
238
76796
146
99765
21321
79
165
78745
116279
137079
126
76
40413
224930
37054
1337
75
2375
37857
142243
234
157
66
192
24170
4652
183
2772
80216
5904
34835
172
239
125111
11541
140013
35130
16339
35038
313
328
9170
306
69316
51633
104
157
337
5718
3719
346
189
223248
174
1
86956
142
48141
4168
114417
309
89
230
261
144
12751
33112
143
153
219
92
89709
280
173
20371
164254
51983
23
96
244
68
77
24720
60535
81982
112
29513
1598
2
105941
103
37722
26
191
184
101491
259
10740
10
13336
86
10785
328
253
3860
2478
96803
82
32
190
354
90
13954
161
304
5715
34770
22
215830
282
112
3057
190127
106795
218
20669
85613
31794
10644
1586
56617
150353
153
287
123247
69172
161931
334
100
131
160
1
8820
196
3937
93
210
37934
116
29548
279
44
151
13426
18454
4832
240
57935
258
17329
4555
6856
16832
195947
16336
176
146078
6832
45
103311
210834
27195
70
5386
325
79593
199
82350
98
3
169
216
300
59
79791
259
29
245
70031
59
183
297
174
15233
37
26947
11431
31499
109092
3
246
21995
121
147594
6423
163
3625
119
190733
29307
156
11856
67
92
51858
13694
287
271
22326
70327
106767
35169
164821
151
90550
36936
179
84939
19366
149695
36071
164276
14837
10429
13154
54795
26898
59891
32663
145
144
304
89225
1346
30
3873
9733
137
449
62754
267
43473
95282
77
37
199
70
9620
54766
289
132805
211
89
299
33770
176
112481
119
258
20137
22
37512
201
234
12508
215
63
70254
1292
81686
220
59
223
68039
75
93424
121
67
6761
25
62227
37029
110489
3008
69306
155514
90
86
53
199
36009
244
275
136229
90554
14431
105
154
530
12723
168
43428
134
110
52
77841
357
42
229
75352
183
858
180
16222
186
147751
36984
6
77743
375
8
172
11482
88
243
378
17
159357
49092
26073
116410
105226
100577
74614
178
90
197
157
18759
101
120081
2435
311
16342
22974
14805
21624
280
90546
263
13
273
16596
156
20123
67
250
192
116847
11
29197
6530
4832
129
1886
15
37
19104
38090
175
86927
108
11166
118
79
47013
23935
77346
171
54
144
8362
131227
290
116319
157113
45
44
15494
59499
8389
119
240
52315
54681
45884
114586
73192
78215
104558
239
118
8753
39
11823
170
195
317
1367
8652
6075
193
84234
42854
183
5
70
64
120762
11645
52497
147286
75920
279
163
182
51
202
163
222
17893
205
191
3
23687
149100
36
174
275
84473
228
95
112060
143445
141931
18784
22627
94451
110685
177995
1
271
85401
135
40000
141472
110786
320
303
151
102940
180373
86
48
125
101114
17737
333
81284
1
13819
101
147
12594
120
124477
13493
184
230
51020
79
52
16360
34035
21
181
5610
351
25763
300
19751
114103
265
234322
163
39
35080
56890
122699
83271
194
32653
110
4525
185
27085
23103
99026
272
48
169045
15
100676
52543
5097
2207
53884
50358
50
214
75505
76103
59927
101
183
48
95
127286
108
31223
165
243
30
266
10
225
14
281
52784
89235
258
133744
84250
65
151950
175907
75593
30868
233
3247
223
95
137
3
61
54250
1253
148
75
21950
32701
146519
101170
118
4
9341
286
73130
81
197
43034
74
151
20
18388
199
39028
116
140
233
9034
248
110138
50913
242
133
214
91
44
55
4540
9
78198
191
142
119
253
60002
41943
121034
393
179
57
22640
6083
102
45760
55
31
239
120686
13
66
10347
97001
154794
93
200
11342
22630
40416
66
44294
21824
112074
67
4
77481
9706
70
17203
197
11108
85586
1485
147343
160183
65
8433
21
472
182
11
279
293
29953
37634
73880
198
31384
123
161
82
29126
46541
68743
5429
35
11
199
93
196
111219
51
95
40
40156
2769
19900
34
82369
113994
97374
26233
65004
37563
64799
15382
53772
32088
53
106993
5
134
95739
115558
6744
271
213816
154099
18395
155607
191
182
73931
139827
54242
96090
298
17014
106
123332
169
211
117446
67948
246
4692
71668
2299
96
23272
109927
164572
10689
808
171
10757
158
160
110
66670
22611
1
25
249
7
55
66
50039
121084
21
109805
55
10
86383
89282
287
3212
168445
68052
53
332
371
14
131
207
51
23975
9900
225
87
196
150587
242
23087
175
61218
125603
91
211
205
103
92847
143
280
144
1476
84428
89265
45
133180
233
128903
6
181
83
237
50365
128
33771
146635
100158
43418
3184
37
135
45
105
91482
122
181419
310
10616
46374
192314
118
22
166
66001
47
48
76
39527
146
82027
7901
9
39613
149943
63917
78947
164171
178
127
230
3635
80
54788
24974
178
45396
63
225192
174
21252
71480
106120
133
127027
172
25434
99335
88927
104304
37
13396
156
52206
146323
48
10824
292
52699
129
216
24
158
28837
24
75315
76
15303
78
56456
294
130984
9161
99
114
75730
106876
218
106122
156472
3983
65809
71971
67437
17864
50
75
166
5306
251
198
437
92160
54642
17423
85
216
117
93
123363
32327
50878
83329
295
93849
49715
4399
48
22047
136
179615
10306
184
254
189671
59
51897
53
36
272
3
31172
15792
20
36164
32
60935
153082
104
19
215
78
96
195
24981
186510
18639
212
39799
179966
633
11866
180
144
58
50
9
84843
1204
14848
40555
120539
267
131
3907
2459
14916
622
36
115
20197
215
45557
261
124065
43277
262
107352
62795
163650
10591
86
47568
30464
138
223
226
227
45228
99877
127599
11877
51
100589
36004
9
34383
127
63953
58647
94128
231
84283
4841
7943
73066
52610
1064
10171
123
52582
30
200
70202
191
4
112
125352
107
119485
319
72499
140
880
117786
224
172
47245
7022
119
39171
40448
48473
271
233
8
21490
212640
11702
2727
237
9463
52616
281
224
243
34
25469
115003
97699
56280
109345
27046
15645
91059
177
53
217
24624
1
78281
84483
8325
218
115133
8
31274
79964
131
17986
117476
35304
155807
39024
7337
98
32
151
14872
23054
1745
13471
161981
29
24980
247
73450
45
187
78781
11608
13431
17661
137396
3
135033
191
77700
5885
3444
254
40591
23
11695
23499
20
64486
4301
133
162144
3848
188614
18
94
42
186
438
81703
6052
169
122132
76726
338
252
84660
114318
326
79819
20316
149
17887
2936
79751
3
128
81
54
166474
122
58
40
27
193
16309
228620
177
22835
275
147
56
97336
114
247
76223
229
73534
138389
118919
209
121
24373
142
80349
10061
138
409
118010
55
7816
45
123818
214
258
3609
256
228
99461
257
70
18661
69396
36
7091
30254
189
114706
10
24447
33977
20229
175227
17972
36779
117061
36
2905
104
24846
225
118
197
15979
47165
32156
78450
126364
160
46
158
35789
18822
135
146862
27466
294
195
296
78222
134
135
21952
213
169
104504
63532
262
26453
224
29609
13763
28071
225
90
122536
132
99046
4516
21557
97795
28868
134489
15
61679
6
295
63
288
170005
6174
8
8056
16570
83
228
148
204
207
97503
175845
115
246
57314
301
35809
30
14802
143825
1774
1
115679
99573
250
22
96
43512
36
8738
308
71
85076
3
33070
12680
179
343
43
39600
133964
61235
87
1645
166
94347
7346
329
69069
104375
78753
214
317
28132
11614
17
25553
11170
629
173
5242
43357
59455
328
145544
92180
34816
116
201
4715
197
134458
114872
189
20247
200
7024
184814
166472
335
125
149
20848
42845
106
23444
212
316
6
88409
4812
12716
15
339
105
35718
27069
58
13990
142
79348
20
17909
142
269
7
6502
221
101236
155
103014
429
138874
54989
3292
134856
129
118104
250
195713
93005
1977
165
99
80383
90388
218
8334
1832
134
200
67
236
273
67021
26729
101709
148990
26
1812
347
54141
53
3449
17985
231
92
3
9949
108
17
204
110836
88790
213
189
148445
38
51
244
74257
189633
86998
166
174
87837
149185
5345
252
163
27496
133
66033
258
256
68837
30230
73667
105236
112662
74814
97714
2568
204
10965
14503
146
69377
31789
77265
151
121597
205
27
262
160475
117
60391
187632
46
13615
196
73606
264
58
163945
10695
6998
21
12329
114
129
222
84620
55
179050
177
118774
197
81
4700
39027
53097
208
1427
278
12216
35
102635
200
77075
75981
59592
87
28
3994
22
2773
4385
55
124
66129
55
14
7096
54
42395
212670
42080
102
12800
229230
212
29557
11037
86294
43974
28
187
44042
4481
171157
236
13894
68163
109474
32449
20867
53527
326
80800
25315
86679
190
39
16018
197
161
6
172
8834
51546
65
103
54
80159
78
59315
183263
174
85
186
163
41829
10090
68
258
15748
272
270
21788
191
6
97
83973
50
40683
10074
50
22652
189140
50
167
3
31
13
60978
79846
23
295
163584
361
2162
37
150
157
193008
3034
488
26
145
31680
254
72
92166
26155
287
224
102942
136
184
5348
267
15016
334
6
26855
29403
162
81
220
166838
45215
283
5047
66085
174
20595
198
189
148
143769
1704
69342
32355
85
28642
194753
12216
16068
36
8262
3
85267
212
46627
251
195
8132
186
248
15540
14678
1408
4337
318
3559
252
61827
5071
9470
227
1
279
8924
34694
25
56464
27
188290
53385
149
63
23
203
16776
2265
166
34533
39
4390
47734
186
46998
119
31502
3
108
240
42734
131
159386
31783
47137
145
159
15399
42749
133119
290
150
167
126
106945
48
56
73
92521
179
264
62
49088
70966
22007
270
207
3
10026
211
2789
205
92
176
52
151
94078
169
124797
98638
273
81095
272
35488
231
19670
8158
5759
236
85465
81599
74
237
122
15678
191
238
19274
224
4367
110622
241
25588
2941
313
175
103930
5404
46934
58629
86
64438
98991
142
12458
12526
172
45033
242
58769
2927
1271
105587
84
26559
15921
254
118053
41
115243
193421
3587
892
72868
55
91809
181
218
28816
70
9373
219
178
67
289
54717
123
169626
138849
286
148302
109218
7623
48
10099
59661
163
184
137
58788
269
11362
19
110
145
38
152
190
234
57752
41380
33682
68999
195
56
221
244
112276
59291
48454
98
16428
50215
70
71658
192905
393
3018
72
160
1
33
128
164
81
160768
35518
216
34718
163276
81642
72580
93492
12125
208
42792
270
250
216
67377
37481
497
144
66
59
111
26040
10454
2710
45
129907
3344
122
4379
47167
58878
110
55431
184
32
102757
229
16
2927
112425
138
189724
94298
47
23
23981
1125
246
156
170370
158
37712
24264
958
84
77559
136
15436
41
196
9100
21472
196
242
132861
16
268
44477
245
18490
43173
19591
86
133806
12715
143
75
17597
16218
4135
55316
24579
4387
36
38599
148
64762
55173
133
46942
8353
39574
157316
11927
81245
130
128
164529
169
134997
223
51379
9022
3634
167629
89491
393
3387
181
60101
45994
684
109472
213
34735
217
81
209
125300
22081
26558
225
62
26
55068
27286
164
208
243
18
212
312
199
213
33
131
144
65
12901
16
18337
355
117202
183924
41
223
10459
8099
37042
126942
61
138
28
102685
129612
6299
49938
73677
3
31
117
255
266
27359
292
179
146818
315
87
185243
56931
200
108125
78
60824
64941
25
23
36204
167848
3525
155952
332
18062
57
71891
30294
182833
111969
244
261
22500
204
148
6243
33
2156
47072
265
59163
200
3948
249
413
18974
174
44848
796
4688
777
148
51
190
6
47
219395
10794
166
83
139198
32
4419
8093
434
169
54
54
47590
194
7423
41
127050
34094
77
40610
90628
62780
70641
193
256
119
141752
157864
34456
104972
52
141
68
33440
1965
16808
31059
3
24
270
75031
130
21472
52914
198621
4
85
18578
36
21598
19235
205834
146
28787
4395
242
219
154
17809
19764
58
17263
218
286
24724
24559
120251
55799
124
201680
147
21806
258
150268
7973
5607
2017
32811
147
118306
4831
105330
171
254
152
5931
944
39
102068
3
3602
20939
67158
139
125
85352
98
118
196110
112
175
251
72
84
49415
1063
178
54007
11793
7054
175
12
6539
40
37
30952
138706
15103
2732
14917
21205
283
101
64
103255
243
285
151
212
32118
9320
12864
186
260
154116
102
179
79
241
263
54
292
374
9
278
79720
7515
16
256
109871
55376
187
95220
189
100300
62
146875
2974
11320
12683
21530
96034
107282
9502
70
52388
73
47188
14041
76
76278
134526
53
21
35924
288
144
87
258
106
235
59
10119
193
145
58
19777
50637
89085
169
43736
734
177313
49030
223
88232
306
184
81042
191
175626
20733
155250
149
371
11708
184907
53
1202
64
575
142
76
67697
262
227
14588
550
292
202848
76
33612
43
208
97
172885
51159
280
51408
148698
175
73563
60423
146
56076
100
45
202
44629
2071
62
216
155
11011
145
92858
105369
43
2826
25951
3931
171798
786
1
162
5795
140672
259
155875
125
83
42618
24
136
118
4
73841
47861
39452
14141
338
36714
92013
112
132821
183
90568
6535
202
38404
20723
52309
1
13258
217
58971
249
25
171
85294
1407
178
21
160
95090
3259
207
12509
6588
96700
1240
20556
3490
126440
14821
5690
142721
44247
11922
253
9
1
78781
171
49858
34614
49
187
139258
84237
82
109
130
74265
54
123
60051
16911
189622
107
2
36982
108219
70
52975
68077
301
19378
91777
237
47584
45677
212
104365
162233
38
333
24500
113551
243
38
63693
173673
39
9264
33504
69081
125438
44017
42228
32999
85066
4467
67185
90548
42875
18
257
320
3266
82892
17543
60519
12238
28549
129945
152
131
230
17420
21605
317
31249
67
165
223
23224
18029
21034
35818
284
61383
98
86195
161
101569
222
13387
59
57725
21425
68987
19886
33435
250
51264
3752
189
11318
89602
8859
37526
84
183
163
57
4160
196
39
25
28848
45263
13386
9
203
164
16169
77
17
125464
135
52
110
212
277
202196
231
167754
54956
65
11239
78312
55190
3538
190
29773
144195
1039
93
300
19348
113691
226
17311
198
160
64507
158838
12475
44
78
81299
743
36103
127901
68911
18487
60
116
43808
32424
58103
27
105839
14
32920
16252
108272
288
10
328
39708
14201
6
308
303
147
58
234
43668
191
18905
111440
89
113
126970
167
51719
132
59832
242
282
53947
4030
244
23497
302
20924
113671
63576
40
45
39
242
195
9111
25
2357
114
132605
107169
34
40115
46941
111700
314
31689
196854
130649
90958
67137
67772
5244
26596
11795
2780
226
206
173
43
34
54139
235
315
205
163368
1296
57797
192
201188
181
125
24
9516
152
201628
54
79972
170
162
113
143
67330
269
80319
125
66201
55830
79017
49504
92681
123
64
14120
12090
39526
10360
44179
265
152777
39198
161690
20852
9490
268
24
9
125
89828
2251
9491
68609
17
118440
16893
103065
71
85087
30996
51
2488
46113
50366
55840
218
97
173551
163533
194928
103
281
354
27204
19
297
18
99
52104
1302
15206
291
132
10038
15368
71893
66
6945
104
212
66
103716
71973
20978
130
62139
93254
161
174
231
258
144
156
155
254
89630
79
44391
196762
118
34436
166739
101
8
58
72490
19666
3939
102505
187
8067
146805
70718
180757
29003
53731
46312
166796
203
144
2175
8998
336
241
315
148
91631
79687
26
111370
92822
142
20586
31201
165
130933
96
197638
171
313
4
55
59968
57264
32818
19439
45
95579
62
20955
95
87243
90388
30930
63242
106046
24207
248
54938
1612
49
90514
35
126
13144
178
40170
42372
70494
184
44831
363
47499
37173
20
87259
17451
1
46
173
234
25354
245
275
31232
89
74
126
86285
151
80679
105405
146644
26
60
1
127205
36031
111
5971
138799
21
66
23920
122
28464
292
270
59886
55
35532
73
58322
131
222834
20549
82
205333
102741
72
51329
173568
196
104768
26717
1
75805
59301
208
21926
63
288
175721
222
243
107
93
113978
122491
6284
248
145050
23730
9752
79895
62019
5
5260
62
255
92582
296
93
37
82
18010
19271
68
161602
115
1027
211
23879
68
153
258
49
49030
111
109
169517
27291
30775
157
96586
169
149
7
19206
179
125316
10509
89
74
2327
21160
203
230
150
257
132
81111
194
148
28679
136
140
186732
8726
321
224
32702
100
16991
1169
13231
36513
74950
10113
108148
42951
256
30982
29
24056
200088
323
5511
34
80698
30779
20
21184
212
56
183
63835
5154
197
405
1943
83374
125
104
229
26762
85958
223
107176
77345
109
1997
98
71813
77247
212
44055
296
29
7
86262
204
59
37
279
38328
1
10137
227
70
311
234
92
19259
51
54
129
125422
397
94154
115
20066
98966
173
266
138
124863
181228
104043
171
148
1
63359
18648
254
26
82
10590
106726
150
2311
36865
69355
137
1
197
15
161979
14956
20487
146
104
32203
42
69
299
74
238
105622
11239
187
107139
17
128
6
135297
237
12
118
32
77643
115140
27646
146
43997
292
140624
15073
12357
250
1431
129
80619
242
17418
115733
234
130051
191749
135
250
85
18
61470
3219
22494
239
5647
337
175
25283
164
70
79840
77804
183
51080
201
4976
237
45027
71063
38870
18522
8394
25233
100
29
148825
39125
45347
42309
6
46239
98
76632
11117
17742
163
66763
248
24695
129
7894
83
83182
106479
300
26
231
153
55660
11544
59
260
102119
79601
3
152989
255
11711
85
316
227
201
143926
57083
3
118870
143
197
244
307
73087
230
56
30817
151
10792
97188
104
79272
9700
85223
116071
81686
129396
69532
74
5357
77347
211
93299
59669
276
175
144
186
19030
53
15587
21106
65711
186697
11
12037
107050
120
162
143
161
13305
10309
68351
278
20
24402
42960
229
72335
146674
53914
249
25
162
250
265
79
34877
200
114510
5
7
4567
20846
39583
51990
174
17909
95
7604
65063
83140
154270
278
124
20692
80031
39854
69277
321
76622
51693
79985
215
78434
87
303
17674
299
137555
28239
5489
90
22
100
238
83988
67
45524
44
47378
63
59176
196
25829
129917
19959
38805
9
65
380
144
10020
85413
43131
22155
40028
61304
34522
89931
10
705
22146
82
199
168991
115039
32690
2103
109698
338
27384
33090
41675
84467
304
7158
57467
62578
178
36714
362
146
29
121
42470
313
95
19828
70460
138
64724
177673
29708
84032
29045
54681
1394
71240
95972
54827
117001
343
95350
15820
150
87721
139009
191
63
1232
25
141522
37338
14378
113
52305
5265
23597
201
67
92025
100
321
13584
162
5977
101058
66147
226
47093
192
7707
334
21453
22
209
112
2807
22
178
218
49445
187
106890
16486
180
205
23480
205
21639
70979
105935
197976
28689
1508
194495
43051
67330
166288
857
32789
157
3
260
145
281
231
156510
110734
157248
153
3032
33178
33
258
2130
290
135
87539
72
43641
155477
233226
8073
37462
12984
240
136545
272
6
42339
115
3
74
10065
14433
91133
63
279
24430
61526
76537
82653
129751
125
126575
22
111
25372
2485
158661
29
125682
67107
25062
287
59
11555
106068
313
104143
181218
42421
155191
12194
14933
123099
1
125525
288
49788
8329
531
189115
32
206
151
68484
414
53
92
9031
13922
106
32026
15765
89
242
10801
70546
1978
45020
33417
289
850
47442
103050
46
87
149
267
101541
114237
159704
64843
254
114853
7324
60759
44677
245
19842
289
27
193
5031
38
6465
91
25582
71330
74300
218
298
266
51633
4553
211047
234
1227
145
5819
105
164
48804
126458
313
27479
234
73
198
35
28233
11106
71
127
42
52264
193
44262
227
67
3135
66281
82
130
69864
121
94648
76236
1
186
344
266
206
57988
51527
99
153
42487
53
85139
74325
132437
105
63
28005
166
106426
32889
90
22794
148
31106
120
30184
195157
49751
48034
180
68
59870
174814
26
16682
181889
2957
169
111267
3988
256
137436
15
15556
210045
134718
267
123022
2610
97982
227
180426
283
56667
34306
45295
285
42493
79
356
16855
6
2392
246
92
86
213
153
298
31
1
268
20038
105
6
208
7943
236
210
115540
279
111057
177
79329
141
75
38281
6932
16
29905
165
266
40
32982
129105
13668
63747
24505
2359
78
39582
37
78907
184
1110
130
124
110961
109
25390
76208
129
24
5123
198
33617
58
109888
136
246
12256
158851
4
242
55145
291
33527
337
10680
94
280
90462
30985
116
207
166
188558
12207
8778
220
22046
36951
216
284
193479
31
71180
23799
205
71646
29161
30
207260
247
131
105
161
19
169961
148226
127941
152
218
132993
23322
11484
29476
207
92091
52
30554
180
46707
101589
36
22
30089
148090
142283
139
56634
2
209
40
25875
111148
32148
182
46138
258
50566
126
201
185904
175145
66548
20517
110
275
6292
39650
298
57322
33782
143180
19
104085
4528
144949
238
19939
1864
226
5616
81169
294
691
30409
49
38
94
220
299
85
2920
111
17886
43
103831
5696
224680
69
250
28
283
92058
46332
409
4798
45588
81124
217
39454
185820
88427
36865
68926
191
46788
215
46935
65087
64
58248
20062
1414
51429
178
228
166
12
121090
2736
7118
83314
32911
48580
20689
180
71
62314
56
288
15997
142280
170
284
25888
342
355
284
171823
400
73
277
43856
22980
202
249
231
100414
153
63435
79312
159
15
43124
257
70
152
18257
104
111553
292
70186
258
161
138
170324
88
156
185
8141
231
189
210
220570
136
142
277
326
170061
56
45575
49533
17350
250
7673
178
6787
100205
176
59620
107
313
199
13914
170
266
30734
2216
204
60924
72205
71
83267
98065
126136
37083
192
17481
64
31423
169
114
286
34908
174
110403
47838
180
48
149
139
18321
49322
51341
104654
154944
51198
147951
115
241
294
202
269
344
12848
121
57
119860
343
7072
14640
55710
5493
152
13340
3159
215
79675
107
50510
17
5998
52221
50375
2970
55085
234
37
15699
114
114
45553
23323
91970
261
84
241
1981
24265
228
2739
254
302
7405
310
77334
94166
92318
71072
157
34049
40364
172
147
119364
280
88352
75
42247
95640
67
91
22
48174
160027
24
11271
89698
123
173
122850
12
79365
211
156
3520
132401
13000
6837
231729
112966
809
29895
41956
65213
142199
173
23283
234
4593
66842
92593
194
116
46499
4750
147179
36
249
12303
74463
120762
53092
117690
29853
155357
12742
9
248
218
17907
139
8401
6510
36437
2550
75
175
291
146566
198
47
155
50422
15622
49
89675
200
122
121
23705
122314
257
123
247
125
149
24725
4350
10891
54
54
148425
136
163
20387
113
55420
2139
46
148284
211
89
259
16841
26958
94
49111
156
30
4407
131
183
36514
89
16598
326
97
13
118
4775
3
35767
111
14
160022
29828
28
2077
238
452
24516
186
89206
118530
228
108
96049
106615
17496
98
16444
1183
78
94753
48
32
264
17
195
46685
43
4310
140
195801
36067
52605
172
36
149926
109
85628
205
27
121
70809
218
241
76
10974
15912
68946
232
164
243
48931
288
246
60249
247
44147
22
207994
88737
87493
197
260
177
135
182
319
92
9826
111040
240
72897
60
50986
223
93374
334
89
50887
18247
120
107
178995
19774
50
2705
222
266
120162
148
250
137348
106946
24082
177633
234
261
6188
2
183
167
91388
39220
181741
97317
42210
253
119
72
52118
8307
52
274
97848
3562
187817
219
75546
3632
22889
134410
21047
158
69098
95776
104081
171748
159223
59542
13767
239
89058
5057
262
30850
13
5638
104610
198444
1820
32238
289
509
128
227
116
31697
114
29676
196
245
15047
48299
27196
289
505
163
32532
74411
15743
23923
21720
45272
104537
47775
39147
28
76
66653
20967
33243
37
3019
63854
110
8354
327
46
55594
80883
178
215
10551
143980
156015
370
38
33
61
131997
7207
165359
36
173152
222
108
10485
253
116
147526
126880
109456
196
77753
78839
132216
6866
8203
878
33
145
64205
36030
62
15834
20285
143152
27
11488
4497
86418
261
172
162633
298
70691
13445
238
31085
46198
181648
138
17692
244
101189
48103
52611
176
113
188
95070
87
54933
74807
4821
40703
65708
183
155103
240
225
95311
266
378
30628
125076
27236
264
15821
98736
11408
239
130683
44
83282
97996
18089
9409
127
140
54680
35910
46
185
115
200520
196
189554
14064
21943
159
27
55507
77968
215169
251
86
73468
199
127205
14241
130595
32466
257
18740
258
34160
84341
3177
259
63389
10052
40265
213
244
197708
118641
170182
11623
47733
40451
242
179726
111
19740
264
21830
1379
131
73182
168
13
42281
236
26
116958
134879
1104
24721
119
21871
25165
107
36115
144983
137
223
40848
11889
19001
97
61
155502
253
4
273
275
127
74976
43349
733
297
104
54525
66303
22057
47
267
243
175885
2
51958
78415
96
97
128
198
15296
51856
26406
41559
15
106
116
138380
238
245
6182
165
244
158
266
38524
4008
104067
221
184571
575
48344
203
140259
80
50
15549
34
18
23714
16963
165
227
183
54944
23
1
118357
11
8165
165408
70
53958
159
100574
44
184
128
23620
74
71
31071
161245
95
206
20422
61
161768
211
79264
10
80696
44439
11
2425
24352
248
146
185
66427
107599
4694
12
21006
64
22597
71262
41478
22454
58425
23885
104718
221
39
220326
16847
148
120
3455
146
177
56472
172482
106271
243
54628
269
2086
238
36
329
11
49712
12064
5957
147236
240
155901
9
8621
35872
841
51
26958
155655
192580
244
104859
81021
90
10409
11303
18392
161
265
2250
10411
83715
104695
20322
33
151
155
97219
72447
1965
26804
226
6
105555
1409
120797
268
72011
70
9630
23
90
49
120002
250
192
76360
123
28302
163364
3934
231
368
11386
28384
12608
102
28340
224
101350
227
307
212
10
57047
85325
21792
107
28
126228
62743
102746
46955
117272
8036
31071
135
112
24745
66814
25023
27
5126
184
4741
21259
45542
35180
347
48541
253
131
25176
214
233
33
94829
82737
54110
206
33200
18790
1899
106648
170
7170
137
14905
35
117595
143
98
12
15
230
86
22
2553
83921
227
1956
156
69096
44
123
58604
1
165
100
30472
157840
274
48
27562
231
217
108
129476
74
20003
23
95
19042
211899
55224
63515
31546
20427
158
66564
107
81546
65947
179807
105273
224567
173
253
13474
7468
13
67224
133547
34
119524
149
291
128
100080
347
85073
1
88
117055
149099
111600
13026
100742
17942
146142
11
165062
117961
28
87789
104709
137
63435
148036
42484
10
874
99671
7442
6669
122
55111
34039
123012
15570
68274
305
16198
76
253
98280
85185
142944
4141
25
17788
47242
76
8856
19892
187
10191
18844
326
6681
94178
8230
69517
56
43211
18896
112469
89090
77955
286
219
227
138547
58
67591
49717
39
227
100854
46
7707
129
12140
19771
39
162
26429
75087
295
3084
231
139
109
28999
102506
162198
81324
25075
53059
29245
16846
111768
30085
20410
98
242
53763
26755
25422
103
355
27312
135527
92291
35179
31282
51565
6155
37
81242
379
19
1837
38177
189
41305
21327
208
23641
384
11946
92
68568
174
3784
57
20668
62
126
44834
114
34
118907
176616
20188
234
1
50323
189
190413
155
47
12705
25
119
63494
24939
1726
21816
106000
1624
124635
137945
169
14
11513
37160
1619
236
25159
94
189048
274
29811
262
22908
238
136
131450
218
49825
30217
117805
3
246
126
20807
152
75
141172
246
222925
119016
211
46234
23
201460
19522
4903
27
220
59808
303
119988
349
4864
164412
232
59697
162
47934
31777
16832
142253
11402
109717
68074
100
48
124777
12
169
63
67
121
192
11
15
42
258
76228
114934
37015
94
112
124
65006
9917
81975
349
136
44403
115
97174
149724
72
10204
172112
106
260
32674
20083
141282
92042
307
5848
24210
12984
288
36879
123
61
36552
92
12144
257
172179
13666
9944
105806
4635
43790
46687
1711
164
38091
122
173
67398
31297
74
128
191555
33460
114505
127
183
18215
57
191
113
17984
116
6
209
52128
165
86318
143
125474
37
15296
25168
12555
186
68
133
241
130092
257
68343
62
119
2264
14577
139
223
96291
15
39910
189156
281
200508
151
25405
26058
17878
240
44
184560
133
273
2906
121
43
48034
64
30649
12380
7034
183
251
69116
82
15783
161400
125
89762
10817
145
81
193
41797
63
209491
23955
19
54713
159
187
83052
88560
229
15
86129
353
120
50
9724
17431
66366
146
31411
116
56739
238
17785
11866
9
67
260
4466
51
91520
27973
274
166
240
28842
165
12
118
300
87
73455
41459
24751
37952
14818
168704
210
35071
94
13496
205
10993
2332
281
30407
11708
131
125805
12158
271
6727
273
78
109412
53555
195
35
219105
59
266
45
261
1324
83786
105
107352
12747
78
6639
34102
35158
170702
34
218
10064
100576
16720
67
205
77346
42
185
48783
147188
131250
300
2786
363
146633
51
806
123
64074
35330
110176
300
69806
202
5988
9259
9
192
9
97997
41965
23796
11
59555
16416
202
165
291
214
4042
79
198
166741
4579
83
221
224
15
1664
50
20
1571
29
239
52
374
116
127
28670
276
1
113300
14256
3922
74370
400
36
96130
138250
57
45062
200
8908
132442
31795
1
250
63
14652
22244
89635
8179
36743
17277
50625
228
43
174463
8
89389
64562
98969
221
123
11490
296
271
2852
210
127
39867
115
373
258
9835
169
44565
287
125
6522
236
55
24395
83175
2319
86
28935
122
21
121
41184
39871
116
114441
7581
25938
39
210356
185
99063
9753
118
13474
280
53
154354
65
118
4061
133
73
41664
149
135360
44703
66
103
34834
100
28538
44742
357
64
11336
181
66006
25
104418
215
195
103
158405
186
311
32847
216
242
210
3169
82055
10
14
25156
181
195
286
105017
215
31083
15877
119770
161
316
13354
685
32276
42682
195
13769
177
172232
331
32505
212653
70363
123
291
156515
93095
23800
44
114904
48662
156
21579
23280
35
20
15431
110
81
23766
215
27585
146
152
215
64
111
182
182
271
61814
207193
129982
53812
55214
16950
58
45930
162
146626
17141
41022
9771
214
73250
18534
78491
63126
26180
105
2162
144156
205
101393
193
25406
10
17554
77667
187
19593
146861
93542
102
64007
93546
148
91617
188
38823
195540
15528
17894
38794
275
138
75057
213100
158
90028
21892
44440
58341
263
291
75912
3225
11202
12092
21713
114415
56
41553
194
81
11044
63
71
205
136811
7010
11954
2180
5970
114
215489
88
242
41630
36197
259
41425
155419
7538
20518
37
249
201
156
2508
280
199
269
85755
15
170630
254
91663
46
292
8912
201
112
250
107821
180
157511
97
41383
88535
74535
232
85
146430
166524
98634
39
15096
309
125
132
204
215
160897
117891
182
40
30280
11852
306
202
18056
288
51
217
40
154
162647
74389
33656
26
119562
168
12
64483
25320
87
167753
65
27878
63
17081
78
255
4954
201131
33
157
261
237
171
35467
253
51945
22
85
106
39644
105
102
192
71002
2948
31605
293
128
19395
25640
179
21
121681
165
296
249
705
46425
189
39049
5
52
138
108
158517
73
62553
78
9981
117
132214
94
223
36
83
214
277
140
161
58
14354
114895
99
188
33555
47752
43745
12621
169324
1117
144
16839
31365
7124
41434
156
49254
87
90275
129
34099
103088
29589
30899
3972
158113
132079
29302
246
64
13562
77204
1801
54
119921
285
263
1852
8685
5033
12574
3092
42941
108
72
100
37
24608
1635
144087
10030
117
59
267
15
62720
103
315
291
84662
10740
230
124205
162
2196
14430
87794
79668
198
14276
156
130
176803
150986
70759
35
158357
181
52283
94
80
1
84
66162
5
204
114793
82
246
17531
118348
183
32565
89746
123199
61054
273
78756
59499
90182
33
197
316
194589
87279
78
1
127740
216974
59951
365
165780
246
156
3
8372
118
26
33708
2522
183
162
6936
33641
3939
53321
15
16456
22
153
131208
70
41045
50200
2779
34406
130
42778
66
19594
43969
142
15040
206
419
111
62520
108310
41632
155
14491
225033
100
238
42
63
50915
234
2822
141056
99152
193
46
122
83
84352
90627
267
61185
22191
15523
57229
53654
13623
205
257
179
130667
109936
75
68710
105
140598
300
290
227
10280
28
63252
50285
101787
50428
3974
64509
65019
128
22070
6315
133
55
266
69
8101
248
303
5776
85535
28504
206792
107839
90460
13263
79152
130334
215
71442
75
202
58076
113684
188
150
56
15512
80463
46
88
224
6420
247
119
53657
70626
10441
154
37154
189
54
7669
14216
106
66892
252
15572
27
356
64069
140
134380
75381
211
196
20985
75
234
239
190
1
123795
30402
42933
202
173272
133986
257
56
150
131581
58604
74345
49959
91734
108236
21
104457
40411
48926
54
260
10318
271
13
41623
21847
128
149
87635
95373
176080
46
238
1853
19340
13
144094
169
150690
143
92867
17376
178755
58930
85
30407
122440
188
247
32616
137
88752
11353
42
148
128648
244
12
18128
22875
46333
203
120552
293
305
171880
201
51085
248
66741
18650
77
16221
116
117370
57
25
243
246
140
43607
89511
16241
16446
224
57673
41646
483
1723
1
234
32953
326
46048
192862
95174
49
93004
15414
15311
108
42
215
137993
2944
203
110
2708
89
94
243
222
103078
64876
10555
222
147
50600
145474
100
1
57
69672
65918
5493
178264
22033
230
31729
21099
116994
11476
25880
10549
90
2535
45429
54
245
17626
12224
12889
52238
15551
230
155
284
10513
58092
7547
54
31640
5794
176
119280
26702
313
95318
78305
60554
69556
113389
57
192
19026
92976
81106
126676
10308
6164
142971
52848
267
63667
68667
42
10705
271
186
287
8522
354
18925
70082
105
116
66
41
98337
138085
18157
46385
347
158
5288
86533
15413
133049
15318
44268
98581
39895
175
1536
350
15874
99672
16582
276
10743
214
60386
197368
1604
261
74774
192
311
42
6789
171637
1116
128
102
68
68
86441
19952
189615
1983
118
124
209
37043
1
10249
12652
136902
150
135008
8521
6347
12963
2118
129
83
9924
104251
58
10815
91756
16634
4299
23
248
110
188
3171
64680
50842
45
3975
218
14533
109593
229
87
215
9
115
45495
343
137467
65654
1611
1
117
182
57371
116
55544
26
126
7504
5127
75861
13947
23414
262
215
14239
237
54521
1764
202
163346
25457
234
8676
313
5124
87
251
58
182
99
176925
26919
18093
43881
95643
170
66332
1900
71
31383
28
57509
101990
270
45964
34469
237
87057
134
144282
210
45752
84142
36
96775
306
72023
246
89610
20347
1487
215
46
15
144419
61
151
17
38221
10794
17
216
59
28
166
126090
109349
2999
53626
144
782
18267
14432
38585
5788
93246
21994
3286
113257
46275
99800
185
54944
42
6936
210
72
274
15034
74831
6709
15719
177
138
36972
251
63955
1400
151481
220
12923
238
109244
415
77093
379
54
237
176
95
71134
27560
33
14
104
61207
126
164
183
39846
183815
70242
103659
93
12329
155998
124
71385
185
10
9589
62
120570
149
79087
198
301
176
21044
71409
120761
215
5180
91
65567
55
94970
822
863
317
48183
8003
183
22
136435
178
188
132
177
242
233
98374
53724
41130
193
144
25
2292
144737
218
58
43578
182
140878
51072
149
8751
17
11
158
249
22208
227
282
121
273
205
41464
176312
35341
52144
198
96149
81953
359
4
44562
246
267
156950
12
13
261
290
264
91017
174804
33079
112
20
131
55482
158504
73750
101468
92906
196
187322
256
111812
12164
16471
150034
40
277
38949
5146
251
322
15149
136
24752
130885
325
28189
196701
5
42182
28869
266
195760
13787
134
72058
23
3320
28
100934
91739
92
21
197
84379
16
180
134487
6
50824
164
107
2546
7725
82507
95473
168
50853
36394
110402
240
3
311
71
234
49860
166
105
98638
142126
138894
29
5299
9749
268
110845
83807
287
175
10
2606
311
136
321
190
78071
135696
76
94
45637
94703
126
37873
22553
378
91
28901
26026
95511
19
330
38495
42114
719
921
9
177998
267
5538
316
52572
27221
8633
59536
61186
205
172
267
41790
217
287
35004
194172
240
143332
31247
35
290
58
11282
169
11386
97197
51
98148
174
73763
46450
94963
193
170
11001
140
314
88732
28613
20
42846
7
43740
185
109151
25813
220
254
40
6289
53277
49092
15634
234
364
33990
3088
970
86725
100002
20368
15
25563
162600
192733
82725
28
93829
117440
199191
5595
827
204
44989
159511
245
50263
145
53
215
109
228
157
264
23743
135
90127
1117
15075
22560
30955
5603
8364
91985
76
8542
155
10191
98116
167
347
93
148
107289
6900
323
204
47
47280
220
13969
128195
34806
207807
125
653
47734
29566
108
101968
128
14276
164
38
215
66694
163823
262
23268
195
99557
5
117663
100210
20072
137
301
1789
138685
226
16298
208
32037
73105
118462
117261
224
229
190
68
127361
57
32
46
253
72492
76799
81380
205
84572
184
4936
359
30
10263
31882
48824
208
955
411
78947
656
54
9
194
125
15582
202
2792
158144
45210
35853
29
121320
124
59
2
1410
96763
251
260
172
6650
28261
180141
49277
162
145680
23216
2743
7820
4
206
235
243
7934
65419
53647
26349
53988
50186
90265
6322
25
41
176
203
8
47701
30121
201840
19
5288
104899
49737
45
148020
27
217063
25835
117
164
28
116
59021
56750
25306
7554
246
152
8120
48752
195
133743
154004
11524
20601
206
46
72381
133
71
127
22907
296
204
18
27
224
5282
31807
203
142
3910
9311
55435
65221
25096
40070
122863
157
117861
172
155
139882
63197
97543
17
63096
175
102577
39855
117
36
104
193
164
281
159
6098
77419
148387
31447
865
296
14081
111
22864
240
364
202
2
10006
90426
28870
5832
10432
18440
446
251
266
44
188
11666
124556
10263
3937
3
13474
92342
158172
40056
75214
104
68
225
81163
18384
5250
211
13154
159815
97729
73550
224
51112
88
103
11996
83703
59
284
20726
315
295
204
32
63413
397
29441
261
142
21893
43913
104
151
38343
119
1
423
20
2495
36269
1096
3
2
182
20414
100
291
521
202
149396
20001
30
151
1
55269
31454
63679
29785
162
16983
5522
22302
231
230
154
255
210340
102
108
21392
262
123
200
98
9693
176409
86302
55
128
204011
160
11494
16
6205
10
6346
208
28038
63887
150605
48537
220
12914
50072
128408
4816
74
44463
203735
6459
10883
11353
79439
130
77
33
223
128309
156
153
46360
215
22117
59622
25971
120059
17
27766
18737
188
261
300
7498
9326
276
118541
44393
116246
39
170
9
12236
20204
136
42500
20501
251
285
29614
93
43371
220
45226
63215
42786
95
31734
114456
147
184897
75902
18
105108
85082
96544
49570
44
220
312
223
57
17721
39302
235
391
189
140
5009
171417
16863
40
98000
48639
84
80346
163
136
8438
884
77
179541
239
370
243
159380
189
25
30191
89
43
55712
69759
171524
128
155
85179
19468
131456
62234
4276
232
100265
96515
161
47
41225
23305
153
143
4801
79723
2543
79
82130
72
264
37555
212
53528
11777
1
45063
233
12061
44
51
11618
207
37285
13493
342
186
202853
2953
87
35
129250
257
47
292
132
313
144702
54354
3214
13147
113233
13
11503
29904
28
64076
4336
17225
346
88419
41
61915
13718
44
4
52
101947
28971
120
57985
262
129983
29348
4605
152
23255
96992
191
74
177785
170
225
77
74615
936
78
220
93
77
27337
147
78857
293
127844
314
90
175
20802
80555
48
5551
152
19568
120210
1699
164394
44253
43
51
125
5622
29
170
1
110355
270
52
129
69297
143
6113
216
37348
65
22856
143
36
106996
112
314
69597
112062
52
231
221
56224
7070
87
42711
103461
263
987
143
188
16022
169
312
302
1410
51165
16170
144
160709
178
232
34436
35817
20
60917
42
93
85860
78
11463
220
37364
170
226
35327
203943
123
121063
113703
90100
226
15693
301
11128
121527
38
248
229
396
33788
105092
46225
13119
43605
198352
43
284
260
85
103
79249
38344
1357
142
19125
133
110
77876
244
56430
150269
6373
159
86
97200
194
214
139419
22991
156467
134
73662
143100
161
149752
222
903
88781
113763
93
109226
10933
242
73451
203369
5011
97
205
115357
1842
46
40
5017
29017
46
73168
232
27343
318
53557
69364
107809
147
65859
150
115
162
173
219
58801
15646
302
108
202
131
135
77
20185
2143
29
94
403
72
26498
8059
43
308
116996
120726
227
12799
296
85
25
948
51397
232
3
8046
82168
46381
272
102
333
146822
91100
210
302
99595
141
210
109
75
204197
3
286
47490
9438
254
309
8938
65517
35
127782
106023
42
204
56940
292
12570
194887
205
236
6
52737
45541
228
15
49
202
152
22
4904
198
274
81
150
248
247
23
14043
33852
28
317
41944
65160
8915
117087
148431
5147
192
66790
202102
17316
222
158
79143
151361
23917
260
72259
95187
82799
6744
5315
132
18379
165
110490
58481
70202
20
128
147
175029
150805
314
655
157
244
13541
54209
92178
88
54022
45231
20424
64148
18
27295
159597
246
103
107890
16
74326
13957
739
46579
22
227
212471
216
181181
57
123
30
41752
208
212
67
37831
206166
282
43654
24258
57
214390
57867
13014
71
2356
29765
17441
7729
239
48923
27
34920
131262
264
126489
147108
573
6
168650
255
7620
102
117958
232
16
196
53324
149562
10422
34199
206576
2350
122
49041
303
147
125051
31487
24828
196
6790
207
152061
9437
72889
411
1382
74
228
30356
198
118
1019
45059
9365
18
30977
11658
51488
313
19
100375
10049
2006
26053
26308
244
235
199
42320
18887
75877
70160
63392
36
131806
189
246
16663
3359
3983
6618
113
225
34
7081
100
124
54666
31363
422
117016
50922
111
21681
178843
912
125090
17081
15830
15856
193754
33945
257
910
238
1
98642
5677
36339
190
2
49
76714
1860
58426
135
124
328
1
64522
20306
137632
49772
181
202101
67592
70188
132
16
57
237
8135
243
61
225
3015
46418
28
189
163755
118220
21038
231
58974
267
37173
76222
401
159
47876
28
118432
132
27
36791
254
76278
2349
84
494
240
64
289
15
165
154465
9609
129282
61
91
29815
17
235
201124
74
153
174970
64209
51
52955
128
155222
39066
55764
92954
6266
135627
145770
185
47
25683
93869
186932
922
87
1220
242
117452
173
54633
128
203
108
114
5731
259
248
10007
1
34861
38801
88
54368
46504
1
304
93
219
16950
16198
1244
5769
80761
181718
5512
52571
16917
29
40
41602
74
95
89
11469
186
158
33924
255
109
146
266
10702
231
47
11779
97897
192
258
67879
96044
91769
169
156
93823
200
75362
218
4781
46164
701
105391
130939
51325
132969
57
47204
42
214658
134624
25444
20327
10
265
15
123136
12624
3177
8560
157
217
55
133
41653
69727
63212
152
151
313
100700
45
207
132
112
97984
9640
104084
175053
144
743
90
255
5946
261
33
30
156821
146
1331
160211
33095
99193
2647
75
217
215
224597
18216
277
71027
155
268
40943
20552
26
77643
278
50718
1719
112
34
23072
45548
18326
21213
22459
13653
6616
141
218
59
252
11136
355
28
38358
21
251
15561
158384
230
4
6
38
50403
34
7854
47
157
30691
51048
138846
328
176035
3354
108
148
108
59329
54892
167
20
114
5288
27109
214341
96
125
64
151527
347
7
269
486
913
328
5342
82081
110
4370
151518
117
23
8099
235
137373
4457
183
90361
65
277
26705
62715
46594
288
5811
13340
94
24514
157131
148
52268
128
320
30041
275
138391
167549
44032
128437
59598
6584
199
21521
23
24032
155
187
17701
95667
190445
73
200
3502
1756
70117
149428
160
159
14
79441
48
20174
312
49
278
8115
85
186
46
85766
75
66
3290
63
65
38
198
65461
57192
133596
220373
31750
3
30802
178399
176
10120
58
252
1531
283
2385
29188
147
2790
33589
44
80712
227
298
189
20299
123
196
30621
61255
51946
47123
143
35314
10
255
72
1094
147
145
4
116
2596
118742
19606
6
236
81
179
200
103510
70013
7709
33
69074
73949
57
144
65
108067
78
4
39352
98401
43
29
147367
70465
19100
42
164711
226
143
123801
140602
21
208
77
239
143
60
58140
2338
11850
28
41723
158888
47974
40
295
180670
110
101828
297
81
299
31
150
11539
80917
10431
2084
44770
323
300
171572
9801
43
308
173
147
218894
117
165966
54271
158
8165
113
343
6572
194
164
20
146956
5602
169
20
188454
27
181
243
73593
69771
219
75
29715
104240
41
94687
181083
25433
30461
200
165
33315
359
66
240
176968
33446
20032
310
21688
111
96742
49663
144
6800
87
279
315
49
46088
273
43
211
5803
6021
161962
104
47728
1730
34504
328
176835
96834
192890
33521
36
130
32
227
9641
65752
4654
27
289
64
229
12
82345
10152
224
25858
297
140
81826
160
255
42476
19041
57683
16950
255
142281
306
181
216416
7789
252
106846
225
5255
136516
74
347
4847
184
84
30
58
197582
57
22
107355
1084
123567
46086
60330
10
162683
170
190
50954
765
46242
257
853
49
15
48878
105
14676
109996
175
65032
239
330
91
198
157
43837
212090
117
281
201
144
161610
35
117527
264
50
181730
37492
5975
103121
10500
116
346
158
30
197
24057
50216
41
123
137407
90451
84
5060
36
65934
123759
13399
11064
2409
54609
62430
143
146904
39
123
51
24
121410
70
2197
198
135127
130311
64982
68109
252
265
34596
855
78
226
4425
161580
281
44199
12025
4629
40556
29133
68843
54066
51
208
4862
204
50247
225
111
35
16
44233
81
196
88
21514
70
182294
113
162
5
71125
67971
33
1731
175551
97134
39269
3675
78613
174
24470
40277
59413
221927
115
7165
15
162
251
24026
34512
118
119079
36
30484
20542
234
42467
142
142
26367
164842
106951
125
122
320
196
63007
86
194
190
10
136
22931
42
158
29042
22779
63670
301
50560
29
16
85179
86056
125
277
200
647
4855
3485
65039
54844
140
36140
50
18418
108754
163
16387
218
7
81949
96
66306
56
263
30030
103
197
3974
90799
71421
1931
17
104714
31933
36233
246
243
142
27115
77801
194
18522
21304
2934
45
15493
20256
50
3
122
950
152507
104903
34104
141
181
123818
7392
185
172264
249
142
204
135
273
78154
75439
3127
111733
63
114590
16676
19086
58
145018
13722
5617
15
154657
94300
48137
99120
8114
213566
147845
178
43
191
156379
266
167
71092
98911
40
15
175
180
109491
165
65699
21
17
1597
190
22963
98
57
44
105
141404
280
49432
49269
120974
122997
1056
258
28
269
42
145
21205
19943
54038
241
91
98
140
59547
200
74942
118410
84942
165
33750
29
211011
20
142
137042
12
10561
104
214
1
102
9171
214231
29066
131947
179
15442
23
30
158
109818
204431
189897
63
97690
196
43183
232
73852
76830
23313
146801
42497
46379
85741
75
33530
44926
84661
10
216
211
27800
194
37
139
25217
4
307
66083
3102
179010
42822
70
58511
93
73
280
172439
23
139122
238
193
10260
8608
115298
98
16659
62370
59768
78552
325
55750
301
43704
3
426
734
72
69618
12592
61567
178
220
91592
23057
7732
86
118261
190
274
115
324
27
82131
101578
237
71342
8
116
371
258
22
25153
182032
49
100662
173057
144657
79
21711
179
29657
147814
226026
205
7718
98644
250
3
21201
17
15
111
26048
17024
229
49
4129
289
82
59948
109739
57274
33
8029
254
196
183
174508
233
277
13179
50
9131
63780
188
275
19868
2750
56217
117
50877
236
63
39507
55746
143527
113
3741
199294
9
96
15100
24619
65732
88
101
76
30919
107
59
79
109
144459
86158
117
47223
143845
200
199
48709
217
69532
120
105825
8102
35519
127061
45823
71
230
246
41943
52
165
70648
106875
6772
122337
39728
27
43402
122123
67223
233
104
65
11300
52
101
26380
116789
92
37
10438
52
33171
15
23
178
11
203322
107465
143718
141470
62691
225
60
94238
2868
164
68299
49
96
73
104031
38
19751
50605
219
18222
85
247
215703
269
165
56415
33021
14
150
165617
51098
67
137
190
234
23439
219
245
11771
223
21030
910
90612
2214
51
62
86
47919
33
131
235
10601
238
3266
105829
133
177354
58
62550
6
113
4293
143
78
55620
49
21994
102
328
7018
907
36290
9243
23921
135
157232
140065
10478
204
209770
173880
265
149027
18918
2008
269
144
25022
218
93
35
215
9855
7165
97456
85708
30
378
11873
67553
69444
184
300
9765
51999
2818
3127
33036
7783
196
37406
110
140
57199
74306
35370
102956
21624
69095
132
3778
99
101099
56887
17015
14716
65
25335
52
252
110
70689
19
103087
173
47873
215
229
39
209
22657
5877
56123
209
153
3407
236
202
45800
70156
7994
168
106469
70631
142
106
44946
77
62
182
53505
95363
28
35099
2525
93
27704
198
52233
26424
268
7
106130
13168
63
145
80828
102773
1
19303
235
89
184319
201
246
38285
268
31450
184
6875
196534
9589
161
218
191
75694
53030
177
41311
296
194
41
33467
246
26296
3
10532
166038
123126
126472
162
62204
30
30970
101044
187116
23
37082
12793
41
16371
39311
277
134
573
157486
125266
154953
25601
194
178
77640
86591
205
178
75
69
188
6
100099
116
150662
93289
40
131557
327
160
14862
251
108692
101
136
33237
689
8042
148
269
281
80
249
5775
1978
12020
210
1
179631
26
114
171696
71
109
164
72508
162208
21
72234
29281
106182
1809
63761
96519
331
67203
9
117396
59544
117697
275
9274
18107
20699
86291
12354
178
15059
17513
96
69
43404
45
12
80
3059
5369
177
123
54444
127
103
147290
147
32932
52
180
183594
21737
162
55931
23801
2316
388
169657
204
121464
6
267
60769
17234
78
152
113
76676
30157
88166
304
223
8
116
9633
27
270
180
205953
87
31
40180
83
118
94098
132681
77926
56493
1
299
98151
13486
71697
4741
64616
109198
37437
33698
168
255
205
20920
227
144
177145
196
1
32400
31
267
131
303
19467
178
3875
18673
68803
17523
135
1
275
184590
55
67837
10121
98008
94207
54
62705
18873
33747
266
45
80838
1
19142
163
140079
154
148
5
163
68465
119
227
188934
31342
161614
24649
59151
31636
51906
6
73369
39973
104144
144205
23568
170
259
205469
195336
1379
16813
9828
250
114
105
215726
102
123121
1
59153
14
83
6198
24211
206160
158
267
88
267
22157
249
26538
198755
49
139683
76483
22
104
104807
204
143
92037
228
218
219
62
7732
157
141
10805
128
175341
4718
299
195
154
32320
35420
103388
260
151399
59
280
200222
4147
89746
65283
229
13506
102548
279
152
4917
224
114
12864
74
50
10
68581
177
298
19149
27830
81560
8985
28572
98157
5701
129
144
83693
118
49175
23
26043
2269
12807
4550
17901
21710
197
158
39208
24056
184981
151619
68948
139
33007
1
7622
6908
270
82574
54248
213
9105
97969
5953
8122
103964
5670
17670
148803
616
85
5
28370
297
3383
84
105444
125527
167
29278
92509
95021
160683
212
25
46994
100523
93992
334
17883
257
246
13
180
91
103
138
169257
215
136
1051
33744
27
19
7
91
60002
95025
133518
7115
208
164
147328
136372
194
47278
147
227
35435
153504
30141
42966
16774
37185
278
266
143291
187611
114
231
34116
25652
5162
77315
117575
9830
206
7
80242
17
160
50
147
27171
40428
67463
113
79527
48853
9960
89533
82577
47924
59545
147151
110182
132
15
88297
18
103788
93981
224
76073
131
114127
1347
26714
79
235
14885
38073
20
134494
8712
134277
2404
303
50351
171
36599
13627
25
6
232
29829
22
15716
3507
42739
155
223
126098
244
25261
95257
71925
17601
76244
302
24151
107326
220
36436
390
77
58404
258
161
1012
5752
192773
111551
90
202
82
131
113012
151
119764
116
81
41
29055
130596
131693
16999
310
3
18698
223
210
106736
169442
144
72
274
98665
8067
99
11351
139089
147876
79710
7174
177486
6
85234
117818
59
210
20106
66324
88
17739
31
209
109642
198
89298
143449
136
33348
62353
36203
600
366
160347
114
51245
11322
99438
47261
44
135
144413
16774
13088
145
76170
304
99
25
18219
166
115973
80964
96191
96
30431
325
156162
3652
186
274
113709
130
113966
265
45992
58
20723
31650
15296
39457
117
27
209
153
14134
96
35889
54
193651
12337
53
165
207
149841
87074
5394
185
1628
52971
74021
49
215
39871
29299
345
18529
23781
203
9591
31831
38715
66951
12
109
10585
85621
102786
229
81480
263
172264
88
17414
159
171637
11554
320
75
23
78062
32118
159
334
113
31400
28495
22871
5
21
261
57
4189
75149
79348
77835
53125
144084
116
167
45995
154105
3716
1612
113
59
133
50553
150
97181
98108
240
218
5008
12676
35
15
42086
15631
114076
229786
173557
12446
38632
38626
29466
161
71334
100353
2298
3083
45
110
130
23715
28392
31
126163
11132
16307
75263
220
12409
158914
220
80
259
6
141
2840
139383
289
92
9
49996
349
45673
161
39767
168
44355
244
139116
612
156
115007
25808
119
280
86951
134
290
156
254
156
126
111119
168139
115111
23215
10
194
258
46107
41844
59
91825
108
32973
115
25
35315
48313
283
118
269
165
68944
104
299
54146
14
52183
289
178437
252
36610
43208
127
1
118
12442
36
194
228979
113548
166
157
31572
25394
207
131
107
207
17
27441
23474
98071
76907
86275
20088
29106
29428
69
22770
5147
5685
32406
28
86
19738
25214
52561
17578
1
212
52568
118677
30594
39241
7867
142862
166
96576
121
174
19289
14
287
67475
14908
35920
113933
47662
24746
97469
19372
81549
72479
4785
231
58
254
40
3450
4405
157572
168
216
136
59123
5527
31749
79021
169405
23154
173
1420
19
168367
11
315
45171
37589
5055
112
96180
27295
99
57
15776
38346
180
266
1205
148
51509
62
56
38746
164
47101
16076
249
107
148346
198
6
103683
103010
148
173
97
10947
205
159
273
85
110
26280
59181
894
96761
78690
13650
207
230
182
4446
30
32158
27027
81841
8702
26200
4423
253
219
224
141562
241
320
7063
235
200
131301
120
223
102577
241
105565
93224
217
243
91641
129
57
293
68520
165982
47531
9788
10
153187
81
238
67310
135
13623
9484
27696
94528
137991
83
10699
136
214
226
179
171343
66
60979
38483
69
243
154
233
39901
10097
208296
240
102297
68707
32067
80
58
53457
22460
22275
50
35
136460
336
162
40063
72
185
301
12
41622
96005
25
234
159
123
59216
51971
202
6
30973
2958
48618
35759
118987
40686
29655
67346
63843
255
68688
102194
34231
107
255
239
174374
70
155
92
10
108992
22635
2819
12588
199253
72961
186828
99
188
34716
18518
7752
166269
24636
5490
42
213
305
5631
43
69
22
36094
5814
223
147
194
13
170
238
148872
33237
109
9
114411
13471
50
185
23493
87943
195
151
110902
121
192
35019
127
159478
193
3
16265
132415
190
14749
31
206
105
41826
57005
2173
93561
9
236
78443
32
94
18848
1821
27101
75
35765
28
188
98
19
143
71700
213540
305
102370
22068
100
25345
176
141
20004
117
234
340
59158
65504
88
87720
23387
299
83209
48527
218
62210
108429
30700
99251
205
28521
178
253
261
17183
2602
264
182
6468
109
84091
77
44454
17325
5139
25070
185560
3
69710
60758
46833
208
150088
23038
185624
157
41
60
26914
196260
23923
112636
129616
60400
2085
2953
907
179
46
8214
84822
30
235
9
59
42936
34
189
115
141634
101
42156
65131
8234
11318
107
31667
27841
2344
11715
5592
10301
135373
95
52035
3
124560
91
40599
153441
17
18469
59073
53
209
130
49
8773
83
25776
167
201
52475
42
242
144180
58003
49006
295
120000
129
154
47868
103
38762
97063
193
37
35550
3759
145
341
34
185
30
227
35
10843
89485
38544
78166
42
125263
14575
207
48
262
115234
44819
93628
15
19262
26741
124995
207
102
72361
187
369
7276
55126
86350
44
130
88943
35776
138
131230
201
103564
22406
55934
1
161
17056
35032
43226
3
56982
281
190
7595
56952
81196
282
10
272
2536
275
35370
66
123
33124
193
30985
2690
229
327
64
304
32112
140
34174
4030
16966
118169
172
8776
26752
128668
200
9808
93771
196401
120
229
132
6520
794
10
68
42505
110871
11196
88393
238
69
12
5800
108956
131289
225
33008
64655
54
148468
124687
1774
90
36868
16254
247
16082
16
320
115513
136
6
170
41138
230
29
306
83
25117
100815
2490
122230
45
60474
25325
11082
169
99063
11321
339
108146
24
175
93150
78
50703
7794
74127
217
101845
290
7309
115
199
34482
9272
31145
25
3874
166829
111
231
7834
58206
226
23135
37
77
50545
182
24
47090
176
258
94
171333
44584
53075
179
272
284
221
50
80
38
23750
6
101461
144
1127
9
88611
51766
105819
5588
277
315
12252
28035
50
80
114
99754
2
51857
203
56882
12
152
249
14757
29320
259
159228
84
115978
222
207
65655
24
41221
91
74529
167
136403
13203
26331
5134
2388
158
36
496
93204
6270
22907
3
3829
377
131
128341
4724
55
5781
27643
59
112
101706
10
287
7634
70099
49343
26114
20488
11335
78981
10
76128
266
27396
69032
49
183
54273
157
29843
98560
1655
6
30022
313
94962
63
18973
77447
63
221
55251
11
28312
12774
17847
94961
9403
73384
221
163
150
33948
25528
207
177087
156777
29507
217
290
3297
59138
54089
131931
30244
32640
120723
185
32197
70
81
62
255
108
60
2978
105
140
103
96
28109
65
80
27460
5131
221
2733
67
109152
1
47
99022
12581
119
4734
274
63334
57
30
24
2778
230
20
15
67622
157
201
124219
60054
10366
124773
76317
83894
212
99875
183
22332
58420
91
24670
10863
80675
293
162
20938
60
139080
12169
36
28
239
108
21
270
184
143
23319
131129
88613
133307
8308
21066
39
91981
182279
202
155
192
136898
43265
212
122361
29503
105989
83
217
334
26125
214
45283
151
25821
38
135663
146
63929
17465
1816
46
129
125
105154
196
25272
26109
31833
130267
38518
113
91
37
18483
35015
113
12
100
165619
51969
47441
39610
18436
193
226
3246
103
25793
123
9253
58
142605
50
116
99
113
17731
232
72963
10557
38326
38877
139402
108
226
40
139
145
140
67
102
296
33696
167
17776
85
47
107064
203
168
21
47856
70925
86
130
11496
3
12795
118322
144
132597
51416
5743
63836
103715
107009
12311
266
102
1188
57814
100565
133
97187
237
3777
36720
2987
53
159
7711
33278
11571
3
86904
82
153
8288
96528
165
1730
176
109
67354
296
83
10102
10243
290
12873
50
41422
218
137488
253
237
68746
59880
130
7307
179346
78759
4961
13302
229
93
111629
33
245
41130
92165
105
103
31
31214
183
100
136
74945
16
33834
1213
144
160
226
18536
181554
21
224
1615
143327
100694
89544
34780
241
236
48981
118438
102
248
16085
168
66685
182788
109
159110
59755
24412
41189
301
44
6919
20
12855
86
53600
193
28690
166
132514
178
39798
118
2053
249
77298
357
25794
110781
267
28967
161
60804
71
290
3093
6291
121
73
6
58
22
55
184
17003
4176
48877
38
10
18276
227
9
24203
136
119888
99
57024
3921
43
347
8109
163941
171241
13
53171
166009
11889
114
1984
120
78214
28
243
10
219
65189
278
123
144812
233
16088
15820
175
7632
49533
51336
172
246
21846
282
26
29738
73389
41
170
3844
64
73949
168
135923
215
102572
3023
18078
94725
203107
30782
36327
98340
4820
48918
39
256
79493
203
152
142
13949
73
61122
26031
10
90959
9522
146491
32464
118686
27553
218
32741
79
29990
190
336
12550
233
43270
36370
245
38069
51037
79680
10285
170676
94
124510
310
16236
259
25
57841
282
19
59440
86535
291
199989
88710
73359
62020
86147
153014
16121
132
6284
15
19
118
2955
57
40
41303
280
128
70986
3
147
246
25957
18260
20
101964
248
250
137
202
19192
219001
280
156
83
1483
156
266
143942
33882
37298
225
28
95
1058
89160
261
49582
333
73120
285
104
58350
4119
147
214217
43883
44
50776
25204
119
69780
78953
159822
107251
63855
73349
78554
10110
27985
76865
38900
231575
2227
1930
99082
62516
20
6
76292
295
140
14492
124696
209
151
108592
183
32423
4506
269
207
269
15078
166410
78
84
206
82165
8132
102
202
277
250
256
4518
322
74084
91
25
31
25897
40795
178
275
1483
91
155446
53632
226255
37793
49
21807
203
196
160
74
256
193
139726
123147
145
61800
85
241
220
151565
39
53440
7992
104
216
138
193
8008
43
9661
32689
145
63870
21643
261
30863
245
79
57
26875
49108
178140
157917
2569
305
6075
115000
270
45
187
73299
176
162053
135002
91
21
112200
102095
107
266
62240
77460
195
256
19863
103
7011
18385
21
94
42398
37804
40
13974
3526
177
852
133804
8635
149
91
14217
100133
61
111
118522
43809
24076
139
60
66
54757
170
158298
103211
248
6
7
110093
19
52712
58462
8363
155
181
32829
144
93144
62628
66
162
15047
116402
230
87732
200296
31192
168478
9937
16269
100450
18243
103583
122
101
38
28220
139228
54874
7222
55798
21501
26387
51298
75159
3916
96
825
301
101
62742
16563
229
209
129
73899
6
212
7707
18466
145
39
122
178
293
13128
1291
210
236
495
110
227
167270
165
104
207727
15
184
39
180833
261
45623
72
28
13
59830
29490
17542
105
99
135715
95650
357
69748
7402
55
129693
39159
125
20844
177
145
278
277
20748
111454
68976
77056
66
80
98981
102
85
93760
106233
249
51589
140874
123625
2220
80669
136
87
27
87509
22309
107902
38975
6383
82
77
66665
75298
6153
53587
28160
146197
88507
115
45697
315
160
71912
57679
21232
76756
278
31
126
286
51
112
323
270
32685
14106
270
15682
94707
29125
126609
92
91
7865
9581
35772
38285
153216
14406
104
150202
1922
222425
27311
22546
3946
33418
1449
59810
215
113
85
52
26065
99
204
125
190
3046
55938
120
1
26815
105768
31560
29736
42
59
35119
23
301
68
50087
44732
230
5951
32190
42022
47
1544
92374
135
22867
43127
2
102856
108639
297
5243
211
189
98865
188788
224
46
9462
463
204890
106
97
101503
77282
212
8565
4
3
271
226
9325
64
1299
191701
8576
273
163
160
2488
17973
74567
42446
60
169
92546
216
43136
22413
60815
102693
5515
269
141929
340
182676
10629
154432
177
22093
68
96
40289
109
185
157859
38495
24
71
142070
102
55
92466
44
74355
51663
36768
179
156
38997
15022
11630
15428
51420
29721
6
39917
146
63963
42172
40
178394
17272
39
20353
22248
188
102138
16509
33122
22476
20564
121890
164110
20866
30398
173
251
95
153120
7169
317
269
74426
53479
109352
114
81
28813
60
197
235
35
87740
113
22
303
27093
155
84952
36158
61
246
266
266
55559
3
27695
9507
35
1917
54660
142
54
122413
49
5304
150
176
64
37847
190
55
36
35
20
119894
16503
202
41114
28089
185
14393
117
1
107
36906
25919
35584
21
18435
90
197
251
59636
267
290
167996
324
36175
26657
286
1
57975
40903
22204
151
3532
202
180
20
1359
25397
130001
262
34
32656
64
29001
185
50
77663
171
20
296
292
163079
204023
76061
23020
197
42308
91932
22975
123
387
58087
215
246
16168
61
74767
123
249
6
177
160
26
292
116
154355
164
123822
257
133
8200
43251
672
120214
29701
76490
102003
33790
29213
29024
152345
55
3299
86
2488
29
153
166
16
152
5082
300
70
78
60088
281
26298
102001
18056
41110
115
9202
222
95303
35360
24842
2135
144
4570
5919
37545
76
127682
273
18821
197
79
122
73
72420
22144
9275
21488
38737
6638
170
3913
62
12842
15
2521
65074
98428
103110
214
159014
9849
23
69466
131
65837
48
34687
505
36753
129
25
2
36
336
194
199527
226
124850
123
7780
172352
110806
182
16836
21937
2014
1295
13
159235
44208
47
11876
144554
115473
4968
239
8
109113
52
633
107334
187525
8985
97868
147
5681
52895
253
45
284
191247
43
54504
164
56248
111
156
4283
57381
258
189501
40081
126
120646
235
330
57489
107
218583
88
80980
43
112
154
379
119
16356
262
263
280
326
166
125629
48
171
64739
190
3993
35692
130986
322
28
11622
29
320
87
21156
207
53493
3748
12034
104
119
29
62181
103
75382
383
190
122542
745
6833
14
973
196755
20760
277
126
125353
25559
60
38938
71974
169035
1209
121610
275
82318
271
34064
93
26371
45
27367
10692
28
128
35
70759
86716
76170
24
1793
55
17
88897
187
68228
289
271
1
128442
15809
1755
69
180484
13201
60857
45179
33423
104597
16
72
51924
79926
15835
20994
138
15
26147
221447
95616
41753
84134
47
24592
43
182312
37034
150
152
48
103
225
547
295
228
150498
17
33573
7
204
134345
6435
15
177302
5
136
376
89286
345
160
114
67
275
69051
65731
15679
91129
168
8026
145
24772
38
176447
28
13056
203109
208
9843
123926
71
36485
126996
195
123502
221
46
145
3739
74325
218707
3400
10320
4
28142
45
82
113129
213
89381
69
172
125
110
134
100205
35
192
10752
31049
10063
192
295
128415
363
322
2
238
6862
130497
48
121894
21934
8009
135
35
63
48
35611
139848
6
40
15989
99
240
121513
70
67346
201
99258
4617
193
3657
71898
202145
194555
197
106713
178
141
65745
326
76223
40252
35947
147
272
101
28
49069
220
74196
76635
130431
60338
58638
1260
31776
258
47
26
12049
159745
51362
71
55507
93
50507
101
140
10870
87653
77300
38932
146
29
17
48450
3846
133
288
24924
101166
122
121782
26978
11739
164
126666
186504
72095
85
174
35395
111715
633
240
68167
74792
123
104
96641
36
24497
8390
25
84798
301
108
42011
148
364
3
132311
243
255
8
258
6
5880
59361
51321
99363
241
75
67
40837
122
62834
2295
48401
116
106496
111696
181
43991
83002
31675
223666
91
86151
19882
2521
59739
56039
178
210
103
107368
26330
115675
29157
64260
24701
225
30746
260
134
167453
14453
41009
114287
51299
138703
5427
102485
72
156
48146
252
50
63479
357
4033
186
170279
147
13
34642
87179
176060
31
156
34153
71707
226
5070
3976
255
34
249
135
27095
15437
65
43713
108757
85671
259
80728
94938
191
246
23
227
225
48092
161096
88
4251
73
169
17
87824
80
54986
145446
106
30254
180
51960
17718
222790
40410
214313
127221
2743
11300
3
63
13952
65835
285
23579
117
42347
105
37049
8307
169
8525
55764
203
240
202
192114
13291
207
3825
177
40999
16
58106
342
115134
192
61193
1
280
41589
100334
166
143991
3380
198
37886
23832
160
109
3642
76
19745
92051
4584
120692
24412
307
3
118
69828
22
170
144
145
187785
4253
252
24634
32925
13755
64206
133
10692
77347
10943
91
122
110235
7535
144
177910
253
154989
29641
12143
2724
37233
50359
154
148
153
181
41406
368
57593
176
350
32373
15956
215
80400
171
1980
217
191
33
284
374
10
53
193
198
9504
37
24045
63956
41784
91
115919
217
13967
16810
13827
97878
5237
131
55919
48989
164
1
42
153356
25478
185055
44332
78715
38420
303
236
193
57269
60623
30977
42727
78
25289
48641
14565
89183
220
153
2778
38
63
63279
112646
293
283
6327
14983
166
241
43
62
151887
300
170411
7086
83
114
36249
304
451
101077
9418
177435
2143
248
246
104426
19822
958
274
3537
195430
193
100
33
69
14609
99
6
25625
933
33578
1872
13320
52579
118
17487
143860
120468
16
25130
1433
52871
112
248
133046
149280
186294
31049
97
133
75729
28341
3067
83
199
193
19868
81092
102347
48730
65030
71783
141117
46
135752
6614
60709
75959
175
75
30
86
184
191
237
54903
97929
26
110
101238
59217
91
35971
195
134
132355
82431
36055
114856
95859
86618
49
99493
288
131438
16290
370
338
335
104718
12
264
21086
105
13336
57
15938
22711
3042
261
35
33940
22642
50317
229
104
3
190
232
98827
223
125
30954
122040
16
40592
56315
4189
37398
48
96478
46430
26007
146991
183
23
72
32767
128
197
61
156
114
49710
20517
14
183
170571
114
23071
208203
97
31124
133875
28909
242
97096
240
34027
163526
40705
6114
60
109
11
20698
21760
101038
36101
20084
106
177
99
308
29
260
127088
199
8668
5438
183
142780
119
26629
1034
228
110909
146212
38740
32737
192
207
21
44805
118944
73285
183
138445
100
207
22513
89052
60870
96459
26084
80942
6
271
52
107111
17
50
7479
34148
117534
126
85811
1497
6692
151190
151
109104
175289
200
1
42120
8
82
151
12170
37567
10898
262
67
111212
70
37961
177
57849
17949
58869
23116
6
240
183642
11
95937
37
119
13
130
88437
13923
170
133382
3
11072
22232
235
131505
35844
45660
282
157
294
215
85248
6
271
79916
22672
195
22449
321
16940
10
76007
43169
132520
25984
1596
15137
1671
75744
265
33132
197
211
301
188
31
100148
84462
136
113
10048
57
50946
69894
243
63340
60651
28241
142441
110797
16711
127
53321
92
46697
331
72
61093
31601
10369
126
69539
153
31745
74210
265
14253
18870
64625
129
81343
3342
16924
118
81978
119480
31903
252
18
117272
103
127964
18430
60
289
67857
227
18
125
7418
121
302
303
8074
316
35
11689
170
106
206
19286
3748
159
136294
82501
855
158
144
85372
93259
54857
46930
128245
126
4510
28870
265
165862
97345
41499
81164
3405
100
138533
7263
110551
8625
32716
12682
271
38966
44583
42
353
88477
52
86615
6160
173
321
144
137641
95201
166
234
91
28552
34120
145371
177954
7119
71554
156
265
6542
105
153
260
30889
156847
26765
114582
262
81978
11855
326
187
296
185
66
7813
143
10627
79991
26
47
94
30
41405
120997
19
260
44
15
196000
239
134028
106
14
102819
70
264
301
273
720
13429
142726
99659
201
13782
99815
31606
203
94356
138
69491
141674
162599
100
52035
166
5980
101996
67237
285
24
62377
125280
118
57
23292
98
69
161059
46354
44788
112987
105
203
247
3951
22
25
41
187
32263
86487
67
124
107487
172
142428
240
74360
59675
8637
169
87843
341
151773
301
13298
14991
40456
176
37558
240
171
9026
18648
86385
122073
157
4545
39240
189
154
81724
35
158635
142
307
135
71
1958
45925
1219
282
132685
119672
141
154
217
46987
120808
381
27137
21
53
15888
90183
53
126
71009
30200
154
178
765
72642
64
127
105
128299
207
99
79
141
19092
323
145
113264
106814
33
27193
15560
81
31947
52082
49
153
48374
150331
19150
173
152662
106744
7786
4768
41603
44288
10120
7773
3210
122
226
1163
116
39206
190
26896
69632
30
144
56
864
287
100856
317
102
107348
185
267
13688
35311
84
20299
275
13
150521
228522
171
179
158410
108390
11
305
243
43478
234
70
270
307
119
84
57
36912
217
27
294
257
306
41
275
21238
39122
92
33219
35702
83207
87
170
2891
9
144
33134
94
13522
246
108364
52748
56705
191394
8400
59862
201
50
103070
96
173172
19313
116
3
3
1039
173
42339
59885
187
3
33139
165275
36659
34366
102359
36606
1511
94571
318
168
173
67
159002
6499
118
25567
95
16
7845
32
67005
291
104956
35537
31
194
43018
127583
219
101
76790
106902
79806
44911
84757
33893
2394
45149
25604
154131
13114
21900
264
32572
7500
132
11618
42457
107518
22440
285
21984
100219
189
3
34924
59813
86
168
83727
154232
62
62965
299
79980
44
25110
98540
206
10165
29430
75379
603
1
89
4106
124690
99256
185
1
18504
24084
25
16
9670
39187
164130
257
170
402
81727
153880
4226
90886
48191
18774
73
11086
65948
68209
16250
67
211
87656
107168
86513
116
21389
46164
36101
71903
174
61
196
60
14638
177
27243
6
82453
33310
2265
28
276
102213
267
45363
52
155674
205454
284
77
243
114012
78220
362
28887
171
6914
214335
104665
142004
118165
41198
159
141
25282
45017
32
235
223
75
19853
293
16892
147991
125
90936
22363
243
42292
49524
140
11670
51343
92
23457
49
52898
92209
47
102
101
27741
18
106838
54
32
60
787
14172
141
125
68
10303
116688
233
107004
38309
19064
11891
273
57428
282
23299
102
114010
144820
36821
16
16151
17895
12572
54504
11278
26
214
13
8533
14857
28979
49254
216
3
58890
1
36934
187981
49869
52145
171
223
66999
45
64953
58389
207335
117065
39
235
116729
8630
46287
25071
69030
113818
5477
236
221
256
47885
23751
32742
202
787
235
48
91
244
5578
44576
13
58
135690
4582
80178
141563
196638
58606
86384
215219
10
14
86376
175802
288
39205
25040
208
4293
300
111904
49328
132743
56552
99789
95761
322
12981
28
48445
142
5772
232678
22391
15680
40
115000
33223
1294
48839
2614
19
148
208
68388
305
143
50
18071
4848
18338
1365
163037
18
26807
8055
62
120
81319
36765
68508
13981
79920
109980
6
302
62475
175718
14890
48
173
238
16
244
17487
128976
116262
23065
57361
229
2063
119178
170
80875
175565
190
2709
3141
24481
76391
10849
249
108168
74
124842
50383
51
71
50954
117193
31005
10682
8
259
118360
20280
115230
224
61
307
23186
96104
26769
18820
40837
19436
215
25369
45170
42429
18478
8552
169544
250
225
349
139458
19750
249
46053
32615
22
91510
164152
68
110048
298
182845
86876
107
37028
63563
23783
96776
254
146
171
4532
58327
41685
130098
53864
186
11
23
199
155391
120089
58140
179
163939
6353
26645
5404
137797
40330
49
8170
132
155317
325
16
222
185
82363
120985
120036
19290
66209
8
62883
102181
102806
150536
88024
72354
192
211
8289
175
53356
8
270
124422
9
34591
282
154
28
28123
3686
225441
5418
8075
299
171512
13608
28
47
90405
66877
28
238
2015
49189
81728
78817
1243
53513
132
26052
175867
210
230
216
332
183
75
89
153413
216
1
32742
233
2425
13972
3978
244
243
48512
155
60554
207
3918
15999
196
126820
109
40411
127948
1
6464
116
34809
122
53087
9640
40291
12871
169
38487
18615
174
23
2185
206
95095
29116
32387
280
1628
189
50760
2043
91209
148
12509
167
8
63336
126351
40384
21106
125400
5212
145565
48047
8250
119
108601
43732
172
1603
57
185697
44953
55567
47665
243
35
40342
84946
4076
21207
16920
6
26934
162351
16112
68927
86183
4046
30034
3477
97072
99050
41
27731
43171
390
19480
200
59212
120
9738
94851
55822
3809
254
272
71424
9090
1132
1
14281
7272
290
20802
60
241
83505
174
36063
32429
76
118385
22274
132359
220
75628
136885
188
36110
1833
29549
314
14552
2507
207
77428
29614
165
15973
39712
8
39260
193
260
78194
10
108
28040
55054
12
71
129
1
83764
60
218
288
18576
231
252
185261
17747
162
28914
126
16232
1
18363
143305
40536
276
17226
158586
19778
29794
101888
43622
58365
360
65958
1
106054
30068
104
85205
240
154
304
220775
207518
51173
8
43777
80402
1150
243
46552
111414
116602
183
141
52775
104
37672
57753
27973
19499
14470
77755
102759
39958
261
105
105488
163
228
7273
25490
168
175151
251
142106
247
76
73112
169
2765
2449
8813
128599
240
4078
42891
114799
41
155288
23534
307
346
5443
241
126
108442
1751
42
193227
105897
143411
149
130
144
46
176596
190517
291
111
48255
14210
131
198501
76853
179113
124754
2764
1866
57062
46994
96688
24266
130
57183
132
25932
6469
54326
53
178
36
918
43304
93041
135
57456
261
65281
2485
7490
128
46
79
18273
16266
60316
42
534
48
55354
9091
6529
114635
131
108202
187005
34764
41050
164047
6651
82113
185
237
91
43758
5378
194
9676
83039
137323
93
14377
177
134679
193
46254
169
162
23665
355
80
320
153554
3561
186163
171767
3
15314
13563
112162
2398
202192
25239
53964
59317
79
233
141920
22
305
21
222
99104
16853
240
8
250
41
148
153
182
23527
95
197485
6330
146
74
1
38
155
167
9334
18
182
28
20275
11259
192
284
67
129064
27
50938
7894
292
252
63
125706
6
193909
46
48437
63502
49
50
81
43785
181
10
158163
224
94
164424
47271
166933
5155
114477
174
118
178
70
28003
287
11427
78849
36979
176
181
234
139282
68
42556
214
108
33730
375
100515
226463
47706
62799
2
277
5541
9120
43146
15525
183
18
46694
138
38477
142
177942
40
51579
14352
112483
68
191393
82
190
331
49529
16380
59803
160118
1064
100651
33078
63758
118284
121450
118637
68044
65136
101451
1042
111
53358
122362
27
58190
99
21
44719
166
164
72176
168351
36631
113927
73
58018
3509
1
25
209
35368
17
86
304
171
180
103472
103
104376
68
159697
6059
18002
43497
11
2546
55
115274
1382
98761
70727
50902
327
254
291
87784
324
55
33
45
131563
66
6176
176
69112
108
119
247
67961
507
231
6043
386
82918
59712
136
79
8757
10770
17801
286
46
215
224
43
23858
106996
293
115125
96
16761
160
24373
140
43861
93856
88
3210
36209
123906
68828
134
228
194
117
23011
23724
40172
105
99
26
14
57
119063
32303
9260
28
9893
130
103612
117330
57082
11875
219
168255
38701
90231
306
79573
9397
54923
86
183
71
209
125827
70420
51346
14192
184856
356
25406
111559
3194
4319
60775
59690
322
28494
110225
62948
22
31
66480
14364
73065
59395
225
174620
33225
26766
164
198
98
277
105
62433
6039
115606
25404
263
165083
196
109908
84290
72804
94
74
108
93811
39
191380
73
207731
98
132
9026
9783
140693
311
50
144
181
328
16555
19414
217
28
174
107098
269
158
28996
112
41
99376
63
111
159608
214447
11273
108
29303
49850
4248
134
14730
20922
109907
100124
94
218
29
53394
23
325
96
22877
3
34441
56791
222725
92542
132
63
26221
244
165
30943
17861
1455
19
91
117
2654
199
222
152313
95768
123
125408
841
43
286
43610
54691
323
72
95
8071
62527
27
103
20018
154425
48250
173
10015
16861
5092
18991
155
161
87245
24510
67355
227
77628
25210
20429
247
66040
31647
16620
1924
48735
158
121
182
69
69374
197
168
124210
150270
208
10920
175
17892
257
5684
138352
75461
7686
31
141497
83
81668
76
141
278
96937
113332
90521
136
73
26597
41
75
165
81976
46273
305
86320
1
61285
35130
18204
38369
48410
230
59093
146054
176597
117
160
205195
230
35314
62770
80330
75
256
43572
31838
27326
3480
116682
11853
248
190634
298
4350
65726
91
15806
17602
171
451
107399
53459
123794
133397
74869
276
18
54125
50919
60
23925
6
281
162
82778
74
113
96
67876
55545
57071
10
67672
132258
157
120091
230
38750
582
13104
59842
54
132428
50907
76349
23064
37329
9304
101172
55855
96
27127
112775
125
49
203
54
190934
32503
9197
160
70654
201
177
38275
204
306
25854
22
269
117
40
83446
11
22182
1
56110
202340
21858
40972
93
43186
40378
342
136
57575
238
239
235
98482
6814
195
1
8417
37683
40280
55
59
136
64756
34
204428
148812
9860
19045
13088
25565
71255
50652
61698
189
38501
61314
186043
232
53
8
129
282
18141
41522
54502
12010
132255
88706
11803
200167
17262
17396
106
6
22922
153904
14403
208
188
700
182112
27919
75
379
52202
66
44
63357
115
20444
299
49248
185722
14554
293
15581
205
292
25180
30349
20850
159988
255
131024
55826
51
153083
76146
64
284
53
19804
12548
3718
10207
6020
171
32351
143
86247
171
246
235
222
182
29941
20717
9670
150
216
105546
16366
193499
1103
12
153
56860
83260
51
60
154022
207953
5717
5020
254
9
39
1153
63
76739
12796
40368
107
39
39
50319
39094
87065
133
284
141
8171
130233
149
34
30664
45641
9920
32511
17156
2536
214
21273
78723
10848
1
18
145
91
64032
10
228
278
23044
64
142792
59874
12042
153429
13
9948
78
271
6
174562
24962
200
183789
81
105860
52597
69
115
21321
156
36983
2662
133
264
11433
77058
16804
81375
8
54641
388
146
251
7929
267
21
246
19018
20729
15888
33931
257
8298
149
82141
94933
3084
203830
182
222
32813
98870
119400
176
257
178
113
175
206831
16434
123
234
1392
14553
3779
14
22014
63728
119
7262
57858
189
239
69343
951
228
38967
251
106945
64627
146
4427
60
1678
16262
117
3
9268
19974
80739
98459
203
26206
196619
169
12091
28889
23
253
230
210
107
84865
12754
81
127536
25717
76559
165
39
107
38697
135
80675
47196
11
140
5484
110
154088
12347
126
214638
21219
396
2436
305
179
45027
15143
138224
52
24574
453
258
204
78274
215
81040
306
2300
101
10222
18385
221461
39203
136
13
145
24025
7146
143
45845
50
116
13226
158
134213
15083
3572
35545
24204
24050
286
25018
286
67
206
28175
57
144172
11854
93
30894
273
343
64
138597
81312
166316
149
209
84979
2230
38163
64610
30890
290
11764
88
34305
96
101
68848
99
66
25244
175
125191
62
30
4351
33029
28679
293
13978
88906
71
126849
235
191904
199185
55399
105
94
54634
8
28232
3819
153
124429
6
18881
93586
166639
139
213790
12
239
60
2245
114
478
6622
76216
132
18624
168266
68
217
200
301
326
11258
30457
259
184732
177546
100431
184824
318
300
98460
52789
272
21614
20740
247
257
81662
315
59
30
106
153
62171
76
30729
212
68552
188
49192
29
242
187
90374
242
97721
241
184
4434
154
107
106972
171
81
11132
23
150
75
51803
151
132759
99
392
50745
72267
8238
49
159
93465
59
37690
228476
10644
232
42246
122
13
112
59536
253
189
124052
51
9482
32
109
9366
35168
44568
198
187332
34780
85763
75173
356
1035
7804
259
42691
23325
3274
15
313
27
24106
18858
6197
154342
43
50
234
1683
264
76280
11985
115026
21
124
63623
70
13756
6593
10
15
3
107136
46301
39
140630
78
160
160084
142317
46156
129195
93
14222
40756
10406
45436
240
20839
25754
8
18783
28670
173
11279
59609
36792
1334
140
80754
115706
125966
30415
6000
101
72138
30
247
105424
84852
176
120498
141
80
5084
88
147161
109467
213
159602
149
99
73167
188165
68262
71941
298
40495
15833
89
63209
123053
22935
101861
71
68926
64623
56713
149
107
42600
18610
123499
15
212
135
28955
14109
36
268
4970
93
24
4667
80538
90
209
31926
107994
32824
47818
48
79
44
114
178
5160
115522
15105
32386
213
129976
68
105858
93674
176
229
86289
6
143817
233
6
10951
32416
169826
7513
313
6021
117
21941
19262
83
149065
20545
17095
30711
28804
95
608
48666
298
207
351
186548
90393
167114
54
184
5031
77957
31
1358
174
189316
83
4463
100129
1
37
23
241
40896
213992
264
171
74491
53867
27
93631
137
16358
246
211
84684
38627
116
65059
40
61
80167
31863
257
36
42
214
75855
13702
197
9
149072
19080
100311
11166
10406
202
178868
2
14705
26359
210
17165
126028
130
1727
55
211
184807
239
112
174765
30059
24456
26266
127
89917
275
18514
91784
198
8820
56
17514
5509
45625
11065
237
81
162527
2139
35663
54429
133
198633
169
14
288
17
218
51
39490
79460
290
5574
38991
59
4947
183751
192
39
6973
97127
3988
1771
181456
19060
100
77117
43935
181256
185468
68
5377
84410
242
235
1
100957
25
114
14988
160
16
23
178
219
19
104131
72
1
38
189785
46
91804
25
45831
248
1323
42546
64
60
55317
175835
207
79651
100872
39
152
192
127
124783
188
74610
3
7044
27832
56849
35015
229
158243
4782
149613
18783
63094
100
37
61625
6089
170
155673
305
235
66
10345
102
3537
55074
207
46830
105081
149
212
60
209
23832
23
119
226
187834
211
43
150
339
219
132
108
51225
99337
162
72
2914
323
2269
9915
7699
225
146
5
219
126388
106
127102
147
13621
25284
169
79953
3
124421
205
134
223
26886
214535
4226
172167
21744
11783
93371
83911
78
79
2488
6674
53392
233
10
275
120185
95
39881
250
62421
2038
46528
59
107
6272
23091
78
99445
361
22
80
26583
5355
369
43965
221
10621
17013
23
149843
44259
125118
297
95248
28315
10996
16056
178
218
213
28196
6486
80927
201
149
5905
85
95341
137
294
28682
61
18288
49250
51577
173
86905
172
4795
211242
139
132
2262
27699
315
21937
61
219
137
28144
28313
97579
103652
155
321
47964
324
89
158143
480
227
62
35350
13449
34432
192
82383
66084
14222
44068
82
117351
124
83375
114
64641
22
225
50
150818
16432
45
135
38720
13324
64
124788
2
157
98
4634
299
155
121
112
128
9
3
9581
32
78768
159
42470
10187
1612
15
71
134101
167
237
198832
16993
58286
47190
133
33
79
12404
28173
47
171
34
103
8292
4876
167160
298
296
5590
1
7478
171412
89612
217
202
92761
115234
197
39760
10934
177136
133
181
60151
226
158173
171318
24046
304
62381
184
11546
292
2723
70
34387
143
15639
216
195
316
98010
27123
45691
330
115
10764
66733
22
7787
156910
145061
200
5
88082
133
160024
12716
14113
249
10
317
53172
21537
18
229
57171
43785
205
258
74
240
69
165504
51531
36351
3303
146998
112
7573
10580
113581
102
31393
16541
116
4607
210
147
110
180
147984
5827
157677
122
27505
195
77
4593
24853
90545
316
100234
129
83847
221
141710
290
3745
148
74
26
36333
40
295
112979
38429
217
62892
118545
3108
30
11857
4634
197
50072
29341
167
264
851
310
79
144014
165
37139
156
84
221
364
112
360
65749
149515
87
113
54
6623
97473
184
180
114
96
353
90
12
247
108874
21012
70
100928
156240
117356
167
61756
111122
40
213
18768
121428
116877
41
55
5525
46308
267
22
337
75451
87644
187957
239
138
98
61
300
75
8037
121829
119239
141
32474
39491
28911
140
217594
299
85
11135
120086
54
27625
172
95
323
2472
27
224
13916
130
42229
45092
38010
240
59050
22179
17
192
271
9875
163964
54862
12548
21730
270
75922
114
156188
282
67716
136029
96818
142
83459
160099
200799
186
250
44519
7409
68
115
94157
81230
61
16758
33413
130
76
115
102
169579
76
149898
130
174788
32726
69698
59708
91624
65171
40550
125
58133
267
105
55
60880
31440
60402
40
4307
295
19689
107663
16
133
35
7354
83677
3102
110424
5005
64306
117816
78981
198
89189
65453
37050
1
157324
9134
69
1286
54
60
3
184022
177
30
32
83631
18460
42335
10274
129063
24914
213
56072
164903
226
102
66
186769
64
4121
29942
286
64462
92
94
52649
146978
28750
93898
59
202420
9001
73
123
235
27698
234
243
54
141998
177
167
549
58
136
161
117
167
27401
131039
43475
211
117675
113
273
64
1432
75
152087
34118
76
8
145311
16575
30613
13862
23877
116
154109
232
91049
47250
143
214
73514
143791
200226
127
101
18650
8716
11
15
179
135437
1
10880
35401
4012
49995
102
104
156
143
197
20
314
76214
25783
33
23052
2187
54
278
5025
20159
243
165727
7320
156579
50402
11908
297
212
81
75
122495
37004
36898
43700
211
98788
4725
101
109533
166
59
150
49055
14832
13552
258
119
64407
80854
97426
57
130
21562
141
45727
33
8146
141
23
52514
52482
110
132
6833
250
92
19751
60
49908
69157
211
205
250
22815
234
24
138
32
5637
253
54916
79
63536
41116
178
19782
152836
100083
112
355
3224
25631
118409
35
462
51158
57
15
108
31089
155010
239
161
408
32
35098
7927
38
74
44809
11960
215
19726
121
61235
201
305
3934
116
189
134
3959
1903
84
310
173
1692
36
1138
48156
32701
46735
107069
22628
36
81
9468
120
136658
85142
86
55684
72455
260
140505
27853
192
174716
117
7631
40120
90736
56
280
113605
1
63079
30913
22151
113
14782
46942
144
10752
13579
126469
117
80
239
3
69
152127
287
6545
258
33743
108
153
19335
184242
117
43544
79201
13892
43139
75942
146341
87182
105
13687
8247
128334
12204
124661
111041
37546
85
41763
74661
147823
151
154286
238
48845
11454
44345
183
149033
28293
167662
63998
110
19
13148
7
29406
225
14356
94406
34
190875
47770
251
224
83
327
37
111163
251
186
28995
66473
122
40318
71
39178
34995
63468
174
212
231
1176
241
211
27194
34201
158501
9532
18366
82
125
106
142798
42771
182
11703
203614
35803
15842
255
253
28596
323
96
53137
27
117
40933
29174
50
148796
4441
113
28
2299
195
94602
232
17
156
100126
118
291
141645
16220
319
137
370
47452
40556
49601
111959
81
196
89
114235
12422
253
76
112559
127867
19
19
46
229
103
44
134353
110499
183336
3275
75130
137740
15
140696
66309
295
47
81607
163
14898
122
130
89834
79
15578
33
9
103961
50761
13211
149
31019
127323
53
100278
135
20458
103332
52
4975
82064
107
81789
26741
271
191628
197
149701
45
223
111
146
53
57
227
136935
26475
235
185
220
47532
54945
6373
74043
48882
63011
127861
146900
145352
166154
41506
63124
319
24745
99669
70358
14564
124468
31076
241
70521
78918
30939
83
134273
531
174
103
227
238
73228
129648
181
1
274
3172
97792
205
93564
61
172
14852
55809
25
209
190045
229
87
59273
1434
2
14760
4242
145863
5288
4
197
81683
244
167
60495
123
13014
105221
73466
9588
270
82959
3144
72
161
74
9613
46344
323
201
25679
98
262
12706
48667
36022
52953
18596
157
157
170
152903
22191
131
70
177
91240
29
14
10
65
181422
52499
132
257
193
2903
98103
79573
136
66477
93843
12261
95
213
75
192
142597
86045
19
319
178
58422
88
40065
163
133
9947
260
97368
59045
73360
66
46263
51834
117164
76596
65492
107996
30646
42357
159
49241
191
179
199111
73
9152
90379
114997
44728
176241
93
20715
73906
82525
268
31489
16400
112
223
238
9007
130
20457
168508
116509
257
32769
7714
286
77691
7910
64128
244
17
84164
11834
6563
158
35057
49531
227
205
254
8124
16996
57982
4666
140877
155508
210
5
29297
53619
80
307
41320
227
33
11
19471
82894
26283
124479
262
45948
7593
212
207
33
36582
69687
387
142208
88
10033
15
341
62997
105682
85
83452
152
83476
69670
2676
1
249
10945
62
47934
197
119
220
99
88
152
87066
125
299
22122
265
110480
11111
186
114
84122
145
153
17586
38578
162838
181
195
15278
75996
100219
356
48736
94636
114
1938
90109
258
87269
10251
78307
6926
11259
49865
122
37226
207
139668
48512
160
142
130
131338
332
66563
140454
18120
8263
32312
184
239
29
55703
145685
63037
14590
6460
319
96
33
42828
173
5902
123253
26413
59393
55205
144014
173
98886
224
9590
12380
6
33950
30807
41818
25735
118
140
52978
143769
170
22
64
96447
45812
18138
315
124
2737
120762
59303
1210
116323
162478
17104
14
25
255
117
1069
273
52876
140
197
144129
126
188020
93915
113114
29701
46
41
265
43148
182
204
185
17504
54
267
163
28
72
113
237
131
2573
259
209
163684
48819
144
26
239
188
76304
126070
26367
124
6512
179157
27502
10572
109856
24519
283
3
228
205
92775
111
158338
25
72
55129
64
8071
134
184
6302
182
175772
4035
94490
147303
46
194547
219
320
24
294
73944
229
13049
187
189867
141
308
281
61
187
90
87
3742
175240
28222
56
166
140301
49
20217
80
1
11748
49387
46505
257
211
3045
206
33905
201
106
167
69
59
57
83989
79087
57154
75300
20
32
158
61024
6
2826
142
81
162004
89
23
56386
6
178
20334
31842
92
187
145224
280
188
10
182
38
80
39
97405
170
19496
81370
64
238
287
43
75721
52348
124114
140
32333
7132
7318
146
3
20206
40892
270
51924
64
39821
76293
93287
65
8616
178
161
110
184392
57660
6890
71
6779
5944
53
547
46498
169
135
27
15850
9392
153458
61310
97956
127
141144
6971
341
3009
98
288
52931
142593
32852
58
126
113839
139
10
116
27
262
1088
129377
36
38219
115
79056
145
15
17108
27702
3378
81463
113047
1
60873
237
56
144
76462
49
49851
109303
102
313
52455
89981
4133
31225
89649
96008
164836
28766
57833
818
25854
54366
87
270
35
77
67855
1400
344
198
7458
32063
237
58
55
167
79
17
236
196
168
9115
27315
6
188
110777
55534
58806
19302
123875
14785
61
90319
83
82559
310
258
50
150
48
93
51
80758
61445
253
109222
16953
291
69056
115
322
31990
107802
119
36466
203
154
297
216
62344
60634
46
298
3600
17
16725
53
228
927
53
15
252
253
141
149301
257
86386
199
265
4274
50860
70
18755
168
303
207
51325
41
4
8287
74
203
190
122
67
166
83716
10
234
104935
319
296
14938
76917
175
167
16842
28281
70561
291
26226
344
27306
55909
325
146194
79
55773
164
224
235
10846
236
199
234
261
84
39933
174
157
74
209
262
67298
189
222
9665
80485
14056
87941
89
34316
82197
100058
186188
270
75211
89864
29014
20777
6647
146
150
114
203
11
41983
171
32
23227
4056
178537
272
170
7254
151882
8115
246
89035
142
165
23613
22363
55
162
197986
188
39
195
143109
53
27586
1271
178
198
24863
151
241
172
269
55
58265
95808
131
1522
163
141801
108226
131
94447
309
73
10629
228
109
14571
257
2361
85360
1
146
32900
26807
112001
59
73
79541
181
38
23154
164
22
180393
25
83479
13084
47728
136
116
300
150
139
160528
28201
31831
118
43
35894
33
12541
163
57849
49204
105114
49522
128
1383
52762
118
9159
96939
188
49368
135
188
96
5932
68141
79369
16256
40935
54984
30953
138485
13419
48193
292
98698
281
322
11
226
117
163
73847
28
178331
15
121
15471
1663
4535
168
96482
96
54434
56
31912
160
21208
114
3794
2851
16500
9464
3463
16
3492
35194
141208
104856
25701
25
129449
47193
513
202
12066
6576
78
262
92
5087
33921
72314
62509
118
139
17203
331
39
34
157
19815
5581
164
3506
22877
129
9528
107
53545
169679
68282
115515
95
85557
12699
183
1
21446
23
49519
4619
74453
151
10074
332
144
24726
67504
1208
61096
41443
152
202
172
57226
319
128
171
28460
136966
74058
37675
97549
69
130
203
51175
69906
92012
215
192
169997
34
202
18
103
19261
67
47358
4494
928
84529
78721
245
100930
9999
30
211
49073
49592
126
21640
63581
212
50
71407
18319
45
75670
35
60117
48561
21701
150588
60
172930
1
110
12173
77
11743
189
210
146
63
81729
126
8172
6319
148
351
244
30144
47707
173557
184945
45793
36
192
81
56508
317
26590
134
109817
173498
195
93744
27694
110334
94
139
102
5400
88637
45182
84670
133439
4462
213
10789
7185
114028
91307
123
28
4883
20692
45
301
343
69937
61609
271
2344
104425
25637
222
55229
206
6553
8355
3304
1
8489
13342
246
74735
137
191373
156
217
17242
239
210
158969
56220
16495
30002
4672
14954
147
93415
57528
130
120
143
99705
189
21506
116319
64762
228
76
105851
93
122519
135671
193
29393
3
47
6
3266
52727
55023
75756
197918
7530
3
3935
12143
215170
209
128
40592
235
45762
293
16799
187
89298
32
69
205
55243
66600
222
285
75
111307
251
62229
35415
207
56580
44319
53839
174
52158
212
48586
57
8026
60
116430
13681
133533
127
174076
19
137
200
45107
6
233
98953
319
172
261
97
32125
10994
3080
91
219
78
254
5267
70
23647
44567
130
165
89
4
1444
128407
18129
22176
9471
100089
16
16116
19
139085
66
84
141
96
81518
77
20431
189190
67628
19862
62695
52748
2369
376
2606
18139
100202
1094
197
74
72
69009
141126
211
131222
12708
38162
82065
17098
66
131
146
60
45208
72637
140
1
240
41268
151608
256
120
55297
47685
9487
158279
117172
123
129
97
54353
24
108987
60870
11626
75
46
73
231
2524
59
24061
82153
138876
30
28642
14344
90593
237
805
6615
54300
127
29558
153
78290
262
76
104441
196
93935
7681
239
40295
5064
360
178
23209
177501
250
244
67132
91
42708
22747
153556
139674
40537
38
127
73
217
28632
48330
67419
17
306
192
137
35644
207
37
156116
129384
47493
21
10247
220
26946
10243
10
28854
16
105192
3
19671
29
132
67
16
176451
104
12012
1783
120050
400
218
17288
213184
17747
126842
754
110059
26689
216
231
312
130846
89713
97929
383
75847
17944
275
93578
26716
54
79609
114
178
99
170
61
263
18661
26174
21
122
178366
19758
97020
4700
64012
21346
196
113923
75236
124
233
3
168
261
10
105056
116
38028
72
59
38053
1031
173
141
20
15
83277
19
92693
32672
53
1494
7285
102402
24076
70
21705
313
115111
135
52
79
61839
83
287
214
2095
192
87197
6319
147948
28766
149
305
50250
73
12112
266
118
11598
23583
89877
124
22314
123
26455
232
138
10
97122
3
132510
38
166
6208
80177
120
74
4372
48450
234
104095
128583
50580
253
33738
61947
87130
208
44
93
60407
18821
137
16
27
74265
245
74945
26787
88
71801
233
42694
232
27
50932
22490
100
36656
19309
510
62440
190
33
225
27333
205
100794
20027
73
37756
370
4959
74285
27301
52556
135
141705
3380
44477
52017
128711
19228
11144
18
174
52
2206
40902
24004
29
231
130
284
87841
142633
92223
11
161599
51
2729
76
253
284
6602
114
7119
248
142205
83
226
93962
37949
150
49
13125
55922
5896
4681
74114
21102
139
14756
103318
56262
261
76245
92943
36028
177
14701
103
213620
290
8734
94
10653
2282
4393
32996
164613
163719
232
24104
70
191368
90675
87
15
286
171150
25
120
16822
65692
103101
3774
95
110361
6520
32195
226
219824
177
222
115825
70654
58668
193
11860
81
170164
162
71328
4833
16
29
64
53
264
292
260
25572
25
247
63935
16184
25547
17895
45554
27502
44
25574
38991
86625
34797
62
95804
98233
20367
38609
43
41
92856
245
100881
2731
80
24792
28808
4286
62265
1
51
21
7188
69685
12116
9274
150
140311
102950
102374
15513
120697
42398
20832
752
118
114
93282
307
162381
233
17611
3828
13712
183
38046
7452
24190
121
73
79829
89006
275
122
2662
77613
32697
57
184
181234
213
304
50758
1
236
179742
38344
351
28353
22701
102687
54186
25787
216
269
7702
168
152
155
29922
6586
327
124556
22871
52379
169
66329
268
78
20007
281
33711
134
106
281
30050
21640
9185
177687
130
201557
71
27322
3136
110026
32
116820
103372
32478
18241
40326
218
307
64264
33538
448
66070
77
148
130329
26211
1140
176436
6501
244
154
72414
179
41651
103383
161
50
185
173
11969
244
6116
325
127
161
56471
118
120
11687
364
6510
96
2569
29
142
160
14538
102
79
88
171
79740
147
4089
33351
35880
48903
6
46489
213
94
103
204
27228
35667
275
48406
1
52476
143492
49931
51800
28969
13953
68670
116
67051
243
121
90
43679
114692
139587
140742
58463
209796
45880
96
107502
60
137673
11750
261
3
141
219
67
47
41904
90
112
394
67652
39260
17
69108
86465
110484
158
125
37
57
122174
20998
87135
56440
58448
16
264
17
97287
92
114
41125
1188
49983
66076
15406
138
3970
118362
301
24965
12161
74177
32
11649
118
175
183
125
7443
116691
128442
114
12175
45
168869
47115
289
13764
214
136
204
6320
40177
78613
72931
6522
326
35684
43904
276
88
97743
55186
204608
4159
30023
179
16794
1022
68
79860
156792
20
165
281
67530
76181
43193
92
28058
22026
132870
116
189
6038
224
71912
117
48791
85768
31243
114
65587
108641
99
4061
28679
22606
69248
226
29247
151977
187
117996
312
208
147163
137
39
153
9
79387
102959
45
166493
218
28
2751
6
6213
90950
140
170
186
7739
18544
26327
364
102108
173
214
145
21
156682
49481
189
135448
126582
1026
268
55521
31184
454
144
353
117
224
15725
1
62072
3641
285
244
168
5381
242
91
31
163579
128882
191813
112
25611
11925
51
142
239
149
12503
32485
60894
53353
169
18
179472
46
2663
161082
23441
193746
101140
138438
245
45
49305
224
21848
69348
248
84197
6032
70
88508
195
205
55266
55
274
50107
288
174935
247
50
131
113
58
21921
110
201
40247
78548
267
280
108026
31151
5
109959
56521
9301
46
2491
19140
55622
52081
85363
111
98
178592
66
151
4794
114877
184
34
39666
250
245
49705
66
11478
39
107020
68704
188
175
187042
1218
2358
74
146985
93729
21311
53901
21
24360
85
52
136
7555
160408
94466
297
71604
6112
56
362
207
13
124
13901
206
66879
291
28394
1
140344
170523
52701
117
119281
33893
45
134
166
65153
40
194983
152
15300
208
1
222
56908
249
318
182
251
15608
28989
39
12221
92306
52
56
59
166
232
180
150
21511
286
148
153
42
109
1349
187544
209
28835
127
82
51
207
12442
55
79
239
99204
77241
140217
133266
269
193
13195
293
79
10
28567
108
36045
281
10238
229
1546
154
37298
9059
320
50141
123152
78
63903
23778
369
84
6420
143928
94
57191
3449
13
60018
109
128522
18
52
2578
224000
68173
381
132
169
33829
76833
10179
165
195
18160
85777
263
11
7497
115
104519
206
4719
30566
111797
211
13
192837
216
149
254
10589
5552
64487
2130
65868
139832
25
1318
145
236
286
151
254
14497
35683
28
27762
23942
22860
92090
3734
311
64
3306
340
147985
47
3673
196474
138
27
306
94576
102
22
229
120492
23127
6
43
1087
51399
41505
111
75435
8134
62
9071
224803
240
209487
1581
99917
164
52251
259
40882
248
84611
13751
65079
194802
40985
56403
100099
113910
84492
61133
69
41556
60345
171590
46
16887
197
76
63
74826
274
120437
254
20809
37348
91
35865
83391
211
3412
124
36
29916
172016
86333
128796
226
64593
329
18461
32751
230
259
167
21600
136
135
14528
1365
82
24825
5111
47
184669
153889
151207
120
121231
68651
122151
50434
266
55908
156281
2400
4
139663
18926
378
315
282
267
36417
129
80124
12
22023
23
73946
279
240
201
3152
68308
15426
145384
7
219
11
8716
18372
92845
35
44283
89
149
4829
44882
3504
57223
12492
100
10
24016
116
7625
108132
2271
25714
163
223
50211
117
258
7089
39
86200
26000
32315
6348
39719
225
328
262
58847
164
10352
45888
23105
102930
38381
247
111909
213
111
131
37114
53860
248
99451
325
10996
16306
138404
111
1807
42509
58148
6418
265
73648
194
62055
241
165
133047
35682
222
93385
871
9565
15644
64742
23869
12888
69198
32331
16414
12314
80049
195
115019
60925
9951
41
113906
235
98353
202
27
70
309
115
161025
134030
46102
198
81924
47
2542
12997
211
100586
29556
15
65
45325
15407
143
100933
26001
135
11632
188
100993
31040
57163
47689
12437
122
21009
145992
208
203
75798
71999
2622
120
42
177
64511
101118
104185
185
109124
38867
54918
220
195853
133196
1091
40
65674
80894
11
64174
18255
4
115446
2
89596
132919
199
266
51
48569
236
26929
255
95939
30810
166
234
29551
15017
95855
4877
147650
191
36976
91
150666
68
85195
222
181
86
233
228
47801
214559
46514
1080
102
32961
65
18744
17355
18
25631
271
27239
81247
101815
280
184812
67
24414
139
123460
240
264
32830
142054
71
10840
39446
129
58108
57
38
46569
113099
53
135
179117
52087
94344
295
214763
33088
24
74398
64
115442
128
31768
56611
105537
18626
75
243
114430
180
66317
34545
255
8
4050
7816
70629
60642
190257
96727
88456
174757
9153
75330
16788
159095
45
178
165
39821
217
151
19333
103
121803
109
682
60
18999
142
216
20
208
134952
165374
86196
137
77166
43687
178730
64642
17178
1
21246
130
153
85801
87
150
113413
76619
10377
280
54
151
57407
52
138424
9
211992
209
156
192021
29280
187
166
74
9003
35800
174
4510
161
68470
56278
336
140
6
5078
21
74448
32280
17
91
16210
20538
234
139
79
10169
17315
23029
66019
36786
163
47683
39670
246
78
102
287
196
161664
24
70
94
96233
95523
81
31428
33
73343
2928
73554
194
106209
110
73598
13331
179
266
303
26202
133
228
226
196
280
262
33
74193
46
3766
15795
85312
50130
40241
717
62
8249
82013
15
157
255
21620
52479
105974
5
6997
108
258
90
226
35702
29283
94
236
8649
71276
180
22052
240
178059
60678
12
201033
27305
137
26787
118
76
48
38491
145301
11145
16
283
63976
58
47977
101811
10
47
4208
95
83154
21260
13902
80645
33
44704
136849
91
158596
11184
204
158
40
217
54367
39
303
264
14607
1902
221
6
105
62019
293
29794
220
972
1911
55429
32105
110951
126
186032
137174
79638
27
48
138
178
148555
182833
107
5954
7296
21290
73182
169244
58676
77063
52031
25525
138750
309
68547
164
2
14834
39869
301
204557
175
25
139
15029
39706
79057
1
16253
5275
327
43
1611
21398
4605
264
26864
116
233
125762
92850
69
139
133533
16808
109140
44957
169837
135
93
31
71567
238
283
247
8820
236
154
252
91974
26081
165
159761
57
180499
70798
203
59
66
40
69582
125
40799
200055
55
139
348
61
179398
33737
38449
140416
47813
88739
16435
27816
5770
69395
145852
54
207
71475
67232
11092
210
8
9
61232
123
40107
279
169
4
43
134166
83
7942
2623
49821
116151
17008
138287
340
115
62926
22613
103
117942
68648
15211
187
54291
92
11315
30176
74
69519
6
4
30215
96
35482
152
37343
41000
19428
156
140
283
4008
202
96947
113
67905
116
151
233
103814
292
246
44546
28
38720
206
9883
4
241
697
97686
84885
261
134
124
23028
99509
313
14213
22
13
3001
242
166771
237
29358
12175
232
27902
3
7544
240
51
48901
5001
207
184653
337
20
113473
123876
12179
15617
129310
182033
277
137036
154
15885
2955
30111
45
31829
36
72
33311
23177
191660
4389
206
11106
166531
118843
42643
36258
206399
128034
36535
237
28587
4636
12161
102
245
10
183
191
97285
151
94661
74312
51819
136
209
295
73
173892
127
46791
44
228
216
40696
359
129
98
226563
353
44
308
58495
63674
19094
94337
181
5278
239
270
177
15893
8254
267
566
148
245
132
1707
273
53992
227
17926
39590
13
30559
42
935
11114
95
210
10822
28
43
2013
77
247
7577
129
141547
75640
22
41
95950
50
405
70237
135
20701
47341
9
60
125035
13389
20
67160
33328
286
107
132
136196
34054
50722
260
149466
27754
227
6137
126367
134905
2422
85413
194164
441
181
6491
29818
4672
29854
29609
120651
6
68948
184
12391
138
72399
87
167169
6867
70509
109
254
193
2582
201486
116088
3445
24
31
15790
1082
168
3337
52135
73023
134081
11
99
203
100
112976
43
108564
41739
10085
60687
17
90
149
155
216
67464
50545
15636
36521
31097
52658
167
6443
42912
28112
179
17249
119455
216
168157
76
314
23100
39
230
154419
23944
66
57150
52041
30367
55743
63823
9
5100
12129
43
24550
100
22485
65
134
77
45
99336
11302
68987
5739
59309
33
22
57990
152705
132229
37544
26279
114200
24124
259
21221
310
32487
46500
104922
30499
216
14021
25033
256
159873
95849
25511
44468
40627
134
4973
25
20
10960
36136
282
45
26713
72385
54581
83
92
216
196
242
39
156
374
25002
51746
245
9
17234
228
115
128947
2998
81020
111486
17
122634
92193
188079
6
143
263
23153
171
93098
119240
50599
267
29589
59163
10082
70
274
32
122
181
120
90135
74150
71095
57354
109260
140
170
315
3975
2255
88
68
115708
25
59679
9194
569
142
263
61957
45555
239
174
49562
146
294
7012
173
6482
92
204
89911
1
244
4517
10510
353
45146
134048
84
328
308
939
239
15809
129
7590
110
20
14
87158
3
155
43550
43607
20179
199
373
63
14167
242
20463
17501
331
73722
150
164
10493
132
259
33610
153344
131756
17693
91567
90017
226
190863
69073
5
183
340
9
24617
14303
139120
123
22256
166459
192379
14964
73927
312
36166
74557
1216
1596
159
53790
143103
12803
70742
21362
71897
204039
149
39
92018
179
17955
17992
186
209
64
59
56984
61
19054
44518
33
34440
202
17416
66281
40
167
134202
8917
150491
92
152
170606
123415
86783
143
90747
50785
26677
256
108698
137
38048
83788
135
118831
1
149246
105774
13622
143168
101097
168020
59
16846
98287
237
998
183419
38
40383
277
19
274
160
111
297
3722
65
86
140523
44
2405
163
29447
29794
262
47051
13
13
311
244
12850
17312
179
43730
256
82523
4647
168
126529
22826
40
155609
170670
29
45968
60
26328
202
145
104
95279
291
3
11
106
39
158
108846
60999
95253
3500
153127
5559
9992
21097
20171
30136
44219
244
37005
256
37021
151197
11215
19617
310
110700
190
86044
139431
5984
13076
76557
31113
132
96
38
18817
18
230
63
31607
1
46295
2159
230
66
384
92
108525
149
9996
167
98701
23591
24405
115983
115140
54433
88589
138048
81
181125
123505
114980
223
291
43896
49241
38282
102050
16946
58
22580
7119
975
245
178685
29
144877
44715
63407
126741
41186
39235
172
27459
175
76
196845
315
20104
90
172707
41848
151244
114
315
284
5805
43620
250
48
61019
231
82
86
143
8101
31773
145
105783
26
236694
110
152435
3
39463
85776
6
97726
72302
28906
4566
121787
14962
113342
208
241
15498
3
36669
271
24537
54966
134827
172160
271
149616
54171
31745
268
3204
30924
126
95
77206
60603
220531
96943
239
190
48978
112
53826
57724
19
46063
114371
15
74901
58506
47197
61800
176
12828
198
1762
71850
215
101
132
266
239
208
131
2163
125
129603
162
31
92144
206627
91780
226
63
46104
5
138402
179488
215
99607
366
3137
21856
46768
1898
1538
119378
304
125966
119257
18210
284
35602
6466
35
261
50844
250
66724
6
111925
15508
4461
34650
11
27794
126
309
1464
84
8
126
144717
28238
205272
150
130395
149
70871
12398
236
152406
207
121
111482
187757
1905
202
138355
51964
237
5634
71
22040
47
9
75276
64647
175509
246
1591
51
136208
57717
253
99455
154295
169
39837
14775
144121
138946
9611
208
297
251
206
72
49522
169475
63
12075
138222
52642
238
185567
134312
210
27160
13222
17994
16622
133
64623
251
8769
215
278
255
334
113016
186
105321
84577
17403
14703
205
77
70524
188
29338
221
4226
501
190
300
163058
146
76
46289
14643
104460
103
224
24430
31330
324
96
20159
5777
120480
8312
167315
135144
234
86
170
38107
76884
34407
52313
60
221
220
20917
32
76
204
101240
36086
115934
23338
64856
145273
125039
115626
44406
72684
3
158
79
26509
241
115497
38
37447
153453
19358
1569
192
48661
45936
168871
1
1272
190
4587
142838
97449
34564
90099
92932
199
98266
12114
14
240
52434
191
8090
142855
18963
134004
124
120
104155
245
193
12144
34
213
154126
38
71
218
49
233
83360
88
134
76281
246
169
112160
11736
61
47501
189
24775
315
1
221
39978
12
88
89
265
3577
93864
33
126058
33909
1652
3788
67429
16585
122748
83419
51471
31
29382
147
22234
124
98278
12366
152
111
35
69024
187
67914
48478
74
30517
170685
3363
58445
20
226
208
16176
91
14112
56066
55
78221
256
127
193
131
181
33879
205762
309
13262
3948
76682
52266
197
126
92896
206
217
93
219
67774
16128
173570
141527
24171
256
17263
219
38
73
2805
41891
96
150
35654
2407
86609
137
79905
238
167601
138270
54
129761
97168
42
55
59
206594
276
124
207
131797
35352
730
67
153
370
34
83961
1486
234
8435
60
289
130
154996
163
129
111822
144000
204977
104
19614
255
11
57790
131074
313
48192
263
11966
90534
35997
270
10611
105425
256
22144
59050
5986
93
266
5452
17182
125
16276
12170
126764
73
197
181
35116
28
77458
22
31234
15547
235
351
34617
23635
26137
185
57530
35340
33400
108453
151333
39605
8890
180
131
254
162
126468
20630
5358
112254
98
187
109613
15
50
99830
84364
18
144
61741
13
92144
8083
13635
113
49922
58
92
9869
14012
298
42311
21904
90033
93
6784
24276
136
107
152
34
273
3339
131
68
53
37
9647
13
16751
120998
8284
21995
55
116
265
56
68521
35
328
9981
47328
72522
5
94034
34659
271
47089
251
92811
290
182
154
3098
11752
1402
141477
113
9708
118
346
27342
118951
60597
58
85671
118894
24196
13765
76077
233854
110755
3372
20467
96
31968
97
10172
71682
24753
49
81039
1380
14299
74529
108292
134
246
159
14
29246
286
153
83512
22063
53984
13631
37275
46499
63739
66
3361
13283
223
87800
226
116
267
296
28273
51798
64853
91455
248
24
51253
151
106
243
17
72
79701
175218
88
199279
62715
353
16512
90802
15423
291
1
140
30110
289
10
97
16415
161
52319
138045
120790
214
84850
96
185
104356
86
73160
172
75
5267
35236
272
120635
93
255
29882
40124
14295
297
212648
121209
91303
110
197
147
242
89
9478
59285
10992
114172
53589
8299
188
173
14057
6
3706
72224
183
65092
6156
78422
74661
3
25
153522
5703
117
3033
46209
112
13003
13268
26954
55897
116916
87155
164
14222
183960
80
63639
322
216
93828
120693
64
64
227
87620
43150
83
30226
271
116
113021
197
155288
73789
18
189
217
43613
5538
201
115
87335
95791
166
95249
55160
105411
81777
24805
277
134
168998
67197
62
43
247
102031
3676
281
40
112
86
83811
66106
16896
76551
150
4817
12006
125
285
74163
41770
28
272
4
5536
205535
221
22060
37902
115
63870
25379
221
72606
171139
214
30
148
75617
276
21813
121669
1360
14901
3253
84605
3417
133852
59
90069
54193
59339
344
158280
65
181
62
99
4914
70009
166859
75375
80761
162
4957
32699
167
120770
95
62364
35764
172
21
186
148
10
221
96
145
186
185204
149985
95
78
82705
84875
4784
98
227
4987
10
154
17693
138121
176
33169
130472
55
28599
60565
34807
24450
98863
113
203
57134
92065
105
11
53209
57471
11573
114
44
10055
191
37965
5
85
132879
149212
238
90273
6029
118056
217
213
23350
86540
28132
145909
148327
6505
3
226
4942
197
81586
94537
25399
3478
130580
321
57449
311
129
183242
101312
343
147
36
121
1311
7046
5380
19
109
26665
47
83504
57
4667
269
9016
49557
4931
69
167
67787
49379
39
206
198
298
2345
17136
267
58
43932
141
101007
9159
68932
81629
18367
90094
208
441
6771
3680
100
64494
114
62475
130
36095
258
265
18744
53612
238
5213
345
4359
22547
44195
86025
167
15202
160
234
12
3028
52
232
107469
273
65197
211
39778
229630
46372
143
234
64
6453
134
135506
53362
111125
195
34755
82068
9174
158
58636
12153
139386
130
29411
114411
108
140
54668
317
49854
14197
292
18
90
282
24014
267
32
92180
156
10320
77364
32150
21
35535
221
85915
765
11146
199
154
152
205
12653
81274
149
18358
64763
1968
126264
109
135
95731
110
47250
82997
5848
178
8902
120288
268
8
35
210
297
89
129456
48296
257
96910
214
211
325
109513
111955
18954
28169
173399
43439
59168
1
69960
308
56490
100
243
242
123395
72059
21
85
114
141
110
4557
35859
100707
129
800
185
21569
208
221
238
80815
2678
11906
9
69
10149
169960
2041
14919
191
62058
223
198
316
125
74845
230
54885
81957
4834
81407
235
18079
363
68330
18
144875
12
206998
19867
126
107
204
201
81114
63651
12
64362
310
306
341
40074
17773
171220
84162
211
104
43604
51284
213
187
289
213
26098
10808
187
115421
137
2737
117
214
81
94
80434
30646
9851
8
25596
1163
18637
268
23031
291
49889
86
65
335
11143
26628
158
305
394
88163
48242
70089
34
145
10180
7444
133307
276
118
99
289
197
40246
178576
95
146549
223
31
260
4294
897
26822
87
2230
143
57076
21
51925
253
23
165
39752
46729
53
209
367
127173
81152
20465
116
34
104
52
183
42328
206672
237
250
58336
289
140
113
602
180
38
270
245
23
60
130
179
140
218
67
3837
52891
101
170
155781
291
149830
50279
62
105
50478
1014
51446
191
28752
53
14420
183
188
61599
161924
15092
4216
22802
13
23965
199
56
316
2409
80609
130349
224496
22208
14282
204
135
58
56
192
189
89
55
82476
177
73034
3368
59989
141
63
200
275
193
183
158
64
28905
69422
49193
26
9504
63326
81897
176261
33649
66423
3371
159
17
4404
90930
141867
40651
119
87684
1410
191
70099
192
260
31725
795
162
77276
210
57388
105840
197
7415
120887
34382
23768
15511
103
118286
15185
71693
145
186
257
49392
162200
222
258
1
3037
146
54
228
49529
9
108265
901
125628
200
42025
16731
139922
124
151
137927
110
163
312
61896
18979
269
50
61967
52688
96378
189
13271
236
194
159
11772
45261
78381
84211
32181
46123
116
33
33
63937
252
43
194
7082
208
36102
171
169
71276
13777
52560
3
26046
31622
44613
246
152
62
189
21415
11
192
40294
135
24636
63
13412
24495
234
7809
154376
67494
42
44
57862
28641
47
8028
104749
273
258
243
37793
216
34
6034
53946
280
106941
139733
284
92
196
757
119334
79725
43861
28163
233
120548
41066
56
1214
2
126211
231
60676
191
79778
264
38378
194350
215
89873
232
54541
80727
49
38
32540
76
153
191
196
66274
268
272
29929
139
28973
121
289
175362
8775
156
116394
15482
41
72044
232
256
205903
254
133
165
141827
87
143
53
181
24908
111061
65
523
174688
24753
160
4
17
69774
216763
50068
221
11251
70
151
63420
259
15
212
39191
95393
87739
98081
127818
104267
52659
2884
92377
116998
84
251
9189
103122
129
44
120716
74704
15
11887
219047
33583
279
85198
44
83183
56921
299
101699
66263
90971
13096
167
128982
181378
98762
9959
3366
104
254
195
6504
152828
58625
17163
16508
6
218
86603
162453
158
209
217
48793
172
11050
185
54279
111
68
30209
63
123167
277
8
235
11
108836
99132
150099
29
67
97
156051
29607
324
294
32202
235
12509
6016
19541
145
61566
1721
11244
261
247
10708
28068
183
63393
111
283
4144
10195
8996
19
198
5720
239
12867
116251
134
7226
71187
36093
29
80711
74
64919
119
122
203
186
163
44
86
102
52
121136
224
10448
263
94172
588
72
14092
40717
249
4
89852
11135
2653
32902
163207
53627
66
22118
180
73807
28
215
133770
162
18236
113978
45319
89
184
21806
10996
236
262
43719
276
32408
292
386
25497
72443
152339
4249
169647
43273
41
205
88
28338
124
101631
203
15458
214
164
210
21
14388
3
54
64491
182727
113571
63
4846
79
59248
2350
164
128989
267
135
33449
32
30
144437
28583
7807
39784
6
320
91
243
52890
177
104293
34131
108
46
61821
6299
100
2850
220
17860
207
176399
54344
22
9963
208601
4
55139
251
704
272
42397
10890
124
148
51840
59354
241
140156
18205
23862
32003
96317
78544
214
14181
25730
95809
207
53458
185
169290
28136
8597
15950
8953
222532
29010
137440
289
2247
83
48760
82218
52750
77572
58356
246
254
110056
27215
36645
149759
16593
197
267
7922
190
100
262
2386
14961
8036
281
40317
65340
7138
217
11076
44809
55
80112
166
18133
20121
237
295
216
86
370
105
10503
84750
103374
101731
102727
14566
1
57
154
33
7296
232
202
49081
103945
23857
97464
253
17098
12357
176
63
11176
56125
80086
30
66566
234
162338
86136
62703
13764
92425
3734
29139
82
235
11684
171
85495
240
194
251
17401
34672
192
24329
7462
11667
62
115125
39472
130
163
86669
2
240
37
217
35674
258
53
274
372
55661
97
116230
16275
289
266
992
3075
49829
12670
27229
109610
28351
200
186
5379
208
113399
87
193
4448
16
107915
1042
51300
211
146892
318
20202
65457
70055
144
234
189
11645
45550
114213
54514
21
79793
415
141
57
98
67731
33032
14642
207504
141966
181
100
260
9770
72429
94937
36016
12765
188
215
30765
121779
67
102370
97015
8239
263
108424
167
14717
18519
18
6974
68873
197172
264
69064
202585
215
100
87
184
45
77066
144
153
290
15
72569
97
28
240
5745
1227
6336
77120
243
5960
226
100
72829
6502
201
193865
283
1
23524
55368
199649
168374
201
244
37
39021
273
22493
242
59
199
20
145193
54952
218
165031
15597
67
1085
17330
114690
184163
11917
206
96215
72851
21
281
11397
43
26
177
112448
18906
227
107
267
139541
89453
97
163
9964
18303
106
187
52767
27
72
150700
7419
3
70460
166
1
971
113
169205
160
234
2173
323
162
63839
151
9065
177
87
52
56895
82
175
159
186
106
190
156
61747
184
128801
120
16
164
275
5348
115
61
26995
61159
147429
3
333
1
195341
14
23198
50
1036
3888
40
43
23132
63725
187
9632
26768
107
151
81091
80
32860
3791
231
105428
17367
7607
4049
195
90922
82
19021
338
210
170
6540
77294
114714
73830
48
60476
88219
243
72
169355
145
16839
21
70
277
24
76
208211
194
118231
6
177
187966
202
202
41222
288
91392
7249
97065
5696
236
8
7541
79625
10
15
15695
177
162
176
167393
67
35134
753
60979
27055
70945
25818
6
37087
297
39590
247
194
66795
46
113
92
69257
112
147
42
138543
146168
107
2280
3680
145
206
134
10
292
220822
37881
197
56
36262
23
15104
128079
193895
75
75847
76857
11280
34
12207
115275
57768
251
197125
195
100
273
40
69394
153
305
97
90578
63985
23
175
8
152
26
291
306
13277
117
112
137683
131
57301
34
163900
59997
367
126709
100829
108
246
73464
244
22056
20248
6344
100
55
249
193
2840
50505
210
188
25678
164
9673
34046
159
106605
232
3
29630
141357
94
216
220
22517
41961
192
149
16020
93335
5733
62307
257
264
157270
122
135
179242
11506
89
81331
54
959
223
211040
96
8
61234
3371
44211
2611
19779
175998
81
8
118
120436
36616
183894
51550
59787
19008
358
321
181
82536
69068
71918
74724
89440
207
123763
73408
132035
175042
114
119
51509
41237
126063
269
1
83601
97815
14126
9
4772
87
44117
14
391
84
104
36656
5507
192
151
98
20928
25582
155
82
15313
286
78018
279
216
6166
178
25537
89606
24
35480
102
77415
35816
174098
36900
44482
90
122
219
164
351
76490
154
6696
137
2054
132
38183
177
87
9425
182
270
26994
327
109207
131
30198
13334
32433
167385
55848
6390
221
9205
9
35066
57
13
36302
94758
47556
226
199671
36465
116937
165
9
47
4999
31182
217
34885
303
70017
111
3
18087
41545
1611
2357
306
80796
145329
162
59257
31732
228
76034
193129
134
230
25588
10343
201
14193
39
107567
13
18548
133
16477
48481
77321
161
168765
77
7909
180412
17788
40361
46
156
25559
96
18
30
228
306
185
85
56241
256
173
74614
73
23
77
7489
160
79253
30842
164
7713
27
30198
20
123340
19178
12824
143526
54441
222
185
233
97708
97588
13475
174
180
149
2094
229
195
51668
58560
171
1653
10
366
63555
7899
122
16771
79810
3
4278
5052
75810
151
75693
148343
183
21
4085
69
56943
183452
48926
114
31728
137
8
259
3175
14
130
209
66
240
23978
151996
79842
2083
68344
15337
272
270
35161
272
29298
37564
162
106849
263
58
198
10
121
48
49960
170
32094
41719
216
49759
71587
10800
108
15
15
4556
75259
226
247
37960
30921
110665
206
217
185228
207
114113
13149
21972
57
1
293
315
33368
61515
22
297
7044
288
3855
60949
57661
25837
106821
131668
37527
41148
126
29320
293
70947
12912
20434
44332
21305
32696
39
95
45015
2594
47399
243
47088
120952
107880
131
246
43750
63
24685
60386
285
85306
6524
160
134
222
164
258
206
138
53
298
51950
161
45798
105107
4012
99751
36928
26969
139
299
79948
112
21859
150
237
68555
109954
55803
160014
39
130
28538
2869
126
18585
8030
149895
12590
83
256
18021
237
196890
196
6060
51976
77478
56359
120
193
24
16
748
13379
167660
60
24269
283
94
56303
66
1590
9085
10263
91328
7567
43899
171
173
23773
131822
31
10142
308
193
156
4
32595
60728
38227
173
6536
233
1
131
39
30
17941
113261
88864
193
27645
76
197
269
1115
52224
190523
9867
55628
256
33208
19074
113470
243
24045
188
23736
284
137913
247
154312
45
193
134529
2744
14
12358
45402
87
261
3837
3407
46520
225436
73
304
130733
188
17634
293
179
1824
176
66789
9042
78
43259
1521
26757
15424
172865
214
80
97466
121
34593
258
122527
215
181
58997
25080
154
9
267
75305
174
275
104
15293
79429
143
130
233
192
43465
150
87001
77270
2252
258
50101
14878
50
14701
315
136718
34803
233
99507
201695
48219
52
56
105960
18565
64
94192
109
93399
11673
246
50
263
98563
61302
160379
172842
57
57
122516
113297
128896
49
154732
62338
115166
54127
11209
7650
165
94840
248
70298
65565
40
152
1411
135335
52850
282
47598
111
199313
112
27492
152207
37
35246
42232
156814
125561
8204
126947
33184
265
42950
81
9
82890
288
34195
64133
19890
209
187
298
150
281
191
34368
136676
31739
7
21347
190431
147
69
82
162226
4562
233
29830
167
100542
153785
251
19941
57
161176
89
25435
40635
197
207
124498
175
68
150
24866
42
115
32
105
168
88158
15872
3
331
10612
21669
49
329
142
85462
18436
86
92
51535
268
109
127387
211
257
70383
24471
83378
105285
33764
62638
223
92
8396
8438
5983
13730
256
233
128
6217
4
204919
19736
28730
7426
59
220
250
4531
109
97
29881
31028
188
59
5546
225
44
6168
287
87022
63618
176
231
336
67
61
59805
80
28680
13676
143
78063
209
208
8864
107344
211
111
37
43
206
93
132
7839
156
22
2636
3
178
7123
36
160443
309
140
109100
294
71593
24874
17065
35
54
108
99020
288
213
132083
158
233
138795
14973
86292
335
140493
54
145093
359
213
142
141
41
81
61
14374
116
105585
3886
29005
240
23556
121
266
144236
9548
10989
33
712
252
204
61640
339
90
262
5275
113028
35201
63
210989
47332
221
90132
289
334
11405
4033
132361
132
50
62883
13631
95
278
52
474
210
273
2724
130773
10
905
135774
38861
5500
74515
46296
118380
174714
34848
3842
5953
99
223
153
125883
102710
188
166
64450
107
31884
119
54
2582
355
8
139
67740
43252
70
87
14468
158084
15
41905
154
27082
258
52104
210326
31134
139
85307
61358
149
164
74631
7534
81
286
182
241
35012
95099
51
263
101
68397
61318
27
224
25422
86198
65897
96396
221
105449
142
108811
73
97
257
256
152768
534
106
361
6037
273
88749
293
15506
70
108
142
65
28861
131
19330
114
83
35707
89
272
260
310
238
61
126
144
288
24918
108
2311
11378
324
15534
544
26247
195
68
84
113
69
25753
16626
37448
13466
14056
194
118
59446
19
151
259
26
83
1
205
23
51054
172
5606
110
5243
57029
39
44933
260
13303
72005
165
103
11824
207
34
110634
195
4422
314
33
249
24
236
82036
43346
374
323
46111
224
142103
38563
7932
211
69
61978
209
94929
57
192
5049
84
30219
195066
68011
178
144
24789
63
194
175
65946
21
99171
6273
278
58598
9077
76153
24
240
196696
72231
204
94953
3899
3
115046
68086
176769
155996
74549
430
78332
15
948
139
142776
148
650
114
29521
31
64
92
11338
149792
11
36670
201
35356
11140
92
105215
154
26212
104135
120929
127126
24817
69968
73
80707
226
13431
110
138
15338
5315
161743
24363
25
313
13157
37
119098
17107
290
178930
29804
221
91
201
149
47
38829
15963
2953
145
99
128160
63992
23456
70
28815
198440
86093
34
84646
174
312
12468
1896
166
142
116812
116794
77398
211
292
91733
5182
50
66181
19378
35217
75921
214
37801
10
104078
189
30809
27951
180604
133367
32255
252
40
19
132
272
43843
195
31142
83
208644
22400
97074
194747
16894
202
53135
65
20005
209
148246
43324
115147
7691
24755
88362
15
33275
77220
39372
175
114
148197
43
65197
229
594
11467
17117
34
55302
64943
99
176141
8974
322
122513
96
196
80349
20890
23526
133107
146
31696
21473
166
57408
117
2192
90
116
343
92359
142447
11311
4935
290
130370
84955
146
2971
71257
96879
122
209
40002
205196
271
36495
29046
94365
354
15654
241
109171
70164
3378
52
1791
16436
129
129230
3090
44901
11274
2256
318
83002
185
33
5912
285
85
110
6
15
33513
284
48269
70220
94937
69849
65287
10067
204
318
2665
62
229
145
12296
34504
238
224938
44450
136
43354
29
63319
4187
3746
8992
26
95356
9184
77
145371
70121
698
10568
279
16601
84417
15187
7014
282
11178
78700
104
70269
102668
1
29984
31645
92733
47711
117623
81837
355
73
394
250
249
164842
236
31498
37660
10918
1659
30597
3842
45155
122
9907
170
152691
62738
47
1
19539
195
94794
70662
267
6221
20595
8
7
186
78
161
34
108633
254
152
12762
260
39154
207
9385
152398
3366
75869
76414
27776
223
38
277
349
48454
126131
8190
55511
123
10
49023
168
123
50
262
110071
29021
143
1013
219
65467
211
101654
130
3603
84751
221
17879
7
92107
247
8577
227
124008
76112
164703
10
51728
102314
55903
23699
2225
285
148967
31
173
36
141654
34546
222
55086
115
204564
14032
90589
247
284
226
236
112
98766
39441
43183
179206
3375
1008
24120
65408
17815
19955
3
74
108015
68828
32
210
119
60776
176
328
75605
12651
133319
1260
1077
66177
67604
69049
14182
243
289
86401
277
1459
45404
1674
293
247
40956
151
110419
142661
138336
87961
9008
54465
252
98
256
50384
6
161
226
176792
8
94752
113228
4891
251
179
8118
17024
351
340
214
340
142500
141
24870
28289
32498
6060
297
34997
52679
32038
159897
60090
70
183
40401
282
26764
185
230
226
7254
157
2306
44206
118
152
148160
14321
103270
313
117230
214
320
200
87488
24
15440
166
13589
98280
7458
96
28051
98
39480
57
80
14012
53032
12644
36571
91861
144
100
18173
165333
20988
315
168
243
5731
169
11
9913
162
219
24162
94073
368
109914
121527
17145
10
67103
22985
73595
203071
165053
23315
158
125
135811
306
2900
32103
152
224
314
97947
145351
334
127
58834
103
26491
118840
1265
48612
237
218
84
248
77
46096
128
73
78608
213761
152563
196
22804
3328
109254
195
59287
27
95
29488
49080
185
154
17918
147
73966
284
246
32808
51235
89
129122
47516
66110
21161
67
26
4295
93226
32784
17770
332
186
290
34
208
121
119
18155
79127
3182
9423
127883
142881
3
15817
276
64291
192
245
141730
66732
2924
162151
91061
96
71620
207
57
153385
45
230
108798
6
26349
37
228
27937
15
24376
131
39709
287
107412
28780
10503
40413
201
76
111943
159
94876
319
13601
180673
268
103626
56
9030
209
230
30862
296
294
13019
195
139
49135
207
11
115
189779
592
66551
29082
29626
73932
51342
187
141
53996
106062
229
38469
42287
292
12
312
24898
100218
10023
90
24365
346
4
33355
32989
128044
90434
78564
51649
7639
163
405
4474
88
627
26
196874
76
5058
33601
78
37
21776
59603
158842
137005
292
32190
140593
73
39
221
124999
19380
14148
2535
40
63
92489
39
58711
312
23087
29
269
139840
18
74
103662
117
42013
238
3888
86968
220
327
97162
235186
10732
245
270
27946
131276
13781
128
31
202
4580
263
89
150
24771
127
105231
85830
59370
7088
37649
98764
72009
20981
61
67647
305
132935
22530
70
158
181349
4211
118003
50604
99
142564
50415
1659
15209
1288
65427
94963
7936
198051
56477
59606
162
94
150
168
105
183
171769
59932
1004
17516
169279
69697
153
175083
201
33615
22753
39412
10497
144500
2928
158
119
82885
16616
245
118376
32506
224
6675
203
47375
184
177
77081
16
201
146
24990
941
149
91136
125
113
217
27287
51499
94657
66893
1
215
97
69
30737
307
8737
300
50765
148608
77157
101141
110102
14
144
73446
11997
53
28
28
74480
204
225
171063
57
943
128
23305
23917
44804
52
3276
74190
52
64836
31961
94291
99989
69047
312
133871
29
182953
65
93489
63270
329
82518
60
98154
277
37967
69
80
209665
94
78032
188150
84918
36
20
35495
185973
171279
294
74146
67052
300
221
44175
135
123
243
128
77254
222
13791
24557
124829
208
128
98
91851
4419
44690
79
56238
57
10
2956
223
37
230
21769
86066
3937
50
21
48934
28760
51159
50519
215
138
33397
157
337
157987
39283
133
110
152714
204
172432
49851
33
341
60306
74902
159
1085
109725
226
305
85
100
90267
166
288
173330
280
282
142
153155
17358
138
127221
286
44319
68407
6
61
203
147949
50772
155
208607
120
133187
65
167225
177426
36
128
110886
66392
10
222985
78453
60
49
15766
28169
81359
38319
41
102478
157
43543
162
25787
29
38
44
48
71462
65063
145444
11261
253
3113
244
65367
144
69195
7193
6562
34
214
1
64170
21362
356
172878
15953
78
7964
32642
47
1
142744
14531
102254
10
192683
99765
205
49
99386
92518
50153
19688
12998
85687
19317
67
273
144832
149
136086
49712
131662
11834
190501
90
20212
608
209
207
77978
136642
80347
12136
68504
144937
16740
76
1
102540
84
32087
148
226
86
227
156436
149485
57
150
89
264
9635
15678
179
78110
46
10514
56063
118492
232
8835
23638
174
23461
73675
41332
73966
174390
137
299
6
211
240
74
26
48692
170
47751
163
36891
145
227
188
97
61
47003
148
9297
26
35971
129257
79054
15
53
354
56480
110656
129
145
144
24
18144
172870
234
234
9468
56
8500
40901
27931
49845
52073
33420
105
169098
230
149
43339
47913
107
40956
57
69075
56
37560
1045
192
90549
46
53
36049
131
241
50140
6
349
205
201243
60474
147656
59119
78
55234
120381
122
54385
43545
30947
19405
744
26
208
17285
271
88921
258
30571
83
130726
8
160
133
194
5252
131
233
6237
263
252
42
10256
153299
32970
14787
86604
213
321
153234
2465
11
20
2929
45605
3917
69553
47
22905
96248
8138
47
168
29016
255
34728
32495
2463
23568
79
6610
227
136787
310
166
234
67
39855
274
49376
53837
132
135
136007
118
53
1
226
287
79818
35425
78396
213
62
49410
63060
7145
17842
192
28813
287
167146
1541
80352
214
22791
36
60062
187
28835
18
24
68
263
3577
178
536
48620
367
86
54
259
113013
131363
264
212
164
43
20119
98179
105
111720
180
43004
62101
88
12965
102850
212
197896
4
200485
44
109118
144
160275
79672
6
190
6278
24306
147
16
51027
130
1002
497
65861
134394
4404
241
282
272
124127
315
80
12928
138
7596
103
295
275
47053
291
65853
161
166750
106990
167043
15
113508
177
354
21442
3739
153249
77579
189935
42517
285
115577
3398
12929
19105
20759
99770
73863
63
33120
281
226
19320
56
158
146
207
107
210537
160
2097
136009
260
31985
244
157
32005
31264
10844
84354
120822
145884
11794
248
331
8069
184
166
2797
33894
151
135
116839
5575
199
79347
1
220880
19640
177001
11380
20187
178273
58
72424
172064
65042
136
228
40
172167
2375
26621
267
227
27
137882
272
32388
21679
40
56779
113
7
105
13
294
94017
84
39281
127
6
228
180030
143653
18962
176
153
187
20205
16804
24053
25431
146
171
13456
19250
133761
12
205383
10202
124
69
80756
131
182
81737
150881
204
51749
261
16345
154994
61926
160
15196
16942
130
224
328
312
87246
335
37955
17
149
5940
91895
107079
177
139928
16679
55984
251
150593
53
87
230
190
1719
57218
237
159890
2444
191
119
13622
147
259
9
305
3
6928
120391
82510
10945
3077
133
13
146
343
235
284
65879
128
16758
172007
31
383
142772
243
53996
204
1
191
53276
176
222
160
57273
193
166
206
2179
304
38750
20102
228
111
92
18794
193
92
38230
206
2057
117261
42448
51
146604
1411
44381
5053
328
28
18111
53
183
121465
191
23
136100
18989
1292
81854
2510
230
77
131
20125
96338
51278
143550
23091
11531
210
241
28
44978
185
74
8165
36268
12902
297
76317
126929
2656
14867
205405
155
100
148120
120693
169
11673
275
249
5039
159394
92
34
21
19985
54
98049
55882
36012
203713
18
263
140
234
266
164027
17373
14
91
1849
238
126727
83
200
10978
54656
49394
77
41
9068
7
163
172008
36
121
159
37354
99669
33128
114350
23434
7226
7
297
98963
361
11519
1035
126
131212
106
324
89895
283
40465
10
74
23495
45
50700
7174
31681
58889
35433
48987
137
23247
252
23607
208962
80296
253
77944
82
98222
40873
24
268
265
265
33
102859
26115
160
14
53997
77
270
6764
19480
16066
18183
278
178956
10687
153
176
48712
5837
42420
171
172875
177376
161514
79332
15397
1550
288
219
7976
52
216
7297
7366
2
122
19844
162
2
229
156577
84
178121
182
110
9328
20
257
192
178
148719
21
14022
265
104
231
90
13927
105578
39
7805
179
129479
48063
27740
7515
19337
2066
230
66032
22765
140898
286
100499
37786
14163
208
143
6
159
11512
27
30845
26366
82
232
31344
117
61394
126747
189
111
162
59
91920
10
172
14282
131461
37252
126093
58276
217171
167503
56730
158
18017
106
301
14
104
81
40372
260
29746
134982
126
106500
26532
223
343
32012
164341
180877
70136
18297
210
121701
41
221
87
19653
95
24851
124
34693
64859
101
100
47134
40057
112
8842
17
201
49
21888
62590
10780
281
134
88155
155
17549
3746
106752
29102
200
23812
103821
273
315
134
7979
218
183449
116297
57
214436
227
43030
37872
6528
52621
46444
121
276
148
168
188071
32783
20841
44650
30995
119441
55198
89662
27492
11388
53821
3
242
218
36
15666
82713
83
84
153
256
61456
25429
40800
223
238
56
54671
17736
126764
123852
27572
11
55365
27222
202
129450
7911
58708
39
14474
332
252
189
63216
84029
53627
200
51985
6
28952
99
10674
92
127770
160235
169
239
482
31
15521
142980
110737
82779
136803
1
45187
167
84267
67
83
173
67918
14
65958
23310
178
271
169225
15259
230
144339
235833
97371
101465
59253
69580
157539
97042
121817
173208
13982
137279
104
9
116733
36782
30
23408
101320
124
106242
75859
208
14587
127662
134
71
13
184483
50478
88
53225
138
82720
278
99
72
28535
146230
202788
282
6548
110502
80980
173
123373
29824
62
41626
87
150
224
69239
92023
87
279
18981
212
21
56
128843
125533
19430
7171
78
25564
78275
15
80714
30
71
48319
20212
97438
3
1
39546
46311
210
60875
70883
31
135723
41464
18595
70984
109157
232
149500
14741
43834
204388
42173
119022
9826
192
19357
92805
196636
28636
3
179
67
13609
2180
41
97
71
1
84844
174
69
206
19303
80034
172
169383
125
15
77258
32833
46
179432
197129
5879
9574
12049
21562
49040
140065
15
70
61842
20568
34
309
199370
27211
38
17464
206317
109848
122881
276
2174
161
109
239
223
13867
6
195
14330
23505
71239
80
20685
98016
7
83
122580
235
175
5565
292
12
44
139
88
2749
7936
46323
52082
8304
265
85974
26
152900
48048
127
194
132
208
57
28
68
110
264
2348
117
35117
47225
26281
80356
12122
101
766
258
43804
192
78
18595
30360
106337
30
15180
224
11600
197825
249
7849
8702
91
88518
200
14454
75
53284
160
19089
171658
181
26
669
45291
221
124839
6
92
130
18325
106046
12735
4687
53486
250
102432
180
9218
221
9661
128508
8
30331
20169
7571
1101
43346
26411
154
3815
65934
1355
10335
204
59804
15595
107
4660
104453
69273
73
94548
215598
83
226
46747
34056
65789
223
12560
53881
241
285
1
54590
114656
75457
6230
25843
69
51903
178
188
33
119
43031
5928
107763
307
91114
148
142577
26851
40
156977
78490
75304
29243
120208
134
184884
191
47677
243
107660
36766
58948
66284
118
43995
195
22388
86049
48091
216
331
75741
52
50651
3075
108
23867
29443
147403
195
68
79
45760
171
1
38974
148
331
262
140
50096
158168
162
263
177242
34011
91
78
240
11747
49095
61
243
311
26
43
25
229
74
40341
10417
127865
486
54440
63112
90854
206
225
58
8576
233
182
116023
285
277
210690
30201
33789
187
180
332
117077
28004
5745
292
1923
193
43959
236
124
234
9688
166
97955
149491
201
45361
22280
19
17
81
18827
3
136906
188
69452
8247
17329
79
261
213584
139
189
94966
170
22609
157
194567
71844
54207
131
8871
257
46
185
3
697
17667
30200
50556
65329
156022
67
219
100
6123
217
158913
152734
44036
129914
12954
59723
1
315
288
62
158
7
91123
180438
140
64
83593
224
280
52791
19334
339
288
27
53755
276
6697
65
248
41
43246
5723
57584
109044
21213
29148
184
143
11829
71711
214
13240
20166
35617
296
246
137756
51452
34352
175
141
99551
4580
10667
163
193
118445
153
214
275
48745
239
68138
105
286
68972
206
185
298
207
194283
57253
139895
186
117338
33
40
67738
156611
28
252
50526
258
146493
5105
45443
95448
46016
65
108363
211865
18673
287
226
9342
204
310
113753
78
28065
31
373
54221
116
63443
20005
123209
38367
503
39592
22339
62367
305
135767
271
2432
18381
22
21227
86
162427
205
108
59188
70955
145354
135608
11
6
35517
119653
296
215
45190
118
261
162
24267
65
199
257
26541
72199
64097
109642
365
273
96392
88047
3
1
223
30
167
192629
10237
27387
155
1758
259
259
15
79130
105
5644
20190
3
95502
200
86
21
191901
72420
61
13666
353
4860
106809
14295
137
68
132
139079
25478
35545
116
74995
76331
100
8069
13691
232
99662
204
200
48525
312
16248
9574
254
269
280
84561
125
12446
37809
16897
42062
261
4050
50154
32180
78
132263
257
2771
4183
82
101
119115
128955
106
239
106333
48773
62
33235
98
279
93
274
93
53434
39880
39042
122
61
22
1456
152
142001
152
134598
110870
248
17593
180
136705
112932
27
247
271
236
27768
283
43545
1531
156592
26822
80101
30
192
125
77543
8105
11434
181345
187
58655
260
95
1
63010
28223
11965
24968
92937
13189
73515
86
6589
20
5608
167009
285
82422
23508
219
81909
336
57265
5005
100182
30460
105926
89037
5361
199
36554
35819
92198
230
98995
104044
5520
25916
17009
197612
13
74240
194430
180
49
4202
80
52723
115
25725
48828
21063
46412
86102
6
238
94161
139674
93144
251
157
185
13404
36775
76998
84
33662
8
26065
62966
102
69
1381
32711
50176
68
35
95
40764
221692
169
577
110289
54
115
277
48
2406
19
22560
149
52433
269
5994
18753
73
112184
42885
147393
3449
115
99122
95
109
122260
52
194
27420
156
126
59679
7422
47160
83726
73991
6
224
193
79
103
161
232
165483
4553
2431
84113
8197
122275
3769
40869
238
215
78
143485
63567
10
29593
222
21
148
162
80120
284
34
54555
33522
308
74188
95915
19277
64646
192186
11651
93
4476
38401
213
230
110170
23
103199
119678
52175
140959
151525
302
106
195
39110
254
9108
97748
97160
130926
175
20099
129104
46872
30772
22489
86
68056
68889
127270
33
189
31536
215
250
106861
236
302
133
134
265
10529
49047
11778
335
125282
50330
75063
69729
147
3
29061
138
10
103794
140
16
164
8558
36
8614
129670
107
124459
140634
45109
135
64
66228
118
25896
51544
4566
52347
170
103754
8214
81837
108369
891
231
37297
28
39881
14585
244
214
8295
164423
203991
291
76121
41748
32554
127240
44321
105584
9409
85390
214
60
106366
119170
17360
224
29
29
23256
257
30
160082
29845
84635
47328
63
10061
55
148149
22053
254
56779
956
231
126613
311
67
56610
19753
23905
59524
240
13310
19733
34
3743
46834
236
178
37
8067
79834
93
67157
267
179
13875
52
32
22706
31305
8655
94
23431
37062
51397
181
44044
10
79761
52
121178
146
43
74485
221
179421
46658
31194
87165
66203
2019
223018
96216
41302
11016
29333
67
230
2597
165
63929
141243
90025
204507
28538
7657
227
50266
138860
56323
116747
167
267
91608
172
103707
98
128567
143
6450
198034
55
55
19732
17217
260
10935
87578
18290
112134
95
49038
134
31
53
296
184145
255
27
188656
187
87
73969
57033
268
25725
6
13189
113188
8904
286
39879
205
119
62159
7489
15355
8662
221
45025
204
118827
210
33252
68
24961
41110
188
181
68981
117
30
29177
236
14711
22783
1754
22505
27388
42619
187
96
138
126869
61103
54
1450
86679
35808
30133
196637
64759
7543
238
153771
4095
49
165
15
21270
22
3105
8829
105609
30142
48516
626
174861
135
128
148369
19345
164
42999
123
226
9279
27
36547
190
49649
23
29938
5168
39213
35466
1
19066
259
60
249
62957
25846
150
305
15
18
41577
63348
127179
296
190
225
153
4024
58045
45770
92
110
288
44851
16
25366
39394
154
37470
22732
72690
9478
150865
208
155
257
406
32
124811
84
156858
113387
48978
149
266
188
20137
149164
86537
16240
84516
119736
304
133
32
930
336
46902
5413
74994
97
171228
215
21546
336
95662
51
54
28404
206
139
115186
33018
104410
80638
215
88
555
266
240
31994
74286
9869
157
253
71589
268
114348
2642
949
30264
146632
11764
160
252
79136
149
210548
19552
78580
38
52834
27123
180986
173
250
104863
56
312
213
9762
82
319
61
83
97534
302
144956
149
10
3837
178194
90898
104050
60
176
270
71599
13383
129131
9508
9
8065
59196
163899
66442
155107
51946
2
16213
27361
131539
82288
15431
79628
33
167446
110027
217
173
143
1800
15
15118
44350
291
176669
33852
72046
3
163
21043
171816
256
128
33
161
156295
41875
269
42729
2094
69694
130535
3718
30435
127893
149
227
3581
83
108521
59438
7142
279
111
35890
3328
20760
161364
204
116016
10
233
118
62658
208
95578
17109
8794
202
229
4968
12
121171
108
3500
102990
81876
182
19214
58118
124
208
50170
219
66602
39515
153
85
46928
99601
49371
49
11570
9248
153239
127
149
44748
708
11776
144
98
80
140
176
311
71
148
197
40508
108237
114362
37
62811
193
209
21
213
104
99704
43799
3659
221
119876
137
72
124
52
86
151166
6393
120409
111091
10642
170676
96534
57
126
201559
12380
71759
10053
45
42196
75278
768
102816
64990
267
36472
197
17
61
39269
344
20320
76079
18667
29645
60579
172956
195
52517
32284
22331
8613
241
76
139
336
145929
88
98158
109778
195
3124
230
55034
24
677
6
30806
101629
44095
302
160
69317
11
118
36495
58
31
55950
264
18419
176
219
33615
122842
52659
107816
131134
123
457
170
14668
24208
11
268
89933
106655
115243
10175
28540
14556
61284
3585
233
106225
131896
57816
188
20
7359
273
16
231
38
1627
220
123802
24778
45139
32
190198
13323
99851
123297
130
25013
269
90254
36
29953
223
115
66844
3345
16202
63150
365
162
81790
122
117800
25663
12774
412
284
137752
142224
12996
81
241
185
118083
135
10167
157
44741
43197
81077
186
52
157
70262
21
133418
147
79761
36893
8292
46
33249
37
87283
122
279
84160
91143
58795
40579
128654
260
20953
23621
45
134
6868
68039
41858
122598
34241
289
86
82227
12440
82246
204
168
86944
191614
388
24172
162210
194355
80
183274
5499
63
43
251
2559
129844
190
173433
112
176
264
4423
219
24
238
297
64
138
38997
203
98
68034
195
31532
6100
59839
231
170892
1
117
90150
301
132
25265
35763
20371
138
10
41393
3562
31188
54
599
284
158
122274
81564
13
51838
149421
304
17009
67
248
107
150
312
43895
122
4578
42032
220
31
206
89456
55466
193
277
147660
163
137
51
249
66835
145
123
131
149434
217
2357
35556
217812
122803
8816
37718
229
177961
204
187409
45187
257
234
54
39196
157
239
94053
32953
1477
122140
197
29014
238
98
72137
193760
67826
179
112085
34
80028
267
33781
8683
107653
100046
204494
38
41
274
17
35273
12393
13209
76877
1
49851
2451
110431
199
41397
90394
197
36384
179
100101
12700
156
3103
1304
4397
160
233
28517
44204
48720
95034
263
154
32
42
65
51567
83319
62
521
1938
57
221
39086
164
130
143
136
52482
64532
2736
59
125
103303
40411
215
84934
61
161219
46510
62
238
119197
34822
49064
235
20
13126
336
48717
73718
212
40811
238
23574
196
158
118
28014
297
12068
235
72602
29869
14307
107
68
26454
138258
12247
201418
36986
63683
109
129
87118
156384
9753
254
196
78
26452
189343
243
15
253
239
108
14865
80551
175
35
108716
1853
142
25750
60503
118586
46691
140
159
153
239
24246
182942
13020
121262
265
174557
33518
242
29
24599
44164
121066
49703
47863
14661
178058
51231
11018
209
97
130
44206
275
31088
28
184
207
26
157
13003
24
6740
55
196
59466
103080
77188
167738
148267
9
50519
40715
108
467
25435
4106
108962
166
14406
50
10247
25283
114
11828
242
330
93
66478
7381
93
163
20269
232
14
116465
75481
205
22215
35
168
158
119
53951
176473
102
64905
90937
275
26419
1
130047
1807
83838
4800
221
49
17
51
75914
2620
41991
226
154
102090
22398
17312
5
159099
30634
36
11403
1
36
28827
11
10078
217
5585
29760
131
88605
104247
60
307
44
101
239
34549
14428
183
11455
87682
121369
311
56
64
77151
29
87591
18
95
34
43364
257
182
31211
207
62657
4955
118
168
3917
95485
84
45
78968
280
209202
8845
1312
85528
147278
266
4206
290
110
2679
18733
17213
121377
121
102553
28388
52166
5552
32597
35546
56346
204072
56818
9087
148
310
252
229
229
16999
72914
7065
20
113402
140491
120280
57328
77906
275
41133
947
282
63
29292
26
181
91060
48665
244
133355
28
53138
77598
275
66
17893
4486
117941
51
162121
18127
118
5112
37675
62362
35355
86902
99705
26930
12187
130825
222
4473
174
151
166951
46181
30
5591
76
20358
181
245
2803
30
23170
46
213
56
313
218
71178
73512
64
92353
242
1
51161
90622
2242
84
184208
167
299
111599
232
2475
64523
35393
52421
222
42
33037
99227
19616
185
161
74047
118
6
58880
131
14142
149598
29328
17243
301
88
25
42633
203
15
240
155257
15
142
23603
142837
164
95891
44275
71822
5565
225
47383
95410
94
168158
252
100100
269
60446
2364
145
319
171
68595
3
70954
57
111
148
25376
26036
248
149154
141002
16508
37
83683
26046
246
255
165488
68832
144660
240
26
20282
131
122068
230
33945
150761
43
152522
21
112
193
67871
86949
20345
107
220
35
138
246
10888
77503
63129
45751
63368
111
39
158
51923
7136
183
166781
26733
18923
10
69369
42
101591
275
79986
35017
182701
133
15
36303
123
40015
29833
185
173
63369
132150
69
21415
150784
1759
221
36028
57
67061
138324
211
10
217
16403
81129
81
5
63
97632
102192
181
62199
45
6075
72755
28550
81301
203
125
451
323
30251
260
81308
143
57
143405
186
69
78
24426
248
8476
40438
113628
21
52
64873
52592
2167
6190
109004
46
7825
194
97771
230854
194
143
1904
103397
42
47
11
30056
34650
1088
150142
817
188
158
36792
236
321
277
27731
79481
26830
108
24899
67765
3358
218
59197
98657
148825
5790
3371
91
28238
70
98
32786
179226
15
13258
30
87
24608
10198
77
157
134246
191887
944
310
136760
1542
99142
71
1592
218
238
199569
65551
160617
23
61556
157566
125561
153554
121883
169
225
69159
120549
40
20913
1420
58
2219
93121
106537
8284
113986
3287
172
166711
125718
39
320
69009
154063
345
2978
26670
8118
240
185480
231
3395
85451
168
5784
214
21640
44143
2
18125
240
1124
70
8442
28181
47826
125
63
225
339
339
229
148920
107513
58210
182
160
45
84804
52
224
47259
39982
1887
20
38731
53316
196
200
107682
139
274
120688
42450
165795
22226
129165
8877
140
5530
98
86
36
258
50
49
143
108
265
151
70
9904
235
75051
55986
50
223
149
74945
112379
15851
320
193
52071
49117
35392
1685
216
172915
16581
321
2736
14
5
263
77929
54
80
267
50536
20482
31279
19099
223
30294
12313
293
84932
88090
91
91
179
221
127
72
9121
182680
193
11223
125
224
227
44
274
5104
6531
60433
35357
15576
117243
3151
11699
13127
239
23052
66414
221990
195435
19112
166983
18510
55564
36105
31674
224
208
128
43
4554
103692
35456
25941
125
117
64085
120560
11
136
38
203
28208
15325
14569
8198
162920
146
4320
70
78029
151602
11985
50
6
150883
4350
63488
119
127740
143219
238
65757
253
278
58398
190
43
9160
146
145
236
6
187635
2542
252
3
134986
51
206
58552
122
217656
55817
26
13609
907
72887
1
138
10724
64077
245
14490
182664
90
89180
74339
9539
165
222
33528
73
193
115972
157
42561
94422
237
131
13196
39
56
110
195
110618
119313
147061
144
100809
326
11007
46
22192
108
52
25022
101104
7462
68
26918
754
49702
28274
39571
13
189
2754
7655
1655
147
93176
18427
155
19522
6
31803
246
19591
38
87506
36
194
10502
94
49472
24504
305
57
6745
63
224
192
15
64993
36271
232
4120
89802
210
344
10685
51
3
217
173
20941
108399
16
13830
41883
116077
51579
286
4
62328
35868
62948
333
269
135680
190126
19376
89725
193
71222
171396
210
20423
42718
39
106050
42
292
182
48042
324
178
142550
138
28063
57462
188
28734
199
142
107750
24
22158
199240
51180
317
73218
120342
28578
62
134535
38451
170
291
228
73452
189
277
130
167
63791
41388
141596
196
181
3255
61621
160057
38823
556
154646
14459
5270
92904
35613
120949
178
137
132205
45219
13994
64857
97
45057
42331
60361
14589
6822
103372
335
99106
131
46890
41096
159
35714
69269
14
22816
17699
362
159
120608
68
4
72
60312
137527
10328
212
6971
38449
54
26297
123232
67731
25311
189
1806
79978
3
34827
59580
232
38732
120
254
82916
31329
12007
365
95491
34888
332
100
6
47945
91
53086
215
33
156
3606
119094
21078
135071
195
305
70
180872
50033
58763
104937
290
42
52
58915
170563
68077
89130
147
158
113907
132468
111582
158491
53335
39078
26940
254
290
40347
44
204
183616
15124
236
30829
22475
116
88
289
189792
211
211
193
36352
11886
123
73241
127010
240
46845
185
132
17680
233
83591
157721
140868
169
168709
158
286
211
92285
134
19
60385
208
120
340
321
261
79
1303
46
153
43
113
28829
54777
104
128239
169
98728
88702
97
378
241
172
254
102459
296
75997
225
264
69
170
182067
77489
61273
32820
10208
15
15718
45108
68812
200
160463
95
87012
5070
28458
99729
45652
166
18437
249
170401
54940
218
13791
34583
82341
72465
18329
130
5533
53360
177
3128
62880
13
75084
27186
35
82
46650
201174
27846
17708
322
153
13905
165
8657
88230
18038
398
102655
39058
453
24686
66701
105371
15166
2165
56
180
20061
333
65490
55
104666
206
137492
12812
3570
102245
451
205
112
31063
90201
113049
197
118793
45571
190
71236
254
21226
211
36
60
217
88175
56954
32411
23816
121
121319
4742
78
121
111944
154
65262
611
212
53241
5374
88
201
23300
130279
133
13734
1
18817
67990
207
27
49324
30927
153
199454
112
17
35520
139322
4444
175
149
172
46918
43890
243
206
52782
5943
53723
45419
1
52453
33517
46087
6039
136817
9620
33
86
22947
43
4071
61778
58
20936
198
83315
68837
167
239
271
69
111112
124607
20521
111171
224
128948
171
1153
13987
182
61395
83859
171
131530
110
144
1032
182009
141508
153
5419
144538
156
101952
282
236
286
82
221
8325
258
22758
139
26512
91
116
1
80598
30461
236
83
269
88331
79210
40
20801
1
208516
226
173
128673
17479
127559
80
132066
4858
40
72232
11264
232
178
187111
121888
58709
148
30
138
237
92173
5662
16418
30
34719
13
1
1
169
82
2489
221
58240
211
160
46874
64554
217
41192
50690
29055
4927
116
222
31015
10325
41
235
38
81
7220
148
73405
748
235
94836
84
76100
123907
275
76
248
21
20
51047
19
305
300
119
15
63
384
93
85
106193
93204
189
58406
18145
147763
314
8285
19766
82983
270
172
207
4423
76360
128999
83188
177
2495
10975
245
55067
7259
122
34623
158
188
35
144
78613
12513
130088
284
209
203
81183
57833
48318
148
222
26
63757
94249
81493
42
153
163470
50196
120185
43581
105145
17271
36756
276
127
181
243
35658
19051
61979
283
81017
33063
147632
1015
118
194
207352
80
28
72307
19192
10
57660
278
152
25964
31093
13201
180797
119
948
111320
152
187052
110
68885
167
255
10623
12
86288
105609
146
9572
117
244
146
301
55506
104062
39382
184
43
133
134
103
19
78776
199
9112
20790
3702
2314
256
270
151
72476
135
120918
67057
2066
28604
180
140
21746
71810
93
137575
181
56054
306
10776
42775
3
182
75999
186349
32896
16777
56068
27820
17
85
3069
81823
93338
92
12514
111
79980
323
218
66132
67196
49
193
6454
227
26277
64
13541
32843
244
209
85061
4518
73009
298
86
102
28157
110
88
5088
17465
252
112
153302
234
17898
83341
310
30111
218
44066
274
58
6847
75818
26711
16659
217274
237
12959
37261
59423
131025
16450
149
92553
65
19
253
6818
170
107
185
140
91126
246
126515
13914
90979
1338
8607
75
211
81
65
41296
97
136
258
146
1
26549
30993
102630
97908
100
28453
21251
41807
157647
91
165
7
291
190040
68
26
28
5692
94738
156073
42594
119
4609
53897
43186
110005
76875
1584
119331
52186
182
177
214
96064
13
232
204
13928
1200
36048
90
157218
941
2395
7
5959
41179
268
121
59996
3218
189
99908
6569
224
32609
87
214
56999
103444
89
30
119
87195
88642
64780
31317
100093
184
4644
3
28047
42
263
5883
79589
1
1202
54420
232
29098
28833
136025
78
60965
232
10904
99931
107721
86159
195
67781
6989
115
81
66020
32734
47865
54729
172
64096
66802
70
877
66
66029
41111
45878
206
23869
111187
82127
81
192
236
82047
15145
59154
7305
170
9
215
40183
90
85764
219
11697
10
152304
41141
311
42
55802
6406
11112
164
27103
287
121
82291
29
25092
56168
1913
20007
110930
77894
33341
165755
19251
232
276
190
196
6411
69
120588
15
147
142452
3
231
96719
163
76
24418
172
23839
96551
34
5449
327
66
42923
265
172
253
94430
16319
147
17
71891
69
194955
17434
245
170
8472
79
73
68
87
35235
276
53763
165723
25174
146
194
1511
1
103639
164
155
230
143
1
51792
95
235079
179044
1669
262
5849
1834
65729
2537
22818
215579
129447
180
248
294
401
81
179
285
132
48104
11812
2000
292
89
19635
145
84573
2047
52126
14
35365
143467
12827
20543
115938
24059
122602
73470
83
101
5
220
262
498
167
77495
267
173
26
26515
38307
6056
112135
52771
67
98242
65
247
12
35737
92456
128
33567
15294
136
101
136
28681
5573
97
186
344
7
20010
200
129
147299
30
69667
11571
55
157
65751
242
27266
160884
121
3343
95716
268
7894
56854
55996
82039
156
45
161768
11772
156859
223
6
249
66780
114919
302
46835
34623
13323
96
70176
191
55
52
119697
333
216
136
230
1042
138935
21
11426
166
138
233
347
208
177
33063
1809
56940
170
3
82549
65
2362
220
30146
85
31
152629
65617
29
137
99
110678
36168
257
87
62
7460
92
36283
62
48
55204
153
206
212
66880
7092
11399
75785
8621
155
220
67948
209
147252
55850
231
107323
285
72
243
116147
34
43194
5730
8097
2723
32868
250
220
115263
30
151
78
21
128602
3
4985
21368
7417
7
127510
182777
18533
31
27939
14575
41438
91428
81715
130046
97098
80
132
30333
130241
29
251
48936
17
18526
106140
28
202
30839
18577
195
6
125
30595
51
51443
221
38
102155
220
25133
48021
92
21
10
50147
266
47221
144503
163099
51
305
50526
1108
83
190
261
4453
69
283
13723
33012
5177
182621
38
83
31
8493
37
15206
176208
66076
67750
273
84760
248
190
261
311
194
12758
15927
76407
139276
25184
27195
18924
63
125
91596
351
180596
81969
236139
197
12965
21947
5335
101
102
50910
6473
9732
237
63569
5910
72257
44353
148
22771
185
4850
112169
34244
54262
7096
57354
73
158
64
41215
5399
109947
1
2012
170820
89721
103484
61527
130
16993
257
244
12921
1481
37
49063
25709
58007
60468
38188
167847
143
3
122241
308
28161
76
44
38332
40154
178
3591
85
112605
52
94
168
161
21292
88
17972
214
6129
210
117
17840
84
115
38
35757
314
13464
85719
75
53061
82
137384
21075
65291
71920
8327
38778
115
52681
36144
69376
11557
240
40171
89
50
25341
31006
13518
151500
107526
75774
215
206776
124533
59
48
53827
200
48655
139497
237
343
219
181
61
262
194
82166
217
194
200
44163
196
26563
127507
11
112185
3050
72282
58329
104161
22
23321
99
173857
141791
228
8
8691
55
918
128
107407
46317
85370
46
93226
4774
62
132
152
61528
12555
142
14617
413
10228
24
168
16347
73351
25929
24822
59
224
150963
44793
74
20479
352
75424
4296
257
33990
31028
121
116654
59882
56519
88164
6201
225
73
12
15
19
48650
69
66845
220
126
60389
84
9542
121710
220
20390
286
98
149445
241
18587
30195
17491
26560
119
214
81
140
80
128
153
154
87723
5003
144
61357
255
104
14
3878
144242
259
75
96127
70605
122
48400
7595
201
56
1
8049
264
329
76462
36884
27793
24255
112883
226
136189
116
39020
30497
294
5801
84
22143
99231
183096
27507
9
62538
34162
192
104599
169504
63175
23
5267
52689
280
44
329
150
19325
131
17236
296
1136
65668
80266
319
143
58
108
48
116
9811
37
42478
30555
270
122706
150
67632
21753
44
111
31216
88367
72362
71739
44565
32287
19496
23288
103
184
26136
19
65092
174018
179
44
156414
160
13314
64813
137
64568
221
201
1
29147
264
126271
65211
40567
18671
12
55803
139914
143909
312
19011
16032
30
9538
33601
195
16
119448
212938
76029
126
26768
148
85389
95
6
56212
35763
142
141273
197
10302
35815
315
119
70
60946
170
109649
52
84
41
153202
29844
257
34827
13
101
1181
1850
65995
123863
265
179
13625
5649
168
64
21029
82
160057
8
94720
120
76971
39243
229
29589
1
119338
39620
91206
178
27
103065
72446
87
182565
183
63
98920
320
8548
269
24993
157
169
182
291
165356
110
10703
123
148601
68071
41024
267
202
6
11524
51485
100
117
263
125331
96404
58054
211
71
37457
119
109053
39479
307
8859
77
14438
244
83
302
349
257
11989
162
4128
120468
175212
136566
185339
15945
81429
12465
13680
12400
49550
4421
244
69
347
62
85680
182319
239
223384
87866
163
182044
117
127
69307
3
107
64774
48647
52899
122490
96916
282
50403
37709
32
160
319
21
88
201
38949
94
67513
41
79
91
134861
3444
92
132
7020
16575
178207
84697
61700
48
57961
117
4730
161
25733
202967
120651
3657
167
61632
60765
97756
47886
39
50401
174
63868
290
146213
97127
78402
88107
116722
6194
96
71
8
99
34396
34319
886
83
40
15806
166
4847
195
90056
19
198
20434
12585
85316
22730
1342
32079
6141
69609
3
177
114311
17152
17891
293
38
259
213609
65012
255
196419
27
108
168469
11
160
240
33630
225
45809
39821
120867
258
252
16
272
24
2596
179141
213
17
41
208
27619
153
117
77574
215
12
374
111708
248
246
68
392
18984
1743
261
50534
168
12776
28786
211
71
207
8940
190
18059
131529
188
46420
160
297
2803
18896
230
90096
113
170039
6306
60
17850
15
22
235
9554
427
109850
131337
56
215
249
124
19
43
228
88
42228
152398
162423
284
308
52396
124
5954
71809
172
138
32700
113
21733
200
17791
21526
68407
5886
101134
13962
153001
28004
75304
8207
157
70426
139827
238
270
150570
3
85
43304
20889
102
220
41
230
129392
228
87509
191
23
17979
64935
158741
113
204
49
178
15519
64817
196
42
244
10075
37887
59673
12
52
46521
124399
52
30378
170499
32943
137
47187
6239
76739
245
401
16668
5516
245
2196
238
176
4742
3132
10038
201
44311
70037
31139
90573
67974
102
149
77018
141
258
100
232
26970
119
37829
31915
168
50
94877
114
102317
166158
14218
157
199337
124817
1
68
155106
165
27088
27
208
197473
201
95856
265
20
82197
206
27514
116518
44
32
144681
142
9378
171
269
157563
40589
296
87
11654
161655
263
99
32
72285
252
500
15040
24049
24
218
303
224
95319
193575
61806
54107
251
60
22206
8494
20654
40
14478
105
94381
115391
244
53510
8326
198
246
56519
218
173762
17287
147012
44
139
12860
6614
9
4597
2984
281
49778
98491
33699
2866
236
232
47
11773
170
18
27745
225252
11956
19948
208
178
44
111959
3428
30068
24
70
192
26022
123552
90350
1144
137
265
188303
29429
223
132249
6
310
112626
59945
177
1
17255
105674
60
36
84
110
18723
6207
40
32165
89
19621
114846
193
182
291
329
182
222594
186183
103
49039
62
16700
22097
25241
174877
105
3
78138
14706
85565
65708
4842
268
177
197
133
28690
44719
118909
148
36
158
16068
56
12994
24492
150
77026
197
15095
40
28639
196
140696
150
358
11681
81469
2067
65434
16923
126
110478
16937
7
5
19863
192
153067
68259
106947
114
119
101
155328
32
167
43044
61
76104
165
36
49074
129
187677
31
140777
15686
59
10
116319
178
23892
100932
253
32967
266
85671
76383
93359
21
97
14
27945
91172
112
25673
183
3298
4585
286
59
154764
75138
185179
257
30308
139167
36160
106571
24599
4722
130217
253
53
6
121585
219
49914
14148
183
30375
4385
24566
46030
18681
342
37
71963
109
1356
166298
231887
217
778
84
122
25343
13916
14678
57
62751
10945
176
14903
37209
68927
74276
73
168
54779
117
71
87
186745
15376
288
137273
44022
44965
69332
50783
5
124
68088
147
1
34
14
245
22
55135
160979
203
187
38449
64383
56
106
33
253
101246
103
119
5013
116066
625
205252
19953
204
16114
53
6969
197
120348
222
23
103503
79639
233
41
85
52861
38293
96
153
100974
11
101216
28
283
32473
145
118
164207
28179
35538
4136
115676
318
39747
55357
179
82
115950
150623
158435
96
63
21
10387
30
147710
132226
114684
45714
17103
98438
202
192293
104622
46
246
70039
181399
150
115962
6
33513
234
211
142
7
334
151580
140
19869
57333
66092
2966
44930
29677
24
240
24265
78723
127128
125
12087
77
102356
5865
277
109
49
330
193
28
2617
6745
156
221
79720
13145
179361
132159
126
155
179
239
96901
150
225
10608
30895
2886
40081
220
9522
68748
195
266
67
159
64
66243
186
149
156274
16
24767
244
42811
90
73202
43
58149
119249
243
206438
158
74431
183
213107
213
979
205
207
70
124358
189
47112
342
124
29
122656
98722
23602
56950
297
1
49
73703
27548
3552
18188
1989
135338
93232
77
60
220
1
109
37845
251
215
35308
70875
260
14708
30784
80
4491
3313
234
245
25341
160525
221
61
4
69536
38278
135
129
74568
86125
184
190
9245
281
92248
1554
178
72097
95622
158
106963
51604
215
30899
16402
91
8784
79
172449
33
71
63070
54334
84196
282
34
132
309
94571
74059
294
160
264
131
230
266
375
1
276
43
242
251
4036
10483
15
1609
7
42
3
15761
23
268
129
8
69924
199464
29273
27971
106141
60903
258
482
193064
207
87
61
15333
17556
941
10
100
19942
68100
309
13202
99228
123555
246
192130
266
12130
538
233
176746
47
69
21104
93114
46
38
103088
162
70516
293
82995
132724
15
171761
55602
106
195
158
224
109056
72259
55209
216
19509
32233
337
198
127276
22970
30387
56
46
55556
33797
219
40916
221939
63572
158
93104
49585
136672
19
39276
3365
70122
117818
109
124
359
162
39461
30956
185
691
5516
59
87419
21072
64
245
96
11245
350
114
94
11942
157
48527
32101
225
47
245
230
11515
79029
35620
127
60865
336
25141
6
162
154
747
33554
337
227
40
86304
55
116488
68
14350
87327
96
34372
212
236
66325
25002
32
1230
164
169
149
117
8771
63
94205
45916
183486
303
94202
74
143
1260
56981
73747
257
5151
68
50672
3668
12652
118
208
81
104254
12509
264
832
195
226126
37816
166228
29895
120402
174
15352
82
67311
22
226
18439
57153
170
123354
90
173555
218
125
151
11295
42912
2954
85890
25613
174
94735
7197
63785
178030
32
91139
123822
11391
127
223
13292
335
211
93752
79093
976
10521
284
6062
4321
37122
112451
233
34
18146
3782
60
33
91975
40
77975
133
34794
13702
53090
214985
221
213
97
122725
95821
7126
10
100
111
39526
17212
45
15083
109078
255
2715
238
3319
75649
18
10
262
320
56784
20080
56448
10547
32
252
19313
99
38
222258
118
46
160
192
10
194
84423
9116
65397
203528
8679
15462
29041
101
37
13687
9797
365
120781
32132
8454
9275
628
58408
249
89
40
118
27490
24
158
256
94094
23941
157325
27395
99
56869
60474
136492
29
196717
91011
299
53
83922
8583
224
102
89907
2527
265
175186
20
12121
19109
27826
76302
36915
300
219
164514
223
80
106464
5454
52972
202
35246
150
276
193
23
1513
17791
142377
156761
127761
41262
643
8871
246
220990
19030
45978
37
7253
9658
18148
85801
48157
76
38548
173
26
200698
107598
26508
85
168
20
188128
19664
11843
60971
42858
94803
81
26582
28368
24
228
135
246
30151
239
73
234
6221
213
36044
113994
116843
102468
42
79
225
295
543
65993
153821
185429
57209
76171
33
66939
5607
34613
25503
35596
172654
30521
33980
36153
165
65
224
166
39037
243
30950
32176
41
47
195
8061
158
50524
5316
6790
28206
46720
38083
147
11860
193
82225
129180
36439
32386
171
151466
83255
141
68202
4948
173801
131
188183
35660
188210
281
6946
28526
100775
231615
68
223561
41043
25274
176
92305
9995
9623
2603
140396
994
111
40511
194
227
98751
245
60
82
53755
88420
31614
186
32305
197
36132
123
217
167
161766
132
311
234
170705
95722
225
158
271
204
74165
156568
85987
105978
30325
72
26
43
44
11128
99
241
82384
223
31445
43
20528
125
4371
211137
146645
20
209
19435
3585
93349
42
68685
4078
155
8663
146654
58
176925
37469
183
174781
83401
2756
23533
177
19326
58
1202
107
38114
68425
103
27324
183
19
122383
36204
243
208
55320
276
29467
46255
333
115
119
35
104
65115
54
82807
11917
257
113
78
175
68855
50424
66
125
303
21327
102
204707
1181
97970
78051
127296
136623
40275
256
153146
77
35
93863
217
261
174547
95261
145366
184707
377
65611
3
47
34549
137003
43515
105191
190
74597
108708
3535
12856
142414
12
83886
172769
32
92449
61145
43568
33
2078
249
123
35088
225
256
24
238
128385
5583
2
137110
136
131
142
18453
76
31115
59
5995
21
114
71931
36611
128
101928
199
38444
95406
31
3169
210
172653
279
2826
101860
91
52270
3256
144
11270
94545
112
146
7517
120
50
124868
88252
211
169
111002
41305
276
15786
58
4
5046
188033
70445
58
262
30256
142
74193
6255
86774
86
8550
129037
68118
24710
45
81
36467
34580
428
166794
6585
69
89225
15
19871
112787
1834
40
139
740
164
67939
56890
139
302
23
134
39444
157
46597
110
61
141930
272
49256
310
97700
105313
187
300
172049
74
187
10313
50
143
101
171113
233
75188
3661
226
9492
45
154
23
120
84
206
39
97
236
63306
216
231
86275
386
22929
13722
43866
22
8
62
118
84
45
157714
189
150547
99924
127875
16968
50312
124945
117334
83212
8
260
127916
88154
32
299
61009
30
41302
14473
31
6
1786
145
22525
310
91403
37681
270
52
73950
141
48786
3602
116195
35588
81
64504
300
185
178258
52387
8
14314
121
100
258
162729
109744
68666
14194
32048
47419
50724
10492
54
91164
174760
150898
43206
46
38700
113
9774
191
144596
31018
52
210
140642
253
29001
310
15655
89786
69
62605
9630
50982
59351
8296
48976
80599
2487
45870
11692
8932
91106
145
3507
49
1155
15433
53937
85
181
62
187
536
48391
147318
97
168
64322
21577
239
1076
36979
135
10
188
70895
223
97002
130
171027
48
42481
24886
54331
48
103754
72
183966
47293
49100
2265
254
9050
6117
38014
101
17489
259
17626
152
71
10422
10046
172734
29
11985
31431
92757
41706
105
108391
30
45537
49
63
21
9
194
39119
63606
287
111
280
103210
25064
16110
106050
179
124177
1550
40309
161
222
6443
340
253
82
32
5289
1202
85144
169
18
64134
433
220
213
6377
81637
123
26111
176
51
91894
182
24771
17679
14561
74635
247
146493
22640
14416
60998
23592
231
54524
118266
2447
23
276
91935
47923
160508
120043
58
103
48401
175797
200
66
66
504
118862
150
67676
238
109541
97
34622
32977
43795
192
221
192454
44
5342
206
6
2918
96
58
189
260
49100
83223
174
13777
167
60466
12075
54627
112570
36751
160
130
26
226
242
328
6
168427
97862
220
52175
131228
66710
29710
109249
49993
117451
113941
117
103219
28655
44
51807
176
24236
84528
28869
127
37813
17935
139442
59379
60876
73942
51899
29988
125349
31089
49085
218
19630
26217
201
31
148
248
6289
275
54089
73
169
124993
147229
77174
223
8545
19694
244
254
89
55793
110102
221
4721
196
166480
224714
25339
139997
15951
22571
92134
137084
135
193
69588
132083
13
256
47382
356
31617
67939
95
44508
186
26792
221
125
32384
58163
71
170505
78174
27
26
160695
10006
138
17
14668
183856
106939
202
16055
74590
79299
59
82763
202
29979
53
92
8
57373
56707
120
53
321
212
29
18
168
87
195
65
108
8564
183
2089
120
80283
5627
107019
148
119418
43637
74793
344
101779
235
21
295
120903
39635
55099
8549
6597
15205
4363
190
389
37072
48807
146
20357
81620
5157
141
162
133
109
130
116212
203
287
85
21201
71
150
85
93180
278
184090
207
269
138
184
167232
20
97591
23165
65
206
250
47450
44952
56892
113509
56858
114
128
172281
244
162542
291
213
141
137
231
60
66
127730
235
3089
87
19341
18420
127936
28704
99458
170
3891
239
48878
78474
192
109
69348
120
163
78453
83
187
251
140495
83809
179
59127
8008
96592
31929
57795
89401
15
1217
103
334
32558
189
310
29444
78
316
56417
34202
96
127
57
81
11077
10051
8742
43686
43281
30
256
166511
31
46
859
23359
185987
156446
288
130
156806
187
53515
22
43719
242
12
22
3
143300
158
102652
34
48
197486
50
4737
171919
92334
196
39
4365
34398
29297
72
4352
160
198
292
6381
2690
88453
69
320
197
202053
13359
262
9972
188493
278
167
153562
196524
223
50822
165
118
27725
142
3
6733
87629
33
22
21536
108385
302
3622
13663
28546
67088
240
4455
7512
93060
15
31
244
25
22948
31486
13841
54184
2766
7704
22290
2726
205
2028
104544
35862
4959
220
152
45219
85
16963
103
162272
75972
179
4005
81130
5
29692
19139
29
207
44
5204
591
295
103439
61745
73
38442
26
147631
84325
209
181
176
276
26364
51
93
279
67276
35982
274
256
37
396
192
171867
167
158
91353
27883
195
36050
19505
229
27158
210
87
4702
27601
37364
20382
152894
82
353
166
54967
25
212732
118580
31982
236
9155
259
194
242
10773
125028
65802
7
233
71386
85
1378
61799
215
130667
167
42659
138
55520
14
161
49955
237
69571
116
82
26335
235
307
31816
46602
138
282
200058
111
151
257
75954
67935
95
38051
105727
10227
30673
3
110887
148
6
95
229
24
32986
81938
8555
43705
181
39845
56003
54628
154
109752
231
117691
5976
179
135
42788
127
30677
18134
20
227259
54
26982
42458
32035
127507
95991
110547
80
116334
1094
40782
36983
133824
25769
61484
168859
19954
155
116798
53008
1713
323
104
8
109618
139
159781
29464
36029
33
289
46800
119844
49
252
199085
26226
139
134773
53213
45623
1816
21837
9600
170
95
273
9402
83
62958
194
128835
17406
124133
106564
224
189
172
158201
11637
2570
23095
42693
67
148
126
7920
103237
244
48803
61150
130
48604
32784
55
2632
96847
37322
111
56055
38222
258
200878
228512
22
47435
161
99093
75
2835
16
144
122
8427
146760
18939
23
7791
20993
33863
49690
19934
214
48971
182
78699
13010
56
24123
91
54
18832
120
180
197323
20
125
73092
6692
9204
131
16
160973
133
115
499
88308
103350
255
12039
183
193
64100
218
255
206
364
53
1
123623
299
2740
65351
284
25
58
81
75317
16712
31677
30892
244
159945
64337
18725
33864
56
32
158214
15087
44415
115444
200
290
193620
180
98
143
131017
217277
29523
342
211
40363
159
194
179665
47322
131182
66003
58
109
200
45508
106621
65484
146
17949
25084
98
195
129768
39161
164385
152
30
102642
117002
66
28222
190
64888
97
492
17353
48
114
54941
4913
252
233
34120
124
14082
117
249
124305
93
202080
100198
29677
17
38221
24802
13119
272
107
290
108466
37684
213
93258
184
2441
137970
261
139318
64306
210
169
32967
160
2028
3
90246
165948
3
45
101691
81993
20146
224
248
208114
29026
231
23
41528
323
185
254
71126
2554
41226
74319
40556
211
202
170
3893
40111
2
83466
56722
56
25
158
40551
62539
263
254
22067
215
6452
332
87243
171
37612
199
25936
102
27054
140
95
45064
149
94
274
36
398
257
2012
91505
19626
193
108687
94376
302
12342
236
270
138
77899
3364
16770
3
555
25
69696
128543
10560
232
87174
38
18030
70479
12583
6426
113457
9034
196
10780
27390
91
114489
270
63
31
395
48826
130
8869
172
25908
61541
137109
10992
204
98
16788
97
219
37
229
200536
141350
91796
55342
94
38004
210
16
16732
123205
109
190
95
63295
9396
35
37158
52283
37
170
47
3861
2019
22588
236
95456
116
243
12501
224
218438
7459
151734
122
56
80636
74713
173073
176
223
93
61879
94453
96711
260
73130
27
25330
91
222
85249
98
489
95595
188
42
109
46411
86561
98982
547
162
131550
208
23814
135
69685
56
86
175587
14047
10147
59
358
250
220
47526
151291
256
44
30996
15
303
101640
102
168
162
229
53174
19
32
194
124
100404
3
5
79349
74
243
127553
101
209
62373
2304
3003
105948
196
7166
165765
195
58
8943
9048
98031
189
73
157222
6637
119887
263
38744
123309
164
113
1318
16286
117
50186
2626
2017
134830
2869
57501
65634
175
85805
259
91
186
141
163005
150868
115114
136
80
62
189
151297
48769
9055
52
26468
165
135980
104040
15513
49
44575
172894
9
114824
60147
46819
79008
56568
2
88252
57988
143
48622
7721
193
114
36
236
17714
41887
204
50685
41465
6146
129178
129
19660
77
63714
71817
8057
37616
94872
20838
158
1
65130
52286
237
115
4737
155693
137
120
57829
89611
177
14002
2958
86088
28919
35619
122330
79
161
7002
79
18
267
40883
157670
68947
5932
126
160
157
116
64564
52
28851
169653
133833
89570
42738
35803
117397
160592
96
74150
229
17255
22024
382
49100
1404
44
54127
139718
55979
63
121
104231
26008
49553
272
108182
186339
282
1968
28090
16585
123166
30
33227
113466
42064
29537
90
40023
220
242
169
80
138122
115969
136
208083
111498
19752
21
51026
176
67
84
54
99
38690
26034
67213
91
156
33974
3
89365
186452
161299
78343
15534
198
175495
31
95
3495
72
8
165725
58941
183567
316
90144
2564
61
176
30339
107283
84414
109016
133043
48444
24304
69910
144142
161251
171
820
33735
8
9767
94872
16
13146
76298
325
25
134490
90
340
16032
213
18
184
232
198
10854
27
4830
19
91041
23
53
24839
183
6011
270
4942
56964
52709
5814
148
8
11175
173
150
190
36701
115
23314
42
38723
57488
261
11591
73
6544
23969
134
5
13828
12227
46
118204
4
219
107
219
16685
48661
173
35432
7183
218
1847
11238
275
1106
2
101250
79
147
146
114305
107884
36522
5
125
80999
15086
106
26495
16453
159354
40279
333
59
6
88679
96
125
193
304
79654
28438
180
200
155734
74905
125
267
2920
30
26850
206
70
61233
116
14681
122353
197652
1528
25819
175345
57560
3910
163284
138
60292
2652
73649
6942
798
21189
12
39
161423
287
33531
92
60
80856
54842
58
17868
53766
7353
118407
8376
292
21821
70886
136
64
21
110113
817
85085
32783
61266
58076
32
158903
150350
208
164
331
68588
102429
2832
139135
65
151441
106
12
273
3
93477
103118
8478
60
8565
25004
78
154815
246
34
202
63
247
299
28885
10
43704
129
57620
18036
27
137
218
66143
49378
56586
25
165
191
50447
129
240
200
2089
199127
135
155
91
16
86170
35503
162
21736
44633
41
205
4331
176
273
76267
28697
120373
272
3993
57820
221
6589
150
86998
84035
38221
84039
95825
14463
15745
84813
223
55979
64469
62
2248
1180
125347
69
21852
85795
199
36
13432
207
30160
10017
218
157
185
21188
180
68490
3649
31017
30942
218
97280
128621
38294
267
14623
66
156
227
300
243
17573
50734
163
14650
170
59
221
7083
33336
185461
13896
19
48353
256
76039
217
72105
71056
8247
165
225
237
115
31
16967
125
2399
68661
97
99639
59
74
127
62248
28135
131768
109
102351
178
16076
10687
68884
262
5
27625
5940
237
89398
130581
42144
31189
12084
19
221
10
75081
209
58905
267
313
273
23341
204403
129252
179
155
134
82967
5643
198563
141021
44
203
201
65858
204
60829
7974
75867
322
15933
118282
281
84002
23870
81
42300
48630
119012
401
208
132
2708
35537
264
45867
304
87154
60281
22120
5228
129693
167
202
45336
235
172366
113246
15
127
56206
139283
177516
16
1852
137
104
82662
10
250
224
2216
145
45
32091
1151
159
28332
140333
83241
267
9933
33677
75188
5886
136
22
31570
181221
1303
176025
98213
40941
127
11589
111672
52907
207
104335
178
69711
177
133
25125
177
10075
5696
137249
87407
12139
186
3336
64650
194
156
74724
6818
48704
65086
17683
308
89
16219
117
57824
288
103
42856
98
117
35668
57695
60597
57
16159
32
54411
151
126
180668
12015
57
48
166
70680
125
117812
78461
99473
135
133251
73
200
8723
64855
81
18
189719
20230
212
106090
27468
1590
240
44943
10736
118263
4464
63092
13247
227011
44371
4778
153
106859
94
49816
8202
15
41736
224
8194
150
131
23318
82947
11711
8454
107785
20862
131
95702
38
78
183
157
2656
3153
227
91352
250
150
226
10244
10676
41624
91
49823
251
90
57
50370
227
10
19496
174
219
239
48822
155916
164229
252
191396
2305
7886
80268
16192
105970
10817
49107
202
81220
90646
1056
642
120855
66863
38
25145
113398
12117
83
26
211665
215
291
71152
32198
293
36634
35701
45732
90999
58126
116490
30
60345
160
161
73432
111
29
75322
48770
250
299
68
33791
94562
229
16457
79554
198
314
23466
12688
259
61942
5783
19
227
159386
319
42987
8677
2677
32955
255
73
5964
22452
243
150072
139630
63724
50
253
38
23628
112
149
67
145
198937
65745
39
93364
250
200
18326
32207
1550
5
137
265
46846
3692
28491
82
33900
170
88571
76445
55355
88094
24
192
59908
251
50104
67
81666
30151
22
116
35
182
11773
48115
195
265
160
4320
41450
194
1
116
5520
30265
54
142
216
12817
12779
105
130
115645
200770
56
8789
264
255
30
314
99439
171
162012
37
3888
29470
106330
24
16062
7363
56
62
107619
26375
463
81126
23550
18
22606
155
303
4919
12358
14068
29596
17163
399
244
63
18
9700
149590
262
218
215
164
97537
20240
31
61628
18
89849
155
3
242
49
627
99757
25
336
94
69652
57154
154
25924
144560
79228
152
164952
187
48
12
87029
267
13103
36920
42028
157
22572
306
23922
42267
137891
74799
84648
16
104948
141
230
15461
107
18201
40743
37472
319
22112
23364
77
78
41177
11609
14
39
278
47042
130
115
268
150841
76
159
112335
170
87461
96467
34906
6
16186
1849
102
39
275
248
16983
53053
24927
339
10705
18
25045
227
8836
281
102
27414
148456
185
38
22198
26423
184
313
98727
200
175
86329
130836
208
1003
24
35027
99436
65
26887
19045
28138
23204
6649
148801
115
91
219
290
59074
65364
191
84204
104
18662
292
99996
4440
125716
87544
17923
111
231
66
100873
126459
96846
7
176184
144937
225
168565
20484
25
70
5144
210
77048
64
82
32134
83180
6375
128344
158
29559
275
4024
686
269
87
131
31254
156
264
172014
31137
301
261
73
79112
48634
26503
44845
199
74167
28
70
47134
185345
175
68620
64723
32355
89
2891
561
101541
57
192
97865
28780
87
36
158705
92168
2
39395
25
49882
49688
118449
175
80
86
35953
170
347
44
219
52702
285
50501
263
135980
45
75204
12068
113476
18651
165
132645
191
196
169
212
34422
1344
172
49711
11917
225
235
45
304
75317
7207
65
216
10920
110347
96
12111
209
204
90
59850
100488
240
22218
173
274
3
109
12296
99
62730
112
89
11493
116086
56705
106513
15
27356
38998
219
27953
835
46305
107597
77545
73830
3
88574
87588
32678
123367
44
296
116
238
114
137415
68
59
189
14
114964
18778
38625
4
81515
79475
166
97
8344
215
210
296
46
17581
172
23365
186156
159656
17697
69669
3635
9183
44726
30
83
183
232
86043
45996
176790
121
67731
1043
132
122
11523
27
105
107487
123931
32127
115417
266
394
45
69
2069
96
360
67
190
92
47636
14131
46
11588
301
154
12171
175274
80806
76537
92
26053
15939
88
134
285
247
198745
301
68588
185386
176
155
242
19
32
83302
45695
98
384
21
21313
4923
11
69415
8893
336
8102
48643
2906
132803
13801
77099
7123
226
87
204
210541
106192
132212
27493
104
155186
4648
47698
1
48852
266
102035
55539
177
12226
37
13
18905
41
87062
46
94618
284
25309
181
218
120667
260
87
19879
44455
208
51323
14736
60559
181943
255
25
156
58
7545
11487
59
203411
25
3
118
78341
65021
70878
73488
100553
205
125025
207
100952
28184
177
204
88
50643
45
200
65
90882
123676
203
182657
254
8214
101615
156
14054
136
8
18215
126
4425
124
4340
105882
92987
12973
50
103
164605
169
73376
11500
150
89486
43185
131203
6328
126
33751
25552
212
20810
168328
160766
158130
154
113649
134
102666
158
41
91678
44
282
161
7253
169
159947
120
113288
245
68
178396
16
10622
152
30649
152
143
4456
126102
16
19
8446
140585
65580
82
97
123898
169
91755
103
5598
22487
49425
79861
278
4327
1223
4723
170
16509
41
21
185
151
120
14448
108449
71
37707
80280
37
8070
111689
65
256
82821
133926
4629
183
32201
231
264
179484
266
132030
207
17396
50
18
141762
372
92
65
191
233
94
103240
77993
23098
181521
242
108
284
27935
66
1488
54267
48
119
16504
12190
3442
923
104913
50335
71
105403
63924
105
47
145
135001
293
201
62257
62
1
34096
172
25726
146319
55
1245
178267
70
48374
129312
4075
43590
193
3
36
23963
87735
86
103
87
170
260
125
93387
128
119295
208
111548
201
204
227
204425
212
19074
64837
121
109
187
93461
194477
31
10452
92
79
205
72360
42593
89349
22
59026
2
58603
15873
210
3717
21
92972
111
252
177
149415
165669
85023
80
12068
246
31759
102405
206
8591
62926
53
26843
196
152737
72753
28641
146980
138
372
113490
185
274
161810
1488
144
245
101
13368
153
32
157685
25595
5465
57699
54
60796
281
137
81394
184
20558
73
29003
68142
2705
147239
16851
11855
9472
66162
74183
13091
22668
149
14712
35160
146278
48784
18043
18197
70
133
248
105
26976
72
38546
200313
20001
309
200665
123988
295
39495
2
159293
1740
137894
15516
39273
191
1580
868
27718
3424
19310
37784
55168
33
213
8950
31895
137
116
1355
1035
319
6609
74966
100
66394
43501
36
151
1474
155
69800
57491
60
98429
8
75913
59542
286
3745
152351
14601
5496
118282
177
94621
14282
164
33
369
36
101
77407
73487
111955
89420
179
156
317
64200
2323
240
57316
220
17291
46
29246
69
49650
311
1
9279
50345
475
153261
28440
26
160623
5684
753
124058
16542
7947
12283
167519
25
95927
121
67280
86256
93052
76
188374
11608
37363
8598
272
132164
1367
132331
323
50577
9254
201
86735
78
16965
125
51
209219
54715
54
135
28
138935
98925
30986
3
38
53540
4299
67
56
105383
53888
180437
48598
8416
56
156942
25937
10248
110743
165760
115
146
217
249
210
15131
8002
142
26608
30180
241
137493
107
161
59
240
165
271
191
114299
132236
63
165
43826
60572
249
67
146
21258
18071
210
4124
285
43419
33881
129
7440
169919
69753
51
36
55193
258
55267
213
182
40998
201
5390
130479
63898
258
77
42
286
43738
78075
68061
67
223
90143
87427
72177
69836
123
269
7079
110
266
131
222
78
166
214
7971
37257
31
126
14
63604
48199
148
25871
8
11419
333
17958
49621
12511
9874
22560
21
209725
185
109170
57830
210
253
26519
261
6
123
5779
50663
54028
6
10034
115
63
10889
