0 0
200
11 2200
200
200
21 4200
200
200
31 6200
200
200
41 8200
200
200
51 10200
200
200
61 12200
200
72 14400
200
83 16600
200
200
93 18600
200
200
103 20600
200
200
113 22600
200
200
123 24600
200
200
133 26600
200
144 28800
200
155 31000
200
200
165 33000
200
200
175 35000
200
200
185 37000
200
200
195 39000
200
200
205 41000
200
216 43200
200
227 45400
200
200
237 47400
200
200
247 49400
200
200
257 51400
200
200
267 53400
200
200
277 55400
200
288 57600
200
299 59800
200
200
309 61800
200
200
319 63800
200
200
329 65800
200
200
339 67800
200
200
349 69800
200
360 72000
200
371 74200
200
200
381 76200
200
200
391 78200
200
200
401 80200
200
200
411 82200
200
200
421 84200
200
432 86400
200
443 88600
200
200
453 90600
200
200
463 92600
200
200
473 94600
200
200
483 96600
200
200
493 98600
200
504 100800
200
515 103000
200
200
525 105000
200
200
535 107000
200
200
545 109000
200
200
555 111000
200
200
565 113000
200
576 115200
200
587 117400
200
200
597 119400
200
200
607 121400
200
200
617 123400
200
200
627 125400
200
200
637 127400
200
648 129600
200
659 131800
200
200
669 133800
200
200
679 135800
200
200
689 137800
200
200
699 139800
200
200
709 141800
200
720 144000
200
731 146200
200
200
741 148200
200
200
751 150200
200
200
761 152200
200
200
771 154200
200
200
781 156200
200
792 158400
200
803 160600
200
200
813 162600
200
200
823 164600
200
200
833 166600
200
200
843 168600
200
200
853 170600
200
864 172800
200
875 175000
200
200
885 177000
200
200
895 179000
200
200
905 181000
200
200
915 183000
200
200
925 185000
200
936 187200
200
947 189400
200
200
957 191400
200
200
967 193400
200
200
977 195400
200
200
987 197400
200
200
997 199400
200
1008 201600
200
1019 203800
200
200
1029 205800
200
200
1039 207800
200
200
1049 209800
200
200
1059 211800
200
200
1069 213800
200
1080 216000
200
1091 218200
200
200
1101 220200
200
200
1111 222200
200
200
1121 224200
200
200
1131 226200
200
200
1141 228200
200
1152 230400
200
1163 232600
200
200
1173 234600
200
200
1183 236600
200
200
1193 238600
200
200
1203 240600
200
200
1213 242600
200
1224 244800
200
1235 247000
200
200
1245 249000
200
200
1255 251000
200
200
1265 253000
200
200
1275 255000
200
200
1285 257000
200
1296 259200
200
1307 261400
200
200
1317 263400
200
200
1327 265400
200
200
1337 267400
200
200
1347 269400
200
200
1357 271400
200
1368 273600
200
1379 275800
200
200
1389 277800
200
200
1399 279800
200
200
1409 281800
200
200
1419 283800
200
200
1429 285800
200
1440 288000
200
1451 290200
200
200
1461 292200
200
200
1471 294200
200
200
1481 296200
200
200
1491 298200
200
200
1501 300200
200
1512 302400
200
1523 304600
200
200
1533 306600
200
200
1543 308600
200
200
1553 310600
200
200
1563 312600
200
200
1573 314600
200
1584 316800
200
1595 319000
200
200
1605 321000
200
200
1615 323000
200
200
1625 325000
200
200
1635 327000
200
200
1645 329000
200
1656 331200
200
1667 333400
200
200
1677 335400
200
200
1687 337400
200
200
1697 339400
200
200
1707 341400
200
200
1717 343400
200
1728 345600
200
1739 347800
200
200
1749 349800
200
200
1759 351800
200
200
1769 353800
200
200
1779 355800
200
200
1789 357800
200
1800 360000
200
1811 362200
200
200
1821 364200
200
200
1831 366200
200
200
1841 368200
200
200
1851 370200
200
200
1861 372200
200
1872 374400
200
1883 376600
200
200
1893 378600
200
200
1903 380600
200
200
1913 382600
200
200
1923 384600
200
200
1933 386600
200
1944 388800
200
1955 391000
200
200
1965 393000
200
200
1975 395000
200
200
1985 397000
200
200
1995 399000
200
200
2005 401000
200
2016 403200
200
2027 405400
200
200
2037 407400
200
200
2047 409400
200
200
2057 411400
200
200
2067 413400
200
200
2077 415400
200
2088 417600
200
2099 419800
200
200
2109 421800
200
200
2119 423800
200
200
2129 425800
200
200
2139 427800
200
200
2149 429800
200
2160 432000
200
2171 434200
200
200
2181 436200
200
200
2191 438200
200
200
2201 440200
200
200
2211 442200
200
200
2221 444200
200
2232 446400
200
2243 448600
200
200
2253 450600
200
200
2263 452600
200
200
2273 454600
200
200
2283 456600
200
200
2293 458600
200
2304 460800
200
2315 463000
200
200
2325 465000
200
200
2335 467000
200
200
2345 469000
200
200
2355 471000
200
200
2365 473000
200
2376 475200
200
2387 477400
200
200
2397 479400
200
200
2407 481400
200
200
2417 483400
200
200
2427 485400
200
200
2437 487400
200
2448 489600
200
2459 491800
200
200
2469 493800
200
200
2479 495800
200
200
2489 497800
200
200
2499 499800
200
200
2509 501800
200
2520 504000
200
2531 506200
200
200
2541 508200
200
200
2551 510200
200
200
2561 512200
200
200
2571 514200
200
200
2581 516200
200
2592 518400
200
2603 520600
200
200
2613 522600
200
200
2623 524600
200
200
2633 526600
200
200
2643 528600
200
200
2653 530600
200
2664 532800
200
2675 535000
200
200
2685 537000
200
200
2695 539000
200
200
2705 541000
200
200
2715 543000
200
200
2725 545000
200
2736 547200
200
2747 549400
200
200
2757 551400
200
200
2767 553400
200
200
2777 555400
200
200
2787 557400
200
200
2797 559400
200
2808 561600
200
2819 563800
200
200
2829 565800
200
200
2839 567800
200
200
2849 569800
200
200
2859 571800
200
200
2869 573800
200
2880 576000
200
2891 578200
200
200
2901 580200
200
200
2911 582200
200
200
2921 584200
200
200
2931 586200
200
200
2941 588200
200
2952 590400
200
2963 592600
200
200
2973 594600
200
200
2983 596600
200
200
2993 598600
200
200
3003 600600
200
200
3013 602600
200
3024 604800
200
3035 607000
200
200
3045 609000
200
200
3055 611000
200
200
3065 613000
200
200
3075 615000
200
200
3085 617000
200
3096 619200
200
3107 621400
200
200
3117 623400
200
200
3127 625400
200
200
3137 627400
200
200
3147 629400
200
200
3157 631400
200
3168 633600
200
3179 635800
200
200
3189 637800
200
200
3199 639800
200
200
3209 641800
200
200
3219 643800
200
200
3229 645800
200
3240 648000
200
3251 650200
200
200
3261 652200
200
200
3271 654200
200
200
3281 656200
200
200
3291 658200
200
200
3301 660200
200
3312 662400
200
3323 664600
200
200
3333 666600
200
200
3343 668600
200
200
3353 670600
200
200
3363 672600
200
200
3373 674600
200
3384 676800
200
3395 679000
200
200
3405 681000
200
200
3415 683000
200
200
3425 685000
200
200
3435 687000
200
200
3445 689000
200
3456 691200
200
3467 693400
200
200
3477 695400
200
200
3487 697400
200
200
3497 699400
200
200
3507 701400
200
200
3517 703400
200
3528 705600
200
3539 707800
200
200
3549 709800
200
200
3559 711800
200
200
3569 713800
200
200
3579 715800
200
200
3589 717800
200
3600 720000
200
3611 722200
200
200
3621 724200
200
200
3631 726200
200
200
3641 728200
200
200
3651 730200
200
200
3661 732200
200
3672 734400
200
3683 736600
200
200
3693 738600
200
200
3703 740600
200
200
3713 742600
200
200
3723 744600
200
200
3733 746600
200
3744 748800
200
3755 751000
200
200
3765 753000
200
200
3775 755000
200
200
3785 757000
200
200
3795 759000
200
200
3805 761000
200
3816 763200
200
3827 765400
200
200
3837 767400
200
200
3847 769400
200
200
3857 771400
200
200
3867 773400
200
200
3877 775400
200
3888 777600
200
3899 779800
200
200
3909 781800
200
200
3919 783800
200
200
3929 785800
200
200
3939 787800
200
200
3949 789800
200
3960 792000
200
3971 794200
200
200
3981 796200
200
200
3991 798200
200
200
4001 800200
200
200
4011 802200
200
200
4021 804200
200
4032 806400
200
4043 808600
200
200
4053 810600
200
200
4063 812600
200
200
4073 814600
200
200
4083 816600
200
200
4093 818600
200
4104 820800
200
4115 823000
200
200
4125 825000
200
200
4135 827000
200
200
4145 829000
200
200
4155 831000
200
200
4165 833000
200
4176 835200
200
4187 837400
200
200
4197 839400
200
200
4207 841400
200
200
4217 843400
200
200
4227 845400
200
200
4237 847400
200
4248 849600
200
4259 851800
200
200
4269 853800
200
200
4279 855800
200
200
4289 857800
200
200
4299 859800
200
200
4309 861800
200
4320 864000
200
4331 866200
200
200
4341 868200
200
200
4351 870200
200
200
4361 872200
200
200
4371 874200
200
200
4381 876200
200
4392 878400
200
4403 880600
200
200
4413 882600
200
200
4423 884600
200
200
4433 886600
200
200
4443 888600
200
200
4453 890600
200
4464 892800
200
4475 895000
200
200
4485 897000
200
200
4495 899000
200
200
4505 901000
200
200
4515 903000
200
200
4525 905000
200
4536 907200
200
4547 909400
200
200
4557 911400
200
200
4567 913400
200
200
4577 915400
200
200
4587 917400
200
200
4597 919400
200
4608 921600
200
4619 923800
200
200
4629 925800
200
200
4639 927800
200
200
4649 929800
200
200
4659 931800
200
200
4669 933800
200
4680 936000
200
4691 938200
200
200
4701 940200
200
200
4711 942200
200
200
4721 944200
200
200
4731 946200
200
200
4741 948200
200
4752 950400
200
4763 952600
200
200
4773 954600
200
200
4783 956600
200
200
4793 958600
200
200
4803 960600
200
200
4813 962600
200
4824 964800
200
4835 967000
200
200
4845 969000
200
200
4855 971000
200
200
4865 973000
200
200
4875 975000
200
200
4885 977000
200
4896 979200
200
4907 981400
200
200
4917 983400
200
200
4927 985400
200
200
4937 987400
200
200
4947 989400
200
200
4957 991400
200
4968 993600
200
4979 995800
200
200
4989 997800
200
200
4999 999800
200
200
5009 1001800
200
200
5019 1003800
200
200
5029 1005800
200
5040 1008000
200
5051 1010200
200
200
5061 1012200
200
200
5071 1014200
200
200
5081 1016200
200
200
5091 1018200
200
200
5101 1020200
200
5112 1022400
200
5123 1024600
200
200
5133 1026600
200
200
5143 1028600
200
200
5153 1030600
200
200
5163 1032600
200
200
5173 1034600
200
5184 1036800
200
5195 1039000
200
200
5205 1041000
200
200
5215 1043000
200
200
5225 1045000
200
200
5235 1047000
200
200
5245 1049000
200
5256 1051200
200
5267 1053400
200
200
5277 1055400
200
200
5287 1057400
200
200
5297 1059400
200
200
5307 1061400
200
200
5317 1063400
200
5328 1065600
200
5339 1067800
200
200
5349 1069800
200
200
5359 1071800
200
200
5369 1073800
200
200
5379 1075800
200
200
5389 1077800
200
5400 1080000
200
5411 1082200
200
200
5421 1084200
200
200
5431 1086200
200
200
5441 1088200
200
200
5451 1090200
200
200
5461 1092200
200
5472 1094400
200
5483 1096600
200
200
5493 1098600
200
200
5503 1100600
200
200
5513 1102600
200
200
5523 1104600
200
200
5533 1106600
200
5544 1108800
200
5555 1111000
200
200
5565 1113000
200
200
5575 1115000
200
200
5585 1117000
200
200
5595 1119000
200
200
5605 1121000
200
5616 1123200
200
5627 1125400
200
200
5637 1127400
200
200
5647 1129400
200
200
5657 1131400
200
200
5667 1133400
200
200
5677 1135400
200
5688 1137600
200
5699 1139800
200
200
5709 1141800
200
200
5719 1143800
200
200
5729 1145800
200
200
5739 1147800
200
200
5749 1149800
200
5760 1152000
200
5771 1154200
200
200
5781 1156200
200
200
5791 1158200
200
200
5801 1160200
200
200
5811 1162200
200
200
5821 1164200
200
5832 1166400
200
5843 1168600
200
200
5853 1170600
200
200
5863 1172600
200
200
5873 1174600
200
200
5883 1176600
200
200
5893 1178600
200
5904 1180800
200
5915 1183000
200
200
5925 1185000
200
200
5935 1187000
200
200
5945 1189000
200
200
5955 1191000
200
200
5965 1193000
200
5976 1195200
200
5987 1197400
200
200
5997 1199400
200
200
6007 1201400
200
200
6017 1203400
200
200
6027 1205400
200
200
6037 1207400
200
6048 1209600
200
6059 1211800
200
200
6069 1213800
200
200
6079 1215800
200
200
6089 1217800
200
200
6099 1219800
200
200
6109 1221800
200
6120 1224000
200
6131 1226200
200
200
6141 1228200
200
200
6151 1230200
200
200
6161 1232200
200
200
6171 1234200
200
200
6181 1236200
200
6192 1238400
200
6203 1240600
200
200
6213 1242600
200
200
6223 1244600
200
200
6233 1246600
200
200
6243 1248600
200
200
6253 1250600
200
6264 1252800
200
6275 1255000
200
200
6285 1257000
200
200
6295 1259000
200
200
6305 1261000
200
200
6315 1263000
200
200
6325 1265000
200
6336 1267200
200
6347 1269400
200
200
6357 1271400
200
200
6367 1273400
200
200
6377 1275400
200
200
6387 1277400
200
200
6397 1279400
200
6408 1281600
200
6419 1283800
200
200
6429 1285800
200
200
6439 1287800
200
200
6449 1289800
200
200
6459 1291800
200
200
6469 1293800
200
6480 1296000
200
6491 1298200
200
200
6501 1300200
200
200
6511 1302200
200
200
6521 1304200
200
200
6531 1306200
200
200
6541 1308200
200
6552 1310400
200
6563 1312600
200
200
6573 1314600
200
200
6583 1316600
200
200
6593 1318600
200
200
6603 1320600
200
200
6613 1322600
200
6624 1324800
200
6635 1327000
200
200
6645 1329000
200
200
6655 1331000
200
200
6665 1333000
200
200
6675 1335000
200
200
6685 1337000
200
6696 1339200
200
6707 1341400
200
200
6717 1343400
200
200
6727 1345400
200
200
6737 1347400
200
200
6747 1349400
200
200
6757 1351400
200
6768 1353600
200
6779 1355800
200
200
6789 1357800
200
200
6799 1359800
200
200
6809 1361800
200
200
6819 1363800
200
200
6829 1365800
200
6840 1368000
200
6851 1370200
200
200
6861 1372200
200
200
6871 1374200
200
200
6881 1376200
200
200
6891 1378200
200
200
6901 1380200
200
6912 1382400
200
6923 1384600
200
200
6933 1386600
200
200
6943 1388600
200
200
6953 1390600
200
200
6963 1392600
200
200
6973 1394600
200
6984 1396800
200
6995 1399000
200
200
7005 1401000
200
200
7015 1403000
200
200
7025 1405000
200
200
7035 1407000
200
200
7045 1409000
200
7056 1411200
200
7067 1413400
200
200
7077 1415400
200
200
7087 1417400
200
200
7097 1419400
200
200
7107 1421400
200
200
7117 1423400
200
7128 1425600
200
7139 1427800
200
200
7149 1429800
200
200
7159 1431800
200
200
7169 1433800
200
200
7179 1435800
200
200
7189 1437800
200
7200 1440000
200
7211 1442200
200
200
7221 1444200
200
200
7231 1446200
200
200
7241 1448200
200
200
7251 1450200
200
200
7261 1452200
200
7272 1454400
200
7283 1456600
200
200
7293 1458600
200
200
7303 1460600
200
200
7313 1462600
200
200
7323 1464600
200
200
7333 1466600
200
7344 1468800
200
7355 1471000
200
200
7365 1473000
200
200
7375 1475000
200
200
7385 1477000
200
200
7395 1479000
200
200
7405 1481000
200
7416 1483200
200
7427 1485400
200
200
7437 1487400
200
200
7447 1489400
200
200
7457 1491400
200
200
7467 1493400
200
200
7477 1495400
200
7488 1497600
200
7499 1499800
200
200
7509 1501800
200
200
7519 1503800
200
200
7529 1505800
200
200
7539 1507800
200
200
7549 1509800
200
7560 1512000
200
7571 1514200
200
200
7581 1516200
200
200
7591 1518200
200
200
7601 1520200
200
200
7611 1522200
200
200
7621 1524200
200
7632 1526400
200
7643 1528600
200
200
7653 1530600
200
200
7663 1532600
200
200
7673 1534600
200
200
7683 1536600
200
200
7693 1538600
200
7704 1540800
200
7715 1543000
200
200
7725 1545000
200
200
7735 1547000
200
200
7745 1549000
200
200
7755 1551000
200
200
7765 1553000
200
7776 1555200
200
7787 1557400
200
200
7797 1559400
200
200
7807 1561400
200
200
7817 1563400
200
200
7827 1565400
200
200
7837 1567400
200
7848 1569600
200
7859 1571800
200
200
7869 1573800
200
200
7879 1575800
200
200
7889 1577800
200
200
7899 1579800
200
200
7909 1581800
200
7920 1584000
200
7931 1586200
200
200
7941 1588200
200
200
7951 1590200
200
200
7961 1592200
200
200
7971 1594200
200
200
7981 1596200
200
7992 1598400
200
8003 1600600
200
200
8013 1602600
200
200
8023 1604600
200
200
8033 1606600
200
200
8043 1608600
200
200
8053 1610600
200
8064 1612800
200
8075 1615000
200
200
8085 1617000
200
200
8095 1619000
200
200
8105 1621000
200
200
8115 1623000
200
200
8125 1625000
200
8136 1627200
200
8147 1629400
200
200
8157 1631400
200
200
8167 1633400
200
200
8177 1635400
200
200
8187 1637400
200
200
8197 1639400
200
8208 1641600
200
8219 1643800
200
200
8229 1645800
200
200
8239 1647800
200
200
8249 1649800
200
200
8259 1651800
200
200
8269 1653800
200
8280 1656000
200
8291 1658200
200
200
8301 1660200
200
200
8311 1662200
200
200
8321 1664200
200
200
8331 1666200
200
200
8341 1668200
200
8352 1670400
200
8363 1672600
200
200
8373 1674600
200
200
8383 1676600
200
200
8393 1678600
200
200
8403 1680600
200
200
8413 1682600
200
8424 1684800
200
8435 1687000
200
200
8445 1689000
200
200
8455 1691000
200
200
8465 1693000
200
200
8475 1695000
200
200
8485 1697000
200
8496 1699200
200
8507 1701400
200
200
8517 1703400
200
200
8527 1705400
200
200
8537 1707400
200
200
8547 1709400
200
200
8557 1711400
200
8568 1713600
200
8579 1715800
200
200
8589 1717800
200
200
8599 1719800
200
200
8609 1721800
200
200
8619 1723800
200
200
8629 1725800
200
8640 1728000
200
8651 1730200
200
200
8661 1732200
200
200
8671 1734200
200
200
8681 1736200
200
200
8691 1738200
200
200
8701 1740200
200
8712 1742400
200
8723 1744600
200
200
8733 1746600
200
200
8743 1748600
200
200
8753 1750600
200
200
8763 1752600
200
200
8773 1754600
200
8784 1756800
200
8795 1759000
200
200
8805 1761000
200
200
8815 1763000
200
200
8825 1765000
200
200
8835 1767000
200
200
8845 1769000
200
8856 1771200
200
8867 1773400
200
200
8877 1775400
200
200
8887 1777400
200
200
8897 1779400
200
200
8907 1781400
200
200
8917 1783400
200
8928 1785600
200
8939 1787800
200
200
8949 1789800
200
200
8959 1791800
200
200
8969 1793800
200
200
8979 1795800
200
200
8989 1797800
200
9000 1800000
200
9011 1802200
200
200
9021 1804200
200
200
9031 1806200
200
200
9041 1808200
200
200
9051 1810200
200
200
9061 1812200
200
9072 1814400
200
9083 1816600
200
200
9093 1818600
200
200
9103 1820600
200
200
9113 1822600
200
200
9123 1824600
200
200
9133 1826600
200
9144 1828800
200
9155 1831000
200
200
9165 1833000
200
200
9175 1835000
200
200
9185 1837000
200
200
9195 1839000
200
200
9205 1841000
200
9216 1843200
200
9227 1845400
200
200
9237 1847400
200
200
9247 1849400
200
200
9257 1851400
200
200
9267 1853400
200
200
9277 1855400
200
9288 1857600
200
9299 1859800
200
200
9309 1861800
200
200
9319 1863800
200
200
9329 1865800
200
200
9339 1867800
200
200
9349 1869800
200
9360 1872000
200
9371 1874200
200
200
9381 1876200
200
200
9391 1878200
200
200
9401 1880200
200
200
9411 1882200
200
200
9421 1884200
200
9432 1886400
200
9443 1888600
200
200
9453 1890600
200
200
9463 1892600
200
200
9473 1894600
200
200
9483 1896600
200
200
9493 1898600
200
9504 1900800
200
9515 1903000
200
200
9525 1905000
200
200
9535 1907000
200
200
9545 1909000
200
200
9555 1911000
200
200
9565 1913000
200
9576 1915200
200
9587 1917400
200
200
9597 1919400
200
200
9607 1921400
200
200
9617 1923400
200
200
9627 1925400
200
200
9637 1927400
200
9648 1929600
200
9659 1931800
200
200
9669 1933800
200
200
9679 1935800
200
200
9689 1937800
200
200
9699 1939800
200
200
9709 1941800
200
9720 1944000
200
9731 1946200
200
200
9741 1948200
200
200
9751 1950200
200
200
9761 1952200
200
200
9771 1954200
200
200
9781 1956200
200
9792 1958400
200
9803 1960600
200
200
9813 1962600
200
200
9823 1964600
200
200
9833 1966600
200
200
9843 1968600
200
200
9853 1970600
200
9864 1972800
200
9875 1975000
200
200
9885 1977000
200
200
9895 1979000
200
200
9905 1981000
200
200
9915 1983000
200
200
9925 1985000
200
9936 1987200
200
9947 1989400
200
200
9957 1991400
200
200
9967 1993400
200
200
9977 1995400
200
200
9987 1997400
200
200
9997 1999400
200
10008 2001600
200
10019 2003800
200
200
10029 2005800
200
200
10039 2007800
200
200
10049 2009800
200
200
10059 2011800
200
200
10069 2013800
200
10080 2016000
200
10091 2018200
200
200
10101 2020200
200
200
10111 2022200
200
200
10121 2024200
200
200
10131 2026200
200
200
10141 2028200
200
10152 2030400
200
10163 2032600
200
200
10173 2034600
200
200
10183 2036600
200
200
10193 2038600
200
200
10203 2040600
200
200
10213 2042600
200
10224 2044800
200
10235 2047000
200
200
10245 2049000
200
200
10255 2051000
200
200
10265 2053000
200
200
10275 2055000
200
200
10285 2057000
200
10296 2059200
200
10307 2061400
200
200
10317 2063400
200
200
10327 2065400
200
200
10337 2067400
200
200
10347 2069400
200
200
10357 2071400
200
10368 2073600
200
10379 2075800
200
200
10389 2077800
200
200
10399 2079800
200
200
10409 2081800
200
200
10419 2083800
200
200
10429 2085800
200
10440 2088000
200
10451 2090200
200
200
10461 2092200
200
200
10471 2094200
200
200
10481 2096200
200
200
10491 2098200
200
200
10501 2100200
200
10512 2102400
200
10523 2104600
200
200
10533 2106600
200
200
10543 2108600
200
200
10553 2110600
200
200
10563 2112600
200
200
10573 2114600
200
10584 2116800
200
10595 2119000
200
200
10605 2121000
200
200
10615 2123000
200
200
10625 2125000
200
200
10635 2127000
200
200
10645 2129000
200
10656 2131200
200
10667 2133400
200
200
10677 2135400
200
200
10687 2137400
200
200
10697 2139400
200
200
10707 2141400
200
200
10717 2143400
200
10728 2145600
200
10739 2147800
200
200
10749 2149800
200
200
10759 2151800
200
200
10769 2153800
200
200
10779 2155800
200
200
10789 2157800
200
10800 2160000
200
10811 2162200
200
200
10821 2164200
200
200
10831 2166200
200
200
10841 2168200
200
200
10851 2170200
200
200
10861 2172200
200
10872 2174400
200
10883 2176600
200
200
10893 2178600
200
200
10903 2180600
200
200
10913 2182600
200
200
10923 2184600
200
200
10933 2186600
200
10944 2188800
200
10955 2191000
200
200
10965 2193000
200
200
10975 2195000
200
200
10985 2197000
200
200
10995 2199000
200
200
11005 2201000
200
11016 2203200
200
11027 2205400
200
200
11037 2207400
200
200
11047 2209400
200
200
11057 2211400
200
200
11067 2213400
200
200
11077 2215400
200
11088 2217600
200
11099 2219800
200
200
11109 2221800
200
200
11119 2223800
200
200
11129 2225800
200
200
11139 2227800
200
200
11149 2229800
200
11160 2232000
200
11171 2234200
200
200
11181 2236200
200
200
11191 2238200
200
200
11201 2240200
200
200
11211 2242200
200
200
11221 2244200
200
11232 2246400
200
11243 2248600
200
200
11253 2250600
200
200
11263 2252600
200
200
11273 2254600
200
200
11283 2256600
200
200
11293 2258600
200
11304 2260800
200
11315 2263000
200
200
11325 2265000
200
200
11335 2267000
200
200
11345 2269000
200
200
11355 2271000
200
200
11365 2273000
200
11376 2275200
200
11387 2277400
200
200
11397 2279400
200
200
11407 2281400
200
200
11417 2283400
200
200
11427 2285400
200
200
11437 2287400
200
11448 2289600
200
11459 2291800
200
200
11469 2293800
200
200
11479 2295800
200
200
11489 2297800
200
200
11499 2299800
200
200
11509 2301800
200
11520 2304000
200
11531 2306200
200
200
11541 2308200
200
200
11551 2310200
200
200
11561 2312200
200
200
11571 2314200
200
200
11581 2316200
200
11592 2318400
200
11603 2320600
200
200
11613 2322600
200
200
11623 2324600
200
200
11633 2326600
200
200
11643 2328600
200
200
11653 2330600
200
11664 2332800
200
11675 2335000
200
200
11685 2337000
200
200
11695 2339000
200
200
11705 2341000
200
200
11715 2343000
200
200
11725 2345000
200
11736 2347200
200
11747 2349400
200
200
11757 2351400
200
200
11767 2353400
200
200
11777 2355400
200
200
11787 2357400
200
200
11797 2359400
200
11808 2361600
200
11819 2363800
200
200
11829 2365800
200
200
11839 2367800
200
200
11849 2369800
200
200
11859 2371800
200
200
11869 2373800
200
11880 2376000
200
11891 2378200
200
200
11901 2380200
200
200
11911 2382200
200
200
11921 2384200
200
200
11931 2386200
200
200
11941 2388200
200
11952 2390400
200
11963 2392600
200
200
11973 2394600
200
200
11983 2396600
200
200
11993 2398600
200
200
12003 2400600
200
200
12013 2402600
200
12024 2404800
200
12035 2407000
200
200
12045 2409000
200
200
12055 2411000
200
200
12065 2413000
200
200
12075 2415000
200
200
12085 2417000
200
12096 2419200
200
12107 2421400
200
200
12117 2423400
200
200
12127 2425400
200
200
12137 2427400
200
200
12147 2429400
200
200
12157 2431400
200
12168 2433600
200
12179 2435800
200
200
12189 2437800
200
200
12199 2439800
200
200
12209 2441800
200
200
12219 2443800
200
200
12229 2445800
200
12240 2448000
200
12251 2450200
200
200
12261 2452200
200
200
12271 2454200
200
200
12281 2456200
200
200
12291 2458200
200
200
12301 2460200
200
12312 2462400
200
12323 2464600
200
200
12333 2466600
200
200
12343 2468600
200
200
12353 2470600
200
200
12363 2472600
200
200
12373 2474600
200
12384 2476800
200
12395 2479000
200
200
12405 2481000
200
200
12415 2483000
200
200
12425 2485000
200
200
12435 2487000
200
200
12445 2489000
200
12456 2491200
200
12467 2493400
200
200
12477 2495400
200
200
12487 2497400
200
200
12497 2499400
200
200
12507 2501400
200
200
12517 2503400
200
12528 2505600
200
12539 2507800
200
200
12549 2509800
200
200
12559 2511800
200
200
12569 2513800
200
200
12579 2515800
200
200
12589 2517800
200
12600 2520000
200
12611 2522200
200
200
12621 2524200
200
200
12631 2526200
200
200
12641 2528200
200
200
12651 2530200
200
200
12661 2532200
200
12672 2534400
200
12683 2536600
200
200
12693 2538600
200
200
12703 2540600
200
200
12713 2542600
200
200
12723 2544600
200
200
12733 2546600
200
12744 2548800
200
12755 2551000
200
200
12765 2553000
200
200
12775 2555000
200
200
12785 2557000
200
200
12795 2559000
200
200
12805 2561000
200
12816 2563200
200
12827 2565400
200
200
12837 2567400
200
200
12847 2569400
200
200
12857 2571400
200
200
12867 2573400
200
200
12877 2575400
200
12888 2577600
200
12899 2579800
200
200
12909 2581800
200
200
12919 2583800
200
200
12929 2585800
200
200
12939 2587800
200
200
12949 2589800
200
12960 2592000
200
12971 2594200
200
200
12981 2596200
200
200
12991 2598200
200
200
13001 2600200
200
200
13011 2602200
200
200
13021 2604200
200
13032 2606400
200
13043 2608600
200
200
13053 2610600
200
200
13063 2612600
200
200
13073 2614600
200
200
13083 2616600
200
200
13093 2618600
200
13104 2620800
200
13115 2623000
200
200
13125 2625000
200
200
13135 2627000
200
200
13145 2629000
200
200
13155 2631000
200
200
13165 2633000
200
13176 2635200
200
13187 2637400
200
200
13197 2639400
200
200
13207 2641400
200
200
13217 2643400
200
200
13227 2645400
200
200
13237 2647400
200
13248 2649600
200
13259 2651800
200
200
13269 2653800
200
200
13279 2655800
200
200
13289 2657800
200
200
13299 2659800
200
200
13309 2661800
200
13320 2664000
200
13331 2666200
200
200
13341 2668200
200
200
13351 2670200
200
200
13361 2672200
200
200
13371 2674200
200
200
13381 2676200
200
13392 2678400
200
13403 2680600
200
200
13413 2682600
200
200
13423 2684600
200
200
13433 2686600
200
200
13443 2688600
200
200
13453 2690600
200
13464 2692800
200
13475 2695000
200
200
13485 2697000
200
200
13495 2699000
200
200
13505 2701000
200
200
13515 2703000
200
200
13525 2705000
200
13536 2707200
200
13547 2709400
200
200
13557 2711400
200
200
13567 2713400
200
200
13577 2715400
200
200
13587 2717400
200
200
13597 2719400
200
13608 2721600
200
13619 2723800
200
200
13629 2725800
200
200
13639 2727800
200
200
13649 2729800
200
200
13659 2731800
200
200
13669 2733800
200
13680 2736000
200
13691 2738200
200
200
13701 2740200
200
200
13711 2742200
200
200
13721 2744200
200
200
13731 2746200
200
200
13741 2748200
200
13752 2750400
200
13763 2752600
200
200
13773 2754600
200
200
13783 2756600
200
200
13793 2758600
200
200
13803 2760600
200
200
13813 2762600
200
13824 2764800
200
13835 2767000
200
200
13845 2769000
200
200
13855 2771000
200
200
13865 2773000
200
200
13875 2775000
200
200
13885 2777000
200
13896 2779200
200
13907 2781400
200
200
13917 2783400
200
200
13927 2785400
200
200
13937 2787400
200
200
13947 2789400
200
200
13957 2791400
200
13968 2793600
200
13979 2795800
200
200
13989 2797800
200
200
13999 2799800
200
200
14009 2801800
200
200
14019 2803800
200
200
14029 2805800
200
14040 2808000
200
14051 2810200
200
200
14061 2812200
200
200
14071 2814200
200
200
14081 2816200
200
200
14091 2818200
200
200
14101 2820200
200
14112 2822400
200
14123 2824600
200
200
14133 2826600
200
200
14143 2828600
200
200
14153 2830600
200
200
14163 2832600
200
200
14173 2834600
200
14184 2836800
200
14195 2839000
200
200
14205 2841000
200
200
14215 2843000
200
200
14225 2845000
200
200
14235 2847000
200
200
14245 2849000
200
14256 2851200
200
14267 2853400
200
200
14277 2855400
200
200
14287 2857400
200
200
14297 2859400
200
200
14307 2861400
200
200
14317 2863400
200
14328 2865600
200
14339 2867800
200
200
14349 2869800
200
200
14359 2871800
200
200
14369 2873800
200
200
14379 2875800
200
200
14389 2877800
200
14400 2880000
200
14411 2882200
200
200
14421 2884200
200
200
14431 2886200
200
200
14441 2888200
200
200
14451 2890200
200
200
14461 2892200
200
14472 2894400
200
14483 2896600
200
200
14493 2898600
200
200
14503 2900600
200
200
14513 2902600
200
200
14523 2904600
200
200
14533 2906600
200
14544 2908800
200
14555 2911000
200
200
14565 2913000
200
200
14575 2915000
200
200
14585 2917000
200
200
14595 2919000
200
200
14605 2921000
200
14616 2923200
200
14627 2925400
200
200
14637 2927400
200
200
14647 2929400
200
200
14657 2931400
200
200
14667 2933400
200
200
14677 2935400
200
14688 2937600
200
14699 2939800
200
200
14709 2941800
200
200
14719 2943800
200
200
14729 2945800
200
200
14739 2947800
200
200
14749 2949800
200
14760 2952000
200
14771 2954200
200
200
14781 2956200
200
200
14791 2958200
200
200
14801 2960200
200
200
14811 2962200
200
200
14821 2964200
200
14832 2966400
200
14843 2968600
200
200
14853 2970600
200
200
14863 2972600
200
200
14873 2974600
200
200
14883 2976600
200
200
14893 2978600
200
14904 2980800
200
14915 2983000
200
200
14925 2985000
200
200
14935 2987000
200
200
14945 2989000
200
200
14955 2991000
200
200
14965 2993000
200
14976 2995200
200
14987 2997400
200
200
14997 2999400
200
200
15007 3001400
200
200
15017 3003400
200
200
15027 3005400
200
200
15037 3007400
200
15048 3009600
200
15059 3011800
200
200
15069 3013800
200
200
15079 3015800
200
200
15089 3017800
200
200
15099 3019800
200
200
15109 3021800
200
15120 3024000
200
15131 3026200
200
200
15141 3028200
200
200
15151 3030200
200
200
15161 3032200
200
200
15171 3034200
200
200
15181 3036200
200
15192 3038400
200
15203 3040600
200
200
15213 3042600
200
200
15223 3044600
200
200
15233 3046600
200
200
15243 3048600
200
200
15253 3050600
200
15264 3052800
200
15275 3055000
200
200
15285 3057000
200
200
15295 3059000
200
200
15305 3061000
200
200
15315 3063000
200
200
15325 3065000
200
15336 3067200
200
15347 3069400
200
200
15357 3071400
200
200
15367 3073400
200
200
15377 3075400
200
200
15387 3077400
200
200
15397 3079400
200
15408 3081600
200
15419 3083800
200
200
15429 3085800
200
200
15439 3087800
200
200
15449 3089800
200
200
15459 3091800
200
200
15469 3093800
200
15480 3096000
200
15491 3098200
200
200
15501 3100200
200
200
15511 3102200
200
200
15521 3104200
200
200
15531 3106200
200
200
15541 3108200
200
15552 3110400
200
15563 3112600
200
200
15573 3114600
200
200
15583 3116600
200
200
15593 3118600
200
200
15603 3120600
200
200
15613 3122600
200
15624 3124800
200
15635 3127000
200
200
15645 3129000
200
200
15655 3131000
200
200
15665 3133000
200
200
15675 3135000
200
200
15685 3137000
200
15696 3139200
200
15707 3141400
200
200
15717 3143400
200
200
15727 3145400
200
200
15737 3147400
200
200
15747 3149400
200
200
15757 3151400
200
15768 3153600
200
15779 3155800
200
200
15789 3157800
200
200
15799 3159800
200
200
15809 3161800
200
200
15819 3163800
200
200
15829 3165800
200
15840 3168000
200
15851 3170200
200
200
15861 3172200
200
200
15871 3174200
200
200
15881 3176200
200
200
15891 3178200
200
200
15901 3180200
200
15912 3182400
200
15923 3184600
200
200
15933 3186600
200
200
15943 3188600
200
200
15953 3190600
200
200
15963 3192600
200
200
15973 3194600
200
15984 3196800
200
15995 3199000
200
200
16005 3201000
200
200
16015 3203000
200
200
16025 3205000
200
200
16035 3207000
200
200
16045 3209000
200
16056 3211200
200
16067 3213400
200
200
16077 3215400
200
200
16087 3217400
200
200
16097 3219400
200
200
16107 3221400
200
200
16117 3223400
200
16128 3225600
200
16139 3227800
200
200
16149 3229800
200
200
16159 3231800
200
200
16169 3233800
200
200
16179 3235800
200
200
16189 3237800
200
16200 3240000
200
16211 3242200
200
200
16221 3244200
200
200
16231 3246200
200
200
16241 3248200
200
200
16251 3250200
200
200
16261 3252200
200
16272 3254400
200
16283 3256600
200
200
16293 3258600
200
200
16303 3260600
200
200
16313 3262600
200
200
16323 3264600
200
200
16333 3266600
200
16344 3268800
200
16355 3271000
200
200
16365 3273000
200
200
16375 3275000
200
200
16385 3277000
200
200
16395 3279000
200
200
16405 3281000
200
16416 3283200
200
16427 3285400
200
200
16437 3287400
200
200
16447 3289400
200
200
16457 3291400
200
200
16467 3293400
200
200
16477 3295400
200
16488 3297600
200
16499 3299800
200
200
16509 3301800
200
200
16519 3303800
200
200
16529 3305800
200
200
16539 3307800
200
200
16549 3309800
200
16560 3312000
200
16571 3314200
200
200
16581 3316200
200
200
16591 3318200
200
200
16601 3320200
200
200
16611 3322200
200
200
16621 3324200
200
16632 3326400
200
16643 3328600
200
200
16653 3330600
200
200
16663 3332600
200
200
16673 3334600
200
200
16683 3336600
200
200
16693 3338600
200
16704 3340800
200
16715 3343000
200
200
16725 3345000
200
200
16735 3347000
200
200
16745 3349000
200
200
16755 3351000
200
200
16765 3353000
200
16776 3355200
200
16787 3357400
200
200
16797 3359400
200
200
16807 3361400
200
200
16817 3363400
200
200
16827 3365400
200
200
16837 3367400
200
16848 3369600
200
16859 3371800
200
200
16869 3373800
200
200
16879 3375800
200
200
16889 3377800
200
200
16899 3379800
200
200
16909 3381800
200
16920 3384000
200
16931 3386200
200
200
16941 3388200
200
200
16951 3390200
200
200
16961 3392200
200
200
16971 3394200
200
200
16981 3396200
200
16992 3398400
200
17003 3400600
200
200
17013 3402600
200
200
17023 3404600
200
200
17033 3406600
200
200
17043 3408600
200
200
17053 3410600
200
17064 3412800
200
17075 3415000
200
200
17085 3417000
200
200
17095 3419000
200
200
17105 3421000
200
200
17115 3423000
200
200
17125 3425000
200
17136 3427200
200
17147 3429400
200
200
17157 3431400
200
200
17167 3433400
200
200
17177 3435400
200
200
17187 3437400
200
200
17197 3439400
200
17208 3441600
200
17219 3443800
200
200
17229 3445800
200
200
17239 3447800
200
200
17249 3449800
200
200
17259 3451800
200
200
17269 3453800
200
17280 3456000
200
17291 3458200
200
200
17301 3460200
200
200
17311 3462200
200
200
17321 3464200
200
200
17331 3466200
200
200
17341 3468200
200
17352 3470400
200
17363 3472600
200
200
17373 3474600
200
200
17383 3476600
200
200
17393 3478600
200
200
17403 3480600
200
200
17413 3482600
200
17424 3484800
200
17435 3487000
200
200
17445 3489000
200
200
17455 3491000
200
200
17465 3493000
200
200
17475 3495000
200
200
17485 3497000
200
17496 3499200
200
17507 3501400
200
200
17517 3503400
200
200
17527 3505400
200
200
17537 3507400
200
200
17547 3509400
200
200
17557 3511400
200
17568 3513600
200
17579 3515800
200
200
17589 3517800
200
200
17599 3519800
200
200
17609 3521800
200
200
17619 3523800
200
200
17629 3525800
200
17640 3528000
200
17651 3530200
200
200
17661 3532200
200
200
17671 3534200
200
200
17681 3536200
200
200
17691 3538200
200
200
17701 3540200
200
17712 3542400
200
17723 3544600
200
200
17733 3546600
200
200
17743 3548600
200
200
17753 3550600
200
200
17763 3552600
200
200
17773 3554600
200
17784 3556800
200
17795 3559000
200
200
17805 3561000
200
200
17815 3563000
200
200
17825 3565000
200
200
17835 3567000
200
200
17845 3569000
200
17856 3571200
200
17867 3573400
200
200
17877 3575400
200
200
17887 3577400
200
200
17897 3579400
200
200
17907 3581400
200
200
17917 3583400
200
17928 3585600
200
17939 3587800
200
200
17949 3589800
200
200
17959 3591800
200
200
17969 3593800
200
200
17979 3595800
200
200
17989 3597800
200
18000 3600000
200
18011 3602200
200
200
18021 3604200
200
200
18031 3606200
200
200
18041 3608200
200
200
18051 3610200
200
200
18061 3612200
200
18072 3614400
200
18083 3616600
200
200
18093 3618600
200
200
18103 3620600
200
200
18113 3622600
200
200
18123 3624600
200
200
18133 3626600
200
18144 3628800
200
18155 3631000
200
200
18165 3633000
200
200
18175 3635000
200
200
18185 3637000
200
200
18195 3639000
200
200
18205 3641000
200
18216 3643200
200
18227 3645400
200
200
18237 3647400
200
200
18247 3649400
200
200
18257 3651400
200
200
18267 3653400
200
200
18277 3655400
200
18288 3657600
200
18299 3659800
200
200
18309 3661800
200
200
18319 3663800
200
200
18329 3665800
200
200
18339 3667800
200
200
18349 3669800
200
18360 3672000
200
18371 3674200
200
200
18381 3676200
200
200
18391 3678200
200
200
18401 3680200
200
200
18411 3682200
200
200
18421 3684200
200
18432 3686400
200
18443 3688600
200
200
18453 3690600
200
200
18463 3692600
200
200
18473 3694600
200
200
18483 3696600
200
200
18493 3698600
200
18504 3700800
200
18515 3703000
200
200
18525 3705000
200
200
18535 3707000
200
200
18545 3709000
200
200
18555 3711000
200
200
18565 3713000
200
18576 3715200
200
18587 3717400
200
200
18597 3719400
200
200
18607 3721400
200
200
18617 3723400
200
200
18627 3725400
200
200
18637 3727400
200
18648 3729600
200
18659 3731800
200
200
18669 3733800
200
200
18679 3735800
200
200
18689 3737800
200
200
18699 3739800
200
200
18709 3741800
200
18720 3744000
200
18731 3746200
200
200
18741 3748200
200
200
18751 3750200
200
200
18761 3752200
200
200
18771 3754200
200
200
18781 3756200
200
18792 3758400
200
18803 3760600
200
200
18813 3762600
200
200
18823 3764600
200
200
18833 3766600
200
200
18843 3768600
200
200
18853 3770600
200
18864 3772800
200
18875 3775000
200
200
18885 3777000
200
200
18895 3779000
200
200
18905 3781000
200
200
18915 3783000
200
200
18925 3785000
200
18936 3787200
200
18947 3789400
200
200
18957 3791400
200
200
18967 3793400
200
200
18977 3795400
200
200
18987 3797400
200
200
18997 3799400
200
19008 3801600
200
19019 3803800
200
200
19029 3805800
200
200
19039 3807800
200
200
19049 3809800
200
200
19059 3811800
200
200
19069 3813800
200
19080 3816000
200
19091 3818200
200
200
19101 3820200
200
200
19111 3822200
200
200
19121 3824200
200
200
19131 3826200
200
200
19141 3828200
200
19152 3830400
200
19163 3832600
200
200
19173 3834600
200
200
19183 3836600
200
200
19193 3838600
200
200
19203 3840600
200
200
19213 3842600
200
19224 3844800
200
19235 3847000
200
200
19245 3849000
200
200
19255 3851000
200
200
19265 3853000
200
200
19275 3855000
200
200
19285 3857000
200
19296 3859200
200
19307 3861400
200
200
19317 3863400
200
200
19327 3865400
200
200
19337 3867400
200
200
19347 3869400
200
200
19357 3871400
200
19368 3873600
200
19379 3875800
200
200
19389 3877800
200
200
19399 3879800
200
200
19409 3881800
200
200
19419 3883800
200
200
19429 3885800
200
19440 3888000
200
19451 3890200
200
200
19461 3892200
200
200
19471 3894200
200
200
19481 3896200
200
200
19491 3898200
200
200
19501 3900200
200
19512 3902400
200
19523 3904600
200
200
19533 3906600
200
200
19543 3908600
200
200
19553 3910600
200
200
19563 3912600
200
200
19573 3914600
200
19584 3916800
200
19595 3919000
200
200
19605 3921000
200
200
19615 3923000
200
200
19625 3925000
200
200
19635 3927000
200
200
19645 3929000
200
19656 3931200
200
19667 3933400
200
200
19677 3935400
200
200
19687 3937400
200
200
19697 3939400
200
200
19707 3941400
200
200
19717 3943400
200
19728 3945600
200
19739 3947800
200
200
19749 3949800
200
200
19759 3951800
200
200
19769 3953800
200
200
19779 3955800
200
200
19789 3957800
200
19800 3960000
200
19811 3962200
200
200
19821 3964200
200
200
19831 3966200
200
200
19841 3968200
200
200
19851 3970200
200
200
19861 3972200
200
19872 3974400
200
19883 3976600
200
200
19893 3978600
200
200
19903 3980600
200
200
19913 3982600
200
200
19923 3984600
200
200
19933 3986600
200
19944 3988800
200
19955 3991000
200
200
19965 3993000
200
200
19975 3995000
200
200
19985 3997000
200
200
19995 3999000
200
200
20005 4001000
200
20016 4003200
200
20027 4005400
200
200
20037 4007400
200
200
20047 4009400
200
200
20057 4011400
200
200
20067 4013400
200
200
20077 4015400
200
20088 4017600
200
20099 4019800
200
200
20109 4021800
200
200
20119 4023800
200
200
20129 4025800
200
200
20139 4027800
200
200
20149 4029800
200
20160 4032000
200
20171 4034200
200
200
20181 4036200
200
200
20191 4038200
200
200
20201 4040200
200
200
20211 4042200
200
200
20221 4044200
200
20232 4046400
200
20243 4048600
200
200
20253 4050600
200
200
20263 4052600
200
200
20273 4054600
200
200
20283 4056600
200
200
20293 4058600
200
20304 4060800
200
20315 4063000
200
200
20325 4065000
200
200
20335 4067000
200
200
20345 4069000
200
200
20355 4071000
200
200
20365 4073000
200
20376 4075200
200
20387 4077400
200
200
20397 4079400
200
200
20407 4081400
200
200
20417 4083400
200
200
20427 4085400
200
200
20437 4087400
200
20448 4089600
200
20459 4091800
200
200
20469 4093800
200
200
20479 4095800
200
200
20489 4097800
200
200
20499 4099800
200
200
20509 4101800
200
20520 4104000
200
20531 4106200
200
200
20541 4108200
200
200
20551 4110200
200
200
20561 4112200
200
200
20571 4114200
200
200
20581 4116200
200
20592 4118400
200
20603 4120600
200
200
20613 4122600
200
200
20623 4124600
200
200
20633 4126600
200
200
20643 4128600
200
200
20653 4130600
200
20664 4132800
200
20675 4135000
200
200
20685 4137000
200
200
20695 4139000
200
200
20705 4141000
200
200
20715 4143000
200
200
20725 4145000
200
20736 4147200
200
20747 4149400
200
200
20757 4151400
200
200
20767 4153400
200
200
20777 4155400
200
200
20787 4157400
200
200
20797 4159400
200
20808 4161600
200
20819 4163800
200
200
20829 4165800
200
200
20839 4167800
200
200
20849 4169800
200
200
20859 4171800
200
200
20869 4173800
200
20880 4176000
200
20891 4178200
200
200
20901 4180200
200
200
20911 4182200
200
200
20921 4184200
200
200
20931 4186200
200
200
20941 4188200
200
20952 4190400
200
20963 4192600
200
200
20973 4194600
200
200
20983 4196600
200
200
20993 4198600
200
200
21003 4200600
200
200
21013 4202600
200
21024 4204800
200
21035 4207000
200
200
21045 4209000
200
200
21055 4211000
200
200
21065 4213000
200
200
21075 4215000
200
200
21085 4217000
200
21096 4219200
200
21107 4221400
200
200
21117 4223400
200
200
21127 4225400
200
200
21137 4227400
200
200
21147 4229400
200
200
21157 4231400
200
21168 4233600
200
21179 4235800
200
200
21189 4237800
200
200
21199 4239800
200
200
21209 4241800
200
200
21219 4243800
200
200
21229 4245800
200
21240 4248000
200
21251 4250200
200
200
21261 4252200
200
200
21271 4254200
200
200
21281 4256200
200
200
21291 4258200
200
200
21301 4260200
200
21312 4262400
200
21323 4264600
200
200
21333 4266600
200
200
21343 4268600
200
200
21353 4270600
200
200
21363 4272600
200
200
21373 4274600
200
21384 4276800
200
21395 4279000
200
200
21405 4281000
200
200
21415 4283000
200
200
21425 4285000
200
200
21435 4287000
200
200
21445 4289000
200
21456 4291200
200
21467 4293400
200
200
21477 4295400
200
200
21487 4297400
200
200
21497 4299400
200
200
21507 4301400
200
200
21517 4303400
200
21528 4305600
200
21539 4307800
200
200
21549 4309800
200
200
21559 4311800
200
200
21569 4313800
200
200
21579 4315800
200
200
21589 4317800
200
21600 4320000
200
21611 4322200
200
200
21621 4324200
200
200
21631 4326200
200
200
21641 4328200
200
200
21651 4330200
200
200
21661 4332200
200
21672 4334400
200
21683 4336600
200
200
21693 4338600
200
200
21703 4340600
200
200
21713 4342600
200
200
21723 4344600
200
200
21733 4346600
200
21744 4348800
200
21755 4351000
200
200
21765 4353000
200
200
21775 4355000
200
200
21785 4357000
200
200
21795 4359000
200
200
21805 4361000
200
21816 4363200
200
21827 4365400
200
200
21837 4367400
200
200
21847 4369400
200
200
21857 4371400
200
200
21867 4373400
200
200
21877 4375400
200
21888 4377600
200
21899 4379800
200
200
21909 4381800
200
200
21919 4383800
200
200
21929 4385800
200
200
21939 4387800
200
200
21949 4389800
200
21960 4392000
200
21971 4394200
200
200
21981 4396200
200
200
21991 4398200
200
200
22001 4400200
200
200
22011 4402200
200
200
22021 4404200
200
22032 4406400
200
22043 4408600
200
200
22053 4410600
200
200
22063 4412600
200
200
22073 4414600
200
200
22083 4416600
200
200
22093 4418600
200
22104 4420800
200
22115 4423000
200
200
22125 4425000
200
200
22135 4427000
200
200
22145 4429000
200
200
22155 4431000
200
200
22165 4433000
200
22176 4435200
200
22187 4437400
200
200
22197 4439400
200
200
22207 4441400
200
200
22217 4443400
200
200
22227 4445400
200
200
22237 4447400
200
22248 4449600
200
22259 4451800
200
200
22269 4453800
200
200
22279 4455800
200
200
22289 4457800
200
200
22299 4459800
200
200
22309 4461800
200
22320 4464000
200
22331 4466200
200
200
22341 4468200
200
200
22351 4470200
200
200
22361 4472200
200
200
22371 4474200
200
200
22381 4476200
200
22392 4478400
200
22403 4480600
200
200
22413 4482600
200
200
22423 4484600
200
200
22433 4486600
200
200
22443 4488600
200
200
22453 4490600
200
22464 4492800
200
22475 4495000
200
200
22485 4497000
200
200
22495 4499000
200
200
22505 4501000
200
200
22515 4503000
200
200
22525 4505000
200
22536 4507200
200
22547 4509400
200
200
22557 4511400
200
200
22567 4513400
200
200
22577 4515400
200
200
22587 4517400
200
200
22597 4519400
200
22608 4521600
200
22619 4523800
200
200
22629 4525800
200
200
22639 4527800
200
200
22649 4529800
200
200
22659 4531800
200
200
22669 4533800
200
22680 4536000
200
22691 4538200
200
200
22701 4540200
200
200
22711 4542200
200
200
22721 4544200
200
200
22731 4546200
200
200
22741 4548200
200
22752 4550400
200
22763 4552600
200
200
22773 4554600
200
200
22783 4556600
200
200
22793 4558600
200
200
22803 4560600
200
200
22813 4562600
200
22824 4564800
200
22835 4567000
200
200
22845 4569000
200
200
22855 4571000
200
200
22865 4573000
200
200
22875 4575000
200
200
22885 4577000
200
22896 4579200
200
22907 4581400
200
200
22917 4583400
200
200
22927 4585400
200
200
22937 4587400
200
200
22947 4589400
200
200
22957 4591400
200
22968 4593600
200
22979 4595800
200
200
22989 4597800
200
200
22999 4599800
200
200
23009 4601800
200
200
23019 4603800
200
200
23029 4605800
200
23040 4608000
200
23051 4610200
200
200
23061 4612200
200
200
23071 4614200
200
200
23081 4616200
200
200
23091 4618200
200
200
23101 4620200
200
23112 4622400
200
23123 4624600
200
200
23133 4626600
200
200
23143 4628600
200
200
23153 4630600
200
200
23163 4632600
200
200
23173 4634600
200
23184 4636800
200
23195 4639000
200
200
23205 4641000
200
200
23215 4643000
200
200
23225 4645000
200
200
23235 4647000
200
200
23245 4649000
200
23256 4651200
200
23267 4653400
200
200
23277 4655400
200
200
23287 4657400
200
200
23297 4659400
200
200
23307 4661400
200
200
23317 4663400
200
23328 4665600
200
23339 4667800
200
200
23349 4669800
200
200
23359 4671800
200
200
23369 4673800
200
200
23379 4675800
200
200
23389 4677800
200
23400 4680000
200
23411 4682200
200
200
23421 4684200
200
200
23431 4686200
200
200
23441 4688200
200
200
23451 4690200
200
200
23461 4692200
200
23472 4694400
200
23483 4696600
200
200
23493 4698600
200
200
23503 4700600
200
200
23513 4702600
200
200
23523 4704600
200
200
23533 4706600
200
23544 4708800
200
23555 4711000
200
200
23565 4713000
200
200
23575 4715000
200
200
23585 4717000
200
200
23595 4719000
200
200
23605 4721000
200
23616 4723200
200
23627 4725400
200
200
23637 4727400
200
200
23647 4729400
200
200
23657 4731400
200
200
23667 4733400
200
200
23677 4735400
200
23688 4737600
200
23699 4739800
200
200
23709 4741800
200
200
23719 4743800
200
200
23729 4745800
200
200
23739 4747800
200
200
23749 4749800
200
23760 4752000
200
23771 4754200
200
200
23781 4756200
200
200
23791 4758200
200
200
23801 4760200
200
200
23811 4762200
200
200
23821 4764200
200
23832 4766400
200
23843 4768600
200
200
23853 4770600
200
200
23863 4772600
200
200
23873 4774600
200
200
23883 4776600
200
200
23893 4778600
200
23904 4780800
200
23915 4783000
200
200
23925 4785000
200
200
23935 4787000
200
200
23945 4789000
200
200
23955 4791000
200
200
23965 4793000
200
23976 4795200
200
23987 4797400
200
200
23997 4799400
200
200
24007 4801400
200
200
24017 4803400
200
200
24027 4805400
200
200
24037 4807400
200
24048 4809600
200
24059 4811800
200
200
24069 4813800
200
200
24079 4815800
200
200
24089 4817800
200
200
24099 4819800
200
200
24109 4821800
200
24120 4824000
200
24131 4826200
200
200
24141 4828200
200
200
24151 4830200
200
200
24161 4832200
200
200
24171 4834200
200
200
24181 4836200
200
24192 4838400
200
24203 4840600
200
200
24213 4842600
200
200
24223 4844600
200
200
24233 4846600
200
200
24243 4848600
200
200
24253 4850600
200
24264 4852800
200
24275 4855000
200
200
24285 4857000
200
200
24295 4859000
200
200
24305 4861000
200
200
24315 4863000
200
200
24325 4865000
200
24336 4867200
200
24347 4869400
200
200
24357 4871400
200
200
24367 4873400
200
200
24377 4875400
200
200
24387 4877400
200
200
24397 4879400
200
24408 4881600
200
24419 4883800
200
200
24429 4885800
200
200
24439 4887800
200
200
24449 4889800
200
200
24459 4891800
200
200
24469 4893800
200
24480 4896000
200
24491 4898200
200
200
24501 4900200
200
200
24511 4902200
200
200
24521 4904200
200
200
24531 4906200
200
200
24541 4908200
200
24552 4910400
200
24563 4912600
200
200
24573 4914600
200
200
24583 4916600
200
200
24593 4918600
200
200
24603 4920600
200
200
24613 4922600
200
24624 4924800
200
24635 4927000
200
200
24645 4929000
200
200
24655 4931000
200
200
24665 4933000
200
200
24675 4935000
200
200
24685 4937000
200
24696 4939200
200
24707 4941400
200
200
24717 4943400
200
200
24727 4945400
200
200
24737 4947400
200
200
24747 4949400
200
200
24757 4951400
200
24768 4953600
200
24779 4955800
200
200
24789 4957800
200
200
24799 4959800
200
200
24809 4961800
200
200
24819 4963800
200
200
24829 4965800
200
24840 4968000
200
24851 4970200
200
200
24861 4972200
200
200
24871 4974200
200
200
24881 4976200
200
200
24891 4978200
200
200
24901 4980200
200
24912 4982400
200
24923 4984600
200
200
24933 4986600
200
200
24943 4988600
200
200
24953 4990600
200
200
24963 4992600
200
200
24973 4994600
200
24984 4996800
200
24995 4999000
200
200
25005 5000000
200
200
25015 5000000
200
200
25025 5000000
200
200
25035 5000000
200
200
25045 5000000
200
25056 5000000
200
25067 5000000
200
200
25077 5000000
200
200
25087 5000000
200
200
25097 5000000
200
200
25107 5000000
200
200
25117 5000000
200
25128 5000000
200
25139 5000000
200
200
25149 5000000
200
200
25159 5000000
200
200
25169 5000000
200
200
25179 5000000
200
200
25189 5000000
200
25200 5000000
200
25211 5000000
200
200
25221 5000000
200
200
25231 5000000
200
200
25241 5000000
200
200
25251 5000000
200
200
25261 5000000
200
25272 5000000
200
25283 5000000
200
200
25293 5000000
200
200
25303 5000000
200
200
25313 5000000
200
200
25323 5000000
200
200
25333 5000000
200
25344 5000000
200
25355 5000000
200
200
25365 5000000
200
200
25375 5000000
200
200
25385 5000000
200
200
25395 5000000
200
200
25405 5000000
200
25416 5000000
200
25427 5000000
200
200
25437 5000000
200
200
25447 5000000
200
200
25457 5000000
200
200
25467 5000000
200
200
25477 5000000
200
25488 5000000
200
25499 5000000
200
200
25509 5000000
200
200
25519 5000000
200
200
25529 5000000
200
200
25539 5000000
200
200
25549 5000000
200
25560 5000000
200
25571 5000000
200
200
25581 5000000
200
100
25591 5000000
200
200
25601 5000000
200
200
25611 5000000
200
200
25621 5000000
100
25632 5000000
200
25643 5000000
200
200
25653 5000000
200
200
25663 5000000
200
200
25673 5000000
200
200
25683 5000000
200
200
25693 5000000
100
25704 5000000
200
25715 5000000
200
200
25725 5000000
200
200
25735 5000000
200
200
25745 5000000
200
200
25755 5000000
200
200
25765 5000000
200
25776 5000000
200
25787 5000000
200
200
25797 5000000
200
200
25807 5000000
100
200
25817 5000000
200
200
25827 5000000
200
200
25837 5000000
200
25848 5000000
200
25859 5000000
200
100
25869 5000000
200
200
25879 5000000
200
200
25889 5000000
200
200
25899 5000000
200
200
25909 5000000
200
25920 5000000
200
25931 5000000
200
200
25941 5000000
200
200
25951 5000000
200
200
25961 5000000
200
200
25971 5000000
200
200
25981 5000000
200
25992 5000000
200
26003 5000000
200
200
26013 5000000
100
200
26023 5000000
200
200
26033 5000000
200
200
26043 5000000
200
200
26053 5000000
200
26064 5000000
200
26075 5000000
200
200
26085 5000000
200
200
26095 5000000
200
200
26105 5000000
100
200
26115 5000000
200
200
26125 5000000
100
26136 5000000
200
26147 5000000
200
200
26157 5000000
200
200
26167 5000000
200
200
26177 5000000
200
200
26187 5000000
200
200
26197 5000000
200
26208 5000000
200
26219 5000000
200
200
26229 5000000
200
100
26239 5000000
100
200
26249 5000000
200
200
26259 5000000
200
200
26269 5000000
200
26280 5000000
100
26291 5000000
200
200
26301 5000000
200
200
26311 5000000
200
200
26321 5000000
200
200
26331 5000000
200
100
26341 5000000
200
26352 5000000
200
26363 5000000
200
100
26373 5000000
200
200
26383 5000000
200
200
26393 5000000
200
200
26403 5000000
200
100
26413 5000000
100
26424 5000000
200
26435 5000000
200
100
26445 5000000
200
200
26455 5000000
200
200
26465 5000000
200
200
26475 5000000
200
200
26485 5000000
200
26496 5000000
200
26507 5000000
200
200
26517 5000000
100
200
26527 5000000
200
200
26537 5000000
200
200
26547 5000000
200
200
26557 5000000
200
26568 5000000
200
26579 5000000
200
200
26589 5000000
200
200
26599 5000000
200
100
26609 5000000
200
200
26619 5000000
200
100
26629 5000000
200
26640 5000000
200
26651 5000000
200
100
26661 5000000
200
200
26671 5000000
100
200
26681 5000000
200
200
26691 5000000
200
200
26701 5000000
200
26712 5000000
200
26723 5000000
200
100
26733 5000000
100
200
26743 5000000
200
200
26753 5000000
200
200
26763 5000000
200
200
26773 5000000
200
26784 5000000
200
26795 5000000
200
200
26805 5000000
200
200
26815 5000000
200
200
26825 5000000
200
200
26835 5000000
200
100
26845 5000000
200
26856 5000000
200
26867 5000000
200
200
26877 5000000
200
100
26887 5000000
100
100
26897 5000000
200
200
26907 5000000
200
200
26917 5000000
200
26928 5000000
100
26939 5000000
200
200
26949 5000000
200
200
26959 5000000
200
200
26969 5000000
200
200
26979 5000000
200
200
26989 5000000
200
27000 5000000
100
27011 5000000
200
200
27021 5000000
200
200
27031 5000000
200
200
27041 5000000
200
200
27051 5000000
200
200
27061 5000000
200
27072 5000000
200
27083 5000000
200
200
27093 5000000
200
200
27103 5000000
200
200
27113 5000000
200
200
27123 5000000
200
200
27133 5000000
200
27144 5000000
100
27155 5000000
200
200
27165 5000000
200
200
27175 5000000
200
200
27185 5000000
200
200
27195 5000000
200
100
27205 5000000
200
27216 5000000
200
27227 5000000
200
200
27237 5000000
200
200
27247 5000000
200
100
27257 5000000
200
100
27267 5000000
200
200
27277 5000000
200
27288 5000000
200
27299 5000000
200
200
27309 5000000
100
200
27319 5000000
200
200
27329 5000000
200
200
27339 5000000
200
200
27349 5000000
100
27360 5000000
200
27371 5000000
200
100
27381 5000000
200
200
27391 5000000
100
200
27401 5000000
200
200
27411 5000000
200
200
27421 5000000
200
27432 5000000
200
27443 5000000
200
200
27453 5000000
200
200
27463 5000000
100
200
27473 5000000
200
200
27483 5000000
200
100
27493 5000000
200
27504 5000000
100
27515 5000000
200
200
27525 5000000
200
200
27535 5000000
200
100
27545 5000000
100
200
27555 5000000
200
200
27565 5000000
100
27576 5000000
200
27587 5000000
200
200
27597 5000000
100
100
27607 5000000
200
200
27617 5000000
200
100
27627 5000000
200
200
27637 5000000
200
27648 5000000
200
27659 5000000
200
200
27669 5000000
100
100
27679 5000000
100
200
27689 5000000
200
100
27699 5000000
100
200
27709 5000000
100
27720 5000000
200
27731 5000000
200
200
27741 5000000
200
100
27751 5000000
100
200
27761 5000000
100
200
27771 5000000
200
200
27781 5000000
200
27792 5000000
100
27803 5000000
200
200
27813 5000000
200
200
27823 5000000
100
200
27833 5000000
200
100
27843 5000000
200
200
27853 5000000
200
27864 5000000
200
27875 5000000
100
200
27885 5000000
200
200
27895 5000000
200
200
27905 5000000
100
200
27915 5000000
200
200
27925 5000000
200
27936 5000000
200
27947 5000000
200
100
27957 5000000
200
200
27967 5000000
200
200
27977 5000000
200
200
27987 5000000
200
100
27997 5000000
100
28008 5000000
200
28019 5000000
200
200
28029 5000000
200
200
28039 5000000
200
200
28049 5000000
200
100
28059 5000000
200
200
28069 5000000
200
28080 5000000
200
28091 5000000
200
200
28101 5000000
200
200
28111 5000000
200
200
28121 5000000
200
200
28131 5000000
200
200
28141 5000000
200
28152 5000000
200
28163 5000000
200
100
28173 5000000
200
200
28183 5000000
200
200
28193 5000000
200
200
28203 5000000
200
200
28213 5000000
200
28224 5000000
200
28235 5000000
200
200
28245 5000000
200
200
28255 5000000
200
200
28265 5000000
200
200
28275 5000000
200
200
28285 5000000
200
28296 5000000
200
28307 5000000
200
200
28317 5000000
200
200
28327 5000000
200
200
28337 5000000
200
100
28347 5000000
200
100
28357 5000000
200
28368 5000000
200
28379 5000000
100
200
28389 5000000
200
200
28399 5000000
200
200
28409 5000000
100
200
28419 5000000
200
100
28429 5000000
100
28440 5000000
100
28451 5000000
100
100
28461 5000000
200
100
28471 5000000
100
100
28481 5000000
200
200
28491 5000000
200
200
28501 5000000
200
28512 5000000
200
28523 5000000
200
100
28533 5000000
100
100
28543 5000000
200
100
28553 5000000
200
200
28563 5000000
100
200
28573 5000000
200
28584 5000000
200
28595 5000000
200
200
28605 5000000
200
200
28615 5000000
200
200
28625 5000000
200
200
28635 5000000
200
200
28645 5000000
200
28656 5000000
200
28667 5000000
100
200
28677 5000000
200
200
28687 5000000
200
100
28697 5000000
200
200
28707 5000000
100
200
28717 5000000
200
28728 5000000
200
28739 5000000
200
200
28749 5000000
100
200
28759 5000000
200
200
28769 5000000
100
200
28779 5000000
100
200
28789 5000000
100
28800 5000000
200
28811 5000000
200
200
28821 5000000
100
200
28831 5000000
100
200
28841 5000000
200
200
28851 5000000
100
200
28861 5000000
200
28872 5000000
100
28883 5000000
200
100
28893 5000000
200
200
28903 5000000
200
200
28913 5000000
200
200
28923 5000000
100
100
28933 5000000
200
28944 5000000
200
28955 5000000
200
200
28965 5000000
100
100
28975 5000000
200
200
28985 5000000
200
200
28995 5000000
200
100
29005 5000000
200
29016 5000000
200
29027 5000000
200
200
29037 5000000
100
100
29047 5000000
200
200
29057 5000000
100
200
29067 5000000
200
200
29077 5000000
200
29088 5000000
200
29099 5000000
100
200
29109 5000000
200
200
29119 5000000
200
200
29129 5000000
100
200
29139 5000000
200
200
29149 5000000
200
29160 5000000
200
29171 5000000
200
200
29181 5000000
100
100
29191 5000000
100
200
29201 5000000
200
100
29211 5000000
200
200
29221 5000000
200
29232 5000000
100
29243 5000000
100
200
29253 5000000
100
200
29263 5000000
100
200
29273 5000000
200
200
29283 5000000
200
100
29293 5000000
200
29304 5000000
100
29315 5000000
100
200
29325 5000000
200
100
29335 5000000
200
200
29345 5000000
200
200
29355 5000000
100
200
29365 5000000
100
29376 5000000
100
29387 5000000
200
200
29397 5000000
100
200
29407 5000000
100
200
29417 5000000
200
200
29427 5000000
200
200
29437 5000000
200
29448 5000000
200
29459 5000000
100
100
29469 5000000
200
200
29479 5000000
100
200
29489 5000000
200
200
29499 5000000
100
200
29509 5000000
200
29520 5000000
200
29531 5000000
200
200
29541 5000000
100
200
29551 5000000
200
100
29561 5000000
200
200
29571 5000000
200
200
29581 5000000
200
29592 5000000
200
29603 5000000
200
200
29613 5000000
200
200
29623 5000000
200
200
29633 5000000
200
200
29643 5000000
200
200
29653 5000000
100
29664 5000000
200
29675 5000000
200
200
29685 5000000
200
100
29695 5000000
200
200
29705 5000000
200
200
29715 5000000
200
200
29725 5000000
200
29736 5000000
100
29747 5000000
200
200
29757 5000000
100
100
29767 5000000
200
100
29777 5000000
200
200
29787 5000000
100
100
29797 5000000
100
29808 5000000
100
29819 5000000
200
100
29829 5000000
200
100
29839 5000000
100
200
29849 5000000
200
100
29859 5000000
100
200
29869 5000000
100
29880 5000000
200
29891 5000000
100
200
29901 5000000
200
200
29911 5000000
200
200
29921 5000000
200
200
29931 5000000
200
100
29941 5000000
200
29952 5000000
200
29963 5000000
200
200
29973 5000000
100
200
29983 5000000
200
200
29993 5000000
200
100
30003 5000000
100
200
30013 5000000
200
30024 5000000
100
30035 5000000
200
100
30045 5000000
200
100
30055 5000000
200
100
30065 5000000
100
200
30075 5000000
200
200
30085 5000000
200
30096 5000000
100
30107 5000000
200
100
30117 5000000
200
200
30127 5000000
100
200
30137 5000000
200
200
30147 5000000
200
200
30157 5000000
200
30168 5000000
200
30179 5000000
100
200
30189 5000000
100
100
30199 5000000
100
200
30209 5000000
200
200
30219 5000000
200
100
30229 5000000
200
30240 5000000
200
30251 5000000
200
100
30261 5000000
100
200
30271 5000000
200
200
30281 5000000
100
200
30291 5000000
100
200
30301 5000000
200
30312 5000000
200
30323 5000000
100
100
30333 5000000
200
200
30343 5000000
200
200
30353 5000000
200
100
30363 5000000
200
200
30373 5000000
200
30384 5000000
200
30395 5000000
200
200
30405 5000000
200
200
30415 5000000
200
200
30425 5000000
200
200
30435 5000000
200
200
30445 5000000
200
30456 5000000
200
30467 5000000
100
100
30477 5000000
200
200
30487 5000000
100
200
30497 5000000
200
200
30507 5000000
100
200
30517 5000000
100
30528 5000000
200
30539 5000000
100
200
30549 5000000
100
200
30559 5000000
200
200
30569 5000000
100
200
30579 5000000
200
200
30589 5000000
200
30600 5000000
100
30611 5000000
100
200
30621 5000000
200
100
30631 5000000
200
200
30641 5000000
100
100
30651 5000000
200
100
30661 5000000
200
30672 5000000
200
30683 5000000
100
200
30693 5000000
200
200
30703 5000000
100
200
30713 5000000
100
100
30723 5000000
200
200
30733 5000000
100
30744 5000000
100
30755 5000000
100
200
30765 5000000
100
100
30775 5000000
200
100
30785 5000000
100
200
30795 5000000
200
200
30805 5000000
200
30816 5000000
200
30827 5000000
200
200
30837 5000000
100
200
30847 5000000
200
100
30857 5000000
200
200
30867 5000000
200
200
30877 5000000
200
30888 5000000
200
30899 5000000
200
200
30909 5000000
200
200
30919 5000000
100
100
30929 5000000
200
200
30939 5000000
100
200
30949 5000000
100
30960 5000000
100
30971 5000000
200
200
30981 5000000
200
100
30991 5000000
100
200
31001 5000000
100
200
31011 5000000
200
200
31021 5000000
200
31032 5000000
200
31043 5000000
100
100
31053 5000000
200
100
31063 5000000
200
200
31073 5000000
200
200
31083 5000000
100
200
31093 5000000
100
31104 5000000
200
31115 5000000
100
200
31125 5000000
200
200
31135 5000000
100
100
31145 5000000
100
100
31155 5000000
100
200
31165 5000000
200
31176 5000000
100
31187 5000000
200
100
31197 5000000
200
200
31207 5000000
200
200
31217 5000000
200
100
31227 5000000
200
200
31237 5000000
100
31248 5000000
200
31259 5000000
100
200
31269 5000000
100
200
31279 5000000
200
100
31289 5000000
100
200
31299 5000000
200
200
31309 5000000
100
31320 5000000
200
31331 5000000
200
100
31341 5000000
100
200
31351 5000000
200
100
31361 5000000
200
100
31371 5000000
200
100
31381 5000000
200
31392 5000000
200
31403 5000000
100
200
31413 5000000
200
200
31423 5000000
200
100
31433 5000000
100
200
31443 5000000
200
100
31453 5000000
100
31464 5000000
100
31475 5000000
200
200
31485 5000000
100
200
31495 5000000
100
200
31505 5000000
200
100
31515 5000000
200
100
31525 5000000
200
31536 5000000
200
31547 5000000
100
200
31557 5000000
200
100
31567 5000000
100
100
31577 5000000
100
200
31587 5000000
200
100
31597 5000000
200
31608 5000000
200
31619 5000000
200
200
31629 5000000
200
100
31639 5000000
100
100
31649 5000000
200
200
31659 5000000
200
200
31669 5000000
200
31680 5000000
200
31691 5000000
200
100
31701 5000000
200
100
31711 5000000
100
200
31721 5000000
200
100
31731 5000000
200
200
31741 5000000
200
31752 5000000
200
31763 5000000
200
100
31773 5000000
200
200
31783 5000000
200
200
31793 5000000
100
200
31803 5000000
100
100
31813 5000000
100
31824 5000000
100
31835 5000000
100
100
31845 5000000
200
100
31855 5000000
200
100
31865 5000000
100
100
31875 5000000
200
200
31885 5000000
200
31896 5000000
200
31907 5000000
200
100
31917 5000000
100
100
31927 5000000
200
100
31937 5000000
200
100
31947 5000000
200
200
31957 5000000
100
31968 5000000
100
31979 5000000
100
100
31989 5000000
200
200
31999 5000000
100
200
32009 5000000
200
100
32019 5000000
200
200
32029 5000000
200
32040 5000000
100
32051 5000000
100
100
32061 5000000
200
200
32071 5000000
200
100
32081 5000000
100
100
32091 5000000
200
200
32101 5000000
100
32112 5000000
200
32123 5000000
200
200
32133 5000000
200
100
32143 5000000
100
200
32153 5000000
200
200
32163 5000000
200
200
32173 5000000
100
32184 5000000
200
32195 5000000
100
200
32205 5000000
200
100
32215 5000000
200
200
32225 5000000
200
200
32235 5000000
100
200
32245 5000000
100
32256 5000000
100
32267 5000000
100
200
32277 5000000
100
200
32287 5000000
200
100
32297 5000000
100
100
32307 5000000
100
100
32317 5000000
100
32328 5000000
100
32339 5000000
200
200
32349 5000000
200
100
32359 5000000
100
200
32369 5000000
100
100
32379 5000000
100
100
32389 5000000
200
32400 5000000
200
32411 5000000
100
200
32421 5000000
100
200
32431 5000000
100
100
32441 5000000
200
200
32451 5000000
100
100
32461 5000000
200
32472 5000000
100
32483 5000000
200
200
32493 5000000
200
100
32503 5000000
200
100
32513 5000000
200
100
32523 5000000
100
100
32533 5000000
100
32544 5000000
200
32555 5000000
200
200
32565 5000000
200
100
32575 5000000
200
100
32585 5000000
200
100
32595 5000000
100
200
32605 5000000
200
32616 5000000
100
32627 5000000
200
200
32637 5000000
100
100
32647 5000000
100
200
32657 5000000
200
200
32667 5000000
200
100
32677 5000000
100
32688 5000000
100
32699 5000000
100
200
32709 5000000
200
100
32719 5000000
100
200
32729 5000000
200
100
32739 5000000
100
100
32749 5000000
200
32760 5000000
200
32771 5000000
200
200
32781 5000000
100
100
32791 5000000
200
200
32801 5000000
100
100
32811 5000000
200
200
32821 5000000
200
32832 5000000
200
32843 5000000
200
100
32853 5000000
200
100
32863 5000000
200
100
32873 5000000
200
100
32883 5000000
100
200
32893 5000000
200
32904 5000000
200
32915 5000000
100
200
32925 5000000
200
100
32935 5000000
200
100
32945 5000000
200
200
32955 5000000
100
200
32965 5000000
100
32976 5000000
100
32987 5000000
200
100
32997 5000000
100
200
33007 5000000
200
200
33017 5000000
200
200
33027 5000000
100
200
33037 5000000
200
33048 5000000
100
33059 5000000
100
200
33069 5000000
100
100
33079 5000000
200
100
33089 5000000
100
200
33099 5000000
100
100
33109 5000000
100
33120 5000000
200
33131 5000000
100
100
33141 5000000
100
100
33151 5000000
100
100
33161 5000000
200
200
33171 5000000
100
200
33181 5000000
100
33192 5000000
100
33203 5000000
200
200
33213 5000000
100
100
33223 5000000
200
100
33233 5000000
100
100
33243 5000000
200
100
33253 5000000
100
33264 5000000
200
33275 5000000
200
100
33285 5000000
100
200
33295 5000000
100
100
33305 5000000
200
100
33315 5000000
100
200
33325 5000000
100
33336 5000000
200
33347 5000000
200
200
33357 5000000
200
100
33367 5000000
200
200
33377 5000000
200
100
33387 5000000
100
100
33397 5000000
200
33408 5000000
100
33419 5000000
200
100
33429 5000000
200
200
33439 5000000
200
100
33449 5000000
100
200
33459 5000000
200
200
33469 5000000
200
33480 5000000
100
33491 5000000
100
100
33501 5000000
200
200
33511 5000000
200
100
33521 5000000
100
100
33531 5000000
200
200
33541 5000000
100
33552 5000000
200
33563 5000000
100
200
33573 5000000
100
100
33583 5000000
100
200
33593 5000000
100
100
33603 5000000
200
200
33613 5000000
100
33624 5000000
100
33635 5000000
200
200
33645 5000000
100
100
33655 5000000
200
100
33665 5000000
200
100
33675 5000000
200
200
33685 5000000
100
33696 5000000
200
33707 5000000
200
100
33717 5000000
100
100
33727 5000000
200
100
33737 5000000
100
100
33747 5000000
100
100
33757 5000000
100
33768 5000000
100
33779 5000000
100
200
33789 5000000
100
200
33799 5000000
100
100
33809 5000000
100
100
33819 5000000
200
100
33829 5000000
100
33840 5000000
100
33851 5000000
100
200
33861 5000000
100
100
33871 5000000
100
100
33881 5000000
100
200
33891 5000000
200
200
33901 5000000
100
33912 5000000
200
33923 5000000
100
100
33933 5000000
200
100
33943 5000000
200
200
33953 5000000
200
200
33963 5000000
100
100
33973 5000000
200
33984 5000000
200
33995 5000000
200
100
34005 5000000
100
100
34015 5000000
100
200
34025 5000000
100
100
34035 5000000
200
100
34045 5000000
100
34056 5000000
100
34067 5000000
100
200
34077 5000000
200
200
34087 5000000
200
200
34097 5000000
200
200
34107 5000000
200
100
34117 5000000
100
34128 5000000
200
34139 5000000
200
100
34149 5000000
200
200
34159 5000000
200
100
34169 5000000
200
200
34179 5000000
100
100
34189 5000000
200
34200 5000000
200
34211 5000000
100
100
34221 5000000
200
200
34231 5000000
200
100
34241 5000000
100
100
34251 5000000
200
200
34261 5000000
200
34272 5000000
200
34283 5000000
100
100
34293 5000000
200
100
34303 5000000
100
100
34313 5000000
200
100
34323 5000000
100
200
34333 5000000
200
34344 5000000
200
34355 5000000
200
100
34365 5000000
100
100
34375 5000000
200
100
34385 5000000
100
100
34395 5000000
100
200
34405 5000000
100
34416 5000000
100
34427 5000000
100
100
34437 5000000
100
100
34447 5000000
100
100
34457 5000000
100
100
34467 5000000
200
100
34477 5000000
200
34488 5000000
200
34499 5000000
200
100
34509 5000000
200
200
34519 5000000
100
100
34529 5000000
200
100
34539 5000000
200
200
34549 5000000
200
34560 5000000
200
34571 5000000
200
200
34581 5000000
200
100
34591 5000000
200
100
34601 5000000
100
100
34611 5000000
100
200
34621 5000000
200
34632 5000000
200
34643 5000000
100
100
34653 5000000
200
100
34663 5000000
100
100
34673 5000000
100
100
34683 5000000
100
200
34693 5000000
100
34704 5000000
100
34715 5000000
200
100
34725 5000000
100
200
34735 5000000
100
100
34745 5000000
100
100
34755 5000000
100
100
34765 5000000
100
34776 5000000
100
34787 5000000
100
200
34797 5000000
200
200
34807 5000000
100
100
34817 5000000
100
100
34827 5000000
200
100
34837 5000000
100
34848 5000000
200
34859 5000000
100
200
34869 5000000
100
200
34879 5000000
100
100
34889 5000000
100
200
34899 5000000
100
200
34909 5000000
100
34920 5000000
200
34931 5000000
200
100
34941 5000000
200
200
34951 5000000
100
100
34961 5000000
100
200
34971 5000000
200
200
34981 5000000
200
34992 5000000
100
35003 5000000
200
100
35013 5000000
100
200
35023 5000000
200
200
35033 5000000
100
100
35043 5000000
200
100
35053 5000000
100
35064 5000000
100
35075 5000000
100
200
35085 5000000
200
200
35095 5000000
100
200
35105 5000000
100
100
35115 5000000
100
100
35125 5000000
100
35136 5000000
200
35147 5000000
100
200
35157 5000000
100
100
35167 5000000
100
100
35177 5000000
100
200
35187 5000000
200
200
35197 5000000
100
35208 5000000
100
35219 5000000
200
100
35229 5000000
100
100
35239 5000000
200
200
35249 5000000
100
100
35259 5000000
100
200
35269 5000000
100
35280 5000000
200
35291 5000000
100
100
35301 5000000
200
200
35311 5000000
100
100
35321 5000000
100
100
35331 5000000
100
100
35341 5000000
100
35352 5000000
200
35363 5000000
100
200
35373 5000000
100
100
35383 5000000
200
200
35393 5000000
100
100
35403 5000000
100
200
35413 5000000
200
35424 5000000
200
35435 5000000
100
100
35445 5000000
200
100
35455 5000000
200
200
35465 5000000
100
100
35475 5000000
100
100
35485 5000000
100
35496 5000000
100
35507 5000000
100
100
35517 5000000
200
100
35527 5000000
100
100
35537 5000000
100
100
35547 5000000
200
100
35557 5000000
100
35568 5000000
100
35579 5000000
100
200
35589 5000000
100
200
35599 5000000
100
200
35609 5000000
100
200
35619 5000000
200
200
35629 5000000
200
35640 5000000
100
35651 5000000
100
100
35661 5000000
200
200
35671 5000000
200
100
35681 5000000
100
100
35691 5000000
100
100
35701 5000000
200
35712 5000000
200
35723 5000000
100
100
35733 5000000
100
200
35743 5000000
100
100
35753 5000000
200
200
35763 5000000
200
100
35773 5000000
100
35784 5000000
100
35795 5000000
200
100
35805 5000000
100
100
35815 5000000
100
100
35825 5000000
200
100
35835 5000000
100
100
35845 5000000
200
35856 5000000
100
35867 5000000
200
200
35877 5000000
100
100
35887 5000000
200
100
35897 5000000
100
100
35907 5000000
100
100
35917 5000000
100
35928 5000000
100
35939 5000000
200
200
35949 5000000
100
100
35959 5000000
100
100
35969 5000000
100
100
35979 5000000
100
200
35989 5000000
200
36000 5000000
200
36011 5000000
200
100
36021 5000000
200
200
36031 5000000
100
100
36041 5000000
200
200
36051 5000000
100
100
36061 5000000
100
36072 5000000
200
36083 5000000
200
200
36093 5000000
100
200
36103 5000000
200
100
36113 5000000
100
100
36123 5000000
100
200
36133 5000000
100
36144 5000000
100
36155 5000000
200
100
36165 5000000
100
100
36175 5000000
200
100
36185 5000000
100
100
36195 5000000
100
200
36205 5000000
200
36216 5000000
100
36227 5000000
100
100
36237 5000000
100
200
36247 5000000
100
100
36257 5000000
100
100
36267 5000000
200
200
36277 5000000
200
36288 5000000
200
36299 5000000
100
200
36309 5000000
200
200
36319 5000000
200
200
36329 5000000
100
200
36339 5000000
200
200
36349 5000000
100
36360 5000000
100
36371 5000000
100
200
36381 5000000
100
200
36391 5000000
200
100
36401 5000000
100
100
36411 5000000
100
200
36421 5000000
200
36432 5000000
100
36443 5000000
100
200
36453 5000000
200
100
36463 5000000
200
200
36473 5000000
100
200
36483 5000000
100
100
36493 5000000
100
36504 5000000
200
36515 5000000
200
100
36525 5000000
100
200
36535 5000000
100
200
36545 5000000
100
100
36555 5000000
100
200
36565 5000000
100
36576 5000000
200
36587 5000000
100
100
36597 5000000
100
100
36607 5000000
200
200
36617 5000000
100
200
36627 5000000
100
100
36637 5000000
200
36648 5000000
200
36659 5000000
100
200
36669 5000000
200
100
36679 5000000
100
100
36689 5000000
100
200
36699 5000000
100
200
36709 5000000
100
36720 5000000
100
36731 5000000
200
100
36741 5000000
200
100
36751 5000000
100
200
36761 5000000
100
100
36771 5000000
200
100
36781 5000000
100
36792 5000000
100
36803 5000000
100
200
36813 5000000
200
100
36823 5000000
100
200
36833 5000000
100
100
36843 5000000
100
100
36853 5000000
100
36864 5000000
100
36875 5000000
200
200
36885 5000000
100
100
36895 5000000
200
100
36905 5000000
200
100
36915 5000000
200
200
36925 5000000
100
36936 5000000
100
36947 5000000
200
100
36957 5000000
100
100
36967 5000000
200
200
36977 5000000
100
200
36987 5000000
200
200
36997 5000000
100
37008 5000000
100
37019 5000000
100
200
37029 5000000
200
100
37039 5000000
100
200
37049 5000000
200
100
37059 5000000
200
100
37069 5000000
100
37080 5000000
100
37091 5000000
200
100
37101 5000000
100
200
37111 5000000
100
200
37121 5000000
100
100
37131 5000000
200
100
37141 5000000
100
37152 5000000
100
37163 5000000
100
200
37173 5000000
200
200
37183 5000000
100
100
37193 5000000
200
200
37203 5000000
100
100
37213 5000000
100
37224 5000000
100
37235 5000000
200
100
37245 5000000
100
100
37255 5000000
100
100
37265 5000000
100
100
37275 5000000
100
100
37285 5000000
100
37296 5000000
100
37307 5000000
100
100
37317 5000000
100
100
37327 5000000
100
100
37337 5000000
100
100
37347 5000000
200
100
37357 5000000
100
37368 5000000
200
37379 5000000
200
100
37389 5000000
200
100
37399 5000000
100
200
37409 5000000
200
100
37419 5000000
100
200
37429 5000000
100
37440 5000000
100
37451 5000000
100
100
37461 5000000
100
200
37471 5000000
100
100
37481 5000000
100
100
37491 5000000
200
100
37501 5000000
100
37512 5000000
100
37523 5000000
100
100
37533 5000000
100
100
37543 5000000
100
100
37553 5000000
200
200
37563 5000000
100
200
37573 5000000
100
37584 5000000
100
37595 5000000
100
200
37605 5000000
100
100
37615 5000000
100
200
37625 5000000
200
100
37635 5000000
100
100
37645 5000000
100
37656 5000000
100
37667 5000000
100
100
37677 5000000
200
100
37687 5000000
100
100
37697 5000000
100
100
37707 5000000
100
200
37717 5000000
200
37728 5000000
100
37739 5000000
100
100
37749 5000000
200
100
37759 5000000
200
100
37769 5000000
100
100
37779 5000000
100
200
37789 5000000
200
37800 5000000
100
37811 5000000
100
200
37821 5000000
200
200
37831 5000000
100
200
37841 5000000
100
100
37851 5000000
200
200
37861 5000000
100
37872 5000000
200
37883 5000000
100
200
37893 5000000
200
100
37903 5000000
100
100
37913 5000000
100
200
37923 5000000
100
100
37933 5000000
200
37944 5000000
100
37955 5000000
100
100
37965 5000000
100
100
37975 5000000
100
100
37985 5000000
200
200
37995 5000000
100
100
38005 5000000
100
38016 5000000
100
38027 5000000
100
100
38037 5000000
100
100
38047 5000000
100
100
38057 5000000
100
100
38067 5000000
100
200
38077 5000000
100
38088 5000000
200
38099 5000000
100
100
38109 5000000
200
100
38119 5000000
100
100
38129 5000000
200
100
38139 5000000
100
200
38149 5000000
100
38160 5000000
100
38171 5000000
100
100
38181 5000000
100
100
38191 5000000
100
100
38201 5000000
100
100
38211 5000000
100
200
38221 5000000
100
38232 5000000
100
38243 5000000
200
100
38253 5000000
100
200
38263 5000000
100
100
38273 5000000
100
100
38283 5000000
100
100
38293 5000000
100
38304 5000000
100
38315 5000000
100
200
38325 5000000
100
200
38335 5000000
100
200
38345 5000000
100
100
38355 5000000
100
200
38365 5000000
200
38376 5000000
200
38387 5000000
200
100
38397 5000000
200
100
38407 5000000
100
100
38417 5000000
200
200
38427 5000000
100
100
38437 5000000
100
38448 5000000
100
38459 5000000
200
100
38469 5000000
100
200
38479 5000000
100
100
38489 5000000
100
100
38499 5000000
100
100
38509 5000000
100
38520 5000000
100
38531 5000000
100
100
38541 5000000
100
100
38551 5000000
200
200
38561 5000000
100
200
38571 5000000
100
100
38581 5000000
100
38592 5000000
100
38603 5000000
100
100
38613 5000000
100
100
38623 5000000
100
100
38633 5000000
200
200
38643 5000000
100
100
38653 5000000
200
38664 5000000
100
38675 5000000
100
100
38685 5000000
100
100
38695 5000000
100
100
38705 5000000
200
100
38715 5000000
200
100
38725 5000000
100
38736 5000000
100
38747 5000000
100
100
38757 5000000
100
100
38767 5000000
100
100
38777 5000000
100
100
38787 5000000
100
200
38797 5000000
200
38808 5000000
200
38819 5000000
100
100
38829 5000000
100
100
38839 5000000
100
100
38849 5000000
100
200
38859 5000000
100
200
38869 5000000
100
38880 5000000
100
38891 5000000
200
200
38901 5000000
100
100
38911 5000000
100
100
38921 5000000
100
200
38931 5000000
100
200
38941 5000000
100
38952 5000000
100
38963 5000000
100
100
38973 5000000
100
100
38983 5000000
100
100
38993 5000000
100
100
39003 5000000
200
100
39013 5000000
100
39024 5000000
100
39035 5000000
100
100
39045 5000000
100
100
39055 5000000
100
100
39065 5000000
100
100
39075 5000000
100
100
39085 5000000
100
39096 5000000
100
39107 5000000
100
200
39117 5000000
100
100
39127 5000000
200
200
39137 5000000
200
100
39147 5000000
100
100
39157 5000000
100
39168 5000000
100
39179 5000000
200
100
39189 5000000
100
200
39199 5000000
200
200
39209 5000000
100
200
39219 5000000
100
100
39229 5000000
100
39240 5000000
200
39251 5000000
100
100
39261 5000000
100
100
39271 5000000
100
100
39281 5000000
200
100
39291 5000000
100
200
39301 5000000
100
39312 5000000
100
39323 5000000
100
100
39333 5000000
100
100
39343 5000000
200
100
39353 5000000
200
200
39363 5000000
100
100
39373 5000000
100
39384 5000000
200
39395 5000000
100
100
39405 5000000
100
200
39415 5000000
100
200
39425 5000000
100
100
39435 5000000
100
100
39445 5000000
200
39456 5000000
200
39467 5000000
100
100
39477 5000000
100
100
39487 5000000
200
100
39497 5000000
100
100
39507 5000000
100
100
39517 5000000
200
39528 5000000
100
39539 5000000
200
200
39549 5000000
200
100
39559 5000000
200
100
39569 5000000
200
200
39579 5000000
100
200
39589 5000000
100
39600 5000000
200
39611 5000000
100
100
39621 5000000
200
100
39631 5000000
100
100
39641 5000000
100
100
39651 5000000
100
100
39661 5000000
200
39672 5000000
100
39683 5000000
100
100
39693 5000000
200
100
39703 5000000
200
100
39713 5000000
100
100
39723 5000000
100
100
39733 5000000
100
39744 5000000
100
39755 5000000
100
100
39765 5000000
100
200
39775 5000000
100
200
39785 5000000
100
200
39795 5000000
100
100
39805 5000000
100
39816 5000000
100
39827 5000000
200
100
39837 5000000
100
100
39847 5000000
100
100
39857 5000000
100
100
39867 5000000
200
100
39877 5000000
100
39888 5000000
100
39899 5000000
200
200
39909 5000000
200
100
39919 5000000
100
200
39929 5000000
100
100
39939 5000000
100
100
39949 5000000
200
39960 5000000
100
39971 5000000
100
200
39981 5000000
100
100
39991 5000000
200
200
40001 5000000
100
100
40011 5000000
100
100
40021 5000000
200
40032 5000000
200
40043 5000000
100
100
40053 5000000
200
100
40063 5000000
200
100
40073 5000000
100
200
40083 5000000
200
100
40093 5000000
200
40104 5000000
100
40115 5000000
200
200
40125 5000000
100
200
40135 5000000
100
100
40145 5000000
200
100
40155 5000000
100
200
40165 5000000
100
40176 5000000
200
40187 5000000
100
100
40197 5000000
100
100
40207 5000000
100
200
40217 5000000
100
100
40227 5000000
200
100
40237 5000000
100
40248 5000000
100
40259 5000000
100
100
40269 5000000
200
200
40279 5000000
100
200
40289 5000000
100
100
40299 5000000
100
100
40309 5000000
100
40320 5000000
200
40331 5000000
100
100
40341 5000000
100
100
40351 5000000
100
200
40361 5000000
200
200
40371 5000000
100
100
40381 5000000
100
40392 5000000
100
40403 5000000
100
200
40413 5000000
100
100
40423 5000000
200
100
40433 5000000
200
100
40443 5000000
100
100
40453 5000000
200
40464 5000000
200
40475 5000000
100
100
40485 5000000
200
100
40495 5000000
200
100
40505 5000000
200
100
40515 5000000
100
100
40525 5000000
200
40536 5000000
100
40547 5000000
100
200
40557 5000000
100
100
40567 5000000
200
200
40577 5000000
100
100
40587 5000000
100
100
40597 5000000
100
40608 5000000
100
40619 5000000
100
100
40629 5000000
100
100
40639 5000000
200
200
40649 5000000
100
100
40659 5000000
100
100
40669 5000000
100
40680 5000000
100
40691 5000000
200
100
40701 5000000
200
100
40711 5000000
200
200
40721 5000000
100
100
40731 5000000
100
100
40741 5000000
100
40752 5000000
100
40763 5000000
100
100
40773 5000000
100
100
40783 5000000
100
100
40793 5000000
100
100
40803 5000000
100
200
40813 5000000
100
40824 5000000
100
40835 5000000
100
200
40845 5000000
100
100
40855 5000000
100
100
40865 5000000
200
100
40875 5000000
100
100
40885 5000000
100
40896 5000000
200
40907 5000000
100
100
40917 5000000
100
100
40927 5000000
100
100
40937 5000000
100
100
40947 5000000
200
200
40957 5000000
100
40968 5000000
200
40979 5000000
200
100
40989 5000000
100
100
40999 5000000
100
100
41009 5000000
200
100
41019 5000000
100
200
41029 5000000
100
41040 5000000
200
41051 5000000
200
100
41061 5000000
200
100
41071 5000000
100
100
41081 5000000
100
100
41091 5000000
100
100
41101 5000000
100
41112 5000000
200
41123 5000000
100
100
41133 5000000
100
200
41143 5000000
100
100
41153 5000000
200
100
41163 5000000
200
100
41173 5000000
100
41184 5000000
100
41195 5000000
200
100
41205 5000000
100
100
41215 5000000
200
100
41225 5000000
100
100
41235 5000000
100
100
41245 5000000
200
41256 5000000
100
41267 5000000
100
200
41277 5000000
100
100
41287 5000000
100
100
41297 5000000
100
100
41307 5000000
200
100
41317 5000000
100
41328 5000000
100
41339 5000000
200
100
41349 5000000
100
100
41359 5000000
200
100
41369 5000000
100
100
41379 5000000
100
100
41389 5000000
200
41400 5000000
200
41411 5000000
100
100
41421 5000000
100
100
41431 5000000
200
100
41441 5000000
100
100
41451 5000000
100
100
41461 5000000
100
41472 5000000
100
41483 5000000
100
100
41493 5000000
100
100
41503 5000000
200
100
41513 5000000
100
100
41523 5000000
100
100
41533 5000000
100
41544 5000000
100
41555 5000000
100
100
41565 5000000
100
200
41575 5000000
100
100
41585 5000000
200
100
41595 5000000
100
100
41605 5000000
100
41616 5000000
100
41627 5000000
100
100
41637 5000000
100
100
41647 5000000
200
100
41657 5000000
100
100
41667 5000000
100
100
41677 5000000
100
41688 5000000
100
41699 5000000
100
100
41709 5000000
100
100
41719 5000000
100
100
41729 5000000
200
100
41739 5000000
100
100
41749 5000000
100
41760 5000000
100
41771 5000000
100
100
41781 5000000
100
100
41791 5000000
100
100
41801 5000000
100
100
41811 5000000
100
100
41821 5000000
100
41832 5000000
100
41843 5000000
200
100
41853 5000000
200
200
41863 5000000
100
100
41873 5000000
100
100
41883 5000000
100
100
41893 5000000
200
41904 5000000
100
41915 5000000
200
100
41925 5000000
100
100
41935 5000000
100
100
41945 5000000
100
200
41955 5000000
100
100
41965 5000000
200
41976 5000000
100
41987 5000000
100
100
41997 5000000
100
100
42007 5000000
100
200
42017 5000000
100
200
42027 5000000
100
100
42037 5000000
100
42048 5000000
200
42059 5000000
100
100
42069 5000000
100
100
42079 5000000
200
100
42089 5000000
100
100
42099 5000000
100
100
42109 5000000
100
42120 5000000
100
42131 5000000
100
200
42141 5000000
100
100
42151 5000000
100
100
42161 5000000
100
100
42171 5000000
100
100
42181 5000000
100
42192 5000000
100
42203 5000000
100
100
42213 5000000
100
100
42223 5000000
100
100
42233 5000000
100
100
42243 5000000
100
100
42253 5000000
100
42264 5000000
100
42275 5000000
100
100
42285 5000000
200
100
42295 5000000
100
200
42305 5000000
100
100
42315 5000000
100
100
42325 5000000
100
42336 5000000
100
42347 5000000
100
100
42357 5000000
100
100
42367 5000000
200
100
42377 5000000
100
100
42387 5000000
200
100
42397 5000000
100
42408 5000000
200
42419 5000000
100
100
42429 5000000
100
100
42439 5000000
100
100
42449 5000000
100
200
42459 5000000
100
200
42469 5000000
100
42480 5000000
100
42491 5000000
100
100
42501 5000000
200
100
42511 5000000
100
100
42521 5000000
100
100
42531 5000000
100
200
42541 5000000
100
42552 5000000
100
42563 5000000
100
100
42573 5000000
100
100
42583 5000000
100
200
42593 5000000
100
100
42603 5000000
100
100
42613 5000000
100
42624 5000000
100
42635 5000000
100
200
42645 5000000
100
100
42655 5000000
100
100
42665 5000000
100
100
42675 5000000
100
100
42685 5000000
200
42696 5000000
100
42707 5000000
200
200
42717 5000000
100
200
42727 5000000
100
100
42737 5000000
100
100
42747 5000000
100
200
42757 5000000
100
42768 5000000
100
42779 5000000
200
100
42789 5000000
100
100
42799 5000000
100
200
42809 5000000
200
100
42819 5000000
100
100
42829 5000000
100
42840 5000000
100
42851 5000000
100
200
42861 5000000
100
100
42871 5000000
100
100
42881 5000000
100
100
42891 5000000
100
200
42901 5000000
100
42912 5000000
100
42923 5000000
100
100
42933 5000000
100
200
42943 5000000
100
100
42953 5000000
100
100
42963 5000000
200
200
42973 5000000
100
42984 5000000
100
42995 5000000
100
200
43005 5000000
100
100
43015 5000000
100
100
43025 5000000
100
100
43035 5000000
200
100
43045 5000000
100
43056 5000000
100
43067 5000000
200
100
43077 5000000
100
100
43087 5000000
100
100
43097 5000000
100
100
43107 5000000
100
100
43117 5000000
100
43128 5000000
100
43139 5000000
100
100
43149 5000000
100
100
43159 5000000
200
200
43169 5000000
100
100
43179 5000000
100
100
43189 5000000
100
43200 5000000
100
43211 5000000
100
100
43221 5000000
100
100
43231 5000000
100
100
43241 5000000
100
100
43251 5000000
200
100
43261 5000000
100
43272 5000000
100
43283 5000000
100
200
43293 5000000
100
100
43303 5000000
100
100
43313 5000000
100
100
43323 5000000
100
100
43333 5000000
100
43344 5000000
100
43355 5000000
200
100
43365 5000000
100
100
43375 5000000
100
100
43385 5000000
200
200
43395 5000000
100
100
43405 5000000
100
43416 5000000
100
43427 5000000
100
100
43437 5000000
100
100
43447 5000000
100
100
43457 5000000
100
200
43467 5000000
100
100
43477 5000000
100
43488 5000000
100
43499 5000000
200
100
43509 5000000
200
100
43519 5000000
100
100
43529 5000000
100
100
43539 5000000
100
100
43549 5000000
100
43560 5000000
100
43571 5000000
100
100
43581 5000000
100
200
43591 5000000
100
100
43601 5000000
100
100
43611 5000000
100
100
43621 5000000
100
43632 5000000
100
43643 5000000
100
100
43653 5000000
100
100
43663 5000000
200
100
43673 5000000
100
100
43683 5000000
100
200
43693 5000000
100
43704 5000000
200
43715 5000000
100
100
43725 5000000
100
100
43735 5000000
100
200
43745 5000000
100
100
43755 5000000
100
100
43765 5000000
100
43776 5000000
100
43787 5000000
200
100
43797 5000000
100
100
43807 5000000
100
200
43817 5000000
100
100
43827 5000000
100
100
43837 5000000
100
43848 5000000
100
43859 5000000
100
100
43869 5000000
100
100
43879 5000000
100
100
43889 5000000
100
100
43899 5000000
100
200
43909 5000000
100
43920 5000000
100
43931 5000000
200
100
43941 5000000
200
100
43951 5000000
100
100
43961 5000000
100
100
43971 5000000
100
100
43981 5000000
100
43992 5000000
100
44003 5000000
200
200
44013 5000000
200
100
44023 5000000
200
200
44033 5000000
100
100
44043 5000000
100
100
44053 5000000
100
44064 5000000
200
44075 5000000
100
100
44085 5000000
100
100
44095 5000000
100
200
44105 5000000
100
100
44115 5000000
100
100
44125 5000000
200
44136 5000000
100
44147 5000000
100
200
44157 5000000
100
100
44167 5000000
100
100
44177 5000000
200
100
44187 5000000
200
100
44197 5000000
100
44208 5000000
100
44219 5000000
100
100
44229 5000000
100
100
44239 5000000
100
100
44249 5000000
200
100
44259 5000000
100
100
44269 5000000
100
44280 5000000
100
44291 5000000
100
200
44301 5000000
100
100
44311 5000000
100
100
44321 5000000
100
100
44331 5000000
100
100
44341 5000000
100
44352 5000000
100
44363 5000000
100
100
44373 5000000
100
100
44383 5000000
100
200
44393 5000000
100
100
44403 5000000
100
100
44413 5000000
100
44424 5000000
200
44435 5000000
100
100
44445 5000000
100
100
44455 5000000
200
100
44465 5000000
100
100
44475 5000000
100
100
44485 5000000
100
44496 5000000
100
44507 5000000
100
100
44517 5000000
100
100
44527 5000000
100
100
44537 5000000
100
100
44547 5000000
100
100
44557 5000000
200
44568 5000000
100
44579 5000000
100
100
44589 5000000
100
100
44599 5000000
100
100
44609 5000000
100
100
44619 5000000
100
200
44629 5000000
100
44640 5000000
100
44651 5000000
200
100
44661 5000000
100
100
44671 5000000
100
100
44681 5000000
100
100
44691 5000000
100
100
44701 5000000
100
44712 5000000
200
44723 5000000
200
100
44733 5000000
100
100
44743 5000000
100
100
44753 5000000
100
100
44763 5000000
100
200
44773 5000000
100
44784 5000000
100
44795 5000000
200
100
44805 5000000
100
100
44815 5000000
100
100
44825 5000000
100
200
44835 5000000
100
100
44845 5000000
100
44856 5000000
100
44867 5000000
100
100
44877 5000000
100
100
44887 5000000
100
100
44897 5000000
100
100
44907 5000000
100
100
44917 5000000
200
44928 5000000
100
44939 5000000
100
200
44949 5000000
100
100
44959 5000000
100
100
44969 5000000
100
200
44979 5000000
100
100
44989 5000000
100
45000 5000000
100
45011 5000000
200
100
45021 5000000
100
100
45031 5000000
200
100
45041 5000000
100
200
45051 5000000
100
100
45061 5000000
200
45072 5000000
100
45083 5000000
100
100
45093 5000000
100
100
45103 5000000
100
100
45113 5000000
100
100
45123 5000000
100
100
45133 5000000
100
45144 5000000
100
45155 5000000
100
100
45165 5000000
100
100
45175 5000000
100
100
45185 5000000
100
100
45195 5000000
100
100
45205 5000000
100
45216 5000000
100
45227 5000000
100
100
45237 5000000
100
100
45247 5000000
100
200
45257 5000000
100
100
45267 5000000
100
100
45277 5000000
200
45288 5000000
100
45299 5000000
100
100
45309 5000000
100
100
45319 5000000
100
200
45329 5000000
100
100
45339 5000000
100
100
45349 5000000
100
45360 5000000
100
45371 5000000
100
100
45381 5000000
100
100
45391 5000000
100
100
45401 5000000
100
100
45411 5000000
100
100
45421 5000000
100
45432 5000000
100
45443 5000000
100
200
45453 5000000
100
100
45463 5000000
100
100
45473 5000000
100
100
45483 5000000
100
100
45493 5000000
100
45504 5000000
100
45515 5000000
100
100
45525 5000000
100
100
45535 5000000
100
200
45545 5000000
100
100
45555 5000000
100
100
45565 5000000
100
45576 5000000
200
45587 5000000
200
100
45597 5000000
100
100
45607 5000000
100
100
45617 5000000
100
100
45627 5000000
100
100
45637 5000000
100
45648 5000000
100
45659 5000000
200
100
45669 5000000
100
100
45679 5000000
100
100
45689 5000000
200
100
45699 5000000
100
100
45709 5000000
100
45720 5000000
100
45731 5000000
100
100
45741 5000000
100
100
45751 5000000
100
100
45761 5000000
100
100
45771 5000000
200
100
45781 5000000
100
45792 5000000
100
45803 5000000
100
100
45813 5000000
100
100
45823 5000000
100
100
45833 5000000
100
100
45843 5000000
100
100
45853 5000000
100
45864 5000000
100
45875 5000000
100
100
45885 5000000
100
100
45895 5000000
100
100
45905 5000000
100
100
45915 5000000
100
100
45925 5000000
100
45936 5000000
100
45947 5000000
100
200
45957 5000000
100
100
45967 5000000
100
100
45977 5000000
100
100
45987 5000000
100
100
45997 5000000
100
46008 5000000
100
46019 5000000
100
200
46029 5000000
100
100
46039 5000000
100
100
46049 5000000
100
100
46059 5000000
100
100
46069 5000000
100
46080 5000000
100
46091 5000000
100
100
46101 5000000
100
100
46111 5000000
100
100
46121 5000000
100
100
46131 5000000
100
100
46141 5000000
100
46152 5000000
100
46163 5000000
100
100
46173 5000000
100
100
46183 5000000
100
100
46193 5000000
100
100
46203 5000000
100
200
46213 5000000
100
46224 5000000
200
46235 5000000
100
100
46245 5000000
100
100
46255 5000000
100
100
46265 5000000
100
100
46275 5000000
100
100
46285 5000000
100
46296 5000000
100
46307 5000000
100
100
46317 5000000
100
100
46327 5000000
100
100
46337 5000000
100
100
46347 5000000
100
100
46357 5000000
200
46368 5000000
100
46379 5000000
100
100
46389 5000000
100
100
46399 5000000
100
100
46409 5000000
100
100
46419 5000000
100
100
46429 5000000
100
46440 5000000
100
46451 5000000
100
100
46461 5000000
200
100
46471 5000000
100
100
46481 5000000
100
100
46491 5000000
100
100
46501 5000000
100
46512 5000000
100
46523 5000000
100
100
46533 5000000
100
100
46543 5000000
200
100
46553 5000000
100
100
46563 5000000
100
100
46573 5000000
100
46584 5000000
100
46595 5000000
100
100
46605 5000000
100
100
46615 5000000
200
100
46625 5000000
100
100
46635 5000000
200
100
46645 5000000
200
46656 5000000
100
46667 5000000
100
100
46677 5000000
100
100
46687 5000000
100
100
46697 5000000
100
100
46707 5000000
100
100
46717 5000000
100
46728 5000000
100
46739 5000000
100
100
46749 5000000
200
100
46759 5000000
100
100
46769 5000000
100
100
46779 5000000
100
100
46789 5000000
100
46800 5000000
100
46811 5000000
100
200
46821 5000000
100
100
46831 5000000
100
100
46841 5000000
200
100
46851 5000000
100
100
46861 5000000
100
46872 5000000
100
46883 5000000
100
100
46893 5000000
100
100
46903 5000000
100
100
46913 5000000
100
100
46923 5000000
100
100
46933 5000000
100
46944 5000000
100
46955 5000000
100
100
46965 5000000
100
100
46975 5000000
100
100
46985 5000000
100
100
46995 5000000
100
100
47005 5000000
100
47016 5000000
100
47027 5000000
100
100
47037 5000000
100
100
47047 5000000
100
100
47057 5000000
100
100
47067 5000000
100
100
47077 5000000
100
47088 5000000
100
47099 5000000
100
100
47109 5000000
100
100
47119 5000000
100
100
47129 5000000
100
100
47139 5000000
100
100
47149 5000000
100
47160 5000000
100
47171 5000000
100
100
47181 5000000
100
200
47191 5000000
100
100
47201 5000000
100
100
47211 5000000
100
100
47221 5000000
200
47232 5000000
100
47243 5000000
100
100
47253 5000000
100
100
47263 5000000
100
100
47273 5000000
100
100
47283 5000000
100
100
47293 5000000
100
47304 5000000
100
47315 5000000
100
100
47325 5000000
100
100
47335 5000000
100
100
47345 5000000
100
100
47355 5000000
100
200
47365 5000000
100
47376 5000000
100
47387 5000000
200
100
47397 5000000
100
100
47407 5000000
100
100
47417 5000000
100
100
47427 5000000
100
100
47437 5000000
100
47448 5000000
100
47459 5000000
100
100
47469 5000000
100
100
47479 5000000
100
100
47489 5000000
100
100
47499 5000000
100
100
47509 5000000
100
47520 5000000
100
47531 5000000
100
100
47541 5000000
100
100
47551 5000000
100
100
47561 5000000
100
100
47571 5000000
100
100
47581 5000000
100
47592 5000000
100
47603 5000000
100
100
47613 5000000
100
100
47623 5000000
100
100
47633 5000000
100
100
47643 5000000
100
100
47653 5000000
100
47664 5000000
100
47675 5000000
100
100
47685 5000000
100
100
47695 5000000
100
100
47705 5000000
200
100
47715 5000000
100
100
47725 5000000
100
47736 5000000
100
47747 5000000
100
100
47757 5000000
100
200
47767 5000000
100
100
47777 5000000
200
200
47787 5000000
100
100
47797 5000000
100
47808 5000000
100
47819 5000000
100
100
47829 5000000
100
100
47839 5000000
100
100
47849 5000000
100
100
47859 5000000
100
100
47869 5000000
100
47880 5000000
100
47891 5000000
100
100
47901 5000000
100
100
47911 5000000
100
100
47921 5000000
100
100
47931 5000000
100
100
47941 5000000
100
47952 5000000
100
47963 5000000
100
100
47973 5000000
100
100
47983 5000000
100
100
47993 5000000
100
100
48003 5000000
100
100
48013 5000000
100
48024 5000000
100
48035 5000000
100
100
48045 5000000
100
100
48055 5000000
100
100
48065 5000000
100
100
48075 5000000
100
100
48085 5000000
100
48096 5000000
100
48107 5000000
100
100
48117 5000000
100
100
48127 5000000
100
100
48137 5000000
100
100
48147 5000000
100
100
48157 5000000
100
48168 5000000
100
48179 5000000
100
100
48189 5000000
100
100
48199 5000000
100
100
48209 5000000
100
100
48219 5000000
100
100
48229 5000000
100
48240 5000000
100
48251 5000000
100
100
48261 5000000
100
100
48271 5000000
100
200
48281 5000000
200
100
48291 5000000
100
100
48301 5000000
100
48312 5000000
100
48323 5000000
100
100
48333 5000000
100
100
48343 5000000
100
100
48353 5000000
100
100
48363 5000000
100
100
48373 5000000
100
48384 5000000
100
48395 5000000
100
100
48405 5000000
100
100
48415 5000000
100
100
48425 5000000
100
100
48435 5000000
100
100
48445 5000000
100
48456 5000000
100
48467 5000000
100
100
48477 5000000
100
100
48487 5000000
100
100
48497 5000000
100
100
48507 5000000
100
100
48517 5000000
100
48528 5000000
100
48539 5000000
100
100
48549 5000000
100
100
48559 5000000
100
100
48569 5000000
100
100
48579 5000000
100
100
48589 5000000
100
48600 5000000
100
48611 5000000
100
100
48621 5000000
100
100
48631 5000000
100
100
48641 5000000
100
100
48651 5000000
100
100
48661 5000000
100
48672 5000000
100
48683 5000000
100
100
48693 5000000
100
100
48703 5000000
100
100
48713 5000000
100
100
48723 5000000
100
100
48733 5000000
100
48744 5000000
100
48755 5000000
100
100
48765 5000000
100
100
48775 5000000
100
100
48785 5000000
100
100
48795 5000000
100
100
48805 5000000
100
48816 5000000
100
48827 5000000
100
100
48837 5000000
100
100
48847 5000000
100
100
48857 5000000
100
100
48867 5000000
100
100
48877 5000000
100
48888 5000000
100
48899 5000000
100
100
48909 5000000
100
100
48919 5000000
100
100
48929 5000000
100
100
48939 5000000
100
100
48949 5000000
100
48960 5000000
100
48971 5000000
100
100
48981 5000000
200
100
48991 5000000
100
100
49001 5000000
100
100
49011 5000000
200
100
49021 5000000
100
49032 5000000
100
49043 5000000
100
100
49053 5000000
100
100
49063 5000000
100
100
49073 5000000
100
100
49083 5000000
100
100
49093 5000000
100
49104 5000000
100
49115 5000000
100
100
49125 5000000
100
100
49135 5000000
100
100
49145 5000000
100
100
49155 5000000
100
100
49165 5000000
100
49176 5000000
200
49187 5000000
100
100
49197 5000000
100
100
49207 5000000
100
100
49217 5000000
100
100
49227 5000000
100
100
49237 5000000
100
49248 5000000
100
49259 5000000
100
100
49269 5000000
100
100
49279 5000000
100
100
49289 5000000
100
100
49299 5000000
200
100
49309 5000000
100
49320 5000000
100
49331 5000000
100
100
49341 5000000
100
100
49351 5000000
100
100
49361 5000000
100
100
49371 5000000
100
100
49381 5000000
100
49392 5000000
100
49403 5000000
100
100
49413 5000000
100
100
49423 5000000
100
100
49433 5000000
100
100
49443 5000000
100
100
49453 5000000
100
49464 5000000
100
49475 5000000
100
100
49485 5000000
100
100
49495 5000000
100
100
49505 5000000
100
100
49515 5000000
100
100
49525 5000000
100
49536 5000000
100
49547 5000000
100
100
49557 5000000
200
100
49567 5000000
100
100
49577 5000000
100
100
49587 5000000
100
100
49597 5000000
100
49608 5000000
100
49619 5000000
100
100
49629 5000000
100
100
49639 5000000
100
100
49649 5000000
100
100
49659 5000000
100
100
49669 5000000
100
49680 5000000
100
49691 5000000
100
100
49701 5000000
100
100
49711 5000000
100
100
49721 5000000
100
100
49731 5000000
100
100
49741 5000000
100
49752 5000000
100
49763 5000000
100
100
49773 5000000
100
100
49783 5000000
100
100
49793 5000000
100
100
49803 5000000
100
100
49813 5000000
100
49824 5000000
100
49835 5000000
100
100
49845 5000000
100
100
49855 5000000
100
100
49865 5000000
100
100
49875 5000000
100
100
49885 5000000
100
49896 5000000
100
49907 5000000
100
100
49917 5000000
100
100
49927 5000000
100
100
49937 5000000
100
100
49947 5000000
100
100
49957 5000000
100
49968 5000000
100
49979 5000000
100
100
49989 5000000
100
100
49999 5000000
100
100
50000 5000000
100
100
50000 5000000
100
100
50000 5000000
100
50000 5000000
100
50000 5000000
100
100
50000 5000000
100
100
50000 5000000
100
100
50000 5000000
100
100
50000 5000000
100
100
50000 5000000
100
50000 5000000
100
50000 5000000
100
100
50000 5000000
100
100
50000 5000000
100
100
50000 5000000
100
100
50000 5000000
100
100
50000 5000000
100
50000 5000000
100
50000 5000000
100
100
50000 5000000
100
100
50000 5000000
100
100
50000 5000000
100
100
50000 5000000
100
100
50000 5000000
100
50000 5000000
100
50000 5000000
100
100
50000 5000000
100
100
50000 5000000
100
100
50000 5000000
100
-1
50000 5000000
100
100
50000 5000000
100
50000 5000000
100
50000 5000000
100
100
50000 5000000
100
100
50000 5000000
100
100
50000 5000000
100
100
50000 5000000
100
100
50000 5000000
100
50000 5000000
100
50000 5000000
100
100
50000 5000000
100
100
50000 5000000
100
100
50000 5000000
100
100
50000 5000000
100
100
50000 5000000
100
50000 5000000
100
50000 5000000
100
100
50000 5000000
100
100
50000 5000000
100
100
50000 5000000
100
100
50000 5000000
100
100
50000 5000000
100
50000 5000000
100
50000 5000000
100
100
50000 5000000
100
100
50000 5000000
100
100
50000 5000000
100
100
50000 5000000
100
100
50000 5000000
100
50000 5000000
100
50000 5000000
100
100
50000 5000000
100
100
50000 5000000
100
100
50000 5000000
100
100
50000 5000000
100
100
50000 5000000
100
50000 5000000
100
50000 5000000
100
100
50000 5000000
100
100
50000 5000000
100
100
50000 5000000
100
100
50000 5000000
100
100
50000 5000000
100
50000 5000000
100
50000 5000000
100
100
50000 5000000
100
100
50000 5000000
100
100
50000 5000000
100
100
50000 5000000
100
100
50000 5000000
100
50000 5000000
100
50000 5000000
100
100
50000 5000000
100
100
50000 5000000
100
100
50000 5000000
100
100
50000 5000000
100
100
50000 5000000
100
50000 5000000
100
50000 5000000
100
100
50000 5000000
100
100
50000 5000000
100
100
50000 5000000
100
100
50000 5000000
100
100
50000 5000000
100
50000 5000000
100
50000 5000000
100
100
50000 5000000
100
100
50000 5000000
100
100
50000 5000000
100
100
50000 5000000
100
100
50000 5000000
100
50000 5000000
100
50000 5000000
100
100
50000 5000000
100
100
50000 5000000
100
100
50000 5000000
100
100
50000 5000000
100
100
50000 5000000
100
50000 5000000
100
50000 5000000
100
100
50000 5000000
100
100
50000 5000000
100
100
50000 5000000
-1
100
50000 5000000
100
100
50000 5000000
100
50000 5000000
100
50000 5000000
100
100
50000 5000000
100
100
50000 5000000
100
100
50000 5000000
100
100
50000 5000000
100
100
50000 5000000
100
50000 5000000
100
50000 5000000
100
100
50000 5000000
100
100
50000 5000000
100
100
50000 5000000
100
100
50000 5000000
100
100
50000 5000000
-1
50000 5000000
100
50000 5000000
100
100
50000 5000000
100
100
50000 5000000
100
100
50000 5000000
100
100
50000 5000000
100
100
50000 5000000
100
50000 5000000
100
50000 5000000
100
100
50000 5000000
-1
100
50000 5000000
100
100
50000 5000000
100
100
50000 5000000
100
100
50000 5000000
100
50000 5000000
100
50000 5000000
100
100
50000 5000000
100
-1
50000 5000000
100
100
50000 5000000
100
100
50000 5000000
100
100
50000 5000000
100
50000 5000000
100
50000 5000000
100
100
50000 5000000
100
100
50000 5000000
100
100
50000 5000000
100
100
50000 5000000
100
100
50000 5000000
100
50000 5000000
100
50000 5000000
100
100
50000 5000000
100
100
50000 5000000
100
100
50000 5000000
100
100
50000 5000000
100
100
50000 5000000
100
50000 5000000
100
50000 5000000
100
100
50000 5000000
100
100
50000 5000000
100
100
50000 5000000
100
100
50000 5000000
100
100
50000 5000000
100
50000 5000000
-1
50000 5000000
100
100
50000 5000000
100
100
50000 5000000
100
100
50000 5000000
100
100
50000 5000000
100
100
50000 5000000
100
50000 5000000
100
50000 5000000
100
100
50000 5000000
100
100
50000 5000000
100
100
50000 5000000
100
100
50000 5000000
100
100
50000 5000000
100
50000 5000000
100
50000 5000000
100
100
50000 5000000
100
100
50000 5000000
100
100
50000 5000000
100
100
50000 5000000
100
100
50000 5000000
100
50000 5000000
100
50000 5000000
100
100
50000 5000000
100
100
50000 5000000
100
100
50000 5000000
100
100
50000 5000000
100
100
50000 5000000
100
50000 5000000
100
50000 5000000
100
100
50000 5000000
100
100
50000 5000000
100
100
50000 5000000
100
100
50000 5000000
100
-1
50000 5000000
100
50000 5000000
100
50000 5000000
100
100
50000 5000000
100
100
50000 5000000
100
100
50000 5000000
100
100
50000 5000000
100
100
50000 5000000
100
50000 5000000
100
50000 5000000
100
100
50000 5000000
100
100
50000 5000000
100
100
50000 5000000
100
-1
50000 5000000
100
100
50000 5000000
100
50000 5000000
100
50000 5000000
100
100
50000 5000000
100
100
50000 5000000
100
100
50000 5000000
100
100
50000 5000000
100
100
50000 5000000
100
50000 5000000
100
50000 5000000
100
100
50000 5000000
100
100
50000 5000000
100
100
50000 5000000
100
100
50000 5000000
100
100
50000 5000000
100
50000 5000000
100
50000 5000000
100
100
50000 5000000
100
100
50000 5000000
100
100
50000 5000000
100
100
50000 5000000
100
100
50000 5000000
100
50000 5000000
100
50000 5000000
100
100
50000 5000000
100
100
50000 5000000
100
100
50000 5000000
100
100
50000 5000000
100
100
50000 5000000
100
50000 5000000
100
50000 5000000
100
100
50000 5000000
100
100
50000 5000000
100
100
50000 5000000
100
100
50000 5000000
100
100
50000 5000000
100
50000 5000000
100
50000 5000000
100
100
50000 5000000
-1
100
50000 5000000
100
100
50000 5000000
100
100
50000 5000000
100
100
50000 5000000
100
50000 5000000
-1
50000 5000000
100
100
50000 5000000
100
100
50000 5000000
100
100
50000 5000000
100
100
50000 5000000
100
100
50000 5000000
100
50000 5000000
100
50000 5000000
100
100
50000 5000000
100
100
50000 5000000
100
100
50000 5000000
100
100
50000 5000000
100
100
50000 5000000
-1
50000 5000000
100
50000 5000000
100
100
50000 5000000
100
100
50000 5000000
100
100
50000 5000000
100
100
50000 5000000
100
100
50000 5000000
100
50000 5000000
100
50000 5000000
100
100
50000 5000000
100
100
50000 5000000
-1
100
50000 5000000
100
100
50000 5000000
100
100
50000 5000000
100
50000 5000000
100
50000 5000000
100
-1
50000 5000000
100
100
50000 5000000
100
100
50000 5000000
100
100
50000 5000000
-1
100
50000 5000000
-1
50000 5000000
-1
50000 5000000
100
100
50000 5000000
100
100
50000 5000000
100
100
50000 5000000
100
100
50000 5000000
100
100
50000 5000000
100
50000 5000000
100
50000 5000000
-1
100
50000 5000000
100
100
50000 5000000
100
100
50000 5000000
100
100
50000 5000000
100
100
50000 5000000
100
50000 5000000
100
50000 5000000
100
100
50000 5000000
100
100
50000 5000000
100
100
50000 5000000
100
100
50000 5000000
100
100
50000 5000000
100
50000 5000000
100
50000 5000000
100
100
50000 5000000
100
100
50000 5000000
100
100
50000 5000000
100
100
50000 5000000
100
100
50000 5000000
100
50000 5000000
100
50000 5000000
100
100
50000 5000000
100
100
50000 5000000
100
100
50000 5000000
100
100
50000 5000000
100
-1
50000 5000000
100
50000 5000000
100
50000 5000000
100
100
50000 5000000
100
100
50000 5000000
100
100
50000 5000000
100
100
50000 5000000
100
100
50000 5000000
-1
50000 5000000
-1
50000 5000000
100
100
50000 5000000
100
100
50000 5000000
100
100
50000 5000000
100
100
50000 5000000
100
100
50000 5000000
100
50000 5000000
100
50000 5000000
100
100
50000 5000000
100
100
50000 5000000
100
100
50000 5000000
100
100
50000 5000000
100
100
50000 5000000
100
50000 5000000
100
50000 5000000
100
100
50000 5000000
100
100
50000 5000000
100
100
50000 5000000
100
100
50000 5000000
100
100
50000 5000000
100
50000 5000000
100
50000 5000000
100
100
50000 5000000
100
100
50000 5000000
100
100
50000 5000000
100
100
50000 5000000
100
100
50000 5000000
100
50000 5000000
100
50000 5000000
100
100
50000 5000000
100
100
50000 5000000
100
100
50000 5000000
100
100
50000 5000000
100
100
50000 5000000
100
50000 5000000
100
50000 5000000
100
100
50000 5000000
100
100
50000 5000000
100
-1
50000 5000000
100
100
50000 5000000
100
100
50000 5000000
100
50000 5000000
100
50000 5000000
100
-1
50000 5000000
100
100
50000 5000000
100
100
50000 5000000
100
100
50000 5000000
100
100
50000 5000000
100
50000 5000000
100
50000 5000000
100
100
50000 5000000
100
100
50000 5000000
100
100
50000 5000000
100
100
50000 5000000
-1
100
50000 5000000
100
50000 5000000
100
50000 5000000
100
100
50000 5000000
-1
100
50000 5000000
100
100
50000 5000000
100
100
50000 5000000
100
100
50000 5000000
100
50000 5000000
100
50000 5000000
100
100
50000 5000000
100
100
50000 5000000
100
100
50000 5000000
100
100
50000 5000000
100
100
50000 5000000
100
50000 5000000
100
50000 5000000
100
100
50000 5000000
100
100
50000 5000000
100
100
50000 5000000
100
100
50000 5000000
100
100
50000 5000000
100
50000 5000000
100
50000 5000000
100
100
50000 5000000
100
100
50000 5000000
100
100
50000 5000000
100
100
50000 5000000
100
100
50000 5000000
100
50000 5000000
100
50000 5000000
100
100
50000 5000000
100
100
50000 5000000
100
100
50000 5000000
100
100
50000 5000000
100
100
50000 5000000
100
50000 5000000
100
50000 5000000
100
100
50000 5000000
100
100
50000 5000000
100
100
50000 5000000
100
100
50000 5000000
100
100
50000 5000000
100
50000 5000000
100
50000 5000000
100
100
50000 5000000
100
100
50000 5000000
100
100
50000 5000000
100
100
50000 5000000
100
100
50000 5000000
100
50000 5000000
100
50000 5000000
100
100
50000 5000000
100
100
50000 5000000
100
100
50000 5000000
100
-1
50000 5000000
100
-1
50000 5000000
100
50000 5000000
100
50000 5000000
100
100
50000 5000000
100
100
50000 5000000
100
100
50000 5000000
100
100
50000 5000000
100
100
50000 5000000
-1
50000 5000000
100
50000 5000000
100
100
50000 5000000
100
100
50000 5000000
100
100
50000 5000000
100
100
50000 5000000
100
100
50000 5000000
100
50000 5000000
100
50000 5000000
100
100
50000 5000000
100
100
50000 5000000
100
100
50000 5000000
100
100
50000 5000000
100
100
50000 5000000
100
50000 5000000
100
50000 5000000
100
100
50000 5000000
-1
100
50000 5000000
100
100
50000 5000000
100
100
50000 5000000
100
100
50000 5000000
100
50000 5000000
100
50000 5000000
-1
100
50000 5000000
100
100
50000 5000000
100
100
50000 5000000
100
100
50000 5000000
100
100
50000 5000000
-1
50000 5000000
100
50000 5000000
100
100
50000 5000000
100
100
50000 5000000
100
100
50000 5000000
100
100
50000 5000000
100
100
50000 5000000
-1
50000 5000000
100
50000 5000000
100
100
50000 5000000
100
100
50000 5000000
100
100
50000 5000000
100
-1
50000 5000000
100
100
50000 5000000
100
50000 5000000
100
50000 5000000
100
100
50000 5000000
100
-1
50000 5000000
100
100
50000 5000000
100
100
50000 5000000
100
100
50000 5000000
100
50000 5000000
-1
50000 5000000
100
100
50000 5000000
100
100
50000 5000000
100
100
50000 5000000
100
100
50000 5000000
100
100
50000 5000000
100
50000 5000000
100
50000 5000000
100
100
50000 5000000
100
100
50000 5000000
100
100
50000 5000000
100
100
50000 5000000
100
100
50000 5000000
100
50000 5000000
100
50000 5000000
100
