1
4500 4500
0 532000 2048 1 2048 64 4096 2 4096 8192 4096 0 4 4 65536 4 8 512 411635 581522 722272 981770 0 131072 8 566145 149869 424751 2048 1024 9229 179669 16384 0 524288 256 8 721729 131072 844545 8192 65536 971399 604075 0 2048 256 32 230835 361751 762686 1024 602925 278739 8192 0 452935 524288 430210 562797 916285 8 699201 1009681 4096 131072 0 2048 1024 822571 497913 890003 65536 524288 334345 330372 2 0 79459 512 379382 8 907105 2048 16 487300 979151 663109 0 430711 632640 712503 773019 363522 262144 202003 383613 524288 86748 0 64 524288 16384 672362 2048 6599 64 217423 518554 756836 0 4 91216 254987 131072 131072 285577 64 551968 254210 32 0 128 16384 201308 601241 111874 128 2048 378720 128 866544 0 1006884 429460 512 256 8 942498 439876 728547 32768 676879 0 262144 16384 698522 22701 466602 143813 554785 765728 605876 422738 0 748496 256 716789 32 512 256 256 974844 48895 727237 0 189011 256 881730 32 32 179661 1 262144 5945 128 0 809112 855404 940675 784376 1034690 536551 32768 535474 16 520816 0 64 32768 338375 4096 65536 280834 32 131072 577287 341174 0 749574 472554 464906 169714 332565 8192 931629 792701 64 4096 0 582841 16384 970714 585630 343150 65536 930324 587926 65536 388287 0 31564 754150 4 466690 4 775463 131072 65536 128 4096 0 32768 300179 455531 65536 705581 32 64 512 656269 221671 0 324746 1033144 393354 955888 64 8 1024289 131072 500514 361104 0 231953 2 1 349696 8 870670 4 16384 8192 262144 0 869409 561255 65536 16 807131 1012834 262144 99664 171010 579941 0 262144 901528 8192 756195 64 571709 630331 64 512 712035 0 961910 753858 2 262144 65536 1 403157 289191 931432 151398 0 524288 510888 936830 210022 4096 706027 633098 50810 530626 8192 0 2048 32 696939 175953 511848 64 769522 843038 524288 32768 0 820009 914443 428560 1 128 846999 524288 524288 47087 32768 0 128 1009861 92152 65536 988162 355867 37615 395522 872155 57592 0 215023 1 16 820036 16 8192 262144 609577 48446 262043 0 4096 476907 890992 128 512 56067 800949 329508 490954 8 0 128 9791 401223 1024 64 723757 718195 2 16384 131072 0 226096 953711 65536 661938 512 8192 64 1045053 457042 64 0 631792 559415 732630 704549 32768 8 587046 757958 706040 823892 0 16384 4096 524288 128 691135 277691 1024 299316 668793 605581 0 133548 131072 128 64 290996 156887 512 1015126 232004 416008 0 260899 4096 4 153927 77338 256 891143 712362 923082 4096 0 2048 1024 563924 64 413524 32768 59665 524288 636686 54658 0 781776 16384 33211 806710 915618 468777 791249 483413 639928 659596 0 16 1024178 738680 16 20397 131072 503887 817314 508472 4 0 925312 629532 887630 683721 4 17592 412832 646426 512 810382 0 524288 4 16384 131072 817944 4096 802161 4096 177192 1006011 0 352160 512 8192 782147 25137 59450 524288 439237 431388 759338 0 4096 32 647226 512067 533791 172219 38258 484149 847490 30061 0 2 65536 94499 513314 797439 674403 8192 670016 400231 640858 0 404402 262144 16 792087 2048 305012 64 4096 49716 502015 0 583558 694381 853600 544777 65536 826143 32768 186135 8 835697 0 573183 64 262144 945159 8 575736 2 256 521640 269055 0 713682 524288 880240 861904 4 641138 524288 463341 764069 929376 0 32768 262144 653499 4 4 37054 835596 518802 247459 128 0 243572 961913 615227 885583 137475 4 429602 564499 417415 524288 0 623167 32 16 16384 72319 664149 32 128 744012 1024 0 32 1000718 426613 132863 524288 884888 946604 131072 2048 252871 0 584309 889678 32768 643368 871866 97379 376072 256 2048 132011 0 1033272 952968 308648 925043 199388 128 604847 32 4096 755186 0 483343 852775 256 80501 84942 548028 916062 596886 64 822818 0 1047788 154162 584206 986547 942608 16 4096 132505 777438 859383 0 107468 16384 512 524288 128 512 781966 588231 32768 1024 0 324777 96369 358473 256 900475 660873 524288 755070 4 140367 0 655374 900256 989746 2048 512 65536 790302 802633 4 637764 0 697882 226994 380050 418820 993407 565852 32768 784472 185540 18226 0 726390 671565 848998 707505 711670 610670 436159 986345 662892 128 0 262144 16 265732 503699 512 901762 1 81263 187942 802489 0 255558 131072 443557 808270 1042901 32768 512 512 32 2048 0 886792 16384 84335 364650 131072 834747 720739 16 192082 4 0 387484 415065 4 4096 128 802569 8 64 8192 58078 0 524288 1014357 512 621077 1029209 442254 409288 407918 19987 1035422 0 684487 262144 4 794263 169037 4096 775941 8 32137 841019 0 1024 832217 519090 803816 4096 959431 85980 463934 32768 524288 0 449542 512 457069 857653 1012555 955013 1047552 729674 280679 399944 0 1 730106 614371 49600 65536 512 8192 1 524898 2048 0 444692 378305 743219 2048 262144 1014573 671626 177330 1048482 4 0 772300 256 854820 521755 131072 2 153372 916388 966978 602453 0 2048 183467 133939 781257 2 104451 512 32768 623561 945828 0 764047 131072 645534 299897 572409 16384 162634 841920 1024 16 0 1024 261496 32768 1 8192 1034879 273623 381311 32768 932441 0 1000671 1024 63166 688098 1034525 737016 903298 32768 665296 184905 0 1024 874854 239702 128 492931 32768 512 1021071 533888 496847 0 2048 485718 262144 32 986925 131072 2048 512 256 262144 0 50719 927183 460518 4096 1 59164 512 16 512 542452 0 131072 256 420432 2048 2048 333640 504919 2048 2048 936787 0 64 235243 131072 729560 1031282 131762 81831 4 115491 118612 0 32 274984 64 8 256 128 683897 505105 23451 8 0 1527 510276 524288 16384 820033 723688 691793 272696 16 8 0 65536 530999 1 277101 262144 753459 897237 941694 634485 524288 0 992813 879085 110513 1 424713 8192 16384 32768 625206 2 0 12715 209909 612615 1029900 1 423159 1 512 385534 202833 0 563499 262144 128 205633 1025981 262144 768129 128 8 713655 0 16384 16 242130 271666 116097 16384 975031 932860 2048 288491 0 438549 842873 2048 637678 1024 965736 566159 131072 32 16384 0 512 728837 262144 1 402665 450630 155663 524288 64 539215 0 465270 262144 32 491061 699178 128 2 128 8192 2 0 832772 717527 14388 32 32768 100299 256 132280 65536 4 0 218952 4096 68300 708127 32768 592443 61160 32 390963 65536 0 262144 533068 407180 170600 144709 84332 610067 627567 256 524288 0 678652 4 597247 372259 363889 391529 65536 539295 56777 64 0 4 841115 256 538842 558377 2048 375273 131072 32 16384 0 19601 793843 1 340539 256 8 512 8 897554 978703 0 131072 787239 278716 424595 482830 441593 817912 4 816656 550765 0 447731 949464 203730 537924 32768 283186 29872 385910 65536 131072 0 576837 699061 980211 18677 914780 8 262144 815760 686411 710731 0 255965 675900 469120 154070 497423 16384 16384 780183 1 488823 0 805122 188894 128 680865 743425 4096 927736 317763 527407 831194 0 1025715 512 32768 988700 64 262144 46582 938034 723034 256 0 16384 16 747345 524288 65536 808709 524288 64 1033629 16 0 685900 256 64 65536 525657 864193 2 1 2 206497 0 512 57803 1024 262144 128 274365 32 405312 32768 958553 0 64790 269270 262144 382389 32 2 26717 8 210600 2 0 819969 792891 345678 256 64 1024 8 524288 627239 595348 0 59497 653185 792547 8192 524288 960521 768648 368547 560282 262144 0 16384 282509 101312 330144 710578 196721 26388 769774 894622 262144 0 611385 267896 262144 157118 814565 16 750516 16384 926149 8192 0 758983 9806 815268 683218 681475 697513 964197 16 589563 206642 0 790605 262243 15045 825808 184820 512 8192 180352 664812 16384 0 978768 814021 32768 64 606876 182215 256 243299 841364 198709 0 946304 996365 824766 309564 564420 1 732769 4096 340539 602320 0 385424 1024 524288 649681 947224 2 1 16 779268 785511 0 4 824234 1 265813 869991 887477 493823 568392 1 262144 0 2048 198599 641403 524288 131072 722798 524288 421184 473224 667837 0 2 334778 120024 4096 186438 408279 923478 16 949792 1 0 156074 569354 1 917148 169463 16384 131072 525666 512 512 0 984079 146400 736166 8192 1024 367592 32768 569373 627540 4 0 507290 417324 1 55633 64 702000 32768 2048 4096 16384 0 4096 260157 32768 818902 8192 16384 899465 131072 1 390050 0 801722 32768 713170 1024 4 903470 242277 1 879956 622320 0 945006 65536 869798 419034 1024 947828 524288 128 16384 134247 0 524288 889530 131072 610056 2405 923023 1 8192 459737 778866 0 433080 131072 518653 128 657976 4 489666 1024 859060 471933 0 995287 341142 256 64 356060 128 634462 81013 8 2 0 383777 234629 813465 2 8 8192 760765 32 262144 485842 0 32 854628 9962 64 4096 299650 539861 510265 2048 465831 0 90760 681005 8 2 982377 32 80715 524288 805592 242261 0 694078 32 4 949789 243933 503557 340524 724884 777624 143899 0 2048 32768 823056 8 1024 846829 1031556 2048 258801 421207 0 65536 999812 996818 8192 989058 818362 2 735163 2048 638362 0 607677 1008805 65536 133698 256 8192 524288 256 938016 256 0 865491 349761 8192 20198 319278 4 152791 16384 512 957454 0 524288 771787 517153 1010723 32768 64 1 443623 2048 4096 0 282586 250376 527300 592483 513005 1 4 447327 524496 32768 0 8192 256 32 760767 494529 2 527042 65536 924305 8192 0 2048 2 559930 424891 246020 1024 32 4096 32 539844 0 498175 153180 270887 2 823514 473981 588639 581454 2048 807536 0 296853 577982 935669 131072 8192 248926 64 937819 716117 571911 0 32768 64711 456280 37423 642029 148312 175576 195991 16384 1 0 851865 582553 4096 510315 908705 621485 524288 1008577 494196 8192 0 262144 524288 128 121723 435160 8 564985 2048 32768 407816 0 475701 238601 512 8192 262144 629923 16 742797 2 256 0 1024 256 774678 140613 4096 249641 1045848 680569 131072 859582 0 256 228445 753706 82133 961196 124207 2 220796 768055 859794 0 318644 724221 1024 262144 3836 192068 916433 898953 293596 64 0 853970 262144 993121 926137 5945 313817 32 182901 2048 58110 0 64 128 119331 296770 32 8 580916 642362 875246 1022719 0 481687 256 283684 8 262144 8192 534601 581983 754170 128 0 32 4096 32768 2 169460 247224 2048 333910 16384 664971 0 65536 915560 16384 158765 1 823037 16384 2 315065 537098 0 624592 355376 1024 789631 4096 4 485560 256 8 4096 0 896491 16099 2048 262144 854678 4 522098 2 634876 8192 0 223156 394287 16 158140 113027 65536 16 756555 693147 2 0 2 4096 1024 128 846872 925191 16384 876700 262144 26033 0 1 524288 8 846830 68531 1024 147048 958599 1014681 256 0 929068 2048 256 943782 1 906274 32768 309423 497861 450797 0 893446 256 254195 84905 459818 4096 64 920210 262144 131989 0 6135 66117 1 2048 512 837443 656630 131072 361417 644288 0 980171 32768 1024 803340 4661 831444 395203 930245 1024 2048 0 128 524288 256 87833 4096 140966 1002188 321952 64 262144 0 524288 478809 902426 918938 67634 945376 864949 50376 2 623993 0 8192 64 667776 878682 950670 61828 590126 606690 491300 65536 0 887340 105904 388527 4096 128 197064 552930 1 1030477 1 0 94275 32768 2 131072 2 935623 385589 164687 16 4 0 64 659756 433844 85107 683047 32 763868 620136 2 32 0 131072 668295 465285 128 1024 131072 822144 384377 869052 262144 0 863824 207655 8 954911 93695 666532 862731 272408 1041542 143715 0 570647 517943 11749 345603 64481 16384 446579 4 760222 2048 0 8 896085 512 128 926328 932217 618044 59568 232714 540305 0 4096 16 509435 621164 168777 960118 65536 1 390606 680849 0 960699 32768 2 868505 131072 970972 377066 207022 16384 338851 0 112335 4 691668 191140 150601 8 512 890338 32 131072 0 986146 662153 4 683612 780906 702912 512 2 4 128 0 919534 398246 256 8192 16384 723676 1033315 16 715349 16384 0 16 653877 480668 4096 65536 672678 877160 2 512 495125 0 149068 887454 294369 114431 450915 65536 1029875 2 148284 4 0 262144 383494 524288 850522 301716 262144 188321 705421 1 524288 0 16 1024 323399 787416 4 32768 32 32768 2 837366 0 691064 1 32 847057 705312 653456 16 1 32 128 0 931611 172221 69815 876164 8 1014948 115834 32768 624187 65536 0 836150 16384 927645 656353 4 8 987170 613454 64 645951 0 807824 940013 524288 944026 963004 896840 116113 945051 16384 1 0 212507 131072 679252 64 647576 64 880300 808279 2 1044097 0 524288 1 128 4 4 262144 807152 891483 2 803708 0 265840 89288 729622 914103 113845 253707 351530 2048 32768 256 0 975001 32 582434 524288 721128 177178 4096 8192 32 764188 0 524288 932557 230754 64 421839 16 832811 988816 16 281077 0 145550 550800 683225 953520 121825 1027793 78079 16 767916 18104 0 906686 568859 32 1024106 50016 474748 131072 900625 1 64 0 2048 8192 16 319591 97577 233183 297431 537441 989067 262144 0 444913 792906 16384 16 2 131072 312414 420645 27917 2048 0 131072 65536 353836 641394 242335 1005128 131072 699453 742874 176033 0 918104 522602 1024 2533 1024 128 1024 21725 976135 190089 0 941823 4 1040311 2 524288 4 4096 8192 32 262144 0 345325 256 304687 4096 2 444540 65536 64 32768 32 0 8 56713 532739 4 64 1024 72541 64 612341 955095 0 16 541436 1 401782 105489 60514 180966 573076 32768 794824 0 409084 44679 755123 466972 934396 262144 927341 480372 150698 8192 0 683118 868367 89054 128 345695 7434 569998 381803 270101 869849 0 2048 969095 391134 424485 781377 64 2048 268763 926981 365235 0 1 259045 506389 16 64 844286 668227 262144 770919 589036 0 931487 4096 67038 715171 8 131072 1045804 16384 246901 732532 0 846220 203732 16 188144 262144 131072 671430 16384 131072 8192 0 662385 739295 32 2 146101 90159 512 8 583415 65205 0 65536 114854 16384 131072 2048 346636 965571 4096 32768 2048 0 8192 4 625541 1024 45201 638032 32 274803 1024 420930 0 700891 128 2048 16384 1 387153 346145 256 936700 768914 0 1020724 54396 16384 32 863822 605453 16 562467 299052 109811 0 617020 710256 128 679292 489478 128 914462 4 146243 524288 0 524288 797868 2 2 161924 268662 131072 497369 79833 131072 0 710552 452472 16 153454 639133 32 64 550041 127473 332713 0 245463 566135 8192 40692 669724 347297 669711 989522 64 25987 0 999480 700920 4096 1024 65536 602203 782781 506374 524288 791709 0 394862 524288 65536 709329 218917 1024 64 64 965064 808223 0 16384 4096 4096 556975 989626 512 131072 2048 389274 8192 0 16 256 714360 1 125970 524288 209445 992580 770448 32 0 32 1003541 89035 506285 4 1024 1 16384 609675 32768 0 32 524288 448673 176494 32 195244 356356 454110 150145 744079 0 1044960 975770 32 36402 565738 565181 245010 1029946 2048 64 0 524288 337885 207074 96111 64 16384 4096 1 65536 8192 0 872090 131072 874399 65536 733895 596558 632268 607862 299157 617419 0 167082 256 61412 730335 603608 16 1 2048 8192 524288 0 2048 16 4 4096 904754 187701 976540 512 4 2 0 255148 35965 638922 678640 32768 221861 131072 957904 1040153 1 0 911506 70288 840139 624992 128 908801 128 569519 336267 1015965 0 800187 467389 764829 8 358708 4 2 16 1005298 776504 0 443848 806294 2 483672 599933 929241 2048 880365 283248 80758 0 805584 324245 32768 262144 541208 513107 93785 2 4096 65536 0 524288 745186 8 8 1024 32768 16 276038 64 574781 0 369193 65536 681328 1 2048 480604 128 65536 336624 776402 0 262144 524288 32768 512 4096 875021 869406 847735 974015 131072 0 264559 4096 856645 4096 31058 710190 4096 393103 520682 16 0 812288 433282 65536 107566 49131 557318 761661 690283 111870 262144 0 262144 959005 172249 524288 4096 16 586041 982023 393827 16 0 524288 16 247067 1024 149796 32 800496 1024 131072 1 0 838446 4096 1 1 1027937 597341 1043376 32 4 16384 0 775275 128 552071 752356 2 614110 2048 2048 52725 43775 0 256 891821 252072 573877 2 32768 652568 534525 2048 313249 0 316660 256 594811 938353 8 8192 145716 4096 8192 524288 0 812602 512 856636 541645 65536 822781 8 65536 245528 874886 0 131072 230973 32 16 268631 32 82592 390171 65536 489650 0 839365 321087 64 786823 2048 737496 1 285611 787809 512 0 955740 323940 499518 1024 1 760435 85840 15225 4096 188820 0 731574 118349 256 32768 257650 990401 16 64 1007406 2 0 65536 552672 32768 1005713 437857 801146 498825 1004536 128 233290 0 519320 282178 131072 87968 305513 888172 136847 524288 239244 681708 0 273135 27173 273805 16 952861 295516 758746 22945 726014 524288 0 32 64 28722 860181 64 4096 727137 8 284902 645017 0 2048 262187 128 954546 262144 559114 812371 2048 49678 584545 0 69065 4 256 820370 847944 494441 128 256 2048 1003098 0 16384 416601 8 16 498799 32 8 1023658 826384 503578 0 863752 771956 840098 975520 521804 16 762339 2048 4096 941419 0 128 16384 131072 8192 192744 1021813 485756 464334 16 287905 0 176601 2048 2048 353450 1 1 610698 911866 300398 378069 0 16384 524288 373113 16 1024 957442 422473 256 524288 567250 0 262144 16384 16384 8 213532 174835 2 905484 1044680 127639 0 8192 2 150895 476182 245098 500494 518951 417396 2 128 0 4 85926 1024 687271 1021241 561385 128 2 792981 524288 0 317791 32768 486497 512 128 275825 1024 854075 356905 16384 0 2048 8192 16 262144 309391 65536 485478 4096 803128 65536 0 872820 116800 579824 262144 32 4096 512 16384 8 477677 0 974686 512 659970 219613 64 222518 32768 131072 1014789 65536 0 199215 512089 26999 711138 2 117582 467391 524288 801040 105252 0 32 4096 8 8192 566240 636182 374588 292353 709994 237104 0 4 8 562265 827008 354977 32768 2048 8 517420 385922 0 210939 512 981413 17797 449483 1024 282771 256 32 724529 0 675143 323778 871220 16 4 2048 656968 106581 226015 1 0 4096 842099 922822 975458 128 615964 117207 32 32 16 0 65536 2048 2 1 362970 65536 16 256 32 415267 0 337269 2048 1024 40204 298210 374794 903599 262144 616208 322954 0 509600 936379 32768 533567 1 128 524288 2048 8 194283 0 32 1042457 242150 8192 131072 969459 492807 834123 512 1 0 262144 200921 512 805827 65536 4096 512 119933 788535 832215 0 11884 178991 2 1024 870561 1 111048 742544 135010 128 0 69233 2 4 64 62790 64 32 998473 312804 16384 0 128 131072 134531 122925 128 128 8192 65536 21290 1 0 901718 450634 501805 42987 2048 636575 1 242473 844147 168417 0 20548 170177 256 1022204 725028 64 524288 998701 146141 942840 0 889796 131072 4 2 8192 652342 8192 173585 4 484503 0 655627 131072 906705 32 517987 32768 16 391144 853439 262144 0 512 980402 127399 23242 16384 538866 8 758782 487425 1024 0 553003 699567 1040372 4096 4 262144 131072 234823 295177 886966 0 8 32768 795171 546595 97199 64 326521 2048 512 19471 0 852662 262144 8192 16 127612 524288 289731 771712 8 2 0 74320 86980 921071 8 262144 907686 466921 48549 117862 64 0 798405 8192 742747 6352 293618 790065 18126 807458 2 759997 0 750347 2048 65536 2048 524288 882259 821461 54085 850716 995414 0 808896 65536 268922 4096 906068 250094 512 1 1024 712596 0 8192 533408 781469 8192 8192 16384 697575 321892 25570 8932 0 32 986368 8192 2048 800214 1023157 163592 16384 27952 883603 0 419416 114824 112085 953752 781317 563968 16384 131072 2 853357 0 128 128 85584 8192 980799 32768 4096 255621 207374 872016 0 8192 32 952084 977847 751290 686003 864643 16 673901 1006272 0 16 45048 64 4 699567 524288 190254 256 16 460429 0 1021932 4096 416625 4 2 16962 16676 1021090 147185 512 0 787345 2 917991 336491 16384 646975 704206 16 4 8 0 65536 359926 215974 685368 524288 352122 4096 4096 787726 262144 0 262144 967251 8192 833324 131072 657538 256 1 33321 4096 0 433241 32768 262144 15721 535284 256 331176 32768 512 1024 0 868777 252802 64 784556 560794 1029158 1024 495191 63715 914520 0 128 749595 8 239926 761105 547528 321657 710195 927185 211635 0 196145 8192 121438 774940 313912 32768 4 64 755001 43648 0 32 641999 822767 2 8192 831828 678825 16 131072 8192 0 256 364378 4 835694 65536 695447 268753 128 8192 699369 0 986748 8 32 344874 435813 550016 913452 1043709 287965 793532 0 8 512 318078 623463 4 965444 1037208 415884 860864 382585 0 2048 512 1 417072 798549 1027829 1024 562708 64 789724 0 384755 8 131072 908623 664783 16 4 134245 131072 1 0 1 212882 256 885954 1 312957 512 833104 383616 402254 0 524288 396326 327584 485486 943803 964342 367326 424817 154732 867312 0 237375 210191 508805 128 512 940805 280098 131072 718347 708340 0 525258 405273 262144 593652 556543 1024 228624 805691 16 64 0 2048 163467 150683 2048 2048 730144 2 4 1 107336 0 725883 634626 32768 16 71429 936510 658516 8192 944063 512 0 2048 347002 181138 246645 626521 676418 76741 128 307950 64 0 336487 418695 128 704362 4 1032681 64 2048 882130 862105 0 550848 970303 738389 535947 474945 382700 524288 4 4 16384 0 128 8 37280 388488 311425 178457 8192 231529 16384 65536 0 974035 65536 131072 800728 922090 344952 1 691933 32768 65536 0 512 524288 16384 32 453230 131072 553727 131072 4 396746 0 21032 442138 262144 64 256 131072 1024 154147 366665 741335 0 162190 434705 256 1024 4096 1 4750 897407 849118 943949 0 1044637 84095 85534 262144 931835 740518 524288 16 371749 16384 0 4096 256 375261 499664 996425 32768 188833 484181 256 262144 0 751930 705384 256 1006287 689414 32 131072 200455 4096 634479 0 1 96417 181354 32 473144 391983 131072 1024 633837 4096 0 801533 105578 101042 838583 240706 1024 823965 436650 416484 524288 0 642072 553940 16384 926345 340124 64 804543 16 679042 477466 0 262144 512 273648 599104 634225 944130 796208 566034 4096 272920 0 605807 259576 100128 8 840890 37689 16384 75249 883083 16 0 16384 522179 183870 65536 764975 622799 8192 166408 601335 128 0 590748 524288 4 665959 364992 2048 675445 205948 262144 1021693 0 4096 4 8192 356764 4096 8 16384 582850 331872 16384 0 398100 8192 694055 313853 4096 256 787286 8 626589 101002 0 112177 90213 128 131072 4 256 8 189968 441234 512 0 1 350084 646644 62413 182119 13073 8192 324559 256 1 0 670774 556309 1 231127 471949 1 4096 1 95688 638458 0 256 719713 580832 655228 435655 65536 32 65536 64 711480 0 262144 4 262144 172746 550688 8 82701 509530 743007 645527 0 256 68681 256 105209 64 32768 64 262144 910776 131072 0 262144 210019 895363 262144 549839 948008 304327 476394 32 970084 0 846739 477040 245748 524288 420563 743442 228164 1011594 609239 8192 0 131072 547196 65536 64 560156 36027 990597 282076 938492 201500 0 16384 2 4096 464297 1024 474306 933599 64 685343 4096 0 408864 597518 128 1 16 65536 2048 32768 563672 32768 0 512 131072 8 504104 580304 91327 8192 797391 16 70580 0 117761 691133 1 65536 524288 95400 99472 128916 254205 972141 0 64 82073 2048 2 636348 16384 746200 64 116311 308355 0 65536 521686 521928 728533 65536 4 58085 588789 580775 16384 0 668724 8192 8 126245 278427 512 2048 783618 131072 239720 0 697642 2 153489 16384 280344 32768 262144 817195 418872 368229 0 603953 803821 16 2048 2048 211591 913794 16 32768 558071 0 663617 149765 652649 898026 512 32 524288 644872 179564 300690 0 25559 2048 835450 64 200279 174913 128 744690 817292 524288 0 141193 32768 906411 262144 87790 524288 128 8 26177 522440 0 650631 355613 618182 998667 4 1012193 65536 543198 1009387 1019702 0 32768 32768 131072 95494 524288 976990 128 18661 265480 128 0 402627 116438 2 262144 25464 262144 639456 77514 4096 32 0 157509 276050 588790 64 1 201010 2 16384 4 4 0 520913 8 341930 953059 8192 65536 65536 415033 771339 8 0 794073 792532 262144 612050 526494 1024 262144 253467 307334 986227 0 339049 626838 1013148 32768 827303 12283 65536 2 16384 2 0 128 2048 16384 8192 32 128 4096 64 4096 8 0 177525 968279 215359 262144 413969 928545 1 466801 1 4096 0 32 521994 923746 65536 809593 524288 240500 368807 4096 262144 0 580808 953255 642333 1024 524288 128 529096 16384 262144 531595 0 8 647020 131072 512 249967 262144 32768 1009127 481599 512 0 16 31504 62074 262144 32 2048 16384 334083 209099 64 0 8192 131072 1 350269 65536 4096 8192 805211 29662 515750 0 1 618507 555336 524288 916914 131072 520374 750200 498755 288168 0 537181 131072 820461 8 1048382 803072 884534 557081 922101 32 0 32 32 240608 2048 128 657596 767284 644623 64 1037751 0 186742 4 265781 437652 512 775573 2048 916205 450743 51802 0 598283 581801 273010 544855 64 16384 128 194984 131072 1 0 994929 4 131072 115985 335954 510740 512 618418 210189 387063 0 4 4 149915 512 986250 444066 8 32768 204769 4096 0 746118 69969 289885 290769 464005 32768 1024 243995 1024 8192 0 2 57940 64 731372 248907 65536 1 524288 826418 8192 0 8192 793285 131072 16384 131072 471497 2 15194 114358 2048 0 262144 8192 285365 280766 512 17165 32768 469587 960471 16 0 128 656070 262144 376746 529206 347615 443036 116463 566808 256 0 4 64 44350 2 976235 257423 2048 90459 456475 2048 0 262144 16 461336 8192 53407 512 8192 16384 326932 51812 0 10887 16384 169332 934081 104289 134316 262144 32 13221 428217 0 95141 770935 855375 419792 1 139000 819804 989398 355307 4096 0 619016 828729 273879 1034885 77888 655083 256337 16384 131072 8 0 4096 512 2 742247 134982 524288 2 16384 22110 8 0 929957 875945 371491 984657 32 935206 131072 220243 632875 32768 0 111330 524288 128 271738 209678 32768 262144 970975 356245 1019712 0 1 1 262144 435342 978189 363392 830129 18662 885270 512 0 329060 124983 913759 123515 1 16 94179 597544 64 902642 0 2048 627875 605493 512 65536 1042692 8 256 419672 890813 0 65536 870853 32768 471119 430479 135519 116603 65685 64 910023 0 575179 62016 8 767683 186535 256 128 444618 199122 592823 0 419650 65536 8 495640 1024 512 1039062 995617 4096 524288 0 174484 64 931604 171301 445076 864547 2 843445 97686 503255 0 262144 4096 262144 224746 105661 4 132304 978437 681874 797233 0 892378 2 184691 512 514887 64 721747 1038262 8192 32 0 950603 466157 79811 888554 512 524288 128 507569 527639 2343 0 636700 487616 2048 156790 562631 508988 262144 653202 1 1012905 0 64 496529 1024 487294 1024 2048 8 128973 132630 135660 0 4096 342756 968684 103717 364936 1024 64 4 255569 767183 0
1 2
1 3
3 4
1 5
4 6
4 7
2 8
3 9
7 10
8 11
5 12
6 13
11 14
5 15
1 16
2 17
6 18
11 19
9 20
10 21
21 22
21 23
1 24
14 25
15 26
24 27
2 28
1 29
19 30
19 31
20 32
25 33
14 34
18 35
31 36
36 37
7 38
29 39
36 40
5 41
8 42
7 43
5 44
13 45
35 46
6 47
29 48
41 49
43 50
10 51
5 52
3 53
42 54
32 55
53 56
38 57
9 58
44 59
23 60
55 61
46 62
13 63
12 64
25 65
33 66
14 67
57 68
46 69
1 70
23 71
40 72
39 73
31 74
30 75
62 76
70 77
49 78
57 79
19 80
20 81
6 82
58 83
74 84
17 85
16 86
53 87
27 88
64 89
72 90
6 91
51 92
54 93
45 94
61 95
60 96
81 97
4 98
52 99
87 100
18 101
96 102
11 103
94 104
3 105
14 106
90 107
96 108
77 109
38 110
31 111
40 112
36 113
37 114
1 115
1 116
29 117
111 118
76 119
38 120
26 121
1 122
64 123
15 124
62 125
105 126
113 127
71 128
11 129
56 130
59 131
80 132
18 133
108 134
54 135
34 136
42 137
5 138
23 139
47 140
84 141
13 142
84 143
44 144
121 145
45 146
117 147
75 148
99 149
89 150
47 151
64 152
44 153
43 154
105 155
61 156
66 157
31 158
30 159
21 160
103 161
109 162
116 163
140 164
132 165
116 166
82 167
136 168
41 169
124 170
54 171
166 172
139 173
128 174
64 175
173 176
107 177
53 178
33 179
134 180
98 181
124 182
50 183
95 184
111 185
56 186
107 187
30 188
59 189
13 190
92 191
32 192
34 193
99 194
81 195
5 196
113 197
145 198
120 199
94 200
75 201
150 202
23 203
25 204
122 205
75 206
100 207
92 208
6 209
69 210
34 211
87 212
205 213
28 214
80 215
163 216
102 217
132 218
206 219
151 220
101 221
80 222
32 223
111 224
116 225
129 226
172 227
168 228
164 229
221 230
64 231
10 232
192 233
114 234
65 235
96 236
200 237
30 238
31 239
44 240
218 241
226 242
108 243
242 244
22 245
28 246
26 247
72 248
90 249
198 250
110 251
160 252
236 253
200 254
171 255
198 256
36 257
251 258
161 259
54 260
60 261
183 262
98 263
104 264
137 265
19 266
185 267
36 268
166 269
78 270
220 271
94 272
135 273
212 274
22 275
141 276
30 277
185 278
51 279
245 280
143 281
151 282
203 283
117 284
128 285
56 286
273 287
186 288
114 289
230 290
78 291
243 292
35 293
170 294
194 295
24 296
196 297
218 298
188 299
249 300
176 301
84 302
262 303
36 304
280 305
177 306
201 307
42 308
235 309
14 310
165 311
254 312
118 313
139 314
57 315
74 316
4 317
153 318
255 319
248 320
232 321
131 322
137 323
273 324
241 325
208 326
315 327
183 328
229 329
217 330
16 331
87 332
227 333
169 334
3 335
146 336
254 337
299 338
162 339
305 340
74 341
28 342
225 343
147 344
334 345
128 346
336 347
244 348
333 349
60 350
233 351
286 352
256 353
197 354
188 355
140 356
241 357
211 358
150 359
231 360
93 361
21 362
167 363
289 364
119 365
360 366
98 367
243 368
93 369
364 370
39 371
307 372
2 373
344 374
346 375
286 376
340 377
85 378
278 379
253 380
112 381
349 382
381 383
279 384
18 385
116 386
331 387
171 388
162 389
155 390
150 391
137 392
173 393
58 394
58 395
333 396
279 397
327 398
318 399
32 400
32 401
152 402
166 403
61 404
104 405
245 406
70 407
369 408
4 409
250 410
384 411
233 412
57 413
21 414
121 415
251 416
263 417
405 418
146 419
359 420
318 421
407 422
186 423
410 424
290 425
260 426
257 427
409 428
32 429
161 430
425 431
189 432
109 433
335 434
216 435
116 436
288 437
437 438
418 439
110 440
137 441
106 442
119 443
123 444
24 445
434 446
148 447
303 448
72 449
338 450
141 451
365 452
11 453
326 454
28 455
7 456
416 457
315 458
61 459
15 460
290 461
242 462
444 463
75 464
192 465
223 466
417 467
332 468
305 469
66 470
455 471
179 472
235 473
2 474
410 475
33 476
465 477
208 478
193 479
24 480
209 481
437 482
172 483
228 484
479 485
403 486
400 487
399 488
160 489
251 490
472 491
446 492
460 493
44 494
285 495
154 496
274 497
62 498
451 499
91 500
348 501
30 502
94 503
386 504
336 505
211 506
114 507
182 508
139 509
216 510
453 511
479 512
1 513
262 514
237 515
440 516
354 517
292 518
124 519
289 520
426 521
28 522
346 523
508 524
174 525
383 526
188 527
70 528
390 529
458 530
375 531
230 532
34 533
372 534
455 535
376 536
195 537
338 538
100 539
29 540
188 541
535 542
162 543
238 544
434 545
49 546
256 547
338 548
538 549
461 550
368 551
87 552
292 553
421 554
392 555
495 556
420 557
40 558
2 559
11 560
341 561
278 562
487 563
79 564
141 565
45 566
262 567
522 568
31 569
220 570
73 571
66 572
375 573
386 574
307 575
205 576
374 577
269 578
65 579
571 580
141 581
153 582
267 583
156 584
414 585
121 586
557 587
166 588
399 589
250 590
462 591
183 592
307 593
141 594
54 595
405 596
297 597
9 598
194 599
459 600
582 601
154 602
142 603
168 604
425 605
52 606
149 607
519 608
45 609
302 610
294 611
558 612
598 613
184 614
389 615
323 616
241 617
518 618
8 619
44 620
83 621
48 622
602 623
363 624
108 625
254 626
362 627
75 628
28 629
443 630
466 631
513 632
473 633
206 634
279 635
628 636
53 637
618 638
298 639
412 640
164 641
309 642
419 643
413 644
192 645
345 646
236 647
455 648
353 649
313 650
155 651
291 652
78 653
620 654
303 655
198 656
531 657
421 658
655 659
35 660
461 661
181 662
157 663
137 664
156 665
358 666
218 667
408 668
404 669
577 670
177 671
433 672
449 673
286 674
71 675
169 676
193 677
307 678
297 679
483 680
543 681
650 682
84 683
72 684
577 685
604 686
530 687
214 688
524 689
629 690
520 691
630 692
105 693
688 694
337 695
557 696
309 697
493 698
322 699
79 700
300 701
686 702
700 703
300 704
177 705
17 706
236 707
549 708
14 709
642 710
644 711
698 712
295 713
482 714
163 715
210 716
29 717
339 718
481 719
637 720
307 721
277 722
566 723
326 724
304 725
82 726
38 727
191 728
41 729
527 730
534 731
260 732
236 733
35 734
138 735
363 736
519 737
459 738
160 739
536 740
538 741
518 742
718 743
83 744
501 745
337 746
293 747
609 748
270 749
732 750
88 751
190 752
309 753
434 754
244 755
26 756
515 757
523 758
546 759
501 760
108 761
330 762
33 763
653 764
148 765
291 766
632 767
103 768
96 769
343 770
770 771
215 772
94 773
420 774
303 775
482 776
361 777
703 778
758 779
483 780
423 781
21 782
248 783
703 784
385 785
328 786
564 787
452 788
30 789
480 790
233 791
370 792
287 793
284 794
318 795
249 796
565 797
72 798
599 799
273 800
483 801
346 802
183 803
266 804
282 805
764 806
674 807
342 808
615 809
677 810
642 811
624 812
373 813
784 814
415 815
535 816
160 817
10 818
416 819
156 820
686 821
241 822
261 823
166 824
25 825
521 826
88 827
15 828
435 829
628 830
825 831
412 832
292 833
340 834
803 835
119 836
205 837
535 838
150 839
796 840
414 841
442 842
393 843
201 844
672 845
466 846
303 847
379 848
438 849
491 850
764 851
694 852
712 853
788 854
850 855
105 856
397 857
452 858
336 859
298 860
437 861
397 862
597 863
750 864
72 865
631 866
296 867
842 868
272 869
533 870
550 871
158 872
508 873
599 874
211 875
118 876
853 877
517 878
276 879
272 880
496 881
91 882
589 883
650 884
626 885
470 886
650 887
67 888
884 889
624 890
616 891
501 892
415 893
567 894
129 895
25 896
35 897
405 898
638 899
120 900
899 901
136 902
203 903
432 904
250 905
121 906
85 907
105 908
232 909
259 910
473 911
620 912
149 913
134 914
776 915
249 916
514 917
395 918
225 919
911 920
357 921
156 922
361 923
855 924
307 925
68 926
195 927
605 928
706 929
34 930
100 931
726 932
153 933
820 934
398 935
789 936
720 937
495 938
816 939
684 940
285 941
889 942
562 943
118 944
805 945
389 946
642 947
399 948
326 949
655 950
376 951
709 952
243 953
399 954
153 955
855 956
915 957
85 958
706 959
207 960
12 961
653 962
538 963
61 964
532 965
612 966
342 967
948 968
84 969
349 970
467 971
218 972
113 973
556 974
696 975
717 976
1 977
914 978
277 979
554 980
240 981
126 982
499 983
943 984
733 985
603 986
55 987
234 988
650 989
474 990
333 991
384 992
874 993
157 994
881 995
614 996
277 997
560 998
225 999
739 1000
172 1001
828 1002
228 1003
339 1004
581 1005
563 1006
642 1007
782 1008
926 1009
992 1010
93 1011
677 1012
744 1013
912 1014
113 1015
881 1016
964 1017
371 1018
501 1019
975 1020
510 1021
781 1022
168 1023
969 1024
44 1025
125 1026
606 1027
664 1028
494 1029
326 1030
512 1031
765 1032
228 1033
1033 1034
233 1035
52 1036
90 1037
845 1038
270 1039
38 1040
337 1041
145 1042
930 1043
788 1044
666 1045
624 1046
916 1047
263 1048
1028 1049
282 1050
628 1051
30 1052
761 1053
679 1054
400 1055
797 1056
329 1057
709 1058
294 1059
555 1060
831 1061
539 1062
35 1063
900 1064
738 1065
234 1066
637 1067
1032 1068
76 1069
909 1070
545 1071
752 1072
189 1073
471 1074
122 1075
199 1076
667 1077
896 1078
521 1079
333 1080
458 1081
297 1082
146 1083
983 1084
158 1085
377 1086
990 1087
1070 1088
137 1089
160 1090
5 1091
950 1092
991 1093
460 1094
348 1095
304 1096
1070 1097
445 1098
367 1099
184 1100
310 1101
1091 1102
97 1103
363 1104
821 1105
941 1106
1089 1107
206 1108
332 1109
823 1110
329 1111
1000 1112
280 1113
576 1114
321 1115
887 1116
697 1117
537 1118
291 1119
113 1120
708 1121
96 1122
698 1123
204 1124
607 1125
735 1126
88 1127
264 1128
577 1129
467 1130
465 1131
1126 1132
132 1133
636 1134
1083 1135
613 1136
657 1137
863 1138
703 1139
483 1140
549 1141
102 1142
84 1143
678 1144
814 1145
643 1146
1008 1147
292 1148
960 1149
421 1150
577 1151
721 1152
207 1153
493 1154
457 1155
40 1156
733 1157
941 1158
772 1159
1132 1160
930 1161
197 1162
624 1163
280 1164
462 1165
159 1166
1030 1167
1117 1168
618 1169
234 1170
253 1171
943 1172
30 1173
490 1174
428 1175
807 1176
577 1177
773 1178
546 1179
1019 1180
588 1181
516 1182
477 1183
397 1184
981 1185
448 1186
228 1187
678 1188
801 1189
456 1190
1003 1191
167 1192
782 1193
195 1194
131 1195
909 1196
92 1197
389 1198
286 1199
444 1200
583 1201
951 1202
728 1203
803 1204
823 1205
99 1206
714 1207
204 1208
122 1209
507 1210
190 1211
300 1212
1000 1213
1045 1214
461 1215
280 1216
423 1217
119 1218
736 1219
559 1220
248 1221
749 1222
309 1223
465 1224
171 1225
969 1226
529 1227
169 1228
888 1229
448 1230
1046 1231
663 1232
724 1233
46 1234
739 1235
1128 1236
713 1237
1041 1238
481 1239
19 1240
159 1241
1194 1242
834 1243
108 1244
399 1245
1127 1246
775 1247
455 1248
869 1249
1003 1250
191 1251
1123 1252
851 1253
596 1254
644 1255
301 1256
730 1257
1245 1258
931 1259
431 1260
436 1261
1143 1262
861 1263
27 1264
686 1265
611 1266
236 1267
492 1268
643 1269
1190 1270
594 1271
429 1272
1214 1273
642 1274
1242 1275
1042 1276
112 1277
734 1278
1036 1279
918 1280
828 1281
368 1282
554 1283
83 1284
294 1285
1016 1286
1243 1287
259 1288
178 1289
99 1290
911 1291
969 1292
300 1293
592 1294
605 1295
287 1296
330 1297
1170 1298
225 1299
673 1300
530 1301
815 1302
133 1303
791 1304
599 1305
106 1306
923 1307
1027 1308
511 1309
593 1310
1094 1311
248 1312
644 1313
1118 1314
974 1315
1014 1316
596 1317
151 1318
15 1319
173 1320
1114 1321
925 1322
649 1323
803 1324
865 1325
1182 1326
611 1327
105 1328
259 1329
1326 1330
26 1331
660 1332
609 1333
1022 1334
1088 1335
674 1336
805 1337
544 1338
601 1339
945 1340
444 1341
773 1342
1267 1343
421 1344
348 1345
1003 1346
464 1347
509 1348
1069 1349
322 1350
1211 1351
894 1352
591 1353
1154 1354
264 1355
26 1356
332 1357
523 1358
520 1359
268 1360
318 1361
384 1362
373 1363
672 1364
956 1365
586 1366
93 1367
117 1368
490 1369
918 1370
370 1371
881 1372
511 1373
713 1374
710 1375
1096 1376
662 1377
1313 1378
1034 1379
1216 1380
828 1381
1205 1382
404 1383
507 1384
1092 1385
913 1386
641 1387
792 1388
1197 1389
732 1390
983 1391
1260 1392
505 1393
1382 1394
413 1395
308 1396
1040 1397
840 1398
704 1399
1269 1400
928 1401
37 1402
675 1403
727 1404
1083 1405
4 1406
904 1407
526 1408
721 1409
1372 1410
1177 1411
908 1412
623 1413
40 1414
642 1415
538 1416
539 1417
1396 1418
1088 1419
774 1420
223 1421
282 1422
402 1423
951 1424
534 1425
1057 1426
1067 1427
200 1428
1383 1429
1141 1430
950 1431
5 1432
1286 1433
553 1434
99 1435
95 1436
1189 1437
1206 1438
1364 1439
1381 1440
1171 1441
476 1442
966 1443
516 1444
16 1445
169 1446
366 1447
51 1448
346 1449
1140 1450
980 1451
498 1452
788 1453
474 1454
397 1455
1043 1456
1210 1457
1246 1458
609 1459
903 1460
1007 1461
1192 1462
1042 1463
275 1464
719 1465
1111 1466
554 1467
135 1468
1398 1469
534 1470
815 1471
54 1472
1086 1473
1014 1474
1245 1475
1081 1476
1147 1477
470 1478
151 1479
1248 1480
442 1481
536 1482
872 1483
1407 1484
1259 1485
1231 1486
1161 1487
150 1488
71 1489
271 1490
604 1491
1461 1492
334 1493
1351 1494
1060 1495
996 1496
816 1497
581 1498
1356 1499
1050 1500
697 1501
105 1502
340 1503
301 1504
1242 1505
988 1506
1030 1507
245 1508
1330 1509
1415 1510
130 1511
1511 1512
1477 1513
347 1514
599 1515
214 1516
1328 1517
1028 1518
201 1519
56 1520
1225 1521
477 1522
514 1523
923 1524
1319 1525
521 1526
392 1527
263 1528
935 1529
525 1530
571 1531
997 1532
1492 1533
381 1534
445 1535
727 1536
704 1537
1074 1538
259 1539
1364 1540
1392 1541
818 1542
258 1543
1351 1544
808 1545
1015 1546
636 1547
448 1548
939 1549
1026 1550
76 1551
1045 1552
1361 1553
406 1554
986 1555
259 1556
740 1557
537 1558
508 1559
993 1560
349 1561
1544 1562
1119 1563
718 1564
718 1565
403 1566
1114 1567
332 1568
249 1569
513 1570
1552 1571
861 1572
1360 1573
519 1574
895 1575
465 1576
664 1577
850 1578
1273 1579
334 1580
410 1581
566 1582
645 1583
785 1584
803 1585
485 1586
1490 1587
556 1588
539 1589
1121 1590
40 1591
37 1592
1518 1593
899 1594
149 1595
1183 1596
55 1597
117 1598
965 1599
54 1600
973 1601
716 1602
917 1603
426 1604
1583 1605
341 1606
766 1607
382 1608
904 1609
597 1610
1338 1611
329 1612
1580 1613
579 1614
617 1615
1432 1616
1431 1617
517 1618
1107 1619
833 1620
1620 1621
803 1622
604 1623
260 1624
1089 1625
738 1626
1596 1627
391 1628
395 1629
383 1630
976 1631
279 1632
69 1633
758 1634
439 1635
1591 1636
1572 1637
898 1638
1235 1639
592 1640
230 1641
177 1642
1069 1643
203 1644
583 1645
1288 1646
1062 1647
627 1648
948 1649
1355 1650
1186 1651
258 1652
339 1653
1614 1654
450 1655
297 1656
453 1657
1402 1658
576 1659
1397 1660
535 1661
441 1662
1060 1663
1253 1664
1176 1665
1665 1666
1273 1667
430 1668
512 1669
786 1670
1513 1671
870 1672
1411 1673
356 1674
1488 1675
1229 1676
1537 1677
1241 1678
232 1679
136 1680
677 1681
953 1682
807 1683
1426 1684
316 1685
1242 1686
829 1687
1676 1688
190 1689
842 1690
1546 1691
710 1692
1610 1693
1311 1694
1650 1695
245 1696
452 1697
587 1698
614 1699
1083 1700
197 1701
626 1702
395 1703
384 1704
485 1705
446 1706
471 1707
700 1708
1287 1709
1707 1710
1077 1711
490 1712
636 1713
510 1714
1276 1715
1058 1716
342 1717
877 1718
1156 1719
1454 1720
1044 1721
1480 1722
999 1723
952 1724
1551 1725
44 1726
605 1727
199 1728
1149 1729
1646 1730
171 1731
1677 1732
1601 1733
412 1734
94 1735
1542 1736
38 1737
457 1738
1626 1739
472 1740
82 1741
508 1742
1627 1743
1442 1744
860 1745
1235 1746
595 1747
1490 1748
835 1749
1732 1750
1705 1751
524 1752
987 1753
1146 1754
1214 1755
1369 1756
172 1757
1563 1758
738 1759
626 1760
1571 1761
1476 1762
198 1763
1380 1764
1139 1765
1692 1766
58 1767
1296 1768
1223 1769
1713 1770
1464 1771
979 1772
306 1773
130 1774
1723 1775
1389 1776
345 1777
98 1778
797 1779
1648 1780
1461 1781
512 1782
52 1783
477 1784
1313 1785
1380 1786
452 1787
187 1788
222 1789
331 1790
1096 1791
1452 1792
403 1793
1324 1794
19 1795
160 1796
566 1797
1129 1798
33 1799
1483 1800
1613 1801
635 1802
803 1803
714 1804
576 1805
52 1806
1283 1807
41 1808
1745 1809
892 1810
1382 1811
516 1812
1228 1813
853 1814
1629 1815
301 1816
773 1817
1493 1818
367 1819
1094 1820
777 1821
988 1822
1669 1823
1742 1824
1125 1825
127 1826
35 1827
996 1828
1063 1829
1691 1830
1604 1831
1726 1832
957 1833
1386 1834
429 1835
1568 1836
664 1837
318 1838
1724 1839
495 1840
1413 1841
1683 1842
493 1843
664 1844
303 1845
972 1846
404 1847
674 1848
1618 1849
460 1850
1261 1851
1225 1852
651 1853
93 1854
951 1855
375 1856
683 1857
1761 1858
648 1859
882 1860
694 1861
951 1862
194 1863
469 1864
1624 1865
146 1866
1227 1867
1618 1868
1477 1869
1433 1870
863 1871
979 1872
1498 1873
1844 1874
1683 1875
1038 1876
1599 1877
731 1878
142 1879
231 1880
28 1881
528 1882
1728 1883
1544 1884
967 1885
1676 1886
527 1887
235 1888
141 1889
1120 1890
1110 1891
320 1892
512 1893
1009 1894
1585 1895
660 1896
1813 1897
1309 1898
1469 1899
205 1900
1601 1901
518 1902
1116 1903
1199 1904
21 1905
1707 1906
138 1907
669 1908
877 1909
1697 1910
1767 1911
1279 1912
150 1913
704 1914
1705 1915
1234 1916
132 1917
550 1918
710 1919
952 1920
475 1921
1075 1922
755 1923
1220 1924
288 1925
712 1926
1400 1927
1217 1928
1301 1929
151 1930
245 1931
250 1932
816 1933
1024 1934
354 1935
1357 1936
1357 1937
1185 1938
1115 1939
1539 1940
1449 1941
757 1942
1003 1943
1258 1944
1037 1945
1868 1946
1209 1947
1889 1948
1438 1949
1022 1950
424 1951
1046 1952
454 1953
165 1954
265 1955
613 1956
167 1957
1613 1958
1262 1959
1533 1960
1012 1961
1885 1962
131 1963
43 1964
424 1965
1853 1966
1432 1967
1719 1968
625 1969
794 1970
962 1971
879 1972
1240 1973
1021 1974
1156 1975
1689 1976
246 1977
1034 1978
91 1979
606 1980
1630 1981
985 1982
314 1983
1608 1984
1813 1985
1659 1986
15 1987
1514 1988
51 1989
96 1990
1135 1991
68 1992
497 1993
1088 1994
1185 1995
231 1996
798 1997
258 1998
1202 1999
1559 2000
1269 2001
1810 2002
204 2003
1189 2004
1147 2005
1578 2006
586 2007
1307 2008
360 2009
300 2010
1460 2011
55 2012
1425 2013
326 2014
1275 2015
767 2016
660 2017
137 2018
492 2019
888 2020
195 2021
702 2022
896 2023
590 2024
1737 2025
1924 2026
1038 2027
1791 2028
601 2029
1053 2030
1764 2031
174 2032
679 2033
1949 2034
193 2035
1978 2036
1949 2037
385 2038
626 2039
1297 2040
1981 2041
333 2042
8 2043
994 2044
122 2045
1708 2046
1006 2047
658 2048
1443 2049
603 2050
851 2051
1820 2052
817 2053
609 2054
829 2055
1266 2056
92 2057
1842 2058
762 2059
1655 2060
1636 2061
2037 2062
763 2063
41 2064
74 2065
1969 2066
785 2067
241 2068
802 2069
487 2070
693 2071
1101 2072
531 2073
642 2074
1083 2075
775 2076
1370 2077
970 2078
116 2079
978 2080
1663 2081
874 2082
812 2083
1490 2084
801 2085
1961 2086
58 2087
1611 2088
1184 2089
1562 2090
744 2091
1688 2092
1705 2093
1830 2094
1552 2095
444 2096
302 2097
413 2098
419 2099
288 2100
1989 2101
1050 2102
1845 2103
1333 2104
1065 2105
48 2106
945 2107
37 2108
1784 2109
1031 2110
683 2111
486 2112
873 2113
22 2114
2074 2115
1132 2116
162 2117
843 2118
1256 2119
1520 2120
1392 2121
657 2122
372 2123
920 2124
1125 2125
173 2126
1504 2127
278 2128
1176 2129
1413 2130
647 2131
1607 2132
2023 2133
990 2134
1361 2135
142 2136
1779 2137
148 2138
652 2139
778 2140
101 2141
2092 2142
1997 2143
95 2144
511 2145
1185 2146
2050 2147
1995 2148
762 2149
1273 2150
1463 2151
127 2152
327 2153
1914 2154
1126 2155
1484 2156
403 2157
605 2158
1189 2159
291 2160
257 2161
1562 2162
1584 2163
1681 2164
1478 2165
590 2166
1856 2167
1932 2168
441 2169
1971 2170
44 2171
491 2172
1882 2173
782 2174
1751 2175
1256 2176
1308 2177
2138 2178
1250 2179
2098 2180
372 2181
451 2182
507 2183
1228 2184
586 2185
1297 2186
299 2187
976 2188
189 2189
812 2190
1114 2191
1311 2192
1448 2193
934 2194
284 2195
835 2196
1864 2197
782 2198
511 2199
1729 2200
1327 2201
166 2202
1720 2203
1948 2204
650 2205
1270 2206
1154 2207
1145 2208
508 2209
115 2210
122 2211
986 2212
211 2213
58 2214
360 2215
1791 2216
681 2217
1995 2218
173 2219
1342 2220
18 2221
1575 2222
1408 2223
1851 2224
283 2225
57 2226
954 2227
740 2228
51 2229
1505 2230
1064 2231
1909 2232
370 2233
1985 2234
891 2235
444 2236
1185 2237
179 2238
1644 2239
1209 2240
1850 2241
1776 2242
2132 2243
1305 2244
204 2245
1182 2246
1702 2247
2040 2248
1296 2249
1247 2250
357 2251
370 2252
2084 2253
946 2254
1763 2255
1670 2256
536 2257
50 2258
320 2259
1554 2260
1901 2261
899 2262
518 2263
540 2264
2110 2265
313 2266
1009 2267
100 2268
697 2269
923 2270
70 2271
152 2272
900 2273
283 2274
2152 2275
2240 2276
724 2277
1780 2278
152 2279
1227 2280
944 2281
1537 2282
1176 2283
468 2284
1183 2285
1386 2286
274 2287
2043 2288
2271 2289
1338 2290
1883 2291
123 2292
1395 2293
1727 2294
1900 2295
78 2296
2022 2297
474 2298
1855 2299
240 2300
829 2301
922 2302
2000 2303
2113 2304
261 2305
1966 2306
2283 2307
755 2308
2062 2309
594 2310
2100 2311
260 2312
717 2313
2211 2314
1625 2315
1175 2316
254 2317
1165 2318
1134 2319
783 2320
1028 2321
569 2322
2283 2323
573 2324
1837 2325
1760 2326
2051 2327
1401 2328
1601 2329
2032 2330
2263 2331
2228 2332
1783 2333
1892 2334
535 2335
840 2336
1975 2337
1937 2338
1544 2339
646 2340
875 2341
2136 2342
79 2343
231 2344
2315 2345
1121 2346
1401 2347
552 2348
116 2349
812 2350
1390 2351
725 2352
340 2353
203 2354
2314 2355
1009 2356
297 2357
1635 2358
850 2359
641 2360
828 2361
1457 2362
917 2363
1142 2364
1419 2365
208 2366
434 2367
2020 2368
2246 2369
2066 2370
944 2371
1658 2372
1330 2373
943 2374
2138 2375
495 2376
674 2377
91 2378
69 2379
175 2380
1697 2381
1037 2382
1515 2383
602 2384
1232 2385
1967 2386
30 2387
187 2388
306 2389
347 2390
242 2391
368 2392
873 2393
816 2394
1405 2395
1998 2396
569 2397
980 2398
1445 2399
417 2400
523 2401
1699 2402
552 2403
1538 2404
2337 2405
803 2406
2195 2407
1076 2408
2022 2409
919 2410
1394 2411
380 2412
526 2413
430 2414
2214 2415
2201 2416
750 2417
1731 2418
81 2419
1070 2420
1866 2421
1005 2422
1006 2423
226 2424
1083 2425
2132 2426
817 2427
1989 2428
159 2429
1965 2430
1435 2431
875 2432
953 2433
1289 2434
1495 2435
1222 2436
519 2437
1054 2438
666 2439
593 2440
936 2441
551 2442
1283 2443
542 2444
1979 2445
1254 2446
2434 2447
1579 2448
603 2449
2397 2450
989 2451
752 2452
2137 2453
1145 2454
1834 2455
2004 2456
152 2457
968 2458
1099 2459
1176 2460
588 2461
529 2462
158 2463
495 2464
2018 2465
721 2466
276 2467
860 2468
830 2469
984 2470
243 2471
797 2472
463 2473
359 2474
281 2475
306 2476
283 2477
1263 2478
191 2479
300 2480
1145 2481
641 2482
820 2483
2222 2484
1980 2485
1131 2486
954 2487
852 2488
235 2489
1189 2490
463 2491
209 2492
427 2493
1437 2494
2194 2495
1826 2496
1311 2497
406 2498
278 2499
1455 2500
499 2501
323 2502
1267 2503
1714 2504
1455 2505
275 2506
2177 2507
1403 2508
1957 2509
1126 2510
960 2511
35 2512
2173 2513
1129 2514
2405 2515
313 2516
2393 2517
1898 2518
2431 2519
1469 2520
1903 2521
1112 2522
1441 2523
38 2524
433 2525
342 2526
604 2527
68 2528
1866 2529
2076 2530
2508 2531
479 2532
511 2533
1614 2534
1723 2535
2308 2536
320 2537
146 2538
1415 2539
1752 2540
1788 2541
1395 2542
1698 2543
1519 2544
918 2545
1812 2546
532 2547
2183 2548
2415 2549
384 2550
609 2551
186 2552
499 2553
1547 2554
1812 2555
531 2556
2261 2557
431 2558
1302 2559
2351 2560
1268 2561
1895 2562
1770 2563
1806 2564
1047 2565
286 2566
2540 2567
1826 2568
2202 2569
1810 2570
2469 2571
1807 2572
351 2573
162 2574
2377 2575
703 2576
203 2577
301 2578
1554 2579
334 2580
1897 2581
1459 2582
294 2583
1932 2584
484 2585
1725 2586
912 2587
635 2588
778 2589
1111 2590
1689 2591
1554 2592
2485 2593
1683 2594
272 2595
633 2596
1461 2597
1728 2598
2151 2599
1736 2600
197 2601
287 2602
1868 2603
2205 2604
1898 2605
236 2606
2131 2607
2012 2608
2478 2609
1725 2610
1195 2611
304 2612
1756 2613
228 2614
322 2615
373 2616
1934 2617
1117 2618
697 2619
2183 2620
160 2621
1199 2622
541 2623
690 2624
2243 2625
713 2626
559 2627
1764 2628
331 2629
1263 2630
1362 2631
648 2632
1497 2633
2209 2634
1687 2635
78 2636
609 2637
1031 2638
1081 2639
318 2640
1439 2641
1965 2642
2142 2643
1026 2644
759 2645
1673 2646
1570 2647
349 2648
2413 2649
1055 2650
295 2651
1810 2652
414 2653
4 2654
1406 2655
1301 2656
2509 2657
1831 2658
129 2659
2051 2660
1069 2661
2365 2662
46 2663
957 2664
2621 2665
715 2666
2520 2667
926 2668
1973 2669
776 2670
1953 2671
2197 2672
454 2673
1004 2674
2312 2675
2137 2676
38 2677
1678 2678
1638 2679
1141 2680
2584 2681
195 2682
488 2683
716 2684
1601 2685
1526 2686
670 2687
2142 2688
2502 2689
1724 2690
637 2691
205 2692
1044 2693
980 2694
2502 2695
2601 2696
1120 2697
2496 2698
2635 2699
799 2700
327 2701
952 2702
758 2703
515 2704
567 2705
399 2706
1670 2707
1582 2708
1371 2709
2033 2710
177 2711
2164 2712
86 2713
2108 2714
1547 2715
1404 2716
2309 2717
2140 2718
2651 2719
1634 2720
1335 2721
2592 2722
867 2723
1460 2724
702 2725
1195 2726
1312 2727
220 2728
339 2729
1011 2730
2139 2731
2325 2732
2283 2733
826 2734
1414 2735
2731 2736
1267 2737
1088 2738
1617 2739
371 2740
740 2741
1169 2742
435 2743
476 2744
2318 2745
1006 2746
521 2747
119 2748
2649 2749
441 2750
1644 2751
1771 2752
41 2753
1655 2754
1107 2755
1686 2756
50 2757
479 2758
2280 2759
2347 2760
2448 2761
1096 2762
312 2763
752 2764
1935 2765
1008 2766
1830 2767
1903 2768
1876 2769
302 2770
416 2771
1536 2772
2708 2773
1098 2774
2030 2775
2384 2776
2118 2777
1903 2778
2149 2779
1238 2780
957 2781
112 2782
1224 2783
281 2784
1639 2785
1595 2786
1419 2787
2657 2788
874 2789
744 2790
1676 2791
1155 2792
2476 2793
2643 2794
2698 2795
1651 2796
1831 2797
1498 2798
2520 2799
2101 2800
1564 2801
1364 2802
409 2803
30 2804
949 2805
2730 2806
1619 2807
2505 2808
2398 2809
2147 2810
2300 2811
103 2812
1843 2813
2454 2814
538 2815
1780 2816
479 2817
1383 2818
1915 2819
2318 2820
1052 2821
234 2822
361 2823
848 2824
736 2825
2367 2826
2134 2827
737 2828
2653 2829
1223 2830
2076 2831
2614 2832
2659 2833
519 2834
1176 2835
1352 2836
1135 2837
1219 2838
440 2839
1683 2840
1294 2841
391 2842
2187 2843
488 2844
1920 2845
592 2846
2641 2847
2245 2848
45 2849
615 2850
719 2851
2615 2852
1927 2853
1123 2854
1344 2855
2586 2856
2520 2857
281 2858
2019 2859
362 2860
907 2861
859 2862
1052 2863
912 2864
1101 2865
2154 2866
1813 2867
691 2868
1068 2869
48 2870
398 2871
486 2872
2104 2873
462 2874
2160 2875
1081 2876
2539 2877
2785 2878
1506 2879
1547 2880
324 2881
2090 2882
277 2883
2672 2884
1714 2885
1497 2886
1197 2887
497 2888
2535 2889
1599 2890
2843 2891
2601 2892
1397 2893
1792 2894
2178 2895
1886 2896
880 2897
1338 2898
1500 2899
34 2900
1977 2901
2185 2902
1139 2903
2134 2904
596 2905
2103 2906
776 2907
936 2908
1660 2909
935 2910
1682 2911
1015 2912
2638 2913
1706 2914
1938 2915
2684 2916
132 2917
1775 2918
2703 2919
668 2920
100 2921
753 2922
265 2923
2192 2924
1545 2925
2862 2926
2745 2927
981 2928
2084 2929
613 2930
1596 2931
2741 2932
286 2933
1867 2934
741 2935
960 2936
2005 2937
191 2938
2716 2939
2429 2940
2759 2941
1616 2942
808 2943
490 2944
610 2945
1553 2946
1638 2947
264 2948
2720 2949
259 2950
1041 2951
155 2952
1383 2953
812 2954
2098 2955
2327 2956
2413 2957
1006 2958
2546 2959
1236 2960
256 2961
731 2962
811 2963
366 2964
1970 2965
2205 2966
2436 2967
2161 2968
1171 2969
1118 2970
1271 2971
1123 2972
577 2973
157 2974
1017 2975
2502 2976
2148 2977
2609 2978
1602 2979
2849 2980
590 2981
1 2982
880 2983
681 2984
2792 2985
422 2986
1281 2987
1546 2988
1888 2989
2733 2990
1590 2991
2730 2992
2592 2993
1184 2994
1495 2995
1607 2996
1773 2997
1049 2998
2865 2999
849 3000
1380 3001
893 3002
2950 3003
2462 3004
2882 3005
2979 3006
116 3007
594 3008
1966 3009
541 3010
8 3011
2449 3012
2470 3013
2431 3014
1869 3015
1444 3016
330 3017
2999 3018
627 3019
1813 3020
34 3021
547 3022
1296 3023
992 3024
480 3025
88 3026
367 3027
239 3028
1809 3029
1975 3030
56 3031
2295 3032
1656 3033
2875 3034
1807 3035
1115 3036
797 3037
1400 3038
2915 3039
254 3040
1373 3041
926 3042
792 3043
1198 3044
1514 3045
80 3046
1153 3047
1200 3048
463 3049
2932 3050
1386 3051
1985 3052
2099 3053
1761 3054
1949 3055
422 3056
558 3057
787 3058
2662 3059
2743 3060
381 3061
2914 3062
2419 3063
2736 3064
1263 3065
1624 3066
2795 3067
631 3068
2562 3069
2737 3070
994 3071
1198 3072
1928 3073
1793 3074
1521 3075
512 3076
258 3077
1393 3078
154 3079
1608 3080
1732 3081
959 3082
2245 3083
1036 3084
1852 3085
3063 3086
1202 3087
756 3088
54 3089
2931 3090
1161 3091
2480 3092
512 3093
2236 3094
1339 3095
1154 3096
2264 3097
1676 3098
33 3099
1438 3100
2616 3101
1546 3102
822 3103
1288 3104
2853 3105
770 3106
671 3107
1678 3108
1142 3109
1239 3110
788 3111
45 3112
324 3113
666 3114
1565 3115
2121 3116
2257 3117
301 3118
2305 3119
2185 3120
1489 3121
818 3122
2940 3123
731 3124
617 3125
1314 3126
2131 3127
2976 3128
1604 3129
1367 3130
1530 3131
1875 3132
803 3133
2429 3134
713 3135
876 3136
2970 3137
1679 3138
2319 3139
2051 3140
947 3141
368 3142
107 3143
919 3144
927 3145
711 3146
1359 3147
2578 3148
1783 3149
1960 3150
2818 3151
997 3152
1687 3153
215 3154
631 3155
2407 3156
178 3157
1181 3158
2277 3159
867 3160
457 3161
1289 3162
573 3163
2314 3164
1267 3165
2592 3166
173 3167
2352 3168
142 3169
1618 3170
1158 3171
272 3172
2974 3173
2161 3174
824 3175
267 3176
232 3177
2751 3178
1027 3179
2456 3180
2923 3181
2104 3182
2215 3183
2374 3184
2016 3185
770 3186
2651 3187
383 3188
691 3189
2951 3190
1394 3191
630 3192
321 3193
29 3194
3149 3195
18 3196
1593 3197
1581 3198
2543 3199
2725 3200
459 3201
2717 3202
1671 3203
3150 3204
1714 3205
1762 3206
1692 3207
2334 3208
1743 3209
833 3210
1062 3211
1364 3212
381 3213
2309 3214
1915 3215
2366 3216
1061 3217
3182 3218
1236 3219
1023 3220
601 3221
1035 3222
44 3223
3067 3224
2389 3225
884 3226
1043 3227
1181 3228
1472 3229
637 3230
1645 3231
1108 3232
3052 3233
199 3234
634 3235
669 3236
2415 3237
141 3238
400 3239
1713 3240
1313 3241
2160 3242
727 3243
730 3244
1625 3245
3067 3246
2548 3247
477 3248
2710 3249
1370 3250
2239 3251
2698 3252
1380 3253
3048 3254
622 3255
1888 3256
1279 3257
40 3258
1586 3259
1827 3260
2572 3261
873 3262
2106 3263
1986 3264
1652 3265
1775 3266
2342 3267
3115 3268
2582 3269
2203 3270
49 3271
1728 3272
224 3273
1522 3274
2642 3275
2323 3276
2037 3277
684 3278
2032 3279
2619 3280
836 3281
1388 3282
1447 3283
2658 3284
178 3285
3281 3286
988 3287
1377 3288
1610 3289
1916 3290
2888 3291
2537 3292
2771 3293
1779 3294
3093 3295
1796 3296
2666 3297
1023 3298
1191 3299
1822 3300
1420 3301
2595 3302
2452 3303
1008 3304
566 3305
377 3306
184 3307
731 3308
1991 3309
1217 3310
103 3311
1608 3312
2555 3313
1481 3314
978 3315
1634 3316
3047 3317
1795 3318
2762 3319
2806 3320
2722 3321
3248 3322
2236 3323
1632 3324
135 3325
1898 3326
2049 3327
1015 3328
1748 3329
430 3330
2000 3331
2075 3332
933 3333
3102 3334
2276 3335
2421 3336
2831 3337
348 3338
2953 3339
1697 3340
399 3341
254 3342
2331 3343
629 3344
17 3345
1351 3346
2084 3347
3231 3348
509 3349
1764 3350
353 3351
1509 3352
833 3353
3261 3354
2792 3355
1059 3356
3057 3357
1433 3358
573 3359
3011 3360
2667 3361
1851 3362
658 3363
3323 3364
3066 3365
2443 3366
2957 3367
953 3368
2479 3369
3352 3370
1247 3371
2981 3372
1876 3373
2461 3374
2992 3375
2197 3376
2001 3377
1740 3378
1344 3379
1208 3380
2243 3381
2053 3382
2255 3383
3233 3384
2457 3385
239 3386
176 3387
2297 3388
2975 3389
2487 3390
3151 3391
542 3392
2929 3393
2923 3394
2840 3395
691 3396
1655 3397
582 3398
2845 3399
2428 3400
2759 3401
1288 3402
1316 3403
2060 3404
3108 3405
2964 3406
1460 3407
3319 3408
412 3409
1231 3410
216 3411
2836 3412
601 3413
1013 3414
1491 3415
621 3416
1999 3417
2830 3418
830 3419
100 3420
967 3421
2335 3422
2414 3423
1094 3424
3093 3425
2951 3426
2987 3427
1541 3428
3153 3429
1920 3430
2638 3431
2920 3432
1054 3433
2348 3434
82 3435
2272 3436
459 3437
3293 3438
719 3439
824 3440
2153 3441
823 3442
2741 3443
2158 3444
2416 3445
3037 3446
540 3447
1336 3448
408 3449
2349 3450
2193 3451
1930 3452
3136 3453
3431 3454
3327 3455
3434 3456
2268 3457
1354 3458
1087 3459
2543 3460
2725 3461
1319 3462
1929 3463
1435 3464
3211 3465
3317 3466
1735 3467
3101 3468
617 3469
3450 3470
2571 3471
2080 3472
250 3473
159 3474
2774 3475
3446 3476
2970 3477
2194 3478
3108 3479
2000 3480
2773 3481
1002 3482
1812 3483
1190 3484
1653 3485
216 3486
2626 3487
1873 3488
2489 3489
1086 3490
3168 3491
527 3492
2931 3493
2481 3494
2299 3495
2237 3496
1317 3497
1947 3498
3051 3499
1876 3500
1020 3501
1244 3502
3314 3503
1818 3504
2441 3505
2182 3506
2567 3507
1001 3508
2306 3509
1483 3510
147 3511
1941 3512
2693 3513
1208 3514
3063 3515
1808 3516
2486 3517
936 3518
609 3519
3291 3520
1177 3521
1358 3522
1728 3523
217 3524
1743 3525
876 3526
32 3527
657 3528
2152 3529
243 3530
51 3531
89 3532
436 3533
1909 3534
1341 3535
1029 3536
2569 3537
1994 3538
2629 3539
2959 3540
1757 3541
447 3542
1756 3543
2075 3544
1015 3545
1079 3546
2614 3547
801 3548
1156 3549
907 3550
3284 3551
2448 3552
615 3553
691 3554
1490 3555
1636 3556
1600 3557
644 3558
2734 3559
1283 3560
2735 3561
3344 3562
2603 3563
1523 3564
2620 3565
376 3566
2532 3567
661 3568
2321 3569
2930 3570
3435 3571
2701 3572
1373 3573
876 3574
2273 3575
1131 3576
2839 3577
886 3578
1912 3579
1468 3580
3213 3581
2027 3582
1638 3583
607 3584
1954 3585
2150 3586
2479 3587
607 3588
2303 3589
3103 3590
1058 3591
862 3592
1437 3593
1636 3594
1743 3595
1430 3596
594 3597
1203 3598
3286 3599
983 3600
737 3601
2630 3602
3064 3603
2300 3604
2832 3605
1676 3606
2089 3607
110 3608
3552 3609
1648 3610
3371 3611
399 3612
2899 3613
289 3614
1765 3615
3295 3616
2925 3617
209 3618
1339 3619
2949 3620
346 3621
1779 3622
2473 3623
2284 3624
2053 3625
3092 3626
2358 3627
1736 3628
3201 3629
3055 3630
1934 3631
1934 3632
2608 3633
2058 3634
1329 3635
1683 3636
2700 3637
2600 3638
2106 3639
10 3640
1165 3641
1620 3642
1133 3643
2630 3644
502 3645
3404 3646
1487 3647
168 3648
1991 3649
1850 3650
1900 3651
2356 3652
2011 3653
216 3654
2800 3655
840 3656
2495 3657
2478 3658
1121 3659
1279 3660
3386 3661
882 3662
3656 3663
2424 3664
1978 3665
1642 3666
3145 3667
759 3668
1326 3669
1137 3670
2216 3671
2720 3672
463 3673
1868 3674
200 3675
2800 3676
578 3677
459 3678
911 3679
1593 3680
1981 3681
638 3682
1877 3683
406 3684
2906 3685
600 3686
540 3687
3438 3688
1474 3689
712 3690
2510 3691
1994 3692
103 3693
1452 3694
928 3695
2976 3696
2021 3697
115 3698
2168 3699
2451 3700
492 3701
981 3702
754 3703
2414 3704
156 3705
92 3706
1416 3707
341 3708
3627 3709
2563 3710
2431 3711
3328 3712
551 3713
2477 3714
1247 3715
1574 3716
2709 3717
1854 3718
3008 3719
424 3720
2981 3721
987 3722
2763 3723
1710 3724
504 3725
262 3726
3470 3727
1278 3728
359 3729
819 3730
2993 3731
2042 3732
1100 3733
1290 3734
2345 3735
1131 3736
2045 3737
525 3738
2652 3739
2517 3740
1992 3741
1194 3742
3049 3743
3633 3744
2903 3745
596 3746
3441 3747
2893 3748
3717 3749
962 3750
1335 3751
615 3752
1569 3753
21 3754
165 3755
1807 3756
1744 3757
3045 3758
1707 3759
826 3760
3410 3761
448 3762
1743 3763
608 3764
166 3765
1805 3766
3447 3767
2436 3768
2937 3769
2661 3770
3408 3771
1185 3772
3678 3773
1253 3774
1003 3775
3587 3776
840 3777
392 3778
634 3779
3499 3780
3537 3781
1392 3782
514 3783
1895 3784
3128 3785
922 3786
861 3787
794 3788
37 3789
3755 3790
2080 3791
1633 3792
2426 3793
1579 3794
1898 3795
300 3796
3089 3797
2881 3798
707 3799
3508 3800
1458 3801
475 3802
2501 3803
1213 3804
1033 3805
2661 3806
1255 3807
1171 3808
2700 3809
2538 3810
3651 3811
1961 3812
484 3813
3417 3814
1373 3815
1082 3816
623 3817
3151 3818
387 3819
1836 3820
16 3821
1032 3822
2597 3823
673 3824
3164 3825
345 3826
156 3827
339 3828
1975 3829
1486 3830
3243 3831
1678 3832
1012 3833
3294 3834
3701 3835
1087 3836
1429 3837
795 3838
3802 3839
3467 3840
2199 3841
1046 3842
2477 3843
780 3844
2563 3845
914 3846
1575 3847
2140 3848
2259 3849
68 3850
443 3851
457 3852
2989 3853
3583 3854
1566 3855
2179 3856
3063 3857
2535 3858
826 3859
3595 3860
3642 3861
900 3862
3086 3863
1668 3864
2397 3865
281 3866
1874 3867
1834 3868
2467 3869
865 3870
2355 3871
264 3872
3264 3873
390 3874
3075 3875
594 3876
169 3877
848 3878
135 3879
3589 3880
1186 3881
3251 3882
20 3883
1998 3884
592 3885
3325 3886
2791 3887
3419 3888
1121 3889
1950 3890
1143 3891
737 3892
1553 3893
2293 3894
3333 3895
443 3896
1575 3897
2721 3898
1309 3899
2167 3900
3037 3901
1356 3902
1075 3903
1267 3904
3650 3905
1635 3906
2454 3907
1387 3908
3049 3909
735 3910
3454 3911
1214 3912
2323 3913
3324 3914
3873 3915
2197 3916
3313 3917
3189 3918
2872 3919
2214 3920
1658 3921
2231 3922
2544 3923
3354 3924
1885 3925
1446 3926
1245 3927
683 3928
3591 3929
551 3930
1404 3931
3925 3932
1925 3933
3509 3934
1243 3935
1172 3936
3851 3937
173 3938
2160 3939
1729 3940
1844 3941
3338 3942
138 3943
3406 3944
919 3945
2279 3946
174 3947
3483 3948
1671 3949
2126 3950
2554 3951
887 3952
1799 3953
1993 3954
2445 3955
12 3956
1461 3957
558 3958
3032 3959
1396 3960
2848 3961
3130 3962
1034 3963
2736 3964
1188 3965
797 3966
316 3967
658 3968
1503 3969
273 3970
1195 3971
2010 3972
1202 3973
2544 3974
1785 3975
2741 3976
2495 3977
3008 3978
2418 3979
2371 3980
2345 3981
328 3982
2714 3983
519 3984
343 3985
2759 3986
2441 3987
2470 3988
157 3989
1663 3990
932 3991
2612 3992
2194 3993
1343 3994
1069 3995
3772 3996
2605 3997
270 3998
2076 3999
4 4000
508 4001
3441 4002
2631 4003
2148 4004
3284 4005
2560 4006
3743 4007
772 4008
2301 4009
363 4010
1855 4011
1514 4012
3877 4013
3208 4014
3843 4015
3310 4016
701 4017
2258 4018
2022 4019
2086 4020
2996 4021
3766 4022
1601 4023
375 4024
1673 4025
3345 4026
1500 4027
706 4028
482 4029
1509 4030
1941 4031
2928 4032
3414 4033
2477 4034
799 4035
561 4036
1382 4037
1950 4038
2866 4039
362 4040
2976 4041
3885 4042
106 4043
3236 4044
3218 4045
2163 4046
1042 4047
1857 4048
1901 4049
2905 4050
3045 4051
3489 4052
3182 4053
3109 4054
2822 4055
2852 4056
663 4057
2764 4058
3854 4059
1791 4060
3557 4061
2691 4062
1396 4063
1683 4064
1779 4065
2921 4066
1154 4067
3445 4068
2434 4069
2120 4070
2762 4071
324 4072
1719 4073
2307 4074
2424 4075
579 4076
3994 4077
1236 4078
3824 4079
3590 4080
83 4081
325 4082
687 4083
3196 4084
1836 4085
2005 4086
2479 4087
3800 4088
2750 4089
3618 4090
2619 4091
3127 4092
2273 4093
2574 4094
1701 4095
729 4096
3210 4097
3102 4098
3663 4099
226 4100
144 4101
2744 4102
3297 4103
3294 4104
3791 4105
392 4106
1469 4107
3451 4108
1685 4109
2712 4110
3848 4111
3333 4112
1115 4113
2884 4114
3889 4115
2770 4116
2648 4117
1473 4118
1597 4119
177 4120
1662 4121
679 4122
3814 4123
2693 4124
2079 4125
3928 4126
1929 4127
3056 4128
2089 4129
3051 4130
75 4131
384 4132
2699 4133
2775 4134
661 4135
1379 4136
391 4137
1219 4138
377 4139
2073 4140
3410 4141
2530 4142
331 4143
3472 4144
2842 4145
3082 4146
3287 4147
2783 4148
3862 4149
2976 4150
2319 4151
77 4152
282 4153
3487 4154
2248 4155
3382 4156
1088 4157
2910 4158
1799 4159
4073 4160
3065 4161
4042 4162
561 4163
2995 4164
3669 4165
3482 4166
3365 4167
3050 4168
2683 4169
1005 4170
1137 4171
892 4172
2511 4173
2661 4174
2344 4175
3378 4176
2419 4177
3495 4178
899 4179
2358 4180
1462 4181
1103 4182
581 4183
955 4184
2191 4185
20 4186
3775 4187
3275 4188
382 4189
1819 4190
2509 4191
2334 4192
544 4193
3119 4194
772 4195
3190 4196
3395 4197
1390 4198
3372 4199
2931 4200
69 4201
1764 4202
39 4203
2985 4204
2754 4205
2689 4206
277 4207
1913 4208
1322 4209
519 4210
468 4211
3445 4212
2932 4213
1554 4214
3793 4215
1739 4216
2801 4217
1235 4218
2268 4219
3543 4220
1515 4221
701 4222
28 4223
2515 4224
1743 4225
1006 4226
2932 4227
1200 4228
1739 4229
1375 4230
2473 4231
4175 4232
2467 4233
1318 4234
4046 4235
3867 4236
27 4237
2579 4238
2562 4239
705 4240
1007 4241
2242 4242
3025 4243
3016 4244
367 4245
3505 4246
887 4247
4189 4248
4230 4249
1736 4250
4065 4251
4147 4252
2229 4253
2995 4254
1572 4255
4153 4256
2183 4257
2317 4258
1085 4259
182 4260
4112 4261
2997 4262
1982 4263
2538 4264
3252 4265
1490 4266
2674 4267
2381 4268
1794 4269
3177 4270
2888 4271
4236 4272
4201 4273
4247 4274
49 4275
639 4276
140 4277
1092 4278
244 4279
322 4280
3837 4281
464 4282
1285 4283
2592 4284
133 4285
1330 4286
1925 4287
3476 4288
1484 4289
3866 4290
1958 4291
4276 4292
3719 4293
1314 4294
284 4295
1534 4296
977 4297
1065 4298
1682 4299
1145 4300
1296 4301
3529 4302
4264 4303
3528 4304
3179 4305
3039 4306
554 4307
238 4308
2993 4309
3793 4310
3472 4311
3501 4312
1864 4313
4053 4314
667 4315
2636 4316
1848 4317
3417 4318
670 4319
2740 4320
3187 4321
937 4322
3202 4323
102 4324
1024 4325
4257 4326
2339 4327
321 4328
1852 4329
1172 4330
3846 4331
3987 4332
3005 4333
2710 4334
1516 4335
3513 4336
2430 4337
2713 4338
3262 4339
3114 4340
2891 4341
959 4342
68 4343
3900 4344
1397 4345
3876 4346
3397 4347
2785 4348
1228 4349
4203 4350
1695 4351
2973 4352
1287 4353
2104 4354
730 4355
272 4356
1113 4357
1066 4358
1134 4359
2237 4360
3016 4361
4198 4362
1625 4363
1904 4364
1987 4365
2379 4366
3900 4367
3275 4368
1635 4369
4190 4370
3235 4371
137 4372
4301 4373
1806 4374
1247 4375
2903 4376
2823 4377
1060 4378
3483 4379
4089 4380
1945 4381
1407 4382
1415 4383
330 4384
1015 4385
1200 4386
3364 4387
3709 4388
1966 4389
4279 4390
406 4391
3636 4392
3590 4393
961 4394
3927 4395
1625 4396
2206 4397
2930 4398
2675 4399
485 4400
581 4401
663 4402
2372 4403
689 4404
1599 4405
2032 4406
858 4407
3235 4408
252 4409
1734 4410
3607 4411
2083 4412
4048 4413
3458 4414
2280 4415
3809 4416
624 4417
1444 4418
3001 4419
798 4420
2740 4421
2306 4422
2530 4423
4029 4424
1567 4425
2835 4426
662 4427
3609 4428
3372 4429
2273 4430
222 4431
3121 4432
1463 4433
1712 4434
2548 4435
27 4436
1216 4437
1986 4438
735 4439
3114 4440
3201 4441
9 4442
4082 4443
3320 4444
2437 4445
953 4446
4069 4447
1313 4448
2843 4449
221 4450
184 4451
3646 4452
4428 4453
254 4454
1865 4455
912 4456
1860 4457
3184 4458
2591 4459
3496 4460
447 4461
747 4462
402 4463
2892 4464
3406 4465
4404 4466
4196 4467
1002 4468
3977 4469
1597 4470
3841 4471
3749 4472
3498 4473
3635 4474
3391 4475
4278 4476
603 4477
860 4478
2241 4479
3337 4480
2698 4481
3845 4482
13 4483
4204 4484
4167 4485
4081 4486
3282 4487
3323 4488
4454 4489
3401 4490
2774 4491
3494 4492
118 4493
2719 4494
1781 4495
3678 4496
3826 4497
2408 4498
3329 4499
4091 4500
1867 1987
1121 1417
3059 1029
53 1355
1451 2221
4266 3657
1300 4354
4145 34
1177 734
4031 3055
2979 1453
3771 3549
3760 3778
35 1422
3073 3709
1615 1393
1159 3074
1064 4366
244 916
2672 3739
1360 2857
3653 3973
328 679
3596 153
3716 2367
3441 1098
1976 3565
1189 3387
3920 2148
1987 2581
886 2286
1845 2523
3615 152
4327 4014
3209 2326
2273 4086
2534 3276
2004 1732
3094 1460
1501 518
2735 2742
2827 2400
4367 1998
602 1978
1856 1347
1985 3226
2988 3061
3970 3048
4051 1870
3285 3669
3859 3672
79 64
3499 3604
1620 1740
4227 3805
3805 2224
461 4183
4139 4431
4201 2186
286 47
2244 2758
2675 4381
2605 4046
75 4299
4307 3479
3620 3026
3833 4152
83 624
120 2054
2235 2838
1022 2705
3144 4031
3894 3004
41 1000
1220 3574
499 721
3679 1958
2541 754
422 2551
102 3044
2541 493
3970 3160
2453 936
3739 45
3982 3470
2879 504
43 779
2632 1143
3181 3179
546 2508
4219 1565
4300 2778
3711 1656
1894 3013
3964 4406
3096 4058
3187 1738
3245 1834
3128 230
351 2174
591 2686
1876 3667
1023 749
204 2095
1826 2768
1263 3285
798 3082
1676 2479
918 3200
26 1722
3750 2478
1257 4100
356 2476
1437 4136
1513 1112
4308 1851
1564 1199
3335 1145
2339 3603
3280 873
3061 623
2201 2243
1392 430
491 3574
192 734
3071 4418
2740 2069
1222 2096
544 4140
4382 971
2308 2457
2812 616
3899 1350
1624 769
3187 358
26 523
3766 2151
697 1882
3721 4355
2548 1061
3334 2998
4121 2533
1924 2813
2290 3681
2834 835
4151 1585
1455 830
14 1417
2090 4204
2362 80
3096 559
1324 2370
2415 3544
3674 1949
4460 4260
1554 1939
2955 3692
2565 3604
1632 3623
4446 4003
4341 3028
543 4414
4397 2158
1446 717
2936 1132
1558 2233
2316 3878
3884 1532
2053 1595
657 2392
2027 207
3249 3722
3621 344
83 1324
1034 464
123 660
2240 2647
3896 4296
2552 2504
2091 2968
3814 367
1112 2532
3337 3080
1640 1715
2382 2333
3278 684
3205 3304
347 3568
3031 2251
838 292
2996 3884
2501 2167
2960 2063
1915 2388
3519 361
1646 2598
1814 2407
1486 261
1212 2439
1860 3637
2982 4100
1430 2515
429 602
3467 2208
2026 835
2059 43
2705 2385
6 3627
677 2424
3119 4280
1827 4066
2810 2457
3544 2691
3384 1820
4150 584
3011 587
252 1024
3754 1985
979 1210
3181 4389
3582 1389
3024 3727
2604 4197
2109 4004
3525 146
2345 818
4149 1369
4396 1348
2014 3375
696 1713
3640 3625
322 64
2954 4305
1370 4066
2869 457
756 1480
4383 2666
1705 2325
430 934
1831 1226
931 3223
4032 1964
918 1038
3206 171
2981 2802
1330 608
1360 4380
3298 307
996 78
1815 3392
129 948
1325 3534
1816 770
4153 1365
1223 4021
2621 4456
1717 146
1659 1655
942 2773
2322 4066
2752 1917
2224 2220
4112 2323
931 4490
826 2470
110 4185
3859 2073
2430 3948
652 1010
1126 4415
4360 2267
2464 2309
3091 1762
613 2508
4055 399
4197 3585
1768 2155
684 1797
4213 4286
3806 1306
2705 872
2088 3544
3318 1624
3042 3558
3208 3361
902 2483
1968 3935
3217 1350
2797 3519
1429 862
1449 1799
4444 1788
740 502
2177 3465
3585 851
1878 4163
4438 2801
4025 4388
4168 2793
4242 3558
990 2289
876 1466
297 2297
1209 1036
643 1363
213 2332
3279 3935
245 2816
2229 2307
926 1646
3005 307
2877 1983
780 2735
1589 2747
1862 3230
2384 1270
4384 3296
2854 130
309 3418
4194 3498
2089 931
1857 2135
2610 4370
397 3312
4283 2519
2559 1756
972 788
2173 741
1461 2444
3636 4049
1767 2690
284 3141
1769 4139
4185 3293
3383 2013
3411 3718
2495 2446
2439 614
3370 266
1564 1973
3293 3768
4435 2990
1515 2487
401 4296
3362 1160
3125 1991
1824 3629
3526 3241
3024 1156
3886 2445
1221 1244
920 1283
4234 1513
1805 4301
3842 3137
2077 4113
410 725
1930 1566
3265 3288
3140 2018
103 2685
193 3566
3008 1629
3320 1869
4110 3172
2361 3315
1450 3029
1693 2030
308 4039
4124 4298
3519 1783
865 1231
2260 407
1612 3860
3739 3949
698 3250
1496 2753
1738 2051
2566 4156
3647 3915
2103 733
2319 3453
311 2077
3591 4184
1894 3718
2631 2153
2461 38
202 1569
183 4474
2060 1422
3180 1457
3033 4245
706 1442
2892 1152
1832 3497
2620 4363
538 841
3170 1041
4069 4196
2332 3495
788 2705
4017 3028
283 3043
3720 3809
3032 3163
1081 1098
84 2748
221 3589
3784 3330
1560 658
1871 4374
1017 2693
3833 2231
2168 3486
414 4364
3543 663
3582 3247
374 1664
3041 3319
2031 3067
431 3205
3612 912
3402 2480
4379 3012
1524 2305
2563 4172
159 140
222 102
166 1521
675 2088
4094 3377
1380 3456
2309 937
265 3314
2850 2143
3382 778
1731 3584
2999 2084
425 2034
493 4417
2288 3789
3498 1085
1973 1243
743 3382
1172 386
3215 3328
2697 288
3448 194
2370 414
3463 611
3419 2859
1490 1063
3833 4062
2841 3367
4434 4304
3804 241
2489 3808
807 1697
4308 3565
1818 2970
2921 1030
4085 2379
616 365
2859 3182
3012 16
2393 4479
2337 1844
1721 1122
415 1331
2050 437
1151 4274
2108 360
3429 2439
4076 3293
2123 4149
2503 794
2503 1629
745 2499
2203 903
929 2365
4044 3008
4373 28
2083 2785
545 3493
4385 270
4355 1053
730 3815
756 247
3717 3245
2859 963
527 3383
2236 1308
4388 4039
141 1747
4293 4413
2344 1422
1143 3157
2535 4015
1894 1950
2428 3247
3290 530
678 3320
44 1395
3096 659
2686 304
1388 496
1743 3284
2477 1170
2373 3219
3003 2390
1930 2092
2564 1461
2165 1429
3023 215
2958 3011
1483 727
3928 3509
1835 3397
4198 845
2022 2147
3443 3659
2128 2949
4445 3325
3985 669
649 2551
1632 1214
4148 1233
1897 420
2121 2537
4024 1666
2063 1948
945 752
3702 3544
1635 2091
601 2465
4119 3621
1439 4136
1668 1291
548 1249
4051 4054
1176 2176
2561 1130
928 292
2226 1456
1346 2978
2733 1846
3004 1865
1409 1426
1607 959
428 896
3320 4253
1485 3936
214 3661
3314 2775
354 136
4475 2834
70 4214
3821 1681
3082 1443
1742 628
1000 3073
675 279
4470 1920
3 844
196 4261
744 716
2990 2494
1661 4049
3293 771
4149 394
1929 4233
3931 3253
4135 614
3976 2080
1363 2895
2627 102
1531 18
4021 2697
3929 188
1438 2650
4360 807
3055 3162
1098 760
3014 773
4216 2286
2316 4091
2499 2978
1140 3181
2506 1452
134 4096
2909 3521
4160 3766
3302 3310
3715 2809
150 1565
221 2319
1289 939
2322 1055
1594 1159
4412 2616
1913 1100
1842 3767
3343 2194
1068 1582
2714 590
1727 239
1167 1966
3356 3087
2066 4178
994 371
3463 1179
1028 797
2119 407
2765 1229
1123 1218
1494 4204
1284 2649
4192 3990
3954 1746
310 4485
3517 893
2482 2099
471 1633
82 2933
4180 3159
2666 3777
2565 926
8 269
2346 2097
424 668
2627 2440
3703 516
4101 751
3755 103
1161 778
2383 3706
1624 428
367 374
3416 1556
422 4368
2414 2872
2346 1942
1567 2947
6 3984
2878 3567
3656 2450
1965 102
2459 1446
2554 1953
3090 212
4 3010
3724 3247
332 3621
3524 3006
1721 2915
4294 1538
587 3781
3447 1719
3610 497
2246 1612
2767 1891
22 4285
4249 1285
2436 4411
3102 1294
3499 2057
4447 531
3825 3166
2428 1432
3855 232
3390 615
1364 3216
4074 490
3177 4103
91 424
2870 3004
3869 1957
299 1358
1099 4444
3187 574
1153 2966
3895 2655
1203 3657
2170 3041
2771 311
2137 3835
1797 304
536 450
1794 762
1121 4114
2272 659
4012 816
605 2693
919 4474
1829 2542
563 4266
3402 1449
3223 3001
1749 3917
520 2113
1590 478
1615 1706
1350 2054
3960 2020
4473 2389
3495 4007
992 2472
2077 1897
127 3000
327 2323
1216 4346
3624 1243
3338 3530
4472 1830
717 4028
1486 727
2128 2919
2019 2280
588 130
3133 1293
3734 4023
563 3842
655 1939
3932 4417
1554 1599
4243 1617
374 4304
1540 833
576 2960
2253 2774
2416 4269
2978 3524
2971 2329
81 2126
522 603
2729 93
4369 257
3947 1453
1551 1686
2303 2380
1928 2406
1409 4444
1982 2910
3506 906
80 297
640 4066
2790 678
3348 500
3279 1335
2620 2062
3904 3169
1987 2464
4394 2937
1338 3851
3119 4075
811 1619
2612 1166
3357 2496
383 2199
1578 746
932 2582
83 3853
1152 2928
70 1168
1501 3983
1544 3538
1172 3043
4295 416
227 413
70 4454
4474 468
3694 28
1779 3427
1337 3593
146 2095
1085 1048
2776 1058
375 2542
265 764
2982 2690
2187 1217
3519 1933
1760 3015
3508 4465
3080 2452
309 4425
2328 1734
2309 3066
3912 1834
3239 191
2776 3281
3543 1341
2036 1627
1363 1873
312 4190
755 4004
2210 4285
1140 4139
3607 3219
317 3895
1028 1753
1272 537
2084 3901
4402 4302
2589 2408
4368 3971
602 228
553 663
559 1068
1813 1703
3392 508
1199 3604
3147 4343
3431 4380
2353 569
461 1790
4135 1929
1633 2362
2324 3429
1614 2517
4099 4332
1643 365
2835 1051
657 853
1441 3401
3350 4183
1919 2304
2738 4034
1137 3301
1107 1591
1784 505
591 3628
1711 4322
3591 1321
4040 46
2633 1005
1700 1076
4283 1567
3279 4366
3180 2684
3935 265
2759 2999
577 2335
3375 1532
2497 2708
146 917
3261 2047
311 2808
527 3802
1206 1503
1271 237
1982 3472
2819 1714
1232 353
2678 4424
1663 2768
2957 542
4234 3611
4174 2688
2363 621
4425 2839
2022 1737
989 523
599 2618
2254 1935
377 2265
4429 1691
1761 3064
1633 1183
1716 1321
2270 2905
1556 3736
321 526
1131 1330
3537 3178
1826 751
1726 3301
1631 362
2030 364
1951 729
1844 2678
2174 3084
2429 3438
1586 2963
2393 499
13 3595
1900 4290
302 847
1794 3421
1741 1430
302 2763
2569 1384
3185 1724
1824 2957
2820 1268
422 2803
250 2278
1401 3351
3151 3959
1035 4415
1827 2193
1248 18
615 2720
2885 1071
1802 5
3733 2320
831 1325
939 293
3154 305
2971 2515
1495 4362
242 1619
3732 2322
2983 3922
3507 2124
1680 2091
1991 1955
2872 2642
1723 3316
1125 1734
728 2121
1346 3940
693 1599
3924 3023
4170 3568
3544 2497
1429 3396
143 2562
2930 2977
53 3004
2993 3448
3207 4090
3551 1940
2508 2064
595 3405
3512 1582
1026 142
1538 3096
1923 54
1894 2371
1292 2656
631 2467
993 1017
3609 3926
3127 1095
1328 3975
340 1830
486 4332
1657 3334
1525 2019
2808 890
53 1998
4430 3924
1180 3747
3654 1212
1829 884
2042 642
3051 3676
2980 3927
828 107
2803 882
4001 1132
2597 771
4431 2349
2114 354
1166 2915
1538 2763
2228 4293
4393 2246
2589 165
3528 1470
1643 1073
1135 1075
4494 1559
1925 1292
1887 3356
4015 1180
776 2249
2395 2822
3461 2224
1811 2290
1238 3918
4000 3037
109 414
2390 2582
1224 14
3765 3624
3056 1062
3367 103
1032 3847
4138 1687
2659 3863
3641 2243
1932 1609
3386 4356
3497 3771
1850 1411
1836 2128
3837 3666
1907 2921
3026 2579
746 729
23 4206
1588 4241
4310 2115
4293 1875
3879 1490
2488 454
2912 1694
2598 4253
1764 1735
3882 47
262 2695
3536 3034
1128 28
1573 4042
2701 1127
1415 1490
1882 1035
2631 4406
418 2332
3086 3098
4349 1448
1008 1820
2573 3413
2105 474
3011 317
3258 3197
1576 1508
3009 4356
4148 2279
1166 787
588 676
2003 1915
1208 1939
2806 4121
1508 3690
602 1868
1494 3101
4402 3103
3830 2906
4144 611
3823 2085
4314 1248
2125 1770
3246 1933
754 3827
2709 690
814 1132
1742 3770
3866 503
1522 4013
1431 3014
468 385
3144 1065
1870 4365
2297 1309
3980 1089
2368 1117
1534 230
2503 2817
3748 3582
1036 113
2157 4250
1840 905
4229 2158
2807 1401
736 3475
4448 2069
2553 3900
1567 4466
1021 4275
1718 991
1099 3279
235 2995
2394 3491
2335 1948
1221 982
1466 1016
3991 271
2047 1074
1676 2907
2620 4055
4130 2541
387 548
2017 3465
725 3659
1210 121
2529 3457
3872 295
4424 1238
577 3213
572 407
519 2922
2180 4096
2846 3181
3593 996
2794 351
500 148
3730 3704
4001 1825
587 1868
2844 722
2870 2502
2941 420
1312 989
466 2162
3014 258
1053 4188
4331 204
838 2124
4466 3920
1162 3658
2733 1969
2448 2063
758 216
2670 2685
1447 2900
3999 999
1906 628
422 1168
2199 2882
1636 1342
3787 612
491 4097
3342 3168
1778 2478
4074 3343
3939 3392
2798 3846
236 835
651 1494
1641 1464
60 3819
1488 752
1404 495
125 2511
1838 1748
258 110
548 1750
400 544
3003 2366
1476 2557
4220 3366
3506 3403
4420 2368
1648 1045
4484 1690
3425 2588
3189 44
3972 3596
849 763
728 3587
766 2213
4001 2949
2823 3925
2206 3501
1146 2276
3285 3774
3228 159
2409 3906
3912 1237
1101 511
1704 3192
3858 2017
4280 809
2460 2273
1309 1413
3090 2360
1563 729
3626 1940
685 3169
2557 3847
1207 782
2839 2788
602 990
2161 423
571 406
3798 2981
3615 3846
3208 4034
1251 1932
340 4171
2517 1090
3126 3876
1143 1401
3429 3179
4372 4484
4406 3810
2932 1414
3575 2706
2338 421
1333 2813
1227 730
627 17
1632 39
4120 3122
1323 3770
39 418
3948 3983
2701 709
655 4125
3889 1681
1427 3282
3424 1814
4348 2404
2956 3164
1877 4283
3706 1804
4316 3458
4148 2010
3464 4426
2449 1990
4168 3146
1940 1777
3883 1298
71 2787
4014 1875
4275 4388
586 4192
3085 2817
303 1150
3089 2034
1834 3222
3262 1030
2823 1630
4379 3109
1620 946
3076 2268
1963 775
3060 795
307 1439
1097 3949
446 3609
3398 1844
539 2741
751 115
3308 3063
2239 3701
1679 4108
3679 1156
2299 430
2935 4172
3257 2166
3334 2619
684 1357
1470 1290
1949 4238
1093 3808
804 214
1464 2654
2059 576
1990 3489
645 3694
3219 662
40 1088
3303 658
2647 1874
776 3777
1602 858
799 425
2800 3262
154 2365
499 3584
4194 3799
2393 642
2175 481
3517 197
3491 2654
896 3196
916 1614
3805 3930
2818 1785
4341 1810
2807 801
2553 510
3050 1370
1561 1415
1557 284
2116 2484
2397 1721
747 1046
2572 3051
1208 4209
1194 132
1487 751
1262 3952
2422 2834
3457 1071
114 226
2110 2144
3461 2798
2715 3085
1022 1927
1422 2057
2602 1385
3755 702
3647 4469
3134 418
1666 1979
3185 2852
3170 539
1266 1724
4416 2713
3782 3349
1421 4400
581 3537
3013 3039
3751 831
1867 4084
2018 4151
4077 756
2227 1321
386 1707
3358 2122
1459 3032
1286 4493
82 1912
2167 335
1596 1559
1953 568
1669 2267
1558 187
2805 1413
1834 118
2156 4345
1386 1990
4003 2362
3928 2411
3691 1792
1010 3193
41 3881
265 3090
3338 4133
3539 889
2054 2880
2525 3147
3834 176
3097 4101
698 3944
4219 630
2722 341
1101 3847
1753 3580
3788 912
2698 3784
2125 512
3956 2799
913 1926
3920 1103
2756 4002
4385 257
2713 3766
3926 3721
2722 2618
3310 724
3802 521
4164 3430
253 1498
500 182
1778 33
2340 284
2673 2034
2332 2867
2677 4363
3119 608
571 485
1995 4432
30 661
1592 4288
952 24
1136 2303
4057 61
1271 847
4331 2494
3102 978
2442 3513
2915 3837
2931 1278
4112 3739
3979 691
4163 712
1639 2984
986 4062
2063 228
1380 3311
2504 2383
2991 867
911 317
1888 558
909 2456
2213 502
3967 2917
217 2097
1690 4106
2459 3714
681 4280
129 112
1790 4253
2989 1386
3307 974
1217 415
824 2221
1646 1176
2831 4426
4454 1263
2431 330
1766 1055
7 626
4179 403
1699 2589
2680 3377
2281 2027
2759 1193
1120 4483
3427 1026
2517 4041
2155 3238
364 2869
2232 450
148 2441
1617 2504
2767 120
1378 2789
1324 1527
3907 2931
768 3783
4144 312
3342 1484
2498 2521
2216 1029
2508 1511
545 3006
1935 4041
2112 3951
3081 2993
1013 2006
2052 3374
3483 3017
2924 3378
4177 116
2676 39
1375 1770
3796 1833
1340 975
3278 1417
1213 3212
294 247
616 3883
1251 1362
1568 3267
2855 932
1298 998
4249 4374
2779 2800
4331 4162
2806 1723
3015 3466
1801 1431
1017 1345
1909 4171
1902 2691
2289 3218
2627 1873
237 251
3932 2867
2022 3855
161 2827
3087 495
2090 3868
1909 2438
4486 3719
2914 3570
765 4063
3190 3877
3982 2001
4389 2324
2085 2943
2738 1866
3526 3712
2020 3031
1022 4235
2045 1812
365 3965
1972 2464
502 3749
2842 1132
1084 1546
709 106
1942 2433
2125 117
1059 1157
1922 4102
3723 1962
3314 2065
4235 1895
1132 3951
3968 1722
4379 1695
841 2450
4378 324
1005 3710
1493 1370
3298 1828
4178 2220
2412 1345
1754 312
4369 2801
3969 2952
4412 2813
3906 4426
3059 67
2205 2119
2810 679
42 1401
4394 709
3606 1759
2630 245
1234 2832
596 877
1732 3981
1037 24
962 4255
2052 2257
1516 103
3639 2091
3619 4075
4189 3098
3916 428
2726 960
125 3249
3174 4274
4401 3112
1674 3038
2950 2424
1966 3763
134 140
2147 1549
2269 1549
4008 372
388 1709
2976 2340
1133 769
3944 4449
2352 2496
2462 1058
3988 209
331 4309
939 1763
1891 2763
1759 666
3170 3866
780 3247
2866 1134
250 1944
276 2596
665 3886
4104 3162
2929 2717
4466 2749
2929 3710
3029 2374
3716 3710
3786 4209
4321 4027
1857 2698
4150 733
4384 2477
3421 1767
1662 1495
2395 4122
2962 4161
344 3995
2639 257
942 1677
3256 2147
1425 3807
203 1563
2969 2501
1438 3172
803 1061
2313 1640
4125 4308
1341 3165
809 271
2221 3627
2595 2894
4252 325
4447 4201
1616 2463
725 2048
2755 2677
74 4321
143 2677
4284 760
358 2147
4279 1142
2046 1319
3661 3291
606 1969
2674 414
213 1654
2796 160
2486 1193
670 4332
2941 2440
2258 3483
2960 1467
3987 202
3178 2386
2233 2418
1045 3205
121 4233
2857 1049
1663 3563
4438 2094
3105 50
3290 147
1911 1563
4455 1731
2209 474
3347 2465
1367 610
560 3627
969 1966
994 2279
2915 833
325 1343
551 3083
2739 541
1315 312
2488 3726
2056 2511
4471 1749
221 227
3962 4347
2727 2550
3019 722
1266 777
2893 565
2140 1140
2973 4482
3637 1682
691 1447
3223 1425
4229 1270
2058 1855
3440 3145
436 2026
763 426
1308 4085
2690 397
1347 737
343 2748
3363 2689
494 2951
38 4251
739 30
3469 1301
1912 1647
196 3763
2000 1656
3784 4379
4291 1534
4030 2525
690 2540
1890 90
2273 1848
2897 1254
1209 4346
4339 2659
2227 2825
402 2720
1233 2184
1694 2073
2294 1223
894 798
2434 547
3030 4007
3074 2709
3794 390
1945 3777
327 1984
3863 755
1689 2702
804 1796
663 3943
2290 3947
113 1041
2664 755
3889 3784
3255 4447
1350 909
2195 655
3322 1957
3016 3725
1635 598
3880 2921
4044 1036
2637 4176
744 2309
1112 4092
3328 2485
2411 3759
4115 674
1672 4004
2619 2055
690 918
3832 788
1730 206
3377 491
2332 3005
3775 1050
1953 3338
2958 1251
393 2965
489 3004
858 1603
3129 3413
812 1197
1989 3921
286 646
2379 238
1130 4152
196 4480
3556 705
2494 1757
477 1970
378 1667
1217 541
3771 2923
3546 886
3481 1137
355 1038
4370 1783
4093 1457
30 3438
3611 175
4274 3837
667 4137
2216 3132
2011 1237
774 1070
1545 978
653 3881
1872 2268
3613 298
167 2569
2176 1233
2868 2632
4355 280
1626 2332
3065 3285
3508 3553
1528 1676
660 1518
2294 2972
12 365
748 2175
737 2497
4090 2228
606 4015
3266 729
1202 2838
381 4337
335 1658
2181 1573
3027 460
847 3650
3660 1051
887 10
2654 1548
2940 1485
858 4304
701 4259
3472 3449
3959 3872
3410 562
871 3393
3224 4150
741 2314
300 4201
1665 1393
2174 4040
507 967
677 1209
3385 1210
374 2541
378 3281
1667 2635
477 3480
3863 1308
2922 1267
925 1386
2353 32
1887 4211
86 787
3269 2319
1582 2370
4209 1042
661 3675
341 1192
1500 1155
4165 70
3310 2916
3441 4444
2440 4360
2244 1656
3120 2127
1604 412
1382 3923
3610 819
3551 620
2799 1486
1834 978
300 1594
75 3658
175 4071
2197 2333
22 1186
3251 1789
3440 442
449 1418
2318 1849
826 3880
1323 2577
2808 4091
3076 1200
2020 3032
1846 3509
1344 3741
3664 2991
2134 2791
3841 2123
1265 2636
3314 4099
1400 465
1673 2839
3392 2154
2643 1670
252 2056
4155 4358
2337 4029
3992 3670
4086 344
1076 2174
2600 3648
2989 1995
2512 4192
516 1292
615 3046
1261 1741
215 184
1698 2065
2671 2956
2076 1457
313 3269
3499 4400
598 505
4059 3566
2797 495
4178 4267
542 3018
2978 1888
554 528
2863 3524
1302 897
1488 176
2639 1800
1009 4225
1275 1724
4499 921
81 3697
2013 3498
3425 2434
3677 914
1480 2062
1068 877
4336 2922
916 2500
2443 1299
3536 3813
2845 2982
604 4157
2603 3138
2314 4133
3854 3279
3230 3801
1944 490
2591 137
3191 2702
705 3547
2174 4085
793 218
4181 2305
1596 833
4092 3819
1020 3029
973 1747
1164 3022
822 2835
239 3480
1140 4266
2278 4383
1705 509
3132 1051
131 624
1029 4272
3062 2363
3240 1944
1411 2372
3711 1791
1620 3322
4435 4071
3183 3875
3612 1130
3911 3968
149 723
3720 603
2206 219
3371 3446
3861 3295
2699 1121
1546 4139
3696 1971
2446 3009
3438 2170
1095 1940
4416 914
2253 12
3735 1920
696 621
1368 186
3754 1533
1998 1484
118 475
1477 1802
422 1523
3480 4202
2726 3593
1908 3680
1736 587
2542 3534
82 3656
4411 4335
3363 3364
2865 2339
3917 1879
4078 2153
2163 3306
1659 3868
3292 3447
2906 1546
869 12
1685 650
1585 4007
1455 1915
3819 4062
3604 2007
3363 1800
1244 3038
2926 338
258 4146
1753 986
990 2305
338 4412
3353 2125
4345 1856
2604 4157
2476 1759
2309 1265
3082 4462
163 3464
2581 1636
2353 3710
2978 964
191 4043
991 3207
3873 2913
775 216
3010 4175
3588 3410
1880 2797
2296 1337
2461 1288
2714 461
3900 3418
4358 197
2450 26
1097 3728
2186 928
224 1968
2186 2616
1527 762
2120 1814
2948 3237
25 1063
2526 1434
4432 3388
3052 2906
581 4321
2877 2461
2431 1931
1189 1837
2420 852
3580 2027
1125 1982
3329 2197
3640 2487
1544 924
159 2719
269 1087
1696 1293
2018 2856
2824 2161
2334 4164
99 1312
3750 1301
4009 3323
2819 1431
1939 1799
3085 1928
1027 3736
791 299
5 938
3319 817
884 3863
2806 4472
4018 3787
3912 1519
4411 313
4409 4236
163 3640
3730 2210
3239 1174
1706 1140
3985 2766
584 1824
1750 481
333 4204
2446 3066
1384 533
671 3629
4071 2528
1175 2007
1539 3108
1877 1347
395 158
2210 2816
4033 3961
2134 1655
3896 3696
2205 1054
1676 4209
484 3727
421 3659
112 4285
2367 1070
4325 3185
4328 3551
3308 2816
3543 2501
3042 4247
3204 3096
3996 2784
2727 1509
209 781
432 1424
831 3611
3661 4018
3627 2290
3905 492
2181 4175
1712 1354
3784 769
535 352
80 298
2548 3701
1648 1545
2089 3007
1873 134
2770 895
751 4157
598 1672
2420 1264
73 4248
1268 107
4485 3562
3249 651
3762 3262
1336 1799
2471 988
151 889
2767 272
1421 164
1882 4305
3520 2530
4358 3004
3744 1740
73 2711
2262 3578
3817 346
1196 507
4156 3661
3672 637
1957 850
848 3982
2052 4348
4289 1756
132 1865
420 3410
1191 2297
395 80
1674 2520
1762 3086
1714 1956
3185 1077
1366 4170
1670 3086
1136 74
884 2716
1175 3589
2548 411
2002 1101
2244 694
1991 893
2723 317
1783 2956
1142 3051
2949 3570
4304 810
308 3958
3855 1911
1809 3206
1716 2231
3671 2478
3059 2512
3208 232
3484 865
767 1420
4086 1918
1266 3258
2777 2716
4317 3652
2692 616
3976 2200
2016 596
4409 768
3774 1931
2080 2078
1496 2222
618 3892
1171 2101
1058 4336
3349 2504
494 4109
1905 2468
1510 4447
997 1264
4071 3116
4233 3263
1816 1173
2811 631
155 1322
3682 897
2681 116
3550 248
154 2187
42 4408
1319 2573
446 2093
1179 1129
1104 3476
4189 4418
308 622
2159 2705
1548 4466
2724 679
4181 3571
1282 2502
4174 4065
3320 1650
2419 3422
2865 3867
3798 2885
1338 4241
1329 1830
2047 2862
262 3712
3740 1515
1574 4070
954 1658
1998 2288
4429 1689
4344 2787
4193 1960
549 853
608 2286
4177 1283
1801 2260
3349 476
652 827
2009 261
3844 940
3989 2890
3391 4278
1340 2979
661 1882
3982 174
1560 2099
1353 2606
1759 1945
3793 2585
3820 1419
3782 329
1076 142
3055 947
1 2874
2878 407
1930 3869
2483 2103
579 3510
2228 179
1494 4237
1621 367
1535 604
2891 1591
2896 1556
4309 665
2171 3853
3671 413
3285 3703
3307 430
866 3364
449 982
1140 146
2959 4203
936 1574
1040 3339
798 3811
4304 4095
844 3384
2375 516
1482 612
4372 3803
785 324
4365 325
2657 73
2804 513
1847 4153
1511 4112
3729 2399
1266 1613
3930 1604
4249 3416
382 2285
1607 3248
3369 2696
1666 2213
499 2818
2403 1882
2491 2764
403 3146
790 2684
3602 4023
2324 3716
1715 2153
3029 195
958 1398
1677 1103
3912 4033
77 2711
1214 2167
1467 3923
2385 2085
222 3929
15 2955
739 2763
3364 4269
1918 2005
1002 1136
1612 2598
376 513
2861 4103
4445 2021
3131 3066
587 1459
2453 3730
3805 4179
635 307
1004 1219
3467 4098
2521 2354
711 3997
2311 3247
3147 4250
4363 4189
3687 4318
4148 3289
4284 1567
2537 3218
96 3726
214 1075
1950 3242
2068 2807
79 3397
1731 1540
49 3191
2118 988
3280 2417
1119 364
4452 3583
3245 588
3517 1057
281 219
3238 2964
444 2180
178 3219
1052 1004
2910 4058
4322 1743
3975 1081
1288 3568
2785 2905
3638 816
835 2878
2464 2213
4452 3176
507 984
2640 396
2056 3127
3483 1954
3809 1595
4025 1486
3791 3657
894 721
3282 1632
1102 253
3011 1894
3972 2276
3432 3971
2138 3898
2827 750
2599 3857
3973 612
782 2398
9 1436
2007 592
1081 1700
4331 3489
949 3903
569 1622
568 3704
152 819
2505 2180
1497 1692
719 1249
851 9
780 318
2221 3510
3695 377
4402 3633
1412 1497
4010 4279
3329 4229
3129 748
2985 3126
3801 2499
1779 3581
1367 3225
1845 4285
3918 4189
943 851
3199 3563
1855 2299
982 2058
1933 3950
2263 1793
1981 45
1134 2479
2164 2027
4380 4385
2469 3935
4211 2446
4087 3210
4192 1400
3747 4055
142 1388
1937 3633
1760 1761
4462 2323
1705 940
1081 1779
4107 3520
4404 1070
457 1694
4385 1594
191 1899
1983 2084
4399 94
3082 3951
1814 1909
586 1439
4313 2023
3058 3637
334 935
2712 1214
1239 3204
3033 562
3810 3876
3119 3559
741 2209
3228 4165
1341 2463
4118 1474
1919 1336
2962 2254
443 1723
467 1333
1201 1602
1636 2997
3150 983
1619 464
3133 699
539 1443
3019 138
2454 1761
824 3943
2947 3024
2610 2628
1852 1843
2432 3201
4123 195
3371 1959
1825 3536
122 925
58 3969
147 2935
1146 3774
3489 2247
3379 3839
3567 3930
3937 4014
2923 3191
1715 554
1115 4331
1939 754
3182 3910
3068 2751
2834 148
1866 2455
1961 1293
1632 866
4146 3326
2220 3864
3793 3294
3446 1333
989 893
1236 3698
2879 1590
1054 2657
4455 688
4143 338
4163 2406
972 1351
1566 3810
192 1543
3140 1650
3893 3617
131 4434
875 34
2151 3718
993 1826
2381 1087
3738 2191
3513 1404
4462 4086
554 2671
1973 1025
2647 3525
4107 2873
437 2417
4476 50
1322 2080
4285 506
664 4144
617 1862
1664 2907
2091 365
764 4426
2573 2281
3790 2967
118 2172
2492 1275
3397 2388
1114 2129
2095 965
797 727
10 2106
3441 912
2231 1441
1063 1703
823 3615
4150 3376
669 1002
4025 995
3945 793
1634 3218
2416 3717
1550 4084
3574 1882
3865 2000
1597 949
359 242
4153 3927
1733 987
365 4234
2372 1056
2451 2608
1780 2352
1539 4499
3700 1488
2484 1718
3534 2211
678 1244
1033 163
1007 3077
615 487
2961 1487
1164 90
1740 4333
2004 1153
4378 1274
1858 194
1159 3722
3293 2990
1478 1120
2301 3170
1052 3183
2567 1994
3124 1689
2605 1354
834 1939
2483 2581
736 2321
2850 1266
2482 2146
900 3284
1986 1563
2408 3478
3300 1873
3857 2516
3013 2614
2415 3041
2736 2158
1499 2081
4380 2336
916 1550
3439 430
128 3632
2601 1466
2975 3315
2528 1851
2909 212
208 3215
4216 281
2792 4300
3624 2696
3450 2746
4399 2441
2694 3843
100 627
1769 2583
4432 859
3607 3748
300 4280
1138 4300
4256 4224
1289 575
411 1291
1952 14
3794 1024
4212 3031
1029 3080
1699 4397
3837 1855
1820 3336
3561 619
2960 410
1631 548
3270 4267
1114 1903
4143 3191
1288 1044
961 3476
119 2483
1542 4485
1294 652
1031 3464
4061 3226
3785 1852
2893 4293
1451 1368
3387 4119
1852 3897
4229 4235
1656 2180
2391 1503
1435 3683
956 953
2566 773
4240 1728
4093 4149
3957 1946
2712 3877
922 209
2192 1628
529 2522
1249 2938
1690 407
4485 1997
3259 3078
4154 2035
1500 2946
220 274
2174 3478
1623 2219
3969 312
3030 2976
2412 2448
2794 148
346 1750
1920 1573
3594 1318
3413 1024
13 624
232 3860
3581 2407
2496 3533
2226 967
2123 4490
2808 3784
4005 399
500 177
2524 3999
3654 3401
3206 3040
2982 2887
3729 2089
852 1381
3941 2858
398 945
749 2653
1285 2906
2985 452
2851 4127
3215 4238
345 942
603 2197
1819 292
1370 1351
411 3677
3954 3904
2049 1284
1505 692
3902 4161
4369 2683
838 1167
3797 1800
3254 1984
1999 4112
1998 254
3660 3346
699 2067
1120 2011
198 1286
1387 3662
1824 880
1144 140
577 4117
1899 3342
2443 3647
1733 1090
2787 52
787 3733
3300 2322
1915 1826
609 2603
1902 1526
3322 2850
2076 2569
1561 4233
3610 674
3584 3591
2693 2085
770 3418
4015 1799
3617 49
2769 585
3021 3054
4201 1365
3140 83
1674 1134
850 1205
3279 3439
3036 3288
3575 1803
3924 612
2501 4404
2547 741
506 4421
1424 3531
2092 4007
2257 1690
2931 370
1034 380
45 1140
3914 2051
2292 2246
485 20
3003 679
2278 2080
88 3383
2840 1340
925 2958
3986 2966
392 1550
2075 4103
114 2322
4407 951
4083 3937
513 2837
433 2967
3376 387
2593 3402
591 3290
3535 576
1324 2103
2438 529
4125 1009
3747 4058
241 2828
2542 4436
302 3382
796 3800
1660 1126
3807 727
43 1672
2453 552
1661 3150
3099 3878
2231 620
2 774
3499 2553
1480 2534
1475 1380
1279 4380
433 3696
833 4357
144 1622
1972 3339
1309 1196
2126 2904
1160 3226
2056 1656
4433 3490
1612 1838
1535 2590
988 3055
3074 1125
1334 2312
3305 2557
1389 1018
1534 3719
3695 23
4155 1938
4046 130
718 1746
3258 2375
1334 886
1266 1983
1930 3336
261 3186
3894 3777
2996 3134
4299 2320
1773 4064
1001 2005
3922 3007
3509 551
542 4261
2912 1762
3159 1756
3582 3401
3470 2423
2578 3780
1017 315
2796 1870
3340 168
998 9
4431 178
2704 2072
2917 324
4476 1832
1674 2176
273 767
945 526
4066 1915
2182 1222
2383 3069
2946 2111
452 2523
1919 97
757 3726
3128 130
185 1138
857 4342
3613 4279
1888 3280
3621 1637
1516 3104
2182 3566
640 4105
452 67
3444 4073
1840 3958
1665 217
3254 2333
2452 4465
2962 4424
2990 3658
2817 3882
3036 4409
1544 2642
3935 661
2967 498
1699 2044
2851 3289
1677 1963
2640 4335
880 3004
1083 923
572 108
4406 3359
2063 342
1410 603
2030 2258
641 2492
3867 4092
2932 2102
2547 1832
394 2892
4344 167
3063 618
1343 2733
2509 2927
2126 572
336 3576
1436 3957
3148 3624
4091 242
1667 1745
969 1185
1485 1818
2976 130
2239 2886
17 3958
590 1013
3573 4301
1870 4270
1884 1430
1967 3706
1056 3463
2091 162
515 993
852 3735
1073 4257
2181 1493
2464 462
418 3717
2692 3492
2200 1308
2018 4184
1472 3380
3583 3920
4021 166
710 3762
1888 739
2773 567
1658 2654
518 434
4206 2672
3825 3110
4427 3349
3695 4042
1136 2199
3660 1794
23 2934
1032 1712
382 90
2058 4379
946 3521
2049 2479
3108 1602
2744 4286
1199 2753
3063 1562
693 240
223 3370
2478 4056
2467 2656
2788 2357
2324 770
2621 1925
2431 2464
1107 2051
4384 3698
42 1660
250 3638
4206 3227
4319 781
3184 1964
3103 1424
1546 2278
1206 2232
1092 3471
1510 2446
3293 3683
2306 3548
3274 600
1266 1727
2349 901
2592 3367
1458 2346
1567 3891
3092 2813
2623 10
833 3869
452 4363
1023 4473
3240 3449
3613 1530
1251 435
3043 1364
417 2293
3241 4334
635 1498
4298 2027
3266 4371
1979 2090
4103 1029
3797 4500
3610 2658
4290 3817
1060 3036
3977 4478
1053 253
2735 1885
2323 957
1721 3921
951 2119
643 973
4404 4106
1141 2692
3561 2890
4444 3957
793 203
1933 399
3304 4349
1986 2271
275 1132
1765 1831
536 4179
3973 2904
2704 3268
192 48
4239 3644
3421 3192
2998 1681
4242 769
128 3767
1945 1917
212 1324
2920 3194
630 3070
2902 123
2541 2956
1797 1475
1121 2158
2854 60
294 3797
2005 1500
3184 3480
1453 795
2967 4141
4078 2534
1473 762
1518 4262
2206 3441
4215 1081
3748 3419
104 1583
4314 544
3960 4243
3071 568
4119 2844
1761 472
3632 3825
3309 2100
41 1836
1849 3653
395 4449
1290 4499
2206 464
4058 4485
3307 1322
3309 429
3776 4457
3453 2542
3480 1482
2479 470
3719 695
823 826
258 3249
20 4422
630 757
4158 554
2333 3430
969 482
244 235
1679 3338
3747 4086
2429 40
1661 2756
802 4084
1161 3775
808 1453
3710 893
1327 2797
1450 3829
4039 4113
496 1014
4188 3066
2207 1458
2230 2756
2941 4421
1559 917
2572 179
4231 1207
3342 3990
4229 1704
3702 505
1136 980
3856 3597
304 1220
1966 4356
744 903
92 3697
3170 769
2533 1914
3366 1945
323 2915
3355 1015
2907 244
4088 1948
1108 3827
1260 3405
573 1594
832 467
1098 3644
948 145
2365 15
3292 257
2091 4023
4229 3674
2424 4416
1770 517
264 3070
3600 3116
3745 1918
2707 1772
2672 3087
769 2892
770 4447
702 1104
3859 1502
3508 859
2980 2421
2619 2335
3129 2331
4231 2427
1869 4465
895 2456
2465 1949
1754 3210
1096 1964
2258 848
3684 1478
4021 2774
1012 1674
3916 3721
1089 2281
1746 1380
1342 1968
1513 4485
2715 748
646 2072
117 1927
2098 3744
2526 2840
1113 339
4302 3116
2721 467
4131 1665
1722 4063
268 3048
3208 3302
1191 3890
2620 3138
3176 2272
176 2556
4394 421
2626 2081
2721 3169
3491 1121
4087 2064
3619 4196
1520 2876
3930 2001
3462 2085
1193 1641
1690 566
1659 3371
3700 280
3507 3759
2538 852
88 1675
1830 3326
155 3116
3847 786
595 1199
2928 1138
2029 4082
2449 2650
3477 1077
3035 2000
1012 675
417 4248
2214 2727
1375 2635
2114 1148
2456 2930
2011 2255
2987 618
1558 3467
720 546
2253 2998
348 2116
1994 3864
1138 2350
1042 3140
1211 525
3824 976
1801 4315
3979 751
271 634
2521 1417
4234 3644
813 3198
933 632
3621 4054
2691 1600
4460 235
716 1587
3913 816
133 842
2822 3260
2389 2957
3120 2551
604 941
2229 3066
384 3931
550 484
2753 3447
3406 3642
4341 398
431 2618
4217 1721
3283 2756
2209 2435
3314 3449
483 454
4363 3401
4274 2940
3271 1602
1200 4034
1502 527
1912 3313
2432 2539
1034 1578
71 3905
2954 2894
920 4318
1562 2144
1358 2847
4343 3221
2748 815
2851 2586
2997 1759
270 3695
3775 2399
4398 3813
1267 2374
579 3127
2984 2354
2530 2183
442 2779
590 2841
3943 2466
3866 644
1312 223
4499 262
1211 3459
3233 3534
3773 3869
2487 4162
3021 370
868 4045
1713 1845
1865 366
1097 2211
4199 2813
4372 2492
1052 2829
2806 2507
190 4123
1360 1569
1557 2697
414 1610
3160 665
3504 936
4210 1865
1936 1925
2074 3478
840 3474
18 920
4280 3436
2261 4300
4458 2712
705 4385
622 3168
847 4370
4470 1764
1630 4156
420 502
2000 1935
2037 59
3049 1213
4265 183
1622 2649
2556 3732
2874 304
140 4248
1705 3500
1439 1497
2675 3315
2402 2594
2190 1659
2926 827
727 1409
788 873
2233 1696
930 217
1553 4306
1819 3908
2342 1584
1788 4225
3142 450
850 3199
1718 2820
2341 3607
1788 1707
2003 2599
3695 2281
1142 42
4449 1956
615 2716
3845 1082
3338 3570
876 770
2208 2834
31 4382
2387 816
2916 3457
314 779
980 3706
2569 2113
3716 3828
3245 2516
3782 798
4325 3642
2479 1267
2956 309
4044 4082
1123 933
2187 4197
4035 333
3035 213
2946 4356
2267 1263
3417 2295
3887 253
1815 413
921 4170
3776 99
1297 3858
2108 2489
1753 730
4403 3491
3139 2653
2853 591
2905 1464
950 228
3828 1338
1237 272
3261 1603
2098 4131
893 3249
500 2437
3941 228
1439 595
3392 1420
4420 42
1207 1982
1818 1435
1544 3937
1241 2978
560 2142
3358 1269
3781 134
1506 1159
1839 2186
299 3682
657 296
4224 4314
2064 2467
3771 1524
2047 2892
1928 3785
2746 8
2261 3500
819 2666
1460 2722
959 3357
3092 2751
4137 2385
1833 3914
1719 1401
3920 2424
3437 3384
2558 2873
1013 2742
3125 21
3848 2798
3620 2908
4293 1662
4362 1878
3294 986
1337 3491
4114 4429
3234 902
3342 1651
2921 3698
2633 3125
86 1394
1807 4412
2721 1739
1354 1251
90 2136
3740 1947
3864 2252
449 1319
4474 513
2189 3400
3130 1823
3134 501
1650 1543
3895 4380
4011 3385
954 4101
822 3009
1276 1213
391 3328
2483 3199
3986 1326
3884 634
3608 3004
804 3088
2269 904
1093 771
4028 1958
2635 2335
1923 898
3053 1745
1254 78
2136 161
4189 3779
232 3859
2987 925
2723 3800
2662 3179
2281 379
1409 2171
3309 406
1990 220
2558 3279
3565 190
2433 2790
3345 943
1863 694
3345 1480
2612 1108
82 2767
2054 3433
4237 3593
93 1833
1880 1254
3078 662
1298 3135
4408 1515
2800 98
3527 2522
4465 3848
2299 3583
812 6
1687 2789
1387 3168
1150 1712
2439 9
2716 2946
2008 2558
2457 1740
2422 3210
2402 202
2287 976
3865 821
1002 1562
3293 3851
486 3824
1562 2482
2882 3632
987 3039
2774 1131
3263 405
3905 1281
3856 204
31 2234
681 81
892 4422
745 1732
4377 660
702 1307
1259 2237
2365 546
3483 46
2928 2603
3570 4039
994 1404
1097 3971
2389 4365
425 1351
626 761
328 2087
104 4040
2445 3118
1596 240
809 2982
1037 3385
4312 1812
1618 3308
3946 159
279 1586
3347 3175
2863 1882
3828 3739
4022 556
2043 3728
655 123
1363 533
1887 621
482 3632
3237 3880
3753 1606
3544 2422
1879 689
846 659
3680 2912
3614 2532
1281 575
1187 171
3977 3388
2473 3358
3949 1798
348 2841
4214 894
2975 1237
508 145
1568 1219
816 1835
3270 2028
2216 446
4470 525
2869 2708
3218 3185
701 2967
1113 3574
1852 343
1179 4120
4321 4490
1760 2026
163 1974
3851 3525
4027 2715
1220 1864
2968 3629
1442 4131
3753 3892
541 4492
2768 3710
645 262
362 2728
1676 3613
3535 929
217 4187
489 673
2032 3381
514 2082
769 4122
164 2754
201 3157
3932 3677
1783 460
431 378
3365 968
2444 3515
2871 1235
2213 2176
2142 188
863 2121
59 2630
2011 898
1237 3660
1028 3033
3006 2222
1680 507
2388 1064
1746 3106
423 3180
2621 1444
4262 675
1634 107
623 4364
1788 1893
3458 3710
3889 2832
838 1511
2394 3437
1982 1778
1347 219
1591 1137
271 1438
4307 2026
4369 4099
249 1416
4316 4408
1134 3253
519 3637
4344 350
3788 67
2360 527
3681 2430
2015 2966
2213 105
3964 21
3188 13
379 1361
635 4344
1449 2628
1861 2882
3441 2139
2772 3608
3212 2699
92 2611
1197 169
79 2202
1597 1492
478 2857
4179 2195
1780 4090
3564 803
3850 583
2739 1939
2227 389
3934 1543
2022 1029
2860 1278
3678 4180
403 3928
2259 1890
1412 848
3351 3785
791 562
3782 337
3545 3850
2653 602
1558 2709
2157 1656
822 1382
1210 4274
2125 4305
3900 2058
4391 716
4487 4251
3665 3990
2587 3178
723 4260
4 2099
2717 4409
233 1484
1712 873
3095 1683
3022 338
2083 4475
3433 908
1921 1408
2182 4028
4395 686
1953 3068
2796 1371
4152 4092
4133 1206
1560 2230
2897 1913
2535 3793
3031 4349
781 2009
4483 1864
1831 4149
2285 202
1563 145
559 3763
172 2031
2214 674
1205 2124
2027 3237
1916 300
589 2568
946 2865
1929 1544
4164 2574
1356 2229
1856 2128
3610 4442
1122 2858
3774 3984
1586 1758
378 1463
1779 1940
2350 877
1616 1682
350 1243
4234 4133
753 1385
173 1507
1227 4113
3976 1043
1876 1452
3029 2141
3132 4116
1301 967
1915 817
2360 48
3053 3648
1018 851
4434 2385
2363 3018
3365 561
2051 3354
902 117
2705 19
1275 1333
4113 1305
113 578
2065 4339
1265 2152
604 1821
1940 3092
17 727
825 716
2754 817
3941 4398
2662 1404
1330 872
822 2846
592 2346
1272 1206
29 2166
521 2202
3174 1148
1603 4234
3915 1619
2608 3159
848 126
851 971
3864 1881
4278 922
2990 3353
2968 1855
855 416
1553 1579
3920 1602
3490 137
3909 1731
978 3420
973 4063
1720 2661
261 4476
3243 1055
3143 2997
230 1594
4384 246
3505 3416
3878 1246
2518 1
1456 2576
4056 1429
4435 3198
2229 1429
81 2876
2757 1934
2534 1661
2741 2164
1289 1901
879 4048
1798 2897
1189 2297
3615 3070
3286 4014
4274 1911
1041 3720
4105 2184
1964 1987
3810 1200
3509 3239
4446 2481
2100 3123
2854 3975
3671 2381
2408 2936
4077 4467
2922 34
3772 1540
430 13
3150 1551
4455 3083
1738 2038
3697 3267
2528 2779
1910 615
1168 1677
3107 3023
3604 3129
2966 1332
2977 642
1358 3859
20 1824
3144 837
3061 4335
3470 1702
3851 122
4292 2462
3863 2693
3999 835
3723 3893
2968 3577
2269 3458
2997 612
1516 1341
184 2817
2595 3430
2637 2973
4483 1870
3131 1902
3161 3805
950 1235
2252 2099
1511 4372
1976 2531
633 3599
2188 2348
4003 1182
3090 695
3923 2972
2989 2629
2594 1364
1501 1550
981 539
4175 583
4094 2552
3039 1982
184 4343
2424 3854
866 1302
1847 555
1768 2972
272 4015
3795 2395
976 4219
1141 4261
2657 2312
2512 2368
3701 1965
2929 3725
3001 3265
3938 2224
2657 2762
2763 3152
773 2926
3172 1417
46 2316
635 3547
2994 38
1332 2994
3163 4147
10 1860
1286 55
38 1714
4230 3040
3120 3238
2542 2137
3007 2170
3297 2937
2307 1882
1228 3755
2874 3084
4124 2824
1225 1679
704 3667
2480 967
4276 1528
1686 675
3356 391
107 2953
3298 1616
1136 1854
3979 4040
3292 1965
3768 1254
256 2687
3047 3318
1949 83
2700 605
1811 385
1066 4001
1296 4430
1136 2804
1669 3657
760 490
2340 502
1160 2824
2363 3337
1861 3738
1689 2317
1978 2441
4174 875
1972 2698
1360 119
3525 3467
2921 3396
3039 4338
2326 2940
3312 3461
4176 2052
1462 1381
3392 1828
3778 1133
3856 15
788 658
1689 2173
2781 3388
1490 3187
4394 1618
946 4244
3495 2586
2982 3944
3376 2139
1526 2238
3799 3068
663 4251
2499 4295
766 2503
3811 4364
2386 2152
806 2401
548 1566
2339 1089
4034 2334
1873 4355
2197 2075
1025 3169
3892 4014
867 1891
2647 388
1714 705
3824 2932
1849 1462
407 3
1780 1184
1546 273
3228 965
4491 3111
3452 1976
3761 1976
325 1605
1751 670
4132 2077
4184 3148
2245 3008
2599 3835
3596 1173
1646 1327
2474 4143
3522 819
2650 964
3952 2963
2533 3886
954 3827
2580 2570
1184 3635
259 4368
848 1203
2159 1669
2611 2301
7 1124
1520 1108
60 2178
1316 621
2193 440
3476 3088
3351 1509
1465 2329
3400 2623
352 1151
4185 799
4376 4399
2521 275
1363 2059
3590 1800
1572 132
2693 2733
698 4293
439 2566
3305 3591
2388 2277
840 367
1908 521
192 3932
4237 165
1050 2630
1828 2898
2894 2212
224 2290
583 3414
183 2368
4129 228
2555 465
2826 690
4277 1460
1444 2990
1480 2896
2103 2670
3112 1751
1362 3868
1774 2027
516 1106
1472 2965
1656 3329
4033 1035
555 651
954 2397
3866 576
1036 476
1348 3901
1344 4235
4347 2275
1040 1853
4347 4121
4378 4043
3290 2328
3121 3837
329 1719
4075 4159
3609 1561
1415 3001
1755 3929
2046 28
3075 2189
1071 3401
1134 2185
964 288
1710 4141
318 1763
808 1420
1963 3791
1730 1090
3513 1650
1337 2855
863 1541
289 4247
1225 3427
278 543
3121 1825
60 1296
3769 567
833 2108
1548 2089
3670 4219
1809 1375
3260 2527
4249 370
2613 2740
545 1347
1483 2474
1560 2178
4009 2362
286 3534
3217 3441
2348 3564
223 802
2256 2309
2068 870
3264 414
629 1209
3477 2430
3187 3525
1775 3439
845 321
2190 2349
1111 3401
781 323
2270 2995
1156 2526
3888 3576
3421 2829
3581 2132
98 1377
2813 601
3795 3385
4116 1989
4020 3868
2651 1169
2130 3763
3614 3494
4166 2623
784 1340
3844 261
2513 2525
3597 202
4213 231
2874 356
174 2578
720 3705
3917 3792
1096 167
682 399
2449 3186
2543 4290
3055 2350
4426 4076
629 4213
4409 571
2975 2471
548 752
1502 391
1683 2283
1271 1304
3409 2837
3479 2778
4330 356
3313 2817
576 1336
2696 1610
4050 2243
54 606
5 2921
233 197
829 3643
3290 2389
4430 4433
308 216
3392 4279
2324 3418
2553 1240
2533 233
89 2152
1689 565
3567 3361
188 2427
1710 261
1731 657
3577 2048
635 1255
4029 1855
1390 206
4280 788
3982 1731
1191 2240
2693 1758
572 2149
3679 4194
789 3425
3574 3170
2962 3262
2232 4362
1003 2054
232 1269
2576 4184
301 2673
3595 182
53 1094
463 854
2170 2867
845 1757
2116 2602
3370 3979
1902 832
3045 1631
4127 1635
160 3923
4475 4246
1015 2229
2045 2172
1329 1647
2501 3994
2457 4345
2540 3310
2282 1765
84 4358
795 2677
224 1273
663 1233
243 4476
2951 1905
809 3337
4006 2694
2278 447
1801 133
166 3916
2693 2376
1146 2933
241 1092
3976 822
593 3343
2778 1666
1158 3686
1280 3602
1645 2681
523 1760
3940 2555
4195 2546
3142 1039
2964 4097
4318 2441
2383 653
3785 1225
1288 2550
1421 2818
4339 1241
827 1215
3761 2779
2729 384
325 660
2702 2291
1291 1028
2400 2368
634 1625
4457 3643
1494 2971
3385 2942
892 523
2833 1568
2670 805
2246 807
1477 3196
1069 2175
3202 1480
3016 301
2367 753
1009 2766
1902 2453
3800 1342
1414 383
102 1635
2617 2180
769 206
4060 2011
1194 36
2174 4225
4016 1598
2571 15
2235 1440
2685 3697
1529 3400
2910 103
3238 1356
63 1903
2321 3689
3497 1605
1626 722
3566 2383
2916 3280
2777 3158
2510 442
3689 2490
3870 4133
2716 4436
3308 2173
1982 107
1411 2042
3931 3341
736 73
2388 1926
2850 48
2531 2172
1215 1487
1553 4009
2245 2517
2803 2681
449 1050
2573 840
612 390
2512 4367
1704 2362
1674 876
820 3100
1138 4030
3257 288
2104 1610
492 2448
2352 1547
1600 1745
960 4228
583 1124
4389 2919
2270 3921
3130 3852
4125 1043
1778 340
3560 3100
3354 2827
3510 2515
2032 2771
3823 1920
575 3536
4136 282
2103 3832
1660 3784
2006 1796
3829 1610
1938 3518
4181 3457
1452 3601
134 1890
1451 2228
2921 434
3845 919
3224 3957
2602 3778
1200 616
2799 2898
2837 1875
1740 2424
3853 2863
3350 2087
925 513
3565 3600
3075 2309
2704 656
2001 1214
4160 4003
2944 4269
2466 1675
1948 2749
1815 4044
1780 2616
2378 3091
2105 2391
611 990
3327 2516
3542 4061
4372 1967
4380 445
968 3604
2452 2656
3198 3757
503 2017
2768 723
2215 439
2442 3227
3335 151
3008 3584
4186 1654
3803 1916
4426 4204
1774 758
1266 2195
2688 2451
434 2445
276 124
2036 83
2890 1556
4308 357
2859 307
1801 540
736 1901
4217 2306
3480 1297
1878 2282
1670 2263
2506 369
1130 2704
1406 1715
2375 729
3403 1626
1223 2226
4303 392
2918 973
1666 3881
3768 2661
2616 739
3339 4298
547 1676
2729 3078
540 480
885 1686
1663 3270
3271 4134
3292 4352
2386 3119
1153 3915
2196 1114
4268 2006
2757 2820
1965 1363
3767 3591
1021 4328
3297 2946
1855 2792
1418 2698
3106 3051
1927 3951
1784 1914
4027 2535
3502 3773
1201 3618
2645 3284
4230 2277
3913 2567
1317 2583
2302 191
2899 4152
1425 1925
3749 1230
3091 2531
132 1427
1607 270
4273 3361
1538 330
2445 3741
2574 88
1203 1846
2374 433
1428 725
961 2922
703 2338
1546 3216
2294 4121
554 268
3371 2333
2503 997
3114 3268
2135 347
2588 3314
1238 2168
1821 1632
216 2868
3384 3234
3718 3821
1558 1760
1207 1112
1669 869
641 1034
595 774
3437 3275
2708 2779
2283 401
2307 1680
3870 1652
4414 426
363 2222
4037 1430
3353 2126
1053 4203
4441 3067
3880 534
3386 485
2306 667
2389 3029
1169 1247
949 3950
946 1895
2246 1520
3405 3146
839 886
1193 2054
2994 760
3808 3008
34 1362
4348 3703
859 3851
2657 212
313 2447
745 1635
2409 3787
3874 4324
3807 728
551 2700
2931 1030
4284 4001
188 76
10 3608
3454 574
3974 3302
4235 2037
81 2810
1872 611
2291 2642
1230 4302
2487 3389
1197 1476
1034 3858
592 173
3562 2668
4163 4303
61 1442
2921 827
912 2777
4004 2608
236 3258
3450 3836
3305 1849
2300 4130
2718 2026
1642 3375
3543 1853
3237 862
2263 4356
1923 4220
1864 1340
746 2614
2438 2876
2216 1790
2270 643
1793 720
3564 2422
1257 3423
2028 3585
4314 2353
2714 2481
1842 79
1191 3859
2557 900
3656 3325
2639 335
2250 1631
3407 2548
3610 486
3266 2384
87 1364
1212 2667
347 68
2646 1329
3732 974
1153 197
4139 3448
2120 2800
697 3839
3873 1544
2064 4046
3364 3321
