16000
315175 835238
40 99
311997822 897999168
829234881 951673536
552723312 816465202
6088 9234
5810364 9470696
145191 435539
734612 983374
154851 395399
147 993
38220704 56687693
174 991
37 99
23 97
66 99
2314944 8965907
313157676 520672288
12 79
38096268 96527338
184160 691379
482840 951404
18377353 64535032
425 824
2030 5980
1246366 7343204
61337295 94418047
13093 68621
499567 593606
185413 581990
40918 83697
29618 65211
547226 802763
244 443
129 988
2823 8128
26638141 75239863
27 99
170 969
133859421 532841252
79947 97457
24532432 50921690
3778 9476
127447 757588
1509 2709
66 86
363648827 750643416
56327666 68506997
23 73
411402 883527
134443687 898313773
2282 9109
5956 6873
19 91
620979 992605
57294471 97291041
115 980
245 909
12 74
62801493 94284308
263225 369507
2201569 9342961
686042719 999553876
81240898 99878229
250 932
3142482 9280037
87515785 94150871
278596549 856317449
5269 8806
177069 915321
162681978 478357870
360751 868431
665 818
478867360 903219675
32921043 77446649
59328613 99687158
37742 86674
367 719
6255 9997
2498 7293
21 98
49 94
4931255 9822351
16700 40187
30595965 97947757
197 811
606932 940934
16 77
48 93
138049228 530443632
112837587 525996575
6133554 9883646
184824 956158
3049 7700
37327 74943
58 97
1637719 6237075
45983453 94051444
121619885 611638376
454683472 785511340
76167996 93500310
5634497 7357159
72 94
3250610 9980859
16265101 57136079
146616041 839951397
44473343 68265724
202544293 899231019
146040 706761
74415 96528
364929309 998078009
317442 637924
18008 94394
81 99
30401427 39449162
111088385 804452298
17 70
2927471 9019432
3977 9969
127353329 716724621
2157 8951
45516 84129
251529676 792131031
14345437 91057326
409 869
11 96
13042587 82149889
37770723 96232130
66154 97657
114623445 988761027
32 88
32 66
13622963 97633192
1744 8269
86906914 95178183
10271601 46011962
554 644
1713 2429
11050931 74009590
547991 829739
54162 62196
23 78
1869216 8219396
784830 997342
14192 36111
12516 46821
41940 72048
588 929
16361 73330
3174807 9286509
21455325 82470573
326 684
254874 479706
1301822 8653558
417394 628273
165 995
628924 794691
5125 5912
208 775
1687515 8454820
390 950
2269738 5426063
10404 96328
113 627
339931857 421530397
224067281 865940123
3851 7317
3440 7522
16194 39122
28883 79483
159147526 905816361
507386585 951394529
4362 9908
47448 91743
262217 960934
232230893 590013983
576953966 968530686
100 627
26 40
564069 961845
160501 898021
3118 6582
21 96
7010 9563
245076919 975653602
22 42
268 672
45468 80895
2067 6579
6095502 9561201
2876198 3629936
6511 9331
1737532 3540287
27259787 93987504
18066 77843
334941 912804
215755 542498
44446135 91892916
19 97
2310 8896
14703205 27558605
1453 9671
27287980 43108563
104 245
8033 9924
450401 847308
627 999
5121 9338
11 91
1081 2299
171 878
6101763 9597710
244594 945345
40206864 83072100
1361563 2854103
16 50
15983172 94626545
657 930
43891391 92547169
213 658
4178698 5287917
52 99
6006 8521
518 950
10 57
2111 2954
596804636 859845500
265 413
1485 1723
22067 26425
16691841 68192330
24610 80755
141 584
2435 7770
26490 95335
27721 77069
1663106 9960350
10032679 24133040
26553 58777
1025268 4318125
39124 87886
24573500 99671079
56062169 71697274
150683997 910302668
385 865
345 818
33 69
84 99
211 942
230213 762385
244928808 883881219
188120 409164
747 867
14 56
26 54
3413554 6473888
88 93
931213 975047
503575196 869944763
4128 9759
33857 73584
6244 7482
261710221 917706655
303 972
84 89
12110268 55939314
1082435 2997629
5807 8758
406266175 995156430
105673374 649484570
26 81
44 72
47698 87276
102 469
12210354 87728063
36 71
1194 3016
284 724
122144 912238
254 731
14 80
2083 8818
7665916 9855933
257 943
13 83
51560115 98580193
4092228 7347686
5155999 9294079
52485 60540
191448 279974
23 69
3273 8608
1383609 9249621
21787 96132
253829 897638
4136915 6785239
26181 83530
207192 534394
4031973 8418779
2797 4148
114389359 952374649
211 960
56581272 88310068
66980 97501
555533776 943619827
8183558 8728213
127648 997317
1069576 9901394
25233 99188
25918 54087
49 92
5126 9347
55940 94675
412154669 609363157
5599308 9679777
176335 970398
6588 9451
29554867 75997760
2482635 5272216
30 99
5502 9779
1272 7343
4437895 9978995
110310 970451
306 466
136475862 751908625
25 49
82 99
315 837
405165418 662551076
265915 846217
217408325 651533469
23198 27239
14 42
2359 9947
77976133 97644437
7010990 7961083
42380289 80576612
3026 9604
543 894
11594 24289
57714 85041
31408 79724
54 96
66 97
203 869
151296545 554973742
26992 70349
266 663
3588098 4339973
67518405 95095862
15192 72060
3566 9253
434 688
13086764 98672081
52057 66496
376025 762308
19 95
5970270 7590322
1011965 9142536
399766425 991055743
2269766 8442241
4794 9409
32742978 98498918
30 70
179 890
1825882 6897032
6111 8098
176 521
8587 9188
14 27
45413 93437
11821 61612
1955871 3993760
5813894 9257747
826 988
18120 71006
7944327 9711506
3275823 5251403
15 29
6159278 9620430
305058 742934
415209373 609313799
38715839 84897310
41614299 90585574
542522 955828
379751206 906634160
14399 53467
266 586
244344908 991832690
138536088 238852078
11083 84553
323185492 738260137
4493365 9990144
192649413 949580375
13 33
1929891 5389719
19 76
2910 5838
607 746
410823648 791530282
4713721 5980365
56275 75110
63 95
2878 8387
391669 521588
1114941 8865699
3446718 8468111
2412 6788
159998444 577848752
104395572 285223888
623076390 804442418
27351 94187
457755913 763583712
598031186 908352938
16 92
80417817 94086062
10188 65617
19 89
190719 910981
172524355 776353706
17120 69956
268 538
3499517 8581827
563422817 879036890
37 59
3292 7987
52283 93272
180 567
20513 31313
67351570 76963314
74139456 88134465
420 864
229 968
193716570 796767748
288964 792332
194 470
12860 86217
1968207 6788321
3156 8791
161 502
11656817 78076119
3570603 9911595
11177 98770
41023804 91338437
5760 9639
48204 98463
1119822 5065018
86 98
21733175 71158085
18 66
23169462 75205311
357166694 755127754
23160273 39117908
27 69
219110450 738899220
2929 8825
36084 69470
470 871
18106549 85843220
3708029 9905814
2290 9295
2857 9134
22077 99476
67 99
108081 343383
6483 8590
118253 544939
15 39
21458312 92322431
100276 327670
18003 97454
463108360 985025791
637987418 954021602
285395066 556362002
128977061 944661995
1079 4959
498903048 872613515
1369029 7811391
54 78
15818 53414
212746 746600
10010 75670
17527922 85503365
71958 95672
335186 977680
305052 853545
1710 6470
29 63
13440936 86606840
195164231 701295369
13204 77299
25 77
1820019 5586655
5266 9865
1688 7696
505 929
17634 81862
10762507 88799267
7366 9753
292546132 728245410
56333680 99929328
683 990
44035 72551
3643 4759
12434200 97759457
7773955 9569367
16 25
43203 93138
2869482 6977629
49072555 55278503
24 95
2989729 9952206
192994904 605830395
678113 914386
78 93
44041247 93715405
11969 77823
3698 7666
1386 5110
10596 30938
47 99
1595345 7427523
58742 97598
146 991
4504666 9111630
5107575 9306323
1912803 4745291
393947 651286
3873 8647
206036658 585770470
113874 606107
20604107 94550462
279 323
683303 962421
13080 28394
425455025 600681204
455689132 850880933
15 96
5090 8413
127615752 831987037
71760 86105
57071637 86846103
83707 95623
15958 64312
4407618 9826465
401 714
762619302 994889961
571694954 934051828
518 898
12275 99309
114308152 642046252
217526580 409652638
1050427 5943321
9536997 9760982
6182 9738
126517 794021
4652 9476
290226193 818620449
540 927
12 53
180528227 315856425
331482583 943979591
1642050 6169957
46360871 78498592
747006 832826
200 870
28374045 72048476
640728053 769157251
27028096 49256400
526933218 744210041
5681605 8006145
52197175 62913195
1072 8754
2318 9152
10259314 60446141
890 948
21 76
279 912
14366 91285
5107 9467
276777349 847826932
438869 989348
518219 932495
3439274 8819169
5240607 9829893
621042750 707970665
4322011 6760000
9690 9936
267170 478816
2746 9753
371633867 835921216
49693297 78510878
3306 7139
5027 6947
5112312 9977931
40277 99686
467454 576292
57 76
145013904 988280128
33343728 85297834
47441 94841
4219863 8497871
869 921
20 72
131726589 588704862
1189 8313
859850562 968845743
14159 57977
3823 8083
175 833
2474031 9110620
298582635 996260818
2198 7922
24837905 64398408
478 882
4781314 9746159
15 99
4003 7037
141 791
126 772
1441 6667
10 75
173291417 952856521
22 84
1419 5055
513027364 694050637
3726 8242
154656 337471
46619 87390
3393581 9559479
1574 9147
42 99
110 536
225161 821801
28694487 96947564
2185394 8182942
254 593
2538 8569
59 91
30 97
12758792 25812228
222 869
234 647
27759 56894
103 259
27295274 78952363
4992 9329
140 961
167501 903774
10670241 65214436
128 674
140686424 959143933
15 52
4540212 8955250
132468 361984
139 760
394795 735276
850 985
56 95
637311228 986665958
138638 314581
3629022 8684527
2534936 4583022
334 921
2427 8648
445282336 713439058
1551261 3384599
7103973 9627142
106972422 914916309
68618 75611
6419 9132
238179921 835772916
3006 9952
36 64
27068044 73591248
1364 6750
322 917
23717536 55996374
1426 5969
1267095 3407588
2798 4889
22613390 83301953
28 31
15053535 71400678
246900788 753120359
28156455 93224062
23456 82982
43937 57326
408588329 893482214
2014 6645
2464120 5662507
11 54
3238944 6525779
399303 960738
27395590 76477077
37 99
11822 78354
19859391 64918638
10741 78440
1484 8619
125121471 842593935
3151410 3847604
174083 987042
12 84
2352 3819
453839605 967383044
417205 995824
306 735
140 637
244974 984118
42 71
699 977
115 467
1610 9146
274203 797710
6492 8800
269 803
1406 4810
1488417 8105636
37834 89998
38469142 93962177
16198 28191
536390057 797441528
69594 82615
104712393 482627435
2310 6837
823208550 960870397
763535 938561
342 374
5452864 8737257
787057407 814403611
471972177 973391550
30 77
55624 95747
12792 72051
32961 93135
1726562 9443286
5838 9655
253 872
610 954
7218 9558
1057 9789
34683 73025
7182 9963
4359 9841
15693 85614
25814702 68161728
284293 734492
629025 741200
1144590 7273190
137 670
274802 880318
2660 7450
34987333 84307549
81 99
320109 901120
416 885
44307757 79262662
193485 948487
1455497 9981111
24 85
135 841
331530085 657485213
378843315 989124066
117505588 685214884
156 717
1884 9961
23774244 86371441
150364074 970025751
3463248 5908237
117345240 726959595
43 99
477551 918465
10844 35329
26116914 96703693
26284991 95249019
10165766 20983978
449145018 749444489
16 95
306 866
179107 716877
52806496 96393555
11153804 99065302
200805655 918578190
13831377 63712920
21980934 42520533
139039209 939581286
33214908 88069828
3974 4885
232187275 440660740
49 73
69 98
6074 9552
25058 89010
36304917 82789854
158578 367406
34788 56834
5386 9732
45 99
31707 96290
1075 2580
2525104 5376626
1577 9082
10778666 71035393
12455865 29398622
195 728
186021 996777
1372 4772
192 682
19 83
579 931
37014 84207
241143821 642858601
29 82
1359706 8238798
2446 9969
3610 6202
61011 90102
2277686 6182972
2291 4567
48467844 91896084
53424 77293
401128845 998366164
142078472 862783149
88 99
66 90
89369053 99418609
848611205 959707161
24619718 80834341
10 92
54236823 97833716
25 43
157 829
1257 1882
100833 224195
870150 961298
2068 9103
7319763 9760485
1379 8632
142586791 931340451
1848913 7984120
448209574 809230672
3724 7868
7373 8720
16 63
21042684 85498528
36582632 70078205
1769391 4549897
212237 821431
6396873 7445932
584700523 978056147
3731354 9980224
281863530 974773618
12759554 83331510
58 96
124 584
9333986 9760537
20 84
202307 760409
16 37
10 94
21822 78233
51856200 91224406
326340 803186
291 744
11383106 88677707
13 83
38341 82454
343 839
2663 9165
2953930 9839587
307 599
30 98
1388 8800
1737297 9033752
104382986 692600574
31507 89993
4002038 8601176
1441 9654
62 85
466 899
5618 9383
28679764 89535586
125705 794251
162624 972141
43459 79797
1091 7687
22544 98411
56040 91868
62044248 88826676
11728 52775
67 78
292479 996566
57049678 98737773
143093805 969353101
26 78
4356 7134
364207513 824682826
18 65
10036883 57183454
400 749
1039 2377
118 653
793 999
101866063 572692014
298 887
46564977 94110728
173 357
29 91
103522464 460937821
170 348
78 98
472 778
34 96
1278792 9447655
55016092 72667379
347786 898955
10 89
659 890
1668810 5865419
50198030 87261937
461598650 972632063
33485 78527
6942 8914
1589886 2634274
13498158 69145450
1440832 6981383
3053 9630
1654 9070
52463987 90428568
19962 91450
77370195 98255164
3747 8567
5196 8942
185753280 793176913
14324338 69253257
817622 919526
61 78
237 595
118 154
137814 435760
682243 906877
86345064 95469897
1774504 3718402
19 84
90679059 96385292
1491670 2847229
61124308 72318538
532608003 903450321
11531440 89189996
74589 97120
5882 9775
126571 600538
6502927 9201013
5842 8837
133 810
63 99
1264 8447
49446443 91638670
7463 9996
158767322 926101142
93204628 99769014
3520812 9060273
14479516 83214041
39 63
160324202 567894014
110169295 759295519
78 99
420082 689395
373179 942590
2438 9657
2493 7479
158544 589911
375702713 878794023
5297 9225
1233 9931
291 493
322417555 460874318
79528 91137
19 23
34895468 70119106
20385193 45614076
210920164 499914097
117 962
47055389 94200554
23287033 35465853
11415 60324
77352213 99883478
127 893
234 672
28762273 54931591
2324 8836
33 56
545 854
266871 474168
36585 60104
119 814
25820 55743
27 75
76 87
161 649
10010862 21609281
54 90
14865 80557
11307 52757
19 99
5350 9478
1237529 8155289
188 960
4396198 9654117
156243 956735
109231 648337
192202 811208
26851775 52637957
120290800 867547159
13405 54450
20 93
525 937
117 184
274215 870493
3368959 6881966
1650328 6965976
142894 650120
105425166 688810326
148385475 455297307
52710905 74643490
11 53
308 817
250310233 652291049
4856 7216
233283 862976
327 900
12575026 65819001
456 776
49979106 72638700
44203 97918
177049291 949579225
8092 8984
10644928 93120483
36 69
37078 91151
2471 9568
6715862 7565176
81 99
551839199 921553804
17580 60645
830 965
343090 630110
2744 8954
23605485 58265670
17241777 97453904
1025719 3676225
12194 48347
371195 797480
119524 423955
15401387 90920678
1915688 8628704
170149117 525923901
413052 820838
1625752 9523491
118445 841052
13916 68024
245495422 986667742
361386061 635245591
4833395 9495846
11370 85156
5384 8123
26529 86121
594 982
296 888
181062235 659771475
1769 6106
58 78
1016 5584
3918913 7891018
14762 87193
6748011 9246105
33609 63331
347482840 790822629
454726 868006
13814203 99930696
57155383 74516426
221962 423273
1373041 8318551
446912 959721
4202 6332
213499772 456619979
1158201 9792271
81 98
4300 8916
18 71
31439157 90724125
17 20
4379240 8299880
55515864 94671717
500467 894174
3423755 7394340
21 97
528432389 712594627
350728041 540357535
194550 720525
65027913 99901262
24366803 95983973
73 99
339485537 925656835
380 697
461646109 983965036
17915843 43277099
22036073 31937173
57395875 93091207
2097833 8443729
12 92
13509064 92529066
243 527
68841 83383
109 889
3632 9994
24365 99841
52109 84020
197286 987638
10 72
10095 16470
617447 945637
26786877 66759639
15190 93332
48171650 82207009
216638394 635383254
5142232 7583142
6323 8336
734 941
1197395 9967557
2581393 8094874
6236278 7829332
730468655 975493504
318 648
564 972
380863375 912068063
31 99
10371091 78621283
2579 6320
5559850 7785549
372799 559235
368 862
13713 76694
14096 52215
4586 9045
28806229 90823283
3643 9960
517213257 981956616
421501 639180
91329320 96357912
5694075 8732727
6584678 7973015
1313156 5587975
4939 8863
17968230 69761284
223377149 978009951
425 964
4330 7904
41 83
17124189 59316660
505419660 829691628
354213 945809
13339 79937
177092 550359
32 64
529 872
399 872
56 84
1039 8163
90166570 94733937
631 985
1190 8305
4897801 9671054
16328271 53536744
1754 8718
330781073 772611040
249406474 926470648
10560655 91451070
2744 8321
3448 9257
2985311 4485728
33037240 93070680
78 85
585888626 786801379
12920846 63758622
3178 6165
361841 990485
221 984
2067994 7925863
3547394 7725969
1455 9102
283892751 917700706
620523517 979175939
27900 46244
319000 719496
8463 9909
18 92
14496586 99767150
24 86
3753 5693
225160925 367408921
49713 75075
141582919 865890896
38 88
7599796 9217477
264839 985561
31 64
2934 9369
17 90
19 35
15 79
141029 948666
153554 934020
17205067 59011074
133 890
15 79
138440 529176
209793325 747117069
4667 7079
128065 149410
15619 97187
1000609 6877512
1561191 7252977
18338085 73527813
173353053 801194942
5272018 8159466
897 986
213766773 990661208
10 72
2169 7001
64 83
10926306 72086968
23 87
32409 68286
21 56
168 479
349820 489362
1419 5873
13648 36127
1811 3627
1030184 1621843
3703997 9536019
1163 3897
583425 909997
2820115 9447525
5949 9895
231432 979414
394806830 891198672
78919589 99365987
25943 68525
22 90
49 99
48298164 86721666
1757299 9870204
41 88
4932346 7458779
2640 9529
4442 5887
1245 7506
4466 9907
2778932 6728560
161433 386839
151259428 694117425
304574 932380
18998 96750
435761 726070
3659870 8381716
206880488 787284538
364218 890700
122570 958673
37597600 92026430
22562378 89759127
1971758 9541148
175553 653152
16756 90896
465739 949420
253078 548064
39 76
17 89
692251941 912277335
323 978
342884127 783523941
205009 877284
281402 502963
45723 94805
47 89
8833 9654
290 999
1113939 8660928
1359746 9946284
39857 91603
35 89
6919 8798
16004 88571
17695 85186
1761594 5327231
54068 94732
10336 70998
33317 98531
17146399 59969667
114 993
1015 7854
81646675 97703459
281 570
329721953 545681789
21 47
1164273 5153426
6153 9307
37780938 90319105
140 831
634313 923087
2263 6846
10 99
41946 99054
13310 53795
37877 98871
64014 89183
75409147 94430291
12401 96479
163483633 774471095
201649 994163
131 374
189590497 960908328
1539594 4059581
274228670 841142944
5256 6558
2581702 9396329
220550 383351
651708 723883
132103988 475829252
45 69
10496701 56490426
68477 98596
354951 839354
307570 987479
217677 546681
100272178 421038223
8501 9901
6272 8380
5684205 7342776
1178670 7016124
2488 7918
272808 769983
3000027 9674566
7016 8100
3048350 9117366
232391663 691095118
200513017 589504420
39049123 59359844
8107 9456
426330 772797
33 99
15805382 54697334
212377 901271
244 417
235688 947100
2074670 5898623
274 788
312534 910621
20869690 54439725
1377911 8251000
6072 9134
145737 924061
58881 94891
173045 926622
12726 48267
449950422 621562352
13247328 40542182
173 680
257167 919086
160928 544174
1674816 6152560
1015659 7719504
2950 6634
6019529 7414994
196 411
4202 9613
232 947
3089605 9274877
440359 840748
243 506
5485 9428
569 889
159396099 524433218
121332552 782846987
18 53
19398 85748
20583 54715
321 631
12201919 88537601
1428 7717
142889 453195
9067948 9654949
9032 9948
2111 6209
1553 9621
466076851 743336649
3058 9832
138 473
3452175 7829923
1330 9201
126079 723368
7624243 9605190
7193244 8125502
2345954 2699570
368936851 663515380
1601 8639
17048 38345
43209 71710
1574 5942
41962659 84425311
153671523 617387504
653616 979490
59 99
1294104 6700234
2147 8179
189087378 741483073
34 97
374 974
370204 802820
125182162 981062077
410 807
19 99
46186928 77428857
218 516
1538379 3511204
145860894 587659715
213 719
111344350 467676425
110 512
5687949 9847144
2320140 7807164
30 94
136 882
105119923 915038491
2231849 7656264
1000588 5366975
107 312
198254 900350
34 99
123 751
3445 5959
4125 6269
74006929 97962162
279290 726269
1736485 9154453
14 99
571149 893882
2787 8859
1802 7739
16915965 55964614
13992 44234
142 832
79 98
477259149 687747715
5256534 9925614
17 95
43940143 47174750
7724 9879
240870 769714
1588 9847
824023071 892264500
31403309 50636799
563272 889208
15 42
39078 97047
30083 80536
158191 827762
23 30
3648997 8099515
1044570 6052245
220956 652614
140929220 978016458
530714566 889954282
608296263 841871687
792362892 972486841
150 920
29075708 44569056
2874981 8966122
39 81
2513795 9479341
455209 997256
650 838
105 368
24887902 87511152
105992236 317779987
26344455 27804440
104184 876488
15 41
2510013 9343521
33559351 91159536
667789 963775
17 84
26022692 85781917
18340 61230
247645 846042
3299572 9897490
348377 971512
292735 785792
126733 560040
218970 765244
40952445 67003495
75932970 95634209
133040980 901883417
38842 87550
64 85
2403 8949
273 828
44985 67832
4779 8542
883335937 971895316
367 970
42283605 81005334
2961949 4965002
5373 6472
1683 2651
14636206 73793202
12 23
34060 67824
144551299 745678376
29438990 76807947
22 92
63 94
3475227 7274205
153536 438778
633668460 956972925
5038683 8790551
456074 934873
5472947 8569829
600 965
15930614 69400388
587927788 952918596
210 908
6022 9130
14 81
163335 626470
21073 97153
35576762 92547522
75582 98569
234 546
31861 76852
176912540 749501637
23408 36706
18 65
103370 719550
10350233 53324833
2165 5584
4966876 9517529
171380 982111
49 79
6227 9838
13118 71048
3982556 8183682
270675 413058
4567 9047
283467678 840452420
10829 66998
239006 770637
43064867 85347104
2705153 5525558
51368 84310
1531 5616
1600790 5263105
240011067 529698141
2453245 5914252
16784 79415
162667165 554413311
2985 6810
224 746
20 94
220895662 551305577
13693 59740
4419 9530
100040 429238
17775 73037
508 963
16 89
657229 696594
145394 798658
310 505
16357 63475
857299039 909615001
104046777 513107046
32605 99981
202341 560190
29 32
2959 8329
45019 92848
43598764 84025659
29 33
30728 99934
207 949
581616746 705152647
282 515
23 75
401 917
445158605 645369946
312920 988362
245529324 886667602
2046622 6190917
41 64
27308 70602
147879 991303
656384832 894613105
69 99
509174364 998473044
21228466 90524705
61198121 77790929
194921 988165
32361570 95963214
111283 437246
86925454 90818365
107175 922150
118686222 245325361
93 99
18537101 81038522
1006828 8862398
313133 771409
241642 589516
426 669
633980 890804
236317342 416849892
28 99
25 84
52776439 85529721
2745361 7432952
2197516 7557707
147 854
125 530
174980233 880339695
10 66
11213 81874
132822 516286
12015 57426
14 89
233012 346500
21899348 66813807
16956 49408
183 963
2246163 8478550
652222 957082
439485557 842144447
2446155 4562885
31516 88894
21110584 95875277
24957954 60584991
4201043 7281463
24471 99159
360224730 837003144
11730990 36119162
8983 9921
5760 9948
48825547 92933236
282178 612156
195058515 947673256
107422349 618253681
246 429
62565 94003
146 222
70 89
7268 8336
54188764 98877734
1788 6213
2965 8620
187897382 514624283
100432 231394
299732281 801679512
255 876
1956 9990
382577 879523
400154 795948
485 800
11 96
40892436 97021548
93 99
413449168 783663056
523 933
699 985
53642796 83781311
15 89
41 89
16719443 99040532
27264480 78754764
15901785 88696409
3758092 8986218
12145097 92709269
7694 9668
1667944 4746258
5960 7720
11318 23758
3354796 7277939
15197312 84261502
105073 182669
51966 94053
55270678 96429655
110 173
36120824 93765687
1289 9630
1844 4819
773058914 956923956
380 846
113069776 592138433
65378 96657
10 82
2817056 9827078
234 978
44183 51847
570228270 930088236
20934902 61210539
84 99
219786079 906276354
22798963 98993113
455214 757053
372 666
296242393 991403421
45 87
57885445 99767971
5763444 9885208
5055 9650
18 52
17 55
550910794 897044390
25677 92084
10363990 77191307
2359976 5506884
344179871 929593644
64 79
221446 668147
16811 93431
160617 616773
27506144 31644044
3100732 3719990
404057028 728746118
20724 94793
30 74
10 48
2687 4908
472810350 834879389
29280148 64942459
37783004 62752495
23599 83662
166 467
22849570 95814036
2909 9853
6804 9514
187721 987366
329 790
275 752
2598 8888
139 631
111714 866772
4263789 9954142
68530 93909
13046788 45367318
215589 756485
19 50
170475 548321
11683461 59195235
103344610 134564481
5622163 7451883
2427758 8517493
10 87
5987053 9632346
219 748
26488463 60973414
125 935
22835945 67814292
3939789 5204144
646 752
16352 28535
789641 925813
12203 70872
15622 70410
107098516 339098063
4140 9848
21699 49766
217 421
41310 97409
12998111 89553380
23221975 93137435
1009942 3067692
380 993
206314260 783148254
324 990
1949853 9306052
599727055 905164904
17201 68341
19964 64272
271162862 553336756
101021150 754039371
352 990
45557 74456
107099122 924480622
7647888 8401205
5385730 9984441
16 89
40940686 74978226
27 72
123346076 511269735
52226372 77655309
56697 94226
224730 713166
611691026 955622466
881 999
53 67
231097956 484284368
20 94
47179000 83605208
7986 9953
26268 50305
89992740 96433235
669574139 977060727
170 996
483585 748773
176 908
557116356 694493082
585 639
1243 5578
19531726 38986274
13660 35158
275703 765740
233423 924567
204520 821333
298 947
254 746
518183812 859278092
8358 9380
111387989 913007971
1209500 6955823
3863 6628
800246844 914615330
115683 332668
1415 9381
33 73
7880 8896
4465858 8623114
189 746
22080 86581
4714 9342
1408 9897
118042567 570536201
3224201 9601025
1058 9303
31763 77027
5471 9029
339530 580848
674722518 820914148
43944 78344
147115 462650
1598330 6474500
10040 51458
3374 6638
1427 6748
353990572 468185814
1318309 7160390
278 431
158 518
11792 90677
940704 966229
14005945 68996653
396 625
3473878 7437571
550077823 862345891
14428 33339
322457 958974
10242 85775
1401 9112
1063239 8015749
4717 8826
421727 994950
52378 86243
20283275 38011013
619069 971236
255521120 602085377
19 73
191516907 939621874
65262 93079
100863 277884
3717285 9063685
3623149 7041718
83 99
12616647 29522815
17 57
200484115 301463032
60783126 92815572
23 87
189570 692105
1606930 4057802
21737 72037
22282 91673
314586 790533
347 664
72 94
112221099 541097670
182 949
301055654 998440389
658652125 919007751
584 795
1730 7464
79542 93901
554627885 984504447
5960 9823
2139130 7571432
430 951
246835 998505
246 702
1364 7469
1568047 5945199
15062957 73412596
175199535 375118569
201628554 651874835
104333843 820847253
16495 65373
28872 51395
1126 4084
48711178 91191703
1254 7459
67459 82782
34930 61595
22646 88433
770518 975250
13054781 72164041
1989 4740
26968950 96923064
18009 92703
399628199 631854279
31875 92936
5170750 8780205
129483 807792
5132 9277
230254080 879786548
169 603
6049190 9231343
1353 8244
126474444 741227092
424917429 999819652
280626 953957
25 86
1079 5161
6620289 9658410
41176 91815
16579806 84970563
311553305 972408956
67985733 78987108
339965 991026
3061 4851
219005967 890349522
24 45
136904 950699
464 908
152 746
1072 7087
4270 8304
173860 599219
6948540 9320654
54166397 82821152
3843 9557
10723 38419
187 916
44824 91219
1005870 7449410
1623460 7128311
37 79
143036203 956334010
1803 2430
1807919 4395132
1118712 5966680
2514640 4518243
378103002 661126404
22152357 76023036
28397618 81948731
117992 390777
36653 84173
342549 871523
750686471 887379823
1505245 7628031
6334991 8247204
338080962 493432974
71708 85070
799470 973158
19647605 99043106
867727451 982786216
582656930 973480783
173 932
1611 5237
2381430 8735224
25906914 90448096
456422164 736105514
149051467 763134207
32654408 92190698
201825 375678
72 99
128892 445183
269165773 788031257
3071 8205
626729 864460
14 67
2746130 5228822
46483216 99492357
9325 9912
307 917
293 803
79914840 98778246
148527 623597
4040 9679
77 98
268114588 806948907
7411 9835
19209169 62212845
2076809 9166297
5740111 9396950
1926404 5265256
39168 72846
138689671 608088071
26316921 55518853
128532 759097
269 988
156710 997027
16922 96718
363060 869376
44 70
11 97
45 78
1142 8778
2678797 9763193
103 856
20 87
438 914
56233514 77649708
39440333 93141076
545 857
393356 836984
2676 8646
334 962
24 91
578 730
467371 975425
44 98
1333 9962
519209605 692909209
1091 9287
1546638 8670914
11795062 55496199
2552436 5063429
50154143 74990981
3303254 7687388
4485 6162
6898 9796
137621 612801
578 869
36577 67442
2637435 6057020
39474 92865
134136913 770040796
14056345 44345947
133667 344090
27559481 87426902
513955 771807
1342467 8934917
579475020 787979960
633349 997700
13718 65988
22615573 30870940
17860853 84536110
5909 8589
16851705 97147814
64321 90111
4519137 9615277
33154 99535
135246316 683880911
53053901 96412354
289858371 976815857
927471968 954525192
44 80
56 99
6967 9300
32481 89495
9016511 9938927
3345180 9684847
595721 897814
8246 9748
2253618 8212193
315368864 725621702
718 881
1214977 5713630
594 943
8180689 8760963
5382 9995
171075965 702764454
36380843 91727420
269043 925938
389526 888757
224197455 666105371
480478589 998579272
340992461 952331689
7087254 8893405
199954 703422
3958 8575
15775733 87887265
2173900 5463624
11 93
336543532 863462712
11 30
2289 6528
1103 7052
2259587 6751960
52 79
39827996 81651628
33491 94476
460541681 905521442
137967 841706
26428829 80622767
1218887 8040048
238 433
109545842 838363661
925353 946936
106788370 953280946
31 46
1080 4550
172795631 913766596
1106 3165
163 685
223308408 947348354
33104044 73994888
12424032 50122767
18960 83058
823977 896010
106 683
22496058 64684069
13 31
139092 989458
16530004 44839446
79 99
1377144 8717056
107432 478344
11057133 63111885
169384 534785
149 826
63628 97864
4496 9797
71 99
5149896 9508462
405691 797836
196 680
1237676 5943664
126421 721472
134 359
544709380 940502209
675 954
47902 88706
3813986 7528860
251430 979462
3040 8923
81040 95141
5814098 7230171
10624 67002
412422 937495
14 69
1012 2680
12 32
24 78
220 968
416050 992505
728 895
47621786 93410706
293447545 584443261
4243 8830
23468347 47230045
146734614 985114420
114818 696892
659425 977146
91 99
82485 88143
64817 96211
2590 4973
1308872 2104052
1404863 3480812
11 43
12425 46451
1011316 8871216
16584343 84655812
254776 722862
10274600 75785566
471 650
1031 5337
327140 779570
585 984
1211 3972
202756 557615
1998423 7334085
267860795 992166368
26075 87986
946 975
2720738 6245920
600669 822402
123186 653673
4090 8703
21 68
19937 28605
11 54
463 875
368852932 647061268
8388 9307
304 714
2139692 9203030
231172476 983758738
163802 978900
106977561 832419993
1398821 9602686
353125439 628062644
32248991 78926062
5533 9632
2295403 9447920
1040 8678
13744 28497
551 961
21 50
562298852 947875111
85 90
82 99
16215 43523
2929277 6202483
346 929
532 963
1854412 8468085
754832806 971114510
2283732 8876410
15 64
2948 7282
125098 359174
1452 7918
26083993 76083478
14202773 89286384
11 79
317 856
44086 92027
14394467 96924762
1232142 9277139
5682388 9583724
17 64
440149092 892546513
108 549
38913206 99808660
109691200 359447473
81291165 99107355
10005 67059
19 99
565214 959088
5209833 9996923
19 58
425760305 916250055
3806184 9410555
5565710 9047349
100 487
7490722 8829797
11214451 90844329
42 81
31923205 97515485
20041575 95102781
14087 80719
41227537 76608189
180 782
314343133 996367062
3437063 6620106
2879 8651
477 961
1429872 5149914
58445834 89525902
158482 673531
3424 8315
141669323 975394716
165687 950557
10432 35630
25965073 46717336
1076 7266
49693165 91918864
1736791 2446881
29 79
53868 83237
4843 8855
2524224 8937053
39963630 99019203
599 706
73132979 87633305
93 99
281 791
5094 9053
28108355 44472957
10963 56293
5824872 7858074
780622324 965900958
546 918
188401 480179
212 754
12 39
4100120 8441826
1081 8468
2340 4692
594807915 981335203
28105552 89486711
20933 95524
400913 715656
66802 86552
427854 716144
10858 54360
415561 943676
109353 877548
3573744 9965225
218327790 889990699
12 87
204365 391309
114483668 316764914
3257 7522
118069081 830503802
17257 92280
43543399 95562415
576696687 995891957
11 50
258379408 858852703
316 981
8554955 9613169
497 764
437322 629688
12416 91651
18778623 99349695
11449 59670
143089 827302
54 77
25276 78293
27103145 66693286
370913806 614821161
4306 9298
3555986 9861583
5504 9105
13482 76248
421 765
114807005 920493088
141383 952015
393 607
2557 4699
195420759 630426611
290 747
181011290 858320509
20437 50449
500239316 904753443
165 863
235 388
10671712 67395911
1952979 9788467
49 94
1002 7673
7182 9949
20454 75357
1325982 4759304
11913 38699
88 92
6409314 9956572
13 30
2295 5636
30529 69586
156628 258109
189 810
15680 62999
32 62
14 96
28 84
877457256 941846145
235659 639154
173836 540441
323 428
565 726
13838 57930
14205 45922
229294597 939187816
2857 5320
164652 707340
24 43
21022 83691
647601 713507
67678 88126
36776038 79465540
153 667
22668684 98848119
110721472 572568317
13549924 76151423
1752290 9181633
6551861 9025268
581 989
6124410 9960311
54453810 90711557
286375031 952475923
2448 9295
369789271 927116381
17 70
23197 52342
13 62
524 878
16925 87558
3424025 9194686
153996 868164
16185 54764
746208 982991
61386 88045
3134562 9643429
221165477 638107496
28462 62082
267482780 670811364
74 90
102043 947313
21 64
15845 99255
11768133 39700797
220793 600982
47309071 62981622
317725467 960648577
1010 2521
871602 936007
7424023 9380081
7070136 9284135
5409642 7349845
168783359 982509950
2899 8221
361397473 929970266
153333 964951
119715580 948566753
218 827
29886518 61342798
711956350 840050878
34493485 97553834
48089 71054
2970410 7603400
336501389 871338438
3262924 5749763
158427678 744035479
11 70
6732107 9273703
16 99
19559 98295
151661 998168
1203302 9814961
74 89
1359799 3523655
56380 99576
31 58
69076 88355
208 820
164 669
554 976
20490436 65136918
70825 98699
61 97
1020296 4818926
131376939 872385702
2892261 9775890
12818613 62395711
15 89
4436 6546
317838 870617
668 979
280 716
63660 82981
122854689 955715076
125 981
1800 9186
261729917 942267855
123 917
61 71
109252740 970044278
368 995
292168 765251
108 770
22264 94373
33388 88520
101091675 849098188
19 96
17 78
89112112 99793912
29993 70971
27332826 67267349
14 63
22632743 54096977
3589 5932
38716 75626
383472894 985409863
1418 8159
8986068 9296678
397315 756131
596 987
21 56
127 491
491303205 769162379
19 99
18999404 47352590
1556136 9828695
106 214
146 765
28 84
63702 94459
210 954
229 733
112403867 754067306
593 960
2987833 9420793
71825194 99791421
831 991
137196831 677327984
175502 755950
21 67
79 99
102769 658640
1741 7919
32350 89325
396 941
56 93
62 93
616155404 912420449
18 63
20122582 29384300
563 950
108 596
2559715 9905036
102305 576886
12 73
512050 975027
1905 9894
29 66
533430848 864961664
45 94
509 963
782 929
40992087 99195013
1469941 9098770
59076218 81110509
81 99
20312 99267
34885 83648
25 84
19841 43534
3018107 5322208
38138073 98976685
147223 742262
5159802 8924125
352 855
383185391 611298312
2476 7440
19116905 95971203
28305401 94239402
714683 921525
2541783 7566209
725 969
256879802 545785189
221993 838308
22648953 72826160
20 73
171 977
232 760
1023381 9484091
875 987
130800 614735
580122 747256
44168 75689
3326 9248
541944 607568
5295297 7061886
464893378 981268491
6904 8718
606 838
382653 964914
784 964
2071 6421
5121768 9743526
146148 999693
74537 91540
136 996
140472 757770
126 499
59 87
35 99
174377 299003
14382 58530
254268 744735
638 853
1545 9961
6723 9550
352641 631466
173080047 945693476
255501 847642
26 54
63335 99960
217155 297032
1904 4822
1036318 3928563
170090226 806665814
2480 8974
52775382 85483617
106 265
43827 75324
316209 736410
496796730 942823614
1451043 8295046
73561933 98057935
15724225 99974927
2519965 7863057
455356030 998107970
147420271 677488396
3336138 8253926
182 929
36 99
289382063 823545093
124098616 988134213
2596 8790
1621707 9986240
13433192 83262314
437501 725926
445111 988575
1927248 7191622
456216638 943617412
2752 9018
84803693 98152060
24261661 48362825
3990 5175
262873582 649995329
510539 888902
10690239 62988917
2706271 8616315
61 70
1570842 6344443
5330422 9778967
15233 79775
2951 9019
26 83
1864 9972
24 76
152198 565959
270272 610852
3518 8262
1378625 7600312
168947 598659
20042549 89068084
46120527 92664541
203 856
322825 936949
220542 942885
52060803 71766137
153813 380334
46 59
249997 967708
1564 9449
330 443
6546 9906
34806647 39964844
43299968 61560310
54 95
1741756 9918850
203341 739114
102 748
25060 51807
16841091 94486790
2550278 3280970
64 81
2580 7131
37 99
1570314 3646342
50 94
34562504 98052745
10 91
11 78
25022 87366
4042570 7252447
50430 67005
152913014 897593935
297489 620705
268220 470970
269078 841953
6549 8955
1725747 7349378
197 979
83647402 97713010
506384 933743
51638 82962
15926824 98055212
10244 64629
145961232 725806179
3789599 7995246
2228874 8626523
397 727
11158304 63785962
18772 93021
29 77
56233 74864
6012663 8253750
263602 597203
1209734 9182543
11356065 79290730
365932 994899
430 819
237051433 965969149
1409 3881
189409 666171
27831 86713
18 85
14 79
5390600 8159862
4986 9501
54058761 88604207
12730365 92870380
44 68
646 978
52512 61470
17207 95063
359096808 741751139
268300510 586458843
13633 85641
682692 912336
20993193 48821735
423660827 996298992
163889926 820292744
302 589
724 894
14 75
317 669
430885829 818400846
121 284
18 54
32354437 87703907
665520787 937274992
12968386 69722597
18918 87018
7410 9810
205 589
237838 689806
69194335 79020157
2109531 9474900
379 671
4481 9178
124581804 624382676
1134024 1562214
132 681
317598855 774717167
1480 6474
243 893
6321 8976
85 94
3038 9784
2569821 7904774
167309 737985
13 96
67 94
252546 807202
62 74
45 80
5250765 9235461
22 74
3159810 9814201
21449964 92996965
42 81
15030 70391
19 46
41413 65097
165191 969917
242 894
455 982
52 99
3438535 8526628
16349271 49475355
260558 795155
180073855 763435114
33872 72756
51065785 89653983
388 665
12 99
14550 47980
109 675
13 95
12 87
3224322 8521527
3835681 5163940
529 828
3893 9881
158 960
224061 978209
35 94
158325370 828281600
5034098 9772481
1919372 8448340
1252 9042
315 850
23945 80069
28 71
65945 94512
1089842 2999760
131 751
48 99
1295 2001
30793 66539
84350942 90208495
2141 9494
212 955
3220 9463
25 84
272444 915310
11612234 54170057
246 753
43 93
18453963 52582440
11 90
422181 569490
602196463 932535394
18912 94321
270875756 793397553
24153 77769
134325838 678320660
258121275 561483559
125 384
2477408 9807382
194894 523626
240814307 381794289
11692110 74607248
890956222 937662587
2606317 9845820
158 901
801 914
55876 93710
27332243 64433374
242689172 603002078
61295986 86428726
35 97
554151011 977396906
168655 843155
425765535 879438513
1193718 2284440
2820438 8339296
2451 8234
281500993 951481992
26 85
24 82
322531912 987628455
36116 80136
88960 99271
210419161 973960923
1511354 8250540
13 71
27645 77260
816007637 914929988
363 936
53596 70253
312 645
10409 26453
537006287 985087047
732330 930610
15 42
292 934
3855 6727
129794361 892588871
52988 87192
4117927 7377702
20715 82063
199 317
301250 351897
5210489 7760962
21 76
57586374 75427408
535381 787501
29357749 99641450
144603 903471
172889822 986303589
458 882
68016588 74552228
18 31
7601 9673
8061217 9315574
11410476 80821444
29986580 77638012
48888 80899
484 995
24795 87493
62 99
4748 8588
111259 770816
25 46
551 990
27153 58556
49981101 95187865
18671 34520
239110212 461323303
393043 673186
10 72
100 538
50 97
1963037 9419780
6730535 7805194
14 45
10921 53965
188268 328584
4046 8246
66189 90474
42314 97833
10326 59073
17 28
3757872 9654823
15685041 60830101
293642 789887
128669 979691
2677 8722
2242286 9719227
111808314 817473370
224957472 868301689
3935 9264
11978923 83658113
4997 9656
119 490
488934993 895258631
37 52
294628666 947100814
303 648
1660 9530
55127333 95302971
198781 679857
1604616 7475925
856627 995889
244211 747259
3716 8925
54279 98267
142556 303223
14 80
2072 3592
5127 8628
47828890 98075503
12610728 50789659
292878881 878449253
37206549 79141828
63507884 82897804
11 65
19 34
159 796
298 824
3719214 9747265
1144 9064
7391 9775
32 97
416813856 898865269
18 84
34 92
23313 99780
171441817 848100805
35545 93033
451245 978723
214991562 832339217
10 60
1100 1722
2405 8744
330169 975081
115006231 820541947
727 990
3009 8160
290117 943712
130641618 386530814
22326546 93232041
804 862
111 807
274 696
75 99
5277130 6340941
2008 9152
45812 81566
1021224 6668805
639068 898601
130817 744103
6275171 9983793
389782 729070
1014 1788
101 522
45266039 98022494
1679690 8093993
883 973
792125 891796
1173202 5417747
2114979 6717016
339114 926844
6418193 9968576
179656 504789
53139 83251
74311 97345
49116275 91006596
4042275 9195462
246 452
2916 7023
17671520 74507528
10048 98343
124 407
1327 9051
1396440 6888973
321 858
148053 857327
11539 88605
655 750
4554 8606
35926916 72105732
25020 90850
61602786 99504314
2170 6714
372104816 999528027
26693 74602
1544 9535
21189426 62324861
56 93
135 344
7477795 9888967
3148 5742
102 465
2219895 6186320
149597142 879741100
446359 967864
6427 9687
158 752
29 46
590098 876809
345543808 842066085
133021 424458
23173744 66831735
18589340 83194990
4404324 7691219
503 975
30000 75213
11771 60364
82020 98446
1842918 5831019
369719 784307
121 202
45925 92478
384852698 460109748
197112013 838193180
60 96
63687768 78042124
117 579
2548796 8884059
420658 476882
7532 9762
11 84
65 99
1017 7895
55392071 96352578
28211286 70252154
45554710 98018265
272439322 843866876
400 850
277776453 738979905
2205 9240
130 956
124391546 937734815
126 311
1405990 2655061
2230128 8409910
149 742
111599 611792
34014 63891
123388587 279634829
21142 96770
1213937 7691514
45 88
249 792
28 70
5308 6023
1597 6873
2449 3359
678574327 973842909
654 689
6508 8295
1416 2922
77 99
4591939 8347892
242 672
386596 799124
145 954
277334319 678232103
54 99
2681 5251
15028806 73323449
3568 5982
597 797
13613 86062
4731557 6398915
4243 7840
223 388
15534398 38833667
20687 92012
45247851 99650151
80901905 99905238
1271 9676
2326118 9388811
116 829
1908371 7120140
306 616
19360 68565
9196 9699
10568 70610
170 723
13853 48806
14950 70483
1722 9762
39209668 83029227
10822 88090
4660 5628
412419 800416
1227577 3873113
253888 846972
2768 7058
210349 991867
275707 857954
2492288 9974550
13 94
52063776 87745892
10872 66104
47 79
294016 950346
693875606 975158716
3761 6503
3157 6899
59359 99684
78 91
12 78
2619 9197
1462550 8810399
378778016 945065480
165238 934382
6659614 9800467
29 64
11445 20101
68 96
64196318 97291458
61610 81113
3282435 7563118
292807 925334
5368014 8862929
5278118 7874763
408 982
129 967
279 864
43610 58165
299933 620096
163 837
384737243 719875896
13 34
273384349 977594476
585391506 843609097
172776783 678555317
202 858
134 758
6202 7367
455860 838010
1433325 8424698
15 55
6222288 9674146
7372 8874
48880 94339
1048310 2928751
36351537 91962335
651358721 858874571
41075463 92770732
40031 87916
24492526 91665781
12026 55817
6119 8362
419501 574544
355 925
262320032 992504605
180043016 733336809
125128212 427833248
129 912
1317308 3056517
269152772 328050988
236201965 879660555
24 99
1314 4253
13906 61340
58 76
170443007 984538835
200455 719988
874158336 963454759
20374421 69999575
255593008 826100288
3978651 6814706
122498 985019
10160015 65927334
65775850 85074418
2072775 5342382
1002905 9485909
1371717 1675760
3556801 8079013
21775183 93306836
4455 6751
2448 9226
340 996
1200 4371
684 767
440037 884707
271 785
19 74
39046892 88562706
71 99
232 912
10 52
9045 9721
39885336 52527214
83 99
442 900
47 75
126 997
3125822 6486881
59 92
649563677 945952085
39825129 89013165
4625 8523
1544063 5288071
333291 801456
123182 460693
13404 18170
190202 767047
712 950
241292 937866
36899775 84968923
46 78
444 997
33 71
63 92
10883 82692
8133 9234
7250780 8633639
1145 5660
301 898
186 973
181740 762960
3147 7837
304844 902133
274 848
3987 7281
508 814
4562395 7762709
166860 952659
100938 931177
29919652 60163874
44855251 47424156
44 90
12434 35404
44 99
56230416 97632390
2458905 9392914
222 839
173 997
1927 6954
3006 6435
8115702 9367540
3856 5780
182730308 981442837
391 812
11938 34948
1470 8758
15758 96815
180 929
822 886
12858 58385
430933 644475
15 98
303930 956225
3479 8506
34855 71580
14987846 77769076
130506 590543
300775435 486671079
1197 9634
764484 990647
800426 922845
152865175 277757980
9449 9889
3407 6503
102397 712594
172252 301771
10439943 61796843
311373 879867
112006023 658286695
22685970 47650524
39767 69221
35 85
13926479 77996258
15 95
11497996 64230917
29 78
4426 5724
18351 84629
1396 2347
228814 664956
224031352 999788393
81992 99931
3134661 9519466
2663604 6106529
1819 6320
128426493 332656501
166049 366337
352449675 936272956
348066 953802
5159945 9771017
202225 679490
144 229
632400083 815408083
26221 45101
130 702
13 59
132518 400581
661 998
112253 396719
126219628 852117611
132 297
410801465 646378627
42 98
56664193 98126023
1826320 6711345
24213 46431
7493 9959
11721569 93272716
5852 8363
30 63
380988 557395
243295060 957763582
793099717 997625050
16628815 29673572
137860044 495969946
480115 746153
50 96
84 99
16 67
75237501 99187792
442 999
571665049 691633070
515379384 843472944
2822 8130
1690 8185
124 759
808568 981532
12199573 86063227
120777 968737
3695 9977
260 708
38759 78083
1115758 6172584
28133 63909
6994 8632
41 97
5974571 9632144
493935953 933824782
543 856
3164625 7000654
1685 3927
15 51
14342 91563
467133224 727869979
22 91
47669107 93926301
2940 6518
6529 9926
57541391 98169224
800561 948445
1815916 2223824
49793649 78776625
19 94
533522924 849912513
107646061 980717350
150 975
478814711 845882815
18 66
3518683 9651881
10709765 80296812
79686 98503
22841 93163
2943104 7251512
333844 961082
50143789 82593745
143625 235665
3846037 9951949
205 661
136 557
84 93
18 70
14127000 29137753
36 95
315 453
24005 89840
309696378 778241903
2058283 5516590
118509 987814
323466 935134
10 98
367433109 692304507
162169 933379
2621527 7023826
29036202 76255081
120 998
4192 9472
106982247 383153922
487 925
48411 71017
33664 73402
10492412 48931316
297306187 921162483
1818555 8962781
231 760
3290663 5853247
433 726
5052922 9121198
37688314 87270301
21463921 77041940
17 51
21 72
2961 6863
68 99
41 66
21272392 99112238
1632871 7226465
42 67
336 808
29 50
146 828
1427 9282
32468877 98588103
25070 36053
8680977 9945237
123674724 798408418
52 84
186444 966131
182 364
27737939 83271618
710560 912616
5826 8893
358453928 946126740
3046 9577
11254048 36842165
10233054 92881555
393564229 985679015
204260 552228
210 978
261329413 736313010
16 53
21605 66668
1468 8876
114 637
210658 552596
389299411 839806685
39225112 92793684
14054125 62769103
3905 9902
3166849 7220066
19 28
78295998 87197136
56337 85788
147852856 995154300
26 62
2666575 8042292
133582 800999
26 97
8293666 9778233
585480559 923311232
228961421 660770719
3386 9999
38629 73820
16450356 91024717
11285123 99247222
20 78
3357287 8578510
427409898 565436552
42672074 75743223
11738005 30591190
185 976
12 71
316543 787742
117043 545406
112 865
2537690 9281230
5184450 9353505
3905573 9801176
21101 95684
3100 8730
158 606
37197 99808
493253984 940939061
112875976 592425725
341 601
12 38
41831367 93927651
29116225 92407369
431289 927711
2226 9650
12946837 34799704
24839 70907
29 88
1103616 4474973
25 48
11 99
284171649 879806772
21762 80249
63 99
275 974
15888 81294
366 709
138087 933560
311 366
10032 63427
597298 961727
162689 895004
1918707 2489606
17172 92032
32849197 74941297
581 946
6930 9688
3945908 6741016
13 73
29 70
19065922 87810965
137944993 932919342
30287975 89233850
191 872
41 50
17 51
598970 825306
3292 9657
34 88
48 96
54367 69411
33238859 82587061
3450 7708
109815519 437948439
690751 983996
199 789
125510 900675
266433504 937300446
1231043 6207548
18 54
10 80
24 60
283653914 836321920
82355349 90753462
11199 82733
15031380 69202685
276722430 970692819
39298498 68081528
36678 77328
2463 6140
2541 9051
2123293 3930378
256763 661523
320 494
19 48
216 765
109474616 771031561
6236 9958
3141 8965
13 99
293910 542350
169751439 486369102
2603870 8252712
125 636
343 614
135329 898208
172 850
1956704 9763995
1319215 7734477
4062 9827
17329079 26952395
2984 4811
172071885 672058344
4370369 8144702
2019 8587
5745 7628
327 488
22702535 91672162
1474 5077
11165756 36955899
179343868 878217229
4803 9274
10 62
100277 858587
1114 6227
242814501 998517865
180 569
265816 998159
265 819
10477 44144
2425404 7277197
60042 86333
225418 967694
1085 1340
118 757
3811 9689
58912535 93142068
342 920
1509 9532
31001 75234
104707 480303
693 837
1094 8671
46873 85985
63201090 74372541
39315225 98284958
54603895 84097264
248198 965906
757539 983701
19 45
24 80
39833730 79532569
537791077 700704538
600 934
28169677 94817838
809 932
1208 5117
4631 5174
243 449
40544851 93463222
3216 9807
2857 4750
285 639
15 36
1049085 5148978
1718 9598
259 411
140 562
129 169
320 935
298615 606602
59929 99550
40651 72379
1155 6029
294 839
226126 997447
27 89
1238 6856
43 53
36 52
42886192 81908543
34 75
17640 48367
35 82
22 78
373 619
11 61
27969 92096
153254122 911960489
38833 73279
15 51
2897582 7450850
26610 63621
25 85
262779 996504
371653 893323
16645 57705
28 36
22 58
15 84
1018377 9159362
159395 744534
17182 92527
18817215 67030035
111101843 504938033
165842 875379
2390764 8169680
320321396 574799108
106 440
40 51
35 53
229718 413215
555812 920841
76422098 96112971
1386 7442
136 868
389 792
205 817
298817 737618
659461351 883125125
31 99
39431 56944
727566540 971791954
326992143 944528820
11474979 67406497
473 641
350693 394618
46 77
4541 7398
3094 6702
335 995
22305 95198
34306791 68116951
3593421 8942337
571199 823759
141793 825813
12623962 72788692
369521 797721
1011 3427
1504736 8323842
256909648 869543503
42328881 80709187
44899 98474
103040 337037
631519635 879405160
4793 9755
73 99
163 953
31229147 48450780
856 916
174119 362577
658393469 965731918
267910 885040
15314277 44203336
348 892
891375 992399
3314189 9282302
1060346 5964761
18237143 95704774
53 87
1073375 9110331
45860 98047
63067 97132
2822 5868
26862442 54846162
244 909
325810 394966
858 995
364712 872888
67769313 96245682
802638423 994373471
34 90
23840 88908
69 85
2505 9347
2309 9124
188435339 386324524
129 743
11597258 36024025
12872 63535
128271283 872328375
6289819 9068857
2326 5548
40509 85331
20 87
1152 9635
102465780 299714943
23835 66898
443 951
171 526
1196040 8591196
35 58
31341555 82658027
151475804 184637898
3911865 6355451
30596251 40385053
291658 982379
38 99
67143160 97180056
16192 90541
15675095 53744172
364769155 851935945
117 837
195 776
610 851
428533 982128
183286767 577398455
275 649
103 664
23 57
740099 930827
2417740 9325671
19320 64135
424715606 954390605
544 999
934797566 984572035
426534719 643333534
101918852 389127421
451903799 764359894
393 891
3845 6917
909183 990026
19997 39016
1829683 9919323
15834172 87413303
100416784 714297321
1844 6241
152 598
4275 7816
47614325 78462105
156 757
12951 24653
546785 842551
151 972
13232 37268
20824 96307
147346247 857153827
2659367 9462932
64 99
366654 523518
345 906
1068620 5668143
67 93
59 90
638318 714854
36372486 49940370
742404489 918591076
234515 527016
123700138 980867936
15367801 43330871
285867409 902565393
261248 435563
15 76
37 61
820 912
428120 706619
42504 93082
22 57
629 942
104642196 920827456
359965 772841
3498 7228
15 51
224332 593307
4046031 8332903
145380913 874329149
3833 8375
555253126 931315408
4418626 8168109
2934 8618
3610783 7846729
13642415 95084621
116 656
13099884 33050951
5239 9878
1555 9117
378788 797698
367825097 846598108
10 85
112963259 581644110
22373 95345
603 999
51231394 89791260
22053751 71953170
26484 74872
1777 6119
23901 44398
4341 9893
1010 6732
17675 64132
158143 420286
58 95
251380 543279
6428 9547
544518558 987324945
151915 575552
15883 94670
46521980 90507859
188690 513064
43233414 99794518
106 873
639830 836180
1310865 3674805
212797 890367
533 866
46650465 99093124
47884 97674
163011758 913099449
470634857 928365189
55563 93053
726060 911187
447277211 907325349
15166 99990
172865418 902617718
80054 91335
13728590 37141535
11457063 87091814
22 99
2089223 7883433
119302009 947306888
105581 423693
129 603
7583 9130
14 87
34340833 65641928
176100195 836258945
51 79
385 890
51349236 97727951
1491 9128
46620 95200
46817860 98953377
76396072 88543385
322886642 815685382
942 979
281420013 314377917
17480738 28965727
458845 817642
87973 94085
100896 995210
295894284 917984645
237043 831955
525423 991848
12213 57222
40270743 49482829
102309 640395
84 99
6973 8220
35651 43303
2525 9123
4945000 9975861
2451470 7685433
1936730 7674885
2017192 9308161
335 985
29 71
454185 796669
19801 91847
224384 607667
35824 81236
1105 3402
48 99
10865209 63881604
30 60
11093848 88250292
2481 8993
365724062 962331503
1663 7182
304 796
10230 83730
3765 6919
13 57
14052202 67279214
460395034 774715492
34314 80928
47 73
47198238 80892619
346327 900365
12474 51352
49262 82327
11938 58709
19 23
38053 99959
2062 8781
152010 803265
12 82
135174 960884
51155 91595
25167 94096
22 99
47320007 62226978
26274 84971
508546 982663
2615 7357
16692184 93477587
1619 6918
63037159 76572566
2714229 9625182
1898 5700
209 696
2771 7605
611561 910102
229 979
40 91
6246 9525
238 618
1052417 7662981
137780941 878686695
51907 99816
296 939
3530635 7210425
186563630 959777852
55 76
313162 423600
6293285 9370607
18149 54241
167302 965804
45 84
3297 9920
137500 732357
1098437 5223474
174140193 935751290
257870697 829058769
38540043 98226626
1720 3505
39098 79916
5225982 6628915
40 93
69 80
302788017 946953305
347986548 846248065
236408542 379539510
48914670 99315045
4082437 5811302
15088 90720
42854036 94454769
18385086 73692041
2480 9353
431737037 807890383
24 96
1448814 6764476
38732177 80144620
2943 7869
117199018 691614636
21143 80597
2456568 5304322
4089 6929
69 99
2065876 9798612
5163998 9941555
447343475 968535683
15 83
406401 719987
7123396 8583518
24716448 45043336
80 99
269624951 831019648
50 81
13186 83658
756471562 872804963
13068758 91346918
3815 7172
479 859
11191 94640
19377 62547
162 933
1187 5879
536203 931526
73 98
10 99
24 82
88 90
1817 8124
69 99
174 705
2472 6663
335592577 637669216
426932 685106
17992828 50369066
4566 6816
14235 71732
1052603 9587854
135 575
524 921
230132653 994479421
1259 9695
406365 662956
10 96
16 43
160514 992518
150067 525583
14623 35501
17 97
520714545 821794447
37970818 94553849
18689 85774
484417030 916024203
572595 786276
431775443 879763432
16 53
21382617 83097643
11882804 34516369
1070413 6304465
21 89
11906345 66030314
14 69
20046 95300
535304670 974026093
286 682
42 95
31837 95156
1164552 1799983
2323465 6373573
66829457 97817149
621952 978412
1578 6852
469715869 807272125
103760083 988711966
617116059 995914673
11815268 58165165
108025024 675010673
14 97
370590878 792058665
593799732 956999486
44022426 99545949
100076212 155668908
23 82
2308785 4836138
400111 877653
102507 213668
10 59
22 89
7079478 9686784
6599013 8199452
548744814 986282380
587 799
239664025 706029008
29539291 88676683
1961 6846
131271195 918175560
28866891 49687405
23 80
1574739 7817517
2737018 8524204
120461 532792
734229 899425
1081084 1416883
10231 92276
6926340 9748715
6501271 9923058
30 99
130 619
229716333 635661865
2950085 9547687
558425 964367
1659913 9537836
483337 728942
10116798 79883724
319 673
4960 9077
875481 994137
14142886 63335463
64346567 86775211
30762 63286
23584775 79255884
359983 876687
215594 479024
3965518 7442490
273 762
111469 799355
5953768 7823015
469 828
22808 81905
2286 9242
2910570 9529166
519096666 924988839
36556977 68641177
40299 97763
1764608 3056450
816 999
871 992
1863207 7414676
111 619
34 95
1167828 8568463
21 93
13512547 32015000
5065037 9009462
110728 602054
450781 744400
385617 893572
380339166 579887873
155389746 874261006
26945307 74198324
1947 9012
128031737 730867797
20074806 34252177
117 751
473503 827998
64271 77776
282425635 527949021
15338 91455
648 999
666406780 983725087
222573 965279
21059 31179
5396 9999
54543460 72942859
3822608 9921636
21374878 87783154
124124 745871
525967 719133
8660471 9401128
257894325 839285304
128514 457302
196467 782866
332 569
2029 7472
537301045 880006201
35365 96398
110512 646548
7428229 9142748
1517 9429
543 998
6301 9289
1961958 9780217
1486403 5894853
2912744 7952425
11667295 41997816
10212813 49322129
12570 88560
88 92
381426387 958118285
1865 3663
11089084 97427216
718483373 978869092
1442813 9290452
108349828 409490756
16520 57542
45652133 82034616
5199 8421
2546184 5746386
363475 943296
540 907
78761318 90432544
678 959
70355852 93611743
3325008 8859822
1036881 7837897
22 84
100187 607300
530048 671477
5192048 9764985
11 83
62418 82190
28530879 72260396
1209 3568
843 954
11895 87030
10 88
1695 9983
110 711
58390 96081
66505740 85526350
208769 681778
487 874
54856 92782
1383 4246
2547920 4850909
2045896 8426978
712116257 824758531
151016031 996163845
6319437 9958161
21466 81387
19 95
203 495
261 534
1285 6755
27708 97700
2572 9687
388558066 676727621
20280 92019
2973 7191
25 94
308 918
4133 9938
692617890 985664606
32173 81368
201444 980909
527219 965439
31240 77527
4331406 9266101
188690 306653
79 93
199 386
23645488 59084854
31 92
5306229 7798416
18832011 76119713
267550593 971183268
3341704 5276726
53197628 84491797
356 636
8118 9795
550 819
2503068 6100869
25619 46390
22239 65991
447 832
1927937 5314112
38 99
400204 680120
28239 58464
136 936
150792994 383646728
2811 6483
113 410
248852296 768815275
745609364 959810306
3541912 6126816
104607748 442538013
163 993
33 90
39828 70005
4095765 6362949
135315617 698246569
1757048 7383313
104048 552077
29532111 98994221
20666083 87991028
45 87
26 98
4003 8062
299062680 826684346
143 477
4918 8545
577730 894914
77332498 99137774
542727 969353
3934165 9248125
10352 79396
268412 668801
12842 94199
55 89
2075142 9494116
29 60
49048 97540
282999 997287
459000 614375
1175 3952
192180 986080
15 49
17696 84390
484102 994340
182594 744041
1763 8268
8866 9852
25205684 86675143
57 71
48973325 96650950
42 95
3602844 6449593
115965 704966
26 70
506332692 911281490
542 591
553 935
128 802
2979 9698
33633 96063
287 744
296146 866357
110840779 487825066
366723 733082
372 966
26868 93557
1818 7090
18907 92044
47 49
115247144 384384313
23857 72380
29406145 45708882
3967542 9589490
250487397 510497197
275 661
4963339 9325262
12274 37904
2264216 6260059
127914331 821328279
52162018 88337243
185399425 935628128
21 53
196 628
2136743 8405330
414 842
11 92
2243827 9745173
5654 8183
190817 868357
10059 77275
418765 883734
19309330 53505062
155439 880471
328737 901138
211 667
225368667 744382652
6640 9247
1825230 7185109
1965160 9680049
4818 8966
380904 979488
1304450 2636099
252 761
559159 785814
1983196 3371668
778227 978253
10202 23110
88489639 93215540
6759 9854
174369343 844909715
207662 631095
6479 7799
185086233 992697994
13 87
1650 2701
445412179 910536401
1589 9638
184831 990945
150585 848996
1901 7184
678 978
8331 9861
314 982
8136 9276
58175477 91478615
1102888 8959725
253496 665138
19 66
52685365 99657832
1762 9748
1273 7012
156 180
107252 862293
671821 928598
11636 96869
26 46
20 74
7513 9291
124 714
405099802 864229908
108476 813881
17 48
2090895 8178678
599 790
337955 717115
1584 4678
28499696 92817554
148 565
87428 99964
20503 84071
328509 865191
21671302 33013874
211486187 770431675
2867497 9681855
192765391 819594606
272334 382825
872354 998744
16300 64493
23342 94969
741793 999776
448456117 733496146
1244 7695
203275 953313
215179217 606494739
244496883 635474386
214243187 454946862
132 664
266 685
221 695
488 997
118 681
6447 9540
312737 885313
226185 992467
43 79
14 92
2000 4409
40 97
363599900 815474090
7093503 8178776
7654 9276
46168197 85244215
4126425 6430271
389527 971828
10220 80530
30081775 53645275
8995 9830
53233 95783
530681 947642
385654818 855218634
3241 9484
217171123 587778683
151300648 603016168
121 457
13924 41788
3496 9910
17699 62373
7296 9073
18627222 69973290
2849 7777
5090786 8435801
225933 899288
27403 74901
281418 729094
1302637 4161587
20593 45087
3534898 9996987
236621 899260
115303809 323711690
629653 964927
3380 9529
26517244 38171938
20 30
157 643
20787 71983
199815 376435
1333310 5554203
18705759 86382304
123228566 645030025
203 781
202244079 440251256
307792 631698
233688417 621660512
47 92
1374 6100
1055165 3740154
5688788 9387782
1081 9898
1855 7504
1610557 3992281
47096 69369
210428 588499
163703 737430
550482 887880
25 60
1095 9601
1522 9309
548 863
2931 6581
46 89
125753 553471
58 86
1171 8754
12910 35620
153815 661598
54407841 69795875
368726124 970682541
1002 3553
19 66
122365909 725044359
45862954 99269860
524 958
2562452 4117362
299 357
38 82
1136 9809
4079813 9887006
45494 89426
19712128 88551754
1471 3318
112 924
410088794 966654425
308891334 947274440
55741927 96053375
12871732 73349366
442 724
109611 510232
611531 999777
21 97
318958 570640
183731701 350421157
467295 801493
517 748
12 62
44875 93813
1613391 7449671
7693 9993
346 666
1065 7188
202403056 668075544
18908412 47988292
3596 9253
32364536 57625158
19331977 82783643
429 484
54479819 98705017
10 56
28146665 95037513
185994073 616887605
57 94
72500380 86100880
21459 74870
7186 8119
5345 8606
344 581
194920727 963906729
55 72
392 770
57611 87333
189 678
172427191 674212788
53151 88593
49870013 89659664
5320 6504
11340990 55523650
3923517 6932745
198 389
113817561 412954027
1777317 6493073
24766830 98892078
330 856
3489 9905
85 99
50522926 99160622
214115766 481909798
22800827 58371099
11749 61444
56136520 93121738
107 403
441053530 860007199
174 990
2021 9560
673 939
1109 5590
1127977 4085006
175564 879284
473849 924624
1580615 6209926
11271454 51841906
116 268
109904961 854254044
198 996
835086908 970938249
3474 9706
27 94
110 491
20374825 66732472
236473346 998085707
18242342 50239257
168733680 359983235
1013 3356
17 68
318157 996751
231688 818863
32 61
443165088 522481386
116 829
162267667 485519513
198 680
30 99
12883610 98314960
6614 8472
110654955 753032988
1207 7035
721959419 936008842
468797 598207
37889 88000
11756551 91660203
1470 8451
191851809 923451673
104 403
44981715 93144683
15979885 63859028
228317 685477
214684 691877
38265399 95994598
725 928
100148956 938542086
15 22
635 828
45888576 95935579
5190861 9543484
1322287 4621905
40199215 49989651
4447 8333
499413432 562709389
566119 996013
7289366 9152735
190 698
106192 400535
3398 9653
3884 4370
198 739
21819 88057
34120 87089
769 953
16139772 46151089
75764 94588
16848 81730
11404415 98728646
18090 51018
412 988
5694 7608
29381 98502
3992 5738
6563086 9975049
331951140 571122722
136 905
150129 926238
2727 7914
598180857 794634457
45124 85818
490161517 952628757
14030138 43675756
2498 7519
14464448 98188158
3625 8943
18424 94737
5973456 7008112
8077 9327
5573019 9695992
479 815
3209 3819
296 810
129506 404512
142 483
265630 867921
16356429 91699812
2051 8342
309002326 938151507
14346 35673
38 44
41776036 98536011
104145051 750788342
203 505
4564849 9726083
610865552 725279933
10503507 81676976
607547 825317
1523762 4418100
1900 9541
500311920 907237977
164 984
650689661 967636270
6521 8626
190790 878109
52546301 82519987
60 70
11859461 76196155
43087902 99692451
45125 86048
16973462 44945294
15630 44585
4791004 9833635
53 93
135366223 532594811
142 921
123 210
7165990 9894724
1454055 9781068
6716949 9504436
16 87
632267 999951
1346007 8092541
26 98
3988 7669
473809 888001
329417150 959736511
22075131 63937681
36 65
3983 9780
11 70
2446258 8486857
305306655 904931746
5172 8408
139 493
68514782 99543441
132 417
511018482 819571962
32 72
2079642 9287898
24339 83351
1197859 8152987
397 932
4875759 9473122
204136204 939951998
139 576
3624777 9256795
352 999
236354955 993670648
31657 67109
697724922 996089119
713 994
24407081 87783898
51258 98619
179269 986753
27088109 71767246
3100 5559
2047 7493
211304475 514533521
15930 43390
125407436 679034845
5443665 7904519
1641303 3685205
2722 9210
65655 88848
23398 61480
10408793 75639102
52688 98910
14334731 62116159
32133 53390
58 76
58 83
378 812
15186 30373
6548 9573
239 570
25392 78827
186 924
39994 77759
61615448 99989539
4528 6858
2413 9873
160642720 366739988
454863 879242
1380426 4811116
53437 99101
76406340 98979381
31330 92235
31 84
183260549 871473996
502 806
4044431 7909937
79146588 88716820
36612 98877
299199 992962
178 999
51 99
2899863 8281727
147 986
73805354 84656052
503 840
25 82
1581966 6898356
151798 331894
30 74
3201489 9200890
30461 95398
495 788
3288 5564
200809 725708
144 489
270 965
37073141 56012688
35285835 98457501
33113 94474
12560 75797
2104754 5747147
242 865
16 64
3395 7353
3640 7370
381890 937510
156 682
122796 144974
1891 8849
310852 944173
81180615 83629859
2389 8071
14 58
16 21
19 98
1615 4487
13 51
13487914 80377029
153 459
147690 208683
565153 897787
39 91
28800 69307
554197750 795061792
433053 872112
155222991 857395185
2211 8647
681 966
7868459 9692644
1335398 4899813
295633124 896237534
34910 93864
8008514 8906198
25302166 43923540
14186337 87154151
468618 773553
13414646 68405694
120 465
1622401 5956495
24 84
110383 774858
627596371 796748647
19281657 63170988
3898890 8432837
492733 952299
515513472 908287313
138 332
52 72
1270402 7840163
18984 38903
23318633 91262723
7406 9792
18572587 95907900
11666241 84754701
3470 7934
500 725
51666842 86848772
541501873 971173658
28340 70969
128613689 648448684
106721 679610
551707892 697451615
362003741 467296844
229991 262610
11677572 25254214
484751404 989238234
217 987
448 985
28478324 93428417
3156863 5248050
676 919
467837231 653375932
14339410 99412341
13 98
1061718 9917923
309 476
2754 8368
10291 43113
3451 5601
221024055 992589952
717206 989438
36 99
286364 607266
304 774
12004 34853
26881938 85434088
1587 3474
127 705
390473 622542
593643708 935977219
179923464 929720365
292910 969838
2030 7748
107 271
40 99
20337 83931
16567636 99774759
3249 9951
414465 647385
181261214 455223242
1108 7485
42 90
30021348 92858751
484443465 952280351
157 424
12845 75876
4454646 4780379
743 945
123370 703441
1763 7305
233 736
131968314 584374585
100360314 860055315
249561 910566
4840 8812
10924102 24018376
1144 9591
56644392 88480811
547537193 957555286
19 91
14 98
533907 950443
23703378 84528099
328655125 923621964
911489993 955849957
21310 73293
197984878 558299844
5124 5897
41485 70734
426 550
31296381 75051612
1221504 9116687
3766538 8689385
191 971
261439472 588591377
212 687
279 974
26417 92791
186849424 888136452
1916 9817
21 91
123224329 931501197
11063569 47407066
45866688 85168426
44088 67131
11530914 80743411
263 873
1695736 9049790
1845 8559
49 75
246542343 845222067
355978698 936850089
180771235 948090126
37949137 92057144
31207555 93275396
20351588 69355377
833860622 902925188
3049508 8219097
1037 2016
4534358 6781675
35019915 79759257
24565 45692
816224364 958315754
146 406
12077 40462
1007 9001
267015694 601640976
105458961 426950993
20 80
192247003 959126215
86237 99483
1007 2770
844613 976221
26016 77510
18570 90518
2128 9808
572 806
1558652 9249389
797871 904166
25 88
4206 8536
214932 333335
107 892
47123 81945
1403 7982
144908 668140
198132920 658272868
1531 6428
4643473 7356363
63 93
4287284 9442680
6352749 9815914
12 78
127 650
123358712 693612403
29 99
1768919 8039418
1171 7191
22900323 90684946
103471 786412
31168527 45556067
2871 8103
11165992 96458761
10159 89228
70183076 92222313
156893 806130
83074770 94913101
15074310 65098280
22293810 68899821
354927 826350
292753 942925
1779874 9735446
137140050 933125901
15427 46512
6651 9923
23567 98601
1151053 8926455
1055525 8346776
104 866
15861350 46550645
15733 86261
171 641
238912234 886348189
597 717
14860 80435
375755 761399
14602 83660
897423695 982485314
238967 620449
171135514 834686868
100620647 657644085
132371773 994024307
56 74
292707532 896775369
2107415 9372566
1581698 6557130
8160 9824
75 79
345772833 868138423
11 69
782311767 816133292
348 605
621887857 982800107
37354 67670
205349 905822
175483 802514
1521 5925
185878 854763
128829972 946839881
1618 8385
68268469 95413541
3863 9423
3284 9609
513908308 918285476
5685 9531
1165 5176
136449052 806101073
47 61
41540 72159
230 384
90595 97375
144453078 978025181
142825 970601
1199511 4010042
163073299 992944134
2240 2988
414 855
40 99
7337 8304
16479270 70596738
2930 2996
40085 79805
214481398 660449367
103 522
42 97
699667983 923641345
35602603 55802652
43 83
72946459 98074234
10037027 40750130
100156245 385167841
32 95
169 653
4780 7926
373560 712065
150203171 724035399
10424 48618
194 438
690 959
24 31
16386026 96284412
15063593 79189604
25213 94614
228688068 687469381
485743241 721200068
42344391 77702037
367 959
1729102 8644375
15628 30450
7817981 9390161
76404353 95419270
65688031 75932795
1355138 9915379
20765 56211
11813 68685
1848991 9507010
2348 4529
125408 268151
64 93
5066473 6918511
138 423
1342927 9539833
4746286 9008186
1770150 7554191
31307366 91284578
2718 8636
103 345
43 96
469 810
47 77
24 59
21087 86124
345555 950439
3584021 8741225
340268563 936020273
675673535 963981291
184 941
474382083 694449771
294114 847731
18063388 72888804
71972 84138
4617262 8499699
2068 8359
1692096 7844421
4421849 5661979
79700244 93176864
16155869 65761780
193984453 905093272
357077137 962059949
159798950 906260982
10585973 52464681
254547 807499
234385 331426
325 811
298895 596743
3341675 8137650
6187644 9796382
104 875
36322497 83998955
578155237 947773614
234 988
55590954 85441792
150 999
201534 914359
8627805 9657424
2589517 4099526
5777 8087
147166017 778073453
188 623
182505165 326822483
215145 925102
320090 947826
315 877
1423485 8835337
59 99
11 71
112915 935377
3545504 9835089
14688 92911
65666289 96942985
3521 8807
57 96
57312 97517
88 96
24 99
4643156 8979417
57 99
39697 90978
43022 91346
295 739
117 759
1670992 5540267
46 74
219638 999498
348480336 894958829
4378421 9851785
38 50
425204 781532
1012371 4400017
2470841 9862539
9317337 9935803
623 809
15311375 99278411
7061927 9073808
11651018 48938722
367773285 982211622
38 91
2441 9977
1048682 9754750
252883068 708600307
6990 8961
431 974
197406572 887672110
2097750 9080804
3531 7226
152923583 544030233
265383 401286
32237067 77759177
46697905 77029623
9545 9785
214384 842146
2375 9731
199 753
7425159 9521974
155 820
14139 59817
5538 8070
2446 8483
3549 8932
3144146 6743894
822584 995392
582722284 933281755
376158616 881460582
540 895
133862302 778671867
76 99
7063 9805
428866480 659104907
18975324 74864826
11050949 37680923
122922 916746
164473370 821742513
7638514 8893844
164073 355658
563513 986734
12 83
586 881
24594 86079
1428333 5930307
6665290 9996551
1270474 5823498
33623405 71014267
192349938 976071912
2275 8183
6146777 8116146
284942 985560
41 53
134784 532855
35344 99309
3110 9716
1005 2408
2298 8207
131 320
32 97
181176925 686838498
266864139 480308575
268600466 548473471
157 983
4282557 8863439
15 93
294714 865765
25 44
173 860
52878 82374
11324 66635
20 82
199737 923042
24744138 45324426
28 75
38007561 69247040
409923227 681078101
33 99
41 99
78 93
4672 7683
4164 9696
1146 7012
2221 8624
4233 9210
85 99
5476359 9815463
370967 587585
120072073 513722378
1016 6239
258131816 511809941
352016 897641
271 527
7294 9972
62552 99481
1605267 6006079
29155508 42622261
654361 869510
330558617 934894222
470422388 538230334
32719907 91510997
531883 939147
586 934
1718426 9394580
2883516 5980956
121616 799693
150455 847610
268 842
113 789
301972 726533
49 83
69315364 97584681
36 44
3270 9698
3343 8312
274721628 960260287
37 91
2654725 6164067
179447683 964192886
5367748 8797463
327309280 482359788
73305 98405
34 95
35948614 90007597
112620374 147592684
119820 380889
4527 9951
1146236 5712667
1444 3259
51 99
294049 786784
2704 3632
1987072 8393917
22419153 88523938
21 87
121 169
2510815 7543353
339499 904698
46453154 82466111
368196541 460878559
143 736
375168848 830704420
35 88
1137 7203
120436 649097
2361 9918
18 83
5181753 8756376
620373 901215
3017901 6600878
11 24
3996900 8322320
31556788 95397773
180603 231758
2792881 7785763
32263 72371
76435708 96116285
2520127 3830771
570661 871791
2507 7316
21 89
503935125 957218640
1210515 6262617
31286 90587
35607306 54263467
4155399 8724539
1773 6893
63637452 91139202
132181316 939402179
455 817
14 93
64893679 79318989
471280 509903
1421 2150
17 71
772 905
186792935 496538669
8426306 9463121
78839 95578
301018 872201
148813186 737596074
10077 65132
5607 9003
16290150 59861969
104085 677881
601 984
1015955 4031416
3755708 8701909
13760225 74157083
19 83
635350311 771166269
4033320 8371766
4821 8389
59 98
1556 4535
240 887
111327877 313765516
504817641 981019335
290 829
167 974
582584 917455
505971 862088
31821721 77578058
110039 300804
399 976
224 667
258688784 998827860
2279 9961
32583675 93748602
23 77
451 914
2515611 9735257
12185424 43569138
27154 93100
18133727 60928520
1022539 4079049
101 680
10574048 50611713
35846 95806
125474429 315908192
44049156 90928589
11251 46007
40030132 99619185
36875 83851
1085628 9496474
447 725
29582 85104
132133315 810119598
303406968 791525489
1079859 9318022
5581 7699
18967641 80702097
2389 8699
1056608 8051796
4854992 6777749
7091 9175
1692 3195
27117657 68915712
217859232 955207738
708 973
111027479 321929487
155905 989982
294507 845164
4580930 8350539
4813796 7629231
10397351 20763375
21548720 97930664
5330 9053
9141352 9887919
47605 86557
129 374
104 340
667 952
14479467 65466469
606 735
71893069 99375709
19982 40869
213399 933989
17 84
100882 267429
30502 87403
45 87
1195 9192
677180 793243
636652765 876560825
56 97
20169 89804
76646887 89349588
50419399 69414033
22 70
39 85
446977 938966
88 99
366 949
11 81
2540 6853
10082580 93778599
148380468 230975847
7350315 9878639
72013 98754
5742227 7312602
1441 8356
298756 976450
127031 903486
69496791 91715089
59832625 90112415
63 90
42085679 91270326
438 665
109311 249270
25 99
680024 828023
104 224
39 54
41 90
2573268 8091795
413 853
243802476 600569616
15208 46972
495264109 790286893
1449 9122
19 97
418 924
431036291 752775860
5167883 9627503
11128321 62533448
211376 872282
2408531 5560930
51137 87754
313909327 727072634
63182 95257
44517 92938
20302 90509
46445 80031
78 99
13333 74221
45341689 76631719
178 583
24 85
27468731 82891738
1816 8257
134055091 378751174
48 94
203 999
13960867 67876830
103012580 942710089
20 46
2227651 9583785
27 94
249866642 997840207
5812116 9878441
263 987
256830733 950032171
3665862 4520799
5368 9633
384 904
122712246 286673639
100344 308198
41 98
126 416
1235310 8460795
1008435 9987208
22717606 99118971
10316207 12916183
11120431 31958777
7156 9960
338783726 933913075
182258 952541
65 97
11 66
3693 9540
39 98
347 528
30937 86639
37978578 90863404
55938 70338
81067 91818
23 64
2674 8733
59248 99341
53075 79630
143845053 948881416
292784817 398943919
1138 1545
17 47
402 990
105475813 812007700
3341264 6441442
486 942
218 667
215 902
1760614 4305115
45571 61019
2546602 8122556
1810 4847
15 99
28 60
59814 90854
26 72
48234 92237
41 69
38 79
6615 8747
7168 9427
20954565 80262737
393205839 843181990
2319 9833
7941 9097
390244 979848
54012983 90311206
24409594 84450539
1730 9905
1071486 3491751
28076 35027
101 732
73640 95450
30 41
45650464 89564163
69390 79753
13 69
19652557 65334670
5748203 9857696
70398168 98955324
29969 50861
1625346 7042781
4625415 6134817
1697931 8465391
157770185 613742441
780 973
30 88
563415633 814765732
24369 87482
10870 63760
143129225 564945732
20 70
59 82
41596064 65186829
3454 6899
1072 8069
52 96
12396 54950
2265 9595
647775 999771
3628 6543
10525310 67238796
19947192 95906702
37137 74296
35 91
44 91
254 922
199449 965624
1306 8744
1281 6634
5878 8474
1016 2117
238 972
395452785 826411181
2618024 9219028
19 63
1385134 7106341
37722 85995
1592 5713
1162002 5271425
66555 85285
125631 943291
1058 9822
232143 590012
23739967 72098105
10005 74380
401766455 999752346
29 80
177248 959697
5314641 9394897
7445 9860
199 948
23 83
2108487 7592267
221362314 937439906
1833602 8832149
124911 783015
219798668 889342939
475509 805471
19386485 82943191
34267 96121
230395497 466901792
343431 836718
76293353 97359666
573465266 845893392
397 541
131 982
1131 8352
19 86
1651 8400
30833396 81601560
5657 9669
24327201 76390665
10371469 52661769
1453939 3877864
178032 845222
27 46
479274 998389
17301224 92204815
5535487 7798121
1410 6816
11404370 22106986
1062852 2799571
3187527 8991578
2865 8799
19423 53524
39 91
34841131 72200739
2628292 9865311
5623 9581
34664 83317
6280041 9308575
3760379 8858077
774280 919275
1594 9905
128817218 564568684
56033187 79250493
71336252 86986421
319 729
266375425 961258252
6979 9400
152322145 852155800
106 882
195 628
38713 92896
598138997 744150763
6356552 9568232
4025868 7204054
183643161 923807129
33 48
1014 6295
377 943
22343974 99636037
72 81
35349872 85400745
17032396 36791797
381 643
568 723
18511 90893
14 95
456120 985995
38197273 68062898
6071596 9878615
74 81
337794346 747756742
7122 9936
315616422 645225791
22139631 66845031
30 88
3187 8857
22 50
11700350 35149892
138385 972505
29191 46338
12368 61540
24304 62722
7336 8136
46 93
318115791 889423131
27 99
81611 97604
25628 78592
139 841
132 652
6555 9162
1702 4788
15293 67980
207536766 949745951
360710544 836383518
39 91
1260242 5756470
218 759
49 99
139892185 969797973
348173289 786042088
2251 6132
128596 748574
434051 827981
124 608
134834 331177
1833 7264
7068750 7877631
1019 5163
213 598
12958 40398
191983531 562591571
5311 9972
31690 99753
228684 510827
188345 881860
5667 8976
2816 9919
31298 64251
112485 461349
14 91
311206261 924986113
343550 891830
172675 291527
157364 850758
1113 8435
577 979
2913644 8931837
1991 9752
18507793 55943411
2340 9728
281 828
213911984 481492592
1700146 9230409
1374469 7481260
24196045 95163670
695809 967331
1367673 9375585
116926517 432902237
10990 93942
18 99
464 761
12092850 41776528
2838 9863
115266 677351
8486 9311
3638 5383
27307 91934
371387181 999595257
116698 746348
62 90
32572 97506
107313106 422820553
248 802
113 143
2050 8426
120463773 641429468
72477 88344
48 71
2400 9578
185315039 845638596
193 989
44715711 97165411
6867 9693
36335612 95072488
5005 6856
560 932
25871816 92767646
100981602 452348039
3646213 9076099
13315374 18339588
3951 7002
464869 892582
10 51
1423 2617
100992424 787199795
401258 786336
40024912 85424458
14 82
4034 7083
663080886 914341302
43 93
81042 97175
6570 9548
114037325 390167431
8177838 9966936
138 900
26620 83494
179901 992067
33 93
40 96
1483948 8995787
4968012 8460351
162 641
2765988 4073891
235 958
773 801
1449295 7306816
169516857 641143982
312659 848311
37 91
45 82
381081 850404
230923 639015
4532 5653
367 703
14151174 99513998
35291 90263
2121 5427
67968 98013
2159 8000
248018830 595641340
684 985
51332 98847
3597243 5923222
3591 6649
37867666 78665931
3463688 4468053
352 785
50179 96648
276913 846992
31 57
129 501
46635 96051
16 78
29341 71154
24806191 74473710
60086 99516
3568803 4854145
34704 83164
4487785 9994229
3409333 4841129
22 95
10072698 72079868
56963303 88638689
237 993
29184668 94942089
12016798 46221649
5626 8493
71 94
84184 98808
115406 444246
47824 65400
250701362 593020141
1429183 3422131
5901 9750
1415392 6997373
283852 396632
6016243 7873553
1190287 3631700
3092503 5804131
1560331 8157326
4432 6186
7510 8852
101084 670656
3816 9135
52808128 97513957
25928 44612
407 680
179 618
149 620
177 437
6611308 9440523
23 74
349414 658805
2542 7293
91674 99114
388352 862098
18 37
374 872
31 74
36169379 99742020
28 80
135 538
27238 63972
1209 5641
4081 9137
278 963
177 800
78830 97629
115 826
348945 930575
250 977
49 81
518 945
11264559 80765791
2024561 4092277
24228 79900
29 99
315654319 853942963
417200707 671881710
514725 812951
49506 97959
24655 46069
246781689 972909023
2196797 8832303
155479 761193
2438 4519
13 79
38281375 97534540
609 944
331918292 726117430
240629348 931482959
5625 8064
1218023 1955713
45731 93093
530101910 895359267
2705 5549
69163 88494
3870 8099
18830 85524
19461507 42489257
160895472 846619731
489 908
44475 99785
479 999
141 808
40095748 48735742
157 265
520 760
209 999
307431 992296
176 957
101453 977222
14 52
318780 855805
124 943
23 79
4290 8320
361780255 975898072
33040 86791
29 37
58242 93008
18513345 85677446
40273256 78559126
1013 8373
794560263 965274478
182 630
313 550
11 75
173 948
26 92
210646 598783
432041787 948769820
4259090 8995086
15299479 97929295
25154522 77853489
202 984
59 93
143030 680148
172997076 547194921
11 64
108 925
1434 8555
11 93
35609875 55789838
10 67
103 342
171771 429455
22683 57840
880784 971677
669 793
315850 761767
22576703 93262144
39028 89478
269890 563546
373676473 654615350
13 48
308327 930905
139267 994235
18922378 97930251
10433911 90364661
48429261 70924787
121432618 934826047
166614 463936
564081044 882186047
160 563
225 709
14414975 69403876
38 84
10 34
1035429 8732929
17 58
15938636 93256795
3994 9994
290990 866746
5505 7969
2538826 8867474
33856 76399
13493 90982
32 79
59768077 86459096
792666062 922062393
5704 9290
346083 994398
869243647 965674954
240 845
141 424
1796721 2638363
251 461
350514 994645
1966377 9946491
251003439 357743688
2561 8168
105682 667839
30458 91711
1127436 1786010
3394515 9760017
606417858 936598062
32243 89007
11795005 53157117
25 80
164 820
318606743 730245603
1371920 6171359
2470 9298
245 980
116343 427254
2600 7393
89 97
2169 8640
755389 920733
11605 96102
2667 8307
64 97
2786657 8357058
3399 8394
155185190 394043209
16966 54931
32835 65422
5790010 9914279
1306808 9110121
4687 9328
1285 6127
43490 99628
221 691
16397670 61769393
2923424 9444627
173259309 404012605
106 990
17 80
17 38
590 944
42945 81095
168 476
16915 79299
218418344 963663254
17741 65833
2397173 8392451
163 830
1584709 8761637
10575 16914
12375031 68183252
6355 8006
69 94
390667594 991621295
100867923 531979908
13804 72706
1624118 5566980
102897 778477
33805000 98404520
259388450 998775950
445993 877828
3150 9815
70222235 97192549
2369 7818
24 73
47 85
200 489
112 889
420960 867657
793 906
59257 96526
19 65
2514 7908
3421 9923
6753 9984
625 792
112160351 747948294
2288972 8173025
183978043 444671975
1026624 7559080
2519 4167
330543610 609104250
428239 921672
170499355 407993814
453384 652499
156212402 841911932
538560795 993887410
28898521 99332649
8102 9994
11449 74286
26197 72022
3273 7484
19291 77195
101 452
10572 78362
201 729
263701816 869983394
126941204 144440246
28416366 43223606
122344335 763295203
27 92
67 94
11 97
30 54
22879840 84240323
1412766 9929264
26085440 84148934
317545 945503
147 993
10509871 18357238
15 97
3392821 8781027
20629 86830
482151 992647
258265 936442
8713436 9942152
1745812 3892970
324089360 840871885
1501 5148
492987117 818359400
127248681 237037631
10717 69250
110926910 994495518
1659984 4001651
61 99
574564 997924
28 43
151 540
113780529 719963318
11 87
1064456 9475601
322959282 813111458
448 998
770 958
172358 462714
110389609 951353825
199190 942095
801400 917720
169654 819690
301790 803596
86 99
618 844
798 946
279 896
38 68
331731966 548590601
27 83
494881 798175
3323 5201
17874 49636
1815 4945
16654215 85528389
256271 928503
1842227 5250430
560878 900920
794450 970157
10449 76803
2257 6703
18 66
95 99
5974064 6188720
211 669
34933 84244
356434 954649
172 931
3337 4466
62658 86402
670445 855905
48681 83565
276 915
149 579
108975 211706
264073 562402
378 996
23 93
154 760
1890363 7398851
37062799 87188259
374648893 783734631
16223 77601
420 925
17904579 99413478
4545678 8620911
370284109 884533494
1092536 4300692
433029377 989695239
270 872
38021 53363
105833 654107
42858377 66017585
8770 9994
417192529 965081438
15812686 51542721
29599073 52438128
38298 66217
885864 944216
34881131 73851710
52155 99735
48154 98381
65 92
26021257 46616398
235351 926933
58846 98377
309 435
28 97
455 872
2359303 9985399
520507992 825225230
4320744 5729231
5493 9993
307 988
7102502 8891607
2550 3840
673944 929411
925 980
22777435 74319191
1040779 8679775
32 95
16078 52377
7335 9999
469616 791975
802762 992080
130 348
38313 90359
2660 5608
142662 850913
63932611 99936187
126 889
16477 86158
14142968 98387311
47859575 94258410
818282 897759
28184015 49930566
7235444 9935375
314731 500958
2698 9435
331490 473712
198 629
4882 9529
29 69
67 78
261 867
781034862 989914384
1274606 9380762
37578 81836
209583 557217
2710762 9677502
43791 99533
251877 655351
183734 667353
2827675 9560763
21 43
19 24
351115532 712111839
15 94
22377 52097
204804607 653762445
222 605
2657211 3565438
274543004 873523886
1504603 8540947
613276 957517
3451794 9823539
3101124 5315478
105216910 929801255
411833057 659636563
234754 542593
130 592
3513232 6415937
23 48
64178361 86640572
594258 628147
50 98
356616 520548
12596 91943
41157820 79908224
173823 459507
295173348 652579704
234382450 954333049
694456 859194
286 983
279868751 497778514
1055052 5819401
51508 67842
224 395
25908202 84384539
274 654
160800143 980250399
427783 758957
330500 983891
64 95
14 57
290555 888737
608 999
1151076 8882783
2226100 5393371
23667925 50548428
3792 7717
47149509 91299004
28852570 71299194
1045186 1847966
198013 732964
902 999
189974 883155
179 948
431 685
219455807 873404922
395 819
711891 924953
17 76
3778 7217
1061 6482
126120 581864
29832067 74961708
18 94
1078430 7884836
46685 98212
107863320 998099683
330444 700593
2029517 9613406
6927 8736
1140997 4552091
10871 93962
458052895 709467028
11798026 88688366
2619944 9558349
4668 9854
217 397
122 518
1568190 1807705
2247 9934
30481069 82948661
20363 88240
88288 99185
5129291 8335638
156678331 966708737
32 91
597672823 991127064
4231 6871
140073220 915789486
642200 809076
49634408 75509669
1128978 9899313
68352159 81728096
2323390 5356682
13989 47082
26926 46309
348291957 857559273
124466589 910263272
2262 6030
269232671 548001998
33594683 86204071
118469588 538727495
102 991
185 781
335861 941019
521375 834734
144 613
17569579 72583727
328223 995387
1801440 9572405
45381 99362
66459321 98678211
89685361 99841429
208834963 534605361
19 77
88 93
678020 943631
503785 964653
4928209 8167864
231 777
20 36
950 963
37965 85205
2698 8130
329626 997063
22 76
12917907 35229781
394787 748579
6242020 9087295
6485 9287
49 98
1418405 9173631
832482823 892043339
370930219 978518328
36696194 60393259
317534 900139
36250 90371
113084856 936787832
2457 9040
620803 726493
549 829
148422 651779
23 94
3397030 6725185
131 948
819602 960329
254548 578587
1304 9355
3177688 9160420
561153088 961899082
4841758 9284231
1763 8942
212115 874567
1820 5064
25850 88126
53546395 73909492
19675 67568
505470 970067
390263 734667
62 90
24104012 93824141
226916120 949655687
36 44
12 89
24562308 96319090
259166221 945257677
61798 97658
168 900
4911308 7654725
108828421 429311518
402 843
6859 9921
665799365 903999591
22879 98559
661207648 966823181
510 828
11979826 90809265
6324718 7619844
100143 820448
429555494 962197357
63826975 98212412
50021 85407
45233280 99329880
18788563 84736646
203 306
360004958 772340402
237543523 653086012
52769967 75661526
2499 9760
422 992
51671611 85149914
12138 60282
14701724 54603502
5032 5914
4321014 7303547
34 86
37 98
252736974 864958214
50 99
6303447 8495316
374771441 971588032
110 834
16044 95528
125161245 630870523
12 59
116336108 855434480
190 985
59 99
3427 9516
391428727 867777760
268 999
234 523
19874159 83326115
24 90
412 861
11380 82543
64144949 84635726
1284 9990
148 745
43 91
5965022 9281409
1303 4065
3159901 8729853
1639 8669
10578204 53616587
13 54
127832 241536
1886 6531
2522987 9903176
1027 2458
19582 70744
1096 3190
720953302 853685671
412694402 868993898
317 844
130 459
556 954
26604423 62002884
19054916 50388141
10782 28654
411 996
33 58
124 426
50 92
10 65
4969765 7164035
100188504 676122064
1362734 9650875
2361233 7156190
31786252 99515431
20049914 77931507
66596 73280
4694477 7115180
276461273 791910429
264665 660438
51 83
424459 936092
202255 333915
278 873
4112 8928
7259086 9475709
2688042 4830021
49 99
13041 87455
49 97
156081476 615893734
292844920 908118962
1032876 6673897
19597 93764
43409 90161
4473 9947
364977 871850
4368 9907
32 71
16223 75655
7153871 7850237
1277 8023
17107202 92309756
13431 57712
37564 88444
533 674
36 94
62294663 89995431
24238 89027
72465192 92799748
2030 9114
414438342 890870250
6478321 8827639
208 891
5765 7911
133752 909922
248 800
55903588 98514674
401273 931570
5574093 8587493
73 93
294997816 940032329
13131478 53545134
482077259 934620350
35 42
429097107 989779626
176723 998857
1147523 4457007
202208 500859
30 79
5904 9415
38845 74774
74 95
109 512
1005935 7415859
14 79
151241 865459
3542160 5928074
18 60
25 81
1069932 4685794
5952631 8515551
651 959
116855 236554
1469963 4045496
548017 751848
34330172 78790086
2000 5125
12358033 92939611
15472657 61513230
19 76
14761546 60349849
2174 4915
2075915 5981844
81532 94238
282 695
1018340 2266236
498669286 949629442
1833735 3404327
229859108 608886635
245570488 964717916
304228635 966809717
1732 9904
29992301 86434352
532341 999616
4738555 7548722
3833 8744
16414 71315
229630404 957581370
81714317 96480324
139218 959171
3399077 8022579
17065 85104
325388 910264
17 37
593468791 853225844
1646801 7792270
148407 916818
139755 871938
84485113 99791904
62104 78596
301546 982328
41698 97028
5463973 9672162
11472539 60105784
10834 45186
7878571 9612144
43 88
3863688 7035027
6898 9936
6063 9879
144642 355282
292379 996787
446347267 762845963
31185 82054
106 628
91356007 91953414
169 922
11 51
31330731 75908347
80 92
43165 89732
15452 70544
553 944
4261267 8299613
59670031 92370168
63664847 92441796
298671730 982858840
16504 26169
1853 9979
1734 8660
3707947 7230074
42432800 78902933
1157738 1708472
2435503 9928656
1208110 3453242
4661 8981
310323117 937680481
1040897 6319030
706769965 972821990
25667639 71872135
102955043 755245415
88 96
18 72
272983086 535799030
516 960
118 213
47 91
505716433 958353963
5828761 8951751
2350372 4675878
306337352 842177082
4334 9924
122698 307963
1056 6379
45758654 91340242
171575 984422
44114862 95423605
153552 925538
4330 8763
874894 994165
210593113 842013252
15 92
25 75
41300 86419
24540 88832
224 902
1215 7637
62687 95630
29 62
382 813
195706104 647433059
149 609
108 804
126658 738213
76893 98836
166 587
16652 23129
4589 8283
1614 8111
34 98
2233307 5906529
29402121 94783224
2674 9655
246 638
5151 9447
3890277 6577824
18 94
36566 92635
21 99
82423848 98760654
140314879 434629735
30782 88833
29 67
60916184 75100481
56 71
2535 8520
4487542 7708226
4101715 6842506
47699576 90011552
334773261 943950408
134095382 778909925
149231 952555
2789 9379
25 91
5484 9880
4283108 6917309
48 94
3329274 9494479
457349 728827
56574 90092
582626 795345
5110083 8415278
5657 9526
22 52
38594963 52047202
140 447
1522 2022
256 968
29614 56930
16 95
29585026 92775480
389000780 787568254
3607 6727
14499950 69189608
390 652
24738971 81202615
1050 9941
3814 8361
143802 299985
98 99
471 770
668911 915966
206976 481691
408236 991854
64 99
54873201 84694958
456 716
1460 7117
254 788
13204135 86534893
1748626 3223154
25315384 68538534
25 47
10941641 50329778
110882 409755
39 99
1046194 9812988
36873775 68934441
119978541 724710258
553 997
3778424 6236709
2513 6444
218100304 567125239
1814 6336
704602731 992373197
279522975 993589639
24496971 66908500
77755 82094
29570 63970
21521 85799
14441 89516
1489 9556
138566 791478
5974 9709
457 867
2039 3853
25745433 84379438
11895 77998
31 91
24100 48940
52874399 71479498
114 241
270 864
42 99
488725470 808941937
22813027 42998532
182 576
514 896
3021615 5489197
26 95
15176 84985
48347 87967
71813499 95396933
10799646 56620497
10 81
135 898
5846 9182
119346 427093
3226377 9687174
126742283 675894885
394 898
2170 3971
316 963
11 94
12319 64075
2709120 6930689
144877 709710
4193189 8328061
179 943
1356 5047
43 89
432 800
19339576 81742530
187592038 959664981
116 990
157 475
4052694 6774217
1890 6808
23 48
1079093 7949044
212 728
46216 98527
360503918 858166127
188959 826881
34 89
201436 377229
2553 7971
24045 66356
1456434 8686311
13438149 74151459
15227 80950
2764191 7809012
33126 57644
321654 836458
10002 84316
42 89
34850 91845
760761403 942510012
1186 9893
54 85
56 99
85 98
31 92
1936 6501
488692 953353
120526 464448
475 873
32551 48304
19 81
397639 961972
4951 9491
20 68
337710 940991
1832 4671
106286518 596851932
2871411 7744428
294 717
1430 5442
652976364 909037221
30 92
1167524 2041913
31940 79716
193861 885608
326 752
27310331 66272033
236879 829606
2051 9630
3297 8462
13952 69133
58311416 98662786
26507012 69371511
2202166 9338593
183 984
13706077 60608664
50 82
213392052 893373682
56066 93309
16245646 97294942
10663590 27536457
497771327 688281306
150115150 966455747
334468 898186
225 765
126 407
2329 6113
7384285 9854962
56720 84367
174580375 882602953
2211 6861
831 919
146 226
556481 983732
550633 991700
42423 97047
330922 923698
1835856 6016081
137 652
100683384 596621386
3450357 9971937
2465570 7590135
166141059 984491282
43972008 98756375
13036264 47263367
835816862 980986918
565529216 825628196
481919935 744777215
203151 702142
362455294 950973200
15429 67389
268217938 351946851
3477773 9562096
24 65
129 498
56571572 93823658
20900 32955
1338291 7140225
1272707 4463112
7572191 9818665
55 99
7091460 9704502
1492463 9294095
40 76
527518670 848219848
5742366 8218016
15 64
34138 79031
403605 979522
38208 60833
202 856
21027868 80695739
107343141 994360163
122796496 283300926
17 42
1595013 4899784
64 93
22 82
4628 7881
162 910
313800 888561
565403 900663
3051778 8961374
219 823
26585 61987
275 835
1981535 9995738
49674 98650
54069 71955
38 90
52007 94705
62 92
20281 89730
303 637
122148418 630493175
33831327 94857961
574042 900605
184 390
21595 86054
2270 4042
4495 8032
17 68
8321995 8470404
291916 980900
423 783
224 823
3904 8305
1033050 4427183
20113205 37497137
16082 72054
42 51
1718 8666
84 95
730830 996023
1553 9019
1908 7877
1019298 8537910
78 94
10192 70302
3637 6569
666362693 967777804
44341 96250
583776009 633933224
23561 83246
55890 98689
561676 941111
1209502 8812124
436 866
16921 22929
18 95
41755 68858
39 56
57230952 93024146
1163 9869
23941 87994
1201 5264
486 759
211915 937147
1034120 8751988
4977415 8846064
5865 8793
80655 98995
129 593
124033017 361307137
284879036 980478690
336765 982334
1478724 3004737
12 41
175 954
4803000 7965162
375920 826751
13771 88024
23 89
2038 6027
1045 9171
2397264 4845513
31867 98536
235 927
293 474
158499 593143
26750 92766
2409120 7794869
65423060 69268411
1023 3390
11005 87064
131640209 473888781
678056 757495
764270939 937207369
127402 383644
386293891 991858913
33 84
19 98
321 936
6479538 9723830
122 319
292 763
204 685
3397407 8707030
668330 999849
251 652
8678579 9946094
602 920
212066 427884
18787 74172
184083 899417
5931 8131
1324 8825
2034 6889
48 81
43 88
386865425 990559081
44 97
3129 9979
1956 3995
128210 412841
42 90
26 71
1236694 7235741
2313663 9194469
1489140 9985091
697429 982160
4990303 9560186
12367 34324
341 862
134093 945713
12 89
101 855
81751646 98644030
2564 7294
293064918 360026319
27479 90731
5390784 6642490
21103796 50634232
28917908 62727746
2532573 9683055
182175 707088
341906 794366
161834403 855724212
55099955 80918164
2953 9471
14436 82925
12 99
1376781 7245426
1047933 8541386
172 968
513 970
2673376 4746733
6258 9795
796 961
26 95
67280 92599
253513 515301
65467 97625
236 989
117764 335159
19623 31457
3676 9195
3326851 7292153
427683 680054
18 68
235260963 856234979
196182 873191
28 97
4638909 8647565
4502916 7572697
26025686 83023492
206248965 482477200
1477571 8656360
2729 8026
23348854 99528331
1529783 3902507
77 92
17 91
45000 89601
23544 98203
110148731 590188234
32403 98556
8363 9950
120095483 754513964
366873178 971801082
2429455 8756759
10112757 58016852
24 87
1696 8251
28 58
766933 987408
25441 96652
26884009 68527668
3239628 9602921
135338 533864
4960 8802
14823 23763
45706 81949
29461362 91806683
48 85
11644 62860
6788350 9757367
8409333 9217138
1958082 7016196
156263467 388743211
300444454 792534286
1151 2048
1147 8726
10944 20035
2208450 8113698
133 645
36 89
384 954
204371448 968077074
496872 950665
38084 94415
12212892 99901109
24357 55850
4565816 7267567
5537086 9518034
44069052 84084969
4006226 9611284
127 480
6453 9908
12202 92979
437951976 992168930
219 865
109515819 375477934
110 296
46008948 78600163
784639 987854
114758 958947
830740093 944904878
673976562 881957657
5124 9953
674332 899592
145259 827746
38842630 90701852
2848 9961
3698466 7884288
475111 932541
6615572 9652195
4312 7750
6695 9974
41417360 83942364
2450 4924
10875 58870
11828075 39576155
287618 723139
2594664 8401421
11774 89388
1070028 9818194
18536 96063
418 792
253441 689100
522 959
54606899 72763893
333 962
185987167 700402162
35100825 96019357
1748794 7724199
22504 95812
11477249 72104378
34 79
241 953
115212254 347766615
12276 63439
29 99
322509991 576724466
732499385 974179600
112 428
178057 798428
29 50
4380 9903
553 813
19 57
518410 947205
1163 8870
1299459 9311300
147 436
522700683 990435158
635060 994989
156490 778719
1739691 5638151
18868 41776
4674 9956
109 821
1136 6644
5768 9741
144420060 702939046
5048292 9063502
429334 783083
260 580
201 959
19411 76673
4650 9037
104 854
450 733
18705528 50726673
4447480 7402416
3583 7675
3123 7203
574593 685651
280470 671548
4692 8595
44408999 99337987
29312 81721
25537 90360
1527321 5188322
1474 8724
41527 86344
20825359 77908308
49199 87376
447341 682755
35 99
343715311 617348900
19526274 82995548
671546 890482
69 99
392419329 990005784
1184693 4945666
100888352 998274378
231 664
496 788
147986402 257443146
166734 935833
693288 997666
102 620
291982158 646985868
205122 684156
4567 8743
739314172 933055108
108 876
39580561 69538451
7197 9004
20 29
247585121 766041542
215661 985127
367753 916623
24 57
49121375 94118316
1221901 4765307
1108 9566
1030 6669
31383312 59183518
4861911 6555923
7005247 8500785
294095197 940339097
7839375 9978926
23495 75529
1002 2092
12194 88897
41816 86530
91111839 99869226
433111 767783
366722140 982880045
3975 8610
67 94
343621141 825964730
579143 857381
848342042 973453897
11239 47256
76356390 93364162
6759 9817
17574699 82522524
349 901
275 846
215 965
1679 9431
36656 76332
40601570 96295047
227 502
1112 9493
120287 308972
6717814 9119091
51 85
596 997
20640085 95458553
181979 425666
1343 4140
378 915
120 783
43 79
12195 95863
24 99
39 64
358667 842520
3547 8856
328987 657114
28886759 86689823
1614 6963
25 99
3519783 9989179
102754 341196
657427433 993811806
6949948 9942704
142052 230341
25162 94736
1016 8447
35 96
350 427
412495557 994895266
145249459 564928075
173353951 731517382
35803 83779
1194827 5250708
305880382 969854423
21 45
4817 7359
17329606 65641075
65276 96297
139 749
369191 811131
8638 9311
1461312 9867552
24036 82342
28175 97098
109244 769040
182957655 819744178
171497046 762440389
1071 6492
109662 141890
47 94
43 87
3140 7107
147485 534114
21154189 55286413
23 97
135492623 814886315
23291 99635
11382641 50114512
100126382 614080313
149 601
29787 96749
36859830 78899300
235 814
267653 611741
3835 9954
256007816 839771035
21830070 70621646
232 912
380665 996105
1920 8820
1220 7780
496392394 596103586
33526 86864
84689 96908
641 997
63 87
224 790
20 99
151695033 824311443
32583 88899
372 942
54 63
83410606 99131880
246 359
192 684
123 747
133501 904074
350533 773222
10826364 94495160
118 926
3390810 9918777
11677979 63141788
69123315 99917660
30483 94357
596 964
602076493 971382590
2525 6433
2511003 8217599
1796548 7714921
456 939
26289725 78400809
47548889 77578474
34427 85665
117141 993727
1677 7417
123 579
18336 29193
245 959
2364 9879
440901 807472
110647 422613
26137 84881
13 70
19 54
15395927 95079837
38022533 83991337
137584 479209
93 99
1915753 6120767
1004618 6842173
379 851
54088950 82697938
4988 8088
7106 8780
22899093 70009174
673281006 841004120
405 923
1035359 9887353
259 941
45 85
62909 85159
11 80
496 807
23299 88387
72218 89539
1948186 5772873
238651978 955638644
8405 9322
1545109 6253819
24777 74293
143577 888573
10670836 19288343
30 72
2030 6898
344498 494747
2192949 8517091
11 73
477 923
119011239 885474766
274117 530135
284 903
141 636
134247 800847
69202 92980
24 61
197315564 498688600
7902 8946
167 866
142 826
427454 997379
1984729 9277257
5869 8107
12 91
112 619
412427 642972
15902 86805
76162802 91473927
41841792 81983785
14864 51327
378873 697963
1031 9201
8713829 9461225
2523915 8966805
10021326 68933614
400547747 794803744
2295 5528
77299 97122
32 51
4487258 8599025
1519 6334
225 976
102748 730965
504013 879499
34138466 97494914
1170219 4171544
455566579 938855554
192516 944941
3755 5557
62 99
44739642 93433046
304989 538772
2558998 8318419
105023 786335
19 92
1115 2607
595806 923445
15619 37609
203 908
170445148 842514292
208701 940553
345877302 823208883
169074 983363
2285 7331
551393703 629824053
23136337 91637733
638525 929504
1244 9005
28925826 98124498
58 99
6955 7325
42297 72895
247 930
335 418
12340444 95772460
582835 930378
220 869
311 577
172974834 765214688
1655091 7778401
4399 8350
17785 45166
3563 9935
170871345 238356763
2538093 9624731
21 49
445173797 847839884
365 887
1321 9687
12371004 97657526
18 87
12 45
16345492 69015751
33025 39171
541 906
3325 8151
1704 9891
169855 509494
608522 923464
17628731 61183964
339 997
10568420 90935668
1102333 7025807
278393423 884897073
363 669
10566366 51530388
10 99
789427 985610
295 983
116 466
531757910 976677245
135 608
3037898 9685633
36839 58657
21889278 93112391
68126 92040
17076085 49899429
63143 99438
3769 7823
35 85
428112544 661128839
1824278 6700790
148873 890451
107 893
215450989 931330638
262 888
35324 51530
4908 9570
7918 9361
21068 93066
156 467
15 39
117 689
3778 7146
3430 6467
28 50
3812643 9176301
216 311
7676 8408
276973 825564
528976532 904202722
1713 8093
49194 55521
39763825 89722244
169956115 988869278
4800 9931
2625205 4365173
17290 63629
18032 78986
51 99
46 99
27075 76775
108255 819067
46 62
93297 99106
1740 8003
331913955 707306317
175905297 581262886
10 37
25835828 79764531
222 345
2215 9320
2070898 9740750
54 95
125235 268818
33744 92130
3050482 8392720
7151 8029
2890959 6414032
51 99
621805546 873821820
134799 919177
142334 923457
370975363 995197268
19556 86500
404 776
12930535 48590264
220889 979832
17 32
205130 857649
285976202 965496155
18 61
10504 26810
174904 250002
218231 397163
72463 84992
4986393 9156205
518386 835949
458139 913299
429381365 784244102
16 92
51569969 87657368
1190539 6279872
51187 95035
30 50
22 56
388674047 999873184
10264727 17523634
8350545 9201872
273 679
203063 996531
44 74
44301 81601
101 497
19265566 68435984
2895 6162
3767 8439
281586653 844314106
1527 5681
283848898 805697347
39143 99196
40 99
108 822
1377267 9293453
11 21
105038663 519745375
1097922 3894818
30316961 89265386
14989 66305
45386 91373
411 669
48335229 82533212
515127 936368
333760325 908448330
162297 539002
560 958
4522442 7333851
202428 786375
24862803 94865009
95220039 98944198
34663671 63968210
276 602
42728118 80024527
2523 6505
26390 66140
88 96
29204887 48407601
71141 85794
101344042 646201535
385304 716899
26275 74054
2121 6293
73509114 96488628
26582627 95326184
1953 9021
544919 965032
3379990 6730315
11 74
40265 65370
125 578
128 998
15 94
745 963
226 876
442 723
1515222 1774266
832 988
251970 815296
17498 66927
157 760
1400422 8529383
6789 8232
25 91
1097 1684
30808318 98214766
14559 91953
5444019 9300628
11004693 56768516
307933 744100
10453690 36155206
39085315 63354823
33 89
2246435 4390417
135 628
140 663
862 999
4040119 8782228
180 897
22349 98974
4747831 9703791
3441819 8209837
1851 8763
1205412 6650384
115580769 940204492
123059170 686031364
55260492 81174924
6500100 7312502
6767 9826
133999 988781
163232 357981
4530294 9482795
201 420
19525 79287
373254619 903209489
106673789 678220019
106 954
9705 9962
122475 504198
523 903
692245 879642
67 97
5199 9050
606 981
139 403
1733753 6292971
34501583 87065242
1448244 4795576
198256 289455
23 86
100567273 733562402
32 79
16506 98487
28 50
192 812
39452099 52165389
107734766 930975232
259467 738850
504636 914174
62175 97899
284 751
202132534 955817607
6551 9919
18 73
49 79
211 645
393886 774087
27 90
35913 83628
6325659 9865606
13744922 75371476
10248357 29966835
31 97
156 675
5728 9196
28 47
282127706 701194868
74470 86122
47339719 75005331
12758 70897
10859 70255
551 949
61495 93666
213 980
1480 9600
501993625 871643724
13657 91191
827393 982561
134 365
25 50
19175841 96999131
77561 99251
102666154 952436659
5453 9749
28269 87525
128550 944814
74 99
80871 97660
213 355
302191 632600
1216113 9621276
15627 77927
12287549 91126719
38 92
1340896 6529935
17 80
1017477 3072643
127194 806280
1633 4816
63166 83856
14 91
23251994 89571029
122975013 386854493
36324 94959
18351 98259
298562 895732
874865 966837
1155695 9984290
2762 6956
13988321 57929146
760 992
57 97
2727 9280
31750 60346
5665 9996
780543 878843
370447 496822
267115568 699282368
28915 84330
103 543
157 664
228623195 974751698
41590071 70425051
742309519 785523698
2393973 7662186
44 76
1086 8214
19732566 87409264
136635405 473960391
34956 98024
100 475
375 994
3362313 6119206
2838284 9865853
1016 8114
1465156 8839322
760450791 899081702
15967738 54611357
562 946
40 92
209941738 871636161
114 869
1644597 9983524
264146545 705043430
273755477 710541106
58730570 75481225
6576 9916
2518926 7689617
235 433
17 82
2738 9688
145506 618653
2069522 5838658
19649068 66581820
390752846 954092939
102 960
237516057 775537790
372 771
34 92
25112 72614
314293476 829852490
204484 918707
183699643 712313785
172979 879771
5067 8696
262373408 932205202
15869284 70585215
665137 994021
114194 775728
4109727 8512093
61867339 89528027
463 894
23448 67076
1002 4159
859 999
159516 926723
11708971 59561796
199374753 940880865
55305096 96508143
101297749 784369276
2258 9994
13 97
209403673 524681029
4604867 7508387
550816953 693354296
152 652
31765 52065
4125347 9258212
162411 213274
2295 3204
1044 8848
33559 94402
3633096 7704926
257375997 878856827
410 817
1455891 9361065
238946 670387
22150 84826
101291742 951181419
14 48
110780067 951617837
5802058 9725015
51200376 62151820
249 790
34577 83783
850959839 904593694
16920 68504
402073616 954018680
22131728 63117266
60 99
12 45
1331377 7735814
17 96
84 99
5569 8884
608529 757005
4040 8363
28 85
166 522
709901584 922837838
106195 724240
4974 7732
14941981 48662791
361582 792943
31347 89360
194 710
343121506 952802319
796929307 977009434
105171604 580701382
1275 4270
2080209 8955042
43671735 63174615
25113 63275
240803 503803
30424411 77899583
367342 946352
33 54
76693 99150
1151 8678
3442723 7203543
192 380
5992550 9763239
130801 927217
18 39
120 849
27347 96354
1081331 6555987
466 542
17 73
10436223 78968897
35461200 98243974
262 987
17739 65630
192885 965924
40 62
35472 84844
12112 45972
33 73
24298 98037
43352 89678
531554 792786
1789756 4839635
30359 48508
25862 89851
34159555 87874139
3071962 4932467
11 91
1031 1957
32013301 49510051
38 97
472367657 989598966
137383 369738
58 99
1149756 3441988
37381 84939
794285 977782
104608 389775
2071 6505
452 934
146385 260742
4310870 9578829
20620 62747
30958493 88573302
51711744 63251917
5009372 8232013
72 90
96 99
1520230 9976543
731230409 802498165
2859966 6073030
432974407 756186468
606127902 854805522
206456 806088
336 625
1718 7621
10815494 94298313
41 76
27925 47804
622 999
30 98
36 92
319 777
16 82
2441 9860
38153 59823
328592161 716978601
3217 9036
6733 7818
1278 7856
428853526 936662987
171020377 389015910
198 638
457111363 819409802
55246822 84067575
3095 6984
141405567 464813563
109299 841613
138538 514692
111161188 784131299
2424 6202
82 93
71275 89306
188624475 787430014
121679408 684150602
612 959
10764 41424
222697786 971990027
79100 88071
14 75
221749879 694800028
30 93
1538 9442
2194757 4261787
32900 75013
4350 8275
68571497 80792900
51729231 94388106
166303 755533
56155 74836
2404075 3281933
257928607 992442468
1137 9949
116941 631926
249 984
3122320 9564946
47 95
810494 946813
145216385 529597738
151562 806293
5436486 8833044
287667684 985636620
21365046 57139654
151935344 494265174
71984949 87170519
2274 4034
400816083 677294602
188 694
1831313 3738364
1651283 5869303
522245351 986291651
103 885
61426 95844
875991 992700
273 419
17 58
116 990
78 90
16740581 91912596
82461744 88901690
757844 950058
327178 947627
339044399 841421276
2347251 7077401
16 80
1317 3296
394 846
59797746 87251445
102451 758488
592514 932080
218685 909273
1137 2027
40738 98378
14 73
161 383
1468382 9824547
11 62
7379832 9828638
28 80
227 422
21154724 68176107
40 96
181 299
62 99
69092434 93779949
64662 98861
31325 83890
2742 7055
1753092 9772359
1729337 7300982
130 667
15 66
22762 93559
35166 93738
3951207 7928176
3526933 6489267
1899510 9154390
108924734 874831952
34 50
703 955
4120 6454
4433618 9990474
81711 97881
384 971
19 78
16370326 90641823
166091 376307
10472268 61182422
169806 948415
55636471 89021374
32789441 87653342
47 59
10090 53314
15 63
206 861
16135501 43072915
72 82
182 819
16 90
128328 878328
3039452 8321174
380301931 643021466
630113 882385
357764 917922
2155910 3946183
1065 7349
75005365 98768416
14613810 64958928
14 76
621 743
53 85
28135166 53838656
32943305 98499656
8161 9953
4513 9760
73978501 98779832
151 941
57010743 91413146
489868 960785
39 96
12373254 21709312
30556172 68947548
29 80
18 90
70 93
65 89
372 941
275258340 684853412
37574878 98529094
23238 88531
105231754 738469388
416 962
13713 50785
89 99
79 85
23608 26572
6159 8926
8495553 8899119
140040946 655755373
503 881
157943056 830019368
5601 9444
10772135 99674639
216642382 416290663
13924 98441
544 892
20 74
1273479 9452305
34399068 89868397
30235 51150
139337336 712922346
165754912 549560155
3311287 9782618
506683 617269
143954371 959762875
11 29
441362891 732615991
12454369 98965878
537 992
8180 9404
132304794 788733767
800390 994106
21407635 79224139
209897 976679
476783 482487
13086 96250
229932 553166
16264 46685
99 99
637169369 741195094
106 637
18 81
1974 8098
102322 626265
3346 8867
254 892
130188 295284
170262066 459066177
496457631 903585282
393749 651723
175176405 576416857
66142 99998
246901 726592
20926 83030
1294161 9527214
23086870 61318420
312521009 726103813
53112 81708
184 930
11823 88681
3026912 9696571
32345 97856
245812 908868
1286 7519
16 94
3383 6105
161 790
10573 79799
218988 633906
113 385
15273126 90873585
37596825 66218427
204276 577299
32599 93512
11 91
1290901 7797645
8262 9087
228308905 973652291
386791739 840868957
113 522
17967 62295
24 71
11156 66239
4755 9870
1449362 4893149
44048654 81032395
1466 6379
24 92
472 989
45951808 86182425
56129 75855
10073 45579
36462 66516
13 87
20344360 49183210
460 996
126716723 873046180
6000 6946
3999 7865
10 95
10305424 66897075
34347736 94529701
17520246 69895971
470 840
2977748 6761041
663873908 967172364
240714 968399
178943538 461675509
14409083 93815527
4491701 9551359
3295206 9049388
215 780
130 651
149717768 921275089
54553356 89526824
158 757
23328 89736
22962 53011
8142 9466
357845639 841695793
1091009 1932049
1708 6212
108284032 841571978
207211 711520
1165848 2649611
33888 66387
168759838 827906882
138933 990041
157334557 743004876
58 99
1431953 9475702
32329403 55440864
301143170 844369683
28 99
79860 87461
338280 973173
1215886 3447790
109 727
136 844
285815254 969960847
1432425 4120745
175 880
509 924
18 51
229475300 470460102
502877084 978987557
49923673 99939325
42688637 89607268
14857 96542
100780 363087
7875 9791
20659565 43947904
2195886 5610358
37899541 94012484
3105029 6845212
254 856
26784366 44949155
15803 98261
11 43
73334232 89458143
25320 87656
10112 47708
28670196 96622420
57709279 94368738
7507 9969
376 913
257610022 683742671
157136802 981124996
41667993 95808602
60196596 94546953
348542 639232
609975 889537
151 356
424626452 668906903
195850195 959527555
20474 93186
10345 88401
1577 5038
709796285 983185268
16 95
52677 68431
12 66
28 64
47 88
95542464 98730055
100 792
4358417 9075189
3099535 9601461
141 525
160961162 342390775
137640272 916586481
109903 842107
42154574 95619830
52436131 86018603
37510591 93401962
5255357 9710336
406780699 623503099
18753 97161
118 979
377993 580109
4342718 8306623
12201 33854
137050508 501588740
606266909 999586582
21610 92289
1526932 8639777
2003488 5223852
347 539
117 408
15423591 76798564
14 97
14975339 62059325
15140 79288
228 940
17059 54613
39031 99844
22082 88677
265 437
574464 959041
112238819 968724806
297 999
3279583 9109734
81558655 95140670
684 855
2977090 9668783
608506 938337
18724 88052
15165789 99608438
86 99
24 93
21 99
226694 954487
197735282 443600656
33 52
5753 8454
15826961 48464909
41177730 98536589
5662967 8406124
48871 93680
546564 986792
17 31
3796 8948
202 605
1570 7835
44577 98225
1196 6149
70724930 88798718
46633 78762
164324 950985
3069 9834
3042892 8416581
1022 6088
369 582
3887884 9635545
6533113 9166797
290496872 841544674
156650463 555610918
62207734 92695057
129706529 863762792
48532 58910
134003 626837
272 835
434 986
27897 94079
3258 9538
151444321 982850129
25915903 61149309
19 95
692293 847796
438311924 834563376
206 989
233827754 560020380
8198 9657
62987863 99994001
43330 93907
5206 7177
300513 878257
18 77
584 986
16609 98613
3718509 7894209
16193 36647
300137291 846428062
41281007 84964212
12735089 81292432
55026 96618
16240 61785
1714 9228
30 95
398 609
10709321 40626493
560 870
2724 8717
76 99
104303 263616
418 562
45014 97618
20839 89790
334986 797309
345477 908943
1640057 6600303
744 936
292 540
1340916 5732476
312542 877868
2028095 9519016
31510994 80890683
2119 8105
250860 936146
19 36
74953 92947
58612007 99560918
66 93
106282 399648
17834 97206
2126035 9154743
58 80
245556 832061
3498 8745
38003171 80018393
33 88
198413 981151
25812885 91285131
1094 7067
2609 4149
342174348 687569614
442419599 876347044
1457 3945
116868635 953379463
1222025 4102422
24988646 60295368
263170 783814
52995425 98590308
27766 84743
28846 79313
436 861
36 97
592917 929493
1863775 4705962
33 66
254321480 749280580
4210215 7891473
159849715 516446231
270710863 918810973
47 96
187354466 770466784
61 93
4670 7118
5539159 7806381
2561563 9899753
138049985 861662370
7002390 9746333
17652 98283
3763 8977
1609633 5086224
56 99
18 98
1559737 6184701
24665998 51373403
4785 9546
62 95
15581802 52798694
189 656
196 996
168076 976827
374074150 436394306
336 998
132791336 957886214
35 89
16 85
19938324 63262446
250175 691016
3373625 7501468
426 955
72685076 88260300
16 80
166179 996340
1112 6892
8228 9674
6459 7332
432 771
55 96
14 62
2975925 8151982
360 938
6044 8401
357 682
10327173 60635177
177841 930519
193840451 771561162
327605515 653894381
1112 7948
36818580 75858975
29370267 50364378
1999 9034
1260 7303
1395 4187
13960109 94477854
17 71
464 981
759 971
168 670
920438015 989113590
39895 92712
62 99
469314 999433
13 91
4976 8888
11631295 81541879
2260509 7356810
30888851 99310680
23 93
187004005 317607431
5580703 6688271
10242195 48815571
4194 7229
111 926
129 969
1561 9565
42362660 95264690
1002 5529
515904539 811733145
13 83
10655 84754
5854039 8467814
40790639 73011202
771317 972686
1983565 8458742
2051915 7600881
52696766 95919375
474993133 943672349
112448289 449554075
18 99
5986148 9637067
96 99
45 73
486 853
118 465
232 807
26 61
86956311 99938743
105 854
17867 91023
224592947 338391300
41 52
1220568 8337082
168 584
14050 45781
7223607 9972293
817909 948091
3751496 6557655
44 49
105523 503244
4527927 9396287
386695 920309
138223486 851589935
11 99
94 99
1740503 4767563
58 81
62824 99635
24 61
430344562 975843103
48429 98496
1980729 5481949
372764 657668
21 48
16920 75309
18 77
744098 895386
103573215 902043259
638850264 995111313
262 941
182 806
18045255 99563101
335390236 954935037
8110644 9932993
468 996
18 42
287 982
1323481 9492898
5558 9599
380 997
109 271
42311 76459
26 96
3937 9112
3621 8558
39337 76378
69849 95048
47927 91662
6645591 8920162
1224 5965
304533981 885536315
1937 8389
317778 760069
13376168 42176866
597734 993077
1089 6068
7082 9501
14236541 78937484
464421824 929863239
78 97
4317 9182
251 928
116 324
536881 739814
52696212 84955896
143280 695961
465272987 790094029
15528643 65028789
204111851 825176606
114742 303761
69628 81906
50 90
109 982
67 86
609 913
236 440
1464186 9026312
3979 7759
1605 8343
23597 96545
377965 921232
19 78
563193 999803
10 69
5481 9478
2498087 8865623
2294 9778
1068032 9598944
261 348
2618 9843
106897452 584843128
11019 75336
44294535 79557533
1721 4827
354704889 770829717
5879 6558
714620809 985118913
51 98
364 742
116 940
300144518 936952784
4145783 9914102
198 399
1808506 7963027
124991 930031
322 739
27 87
1482 9867
3656 9932
12255850 82931765
253 898
55199615 89167742
1899961 7458860
15 65
1365884 9554112
6553 9412
13638 37269
14 39
457016 833174
527929549 946627581
3720 9999
554705 652647
540 844
519240 785359
51 83
1337650 9418653
4075294 5783300
374 762
190 920
435 811
57207155 90399305
21 80
1952 7668
20 66
208730 650933
2083562 6823843
28189954 49783817
5043127 9701280
218 945
1032 8969
118 352
1911425 9827607
3997421 9017654
4017695 7776189
42748617 81510858
56 85
1393 6356
116034958 841401384
20152 90311
2962 7441
9232893 9939757
4554886 9298174
573 784
3463 6010
1011524 4067141
1871878 6740751
246896 917092
181931711 203239915
110164 305321
21 69
181049 272494
27 46
6154868 8798387
9112723 9570262
445273 850012
4787747 8206865
380 761
7685528 9563815
112932549 976690969
2594 9884
328269 950392
2419 6325
239 897
14026843 86958622
166 595
588 863
12762065 83149089
55 64
18591 80634
859727 936095
47 60
14025034 54156391
340606 924220
384363 802358
183 853
22415828 38227879
38099776 54246508
41 67
635330 862492
210449 969161
16599 94783
721 855
1073470 3153794
43 78
734801827 943742805
17789 61652
261528 800666
1893840 8359036
401901643 983048421
313450 571605
549687952 916627426
61 85
2975 9564
486 796
340741 498341
3629 7432
282 666
1330654 9360599
18676 35805
526 663
31914591 59216418
518366 804069
6563 9761
25338 83910
101662 316398
1150 8992
22901061 58154635
208628329 935546360
124251 929838
19 96
1804 4051
11194 87784
1491 7482
1964478 9881679
410999 888750
3637 7365
16038 87397
41 83
413647 596810
33647596 99527212
117903 732674
202 749
25 32
16363179 53919104
14 79
520146524 868401625
16556 91645
5154227 9877526
11147 59349
195766 291465
137310497 929409289
27 89
7609 9826
2332 7034
1533 9080
262 942
3451 6197
26350427 71515873
250173 841435
177046600 882887780
313841626 994180519
15575 43348
59699 98558
214 964
18 42
1392905 9046812
101659423 828776410
2860697 7509023
41 85
13 94
8557 9727
4114 9148
42 61
766990875 982589363
467516278 886950139
3756196 5996653
14 57
48804 61110
1048735 7581482
163 790
16383 90079
114 664
2197 9342
55 63
55 99
1602840 8307294
184 721
100067655 558190507
243790042 761287325
3492210 7884588
140924214 878620091
458 816
3573476 6056702
71341164 99082521
569131 893404
20 93
278784 758700
5345751 9711425
66243737 75338844
315561157 998568165
6310932 8079280
147 830
1107042 3913419
11 84
26129794 51738450
68935 95751
877 999
748 875
2655 8260
21698 77819
408219774 858743610
2597 6820
545380199 641095483
37078 93864
2697195 3960078
382493 966151
253 878
17001 75167
22344 90072
613 893
370 760
25478 85522
1659126 5894920
39628 51214
650097 756143
271912675 917727567
100272420 313252552
42276 98537
275289 760278
102 303
1876 5537
15450295 67474032
511 924
41825843 58908810
26 77
46 90
17336848 62016714
34 99
472 982
2132998 8361242
81291814 95847425
168 514
7716 9065
136012523 843052453
21 49
44696881 57137165
90622729 99224460
7499445 9945892
78 92
73 99
104834376 544486668
2833250 9990352
235809406 782466365
22627 64526
17847357 84308040
262878880 923385653
3502 9980
162064559 774019963
330 970
36974 92260
117 961
6333485 7802960
16310964 86414251
32828134 68605173
13601547 83127807
1835 7406
517506819 842603922
4183 8350
6950278 9816917
70760 92846
43222 69736
169779 224466
320330 560420
16 80
1135785 2659321
32 99
294396818 978389877
1350 4373
186 865
215986 983152
401 545
108822816 867875559
3969014 8515520
11462 42411
1853030 3552544
22 51
32587 92761
126 842
6272704 8974397
6663539 9874534
12 43
674494533 991065318
9373617 9842345
375 829
12998 89476
176095 573910
324696100 656212251
1538 9436
72646 96532
19 71
20 61
569898197 979554249
126122492 991078649
254772 561186
295646 992341
3378874 5721464
60277 97151
44 49
8709437 9874683
1011217 8377880
207066 601046
481 606
861671 908307
118 555
12085 96997
5011 9338
354418 958533
135896 678527
589108 630982
2667334 9183928
17903 31886
49 99
157971 586051
20 93
541 995
184405 797321
1437 8487
148850427 933615137
48983163 75055988
13 98
14534 21363
289389 871729
5411510 7512402
1858693 8999656
109088 776439
1976 3190
237 309
1673914 5856864
7134338 8740602
294 855
11477260 93222097
2961430 7702045
290 934
4645790 9942264
569 833
179238975 411409303
18774008 62220947
316 957
53343334 81122063
13 82
12 92
23047070 99841856
39 99
47 88
39 93
460660147 828705372
57158 77954
26 97
2160549 7288296
4751 8516
185661700 938992272
35 50
3415 7946
143044 775708
313031 747231
1078588 7709980
10250098 89827203
13360270 95640874
5454891 8035483
630 967
20 98
53456551 90934311
1169 6907
25 58
395012485 909119777
27 33
63 81
15 74
199 476
241 579
423695 619210
871817 948521
42775769 82189392
1162412 8182558
20907 95896
1620455 9255344
11 55
10527709 83648092
385633775 992569707
46 66
689 801
42 90
2500490 5318035
12598 30916
395246 940436
394265364 683640916
46865208 88370220
1694625 5814201
243 913
15824 48592
5826 9191
4899 8246
1204239 1923413
667095231 895596118
112142324 477832559
75317 99720
41 59
14 93
20 45
1202565 7659999
12 87
1930 3876
249 926
47 85
143507 948551
117 744
10120672 30492548
374555 995018
12 67
393172 631354
127744 627086
18 93
12 46
11 75
234433 887596
20710 65873
332 471
332023 725262
1541388 7772127
64318293 97689537
338245264 957279457
27576975 66640404
127 176
35508002 83756009
6361996 7916418
1670 6428
4782 9993
368 987
197 857
523 860
16 45
38 90
85196 97871
1178183 4450326
1575 9514
1487997 3415176
671532723 883869538
10200 69866
6716060 9564617
5401 8716
1924745 8765677
26 74
21334981 86598549
102682 889819
103514889 986007859
396 905
17555381 21281861
185 639
392 695
2822544 8377669
5233 9296
731439949 997317484
54415097 86660248
1456565 7971193
19612 88018
10174697 85291005
6933577 8884677
48 95
1439794 7381424
1482690 9445999
108057 836576
2508840 7044284
128 823
2608 9372
62216040 97033550
20 98
59438 67106
33687262 98068599
26097244 42966079
15 70
3325767 5762163
431142237 998866182
500493 690288
820932302 947779745
21 82
471310 821877
27636 53115
10 48
2044455 7805527
169799139 661215990
78 97
12171 19923
3947 7140
75321531 99755662
57796 74234
733 973
73 97
2711367 8355093
39374 99959
1179 8146
203435432 923288264
388 864
738577 988009
36 97
125480379 696581325
23325455 93922241
6086 9873
1649 9341
197204 981732
31 91
13196 97613
256392387 989386012
1948053 9456561
4768 9296
32 99
10444 74785
243881 868127
164592724 785296854
35098 61895
257269444 942155822
396506 929134
6170907 8402662
440 709
3041717 8934720
12 71
1302178 7472401
6515934 8262440
128566081 539456766
41 83
2253 9752
7044 9152
548643927 902834342
54318344 84526883
14377 33338
140521060 289892591
24989810 87352967
151790 950934
16 99
294835274 699757038
363257704 746473893
503055 946922
25751 64595
5667668 9515283
498455 963550
607 992
133806 468216
430020918 859490105
58836 95164
11357 59141
12980 71347
34949 85937
13549413 98339512
35880477 76354697
696852 972147
61618 80640
1098 6279
45555 95082
5962969 8040119
2726058 8856143
278936157 907539315
16900763 96902382
250400404 954839737
302417 936760
23039 53436
27 83
177896 360667
5165 8552
5183350 7591006
2081 7354
20805 36038
13555251 54180112
390626 904335
6299 8567
3855 9932
30207 84810
6324 8504
435010135 971481144
209813121 856235821
148269973 607558780
333 715
254 897
24235 61085
4252348 8497701
5530 9279
72 93
1293 6896
39 89
112664 910026
24990 94688
31582 69425
508031179 970762961
62 99
139 320
48908384 94417493
20238110 93364267
1930 4146
877 979
298652906 989958917
143998061 734508101
564143 885900
4368 9826
598482874 989499762
634 981
338 553
25266842 95385870
6550 9740
272640 542765
416609 641692
87090127 91521459
37992 75078
480 858
13558222 93290973
1703 5558
108421188 370828264
66 82
35001 80214
157899 985700
624970 944417
20 79
510 944
89 99
16079 49333
67 92
2004 8675
3508 7931
24703 95472
163770 970941
2585729 9798104
274956 737531
8849 9832
2324 6649
52041 83221
1111 7752
6570 9994
186 937
18038 49726
22682 60411
1012 5874
15841 67677
310156391 731879813
80137318 90948767
2401018 9806443
48296009 83190801
585 892
295685443 546061184
16663 43033
1119031 1989274
106478 462740
21426 91730
70 99
51366 98735
3220 7207
53324 91733
217 925
35866016 81220873
3606255 9207209
173864 819292
1071945 1838012
21266349 67106866
143614 814943
30 95
413887 714246
101 582
583 737
17876 79142
489 993
4808406 9504317
16063 98516
180 954
218198 421907
133377 819079
640883202 975473578
2601927 8410088
267110 686111
419570246 969365438
201450628 745351292
7674949 9702588
17680116 47888073
1958 8715
584731356 848428145
3799 6015
71641854 90509487
1066827 9257230
19 95
39873 89311
416 853
610 999
1164688 8921329
20346633 49675110
61009728 73992770
1691 9503
181054 991959
3148 9906
100 907
46381537 61646654
4164377 9504061
117 322
550 944
411 595
158507119 868362062
520356 928490
367 789
11204524 30388561
51448 80632
2617153 9341911
2393 9100
9552292 9857011
310936233 713962995
13048 68163
21 79
8319365 9084881
7075392 8794465
367 958
476 791
55273064 67759555
2024 9959
58235 87024
3413 5953
203519 548062
1216 4419
524 936
18997 87470
13801 58392
30308679 90586389
1184 8914
3118752 3789363
8440033 9797163
1356073 8451356
40211874 94451461
465 791
550034 892074
11945383 72521666
12 58
315892 878187
203740 868788
187769 613206
369 999
126 984
1796 7075
31081789 81337647
184 839
18068 90864
29794957 70442516
13 72
158757730 699090857
27 74
841 982
1381093 8251102
277 976
199634 487784
35725304 81990834
18524 40567
88 98
64851077 94833390
1010706 6074610
13 35
454114875 937690244
24250 99706
9530 9948
42068 88798
412 611
21017441 83060252
447680788 992863484
2007525 6311862
244406 989113
93 99
584 998
14603951 60202889
493 889
394655903 916833255
678601 839885
23491690 68092935
253737626 752579147
48396100 59847186
3681 6261
1169200 7629087
375 820
10011 92843
47377 85718
38 79
11492 42918
166 919
13841 61722
60763670 87489514
25840 91245
21 72
3615948 9531587
59100736 87115199
103094 712592
5887 8188
62086 81442
31558976 87414857
330 920
15 90
21898274 80174106
98 99
1016884 3735617
427499059 912458981
435873055 858468650
19 53
41403424 99162689
2583 6310
7094 9989
63421 81261
7961496 9838787
5786 7688
154693 991342
16750309 86926083
65038 97371
546 956
130590 981077
42939 95352
485254298 858109388
763912 862827
112747367 458564375
66 99
165 635
262668 659086
1278037 5429596
16120821 98640266
2573212 8282509
1081 7845
62613319 97338281
75 94
42 85
680611009 936427965
15581 78631
31568424 90451689
333 865
867 983
14 28
558816716 715952906
150 665
39176 80497
16212031 50542998
365170 981790
5394 9593
65 99
5229 9683
513 734
645457532 810896079
297 841
415821256 988788909
1643 6822
16728 89991
5367284 8288906
136 457
504 955
160141585 762510087
352 810
89186366 96159592
116545785 825724468
23366277 86948893
20 98
163020 967725
3888 6886
354723 819720
14403 72091
356 881
27208748 77566527
164 735
16183 89622
178725 356960
453 833
31 98
11 64
39976416 90951022
528 717
193 385
536184217 985021893
2925 9187
535823 957818
2769 5485
160262 265975
31481 99434
1401 6963
400939897 863521643
45773740 75721928
6870460 9999459
145399 505083
13795 50360
254 473
4806 7950
45291869 81307980
31189795 74209069
11764692 95532797
22548 76704
148401845 887674426
2379161 3580634
279577 814857
23 91
302450574 996856210
737544016 984870687
5233656 9598886
437260 673773
204436 921191
313 998
3966543 7620490
4560 9802
24 59
73 91
3601260 6777184
12348482 46548253
6523 9215
11079515 94375500
106413254 919869857
10283 28039
355 883
13917085 59393315
115737573 346866047
737329 984910
56773534 72594832
15820144 99529481
4046177 6777448
5493 9660
1560464 6882014
76780 93434
55046 88561
1035 7673
3567 8472
1115447 6892660
750970391 870302897
44371 96982
333173363 605626822
696112102 961698309
198165 944576
10654543 36708590
3485 6891
40685 62790
37 60
634 871
69953 89365
361096 495939
12330659 89024737
63441 96076
10950 29377
15670051 32166258
13265314 34576320
32 70
56 89
3516 9907
121948 962495
2454345 9157317
4086628 9552513
185 387
38 73
104 520
200324058 964257046
32244 98705
3369677 9810314
693373 945061
2930 9994
1711199 6803886
105018 752637
10325130 85899407
2260388 3580212
31029197 97678709
9006174 9695122
374327 563207
380 975
2497372 6746778
44579391 75985926
575434106 975952173
13738 81010
12721886 85297185
255 726
1891016 7700148
113520 506583
16772 66740
43848432 67298315
3969494 9415558
263 979
1311 9679
1221221 6818601
3242 9905
2517 9382
50061 96669
33 39
30610 71031
170 503
227845 398171
14 71
5746571 8518662
12146 97729
140347 596707
130 896
2005184 9501423
3827459 9636451
68 83
51379748 86108131
36 76
17 55
29 99
1625 5531
11308 89543
150 930
627002860 944927226
176 572
60910878 79511769
1001080 8839273
107 893
26 66
391354379 748515067
50325 95432
239 718
39209556 78795610
2855944 9124897
60684735 99222602
3317766 9599180
11251 31627
1709930 9562231
4795552 9718120
34 90
186544 995122
175960 873502
67540148 94733824
140214679 261393380
4615 9130
548 821
103704533 910546578
152050 660766
267 498
216003 348040
1488830 7117544
104 216
532816 978620
16 37
171969997 704311511
2977 3971
265866366 674261524
73 98
73314053 99793847
1527067 5549827
495659916 960149603
4902478 7703099
197 765
3061116 7212336
31 81
5027642 9887445
258039 475429
51012 68850
172143 888711
3972336 7560469
10 47
1170578 5776451
150 411
1237 5503
106331 853532
159968 594936
2818917 5423439
184008074 935202850
36520275 58679187
22916 64333
287029419 466868117
542281 997169
30897102 96278225
11498 59032
42426355 95074104
120427 255895
14823059 47547602
117970 248429
398179 999725
186372 562140
12124 92195
170401 966031
285 497
154561 942214
19 43
13614250 61100862
5914335 9487598
23 89
178 922
19 54
104537 556280
2765429 8121247
54635 87720
43972 99736
230563 846500
2950735 8914231
4027 6671
2167683 7511598
2938039 5361562
28926287 89075091
2240443 8408212
3323844 9850807
11 91
387056032 733096483
75 90
920228290 973356331
344580268 799794391
1525 6095
7784 9999
142125115 678558571
5037 8765
2691 8507
6021355 9496551
116018488 565377530
22400 71752
2038 9346
105373 257847
30 67
594 911
49202976 93838658
21 82
1948061 7136719
53114 69606
20242178 89664333
411 780
199268 765251
141802 905669
2471789 7575032
1714602 8701845
35282 61264
35 99
360128348 615612576
2256 9615
337 785
14045970 75238986
347 894
14029 97368
139931090 209687376
63 99
60 98
207 632
1662161 9650921
5277 8645
17768903 70017225
2114524 9355510
313 651
3243 4579
39 65
8101 9930
131 727
5926656 9477970
3141 7496
11 88
24889874 63094107
2818961 7683923
259 610
27 52
594 888
3381 4426
43605021 85319355
1015742 2835802
10141332 72402597
118981720 443609887
12 71
473356 996265
10156 35952
31 68
237594 604891
1982 9824
2167 9003
204 997
106524983 556501703
40 87
243041 682743
19928 63691
1141621 2406627
6911 9819
15 74
101012 836271
103 242
279 771
364523 883868
222956706 721935815
55137 99137
226291 782235
29045 76865
51622 73233
94558335 99429582
26144812 80219280
38215210 86956172
1591 9750
3908985 6257277
521806539 946235598
143891 902623
659223 928495
1276133 3620854
3972 7777
584742476 981126870
1112588 7417900
10 77
16633713 99038073
107165537 583556464
14 93
115 836
15 25
10 99
239 855
28938 85180
53638 85416
19 72
108393916 772424071
1492183 9562395
263773959 758364157
4230417 7967381
17 58
335596738 890879582
175 890
238816036 663891449
277523602 636601554
12868082 74712444
219207354 860403246
14240097 56759581
1903 2515
205258416 702988006
326113989 987450467
400480936 989260812
27208 99687
1595129 9044586
16 92
30 85
352 739
31 98
41864 96033
329 975
142 268
7283125 8362492
23477 69111
132818 955153
2548 6149
177 972
10685834 37397216
261781307 557354055
63 99
16812593 72686954
16 99
8857 9625
33 59
201544 559263
427893525 979403870
241144794 629853796
107219281 581300314
217 972
65 99
19120 95286
700059821 991657660
140710320 931266971
69787 99530
10061827 89039141
67979 85359
2919453 7340125
3054 9920
32915 72072
56804 99249
253 908
4281459 8412611
5905 9901
373200 674264
29 91
13261683 83617805
10776949 55287848
36133529 83541995
32258151 79180352
62882 97839
60 99
68212953 93034909
24 76
2196 5765
1100676 8218161
4507421 8965537
145028 357633
11967219 36750636
22439009 67659873
155 224
173 796
18 35
86763077 90751433
3243 7318
155 817
363 927
64875372 89297087
2638422 4603846
700111 867917
1041473 4229736
196736 478731
167044397 987018550
3597 9235
246326888 671758079
2292803 4023830
3625372 9276054
374170443 984483036
223179053 580715208
15 90
386285345 965015479
166264 982235
249 965
69929 85817
4163419 8740868
187 921
11551469 69689779
184 999
58389 92347
30 72
105363776 721628822
1168 9375
253 945
14 65
53 97
11087317 58595507
1013 8858
6670 8727
22 36
55303432 99989210
14 57
16928 94836
4851860 8865632
133961741 190685903
164 769
151969 445676
2162529 8121223
146 953
59 95
134254046 802535725
4177 7343
275 341
2568436 6799172
1438 8287
15778 99950
22722 91092
5203770 8402872
13110520 96626835
869 902
6353 9823
1004785 9787758
7775 9853
394 889
63165 83618
5309 8500
2218 9561
355357 825884
444 850
33409375 76041249
39324945 90637380
102345 678696
5526593 8433119
615 973
175682807 937004306
44068375 51530867
20 80
636909 990615
62500307 75170640
509372 960391
3820987 9958612
19 90
18045 73941
1013 2084
3347 9991
3072844 7337568
139 818
302652941 816399598
89009 99338
2596 9901
247 525
339 887
238 358
254 991
38 45
349 817
16308 76154
327 811
2759 8020
103528 614004
57 93
24053 71548
40445 69995
3309 6857
12800 89394
627439548 855926233
251 704
564 907
325072594 773344553
255464 907552
30473290 60142265
26197119 99434801
312254 512281
2131 9093
24767 70037
14 85
16 30
37 55
228614968 946811203
41566691 95048748
102063517 891120663
368 570
47211332 94508743
15972 37566
21 84
3195675 7299831
107292 707507
153 782
1023548 7546203
133 696
1843937 6453217
20487 81781
421 988
73549714 92213385
191140 901544
281563 953186
14462 55651
242284 799074
309369329 852993094
5406026 9383001
27183 95901
612 972
124 681
290 991
21 92
36795 81886
366286 980679
258339 948955
531983279 917544114
656037 914851
360504950 548493139
7415886 9554547
26 64
3167 8922
324619 950698
128968 795371
355239103 751783090
644939 924936
25934410 93548535
1371685 9489491
1412262 8514979
60240458 98532809
30 90
143 362
4774 8197
197802369 695291256
260 411
2872 4163
39802169 99903522
39828 94998
48389 95720
152368041 412011119
1236567 7445262
10561556 85369675
1595225 8386118
180 908
584408 674291
228288268 477509194
69 82
46 98
103623339 937560267
72848 90704
29 68
597041225 881491167
1162 9735
527 841
127 678
26446098 70915231
486839097 805846324
24502 93813
2749238 7311389
5456 8206
391746 957765
163049 540745
3411229 7795161
861501 889252
7111 9969
28 59
62576 79791
19308460 66673508
2020 4325
1689 4414
34 94
126066 567425
12 49
59194715 95760754
18392246 91077873
1479 9853
22 63
44618665 77762117
180 429
11213116 99963498
23765088 80917749
815 965
6386 8937
152 954
230995 814847
65 99
390240 857520
64 92
7416 8329
151 212
20905 62508
35261 81221
43631 93013
44002331 94858267
459 742
3268 7077
1814882 8449428
1727 7838
557767654 645582979
40109 73629
16 67
1054 5459
306112053 733112494
5581 7790
17575181 81409784
47758413 98582445
542520012 831319508
2635548 7065749
1052 8796
177178162 951700055
22308890 87126461
216964 977980
61672231 73204016
180909930 906309656
54 99
12277 89790
81970263 93783565
1433 3330
274074 972615
218832025 682145522
1533178 9997889
54 98
1240 3304
230 630
34 77
595272009 920129747
497541 894363
103546 726699
5368 9132
9527 9878
8545 9962
245 709
498994 750921
186438 883207
15489428 49908401
21565299 56497797
142 725
19258 38135
356470256 852131954
558 977
1430 5945
487472649 974053290
1041 7523
70980698 98713810
175 831
498237160 793087927
26089131 81376928
20313731 74053050
53 94
2589438 9359511
146432745 412687974
10847949 65572477
35 57
246385 849259
271 983
49245 94112
114969724 605041493
467479021 852152724
18 57
561932457 998924993
23508614 86601494
24 49
176868 803203
550742470 748847858
1149 9580
30796460 70611342
200 389
3222280 5897690
14502 67426
2843 9249
106304 580344
152 297
434654 731707
2897297 6077636
113 869
46698 98760
1054439 2094745
1001 3176
29 96
259955 751385
54 99
358 985
2257389 8168530
132286601 502992837
527 957
2252 9860
545458 703110
112 776
101785 843984
21 54
734043 872252
117 480
65351311 82765036
135359429 661725540
321 960
849 984
49502755 83159629
36 65
412142 863291
145 927
25 62
5853476 9254214
5793 9985
4160 9274
1183622 7817429
3906 9653
56681172 80563619
537659785 913390651
238163 703233
1006 4519
152116 637175
64504799 81039208
50 87
18772658 56517983
13 76
5925463 9841247
17333 87480
664 915
110512 156080
69330 97714
299504116 993200228
25 88
221881 792718
10510 42054
25 80
44606407 58531951
37 91
5280 7075
1019659 5715662
11940035 97467210
241992959 621568830
10088 43971
589509698 830364438
29578 41450
6007311 9980573
4968438 9567604
5184225 9776968
65321796 73349484
24760 97472
525121 863271
170222 875146
2863197 9919089
17043 27452
100 849
13291 36840
18523066 40039538
129 727
13692136 71682444
6817004 8539592
22470853 81621843
17147427 31373943
14826 71509
644520254 966998768
3059 9481
1071686 3047518
133534974 492071414
560 928
41742 68548
14 81
627149 815199
33135843 55602801
300 691
507 755
473027599 819488275
13200 36178
215818 975069
401264947 708391677
566260 686047
34 66
120 332
96 99
3759844 9629932
282780 986255
765296662 960061304
21 75
21048069 88443037
132229180 476107691
7810 9713
20431806 64459697
2360 9287
697378 849521
505983984 975691625
81118 98533
142 797
4148105 9975007
393422 647523
2792830 3231243
291920 670801
805043 877826
25969 88200
308073473 937709323
363 579
23397 98488
48012666 83986076
71 99
1195 6409
167752 314802
5940632 6666913
2674999 9029330
2082 9477
10 87
3663 9619
62 75
721083 996891
466 903
39 82
528 643
226428550 436966602
20045444 41912873
960217 997362
4339 7817
53384 91952
4023 9215
46 69
1974 6154
2585884 4647574
10253058 20585918
1127 9116
113072205 604479471
262 737
15253929 71997418
104 589
315 646
24951 85751
603 879
8338 9994
17951 83194
48 90
10 50
4554724 9151514
444192 923954
30410306 95692777
11 93
29586137 98533979
106148 929634
24997 84941
8971 9809
7909007 9929534
84 99
17 76
1430 2510
21429 97655
2022 3742
610548 843678
719103785 915943412
3241 6459
15 55
3679 7318
51014 57764
304857140 642295435
1206476 6355690
2165 9948
42792039 95388181
152847105 784929494
1114636 5020524
5860 9600
19 30
23311191 97201456
21683 99381
1695291 5023248
15206 92991
156 890
11619511 90680215
139 932
38312 96464
367 770
252836474 921820565
15 71
291 861
201171180 998102876
1112008 9822603
173036 659304
382 670
230 421
20955 90533
53 98
151 833
16129941 92659829
344047 646585
2554553 9473324
2329 9358
28269412 85162742
172 814
13 98
13 87
406468 745363
17884465 69925055
54781225 84006446
241413 355474
38783 95532
15368 53794
4558925 8058565
36114391 86106239
10217 25036
451 730
379 767
1513621 8827181
22916937 84301946
223891321 933538530
286 921
286838 984718
830870 933604
2986 8163
32 65
56345 82788
17 94
582 997
386036912 964688464
7048 9866
177 953
73 89
227055 969088
2189 4721
10 87
338 930
159 981
12 57
3339268 5371758
715857 944557
1688930 6544298
13338617 86767190
673408047 948775837
26392 59684
3078594 6294962
41128266 95341362
3694896 6009457
20705698 70971920
203364 851357
19 83
722381246 978852157
510878 701179
1411312 8211722
140 879
33198665 91512531
1162 7708
253986 832051
15455 64560
37428 88496
161620 757227
5530525 8913369
10914 52369
5041 8684
146 911
3487 6258
77 98
2247430 9434031
4001646 6207711
124622 538848
376 879
14473 97900
2580 6273
124 172
418257968 809278630
137591140 998666930
612 893
63865 95824
1535586 9974803
17136 70420
38 89
4239 6498
1184 6794
96 99
25023 96482
79 99
18718 55984
7232266 9977749
192078 336720
854438 982656
175 569
101387132 146886114
639 824
243 802
16532141 65098595
5309 9686
76 99
2814877 9918174
44 70
420230 917215
86 98
185743 648344
2336 7269
198228114 908909897
11689 39482
14 79
57262600 97966919
116319 434465
8903 9989
15 84
40615598 87494278
259467 791979
15 78
38218 59390
76 99
26 73
604879 900276
319055136 918623439
324582 861346
522915891 988472106
21 73
15868 94256
10123 35019
599 673
548879802 992047435
38511516 76049230
1099800 2824579
764 924
24 94
1309 2776
1481926 4833891
90070591 92359897
7957873 9236477
470 602
17855750 88991163
3193451 9260364
50264083 84599203
294858716 878430855
340712 737687
2399864 5495583
141176186 911125216
13 69
149872713 456179568
171254121 617587863
253505 747616
1385551 9270068
1213 7994
41016038 92689502
3465 8463
199 814
47231 62026
112 252
17 97
16752 59567
5052750 8053950
204413055 860354428
10218151 90684313
170 577
35 60
189354101 524297630
18452 40448
1478 7503
3286899 8395166
2149 3544
15794640 29922865
11823 61489
35787020 88786446
230320903 891721068
32091 93017
9460923 9905490
1106550 6768456
2746962 3978417
59736795 75691635
1524004 5831868
30506 84607
12626834 58096808
27936 85422
210761 990127
205 937
120372 208891
173545 927287
7252 9268
66 96
4003143 9741925
17 29
143796 944822
1137992 9419806
304 884
2253207 8231240
499717382 863914694
35913636 94549707
321676592 993267451
71346259 84152787
256 915
423803320 976188060
51108097 88062655
3890 9691
67609 89282
413768098 632073063
52312644 58476962
38387 84108
349 981
42651064 92020157
418 796
133 324
4691915 9436265
183580649 865100759
84 99
20 90
331975480 923686232
2603404 9848647
1277 5406
2330951 8786998
14048 49949
735918885 891966417
10802 74142
512757 849781
291599614 562655936
286739689 776390573
142036219 879610923
181861 721564
26932 54815
503229 922124
4228 5403
2277 8362
704777334 893315706
49 78
200 763
222245415 742839037
31846233 52113586
22911 95975
240331027 879919673
437477 858536
29163634 90365349
23387 89095
1876857 9856797
131200565 732597096
244325060 686127040
19 41
58761448 91869880
2286 7740
5805713 9503064
209610120 508778499
237562 628568
5758 7789
6715 9423
44535511 99829772
1773 6989
1054 4302
3402 9776
41809718 88721664
848114981 987850829
17101 65634
1002590 7180432
156254 467892
46641 94669
4732008 5913261
592406861 751946194
2367250 3556351
49061028 81563545
14882170 38935731
633 859
409620 739690
6893217 8518590
253560 812251
11 44
43137 92551
1940 9423
1277 2163
37 70
548628096 757565845
31 90
1046120 5725950
13714330 96046224
669460 849998
201 873
184 920
396765236 890216691
81040 98811
42 89
31 88
168728 727395
116519455 816063828
15 31
1196 7839
61955 73323
10 80
48 60
210344172 712822466
33498832 37983134
4194 4824
383516 685069
26674595 91099611
24 95
817 845
1320324 8838538
356828 758495
3770 6306
6705996 9580839
64 83
2448269 9646907
1096 8872
208514525 753440050
158331425 617187175
52252 80944
2524 8323
20 72
19 68
283117770 666183577
30870 61927
30196 96446
4530886 7413711
8572 9586
3377278 5571129
482 968
370147 897068
38246714 85087656
636079 820933
5350 8574
507275774 661932207
65 81
24968311 86678270
62 96
22402685 68786265
6180 9833
422468 836382
28835 63231
54993087 89083423
131361 787955
14 66
1329346 9871000
38 94
400743 784216
65 99
1162 3661
2062599 5905080
283517 556590
133791670 968670388
3982 9220
69601 82401
2752 7513
2569178 9682625
177800 995196
39746919 98559268
25887 82485
466 615
7022418 9920891
29900 78062
461310153 911254861
19 29
38733 86438
2394 9809
31 79
52207 94785
1696398 8246893
131048720 756857396
158 985
102474 310896
4603366 8786020
639 863
59 99
2712 7151
2754567 9880986
659438936 708785440
4082155 4433732
386439 959999
565 916
18741 36415
33599033 97037503
2353 2893
111 565
21 84
33933 73934
757616459 969318144
130461 986195
12058964 88823697
352 898
192421 633619
7419 9394
3032 6562
77133 87879
121318 719065
24 79
10433085 84510583
4729151 8223181
454553299 948626709
348 890
12 52
5067680 8770003
15 77
89 95
167179705 250865574
40 87
165719755 654146716
20 81
1320898 7961716
8260 9655
237964743 987507045
265643719 796159419
48735 63015
604417988 983818407
543 747
3874 5333
53 91
31 74
16337261 79631976
11 95
242502044 612085261
1314172 6311973
134241189 291545584
151810 955025
34180234 76563860
1056472 4354715
179 964
365108967 455590909
149824 882490
26947273 73287003
3436041 8120148
107768 398638
223244272 634996695
16935 33348
3583 8348
3042 6287
110053 797223
47522865 75052249
1307893 3186922
1634208 3210159
481535 822522
1819 5270
10636798 64504227
204475 989593
1112354 5013516
13298 76005
147458527 659098916
1840835 4898996
203 837
42725518 66954126
2142 5414
387367700 932280997
7402927 8964585
315552869 763915475
100911499 747085289
409024 980482
44252 53158
26 93
2494393 8459386
75 83
4823162 6526853
8434893 9399468
34 76
878 929
26677414 70371648
170244167 374474406
11667960 55401287
12541139 94214966
18726 70104
7416 9966
7033 7344
151 685
45 69
25 87
32 98
2430 7839
38912272 90586816
68353149 84629408
89 99
16769 82807
19 76
10643340 52286602
17 92
2907211 9879211
83408205 92181133
1702478 7085995
2839305 6108863
2734 5816
19 55
818 947
25686936 97495028
655492990 771375548
2837341 7463129
100044 992524
225 760
10 24
64 99
130 647
38360791 95047834
22173 99730
130219 367584
18871 39701
124 767
13668155 44559797
509007370 850587217
234089791 628993462
914 992
66349640 72927745
91252 94555
15629194 94365580
16284 89446
43506210 90725211
2911 9951
1681 9220
25371686 56630225
239854924 871832866
12423 69676
819297 980623
16 46
146 345
41 92
253949185 351173670
602 974
9186 9815
3629 9519
4475368 9491878
18 83
23 99
236931 665746
4271987 9803995
1088 9209
56082479 96899288
308 634
5691620 9497472
765288265 976400757
402145006 779658881
2809 7077
19991 47283
62458 91528
17 69
734 886
67269 85979
2757332 5898569
156218 327762
889 982
1816 7489
28262652 73503258
18682639 41945483
14771 22579
1821560 5033628
330 740
184 982
2079 9156
320335556 770808438
3791 8889
1412036 7873295
370651 738787
8162452 9101297
2049 9471
1026 6122
544 916
610 888
107 236
124313 534213
27007777 98107657
31367 95083
108031 149580
22422900 93304875
179 705
23392305 93917301
11649766 59795743
101852049 973189363
62616822 98679523
452 776
282757 520222
20445 90323
43871 89817
12826 86748
243224 826265
315 999
733354459 973097624
130 998
17 99
225881090 872808753
364 885
12 61
114899 715846
2166 5945
89 96
3731923 5422621
203755 959768
11 47
225 911
6961366 7527423
202 797
14862814 61920840
42 99
69643 98493
840961357 983047250
1938956 9937728
23161522 94786711
203130 854011
80 99
583732680 908980212
4656 6936
18306482 84162352
208124 679259
1148 4216
3967543 8689842
617 977
200247523 956020623
1096235 8951150
187 738
78089874 98777608
1083 7803
598523623 957540171
213947592 528983065
66393 84778
386935507 568216637
609126 915178
349536 699553
65281103 80142400
422570670 864189172
13861 16923
21478229 61997913
635295314 967651862
1497 8454
370 833
1674371 8618304
131294716 497005113
12754 22134
1804 6221
53338 88605
11125728 97636947
20 70
14359 93150
789431724 930651466
101408558 276322272
15 22
20378195 73116517
2480665 7754614
3928 7449
19272782 84759394
26 93
32533612 99877077
3036 8960
372 996
10012830 50866753
2135 3585
2686 8841
825372 936062
73534594 91890705
124 781
1005 8886
17312047 59214182
539967614 939761982
178 313
108613 513007
13 95
33230019 47546279
17569290 57173259
1057 6671
104239 673389
43 61
728659 999730
275 950
13150432 82991601
35250 65793
30665343 74608332
624124 986333
165582 878363
11364426 81980449
12600 65343
681 982
26735271 47850074
1689828 8462365
168 677
19430134 99329427
253 674
23171 67057
12362513 30438752
129531701 296956887
1470 9460
400581250 991505185
3770 9185
4734128 6273926
15 40
61209 99516
37078 86554
300626 912829
560904614 901245287
207 924
184 847
908817 918346
3565370 9711501
1416061 9528193
27 69
419332 943136
2558809 9960481
26660 93060
46 89
13 68
4636 6660
179841004 892316711
663 950
11757863 74408141
9576 9996
68285751 78947423
377736 952455
120360 933972
171 726
3120550 8879500
142726 949767
29190490 79203083
446211 967511
28923948 60429761
307149 890680
61573 95979
387 776
19172999 78362766
13435 76284
4676 9886
248167 861430
2033 7617
104 952
1275263 7921522
1540545 6857463
321903 977508
5910471 9853619
13 54
1969798 8353612
5900 9787
17684 97298
206746 658544
6989 9573
4250198 5358621
3186 8058
129668 414779
364 766
319609 938795
1222 9740
16 42
94 99
14398179 55873111
31511193 66388980
678545 966059
10438 50845
49 56
26 50
2083 9056
2053 5276
260 529
244185992 851925896
64358 98292
69619823 91040098
33976038 90103314
322575 786328
334108 779953
2101204 7311318
3142570 5995243
119546863 780928578
133006 306248
233843671 914523473
768 993
377712 967754
7829 9251
29 60
124 655
3558788 8123725
301733 949002
34 96
3780153 8657209
494453806 957068957
134547 970978
380 516
141917 725713
18493454 88450063
37887 81314
10334807 53952574
24744639 84778991
1471 9244
277 799
36 94
1772672 3268266
132 618
20215 96327
319 874
285262808 862267412
3328968 8587926
253562156 869398869
5504197 9397028
411425 984070
15 30
28209 80092
125736 480446
402 984
2281 6745
2422 5092
107505 957719
8788 9672
105458005 199374006
50193 61075
3883 5066
16 73
414694 944087
52035 87415
6076556 8487373
935780634 977280417
5816 9196
530603920 899626332
1222 4345
18642 71254
692 997
10353997 29731447
61944 97981
3454 6641
10456313 33729772
134 810
45 76
1023887 3272504
102 971
37 81
17 38
27324 69339
542 935
4499087 6757153
11810600 61575490
23837 58209
24 95
223 983
14051 85801
1752 7579
3308 9273
335698 937206
104 547
14161 21796
2540616 6498869
684974349 970501997
120640 566981
13957617 75443382
12364876 62284047
11 67
342038439 670691368
23118871 96641457
1094290 9246650
15 77
194841480 845519976
270282 978272
245 573
125512411 544129474
303381 999452
33212839 90237650
65730948 96478362
27817 96849
5618438 9688910
82 99
39970083 87252794
54 77
685467912 929619736
273235 813196
120099293 999965052
51626375 89517094
290 694
303 770
2092380 9342911
1535 8470
155716348 912098788
12582002 90170215
60904 94926
16994050 40211448
422637606 856411052
21372 88566
14752 95788
4570540 6210632
554330643 940264695
445136 760881
1030 2028
414 840
2412306 7319110
704918306 934355215
165006 499645
884 946
36098 41135
187 591
412 635
15809585 75735812
117836047 404246492
31 70
251 491
78 99
716519958 901480538
309022707 903045664
4168 9131
794891 995950
21 96
23561258 60729838
713 943
13827 81999
4201795 6669669
14 65
37943701 81474739
13562 88620
2231 7672
686066938 778050333
55 99
1551738 6885354
26 65
48583 79016
1688 6299
25375 80955
20359035 69313122
10 53
1497 7118
687 980
260 973
5595 9592
2349 6786
10434 60686
5252092 8853980
1023 8271
30201 91882
17368 88022
10 65
51823235 59143719
22263962 89594767
25006229 73729562
35974197 92850488
4400115 9967494
123317259 917590943
318368812 929986757
8339 9772
54236239 96659074
1197 5239
66212 89903
26359 95083
102925324 746660852
19 86
668 962
1253468 8422691
1375100 7633890
110244166 952512255
100 857
15 39
3622 8830
193 679
199906365 986041604
60696 97280
161189 680941
57 78
1374 5089
32 78
28 65
112786700 230563366
209992 991868
22061979 95651140
142860330 726626860
134 937
56 66
37528 77247
682488949 962595285
2119775 6231993
1556 7694
30518 98806
65217 99989
18871 65971
52 91
3729 9453
3704 7400
1524915 9779285
50 81
35106186 99124629
81451 99156
28 90
55859 79470
28916195 89271114
20 89
24295 99374
12977872 96916258
1774254 8467712
88 99
32253 86427
1235 9496
41272 97960
43 92
164 968
156336815 289438486
469601 701755
14449974 95404834
77 99
2655 6919
2429524 6788343
2771288 8666702
2653456 7128342
1665 8072
396 884
101229 350595
17 61
546101021 836295717
512 968
1477619 8414246
10436 63292
1547751 9980768
18 75
47 91
1564208 9981078
10609567 94142840
6828 9356
126 978
659062127 946495322
19423135 94602218
158995 486171
20155545 62071838
2526 5998
160 905
383 781
352043783 675610727
363672 996426
8599 9981
5009 9999
1804719 4963792
26151 81078
4754 8352
204787069 713395700
2149818 6480348
396 991
2009470 7501030
117 590
5384699 8127179
11 42
130 919
1792402 7447908
4352 9581
4799 9272
74 99
10 55
26903 98499
66 85
547 773
510737439 811775871
579 958
13619806 57262220
24930618 32945761
51378 94916
25799148 75180494
489394697 875095265
12 74
135 551
24206441 84497403
23 58
5642 8993
124264 980911
1494703 3186363
27005 99091
676 999
1104 5700
69352 91741
279275 815768
33633980 99480437
12 76
1204 2472
1689 9968
135247 397953
29429720 95062690
55769562 97027530
35254 70847
43212624 61468493
150972910 982535174
108 927
84756 96282
25197432 49440550
25915587 86261986
145941 573014
66 99
48 55
81 99
2749 3376
46 99
1738 7923
565865 999613
440 653
84 94
32 58
198824525 919955840
37097 84792
17987 80377
513282695 902090509
336194370 753465921
582 789
29 68
1477928 2837967
56887265 82255959
9386237 9982140
1501558 9268308
47564273 93074897
493 892
1650341 7332700
111 877
11 66
15089746 78553677
697563 940626
29 84
15248864 86204544
299 979
37 73
239067996 262943681
451056 862363
434746460 603183473
1583 9708
63765 92915
1120078 6845506
262 801
1933240 9363180
5691804 9805612
102 484
659120 996180
1748 9765
2202 9838
1086205 6368821
26488 94966
1445582 5587156
112 756
113 633
16931460 99181174
93874239 99967168
586413149 911452772
469916 955659
213 994
184 575
29823 89143
19298730 83974491
14773 76075
258290 842860
25 98
75 91
206 530
52437984 87320807
56117768 86930290
192783 285339
30 98
12 80
60 77
530 994
4941 7556
479 946
451 981
5224549 8168078
1251005 7894249
279246503 843753712
38902488 96792720
100 335
23 41
133 332
54975 82280
55240642 65516867
31706539 86435555
305 903
3974 9333
5144 6084
123274181 428898191
221 855
26 91
787783267 963323205
305 741
51965 84247
84384104 98948841
12026253 51104639
114 947
1010 6449
33981 87714
16 56
19473 46752
249 769
147832 332352
162 905
358164 964088
45319 80749
2360 7147
10385 73942
26842 83342
4053090 4836495
147502755 451406143
342292959 535177975
31907101 72328621
28 86
60 92
65104 85838
2013921 6866944
217846 869501
31505352 92320553
4606006 6012677
29809 53117
6286 8293
22966 34022
44 70
12866448 87957682
3089324 8769607
26 62
1316659 8123145
1891 4947
334067 942830
370508367 492700404
164418 441400
17 61
32112076 99562037
6021 7815
10294280 14826192
1771 7772
3733265 5206226
588 999
128854013 422610670
81 92
31753 98008
16 84
767 983
336035385 997701338
24596 93006
88 91
414370700 662533085
448 901
34674 99384
51897 99295
53 82
183554 808610
27735 84395
884262 926253
889824 995262
5658703 9394091
150360862 437177747
1408001 6942255
227850187 774965250
31 96
1196250 9963671
12236231 58254321
1535402 7234750
14 40
1765045 8722394
14930447 86108123
37546342 88781079
148160253 520404500
4232 8233
3187427 6716768
167 696
2313 9115
25 92
44983485 80730143
14884317 70083144
158818529 738258907
6536 9848
134186713 901070128
3414 9729
167772116 904609312
35 69
21454223 92172794
5161 8935
12411592 78738617
762587 974559
96 99
295051449 918130532
1666913 8913098
19 93
204533158 941264810
1218 1522
373 919
1647902 2160602
173544 941226
1769502 6735583
29 86
14 88
303543542 922717511
40518 95399
316793 501042
3555398 7956883
2261 7843
55806 62821
1647 9931
200166 940989
26825189 96241618
35758537 76239936
398 839
51 95
197886 949423
2735 8888
12174 54899
106 468
17597 50215
4910 9422
613722301 694232753
3642 9700
22 68
2636 4121
1105360 9839868
199194 983966
47 93
344950889 937105174
1177628 9275919
44879322 97848788
9230903 9970273
2020 7855
1151 1809
99 99
5082828 8620728
67 82
271 658
282750483 464129181
47 89
3353 5628
4487695 7581289
7473 9896
225179488 919199075
1112 5441
97 99
64705 91133
22944 63922
101369212 786353972
1783306 9648739
64342 94176
137212 484031
1664 5228
208510574 528430747
105729 189620
233934975 371225204
11226 98846
40593 95199
32257891 37386181
41928760 97344272
97 99
484 670
30228 49329
3357 7549
18 43
1279809 8861559
120855527 569997743
6347077 9570289
20050 86784
51 72
311 843
34833 84604
27745 58728
67406506 79831608
75230 99603
786 901
22977346 91097272
121017924 688552039
47 96
240179 889229
189255291 945834752
1808261 9810348
144 908
47 99
251 709
19 97
22 63
333506 499325
404312564 999725083
586392 744055
2217003 9120413
3343 8911
3642 7517
59079728 88615989
854 960
28897 83221
30719567 66429180
10382879 39423437
3263967 7529165
5209 9472
242807935 661025806
196662266 979454822
11 48
242792 730867
2499 5177
5741886 8157666
823 999
140 459
1975514 5334905
3549902 7800077
402769 587758
231362363 957286657
2505 9732
34858 92847
206265700 979326160
24772 98157
78 84
166 892
618420430 693530613
53 76
61203946 99488546
1044338 5739998
225 570
18781 96221
115126 949544
62266754 88157120
48803811 79063251
64494279 75275005
1518 9848
20869630 52209421
6221 8419
74412702 97379041
1281782 2696094
8982 9991
21722 99338
2435467 6165500
12825693 64710709
383400 943703
36 70
102311 323477
14681407 94152519
13 65
46 96
14434 93813
33 76
5466 9758
843807456 953495948
300 761
21 95
294434 481997
3553334 8388606
239330276 444146708
1442 4407
191650455 930036708
11131465 88927690
79525156 99162426
1140 9651
17 79
2660876 8364037
270812366 722403886
175 724
5218 9771
715364 929866
85398386 93940871
21893 93401
208 752
586107 980863
6403 9376
19163 87531
246957552 774321073
260106423 872101988
35193179 99061375
829160932 984266270
1608018 5420501
1103 4789
2486214 9814560
12592652 85375498
10073 46140
337522 843847
7690 9129
38272 94252
39 95
7682 9680
1073622 2840304
525484 672412
3212 8584
7174 7822
41512166 83411494
204 543
1014197 7351129
2094 6243
1793644 6550141
117192 356600
44 85
4899 8867
313090 684030
3003184 8317179
111675 684648
45 91
1250357 6754530
39005 99863
43 99
51817 98532
41 87
154409034 618308857
5980727 7686012
107617081 877717518
20313228 92727319
162894087 435540608
205 848
535576935 919676242
472179549 923054197
450456 715537
73 97
1122179 8092897
817 988
20709 93045
28120 66190
617638767 948584195
3769 5920
2260 5304
67631420 95799836
6256 9018
226 423
101314794 979682494
5009624 8367905
16 99
240221748 523935271
28731692 76861631
20 99
1817 2686
42910054 95900404
426062 823154
161948881 708990966
195548078 495506718
3890675 8803165
527945 943691
1548448 8137486
176721881 763954640
167 745
25043279 40883755
219 858
44207228 90818759
10511 92616
1483476 6753195
19588094 69532992
44 86
19 82
42850007 85464070
116 457
69 99
274961363 825388673
438674 851740
26284587 92768626
115 195
7521 9856
771 998
178110550 941455795
800 916
46331 96172
591 718
133 736
22 70
1023 8675
15 95
17 64
728 917
191615 690235
4248 7161
109 967
12 40
105270337 583548532
10380307 91885249
6418 7773
468 746
59 99
30 84
736170854 985763503
32417219 76830338
1411125 7809016
283915 611304
18 44
169896655 346524950
16628505 51748699
410 837
24791119 96566220
13 46
10913113 79572040
17 44
345851 964941
66 90
20458 79500
12283 98541
210165 981972
33333814 73259644
125510 700406
424 734
17 80
16172236 99944160
66 99
19607 59811
23 99
16 81
2507874 7738253
1676348 9827560
1431 7970
1593 9888
684097101 797744799
39 96
15922616 62230877
11451 80936
175 818
822 944
51 99
74 92
144234964 417970574
133 928
28 77
567 905
181 850
29582153 88075680
14464614 73994172
335 663
401350 739417
11289 98805
221748 582325
4297 8738
150240608 574776937
174 948
5611744 6643002
184567107 813912654
778 898
10817678 91048304
28100497 52067659
3002 9363
558216 927753
20 89
4113202 7768902
100945 640643
6575 9769
24967545 84451318
21523326 63690971
2986 6051
2386424 6931419
249009 819364
8292 9996
168 653
1386 8349
13445 67389
22 65
107072401 277335523
1240105 8012618
115548287 654670886
19 98
34 69
251057039 846009978
429527 632990
2253777 7941608
364968454 998575784
53388 87349
3833274 8906791
15 97
146255 766472
29010551 92998899
302614779 521474567
108244016 738870529
57429002 92892635
789421109 987721851
16892 62610
19 93
4056376 9030970
5760182 9446626
241 691
109082 900714
209 758
1021742 5916205
135 738
5111 9080
15 31
113007 482946
103 391
4662 9899
13004 65891
28798 98365
1541 7447
396609082 890755768
1431530 4760297
12206 44389
353638 921264
193641861 586459594
178455090 846979659
19 77
4371341 9535987
216 938
43716070 60625314
42 85
4078 5542
2757 6713
237143 628076
2851 9385
14238 91889
5828203 9312518
51 94
329637 975152
583339 942801
163 923
43597166 87649118
8709359 9687841
51439 86158
3880 7709
52663 87003
2715 3372
114983 307159
15739053 75624824
123096495 783494586
226 805
57893826 92020145
32733 90621
1503 5716
32317 89653
2471788 7904026
12 76
134620713 406550715
14059055 63779610
4274 7926
59798 98785
19427613 42582550
508146656 825058480
1607 7211
307967643 956558760
1628112 9284184
773000 842217
42258528 95631378
34174304 79379458
241 496
5106 7901
337 694
74 99
1703004 9614414
135989238 813661630
224092 901662
3014 9863
1847 9621
3876905 6666276
19832656 55988155
597452 720058
16180 96092
285027314 895170649
15 74
5904580 9070811
358567 724435
4105979 6331226
26131567 38093675
102615690 696037928
438200 750214
30864594 93887753
16 74
293116498 953853790
43320652 85366918
301385 991002
1366 5170
49037 99755
1141 3001
2059 7437
37878 66088
112383 736486
3327 9159
23663916 57922919
112286 484622
3512 6515
368751141 772395296
43548269 87304134
1288 9028
261 640
108101181 916500910
191654635 615838447
561289 952727
1830046 2670010
209965047 809341250
314893 892376
16 93
35 82
391941496 998503268
358 959
223956 991601
121 684
254328 987483
295 905
39072046 55791921
194 899
206 313
41 91
147788855 945409853
47 90
1777858 9593289
727812 950454
116349 367050
722148382 833817105
124 934
1278 7410
1009899 1740596
261786 792425
30704813 46222525
23 78
42879 96437
56 77
586985 992885
35 82
5032 9260
266095827 594646599
257619713 507193096
15 98
1279 8358
4979 9898
5197302 9897601
217497 339004
31611 86491
34877158 67093519
506874824 938739164
1125 7381
1164 2710
1393533 9548052
234444 700231
6559 9075
95 99
600822981 675915777
13858471 82752193
205 911
45 96
356860019 901996358
333122857 960247333
7242 8312
13 84
32068538 98165310
12773126 85636955
59 97
232 922
4867512 9753715
587683112 785385267
1100289 6038962
44 76
2059124 4653028
297306 852097
15993884 68103075
288861 607070
343 793
588 992
513133 806220
27078 96088
9381 9893
1145 7673
19071 90792
18 71
3082 4514
11 72
111893 630022
54572 89854
10086 54658
22 46
231 265
11249247 85626879
392 854
1229 8509
27987609 83995901
105 637
3932 8671
38 89
428008263 964209562
526659 875977
38 99
606 755
1140 2567
284167511 788422182
1128 8807
157474 754577
157651 616259
273084186 890263573
6983 9930
18229 76380
4361 9605
112875843 969108894
8734 9806
656 965
111114321 848849302
155 191
29 83
446 709
3712224 8322119
1358482 9332093
105033917 795824891
14 91
209656886 782551956
32978628 84884351
364686 730223
247577 365692
5530 9925
28 82
125710932 843874401
6626886 9627710
42148 99860
11223 69978
3923321 9710518
6766439 8562327
1352 2555
100729 527419
327936624 869898275
114119 826499
786 854
3607892 6512764
28514 89660
208 833
438059300 963412366
226 963
64 73
295352222 827636636
102183962 824513318
118676014 991382167
48861843 88389968
410247137 886769496
11734080 70159217
464 830
4227 8220
78 99
37185420 97694894
68 91
16711628 49657350
1066773 9867042
1093674 7680117
2189785 5785900
1078 1269
4916987 8137593
6723 9963
423 873
3325 6464
1679294 4420919
3086051 7413119
14828788 60864023
11573614 64524551
307 871
1665 2966
4837465 8909668
1170 7099
5987 8222
81536 99775
79436 99320
422453 704599
22122259 96581232
3036152 9544112
167 808
48 72
4657 8927
48 73
34535 81224
15 96
269 830
612757892 826501487
194702462 928632137
628145 812398
37101 78368
5708133 7124485
148 957
12067 86408
28952 45383
1040426 9460945
218970581 991739388
63544 99015
472286 702695
63266 86183
266467703 590589534
109019728 551766110
100180128 832542682
40171458 99559045
4061725 9788808
12151 23100
561930729 961332315
144 807
3973362 7258619
359301 824518
1403838 9479380
40 91
1353549 9291441
146918228 324965423
55 80
146224 396389
55958 94995
253 976
44267 91289
345 841
1431988 7335153
100 546
8392776 8907229
86936 98413
7240904 8833233
101232 919319
2583052 8945966
44854 55675
207 622
116721563 954393985
2616191 4733410
57568 72436
247087255 396251723
30876 79455
592285 855576
3183 8168
437325049 697186305
1073093 2907974
63498 91105
319897 742888
138456 667067
6755 9247
710778 910604
3737154 9908658
1251 7905
293 533
2542393 7259177
57 86
338855 876647
1372925 8720147
16042 90973
3019 9303
169 952
2367106 9055974
355 842
877469 986966
34359 85186
1886 7292
20 50
21066931 62004840
179429670 677290947
54908458 96282271
26830819 96082475
3586867 5237953
353 920
16432 22413
10 73
371710 951238
172068 719711
1722 8957
2366 8397
616971146 674831628
25 31
65 79
1576836 8786583
58637579 91710823
16646 39681
28008511 71524242
150 862
614849 795341
464306 838566
221 914
2710 4966
47310663 76629402
145674 917496
43 75
118877204 789812958
1538867 9344310
161807558 629691855
399606 971502
327231670 449455503
67399818 98326254
12 54
5195696 9730356
40 83
159386 840183
4643274 8610688
230386 995525
3438549 8828486
23903 81351
1902109 9564006
6960790 8360576
471511483 793401742
16855008 69387682
636478056 940529460
1034249 9230910
1477 4672
3326 9252
123222173 515896831
12880 46150
12295818 71266910
13615 93977
313622629 771803545
436491926 719790454
45 94
283 769
261 999
492 905
3539 8928
20 46
103350302 655170519
35569 81709
707009451 872171184
205547839 998381979
1980410 8241754
4517 9052
396919082 928217002
31603 42109
1596535 5329748
3425567 8679982
1654446 8782976
32531229 67793775
24282 37293
130 745
1025711 5053202
18144382 98510803
262604243 874029958
17 67
234 807
2610997 8656931
19 91
7088147 9527170
25311 80372
68 99
259521764 573463684
255 936
207218 956580
315385987 883812456
62 99
11164 70949
1751706 6358086
529616984 698076829
4729527 5889887
69059109 98081619
473230447 996002002
1390 7684
48495 88020
4397 9795
27076 93744
50 97
16195 55239
66172 87567
18534050 94301352
5592378 8189722
13 47
3352 9567
23938299 85364160
176720477 852111209
16 94
151 958
46358 66647
383468 985056
225923 944813
4406405 9931100
1113 2615
12 78
3625 5780
482 822
11 66
79497786 89981724
21653521 78342499
10092053 20030510
4635 9258
2455301 4858435
30476 93788
4403 7775
10161 83051
1945645 7009928
318771293 738332155
732 872
167 558
156 699
77854430 96654693
832 999
134464372 757895423
157825856 452262711
19 99
10463173 65071914
22364458 95364147
24490 59637
10281540 92769871
30048023 91337290
1425571 9339425
27981 64665
36 99
151861422 834522518
1075 9784
29446599 46528518
271698559 998070653
15836717 79306969
60257 85247
2082 9678
1627 9668
58679539 98312308
1464 8075
119 746
28 78
5950274 8551199
646998758 882020606
2717116 7067704
1218681 9469210
1374 4913
2444 9205
433 854
1170300 6529636
1330 2364
186318 680986
156151 452840
1403 6627
39433 78388
38 40
1004 7879
10613012 83120584
1911086 7302212
31 55
1538 6124
377 716
28928 42797
720297 929257
14 41
24213106 69602815
3766 7677
266740 653128
112639 544655
544 923
22956821 55948056
11377498 59824694
24 91
1743 6217
12 66
3153 5644
15593887 85415099
1965606 8381029
16878536 57572931
16511 85599
18791366 57212306
130101135 826468183
1689860 7094042
42524446 77284730
19 62
113525015 317117445
56 97
163 652
1760368 7736694
257048754 793554984
274376403 644998188
427480062 912741415
15665984 87644521
10 26
596112646 886703280
57 75
197997796 913716934
569 599
8015 9425
238062116 502192335
42220564 93365866
115076 754268
695474547 841448476
1723397 7748407
2312 5769
33 70
636407239 861129481
3072282 5872098
1345386 8743062
57 99
1977 2890
21955 89440
17 89
19 93
4455007 9999355
35970768 76446806
15031329 45795951
105 745
1009 8137
29364583 38605438
2048245 8852199
3322 8017
324824399 925902581
18305 69416
18041208 95274894
33 99
690 954
403897 862314
1228 7608
14945 87964
3339621 9244732
14168089 90924194
25 99
419 943
45035681 97869601
442735964 993092080
143353690 913106064
793485464 977695000
4897444 8877801
441 776
24 42
243070513 914248265
1018 5363
41028756 93839243
531 960
13911771 61426425
4620 9868
62710051 83501523
200 442
32010657 99856961
518963 804478
1680068 4510377
16 74
5716 9633
20 56
194219 249362
27 60
8338 9201
1705 8669
3421532 7933743
638908436 890836016
22569537 92579497
340 819
26762 93647
61747082 96935609
101 589
148539575 654649638
15603 95618
113 740
302277189 851451109
37143486 60933909
17655817 95183773
48 87
2556 9648
1976201 6969303
16163661 26789351
434 613
151 428
224 944
101492 885106
16 52
3548 4826
11 60
6141277 9727265
596 772
58 95
3739 9118
18808107 95197875
2465 9906
270140124 910620199
1852 6346
14635 87871
1046 7430
816 978
6962607 9441323
427 771
23789445 63024868
131633865 886199947
139740 737601
445028022 917999310
24468363 77368398
29369720 93682574
60881880 98914488
298858 936556
550338 934604
115641648 678618239
11042 82341
56 86
289871277 651034007
553018157 794079890
323743362 847772626
18172 73016
2863898 9754254
41564 83536
17563479 86576273
532 893
48 86
17 97
38924319 99920462
25856763 29636220
22135767 64632430
244 572
8895 9976
4912 8779
2268 9968
394 700
46693 95063
519338 906506
26955 80820
440527484 903180553
827880256 925039866
66052457 95041173
27835 34369
290620991 340310419
28 95
131 995
227 884
497444 976184
432876 676937
166794 959494
524028152 813424460
2316 6710
71 99
548 938
33671764 89579276
5033326 9110209
6722 9665
3661 9878
144709 709550
926 979
20 99
24214 97780
237 894
12566689 70828335
120242883 976105650
10003 97378
132757 683201
1224638 2607378
1986833 9819858
27 94
381486 816944
16192494 71772804
592 911
36 79
167693523 938537279
59082 93851
4845 9990
4374 9973
16129 65429
34534790 41744542
4104 8482
29897379 90027599
145925 966114
207448247 907880947
35555154 92971073
162591 358997
49722249 83468825
27677217 71811446
27455 99981
2176178 4699505
463296852 891014702
164 919
137044 408861
221 739
52169 78121
19 98
21655 97834
142716 784989
2872 7299
2839750 8319987
123146 633714
212 458
403309098 931548563
3265 8394
23484 44969
399208993 553559301
496199069 997480339
443657505 919140445
1384 8972
202677240 287099702
17330 74932
1501478 5340569
11515 72944
1467068 7677553
10152123 89546836
56992606 93663255
114295 500537
21965248 97692929
3215069 8798019
271999535 625546178
19 59
18443124 71571244
13924 65932
101164 464423
18376553 55966298
11 47
1050166 3280577
1188 5474
658334764 819717473
5721281 8770427
283 851
35684 67260
303619 671038
2496127 9307784
103 984
40948615 73583732
32 71
329 863
11233 94960
185687254 889825997
598475 953619
58514224 66326009
575622067 910400861
386926458 790378565
31 67
1850197 9585691
975744391 995801896
728691 994150
589850390 768838329
1167453 3241721
12042 95415
6245551 9994543
34 54
231 701
83041474 95492029
92431 98990
539114 989394
3784 9020
16 67
2661 7449
34665 62781
1076 9819
2860 9672
10290 88568
496735349 932375670
343739 808715
128506 859290
683 966
61800 85849
3625 8065
807 919
93149005 99117922
2500 7707
295442 869717
46902 99270
263944 704087
112 938
428123731 908843717
38 77
672491339 987158370
25 99
65 87
1476689 7428899
1561 8591
2394560 4882302
571239 915292
1119066 8864855
443472 682566
244228674 873609021
366444044 959430929
111443226 892912554
7646005 9326145
468392597 860618317
23553 60108
34232521 74885369
85 99
18959 90848
127609 176141
382233 955196
275 907
1215 4294
10007600 82869191
460555 925098
11293 70473
4471899 7380133
2065292 6728784
7801050 9800821
164 466
176796291 409293799
5706030 9169831
15235517 70223137
44164 95256
42643963 99351357
12251858 57423121
44657586 98314618
7023680 9628011
39554 62193
64 87
23372 47484
416796 765392
129922 789427
510334151 688611648
128594 254465
105673597 893095624
382353 800165
462526 949080
295637 806797
473753979 999738928
490 770
18062 43667
181570737 932548316
236232 786415
47751 67910
1322 7471
39 69
24 29
8319 9771
17879 83956
88720440 93271796
16431193 55489946
6978212 7217997
185544427 606189060
6281 8998
438225402 997784859
2064 9938
1381162 2551550
10001726 74545023
631 798
22 88
52222101 89631812
22623851 98327858
1121569 7324785
308246572 864524141
1817196 6407363
1394 4011
6192970 9750022
2798191 6490342
1134898 9978383
6464 8592
8636 9826
46 99
750 988
1205 9785
1384 7876
336117893 810246096
5705 6878
16945 75109
13511697 96659682
1521022 2683864
13 94
511711 679862
231569 723436
2704 7499
247069006 442677658
163391543 901573131
117375010 356957367
451205751 678179194
589983043 938283745
392776 872487
1413669 3627324
77072922 98083328
19886 88551
255687 951628
767645 965365
1233044 8508922
105852 415185
301320846 825321514
5889 9696
457108 681123
46 82
23 86
26958349 79655213
19 99
3660 8475
117399 724779
32773 96923
12472754 79053620
100750061 816953623
7120197 9442048
864951249 982400531
47324306 99463767
21 33
12 79
274390 662831
582 759
4387521 6450207
148875164 591990987
1488268 6915568
2587725 8049308
455576 777915
16308207 77619469
81095 86866
2594293 4620117
36234424 72613559
67540 94619
37024 57639
47472644 96221008
67631 90047
164788471 677547612
30643732 64463358
61715 94457
2293 9941
29 99
24 58
197277581 786431446
28739624 99686964
4071 5963
1422 7922
195 450
4076994 8587992
47 83
1624 8860
105469076 635573927
629261 992602
257 788
3085393 3834105
381 842
6787 9982
76210 95499
74 99
6138 9101
4123 9986
1829264 5405796
11369 99908
3477 6840
3207318 9976773
1041 9015
4405151 9707150
147 328
379366 937200
134524 920576
667001 725199
38912841 64204275
112137 252820
51823 96449
3731882 8167607
11595763 75029129
414099052 804683715
59 91
298533 833960
170652560 303765580
2173 8601
59461 86089
11484343 31875623
303 995
35647430 79363773
190329 643493
120 943
6235 6613
12571351 99304485
62 99
4941719 9331653
8897216 9656279
48 63
233229207 777627746
109174051 573447143
1836 8685
1504414 7048374
193770694 797978261
488230 999080
648034998 927743523
225 995
1540353 9394111
59695 92818
56155 98258
267 970
64 99
492163 929777
31448 42760
20878507 57614675
58 98
261519 796897
755503 959425
10104 46833
15 63
13562 88618
2845 6795
51025708 99692432
2481168 8431737
53858236 88275215
56 69
14510143 98630738
1477 1498
157851 990164
3577156 9118716
1056 7934
73088 95907
62489246 83291626
1072 3359
114 227
230 827
10 61
116344 992800
2339976 9443430
35373 85567
1253 8627
2241 9328
152401 964025
25 46
11933833 60483018
49467838 95126841
397719 503008
61 93
11743100 85888037
32144 56100
293653598 985889417
13 19
173 673
19152 78376
274 815
197 550
197741 604952
2855 6272
24534 62174
1564 8698
18194911 76561771
2684 7218
500773849 983384335
2262682 9308224
103278194 888093051
11366 26745
44242 92726
12464573 86168800
461043978 832225882
300283193 883074694
567 914
20974 46446
12 81
24348 99695
2284355 8286671
4242085 5282310
5557335 9736386
14 91
214302451 963045372
1237970 7655821
183 548
2289 5691
2150 2650
38862 98248
269 761
1089613 7539178
225732925 813185569
30362 60998
119 894
106 283
633 824
142 657
16906611 54398727
240650953 705520484
101 823
1006986 6903837
1472 3985
74 99
79 93
70865 87726
108 573
121267 946520
70235603 97543126
2443 7514
655451823 989632357
23282 56271
4448 6438
159471 174283
150591124 896052305
15 92
54 99
553383292 809696956
28 70
125 346
644225 959796
638866672 993958549
4172 6972
414887 793440
121972 719853
16 40
24 82
3462585 6176561
211458 414440
23722 89317
22661 87306
443600 926183
101100643 885938639
66627 80018
604 889
302050035 750446962
1827 8388
174 578
492754 962147
2886 9941
1369249 9758632
259459347 804491960
274 750
300 732
33003048 95891491
26628 63956
227784622 582367318
31422 80652
21353 58424
198928854 440613581
167 272
380959196 844056597
243 893
24036283 76968548
363210861 986848707
233123 673546
132489 929831
44577769 94533542
186406261 827528851
175 927
27746 82152
210304 792526
3393447 9626533
10379278 95830240
15757704 98206568
157787 760328
37056259 77748562
58216882 90676507
895775 974339
941179 986706
342 564
2512 9152
13092 99331
187 932
13142338 62908770
3093 9195
107592 309096
274247 897920
40923 84641
9880 9996
116943 789740
308 936
175 596
18798392 73040554
1931978 7340913
14714 99515
32912 69579
1302 8836
152863584 782976155
5930258 8586976
2962 8306
4012 4236
767917 894126
2316 6986
28497 99981
137020516 784317543
1078895 4391434
207034 728292
190536 934795
23017 93383
24788213 74006308
7385802 8927200
36 68
158848 897840
18498 97905
47 65
17734902 97766237
49 76
67876 83880
355073 877686
14641109 82913374
2580 9912
2798 9711
31 45
109 193
26 99
18491565 93223249
27 90
545177691 903393948
11075 44768
4617 7959
117688 853092
10 63
176 840
22336214 89952138
1106043 4520089
218565951 600658843
1346 8356
45653308 97928842
115620817 674996396
23706 96622
3442270 8330187
365 558
155151964 875431660
5563265 9869254
216468 620833
17 66
544863 963162
32865 95179
280 930
78 94
814332 941103
18 52
27776616 99305032
117 227
1645 6332
21328157 55727180
259 827
1606 6192
14638144 88696762
12415 93060
10560 92931
41 68
27987472 76986348
16524852 96893235
47614 63151
41787331 94278850
118 703
67 99
371189 913379
12 78
16896106 50736848
31 97
227531610 402118762
1924140 9770273
31954189 90828003
11 83
406240515 791716371
13 64
1108240 7589518
13182 86842
819339 919378
5557286 8908637
11600 79603
20 41
32784690 89919968
69219359 98808982
20 34
30919981 88188861
144678299 417853905
33 69
6784929 9424751
3045 9527
61078 96976
48502 97935
312802 954621
2821 8416
3978102 9344284
2458313 9440277
560 828
235663582 531238467
98 99
16 93
27 61
12 37
12944929 82511366
14105 92631
23787147 61660345
13060908 32593474
23 93
20719 94906
3024088 9573096
16195 91051
19216 73866
141802 996842
41403908 86307838
413338 998989
32 99
36 45
14 97
641 957
446897279 933000954
28930833 72103785
590 994
247 879
357 790
187329715 469299158
137 537
3455518 8179347
2972 9990
5067 8640
58449151 97426929
105 969
70488727 86025491
26 92
18397 95449
22 89
13 70
4016946 5392955
203943 835284
69436 96015
2327985 8156742
3251 9969
156115943 527642080
1006 9500
32605191 92591032
4439 9931
242168 882840
77125 99993
70387997 94484707
592 775
14 60
7426395 9992906
176 990
484 832
162759 668015
1047 7174
109 615
7994426 9717501
218334941 797309880
16 65
516186 847761
271174 576465
31678 91047
2988603 7060733
1118 2217
5359 6281
43306 83468
415 851
732805 927955
472012 562691
129466 422027
516160681 692737511
12 75
2124612 6188301
86 94
196057645 975809596
1103 6242
151094775 962850517
495207887 906422387
27220124 99881474
22 84
90580 97450
3227 3755
4852 6071
25 99
103 941
61333 98406
6954204 9843404
77 99
120124300 826777842
15550 21453
5621916 9533462
79 93
148 731
15 62
164 307
170 539
1223 6396
16 90
6133 9730
25 94
431 915
217585 772663
4450 9923
5295795 9260004
500679 857602
134 452
1447 2448
134 957
231 990
257793552 725552100
40570 87478
5690539 6644730
745 965
46963196 87264869
11019 90531
53135163 66407807
124 520
413465 915046
27060 58206
11454033 78740839
2870 7659
3546895 8325496
1727391 9399222
15810467 93506578
30 55
2411 7094
1403364 5523390
16495 51404
64 99
69261332 85045009
22760 99893
191729 905173
143778654 779502350
382 980
22 99
1154 2919
10202 77625
34 88
2291336 9051959
43695427 78512227
146 709
38264 99431
353821 819608
431 924
5703714 6747242
29 58
270 742
396 770
27 90
2162 5545
65507 92111
409 715
123 735
34 89
1906 9280
180950 407744
80340 98169
13 77
404 734
11828 93825
133041 997139
367 547
11 43
4124 8575
1436 7255
142 677
51 73
73532 97790
52090245 87685090
4991 9654
265523010 634674445
313360640 966651765
46208 90023
3356 9625
32 89
13000 77669
4313 7685
115044 609371
408842723 566824843
234752 391549
294751 435675
19 56
335508852 999078306
24 42
63071462 85645409
173870045 578939748
55016 67009
467 828
154 781
27 85
26589936 37777629
1756 7377
3979 8809
24466765 77997096
8315719 8959347
231 323
496622 875740
128729102 660246137
7445758 9143328
11 60
1123 7335
572 812
2220438 9114581
1026850 8189230
426450 722167
118 281
577177435 758154317
22 58
478776530 908528201
116000 828916
369485 825592
163409656 482128430
5161434 9651125
245 906
131 561
373607126 781670126
81216725 99748361
184318 919238
119715 481346
17 82
40177017 90842276
116017 333601
12446424 74352319
217 796
509638699 729065062
28852 33107
482581 998722
10296026 85208741
39 84
59 80
13452 76900
194148790 480020832
425073036 804778913
19799 96084
334163 906547
26364 63812
526684 866605
4522 7596
38632 99509
1940367 3734809
17 53
18 55
79 94
28 93
37137036 95277931
2945966 9965695
175046 850441
25023037 52522864
114135095 858022862
148 211
20566286 96966149
694251 982201
1301553 7306142
157858161 880337162
20080715 86439084
11 62
36744 62637
1060 6477
36642 82081
52508765 61112052
12 87
17977471 92914529
28 44
121 438
58587 78141
321328960 995158040
1878961 5687412
31448 99938
1076851 6926405
749 995
1062 2692
23 99
153025726 952899961
718903751 858541350
16306 77363
2792 9399
78 97
39 99
601938811 992985373
3263788 9576939
41695666 89692838
237 859
541 948
5218 8710
164 641
248757 960768
148 672
15747 28169
185579668 671026219
679 990
53711307 68602571
198378027 812974135
629 986
300412 495169
313629581 735909966
3863 5476
1979 5784
106 624
7358393 9927939
696991 995166
172 402
135162482 219003656
7106 9300
127 976
392634 993280
26 99
415865368 672953890
3752 9654
31590359 54349564
1204 9494
52 75
76334832 99832027
1056 9771
85 99
70953487 94745546
526 569
500 876
1372 5120
17 68
464760 793149
310947810 798892847
5843942 9826312
404 998
2409512 9704771
467168 742283
31 82
2107732 9075396
808 968
170631937 969483636
155675 664997
1461 8821
422234986 995771388
257619 480981
309772 482985
2881 5795
70125 98876
5665 7278
17 33
164985250 714307795
22830476 77920528
6400 9343
231251 840737
462537671 855023915
30916454 87186889
60559 85564
58601 84284
6897 8785
8130 9299
37749374 53098392
11 65
13075388 96751967
13308 97427
35 56
12 95
22204 96913
11123020 24808222
2347408 6677006
58804545 99183533
125 814
649270 911601
16 59
49146 83249
13 79
54227525 92696761
11655 59514
1003412 3609247
26766 80760
843 992
3229 8029
6109644 9317580
951 981
15 50
14171957 35620366
367885 939381
349671222 886131325
2820955 7545032
771984308 948132004
5765 8843
27201 97097
30 99
217 926
10486595 82313408
186344785 986286690
11 97
113 848
104552458 600200738
80334173 84660590
399194 959993
3246 8959
1528 7125
22087474 84984886
134 764
18 86
271744051 955564617
190642419 856462190
149102 947765
1704 4265
395756 764219
425775136 864460200
110214 937492
3231 9264
1352 4674
213 935
56213952 96374874
40 96
168840 652805
83356 93180
136491032 987454718
160207805 571101926
10176670 28003875
4868894 9782114
3987342 7150417
1338570 2599673
44 94
270968463 343870148
41 86
36708 89980
509 989
5936040 9996071
10179 43921
106653948 722203215
276154035 955038031
3470 8575
17367 20894
678 896
1346944 8982247
598988133 830706473
1693 9592
19 90
82 99
24 99
246660 777324
4472 9640
100579 527735
105096 466485
409 517
1457 7935
15416 60383
24709570 57760084
13854 34797
3717 9542
15583 48556
1042981 1664945
661 914
322 799
2502478 9275032
23 95
1457 8381
1602201 9625813
18 32
25169503 94356599
1709 9244
837532 961700
11548318 91658198
30708 48488
295 413
309 983
318 688
101713 736500
27 57
426 756
36618 85309
170361172 657509084
280 771
34511526 42209835
5338 9579
16540423 90072153
52 92
55778126 84964157
56524579 91548717
316786403 779668637
18915294 98462701
1723 7077
3208 6699
904847330 984917874
51960 97850
313 633
425862 722213
683950 850476
263 484
138054805 548532356
17548 49810
1043 6742
468364 976680
114812 658491
3960096 9446863
404375312 690400040
1402 7739
1169 7282
141462 687028
2658 3898
12799456 96427628
13582963 19724972
1244 8219
597075327 867139577
3001489 9598740
161126 312797
1951808 9537262
33 99
134 828
1419 2706
297 748
3968 5197
130334 641402
2616 9747
101189 487806
85 99
3060 5166
1267534 4376564
18 38
50391074 62494651
113817791 964388514
13798 27075
11108036 37287507
92 99
21 87
440 806
603193617 851573446
329145427 782344760
66219263 85267452
387 921
273 864
27583 39122
49718739 91819199
4630133 5726834
331514 827381
4774283 8010665
255999576 732452043
28010 97097
2546 9648
2060109 6379310
221531 494138
290307 632185
19 85
79 95
126730 859435
18521 70062
40 93
36123209 80521676
194692740 681735028
22333169 94893281
1498560 7758331
13944297 70303188
3972685 6901909
406704 950245
12552670 59587807
16565 51138
10103387 48615771
114 284
110524 924226
6012863 6917477
1711014 5637330
627769 904608
25 52
408469 952864
571 866
31249145 76759009
328999029 820289200
17 41
5216083 7705994
4268190 9381204
1439822 5351096
6304 8364
745 975
1471 8489
664711357 872118659
482205 964727
3023 8252
63 93
2834452 7890554
3096840 7533912
252338 713852
104 996
16826283 99087582
186897490 557238135
4079 8450
20 99
173 808
17365279 88102553
335 619
306028251 920210980
2734 8684
1993 5917
667 882
1099 9956
20152759 95245086
829 922
1037 9372
81101784 91471623
20370 84070
1684 8003
4569775 9393714
7051494 9831491
454353979 964820717
32718 84014
17094 96634
107975089 438290734
832582716 997062406
2740697 5227653
25014918 86707070
11491 82996
39 67
229398813 873764983
183 854
18209560 95544426
117580986 588120765
12440 80962
282438909 682173525
1013 5527
296834 951769
85063327 96413611
246 749
5732 9825
201 991
34 49
16405 69910
372 704
2566606 6951410
5269 9746
1148 9801
22 62
16 54
163644 926373
27919512 77828688
1322648 8391761
651 949
149 511
522590 999912
456131 791908
75 99
18025165 66678601
203 412
18769864 86311402
2320210 8990818
10741027 93990752
31052 73548
375951807 793662634
182 499
467649865 856050928
114280860 640602605
1385 7155
23684693 56393467
15622376 92685960
60980 91298
18 87
1676570 9306790
434922 932975
1577891 4871534
853278 993775
240011 646954
64971 83765
44067 84891
1801 7090
51374 95370
1602 9584
2093 4971
11 44
3387 9378
656 970
1025803 3318126
26 99
3142838 5010376
125361962 504874354
5300 7012
131520 658898
14 63
1039288 5769895
29098736 66658335
23187 89264
25154 66870
1191 5855
129077 405993
123 449
1123946 1867785
73406787 98977731
1955081 6381308
73230566 95427335
17612476 88885103
34245 95187
1331 7763
252 893
193 466
8196069 9920980
11703744 21888737
16895 35112
179983063 497700246
173 590
24 83
624 883
848338 959066
51666786 91937909
32150 90767
1228770 1928200
2494 4333
26818 75785
1997373 7538832
10248 94228
56 84
34650322 81688434
36295344 92687203
104611708 738672058
6624279 8063544
47 72
561 964
368581 902739
17253 68525
715458 978939
397821 683514
4393 9093
413 618
10423081 60749593
2698500 6493055
148145 912035
26 93
50040407 86652969
2450 9100
120632200 435848843
17540851 97635468
89 99
68 99
35863230 93288578
24739123 84977499
197 648
42339 94344
49 99
164873786 260354708
17 55
130 801
12312451 98000043
3086 8081
192322694 995567744
80142 87600
1441890 9858791
137306118 283074630
1096551 5291930
753593 950328
17741 99216
413 866
5672010 8353070
153 865
571077 872345
50796314 80273869
175143 960850
1030 8353
126502 808132
52040963 86890682
2500813 9156895
48687 95871
45419031 98554841
308313241 611654067
926067051 990294540
3534776 7364892
692325703 928767505
339165 908789
1042 4290
65240 88356
13070614 93432945
25765 91228
6269693 9223347
4398 6641
13192 92216
10261908 80456358
240756 914482
2364 8310
23526 96529
27989 38988
12140842 44760536
33113425 99693192
41 54
17 50
17 93
6331 9823
309512 766870
123 927
74262016 98518620
7145 8983
104 619
64 70
369995428 652042465
115 871
17 52
246889 776750
32227 75928
272233 811184
42644160 57820320
19 22
5587669 9445074
1738 9246
26133854 35122198
1284 3158
3067 7115
586 893
3322052 4282179
879653 990973
20156 72968
13 91
289600281 490357475
1069 9523
4608217 9934059
3905168 5004864
161382477 494438739
51 95
749987334 949372565
68933442 83799282
266999 867614
115493 540890
408021239 803305831
1031682 9182888
134630 953347
139 900
409175 952777
10573070 41107522
29 63
22064 96427
39833 87280
32990 97992
5131439 9482770
19476224 95325345
19493 77545
141 441
2583 7099
30035034 96452173
1974 9586
29202292 86025234
114811 455281
10 89
4955639 8084592
324024 940414
34074308 94266011
160803 726428
219 340
31839 34989
39859 97307
11201 55029
258 448
514 839
60190 99307
227469064 764639493
108786 984571
298129833 746475668
47414 98588
121377455 555853887
331099423 692298288
65376750 96764729
353631 715737
137 767
50873997 92973384
325456 986046
25 98
30191019 93905468
68 77
155700617 969659594
497 753
31 66
62650854 87860876
46 99
415 873
35258511 74246112
16113 67385
34 83
4692488 9963814
13 75
130932047 464672392
5235805 9359294
235701300 926852904
6663 8917
530554 587854
1210887 5798564
23972696 50202691
103191 673820
1394 2362
200052604 937994307
6960 9240
28459213 89180887
16566 96912
156831 777716
7334 9759
21 61
36 88
2103 3695
47 99
1291 5842
74854 98736
38 92
12142 57981
430672 929845
231822419 988158820
293 783
34479 98124
361206 758620
34250 81900
174682186 985234022
3268390 9571142
152567 750641
5030 9826
710 982
21184714 90292548
2572 8934
239615468 667524010
34 91
28 79
5062239 7579251
19265440 61431353
53646 99743
42 81
396692955 972488763
11 86
63364385 86101320
4005796 9889460
19151327 60028553
203780671 450618424
31474454 75311725
18287733 70657033
18124 99753
4349885 8890128
18 76
2494858 9020017
2654 6979
15 68
11942 81053
2456550 7948950
226 473
10083 25901
37405 76109
261 619
1333359 4931655
390174436 998974549
107 976
426 983
11 40
31 94
2226 3344
787752 941519
318 658
1023 8273
52098791 92752388
289 869
495 935
58554141 73714471
3481 8652
297 712
342590 681679
51367 84506
154422939 787528750
403 726
630 848
241797 969993
137946954 697173438
168 801
9136 9813
14 73
44419 93064
24 93
42 72
32340616 65327250
360 893
358140882 930145932
195 847
29787 83706
22272131 48544381
11031310 44796235
67 88
164883651 778367168
324 842
24 50
2028608 7954102
5077339 9425512
17580 79624
1873867 4399629
50447658 79784654
22734179 73378337
1911082 9385502
182415449 849622395
217 903
4853 6503
195 550
1288 4301
2432 6873
7202 8159
42234072 99018424
1426 8067
24757804 89143645
26 35
4618857 8650076
13 93
63661 86860
341187571 996757561
129222686 672058423
61278449 96716637
2406 6974
655150 999575
35248 79920
11 68
230215068 942406762
2065 7033
10298 96002
28 96
264571 980466
788533228 992395010
79668223 99709664
117822 986365
352348 851847
212493802 897510910
118207503 655574884
146437 625535
3574 9891
54914263 87911793
3465655 9989888
174292482 609624481
2434681 7848490
36 84
51 84
56774050 82506012
6520 9779
28 60
158376 789080
39 66
1167 7760
222129 694963
87623 98768
30844 75928
655 914
265 646
76373934 94620805
16502 85666
416510382 826713882
589231885 989423474
31581 98362
43 93
11068 26691
1769233 7904603
5661 9602
33397 89383
24632258 61725497
11 93
585912117 836273242
440 516
18713 34138
71498744 97798478
146 217
1876 8954
11010 88347
28 99
10927 76282
6854322 7901623
537572 967945
128765 800577
321588099 901680237
709574 908448
119994 323599
30357 40340
116182674 882387741
22763025 61864241
1812 8570
322 853
10654802 94889921
425887 732063
5439 8917
7459351 9259398
48122 84264
521952 934240
385 812
2342740 9065506
192907 661585
1050 8666
161 356
1841 5151
316 850
343200341 915047915
5251202 9587695
113 889
53105119 97374469
33992 61283
1713353 3859166
1498 4446
16860850 47363409
16650810 72680295
11491 63163
134801290 615158185
1152 8177
149751 874405
100612538 597297135
179 568
2841084 2931777
9200 9910
1302 6488
37 55
120304 485086
60 81
23 53
41575483 91294642
101688 999765
2607900 4543680
189789762 803652452
362347690 969363023
51 91
399309 965389
125 822
44 57
105045593 944766922
3642 7829
69810 91236
26 56
15440 22476
310 830
1629508 6151132
236 988
26684999 87514423
35764294 88033976
3736390 9934109
2225 8983
45772 49843
28 96
132706884 661331529
50 91
1047686 6124851
14047736 70400241
60820 96198
37 87
83 93
15 75
2344 9305
51022 84621
108714 343590
305183512 772823641
288950 899856
57811856 86403828
253 997
1111 3144
667 918
669599355 933176115
2584177 9064923
483 982
584 993
13745978 68914398
452590 885393
10319 82774
29460322 84514662
457 928
12773 93343
160241866 243443032
1615 7607
72540 96843
141088 845017
299 836
11 69
1311085 8462119
12241 90024
169513843 778261517
4196 9742
428548 995992
834654 997210
267322 937804
34792271 87759249
1750 8914
45331 96760
332763085 899762106
442395 524464
233 983
778801 954177
4378 7361
123215712 925748024
331 840
14 61
240414 540247
2440 9705
2280 6729
125351 991388
1714 8180
41 96
691611 965317
3300 7544
41214390 87165831
297 520
477630 944419
4778877 7187460
2866 8344
5233 9681
23045604 99241456
3563417 7965424
322 798
26234649 89693364
10584 90323
13657 56435
15363755 77989220
17 99
658818577 929122785
115862 789087
12400 54364
7692 9214
690839551 934413073
48249586 94452374
20033161 51409675
310 772
2611272 4235704
13849 80819
3529649 9008220
36 94
545976900 739820057
1061816 7021352
2762389 5091223
12443 94981
15 58
6895516 8892367
13 38
34620 98569
4875242 9399853
1577 9030
285583800 669943125
1972518 7312645
624 947
26071503 83669336
636260 849248
167963 709070
725498 997661
65714 83753
456 981
1194605 4374645
25 55
2301 8007
635551 930859
363585 877327
483697 736091
10486 27231
38333371 97756745
16 88
21887766 63649101
192794 673950
16 90
1623087 8910210
194751 998486
36 99
422 968
118543 349742
23098 93651
106877 773145
3944 8033
44678536 87355235
35 86
815 938
33426280 84845663
44689127 66504970
2433 4425
15 45
195565 791633
30 99
4805729 8595667
10678 68420
2666753 8083020
4816 9329
2867163 3803259
44925 82886
65457005 88315985
269326 961353
2322 7821
428174812 591549878
600814 988739
72075 94481
84298 86813
488833759 824128282
4884 9127
17773 88021
3987 6539
22910 52998
6632818 9800076
2415 9668
165 949
135549065 610355839
182866237 548744760
3458 5659
17564972 79000147
2336 9772
15 35
2291587 5276202
51 99
22 53
110672 761464
155 988
108932 918245
10391083 79596217
282858928 821475056
1073911 2733389
41533 59930
133206 844019
3111054 6539533
102 943
1813665 9916367
4334 9693
570 911
30848907 92290308
7185893 9552649
2460982 9825047
9384014 9815115
8756 9822
2498987 9275579
122 914
11373674 75497355
226315 488132
21126506 39090890
54 87
1197569 9665954
124 822
24635 96793
296358 952937
10240 65250
1234 8535
2282 9645
50021829 70863499
136491 424311
614 768
44923527 85086685
36500811 83079269
192096650 849965153
266 746
6305087 9996713
284 767
26053294 80168714
62 90
452604 751373
243337939 739846182
103650 765827
133951076 525776582
785088012 985740331
266453 818519
65 96
560517 926829
175 688
8295496 9524266
45 97
10275368 71879616
195632 780999
114 302
426171048 646225805
412319 972064
234206057 960295635
2229 4291
1961272 8816797
11633031 54380968
636686 981110
49977 90245
16 93
49234 82144
1037469 7165986
360730 856451
1467503 7332113
1030 5900
51804325 83039002
348904696 976227858
446231 559295
58 98
3104 7600
77035 98544
50117 56567
40757849 67863255
16969517 72507615
928161132 934623515
4627 6894
4326 8973
16717 70951
2925333 7974716
1267 9135
18 95
443 986
11 72
24416809 98412814
331 765
4026 8067
101256 465101
446262 768527
164040556 540486230
22 71
6172 8973
126344815 333977342
19259601 87388688
1814 7584
24514451 47636357
25667397 97125370
261826570 768744791
292367166 849018275
246575 993177
15391228 92745266
1976543 6546734
35266 71562
12948066 77700687
443348 977039
4176236 8759989
517734 935522
185 710
156 995
283933313 649780183
52309 81596
392 915
44788955 74909132
28955664 86688592
1937 9735
11 45
30 99
622 969
434105609 793864545
177282 988086
34258761 50007218
2765 8362
144887483 979548440
306321039 452254726
27 77
421241705 642445273
10188815 24718997
23 80
27115151 97347055
380793 841538
121389186 656659641
21099 83389
10882 43797
17685257 74429347
2848 9595
332471564 970317012
8840063 9530500
20840 72527
14223692 80564304
12482 30623
4637394 5712345
105412 973215
52 99
35 99
475157 983100
50047 99977
429 810
31 61
1518862 8154057
20522164 99999384
134102431 653848857
7117 9648
22813581 59585071
26601155 37622538
25 97
1729350 9544671
22761880 98476465
89 99
834372 891575
666582433 979158877
1211 2133
440730 752623
1040 9954
399793 868604
107432092 294398771
339758515 779879060
165557460 732237382
146 512
64 98
467029411 846652883
472275 833764
121725674 939270316
139323277 882580463
176 598
460 880
15 40
393614924 682602542
137710803 871797932
228454 605727
32453 80866
39326 70023
167 605
65368806 77915973
4026 5519
2750056 8011846
16435 72958
2094 8725
299 936
444 957
12190 52269
113448529 710662286
7787 9850
358928924 953667546
288 878
108633941 592453327
278008698 843945369
3320991 7743766
2169 8232
28354 54633
609753640 917061029
285416415 887273581
36869 74019
264481525 561656892
31716304 81509041
27 99
1304786 8913840
160930 775016
15 97
28150054 82288299
43 98
102841581 986999761
40080 96424
1743706 9289158
15551186 60427977
291 974
186748857 501768585
36210 99192
281465 436390
68 99
15903691 94862974
32255838 94943896
25727735 48954528
87 89
1083 5081
10 81
532347 960687
27085711 81568464
123262 767315
2955 9675
724 897
1101 5661
8850231 9731341
304294902 563758341
19 63
148923 396504
203 819
10248 73809
1313971 6679101
562728886 908717649
5859 9333
10 87
239 994
43553751 89593434
28 61
1213876 8260848
46885 90185
189340 424239
312 978
157349 770901
232280613 603257909
2760059 8400604
456 990
59 70
1180 4560
206 906
756940172 934473290
28 81
45542 95585
100 902
4365 6454
1654777 4395524
39039 99075
510290 917252
5711 9391
302146 761210
18593445 37198121
5864437 8492037
220 971
1748045 5709693
755312600 887271934
10097366 83430074
47656875 83975685
17 99
46371 84308
705743 967242
70 99
36 77
4636551 5532955
14573796 27099419
1087369 3600041
1451358 5404205
105863952 663622949
544255546 964783714
346834895 722138894
3589248 9584520
5339908 6640442
348184920 895983805
59700705 96417986
81035369 83556588
4472384 9645160
800191 909945
368 984
608267864 913227545
3154 6960
26963293 92210058
2990996 8659776
6872 9312
18957483 94975432
835432 983742
425 697
6473 9537
336 676
28155932 81510959
47535 98758
6293 9266
30378560 96620630
26345 79145
423974253 722516621
57639 68711
7238831 9752310
47 60
54 79
20 93
674505 921216
2199542 7533413
7250347 9080207
41077145 48276741
16126 99983
36657617 99169532
1168361 8845636
59 93
24726 50437
126940 946021
1276 5762
17313244 42290522
128538 639175
1718 7037
61467713 89822713
1703 8989
1501784 7180809
33 72
73709 87356
4610845 7291358
645 825
19 65
4337166 6528600
39 74
112 603
228286 575902
15 73
14365 75316
671 764
36 91
280 928
150229519 368780691
55 89
583 932
4041 5559
5964 8357
11217107 82922674
69 92
1067088 8516425
68 99
211415542 243615395
69 98
8772 9956
34 66
185 614
295807946 668875922
26195550 98700567
26062761 95978660
1429 9886
1113 8402
31206 55633
17653658 74607806
384861252 987847806
206377 583681
515857126 975689882
66 90
18285 88506
100653311 458355156
549 830
41 99
101653 577527
142463 682994
1462 9896
2386084 9357700
586 984
254 934
1859 7638
100857 890873
13569 69594
107425479 980072446
19681 48087
4634 6240
434858 994366
1936 8720
1270 6034
101290163 547248838
276233932 697171605
359 940
14032494 66169025
5524613 8634997
1136 7107
3493 7896
589189 860067
156390423 812427828
18023 97917
1895 5827
369 975
289177 703036
101745850 476333273
1501109 4439471
1500625 6521937
288 778
1159 8468
842 953
46459744 91363172
19230 97202
260173710 609668148
5270083 6873794
79 99
104906 750375
26058 67549
25 40
1772770 5751804
15 53
46773 92288
267 594
2541834 5168527
3184874 5187133
558222 956650
87345 97142
170 357
13 29
148 826
10652 55811
96 99
18 70
471 631
273284 478055
52 99
442 741
19 90
72873 93504
16 64
441186 904303
242 999
49766 88950
122242 952341
257063 934365
295776 505233
1043 1867
30096577 50802534
1894 9611
142769965 418392872
309 962
1053631 8335169
1748273 6507192
1776 6939
43252369 77996488
196 992
308 838
1669 4691
20 75
35804228 90061903
179784 996319
605 923
10039066 48209986
3316 9815
1922 8010
41429683 84793090
298999 359390
1397 7911
289393054 929253254
37200958 68526649
5655 9638
150366044 600188371
2273080 4141671
204200839 965712579
176754 808186
65 84
4053 9430
186 454
49 62
630 964
3592259 8950861
655 991
18723 65585
2798086 8767876
30180 93191
31 70
45 57
219 931
6137914 9313989
2553037 4395015
433731 949881
18 98
57 99
16597047 80902374
2678 5081
21411 84388
3547 5938
20860 89891
1956 6984
555774 772678
891799405 916528958
15872 88346
2086 9967
2523 3324
13 99
757485 786635
3873 9989
478674497 744857123
192 616
70 87
6579937 9853157
2091 6899
60560931 77819886
653993780 878173682
1580 7426
37566784 91905345
431877 579139
154 725
6464 8678
7923 8218
490182030 784529836
119 935
155976405 706395785
236100 926253
24451 72480
2611089 9784838
32525 70606
334778952 927723708
420154 830669
174846 924865
12899529 48588086
152 980
658 768
34814561 79875802
2519466 8388903
18531 47655
103213 467565
3445 7581
11993890 89579757
31759080 82739020
16245 73221
12199 43589
18 73
223 549
62 93
18725959 44636275
459295 986322
19126289 38053175
1150159 7163323
45919891 85997156
377081 910569
618 999
1620187 9185616
191411048 980720549
1987 2416
15 74
1233759 9613424
3839527 9940322
4551663 6685593
49421100 93903070
15 47
287 998
12 80
23641 42495
214964726 883328575
1106397 8620980
1102 7886
270060787 760018766
24980575 98899374
144 299
28100171 97990717
13 70
694314218 957493742
53732987 71453330
291644 723591
442835400 605900335
122 815
8206830 8881638
159329 305250
123739874 704598430
7374 9212
580609 915669
15 81
6923 9713
306848151 836943482
462958809 966261547
325 752
41140475 70968433
565834 991401
440 786
320 452
5936 8776
1143202 7187199
22286849 90301487
100046 958121
46224241 94541910
22470644 97845186
6586 7835
105508 697913
81 99
22141215 81100105
539156900 725772384
27542598 99328419
425 838
5105392 9716083
2525 5520
67 99
25026772 54968635
523991 979186
26816 75312
1585 3281
415528 905846
639467425 822013338
269824857 987352752
102858 888416
17271 94096
130402527 797424021
1160 1836
249 445
75201797 94678284
23178 75714
12829003 64502113
2902508 6188096
6034 9652
1009604 5786619
200651 959743
3262827 9719203
884 999
1047 9614
127345298 876313593
100451090 510392785
3883 9000
16250647 35695126
2523 8330
28689420 97807189
3141 9989
20 93
20916151 77894352
17 67
244368118 653165634
13318 82265
274551 945523
23385364 89536253
4602780 8755241
110930874 583659340
1756 7593
35174336 78952748
4726 6591
1085485 5955152
10231 41123
67013 88504
148 940
159774 571200
43 88
128663669 920016986
1462 2149
139 390
473 985
16043 56445
359567 945879
2317857 8898011
1193 8555
13130 61912
246098 601401
218164214 677862686
763 989
1424381 7801611
1664 4648
13 97
1045 9177
119415 722736
1039 1250
125 767
212853474 902008831
1024 2477
256656 865115
196621 940299
387844516 869819136
148 845
168104601 950623921
8261966 9954398
2003124 8048795
1031698 8840359
10660 18944
383992682 917830349
69176 82736
1713 7527
26970090 79648319
316 713
6889 9674
1559760 7995924
3099898 3400580
7923 9682
162004202 778042412
188 943
1358 9512
4486972 9870915
4927612 7553931
3064925 9190835
629016 806360
2174950 4793864
3466989 9913718
42 77
147323 513016
62729 99917
2950228 9871231
23606077 50764242
114 953
44 82
386857534 947457422
19 93
2919115 8775955
690948133 856058892
100261 394298
555602345 997770584
156936 856518
2181257 9008409
594530105 948968592
48 70
209832 659454
177422970 350059466
3430067 8104253
111 797
361 861
15697294 96093541
101916 192238
49336692 91061329
125 489
20 90
2826 9577
353291401 942810928
35 67
116 800
109684 998347
3896 8178
401044755 483519025
14951066 96182446
1832 8381
398308992 684977171
35433 81985
499 858
1893050 7840000
106492490 866090283
36481 98664
474703 993228
313 904
1406 5311
609974 835084
217018414 489204066
25755 68703
4503790 6126355
97 99
625 931
58101 97432
205 943
276 376
3957 9451
736810152 948901001
50284 87113
154568727 955936291
39032 95438
317956435 592448616
238510197 803092176
4001 9859
320847625 423108379
13 70
786655 917468
479122239 999555437
748052 752408
24219728 70822731
171 914
1157 3074
56996 97062
10453585 46256998
16275 72900
3366086 8301393
59242 72904
228 820
261 483
205 952
802 933
34421922 90168122
28760465 91951498
135248 613243
469059894 867844094
66 82
8897 9959
329950 959649
2341888 8178201
14 56
4740736 8329435
12159116 86155438
760822861 996059928
5160 6182
511149033 855284070
119157 989106
26841007 91162709
299027262 640338600
12 55
1094 9223
595 791
12201 92605
368734336 873242755
5330 9493
1616898 8379303
10 41
4941817 5344019
4217500 9608608
14984 88297
602120669 799526061
543 790
64672124 97130031
3447 9997
554895 988628
6230046 9704838
4726 7929
102267951 962926287
46120696 83509012
12100 82580
1748 6851
3460 7981
1066 2660
64779939 94738563
360 968
325 902
439084162 785314446
1047 7019
12743639 52005377
17892 99268
14719198 93401673
51479 96439
204859966 870355645
26069475 99645475
10604 79100
10065028 27649762
472 687
114 878
103 997
31 66
21184 95329
356 948
327667731 756595708
22474701 99977886
210 501
18161999 64486745
234 796
5454 8375
15934773 99591884
11 58
1088 9146
26 70
257205 379838
117888391 405286764
24229415 97112709
27469265 44324842
31641 87688
12915892 41620918
25689628 58279335
1521737 8548486
16129549 81512975
1071 1696
6268787 9315016
2169 9234
6410 9564
13423 31413
7512222 8495028
537 845
1042842 7276376
25375 71832
1092357 4690651
1097670 9232352
1264778 3739803
632 921
236593 962952
1757 6688
1406186 8382763
120088 720853
1310 5544
18 58
307 933
15269672 67943327
718321 945539
187 544
250 806
4786 9669
661790 941590
242703 629564
256492 895069
123665301 851720877
1363062 8688449
11 62
1130203 5838339
409836 598673
268 819
258 541
2492 9132
247135 851343
70 91
356 518
1982504 9784585
354 999
69837046 93997111
2591 8960
448709865 762217510
603910 874246
101 440
19792887 87425733
173941 972596
48337 98542
418077 851714
7019333 8823853
2369250 9233798
132053 505960
754955 994263
174923445 743101173
68926930 83033689
131890868 831991663
566727 797181
242572 665953
147454 386174
176472713 597506618
15926 94891
101 614
4484865 8607898
28360319 74328505
78904 96500
25233706 95295955
17 51
25 64
55 72
157 826
2404 9096
133441574 375745480
153 838
370658792 567113799
135 645
119801 952025
14 77
52 94
70037 90414
34486465 98826255
292524551 686730621
111988 903115
1660 5896
139332 900906
1832 9859
4749 9991
294164 654114
27122 95502
28816 55312
1347240 1536012
66 95
334785 709351
867328427 978488034
1927 7847
748115 947981
11500 37272
19 70
2988854 9615077
277 608
12748 81708
1106 9950
1244109 7766377
1487 7605
4505 5740
104465 383275
248147762 773276824
247652261 451857464
502098 950111
16 47
17858 66339
15165686 94733826
325998543 998610988
293395157 944400145
12 88
284 999
1742 4920
21858 38201
46 80
13681202 44886483
4052201 7817341
241742 713105
3608306 7470401
3472 8315
24 91
42909 46608
2193485 9843392
41 70
4568 5694
1212053 6182225
376667 940668
7741 9755
25 92
1537844 2061726
110445 920142
4834 7988
170174 694722
607 698
460453854 750697258
117124 322278
10415664 98639547
13540 72665
4422 6910
15870899 33654855
15450 87958
606 858
15230689 55740804
122220 975684
11825 62519
534474017 762599416
1911480 9436853
515357 969602
5447 8726
306 621
102407 670730
24656392 78514087
2997808 7608682
59 99
316371 506285
35 93
17868 86176
110323247 729654354
11 35
2771737 5970390
32785 70665
704 954
102192435 809009225
587 992
34 67
21 89
338 875
527728511 880491914
105 319
443 968
24711583 48203444
61932734 96226078
2676552 7717203
35113541 77082473
17828 99496
44 99
66657 91939
243 841
65195 68922
487 974
54116 95905
29120923 60863966
108877 354169
16179532 73803013
315412244 995803557
64791 86569
4141 7445
7549 9275
353 949
23 95
3175838 9713932
40554521 94201811
553062077 986128241
638019875 705564663
41 99
423442533 778992611
36 93
2785097 9150187
158054 950351
5290 9100
4804 9219
51332 95465
17471930 79099798
30195 71425
1927938 3890504
37744402 98208366
4030 7129
1052 4205
3018 5290
171 771
20934548 84565745
805 989
24 90
447 624
143296 956864
1734 5699
1538780 6457470
471799 973931
59342 74443
337441 547072
5884 9302
160215211 879298653
39 81
14 86
210 467
35 73
21627253 67097578
57184546 94837080
149315 732418
275839 940213
63264354 97450655
1812 8800
50596182 73574728
44405 98854
4344 7724
80215 86054
274 675
43538 87984
1441586 9432637
70675 99902
441379 532664
1834376 8553137
107337 780634
26105 81447
47 68
326 863
106 492
30498 62402
692395305 970712471
42041 88550
10 92
212463 730873
15571 93886
39378 71377
26 85
45691 89188
11449303 67669633
12393885 98487260
349 666
203712 829359
142 876
2996156 7756609
511834 563548
136581 575753
519073 994702
34969137 85515355
1201 6582
23026345 80438361
5716 9534
194790 603828
33909018 90164773
3634 7947
12952517 55835463
12 96
17850365 93315673
5201 6129
133877174 384920732
685 985
134653405 964753311
551 938
60 99
22 43
268297453 898956144
2848415 7601163
31991 82098
19 91
10333287 90208694
414969 600438
2603 5193
10348344 94869038
11720 50010
60530552 93652475
48 99
18 82
40 96
108253722 219097162
217872 942194
4458 9623
5776 9198
101804250 213558825
3892830 7371545
27501 94580
300891709 816538900
19 69
1218669 9944591
33149085 98358053
243739 903859
2425 7798
3779 9458
63888 97710
18755449 98672444
379977074 665497121
16959678 98866192
229295 614464
204728341 924617387
49922830 80114988
164 977
246461423 902982866
312794627 996126732
75735 92310
1317100 8603112
123 991
19865 56346
1167 5265
52 94
12 99
2040515 8817970
252 985
763609 970238
181822 854376
224282 479540
55760 97781
20608214 98445397
13259960 56963816
367681164 788437026
16749 39903
5145762 9232308
23278 95237
893881449 997475492
13559816 73578123
2692 4301
19982 95091
1240209 7780522
33 99
464155 852262
24799 87474
30704 44967
52254 90811
14544824 83045625
63740435 87198004
31624 81884
45 87
12317490 79986246
14 67
1968945 3532338
2887 5940
11371943 72508279
158 923
10 98
498 971
141137350 623945547
1693689 3979999
1076864 9812057
420663 970681
20731021 90334707
11 35
71 99
5268 9718
11 48
3742 9522
