20000
493020235 493641038
7349327 7906372
628530751 629321110
359395309 359613634
50802822 51281186
581027454 581991552
763743385 764691790
705680615 705786597
911961265 912001676
615762003 616062255
604964593 605219300
841467103 842123535
691276351 691530562
637141765 637228811
664586646 664890577
947974114 948503448
186448501 186895799
122855822 123313470
421557642 422480631
595226005 595598513
180057505 180366304
507435727 508113252
341513128 342214202
602583352 602804629
474806120 475387780
308908548 309165937
207658495 207783886
785128537 785304790
588007892 588275438
683807694 684730850
599910696 600280924
744341760 744463472
126450973 126846228
867557656 867696384
755725872 756595881
111483371 112429500
156282534 156282637
999527570 1000000000
730146601 730161150
902709166 902781906
982270022 982843867
683808920 684124404
450313577 450317193
491218441 491713693
102546949 103305672
104365906 105288326
574891 621286
392678981 393635476
419219883 419932687
830306861 830853292
919985486 920542506
632288706 632686132
827751352 828404298
546035138 546154881
849929887 850561716
268601218 269278417
704562886 705156274
87542795 88526303
783096938 783484352
802217439 802787840
497025864 497690420
859391009 860075931
761913455 761925056
467590462 468404165
517540664 518339928
902757338 903390007
683542529 683684598
323246931 324100701
638256981 639256543
66769903 66937673
777554324 777678585
810696892 811515001
988164311 988988527
85234424 86048662
918581405 918661322
890840386 891668418
928430897 928848260
553276574 553701507
881755772 881846526
395763565 396455246
183000893 183340386
414131448 414741905
485440087 486320616
593497619 594375431
709523170 710095853
598678195 598829527
173490881 173900205
484494070 485069618
221422776 221533977
103530936 103769321
712045982 712819558
400001782 400886245
267372590 267961581
368085512 368754683
166247208 166300341
291488226 292318322
825620060 825828707
284652728 284748113
118645339 119576499
900601358 901100295
674982464 675739562
717494024 717895346
737326745 738230301
900906954 901386127
145077079 145602400
397462646 398340690
899674441 899968559
945368465 946185535
931173994 931299499
922763999 923459142
155697774 155821807
542638641 542884556
637490571 638417549
194938706 195031637
230612030 231505077
623358775 623541602
734244293 734400971
569735053 570223792
21336557 22181691
462285871 462695402
667095747 667750055
632377628 632990940
101804347 102373832
174386946 175156846
212053065 212236904
500919949 501333283
284473112 285094858
921713358 921965304
68389740 68422001
690062493 690093226
562878836 563600857
786330198 786830493
584463677 584582682
292190893 292805570
600185830 600798080
423747391 423985793
228558707 229252878
913030543 913217592
763701452 764124463
572488837 573118815
459158198 459373467
237466945 237901417
331468626 332051095
462609126 463351637
431361183 432064909
403645782 403845762
434929874 435808725
475770845 475968392
439254288 439706627
63564453 64158187
713380639 714294488
940152700 941038126
442320441 442888461
944063213 944063286
678815451 679024703
462773218 462861907
255370210 255532920
222294271 223194710
327124405 327946098
644899032 645229481
348310478 348841619
529662309 529766692
476081976 476966691
484462947 485232465
919972180 920702180
728567524 729181148
131088087 131297129
914863253 915861749
201795600 202256051
597952811 598790683
723959557 723981509
883532821 884437927
432472522 432651216
20544220 20924759
116859233 117481244
384764868 385476203
689551177 690214285
165765709 166031335
769539241 770287132
188245013 188247675
300846644 301501606
697095330 697263152
716491121 716551094
858001622 858130020
64495549 65331015
19742311 20224987
413481968 413988163
383028739 383134805
711171659 711696290
468445645 469228665
470291167 470401514
356579532 357398411
36313213 36770312
191597885 192110791
352005091 352978069
883944197 884449093
367103795 367816790
641957415 641962159
268385952 269151982
31034248 31668287
203595325 204100627
167130951 167673293
248601846 249470722
945940916 946109729
582218936 582270748
742135338 742238336
511371060 511486201
326793843 327467684
588867369 589820827
338211893 338427725
320140179 320749749
298565933 298925533
868597675 868942541
22051007 22084435
692322080 692874784
742163737 742980001
932080745 932205890
904645738 904713722
503419015 504323195
795248039 795278764
998871250 999083497
169688271 170680559
770341343 770722576
380208283 380773421
413668844 414013548
475840888 476163563
840107613 840397314
90232847 90793927
323493299 324133371
618636533 619246042
740573974 741140914
597608536 598003877
512238146 512523672
831746671 831998062
675637581 675666406
237542088 238286033
740785922 741664042
368921678 369588792
486997317 487397373
461854659 462247000
264111940 264807275
466085358 466264216
175847019 176165202
778982608 779210573
715138539 715573074
245488920 245923598
989055182 989187565
362041442 362133735
166851759 167578486
758941360 759321140
73761840 74614864
878227759 878540998
757059173 757846664
501772446 502163094
138510930 138946723
156378796 156444905
912605915 913346235
142229972 142992438
558152549 559130512
161287451 162225637
182392168 183203424
873867989 874518246
482909031 483559456
200700872 201043836
765867343 766321373
473651856 474568471
139518621 140195388
800006244 800241424
102696155 102803248
517454978 517719814
369780568 370592174
472265056 472827248
565886265 566478271
521811034 522043546
122150890 122733004
719539281 719699839
780913457 781431838
400674427 400828715
726913881 727679738
38653455 39252867
988562892 988674424
859363650 859644614
338622026 339181206
51197790 52015675
326303421 326675184
817271247 817782697
313830090 314535276
900296495 900829169
549514857 549965348
260949237 261715629
884416485 884733590
632628547 632886981
527116252 527359666
87616689 88504677
350566642 351222458
683830088 684481175
303544590 304195988
257929172 258348335
272393134 272525380
444557321 444749867
532500357 533320779
931103727 931366223
236480043 237173434
953364892 954151753
979553883 979838691
69821715 70466361
292306346 292652004
796027823 796807372
909431576 910409860
663560235 663768555
486641143 487626108
62923455 63349161
320299652 320923555
365908549 366619884
635070446 635207600
156837309 157061829
789730698 790585085
958341712 959147090
714589582 715318179
198835422 199048303
563748338 564360159
883567882 883812547
848450136 849115912
894143354 894758187
19733705 20644832
902832910 903410730
936457855 937324760
75518455 75848572
808057716 808853446
483330883 483992335
911155456 911197264
196926317 197582618
699690686 699753375
451011543 451428245
139006789 139442502
633491368 634479491
146627052 146895650
858693136 859423135
69005753 69384796
415140529 415224546
219585518 220255368
104452293 105320752
265868591 266116675
301635390 302232367
486385144 486790510
366322715 366447297
233148232 233234104
855874208 856267919
243677162 244311661
115600943 115670078
631946496 632435763
664771752 665562579
936624365 936717199
511210498 511467823
96498022 96721305
56921191 57487076
913010260 913576377
493284416 493924752
656213316 657192581
105493368 106486283
458581075 458804889
874378249 874936118
272565068 273526217
366226151 367154803
545461739 545630227
224558225 225080947
9272905 9297223
603233274 603922962
855653276 855943877
159789284 159921721
600973967 601326475
585971150 586506643
875233630 875623625
336749712 336796819
67265013 68008456
271417254 272040478
379624222 379702924
815777537 815976444
313361517 313441452
915483014 916025463
421034222 421865256
896372112 897230286
276032668 276449091
896057807 896233315
7126963 7918163
998418926 998893083
473638927 473848951
671012316 671536820
310982650 311328361
189359369 189862547
245218121 245704335
744510808 745470097
169540061 169647426
629907307 630053785
911153544 912118154
454425732 455207526
506011443 506769347
555858070 556010377
856726676 857206956
407205989 407244632
660254442 660543011
946400498 947313905
711323630 712210487
220286459 221135380
399252303 399964275
56280725 56424080
898930812 898953780
711900622 712583154
356111846 356702435
499512376 500422933
615335017 615411519
210496983 210761898
940698408 941294606
46465783 46621699
555850050 556424314
209708293 210030490
749840527 750685678
759045806 759484551
212312418 212659151
572739877 573008832
405470031 405712754
443776945 444674699
619476140 620275857
658753144 659677506
34325664 34706294
858717769 859698499
378098304 379036377
301482378 301719123
492108695 492460121
667072500 667493836
925494548 925765328
914209191 915003395
881471216 882418488
323073190 323568160
195415711 196392686
270364726 271342787
301791469 302083958
739645693 740066826
804219993 804765730
629753083 630194155
297568805 298185799
120322416 120712370
718189322 718988652
458685442 459142658
554251699 554424421
773841940 774477178
110778908 110872259
321080384 321252078
320035751 320869803
488636405 489596423
771503864 771665486
607445718 607778827
503967335 504074725
904009635 904180532
810102451 810253018
336407395 336847445
179194082 179790493
464383274 465126414
47123527 47689255
857427308 858346460
955586401 956056980
229592663 230190241
407900994 408220531
432822993 433403035
994878090 995379818
491446861 491730919
727682640 728537865
303353771 303539402
794269313 794581513
665022748 665647335
839404240 840221845
905906213 906556767
400023336 400317246
399106604 399851044
320991135 321381532
945572768 946506899
306028718 306408159
768618056 769023478
537496667 538340413
776314210 776530739
865342341 865880509
32126220 32813212
381729467 382325256
970266534 970299615
362574771 363284992
112421438 112883049
575043475 576036588
93131470 93855824
692290892 692921186
121728799 121767679
34922097 35740758
928662729 928699056
196113752 196231223
546210130 547045005
211607513 212210106
921983187 922682884
372370662 372764816
349330455 349971540
476077249 476289836
424865113 425313200
548490877 548661831
53474003 53628226
558719471 559388880
988526298 989381691
529979385 530089185
556865379 557797850
320263001 320966243
425293388 425855109
129753220 130299496
662317031 662625807
68179924 68947263
604862786 605049846
156189167 156666255
227686797 227894742
723961602 724573569
89290922 89381324
446921947 447539076
586217969 586482552
898530364 899299452
833037878 833062542
404042423 404879284
605288516 605667748
193560006 193567855
343459276 343811553
780972901 781149226
110540625 110854662
771784754 772080390
958538566 958603590
237277755 238220658
922868900 923184988
21631462 22013149
710376027 710984411
808020028 808424826
963264180 963897087
443955994 444475871
217403545 217591371
935620341 935646642
746797156 747070718
527341197 527586838
574409226 575199171
331158982 331454721
149797924 149847922
456645069 457366324
839020561 839413967
313201816 313930698
831446333 831940131
482361445 483126564
414679031 415189739
764597072 765179397
479263884 479624625
14835146 15539098
896984044 897577725
639831800 640201296
602895305 603272265
673779141 674741315
554778738 554977878
905133425 906012171
496955685 497633398
950272005 950354975
338092151 338285545
546127218 546980363
734815665 734843219
100410203 100470713
834526559 835166672
822194565 822470355
133189441 133817985
43584157 43712063
425321897 425970803
340106807 341048631
403510649 403743620
956347524 956582095
177746584 177966402
192592531 193314465
92861434 93169279
700744460 701709965
236976820 237759597
632974842 633606390
241315003 242195200
166395434 166905915
776612435 777467621
918542128 918842571
352279561 352973457
315403561 316271631
193447309 194292472
791048825 791896597
924539309 925065670
341493925 342265535
235588986 235817079
995087498 995957951
844532900 844580922
967830267 967894116
917102479 917617410
665371156 665522736
387498958 388358823
786959461 787950282
835569034 836206368
214199960 215032541
631238213 632108360
225842885 226622780
669840418 670339357
868694599 868761137
355107167 355310326
144240845 145053907
849259985 849892236
804110390 804941293
734096148 734345830
682820477 683365765
791498038 791515414
744055972 744963926
533741864 533820624
814323050 814782443
608758960 608953623
90222947 90687904
471751660 472641392
867590494 868374006
340367628 341043250
318783078 319278543
232811859 233802615
431008432 431811605
928801392 929138739
489918921 490575444
705809590 705969832
413052446 414010249
958760898 959694613
496218096 497199879
615916802 616879698
478104652 478754992
711059259 712025665
244915273 245319057
620729815 621351065
780925160 781212387
691193452 691263842
866050922 866993744
910167448 911054280
255429512 256137719
465530752 466245075
278733704 279012909
984730812 985035739
611728514 612109132
973477357 974319137
86795053 87552546
505073509 505079441
214001804 214495172
104401965 105372155
909056502 909336853
258205415 258514418
951745630 951940852
463696083 464382442
673300026 673565667
176623354 176658335
381376170 381941087
457495939 457893793
840458008 840865697
273501618 273703699
254881923 255797177
961804476 962487958
23484788 23875278
922109220 922655054
336759318 337042648
569071508 569842630
954929277 955594335
423020802 423032562
663323659 663610186
94937112 95037496
180652734 180950310
550997428 551647821
93628749 93898692
74819682 75454960
571453941 571769270
122001788 122037712
220730558 221459968
893436410 893643765
794700520 794910411
333785296 334529037
915121519 915408032
953869060 954791360
288006702 288630587
811179894 811705174
405421955 405977451
110765788 111002690
585196182 585507152
825810774 825894955
961135549 961399207
69224613 70036146
868259480 868793342
438089952 438749938
167515486 167863514
850844128 851568869
436660596 437054495
972534271 972838158
52136854 52207100
525273421 526111122
122103768 122584262
948054924 949024254
611498732 611951138
600187891 600569743
42997646 43155646
335059149 335887733
768136728 768177668
538563215 538708937
189312575 189661905
19198568 20109920
932980093 933705173
928000015 928369081
184412567 184593896
898719973 899223207
585069147 585569316
443185086 443580597
250474506 250763250
325700818 326540224
16866858 17301435
921322367 921570408
738734619 738883096
423344909 423438653
296913806 297609497
749899266 749943437
813734622 813790421
238136135 238889886
568101721 568607142
947215026 948170646
503594568 504205638
286186071 286196246
425046167 425463886
545260393 545564339
720904780 721179029
265163096 265515977
517345923 518215048
880350130 881215046
614430992 615226485
94724325 94727579
226601769 227095343
172774191 173110122
338412897 338569799
679985415 680331546
329585605 329932793
500462447 500809192
27182557 27946119
209772314 209997116
799564604 799878067
424113426 424316869
598768458 599359493
823403033 823872093
281985419 282671760
541686977 542657659
751452514 751636861
551066898 551135119
31670645 32246918
901356523 901599462
267028848 267850347
163661536 163881759
31356589 31918984
779089012 779306938
726154291 726759711
881288159 881455668
229104724 230048958
322096837 322436776
147897024 148461712
787761690 787885261
883144737 883535446
728688063 729156639
544843947 544913401
571741796 571960167
923054569 923767963
38247856 38615369
23820753 24816518
971509365 971603449
965590182 966126050
684065556 684108948
481295796 481811843
401494210 401655361
46019396 46465511
68396622 68819453
488985445 489734216
778437837 778824483
378126136 378706672
306900683 307858563
396043720 396967880
515377867 515663071
494523502 494946030
816172364 816917929
206511967 207151996
506707825 507591086
422209471 422899591
474490315 475091553
901795281 902082718
469257329 470094783
443316759 443588905
855987077 856546463
57192922 57827835
735545144 736125101
942927028 943315559
702422169 702703192
786105845 786619831
22530267 23499365
497910889 498191728
164515308 164802246
520568243 520951730
12488526 12822819
835451261 835745919
42958039 43755470
714990502 715651181
232929100 233269649
429282186 429472512
130445510 131064057
505728720 505828452
92739738 93146281
582300391 582604230
516568869 517357980
366961386 367241173
937712752 938435709
826858631 827468374
964332320 964533806
933408130 933819407
496824005 497510167
330118755 330896803
986796145 987770189
105218462 105384539
855966798 856501973
725182637 725986403
826331971 826660903
830988001 831041806
302565375 303392514
267247280 267584671
536053470 536811841
653196784 653222217
674680927 675394269
974677382 975560847
676556368 677412750
345392097 345793669
183007525 183418343
296093433 296264285
697216314 697923006
886123553 886516872
364492386 365423722
10392072 10413230
796223597 797155823
767166858 767742604
360669446 361068243
838010472 838932737
911379435 911558056
888122251 888716961
94411731 94640405
354102010 354171520
464125863 464128329
913450117 913840131
526266155 526997485
931164549 932076485
503466453 504273019
564202332 564243292
8494305 9021028
199311470 199934466
854002262 854806496
860742866 860854370
322212912 322606213
178067652 178677652
603840075 604208566
713457748 713514657
486181357 487020977
285830911 286418833
749872228 750544059
991357900 992115268
987281406 987733826
265037581 265052056
430871031 431146306
746508149 747018093
267759166 268050972
798791822 798853804
260153064 260896910
389289851 390087766
4764830 5617054
260528075 261231652
325451383 326345903
537110604 537659353
244043573 244343922
621377073 622043972
32236918 32773911
166681455 167493270
555346801 555495658
838471487 838922445
384116112 384315510
674532239 674834666
680778061 681191184
476075741 476313270
932475332 932991554
127196538 127712002
790146182 790640211
202090487 202596363
275063231 275245064
694029366 694772765
993487025 994283499
226634988 227193310
601621844 601963302
482198241 483164761
354435112 355220740
267742200 267862462
981776547 982537578
25049983 25913005
849136011 849685213
338802602 339751248
89322631 89587807
156368376 156537289
961927204 962098393
604404341 604482054
908296529 908833743
90381588 90448788
914698073 914771958
804862398 805780001
403464124 404202854
795465857 796030557
684256153 684728938
613933141 614298447
785250464 785652324
189770524 189932019
977844742 978498034
235330562 235646331
909091593 909325708
455246083 455677863
981045985 981951123
226220042 227105947
256534295 256564108
527072941 527995676
412498061 413436133
444652269 444992829
733138219 733835980
371104655 371138792
370298512 370656693
817058478 817280257
928345675 929272197
357155265 357755147
285243122 285711815
480052762 480202598
534561361 535362292
434772545 434949562
518527694 518687406
907010176 907354344
432139515 432737814
76339914 77126226
903446054 904438628
751704490 752362635
691823947 692417752
211173660 211822927
396090248 396514540
998700035 999400892
484954450 485634481
920838904 921142967
166541529 166692322
542663752 542853705
975067935 975518710
457280287 458262921
987305957 987830843
795234771 795727884
112071607 112785052
630904057 631205801
602993894 603046273
96765850 97338192
407048003 407661636
734805842 735589487
546769648 547036663
952740296 953483466
74329736 74960878
731767496 732665736
758636010 759589303
790613839 791297064
324302349 325269007
806119212 806640463
514516786 515100244
27766196 28556284
248244806 248718506
775185617 775249316
556356995 556386803
20892047 21596253
762184925 763131353
318163500 318525269
509862718 510727819
740555397 740869942
942151969 942237692
268721840 268958512
843108328 843464787
180527155 181330435
230834693 231152787
54661511 55434846
798274608 798348553
602199431 603085335
609796890 610379162
311819162 312679925
516813666 517133423
299273250 300143473
591755897 592710335
438896176 438992033
220351280 220396714
188116703 188766944
871738162 872714036
136777803 136908831
117230290 117871653
438302698 438821557
415020439 415386805
583919848 584030006
813106195 813764685
519583782 520531008
29712116 30215871
15881845 16426912
382369232 382983741
195186963 195246471
275105102 275428655
821169847 821215424
179876886 180526966
676518683 677180711
951428175 951666564
164878772 165179309
695711730 695847459
744349387 744845447
949115542 949466672
323365777 323637481
133071041 133524492
404076597 404598385
852698445 852847052
450647555 450858153
495461814 496432888
106864121 107771819
334608878 334986459
157591344 158401308
665876311 665895433
690972180 691665489
898242243 898575484
682016652 682980191
67935464 68598393
191575490 191714140
259386671 259971793
715288129 715724550
316834865 317509727
237875522 238103892
647978429 648668326
904933655 905064721
588476016 588839103
330988442 331320880
994143582 995117912
696798546 696883389
626171598 626498886
809663131 810156301
908849670 909658485
553697568 554599388
84282025 84347365
194112832 195005084
526873749 527840285
44173072 44346352
648694487 648778759
101584067 102541561
359236286 359498742
565509016 565679959
247256850 247894475
963988019 964018142
542114865 542156883
341778210 342721161
304145571 304788192
109020020 109298714
88727134 89234364
470621804 471078725
31274704 31327397
397147690 398136345
590308797 590834501
723459626 723837555
223420561 224086015
789288203 790024863
537303557 537575520
984840100 985521310
598115152 598442909
218051173 218125881
289999049 290701545
864020203 864372612
699429497 700288210
156798095 156860234
547933238 548908903
910765782 911157895
568737561 568977996
623020133 623967991
905951173 906786915
740728580 740794311
773760859 773880977
280234218 280541530
496529524 497377078
827390444 828055448
74769135 75092670
742315086 742744134
522857086 523227434
866704821 867469465
551987169 552421209
185810120 186229784
631535648 632356765
385037047 385802926
35934471 36544351
177428559 177806308
746241243 746545226
142947092 143629219
654380575 655293638
708408782 709399638
524797722 525484953
254040148 254947682
864867484 865332513
255649920 255806616
776126311 776197278
808633141 809594440
82763921 83503640
368846828 369097943
118167032 118593434
851728314 852263450
70687742 71599870
482876733 482986048
21335173 21750867
922106248 922698787
485651574 485791146
423809041 424373476
910389054 911039913
858499699 858677970
357154498 357952625
225454519 226260952
18312449 18588069
139545335 139991410
85152061 86133885
768770930 769271267
184580665 184668258
250486595 250954962
783704334 784131741
952621819 953474760
418058226 418440372
728508035 729025889
14511557 14589778
13149543 13995900
641582854 642078047
779589779 780502367
912893487 913461669
569273914 570071090
212545748 213122064
983844556 984094558
135981653 136048150
802859267 803509568
197414487 197931476
718075690 718335313
280941253 281252344
438374085 439224037
847159630 847640054
440691862 441403752
792487723 793303218
242503427 242943679
688652773 689002105
576877822 577269656
605230886 605746780
742967825 743104980
180621153 180875419
935092759 936021379
994415761 994767952
916748554 916768724
759984576 760411951
68210504 69086107
464202096 464360002
339860249 340560146
642337130 642754640
928499627 928835570
686381682 686409549
290503565 290754923
695550807 696368473
558525369 559089362
860891594 861083058
112543172 113324636
439645569 440092465
884426565 884862949
250661561 251378258
417500541 418416293
232371486 232442427
387438565 388280215
334644956 335527633
935008483 935113813
172647296 173289230
322286459 322582199
335421709 335590956
767340371 767967097
242750706 242836855
1271805 1641958
735249989 736142690
631096966 632053386
375956355 376543050
701345489 701916693
954865225 955774984
931478689 932423972
728518205 729456941
878370458 878855194
288350304 288461872
113807460 114064365
921748414 922042550
165589510 166188653
551444356 552251367
496912878 497547629
177214325 177293598
676047711 676882093
277540521 278329257
450330317 451285005
87835528 88646100
883678264 883725536
359331500 359709911
366378145 366564321
214459882 214553388
302377288 302863857
630144208 630307636
143812600 144084779
610143213 610385863
969708396 970573081
586700464 586970893
498305897 498388576
83635514 83682814
302604000 302878917
694877010 695613452
435073683 435201309
674886880 674935690
107598652 108372026
331635654 331995102
915071786 915954010
115260699 115924765
711620844 712137454
561353641 561869763
243618894 244442377
946835902 947154275
772485959 773484503
935020306 935515139
423500841 423866135
943914278 944815085
654042079 654742851
725001507 725951176
454680541 454750044
407908215 408434030
121972134 122694112
408407408 408768037
688763836 689744050
958644152 959363031
691573751 691866703
590244589 590830572
745261063 745318259
483507193 483721400
677220603 677934956
67297844 67769511
153561879 153893923
951984179 952798921
156079324 156969127
946715088 947024046
336573441 336618459
37080133 37726787
762264417 763158811
467436417 467754672
832113594 832610331
530418808 530431529
876706452 877266847
622042719 622667597
202805599 203781339
205201982 205364380
748208939 749016238
944686691 944906769
357396510 357580521
655638547 655683279
109313819 109323780
474338010 474348224
159135815 159359242
117950305 118015602
774165339 774558597
114234581 114767259
814838129 815620719
756244625 756884281
496585346 497474355
107209300 107880894
479820763 480259770
785448387 785730588
363204226 363819847
577240004 577550106
111743299 112371666
846865751 847637348
772556139 773401107
944503505 945427533
918003670 918639486
229538458 230029962
497595788 498303127
153841006 154601358
835807802 835967320
382355484 382776470
275330626 275901528
322359128 322905030
117055670 117255500
970193816 970775181
36688373 36930348
776799708 777119682
689622949 690108510
34063015 34285879
287240598 287579311
789452917 789572384
908713853 909003489
567595807 567915785
2993631 3922268
920355842 921036672
728205081 729007684
398407150 399022531
252200187 252473867
553406078 554092900
425355682 425797337
880856068 881427282
389066814 389590918
968499248 968601591
192616288 193484219
470952507 471637279
774882555 775231455
306266654 306810722
951690572 952185665
65727547 65834751
972186116 973163890
677523808 677947171
413131739 413750769
989636259 990087119
734982412 735647165
759457080 760345036
213588898 214053155
832477865 833262355
607934549 608820698
479776373 480220867
904872608 905666149
587158444 587313293
152917969 153416536
98962875 99882609
448272997 448910908
488222816 488380828
819373812 819772746
611036733 611684585
525313435 526205707
116051216 116676197
629965553 630520810
248587962 248913837
608152277 608227127
708304434 708732098
128415446 129113750
147664127 148319746
77223606 77609864
138818814 139369932
46802541 46976181
811335192 811628573
991404076 991741374
665841067 666420568
887527 1330152
582456988 582548824
564637761 565506325
52366261 53196566
373469043 373850686
822661140 823187938
332476720 333094446
570798618 571713838
893276443 893719724
364906029 364953904
196087450 196593919
299890036 300790101
97015225 97187598
599308117 599830472
735264766 736256898
917632687 918300020
550377584 550629655
773560222 774038745
890752486 890880547
511672852 512376271
567250972 567524799
587741544 588371318
70979459 71800774
80220585 80399075
738509512 738562139
669773857 669887807
540462329 541300633
506020257 506575937
632766032 632847842
369269215 369502362
698403467 698634509
27355088 27555070
431168179 431473053
411423916 412005640
340911480 341286190
477213502 478031960
678012040 678191455
640549025 641223957
508984451 509787941
710390023 710722215
706801193 707431660
693631992 693876683
522346126 523215549
813475730 813884001
917340208 918156088
692605686 693435167
422838732 422955975
20884604 21055825
823700671 824105106
440713742 440916728
190545251 190640460
387479372 388312143
349250948 349740279
59326914 59875487
524869375 525808672
733153037 733180326
440733191 441596579
660198865 660826335
301682132 302618876
687445868 687924024
905307444 905933481
462373977 463132402
823771834 824036899
881503241 881989523
781536243 781740757
830711514 831541514
90368459 91129543
73912971 74400399
135531398 135937523
198862794 198988679
733286975 734119822
782758298 782787197
819370857 819779988
936967740 937606726
85656030 86440430
903715739 904256370
210444858 211372623
453749962 454539221
900201940 900456253
930674083 931459045
950884277 951702298
589998988 590050726
439305154 439941374
607665199 607820414
665028764 665293031
565819014 566033817
780159019 780969002
997771500 998740238
239883848 240541015
674957699 675108798
65624088 65904554
810987423 811377079
992938302 993482753
542558417 543312213
997436764 998195141
393340753 393566741
393857318 394663871
546454882 546966035
978468439 979210831
685733483 686038497
242662900 243067729
481979930 482593689
505692113 506611551
525729617 526532047
578831089 579245047
414788133 414881754
68330975 68607860
310631095 311095136
103501914 104119190
639510022 640161178
821914962 822125738
823789970 824531397
524429595 525204797
915355738 916148136
174952281 175285765
86721916 86979031
364574851 365079072
842660399 843015227
992530439 992571716
751051868 751877484
216647943 217475857
532883747 532955170
290937429 290997320
728094135 728717411
871349317 871853916
486102075 486874633
216431653 217010661
21900340 22313260
19762729 20095459
412481964 413190693
106242301 107207503
992132360 992522811
923745289 924075312
234875234 235048213
149418277 150113244
850012420 850620342
144461827 145351991
811361227 811586422
772360126 773134581
597138021 597899910
431578754 432224498
398149485 399028277
608364219 608510970
896072963 896435546
438880749 438916826
497729536 498005553
800337457 800982780
543648715 544335010
584092039 584713296
335244607 335634911
576993726 577842552
409226586 409994104
937350123 937731832
4556204 4939182
513195082 513356149
424566447 424997148
616972928 617858249
604986171 605935218
464941491 465360634
389939704 390564018
694649292 694814792
38579916 39427587
555776801 556729425
229283356 229454927
115752862 116042240
378839415 378995161
6538372 7205031
476795355 476916659
800525474 801302140
887489136 887774882
842482653 843015962
179034831 179312001
465146799 465254431
273449170 274295903
931129262 932050576
422953694 423268112
321019926 321712633
798233168 798387217
163090244 163729375
494733743 495441122
378614940 379394363
452091246 452207029
181175840 181407266
65517367 65784885
432955486 433194519
836316916 836664119
111696537 111781342
264185916 264858429
833354781 833766716
50553560 50726039
337511990 338280371
204045838 205041142
484437039 484606874
7072217 7895191
362134898 363078346
759352189 759404840
509648404 509731409
499783899 500092656
666631115 666817950
135181750 135646714
519789497 520414684
433469660 433956430
886458728 887223746
51271562 51482109
111277757 111827218
43459263 44355330
267671700 268455494
338704607 339021976
276514269 276928397
575110188 575445278
527779852 528543350
665581141 665904577
624593008 624739827
906091458 906392552
800264177 801149787
764573906 765194377
410591493 410948494
449246149 449619450
84754809 85001070
315668722 315948181
599037606 599188167
188668431 189442470
294595583 295568815
922786887 923579964
219927423 220102807
976167320 976502162
769394830 770306088
669866483 670009410
637209080 638090565
178444839 178502492
625669697 626028904
448747352 449298314
46824489 46900768
990602898 991532972
993635639 993751363
656203122 656312456
362111979 362708778
283709091 283831010
919158011 919618241
438820103 439286394
558667234 559472292
615735723 616591117
909569184 910214474
399695561 399918503
733604300 734274462
640487336 640852054
995268063 995716658
378239263 379148249
280363473 280418598
422771746 422847164
138767964 139681176
786867791 787593229
809770723 810159418
352512744 353015454
965783626 966015174
470248254 471125491
228498379 228710660
969956461 970394830
662664823 662904148
889664102 890233418
333473546 333834385
601282446 601866272
519974818 520560650
229207626 229784601
876536024 876981700
250145561 250449812
603701526 604029558
384980808 385609830
315996966 316708790
277137376 277638368
15684902 15776673
632518844 633060252
104104413 104531838
538857860 539017650
857274001 858248302
796499586 797365800
218576183 219201411
994611473 995442694
162934999 163034446
142965269 143612021
74519142 74686248
645309 1643155
721264124 721525365
133913155 134796371
354722465 355038334
691955596 692291078
704140751 704315804
436196834 436909068
350803560 351341857
261213761 261507232
955754767 956638951
737967264 738097024
798906335 799225405
792026689 792391911
405441276 405503115
268401040 269044403
319973269 320637441
514124491 514660429
470091004 470222938
419767139 420283982
961804614 962468192
222084102 222223100
893411573 893739362
641015603 641081343
456796144 457215164
821182300 822055181
86069638 86588478
952861086 953660347
79014524 79818397
371684281 372601246
597482274 598049187
892856600 893176513
721680277 722364156
322733349 323614468
602099937 602888314
490374985 491286193
102744910 103347880
997229395 997551438
646174676 646979981
87201064 88132676
20070943 20649437
896137004 896160985
513881868 514144288
592391079 592610839
987518381 988493324
967973701 967978574
934928026 934932530
910134266 911019419
819097427 819943504
175743292 176184747
245596576 246547068
423886977 423963128
133055155 133389257
93335482 93755958
129810489 130458650
743194622 743672129
714480795 715227454
527400977 527607270
456914785 457133153
417247758 417879628
825965508 826670618
485635893 485737722
481410120 481424810
396236384 397149107
921704207 921753741
848438448 848565351
213793765 214341371
127172882 127652675
105759602 105915559
385706613 386204847
404374618 404857738
151359453 151539429
870901186 871704357
478357622 478593666
401361257 401477703
713825272 714153864
655728942 655755231
327415319 328408626
796608250 796644809
241185989 241325116
624903921 625137545
623405931 624196106
676494159 676606340
460189551 460987909
987676738 988131795
652412783 653339291
346257910 346371638
753389946 753627142
648920216 649288633
28505583 28620910
690256738 690332008
854664209 855496664
934058035 934396880
989480482 989644123
563144463 563883595
793362169 794118718
163215621 163501198
530197116 531017438
771660645 772571017
8194579 8536351
574057754 574306141
676108912 676913656
567064033 567542489
661566375 661973931
280784252 281501120
940131614 940133057
235729243 236537534
435527214 435860254
391578258 392065456
796363929 797300442
106469263 106690930
106991426 107516307
881188078 881423842
75562645 76552160
654367197 654547721
665362972 665787223
146198544 146251353
687858387 688643949
553934560 554558168
79555420 80478565
248198975 248811690
467373312 467789224
811063071 811689756
602420303 602689762
163083381 163528550
749125141 749269462
713167389 713708910
273874390 274708855
54797332 54848936
637713767 638430157
370673937 370865409
913633537 914303084
44485071 45056048
309341759 310142964
489660862 489869087
768022237 768732938
72311793 73100199
718698149 719193688
370086152 370108913
615838330 616414598
90618548 90686060
138367745 138503584
222167757 222997401
216075047 216147427
458754512 459658746
554310805 554996394
104261578 104614462
760840889 761078985
655318613 655431820
777000914 777360462
572214289 572941880
920668815 920833434
775571299 776072368
162900416 163254876
458984182 459566181
266289649 266851846
811577126 811924952
94140721 94396104
549442047 549616542
123718112 124172831
592698866 593608992
5927198 5993095
420651602 421051875
427973863 428540130
408694061 409490384
983361196 983581126
652491 784169
21610030 21612994
514760133 515568823
226207605 226529108
463541926 464415447
177092474 177503118
601050341 601160484
963735656 963806935
951271041 951497476
958957183 959220768
664976658 665237347
192717027 193426630
848369070 848407511
170310689 171231734
348490388 349477053
638768936 638854858
534874637 535116570
849144451 849895945
309096736 309839990
682308172 682481521
864448060 864965214
82647478 82975803
995814987 996251040
124191473 124519698
748644680 748727170
991807941 992799289
567361947 567818027
376856836 376862891
810810695 811610738
636416781 637238283
577769986 578235042
786186802 786436520
438274651 439222124
437360192 437432408
410276393 411220844
501672994 502382053
576847203 577142677
269348132 270305968
431903546 432225455
754410694 754871628
170539884 171103438
369850806 370071966
484358964 484475260
315939329 316117679
515552087 515758044
614890718 615174554
288666093 289011135
860211628 860941407
464176364 464889523
303588040 304470403
441106383 441799133
994912607 995121002
864324193 864453024
701694742 701860850
976483193 976588128
807610589 808336579
680224933 681083937
632630794 633106903
329070843 329775890
570537746 570986587
676465368 676685810
400217381 400802949
570733983 571491467
161360735 161692345
258759180 259200844
639215509 639243843
147004927 147900192
625987829 626039819
601417031 601956397
812326177 812835772
668905953 669194827
691203472 691717863
754946330 755386422
1982134 2511276
427143918 427668195
186422281 187295760
701948910 702645593
646006460 646831877
953271546 954238366
339108414 339291084
182412130 183191107
464764823 464942417
239608740 240222309
954782747 954953599
619772651 619786876
745649902 746230735
680217119 680685602
969891741 970678337
666681393 667444730
113252971 113297911
764802358 765224611
685125103 685656266
703309705 703618366
782840736 783065306
16976876 17852328
298960498 299882168
556696337 557025243
454034753 454224073
641977854 642288483
42273898 43098893
996767842 996879383
919583155 920330254
409815311 410066572
254256926 254609072
972313550 973037859
643992976 644893101
670485341 671464111
761387517 762083327
841205893 841605177
893649530 894217566
937145060 937467575
989194290 990088898
864857256 865426724
601307269 602034741
850447363 851220178
40186459 40915597
776938798 777601434
780057852 780429771
219942102 219983196
458488391 459146537
700143102 700503584
157832553 158609314
119617377 120315502
587075765 587134531
541001479 541758115
450266278 451024809
722892686 723046020
867266589 867884481
142003286 142146637
180048787 180747471
774239359 775161036
807003090 807106962
746448627 746578216
371705300 372638679
64468732 65175227
828593859 829517444
199661154 200582589
930455967 931413148
908149030 908973761
113850762 113883330
219093328 220084222
714824757 715636688
601051779 601877647
39228848 39863300
195133674 195762309
186584993 186604234
740804157 741369142
713085361 713686849
859940722 860806307
282047160 282337304
67776989 68313714
249964241 250939096
55753498 55763409
616940866 617550031
888378997 888955034
161189440 161243679
880080748 880877237
126449498 127315458
74544531 75281475
795806362 795932277
704054280 704485800
615809363 616050156
47115301 48070790
818682795 819530857
555788218 556461429
198773681 199056557
311928971 312714029
141015723 141114417
200111171 200173857
126966019 127593468
711287926 711992257
497553588 498054204
591124547 592051250
424556320 425035004
437963057 438721508
548399758 548889377
602139642 602828450
372902133 373115371
689904424 690875566
195866748 196258994
943999230 944234134
110507537 110610739
474964573 475457125
439752990 440041001
744972959 745281668
56824664 57208848
424192673 425152177
839026434 839233254
964367376 965108836
413726313 414187075
454306745 454915189
617402759 617485343
945624754 945798414
917825435 918625609
985511581 986127914
993688378 994486596
484238626 484647641
432747903 433211242
739347408 739593884
806185645 806219956
913909438 914637349
445475853 446345938
873751771 874617119
438791948 438893633
899887014 900755287
937538966 937799924
941092809 942002926
248457323 248585814
547806510 547869056
758318092 759129651
873060781 873351922
537789285 538318097
687825368 687933798
470256704 470497920
855092002 856064015
765578286 765822708
471164601 471216859
956136725 956952518
334115086 334326655
984581864 985494967
575783160 575990372
142615217 143033232
903804701 904500138
866646620 866738889
262740990 263325329
190961095 191023614
641290536 641450100
504638027 504691818
241641249 242549535
202443461 202709192
491455634 491616576
797708343 798058469
966244672 966818669
788907433 789368235
351150998 351991707
183969272 184367479
983441137 984257966
71156385 71781770
379226654 379483929
613846364 614343381
373251655 373609437
945356008 945425913
406044205 406496988
851031608 851858951
620618627 621395431
27709349 27823053
487117222 487259811
329092362 329503786
228941296 229811201
233049357 233515626
112154186 112550549
139411389 140338875
431903358 432892298
241095658 241883873
299010886 299947149
638861315 639159982
43718706 43729927
309528253 309671721
769221822 769285795
79023921 79170203
672331877 672984005
478995293 479282531
70401296 70541524
456858205 457198173
586181041 586275230
671602175 672043041
725033918 725170656
178530502 179457199
224618770 224646286
149931000 149987306
978291366 978476246
143896643 144588809
655663771 656018505
652614039 652786634
283080273 283798643
28425566 29191104
219806593 220172789
470241970 470913624
772095100 772222530
710086449 710298134
329774887 330232727
555677848 556555038
941752206 942278433
68399353 68949931
826355041 826829663
888128631 888212981
831157806 831835183
948340091 948697420
13058322 13976326
61990621 62916506
523834382 524628562
737839168 738258969
169638317 170299695
323020531 323321618
396964221 397060180
636752306 637461495
2117355 2399338
552941037 553014024
791496094 792427481
367815085 368758685
35891386 36768500
922191144 922304566
248503562 248747024
239439094 240139998
178505364 178922336
645760575 646234947
991268557 992118298
998087039 998226834
119711686 119941249
192332388 193275054
784401277 784643849
639475265 639543809
852628218 852634173
270270182 270589391
709943100 710356839
594841706 595394187
760787155 761698736
35361096 35861435
445189936 445557447
712115231 713037978
105845110 105864601
950319603 950607603
44134841 45033014
317783104 318185721
120908787 121207848
870531485 871441801
409107003 409768224
369429409 369882105
202492072 203086416
644035771 644331589
100853438 101097572
298707173 299457511
470799197 470894343
255765494 256131339
626101107 626389334
710498237 711382331
642034350 642503846
218832336 219152966
580261647 580657805
609633111 610605639
826381537 827028730
232123366 232441253
172843800 173097524
792876596 793514963
164539962 165491545
718372121 718592833
991034448 991989901
621120541 621752696
864283050 864803483
115071081 115140520
614732851 615119844
564606181 564909837
176775065 176815748
968234998 968903041
644790756 645261278
593125737 593364657
535784829 535792401
934336998 934486213
793181678 794072328
2981364 3469179
546917899 547753303
952920472 953588235
92063191 92528447
518772843 519602739
375142089 375755018
979633868 980085554
227066186 227699346
544219503 545115589
49619252 49822007
234232673 235089578
572945202 573279537
482240546 482952927
693869071 694363159
152586565 153232527
407323438 407399403
598858260 599101214
843935871 844073397
327889069 328399568
797165799 797647169
754429984 754646988
803017904 803760924
712868535 713569681
130694063 131610087
65680685 66120033
736059234 736229996
65760226 66546919
309541413 309726099
39122629 39442434
846840555 847161509
36436128 37150241
801190675 802105353
275670598 276650136
204537401 205269579
940303006 941215996
91674573 92636596
624499208 625416966
123797439 123884858
275587642 275748068
807501217 808250782
485502712 486198007
617754846 618218533
669960271 670006264
151223591 152030596
726524083 727033256
710251312 710719737
639913964 640022800
101243828 101464711
732376531 732840713
670971888 671262244
976281116 977270794
203059056 203739424
6364824 6560483
201613801 202196747
673290488 673531923
692106899 692202937
519323784 519582090
739177631 739297859
17136789 17523060
227595444 228450850
336966232 337316152
669039474 669271438
554101253 554670617
715806638 716452012
837931584 838394093
237975672 238443460
582731297 583136964
736922394 737365084
84173613 84790170
935579445 936242848
279198640 279383150
584255510 584644449
456619526 456969936
495333398 495372142
288011494 288990224
357315115 357749341
101910932 102795276
404968446 405835739
658750996 659743595
350045592 350094912
347308414 347331768
476630868 477467867
144170749 144845732
356773654 356845560
959828086 960523309
429749638 430463950
80886928 81162591
7070279 7983996
229209349 230023516
193277662 193301901
575320306 575884574
925164492 925507458
210939250 211041683
151425907 151849073
669243172 669341747
403765386 403978137
304767765 305150868
734120264 734957115
637891115 637922762
100167648 100873840
168579879 169282999
919674379 919836429
993069778 993726624
343283967 343332131
295027759 295196837
676181645 676664260
719279544 719892094
591117778 591495810
248651829 249454897
518153333 518996891
194939438 195395735
896608599 896663019
343008294 343207617
310343961 310367006
630737684 630937199
452519586 453414336
878736232 878882335
185297326 185334064
86571344 86757787
600989880 601885924
833020538 833042893
768469636 769273726
401469939 402033067
201406191 201822546
673938656 674099250
264684131 265247668
444534303 445208459
458375181 458855122
418497808 419321264
112021628 112972919
226677366 226989767
345397443 345415373
187548439 187603424
707914365 708613603
181797377 182445891
503125460 503305349
428326716 428909501
56705475 56831880
653918041 654150949
966224087 966941650
580145281 580925996
704512028 705332986
712885355 713084246
282950877 283864902
814438854 815295146
343226139 343246331
20582511 21452086
871499708 872482919
805712380 806356558
169422680 170233501
654995399 655491811
530463297 531142614
177826431 178127671
313657844 313734772
753437052 754429713
613187039 613653383
206520236 207352828
23215060 23871894
769901834 770455166
106921123 107761633
365492550 366017399
143291911 143836733
662766956 663071566
902710901 903216634
751245489 751259248
485844271 486813757
965762287 966582362
653391814 653426706
134300247 134911561
58324258 58448058
352331730 352937368
533475457 534248581
611658084 612319841
133984505 134278786
14306272 14566901
506980849 507848850
715292 1669949
498609360 499016672
471937349 472606711
331710670 332334363
387379052 388289375
872200396 872778201
566964046 567080575
504730368 505299204
415082385 415995089
192016879 192840123
462740640 463548240
688827486 689559425
750067629 750732526
474924098 475671016
729315420 729337067
798414273 798739258
85620265 85827451
210810848 211381252
722497452 723120576
248186001 249006111
188443698 188556618
467873642 467968732
870305496 871138415
394871617 394886197
199576095 200251800
581107800 581392912
675744709 676597471
137059628 137535184
855516489 856010685
588072158 588380556
718771642 719751356
431122829 431182384
654257705 655034076
558391383 559328343
992311010 993277924
223111488 223743978
546278625 547240403
670502485 671260125
753658156 753763256
414111953 414501034
697982196 698607405
796292103 797019160
159304165 159971491
410780728 410849270
734065490 734794558
565537713 565984069
856238228 857205371
819841471 820808630
911870123 912386743
5478528 5555807
261868014 262091516
723286114 724183620
482124982 482986128
848565107 849325625
946640580 946948194
67877250 68422222
703997231 704135379
713554842 714366644
943086545 944023840
432282768 432534028
63133425 63828117
387532 1250693
524876830 525421125
396254334 396361022
332983481 333828660
408376050 408554487
875572770 875770613
89814609 90631535
131111702 131123059
116021922 116865618
80582009 80629719
529824027 530717127
879450982 879956714
370825082 371410492
786682124 787325179
735801866 736208000
701860582 702531715
454376010 455043472
550077493 550380999
76372217 76530572
291012457 291318979
912282476 913256209
895383013 895471881
423717006 424699798
534948982 535387704
162355972 162646724
440322537 440395071
956716103 957230963
743931048 744625743
869508507 870137040
151523932 151745899
232758499 233060243
383896250 384795985
551778193 552404678
868671205 868682090
341314088 342235066
631450159 632087731
250571180 251544904
5020402 5910322
893931733 893958875
715331278 716086227
813609380 814059134
308414456 309135087
252235550 252638298
605549708 606186952
680945438 681142565
248745953 249402400
237281405 237281986
491790098 491869171
898959009 899150865
919105074 920097431
505184616 506005756
280255950 280725371
379698217 379760860
400351816 400957889
947245609 947651602
958656671 959186571
535043014 535786052
5045465 5969835
538995676 539087638
965039980 965067273
293441276 293471473
739294025 739362772
324182838 324675322
857729191 858179429
591998263 592130626
953208906 953468219
509585385 509886429
676273467 676591804
774406477 775000340
762516800 762521123
299521547 299787911
199461203 199822437
977161041 977930143
725381789 725867018
675492358 676272607
584019946 584830152
770006732 770807048
925689138 926011234
411103326 411998240
236263499 236947997
370088928 370491703
561587362 562458664
235464602 235791247
710615326 711137894
944998134 945678164
198521586 198563716
150655496 151632683
428112533 428304173
349000427 349791775
576741756 577403621
373158355 373812407
835366424 835888478
646279438 647065573
356651744 357002531
604111527 604509040
601964785 602135805
293172526 293718123
603340371 604329159
48676694 49655235
874480465 874524473
525842773 526132123
693050420 693349844
400038729 400373461
66889754 67666428
246074845 246430979
318146782 318508613
988301566 989071847
550733792 551416576
93745455 94499742
262819370 263569566
361241723 361691604
500443346 500679720
723164760 723223273
810296627 810317437
215268310 216232413
909774887 909955503
274904507 275373357
402209859 402727134
872702112 873092822
275242101 275967742
440792312 441044870
275386611 276029582
684385616 685364760
289560990 290074328
401847878 401973549
319850827 320124805
414578743 415271959
301536924 302299974
409767449 410260285
93492052 94328059
648027220 648607620
738343450 738349403
547718262 548429495
786899055 786960037
326319253 326595496
918147298 918411540
165784236 166692924
270353777 271143882
572887285 573212346
241283643 241426197
973237283 973282109
507428544 508072599
817148847 817319726
240075965 240805179
520735883 520836817
202667773 203356075
625889563 626213137
995851870 996454077
825715628 826231686
504317651 504664778
356039088 356412157
564268748 564450378
252204824 252543300
164197270 164712497
370277837 370456433
589585271 589857262
618537989 619305384
617147016 617932025
52237860 53003721
79399105 80392269
374941032 375739073
459730576 459818337
140040043 140571559
460955386 461550745
409936530 410678073
426203522 426384570
512772794 513419055
588598091 588896194
51311358 51912734
271237017 271995148
205470341 205567650
1721124 2577303
962808498 963231329
957324592 957733129
793862934 794646037
983093297 983828002
80200729 81011739
313883282 313893315
907971707 908748181
656889203 657580062
47565106 47746444
852533322 852905927
569762088 569875440
142162509 143157974
281573005 282567153
103980639 104604244
922473308 922660053
844239266 844602758
126304252 126742694
790353770 790644413
748488240 749002461
568910519 569580712
960220282 960897175
560527796 560889089
228553789 228866900
398492014 399055674
119534501 120395260
144030488 144931819
123699961 124666565
336486913 336970767
231696756 231924225
779937741 780837162
9031674 9197185
630686036 631047829
911555025 912176645
417862219 418188520
943214680 943785698
642255932 642578165
350055589 351000210
389478600 390146791
739427069 739493964
347054147 347796787
49028381 49629431
613677636 614619657
920871246 921558414
303114395 303275324
13001739 13872769
1375722 2356905
515895726 516377437
80940732 81670125
470268106 470402834
222589791 223014291
934642086 935107021
737256394 737256529
101528838 102476375
894692136 895045885
53230700 53856605
937847629 938000381
626944700 627029760
365187675 365311279
390049459 390800749
648878096 649752097
876291766 876311031
384755137 385685242
387036271 387086047
648214250 649155271
213724260 214593749
398039041 398834144
313447106 313646994
483600406 484461907
748792796 749183230
636649738 636665654
574546039 575203742
379050749 379684002
656268330 657019104
268899303 269466282
925852994 926276272
32974994 33187239
544139547 544676947
326232805 326578030
66656508 66850321
657706217 658119337
20683867 21641077
747910701 748768577
828727800 829539474
552972942 553383172
950150425 950878170
266416471 267199422
712483974 713293321
167469297 167609102
189853017 190058854
574227700 574968291
106370991 106756044
963788152 963844389
437925351 438146276
17878507 18671337
4354781 4977933
587941411 588852629
420828197 420838584
104144886 104753024
636367528 637178729
321591118 322467339
429565298 430517711
866632498 866763959
534474073 535133593
91731388 91831905
133619943 134326585
544715502 545293467
989477721 990145779
365313202 365868043
258586377 259422172
868827517 869084244
561405327 561692781
694829444 695006679
562587275 563493894
447271328 448151064
537602833 538090432
802032925 802849001
142246643 142582172
319629499 320266757
985649757 986220244
376969886 377694964
607585964 607894053
572290765 572487902
911841265 911959758
56784714 57160845
115957317 116384942
485962687 486453987
340356311 340801638
388228211 388381820
989063603 989913358
598954738 599951776
327405614 327942053
476455198 477095929
83162333 83462227
470638894 471426704
993212810 993374937
628676083 629587597
83483062 84084936
497536823 497727157
239813996 239870845
850839433 851208796
709267855 709987691
465949127 466160791
255046984 255232843
959700646 959879821
617649077 618037787
252914871 253682395
395557072 395971916
564751894 565165673
450168156 450273271
37179747 38060568
30158038 30999784
529443034 530130836
237359087 237962556
394900154 395665876
732906461 733260006
602174093 602476630
546526997 546954420
809425314 810263231
886656194 887215584
3797707 4609432
559156422 559520363
73759715 74412243
8318963 8350705
520608184 521455298
781176185 781611577
42353784 42898113
848238332 848347467
830575118 830774075
72068305 72529489
325205310 325699018
41463136 41743118
306351559 306792877
72327834 72362320
495425263 495488675
420370925 420618515
948477449 949334008
233257128 234045061
845316135 845354076
381960943 382509265
865458498 865757606
816653875 817285551
190506155 191030686
476757552 477543545
611870523 612644197
118569684 119069112
120567764 121166112
535484971 535780580
889581324 890072550
310047196 310520685
289009342 289215603
58874343 59056334
636812738 637564602
233042690 233318615
167551813 168443757
173407280 173550032
261099883 261596556
814883306 815088839
885926919 886096885
425201844 425726955
577023706 577707327
147828953 148431327
776501133 777275508
921279794 922186410
77676825 78499785
545144261 545464703
871119269 871184785
408345004 408416318
953579636 954183529
100960894 101700204
202447643 202980797
186947550 187263843
782598469 783120970
644120851 645006420
651649793 652444559
930630502 930983817
615368537 615563194
189132212 189572200
983145652 983390891
473772253 474400093
343092943 343476526
425232735 425266012
865032593 865314044
586238164 586589898
547153049 547408067
360589738 361206219
665954520 666085712
273107872 273245342
403788319 404481494
965677694 965977300
658551998 659251156
841988190 842052200
923444011 923985590
570788688 570846570
762039826 762287008
867228731 867926921
71351545 71912112
970405124 970465499
641758883 641889651
646520071 647023416
286913398 286994912
932108761 932153541
497318148 497406110
227565982 228290573
568499864 569177635
950521098 950601105
607478036 608417231
29199683 29609809
893703293 894080727
550078828 550987051
142899799 143698160
527816858 528438775
542722297 543169330
627205116 628203483
702694001 703057964
839354863 839658496
745121806 745762683
784939297 785665582
655198725 655817382
28748922 29423080
431075749 431818765
925599572 926404355
940672593 940702054
490135695 490484810
519711819 520504658
506456172 507308877
884026793 884681714
109399506 110040220
668715816 669148603
555296399 555862618
517542433 518189499
439940377 440760893
988944652 989639966
861108219 861753976
247066258 247754055
860403016 860670567
141505499 142055561
936283504 936996411
95756954 95817941
934953143 935730106
938953674 939760648
900950808 901664192
699759037 700580825
37742411 38537416
181390388 182319235
291580120 291892185
448999855 449870716
19101183 19755427
624213799 624251808
526788839 527511482
861200288 861317712
729129128 729243421
741878379 742516150
384250397 385093901
426731996 427423988
416146659 416907397
550991968 551281859
190714888 191266536
124432141 125390611
568817779 569369118
141628593 142078323
805895902 806150559
338095615 338629768
647446419 647679792
487038398 488034434
308528034 309252968
92634493 93498264
695800923 696167747
752991663 753161039
836447830 836484655
129275689 129278535
977488932 978134478
806454521 806867876
181838407 182223689
761518650 762514905
896683129 896722902
691890011 691959465
350694041 351479390
200145699 200467940
583812023 584773729
39855869 40696934
316289396 316477732
399601478 399970277
437095166 437162600
52409725 53343068
638650223 639090227
955025657 955040713
314794843 315526482
887721292 888645803
391042368 391074956
711636210 712481610
183425411 183486063
808666447 809546271
217774875 218350392
306537817 307471560
458969309 459533790
532142929 533121474
845941943 846405175
965513209 965515307
791672032 792602429
91543630 92090657
347730407 347817502
870356040 870647239
278826474 279129088
916588738 916871377
538747788 539337775
668047170 668910130
73965315 74597799
163271954 163381575
851116908 851891155
509721012 510522677
401185654 401458558
369772753 370545080
50310493 50463030
463315805 463481220
711964459 712913703
141428937 142093106
343587011 343856922
753185762 754074458
669354936 669696874
376558841 376669229
873133437 873449638
795199593 796126213
875263061 876043761
779267593 779377956
1204768 1458654
465653851 465998637
710267520 710335610
674359513 674443286
771454157 771852927
735619073 736369315
338767916 339686355
142488953 143173623
542850810 543818028
127816732 128697808
826780278 827043657
929228903 929445573
42078905 42784034
927154036 928034503
885197397 885483609
767124038 768100515
186537092 186728252
929215291 929680855
342170350 342700897
957018411 957026141
316402736 316663387
385547131 386092737
881817978 882341917
909879108 910195343
883771625 883786571
33756018 34473538
158871903 159851885
140168136 140962175
424786914 425752876
194679436 195176513
86206036 86918164
708981728 709228391
265488801 266294808
261488149 261642548
140264768 141098333
798574447 799017902
191721171 192485461
353634095 354305720
320972419 321550710
652226650 652668216
544832424 545689605
563146519 563306840
228403755 228959145
166575162 166871537
825010624 825097832
817258131 817888214
934765693 935160430
32679150 33426410
707800758 708615413
727501168 727960959
32730800 33614070
340975012 341953418
19096790 20015348
843612334 844183073
886727914 886798247
624078975 624735968
851940993 852093632
38412998 38504884
590628621 591095677
8162471 8336624
436028442 437019711
564311924 564923203
549116275 549435394
45285105 45858552
856364501 856681952
293198667 293338168
142395637 143203307
180854940 180886090
290214334 290516667
102970475 103348332
175486015 176394562
654520241 655370218
922750362 922772452
933214028 933586464
187714091 187960491
656595791 657578480
714236143 714605067
519663809 519945001
751613878 752467461
392790881 393594403
390611225 391098084
700129487 700733984
801646371 802164487
199935985 199957997
108521282 108671373
323320297 324302738
16970271 17040724
102055692 102818180
552048343 552928137
128117871 128784411
436347260 436827108
745780351 746270631
115276903 116060106
516211496 516658109
945837637 946492834
377710898 378096697
805212627 805306916
763130889 763616427
624359955 624683804
720178845 720205814
85882040 86668002
838117020 838965693
752570787 753332810
108027292 108218356
528494680 528817555
435969428 436964990
748213018 748388865
359882923 360367796
38484349 38597157
11001093 11852102
191546310 191557039
629776788 630250505
651392218 651870914
691082392 691180971
443888136 444430848
513581287 513915776
313563110 313782322
947282134 947883981
878402533 879330769
222749948 223394979
385733719 386366542
791775954 792441154
866556916 867369250
873411231 873699147
107425022 107595940
563714090 564051973
160169378 160664777
85561799 86485424
890372344 891152766
594059474 594780895
149979064 150637953
969285780 969705988
752040403 752155539
893735703 894087220
891186062 891544643
118157140 118389376
1969127 2600791
186275593 187199870
252044549 252380604
987341003 988022785
358661141 359481022
282391441 282748309
153901935 154880763
797691337 798120577
618147042 618185879
983159442 983628077
183929237 184891613
714698562 715691966
613502971 613727271
605248267 605493850
408107438 408650266
778591818 778766404
980993276 981788931
569158637 569604354
863316678 864237284
907258077 907591937
256712461 256997196
429210421 429860676
641163596 642009876
619309235 619640893
771267035 772151336
858136076 858677164
538947662 539149301
362538252 363245662
186061276 186374649
83809261 84704897
186386664 186478610
229105545 229512719
740144747 740889609
734234132 734448537
849069767 850052460
706889522 707772071
502402583 502553200
566278343 566604989
981994078 982386881
523470513 523654700
970830536 971202569
933454691 934449781
632735842 632891171
949077158 949745903
559921910 560446572
738102946 738284190
110433978 111002143
130973436 131285237
475271157 475674941
360845233 361781567
819136716 819771298
971378876 971398143
603642573 603773385
612505541 612868841
3934619 3935686
800105443 801074596
299092848 299943717
121585516 122077189
455647025 456170147
889441521 889956886
235229404 235911588
236725124 237503376
261817702 262405097
534078154 534920526
591030604 591800032
802636755 802779925
687717100 688380360
108807628 109665079
664833420 665715162
418730318 419560072
749719024 750328415
329729140 330507698
129274070 130234727
689924130 690525123
898568346 899496827
507207492 508058551
662240152 662857328
563901858 563978909
333199937 333528967
895366574 895894060
77524156 77535499
459077186 459500684
283986457 284595658
394886741 395655590
979607504 979804131
855707173 856226523
77354369 77740651
911041077 911613121
655113784 655349053
80957249 81711687
656640377 656733520
92046933 92393409
997665790 998481420
895463017 896366046
336064676 336620769
264467154 265391057
769488088 770122225
668256688 668501041
942154174 942163899
629367117 629727544
781000866 781602314
78905644 79187629
3015896 3983372
430755740 430862993
238651959 239299603
135510258 136154581
437452011 438184839
829021414 830006598
898061495 898832481
986645786 987391420
191503408 192471270
776480185 776792535
725067598 725333269
534491975 534954460
23122844 23790479
544770057 544957306
997747707 998027076
339898704 340513450
933820624 934804514
768080808 768406497
647417544 648168856
368253976 368529379
833821164 834282195
724736976 725253306
126725234 127366655
403972984 404837709
374644876 375544814
125703768 126358010
973585616 973814996
707210549 707483738
523387184 524017299
160870842 161418052
221444193 222042847
447602796 447800197
422143951 422876972
970408285 971318189
303338588 304209564
289806962 290244725
309750488 310581677
176944635 177376788
965095321 965662538
108604103 109344118
979396237 980026166
118961997 119891612
314608214 315045052
333964946 334367082
293776114 293945217
355389801 356305630
401076346 402013552
512848041 513408217
419151315 419892521
101975434 102907846
603629805 604582156
491332174 492030257
176684019 177526003
416520874 416778346
804184031 804918120
836584537 837386484
501184510 501721688
740433892 741185750
122153402 122235665
903089553 903787945
220117532 221114471
8752871 8890287
115809384 116767904
115014767 115048118
450012406 450484280
252687412 253678263
448441212 449007451
228791260 228824490
288310043 288394782
935233176 935310376
678700494 679454272
122115111 122936670
188665628 188735894
437089695 437594055
179154405 179822632
529847260 530118384
728846993 729286732
984950154 985634010
121401514 121728301
290895267 291205936
648111665 648739748
134690083 135074974
139032224 139827586
97453696 98342452
357073680 357284058
186197962 186859449
573238091 574007952
600097251 600643660
791312374 791713497
965440657 966244157
900674072 901281416
604434899 604938103
279027692 279832941
984422265 984604481
71210041 71443894
387600188 387734888
757860124 758298653
464584497 465035087
245132403 245852245
988712019 988938469
603825721 604521551
51118850 51245056
465268067 465948917
433793055 434416879
439457587 439936838
875023212 875224976
256467807 256935064
567724070 567904270
921221801 921833351
398773392 399116040
690351248 691169940
71249757 71325144
341919677 342172002
968517797 969293129
259313285 259782121
850149716 850964546
293440430 293757140
815038129 815588708
739929617 739961227
773136418 773571898
950162620 951079480
610004385 610215853
694395465 694874768
6484616 7081055
104507229 105141968
753583704 754070037
992122479 992606027
700214839 700546434
836422367 836979349
27688517 28620739
952655780 953016086
93780838 93866088
108973451 109470468
29383163 29425944
688480656 689040419
206882627 207365760
788840716 789448779
7897806 8480612
743509401 743833301
358251058 358815305
735568728 735990250
782666058 782943356
451964591 452586016
779023237 780022831
447515034 448026026
393888318 394529200
261596721 261677428
211605969 212226080
585228780 585746239
935771053 936105864
892190059 892955010
740374857 740861194
81881007 82144030
693387329 694175143
783738064 784424078
655822809 656464326
86695645 87199287
277377158 278189670
492336428 493042939
452070990 452229115
553907706 554789498
581210857 581554153
542843190 543528602
30205919 30911511
376268567 377204603
90329493 90747191
575871258 576337991
775953077 776075936
168647716 169150115
437377233 437852594
280785375 281127976
477133512 477205309
272217265 273050708
407738506 408238609
41633820 41948884
73511244 74317667
665463243 666105834
913489245 914164365
940569046 941281978
380492639 381393767
214624645 215465371
918266543 918596918
193386416 193543968
282237058 282400218
863655247 864170135
772669784 772981647
886468794 887284395
94511704 94834735
317731021 317860970
74062545 74267677
825821757 826713649
237943026 238224236
300213965 301059304
895829096 896575674
969575542 969828847
28773100 29454166
356959235 357478899
312986784 313520261
387153241 387805233
839883187 840085363
312014417 312707228
378295244 378320076
594236291 594959203
921156400 921780730
895577818 896447359
149622827 150357185
424573433 425569989
591542727 591552520
714189755 714276567
52195758 52870565
994819133 995294983
161464421 161642245
870634316 870733985
415236789 416037803
132207703 132281317
773972441 774768980
694386805 694914296
658676610 658677130
15215875 16152429
993387761 994101276
906332293 906560808
228504111 229099793
291626940 291789398
638827680 639417950
832570067 833411652
679477253 679975474
888018158 888868964
158552974 158740136
454907912 455682896
581378316 581892310
786232675 786944812
475445195 476433130
313061469 314059721
746985551 747868509
705198336 705512562
853899328 854420556
722179923 722632598
258610502 259477786
147713014 147889370
860881019 861077073
89782233 90492398
769822620 770178110
172358250 172890028
455013459 455827452
506601189 507488866
575973485 576169145
486459643 487375472
437955225 438766368
869598994 870360012
616523412 616660969
935233935 935332220
485851829 486708692
518681067 519424365
704948308 705699493
812214206 812654905
652222473 652942662
613333866 613969408
123839517 124450621
404531980 404675377
400698124 401181694
988414729 988759414
906887436 907412247
713728638 714429799
144874656 144927352
871452603 871676705
428825151 429577776
216408250 216866845
827888989 828536154
205936534 206182554
411870843 411897285
468504039 469213896
748083629 749019811
512123405 512437970
445595939 445816465
770685314 771201729
821227215 821566944
594299729 594615804
31088256 31318890
278906253 279495541
891123940 891430427
605371448 605855848
996299890 996426433
617195285 617959260
652985282 653089726
309588339 310436069
229379028 230280318
266713766 266915427
257389127 258273123
579700630 580512629
597426397 598248169
832055924 832753021
481481339 482002354
67513695 68363526
411522683 411960037
201931372 202381359
197443161 198042575
599163894 599235742
462304213 462794253
71390907 71504277
689374238 689671181
517800524 518383646
920364208 920472896
437568833 438173268
641776517 642436726
608170271 608472042
121736088 121939534
130089773 130321080
997981436 998591551
635165314 635244751
964185394 964406224
434728906 435422526
788897428 789815649
261635009 261811093
418714497 419102663
954707420 954901539
192164835 192209226
905149631 905983516
14839895 15114604
110238259 110662079
796801567 797516756
882430285 882750658
534359986 534698802
366358150 366942704
128419969 128443346
534136226 535108594
523183277 523756592
292630474 292867219
815596517 815885376
760599843 761297499
684619924 685252123
119007277 119574804
432745225 433040072
151051048 151228153
242748528 243611342
231921881 232693735
417821387 418309437
787342956 788236042
457425425 457531776
379131903 380022761
474579776 475166698
929398570 930040930
535695255 536360933
74963508 75890757
372730888 373609066
586126931 586299896
498003836 499001948
243052498 243178928
906264107 906924488
679098389 679770223
102019946 102227348
805141265 806006937
566661918 567661535
900958136 901797414
628766899 628812416
242829224 243115495
228232664 228944236
967673492 968152615
348502732 348734267
434272811 434703304
143248757 143370258
513827937 514182203
893264602 893825805
894955531 895547561
320375453 321062874
790690028 791467290
219229476 220117849
314436839 315005392
743064740 743830807
279854442 280342594
749626112 750590927
288388263 289117775
230329116 231290366
953934110 954185517
762367304 762946965
10614855 11531320
148522659 148992712
778245623 778647563
595983343 596649072
260377058 261369760
333066757 333701802
693306262 694059800
389512144 389767362
981793570 982300319
917741460 917858014
240426977 241030155
670550645 670719638
120788758 121217841
924786249 925061607
509829692 510751814
981048634 981797396
289630188 290550544
684530586 685526979
428600532 429263470
451378204 451747436
716112952 716233718
149804473 150731859
841887819 841909055
332691422 333342968
295338570 295539095
215741940 216483196
629994340 630528980
539254957 539734502
154536158 155408861
347590690 348090218
632331987 632865008
466137797 466817009
600384 1293860
173903840 174130060
183918505 184727588
604954336 605898868
825093818 825294851
87147021 88000678
922436653 922440936
435518223 435929662
57369523 58366949
713433277 713986216
164001110 164763087
712868826 713437025
940902275 941549872
12716705 13357439
80932121 81138223
486859304 487593659
439448458 439592882
70153577 70719989
983845808 984098901
310531010 311441420
702812387 703380539
983204204 983756683
487899781 488614869
501278353 502203637
244020566 244211688
817920752 818721194
390196336 390620542
936709476 937638063
127729054 127919246
453811447 454728997
562084151 562310298
980296064 981241380
678804401 679191987
250014715 250152512
921258001 921759959
513465912 513547818
345178685 345236797
597977218 598799307
417690981 418261874
66041703 66995016
971940027 972773340
981011707 981811882
219174665 219297300
765958398 766408489
460160323 460849382
838384608 838851806
937123244 937919553
166310780 166694715
186927214 187905822
708317719 708668797
482580178 482936927
507061953 507556443
875643180 876610846
697150866 697489511
84633496 85072545
736512329 736625296
316826121 317321834
263584012 264565032
420154894 421070361
595598551 596473797
909836010 909861616
217229773 218080192
441775970 442551030
64682624 64721884
902067306 903016776
35742090 35828472
290628705 290878599
458859546 459844070
342553518 342993639
397431365 397549333
662177706 662532617
992896964 993066576
8543873 9224448
826893201 827574438
207726749 207958567
174299383 174754960
344325881 344721662
838880652 839184879
377620943 378272741
649193774 649972957
755457939 755845556
54836253 55432500
936181884 936516392
335837658 336799579
653285507 654107772
963580661 963873086
288534869 288880072
225814529 226358463
423640815 423685469
406521362 407207899
180970119 181796678
222722350 222809819
808167164 808628738
636406202 636702977
722533171 722971776
887377915 887763461
303110437 303195274
448955299 448993867
565799528 566033051
688329652 689060825
783113790 783436350
39804594 40191622
243676578 243870320
119216171 119811777
523322548 523455709
125909931 126049802
914577699 914903142
222459244 223279266
190765735 191626439
593688934 594121384
239646142 239725014
83344226 83970116
827110179 827766584
705232970 705314260
362251635 362693416
581404145 582332733
945743899 946685105
114154212 114999835
781707116 782038252
387887051 388574544
860282430 860298749
354699538 355241341
987995961 988821600
834749474 835400029
259051929 259601153
41879590 42245502
391929975 392684823
333741331 334056736
215274242 215602283
220661004 221410271
431657732 431875853
891613293 892333964
719532548 719782501
947424680 947742266
212855689 212963213
549840305 550794689
736302376 736863921
932495612 933289451
143063691 143679667
860968602 861932885
60146984 60736360
416734838 416874275
92148100 92858215
87727790 88053530
274756354 275100530
526648031 527059008
248894263 249874438
139763629 140753460
519543580 520131321
30645451 30840044
781529347 781920719
682118970 682563752
783722213 783858889
350946044 351194141
784732597 784925697
517456374 518359130
952795225 952823105
991186406 992010941
814098574 814857583
514759438 515458216
701480750 702313991
736821502 736906116
922956373 923378849
803423937 803930820
994160631 994991722
865268162 865490071
261489998 262328671
230501093 230990976
259572967 260267482
384371595 385119511
613745969 613870526
390131388 390318294
950080211 950693833
174591777 174940714
919567045 920254971
376046449 376406246
580159515 580974329
650668983 651277136
747511086 748177900
847375678 848257047
126122942 127081657
309750353 310655218
317709017 318514532
221854561 222322823
517097142 517318398
255013435 255939171
790374225 790559917
95249972 96216388
58058725 58378277
236046451 236344215
466806831 467367985
747633268 748398175
927835918 927911145
878665916 879345649
765688386 766344015
45211012 45221950
673586982 673847499
795330303 795759872
670545440 671316335
561731334 562136107
527351566 527463235
987700960 987918084
481368007 482154217
266560218 266641621
757298956 757754467
633677123 633784520
216131868 216150019
294017245 294526719
985948534 986826450
170079987 171038055
331936559 332032525
219617595 220612157
548098628 548903334
308794937 309536604
652882734 653265095
894984337 895830393
185973694 186198251
380797860 381324686
943613396 944492164
398782997 399320033
649543032 650233027
757078289 757774009
611861226 612392419
226293152 226727474
146285387 147223586
799688630 799779262
963653590 964016626
813896688 814856908
379171982 379370020
390875833 391499113
461496967 462166398
20404690 20711883
159682462 160237667
699035791 699933303
506000770 506122864
544179017 545137154
368342653 368772135
451171519 451422016
921975161 922487054
367565136 368094029
971522395 972478075
743320603 744116530
871172999 871788614
501584404 502538896
214490014 214754562
308403271 309291820
558841835 558895200
819188097 819241000
68906769 69372056
667960160 668501579
425675319 426587616
546719468 547388410
666947353 667076912
599739308 600454972
964128907 964807320
614236741 614391530
919429367 920233897
809389114 810124414
827183340 828133345
36089621 36879876
677332365 677374226
18157202 18877229
409527461 409650533
543317868 544291925
741174312 741873313
270856962 271650811
18877206 19825206
772561423 773012853
594604443 595076680
502492573 502839278
302347335 302719284
872858041 873725170
440509841 441342159
54099759 54126202
893145125 893473199
81677593 82246259
379379342 379506298
607601403 607673218
768916992 769813866
798541629 799073962
936313947 936757598
682745542 683068427
10221697 10515705
659250453 659527815
929727581 930231571
11745960 12526782
75643897 76440391
866593173 866976220
240805069 241048165
531393639 531869855
635078652 635238417
330673242 331273515
391121648 392045112
540438494 541206690
549906644 550094486
941836764 942277416
947349185 947872778
25451307 26003438
911921643 912853727
395605943 396570268
665052350 665261617
600496099 600733562
733192196 733561203
7998281 8995823
971070659 971811324
244666919 244832888
405326516 406307026
716597579 716682688
58153897 58449496
489408209 489722414
295599695 296008282
27407106 27570856
22769638 23472311
93784059 94170090
149005844 149192970
884202488 885100454
844830942 845626364
757987224 758433286
231396152 232370550
744050534 744528503
813210427 813884498
28755804 28838311
236474718 237322633
432369998 433255332
528337728 529106765
455834858 456134701
212292700 212850748
3737753 3816928
163075407 163414865
115992731 116835454
322971603 323365760
3637771 4575880
540859596 540989165
985745707 986545387
494910914 495284020
512941016 513201741
818837073 819429212
831655706 832560128
846014204 846664326
814268459 815252302
345002462 345480665
19130469 19411853
294485928 295301945
528521432 529149147
275438903 275523664
106077947 106803318
840494626 841084107
65776254 65992175
143145857 143747361
405199450 406190432
240309183 241291703
44465961 44741614
566977116 567443290
842409032 842506687
948603667 948796505
148071185 148132649
927249991 927379758
581215611 581404208
446256090 446696985
974547833 974621382
683208305 683635641
666380474 666444641
334591383 335055539
970765455 971492174
250008717 250188596
336184578 336461716
51388841 52154475
395500864 396268441
87459959 88390234
984800087 985530451
198214613 199015890
422161000 422776113
906918956 907650898
110966765 111044288
68949925 69632037
98885650 99094828
83399019 84392933
432499760 433095065
121110593 121556303
845357115 846171652
475095988 475441494
670036155 670472061
702983804 703532975
571977446 572212989
929793880 930161612
522192768 523126636
925087937 925917293
381482799 381581902
683864932 684104744
285748391 286649547
24107753 24978749
986723121 987463141
852144289 852684985
833810533 833926204
86016092 86945932
953509250 954258599
998074021 998381666
512200966 512810073
467833889 468486656
270352295 270844705
618075766 618765900
716805340 717166322
345009634 345469869
164567581 164813295
454253735 454344573
342291687 343183351
369370655 369718315
468033497 468711124
856224773 856907925
924361810 925118219
675791886 676028358
799868095 800728218
170187005 170393874
309700957 309935287
94252629 95204424
205996467 206776012
565196830 565510395
47238715 47908580
280854312 281581188
129650278 130447783
285263682 285661824
297234079 298222508
721779522 722435542
332126794 332198348
673468214 674457042
4678440 5469951
922804860 922886569
677944654 678654992
982303467 982977625
630795418 630936255
760475301 760663396
92044685 93043101
304560362 304710790
171079419 171693103
971220689 971919659
315781872 316687025
714840847 715630033
580797850 581765997
624923897 625637065
231178174 231868912
564499016 564894006
553083528 553660993
499062662 499942911
658492509 659232682
181143116 181811443
62721169 63012922
410449361 411388429
242001705 242651947
350634354 351422307
237515722 237985222
549454095 549876433
582099014 582512154
755809672 755878053
147772672 148115737
108482549 108764947
60592226 61094945
529079017 529328552
248279783 248819946
948511422 948586988
864330820 864498374
655895815 655962781
633583287 634113892
3997401 4500095
852603219 852852615
855223499 855879421
735149972 735171948
647761147 648748645
613686659 613935386
722614216 723311893
497738812 498569975
365252004 365666678
30234390 30344682
910456532 911023272
334030234 335002795
569571865 569909800
723144638 723844003
900061838 900369582
646920363 647198663
167008145 167312783
794476603 795302912
134345042 134961583
292327926 292865727
612501531 613122996
546966062 547717434
996026401 996343770
597121527 597995827
254960770 255514468
152363613 153355708
118349808 118591819
794266087 794764003
486572715 487569245
507908729 508720695
188738707 189298664
175970602 176864154
463087079 463863525
25167950 25566192
485722670 486185790
42214385 42547741
981669813 981929001
49085831 49720762
641830773 642414821
869783795 870641172
800224205 800680644
59837453 60154678
432312530 432843914
319932635 320135591
777381143 778117492
798398174 798894378
360409263 360680140
305378414 305838382
516914746 517656925
687440117 687690876
375784611 376003135
333964695 334017109
122962041 123550033
979382499 980063515
140202958 140510959
239051298 239913197
246879266 247565588
230950003 231614579
121889924 122673304
602983710 603330851
327568591 327800712
692538728 693302900
104306187 104803205
460415400 460853691
508685898 509209841
302036703 302999044
776132337 776641134
837666135 838033143
106174852 106197610
292539959 292613231
536316734 536469770
191306321 192195023
986872586 987167223
657584444 658432007
295580200 295660411
354749566 355327203
218318615 219104260
452966299 453671574
994574486 995332711
976418242 976462954
517946092 518486874
822892010 822943806
736812423 737021090
684869756 685528469
982212292 982953752
480329477 481022368
645070139 645830939
493094170 493640084
707215772 707477294
568409318 568656499
498864391 499205186
163245393 164225837
936170366 936538956
49937953 50336371
7099805 7660465
593445300 594257704
279200637 280049488
829403756 829992521
134295400 135082843
915578503 916484011
669860115 670803127
603360683 603854686
533721428 534077963
14760158 15295133
506994750 507313858
276454594 276913284
45100057 45570064
555781754 556723842
58663677 58959030
751646857 751936108
527763673 528200164
835545370 835660106
472161044 473101630
864478144 864976147
20473586 21120888
457715140 458621281
181360208 182286267
493244698 493324395
118212550 118604432
57680117 58094685
912708298 913485946
725852206 726245394
627528365 628405559
167426455 167873179
1789406 2086256
412304699 412995447
962211720 962279282
133738064 134462475
140843758 140949991
972162428 972816696
23049696 23305487
700530530 700584402
515319170 515949434
922354038 922528474
446960530 447339569
659653354 659785639
168950716 168997147
142153665 142970977
97365103 97425333
786221126 786767070
833215553 833534528
348435190 348830710
572476080 573161919
91115920 91410526
696903666 697725953
41713663 42411387
474928573 475599508
471796567 472082691
518535533 519396889
726565832 727091036
437737597 437818218
366307690 366842366
806402001 807206725
593728137 593918190
794735476 794823486
859120735 859442039
142490613 143263428
229000503 229129778
881428756 881858772
390452899 391148402
438852462 439769433
575056719 575755267
418410015 419370710
679280578 679736248
642173041 642746591
984564102 984925014
597710024 598178335
904365027 905201761
329695013 330362862
230755155 231646656
805533671 806349427
507223249 507655241
500015201 500517311
680501614 680508550
193149423 194121982
47015859 47325585
344520967 345129970
55214863 55496325
952918081 953142720
780514770 780813088
741619060 742337774
700242272 700727293
853673998 854524712
56785316 57508074
908706786 909045844
903016245 903079259
291870710 292608661
963125741 964092225
572611169 572687333
14102661 14802518
265119626 265621342
885797654 886350596
870414087 871209003
892170446 892357047
638930602 638952525
61809029 62348810
928887302 929672725
105819983 106080293
701452221 701519163
758893982 759380143
865093894 866030540
222750005 223081905
439124178 440032468
946249711 947198777
433829003 434175603
51203243 51800320
461517628 461659920
67187591 68141576
455963261 456312592
209034956 209676644
100772596 101533307
14366010 14798333
972822873 973112041
689389525 690099650
115765660 116590039
692854520 693626698
30643208 31328591
752527304 753100709
303460345 304224432
914892182 915051286
982289294 983257610
466213673 466314891
139692742 139858066
243604893 243682615
889268590 889272465
868828036 869060016
221502160 221727181
69997524 70220288
528172895 528519841
183903707 184785932
139568621 140382895
612324943 612900665
565896519 566889693
801678815 801907044
235847939 236562666
467238170 467903466
976728993 976852093
359716728 360296634
405995559 406797750
277046697 277322825
980953659 981144204
455837490 456043693
797771497 798424026
633401600 633952462
502648212 503012181
704888146 705408530
364599305 365321022
476993883 477480265
89084682 89516869
376341878 376686113
555859258 556122796
24986685 25119692
40181458 40326008
35755942 36305541
394459465 394592456
19387605 20217237
390068961 390824361
351942040 352542835
513880809 514808907
470852159 471091302
155808794 155835603
801013608 801925582
998844734 998850927
768727809 769117734
156637456 157216880
168507380 168562260
335818310 336408902
705369817 705733088
349228299 349344992
934676201 935671538
944868911 945473647
492775975 493413181
609147042 609837269
807591100 808404618
498278969 498439637
404612893 405360830
214351986 214758774
202841391 203365193
38435169 38873589
113458106 114102680
233189578 234067982
133733965 134447827
860415481 861367288
350607731 350737685
178729600 179683732
643747303 643828295
26172186 27103980
811837726 812276929
554660417 554965212
459771782 460016786
466125924 466561048
324013184 324586148
550707119 551492555
94259762 94356139
337077179 338003239
187571762 187827806
946307290 946381683
935313959 935377528
568826760 569105413
437114089 437411296
480100990 480268176
937319260 938276819
519898525 520888551
487946535 488744460
776669008 776713673
280028121 280586083
229023101 229626207
316002909 316179940
232490420 233267382
537009444 537384828
39319246 40062929
275430131 276179426
340080360 340314533
443099467 443784911
153856525 154162345
412038149 412347556
976024710 976269773
641418764 642236921
700101524 700222594
829004919 829544682
497756408 498379964
777992082 778622232
877512215 877588006
752040727 752452122
708051308 708628154
56457983 56673669
630539851 630720654
707751188 708396244
516859654 517511933
71962896 72407138
6333519 6987618
668987578 669222065
491173027 492118326
484791237 485056859
369022652 369507192
398054533 398403232
753447322 753842362
335927696 336717007
139495243 140325107
183830199 184705156
113648177 114438341
309766927 309866399
998757351 999459902
658924363 658984029
24646401 25403646
700543403 701289882
216863846 217576532
357758776 358345367
257438057 258396164
990905337 991152798
873192853 874068195
427198691 428160411
237378985 237713411
82261880 82267401
624632383 624769214
101348045 101611303
600035154 600979415
234404593 234968783
299405921 300109127
294176413 294588274
443271924 443468431
271997321 272647131
337320451 337960524
706853707 707314467
848778686 848978650
477759731 478378491
62221428 62222544
320728429 321312007
612630318 612645558
975444752 975460736
847891354 848271866
340456740 340629713
11169774 11726838
763581991 764374758
853233852 853693362
350616628 350668679
445579002 445843890
446512889 447500644
396086124 396831053
215513738 215579296
271393665 271712344
491586594 492119984
312497411 313338697
258890417 259812385
407231059 407789546
27051047 27774096
28415757 28627712
860417037 860775057
39901992 40265687
839015613 839678560
264886167 265387775
580634690 581519512
68766566 68896199
60774641 61128381
755337902 756174335
673847637 674744644
145220639 145388770
909989148 910750907
489936187 490093769
386649015 387569556
469990033 470416562
386250900 386492424
77454935 77883227
89179875 89683133
288606332 288607480
976519674 977183588
258359799 258935073
519359183 519725058
757804485 758257006
295631272 296243032
406688406 407144214
255366045 256297000
617892487 618344712
596031253 596913004
95359169 95494872
660648610 661428578
587032277 587064246
881605229 881707234
44520459 45497908
748605542 748677253
586705680 587244219
932204187 932721260
853341748 854215538
541260777 541492423
52148891 52429371
470744635 470820285
42231236 42902845
96370440 97250546
862815992 863353608
981073489 982054549
901061118 901990888
220636708 220652519
828928683 829570338
848900810 849552831
549610321 550132854
956747719 957093375
262519566 263001987
759883386 760182453
286095237 286667129
662919264 663517844
493864149 494309901
724594557 725555515
655800628 656225633
17551613 17633409
727359676 728076588
459631137 460206445
19065228 19548524
29593389 29733062
285951918 286707299
727250416 727495158
963006147 963375375
520414452 520657658
187542278 188105396
26024551 26819269
726069070 726098187
514937344 515867007
21752862 22456704
582029984 583019962
710425334 710504427
835229525 835825014
982150593 982743216
137175532 137934538
599680674 600541201
340865673 341616187
899337449 899879991
820408242 820904712
152382772 152986267
523324509 524230362
307689510 308563547
468376516 469131179
377533295 377898294
780578151 780653443
331862999 332008809
42694422 42830978
35894597 36270166
757375445 758205749
928601245 929200913
608868947 609449770
965663532 966346569
968715305 968787505
252881063 253489280
480492132 481203393
671061113 671077980
27080098 27460492
398450805 399398118
734857114 735069791
556517247 556871373
191343981 191458488
817626844 818533195
442327061 442710578
589180483 590081880
571684686 572190984
87482942 87765385
635346682 636270234
245753970 245839860
95872526 96793143
875548803 875669765
179725760 180251884
867664821 868321784
822399932 822408850
359892699 360514394
775654962 776513030
824661883 825194134
391522244 392015075
91531460 92016504
435977341 436923893
580002209 580178393
797511618 797932822
848077291 848079228
865293072 865922691
126645490 126922952
923340809 923913150
99415790 100007781
669034957 669312784
436511379 436686508
947915188 948344202
790200868 790884012
299159849 299310291
4026994 4324796
967053234 967580067
201586753 202413298
505441222 505467220
172191409 172636735
569448398 569997544
61641388 62306422
167712888 168480397
630175439 631173715
59523894 60250777
769617947 769930936
399621717 400206671
790229478 790474918
342690369 343025926
272567329 272835757
808287193 808674135
613854897 614027478
891740635 892164930
452542667 453224351
97287435 97413792
150920338 151346313
46433303 46579781
16709572 17352069
520177 1292071
20420889 21276938
672735082 673674751
166946642 167380406
116839259 117690417
629407078 629667266
849128343 849773357
660574709 661382343
776541356 776705149
332015263 332587821
308714843 309268647
765294890 765330868
261112433 261473718
526726599 527465596
583626631 583904684
659960420 660853200
20739598 20802595
557622909 558132988
102385297 102966400
852994362 853260896
906454260 907006958
712238024 712495560
405492935 406196007
553111889 553957151
759171037 759345510
889646934 890261537
180880992 181056020
205944742 206214315
405536992 406516731
480380480 480981914
105155510 105449957
934752474 935458628
439866340 440691417
903000527 903681721
182046140 182056750
296740895 296853028
431670184 432093735
397710138 398001643
202925556 203817766
898112782 898934282
4835751 5168757
660361328 660423808
444117804 444697406
261881186 262637431
269380963 269637299
782842376 782994741
521627207 521730454
229789917 230107712
256260041 256567015
381465905 381579460
619398450 619928708
223815492 224667690
347534665 347593048
498885093 499564010
660059876 660993385
791913272 792327820
98641078 98730922
170996591 171843725
761843680 762298552
922364145 922924444
607362424 607717649
662892084 662940896
210415095 211120992
254651796 254777000
927655855 928232158
937301105 937594846
715647381 716339247
385523826 386084413
36973368 37507007
527298613 528213732
664784464 665024396
963720161 964322693
227671267 228426577
140165412 140168281
52214064 52755734
499174773 499240983
534641668 535431810
675278960 675951441
956242912 956987251
242808869 243082964
967969439 968012911
579115592 579691247
54791968 54875404
866094036 866568147
869625357 869787702
325115457 325589615
174240299 174733360
712495189 713467919
285587243 286471168
469529195 470419459
307151507 307419630
398455956 398513931
480007827 480933770
203879892 204799826
158140452 159007107
858425733 858941113
270779112 271167708
818440279 819398201
105852862 106800924
328857622 329848729
487562716 487865495
940845504 940897207
226240445 226765392
688969052 689003418
191869148 192776621
139470987 139671683
561362000 561668283
11062948 11496401
860646212 861216871
432953442 433675559
631019752 631643709
830503053 830756331
789289078 789317742
101497828 101725112
516395313 516579484
929421858 930355011
878866603 878937913
616675742 616834774
992693016 992942063
129712575 129751613
560255333 560773384
446364402 446553751
677271675 678213643
911774872 912676944
311198112 311638715
180568664 180819488
76333616 76716136
371571110 372052732
786422434 786950781
352390755 352654919
580346074 581146390
955967342 956068436
952820236 953138241
132538291 132753383
706382019 707339064
678451834 679030691
429313213 429707812
656669981 657326906
320950607 321900269
393074482 393423738
277266772 278074067
159918168 160512927
914920289 915715300
542477452 543399726
277036916 277532437
11466750 12065167
577073750 577449709
298990240 299543056
100296382 100603547
10949831 11931565
13533150 14286770
656677523 657416142
283346591 284028260
258098427 258890392
146615665 147067735
204584568 205127846
124821151 125396942
746361929 746638660
677794088 678748078
116628241 116716295
493395189 494297853
264670301 264947512
657456678 657873167
864133211 864441443
552068925 552683577
485715949 486709255
70661727 70901548
596891019 597361597
705367821 706136779
231032709 231470189
224898531 225811615
783523599 783716155
474366411 475155161
870042621 870529752
940069637 940408949
413610651 414117490
78518593 79033648
529603532 530495333
34179468 34207026
791749005 792698378
176862205 177134853
152435846 153340770
528033101 528084389
536773855 537463987
714911420 715377892
457177487 457487467
646782064 647281838
122656179 123390828
184674201 184696285
583425473 584156824
769607703 769703985
900855024 901052874
977845497 978502522
372399366 373333614
641967280 642532586
551351605 551706108
10621808 11097969
136737538 137695361
389309338 390280988
758704537 759023537
868890699 869300269
120138593 120951867
535181989 535732255
202855093 203365560
131949929 132566598
642850080 643082726
980241241 980833385
671390779 671688365
354193141 355066782
944199806 945052706
375716428 376392013
669132336 669371036
916124473 916264995
218461256 219375971
345894570 346259140
625512271 626433705
424136407 424736368
683079573 684051739
219131080 219259479
92562985 93449267
818304618 818857407
107261493 107668104
732205296 732703021
123087441 123647670
232057472 232231356
675606255 676590976
869570527 870223956
650317835 650657250
681394839 682374375
206439370 206912956
465970774 466378891
145032325 145318753
113783132 114661424
489404394 489906677
123285954 124260999
494851950 495094224
723933642 724018757
749923662 750130068
595507299 595725488
977963497 978402217
59756786 60497501
369271248 369309678
43138553 43643417
798422158 799038448
472996018 473063446
884356675 884553179
461668830 462074301
955410634 955751090
583292174 583902755
43024959 43401481
261532046 262232292
784951120 785700646
288397005 288844585
511174385 511741064
925073913 925873435
817638504 818015474
42850941 43238371
481175551 481355586
172163971 172536179
721080645 721467596
498694810 499459934
166425481 167234829
100774338 101294802
25135063 25813387
541427931 541990577
305345201 305568287
61942684 62356120
848714511 848892450
927516904 928192062
267399893 267554643
488579295 488923844
738832576 739115460
309732611 309998602
361447647 362356132
450288062 451160592
963165653 963263654
325505828 326314758
23382282 23920355
827614401 828529845
425369041 425910451
459425968 460383781
615840813 616010859
367989594 368118131
209124491 209921492
458734701 459109256
868128856 869027851
844041477 844466319
107091284 107643926
844013542 844444322
666338005 667106880
139452103 140359417
704172773 705111775
374115840 374905759
455245122 455418631
967547638 967739791
47020834 47801583
242886279 243610753
149764229 150448869
912942903 913263168
593996841 594738144
106125326 106621455
534951250 535499093
252096716 253052087
69040669 69339480
986368381 987321419
351598353 351897155
363935874 364343356
355504215 355904525
244079021 244255883
967713813 967989541
696739923 696774666
504985023 505525495
210228434 210510371
643156487 643968318
540272236 541242568
970433961 971070253
668152255 669151051
122205117 122697596
894737885 895714666
413671686 414514606
914360412 915297252
384659792 385075083
4706813 5699721
797307165 797766583
864956368 865668507
127121423 128030534
57780705 58391260
572094009 572511557
574620792 574788677
81996488 82882892
772014095 772535261
689022161 689538172
258441813 259337079
780352171 781298868
170868996 171212221
584410517 584883361
570261955 570819949
258630597 258823720
197362843 197419291
291015041 291881308
872149821 873110103
597551311 598118453
913596871 914489468
452476146 452876361
986823154 987381264
386369612 387189693
839266372 839358082
744212756 744976788
230848367 231190020
857508266 858348350
999099001 999171313
764005715 764129404
265520696 265696097
670215749 670431298
727642534 728584936
216111078 216631036
356126837 356451418
60372515 60498545
108379274 109309386
852122583 852802126
906395660 906745330
897858085 898659424
166977783 167221815
268830195 269694467
726172027 727016291
90679482 90803134
552489057 552578679
340533581 341486654
947307642 947734637
901229661 902193698
841409483 841741270
468642609 469621396
749163176 749810848
781854335 782134105
336809207 337227786
598250762 598299965
790082682 790919658
697799411 698468923
827340336 828077691
177196619 178096509
252878841 253006603
502026058 502110111
654580312 655032484
857755979 858498905
406283310 406369617
761809962 762119429
280499982 281391767
194911623 195743738
437460461 437774780
558789005 559489091
683910828 684043495
65428218 66161483
411005939 411526126
372483587 373040219
595752410 596052053
875708913 875895457
931017142 931442901
47286733 47348562
921922849 922460745
246691582 247234348
86491360 86692251
697997575 698407061
97499921 98003775
97545121 97765172
613868883 614151780
852418200 852641207
432061769 432893372
656610329 656743210
947179990 947399479
257320841 257781387
461424068 461678711
792255705 792992987
63883750 64353346
961798538 962081057
574333471 574959018
684200931 684920855
770964061 771174674
155856009 156593566
117671661 118039366
640167181 640325314
609210479 610060778
960805382 961730361
821738457 821812156
761734231 761849524
935980660 936340539
213230723 213735129
549912381 550373858
237074210 238039079
659869230 660041425
538886036 539180979
282936187 283712622
451061546 451570177
779391496 779431470
230959958 231907668
210426181 211280128
302070405 302545780
518855133 519660134
723977619 724245253
198921494 199174967
588892358 589578218
74160989 74516751
585987081 586677467
387719804 388399375
136909326 137283717
777865634 778403013
817836729 818063981
421267145 421870117
835122590 835575680
62140831 62902231
213850056 214717501
899399460 899915122
23607216 23915691
883615392 884394278
487850464 488584123
532721415 533101589
36654458 37439771
179057983 179718677
248072451 248321192
767614421 768555981
88641440 89035839
727773034 728587973
244313934 245262622
177382961 177816545
506384262 506562449
747019366 747058713
406141416 406336192
231490200 231625290
692723617 693404673
890902067 891819952
922149295 922445082
769213318 770118960
343231116 344091246
485110201 485748079
293722610 294013803
193606635 193871529
573636124 573735629
887517337 887846870
931973130 932266387
813126708 813276926
384400655 385255905
337472067 337618280
592437334 593278796
82196859 82614208
422010918 422136464
677679071 677864442
280892203 280932688
686764986 687548823
892386651 892963410
210372521 211285861
375127342 375128042
961763972 962222391
48407039 48507586
181686079 182198733
606455852 606877410
705303475 705671039
626018929 626657212
580694472 580838554
489948392 490904012
286141685 286485010
13314966 13356404
744332707 744721271
884536683 885220044
824654943 825389943
486012452 486986667
358182904 358850253
120753595 121468645
185873747 186184648
375919903 376712856
454088338 454249686
187664885 188476124
441633092 442054285
762909298 763680179
162794297 163727009
669824056 670759214
757966349 758897599
951242386 951552413
477690942 478524974
166921549 167773847
734660935 734877319
209275392 210268406
124414121 124890082
590871528 591438710
511499184 512044356
845352301 845409210
710046040 710858524
959155542 959969260
393296331 393780914
285106304 286043579
852199307 853188752
686283849 687063265
44131729 44304617
627667173 628052404
289585020 290572747
640112451 640314247
709122895 709990774
967793240 968157288
418608612 418743284
976073266 977012503
905365705 906079554
90571006 91441430
385631494 385932874
299680260 299867098
903998794 904111206
895002269 895912956
39115255 39546663
505484480 506466892
590843471 591213367
365391493 366361237
338796545 339436157
390034249 390987289
46396749 46967423
401075987 401982186
456139655 456548033
359668491 359781969
912693872 913536204
964331093 964446041
44752297 45111200
819321485 819698087
480488535 481287385
369293425 369585469
984169898 985081930
487554882 488061105
935456904 936113903
851764232 852160534
736456782 737165208
292346461 292578064
790118803 790624236
442659339 443300926
964007695 964379336
997928011 998344054
107031989 107506906
950780076 950869132
323174958 323879865
67754819 68268779
263527337 264474171
555781729 556679821
875784462 876593458
691127239 691261447
618984612 619252182
31651278 31971611
53699743 54335322
53761625 54742771
700132491 700672794
864563993 864605191
512424317 512508123
571059869 571472655
2318005 3247272
743375468 743812151
779263107 779507400
729165734 729960810
649398851 649420502
934649444 935338808
935812804 936265495
254006488 254471211
976908475 977670918
866147755 867126892
69165261 69188596
558445200 559179389
351012639 351334971
178484914 179157116
546032700 546066921
990891784 991373252
777350095 777835786
748705656 748906209
648431608 648479811
507942408 508784113
212260878 212575242
941687276 941961332
103085240 103517222
849051527 849907272
976912162 977819417
718147975 718268353
971590097 972265064
407749688 408686878
149169301 149575247
572278047 573114864
625985236 626744885
412261685 412608056
373779932 374389601
399086157 399231238
478104546 478409467
861222961 861251503
174805861 175193748
361378120 361988466
714474545 715207415
966208506 966654332
768616853 768827848
475230269 475666043
791430920 792426490
825677384 826352597
707023291 707419146
295839888 296129918
666732461 667206359
614759436 614881447
373294151 374032701
265826925 266698734
822159112 822644529
79030731 79229864
553598532 554561986
341197667 341369228
704295807 705111698
599217592 599458058
937526611 937995695
472711861 473233362
623613900 623925297
321455684 322437805
428068245 428866602
858279937 858737427
800521335 800990961
67009263 67719464
89717388 90532744
173306746 174142861
861369650 861816262
113116238 113810974
268536550 269348362
778343140 779294250
250575101 251287705
638469880 638654123
397496315 397658605
350691571 351209751
446544955 447426863
363199727 364001200
245401493 245776798
124953215 125295603
324293428 324399669
300219976 301031194
504682829 504953936
691759565 691852562
181474820 181953530
312984050 313829863
859999020 860417801
721821556 722250461
425735725 426086536
231228221 231863972
601099146 601282934
62792874 63105882
520968429 520969693
805080113 805830783
403903544 404835681
304484514 304721350
487831851 488385616
284370207 284984205
517550634 517680617
316472391 316549669
816408787 817086797
504657823 505229824
26816563 26894591
582468415 583355137
325358585 326219171
506365712 507236804
774360805 774559006
112864282 113668160
726995384 727750168
242626784 242809409
770370780 770566708
825558352 825675864
785194942 785598715
918682005 919627681
255479899 255507313
715227551 716192224
821126056 821329276
430019494 430905884
627169481 627389361
885930704 886853879
796585168 796634784
880637317 880790928
638260426 638977946
247787233 248668033
515671377 516078432
273236869 273467740
360176414 360881839
856138127 857006061
130766756 131644215
792436705 792600369
591933617 592792843
88449517 89260643
25538201 25789092
221396781 222078664
8469564 9116211
495510644 495959733
244993155 245813052
605789490 606124370
649134255 649175755
784083866 785080870
190356519 191300087
450511224 451368384
116059269 116602232
695360936 696335912
136542875 137189695
433890613 434833725
292475844 293167904
101646586 101656794
20461758 21156073
839728722 840452752
223155519 223331600
145621435 146141477
775990546 776423837
580690408 581149680
250743656 250872216
513449414 514038604
232079081 232186052
770170046 771061330
250720428 250751116
728411706 728981112
991837040 992406543
376399039 376985168
929415726 929846445
762448820 762671170
308736646 309165242
154816086 154939349
413627120 414151503
533843009 534448975
562362338 563311218
885286110 885599489
729446682 730162968
901071566 901868406
672041770 672837826
649843347 650460790
398919643 399256030
930745795 930950559
985913413 986594979
267482369 267948286
286244819 286750130
448000421 448854852
869412244 870078683
624170130 624177254
34639924 35107251
954080860 954639409
543403732 543506438
981230155 981366700
709385071 710144128
634574090 634631234
303029315 304006553
472295796 472593364
714682669 715094413
516251372 516988156
631676793 632101580
886515468 886580560
593372437 593853581
392377616 392920643
908468413 908581559
225277539 226263868
187928939 188859023
638592782 638891408
541195753 541457285
770558553 771139039
471760914 472027186
306108770 306928838
619621754 620234864
833119897 833173311
266409682 267221011
790095611 790593747
674246738 674964246
702328734 702768825
626578154 627478981
728682837 728858274
61454144 62002018
658195017 658705270
241785420 242067768
354293270 354614895
888212570 888573583
125979701 126278192
889031312 889976549
84246651 84395748
928958436 929684052
240912585 241347165
243043918 243469962
992085676 992331250
875806246 876170631
802332678 803010293
403818446 404299071
423189580 423763186
583374040 583714418
632149521 633046175
206886240 207255105
134190238 134683719
295203692 296119566
416770034 416952691
24159019 24930173
451508023 451804910
921048812 921439136
939799342 939870963
525382628 526296534
182862094 183378003
855655168 856121069
701058169 702019129
330301044 330932426
623912290 624037254
669517399 669943207
54616737 54779401
846751011 846840602
317818401 318720791
588312016 589122685
271903735 271940991
914990728 915636835
469191174 469294130
391654253 392545862
175109863 175987783
938807831 939738869
281659309 281769196
598271638 598435581
610696656 611532102
38314344 39068754
422202907 422553574
286438627 286928948
781977912 782940083
335540230 335685080
468123545 469070935
738658271 738929016
698676708 699194186
803120769 804015307
508874075 509547312
181028097 181492011
570637771 571496513
857415372 857425837
866617901 867274817
305729328 306563188
98094580 98360254
783393035 783704619
220649215 221176742
902497344 903048892
567046143 567943145
776357629 776474952
559984095 560813520
388517546 389155608
143333432 143579201
657309878 657803469
120618427 121509162
947737201 948162730
508764276 509744664
969614489 969979126
91968300 92479663
981112264 981661260
436485814 436985441
265703384 265793510
295060866 295290690
178582374 178953165
5071824 5214237
384740905 385641240
857580174 857969412
276757888 277390319
566660322 567014904
967119125 967721631
707798726 708460830
232888290 233077703
180604709 180756006
516682513 517485881
245757533 245874965
57365840 58246119
752708058 752853580
137309938 138301239
458466539 459043307
583680117 584643191
96993220 97085817
36921464 37511841
561566097 562342928
887089719 887530998
864886582 865558763
662738812 663337797
822569008 822777490
750456405 751205346
959174192 959854388
231041563 231801392
58424505 59061713
90090344 90439859
109879847 110636067
681766298 682359144
750064643 750191748
34652622 35267776
951243083 951554687
938720903 938858570
713937152 714235582
702852864 702947329
981148810 981469705
779085191 780028108
883457173 883519264
95332545 95824670
939813044 940451887
209648690 209998321
854529750 854688304
360312738 361204684
35356047 35832726
462772168 462978208
918539647 918962234
766473508 766929741
63578678 64201412
237173365 237702001
249857950 249975249
963386641 964077600
993046822 993341790
896770955 897657641
812098092 812383663
934752781 935443532
705259794 706111606
194321709 195023412
63469087 63979923
154652280 154853512
212500085 213373651
885773017 885873583
75411571 76072841
560089282 560681675
693576874 693815830
474868954 475447426
449229570 449681741
353890159 354730111
507516795 508401200
369283380 370116048
920447181 920840597
898104621 898620243
733488278 733931810
979815360 979896745
653458295 653905313
280652258 280869326
774092618 774746067
375398225 376261864
440685432 441112360
90195483 90796373
210543627 210661915
37533468 37671238
836032910 836311693
932039598 932500411
731740843 731802998
331521565 331698253
872949682 873518740
367754596 368484761
424407066 424683271
696692206 696722843
847505969 848363980
14246584 14803971
214855598 215162781
59518441 60400599
816021919 816969260
185655092 186483975
340102601 340770451
691602401 691795202
420347266 420539696
158901621 159445099
116832347 117362270
200158777 200623070
558191429 558461717
990614565 991419369
250496927 250647285
162070177 162894376
556831611 557529762
411432012 411523553
260084745 260682193
487574205 487675813
89163162 90104496
820649304 821256173
328430815 329383830
831534634 832477008
456789374 457535800
693475501 694132147
11181079 11203879
104294947 104604001
492470076 493434044
539072826 539232278
689720921 690489873
754576687 754799273
955815181 956426275
256290481 257234285
584861676 585214544
195834638 196767991
547512470 548215010
115454715 116247134
284664564 285049246
107438944 108229689
282828283 283372475
580987686 581089725
176984099 177671763
721231858 721621270
719536066 720307982
988781699 989181550
372613543 372667060
166073778 166865003
965363745 966347206
867239019 867342096
136979227 137118918
32506995 33453104
679327624 680173670
218628325 219063750
79613612 79857726
474402953 474698414
944271338 945074793
479061717 479300988
480585100 481274022
898792924 898922464
301389158 301731101
585641950 585999840
840815032 841681670
824466602 825385112
628424902 628794233
926864434 927684906
441977006 441982932
466710713 467097908
459382296 459473714
836991576 837563687
146634382 147262591
583879636 584769106
773018741 773857391
260815804 260998913
342834592 343140389
885909221 886112052
62504121 62699958
304434075 305289125
167918821 168261892
554290601 554576934
329180561 329522291
457588173 458036281
648827957 649780053
408294752 408490618
840510020 841478065
95523351 95882149
899620426 900050187
573301220 573819848
903448873 903939049
368415410 369074158
270819340 271205508
900287541 900958226
908846005 908911711
526546329 526917033
263261608 264027447
741878719 742868066
301374659 301920340
542400853 542860023
663723876 664723088
8643007 8765768
115502316 115766201
270809666 271616538
340467176 341319059
154018703 154176318
370731142 371545845
372945307 373276145
523944813 524589446
545219338 545758995
32670987 33285577
640256134 640311327
366679814 366786244
159416381 160224825
311317215 311331814
296290683 297104938
530566560 531286930
370743762 371478711
191502679 192319488
82388376 82935592
993326909 993909992
708227131 708998714
340350981 340836380
935438957 935632246
381911308 382742518
111114022 111286146
918971883 919644838
968723205 968791993
743339972 744098661
701752137 701924074
254836618 255205859
32738457 33328958
513233680 514055724
30024911 30595690
425972335 426304795
351628878 352456827
727636632 728237901
754024602 754488644
969169298 969461629
71841721 72757443
458561164 458846749
332724482 333014958
156296589 156479674
267285982 267866013
342293404 342324385
112589405 112945615
19630929 20564652
994299865 995055746
923454690 923641351
407948770 408631047
513900743 513983202
489813568 490774546
818095401 819034328
19398057 19672645
34910475 35854908
478641922 479600821
354094488 354242209
888926858 889476127
648684985 649642162
508094791 508667494
659896960 660172570
597710925 597859380
257305316 257449898
273056344 273960259
753972119 754780938
518589834 519396884
762215760 762699209
743174134 743242648
80344293 80678581
118075950 118184527
734058274 734263524
152926063 153804668
975248281 975882633
809008725 809259691
915945912 916466260
175250085 175555972
657406750 657747818
750569209 751437878
951084739 951766559
301394087 301882545
86338649 86902945
285470057 285564443
385770550 386179364
910233828 910495445
901870638 902281439
524750673 525711302
218174237 218234979
150763656 150957425
134430744 134583305
100538070 101323036
110934864 111126624
68523207 69390528
648188026 648899702
539804836 540070562
39856543 40259962
971356569 972250648
500434284 500794219
802166735 802519071
540213719 540513837
811272226 811656137
252311855 252624173
221549913 222222080
648595965 649591272
579177288 579707286
601004661 601604027
277766534 278368321
473059715 473113990
681310560 681945495
634172335 634825317
335017639 335632873
928345908 929142315
843091031 843766343
968148941 968351546
479758665 480431838
580580350 581042768
8428487 9207561
124440501 124992694
613661634 614177599
784074458 784515265
950368966 950740990
982328128 982888872
960626129 961505142
684871437 685051863
548575 1460442
162831527 162996017
35272894 35931953
33286463 33860336
181772256 182750916
618045537 618346620
246942480 247876555
367528621 368220901
233934312 234184905
579664567 580441415
154406824 154627631
441641671 442137230
935755551 936243185
478133246 478609512
491034971 491942642
301771398 302723693
363318559 363656308
261258848 261544585
426981515 427495971
279862619 280829156
195420765 195660009
662919288 663773752
738774315 738886819
192299611 192320408
175264392 175622356
691076381 691244211
534831761 534998967
912277335 912340936
399603015 399727181
748632720 748978899
645404937 645793284
529272920 530142347
637255001 637561281
674028035 674284945
624539137 625472570
425467500 426346765
579494553 579988758
268511797 268659638
525059772 525928871
90490481 90659170
945577472 945624348
690295825 690834481
734321582 734570763
947893500 948447711
915597957 916517921
365856638 366839556
528091408 528514931
333355422 333682829
819362416 819571378
140105254 140203576
365610491 366326681
210512256 210661007
6047390 6670328
757775449 758557902
955551262 955887704
248275443 248957768
498785724 499495685
962010155 962684611
166509433 167372829
869494671 869904549
634604196 635194333
756254334 756438162
379315578 380147190
398018331 398132019
862954263 863281905
321605626 322355854
139722269 140369789
745610634 745920489
548025155 548083139
408770805 408834054
128498066 129419613
998852196 999514933
635950145 636773898
795382617 796294363
547080499 547876395
490861973 491450667
488274907 488919548
611682912 612277113
566304190 566484001
696694288 697195126
481388667 481956247
148693549 149672433
360845753 361156252
125895947 126745477
288266222 288868215
956663831 956822260
404166748 405109459
86951833 87359342
325059101 325882204
673828260 674675560
698263221 699040570
500246196 501012490
157444281 157957665
371220407 371502359
64414007 64820532
827550709 828395916
648287061 648634211
94484110 94982083
629734598 630445259
510288964 510370821
609996117 610786263
512781733 513213874
182057619 182425859
929411161 930384191
119961636 120824294
276859026 277288592
966350459 966493768
84487944 85297687
521745983 522012119
983198091 984092929
192815975 193222476
627987865 628622730
273766765 273939582
467466191 468330335
249394355 250381957
472152363 472635685
475103809 475403933
19110361 19484798
962481602 962757268
730062868 730790715
122199583 122809712
676221828 676554365
201163069 201887289
941451029 941688336
606057186 606486438
246068666 246974246
992273144 993063667
216494436 217235895
811960150 812864597
990006803 990196762
122977749 123012890
594985614 595712369
469436654 470309965
110692108 111078392
634549045 634843902
666530741 666621413
636933191 637895852
170880823 171746111
966135859 966558422
955828621 956541304
953389043 954288172
147912111 148716983
413358188 413443639
270830164 271098238
649923157 650154457
754622077 754926718
730673305 731422102
963262723 963748901
385901575 386821433
765832439 766467911
488173202 488728135
360158750 360832037
24555725 24880771
227750924 228113261
880231967 880439490
837244757 837307959
389714131 390568611
46785752 46824337
841527584 842502504
110307137 111269473
891703158 891705474
277327168 277559425
560158961 561092829
704525124 704718805
831096468 831977911
816773239 817766460
538878636 539126467
278605084 278654491
484695258 484852783
650755587 651200594
96179835 96733938
152241712 152902375
615849731 616666883
611517932 612329047
468202213 468999305
409672587 409682700
727733092 728506776
900300279 900424352
746273428 746637135
704029733 704866495
650297718 650341133
607220035 607375475
659965147 660084738
964874171 965282323
159339609 160066407
674146239 674782661
693376919 693388805
544968169 545390604
483066436 483398523
963925147 964920620
347012780 347196250
191081989 191494358
278611538 278903700
142806947 143244546
192736317 193002432
797164262 797715155
905681297 905766459
774844884 775277016
212117124 212381936
479157186 480131654
750138087 750419618
47781659 48344948
155556280 156394813
601230127 602174169
293728817 294645361
307317024 307542757
696965447 697516035
175337046 175511830
313593575 314238616
508271694 508826592
252095908 252684530
341177134 341362514
421238109 421871619
786150657 787098495
224783409 225378688
568451859 569335241
661585460 662493799
68061935 68924188
145477770 145905881
988252974 988625740
972254602 973015818
636127936 637004278
558208596 559167098
867976467 868519249
750269618 750805463
544759450 545628443
965952253 966562920
558036487 558545790
771164244 771477622
727495704 728412430
970217420 970543295
220550724 221512540
151479968 152132128
775410268 775951761
983238961 984077128
52289108 53254061
302416297 302557361
426631523 427533694
700704455 700970724
465481233 465671559
455234485 456096827
240124523 240858589
42708868 42911425
357800470 358127883
449431090 449818302
963068937 964043962
600044794 600237904
544037865 544804219
768988403 769944801
783215432 783655055
402053830 402607714
593555344 594133234
776356891 776973305
847323256 847426722
301534392 301992423
342490302 342558399
143529195 144437568
278756351 279650023
421320345 422202666
644786398 644917573
880122850 880856546
494897263 495896368
54873259 55531226
231510840 231825183
240861234 241228757
379546365 380269651
2409876 3140215
620023692 620866555
896705385 896890072
828046856 828343247
164412098 164442876
191913602 192256599
537451119 537834124
582317198 582387110
873498662 873898735
996738788 997378967
289631083 289746661
699455907 699916294
787022296 787178205
413377226 413665492
904580219 905176602
224881120 225827802
900828709 900907948
564859783 565843068
935678920 935935688
319110479 319930431
669367324 669666318
771135389 771468773
387780870 388100284
275760551 276298710
796255932 796569065
974853566 975360097
678676431 679145313
581614167 582045799
527068829 527695300
154808041 155464708
436834690 437663505
609124503 609939692
420434986 420612820
282467718 283291978
946047427 946832458
338002994 338763522
556833155 557626273
77772388 78766281
336452789 336893154
355249800 355423016
405693435 406357670
780624981 781318625
964352808 964717084
59319822 59586496
101597386 102563915
594570117 594692098
154140910 155058619
692469082 692840118
967654196 967951681
447583830 448510689
645076536 645625534
137681713 138394466
181230601 182121011
99462501 100332252
84789164 84859626
626681031 626774455
574719088 575352445
963043161 963242160
826567835 826926104
292223509 292479172
154573586 155124055
810341719 810515029
886799409 887624396
290904414 291760580
59450193 59466658
301196061 302067907
854483259 855028851
422817286 423103458
825411059 826239908
53412364 53653067
921310542 921766867
608764276 609396188
431737238 432336599
796811955 797029436
962829053 963301479
39623569 39848332
152814040 153726743
74246764 74715863
881956184 882304104
686276138 686603453
801709599 802433055
624107080 624860649
562762516 562852158
139583063 140040046
359503334 360439550
259754845 260002568
736536792 737160439
259564055 259804653
983196145 983726436
982763976 983323548
753383691 753830063
280885736 281209755
166813252 167161605
829263290 830144214
317117597 317918346
198533977 198874823
557696263 557779123
129500334 129749388
248018191 248670853
544624065 544991867
308117490 308131028
29692497 30415811
893704205 894171236
203235038 203662040
14820393 15807292
590006313 590331713
735884843 736192327
246744221 246936920
611569867 612227478
631087863 631838792
41784091 41863180
918544774 919349286
857821464 858039656
611598863 611850694
550616629 551357927
391166760 391635860
529395371 529543653
668146037 668591792
819316562 819902010
650950858 651073068
76859265 77325535
378588946 379147863
30307063 30487895
842317906 842365746
681059047 681283944
966285237 967115630
583124833 583185210
436846674 437370269
385309177 386102070
995329207 996231207
101258169 101487684
741218568 741973172
377929125 378394201
66335966 66854662
309648766 310176169
186755083 187061470
258303655 258943195
705718006 706636373
264141329 264488321
329403843 330103464
995263262 995540714
56611382 56911672
873437387 874010525
789452868 790198240
352603812 353296228
397760750 398398976
187595918 188358335
772899479 773593666
136603752 137316153
559765380 560059071
967269126 967693440
588198865 589195352
780090331 780661929
636137566 637046487
438655647 439649221
296155723 296331814
412960016 413251142
921070672 921424314
802969398 803767698
182557604 182703425
871956294 872784922
9435764 9748022
882299913 883153719
864853199 865287150
586471284 586702395
206712271 207625527
702779 1687833
925634121 925722726
557684082 558561027
576595678 577378789
957579549 958060783
622350692 622381962
630271852 630816411
37934137 38730618
955779707 956103776
51876617 52713407
737781316 738618751
300400204 301090541
82418474 83135083
433501900 434013358
898656638 899379521
549022655 549814228
296525727 297182199
364676789 365613051
116687696 116977978
23431677 24372312
829966292 830109182
681144201 681179904
472138138 472272810
579594147 580555018
640711540 641418421
559237115 559886227
945257349 946069872
287354624 287479584
706693885 707088803
32501633 32640407
429265331 429897482
171272117 172172551
66287047 66578358
977546599 978449636
7374549 8168021
762603164 763108184
550725775 551612508
183934148 184504276
52421608 52514229
3030050 3227248
743002104 743529562
725550303 725563799
330637762 330977657
405718030 405878085
577518986 578012132
286322799 287022097
858067220 858234890
98350279 98654214
334784048 335400818
46574950 47271675
272086724 272158289
828013775 828074222
400921194 401205979
519277977 520159962
101974643 102230066
669287739 669624797
631549968 631833631
919207780 920135278
558324584 558928028
248516173 248549191
502874818 503792755
726183002 726295703
907582938 908295023
656780228 657261744
767296256 767481702
695689790 696643195
627027822 627422137
916764879 916813596
969727092 970603499
526372979 526777821
516862354 516946176
755181077 755713882
823765030 823983083
840857564 841368582
837271656 837756025
828049183 828859862
396097746 396877156
833363614 833784921
457578862 458177728
410701577 410704205
61261909 61583808
609151275 609258652
164655131 165331370
646124962 646275680
490252570 490836339
23020741 23221412
111782120 112563449
123762604 123830898
109425256 109643868
264588158 265586346
348992244 349849164
222836466 223197655
444771345 445486984
134216009 135048161
846882630 847285164
684496067 685252118
602473185 602596215
131916502 132712885
695283420 695501804
269450018 269683714
530481185 530489660
631799173 632351984
985401642 986327766
940268551 940786571
353169947 353545693
245565123 245796897
67749872 68397166
813416785 813795367
130262855 131223203
709728302 710718061
175427101 176184696
470865767 471296620
434933646 435021810
281809030 282502832
918717889 919465591
341809754 342069371
813126300 813926474
404223512 404292323
82126896 82313877
86282997 86625155
770529243 771099139
834662665 835395305
522643245 522685811
975425616 976320157
160019200 160329179
544659308 544725737
85525264 85976585
77466812 77535985
786726510 787341249
978338504 978480839
902443570 902996408
712127305 712262835
838194019 839145710
493482868 494030237
853102882 853132550
588573187 589214961
40161316 40172398
330834534 331670198
34960607 35607101
558773803 559349434
414803375 415382564
975800279 975954396
688533041 689007664
403431101 404235567
206040312 206111202
193200860 193579334
833311494 833841065
465980216 466604455
171898403 172615800
665860748 666571761
784121204 784915369
982940740 983157556
628872060 629462748
527702234 528197815
427851687 428497020
752553641 753358984
624090560 624455196
296998173 297279044
836497696 837151756
228893057 229585570
371919030 372424153
571494696 571996984
716028262 716329700
380151951 380185492
398161827 398836955
842197431 842391310
193864190 194827372
699171529 700166048
160890712 161441647
757610429 757736669
778438172 779134548
549789106 550653727
701076539 701492214
808853655 809028025
105550677 105774146
336987448 337477641
825195587 825843892
974027138 974997384
584796437 585058074
489870050 490353962
450256869 451230051
463698450 463935301
275393677 276294397
62364872 62822776
49382150 49696335
637431704 638001810
46295165 46527581
552651414 552852754
516662704 516796633
921488817 921490861
182480778 182891598
225776721 226400393
244017744 244133715
470204642 470730124
480170070 480794790
662020587 662963887
196455376 196466520
429176837 429759803
142026458 142505701
557344325 557366623
899922129 900629096
890821936 891521630
306969894 307574188
62325447 62526845
748895291 749506349
263925736 264307290
325660554 326451074
846661035 846979265
89874755 90265521
215913673 216140457
273202434 273465447
789021442 789375990
906212581 907121394
864002335 864527383
267597956 267630323
542199932 542369181
198973584 199155871
774333275 774432651
604514809 604928014
734595885 734617549
648210702 649021363
575334717 575852125
118689846 119208622
875589548 876030627
886242134 886567701
258758692 259710551
215099439 215568618
934483135 934946638
230068175 230881559
415899574 416675941
427396060 428208010
823931873 824906895
244599173 244822375
703797906 704724431
967227524 967629788
402612403 402853212
546241205 546590196
760221012 761093347
710698913 710736832
638362359 639328965
354222347 354906572
430109034 430618463
623508893 623770340
573891968 574038620
922723399 923190721
429801142 430696254
531413098 532391449
369608044 370484058
738217789 738516297
152254504 153023676
855385105 855691639
814813647 815523217
753183582 753385036
504583904 505358513
528707139 529391773
153837874 154474371
573610419 573707947
851021719 851074628
596697705 597216378
684925888 685373705
331526136 331780586
625734369 626706414
617204307 617377749
650870828 651190452
527353403 527916286
532658693 533210198
269208731 269753366
265585846 266570393
694926828 695257354
858864568 859046606
171551993 171618289
664028799 664701079
490067762 490912185
793368082 794175470
976900896 977876742
203146704 203598386
276825327 277264333
38571081 39405255
774257727 774828887
610343050 610483289
131359306 131405790
625280583 625564966
756636683 756953931
892282775 893097721
206736971 207485039
298164300 299075351
539136969 539594440
519469864 519912741
646923052 647459790
165874441 166364892
642264770 643063440
382366603 382654874
271496955 272205279
655293175 655893171
903381131 903828831
138756121 139668312
515531284 516403674
848616483 849374240
681918461 681973858
104379682 105271826
67497896 67874239
511818541 512715478
973889316 974125301
744772852 744947494
15422522 15553117
493529926 494429832
274100673 274945726
413656436 414470446
707865945 708541126
232663910 233544525
461782542 461960201
634014222 634049508
216334241 216708817
895940972 896812773
660485289 660882000
684979974 685893332
336528972 336787566
207673827 208131741
667605512 667632961
886317018 886538312
232335897 233298189
500713038 500789633
63389128 63724532
886958387 887198346
479705866 479744382
753207339 753299480
321127594 321287125
510176961 511016055
822026507 822271741
351811786 351845025
500648450 501092598
688701214 689512859
176088655 176643856
308261153 309202427
564183606 564351720
215804232 216095889
42480140 42851663
29851713 29917404
199793199 200171690
440335162 440454757
34219449 35012648
991091753 991446036
303890353 304090695
820503257 821265196
294051749 294501001
23640203 23785344
670513575 671142496
968743395 969698597
619476731 620054222
904572535 905081671
834920299 835505992
329830422 330724321
350101022 350790785
553530113 554271637
341421278 342033891
700435097 700461602
254465435 255317958
748666276 748805201
97426760 97618609
24084150 24602215
445824210 446066721
45431124 45946471
314828596 315693458
881200338 881922271
858473780 859134668
63225789 63926337
574682465 575537666
487299806 487509738
152142178 152969114
900971047 901007171
674807489 675448234
876264625 876832857
107579765 108475857
705727656 706698962
996328711 996915520
892925340 893243117
351847954 352377237
3775167 4204979
655901952 656803612
218213009 218347232
808827137 809434949
928308996 928571023
542455061 542965974
268088585 268658871
938347649 938906313
82835513 83195114
336757825 337664821
65241322 65934488
645425364 645659010
472472412 473163092
384949953 385338818
214740317 215087681
217970495 217985881
102998835 103167207
560209067 560478465
220569860 221211228
776396722 776598383
313820707 314262215
597824280 598822295
238102745 239048763
198553258 198786444
581030440 581783159
193005869 193968024
123637209 124283671
328959403 328976356
200633613 200763262
32257009 32750154
427009949 427945102
661801940 662238975
135485110 136452693
775295010 775561145
541770934 542574839
442379533 442515751
569209366 569588821
871923823 872104425
426771348 427455588
21930355 22707948
940990325 941350832
283572261 283765043
561108537 561699203
112509334 112832424
482242999 483161774
88605629 88821589
196629670 197550195
356774475 357737813
102974903 103648217
454630580 455466686
39894593 39910637
165127675 165400570
445584479 445830500
511002265 511827007
884465619 884540226
17347057 17911949
232478117 232535074
462270944 462623966
504967299 505906499
177538833 178254672
291255224 291682543
456033311 456398979
140582788 141281368
385648126 386515847
448696622 449426820
853460168 853895405
937576060 938346388
590636698 591377762
43642218 44379809
984680286 984771389
863287783 864254241
995556671 996269045
299434124 299977570
654388532 654975629
967713777 968004290
845302454 845476467
152103269 152545308
313487920 314051171
614570810 615141491
578044766 578400433
33517135 33790546
64195433 64471150
334629769 335324891
677280753 677935588
316378068 316510474
793966918 794129445
90865066 90883838
44725278 45260968
146059260 146251472
767493784 767656873
43349551 43662013
726738213 727164521
635796161 636040819
855212885 856004655
167891054 167979828
363256662 363733003
509205844 509337454
185125006 185442010
650782031 651317998
5831593 6360414
879689875 880531195
536294642 536371039
363803081 364152585
249935505 250781410
296922891 297347950
770826758 771546400
407206982 407864453
210324706 210669692
727770186 728161890
325397006 326275548
537091007 537494686
623106111 623513089
344980094 345261576
662961766 663177920
174880019 175576585
549114990 549397014
804039532 804236754
570059922 570118569
835685019 836117734
537996928 538159999
279002989 279332153
454785790 455458646
484406541 485142453
322013888 322323709
432311838 432364072
262411853 262846053
421769167 422102079
903666172 904286368
244246037 244717304
801300914 801871603
149449813 150120714
304549793 304912287
703589972 704150356
941123255 941202338
664893726 665607695
553208955 553907386
687322366 687846483
209945144 210456663
830109663 830303163
935038003 935478444
371583897 372111617
260395440 260871863
986449397 987367219
629330042 629844893
204874920 205197249
597483813 598296554
833687654 834445549
767885488 767944995
998040158 998663402
667283656 668194174
721172806 721416255
424275446 425275381
895479906 896172096
192924724 193704651
659197455 659935430
630214331 631052824
835838929 836454910
425015798 425553637
445288496 446104353
20808693 20826755
304522629 304741634
584886010 585241038
106924375 107077673
266060364 266148162
430309531 431171192
991369038 991546587
866134260 866625296
969539045 969756691
777938290 778183131
19917872 20526375
914074250 914811774
460368212 460749309
554018685 554677446
22087089 22521471
695565847 695700444
947865186 948837282
716521845 717405138
140211540 140844403
808476237 809297655
81261298 81985244
341372013 342289186
421581869 422096010
819745493 820576232
151275747 151717312
636195282 636674438
386093673 386493585
501492733 502458523
407211772 407946540
380410115 381312846
892153608 892492627
519378167 519744373
353097141 354063812
55863199 56284155
808727960 808736994
895632053 895665046
580357771 581048315
125320653 125363753
37667019 38569837
967076707 967579699
626900779 627584850
31573421 32484018
273518402 273662635
192284877 192497756
601416475 601429486
753546745 753998411
300250188 300611152
786091984 786417971
166408035 166511468
916512108 916573141
835997285 836874150
809801904 810677407
112470819 113009772
430773581 430995259
589644687 589761570
676606525 676682094
342751135 342876016
185507576 186050438
583846131 584032188
820677944 821623151
278778759 279235456
598214878 598890369
340006417 340729291
80274796 80911441
926136890 926600396
141659499 142239983
780352461 780957027
888705181 889185649
166953586 167093238
212809219 213348159
495879313 496372280
737666179 738459643
478553446 479094383
790142672 790911298
482710772 483620856
498155375 498283244
47805066 48324751
427620228 428028663
458125548 458639568
812479944 812865358
52508490 53472194
217494895 218328682
717240315 717504734
851136126 851783462
557279069 557726629
633785443 634200886
149164800 149859309
578132752 579046536
326042195 326687484
655606208 656544616
701057285 701216766
856161797 856892652
43415836 43876216
243830979 244014881
247236286 248091937
66200917 67078575
224881588 225810083
446464303 447308577
282932527 283592463
112023512 112949425
225648897 225991670
943133514 943895808
929882481 930001807
816407177 816664661
172419185 172465962
266137059 266432576
53730005 54131973
584482916 584693286
347157222 347200701
226317990 226567711
153218415 154144066
983129090 983509181
425204470 425675180
310866342 311391087
994465569 994525014
173396407 174368231
792437307 792840538
739651306 740332990
194076114 194082549
256201143 256305036
495848144 495966501
965126365 965674132
464462182 465328285
366495336 367186482
992920228 993065457
810099623 810612327
186826790 186828192
688496283 688820616
353235975 353547608
395412244 395518961
225131719 226016804
264563531 265172760
367409071 367591260
292590882 293164667
509408524 509904956
241774879 242751242
235628777 235738454
492636108 492943588
295298254 295742191
407263825 407819860
968273561 968831727
667562873 667568711
310474749 311152195
734810004 735427317
699076049 699767809
940606577 941147137
131654222 132587218
313143742 313552148
509390917 509908862
289066378 289960788
181613514 182272898
320298349 320447175
110492850 111238909
537852494 538144637
486841517 487483492
292389421 292991443
327930990 328750165
656692302 656819950
57597988 58203822
510462346 511415984
640572156 640642970
624088290 624334432
537007828 537696861
289262654 289500550
630112671 630258551
232423547 233209310
699599489 700406868
672873041 673764375
397547065 397842220
236762937 237217123
933705744 933984018
216077523 216938753
563550722 564544344
59061984 59833477
600089009 600988343
477659241 478097539
187055007 187591464
323447167 323915317
831369457 831778587
241255496 241837252
718366604 719137271
869383663 869625681
579559592 579983402
326896971 327860336
275498366 276394324
511836195 512537019
493114251 493592554
995041410 995975005
839361472 840142245
118875723 119514366
636416004 636525445
613897359 613954954
770286404 770751744
302948673 303544729
458351893 458374439
84333220 84904361
660953719 661629113
784747961 785371555
866062004 866935885
821744427 822127563
698972406 699293997
740236936 741124960
227332214 228165072
635967781 636482403
843404141 844276527
628764778 629534672
316013443 316925334
870479940 871125386
373891205 374755442
467007888 467813278
320118614 321054465
977836964 978252299
373137129 373597531
353689955 353952472
735454552 735814096
57531186 57726096
478110376 478226552
839143375 839184248
757488282 758036338
824637796 825482900
175675834 176341677
220631011 220726690
342442378 342923866
40473421 40603931
760370531 761140591
111600228 112479845
308290455 308749596
843618295 844387792
574193990 575093292
706695857 707005354
986537602 986978883
650911560 651343665
162791762 163351165
340801533 341335824
531364134 532272064
918038306 918300792
349833344 350479134
655054258 655407355
268585521 268875512
574402400 575214832
327182052 327304304
83575072 84434083
24614950 25527823
262162617 262678500
512384234 513078815
488809048 489661450
995672462 996469643
354172385 354499784
930578177 930655052
294727921 295327770
459300429 460286965
17146918 17513958
874662401 875186344
809600566 809835291
346445485 346637569
911861154 912704730
87417943 87423475
440670426 441190198
367021168 367464162
378828229 379004643
224693246 224767474
251522059 251963885
442655179 442773810
655591079 656501453
592245459 592504235
988542425 988724834
358881110 359139388
668046151 668893746
625515189 626513044
991561832 992032231
329041911 329916257
301126413 301870815
180610954 180621434
799273927 800093550
851372888 852122571
750132890 750469256
196365510 197104401
134804827 135146544
464507855 464810154
539108195 540063603
287396535 288039361
729514963 730242304
998296083 998687406
339332095 340039870
70468756 71141860
72444475 72523049
336364733 336934891
964379419 964435847
341358555 342010192
602303145 602712269
600585513 601159904
933059647 933409189
386952087 387482131
431929085 432787076
779893996 780741257
148560205 149418578
776937335 777889025
293329861 294228681
903891768 904814197
251153633 251840302
534393211 534813223
934077399 935010942
270032443 270084058
675527153 675775328
681946572 682013322
6388165 7248536
442372301 442724527
967668271 967944801
961173712 961201121
875973624 876496488
932004054 932536248
429787651 430744064
627286859 627784684
817425226 817760430
482695215 483299589
842217933 842405236
9548790 9883078
758156062 758398071
625520024 626318530
847858150 848566295
463194378 463576490
239963373 240422025
613864882 614099857
351718369 351849712
276067645 276925601
684026673 684670548
555512729 555572606
477422890 478129679
869491306 869639985
257114438 257408946
282527841 282693684
153969874 154892543
328601677 329409939
747843269 748208521
789822302 790321577
941939642 942704161
427140964 427578817
602674312 603082281
166920497 167513145
643917676 644522625
860248741 860911965
734370439 734930389
380231636 381091522
342236769 342321634
566995976 567958125
102762593 103345863
809533261 810305624
884979474 885481229
156095352 156703347
136487204 137359839
166498643 166803034
445607062 446566148
34020176 34644668
171630475 171941393
136232381 136248938
859563513 860396222
950438508 950659645
501080605 501334016
654864735 655451342
470209050 470927169
439852304 440163752
295374409 295548266
209625510 210155633
164247962 164777942
381317371 381424479
46302631 46490175
953438088 953585525
537950622 538428382
539952747 540328698
332942680 333605233
811923553 812362034
71439457 72052174
658130836 659120962
14934405 15797796
365464813 365621831
963892208 964412083
971965941 972690071
240231123 240861761
374282100 374661752
235368598 235880644
791913482 791938268
403590020 403771021
426641812 427538850
488963384 489947249
957674775 957683291
227610199 228225121
113203655 113543337
236915940 237880856
720232934 721110222
545063088 545772717
578917595 579148471
571907096 572485979
470299663 470699563
629456102 629538880
554528779 555042774
71103725 71632159
297529587 297914244
644770776 645122318
734081863 734275979
637366802 637720794
194076517 194334662
746041151 746753190
660919055 661749188
132506771 133192821
331718331 332123253
107685608 107762274
883850647 884169375
92514718 93057956
70722458 71384400
648310475 648782505
831301936 832007278
860553977 861274352
121403154 122387961
837080482 837979003
408685865 409657024
868947120 869792311
488518742 488729985
567036529 567634546
46067146 46600221
636210964 636687936
337448601 338348219
758240614 758691245
842903457 842964420
856798121 857760518
882641786 882852715
698249017 698820280
392916938 393253206
727628137 728385320
401163114 401265786
63876700 64560442
306154758 306296788
375922115 376190488
279995656 280749711
928577346 928886330
53706674 53992300
464126745 464436036
373065137 373070205
688799090 689184698
544167192 544810344
584738957 585003114
680736647 681710899
353615379 354435207
734616558 735065064
601354864 602262605
610134125 610502033
740888078 741517199
630014286 630751918
84417213 85322304
381301540 382154891
894241553 894725133
628892057 629350752
767893785 768759950
681093372 681176675
581550260 582488916
580655879 580860361
78197871 78551161
630132599 630932712
523028563 523398037
29384758 30297808
598895484 599221928
296059809 297056465
688395588 688410932
297718588 298230058
623557350 624105785
317059112 317309774
182215210 182856530
789039815 789178748
674013290 674904806
147650077 147888265
420175596 420839497
933181728 933934333
357566623 358104989
673624498 674444450
756186283 756897549
661127945 661715426
82765435 82891095
184058054 184916132
317111163 317447298
589625120 590193135
64909634 65718307
361518240 362228069
818746840 819114988
376082202 376700923
897631883 898484260
523920327 524749583
272526686 272832878
617445024 617695829
846509755 846666320
365040717 365041084
624522430 625363868
118589479 119128004
830152294 830862564
889973499 890890276
69218175 69753644
400651567 400973240
446302532 446912401
370658743 371397790
411710063 411915581
455067973 455935873
362641843 362905472
147759322 147859202
404810187 405096326
7509967 7625664
912092650 912779771
332957420 333507806
798238582 798941395
765624319 765699027
799809855 800196730
261416073 262246376
668292178 668322417
390081688 390372624
177379274 177827496
757278988 757711545
328513364 328773468
467824792 468764734
170996359 171917009
666023134 666509499
330384824 330523765
137213595 137922362
32388859 32626209
158314135 158610280
188799753 189269549
485446231 486059709
459860613 460105118
348626401 348993192
89179465 89325717
588431798 589253844
968629762 969220529
551837555 552262635
103021663 103563945
404444854 404990926
596440196 597052273
801376854 801721144
293656290 294188539
187350183 187999356
110059553 110537161
667814843 668748214
358168986 359075195
419102893 419297525
18713835 19112521
315639596 316235514
39364974 39717540
234908666 235630879
385945734 386549702
311240764 311319542
360626945 360916401
350269141 351135924
535071771 535635714
283292787 283516763
157698191 158190168
292539790 292917287
936029476 936437461
535688922 535896195
71813189 72640827
815221437 815410923
994733594 995693830
782479727 782568682
636391250 636780889
47868476 48375324
93183616 93573059
327236376 327950994
502562447 502607578
520936120 520998981
630150455 630474535
374368777 374792875
831181181 831916431
149992071 150146153
224236303 224461184
990494966 991425285
785158565 785785037
919823471 919854691
480337232 480858416
446375034 446977789
195336842 195646935
664927519 665884355
803314165 803772192
776328646 777027992
129546242 130007060
71117239 71584478
498391632 498869191
23275535 24128611
663312129 663902791
240886170 241696354
27888714 28516484
189362823 189909691
211518595 211839202
298742445 298910602
323656768 324588114
504273274 504898889
38937185 39037654
916778045 917219280
207593289 207746055
896543172 897364004
176022870 176900195
206897485 207553760
412204343 412779670
496423693 496527443
285489937 286320877
795017063 796016739
706741782 707008193
936534212 937514921
383457102 383979164
130720409 131656838
653647046 654012980
239963163 240427914
957146 1689217
575166573 575565365
293573208 294035109
580093850 580895266
824383787 825047102
583689755 584425181
872114762 872980399
704973167 705140819
130762626 131369052
407272246 407628078
73872180 74407552
392888831 393134010
681004768 681142192
247511495 247723076
939873027 940365538
479549878 479844591
505638285 506015127
72514894 72870979
559721508 559946644
126936929 127009354
718078837 718366072
809651492 810444959
591253373 591612723
303377236 304207006
571735541 571846857
894340339 894891842
116896850 117782199
804609405 805479995
363356422 363898655
400582329 400753231
720137059 720740426
683844960 684422221
323558788 324458476
597481334 598172612
17249430 17295810
142031681 142971365
780071093 780364475
837497556 837525038
159707019 159841604
782997356 783477783
441392379 441844794
697339668 697520758
786565013 787077949
596772994 596806182
622463204 623126786
124644389 124708129
252408363 252911982
595889576 596045072
657300632 657416694
319131879 319628578
26247545 26376330
848875848 849571463
262849481 263589948
514928884 515715439
553022436 553205370
186537488 187417534
393866478 394767515
310559872 311066590
956894312 956950761
383668835 383881555
49307492 49942267
210870239 211621945
693511980 694427587
715067163 715733842
82673656 82699452
566410857 566706979
861452880 862017584
476599546 476886506
274134483 274422082
193285556 193663719
957873644 958141291
232762162 233048415
112422841 112739077
898896468 899474835
744034024 744651248
840837191 841080603
737086386 737165959
805256541 806174864
156807329 157137496
646871608 647029374
433305299 434001471
260888106 261583878
747012353 747725707
345675709 346336534
843632462 843763184
647681445 647950987
39413741 39807031
117083159 117562630
354894986 355006979
953955762 953994542
416287447 416421436
960521778 960792402
44931184 45092262
862424463 863277315
572545683 572777308
484689379 485223394
615697341 616245796
437541287 438537410
239005052 239611294
849903346 850078909
45048465 45202034
34059034 34671154
457882953 458859342
212471010 213405327
369734902 370430436
131545409 131606630
149044566 149972106
791979154 792189891
58535984 59138912
237422286 237772366
873892905 874632793
903096165 903268288
533368883 534220427
497261936 497467576
969170411 969703456
131307990 131973561
178582343 178990360
468698224 469647171
755203552 755912771
914433887 914502149
943134165 943393667
709102149 709292522
462363700 463306257
450440889 451153435
153795161 154065276
883054807 884005457
407156602 407555202
769983403 770650671
328972980 329419005
299983654 300279411
662660837 662764163
63953792 64585627
130896315 131154204
433013553 433629564
180006709 180293826
719554213 720044766
993546312 994188357
784211103 784288161
198875092 199277167
712977066 713351821
403682098 404411934
7069305 7260035
46169115 46838646
944715731 945003312
879725145 879753099
661116303 661728523
233818427 234375968
612766239 613395745
945925007 946032945
718967202 719712229
232494199 233159170
889362130 890240010
199268071 199872048
187552614 188312592
770460114 771380022
684636036 685526364
726486674 726933209
439247911 439917054
570885920 571080046
949350662 949523496
506227188 506587076
246221111 246501055
976050160 976237692
230189881 230914679
365642301 366348197
454105945 454825668
784438493 785289805
321610972 322498424
27784645 28506045
181484029 181631999
43828226 43890210
866355370 866771966
179177149 179294604
759660917 759980353
496983847 497610306
364422299 364719428
585964225 586503620
20424781 20803346
401914175 401967198
285135270 285360623
431415907 432142555
284800580 284988873
199217573 199697871
170983836 171055621
19979419 20358081
295039330 295998397
636459869 636926278
285221923 285772866
836677187 837434105
408960305 409148631
958523245 958580370
276501597 276846153
928885041 929494983
287104481 287258408
180720160 180979159
916141131 916503303
817814091 817854689
257134381 257174717
161861961 161914614
336367885 337136825
720526996 720795993
944716121 945521921
850111605 850219430
141774132 142629223
410212052 410665741
501885553 502425707
744008425 744602689
593855848 594774593
638036203 638741267
600838828 601441963
883046687 883371600
762464545 762917423
391419508 391912685
815539545 816294490
868768122 869352471
241498447 242098314
262258564 262276038
280770633 281000468
791402504 792191886
261187281 261508209
17152275 17475908
211916075 212526820
690201543 690428609
583621325 583920683
955188729 956011825
150490659 150857334
578587727 579213783
691726947 692368830
17328305 17952254
323060093 323588434
609680047 610643781
855131282 855637144
791160112 791702918
704637701 704788143
879337687 879650379
158762123 159141239
971331374 972079200
518241827 518392364
25739276 25768321
696491026 697169833
330095237 330787929
89768777 90434888
893739165 893754803
574166610 574737740
905249781 905269416
391521940 392163152
583898867 584607081
867807493 868369618
680459691 680625016
851685964 851933622
718860501 719568911
659409785 659764242
193869167 193889803
47187917 47643582
410414810 411176426
788572864 789551207
600947681 601401587
611138129 611189134
606596920 606710845
612783102 613138676
553823749 554518599
213248125 213569343
302002355 302101464
52696831 52730501
720910700 721195130
373018790 373346589
33750056 34179597
828207073 828734408
815103070 815243601
487945830 488166710
162115038 162333279
173671544 173799795
458645522 459130715
128792641 129004617
961963755 962281875
792080124 792506558
791044334 791133604
661601923 661707516
952115507 952428792
938890822 939542820
993751826 993925921
248176686 248786425
503785740 504150230
169173663 169444786
312931081 313708291
124342658 125308798
579970591 580871346
116539421 116755284
685129220 685773685
240038365 240768257
488813920 489424477
130184444 130607765
857502905 858262888
791227299 791277800
995014939 995934206
817802965 818618199
973058039 973349791
555852155 556653785
458711229 459673219
932258540 932728926
704011012 704623607
221197761 221950881
735717425 736012616
486979147 486979666
50485824 50633256
502746099 502947845
466327021 466702456
996871952 997025706
266493354 267320269
875253762 875262886
539114803 539965848
512363522 512519188
167102057 167467756
146861549 147067405
3916262 4282687
822808877 822820550
477290298 477506876
931632360 932078611
176924086 177573088
201207705 202013785
882378745 882604200
814800679 815634267
343226450 343588285
968800682 969637835
122966509 123225693
877455620 877861187
378605714 379534541
87548495 88083314
420114866 420769897
243861274 244158509
513843805 514434519
510484614 511434127
331668033 332291404
654348172 654476948
221985414 222706482
109578771 109893116
467609934 467739764
339743795 340113267
207920681 208838097
464376494 464733644
903372147 903992571
216461411 217176880
648306051 648324565
434490602 435045075
804036268 804967582
180701271 181139389
778414937 779171829
561242556 562138141
386273569 386802058
645320817 646144695
850536182 851127054
242202060 242290756
825282291 825949647
562592892 563457781
875607120 876535492
872615514 872912856
287604763 287982794
126490254 126608340
921499997 921783593
701575514 702205482
493869542 494386640
320596096 321095672
967478108 968080371
573612669 573710102
277654544 278190810
429208947 430015766
400485300 400689180
17940411 18514448
212736205 213324797
269994670 270786430
842077887 842636667
638366612 638950325
497779408 498755265
957946248 958207019
826059052 826225826
193082740 193813564
22639983 22715409
819286111 820106975
931022324 931946241
978764917 978918334
804015304 804290970
862108098 862918655
37137293 37738644
893200386 893389064
948302907 948528564
736780610 737659786
78819057 79169865
994601471 995317400
519033999 519690804
309621933 310133291
344676465 345518361
20563837 21357520
134531263 135194162
4105971 4960487
801587355 802003613
212546830 213253309
44919178 45886077
562238160 563222107
440643612 441569445
359380451 359654152
232478685 233153388
637454427 637880175
583042118 583477817
713838205 714792984
142637761 143214721
466721524 467271148
273043773 273190817
643684514 643976513
561533835 562082528
798125067 799019256
594658108 595508040
741290940 741395233
903413424 904367986
584973952 585143840
877458829 877741560
607779918 608515762
785830550 786564635
172649317 173386195
966693468 967692732
662644399 663120634
723418315 723790898
787072734 787740165
739432780 739960004
99153059 99444007
401614717 401782664
267592111 268277514
786084038 786393450
319643772 320362043
258554090 258741978
686026293 686775646
106798398 107742452
773527420 774230845
87078588 87452810
34438812 34556176
845051133 845654693
606415989 607161763
978410342 979232070
513206616 514018132
809909664 810191108
930001898 930442161
572295303 572629828
757669107 757795457
884067631 884252714
622273613 623215396
368148143 368831060
331834998 332638356
604644861 604912811
249806285 250066237
857584428 858046772
582972086 583410354
618861680 619067957
594380621 594700576
516668552 517114171
446533825 446950729
71613677 71878722
825597855 825930504
986342412 987149995
896438801 896444418
488701988 488793280
576847902 577367882
928652642 929029519
256832739 257023611
294664626 295499422
652078111 652360163
936350280 936825024
666983936 667675490
608857478 609269496
328721423 329147681
302418051 302437755
913710989 914109843
385429955 385685779
602655172 602921320
555270912 556187278
65482628 66073288
542569624 542907912
615961687 615994198
782153384 782969748
919642573 920263691
459662282 459960173
3780823 4644356
739464018 740110533
821282541 822144024
343284014 343633164
254265399 255054396
156392473 157211107
157296392 157857860
702368678 702572434
9134734 9180702
682174263 682893885
173521525 173932512
268518127 268867127
616964519 617910934
405641904 406097347
99222387 99769637
341530890 341992877
727678369 728436481
989507158 990184954
695087581 695719943
555984398 556809398
425247402 425335597
740978348 741572014
866974458 867248827
701162533 701303434
508690511 509200772
147707384 148375267
464886739 465125285
581351139 581452221
981625366 982070675
861899897 862444535
154766359 155443067
410981144 411552167
95415246 95646175
537160010 538083232
693822384 694333716
559259061 560012921
701462012 702087356
583209692 583487073
695923034 696814711
819642277 819876894
55191632 55556137
850148705 850729650
458704520 459116511
532203253 532564198
75833803 76291526
430359151 431256825
353250332 354230963
227658640 227805551
43215891 43550304
929145360 929932245
603573528 604340289
504406899 505094844
541182497 541846366
21737971 22085019
884547238 884763575
447413749 447825831
917974648 918129409
703626044 704161808
340284368 341064236
124700773 125307386
39327869 39911827
492589423 493002260
111344990 111776120
786570794 786678714
489769472 490734506
125044027 125941987
66727442 66905532
421175808 421177551
369111793 369730174
433722464 434366260
567644625 568320949
28799569 29133056
610967725 611763833
467300778 468042538
533506541 534076219
480890908 481581120
719926033 720095653
116515574 117148385
781535879 781625923
330548193 330770128
495105099 495168767
73352694 74036303
737514254 738226970
367813862 368419996
579632761 580195688
480012060 480876364
201869925 202701485
410200592 410413428
907078188 907788889
62424678 62431807
556700757 557522879
995677995 995727485
334576622 335437867
172111298 172581404
927821418 928326043
217884647 218506920
368240945 368505029
136720572 137403385
851438276 851751539
286668887 287577732
727294226 728059288
400716977 401443970
198782590 199295228
142988857 143537741
794567209 795026356
783977954 784367708
444412996 445203771
141432539 141533424
401302202 401912974
431644690 431797879
941072941 941731043
484608510 484935647
470620747 471432681
249504655 249523618
660593024 660634925
430353517 430882785
838012167 838783205
799141672 799943145
299461873 300154059
192081074 192671414
467054794 467959910
887401723 888126062
617448891 617672663
260461083 260634387
831472332 832111078
293164881 293307611
525234142 525355604
778808275 778992761
335637150 336468018
931890622 932355759
270496763 270771871
357352307 357845282
813096232 813395537
550585955 551075619
59081263 59418554
490712189 490906409
961120436 961698928
914777816 915610486
88668513 88984531
961958182 962059886
432532715 433073914
238899487 238993618
177700657 178274592
167436513 168260389
573068745 573835248
786619231 786937439
524140082 524950522
438996697 439076162
506606281 507536912
812419410 813307359
947182031 948152524
227696201 227895477
69066082 69527958
168320234 168894356
230286234 230952648
790584814 791139175
151422807 151618708
370898337 371617425
77767350 78226748
860846413 861550850
352868309 353329315
435095634 435810046
644554347 644751565
151870035 152018004
176910676 177418210
362836350 363381759
962405979 963086748
525557551 526290416
546975579 547226019
962017607 962088658
494685445 495053946
532420934 532838281
666800108 667738224
742800494 742954237
482123104 482739318
971503239 972029820
594502690 595163259
371360979 371379016
180807911 181476545
897811055 898612425
860157533 860229765
998442825 998928459
719879618 720536452
561903746 562296649
514005935 514977080
323693865 324483044
369071596 369321942
132079061 132831902
52305617 52559521
80235762 80756299
189650928 190377833
579866655 579939605
320565467 321416579
520005913 520566236
758875634 759505323
214512905 215368230
298128904 298963783
41906875 42359622
782938240 783124682
59948806 60854829
600234097 600882368
123705180 123801144
818927852 819465176
309696375 309843959
149346024 149605502
176062780 176653236
977378013 977431733
788668168 789560879
983604966 984022091
325516874 326314433
39152372 39661362
756798772 757685795
507155889 508018029
560022242 560915354
446251240 446425420
210947492 211167673
201112470 201674350
860675657 861201406
328989739 329542611
203508887 203641625
909724029 910422983
813385751 813674555
714757796 715376417
710058601 710677875
886157752 886693706
327474074 328010324
84829902 84981077
566811497 566986551
455936715 456732130
855087098 855954301
389811643 390543474
710605894 711066364
416835254 417575083
756716779 756806964
564919527 565511320
779679462 780657303
657955948 658397748
67937459 68197661
789967328 790724326
74699275 75608484
665258943 665702116
648668168 649460338
836640891 837383258
212615130 212662984
305805673 305954177
622424892 622599002
751554973 752463313
686662891 686804039
467633347 467942663
805769037 806257816
720132629 721055893
104977802 105283240
726337446 726807139
890529769 890826933
322624860 322636705
881076207 881859867
63437615 64106722
537677797 538003625
593103226 593974902
957934007 957984958
656168786 656911820
416889869 417304832
769554123 769709366
609568561 610026089
741925969 741976242
928308196 928331563
4750059 5209365
264273421 264399321
830138351 830751381
905667753 905707294
412303143 412861130
854306255 854489752
388283530 388286733
390223498 390500326
889632534 890274451
763501433 763650955
523387030 523916194
136114734 137108669
460171852 460823289
991562161 991899867
3390665 3779972
420477866 421420897
690462622 691297172
490512594 491150781
462175134 463151538
283739214 284457930
554510057 555221473
558783406 559674172
278609816 278915861
217589240 217656642
636727806 637083570
785872380 786036163
396282500 396308343
455392958 455584522
746823026 747112279
356158487 356562055
670340634 670999528
397869172 398215753
156001168 156934472
450905274 451433832
591705370 592471257
163145166 163961237
585714315 586421376
432688408 433331578
230893295 231891993
357892993 358197879
162153648 162357664
339872975 340783250
334239105 335209558
378152518 378412049
994312138 995234985
984205464 984765698
514426497 514516079
333833799 334808283
453475759 454188877
767485021 768217918
157963848 158851650
773226810 773606347
76188770 76595251
651158856 651318944
865940662 866232628
216932706 217800684
309153144 309395976
921653579 922241733
916701391 916758455
117971242 118571274
873032098 873469614
153418564 153965971
553885863 554039344
387467295 388183895
253509633 254107615
838163180 838392242
852349796 853215980
319897095 320526511
411652984 412228526
423839773 423927605
144178798 144972970
787164880 787727920
653860048 654192280
580819592 581114777
451720523 452548928
780479823 781205618
705173165 705368920
757147323 757196523
282619626 283344128
12449785 12995476
367688051 368239291
146366794 147143680
688423770 688675200
216960280 217472023
887810317 888343142
680359645 680803662
480284861 480386614
900733654 901395964
13993185 14915755
593335069 593759130
727700047 728594132
67816598 68686671
570703276 571667670
464523703 465184019
348421977 348571774
785976869 786346491
720337278 721073570
434586730 434751180
421667066 422068051
136981526 137750128
132003903 132596893
813021593 813319565
435509657 436123339
13961508 14840768
186510659 186646564
16202899 16750105
32896785 33540169
241145113 241902846
662112278 663091715
422789645 423065485
386632505 387232211
900267786 900762049
948666834 949286327
512687754 513030907
731103586 731702876
591770699 591850855
44628294 45365204
849202745 849329887
574474886 574943654
138139215 138923505
773116417 773464959
248825980 249482203
839540185 840326378
756212308 756370572
349228527 350015907
912747979 913673234
43110680 43133698
37454410 38314336
800527245 800665193
578911035 579105953
725562186 726505190
758927880 759273034
390649507 390699132
958108744 958592114
651208647 651992512
447004849 447277671
596372660 596691178
513985466 514344072
935870791 936805430
80205948 80796424
758815126 759243814
942675350 943136481
998756833 999620008
328318281 329303629
628941884 629257578
702950083 703760770
756160549 757034258
517981544 518338238
526195943 526610540
661008425 661213219
965330351 966080300
182851162 183227949
733856913 734012651
539276971 539950210
326036445 326899831
978091457 978989345
738076579 738598293
458717469 459290549
495335890 495517595
235992764 236257796
640870353 641291289
909773173 909989686
605781638 606189538
504154917 505025009
699076722 699627608
781592677 782403606
48722593 48748538
394847527 395035706
94874822 95639077
195718438 196373091
636963199 637778165
364219243 364721498
736696597 736965761
125261018 125478704
596346808 597140195
881690697 882295740
653952032 654744583
197478093 198470761
153679382 154630551
420002728 420497648
253299900 254244303
240294033 240906656
828074109 828168189
38866746 39066703
961370091 962336343
223009913 223823414
865057885 865724567
882473144 882595508
148726241 149335186
557592792 557754592
228917859 229799915
693467997 694086224
840958385 841622056
419081496 419396394
753930716 753931053
46667044 47558002
92560295 92990548
282625702 283550427
502898461 503398230
955308163 955538500
245535451 245936369
565194761 565298173
28710347 29186128
353487460 353934378
116285790 116321294
296537104 297230307
470734079 470964269
956398659 957361891
895533242 895929621
190299541 190817724
682247038 682484797
211953361 212031099
286114275 286156342
795111219 795441468
897716414 897879164
123632618 123950149
828540500 829148522
528002577 528163135
522624107 522917942
657536511 658017152
357793894 358000406
440543489 441042472
688466578 688720399
270869179 271767658
265648983 266301027
169489632 170174409
939342624 939517035
480155365 480820449
155661780 155853290
947894691 948549454
907319774 907845431
25561210 25983397
397458618 397961382
684163202 684758933
593269079 593663667
66906599 67778848
399224586 399692373
823988140 824705955
386031557 387024984
1034427 1452784
204854436 205055979
645446953 645838129
82680932 83120476
657741420 658036560
296120166 297005513
114815613 115579288
649371240 649614750
755946452 756129326
993694181 994634240
808068379 808664009
466042682 466936852
505962545 506654940
729825371 730659839
933188457 933913688
532359717 532383950
713161262 713822015
705805502 706286548
607872763 608102404
994330715 994915526
490622052 490856768
95423290 95789254
903222223 903725740
862314724 862890382
229546353 229971795
166935520 167623518
802010209 802999437
91135184 91403519
945811579 946644519
270968144 271392476
779181300 779542211
368818689 369427529
597470506 597590547
827747110 828538034
171999873 172122320
195445811 195543298
521479150 522435681
243154495 243600853
160745163 161244745
840056467 840488151
849024645 849394016
587612112 588541303
103073446 103259243
260225076 260872641
687179320 687340842
422970114 423361210
236741103 236894248
627274243 627773348
236080571 236918298
430656308 431573345
977029114 977766844
130811565 131234197
482579390 482706276
854242701 855146819
528761686 529605527
105236812 105498299
516856106 517505529
902050648 902359177
900426256 900659694
364223216 364427700
756981617 757664749
328075835 329075834
115069798 115163449
719419606 720290198
731523243 732133772
25936697 26647388
674848756 675477913
283063004 283335501
861012150 861481607
795650112 796008500
163025450 163122175
904013891 904985281
733075593 733943533
186470350 187134085
300932178 301143416
953223467 953559384
599391468 599904625
839776486 840709396
546484664 546557446
781799117 782458011
92499692 93153938
221466238 222230536
380644845 381523215
702033701 702659676
888093174 888719870
962000395 962850252
37859775 38357948
859078300 859129133
422482994 422831950
489847045 490179813
403658030 403762793
133029973 133853139
609138489 609750305
949814622 949960869
357051361 357795790
773443935 774283023
701785781 702268104
317331555 317719147
588532314 589151213
574679028 574797410
174492691 175298126
786803249 787449656
99109613 99448114
318270680 318743765
764067382 764738340
232498377 232807426
79597250 79616082
541245253 541984373
471524125 472079307
539061476 539694008
888596424 888656927
673039307 673255907
680794177 681468244
21620755 22120756
311399848 312220179
479002124 479768978
912966627 913876261
886369068 887241839
852974992 853652333
240882405 241374085
430522632 430748366
522934354 523412417
487224581 488200553
304306119 305266615
872812161 872977927
327133892 327202759
486744276 487533127
75732116 76577781
886905685 887075062
67263364 67863087
31784456 31909722
291136010 291640223
609134321 609993684
966402345 967225717
237647631 237779924
941989214 942356968
52369762 52697801
369817681 370767428
805290709 805892132
9177210 10010512
332404466 332640313
238961535 239901061
837046804 837995694
503701849 504461385
622397766 623020931
309537179 309571077
384262644 384931054
461525410 462440839
462697061 463305976
244665418 245182950
612198415 612249829
434267584 434416644
478705454 478731900
238182156 238313920
112000539 112447838
783012696 783060050
813384528 814030390
553996642 554003445
78211594 78940292
810289151 811155954
40884864 41541146
607875316 608602368
138288954 139249298
252527719 252953622
874097414 874261832
656761367 657559643
438936185 439588709
181871267 182678577
818012075 818494212
866407760 866931686
850624007 851419877
988455629 988840941
128494152 129263109
297091951 297432830
178974328 179796167
227516792 227653586
60043249 60654455
207931374 208446140
754118811 754377346
916118734 916152481
218685810 218951781
868622205 868654366
479408212 479538278
541340787 542025465
241760141 242141915
364894268 364915665
146370851 146408216
665723921 666359648
121546163 122175674
503169015 503178332
429466471 430169580
229840982 230674699
627600811 628283464
48979630 49247630
59862721 60101774
6504964 6876639
936623333 937004052
813141233 813794338
364300655 364393997
880859746 881100210
943291 1228537
948252656 949188255
482559505 482771936
411262151 411986129
158938291 159684196
365345003 365444850
103671834 104597006
114922759 115653391
103312234 103615907
29818832 30203770
400452498 401316991
378670625 379014393
267862459 268611803
67058574 67263537
966821789 967141896
742192854 743163493
17542616 17967315
749986991 750863286
303514063 303923169
91526652 92450090
663043041 664027550
942227947 943113538
478503846 479090300
240019132 240168385
658211392 658881137
575956065 576483277
819511280 820130302
605613152 606119467
937533823 938069480
976680225 977207448
700992367 701115041
742472656 742792149
319886074 319923937
283886802 284391091
268455988 268965265
983414852 983679915
525949460 526695483
519840118 520463969
316788073 317239211
599680657 600006885
745499285 746264144
239189423 239894665
90834644 91378948
751572103 751942420
30806753 31004731
815892649 816650249
208261229 208384257
959854606 960146045
42398322 43016772
350374186 350623025
584051758 584209669
55386546 55973117
186686501 187623360
621241467 622201001
460138962 461085368
458417733 459179998
88122100 88572409
432028617 432757556
151689686 152202381
949632443 950016740
553223842 553439948
627624870 628381116
93107601 93639482
311806886 312543841
414323146 415151722
157416765 158227758
886265330 886521909
715902596 716559231
167836433 168515863
960653010 961475849
442424406 442590548
555556260 555896375
290314497 290873986
297676745 297771399
883400588 883962810
844736480 845085982
512579381 513485716
422927664 423267730
307853673 308791076
125663848 126153323
23069262 23296444
343645030 344242846
975690614 975911125
612273522 613173333
462172305 462246966
957551249 958067335
937137819 937687004
206031281 206887449
906162974 907012331
50218799 50876590
49531014 49623709
841298225 841327872
593459715 593678469
552667994 553442920
53405483 53415318
747105991 747771267
279325966 280200340
85385145 85525449
949506814 950126326
623560213 624510255
404749757 405632026
856175636 857067357
475703676 476123515
249521057 249965894
968539820 968764944
754261723 755035606
243728936 243789299
867055169 867647011
329379510 329492555
9804855 10239079
305009589 305808065
176365361 177133719
762417067 763119960
846165930 846335602
786368505 787329156
523420053 524083738
682239456 682696226
277719998 278418250
725101268 725712473
552655469 553049953
928264735 928643489
863485624 863684166
538619914 539354015
879406366 880172316
293803842 293810386
387703706 388084969
199355787 200118425
446710322 446775809
330125932 330779248
302166134 302993670
1014414 1579378
278553291 278732586
978676952 979441264
366573865 367507627
328041310 328461157
510022606 510541987
293477945 293510543
704145511 704242008
862571173 863382289
389927232 390877825
705160733 705916630
70103624 71078750
142251419 143234735
62327828 62814854
831406535 831714741
719364699 719806419
815952465 816041343
418283743 418846328
408404588 408575674
376394336 376699543
67943540 68801100
6441983 6504049
35729884 36707096
525127042 525485778
985673280 986126320
294998363 295651806
766971747 767325565
929685553 930413256
971363172 972261952
175690385 175800075
254684660 255191009
530313564 531204066
888988 1696916
170039191 170817574
418398030 418605237
695982191 696593515
229403366 230072863
764193689 765081269
304965178 305028700
178678703 179546464
697105631 697699938
922502282 922710201
58851773 59180383
184992084 185882063
910777246 910828961
363660960 363929033
178231176 179028499
110629553 111038174
798519722 799155344
622079964 622528400
924762696 925540295
932730413 932822512
726695959 727322104
551003471 551714136
371556878 372174376
504510536 505302868
474893312 475016296
613403484 614236071
520028668 520310575
676054765 676328746
21258717 21273420
490252815 490284540
851698435 852135098
95076648 95516272
706988393 707281802
139203201 139764487
130747246 131265641
647752908 647973244
362010350 362806487
327868288 328585426
340794891 341551866
731794823 732048700
450263505 451170069
949921956 950289985
438491471 439434152
129968301 130572248
485284133 486176052
133474727 134454236
689190078 689346699
603965003 604315800
310769526 310839949
744264300 745013421
840033587 840646405
616370240 617188610
650518155 651061324
81227199 81348329
540338662 541153742
777474541 778135219
977002685 977282749
207318272 207784922
180551487 180611021
279098149 279799891
776152216 776340052
933642416 934109296
578431092 578847826
8408696 9055705
192882289 193570323
689970269 690804026
501436489 501971927
865760137 866082578
523310620 524074870
517475844 518181158
516032780 516137912
209568502 210004879
669168286 669299489
435974721 436485617
674253293 674813011
176009257 176508078
92846222 92874129
456096381 456608316
765201874 765749823
576772930 577768189
985699314 985945749
669070743 669955422
742069028 742271932
36571545 37332307
240916291 241489289
901266791 902202576
270076925 270778224
56568032 56973978
810087775 810379518
830945577 831699095
303106418 304056929
953920406 954731873
492184661 492453735
327089413 327130307
807792466 808529560
999278201 1000000000
365749520 366493156
19895512 20770125
92493096 93200866
509213428 510110142
790211942 790779363
790310840 791143003
658267568 658291895
103053642 104035978
465658145 466581637
90986622 91729651
501839261 501878668
424990153 425335059
660298720 660456113
549339356 549546787
347999010 348790017
42030699 42272487
744344276 744463733
156051932 156774804
796911429 797268855
953239621 953898887
365253838 366073051
808718707 808758862
169499326 169637011
996234287 996974573
418320118 419089800
367952545 368897953
158734087 158839533
500265773 500577733
458803652 459129105
423899979 424621481
12749690 12805265
660091136 660697496
912738875 912948450
910794818 911176899
347114003 347870729
661836905 662784790
197571266 197885223
399385449 399650888
334454088 334678637
978791926 979522785
22083796 22183676
929319957 930211930
735064914 735754586
329693987 330458726
117981822 118976384
596116020 596996548
24451241 24718346
645261038 646019173
184871464 184920651
1512917 2095975
797588847 797634573
187896912 188521822
451078107 451722703
180290512 180372289
20591033 20801873
169067809 169738795
94756186 95038706
688156964 688734348
448017936 448428903
659515458 659956863
338700710 339381409
734977193 735413418
798433315 798604990
208841963 209345542
79525171 80035989
311696456 312578369
341712870 342147592
312585242 312659266
42422585 42835134
811164924 811480605
174703813 174730528
3680246 3906070
495053476 495616964
467724535 468359865
912791400 913648630
35710089 36544862
643355656 643571471
380069857 380249071
122538127 123354998
682981578 683785702
378756143 379222165
192270157 192743849
315790160 316544930
175254652 176194525
7359484 7602238
731677966 732499124
348653341 349205757
233241835 233444118
600663449 600905005
626700132 627216371
6921870 7090295
410932080 411613842
823815971 824247579
405671304 406407776
980470203 981429575
12103148 12901111
558028724 558554988
952609286 953503094
428754320 428994534
129711769 130471430
280253129 281002154
425553286 426342634
639360462 639970908
674605033 674799079
911678822 911951295
266085653 266539252
228222046 228915808
896312107 897123267
122555567 123245679
695189116 695982887
676728878 677131343
371091531 371512147
504233702 505170072
611927202 612504682
781842110 782571481
491249566 491849204
880693752 880865588
872777886 873612053
426426414 426467351
757380323 757426716
69415694 69865604
743983003 744393818
138278476 139041707
88718843 89390412
701336792 701379194
493570316 494542855
712092739 712559609
160072337 160288207
990126731 990974102
59880435 60639917
472945602 473423401
634940719 635089148
50370187 50608764
303152361 303542775
797714522 797812188
4876737 5166048
931945326 932076631
501789780 502782890
227707987 228207072
807161775 807456687
952728922 953446781
139141780 139595803
567873440 568696511
934636530 935505259
459873643 460358636
187742437 188559628
919974743 920257838
73986530 74269627
594303332 595215308
379571350 380223477
468547570 469515672
185849213 186557727
303406856 303756167
931675082 932183884
101291945 101537668
908947128 909320189
862559492 863402471
900141862 900736322
728957059 729565517
706129941 707088573
743004041 743833936
357258340 358229505
940670042 940927843
149410539 149690597
558512196 559126706
788319344 788326401
255989566 256165234
553320280 553751996
634502324 635131827
349038804 349147858
153868112 154048094
498496671 498741289
728539782 729075211
569618850 569990501
857127523 857553569
493875866 494652602
921689859 922141866
544555854 545289826
287634819 288619962
89691692 89888129
96415873 97044149
411720863 412415935
522140948 522616168
542708322 542795724
830326516 830389861
780654469 781597087
933897513 934871586
377383329 378151344
622607192 622967825
200837283 201187804
470451710 471332856
455076018 455771804
288198825 288347417
149053844 149933125
693113837 693988985
738650346 739442373
688464652 688719017
720740808 721186948
443280008 443704402
727897784 728188347
941160272 941171888
423286880 423930068
761257685 762024594
375244953 375584231
971523914 972216425
281955756 282772463
303028378 303251526
228810631 229253303
406769061 407518652
246302470 246431296
152034344 152255298
79711636 80657382
693665080 693669237
732002635 732513114
301310099 301545290
558348931 558479683
616685295 617303542
518537868 518580587
426558644 426674611
181461725 181487369
735988664 736513267
641774962 641845288
62814342 63628169
357728664 358672547
916523147 916911976
255657993 255933509
635636122 636050701
780193136 781179910
523409401 524278539
986202448 986875742
612184897 612970494
316275689 316717041
624592596 624662630
775783490 776709714
561182473 561530009
789121435 789325020
945021654 945643020
330444233 330719597
525925756 526645460
822403244 822886642
414115084 415030759
140481968 141123541
236947022 237045520
605331050 605751506
328150217 329026430
738831874 739613324
206173668 206210331
223299430 224003820
584743194 585227243
549188742 549255127
204147057 204724998
937085197 938009299
371050741 371913721
461783337 462114300
308816266 309320420
89233080 90030479
794787937 795626819
833803168 833805522
630413489 630916712
121696352 122350299
908790437 909681676
693645894 694262516
646449163 647316573
286270491 287056944
299589716 300138048
382815611 383111562
913610188 913902859
422172367 422753196
58583980 59259862
352968876 353053097
491733362 491838278
82751221 83698093
511161172 511811178
636656971 637622408
938087805 938302990
427980792 428691531
216234402 216822001
5385224 5978843
186263364 186925133
291525488 292102011
851337485 852164500
892322170 892346280
748635821 748709042
399554783 400336047
455944805 456856889
216834242 216941400
190211100 191044092
187314188 188162022
124061629 124584916
818047053 818684488
602342237 603191377
59223487 59415064
904265885 904649834
798734882 798812844
225175391 225584718
983747939 984282227
563654420 564358575
99838526 100803841
339915736 340725745
439297050 439552960
707403817 708253830
512812331 513718869
66623962 66708492
150626932 150779919
98574319 98829133
7592298 8281953
282572637 283017194
588134934 588378222
503553235 503741528
58867976 59287075
681913488 682904748
546287027 546417274
634400056 634927347
619299486 619319497
642599596 643459892
438966754 439202503
652980395 653604974
608931006 609339354
356252241 356674883
432188306 432620323
357766666 357916428
77551324 78330731
425759512 425988610
185483918 186071042
403807331 404704683
15381863 15596291
941784061 942473169
437048122 437186743
940457593 941063546
368896636 369126188
429138714 430053901
677328434 678058225
932741768 933375147
845552055 845882459
21367265 22048839
621018782 621436564
749284402 750097637
513878450 514367992
611685839 611752896
245241009 246173893
302572243 302891282
693806297 694393796
765769240 766453363
994510495 994576116
360763805 361083845
204281850 204592388
376377281 377281848
449352742 450294675
100655928 100909585
443115129 443846077
955964239 956713695
549440913 550385049
376154083 376542051
162898675 162982701
415786769 416180224
323331308 323566486
578232352 578373101
854102313 854109736
95737629 96537857
953638010 954462922
376157607 376968928
768404879 768429330
814337296 814963179
919425580 919743967
187699392 187850486
650331860 650657135
802126263 802362417
888628059 888957615
35781332 35837530
742572970 742647853
865178191 865521800
619537674 620403430
769429928 769808538
328494021 329267940
298946500 299781306
411204612 411943047
327439075 327890109
747160579 747229185
510429237 511134149
301111692 302014552
153014021 153325330
138937553 139778489
237685419 238099239
269824434 269938923
635783125 636722098
2486080 3319787
696000329 696709151
978493287 979489770
39699435 39878630
611494872 611828459
636432970 637078427
82921096 83104564
489472415 490109159
603998260 604025811
886412140 886843611
50539149 51355848
181823374 182444385
887012812 887333719
672881651 673392791
561596554 561597494
766824747 766936316
811517811 811882423
409589590 409748272
189741149 190740529
523277898 523317087
620453315 621082139
782952916 783626095
434197671 435065263
888629698 888856459
38539289 38924122
688960360 688968404
187328487 187835433
870610833 871258603
554167648 554508159
450709133 451294047
304930617 305318591
500865428 501094447
441268512 441909682
714559958 715378626
972877646 973274585
781640418 781890456
117891901 118595258
390879997 390892721
735382171 735471968
779881755 780202335
894982076 895590376
588481243 589167575
187285801 187750157
931265073 931814028
223518354 224158784
659829733 660649377
543151070 543825825
240170188 240681716
63583949 64535477
637690064 637705339
783538227 784202405
313214825 313401518
725797485 726356156
727033811 727548315
133831633 134587209
926406420 926932078
966404662 966827965
106614325 106966343
677929957 678233738
641792176 642514135
978561281 978980488
661504925 662198082
897916825 898091135
772175108 772961439
850814733 851525773
249773585 250246859
518300741 518966377
86436908 87027196
422571522 422725951
896431064 896984616
934917174 935345054
35842376 36449892
784981562 785050237
770015170 770695138
700507548 700760385
15702525 16437116
948703692 949030197
965808985 966292767
829922140 830236182
519000648 519406780
183756131 184146952
101707948 101961281
35344609 35513013
157407513 157422303
761852423 761997258
593071841 593266886
1997768 2030531
937543435 937995210
216173803 216929670
311632054 312032178
788470408 789437202
339096604 339867711
799771325 800541673
266857240 267318132
996913484 997830638
412784931 413022067
97357890 97620150
51941122 52736198
788212932 788712215
985053272 985919615
633478922 634079822
103351999 104017093
541493478 542224502
153590407 153867336
321687441 322612378
683275726 683742669
251384304 251832327
934482167 934630364
939473500 939921785
61426710 61833604
962033721 962749528
795698574 795820276
923623124 924281434
456015101 456572769
419436393 420365015
98488867 98946344
670410736 670521037
755988730 756579165
808121117 808622029
349207047 349398568
820943444 821489312
307085241 307972541
540968294 541319688
229180972 229424748
194108185 194927662
497197043 498000490
37452124 37480419
786367349 786616302
45111352 45545463
437608012 438035662
4525418 5148511
253362684 254010064
472963045 473740831
334771393 335547629
111832876 112236831
77026765 77737731
3911528 4557911
401273848 401899303
779885378 780240027
967895249 967903355
989955809 990638916
235297573 236274218
764477660 765045280
571405340 571905198
526338921 527251116
400854197 401683296
424307223 424398427
204224369 205120619
591925872 592819586
739328873 739406034
692333509 692511950
721159612 721509563
985797530 986389978
560166074 560316272
982565464 982913119
311143998 311355896
159371684 159978312
696600517 697090824
966449357 967426310
217977510 217987669
924531194 924713695
989152240 990048301
528555107 529079259
254071187 254364180
122725998 123454045
931780814 932302071
296210314 296451304
917178721 917683465
537264815 538093372
251803138 251930024
484698045 484865925
143489714 143715030
382325061 382814959
327783700 327993893
327620157 328377823
252641003 252771558
740745859 741138330
426372395 426446374
886084437 886704579
76499218 77146068
296484206 296865578
588136369 588470388
392705691 393401248
553677950 554011181
180341648 181182727
645076548 645581659
32848283 33654082
309349873 309556027
818528940 818972377
70204132 70204355
47142939 47606185
583220103 583954870
589801733 590516867
670994799 671368438
853483019 854367181
27072134 27939976
721614584 721772239
803570007 803773505
950797998 951430509
157285553 158181795
339625730 340256151
933762407 934680873
556130334 556154380
722397407 722963280
891148828 891774463
592737631 592998570
910315721 911189740
344629183 345200550
96115468 97003964
76844789 77250305
253927157 254862672
420918928 421891127
808682332 809562041
244227687 244376164
520436763 520550230
598751610 599336685
891186011 891674961
9617435 9772278
837937998 838248582
121386874 121761191
938134409 938502688
50801645 51629970
671136175 672089752
331467095 331710785
547735012 548183640
414124841 414409070
642570503 643404203
717230474 718102800
871567333 872551611
757711523 758642544
223572895 223984829
764313561 765297093
567781710 568632639
302630878 303017804
264477383 265354872
194367739 194697491
43803639 44423435
485745112 486062626
176658505 176795030
180827763 181618282
800278118 801005252
178714559 179218641
549615134 549642541
994469202 994766328
962987506 963204817
531213028 531467227
845534820 846110861
753202734 753724552
581638565 581912551
521525310 521841355
848970964 849951462
131884910 131917638
690488108 690944547
349370138 349776258
16808975 17766514
416596310 417188006
152937964 153617348
74441800 74574977
723583386 724301773
776377297 777281921
491006761 491564969
777871150 778659796
497017749 497106403
909002749 909726749
927313604 927516352
254817881 255139736
423564826 424549848
368656020 369060776
715624342 715941727
308229454 308370559
368880182 369828446
81850997 82380428
955222755 955898969
606307897 606314153
875924309 876169904
358322922 358471122
537634499 538585981
627449233 627901234
986045972 986345169
47865633 48555860
985021210 985556178
191836943 192835304
472942808 473750034
4052999 4726411
211600135 212078432
647503982 648466713
525278224 526069951
300807740 301544336
88583895 89363798
673202126 673837237
352055337 352995775
850385973 850460442
465132303 465779820
625674273 626313497
313976269 314930414
497770569 497837697
791283405 792161349
863840786 864329627
18290912 18575367
210991757 211627765
274845337 275243454
210822561 211363585
853043587 853291306
265393476 266010164
614081935 614465403
936069408 936863397
699575100 700417727
31341171 32186965
880522939 880886922
90194922 90517097
550456082 550854960
730227033 730926409
477566445 478328942
281039112 281439080
249866139 250794669
437781933 438639871
177606555 177681933
480795869 481729554
843772187 844661482
162295684 162880702
998671211 999334884
76470216 77006278
626231025 626471241
681348968 682331795
168064811 168583773
268311149 268995549
602155322 602446776
529392582 529680209
380200852 380376480
843125150 843703139
284934575 285114691
948755300 949065705
954964794 955315217
267001635 267740771
172060686 172301998
390692778 391031252
710375317 710763906
588812297 589325431
178241004 178511415
199974855 200783440
950460822 951084166
974787639 975502318
42397899 42747156
307081548 307533559
656540759 656602953
626190213 626238366
271246913 272168999
491059607 491806507
71366775 71913037
68506919 69355849
402060698 402334323
223785479 224700382
156592185 157051667
768523644 768698041
736683930 736980275
185496656 186085878
241142612 241190354
489686315 490611365
318139078 318246541
54290473 54604481
143018628 143665743
424679995 425091778
2289743 2611349
683156993 683340969
681098669 681546437
151031708 151313481
533101306 533959696
487011643 487121568
41518826 42237994
919675493 920290573
422435556 422674358
763334674 763628050
982896514 983565166
7867474 8436082
448675326 448942129
584982171 585104389
794433428 794668542
964348729 965165709
769126356 769942008
375099075 375715098
451582821 451902579
696293353 696971000
45273394 45765525
306753894 307437892
326104886 326195309
9705510 9920816
305895851 306670708
624643294 625572652
808810703 809547355
759585549 759727917
525790744 525944490
573660687 574420632
877108599 877132471
588456760 589384602
148120874 148167462
828157259 829061763
965448592 965639028
443542910 444080612
301783172 302523453
889422378 890354228
412236351 412399618
642684206 643060464
754363923 755092159
340356494 340937493
789002709 789365494
746297441 746934754
382168899 382919094
691770356 692769142
515961559 516487280
821167766 821689274
661632016 662014693
850361079 851206557
510096448 510497082
77649001 78449115
7530281 7682890
107959744 108878870
28664259 29038812
508663501 509336689
973648122 974548365
680120929 680831277
421971619 422510814
793727239 793760340
553258633 554235679
31445501 31517182
254963401 255836254
754622649 754751266
663161725 663384109
459769668 460672443
468290317 468964766
656374964 657111845
817462370 818407060
532763512 533051516
541629299 541858658
548967182 549679307
695714898 695870762
60486137 60883740
419118367 420057156
895747350 896359506
759115834 759954579
308220407 308911811
804219142 804739672
344962143 345595285
400706415 401127495
874627181 874920574
413155303 414096547
179695160 180381099
307299593 307501872
824168845 825010002
724492480 725068550
922631116 922677745
363589495 364267631
758189274 758638166
715395933 716266769
527159553 527261492
348014321 348457274
134357317 134677891
175419825 176160741
926836776 927374361
432411394 432489349
12076864 13047171
794818305 795065812
779848619 780434730
410866292 411120669
773888909 774196711
541516771 541577169
646144330 646917780
564068350 564599298
501787606 502643394
626773910 627050998
973014516 973452419
149573664 149961267
209998299 210945875
112861646 113018310
743209418 743330312
419186610 419460615
797857986 798002674
691580809 691889131
197948718 198491141
256534300 256843397
788775485 789372214
389610569 390454700
50373514 50723763
698991186 699906487
830950159 831793543
679748099 680330898
82718934 83332090
76752908 77232316
938457490 938752113
818858526 819236123
599927127 600430620
858840286 859137088
936404512 937257567
616566048 616631984
899806314 899827433
808104490 808460053
244788260 245354558
561713519 561723760
424368886 424536684
746686781 747338305
839150490 839570617
980790687 981631260
45697515 46584373
706302962 707145744
101978022 102169416
831506624 831783856
668762178 669302866
825082457 825936440
123933222 124360642
441824666 442098496
547254257 547752085
767786164 768006233
531585909 531795820
930976146 931758767
54762263 55758666
432451010 432883413
442639237 443215436
313116016 313985927
601318410 601883658
196376813 196642059
736565593 736827569
709901801 710128680
645587354 646401000
921712377 922468465
554776881 555696541
599350676 599400049
279591711 280274283
900069110 900541862
834610232 835266615
849865532 850283563
964913665 965583810
320407029 321190094
259055784 259888622
345269598 345884824
27463950 27966148
68019697 68758965
883395490 884300713
723184553 723544936
903509570 903955561
204438204 205292674
774051576 774729787
318104629 319052525
319077385 319341437
640405988 640847349
768041760 768714286
612633042 613403708
431795895 431833159
56644254 57006197
521254272 521544975
806178527 806260685
442231834 442402010
858439542 859272940
746998096 747800399
884704256 885585681
851642354 852475716
837081319 837999648
426312822 426877635
355346626 355917404
259005301 259891319
42561807 42928951
714117849 714200099
663130033 663402533
360996251 361301435
800095557 801090914
915699610 915959682
934455475 934799169
44457489 44850317
187904494 188878648
521655645 522488844
337349433 338036757
891902132 892164657
355210508 355375792
827361349 828055473
786409586 787224486
85854210 86305899
422188553 422325337
376525523 376767761
94523891 95365388
242711947 243498777
785408862 785855322
180661264 181603361
870072554 870188380
296116508 296748394
336925501 337476785
973446689 974165424
519804543 520324568
795359909 795449909
652597053 653065782
846876670 847431023
962929149 963396681
490982718 491853754
129943447 130903650
472762547 473454903
966323386 967151405
953669638 954184338
713192913 714008066
444754671 445235844
916376362 916648005
297930292 298285601
722494374 722533848
469103 939535
111593278 111978422
854751541 854786096
267161920 268122736
640379021 641302748
807021472 807404507
338237094 338738803
90836368 91376623
26637629 26875134
291299146 291309688
704282367 704809671
525288464 525606179
724749279 725653385
524941338 525300394
147336987 147457729
574311540 574379310
197478279 198409146
724905993 725119896
769515210 769964365
624999605 625441867
275821149 276769682
967306224 967914601
375647297 375888149
232811 788388
509158406 509893598
583833611 584696862
170272398 170997295
806791626 806945483
160846006 161461322
671710645 671994453
265762572 266491576
372853310 373246007
532799015 533527930
718601200 718846120
330322387 330944888
511553330 512236766
520569785 521525381
799937181 799952830
218707695 218939831
599190407 599906746
721736906 722338842
506402109 507179482
895096582 895105650
971132218 971405579
289873335 290635676
989706846 989743783
55138055 56029551
474493827 474666739
880923366 881635645
362266953 362732845
22116186 22407082
818078382 818909546
72257792 73038443
531639970 531928262
475414430 475849065
239634645 240605383
584143483 584950514
868276845 869128341
200670457 200735963
772802841 772823568
814636610 815231238
680193042 681086620
287134211 287308704
371835634 372211209
22892234 23474324
479457072 480006872
427062641 427133578
207884098 208035912
284749708 284858308
897163601 897166029
612181346 612479212
172408927 173348062
558131990 559091405
147925682 148035797
380827966 381296678
535029960 535149557
147396238 148264686
622081991 622786391
912467419 912572089
953143995 953741581
447687549 448343697
534737410 535079801
532942195 533034390
284610912 285608134
98909459 99585602
793008838 793229859
230259490 230578382
292419500 293388312
796546135 796926258
478950634 479495127
222573448 222954873
19567100 19626869
69327131 69551349
503781698 504647451
798985903 799005371
835236922 836013715
978077739 978501541
490900312 491804937
47361192 48071755
532537727 533294313
500278497 501179796
528713357 529181659
830451106 830888746
991505443 991555941
790196837 791121124
995359544 995694290
913960887 914259849
444060671 444313395
309611037 310212866
515449927 515458166
864022065 864593706
639033421 639533176
239240147 239583065
145964230 146060652
802992618 803662184
340480853 340753508
615450275 615891671
556864616 557615898
65943292 66623831
521133599 521577973
422270305 422370298
557083985 557520283
97664401 97812857
406073445 406618397
967504936 968121263
626988341 627251125
543053294 543313082
509267651 509375206
501269409 502058923
328775257 329325896
141772072 142173991
544109852 544562647
905794157 905923470
5798696 6371412
575829495 576088862
20535688 20601390
526892266 526966615
666499587 666879435
671535845 672191264
165678991 165969564
623910272 624465840
840290783 841190353
802217100 802660922
999028656 999713896
77790464 78274593
69815222 70493660
607862204 607875116
688019103 688851275
991770711 991869770
805998340 806976829
167026252 167069309
77875286 78771697
360000328 360570082
730166816 730247177
550961443 551540395
790048925 790093952
597950337 598555250
408560571 408822529
594169885 594391817
589955799 590642206
344252601 344305521
324942127 325418685
313269333 313294685
77536908 77786665
49633409 49710987
855876259 856095629
638584319 639570737
547559911 548164446
369289904 369791897
717313035 718011688
592143535 592234753
462429888 462642312
879588319 880149873
676940309 676967911
484531771 484916179
720918963 721892535
944426786 945036961
292738768 293093735
68590075 68692194
50711480 51358680
928029395 928192309
984018802 984695475
923842926 924675525
21885297 22711032
960159501 960876807
876913443 877549725
182788832 183597663
347544265 348060880
498134460 498144812
274970690 275375882
166355970 166461224
421136252 421388532
524482672 525158024
873457755 874123091
149874071 150606655
289333052 289776235
474179362 475100263
123373201 123390701
282718120 282719023
437688375 438420997
88032865 88944982
95824018 96296065
253125643 253766367
179053751 179260477
810383969 811179405
991040993 991590997
719251934 719634985
367998120 368165246
537535371 538412942
692124698 692862029
177403362 177416008
802346872 802656689
643198817 643507632
187882434 188199647
821778377 822346427
776026683 776544339
220619837 221493410
649128186 649738395
627254775 627329414
721719104 721983009
811857876 812058483
333620171 333781524
825736406 826640107
247586435 247922008
12586244 13348999
938906582 939786777
848421310 849410950
447520462 448313579
944224606 944773768
99960457 100927102
438416550 438547566
617017502 617447780
578845207 579520933
572314795 572336697
543454966 543717210
94682580 95225197
195526363 195592422
552959810 553690655
652926947 653926494
916608739 917415180
815664067 816158767
898851336 899489598
664801076 664829582
511042223 512033323
97956504 98609560
705904777 706139145
453527020 453998966
947174045 947874210
39268770 39908745
521069016 522015393
906765643 906811152
487832790 488186271
440606376 441022640
400177555 401075411
145411005 146315695
125865767 126035958
688080605 688959956
138991945 139719994
351835101 352829540
906572527 907413090
546510804 547204818
874975899 875923695
617042407 617634377
573229319 573383883
637679137 638527396
391551896 391685812
186333486 186464377
312775775 313088049
94152069 94680537
977386611 977823688
88071985 88368951
393989590 394678796
937663552 938405732
213146014 214036044
18842868 18890104
215311596 215732186
850868854 851698996
919126611 919574391
581981994 582538999
131322187 132156693
681956928 682871640
491791107 492418770
884707161 884822929
684455382 685129504
790404855 790651134
345099934 345263682
563657374 564490914
786613808 787572537
483302429 483914010
482132977 482593984
695099030 695874964
54144189 54278157
665236604 665246927
450260930 450748095
440518797 440648333
586537711 586834098
671403495 672095456
231535564 231591308
373274201 373427993
924445574 924682430
894690765 895483800
309023661 309765788
36172318 36535344
756670140 756953565
604957866 605479217
237768452 238271619
664054551 664418230
61865951 62606479
827617273 828223350
785693554 785823526
733048595 734009916
777095557 777302118
781884220 782750377
26983734 27915142
599925502 600489249
731452438 731998225
362340779 362747854
38289931 39231840
830034556 831022082
340616315 340849561
695010648 695623073
157014476 157285159
762832012 763450941
916598340 917141398
186953097 187531851
29385645 30371137
914454315 914831007
88496692 88948107
641774020 642499301
809081099 809870070
209744478 210409128
532839253 533478338
713922133 714144946
560478928 561371242
311411542 312081886
30240060 31003543
701757960 701796088
986223701 986911872
565565076 566504186
394188971 394852776
995678523 996126291
687278681 687828966
981784043 982222377
630597713 631288039
271917414 272501859
731499063 731856246
793769603 793965669
231114741 232047817
62732623 63453762
846754878 846897086
862399882 862837608
698405146 699219380
94319820 94722959
682989116 683668042
759065770 759068254
333743220 334649239
543174101 543298150
215065387 215546870
788839325 789700064
201269863 201444139
175393316 175408321
616080500 616281621
901323248 901329604
489357460 489760551
629538763 630199875
341469860 342446054
26154294 26937296
415184391 415312579
759481893 759603274
688210291 688243319
181194931 181375951
714094421 715000516
628938154 629562458
838535689 839280981
928873855 929236888
176302708 177189318
883570706 883849045
857382884 858365142
30795848 30833483
153357482 154196713
749623716 750259971
492746452 493241196
870828485 871703256
189787492 190297190
143220653 143325367
987094152 987671118
382507904 382878220
400157108 400257619
602805090 603106049
807424795 807465155
63547801 64084458
896991929 897474874
631929697 632030562
54788387 55749726
432660580 432774102
595323790 595665999
544579984 544809822
637546592 638272434
641930446 642920986
598836784 599243106
864632599 865607750
90580895 91360567
437834457 438116302
446311028 446605393
609959388 610916172
283925565 284503840
330993149 331885784
235484400 235750609
215705329 216394073
127740649 128081892
951627364 952207561
497659618 498646624
345454198 345800345
684299673 684658346
807770694 807784088
781822352 782712414
813224426 813946180
210461718 210658187
499993401 500197004
169264887 170010146
325454429 326433599
992045251 992176966
663100489 663882201
731156916 732095536
94971424 95463120
390096246 390988807
298120116 298799140
62131020 62279673
427886127 428724696
428401219 428622761
968064032 968798137
651213684 651421150
684326179 684795813
130199578 130674679
440871576 441264309
934667121 935456081
813447980 813743620
845250125 846186339
285024093 285953334
127173378 127181061
340646440 341528410
481603068 482056854
49739513 50257935
7004428 7516937
353555981 353616656
788726350 789661306
797046012 797762628
811401917 811677762
9269480 10193298
127922382 128132378
168070418 168365673
197830476 198318919
123024538 123857963
713184680 713482977
582081671 582130325
390246292 390423991
965520100 965945374
464062354 464273277
263795399 263906606
459674127 459719111
322275048 322338362
897112268 897911206
413179552 413363015
303384557 303814038
837095569 837409128
613377378 614025994
816679438 817376674
972405151 973147431
351279960 351816312
679162045 679318428
291079611 291243306
778009445 778065692
332521923 332895262
4967067 5153707
516431427 516580995
14476265 14657976
57102584 57728247
540767537 541247666
391541427 392425659
829413854 829560281
613711811 614150317
969532835 970365193
576954697 577077296
802135305 802580530
275461909 275839161
521827177 521978357
515283810 515384275
581703166 581944132
749574143 750184725
308571330 309304241
184470889 185355420
552054494 552521040
714639617 715385471
1449863 2079743
184630515 185501704
151991220 152325592
383971121 384242120
799960436 800387013
92621286 93522078
303841878 304431510
112120557 113070832
120812000 121484191
630590706 630689817
435197860 435496634
773249860 773582049
835676284 835793584
827881650 828478904
768575881 769412562
415109488 415399849
336828030 337018381
417475557 418051348
858879813 859082104
598003800 598340306
682355518 682895818
90203099 91033613
713181396 713543214
962263777 962268391
596183098 596278771
18533216 19033868
650418563 650851703
632364059 632685786
615492879 616151510
689115464 689663479
253027355 253640363
777889993 778167700
501911646 502838927
376867064 377108762
348204772 348836325
836487185 836814380
332837329 332880456
567465178 567779413
715554495 716313050
628597298 628946371
411252058 411293274
545950993 546052739
108514124 109235342
384745531 385727708
148300980 148695524
620755012 620821247
942001595 942459543
961810159 962807873
810357496 810669682
598881530 598972932
699749762 700506200
504990569 505137898
829640988 830155318
681677157 682573401
962795560 963642011
953721811 953885761
425815189 426084191
161299750 161817985
795968665 796627960
74326630 74575954
740856989 741585967
589006734 589529181
57660679 58353369
814430453 814815472
341166365 342118674
56770605 57162891
177011683 177450208
737921479 738667984
989062311 989267882
91290824 91456960
337295862 337845952
305989023 306692103
94009537 94717633
814147578 814150035
984238994 984393296
331735235 332549075
944944214 945666233
740600108 741397488
240500782 241354860
319720029 320337496
639646681 640432537
958208398 959046009
550089287 551045504
651144770 651964821
662320782 663048738
216699196 217055583
877348225 878158075
514651202 515424831
499304864 500211776
982913254 983490080
547364040 548346279
699189581 699399259
66990798 67510378
744866368 744981394
656447516 656761456
140499037 140532214
986478154 987286432
450193077 450549674
159201239 159576509
683043047 683121882
385613476 386096141
4701815 5495490
620019661 620276318
801396327 802251383
747103853 747680945
72670464 73526483
232835684 233214711
57978768 58480102
91045732 91656692
526515343 526721280
896666949 897180588
358432987 358766097
363122179 363798094
872882299 873242937
822634123 822775430
95244169 95934997
665842349 666073538
824288847 824378556
370381157 370651338
144791514 144818643
160987625 161345262
124484012 124615283
432516613 433316719
624737423 624949762
432230325 432643861
693112849 694040401
44881648 45377076
688476891 688502522
804885842 805053686
13076286 13557478
476204425 476549370
304336972 304625538
721944527 722322320
803477829 804410916
785224842 785959562
382045688 382456094
30843724 30913152
935281886 935726266
133076300 133730995
425301716 425532605
856202818 856864800
619946055 620893003
540829334 541269190
129855137 130848597
856220702 856866193
774873809 775270145
247428771 247964830
531367504 531946941
275958022 276710401
881126912 881374380
833994202 834793400
964739025 965487056
985623714 986602173
384219264 384824703
799758736 800140552
586472095 587028283
548475370 549453328
332058553 332735814
430775861 431051270
273864167 274835567
374324305 374416713
182904276 183226191
698645990 699534426
932530425 932587629
159500225 160061360
358635682 359198910
393156561 393657360
905226995 905250882
199694156 200291410
22930563 23805720
63252698 63599506
799062421 799662968
573455129 574287733
981016952 981643825
949357307 950303165
279647786 279739264
839360581 840269432
257205949 258156107
704265808 704895938
422318816 423010378
514505467 514747825
494229393 494548974
505981820 505987919
402425454 402911452
294996186 295786806
213836859 214663958
826392242 827074966
530178838 530530091
633637079 633744522
670695470 671303993
442303229 442874392
282086418 282400468
421967522 422325944
131609355 132543352
264314555 264869547
442826420 443721636
166047304 166617816
639692602 640078273
758296051 758812345
41902102 42010450
315749849 315773293
378211804 379094861
129517694 130255993
732960519 733384353
747749070 748037545
175033106 175100471
849487585 850017913
703631772 704185876
822064777 822075531
557513434 557960999
443333156 443895794
423618929 423752589
8090818 8673752
610984894 611031340
528454804 528759414
948954674 949733357
13257608 14123871
775920064 776705596
863404860 863586629
795806122 796016208
451599560 452079374
938757940 938911023
864407283 865394647
560178657 560287701
409836796 410148989
166423510 167202065
991314407 991632969
204429851 204514404
693147496 693885054
850281999 850734105
464442108 464966073
441808332 442381325
809060437 809508104
15160520 16116567
598776812 599417353
518189943 518838420
286739974 287492539
839506105 839817671
724109074 724535127
847665454 848269098
46118225 46566812
87443809 88429299
385085827 385508600
916558312 917039317
927156140 927789767
866628631 866634084
564308791 564385253
513141723 514041010
587608668 588246995
541103595 542041556
105287160 105764393
556940921 557128805
276402257 277260874
385820567 386758079
949559933 950157681
816248010 817012259
320402623 321383465
826866304 827652325
386343893 386525829
959869103 959881349
89096663 89513401
786636787 787320605
345619122 345723934
36955733 36994768
318604861 318715241
886506408 887452937
200994358 201369438
752001502 752136476
627986696 628546596
670165705 671029450
309084186 309839070
706135318 706248466
509474918 509876471
840690915 841368090
93092552 93950300
732422297 733006686
439410648 439497180
81504275 82110342
358734116 359705026
573707250 574105915
5974527 6765918
300353182 300615372
426333095 427109249
562564855 562648074
183951175 184549785
569094478 569763662
604050141 604687169
825336330 826309952
28294124 28877958
871547514 872212099
765319878 765606266
364279664 364760239
85283453 85324009
797167318 798030568
952968357 953562695
42602334 42754417
793031399 793169881
834920760 834978436
538702566 538829206
430736485 431501538
687389474 687418949
545361516 546196955
118976339 119588384
815239555 815261450
315357212 315639441
239827282 239983808
977460799 977589414
412051743 412644784
381891886 381950202
552338265 552536874
137023853 137975013
840414926 840504003
999125032 999256528
94569716 95019880
657493991 657638791
484241530 485239125
443030404 443659470
246186723 246298012
898011106 898312763
705065869 705926477
288959923 289182876
482434052 482986378
941516947 941968544
76671474 77337308
85842263 85962597
905410950 905808443
129418607 129751950
720013603 720846622
486877461 487501212
282543706 283185813
933547388 934078997
555318704 555638535
247755441 248136337
471935264 472584394
441481002 441653291
404823612 405047255
237373035 237673864
56227522 56502932
708021585 708571214
295942295 296179117
126938156 127465431
117696682 118393884
147114155 147707531
494963800 495102428
86109662 86501804
168382544 169172770
813199848 813709640
394757113 395543900
358797563 358833071
724456139 725037592
74372511 75340477
369257261 370023443
919044425 919580419
397099381 397229109
864382277 864978696
526058255 526219703
230982758 231267403
815609551 816416732
799982304 800750298
636267131 637089394
544232539 544671052
495389065 495823005
520033692 520164649
887221114 887440709
556230325 556979040
718007099 718804014
655637759 656164447
595951872 596490423
845652601 846403939
968543008 968715268
426749341 427267800
775820408 776488838
425452841 426342382
118113714 118558919
187581068 188419632
957816810 957848152
789341952 789892680
594880773 595099088
590779592 590900591
564357010 564505677
698947182 699079453
129014942 129229998
493623912 494200992
443884267 444490006
919356464 919924937
919468614 919811295
746383189 746641632
702716471 703252281
312265192 312875962
566949888 567735200
290985095 291844167
739559610 739741806
631403576 631873990
388838812 389143117
562096339 562665835
132264534 133242251
1515542 1894141
453290822 453748120
865806359 866496079
738698893 739467013
134582930 135262112
311700943 311836439
70760036 71555114
604027121 604282022
492290744 493154969
64299309 64696359
470201690 471190790
621282255 621862356
157480236 158254499
563787519 564582515
695182305 695322081
953035989 953315978
645978196 646157230
424446427 425297159
173257020 173682136
299784514 300023462
925569439 925852517
786919445 787536144
145230678 146206718
899132764 899316647
111912180 112597717
157871988 158708026
488935684 489878841
494982550 495439812
493255407 493453859
556734791 556803841
412874991 413684353
808071495 808439706
329614871 330356296
821002738 821961913
607925152 608123129
199968588 200050913
166591921 166964766
642444635 642461803
711066876 711272462
872436760 873234217
509062162 509618970
531642943 532054900
997664182 997720541
684080801 684705386
458512068 458735254
332818293 332932528
775647854 776441310
420344739 420904479
357271329 358056936
312322139 313110870
164178435 165064801
679037333 679937446
12900747 13844836
372891370 373301552
908642922 909463029
213995345 214965588
636891102 637831349
613239019 614181866
746523219 747194395
662780719 663500363
149476868 149672582
450434201 450773546
295219077 296176988
282381149 282685224
635121392 635280072
116515192 116577143
872542810 872705896
417317604 417404211
115960938 116875856
138919100 139523020
102644947 103624054
664929936 665282289
493547090 493965423
965132098 965343822
283013203 283332536
927834808 928688462
720578516 721112265
832669004 833317061
134079873 134743774
593552019 593554865
490030767 490265203
372001951 372157338
989378407 990083816
441618429 441776386
394515343 395452329
599331868 599576517
827031974 827113081
869284224 869609805
650905086 651823036
825853732 826849417
659806881 660101578
736095926 736888295
929268902 930238827
674777061 674880532
879248628 879704958
88237331 88734640
823093072 823294413
72753987 72997515
433521644 433536890
813292251 813460441
398452588 399332549
722149885 723076616
161802539 161904126
288117640 288195853
551960592 552791377
318876596 318967514
578235557 578657983
921374998 922284876
230598152 231595827
366991490 367005193
256405739 257385612
944823973 945459130
120471583 121442322
790246135 790343781
600192599 601074687
576135365 576400108
75965029 76807939
751094100 751428870
157248675 157683845
75824190 76791095
231289661 231811188
434655913 435389649
634831766 635288106
929877681 930338013
302199515 302974516
813700651 814132055
804198731 804550534
118076645 118252668
607588988 608311540
50765561 51263991
620249519 620677062
163521902 164346594
724412288 724914034
291522141 292054877
187946457 188283819
924121389 925023923
494372679 495122602
332418823 332514439
852716066 852914911
147632635 147921751
330946366 331715117
210468837 210796397
597802591 598281578
166667512 167579354
466211458 466894184
283243544 284139479
445169930 445859528
619450298 620187813
266946554 267199835
762359689 763297181
863754848 864632709
694243846 694742359
495602758 496131483
854935342 855807714
790712232 791291646
937832574 938151236
488292809 489236796
709413440 710405865
762469964 763314196
50192948 51128246
129266872 129646684
866545578 866954226
302080987 303054294
630794827 631638260
927840424 927924681
933456861 933607113
767536140 767986520
367137932 367495539
478385617 478501473
6602294 7398878
938029188 938583055
663703288 664480963
337189661 337624432
304290542 304693959
552114757 552739739
61189841 61319247
423878664 424000511
791884823 792643111
572097797 572736661
915100855 915280675
442435923 442830018
217871530 217885225
367627800 367982264
510178079 510853957
114393816 115143031
336045540 336080547
766375267 766376746
575550420 576446962
623974057 624432907
207146249 207973834
404236430 404356526
141228374 142149403
552166363 552504096
910858960 911555725
739575706 739666997
679170974 679278469
114113399 114289038
637531092 637789067
62133606 62312972
312449084 313091474
91007595 91275449
954426210 954974155
115819906 116711125
564619669 564682162
135116317 135308077
542977435 543705265
788128483 788770409
366800611 367183349
367057767 367595225
202652702 203448775
78600617 78999344
464362819 465187156
591349142 591364222
466862717 467755519
10515019 11112410
586757019 587119971
785149652 785358752
706068212 706444559
959662263 960194652
920419941 920551711
404465182 405340481
27992892 28741303
797615634 798235637
736371563 736955185
480741852 480976858
566606968 567517546
679545569 679807282
731784200 732352944
262568637 262966206
861225349 861655239
453804466 454567121
61772006 61979524
288612067 288832537
832879352 833054255
669282534 669766958
172016400 172967826
678122167 678375478
187776596 188602922
321246511 322189289
963140900 963177723
235738377 236640784
733950237 734353711
978339372 979192494
168745621 168914526
177754552 178475679
304442920 305248894
529516228 529530498
912721817 913604363
743011911 743080893
362638541 362908093
818757606 819628910
527815057 528646699
61107812 61244172
186066082 186317560
85404060 86186319
561795766 561806031
223398621 223432436
489017733 489357164
251644280 251910157
556608992 557462541
150067165 150480916
478045043 478978762
580570245 581426885
848701317 848773212
945484797 946450003
947527132 948259252
553154439 553682572
873648197 874338386
127568220 127917683
251366822 251541998
661515600 661586829
1128016 1234172
695287537 695375275
877246328 878005996
500820057 501428448
470507807 471073073
659257510 660167006
358263920 359175890
779787800 780605362
143974280 144109298
312442876 312926293
235565409 235601157
89769648 90343869
63960809 64057148
121475278 121942608
846233968 846796401
33785929 34626549
802074356 802765215
101862153 102354922
185141633 186017676
233377041 234285545
660707700 661515011
522671449 523499536
423441330 424280638
516156643 516588662
998562026 999256067
179754219 180183859
114518565 114654033
671011488 671432370
87690279 88600182
608789759 608872033
301690095 301782496
379453627 379875084
686113808 686711388
975669424 976055517
825897015 826631268
194052797 194752580
945345263 945820586
209532723 209809176
657581811 658114103
508343350 509084010
305950483 306915041
206265647 206844577
617723150 617815947
910682622 911498969
453563321 453815912
545203635 545708758
5371192 5938933
731248474 731875057
902704494 902889339
424840758 425357659
778110649 778193016
129223587 129996983
91513924 92256701
17333546 17537741
245945371 246819042
413648939 414123167
328928901 329854557
607367716 607772938
989974973 990021240
225743275 225955400
87555367 87870018
579565814 580056263
390689412 391606057
305423429 305549382
283285489 283649633
532693328 532811603
966829341 967791854
856102386 856648648
31554844 32435637
638331998 638411970
752417707 753249150
200434569 200964188
830642749 831331380
277172185 277503882
150924231 151695149
312056197 312105837
649869697 650071197
842324749 842592714
343298265 343901920
486210515 486657714
916572026 917285465
858921159 859494281
15218121 15991474
820523070 820919214
503946818 504411726
401477417 402303269
3969504 4846860
569101496 569221405
774176419 774330923
411402305 411569642
36224613 36761160
561578081 561849075
495126064 495317278
482631699 483033108
693017137 693503472
352835703 353579936
27684350 28130063
475824757 476513134
419529258 420141407
244427233 244856961
876962015 877733477
472375227 473347946
636060822 636117552
238260202 238521797
44539462 45087996
772030935 773014670
875590581 876211450
89760969 89868077
440612197 441499061
224481624 224565873
18368139 18967623
455433778 455501732
494426736 495397441
314504647 315199270
374771071 375530864
521813257 522164007
889082899 889375933
508935134 509303918
578976106 579925694
597352786 598138912
292189875 292987016
912086069 912283052
911013319 911893588
481050088 481916879
634188882 634806054
282298580 282545689
786448883 787132714
560107049 560860356
808199491 808909345
867608610 867943664
679086212 680005443
109665822 110479914
998543083 998972950
745277025 745464869
310625720 310645747
581060938 581187683
858204067 858843595
788181693 788292505
183447282 183630774
815053710 816010118
232681643 232760809
793579814 793668117
491291129 491361150
140031065 140853117
474787162 475666130
679288031 679925905
188619177 189279949
61335080 62319069
44678779 45593460
565113163 565199789
951838611 952506741
556050389 556283743
817031029 817740120
386904974 387781887
572644761 572649595
427300014 428023973
748442582 748999614
923923588 924450357
314503934 315050448
918266119 918402899
320273586 320707583
536480960 536812233
121001450 121142330
633079688 633146808
98720028 99259417
421598847 422387072
558510619 558879294
725493330 725938107
777039368 777783232
723797752 723883286
336785101 337526981
549115359 549378483
234479832 235021488
217140356 217528471
47224793 47958373
794488926 794793888
567276444 568086962
575528431 575948117
752475071 752884924
748979634 749771068
408457725 409144065
360811987 361579620
461898124 462546283
782336114 782386992
10722254 10834683
758105268 758408757
770641364 771509997
989780220 990683230
329479329 329640973
572938114 573233887
236377103 237093976
828120367 828682638
675889943 676802684
34122960 34424185
111945187 112290479
192322049 193211550
768631946 768860632
181984481 182946852
761500742 761909222
987194179 987757978
255722045 256171093
899170203 899913971
340868792 341492969
784700720 785642709
334038821 334562927
237524460 238518852
793689506 793889108
394498728 395237008
94984658 95666023
208380764 209023715
765668195 765853951
616688183 616859996
854946302 855070479
292943897 293290351
493618945 494085446
252620501 252861973
740059752 740430811
523848781 523959902
405808476 406769920
346662088 347623590
222774704 222918116
641111280 641326022
193811750 194269015
908065720 908904111
947197049 947656846
479725856 479928993
314698520 314927927
581732543 582142986
871293555 872230381
755530823 755600238
123829850 124178610
768532457 768944430
524370038 525060331
577045376 577335016
433609253 434454343
439198216 440047061
6086535 6354480
909549368 909712891
209250367 209310008
828317748 828451960
969408815 970358457
923622478 924439540
662512367 662832382
729119794 730111678
473447693 474232845
741191956 741261527
623186580 623692521
200475244 201171624
250210355 251145618
920075420 920660683
914542113 915043834
45093336 45814206
666185842 666700197
3837315 3944786
432382043 432786907
634635320 634818671
181597283 181607128
136108844 137049728
933738355 933747853
320759925 321561764
235202191 236058495
533208630 533544518
520795949 521382595
795859285 796495810
955080002 955950162
407576235 408508878
61360429 61697090
470369467 470657211
885430034 885978645
189879362 190796184
975933784 976254493
126752949 126993533
739572285 739814938
630009435 630439958
594872126 595870380
235228616 235445397
560670344 560841756
974113563 974819001
531560976 531691484
678166052 678651181
961831306 962277367
484263226 484355760
374472925 375256453
29890398 30597613
426157703 426739455
539584273 540436137
890274304 890384887
471420624 472230159
342670609 342893684
872993869 873555274
566038996 566989837
413565610 414278791
856100259 856413897
979891448 980441017
621582839 622530573
427372565 427380801
72371968 73278199
204372143 205256291
459178409 459291000
648110815 648995964
405377327 406010622
879154065 880026043
445165790 445284860
829056788 829680043
735575768 736058881
147258737 147940372
240011103 240363764
396052997 396305558
407714112 408347672
418041817 418158796
420139440 420695114
43281546 43897184
385134331 385987283
976154284 977098943
346812703 347573940
531493808 532372264
897230623 897973504
426122090 426519243
505899663 506075269
116620964 117349296
21010091 21361799
825148118 825698993
979113325 979312798
888420364 889402254
179689912 179826548
680748634 680985161
975028069 975300760
237507133 238151995
949034617 949082375
113343043 113734384
198539561 199290610
155268485 155650418
282982561 283763843
100650727 101458633
471083705 471110750
479505137 479979070
172528817 172699689
10158891 10780731
783680161 783820926
734658439 734678494
737760067 738556141
857542857 858150838
547756662 548234415
252028819 252789181
363666613 364159861
397159959 398002262
254773895 255749732
50096961 50683026
727254197 727667421
380197620 380899696
481133422 481633875
690130309 690780734
694255412 694847945
199736574 200392757
14085476 14162025
8970898 9907270
968189628 968673171
630305433 631223634
586620112 586733967
79350432 80210170
156432880 156508232
722608972 723374971
104376545 104596894
684833026 685421818
98359812 98798132
932382259 932859696
364834648 365307600
93320466 93478887
258925419 258958728
984118814 984309628
60640881 61307135
456299614 456858302
239258331 239870820
796371934 796550219
508169068 508287283
607888629 608108924
577166975 577471937
929272308 930127098
630893902 631186986
1882186 1994300
929054031 929068581
859555014 860524839
927723867 928256939
334175015 334290857
310972435 311406656
454259128 454329365
835365265 835874940
475861322 476435052
608833320 609573787
607184245 607421777
326680778 327480783
572949520 573856682
546314142 546648934
781414798 782291830
376280073 377237713
362672624 362935854
116564888 117526380
594783876 595051460
857602810 858021260
846893542 846910070
237560430 238095250
962318041 963184949
431433652 431454297
205913478 205959793
402650910 402746198
355894114 355957212
223041542 223141398
931763707 932296217
641397766 642314670
770619678 771464162
613984240 614141096
821072209 821096382
325855669 326438652
486590134 487564976
532061270 532210999
298908560 299904622
893522120 894071551
133383653 133765314
970834469 971544672
53269545 53270194
667316323 667378121
181594933 182253257
92640227 92646236
45894148 45957697
907472094 908411510
340186040 340796615
558307622 558395391
598023117 598599650
971064599 971810844
13908404 14478833
659163604 659324134
683262165 683339821
451650760 452134471
364753111 365689768
948874253 948897434
5702137 6096038
983494558 984272540
470681951 470907991
907165979 907189328
300111315 300953990
952062745 952702821
449073758 449368861
162857285 163181348
853303872 853849160
812430923 813135455
888253412 889014511
380520390 381421469
742937333 743659118
431793062 432067489
59897181 60487132
582925570 583458487
763242645 763730214
396560185 396582524
114342482 115221956
196253614 196486647
903166850 903654719
505352543 505808124
205865313 206558091
576867320 577528656
591504787 592110634
223935134 224931875
246615330 246698976
282183561 282415092
256748445 257383881
719205475 719254452
29288237 29660539
761911885 762382701
958328270 958809451
887149338 887873299
135550172 136003972
154405902 154578331
521549870 521660617
332782905 333009052
706042846 706162787
671328290 671910099
921518329 921850198
245547704 246276093
600966966 601299131
959456490 959625322
370866820 371543038
242840629 243363808
849957662 850366964
353610486 354196849
892420818 892432246
229529046 230345530
145036908 145490273
493527087 494356678
874414211 874701388
143179710 143450715
157425279 157501046
514908796 515434701
205291506 205558549
817011397 817309007
97320656 97425459
791028814 791366343
693943215 694238863
16483447 16845419
831888925 832602833
837754353 837996434
571728982 572363057
917825807 917873119
692241630 693117202
693456596 694351534
785200056 785285607
458565419 459406902
326494960 327316839
584565108 584895589
633578028 634020309
176670070 177575360
883792511 884618679
359229994 359409745
973597194 973902168
570216323 570923415
547919811 548329813
548604388 548631643
709042 730191
755149252 755167152
375948440 376274276
292783148 293546059
181994442 182869652
490060940 490440239
378166062 378660559
859598845 859953807
606928802 606981902
752012232 752421715
637146227 637622838
179738466 180017102
59347579 59955420
470816303 471412033
749889289 750870366
478781121 479116234
57789407 58047022
412965611 413519450
411389126 412138758
179157763 179916019
32891317 33077162
318890437 319439625
773944113 774193634
229015717 229586610
952693078 952974508
59032551 59885538
531264715 531803823
283386020 284180863
347378397 348271230
353225602 353230541
137714229 138532364
541139160 541656975
815710669 816669576
193150061 193964862
782954051 782972677
228956272 229631565
174281012 175036578
199282007 199310824
771385253 771480802
418843583 419676962
355633065 355794440
676666177 676813993
679669979 680459863
493985566 494098396
987082895 988013091
784468136 785146907
915748001 916281232
852574664 852678214
712956569 713536763
58178850 58593532
225009177 225384500
297451902 297722020
230497998 231463757
926174553 926614772
694725400 695374308
897078011 897465434
757957524 758105635
852327834 852841071
210803724 211744148
665393067 665617001
679367553 679989077
712571753 712601075
376103537 377056646
910476368 910923829
121925681 122573248
677680275 678445653
992495053 992572720
235734804 236477095
845271286 845775767
505899708 506334370
643804391 644415002
382507884 383190203
223427737 224301171
72376962 72912039
105148319 105163753
827108948 827276761
998596013 999056420
547497740 547655646
497355957 497582907
424547524 424579359
157973554 158902677
829710902 830014589
812345540 813000955
828811608 828840368
1203847 2176620
298044049 299039148
476253439 476421074
239974501 240528488
702325253 702332310
500249229 500536985
100111783 100454165
524405558 524668527
341661650 342333931
194576323 195513056
155964520 156759918
827123937 827620234
300135794 300391212
256474613 256621543
573908743 574198978
622806432 622821921
423788185 424480530
823819778 824290271
754066880 754488325
26615581 27113648
360319355 361052439
882606082 883014676
989061176 989938008
69832848 70604341
847552416 848527828
797136073 797702309
317283864 318067919
330003290 330014628
128798866 129172454
14277237 14679545
381631129 382024581
338974712 339209797
462717378 463627459
37499338 38470995
163326801 164185927
896356032 896972670
251823702 251834023
83927060 84774057
2676777 2800379
301504758 301689613
953315844 953855030
623722873 624064493
441875676 442285312
268052383 268770585
684793550 685364418
208121534 208671538
563107856 563556725
320513363 321180647
325939432 326804348
10668768 11257123
819851419 820397514
935212259 935927018
66627488 66654913
801207727 802060231
595532447 596261775
207517910 207929934
576980915 577156330
592687862 593517723
769029398 769853260
67326608 67778312
654238376 655211316
780096155 780814469
279290828 280132353
870696349 871050200
125499382 126122147
64441522 65208014
901056458 901898614
903382501 903863910
877588989 878391243
681821698 681956724
39034834 39066097
748846953 749127255
206684349 207482651
163225567 164153179
678339343 678397110
705966662 706737088
292115734 292906576
200773809 200773911
572659799 573556022
953588451 954509725
104185566 104335686
404687991 405539987
421339727 422191575
793288085 793425034
794304141 795218289
277313849 277351373
681531469 682402951
91112583 91191284
763428545 763960452
166935662 167287408
112539044 112942204
815081151 815777404
876443039 876767441
490497446 490866271
162782408 162799058
847368205 847716513
887727830 888019797
286350006 286646153
38187917 39067959
283773063 284117977
468899576 469200481
102452309 103398883
184272450 184786415
343675985 344317025
90015675 90284218
201472089 201672470
44397714 45096885
886114172 886566458
605522785 606003427
429121899 429801358
161724414 162013510
713415340 713967580
619579880 619742744
967526503 968367568
124012764 124453595
289830701 290526326
498656616 499121539
758075591 758776902
62301103 62345146
885428419 886015346
11584861 11744861
490470102 491417944
457486759 458113690
580094162 580696697
491235908 491439809
345678723 345740844
242949021 243478355
282233966 282913307
876436183 876641814
281560503 281997822
561019353 561501477
253639668 254146155
794024770 794497289
412211196 412659311
19780343 20640798
216396266 217001542
567862534 568532852
572949648 573905899
582240446 582463545
488402759 488867477
288263096 288449533
102458971 102900308
903269882 904259378
598048957 598904984
184999632 185926144
716033502 716564955
482009812 482595991
539125146 539717629
233120937 233411907
75479854 75948708
918967434 919134364
684952285 685730107
437955344 438900578
577078054 578010369
928748572 929134496
849996612 850479793
353614144 353775666
515550564 516305023
311007002 311302835
578735623 579081437
634117989 634228207
739906183 739922329
409259508 409707480
926273314 926306424
445402461 445464329
585835170 586276200
738894063 739612350
958370074 958553475
947709176 948626468
759531998 760485550
248244371 249145157
393331373 393694453
580634111 580635960
755271258 755727924
646503103 646570682
680363179 680997726
51375285 52286476
196840431 197820736
813224695 814070592
747318982 747755434
763553385 763922492
827535301 827616877
642094834 642120514
876073275 876374382
186884591 187026064
706043893 706513875
347385248 347409590
494294132 494397788
428067399 428291853
444884501 445591393
614652940 615302133
489765234 490659511
574694132 575603206
53569687 53967921
130864536 130898922
913656583 914455907
667271144 667705170
943589611 943822385
62354499 62651769
304845060 305836323
409066480 409634571
766219524 766516329
797364164 797374888
672287931 672614560
787012519 787364515
535236112 535862554
797026934 797597021
629982755 630823113
936435931 936817657
203887002 204799163
743750416 744402599
500309682 500604469
114309488 114917690
937985151 938189500
268707609 269403873
130083114 131061498
891716838 892220973
97003917 97143467
850721444 851033114
475962885 476075945
806959425 807316794
381249086 382223185
218382290 219084712
842221257 842817195
181580238 181658014
453571524 453846512
98412369 99367197
830738466 830982720
605323341 605551632
237823311 238098878
377826092 378815912
183173331 183669183
248509320 249064673
173696896 174264228
375526746 375759493
768114610 768175415
722075224 722308936
862484096 862903353
998121639 998240006
293712052 294706304
903740680 904696455
435463091 435788988
11600951 11809262
781545420 782091337
323374844 323505787
806027102 806315178
803647149 803816526
862279749 862902318
324919329 325100886
481298092 482157943
435917668 436450588
899975148 900297198
973013390 973691432
75794346 75977220
963878730 964702853
441922441 442904074
216778834 217235685
382430452 382653368
760189526 760906564
820020392 820384356
373418604 373701286
8036318 8404839
625833555 626492108
99530853 100013928
766672834 766678863
968227571 968788308
809502808 810501772
406318006 406515496
354806480 355620079
136133674 137102201
493953077 494320527
382523374 383449274
794395369 794671128
874847290 875270782
741033243 741548635
945110678 945354391
232494898 233348927
848727337 849432464
25147001 25539082
352283537 352989498
395816943 396440693
112683808 113256978
295934657 296373400
112956009 113326098
773798164 774521250
51272975 51715368
950342571 950487670
597074168 597963602
997549560 998383044
416006115 416505579
508480477 508930889
997274275 997460340
512488561 513404764
511962499 512923273
157636417 158517567
677157183 677814229
496195780 496257395
140401483 140869558
258348614 258712338
45097698 45746484
508349394 509198520
959138530 959641082
83411758 84317717
754697494 755059092
123386047 123923622
328444723 329406230
295604958 296421722
354694932 354701154
260090526 260404275
653468818 654381444
452521237 452568334
736980011 737198379
288639070 288728641
64834880 65778923
915689557 916091693
530330367 530555488
673107031 673694563
295981212 296380492
16419239 16646230
115888288 116262599
180277705 181051595
22845381 22969060
462710800 462721603
370672998 370889184
646767754 647006232
568285605 568729593
553629135 554137616
327953243 328729249
414536109 415486168
94869767 95011835
308855961 309192412
321383652 321539748
41617567 41964048
527372684 528198979
349864551 350231263
785810374 786358818
373015282 373502837
925960895 926530989
960836224 961532795
869351880 869558325
910786758 911264836
134786203 134930800
429364543 430230151
220516933 221460900
618715040 618959784
678327522 678716848
688819752 689096458
953120680 953781762
317223108 317852524
669431381 669838402
191289189 191474306
390345516 391249979
517941822 518813466
893672629 894261190
193858337 194717411
606025741 606350399
743286085 743471501
605450654 605556383
911163001 911979559
747103961 747114585
457616744 458240997
336277658 336307623
25330665 26191233
840618081 840773507
756711267 756815699
415246839 415918069
787192805 787336778
102297873 102969525
550548780 551310962
81471870 82101637
529849768 530030868
670204165 670891564
273337818 274124720
830202890 830281229
735140688 735195746
35661317 36048561
840950048 841263720
438038193 438189303
596074817 596737320
11094955 11314701
723769831 723828728
136014345 136634987
780323731 780911978
834090512 834919838
290779916 290917813
845243700 845980668
197417486 198181393
570486195 571257819
745282639 745762623
940643286 941485988
361666285 362100342
508629443 509182636
249274432 249707430
326758160 326879464
665771492 665803163
351320089 351337837
530141031 530582411
148711834 149496322
427020635 427224956
760725517 761347310
990475512 990548025
469692075 470420323
776586287 777144671
815196371 815749658
526708789 527008314
779106667 779534102
430748100 430849227
518110914 518140582
231281706 232040938
567510589 568337991
517055545 517827425
492032416 492106232
762104875 763011551
75402996 76388520
618249381 618852384
316530152 317270870
488274458 488913209
455229969 455766088
352290306 352625950
961647574 962062986
302894796 303553448
181294481 181635625
368035709 368975400
406516573 406684977
809728669 809764408
252738328 253307079
69704301 70165530
273986393 274662351
478329494 479125428
386442153 386829975
878224977 878958649
694634103 695525160
363715589 364072430
701664297 701786924
912076877 912971692
600845858 600901118
276772393 277473103
697914409 698644830
554518924 555403872
361911832 362015606
800318425 800350978
979695707 980621783
352467357 353170675
644786654 645294067
427087447 427265144
251420540 251565872
705948893 706226152
917134193 918089740
934373708 934888090
935626650 936596118
504363128 504908632
931846961 932197208
860505371 860679257
784686261 785262619
715159228 715468094
853532601 854353887
745131309 745473494
451780907 452304884
823821098 824740577
744049173 744219138
317280828 317521924
971319690 971987899
201413456 202402414
780180257 781160918
489290606 489980561
865957624 866264887
662544261 663444946
426686416 427462644
154066302 154425959
323121381 323774054
88950933 89905273
167980183 168815764
941933633 942258558
173494074 173691291
710234402 710810213
617869343 618242523
266134909 266902970
623664785 624554574
114489572 114658931
853375133 853393691
759369096 759431623
83342615 83422378
434774265 435267240
810060359 810827408
942114994 942149702
257372244 257534551
627944509 628115163
851195357 852059863
302340326 303126834
214836659 215518828
643827365 644589634
544450974 544608564
692379814 692616341
47593485 47836341
9954920 10299811
450707934 451259595
497868943 498209771
610241703 611179856
720222504 720641044
926325393 926808737
812375907 813233246
722306575 722737389
245606968 246208170
359775489 360060553
994644080 995061630
314806700 315199800
68194240 68363021
242506519 242755693
547799665 547812351
228941586 229286783
526514643 526605456
840690014 841223842
661140464 661370342
954661015 954736877
836429296 837384960
55748090 56446018
832444825 833272822
379961217 380690536
146847728 147398115
759610974 760147283
954553483 955486101
898353715 899008251
948845705 949014819
193859761 193916732
827583824 827584886
745560107 745620826
511855670 512505149
102577894 103232699
376912427 377345556
860395222 861127363
613044801 613189049
142499666 142698025
271222786 271400232
267101330 267871852
640168143 640385034
895485356 896397600
17982993 18912562
57949868 58261438
898848888 898958139
754410880 754591143
680873772 681428779
595031420 595108663
473124385 473864278
205518619 205649455
322770614 323149242
948809074 948954930
231228754 231267058
643137174 643447271
927370754 927934929
977738473 978607016
335000295 335657683
187430623 187593912
856774844 857232432
469846717 470354110
42764438 43495276
975652283 975768867
461500917 462157954
139711614 140613120
989408844 990113588
34183741 35081082
262429875 262592445
303593392 303920544
714931830 714975195
770014411 770209805
453362771 453526922
601624991 601748336
176737162 177436266
406202072 406553737
239612384 240050166
970128532 970321307
391017809 391538860
225976512 226305107
852671030 853093037
931989131 932509107
817934316 818699679
676803730 676840434
750759483 751713232
446384528 446491002
439854825 440398456
467948087 468454570
256178960 256634457
387497052 387826650
76729376 77467961
257794312 258347328
968432618 968657348
695925371 696489171
303557 328659
572441449 572936888
379979308 380534223
478280819 478455634
280909147 281835671
624894848 625052345
936190285 936677356
896098457 896679352
584736499 585048736
654839167 655735515
920304833 920765930
518300728 519026389
345372097 346280553
878133433 878781160
276416431 276608136
522463093 523395067
576773063 577454844
630908244 630999371
418915422 418937242
710844700 710904734
290917116 291830673
711101683 711263831
842656855 842824420
967805993 968211545
249512036 250179150
783052332 783160328
607329652 607906321
341614594 342291546
132258442 132353653
503028220 503496102
963682199 964571961
431628584 431952724
977992050 978428835
352105803 352414468
556217191 556570624
324585544 324872225
231143745 232049713
53956947 54902739
364136384 364691841
382095019 382456282
505753398 505888102
743880031 744355599
28126123 28620065
606918980 607404424
590483630 590562044
88689466 89491637
2479614 2578540
488653784 489371021
11916960 12525638
299377808 300336113
895525157 895888832
773773814 773995438
385943456 386277837
487505268 487924240
86911930 86953006
55314150 55849047
366424908 366490153
625117661 625867366
246090249 246138813
705292038 706025011
896200191 897063037
106761948 107683321
674908606 675686824
496363435 497341351
506077547 506768609
493100921 494065741
826759314 827046545
429919223 429972959
394894848 395319227
165833495 166798026
132205053 133168896
480470051 480546167
705003758 705592027
76803834 77766629
83534769 83573036
770297106 770593923
721723798 722148223
406855585 407671529
965257725 965578665
129701816 130325434
216290683 216949686
970271775 971268566
696105534 696832975
476394023 476800494
83255478 83758103
317709909 318221778
957819609 957825814
758147408 758824654
927675126 928118613
374706587 375440609
609723927 610195659
874456837 875114366
608076615 608562668
156109689 156816603
919696809 919904867
945060863 945592394
199449956 200001506
302190440 302416302
710866170 711224354
717408230 717616980
668510542 669433595
718752317 719090158
773316785 773732306
284765460 285174316
911339624 912228512
755227360 755955375
30931808 31262405
841360502 841632651
8288939 9189940
286683810 287429335
405840738 406561212
514816475 515023143
618716630 619678868
285237679 285924671
261978123 262607197
789036778 789375125
283461893 284273629
769643158 769912460
685481709 686439536
16653147 17280675
936235212 936512293
152173088 152937887
160375893 161121061
208888047 208926111
646842781 647810627
164690699 165665493
391513821 392294895
764304402 764528453
163063588 163257536
393497596 393952229
250950795 251391345
885148919 885892783
107461409 108348562
40022953 40233725
193023637 193038920
443175069 443295865
862344913 862715708
837526180 838256234
547952916 548322509
754585538 754942912
955932299 956211873
963672362 964618071
559684831 560002877
777529588 778003303
364981608 365883629
737693072 738633794
668802258 669000101
884113635 885012695
675999547 676894571
872383220 872448453
391922829 392833250
442544626 442999394
50481003 50646251
344413333 345206846
633332091 634218438
667073031 667983347
937275642 937470665
71488491 72221919
766256592 767063341
912184186 912216115
881612039 882587573
74621387 75343290
861529647 861941513
739779804 739882053
302933481 303848810
539568660 540314801
522224448 522306375
165441247 165443584
419298410 419953401
227634238 228324420
923396035 924040478
841312813 842264807
829199824 830096903
13414633 14190883
812899752 813189764
789771192 789788095
986169454 986384925
559719829 559748690
941589078 941917173
152516657 152684353
543343971 543591108
665603260 665791855
210729585 211008993
765594699 765930739
289483581 289664938
299138835 299429842
366170243 366172272
540316308 540817095
400121496 400216270
793380538 794332777
99244472 99899423
423649573 424340028
99313576 99324832
122230013 122408862
807116915 807350701
297479636 298449942
543180972 543374563
276616955 277145780
873650510 873962903
908962285 909769524
388315742 389266068
306362040 306966043
747482622 748252084
762672408 763595156
891905571 892654100
996121683 996306333
405679310 405852840
174901441 175584703
686791992 687198724
832394438 832955871
448956205 449854747
642401147 643337386
357212634 357338721
715381241 716116875
375518990 376185881
752486877 753347109
446668370 447311415
833835959 834653102
378397186 378955509
141566603 142363185
765256133 765929496
728631936 728762482
337580132 338464331
722743985 723301039
759307233 759316200
167540409 168320962
112037718 112615138
589111044 589538348
433804030 434466324
431711207 431903132
752272493 752483088
412806820 412901147
145296792 146028321
431513549 432347270
579459972 579460796
7704802 8418386
958035448 958817797
336606807 336941216
929543657 929705507
621636117 621830432
76842487 77368262
727850437 728653693
382065085 382759395
464501308 465407492
930707813 931265796
565577697 566389978
898737667 899434831
37174721 38108407
907806212 908586230
572996929 573086159
19777003 19965854
217475376 218163533
299600210 299712369
756860405 756994144
291327304 291997908
428997247 429969556
92214268 93156717
836662900 837047647
191942142 192788855
922269829 922936111
597307625 597327277
301563223 301677521
760801749 761138384
845323554 846127696
496773205 496941735
401955711 402128714
714794202 715426923
962894613 963198816
828373832 829102561
514367764 514845405
80329863 80811508
151032606 151617425
255246734 256183919
167941495 168776711
884675937 885041823
358304315 359164552
575102354 576078697
337771881 338664819
650626665 651441341
783445030 784140850
789703093 790268139
938077549 938790339
301314381 301334035
293257307 293259389
254473258 254630572
855868604 856362297
481761516 482134930
768628659 768892596
465565214 466184207
205192254 206116773
110498870 110512583
885151191 885499419
781627851 782058117
39729715 40628760
660563908 661289235
251396542 252252518
194673579 195599080
653862056 653909178
665815034 666567165
55742850 55826310
392188176 393168321
590395966 590699587
721847021 722555693
32466707 33163142
354002222 354033396
840854181 840993104
135893133 136402092
686451992 687193134
940035672 940246213
609061998 609792704
480687445 481509222
839814457 840416618
740112561 740115606
765528220 766208334
337299188 337615142
480086747 480261696
377609128 378496660
851471043 852097863
671260842 671554502
695150263 696042576
451944221 452816238
508983940 509478427
182242733 182403183
57961546 58698354
83893944 84429277
473391593 473740046
863005318 863393071
304328780 304599439
399475951 399999629
496371299 496908370
196687121 197509800
997791105 998710537
253195567 254043429
327067290 327929581
187583556 188539719
195680362 196231120
884729231 885603909
308460626 308739860
73906982 74369575
118274626 118908006
619265017 619644506
297128486 297795054
174682743 175364662
528338072 528798564
342107389 342752523
928943132 929691984
384988990 385225211
156506937 156726070
951013927 951158866
664058563 665058401
770156885 770447554
232426185 233065578
757473124 758388164
221866294 222632720
455904762 456756977
749299191 749535927
774135596 775095521
127379077 127722666
78892158 79659824
217608955 218479462
210499818 211434367
508589362 509457487
478766047 479612692
185544938 186178085
300989298 301326321
966547443 966816989
871758248 871833298
267280493 267644953
262315944 262660554
566805588 567596972
608097449 608827979
600173266 600652404
471682653 471714315
308030815 308256741
301682267 302192309
47301044 48102941
879523517 880494956
558259675 558265094
837387954 837476413
12234727 12820007
144451182 145123637
52342925 52444304
35175576 35462896
695990399 696653787
492543251 492766604
775551978 776050723
286195068 286626911
418759038 419713440
565556329 566548742
90088708 91073584
588841579 589804370
8590493 9306158
859598465 860176206
730801616 730930543
991955386 992791005
424566086 424702021
795654149 795821218
39659477 39822829
77940075 78126542
411384269 411934281
212875801 212887815
978519361 979131072
595521418 596178413
489952083 490737254
786876139 787761220
898035848 898337905
537134512 537794825
833885844 834403699
12871664 13852898
415645975 416092256
704808036 705683772
997070363 997673463
989451962 990148363
89769283 90150856
727650859 727912863
526530732 526831484
463350344 463776030
515734147 515986283
514506795 515216548
580636028 580890178
968135755 968716753
694758533 695400377
403149253 403339433
523461926 524077375
732052126 732157620
499053080 499836616
131703912 131897007
916602723 917122349
610824655 611795425
81667725 82468127
586876257 587490264
30793390 31164824
278853432 279258418
825583519 825837041
971931130 972901793
437849231 438372724
920421005 920488213
304963877 305184591
725295603 725672804
335140413 335407971
81791895 82197313
791911874 792899242
4761096 5200176
11944281 12642453
981228541 981422389
600116152 601027815
919118294 919371785
5451466 5706356
10814930 11542102
153043713 153226391
689568275 689851284
278146687 278433954
915038117 915414671
593453059 594034226
959602484 959806409
610089896 610326449
539389411 539850451
343773252 344414027
922540837 923359848
62213469 63175199
185204413 185517969
323380639 323816163
252777187 253731296
352377960 352580220
19870324 20262581
664883145 665169016
184944699 185068103
208311318 209158099
831390322 832247219
255493261 256445338
670651816 671167639
915271027 915787159
865081761 865463598
262831375 262875042
577208836 577222189
194805733 194936173
856183056 856456661
701370381 702349030
381181313 382168158
139717291 139796185
496710213 496956411
808739761 809542182
764681469 765373823
751708798 752444567
285427122 286205809
848229338 848682983
760833407 761633379
843196347 844163849
650124947 650136448
965864311 965896932
454314393 454883907
15470200 15888680
960988274 961545740
504726363 505624079
420985627 421929652
949466695 949974573
934910843 934958591
378248526 379094136
18818072 19123516
867517711 868360761
276694980 277667234
486752560 486847793
87190387 88131245
25124051 25586095
571032780 571589186
116937098 117801254
853409434 853892152
731408683 732378922
158112534 158601001
631952789 632414980
949761525 950083209
265290320 265297004
170490793 170720943
823492188 824160069
819528959 820460755
513370725 514212125
674604166 674845072
776851766 777202597
371363792 371828081
140785242 141319603
159220401 159683801
947317361 947832911
84494785 85347918
568437847 568781320
159877545 160020953
663979267 664776759
200130446 200458289
47425413 47816146
254409528 254464927
759818597 760012785
754186740 754718957
108662669 108762914
775019925 775187057
415430668 415467877
22360969 22963269
803524522 803575456
812438737 812603698
70825397 71386873
259289468 259335576
221357710 221419667
502876046 503198126
181124871 181503264
330755118 330993334
256957221 257398564
756207697 756294963
509309594 509732874
430348834 430410057
623596676 624366189
145989600 146196413
225482767 225578924
962288964 963198999
909212608 909494120
52945268 53315399
447400187 448294087
47139878 48030335
809645622 810117579
210897664 211452331
571492208 572427826
686085319 686666420
405201755 405614977
981422494 981795790
158409208 159300921
753633100 753899439
597763648 597982470
226471124 226554303
304462505 305076905
971667460 971797480
80936374 81273121
676727414 677567454
594137693 594599915
85865726 86208326
908183112 908274382
298058806 298612906
193728669 194403296
171355500 171793834
588384055 588441091
408261289 408782001
434684013 435431822
863698439 864097088
353142545 353235331
903408822 903482791
188106350 188219043
929988903 930456537
766950203 767035456
371696902 372508148
79884217 80172706
452178167 452316047
367401377 367515921
502271421 502758977
986229608 986584724
256297069 256429170
327418772 327439299
604812903 605474964
608482373 608601382
471847113 471951707
42210214 42828869
153978444 154890617
486807812 487132791
403363394 403487749
768667334 769152084
744943664 745571029
628002759 628683360
64170886 64253353
565864392 566142439
867174837 867627462
851432669 852405350
497065523 497343805
533142325 533244784
582655652 583035598
305927395 306069590
766758852 767727652
754371778 755125217
28202944 28212930
584502707 585422316
749417938 749818752
748603117 749046741
34971003 35257715
49991524 50190548
529996166 530134260
932431878 932982400
247208266 247671966
481563400 481807397
944270732 945267706
504027790 504479960
533331934 533716869
464969663 465753938
227368007 227874274
179749541 180311694
763357214 763576748
55642614 56104689
546167003 546822200
498928507 499841154
151950003 151991564
401187047 401468373
513442380 513838613
716187959 716509615
551722462 552255133
771599647 772563923
264602121 264830241
556286267 557159321
567904540 568681300
463767799 463769118
802603604 803360815
167012752 167540295
276026854 276272811
91630436 92604107
133478490 133857719
290287497 291257023
25576155 26569029
659895258 660496572
151000806 151931831
723402042 723799737
350227431 350992698
451130455 451318679
784933131 785313091
202263499 202872958
179718537 179724274
972215765 972447552
97206327 97302209
36552170 37487873
757522877 757627744
747039435 747053492
386006841 386118200
360335888 360755116
725087073 725701114
115546238 116221535
585084868 585575297
7699363 8092718
78254295 78844351
330352892 330638267
516898743 517581528
359348704 359994765
130133166 130228046
278794693 278897156
892296624 892891297
939882424 940840335
544170723 544437360
815115961 815200780
54879236 54908422
119480826 119647329
136934094 137266518
828014253 828842759
267823695 268124995
945930135 946389953
813148205 813893071
784373037 784646718
803348401 804206542
176092351 176743058
938918637 939437144
195602069 195687243
790846269 790954774
788161586 788932874
617085707 617482339
669573782 670246877
427727970 428682190
62628302 63456510
320995853 321700543
822394118 822777590
303691239 304628589
940358029 941159159
944820413 945166776
139620026 139678407
417707506 417745058
749252294 750046858
309926924 310430584
154668699 155379146
281671643 282016914
116516727 117434911
434409593 434745042
95699303 96081750
372420944 372514381
139370681 140359202
372210201 372829088
598879332 598883047
361163726 361323516
282424922 282834216
976643408 977220476
737641622 737855051
989835949 990776357
842297941 842497516
741075814 741317342
672123085 672827371
876992686 877818903
920214058 920755436
81781767 82104286
91038527 91097710
80733903 81607261
946162142 946741202
877342688 877636599
953288726 953301955
279628637 280424684
191047531 191994457
78918457 79169948
705398526 705891321
369134115 369897591
253206863 253885411
617029827 617971965
721043828 721679743
715663724 716407703
896310586 897266223
797312738 797739948
349937657 350542273
352613754 352663693
510102822 510657776
941764528 942226794
213505810 214460468
797857768 797888363
635415855 635799679
574206522 575202990
845942446 846200273
420978974 421093012
81180611 81221913
357971676 358763912
231887999 232881042
206740435 207460493
31758822 32507318
893900840 894691720
555381928 555713750
696946298 697920322
235771011 235965418
397739667 398652823
388881211 389659028
344614940 345571776
972176674 972648406
112592631 113143322
260660248 261206926
520843217 521379650
853447027 854169565
40157781 40355556
322364097 322945315
955515614 955852737
579446145 580099817
425547947 426382678
948087998 948286727
934567798 935555624
997728826 997986786
700969227 701628461
147112371 147457338
285479428 285598254
725731723 726624256
230832563 230880160
800423016 801314146
810850983 811623877
659366291 659532633
212967113 213965447
194042397 194682508
367540236 368131856
347816553 348460162
290163626 290226620
942274355 943172633
349944070 350401418
44242102 45125562
828622019 829007042
249480622 250176364
273570843 274153056
3595980 3755391
876852062 877268841
971916114 972829146
291899966 292733614
921060112 921207469
515919981 516837838
845986464 846479595
749752545 750636288
38443236 39139723
123644371 124391139
377972255 378884721
61617899 62493141
446453026 446665015
585097376 585875033
855157594 856108677
621152806 621691607
420985815 421127727
200006187 200759882
984340464 984965092
688331259 689147273
730610372 731261173
143727550 143850538
862249019 862788617
357540156 358535840
519806544 520324480
647209285 647836461
117089646 117289685
609308752 609397591
74070006 74479441
948338448 949055685
842063812 842586785
693571380 693865150
406316496 406530480
763183526 763839576
529164420 530089389
202327024 202663037
769363986 770299698
298363741 298911309
257335520 257754191
979639704 979656515
158889294 159171380
648381823 648453273
386404012 386755237
615336955 615864464
963611404 964417743
340392684 341383729
304587310 305334005
403116908 403760677
72361043 73058755
965679499 966595771
140124210 140815761
894134373 894340450
401725269 402433641
539147511 539244761
665246147 665252534
875770147 876410775
18885185 19449488
925491088 926479080
836439644 837199115
823034155 823203605
687603396 688530142
141601844 142416240
483798592 484671590
238905748 239033508
190034881 190130348
953411312 953812489
673777811 673856657
370999967 371414013
721989001 722631927
41378868 41540266
176204182 176526274
33861122 34662054
569622473 569832480
633310416 633496581
670165890 670807105
592175472 592828291
349977111 350739132
754957293 755921527
603039980 603231383
13599750 14100971
543921114 544710308
856783050 857019540
172539331 172682117
17058077 18020568
533370906 533993464
784188788 785185886
956154379 956294185
364360391 365130412
275159844 275890319
964450493 964833164
279469550 279618898
831986418 832857681
885895022 886284213
471087016 471643596
230659058 231437749
68661359 68812032
460462461 460467072
215662029 216634541
222787748 223121228
882829462 883216812
732186313 732863179
775488046 775524282
336278832 336566555
343518602 344098793
634969607 635425416
766037851 766763353
377311818 377448197
86835685 87587566
653732253 654408537
942705919 942960522
116835808 117174569
790294007 791090320
286110002 287057605
813596333 814460381
463914399 464128522
250058538 250856181
361171492 361817111
513835304 514519688
83407067 84378120
560618211 561339171
882428865 882831702
235143377 236065734
132989909 133573123
562428101 563374511
923006010 923866175
989181221 990147059
286587359 287311544
75929975 75964402
855065233 855311564
151472238 152040352
548271413 548853751
345554502 346020650
717903159 717999151
926574371 926899379
995187291 995633951
307189885 307373905
697608082 698377606
442248198 442514284
386610386 386904507
140326623 140790823
239342756 240127592
533410340 533809823
147892247 148178145
181360529 181925913
733461807 734397055
73127006 73803658
378324362 378628682
713632918 714330647
72986417 73969700
424215300 424725694
416046763 416736586
261364061 261739265
898694884 898931783
394844567 395049059
55009320 55402659
190560178 191267489
588204341 588497806
24025179 24285191
359585044 360179372
237596659 237736325
257797912 258458333
177671473 177915594
904166531 904935599
244059188 244142348
754223526 754929860
904677292 904756096
4054794 4623948
126669949 127310512
675578530 675776744
290533884 291096618
216750454 216915058
725376040 725708072
395124141 395322200
430298255 431024284
229516096 229638082
731162398 731446257
555254526 555903866
646109180 646853106
184897032 184970445
748261168 748941451
190198535 190745246
263927249 264529659
516061658 516970271
121405537 122145289
493104995 493756778
793963878 794957630
38552828 39207672
900690927 901532201
653741894 654083094
471150678 471749790
688413050 689407736
344697348 345658549
862669437 862755214
41591136 41967828
99182255 99190122
819864280 820801938
106342792 107076349
338365214 339196870
648460875 648929032
454304221 455049964
668939162 669797460
982639405 983088825
954801062 954831095
299369066 299962449
799719808 800414959
851121636 851454990
614868046 615360392
696942036 697868947
51731134 52592876
700145067 700747910
744502079 745299707
819973609 820658773
525414855 526370755
25963123 26119732
528157926 528613960
343045524 343059442
390762764 391320675
14604799 14898416
610312672 610667651
875830453 876386845
332432037 332703451
436801560 437119942
521490415 521642290
619065767 619232977
49431195 50231095
941375234 941632818
967054284 967743709
399643952 399851920
116628378 116910694
271500975 271631524
334531399 334905655
928898583 929151542
274980451 275805554
81044650 81395553
157006590 157859563
921363289 921665867
907060461 907846537
729201422 729282455
813427450 813698799
501807098 502732006
302037935 302731007
359626399 359887209
531073920 532073791
149838264 150407381
399697941 399781559
884770241 885096872
398949785 399252282
816533763 816715961
435985654 436328089
705255749 705264010
282167016 282840020
167832600 168656643
163893093 164586028
336246510 336651451
188132444 188918102
121158923 121594712
446353981 446448862
271756008 272291577
158591590 159284707
903355364 903405797
82112269 82816065
152650940 152717017
156082987 156947417
106223062 106784515
189153458 189514432
965536828 966204888
687882900 688076229
613939067 614835566
350288611 351131759
698188898 699185942
126335244 127086384
89630404 90202014
714704829 715027645
91145343 92126366
883638226 884623121
943449983 943503741
436948672 437474738
697346793 698319875
199433103 199850435
62356168 62956089
694874814 694955826
82875792 83306203
227114280 227479598
10002692 10491938
595196336 595928301
300624852 300813860
640345848 641138570
753088663 753443462
655888481 656781127
740798357 740900638
855297718 855511407
378617758 378940334
197234114 197684407
465678683 465808163
257637111 257638924
573436336 574359270
166151964 167062458
11126980 11721953
786295981 787085196
710618211 711400796
79606530 80358192
107645601 108173391
280503738 281073999
539542515 539834983
58221348 59178669
606052634 606980725
369336492 369832827
707677403 707725203
545696537 545823551
766568896 766691338
242310557 243111787
507238430 507893741
335841288 336084440
984770700 985673814
955395576 956297042
487935207 488204733
603225790 603936790
391851382 392307331
651070760 651531191
875330079 875888584
988467959 988657431
753910750 754224875
282351666 283202384
620803323 621610139
202828490 203420981
214901594 215159872
935314844 935619392
301944881 302540698
833849396 834594349
305567467 305712250
850193938 850266795
824396104 824422558
314935833 315402447
758855972 759049548
805443168 805476824
115938712 116504197
501510215 502149345
711184346 711384178
720356910 720428065
58881082 59209945
546453985 547191715
57298464 58076883
749656269 749933841
794293413 794828727
762094808 762376820
858951436 859067995
232097971 232628399
4988938 5775162
754562508 755275783
678443439 678729523
6468147 6933684
326086984 326932774
479651568 480016491
249718085 249793875
851338122 851808003
31981020 32016147
393915325 394452250
207483940 207586577
778977536 779338933
819848350 820121042
240582648 241219729
224317029 224474459
977189725 977420883
616852102 617787936
767852834 768041089
488676914 489117617
504050840 504871879
138939124 139525049
269154752 269196055
120661638 120839710
233713518 234628044
908915896 908925766
823337042 823504006
563595959 563888646
579336462 579851508
275444777 275488271
59791916 60478062
816786485 817439175
213975067 214339823
338160604 338580206
475299930 476162147
728400545 729104747
225299040 225777441
174112131 174522624
53104563 53841245
308667268 308776639
884078157 884535172
99632425 100412904
29062229 29147395
911418367 912138593
819718369 819736585
237527231 238265654
875834826 875847345
588802104 589302095
765812571 765912930
404019582 404527126
721260432 721526829
424713778 425074657
449431177 449811057
162981251 163326090
658951142 659412830
713389188 713439743
783036565 783297464
753094977 753209320
795294497 795941808
716620934 717406966
683661211 683847062
610566033 610881639
772947557 773832020
311599655 311898350
83694818 84361646
355051766 356047290
949947659 950547713
488597103 489446353
711892737 712609745
115902783 116646841
70679812 70790121
283070659 283363552
538777975 539004454
901225450 901982745
19451129 20157795
443679012 443936956
187417709 187653553
198890576 199556970
203623079 203683018
24621093 25256891
846836328 847096637
208183361 208561581
981612485 982578585
577119092 577451978
326097756 327006893
655780012 656506142
435211058 435333051
941190998 941518910
544350693 545030541
678931919 679413828
101058430 101728384
111640776 112148839
728340775 728655632
243505767 243931531
914399918 915004869
272424552 272931096
216984269 217745440
942338560 942925806
924221933 925113255
955457318 955966862
916021524 916551024
685283516 685809251
900380807 900489699
819907720 820751578
381430143 382334169
18323776 18901661
990251406 990334240
806670298 807578945
69836304 69993622
661409854 662342324
527279838 527417490
16048091 16552658
38251813 38946814
283017845 283137217
644631437 645198001
293116466 293234398
569784817 570142468
752163268 752283974
284555669 284616362
518827578 519054671
514974085 515233093
196670219 197024359
863999232 864715889
891145558 891504279
251354818 252200329
35236221 36050473
260347553 261314745
159314151 160115444
981028656 981442234
70602497 70732819
542917343 543871170
394335923 395076633
938081433 938242402
94731235 94989789
578244796 579042271
101870838 102428472
554981799 555206457
130860916 131545800
443180688 443659505
886518968 886706692
888992390 889907666
993873568 994184693
498159900 498243288
602787692 603649587
592990132 593458148
550995946 551788210
221272207 222264219
301184891 301941638
51780261 51790824
971508602 971628593
143942799 144434372
779298097 779964839
953828422 954175468
596820323 597387884
782717654 783610505
834686214 835591392
179508645 179846512
470592786 471009523
123649427 124198815
157509358 158498421
125004374 125464829
163136597 163662147
563030073 563235879
818915586 819703833
92479776 93128662
96230264 96285707
541814977 542551747
387132588 388068087
747111151 747938620
491812486 492412859
169567049 169609987
966305166 967115192
704529144 704746414
914170683 914557528
370831273 371169709
328366666 328592137
773936043 774806364
521521060 521610014
816024702 816192004
521246908 521577950
121888618 122812212
247566015 247719323
856952129 857225057
98240101 99109509
285959278 286166177
894609344 895490700
776413169 777370197
97369872 97597945
295844239 296297240
919672362 920312711
252489106 252813276
29517555 30337241
38381525 38398431
939122165 939898353
827528161 828015984
349420039 349590474
113598167 114220104
184290617 184450758
701927470 701948165
686944404 687891631
885245555 885806484
305463709 305611002
959969162 960692073
627944855 628023645
291857737 292094449
321815154 322693391
137948771 138368676
193888162 194830978
120872848 120982066
665440512 666336407
932444650 932450794
407820289 408667016
906861802 907180977
64400666 64501390
252174651 253114730
431085615 431237529
335771235 336325440
440419201 441113514
952972710 952999479
955655364 956310140
828421821 829195013
944416834 945284017
957469251 957583901
914778656 915213379
175307755 175403983
144658990 144921813
394840011 395757914
909452784 910019307
543133993 543236496
427268247 427771466
551596150 552092871
923165710 923603191
440224623 441202581
469059764 469681935
103660354 104402011
443277350 443861486
987493976 987685184
905375709 906059674
123558673 123917837
186503061 186556584
788392257 788524469
576026110 576678801
167113217 167932704
591749204 592190308
182270777 182937568
87202252 87845640
364264981 364318148
189866107 190726849
654129813 654560883
375400809 375982624
881064868 881724638
777352790 778198029
480236427 480673809
267206616 267909419
842140728 843087110
969595152 970103658
671930419 672264243
952231041 952779844
48477801 49056264
197190699 197845270
124093203 124317243
202532150 203472473
422400935 422793471
247148005 247764284
763211542 763275516
215053624 215222938
43966872 44747322
687558610 687714060
522646489 522972879
332941645 333716798
752088078 752546422
185255897 185259472
664014995 664151775
642577467 642893614
814490034 814808628
799514147 799617599
535168265 536045446
434774486 435391958
149094623 149524520
187346170 187617738
169283093 169349320
249710670 249912164
701714229 702045588
592148737 592557327
642234814 643203861
988701065 989036212
217916279 218895947
97550331 97795872
542919188 543245497
87598918 88308773
779148615 779658461
770207441 770306462
268029797 268339641
600690623 601239769
279409759 280214150
52322568 53144613
717277509 718212650
699244870 699653399
709156757 709388998
942876892 943432917
579142500 579540897
679976160 679980344
46109620 46678782
215028902 215311107
867201687 868068628
676156573 677127700
409680360 410626490
434458053 434668471
557178304 557425070
390273324 390419877
975748705 976576439
841050247 841167017
996442023 996687088
688904129 688952782
911575065 912208260
812877378 813174985
335326727 335632182
249603586 250447506
856394092 856774014
561706091 562386314
976228838 976583618
459580034 460057573
314050540 314154966
290498339 290861618
678704416 679540588
961324985 962195517
249754499 250676734
976753441 976778190
383588961 384544728
796243870 796507401
757738611 758707483
209706109 210431797
64704364 65127219
134502316 135205954
568029791 568748834
68237926 68999455
826081784 826995467
847480286 847583441
100891120 101354930
875952465 876282163
389237516 390020829
284940570 285356422
427378485 427815979
848514807 848844873
752759511 752799924
699902214 700730480
288181119 288653562
304524873 304813980
960682396 960733789
308288155 308290379
352642757 353092735
818459172 819143899
47498903 47859663
393724314 393928008
434905478 434935629
592385346 593244062
55373691 55830647
50761448 50909515
788828284 789262638
330799251 331470005
37848580 38712480
647290873 647430438
741284133 741492425
719298516 719973597
677294504 677994804
97161606 97404349
630519782 631442920
556970514 557791834
908379553 909075352
216812616 217729260
275998577 276167077
144828538 145605566
5409306 5873805
916135468 916898732
90678777 90945506
829158042 829713774
350000706 350604068
577845574 578462036
254144473 254206280
558923791 559213289
230651986 231054873
522126236 522871766
63819974 64745909
233988031 234777736
78320569 78747191
262285530 262460970
364636453 364815914
188988875 189213419
22398176 23188971
920611803 921595822
808203398 808305525
801313735 801616328
732036048 732283957
318549890 319390859
426058542 426413761
203986176 204533492
78307733 78739572
581722007 582337022
213890189 214790523
410514507 410847556
272468645 273275215
885517405 885599909
998234182 998743040
591042282 591811308
846465755 847216650
807739352 808091434
364536189 365086680
159680789 159903300
106764948 107676365
983000875 983842348
222491442 223164319
804415267 804546344
435074192 435503635
819548911 820342992
948377131 948475044
142658458 143573714
1516824 2364284
620749660 621117930
754795527 754827364
421544992 422358135
668511079 668804151
648043372 648886297
691870693 692725793
374388475 374811560
928305522 928812048
589911554 589974705
778891141 779600938
666277144 666356956
280980123 281771125
511898857 512692140
628955102 629042845
367099169 367638795
502413582 503013277
763459242 763819767
126421631 126729718
687038594 687925234
646324497 646332619
325114382 325482093
823562877 823612643
148282745 148996392
682930498 683138777
566226915 566615579
602275052 603016821
251931684 252166346
577135676 578071523
805955689 806486814
290820498 291819832
719783954 720477698
841453372 841723521
305186586 305472729
989470791 990193741
442741411 443594716
730595733 731586504
720740388 721013065
692443715 693047529
683883928 684507734
534893538 535096325
344057873 344137502
306256339 306353626
212239510 212584634
675504315 676394893
289296393 289846139
869028750 869172854
108073125 108095774
451872766 452613858
72249382 72775685
522242004 522726562
612518724 613367937
349243900 349596037
942014150 942096225
72281213 73122130
936528451 937256533
281295080 281657017
756216246 756519555
616861304 617205099
603546796 604083021
624812123 624991414
674201841 674467796
226240930 227153461
470608604 470845229
743731808 744616720
337647159 337739937
719300411 719637142
556709533 557650306
277456622 277589654
248217911 249179318
770660234 770945097
541389971 541890939
369643549 370060315
258459325 258814124
162537722 162786542
867689057 868526742
566135518 566764331
427282935 427342840
382624134 383415445
485032182 485252440
686550149 687430572
22088513 22106951
673314797 674010466
256872113 257146947
396265486 396644055
339775330 339844208
934165085 934958646
366244005 366493090
496216387 496931205
801592938 802261191
791606402 792456515
491323217 491803746
181118702 181176397
869666652 870201724
368567052 369029462
890563684 890830148
279258112 279986679
261437076 261671870
244178028 244564575
499288048 499415924
82932878 83095598
183738459 184375315
688493609 689487773
196694827 197073974
788866541 789611813
708250371 708696231
934149877 934330798
237238057 238152640
673586259 674266977
387963955 388727292
563305128 564070980
597648855 598586363
210692282 211254725
372500147 373249574
551912690 552187847
733937365 733945800
44375377 44655226
865397353 866378104
4969475 5530308
319057358 319196568
427814950 427895679
584464445 584741521
344164534 344568822
350173273 350212056
524848579 525704837
183937220 184319995
108072724 108187099
527345291 527540712
500089032 500731988
443252457 444239855
404186935 404914462
65338739 65764113
125581877 125688363
801370755 801979577
946169342 947110894
172114193 172708341
98391214 98823040
508446686 508591383
352146945 353028612
876929162 877262311
169851414 170831671
324704124 325351974
409394874 410305973
246667805 247364982
546945273 547261768
766048347 766464451
6644403 7212426
272650753 273146777
455626230 455685761
766754599 767395042
980331068 980513332
584962148 585456039
389204350 389728855
58001550 58310488
138969054 139030260
294490681 294796290
631624020 632285174
154261138 155168185
831897484 832063314
784160541 785015836
316478674 317077647
52103345 52285822
860005966 860065847
278075379 278369986
262468544 262501942
29695206 30017813
421643478 422505450
614340328 614468696
468979317 469895321
222680426 222847415
758486463 759145964
604377627 605366736
481030812 482015195
929727895 930528336
393542537 393748697
963606085 964564369
876930778 877673662
533909651 534626408
344056560 344509879
849385769 849597832
707171372 707710896
154272654 154383326
36468227 36903861
832365227 832732549
691258093 691296752
642198754 642770308
109081802 109855125
425447761 425493591
442849150 443191741
378644368 379529376
620605657 620840375
854334389 855314014
965785696 966491218
615079397 615907959
989566233 989885610
457628655 457680671
277787763 277894735
989000205 989222345
733306539 733360020
553710537 553839920
218610490 219030307
286468182 286538737
372373491 372895472
762872104 762935869
457401697 458301278
808792592 809604652
230594399 231042151
48215687 48941884
959090652 959958293
896182032 896280365
517129138 517827529
402439353 402723564
707583964 708416001
569997825 570147377
962804605 962861746
422779302 423157485
689915674 690161488
808660622 808981492
106284160 106966277
686785856 687080657
728723641 729188680
161023210 161768732
758311043 758871378
366293769 367112140
597046454 597182220
367632754 368444505
50087075 51011238
167153443 168075386
526689056 526846486
600651345 601592173
599095586 599710629
787234493 787750794
943824904 944410947
3789886 4784863
984122017 984204107
650274599 650977017
641966374 642321552
826333815 827076720
216542796 217077099
719821062 720707240
705413907 705435237
590436253 591275236
133832421 134619512
895231853 895796360
336298104 336907588
957925956 958456184
592765590 593196379
740819927 741569431
41628227 42376109
976776280 977746186
131053039 131373787
269805317 270682312
567077699 567086846
818754273 819274346
897360044 898012502
412461774 413158624
719116059 720073286
315037422 315867427
32473065 32738224
139350189 139524462
206532009 206546752
428817062 429119450
877698321 877733616
52287314 52551747
845978813 846696047
723781581 724111437
905204359 905231328
289928222 289943127
911340968 912238241
316629852 317269881
718923545 719023478
894171503 894814930
361540814 362278928
995520395 996312035
809572871 809677527
150057243 150171679
222445884 222942564
868290766 869073766
458776521 459176912
349726458 350415141
511686882 512030328
740197967 740922343
216182494 216562668
232102845 233077190
720965532 721217126
583072161 583599181
779703239 779925859
366922264 367379823
5696883 6214784
61086101 61354448
75730885 75735190
439927069 439929830
510321770 510417980
200842846 200885500
464788231 464964704
641285481 641599976
870745048 871580594
929165103 929924439
442883414 443820847
401231910 401335461
807713548 807999356
512523112 512568521
437948788 438272063
457316699 457399983
126974771 127718190
684878997 685475930
74522703 75273585
444478747 445072693
748101219 748974531
147676201 148370973
179039747 179944642
44136659 44270500
333197354 333577011
496793398 497133979
584915004 584916959
18894893 19131658
537709420 537858479
297867964 298863535
407475992 407676524
454051913 454871558
309659024 310539703
212773277 213582790
395876911 396405419
787086334 787357825
655766862 656169082
995471578 995787310
574026075 574101016
67458515 67980316
391509357 391988976
893954570 894832307
863586324 864055708
988584242 988892549
652010916 652157892
912347563 912931991
131548292 132067543
986946070 987413204
59252218 59303074
193701729 194579446
190450844 191327969
110520855 110707808
908898471 908904765
216609839 216788472
320500204 320633086
978204140 979187245
770180503 770352911
351829020 351880993
249758253 250389542
870604283 871108983
174444347 175234322
158301535 159194855
60443332 61355341
571409998 571653727
316694182 317078336
74558221 74731968
797226028 797339384
494740769 495527622
854779836 854903573
878273914 878608335
94016668 94665792
379625554 380520370
486417813 487317759
427279892 427364007
613830975 614757239
947273838 947917048
90830478 90888962
861693646 862062087
783363554 784220358
258814872 259741216
608153684 608915297
782600579 783423103
964553627 965017633
755897267 756628908
228501319 228539271
400568535 401464381
480473431 480719313
38943410 39666027
354534465 354547601
239335634 239595799
94365692 95314233
739325036 739696052
460798840 461238682
638551790 638865628
548761009 548822283
328457558 329343435
274379595 275152295
411039694 411403458
844527502 845442183
46330166 46817024
716880308 717731315
199576859 200349359
576405019 576926642
194643330 195316689
974048583 974735953
974747662 975228118
967630502 968526405
125777139 126720248
244027058 244980856
985935043 986521514
823876685 824657831
999851694 1000000000
377020514 377639689
263178900 263229508
168353472 168474828
215479206 215920036
887333847 887969596
280961897 281865023
292592889 293382932
530321020 530475386
993445720 994086397
96380975 96809860
854564205 854795330
69839327 70441210
188404659 188808497
478112722 478244695
749883557 750761167
828870769 829791487
915225712 915514292
150501135 151486900
297619444 297772833
981476655 982300902
723360437 723915431
903551254 904526535
715272267 715886282
952761892 952932032
986721278 987100251
445078593 445939463
224397231 224516747
317811968 318323825
759503530 760393449
180729841 181010371
784583944 784673882
722529253 722813375
21968910 22353352
252520413 252822557
474208915 474705323
935058770 936029367
233057269 233791711
139294050 139327393
358325533 359316157
820527807 820749049
364323443 364916555
667067935 667668137
148694340 149054310
732469252 733310946
396653018 397257855
40848900 41125378
970418331 971381039
851698415 852642659
437226454 437654470
68478780 68792458
845752485 846515690
254771763 255027237
474111927 474559385
775606707 776191091
736483494 737441030
438582006 439009961
29689794 30515144
964131445 964366793
190704960 190992639
23459950 23993270
813819203 814169723
931589342 932494227
306840106 307397640
909001439 909249205
17421338 17654587
265900251 266878110
663701560 664093369
865825759 865956172
804090077 804225069
285009406 285246387
802548544 802642862
212902145 213479472
473596097 474328749
407920098 408553504
225983849 226182584
16328230 17216777
624027575 624595362
444911519 445842342
897387075 898344296
182736879 183685164
249634841 250268216
260015736 260395859
458888113 459472181
514831910 515721240
84082721 84502343
760768996 760999001
465184217 466132122
943052557 943197552
998131121 998907025
157206905 157351414
238041663 238915892
589146731 589376803
980474405 981315167
57098618 57893696
376904910 377074475
711766431 712036818
633127321 633216325
573709396 574323346
625968323 626591629
251120668 251882379
385599866 386091821
491979326 492022472
269094180 269856811
537812475 538539438
556334762 557070798
617653457 617881958
281279069 281351740
371199935 371780514
478883377 479068616
313015538 313948003
677114356 677595484
415059311 415718695
431414854 431527310
376343498 376503886
41333 523473
108131311 108819458
165533057 166387591
294777374 294792690
38521999 38890468
78099521 78510487
421481411 422259746
939066282 939617383
471146996 471229155
276410619 276842366
267368115 267634882
414502775 415138424
276615252 276838154
826432147 827020549
877077273 877424642
317646311 318269224
15018176 15078516
639871381 640250290
10446097 11065186
524983453 525655540
171922419 172348946
866764473 867723796
857000344 857002031
155346475 156023486
351495018 352213668
395835006 396226011
891340069 891792574
708418622 709074778
700980612 701930661
253332254 254112271
377796032 378310064
437896293 438272366
492471202 493211486
229308834 230166814
175134586 175776752
171318656 171937290
624817738 625259807
223234248 223745691
617385311 617415815
200827808 201674980
116689160 117164056
896593787 897375003
444595527 445124750
676843424 676971688
182065287 182565160
191005180 191285628
162334031 162681486
999884526 1000000000
96477887 96898960
137986586 138577360
817172321 817549328
799885161 800601048
473636200 474318512
175492425 175918154
610441361 610447860
164481486 165457731
912122940 912505244
299973684 300276319
755693347 756287175
525050866 525915197
624264476 624659621
83269957 83756186
597681738 598432477
414803621 415647654
908005889 908571946
415317370 415761195
585644481 586119978
179771634 180535356
264842462 265810498
568439866 568561284
932477998 933139770
438245636 439021795
109039136 109852411
107483942 107758160
34133912 34691822
574541270 575049217
476413629 476909465
589163788 590144854
242056680 242249539
719526187 720236482
341606046 341653884
56197159 56597371
19454813 20189644
146350006 146910906
250335087 250564689
602702123 602848483
812627552 812758119
368002885 368807321
985263806 985292399
33488155 34219683
696614171 697037180
362015117 362063149
605815969 605881664
642190285 642484621
661530787 662225874
997416026 998000525
707417688 708032481
548392310 549337962
323640038 324159230
590072015 590686229
66292331 66358866
10203700 10280515
247709267 248565067
259706884 260679669
647779335 648304773
251509521 251804565
326271232 327209509
45462299 45743944
545927592 546660820
178184457 178328230
314831150 315780321
475775893 476349305
36457064 36756793
78887323 78976391
523983977 524450548
293547619 293639606
637973970 638454813
704496390 704547538
643974645 644042797
776936838 777544807
27000320 27417853
474523960 474927961
100730709 100747230
532768774 533221566
989496595 990023326
841111376 841564901
3704856 4113188
133164235 133638667
134831027 134949417
61234768 61702689
547238761 547850096
403944828 404864199
857512293 858198598
660911041 661410149
317827083 318641345
640397543 641387523
293246127 293877147
111176973 111982142
284870363 285088804
953634681 953888287
156887197 157119038
548530473 548555973
296658139 297444700
31429764 31921364
293127557 293672277
4308404 5214703
732878935 733586347
619917430 620854864
246180900 246360060
374620752 374912355
681984757 682233157
928319920 928668751
977488397 977848677
104138746 104441245
30310741 30778575
867081857 867362955
212069033 212510405
769610894 770348487
406501140 407223476
18397880 19172352
914682809 915159271
475434791 475926931
977256630 977743178
685184977 685905092
976769364 977446555
381016657 381623671
159767158 160018748
649526874 650485929
829187731 830066115
64006964 64731539
182255047 182654324
190318940 190452890
650354962 650397502
77126491 78123938
480710768 481065960
466374603 466825153
326568512 326858582
440696304 441398690
417342965 417523517
324854341 325446914
870211125 870425950
246787982 247745974
305662099 306318353
121008310 121640258
462346413 462923330
498026193 498043357
788925052 789008557
417276359 417466596
155160609 155296779
250375127 250440872
229028151 229273508
722843416 723409626
887426831 887462290
204501651 204644604
547808651 548126484
234963784 235224978
922971005 923385456
301512688 301761820
953122104 953132935
563256906 564146224
137959170 138010114
632536937 632773303
374841455 374841929
106422242 106779323
66996646 67661056
322274956 322371403
101179039 101205868
395979448 396120425
139380002 139662021
419872913 420347644
341817842 342021979
27446285 27575877
344533186 344904924
594997019 595346480
268954546 268968015
252490621 252939711
284186669 284503226
506393245 506502946
41963941 42033685
681517446 681585716
662662226 663035301
767725420 768310955
648633494 649303306
584357715 584767676
250012065 250208816
506228510 506877218
454476559 455282695
176105769 176610908
115451946 115837779
988116635 988475543
523969869 524411711
87320232 87575218
577273423 578048619
35111761 35519490
84542894 85232771
259911082 260064407
344139034 344222347
645694458 645793891
382326900 382600444
720456753 721219476
502091247 502861640
999957679 1000000000
842925783 842931307
355539789 356249242
50984746 51075238
678456861 678895824
958141320 959079007
674758935 675485005
108050604 108582655
528159021 529006715
637229160 637531764
738820024 738899025
332343481 333332708
332668716 333599642
633927461 634694206
310588343 311242031
623056099 623570846
738232169 738738775
641932408 642496305
698266386 699175109
224766154 225143195
894827855 894946347
356310652 357058647
325850218 326296142
244111540 244492240
897025347 897295844
25617521 25646164
245781397 246322553
940789798 940921117
126431991 126671108
225006591 225614639
844462577 845402626
598010343 598046454
478120517 478349687
806643085 806949010
672156032 672317910
699765522 700444959
580789917 581770179
693036595 693966958
521380117 522152017
975194014 975400900
495124936 495531618
760718528 761301750
65555935 66412212
880616531 881573635
276151811 276817749
418767858 419007660
883920266 884835855
534086508 534244264
232068154 232087768
188870902 188873471
295552618 295698954
833046650 833334885
613499869 613753414
313436240 314213490
429365166 429583083
214521254 214645847
563880815 564794295
937307373 937815681
803197689 804124358
13286253 13631301
990012683 990996429
787474460 788001527
154370937 155206746
873880037 873962648
663633913 664238876
609960712 610720788
921643888 922009987
833663702 833748515
837655342 838603508
907266116 907650310
388654434 389188321
511916907 512195665
931435193 931440425
814827726 815628399
326493698 327115332
279961256 280474431
945274270 945524797
528588872 528649413
820224098 820350453
918464013 918510709
813596026 814094680
742369109 742951983
408279827 408660580
326028577 326088015
511755548 511884045
642548771 643446791
447299861 447826844
956486023 956522089
354824789 355163809
557447954 558351467
208010782 208161439
160599507 161582147
264709384 265427203
883793979 884054245
117542991 117841117
608456570 608872361
736765094 737418228
16430746 16521626
394477604 394951426
900712094 900930025
11203054 12031663
534817940 535022283
881522712 882253859
186876152 186932828
510115670 510876344
246771881 247561049
959112737 960026578
902291830 902714534
55908763 56395892
557617525 557881883
538409223 539407653
765732762 766027085
388068277 388216489
983721744 984162821
563940751 564014617
379227172 379325525
274160992 274992226
416810031 417382740
398450008 398698216
474206870 474392328
130880038 131823059
747511523 747795236
667699947 668270258
459645246 460430254
293055376 293397533
732751490 732798817
104606421 104745524
452256272 452703689
619271967 619455702
855794124 856194230
424223408 425069125
493528280 494108306
601052688 602008487
990079627 990997993
891326408 892211684
318541075 319259273
286194329 286944581
816237989 816791959
963360382 964298233
907885734 908372739
300529476 300904474
127018851 127807147
793716351 794351845
853503264 853892539
16429570 17058605
395060437 395813439
814457767 815073294
605878491 606304247
719746184 720229379
37628061 38080579
709458586 709537662
40968554 40982335
604363770 605257457
887781534 888274555
440782404 441414040
829974291 830946611
289101257 289577247
966356556 966489104
109239876 109308439
461642145 461695431
481494282 482445937
734380070 734524536
233515919 233747087
935726708 936253570
10572381 11151247
92506753 93121981
803856990 804828409
532323601 533126962
644248533 645054534
875817330 876761262
138257274 138804594
573742864 574480046
701296595 701640441
305134598 306101201
663938233 664415056
362364383 362655070
830721727 830817830
937866474 938357630
882182385 882895186
214558810 215289166
850050686 850468803
406079321 406789342
789392152 789832591
877520379 877945929
569843117 570433405
167365653 167914819
446870067 446954431
527016168 527050315
53456990 53917481
501061466 501700796
715587764 716253534
603105630 603818833
78615024 78791649
15293540 15833863
648192053 648441146
698655339 699569286
609497830 609917074
573294507 573325857
843456504 843963873
161232645 161978320
367589235 368575835
510470644 510586379
671755666 672523549
70400987 70741722
766423594 766995179
340942232 341154257
464584362 465033601
80843667 81264990
456057857 456169250
677968976 678537841
535753514 536687452
817393201 818154174
852904208 853262589
480994497 481510042
803922219 804581626
622940482 623577142
539478991 539677430
752205598 752296912
918853462 918922873
993335962 993480901
8223768 8503932
251797902 251849501
771952539 772315716
753174602 753213932
224684923 224908423
625762442 626338822
482575262 482916035
964328083 965063920
49275166 49956006
820763723 821390171
258153252 258336628
73722129 74495511
740360962 740469494
376432696 376897182
936609839 936656521
568332189 569127258
813058607 813791012
417775045 418131158
559951802 560178148
16756396 17083453
288826023 289172526
939084621 939285222
491180148 491712111
441445314 441536243
277804532 278749547
776867151 777771301
681265077 681410948
442961879 443529220
982280172 982443873
563441439 563480068
84979005 85342672
938812845 938858040
975878558 975976263
460070856 460522285
224267156 224290250
360806433 361356523
164219272 164507052
796331948 796843899
5691832 5981149
619625786 620382393
905375585 905442606
145605129 146144160
572375609 573334521
73765506 73793284
881922268 882370689
362399689 363269480
988492936 988769185
704174975 704873887
413015099 413341717
327565344 328395176
904247661 904872645
218650162 219219842
843095240 843477692
59720987 60440283
164337494 164352801
45653757 46649748
381359282 381446150
774518038 774648313
374466640 374568465
271937917 272493766
272970356 273501148
194545729 194944170
564793516 565320968
136539223 137416191
213638400 214407333
181483492 182290469
584060976 584767205
400300724 400875562
947148497 947718244
726412421 726743667
622630338 622999560
526926597 527271011
578615790 579500232
286142933 286710255
110798839 110821236
673528248 673537981
707165945 707726978
880824277 881348047
345987607 346275953
152218980 152477384
246324747 247300828
637065969 637787804
805928073 806102395
19920284 20011294
757743706 758446866
608878174 609491277
800579318 801196041
3709092 4458280
212395013 212646259
204142872 204655567
38448679 38887164
254279399 255270104
8285472 8725639
772791209 773133238
430301029 430384677
208834323 209833692
289749848 290198067
218768239 219762989
712557828 713430824
186131823 187093138
609251509 610018170
490690543 490874372
932794573 933627420
201440294 201778591
659099651 659163115
249462142 249550024
980478030 981078192
97836773 98034677
939588396 939949575
407116910 407981715
597202736 597672720
70216353 71048181
917174013 917213372
383765290 384761197
194170512 194323551
353420129 354329932
630855393 631170094
372639546 372944875
904072360 904800576
476918322 477029375
238035808 238572789
683448148 684080790
994450110 994498140
60448212 61359791
697431151 697496288
282973003 283426877
456573665 457082699
167523683 167836183
35918792 36739971
849914834 850538903
375463854 375533677
396114530 396135739
285836435 286692640
612423896 613185294
104144029 104167846
861489876 861681952
644064122 644481679
856937101 857177832
248884886 248993300
97214139 98055433
915161843 915519652
542129522 542448496
935768544 936435540
752656416 753545056
436913826 437148051
592503760 593166008
87243020 87352401
592870197 593017278
923453592 924376152
94154135 94409030
830904581 831740641
791883606 791899708
918819336 919256704
421060575 421813850
261883266 262844578
162892978 163413465
484469211 484606360
501184010 501392680
808545450 809272241
798800502 799180155
697959320 698054342
608284233 608415597
700238925 700697264
594882344 595447867
934397246 935324673
218344232 219304827
786076982 786659755
652940717 652968578
848805228 848886236
506151832 506567666
968733481 969677375
635364156 636360231
111957028 112241640
92160275 92376322
40178454 40856055
753304036 753443530
679293187 679782720
66949238 67656070
218886127 219573908
435536015 435922518
38258330 38947139
7828825 8293389
451578520 452367114
584948341 585427398
118697535 119236393
994354154 994544775
391505209 392288408
395185833 395580182
167776998 167942709
560508227 561341387
682168965 682689645
289582284 290495077
965351717 965879756
828460449 828918101
526362737 526619720
680735489 680917122
402308328 402323653
299141038 299188085
533724970 533798544
691673682 692275428
344038411 344680918
518695256 519509908
238047421 238907448
393807748 394332136
103414114 104137222
572584609 572980741
859878987 860777606
643809064 644804966
236160010 236979565
803600463 803701155
969780231 970021854
866578655 867136219
72506218 72848346
278794057 279161330
553101577 554056186
105577866 106270516
638935997 639612767
863159724 863761789
611420659 611474109
348535387 348984018
738148790 738992360
234250775 235177282
907787933 908759478
569407350 570367203
532909194 533550251
803909992 804648025
137168793 137393981
472334666 472468692
562804276 562817375
295835518 296438002
308088843 308962491
448270242 448651902
562831129 563330505
527590376 527954141
577480882 578274118
88939741 88952837
852992764 853053030
290334225 290973890
767922191 768224165
206368089 206796943
889430308 889502080
759728802 760635979
949116121 949500302
694435826 695241440
219436177 220046153
643991356 644834981
445969367 446239610
916871705 917639758
277792064 278180282
83310013 83567557
937276381 937485147
36356669 36469773
873881435 874230140
517435284 518117543
349018303 349656537
972709736 972716739
559086330 559657740
384046669 384243537
358712264 358743585
421283193 421464505
228804537 229422167
487650567 487813123
782861740 782981129
767239326 768025263
173182443 173920674
96751623 97710266
406701697 407463476
591326201 591499038
344035152 344646207
103199182 103804799
695889061 696785787
276724241 277220997
523303028 524059250
365930000 366530762
772144880 772655371
855668744 856668167
73504303 73872805
60517808 60880172
416721410 417071863
157445396 158067714
610286991 610723681
630775311 631064102
273788814 273932078
633762988 633833695
3032073 3115919
470169630 470898871
427601638 427602853
739277572 739634414
448814857 449299744
419013095 419534685
58033669 58369624
576047372 576865244
747856878 748210152
357381515 358013107
950283347 950874376
862484200 863430617
253672650 254415498
815380904 816187378
16053350 16792406
691847406 692790410
555799550 556489532
596343477 596962054
601522089 602508869
714396188 714433996
169971154 170185496
854062378 854530006
959854878 960246674
337357417 337581862
362516622 362663922
308585072 309291286
496444552 497364167
235564647 236115437
523697600 523905319
493713234 494553453
97642270 98194095
12588411 13223377
826587604 826749251
423160295 423295606
36691716 37064212
576981915 577532012
251451201 251743295
74686488 74998803
777641257 778092796
819544236 820327077
166375105 167172061
545144208 545711539
768672038 768869631
22142438 22425780
345190857 345329715
260401865 260618378
301033101 301470514
225396614 225628322
990168850 990617070
360253597 360815549
605341096 605929225
193939959 194540679
521395337 522122343
614501333 614760310
97690388 97927145
238772237 238876755
55527855 55868281
540357455 541180234
546534716 547034552
494731971 495131720
126129873 126453078
800417326 800886464
910061187 910798965
101765725 101902152
661718038 661770920
584277353 584550175
978157358 978356537
515788500 516526364
388750821 389124182
27459429 27571619
391520818 392034572
85407478 85585458
393346386 393761335
66882809 67264628
621462689 622203614
630232679 630601881
963910099 964816094
832543963 832557723
3515564 4184786
225036062 225412785
186587911 187450052
633477594 634326149
942755644 943498875
27625092 27941176
205371205 206118491
609996121 610047498
452205258 452298377
266998710 267096584
762495762 763356573
425082157 425104915
827757277 828355435
395342746 395944582
21240064 21446896
992184725 992374173
789296319 789918102
673462651 673929542
991313866 992191436
529070348 529522360
103944966 104576937
650613504 650899712
767694361 768362131
521177762 521722035
23013370 23912716
746984056 747653043
691563810 692335599
467927719 468702525
992592742 993106596
24555440 25090224
826070847 826186630
50732596 51625474
779934699 780704398
725779361 726609725
746597214 747116593
153673665 154218744
81396113 82176547
998199915 998563399
461363971 462203250
935464508 936277423
562437645 562663669
593596441 594026650
827680222 828120386
665913124 666321610
58640104 59241998
853553746 854421525
738983965 739786292
210099053 210646695
745123585 746100225
509843330 510361455
598704057 598850208
247942634 247965168
466125682 466699357
382123545 382198376
918820401 919678682
608288027 608463426
972162144 972856462
490229649 490669661
314224527 315217891
988818526 989021687
190437328 191367424
295496389 295607357
464682523 465177292
738918011 738961453
494421631 494487457
859049701 859955814
210173149 210383410
463665191 463922257
499569008 499789445
739062043 740025529
342286751 343022168
874275699 874914565
143980751 144547360
561186136 561808851
486349273 487072090
839456400 840354765
850265437 850631041
472325578 473159757
650303661 650824392
258618049 259440713
567191210 567582557
847708739 847995858
568990239 569494604
703080313 703507544
564969658 565721359
397258476 397654185
775639571 775699526
828533066 828538732
315498264 316430634
932437796 932695456
654971896 655867569
49713710 50657332
761826004 762253229
822599181 823049702
298990539 299221884
781892589 781926754
719646817 720294548
728692766 729254071
325918633 326601473
13101656 13944568
885664767 886291496
287533309 288428737
230952711 231613319
930882923 931656535
422711117 423503421
615182532 615395092
89054830 89923901
586604679 586695820
128462023 129419285
367494146 368136691
949400746 949763913
924375149 924651053
24775925 24838408
812164860 812804349
497813836 498714363
622159845 623082004
836594197 837546899
49217379 50158033
532789298 532989789
631695350 632059171
113258802 113962820
441959267 442711669
908328148 908749899
281681732 282669005
231572517 232538509
719317417 719772814
240797667 241355066
241075721 241809309
783406720 784395395
43105634 43928146
265717591 266295454
561531214 562093034
325332181 325708971
442334203 442448906
924618617 925179227
658672486 658811554
111108184 111402764
141649170 142478199
530810198 531392116
278318709 278805824
733920132 734478966
448986900 449058021
720065386 720299289
794606856 795465362
647434371 648270694
531645187 531754729
851774883 851880351
338810378 339256053
237164714 237388796
353887159 353948096
584765994 584797809
126790639 127137023
668412511 668927292
359277906 359935178
86885129 87639908
217426260 217440889
62087431 62825501
709324820 709563347
545172612 545473940
571440677 571698512
10741062 11456023
423857826 424780978
578702191 579483336
121901000 122174728
94383998 95254883
245216454 245257111
318456171 318835259
408249973 408771478
802544809 802766829
935485164 936171628
54961211 55349532
29883535 30824543
914884949 915346636
263300650 263433703
364937442 365527171
314941675 315794242
581921494 582033011
398538313 398553430
835766504 836763484
801807623 801931635
933643590 933848869
239002527 239501366
193423429 194246686
829373935 830209663
136770547 137202483
89369073 89612378
249287290 249605192
132705795 133553097
893440676 893719694
189824732 189934068
994663130 994804573
186079174 186953712
670174471 671086479
971754136 972089940
569987344 570416311
453412462 453739104
604914912 605334152
169578723 170211362
970366448 970673217
770151029 770939918
737799131 737863650
876816303 877289042
44656141 45094592
889007351 889313836
95997643 96168189
151486415 151770843
290847723 290976844
645767926 646197271
829670067 830216805
105144660 105578510
309955503 310946918
956996104 957516254
780507180 780773334
52834771 53244831
36060594 36320058
270707344 270925854
242227370 242828751
116198525 116808001
128664271 128944823
433899818 434554046
71283555 72028991
797603392 798211796
796218030 796864985
723171409 723768683
185392721 185573864
658176268 658468472
386290009 386988042
285892529 286367658
498857154 498981906
798701923 799401976
675485054 675804263
718876707 719844354
343609594 344381063
815762213 816279057
703376207 704220713
9885763 10446770
781979406 782305367
935387641 935733805
535289894 535669750
574366541 575103406
959671866 959976390
613446372 614251931
135673655 136358698
236541381 237135371
937008818 937301243
300005912 300928569
851141760 851569626
718043542 718691788
110213541 110466279
643989377 644468871
650309745 650870368
135724150 136714271
966883056 966951227
510102573 510983095
470219071 470303443
602128411 602387361
766831992 767769429
397861820 398516579
232091287 232390934
871033858 871810959
714127856 714273147
67084806 67455716
475274092 475547050
905059696 905316799
938270960 938586259
203345031 203642049
745994712 746785452
829512121 830502651
632095446 632742238
809007521 809612953
430865506 431469743
634169931 634459519
993743767 994271305
671790775 672214669
369125177 369768590
449082458 449965420
748543163 749045176
382378436 382479659
758596538 759153883
424934633 425534111
537187055 537667079
419526701 420341871
142756504 142773562
654543958 655529738
470272665 471025814
443612279 444428988
858814586 859288420
518094021 518882430
381375911 382006478
513712141 514303597
964958951 965364990
105780375 106067002
725866992 726707222
776384543 777029402
226187724 226344761
305439652 306257300
664152509 664191741
383577986 384047741
726221415 727148701
253607720 254273215
335229891 335316349
985267265 986199382
169459134 170116708
907632685 907971357
986884846 987135991
35211743 35586945
731833749 732518532
679321073 679795574
226227961 226884786
95917939 96590059
468963293 469034068
865360816 865962614
26160982 26646118
957920258 958845598
972305373 972637086
513877690 514007394
249674906 250166016
115118663 116029367
752308931 753159839
233542129 234308885
87289912 87549854
933270384 933492385
64207286 64779739
29638536 30632857
476698536 477007444
171357570 171436212
310378350 310560351
13523132 13956807
273090727 274063839
346797226 346937394
165340531 166088683
387619463 387625122
474506355 474552374
876516651 877171465
384814632 384985354
579293746 579466276
155978820 156658554
114736839 115111796
476900875 476968289
444126580 444736917
10465510 10807120
90842788 90866396
58776150 59443933
531537981 531668829
351614201 352201204
755439759 756372586
572769176 573292971
185410708 185625019
330994105 331498788
153775271 153946821
320481858 320878001
784994114 785814715
319491183 320441865
847604409 848221746
306183077 306379342
390237542 390857151
339163560 339317759
525671002 526626966
77313618 77980328
910147397 910589830
353502718 354421219
352653588 353350176
834270446 834919622
506041287 506249481
234208610 234557549
363531977 363984287
148579043 149140309
600341184 601072826
979493770 980115139
390510717 390854119
723002437 723158917
259160369 260154606
758966595 759269995
710189336 710908994
974776943 974815226
303055601 303778325
58953625 59669113
370461079 371455057
138951954 139340313
273464780 273883365
751821542 752066488
287406310 287443733
74943281 75846952
946693799 947071559
876317228 876963233
431634187 431698714
988793861 989069931
762965130 763216331
462206440 462969602
491370154 491838279
186712396 186728491
983886329 983972849
743523133 743714172
762213047 762882156
121991632 122504736
960008585 960950298
389040769 389141377
608344983 609315453
998059412 998515563
717052574 717206385
243072543 243289945
690637599 691395710
713242813 713469801
488418966 488800066
409086770 409976023
609165074 610140213
788086093 788659294
549763072 550220580
635666857 636319748
755164028 755972609
979249531 979558416
207138050 207607229
934638048 935614986
794787962 795671826
324076493 324920279
839142297 839825993
115914790 116398997
476182926 477143518
819145554 819746686
634251086 635153534
496240208 496853028
711066778 711283177
173312270 173349368
501818251 502449466
583248353 583471472
688070242 688443504
878797255 879644558
77837730 78629995
177198509 178111772
148528511 149240033
585990243 586178607
638255070 638663802
59912247 59929911
610829946 611086158
965421916 966393333
544010826 544893396
240142028 240882181
210596360 211230246
209223910 209824596
108544373 108682516
264361814 264929953
588970006 589923460
818138155 818361346
983636303 984321263
857285281 857324707
978708387 978798650
77135458 77940111
441639852 441668258
476713848 477525337
679314160 680074111
457086093 457639671
312993146 313932960
864643729 864912249
244492413 244823403
416184364 416902797
162640211 163140585
771962545 772506804
726413379 727396272
875162146 875635121
546988805 547955878
682707202 683472463
185955095 186163422
381734036 381999609
51683230 52609705
919814615 919837955
218563699 218772789
929646571 930551018
826862293 827748478
204195126 205041057
161000007 161237614
408143149 408412394
880542984 880565496
625674387 626637733
882161129 883098905
843208923 843673669
709535432 709782794
191859063 192498522
687304238 688285578
446770323 446938822
659429009 660205562
770922884 770990841
169891099 170421184
859522954 860020222
758087083 758836953
922882690 923212835
879380642 880377031
986102090 986167021
882469857 882623963
851907017 852144460
474134964 474888250
388866702 389403035
280666419 281223231
16706824 17197829
366504127 366550126
984625528 984629039
548288315 548530224
455188162 455304943
14999204 15642899
944533128 945352324
861364062 862219181
290684253 291055616
363442362 364382544
508895893 509168812
440516858 440542167
401150494 401369295
134254748 134585426
876002955 876304870
4514539 5028277
203876621 204619005
808477268 808952291
218655221 219256551
325523241 325722467
118156861 118280959
204826677 205019293
368605835 369163399
399017064 399284688
11310975 11735198
357272173 357740303
140945729 141127687
182810650 182842910
558223770 558741373
251518436 251661238
454183286 454839063
169549592 169752549
769887619 770234328
548488493 549214805
869530686 869744579
783016696 783792655
449509152 450132097
735074663 735405290
273802153 274336792
123765857 124133135
796835024 797766078
292647365 293370027
600940886 601247634
275470598 276159041
444478634 445473637
381998302 382547383
645754647 646573563
625108003 625170311
769895161 770877240
620548525 621030765
376764649 376891891
887014535 887595506
277849402 278595931
393749934 394635765
685586894 686455328
181043937 181417793
994307100 994942398
366974668 367920275
105850107 106631041
126460991 126942232
756225370 757176298
57893323 58206738
720028513 720976795
45491236 46215404
816557551 817076673
275391830 276187955
305084157 305126931
166122889 166657126
252609355 252918359
477751251 478039231
410875858 411363656
679586660 680339144
514198602 514898333
230704501 231477768
111651649 112628057
365838679 366628993
127508536 127632667
750103953 750804735
832328468 833131067
327958078 328406250
185815943 186187023
540664407 541228692
824066947 824222508
799814519 800154923
424723728 425029672
111534397 112513897
903009171 903455429
923753260 924190820
64840892 65223559
835745588 836570942
612808006 613632023
269761978 270369334
208258899 208620085
763901147 764169189
337732491 338018390
256624142 257140868
310122168 310130165
448012095 448371144
970862474 971529462
581930621 582588675
425635631 425813332
296093461 296435567
251996514 252037038
179837930 180113448
899564774 899625223
940020185 940101011
731204261 732129290
429520086 430121169
742487495 743029850
117377430 117989589
876640300 877000166
13764029 14524864
595234980 596146155
139572549 139612254
149189463 149926132
466793961 467336898
704335276 704632120
400369402 400602933
357127052 357233353
919549752 920487789
146104846 146275590
80504462 80745480
737307506 737447342
41028372 41550188
267594107 267936650
219070973 219437359
266588804 266629802
45237027 46099250
454037021 454672837
792132748 792689318
909716257 910235464
88125308 88723032
556210200 556275471
362216918 363086256
875472174 876303250
221658368 221804434
182725298 183197165
82872649 83329069
883721710 883885579
358052432 358332235
673894417 674392577
456960088 457475538
785350197 785980503
586296979 587054485
595796654 596384729
529046062 529356449
935959833 936407441
861744609 862044724
366378803 367030690
316759715 317087412
49746881 50346288
730325108 730981992
942927812 943324318
789322734 789368029
446541290 447252392
357392287 357588739
696903333 697789406
444191689 444215154
678347507 678678363
824591521 824887293
537245939 537288113
395546478 396152891
906218256 907157459
758857119 759528730
199236603 200104443
498546744 499295882
793105855 793767453
481223887 481290781
835053170 836018193
594390868 594986611
741469375 742041505
457568502 458047003
572398275 572551190
354427171 354647920
639201089 639479798
621918760 622417434
810620990 811608249
412186534 412508724
508104924 509092994
137643086 137836444
544351820 544975192
72237905 72678281
737095765 737751913
741320729 741698162
552078349 552942071
165609621 165707607
685500125 685968069
531682584 531844063
375541181 376206255
497562357 497806683
57147579 57900596
106467611 107395537
408621483 408928080
260249710 260992453
581735846 581982577
497241865 497332834
342936103 342993197
54037090 54615825
40689000 41621873
986567842 987060242
139104205 139572085
839548135 840145142
147670240 148422272
516278730 517002647
256085049 256781024
943836226 944571742
299482042 300085903
290079546 290698571
536295108 536454704
119456888 120331844
177871997 178860412
714912297 715213043
746514739 747380943
995650448 995825235
860212132 860755495
78132980 79032648
678595274 679284978
333278046 333710948
295010568 295077054
312801431 313104169
970127732 970660644
251169097 251891173
221679321 222128100
358909753 359854860
585418309 586023385
315948561 316351136
140042467 140614390
476876501 477718561
657677216 658245966
94793318 95059711
736805979 737426542
987701745 987951075
208129545 208576530
529237603 529501635
129542315 129824720
370456068 371454404
585050942 585057531
932163165 933150765
984892037 985311668
806488021 807246727
713294409 713787136
422390539 422484353
137964550 138296665
132042011 132323813
57596861 58545404
723206148 723631391
932223194 932797593
590695693 590707452
637512682 638499291
487669382 488123103
81790992 81903654
828000007 828646463
571765609 572476025
783116593 784065782
834522707 835129353
223443747 223545472
270028637 270847945
322229000 322297732
677008678 677890001
583235324 583560210
546241717 546590545
564219279 564809840
204209758 204362942
713743796 713976864
650901359 651890897
248796296 249603012
702107983 702644695
518889072 519770585
407639987 408585266
159444806 159911554
102379608 102439303
687821134 688590882
713102485 713733129
310539118 311215742
4061442 4911190
683935649 684107264
2950416 3369455
714517955 714574429
931795782 931901535
237358761 237709168
56854772 57705553
776696396 777006571
131397369 132040447
146462512 147000277
396225765 396259410
478830838 479003403
863972204 864103144
79294349 80221691
745648731 745952529
111610234 111675087
641606876 641883666
39714331 40084282
838938226 839708453
548550902 549030090
451541317 452009111
952779017 953756758
764422321 765006343
335810639 335957646
61810015 62297909
743288764 744073522
558190778 558650138
991310724 992184743
892889500 893566009
436184094 436408324
19505430 20081482
258432597 258755699
792329023 792777884
117029252 117957337
227059310 227704846
488912614 489139662
959079204 959798267
880611019 881283910
592277106 593139889
793940386 794363149
165063736 165604828
392302846 392804037
182806593 183370643
89947564 90662006
393594447 394033190
422087504 422135033
613554217 614112959
886721374 887025009
488005669 488799067
915114836 915760101
162265795 162560318
480734638 481101553
804136383 804337377
917374559 917724500
352654720 353261059
398503775 399390516
464598832 464734899
134620447 135330827
129890485 130630474
793718813 794315552
925310109 925554731
852733433 853297710
266475176 267206450
705802553 706690202
261025989 261958787
413643568 414526584
593013752 593385553
203887092 204761810
679500609 680016226
454521595 455510971
639975842 640719084
925757598 926026079
500283648 500450183
571387408 571387543
584976923 585476262
540938683 541453623
484573517 485454615
181051158 181571664
628474649 629236061
362362593 362651265
342468599 342559999
163351962 163514328
209814252 210185388
35895254 36514704
131030172 131581350
122397075 122914334
530001797 530995408
162086706 162243778
788699329 789355437
608035203 608908763
156977326 157813326
182774567 182917767
627152518 627824956
378452050 378934466
366267919 366896669
358836320 359823184
42665414 43037131
925731268 925769713
438077177 438749353
732792521 733784509
416597833 417051218
984894124 985802661
897698403 897950171
293456561 293840220
217159206 218145743
962979343 963158928
313202441 314189950
526511551 527258594
417924439 418708162
341132793 341820063
624294398 624463813
877975669 878459976
691383886 691846647
119154087 119696912
136473041 137216695
196825046 197755877
757261536 758017448
280245265 280345728
447901349 447951494
913230167 913868855
540208211 540650360
622175190 623161630
134283055 134383486
167301956 168203248
797637337 798176428
462825422 462868580
79508857 79632720
461852443 462374707
103636632 104112839
338215689 338705277
184044780 184630749
842002969 842951450
971138332 971668501
952883048 952905772
669148673 669346379
299996127 300892968
116211441 116625692
482839743 482937427
842643295 842934139
694095175 694531249
486837839 487530178
728416460 729096795
355305947 355711943
436551571 436967201
596217761 596699450
901207397 901933200
82764888 83041109
260852778 261246040
461191208 461677222
529198577 529962080
65551923 66197988
81950641 82436592
88132524 88340282
895971470 896947640
544375841 544458973
733439406 734249543
840889771 841867184
628089680 628105182
828766972 829451127
676044559 676339001
106553077 107346224
894760414 895612085
714472314 714860346
558499178 558550905
733418702 733516696
463827365 464228051
81814040 82420353
561227124 562112254
351308582 351558097
627499411 627631586
975646428 976138277
834097516 834769425
396869809 397417188
841694616 842626448
335416394 335907832
878700937 878981119
332573768 332884875
165126814 166004774
867361092 867986068
684645182 685175111
607166814 607462703
374753070 375166486
409042319 409992249
980583648 981409445
511733054 512102098
179558695 179661845
895307399 895362938
973552941 974395882
832212886 833153914
109722841 110311018
233173809 233829220
853176842 853906282
949974886 950567535
825668466 826424033
579112775 579318519
128523101 129517771
669441280 669702450
116137604 116484177
15506139 15917511
139406059 140145537
319609929 320255342
614922281 615830661
533541995 534536893
596904982 597596989
458488687 459334912
709618152 710510071
2368074 3257327
465859047 466007725
892456488 892809156
574768060 575677859
735006033 735079125
710516440 711044847
122070523 122138313
466916444 466975573
832225369 832475420
259402835 260330285
470278857 470987002
881381684 881823391
813681068 814109391
491872521 492055674
21103944 21741096
287628581 288165092
349300518 350014891
855328599 855373444
359939915 360220269
448488120 449330677
997729374 998563250
318262720 318773659
358813775 359309321
525243922 525879935
928814110 928973027
532218301 533047300
429293944 429302163
82821753 83109020
281179667 281342382
136499931 136602050
817376979 817513020
405703641 406037491
806423962 806751305
605824542 605953739
829333574 830177679
603964903 604715375
649465610 649706631
782992088 783872111
93429750 94394897
959357645 960004237
937045244 937491419
119461822 119640034
638596183 638901730
728753167 729018137
3375629 4155927
265905539 266886930
216644131 217269405
212256160 212982264
161302621 161458325
434723000 435199996
438184237 438632431
641162636 642044803
528179825 529059262
632081347 632218566
359590586 360368104
875146963 876097699
10227401 10829709
928521799 928774394
539422225 539505793
698362275 699360247
95541066 96108775
309631249 309893656
771384811 772359044
170513950 171371515
857581677 857847656
724538106 725410681
757997303 758368786
296513591 297092434
803069475 803258887
24036427 24391538
962194467 963052061
605097233 605890380
206032024 206043970
70211853 71084798
574563236 575066566
259369620 259798125
571003479 571815120
854891581 855012817
318103338 318149613
549121565 549658977
338882645 339293385
590513087 590903915
146764932 147299682
463276062 464011097
267176639 268155123
448845505 449033113
45942955 46192063
15460789 15995494
250259677 250392888
161044533 161318420
970575947 971269883
440779138 441708405
7610523 8526428
426849816 427659801
806242055 806740770
561529118 561559598
643361474 643552907
262811226 263590459
159353496 160116367
575073805 575248475
5778424 5890683
352007510 352374174
916653750 916791346
84889848 85417798
81282922 81819680
418094052 418552383
404504912 404849419
82223964 83160402
349633360 350064657
740344961 740612245
463326654 463380021
819224696 820012362
85952944 85983493
320045991 320250060
751012577 751922373
343633479 343856095
363925320 364161782
594116115 594201907
527864952 528124756
477941702 478745170
188244481 188789976
568815688 569348941
600752426 600929296
111808793 112317711
858915518 859286298
698200455 698393840
903239515 903336134
719530858 719812747
146670323 147095063
7766871 8332674
378042323 378566465
920280419 920900008
458923408 459892931
123739689 124483305
520129451 521063132
247976335 248348801
470241807 470915988
53914980 54692685
608904981 609227801
592305003 592850208
536308207 536895219
16528133 16987801
428002801 428463648
706531016 707284661
217930167 218032985
120210229 120731947
382737492 383301259
523800525 524705631
774929397 775078696
750553344 750833289
819159484 819523142
477567560 477830979
541773876 542515169
209147717 210090894
417120463 417466924
845484558 845935576
888243772 889205582
248672111 248899294
943046945 943766814
704040906 704925238
728327773 729324003
635541930 636072783
316080381 316946173
386680541 386730595
827972263 828201641
848345760 848605635
853577808 853857233
392048314 392529075
378732716 379167778
402856723 403441599
860184736 860330088
20788538 21081900
960613834 961459085
221040944 221108139
30131973 30492784
552539010 553174777
476991392 477755310
739713643 740692882
273828472 274566441
511041789 511561939
433990279 434589268
35104160 35791109
780313936 780477620
905222488 905477091
409056087 409686177
897617777 898172562
130336260 130851293
820093743 820710359
579754619 580540070
467561951 468561534
811444677 811873502
502811829 503540417
575661173 576406800
260237650 260459351
335790338 336489750
395071780 395144269
973036597 973061884
189505154 189982973
974979903 975492422
927218353 927711393
705733032 706483983
286080627 286755517
363279223 363797621
710363275 710811468
385383950 386326826
103692493 103832596
411410855 411864986
50450057 51228861
50115771 50655898
382028825 382424718
899936170 900496499
235939813 236162980
592708885 593250919
382920507 383663499
47929265 48256169
573579311 573649042
451749300 452296480
835006551 835547224
40571788 41562773
62489181 62507598
806424474 807007820
630119356 630802591
141486911 142355176
347162028 348074784
566991205 567146165
78568711 78794525
412245510 413030083
828636944 828805303
807986243 808144451
764179657 764224757
594624083 595459456
84366908 84645931
516099623 516929863
327150341 327889860
22549431 22788226
984268179 984401853
991744566 992298447
189372818 190078452
498665454 499463926
500807991 501149664
127543115 128081750
130553679 131012643
544825174 545518740
715976401 716871507
865724216 866096349
150769941 151580981
486825578 487720536
338983825 339505235
584983417 585303170
594953181 595247763
550678774 550964987
961284030 961561618
244188566 244777930
256356226 256937221
431228396 431277452
710465459 711222002
401882586 402814321
415496980 415753273
900503443 900949791
29015754 29200491
936125598 936880007
402372746 402625551
715421341 716290167
885424081 885736700
286832499 287188821
293978648 294154552
887387571 887571481
123060534 123767966
848023034 848342494
458017546 458344429
88456961 88604438
580521091 581344166
94127379 94707372
192513055 193223806
248182599 248660020
138662721 138793960
817653446 817878698
916545268 916743360
771446500 771731880
584106913 584543720
908228009 908268055
839962272 840250757
543375333 543877863
618210447 618438760
669284442 669679210
531553112 531799367
417551001 418217208
483703849 484599061
603951184 604260695
563782419 564646712
776724149 776909266
562576092 562917962
923923155 924190367
445308847 445752292
331919437 332796464
875652223 875766950
775859492 775914842
5782611 6702302
267308521 267883324
690133092 690757546
307223432 307825211
48956780 49577410
830409042 830426443
357086913 357673708
455380610 455916173
810996910 811033331
374195244 374576285
748069276 748991957
603189048 603432572
529593676 529759702
423271081 423481157
439451145 439773824
886886059 886992455
661872820 662216921
686278317 687014432
180942962 181563092
636649341 636947416
149044207 149846061
863266743 863843689
952372716 953160652
639697044 639820747
240143367 240975204
834567294 835214094
507393328 507884169
154439516 155200502
681469280 681567686
520486496 521374051
359011438 359186155
341894429 342269634
320839102 320901507
856574967 857193613
687779786 688073382
468692836 469636816
378242212 379177551
576793076 577381910
200645656 201213000
570675759 571660612
249420290 250384243
885312284 885574791
651073144 651698460
373822656 374665301
678776618 679738185
520738016 521238834
567111741 567883271
737359171 737824939
247225666 247846626
911198336 912041778
325730237 325943905
634224681 634668442
365697854 366583347
402265463 402469360
381955344 382100696
459091798 459347556
947531966 948139645
18963761 18965313
976392878 977107042
904547696 905166797
996146936 996704921
800420023 800818206
711880419 712459049
204360964 204569290
44191137 44635050
833876280 834072030
887487325 887686073
255486184 255789462
723569847 724465237
587747200 588072732
474655333 474740714
406351038 406881498
572923965 572962678
569314761 570261829
557395994 557979357
731818696 732328741
86895454 87793096
62310174 62366319
350895536 351332569
336909215 337270573
503207083 503852758
790359318 790837023
344414080 344827993
50315300 50662373
263451010 264328422
397447745 397971083
629841491 630085558
357852457 358813345
991074197 991383926
518610188 518655582
564685016 565064931
625873136 626564590
136511298 137218978
67251856 67701646
742426524 743166599
620596790 621418593
591395994 591635237
138835989 139216072
534846018 534924661
251931324 252832814
354752569 355746982
422602150 423531269
298619412 298778649
352182786 353133465
866946055 867024177
189264327 189540700
370563613 371274625
421298106 421738192
973140435 973751751
268248462 269180413
184157166 185143864
157347139 157514156
161047525 161136306
463214519 463621463
690707989 691681707
717298126 718255125
438583343 438738454
451181107 451378989
741649068 741936128
144998154 145216609
101739594 102518222
356602879 356993441
28480909 28574517
399551587 400238572
909542892 909805086
351030580 351920067
248158645 248524696
438104355 438221098
582774268 583646996
855272224 856130176
799543422 799808390
338056037 338646149
730541288 731484945
547918105 548750571
295698073 296639554
926914490 927221325
105386597 106179475
74211515 74987412
246237456 246495999
775584557 775770057
446970797 447631068
727567738 727657686
400956165 401188902
596251743 597097521
980346797 980641639
392536626 392894761
846082508 846938435
836719601 837037745
902779971 903245774
122558912 122618101
617217916 617411563
671567760 671656511
775749554 776396816
713933194 714682505
240495643 240834734
755144245 755730771
993818711 993878128
964487694 965090140
453959898 454494243
449727853 450087670
54154838 54495397
531436317 531439123
21098360 22071413
302586833 302626133
874756584 875395407
668389664 668597495
822990749 823913495
5609471 5822459
780031640 780430056
991381103 991940354
749370829 749779968
455069533 455151692
593247824 594085737
763135357 763455833
321821457 321857700
968176791 968839021
115776735 116083458
496347236 497225822
545152499 545365303
641264293 641598868
318066402 318129939
18399338 19167350
409705823 410535908
374281650 375203885
540278431 540865589
316474574 316794199
236382291 237160879
410287909 410925611
457992572 458069892
465750593 466535804
411612265 411738909
645147643 645610267
696880254 697387589
824925222 825368496
878758770 878939678
629102200 629334853
964703157 965251559
805356468 805478624
915650698 916084641
491974176 492317388
735928145 736381295
872729296 873135432
231845274 232177807
341348617 341729146
537304200 537561712
641532718 642474746
542797453 543056971
147213428 147990115
946097275 946667039
762907413 763872911
874178342 875172322
700303989 701216549
504259493 504462183
989085251 989715245
507602511 507795899
113240365 113680570
899286645 900073260
751840667 752121901
141193945 141378474
100080267 100397551
626418873 626733246
524237885 524953328
367956981 368699778
867946095 868798835
683441054 684099376
252617737 253149461
229826416 230131554
718870686 719776538
685063843 685544862
284308212 285029615
794514343 794724616
630334308 631051391
886185927 886902940
384244562 385125957
695981536 695989251
264710424 265644483
479070838 479214473
227388159 228071759
972808718 973395044
19068283 19718931
64348939 64466898
83038932 83775540
474753212 475672593
772600970 773397518
626962926 627162743
290420074 291298873
439595647 439818579
305926710 306347931
999991745 1000000000
929521632 930187118
100365805 100839817
384356891 384514196
891730335 891933836
763370841 764076926
585116527 585458934
496276436 497052834
359712007 360659081
817289518 817528593
798550689 798718297
692206912 692485051
824478215 825049943
441394581 441647811
762024484 763017255
583281643 583447090
790116226 790797280
610798441 611178691
466673128 467351974
834515246 835172213
208958466 209195780
640753665 641376781
206307800 206699882
516899647 517316392
505552640 506477874
897290261 898136902
221242597 222052590
347426800 347628898
718941666 719099489
402852306 403568443
469511211 469865328
93491639 94445840
545066097 545127594
31781929 32004573
476153671 476900984
67638632 68017438
250119075 250540399
840278277 840496529
145778111 146419351
50033383 50774195
786408532 787348194
708817569 709746606
878556340 879347038
705010464 705343898
38961885 39680008
904670146 905328549
334708108 334874382
399763633 400121733
767963535 768949701
667913389 668466415
793318114 793857675
494820112 494859599
604892551 605626331
169772097 169800524
929677127 929705604
106067496 106697056
548194223 548864507
943142548 943339401
519095657 519788745
88529865 88984034
999964479 1000000000
627062710 627871203
716034969 716815775
875221253 875474231
568031532 568164486
110860222 111743265
592204068 592902087
898267353 898951377
483402639 483933065
720921085 721337734
969352857 969790845
99591808 99673506
176269318 176482677
933092960 933680060
235095129 235358696
872623469 873470699
627526097 628360176
543133462 543409341
331714557 332388886
516758365 517358913
312344881 313099416
518124883 518961430
706528995 706717655
120584330 120915757
765326626 765801377
74872051 75285381
374863501 375583962
196675598 197354290
519941524 520226038
590302211 590491647
987549094 987927082
937768092 937791727
847094996 847156911
252474329 252880096
937883520 938184963
580011189 580468500
798598801 799194055
954070914 955023351
264411647 265021018
622703790 622852423
608339293 608993155
902470414 903281993
514964835 515516937
690320256 690853842
300637175 301310321
55975808 55996012
49785258 49900801
203232000 203293015
333976684 334229090
902248844 902737181
811075683 811514228
922007366 922141142
156711896 157678100
671224733 672039227
509906727 510166128
232505443 232785976
229747061 230544772
148434058 148931704
933137628 933205578
283267565 283669700
248172993 248293996
389613425 390190010
672803089 673619902
821186655 821210799
431978687 432287072
97853794 98820180
979954583 980609952
342688839 343442955
445844628 445849875
571126868 571615347
978958338 979687854
351125865 351398782
450840583 451237301
853536973 854504161
345159895 345435088
994173886 994985620
893383396 894006776
625368487 625633586
261658288 262427095
196408766 197117481
640816648 641110601
626501034 627418531
906633607 906823869
165959328 166561575
884208126 885055249
833011153 833262040
605755322 605885689
714820841 715134070
565988901 566365403
529506945 530189552
659449815 659617955
729696008 730039117
7932930 8670129
144893812 145876886
713223610 713242038
40716606 41262703
234080610 234373814
669389063 670074355
523321122 524017518
318541550 318827028
71630319 72119434
670764351 671344517
979543585 980541181
458084480 458355226
378937775 379481730
555603613 555738615
762686195 762907607
738666592 738682090
920842254 921130594
458091516 459046163
894682055 895069524
452736751 453115734
22648260 23527527
515438259 516138502
822366054 822493350
873429216 874044163
471704417 472495794
480479187 481304732
263408418 263478846
322528007 322570870
476361762 476734665
235215669 236120264
770309302 770317864
281580209 282244438
739781938 740484394
589507424 590258043
415453854 415589269
761965220 762512509
492840698 493225777
444543689 445529032
335665420 335925520
723876523 723884771
492269196 492655978
885377471 885949397
420915813 421577443
870764782 871395397
654896279 655474707
685702911 685995723
273874003 273892473
980127862 981119249
850721340 851638091
35646080 36096303
583886048 584338510
889664915 890178628
390182267 390198614
982749417 983419672
636340820 636882734
752625919 753287852
64465988 65073839
452461532 452921596
51995843 52425246
386419604 387331046
36058385 36311287
368760661 369216956
162000457 162738152
524396480 525286963
498680716 498877627
215895356 216089575
848390416 848658696
975322341 975399904
516469266 516609769
247203060 247378238
753014597 753357429
501017086 501610022
905562204 906440384
994324903 994820144
466720581 467418871
492176395 492374058
994454213 994748522
727575100 727645995
22314409 22389652
239590142 239792994
740876255 740929244
307916010 308571209
492144084 492819201
358042455 358496579
476558454 477371575
609078110 609592818
466174320 466723769
206463316 206725771
116936454 117001259
639672544 640017205
998165471 998249145
641300953 641993386
513939564 514817520
376459923 377093748
764117074 764360118
407604356 408170325
20296787 21242034
62801669 63285081
144767903 144824179
192717650 193155274
966394564 966463638
79327539 80146041
119570439 119763037
919526978 920338345
381541223 382218417
405470049 406343700
193048690 193095973
890196473 890439068
495649441 496131463
253916231 254788021
356307324 356798112
391204322 391963787
640742517 641328864
341240166 341282925
881704709 882507001
241776372 242157873
837788701 838211657
763118623 763377420
812511809 813369702
307591560 308365971
781184761 781733322
110031528 110442450
401005740 401077787
998319867 998480965
450710254 451027096
622647376 623390950
808397527 809110705
270959917 271870416
210732116 210995466
738375033 739242878
839745193 840258764
652870352 653423704
691500488 692271350
481697843 481904981
106877540 107088719
73449422 73715723
626053006 626531714
762431352 763421037
733879095 734540745
260386782 261342649
255095041 255951090
600801427 601630111
997826762 998030462
476780165 477633884
205803328 206360921
409971878 410499620
952983314 953908723
154218920 154573457
606995014 607154295
541415536 542374279
706059026 706091226
208845374 209157654
996193120 997084802
698784015 698950888
401161532 401862771
799411258 799830605
719228370 719884239
775767340 776072346
300056582 300259210
497407352 498247082
628232035 629135333
717826205 718019565
970338012 971094427
448111573 448568971
22387143 22612367
774732871 774793183
492301484 492847740
635166659 635206182
752488609 753375522
95021309 95405891
832154051 832607398
332141684 332969113
802544224 802830612
519618299 519978188
814226211 814540409
99390211 99390811
913680016 914673940
952489858 952976195
151928488 152838217
406160843 407101005
373903569 374843051
968865616 969665385
102626967 103117141
44501490 44604270
816535763 817301212
834689563 835399284
37296432 37770165
26316105 26757418
789781898 790635895
184502513 185068067
66747622 67490905
929812287 929891576
397392815 398384704
492077809 492344304
632750469 633028927
304421572 304510328
242548625 242779046
361945150 362523383
46850165 47373430
553418390 553883946
425861328 425900638
302709574 303049786
303789973 304620769
305557384 305700622
759850339 760261505
556518839 556971004
739385698 739989732
666126474 666855668
75432311 75650262
882191513 882306960
295680226 296119220
595997782 596328274
578010036 578796308
714511085 715394433
660890296 661501809
998364333 998794230
59668764 60051841
914736189 915533282
570344623 571291526
498822291 498904370
631900117 632379472
469443161 469772615
661822975 661984001
901829814 902777726
73654895 73845782
279047031 279575656
586721980 586861512
549606212 549961441
519822227 519998598
424872522 425653916
890780165 891460592
612906140 613793244
324868810 325793635
7690414 7866137
433099935 434054989
123502874 123640073
217365134 217478185
831916970 832891150
947369857 947453869
962952554 963246419
410064545 410927668
504482637 504740980
666222653 666691090
935586715 935951346
154661379 154940460
910449171 910668366
684408763 685171316
164153894 164775561
95840482 95882277
911980247 912315021
534960941 535488895
628893991 629155209
478389629 478936275
724641174 725586669
225350480 225641750
575444776 576202210
209813146 210776150
311733439 311815663
918585457 918771939
504243214 504853963
214630406 214727821
655441963 655446516
657718512 658098924
164106688 164540312
237302026 237594713
360367244 360681696
192341721 192814861
959272784 959297250
743244282 744134545
257490361 258169198
587325215 588256945
439254211 439331767
114127728 114174438
696103140 696361796
109744057 110697107
491277078 491871147
986810202 987603007
465735169 466162563
207937953 208123823
64851206 65350794
300792763 301490235
986261167 986623250
355121269 355150452
851539082 851887135
450533096 450900242
876973052 877326477
313245904 313841746
408066633 408679203
431564520 431891895
36352146 36358570
214211598 214973113
428894817 429741950
734685350 734759659
589547719 590137818
584539604 585262890
102717269 103355802
760407289 760425782
251764952 252679305
743805663 744104638
147162657 147659697
403198607 403200839
809179944 809883397
150091130 150272342
835545615 836263358
321025696 321475439
23362956 24017828
282646412 283420304
894145504 894329232
486543283 486812894
9587398 9749220
907332461 907729743
467580529 468125519
308364277 309322135
948066772 948401358
391052496 391178172
148540186 149023894
234680332 235443446
177870868 178619530
186153712 186434649
8373511 9031601
31025517 31225209
253098094 253541703
239906264 240578774
901245413 901866973
342208579 343061450
863209948 863466757
590123436 590641564
827578655 828472012
955280613 955847778
794854078 795751736
476372599 476511724
210059323 210645360
567131990 567395376
898854081 899005330
535064330 535867158
528160547 528417567
697519549 698080347
186801470 186860273
917519177 917800516
191794418 192632392
268488632 268744547
496560932 497468187
12278448 12798845
954195807 954836897
400694011 401054786
853106300 853814160
804560606 805315889
930445357 930717399
936469383 936634701
862945548 863344592
302324950 302384399
950269108 951110316
471424676 472385669
491973776 492267006
817369856 818036159
718297508 718938019
535608531 536057805
217096832 217513810
716558804 716891646
967165144 967980737
649082091 649851648
50626584 51529626
555547160 556297541
416344445 416818225
941127810 941485930
986056326 986116197
276506079 276528909
855037702 855823232
182910598 182983809
417150388 417511685
171184713 171381240
904837102 905260697
101766758 102310041
956069575 956331716
619950015 620944963
986678866 987178500
434479064 434635029
295776677 296191059
500403004 501055627
794135440 794609800
89912220 90175579
438950484 439250185
358098225 358619920
337278494 337867499
683107054 683479430
243955676 244029619
636469555 636931316
921970628 922892860
57776223 58635622
178277915 179245789
335337549 335668152
923718189 924262912
358291388 359158284
433240919 433387210
497411601 498175937
359988183 360189121
386061999 386817089
695147981 695777244
897552211 898140903
494867093 495359820
870921470 871378621
372267858 372689948
920690067 921226409
397405427 397492562
423659903 424377841
437949275 438522978
588811772 589465794
201667439 201831305
66750710 67308902
86267584 86779637
899514493 900311646
58208369 58400475
580936289 581731739
781585475 782388009
467947102 468535125
629274583 630008199
675990810 676084295
724474834 725471761
970821090 971386398
166908016 167856926
812189545 813179846
347624224 347688387
278159332 278420780
737088603 737983556
894677009 895073143
773367279 773413285
468091598 468207947
398873785 399333334
467373293 467700600
325684601 326354702
964328592 965113716
748518600 749018649
885604934 885705747
165010243 165375482
16044324 16837524
254014925 254307273
777230794 777831675
786504686 787271980
797681537 797710071
892146382 892655195
239068866 239086152
323364440 323779108
247533771 248026867
734980396 735933731
806792088 807445792
334235307 335218532
588867575 589243025
846242406 846399966
933100645 933406845
320544228 320874731
492691596 492737459
749673240 749690500
573949940 574391165
305573858 306288792
932527007 933181034
270029406 270539425
504915610 505613387
143201850 143213080
982017897 982427924
154761325 154980878
109459635 109859343
453545943 453960625
636123586 636925362
51062397 51142880
746668515 746816448
877229988 877244173
122147536 122641137
182790867 183663172
308640878 308963579
528483495 529200767
788368942 789325488
789456121 790130133
855890778 856218762
732425952 732449794
497508194 497952653
237927425 238826667
557052649 557812089
71113930 71807996
659679323 660440862
196331591 196375701
936058411 936348630
19879877 20229893
572506098 572816928
457304362 457462798
916103936 916151362
698687264 699587394
230259282 230338794
310734024 310911132
777544044 778541281
862105677 863054134
416292382 417155695
553330490 553644423
133695052 134520844
729894857 730387131
596704082 596758497
619499668 619506140
901357264 901760658
126623164 127322695
650026120 650785650
958094066 958335760
210428185 211134937
901083087 901712459
171988576 172147900
160671131 161491403
102495362 103068025
608204467 609039801
983067300 983222358
682689793 683233211
227552568 228164148
982908656 983671471
196221331 196278884
258916399 259721558
750836435 751598461
784663301 784684723
370086796 370697409
717563755 718527202
154571428 155497627
853875071 854413571
721141939 721747158
152708172 152839121
425061022 425871013
627106965 627287428
229394293 229591388
53798448 54265739
878245079 878877916
216375278 216596614
178248126 178695658
10082875 10170680
874096173 874194266
114039895 114933340
529291468 529964452
202131651 202815187
381799265 382129244
144042190 144784901
10789191 11374702
331267854 331424121
25816056 26235577
180134099 180657765
128010011 128427970
165427720 166044584
888327417 888752920
765914271 766714153
3675411 4234960
822419095 823387273
213606335 214366174
310259414 310934636
582263830 582640328
611475247 611725808
465855932 466592657
300066667 301004578
714288007 714965255
100818623 100945115
280422949 281087321
546975729 547091837
627001442 627091979
632966455 633182640
199661262 200635714
869859470 870068665
703029448 703110555
85294517 86269932
482778313 482930821
910277085 910343715
906199193 906704997
483927524 484761361
684589623 684733348
727120393 727732136
135472813 136358418
841587654 842477180
573112402 573130653
347317281 347645909
408688996 408706142
863786787 864677840
353433033 353920622
35100737 35383267
279582486 279837765
62553562 62757662
511378798 512170209
288022889 288512962
617143216 617490600
102919497 103723857
664217562 665078908
70888085 71259351
169689297 170387425
967054432 967452190
166024167 166913192
933017701 933959031
556650404 557163208
762714730 763590016
565970496 566200403
131359536 131899201
251437444 251801746
689108458 689768989
112947348 113936390
59657365 60268479
944912052 945351470
471668708 471816676
402509312 403212398
419219929 419724969
366578716 366709633
860833638 861562821
223067575 223278592
550558509 550727796
399049406 399287113
972770933 973092015
628000326 628473918
717448564 717688056
913072693 913851055
78763231 79134134
457058478 457346871
143627955 144479573
849960900 850658807
622759294 623603042
978029598 978541860
871869503 872724526
91142311 91626094
76044975 76330523
280442215 281310658
452191656 452480928
424290931 424305350
248781384 249389447
3808898 4038540
401595429 401913727
70129634 70603339
995643752 995856829
599769760 600463682
595032560 595380169
696453872 697210416
526728210 527270814
30447968 31130509
979211437 979972998
271997184 272985164
781801325 782210165
332253239 332645049
641678137 641919840
871678872 872244440
850004190 850776002
186796970 187343829
932882965 933226812
586476355 586819623
381966572 382431754
582205489 582329906
192508524 193353346
962864679 963683186
30650984 30955561
155468618 156002560
514731278 515355491
676006221 676400609
170323135 171228640
655630669 655892904
214978482 215534794
163006003 163371188
408559157 408683355
746430591 746512511
606520445 607373620
519754373 520055176
330015448 330976047
237268444 237429536
842597648 843548053
477026919 477302385
897812121 898784206
132183837 133098615
750493703 751292580
48741 742697
818106130 818719915
537091153 537969526
738305325 738465991
393509155 394154692
137495639 137626886
493292884 493686401
576399350 576679453
557975993 558203421
228744586 229322676
694770869 695584013
77427264 78092473
388992830 389424804
85524912 85980898
15422100 16375150
547638536 548629048
479728868 479730774
275009344 275780389
923316935 924018217
895135105 895673767
370331561 370620493
879905802 880020714
172673612 173310098
699209961 699237644
105567684 106133541
561842605 562026625
924712304 925255607
320892275 321302992
211346824 212313771
141761125 142093815
199537513 199555075
512872974 513816102
810184978 810944451
102581920 103186663
889540420 890306923
779778209 780310200
398332683 399064928
963375155 964200664
553815120 554798267
690861834 691079883
692817770 693347225
251318050 252280850
736267608 736841764
356142221 356647540
735795845 736176045
711727429 712705878
317442107 317513032
922533269 923368937
749016337 749089982
748721971 749194264
416109841 416412091
560358231 560733667
926389588 926737641
707389657 707962822
114210088 114459646
746155837 746662965
229419741 230183263
552699187 553534905
932071028 932320602
605140615 605342627
98613158 99249734
590746711 591428023
780851619 781367935
897149945 897223647
67943717 68140905
819340350 819527113
264863495 265488393
228303714 228421210
463006903 463583996
553442348 554399884
249646459 250085899
779355377 779478772
241633200 242484700
300278810 301061273
114471379 115355727
122080460 122991754
261620970 262152877
297737448 298682461
559415633 560316258
58686241 58886552
154785003 155053443
917619423 917772548
933027449 933095373
472250872 472346438
484816804 485427394
83556388 84082630
210683950 211623520
195591766 195900466
748942267 749365883
286504062 286910147
271115850 271545722
733662312 734144763
149751541 150470579
596455210 597161075
829450198 829559676
584932961 585693938
581128212 581351927
143977456 144507376
566884597 566915027
810310519 810458128
751770033 752229244
380686413 381547878
930904025 930957453
748936436 749238618
707680853 708042926
949217669 949674312
799932313 800090357
547380550 548069437
729031804 729342919
944399698 944845906
835836874 836421230
946796961 947763782
831902075 832879146
901818110 902053070
864369871 864908102
207378870 208306019
687075308 687706811
545191281 545382793
646809485 647112358
466080589 466264331
486087906 486693578
467870900 467943483
597071617 597379741
292307802 292451163
914556467 914988878
218913629 219912344
462070860 462074772
661376631 661615358
675711317 675735650
611053955 611757473
704541014 704667362
934041084 934713525
504998054 505497876
404618769 404904903
66899581 67529580
963737778 964527800
916775191 917501340
762258171 762871085
350332726 351036693
329876739 329924680
638926163 639340314
746693420 747507921
479767277 480620781
68110943 68293075
422629631 422633352
808730985 808934256
857873344 858644776
424996870 425865928
597969532 598286200
66919882 67326321
919741035 920036578
229546470 229970250
79866549 80554601
481095160 482018698
718500495 719047972
480795921 481265334
214597487 214677257
550217752 551024559
113945722 114789114
503037537 503064490
936909840 937278235
495829555 496469239
406351136 407149191
754997209 755353122
472044980 472064810
217035085 217691385
259147861 259401044
754855982 755209019
227941124 228751502
363588737 363750252
33980168 34344535
725882846 726284038
305741709 306144932
549091419 549605590
452908355 453472526
642056002 642334157
550977501 551199429
891372014 891540765
38278030 39164403
140836625 140943494
420450639 421399956
32542689 33329600
929796722 929867990
789914379 790789273
285288477 286176978
310008542 310932037
778530982 779209895
580625513 580804004
277112511 277165635
685398245 686251488
3430795 3860353
247916940 248447900
935958649 936443260
785270676 785545099
696585492 696900177
263917968 264336003
651886756 652679214
713404245 713810641
668541610 669255572
694395626 694572363
284953220 285059786
789785488 790074008
773223098 773243471
578228657 578815530
991765182 992309558
370863784 371135098
331498834 332222718
546078024 546915669
988283524 988937527
618020311 618516723
897239217 897734447
92989452 93947180
793485681 793976816
645417869 645440231
867563997 868211901
229012365 229458994
782345790 782439041
393787505 394032686
86691173 87141613
815567949 816439621
891014307 891304246
767165664 767935743
2801165 3750682
640026137 640771823
345476291 345894766
771103267 771619276
962080607 962610566
759976002 760107103
920581893 921346701
856239480 856894173
79119145 79136079
592493624 592705402
153113453 153650764
259379638 259881189
335884679 336065181
390000091 390963186
819585094 819940716
950722199 951336144
315369003 315495984
171210928 171503544
165069898 165802754
345045817 345436822
431349911 431582290
241871023 242835131
985761654 986260659
374598628 374984755
813629963 814042256
178691905 178840493
419290468 419490264
760353421 760584094
731150415 731817876
625345860 626181254
786565152 787155472
640191935 640908163
233725234 233869883
71595636 72588072
813092790 813812280
130015199 130805497
945412959 945741269
137573162 138382053
487630766 488470283
643705969 644691688
675166979 676106729
36414006 36701769
237364092 237989340
65981681 66361677
190086420 190692547
621707155 622658608
715835055 716728235
4872402 5597615
868038507 868171812
713124893 713502586
418571078 418602630
736620312 737134777
436192931 436310373
76831662 77400897
686768354 687180305
897192129 897939670
429548417 430209045
847739097 848441614
382720358 383346891
150301102 150855549
864587129 865366649
971287504 971583452
901100046 901488388
815100848 815103938
189094169 189418031
512492135 512881539
40427673 40834191
49297573 49575882
116447037 117286814
277152751 277877413
967870178 967917022
417970700 418397119
632019121 632111840
260393824 260888744
178991089 179068112
995392501 995938612
714268696 714957722
699434824 699470217
318552354 318757851
984536783 984903706
171431398 172166048
460100689 460678549
463108009 463828390
657770806 657923345
150005823 150868717
160665452 161169866
264645125 264980550
748156148 748176721
409598513 410489057
939629351 939720390
426725438 427469889
650256739 651055683
401018380 401132201
460642306 461112824
847717159 848578531
826220797 826700188
175061462 175703403
567989723 568739191
807447054 807547274
201301199 202238582
643061277 643700283
965170683 965423105
474568993 475208112
751938351 752210932
799569374 800073918
496477797 496672464
226881418 227323576
274745929 275682851
680525991 680803241
513301741 513985738
677975912 678959131
236552329 237090000
37257553 37776037
588481114 589403024
100617306 100687472
14088428 14438181
370419330 370509007
196012600 196557356
722121152 722138687
779114325 780079317
285532898 286275164
867861997 868287928
3901967 4444964
146400416 146614887
199768594 199920469
770052 1414319
409890972 410684907
890438745 890773851
316328481 316393120
358939302 359137668
129024591 129261794
502125345 503037384
926250601 927020173
274803377 274981511
645070831 645776956
145243090 145476398
621623432 622333254
149578768 149753385
579553533 580000140
737662678 737773753
311844447 312483810
119226080 120194073
509460383 510127881
16666688 17661838
490093723 490870118
950752663 951707056
659633231 659637509
46350876 46500513
316398050 317357553
131249898 131288791
992391571 992503701
519117480 519880382
372419264 372957238
267466576 267523204
299570788 299635662
820782785 821285117
664006697 664740150
212887691 213505711
476706020 477667344
294987715 295462552
346245850 346709799
730956071 731144987
144756416 145579092
534791676 535388610
366391403 367371043
432809108 433485797
577007752 577547485
798309632 798444390
722169602 722300451
562479912 563275828
239258607 239475377
628361402 628973088
798170667 798918638
57168482 57173066
189726918 190514554
731285410 731400557
852792232 853716696
168011488 168016268
550001574 550204898
586036166 586821943
651922054 652252854
63820377 64218639
480866984 481615797
411465778 411947961
342199800 342507710
86009526 86842397
695477907 696199436
743139043 743585083
498221975 498448781
851973496 852500954
205478304 206379525
240049210 240234987
327776473 328370293
274366542 274542593
799729146 800555989
570516218 571342989
576860784 577592887
97560431 98477619
247737019 248731576
158409588 158440456
348913373 349775346
984108807 984515623
246026643 246731909
478081903 478252178
129777558 130079547
128586314 129569681
953803896 954490616
308052129 308069097
812415277 812795140
778310726 779254198
590960543 591717076
983265407 983737468
643728908 644249950
689589801 690381020
963590464 963902912
320231867 321221541
877774041 877829677
44361059 44640163
590139698 590652194
349189105 349897807
117215452 117983529
821829785 821981856
241138342 241458722
257294632 257333665
86932834 87480525
610654939 611584739
146126113 147041750
568131494 568341165
789383509 789890268
998031730 998498596
397286796 398183004
146050185 146812587
407817856 408602098
19895135 20741103
436158771 436385582
108249077 109186168
591395930 591679388
118176280 118814157
832206159 832273191
594550537 595097145
825353401 825876169
519060384 519166407
895021780 895507363
758572729 758966212
293828107 294238148
948555555 948977081
599290715 600039217
483877458 484196224
695560444 696538996
777958933 778627857
720665601 721345331
920498015 920501845
193921342 194708860
611021203 611203598
912520118 913094811
175221413 175731262
445887639 446596546
42097914 42960263
457749485 458519188
624735463 625058369
654629097 654786569
886950750 887555028
562950384 563783553
789461861 790376621
816760346 817075882
921879032 922689937
769476306 770118701
683940660 684557632
895847133 896527135
848005770 848949219
833617925 834185559
906462202 907349590
262394308 263043285
315673736 316571569
576446500 577301942
283922364 283999253
678951666 679404836
73424950 74339939
564021056 564581810
921978706 922885885
329624473 329829637
174673927 175423821
836618766 837467852
190347390 190654735
8537269 9374428
30043868 30547185
408802938 409670722
854530116 854848043
820714 1755629
182831557 182912863
920471316 921170851
829018069 829171191
342404613 342801508
476079298 477071502
113418176 113588396
536078492 536270813
916347677 917094687
511868093 512503994
809892390 809932589
170604019 171308265
215317404 215703007
662079548 662116716
19606985 20408736
935574450 936431229
259932450 260688696
209535185 210033656
459516310 460086658
416219518 416410769
175751211 176600309
442690894 443398271
786664365 787616731
964024435 964305207
704869562 705383803
289076164 289511361
484436027 485058031
832869260 833429183
216620429 217569144
745455688 746257710
199772067 200757362
227080481 227116512
288884039 288969401
530666253 531456809
491641932 491697183
427739926 428057225
666026538 666336423
567813423 568035793
967863775 968530067
889319719 889629859
165315718 166261888
747602059 747680636
678611492 679101527
371383823 371735491
149939507 150501425
764259708 765012104
108400168 108579976
152567160 152670394
598632904 599249198
894193190 894333536
79049147 79274683
271565379 271825007
749976206 750418042
578094203 578299350
221605371 221645362
198987551 199763320
492293598 492569452
423106301 423520558
293121173 294068067
180030002 180043791
994656281 995238677
149876564 149983825
582999737 583171992
583944041 584180262
689582860 690580055
132328973 132379293
289073152 289693478
856587331 856991345
410359612 411139389
323759341 324577934
71250704 71443360
711834842 711837952
334590193 335403753
209899600 210778184
181655488 182477143
382512031 382687990
920134337 921123240
662484986 662780759
365786902 365997317
688934052 689214384
847354956 848074864
548630113 549622168
279847955 280734415
666268152 666677339
372361810 372629945
745394067 746115833
478353340 479067017
326629475 327073378
444612152 445423170
215413610 215992360
330859913 331623807
360981917 361124881
180938713 181312936
700906459 701545295
115224934 115640667
304284013 305167763
884234075 884697784
37985136 38076967
415001373 415272187
586556024 587002729
887814119 888191967
111010187 111839289
98312091 98746225
398964285 399407024
581303650 581601394
117977319 118263180
725234534 725438424
820893793 821692039
660218656 660327482
346845684 347344261
480688878 480903625
268920950 269363140
996639757 997000511
775731537 775886529
257870310 257945408
244449566 244558714
333228040 334129197
663717967 664462886
488211206 488883973
625712112 626428080
435466080 436361135
917345445 918267939
390089275 390304144
603702447 604219545
219164754 219667101
987294621 988216248
703726047 704004400
413658095 413986907
795556414 795864574
560555576 561333034
485445163 485474979
504020523 504500195
221793284 222319242
54194119 54764741
461935510 462001718
471033764 471181471
543296739 543969504
836755678 837268409
925353290 926336375
310100691 310697513
466803190 467309023
456296325 456591809
808605173 809604738
78733735 78927990
969066477 970003011
15477689 16196152
754466641 754538614
51673928 52567204
197922758 198187868
241076602 241937508
361401713 361586657
96113312 96777757
195571599 195786726
462890656 463023975
394169323 394768563
730029020 730215667
633250637 634095238
22248967 23011679
921661400 921939372
474857406 474948424
20185583 20475116
655815955 656487705
263784937 264705639
107066861 107606924
603901873 604008371
141397511 141966337
185150526 185990517
205578803 206253437
984103851 984820935
402185471 402848573
600733416 601349823
757981907 758007800
348060436 348078544
781425061 781601564
596862322 597244672
680808726 681142104
385829938 386158175
658094360 658915400
642101984 643079246
518253758 519216215
878379927 878392431
361215113 361475576
563576427 563848524
128274180 128840975
905670189 905772006
481038017 481778268
405503027 405943884
386221434 386765389
816874642 817390463
481447406 481617792
639513820 640442180
860312839 861229760
451884305 452384682
727112315 727864358
939179177 939583210
209125121 210039511
610053280 610723943
834880625 835827491
615195806 615696380
718234677 718683826
448474114 448979888
680520990 681309521
958169448 959101622
456850046 456853603
733993942 734495762
362794100 363106349
785750602 785781683
368895137 369569143
707442222 707534866
118459453 119321318
461761471 462055486
310016027 310233716
911743901 912267862
696189475 697137931
413156178 413415172
59987258 60843943
885421289 885892679
837974362 838608059
341785462 342753225
719125782 719535060
230515535 231484454
265499627 266104410
355856192 355869163
738433515 738487844
590776776 590979609
65812760 65893339
538813810 538883448
681829516 682758454
602853616 603339640
574307962 574934971
798664626 798935615
849094115 849563197
532457420 533376084
312926876 313437872
137279136 137382244
266706674 266720172
611601549 611962984
379319891 379613707
17194800 17779365
250195905 250917479
875948194 876500109
946799101 947725746
65034742 65290524
25646175 25686584
632654393 633333186
715682373 716654676
620559781 621520538
255352260 255812477
656053590 656081942
744809717 745086053
988882033 988973505
312271332 312414646
687167416 687194787
485761446 486729926
586170276 587066799
999005686 999360127
254814153 255378730
523111368 523261080
704636594 704946571
3833214 4399512
556639978 557561941
419048030 419234532
221210270 221210455
462708209 462981666
686302863 687032555
626202973 626568348
94279745 94508980
82782019 83735302
341765564 342065940
723926203 724792911
58858312 59028291
601409337 601564817
771416896 772378849
565130349 565235916
293642494 294382972
557032525 557377299
853315649 853729734
5049385 5312107
596037616 596734963
906971627 907296750
460853586 461318843
591868925 592155957
904549796 905500358
896228625 897149550
379702473 379727406
874421153 875177167
50528006 51094703
235684870 236419671
960158407 960722270
738704063 739134614
774075347 774704881
179252560 179659569
697776595 698393977
82915882 83463400
818696778 819178226
265693595 266326011
68857415 69694964
702592988 703553947
25516568 26397583
961268093 961604272
420443527 420942071
660747622 661571453
102907744 103109483
616040463 616754642
952860584 953677285
95743453 96068102
372555516 373035013
218525367 219328740
378378596 379323144
206662608 207212251
762598346 763136525
970085618 971063965
735488913 736163075
17593015 18237255
571580421 571677181
588742093 589262673
26690516 26944983
852179755 852508352
637931694 638308295
308648218 309623152
334780188 334935310
947084415 947223717
625720535 626260633
470880313 471543983
642357109 642492513
680303712 680646319
830218073 830551262
117173589 117839692
163953716 164845901
788307553 789140793
799568768 799947291
712968232 713779211
515588766 516581489
237652004 238482086
24518758 24523250
159022358 159224577
439415231 440132028
412490408 413091717
410030262 410374350
472459921 472648202
577854033 577893412
200970621 201156360
153920897 154851998
647959915 648251880
524592014 525249733
937416919 937969929
224992901 225914643
602215825 603114723
856989251 857840087
384746583 385715356
640932007 641288909
353364162 353558924
884087381 884309872
307632469 308503239
4076612 4199382
277707736 278206762
832985188 833906311
999873169 1000000000
317019208 317538296
80341725 80933855
455400382 455690855
686906065 687019507
82584722 82849144
735449245 736083601
236283862 237059354
559304991 559406433
467798640 468668595
330770900 331290162
781705650 782181023
116332210 116495553
57204798 57561548
370427864 371062595
281894819 282340819
504999225 505198164
923425326 924206217
618121361 619016364
832695517 833247434
801535496 801728674
402284402 403180513
923071694 923440161
606806564 607760790
188715112 189024743
615460680 616345698
929674323 929853142
555581367 556183395
648720938 649128025
582522432 583463929
287431969 288406335
491038435 491359567
459273514 460179269
971057592 971939422
917544357 918140088
720096245 720847078
482360169 483135260
706865135 706908979
709737421 709758366
795252603 795634920
159557561 160131884
481697722 482556082
300424104 301254498
199046141 199667928
645506467 646207167
22077879 22707850
47434346 48338817
959254847 959728109
589424036 589752749
250707443 251103648
918356653 918689080
341310570 342183813
943146025 943514705
161820251 162488727
714137724 714249958
994469501 995360003
663466863 663943563
395038121 395786188
206677765 207014785
745507818 746047713
209607368 210426131
64680570 64959565
203086118 203392563
284766795 285627812
984886338 985012232
12625101 13383136
858006462 858541559
927029438 927633897
239434936 240182293
807406205 807430744
445150987 445445530
725798934 726776070
253848039 254373666
741982057 742167878
571426556 572415362
995258753 995997093
474911215 474927573
816644537 817218035
810129360 811003862
640293344 640871719
936055911 936491654
625759027 625858167
667760210 668680146
948736568 949568628
325214521 325869410
186955062 187814238
222520268 223411449
864868032 865279040
564258720 564302849
563537022 563886411
160376753 160491205
986697099 987297725
893991726 894772244
785686345 786619771
786498779 787193702
792279764 792739977
516008206 516665978
62873190 63130365
927062948 927256298
793511884 793717306
984138753 984684733
711227663 712092408
277428737 277997500
596719918 597089000
893044933 893584600
539137211 539720173
741592106 742087830
321153520 321513887
707346117 707628056
507814696 508320909
318477829 318825952
651927925 652675621
798759845 799263720
265152480 265704440
362484860 363234373
246715787 247307400
258887276 259130458
852402225 852614591
178465105 178952921
552997625 553615140
974273329 974797328
291186593 291863147
203843969 204214536
210668552 210992499
341414455 342011131
50802188 51647819
530759665 531538897
143471416 143899398
693576350 694569571
289123090 289500429
686874044 687583389
456202951 457141138
872953515 873369782
70830044 71803507
812208385 812410430
184088435 184865959
644156459 644784376
304667070 305486740
32023781 32651135
83744221 83954915
377247670 377723488
598170160 598265233
151020276 151858752
251195734 252187449
788397478 788483634
16228380 16966053
422541538 422762622
864134155 864690527
771102110 771400897
515282762 515583337
721483717 721670633
187757487 188555254
904205036 904467900
487555943 488542797
969197623 969412129
91872378 92078633
151059648 151131288
499917922 500434030
440932269 441279515
217041811 217090536
705286004 705898598
70155860 70765057
24938248 25098021
705870130 706050396
392379230 392668777
496232407 497055349
393588010 394525449
26379610 27171018
791011133 791794941
655483115 656231906
335450076 335516155
110450324 110884652
558529477 558898854
219777683 220534987
727899384 728040590
313081046 313098803
272311808 272671963
748953286 749645649
288393859 289307677
445573605 446112693
702190878 703027936
897032861 897575818
887721825 888455407
389783095 390279405
388768164 389429997
19339140 19745094
351399306 351498369
31488383 32093846
772289945 772481345
79360254 79830866
749937506 750601788
791800730 792791341
95688484 96405494
211814753 212195707
84615608 85504949
418730852 418860292
955762566 955902017
929092987 930086024
801237076 802054553
701848918 702130038
263766016 264512544
670262713 671086888
206288619 206540369
566952674 567728432
276355207 277226583
912871098 913011777
458535889 459187282
803208196 804168609
136446847 136928772
104715181 104842359
546165609 546612822
286813644 287688528
590115818 590255252
418784566 419276604
976713838 976731492
91957048 92392744
844000472 844293708
479471880 479741716
320847633 321036053
646802114 647074043
764108057 764228969
355310223 356196294
493690264 493735542
833435751 833724990
719827407 720483265
4210863 5054171
88563154 89081607
320407272 320592916
629563202 630502577
88600506 89371770
185414764 185625588
215507364 216094609
870881996 871450005
362177661 362884624
285707763 286199463
529221009 529627511
710614272 710998190
131869095 132220185
833528268 834236953
606532449 607024283
526512893 527163145
985320520 986274187
983207286 983815244
506203598 506224922
529488634 530484529
953303941 954182446
948714180 948841073
696271021 697017850
227349018 228317468
364692402 365324441
258590344 259006900
970702915 971490477
195600731 196089409
199268128 199472402
949647959 950081619
402568469 403386061
931627090 931802322
607844296 608776159
165346892 166037047
618311442 618769767
307527311 308274502
790930664 791785098
663163836 663386434
580240496 580734145
541166931 541699147
11556022 12270790
576104091 576583053
322251932 322563790
19359878 20108587
968729575 969200563
921904031 922568419
847026321 847155311
742462949 742607730
568408659 568673581
209020348 209030417
648497997 648861982
76423907 77218210
401956416 402328343
46887539 47335328
399454216 399794418
910437636 910503721
554886728 555112452
423213484 423528743
41716006 41949892
534973633 535365522
588884233 589794674
975686 1646086
666950939 667351545
254777606 255203146
301088825 301272663
74571498 74744548
64304454 64850120
154118356 155043388
302303840 302648345
364216366 365178464
897794798 897967687
896917171 897740387
840165403 841067451
596762771 597564481
664284352 664571229
482721404 483510925
606392640 606778330
15938932 16119910
93586855 94187074
717970489 718023867
78854037 79129441
566748688 567642293
181297955 181876554
820964628 821321779
787018820 787692629
570360399 570695197
296899595 297533570
402247550 402375604
719102648 719144880
515133220 515175377
573303143 574124131
875048348 875125894
737284491 737305446
815431105 816217597
691536410 691805697
477826490 478194139
929111434 930019476
891043512 891909372
83919566 84554281
434634683 435005621
637035770 637108201
559197026 559626784
253524898 253835423
148335221 148867350
181650939 181918119
345832093 346274587
994080214 994872832
787883683 788360863
313421985 314277015
113215788 113353991
289204815 289359767
823583120 824498890
492970648 493929279
509459842 509663680
815219207 816118798
519696101 520198971
632312141 633216236
854442240 854453308
907698780 908458588
109815762 110103302
872540967 873063294
743449100 744327750
700918605 701257336
714643906 715011495
79015971 79305942
283068693 283925298
237958097 238528195
511594899 511809369
654410018 655233599
48101737 48345356
959343325 960210569
299382829 299472401
571018568 571740704
861326366 861512393
178937374 179038931
630892791 631471923
843922342 844159949
240868440 241438735
521484832 521711454
356761714 356998670
981193191 981570731
442533357 442646162
311430241 311541325
261460582 261595449
557918936 558642440
163541630 163821210
293881610 294405205
362159395 362809567
663094104 663392071
257208296 257924477
201611430 202482775
967401610 968117460
606423084 607375687
377855500 378614725
254736201 254935133
282062611 282240157
452572049 452962331
735026195 735337424
33198993 33695339
101548526 101851056
390959310 391470322
988307801 988724279
108221611 109187359
551294758 551914367
931163080 931323293
900901134 901130369
333379053 333653047
555894755 556665917
777185973 778114347
632960739 633787341
922178137 922427935
224396078 224925528
44564441 44633192
773313913 774091409
346178963 346324242
186119515 186160858
147496540 148308109
181509119 182229611
640989689 641777417
985510010 986366011
809921959 810893640
877723684 878518799
14247671 14341640
238800282 239685527
554963390 555219966
804304847 805151151
149736715 150450449
992731843 992827553
549129010 549405328
198914580 199778205
336614913 337519375
529680886 529910416
606743305 607130936
595905389 596609480
662024570 662478330
131933656 132446151
53526086 54068820
63891939 64230411
205058893 205284423
579050173 579732400
124787647 125602530
37929155 38656935
365223222 365470345
842750456 843649009
307498524 308134952
748627495 749260503
576484471 576603927
669158258 669845926
242434709 242559302
351468225 351908287
86990368 87007935
331703062 332051673
41565742 42306277
975334835 976022094
987243987 987570777
798646110 799424431
84997699 85620439
148147366 148879998
898048585 898172643
440024309 440937319
339343402 339705847
715333147 716141074
836591704 837328098
361230610 361351513
91700151 92183675
23345187 23470315
530434544 531082108
534220069 534750296
425283408 425587517
92377950 93214221
174085418 174640053
889453422 889854651
727484683 727608869
635705153 636462384
241337020 242241420
742518984 743107391
113624981 114237001
814380965 814894659
553891144 554372955
137037550 137667888
769452179 769711398
101168496 101284264
617309134 618257564
552519002 552787134
839101031 839810072
456030324 456247301
86365248 86627490
541666697 542028581
877734944 877770204
352417164 353388652
338908334 339301661
675951890 676410793
122643193 123577392
699600477 699761910
509877543 510042524
998163756 998862359
961706942 962361958
723608441 724114195
242171233 242220800
559714002 560066532
682227496 682916725
160787958 161622031
559361256 559478281
193038271 193955549
651627576 651688359
486278427 486946620
789096181 789639522
614602041 615264528
853245650 853836727
345213677 345447969
184477345 184716844
168443017 168515295
806977979 807964344
898604175 898707774
311711018 312109641
733959198 734807726
114147854 114823920
970179480 971019953
166962531 167009020
223568635 223766502
445226877 445987403
764529424 765118273
661370540 662109366
873450385 874301592
421503014 421683986
957362272 957389274
847831372 848479578
647791010 648298492
529622141 530443832
638857901 639833361
232932724 233922176
644691725 644742787
965434217 966207335
612426432 612592020
419716850 420468130
855241817 855370555
372372070 372824815
902272133 902621407
447692062 448160030
964171807 964726971
327641440 328246493
188930892 189566042
816079740 816147340
734064810 734264412
476994780 477432344
179699681 180047990
598271418 598685945
979101111 979113517
241647148 242107317
399872873 399891462
651070496 651482381
25865018 26378748
305302598 306100454
568653608 569189377
430466844 431312118
802880867 803659171
878655389 879150781
493865258 494768519
329362026 329717193
818879981 819413630
214840220 214863361
318274926 318588213
166799494 167544370
689648858 690368996
304016018 304413761
742440234 742751918
191036348 191271449
72834127 72926623
692264892 692430391
521189388 521283235
174109165 175037746
273488302 274311359
603359362 603899542
1253546 1263034
917493086 917775269
154569365 154586948
950392989 951097516
798311586 799297124
312141451 312898457
21730060 22505097
699592710 700022731
362492337 363250514
441951615 442291025
516896537 517778311
475503562 475975898
837197387 837908274
167563634 168490670
738210741 738522208
979591269 979653504
492280518 492941976
354755751 355474538
499191745 499609809
899337262 900261160
493492023 493761257
198418713 198743770
909822162 910067713
272568312 272672579
232208623 232215158
506898607 507170613
303471364 304253960
475141745 475658603
931955864 932184502
558484471 559184183
958489046 958493487
359380140 359964567
236842489 236877762
935122095 935741192
809463625 809487943
867062041 867528557
494563639 494989669
866564716 867314652
767550487 768054075
243419803 244001143
139858986 140720603
882597023 883388118
165350513 166168382
73912674 74203364
993817694 993883290
771611783 772140782
576944915 577369390
505387208 506169785
81171653 81672826
779289270 779867612
466319602 467172233
855324092 855962043
753875556 754064500
699776351 700240231
415269224 415986641
422907 975363
155592134 156070083
195379540 196113691
618252074 619088601
957846239 958487704
713390124 713817107
236734474 237670729
854968187 855246343
157566114 158334884
487294097 487815796
229208146 230162448
865725905 866091639
443166497 443807283
256909465 256931273
962276631 962760873
235341775 236064092
467507241 467761808
862551548 862620703
698109575 698211932
941102889 941399233
803325331 803705623
885764536 886512373
250522177 251309296
707180689 707319106
388461806 389026975
278544028 278983631
219778504 220509891
849698735 850122742
320307660 321202858
783655021 783755770
46971673 46986356
318478676 318827289
739139710 739220945
16761554 16775747
279782746 279841488
254071263 254876699
702183472 702508308
740282258 740675635
996111756 997066180
532001303 532232842
341561318 342479359
830766142 830838706
183763022 184758039
356363436 356985753
796080718 796381797
192762707 193184421
693342256 693923389
902760048 902809272
416900422 417520425
514120458 514912573
746165297 746583183
890328624 890587804
14912591 15321779
949770397 950662608
158503224 158952308
238970871 239905952
846133594 847012051
585715135 585876636
121645087 121992051
350894097 351664832
189402101 189949967
222006353 222063154
839003932 839118422
554126971 554165386
265896643 266703592
488638579 489588393
97883521 98138150
934291844 934610140
983297012 984259847
596970730 597126121
847882158 848879219
702925143 703693339
310732864 311092631
469069346 469186524
618842961 619699851
46971727 47421770
964845630 964859443
641805536 642456242
465652856 466367834
494952056 495226386
196157857 196347873
490790762 491035709
130688889 131327341
282651789 282896209
457294249 458057623
521179965 521691290
675148193 676091069
773119999 773404882
111481903 112108032
564169277 565138226
46677990 46912776
844445755 844982585
901840635 902417034
620826666 621134011
21652894 22012648
667933513 668674537
254112603 254914727
280642115 281394835
124462078 125385590
430720288 430788533
182976012 183600147
579954937 580239230
521780334 522271545
449974778 450328812
482307175 482786112
185079166 185111838
969068296 969186979
73626549 73681036
613282264 613774143
546046174 546805618
384172480 384587804
604581001 604629670
703443507 704408252
192558322 193154057
496737539 497541034
969811526 970344064
190983111 191694094
726638924 726950268
410575079 411405937
993638245 993946087
82284385 82726183
646374063 647209827
267002816 267719596
833453676 834322147
652222645 652484145
982977680 983715421
145939888 146606521
110756068 110806158
898024070 898127334
843688134 844562171
125631856 126367257
504235311 504499157
684392216 684695687
493682013 493897848
285882935 286784317
420403448 421029804
952769971 953458239
331256593 331371187
822458124 822564243
460398095 460951572
130501173 130561597
933291381 934139207
519279166 519677365
956973975 957631191
804607974 805391840
480484991 481240113
347211907 347328450
618714821 619384441
7963750 8657437
320727272 321428965
366319616 366860252
248830386 249312594
267344004 267871066
387709643 387810991
838762852 839559541
79632354 80179101
467972732 468693453
920934287 921377583
624873053 625575996
837305929 837810374
579627797 580595230
927844234 928467842
985296942 985384105
133640938 133640976
287204153 287636352
97363427 98326824
319224337 320139825
833777056 834028023
85645203 86256587
489535518 490425886
218092976 219049717
219598707 219890129
514699454 515517896
873592215 874173317
664035749 664352778
432280540 433098998
263810998 264768987
834177571 834878977
226141002 227017539
709400322 709708765
782758082 783566291
740097425 740671101
304297372 305121059
246425280 246712623
70277775 70716230
339151275 339421302
757441866 757961948
109054173 110012227
767104943 767561215
484297213 485289512
685881059 686079684
875558639 876071626
944729748 944892901
236752318 237487191
309213524 310128439
413212446 413393100
790901056 791851758
888140415 888534453
680475395 680699863
218309561 218990091
631279869 631588046
454458794 454507822
500721639 501668650
443495496 443511920
215407458 216091163
696695391 696750933
598059968 598607235
122239204 122825629
270491321 270834943
508634687 509279514
585354612 586060815
166227300 166545495
251815033 252144790
595441487 596167031
110171557 110684717
432079489 432832486
816335339 816388681
509818370 510426217
412102103 412667563
32244662 32934852
257817294 258487403
472673 1116931
812926240 813085835
13337179 14000647
136132814 136481293
190386755 191267081
149653059 150607600
957577393 958486949
757175620 757279501
650544365 650941626
923056165 923864309
179658127 179901987
29785113 30677855
766040439 766082388
621030852 621281748
728659921 728695362
569674110 570229365
433623221 433771082
274209479 274439121
553161861 553583063
137781763 137926414
312781946 313038010
950168778 951032249
979341488 979858788
249823438 250361991
421541813 421929437
601440783 602197767
227258037 228076442
527730551 528070328
728781074 729640008
281148318 281419290
481163632 482072783
21867607 21954059
232009102 232119825
943567540 943752523
714730020 715605315
927249222 928125173
892793586 893695943
279336802 280047796
723091576 723169933
221088302 221109423
908561630 909026042
477295491 478183736
419780244 420028156
266890887 267153479
874151685 874922608
976515482 977309500
812211677 812276093
618748524 619224633
822033184 822123338
874631109 875603958
49990304 50723303
694370606 694796940
214394834 215352938
615533077 615723391
405719419 405987226
531002253 531387680
872357999 872887895
515043028 515720558
526277582 527234152
548456121 548769767
198538660 199031067
166469338 166819698
319583752 319939119
134844304 135245900
181318160 182110100
536746643 537035238
106233427 106418393
85938950 86586372
12022560 12313901
488408429 489284315
948603632 949427535
248210772 248618910
116551519 116834112
692199976 692913743
576415014 576470624
821996359 822675226
576666666 576892312
506278418 506807864
815389939 815652715
175732823 175943890
562866912 563533520
923866455 924135334
651878138 652040581
283917982 284758193
960271549 961130199
493425340 494124646
696110735 697071497
107913553 107982435
469188851 470070830
691845835 692779813
43846216 44228908
312493275 312807924
920015478 920981620
49894531 50445091
799958660 800798148
40346068 40388621
676412245 676623344
65569384 65662676
969268238 969358347
95355614 95739350
988158084 988428926
887644486 887750339
298474792 299295189
409630612 410264782
918195584 918604072
20222584 20974261
275013398 275188176
812736784 813144985
81065626 81307621
87352891 87794341
936805184 936922205
748158693 748928718
674693192 675618283
498858216 499256994
723599881 724454086
671519002 671701270
575977537 576334345
611303531 612126927
13095792 13652992
916400942 917227175
517469307 517942716
125649412 125912343
318693482 319405110
928816683 928886640
82402280 82640066
263642808 264499867
297970343 298149277
81655470 82532421
421803013 422432503
496184599 496295990
469530885 470233246
234269474 235034819
11644327 11833749
725782133 725907970
308766711 309418503
317821258 318242469
806569590 806670430
65995525 66582056
933596540 933882321
979805054 980426726
200407545 200877390
824079720 824735569
395146956 395761036
814540605 815383134
71862317 72836584
446292993 446952617
565295927 565967794
607394006 608059164
163962616 164949917
554806640 554952791
670831357 671420933
122677703 123356350
275784295 275860752
35562356 36419959
139084146 139592789
686028774 686210991
990353824 990828421
193508651 194060128
482189670 482322516
440413609 441164013
544726978 545639723
12409815 12647025
762267495 762479024
775800302 776645751
139907102 140179910
440332258 440653089
187371075 188201932
876090896 876093451
715871691 716832713
782401979 782636176
60513595 60603412
694580875 695096580
969101529 969559397
814485801 815103967
37895542 38183678
284498538 285120945
276139502 276612795
225807282 226672589
387417375 387639734
469158219 469915670
923764818 924231636
852032312 852976289
949969904 950149519
576143607 576770792
861248381 861845616
229573927 230488972
827361025 827808891
643020525 643843771
343446875 343905984
355988974 356903755
347280975 347357910
303210362 303981393
122580502 122949462
181279627 181781556
299951679 300159896
41201358 41554041
883526174 884239637
639646633 640224713
928982593 929413874
821187628 821825519
810530849 811140458
681882635 682440161
508001230 508123005
863616268 863958567
278603148 279586432
402622155 402995297
763144430 763808406
625281485 626252795
43057764 43951945
682690638 682879151
705554974 706208228
27556281 28287699
14171862 14735267
74235120 74236980
795579673 796314281
30208019 30322527
134527156 135107272
847466068 847675560
35550630 35987299
156915633 157902631
88551521 88699073
637957133 638337709
359543553 359977678
270566786 270898512
339482300 340221774
447453372 447603720
852992928 853020950
222032894 222042083
587950931 588601895
474988356 475421451
287749686 288346948
168055042 168198100
932882768 933267240
460351742 461283008
548809133 548970656
4864438 4897572
392735577 393634137
102644443 103420783
362640846 363351952
85018961 85678695
809809691 810577324
597145851 597320146
625008967 625686064
219275722 219583930
113212217 113579923
415118809 415412228
918721328 919319358
482838630 483481478
720248328 721097186
394984608 395130926
252149551 253032831
294525283 295432932
994734824 995146443
719219923 719705491
125107993 125408577
890270586 890503599
956405596 956437371
518480442 518696223
141003433 141566464
843400369 844051316
986725869 987038744
317118136 317981802
560384460 561321888
857565760 858115023
431260974 431618802
492774464 493565001
18092468 18269011
350004167 350392001
210924575 211255100
54255951 55069329
350952163 351717640
781918942 782525802
232003875 232146230
201909175 202049934
724447489 725126649
6915375 7390767
363074486 363512246
684602125 684924492
422693560 423155394
510770162 510784564
727519774 727938528
333346449 333624788
337220136 337609503
300140678 300659429
59445722 59899463
203402590 204313357
510777458 511282112
811154196 811644742
86322341 86878711
887136494 887738389
20118539 20202630
207956494 208719419
159140649 159601988
980338167 981004849
934608978 934856493
175755964 176113858
428746033 429252092
658434543 658969567
166586961 167020761
722596176 722968300
272957546 273168683
3062843 3699741
316860830 317241846
646593458 647336863
757566981 757934088
615156349 615841079
503764377 503950974
765654327 765711789
796986572 797159225
780650069 780722889
707860858 708687886
510373667 510916239
558726713 559033925
911631729 912535535
535254548 535365616
505737712 506195070
850969455 851248759
860470191 861055086
950156680 951027370
802191952 802814255
789155384 789562128
385118787 385694297
713107546 713707675
321060650 321888399
57957096 58073675
129281254 129701983
786920543 787419001
850554890 850997897
475129069 475917941
4215828 4741094
131045979 131751935
423568408 423586469
385971719 385978235
398085213 398814085
877488924 877698151
82668424 83527183
922197417 922374534
711184111 711348607
354414131 355353603
932979966 933244235
910668207 911131591
319680558 320066526
630079222 630413924
185552900 185794183
772823603 773643770
484062616 484824624
203235219 203946162
144681384 145374433
400980158 401193655
660970602 661578949
769851386 770626269
953655558 953811739
112947949 113724799
925916004 926524084
578285599 578941628
680000183 680475120
533347791 533909937
825470098 825756405
59137392 60008282
883554683 884453293
351093856 351190440
875744257 876733208
953958224 954499683
608962935 609832767
423782116 424486238
95339879 95655872
927488288 927544681
883296863 883642155
185169113 185694454
583007417 583101538
664545074 664554858
846290784 847079781
930475669 931076441
17199907 17851216
72432149 73340368
822104259 822349532
596188659 596964159
986679778 987227726
422442958 422537015
542721164 543265780
722067520 722598945
876319651 876746157
196774133 197630771
605625207 606216905
15143662 15873810
325348027 326315678
57605420 58305266
753161997 753448830
189427273 190387763
179547230 179929971
185174615 186097608
311458595 312376730
212939828 213066935
76702226 77298983
124369578 125273063
201665269 201797214
625548991 625732431
745103342 745420337
70493454 70512465
198438011 199243849
172025469 172082838
596046508 596322285
811870323 812749680
579052185 579481792
473117062 473220186
800899394 801239750
531489310 531661607
891534133 892306960
100560016 101399250
594892179 595872621
44941803 45161233
403689132 404483010
441506418 441682694
342455671 342635445
149106413 150030112
35162760 35725313
329374322 329631188
372405746 372927819
545798980 546435486
516854889 517069862
82810405 83631108
185122894 185886915
74044458 74295540
79684592 79966449
427380586 428301112
455310834 455799299
44726399 44753080
425618541 426070318
682333075 682946979
453031922 453646897
90716739 91693136
169648881 170100504
592368082 592679946
323628469 324366664
552300436 553243683
974976567 975960878
863619502 864108019
288541999 288881444
472748299 473690527
2518653 2680615
938844240 939614457
375436971 376436537
754333502 754529407
781355825 782348406
782615025 783237048
530683512 530806183
870014367 870484152
285420111 286412481
315764367 316180490
792123395 792257221
509120833 509219830
438455348 439006312
610149609 610460925
863421650 864004910
906210781 906376791
694611886 694647488
103685970 103841067
35806408 35966256
301279444 301826737
472278026 472927224
561980423 562570053
49926305 50523105
654112297 654445655
236123543 237034815
343650854 344360627
658828010 659414496
745776218 746747760
832650221 833025378
261432028 262273638
432757885 433327691
244156714 245021617
37806053 38053101
694925764 695059822
258745441 259069952
230754582 230848890
313295429 313859591
387600735 388572217
1910227 2403644
654868735 655035629
552196373 552459104
346905833 347010427
684612565 685204693
514247224 514994649
936634628 936655360
749266570 749498421
329745430 330702365
417002729 417761686
72276899 73256098
603895279 604876168
11357039 11735810
442560955 442995957
131088318 131172903
282316080 282841413
168431860 169279788
318066881 318950940
524254424 524740650
208320746 208589420
461322832 461988075
451547444 451834815
848249056 848462852
393075294 393157619
318759500 319261283
96338666 96717950
54555092 54832049
22069954 22250107
524865636 525195199
16180048 17058387
125745408 126588938
625773086 626394558
907963974 908033053
2194106 2367367
472573994 473531703
68742165 68968324
166201318 167035329
16404553 16696707
958565426 959127284
536647834 537139685
325582092 325671701
997052578 997136539
211300108 211484044
355692819 355898051
830719480 830957757
967421402 967631363
198260929 198750314
282167055 282300378
277435981 277715116
351994324 352911828
563096011 563722087
329399022 329749184
898783263 898817893
655969163 656277398
922001015 922269588
467303880 468050557
153157979 153392695
208600921 209005223
305324235 305775695
316177786 316410494
316360076 316514755
950789023 950922901
574338507 575176942
166344246 166358315
848732132 849058189
149008277 149579382
597149851 597287762
397785857 398398339
33825889 34818800
15724135 16709534
428822450 429128787
30817484 30817669
243736821 244610545
41032100 41099178
713877775 714226723
880665919 881074856
509636585 510227400
872227734 872516768
366087567 366666050
501502513 501705632
836080424 836272534
525579712 526195418
400631644 400711618
333979287 334577467
933313191 933686801
864972024 865133030
838871182 839584056
360554139 360576226
458703720 458993288
120964193 121552643
191392765 192224911
724248425 724794256
160859623 160990275
797939431 798410050
686586630 686865749
43058048 43278966
978406351 978910587
409360228 409534292
559924386 560827227
316619968 316657875
312526970 313063283
402051515 402917217
74974809 75903473
317439135 318291442
808806871 809312607
339769133 340618160
468544474 469073687
487497356 488002893
162124207 162187041
454548926 454600278
606379221 606896987
753277531 753282712
29456469 30271294
480663771 480977640
729289721 729859475
246683058 246764873
732713663 733310906
68007735 68571044
624792968 624818949
433908303 434056322
295310204 296033532
878606988 879429499
203634038 203963355
700279086 700463570
409079504 409289390
357350731 357548242
184072683 184819983
536506563 537182072
12978260 13076367
829854485 830194377
395460619 395696202
327141027 327905564
656600094 657426659
234591259 234838514
917294287 918077253
464084232 464129367
271251445 271280242
913107515 913808242
565135531 565784400
943301331 943515337
424423726 425178033
184500698 184821316
520843262 521304578
511733352 512681324
850485765 851023746
532919801 533700518
933226532 934021135
962187226 962356830
916093092 916994106
770720458 771180044
747438521 747997848
858683102 859585152
848481112 849204499
876250277 876994835
493466782 493507359
450174145 450915965
244008074 244477837
487766733 487997393
9473685 10349593
881724536 881883724
612070378 612254467
193749585 194578079
242387526 243075440
922461788 923211152
674237048 674597145
938312216 938449142
327110792 327650220
93955458 94137532
995558349 996185147
599330067 600039362
607081836 607529455
593418480 593972759
636831125 636937183
303645658 304438689
500840570 501541862
426340709 426633064
750743211 751466684
151373510 152319768
627930136 628764102
312144532 312425982
182493124 183356921
187849336 188035647
109189677 109528506
347223654 347480725
197844712 198039685
513595765 514546911
450443901 450545640
434850781 435709948
124092953 124995819
795190291 795574018
145034956 145313536
368742843 369674915
710005032 710504698
136262718 136293986
81011266 81183302
528180651 528817014
166452737 167120733
747510511 748204660
857056692 858008762
250193732 250819996
132648729 133549258
625398103 625541181
209764453 210285607
86516500 87227013
333453676 334227605
83184828 84092469
846552905 847380770
436586990 436682862
411442878 411677489
935268856 936135446
650472415 650678254
997161800 998085613
309998424 310319922
915373618 915803777
541713176 542191331
640243006 640736426
585849835 586355007
82131988 82616176
595077546 595105910
5559726 6305283
103986834 104153008
301324320 301613767
130936094 131778242
117747086 118501615
873193017 873239151
96700702 97643737
103501910 104256906
604884668 605111482
375009754 375932505
722749752 722976798
386554102 387307556
663893365 664030857
828890705 829020080
633373720 634153887
184211314 184436326
152435681 152632271
206787449 207701998
443480738 443592864
331394115 331777853
419606323 419805161
307327043 308055193
411636000 411766721
310721590 311278395
57563724 58119994
316436097 316488977
341507319 341874643
987842775 988056954
633947983 634848610
363041126 363354618
380500224 380817401
913372601 913413783
88566395 89184323
724615505 725442765
17967323 18957843
637045611 637743960
904856784 905685031
166049247 166207562
13324623 13551113
410878479 411223700
279790240 280279564
938879566 939822605
756014501 756888689
647885824 648059073
987329642 987735367
954716757 954841427
431425874 431704747
190746737 190861148
501716257 502046763
916168330 916801045
9030290 9219545
573432202 574164393
35790769 36106625
373058243 373716615
179528491 179770362
952289006 952525838
527858673 528645750
664796141 665317408
16103660 16730219
978474061 978591404
87113650 88026041
558905758 559487899
445358679 445921822
816925566 817149825
167540451 168275328
116660518 117641939
551620601 551821429
45043254 45223550
913393929 914303215
362663776 363457396
198059756 198744944
130234721 130580767
694959997 695641640
301189444 302162592
618954777 619803110
254452255 254543555
448067984 448882354
151855139 152759370
353692030 354287134
523039122 523134047
383402934 383948563
555712600 555958704
36955206 37411654
988856333 989674508
677156461 677728481
83821568 84229722
527168215 527938138
563036961 563867458
742095135 742901342
108386122 108431577
70651662 71646278
410488506 410617211
327954763 328684137
251246548 252005841
599260352 599583849
979129913 979327775
755482961 755699157
586312483 586963489
949790807 950011058
185924424 186795850
191133900 191439795
649649596 650038610
440401315 441049861
898478455 898698039
240344602 241224290
981047507 981730113
813770661 814175263
635398018 635484652
953211690 953418767
519033792 519925862
456940053 457449757
74269471 74437919
985080355 985446754
48886766 49492471
648230087 648902419
482113804 482429895
743550248 744070586
991769110 992176303
896672385 897511841
623610406 624004666
759284429 759608904
536241872 536424880
854899094 855315019
266397079 267314018
926540034 926680056
720546518 721096830
458260860 459107069
374918163 375005791
141628141 142103897
932214460 932869641
603849557 604311777
713371906 714292546
930213429 930681846
697589763 698337539
349107627 349582889
376200184 376997177
74499589 74787789
414688548 414906335
931211070 931924093
4822088 5246050
162496149 162808206
629731142 630089605
81275151 81446955
283907574 284849837
537737763 537977148
566249957 566274672
674869599 675466088
370043567 370986902
941582503 942426914
497100422 497691751
634711451 634887103
733235242 733600591
832449840 833319263
11641324 11912434
107773997 108479032
330905819 331078391
452814332 453446227
937062515 937451497
981800646 982033726
584066790 584703730
573280158 573767079
797899288 798455874
194371882 194897012
464444329 464511207
653066647 653298104
799083377 799705334
264696043 265037824
89683136 90316088
201301687 201532939
86666477 87372580
863783165 864349701
578582923 579301110
177003506 177757438
16853476 17188071
175856634 176465206
675270177 676254182
354307521 355301354
871703360 872313700
466486178 466759061
339491899 339548781
880288666 880412129
723734002 723792303
215815761 216101144
960811666 960897067
747058207 747080292
341709379 342131507
999474955 1000000000
930278471 930399378
664079137 664241356
610321828 610904102
110743042 111132485
698351375 698387878
483449390 484324414
545987405 546405706
140075300 140562803
338500904 339322132
692521666 693339792
670629027 671526088
903445015 903459443
552510350 552549073
501031232 501645115
300306845 300487724
198250256 199137363
605701515 606510473
845524556 846298692
855085894 855792094
679336798 680182180
898066001 898146284
575264711 575794419
419664961 420552512
850727801 851073966
332520270 333257329
785385465 786178712
564283463 565224075
103798771 103804188
969768641 970228258
256087013 256132137
453766297 453916010
379546236 379667825
512138339 512238344
727206971 727983795
237914760 238734447
966903900 967520507
333158383 333817322
338652608 339508686
996933149 997585786
87436425 87748067
469836490 470513355
555979016 556565967
551715931 552477574
65486526 66047697
87295955 88065863
512824935 513722783
610114523 610427820
104822304 104920348
739956626 740420355
952747876 953295890
227827910 228502071
940654990 941451062
209517164 210341864
125538938 126400296
990552071 991308364
42852619 43250095
540644289 540844638
44192111 44725914
861912231 861919366
40942068 41716124
501806212 501938839
210419312 211239073
544154589 544454172
588017114 588518227
490121876 490519281
332472548 332726477
614675795 615344417
631404219 631967724
393883431 394077738
919538333 919693770
447819503 448274286
458258020 458495440
180002263 180333225
926827039 927004758
464194646 465042086
872085583 872410395
395044555 395337796
168643218 169485012
168085472 168513408
265698151 265882356
801514484 802161623
854437057 855283200
111238115 111791228
834857692 835257431
405280652 406046110
178157688 178631469
683546442 683573943
110807576 111701439
350201209 351103083
61275963 62222393
231744922 232372121
932556217 933536420
742379878 742484259
973582748 973959354
