9 493020235
9 7349327
9 628530759
9 359395309
9 50802829
9 581027459
9 763743389
9 705680619
9 911961265
9 615762009
9 604964593
9 841467109
9 691276351
9 637141769
9 664586649
9 947974114
9 186448509
9 122855829
9 421557649
9 595226005
9 180057509
9 507435729
9 341513129
9 602583359
9 474806129
9 308908548
9 207658495
9 785128539
9 588007892
9 683807694
9 599910696
9 744341769
9 126450973
9 867557659
9 755725879
9 111483379
9 156282539
9 999527570
9 730146609
9 902709166
9 982270022
9 683808920
9 450313579
9 491218441
9 102546949
9 104365906
9 574891
9 392678981
9 419219883
9 830306869
9 919985486
9 632288709
9 827751359
9 546035139
9 849929887
9 268601219
9 704562889
9 87542795
9 783096938
9 802217439
9 497025864
9 859391009
9 761913455
9 467590462
9 517540669
9 902757338
9 683542529
9 323246931
9 638256981
9 66769903
9 777554329
9 810696892
9 988164311
9 85234429
9 918581405
9 890840386
9 928430897
9 553276579
9 881755779
9 395763565
9 183000893
9 414131449
9 485440089
9 593497619
9 709523170
9 598678195
9 173490881
9 484494070
9 221422779
9 103530936
9 712045982
9 400001789
9 267372590
9 368085519
9 166247209
9 291488226
9 825620069
9 284652729
9 118645339
9 900601358
9 674982464
9 717494024
9 737326749
9 900906954
9 145077079
9 397462646
9 899674441
9 945368465
9 931173994
9 922763999
9 155697774
9 542638649
9 637490571
9 194938706
9 230612039
9 623358779
9 734244293
9 569735053
9 21336559
9 462285879
9 667095747
9 632377629
9 101804349
9 174386946
9 212053069
9 500919949
9 284473119
9 921713358
9 68389740
9 690062493
9 562878839
9 786330198
9 584463679
9 292190893
9 600185839
9 423747391
9 228558709
9 913030543
9 763701459
9 572488839
9 459158198
9 237466945
9 331468629
9 462609126
9 431361189
9 403645789
9 434929874
9 475770849
9 439254288
9 63564459
9 713380639
9 940152700
9 442320449
9 944063213
9 678815459
9 462773219
9 255370219
9 222294271
9 327124409
9 644899032
9 348310479
9 529662309
9 476081976
9 484462947
9 919972180
9 728567529
9 131088089
9 914863253
9 201795600
9 597952811
9 723959557
9 883532829
9 432472529
9 20544229
9 116859233
9 384764869
9 689551177
9 165765709
9 769539241
9 188245019
9 300846649
9 697095330
9 716491121
9 858001629
9 64495549
9 19742311
9 413481968
9 383028739
9 711171659
9 468445649
9 470291167
9 356579532
9 36313219
9 191597885
9 352005091
9 883944197
9 367103795
9 641957415
9 268385952
9 31034249
9 203595325
9 167130951
9 248601849
9 945940916
9 582218936
9 742135339
9 511371069
9 326793843
9 588867369
9 338211893
9 320140179
9 298565933
9 868597675
9 22051009
9 692322080
9 742163739
9 932080745
9 904645738
9 503419015
9 795248039
9 998871250
9 169688271
9 770341349
9 380208289
9 413668849
9 475840889
9 840107619
9 90232847
9 323493299
9 618636539
9 740573974
9 597608536
9 512238149
9 831746679
9 675637589
9 237542089
9 740785922
9 368921678
9 486997317
9 461854659
9 264111940
9 466085359
9 175847019
9 778982608
9 715138539
9 245488920
9 989055182
9 362041449
9 166851759
9 758941360
9 73761849
9 878227759
9 757059173
9 501772449
9 138510930
9 156378796
9 912605915
9 142229972
9 558152549
9 161287459
9 182392168
9 873867989
9 482909031
9 200700879
9 765867349
9 473651859
9 139518621
9 800006249
9 102696155
9 517454978
9 369780568
9 472265059
9 565886269
9 521811039
9 122150890
9 719539281
9 780913457
9 400674429
9 726913881
9 38653459
9 988562892
9 859363650
9 338622029
9 51197790
9 326303429
9 817271249
9 313830090
9 900296495
9 549514857
9 260949237
9 884416489
9 632628549
9 527116259
9 87616689
9 350566649
9 683830089
9 303544590
9 257929172
9 272393134
9 444557329
9 532500359
9 931103727
9 236480049
9 953364892
9 979553883
9 69821715
9 292306346
9 796027823
9 909431576
9 663560239
9 486641149
9 62923455
9 320299652
9 365908549
9 635070449
9 156837309
9 789730698
9 958341712
9 714589582
9 198835422
9 563748339
9 883567889
9 848450139
9 894143354
9 19733705
9 902832910
9 936457855
9 75518459
9 808057719
9 483330889
9 911155456
9 196926317
9 699690686
9 451011549
9 139006789
9 633491368
9 146627059
9 858693136
9 69005753
9 415140529
9 219585518
9 104452293
9 265868591
9 301635390
9 486385149
9 366322719
9 233148239
9 855874209
9 243677169
9 115600943
9 631946496
9 664771759
9 936624365
9 511210498
9 96498022
9 56921191
9 913010260
9 493284416
9 656213319
9 105493368
9 458581079
9 874378249
9 272565069
9 366226159
9 545461739
9 224558229
9 9272905
9 603233279
9 855653279
9 159789284
9 600973967
9 585971150
9 875233639
9 336749712
9 67265019
9 271417259
9 379624222
9 815777539
9 313361519
9 915483014
9 421034229
9 896372112
9 276032669
9 896057807
9 7126963
9 998418926
9 473638927
9 671012319
9 310982650
9 189359369
9 245218129
9 744510809
9 169540061
9 629907307
9 911153544
9 454425739
9 506011449
9 555858079
9 856726679
9 407205989
9 660254449
9 946400498
9 711323639
9 220286459
9 399252303
9 56280729
9 898930812
9 711900622
9 356111849
9 499512376
9 615335019
9 210496983
9 940698408
9 46465789
9 555850059
9 209708293
9 749840527
9 759045806
9 212312419
9 572739877
9 405470039
9 443776945
9 619476140
9 658753149
9 34325669
9 858717769
9 378098304
9 301482379
9 492108695
9 667072509
9 925494548
9 914209191
9 881471219
9 323073190
9 195415711
9 270364729
9 301791469
9 739645693
9 804219993
9 629753083
9 297568805
9 120322419
9 718189322
9 458685449
9 554251699
9 773841940
9 110778908
9 321080389
9 320035759
9 488636409
9 771503869
9 607445719
9 503967335
9 904009635
9 810102459
9 336407395
9 179194082
9 464383279
9 47123529
9 857427309
9 955586401
9 229592663
9 407900994
9 432822993
9 994878090
9 491446861
9 727682649
9 303353779
9 794269313
9 665022749
9 839404240
9 905906213
9 400023339
9 399106604
9 320991135
9 945572768
9 306028719
9 768618059
9 537496667
9 776314219
9 865342349
9 32126229
9 381729467
9 970266534
9 362574779
9 112421439
9 575043479
9 93131470
9 692290892
9 121728799
9 34922097
9 928662729
9 196113752
9 546210139
9 211607519
9 921983187
9 372370669
9 349330455
9 476077249
9 424865119
9 548490877
9 53474009
9 558719471
9 988526298
9 529979385
9 556865379
9 320263009
9 425293388
9 129753220
9 662317039
9 68179924
9 604862789
9 156189167
9 227686797
9 723961602
9 89290922
9 446921947
9 586217969
9 898530364
9 833037879
9 404042429
9 605288519
9 193560006
9 343459276
9 780972901
9 110540629
9 771784759
9 958538566
9 237277759
9 922868900
9 21631469
9 710376029
9 808020029
9 963264180
9 443955994
9 217403549
9 935620341
9 746797156
9 527341197
9 574409226
9 331158982
9 149797924
9 456645069
9 839020561
9 313201819
9 831446339
9 482361449
9 414679031
9 764597072
9 479263884
9 14835149
9 896984044
9 639831800
9 602895305
9 673779141
9 554778739
9 905133425
9 496955685
9 950272005
9 338092151
9 546127219
9 734815669
9 100410209
9 834526559
9 822194565
9 133189441
9 43584159
9 425321897
9 340106809
9 403510649
9 956347524
9 177746589
9 192592531
9 92861434
9 700744469
9 236976820
9 632974842
9 241315009
9 166395434
9 776612439
9 918542128
9 352279561
9 315403569
9 193447309
9 791048825
9 924539309
9 341493925
9 235588986
9 995087498
9 844532900
9 967830267
9 917102479
9 665371159
9 387498958
9 786959461
9 835569034
9 214199960
9 631238219
9 225842889
9 669840418
9 868694599
9 355107169
9 144240849
9 849259985
9 804110390
9 734096148
9 682820479
9 791498038
9 744055972
9 533741869
9 814323059
9 608758960
9 90222947
9 471751669
9 867590494
9 340367629
9 318783079
9 232811859
9 431008439
9 928801392
9 489918921
9 705809590
9 413052449
9 958760898
9 496218096
9 615916802
9 478104659
9 711059259
9 244915273
9 620729815
9 780925160
9 691193452
9 866050922
9 910167448
9 255429512
9 465530759
9 278733709
9 984730812
9 611728519
9 973477357
9 86795053
9 505073509
9 214001809
9 104401965
9 909056502
9 258205419
9 951745630
9 463696083
9 673300029
9 176623359
9 381376179
9 457495939
9 840458009
9 273501619
9 254881923
9 961804476
9 23484789
9 922109220
9 336759318
9 569071508
9 954929277
9 423020809
9 663323659
9 94937112
9 180652739
9 550997428
9 93628749
9 74819682
9 571453941
9 122001789
9 220730559
9 893436410
9 794700520
9 333785296
9 915121519
9 953869060
9 288006709
9 811179894
9 405421955
9 110765789
9 585196182
9 825810779
9 961135549
9 69224613
9 868259480
9 438089952
9 167515489
9 850844129
9 436660596
9 972534271
9 52136859
9 525273429
9 122103769
9 948054924
9 611498732
9 600187891
9 42997646
9 335059149
9 768136729
9 538563219
9 189312575
9 19198568
9 932980093
9 928000015
9 184412569
9 898719973
9 585069147
9 443185089
9 250474509
9 325700819
9 16866859
9 921322367
9 738734619
9 423344909
9 296913806
9 749899266
9 813734629
9 238136139
9 568101729
9 947215026
9 503594568
9 286186079
9 425046169
9 545260393
9 720904780
9 265163096
9 517345923
9 880350139
9 614430992
9 94724325
9 226601769
9 172774191
9 338412897
9 679985415
9 329585605
9 500462449
9 27182559
9 209772314
9 799564604
9 424113429
9 598768458
9 823403039
9 281985419
9 541686977
9 751452519
9 551066898
9 31670649
9 901356523
9 267028849
9 163661539
9 31356589
9 779089012
9 726154291
9 881288159
9 229104724
9 322096837
9 147897024
9 787761690
9 883144739
9 728688069
9 544843947
9 571741796
9 923054569
9 38247859
9 23820759
9 971509365
9 965590182
9 684065559
9 481295796
9 401494210
9 46019396
9 68396622
9 488985445
9 778437839
9 378126139
9 306900683
9 396043720
9 515377869
9 494523502
9 816172369
9 206511967
9 506707829
9 422209471
9 474490315
9 901795281
9 469257329
9 443316759
9 855987077
9 57192922
9 735545149
9 942927028
9 702422169
9 786105849
9 22530269
9 497910889
9 164515309
9 520568249
9 12488529
9 835451269
9 42958039
9 714990502
9 232929100
9 429282186
9 130445519
9 505728729
9 92739738
9 582300391
9 516568869
9 366961386
9 937712752
9 826858639
9 964332320
9 933408130
9 496824005
9 330118759
9 986796145
9 105218469
9 855966798
9 725182639
9 826331971
9 830988001
9 302565379
9 267247289
9 536053479
9 653196784
9 674680927
9 974677382
9 676556369
9 345392097
9 183007529
9 296093433
9 697216314
9 886123559
9 364492386
9 10392072
9 796223597
9 767166859
9 360669446
9 838010479
9 911379435
9 888122259
9 94411731
9 354102019
9 464125869
9 913450117
9 526266159
9 931164549
9 503466459
9 564202339
9 8494305
9 199311470
9 854002269
9 860742869
9 322212912
9 178067659
9 603840079
9 713457749
9 486181359
9 285830911
9 749872228
9 991357900
9 987281406
9 265037589
9 430871039
9 746508149
9 267759166
9 798791822
9 260153069
9 389289851
9 4764839
9 260528079
9 325451389
9 537110609
9 244043579
9 621377079
9 32236918
9 166681459
9 555346809
9 838471489
9 384116119
9 674532239
9 680778069
9 476075749
9 932475332
9 127196538
9 790146182
9 202090487
9 275063239
9 694029366
9 993487025
9 226634988
9 601621849
9 482198241
9 354435119
9 267742209
9 981776547
9 25049983
9 849136011
9 338802609
9 89322631
9 156368379
9 961927204
9 604404349
9 908296529
9 90381588
9 914698073
9 804862398
9 403464129
9 795465857
9 684256159
9 613933141
9 785250469
9 189770524
9 977844742
9 235330569
9 909091593
9 455246089
9 981045985
9 226220049
9 256534295
9 527072941
9 412498061
9 444652269
9 733138219
9 371104659
9 370298512
9 817058479
9 928345675
9 357155269
9 285243129
9 480052769
9 534561369
9 434772549
9 518527694
9 907010176
9 432139515
9 76339914
9 903446054
9 751704490
9 691823947
9 211173669
9 396090248
9 998700035
9 484954450
9 920838904
9 166541529
9 542663759
9 975067935
9 457280289
9 987305957
9 795234771
9 112071609
9 630904057
9 602993894
9 96765850
9 407048009
9 734805849
9 546769648
9 952740296
9 74329736
9 731767496
9 758636019
9 790613839
9 324302349
9 806119212
9 514516789
9 27766196
9 248244809
9 775185619
9 556356995
9 20892047
9 762184925
9 318163509
9 509862718
9 740555397
9 942151969
9 268721849
9 843108329
9 180527159
9 230834693
9 54661519
9 798274608
9 602199431
9 609796890
9 311819162
9 516813669
9 299273250
9 591755897
9 438896176
9 220351289
9 188116709
9 871738169
9 136777809
9 117230290
9 438302698
9 415020439
9 583919848
9 813106195
9 519583782
9 29712116
9 15881849
9 382369232
9 195186963
9 275105109
9 821169847
9 179876886
9 676518689
9 951428175
9 164878779
9 695711730
9 744349387
9 949115542
9 323365779
9 133071049
9 404076597
9 852698445
9 450647559
9 495461814
9 106864129
9 334608879
9 157591344
9 665876319
9 690972180
9 898242243
9 682016659
9 67935464
9 191575490
9 259386671
9 715288129
9 316834869
9 237875529
9 647978429
9 904933655
9 588476019
9 330988442
9 994143582
9 696798546
9 626171598
9 809663131
9 908849670
9 553697568
9 84282029
9 194112832
9 526873749
9 44173079
9 648694487
9 101584069
9 359236286
9 565509016
9 247256859
9 963988019
9 542114869
9 341778219
9 304145579
9 109020020
9 88727139
9 470621809
9 31274709
9 397147690
9 590308797
9 723459626
9 223420569
9 789288203
9 537303559
9 984840100
9 598115152
9 218051179
9 289999049
9 864020209
9 699429497
9 156798095
9 547933238
9 910765782
9 568737569
9 623020139
9 905951173
9 740728589
9 773760859
9 280234219
9 496529524
9 827390444
9 74769135
9 742315089
9 522857089
9 866704829
9 551987169
9 185810129
9 631535649
9 385037049
9 35934471
9 177428559
9 746241249
9 142947092
9 654380579
9 708408789
9 524797722
9 254040149
9 864867489
9 255649920
9 776126319
9 808633149
9 82763921
9 368846829
9 118167039
9 851728319
9 70687749
9 482876739
9 21335179
9 922106248
9 485651579
9 423809041
9 910389054
9 858499699
9 357154498
9 225454519
9 18312449
9 139545335
9 85152069
9 768770930
9 184580669
9 250486595
9 783704339
9 952621819
9 418058229
9 728508039
9 14511559
9 13149543
9 641582859
9 779589779
9 912893487
9 569273914
9 212545749
9 983844556
9 135981653
9 802859267
9 197414487
9 718075690
9 280941253
9 438374089
9 847159630
9 440691862
9 792487723
9 242503429
9 688652779
9 576877829
9 605230889
9 742967825
9 180621159
9 935092759
9 994415761
9 916748554
9 759984576
9 68210509
9 464202096
9 339860249
9 642337139
9 928499627
9 686381689
9 290503565
9 695550807
9 558525369
9 860891594
9 112543179
9 439645569
9 884426569
9 250661569
9 417500549
9 232371489
9 387438569
9 334644956
9 935008483
9 172647296
9 322286459
9 335421709
9 767340379
9 242750709
9 1271809
9 735249989
9 631096966
9 375956355
9 701345489
9 954865225
9 931478689
9 728518209
9 878370459
9 288350309
9 113807469
9 921748414
9 165589510
9 551444359
9 496912878
9 177214329
9 676047719
9 277540529
9 450330319
9 87835529
9 883678269
9 359331500
9 366378149
9 214459882
9 302377289
9 630144209
9 143812609
9 610143219
9 969708396
9 586700469
9 498305897
9 83635519
9 302604009
9 694877010
9 435073689
9 674886889
9 107598652
9 331635659
9 915071786
9 115260699
9 711620849
9 561353649
9 243618894
9 946835902
9 772485959
9 935020306
9 423500849
9 943914278
9 654042079
9 725001509
9 454680549
9 407908215
9 121972134
9 408407409
9 688763839
9 958644152
9 691573751
9 590244589
9 745261069
9 483507193
9 677220609
9 67297844
9 153561879
9 951984179
9 156079324
9 946715088
9 336573449
9 37080139
9 762264419
9 467436419
9 832113594
9 530418809
9 876706459
9 622042719
9 202805599
9 205201982
9 748208939
9 944686691
9 357396510
9 655638549
9 109313819
9 474338019
9 159135815
9 117950305
9 774165339
9 114234589
9 814838129
9 756244629
9 496585346
9 107209300
9 479820763
9 785448389
9 363204229
9 577240009
9 111743299
9 846865759
9 772556139
9 944503505
9 918003670
9 229538458
9 497595788
9 153841009
9 835807809
9 382355489
9 275330629
9 322359128
9 117055679
9 970193816
9 36688379
9 776799708
9 689622949
9 34063019
9 287240598
9 789452917
9 908713853
9 567595807
9 2993631
9 920355842
9 728205089
9 398407150
9 252200189
9 553406079
9 425355689
9 880856069
9 389066814
9 968499248
9 192616288
9 470952507
9 774882559
9 306266659
9 951690572
9 65727549
9 972186116
9 677523809
9 413131739
9 989636259
9 734982412
9 759457080
9 213588898
9 832477869
9 607934549
9 479776373
9 904872608
9 587158449
9 152917969
9 98962875
9 448272997
9 488222819
9 819373812
9 611036739
9 525313439
9 116051219
9 629965553
9 248587962
9 608152279
9 708304439
9 128415449
9 147664129
9 77223609
9 138818819
9 46802549
9 811335192
9 991404076
9 665841069
9 1000009
9 582456988
9 564637769
9 52366269
9 373469043
9 822661149
9 332476729
9 570798618
9 893276443
9 364906029
9 196087450
9 299890036
9 97015225
9 599308117
9 735264769
9 917632687
9 550377589
9 773560229
9 890752486
9 511672859
9 567250972
9 587741549
9 70979459
9 80220589
9 738509512
9 669773857
9 540462329
9 506020259
9 632766039
9 369269215
9 698403467
9 27355089
9 431168179
9 411423916
9 340911480
9 477213509
9 678012049
9 640549025
9 508984451
9 710390023
9 706801193
9 693631992
9 522346129
9 813475739
9 917340208
9 692605686
9 422838739
9 20884609
9 823700679
9 440713749
9 190545251
9 387479372
9 349250948
9 59326914
9 524869375
9 733153039
9 440733191
9 660198865
9 301682139
9 687445869
9 905307444
9 462373977
9 823771839
9 881503249
9 781536249
9 830711519
9 90368459
9 73912971
9 135531398
9 198862794
9 733286975
9 782758298
9 819370857
9 936967740
9 85656039
9 903715739
9 210444859
9 453749962
9 900201940
9 930674083
9 950884277
9 589998988
9 439305154
9 607665199
9 665028769
9 565819014
9 780159019
9 997771500
9 239883848
9 674957699
9 65624089
9 810987423
9 992938302
9 542558419
9 997436764
9 393340753
9 393857318
9 546454889
9 978468439
9 685733489
9 242662900
9 481979930
9 505692113
9 525729617
9 578831089
9 414788139
9 68330975
9 310631095
9 103501914
9 639510022
9 821914962
9 823789970
9 524429595
9 915355738
9 174952281
9 86721916
9 364574859
9 842660399
9 992530439
9 751051869
9 216647943
9 532883749
9 290937429
9 728094135
9 871349317
9 486102079
9 216431659
9 21900340
9 19762729
9 412481964
9 106242309
9 992132360
9 923745289
9 234875239
9 149418277
9 850012429
9 144461829
9 811361229
9 772360129
9 597138021
9 431578759
9 398149485
9 608364219
9 896072963
9 438880749
9 497729536
9 800337459
9 543648719
9 584092039
9 335244609
9 576993726
9 409226586
9 937350123
9 4556209
9 513195082
9 424566449
9 616972928
9 604986171
9 464941491
9 389939704
9 694649292
9 38579916
9 555776809
9 229283356
9 115752869
9 378839415
9 6538379
9 476795355
9 800525479
9 887489136
9 842482659
9 179034831
9 465146799
9 273449170
9 931129262
9 422953694
9 321019926
9 798233168
9 163090244
9 494733743
9 378614940
9 452091246
9 181175849
9 65517369
9 432955486
9 836316916
9 111696537
9 264185916
9 833354789
9 50553569
9 337511990
9 204045839
9 484437039
9 7072219
9 362134898
9 759352189
9 509648404
9 499783899
9 666631119
9 135181759
9 519789497
9 433469660
9 886458729
9 51271569
9 111277759
9 43459263
9 267671709
9 338704609
9 276514269
9 575110189
9 527779852
9 665581149
9 624593008
9 906091458
9 800264179
9 764573906
9 410591493
9 449246149
9 84754809
9 315668729
9 599037606
9 188668439
9 294595583
9 922786887
9 219927423
9 976167320
9 769394830
9 669866483
9 637209080
9 178444839
9 625669697
9 448747359
9 46824489
9 990602898
9 993635639
9 656203129
9 362111979
9 283709091
9 919158011
9 438820109
9 558667239
9 615735729
9 909569184
9 399695561
9 733604309
9 640487339
9 995268063
9 378239263
9 280363479
9 422771749
9 138767964
9 786867791
9 809770723
9 352512749
9 965783626
9 470248259
9 228498379
9 969956461
9 662664829
9 889664102
9 333473549
9 601282449
9 519974818
9 229207626
9 876536029
9 250145569
9 603701529
9 384980808
9 315996966
9 277137379
9 15684902
9 632518849
9 104104419
9 538857869
9 857274009
9 796499586
9 218576189
9 994611473
9 162934999
9 142965269
9 74519142
9 1000009
9 721264129
9 133913155
9 354722469
9 691955596
9 704140759
9 436196834
9 350803569
9 261213769
9 955754767
9 737967264
9 798906335
9 792026689
9 405441279
9 268401049
9 319973269
9 514124491
9 470091004
9 419767139
9 961804614
9 222084109
9 893411573
9 641015609
9 456796144
9 821182309
9 86069638
9 952861086
9 79014524
9 371684289
9 597482274
9 892856600
9 721680279
9 322733349
9 602099937
9 490374985
9 102744910
9 997229395
9 646174679
9 87201069
9 20070943
9 896137004
9 513881869
9 592391079
9 987518381
9 967973701
9 934928026
9 910134266
9 819097427
9 175743292
9 245596576
9 423886977
9 133055159
9 93335482
9 129810489
9 743194622
9 714480795
9 527400977
9 456914785
9 417247759
9 825965508
9 485635893
9 481410129
9 396236384
9 921704207
9 848438449
9 213793765
9 127172889
9 105759602
9 385706619
9 404374619
9 151359453
9 870901186
9 478357629
9 401361259
9 713825279
9 655728942
9 327415319
9 796608250
9 241185989
9 624903921
9 623405931
9 676494159
9 460189551
9 987676738
9 652412789
9 346257910
9 753389946
9 648920216
9 28505589
9 690256738
9 854664209
9 934058035
9 989480482
9 563144469
9 793362169
9 163215629
9 530197116
9 771660649
9 8194579
9 574057759
9 676108912
9 567064039
9 661566379
9 280784259
9 940131614
9 235729243
9 435527219
9 391578258
9 796363929
9 106469263
9 106991426
9 881188079
9 75562649
9 654367197
9 665362972
9 146198544
9 687858389
9 553934560
9 79555420
9 248198975
9 467373319
9 811063079
9 602420309
9 163083389
9 749125141
9 713167389
9 273874390
9 54797332
9 637713769
9 370673937
9 913633537
9 44485079
9 309341759
9 489660862
9 768022239
9 72311793
9 718698149
9 370086159
9 615838339
9 90618548
9 138367749
9 222167759
9 216075049
9 458754519
9 554310809
9 104261579
9 760840889
9 655318619
9 777000914
9 572214289
9 920668815
9 775571299
9 162900416
9 458984182
9 266289649
9 811577129
9 94140721
9 549442047
9 123718119
9 592698866
9 5927198
9 420651609
9 427973863
9 408694061
9 983361196
9 652491
9 21610039
9 514760139
9 226207609
9 463541926
9 177092474
9 601050349
9 963735656
9 951271041
9 958957183
9 664976658
9 192717027
9 848369070
9 170310689
9 348490388
9 638768936
9 534874639
9 849144451
9 309096736
9 682308179
9 864448069
9 82647479
9 995814987
9 124191473
9 748644689
9 991807941
9 567361947
9 376856839
9 810810695
9 636416789
9 577769986
9 786186809
9 438274659
9 437360192
9 410276393
9 501672994
9 576847209
9 269348132
9 431903546
9 754410694
9 170539884
9 369850806
9 484358964
9 315939329
9 515552089
9 614890718
9 288666093
9 860211629
9 464176369
9 303588049
9 441106389
9 994912607
9 864324193
9 701694742
9 976483193
9 807610589
9 680224933
9 632630794
9 329070843
9 570537749
9 676465369
9 400217389
9 570733983
9 161360739
9 258759180
9 639215509
9 147004927
9 625987829
9 601417039
9 812326179
9 668905953
9 691203472
9 754946330
9 1982134
9 427143918
9 186422289
9 701948910
9 646006469
9 953271546
9 339108414
9 182412139
9 464764829
9 239608740
9 954782747
9 619772651
9 745649902
9 680217119
9 969891741
9 666681393
9 113252971
9 764802359
9 685125109
9 703309705
9 782840739
9 16976876
9 298960498
9 556696337
9 454034759
9 641977854
9 42273898
9 996767842
9 919583155
9 409815311
9 254256926
9 972313550
9 643992976
9 670485349
9 761387519
9 841205893
9 893649530
9 937145060
9 989194290
9 864857259
9 601307269
9 850447369
9 40186459
9 776938798
9 780057859
9 219942102
9 458488391
9 700143109
9 157832559
9 119617377
9 587075769
9 541001479
9 450266279
9 722892686
9 867266589
9 142003289
9 180048789
9 774239359
9 807003090
9 746448629
9 371705309
9 64468739
9 828593859
9 199661154
9 930455967
9 908149030
9 113850769
9 219093328
9 714824759
9 601051779
9 39228848
9 195133674
9 186584993
9 740804159
9 713085369
9 859940722
9 282047169
9 67776989
9 249964241
9 55753498
9 616940866
9 888378997
9 161189440
9 880080749
9 126449498
9 74544539
9 795806362
9 704054289
9 615809363
9 47115309
9 818682795
9 555788219
9 198773681
9 311928971
9 141015729
9 200111179
9 126966019
9 711287926
9 497553588
9 591124547
9 424556329
9 437963057
9 548399758
9 602139642
9 372902133
9 689904424
9 195866748
9 943999230
9 110507539
9 474964573
9 439752990
9 744972959
9 56824669
9 424192673
9 839026434
9 964367376
9 413726319
9 454306749
9 617402759
9 945624754
9 917825435
9 985511581
9 993688378
9 484238629
9 432747903
9 739347408
9 806185649
9 913909438
9 445475859
9 873751779
9 438791948
9 899887014
9 937538966
9 941092809
9 248457329
9 547806519
9 758318092
9 873060789
9 537789285
9 687825369
9 470256709
9 855092002
9 765578289
9 471164609
9 956136725
9 334115089
9 984581864
9 575783169
9 142615219
9 903804701
9 866646629
9 262740990
9 190961095
9 641290536
9 504638029
9 241641249
9 202443469
9 491455634
9 797708343
9 966244672
9 788907433
9 351150998
9 183969272
9 983441137
9 71156389
9 379226654
9 613846369
9 373251659
9 945356008
9 406044209
9 851031609
9 620618629
9 27709349
9 487117229
9 329092362
9 228941296
9 233049357
9 112154189
9 139411389
9 431903358
9 241095658
9 299010886
9 638861319
9 43718709
9 309528253
9 769221822
9 79023921
9 672331879
9 478995293
9 70401296
9 456858209
9 586181049
9 671602179
9 725033918
9 178530509
9 224618779
9 149931000
9 978291366
9 143896643
9 655663779
9 652614039
9 283080279
9 28425569
9 219806593
9 470241970
9 772095100
9 710086449
9 329774887
9 555677849
9 941752206
9 68399353
9 826355049
9 888128639
9 831157809
9 948340091
9 13058329
9 61990621
9 523834389
9 737839168
9 169638317
9 323020539
9 396964221
9 636752309
9 2117359
9 552941037
9 791496094
9 367815089
9 35891386
9 922191144
9 248503569
9 239439094
9 178505369
9 645760579
9 991268557
9 998087039
9 119711686
9 192332388
9 784401279
9 639475265
9 852628219
9 270270189
9 709943100
9 594841706
9 760787159
9 35361096
9 445189936
9 712115239
9 105845119
9 950319603
9 44134849
9 317783109
9 120908787
9 870531489
9 409107003
9 369429409
9 202492072
9 644035779
9 100853439
9 298707173
9 470799197
9 255765494
9 626101109
9 710498237
9 642034359
9 218832339
9 580261649
9 609633111
9 826381539
9 232123369
9 172843809
9 792876596
9 164539962
9 718372129
9 991034448
9 621120549
9 864283059
9 115071089
9 614732859
9 564606189
9 176775069
9 968234998
9 644790756
9 593125737
9 535784829
9 934336998
9 793181678
9 2981364
9 546917899
9 952920472
9 92063191
9 518772849
9 375142089
9 979633868
9 227066189
9 544219503
9 49619252
9 234232679
9 572945202
9 482240549
9 693869071
9 152586569
9 407323439
9 598858260
9 843935871
9 327889069
9 797165799
9 754429984
9 803017904
9 712868539
9 130694063
9 65680689
9 736059234
9 65760229
9 309541413
9 39122629
9 846840559
9 36436129
9 801190675
9 275670598
9 204537409
9 940303006
9 91674573
9 624499208
9 123797439
9 275587649
9 807501219
9 485502719
9 617754849
9 669960271
9 151223591
9 726524089
9 710251319
9 639913964
9 101243829
9 732376539
9 670971888
9 976281116
9 203059056
9 6364829
9 201613809
9 673290488
9 692106899
9 519323784
9 739177631
9 17136789
9 227595444
9 336966232
9 669039474
9 554101259
9 715806639
9 837931584
9 237975672
9 582731297
9 736922394
9 84173619
9 935579445
9 279198640
9 584255519
9 456619526
9 495333398
9 288011494
9 357315119
9 101910932
9 404968446
9 658750996
9 350045592
9 347308419
9 476630869
9 144170749
9 356773659
9 959828086
9 429749638
9 80886928
9 7070279
9 229209349
9 193277662
9 575320309
9 925164492
9 210939250
9 151425907
9 669243172
9 403765389
9 304767769
9 734120269
9 637891115
9 100167649
9 168579879
9 919674379
9 993069778
9 343283967
9 295027759
9 676181649
9 719279544
9 591117778
9 248651829
9 518153339
9 194939438
9 896608599
9 343008294
9 310343961
9 630737689
9 452519586
9 878736239
9 185297326
9 86571349
9 600989880
9 833020539
9 768469636
9 401469939
9 201406191
9 673938656
9 264684139
9 444534309
9 458375189
9 418497808
9 112021629
9 226677369
9 345397443
9 187548439
9 707914365
9 181797377
9 503125469
9 428326719
9 56705479
9 653918041
9 966224087
9 580145289
9 704512029
9 712885359
9 282950877
9 814438859
9 343226139
9 20582519
9 871499708
9 805712389
9 169422680
9 654995399
9 530463297
9 177826439
9 313657849
9 753437059
9 613187039
9 206520239
9 23215069
9 769901834
9 106921123
9 365492550
9 143291911
9 662766956
9 902710901
9 751245489
9 485844279
9 965762287
9 653391814
9 134300249
9 58324259
9 352331739
9 533475459
9 611658089
9 133984505
9 14306279
9 506980849
9 1000009
9 498609360
9 471937349
9 331710679
9 387379052
9 872200396
9 566964046
9 504730369
9 415082389
9 192016879
9 462740649
9 688827489
9 750067629
9 474924098
9 729315420
9 798414273
9 85620269
9 210810849
9 722497452
9 248186009
9 188443698
9 467873649
9 870305496
9 394871617
9 199576095
9 581107809
9 675744709
9 137059628
9 855516489
9 588072159
9 718771649
9 431122829
9 654257709
9 558391383
9 992311010
9 223111489
9 546278629
9 670502489
9 753658159
9 414111953
9 697982196
9 796292103
9 159304165
9 410780729
9 734065490
9 565537719
9 856238229
9 819841471
9 911870123
9 5478529
9 261868019
9 723286119
9 482124982
9 848565109
9 946640580
9 67877259
9 703997231
9 713554849
9 943086545
9 432282769
9 63133429
9 1000009
9 524876839
9 396254334
9 332983481
9 408376059
9 875572779
9 89814609
9 131111709
9 116021922
9 80582009
9 529824027
9 879450982
9 370825089
9 786682129
9 735801869
9 701860589
9 454376019
9 550077493
9 76372219
9 291012457
9 912282476
9 895383013
9 423717009
9 534948982
9 162355972
9 440322539
9 956716103
9 743931048
9 869508507
9 151523932
9 232758499
9 383896250
9 551778193
9 868671209
9 341314089
9 631450159
9 250571189
9 5020409
9 893931733
9 715331279
9 813609380
9 308414459
9 252235559
9 605549708
9 680945438
9 248745953
9 237281409
9 491790098
9 898959009
9 919105074
9 505184619
9 280255950
9 379698217
9 400351819
9 947245609
9 958656671
9 535043019
9 5045469
9 538995676
9 965039980
9 293441276
9 739294025
9 324182839
9 857729191
9 591998263
9 953208906
9 509585385
9 676273469
9 774406479
9 762516809
9 299521547
9 199461203
9 977161041
9 725381789
9 675492358
9 584019946
9 770006739
9 925689138
9 411103329
9 236263499
9 370088928
9 561587369
9 235464609
9 710615329
9 944998134
9 198521586
9 150655496
9 428112539
9 349000427
9 576741759
9 373158359
9 835366429
9 646279438
9 356651749
9 604111529
9 601964785
9 293172526
9 603340379
9 48676694
9 874480469
9 525842779
9 693050420
9 400038729
9 66889754
9 246074849
9 318146789
9 988301566
9 550733792
9 93745455
9 262819370
9 361241729
9 500443349
9 723164769
9 810296627
9 215268319
9 909774887
9 274904507
9 402209859
9 872702119
9 275242109
9 440792312
9 275386619
9 684385619
9 289560990
9 401847879
9 319850827
9 414578749
9 301536924
9 409767449
9 93492052
9 648027229
9 738343459
9 547718269
9 786899055
9 326319253
9 918147298
9 165784239
9 270353779
9 572887289
9 241283649
9 973237283
9 507428549
9 817148849
9 240075965
9 520735889
9 202667779
9 625889563
9 995851870
9 825715629
9 504317659
9 356039088
9 564268749
9 252204829
9 164197270
9 370277839
9 589585271
9 618537989
9 617147019
9 52237869
9 79399105
9 374941032
9 459730576
9 140040049
9 460955386
9 409936530
9 426203529
9 512772794
9 588598091
9 51311359
9 271237019
9 205470349
9 1721129
9 962808498
9 957324592
9 793862934
9 983093297
9 80200729
9 313883289
9 907971707
9 656889203
9 47565109
9 852533329
9 569762088
9 142162509
9 281573009
9 103980639
9 922473308
9 844239266
9 126304259
9 790353770
9 748488249
9 568910519
9 960220282
9 560527796
9 228553789
9 398492014
9 119534501
9 144030489
9 123699961
9 336486913
9 231696756
9 779937741
9 9031674
9 630686039
9 911555025
9 417862219
9 943214680
9 642255932
9 350055589
9 389478600
9 739427069
9 347054149
9 49028381
9 613677639
9 920871246
9 303114395
9 13001739
9 1375729
9 515895726
9 80940732
9 470268109
9 222589791
9 934642086
9 737256394
9 101528839
9 894692136
9 53230709
9 937847629
9 626944700
9 365187679
9 390049459
9 648878096
9 876291766
9 384755139
9 387036279
9 648214259
9 213724269
9 398039041
9 313447109
9 483600409
9 748792796
9 636649738
9 574546039
9 379050749
9 656268339
9 268899303
9 925852994
9 32974994
9 544139547
9 326232809
9 66656509
9 657706219
9 20683869
9 747910701
9 828727809
9 552972942
9 950150425
9 266416479
9 712483974
9 167469297
9 189853017
9 574227709
9 106370991
9 963788152
9 437925351
9 17878509
9 4354789
9 587941411
9 420828197
9 104144889
9 636367529
9 321591118
9 429565298
9 866632498
9 534474079
9 91731388
9 133619943
9 544715509
9 989477721
9 365313209
9 258586379
9 868827519
9 561405329
9 694829444
9 562587279
9 447271329
9 537602839
9 802032925
9 142246649
9 319629499
9 985649757
9 376969886
9 607585964
9 572290765
9 911841265
9 56784719
9 115957317
9 485962687
9 340356319
9 388228219
9 989063603
9 598954738
9 327405619
9 476455198
9 83162339
9 470638894
9 993212810
9 628676089
9 83483069
9 497536823
9 239813996
9 850839433
9 709267855
9 465949127
9 255046984
9 959700646
9 617649077
9 252914871
9 395557072
9 564751894
9 450168159
9 37179747
9 30158039
9 529443034
9 237359087
9 394900154
9 732906461
9 602174093
9 546526997
9 809425314
9 886656194
9 3797707
9 559156422
9 73759715
9 8318963
9 520608189
9 781176189
9 42353789
9 848238339
9 830575119
9 72068309
9 325205319
9 41463139
9 306351559
9 72327839
9 495425263
9 420370925
9 948477449
9 233257129
9 845316139
9 381960943
9 865458498
9 816653879
9 190506155
9 476757559
9 611870529
9 118569684
9 120567769
9 535484971
9 889581324
9 310047196
9 289009342
9 58874349
9 636812739
9 233042690
9 167551819
9 173407289
9 261099883
9 814883309
9 885926919
9 425201849
9 577023709
9 147828953
9 776501139
9 921279794
9 77676829
9 545144269
9 871119269
9 408345009
9 953579636
9 100960894
9 202447649
9 186947550
9 782598469
9 644120859
9 651649793
9 930630502
9 615368539
9 189132212
9 983145652
9 473772259
9 343092943
9 425232739
9 865032593
9 586238169
9 547153049
9 360589738
9 665954520
9 273107879
9 403788319
9 965677694
9 658551998
9 841988190
9 923444011
9 570788689
9 762039826
9 867228739
9 71351549
9 970405124
9 641758889
9 646520079
9 286913398
9 932108761
9 497318148
9 227565982
9 568499864
9 950521098
9 607478039
9 29199683
9 893703293
9 550078829
9 142899799
9 527816859
9 542722297
9 627205119
9 702694001
9 839354863
9 745121809
9 784939297
9 655198725
9 28748922
9 431075749
9 925599572
9 940672593
9 490135695
9 519711819
9 506456179
9 884026793
9 109399506
9 668715819
9 555296399
9 517542439
9 439940377
9 988944652
9 861108219
9 247066259
9 860403019
9 141505499
9 936283504
9 95756954
9 934953143
9 938953674
9 900950808
9 699759037
9 37742419
9 181390388
9 291580120
9 448999855
9 19101183
9 624213799
9 526788839
9 861200289
9 729129128
9 741878379
9 384250397
9 426731996
9 416146659
9 550991968
9 190714888
9 124432149
9 568817779
9 141628593
9 805895902
9 338095615
9 647446419
9 487038398
9 308528039
9 92634493
9 695800923
9 752991663
9 836447839
9 129275689
9 977488932
9 806454529
9 181838409
9 761518659
9 896683129
9 691890011
9 350694041
9 200145699
9 583812029
9 39855869
9 316289396
9 399601478
9 437095166
9 52409725
9 638650229
9 955025657
9 314794843
9 887721292
9 391042368
9 711636219
9 183425419
9 808666449
9 217774879
9 306537819
9 458969309
9 532142929
9 845941943
9 965513209
9 791672032
9 91543630
9 347730409
9 870356049
9 278826479
9 916588738
9 538747789
9 668047179
9 73965315
9 163271954
9 851116908
9 509721012
9 401185659
9 369772753
9 50310493
9 463315809
9 711964459
9 141428937
9 343587019
9 753185769
9 669354936
9 376558849
9 873133439
9 795199593
9 875263069
9 779267593
9 1204769
9 465653859
9 710267529
9 674359513
9 771454159
9 735619073
9 338767916
9 142488953
9 542850819
9 127816739
9 826780279
9 929228903
9 42078905
9 927154036
9 885197397
9 767124039
9 186537092
9 929215291
9 342170359
9 957018411
9 316402739
9 385547139
9 881817978
9 909879108
9 883771629
9 33756019
9 158871903
9 140168139
9 424786914
9 194679436
9 86206039
9 708981728
9 265488809
9 261488149
9 140264769
9 798574447
9 191721171
9 353634095
9 320972419
9 652226659
9 544832429
9 563146519
9 228403759
9 166575169
9 825010629
9 817258139
9 934765693
9 32679150
9 707800759
9 727501169
9 32730809
9 340975012
9 19096790
9 843612339
9 886727914
9 624078975
9 851940993
9 38412998
9 590628621
9 8162479
9 436028449
9 564311924
9 549116275
9 45285109
9 856364509
9 293198667
9 142395637
9 180854940
9 290214334
9 102970475
9 175486019
9 654520249
9 922750362
9 933214028
9 187714091
9 656595791
9 714236149
9 519663809
9 751613879
9 392790881
9 390611225
9 700129487
9 801646379
9 199935985
9 108521289
9 323320297
9 16970271
9 102055692
9 552048349
9 128117879
9 436347269
9 745780359
9 115276903
9 516211496
9 945837637
9 377710898
9 805212629
9 763130889
9 624359955
9 720178849
9 85882049
9 838117029
9 752570789
9 108027292
9 528494680
9 435969428
9 748213019
9 359882923
9 38484349
9 11001093
9 191546310
9 629776788
9 651392218
9 691082392
9 443888139
9 513581289
9 313563119
9 947282134
9 878402539
9 222749948
9 385733719
9 791775954
9 866556916
9 873411239
9 107425029
9 563714090
9 160169378
9 85561799
9 890372344
9 594059474
9 149979064
9 969285780
9 752040409
9 893735703
9 891186062
9 118157149
9 1969127
9 186275593
9 252044549
9 987341003
9 358661149
9 282391441
9 153901935
9 797691337
9 618147049
9 983159442
9 183929237
9 714698562
9 613502971
9 605248269
9 408107439
9 778591818
9 980993276
9 569158637
9 863316679
9 907258077
9 256712469
9 429210421
9 641163596
9 619309235
9 771267039
9 858136079
9 538947662
9 362538259
9 186061279
9 83809261
9 186386669
9 229105545
9 740144749
9 734234139
9 849069767
9 706889522
9 502402589
9 566278349
9 981994078
9 523470519
9 970830536
9 933454691
9 632735849
9 949077158
9 559921910
9 738102946
9 110433978
9 130973436
9 475271159
9 360845239
9 819136716
9 971378876
9 603642579
9 612505549
9 3934619
9 800105449
9 299092848
9 121585519
9 455647029
9 889441521
9 235229404
9 236725129
9 261817709
9 534078159
9 591030604
9 802636759
9 687717109
9 108807629
9 664833429
9 418730319
9 749719024
9 329729140
9 129274070
9 689924130
9 898568346
9 507207492
9 662240159
9 563901858
9 333199937
9 895366574
9 77524159
9 459077186
9 283986457
9 394886741
9 979607504
9 855707179
9 77354369
9 911041077
9 655113789
9 80957249
9 656640379
9 92046933
9 997665790
9 895463017
9 336064679
9 264467159
9 769488088
9 668256689
9 942154174
9 629367117
9 781000869
9 78905644
9 3015896
9 430755749
9 238651959
9 135510259
9 437452019
9 829021414
9 898061495
9 986645786
9 191503408
9 776480189
9 725067598
9 534491975
9 23122849
9 544770059
9 997747707
9 339898704
9 933820624
9 768080809
9 647417549
9 368253976
9 833821169
9 724736976
9 126725239
9 403972984
9 374644879
9 125703769
9 973585616
9 707210549
9 523387189
9 160870849
9 221444193
9 447602796
9 422143951
9 970408285
9 303338589
9 289806962
9 309750488
9 176944635
9 965095321
9 108604109
9 979396237
9 118961997
9 314608219
9 333964946
9 293776114
9 355389801
9 401076349
9 512848049
9 419151315
9 101975434
9 603629805
9 491332174
9 176684019
9 416520879
9 804184039
9 836584539
9 501184519
9 740433892
9 122153409
9 903089553
9 220117539
9 8752879
9 115809384
9 115014769
9 450012409
9 252687419
9 448441219
9 228791260
9 288310049
9 935233176
9 678700494
9 122115119
9 188665629
9 437089695
9 179154405
9 529847260
9 728846993
9 984950154
9 121401519
9 290895267
9 648111669
9 134690083
9 139032224
9 97453696
9 357073689
9 186197962
9 573238091
9 600097251
9 791312374
9 965440657
9 900674072
9 604434899
9 279027692
9 984422265
9 71210049
9 387600189
9 757860129
9 464584497
9 245132409
9 988712019
9 603825729
9 51118859
9 465268069
9 433793055
9 439457587
9 875023219
9 256467809
9 567724079
9 921221801
9 398773392
9 690351248
9 71249757
9 341919677
9 968517797
9 259313285
9 850149716
9 293440430
9 815038129
9 739929617
9 773136419
9 950162620
9 610004389
9 694395465
9 6484619
9 104507229
9 753583709
9 992122479
9 700214839
9 836422369
9 27688519
9 952655780
9 93780838
9 108973451
9 29383163
9 688480659
9 206882629
9 788840719
9 7897806
9 743509401
9 358251059
9 735568729
9 782666059
9 451964591
9 779023237
9 447515039
9 393888318
9 261596721
9 211605969
9 585228789
9 935771053
9 892190059
9 740374859
9 81881009
9 693387329
9 783738069
9 655822809
9 86695645
9 277377159
9 492336428
9 452070990
9 553907706
9 581210859
9 542843190
9 30205919
9 376268569
9 90329493
9 575871259
9 775953077
9 168647719
9 437377239
9 280785379
9 477133519
9 272217269
9 407738509
9 41633829
9 73511249
9 665463249
9 913489245
9 940569046
9 380492639
9 214624649
9 918266543
9 193386416
9 282237059
9 863655249
9 772669784
9 886468794
9 94511704
9 317731029
9 74062549
9 825821759
9 237943026
9 300213965
9 895829096
9 969575542
9 28773109
9 356959235
9 312986784
9 387153249
9 839883187
9 312014419
9 378295244
9 594236291
9 921156400
9 895577818
9 149622827
9 424573439
9 591542727
9 714189755
9 52195758
9 994819133
9 161464429
9 870634319
9 415236789
9 132207709
9 773972441
9 694386805
9 658676619
9 15215879
9 993387761
9 906332293
9 228504119
9 291626940
9 638827689
9 832570069
9 679477253
9 888018159
9 158552974
9 454907912
9 581378319
9 786232679
9 475445195
9 313061469
9 746985551
9 705198336
9 853899328
9 722179923
9 258610509
9 147713019
9 860881019
9 89782233
9 769822620
9 172358259
9 455013459
9 506601189
9 575973485
9 486459643
9 437955225
9 869598994
9 616523419
9 935233935
9 485851829
9 518681069
9 704948308
9 812214209
9 652222479
9 613333869
9 123839517
9 404531980
9 400698124
9 988414729
9 906887436
9 713728639
9 144874659
9 871452609
9 428825159
9 216408259
9 827888989
9 205936534
9 411870849
9 468504039
9 748083629
9 512123409
9 445595939
9 770685319
9 821227219
9 594299729
9 31088259
9 278906253
9 891123940
9 605371449
9 996299890
9 617195285
9 652985282
9 309588339
9 229379028
9 266713769
9 257389127
9 579700630
9 597426397
9 832055924
9 481481339
9 67513695
9 411522689
9 201931372
9 197443161
9 599163894
9 462304219
9 71390907
9 689374238
9 517800529
9 920364208
9 437568839
9 641776519
9 608170279
9 121736089
9 130089773
9 997981436
9 635165319
9 964185394
9 434728906
9 788897428
9 261635009
9 418714497
9 954707420
9 192164835
9 905149631
9 14839895
9 110238259
9 796801567
9 882430289
9 534359986
9 366358159
9 128419969
9 534136229
9 523183279
9 292630474
9 815596517
9 760599843
9 684619924
9 119007277
9 432745229
9 151051049
9 242748529
9 231921881
9 417821389
9 787342956
9 457425429
9 379131903
9 474579776
9 929398570
9 535695255
9 74963508
9 372730889
9 586126931
9 498003836
9 243052498
9 906264107
9 679098389
9 102019946
9 805141269
9 566661918
9 900958136
9 628766899
9 242829224
9 228232669
9 967673492
9 348502739
9 434272819
9 143248759
9 513827937
9 893264602
9 894955531
9 320375459
9 790690028
9 219229476
9 314436839
9 743064749
9 279854442
9 749626112
9 288388269
9 230329116
9 953934110
9 762367309
9 10614859
9 148522659
9 778245629
9 595983343
9 260377059
9 333066759
9 693306262
9 389512144
9 981793570
9 917741460
9 240426977
9 670550649
9 120788759
9 924786249
9 509829692
9 981048634
9 289630188
9 684530589
9 428600539
9 451378209
9 716112952
9 149804473
9 841887819
9 332691422
9 295338570
9 215741940
9 629994340
9 539254957
9 154536159
9 347590690
9 632331987
9 466137797
9 1000009
9 173903840
9 183918505
9 604954336
9 825093818
9 87147029
9 922436653
9 435518229
9 57369523
9 713433279
9 164001119
9 712868829
9 940902275
9 12716709
9 80932121
9 486859304
9 439448458
9 70153579
9 983845808
9 310531019
9 702812389
9 983204204
9 487899781
9 501278359
9 244020569
9 817920752
9 390196336
9 936709476
9 127729054
9 453811449
9 562084159
9 980296064
9 678804409
9 250014719
9 921258001
9 513465912
9 345178689
9 597977218
9 417690981
9 66041709
9 971940027
9 981011707
9 219174665
9 765958398
9 460160329
9 838384609
9 937123244
9 166310789
9 186927214
9 708317719
9 482580179
9 507061953
9 875643189
9 697150866
9 84633496
9 736512329
9 316826129
9 263584019
9 420154894
9 595598551
9 909836010
9 217229773
9 441775970
9 64682629
9 902067306
9 35742090
9 290628705
9 458859546
9 342553519
9 397431365
9 662177709
9 992896964
9 8543879
9 826893201
9 207726749
9 174299383
9 344325889
9 838880659
9 377620943
9 649193774
9 755457939
9 54836259
9 936181884
9 335837659
9 653285509
9 963580661
9 288534869
9 225814529
9 423640819
9 406521369
9 180970119
9 222722359
9 808167169
9 636406209
9 722533179
9 887377915
9 303110439
9 448955299
9 565799528
9 688329652
9 783113790
9 39804594
9 243676579
9 119216171
9 523322549
9 125909931
9 914577699
9 222459244
9 190765735
9 593688934
9 239646142
9 83344229
9 827110179
9 705232970
9 362251639
9 581404149
9 945743899
9 114154219
9 781707119
9 387887059
9 860282439
9 354699538
9 987995961
9 834749474
9 259051929
9 41879590
9 391929975
9 333741339
9 215274249
9 220661009
9 431657739
9 891613293
9 719532548
9 947424680
9 212855689
9 549840305
9 736302379
9 932495612
9 143063691
9 860968602
9 60146984
9 416734839
9 92148100
9 87727790
9 274756359
9 526648039
9 248894263
9 139763629
9 519543580
9 30645459
9 781529347
9 682118970
9 783722219
9 350946044
9 784732597
9 517456379
9 952795225
9 991186406
9 814098574
9 514759438
9 701480759
9 736821509
9 922956373
9 803423937
9 994160631
9 865268169
9 261489998
9 230501093
9 259572967
9 384371595
9 613745969
9 390131388
9 950080211
9 174591777
9 919567045
9 376046449
9 580159515
9 650668983
9 747511089
9 847375679
9 126122942
9 309750353
9 317709017
9 221854569
9 517097142
9 255013439
9 790374225
9 95249972
9 58058729
9 236046459
9 466806839
9 747633269
9 927835918
9 878665916
9 765688389
9 45211019
9 673586982
9 795330303
9 670545449
9 561731339
9 527351569
9 987700960
9 481368009
9 266560219
9 757298956
9 633677129
9 216131869
9 294017245
9 985948534
9 170079987
9 331936559
9 219617595
9 548098628
9 308794937
9 652882739
9 894984337
9 185973694
9 380797860
9 943613396
9 398782997
9 649543032
9 757078289
9 611861229
9 226293152
9 146285389
9 799688630
9 963653590
9 813896688
9 379171982
9 390875833
9 461496967
9 20404690
9 159682462
9 699035791
9 506000779
9 544179017
9 368342659
9 451171519
9 921975161
9 367565139
9 971522395
9 743320609
9 871172999
9 501584409
9 214490014
9 308403279
9 558841839
9 819188097
9 68906769
9 667960160
9 425675319
9 546719468
9 666947353
9 599739308
9 964128907
9 614236749
9 919429367
9 809389114
9 827183349
9 36089621
9 677332369
9 18157209
9 409527461
9 543317869
9 741174319
9 270856962
9 18877209
9 772561429
9 594604443
9 502492573
9 302347339
9 872858049
9 440509841
9 54099759
9 893145125
9 81677593
9 379379342
9 607601409
9 768916992
9 798541629
9 936313947
9 682745549
9 10221697
9 659250453
9 929727581
9 11745960
9 75643897
9 866593173
9 240805069
9 531393639
9 635078659
9 330673249
9 391121648
9 540438494
9 549906644
9 941836764
9 947349185
9 25451309
9 911921643
9 395605943
9 665052359
9 600496099
9 733192196
9 7998281
9 971070659
9 244666919
9 405326519
9 716597579
9 58153897
9 489408209
9 295599695
9 27407109
9 22769638
9 93784059
9 149005844
9 884202489
9 844830942
9 757987224
9 231396152
9 744050539
9 813210429
9 28755809
9 236474719
9 432369998
9 528337729
9 455834859
9 212292700
9 3737759
9 163075409
9 115992731
9 322971603
9 3637779
9 540859596
9 985745707
9 494910914
9 512941016
9 818837079
9 831655709
9 846014209
9 814268459
9 345002469
9 19130469
9 294485928
9 528521439
9 275438903
9 106077947
9 840494626
9 65776259
9 143145859
9 405199450
9 240309183
9 44465961
9 566977116
9 842409032
9 948603667
9 148071189
9 927249991
9 581215619
9 446256090
9 974547833
9 683208309
9 666380479
9 334591383
9 970765455
9 250008719
9 336184579
9 51388849
9 395500864
9 87459959
9 984800087
9 198214613
9 422161009
9 906918956
9 110966765
9 68949925
9 98885650
9 83399019
9 432499760
9 121110593
9 845357119
9 475095988
9 670036159
9 702983804
9 571977446
9 929793880
9 522192768
9 925087937
9 381482799
9 683864932
9 285748391
9 24107759
9 986723121
9 852144289
9 833810539
9 86016092
9 953509250
9 998074021
9 512200966
9 467833889
9 270352295
9 618075769
9 716805349
9 345009634
9 164567589
9 454253739
9 342291687
9 369370655
9 468033497
9 856224779
9 924361810
9 675791886
9 799868095
9 170187009
9 309700957
9 94252629
9 205996467
9 565196830
9 47238719
9 280854319
9 129650278
9 285263689
9 297234079
9 721779522
9 332126794
9 673468219
9 4678449
9 922804860
9 677944654
9 982303467
9 630795418
9 760475309
9 92044685
9 304560369
9 171079419
9 971220689
9 315781879
9 714840849
9 580797850
9 624923897
9 231178179
9 564499016
9 553083529
9 499062662
9 658492509
9 181143119
9 62721169
9 410449361
9 242001709
9 350634359
9 237515729
9 549454095
9 582099014
9 755809672
9 147772679
9 108482549
9 60592226
9 529079017
9 248279783
9 948511422
9 864330829
9 655895815
9 633583289
9 3997401
9 852603219
9 855223499
9 735149972
9 647761149
9 613686659
9 722614219
9 497738812
9 365252009
9 30234390
9 910456532
9 334030239
9 569571865
9 723144639
9 900061838
9 646920363
9 167008149
9 794476603
9 134345049
9 292327926
9 612501539
9 546966062
9 996026401
9 597121527
9 254960770
9 152363619
9 118349808
9 794266087
9 486572719
9 507908729
9 188738709
9 175970602
9 463087079
9 25167950
9 485722679
9 42214389
9 981669813
9 49085831
9 641830779
9 869783795
9 800224209
9 59837453
9 432312539
9 319932635
9 777381149
9 798398174
9 360409263
9 305378419
9 516914746
9 687440119
9 375784619
9 333964695
9 122962041
9 979382499
9 140202958
9 239051298
9 246879266
9 230950003
9 121889924
9 602983710
9 327568591
9 692538728
9 104306189
9 460415409
9 508685898
9 302036709
9 776132339
9 837666139
9 106174859
9 292539959
9 536316739
9 191306321
9 986872586
9 657584449
9 295580200
9 354749566
9 218318619
9 452966299
9 994574486
9 976418242
9 517946092
9 822892010
9 736812429
9 684869756
9 982212292
9 480329477
9 645070139
9 493094170
9 707215779
9 568409318
9 498864391
9 163245393
9 936170366
9 49937953
9 7099805
9 593445300
9 279200637
9 829403756
9 134295400
9 915578503
9 669860115
9 603360689
9 533721429
9 14760159
9 506994750
9 276454594
9 45100059
9 555781759
9 58663679
9 751646859
9 527763679
9 835545379
9 472161049
9 864478149
9 20473589
9 457715149
9 181360209
9 493244698
9 118212559
9 57680119
9 912708298
9 725852209
9 627528369
9 167426459
9 1789406
9 412304699
9 962211720
9 133738069
9 140843759
9 972162428
9 23049696
9 700530539
9 515319170
9 922354038
9 446960530
9 659653354
9 168950716
9 142153669
9 97365103
9 786221129
9 833215559
9 348435190
9 572476089
9 91115920
9 696903666
9 41713669
9 474928573
9 471796567
9 518535539
9 726565839
9 437737597
9 366307690
9 806402009
9 593728137
9 794735476
9 859120735
9 142490613
9 229000503
9 881428759
9 390452899
9 438852469
9 575056719
9 418410019
9 679280578
9 642173049
9 984564102
9 597710024
9 904365027
9 329695013
9 230755159
9 805533679
9 507223249
9 500015209
9 680501619
9 193149423
9 47015859
9 344520967
9 55214869
9 952918081
9 780514779
9 741619060
9 700242279
9 853673998
9 56785319
9 908706786
9 903016245
9 291870710
9 963125741
9 572611169
9 14102669
9 265119626
9 885797654
9 870414089
9 892170446
9 638930602
9 61809029
9 928887302
9 105819983
9 701452229
9 758893982
9 865093894
9 222750009
9 439124178
9 946249711
9 433829003
9 51203249
9 461517629
9 67187591
9 455963261
9 209034956
9 100772596
9 14366019
9 972822873
9 689389525
9 115765669
9 692854520
9 30643209
9 752527309
9 303460349
9 914892182
9 982289294
9 466213679
9 139692742
9 243604893
9 889268590
9 868828039
9 221502169
9 69997524
9 528172895
9 183903707
9 139568621
9 612324943
9 565896519
9 801678819
9 235847939
9 467238179
9 976728993
9 359716728
9 405995559
9 277046697
9 980953659
9 455837490
9 797771497
9 633401609
9 502648219
9 704888149
9 364599305
9 476993883
9 89084682
9 376341879
9 555859258
9 24986685
9 40181459
9 35755942
9 394459465
9 19387605
9 390068961
9 351942040
9 513880809
9 470852159
9 155808794
9 801013609
9 998844734
9 768727809
9 156637459
9 168507389
9 335818319
9 705369817
9 349228299
9 934676201
9 944868911
9 492775975
9 609147042
9 807591100
9 498278969
9 404612893
9 214351986
9 202841391
9 38435169
9 113458109
9 233189578
9 133733965
9 860415489
9 350607739
9 178729600
9 643747309
9 26172189
9 811837729
9 554660419
9 459771782
9 466125924
9 324013189
9 550707119
9 94259762
9 337077179
9 187571769
9 946307290
9 935313959
9 568826769
9 437114089
9 480100990
9 937319260
9 519898525
9 487946535
9 776669008
9 280028129
9 229023101
9 316002909
9 232490420
9 537009444
9 39319246
9 275430139
9 340080369
9 443099467
9 153856529
9 412038149
9 976024710
9 641418769
9 700101529
9 829004919
9 497756408
9 777992082
9 877512219
9 752040729
9 708051309
9 56457983
9 630539851
9 707751189
9 516859654
9 71962896
9 6333519
9 668987578
9 491173027
9 484791237
9 369022652
9 398054533
9 753447329
9 335927696
9 139495243
9 183830199
9 113648179
9 309766927
9 998757351
9 658924363
9 24646409
9 700543409
9 216863849
9 357758779
9 257438059
9 990905337
9 873192853
9 427198691
9 237378985
9 82261889
9 624632389
9 101348049
9 600035159
9 234404593
9 299405921
9 294176413
9 443271924
9 271997321
9 337320459
9 706853709
9 848778689
9 477759731
9 62221429
9 320728429
9 612630319
9 975444752
9 847891354
9 340456749
9 11169774
9 763581991
9 853233859
9 350616629
9 445579002
9 446512889
9 396086124
9 215513739
9 271393665
9 491586594
9 312497411
9 258890417
9 407231059
9 27051049
9 28415759
9 860417039
9 39901992
9 839015613
9 264886169
9 580634690
9 68766569
9 60774649
9 755337902
9 673847639
9 145220639
9 909989148
9 489936187
9 386649015
9 469990033
9 386250900
9 77454935
9 89179875
9 288606339
9 976519674
9 258359799
9 519359183
9 757804489
9 295631272
9 406688409
9 255366049
9 617892487
9 596031253
9 95359169
9 660648619
9 587032279
9 881605229
9 44520459
9 748605549
9 586705689
9 932204187
9 853341749
9 541260779
9 52148891
9 470744639
9 42231239
9 96370440
9 862815992
9 981073489
9 901061118
9 220636709
9 828928683
9 848900810
9 549610321
9 956747719
9 262519566
9 759883386
9 286095237
9 662919264
9 493864149
9 724594557
9 655800629
9 17551619
9 727359676
9 459631137
9 19065228
9 29593389
9 285951918
9 727250419
9 963006147
9 520414459
9 187542279
9 26024559
9 726069070
9 514937344
9 21752869
9 582029984
9 710425339
9 835229525
9 982150593
9 137175539
9 599680674
9 340865679
9 899337449
9 820408249
9 152382779
9 523324509
9 307689510
9 468376519
9 377533295
9 780578159
9 331862999
9 42694422
9 35894597
9 757375449
9 928601245
9 608868947
9 965663532
9 968715305
9 252881069
9 480492132
9 671061119
9 27080098
9 398450805
9 734857119
9 556517249
9 191343981
9 817626849
9 442327069
9 589180483
9 571684689
9 87482942
9 635346689
9 245753970
9 95872526
9 875548809
9 179725760
9 867664829
9 822399932
9 359892699
9 775654962
9 824661889
9 391522244
9 91531460
9 435977341
9 580002209
9 797511618
9 848077291
9 865293072
9 126645490
9 923340809
9 100000009
9 669034957
9 436511379
9 947915188
9 790200868
9 299159849
9 4026994
9 967053234
9 201586759
9 505441229
9 172191409
9 569448398
9 61641389
9 167712889
9 630175439
9 59523894
9 769617947
9 399621717
9 790229478
9 342690369
9 272567329
9 808287193
9 613854897
9 891740635
9 452542669
9 97287435
9 150920338
9 46433309
9 16709572
9 1000009
9 20420889
9 672735089
9 166946642
9 116839259
9 629407078
9 849128343
9 660574709
9 776541359
9 332015269
9 308714849
9 765294890
9 261112439
9 526726599
9 583626639
9 659960420
9 20739598
9 557622909
9 102385297
9 852994362
9 906454260
9 712238029
9 405492935
9 553111889
9 759171037
9 889646934
9 180880992
9 205944742
9 405536992
9 480380489
9 105155519
9 934752474
9 439866340
9 903000527
9 182046149
9 296740895
9 431670189
9 397710138
9 202925556
9 898112782
9 4835759
9 660361329
9 444117809
9 261881189
9 269380963
9 782842379
9 521627209
9 229789917
9 256260049
9 381465905
9 619398450
9 223815492
9 347534669
9 498885093
9 660059876
9 791913272
9 98641078
9 170996591
9 761843689
9 922364145
9 607362429
9 662892084
9 210415095
9 254651796
9 927655855
9 937301105
9 715647389
9 385523829
9 36973368
9 527298613
9 664784469
9 963720161
9 227671269
9 140165419
9 52214069
9 499174773
9 534641669
9 675278960
9 956242912
9 242808869
9 967969439
9 579115592
9 54791968
9 866094036
9 869625357
9 325115459
9 174240299
9 712495189
9 285587249
9 469529195
9 307151509
9 398455956
9 480007829
9 203879892
9 158140459
9 858425739
9 270779112
9 818440279
9 105852869
9 328857629
9 487562719
9 940845504
9 226240449
9 688969052
9 191869148
9 139470987
9 561362009
9 11062948
9 860646219
9 432953442
9 631019752
9 830503059
9 789289078
9 101497828
9 516395313
9 929421858
9 878866609
9 616675749
9 992693016
9 129712575
9 560255339
9 446364409
9 677271679
9 911774872
9 311198112
9 180568669
9 76333619
9 371571119
9 786422439
9 352390755
9 580346079
9 955967342
9 952820236
9 132538291
9 706382019
9 678451839
9 429313213
9 656669981
9 320950607
9 393074482
9 277266779
9 159918168
9 914920289
9 542477459
9 277036916
9 11466759
9 577073759
9 298990240
9 100296382
9 10949831
9 13533159
9 656677529
9 283346591
9 258098427
9 146615669
9 204584569
9 124821159
9 746361929
9 677794088
9 116628249
9 493395189
9 264670309
9 657456679
9 864133219
9 552068925
9 485715949
9 70661729
9 596891019
9 705367829
9 231032709
9 224898531
9 783523599
9 474366419
9 870042629
9 940069637
9 413610659
9 78518593
9 529603532
9 34179468
9 791749005
9 176862209
9 152435849
9 528033109
9 536773859
9 714911420
9 457177489
9 646782069
9 122656179
9 184674209
9 583425479
9 769607703
9 900855024
9 977845497
9 372399366
9 641967280
9 551351609
9 10621809
9 136737539
9 389309338
9 758704539
9 868890699
9 120138593
9 535181989
9 202855093
9 131949929
9 642850089
9 980241241
9 671390779
9 354193141
9 944199806
9 375716429
9 669132336
9 916124473
9 218461259
9 345894570
9 625512279
9 424136409
9 683079573
9 219131080
9 92562985
9 818304619
9 107261493
9 732205296
9 123087449
9 232057479
9 675606259
9 869570527
9 650317839
9 681394839
9 206439370
9 465970774
9 145032329
9 113783139
9 489404394
9 123285954
9 494851950
9 723933642
9 749923662
9 595507299
9 977963497
9 59756786
9 369271248
9 43138559
9 798422158
9 472996018
9 884356679
9 461668839
9 955410634
9 583292174
9 43024959
9 261532049
9 784951120
9 288397005
9 511174389
9 925073913
9 817638509
9 42850941
9 481175559
9 172163971
9 721080649
9 498694810
9 166425489
9 100774339
9 25135069
9 541427931
9 305345209
9 61942684
9 848714519
9 927516904
9 267399893
9 488579295
9 738832579
9 309732611
9 361447649
9 450288069
9 963165653
9 325505829
9 23382289
9 827614409
9 425369041
9 459425968
9 615840819
9 367989594
9 209124491
9 458734709
9 868128859
9 844041479
9 107091284
9 844013549
9 666338009
9 139452103
9 704172779
9 374115849
9 455245129
9 967547638
9 47020839
9 242886279
9 149764229
9 912942903
9 593996841
9 106125329
9 534951250
9 252096716
9 69040669
9 986368381
9 351598353
9 363935874
9 355504219
9 244079021
9 967713813
9 696739923
9 504985023
9 210228439
9 643156489
9 540272239
9 970433961
9 668152259
9 122205119
9 894737885
9 413671689
9 914360412
9 384659792
9 4706819
9 797307165
9 864956368
9 127121429
9 57780709
9 572094009
9 574620792
9 81996488
9 772014095
9 689022161
9 258441819
9 780352179
9 170868996
9 584410519
9 570261955
9 258630597
9 197362843
9 291015041
9 872149821
9 597551311
9 913596871
9 452476149
9 986823154
9 386369612
9 839266372
9 744212759
9 230848369
9 857508269
9 999099001
9 764005719
9 265520696
9 670215749
9 727642539
9 216111079
9 356126839
9 60372519
9 108379274
9 852122589
9 906395660
9 897858085
9 166977783
9 268830195
9 726172029
9 90679482
9 552489057
9 340533589
9 947307642
9 901229661
9 841409483
9 468642609
9 749163176
9 781854339
9 336809207
9 598250762
9 790082682
9 697799411
9 827340339
9 177196619
9 252878849
9 502026059
9 654580319
9 857755979
9 406283319
9 761809962
9 280499982
9 194911623
9 437460469
9 558789005
9 683910828
9 65428219
9 411005939
9 372483589
9 595752410
9 875708913
9 931017142
9 47286739
9 921922849
9 246691582
9 86491360
9 697997575
9 97499921
9 97545121
9 613868889
9 852418209
9 432061769
9 656610329
9 947179990
9 257320849
9 461424069
9 792255705
9 63883759
9 961798538
9 574333479
9 684200931
9 770964061
9 155856009
9 117671669
9 640167189
9 609210479
9 960805382
9 821738459
9 761734239
9 935980660
9 213230729
9 549912381
9 237074219
9 659869230
9 538886039
9 282936187
9 451061549
9 779391496
9 230959958
9 210426189
9 302070409
9 518855139
9 723977619
9 198921494
9 588892358
9 74160989
9 585987081
9 387719804
9 136909326
9 777865639
9 817836729
9 421267149
9 835122590
9 62140839
9 213850059
9 899399460
9 23607219
9 883615392
9 487850469
9 532721419
9 36654459
9 179057983
9 248072459
9 767614429
9 88641449
9 727773039
9 244313934
9 177382961
9 506384269
9 747019366
9 406141419
9 231490200
9 692723617
9 890902067
9 922149295
9 769213318
9 343231119
9 485110209
9 293722610
9 193606635
9 573636129
9 887517339
9 931973130
9 813126709
9 384400659
9 337472069
9 592437334
9 82196859
9 422010918
9 677679071
9 280892203
9 686764986
9 892386651
9 210372529
9 375127349
9 961763972
9 48407039
9 181686079
9 606455859
9 705303479
9 626018929
9 580694472
9 489948392
9 286141689
9 13314966
9 744332709
9 884536689
9 824654943
9 486012459
9 358182904
9 120753595
9 185873749
9 375919903
9 454088339
9 187664889
9 441633092
9 762909298
9 162794297
9 669824056
9 757966349
9 951242386
9 477690942
9 166921549
9 734660935
9 209275392
9 124414129
9 590871528
9 511499184
9 845352309
9 710046049
9 959155542
9 393296331
9 285106309
9 852199307
9 686283849
9 44131729
9 627667179
9 289585020
9 640112459
9 709122895
9 967793240
9 418608619
9 976073266
9 905365705
9 90571006
9 385631494
9 299680260
9 903998794
9 895002269
9 39115255
9 505484489
9 590843471
9 365391493
9 338796545
9 390034249
9 46396749
9 401075987
9 456139655
9 359668491
9 912693872
9 964331093
9 44752297
9 819321485
9 480488539
9 369293425
9 984169898
9 487554889
9 935456904
9 851764239
9 736456789
9 292346461
9 790118803
9 442659339
9 964007695
9 997928011
9 107031989
9 950780076
9 323174958
9 67754819
9 263527339
9 555781729
9 875784469
9 691127239
9 618984612
9 31651279
9 53699743
9 53761629
9 700132491
9 864563993
9 512424319
9 571059869
9 2318009
9 743375469
9 779263107
9 729165734
9 649398851
9 934649444
9 935812804
9 254006489
9 976908475
9 866147759
9 69165261
9 558445209
9 351012639
9 178484914
9 546032709
9 990891784
9 777350095
9 748705659
9 648431609
9 507942408
9 212260879
9 941687276
9 103085249
9 849051527
9 976912162
9 718147975
9 971590097
9 407749688
9 149169301
9 572278049
9 625985236
9 412261689
9 373779932
9 399086157
9 478104549
9 861222961
9 174805869
9 361378129
9 714474549
9 966208506
9 768616859
9 475230269
9 791430920
9 825677389
9 707023291
9 295839888
9 666732469
9 614759436
9 373294151
9 265826925
9 822159112
9 79030731
9 553598532
9 341197667
9 704295807
9 599217592
9 937526611
9 472711869
9 623613900
9 321455689
9 428068249
9 858279937
9 800521339
9 67009263
9 89717388
9 173306749
9 861369650
9 113116239
9 268536559
9 778343149
9 250575109
9 638469880
9 397496315
9 350691571
9 446544955
9 363199727
9 245401493
9 124953215
9 324293428
9 300219976
9 504682829
9 691759565
9 181474829
9 312984050
9 859999020
9 721821559
9 425735729
9 231228229
9 601099146
9 62792874
9 520968429
9 805080119
9 403903544
9 304484519
9 487831859
9 284370209
9 517550639
9 316472391
9 816408789
9 504657829
9 26816569
9 582468419
9 325358589
9 506365719
9 774360809
9 112864289
9 726995384
9 242626789
9 770370789
9 825558359
9 785194942
9 918682005
9 255479899
9 715227559
9 821126059
9 430019494
9 627169481
9 885930704
9 796585168
9 880637319
9 638260429
9 247787239
9 515671379
9 273236869
9 360176419
9 856138129
9 130766759
9 792436705
9 591933617
9 88449517
9 25538209
9 221396781
9 8469564
9 495510644
9 244993155
9 605789490
9 649134255
9 784083869
9 190356519
9 450511229
9 116059269
9 695360936
9 136542879
9 433890613
9 292475844
9 101646589
9 20461759
9 839728722
9 223155519
9 145621439
9 775990546
9 580690408
9 250743659
9 513449414
9 232079081
9 770170049
9 250720429
9 728411709
9 991837040
9 376399039
9 929415726
9 762448829
9 308736649
9 154816089
9 413627129
9 533843009
9 562362339
9 885286119
9 729446682
9 901071566
9 672041779
9 649843347
9 398919643
9 930745795
9 985913413
9 267482369
9 286244819
9 448000429
9 869412244
9 624170139
9 34639924
9 954080860
9 543403739
9 981230155
9 709385071
9 634574090
9 303029315
9 472295796
9 714682669
9 516251379
9 631676793
9 886515469
9 593372437
9 392377616
9 908468413
9 225277539
9 187928939
9 638592782
9 541195753
9 770558559
9 471760914
9 306108779
9 619621754
9 833119897
9 266409682
9 790095611
9 674246739
9 702328739
9 626578159
9 728682839
9 61454149
9 658195017
9 241785429
9 354293270
9 888212579
9 125979701
9 889031312
9 84246659
9 928958436
9 240912585
9 243043918
9 992085676
9 875806249
9 802332679
9 403818449
9 423189580
9 583374049
9 632149521
9 206886249
9 134190238
9 295203692
9 416770039
9 24159019
9 451508029
9 921048812
9 939799342
9 525382629
9 182862094
9 855655169
9 701058169
9 330301049
9 623912290
9 669517399
9 54616739
9 846751019
9 317818409
9 588312019
9 271903735
9 914990728
9 469191174
9 391654253
9 175109863
9 938807831
9 281659309
9 598271638
9 610696656
9 38314349
9 422202907
9 286438629
9 781977912
9 335540239
9 468123549
9 738658279
9 698676708
9 803120769
9 508874079
9 181028097
9 570637779
9 857415379
9 866617901
9 305729328
9 98094580
9 783393035
9 220649215
9 902497344
9 567046149
9 776357629
9 559984095
9 388517549
9 143333439
9 657309878
9 120618429
9 947737201
9 508764279
9 969614489
9 91968300
9 981112264
9 436485819
9 265703389
9 295060866
9 178582379
9 5071829
9 384740905
9 857580179
9 276757889
9 566660329
9 967119125
9 707798726
9 232888290
9 180604709
9 516682519
9 245757539
9 57365849
9 752708059
9 137309938
9 458466539
9 583680119
9 96993220
9 36921464
9 561566097
9 887089719
9 864886589
9 662738819
9 822569008
9 750456409
9 959174192
9 231041569
9 58424509
9 90090344
9 109879847
9 681766298
9 750064649
9 34652629
9 951243083
9 938720903
9 713937152
9 702852869
9 981148810
9 779085191
9 883457179
9 95332545
9 939813044
9 209648690
9 854529750
9 360312739
9 35356049
9 462772169
9 918539647
9 766473509
9 63578679
9 237173369
9 249857950
9 963386641
9 993046822
9 896770955
9 812098092
9 934752781
9 705259794
9 194321709
9 63469087
9 154652289
9 212500089
9 885773019
9 75411579
9 560089282
9 693576874
9 474868954
9 449229570
9 353890159
9 507516795
9 369283380
9 920447181
9 898104621
9 733488279
9 979815360
9 653458295
9 280652259
9 774092618
9 375398225
9 440685439
9 90195483
9 210543629
9 37533469
9 836032910
9 932039598
9 731740849
9 331521569
9 872949682
9 367754596
9 424407069
9 696692206
9 847505969
9 14246589
9 214855598
9 59518441
9 816021919
9 185655092
9 340102609
9 691602401
9 420347269
9 158901621
9 116832349
9 200158779
9 558191429
9 990614565
9 250496927
9 162070179
9 556831619
9 411432019
9 260084749
9 487574209
9 89163162
9 820649304
9 328430819
9 831534639
9 456789374
9 693475501
9 11181079
9 104294947
9 492470076
9 539072826
9 689720921
9 754576689
9 955815181
9 256290481
9 584861679
9 195834638
9 547512479
9 115454719
9 284664569
9 107438944
9 282828289
9 580987686
9 176984099
9 721231859
9 719536066
9 988781699
9 372613549
9 166073779
9 965363745
9 867239019
9 136979227
9 32506995
9 679327624
9 218628329
9 79613612
9 474402953
9 944271338
9 479061717
9 480585109
9 898792924
9 301389158
9 585641950
9 840815039
9 824466609
9 628424902
9 926864434
9 441977006
9 466710719
9 459382296
9 836991576
9 146634389
9 583879636
9 773018749
9 260815809
9 342834592
9 885909221
9 62504129
9 304434079
9 167918821
9 554290601
9 329180561
9 457588179
9 648827957
9 408294752
9 840510029
9 95523351
9 899620426
9 573301229
9 903448873
9 368415419
9 270819340
9 900287541
9 908846005
9 526546329
9 263261609
9 741878719
9 301374659
9 542400859
9 663723879
9 8643009
9 115502319
9 270809666
9 340467179
9 154018709
9 370731149
9 372945307
9 523944813
9 545219338
9 32670987
9 640256139
9 366679814
9 159416381
9 311317219
9 296290683
9 530566569
9 370743769
9 191502679
9 82388379
9 993326909
9 708227139
9 340350981
9 935438957
9 381911308
9 111114029
9 918971883
9 968723205
9 743339972
9 701752139
9 254836619
9 32738459
9 513233689
9 30024911
9 425972335
9 351628879
9 727636639
9 754024609
9 969169298
9 71841729
9 458561169
9 332724489
9 156296589
9 267285982
9 342293404
9 112589405
9 19630929
9 994299865
9 923454690
9 407948770
9 513900743
9 489813568
9 818095401
9 19398057
9 34910475
9 478641922
9 354094488
9 888926858
9 648684985
9 508094791
9 659896960
9 597710925
9 257305319
9 273056349
9 753972119
9 518589834
9 762215769
9 743174139
9 80344293
9 118075950
9 734058279
9 152926063
9 975248281
9 809008725
9 915945912
9 175250089
9 657406759
9 750569209
9 951084739
9 301394087
9 86338649
9 285470059
9 385770559
9 910233828
9 901870638
9 524750679
9 218174239
9 150763659
9 134430749
9 100538079
9 110934864
9 68523209
9 648188029
9 539804836
9 39856543
9 971356569
9 500434289
9 802166739
9 540213719
9 811272229
9 252311859
9 221549913
9 648595965
9 579177288
9 601004669
9 277766539
9 473059715
9 681310569
9 634172339
9 335017639
9 928345908
9 843091031
9 968148941
9 479758665
9 580580359
9 8428489
9 124440509
9 613661639
9 784074459
9 950368966
9 982328128
9 960626129
9 684871439
9 1000009
9 162831529
9 35272894
9 33286469
9 181772259
9 618045539
9 246942480
9 367528629
9 233934312
9 579664567
9 154406829
9 441641679
9 935755551
9 478133249
9 491034971
9 301771398
9 363318559
9 261258849
9 426981515
9 279862619
9 195420765
9 662919288
9 738774319
9 192299611
9 175264392
9 691076381
9 534831769
9 912277335
9 399603015
9 748632729
9 645404937
9 529272920
9 637255009
9 674028039
9 624539137
9 425467509
9 579494553
9 268511797
9 525059772
9 90490481
9 945577472
9 690295825
9 734321589
9 947893500
9 915597957
9 365856639
9 528091408
9 333355429
9 819362416
9 140105259
9 365610491
9 210512259
9 6047390
9 757775449
9 955551262
9 248275449
9 498785724
9 962010155
9 166509433
9 869494671
9 634604196
9 756254339
9 379315578
9 398018331
9 862954263
9 321605629
9 139722269
9 745610639
9 548025159
9 408770809
9 128498066
9 998852196
9 635950145
9 795382617
9 547080499
9 490861973
9 488274907
9 611682912
9 566304190
9 696694288
9 481388669
9 148693549
9 360845759
9 125895947
9 288266229
9 956663831
9 404166749
9 86951833
9 325059101
9 673828269
9 698263221
9 500246196
9 157444289
9 371220409
9 64414009
9 827550709
9 648287069
9 94484110
9 629734598
9 510288964
9 609996117
9 512781739
9 182057619
9 929411161
9 119961636
9 276859026
9 966350459
9 84487944
9 521745983
9 983198091
9 192815975
9 627987865
9 273766769
9 467466191
9 249394355
9 472152369
9 475103809
9 19110361
9 962481602
9 730062869
9 122199583
9 676221829
9 201163069
9 941451029
9 606057189
9 246068669
9 992273144
9 216494436
9 811960150
9 990006803
9 122977749
9 594985614
9 469436654
9 110692108
9 634549045
9 666530749
9 636933191
9 170880829
9 966135859
9 955828621
9 953389043
9 147912111
9 413358189
9 270830169
9 649923157
9 754622079
9 730673309
9 963262723
9 385901575
9 765832439
9 488173209
9 360158759
9 24555729
9 227750924
9 880231967
9 837244759
9 389714131
9 46785759
9 841527589
9 110307139
9 891703158
9 277327169
9 560158961
9 704525129
9 831096468
9 816773239
9 538878639
9 278605089
9 484695258
9 650755589
9 96179835
9 152241719
9 615849731
9 611517932
9 468202219
9 409672587
9 727733092
9 900300279
9 746273429
9 704029733
9 650297718
9 607220039
9 659965147
9 964874171
9 159339609
9 674146239
9 693376919
9 544968169
9 483066439
9 963925147
9 347012789
9 191081989
9 278611539
9 142806947
9 192736317
9 797164262
9 905681297
9 774844889
9 212117129
9 479157186
9 750138089
9 47781659
9 155556289
9 601230129
9 293728817
9 307317029
9 696965447
9 175337049
9 313593575
9 508271694
9 252095908
9 341177139
9 421238109
9 786150659
9 224783409
9 568451859
9 661585469
9 68061935
9 145477779
9 988252974
9 972254602
9 636127936
9 558208596
9 867976467
9 750269618
9 544759450
9 965952253
9 558036489
9 771164249
9 727495704
9 970217420
9 220550729
9 151479968
9 775410269
9 983238961
9 52289108
9 302416297
9 426631529
9 700704459
9 465481239
9 455234489
9 240124529
9 42708869
9 357800479
9 449431090
9 963068937
9 600044794
9 544037869
9 768988403
9 783215439
9 402053839
9 593555344
9 776356891
9 847323259
9 301534392
9 342490302
9 143529195
9 278756359
9 421320349
9 644786398
9 880122859
9 494897263
9 54873259
9 231510849
9 240861239
9 379546365
9 2409876
9 620023692
9 896705385
9 828046859
9 164412098
9 191913602
9 537451119
9 582317198
9 873498662
9 996738788
9 289631083
9 699455907
9 787022296
9 413377229
9 904580219
9 224881129
9 900828709
9 564859783
9 935678920
9 319110479
9 669367324
9 771135389
9 387780879
9 275760559
9 796255932
9 974853566
9 678676439
9 581614169
9 527068829
9 154808049
9 436834690
9 609124503
9 420434986
9 282467719
9 946047427
9 338002994
9 556833159
9 77772389
9 336452789
9 355249800
9 405693435
9 780624981
9 964352808
9 59319822
9 101597386
9 594570117
9 154140910
9 692469082
9 967654196
9 447583839
9 645076539
9 137681719
9 181230609
9 100000009
9 84789164
9 626681039
9 574719088
9 963043161
9 826567839
9 292223509
9 154573589
9 810341719
9 886799409
9 290904414
9 59450193
9 301196061
9 854483259
9 422817289
9 825411059
9 53412369
9 921310542
9 608764279
9 431737239
9 796811955
9 962829053
9 39623569
9 152814049
9 74246769
9 881956184
9 686276139
9 801709599
9 624107089
9 562762519
9 139583063
9 359503334
9 259754845
9 736536792
9 259564055
9 983196145
9 982763976
9 753383691
9 280885739
9 166813259
9 829263290
9 317117597
9 198533977
9 557696263
9 129500334
9 248018191
9 544624069
9 308117490
9 29692497
9 893704205
9 203235039
9 14820393
9 590006313
9 735884849
9 246744229
9 611569867
9 631087869
9 41784091
9 918544774
9 857821469
9 611598863
9 550616629
9 391166760
9 529395371
9 668146039
9 819316562
9 650950858
9 76859265
9 378588946
9 30307069
9 842317906
9 681059047
9 966285237
9 583124839
9 436846679
9 385309177
9 995329207
9 101258169
9 741218569
9 377929125
9 66335966
9 309648766
9 186755089
9 258303659
9 705718009
9 264141329
9 329403843
9 995263262
9 56611389
9 873437389
9 789452868
9 352603819
9 397760750
9 187595918
9 772899479
9 136603759
9 559765380
9 967269126
9 588198865
9 780090331
9 636137569
9 438655649
9 296155723
9 412960016
9 921070672
9 802969398
9 182557609
9 871956294
9 9435764
9 882299913
9 864853199
9 586471289
9 206712279
9 1000009
9 925634121
9 557684089
9 576595678
9 957579549
9 622350692
9 630271859
9 37934137
9 955779707
9 51876619
9 737781319
9 300400209
9 82418479
9 433501900
9 898656638
9 549022655
9 296525727
9 364676789
9 116687696
9 23431679
9 829966292
9 681144209
9 472138139
9 579594147
9 640711549
9 559237115
9 945257349
9 287354629
9 706693885
9 32501639
9 429265331
9 171272119
9 66287049
9 977546599
9 7374549
9 762603169
9 550725779
9 183934148
9 52421609
9 3030059
9 743002109
9 725550309
9 330637769
9 405718039
9 577518986
9 286322799
9 858067229
9 98350279
9 334784049
9 46574950
9 272086729
9 828013779
9 400921194
9 519277977
9 101974643
9 669287739
9 631549968
9 919207780
9 558324589
9 248516179
9 502874819
9 726183009
9 907582938
9 656780229
9 767296256
9 695689790
9 627027829
9 916764879
9 969727092
9 526372979
9 516862359
9 755181079
9 823765039
9 840857569
9 837271659
9 828049183
9 396097746
9 833363619
9 457578869
9 410701579
9 61261909
9 609151275
9 164655139
9 646124962
9 490252570
9 23020749
9 111782129
9 123762609
9 109425256
9 264588159
9 348992244
9 222836469
9 444771349
9 134216009
9 846882639
9 684496067
9 602473189
9 131916502
9 695283420
9 269450018
9 530481189
9 631799173
9 985401642
9 940268551
9 353169947
9 245565129
9 67749872
9 813416789
9 130262859
9 709728302
9 175427109
9 470865769
9 434933646
9 281809030
9 918717889
9 341809754
9 813126309
9 404223519
9 82126896
9 86282997
9 770529243
9 834662669
9 522643249
9 975425616
9 160019200
9 544659308
9 85525269
9 77466819
9 786726519
9 978338504
9 902443570
9 712127309
9 838194019
9 493482868
9 853102889
9 588573189
9 40161319
9 330834539
9 34960607
9 558773809
9 414803379
9 975800279
9 688533049
9 403431109
9 206040319
9 193200860
9 833311494
9 465980216
9 171898403
9 665860749
9 784121209
9 982940740
9 628872069
9 527702239
9 427851689
9 752553649
9 624090560
9 296998173
9 836497696
9 228893057
9 371919030
9 571494696
9 716028269
9 380151951
9 398161827
9 842197431
9 193864190
9 699171529
9 160890712
9 757610429
9 778438179
9 549789106
9 701076539
9 808853659
9 105550679
9 336987448
9 825195587
9 974027138
9 584796437
9 489870050
9 450256869
9 463698450
9 275393677
9 62364879
9 49382150
9 637431709
9 46295165
9 552651419
9 516662709
9 921488817
9 182480779
9 225776729
9 244017749
9 470204649
9 480170079
9 662020589
9 196455376
9 429176837
9 142026459
9 557344329
9 899922129
9 890821936
9 306969894
9 62325449
9 748895291
9 263925736
9 325660559
9 846661039
9 89874755
9 215913673
9 273202439
9 789021442
9 906212581
9 864002339
9 267597956
9 542199932
9 198973584
9 774333279
9 604514809
9 734595885
9 648210709
9 575334719
9 118689846
9 875589548
9 886242139
9 258758692
9 215099439
9 934483135
9 230068179
9 415899574
9 427396060
9 823931873
9 244599173
9 703797906
9 967227524
9 402612409
9 546241209
9 760221019
9 710698913
9 638362359
9 354222349
9 430109034
9 623508893
9 573891968
9 922723399
9 429801142
9 531413098
9 369608044
9 738217789
9 152254509
9 855385109
9 814813649
9 753183589
9 504583904
9 528707139
9 153837879
9 573610419
9 851021719
9 596697705
9 684925888
9 331526139
9 625734369
9 617204309
9 650870829
9 527353409
9 532658693
9 269208731
9 265585849
9 694926828
9 858864569
9 171551993
9 664028799
9 490067762
9 793368082
9 976900896
9 203146709
9 276825329
9 38571089
9 774257729
9 610343059
9 131359306
9 625280589
9 756636689
9 892282775
9 206736971
9 298164300
9 539136969
9 519469864
9 646923052
9 165874449
9 642264779
9 382366609
9 271496955
9 655293175
9 903381131
9 138756129
9 515531289
9 848616489
9 681918461
9 104379682
9 67497896
9 511818549
9 973889316
9 744772859
9 15422529
9 493529926
9 274100679
9 413656439
9 707865945
9 232663910
9 461782549
9 634014229
9 216334249
9 895940972
9 660485289
9 684979974
9 336528972
9 207673829
9 667605519
9 886317019
9 232335897
9 500713039
9 63389128
9 886958387
9 479705866
9 753207339
9 321127594
9 510176961
9 822026509
9 351811789
9 500648459
9 688701219
9 176088659
9 308261159
9 564183609
9 215804239
9 42480149
9 29851713
9 199793199
9 440335169
9 34219449
9 991091753
9 303890353
9 820503259
9 294051749
9 23640209
9 670513579
9 968743395
9 619476731
9 904572535
9 834920299
9 329830422
9 350101029
9 553530119
9 341421279
9 700435097
9 254465439
9 748666279
9 97426760
9 24084159
9 445824219
9 45431129
9 314828596
9 881200339
9 858473789
9 63225789
9 574682469
9 487299806
9 152142179
9 900971047
9 674807489
9 876264629
9 107579765
9 705727659
9 996328711
9 892925340
9 351847954
9 3775169
9 655901952
9 218213009
9 808827139
9 928308996
9 542455069
9 268088589
9 938347649
9 82835519
9 336757829
9 65241329
9 645425369
9 472472419
9 384949953
9 214740319
9 217970495
9 102998835
9 560209067
9 220569860
9 776396722
9 313820709
9 597824280
9 238102749
9 198553258
9 581030449
9 193005869
9 123637209
9 328959403
9 200633619
9 32257009
9 427009949
9 661801940
9 135485119
9 775295010
9 541770934
9 442379533
9 569209366
9 871923823
9 426771349
9 21930355
9 940990325
9 283572269
9 561108539
9 112509334
9 482242999
9 88605629
9 196629670
9 356774479
9 102974903
9 454630589
9 39894593
9 165127679
9 445584479
9 511002269
9 884465619
9 17347059
9 232478119
9 462270944
9 504967299
9 177538839
9 291255224
9 456033319
9 140582789
9 385648129
9 448696622
9 853460169
9 937576060
9 590636698
9 43642219
9 984680286
9 863287789
9 995556671
9 299434124
9 654388539
9 967713777
9 845302459
9 152103269
9 313487920
9 614570819
9 578044769
9 33517139
9 64195433
9 334629769
9 677280759
9 316378069
9 793966918
9 90865066
9 44725279
9 146059260
9 767493784
9 43349551
9 726738219
9 635796161
9 855212889
9 167891054
9 363256669
9 509205844
9 185125009
9 650782039
9 5831593
9 879689875
9 536294642
9 363803089
9 249935505
9 296922891
9 770826759
9 407206982
9 210324709
9 727770189
9 325397006
9 537091007
9 623106119
9 344980094
9 662961766
9 174880019
9 549114990
9 804039532
9 570059922
9 835685019
9 537996928
9 279002989
9 454785790
9 484406549
9 322013889
9 432311839
9 262411859
9 421769167
9 903666172
9 244246039
9 801300914
9 149449813
9 304549793
9 703589972
9 941123255
9 664893726
9 553208955
9 687322369
9 209945144
9 830109663
9 935038003
9 371583897
9 260395440
9 986449397
9 629330042
9 204874920
9 597483813
9 833687659
9 767885489
9 998040158
9 667283659
9 721172809
9 424275449
9 895479906
9 192924724
9 659197455
9 630214339
9 835838929
9 425015798
9 445288496
9 20808693
9 304522629
9 584886019
9 106924375
9 266060369
9 430309531
9 991369038
9 866134269
9 969539045
9 777938290
9 19917872
9 914074250
9 460368219
9 554018689
9 22087089
9 695565847
9 947865186
9 716521849
9 140211549
9 808476239
9 81261298
9 341372019
9 421581869
9 819745493
9 151275749
9 636195282
9 386093673
9 501492733
9 407211779
9 380410119
9 892153608
9 519378167
9 353097141
9 55863199
9 808727960
9 895632053
9 580357779
9 125320659
9 37667019
9 967076707
9 626900779
9 31573429
9 273518409
9 192284877
9 601416479
9 753546749
9 300250189
9 786091984
9 166408039
9 916512108
9 835997285
9 809801904
9 112470819
9 430773589
9 589644687
9 676606529
9 342751139
9 185507579
9 583846139
9 820677944
9 278778759
9 598214878
9 340006419
9 80274796
9 926136890
9 141659499
9 780352469
9 888705189
9 166953586
9 212809219
9 495879313
9 737666179
9 478553449
9 790142672
9 482710779
9 498155375
9 47805069
9 427620229
9 458125549
9 812479944
9 52508490
9 217494895
9 717240319
9 851136129
9 557279069
9 633785449
9 149164800
9 578132759
9 326042195
9 655606209
9 701057289
9 856161797
9 43415839
9 243830979
9 247236289
9 66200917
9 224881589
9 446464309
9 282932527
9 112023519
9 225648897
9 943133514
9 929882481
9 816407179
9 172419185
9 266137059
9 53730009
9 584482916
9 347157229
9 226317990
9 153218419
9 983129090
9 425204479
9 310866349
9 994465569
9 173396407
9 792437307
9 739651306
9 194076114
9 256201149
9 495848144
9 965126365
9 464462189
9 366495336
9 992920228
9 810099623
9 186826790
9 688496283
9 353235975
9 395412244
9 225131719
9 264563539
9 367409071
9 292590882
9 509408524
9 241774879
9 235628779
9 492636108
9 295298254
9 407263829
9 968273561
9 667562879
9 310474749
9 734810009
9 699076049
9 940606577
9 131654229
9 313143749
9 509390917
9 289066378
9 181613519
9 320298349
9 110492850
9 537852494
9 486841519
9 292389421
9 327930990
9 656692302
9 57597988
9 510462349
9 640572159
9 624088290
9 537007829
9 289262654
9 630112679
9 232423549
9 699599489
9 672873049
9 397547065
9 236762937
9 933705744
9 216077529
9 563550729
9 59061984
9 600089009
9 477659241
9 187055009
9 323447169
9 831369457
9 241255496
9 718366609
9 869383663
9 579559592
9 326896971
9 275498366
9 511836195
9 493114251
9 995041410
9 839361472
9 118875729
9 636416009
9 613897359
9 770286409
9 302948673
9 458351893
9 84333229
9 660953719
9 784747961
9 866062009
9 821744429
9 698972406
9 740236936
9 227332219
9 635967781
9 843404149
9 628764779
9 316013449
9 870479940
9 373891205
9 467007889
9 320118619
9 977836964
9 373137129
9 353689955
9 735454559
9 57531189
9 478110379
9 839143375
9 757488289
9 824637796
9 175675839
9 220631019
9 342442379
9 40473429
9 760370539
9 111600229
9 308290455
9 843618295
9 574193990
9 706695857
9 986537602
9 650911560
9 162791762
9 340801539
9 531364139
9 918038306
9 349833344
9 655054259
9 268585529
9 574402409
9 327182059
9 83575079
9 24614950
9 262162619
9 512384239
9 488809048
9 995672462
9 354172389
9 930578177
9 294727921
9 459300429
9 17146918
9 874662409
9 809600566
9 346445489
9 911861154
9 87417943
9 440670429
9 367021169
9 378828229
9 224693246
9 251522059
9 442655179
9 655591079
9 592245459
9 988542425
9 358881119
9 668046159
9 625515189
9 991561832
9 329041911
9 301126419
9 180610954
9 799273927
9 851372889
9 750132890
9 196365510
9 134804829
9 464507859
9 539108195
9 287396535
9 729514963
9 998296083
9 339332095
9 70468759
9 72444479
9 336364739
9 964379419
9 341358559
9 602303149
9 600585519
9 933059647
9 386952087
9 431929085
9 779893996
9 148560209
9 776937335
9 293329861
9 903891768
9 251153639
9 534393211
9 934077399
9 270032449
9 675527159
9 681946572
9 6388169
9 442372309
9 967668271
9 961173712
9 875973624
9 932004054
9 429787651
9 627286859
9 817425229
9 482695215
9 842217933
9 9548790
9 758156069
9 625520029
9 847858159
9 463194378
9 239963373
9 613864889
9 351718369
9 276067649
9 684026679
9 555512729
9 477422890
9 869491306
9 257114439
9 282527849
9 153969874
9 328601679
9 747843269
9 789822302
9 941939642
9 427140964
9 602674319
9 166920497
9 643917676
9 860248749
9 734370439
9 380231639
9 342236769
9 566995976
9 102762593
9 809533261
9 884979474
9 156095352
9 136487209
9 166498643
9 445607069
9 34020179
9 171630479
9 136232389
9 859563513
9 950438508
9 501080609
9 654864739
9 470209050
9 439852304
9 295374409
9 209625510
9 164247962
9 381317379
9 46302639
9 953438088
9 537950622
9 539952747
9 332942680
9 811923553
9 71439457
9 658130839
9 14934405
9 365464819
9 963892208
9 971965941
9 240231129
9 374282109
9 235368598
9 791913482
9 403590020
9 426641819
9 488963384
9 957674775
9 227610199
9 113203659
9 236915940
9 720232934
9 545063089
9 578917595
9 571907096
9 470299663
9 629456102
9 554528779
9 71103729
9 297529587
9 644770779
9 734081869
9 637366809
9 194076517
9 746041159
9 660919055
9 132506779
9 331718339
9 107685609
9 883850649
9 92514718
9 70722459
9 648310479
9 831301936
9 860553977
9 121403159
9 837080489
9 408685869
9 868947120
9 488518749
9 567036529
9 46067149
9 636210964
9 337448609
9 758240619
9 842903457
9 856798121
9 882641789
9 698249017
9 392916938
9 727628139
9 401163119
9 63876709
9 306154759
9 375922115
9 279995656
9 928577346
9 53706679
9 464126749
9 373065139
9 688799090
9 544167192
9 584738957
9 680736649
9 353615379
9 734616559
9 601354869
9 610134129
9 740888079
9 630014289
9 84417219
9 381301549
9 894241553
9 628892057
9 767893785
9 681093372
9 581550269
9 580655879
9 78197871
9 630132599
9 523028569
9 29384758
9 598895484
9 296059809
9 688395588
9 297718588
9 623557359
9 317059112
9 182215219
9 789039815
9 674013290
9 147650079
9 420175596
9 933181728
9 357566629
9 673624498
9 756186289
9 661127945
9 82765439
9 184058059
9 317111169
9 589625120
9 64909634
9 361518249
9 818746849
9 376082209
9 897631883
9 523920327
9 272526689
9 617445029
9 846509755
9 365040719
9 624522439
9 118589479
9 830152294
9 889973499
9 69218175
9 400651569
9 446302539
9 370658749
9 411710069
9 455067973
9 362641849
9 147759322
9 404810189
9 7509967
9 912092650
9 332957420
9 798238582
9 765624319
9 799809855
9 261416079
9 668292178
9 390081688
9 177379274
9 757278988
9 328513369
9 467824792
9 170996359
9 666023139
9 330384829
9 137213595
9 32388859
9 158314139
9 188799753
9 485446239
9 459860613
9 348626409
9 89179465
9 588431798
9 968629762
9 551837559
9 103021669
9 404444859
9 596440196
9 801376859
9 293656290
9 187350189
9 110059553
9 667814849
9 358168986
9 419102893
9 18713839
9 315639596
9 39364974
9 234908666
9 385945734
9 311240769
9 360626945
9 350269141
9 535071779
9 283292787
9 157698191
9 292539790
9 936029476
9 535688922
9 71813189
9 815221439
9 994733594
9 782479727
9 636391250
9 47868479
9 93183616
9 327236379
9 502562449
9 520936120
9 630150459
9 374368779
9 831181189
9 149992071
9 224236309
9 990494966
9 785158569
9 919823471
9 480337239
9 446375039
9 195336842
9 664927519
9 803314169
9 776328649
9 129546242
9 71117239
9 498391632
9 23275539
9 663312129
9 240886179
9 27888719
9 189362823
9 211518595
9 298742445
9 323656769
9 504273279
9 38937185
9 916778045
9 207593289
9 896543172
9 176022879
9 206897485
9 412204349
9 496423693
9 285489937
9 795017063
9 706741789
9 936534212
9 383457109
9 130720409
9 653647049
9 239963163
9 1000009
9 575166579
9 293573208
9 580093850
9 824383789
9 583689755
9 872114769
9 704973167
9 130762629
9 407272249
9 73872189
9 392888831
9 681004769
9 247511495
9 939873027
9 479549878
9 505638289
9 72514894
9 559721508
9 126936929
9 718078839
9 809651492
9 591253373
9 303377239
9 571735549
9 894340339
9 116896850
9 804609405
9 363356429
9 400582329
9 720137059
9 683844960
9 323558789
9 597481334
9 17249430
9 142031689
9 780071093
9 837497556
9 159707019
9 782997356
9 441392379
9 697339668
9 786565019
9 596772994
9 622463209
9 124644389
9 252408369
9 595889576
9 657300639
9 319131879
9 26247549
9 848875849
9 262849481
9 514928884
9 553022439
9 186537489
9 393866478
9 310559872
9 956894312
9 383668839
9 49307492
9 210870239
9 693511980
9 715067169
9 82673659
9 566410859
9 861452889
9 476599546
9 274134489
9 193285556
9 957873644
9 232762169
9 112422849
9 898896468
9 744034029
9 840837191
9 737086389
9 805256549
9 156807329
9 646871609
9 433305299
9 260888109
9 747012359
9 345675709
9 843632469
9 647681449
9 39413741
9 117083159
9 354894986
9 953955762
9 416287449
9 960521778
9 44931184
9 862424469
9 572545689
9 484689379
9 615697341
9 437541289
9 239005052
9 849903346
9 45048469
9 34059034
9 457882953
9 212471019
9 369734902
9 131545409
9 149044566
9 791979154
9 58535984
9 237422289
9 873892905
9 903096165
9 533368889
9 497261936
9 969170411
9 131307990
9 178582349
9 468698224
9 755203559
9 914433887
9 943134165
9 709102149
9 462363709
9 450440889
9 153795161
9 883054809
9 407156609
9 769983403
9 328972980
9 299983654
9 662660839
9 63953792
9 130896315
9 433013559
9 180006709
9 719554213
9 993546312
9 784211109
9 198875092
9 712977066
9 403682098
9 7069305
9 46169115
9 944715731
9 879725145
9 661116309
9 233818429
9 612766239
9 945925007
9 718967202
9 232494199
9 889362130
9 199268071
9 187552619
9 770460119
9 684636039
9 726486679
9 439247911
9 570885920
9 949350662
9 506227189
9 246221119
9 976050160
9 230189881
9 365642309
9 454105945
9 784438493
9 321610972
9 27784649
9 181484029
9 43828229
9 866355379
9 179177149
9 759660917
9 496983847
9 364422299
9 585964225
9 20424789
9 401914175
9 285135279
9 431415907
9 284800589
9 199217573
9 170983836
9 19979419
9 295039330
9 636459869
9 285221923
9 836677189
9 408960305
9 958523245
9 276501597
9 928885041
9 287104489
9 180720169
9 916141131
9 817814091
9 257134389
9 161861961
9 336367889
9 720526996
9 944716121
9 850111609
9 141774139
9 410212059
9 501885559
9 744008429
9 593855848
9 638036209
9 600838829
9 883046689
9 762464549
9 391419508
9 815539545
9 868768129
9 241498447
9 262258569
9 280770639
9 791402504
9 261187289
9 17152279
9 211916075
9 690201543
9 583621329
9 955188729
9 150490659
9 578587729
9 691726947
9 17328309
9 323060093
9 609680047
9 855131289
9 791160112
9 704637709
9 879337687
9 158762129
9 971331374
9 518241829
9 25739276
9 696491026
9 330095237
9 89768777
9 893739165
9 574166619
9 905249781
9 391521940
9 583898867
9 867807493
9 680459691
9 851685964
9 718860509
9 659409785
9 193869167
9 47187917
9 410414819
9 788572869
9 600947681
9 611138129
9 606596920
9 612783109
9 553823749
9 213248129
9 302002359
9 52696831
9 720910700
9 373018790
9 33750059
9 828207079
9 815103079
9 487945830
9 162115039
9 173671549
9 458645529
9 128792641
9 961963755
9 792080124
9 791044334
9 661601923
9 952115507
9 938890822
9 993751826
9 248176689
9 503785749
9 169173663
9 312931081
9 124342659
9 579970591
9 116539421
9 685129220
9 240038369
9 488813920
9 130184449
9 857502905
9 791227299
9 995014939
9 817802965
9 973058039
9 555852159
9 458711229
9 932258540
9 704011019
9 221197761
9 735717429
9 486979147
9 50485829
9 502746099
9 466327029
9 996871952
9 266493354
9 875253769
9 539114803
9 512363529
9 167102059
9 146861549
9 3916262
9 822808879
9 477290298
9 931632360
9 176924086
9 201207709
9 882378749
9 814800679
9 343226459
9 968800682
9 122966509
9 877455629
9 378605719
9 87548495
9 420114869
9 243861279
9 513843809
9 510484619
9 331668039
9 654348179
9 221985414
9 109578771
9 467609934
9 339743795
9 207920681
9 464376494
9 903372147
9 216461419
9 648306059
9 434490602
9 804036269
9 180701279
9 778414937
9 561242559
9 386273569
9 645320819
9 850536189
9 242202069
9 825282291
9 562592892
9 875607129
9 872615519
9 287604769
9 126490254
9 921499997
9 701575519
9 493869542
9 320596096
9 967478108
9 573612669
9 277654549
9 429208947
9 400485309
9 17940411
9 212736209
9 269994670
9 842077889
9 638366619
9 497779408
9 957946248
9 826059052
9 193082740
9 22639983
9 819286111
9 931022324
9 978764917
9 804015309
9 862108098
9 37137293
9 893200386
9 948302907
9 736780619
9 78819057
9 994601471
9 519033999
9 309621933
9 344676469
9 20563839
9 134531269
9 4105971
9 801587359
9 212546839
9 44919178
9 562238169
9 440643619
9 359380451
9 232478689
9 637454429
9 583042119
9 713838209
9 142637769
9 466721529
9 273043779
9 643684519
9 561533839
9 798125067
9 594658108
9 741290940
9 903413424
9 584973952
9 877458829
9 607779918
9 785830559
9 172649317
9 966693468
9 662644399
9 723418319
9 787072739
9 739432780
9 99153059
9 401614719
9 267592111
9 786084039
9 319643772
9 258554090
9 686026293
9 106798398
9 773527429
9 87078589
9 34438819
9 845051139
9 606415989
9 978410342
9 513206619
9 809909664
9 930001898
9 572295303
9 757669107
9 884067639
9 622273619
9 368148149
9 331834998
9 604644869
9 249806285
9 857584429
9 582972086
9 618861689
9 594380621
9 516668559
9 446533829
9 71613679
9 825597855
9 986342412
9 896438801
9 488701988
9 576847902
9 928652642
9 256832739
9 294664626
9 652078119
9 936350280
9 666983936
9 608857479
9 328721429
9 302418059
9 913710989
9 385429955
9 602655179
9 555270912
9 65482629
9 542569624
9 615961687
9 782153389
9 919642573
9 459662282
9 3780829
9 739464018
9 821282549
9 343284019
9 254265399
9 156392473
9 157296392
9 702368679
9 9134734
9 682174269
9 173521529
9 268518129
9 616964519
9 405641904
9 99222387
9 341530890
9 727678369
9 989507158
9 695087581
9 555984398
9 425247409
9 740978348
9 866974458
9 701162539
9 508690511
9 147707389
9 464886739
9 581351139
9 981625366
9 861899897
9 154766359
9 410981144
9 95415246
9 537160019
9 693822384
9 559259061
9 701462019
9 583209692
9 695923034
9 819642277
9 55191632
9 850148709
9 458704529
9 532203259
9 75833809
9 430359151
9 353250339
9 227658649
9 43215891
9 929145360
9 603573529
9 504406899
9 541182497
9 21737971
9 884547239
9 447413749
9 917974648
9 703626049
9 340284369
9 124700779
9 39327869
9 492589423
9 111344990
9 786570794
9 489769472
9 125044029
9 66727449
9 421175809
9 369111793
9 433722469
9 567644629
9 28799569
9 610967725
9 467300779
9 533506549
9 480890908
9 719926033
9 116515579
9 781535879
9 330548193
9 495105099
9 73352694
9 737514259
9 367813869
9 579632761
9 480012069
9 201869925
9 410200592
9 907078188
9 62424679
9 556700759
9 995677995
9 334576629
9 172111298
9 927821418
9 217884649
9 368240945
9 136720579
9 851438279
9 286668889
9 727294226
9 400716977
9 198782590
9 142988857
9 794567209
9 783977954
9 444412996
9 141432539
9 401302209
9 431644690
9 941072941
9 484608519
9 470620749
9 249504655
9 660593024
9 430353519
9 838012169
9 799141672
9 299461873
9 192081074
9 467054794
9 887401729
9 617448891
9 260461089
9 831472339
9 293164881
9 525234149
9 778808279
9 335637159
9 931890622
9 270496763
9 357352309
9 813096232
9 550585955
9 59081263
9 490712189
9 961120436
9 914777816
9 88668519
9 961958182
9 432532719
9 238899487
9 177700659
9 167436519
9 573068749
9 786619231
9 524140089
9 438996697
9 506606289
9 812419410
9 947182031
9 227696201
9 69066082
9 168320239
9 230286239
9 790584814
9 151422809
9 370898337
9 77767359
9 860846419
9 352868309
9 435095634
9 644554349
9 151870039
9 176910676
9 362836359
9 962405979
9 525557559
9 546975579
9 962017607
9 494685445
9 532420934
9 666800109
9 742800494
9 482123109
9 971503239
9 594502690
9 371360979
9 180807911
9 897811055
9 860157539
9 998442825
9 719879618
9 561903746
9 514005935
9 323693865
9 369071596
9 132079061
9 52305619
9 80235769
9 189650928
9 579866655
9 320565469
9 520005913
9 758875639
9 214512905
9 298128904
9 41906875
9 782938240
9 59948806
9 600234097
9 123705189
9 818927852
9 309696375
9 149346024
9 176062789
9 977378013
9 788668169
9 983604966
9 325516879
9 39152372
9 756798772
9 507155889
9 560022249
9 446251249
9 210947492
9 201112479
9 860675659
9 328989739
9 203508889
9 909724029
9 813385759
9 714757796
9 710058609
9 886157759
9 327474079
9 84829902
9 566811497
9 455936715
9 855087098
9 389811643
9 710605894
9 416835259
9 756716779
9 564919527
9 779679462
9 657955948
9 67937459
9 789967328
9 74699275
9 665258943
9 648668169
9 836640891
9 212615139
9 305805679
9 622424892
9 751554973
9 686662891
9 467633349
9 805769037
9 720132629
9 104977802
9 726337449
9 890529769
9 322624869
9 881076209
9 63437619
9 537677797
9 593103226
9 957934007
9 656168789
9 416889869
9 769554123
9 609568561
9 741925969
9 928308196
9 4750059
9 264273429
9 830138359
9 905667753
9 412303149
9 854306259
9 388283539
9 390223498
9 889632534
9 763501439
9 523387039
9 136114739
9 460171859
9 991562161
9 3390665
9 420477869
9 690462622
9 490512594
9 462175139
9 283739214
9 554510059
9 558783409
9 278609816
9 217589240
9 636727809
9 785872389
9 396282500
9 455392958
9 746823029
9 356158489
9 670340639
9 397869172
9 156001169
9 450905274
9 591705370
9 163145169
9 585714319
9 432688409
9 230893295
9 357892993
9 162153649
9 339872975
9 334239105
9 378152519
9 994312138
9 984205464
9 514426497
9 333833799
9 453475759
9 767485029
9 157963848
9 773226819
9 76188779
9 651158859
9 865940662
9 216932706
9 309153144
9 921653579
9 916701391
9 117971242
9 873032098
9 153418569
9 553885869
9 387467295
9 253509633
9 838163189
9 852349796
9 319897095
9 411652984
9 423839773
9 144178798
9 787164889
9 653860049
9 580819592
9 451720529
9 780479823
9 705173169
9 757147329
9 282619626
9 12449785
9 367688059
9 146366794
9 688423779
9 216960280
9 887810319
9 680359645
9 480284869
9 900733654
9 13993185
9 593335069
9 727700049
9 67816598
9 570703279
9 464523709
9 348421977
9 785976869
9 720337279
9 434586739
9 421667069
9 136981526
9 132003903
9 813021593
9 435509657
9 13961508
9 186510659
9 16202899
9 32896785
9 241145119
9 662112279
9 422789645
9 386632509
9 900267786
9 948666834
9 512687759
9 731103589
9 591770699
9 44628294
9 849202745
9 574474889
9 138139215
9 773116419
9 248825980
9 839540185
9 756212309
9 349228527
9 912747979
9 43110689
9 37454419
9 800527249
9 578911035
9 725562189
9 758927880
9 390649507
9 958108744
9 651208649
9 447004849
9 596372660
9 513985466
9 935870791
9 80205948
9 758815129
9 942675350
9 998756833
9 328318289
9 628941884
9 702950083
9 756160549
9 517981544
9 526195943
9 661008429
9 965330351
9 182851169
9 733856913
9 539276971
9 326036449
9 978091457
9 738076579
9 458717469
9 495335890
9 235992764
9 640870359
9 909773173
9 605781639
9 504154917
9 699076722
9 781592677
9 48722593
9 394847527
9 94874822
9 195718438
9 636963199
9 364219243
9 736696597
9 125261019
9 596346808
9 881690697
9 653952032
9 197478093
9 153679382
9 420002729
9 253299900
9 240294033
9 828074109
9 38866749
9 961370091
9 223009913
9 865057889
9 882473149
9 148726249
9 557592792
9 228917859
9 693467997
9 840958385
9 419081496
9 753930716
9 46667049
9 92560295
9 282625709
9 502898461
9 955308163
9 245535459
9 565194761
9 28710349
9 353487469
9 116285790
9 296537104
9 470734079
9 956398659
9 895533242
9 190299541
9 682247039
9 211953361
9 286114279
9 795111219
9 897716414
9 123632619
9 828540509
9 528002579
9 522624109
9 657536519
9 357793894
9 440543489
9 688466579
9 270869179
9 265648983
9 169489632
9 939342624
9 480155369
9 155661789
9 947894691
9 907319774
9 25561219
9 397458618
9 684163209
9 593269079
9 66906599
9 399224586
9 823988140
9 386031559
9 1034429
9 204854439
9 645446953
9 82680932
9 657741429
9 296120166
9 114815619
9 649371240
9 755946452
9 993694181
9 808068379
9 466042689
9 505962545
9 729825371
9 933188457
9 532359717
9 713161269
9 705805509
9 607872769
9 994330715
9 490622052
9 95423290
9 903222223
9 862314729
9 229546353
9 166935520
9 802010209
9 91135184
9 945811579
9 270968144
9 779181300
9 368818689
9 597470506
9 827747119
9 171999873
9 195445811
9 521479150
9 243154495
9 160745169
9 840056469
9 849024645
9 587612119
9 103073449
9 260225079
9 687179320
9 422970114
9 236741109
9 627274249
9 236080579
9 430656309
9 977029114
9 130811569
9 482579390
9 854242709
9 528761689
9 105236819
9 516856109
9 902050648
9 900426256
9 364223219
9 756981617
9 328075839
9 115069798
9 719419606
9 731523249
9 25936697
9 674848759
9 283063009
9 861012159
9 795650112
9 163025459
9 904013891
9 733075593
9 186470359
9 300932178
9 953223467
9 599391468
9 839776486
9 546484669
9 781799117
9 92499692
9 221466239
9 380644849
9 702033709
9 888093174
9 962000395
9 37859775
9 859078300
9 422482994
9 489847045
9 403658039
9 133029973
9 609138489
9 949814622
9 357051369
9 773443935
9 701785789
9 317331559
9 588532319
9 574679028
9 174492691
9 786803249
9 99109613
9 318270689
9 764067389
9 232498377
9 79597250
9 541245259
9 471524129
9 539061476
9 888596424
9 673039307
9 680794177
9 21620759
9 311399848
9 479002124
9 912966627
9 886369068
9 852974992
9 240882409
9 430522639
9 522934354
9 487224589
9 304306119
9 872812169
9 327133892
9 486744279
9 75732119
9 886905685
9 67263369
9 31784459
9 291136010
9 609134321
9 966402345
9 237647639
9 941989214
9 52369762
9 369817681
9 805290709
9 10000009
9 332404469
9 238961535
9 837046809
9 503701849
9 622397766
9 309537179
9 384262649
9 461525419
9 462697061
9 244665419
9 612198415
9 434267589
9 478705459
9 238182159
9 112000539
9 783012696
9 813384529
9 553996642
9 78211594
9 810289151
9 40884869
9 607875319
9 138288954
9 252527719
9 874097414
9 656761369
9 438936185
9 181871269
9 818012079
9 866407769
9 850624009
9 988455629
9 128494152
9 297091951
9 178974328
9 227516792
9 60043249
9 207931374
9 754118819
9 916118734
9 218685819
9 868622209
9 479408212
9 541340789
9 241760149
9 364894268
9 146370859
9 665723921
9 121546169
9 503169015
9 429466471
9 229840982
9 627600819
9 48979630
9 59862721
9 6504964
9 936623333
9 813141239
9 364300659
9 880859746
9 1000009
9 948252656
9 482559505
9 411262159
9 158938291
9 365345009
9 103671839
9 114922759
9 103312239
9 29818832
9 400452498
9 378670629
9 267862459
9 67058579
9 966821789
9 742192854
9 17542619
9 749986991
9 303514069
9 91526652
9 663043049
9 942227947
9 478503849
9 240019132
9 658211392
9 575956065
9 819511280
9 605613159
9 937533823
9 976680225
9 700992367
9 742472659
9 319886074
9 283886809
9 268455988
9 983414852
9 525949460
9 519840118
9 316788079
9 599680657
9 745499285
9 239189423
9 90834644
9 751572109
9 30806759
9 815892649
9 208261229
9 959854606
9 42398322
9 350374189
9 584051759
9 55386549
9 186686509
9 621241469
9 460138962
9 458417739
9 88122109
9 432028619
9 151689686
9 949632443
9 553223849
9 627624879
9 93107601
9 311806889
9 414323149
9 157416769
9 886265339
9 715902596
9 167836439
9 960653010
9 442424409
9 555556269
9 290314497
9 297676745
9 883400589
9 844736489
9 512579381
9 422927664
9 307853679
9 125663849
9 23069262
9 343645039
9 975690614
9 612273529
9 462172309
9 957551249
9 937137819
9 206031289
9 906162974
9 50218799
9 49531014
9 841298225
9 593459715
9 552667994
9 53405489
9 747105991
9 279325966
9 85385149
9 949506814
9 623560219
9 404749757
9 856175639
9 475703679
9 249521057
9 968539820
9 754261729
9 243728936
9 867055169
9 329379510
9 10000009
9 305009589
9 176365369
9 762417069
9 846165930
9 786368509
9 523420059
9 682239456
9 277719998
9 725101269
9 552655469
9 928264735
9 863485629
9 538619914
9 879406366
9 293803842
9 387703709
9 199355787
9 446710329
9 330125932
9 302166139
9 1014419
9 278553291
9 978676952
9 366573869
9 328041319
9 510022609
9 293477945
9 704145519
9 862571179
9 389927232
9 705160739
9 70103629
9 142251419
9 62327829
9 831406539
9 719364699
9 815952465
9 418283749
9 408404589
9 376394336
9 67943540
9 6441983
9 35729884
9 525127049
9 985673280
9 294998363
9 766971747
9 929685553
9 971363172
9 175690385
9 254684669
9 530313569
9 1000009
9 170039191
9 418398030
9 695982191
9 229403366
9 764193689
9 304965178
9 178678709
9 697105631
9 922502282
9 58851779
9 184992084
9 910777246
9 363660960
9 178231179
9 110629553
9 798519722
9 622079964
9 924762696
9 932730413
9 726695959
9 551003479
9 371556879
9 504510539
9 474893312
9 613403489
9 520028669
9 676054769
9 21258719
9 490252815
9 851698435
9 95076648
9 706988393
9 139203201
9 130747249
9 647752908
9 362010359
9 327868289
9 340794891
9 731794823
9 450263509
9 949921956
9 438491471
9 129968301
9 485284139
9 133474729
9 689190078
9 603965003
9 310769526
9 744264309
9 840033589
9 616370249
9 650518159
9 81227199
9 540338669
9 777474549
9 977002685
9 207318279
9 180551489
9 279098149
9 776152219
9 933642416
9 578431092
9 8408696
9 192882289
9 689970269
9 501436489
9 865760139
9 523310629
9 517475849
9 516032789
9 209568502
9 669168286
9 435974721
9 674253293
9 176009257
9 92846222
9 456096381
9 765201879
9 576772930
9 985699314
9 669070743
9 742069028
9 36571549
9 240916291
9 901266791
9 270076925
9 56568039
9 810087779
9 830945577
9 303106419
9 953920406
9 492184661
9 327089413
9 807792466
9 999278201
9 365749520
9 19895512
9 92493096
9 509213428
9 790211942
9 790310840
9 658267569
9 103053649
9 465658149
9 90986622
9 501839261
9 424990153
9 660298720
9 549339356
9 347999010
9 42030699
9 744344279
9 156051932
9 796911429
9 953239621
9 365253839
9 808718709
9 169499326
9 996234287
9 418320119
9 367952545
9 158734089
9 500265779
9 458803659
9 423899979
9 12749690
9 660091136
9 912738875
9 910794818
9 347114009
9 661836905
9 197571266
9 399385449
9 334454089
9 978791926
9 22083796
9 929319957
9 735064914
9 329693987
9 117981822
9 596116020
9 24451249
9 645261039
9 184871469
9 1512917
9 797588847
9 187896912
9 451078109
9 180290512
9 20591033
9 169067809
9 94756186
9 688156964
9 448017936
9 659515458
9 338700719
9 734977193
9 798433315
9 208841963
9 79525171
9 311696456
9 341712879
9 312585249
9 42422589
9 811164924
9 174703819
9 3680249
9 495053476
9 467724539
9 912791400
9 35710089
9 643355659
9 380069857
9 122538129
9 682981578
9 378756149
9 192270157
9 315790160
9 175254659
9 7359484
9 731677966
9 348653349
9 233241839
9 600663449
9 626700139
9 6921870
9 410932080
9 823815971
9 405671309
9 980470203
9 12103149
9 558028729
9 952609286
9 428754329
9 129711769
9 280253129
9 425553289
9 639360462
9 674605039
9 911678822
9 266085659
9 228222049
9 896312107
9 122555569
9 695189116
9 676728879
9 371091531
9 504233709
9 611927202
9 781842119
9 491249566
9 880693752
9 872777889
9 426426419
9 757380329
9 69415694
9 743983003
9 138278479
9 88718849
9 701336792
9 493570316
9 712092739
9 160072339
9 990126731
9 59880435
9 472945602
9 634940719
9 50370189
9 303152369
9 797714522
9 4876739
9 931945326
9 501789780
9 227707987
9 807161779
9 952728922
9 139141780
9 567873449
9 934636530
9 459873643
9 187742439
9 919974743
9 73986530
9 594303332
9 379571350
9 468547579
9 185849213
9 303406859
9 931675082
9 101291945
9 908947128
9 862559492
9 900141862
9 728957059
9 706129941
9 743004049
9 357258349
9 940670042
9 149410539
9 558512196
9 788319344
9 255989566
9 553320289
9 634502329
9 349038804
9 153868119
9 498496671
9 728539782
9 569618850
9 857127529
9 493875866
9 921689859
9 544555859
9 287634819
9 89691692
9 96415873
9 411720869
9 522140948
9 542708329
9 830326519
9 780654469
9 933897513
9 377383329
9 622607192
9 200837289
9 470451719
9 455076019
9 288198825
9 149053844
9 693113837
9 738650349
9 688464659
9 720740809
9 443280009
9 727897784
9 941160272
9 423286889
9 761257689
9 375244953
9 971523914
9 281955756
9 303028379
9 228810639
9 406769061
9 246302479
9 152034349
9 79711636
9 693665080
9 732002639
9 301310099
9 558348931
9 616685295
9 518537869
9 426558649
9 181461729
9 735988664
9 641774962
9 62814349
9 357728669
9 916523147
9 255657993
9 635636129
9 780193136
9 523409401
9 986202448
9 612184897
9 316275689
9 624592596
9 775783490
9 561182479
9 789121435
9 945021654
9 330444239
9 525925756
9 822403249
9 414115089
9 140481968
9 236947022
9 605331059
9 328150219
9 738831879
9 206173669
9 223299430
9 584743194
9 549188742
9 204147059
9 937085197
9 371050749
9 461783339
9 308816269
9 89233080
9 794787937
9 833803169
9 630413489
9 121696352
9 908790437
9 693645894
9 646449163
9 286270491
9 299589716
9 382815619
9 913610188
9 422172369
9 58583980
9 352968876
9 491733362
9 82751229
9 511161179
9 636656971
9 938087805
9 427980792
9 216234409
9 5385229
9 186263369
9 291525488
9 851337489
9 892322170
9 748635829
9 399554783
9 455944805
9 216834249
9 190211100
9 187314189
9 124061629
9 818047059
9 602342239
9 59223487
9 904265885
9 798734882
9 225175391
9 983747939
9 563654429
9 100000009
9 339915736
9 439297050
9 707403819
9 512812339
9 66623962
9 150626932
9 98574319
9 7592298
9 282572639
9 588134934
9 503553239
9 58867976
9 681913488
9 546287029
9 634400059
9 619299486
9 642599596
9 438966754
9 652980395
9 608931006
9 356252249
9 432188309
9 357766669
9 77551329
9 425759512
9 185483918
9 403807339
9 15381869
9 941784061
9 437048129
9 940457593
9 368896636
9 429138714
9 677328439
9 932741768
9 845552059
9 21367269
9 621018789
9 749284402
9 513878459
9 611685839
9 245241009
9 302572249
9 693806297
9 765769240
9 994510495
9 360763809
9 204281859
9 376377289
9 449352742
9 100655928
9 443115129
9 955964239
9 549440913
9 376154089
9 162898675
9 415786769
9 323331309
9 578232359
9 854102319
9 95737629
9 953638010
9 376157609
9 768404879
9 814337296
9 919425580
9 187699392
9 650331869
9 802126269
9 888628059
9 35781339
9 742572970
9 865178191
9 619537674
9 769429928
9 328494021
9 298946500
9 411204619
9 327439075
9 747160579
9 510429237
9 301111692
9 153014029
9 138937553
9 237685419
9 269824434
9 635783129
9 2486089
9 696000329
9 978493287
9 39699435
9 611494872
9 636432970
9 82921096
9 489472415
9 603998260
9 886412149
9 50539149
9 181823379
9 887012819
9 672881659
9 561596554
9 766824749
9 811517819
9 409589590
9 189741149
9 523277898
9 620453319
9 782952916
9 434197671
9 888629698
9 38539289
9 688960360
9 187328489
9 870610839
9 554167649
9 450709133
9 304930617
9 500865429
9 441268519
9 714559958
9 972877646
9 781640419
9 117891901
9 390879997
9 735382179
9 779881755
9 894982076
9 588481249
9 187285809
9 931265073
9 223518359
9 659829733
9 543151079
9 240170189
9 63583949
9 637690064
9 783538229
9 313214829
9 725797485
9 727033819
9 133831639
9 926406420
9 966404662
9 106614329
9 677929957
9 641792176
9 978561281
9 661504925
9 897916825
9 772175109
9 850814739
9 249773585
9 518300749
9 86436908
9 422571529
9 896431064
9 934917174
9 35842379
9 784981562
9 770015179
9 700507549
9 15702529
9 948703692
9 965808985
9 829922140
9 519000648
9 183756139
9 101707948
9 35344609
9 157407519
9 761852429
9 593071841
9 1997768
9 937543435
9 216173809
9 311632059
9 788470409
9 339096604
9 799771325
9 266857249
9 996913484
9 412784931
9 97357890
9 51941122
9 788212932
9 985053272
9 633478922
9 103351999
9 541493478
9 153590407
9 321687449
9 683275729
9 251384309
9 934482167
9 939473500
9 61426719
9 962033721
9 795698574
9 923623124
9 456015109
9 419436393
9 98488867
9 670410739
9 755988730
9 808121119
9 349207047
9 820943444
9 307085249
9 540968294
9 229180972
9 194108185
9 497197043
9 37452129
9 786367349
9 45111359
9 437608019
9 4525419
9 253362689
9 472963045
9 334771393
9 111832879
9 77026769
9 3911528
9 401273849
9 779885378
9 967895249
9 989955809
9 235297573
9 764477669
9 571405349
9 526338921
9 400854197
9 424307229
9 204224369
9 591925872
9 739328873
9 692333509
9 721159612
9 985797530
9 560166079
9 982565464
9 311143998
9 159371684
9 696600517
9 966449357
9 217977510
9 924531194
9 989152240
9 528555109
9 254071189
9 122725998
9 931780814
9 296210314
9 917178721
9 537264819
9 251803139
9 484698045
9 143489714
9 382325069
9 327783709
9 327620159
9 252641009
9 740745859
9 426372395
9 886084439
9 76499218
9 296484206
9 588136369
9 392705691
9 553677950
9 180341649
9 645076549
9 32848289
9 309349873
9 818528940
9 70204139
9 47142939
9 583220109
9 589801733
9 670994799
9 853483019
9 27072139
9 721614589
9 803570009
9 950797998
9 157285559
9 339625730
9 933762407
9 556130339
9 722397407
9 891148828
9 592737631
9 910315721
9 344629183
9 96115468
9 76844789
9 253927157
9 420918928
9 808682339
9 244227689
9 520436769
9 598751610
9 891186011
9 9617435
9 837937998
9 121386879
9 938134409
9 50801649
9 671136179
9 331467095
9 547735019
9 414124849
9 642570509
9 717230479
9 871567339
9 757711529
9 223572895
9 764313569
9 567781719
9 302630879
9 264477389
9 194367739
9 43803639
9 485745119
9 176658509
9 180827769
9 800278119
9 178714559
9 549615134
9 994469202
9 962987506
9 531213029
9 845534829
9 753202739
9 581638569
9 521525319
9 848970964
9 131884910
9 690488108
9 349370138
9 16808975
9 416596310
9 152937964
9 74441809
9 723583389
9 776377297
9 491006761
9 777871159
9 497017749
9 909002749
9 927313604
9 254817889
9 423564829
9 368656029
9 715624349
9 308229454
9 368880189
9 81850997
9 955222755
9 606307897
9 875924309
9 358322922
9 537634499
9 627449233
9 986045972
9 47865639
9 985021210
9 191836943
9 472942808
9 4052999
9 211600139
9 647503982
9 525278229
9 300807749
9 88583895
9 673202129
9 352055339
9 850385973
9 465132309
9 625674279
9 313976269
9 497770569
9 791283405
9 863840789
9 18290912
9 210991757
9 274845339
9 210822569
9 853043589
9 265393476
9 614081935
9 936069408
9 699575100
9 31341179
9 880522939
9 90194922
9 550456089
9 730227039
9 477566449
9 281039112
9 249866139
9 437781933
9 177606559
9 480795869
9 843772189
9 162295684
9 998671211
9 76470219
9 626231029
9 681348968
9 168064819
9 268311149
9 602155329
9 529392582
9 380200859
9 843125159
9 284934575
9 948755300
9 954964794
9 267001639
9 172060689
9 390692778
9 710375319
9 588812297
9 178241009
9 199974855
9 950460822
9 974787639
9 42397899
9 307081549
9 656540759
9 626190213
9 271246913
9 491059607
9 71366779
9 68506919
9 402060698
9 223785479
9 156592185
9 768523649
9 736683930
9 185496656
9 241142619
9 489686315
9 318139078
9 54290473
9 143018629
9 424679995
9 2289743
9 683156993
9 681098669
9 151031709
9 533101309
9 487011649
9 41518829
9 919675493
9 422435559
9 763334679
9 982896514
9 7867479
9 448675329
9 584982171
9 794433428
9 964348729
9 769126356
9 375099075
9 451582829
9 696293353
9 45273394
9 306753894
9 326104889
9 9705510
9 305895851
9 624643294
9 808810709
9 759585549
9 525790744
9 573660689
9 877108599
9 588456769
9 148120879
9 828157259
9 965448592
9 443542910
9 301783179
9 889422378
9 412236359
9 642684209
9 754363923
9 340356494
9 789002709
9 746297441
9 382168899
9 691770356
9 515961559
9 821167769
9 661632019
9 850361079
9 510096448
9 77649001
9 7530289
9 107959744
9 28664259
9 508663509
9 973648122
9 680120929
9 421971619
9 793727239
9 553258639
9 31445509
9 254963401
9 754622649
9 663161729
9 459769668
9 468290317
9 656374964
9 817462379
9 532763519
9 541629299
9 548967182
9 695714898
9 60486139
9 419118367
9 895747350
9 759115834
9 308220409
9 804219142
9 344962143
9 400706419
9 874627189
9 413155309
9 179695160
9 307299593
9 824168849
9 724492480
9 922631116
9 363589495
9 758189274
9 715395933
9 527159553
9 348014329
9 134357319
9 175419825
9 926836776
9 432411394
9 12076869
9 794818305
9 779848619
9 410866292
9 773888909
9 541516779
9 646144339
9 564068359
9 501787609
9 626773910
9 973014516
9 149573664
9 209998299
9 112861649
9 743209418
9 419186610
9 797857986
9 691580809
9 197948718
9 256534309
9 788775489
9 389610569
9 50373519
9 698991186
9 830950159
9 679748099
9 82718934
9 76752908
9 938457490
9 818858529
9 599927127
9 858840289
9 936404512
9 616566049
9 899806314
9 808104490
9 244788269
9 561713519
9 424368889
9 746686789
9 839150490
9 980790687
9 45697515
9 706302962
9 101978022
9 831506629
9 668762179
9 825082459
9 123933222
9 441824669
9 547254259
9 767786169
9 531585909
9 930976146
9 54762269
9 432451019
9 442639237
9 313116019
9 601318419
9 196376813
9 736565593
9 709901801
9 645587359
9 921712377
9 554776889
9 599350676
9 279591711
9 900069110
9 834610239
9 849865532
9 964913665
9 320407029
9 259055784
9 345269598
9 27463950
9 68019697
9 883395490
9 723184559
9 903509570
9 204438209
9 774051579
9 318104629
9 319077385
9 640405988
9 768041769
9 612633049
9 431795895
9 56644259
9 521254279
9 806178529
9 442231839
9 858439542
9 746998096
9 884704259
9 851642359
9 837081319
9 426312829
9 355346629
9 259005301
9 42561809
9 714117849
9 663130039
9 360996251
9 800095557
9 915699610
9 934455475
9 44457489
9 187904494
9 521655649
9 337349433
9 891902132
9 355210509
9 827361349
9 786409586
9 85854219
9 422188559
9 376525529
9 94523891
9 242711947
9 785408869
9 180661269
9 870072559
9 296116508
9 336925501
9 973446689
9 519804543
9 795359909
9 652597053
9 846876679
9 962929149
9 490982718
9 129943447
9 472762549
9 966323386
9 953669638
9 713192913
9 444754679
9 916376362
9 297930292
9 722494374
9 469103
9 111593278
9 854751549
9 267161920
9 640379021
9 807021479
9 338237094
9 90836368
9 26637629
9 291299146
9 704282369
9 525288469
9 724749279
9 524941338
9 147336987
9 574311549
9 197478279
9 724905993
9 769515210
9 624999605
9 275821149
9 967306224
9 375647297
9 232819
9 509158406
9 583833619
9 170272398
9 806791626
9 160846009
9 671710649
9 265762579
9 372853319
9 532799015
9 718601209
9 330322389
9 511553339
9 520569785
9 799937181
9 218707695
9 599190407
9 721736906
9 506402109
9 895096582
9 971132218
9 289873335
9 989706846
9 55138059
9 474493827
9 880923366
9 362266953
9 22116189
9 818078389
9 72257792
9 531639970
9 475414439
9 239634645
9 584143489
9 868276849
9 200670459
9 772802849
9 814636619
9 680193042
9 287134219
9 371835639
9 22892234
9 479457072
9 427062649
9 207884098
9 284749708
9 897163601
9 612181349
9 172408927
9 558131990
9 147925682
9 380827966
9 535029960
9 147396238
9 622081991
9 912467419
9 953143995
9 447687549
9 534737419
9 532942195
9 284610912
9 98909459
9 793008838
9 230259490
9 292419500
9 796546135
9 478950634
9 222573449
9 19567100
9 69327131
9 503781698
9 798985903
9 835236922
9 978077739
9 490900312
9 47361192
9 532537729
9 500278497
9 528713359
9 830451109
9 991505443
9 790196837
9 995359544
9 913960887
9 444060679
9 309611037
9 515449927
9 864022069
9 639033421
9 239240147
9 145964230
9 802992618
9 340480859
9 615450279
9 556864619
9 65943292
9 521133599
9 422270309
9 557083985
9 97664401
9 406073449
9 967504936
9 626988341
9 543053294
9 509267651
9 501269409
9 328775259
9 141772079
9 544109852
9 905794157
9 5798696
9 575829495
9 20535689
9 526892266
9 666499587
9 671535849
9 165678991
9 623910272
9 840290783
9 802217109
9 999028656
9 77790464
9 69815222
9 607862209
9 688019103
9 991770711
9 805998340
9 167026259
9 77875289
9 360000329
9 730166819
9 550961443
9 790048925
9 597950337
9 408560579
9 594169885
9 589955799
9 344252609
9 324942127
9 313269333
9 77536908
9 49633409
9 855876259
9 638584319
9 547559911
9 369289904
9 717313039
9 592143535
9 462429888
9 879588319
9 676940309
9 484531779
9 720918963
9 944426786
9 292738768
9 68590075
9 50711489
9 928029395
9 984018802
9 923842926
9 21885297
9 960159501
9 876913443
9 182788839
9 347544269
9 498134460
9 274970690
9 166355970
9 421136259
9 524482679
9 873457759
9 149874071
9 289333052
9 474179362
9 123373209
9 282718129
9 437688379
9 88032869
9 95824018
9 253125649
9 179053751
9 810383969
9 991040993
9 719251934
9 367998120
9 537535379
9 692124698
9 177403369
9 802346879
9 643198817
9 187882439
9 821778379
9 776026689
9 220619837
9 649128186
9 627254779
9 721719104
9 811857879
9 333620179
9 825736409
9 247586439
9 12586249
9 938906582
9 848421319
9 447520469
9 944224606
9 100000009
9 438416559
9 617017509
9 578845209
9 572314795
9 543454966
9 94682580
9 195526363
9 552959810
9 652926947
9 916608739
9 815664069
9 898851336
9 664801079
9 511042229
9 97956504
9 705904777
9 453527029
9 947174045
9 39268770
9 521069016
9 906765643
9 487832790
9 440606379
9 400177559
9 145411009
9 125865769
9 688080609
9 138991945
9 351835109
9 906572527
9 546510809
9 874975899
9 617042409
9 573229319
9 637679137
9 391551896
9 186333489
9 312775779
9 94152069
9 977386611
9 88071985
9 393989590
9 937663552
9 213146019
9 18842869
9 215311596
9 850868859
9 919126611
9 581981994
9 131322189
9 681956928
9 491791107
9 884707169
9 684455389
9 790404855
9 345099934
9 563657379
9 786613809
9 483302429
9 482132977
9 695099030
9 54144189
9 665236609
9 450260930
9 440518797
9 586537719
9 671403495
9 231535569
9 373274209
9 924445574
9 894690765
9 309023661
9 36172319
9 756670149
9 604957866
9 237768459
9 664054559
9 61865951
9 827617279
9 785693554
9 733048595
9 777095557
9 781884229
9 26983734
9 599925502
9 731452439
9 362340779
9 38289931
9 830034559
9 340616319
9 695010648
9 157014479
9 762832019
9 916598340
9 186953097
9 29385645
9 914454315
9 88496692
9 641774029
9 809081099
9 209744478
9 532839253
9 713922133
9 560478928
9 311411549
9 30240069
9 701757960
9 986223701
9 565565079
9 394188971
9 995678523
9 687278689
9 981784043
9 630597713
9 271917414
9 731499063
9 793769603
9 231114749
9 62732629
9 846754879
9 862399882
9 698405146
9 94319820
9 682989116
9 759065770
9 333743229
9 543174109
9 215065389
9 788839325
9 201269863
9 175393316
9 616080509
9 901323248
9 489357460
9 629538763
9 341469860
9 26154294
9 415184391
9 759481893
9 688210291
9 181194931
9 714094421
9 628938154
9 838535689
9 928873855
9 176302709
9 883570709
9 857382889
9 30795848
9 153357489
9 749623716
9 492746452
9 870828489
9 189787492
9 143220659
9 987094152
9 382507904
9 400157109
9 602805090
9 807424795
9 63547809
9 896991929
9 631929697
9 54788389
9 432660589
9 595323790
9 544579984
9 637546592
9 641930446
9 598836784
9 864632599
9 90580895
9 437834459
9 446311029
9 609959388
9 283925565
9 330993149
9 235484409
9 215705329
9 127740649
9 951627364
9 497659618
9 345454198
9 684299673
9 807770694
9 781822359
9 813224429
9 210461719
9 499993401
9 169264887
9 325454429
9 992045251
9 663100489
9 731156916
9 94971424
9 390096246
9 298120116
9 62131029
9 427886129
9 428401219
9 968064032
9 651213689
9 684326179
9 130199578
9 440871579
9 934667121
9 813447980
9 845250129
9 285024093
9 127173379
9 340646449
9 481603069
9 49739513
9 7004429
9 353555981
9 788726359
9 797046012
9 811401917
9 10000009
9 127922382
9 168070419
9 197830476
9 123024539
9 713184689
9 582081679
9 390246292
9 965520100
9 464062359
9 263795399
9 459674127
9 322275049
9 897112268
9 413179552
9 303384559
9 837095569
9 613377379
9 816679438
9 972405151
9 351279960
9 679162045
9 291079611
9 778009445
9 332521923
9 4967067
9 516431429
9 14476269
9 57102589
9 540767539
9 391541427
9 829413854
9 613711819
9 969532835
9 576954697
9 802135309
9 275461909
9 521827179
9 515283819
9 581703169
9 749574143
9 308571339
9 184470889
9 552054494
9 714639617
9 1449863
9 184630519
9 151991220
9 383971121
9 799960436
9 92621286
9 303841879
9 112120559
9 120812009
9 630590706
9 435197860
9 773249860
9 835676289
9 827881659
9 768575889
9 415109488
9 336828039
9 417475559
9 858879813
9 598003800
9 682355519
9 90203099
9 713181396
9 962263777
9 596183098
9 18533219
9 650418569
9 632364059
9 615492879
9 689115464
9 253027359
9 777889993
9 501911646
9 376867069
9 348204779
9 836487189
9 332837329
9 567465179
9 715554495
9 628597298
9 411252059
9 545950993
9 108514129
9 384745539
9 148300980
9 620755019
9 942001595
9 961810159
9 810357496
9 598881530
9 699749762
9 504990569
9 829640988
9 681677159
9 962795560
9 953721811
9 425815189
9 161299750
9 795968665
9 74326639
9 740856989
9 589006734
9 57660679
9 814430459
9 341166369
9 56770609
9 177011689
9 737921479
9 989062311
9 91290824
9 337295862
9 305989023
9 94009537
9 814147579
9 984238994
9 331735239
9 944944214
9 740600109
9 240500789
9 319720029
9 639646681
9 958208398
9 550089287
9 651144779
9 662320789
9 216699196
9 877348229
9 514651209
9 499304864
9 982913254
9 547364049
9 699189581
9 66990798
9 744866369
9 656447519
9 140499037
9 986478154
9 450193077
9 159201239
9 683043049
9 385613479
9 4701819
9 620019661
9 801396327
9 747103859
9 72670469
9 232835689
9 57978768
9 91045732
9 526515349
9 896666949
9 358432987
9 363122179
9 872882299
9 822634129
9 95244169
9 665842349
9 824288849
9 370381159
9 144791514
9 160987625
9 124484019
9 432516619
9 624737429
9 432230329
9 693112849
9 44881649
9 688476891
9 804885849
9 13076289
9 476204429
9 304336972
9 721944527
9 803477829
9 785224849
9 382045689
9 30843729
9 935281886
9 133076309
9 425301719
9 856202819
9 619946055
9 540829334
9 129855137
9 856220709
9 774873809
9 247428779
9 531367509
9 275958022
9 881126912
9 833994202
9 964739025
9 985623714
9 384219264
9 799758736
9 586472095
9 548475379
9 332058559
9 430775869
9 273864169
9 374324309
9 182904276
9 698645990
9 932530425
9 159500225
9 358635689
9 393156561
9 905226995
9 199694156
9 22930563
9 63252698
9 799062421
9 573455129
9 981016952
9 949357307
9 279647786
9 839360581
9 257205949
9 704265809
9 422318819
9 514505469
9 494229393
9 505981820
9 402425459
9 294996186
9 213836859
9 826392242
9 530178839
9 633637079
9 670695470
9 442303229
9 282086419
9 421967522
9 131609355
9 264314559
9 442826429
9 166047309
9 639692602
9 758296051
9 41902102
9 315749849
9 378211809
9 129517694
9 732960519
9 747749070
9 175033109
9 849487585
9 703631779
9 822064779
9 557513439
9 443333159
9 423618929
9 8090818
9 610984894
9 528454809
9 948954674
9 13257609
9 775920064
9 863404869
9 795806122
9 451599560
9 938757940
9 864407289
9 560178659
9 409836796
9 166423519
9 991314407
9 204429851
9 693147496
9 850281999
9 464442109
9 441808339
9 809060437
9 15160529
9 598776812
9 518189943
9 286739974
9 839506105
9 724109074
9 847665459
9 46118229
9 87443809
9 385085829
9 916558312
9 927156140
9 866628639
9 564308791
9 513141729
9 587608669
9 541103595
9 105287169
9 556940921
9 276402259
9 385820569
9 949559933
9 816248019
9 320402629
9 826866309
9 386343893
9 959869103
9 89096663
9 786636789
9 345619122
9 36955733
9 318604869
9 886506409
9 200994358
9 752001509
9 627986696
9 670165709
9 309084186
9 706135319
9 509474918
9 840690915
9 93092552
9 732422297
9 439410648
9 81504279
9 358734119
9 573707259
9 5974527
9 300353189
9 426333095
9 562564859
9 183951175
9 569094478
9 604050149
9 825336339
9 28294124
9 871547519
9 765319878
9 364279664
9 85283459
9 797167318
9 952968357
9 42602339
9 793031399
9 834920760
9 538702569
9 430736489
9 687389474
9 545361519
9 118976339
9 815239555
9 315357219
9 239827282
9 977460799
9 412051749
9 381891886
9 552338269
9 137023859
9 840414926
9 999125032
9 94569716
9 657493991
9 484241539
9 443030409
9 246186729
9 898011106
9 705065869
9 288959923
9 482434059
9 941516947
9 76671479
9 85842269
9 905410950
9 129418607
9 720013609
9 486877469
9 282543709
9 933547388
9 555318709
9 247755449
9 471935264
9 441481009
9 404823619
9 237373039
9 56227529
9 708021589
9 295942295
9 126938156
9 117696682
9 147114159
9 494963800
9 86109662
9 168382549
9 813199848
9 394757113
9 358797563
9 724456139
9 74372519
9 369257261
9 919044425
9 397099381
9 864382279
9 526058259
9 230982758
9 815609551
9 799982304
9 636267139
9 544232539
9 495389065
9 520033692
9 887221119
9 556230329
9 718007099
9 655637759
9 595951872
9 845652609
9 968543008
9 426749341
9 775820409
9 425452849
9 118113719
9 187581069
9 957816810
9 789341952
9 594880773
9 590779592
9 564357019
9 698947182
9 129014942
9 493623912
9 443884269
9 919356464
9 919468614
9 746383189
9 702716479
9 312265192
9 566949888
9 290985095
9 739559610
9 631403579
9 388838819
9 562096339
9 132264539
9 1515549
9 453290822
9 865806359
9 738698893
9 134582930
9 311700943
9 70760039
9 604027129
9 492290744
9 64299309
9 470201690
9 621282259
9 157480239
9 563787519
9 695182305
9 953035989
9 645978196
9 424446429
9 173257029
9 299784514
9 925569439
9 786919445
9 145230679
9 899132764
9 111912180
9 157871988
9 488935684
9 494982550
9 493255407
9 556734791
9 412874991
9 808071495
9 329614871
9 821002739
9 607925152
9 199968588
9 166591921
9 642444639
9 711066879
9 872436769
9 509062162
9 531642943
9 997664182
9 684080809
9 458512069
9 332818293
9 775647859
9 420344739
9 357271329
9 312322139
9 164178439
9 679037333
9 12900747
9 372891370
9 908642922
9 213995345
9 636891102
9 613239019
9 746523219
9 662780719
9 149476868
9 450434209
9 295219077
9 282381149
9 635121392
9 116515192
9 872542819
9 417317609
9 115960938
9 138919100
9 102644947
9 664929936
9 493547090
9 965132098
9 283013209
9 927834808
9 720578519
9 832669004
9 134079873
9 593552019
9 490030767
9 372001951
9 989378407
9 441618429
9 394515343
9 599331868
9 827031974
9 869284224
9 650905086
9 825853739
9 659806881
9 736095926
9 929268902
9 674777069
9 879248628
9 88237339
9 823093072
9 72753987
9 433521649
9 813292251
9 398452588
9 722149885
9 161802539
9 288117649
9 551960592
9 318876596
9 578235559
9 921374998
9 230598152
9 366991490
9 256405739
9 944823973
9 120471589
9 790246135
9 600192599
9 576135369
9 75965029
9 751094100
9 157248679
9 75824190
9 231289661
9 434655913
9 634831769
9 929877681
9 302199515
9 813700659
9 804198731
9 118076649
9 607588988
9 50765569
9 620249519
9 163521902
9 724412289
9 291522141
9 187946457
9 924121389
9 494372679
9 332418829
9 852716069
9 147632639
9 330946366
9 210468839
9 597802591
9 166667519
9 466211459
9 283243549
9 445169930
9 619450298
9 266946554
9 762359689
9 863754849
9 694243846
9 495602758
9 854935342
9 790712232
9 937832574
9 488292809
9 709413440
9 762469964
9 50192948
9 129266872
9 866545579
9 302080987
9 630794827
9 927840424
9 933456861
9 767536149
9 367137932
9 478385619
9 6602294
9 938029188
9 663703289
9 337189661
9 304290542
9 552114759
9 61189841
9 423878669
9 791884823
9 572097797
9 915100855
9 442435923
9 217871539
9 367627809
9 510178079
9 114393816
9 336045549
9 766375269
9 575550429
9 623974057
9 207146249
9 404236439
9 141228379
9 552166369
9 910858960
9 739575706
9 679170974
9 114113399
9 637531092
9 62133609
9 312449084
9 91007595
9 954426210
9 115819906
9 564619669
9 135116319
9 542977435
9 788128489
9 366800619
9 367057769
9 202652709
9 78600619
9 464362819
9 591349142
9 466862719
9 10515019
9 586757019
9 785149652
9 706068219
9 959662263
9 920419941
9 404465189
9 27992892
9 797615634
9 736371569
9 480741859
9 566606968
9 679545569
9 731784209
9 262568639
9 861225349
9 453804469
9 61772009
9 288612069
9 832879352
9 669282534
9 172016409
9 678122169
9 187776596
9 321246519
9 963140900
9 235738379
9 733950237
9 978339372
9 168745629
9 177754559
9 304442920
9 529516228
9 912721817
9 743011911
9 362638549
9 818757609
9 527815059
9 61107819
9 186066089
9 85404069
9 561795766
9 223398621
9 489017733
9 251644289
9 556608992
9 150067169
9 478045049
9 580570249
9 848701319
9 945484797
9 947527132
9 553154439
9 873648197
9 127568229
9 251366829
9 661515609
9 1128019
9 695287537
9 877246329
9 500820059
9 470507809
9 659257510
9 358263920
9 779787800
9 143974280
9 312442879
9 235565409
9 89769648
9 63960809
9 121475279
9 846233968
9 33785929
9 802074359
9 101862159
9 185141639
9 233377049
9 660707709
9 522671449
9 423441339
9 516156649
9 998562026
9 179754219
9 114518569
9 671011489
9 87690279
9 608789759
9 301690095
9 379453627
9 686113809
9 975669424
9 825897015
9 194052797
9 945345263
9 209532723
9 657581819
9 508343359
9 305950483
9 206265649
9 617723159
9 910682622
9 453563329
9 545203639
9 5371192
9 731248479
9 902704494
9 424840759
9 778110649
9 129223587
9 91513924
9 17333549
9 245945371
9 413648939
9 328928901
9 607367719
9 989974973
9 225743279
9 87555369
9 579565814
9 390689412
9 305423429
9 283285489
9 532693328
9 966829341
9 856102389
9 31554849
9 638331998
9 752417709
9 200434569
9 830642749
9 277172189
9 150924231
9 312056197
9 649869697
9 842324749
9 343298265
9 486210519
9 916572026
9 858921159
9 15218129
9 820523079
9 503946818
9 401477419
9 3969504
9 569101496
9 774176419
9 411402309
9 36224619
9 561578089
9 495126064
9 482631699
9 693017137
9 352835709
9 27684359
9 475824759
9 419529258
9 244427239
9 876962015
9 472375229
9 636060829
9 238260209
9 44539462
9 772030935
9 875590581
9 89760969
9 440612197
9 224481629
9 18368139
9 455433779
9 494426736
9 314504649
9 374771079
9 521813259
9 889082899
9 508935134
9 578976106
9 597352786
9 292189875
9 912086069
9 911013319
9 481050089
9 634188889
9 282298580
9 786448889
9 560107049
9 808199491
9 867608619
9 679086212
9 109665822
9 998543083
9 745277029
9 310625729
9 581060938
9 858204069
9 788181693
9 183447289
9 815053719
9 232681649
9 793579814
9 491291129
9 140031069
9 474787169
9 679288031
9 188619177
9 61335089
9 44678779
9 565113169
9 951838611
9 556050389
9 817031029
9 386904974
9 572644769
9 427300019
9 748442589
9 923923588
9 314503934
9 918266119
9 320273589
9 536480960
9 121001459
9 633079688
9 98720028
9 421598847
9 558510619
9 725493330
9 777039368
9 723797752
9 336785109
9 549115359
9 234479832
9 217140359
9 47224793
9 794488926
9 567276449
9 575528439
9 752475079
9 748979634
9 408457729
9 360811987
9 461898124
9 782336119
9 10722259
9 758105269
9 770641369
9 989780220
9 329479329
9 572938114
9 236377109
9 828120369
9 675889943
9 34122960
9 111945187
9 192322049
9 768631946
9 181984481
9 761500749
9 987194179
9 255722049
9 899170203
9 340868792
9 784700729
9 334038829
9 237524469
9 793689506
9 394498728
9 94984658
9 208380769
9 765668195
9 616688189
9 854946302
9 292943897
9 493618945
9 252620509
9 740059752
9 523848789
9 405808479
9 346662089
9 222774709
9 641111289
9 193811750
9 908065720
9 947197049
9 479725856
9 314698520
9 581732549
9 871293555
9 755530829
9 123829850
9 768532459
9 524370039
9 577045379
9 433609253
9 439198216
9 6086539
9 909549368
9 209250367
9 828317749
9 969408815
9 923622478
9 662512369
9 729119794
9 473447693
9 741191956
9 623186589
9 200475249
9 250210359
9 920075420
9 914542113
9 45093336
9 666185849
9 3837319
9 432382049
9 634635329
9 181597283
9 136108849
9 933738355
9 320759925
9 235202191
9 533208639
9 520795949
9 795859285
9 955080002
9 407576239
9 61360429
9 470369467
9 885430039
9 189879362
9 975933784
9 126752949
9 739572285
9 630009435
9 594872126
9 235228619
9 560670349
9 974113563
9 531560976
9 678166059
9 961831306
9 484263229
9 374472925
9 29890398
9 426157709
9 539584273
9 890274304
9 471420629
9 342670609
9 872993869
9 566038996
9 413565619
9 856100259
9 979891448
9 621582839
9 427372569
9 72371968
9 204372149
9 459178409
9 648110819
9 405377329
9 879154065
9 445165790
9 829056788
9 735575769
9 147258739
9 240011109
9 396052997
9 407714119
9 418041819
9 420139440
9 43281549
9 385134339
9 976154284
9 346812709
9 531493808
9 897230623
9 426122090
9 505899663
9 116620964
9 21010091
9 825148119
9 979113325
9 888420369
9 179689912
9 680748639
9 975028069
9 237507139
9 949034617
9 113343049
9 198539561
9 155268489
9 282982561
9 100650729
9 471083709
9 479505137
9 172528819
9 10158891
9 783680169
9 734658439
9 737760069
9 857542859
9 547756669
9 252028819
9 363666619
9 397159959
9 254773895
9 50096961
9 727254197
9 380197620
9 481133429
9 690130309
9 694255412
9 199736574
9 14085479
9 8970898
9 968189628
9 630305439
9 586620119
9 79350432
9 156432889
9 722608972
9 104376549
9 684833029
9 98359812
9 932382259
9 364834649
9 93320466
9 258925419
9 984118814
9 60640889
9 456299614
9 239258331
9 796371934
9 508169068
9 607888629
9 577166975
9 929272308
9 630893902
9 1882189
9 929054031
9 859555014
9 927723867
9 334175019
9 310972435
9 454259128
9 835365269
9 475861329
9 608833329
9 607184249
9 326680779
9 572949520
9 546314149
9 781414798
9 376280079
9 362672629
9 116564889
9 594783876
9 857602819
9 846893542
9 237560439
9 962318041
9 431433659
9 205913478
9 402650910
9 355894114
9 223041549
9 931763707
9 641397766
9 770619678
9 613984240
9 821072209
9 325855669
9 486590134
9 532061279
9 298908560
9 893522120
9 133383659
9 970834469
9 53269545
9 667316329
9 181594933
9 92640227
9 45894148
9 907472094
9 340186049
9 558307629
9 598023117
9 971064599
9 13908404
9 659163604
9 683262169
9 451650769
9 364753119
9 948874253
9 5702139
9 983494558
9 470681951
9 907165979
9 300111319
9 952062745
9 449073758
9 162857289
9 853303879
9 812430923
9 888253419
9 380520390
9 742937333
9 431793062
9 59897181
9 582925570
9 763242649
9 396560185
9 114342489
9 196253614
9 903166850
9 505352549
9 205865319
9 576867329
9 591504787
9 223935134
9 246615339
9 282183569
9 256748449
9 719205475
9 29288237
9 761911885
9 958328270
9 887149338
9 135550179
9 154405902
9 521549870
9 332782905
9 706042849
9 671328290
9 921518329
9 245547709
9 600966966
9 959456490
9 370866829
9 242840629
9 849957662
9 353610489
9 892420818
9 229529046
9 145036908
9 493527087
9 874414219
9 143179710
9 157425279
9 514908796
9 205291506
9 817011397
9 97320656
9 791028814
9 693943215
9 16483449
9 831888925
9 837754359
9 571728982
9 917825807
9 692241630
9 693456596
9 785200059
9 458565419
9 326494960
9 584565109
9 633578029
9 176670079
9 883792511
9 359229994
9 973597194
9 570216329
9 547919811
9 548604389
9 709042
9 755149252
9 375948440
9 292783148
9 181994442
9 490060940
9 378166069
9 859598845
9 606928802
9 752012239
9 637146229
9 179738466
9 59347579
9 470816309
9 749889289
9 478781129
9 57789407
9 412965611
9 411389126
9 179157763
9 32891317
9 318890437
9 773944113
9 229015717
9 952693078
9 59032551
9 531264719
9 283386029
9 347378397
9 353225609
9 137714229
9 541139160
9 815710669
9 193150061
9 782954051
9 228956272
9 174281019
9 199282007
9 771385259
9 418843589
9 355633069
9 676666179
9 679669979
9 493985566
9 987082895
9 784468139
9 915748001
9 852574669
9 712956569
9 58178859
9 225009177
9 297451902
9 230497998
9 926174553
9 694725400
9 897078011
9 757957524
9 852327839
9 210803729
9 665393067
9 679367553
9 712571759
9 376103539
9 910476368
9 121925681
9 677680279
9 992495053
9 235734809
9 845271289
9 505899708
9 643804391
9 382507889
9 223427739
9 72376962
9 105148319
9 827108948
9 998596013
9 547497740
9 497355957
9 424547529
9 157973554
9 829710902
9 812345549
9 828811609
9 1203849
9 298044049
9 476253439
9 239974501
9 702325259
9 500249229
9 100111789
9 524405559
9 341661659
9 194576323
9 155964520
9 827123937
9 300135794
9 256474619
9 573908743
9 622806439
9 423788189
9 823819778
9 754066889
9 26615589
9 360319355
9 882606089
9 989061176
9 69832848
9 847552419
9 797136073
9 317283869
9 330003290
9 128798866
9 14277239
9 381631129
9 338974712
9 462717379
9 37499338
9 163326809
9 896356032
9 251823709
9 83927060
9 2676779
9 301504759
9 953315844
9 623722879
9 441875679
9 268052389
9 684793550
9 208121539
9 563107859
9 320513369
9 325939432
9 10668769
9 819851419
9 935212259
9 66627489
9 801207729
9 595532447
9 207517910
9 576980915
9 592687862
9 769029398
9 67326609
9 654238379
9 780096155
9 279290828
9 870696349
9 125499382
9 64441529
9 901056458
9 903382501
9 877588989
9 681821698
9 39034834
9 748846953
9 206684349
9 163225569
9 678339343
9 705966662
9 292115734
9 200773809
9 572659799
9 953588451
9 104185569
9 404687991
9 421339727
9 793288085
9 794304141
9 277313849
9 681531469
9 91112583
9 763428549
9 166935662
9 112539044
9 815081159
9 876443039
9 490497446
9 162782409
9 847368209
9 887727839
9 286350009
9 38187917
9 283773069
9 468899576
9 102452309
9 184272459
9 343675985
9 90015675
9 201472089
9 44397714
9 886114179
9 605522789
9 429121899
9 161724419
9 713415349
9 619579880
9 967526503
9 124012769
9 289830701
9 498656616
9 758075591
9 62301109
9 885428419
9 11584869
9 490470102
9 457486759
9 580094162
9 491235908
9 345678729
9 242949021
9 282233966
9 876436189
9 281560509
9 561019353
9 253639668
9 794024770
9 412211196
9 19780343
9 216396266
9 567862539
9 572949648
9 582240449
9 488402759
9 288263096
9 102458971
9 903269882
9 598048957
9 184999632
9 716033509
9 482009812
9 539125146
9 233120937
9 75479854
9 918967434
9 684952285
9 437955344
9 577078059
9 928748572
9 849996612
9 353614149
9 515550569
9 311007009
9 578735629
9 634117989
9 739906183
9 409259508
9 926273314
9 445402469
9 585835179
9 738894063
9 958370074
9 947709176
9 759531998
9 248244379
9 393331373
9 580634119
9 755271259
9 646503109
9 680363179
9 51375289
9 196840431
9 813224695
9 747318982
9 763553389
9 827535309
9 642094834
9 876073279
9 186884591
9 706043893
9 347385249
9 494294132
9 428067399
9 444884509
9 614652940
9 489765234
9 574694132
9 53569687
9 130864539
9 913656583
9 667271149
9 943589611
9 62354499
9 304845069
9 409066480
9 766219524
9 797364164
9 672287931
9 787012519
9 535236119
9 797026934
9 629982755
9 936435931
9 203887009
9 743750419
9 500309682
9 114309488
9 937985151
9 268707609
9 130083119
9 891716838
9 97003917
9 850721449
9 475962885
9 806959425
9 381249086
9 218382290
9 842221259
9 181580239
9 453571529
9 98412369
9 830738469
9 605323349
9 237823319
9 377826092
9 183173339
9 248509320
9 173696896
9 375526749
9 768114619
9 722075229
9 862484096
9 998121639
9 293712052
9 903740680
9 435463091
9 11600951
9 781545429
9 323374849
9 806027109
9 803647149
9 862279749
9 324919329
9 481298092
9 435917668
9 899975148
9 973013390
9 75794346
9 963878730
9 441922441
9 216778839
9 382430459
9 760189526
9 820020392
9 373418609
9 8036319
9 625833559
9 100000009
9 766672839
9 968227571
9 809502808
9 406318009
9 354806489
9 136133679
9 493953077
9 382523379
9 794395369
9 874847290
9 741033249
9 945110678
9 232494898
9 848727339
9 25147009
9 352283539
9 395816943
9 112683809
9 295934657
9 112956009
9 773798164
9 51272975
9 950342571
9 597074168
9 997549560
9 416006119
9 508480479
9 997274275
9 512488569
9 511962499
9 157636419
9 677157189
9 496195780
9 140401489
9 258348619
9 45097698
9 508349394
9 959138530
9 83411759
9 754697494
9 123386049
9 328444729
9 295604958
9 354694932
9 260090526
9 653468819
9 452521239
9 736980011
9 288639070
9 64834889
9 915689557
9 530330369
9 673107039
9 295981212
9 16419239
9 115888289
9 180277709
9 22845389
9 462710809
9 370672998
9 646767759
9 568285609
9 553629135
9 327953243
9 414536109
9 94869767
9 308855961
9 321383659
9 41617569
9 527372689
9 349864551
9 785810379
9 373015289
9 925960895
9 960836224
9 869351880
9 910786758
9 134786209
9 429364543
9 220516933
9 618715049
9 678327529
9 688819752
9 953120680
9 317223109
9 669431381
9 191289189
9 390345516
9 517941822
9 893672629
9 193858337
9 606025749
9 743286089
9 605450659
9 911163001
9 747103961
9 457616749
9 336277659
9 25330669
9 840618089
9 756711269
9 415246839
9 787192805
9 102297873
9 550548789
9 81471879
9 529849768
9 670204169
9 273337819
9 830202890
9 735140689
9 35661319
9 840950048
9 438038193
9 596074817
9 11094955
9 723769831
9 136014349
9 780323739
9 834090512
9 290779916
9 845243709
9 197417486
9 570486195
9 745282639
9 940643286
9 361666289
9 508629443
9 249274432
9 326758169
9 665771492
9 351320089
9 530141039
9 148711839
9 427020639
9 760725519
9 990475512
9 469692075
9 776586289
9 815196371
9 526708789
9 779106667
9 430748109
9 518110914
9 231281709
9 567510589
9 517055549
9 492032416
9 762104879
9 75402996
9 618249381
9 316530159
9 488274459
9 455229969
9 352290306
9 961647574
9 302894796
9 181294481
9 368035709
9 406516579
9 809728669
9 252738329
9 69704301
9 273986393
9 478329494
9 386442159
9 878224977
9 694634103
9 363715589
9 701664297
9 912076877
9 600845859
9 276772393
9 697914409
9 554518924
9 361911832
9 800318429
9 979695707
9 352467359
9 644786659
9 427087449
9 251420549
9 705948893
9 917134193
9 934373708
9 935626650
9 504363129
9 931846961
9 860505379
9 784686269
9 715159228
9 853532609
9 745131309
9 451780907
9 823821098
9 744049173
9 317280829
9 971319690
9 201413459
9 780180259
9 489290606
9 865957624
9 662544269
9 426686419
9 154066309
9 323121389
9 88950933
9 167980183
9 941933633
9 173494074
9 710234409
9 617869343
9 266134909
9 623664789
9 114489572
9 853375139
9 759369096
9 83342619
9 434774269
9 810060359
9 942114994
9 257372249
9 627944509
9 851195357
9 302340329
9 214836659
9 643827369
9 544450974
9 692379814
9 47593485
9 10000009
9 450707934
9 497868943
9 610241709
9 720222509
9 926325393
9 812375907
9 722306579
9 245606968
9 359775489
9 994644080
9 314806709
9 68194240
9 242506519
9 547799665
9 228941586
9 526514649
9 840690014
9 661140469
9 954661015
9 836429296
9 55748090
9 832444829
9 379961217
9 146847729
9 759610974
9 954553483
9 898353715
9 948845705
9 193859761
9 827583829
9 745560109
9 511855679
9 102577894
9 376912427
9 860395222
9 613044809
9 142499666
9 271222789
9 267101339
9 640168149
9 895485356
9 17982993
9 57949868
9 898848888
9 754410889
9 680873779
9 595031420
9 473124389
9 205518619
9 322770619
9 948809074
9 231228759
9 643137179
9 927370754
9 977738473
9 335000295
9 187430629
9 856774849
9 469846717
9 42764439
9 975652283
9 461500917
9 139711614
9 989408844
9 34183749
9 262429875
9 303593392
9 714931830
9 770014419
9 453362779
9 601624991
9 176737169
9 406202079
9 239612384
9 970128532
9 391017809
9 225976512
9 852671039
9 931989131
9 817934316
9 676803739
9 750759483
9 446384529
9 439854825
9 467948087
9 256178960
9 387497052
9 76729376
9 257794312
9 968432618
9 695925371
9 303559
9 572441449
9 379979308
9 478280819
9 280909147
9 624894848
9 936190285
9 896098457
9 584736499
9 654839167
9 920304833
9 518300729
9 345372097
9 878133439
9 276416439
9 522463093
9 576773069
9 630908244
9 418915422
9 710844709
9 290917116
9 711101689
9 842656859
9 967805993
9 249512036
9 783052339
9 607329652
9 341614594
9 132258449
9 503028229
9 963682199
9 431628589
9 977992050
9 352105809
9 556217191
9 324585549
9 231143749
9 53956947
9 364136389
9 382095019
9 505753398
9 743880039
9 28126129
9 606918980
9 590483630
9 88689466
9 2479614
9 488653789
9 11916960
9 299377808
9 895525157
9 773773819
9 385943456
9 487505269
9 86911930
9 55314159
9 366424908
9 625117669
9 246090249
9 705292038
9 896200191
9 106761948
9 674908606
9 496363435
9 506077549
9 493100921
9 826759314
9 429919223
9 394894848
9 165833495
9 132205059
9 480470059
9 705003759
9 76803839
9 83534769
9 770297106
9 721723798
9 406855589
9 965257725
9 129701816
9 216290683
9 970271775
9 696105534
9 476394023
9 83255479
9 317709909
9 957819609
9 758147409
9 927675126
9 374706589
9 609723927
9 874456839
9 608076619
9 156109689
9 919696809
9 945060863
9 199449956
9 302190440
9 710866179
9 717408239
9 668510549
9 718752319
9 773316789
9 284765469
9 911339624
9 755227369
9 30931808
9 841360509
9 8288939
9 286683819
9 405840739
9 514816479
9 618716639
9 285237679
9 261978123
9 789036778
9 283461893
9 769643158
9 685481709
9 16653149
9 936235212
9 152173089
9 160375893
9 208888049
9 646842789
9 164690699
9 391513821
9 764304409
9 163063589
9 393497596
9 250950795
9 885148919
9 107461409
9 40022953
9 193023637
9 443175069
9 862344913
9 837526189
9 547952916
9 754585539
9 955932299
9 963672362
9 559684831
9 777529588
9 364981608
9 737693072
9 668802259
9 884113639
9 675999547
9 872383229
9 391922829
9 442544629
9 50481009
9 344413339
9 633332091
9 667073039
9 937275642
9 71488491
9 766256592
9 912184186
9 881612039
9 74621389
9 861529647
9 739779804
9 302933481
9 539568660
9 522224449
9 165441249
9 419298410
9 227634239
9 923396035
9 841312819
9 829199824
9 13414639
9 812899752
9 789771192
9 986169454
9 559719829
9 941589078
9 152516659
9 543343971
9 665603269
9 210729585
9 765594699
9 289483581
9 299138835
9 366170249
9 540316309
9 400121496
9 793380538
9 99244472
9 423649573
9 99313576
9 122230019
9 807116915
9 297479636
9 543180972
9 276616955
9 873650519
9 908962285
9 388315749
9 306362049
9 747482629
9 762672409
9 891905571
9 996121683
9 405679310
9 174901441
9 686791992
9 832394438
9 448956205
9 642401149
9 357212639
9 715381249
9 375518990
9 752486879
9 446668379
9 833835959
9 378397186
9 141566609
9 765256139
9 728631936
9 337580139
9 722743985
9 759307233
9 167540409
9 112037719
9 589111044
9 433804039
9 431711209
9 752272493
9 412806829
9 145296792
9 431513549
9 579459972
9 7704809
9 958035448
9 336606809
9 929543657
9 621636119
9 76842489
9 727850439
9 382065089
9 464501309
9 930707813
9 565577697
9 898737667
9 37174729
9 907806212
9 572996929
9 19777003
9 217475379
9 299600210
9 756860409
9 291327304
9 428997247
9 92214268
9 836662900
9 191942142
9 922269829
9 597307625
9 301563229
9 760801749
9 845323559
9 496773205
9 401955711
9 714794202
9 962894613
9 828373839
9 514367769
9 80329863
9 151032609
9 255246739
9 167941495
9 884675937
9 358304319
9 575102359
9 337771889
9 650626669
9 783445039
9 789703093
9 938077549
9 301314389
9 293257307
9 254473259
9 855868609
9 481761519
9 768628659
9 465565219
9 205192254
9 110498870
9 885151191
9 781627859
9 39729715
9 660563908
9 251396542
9 194673579
9 653862059
9 665815039
9 55742859
9 392188176
9 590395966
9 721847029
9 32466709
9 354002229
9 840854189
9 135893133
9 686451992
9 940035672
9 609061998
9 480687449
9 839814457
9 740112569
9 765528229
9 337299188
9 480086749
9 377609128
9 851471049
9 671260849
9 695150263
9 451944221
9 508983940
9 182242739
9 57961546
9 83893944
9 473391593
9 863005319
9 304328789
9 399475951
9 496371299
9 196687121
9 997791105
9 253195567
9 327067290
9 187583559
9 195680362
9 884729231
9 308460629
9 73906982
9 118274629
9 619265017
9 297128486
9 174682749
9 528338079
9 342107389
9 928943132
9 384988990
9 156506937
9 951013927
9 664058569
9 770156889
9 232426189
9 757473129
9 221866294
9 455904762
9 749299191
9 774135596
9 127379077
9 78892158
9 217608955
9 210499818
9 508589362
9 478766049
9 185544938
9 300989298
9 966547443
9 871758249
9 267280493
9 262315944
9 566805589
9 608097449
9 600173269
9 471682659
9 308030819
9 301682269
9 47301049
9 879523517
9 558259675
9 837387954
9 12234729
9 144451189
9 52342925
9 35175579
9 695990399
9 492543251
9 775551978
9 286195068
9 418759038
9 565556329
9 90088708
9 588841579
9 8590493
9 859598465
9 730801619
9 991955386
9 424566089
9 795654149
9 39659477
9 77940075
9 411384269
9 212875809
9 978519361
9 595521418
9 489952083
9 786876139
9 898035848
9 537134519
9 833885849
9 12871669
9 415645975
9 704808039
9 997070363
9 989451962
9 89769283
9 727650859
9 526530739
9 463350349
9 515734149
9 514506795
9 580636029
9 968135755
9 694758533
9 403149253
9 523461926
9 732052129
9 499053080
9 131703912
9 916602723
9 610824659
9 81667729
9 586876259
9 30793390
9 278853439
9 825583519
9 971931130
9 437849231
9 920421005
9 304963877
9 725295603
9 335140419
9 81791895
9 791911874
9 4761096
9 11944281
9 981228541
9 600116159
9 919118294
9 5451469
9 10814930
9 153043719
9 689568275
9 278146689
9 915038117
9 593453059
9 959602484
9 610089896
9 539389411
9 343773259
9 922540837
9 62213469
9 185204419
9 323380639
9 252777189
9 352377960
9 19870324
9 664883149
9 184944699
9 208311319
9 831390322
9 255493261
9 670651819
9 915271027
9 865081769
9 262831379
9 577208839
9 194805733
9 856183059
9 701370389
9 381181319
9 139717291
9 496710213
9 808739761
9 764681469
9 751708798
9 285427129
9 848229338
9 760833409
9 843196347
9 650124947
9 965864311
9 454314393
9 15470209
9 960988274
9 504726369
9 420985627
9 949466695
9 934910843
9 378248529
9 18818079
9 867517719
9 276694980
9 486752569
9 87190387
9 25124059
9 571032789
9 116937098
9 853409434
9 731408689
9 158112539
9 631952789
9 949761525
9 265290320
9 170490793
9 823492188
9 819528959
9 513370729
9 674604169
9 776851769
9 371363792
9 140785249
9 159220401
9 947317361
9 84494785
9 568437849
9 159877545
9 663979267
9 200130449
9 47425419
9 254409528
9 759818597
9 754186749
9 108662669
9 775019925
9 415430669
9 22360969
9 803524529
9 812438739
9 70825397
9 259289468
9 221357719
9 502876049
9 181124879
9 330755119
9 256957221
9 756207697
9 509309594
9 430348839
9 623596676
9 145989600
9 225482769
9 962288964
9 909212608
9 52945268
9 447400189
9 47139878
9 809645622
9 210897664
9 571492208
9 686085319
9 405201759
9 981422494
9 158409208
9 753633109
9 597763648
9 226471129
9 304462509
9 971667460
9 80936374
9 676727419
9 594137693
9 85865729
9 908183112
9 298058806
9 193728669
9 171355509
9 588384059
9 408261289
9 434684019
9 863698439
9 353142549
9 903408822
9 188106359
9 929988903
9 766950203
9 371696902
9 79884217
9 452178169
9 367401379
9 502271429
9 986229608
9 256297069
9 327418779
9 604812903
9 608482379
9 471847119
9 42210219
9 153978444
9 486807819
9 403363394
9 768667339
9 744943664
9 628002759
9 64170889
9 565864392
9 867174839
9 851432669
9 497065523
9 533142329
9 582655659
9 305927395
9 766758859
9 754371779
9 28202944
9 584502709
9 749417938
9 748603119
9 34971003
9 49991524
9 529996166
9 932431878
9 247208269
9 481563409
9 944270732
9 504027790
9 533331934
9 464969663
9 227368009
9 179749541
9 763357219
9 55642619
9 546167009
9 498928507
9 151950003
9 401187049
9 513442389
9 716187959
9 551722469
9 771599647
9 264602129
9 556286269
9 567904540
9 463767799
9 802603609
9 167012759
9 276026859
9 91630436
9 133478490
9 290287497
9 25576159
9 659895258
9 151000809
9 723402049
9 350227439
9 451130459
9 784933131
9 202263499
9 179718537
9 972215765
9 97206327
9 36552179
9 757522879
9 747039435
9 386006849
9 360335889
9 725087079
9 115546239
9 585084869
9 7699363
9 78254295
9 330352892
9 516898743
9 359348704
9 130133169
9 278794693
9 892296624
9 939882424
9 544170729
9 815115961
9 54879236
9 119480826
9 136934094
9 828014259
9 267823695
9 945930135
9 813148209
9 784373039
9 803348409
9 176092351
9 938918637
9 195602069
9 790846269
9 788161589
9 617085709
9 669573782
9 427727970
9 62628309
9 320995853
9 822394118
9 303691239
9 940358029
9 944820413
9 139620026
9 417707509
9 749252294
9 309926924
9 154668699
9 281671649
9 116516729
9 434409593
9 95699303
9 372420944
9 139370681
9 372210209
9 598879332
9 361163729
9 282424922
9 976643408
9 737641629
9 989835949
9 842297941
9 741075819
9 672123089
9 876992686
9 920214058
9 81781769
9 91038527
9 80733903
9 946162142
9 877342689
9 953288726
9 279628637
9 191047531
9 78918457
9 705398526
9 369134115
9 253206869
9 617029827
9 721043829
9 715663729
9 896310586
9 797312738
9 349937657
9 352613759
9 510102829
9 941764528
9 213505819
9 797857768
9 635415859
9 574206529
9 845942446
9 420978974
9 81180619
9 357971676
9 231887999
9 206740439
9 31758829
9 893900840
9 555381928
9 696946298
9 235771019
9 397739667
9 388881219
9 344614940
9 972176674
9 112592631
9 260660249
9 520843219
9 853447029
9 40157789
9 322364097
9 955515614
9 579446145
9 425547947
9 948087998
9 934567798
9 997728826
9 700969227
9 147112379
9 285479428
9 725731729
9 230832569
9 800423019
9 810850983
9 659366291
9 212967113
9 194042397
9 367540239
9 347816559
9 290163626
9 942274355
9 349944070
9 44242109
9 828622019
9 249480622
9 273570849
9 3595980
9 876852069
9 971916114
9 291899966
9 921060112
9 515919981
9 845986464
9 749752545
9 38443239
9 123644379
9 377972255
9 61617899
9 446453029
9 585097376
9 855157594
9 621152809
9 420985815
9 200006189
9 984340464
9 688331259
9 730610379
9 143727559
9 862249019
9 357540159
9 519806544
9 647209285
9 117089646
9 609308752
9 74070009
9 948338448
9 842063819
9 693571380
9 406316496
9 763183529
9 529164420
9 202327029
9 769363986
9 298363741
9 257335529
9 979639704
9 158889294
9 648381829
9 386404019
9 615336955
9 963611404
9 340392684
9 304587319
9 403116908
9 72361049
9 965679499
9 140124219
9 894134373
9 401725269
9 539147511
9 665246149
9 875770149
9 18885189
9 925491088
9 836439644
9 823034159
9 687603396
9 141601849
9 483798592
9 238905748
9 190034881
9 953411312
9 673777819
9 370999967
9 721989001
9 41378869
9 176204189
9 33861129
9 569622473
9 633310419
9 670165890
9 592175472
9 349977111
9 754957293
9 603039980
9 13599750
9 543921114
9 856783059
9 172539331
9 17058079
9 533370906
9 784188789
9 956154379
9 364360391
9 275159844
9 964450493
9 279469550
9 831986418
9 885895022
9 471087019
9 230659058
9 68661359
9 460462469
9 215662029
9 222787749
9 882829462
9 732186319
9 775488049
9 336278839
9 343518609
9 634969607
9 766037859
9 377311819
9 86835689
9 653732259
9 942705919
9 116835809
9 790294007
9 286110009
9 813596333
9 463914399
9 250058539
9 361171492
9 513835309
9 83407069
9 560618219
9 882428869
9 235143379
9 132989909
9 562428109
9 923006010
9 989181221
9 286587359
9 75929975
9 855065239
9 151472239
9 548271419
9 345554509
9 717903159
9 926574371
9 995187291
9 307189885
9 697608082
9 442248198
9 386610389
9 140326629
9 239342756
9 533410349
9 147892247
9 181360529
9 733461809
9 73127009
9 378324369
9 713632918
9 72986417
9 424215309
9 416046769
9 261364069
9 898694884
9 394844567
9 55009320
9 190560178
9 588204349
9 24025179
9 359585044
9 237596659
9 257797912
9 177671479
9 904166531
9 244059188
9 754223529
9 904677292
9 4054794
9 126669949
9 675578539
9 290533884
9 216750459
9 725376049
9 395124141
9 430298255
9 229516096
9 731162398
9 555254529
9 646109180
9 184897032
9 748261169
9 190198535
9 263927249
9 516061659
9 121405539
9 493104995
9 793963878
9 38552829
9 900690927
9 653741894
9 471150679
9 688413059
9 344697348
9 862669437
9 41591136
9 99182255
9 819864280
9 106342792
9 338365219
9 648460879
9 454304229
9 668939162
9 982639405
9 954801062
9 299369066
9 799719808
9 851121639
9 614868049
9 696942036
9 51731139
9 700145069
9 744502079
9 819973609
9 525414859
9 25963123
9 528157926
9 343045529
9 390762764
9 14604799
9 610312679
9 875830459
9 332432039
9 436801569
9 521490415
9 619065767
9 49431195
9 941375234
9 967054284
9 399643952
9 116628379
9 271500975
9 334531399
9 928898583
9 274980451
9 81044659
9 157006590
9 921363289
9 907060461
9 729201422
9 813427459
9 501807098
9 302037935
9 359626399
9 531073920
9 149838264
9 399697941
9 884770249
9 398949785
9 816533769
9 435985654
9 705255749
9 282167019
9 167832609
9 163893093
9 336246519
9 188132449
9 121158923
9 446353981
9 271756009
9 158591590
9 903355364
9 82112269
9 152650940
9 156082987
9 106223069
9 189153458
9 965536828
9 687882900
9 613939067
9 350288619
9 698188898
9 126335249
9 89630404
9 714704829
9 91145343
9 883638229
9 943449983
9 436948672
9 697346793
9 199433103
9 62356169
9 694874814
9 82875792
9 227114289
9 10002692
9 595196336
9 300624859
9 640345849
9 753088669
9 655888489
9 740798357
9 855297718
9 378617759
9 197234114
9 465678689
9 257637119
9 573436339
9 166151964
9 11126980
9 786295981
9 710618219
9 79606530
9 107645609
9 280503739
9 539542515
9 58221349
9 606052639
9 369336492
9 707677409
9 545696537
9 766568896
9 242310559
9 507238439
9 335841289
9 984770700
9 955395576
9 487935207
9 603225790
9 391851382
9 651070769
9 875330079
9 988467959
9 753910750
9 282351669
9 620803329
9 202828490
9 214901594
9 935314844
9 301944881
9 833849396
9 305567469
9 850193938
9 824396104
9 314935833
9 758855972
9 805443169
9 115938712
9 501510219
9 711184349
9 720356910
9 58881089
9 546453985
9 57298464
9 749656269
9 794293413
9 762094808
9 858951436
9 232097971
9 4988938
9 754562509
9 678443439
9 6468149
9 326086984
9 479651568
9 249718085
9 851338129
9 31981020
9 393915325
9 207483940
9 778977536
9 819848350
9 240582649
9 224317029
9 977189725
9 616852109
9 767852839
9 488676914
9 504050849
9 138939124
9 269154752
9 120661639
9 233713519
9 908915896
9 823337049
9 563595959
9 579336462
9 275444779
9 59791916
9 816786489
9 213975067
9 338160609
9 475299930
9 728400549
9 225299040
9 174112139
9 53104569
9 308667269
9 884078159
9 100000009
9 29062229
9 911418367
9 819718369
9 237527239
9 875834829
9 588802109
9 765812579
9 404019582
9 721260439
9 424713779
9 449431177
9 162981251
9 658951142
9 713389188
9 783036569
9 753094977
9 795294497
9 716620934
9 683661219
9 610566039
9 772947557
9 311599655
9 83694818
9 355051769
9 949947659
9 488597103
9 711892737
9 115902783
9 70679812
9 283070659
9 538777975
9 901225450
9 19451129
9 443679012
9 187417709
9 198890576
9 203623079
9 24621093
9 846836329
9 208183369
9 981612485
9 577119092
9 326097756
9 655780019
9 435211059
9 941190998
9 544350693
9 678931919
9 101058439
9 111640779
9 728340779
9 243505769
9 914399918
9 272424559
9 216984269
9 942338560
9 924221933
9 955457318
9 916021524
9 685283519
9 900380807
9 819907720
9 381430149
9 18323779
9 990251406
9 806670298
9 69836304
9 661409854
9 527279838
9 16048091
9 38251819
9 283017849
9 644631439
9 293116466
9 569784817
9 752163269
9 284555669
9 518827579
9 514974085
9 196670219
9 863999232
9 891145558
9 251354819
9 35236229
9 260347559
9 159314151
9 981028656
9 70602497
9 542917343
9 394335923
9 938081433
9 94731235
9 578244796
9 101870839
9 554981799
9 130860916
9 443180689
9 886518968
9 888992390
9 993873568
9 498159900
9 602787692
9 592990132
9 550995946
9 221272209
9 301184891
9 51780269
9 971508602
9 143942799
9 779298097
9 953828422
9 596820323
9 782717659
9 834686219
9 179508645
9 470592786
9 123649427
9 157509358
9 125004379
9 163136597
9 563030079
9 818915586
9 92479776
9 96230264
9 541814977
9 387132589
9 747111159
9 491812486
9 169567049
9 966305166
9 704529144
9 914170683
9 370831279
9 328366669
9 773936043
9 521521069
9 816024709
9 521246908
9 121888619
9 247566019
9 856952129
9 98240101
9 285959278
9 894609344
9 776413169
9 97369872
9 295844239
9 919672362
9 252489106
9 29517555
9 38381529
9 939122165
9 827528169
9 349420039
9 113598167
9 184290617
9 701927470
9 686944404
9 885245559
9 305463709
9 959969162
9 627944855
9 291857737
9 321815159
9 137948771
9 193888162
9 120872849
9 665440519
9 932444650
9 407820289
9 906861802
9 64400669
9 252174659
9 431085619
9 335771239
9 440419201
9 952972710
9 955655364
9 828421829
9 944416834
9 957469251
9 914778656
9 175307759
9 144658990
9 394840011
9 909452784
9 543133993
9 427268249
9 551596150
9 923165710
9 440224629
9 469059764
9 103660359
9 443277359
9 987493976
9 905375709
9 123558679
9 186503069
9 788392257
9 576026119
9 167113219
9 591749204
9 182270779
9 87202259
9 364264981
9 189866107
9 654129813
9 375400809
9 881064869
9 777352790
9 480236429
9 267206619
9 842140729
9 969595152
9 671930419
9 952231041
9 48477809
9 197190699
9 124093203
9 202532159
9 422400935
9 247148009
9 763211549
9 215053629
9 43966872
9 687558619
9 522646489
9 332941645
9 752088079
9 185255897
9 664014995
9 642577469
9 814490034
9 799514147
9 535168269
9 434774489
9 149094623
9 187346179
9 169283093
9 249710670
9 701714229
9 592148737
9 642234819
9 988701065
9 217916279
9 97550331
9 542919188
9 87598918
9 779148615
9 770207449
9 268029797
9 600690623
9 279409759
9 52322569
9 717277509
9 699244870
9 709156757
9 942876892
9 579142500
9 679976160
9 46109620
9 215028902
9 867201689
9 676156579
9 409680360
9 434458059
9 557178309
9 390273324
9 975748705
9 841050249
9 996442023
9 688904129
9 911575065
9 812877379
9 335326729
9 249603586
9 856394092
9 561706091
9 976228838
9 459580034
9 314050549
9 290498339
9 678704419
9 961324985
9 249754499
9 976753441
9 383588961
9 796243870
9 757738619
9 209706109
9 64704369
9 134502319
9 568029791
9 68237926
9 826081789
9 847480289
9 100891120
9 875952465
9 389237516
9 284940570
9 427378489
9 848514809
9 752759511
9 699902214
9 288181119
9 304524879
9 960682396
9 308288159
9 352642759
9 818459172
9 47498903
9 393724314
9 434905478
9 592385346
9 55373691
9 50761449
9 788828289
9 330799251
9 37848589
9 647290873
9 741284139
9 719298516
9 677294504
9 97161606
9 630519782
9 556970514
9 908379553
9 216812619
9 275998577
9 144828539
9 5409306
9 916135468
9 90678777
9 829158042
9 350000709
9 577845579
9 254144479
9 558923791
9 230651986
9 522126239
9 63819974
9 233988031
9 78320569
9 262285539
9 364636459
9 188988875
9 22398176
9 920611803
9 808203398
9 801313739
9 732036049
9 318549890
9 426058549
9 203986176
9 78307739
9 581722009
9 213890189
9 410514509
9 272468649
9 885517409
9 998234182
9 591042282
9 846465759
9 807739352
9 364536189
9 159680789
9 106764948
9 983000875
9 222491442
9 804415269
9 435074192
9 819548911
9 948377131
9 142658459
9 1516829
9 620749660
9 754795527
9 421544992
9 668511079
9 648043379
9 691870693
9 374388479
9 928305522
9 589911554
9 778891141
9 666277149
9 280980123
9 511898857
9 628955102
9 367099169
9 502413589
9 763459242
9 126421639
9 687038594
9 646324497
9 325114389
9 823562879
9 148282749
9 682930498
9 566226915
9 602275059
9 251931684
9 577135679
9 805955689
9 290820498
9 719783954
9 841453379
9 305186589
9 989470791
9 442741419
9 730595733
9 720740389
9 692443715
9 683883928
9 534893538
9 344057879
9 306256339
9 212239510
9 675504319
9 289296393
9 869028750
9 108073129
9 451872769
9 72249382
9 522242009
9 612518729
9 349243900
9 942014150
9 72281219
9 936528451
9 281295080
9 756216249
9 616861309
9 603546796
9 624812129
9 674201849
9 226240930
9 470608609
9 743731809
9 337647159
9 719300411
9 556709533
9 277456629
9 248217911
9 770660239
9 541389971
9 369643549
9 258459325
9 162537729
9 867689057
9 566135519
9 427282935
9 382624139
9 485032189
9 686550149
9 22088519
9 673314797
9 256872119
9 396265486
9 339775330
9 934165085
9 366244009
9 496216387
9 801592938
9 791606402
9 491323217
9 181118709
9 869666652
9 368567059
9 890563684
9 279258112
9 261437079
9 244178029
9 499288048
9 82932878
9 183738459
9 688493609
9 196694827
9 788866549
9 708250379
9 934149877
9 237238059
9 673586259
9 387963955
9 563305129
9 597648855
9 210692282
9 372500149
9 551912690
9 733937365
9 44375379
9 865397353
9 4969475
9 319057358
9 427814950
9 584464449
9 344164539
9 350173279
9 524848579
9 183937220
9 108072729
9 527345291
9 500089032
9 443252459
9 404186935
9 65338739
9 125581879
9 801370759
9 946169342
9 172114193
9 98391214
9 508446689
9 352146945
9 876929162
9 169851414
9 324704129
9 409394874
9 246667809
9 546945273
9 766048349
9 6644409
9 272650759
9 455626239
9 766754599
9 980331068
9 584962148
9 389204350
9 58001559
9 138969054
9 294490681
9 631624029
9 154261139
9 831897484
9 784160549
9 316478679
9 52103349
9 860005966
9 278075379
9 262468549
9 29695206
9 421643479
9 614340329
9 468979317
9 222680429
9 758486469
9 604377629
9 481030819
9 929727895
9 393542537
9 963606085
9 876930778
9 533909651
9 344056569
9 849385769
9 707171379
9 154272659
9 36468229
9 832365229
9 691258093
9 642198754
9 109081802
9 425447769
9 442849150
9 378644369
9 620605659
9 854334389
9 965785696
9 615079397
9 989566233
9 457628659
9 277787769
9 989000205
9 733306539
9 553710539
9 218610490
9 286468189
9 372373491
9 762872109
9 457401697
9 808792592
9 230594399
9 48215689
9 959090652
9 896182032
9 517129138
9 402439353
9 707583964
9 569997825
9 962804605
9 422779302
9 689915674
9 808660629
9 106284169
9 686785859
9 728723649
9 161023219
9 758311049
9 366293769
9 597046454
9 367632759
9 50087079
9 167153449
9 526689056
9 600651349
9 599095586
9 787234493
9 943824904
9 3789886
9 984122017
9 650274599
9 641966374
9 826333819
9 216542796
9 719821062
9 705413907
9 590436253
9 133832429
9 895231853
9 336298104
9 957925956
9 592765590
9 740819927
9 41628229
9 976776280
9 131053039
9 269805317
9 567077699
9 818754279
9 897360044
9 412461779
9 719116059
9 315037429
9 32473069
9 139350189
9 206532009
9 428817069
9 877698321
9 52287319
9 845978813
9 723781589
9 905204359
9 289928222
9 911340968
9 316629852
9 718923545
9 894171503
9 361540819
9 995520395
9 809572871
9 150057249
9 222445889
9 868290766
9 458776529
9 349726458
9 511686889
9 740197967
9 216182494
9 232102849
9 720965532
9 583072169
9 779703239
9 366922264
9 5696883
9 61086109
9 75730889
9 439927069
9 510321779
9 200842849
9 464788239
9 641285489
9 870745049
9 929165103
9 442883419
9 401231910
9 807713549
9 512523119
9 437948788
9 457316699
9 126974771
9 684878997
9 74522709
9 444478749
9 748101219
9 147676209
9 179039747
9 44136659
9 333197354
9 496793398
9 584915004
9 18894893
9 537709420
9 297867964
9 407475992
9 454051913
9 309659024
9 212773279
9 395876911
9 787086339
9 655766869
9 995471578
9 574026079
9 67458519
9 391509357
9 893954570
9 863586329
9 988584242
9 652010916
9 912347563
9 131548292
9 986946070
9 59252218
9 193701729
9 190450844
9 110520859
9 908898471
9 216609839
9 320500209
9 978204140
9 770180509
9 351829020
9 249758253
9 870604289
9 174444349
9 158301539
9 60443339
9 571409998
9 316694182
9 74558229
9 797226028
9 494740769
9 854779836
9 878273914
9 94016668
9 379625554
9 486417819
9 427279892
9 613830975
9 947273838
9 90830478
9 861693646
9 783363559
9 258814879
9 608153689
9 782600579
9 964553627
9 755897267
9 228501319
9 400568539
9 480473439
9 38943410
9 354534469
9 239335634
9 94365692
9 739325036
9 460798840
9 638551790
9 548761009
9 328457559
9 274379595
9 411039694
9 844527509
9 46330169
9 716880309
9 199576859
9 576405019
9 194643330
9 974048583
9 974747662
9 967630502
9 125777139
9 244027059
9 985935043
9 823876689
9 999851694
9 377020519
9 263178900
9 168353479
9 215479206
9 887333849
9 280961897
9 292592889
9 530321029
9 993445720
9 96380975
9 854564209
9 69839327
9 188404659
9 478112729
9 749883557
9 828870769
9 915225712
9 150501139
9 297619444
9 981476655
9 723360439
9 903551254
9 715272269
9 952761892
9 986721278
9 445078593
9 224397231
9 317811968
9 759503530
9 180729841
9 784583944
9 722529253
9 21968910
9 252520419
9 474208915
9 935058770
9 233057269
9 139294050
9 358325539
9 820527809
9 364323449
9 667067935
9 148694340
9 732469252
9 396653018
9 40848900
9 970418331
9 851698415
9 437226459
9 68478789
9 845752489
9 254771769
9 474111927
9 775606709
9 736483494
9 438582009
9 29689794
9 964131445
9 190704960
9 23459950
9 813819203
9 931589342
9 306840109
9 909001439
9 17421339
9 265900251
9 663701569
9 865825759
9 804090077
9 285009406
9 802548549
9 212902145
9 473596097
9 407920098
9 225983849
9 16328239
9 624027579
9 444911519
9 897387075
9 182736879
9 249634841
9 260015739
9 458888119
9 514831910
9 84082729
9 760768996
9 465184219
9 943052557
9 998131121
9 157206905
9 238041669
9 589146731
9 980474405
9 57098618
9 376904910
9 711766439
9 633127329
9 573709396
9 625968323
9 251120669
9 385599866
9 491979326
9 269094180
9 537812479
9 556334769
9 617653459
9 281279069
9 371199935
9 478883379
9 313015539
9 677114359
9 415059311
9 431414859
9 376343498
9 100009
9 108131319
9 165533059
9 294777374
9 38521999
9 78099521
9 421481419
9 939066282
9 471146996
9 276410619
9 267368119
9 414502779
9 276615259
9 826432149
9 877077279
9 317646319
9 15018179
9 639871381
9 10446097
9 524983453
9 171922419
9 866764479
9 857000349
9 155346479
9 351495018
9 395835006
9 891340069
9 708418629
9 700980612
9 253332259
9 377796032
9 437896293
9 492471202
9 229308834
9 175134589
9 171318659
9 624817739
9 223234249
9 617385319
9 200827809
9 116689160
9 896593787
9 444595527
9 676843429
9 182065289
9 191005180
9 162334039
9 999884526
9 96477887
9 137986586
9 817172329
9 799885161
9 473636209
9 175492425
9 610441369
9 164481489
9 912122940
9 299973684
9 755693347
9 525050869
9 624264479
9 83269957
9 597681738
9 414803629
9 908005889
9 415317379
9 585644489
9 179771634
9 264842469
9 568439866
9 932477998
9 438245639
9 109039136
9 107483942
9 34133912
9 574541279
9 476413629
9 589163788
9 242056689
9 719526187
9 341606049
9 56197159
9 19454813
9 146350009
9 250335089
9 602702129
9 812627559
9 368002889
9 985263806
9 33488159
9 696614171
9 362015119
9 605815969
9 642190285
9 661530789
9 997416026
9 707417689
9 548392310
9 323640039
9 590072015
9 66292331
9 10203709
9 247709267
9 259706884
9 647779335
9 251509521
9 326271239
9 45462299
9 545927592
9 178184459
9 314831159
9 475775893
9 36457069
9 78887329
9 523983977
9 293547619
9 637973970
9 704496390
9 643974645
9 776936838
9 27000329
9 474523960
9 100730709
9 532768779
9 989496595
9 841111379
9 3704859
9 133164239
9 134831029
9 61234769
9 547238769
9 403944828
9 857512293
9 660911041
9 317827089
9 640397543
9 293246127
9 111176973
9 284870369
9 953634681
9 156887197
9 548530479
9 296658139
9 31429764
9 293127557
9 4308409
9 732878935
9 619917430
9 246180900
9 374620759
9 681984757
9 928319920
9 977488397
9 104138749
9 30310749
9 867081859
9 212069033
9 769610894
9 406501149
9 18397880
9 914682809
9 475434791
9 977256630
9 685184977
9 976769364
9 381016659
9 159767158
9 649526874
9 829187731
9 64006964
9 182255049
9 190318940
9 650354962
9 77126491
9 480710769
9 466374609
9 326568519
9 440696304
9 417342965
9 324854349
9 870211129
9 246787982
9 305662099
9 121008319
9 462346419
9 498026193
9 788925052
9 417276359
9 155160609
9 250375129
9 229028151
9 722843419
9 887426839
9 204501659
9 547808659
9 234963784
9 922971005
9 301512689
9 953122104
9 563256906
9 137959170
9 632536937
9 374841459
9 106422249
9 66996646
9 322274956
9 101179039
9 395979448
9 139380002
9 419872913
9 341817849
9 27446289
9 344533189
9 594997019
9 268954546
9 252490621
9 284186669
9 506393245
9 41963941
9 681517449
9 662662229
9 767725429
9 648633494
9 584357719
9 250012069
9 506228519
9 454476559
9 176105769
9 115451946
9 988116635
9 523969869
9 87320239
9 577273429
9 35111769
9 84542894
9 259911082
9 344139034
9 645694458
9 382326900
9 720456759
9 502091247
9 999957679
9 842925783
9 355539789
9 50984746
9 678456869
9 958141320
9 674758935
9 108050609
9 528159021
9 637229160
9 738820029
9 332343489
9 332668719
9 633927461
9 310588349
9 623056099
9 738232169
9 641932408
9 698266386
9 224766159
9 894827855
9 356310659
9 325850219
9 244111549
9 897025347
9 25617529
9 245781397
9 940789798
9 126431991
9 225006591
9 844462579
9 598010343
9 478120519
9 806643089
9 672156039
9 699765522
9 580789917
9 693036595
9 521380119
9 975194014
9 495124936
9 760718529
9 65555935
9 880616539
9 276151819
9 418767859
9 883920266
9 534086509
9 232068159
9 188870902
9 295552618
9 833046659
9 613499869
9 313436249
9 429365166
9 214521259
9 563880819
9 937307373
9 803197689
9 13286259
9 990012683
9 787474469
9 154370937
9 873880039
9 663633913
9 609960712
9 921643888
9 833663709
9 837655349
9 907266116
9 388654439
9 511916907
9 931435193
9 814827729
9 326493698
9 279961256
9 945274270
9 528588879
9 820224098
9 918464013
9 813596026
9 742369109
9 408279827
9 326028579
9 511755549
9 642548779
9 447299861
9 956486023
9 354824789
9 557447954
9 208010789
9 160599507
9 264709384
9 883793979
9 117542991
9 608456579
9 736765094
9 16430749
9 394477604
9 900712094
9 11203059
9 534817940
9 881522719
9 186876159
9 510115679
9 246771889
9 959112737
9 902291830
9 55908763
9 557617529
9 538409223
9 765732769
9 388068279
9 983721744
9 563940751
9 379227172
9 274160992
9 416810039
9 398450008
9 474206879
9 130880039
9 747511529
9 667699947
9 459645246
9 293055376
9 732751490
9 104606429
9 452256279
9 619271967
9 855794124
9 424223409
9 493528280
9 601052689
9 990079627
9 891326408
9 318541079
9 286194329
9 816237989
9 963360382
9 907885734
9 300529476
9 127018859
9 793716351
9 853503269
9 16429570
9 395060437
9 814457769
9 605878491
9 719746184
9 37628069
9 709458586
9 40968554
9 604363779
9 887781539
9 440782409
9 829974291
9 289101257
9 966356556
9 109239876
9 461642149
9 481494282
9 734380079
9 233515919
9 935726708
9 10572389
9 92506753
9 803856990
9 532323609
9 644248539
9 875817339
9 138257279
9 573742869
9 701296595
9 305134598
9 663938233
9 362364389
9 830721729
9 937866474
9 882182389
9 214558819
9 850050689
9 406079321
9 789392152
9 877520379
9 569843117
9 167365659
9 446870069
9 527016169
9 53456990
9 501061469
9 715587769
9 603105639
9 78615029
9 15293540
9 648192053
9 698655339
9 609497830
9 573294507
9 843456509
9 161232649
9 367589235
9 510470649
9 671755669
9 70400987
9 766423594
9 340942232
9 464584369
9 80843669
9 456057859
9 677968976
9 535753519
9 817393201
9 852904208
9 480994497
9 803922219
9 622940482
9 539478991
9 752205598
9 918853462
9 993335962
9 8223769
9 251797902
9 771952539
9 753174609
9 224684923
9 625762449
9 482575269
9 964328083
9 49275166
9 820763729
9 258153259
9 73722129
9 740360962
9 376432696
9 936609839
9 568332189
9 813058609
9 417775049
9 559951802
9 16756396
9 288826029
9 939084621
9 491180148
9 441445319
9 277804539
9 776867159
9 681265079
9 442961879
9 982280172
9 563441439
9 84979005
9 938812845
9 975878558
9 460070859
9 224267159
9 360806439
9 164219272
9 796331948
9 5691832
9 619625786
9 905375585
9 145605129
9 572375609
9 73765509
9 881922268
9 362399689
9 988492936
9 704174975
9 413015099
9 327565349
9 904247661
9 218650169
9 843095240
9 59720987
9 164337494
9 45653759
9 381359282
9 774518039
9 374466649
9 271937917
9 272970356
9 194545729
9 564793516
9 136539223
9 213638409
9 181483492
9 584060976
9 400300729
9 947148497
9 726412429
9 622630339
9 526926597
9 578615790
9 286142933
9 110798839
9 673528249
9 707165945
9 880824279
9 345987607
9 152218980
9 246324749
9 637065969
9 805928073
9 19920284
9 757743709
9 608878179
9 800579318
9 3709092
9 212395013
9 204142879
9 38448679
9 254279399
9 8285479
9 772791209
9 430301029
9 208834329
9 289749848
9 218768239
9 712557829
9 186131829
9 609251509
9 490690543
9 932794573
9 201440294
9 659099651
9 249462142
9 980478030
9 97836773
9 939588396
9 407116910
9 597202736
9 70216359
9 917174013
9 383765290
9 194170512
9 353420129
9 630855393
9 372639546
9 904072360
9 476918322
9 238035809
9 683448149
9 994450110
9 60448219
9 697431151
9 282973003
9 456573669
9 167523689
9 35918792
9 849914834
9 375463859
9 396114530
9 285836439
9 612423896
9 104144029
9 861489876
9 644064129
9 856937101
9 248884889
9 97214139
9 915161843
9 542129522
9 935768544
9 752656419
9 436913826
9 592503760
9 87243029
9 592870197
9 923453592
9 94154135
9 830904581
9 791883606
9 918819336
9 421060579
9 261883269
9 162892978
9 484469211
9 501184019
9 808545459
9 798800502
9 697959320
9 608284239
9 700238925
9 594882344
9 934397246
9 218344239
9 786076982
9 652940717
9 848805229
9 506151839
9 968733481
9 635364159
9 111957028
9 92160275
9 40178459
9 753304039
9 679293187
9 66949238
9 218886129
9 435536019
9 38258339
9 7828829
9 451578529
9 584948341
9 118697535
9 994354154
9 391505209
9 395185833
9 167776998
9 560508229
9 682168965
9 289582284
9 965351717
9 828460449
9 526362739
9 680735489
9 402308329
9 299141038
9 533724970
9 691673682
9 344038419
9 518695256
9 238047429
9 393807748
9 103414119
9 572584609
9 859878987
9 643809064
9 236160019
9 803600469
9 969780231
9 866578659
9 72506219
9 278794057
9 553101579
9 105577869
9 638935997
9 863159724
9 611420659
9 348535389
9 738148790
9 234250779
9 907787933
9 569407350
9 532909194
9 803909992
9 137168793
9 472334669
9 562804279
9 295835518
9 308088849
9 448270249
9 562831129
9 527590376
9 577480889
9 88939741
9 852992764
9 290334225
9 767922191
9 206368089
9 889430308
9 759728802
9 949116121
9 694435826
9 219436177
9 643991356
9 445969367
9 916871705
9 277792064
9 83310019
9 937276381
9 36356669
9 873881439
9 517435289
9 349018303
9 972709736
9 559086330
9 384046669
9 358712269
9 421283193
9 228804539
9 487650569
9 782861749
9 767239326
9 173182449
9 96751623
9 406701697
9 591326201
9 344035159
9 103199182
9 695889061
9 276724249
9 523303029
9 365930000
9 772144889
9 855668749
9 73504309
9 60517809
9 416721419
9 157445396
9 610286991
9 630775319
9 273788819
9 633762988
9 3032079
9 470169630
9 427601639
9 739277572
9 448814859
9 419013095
9 58033669
9 576047379
9 747856879
9 357381519
9 950283347
9 862484209
9 253672659
9 815380904
9 16053359
9 691847406
9 555799550
9 596343477
9 601522089
9 714396188
9 169971154
9 854062379
9 959854878
9 337357419
9 362516629
9 308585079
9 496444552
9 235564649
9 523697600
9 493713234
9 97642270
9 12588419
9 826587609
9 423160295
9 36691716
9 576981915
9 251451209
9 74686489
9 777641259
9 819544236
9 166375109
9 545144209
9 768672039
9 22142439
9 345190857
9 260401869
9 301033109
9 225396614
9 990168850
9 360253597
9 605341096
9 193939959
9 521395337
9 614501339
9 97690388
9 238772239
9 55527859
9 540357459
9 546534719
9 494731971
9 126129873
9 800417329
9 910061187
9 101765729
9 661718039
9 584277359
9 978157358
9 515788509
9 388750829
9 27459429
9 391520818
9 85407479
9 393346386
9 66882809
9 621462689
9 630232679
9 963910099
9 832543963
9 3515569
9 225036069
9 186587911
9 633477594
9 942755644
9 27625092
9 205371209
9 609996121
9 452205259
9 266998710
9 762495762
9 425082159
9 827757279
9 395342746
9 21240069
9 992184725
9 789296319
9 673462659
9 991313866
9 529070348
9 103944966
9 650613509
9 767694361
9 521177769
9 23013379
9 746984056
9 691563810
9 467927719
9 992592742
9 24555449
9 826070849
9 50732596
9 779934699
9 725779361
9 746597214
9 153673669
9 81396113
9 998199915
9 461363971
9 935464508
9 562437649
9 593596441
9 827680229
9 665913124
9 58640109
9 853553749
9 738983965
9 210099053
9 745123589
9 509843330
9 598704057
9 247942634
9 466125689
9 382123549
9 918820401
9 608288029
9 972162144
9 490229649
9 314224529
9 988818526
9 190437328
9 295496389
9 464682529
9 738918011
9 494421631
9 859049701
9 210173149
9 463665191
9 499569008
9 739062043
9 342286759
9 874275699
9 143980751
9 561186139
9 486349273
9 839456400
9 850265439
9 472325579
9 650303669
9 258618049
9 567191210
9 847708739
9 568990239
9 703080319
9 564969658
9 397258476
9 775639571
9 828533069
9 315498264
9 932437796
9 654971896
9 49713710
9 761826009
9 822599181
9 298990539
9 781892589
9 719646817
9 728692766
9 325918633
9 13101659
9 885664769
9 287533309
9 230952711
9 930882923
9 422711119
9 615182539
9 89054830
9 586604679
9 128462029
9 367494146
9 949400746
9 924375149
9 24775925
9 812164869
9 497813836
9 622159845
9 836594197
9 49217379
9 532789298
9 631695350
9 113258809
9 441959267
9 908328148
9 281681739
9 231572519
9 719317417
9 240797667
9 241075729
9 783406729
9 43105639
9 265717591
9 561531219
9 325332189
9 442334209
9 924618617
9 658672489
9 111108189
9 141649170
9 530810198
9 278318709
9 733920132
9 448986900
9 720065389
9 794606856
9 647434379
9 531645189
9 851774889
9 338810379
9 237164719
9 353887159
9 584765994
9 126790639
9 668412519
9 359277906
9 86885129
9 217426269
9 62087439
9 709324820
9 545172619
9 571440679
9 10741069
9 423857829
9 578702191
9 121901000
9 94383998
9 245216459
9 318456179
9 408249973
9 802544809
9 935485164
9 54961211
9 29883535
9 914884949
9 263300659
9 364937442
9 314941675
9 581921494
9 398538313
9 835766509
9 801807629
9 933643590
9 239002527
9 193423429
9 829373935
9 136770549
9 89369073
9 249287290
9 132705795
9 893440676
9 189824732
9 994663130
9 186079174
9 670174479
9 971754136
9 569987344
9 453412469
9 604914912
9 169578723
9 970366448
9 770151029
9 737799131
9 876816309
9 44656149
9 889007351
9 95997643
9 151486419
9 290847723
9 645767926
9 829670067
9 105144669
9 309955503
9 956996104
9 780507189
9 52834779
9 36060594
9 270707349
9 242227379
9 116198525
9 128664279
9 433899818
9 71283559
9 797603392
9 796218030
9 723171409
9 185392721
9 658176269
9 386290009
9 285892529
9 498857154
9 798701923
9 675485059
9 718876709
9 343609594
9 815762219
9 703376209
9 10000009
9 781979406
9 935387641
9 535289894
9 574366549
9 959671866
9 613446379
9 135673659
9 236541389
9 937008818
9 300005912
9 851141769
9 718043549
9 110213549
9 643989377
9 650309745
9 135724159
9 966883056
9 510102579
9 470219071
9 602128419
9 766831992
9 397861820
9 232091287
9 871033859
9 714127859
9 67084809
9 475274092
9 905059696
9 938270960
9 203345039
9 745994712
9 829512121
9 632095446
9 809007521
9 430865509
9 634169931
9 993743767
9 671790775
9 369125177
9 449082458
9 748543169
9 382378439
9 758596538
9 424934633
9 537187059
9 419526701
9 142756509
9 654543958
9 470272669
9 443612279
9 858814589
9 518094021
9 381375911
9 513712149
9 964958951
9 105780379
9 725866992
9 776384549
9 226187729
9 305439652
9 664152509
9 383577986
9 726221419
9 253607729
9 335229891
9 985267265
9 169459134
9 907632685
9 986884846
9 35211749
9 731833749
9 679321073
9 226227961
9 95917939
9 468963293
9 865360819
9 26160982
9 957920258
9 972305373
9 513877690
9 249674906
9 115118669
9 752308931
9 233542129
9 87289912
9 933270384
9 64207289
9 29638536
9 476698536
9 171357579
9 310378359
9 13523139
9 273090727
9 346797226
9 165340539
9 387619463
9 474506359
9 876516659
9 384814639
9 579293746
9 155978820
9 114736839
9 476900875
9 444126589
9 10465519
9 90842788
9 58776159
9 531537981
9 351614209
9 755439759
9 572769176
9 185410709
9 330994105
9 153775279
9 320481859
9 784994114
9 319491183
9 847604409
9 306183079
9 390237542
9 339163560
9 525671009
9 77313619
9 910147397
9 353502719
9 352653589
9 834270449
9 506041289
9 234208619
9 363531977
9 148579043
9 600341189
9 979493770
9 390510717
9 723002439
9 259160369
9 758966595
9 710189336
9 974776943
9 303055609
9 58953625
9 370461079
9 138951954
9 273464789
9 751821549
9 287406319
9 74943281
9 946693799
9 876317229
9 431634189
9 988793861
9 762965130
9 462206449
9 491370154
9 186712396
9 983886329
9 743523139
9 762213049
9 121991632
9 960008585
9 389040769
9 608344983
9 998059412
9 717052579
9 243072549
9 690637599
9 713242819
9 488418966
9 409086770
9 609165074
9 788086093
9 549763072
9 635666859
9 755164029
9 979249531
9 207138059
9 934638048
9 794787962
9 324076493
9 839142297
9 115914790
9 476182926
9 819145554
9 634251089
9 496240208
9 711066779
9 173312279
9 501818259
9 583248359
9 688070249
9 878797255
9 77837739
9 177198509
9 148528519
9 585990243
9 638255079
9 59912247
9 610829946
9 965421916
9 544010829
9 240142029
9 210596360
9 209223910
9 108544379
9 264361819
9 588970006
9 818138159
9 983636303
9 857285289
9 978708387
9 77135459
9 441639852
9 476713849
9 679314160
9 457086093
9 312993146
9 864643729
9 244492413
9 416184369
9 162640219
9 771962545
9 726413379
9 875162149
9 546988805
9 682707209
9 185955095
9 381734039
9 51683239
9 919814615
9 218563699
9 929646571
9 826862293
9 204195126
9 161000009
9 408143149
9 880542984
9 625674389
9 882161129
9 843208923
9 709535432
9 191859063
9 687304239
9 446770329
9 659429009
9 770922884
9 169891099
9 859522954
9 758087089
9 922882690
9 879380642
9 986102090
9 882469857
9 851907017
9 474134964
9 388866709
9 280666419
9 16706829
9 366504129
9 984625528
9 548288319
9 455188169
9 14999204
9 944533128
9 861364069
9 290684253
9 363442369
9 508895893
9 440516859
9 401150494
9 134254749
9 876002955
9 4514539
9 203876629
9 808477269
9 218655229
9 325523249
9 118156869
9 204826679
9 368605839
9 399017064
9 11310975
9 357272179
9 140945729
9 182810659
9 558223779
9 251518439
9 454183289
9 169549592
9 769887619
9 548488493
9 869530686
9 783016696
9 449509152
9 735074669
9 273802159
9 123765859
9 796835024
9 292647365
9 600940886
9 275470598
9 444478639
9 381998302
9 645754649
9 625108009
9 769895161
9 620548529
9 376764649
9 887014539
9 277849402
9 393749934
9 685586894
9 181043937
9 994307100
9 366974668
9 105850109
9 126460991
9 756225379
9 57893323
9 720028519
9 45491236
9 816557559
9 275391830
9 305084159
9 166122889
9 252609355
9 477751259
9 410875859
9 679586660
9 514198602
9 230704509
9 111651649
9 365838679
9 127508539
9 750103953
9 832328469
9 327958078
9 185815943
9 540664409
9 824066947
9 799814519
9 424723729
9 111534397
9 903009171
9 923753260
9 64840892
9 835745589
9 612808009
9 269761978
9 208258899
9 763901147
9 337732491
9 256624149
9 310122169
9 448012095
9 970862474
9 581930621
9 425635639
9 296093461
9 251996514
9 179837930
9 899564774
9 940020185
9 731204269
9 429520086
9 742487495
9 117377439
9 876640309
9 13764029
9 595234980
9 139572549
9 149189463
9 466793961
9 704335279
9 400369402
9 357127059
9 919549752
9 146104849
9 80504469
9 737307509
9 41028379
9 267594107
9 219070973
9 266588809
9 45237029
9 454037029
9 792132748
9 909716257
9 88125309
9 556210209
9 362216918
9 875472179
9 221658369
9 182725298
9 82872649
9 883721719
9 358052439
9 673894417
9 456960088
9 785350197
9 586296979
9 595796654
9 529046062
9 935959833
9 861744609
9 366378809
9 316759715
9 49746881
9 730325109
9 942927812
9 789322734
9 446541290
9 357392287
9 696903333
9 444191689
9 678347509
9 824591521
9 537245939
9 395546478
9 906218256
9 758857119
9 199236603
9 498546744
9 793105855
9 481223889
9 835053179
9 594390868
9 741469375
9 457568509
9 572398275
9 354427179
9 639201089
9 621918760
9 810620990
9 412186539
9 508104924
9 137643089
9 544351829
9 72237905
9 737095765
9 741320729
9 552078349
9 165609621
9 685500129
9 531682589
9 375541189
9 497562357
9 57147579
9 106467619
9 408621489
9 260249710
9 581735849
9 497241865
9 342936103
9 54037090
9 40689000
9 986567842
9 139104205
9 839548135
9 147670249
9 516278739
9 256085049
9 943836226
9 299482042
9 290079546
9 536295108
9 119456888
9 177871997
9 714912297
9 746514739
9 995650448
9 860212139
9 78132980
9 678595274
9 333278049
9 295010568
9 312801439
9 970127732
9 251169097
9 221679321
9 358909753
9 585418309
9 315948561
9 140042469
9 476876509
9 657677219
9 94793318
9 736805979
9 987701745
9 208129545
9 529237603
9 129542315
9 370456069
9 585050942
9 932163165
9 984892037
9 806488029
9 713294409
9 422390539
9 137964550
9 132042019
9 57596861
9 723206149
9 932223194
9 590695693
9 637512689
9 487669382
9 81790992
9 828000009
9 571765609
9 783116593
9 834522709
9 223443749
9 270028639
9 322229000
9 677008679
9 583235329
9 546241719
9 564219279
9 204209758
9 713743796
9 650901359
9 248796296
9 702107983
9 518889072
9 407639987
9 159444806
9 102379608
9 687821139
9 713102489
9 310539118
9 4061449
9 683935649
9 2950416
9 714517955
9 931795782
9 237358769
9 56854779
9 776696396
9 131397369
9 146462519
9 396225765
9 478830839
9 863972204
9 79294349
9 745648739
9 111610239
9 641606879
9 39714331
9 838938226
9 548550902
9 451541319
9 952779017
9 764422329
9 335810639
9 61810019
9 743288769
9 558190778
9 991310724
9 892889500
9 436184094
9 19505430
9 258432597
9 792329023
9 117029252
9 227059310
9 488912614
9 959079204
9 880611019
9 592277106
9 793940386
9 165063739
9 392302846
9 182806593
9 89947564
9 393594447
9 422087509
9 613554219
9 886721379
9 488005669
9 915114836
9 162265795
9 480734639
9 804136389
9 917374559
9 352654729
9 398503775
9 464598832
9 134620449
9 129890485
9 793718813
9 925310109
9 852733439
9 266475179
9 705802559
9 261025989
9 413643569
9 593013752
9 203887092
9 679500609
9 454521595
9 639975842
9 925757598
9 500283649
9 571387409
9 584976923
9 540938683
9 484573519
9 181051159
9 628474649
9 362362593
9 342468599
9 163351962
9 209814252
9 35895254
9 131030179
9 122397075
9 530001797
9 162086709
9 788699329
9 608035209
9 156977326
9 182774569
9 627152519
9 378452059
9 366267919
9 358836329
9 42665419
9 925731268
9 438077179
9 732792521
9 416597833
9 984894124
9 897698403
9 293456561
9 217159206
9 962979343
9 313202449
9 526511559
9 417924439
9 341132793
9 624294398
9 877975669
9 691383886
9 119154087
9 136473049
9 196825046
9 757261539
9 280245269
9 447901349
9 913230167
9 540208219
9 622175190
9 134283059
9 167301956
9 797637337
9 462825429
9 79508857
9 461852449
9 103636639
9 338215689
9 184044789
9 842002969
9 971138332
9 952883048
9 669148673
9 299996127
9 116211449
9 482839743
9 842643295
9 694095175
9 486837839
9 728416469
9 355305947
9 436551579
9 596217761
9 901207397
9 82764889
9 260852779
9 461191208
9 529198577
9 65551923
9 81950641
9 88132529
9 895971470
9 544375849
9 733439406
9 840889771
9 628089680
9 828766972
9 676044559
9 106553079
9 894760414
9 714472319
9 558499178
9 733418709
9 463827369
9 81814049
9 561227129
9 351308589
9 627499411
9 975646428
9 834097516
9 396869809
9 841694616
9 335416394
9 878700937
9 332573769
9 165126819
9 867361092
9 684645189
9 607166819
9 374753079
9 409042319
9 980583648
9 511733059
9 179558695
9 895307399
9 973552941
9 832212889
9 109722841
9 233173809
9 853176849
9 949974886
9 825668469
9 579112775
9 128523109
9 669441280
9 116137609
9 15506139
9 139406059
9 319609929
9 614922281
9 533541995
9 596904982
9 458488689
9 709618152
9 2368079
9 465859047
9 892456488
9 574768069
9 735006039
9 710516449
9 122070529
9 466916444
9 832225369
9 259402835
9 470278859
9 881381689
9 813681069
9 491872521
9 21103944
9 287628589
9 349300518
9 855328599
9 359939915
9 448488129
9 997729374
9 318262729
9 358813779
9 525243922
9 928814110
9 532218309
9 429293944
9 82821759
9 281179667
9 136499931
9 817376979
9 405703649
9 806423962
9 605824549
9 829333574
9 603964903
9 649465610
9 782992088
9 93429750
9 959357645
9 937045244
9 119461822
9 638596183
9 728753169
9 3375629
9 265905539
9 216644139
9 212256169
9 161302629
9 434723009
9 438184239
9 641162639
9 528179825
9 632081349
9 359590586
9 875146963
9 10227409
9 928521799
9 539422225
9 698362275
9 95541066
9 309631249
9 771384819
9 170513950
9 857581679
9 724538109
9 757997303
9 296513591
9 803069475
9 24036429
9 962194467
9 605097233
9 206032029
9 70211859
9 574563239
9 259369620
9 571003479
9 854891581
9 318103339
9 549121565
9 338882649
9 590513087
9 146764932
9 463276069
9 267176639
9 448845509
9 45942955
9 15460789
9 250259677
9 161044539
9 970575947
9 440779138
9 7610529
9 426849816
9 806242059
9 561529118
9 643361479
9 262811229
9 159353496
9 575073809
9 5778429
9 352007519
9 916653750
9 84889848
9 81282922
9 418094052
9 404504912
9 82223964
9 349633360
9 740344961
9 463326659
9 819224696
9 85952944
9 320045991
9 751012579
9 343633479
9 363925320
9 594116115
9 527864952
9 477941702
9 188244489
9 568815689
9 600752429
9 111808793
9 858915518
9 698200455
9 903239515
9 719530858
9 146670329
9 7766879
9 378042329
9 920280419
9 458923408
9 123739689
9 520129451
9 247976335
9 470241809
9 53914980
9 608904981
9 592305003
9 536308209
9 16528139
9 428002809
9 706531019
9 217930167
9 120210229
9 382737492
9 523800529
9 774929397
9 750553349
9 819159484
9 477567569
9 541773879
9 209147717
9 417120469
9 845484559
9 888243779
9 248672119
9 943046945
9 704040906
9 728327779
9 635541930
9 316080389
9 386680549
9 827972263
9 848345769
9 853577809
9 392048314
9 378732719
9 402856729
9 860184739
9 20788539
9 960613834
9 221040944
9 30131973
9 552539010
9 476991392
9 739713643
9 273828479
9 511041789
9 433990279
9 35104169
9 780313936
9 905222488
9 409056087
9 897617777
9 130336269
9 820093743
9 579754619
9 467561951
9 811444679
9 502811829
9 575661179
9 260237659
9 335790338
9 395071780
9 973036597
9 189505154
9 974979903
9 927218353
9 705733039
9 286080629
9 363279223
9 710363279
9 385383950
9 103692493
9 411410859
9 50450059
9 50115779
9 382028829
9 899936170
9 235939813
9 592708885
9 382920507
9 47929265
9 573579311
9 451749300
9 835006559
9 40571789
9 62489181
9 806424479
9 630119356
9 141486911
9 347162029
9 566991205
9 78568719
9 412245519
9 828636944
9 807986243
9 764179657
9 594624083
9 84366908
9 516099623
9 327150349
9 22549431
9 984268179
9 991744566
9 189372818
9 498665454
9 500807991
9 127543119
9 130553679
9 544825179
9 715976401
9 865724219
9 150769941
9 486825579
9 338983825
9 584983417
9 594953181
9 550678779
9 961284030
9 244188569
9 256356229
9 431228396
9 710465459
9 401882589
9 415496980
9 900503443
9 29015754
9 936125598
9 402372749
9 715421349
9 885424089
9 286832499
9 293978648
9 887387579
9 123060539
9 848023039
9 458017549
9 88456961
9 580521091
9 94127379
9 192513055
9 248182599
9 138662729
9 817653449
9 916545268
9 771446509
9 584106913
9 908228009
9 839962272
9 543375339
9 618210449
9 669284442
9 531553119
9 417551009
9 483703849
9 603951184
9 563782419
9 776724149
9 562576092
9 923923155
9 445308849
9 331919437
9 875652229
9 775859492
9 5782619
9 267308529
9 690133092
9 307223439
9 48956780
9 830409042
9 357086913
9 455380619
9 810996910
9 374195244
9 748069276
9 603189048
9 529593676
9 423271089
9 439451145
9 886886059
9 661872829
9 686278319
9 180942962
9 636649341
9 149044207
9 863266749
9 952372716
9 639697044
9 240143369
9 834567294
9 507393328
9 154439516
9 681469280
9 520486496
9 359011438
9 341894429
9 320839102
9 856574967
9 687779786
9 468692836
9 378242219
9 576793076
9 200645659
9 570675759
9 249420290
9 885312289
9 651073149
9 373822659
9 678776619
9 520738019
9 567111749
9 737359171
9 247225669
9 911198336
9 325730239
9 634224689
9 365697854
9 402265469
9 381955344
9 459091798
9 947531966
9 18963761
9 976392878
9 904547696
9 996146936
9 800420029
9 711880419
9 204360964
9 44191137
9 833876289
9 887487329
9 255486189
9 723569847
9 587747209
9 474655339
9 406351039
9 572923965
9 569314761
9 557395994
9 731818696
9 86895454
9 62310179
9 350895536
9 336909215
9 503207089
9 790359318
9 344414089
9 50315309
9 263451019
9 397447745
9 629841491
9 357852459
9 991074197
9 518610189
9 564685019
9 625873139
9 136511298
9 67251859
9 742426529
9 620596790
9 591395994
9 138835989
9 534846019
9 251931324
9 354752569
9 422602159
9 298619412
9 352182789
9 866946055
9 189264327
9 370563619
9 421298106
9 973140435
9 268248469
9 184157169
9 157347139
9 161047529
9 463214519
9 690707989
9 717298126
9 438583349
9 451181109
9 741649068
9 144998154
9 101739594
9 356602879
9 28480909
9 399551587
9 909542892
9 351030589
9 248158649
9 438104359
9 582774269
9 855272229
9 799543422
9 338056039
9 730541289
9 547918105
9 295698073
9 926914490
9 105386597
9 74211519
9 246237459
9 775584559
9 446970797
9 727567739
9 400956165
9 596251743
9 980346797
9 392536626
9 846082509
9 836719601
9 902779971
9 122558912
9 617217916
9 671567769
9 775749554
9 713933194
9 240495643
9 755144249
9 993818711
9 964487694
9 453959898
9 449727853
9 54154839
9 531436319
9 21098360
9 302586839
9 874756589
9 668389664
9 822990749
9 5609471
9 780031649
9 991381103
9 749370829
9 455069533
9 593247824
9 763135359
9 321821459
9 968176791
9 115776739
9 496347236
9 545152499
9 641264293
9 318066409
9 18399338
9 409705823
9 374281659
9 540278439
9 316474579
9 236382291
9 410287909
9 457992572
9 465750593
9 411612269
9 645147649
9 696880254
9 824925222
9 878758779
9 629102200
9 964703157
9 805356469
9 915650698
9 491974176
9 735928145
9 872729296
9 231845279
9 341348619
9 537304209
9 641532719
9 542797453
9 147213429
9 946097275
9 762907413
9 874178349
9 700303989
9 504259493
9 989085251
9 507602519
9 113240369
9 899286645
9 751840669
9 141193945
9 100080269
9 626418879
9 524237889
9 367956981
9 867946095
9 683441059
9 252617739
9 229826416
9 718870689
9 685063849
9 284308219
9 794514343
9 630334309
9 886185927
9 384244569
9 695981536
9 264710429
9 479070838
9 227388159
9 972808718
9 19068283
9 64348939
9 83038932
9 474753219
9 772600970
9 626962926
9 290420074
9 439595647
9 305926710
9 999991745
9 929521632
9 100365809
9 384356891
9 891730335
9 763370849
9 585116529
9 496276436
9 359712007
9 817289518
9 798550689
9 692206912
9 824478219
9 441394581
9 762024489
9 583281649
9 790116226
9 610798441
9 466673129
9 834515249
9 208958466
9 640753669
9 206307809
9 516899647
9 505552649
9 897290261
9 221242597
9 347426809
9 718941666
9 402852309
9 469511211
9 93491639
9 545066097
9 31781929
9 476153679
9 67638639
9 250119075
9 840278279
9 145778119
9 50033389
9 786408539
9 708817569
9 878556349
9 705010469
9 38961885
9 904670146
9 334708109
9 399763633
9 767963535
9 667913389
9 793318114
9 494820112
9 604892551
9 169772097
9 929677127
9 106067496
9 548194223
9 943142548
9 519095657
9 88529865
9 999964479
9 627062719
9 716034969
9 875221259
9 568031539
9 110860229
9 592204068
9 898267353
9 483402639
9 720921085
9 969352857
9 99591808
9 176269318
9 933092960
9 235095129
9 872623469
9 627526097
9 543133469
9 331714559
9 516758369
9 312344889
9 518124889
9 706528995
9 120584339
9 765326629
9 74872059
9 374863509
9 196675598
9 519941524
9 590302211
9 987549094
9 937768092
9 847094996
9 252474329
9 937883520
9 580011189
9 798598801
9 954070914
9 264411649
9 622703790
9 608339293
9 902470414
9 514964835
9 690320256
9 300637179
9 55975808
9 49785258
9 203232009
9 333976684
9 902248844
9 811075689
9 922007366
9 156711896
9 671224739
9 509906727
9 232505449
9 229747061
9 148434059
9 933137628
9 283267569
9 248172993
9 389613425
9 672803089
9 821186659
9 431978687
9 97853794
9 979954583
9 342688839
9 445844629
9 571126869
9 978958338
9 351125869
9 450840589
9 853536973
9 345159895
9 994173886
9 893383396
9 625368489
9 261658289
9 196408766
9 640816649
9 626501039
9 906633607
9 165959328
9 884208129
9 833011159
9 605755329
9 714820849
9 565988901
9 529506945
9 659449815
9 729696008
9 7932930
9 144893812
9 713223619
9 40716609
9 234080619
9 669389063
9 523321129
9 318541559
9 71630319
9 670764359
9 979543585
9 458084489
9 378937775
9 555603619
9 762686195
9 738666592
9 920842254
9 458091516
9 894682055
9 452736759
9 22648269
9 515438259
9 822366059
9 873429216
9 471704419
9 480479187
9 263408419
9 322528009
9 476361769
9 235215669
9 770309302
9 281580209
9 739781938
9 589507424
9 415453859
9 761965220
9 492840698
9 444543689
9 335665429
9 723876529
9 492269196
9 885377479
9 420915813
9 870764789
9 654896279
9 685702911
9 273874009
9 980127862
9 850721349
9 35646089
9 583886049
9 889664915
9 390182267
9 982749417
9 636340829
9 752625919
9 64465988
9 452461539
9 51995843
9 386419604
9 36058389
9 368760669
9 162000459
9 524396480
9 498680716
9 215895356
9 848390416
9 975322341
9 516469266
9 247203069
9 753014597
9 501017089
9 905562204
9 994324903
9 466720589
9 492176395
9 994454213
9 727575109
9 22314409
9 239590142
9 740876259
9 307916010
9 492144084
9 358042459
9 476558459
9 609078110
9 466174329
9 206463319
9 116936454
9 639672544
9 998165471
9 641300953
9 513939564
9 376459923
9 764117079
9 407604359
9 20296787
9 62801669
9 144767903
9 192717650
9 966394564
9 79327539
9 119570439
9 919526978
9 381541229
9 405470049
9 193048690
9 890196473
9 495649441
9 253916231
9 356307329
9 391204322
9 640742519
9 341240169
9 881704709
9 241776379
9 837788709
9 763118629
9 812511809
9 307591560
9 781184769
9 110031529
9 401005749
9 998319867
9 450710259
9 622647379
9 808397527
9 270959917
9 210732119
9 738375039
9 839745193
9 652870359
9 691500488
9 481697843
9 106877549
9 73449422
9 626053009
9 762431359
9 733879095
9 260386789
9 255095041
9 600801429
9 997826762
9 476780169
9 205803329
9 409971878
9 952983314
9 154218920
9 606995014
9 541415539
9 706059026
9 208845379
9 996193120
9 698784015
9 401161539
9 799411258
9 719228370
9 775767349
9 300056589
9 497407352
9 628232039
9 717826209
9 970338012
9 448111579
9 22387149
9 774732879
9 492301484
9 635166659
9 752488609
9 95021309
9 832154059
9 332141689
9 802544229
9 519618299
9 814226219
9 99390211
9 913680016
9 952489858
9 151928488
9 406160849
9 373903569
9 968865616
9 102626967
9 44501490
9 816535769
9 834689563
9 37296432
9 26316109
9 789781898
9 184502519
9 66747629
9 929812287
9 397392815
9 492077809
9 632750469
9 304421579
9 242548629
9 361945150
9 46850169
9 553418390
9 425861329
9 302709574
9 303789973
9 305557389
9 759850339
9 556518839
9 739385698
9 666126479
9 75432319
9 882191513
9 295680226
9 595997782
9 578010039
9 714511089
9 660890296
9 998364333
9 59668764
9 914736189
9 570344629
9 498822291
9 631900117
9 469443161
9 661822975
9 901829814
9 73654895
9 279047031
9 586721980
9 549606212
9 519822227
9 424872529
9 890780165
9 612906140
9 324868819
9 7690414
9 433099935
9 123502879
9 217365139
9 831916970
9 947369857
9 962952554
9 410064549
9 504482639
9 666222659
9 935586715
9 154661379
9 910449171
9 684408769
9 164153894
9 95840482
9 911980247
9 534960941
9 628893991
9 478389629
9 724641179
9 225350489
9 575444779
9 209813146
9 311733439
9 918585457
9 504243219
9 214630409
9 655441963
9 657718519
9 164106689
9 237302029
9 360367249
9 192341721
9 959272784
9 743244289
9 257490361
9 587325219
9 439254211
9 114127729
9 696103140
9 109744057
9 491277078
9 986810202
9 465735169
9 207937953
9 64851209
9 300792763
9 986261167
9 355121269
9 851539082
9 450533096
9 876973052
9 313245904
9 408066639
9 431564529
9 36352149
9 214211598
9 428894817
9 734685359
9 589547719
9 584539604
9 102717269
9 760407289
9 251764952
9 743805669
9 147162659
9 403198607
9 809179944
9 150091130
9 835545619
9 321025696
9 23362956
9 282646419
9 894145504
9 486543289
9 9587398
9 907332461
9 467580529
9 308364279
9 948066772
9 391052496
9 148540189
9 234680339
9 177870869
9 186153719
9 8373519
9 31025519
9 253098094
9 239906264
9 901245413
9 342208579
9 863209948
9 590123436
9 827578659
9 955280613
9 794854078
9 476372599
9 210059323
9 567131990
9 898854081
9 535064339
9 528160549
9 697519549
9 186801479
9 917519177
9 191794418
9 268488639
9 496560932
9 12278449
9 954195807
9 400694011
9 853106309
9 804560609
9 930445357
9 936469383
9 862945548
9 302324950
9 950269108
9 471424679
9 491973776
9 817369856
9 718297508
9 535608539
9 217096832
9 716558809
9 967165144
9 649082091
9 50626589
9 555547169
9 416344449
9 941127810
9 986056326
9 276506079
9 855037709
9 182910598
9 417150389
9 171184719
9 904837102
9 101766759
9 956069575
9 619950015
9 986678866
9 434479064
9 295776677
9 500403009
9 794135440
9 89912220
9 438950484
9 358098225
9 337278494
9 683107059
9 243955676
9 636469555
9 921970628
9 57776229
9 178277915
9 335337549
9 923718189
9 358291388
9 433240919
9 497411601
9 359988183
9 386061999
9 695147981
9 897552211
9 494867093
9 870921470
9 372267859
9 920690067
9 397405427
9 423659903
9 437949275
9 588811779
9 201667439
9 66750719
9 86267589
9 899514493
9 58208369
9 580936289
9 781585479
9 467947102
9 629274583
9 675990810
9 724474839
9 970821090
9 166908016
9 812189545
9 347624229
9 278159332
9 737088609
9 894677009
9 773367279
9 468091598
9 398873785
9 467373293
9 325684609
9 964328592
9 748518609
9 885604934
9 165010249
9 16044329
9 254014925
9 777230794
9 786504689
9 797681537
9 892146382
9 239068866
9 323364449
9 247533779
9 734980396
9 806792088
9 334235309
9 588867579
9 846242409
9 933100645
9 320544229
9 492691596
9 749673240
9 573949940
9 305573859
9 932527007
9 270029406
9 504915610
9 143201859
9 982017897
9 154761329
9 109459635
9 453545943
9 636123589
9 51062397
9 746668519
9 877229988
9 122147539
9 182790867
9 308640879
9 528483495
9 788368942
9 789456121
9 855890778
9 732425952
9 497508194
9 237927425
9 557052649
9 71113930
9 659679323
9 196331591
9 936058411
9 19879877
9 572506098
9 457304369
9 916103936
9 698687264
9 230259282
9 310734029
9 777544049
9 862105679
9 416292382
9 553330490
9 133695052
9 729894857
9 596704082
9 619499668
9 901357264
9 126623169
9 650026129
9 958094066
9 210428189
9 901083087
9 171988576
9 160671139
9 102495362
9 608204469
9 983067300
9 682689793
9 227552569
9 982908656
9 196221331
9 258916399
9 750836439
9 784663309
9 370086796
9 717563759
9 154571429
9 853875079
9 721141939
9 152708179
9 425061029
9 627106965
9 229394293
9 53798448
9 878245079
9 216375279
9 178248129
9 10082879
9 874096173
9 114039895
9 529291468
9 202131659
9 381799265
9 144042190
9 10789191
9 331267859
9 25816059
9 180134099
9 128010019
9 165427729
9 888327419
9 765914271
9 3675419
9 822419095
9 213606339
9 310259414
9 582263839
9 611475249
9 465855932
9 300066669
9 714288009
9 100818629
9 280422949
9 546975729
9 627001449
9 632966455
9 199661262
9 869859470
9 703029448
9 85294517
9 482778319
9 910277085
9 906199193
9 483927524
9 684589623
9 727120393
9 135472819
9 841587659
9 573112409
9 347317289
9 408688996
9 863786789
9 353433039
9 35100739
9 279582486
9 62553569
9 511378798
9 288022889
9 617143219
9 102919497
9 664217569
9 70888089
9 169689297
9 967054432
9 166024169
9 933017701
9 556650409
9 762714739
9 565970496
9 131359536
9 251437449
9 689108458
9 112947348
9 59657365
9 944912052
9 471668709
9 402509312
9 419219929
9 366578719
9 860833639
9 223067579
9 550558509
9 399049406
9 972770933
9 628000329
9 717448569
9 913072693
9 78763239
9 457058479
9 143627955
9 849960900
9 622759294
9 978029598
9 871869503
9 91142311
9 76044975
9 280442219
9 452191656
9 424290931
9 248781389
9 3808898
9 401595429
9 70129634
9 995643752
9 599769760
9 595032560
9 696453872
9 526728219
9 30447968
9 979211437
9 271997184
9 781801329
9 332253239
9 641678139
9 871678879
9 850004190
9 186796970
9 932882965
9 586476359
9 381966572
9 582205489
9 192508524
9 962864679
9 30650984
9 155468619
9 514731279
9 676006229
9 170323139
9 655630669
9 214978482
9 163006009
9 408559157
9 746430591
9 606520449
9 519754373
9 330015449
9 237268449
9 842597648
9 477026919
9 897812121
9 132183839
9 750493703
9 100009
9 818106139
9 537091153
9 738305329
9 393509155
9 137495639
9 493292884
9 576399350
9 557975993
9 228744589
9 694770869
9 77427269
9 388992830
9 85524912
9 15422109
9 547638539
9 479728868
9 275009344
9 923316935
9 895135105
9 370331569
9 879905802
9 172673619
9 699209961
9 105567689
9 561842609
9 924712304
9 320892275
9 211346829
9 141761129
9 199537513
9 512872974
9 810184978
9 102581920
9 889540420
9 779778209
9 398332683
9 963375155
9 553815129
9 690861834
9 692817770
9 251318059
9 736267609
9 356142229
9 735795845
9 711727429
9 317442109
9 922533269
9 749016337
9 748721971
9 416109841
9 560358239
9 926389588
9 707389657
9 114210089
9 746155839
9 229419741
9 552699187
9 932071028
9 605140619
9 98613158
9 590746711
9 780851619
9 897149945
9 67943717
9 819340350
9 264863495
9 228303719
9 463006903
9 553442349
9 249646459
9 779355377
9 241633209
9 300278819
9 114471379
9 122080469
9 261620970
9 297737448
9 559415633
9 58686249
9 154785009
9 917619423
9 933027449
9 472250879
9 484816809
9 83556389
9 210683950
9 195591766
9 748942267
9 286504069
9 271115859
9 733662319
9 149751541
9 596455210
9 829450198
9 584932961
9 581128219
9 143977456
9 566884597
9 810310519
9 751770039
9 380686419
9 930904025
9 748936436
9 707680859
9 949217669
9 799932313
9 547380559
9 729031804
9 944399698
9 835836879
9 946796961
9 831902075
9 901818110
9 864369871
9 207378879
9 687075309
9 545191281
9 646809485
9 466080589
9 486087906
9 467870900
9 597071617
9 292307802
9 914556467
9 218913629
9 462070869
9 661376639
9 675711319
9 611053955
9 704541019
9 934041084
9 504998054
9 404618769
9 66899581
9 963737778
9 916775191
9 762258179
9 350332729
9 329876739
9 638926163
9 746693420
9 479767277
9 68110943
9 422629631
9 808730985
9 857873349
9 424996870
9 597969532
9 66919882
9 919741035
9 229546470
9 79866549
9 481095160
9 718500495
9 480795921
9 214597487
9 550217759
9 113945722
9 503037539
9 936909840
9 495829555
9 406351139
9 754997209
9 472044980
9 217035089
9 259147861
9 754855982
9 227941124
9 363588739
9 33980168
9 725882849
9 305741709
9 549091419
9 452908355
9 642056009
9 550977501
9 891372014
9 38278039
9 140836629
9 420450639
9 32542689
9 929796722
9 789914379
9 285288479
9 310008549
9 778530982
9 580625519
9 277112519
9 685398245
9 3430795
9 247916940
9 935958649
9 785270679
9 696585492
9 263917968
9 651886759
9 713404249
9 668541619
9 694395626
9 284953220
9 789785488
9 773223098
9 578228659
9 991765182
9 370863789
9 331498834
9 546078029
9 988283524
9 618020319
9 897239217
9 92989452
9 793485681
9 645417869
9 867563997
9 229012365
9 782345790
9 393787505
9 86691173
9 815567949
9 891014307
9 767165669
9 2801169
9 640026139
9 345476291
9 771103269
9 962080607
9 759976002
9 920581893
9 856239480
9 79119145
9 592493624
9 153113459
9 259379638
9 335884679
9 390000091
9 819585094
9 950722199
9 315369003
9 171210928
9 165069898
9 345045819
9 431349911
9 241871029
9 985761654
9 374598628
9 813629963
9 178691905
9 419290468
9 760353429
9 731150419
9 625345869
9 786565159
9 640191935
9 233725239
9 71595636
9 813092790
9 130015199
9 945412959
9 137573169
9 487630769
9 643705969
9 675166979
9 36414009
9 237364092
9 65981681
9 190086420
9 621707159
9 715835059
9 4872409
9 868038509
9 713124893
9 418571079
9 736620319
9 436192931
9 76831669
9 686768359
9 897192129
9 429548417
9 847739097
9 382720359
9 150301109
9 864587129
9 971287504
9 901100046
9 815100849
9 189094169
9 512492135
9 40427679
9 49297573
9 116447039
9 277152759
9 967870178
9 417970700
9 632019121
9 260393824
9 178991089
9 995392501
9 714268696
9 699434824
9 318552359
9 984536783
9 171431398
9 460100689
9 463108009
9 657770809
9 150005829
9 160665459
9 264645129
9 748156149
9 409598513
9 939629351
9 426725439
9 650256739
9 401018389
9 460642309
9 847717159
9 826220797
9 175061469
9 567989723
9 807447059
9 201301199
9 643061279
9 965170683
9 474568993
9 751938351
9 799569374
9 496477797
9 226881419
9 274745929
9 680525991
9 513301749
9 677975912
9 236552329
9 37257559
9 588481119
9 100617309
9 14088429
9 370419330
9 196012600
9 722121159
9 779114325
9 285532898
9 867861997
9 3901967
9 146400419
9 199768594
9 1000009
9 409890972
9 890438745
9 316328489
9 358939302
9 129024591
9 502125349
9 926250601
9 274803379
9 645070839
9 145243090
9 621623439
9 149578768
9 579553533
9 737662679
9 311844449
9 119226080
9 509460383
9 16666689
9 490093723
9 950752663
9 659633231
9 46350879
9 316398050
9 131249898
9 992391571
9 519117480
9 372419264
9 267466579
9 299570788
9 820782789
9 664006697
9 212887691
9 476706029
9 294987715
9 346245859
9 730956071
9 144756419
9 534791676
9 366391403
9 432809108
9 577007759
9 798309632
9 722169602
9 562479912
9 239258607
9 628361409
9 798170667
9 57168489
9 189726918
9 731285419
9 852792232
9 168011489
9 550001579
9 586036169
9 651922054
9 63820379
9 480866984
9 411465779
9 342199800
9 86009526
9 695477907
9 743139043
9 498221975
9 851973496
9 205478309
9 240049210
9 327776479
9 274366549
9 799729146
9 570516219
9 576860789
9 97560431
9 247737019
9 158409588
9 348913373
9 984108807
9 246026649
9 478081903
9 129777558
9 128586319
9 953803896
9 308052129
9 812415279
9 778310729
9 590960543
9 983265407
9 643728908
9 689589801
9 963590464
9 320231869
9 877774049
9 44361059
9 590139698
9 349189105
9 117215459
9 821829785
9 241138349
9 257294632
9 86932834
9 610654939
9 146126119
9 568131494
9 789383509
9 998031730
9 397286796
9 146050189
9 407817859
9 19895135
9 436158779
9 108249077
9 591395930
9 118176289
9 832206159
9 594550537
9 825353409
9 519060384
9 895021780
9 758572729
9 293828107
9 948555555
9 599290715
9 483877459
9 695560444
9 777958933
9 720665609
9 920498015
9 193921342
9 611021209
9 912520118
9 175221419
9 445887639
9 42097914
9 457749485
9 624735469
9 654629097
9 886950750
9 562950384
9 789461861
9 816760349
9 921879032
9 769476306
9 683940660
9 895847133
9 848005779
9 833617925
9 906462202
9 262394308
9 315673739
9 576446509
9 283922364
9 678951666
9 73424950
9 564021059
9 921978706
9 329624473
9 174673927
9 836618769
9 190347390
9 8537269
9 30043869
9 408802938
9 854530119
9 1000009
9 182831559
9 920471316
9 829018069
9 342404619
9 476079298
9 113418179
9 536078492
9 916347677
9 511868093
9 809892390
9 170604019
9 215317409
9 662079548
9 19606985
9 935574450
9 259932450
9 209535185
9 459516310
9 416219518
9 175751219
9 442690894
9 786664369
9 964024435
9 704869562
9 289076164
9 484436029
9 832869260
9 216620429
9 745455689
9 199772067
9 227080489
9 288884039
9 530666259
9 491641932
9 427739926
9 666026539
9 567813429
9 967863775
9 889319719
9 165315719
9 747602059
9 678611492
9 371383829
9 149939507
9 764259708
9 108400169
9 152567169
9 598632904
9 894193190
9 79049147
9 271565379
9 749976206
9 578094203
9 221605379
9 198987551
9 492293598
9 423106309
9 293121173
9 180030009
9 994656281
9 149876564
9 582999737
9 583944041
9 689582860
9 132328973
9 289073152
9 856587339
9 410359612
9 323759341
9 71250709
9 711834849
9 334590193
9 209899600
9 181655489
9 382512039
9 920134337
9 662484986
9 365786902
9 688934052
9 847354956
9 548630119
9 279847955
9 666268159
9 372361819
9 745394067
9 478353349
9 326629475
9 444612159
9 215413619
9 330859913
9 360981917
9 180938713
9 700906459
9 115224934
9 304284019
9 884234079
9 37985136
9 415001379
9 586556029
9 887814119
9 111010189
9 98312091
9 398964285
9 581303659
9 117977319
9 725234539
9 820893793
9 660218659
9 346845689
9 480688879
9 268920950
9 996639757
9 775731539
9 257870319
9 244449566
9 333228049
9 663717967
9 488211209
9 625712119
9 435466089
9 917345445
9 390089275
9 603702449
9 219164754
9 987294621
9 703726049
9 413658095
9 795556414
9 560555579
9 485445169
9 504020529
9 221793284
9 54194119
9 461935510
9 471033769
9 543296739
9 836755679
9 925353290
9 310100691
9 466803190
9 456296325
9 808605179
9 78733739
9 969066477
9 15477689
9 754466649
9 51673928
9 197922758
9 241076609
9 361401719
9 96113312
9 195571599
9 462890656
9 394169323
9 730029020
9 633250639
9 22248967
9 921661400
9 474857409
9 20185589
9 655815955
9 263784937
9 107066869
9 603901873
9 141397511
9 185150529
9 205578809
9 984103851
9 402185479
9 600733419
9 757981907
9 348060439
9 781425069
9 596862322
9 680808729
9 385829938
9 658094360
9 642101984
9 518253759
9 878379927
9 361215119
9 563576429
9 128274189
9 905670189
9 481038019
9 405503029
9 386221439
9 816874649
9 481447409
9 639513820
9 860312839
9 451884309
9 727112319
9 939179177
9 209125121
9 610053289
9 834880629
9 615195806
9 718234679
9 448474119
9 680520990
9 958169448
9 456850049
9 733993942
9 362794100
9 785750609
9 368895137
9 707442229
9 118459453
9 461761479
9 310016029
9 911743901
9 696189475
9 413156179
9 59987258
9 885421289
9 837974362
9 341785469
9 719125782
9 230515539
9 265499627
9 355856192
9 738433519
9 590776776
9 65812769
9 538813819
9 681829516
9 602853619
9 574307962
9 798664626
9 849094115
9 532457429
9 312926876
9 137279136
9 266706679
9 611601549
9 379319891
9 17194800
9 250195905
9 875948194
9 946799101
9 65034749
9 25646179
9 632654393
9 715682379
9 620559781
9 255352269
9 656053590
9 744809717
9 988882033
9 312271339
9 687167419
9 485761449
9 586170279
9 999005686
9 254814159
9 523111369
9 704636594
9 3833219
9 556639978
9 419048030
9 221210279
9 462708209
9 686302869
9 626202973
9 94279745
9 82782019
9 341765569
9 723926203
9 58858319
9 601409337
9 771416896
9 565130349
9 293642494
9 557032529
9 853315649
9 5049385
9 596037616
9 906971627
9 460853589
9 591868925
9 904549796
9 896228625
9 379702473
9 874421159
9 50528009
9 235684879
9 960158407
9 738704069
9 774075349
9 179252560
9 697776595
9 82915882
9 818696778
9 265693595
9 68857419
9 702592988
9 25516569
9 961268093
9 420443529
9 660747629
9 102907744
9 616040469
9 952860584
9 95743453
9 372555519
9 218525369
9 378378596
9 206662609
9 762598346
9 970085618
9 735488913
9 17593015
9 571580429
9 588742093
9 26690516
9 852179755
9 637931694
9 308648219
9 334780189
9 947084415
9 625720539
9 470880319
9 642357109
9 680303719
9 830218079
9 117173589
9 163953716
9 788307559
9 799568768
9 712968232
9 515588769
9 237652009
9 24518759
9 159022358
9 439415231
9 412490408
9 410030269
9 472459921
9 577854039
9 200970621
9 153920897
9 647959915
9 524592014
9 937416919
9 224992901
9 602215829
9 856989251
9 384746589
9 640932007
9 353364169
9 884087389
9 307632469
9 4076619
9 277707739
9 832985188
9 999873169
9 317019208
9 80341729
9 455400389
9 686906065
9 82584729
9 735449245
9 236283869
9 559304991
9 467798640
9 330770900
9 781705659
9 116332219
9 57204798
9 370427869
9 281894819
9 504999225
9 923425326
9 618121369
9 832695517
9 801535496
9 402284409
9 923071694
9 606806569
9 188715119
9 615460689
9 929674323
9 555581369
9 648720938
9 582522439
9 287431969
9 491038435
9 459273514
9 971057592
9 917544357
9 720096245
9 482360169
9 706865139
9 709737421
9 795252603
9 159557561
9 481697722
9 300424109
9 199046141
9 645506469
9 22077879
9 47434349
9 959254847
9 589424036
9 250707449
9 918356653
9 341310579
9 943146025
9 161820259
9 714137729
9 994469501
9 663466869
9 395038121
9 206677769
9 745507819
9 209607368
9 64680579
9 203086119
9 284766795
9 984886338
9 12625109
9 858006469
9 927029438
9 239434936
9 807406209
9 445150987
9 725798934
9 253848039
9 741982057
9 571426559
9 995258753
9 474911215
9 816644539
9 810129360
9 640293344
9 936055911
9 625759027
9 667760219
9 948736568
9 325214529
9 186955062
9 222520269
9 864868039
9 564258729
9 563537029
9 160376759
9 986697099
9 893991726
9 785686349
9 786498779
9 792279764
9 516008209
9 62873190
9 927062948
9 793511884
9 984138753
9 711227669
9 277428739
9 596719918
9 893044933
9 539137211
9 741592106
9 321153529
9 707346119
9 507814696
9 318477829
9 651927925
9 798759845
9 265152489
9 362484869
9 246715789
9 258887279
9 852402229
9 178465109
9 552997625
9 974273329
9 291186593
9 203843969
9 210668559
9 341414459
9 50802189
9 530759665
9 143471419
9 693576350
9 289123090
9 686874049
9 456202951
9 872953515
9 70830049
9 812208389
9 184088439
9 644156459
9 304667079
9 32023789
9 83744229
9 377247679
9 598170160
9 151020279
9 251195734
9 788397478
9 16228389
9 422541539
9 864134159
9 771102119
9 515282769
9 721483719
9 187757489
9 904205036
9 487555943
9 969197623
9 91872378
9 151059648
9 499917922
9 440932269
9 217041819
9 705286009
9 70155869
9 24938248
9 705870139
9 392379230
9 496232407
9 393588010
9 26379610
9 791011133
9 655483119
9 335450079
9 110450329
9 558529477
9 219777683
9 727899384
9 313081049
9 272311809
9 748953286
9 288393859
9 445573609
9 702190878
9 897032861
9 887721829
9 389783095
9 388768169
9 19339140
9 351399306
9 31488389
9 772289945
9 79360254
9 749937506
9 791800730
9 95688484
9 211814759
9 84615609
9 418730859
9 955762566
9 929092987
9 801237079
9 701848918
9 263766019
9 670262719
9 206288619
9 566952674
9 276355209
9 912871098
9 458535889
9 803208196
9 136446849
9 104715189
9 546165609
9 286813649
9 590115818
9 418784569
9 976713838
9 91957048
9 844000479
9 479471880
9 320847639
9 646802119
9 764108059
9 355310229
9 493690264
9 833435759
9 719827407
9 4210869
9 88563159
9 320407279
9 629563202
9 88600509
9 185414769
9 215507369
9 870881996
9 362177669
9 285707769
9 529221009
9 710614279
9 131869095
9 833528269
9 606532449
9 526512893
9 985320520
9 983207286
9 506203598
9 529488634
9 953303941
9 948714180
9 696271021
9 227349018
9 364692402
9 258590344
9 970702915
9 195600731
9 199268128
9 949647959
9 402568469
9 931627090
9 607844296
9 165346892
9 618311449
9 307527319
9 790930664
9 663163839
9 580240496
9 541166931
9 11556029
9 576104091
9 322251932
9 19359878
9 968729575
9 921904031
9 847026329
9 742462949
9 568408659
9 209020348
9 648497997
9 76423907
9 401956416
9 46887539
9 399454216
9 910437636
9 554886729
9 423213489
9 41716009
9 534973633
9 588884239
9 1000009
9 666950939
9 254777609
9 301088829
9 74571498
9 64304459
9 154118359
9 302303849
9 364216369
9 897794798
9 896917171
9 840165409
9 596762771
9 664284359
9 482721409
9 606392640
9 15938932
9 93586855
9 717970489
9 78854039
9 566748689
9 181297955
9 820964628
9 787018829
9 570360399
9 296899595
9 402247559
9 719102648
9 515133229
9 573303149
9 875048349
9 737284491
9 815431109
9 691536410
9 477826490
9 929111434
9 891043512
9 83919566
9 434634689
9 637035779
9 559197026
9 253524898
9 148335229
9 181650939
9 345832093
9 994080214
9 787883689
9 313421985
9 113215789
9 289204815
9 823583129
9 492970648
9 509459842
9 815219207
9 519696101
9 632312149
9 854442249
9 907698780
9 109815762
9 872540967
9 743449100
9 700918605
9 714643906
9 79015971
9 283068693
9 237958097
9 511594899
9 654410019
9 48101739
9 959343325
9 299382829
9 571018569
9 861326369
9 178937374
9 630892791
9 843922342
9 240868449
9 521484839
9 356761719
9 981193191
9 442533359
9 311430249
9 261460589
9 557918936
9 163541639
9 293881610
9 362159395
9 663094104
9 257208296
9 201611439
9 967401610
9 606423089
9 377855509
9 254736209
9 282062619
9 452572049
9 735026195
9 33198993
9 101548529
9 390959310
9 988307801
9 108221619
9 551294758
9 931163080
9 900901134
9 333379053
9 555894755
9 777185973
9 632960739
9 922178137
9 224396078
9 44564449
9 773313913
9 346178963
9 186119515
9 147496540
9 181509119
9 640989689
9 985510010
9 809921959
9 877723689
9 14247679
9 238800289
9 554963390
9 804304849
9 149736715
9 992731843
9 549129010
9 198914580
9 336614913
9 529680886
9 606743309
9 595905389
9 662024579
9 131933656
9 53526089
9 63891939
9 205058893
9 579050173
9 124787649
9 37929155
9 365223229
9 842750459
9 307498524
9 748627495
9 576484479
9 669158258
9 242434709
9 351468229
9 86990368
9 331703069
9 41565749
9 975334835
9 987243987
9 798646110
9 84997699
9 148147369
9 898048585
9 440024309
9 339343402
9 715333149
9 836591704
9 361230619
9 91700151
9 23345189
9 530434549
9 534220069
9 425283409
9 92377950
9 174085419
9 889453422
9 727484689
9 635705159
9 241337029
9 742518984
9 113624981
9 814380965
9 553891144
9 137037559
9 769452179
9 101168496
9 617309134
9 552519002
9 839101031
9 456030329
9 86365249
9 541666697
9 877734944
9 352417169
9 338908334
9 675951890
9 122643193
9 699600477
9 509877543
9 998163756
9 961706942
9 723608449
9 242171239
9 559714002
9 682227496
9 160787958
9 559361256
9 193038271
9 651627579
9 486278429
9 789096181
9 614602049
9 853245659
9 345213679
9 184477349
9 168443019
9 806977979
9 898604175
9 311711019
9 733959198
9 114147859
9 970179480
9 166962531
9 223568639
9 445226879
9 764529424
9 661370549
9 873450389
9 421503019
9 957362272
9 847831379
9 647791010
9 529622141
9 638857901
9 232932724
9 644691725
9 965434217
9 612426439
9 419716850
9 855241819
9 372372079
9 902272133
9 447692062
9 964171807
9 327641449
9 188930892
9 816079740
9 734064819
9 476994780
9 179699681
9 598271418
9 979101111
9 241647149
9 399872873
9 651070496
9 25865019
9 305302598
9 568653609
9 430466849
9 802880869
9 878655389
9 493865258
9 329362026
9 818879981
9 214840229
9 318274926
9 166799494
9 689648858
9 304016019
9 742440239
9 191036348
9 72834129
9 692264892
9 521189388
9 174109165
9 273488309
9 603359362
9 1253549
9 917493086
9 154569365
9 950392989
9 798311586
9 312141459
9 21730069
9 699592710
9 362492337
9 441951615
9 516896537
9 475503569
9 837197387
9 167563639
9 738210749
9 979591269
9 492280518
9 354755759
9 499191745
9 899337262
9 493492023
9 198418713
9 909822162
9 272568319
9 232208629
9 506898607
9 303471369
9 475141749
9 931955864
9 558484479
9 958489046
9 359380140
9 236842489
9 935122095
9 809463625
9 867062049
9 494563639
9 866564719
9 767550489
9 243419803
9 139858986
9 882597023
9 165350519
9 73912674
9 993817694
9 771611789
9 576944915
9 505387209
9 81171659
9 779289270
9 466319602
9 855324092
9 753875559
9 699776351
9 415269224
9 422907
9 155592134
9 195379540
9 618252079
9 957846239
9 713390124
9 236734479
9 854968187
9 157566119
9 487294097
9 229208146
9 865725905
9 443166497
9 256909465
9 962276631
9 235341779
9 467507249
9 862551549
9 698109575
9 941102889
9 803325339
9 885764539
9 250522179
9 707180689
9 388461809
9 278544029
9 219778504
9 849698735
9 320307669
9 783655029
9 46971673
9 318478679
9 739139710
9 16761559
9 279782746
9 254071269
9 702183479
9 740282259
9 996111756
9 532001309
9 341561319
9 830766149
9 183763029
9 356363439
9 796080718
9 192762707
9 693342256
9 902760048
9 416900422
9 514120459
9 746165297
9 890328624
9 14912591
9 949770397
9 158503229
9 238970871
9 846133594
9 585715139
9 121645089
9 350894097
9 189402101
9 222006359
9 839003932
9 554126971
9 265896643
9 488638579
9 97883521
9 934291844
9 983297012
9 596970730
9 847882159
9 702925143
9 310732869
9 469069346
9 618842961
9 46971727
9 964845630
9 641805539
9 465652859
9 494952056
9 196157857
9 490790762
9 130688889
9 282651789
9 457294249
9 521179965
9 675148193
9 773119999
9 111481903
9 564169277
9 46677990
9 844445759
9 901840635
9 620826669
9 21652894
9 667933513
9 254112609
9 280642119
9 124462079
9 430720289
9 182976012
9 579954937
9 521780339
9 449974778
9 482307179
9 185079166
9 969068296
9 73626549
9 613282269
9 546046179
9 384172489
9 604581009
9 703443509
9 192558322
9 496737539
9 969811526
9 190983111
9 726638924
9 410575079
9 993638245
9 82284389
9 646374069
9 267002819
9 833453679
9 652222649
9 982977680
9 145939888
9 110756069
9 898024070
9 843688139
9 125631859
9 504235319
9 684392216
9 493682013
9 285882935
9 420403449
9 952769971
9 331256593
9 822458129
9 460398095
9 130501179
9 933291381
9 519279166
9 956973975
9 804607974
9 480484991
9 347211907
9 618714829
9 7963750
9 320727279
9 366319616
9 248830389
9 267344009
9 387709643
9 838762859
9 79632354
9 467972732
9 920934287
9 624873059
9 837305929
9 579627797
9 927844234
9 985296942
9 133640938
9 287204159
9 97363427
9 319224337
9 833777059
9 85645209
9 489535518
9 218092976
9 219598707
9 514699454
9 873592215
9 664035749
9 432280549
9 263810998
9 834177579
9 226141009
9 709400322
9 782758089
9 740097425
9 304297372
9 246425289
9 70277779
9 339151275
9 757441869
9 109054173
9 767104943
9 484297213
9 685881059
9 875558639
9 944729748
9 236752319
9 309213524
9 413212449
9 790901056
9 888140419
9 680475395
9 218309561
9 631279869
9 454458794
9 500721639
9 443495496
9 215407459
9 696695391
9 598059968
9 122239204
9 270491321
9 508634689
9 585354619
9 166227309
9 251815039
9 595441487
9 110171559
9 432079489
9 816335339
9 509818370
9 412102109
9 32244669
9 257817294
9 1000009
9 812926240
9 13337179
9 136132819
9 190386755
9 149653059
9 957577393
9 757175629
9 650544369
9 923056165
9 179658127
9 29785113
9 766040439
9 621030859
9 728659921
9 569674110
9 433623229
9 274209479
9 553161869
9 137781769
9 312781946
9 950168778
9 979341488
9 249823438
9 421541819
9 601440789
9 227258039
9 527730559
9 728781079
9 281148319
9 481163639
9 21867609
9 232009102
9 943567540
9 714730029
9 927249222
9 892793586
9 279336802
9 723091576
9 221088309
9 908561630
9 477295491
9 419780244
9 266890887
9 874151689
9 976515482
9 812211679
9 618748529
9 822033189
9 874631109
9 49990304
9 694370606
9 214394834
9 615533079
9 405719419
9 531002259
9 872357999
9 515043029
9 526277589
9 548456129
9 198538660
9 166469338
9 319583752
9 134844309
9 181318169
9 536746649
9 106233429
9 85938950
9 12022569
9 488408429
9 948603632
9 248210779
9 116551519
9 692199976
9 576415019
9 821996359
9 576666669
9 506278419
9 815389939
9 175732829
9 562866912
9 923866455
9 651878139
9 283917982
9 960271549
9 493425340
9 696110735
9 107913553
9 469188851
9 691845835
9 43846219
9 312493275
9 920015478
9 49894531
9 799958660
9 40346069
9 676412249
9 65569384
9 969268238
9 95355614
9 988158084
9 887644489
9 298474792
9 409630612
9 918195584
9 20222589
9 275013398
9 812736789
9 81065629
9 87352891
9 936805184
9 748158693
9 674693192
9 498858216
9 723599881
9 671519002
9 575977537
9 611303539
9 13095792
9 916400942
9 517469307
9 125649412
9 318693482
9 928816683
9 82402289
9 263642809
9 297970343
9 81655479
9 421803019
9 496184599
9 469530885
9 234269474
9 11644329
9 725782139
9 308766719
9 317821259
9 806569590
9 65995525
9 933596540
9 979805054
9 200407549
9 824079720
9 395146956
9 814540609
9 71862319
9 446292993
9 565295927
9 607394006
9 163962616
9 554806649
9 670831359
9 122677709
9 275784295
9 35562359
9 139084146
9 686028779
9 990353824
9 193508651
9 482189670
9 440413609
9 544726978
9 12409815
9 762267495
9 775800309
9 139907102
9 440332259
9 187371079
9 876090896
9 715871691
9 782401979
9 60513595
9 694580875
9 969101529
9 814485809
9 37895542
9 284498538
9 276139502
9 225807289
9 387417379
9 469158219
9 923764818
9 852032319
9 949969904
9 576143609
9 861248389
9 229573927
9 827361029
9 643020529
9 343446879
9 355988974
9 347280975
9 303210369
9 122580509
9 181279627
9 299951679
9 41201359
9 883526179
9 639646633
9 928982593
9 821187629
9 810530849
9 681882639
9 508001239
9 863616269
9 278603149
9 402622159
9 763144439
9 625281489
9 43057769
9 682690638
9 705554974
9 27556289
9 14171869
9 74235129
9 795579673
9 30208019
9 134527159
9 847466069
9 35550639
9 156915633
9 88551529
9 637957133
9 359543553
9 270566789
9 339482300
9 447453379
9 852992928
9 222032894
9 587950931
9 474988356
9 287749686
9 168055049
9 932882768
9 460351749
9 548809133
9 4864439
9 392735577
9 102644449
9 362640849
9 85018961
9 809809691
9 597145851
9 625008967
9 219275722
9 113212219
9 415118809
9 918721328
9 482838639
9 720248329
9 394984608
9 252149551
9 294525283
9 994734824
9 719219923
9 125107993
9 890270586
9 956405596
9 518480449
9 141003439
9 843400369
9 986725869
9 317118139
9 560384469
9 857565769
9 431260974
9 492774464
9 18092468
9 350004169
9 210924575
9 54255951
9 350952163
9 781918942
9 232003879
9 201909175
9 724447489
9 6915375
9 363074489
9 684602129
9 422693560
9 510770169
9 727519774
9 333346449
9 337220139
9 300140679
9 59445722
9 203402590
9 510777459
9 811154196
9 86322349
9 887136494
9 20118539
9 207956494
9 159140649
9 980338167
9 934608978
9 175755964
9 428746039
9 658434549
9 166586961
9 722596176
9 272957546
9 3062849
9 316860839
9 646593458
9 757566981
9 615156349
9 503764379
9 765654329
9 796986572
9 780650069
9 707860859
9 510373669
9 558726719
9 911631729
9 535254549
9 505737719
9 850969455
9 860470191
9 950156680
9 802191952
9 789155384
9 385118789
9 713107549
9 321060659
9 57957096
9 129281254
9 786920543
9 850554890
9 475129069
9 4215829
9 131045979
9 423568409
9 385971719
9 398085213
9 877488924
9 82668429
9 922197417
9 711184119
9 354414139
9 932979966
9 910668207
9 319680558
9 630079222
9 185552900
9 772823609
9 484062619
9 203235219
9 144681389
9 400980158
9 660970602
9 769851386
9 953655558
9 112947949
9 925916004
9 578285599
9 680000189
9 533347791
9 825470098
9 59137392
9 883554689
9 351093856
9 875744259
9 953958224
9 608962935
9 423782119
9 95339879
9 927488288
9 883296863
9 185169113
9 583007419
9 664545079
9 846290784
9 930475669
9 17199907
9 72432149
9 822104259
9 596188659
9 986679778
9 422442958
9 542721169
9 722067529
9 876319651
9 196774133
9 605625209
9 15143669
9 325348029
9 57605429
9 753161997
9 189427273
9 179547230
9 185174619
9 311458595
9 212939828
9 76702229
9 124369578
9 201665269
9 625548991
9 745103349
9 70493454
9 198438011
9 172025469
9 596046508
9 811870329
9 579052185
9 473117069
9 800899394
9 531489310
9 891534133
9 100560019
9 594892179
9 44941803
9 403689132
9 441506419
9 342455679
9 149106413
9 35162769
9 329374322
9 372405749
9 545798980
9 516854889
9 82810409
9 185122894
9 74044459
9 79684592
9 427380589
9 455310839
9 44726399
9 425618549
9 682333079
9 453031922
9 90716739
9 169648881
9 592368082
9 323628469
9 552300439
9 974976567
9 863619502
9 288541999
9 472748299
9 2518659
9 938844240
9 375436971
9 754333509
9 781355829
9 782615029
9 530683519
9 870014369
9 285420119
9 315764369
9 792123395
9 509120833
9 438455349
9 610149609
9 863421659
9 906210781
9 694611886
9 103685970
9 35806409
9 301279444
9 472278029
9 561980423
9 49926305
9 654112297
9 236123549
9 343650859
9 658828019
9 745776219
9 832650229
9 261432029
9 432757889
9 244156719
9 37806059
9 694925764
9 258745449
9 230754589
9 313295429
9 387600739
9 1910227
9 654868739
9 552196373
9 346905833
9 684612569
9 514247229
9 936634628
9 749266570
9 329745430
9 417002729
9 72276899
9 603895279
9 11357039
9 442560955
9 131088319
9 282316089
9 168431869
9 318066889
9 524254429
9 208320749
9 461322839
9 451547449
9 848249056
9 393075294
9 318759500
9 96338666
9 54555092
9 22069954
9 524865639
9 16180049
9 125745409
9 625773089
9 907963974
9 2194106
9 472573994
9 68742169
9 166201319
9 16404559
9 958565426
9 536647839
9 325582092
9 997052578
9 211300109
9 355692819
9 830719480
9 967421402
9 198260929
9 282167059
9 277435981
9 351994324
9 563096011
9 329399022
9 898783263
9 655969163
9 922001015
9 467303889
9 153157979
9 208600921
9 305324239
9 316177789
9 316360079
9 950789023
9 574338509
9 166344249
9 848732139
9 149008277
9 597149851
9 397785857
9 33825889
9 15724139
9 428822459
9 30817489
9 243736829
9 41032109
9 713877779
9 880665919
9 509636585
9 872227739
9 366087569
9 501502519
9 836080429
9 525579712
9 400631649
9 333979287
9 933313191
9 864972024
9 838871189
9 360554139
9 458703729
9 120964193
9 191392765
9 724248429
9 160859623
9 797939431
9 686586639
9 43058049
9 978406351
9 409360228
9 559924386
9 316619968
9 312526970
9 402051519
9 74974809
9 317439135
9 808806879
9 339769133
9 468544479
9 487497356
9 162124209
9 454548926
9 606379221
9 753277539
9 29456469
9 480663779
9 729289721
9 246683059
9 732713669
9 68007739
9 624792968
9 433908303
9 295310204
9 878606988
9 203634039
9 700279086
9 409079504
9 357350739
9 184072689
9 536506569
9 12978260
9 829854485
9 395460619
9 327141029
9 656600094
9 234591259
9 917294287
9 464084239
9 271251449
9 913107515
9 565135539
9 943301331
9 424423729
9 184500698
9 520843269
9 511733359
9 850485769
9 532919801
9 933226532
9 962187226
9 916093092
9 770720459
9 747438529
9 858683109
9 848481119
9 876250279
9 493466782
9 450174149
9 244008079
9 487766739
9 10000009
9 881724539
9 612070379
9 193749585
9 242387529
9 922461788
9 674237049
9 938312216
9 327110792
9 93955458
9 995558349
9 599330067
9 607081839
9 593418480
9 636831129
9 303645659
9 500840579
9 426340709
9 750743219
9 151373519
9 627930136
9 312144539
9 182493124
9 187849336
9 109189677
9 347223659
9 197844712
9 513595765
9 450443901
9 434850789
9 124092953
9 795190291
9 145034956
9 368742849
9 710005039
9 136262719
9 81011269
9 528180659
9 166452739
9 747510519
9 857056692
9 250193732
9 132648729
9 625398103
9 209764453
9 86516509
9 333453679
9 83184829
9 846552905
9 436586990
9 411442879
9 935268856
9 650472419
9 997161800
9 309998424
9 915373618
9 541713179
9 640243009
9 585849835
9 82131988
9 595077546
9 5559726
9 103986834
9 301324329
9 130936094
9 117747089
9 873193017
9 96700702
9 103501910
9 604884669
9 375009754
9 722749752
9 386554109
9 663893365
9 828890705
9 633373729
9 184211319
9 152435689
9 206787449
9 443480739
9 331394115
9 419606323
9 307327049
9 411636009
9 310721590
9 57563729
9 316436097
9 341507319
9 987842775
9 633947983
9 363041129
9 380500229
9 913372601
9 88566395
9 724615509
9 17967323
9 637045619
9 904856784
9 166049247
9 13324629
9 410878479
9 279790240
9 938879566
9 756014509
9 647885829
9 987329642
9 954716757
9 431425879
9 190746737
9 501716259
9 916168330
9 9030290
9 573432209
9 35790769
9 373058249
9 179528491
9 952289006
9 527858679
9 664796141
9 16103669
9 978474061
9 87113659
9 558905758
9 445358679
9 816925566
9 167540459
9 116660519
9 551620609
9 45043259
9 913393929
9 362663779
9 198059756
9 130234729
9 694959997
9 301189444
9 618954777
9 254452259
9 448067984
9 151855139
9 353692030
9 523039122
9 383402934
9 555712609
9 36955206
9 988856333
9 677156469
9 83821569
9 527168219
9 563036961
9 742095135
9 108386129
9 70651669
9 410488509
9 327954763
9 251246549
9 599260352
9 979129913
9 755482961
9 586312489
9 949790807
9 185924424
9 191133900
9 649649596
9 440401319
9 898478455
9 240344609
9 981047507
9 813770669
9 635398018
9 953211690
9 519033792
9 456940053
9 74269471
9 985080355
9 48886769
9 648230089
9 482113809
9 743550249
9 991769110
9 896672385
9 623610409
9 759284429
9 536241879
9 854899094
9 266397079
9 926540034
9 720546519
9 458260869
9 374918163
9 141628149
9 932214460
9 603849557
9 713371906
9 930213429
9 697589763
9 349107627
9 376200189
9 74499589
9 414688549
9 931211070
9 4822089
9 162496149
9 629731142
9 81275159
9 283907574
9 537737769
9 566249957
9 674869599
9 370043569
9 941582503
9 497100422
9 634711459
9 733235249
9 832449840
9 11641329
9 107773997
9 330905819
9 452814339
9 937062515
9 981800646
9 584066790
9 573280159
9 797899288
9 194371882
9 464444329
9 653066649
9 799083377
9 264696043
9 89683136
9 201301689
9 86666479
9 863783169
9 578582923
9 177003509
9 16853479
9 175856639
9 675270179
9 354307529
9 871703369
9 466486179
9 339491899
9 880288669
9 723734009
9 215815769
9 960811666
9 747058209
9 341709379
9 999474955
9 930278471
9 664079137
9 610321829
9 110743049
9 698351375
9 483449390
9 545987405
9 140075309
9 338500904
9 692521666
9 670629027
9 903445015
9 552510359
9 501031239
9 300306849
9 198250256
9 605701519
9 845524559
9 855085894
9 679336798
9 898066001
9 575264719
9 419664961
9 850727809
9 332520279
9 785385469
9 564283469
9 103798771
9 969768641
9 256087019
9 453766297
9 379546236
9 512138339
9 727206971
9 237914760
9 966903900
9 333158389
9 338652609
9 996933149
9 87436429
9 469836490
9 555979016
9 551715931
9 65486529
9 87295955
9 512824935
9 610114529
9 104822309
9 739956626
9 952747876
9 227827910
9 940654990
9 209517164
9 125538938
9 990552071
9 42852619
9 540644289
9 44192111
9 861912231
9 40942068
9 501806219
9 210419312
9 544154589
9 588017119
9 490121876
9 332472549
9 614675795
9 631404219
9 393883431
9 919538333
9 447819503
9 458258029
9 180002269
9 926827039
9 464194646
9 872085589
9 395044555
9 168643219
9 168085479
9 265698151
9 801514489
9 854437059
9 111238119
9 834857692
9 405280659
9 178157689
9 683546449
9 110807579
9 350201209
9 61275963
9 231744922
9 932556217
9 742379878
9 973582748
