9 768141449
9 504855669
9 575993233
9 95385915
9 94082027
9 376871729
9 259924030
9 528887229
9 116517319
9 208966902
9 467524519
9 542521869
9 73168559
9 39022877
9 552720069
9 10500209
9 873557069
9 280090048
9 337661239
9 922252670
9 788131977
9 185044879
9 189114115
9 83695398
9 80925821
9 651483459
9 157533179
9 593430677
9 705019250
9 808004419
9 67750962
9 638619039
9 182499090
9 671213119
9 765725993
9 253165579
9 741549809
9 87461629
9 720493279
9 956181006
9 186299387
9 19276337
9 67693700
9 544907631
9 879101985
9 626701349
9 856265119
9 228019926
9 190815415
9 471260879
9 578206159
9 977262114
9 853147195
9 745851759
9 751781439
9 899396320
9 860849836
9 336426459
9 632844789
9 386221195
9 788885689
9 523453892
9 723508679
9 977562032
9 950877486
9 366415980
9 201506669
9 440857189
9 228574049
9 391748785
9 894368550
9 808926223
9 141739531
9 249153610
9 472643739
9 786211689
9 784083179
9 493109194
9 592182910
9 788031669
9 939634916
9 67459916
9 140530059
9 852402509
9 534972068
9 872287679
9 811543089
9 576514859
9 340334509
9 609279580
9 696566894
9 640834309
9 714458009
9 490387044
9 391908147
9 259874593
9 651202689
9 657017149
9 492524803
9 104412639
9 12231379
9 600686329
9 674310019
9 927158900
9 381845089
9 916734306
9 162092870
9 916034318
9 96515204
9 463807759
9 136809433
9 20885779
9 392099111
9 21354289
9 46499210
9 536524903
9 684039738
9 482322189
9 489774023
9 672482490
9 662316909
9 659390632
9 122529495
9 263579077
9 629865751
9 149691880
9 360126539
9 188770998
9 366003509
9 948341751
9 429442668
9 670463659
9 757279003
9 164417559
9 859752782
9 197948004
9 25225609
9 348605809
9 516252901
9 727729062
9 305265159
9 302474169
9 886038819
9 375975688
9 244855649
9 103763589
9 688653489
9 999806948
9 565126292
9 191116065
9 539990934
9 598465938
9 56303559
9 620883349
9 78465859
9 70856922
9 381605912
9 306085739
9 782303449
9 323746449
9 143323889
9 29970130
9 163713976
9 238778829
9 476101910
9 865603219
9 568170209
9 768528839
9 816779824
9 283297764
9 862614697
9 224184229
9 252886964
9 662616809
9 863962274
9 769175942
9 776699576
9 648843392
9 65263069
9 291080252
9 334068549
9 769302029
9 680159784
9 765029677
9 624605594
9 479559021
9 620448879
9 737817159
9 264092876
9 900728820
9 177468991
9 441668759
9 851499002
9 745916399
9 683566789
9 61415169
9 781260449
9 719819043
9 969989674
9 160760409
9 508846289
9 145247429
9 57277869
9 103969755
9 111741149
9 457324489
9 193646556
9 503847029
9 756976595
9 868512539
9 431368019
9 80899391
9 584020519
9 471838459
9 998965038
9 687959537
9 222475419
9 344097049
9 946699052
9 505289343
9 433182289
9 22241219
9 508319880
9 731204779
9 637690583
9 635184239
9 752545819
9 423917746
9 688825169
9 44607019
9 555508719
9 817671059
9 127878789
9 427284059
9 970576708
9 112482089
9 733594204
9 826858579
9 749383418
9 198810763
9 216758897
9 414138159
9 65323279
9 87336829
9 241119767
9 957076790
9 98966888
9 64421159
9 317831439
9 997476212
9 818800968
9 190790090
9 34698512
9 996029839
9 46295158
9 491773255
9 705234059
9 133135239
9 347928712
9 709136280
9 676890701
9 166971529
9 814341989
9 526215339
9 405526209
9 286302009
9 856203029
9 977885924
9 477010569
9 121503359
9 1000009
9 683740569
9 636393128
9 318827924
9 807890113
9 293402628
9 795659023
9 343248369
9 140936364
9 908116529
9 52293198
9 608204139
9 187874349
9 85481297
9 411847429
9 182606529
9 902972202
9 784274990
9 582970880
9 207146749
9 93990712
9 489900636
9 573579484
9 770735039
9 264538389
9 858707339
9 399294894
9 192940520
9 900334412
9 931855128
9 938991992
9 861221869
9 8166259
9 638621269
9 69980798
9 489265024
9 562766509
9 771861109
9 728108109
9 525519651
9 198400354
9 613434009
9 790763788
9 128080629
9 273768179
9 613817559
9 934148043
9 609281407
9 231049341
9 768570809
9 641963229
9 359151798
9 546044029
9 607353889
9 165302649
9 779792904
9 593346249
9 287438329
9 199338801
9 707396116
9 980900185
9 249335170
9 48666719
9 828486589
9 289488389
9 489502625
9 730659830
9 731872819
9 724985500
9 496764516
9 224446792
9 252687679
9 729757850
9 143150289
9 626570639
9 83801795
9 45241839
9 779139920
9 670462309
9 70999501
9 114700394
9 75007159
9 334176694
9 61303569
9 470589059
9 791919108
9 658946283
9 796300974
9 631073089
9 731164479
9 711373189
9 432562849
9 329153281
9 680448579
9 572311529
9 230539966
9 690234853
9 144755379
9 670615549
9 442306229
9 878566169
9 445287489
9 220701298
9 79242524
9 931140797
9 205465879
9 261497561
9 96705626
9 521650669
9 701834958
9 88692465
9 796362859
9 663250059
9 982461857
9 620930885
9 256491213
9 767937768
9 324415109
9 479205580
9 397383242
9 59298893
9 533593827
9 744269634
9 957426244
9 118218749
9 304556549
9 237871459
9 989596117
9 56120359
9 995467307
9 657716379
9 474396404
9 54080049
9 635843009
9 893813777
9 759228756
9 627821109
9 98294876
9 848540459
9 674609010
9 450865869
9 68627339
9 87970623
9 933933479
9 305486659
9 148583819
9 237192185
9 461707079
9 936172289
9 297439170
9 895180261
9 683294454
9 449369993
9 956101915
9 930022177
9 589984323
9 48807769
9 36258809
9 292627601
9 872916417
9 679790665
9 385318649
9 227929186
9 646924139
9 763393916
9 626004934
9 413176229
9 123908454
9 250225289
9 563647069
9 300676459
9 810281679
9 392399806
9 3217097
9 262336169
9 909891448
9 522215849
9 472557939
9 505399485
9 155066489
9 847848229
9 149870788
9 250385749
9 941814136
9 911788228
9 290123531
9 125493732
9 609458064
9 942980842
9 212328349
9 864314905
9 248380492
9 925278223
9 57235019
9 115829639
9 835581792
9 462624329
9 203816791
9 333948465
9 367242419
9 943964162
9 68616349
9 808505839
9 462815249
9 236358109
9 703030219
9 187161197
9 245927476
9 760059143
9 39375103
9 625837329
9 180199237
9 620998420
9 615674179
9 437578729
9 163910214
9 226317049
9 153095365
9 665485669
9 273062729
9 897982595
9 105713799
9 39392749
9 269199711
9 844789542
9 843279040
9 801294290
9 547426249
9 846165729
9 131936127
9 187909377
9 340893147
9 428239987
9 90558712
9 235690967
9 639186868
9 77041559
9 802994427
9 173972608
9 580088059
9 921537527
9 219703946
9 977932262
9 909762741
9 435793219
9 210505759
9 476773329
9 181301629
9 322634934
9 204596695
9 667934562
9 163993524
9 719338265
9 549666940
9 953659749
9 174569937
9 228171409
9 354024219
9 191889971
9 189074179
9 165649427
9 714756849
9 328121809
9 904283849
9 202054439
9 115380039
9 732232921
9 689457006
9 519211168
9 490697213
9 355739227
9 939531602
9 816317739
9 401967216
9 237846569
9 316566419
9 866800559
9 888069153
9 491237017
9 385267069
9 188426859
9 369117141
9 970524574
9 10508999
9 56187984
9 83557439
9 554405149
9 300129024
9 868818169
9 375224039
9 741303519
9 589828410
9 204547595
9 533364697
9 218227589
9 139200565
9 444150059
9 729486660
9 157221359
9 538243239
9 499336749
9 612403779
9 434144149
9 310390043
9 950754172
9 2412469
9 331198830
9 168209825
9 320035489
9 983578192
9 370268829
9 796379732
9 509693613
9 598250915
9 667050239
9 654142965
9 841594375
9 196577073
9 692412034
9 197497454
9 725376129
9 819796384
9 531795269
9 855561986
9 38659800
9 626276859
9 614031279
9 746839712
9 396249664
9 372263029
9 544655494
9 525956973
9 623276349
9 471709881
9 196395893
9 233580982
9 406918025
9 161402109
9 885626964
9 608866179
9 457827219
9 506828129
9 210214719
9 37362319
9 155014059
9 344223729
9 803609736
9 909177597
9 17387498
9 781158819
9 794515472
9 9663713
9 924053585
9 255555559
9 626541709
9 209190418
9 257132629
9 227733029
9 925972501
9 799193592
9 697235104
9 966662164
9 864145609
9 471232019
9 637024349
9 279315675
9 971929189
9 823583479
9 426354529
9 420902522
9 770307739
9 82386649
9 123912666
9 637256689
9 924610108
9 207401349
9 349516275
9 138316179
9 792447072
9 640059447
9 152645109
9 711770409
9 572253319
9 507658769
9 681009399
9 429105631
9 298630119
9 639392385
9 198666872
9 260506879
9 427974250
9 882686729
9 229389114
9 853957474
9 1067029
9 92533366
9 689974092
9 337950058
9 61433029
9 802019687
9 60055379
9 689252106
9 593210508
9 935163800
9 984211905
9 573115339
9 742035729
9 905921160
9 295084469
9 815178099
9 454057109
9 778624149
9 646379914
9 558230609
9 69695844
9 661499494
9 204514019
9 687395143
9 672757629
9 602893475
9 447300849
9 503860189
9 204230619
9 300031589
9 253208219
9 607526309
9 778778259
9 463523079
9 278030709
9 428071469
9 595255334
9 236114709
9 307988309
9 272749860
9 897294815
9 108515459
9 891462284
9 581189435
9 140678719
9 284555019
9 406475369
9 884787898
9 467487319
9 540573769
9 448395086
9 816806889
9 36954078
9 495342922
9 389158276
9 571452169
9 229091435
9 508951794
9 626884891
9 703159091
9 931585079
9 525059002
9 418186359
9 326423059
9 577615229
9 805424129
9 24627719
9 377592643
9 955025064
9 301588729
9 172851909
9 852837179
9 499019239
9 489936946
9 106859888
9 148023809
9 132433927
9 723238489
9 169311169
9 482118239
9 400807879
9 132318988
9 189816728
9 595535928
9 386984629
9 405604906
9 515325809
9 415120609
9 628322259
9 126689206
9 219661237
9 715096728
9 669811519
9 440835749
9 78479950
9 876523659
9 464510759
9 680638179
9 257507279
9 762510539
9 518123793
9 592680272
9 600664719
9 520045229
9 219608890
9 394493431
9 546598426
9 456240349
9 176511219
9 509000434
9 879626701
9 345877559
9 383070589
9 172386759
9 207413669
9 620329318
9 522889133
9 375343039
9 704301359
9 411926327
9 907553901
9 263027900
9 800209537
9 20398701
9 81717519
9 953397112
9 548799006
9 501719478
9 33753669
9 344873109
9 38883329
9 343512569
9 596482572
9 74677579
9 72610329
9 481179881
9 464376069
9 976341461
9 971290424
9 161306679
9 800865229
9 454752129
9 843684690
9 289374081
9 778383369
9 632618769
9 855965827
9 456059471
9 410017693
9 46400479
9 254349814
9 570398112
9 767913852
9 174029873
9 85490407
9 666380189
9 909030587
9 594837380
9 194066218
9 620715719
9 14806189
9 277067129
9 203132091
9 949169028
9 751182559
9 558459403
9 310328239
9 775632439
9 359968266
9 422789229
9 709697910
9 621936264
9 567406649
9 502802191
9 18150379
9 330641519
9 530082419
9 690963249
9 588626491
9 500426149
9 796227657
9 732629125
9 691587023
9 800095892
9 175472649
9 98542648
9 504562179
9 670216339
9 121044795
9 988286615
9 244862889
9 42397093
9 440540159
9 398504591
9 823758029
9 690152661
9 206190367
9 963546460
9 539262841
9 70573879
9 869084891
9 654055089
9 712738259
9 423020591
9 446715392
9 759744934
9 397403874
9 23067279
9 926194969
9 839505052
9 478321952
9 125115669
9 532483859
9 299427301
9 837852609
9 546912578
9 572592302
9 932341900
9 491051855
9 69871103
9 777176069
9 138919378
9 60188819
9 142725539
9 672217389
9 353930737
9 760999967
9 273153249
9 306197236
9 186987953
9 463951228
9 984309264
9 798844296
9 171579937
9 859736687
9 592510516
9 960888932
9 402028639
9 172473097
9 98391686
9 978864383
9 281382769
9 515745779
9 545682179
9 390383875
9 555704941
9 509777909
9 755256659
9 378252956
9 707201109
9 795480897
9 670340179
9 321861909
9 571699796
9 407055139
9 203174809
9 267410539
9 444877429
9 747375579
9 409807737
9 462047229
9 19863896
9 498988347
9 398397991
9 422895388
9 204652449
9 416613369
9 852137819
9 876506099
9 296138616
9 125594349
9 912967314
9 950029289
9 975321230
9 610809645
9 234470439
9 973253822
9 535207059
9 410924826
9 223002329
9 920892737
9 557185489
9 820553994
9 397533042
9 613017709
9 40886229
9 684864229
9 460183159
9 70594458
9 223037739
9 603515379
9 453756809
9 406130219
9 160509823
9 685195653
9 96360015
9 990048378
9 557426439
9 524139954
9 691830884
9 69486975
9 816883978
9 141322229
9 781886359
9 671558629
9 810103169
9 340109097
9 321684519
9 130335159
9 438527789
9 643201709
9 463577911
9 119281836
9 568875049
9 236215059
9 729444625
9 528523936
9 689380777
9 32399103
9 742364409
9 945104415
9 783736629
9 68318395
9 987593535
9 279324922
9 669440292
9 433686629
9 575282149
9 4017649
9 88271793
9 763565179
9 676577089
9 818804869
9 87717319
9 697280413
9 115888079
9 672376192
9 100721379
9 16655339
9 96385132
9 718645519
9 144635729
9 53814493
9 194891673
9 310986376
9 604940476
9 164206798
9 892460408
9 426463189
9 510478519
9 624311729
9 392478357
9 849785046
9 505522329
9 460162229
9 194181013
9 171980512
9 870745559
9 54991802
9 249376764
9 117555977
9 297272069
9 847750359
9 381083679
9 551579246
9 74331779
9 291184034
9 542192360
9 82743089
9 56370119
9 476588489
9 858496545
9 461966645
9 210321859
9 949396726
9 393212987
9 509924157
9 322168193
9 136815839
9 293517854
9 359264627
9 397765950
9 392893114
9 270745749
9 794481017
9 14235749
9 728187519
9 755056449
9 175699758
9 523245669
9 337859524
9 655049187
9 921564554
9 320134089
9 868316039
9 991124374
9 752919322
9 863643849
9 924199384
9 24740609
9 785176679
9 364975673
9 641384029
9 669715455
9 394251994
9 387265819
9 616699469
9 837639108
9 74607089
9 379247039
9 465520129
9 957250710
9 332354679
9 588760789
9 870876729
9 670276819
9 349571171
9 482751950
9 430229957
9 80899349
9 13243749
9 150541319
9 150557091
9 780067249
9 78766904
9 713126049
9 186432629
9 138723639
9 853530439
9 604903425
9 622560829
9 490880421
9 545628549
9 722350799
9 438276098
9 836784094
9 934830599
9 64550029
9 275687189
9 998184210
9 636401779
9 616347609
9 779868827
9 444709599
9 785648789
9 920834414
9 503898722
9 517409850
9 575512679
9 998478882
9 32776609
9 455541965
9 926645592
9 892236715
9 478063279
9 546437129
9 114708079
9 383394075
9 65982428
9 329123157
9 193100951
9 874601449
9 665914457
9 692820406
9 816469177
9 984033290
9 794754393
9 42774209
9 426897127
9 673850829
9 294491193
9 204532209
9 988555570
9 828325198
9 899706904
9 742240569
9 939303658
9 581091547
9 831513498
9 851649870
9 441732479
9 568661619
9 392073740
9 650112719
9 240261089
9 44370669
9 31916246
9 92348866
9 647778729
9 591965667
9 738452639
9 607504669
9 333873109
9 366502849
9 29025167
9 304969509
9 935233686
9 815534389
9 319251258
9 602995844
9 904431082
9 482022159
9 85709130
9 608345119
9 792399017
9 952608969
9 261654009
9 104154079
9 534107719
9 331343749
9 918258809
9 726825595
9 463129338
9 197594359
9 681422769
9 639209255
9 726539139
9 510570309
9 885825339
9 234782409
9 328404369
9 158631192
9 586669594
9 477573109
9 604585169
9 106211169
9 418939161
9 897058292
9 115662839
9 439291936
9 269276320
9 871582952
9 581934284
9 416921499
9 351329346
9 238476097
9 881462519
9 843697352
9 198975882
9 38165799
9 360604859
9 107949831
9 164849149
9 182773289
9 244212879
9 668107391
9 780798161
9 948964438
9 965126318
9 204959913
9 852711549
9 44774319
9 817185339
9 471603769
9 843123329
9 88277619
9 84907186
9 567570119
9 763940991
9 325093165
9 111437069
9 699454146
9 975263644
9 559074580
9 13440069
9 387932645
9 916057995
9 240976768
9 223312319
9 160551359
9 42986088
9 698763390
9 267047879
9 606648689
9 433224639
9 804589483
9 522167949
9 475597498
9 796735757
9 828955095
9 832776209
9 690410112
9 469800280
9 947335708
9 863868991
9 942464594
9 525936249
9 856014249
9 776322479
9 557099002
9 234012739
9 905673079
9 7401589
9 524381509
9 217987149
9 576227879
9 680676389
9 869868773
9 710486139
9 729359524
9 137260976
9 973116431
9 883903172
9 595527615
9 573972198
9 676396282
9 772529766
9 292447827
9 978178553
9 546628891
9 908764961
9 290261729
9 622164669
9 746370219
9 123670294
9 938859338
9 281276269
9 600874139
9 346865879
9 835224719
9 461787139
9 809444909
9 494052453
9 748479528
9 474101889
9 368739649
9 566469251
9 567335944
9 790526973
9 219814524
9 129173411
9 84777109
9 383902469
9 481128293
9 774410895
9 578801239
9 164658549
9 513902049
9 967483888
9 360733509
9 543172509
9 393238969
9 104370239
9 488715409
9 511349137
9 610148809
9 394138850
9 633033839
9 829022432
9 338213779
9 799282048
9 119895590
9 247131349
9 470574779
9 579265305
9 114657619
9 8583797
9 527594375
9 758154329
9 770642359
9 418652595
9 393322228
9 581267309
9 652427089
9 116836149
9 891664290
9 257601937
9 575430349
9 551195422
9 503710999
9 781610039
9 952262448
9 331212594
9 117371879
9 4877459
9 550020119
9 675482189
9 10163829
9 211156459
9 321400679
9 993694934
9 688224179
9 958493606
9 989511423
9 683394475
9 914806950
9 169409473
9 435106905
9 742246907
9 204492335
9 811206849
9 418858889
9 954545041
9 54823209
9 250018395
9 405409281
9 91880274
9 373892768
9 479055540
9 925563754
9 489062565
9 276074359
9 683241809
9 210062798
9 153301309
9 414129095
9 727753509
9 943022938
9 397125716
9 618175829
9 344656529
9 422242369
9 241795909
9 305030979
9 479406601
9 85017993
9 589528504
9 895291039
9 857688319
9 369141275
9 763441409
9 12480709
9 494791429
9 291770428
9 8445859
9 227756913
9 147975528
9 126383099
9 514369476
9 72839459
9 848209129
9 321812079
9 664617609
9 607458389
9 952120828
9 173717619
9 127818639
9 212229254
9 223374509
9 743299529
9 117923900
9 615349944
9 93537516
9 956667506
9 364555129
9 874104849
9 552643229
9 938666213
9 60301459
9 811834859
9 757263479
9 885631559
9 335804912
9 405435209
9 916260657
9 806763979
9 239742601
9 742155159
9 415731359
9 772121096
9 776712779
9 159179840
9 751565669
9 874241190
9 464804419
9 290545443
9 145243729
9 179365458
9 57908925
9 83519391
9 457336379
9 821229163
9 985440945
9 359736841
9 849151514
9 938326698
9 996837438
9 977398720
9 657925689
9 825864849
9 721085089
9 288284629
9 37977094
9 873830469
9 371142509
9 644845579
9 892685042
9 464036689
9 671642779
9 672246359
9 761056879
9 129413603
9 548888249
9 93412942
9 387592437
9 472442749
9 881950973
9 25438219
9 760155869
9 37665339
9 150941666
9 549434133
9 174776109
9 518373975
9 250431829
9 250033379
9 709550674
9 210392210
9 923750247
9 219364606
9 192107822
9 61878139
9 49677398
9 450604329
9 646825591
9 495967825
9 32885179
9 552420589
9 559605735
9 500271849
9 629622447
9 855616926
9 54556649
9 287882089
9 980001945
9 566819083
9 434971471
9 263541980
9 569651221
9 384982997
9 624686289
9 614038539
9 811406079
9 552375039
9 482198773
9 832949506
9 541715389
9 487577779
9 387319707
9 450219234
9 390371276
9 774161789
9 553178819
9 661342739
9 879413172
9 171853359
9 587754319
9 204577229
9 953286545
9 338862819
9 814925092
9 141677749
9 543366396
9 293201895
9 140945830
9 823336079
9 354932840
9 220707961
9 479187193
9 252560259
9 109448608
9 312135689
9 208152159
9 868705009
9 161088809
9 760325496
9 690832859
9 730776339
9 391723391
9 4589050
9 800422089
9 944706644
9 553924514
9 120342419
9 449562611
9 141345269
9 132214079
9 472933807
9 497014553
9 434441389
9 324649949
9 756036069
9 95409026
9 973032021
9 26505319
9 292267538
9 566068399
9 402988701
9 513753529
9 744545659
9 834904790
9 575901042
9 438315309
9 453071289
9 780147709
9 376256829
9 245118669
9 324141593
9 76332289
9 831283379
9 416580519
9 416716489
9 606934427
9 917469353
9 748158039
9 874887809
9 77401549
9 807616198
9 568278079
9 845637139
9 327743691
9 154637819
9 389925892
9 28923843
9 244141829
9 21200976
9 397127888
9 125847439
9 259718710
9 514154859
9 323472169
9 347547049
9 612992298
9 213268349
9 503956785
9 483648795
9 265156069
9 229320220
9 188893641
9 609730797
9 718749542
9 382656909
9 626081229
9 158006819
9 436403972
9 631739440
9 333600639
9 719888569
9 848766369
9 976577286
9 241148193
9 108164459
9 809034106
9 601978943
9 814109307
9 22754819
9 46314809
9 561839832
9 370342859
9 214387956
9 578130399
9 257956193
9 952896423
9 516184879
9 189983954
9 278437439
9 942584113
9 857845309
9 651718849
9 680965818
9 738962640
9 149691185
9 544660769
9 911250068
9 941694782
9 580877729
9 598288469
9 802404298
9 916747172
9 209574671
9 977715897
9 104323269
9 59911521
9 260946952
9 663349349
9 873792822
9 175792320
9 858548339
9 730926911
9 373970629
9 555069315
9 34196290
9 880264869
9 940963196
9 901953155
9 348511479
9 618942526
9 667148169
9 658203749
9 546643469
9 385632309
9 118314249
9 756244179
9 812395911
9 112123609
9 637022859
9 529348977
9 310202149
9 765873409
9 358425639
9 957189836
9 582679711
9 311638397
9 950204174
9 567841849
9 93174687
9 24086419
9 901996431
9 64566897
9 518813419
9 735338889
9 703776298
9 430105009
9 571075669
9 235708769
9 373036549
9 258382519
9 887188912
9 705125109
9 653818189
9 967220060
9 590870140
9 699308132
9 184625954
9 711280449
9 411009746
9 497980056
9 134106219
9 953196600
9 965496847
9 643821229
9 739446017
9 31771249
9 710803209
9 591884241
9 999316594
9 48116669
9 784810209
9 104594519
9 542558594
9 503936890
9 20580189
9 685556359
9 527112849
9 713234549
9 973506291
9 271720659
9 582762905
9 508276329
9 927777860
9 821601029
9 354313519
9 315957746
9 69226178
9 970494804
9 791833104
9 374386029
9 483401019
9 973685772
9 850047759
9 803364829
9 871133379
9 510381197
9 87647193
9 927264820
9 693261463
9 556150739
9 431903919
9 425969968
9 992136157
9 581757291
9 746102199
9 41472869
9 197437095
9 420542979
9 435127695
9 173582479
9 922919793
9 721774459
9 654741869
9 23787639
9 403414789
9 9851599
9 417369295
9 286654789
9 534146905
9 37307391
9 40017429
9 788251329
9 455767249
9 511070059
9 696948745
9 855741239
9 93725769
9 903189913
9 160747359
9 216205539
9 702911912
9 544225889
9 580232719
9 667250629
9 669463664
9 743476349
9 875866379
9 465581719
9 788089378
9 891977570
9 666684129
9 305064119
9 620632090
9 891739513
9 584174349
9 268488179
9 342015091
9 94792238
9 756783639
9 749056467
9 333104679
9 668540149
9 187741289
9 418953474
9 585255962
9 609142124
9 305675869
9 536064029
9 602135519
9 577163289
9 733945896
9 999349375
9 903814818
9 918992778
9 194912313
9 490276154
9 579841056
9 688057039
9 139725250
9 902902162
9 427033790
9 933014634
9 807730669
9 374959116
9 774631409
9 919426027
9 764374419
9 770821529
9 827136090
9 900317660
9 800656349
9 419046297
9 41869936
9 129245620
9 94484345
9 426448639
9 768847339
9 534327149
9 339800902
9 439602780
9 767946008
9 202716859
9 529870959
9 465948143
9 270605149
9 151536249
9 448238409
9 575859803
9 168354990
9 263940192
9 487553699
9 819071986
9 688310869
9 677700359
9 892953297
9 162071739
9 955404689
9 370147429
9 881976308
9 363834269
9 721310419
9 379742847
9 531137629
9 314222396
9 186625519
9 429627763
9 564674709
9 843415973
9 949686498
9 354924500
9 700318719
9 356493618
9 699197011
9 959139028
9 590266574
9 994928339
9 391342213
9 836431339
9 863540679
9 884472839
9 468305959
9 953147338
9 254347049
9 712409475
9 53653849
9 990923678
9 873081289
9 150094214
9 569965191
9 166477749
9 561173289
9 875423539
9 80504569
9 492020730
9 823943849
9 9581897
9 583837729
9 119030032
9 994276517
9 798022714
9 613596676
9 863713449
9 578702879
9 44300049
9 740519536
9 64300696
9 568201279
9 133821901
9 726796963
9 521158819
9 471935156
9 239378668
9 125106889
9 579166437
9 797319118
9 720634941
9 747933380
9 436182809
9 370944636
9 725116389
9 867064059
9 460406955
9 296437155
9 195041904
9 828668498
9 962051651
9 679419264
9 976722704
9 182642419
9 385330059
9 701478879
9 359210369
9 558948863
9 677974142
9 622530059
9 31765329
9 971297062
9 667263339
9 753357339
9 145885119
9 105959334
9 80488779
9 285532449
9 778067199
9 698800592
9 369480148
9 692947204
9 620764699
9 813966688
9 268023964
9 904858548
9 702180955
9 379950110
9 803544249
9 483386059
9 477164149
9 383719794
9 48367592
9 901675745
9 866802549
9 808250709
9 800732904
9 43305695
9 723339280
9 605172904
9 982818947
9 10219089
9 333556269
9 100000009
9 151429880
9 480399376
9 552069017
9 635159231
9 630280069
9 569398656
9 933721511
9 962289773
9 958203570
9 243301590
9 393519869
9 444757409
9 777258369
9 711209590
9 103111339
9 540977688
9 631979740
9 594367930
9 947751203
9 878249139
9 371736879
9 706497024
9 558169250
9 129170302
9 267421459
9 434638349
9 970191717
9 466804209
9 735597412
9 127099370
9 347044469
9 371521779
9 24209514
9 969998978
9 236358809
9 836753396
9 582496193
9 707482839
9 324340369
9 739031266
9 483970399
9 275695281
9 858891085
9 577673069
9 681023529
9 991220283
9 57018029
9 281007939
9 119710045
9 380996317
9 744183279
9 741163709
9 553858097
9 899277693
9 748039790
9 26025894
9 553174549
9 657973688
9 887722999
9 610890587
9 855334129
9 296583978
9 935727153
9 158325339
9 450064539
9 202587019
9 778166109
9 848313189
9 455024429
9 871235179
9 648038379
9 653850679
9 55626729
9 454233609
9 246840049
9 757820049
9 614183964
9 500995760
9 720582219
9 315328349
9 321088669
9 740829938
9 44684039
9 528169111
9 897641144
9 824715319
9 472547889
9 881099650
9 96856468
9 47848409
9 397014279
9 826742719
9 758725049
9 685382109
9 353727916
9 518413619
9 587353798
9 836708938
9 31494889
9 828022789
9 262067739
9 530050529
9 41677619
9 371934786
9 418653329
9 232415869
9 115618729
9 885801739
9 409220913
9 885296218
9 637355189
9 126103319
9 751488149
9 627364159
9 396815938
9 864757319
9 990726926
9 796910112
9 810251159
9 801011369
9 448181579
9 714025839
9 668657369
9 21981006
9 829348907
9 638464947
9 252043639
9 774245049
9 540232779
9 770155269
9 901170996
9 288695485
9 874563389
9 625145590
9 311330569
9 98978932
9 243448389
9 185609827
9 408053529
9 403685909
9 749549577
9 372834329
9 705103349
9 468064394
9 258769833
9 503166879
9 625650829
9 923819424
9 980995105
9 369776293
9 624151589
9 439289369
9 390447888
9 457561699
9 706201269
9 136676359
9 770198375
9 305295384
9 361915266
9 558051669
9 609784637
9 168077539
9 654526109
9 445019
9 527208539
9 68370149
9 33065993
9 153628369
9 124537509
9 805236409
9 337313819
9 892982278
9 73080119
9 635402159
9 50627439
9 841552459
9 236451159
9 840512409
9 955456588
9 129916044
9 706721719
9 514502379
9 436743719
9 655715149
9 416148489
9 556126119
9 542068198
9 520694975
9 540302309
9 22261079
9 910201242
9 374112089
9 740558149
9 976013560
9 381318309
9 666216239
9 350419071
9 625974429
9 823795342
9 415507109
9 655682489
9 59614523
9 159854091
9 194168625
9 327984931
9 759154448
9 584424339
9 270222809
9 798903334
9 736587319
9 338210649
9 180201509
9 842205549
9 341929978
9 893466812
9 981367801
9 112910869
9 694070873
9 648202079
9 916194005
9 972680077
9 939220954
9 603584469
9 925969750
9 840119321
9 112704339
9 350431049
9 875982872
9 921755377
9 245597866
9 743166049
9 654871059
9 796727838
9 846136495
9 561296928
9 649346974
9 177121569
9 448352539
9 311160239
9 887460977
9 811970028
9 805197267
9 963474782
9 584028009
9 352572429
9 391543989
9 378602309
9 156288239
9 530848139
9 188943022
9 644774439
9 85090521
9 964566972
9 578133829
9 69390103
9 1442139
9 54872019
9 155051419
9 144995752
9 689950761
9 775835697
9 957052589
9 338616829
9 495594038
9 874861269
9 671042905
9 277148139
9 444461169
9 336425079
9 558538799
9 369954722
9 466071519
9 251359323
9 603757956
9 291355772
9 778753489
9 335308985
9 147210990
9 224174659
9 648530910
9 384689432
9 751061719
9 840139416
9 444236819
9 973541285
9 681934518
9 442365319
9 805610659
9 324996814
9 245912191
9 711264849
9 853638659
9 537393425
9 397007456
9 330241119
9 509621078
9 991068831
9 870929889
9 291502014
9 773206539
9 67712492
9 880255789
9 559703816
9 471191035
9 340846539
9 504693131
9 266004459
9 336338599
9 394401208
9 680542289
9 434535019
9 378079888
9 801994570
9 62616359
9 122840819
9 556038019
9 469032519
9 29505670
9 39244333
9 754017129
9 893768957
9 356853359
9 188663659
9 612643931
9 784839721
9 826873179
9 436559192
9 562170689
9 673537079
9 689468926
9 653557839
9 497485459
9 561508059
9 129142565
9 268367981
9 46254049
9 362073139
9 459677148
9 388538009
9 892541271
9 108232898
9 386074049
9 22693949
9 126645359
9 369568943
9 519887820
9 885547419
9 902039847
9 318755559
9 930530530
9 432951110
9 126976494
9 220116889
9 297547251
9 326919853
9 707579704
9 862704289
9 703454998
9 240435692
9 365905555
9 96145615
9 891409129
9 177485639
9 82258249
9 482576099
9 312865987
9 702686392
9 797104263
9 562919227
9 715597059
9 868703739
9 525364239
9 423691491
9 90076807
9 906262510
9 181389244
9 263452159
9 264851294
9 68892602
9 44783599
9 856924265
9 387267719
9 42910360
9 78979597
9 817999786
9 542599731
9 982591269
9 620940352
9 494964021
9 904877190
9 882516039
9 335790107
9 190171700
9 633549191
9 749866840
9 31909670
9 672242719
9 982168966
9 101415729
9 636550869
9 593828224
9 191324789
9 653925066
9 842491294
9 139863927
9 770772092
9 874730749
9 272126479
9 154016269
9 184302039
9 271241389
9 380732409
9 731942380
9 241504459
9 685244319
9 765833329
9 744462479
9 954004123
9 961865972
9 372731759
9 167234069
9 243153279
9 823888359
9 560011839
9 916382841
9 114471029
9 182898653
9 569712169
9 285701139
9 971340230
9 524800978
9 72697615
9 671787729
9 395221111
9 95550930
9 126112589
9 459104309
9 839266285
9 489635742
9 705219408
9 712497936
9 678057927
9 317940780
9 115778389
9 477872119
9 640214279
9 203920999
9 709346635
9 543507359
9 17473269
9 601658489
9 983048478
9 348622679
9 157381029
9 743075469
9 729170027
9 826992912
9 191230398
9 63669540
9 569112318
9 149963087
9 920758620
9 146704649
9 941085634
9 719197331
9 439216544
9 143068239
9 871645519
9 627558569
9 453960168
9 948632735
9 819551610
9 579069678
9 14654439
9 538001749
9 142945753
9 820206519
9 55829244
9 494592148
9 355192808
9 207220479
9 131802819
9 407762159
9 48777259
9 842086339
9 570583109
9 320213339
9 275954715
9 369486868
9 727143759
9 111219352
9 230592893
9 679460197
9 560847859
9 93671329
9 405013749
9 36755509
9 335775189
9 58322279
9 102836669
9 725505829
9 484139813
9 595373003
9 623169064
9 743846839
9 472902798
9 451118049
9 288320759
9 320255709
9 400891605
9 760712879
9 717689780
9 199938474
9 33165529
9 502157289
9 278930328
9 440884469
9 612107519
9 948050725
9 720720609
9 366188589
9 974685907
9 167139877
9 895173059
9 415685239
9 159892353
9 475317769
9 561490034
9 592902593
9 899740790
9 632077998
9 978091677
9 926711439
9 482515759
9 795577920
9 895714794
9 682902486
9 693473712
9 177938296
9 129250737
9 704439891
9 308918933
9 290408569
9 982364236
9 414369807
9 18236669
9 388131793
9 457487469
9 236105479
9 369167218
9 258373149
9 414775559
9 262133469
9 818999040
9 277969604
9 319223739
9 347520659
9 913697111
9 876606923
9 711141529
9 785994399
9 956731988
9 996413624
9 879989640
9 413609632
9 643330059
9 582597356
9 787709802
9 650724192
9 858714079
9 718796068
9 184467059
9 852522797
9 730848971
9 876009941
9 596323429
9 248503419
9 424605965
9 369404778
9 636614829
9 737537359
9 342415329
9 484564193
9 157644149
9 998268753
9 900863031
9 808499678
9 150908615
9 796425699
9 939928301
9 885276019
9 92276876
9 772738389
9 308176796
9 298922875
9 114130915
9 86174974
9 441477809
9 75529365
9 373720219
9 742726509
9 493770352
9 889545711
9 81080559
9 32228879
9 396656644
9 551115391
9 477648292
9 998918423
9 646750984
9 829232051
9 536646249
9 894835992
9 592261427
9 280508229
9 732567389
9 684273889
9 643017889
9 667538390
9 48561972
9 180986528
9 285838209
9 579849657
9 517008789
9 21218459
9 61303139
9 490901393
9 391315871
9 399698079
9 516038279
9 410555139
9 814216198
9 921538306
9 95188898
9 157810459
9 959975504
9 99456821
9 287728739
9 956925741
9 533929899
9 337468619
9 824450569
9 477890970
9 192094309
9 192771692
9 502401659
9 951852470
9 967244283
9 855431789
9 737586489
9 413772579
9 333950590
9 589097372
9 997955938
9 928467312
9 946461454
9 1000009
9 455251479
9 857443279
9 326741499
9 598933774
9 766394009
9 37873039
9 967342893
9 434293469
9 435135393
9 267131009
9 427787739
9 519026933
9 848690500
9 891303366
9 910012046
9 225977777
9 586611419
9 245409033
9 195474647
9 673685019
9 578135319
9 197049654
9 211278379
9 908247375
9 117452659
9 394472807
9 220681259
9 687402169
9 147077569
9 953601482
9 749150930
9 980361510
9 924147543
9 218572739
9 829739401
9 158913011
9 363026149
9 141761394
9 339357454
9 387454955
9 489638939
9 666361249
9 53423639
9 696934313
9 268196858
9 643612749
9 78758269
9 295401224
9 542193772
9 13324039
9 242198705
9 696209157
9 334318109
9 17149125
9 89695646
9 998221435
9 172539318
9 476439558
9 928226145
9 150908440
9 601575974
9 694546149
9 864381529
9 174484269
9 118102359
9 219735333
9 549926084
9 692696189
9 947260038
9 369694234
9 125888809
9 934728019
9 547118469
9 546903258
9 100000009
9 67052279
9 562722129
9 186370359
9 723056819
9 6097935
9 175889530
9 476491956
9 553051199
9 761720339
9 932593197
9 89290971
9 465914102
9 15277159
9 766544409
9 645775559
9 406309173
9 231562589
9 911151449
9 722308369
9 75787799
9 785194722
9 786276139
9 30397946
9 545630609
9 87805429
9 393062644
9 776927338
9 475700899
9 253026209
9 485841669
9 713050729
9 435361349
9 862497586
9 2080649
9 480083916
9 323120779
9 320768219
9 857101849
9 31385449
9 932084938
9 55518139
9 859845452
9 137045459
9 63273119
9 907077919
9 564064439
9 112117479
9 4108129
9 422197768
9 785746419
9 176001249
9 615032913
9 820440889
9 229415675
9 675728789
9 988477963
9 584589031
9 216777269
9 973061722
9 172514359
9 213568569
9 292109210
9 459582992
9 161445926
9 27219408
9 514156759
9 199473628
9 652291865
9 217567669
9 904527075
9 413020649
9 314954628
9 953950655
9 808388839
9 363705709
9 470926733
9 241514049
9 987066324
9 464439901
9 226003819
9 515856649
9 504602179
9 259905064
9 738251791
9 430884259
9 582467449
9 181450219
9 908130304
9 979700391
9 630760279
9 702020659
9 635895421
9 284057629
9 383341379
9 290155388
9 106225698
9 724081759
9 247640963
9 281907870
9 599147513
9 175147489
9 8120309
9 764115529
9 20945416
9 226831962
9 373325779
9 134114139
9 217082997
9 214300697
9 222380479
9 641536359
9 809846627
9 504143779
9 178242389
9 903304167
9 353356849
9 646795281
9 684859943
9 505487429
9 862572992
9 575320889
9 532604539
9 561604971
9 921737942
9 967838487
9 408568109
9 641130359
9 67461149
9 249100837
9 802038954
9 550469197
9 710032219
9 506797559
9 159143374
9 506262269
9 96587545
9 745939934
9 577722049
9 805837259
9 669634756
9 763740819
9 160140159
9 715755709
9 491997829
9 7289151
9 516461069
9 673751659
9 721417519
9 458223179
9 591760918
9 400688219
9 628977816
9 479364921
9 507458089
9 781434889
9 472288289
9 588201119
9 295787803
9 993716069
9 750444309
9 546524149
9 519447396
9 332630369
9 764255229
9 773456019
9 880878619
9 734329161
9 228675169
9 667996604
9 766717398
9 812753239
9 569154616
9 43510779
9 884294523
9 653007439
9 874353469
9 759138098
9 497165905
9 714741391
9 360488009
9 641547339
9 945781937
9 412132589
9 182782509
9 859771471
9 980634517
9 355734009
9 245182296
9 751131905
9 642999117
9 353164409
9 664960965
9 807578259
9 329965478
9 699789259
9 738309471
9 151122293
9 542392532
9 522230239
9 124093181
9 873258509
9 871088942
9 528913133
9 216362169
9 240415159
9 586412149
9 506221539
9 813734679
9 834471359
9 207637069
9 316136459
9 497514347
9 119925613
9 324904483
9 229232270
9 615964302
9 721557879
9 78801359
9 690809239
9 219657517
9 309538424
9 900172501
9 454037497
9 788478039
9 829706159
9 945467692
9 807894237
9 723344419
9 630933229
9 126996600
9 405058419
9 287905768
9 512743019
9 922927872
9 182661689
9 879614675
9 525171329
9 576040489
9 974503061
9 351191868
9 475790086
9 30049276
9 380900732
9 181521289
9 656363089
9 711556649
9 579960762
9 197799022
9 353430309
9 686286789
9 132021689
9 618653149
9 550566579
9 388820519
9 85877609
9 721518149
9 589795154
9 487008139
9 225737819
9 296624235
9 987447475
9 475172479
9 379677147
9 422331209
9 924346968
9 161637379
9 832978323
9 679939130
9 153642869
9 654643149
9 256448279
9 609123990
9 965353682
9 122772209
9 306735359
9 579590645
9 278210869
9 643543199
9 997136021
9 361860359
9 173074109
9 659432162
9 36287379
9 586196048
9 26876339
9 857274729
9 527993255
9 451038279
9 285118889
9 383447489
9 400438194
9 782506219
9 815184097
9 780605339
9 937782200
9 221245149
9 934859957
9 351983418
9 231918997
9 873221279
9 273932856
9 620892786
9 635163419
9 318625459
9 302427259
9 430329818
9 452721549
9 23652996
9 850577189
9 302267069
9 855072629
9 409954276
9 982353621
9 170434639
9 755464991
9 557193392
9 327157986
9 478369123
9 663062489
9 348004569
9 262951485
9 893934879
9 958518711
9 656824439
9 609451810
9 604646529
9 903861385
9 949533495
9 916464074
9 728970619
9 421024389
9 337304719
9 871436389
9 532753189
9 100469983
9 89334837
9 345924090
9 156005619
9 139478625
9 611648849
9 955210214
9 658022749
9 131024779
9 487616139
9 383972692
9 791876319
9 794708614
9 920790307
9 294196830
9 852477779
9 22014429
9 965152189
9 753780995
9 75719384
9 901345055
9 930272651
9 794679384
9 954660927
9 654324159
9 558749214
9 354451973
9 348363229
9 377627619
9 249528082
9 177017159
9 119379181
9 933227817
9 772454109
9 322638419
9 189194257
9 492881478
9 964453437
9 416493917
9 847445996
9 590734414
9 547905306
9 16803889
9 358022729
9 858427179
9 902139781
9 880030779
9 23228229
9 789036186
9 117254369
9 47470449
9 687321729
9 222774079
9 525725129
9 138703964
9 242393401
9 130632719
9 119235294
9 977170515
9 403638129
9 578444973
9 496947851
9 202374449
9 274624019
9 530852449
9 968640258
9 960398015
9 194374549
9 526569894
9 63022769
9 317027739
9 479528016
9 617976111
9 281324539
9 313637589
9 874188439
9 504676419
9 218124009
9 822735149
9 394508923
9 206700149
9 393728432
9 50512149
9 606608904
9 567539743
9 765593871
9 62461199
9 289235152
9 940376997
9 155525229
9 993839786
9 325699978
9 978143900
9 641971907
9 653661239
9 956838299
9 350872089
9 520930435
9 265677869
9 583322009
9 627097365
9 426330679
9 941201290
9 364721479
9 505250559
9 796864376
9 495176297
9 960630352
9 517942545
9 738289217
9 407556139
9 560364809
9 529995784
9 322616009
9 334742269
9 520363379
9 896872481
9 160455902
9 220279177
9 443230998
9 965946520
9 506738819
9 577671249
9 348234239
9 583235079
9 960256749
9 465992845
9 150367769
9 738033539
9 405437019
9 203445809
9 859406773
9 717820819
9 343483639
9 687729452
9 254396353
9 28949465
9 160642219
9 443253972
9 45884179
9 709665598
9 623635829
9 864254098
9 288731519
9 188552957
9 660173219
9 993331339
9 533463249
9 936825915
9 294552446
9 963624491
9 865884669
9 164439819
9 944505038
9 425114829
9 748099335
9 197435335
9 742638649
9 665433569
9 182532593
9 596753431
9 726837279
9 365788009
9 283354966
9 99192834
9 416807629
9 885534691
9 828028019
9 177259761
9 138244019
9 785334769
9 616288659
9 740400914
9 692362574
9 80596341
9 675782859
9 688548938
9 959163194
9 685437449
9 997326011
9 771779237
9 347928235
9 209935530
9 909842952
9 817179024
9 724584469
9 148947303
9 16305669
9 754787896
9 46438948
9 447501039
9 412035669
9 64313649
9 533812709
9 347959257
9 649544054
9 899306928
9 686402389
9 498885615
9 91150730
9 853511904
9 986597210
9 430627329
9 164671389
9 458475698
9 78576849
9 171783509
9 28444989
9 716940961
9 907953406
9 993791613
9 701486849
9 914608871
9 686864779
9 471369130
9 744382898
9 988517452
9 318994404
9 971631093
9 363378993
9 166446649
9 794945083
9 899334441
9 927265479
9 798324938
9 140738609
9 503826189
9 35848896
9 672374519
9 679541665
9 118870489
9 297355947
9 158445905
9 595088655
9 803428069
9 142285692
9 231258739
9 863806259
9 202128089
9 159398267
9 981500915
9 935685810
9 604309792
9 742306219
9 44103996
9 307463509
9 84821189
9 269548093
9 707163529
9 330959723
9 768673669
9 193659278
9 138907222
9 440216839
9 103209813
9 972078158
9 838649852
9 987183288
9 961158771
9 824627193
9 514418951
9 125149204
9 18078129
9 664378679
9 993601761
9 801021039
9 162154559
9 69332277
9 603121609
9 186861359
9 766627719
9 296187126
9 991854893
9 107051569
9 219632155
9 461645379
9 688804369
9 996607217
9 47183229
9 110073189
9 892546204
9 385355329
9 694736957
9 653050189
9 166090221
9 560888089
9 749048546
9 732873319
9 969127154
9 910417788
9 817916449
9 470028259
9 973151406
9 835319446
9 153203579
9 483255469
9 126413955
9 448238689
9 533017309
9 464676289
9 482073649
9 908650237
9 360957961
9 700372839
9 644087229
9 12670509
9 996616019
9 361564439
9 314666849
9 45577695
9 220344339
9 56617839
9 565772539
9 697564970
9 683154139
9 781711079
9 371921993
9 517419815
9 841400849
9 192722240
9 96634973
9 116226859
9 593362512
9 295193365
9 727993421
9 370522879
9 732263479
9 207909061
9 918470313
9 913743305
9 375315950
9 679890221
9 173207409
9 869832326
9 339456025
9 697760628
9 797627338
9 27040897
9 839416027
9 794166271
9 769793411
9 545603971
9 826248749
9 175787269
9 551659151
9 213980912
9 768398061
9 646440094
9 225614719
9 42716943
9 805045279
9 287041459
9 90828049
9 339134365
9 257837589
9 96238826
9 199126194
9 423628919
9 448507769
9 970876263
9 259058057
9 297550876
9 854663739
9 680711569
9 697758938
9 243941954
9 605550409
9 348818993
9 107036897
9 991870426
9 109431350
9 871469654
9 50576395
9 104813597
9 78033963
9 442404659
9 731038719
9 422351319
9 185891470
9 636180119
9 15104996
9 683241239
9 265755479
9 491293881
9 414452092
9 958534100
9 805056539
9 113928536
9 673262039
9 252548901
9 320972383
9 598582266
9 245318749
9 937790893
9 296804589
9 483921990
9 940620035
9 158248189
9 883976636
9 113070399
9 816818962
9 890763460
9 678551489
9 861503659
9 804173309
9 201400079
9 383616639
9 707900959
9 869566643
9 987568794
9 74679059
9 755884419
9 144063795
9 819693307
9 161475239
9 127981733
9 955375036
9 659486724
9 54163099
9 571940031
9 714806069
9 293168598
9 921150368
9 349032590
9 934650903
9 641313729
9 595992313
9 785675930
9 939069222
9 849257273
9 492901361
9 255945659
9 547340429
9 702419968
9 173150389
9 676544994
9 374972649
9 796046622
9 655882309
9 462456759
9 325472059
9 50448593
9 764638129
9 103758409
9 856732849
9 415213009
9 631026719
9 416508902
9 865157879
9 669019679
9 838495684
9 169163398
9 129457916
9 590123156
9 671306189
9 669402140
9 253393503
9 637226069
9 478275509
9 875709280
9 180203529
9 477290908
9 556039816
9 470063069
9 175844209
9 570363369
9 562949295
9 159083883
9 444731699
9 216869092
9 892421924
9 4190373
9 905251970
9 713258819
9 811664019
9 348250229
9 158444398
9 350949300
9 559361106
9 766049512
9 532049256
9 119475267
9 1935925
9 162741779
9 144927890
9 822639803
9 10000009
9 685857589
9 891073874
9 324226589
9 567978640
9 572786719
9 6458796
9 576875829
9 12534669
9 126827049
9 999633042
9 772802569
9 716363952
9 113310019
9 117692626
9 290155987
9 224439418
9 277285869
9 980575406
9 717723609
9 972616263
9 918838434
9 76650889
9 212774749
9 547721139
9 581800059
9 195672278
9 225442209
9 466275089
9 173204519
9 310309058
9 509781330
9 665071098
9 387937633
9 559938165
9 919112320
9 866398329
9 742803189
9 109103746
9 680754779
9 823171079
9 448161659
9 979838567
9 302229111
9 380582709
9 584693172
9 811532219
9 901906624
9 312119575
9 196069385
9 151154279
9 930954759
9 814090886
9 195232935
9 177863759
9 350168379
9 508592548
9 651532489
9 561403349
9 708038819
9 672651869
9 587971298
9 251854994
9 308340459
9 687249489
9 165514129
9 567083569
9 562948467
9 835567981
9 270873569
9 505310589
9 770394686
9 720125391
9 423232119
9 929146757
9 748562589
9 815618479
9 82744169
9 60009354
9 229444981
9 529379573
9 961729505
9 244890675
9 646623739
9 259350249
9 885927134
9 906744445
9 416948954
9 827961612
9 50702569
9 364102149
9 54250259
9 703320139
9 435760109
9 500201799
9 784786590
9 922318341
9 328279571
9 655307539
9 559062766
9 753589748
9 270883269
9 255429367
9 192023095
9 834287859
9 543850589
9 957286437
9 214838944
9 86758079
9 95216849
9 357226879
9 703679723
9 975782181
9 634017779
9 99148974
9 271060759
9 145109886
9 598064703
9 131184139
9 827169523
9 775439163
9 710769686
9 178376949
9 352972880
9 609517608
9 7915974
9 823387195
9 714906319
9 893998528
9 575202959
9 428565159
9 549075931
9 78488039
9 276465689
9 141316395
9 616748596
9 735246589
9 311535973
9 322503905
9 665819189
9 836454029
9 331538179
9 255001649
9 668654829
9 316640849
9 627690569
9 498261736
9 875930184
9 196183778
9 352676609
9 444942044
9 785380049
9 184072629
9 686479804
9 234768709
9 375873190
9 215613299
9 55171509
9 709302031
9 599493778
9 302525069
9 592892803
9 646278739
9 234079714
9 846734409
9 882688579
9 659730257
9 184613195
9 165315329
9 606060309
9 638892091
9 603333619
9 375770912
9 270774179
9 185797144
9 819880971
9 812777009
9 998513996
9 193643937
9 7938800
9 962750060
9 286134879
9 950061492
9 917494268
9 520986579
9 99091343
9 141466369
9 296456361
9 399147973
9 375498461
9 246273889
9 27358369
9 272257039
9 88685889
9 2193056
9 887572639
9 231081249
9 232414329
9 629497601
9 851027698
9 289190330
9 166837779
9 848592201
9 316399232
9 208676549
9 962141669
9 541371894
9 134210819
9 316061139
9 91915020
9 522545898
9 174238389
9 983222763
9 549085885
9 407820619
9 602082339
9 363748249
9 781427479
9 401633809
9 525066369
9 284525849
9 810034309
9 882696323
9 428242179
9 301111595
9 930098108
9 687287169
9 281977448
9 781203179
9 543676749
9 825122429
9 354827779
9 6897259
9 159653860
9 244070009
9 474581319
9 596872686
9 860451679
9 323522159
9 219946951
9 58833559
9 632638529
9 606864914
9 206323279
9 976894001
9 904663483
9 22523259
9 394722226
9 530185279
9 125285990
9 711076309
9 906487601
9 120159270
9 867791576
9 19623800
9 973713990
9 519574619
9 323806329
9 858958569
9 69928543
9 517220219
9 811870109
9 954104262
9 959200485
9 788319343
9 421099406
9 37176309
9 606418689
9 376566965
9 496675363
9 984280082
9 591857485
9 823043829
9 61576359
9 64943154
9 321197958
9 580039894
9 4951057
9 782750239
9 956257132
9 364399283
9 221914665
9 389976390
9 336278169
9 634423219
9 259028498
9 226013569
9 848550249
9 742112960
9 359699867
9 921156772
9 435931031
9 370079021
9 248752369
9 115379975
9 373496102
9 203229778
9 129616815
9 818623479
9 264569589
9 931869352
9 525328109
9 601596017
9 819540026
9 534271709
9 953691129
9 668396604
9 346453289
9 322347968
9 268582429
9 610972045
9 26131739
9 275222609
9 83645359
9 54608249
9 271766609
9 508525749
9 471804189
9 20219472
9 55304489
9 883984713
9 118555929
9 172485492
9 112406869
9 16924409
9 212471619
9 953944717
9 977599723
9 978566083
9 109654852
9 778997303
9 523109025
9 259955778
9 124289145
9 841415359
9 224044589
9 870294754
9 904832054
9 306185971
9 929711664
9 97086943
9 737109487
9 407127139
9 32358749
9 67228794
9 281006179
9 540365269
9 939867112
9 336151139
9 519297158
9 553595944
9 426665259
9 304280189
9 479736260
9 239161392
9 872007839
9 193202584
9 226759786
9 991570561
9 43506549
9 576591296
9 914465984
9 630393038
9 231101629
9 363805096
9 216437993
9 511924691
9 772954700
9 791896554
9 991647574
9 613861395
9 520765019
9 661998184
9 229552587
9 214690829
9 497778335
9 550658289
9 66130069
9 667059935
9 415004279
9 999235605
9 805637459
9 630921353
9 517178419
9 723669210
9 712653549
9 905860680
9 277845279
9 211570539
9 609307780
9 749456628
9 750935747
9 82913531
9 381845591
9 748070229
9 818330649
9 381483159
9 31437759
9 926953477
9 358755209
9 440929638
9 778254459
9 968876393
9 55126319
9 518463339
9 237714239
9 980529394
9 442124009
9 937772432
9 183484039
9 215673139
9 743522419
9 534755139
9 401476009
9 195646050
9 677570139
9 88844829
9 688305529
9 169397565
9 623463789
9 921434589
9 138518559
9 57042049
9 369411450
9 134336959
9 966515515
9 633356289
9 456530109
9 365584639
9 803616359
9 682171819
9 960103883
9 830411079
9 696159243
9 217552839
9 653943525
9 775794615
9 478252639
9 922082264
9 865448129
9 825912142
9 893775101
9 309052031
9 228807972
9 411172289
9 191881348
9 12649304
9 758434739
9 997040669
9 48442049
9 735816789
9 867619807
9 28389037
9 719630876
9 323357239
9 348886269
9 848215839
9 682487191
9 979898362
9 834633049
9 103676679
9 664555049
9 159984974
9 646728859
9 373426659
9 876966790
9 531968916
9 156111972
9 681287239
9 690162873
9 84174693
9 805229206
9 614997678
9 53695627
9 830244419
9 422806925
9 792867869
9 272092511
9 116905032
9 294108512
9 348961839
9 794810988
9 488676679
9 756015809
9 441966707
9 100669722
9 631795460
9 370923054
9 47294879
9 278118789
9 998941191
9 705388966
9 417603719
9 789838632
9 44826459
9 46128119
9 955283452
9 149916260
9 695212319
9 395652005
9 816085889
9 98321411
9 116277089
9 439209287
9 838883389
9 870233729
9 7063592
9 971332108
9 651681429
9 318408954
9 669722463
9 871498233
9 177961291
9 358414739
9 812248219
9 373276629
9 315265569
9 839955077
9 188324956
9 130744119
9 52066339
9 318790147
9 891104561
9 416710739
9 826700809
9 747274944
9 386996198
9 420913286
9 61656179
9 641680209
9 234941690
9 620054679
9 221895982
9 630722729
9 496473130
9 194865715
9 661119196
9 662990270
9 844449236
9 762440229
9 858954536
9 890195577
9 873589702
9 686387694
9 715686839
9 513158490
9 147612897
9 344334981
9 713317219
9 219021741
9 169360361
9 251674039
9 202497365
9 122403189
9 93735295
9 757326189
9 669563493
9 121416469
9 515082439
9 228182493
9 992727733
9 52101569
9 830868739
9 295911034
9 721110349
9 804743869
9 867954398
9 455953028
9 913070295
9 472548289
9 490757736
9 673972522
9 692281951
9 750559724
9 976945319
9 954289136
9 939159406
9 484483739
9 751604739
9 552985912
9 651339255
9 257857679
9 825947288
9 995820372
9 95309009
9 98133215
9 576082879
9 224226349
9 985138682
9 178633739
9 524060159
9 290139504
9 624841749
9 326318159
9 623731129
9 320758889
9 385483934
9 6607971
9 441684799
9 174881964
9 197265215
9 230580269
9 677594952
9 765068779
9 319739477
9 123998666
9 104067739
9 91891928
9 182303981
9 944627053
9 438385796
9 472533759
9 598668671
9 385163429
9 987207514
9 236438589
9 967943076
9 534246169
9 950977640
9 832002679
9 947197390
9 829221126
9 290707883
9 460648659
9 468510479
9 79457878
9 308635295
9 303462859
9 425475972
9 806114159
9 165777329
9 241061159
9 116948030
9 731387459
9 366246579
9 471036269
9 753940157
9 819387920
9 645985724
9 95825114
9 824985410
9 549000241
9 372934949
9 491793968
9 897157030
9 495863131
9 850242409
9 155626982
9 68909231
9 381831539
9 554421579
9 194277014
9 612186999
9 773242159
9 212267579
9 714090067
9 596247317
9 956280474
9 236851009
9 287164909
9 76290150
9 519454317
9 592374615
9 761950482
9 836730419
9 486054139
9 542638249
9 881110719
9 162581379
9 187456988
9 932365573
9 292281717
9 663345579
9 462269852
9 316115179
9 718463989
9 936864565
9 57264879
9 76874946
9 157585709
9 284916393
9 6946918
9 478860289
9 441982340
9 430088904
9 264071129
9 526092557
9 598090643
9 440647729
9 243780229
9 613232179
9 457162359
9 909660823
9 34875019
9 181653589
9 386957785
9 665694073
9 248919072
9 379435155
9 557361849
9 848190084
9 423352069
9 571129999
9 324026968
9 794381627
9 28874792
9 50059428
9 843274339
9 756401249
9 297916787
9 50960913
9 728104359
9 791119330
9 547351279
9 183167379
9 869381104
9 491306126
9 687179454
9 525300509
9 192647193
9 658646429
9 113699603
9 942636543
9 485271859
9 749532217
9 418497577
9 23246918
9 329770913
9 509271248
9 987024228
9 27886629
9 638373179
9 324365193
9 97769363
9 368816159
9 897203436
9 387840925
9 526145159
9 360790094
9 550493139
9 521536369
9 729368469
9 379518530
9 977964171
9 494982721
9 368896251
9 816718496
9 311902327
9 708456879
9 33361139
9 923716128
9 755894813
9 908585098
9 622245069
9 321970287
9 529785278
9 583868689
9 544652729
9 936591856
9 716089015
9 528649652
9 432335319
9 749608205
9 924487005
9 503949899
9 801955360
9 942450464
9 18014819
9 679718805
9 422668779
9 886946593
9 665465839
9 543119026
9 227022059
9 82896653
9 739050123
9 291263651
9 127564649
9 678283269
9 614198526
9 801016389
9 520435921
9 933588110
9 528968827
9 130075259
9 642492261
9 580997952
9 568253089
9 975817886
9 416944817
9 568135095
9 58523947
9 286837789
9 200664589
9 390796282
9 285343869
9 922702497
9 610695708
9 852921605
9 869059480
9 534568639
9 517902915
9 230972770
9 668783269
9 582121649
9 482474529
9 419299700
9 394677335
9 123199192
9 700640419
9 22505449
9 967132802
9 291213663
9 719803027
9 431328709
9 119486901
9 430117379
9 686455099
9 548202839
9 885504059
9 665779603
9 491600192
9 624276953
9 584907273
9 135679462
9 226038239
9 145453369
9 871953177
9 15597314
9 672086935
9 415242289
9 896381708
9 650159574
9 331092776
9 638711796
9 209419132
9 85971330
9 36265398
9 512624389
9 582072889
9 460313509
9 938633095
9 479136588
9 362724679
9 835434912
9 47034639
9 848657029
9 956882833
9 248953253
9 549251688
9 647007390
9 338302089
9 696564009
9 404895505
9 219496848
9 39831079
9 457994834
9 838805289
9 753585913
9 827349463
9 877672109
9 809743718
9 107655409
9 478708292
9 573244219
9 865386589
9 544510069
9 61680099
9 678518389
9 584239548
9 636774839
9 733232940
9 67270269
9 959627656
9 736678519
9 377159931
9 378673519
9 509183599
9 676409189
9 224295049
9 799390389
9 380287930
9 638906027
9 907272760
9 586922002
9 786968100
9 372756249
9 865994516
9 342591578
9 507808519
9 206746109
9 314411819
9 50059297
9 436197248
9 871044029
9 342491228
9 883496525
9 247641239
9 280418159
9 250986246
9 264628329
9 104403429
9 673621859
9 953689957
9 883564309
9 231030937
9 566944113
9 890592857
9 288707194
9 110590881
9 437544579
9 504250989
9 787431619
9 743176769
9 503249022
9 741847619
9 223096349
9 140721915
9 65743496
9 5487959
9 464548949
9 552430019
9 79387523
9 710915675
9 276959023
9 20182429
9 231558339
9 720415986
9 783774539
9 741688639
9 369238472
9 574974621
9 217732059
9 111935261
9 972849427
9 415900368
9 605163569
9 779728142
9 167033298
9 278015879
9 6354849
9 246914727
9 82450059
9 484418579
9 271046059
9 468584679
9 311462409
9 120606679
9 552948157
9 439128225
9 342154129
9 180006089
9 781088529
9 358059562
9 629890714
9 839168653
9 917211648
9 287704429
9 761492545
9 41472932
9 915162163
9 574049135
9 937937434
9 963999559
9 564943374
9 881746229
9 292703256
9 544146519
9 824615719
9 798736443
9 119581669
9 814546419
9 910827036
9 592075333
9 204476439
9 31041219
9 564466089
9 621876469
9 666325119
9 474297888
9 541932604
9 65676069
9 141723809
9 75540409
9 559239748
9 913905675
9 175303189
9 356313379
9 151634449
9 208985527
9 254451479
9 774426289
9 522436913
9 184225829
9 731890727
9 545553989
9 16186918
9 170421479
9 170134392
9 45743469
9 779366719
9 966899648
9 290345250
9 958549923
9 692318491
9 92862910
9 763764559
9 555806749
9 634211449
9 691166322
9 858912431
9 985222178
9 576373896
9 128727439
9 690815639
9 931665522
9 147295489
9 325095068
9 811445790
9 24311359
9 403371904
9 652173109
9 502031579
9 263469409
9 191871647
9 129324086
9 811261279
9 60984294
9 922221509
9 439907664
9 270946506
9 601202349
9 187189811
9 372496501
9 517637429
9 358874379
9 15649305
9 142763719
9 322299476
9 980991640
9 847490467
9 148817509
9 966432625
9 211539980
9 436806499
9 738205729
9 978583395
9 656614849
9 593148779
9 398255026
9 159080220
9 744887469
9 459115102
9 127685559
9 108426609
9 739141411
9 502638879
9 640152559
9 875087869
9 306156269
9 655580959
9 383874149
9 726320619
9 795618156
9 279155123
9 883751559
9 471159325
9 389383377
9 152032709
9 879517220
9 696758481
9 687824879
9 326054009
9 157724279
9 774748239
9 417670659
9 784111359
9 46126779
9 59470117
9 218248349
9 904379842
9 637285959
9 664081490
9 164633590
9 289275850
9 409071630
9 399624896
9 360331109
9 612797021
9 959189777
9 904368457
9 285800569
9 55112639
9 5450739
9 820902635
9 420280592
9 693125599
9 266753639
9 925450421
9 358425439
9 347676679
9 129030335
9 748827930
9 779675289
9 514331559
9 748151459
9 604320059
9 724047935
9 312462096
9 421199652
9 106636549
9 464348089
9 784770849
9 212121219
9 889211926
9 266290363
9 667508709
9 199836914
9 358804059
9 44575749
9 663142649
9 344139731
9 421114619
9 711319503
9 282600089
9 801753059
9 612959181
9 508476596
9 202736359
9 756040119
9 465046059
9 588298647
9 877363429
9 252439354
9 689230888
9 386099304
9 518574849
9 271699785
9 572162159
9 530287339
9 384386119
9 34468029
9 692410550
9 69550924
9 992176402
9 750658029
9 605683791
9 685423789
9 295632353
9 787978960
9 263943768
9 379154810
9 612811291
9 582509240
9 711951114
9 542988052
9 303002689
9 743218891
9 115046911
9 66339139
9 892118719
9 687039901
9 446420978
9 674214629
9 205889013
9 773148029
9 635449384
9 268719561
9 758410329
9 873432049
9 999887100
9 982642042
9 669540694
9 274653984
9 700610949
9 327830029
9 884493192
9 283973332
9 728560389
9 523866689
9 807781439
9 913835741
9 34372619
9 61408559
9 375957733
9 539578147
9 686751339
9 165397585
9 724730809
9 215930814
9 643409149
9 861480069
9 632309273
9 654244339
9 983342270
9 387271169
9 541189992
9 982955397
9 426760379
9 504052749
9 128407889
9 152318339
9 77376559
9 742487049
9 790783753
9 869285451
9 120520149
9 645740679
9 641664229
9 223903374
9 327348519
9 452035179
9 331028049
9 633634529
9 263027649
9 695760810
9 448685945
9 518881902
9 701171439
9 532937395
9 192166913
9 199693387
9 881193038
9 230127697
9 966678479
9 947110143
9 922701085
9 61770489
9 344633697
9 701453292
9 419076814
9 127218249
9 826321689
9 680973352
9 725949143
9 918198263
9 71939629
9 81208579
9 344366719
9 828407069
9 573218049
9 324262159
9 722314749
9 883762529
9 990343420
9 936432286
9 894351724
9 632305009
9 917631563
9 670580439
9 733058069
9 114900929
9 509069644
9 876958092
9 968757019
9 22233529
9 478052904
9 254779428
9 258584039
9 619172786
9 946091293
9 895320030
9 464282049
9 194390277
9 549535656
9 345614309
9 108441539
9 516721906
9 219591380
9 234094212
9 73574529
9 406008729
9 818937030
9 558413509
9 170569999
9 188254139
9 59123923
9 388472930
9 35811389
9 879649405
9 67471937
9 611244769
9 925783449
9 797168246
9 237715591
9 450627859
9 915437801
9 204450219
9 728970877
9 511171809
9 332122129
9 858306945
9 969487149
9 362449908
9 892691484
9 630574629
9 771490692
9 57144689
9 192690531
9 335924185
9 619992225
9 490181390
9 348245069
9 458881849
9 294505340
9 967895131
9 271748519
9 686123039
9 982871824
9 796326034
9 959213970
9 235852629
9 379650912
9 294906621
9 641066889
9 144905582
9 914756282
9 253338459
9 519868298
9 360360049
9 723682889
9 939802073
9 823056992
9 239615557
9 433735069
9 402892547
9 692419765
9 898976076
9 944451267
9 945142717
9 160159280
9 314150479
9 594154932
9 698376250
9 377884579
9 114236149
9 750631779
9 704429044
9 308230019
9 521491448
9 134928398
9 820156719
9 926345894
9 820339896
9 777141679
9 572119859
9 757519444
9 718006719
9 971676847
9 338680694
9 946568889
9 110269061
9 550894127
9 768742189
9 542723309
9 915597856
9 256337729
9 985752660
9 835981508
9 710780859
9 920388368
9 493411070
9 470393371
9 563282595
9 2719025
9 647430159
9 775241089
9 936935690
9 503099349
9 817691491
9 25916310
9 458147289
9 362154109
9 188710859
9 823938861
9 989824210
9 360064719
9 208375509
9 538133259
9 388477369
9 345520694
9 18974135
9 942471413
9 152326289
9 974421595
9 763878109
9 147688398
9 997395088
9 634006859
9 363181869
9 851358059
9 412674392
9 617588109
9 609400126
9 189327534
9 719821630
9 483301090
9 283579349
9 483478709
9 67620179
9 173704229
9 590431215
9 335895360
9 394031033
9 194526992
9 38049004
9 923608276
9 159888853
9 910653352
9 174901637
9 293943712
9 25640439
9 404018679
9 585205369
9 913782309
9 735838709
9 769504317
9 632839843
9 747380119
9 266405309
9 606673159
9 264958425
9 767097631
9 93969438
9 5454419
9 568291923
9 121069341
9 952493187
9 105290193
9 489399737
9 275317951
9 338089698
9 260608459
9 537600193
9 625703549
9 486197507
9 489628962
9 210093037
9 741352819
9 328861549
9 786843359
9 588537589
9 633662619
9 611195711
9 568618219
9 203175429
9 466441669
9 468669030
9 589843184
9 669748640
9 549368303
9 72416959
9 875529031
9 885791197
9 669719741
9 229413761
9 854870649
9 797191375
9 224322209
9 269243107
9 243347309
9 816535935
9 809409811
9 447177963
9 379713040
9 986694907
9 288582569
9 203487589
9 647574219
9 708180879
9 410780993
9 811981256
9 137434589
9 103849912
9 233597060
9 65280429
9 980736055
9 992563043
9 302641379
9 710096638
9 425651469
9 699013449
9 774910676
9 614025519
9 262426963
9 669556162
9 629107680
9 45822079
9 565299100
9 990567157
9 807945581
9 326554359
9 540293672
9 1627809
9 19573750
9 808531259
9 805553839
9 752929193
9 357892149
9 969886491
9 244623759
9 984241101
9 811487791
9 247309187
9 478067129
9 370884679
9 576475909
9 294609504
9 823809551
9 189079199
9 721539335
9 356209262
9 89343142
9 116439832
9 13571759
9 578182559
9 575827973
9 710995103
9 728076393
9 561984197
9 380870189
9 231035859
9 267831769
9 74257797
9 803462769
9 861806329
9 775437759
9 264485689
9 575993787
9 6307279
9 73173239
9 515290399
9 132950083
9 481004829
9 232655859
9 875517569
9 527652789
9 857479635
9 834144839
9 217818689
9 278757489
9 331225119
9 526878799
9 652308319
9 948650047
9 539889525
9 19075234
9 234518798
9 665080289
9 137523549
9 667016059
9 16409197
9 248458419
9 987763607
9 400274519
9 99221443
9 111090809
9 917904373
9 350798419
9 50649112
9 475770879
9 672216329
9 971916066
9 663540392
9 134098979
9 510863109
9 340772059
9 490371997
9 80058079
9 690534501
9 993512563
9 61907747
9 633213923
9 390222949
9 275833379
9 60385809
9 531972166
9 420708429
9 216705349
9 508658469
9 341893525
9 944742084
9 650995709
9 279621286
9 241532659
9 910337113
9 529500806
9 570906170
9 970167514
9 27458259
9 840212839
9 580505729
9 222038649
9 417681479
9 711534995
9 660673239
9 145474392
9 401784349
9 820608389
9 433348039
9 382669540
9 517860179
9 89614390
9 354177309
9 300394196
9 807852749
9 515537129
9 171687569
9 532414289
9 155351839
9 153923597
9 223543349
9 550474439
9 576163149
9 754716229
9 354488579
9 969859170
9 473026497
9 508104329
9 442068159
9 47155549
9 421657219
9 273748769
9 54304709
9 53283569
9 433948043
9 506400195
9 515669849
9 273756009
9 309128773
9 333610479
9 785350719
9 470227889
9 828540859
9 121248419
9 510854779
9 169959389
9 971950154
9 380794522
9 503738985
9 124582379
9 539323306
9 225143169
9 491438798
9 252537429
9 835554297
9 87013259
9 325948995
9 577851559
9 11218439
9 743135339
9 839542477
9 746592403
9 360914082
9 857942261
9 457746259
9 336526924
9 297897764
9 128762209
9 339154047
9 897412806
9 624790991
9 714525319
9 654686079
9 654810509
9 573082934
9 588941237
9 931026472
9 123705439
9 534592982
9 130854829
9 846411729
9 328937065
9 633746809
9 279229774
9 636030639
9 767576982
9 764088589
9 523950597
9 133354449
9 974900965
9 193532955
9 613299668
9 554771609
9 939254536
9 558669096
9 249334665
9 725873349
9 109981871
9 692019068
9 387688379
9 242697850
9 800234239
9 968388655
9 741023059
9 431452479
9 314606449
9 194835391
9 239954980
9 37969433
9 656745889
9 211187697
9 618279780
9 620386459
9 102932438
9 335748739
9 425050559
9 355646349
9 248003869
9 536774409
9 550129035
9 278708798
9 612593782
9 766213609
9 531572119
9 35779248
9 681134119
9 412693812
9 50575689
9 323776179
9 98708450
9 309855354
9 289601255
9 11688809
9 898601845
9 360851279
9 621943495
9 569778330
9 698519978
9 8742079
9 292701761
9 725183359
9 999275446
9 431038439
9 379463719
9 854410619
9 306317609
9 764515469
9 641428739
9 51483649
9 177349642
9 499255605
9 545102519
9 133124479
9 956858437
9 692265032
9 478175479
9 692381805
9 873241769
9 485479135
9 77406497
9 851789955
9 783450749
9 313994336
9 774223549
9 641169750
9 334222519
9 60492976
9 40757954
9 199003725
9 299070104
9 663756209
9 983023300
9 387418579
9 46946196
9 698887855
9 354750569
9 60216339
9 491872001
9 861384109
9 359051546
9 861905288
9 36579292
9 643106649
9 97112574
9 236916268
9 520854895
9 54874179
9 283714129
9 475313869
9 376353739
9 231286369
9 312749195
9 110926823
9 680621869
9 422190477
9 558607139
9 918110666
9 580607749
9 198208326
9 490901837
9 749868858
9 695870989
9 451238049
9 57162359
9 997185179
9 817184559
9 954077107
9 825256339
9 3769821
9 377112519
9 289624184
9 204690547
9 161739079
9 609067043
9 137248489
9 276901417
9 312323719
9 612041492
9 736422409
9 432820809
9 117258749
9 261780908
9 291394718
9 974755687
9 710756169
9 527241359
9 819771492
9 292292311
9 210518079
9 117754439
9 99129746
9 734990121
9 515630369
9 265638029
9 89631322
9 102146049
9 374039831
9 27750779
9 511769613
9 631171259
9 586738419
9 698437367
9 833144319
9 903902888
9 960979562
9 772080659
9 218100359
9 132577984
9 711822839
9 800944238
9 448003659
9 892915071
9 259441603
9 212075069
9 580525309
9 820686419
9 641614519
9 424197401
9 89569694
9 791200355
9 182881392
9 825996202
9 508023489
9 686677829
9 279676791
9 433882809
9 583322479
9 220282289
9 962979830
9 839131299
9 137686419
9 504568879
9 125827769
9 628298967
9 709479362
9 941603086
9 500259656
9 347699874
9 495941770
9 343567749
9 345759557
9 461264209
9 373327149
9 336566859
9 747676379
9 4337389
9 826098598
9 74445769
9 943246500
9 544050809
9 161795429
9 538358619
9 252094037
9 786334509
9 707577019
9 176240009
9 122716759
9 392664891
9 742215791
9 336634509
9 803216859
9 53463429
9 446648119
9 788534019
9 876940130
9 96461282
9 358601579
9 414247449
9 943656789
9 598399664
9 154947975
9 727065539
9 345175729
9 879828515
9 356221329
9 200610349
9 559809669
9 531132869
9 709807136
9 451087139
9 921344968
9 98080237
9 865100719
9 228956842
9 749183607
9 759224309
9 618983578
9 863104972
9 900264742
9 805913551
9 323218988
9 73107549
9 932034592
9 993117164
9 868941713
9 670133169
9 820023089
9 493228492
9 42943197
9 42516219
9 735550429
9 219205452
9 189247626
9 908684091
9 591570945
9 823494007
9 342426529
9 664866925
9 333829414
9 553110049
9 166647209
9 938416859
9 723147089
9 252002459
9 642797694
9 857960658
9 427743049
9 74673369
9 89549801
9 94548377
9 956024752
9 321851259
9 289547521
9 279663799
9 865679436
9 446882905
9 676376009
9 284778839
9 192129612
9 114605059
9 960755089
9 565025696
9 284443539
9 544511459
9 151931108
9 590840455
9 952241306
9 953925750
9 123886249
9 390686244
9 7829885
9 891942753
9 7647986
9 446650906
9 950899568
9 759577016
9 236230769
9 364892472
9 930658264
9 686665394
9 510171259
9 390307468
9 770041869
9 100622509
9 970939186
9 444635039
9 15666419
9 376384759
9 470836796
9 935599370
9 579022703
9 952005054
9 941252303
9 984678503
9 762299710
9 745567649
9 198785570
9 634635249
9 587161809
9 523433629
9 399469487
9 695430968
9 36912228
9 108719554
9 456340992
9 628111809
9 13718898
9 267894679
9 937291043
9 353820953
9 613342093
9 178277759
9 306470069
9 45482059
9 222308839
9 16437869
9 31208069
9 812646269
9 931095708
9 999161935
9 774639724
9 642489601
9 422954977
9 517697149
9 713970990
9 987475225
9 695453403
9 825340639
9 518845529
9 667492186
9 504452289
9 770364439
9 422837019
9 854058639
9 318980282
9 867177329
9 834514794
9 24662609
9 630509030
9 835520769
9 20285709
9 392162644
9 883555595
9 665339503
9 141131529
9 557377549
9 669861445
9 726555973
9 82142793
9 528080889
9 202033639
9 882890214
9 722067719
9 502994946
9 374359386
9 380117985
9 20728789
9 84646995
9 986934332
9 948585713
9 996534145
9 759092313
9 562622619
9 578463289
9 995059099
9 164089977
9 403567948
9 175206059
9 393100585
9 168244639
9 871049743
9 801310329
9 617008901
9 308329614
9 739524635
9 571344956
9 237002539
9 133961917
9 207204819
9 223598634
9 857103249
9 686581809
9 402055609
9 50962668
9 307825839
9 355190978
9 313026329
9 253335629
9 641115219
9 805179373
9 272925504
9 479494039
9 552290723
9 814415019
9 214623449
9 46374879
9 624853819
9 808705309
9 956343932
9 967368093
9 205197245
9 315466469
9 905321059
9 545257709
9 955978482
9 531006329
9 362631249
9 363742729
9 873188369
9 696363787
9 347490805
9 627585649
9 435093727
9 410415639
9 589434625
9 335675389
9 90531739
9 569164814
9 797423251
9 231071869
9 84107809
9 472675892
9 760716966
9 341860809
9 367910023
9 240448923
9 330757669
9 95473959
9 955769838
9 655629902
9 803571519
9 444206359
9 764056059
9 417534279
9 568929781
9 658050669
9 64532395
9 690302741
9 966896304
9 176857609
9 574375349
9 523149856
9 804067119
9 534185948
9 219323062
9 374008982
9 615033719
9 300581497
9 376551589
9 877853916
9 989586119
9 905681559
9 651343079
9 945385245
9 228514819
9 447856739
9 265685962
9 400883889
9 916421405
9 910976274
9 418363890
9 249377887
9 182663495
9 321332974
9 166427339
9 150208879
9 864817389
9 965838168
9 850122229
9 900094874
9 545751229
9 766318289
9 7120089
9 453454029
9 795899456
9 62106379
9 501058539
9 668090891
9 155418549
9 808347279
9 897881314
9 572330039
9 986324671
9 680777259
9 152881349
9 715209059
9 400959522
9 450869605
9 4314509
9 38468569
9 210891989
9 420485339
9 877441419
9 686827559
9 336443019
9 414118029
9 294278379
9 912101162
9 56750019
9 663524639
9 353342229
9 197387771
9 817887529
9 995874372
9 378688069
9 922652477
9 15278709
9 648749300
9 363851219
9 8386159
9 552794435
9 573191072
9 60509057
9 394179178
9 260387494
9 887475179
9 56833219
9 649588305
9 986972634
9 291472633
9 383759936
9 109304821
9 75255609
9 402967880
9 241456249
9 578736689
9 27977814
9 791498683
9 3580719
9 687452269
9 751597789
9 492975870
9 224128269
9 633867559
9 753202199
9 619498780
9 807599660
9 971272014
9 27131309
9 441307589
9 242554489
9 303107269
9 293994115
9 312891544
9 957441711
9 8583459
9 988370091
9 82555049
9 413385609
9 917590716
9 91806126
9 386810979
9 176372927
9 630790496
9 933395336
9 78844589
9 144885079
9 580303649
9 856601779
9 331844859
9 237509694
9 632323269
9 406482429
9 906082758
9 989448499
9 274572149
9 790424347
9 881787209
9 429956158
9 669622672
9 441795763
9 209953195
9 226729653
9 555039525
9 897425866
9 979794264
9 608583559
9 165517769
9 994819944
9 930768808
9 733032869
9 607212009
9 960331753
9 888575689
9 267382229
9 923007859
9 349754777
9 580637209
9 417445159
9 168052759
9 196722598
9 842389569
9 314825289
9 38618059
9 190731355
9 778708759
9 808218429
9 657615389
9 421998591
9 323037669
9 497219537
9 102897159
9 239318680
9 940619569
9 870710289
9 215693209
9 675538479
9 83650095
9 280616849
9 799433445
9 1814629
9 307810953
9 117001719
9 38820209
9 50077369
9 628921668
9 170743389
9 997262654
9 644477669
9 218200249
9 383947813
9 310663009
9 625699996
9 321731639
9 74006459
9 915830654
9 387485589
9 714135649
9 442879440
9 720853019
9 22770549
9 205911724
9 486446209
9 145503449
9 736056890
9 780790488
9 152407900
9 845115279
9 129507637
9 189925635
9 793198404
9 618432069
9 463032195
9 243141149
9 160750849
9 872581729
9 893800140
9 156172779
9 642060490
9 873155389
9 47930426
9 455165908
9 873686249
9 655308097
9 940506817
9 334435469
9 298016083
9 934428621
9 509111599
9 37673119
9 932182628
9 621334965
9 170543649
9 822300689
9 463095164
9 120165539
9 42441109
9 484940297
9 526103179
9 102626079
9 465353839
9 250583029
9 905142043
9 147901187
9 374951003
9 507201569
9 992273022
9 289693707
9 507886689
9 162025759
9 201816149
9 412394356
9 511150189
9 368638679
9 224825059
9 671762419
9 924671554
9 509148749
9 441917667
9 443981721
9 449384486
9 411377439
9 1960072
9 635325329
9 222814983
9 720229492
9 553889705
9 62129570
9 179934772
9 498219930
9 187280928
9 591643890
9 173148829
9 68086963
9 114467539
9 183478879
9 371362729
9 919179893
9 728834429
9 604080149
9 360079359
9 27130294
9 980865310
9 381934115
9 646229499
9 174017709
9 824527149
9 392648610
9 68104159
9 637117958
9 889071758
9 896212604
9 710022339
9 867159768
9 720180819
9 372506069
9 671867769
9 796571450
9 91949150
9 228972994
9 742079735
9 356433209
9 318468349
9 602363239
9 260045249
9 451090093
9 782513993
9 571356659
9 731667719
9 755789136
9 137090167
9 424841049
9 44724409
9 336618289
9 502467869
9 989712976
9 13410319
9 678332409
9 119361682
9 100000009
9 276495418
9 430407329
9 133882739
9 477693805
9 351002579
9 1000009
9 953871103
9 820282049
9 778996659
9 848751649
9 407294321
9 119605119
9 895946703
9 275001955
9 642488429
9 933662211
9 885672759
9 226468009
9 525869420
9 250117910
9 756632139
9 707973610
9 505157779
9 703101709
9 613848579
9 31584269
9 665843389
9 599104888
9 461854649
9 984830390
9 165944136
9 549930381
9 88451709
9 921929008
9 509819952
9 604770569
9 157850849
9 7708159
9 981137659
9 495732997
9 280504494
9 505682679
9 148033689
9 675366398
9 519773768
9 909921039
9 398378343
9 727085339
9 910516602
9 202868921
9 389209302
9 795630876
9 804076779
9 423100339
9 711262419
9 495983321
9 736164909
9 346058329
9 633514659
9 585939783
9 171136409
9 554561379
9 731872789
9 986177891
9 170206398
9 472575719
9 545398789
9 519279411
9 683869579
9 996016629
9 722656579
9 941565285
9 613249421
9 200385409
9 451348589
9 512128892
9 676736459
9 335275959
9 922107393
9 496795310
9 945692062
9 53073509
9 169878169
9 782513849
9 334935665
9 719599965
9 78393739
9 675052659
9 878390056
9 379946250
9 907723968
9 58888229
9 692251782
9 655118039
9 935415603
9 624477669
9 155966484
9 861716249
9 952199838
9 55587229
9 323348139
9 105515149
9 407206079
9 999786363
9 348828396
9 955648964
9 429186801
9 274843859
9 920733661
9 661136290
9 477801369
9 355199443
9 290211427
9 88808289
9 652322479
9 72766369
9 464878619
9 555517119
9 930639938
9 884949741
9 906037196
9 797657875
9 80215659
9 705578459
9 752204965
9 192428691
9 770410975
9 890632570
9 378880029
9 250106259
9 109875994
9 463909410
9 439706747
9 953786478
9 154505439
9 815916993
9 815843920
9 371322988
9 132220869
9 239700675
9 486862129
9 845450079
9 97853298
9 514159323
9 203909247
9 136430794
9 213179616
9 415431019
9 120110859
9 544369297
9 222737049
9 850601539
9 787125519
9 906661986
9 375961261
9 909841429
9 31100209
9 152831339
9 497180697
9 685640029
9 181054329
9 408167249
9 226196478
9 371014049
9 608202809
9 680339316
9 470352794
9 409784718
9 713751975
9 931017951
9 859907572
9 186311759
9 221377219
9 264112779
9 516574379
9 471510029
9 376668039
9 146372209
9 351699138
9 232342609
9 526511189
9 712234379
9 168701269
9 496992770
9 781675739
9 30516179
9 449098963
9 964252397
9 23607790
9 754908233
9 580224849
9 495794083
9 738206469
9 734253119
9 824356089
9 605528719
9 364313429
9 52413369
9 135465169
9 768345439
9 19160824
9 559523307
9 129801326
9 527561349
9 255166829
9 4951572
9 924081572
9 101463389
9 172302009
9 410599431
9 896978191
9 735829454
9 856019286
9 846749380
9 303506789
9 372556119
9 511300079
9 308027339
9 967232966
9 840422849
9 798473157
9 530948549
9 104768219
9 171320349
9 192550043
9 10968947
9 834643709
9 540198524
9 396902795
9 173776079
9 712707609
9 132453519
9 788506749
9 364638589
9 92339434
9 882218479
9 912703732
9 90950782
9 460593238
9 950130762
9 439700483
9 187017589
9 966247336
9 450654339
9 288892011
9 233145669
9 724685339
9 447498182
9 245850329
9 15144649
9 552626893
9 142539270
9 292988204
9 8988088
9 743106629
9 352389847
9 799121873
9 543144809
9 421356269
9 539416409
9 853194690
9 200447972
9 718700679
9 818916664
9 315821379
9 8169132
9 173195709
9 256459224
9 417011469
9 776143239
9 913069225
9 252580779
9 202814409
9 969249870
9 813761589
9 61649791
9 339022927
9 22309958
9 350518069
9 666436593
9 181480259
9 951352829
9 508749447
9 201056399
9 166089677
9 194351894
9 892580213
9 409785370
9 866264389
9 432206659
9 560042289
9 814408946
9 320102819
9 281206819
9 427000219
9 735700769
9 370529109
9 681724589
9 445135895
9 701221966
9 814843789
9 317407469
9 688065059
9 123858469
9 325676069
9 803605490
9 143420629
9 907845231
9 701591512
9 740726389
9 957534028
9 391607250
9 697286356
9 230425849
9 76347097
9 356236990
9 97608698
9 788373449
9 159677831
9 60149285
9 358905819
9 740016934
9 76734649
9 827170829
9 440525149
9 654116639
9 849866967
9 927908815
9 143316659
9 550042619
9 803976148
9 385702169
9 176135119
9 817355279
9 566521968
9 903006906
9 2310339
9 977457297
9 178590338
9 838283479
9 777381739
9 948116908
9 62751839
9 764242869
9 670326579
9 590761860
9 209138244
9 415983832
9 388897755
9 949970551
9 80327259
9 549016484
9 449083641
9 871404739
9 180873292
9 550371809
9 411389752
9 18355394
9 399650937
9 415674229
9 635265289
9 728735849
9 784864369
9 392037721
9 306745419
9 920512327
9 108176009
9 411651879
9 796908800
9 992212357
9 176342449
9 324626529
9 265612129
9 149743303
9 812035792
9 110575679
9 747168479
9 61220679
9 964348841
9 6063609
9 386993157
9 137723029
9 953768754
9 502265519
9 658798417
9 931270712
9 716636089
9 311680971
9 209636260
9 741137629
9 323484793
9 808500239
9 699181187
9 531177879
9 679535451
9 614974112
9 815076971
9 817117799
9 757507439
9 123946494
9 40454794
9 37284579
9 349124642
9 423986677
9 696372883
9 465917008
9 103934418
9 283713639
9 243083759
9 618284595
9 763904690
9 487981528
9 420059838
9 592575864
9 939370833
9 101134149
9 676375589
9 624983840
9 149065221
9 701034449
9 140069284
9 639290451
9 937773579
9 902131378
9 937568649
9 282192230
9 140086219
9 141764479
9 527280519
9 682287089
9 715515609
9 540783449
9 603207449
9 810820159
9 928823733
9 101964893
9 644036943
9 774842549
9 655690116
9 241207829
9 322129721
9 375699377
9 494203013
9 236547129
9 797825195
9 995238629
9 939962899
9 564781089
9 570584309
9 988850317
9 734330099
9 657339788
9 221870509
9 912315489
9 665385209
9 585694154
9 587005639
9 833660779
9 357919255
9 435104289
9 431750129
9 909711103
9 57138449
9 975142048
9 697158756
9 716726259
9 539594057
9 416360359
9 973715798
9 582590198
9 255091287
9 175867439
9 614575079
9 882812469
9 480551779
9 876769010
9 259180813
9 438874119
9 530030059
9 349400836
9 935606668
9 253842920
9 725427369
9 738210039
9 514096622
9 586031930
9 153278849
9 216421009
9 924691129
9 128735950
9 298313873
9 115596756
9 568079066
9 801407479
9 296238644
9 328943042
9 920446260
9 4383849
9 62486049
9 347346699
9 338983723
9 971751079
9 96272878
9 416474049
9 997536428
9 949746385
9 528291386
9 916205130
9 81653669
9 65461379
9 313566719
9 792981180
9 346191929
9 590498762
9 871126904
9 114221249
9 177931357
9 657681419
9 958689864
9 744992413
9 417339156
9 417413869
9 343605979
9 410947271
9 883844961
9 790015044
9 610767579
9 660477189
9 166015594
9 79702214
9 883237889
9 916118220
9 971274936
9 170762998
9 934917800
9 525268793
9 431825889
9 847671139
9 498872215
9 48570389
9 553481379
9 674410149
9 87929002
9 693459162
9 367746009
9 929745481
9 500305389
9 67057659
9 147661692
9 289150424
9 926122266
9 976007128
9 717158392
9 884131109
9 763402019
9 914222050
9 423352619
9 87593511
9 855577739
9 52666319
9 811629958
9 634365954
9 634285309
9 733501559
9 155956032
9 370067929
9 137150689
9 374192674
9 595125192
9 963771644
9 58658129
9 825197837
9 584334098
9 560738869
9 353920125
9 695607256
9 215092000
9 358769332
9 970081564
9 911616088
9 189345186
9 905742195
9 24348819
9 311456439
9 229373965
9 59049489
9 342378069
9 710327899
9 432795747
9 339840542
9 65986838
9 46011669
9 7320493
9 828394336
9 133381479
9 820664189
9 510586916
9 464856289
9 965809185
9 366577689
9 223502819
9 289758835
9 19537353
9 1806539
9 179333522
9 14173915
9 196148114
9 150051019
9 934103030
9 545670779
9 262896506
9 798592127
9 587429244
9 848183219
9 182447971
9 799385403
9 377440429
9 392989490
9 73260559
9 145912577
9 494952179
9 713232829
9 531372159
9 870010719
9 247297223
9 670061589
9 710978824
9 666754719
9 519815736
9 819832546
9 769757861
9 285610809
9 819888164
9 806386339
9 500593483
9 144453097
9 668939496
9 726630469
9 540632069
9 72807019
9 165530659
9 179568371
9 222016479
9 665220869
9 870278719
9 353786689
9 666132911
9 869878414
9 831077569
9 586055659
9 210335094
9 950738428
9 230162249
9 972197885
9 472355819
9 912076008
9 300618619
9 273400920
9 805351659
9 298700529
9 797888270
9 595111341
9 449487765
9 852156339
9 844618309
9 337134609
9 169165730
9 19410749
9 695376408
9 701439372
9 584723993
9 318574479
9 554799312
9 39035867
9 507132549
9 833026498
9 906686349
9 431358389
9 595818638
9 850871798
9 214392673
9 479929773
9 857737279
9 561626229
9 766130339
9 642342977
9 535052479
9 332840489
9 807940171
9 566690740
9 333193908
9 309255310
9 173939303
9 179033537
9 862508393
9 730942885
9 805851769
9 639854144
9 967017912
9 521805589
9 183794587
9 969765819
9 626455739
9 837454709
9 499141661
9 295251811
9 518913387
9 607829315
9 117314729
9 49212616
9 799437754
9 213820259
9 628497992
9 536073329
9 46003209
9 278106519
9 750086968
9 286010439
9 607415569
9 375199632
9 493559887
9 155051937
9 769538690
9 272422609
9 850823429
9 509497321
9 270988726
9 423768669
9 648668789
9 922874037
9 307584490
9 954979103
9 611093676
9 29755235
9 701231194
9 454259662
9 569465278
9 440275519
9 657190438
9 668410689
9 389038278
9 679667972
9 956176553
9 285360649
9 975664240
9 738673939
9 595948430
9 196577187
9 805583679
9 56557649
9 880202079
9 537586689
9 384762918
9 519235034
9 173787689
9 101843079
9 237903775
9 742243879
9 311515529
9 119784879
9 48931272
9 935678134
9 472395642
9 109778977
9 775570139
9 564169698
9 153352297
9 885144139
9 249686417
9 545735779
9 620305199
9 450160569
9 395230871
9 4270097
9 44443449
9 967963256
9 951518625
9 759954910
9 601493419
9 846352869
9 200272559
9 487254639
9 844001239
9 403602069
9 497398319
9 286069831
9 461023907
9 741133329
9 238055239
9 136568379
9 28190765
9 471037329
9 864301953
9 585092124
9 446022649
9 887438979
9 575079060
9 977799957
9 813168669
9 860363359
9 865265409
9 758616039
9 942091541
9 779093271
9 823255529
9 991638887
9 137486329
9 149434481
9 260018569
9 327590944
9 896919101
9 673670019
9 909577831
9 374397575
9 183566689
9 37266779
9 639924623
9 822039122
9 951097581
9 167586819
9 964979170
9 108575039
9 373200209
9 353060899
9 333130916
9 218704789
9 267308059
9 105078779
9 984060232
9 855401019
9 800846579
9 306440982
9 970852043
9 212286459
9 88408962
9 944402063
9 476112249
9 732768509
9 853242980
9 63437869
9 105923283
9 343830960
9 458241569
9 522626984
9 494563939
9 778274389
9 820444039
9 26708889
9 741798505
9 784171978
9 232268019
9 84635379
9 674010494
9 620168839
9 957525392
9 65098649
9 427927893
9 122311359
9 943147277
9 726831964
9 325672139
9 497307189
9 729054998
9 338782069
9 631413369
9 36051963
9 636165029
9 987246880
9 985726729
9 287593875
9 520764879
9 364600966
9 947384086
9 367268129
9 471936997
9 983909282
9 196484665
9 880626249
9 801579741
9 958164515
9 804502091
9 254209553
9 541688902
9 995885499
9 435914667
9 112600976
9 795799119
9 714947490
9 776039204
9 749035743
9 117886229
9 83586529
9 302537598
9 881941039
9 934650653
9 180875519
9 399666926
9 951197435
9 700545419
9 805393534
9 634156619
9 329274093
9 874982089
9 221920834
9 292695890
9 321400619
9 946368531
9 233500649
9 626364096
9 264023129
9 663222097
9 582957850
9 700363439
9 833190269
9 704562659
9 447399850
9 680976271
9 868011279
9 218348963
9 796549733
9 972573712
9 875525496
9 823161429
9 115660779
9 82110419
9 724335189
9 772947635
9 425177249
9 572731809
9 124197908
9 228351769
9 785006409
9 987305222
9 732736389
9 141362359
9 434247919
9 285820619
9 558928887
9 19110667
9 918367059
9 649946899
9 895677550
9 360030419
9 713213589
9 23509170
9 126477369
9 427572293
9 488980285
9 118944738
9 131758951
9 835719570
9 724248194
9 146668079
9 540215498
9 6554779
9 534703739
9 104055349
9 244409393
9 764263319
9 106133199
9 928221055
9 410536359
9 881009471
9 637257829
9 207034659
9 830948674
9 804505948
9 225621129
9 7748019
9 936482069
9 82204779
9 28091027
9 339656877
9 44680869
9 953842002
9 122514329
9 284466049
9 467179907
9 487831409
9 683048589
9 740398233
9 301800099
9 250636449
9 543377889
9 649274416
9 369020907
9 899525421
9 280122049
9 939646079
9 750680429
9 863457509
9 4676369
9 70144449
9 726755239
9 992873856
9 637494067
9 992117081
9 245730019
9 267995442
9 328430669
9 989305761
9 570280941
9 517896374
9 169648176
9 89883615
9 372242719
9 683073089
9 735356439
9 796121458
9 337298467
9 695994427
9 767666819
9 707904974
9 66701329
9 10518291
9 834959235
9 490820558
9 525352619
9 636564899
9 910597669
9 859206780
9 759892991
9 501532696
9 482379844
9 936853888
9 915980051
9 43361619
9 260385179
9 235834439
9 727241059
9 879503776
9 216463119
9 287720819
9 801126829
9 886799953
9 359280970
9 239797742
9 385004619
9 450029206
9 555908828
9 105872249
9 925278356
9 18517869
9 756491438
9 382175329
9 20001049
9 369169585
9 101836419
9 147764669
9 361946622
9 688777669
9 349247350
9 7205089
9 274712593
9 810962040
9 300513839
9 742827079
9 986318006
9 452112917
9 888919560
9 475096222
9 588104960
9 566398249
9 810761859
9 885218989
9 417011986
9 66893569
9 463003869
9 665260659
9 15866349
9 881390335
9 509177615
9 742947026
9 760056229
9 587082259
9 763445569
9 77794684
9 756425709
9 636874309
9 238346997
9 914252388
9 910898879
9 844704591
9 662604869
9 527045119
9 23931657
9 536537968
9 373864389
9 776292664
9 610069011
9 53692672
9 665457409
9 1599598
9 8586379
9 200725849
9 762262729
9 685247259
9 363218179
9 608265924
9 164685309
9 659135792
9 745633509
9 166016539
9 738378759
9 149230807
9 602671649
9 171561879
9 70782179
9 835021039
9 205972586
9 226571629
9 593017309
9 157329105
9 94292936
9 711784469
9 883727289
9 977411528
9 666756069
9 798166496
9 865384769
9 704350389
9 556682259
9 896563743
9 419552967
9 883567759
9 609253451
9 566192621
9 3492140
9 811247962
9 522264129
9 871087289
9 461066129
9 35083349
9 904363378
9 550146039
9 639807597
9 873435896
9 17876839
9 635597033
9 147117449
9 846350639
9 617012669
9 846295913
9 432228819
9 499345166
9 773208099
9 374600189
9 500099392
9 277886996
9 745498047
9 9682163
9 297916849
9 739195481
9 973966397
9 334910842
9 26147589
9 298994150
9 146345789
9 648054029
9 69661565
9 880713689
9 692569516
9 321330859
9 276937550
9 818439487
9 738364259
9 90186718
9 453094603
9 35509315
9 784826949
9 367153795
9 786258759
9 852935854
9 465277529
9 604585409
9 446448859
9 547578639
9 377662409
9 901942574
9 19255766
9 370471259
9 106101419
9 563563739
9 782910074
9 877268159
9 274460598
9 810212893
9 795789674
9 24342769
9 645394670
9 866923584
9 429861402
9 508248509
9 390584944
9 291930719
9 638927004
9 217296999
9 662615469
9 782103879
9 594429895
9 511228189
9 101763985
9 8938138
9 340964994
9 840457293
9 308356649
9 772055749
9 395225403
9 159158932
9 867293145
9 199246866
9 797870022
9 686318798
9 310549906
9 14148579
9 572735179
9 826291823
9 265092895
9 628923763
9 208072789
9 709344260
9 619461776
9 831693315
9 26511629
9 746719396
9 393297893
9 886089371
9 200277819
9 633468539
9 767660549
9 345767779
9 823646129
9 869576811
9 292539692
9 793508761
9 865458569
9 169271293
9 807053729
9 466710694
9 653593442
9 815094252
9 715024519
9 371992952
9 229403935
9 459320685
9 823383149
9 794853766
9 679871446
9 512946623
9 775306389
9 148377829
9 145580859
9 211957669
9 617125559
9 1325339
9 526969772
9 915506306
9 715107951
9 898403306
9 86653859
9 979818342
9 93818091
9 794695703
9 650934390
9 790500261
9 599452758
9 206233159
9 196614728
9 720227319
9 729959413
9 769999032
9 223710249
9 501190392
9 514414649
9 383090787
9 173878309
9 647096873
9 79490063
9 942728680
9 892811719
9 142508559
9 201064259
9 925688136
9 483697793
9 632774729
9 664970761
9 362167951
9 724327279
9 172870394
9 494785961
9 700301349
9 613584659
9 176174059
9 803355492
9 310642916
9 265071479
9 365601049
9 364929481
9 739005215
9 788360279
9 972156715
9 436557689
9 908724428
9 542139333
9 460721529
9 864091018
9 558645349
9 967173941
9 975236965
9 989273301
9 54411990
9 314169897
9 940617213
9 686807779
9 190095192
9 184684907
9 744501169
9 321800709
9 880099591
9 813324679
9 951564870
9 361415519
9 387939520
9 147086419
9 775846279
9 718915603
9 958921382
9 354366039
9 46949313
9 105795673
9 494879570
9 977480371
9 233917874
9 44071941
9 571532729
9 490100316
9 591349584
9 442127039
9 740317369
9 190963385
9 580377149
9 361889498
9 245841819
9 544109572
9 972112899
9 879959740
9 190614413
9 941802171
9 209175441
9 804767679
9 738240179
9 951204047
9 589886541
9 343276879
9 678268539
9 191956584
9 502919077
9 886157189
9 505374189
9 28965007
9 248047489
9 941756809
9 786137479
9 268529238
9 995889808
9 965319411
9 231789106
9 610001489
9 553014195
9 950186792
9 682546519
9 755034689
9 760879999
9 23797229
9 190669025
9 732532819
9 840896370
9 345755709
9 213020629
9 779177788
9 886389674
9 419043436
9 975540367
9 780580119
9 828389666
9 973275442
9 18965649
9 987924681
9 310536269
9 66144949
9 303620189
9 346414729
9 978485205
9 67536769
9 283704249
9 949071203
9 751552009
9 595158541
9 402467629
9 596117
9 576188879
9 277013849
9 826866429
9 376785449
9 350677489
9 623121799
9 599571544
9 390737984
9 317453169
9 483842159
9 821102309
9 748723259
9 347617079
9 200953646
9 914450550
9 377560089
9 894808051
9 982825224
9 942587403
9 251918075
9 569105114
9 174275396
9 14899146
9 747545391
9 877628619
9 591274183
9 626401709
9 634758349
9 389710013
9 665832395
9 939494086
9 992382027
9 483762539
9 497669834
9 415667849
9 521887149
9 489302933
9 910787690
9 589497892
9 878404039
9 237462159
9 537901755
9 455849450
9 655313289
9 774248309
9 737681639
9 616733179
9 745875902
9 338551839
9 541786329
9 375330934
9 626165559
9 985649932
9 75028809
9 356889
9 810575069
9 800919845
9 649772049
9 240909131
9 39458956
9 3432639
9 960900229
9 542459653
9 678868309
9 915080474
9 614602950
9 123457579
9 730675389
9 843811905
9 69331454
9 338806489
9 145814319
9 62799926
9 752301195
9 921592688
9 25509046
9 27114119
9 456882139
9 352194795
9 409828283
9 379647074
9 220321379
9 239047497
9 880129883
9 730640391
9 241050779
9 318425239
9 614425639
9 416136789
9 612275549
9 500166719
9 622950852
9 273504659
9 35328169
9 943635238
9 955965100
9 1000009
9 276985015
9 744645493
9 695916447
9 601587209
9 350338369
9 836938668
9 325595817
9 130764689
9 781051729
9 12363392
9 109764699
9 540783169
9 158680119
9 385955973
9 377395680
9 809702602
9 359415340
9 445819364
9 985777267
9 768705459
9 131134933
9 836705309
9 4500569
9 430769385
9 218920708
9 828183925
9 491997680
9 460396343
9 740382916
9 487870119
9 681784589
9 795992015
9 438076289
9 317692587
9 77495520
9 279166052
9 591853359
9 315066319
9 377647569
9 37910671
9 142696630
9 14311409
9 95227273
9 875428790
9 380480679
9 481885759
9 379316220
9 310013694
9 294190178
9 205869910
9 773035900
9 696878365
9 870689866
9 327403289
9 593342240
9 493035439
9 732814729
9 196040448
9 445199607
9 140350589
9 113112029
9 817928456
9 965684297
9 265892580
9 924990966
9 966082242
9 375699885
9 708561509
9 732596735
9 558814829
9 728584769
9 299172338
9 868522994
9 510589312
9 540584769
9 114810159
9 814213889
9 333116679
9 828892876
9 926358043
9 995469081
9 280267369
9 851796516
9 504089796
9 609811016
9 618043957
9 520387996
9 315926890
9 260136997
9 957867863
9 336529061
9 306857069
9 616320249
9 350975443
9 34244279
9 672813239
9 115925302
9 902015540
9 3628629
9 484274943
9 825016059
9 956089366
9 580951138
9 183835149
9 784886889
9 893583090
9 329569947
9 202118029
9 85527469
9 67653439
9 195228473
9 640061059
9 656537289
9 916306608
9 687207499
9 604664629
9 802677749
9 535698243
9 549904120
9 496117153
9 904318132
9 268760749
9 448953928
9 761767009
9 264074935
9 655246966
9 983257338
9 939523888
9 185253839
9 878587449
9 712345892
9 109513241
9 597628076
9 562176369
9 451292491
9 194074509
9 153725359
9 861412639
9 908030408
9 264683869
9 52467519
9 182686789
9 10817459
9 157710149
9 104538298
9 50742709
9 605125091
9 238299734
9 234327459
9 860092815
9 831149957
9 164360979
9 680730679
9 495245983
9 220191105
9 782855579
9 740794586
9 886229678
9 432045279
9 768163579
9 987703250
9 945215636
9 610096124
9 113673849
9 684901491
9 481709842
9 384902416
9 569336016
9 863345639
9 923162948
9 681987928
9 26097008
9 448996064
9 280600809
9 462287689
9 653454692
9 300618729
9 411716859
9 915514256
9 109669247
9 360492715
9 691593335
9 336300039
9 251788829
9 831963170
9 368869343
9 794934388
9 60325907
9 314114094
9 122502295
9 523573009
9 221226089
9 43390161
9 35473189
9 603090907
9 50611569
9 552205449
9 814772349
9 392630636
9 637877419
9 88442494
9 896369175
9 55948119
9 805814579
9 556604879
9 759054751
9 186164029
9 749578544
9 84317597
9 410198094
9 979869765
9 613466469
9 598271548
9 657551709
9 32444579
9 125423409
9 974154308
9 23561929
9 203509518
9 793570630
9 286269796
9 187400429
9 820668819
9 25355069
9 148583219
9 485742229
9 369400809
9 561996578
9 192445878
9 259836079
9 691117298
9 484612589
9 231640769
9 368510079
9 756249048
9 643847491
9 68386849
9 565460439
9 498400631
9 280930908
9 925771587
9 807388697
9 64453902
9 381152669
9 990135408
9 642926652
9 971119010
9 105901791
9 86026329
9 564745649
9 927772542
9 606655779
9 468369759
9 364820690
9 550268819
9 732361909
9 567424519
9 41018359
9 884074196
9 151238197
9 775159533
9 417116629
9 148388169
9 822632989
9 856162619
9 697971711
9 388179168
9 81117449
9 572431649
9 327314419
9 953217302
9 611067019
9 687200519
9 191929881
9 146134369
9 184029457
9 518841569
9 835654219
9 818806639
9 387241619
9 857591300
9 807814449
9 862041098
9 740393924
9 95070310
9 560690157
9 522190591
9 719764946
9 214151049
9 647630119
9 353642449
9 730216292
9 79045177
9 964684513
9 100840789
9 391421233
9 750031497
9 216250890
9 22839114
9 29542510
9 819391499
9 396214893
9 840333689
9 553648789
9 530525409
9 590400913
9 356961929
9 288967102
9 261717709
9 780876792
9 900557709
9 722499501
9 13185129
9 573922231
9 612894670
9 744891167
9 517421059
9 425388509
9 395591800
9 874363962
9 363203069
9 249135667
9 789595178
9 128855319
9 765888889
9 432247879
9 879562400
9 884887619
9 507723209
9 775474829
9 957500808
9 873677239
9 78505329
9 136177839
9 795350252
9 160862391
9 119842948
9 754239662
9 407457349
9 173856229
9 267867039
9 135609616
9 311352159
9 158713449
9 965990391
9 187587859
9 234195256
9 790055385
9 513970523
9 429327917
9 43998916
9 685428079
9 737351996
9 439293289
9 560726329
9 701140009
9 336964194
9 572978522
9 974747484
9 20576839
9 826050916
9 958417526
9 684279104
9 434872945
9 554087749
9 517219399
9 372038559
9 489522332
9 885815659
9 739169797
9 759565480
9 101444859
9 655243429
9 92905156
9 45785049
9 898523889
9 557800709
9 234410829
9 920460020
9 909379219
9 964448746
9 846878779
9 767062119
9 940505650
9 702984900
9 417898714
9 481856339
9 635675969
9 992444808
9 10000009
9 49909832
9 513726369
9 227985199
9 669121119
9 960097707
9 653092821
9 300785379
9 76174529
9 643416069
9 144594080
9 416714139
9 193418024
9 319774277
9 329579360
9 177784449
9 52433948
9 717924773
9 681079372
9 487325209
9 547436269
9 973897964
9 2166955
9 474008519
9 453569674
9 249284904
9 160681029
9 714102389
9 855921788
9 836138219
9 673419992
9 230662889
9 560722109
9 885616279
9 549372304
9 994579261
9 547904558
9 241758459
9 825283849
9 957212696
9 108568269
9 747006449
9 233325679
9 976585617
9 292098713
9 5272629
9 476306709
9 180838169
9 483961455
9 699978290
9 848923682
9 252718729
9 226694137
9 992687470
9 215503991
9 109996784
9 670832409
9 59543618
9 869060663
9 130829383
9 993737472
9 308334796
9 662753679
9 438658629
9 496351581
9 474112469
9 621094075
9 691610111
9 595301346
9 66816689
9 917413618
9 295171050
9 533768489
9 128002559
9 493760616
9 335043898
9 537582529
9 631687259
9 908364998
9 752346819
9 803979131
9 614255689
9 815068907
9 301833379
9 982136117
9 635869130
9 301882769
9 735770979
9 730463839
9 34451159
9 815584669
9 693786718
9 656627309
9 674651749
9 777857029
9 376280209
9 158436297
9 366384916
9 79958778
9 935068964
9 434546549
9 737261129
9 194742190
9 562415479
9 300350629
9 130808509
9 500000559
9 46602629
9 546744059
9 633174469
9 198656381
9 740446149
9 704110639
9 932623689
9 436357069
9 494625407
9 948529733
9 372985106
9 780645049
9 731213939
9 847234109
9 965355184
9 686033469
9 280667239
9 872735940
9 35529848
9 382895423
9 23853179
9 797188498
9 948527539
9 688576389
9 770728119
9 427969377
9 614809105
9 374712349
9 722009542
9 380078619
9 777439085
9 932429893
9 276433629
9 54911515
9 432714952
9 342909388
9 45047916
9 872264209
9 556426319
9 912020459
9 93514372
9 27328129
9 616997200
9 340776956
9 153038369
9 847231439
9 998967742
9 284040396
9 194456079
9 208060549
9 681350249
9 245749823
9 94934127
9 513186359
9 939191937
9 522982863
9 284008379
9 295903134
9 140111459
9 901829294
9 481676298
9 951480187
9 918036417
9 378183789
9 733738349
9 178462059
9 116149262
9 491299908
9 933462080
9 877179991
9 335876294
9 339081092
9 154441819
9 570613859
9 339660292
9 2393980
9 143747479
9 662971909
9 40823669
9 606197085
9 906561747
9 999513303
9 30712914
9 184582089
9 717122839
9 288907469
9 924777011
9 776609230
9 883254109
9 637371429
9 117445019
9 267792905
9 985459215
9 89780683
9 648995046
9 265344009
9 192244655
9 207658911
9 354915006
9 702285609
9 1870669
9 517608359
9 290284476
9 610293399
9 713315089
9 890952983
9 777929953
9 950689651
9 38717319
9 282861239
9 915998963
9 944597315
9 806693237
9 485372089
9 855758917
9 854181779
9 947860358
9 864360319
9 788371369
9 844015509
9 490368481
9 135877197
9 118453809
9 168027049
9 437522249
9 525468649
9 562155498
9 530629673
9 236754049
9 90484874
9 978606490
9 990110246
9 697749804
9 102201029
9 322901638
9 365276259
9 483200659
9 123967614
9 791875636
9 730311956
9 39819124
9 88821029
9 421795028
9 519727292
9 746596040
9 296749759
9 769193943
9 253808997
9 257924753
9 103171679
9 339042375
9 316047369
9 849798406
9 890206817
9 235088029
9 554278149
9 332383359
9 466511039
9 273723029
9 540325729
9 900856289
9 984592555
9 954635197
9 483437109
9 868283559
9 490969369
9 308491158
9 91847599
9 12581349
9 745425899
9 61251119
9 330083479
9 206658169
9 885025839
9 167829218
9 421096532
9 791813903
9 108961361
9 994713774
9 489121283
9 57347369
9 876437339
9 492302439
9 58899385
9 879064883
9 124142149
9 318801924
9 394577853
9 954554256
9 76526559
9 495056475
9 821908953
9 766449001
9 792738249
9 598102707
9 676801709
9 114320319
9 385997400
9 184472419
9 868950060
9 514700419
9 601244968
9 646959106
9 85215509
9 182023349
9 779770644
9 538229730
9 490037640
9 386590009
9 727827239
9 808919174
9 887233649
9 782413945
9 20422290
9 387614559
9 339421602
9 465494954
9 125124089
9 358788719
9 312943189
9 507648968
9 640761649
9 420856489
9 451457009
9 691929125
9 11558096
9 772381639
9 204890147
9 598541665
9 205897926
9 66796412
9 754525159
9 996775281
9 884711209
9 909525102
9 81392020
9 992512368
9 949561555
9 465884769
9 196519694
9 596009735
9 741077739
9 689302006
9 88921592
9 851156149
9 246066789
9 501762349
9 935016548
9 882023779
9 999369365
9 672936004
9 759572887
9 473532689
9 6982729
9 885852109
9 249573128
9 603709633
9 791440874
9 789231045
9 722258690
9 789542864
9 313525092
9 982599223
9 981926949
9 661536759
9 305676039
9 39786334
9 364682069
9 750766389
9 695428140
9 558616189
9 268028459
9 13319845
9 240423649
9 564627249
9 529218283
9 566344903
9 87258094
9 746456934
9 646458892
9 657302109
9 288384309
9 756525389
9 890294538
9 829728504
9 910257402
9 951662891
9 728453891
9 477802389
9 974923322
9 37543029
9 611737049
9 554708149
9 626973622
9 135081189
9 175838859
9 64052579
9 993703760
9 589251387
9 570732729
9 505424169
9 796511611
9 79016310
9 425684329
9 193597083
9 6486779
9 767296789
9 51803509
9 304391072
9 871686859
9 504824319
9 696854173
9 533465539
9 893055218
9 643366229
9 416555429
9 95939193
9 716448189
9 717031990
9 143873369
9 139238111
9 217077297
9 37615219
9 165877049
9 16200189
9 214831749
9 967863280
9 643085849
9 463327169
9 200028159
9 994211265
9 592096817
9 534827689
9 486676129
9 527884789
9 454059046
9 339792804
9 80873549
9 830225029
9 813401359
9 961617265
9 192177664
9 962507522
9 631402549
9 388228849
9 240160879
9 260532209
9 76239622
9 329778713
9 594566244
9 50470569
9 798491882
9 952862988
9 86406539
9 978333636
9 927421823
9 248971198
9 128495952
9 756755869
9 69957551
9 68349731
9 859344911
9 477414239
9 475186975
9 80685159
9 167076797
9 413081549
9 98167493
9 328211379
9 744888209
9 297532445
9 954584805
9 438942190
9 269025017
9 948808997
9 480011249
9 551585749
9 613822449
9 484315029
9 256612596
9 466736849
9 124264569
9 823605379
9 256264389
9 755370449
9 102514879
9 426987149
9 642009918
9 133928027
9 554659337
9 860422009
9 71658809
9 924184882
9 40591742
9 223334719
9 506509653
9 346124097
9 402459444
9 723809422
9 726043893
9 880489336
9 793641114
9 287072149
9 489962654
9 603726192
9 613302890
9 519933837
9 790383395
9 154077529
9 145508779
9 795628315
9 559885978
9 622216559
9 508909015
9 691484363
9 222496024
9 225333269
9 841785769
9 169808986
9 894790259
9 726741629
9 749776490
9 945022576
9 897288965
9 396582344
9 100000009
9 43367739
9 490243705
9 136725869
9 12754419
9 416657209
9 389727533
9 856070139
9 474511169
9 207517669
9 162906304
9 609321557
9 496814123
9 212969259
9 465523859
9 973783687
9 863000859
9 324042459
9 803708519
9 195748424
9 543395408
9 264664559
9 73237953
9 215141839
9 962023185
9 426757879
9 951609755
9 25805579
9 824069763
9 674180549
9 381036429
9 747553179
9 123151932
9 74979874
9 629070893
9 804842895
9 72113079
9 893019439
9 134748889
9 199314092
9 208134259
9 607526029
9 204975644
9 882613479
9 813773839
9 495167746
9 545974411
9 865917556
9 807604910
9 263446189
9 218589188
9 860190007
9 926617526
9 706415469
9 774579754
9 782298468
9 988281431
9 827382819
9 668597378
9 807823259
9 640652945
9 649406237
9 506212089
9 546339729
9 255778729
9 510003981
9 31741739
9 279118750
9 145056289
9 628477098
9 734365953
9 569382006
9 268719876
9 470692653
9 778406928
9 563778329
9 546321489
9 12101159
9 334481719
9 455270879
9 796694332
9 414587209
9 383867779
9 286476609
9 875490253
9 762295355
9 491973686
9 656545129
9 884469414
9 977119907
9 649085311
9 221269900
9 61184259
9 12642809
9 887842729
9 892101145
9 600340159
9 861970237
9 116187769
9 379088771
9 671403239
9 415766697
9 74831459
9 238498674
9 913434083
9 731059899
9 411000039
9 360695813
9 232419
9 768040159
9 949556799
9 357534921
9 436228169
9 89827126
9 689800324
9 337524379
9 857808789
9 641324029
9 69451040
9 57813249
9 75839874
9 162309855
9 208973060
9 939938297
9 956738511
9 644685289
9 73031809
9 90351177
9 716795591
9 85018279
9 889806831
9 931345606
9 921577022
9 213446589
9 62582059
9 943536787
9 710748089
9 394780867
9 486435094
9 788432719
9 989422519
9 615160569
9 512635769
9 26883798
9 843386339
9 650798992
9 672978027
9 985989895
9 723877489
9 107055559
9 486387119
9 799274896
9 784373949
9 237342819
9 42718139
9 163124309
9 619108536
9 970354571
9 366076179
9 403557279
9 893456805
9 961436910
9 978845306
9 352153269
9 459068788
9 741394988
9 28788944
9 914777880
9 219284101
9 501414935
9 7728897
9 682164967
9 7556229
9 877172039
9 651266429
9 493975010
9 865202793
9 734906466
9 7195953
9 474837049
9 284670779
9 951138560
9 198645529
9 140413379
9 53852079
9 492837913
9 106534299
9 436820399
9 45416679
9 429047833
9 146944411
9 487779715
9 726478559
9 220576369
9 94534724
9 351725239
9 259826666
9 895086602
9 21868779
9 704423329
9 320571379
9 549543353
9 890020249
9 148716389
9 906455194
9 326905272
9 740689775
9 770877039
9 697673783
9 598235844
9 4013139
9 831871904
9 953310847
9 937106287
9 873972480
9 307284989
9 178369207
9 644669152
9 102412639
9 506839264
9 917331925
9 294155639
9 105414369
9 353746089
9 864390811
9 586200889
9 188291510
9 106821119
9 491980331
9 582735849
9 280119572
9 378332309
9 914869783
9 685221279
9 74685679
9 591899824
9 168660590
9 81874159
9 436910641
9 614454429
9 587221189
9 233726289
9 687151829
9 214086639
9 467566139
9 568429933
9 725230519
9 517697763
9 406549441
9 763461149
9 245822769
9 876399591
9 918899511
9 797698846
9 787100529
9 220443679
9 792390342
9 883562249
9 624033549
9 422147649
9 749765660
9 739616782
9 408627419
9 379434246
9 166923136
9 129159871
9 712526995
9 78262739
9 60098723
9 450667529
9 54241249
9 107029798
9 658965413
9 493734381
9 692229052
9 595540663
9 700815693
9 469562167
9 276622179
9 8171914
9 711828958
9 767779159
9 422555789
9 505927374
9 672526981
9 329199034
9 869675509
9 544950989
9 150437529
9 125067219
9 341494486
9 389546586
9 969531816
9 335423679
9 150617149
9 285596392
9 520933352
9 639963929
9 969632674
9 21256229
9 433568439
9 32021389
9 695435146
9 498460792
9 21809580
9 391695671
9 849461112
9 360976556
9 72966401
9 370864829
9 309363390
9 749087359
9 163656129
9 634186089
9 162598652
9 114992982
9 667173119
9 246636954
9 274243960
9 418221019
9 986056273
9 601739644
9 731151918
9 220608169
9 86360849
9 544576980
9 545978409
9 664203159
9 526180879
9 782082920
9 911522172
9 994238771
9 758848129
9 414841009
9 876678289
9 662558419
9 245476619
9 317429716
9 844913699
9 57444395
9 701266179
9 830024549
9 272047549
9 514182549
9 101891863
9 600775904
9 102315987
9 745213498
9 141154292
9 901847850
9 567237169
9 578739545
9 275758039
9 609067749
9 713592991
9 848650079
9 82744029
9 827465289
9 136461359
9 106033339
9 246830469
9 320316595
9 630557947
9 154359196
9 975249220
9 338206149
9 586495230
9 367076669
9 181897515
9 509143215
9 162760049
9 120349427
9 829314898
9 102684096
9 185227690
9 277023039
9 72867619
9 35565369
9 301363189
9 940609321
9 90763682
9 208734509
9 269019181
9 553371809
9 170804869
9 910365849
9 915288500
9 639195274
9 806992953
9 787418299
9 657956671
9 825972886
9 664421719
9 590385774
9 519619040
9 866470479
9 13386469
9 69153641
9 888715509
9 529548781
9 124187589
9 459781485
9 611759373
9 338928710
9 360425019
9 322435449
9 35058098
9 110140749
9 695045764
9 275519432
9 520746449
9 826825195
9 884855529
9 953611579
9 479718625
9 994656074
9 634208479
9 962707815
9 700073849
9 498453033
9 713170579
9 290770175
9 838034900
9 686416139
9 689597045
9 102736359
9 733096530
9 628559361
9 611831579
9 258637394
9 893675785
9 554316609
9 230230195
9 791404172
9 286987850
9 48181759
9 991608423
9 558391252
9 433913354
9 72537009
9 127289297
9 896405815
9 997884020
9 950705398
9 767285279
9 766597074
9 560648198
9 264339626
9 966716528
9 11924414
9 939261056
9 345849290
9 415656749
9 306334629
9 936499415
9 803195934
9 366842449
9 707261309
9 764411439
9 996190718
9 270354769
9 81610379
9 382602449
9 154684809
9 841191998
9 940285238
9 139539671
9 24692929
9 216726901
9 277613179
9 993448437
9 800859
9 448956572
9 946702248
9 667423359
9 929947057
9 560417309
9 417764809
9 439747066
9 726976098
9 120364569
9 21622629
9 67233993
9 938216264
9 37552149
9 213678639
9 653676879
9 22535139
9 104530019
9 885185839
9 463384149
9 701507059
9 708965799
9 450144479
9 835075579
9 966912172
9 416649007
9 661692029
9 92051320
9 731432379
9 529955068
9 39730338
9 871012926
9 727184619
9 501051926
9 733706964
9 406995125
9 639909917
9 587022519
9 108167493
9 965033595
9 596941370
9 993533755
9 705394549
9 207092087
9 179726754
9 126095831
9 39618796
9 85281179
9 716729369
9 876135249
9 94328704
9 592904857
9 667082719
9 333614970
9 182326449
9 966190535
9 998074894
9 56912232
9 22800179
9 166971907
9 124717639
9 29252733
9 718712149
9 539039377
9 846975536
9 489133617
9 408061915
9 692201865
9 546811659
9 593232835
9 882190658
9 352672739
9 102020059
9 253505059
9 274988495
9 953189217
9 443215579
9 978865252
9 26972161
9 430519824
9 769909965
9 800072349
9 739033839
9 545915941
9 889855561
9 478722049
9 205727079
9 947002232
9 682557759
9 373464292
9 30830049
9 935716726
9 741780859
9 18751879
9 460027029
9 934877766
9 360122659
9 843039969
9 706477669
9 486303059
9 285695670
9 4762509
9 832482289
9 818739359
9 145410249
9 619853564
9 73183967
9 512893502
9 931311894
9 443383609
9 481601649
9 706778090
9 146603397
9 37292129
9 348821259
9 208436339
9 32919625
9 202833129
9 25457964
9 242437839
9 218382039
9 285682219
9 84134791
9 244131789
9 635327519
9 466847129
9 161545509
9 865809384
9 32151219
9 111280819
9 729837632
9 373020409
9 547485029
9 179237527
9 298715171
9 259495857
9 356388159
9 351978836
9 558985861
9 761578669
9 467669134
9 936113821
9 859332242
9 839501691
9 566261594
9 547325109
9 78164109
9 290498461
9 96070661
9 932612036
9 253968912
9 165409928
9 844049367
9 738905675
9 474278729
9 946318928
9 955856863
9 584432419
9 204875009
9 321628509
9 542364129
9 671281109
9 616048890
9 201333379
9 833557709
9 662393136
9 570623099
9 639411965
9 374906322
9 225027399
9 664502829
9 748818797
9 254758139
9 747351509
9 140029087
9 55977587
9 163725709
9 603035849
9 531843609
9 929744026
9 727852439
9 863154749
9 998266946
9 883530539
9 790157149
9 682938690
9 19525951
9 64789914
9 710818970
9 787541469
9 581790189
9 228756849
9 151247829
9 962871782
9 597334506
9 532671229
9 953459288
9 646565739
9 500839305
9 832530179
9 704630496
9 489898166
9 837547679
9 883478869
9 699594737
9 386089020
9 702000779
9 587270779
9 526861359
9 239630103
9 88986804
9 116247109
9 967620171
9 289553271
9 476898275
9 783253296
9 639587724
9 126744649
9 835469662
9 651435926
9 391065245
9 223606169
9 976243601
9 68257279
9 982621700
9 189143942
9 394640001
9 760797560
9 349461222
9 511799460
9 578049190
9 882989659
9 511079993
9 357172889
9 700074789
9 847925350
9 327099825
9 111034879
9 324610169
9 648898935
9 779029588
9 550522169
9 193470631
9 935253983
9 67640179
9 926986201
9 442956728
9 890726020
9 629705071
9 254177409
9 36903267
9 604188219
9 115158809
9 87058974
9 893089807
9 445070669
9 336668239
9 146625309
9 867307974
9 890991080
9 215823095
9 307928033
9 186973239
9 483932051
9 263532409
9 162819180
9 716358933
9 818571189
9 312754179
9 564469412
9 964669219
9 968252103
9 368089740
9 193145340
9 796716254
9 939507032
9 491420773
9 626280029
9 813185719
9 992857072
9 721068209
9 211664579
9 614914345
9 161463976
9 431692198
9 649964531
9 397700372
9 786281059
9 286238429
9 30885669
9 1253918
9 557560495
9 282162869
9 232848169
9 380922437
9 606380219
9 882503259
9 880404589
9 976770679
9 127678961
9 188007629
9 525303809
9 32136915
9 421024903
9 98497709
9 249143877
9 639921996
9 450684089
9 798649543
9 745512689
9 618804769
9 185674209
9 753123619
9 913095015
9 466755429
9 397773456
9 200971221
9 260897920
9 510849585
9 155910678
9 945650699
9 986676870
9 962202712
9 495051486
9 731590785
9 547922908
9 885821569
9 595118560
9 347607479
9 759733438
9 110939997
9 494475428
9 552481449
9 676658739
9 972925312
9 207297299
9 567247269
9 499524090
9 656883389
9 551244059
9 675322639
9 827627919
9 815175819
9 799644512
9 280332249
9 304950103
9 891484050
9 63762779
9 168118319
9 681138159
9 443562889
9 111647539
9 763374619
9 420496523
9 455504897
9 831767529
9 285130219
9 100889848
9 986573375
9 953087601
9 313891756
9 70598281
9 95956905
9 750004329
9 796947974
9 33778269
9 861594691
9 570841489
9 170918626
9 538468189
9 744280329
9 839311047
9 773676579
9 225221889
9 409173600
9 919474726
9 37622197
9 155505669
9 602770889
9 494151447
9 933684506
9 743620049
9 51174469
9 350033219
9 33484849
9 692977179
9 673211209
9 789110211
9 498778382
9 851320789
9 122257729
9 59274137
9 649528213
9 925510528
9 353620159
9 423362549
9 434002069
9 692232732
9 221808139
9 8738629
9 122302249
9 447057759
9 898774072
9 974967933
9 8277589
9 263403739
9 472672159
9 881510689
9 665188669
9 80355289
9 72282789
9 473759640
9 386981824
9 538021489
9 751454669
9 615502279
9 545335469
9 229329945
9 805841469
9 163037729
9 378216990
9 440057749
9 786152839
9 382545279
9 869196096
9 718231669
9 17482289
9 700066339
9 247340974
9 611888139
9 868727059
9 432018449
9 907547850
9 953265057
9 470197484
9 665852229
9 976919603
9 138797674
9 309586750
9 979450142
9 316412569
9 694359169
9 660950700
9 692352668
9 898811757
9 600854179
9 351087389
9 958150645
9 71463179
9 164502059
9 21458259
9 182949805
9 424302439
9 402351019
9 776976303
9 992535492
9 43045139
9 251314794
9 565102915
9 13560659
9 312058209
9 819267791
9 106942746
9 577534649
9 752380449
9 147876279
9 321808979
9 938087806
9 951593537
9 899065877
9 335815679
9 296569653
9 93667648
9 693616665
9 702206889
9 398903167
9 423752359
9 336160169
9 411645059
9 606650459
9 841340309
9 489675106
9 227909680
9 467468289
9 406523980
9 375606239
9 706831629
9 786780869
9 704653229
9 746942012
9 932661523
9 403987559
9 734346950
9 177775389
9 846565598
9 31823329
9 888680549
9 291194863
9 445146639
9 982955878
9 803258649
9 435472896
9 974267714
9 864641229
9 877604089
9 386051419
9 260986228
9 615007679
9 820157079
9 956808796
9 222702903
9 987685002
9 204136039
9 976027094
9 785958611
9 239417896
9 442885986
9 902953741
9 843404598
9 773472069
9 547126993
9 760096044
9 899789596
9 401501059
9 982662643
9 383303709
9 730695809
9 162767269
9 390250652
9 113979527
9 940470012
9 479727186
9 556945284
9 286175589
9 962517121
9 628884890
9 535756839
9 469701279
9 424293973
9 605076392
9 306347029
9 236709628
9 335084589
9 260675049
9 320360918
9 513203962
9 520944466
9 332200709
9 926293105
9 365709150
9 866938131
9 363486149
9 899063612
9 687677359
9 34323989
9 732473829
9 861025749
9 302058419
9 151495573
9 105711809
9 448482839
9 594707694
9 723683319
9 48987802
9 513288859
9 912911005
9 342246049
9 918445442
9 657594782
9 573090454
9 444577389
9 575349642
9 174939323
9 833602795
9 858936428
9 171249085
9 578459483
9 614393194
9 11667549
9 659017816
9 606548309
9 651190957
9 95659367
9 973346456
9 774862349
9 521562459
9 67756809
9 856153029
9 675416439
9 792253904
9 916782212
9 759134844
9 805035319
9 54031649
9 933670999
9 645938695
9 89820075
9 102757491
9 816247769
9 768153009
9 102558539
9 615950389
9 44004649
9 272373694
9 622139975
9 818182449
9 584652129
9 348330519
9 843493406
9 459279158
9 329890865
9 878159739
9 181637659
9 320093042
9 883745289
9 901850587
9 178645039
9 276450069
9 665587489
9 48723609
9 525014379
9 937200473
9 17248098
9 97770766
9 167970949
9 321268930
9 40588193
9 723183509
9 251467779
9 212392410
9 119541942
9 527621659
9 402491051
9 36295474
9 710092081
9 390102139
9 4472509
9 710299604
9 287357349
9 973878410
9 542916771
9 661242819
9 616911446
9 102772697
9 409657535
9 103409758
9 888080905
9 871772389
9 755020069
9 394584884
9 260146239
9 226002159
9 954151647
9 468941028
9 577871789
9 255597389
9 178531749
9 824426049
9 371585709
9 784742549
9 850515639
9 36222489
9 665393487
9 918136884
9 619749993
9 335766592
9 905481108
9 931618485
9 978107789
9 837019027
9 711746229
9 589585349
9 11867359
9 306547897
9 736231559
9 197617889
9 20957285
9 893279343
9 230656179
9 936832308
9 200388749
9 947725108
9 696261712
9 1387849
9 394638587
9 867294388
9 361164789
9 459172605
9 514285941
9 217234859
9 751112019
9 487013709
9 360505589
9 495259755
9 880354329
9 257975240
9 398848543
9 561823559
9 765174190
9 500357169
9 645431469
9 232864799
9 591086428
9 76665489
9 417778279
9 436053329
9 245426279
9 282004159
9 92181661
9 643674209
9 735382329
9 327392280
9 924526866
9 522322689
9 205325149
9 313435239
9 672814389
9 335178189
9 741360479
9 487614997
9 417334259
9 121391447
9 445056369
9 49094450
9 380911760
9 881457595
9 845431029
9 646809972
9 126921695
9 36838389
9 341943625
9 914483556
9 695060258
9 543308149
9 439406950
9 244854089
9 901595220
9 707670869
9 463190218
9 103424792
9 955683534
9 311042349
9 49527173
9 443668936
9 336562519
9 689571286
9 111490628
9 842560319
9 548276799
9 822911492
9 639285936
9 721269047
9 17888139
9 156053869
9 865594315
9 376090142
9 470927179
9 93863297
9 613049017
9 825180669
9 617446951
9 937323758
9 909039278
9 348961890
9 757857491
9 733402079
9 987060082
9 107070529
9 20771719
9 219400846
9 497489818
9 733557259
9 342472379
9 616161339
9 70499895
9 239355824
9 705774992
9 368243359
9 704739861
9 968537798
9 842507629
9 925124674
9 641240769
9 353009879
9 62267319
9 960445977
9 595986144
9 121685529
9 333502929
9 595293227
9 593886000
9 303418719
9 724022869
9 704248789
9 876736649
9 243410098
9 81847169
9 275825409
9 395562078
9 916957914
9 454742209
9 290362833
9 467780918
9 22570029
9 363980260
9 83795370
9 717996241
9 729962880
9 981411303
9 908143484
9 51557419
9 227464029
9 949116480
9 699095429
9 676100009
9 721208609
9 463209140
9 898802392
9 581158269
9 344526398
9 32076379
9 180886968
9 960129478
9 40835679
9 872891305
9 168110309
9 391377375
9 40631819
9 107202259
9 604409424
9 323245179
9 457452879
9 48209910
9 82788049
9 473359187
9 112709819
9 704968457
9 387206609
9 106173829
9 273881972
9 157280029
9 635883349
9 792952039
9 522230219
9 549827482
9 289420392
9 737059784
9 384231289
9 41570339
9 861912301
9 117205239
9 254419689
9 26897699
9 874717319
9 369280626
9 666930221
9 146933635
9 716727394
9 667237429
9 438367009
9 502157069
9 546950138
9 381578509
9 928721443
9 160820109
9 508818029
9 277043609
9 510058929
9 846453921
9 719171285
9 868386391
9 570851964
9 820649745
9 255220489
9 950995429
9 105046229
9 664620589
9 78746559
9 796758581
9 935472849
9 933345369
9 934753180
9 357964357
9 732436439
9 683612589
9 213931927
9 889564094
9 350571869
9 273391995
9 11598178
9 602821946
9 302096105
9 39267399
9 709283313
9 88979751
9 308913136
9 764519588
9 704202369
9 55453729
9 942378765
9 911709443
9 112832619
9 353169652
9 627019474
9 735664976
9 927554000
9 664459405
9 380175509
9 593066751
9 829627228
9 30197424
9 633474239
9 304022539
9 958331847
9 20844889
9 462417379
9 283730079
9 523903526
9 735581941
9 602016297
9 148330798
9 850018739
9 856012289
9 155537379
9 736698489
9 155224459
9 570871829
9 476873379
9 968712514
9 892696044
9 210850609
9 10985391
9 461106469
9 177356179
9 129546813
9 856805917
9 708624659
9 344159188
9 264435890
9 937069213
9 892619492
9 435186129
9 856975487
9 880320609
9 575550749
9 664489520
9 491321607
9 741406179
9 820349530
9 499302537
9 167328619
9 157601943
9 30820659
9 161840659
9 472768269
9 622809985
9 698486238
9 216769358
9 371545948
9 518841191
9 455550779
9 250963215
9 335130859
9 981280214
9 58506149
9 839375179
9 173485849
9 553295606
9 637820693
9 631583269
9 896769214
9 514613398
9 413026129
9 585681819
9 518241389
9 803288269
9 553583769
9 690214354
9 818456189
9 447923778
9 316941980
9 753041439
9 827495612
9 820869504
9 503287309
9 999475336
9 239657494
9 146889496
9 79767820
9 242669367
9 700121895
9 291945773
9 339169175
9 514416379
9 410794993
9 323343279
9 445598926
9 22942732
9 888943359
9 253676469
9 71236479
9 175757509
9 63894641
9 884256649
9 830814905
9 135947701
9 739139423
9 321451159
9 522139262
9 30042609
9 682541549
9 803841109
9 953716169
9 579535179
9 933099986
9 603887809
9 619993484
9 794072493
9 453864129
9 415698140
9 220656679
9 721923116
9 262371379
9 45917846
9 375353469
9 822874619
9 380738769
9 153481789
9 65888907
9 822403669
9 608833389
9 748046549
9 48242449
9 333422069
9 927750981
9 208978631
9 999487376
9 755137379
9 474097595
9 257708519
9 910084001
9 785033529
9 801444109
9 67772719
9 335533869
9 793340116
9 988375899
9 38111979
9 761751569
9 356806779
9 916864957
9 914683236
9 219382269
9 842835679
9 536761159
9 885980932
9 888694055
9 139742571
9 791670364
9 426362589
9 198345591
9 956013290
9 728712649
9 52189208
9 274855369
9 203643559
9 506187019
9 210479204
9 242382769
9 888736969
9 340601509
9 446231890
9 770614629
9 663918168
9 394229337
9 998175445
9 790822611
9 964376858
9 219822928
9 438908304
9 33259242
9 988572340
9 162395018
9 208831779
9 697940542
9 365885669
9 783656719
9 932405375
9 820086389
9 486643479
9 445363259
9 934769770
9 79344795
9 837860809
9 723299504
9 285647439
9 432409641
9 971908377
9 762525279
9 717893887
9 244847549
9 999520467
9 766529644
9 478637897
9 969848663
9 500293070
9 627611669
9 271638639
9 566025149
9 325792436
9 355926005
9 115075049
9 288000069
9 747370039
9 286549111
9 946748575
9 692990931
9 945821342
9 573592324
9 463860279
9 663264939
9 207318169
9 809431351
9 517390530
9 844894142
9 845300089
9 976951551
9 1199954
9 476029101
9 745415889
9 376169727
9 508031029
9 852378229
9 95547978
9 868684598
9 807468419
9 160530169
9 63300849
9 15061889
9 360787994
9 841849434
9 952681561
9 93800382
9 175188239
9 177402139
9 119300536
9 996223286
9 258841659
9 393694604
9 385742869
9 914206793
9 788047279
9 247966558
9 582160479
9 214463209
9 664145609
9 263458069
9 563758976
9 674218309
9 660853920
9 171292220
9 826306269
9 620443639
9 979686395
9 33149673
9 694635094
9 75551964
9 51660719
9 61897063
9 457315849
9 251615839
9 588049362
9 281391598
9 718208299
9 612017659
9 737873249
9 593191349
9 764739836
9 730194024
9 759911217
9 721171359
9 454026379
9 191290121
9 106641319
9 394218262
9 591050468
9 95079132
9 59258181
9 305872389
9 813723479
9 976798638
9 108529337
9 615145269
9 207884449
9 509167387
9 493360994
9 537930557
9 845378829
9 905902425
9 216371829
9 664530479
9 889658406
9 795399029
9 191534849
9 382868099
9 259623518
9 963224020
9 940016928
9 737045189
9 214780379
9 479781455
9 50013419
9 612352139
9 57788109
9 466745193
9 680711489
9 516993352
9 372403239
9 629021017
9 582672219
9 557050439
9 508660669
9 431033579
9 86686119
9 708637739
9 129140206
9 823343149
9 976015836
9 761926973
9 371467905
9 404311209
9 881132609
9 476835109
9 52490452
9 685890927
9 657192137
9 182803529
9 311301609
9 247804149
9 564020639
9 470696187
9 784090634
9 840446194
9 421796122
9 310047389
9 822443049
9 573054269
9 363291217
9 777440599
9 845102669
9 997322602
9 218091240
9 572086691
9 573202259
9 670600169
9 747482195
9 855666129
9 873068319
9 988051906
9 174737559
9 315805419
9 330278709
9 518818903
9 337975142
9 971345976
9 112457932
9 650755559
9 349553180
9 594336228
9 834073639
9 419844360
9 2123539
9 960171912
9 848615669
9 356988751
9 227864932
9 236764039
9 24265509
9 92108877
9 587557339
9 843158479
9 22000449
9 81965072
9 268918709
9 636757796
9 130280298
9 80005498
9 949950081
9 65258495
9 755192859
9 87242559
9 93848293
9 876149538
9 589182151
9 970395782
9 376933546
9 705289712
9 153908801
9 745470189
9 167236809
9 407976097
9 818127879
9 658391401
9 43845790
9 901774046
9 328611109
9 298595697
9 555155679
9 961030612
9 216906348
9 98258258
9 766691412
9 937001556
9 567145859
9 233085529
9 710905109
9 972127094
9 249967581
9 322307099
9 413459095
9 801684679
9 454385479
9 546523859
9 621126269
9 89701421
9 254572892
9 930425074
9 7558219
9 362214379
9 577356389
9 796135284
9 183527279
9 783851059
9 858454349
9 214605229
9 964558540
9 668882229
9 852157698
9 681378539
9 726445339
9 420873966
9 348596834
9 748341529
9 822501349
9 360849104
9 107136598
9 878600509
9 929826647
9 519095082
9 991231394
9 27519521
9 37302789
9 972031936
9 142619397
9 981958184
9 23585109
9 595889114
9 470528349
9 863470529
9 741179960
9 540849760
9 710452928
9 544645829
9 240102429
9 594477790
9 991421511
9 170503719
9 320680449
9 553397604
9 89794880
9 984547496
9 583810349
9 38377279
9 39641777
9 475697355
9 575447937
9 5697033
9 437559701
9 723982101
9 555488169
9 191010664
9 170774918
9 654356972
9 82323579
9 779968613
9 657894780
9 76919139
9 309599381
9 881873953
9 374393107
9 11380719
9 251704119
9 763193297
9 277449525
9 310452789
9 403559589
9 312557789
9 450964777
9 730946240
9 233946813
9 113241289
9 948834077
9 571404893
9 149471039
9 673015469
9 693698540
9 668675009
9 15256096
9 149804543
9 198558270
9 863986647
9 361168789
9 817063898
9 579994377
9 845297774
9 150737759
9 250705779
9 536363059
9 136535289
9 128240739
9 706643819
9 828240934
9 541853049
9 768811349
9 906174758
9 556587559
9 25485409
9 618772789
9 988177840
9 821533912
9 443359887
9 141817449
9 608537729
9 920913582
9 395460672
9 519647332
9 701512359
9 402490769
9 736775659
9 831970713
9 512125191
9 7517394
9 402827279
9 252665439
9 488252189
9 797402464
9 183026279
9 78569788
9 6273479
9 663619421
9 78626569
9 493568484
9 847496687
9 280178659
9 106178449
9 517893073
9 891221877
9 393180058
9 830147913
9 39949887
9 740790037
9 542902164
9 688659055
9 844963159
9 784820149
9 62662529
9 36411397
9 809967484
9 289079945
9 405987462
9 334646879
9 715446039
9 95223750
9 3238689
9 275860659
9 713820389
9 564085209
9 911338852
9 767552965
9 986804253
9 654641779
9 793771361
9 748772679
9 59953540
9 276869051
9 459439352
9 226942439
9 799590466
9 658871479
9 728356928
9 745467149
9 850598057
9 588066839
9 627413489
9 594325857
9 940212343
9 866148809
9 240725759
9 333784109
9 912459088
9 793522987
9 68561059
9 159151130
9 363757690
9 790664879
9 34420589
9 819048744
9 107765109
9 364508899
9 97793049
9 42829522
9 810852094
9 660375891
9 306027359
9 977230702
9 366141139
9 508556956
9 207145492
9 14744509
9 482804329
9 33382396
9 305319452
9 832904583
9 58042789
9 264568659
9 647924491
9 298273022
9 887491531
9 750155119
9 27969690
9 254437779
9 895747779
9 111581709
9 256074109
9 247147492
9 790033910
9 37592285
9 127328952
9 645686469
9 783409352
9 865295998
9 304317559
9 508898311
9 593097245
9 782486579
9 694203449
9 141463619
9 936064666
9 961310032
9 692992166
9 498676466
9 303066509
9 207211069
9 494610416
9 472139758
9 170694339
9 478000239
9 117037109
9 838457759
9 24281189
9 203523159
9 462695384
9 417368759
9 595672136
9 552816589
9 378596760
9 19697806
9 285339164
9 979227604
9 154378659
9 146521359
9 559740891
9 260105259
9 111081689
9 932645830
9 184035459
9 349657279
9 790318294
9 970043166
9 975479786
9 629334764
9 162763319
9 430058489
9 164458589
9 957733229
9 533871059
9 710725197
9 8768719
9 776455906
9 331768189
9 518727944
9 652530954
9 817054639
9 406200975
9 452487689
9 622349299
9 798653235
9 121279826
9 342171896
9 101618039
9 468883369
9 19232091
9 385647191
9 166381849
9 144459726
9 94042467
9 228318119
9 176256519
9 609952563
9 1773569
9 354327984
9 213796249
9 670746429
9 510462169
9 376814339
9 714304593
9 973528751
9 113705329
9 270920784
9 144715829
9 221452928
9 908450596
9 22022069
9 449551236
9 713080069
9 51795717
9 208439673
9 609711529
9 320326924
9 444445069
9 492865164
9 520785379
9 985497613
9 487367092
9 591823785
9 294960350
9 301174509
9 486482439
9 794790812
9 71220499
9 67814019
9 651432829
9 811938197
9 442133239
9 488726499
9 446252079
9 338696769
9 168298115
9 34303219
9 395374202
9 316168589
9 819822545
9 876267249
9 643624289
9 356497138
9 955328236
9 289980773
9 574558049
9 916412720
9 237309184
9 582840769
9 250838809
9 503955226
9 272071429
9 723662669
9 382894603
9 453046950
9 543822309
9 650167291
9 497332845
9 993805131
9 419299265
9 278080089
9 520036194
9 987771077
9 172806369
9 160778689
9 842521159
9 291084965
9 871037119
9 86265649
9 508943222
9 180906978
9 315827229
9 229928119
9 705196514
9 133410339
9 338162169
9 897488018
9 66334911
9 138611069
9 606705729
9 141034029
9 757838369
9 624337789
9 66803019
9 71808292
9 813819863
9 368377789
9 287076859
9 371620197
9 590670530
9 689438583
9 773903892
9 393230799
9 340198741
9 974236795
9 92177237
9 366375109
9 360372739
9 743076679
9 253464794
9 829366029
9 515007609
9 45437597
9 814628779
9 615042529
9 246838019
9 794779080
9 930988558
9 405461669
9 146027249
9 564351379
9 574559872
9 76342559
9 391141719
9 173631429
9 407055139
9 977733774
9 884952465
9 792542799
9 709410243
9 385053269
9 491480515
9 81559530
9 172735895
9 655782769
9 811231879
9 857831079
9 718321539
9 854749299
9 553297690
9 124058469
9 838127589
9 81445319
9 813004269
9 381883089
9 832304995
9 581305749
9 276937146
9 283548169
9 945083302
9 295043170
9 247856849
9 184722609
9 95973076
9 595591358
9 446173579
9 250287869
9 621895932
9 1000009
9 72378659
9 386984453
9 161402469
9 437218159
9 970111426
9 654653921
9 616573229
9 534183269
9 272377279
9 199978957
9 282527849
9 213916161
9 960698990
9 761487459
9 410842329
9 240154296
9 590759653
9 132550709
9 922682354
9 240610948
9 515781129
9 511449096
9 587160691
9 476569671
9 715567936
9 348898025
9 838868912
9 88214079
9 670260319
9 997925367
9 319362902
9 666031569
9 271012509
9 663813469
9 769480772
9 895736275
9 491966693
9 668052319
9 890788239
9 291015134
9 526136439
9 678612569
9 355703089
9 453966533
9 537460449
9 774464149
9 640122039
9 366929542
9 894247817
9 86272169
9 786735389
9 623105739
9 290127524
9 715599113
9 262817923
9 728777349
9 181627519
9 722364259
9 643296611
9 265974574
9 975771667
9 784767960
9 783644029
9 378574296
9 710235896
9 148856079
9 445761129
9 969589842
9 882853419
9 435667789
9 328233669
9 56491832
9 775689039
9 247470119
9 659530465
9 439176335
9 446755389
9 877396213
9 957925174
9 574101329
9 802434029
9 214405819
9 256398146
9 174957616
9 583098182
9 855980527
9 908003866
9 393003614
9 212667908
9 586725925
9 119373125
9 64001429
9 164712789
9 828124249
9 404061839
9 68057479
9 763874329
9 48063449
9 657024779
9 725725579
9 93645649
9 693932443
9 551977318
9 251185279
9 204206983
9 692080235
9 881631988
9 131041759
9 335503149
9 196169458
9 886371529
9 160133859
9 281368609
9 547278149
9 572176129
9 19937091
9 33581669
9 495919061
9 832762039
9 889842806
9 5105459
9 443748997
9 359420593
9 917153679
9 726620889
9 450942355
9 183340329
9 658316912
9 290735244
9 790579968
9 525549619
9 851691051
9 951343976
9 758484709
9 936761264
9 352901815
9 985026223
9 807008389
9 154532819
9 967472657
9 506682569
9 323013319
9 157129574
9 933786703
9 221665869
9 762022309
9 473993979
9 859116886
9 124052439
9 154497123
9 227807109
9 633935841
9 179029024
9 721720749
9 879435835
9 84206946
9 721191880
9 942540548
9 515690939
9 108471549
9 274251209
9 69089504
9 150172089
9 475275319
9 393696383
9 827134299
9 248057569
9 624400809
9 879642892
9 628561903
9 119148633
9 605173229
9 50450419
9 496788209
9 631985116
9 489963959
9 891105492
9 338287829
9 746981612
9 939592496
9 742810429
9 834049527
9 91008995
9 343561916
9 309400096
9 161348896
9 249423987
9 248979020
9 225131291
9 706464019
9 623425689
9 994166767
9 438538079
9 395435621
9 69668699
9 573940490
9 845226209
9 752522029
9 647262509
9 771345079
9 912186455
9 947122489
9 759615644
9 782840619
9 401103369
9 871879346
9 27900238
9 683145589
9 479763294
9 946948568
9 51140259
9 373424169
9 332453219
9 834949272
9 309642434
9 668797725
9 475526889
9 466019525
9 613066539
9 658892316
9 39943341
9 545053179
9 317818549
9 503225759
9 814022789
9 139740922
9 564440059
9 309522813
9 459763741
9 618431569
9 887772379
9 359189823
9 500457439
9 327158029
9 123875759
9 530664709
9 251321819
9 943198088
9 912046817
9 316570292
9 229247510
9 601704329
9 769030993
9 982239928
9 146792769
9 123159969
9 367178119
9 897962872
9 227869827
9 45013789
9 351691731
9 513564729
9 154972014
9 643758089
9 68807094
9 820119758
9 540481009
9 60816769
9 982214951
9 399399962
9 347300179
9 18064359
9 363845039
9 616357669
9 414951213
9 196864872
9 896362441
9 104692637
9 126906031
9 498977445
9 223424319
9 479185850
9 262664319
9 48101970
9 364511169
9 707923423
9 384484695
9 876825920
9 78484169
9 986609313
9 223940169
9 640536479
9 502887219
9 268241349
9 637587319
9 485603789
9 603364649
9 68149376
9 775798835
9 906662397
9 338393013
9 939229913
9 103186229
9 32015559
9 266957308
9 838627529
9 18264739
9 868774709
9 262528849
9 15528986
9 847585309
9 394022528
9 390047751
9 502325779
9 939394105
9 791299236
9 965659776
9 451585709
9 219902667
9 251191496
9 748124918
9 788643779
9 371124139
9 558694985
9 29180998
9 250564009
9 128485940
9 491213769
9 245705589
9 919696864
9 611903265
9 865743579
9 195354467
9 417337689
9 717953505
9 951941945
9 377245779
9 650891713
9 780540309
9 537916741
9 238507189
9 819123425
9 962204482
9 696707696
9 819472615
9 127452789
9 686207809
9 287328779
9 828225989
9 51587759
9 166189951
9 23146769
9 212513593
9 374724009
9 480016292
9 21476029
9 102461749
9 881176039
9 905590611
9 49328225
9 954892177
9 289481090
9 72988594
9 379431563
9 561520219
9 921051712
9 422374359
9 632023941
9 89227353
9 679654840
9 844422879
9 783051895
9 372436191
9 866430289
9 144165906
9 18240819
9 840652329
9 227906019
9 691324092
9 904828170
9 585135429
9 271660709
9 508799264
9 550603179
9 49964040
9 576678894
9 496551372
9 251978001
9 176130995
9 354108839
9 942157035
9 480975493
9 68778019
9 971529003
9 918205648
9 188898011
9 449610599
9 508686459
9 262949617
9 883732496
9 145909716
9 183077289
9 708584939
9 717311493
9 347772819
9 69020206
9 641095836
9 301224295
9 813383309
9 216450309
9 802997021
9 403913192
9 309195470
9 521215259
9 722725599
9 349339151
9 728544889
9 458536789
9 802492338
9 638120079
9 899638514
9 562341209
9 52354639
9 210692776
9 796595657
9 403874889
9 246553639
9 283784039
9 231841957
9 821656539
9 424652493
9 664659699
9 100000009
9 772208459
9 98934472
9 621380209
9 35373179
9 895157088
9 722053179
9 999586723
9 909965027
9 446032789
9 609196052
9 394598668
9 825364779
9 297295788
9 540746925
9 454377159
9 906478916
9 510696463
9 115438689
9 101863916
9 830923450
9 121042289
9 393469037
9 324866569
9 795565201
9 940461488
9 791524092
9 6027389
9 438010049
9 68969889
9 177304594
9 49042787
9 372482689
9 298668300
9 162355519
9 531162319
9 961453057
9 344191443
9 516787559
9 856822691
9 20937129
9 964997874
9 285986802
9 56535349
9 180123967
9 614052069
9 94961362
9 965667688
9 23921728
9 734447429
9 795621087
9 831709470
9 825465759
9 937670663
9 215859170
9 841360229
9 483622739
9 675301409
9 793370518
9 93704362
9 355146609
9 396233249
9 804082359
9 493071135
9 739409593
9 150080819
9 547604809
9 645413019
9 306638129
9 755955721
9 342997453
9 131621859
9 201574094
9 520259355
9 91747314
9 839382634
9 570652239
9 769054611
9 312126889
9 313441129
9 91572130
9 107919219
9 680687109
9 600853907
9 531675579
9 853622529
9 686389650
9 417103409
9 794723990
9 1267189
9 556248419
9 715597712
9 13237994
9 457809082
9 52439293
9 316790103
9 816096620
9 44137639
9 834174039
9 341126259
9 374475902
9 605718829
9 567303459
9 72900011
9 240340920
9 18993425
9 746851069
9 143436369
9 470914450
9 235981012
9 771082693
9 985301251
9 625296284
9 514909889
9 104874659
9 312105839
9 986619466
9 824658696
9 599231662
9 922493734
9 98682902
9 370496063
9 255997828
9 565972340
9 905434156
9 261220089
9 90497424
9 726927307
9 865780719
9 6012769
9 694080995
9 76876449
9 547396487
9 861058719
9 184202149
9 690069447
9 770753993
9 635527639
9 935498016
9 249375706
9 166962373
9 279453823
9 509096258
9 104682759
9 402513697
9 918996485
9 60110319
9 382550329
9 253012429
9 183868819
9 298636138
9 126703639
9 10060369
9 704971060
9 982232973
9 679482936
9 999347536
9 380695233
9 39180296
9 289103671
9 301973054
9 689856117
9 770756779
9 55332549
9 792276269
9 994668088
9 303600369
9 131781829
9 440448759
9 441795507
9 539079495
9 175678429
9 611800729
9 874562769
9 401391310
9 641507936
9 455369749
9 25159321
9 463987310
9 795043231
9 276395548
9 580339592
9 779650171
9 37736629
9 108845290
9 150053259
9 105062921
9 426158439
9 489404230
9 60975221
9 351432789
9 315953920
9 712868419
9 615550529
9 906416258
9 422204379
9 225669936
9 534558915
9 1000009
9 954122544
9 26956305
9 726576039
9 284560669
9 850591716
9 32990871
9 747984005
9 77006109
9 724863319
9 684960984
9 709760359
9 535346609
9 677061839
9 143691413
9 834996906
9 988001536
9 371483692
9 114024579
9 641565449
9 205226249
9 470877049
9 213334489
9 826786839
9 316942396
9 478942709
9 98857967
9 22680129
9 776348779
9 633023009
9 189178998
9 227171309
9 900896544
9 329141749
9 547615819
9 257542449
9 875046349
9 107363879
9 684113195
9 270066509
9 921324084
9 930652973
9 409874271
9 930137299
9 156852709
9 473053092
9 656986150
9 971068518
9 424071389
9 666413839
9 576163319
9 649898711
9 474969829
9 604283749
9 716279528
9 31787994
9 764524129
9 133785092
9 93211054
9 355551089
9 245602329
9 93252093
9 776418449
9 548477029
9 854677209
9 325599862
9 782806951
9 658064149
9 364615259
9 389794632
9 608711950
9 775499489
9 46410679
9 300484379
9 161235139
9 732627709
9 995005665
9 662277139
9 181252289
9 613679725
9 381201189
9 715648219
9 823318389
9 349639463
9 616989568
9 558279051
9 304638349
9 601863794
9 743741369
9 351640079
9 797693936
9 680507189
9 810880917
9 801357509
9 357243779
9 870850997
9 534292829
9 48894130
9 283454933
9 974859143
9 717110669
9 767314769
9 735964353
9 787954765
9 360862009
9 819535735
9 535663109
9 352831923
9 809424864
9 991823110
9 834144259
9 774271479
9 849155733
9 994976298
9 713613389
9 135046269
9 273921565
9 17370209
9 706435349
9 25745139
9 928205894
9 767892891
9 695555717
9 692811005
9 655110908
9 654207149
9 492698166
9 963177096
9 623048963
9 921407955
9 400753619
9 112771019
9 73469135
9 875275669
9 209722946
9 404360279
9 400967526
9 91523766
9 160841069
9 203471039
9 599713270
9 870247509
9 607086209
9 96137023
9 443797988
9 379360621
9 535421739
9 878388839
9 311390246
9 979807849
9 655226369
9 282498783
9 228817429
9 395897118
9 673368519
9 899712077
9 504297905
9 162200859
9 448372609
9 905596786
9 515772029
9 946663192
9 100994561
9 682617849
9 649954917
9 823072559
9 413213049
9 35830359
9 478117389
9 153644879
9 198514124
9 147729860
9 655252429
9 979454567
9 983414390
9 784184009
9 601099787
9 516923495
9 404164958
9 359102250
9 694053755
9 558526799
9 458197032
9 254076109
9 937908371
9 926831200
9 530897611
9 110288709
9 291913779
9 524867829
9 848724079
9 254335895
9 789161774
9 611135829
9 42862908
9 567200749
9 295235795
9 19375853
9 793346766
9 651186769
9 311300936
9 688206984
9 777309388
9 705998392
9 909174391
9 208031159
9 411802559
9 152326219
9 885483819
9 718642059
9 601519669
9 1000009
9 928562149
9 895489809
9 220275946
9 418671379
9 486224916
9 966499268
9 680037449
9 649778171
9 311026279
9 770514159
9 530768393
9 762903014
9 232064769
9 631634495
9 132205419
9 930383276
9 324606629
9 878897492
9 837941190
9 114708639
9 659377570
9 841329432
9 726601089
9 985779603
9 312871928
9 771063993
9 817394518
9 852825859
9 962794744
9 180768859
9 418297719
9 825765269
9 593090784
9 185743928
9 623889436
9 323621739
9 598322844
9 662710209
9 148813559
9 79736111
9 640449067
9 848885089
9 127310289
9 814004749
9 35595900
9 716246922
9 811795585
9 642196203
9 35157609
9 697278706
9 868899677
9 330709000
9 44100229
9 704027619
9 128331319
9 181137279
9 263033219
9 419044737
9 162258925
9 836300239
9 619301604
9 86278279
9 315804849
9 718158169
9 358152999
9 921511472
9 815155469
9 200956280
9 715803239
9 405287269
9 901177428
9 775226809
9 45830489
9 724088669
9 714893131
9 924077120
9 150477229
9 459257662
9 337494579
9 545183159
9 4646729
9 778261429
9 383892909
9 536596444
9 165605249
9 544156509
9 551777789
9 786256569
9 596615788
9 367374029
9 513788429
9 532968838
9 215335859
9 476324159
9 684473921
9 858004819
9 813303469
9 169818163
9 956598131
9 927020710
9 121991025
9 36497128
9 197338156
9 855418903
9 514596761
9 152985941
9 382129139
9 353566019
9 580745669
9 505558059
9 784176629
9 421826839
9 316981192
9 188814549
9 294335542
9 840084449
9 901872229
9 40895433
9 489257090
9 93638518
9 430143119
9 563161952
9 150367209
9 973937234
9 690411228
9 887481569
9 563095894
9 245041669
9 606067429
9 251753719
9 959382440
9 30575569
9 803719365
9 339806692
9 90517597
9 63507719
9 891842679
9 353771159
9 922787923
9 320530898
9 157027089
9 771256692
9 370406396
9 247724509
9 615324619
9 705546589
9 835839269
9 522314269
9 112141819
9 983528140
9 782751579
9 394364291
9 693993352
9 288037649
9 982681982
9 691509700
9 29821303
9 204786229
9 482354904
9 841303449
9 347447139
9 313285987
9 586694151
9 659717610
9 84633619
9 919086268
9 657228719
9 530545649
9 337235839
9 964245425
9 386104918
9 800996244
9 792150594
9 636062559
9 363899983
9 371627279
9 577361549
9 318931506
9 732938234
9 527519702
9 596411630
9 674742649
9 76338975
9 400223009
9 7697817
9 138639781
9 845048932
9 42320839
9 858613149
9 619962225
9 423951422
9 930485901
9 413997311
9 719642911
9 392255839
9 64613998
9 625713749
9 821516849
9 269835622
9 475210901
9 96774725
9 57773379
9 139923578
9 855839044
9 36191545
9 471426279
9 614079310
9 165348629
9 84257193
9 479521053
9 316216499
9 854444649
9 986793941
9 835619190
9 122297153
9 766343089
9 527654679
9 941867994
9 69605564
9 874411769
9 418148479
9 630093500
9 579495478
9 769108352
9 214279027
9 912875886
9 662342907
9 725992612
9 713019114
9 182505189
9 15037719
9 777826519
9 643454649
9 415700639
9 755117597
9 86704319
9 798674880
9 935941338
9 307550659
9 825533439
9 828839149
9 457344149
9 335213691
9 645136209
9 791318830
9 747343089
9 969028955
9 548410329
9 712743089
9 199484416
9 955311312
9 745994405
9 751621729
9 336985300
9 898497384
9 583665539
9 98717211
9 895513601
9 59507838
9 112190127
9 459487808
9 496045870
9 343181359
9 367659098
9 574681390
9 656358209
9 735773359
9 858914894
9 139887627
9 681527907
9 971724882
9 384013339
9 613931001
9 894941338
9 571313975
9 981813794
9 438728389
9 668679686
9 663103449
9 75327659
9 925151659
9 113923170
9 85275859
9 923387497
9 32986144
9 605803819
9 879776900
9 622712549
9 910592309
9 119703258
9 804215309
9 832442019
9 784373379
9 242973409
9 964059776
9 89679502
9 150539132
9 597137664
9 881879083
9 18657579
9 281590335
9 365840009
9 556416970
9 255281469
9 944227950
9 698561728
9 4359336
9 738810689
9 208752029
9 1877595
9 538938044
9 589687633
9 956116857
9 305102609
9 387352491
9 346605629
9 755050039
9 134700029
9 339419410
9 643163279
9 98748044
9 894338791
9 557130449
9 575093637
9 606879391
9 43464988
9 572812809
9 893646738
9 542937922
9 871178369
9 448907172
9 413462119
9 96388490
9 15094757
9 394341144
9 375273869
9 451621259
9 203963922
9 27997868
9 816895057
9 970303761
9 10748789
9 37730975
9 171113912
9 173820089
9 599877356
9 919722545
9 340258169
9 643023449
9 991427539
9 806790412
9 879187051
9 543481978
9 259967086
9 906012695
9 553929929
9 616777339
9 259081478
9 854829737
9 873676906
9 238775449
9 205913521
9 229634245
9 924276272
9 275119259
9 718000229
9 794853644
9 781936575
9 110082829
9 652248149
9 98574639
9 154446039
9 714162649
9 109944244
9 614001698
9 171031029
9 169403633
9 527407989
9 234741789
9 503474249
9 852128239
9 456678789
9 899885122
9 852248529
9 317590328
9 222159051
9 911166561
9 172092875
9 156712159
9 777629852
9 635425059
9 442242309
9 946098200
9 207183819
9 106750609
9 765687449
9 879216967
9 587526339
9 628514609
9 989079516
9 93089083
9 820274094
9 542928650
9 64435069
9 811846589
9 75700159
9 34542129
9 965047703
9 56110139
9 995758499
9 453288469
9 32106298
9 668139318
9 471208749
9 384189494
9 724810194
9 932533796
9 514081249
9 187735749
9 123994420
9 893716100
9 617142189
9 275334619
9 500215689
9 368569868
9 149980138
9 973937357
9 760721329
9 910753496
9 545789149
9 546241379
9 258694895
9 116377790
9 153338709
9 146244293
9 150810049
9 555489370
9 721844479
9 155501961
9 268197405
9 906688057
9 706158859
9 136818419
9 989991274
9 556802829
9 607457449
9 808249394
9 110123579
9 968576441
9 85693164
9 702848279
9 233262549
9 964904798
9 489248449
9 127594090
9 674251998
9 588940524
9 171657839
9 201029983
9 32590541
9 328343519
9 969882531
9 777568409
9 496959409
9 975201233
9 96310740
9 526687539
9 331232269
9 577910986
9 101524298
9 42448906
9 495538969
9 960786784
9 705235059
9 726726039
9 609193244
9 638302749
9 988984954
9 581936226
9 135477059
9 816011359
9 955321805
9 342118923
9 299072302
9 386148179
9 905425531
9 786965283
9 379580810
9 567147789
9 854350129
9 423221598
9 794566063
9 955211034
9 337953697
9 987362580
9 925310016
9 176826196
9 752430709
9 833956296
9 888568389
9 437837179
9 274428509
9 380025489
9 490622499
9 195813275
9 688108319
9 125374549
9 927194246
9 593569485
9 945198395
9 461201997
9 700170429
9 551595048
9 566235709
9 483185449
9 61263749
9 625326079
9 6527179
9 156061809
9 35619259
9 545210739
9 95411670
9 347714709
9 690715423
9 218583339
9 939028654
9 714177779
9 172103579
9 424729934
9 871159546
9 380224289
9 305986687
9 388227499
9 416308679
9 588868549
9 490301170
9 861273509
9 579213249
9 968608382
9 959770329
9 373252492
9 132697111
9 715791869
9 549416000
9 844730945
9 287382099
9 847999587
9 455073809
9 203334749
9 218579657
9 697330799
9 44991667
9 593887378
9 225449349
9 90600706
9 344606589
9 981096233
9 610627960
9 200033419
9 324242589
9 440123329
9 446771809
9 940945339
9 77281019
9 462744509
9 708971385
9 180498884
9 655891274
9 509024560
9 82851629
9 383488709
9 166893244
9 790244038
9 106268499
9 3977985
9 192237539
9 29751179
9 418182169
9 480044789
9 101750729
9 885715289
9 96078527
9 475296019
9 94613608
9 100000009
9 87367489
9 32479103
9 877128559
9 276591549
9 322485649
9 223919975
9 997230669
9 135406149
9 622780669
9 663342529
9 914496589
9 622088229
9 389178562
9 449193515
9 56509456
9 690640192
9 787606179
9 936901248
9 742766539
9 21592318
9 12073369
9 118485309
9 598829151
9 913229439
9 400826918
9 287080928
9 826990732
9 285705059
9 4540579
9 434746219
9 759760395
9 14291951
9 574004290
9 344972257
9 25719606
9 643867409
9 351079087
9 190119708
9 115899653
9 904684232
9 374043289
9 162351449
9 234406629
9 932723753
9 596182672
9 776634139
9 44820259
9 36296153
9 394861196
9 794605053
9 795562773
9 962698316
9 31509523
9 458018279
9 688797589
9 685886869
9 227680982
9 857998003
9 670307769
9 996885017
9 686784359
9 812440397
9 765217596
9 733999845
9 974832068
9 710738479
9 969254150
9 848241759
9 184171917
9 74404879
9 648523439
9 385801329
9 31918617
9 942041891
9 999000229
9 544934388
9 107699623
9 603875069
9 896501964
9 517705319
9 863021609
9 405247249
9 492359845
9 366529505
9 245279902
9 532290836
9 449864062
9 419031119
9 990684294
9 428246989
9 474081669
9 924194885
9 141353259
9 70388819
9 146193178
9 779822135
9 793632775
9 465760972
9 740286819
9 802241953
9 804084509
9 461091478
9 207614069
9 88708159
9 935025466
9 69811488
9 314621579
9 842904221
9 966137055
9 579460361
9 125268629
9 802356926
9 616133369
9 287915085
9 159170610
9 58536169
9 690712824
9 268552089
9 241436849
9 19268405
9 323048849
9 775337669
9 532050389
9 931791892
9 632727239
9 255027469
9 843853039
9 52897351
9 581748349
9 886442921
9 681672459
9 26938227
9 533520595
9 546723395
9 267140729
9 35750039
9 736666869
9 913221440
9 649245151
9 269091328
9 966438841
9 14254509
9 488131219
9 523956779
9 355464793
9 597805578
9 952512249
9 542556649
9 513645509
9 176755669
9 289041622
9 663404609
9 20709579
9 256307379
9 296216049
9 521727829
9 7365149
9 103554809
9 272411869
9 89234106
9 515405889
9 308226926
9 128334759
9 331858379
9 666796781
9 226849982
9 956225046
9 67218509
9 63248659
9 863179779
9 488365689
9 235990094
9 281752729
9 480213809
9 702733983
9 991768043
9 673214479
9 743375895
9 66181449
9 809099560
9 439932677
9 40578639
9 233350839
9 764480619
9 600658509
9 515181039
9 139977271
9 489831946
9 501137159
9 141936760
9 405068698
9 830136469
9 543413059
9 586650609
9 521112589
9 176437529
9 905750300
9 168873191
9 67684439
9 387076079
9 542688409
9 943336178
9 87976016
9 356403988
9 207737409
9 45736379
9 555150039
9 888011090
9 699776874
9 751319697
9 477705179
9 242942857
9 952899446
9 669462602
9 900517629
9 863516539
9 247685709
9 785823779
9 633820659
9 642095176
9 889072510
9 578289458
9 180283911
9 471970451
9 366361691
9 415669017
9 56944075
9 450830409
9 652381829
9 941833756
9 858214159
9 342297907
9 408179573
9 853722269
9 61542739
9 835225191
9 455455229
9 796328683
9 453356769
9 518115059
9 415030579
9 765278879
9 776405619
9 78803779
9 236570299
9 322355759
9 979642340
9 168760749
9 346688449
9 796107860
9 659293888
9 82764971
9 682691553
9 681823369
9 117852459
9 963205115
9 198405902
9 227016449
9 870210529
9 984297011
9 905243934
9 845103908
9 637102449
9 6390541
9 396476843
9 476508129
9 238427849
9 925184699
9 196300940
9 883830759
9 26954368
9 650973485
9 216412679
9 202277479
9 2288709
9 456947218
9 21977979
9 442577109
9 923692915
9 199783971
9 730831926
9 804573903
9 747013889
9 307150509
9 418608079
9 99040360
9 815138449
9 758873089
9 973812766
9 165953011
9 741768937
9 896518240
9 776044619
9 869881410
9 442499066
9 302233397
9 725124459
9 881974237
9 832293528
9 442203809
9 864420279
9 483620239
9 433149197
9 846746295
9 929691487
9 155657429
9 582906283
9 419744061
9 612545019
9 88340769
9 805516569
9 635132859
9 166006439
9 632363419
9 592247848
9 754431589
9 332627179
9 835178794
9 243274169
9 605525719
9 190664807
9 332614329
9 182413916
9 738132429
9 196381545
9 988831544
9 326211739
9 415253809
9 403094328
9 978091696
9 5434559
9 900003172
9 352495021
9 480212139
9 35781379
9 372366349
9 182513993
9 505611509
9 146477489
9 337438059
9 167968321
9 918432114
9 683016569
9 162893648
9 526157739
9 575408729
9 672822689
9 677624269
9 416443229
9 610804990
9 882647029
9 789458176
9 426040389
9 555669120
9 4136779
9 793094484
9 889563596
9 298690119
9 512398021
9 308193555
9 944728034
9 727019040
9 330040879
9 611227189
9 478208169
9 392359239
9 459633606
9 347483239
9 561629528
9 968260012
9 388220869
9 861101790
9 245456990
9 491886266
9 778096804
9 677230779
9 866187259
9 458199560
9 507403219
9 808504429
9 907619746
9 380402890
9 673606909
9 643673069
9 792157368
9 311662119
9 564522379
9 636513119
9 147461329
9 993065836
9 234802379
9 247247689
9 961360561
9 282675529
9 849905052
9 498110217
9 283610489
9 914762287
9 918631194
9 817264719
9 713810479
9 496119241
9 158612129
9 991770239
9 543486679
9 139112110
9 269120532
9 417941301
9 486071779
9 72790193
9 215268489
9 348756970
9 527475279
9 709299951
9 56397818
9 870796985
9 548702029
9 693617075
9 402912120
9 688684309
9 306000629
9 135311079
9 914601082
9 101677369
9 74881789
9 428888849
9 486091341
9 891000959
9 158730239
9 208436391
9 404497571
9 213442319
9 557792171
9 249384414
9 326407459
9 898288592
9 771207629
9 892140237
9 252933710
9 140256229
9 767938357
9 324125059
9 14144209
9 832481090
9 578612089
9 976535895
9 556148009
9 603908346
9 683439171
9 945408260
9 456372709
9 968666828
9 600413709
9 36652259
9 538976522
9 692462698
9 981180668
9 211036879
9 309776375
9 195739298
9 264216689
9 928052482
9 18320479
9 176406009
9 851898590
9 102549396
9 473749788
9 507695479
9 655685869
9 891860955
9 583962987
9 133765109
9 697962230
9 32059476
9 118290331
9 654087119
9 580959761
9 821099690
9 993380357
9 401472409
9 83128269
9 802821559
9 811304209
9 309398656
9 100616986
9 394163831
9 983548680
9 43222019
9 339413583
9 714938098
9 529827349
9 443649323
9 780954345
9 312870049
9 742863719
9 708416149
9 849029953
9 875782967
9 54477649
9 176573491
9 413182795
9 421715849
9 572509052
9 746141679
9 252381619
9 360755519
9 782396877
9 743448859
9 104350093
9 897830850
9 633842259
9 697920200
9 770911359
9 458830089
9 170037469
9 938582318
9 734020079
9 822010975
9 185897211
9 42561219
9 916428717
9 894932726
9 524339356
9 230557936
9 987882288
9 554763579
9 608509072
9 619198552
9 421154209
9 691889453
9 47207079
9 483051419
9 63304319
9 976850194
9 497388579
9 872814079
9 711762849
9 790333902
9 591018452
9 605082198
9 670492143
9 165977626
9 394964065
9 20158339
9 621251869
9 10000009
9 144380459
9 414381689
9 723075659
9 607609276
9 777183279
9 602125397
9 424726759
9 112732469
9 478070849
9 703812293
9 383315479
9 832410769
9 51705019
9 737288149
9 216173749
9 793663117
9 534583579
9 150415219
9 517114891
9 150010519
9 840661259
9 435485739
9 103448649
9 203565549
9 156340809
9 278178689
9 414234539
9 297294501
9 179033613
9 829969186
9 568994694
9 521089523
9 297461586
9 922816417
9 814823691
9 641392859
9 166899396
9 565161239
9 587786319
9 460338139
9 207259656
9 476353749
9 424761966
9 40083089
9 781393310
9 554044039
9 249453326
9 360187779
9 260107459
9 717088379
9 476284409
9 716528529
9 621737059
9 360541249
9 349576626
9 918389294
9 538277995
9 870032039
9 740596061
9 397908561
9 703912004
9 827982003
9 462968489
9 845460889
9 443090689
9 961611796
9 341511039
9 154778449
9 786485519
9 365797937
9 2831639
9 429443935
9 79873101
9 343782039
9 246441293
9 318358409
9 427266739
9 931899539
9 916721952
9 43461829
9 760946670
9 294601553
9 743956452
9 555852499
9 821454469
9 522426392
9 143844319
9 915764267
9 389823198
9 15858905
9 920711672
9 910164890
9 168420952
9 946141521
9 555994926
9 904615880
9 382904238
9 248435009
9 85353879
9 762600489
9 351821229
9 135041159
9 594097520
9 741372659
9 12678719
9 62775109
9 28626496
9 19783668
9 866842109
9 973044326
9 249163009
9 528110092
9 624264739
9 432648539
9 349815523
9 419403882
9 156087097
9 440762819
9 282670219
9 818421359
9 371392780
9 883659767
9 327691883
9 232642819
9 735585489
9 552116279
9 163255019
9 537242829
9 653371559
9 772896000
9 947907083
9 198632290
9 626268291
9 741829470
9 462313319
9 534768529
9 828831269
9 380279663
9 987775170
9 712876249
9 506545549
9 707001829
9 365605639
9 79414370
9 308527509
9 520429996
9 415493461
9 978004832
9 609993578
9 352400579
9 350561419
9 944869931
9 809089274
9 339772959
9 812808592
9 770200956
9 570270879
9 337220629
9 479834342
9 557402589
9 281793072
9 56076259
9 100742829
9 310721129
9 314516319
9 644776597
9 515791351
9 542494888
9 802469265
9 954019083
9 542186279
9 402706779
9 67736579
9 272855945
9 500996671
9 601850889
9 610516259
9 545316069
9 122818169
9 319767388
9 569330647
9 94771714
9 353696814
9 697031123
9 431540977
9 247295991
9 884656859
9 497063047
9 722152159
9 547590770
9 486580149
9 740204239
9 356967148
9 686803629
9 435923725
9 765629369
9 781098781
9 668518689
9 817399218
9 35627059
9 598283777
9 883822779
9 184946637
9 180817579
9 390405590
9 635690473
9 411495625
9 160230749
9 454912934
9 326618219
9 94779904
9 427104089
9 223619869
9 633235419
9 254845719
9 591457919
9 605379640
9 355931962
9 713774119
9 896449300
9 865896599
9 625885769
9 273502619
9 114020879
9 328015819
9 154271960
9 392677921
9 880712879
9 35922300
9 195413335
9 795054388
9 258195047
9 418380449
9 850639122
9 584355229
9 584070949
9 384926541
9 617409965
9 178510649
9 705425029
9 985930631
9 313670929
9 717079002
9 48758749
9 371194098
9 747773980
9 825382329
9 916379004
9 673956591
9 820121079
9 539547267
9 252655169
9 672063859
9 330364019
9 898044781
9 274148119
9 292543985
9 259993146
9 770277079
9 182797798
9 870573669
9 700909721
9 124586249
9 20954896
9 400173699
9 825778779
9 273283419
9 599407073
9 953796064
9 506317729
9 138366859
9 914992566
9 194039124
9 746466009
9 192735747
9 563749753
9 22729830
9 134541249
9 791729569
9 298933326
9 741334609
9 375986158
9 636401609
9 867812359
9 599287613
9 942302331
9 247864259
9 488388779
9 20414963
9 328598826
9 767584619
9 811641139
9 969241913
9 567276369
9 639512948
9 152377749
9 248912300
9 552608119
9 983694989
9 654664549
9 211204479
9 547125689
9 186616946
9 692275724
9 109945079
9 117175289
9 607987070
9 683165894
9 642928959
9 55168918
9 691788303
9 962161012
9 457095708
9 256064589
9 778761449
9 777067309
9 269365530
9 967163390
9 776394784
9 128047139
9 479714519
9 48561229
9 596213037
9 692282126
9 526984661
9 490769189
9 27062966
9 517453419
9 31071978
9 45812719
9 642827935
9 978112834
9 117480629
9 725337399
9 539045836
9 184189150
9 559059612
9 209688415
9 769312468
9 770634940
9 46258579
9 236782629
9 391621382
9 73689314
9 41234569
9 660864839
9 87434579
9 421215914
9 564315958
9 450311489
9 61215739
9 30564489
9 729828675
9 160686924
9 102756549
9 115729075
9 880548779
9 999527429
9 823822129
9 293775690
9 895172432
9 144122889
9 209826545
9 427690167
9 366571169
9 254280469
9 501720869
9 790084469
9 242392795
9 978118489
9 888438249
9 609853205
9 869974690
9 706920068
9 91798346
9 333804349
9 686123915
9 803916299
9 283274797
9 799361067
9 74166679
9 178216879
9 731783679
9 187111059
9 548091072
9 476406789
9 554994006
9 56667296
9 129019178
9 381541789
9 572567349
9 728335958
9 458079324
9 665179198
9 783934727
9 485810219
9 653334319
9 290522364
9 57137829
9 604573319
9 989423586
9 19792329
9 34010619
9 869489086
9 346305699
9 693540484
9 855910743
9 853238879
9 468396294
9 922131457
9 47857039
9 47808089
9 693956509
9 990028594
9 893426791
9 670007129
9 222534149
9 983330013
9 320949245
9 555617689
9 190932926
9 158556619
9 131597493
9 991486703
9 281130019
9 337275459
9 506746189
9 24623279
9 816267869
9 687751769
9 853809293
9 998117677
9 865338549
9 678670459
9 126773009
9 520204789
9 737079899
9 120720941
9 105687749
9 899879583
9 928180101
9 465980087
9 51705529
9 289253797
9 182641209
9 70690721
9 490731238
9 329424329
9 176791100
9 694370390
9 690831315
9 434563793
9 294474514
9 284490057
9 431046649
9 601652379
9 797767861
9 943487144
9 302020009
9 572157198
9 582801609
9 882311289
9 787643539
9 240346159
9 229740993
9 60289264
9 710410289
9 118188869
9 220673309
9 750427659
9 448513819
9 84936196
9 199628490
9 461881793
9 147417479
9 60090308
9 89969280
9 676576489
9 498555477
9 994996832
9 869013766
9 77243839
9 733444159
9 5651589
9 614520139
9 687827549
9 273212923
9 729581816
9 584009068
9 302327349
9 64709097
9 632806169
9 87588879
9 880059353
9 389508337
9 336745109
9 152915869
9 741308649
9 469870015
9 151260289
9 39497628
9 97903814
9 512325389
9 875823289
9 414418329
9 105265529
9 10722789
9 558266009
9 846396609
9 588072109
9 712967859
9 399026923
9 138769504
9 407709417
9 648494203
9 826450091
9 927561117
9 8481169
9 871042729
9 171393085
9 440335679
9 122796446
9 651349540
9 135310669
9 690400196
9 623838689
9 818257569
9 747306379
9 821030983
9 424562579
9 786686939
9 378078519
9 473617279
9 761875937
9 692505875
9 947469862
9 755701669
9 575087719
9 233919904
9 58654396
9 429617696
9 647633669
9 788483793
9 435327139
9 242589215
9 227794580
9 81558954
9 60007409
9 890306902
9 781380679
9 727859602
9 778942033
9 225346859
9 892283582
9 697390041
9 862738739
9 714575189
9 952722564
9 137349950
9 882860359
9 962838198
9 284760495
9 232833439
9 439230074
9 316177259
9 445920021
9 196437355
9 288037359
9 22658079
9 882844932
9 809534478
9 905098524
9 516248849
9 71466459
9 113397056
9 910487761
9 345604639
9 615684449
9 108466059
9 910971071
9 845370209
9 758703029
9 135903585
9 192808564
9 210835019
9 876958463
9 902220126
9 167330994
9 790858528
9 8370229
9 938659476
9 447940329
9 568969228
9 984517990
9 503573957
9 536799395
9 427327519
9 535006529
9 129902710
9 81221849
9 523678279
9 74306159
9 594332509
9 256421369
9 88059489
9 265876519
9 827842869
9 314995457
9 491449419
9 625342889
9 274018379
9 619786628
9 94223609
9 831294928
9 790691452
9 764253899
9 562496501
9 833124779
9 867920524
9 647774059
9 98018250
9 482910137
9 119701822
9 787640709
9 848189892
9 337950720
9 760084359
9 446805953
9 753029199
9 617037279
9 123378659
9 362203719
9 915159534
9 707690625
9 340775379
9 628505519
9 986202356
9 221194820
9 248479906
9 309903134
9 335755289
9 526136129
9 249593177
9 948099954
9 701226219
9 830999372
9 206813609
9 231189184
9 422053659
9 840195625
9 288485129
9 233415981
9 756490515
9 108197939
9 161332942
9 558182809
9 197733358
9 488531797
9 772750109
9 203991845
9 130168009
9 914638208
9 152464579
9 340650889
9 464570029
9 721243259
9 511520629
9 265542409
9 913320569
9 828013519
9 446052489
9 744926191
9 936669318
9 938903883
9 703123849
9 49216626
9 103787904
9 959683718
9 832707839
9 458416459
9 208525369
9 973006737
9 764820869
9 631609518
9 752930856
9 919420429
9 758268759
9 835788339
9 226894766
9 946245948
9 207926487
9 835545639
9 555363309
9 126310759
9 874001903
9 697060626
9 775731029
9 620655497
9 146368349
9 156531059
9 383199308
9 556310539
9 854362539
9 747461095
9 200773519
9 961735005
9 783166829
9 750645449
9 294742239
9 927772212
9 757018729
9 544541879
9 777583295
9 25404889
9 885449540
9 705118269
9 319154872
9 318129998
9 434948670
9 474952588
9 522164209
9 641723359
9 243488259
9 570326819
9 722268593
9 545545469
9 196957333
9 64309126
9 212824689
9 283152289
9 719589738
9 483685509
9 56951923
9 536564469
9 4961534
9 271755933
9 655710759
9 874978299
9 316959289
9 194871567
9 577260419
9 746320629
9 952610617
9 680071529
9 888789128
9 495275174
9 55148259
9 379224326
9 195886913
9 503074319
9 326766392
9 621431849
9 746024809
9 71180109
9 76353930
9 889765849
9 776360019
9 478961302
9 630807936
9 795721181
9 901335757
9 606134629
9 343314849
9 32549082
9 831879669
9 13308098
9 44004809
9 321034092
9 301355079
9 86303129
9 434164191
9 298320198
9 161922573
9 823478389
9 441614569
9 867432269
9 921395308
9 403462149
9 448831369
9 720976466
9 16775519
9 293862013
9 747807049
9 954686756
9 108085469
9 168673179
9 382292415
9 953153417
9 240337915
9 687873519
9 222498758
9 872617329
9 244662119
9 632259220
9 697455132
9 353881569
9 656496917
9 594715318
9 159659695
9 442132989
9 34128429
9 101874089
9 877801359
9 168698608
9 771997277
9 60021019
9 712256429
9 372520339
9 592479714
9 863698217
9 143349499
9 704727549
9 495451903
9 69889985
9 663664459
9 352601889
9 113337889
9 411188889
9 457027039
9 904316183
9 696954331
9 261045849
9 769974072
9 939380386
9 813220159
9 603539423
9 34127429
9 250068689
9 465198922
9 892308848
9 981446860
9 832301279
9 60771629
9 258466794
9 162705519
9 179778015
9 478049003
9 954049717
9 510565119
9 515748639
9 910945993
9 354534779
9 527606219
9 391206053
9 866020349
9 634193648
9 24932400
9 854191232
9 590361785
9 70578629
9 837381679
9 902248772
9 497355252
9 119534830
9 815265597
9 10683859
9 423057279
9 473438479
9 828498664
9 844490512
9 799513456
9 19474582
9 947186358
9 23450709
9 388982180
9 162238779
9 10355092
9 435601329
9 10000009
9 705698268
9 85431019
9 925423455
9 665492501
9 883374259
9 46947521
9 713106209
9 91486791
9 688192660
9 742407967
9 278651925
9 692746995
9 497611213
9 199192648
9 682663319
9 248167669
9 740336966
9 260649869
9 360153595
9 873279121
9 77216779
9 136937493
9 841963055
9 248487779
9 154881519
9 831282539
9 494920211
9 521359929
9 663896335
9 264684669
9 145207469
9 598711697
9 553920183
9 725294093
9 750416119
9 736262049
9 479029752
9 322570709
9 710974208
9 232110269
9 837460549
9 385756709
9 277553970
9 180927956
9 209247372
9 714380519
9 100737249
9 530537297
9 432039945
9 935151876
9 838723579
9 36205739
9 618596016
9 329647516
9 420196777
9 283931563
9 935798867
9 948790869
9 287337009
9 171062319
9 10554985
9 357999122
9 438430279
9 57346839
9 618373791
9 894132333
9 826340039
9 641895770
9 693824623
9 431645759
9 469184866
9 333310649
9 325067954
9 199040398
9 453288589
9 318232559
9 353346519
9 300306649
9 1000009
9 18617349
9 385534997
9 676826689
9 501246759
9 27020809
9 714112539
9 264845619
9 664533903
9 805208179
9 538251889
9 268078159
9 158320859
9 426006569
9 754995428
9 240621489
9 345683869
9 570127479
9 434211449
9 96020238
9 314484629
9 652196578
9 887637539
9 632272649
9 352543829
9 65953868
9 424217769
9 974368622
9 414050679
9 666695644
9 620314149
9 226648189
9 933595688
9 92800125
9 638531809
9 382316849
9 1000009
9 374903246
9 63863859
9 338688119
9 335567659
9 737800339
9 327096260
9 920224185
9 332403669
9 823642739
9 681689488
9 445125839
9 948770575
9 109866231
9 294246684
9 849009452
9 748117379
9 279513968
9 10000009
9 555308129
9 882389087
9 419233698
9 434257659
9 174358379
9 783781259
9 815382897
9 397059113
9 163272292
9 650260391
9 662517879
9 930435266
9 120812596
9 13994254
9 104390194
9 710103309
9 319862284
9 831770569
9 487106009
9 737954490
9 869083303
9 916996957
9 479386800
9 955951762
9 769625545
9 32837569
9 358403539
9 497787384
9 849035597
9 684230219
9 83257598
9 697986324
9 303496418
9 463771309
9 849436696
9 637264982
9 913648489
9 890568046
9 358201679
9 991235411
9 890996465
9 171364129
9 79839977
9 878352079
9 228124019
9 85629296
9 252350819
9 328505569
9 212246579
9 786994438
9 802433509
9 168237129
9 613750039
9 470675179
9 955876452
9 594562836
9 166258849
9 910183666
9 938413708
9 794637932
9 809525441
9 96809430
9 954193107
9 93779377
9 546065489
9 363674079
9 723454279
9 202614809
9 742583169
9 281816779
9 879182695
9 865466795
9 743573859
9 206939306
9 881634239
9 761338139
9 10000009
9 134066219
9 6921732
9 785328129
9 907057191
9 419700197
9 220123938
9 456034439
9 314407209
9 989233972
9 496418577
9 533133904
9 152331389
9 870498282
9 350775429
9 604425179
9 338599185
9 969101336
9 742758869
9 774672229
9 882369101
9 824238439
9 269891182
9 973351194
9 262820009
9 64230829
9 480910968
9 138178679
9 510783869
9 717556997
9 651001699
9 224910893
9 108415409
9 114991985
9 735915702
9 630824529
9 653702709
9 188412529
9 983150405
9 349995894
9 821256549
9 520213349
9 279900363
9 920077786
9 542908377
9 216019921
9 534645239
9 290102439
9 225351339
9 491467831
9 456277019
9 187626349
9 534501129
9 797217132
9 862602639
9 980660573
9 59374711
9 936799008
9 644559612
9 23715189
9 511557509
9 889443979
9 908378227
9 470450259
9 965687952
9 235299603
9 525542389
9 769145153
9 396205971
9 583102694
9 63102269
9 956224369
9 715027779
9 32655489
9 284636839
9 271165679
9 754361019
9 189067585
9 917805109
9 518302079
9 366569265
9 542760569
9 715731911
9 862017549
9 484176849
9 872526209
9 799671551
9 685794710
9 876115449
9 718679347
9 487493591
9 416332449
9 653452019
9 542898508
9 424424109
9 809884357
9 510428299
9 761915937
9 159248506
9 220449310
9 269929829
9 230034679
9 934459447
9 287235439
9 8573619
9 897739635
9 910618415
9 263768139
9 624095885
9 580011996
9 65797581
9 256461709
9 706780289
9 857043869
9 294211256
9 925866789
9 594166090
9 35719614
9 364271709
9 618786698
9 648873029
9 481178961
9 529328099
9 129403912
9 374130829
9 833228629
9 315375953
9 539985667
9 644677759
9 291202322
9 395819998
9 215668539
9 136562949
9 634894060
9 128707789
9 270932132
9 662265429
9 764187489
9 764420395
9 409026616
9 842123329
9 59541656
9 568042829
9 278737659
9 47921547
9 446245759
9 935965044
9 415946395
9 52549349
9 260764149
9 549049916
9 312837980
9 534256059
9 131896638
9 165208917
9 488284975
9 348697269
9 546448889
9 577444369
9 311881159
9 949474590
9 793628853
9 767609444
9 201701849
9 291531029
9 348561952
9 85956398
9 328801359
9 499990349
9 300819033
9 946444756
9 534009746
9 25291795
9 48761549
9 85544749
9 810962917
9 419684035
9 412361019
9 935030330
9 510511359
9 624348719
9 425424869
9 657953269
9 108596912
9 84694498
9 879743985
9 320818409
9 748665894
9 390256202
9 121487569
9 459409456
9 917078521
9 915460887
9 858941249
9 173012649
9 204835579
9 547538879
9 947941959
9 157253089
9 726674229
9 793021903
9 709295208
9 72013039
9 418485059
9 719271724
9 322068729
9 463625859
9 367972996
9 922339889
9 179070625
9 178435293
9 19456066
9 428642069
9 155098788
9 933780186
9 4464449
9 690003776
9 257901700
9 930071964
9 362598383
9 608925406
9 760375829
9 988240651
9 734721429
9 44221319
9 698519710
9 558295472
9 969743054
9 196697300
9 460897363
9 446446379
9 678786983
9 609128150
9 577633609
9 998149762
9 635204829
9 448876639
9 319294041
9 874083910
9 731161249
9 810824609
9 756752539
9 510018459
9 223252419
9 242189554
9 380098840
9 690503831
9 842013689
9 246750019
9 94136511
9 567955889
9 812038839
9 665147948
9 765301792
9 391698724
9 915541489
9 971086043
9 44587479
9 617425469
9 303443489
9 524988877
9 994613093
9 720674839
9 342555879
9 77231629
9 786319112
9 649962860
9 490872490
9 525481895
9 710247479
9 690092149
9 533063519
9 317934067
9 265114359
9 305806639
9 536691423
9 709764552
9 466049859
9 820186149
9 698759953
9 671844659
9 999835051
9 301538569
9 680008981
9 240850369
9 246905790
9 116447309
9 690452518
9 96914127
9 599575396
9 899600999
9 50670819
9 11520529
9 308547449
9 670697258
9 795919406
9 543606191
9 654204079
9 831476869
9 442863859
9 94705235
9 300554219
9 412642219
9 656327689
9 443361589
9 117865689
9 556898425
9 969268262
9 354385539
9 81544009
9 52584239
9 598048989
9 494830295
9 389775111
9 897013699
9 472322679
9 373934593
9 143699089
9 700327519
9 476046269
9 416804196
9 594436511
9 237683292
9 91607098
9 23039664
9 465603759
9 98893640
9 100000009
9 998316265
9 552975450
9 974186152
9 90346805
9 618585679
9 470872079
9 562214719
9 139896318
9 455475019
9 177030093
9 964677770
9 1000009
9 475888149
9 306796078
9 955250579
9 298226733
9 79949742
9 482811209
9 217515419
9 761327905
9 773504429
9 420358139
9 749121791
9 538700749
9 337270839
9 220670369
9 130020069
9 358928953
9 756634393
9 624982095
9 482542159
9 963781691
9 828194076
9 893617864
9 887638809
9 69236785
9 553656869
9 354032149
9 898651642
9 874901803
9 791577918
9 138076809
9 235860947
9 986925586
9 678344936
9 595063124
9 131893138
9 606402459
9 267293248
9 3104439
9 446607799
9 983853266
9 316873349
9 907319668
9 799624532
9 750949133
9 238656059
9 554287479
9 176742119
9 187905670
9 485189471
9 840585539
9 605737219
9 581007209
9 604388269
9 766679529
9 241717995
9 245752659
9 210081449
9 808017913
9 405099186
9 238400069
9 492145658
9 637266569
9 664594750
9 671832369
9 796677388
9 196254604
9 342833469
9 18001589
9 485740948
9 804647908
9 487347159
9 126309771
9 70033679
9 683437729
9 220510939
9 209315275
9 920307099
9 357095660
9 832723239
9 279844338
9 675537579
9 514402269
9 969526142
9 771791497
9 444949171
9 711510689
9 331779259
9 769583526
9 478946992
9 328644239
9 117795994
9 198521173
9 492098500
9 106313962
9 614894901
9 225666079
9 814008249
9 125049876
9 266622069
9 444614169
9 308459035
9 854499593
9 664256479
9 450486925
9 410209176
9 760603579
9 909422415
9 647386759
9 413108479
9 493864184
9 782438409
9 200785579
9 974682661
9 350437219
9 124281944
9 1310049
9 838531891
9 577831759
9 669969596
9 874403469
9 172717359
9 801892713
9 959925693
9 581188397
9 254269045
9 725532936
9 981949700
9 412150139
9 574677349
9 234828059
9 399608133
9 115578559
9 221104597
9 8194986
9 343853009
9 531977832
9 252516759
9 588880089
9 751752459
9 151777290
9 580213379
9 488947488
9 228378719
9 394638320
9 984769447
9 50839787
9 200372912
9 302141922
9 443977185
9 430301779
9 413664769
9 395846913
9 305636694
9 148103079
9 210263709
9 462971995
9 534801379
9 277683295
9 224374489
9 311777319
9 458490172
9 298081696
9 530152079
9 28112539
9 375944558
9 861026059
9 758856889
9 331407529
9 825057749
9 978898450
9 484801936
9 940729829
9 568916021
9 686609484
9 534797420
9 939103824
9 205016409
9 203112892
9 103140569
9 407894055
9 233753319
9 597392159
9 565446409
9 17485429
9 350297620
9 700273897
9 422574797
9 807135924
9 248770229
9 748325569
9 168135569
9 774274947
9 282753639
9 969510404
9 647506669
9 477599064
9 834675559
9 17721944
9 680118970
9 623277839
9 719186070
9 592463902
9 572608579
9 886647539
9 207109565
9 223579440
9 426039424
9 91587103
9 663938650
9 268984031
9 340037920
9 384677492
9 549941949
9 807110559
9 987699289
9 525193854
9 651040789
9 547777479
9 845080549
9 932732134
9 7231489
9 46412289
9 122257539
9 398524936
9 546459860
9 417073529
9 463903203
9 300616729
9 980171443
9 467530089
9 82944469
9 569602012
9 352537039
9 602752519
9 366848129
9 505502619
9 880991255
9 183744394
9 616731769
9 305061419
9 981569104
9 371129294
9 507940043
9 172032729
9 85130379
9 685168409
9 500688419
9 897000165
9 592300610
9 124188795
9 137955982
9 50795818
9 964559332
9 678810879
9 689693462
9 836203946
9 695018955
9 872021269
9 792441119
9 352354289
9 232281039
9 455237579
9 711280439
9 621206359
9 352993172
9 387119584
9 551553189
9 614739167
9 544747139
9 614843997
9 464693703
9 731033629
9 485241529
9 888037982
9 893691921
9 751688739
9 983755925
9 448318209
9 635445923
9 768064149
9 488176219
9 728126519
9 451554169
9 731414459
9 904851438
9 321269840
9 712074079
9 619970290
9 854570429
9 887833494
9 400999793
9 816409931
9 372791255
9 464085392
9 475615739
9 448664489
9 7063369
9 809990073
9 468991680
9 689426142
9 679971179
9 738077209
9 164935313
9 254805529
9 923199913
9 18178809
9 487561159
9 785408469
9 697254375
9 519879702
9 192643459
9 686884069
9 544040299
9 539270654
9 260975522
9 144278279
9 27549365
9 407814920
9 863289888
9 117377898
9 883972191
9 610579363
9 334060591
9 970664482
9 863109006
9 407802229
9 132802459
9 125644019
9 508030049
9 833116129
9 946249862
9 976558794
9 421273509
9 906420870
9 456460729
9 603703129
9 386380596
9 184381249
9 418691652
9 740983685
9 511621879
9 935814713
9 75398387
9 577223049
9 265827139
9 695319152
9 76682189
9 380352974
9 302818986
9 497157811
9 673005509
9 637379988
9 652547949
9 546448429
9 780923751
9 616582920
9 626159595
9 475076952
9 95546959
9 225518559
9 322877980
9 305373869
9 283150029
9 233440689
9 759954092
9 400630419
9 492991647
9 317014149
9 152750549
9 58046479
9 217219500
9 285468349
9 771819281
9 389302111
9 421419920
9 927703319
9 463986248
9 551440719
9 779954257
9 767263049
9 705412109
9 638626219
9 276448943
9 726048559
9 646625379
9 752763925
9 745206609
9 249872854
9 392796438
9 778160119
9 53925157
9 232602759
9 930085557
9 560339149
9 652550189
9 66040179
9 100000009
9 384009945
9 473270849
9 709790322
9 852625195
9 839323706
9 119956156
9 312520469
9 473667669
9 874905247
9 536647109
9 396520976
9 124776719
9 132489465
9 222075149
9 472028915
9 239881017
9 669015732
9 641145679
9 375449368
9 706252039
9 151046739
9 761484709
9 769005578
9 1726019
9 882945231
9 70121169
9 472052529
9 115650913
9 186870559
9 658870139
9 770875319
9 788028915
9 614099643
9 166310329
9 360259529
9 789886656
9 433245594
9 888069356
9 427127579
9 654154298
9 621211219
9 817934564
9 370307619
9 233829424
9 802167449
9 655312419
9 774690703
9 896274212
9 600987541
9 465408209
9 602619948
9 340338729
9 106306009
9 140949631
9 368505789
9 750576289
9 802667529
9 722816291
9 947611892
9 62955566
9 30432839
9 968939397
9 97942763
9 922609584
9 442221469
9 479829785
9 504314209
9 68570629
9 45650669
9 877831829
9 339297264
9 944554223
9 394110961
9 852632309
9 358266189
9 658065649
9 628729457
9 647225119
9 55438659
9 146076789
9 399896067
9 117881129
9 378046849
9 104900315
9 573145459
9 714846195
9 156392558
9 120910400
9 685190078
9 425874509
9 90554579
9 541320329
9 400908788
9 983311211
9 802021769
9 515117789
9 661119680
9 693081332
9 811892000
9 954238627
9 599983516
9 311306789
9 928375276
9 532416159
9 468607669
9 129630779
9 993347790
9 539871424
9 466484729
9 575104109
9 235901508
9 548190096
9 445504489
9 314911552
9 729707099
9 620342389
9 559484415
9 173210809
9 750024859
9 952961228
9 251059
9 509086043
9 445615319
9 519255845
9 413479663
9 869631025
9 779585144
9 946391696
9 493648837
9 869523326
9 635047229
9 476517769
9 885200559
9 702811059
9 700953112
9 938147977
9 845455559
9 160479289
9 498395944
9 531089815
9 892208483
9 267096234
9 118976940
9 207028239
9 189292810
9 857827849
9 561756479
9 30225479
9 646681289
9 280452962
9 573862539
9 520542879
9 575355905
9 437038691
9 539835705
9 849588904
9 113018619
9 997089699
9 868102928
9 352365490
9 786687619
9 461479429
9 681594589
9 790345793
9 464537169
9 840491389
9 64629932
9 952608646
9 918500767
9 376881249
9 234779741
9 484697946
9 142379168
9 917267293
9 358599788
9 275459325
9 944015718
9 317107769
9 829514654
9 187880946
9 586477519
9 760943462
9 471195221
9 12021619
9 991137125
9 414116879
9 11388579
9 977234365
9 412044179
9 59421826
9 837046911
9 708554997
9 460258479
9 644239263
9 514854869
9 489644336
9 48375069
9 827912500
9 722184009
9 440900145
9 372572379
9 943846142
9 463031479
9 390935162
9 503129670
9 6554909
9 513324339
9 534669792
9 147265897
9 649325261
9 333299820
9 335607449
9 93544411
9 18871609
9 641637469
9 489152929
9 847687829
9 798699872
9 552869001
9 890007341
9 888123679
9 371313779
9 887714079
9 645601829
9 626156659
9 774444229
9 175500995
9 132656839
9 657034095
9 494984865
9 804556429
9 879307908
9 291098148
9 161883659
9 768096067
9 657504279
9 166675339
9 555040879
9 836069061
9 690017680
9 577709939
9 693451507
9 372323039
9 129040889
9 353761293
9 396647919
9 285947121
9 413062469
9 444236579
9 733500259
9 609727481
9 752061339
9 633806819
9 512560809
9 278255319
9 350798474
9 37996677
9 536550889
9 179397694
9 44092182
9 321786029
9 715919551
9 860319553
9 681307039
9 713412539
9 924494245
9 530274059
9 509513899
9 552066549
9 846414795
9 161176239
9 84269168
9 268364793
9 640387469
9 528236439
9 759653557
9 311487519
9 12538697
9 111246349
9 595815841
9 948035641
9 708709837
9 752260749
9 980053796
9 881030829
9 923090032
9 322465589
9 926916408
9 863191886
9 571751249
9 620072095
9 879104335
9 265724459
9 879255612
9 594779931
9 546278779
9 491973094
9 633479085
9 104105039
9 11201669
9 151679083
9 545174639
9 906919275
9 722231839
9 628779473
9 519312161
9 402696942
9 481045159
9 393319864
9 273299878
9 928841153
9 450331669
9 843592829
9 182990549
9 807411092
9 392218696
9 168758379
9 304764469
9 172759430
9 681214997
9 419400300
9 898770654
9 816923917
9 640658091
9 302309529
9 23882291
9 658761291
9 721798815
9 457881719
9 375348339
9 369480998
9 738623189
9 389021947
9 682536459
9 501534995
9 733217179
9 557950406
9 941904309
9 188755119
9 325516937
9 830805239
9 114130319
9 869657186
9 379959599
9 176114539
9 846676579
9 297464399
9 55333189
9 163909258
9 273705619
9 194477948
9 219334615
9 157648809
9 422755409
9 642280390
9 933943515
9 92501105
9 114317649
9 902639616
9 46459145
9 552714009
9 845363429
9 222600489
9 169540241
9 786830149
9 873799830
9 873726779
9 873268489
9 236580194
9 713865219
9 282519765
9 136433449
9 90501043
9 46769208
9 648713809
9 124075619
9 623231789
9 477151849
9 152736893
9 277708329
9 789454102
9 165033679
9 545276449
9 23584789
9 958136890
9 522029903
9 738877579
9 381514059
9 764886940
9 667793055
9 983006535
9 65028769
9 749494865
9 864294518
9 649814255
9 146479917
9 417511629
9 474954345
9 277034049
9 652980211
9 271633891
9 98541997
9 29672785
9 314229021
9 100009
9 894909821
9 669445926
9 187619868
9 407933270
9 525684229
9 377202789
9 815242069
9 379079452
9 91429817
9 80130859
9 413465914
9 23107169
9 828725179
9 549442102
9 252511549
9 70708998
9 889398047
9 676404439
9 944996407
9 342629941
9 587861839
9 457939809
9 396523511
9 988394915
9 891570886
9 303920633
9 446751729
9 834236819
9 868435789
9 542304961
9 537398068
9 100000009
9 91797063
9 493308056
9 255534809
9 97609408
9 259025587
9 656590655
9 416008369
9 974279994
9 415299248
9 337451292
9 325056489
9 231602629
9 418849151
9 392989889
9 411391101
9 468412479
9 357579133
9 129949310
9 729591854
9 150574679
9 956010964
9 512975166
9 8361729
9 229938500
9 932514548
9 490792674
9 37417749
9 93311384
9 925214553
9 446095650
9 224114349
9 949879624
9 655071509
9 728974288
9 924288099
9 483967670
9 1000009
9 117065539
9 895374717
9 659520060
9 842679075
9 176277069
9 407745409
9 450313359
9 431428829
9 578265539
9 560096099
9 582093098
9 432806919
9 20207519
9 340720479
9 756826429
9 545589989
9 210371749
9 684147649
9 694813481
9 812858239
9 247088349
9 11593415
9 338856639
9 523204914
9 929274032
9 346242935
9 746391072
9 92390130
9 954515731
9 911731531
9 200284699
9 621456449
9 312876459
9 819498980
9 911512064
9 167817269
9 60820469
9 383247039
9 544790648
9 32036619
9 630417094
9 665363209
9 23146239
9 825158919
9 825038369
9 138672669
9 622258109
9 868989768
9 848008539
9 146000249
9 227327559
9 359888203
9 624456739
9 546916746
9 121252559
9 245900978
9 497117943
9 587443339
9 900171421
9 864808449
9 781195563
9 184448029
9 293674332
9 97723096
9 622461619
9 719342534
9 268652709
9 585309338
9 996533692
9 83978934
9 363737639
9 88731839
9 271593723
9 808853229
9 230395182
9 220643959
9 294389763
9 672834559
9 630479377
9 482325892
9 190023554
9 434221549
9 751408029
9 199710358
9 673232259
9 938964242
9 164462789
9 689720828
9 204579752
9 421402199
9 746423669
9 498466795
9 706719435
9 391221122
9 744921920
9 595208510
9 190249276
9 972089670
9 55453019
9 635398287
9 194858335
9 59579360
9 933982736
9 209850721
9 354835219
9 652208189
9 144159336
9 357424379
9 455738069
9 711844639
9 868648169
9 995766472
9 839299492
9 283855970
9 968897435
9 714281960
9 797217961
9 394783618
9 627603129
9 318511219
9 250388779
9 27278694
9 20484279
9 898197121
9 921770301
9 203112793
9 84881689
9 747775749
9 616603029
9 219024982
9 47547569
9 736455649
9 700834992
9 188812819
9 982657303
9 953067569
9 1363409
9 498055616
9 870651359
9 174727409
9 947335818
9 760977456
9 396888237
9 367205449
9 972112553
9 215431069
9 827941650
9 682922111
9 806545729
9 41554889
9 740142139
9 61575689
9 802611639
9 247534139
9 799233375
9 179029516
9 359263605
9 410432679
9 837991508
9 862563149
9 514070479
9 502628029
9 347896987
9 810423569
9 217859052
9 791810513
9 114524914
9 484908191
9 229747515
9 286496313
9 977704514
9 249260901
9 289698198
9 619383843
9 759002088
9 89893234
9 842378089
9 613460359
9 635236792
9 48708794
9 752085589
9 191066845
9 388360669
9 619485592
9 755594418
9 431365259
9 349235284
9 24286930
9 241697256
9 243578179
9 116329843
9 884350839
9 227293503
9 789904846
9 948415033
9 607339373
9 202992782
9 525091984
9 756710359
9 229297215
9 446260719
9 906186258
9 307890788
9 277445639
9 963739258
9 198462392
9 312161619
9 913695690
9 553966648
9 655756498
9 416749477
9 40016917
9 495320799
9 210389813
9 862810985
9 252249333
9 631979742
9 73572649
9 266383489
9 684719622
9 742244839
9 984629274
9 276480739
9 990118452
9 137968331
9 875584980
9 191951445
9 667800359
9 897362835
9 967594412
9 869010213
9 702991746
9 761593848
9 506244973
9 814761189
9 507846509
9 221326059
9 491153457
9 490365050
9 881153549
9 291521934
9 153461639
9 319597449
9 240295427
9 285475629
9 866977044
9 659948149
9 236066639
9 199150368
9 554349912
9 882911960
9 745873942
9 604990766
9 204746379
9 430070169
9 5930869
9 520451970
9 524412709
9 4123359
9 160413739
9 397504787
9 967706973
9 338451179
9 95055040
9 133216069
9 493232851
9 938198579
9 431648629
9 310641609
9 726334098
9 316691965
9 493953939
9 600663695
9 228048109
9 727588549
9 896524214
9 878982201
9 753800559
9 408260009
9 317111795
9 483742819
9 796647136
9 15652509
9 526841609
9 604830597
9 317965506
9 347482049
9 14695691
9 189700655
9 798190156
9 298140431
9 901644821
9 833292750
9 943162688
9 863619697
9 87657439
9 459105339
9 860426569
9 973850504
9 300614952
9 70164879
9 450785449
9 416950015
9 145492056
9 961920408
9 83394271
9 121948547
9 336451829
9 751172339
9 158520669
9 584621409
9 702267509
9 2708639
9 322079046
9 30210759
9 62100829
9 579785677
9 470305990
9 91854105
9 775493720
9 509014763
9 252726289
9 312052109
9 200306129
9 155889388
9 451422189
9 907503485
9 311856839
9 241977789
9 183594922
9 604754459
9 422246939
9 764446839
9 386387249
9 745768793
9 335068079
9 670621759
9 996690942
9 967887256
9 308225419
9 15478259
9 108304139
9 68989770
9 938679769
9 93707381
9 929398591
9 739420102
9 522628779
9 183433979
9 538484019
9 365096866
9 304470879
9 945984845
9 427948055
9 18579873
9 807017649
9 221379884
9 746724089
9 808604029
9 839421304
9 168619519
9 914879849
9 44023089
9 525275189
9 392841232
9 872499025
9 613453349
9 21466079
9 907973960
9 663645319
9 694311128
9 956568001
9 697403972
9 931875777
9 304225279
9 121891389
9 110571489
9 395839209
9 849256925
9 336324039
9 397585587
9 696423350
9 501119286
9 410743189
9 606009836
9 68956095
9 685659459
9 826891125
9 555860939
9 640853139
9 908664318
9 758320379
9 339066629
9 581760819
9 367777498
9 264486289
9 288308209
9 973664494
9 335607239
9 50055429
9 891707628
9 116181769
9 833285797
9 666150349
9 755490531
9 600852269
9 328280019
9 845064409
9 371052339
9 985410034
9 671318595
9 285271079
9 995218327
9 760214792
9 802585819
9 313380339
9 6302692
9 736172935
9 907947898
9 573877329
9 703679585
9 233524879
9 644842269
9 485649536
9 727597756
9 65427849
9 239939266
9 586192733
9 577892147
9 403312391
9 181823709
9 159801702
9 502833769
9 347072389
9 944184633
9 552486901
9 970766620
9 524671319
9 377668709
9 469683827
9 186747059
9 246141789
9 527969268
9 887621889
9 95571574
9 577456369
9 454145849
9 485662259
9 761808349
9 704618039
9 113430928
9 989450802
9 970894752
9 26178987
9 708290510
9 343504295
9 990877097
9 578250479
9 224133309
9 912235188
9 739517350
9 297595911
9 604486589
9 218976669
9 172832593
9 903096530
9 668726189
9 700236139
9 538906878
9 405830749
9 19640610
9 685664619
9 909254427
9 174461809
9 502894368
9 657806379
9 956368764
9 403887793
9 849015963
9 658355859
9 249455188
9 377490817
9 202369825
9 319721859
9 148416729
9 895010239
9 241980769
9 1990668
9 650667789
9 943339033
9 263741249
9 346833974
9 558769525
9 392780639
9 634488119
9 227688029
9 962968891
9 49184064
9 489287101
9 970117034
9 59302921
9 589135799
9 71317869
9 397349295
9 428055429
9 753558629
9 595329704
9 960842969
9 11031409
9 48967747
9 921751624
9 35833839
9 24874069
9 981119606
9 917358848
9 941995975
9 729354426
9 264726219
9 900291158
9 425691736
9 29443918
9 978041485
9 41196695
9 933445488
9 201579523
9 461884059
9 290151654
9 175518339
9 96507321
9 892057199
9 60702189
9 264455139
9 481161079
9 769343493
9 348777189
9 230223249
9 264259888
9 16387509
9 835717619
9 691330712
9 846505289
9 694907081
9 792004854
9 864303539
9 982241986
9 398288229
9 613055769
9 70797180
9 236722629
9 461183946
9 346809736
9 138800169
9 375717019
9 866670739
9 392772750
9 513808029
9 687242819
9 880391088
9 614404339
9 248244159
9 697414765
9 430802649
9 669563537
9 536398403
9 930153285
9 744271469
9 798107354
9 70588159
9 447928318
9 258154879
9 57125479
9 927239982
9 600384439
9 679523309
9 606060298
9 707076669
9 788607309
9 133018719
9 636380959
9 991387216
9 774880349
9 216704793
9 980077045
9 451322839
9 461057189
9 137331289
9 393406285
9 785130291
9 789869100
9 855450859
9 361482059
9 770057829
9 575938887
9 482558449
9 787404189
9 128541991
9 2204193
9 443290506
9 151317669
9 339600676
9 131244729
9 578655869
9 658318109
9 635481009
9 312201958
9 75272249
9 916706990
9 8985795
9 407329002
9 895446077
9 873216978
9 348868982
9 264490587
9 747100619
9 718554109
9 812296842
9 724908812
9 122989279
9 793635011
9 492841614
9 406899174
9 442910762
9 389594650
9 648263392
9 330268789
9 780010629
9 131306869
9 545638769
9 673026569
9 453605719
9 567756719
9 15576094
9 200501339
9 338957700
9 725213809
9 680174169
9 69312911
9 665562029
9 720611749
9 348184579
9 316071849
9 950113401
9 177082579
9 447641922
9 415907927
9 723655992
9 198428441
9 756043849
9 292233862
9 241778693
9 594656337
9 215838809
9 114497874
9 146268359
9 999071886
9 485098132
9 619856820
9 634790955
9 839500992
9 47112529
9 756451509
9 229465799
9 274737079
9 433215109
9 16220097
9 774468239
9 794519054
9 249770465
9 948593620
9 346680169
9 216118149
9 781498845
9 668471189
9 170818889
9 488713179
9 902067170
9 301107029
9 228457139
9 415547739
9 745587619
9 724652596
9 180983678
9 97986603
9 16492996
9 447673189
9 884001839
9 553279383
9 574804294
9 531205049
9 521932105
9 930004240
9 325884549
9 758148189
9 180061039
9 149350476
9 938174755
9 190789139
9 983884845
9 372741179
9 157757829
9 790055581
9 733334149
9 170409290
9 403657309
9 580336669
9 749336961
9 730521779
9 78898481
9 378937853
9 459575789
9 833142629
9 574292083
9 642459343
9 678379134
9 627017209
9 540396209
9 266805953
9 48926819
9 990869260
9 724435769
9 579181353
9 710477859
9 237236589
9 340824983
9 565304889
9 337719661
9 149769329
9 734220669
9 450005949
9 691595714
9 822188629
9 26163029
9 587401169
9 921596125
9 547436369
9 972029001
9 423252729
9 782221629
9 108003119
9 486413719
9 869987188
9 771391550
9 343415963
9 423499600
9 257113579
9 135154359
9 117557749
9 443517659
9 364808189
9 642453829
9 268970946
9 56547809
9 535610469
9 501347129
9 224012963
9 309785034
9 52591853
9 754141639
9 847432579
9 766711296
9 447479449
9 835330901
9 667134409
9 517252569
9 955635408
9 800141509
9 179978359
9 172451819
9 664991962
9 440217019
9 759220182
9 991260336
9 433364449
9 451879510
9 731599931
9 423870229
9 104994462
9 206833469
9 188197461
9 119946410
9 246511759
9 381118119
9 364129280
9 856156289
9 124516599
9 963200610
9 197398659
9 742851598
9 954155241
9 693681276
9 312655339
9 795803645
9 501941490
9 328940310
9 823061039
9 320727269
9 856449172
9 36448219
9 253442019
9 799012099
9 86195746
9 37345359
9 381293588
9 250149071
9 341552109
9 565959470
9 679012054
9 808877039
9 465870309
9 96220229
9 361833439
9 434400935
9 748244519
9 741636319
9 13227869
9 240825940
9 266319024
9 474041629
9 34776339
9 657080589
9 152536429
9 641318059
9 377434219
9 400439168
9 128515954
9 695732861
9 78546229
9 929916085
9 494660167
9 217474149
9 576101859
9 481937023
9 310114029
9 830649272
9 149588520
9 959359424
9 117006059
9 613206209
9 630734019
9 44616819
9 786681589
9 960463639
9 266099783
9 603911277
9 590899402
9 288547539
9 869252403
9 599694462
9 521489601
9 957899407
9 767192530
9 674449030
9 257180329
9 82155109
9 591585756
9 252122809
9 843506339
9 114961118
9 703796246
9 687658409
9 8149583
9 395503624
9 183286296
9 697952717
9 70274729
9 503791873
9 650514679
9 352711709
9 369314864
9 804328109
9 518083779
9 888815930
9 677990049
9 271178409
9 523349832
9 570929700
9 507633249
9 151554398
9 917158679
9 624604915
9 398775843
9 544357019
9 169069399
9 472902219
9 562180169
9 229535355
9 158172029
9 350291285
9 645226549
9 631811549
9 77128439
9 500014209
9 182209592
9 139068765
9 966723376
9 155004980
9 260524659
9 416465709
9 309444885
9 614475269
9 948272254
9 706651109
9 322665729
9 794756011
9 799666600
9 696716778
9 615055393
9 499506217
9 711450249
9 103857409
9 903432454
9 192623196
9 160017950
9 645707619
9 723243739
9 627673439
9 935681509
9 160022932
9 959766351
9 107555189
9 721822669
9 72460379
9 10000009
9 650598743
9 180237495
9 504164919
9 389172219
9 770423379
9 240809037
9 180755519
9 649939523
9 37940274
9 809385758
9 253985325
9 510220769
9 250164989
9 627812589
9 250121509
9 776451914
9 628914325
9 43038459
9 890314248
9 300935965
9 729420623
9 949069864
9 633395280
9 897504463
9 300259435
9 772759907
9 995688653
9 678734659
9 467397616
9 139525110
9 495045181
9 934714524
9 880588809
9 573833119
9 385640968
9 96430796
9 694225903
9 972923349
9 952325402
9 328875509
9 214098437
9 575219525
9 850955234
9 812617549
9 671131539
9 12744539
9 526568889
9 491306405
9 678228389
9 866462409
9 35182689
9 989693282
9 310546569
9 382895809
9 530645429
9 501476309
9 216577069
9 550808293
9 746405609
9 945288274
9 279076446
9 549424575
9 737798633
9 440983636
9 999280562
9 430322029
9 282561069
9 893542724
9 374891248
9 376878192
9 766431349
9 227164759
9 579269447
9 890325540
9 256859633
9 835337539
9 932228681
9 751779489
9 631411779
9 577529642
9 625572369
9 326682569
9 602238079
9 757801869
9 503667069
9 218078489
9 822848259
9 54459296
9 757885359
9 389883951
9 816835379
9 79452239
9 446381942
9 785497911
9 824098029
9 706103149
9 262417109
9 67693404
9 765928374
9 122796250
9 834815719
9 856403089
9 550964373
9 300582859
9 473231679
9 991888983
9 188715579
9 24601249
9 34694472
9 198282810
9 601364119
9 838664907
9 342589227
9 178636369
9 738393693
9 73150719
9 744467349
9 785532196
9 813707639
9 463592907
9 765891264
9 530658395
9 26642709
9 134843659
9 551718629
9 903647664
9 483770409
9 857853429
9 717839320
9 665132079
9 990507170
9 533626139
9 209241514
9 153502739
9 64718389
9 421596774
9 825078968
9 734608982
9 963711968
9 368895441
9 466047889
9 599416683
9 536565389
9 893200357
9 493448307
9 989377300
9 126853829
9 934355058
9 262629240
9 535819844
9 100539830
9 762241559
9 656226229
9 486268749
9 818187938
9 345058239
9 279801756
9 115048049
9 856330349
9 193167836
9 711729473
9 95862064
9 21886669
9 178450459
9 198448435
9 870671549
9 801132696
9 165128649
9 606074089
9 5969589
9 361298681
9 786364952
9 441712369
9 599885899
9 916121947
9 753874449
9 721820419
9 193949282
9 640520549
9 153752289
9 589457069
9 941108647
9 461202349
9 627742109
9 746285119
9 513980829
9 546877049
9 838306269
9 630843119
9 285241149
9 527932343
9 319198260
9 527303379
9 425676789
9 891481472
9 973949950
9 271397189
9 202649499
9 134284469
9 206458669
9 713159406
9 502500839
9 949919012
9 690083596
9 793850891
9 466343499
9 438695635
9 181316359
9 770733898
9 800379102
9 418433934
9 958876353
9 459031132
9 188302079
9 657612129
9 294073266
9 673632429
9 710434849
9 570905843
9 853325879
9 664062709
9 581863439
9 119559148
9 402488619
9 959420312
9 113968097
9 204774964
9 325284479
9 124554959
9 368794356
9 193315153
9 115266039
9 185026829
9 927836333
9 391874637
9 52742659
9 151023129
9 574696283
9 962859451
9 673188629
9 412494243
9 830988460
9 342939325
9 956357551
9 273142179
9 576776869
9 545725696
9 861112964
9 571382589
9 535769489
9 204852297
9 370070039
9 380367079
9 925132724
9 150831289
9 193674201
9 739398499
9 525707039
9 380073049
9 88053609
9 716591082
9 358059334
9 12861609
9 180319812
9 909168260
9 485290604
9 323178179
9 687595167
9 492234541
9 254450179
9 10649650
9 257812149
9 993844958
9 37559846
9 683808689
9 466220759
9 757537891
9 269930514
9 605418931
9 927758794
9 998370002
9 120442579
9 897451882
9 998695570
9 126883369
9 39188540
9 475629129
9 567494722
9 699028280
9 615604779
9 180328609
9 887645279
9 797570200
9 254422892
9 971583232
9 69957527
9 619571117
9 326557937
9 561963080
9 773504940
9 803680891
9 25887294
9 61386219
9 85757489
9 988616383
9 925792073
9 588835839
9 782267409
9 14591457
9 774109209
9 885903224
9 594266916
9 180018459
9 944839616
9 633187936
9 994165991
9 946311255
9 812270689
9 938850613
9 262509002
9 995876836
9 656879859
9 974478447
9 346928633
9 512841819
9 306429857
9 442586509
9 682347889
9 195499896
9 430998137
9 2224219
9 169700912
9 354230569
9 644446019
9 692008158
9 456064109
9 849561466
9 584320379
9 918571953
9 228222469
9 20915773
9 383163489
9 482115089
9 945418414
9 178273039
9 375981028
9 554007497
9 828323319
9 713965881
9 202719649
9 663299238
9 735744139
9 215458269
9 650389741
9 383242889
9 689971645
9 171062889
9 914768558
9 942514501
9 864257119
9 790495627
9 926146099
9 814209435
9 412726539
9 138660439
9 877471169
9 143141469
9 193784509
9 606867929
9 756147419
9 995548847
9 135566359
9 442945539
9 197274540
9 116500219
9 172109849
9 994159594
9 948493616
9 433546309
9 936917413
9 369949635
9 41402169
9 818585069
9 205637119
9 388107799
9 863409603
9 192187302
9 584035239
9 88933806
9 894875570
9 343565149
9 678531149
9 420159877
9 691498648
9 832475049
9 758893502
9 499755812
9 889695470
9 924328491
9 975672171
9 519435462
9 285542019
9 702585489
9 754040239
9 283539247
9 949561480
9 570456779
9 847497807
9 139393151
9 272306059
9 146250009
9 701308249
9 597545343
9 970290879
9 227040739
9 844138279
9 201971872
9 118591749
9 125364759
9 768831789
9 375854279
9 258848459
9 932859972
9 880695418
9 179968214
9 583461519
9 624794902
9 924783583
9 39391589
9 517074797
9 389636647
9 295304361
9 182959261
9 377834974
9 436761189
9 569610331
9 867356093
9 756848789
9 951059910
9 613289210
9 191097685
9 436099066
9 266804139
9 799928692
9 691138380
9 643351993
9 634365559
9 353319502
9 625710309
9 982831712
9 314494977
9 203786409
9 93959026
9 818668329
9 465508795
9 146795557
9 327855293
9 334205069
9 796131294
9 996637400
9 737119045
9 152551029
9 169834479
9 521784319
9 408607119
9 231059449
9 870798039
9 275808984
9 442947868
9 554422938
9 143488974
9 251090960
9 339623755
9 421044179
9 85402922
9 119377453
9 595908552
9 466404169
9 775290431
9 379068473
9 398035639
9 242150059
9 864539880
9 394955922
9 821723769
9 807023529
9 325923966
9 521730009
9 740999722
9 87212109
9 19913617
9 935594151
9 200144089
9 12886879
9 461681493
9 115920124
9 283992419
9 864424889
9 442978749
9 667169283
9 711598497
9 902853707
9 696721326
9 175073139
9 916249352
9 429065366
9 760928186
9 193731773
9 926129132
9 187899758
9 265795118
9 757097479
9 956035922
9 604019508
9 812682094
9 602573229
9 542113719
9 343982816
9 945801059
9 628232169
9 817834539
9 778643579
9 609407171
9 814953448
9 268792236
9 96207509
9 815808159
9 995811102
9 644331249
9 467879738
9 959508182
9 685930121
9 510859552
9 956042354
9 410400709
9 476031948
9 305489092
9 398376053
9 870089777
9 729015323
9 234086219
9 728452509
9 67093386
9 954009459
9 552744679
9 266136879
9 659717274
9 622221179
9 480921514
9 145969853
9 674151709
9 509990333
9 839266945
9 632027849
9 154401859
9 195356336
9 550641289
9 485162179
9 938724390
9 275753962
9 910700826
9 931786646
9 91794120
9 978314490
9 412809199
9 974333540
9 81498670
9 335363729
9 641998101
9 318201896
9 602206669
9 360556589
9 937727424
9 670713789
9 241221579
9 401476659
9 68877089
9 179521400
9 310492833
9 47346649
9 401789230
9 600064589
9 305978327
9 736253759
9 307205029
9 669238236
9 666486069
9 587814729
9 344431379
9 789790328
9 116668059
9 413310119
9 706340309
9 819881834
9 956606570
9 32142089
9 876280619
9 216914789
9 649247081
9 682178279
9 846076089
9 4026179
9 265817609
9 563165879
9 466317749
9 979536649
9 812755946
9 699614026
9 469007857
9 923483879
9 970639035
9 83769491
9 441000239
9 655810497
9 533016069
9 268648159
9 104585951
9 433952297
9 497796351
9 17060489
9 870407359
9 831572916
9 324700629
9 201938792
9 967149138
9 774923367
9 26196100
9 308230009
9 950913840
9 110842849
9 877360419
9 36635859
9 552568509
9 729977320
9 809769926
9 953704895
9 248291061
9 656840459
9 345988420
9 518242759
9 75774789
9 665756349
9 949567291
9 255633589
9 575354429
9 84907688
9 3955819
9 502881089
9 569360094
9 107601729
9 222476819
9 609917877
9 505807429
9 314180988
9 915551508
9 210236869
9 150475179
9 265354290
9 746225968
9 304255329
9 40600932
9 269473710
9 320413973
9 429431494
9 667166349
9 645697640
9 377051908
9 324196851
9 324320419
9 393960539
9 437762649
9 105295120
9 293521438
9 944504158
9 461270297
9 205542319
9 672386779
9 936306781
9 187960108
9 329966952
9 670879307
9 66137249
9 321392698
9 308096386
9 209927116
9 314465469
9 53746298
9 696977179
9 581153079
9 412847509
9 513749108
9 561874669
9 601596440
9 791454717
9 438175395
9 875051109
9 957442807
9 101395220
9 895425400
9 189564373
9 667436289
9 75417789
9 157332319
9 458483904
9 426900321
9 537251792
9 830351749
9 790576100
9 647896064
9 276308926
9 643355779
9 830062489
9 425857719
9 271906274
9 931817765
9 131024239
9 524640529
9 884705943
9 120592588
9 657297341
9 894156631
9 163516259
9 2509309
9 621623898
9 880061439
9 723306159
9 99765670
9 24573409
9 819817809
9 903402672
9 785147694
9 902705610
9 271195236
9 742317729
9 453573609
9 535401159
9 750065719
9 342340879
9 211485409
9 260190456
9 312788912
9 152888109
9 486650509
9 117014279
9 496501766
9 202012819
9 638727829
9 431297981
9 387482079
9 867878309
9 463195729
9 378385089
9 775011409
9 96800168
9 283906044
9 714089230
9 756446319
9 187362469
9 383842179
9 338123789
9 600432569
9 52727809
9 245764679
9 66172179
9 949772755
9 843150192
9 349248769
9 255739778
9 361885964
9 338835419
9 489391259
9 148592255
9 762880779
9 794673650
9 498772780
9 130652529
9 24640079
9 40586938
9 756762429
9 177964959
9 938376732
9 55838019
9 542018469
9 850993429
9 537804069
9 952827298
9 354489255
9 851903503
9 175362954
9 965636174
9 481989588
9 175118419
9 97764200
9 486199842
9 34813219
9 615814679
9 726827190
9 394206712
9 406945336
9 950541854
9 3540039
9 390787042
9 150736409
9 536349797
9 638121759
9 575855269
9 270368249
9 357845249
9 926551895
9 983617956
9 777971035
9 295154286
9 81170669
9 481939155
9 631743916
9 158628869
9 633282149
9 256719482
9 462068942
9 1404329
9 311270139
9 333508993
9 809849979
9 119842220
9 389753292
9 872933411
9 928424567
9 334121439
9 289773841
9 767204519
9 225303369
9 441932407
9 744164839
9 74620962
9 174450229
9 738508369
9 876940226
9 465822189
9 694651760
9 513456189
9 573241339
9 395372400
9 777104009
9 734493086
9 536136609
9 589039555
9 515220059
9 73079836
9 455475829
9 77866109
9 416371493
9 945479364
9 845364279
9 180627292
9 578340892
9 98299833
9 301131579
9 376998027
9 195415079
9 262002459
9 392477278
9 783335977
9 777067059
9 82947201
9 533101229
9 134505559
9 629282178
9 333037159
9 570563219
9 473721879
9 582220829
9 708116439
9 522607897
9 489921976
9 743956238
9 151067679
9 54967410
9 316497885
9 210612339
9 872208169
9 589967515
9 763035309
9 552390628
9 160981988
9 829823567
9 239195966
9 965839908
9 371111139
9 939190878
9 7235119
9 976177783
9 75477839
9 636133079
9 288108239
9 264366459
9 634731965
9 860570079
9 374914756
9 778541709
9 405551769
9 215740579
9 884989716
9 591028674
9 239035904
9 419253550
9 491490257
9 808975766
9 940437323
9 534531639
9 496677542
9 880417809
9 344609542
9 895900048
9 296883918
9 2577944
9 549943428
9 294834369
9 631984970
9 515251469
9 785490597
9 108544509
9 258409920
9 564687329
9 830115349
9 79997656
9 705962572
9 717915377
9 343002359
9 194612035
9 392102682
9 211951869
9 761938769
9 570684196
9 537812409
9 551516319
9 214518920
9 316525469
9 401719985
9 519151375
9 844911103
9 720925753
9 503983169
9 897064579
9 484706319
9 582545596
9 327544619
9 893826988
9 853835829
9 831893510
9 386608479
9 347490678
9 525462239
9 553734189
9 323773269
9 583479744
9 972069748
9 692890198
9 64155649
9 788062869
9 108664893
9 793318174
9 698671662
9 578536689
9 743035094
9 771439336
9 545716980
9 114640829
9 336565289
9 828834139
9 4332489
9 574151469
9 790123589
9 890467050
9 139781853
9 573237009
9 135991320
9 963236992
9 909201955
9 188084809
9 74453879
9 493474093
9 340096473
9 894088868
9 118568239
9 197314840
9 382767219
9 231317329
9 155830699
9 750648579
9 123274109
9 969863619
9 233964793
9 744293717
9 785515439
9 385573219
9 581377879
9 326067469
9 805438910
9 726006739
9 157674339
9 233994471
9 10999379
9 855353749
9 604745049
9 113310209
9 32001589
9 658741169
9 796163914
9 135331972
9 109734577
9 615510109
9 79116175
9 956190035
9 184344049
9 43093269
9 244780944
9 997078054
9 266131129
9 543187869
9 972717146
9 31199456
9 767086889
9 769991221
9 827088269
9 453694034
9 352496958
9 622021629
9 297732940
9 412189274
9 959329000
9 945876442
9 517614019
9 564442659
9 988704581
9 297866248
9 646437789
9 183776449
9 774808390
9 206389684
9 809350209
9 208026659
9 688651569
9 827774719
9 314639551
9 537208329
9 98902694
9 906533504
9 293487855
9 776972677
9 930711250
9 400200439
9 929450118
9 913578382
9 475783379
9 723737977
9 242826019
9 45898358
9 115574309
9 886125309
9 496281076
9 902375805
9 73274429
9 113465739
9 398686561
9 789305053
9 323567759
9 316976195
9 862318539
9 103590363
9 864691510
9 76088983
9 774929685
9 252565479
9 978150606
9 383042569
9 751062129
9 634849984
9 340323739
9 337017139
9 542226419
9 266300139
9 74773329
9 288218629
9 166062569
9 214903222
9 839258852
9 935776547
9 748432829
9 903529690
9 401338679
9 652301649
9 679918257
9 694510336
9 306369985
9 882286249
9 202354924
9 556467955
9 408426179
9 736561691
9 920381881
9 785515169
9 602369913
9 839642050
9 918303969
9 676767669
9 478237289
9 821015294
9 73563199
9 157028942
9 268670439
9 775626069
9 871524949
9 271003989
9 171809793
9 458448956
9 718628039
9 462778097
9 897469252
9 353302559
9 203565659
9 214218379
9 906592084
9 809932419
9 769662496
9 456521849
9 991470232
9 634010189
9 502553239
9 443414569
9 791855801
9 310652529
9 736370429
9 309645089
9 326911679
9 406450479
9 678548309
9 675669572
9 857290418
9 305773095
9 148539358
9 247704982
9 319535044
9 15465719
9 47611479
9 341726219
9 139165775
9 928226836
9 505301609
9 49239522
9 158401089
9 188580609
9 789474939
9 93556079
9 469300787
9 856241089
9 238211982
9 576706098
9 368334739
9 971110259
9 726552479
9 103352649
9 396011622
9 450949959
9 467496654
9 718675049
9 484218095
9 536007129
9 437803559
9 100000009
9 172018529
9 403433739
9 188136019
9 278253694
9 909546789
9 91639309
9 519597697
9 838301809
9 790560982
9 885384209
9 309249529
9 506794954
9 225517169
9 268133922
9 241440549
9 477281839
9 146137809
9 577143963
9 555692293
9 721364179
9 386554279
9 704249076
9 720793539
9 345348917
9 330849509
9 900576872
9 315925646
9 266188293
9 865647295
9 451204479
9 315178969
9 731359864
9 446771394
9 599603956
9 121513951
9 279386807
9 267477690
9 286169987
9 811574249
9 816675209
9 330394038
9 746508839
9 70317982
9 680569447
9 439496541
9 799342098
9 577302629
9 922052371
9 644541149
9 665700689
9 368460589
9 399311711
9 175002709
9 230585409
9 486401249
9 615070029
9 351120719
9 841476819
9 772328559
9 604638759
9 67262579
9 239567483
9 697911703
9 98551072
9 497003248
9 878394365
9 32603139
9 568960995
9 912680935
9 339056678
9 89064189
9 230745479
9 371900536
9 49794844
9 228438629
9 659585002
9 584103159
9 671973968
9 808867930
9 921899177
9 829742332
9 495212742
9 416795299
9 262363409
9 787068689
9 907928938
9 249200737
9 515620229
9 327918298
9 971885349
9 216445359
9 62476339
9 627467569
9 511157913
9 169708238
9 207006849
9 198637611
9 841995644
9 831910963
9 772646349
9 160722669
9 758267779
9 655201529
9 176552839
9 817946091
9 992965846
9 189776000
9 750673719
9 113658249
9 594557522
9 483217809
9 632572509
9 467593297
9 701243399
9 73021429
9 945170553
9 410604339
9 24172529
9 924215285
9 606421709
9 179850301
9 939580690
9 899759114
9 827502419
9 330532619
9 552305309
9 505917777
9 268797306
9 115608596
9 800162229
9 110376549
9 72303389
9 13182739
9 481975804
9 725161269
9 502413709
9 650261936
9 568255596
9 837601196
9 96756027
9 506549721
9 953712373
9 35387459
9 341937183
9 356137619
9 553001569
9 579307089
9 53798852
9 463990234
9 361144193
9 627931153
9 919577607
9 746990147
9 974329898
9 207082829
9 268729560
9 906958423
9 946160214
9 292113732
9 831015409
9 441482369
9 934879142
9 458944329
9 855418069
9 496843309
9 510861329
9 415979536
9 372741089
9 664823293
9 482367859
9 690968985
9 457125709
9 573815409
9 867354119
9 640780159
9 824257469
9 777768259
9 869146460
9 174517419
9 379535186
9 620954956
9 946485059
9 35564649
9 512516970
9 340009206
9 616049380
9 671420109
9 407516669
9 831749477
9 858538549
9 542954715
9 420211169
9 712491621
9 176259683
9 531329302
9 242890696
9 863385629
9 626339938
9 344461579
9 101297527
9 111670319
9 523930912
9 857632229
9 55859720
9 198055302
9 560608519
9 489788206
9 298162745
9 346444339
9 160214049
9 449060709
9 572348892
9 810695571
9 570024229
9 10052459
9 769306022
9 408526849
9 959577316
9 607103469
9 581782569
9 687858089
9 583698628
9 219773146
9 649439204
9 364537259
9 122066894
9 192035161
9 805191146
9 936540055
9 869399593
9 548890552
9 959638498
9 431536937
9 553715639
9 990551368
9 655768569
9 714639095
9 508120719
9 864770109
9 682741519
9 418394892
9 2106339
9 540774579
9 25502049
9 927760524
9 878828049
9 43731589
9 887163912
9 928118954
9 86284349
9 929735346
9 202668789
9 62944070
9 231960311
9 636676729
9 218724579
9 41251924
9 987296172
9 44724329
9 292813607
9 6288649
9 823880189
9 326659229
9 308817149
9 577120194
9 638679396
9 128333699
9 516819223
9 275088349
9 365949445
9 115922381
9 107140139
9 149618556
9 190345571
9 117565990
9 978395022
9 103346779
9 284524339
9 525525579
9 407186119
9 38085939
9 625988135
9 918545056
9 7128659
9 639834568
9 145891793
9 801826339
9 698489075
9 827237769
9 795090181
9 508690774
9 874985967
9 100000009
9 192442355
9 32262769
9 239289366
9 482833419
9 933518960
9 915929337
9 356183239
9 457162941
9 974735514
9 179912460
9 381545950
9 921633779
9 787606869
9 361122039
9 591207257
9 520611009
9 33194114
9 773303819
9 546659487
9 742346928
9 626861597
9 74922099
9 820339463
9 787370309
9 950207690
9 924207301
9 796242360
9 918869515
9 396808750
9 266846159
9 368542389
9 188136789
9 302481849
9 948692296
9 897390584
9 187116990
9 801567589
9 325045119
9 127196543
9 8171929
9 491707801
9 620101769
9 763242927
9 225052139
9 39254162
9 853734029
9 777091383
9 773864849
9 462069956
9 927910371
9 536353159
9 685674829
9 19465299
9 819811475
9 317782479
9 679941309
9 796263465
9 884449326
9 574622729
9 743589821
9 634468249
9 273360429
9 181342129
9 673329632
9 712463908
9 501853749
9 242355994
9 938006630
9 874690124
9 603339815
9 434068449
9 817946353
9 218952686
9 825614809
9 999169184
9 564922482
9 140586319
9 558637289
9 197274524
9 286112839
9 950901861
9 88377859
9 81971026
9 704053379
9 715945670
9 110749628
9 158075489
9 691076309
9 298970531
9 144748869
9 799426040
9 62836809
9 960828091
9 186745479
9 768008709
9 213704259
9 431915739
9 386428229
9 432283539
9 737471019
9 504478739
9 627797067
9 855553219
9 788617079
9 432202019
9 70082491
9 560299825
9 234462096
9 929001040
9 684164629
9 616025669
9 728641918
9 415906705
9 271505096
9 661599198
9 361350329
9 315221689
9 87643889
9 508224069
9 371711119
9 183177479
9 139441277
9 231854991
9 881138809
9 421815319
9 668142159
9 154539623
9 52744849
9 631741389
9 357845529
9 901797038
9 591315972
9 274918952
9 531580809
9 700798392
9 327745029
9 935375738
9 61953159
9 619135632
9 715484519
9 509261360
9 650333459
9 978058411
9 61139519
9 742669106
9 663027559
9 357056409
9 493197766
9 837125069
9 873454957
9 360729363
9 768565519
9 387698341
9 605034659
9 2278389
9 639272461
9 171709926
9 277602239
9 429753635
9 75745369
9 787757629
9 29457228
9 804610139
9 675300669
9 748597153
9 359033513
9 367613579
9 612439685
9 540576469
9 933347919
9 453923171
9 755627679
9 766580649
9 296207622
9 796153846
9 910655784
9 957501603
9 899132035
9 614653189
9 974913271
9 900557981
9 958015733
9 581768559
9 642752194
9 803393750
9 437377419
9 131930744
9 313519888
9 564099770
9 540302449
9 491077485
9 578367689
9 670120879
9 931814415
9 720426309
9 998916544
9 894577582
9 708650149
9 959309641
9 610299315
9 182860389
9 589907970
9 469219518
9 98151740
9 247549837
9 164513089
9 553985259
9 396921520
9 387771559
9 852678709
9 314275059
9 510614089
9 843471469
9 899846472
9 375589657
9 644880729
9 427855719
9 836967254
9 644077539
9 618440529
9 392748322
9 252183019
9 540165289
9 321284829
9 176941182
9 736975376
9 169442884
9 979600375
9 215388089
9 311872925
9 228989664
9 604001974
9 604504629
9 950362251
9 581938993
9 589545459
9 777133559
9 234559727
9 455524429
9 8021419
9 284823659
9 60832009
9 354054709
9 734575249
9 395851952
9 195951679
9 808148119
9 123657319
9 843815922
9 999176559
9 120730689
9 669861587
9 934897250
9 758418819
9 589408767
9 416239340
9 461235749
9 392135823
9 205992779
9 268373209
9 448147649
9 48299539
9 812533069
9 288521169
9 675455964
9 795742916
9 898564274
9 636356940
9 520129413
9 380856109
9 964616959
9 680270289
9 530459948
9 959615764
9 40938105
9 857062329
9 867505279
9 812768249
9 911841401
9 776440639
9 998329432
9 985229440
9 454457389
9 772642619
9 856832069
9 613086449
9 228601429
9 976017631
9 362028869
9 383074809
9 276733579
9 946890119
9 377686679
9 383382749
9 808205859
9 558631039
9 739002786
9 661205759
9 563325539
9 939590372
9 606694764
9 346187719
9 183053409
9 546266839
9 18656639
9 136874059
9 457658289
9 527141839
9 268757859
9 402579138
9 658424209
9 431944837
9 558619489
9 124709387
9 114085379
9 927981259
9 75803951
9 936788186
9 557489700
9 786401659
9 851978648
9 758754954
9 92305419
9 628229870
9 685993110
9 252163975
9 836297930
9 110563279
9 860939242
9 144667849
9 843082987
9 547722279
9 473831977
9 535390218
9 507355529
9 433695526
9 739350068
9 318995181
9 529675160
9 567923945
9 365161497
9 829145654
9 463805789
9 707747629
9 559777293
9 594096307
9 894995863
9 226780479
9 996356099
9 388031169
9 280476639
9 7650809
9 179146994
9 963219056
9 996990919
9 60610429
9 799152575
9 287622429
9 350942549
9 855114439
9 271210619
9 587092249
9 869277595
9 493706850
9 375456911
9 599287235
9 958439905
9 644078019
9 676787249
9 427790229
9 340350069
9 127246609
9 992454200
9 977587315
9 240351229
9 646116599
9 600045479
9 254726269
9 187216098
9 124381907
9 596526793
9 365705579
9 119543262
9 943004622
9 630788849
9 322969759
9 774554459
9 635415749
9 999804337
9 199840929
9 160508639
9 514156079
9 201832918
9 163927033
9 453059683
9 342708739
9 199946254
9 129319815
9 2148907
9 996234535
9 814948371
9 232243359
9 430909670
9 717735749
9 820155489
9 801906873
9 721372937
9 230207749
9 864511059
9 83572419
9 773911553
9 840235719
9 80359700
9 734679832
9 82884659
9 107971196
9 217878139
9 650777419
9 725799945
9 986347600
9 5345259
9 710608209
9 41580489
9 674908833
9 370210696
9 360045029
9 896619541
9 159950508
9 630071209
9 639388203
9 88770389
9 633365039
9 594790522
9 490592728
9 204267291
9 867936519
9 279650971
9 288112329
9 375230509
9 177480209
9 402286119
9 797235762
9 930907983
9 403002239
9 56216793
9 849776867
9 198404480
9 494869098
9 282843936
9 518689292
9 352218749
9 888625479
9 51251659
9 653413549
9 206944702
9 545182629
9 301605709
9 582899468
9 858699592
9 644297277
9 928653242
9 20388289
9 584598779
9 583740639
9 199458849
9 801591477
9 236647579
9 863290498
9 224359667
9 706892777
9 746817229
9 210470079
9 279470035
9 469470823
9 240356349
9 158641169
9 365817309
9 535250469
9 244523089
9 599208538
9 698223605
9 388568975
9 914864434
9 306442096
9 392865075
9 201022069
9 125737339
9 504260490
9 127504369
9 734943667
9 445824494
9 830591809
9 13329007
9 394117771
9 379658062
9 181398178
9 789676667
9 166286689
9 146111239
9 883198153
9 548662219
9 431183069
9 651624329
9 691584111
9 598656403
9 791697541
9 369141023
9 735909483
9 79580421
9 185899287
9 233994049
9 762564039
9 290541208
9 496148878
9 745467429
9 867450914
9 82069933
9 625460549
9 938047071
9 127081239
9 579086595
9 840636479
9 277680619
9 121500009
9 705308889
9 230388974
9 593813963
9 346339643
9 451138259
9 388972321
9 402222009
9 146850349
9 150652719
9 978582695
9 590166960
9 759307372
9 179350827
9 274351469
9 303993912
9 309425573
9 948679128
9 467090957
9 312462009
9 336347019
9 355115739
9 690195403
9 485840379
9 48933898
9 852618629
9 857154239
9 78987688
9 868715291
9 435717679
9 440965378
9 787005309
9 92154986
9 452973802
9 440224269
9 108763059
9 213860961
9 745285489
9 12022459
9 786466294
9 98179516
9 835955745
9 947125072
9 997603133
9 964943295
9 319811292
9 34881769
9 324377399
9 333759026
9 378472439
9 764935166
9 225528369
9 110422539
9 112420249
9 620041869
9 717372149
9 930714333
9 56354259
9 503611960
9 763945655
9 745832589
9 859241811
9 918517959
9 270909982
9 312526539
9 812201729
9 735561289
9 774602549
9 764028942
9 423920434
9 625234049
9 165503249
9 344495469
9 471906118
9 647629502
9 343896697
9 48896365
9 221019311
9 443453029
9 424962193
9 432930692
9 788119059
9 200160759
9 227499248
9 812568129
9 507243789
9 529220046
9 267816669
9 471392388
9 82534493
9 51456039
9 503638692
9 995469583
9 20183119
9 326579633
9 55814069
9 710158829
9 344252907
9 749728625
9 317782639
9 812716629
9 656934385
9 45681995
9 693025995
9 301724789
9 899286194
9 163582289
9 911960591
9 225688389
9 945844095
9 413924245
9 561352019
9 527858179
9 794030985
9 627666009
9 689306919
9 382340519
9 462858509
9 97352794
9 103101109
9 914965158
9 475559811
9 192972748
9 609684534
9 657840829
9 925700225
9 513400469
9 365666794
9 730004719
9 549768345
9 766282459
9 528570889
9 790123209
9 448736189
9 111137459
9 156465049
9 549074271
9 747971846
9 103044069
9 82366139
9 973680090
9 18190583
9 25037019
9 218143559
9 836598649
9 42432709
9 761310769
9 180760619
9 799557232
9 545476589
9 679441014
9 724733549
9 557660639
9 694254722
9 988191080
9 170015019
9 699550341
9 606364409
9 925740007
9 944140956
9 654968459
9 544283759
9 621852839
9 694174967
9 34421709
9 736064839
9 909920649
9 722653359
9 781444059
9 897545511
9 641435937
9 510360948
9 582090970
9 523575489
9 342364490
9 303665559
9 613706449
9 893297075
9 907622878
9 377081269
9 209400724
9 127489355
9 199502959
9 88193362
9 681662649
9 479101918
9 242387309
9 529952029
9 878160819
9 738531839
9 203810859
9 615528219
9 699419360
9 793505749
9 778156039
9 34660059
9 949637173
9 544364239
9 577965329
9 266240439
9 726014379
9 989380254
9 641364409
9 116309242
9 426322549
9 737513209
9 91162491
9 481120419
9 995065856
9 385515898
9 640737529
9 995411219
9 802944505
9 492266657
9 748904936
9 960246372
9 707048489
9 517918669
9 590467345
9 457109922
9 674756449
9 524399379
9 917229071
9 920051523
9 348203269
9 391405895
9 208283429
9 33661589
9 966122208
9 164555809
9 193698956
9 787443889
9 211072759
9 531896863
9 610637159
9 252026976
9 815506459
9 173762239
9 450641913
9 646808098
9 679446421
9 256420899
9 746200239
9 994507940
9 772273849
9 946038012
9 824557469
9 644495514
9 835980047
9 151573944
9 467269362
9 861668479
9 373260109
9 707458903
9 734239569
9 691948377
9 135739212
9 34938752
9 560905275
9 698159211
9 668450879
9 617744129
9 563682199
9 735373903
9 33824409
9 283369163
9 873667559
9 312080339
9 843273239
9 143987898
9 14953461
9 54457498
9 662918348
9 778941409
9 507075409
9 147055559
9 923449948
9 360104599
9 954031132
9 232942414
9 715460709
9 333142595
9 920502369
9 713620709
9 943731097
9 818524906
9 538809982
9 731497102
9 579894780
9 97553311
9 508214649
9 932044638
9 642620449
9 676325019
9 288442409
9 752920327
9 477603629
9 509632840
9 636613639
9 579897482
9 287294707
9 206936026
9 959392386
9 761134279
9 130373519
9 776798622
9 494022615
9 382962711
9 674945488
9 172749059
9 110290145
9 38156759
9 218678079
9 740773529
9 532351719
9 225035739
9 119923219
9 699747147
9 624572369
9 372351099
9 473547829
9 157198177
9 248980169
9 220897855
9 764516895
9 503063928
9 898187896
9 586970161
9 630368189
9 132599002
9 685806569
9 887640639
9 724056982
9 416368539
9 325668559
9 313943663
9 10690971
9 465183859
9 264470109
9 466645697
9 641849360
9 789644585
9 584108219
9 71291019
9 405966227
9 925694437
9 846027719
9 733084879
9 338472819
9 182660459
9 939010995
9 851279026
9 587341489
9 664973171
9 210651059
9 896272260
9 792784448
9 912246289
9 484853649
9 557595448
9 113235079
9 405395979
9 877377197
9 93979040
9 560422489
9 544376319
9 50496562
9 584410119
9 15489876
9 521925828
9 106231569
9 899512040
9 941810459
9 318838933
9 194509375
9 442222079
9 412689394
9 141170649
9 155228929
9 971115664
9 257343429
9 343200941
9 287544129
9 348829447
9 690259605
9 22342689
9 680112789
9 443992751
9 753288899
9 585388098
9 181296640
9 122673179
9 818655970
9 168953707
9 859965335
9 312311739
9 336210379
9 870990317
9 491681086
9 5059348
9 158410109
9 832596463
9 299527296
9 515391215
9 671791383
9 315212679
9 858529995
9 690473486
9 379928987
9 571792783
9 201209511
9 357342289
9 886150009
9 5699517
9 772254149
9 843979977
9 828849190
9 979188416
9 344334269
9 587026159
9 740149102
9 123352869
9 145144439
9 193767474
9 454813149
9 899646492
9 406281942
9 962933352
9 491276487
9 780828903
9 623188729
9 568817879
9 876814049
9 360770914
9 900194161
9 351012659
9 742778459
9 44540839
9 752972550
9 287050069
9 437153059
9 405070209
9 922469731
9 892153875
9 779462206
9 977151541
9 910952395
9 181987169
9 680569552
9 531889318
9 746046189
9 176046189
9 207247339
9 430214959
9 249489781
9 507887890
9 828244869
9 564127009
9 241500789
9 880551529
9 143346159
9 860220129
9 687317779
9 564177659
9 255856579
9 216766979
9 39709581
9 756853429
9 70308029
9 333175879
9 672961159
9 194791592
9 640735639
9 454242459
9 980271135
9 431505954
9 430275449
9 140825709
9 958553547
9 815159054
9 531103269
9 565333952
9 864036919
9 175099427
9 68026629
9 36946225
9 833053098
9 67547209
9 724722189
9 373376889
9 511552109
9 832845749
9 559926691
9 277327109
9 865603499
9 32441090
9 156405489
9 258306359
9 118016829
9 314649470
9 446910811
9 956156301
9 282674519
9 405854869
9 591627693
9 735006309
9 189112545
9 438896495
9 353142962
9 657175958
9 683215129
9 935590093
9 376774492
9 263588629
9 451283029
9 219298509
9 390216078
9 70583329
9 110697416
9 573408719
9 809214385
9 172276149
9 990377803
9 200820895
9 884686391
9 236861849
9 149054513
9 59179007
9 479692295
9 291464246
9 836166619
9 741126089
9 78628269
9 2282929
9 90294375
9 692028539
9 993599197
9 696500302
9 108955086
9 958182839
9 180086729
9 857041179
9 215005439
9 69346646
9 634154289
9 390045365
9 531536009
9 747107389
9 741024960
9 875669548
9 153992870
9 80819217
9 225785019
9 58955557
9 46133498
9 960090194
9 815954008
9 643904509
9 915112475
9 585754379
9 334558918
9 660753519
9 409397601
9 567191402
9 648931169
9 207157092
9 814465092
9 511675389
9 338405859
9 522712629
9 451387719
9 863165019
9 330193696
9 949713488
9 924457536
9 793698726
9 588271955
9 717101819
9 410331952
9 34977974
9 817967291
9 190802560
9 670945070
9 892421005
9 374590910
9 73538209
9 440673809
9 820508291
9 77132329
9 94602099
9 681772839
9 584955624
9 824253679
9 878950152
9 242301699
9 696949245
9 175124269
9 613279240
9 419522701
9 876398318
9 141735069
9 642500249
9 918754163
9 457949415
9 736476819
9 471671869
9 272969823
9 212128491
9 870159084
9 33126079
9 730221916
9 520493390
9 258236689
9 520066999
9 412249335
9 291612637
9 716454709
9 282479074
9 376600549
9 640508519
9 295172158
9 197165606
9 547907469
9 400303159
9 816932733
9 662241619
9 709450840
9 856920544
9 704494307
9 669061354
9 699931673
9 863251319
9 947897915
9 103928419
9 549595406
9 191396620
9 256902799
9 219481352
9 189001232
9 605621439
9 514109374
9 114489005
9 932019221
9 218876679
9 595104079
9 508407978
9 318368954
9 980004625
9 731314709
9 812513459
9 714832079
9 88271009
9 582575529
9 330927178
9 967961604
9 12100489
9 849451731
9 132622859
9 156617319
9 841104729
9 492941624
9 476562439
9 228051429
9 34021932
9 319925034
9 8274459
9 710952495
9 698071158
9 866954126
9 834060749
9 299869735
9 362592757
9 417013519
9 464110797
9 837485569
9 848456923
9 486633259
9 389226513
9 113555269
9 476560519
9 992768828
9 444573139
9 481517659
9 397596151
9 421258629
9 30514439
9 323549056
9 2622229
9 508511659
9 76841396
9 618720539
9 911295290
9 880389485
9 592702913
9 525454639
9 184549113
9 808736789
9 511011059
9 718263079
9 49572983
9 440221809
9 908245976
9 739911860
9 927155162
9 716480019
9 343694805
9 103714149
9 14774911
9 672523159
9 42475978
9 37339573
9 828855759
9 32237591
9 376283529
9 956814880
9 551566479
9 947441181
9 342786699
9 461601729
9 487243896
9 100832879
9 527328659
9 789151483
9 333551469
9 967374044
9 503695413
9 933739576
9 409172962
9 611301629
9 382044339
9 558092089
9 173147904
9 907356011
9 654668469
9 46534920
9 664453619
9 774206459
9 932279438
9 618955999
9 797853550
9 427448898
9 629003693
9 351567943
9 956910482
9 743134029
9 843417698
9 63376129
9 187959117
9 895820105
9 177477269
9 222583926
9 582662879
9 997122821
9 144382359
9 214298694
9 563856369
9 891303764
9 742379153
9 210581859
9 706359427
9 396524059
9 240267912
9 260034519
9 708082559
9 54482819
9 590183579
9 826093601
9 592196351
9 255453359
9 799737927
9 520989556
9 910878627
9 765740999
9 764343915
9 835211269
9 845496715
9 350271139
9 691486168
9 772386289
9 629205381
9 888229764
9 630505869
9 94166748
9 624710219
9 27595754
9 154439156
9 386626089
9 100000009
9 16833409
9 223795028
9 50382449
9 303675978
9 218030669
9 771441915
9 882166924
9 821765090
9 423343359
9 353795169
9 872173091
9 86119672
9 780005879
9 660256789
9 132268399
9 711717169
9 457042189
9 372702931
9 275360987
9 298943749
9 973453457
9 75039398
9 731670869
9 737151897
9 155060197
9 846965652
9 644505449
9 544573469
9 109470478
9 36604379
9 395820729
9 396981645
9 599791070
9 24102319
9 664989814
9 250962813
9 760259736
9 165135191
9 362935076
9 777498362
9 389246522
9 947151497
9 429229456
9 762047169
9 451733889
9 120195290
9 534407429
9 409920510
9 553226259
9 408650769
9 156447679
9 273330539
9 835230939
9 675687309
9 267871195
9 35611529
9 192597058
9 339266488
9 665387639
9 536451906
9 315045290
9 729978986
9 598670181
9 532728089
9 239161091
9 760617889
9 825199393
9 748192015
9 644952461
9 224037329
9 40704792
9 456471219
9 520276993
9 729359283
9 112622659
9 239295388
9 662435149
9 881468389
9 156136619
9 518902126
9 526287903
9 826531159
9 30691695
9 370952114
9 848014984
9 200969363
9 183099536
9 758409782
9 921342967
9 838633119
9 928576925
9 282027519
9 14974790
9 174632079
9 194458519
9 941862873
9 818587429
9 573005869
9 453716479
9 364563559
9 611781219
9 195904219
9 314394733
9 704211690
9 826607649
9 613996474
9 284897700
9 162533099
9 3093759
9 644290661
9 512546519
9 855577109
9 333833189
9 300229432
9 756359850
9 289224648
9 282395962
9 888527059
9 536756197
9 347736149
9 738496532
9 869440271
9 63325529
9 569350016
9 807014609
9 315491699
9 973645578
9 500504189
9 146832029
9 160625049
9 74033889
9 494997263
9 884438289
9 34906672
9 459334842
9 646000359
9 515906417
9 478503579
9 268176539
9 922704575
9 575056963
9 995580101
9 560382889
9 109718708
9 307043319
9 854670849
9 347503829
9 884903660
9 245688559
9 613145696
9 703428809
9 610834279
9 679725431
9 526887689
9 353287729
9 90851608
9 804290426
9 957452348
9 664945320
9 520542889
9 881123359
9 135773699
9 993243421
9 848474947
9 828293772
9 944260216
9 1222789
9 385597764
9 697649704
9 701324679
9 365478956
9 627928066
9 247041349
9 862316779
9 287517509
9 305029252
9 518091524
9 586354579
9 378407869
9 145812369
9 429195219
9 310152906
9 949676442
9 5153589
9 792545071
9 606588259
9 727491543
9 420510519
9 964085200
9 554782739
9 207495198
9 69565928
9 506434796
9 386991218
9 493913516
9 973111042
9 462646429
9 111668092
9 681198825
9 850108629
9 700578709
9 405433039
9 814953959
9 880487649
9 577032009
9 950663062
9 116496886
9 298715537
9 279380561
9 318739369
9 599915321
9 355541896
9 219669382
9 455768719
9 889803478
9 648716719
9 93936501
9 875462749
9 8646219
9 242989919
9 972319213
9 991678087
9 647274349
9 517134911
9 468149405
9 417386769
9 391323640
9 208884499
9 398809288
9 718742779
9 104650669
9 912523433
9 261162369
9 29071255
9 997126790
9 627548924
9 383485289
9 286548239
9 934729118
9 111549968
9 937462260
9 257367609
9 797084803
9 682416921
9 830250309
9 705003029
9 379405294
9 787134739
9 735429302
9 630575019
9 723060429
9 525603944
9 634356609
9 270919293
9 621073579
9 492866934
9 751372942
9 120058539
9 527049012
9 622968181
9 511811579
9 694566780
9 431061259
9 452555090
9 200365965
9 295250716
9 194556858
9 593126918
9 388301819
9 704061939
9 681522639
9 47860789
9 71639106
9 634578954
9 289700816
9 471590290
9 243964487
9 357781319
9 664366239
9 73857679
9 750515196
9 612069596
9 191939122
9 466197775
9 3445599
9 357942586
9 616967621
9 232250309
9 596040870
9 183420849
9 980873849
9 58460149
9 568695916
9 721558349
9 880192054
9 649916802
9 624809376
9 10861629
9 12829254
9 226184379
9 163036779
9 237771829
9 658639812
9 177613459
9 230551829
9 930351733
9 407941947
9 594909927
9 219652868
9 941101946
9 98196805
9 433955795
9 380730539
9 959715562
9 831601689
9 857155609
9 618324749
9 354591421
9 882601769
9 772806359
9 240194972
9 320495811
9 883753229
9 609013785
9 184059914
9 176290127
9 607236939
9 665074930
9 56486249
9 950153429
9 78613289
9 943918556
9 57868298
9 54361439
9 503692389
9 505584498
9 810039056
9 952917069
9 91747741
9 745661249
9 603574593
9 832777259
9 602737249
9 308895001
9 600358739
9 303028792
9 323272390
9 221224479
9 524891764
9 17336289
9 890975989
9 319444968
9 894824363
9 360914962
9 433567439
9 908379876
9 587769925
9 300232689
9 715858649
9 625206940
9 244578098
9 644067179
9 420913338
9 616507229
9 954148185
9 71200379
9 982326365
9 36094118
9 673388779
9 416408309
9 32650879
9 240687129
9 874055903
9 122989561
9 489831540
9 78164519
9 865002079
9 854589274
9 762482849
9 254478559
9 825912813
9 106431179
9 568509097
9 990305144
9 724142879
9 841446229
9 971276971
9 589222404
9 555077779
9 378182964
9 458338729
9 524350189
9 479019108
9 302157192
9 458896733
9 764373789
9 652206639
9 878948869
9 919726325
9 451997643
9 308734029
9 435136589
9 704076349
9 913686890
9 619239895
9 745428069
9 182685392
9 314161359
9 524601759
9 807591637
9 193786644
9 125114069
9 294511444
9 136081139
9 664599117
9 560878359
9 965847018
9 863714829
9 92138914
9 530324779
9 51337729
9 875834696
9 531830889
9 192199787
9 413320479
9 425344229
9 678985800
9 247468119
9 236795803
9 810948925
9 522031719
9 702117692
9 811778908
9 49754210
9 676845849
9 780968287
9 143451619
9 953198526
9 771059977
9 234556329
9 200003965
9 682494918
9 42370931
9 45551019
9 197076359
9 629932503
9 412601029
9 420975862
9 982878877
9 935535403
9 504282289
9 68195855
9 583153239
9 334964709
9 365828319
9 754815893
9 423748479
9 329416307
9 342960162
9 991231862
9 763531819
9 844067594
9 574367589
9 993313052
9 767579366
9 516381659
9 722349694
9 129822451
9 387818369
9 466072892
9 178062429
9 230649584
9 186961607
9 583328779
9 436909581
9 426409041
9 819640193
9 918235248
9 896448289
9 441920057
9 950135531
9 588431009
9 906776533
9 961713360
9 681564359
9 715031009
9 572488849
9 372482579
9 699690227
9 788384869
9 79707525
9 947423684
9 341039211
9 193917898
9 112889800
9 721989373
9 299482608
9 458350079
9 389046128
9 131374569
9 397517928
9 860360259
9 965938394
9 133928908
9 706150479
9 736392153
9 744371389
9 945034562
9 948328484
9 273156961
9 462718739
9 570701209
9 393912944
9 983624855
9 990418497
9 525043009
9 743221924
9 585891502
9 434104439
9 274678669
9 700846009
9 601466549
9 449150429
9 578189028
9 448379171
9 95906657
9 604902284
9 691979184
9 534379534
9 411776359
9 825799685
9 175013859
9 16119507
9 583920563
9 277495714
9 485182589
9 666440079
9 693778447
9 918941353
9 172549968
9 728285289
9 913808351
9 932876102
9 194844476
9 826218519
9 176732459
9 742640419
9 677180549
9 814461913
9 475421019
9 190511803
9 135758669
9 344520491
9 461624395
9 763407249
9 903950932
9 346214689
9 182065946
9 536258059
9 467031439
9 526789614
9 488738569
9 254295754
9 797808753
9 756366449
9 80439832
9 232285109
9 754861936
9 322759131
9 313016289
9 721879636
9 74277958
9 839761585
9 184795299
9 356713569
9 181049006
9 505953278
9 424514189
9 613954427
9 759437061
9 62481956
9 860924368
9 667800689
9 660247829
9 454729808
9 603526509
9 123694905
9 18785997
9 95098013
9 310822819
9 498109566
9 367206029
9 680294940
9 211380179
9 928633942
9 767200269
9 661812009
9 691743505
9 524285229
9 584931192
9 256785298
9 287613918
9 360045019
9 226283619
9 250449833
9 379207055
9 630501139
9 36205049
9 313677419
9 842136549
9 218433589
9 737577189
9 935322498
9 134408009
9 22383559
9 166552529
9 831662569
9 344662079
9 658861649
9 648261792
9 844143869
9 774224980
9 784839227
9 82068649
9 777993132
9 671918183
9 734070139
9 383786429
9 756836996
9 85034469
9 156920521
9 281297225
9 486009585
9 420807479
9 710439789
9 590286947
9 15749439
9 446151059
9 478032791
9 268732879
9 292696734
9 44295159
9 153001589
9 274638569
9 70288549
9 755870019
9 524766649
9 754439087
9 783533139
9 217969464
9 152295140
9 116904542
9 636163079
9 830385903
9 233512129
9 115835911
9 492152890
9 398614306
9 500496395
9 905733385
9 311985549
9 886458869
9 655611739
9 468814918
9 378673119
9 523542819
9 432481549
9 428347589
9 372993966
9 951205735
9 408097412
9 802141629
9 9022378
9 870018389
9 438346729
9 279770651
9 549164288
9 940127123
9 735095355
9 84030439
9 973584428
9 377233369
9 483690630
9 27954567
9 334872695
9 617755049
9 358602409
9 372456539
9 651153349
9 636377409
9 87019574
9 77126089
9 925584479
9 632586839
9 613321429
9 815384069
9 292541168
9 709047946
9 717863129
9 515532609
9 3720839
9 609353385
9 3497436
9 110085849
9 976161890
9 463936942
9 890933199
9 802950291
9 17577892
9 35481489
9 774493453
9 88740569
9 90846490
9 808369732
9 111259383
9 743001970
9 190055152
9 259570028
9 80274539
9 916002558
9 395040694
9 251402469
9 42682639
9 43161779
9 805153889
9 157319218
9 78907372
9 479432426
9 144910213
9 723107539
9 50140309
9 745965655
9 542349201
9 174942144
9 79963817
9 842789116
9 858679032
9 53475279
9 698892005
9 547922948
9 695295701
9 404772489
9 129939687
9 701849664
9 92321187
9 395812865
9 567607129
9 698352954
9 407646389
9 704046359
9 904138435
9 345839547
9 473760639
9 414841349
9 258521981
9 510153769
9 603169754
9 169968112
9 697629932
9 368075549
9 930388651
9 645560529
9 573444469
9 253086079
9 823330964
9 39536534
9 596931790
9 202136519
9 862289112
9 352339496
9 921751368
9 441343329
9 152218839
9 51255962
9 161128983
9 576107954
9 108074039
9 328564109
9 405460193
9 510572459
9 633660279
9 529376819
9 491492047
9 586366879
9 225273319
9 761219056
9 440879972
9 277989746
9 197322087
9 226240229
9 167251498
9 320117659
9 807970986
9 43781679
9 900829307
9 259108106
9 259230330
9 268863349
9 652477139
9 297748700
9 677926976
9 154389103
9 746543429
9 538491855
9 46846669
9 774105389
9 656097491
9 579445229
9 619927448
9 333345449
9 101115429
9 890421163
9 311865439
9 75799654
9 820089456
9 571396289
9 513483149
9 938035401
9 668290846
9 983262756
9 629067090
9 760733249
9 483115719
9 669900559
9 505855409
9 665758389
9 236115359
9 860726489
9 293882810
9 334294679
9 622879770
9 582506519
9 896522134
9 856227529
9 189586994
9 753399259
9 770991423
9 571370988
9 802712889
9 113273719
9 556142459
9 968998017
9 938902518
9 350541696
9 59474926
9 788090012
9 296971239
9 132023319
9 292724482
9 764156389
9 680260539
9 24461289
9 60778029
9 208157349
9 853272209
9 867321192
9 595727516
9 494839705
9 118312249
9 624955251
9 161543189
9 133071923
9 601546159
9 620858369
9 583753971
9 492097707
9 505545895
9 798664102
9 528774389
9 235531749
9 62476089
9 202357309
9 929019233
9 512583529
9 704789406
9 421560229
9 935609605
9 199787662
9 208754139
9 246191620
9 36424269
9 943677734
9 72581649
9 482162269
9 53560589
9 298469017
9 377242179
9 909131956
9 282213069
9 739429236
9 871919688
9 991396602
9 928008233
9 561429379
9 152472679
9 825764709
9 6138389
9 338028459
9 11907767
9 923461605
9 136725915
9 23049163
9 546806697
9 32803349
9 3124079
9 526123609
9 446773489
9 497344373
9 160786749
9 328250439
9 686273749
9 698383943
9 322224490
9 913811379
9 816313709
9 575251396
9 668919290
9 822756209
9 312804239
9 254909876
9 118167409
9 788720689
9 972632550
9 943227511
9 933885818
9 691081004
9 679948491
9 724024709
9 623669792
9 962584707
9 354133519
9 679927034
9 469275390
9 881972273
9 970612057
9 136108119
9 877811569
9 404624489
9 828023569
9 449808140
9 568167779
9 938679120
9 752749562
9 181422119
9 809338968
9 131592432
9 374335839
9 16542049
9 337718958
9 518040029
9 556397183
9 723073639
9 722044349
9 320280149
9 59377172
9 779928819
9 866145859
9 918609463
9 438671191
9 109565939
9 428074719
9 634790968
9 149961090
9 583645579
9 441194580
9 324508679
9 204576829
9 117615496
9 631971271
9 62162659
9 362928095
9 505753689
9 893717068
9 913961311
9 776186629
9 48784439
9 715200419
9 11620179
9 727928320
9 222434039
9 177410599
9 39619690
9 570573039
9 898648946
9 715078987
9 192430539
9 358329362
9 844868659
9 737109458
9 91034109
9 703222974
9 142903499
9 524484947
9 746925086
9 852792381
9 8384059
9 846536389
9 72172292
9 732595237
9 829616671
9 83716889
9 187805409
9 556434869
9 347971448
9 281024192
9 422348849
9 321606902
9 108769905
9 10535689
9 56564849
9 60909653
9 812672049
9 843877892
9 70901452
9 812083492
9 645868349
9 786627298
9 931616767
9 123786339
9 525180339
9 633415459
9 9344039
9 864530549
9 150352469
9 736249146
9 264789518
9 799794868
9 145239236
9 53512289
9 951484583
9 429689439
9 916955440
9 217360279
9 466765049
9 844691949
9 613243579
9 771463469
9 403993422
9 663578889
9 584273859
9 659798330
9 712855349
9 263940561
9 3621259
9 42986749
9 396369172
9 350539708
9 885627669
9 582356479
9 11662649
9 6171719
9 977176656
9 63151089
9 354410689
9 782303159
9 76124196
9 668566391
9 80137439
9 660726729
9 801182459
9 733704329
9 789955849
9 427170759
9 507234591
9 774616489
9 449374622
9 212276669
9 303250029
9 459321914
9 934947183
9 954190409
9 753906790
9 257217229
9 998128858
9 999429156
9 220877359
9 814818479
9 527211369
9 71426179
9 313167975
9 236369041
9 308854059
9 662256369
9 466170579
9 406894543
9 573537379
9 360499035
9 834910784
9 36195188
9 209906259
9 290956155
9 701535529
9 560575299
9 776517619
9 254597725
9 152470796
9 456264990
9 47990281
9 867454779
9 906723071
9 711215479
9 825069642
9 138985396
9 546078950
9 894224443
9 720572049
9 297540327
9 225505079
9 720461839
9 61643719
9 117672449
9 684249065
9 442563349
9 145493377
9 998500507
9 457520409
9 310679570
9 690048867
9 417504819
9 265035789
9 194229839
9 151603669
9 619534548
9 601494762
9 55722069
9 899776947
9 277869265
9 591171822
9 129106226
9 222854149
9 519816163
9 643062729
9 500251169
9 999265038
9 118895882
9 760603719
9 276961579
9 837761119
9 67999204
9 455430739
9 894548187
9 338662069
9 885918125
9 939267541
9 339875405
9 488392465
9 756329808
9 515152549
9 411313229
9 157978348
9 935347326
9 903648393
9 547254496
9 873586359
9 778260689
9 230955028
9 378759471
9 434936383
9 324381539
9 784017529
9 394502899
9 145310479
9 859754054
9 367311419
9 897387671
9 816895819
9 863580769
9 145785289
9 193336561
9 662412089
9 954615520
9 818926339
9 709849707
9 667737957
9 289320250
9 308146209
9 376447889
9 525929419
9 96561194
9 881253559
9 619170668
9 949985555
9 872414359
9 884167249
9 945086281
9 780834309
9 970839006
9 605094180
9 20811139
9 391908104
9 528367629
9 498854139
9 930247733
9 619935504
9 370095589
9 474404859
9 978820785
9 847669477
9 697171378
9 972434947
9 923458258
9 49021353
9 754065269
9 115571079
9 353897563
9 870311829
9 667406096
9 483735479
9 81759992
9 938976253
9 351763689
9 749058380
9 312991363
9 159520019
9 204520289
9 548642309
9 160430019
9 10027309
9 658096172
9 800644459
9 813653902
9 70899031
9 612542579
9 493183587
9 325633459
9 673672459
9 211373079
9 387880519
9 610405089
9 518004619
9 385946193
9 91154188
9 123231129
9 886068990
9 144265879
9 83785659
9 583157179
9 247437739
9 676884359
9 824807769
9 566975702
9 173959621
9 955998871
9 654232379
9 470107839
9 142814439
9 462102395
9 58883889
9 860577479
9 498244529
9 621129742
9 879557668
9 495670520
9 740875589
9 305338069
9 530705849
9 132426409
9 357798260
9 61687639
9 309787049
9 199118309
9 945754861
9 291104174
9 354993038
9 739806102
9 454108139
9 226297508
9 137787319
9 308453029
9 71059965
9 18706589
9 498602323
9 797166217
9 447312159
9 463403509
9 734795420
9 759444011
9 50802849
9 94597974
9 883829135
9 384291340
9 987949181
9 62343569
9 558284409
9 19388103
9 375154679
9 224919595
9 36216409
9 180561849
9 309718803
9 16333349
9 385715519
9 275911794
9 545351976
9 43776639
9 47288289
9 818821619
9 354381849
9 124459686
9 976110626
9 613405669
9 697923830
9 660813639
9 203036219
9 620517609
9 59584692
9 109773976
9 310908882
9 644933433
9 360780898
9 122416009
9 978873388
9 703105459
9 319136163
9 287205759
9 899122994
9 701923791
9 560398580
9 835099511
9 499809378
9 471988970
9 728796925
9 466339692
9 165805819
9 393301628
9 248524962
9 477970320
9 378730598
9 567437689
9 628427109
9 901126855
9 678378209
9 345602239
9 693288115
9 532471609
9 531564939
9 25626169
9 919473240
9 30391690
9 166935281
9 675137609
9 463530479
9 350285449
9 285591084
9 517740907
9 945168275
9 242070729
9 433783479
9 353967161
9 263136339
9 586604095
9 392969367
9 872019740
9 950785538
9 817855189
9 585951532
9 202839035
9 917798753
9 135170890
9 782334739
9 719469596
9 235268329
9 778034992
9 206804039
9 480523946
9 837372519
9 909451083
9 250234839
9 489408514
9 295316136
9 700933180
9 338647109
9 786392243
9 43596612
9 507813189
9 625609648
9 380868709
9 11304389
9 875885819
9 158261349
9 210979925
9 28241009
9 838146189
9 950702220
9 706883996
9 251090903
9 432742119
9 2415709
9 704536991
9 989162851
9 221266819
9 606580639
9 445915569
9 209044564
9 64586599
9 908811275
9 141116509
9 502350659
9 467218809
9 245639609
9 932429370
9 835540009
9 882048559
9 176171309
9 380166019
9 998163780
9 737388449
9 666882696
9 572385549
9 238144093
9 872092264
9 539484674
9 167319641
9 369454729
9 582289427
9 882397426
9 723883479
9 957964586
9 833435349
9 552079110
9 172944846
9 898595338
9 986050458
9 311306159
9 738594936
9 317178549
9 515575269
9 509884177
9 849793364
9 592424870
9 457740019
9 979197464
9 232226619
9 10544539
9 535188994
9 491838304
9 493002096
9 698613508
9 303496079
9 57406197
9 849860220
9 672358479
9 291345438
9 763009551
9 655559626
9 11962211
9 238579054
9 493965774
9 229772498
