9 138227879
9 150406739
9 25748096
9 29688026
9 283320690
9 333461829
9 747584962
9 114708094
9 405010029
9 6317279
9 245192887
9 15643977
9 516225639
9 457304829
9 190639031
9 299255474
9 591061696
9 933915972
9 783500193
9 760115119
9 942861496
9 125828689
9 89758479
9 233224849
9 868908527
9 626650079
9 965725554
9 443721698
9 760678359
9 46011189
9 383224269
9 865908163
9 741902140
9 36413159
9 592612932
9 569692855
9 311777849
9 119150121
9 42330459
9 602101009
9 811929568
9 752034419
9 288580679
9 87043594
9 943867929
9 214969008
9 304948788
9 219896491
9 911469313
9 778092721
9 718476549
9 624537769
9 760693682
9 212179177
9 416596579
9 569141557
9 314915480
9 282085519
9 137877391
9 364470729
9 663926732
9 493525444
9 308704559
9 416857319
9 455579163
9 148770609
9 526203129
9 911115523
9 764032209
9 914822561
9 803299244
9 732071619
9 636099347
9 929974355
9 520673849
9 604986295
9 922867121
9 672554469
9 424379567
9 462861329
9 687296559
9 334305903
9 782922036
9 25834489
9 610866759
9 726665398
9 32684269
9 787015329
9 278021429
9 686033429
9 689815298
9 395707540
9 938297857
9 524200889
9 312410936
9 323010918
9 625653539
9 884455593
9 150986242
9 689739367
9 761862829
9 538974476
9 785961082
9 135085859
9 812322469
9 142745339
9 391945775
9 596087594
9 185725869
9 513487719
9 502174219
9 117466469
9 769917134
9 941033753
9 159228719
9 359708093
9 627701439
9 777661829
9 501896038
9 844066029
9 507906756
9 403524309
9 807528498
9 885059240
9 71809750
9 403670159
9 338661749
9 259770188
9 705508139
9 793572658
9 783809282
9 601039412
9 129413006
9 769598710
9 146936071
9 535557692
9 161697602
9 204457659
9 993663701
9 717602209
9 272109225
9 767194549
9 300136194
9 953367969
9 67447349
9 329208710
9 721449638
9 890681802
9 410771519
9 775667129
9 458362297
9 943977648
9 800811359
9 941022741
9 629895836
9 948464679
9 137364269
9 826108769
9 399460696
9 938089976
9 777625719
9 612320709
9 680791633
9 103819503
9 385226159
9 599399743
9 760579756
9 739834568
9 603992270
9 462128639
9 189278839
9 60615189
9 965724498
9 991698004
9 42426469
9 680554839
9 957026622
9 252749523
9 94684417
9 450868987
9 447837339
9 649231164
9 755872189
9 18944803
9 174818719
9 56005879
9 399069294
9 902989360
9 946095908
9 998112048
9 716042729
9 239292772
9 811161369
9 87876889
9 408697005
9 255974757
9 548557459
9 760524819
9 738223639
9 968604698
9 750506269
9 711843994
9 628017049
9 903351192
9 75001509
9 475404539
9 990073557
9 591422923
9 210757239
9 105897204
9 534042309
9 280669593
9 436097234
9 162627489
9 824255819
9 395434457
9 200655239
9 450672589
9 848216709
9 859979063
9 580251489
9 665000749
9 153174849
9 542175169
9 763264639
9 226518089
9 315485749
9 761591533
9 860809925
9 323010309
9 381068209
9 564746319
9 636272159
9 81154429
9 174131129
9 641140689
9 422777279
9 626127269
9 990342728
9 937869407
9 678557389
9 537565709
9 632976047
9 274891999
9 394247876
9 163486039
9 401537769
9 412764519
9 801226791
9 527634389
9 694257678
9 307330398
9 674430459
9 344953321
9 166035879
9 601149021
9 38841159
9 169654048
9 624800639
9 252537194
9 232746429
9 995646854
9 379300530
9 169072832
9 588754249
9 839554676
9 678027059
9 823281955
9 907685601
9 55780119
9 36407849
9 239623231
9 611313980
9 589144045
9 540757569
9 575158029
9 605592260
9 238966642
9 668770908
9 144738119
9 742366692
9 865328029
9 502714709
9 87130389
9 132610429
9 292744451
9 656808069
9 557825229
9 446307439
9 257693747
9 928573770
9 687744169
9 647985202
9 601918385
9 349819980
9 682631279
9 662028089
9 557091880
9 274426692
9 634555219
9 85513709
9 350588489
9 733429632
9 657116439
9 370312589
9 389499627
9 80271059
9 633340919
9 639976537
9 697555849
9 820926556
9 212593716
9 696584803
9 64780297
9 304530729
9 630507986
9 739500380
9 749166182
9 479955347
9 461825089
9 47029246
9 293424335
9 756760829
9 157504049
9 244149646
9 367533209
9 315773819
9 762781590
9 991366782
9 506052859
9 168712719
9 977382803
9 211878319
9 243092372
9 434682449
9 593268433
9 618228019
9 327562948
9 565846039
9 980302688
9 614877089
9 858245893
9 543382915
9 714090094
9 505221169
9 739396402
9 663856559
9 770667779
9 120578809
9 814701159
9 836539111
9 18058899
9 83730229
9 47656689
9 171291910
9 576756479
9 205211819
9 206483629
9 650062529
9 699192039
9 148457389
9 296393151
9 995167421
9 561418890
9 326651669
9 662658279
9 899871959
9 948647100
9 231493066
9 62917450
9 734567549
9 840151009
9 705220829
9 491062219
9 670477209
9 124800498
9 283818509
9 803515069
9 835701659
9 818912620
9 39946096
9 745094601
9 281979534
9 847268349
9 615569549
9 640763598
9 305369734
9 664296696
9 429387029
9 730360295
9 620027159
9 398319318
9 85541279
9 610373279
9 147918626
9 856407609
9 518169174
9 68905171
9 126232259
9 91879444
9 731278259
9 73592007
9 559605519
9 221699030
9 755852609
9 208387529
9 805556139
9 721010259
9 696300945
9 929798014
9 815648839
9 806841339
9 524521729
9 383161719
9 191075538
9 54489893
9 439879117
9 733096529
9 613377169
9 853166159
9 39185766
9 626488439
9 713976840
9 787689722
9 186475419
9 790595362
9 481618729
9 981711479
9 629145923
9 722790515
9 58122449
9 817061439
9 688914323
9 281046569
9 260618209
9 652617598
9 747064269
9 969148726
9 277375059
9 978224814
9 565732349
9 870435529
9 899098968
9 988326095
9 619911794
9 507302349
9 592545347
9 215230989
9 376100479
9 630812609
9 952333676
9 483246349
9 503583981
9 692574895
9 873047579
9 858226619
9 916058050
9 820809977
9 359666076
9 55448219
9 123373289
9 168107109
9 965282607
9 304179060
9 816689070
9 218992190
9 747306695
9 51886069
9 941832895
9 26986431
9 229397961
9 453587349
9 742318609
9 640061849
9 270958274
9 146648279
9 259529038
9 88822429
9 668751957
9 427298693
9 10212759
9 320463069
9 562567239
9 883167169
9 181104579
9 76565009
9 450767769
9 712999522
9 169845692
9 296102354
9 342653391
9 408468279
9 769674689
9 342119361
9 314191995
9 202375890
9 334841539
9 396860612
9 11914454
9 605303259
9 270600459
9 675368209
9 284812079
9 128639694
9 383710296
9 654405279
9 688172129
9 310553679
9 895017490
9 118892217
9 662291160
9 697362603
9 820682819
9 774383429
9 901664033
9 396299213
9 877610349
9 953162446
9 210373952
9 96479748
9 272363389
9 453620709
9 2145589
9 533875809
9 328879534
9 273222889
9 209464536
9 718035912
9 187033039
9 318269628
9 654034980
9 968661439
9 443973795
9 133059689
9 936717268
9 549639410
9 633780679
9 776009126
9 839754749
9 821210279
9 819415442
9 172648119
9 311573659
9 967904030
9 512587679
9 683435149
9 620114539
9 719252161
9 85652089
9 856755859
9 963698171
9 918123124
9 619421413
9 841475976
9 29296780
9 590582780
9 316778079
9 247870429
9 911649148
9 467927120
9 763707694
9 363431229
9 872282389
9 632966822
9 489687786
9 137304139
9 692305155
9 651437809
9 6912549
9 715932618
9 851318379
9 173011389
9 88922350
9 561841049
9 451351950
9 526621391
9 977673380
9 493836379
9 462946896
9 190189807
9 134370389
9 482413049
9 286300529
9 297504157
9 641741639
9 220761139
9 257249102
9 671304789
9 746482189
9 211174609
9 945189327
9 459660974
9 761665609
9 510150779
9 415809772
9 399276681
9 589098314
9 324193469
9 709190297
9 299073043
9 631685749
9 948146806
9 113075219
9 698385798
9 434464569
9 808239382
9 672060539
9 484876879
9 101314869
9 648932035
9 832530479
9 555270095
9 471211649
9 38784496
9 995431914
9 495695693
9 136636569
9 884156769
9 368819105
9 582795028
9 432154096
9 857568369
9 295968001
9 157390303
9 777463759
9 595383821
9 85945967
9 302475209
9 786543259
9 163074119
9 1491102
9 340482669
9 615475759
9 943787510
9 751054629
9 841025739
9 730060159
9 877645279
9 31369360
9 223946226
9 528840059
9 450034689
9 16447349
9 891005119
9 922433668
9 783689181
9 739720633
9 330852409
9 495758552
9 347613009
9 379872338
9 334700329
9 440593888
9 360364009
9 161597003
9 129199359
9 360388639
9 52481489
9 784202339
9 234332389
9 589689293
9 547864489
9 583773689
9 504328609
9 550604089
9 127633419
9 66317319
9 540250952
9 881735869
9 805483292
9 859970116
9 556875409
9 995945659
9 648012529
9 85005389
9 546373509
9 6534829
9 568547479
9 137719757
9 462701889
9 629370447
9 256944759
9 651400509
9 182908127
9 396683998
9 511599569
9 598667185
9 928994823
9 560986866
9 621420259
9 580832549
9 657385169
9 816810669
9 512172479
9 82292878
9 315313749
9 933308565
9 798251687
9 168363229
9 135112629
9 7663739
9 140176759
9 754438509
9 17237968
9 737064569
9 91430308
9 717670539
9 291595243
9 610650923
9 843605739
9 453259755
9 626720429
9 665976272
9 518952745
9 228841449
9 860733439
9 550517916
9 729635645
9 973070073
9 756472659
9 219708244
9 221932470
9 559051558
9 632077589
9 291319797
9 692073982
9 488009133
9 388363629
9 147768790
9 839462624
9 43938008
9 518471629
9 176986536
9 389207625
9 368705169
9 325113249
9 937904938
9 282216029
9 983356384
9 285349230
9 318742396
9 637184259
9 65378279
9 811376309
9 392839552
9 995936490
9 320570209
9 956328276
9 275394951
9 807382789
9 126108219
9 165680699
9 331980087
9 710148891
9 843344659
9 893668399
9 914744193
9 437564269
9 243201419
9 770344569
9 313783509
9 518214679
9 591995263
9 793198775
9 9071813
9 734917908
9 665049868
9 235265719
9 521318079
9 578222209
9 433685339
9 509095940
9 830573419
9 641252679
9 320624869
9 362869148
9 645033889
9 780379720
9 258373749
9 82587839
9 466983997
9 688168459
9 92256757
9 677773029
9 948158558
9 164353839
9 580080539
9 963234044
9 248153039
9 42548859
9 956744158
9 47792002
9 425890825
9 97415685
9 758735119
9 319052321
9 273841859
9 865330119
9 357574749
9 508629975
9 203075869
9 835476359
9 375579623
9 419165182
9 723574129
9 436778019
9 956032401
9 820124119
9 990723769
9 919097476
9 258776289
9 101547359
9 100009
9 584923586
9 883050039
9 910667712
9 911924023
9 482256009
9 975903342
9 650746339
9 109571407
9 55523209
9 425573259
9 389118564
9 824646669
9 79647713
9 586865393
9 498621040
9 143429009
9 456638849
9 467900582
9 113311940
9 724124079
9 753907213
9 418120669
9 303768789
9 654209731
9 598362370
9 693906024
9 473185988
9 48888429
9 351424559
9 256309910
9 784840009
9 960801658
9 240633649
9 511264159
9 980414178
9 262710849
9 217382789
9 402855449
9 757813389
9 364596586
9 399013545
9 761137956
9 917614011
9 405727389
9 839844877
9 304048969
9 873183529
9 999079499
9 369278913
9 716705769
9 274780539
9 512955307
9 50287689
9 606371109
9 521782249
9 669298805
9 837509224
9 340040509
9 563235369
9 838341059
9 250768329
9 835270719
9 111913747
9 671305094
9 750629218
9 848660977
9 348633229
9 43935675
9 798524583
9 96381630
9 907090805
9 902104862
9 661698483
9 457127389
9 203844509
9 27769637
9 214151589
9 853809595
9 491481620
9 732727779
9 931117208
9 243364069
9 976042544
9 287950665
9 910674083
9 798345254
9 477112029
9 995909331
9 751767549
9 840012950
9 222059653
9 439280871
9 384389710
9 898787300
9 664979586
9 602166549
9 177614569
9 4142009
9 480643839
9 454822489
9 129309321
9 201402309
9 644581569
9 616602479
9 287487559
9 353775982
9 225708709
9 48296520
9 899649933
9 217013259
9 699317343
9 438563309
9 274881529
9 473156947
9 26048039
9 131676839
9 564693722
9 801354279
9 358956053
9 632691793
9 241923443
9 908868430
9 140181609
9 91872201
9 612576229
9 390019597
9 863039959
9 588874869
9 854219505
9 603174969
9 13562239
9 838488976
9 61218069
9 496897804
9 414587519
9 543453894
9 95870068
9 274355149
9 826612029
9 114624219
9 593205897
9 32044893
9 665073494
9 677594334
9 522889198
9 748832529
9 178899341
9 886729655
9 456033849
9 864274739
9 505508119
9 310400739
9 126745119
9 275293267
9 287277139
9 706733369
9 680862609
9 761482029
9 43588689
9 288711139
9 911630676
9 295376396
9 818141229
9 737482912
9 787522893
9 686371039
9 531534289
9 323650369
9 950203273
9 817167984
9 368463019
9 112334709
9 807165497
9 583887829
9 571902420
9 927313721
9 484174709
9 807520598
9 867732279
9 266999364
9 341135109
9 421439775
9 102886839
9 720162089
9 422509899
9 883191732
9 980920923
9 414833269
9 489597635
9 622199939
9 165762549
9 37887849
9 262019937
9 974849379
9 853456369
9 197007712
9 516784391
9 808717249
9 902453297
9 15748059
9 734314729
9 255139814
9 362560419
9 304260339
9 817926365
9 171966738
9 532462964
9 80809567
9 514579879
9 671902252
9 896238431
9 152092812
9 359785385
9 364946928
9 348766948
9 752507269
9 973678783
9 963083895
9 705093357
9 290827150
9 65352859
9 655803039
9 793974094
9 952731683
9 512586239
9 987087850
9 211030009
9 140164089
9 215269586
9 167582029
9 90513702
9 999150591
9 689252457
9 253160973
9 437089719
9 281377189
9 16713419
9 539223267
9 704259737
9 916903078
9 541563429
9 534568952
9 439909359
9 956732367
9 233460993
9 507285139
9 612493615
9 388000908
9 174714329
9 27756709
9 788536329
9 673268649
9 545247369
9 594198073
9 105805979
9 160558689
9 848164769
9 217608359
9 340134219
9 725972599
9 951427136
9 609228958
9 695403450
9 487999941
9 443897732
9 360345798
9 182817709
9 508927982
9 869479373
9 113510915
9 767433894
9 284151191
9 58934933
9 882894972
9 745562980
9 449503377
9 747937684
9 702857239
9 858033159
9 316198438
9 918025701
9 994071365
9 570169372
9 452856090
9 456838469
9 82552980
9 109932187
9 130258519
9 200647649
9 385641749
9 723443529
9 302439580
9 468615898
9 888894957
9 877291586
9 672420289
9 287283169
9 229689028
9 224395694
9 466293678
9 367441339
9 735101289
9 879542885
9 310843229
9 203349496
9 777538269
9 835557589
9 497889285
9 291728906
9 755461219
9 818991151
9 958444438
9 730863900
9 477598763
9 838566019
9 410732509
9 154218952
9 790148055
9 649732528
9 374172809
9 40418339
9 254492303
9 258264669
9 866323829
9 820711869
9 55976165
9 425672978
9 894454998
9 396995752
9 352397374
9 223340329
9 885582898
9 94108188
9 675782609
9 36336492
9 616525983
9 673946408
9 898351011
9 919063024
9 168552719
9 39208622
9 481425579
9 230202849
9 209629849
9 794420415
9 226355059
9 591245921
9 172600259
9 280335079
9 263417943
9 493334547
9 612043985
9 797279003
9 292337698
9 208612977
9 752228439
9 528556239
9 546936067
9 718682579
9 508006139
9 259816529
9 385917074
9 537033619
9 315774309
9 937572014
9 1000009
9 790226673
9 1000009
9 674670319
9 224167039
9 183048049
9 38244779
9 458371639
9 135720379
9 611562629
9 592030783
9 140167926
9 882038799
9 814435139
9 127481789
9 448712419
9 808933966
9 332017359
9 124348759
9 768704977
9 604718869
9 127569717
9 475504398
9 205000907
9 431523941
9 933092641
9 151725659
9 527796844
9 381239917
9 98750723
9 431317149
9 639416882
9 474831279
9 737366829
9 414207209
9 302568579
9 138477395
9 367906205
9 665537449
9 25318849
9 890463785
9 637833981
9 496499829
9 430854159
9 458754049
9 232639558
9 6452279
9 305075089
9 46759071
9 648683689
9 160207579
9 486776619
9 425595577
9 103145309
9 830604519
9 542142309
9 513087629
9 256224549
9 893907444
9 540406139
9 970140187
9 745206934
9 400219616
9 876526109
9 193466648
9 461018309
9 266345759
9 521613549
9 234249484
9 385520059
9 768268839
9 75641329
9 241530649
9 861374259
9 907147924
9 833289477
9 305222719
9 773932990
9 701176479
9 795067087
9 171483269
9 393389064
9 409101246
9 42745922
9 514960716
9 419677231
9 961969900
9 608573779
9 307992141
9 366760902
9 987777634
9 876665269
9 547727985
9 716457869
9 972386953
9 563265309
9 547076379
9 893766482
9 493676780
9 36624459
9 957748669
9 63483879
9 768303209
9 871250879
9 508612229
9 377708839
9 793230253
9 760238329
9 369001473
9 773374719
9 114365689
9 104535379
9 700161669
9 672461819
9 573210259
9 110745609
9 848070439
9 427844329
9 753925229
9 567625059
9 234259649
9 419532704
9 817089392
9 758950515
9 685854459
9 526239247
9 643877019
9 892932962
9 398527130
9 581598213
9 655099313
9 599112142
9 1121309
9 685305679
9 968785763
9 220376569
9 97582993
9 878787049
9 151691215
9 230868659
9 22216859
9 423197375
9 610212279
9 233510379
9 673785519
9 713280859
9 924922481
9 197106212
9 327788492
9 766944756
9 714757950
9 649207378
9 265498478
9 850620649
9 527118494
9 240692958
9 608427489
9 79537099
9 23293629
9 469414954
9 238194989
9 712719374
9 463125549
9 746770239
9 409213939
9 549013730
9 905391825
9 827464679
9 529930965
9 945346666
9 10391599
9 306765519
9 972217717
9 956578597
9 254763349
9 848144219
9 892219833
9 623185609
9 987523736
9 535408907
9 262196498
9 646513197
9 217883429
9 574827069
9 135898736
9 607775589
9 494474123
9 628652549
9 984007704
9 428463419
9 132235869
9 411146529
9 329343807
9 973679376
9 96139826
9 502548479
9 10867889
9 68313690
9 773771196
9 801579808
9 415506239
9 113994355
9 190589813
9 912905962
9 830437469
9 94985675
9 170569686
9 730653449
9 318649792
9 94729757
9 103231519
9 537972567
9 910682668
9 48757296
9 935596783
9 70981622
9 402011589
9 599715917
9 555841669
9 988117375
9 760424429
9 711426349
9 233763749
9 925505252
9 837821329
9 332778439
9 670395341
9 300403469
9 619901939
9 695969938
9 349389330
9 892383739
9 660164789
9 700871519
9 880532439
9 529052619
9 165836309
9 142269909
9 869397778
9 102767339
9 423775093
9 698691041
9 323384829
9 519488325
9 285503429
9 751904750
9 810940218
9 252461290
9 380318309
9 945248386
9 369512882
9 160740489
9 870946524
9 72340889
9 860778739
9 278633299
9 706148393
9 522271749
9 583670194
9 2073059
9 958013802
9 513253994
9 125941375
9 330743079
9 642949287
9 93190298
9 637893560
9 762792243
9 71797256
9 408725975
9 764053979
9 100969159
9 554942164
9 522883379
9 289138670
9 416577459
9 12215495
9 205160439
9 788127869
9 972526879
9 667316089
9 126512489
9 985551556
9 805828439
9 659869028
9 100000009
9 542022319
9 60762916
9 773667579
9 677435649
9 323728289
9 221928321
9 445420429
9 555971885
9 7151964
9 692505359
9 552489058
9 558937619
9 317210937
9 590924397
9 538984433
9 727599533
9 941983776
9 687891620
9 246652089
9 607907350
9 8056249
9 657966915
9 788059007
9 820921085
9 183963904
9 110255849
9 816401991
9 113458849
9 228260159
9 844214529
9 565471529
9 445940678
9 178784739
9 664655349
9 320894046
9 758933820
9 328934335
9 167205119
9 59428569
9 278952032
9 571282079
9 806908395
9 785276109
9 493906115
9 198371431
9 724528379
9 704897400
9 515859455
9 451805639
9 416223059
9 799221997
9 853843389
9 783479551
9 814291045
9 640964145
9 681448439
9 544042597
9 788868339
9 52955832
9 470993899
9 955523397
9 531371379
9 694156506
9 937458722
9 72005529
9 383545939
9 595870485
9 147381397
9 291443905
9 829526687
9 687544849
9 291151511
9 254056449
9 121179770
9 733981532
9 432154069
9 434481639
9 826055269
9 975045372
9 499882457
9 257143559
9 680869513
9 496434711
9 2817529
9 652780849
9 776902859
9 122533289
9 675485649
9 966906712
9 332754539
9 948033932
9 270626419
9 576581309
9 447782569
9 793408213
9 776776933
9 257229303
9 441288859
9 957700292
9 907879850
9 122310569
9 514353591
9 381481948
9 218923873
9 168614169
9 753837491
9 653759662
9 615188719
9 95393135
9 463143329
9 75250196
9 917256359
9 861489961
9 911276700
9 591825447
9 173832269
9 383976049
9 507155829
9 367061189
9 708519726
9 605559418
9 875134839
9 348060189
9 449506908
9 634664689
9 924774716
9 412151192
9 147634859
9 198413107
9 645365059
9 531340409
9 859196401
9 903262888
9 816328639
9 534792303
9 150762897
9 579244017
9 825215289
9 447321389
9 125134179
9 271253931
9 487102779
9 857238961
9 600057469
9 5342289
9 246588759
9 569429240
9 352154479
9 334163549
9 621252309
9 209036994
9 798162661
9 367351449
9 980804471
9 370511749
9 36633379
9 857711849
9 175351449
9 695169271
9 745555956
9 970588811
9 350055739
9 726710039
9 608836509
9 944407607
9 309604571
9 599466507
9 392491749
9 53928562
9 545609266
9 318382649
9 451420659
9 963486666
9 324818289
9 139774987
9 248055539
9 550370809
9 584271249
9 150823792
9 513740219
9 22707879
9 848961605
9 543213729
9 751837985
9 545608839
9 591403666
9 856015019
9 935852406
9 893817935
9 702762829
9 557667869
9 745604489
9 722594986
9 478362229
9 582388459
9 274914295
9 434832629
9 469072180
9 866223329
9 974457622
9 717721239
9 592476868
9 344938609
9 607009692
9 440623489
9 179238344
9 684620379
9 83457469
9 565924189
9 341544259
9 792365493
9 568354539
9 71696612
9 385028759
9 729393735
9 944685058
9 645330169
9 834290089
9 111091773
9 538532839
9 105048549
9 412127549
9 778804369
9 309140931
9 659356512
9 445530569
9 360817389
9 304704009
9 569571963
9 272037479
9 115094743
9 514398199
9 106798580
9 730131449
9 773050169
9 744943894
9 943428950
9 41999138
9 565728509
9 71223209
9 224668579
9 731861349
9 732447359
9 116477389
9 237163093
9 16047089
9 456418209
9 421889757
9 473421539
9 200603859
9 331645149
9 678686229
9 196585672
9 394382998
9 582822659
9 410589570
9 936890121
9 249862690
9 691155818
9 730492112
9 770701294
9 863996022
9 532332069
9 10000009
9 471609621
9 199640456
9 548709929
9 161456189
9 910282733
9 805043359
9 903892186
9 919045348
9 107741779
9 434881592
9 276048489
9 972600546
9 481478696
9 66573915
9 826596677
9 71709189
9 981709253
9 159142323
9 892757236
9 409097514
9 653421869
9 827291379
9 788898478
9 745520619
9 346908930
9 956972113
9 476863119
9 578135459
9 736690994
9 130758639
9 409236575
9 397266070
9 656672192
9 480784897
9 63865269
9 225144936
9 212865309
9 43219544
9 704072509
9 776832749
9 187355869
9 231438609
9 626032149
9 303004593
9 990772403
9 103169589
9 731075596
9 549882081
9 721177179
9 936434328
9 393721284
9 160684449
9 485037978
9 745779425
9 208387893
9 834251129
9 380477259
9 305427294
9 722237569
9 609243250
9 938950170
9 81007749
9 829035928
9 558296285
9 470629908
9 488065259
9 262713679
9 763789164
9 839210390
9 376092053
9 901199070
9 497766558
9 135647129
9 138416869
9 253021249
9 773676289
9 282987636
9 488324912
9 781356629
9 789929643
9 77109651
9 290018732
9 583145629
9 191422185
9 403054409
9 820757179
9 602081229
9 110870309
9 997086231
9 527200449
9 384468039
9 70899251
9 379997972
9 840742079
9 56860159
9 530457976
9 898183262
9 786172349
9 162242359
9 262880749
9 203961674
9 695739784
9 117939098
9 889008006
9 723763549
9 183146079
9 632877169
9 135000279
9 866884219
9 852105159
9 208822419
9 303583109
9 459117025
9 860084119
9 475482229
9 137398008
9 166700926
9 71639609
9 523768179
9 202948886
9 296692009
9 177274829
9 587516759
9 768040579
9 558161944
9 22466759
9 693730678
9 279518637
9 651145895
9 240504759
9 235058279
9 454049124
9 13023749
9 662500499
9 12895603
9 538197536
9 244038695
9 233205069
9 447296498
9 407106149
9 526305429
9 785136189
9 285447769
9 224217910
9 808411679
9 770574309
9 396611159
9 600709921
9 775898895
9 365934104
9 361362109
9 412349266
9 651816809
9 265983135
9 54099411
9 56927142
9 136913557
9 422258859
9 607297335
9 196941545
9 59045406
9 311162319
9 459636243
9 20873949
9 119720072
9 145887889
9 660318779
9 972142124
9 898290146
9 643482169
9 744175189
9 36264960
9 188329696
9 673761449
9 868563709
9 65065709
9 663387089
9 672056269
9 77935597
9 673159720
9 472952240
9 186959737
9 772832439
9 239208103
9 61908711
9 857485197
9 670002679
9 340485249
9 724788049
9 445829417
9 777106009
9 849174677
9 632984589
9 225920975
9 481149664
9 975834372
9 633279602
9 155776359
9 318878749
9 200895444
9 46773009
9 204806991
9 389167045
9 812379143
9 347310609
9 244810963
9 365099991
9 924690267
9 18205974
9 975964640
9 457979689
9 720977307
9 882124829
9 107286419
9 494902639
9 932338373
9 331084339
9 903296864
9 393562218
9 124082339
9 436056829
9 637829648
9 292906647
9 292985714
9 658467829
9 635166079
9 522639135
9 801867159
9 124758689
9 502830199
9 43020901
9 877117569
9 793813352
9 472995579
9 846714279
9 490378950
9 516128589
9 518511069
9 412557399
9 843522694
9 341527339
9 345202943
9 966178601
9 234022759
9 756563936
9 713730669
9 797033939
9 919024315
9 539012582
9 576972534
9 347114709
9 758367449
9 864916114
9 462005279
9 148823893
9 648423079
9 262393609
9 254003952
9 958481820
9 487676749
9 292850033
9 885023759
9 16453639
9 772359439
9 231955966
9 90954752
9 703208829
9 361320369
9 401089719
9 658823709
9 627588289
9 21185609
9 548386269
9 296512274
9 47407439
9 737902852
9 601529244
9 285622409
9 931170915
9 999393613
9 801450049
9 358139
9 548841906
9 108582398
9 919277427
9 123571179
9 268724149
9 778799932
9 304058692
9 418844489
9 516484039
9 903281941
9 710773019
9 163217697
9 981637866
9 498108230
9 675428649
9 179821297
9 657525992
9 139363360
9 369629417
9 537036960
9 797431980
9 359352130
9 838607986
9 390349265
9 834335609
9 687042986
9 166714933
9 50032269
9 693636368
9 716317689
9 381958423
9 488833897
9 801288169
9 634511794
9 479108357
9 767802589
9 623011679
9 607845569
9 775006459
9 640953258
9 790455599
9 248858259
9 382176169
9 835278779
9 651994193
9 545956587
9 965039244
9 128413569
9 75680049
9 672785879
9 15361839
9 648109528
9 909458666
9 948696705
9 926496919
9 924660846
9 181863349
9 906553446
9 808554849
9 671914372
9 385261729
9 85700890
9 23303954
9 775242379
9 833752489
9 493267073
9 474414729
9 78843089
9 878555869
9 365033729
9 267634229
9 254118049
9 707453149
9 720754819
9 583458279
9 350520509
9 898899123
9 585337957
9 128911791
9 668961112
9 223846049
9 962257857
9 750336669
9 612037289
9 75285259
9 666955372
9 705690049
9 611210159
9 213006819
9 154653459
9 461132930
9 501995458
9 536795493
9 47901774
9 369091067
9 848165629
9 275434193
9 348055699
9 27688529
9 438094903
9 839528517
9 794444750
9 96842588
9 32055479
9 197547251
9 147829109
9 396214221
9 185093318
9 560939123
9 601168739
9 845087119
9 849983995
9 461224119
9 705892078
9 951475702
9 945560161
9 846076759
9 67711719
9 889397851
9 233352809
9 417633229
9 224573279
9 705476049
9 417698627
9 893832043
9 812791404
9 906234602
9 333289526
9 7530908
9 809349039
9 624885915
9 561756109
9 395428357
9 87781739
9 230947014
9 685695655
9 862794491
9 236360169
9 802443769
9 431111719
9 755471009
9 735499184
9 537971600
9 339370139
9 966096269
9 269871491
9 314051089
9 376712279
9 467531269
9 207274951
9 729505257
9 297474788
9 460736930
9 232649750
9 912505134
9 549109204
9 676892571
9 952923831
9 974527821
9 232709013
9 709788188
9 230875139
9 142583039
9 448000619
9 50340609
9 291784173
9 797151639
9 983727096
9 49436757
9 49262205
9 783177319
9 612223906
9 106383891
9 584557987
9 664660519
9 500416729
9 567218709
9 781362389
9 671812289
9 311749317
9 254737769
9 565129037
9 140540659
9 327511639
9 958572637
9 494158006
9 497776902
9 514825309
9 207356239
9 177078589
9 636671949
9 380928504
9 848573689
9 951625110
9 86027889
9 526877569
9 469269248
9 17021459
9 529887273
9 273404709
9 62388239
9 520014349
9 206587149
9 834458949
9 405579227
9 814450129
9 662943063
9 521128419
9 921869912
9 403304519
9 847004009
9 215779650
9 427653489
9 401081379
9 762249067
9 363162219
9 44949642
9 560213159
9 952028526
9 161386149
9 802336659
9 280090958
9 392282887
9 506505319
9 449176318
9 801629757
9 435769608
9 332888951
9 527323549
9 284889261
9 365981165
9 135419439
9 541588629
9 779140161
9 220755019
9 36477419
9 415306389
9 506361976
9 738841790
9 575719791
9 208195146
9 574802339
9 405776629
9 624456729
9 343123729
9 932640657
9 636414194
9 510534569
9 942078967
9 210009232
9 316874559
9 349324367
9 96995331
9 559864733
9 272000794
9 523096997
9 78524119
9 507382049
9 111034419
9 125847179
9 675467669
9 555601809
9 735550619
9 610009550
9 882887409
9 795344902
9 123445189
9 649935940
9 65039812
9 402247639
9 984712914
9 235259937
9 956536500
9 830072069
9 220587109
9 713821986
9 115078639
9 455697964
9 687910593
9 425765219
9 86770908
9 183099098
9 914625566
9 881606509
9 456771229
9 945722814
9 516766559
9 410274789
9 690535132
9 251353339
9 351010290
9 533640921
9 4627696
9 930480055
9 955073353
9 953936690
9 463973208
9 987297679
9 863692667
9 811596072
9 364721689
9 594249610
9 522764629
9 490034314
9 524638394
9 59958214
9 316917294
9 999059346
9 67776918
9 701797712
9 365187649
9 861042964
9 254219916
9 924041173
9 706016496
9 397108198
9 800654799
9 310638739
9 38853489
9 627321229
9 721583879
9 886644796
9 531813149
9 904400060
9 542928844
9 394601710
9 225526059
9 277361639
9 148109210
9 603795429
9 866408099
9 857449954
9 666730729
9 753565339
9 801945465
9 956398522
9 397072986
9 658632596
9 251372629
9 805839133
9 762751359
9 691983953
9 147782439
9 242306349
9 97177232
9 313117579
9 262440419
9 757445459
9 534094098
9 205812069
9 865526289
9 331948036
9 945158316
9 253900906
9 60044389
9 331525739
9 374989824
9 684338699
9 900636530
9 19891673
9 3556719
9 270813139
9 644880169
9 669007958
9 161738319
9 313879759
9 965451116
9 56431569
9 4091056
9 716268319
9 960504320
9 197491817
9 78705129
9 438068069
9 419305485
9 174183629
9 939371396
9 370010129
9 446327119
9 701443879
9 641023079
9 719080309
9 307683229
9 222475609
9 98324289
9 884190561
9 218164649
9 561866869
9 257321279
9 780916311
9 595456736
9 826188789
9 936306867
9 969554967
9 788205769
9 833844759
9 834917012
9 554419282
9 979193053
9 349176626
9 481805019
9 379530780
9 306892291
9 177751694
9 10558039
9 676365569
9 97526873
9 497484669
9 678093105
9 181915465
9 65825889
9 628257089
9 911855948
9 540152409
9 135992547
9 618438419
9 455029050
9 483373539
9 469546854
9 698868183
9 468349463
9 912056433
9 822869187
9 673408689
9 331331329
9 568171942
9 754241549
9 75743509
9 379801382
9 873001709
9 811500379
9 341338952
9 759462843
9 853232879
9 292395330
9 860076539
9 625478947
9 474106089
9 631672709
9 815109367
9 5752479
9 143275169
9 113242696
9 639308922
9 508272693
9 605310519
9 758023239
9 625028793
9 82353329
9 124569724
9 821710609
9 379648294
9 177758329
9 139687098
9 632865239
9 828720769
9 438499529
9 141669379
9 1798505
9 176919310
9 901938341
9 251035239
9 149517986
9 5892761
9 105610962
9 97378194
9 985509751
9 857033439
9 195901912
9 409819551
9 203389996
9 298290187
9 541032196
9 567827609
9 724378089
9 537904929
9 741224249
9 660553789
9 702759017
9 63205089
9 113674697
9 363003589
9 441915484
9 844696350
9 561193339
9 468110499
9 363632179
9 539190398
9 513443279
9 461393250
9 918733917
9 608419918
9 151095736
9 982182908
9 616922006
9 106397127
9 525346679
9 995894764
9 38642379
9 356445529
9 811299951
9 709889001
9 925506809
9 51419356
9 289606965
9 871908623
9 955756134
9 450195584
9 245459826
9 500700159
9 261696629
9 620264449
9 753101698
9 550628439
9 520349501
9 443551119
9 938475128
9 90589719
9 36216039
9 280393966
9 291278880
9 692682744
9 419755218
9 662828459
9 862084229
9 402770922
9 881493701
9 398930714
9 1000009
9 354914844
9 199589218
9 248552209
9 756373529
9 700523139
9 831740109
9 388648389
9 467454976
9 978457578
9 303926024
9 968704708
9 262790206
9 885768549
9 593879010
9 4292287
9 444133829
9 46181169
9 200790972
9 567686984
9 639565032
9 668997595
9 690334895
9 207051719
9 289072276
9 408726309
9 136646169
9 446790343
9 504857659
9 267145298
9 50043329
9 90866306
9 710509172
9 743836269
9 972955177
9 928949426
9 913492520
9 517875559
9 292533967
9 15266839
9 653355339
9 205546859
9 15366509
9 521354469
9 327114749
9 639465303
9 117071509
9 100000009
9 85228960
9 983284753
9 150676019
9 520701419
9 908888396
9 916673305
9 728400449
9 906998196
9 385798871
9 402080259
9 783724639
9 969955656
9 91910256
9 647772809
9 362614943
9 632421759
9 170374349
9 996646708
9 87904389
9 888004359
9 614050859
9 853312179
9 280593513
9 148949194
9 26347309
9 198273135
9 820774379
9 78814915
9 359469384
9 1000009
9 539454557
9 665690625
9 5822709
9 799929126
9 179791366
9 603898892
9 467985785
9 994918475
9 21295773
9 457858952
9 906990240
9 983714713
9 307335932
9 395260860
9 177638869
9 396223535
9 251596007
9 137396763
9 226528869
9 518120069
9 629981415
9 133466729
9 358085009
9 651245739
9 27558379
9 384287019
9 364101759
9 388762479
9 190085366
9 253974808
9 136834109
9 768415949
9 92868892
9 176047599
9 40205009
9 516002409
9 325673869
9 315492439
9 458786759
9 768990865
9 823701179
9 474701609
9 940799743
9 160373669
9 236368829
9 428341679
9 834822549
9 62271389
9 795704417
9 396574145
9 740422449
9 721978474
9 810997190
9 141630739
9 456184946
9 489319271
9 523652984
9 170809533
9 460973747
9 813111059
9 502343479
9 505617759
9 696019598
9 335675809
9 419891837
9 265988636
9 423881809
9 653959520
9 767526169
9 865228259
9 878637931
9 53437629
9 61955679
9 798261559
9 691608377
9 988144087
9 939089602
9 453581819
9 436175493
9 584272009
9 889171627
9 518590684
9 579885902
9 830508079
9 669174299
9 120932166
9 282033189
9 605270289
9 112408479
9 299945714
9 198405701
9 310952211
9 926431970
9 159210702
9 809968794
9 181724569
9 865943070
9 24821819
9 516377479
9 842326149
9 24521879
9 551831729
9 739492410
9 935144202
9 468185839
9 856565069
9 294093968
9 477677905
9 727028369
9 242153559
9 797214312
9 636364219
9 73381719
9 824493472
9 188043529
9 734039772
9 760951490
9 950016014
9 774695307
9 682448219
9 258086679
9 935073841
9 374895417
9 111430839
9 495588489
9 46075489
9 849426935
9 46050419
9 346277489
9 359150646
9 254155689
9 280197613
9 82706879
9 852369098
9 545936019
9 804715819
9 506767819
9 803712809
9 383946662
9 293774692
9 612486039
9 792921438
9 145952461
9 977914779
9 572372769
9 258018719
9 985718230
9 306619727
9 737368269
9 779784125
9 223709911
9 401758889
9 29711472
9 419135147
9 418785669
9 257424409
9 969452721
9 838971241
9 733710593
9 968236676
9 334653349
9 740843393
9 47266629
9 646836519
9 61026879
9 761437589
9 455969064
9 224713689
9 686057779
9 500537589
9 975450829
9 580351339
9 708602359
9 84757329
9 601107129
9 717114849
9 564578379
9 249487349
9 763278129
9 985427037
9 579267193
9 786956055
9 964914105
9 295962657
9 261685709
9 832340889
9 854136229
9 149152878
9 594769975
9 20009318
9 538208927
9 806895152
9 695055087
9 925360252
9 458390342
9 304882966
9 488055159
9 921392137
9 979151733
9 236577039
9 277520579
9 777389095
9 709434966
9 615274019
9 776762579
9 466517459
9 925120164
9 473557839
9 213974592
9 478475379
9 166058149
9 236194876
9 927411267
9 750331269
9 89043619
9 691369872
9 507844319
9 889863071
9 93490257
9 773893210
9 102264049
9 21551259
9 865040559
9 623967840
9 568311459
9 667855329
9 785401819
9 600580879
9 962188687
9 866160189
9 260956706
9 19360551
9 249823220
9 733286994
9 197616530
9 618995301
9 995278792
9 63622195
9 355381944
9 905883466
9 78965532
9 654689219
9 990396620
9 784372579
9 904355950
9 138673879
9 337338409
9 742139031
9 668711693
9 413640249
9 800143069
9 778305196
9 375987816
9 578200609
9 556544469
9 621054289
9 150832259
9 356187769
9 838940669
9 80891114
9 983599113
9 838893692
9 224320918
9 221237479
9 135250819
9 717308629
9 426468295
9 530448659
9 948442867
9 842226992
9 683860719
9 720577933
9 468901698
9 396055748
9 783967982
9 563918287
9 287423791
9 830029789
9 762577539
9 166201249
9 815970800
9 423289148
9 663728669
9 690217037
9 93620673
9 416071869
9 394347787
9 326094261
9 268786219
9 681801359
9 121036469
9 425056619
9 269372149
9 978303830
9 291085809
9 630749069
9 448962993
9 695898825
9 250263779
9 565187809
9 852886529
9 224584219
9 139554344
9 894540887
9 171661179
9 113373829
9 453906444
9 97506172
9 56495407
9 228798732
9 166164619
9 115523509
9 27865789
9 576917726
9 989246856
9 345167539
9 637493810
9 372684198
9 67239462
9 667016198
9 247493390
9 971784013
9 905193871
9 676710796
9 298260466
9 310419934
9 596725605
9 964824086
9 357930128
9 346184879
9 595562748
9 239809384
9 836411209
9 184156129
9 245615719
9 743695403
9 303507229
9 137400109
9 279710244
9 938288699
9 730900178
9 506853369
9 925112804
9 815425839
9 523115089
9 91069369
9 776676129
9 657219993
9 860167089
9 533129829
9 498896115
9 210331294
9 642040912
9 157861898
9 919473748
9 275766759
9 514219284
9 704376589
9 210224789
9 69961361
9 110219731
9 299446696
9 815577904
9 745481009
9 149661808
9 962899147
9 65436709
9 401566539
9 132761689
9 287179025
9 925548512
9 246559886
9 536978889
9 565211529
9 821987715
9 626090332
9 243220982
9 957317349
9 384915726
9 455169037
9 974991795
9 355533509
9 802149470
9 975638822
9 436029554
9 691449842
9 710859253
9 882575229
9 892196537
9 486252459
9 140735329
9 656220229
9 307045769
9 445183279
9 598632991
9 314716449
9 130788949
9 633425249
9 713852449
9 614188439
9 32556489
9 280114489
9 783050579
9 132230496
9 750281590
9 74705039
9 635220279
9 189450715
9 387386299
9 742866369
9 456062439
9 798887333
9 833250269
9 443837689
9 481988798
9 183325359
9 628287209
9 488693827
9 23708119
9 29647270
9 672529145
9 708945354
9 21072859
9 79595862
9 371493202
9 627458926
9 220884339
9 213638319
9 273562189
9 800874279
9 372892133
9 195802967
9 689872285
9 864534469
9 351533049
9 642076119
9 766277539
9 37695308
9 517516394
9 264844739
9 55249944
9 924188044
9 782322049
9 147645119
9 905089506
9 993312950
9 127535429
9 923512969
9 986776753
9 359428140
9 746094903
9 506214729
9 577041749
9 123757249
9 701303489
9 759708416
9 703681759
9 864910219
9 825745739
9 301543319
9 130576869
9 464121239
9 856648509
9 632796488
9 108479335
9 284448179
9 938194754
9 835993721
9 866432889
9 273712943
9 772210479
9 648394443
9 703923845
9 924881356
9 983954446
9 217973742
9 829160097
9 715859388
9 628853957
9 266332119
9 767165659
9 888182309
9 590290241
9 532997436
9 438762879
9 862762239
9 74661779
9 185829997
9 450347190
9 427030539
9 727839006
9 305194329
9 953313465
9 481159796
9 619364797
9 659487598
9 219109093
9 267241319
9 572295489
9 914790621
9 184638129
9 190340770
9 607704399
9 160935806
9 860272409
9 478463679
9 361639695
9 89749703
9 51781529
9 74232923
9 231220239
9 79617907
9 843009366
9 231189630
9 685716039
9 582502019
9 198045242
9 774686789
9 91500945
9 863976468
9 644257569
9 492617465
9 656008089
9 728381409
9 158039276
9 91340816
9 149915386
9 93107451
9 441557819
9 660879849
9 189220189
9 349296403
9 775627719
9 391624471
9 285738429
9 34197837
9 840599355
9 325113119
9 249476772
9 688404599
9 726723539
9 123008589
9 596466561
9 368344901
9 828249597
9 727863479
9 490577448
9 677208849
9 755835379
9 813456579
9 620262209
9 387310109
9 283950887
9 102045492
9 305275936
9 65908834
9 392001545
9 721283917
9 261070978
9 865804109
9 836370889
9 528746669
9 508876679
9 551483179
9 499715145
9 909336465
9 428200197
9 874756809
9 838538879
9 358934966
9 427960904
9 491982030
9 778109484
9 962291186
9 997977839
9 399288830
9 592396241
9 441894556
9 153981869
9 753096619
9 12959890
9 547179339
9 510810297
9 401722392
9 781753819
9 525825679
9 436911419
9 483191204
9 220579658
9 597896010
9 476758789
9 804958545
9 255360869
9 798001678
9 583658209
9 776143259
9 532493491
9 164379084
9 288280369
9 601372379
9 103156509
9 617314879
9 614955648
9 21800694
9 958302162
9 298538266
9 622150639
9 883651696
9 26060689
9 953320217
9 128910927
9 650049156
9 40340879
9 733645239
9 284774789
9 63083229
9 181055489
9 271123869
9 330766239
9 898590995
9 980840206
9 252935502
9 1000009
9 874787679
9 890919713
9 753793180
9 642557509
9 840892437
9 508879480
9 252608309
9 743988040
9 67788509
9 209407007
9 464773789
9 337731492
9 172614954
9 670783419
9 388171629
9 100000009
9 465554849
9 684848469
9 752694650
9 130458901
9 508111849
9 951521618
9 868698683
9 845136916
9 51266589
9 75639775
9 920221629
9 463700985
9 741996807
9 569294075
9 134999901
9 412886569
9 838018859
9 851641469
9 104126009
9 895567700
9 234912744
9 984210587
9 102394558
9 497990370
9 539045341
9 375373429
9 546500729
9 644089923
9 805370297
9 654644769
9 564486789
9 528454509
9 64951759
9 936172693
9 88513269
9 315447769
9 218888918
9 554569944
9 203776759
9 82513951
9 57157079
9 502854996
9 255687379
9 395840770
9 461670759
9 118012089
9 763707069
9 256309944
9 543366219
9 743491383
9 733538930
9 233603649
9 839599076
9 947694752
9 177785359
9 694999588
9 608439974
9 746408389
9 249686789
9 404976215
9 87007829
9 456862539
9 78256069
9 160840249
9 717043189
9 825052819
9 432083509
9 886525619
9 652465019
9 321047829
9 600613229
9 66244869
9 587473994
9 815739458
9 326913586
9 987002830
9 242723689
9 634560579
9 276014549
9 894955747
9 729641806
9 555900825
9 779284866
9 171309627
9 612661149
9 663805089
9 139238280
9 555146079
9 542409979
9 507380149
9 321895765
9 229694378
9 263639269
9 68958931
9 321110986
9 41678309
9 178836209
9 141692602
9 626884019
9 241403429
9 854425819
9 839469154
9 315861069
9 396150242
9 684330649
9 616288689
9 599824959
9 58325779
9 461210679
9 778635219
9 408895098
9 761324789
9 638630098
9 920401222
9 817708039
9 883087397
9 906363988
9 408248129
9 815490797
9 360534249
9 683687910
9 809164273
9 956521023
9 189591275
9 462672109
9 681031609
9 174782579
9 619567307
9 869384244
9 521271179
9 54638689
9 3942917
9 304711739
9 450211539
9 537713009
9 949697812
9 178833079
9 244339609
9 457030679
9 179677310
9 927764594
9 281806759
9 603142194
9 937656723
9 675930652
9 613646490
9 709140745
9 843615189
9 748219012
9 151459628
9 894380048
9 518257839
9 364355459
9 720262869
9 792916264
9 86778459
9 482942263
9 842660879
9 224887729
9 791515457
9 576633719
9 196557757
9 669683333
9 34622349
9 462444069
9 582546981
9 499292258
9 181782579
9 834844369
9 659624811
9 727431669
9 558563359
9 902476832
9 112267905
9 28539127
9 790125280
9 1000009
9 794482865
9 359763477
9 925899329
9 610979656
9 537504559
9 145665291
9 550567739
9 602479870
9 388400049
9 92912644
9 117037729
9 627757509
9 171294890
9 176977315
9 138957335
9 974246189
9 372762459
9 717678839
9 609319496
9 822707709
9 356328219
9 450671039
9 17171369
9 404040089
9 91627831
9 565739358
9 202457169
9 612233897
9 693353839
9 170890563
9 62852908
9 394492713
9 824319681
9 767030936
9 65714169
9 96300896
9 704573189
9 738224069
9 499027062
9 17925572
9 100798142
9 26127019
9 485872796
9 169172845
9 289416793
9 339133443
9 855455689
9 564611039
9 172364679
9 792887723
9 547922402
9 691476287
9 38929865
9 427043569
9 84033439
9 349701428
9 44585459
9 823299653
9 455057689
9 227121092
9 244837419
9 87345927
9 365758059
9 590548499
9 826827709
9 785996207
9 797468763
9 836403539
9 923443557
9 498271829
9 864782579
9 487938396
9 646478469
9 379250699
9 215891731
9 839796443
9 881841349
9 318035749
9 159621846
9 268778739
9 861372891
9 971784191
9 211618519
9 890453908
9 879738435
9 826017309
9 603253789
9 735263971
9 278314149
9 385177579
9 863059564
9 799238357
9 11156289
9 27495459
9 27388269
9 743265559
9 174786169
9 254689453
9 432588829
9 581381529
9 351539875
9 956884313
9 149511859
9 338360289
9 114015619
9 134803592
9 868986416
9 678280059
9 384114469
9 289767362
9 579158576
9 172904326
9 705354894
9 513266419
9 653747819
9 991971200
9 900512143
9 755408449
9 96859050
9 290602448
9 176180469
9 531847389
9 658525759
9 601800549
9 805999307
9 291251948
9 22845739
9 623409111
9 288739569
9 281978616
9 913233347
9 262487179
9 663223209
9 358862449
9 88268339
9 663836995
9 10000009
9 413697834
9 904868585
9 727826649
9 387802449
9 222668359
9 199706456
9 601713029
9 437448479
9 501613729
9 766469279
9 669738021
9 727269191
9 577277319
9 223900821
9 91136391
9 691706268
9 755492285
9 326437269
9 634517269
9 886391067
9 291041532
9 579792150
9 576129715
9 810064359
9 720786379
9 870563139
9 890950486
9 893023329
9 935153164
9 683292513
9 452224719
9 253653609
9 805372729
9 254203789
9 861925431
9 984495686
9 586117900
9 167932296
9 790588580
9 428793649
9 185208956
9 422845559
9 759710851
9 851562339
9 191942124
9 365420019
9 722930959
9 276847966
9 921787949
9 104817409
9 177829263
9 284341229
9 961284523
9 100139023
9 992607576
9 148859376
9 316216739
9 28421925
9 581995377
9 858975428
9 712876729
9 220988056
9 87516119
9 919981730
9 725821109
9 612557039
9 885445519
9 332905482
9 409444917
9 311704779
9 354288689
9 996144210
9 75280759
9 912542298
9 60233469
9 574161189
9 443592409
9 141097761
9 385581149
9 758439735
9 628117389
9 681362569
9 449426146
9 931385651
9 524896426
9 43618693
9 653374791
9 819411624
9 223066889
9 903963448
9 524696395
9 982475714
9 677565029
9 978256564
9 154785309
9 303100429
9 873302696
9 349204161
9 381442779
9 203393635
9 598751135
9 922821533
9 195477448
9 838007029
9 285995687
9 922067824
9 87172948
9 244882191
9 973112388
9 707049015
9 214877049
9 329813803
9 63914615
9 740569081
9 517583479
9 755219322
9 236176809
9 852787891
9 553416869
9 285897243
9 553075509
9 956918738
9 245904631
9 948718181
9 668956638
9 956648135
9 823686769
9 352311469
9 49928020
9 345497069
9 853853192
9 154415889
9 934337914
9 735013779
9 719796502
9 431645359
9 797702860
9 604604992
9 119150747
9 63370269
9 47345029
9 380344049
9 928947485
9 380555079
9 649469427
9 447459747
9 790055507
9 690482002
9 286213109
9 513588539
9 841258269
9 299345004
9 772870249
9 585951169
9 732282509
9 880247942
9 708353963
9 379958510
9 563925446
9 269071374
9 691429245
9 720874759
9 571729225
9 38222279
9 515329215
9 773457319
9 924288507
9 184087519
9 628909393
9 966289798
9 444616459
9 745136259
9 93350630
9 947356815
9 106598765
9 144358369
9 553058594
9 943246571
9 260467591
9 498710231
9 511958024
9 205539140
9 998119711
9 86993148
9 612435829
9 73757539
9 449401864
9 73382259
9 524729628
9 599212479
9 186282889
9 755314629
9 665609093
9 245642917
9 69703769
9 204382779
9 100009
9 329886026
9 950980721
9 330188749
9 664893468
9 797401677
9 74586309
9 129885508
9 459465678
9 484731749
9 218633259
9 128128796
9 586920485
9 440723389
9 347024449
9 30462349
9 774137309
9 23232789
9 248459299
9 128767729
9 881087719
9 898691733
9 728079962
9 781234119
9 304477379
9 112547849
9 174808159
9 48221779
9 958844408
9 678879063
9 861769775
9 843910620
9 956988792
9 401669639
9 506291765
9 49794946
9 115568947
9 453883679
9 487795567
9 582078069
9 777949271
9 704959175
9 382482709
9 502976390
9 156897589
9 63326389
9 887629847
9 380858898
9 954125371
9 895129240
9 636678893
9 179929356
9 998415832
9 562891814
9 31652739
9 369434146
9 911026344
9 309679768
9 925252138
9 404393185
9 511778469
9 510716309
9 86152926
9 262703954
9 988717941
9 882713469
9 243892412
9 304448908
9 862096517
9 791403339
9 266127920
9 648501369
9 161315918
9 201666009
9 296832665
9 833195461
9 663356039
9 849459211
9 999528538
9 880363893
9 919778334
9 636486779
9 521945470
9 746335659
9 573305229
9 725721239
9 573075069
9 262763019
9 904713998
9 386612629
9 296186991
9 713273809
9 970093729
9 484635069
9 642260629
9 86099460
9 213245549
9 622279945
9 816936050
9 78977203
9 886435914
9 351324915
9 687252469
9 687126849
9 177404049
9 642398858
9 592544791
9 991247446
9 689461254
9 91649242
9 339613851
9 924658095
9 333164936
9 931189842
9 882880479
9 912427363
9 839248017
9 111630239
9 864338795
9 456888749
9 184799502
9 974566676
9 834843569
9 786105779
9 325505933
9 620716491
9 958064090
9 147314379
9 689489749
9 353977332
9 253102649
9 319316224
9 823693877
9 333502469
9 76816309
9 589733361
9 779195946
9 303741429
9 972069808
9 769043356
9 439693843
9 271984823
9 86160009
9 431837509
9 965109904
9 839338915
9 372083596
9 852140491
9 355381119
9 218850329
9 871101349
9 215569724
9 298722017
9 658830829
9 424066779
9 677098081
9 369448577
9 603258089
9 260529268
9 162308809
9 537215149
9 922414801
9 412437389
9 215789772
9 337922685
9 808047209
9 782864519
9 627261529
9 95185260
9 765782449
9 204558971
9 270340749
9 40823539
9 409458463
9 64321829
9 15953236
9 233287940
9 617613139
9 976535972
9 612269618
9 665032849
9 635089980
9 63140669
9 511345639
9 542941786
9 903317265
9 262726319
9 601295912
9 131331229
9 2261926
9 486694009
9 789422568
9 391881396
9 285006069
9 653924299
9 802666789
9 469882667
9 227024029
9 221045239
9 167453669
9 426691580
9 498954570
9 536869231
9 939469213
9 816887619
9 84480569
9 487706079
9 125556889
9 281070269
9 151892569
9 758704955
9 847334829
9 8053390
9 263415869
9 162755792
9 411764059
9 814411569
9 488392444
9 960186757
9 120829912
9 292512014
9 212342369
9 961207880
9 884526289
9 875252292
9 944740366
9 30878549
9 758672159
9 421398337
9 452242493
9 874038879
9 842267829
9 467889204
9 187047229
9 700911490
9 847512379
9 511210019
9 173320789
9 8069667
9 330047679
9 646812319
9 6513669
9 6527697
9 124863489
9 524892733
9 490681243
9 731731719
9 611627269
9 407320629
9 85482955
9 649318508
9 252295465
9 292762386
9 162949271
9 232187595
9 573275729
9 674458963
9 119122898
9 892306365
9 255538963
9 372396993
9 242001449
9 152423449
9 842261249
9 805576459
9 806501689
9 215356779
9 718977738
9 163648709
9 805168719
9 915932029
9 170617895
9 34321892
9 972632100
9 711058239
9 989950435
9 198401189
9 359231426
9 16327549
9 583913839
9 219010256
9 620277069
9 116257419
9 130133169
9 60685396
9 656926030
9 636883359
9 572879924
9 326840869
9 66384829
9 265752019
9 350490762
9 465524529
9 7661089
9 868547629
9 198826464
9 302563292
9 471853159
9 582661379
9 724001619
9 574091635
9 396691783
9 503651419
9 670113679
9 513729219
9 577923640
9 756811389
9 468774629
9 691008195
9 220471398
9 319574363
9 469254944
9 373959714
9 253354987
9 110857769
9 340053319
9 72901972
9 674945272
9 195092988
9 465239280
9 474844729
9 680433985
9 103984848
9 977503470
9 250808659
9 350386459
9 572595327
9 862638759
9 384866279
9 100461089
9 996223373
9 949490184
9 134706879
9 550301239
9 160492921
9 18912319
9 494716177
9 961459243
9 624703069
9 183156509
9 759814726
9 640945933
9 501740619
9 997925974
9 698937142
9 807534719
9 77448779
9 718990168
9 8214679
9 364818629
9 221902690
9 500206839
9 688180469
9 796123582
9 314403239
9 436916804
9 406284339
9 731722039
9 856928081
9 93168124
9 151523409
9 59046772
9 28986291
9 165338849
9 542204539
9 578170729
9 520397273
9 582781809
9 606199502
9 757456879
9 303640169
9 342737479
9 387269350
9 870978208
9 465229090
9 669361422
9 80561749
9 996357634
9 654574489
9 518945487
9 460192338
9 30245419
9 356472298
9 85298644
9 10000009
9 560714119
9 953713380
9 642084395
9 302916431
9 692815770
9 923384000
9 971119700
9 327949098
9 360458829
9 280157129
9 490530269
9 949504834
9 226925580
9 250017789
9 473419632
9 49430843
9 368904852
9 833427439
9 561862139
9 997200194
9 695913899
9 466048789
9 472779485
9 7036109
9 44186921
9 831888519
9 447577049
9 631001419
9 757029962
9 148552659
9 657477396
9 166780397
9 639447699
9 370069430
9 724102629
9 351649461
9 372262539
9 915311526
9 670835339
9 367019298
9 281688349
9 393835858
9 253890584
9 679328914
9 866254179
9 917316257
9 58603569
9 566931228
9 160280019
9 973730101
9 459002313
9 241358493
9 343766309
9 209081247
9 89091265
9 97262141
9 930621768
9 35290535
9 640643769
9 518371139
9 204923737
9 223707829
9 592033814
9 74920675
9 241619835
9 348029059
9 774916279
9 49213003
9 726147089
9 125292002
9 921576186
9 232838019
9 834797387
9 964497105
9 80847059
9 384241819
9 882486970
9 251539851
9 498201718
9 815745739
9 179514385
9 893221620
9 136242595
9 260602509
9 221584479
9 932380320
9 517404889
9 2947428
9 402552629
9 86507669
9 373911791
9 612705629
9 50301669
9 826864009
9 198203857
9 64495508
9 78048219
9 496243932
9 410979060
9 637887649
9 594049413
9 903027676
9 80489697
9 698125027
9 907322678
9 463683249
9 719631748
9 306426439
9 159670003
9 630989865
9 573135966
9 315776629
9 556542379
9 999359925
9 280343869
9 882048689
9 753610079
9 945155966
9 176768379
9 884481229
9 105674459
9 254865397
9 819884316
9 870835389
9 289478206
9 448146679
9 244979058
9 183752769
9 107992434
9 561116949
9 755475719
9 526580859
9 23509857
9 820589911
9 73730779
9 608989991
9 799082151
9 11897578
9 370570419
9 772953030
9 382926009
9 363717749
9 29381929
9 813971461
9 734610559
9 778363934
9 483466259
9 222219656
9 670570779
9 150874929
9 995206412
9 872872039
9 160104689
9 453466789
9 896355533
9 610853319
9 173338849
9 611792865
9 427443689
9 155241239
9 293742295
9 196904147
9 780590418
9 865726899
9 343894133
9 827682139
9 545542869
9 495567656
9 491873148
9 156058179
9 371253649
9 789924799
9 25537479
9 298614422
9 69407720
9 464887439
9 441624179
9 297193975
9 733891419
9 600033219
9 978987967
9 647592955
9 842819745
9 777129830
9 692401541
9 506359179
9 951617720
9 361582198
9 593348489
9 906460758
9 907182507
9 314886097
9 386978014
9 78027459
9 486221569
9 625710937
9 401264489
9 762575789
9 236692638
9 574670949
9 382432339
9 171499988
9 639852073
9 925734216
9 275390538
9 306420469
9 34834529
9 432222839
9 112784902
9 188370983
9 58878609
9 190582284
9 749506536
9 408308759
9 288172579
9 852615639
9 464227719
9 125012009
9 200819026
9 531890150
9 603519149
9 912110185
9 298299551
9 771668129
9 187616079
9 51011892
9 323771159
9 208313349
9 436829489
9 746191965
9 129977907
9 439905060
9 482116759
9 422991506
9 236195629
9 716334299
9 317278956
9 847223529
9 105456698
9 31898254
9 282862598
9 383254109
9 678782269
9 218909649
9 844079559
9 306755359
9 225523639
9 750156936
9 470715249
9 73561789
9 528606169
9 703397949
9 302338069
9 688582489
9 243163497
9 641842309
9 391543127
9 278603298
9 278107927
9 967948836
9 441138389
9 110532829
9 477114019
9 607609970
9 182975239
9 412274629
9 586869706
9 862724519
9 713984490
9 294887332
9 23992340
9 256355489
9 31987393
9 575247029
9 402832329
9 296746297
9 708912964
9 325795074
9 393434122
9 570063029
9 610270739
9 988052604
9 53999928
9 456014849
9 774971093
9 484345709
9 134364849
9 607978014
9 603799662
9 345763259
9 733936855
9 487232629
9 267974481
9 166687948
9 425883739
9 143742799
9 933224420
9 362991003
9 839997178
9 121456729
9 795472048
9 670739095
9 689269898
9 950257914
9 804579662
9 298257066
9 358991385
9 429210750
9 584069385
9 51707009
9 142302709
9 436924954
9 815019674
9 952696721
9 733694740
9 261892757
9 31872229
9 562595423
9 214231019
9 514433709
9 52780389
9 624427569
9 733491789
9 53971007
9 189322476
9 893248064
9 817921546
9 859276064
9 756051679
9 954393380
9 106778539
9 114706479
9 85416529
9 206968387
9 236942945
9 611920068
9 501083539
9 129981654
9 394205895
9 543390517
9 704760209
9 824578479
9 186480932
9 583561289
9 554721159
9 325113239
9 654538029
9 114382729
9 743450309
9 553227899
9 59986344
9 654652902
9 713307329
9 516875759
9 843015739
9 339256352
9 651517329
9 328886739
9 447790855
9 403645819
9 391052305
9 406391312
9 321221829
9 873521779
9 361645459
9 76698359
9 868551889
9 94985682
9 586349047
9 296332939
9 435951705
9 730515519
9 514415179
9 89475077
9 415992061
9 974394444
9 31268809
9 220431691
9 776974487
9 495744780
9 412448749
9 874437249
9 237430729
9 629902947
9 510113549
9 115413279
9 523926135
9 159337943
9 133174690
9 751316197
9 788251924
9 971043272
9 847951163
9 700775209
9 457584069
9 237854839
9 664544249
9 10355690
9 37573509
9 893374504
9 739798252
9 342175962
9 587005849
9 804869713
9 412411349
9 778786769
9 471682829
9 523782149
9 413134549
9 61349727
9 704392727
9 425892828
9 848532759
9 473210609
9 803145619
9 396559278
9 746849422
9 396327614
9 738904052
9 907621287
9 382716489
9 499685858
9 906338909
9 82901792
9 125339986
9 885246329
9 38108579
9 505850797
9 14373049
9 214701992
9 939407430
9 526654094
9 615740029
9 839738743
9 804764449
9 850677942
9 778449557
9 744002779
9 277710809
9 138976869
9 115102179
9 866482839
9 404352429
9 72231079
9 461013219
9 779603575
9 705139446
9 267996884
9 834362539
9 502331109
9 397099024
9 54173319
9 655180829
9 231128909
9 501885819
9 51956962
9 46105279
9 17897957
9 39529864
9 794045186
9 498754836
9 205034759
9 4075689
9 46466119
9 309725912
9 200391487
9 178708329
9 41035696
9 767605589
9 716753789
9 244159293
9 578771539
9 401779207
9 473460689
9 113455289
9 693065791
9 259063083
9 409809810
9 299891300
9 294052701
9 138586239
9 191168708
9 54013629
9 907965966
9 158188239
9 98763553
9 988775469
9 528637559
9 448957949
9 28108319
9 658881789
9 997306278
9 565958961
9 666721289
9 431357549
9 503378489
9 961458007
9 52842297
9 264308695
9 303695182
9 893274588
9 25596278
9 78751179
9 537624159
9 520722019
9 662867429
9 651583796
9 107796449
9 76219842
9 828145659
9 369226326
9 942695301
9 621084409
9 628786449
9 375493449
9 258152509
9 374336709
9 131980175
9 386582229
9 243342319
9 502754329
9 675550549
9 503029881
9 977586977
9 387512409
9 280557269
9 52670239
9 949112243
9 357298438
9 181578589
9 302114639
9 109815017
9 673776839
9 740453915
9 734026299
9 112618995
9 88125619
9 845625129
9 222901750
9 606487579
9 955769505
9 416432749
9 252283249
9 621190555
9 810493966
9 960575333
9 785997024
9 761774569
9 279988897
9 138661159
9 199120111
9 13650469
9 383665889
9 120963684
9 428874459
9 963232605
9 95017934
9 90454075
9 682394785
9 407484579
9 643840918
9 186607596
9 869200525
9 149574962
9 742194414
9 641445289
9 113658149
9 74433839
9 801380519
9 104393028
9 846099887
9 516818229
9 945856651
9 552306209
9 459157158
9 367393920
9 989066162
9 315811793
9 273873279
9 984102381
9 769817832
9 537224709
9 833659595
9 87665289
9 141390540
9 475380019
9 387912928
9 117581479
9 568278931
9 698393233
9 469683071
9 180120759
9 94432578
9 84216009
9 611897881
9 707170779
9 645634739
9 749464162
9 693856924
9 409409998
9 82412679
9 250678549
9 508388609
9 205761329
9 91213360
9 893018447
9 363455019
9 763814589
9 83928918
9 800095186
9 674953073
9 616812792
9 145527319
9 172483389
9 880616289
9 843586259
9 635634039
9 870629186
9 823471849
9 340652109
9 979378019
9 61258259
9 406331379
9 445773189
9 331710902
9 973672018
9 518074169
9 1000009
9 185737379
9 699359872
9 805697960
9 274240409
9 695206059
9 719868623
9 294139086
9 581266769
9 771097754
9 606782729
9 876292066
9 74309656
9 792782695
9 181649024
9 140684195
9 817818029
9 489250027
9 228803319
9 693726985
9 230243219
9 572652439
9 827075839
9 536749193
9 681395829
9 318814798
9 992154201
9 143914353
9 492459856
9 313001829
9 40283239
9 990474039
9 242599631
9 881938658
9 89217103
9 952007531
9 331891298
9 182104849
9 565913280
9 938093781
9 840227729
9 94183611
9 827062893
9 499600220
9 651874190
9 212220929
9 95358619
9 9457613
9 933086571
9 759873295
9 730112992
9 1000009
9 534038295
9 681202379
9 867114779
9 972338283
9 847946962
9 246115869
9 890688523
9 895841212
9 978981023
9 498624399
9 792628652
9 241683593
9 696405071
9 425002089
9 921710903
9 270948768
9 677190804
9 453294739
9 875075619
9 599146266
9 400043179
9 916735599
9 203241039
9 652613719
9 146430919
9 20921622
9 727275394
9 407325974
9 148592676
9 212293620
9 532736089
9 240288319
9 255917709
9 444164920
9 300705569
9 329890235
9 251754985
9 667787209
9 981037461
9 920369382
9 211671629
9 270435198
9 16833209
9 100625393
9 765128479
9 816949559
9 144867298
9 266192094
9 688341916
9 569934916
9 409255223
9 730039523
9 532477279
9 305004409
9 554991910
9 103083269
9 624533689
9 270482749
9 489059514
9 811788149
9 539080826
9 43365209
9 854726399
9 278957424
9 888241339
9 802975642
9 634111879
9 245344498
9 60266759
9 352912786
9 154178009
9 460507986
9 914901060
9 903688748
9 68048859
9 329409820
9 951405750
9 691017441
9 140386079
9 565176779
9 556816569
9 25502809
9 326337509
9 196747860
9 719078128
9 120816579
9 587672379
9 285070690
9 342953688
9 130141791
9 293304771
9 733007239
9 111506109
9 534922493
9 893266759
9 404737819
9 413089218
9 807657792
9 124094639
9 174525493
9 18752029
9 467721109
9 700255629
9 180708789
9 595482
9 574247916
9 736880869
9 671816219
9 525264909
9 441302933
9 80794366
9 544718069
9 517423519
9 776296571
9 334567209
9 535591268
9 399288618
9 764710449
9 506219631
9 133588659
9 669171142
9 207910688
9 26583459
9 291467459
9 567966372
9 892658508
9 10000009
9 15142169
9 364447169
9 500183829
9 861565669
9 615492477
9 701409606
9 676633139
9 57333819
9 334326339
9 437980428
9 219554452
9 583991334
9 144477469
9 985952151
9 906731009
9 677134839
9 796934113
9 350669119
9 868500319
9 784292372
9 865314579
9 459289545
9 740390289
9 633072239
9 235597192
9 879652460
9 293281791
9 785904937
9 439292216
9 328771639
9 299268209
9 853974354
9 337836495
9 268052319
9 791819311
9 643940989
9 424083539
9 492157403
9 306913903
9 106563509
9 825309407
9 133665879
9 449061049
9 177040629
9 429197333
9 363358649
9 115423829
9 105007719
9 721745249
9 232184096
9 576371809
9 832091695
9 591629596
9 794183120
9 327374729
9 661958389
9 394146352
9 143489466
9 913749473
9 759189101
9 891482365
9 976360183
9 653301389
9 485510839
9 232170779
9 535856591
9 861841379
9 156335049
9 980179682
9 664215159
9 172060779
9 181025469
9 617731279
9 504851579
9 710917517
9 850331296
9 520595824
9 100000009
9 827731859
9 603476490
9 816069201
9 28188791
9 563845669
9 278990970
9 126762987
9 637501379
9 931738919
9 887758049
9 26670659
9 294559697
9 454056914
9 157468938
9 661920506
9 17970390
9 130883149
9 998248233
9 282689738
9 597812212
9 374394197
9 313791596
9 528926711
9 909758190
9 337121479
9 861990371
9 72995234
9 903133612
9 799734573
9 147208349
9 553408439
9 468640962
9 705863249
9 539352801
9 77852369
9 370911872
9 936450232
9 596960434
9 392493550
9 67063469
9 776166909
9 202689954
9 43145859
9 320802019
9 524998624
9 631320991
9 913489136
9 282759408
9 824832394
9 710637793
9 668357109
9 94874653
9 860670229
9 652482879
9 57303259
9 622596961
9 369028030
9 958411437
9 652043739
9 279408753
9 150181229
9 225849452
9 415812936
9 256416679
9 358136691
9 85761594
9 405500469
9 373119004
9 778252089
9 762244189
9 317101987
9 65934447
9 901781727
9 852661009
9 779563889
9 931185575
9 573001897
9 204515269
9 381161936
9 286367019
9 48061089
9 126332239
9 543407920
9 345128739
9 727929394
9 259711176
9 373266109
9 919382725
9 263560479
9 310579665
9 348654889
9 888115739
9 756397088
9 594906091
9 701732589
9 116490032
9 196233114
9 306544659
9 663441789
9 134029724
9 882025957
9 482357918
9 176423946
9 764365159
9 674293250
9 923140551
9 804440879
9 770685988
9 347987420
9 315541039
9 548485229
9 949124865
9 479029397
9 680756349
9 935771689
9 604890579
9 693786649
9 163339504
9 879898799
9 349677408
9 337645409
9 997750004
9 878499862
9 325186669
9 372412629
9 671254149
9 116654429
9 655826549
9 461147379
9 761396397
9 96482489
9 825849379
9 922226235
9 357406269
9 363310569
9 676328049
9 864924712
9 338525869
9 198110064
9 652467449
9 731555709
9 417317539
9 783845709
9 38213189
9 81935514
9 339361182
9 408400579
9 379486083
9 33303339
9 684716849
9 838694970
9 419255993
9 633326749
9 877193500
9 226019485
9 805162968
9 410659897
9 374733209
9 424543929
9 791405225
9 81619481
9 935949767
9 224217619
9 862116149
9 13712899
9 535710149
9 437100329
9 220250739
9 591836818
9 589239261
9 983150847
9 288528839
9 488146109
9 869619679
9 715079720
9 854936718
9 628946559
9 240213249
9 949533278
9 430098317
9 574884039
9 127788029
9 161167119
9 885761139
9 259292230
9 515769669
9 409507662
9 918375487
9 31962398
9 980942699
9 77439312
9 845346059
9 338318249
9 653189159
9 544157269
9 61909021
9 83577589
9 189376411
9 443984851
9 607846589
9 53780669
9 793131688
9 100000009
9 770438988
9 665314459
9 298376823
9 907062676
9 588120749
9 874793810
9 414010139
9 272706390
9 704835839
9 794192449
9 927451954
9 706849496
9 56568809
9 140109394
9 129398304
9 120776159
9 90250766
9 247335392
9 173180369
9 734265996
9 935885555
9 221531379
9 956441595
9 280238239
9 325808689
9 255410759
9 373082619
9 515787619
9 756908500
9 982099850
9 409258095
9 798093158
9 943831610
9 989396566
9 854499791
9 853300659
9 89559876
9 818116319
9 845540569
9 702960936
9 498082341
9 50772906
9 684712494
9 96438863
9 456063917
9 598471300
9 727549559
9 47488198
9 676923742
9 421036749
9 327836279
9 37659352
9 666828429
9 935285588
9 373713779
9 923437069
9 40699163
9 31826397
9 112873219
9 473427209
9 579639731
9 484902870
9 412106961
9 529389450
9 112498198
9 339742919
9 186522759
9 138636739
9 1769046
9 861872479
9 370333259
9 573636659
9 125236479
9 107524669
9 226194338
9 881136965
9 848658259
9 35690183
9 874889154
9 589070792
9 301970912
9 513578349
9 732212900
9 451124369
9 382718719
9 428422329
9 596082861
9 189298182
9 220707829
9 800990204
9 902121388
9 902177508
9 781269386
9 568362139
9 884872579
9 792260027
9 442634869
9 816042935
9 302928094
9 173303919
9 944913449
9 898736500
9 437068629
9 418220956
9 728937065
9 851631189
9 984415223
9 880433964
9 704574769
9 276172419
9 880137519
9 248970158
9 542484189
9 926058096
9 451848397
9 893000452
9 155042978
9 713214499
9 964656584
9 360562906
9 126812519
9 102188098
9 559661394
9 666827049
9 431967913
9 358151789
9 962926119
9 606394808
9 281074279
9 548419513
9 943789388
9 450559727
9 805734659
9 734435908
9 410938058
9 744875039
9 462290569
9 898744996
9 66887972
9 416527239
9 461600369
9 870459381
9 602960251
9 82191642
9 429288521
9 193696606
9 503690796
9 499917615
9 292186139
9 78389946
9 937220690
9 1994465
9 713773359
9 502207559
9 869995194
9 953232646
9 487396914
9 893968611
9 726144029
9 696410745
9 500076179
9 525245149
9 53294440
9 458810309
9 229778578
9 699995363
9 218782869
9 621661889
9 651578419
9 66175389
9 491887100
9 59000680
9 213829927
9 268483059
9 627663669
9 9255795
9 547879622
9 499970550
9 549777350
9 800188679
9 525096730
9 190252717
9 541151739
9 446878599
9 560553965
9 77730691
9 732504719
9 687920420
9 632810659
9 173105339
9 419339303
9 685821179
9 872521029
9 967903515
9 445987746
9 1000009
9 127302679
9 964606823
9 549422195
9 593926815
9 681646291
9 651348309
9 509781499
9 823276879
9 719848654
9 123791091
9 645234988
9 163408519
9 608033930
9 508369621
9 130200609
9 386158339
9 273287209
9 888008869
9 462654911
9 618859047
9 579992874
9 828833039
9 595700989
9 782467976
9 358916216
9 919747938
9 70829267
9 23862539
9 939484207
9 424350279
9 429306731
9 180148029
9 528412189
9 688562689
9 439370209
9 940737491
9 949107730
9 462379531
9 453069514
9 307806839
9 979792354
9 330694039
9 68623947
9 43911223
9 509453207
9 943036503
9 572635619
9 953412111
9 318802439
9 642999631
9 816982550
9 755605934
9 857413529
9 927021653
9 662981349
9 516259317
9 520280649
9 616100469
9 614629848
9 764483489
9 200706519
9 237855569
9 122021849
9 304548849
9 719547204
9 204757979
9 420129860
9 496540899
9 641370649
9 346566839
9 543248469
9 835199019
9 717797016
9 869847437
9 837716890
9 42348869
9 915061496
9 188312849
9 653415159
9 164384089
9 116514091
9 493635453
9 855018519
9 187059339
9 788879190
9 587620319
9 802270109
9 205734839
9 619012594
9 357437694
9 642753289
9 10576179
9 691549138
9 303386779
9 86598872
9 572918008
9 786009908
9 309996226
9 44767849
9 70606954
9 298749156
9 118530909
9 140422090
9 901319965
9 847112979
9 964768112
9 60374079
9 471299888
9 235132709
9 68847709
9 290580022
9 820571249
9 594321867
9 913884566
9 259708056
9 705337896
9 411941130
9 847510139
9 227841709
9 718105799
9 838628519
9 418238950
9 323518669
9 905165164
9 193449094
9 158976083
9 678644409
9 602295953
9 542428749
9 857550279
9 283556039
9 962712125
9 812285489
9 505785139
9 788473945
9 224550229
9 981909241
9 817490397
9 682662479
9 541009163
9 368082649
9 695907081
9 342237096
9 15883669
9 586110549
9 180925765
9 903739993
9 313047792
9 616524359
9 664931588
9 919159921
9 466887189
9 33449859
9 997613038
9 687252951
9 732634069
9 785855469
9 212131739
9 748349696
9 918693730
9 733567639
9 809091472
9 60984834
9 335781359
9 821208469
9 137328839
9 956544970
9 112157191
9 183738159
9 550275390
9 788292459
9 333731769
9 982158421
9 870432789
9 809191326
9 773928489
9 749834076
9 853375359
9 961758799
9 147915639
9 274818109
9 925546715
9 263965201
9 857461149
9 567412895
9 975004033
9 634524985
9 570740669
9 526093923
9 309076188
9 522585339
9 674122904
9 9843071
9 855175269
9 131637049
9 840074239
9 628574049
9 162165967
9 510764819
9 934700575
9 405706189
9 235882629
9 635851973
9 740092073
9 158580902
9 238801591
9 538624396
9 293870033
9 644932684
9 897637870
9 267179580
9 743116249
9 416047129
9 129131892
9 809681496
9 722940473
9 463647249
9 316492228
9 442563609
9 254899365
9 624913107
9 807128349
9 335786579
9 439812796
9 121515129
9 306709329
9 3196406
9 47170239
9 115585819
9 824715429
9 988104798
9 982624334
9 840236793
9 613429765
9 453012829
9 680423339
9 529320104
9 106982973
9 636248729
9 887482019
9 732612009
9 249418569
9 652704009
9 355232689
9 23716569
9 500648619
9 602940447
9 98491161
9 363241279
9 436413589
9 426884779
9 371992748
9 962658027
9 286320199
9 21872809
9 316425749
9 675931931
9 805775329
9 624140309
9 934391978
9 511561079
9 779083879
9 661523519
9 553005893
9 288906885
9 817796985
9 907199629
9 535917461
9 552581279
9 108344289
9 809991091
9 137964235
9 409951479
9 355414829
9 635804119
9 79005211
9 722565569
9 48763649
9 143505298
9 351099826
9 394053872
9 259732262
9 904840277
9 354655809
9 965365746
9 868516759
9 669630314
9 801604109
9 232814894
9 597707355
9 31800509
9 281692970
9 740949069
9 96488602
9 661850469
9 441066119
9 606625819
9 917698907
9 125243949
9 353609768
9 257379234
9 547463609
9 489008970
9 47375489
9 546496905
9 773423229
9 36138091
9 203327289
9 409444347
9 453104869
9 286848659
9 322852219
9 4533496
9 768560906
9 992486933
9 508874309
9 622733309
9 780333689
9 888111379
9 431948547
9 653881739
9 73183579
9 486474749
9 963794572
9 572347799
9 409835613
9 418489551
9 280384579
9 519540546
9 295046858
9 489642222
9 214710129
9 321987698
9 273799404
9 910591837
9 116790622
9 820198440
9 372674579
9 657613879
9 291409841
9 933709243
9 190725968
9 225486649
9 222649338
9 742371939
9 923384976
9 701958450
9 663300029
9 669046947
9 105788859
9 253735579
9 67687869
9 685912597
9 895411027
9 292628817
9 948593901
9 536963681
9 66031229
9 846223239
9 960298684
9 768562219
9 824192575
9 902498606
9 86399836
9 69514412
9 259361765
9 903456673
9 892798468
9 283928597
9 603317159
9 635631619
9 222078409
9 759947677
9 254471869
9 560037359
9 877491200
9 510441649
9 962516078
9 864555389
9 992726918
9 782770669
9 277292862
9 198688812
9 572773709
9 272107809
9 597073806
9 856018469
9 380499461
9 942405443
9 588680749
9 458453901
9 91036981
9 55884119
9 901255906
9 813544901
9 177669558
9 625334809
9 965429728
9 462857119
9 733331139
9 22766289
9 849975988
9 648586059
9 956468846
9 547616239
9 773534479
9 847598322
9 723433709
9 563086694
9 756641974
9 189078460
9 802839429
9 88281391
9 796270807
9 117021009
9 138554819
9 603323729
9 936806490
9 524502973
9 987751690
9 870637249
9 932934851
9 243428829
9 785502479
9 869259731
9 912705613
9 929849286
9 786398541
9 311318079
9 773312391
9 902422998
9 975700314
9 382288429
9 889546121
9 70154719
9 631301494
9 864681539
9 473571189
9 147826179
9 270034529
9 326060696
9 980090033
9 622051389
9 604991106
9 23387659
9 138827879
9 481123925
9 441687879
9 761715249
9 616611369
9 548299902
9 569203628
9 194841890
9 768272409
9 753013339
9 479864230
9 744305729
9 22329096
9 236994835
9 13905355
9 544630429
9 568862689
9 339841582
9 127952230
9 719841836
9 317553069
9 521836349
9 573968445
9 979707753
9 764885619
9 851702439
9 641584769
9 399069155
9 119369572
9 251218249
9 363268659
9 848898970
9 51712919
9 31715189
9 311360239
9 24853859
9 462475849
9 459894735
9 490572503
9 3946069
9 179588566
9 802618169
9 725285179
9 526638609
9 399109178
9 6458839
9 89504970
9 842006079
9 892614911
9 205224179
9 465950364
9 657586649
9 780727049
9 881288109
9 868564749
9 973798828
9 610058309
9 824927222
9 836071849
9 439783130
9 528085819
9 54071769
9 33594916
9 930562965
9 818708719
9 433424249
9 629386075
9 817115930
9 143978724
9 73113869
9 837304296
9 988272621
9 224875459
9 241539745
9 310551597
9 747010975
9 938267412
9 535037349
9 125827549
9 35762569
9 879467103
9 923976512
9 680894059
9 785258947
9 648472389
9 5665339
9 437129355
9 870123895
9 494743241
9 73181988
9 783455219
9 912759456
9 120301309
9 45607409
9 591310323
9 338166209
9 483738509
9 434136249
9 624548189
9 487234669
9 554669472
9 388103009
9 738170849
9 987022951
9 739594228
9 482799462
9 984807075
9 586174259
9 72112019
9 576974190
9 982488917
9 764231589
9 795764202
9 185192532
9 746654179
9 754189724
9 360476409
9 117355192
9 974242930
9 786925764
9 934761048
9 288425809
9 962750973
9 576284219
9 271467719
9 877837690
9 192869090
9 850609529
9 419438530
9 467350109
9 419990470
9 168986227
9 980403231
9 518909904
9 173417298
9 963630518
9 543735609
9 334691494
9 674528469
9 69006283
9 866566590
9 67628509
9 119008773
9 78670149
9 245991552
9 415635907
9 312397996
9 809393026
9 545501359
9 356578099
9 267651269
9 651127359
9 478062519
9 431734809
9 995513673
9 971853725
9 915544548
9 448658319
9 225867809
9 159641433
9 153131869
9 133209407
9 432149490
9 275223209
9 471165139
9 941140954
9 84979410
9 131445189
9 363246619
9 226884139
9 119548016
9 413907216
9 500674009
9 42864092
9 468630369
9 860008679
9 649884627
9 212609207
9 316637179
9 124001669
9 474138739
9 654010279
9 45588129
9 331907776
9 49822285
9 256131190
9 805626859
9 366181796
9 759116819
9 185283594
9 318275259
9 299128454
9 625150109
9 317973766
9 787770039
9 960454025
9 766879813
9 487473699
9 515065951
9 684078179
9 599980055
9 803508938
9 114178469
9 423749047
9 158249132
9 219227907
9 712977903
9 471517794
9 27410359
9 459414798
9 871667469
9 41072919
9 37776492
9 450318329
9 944024799
9 715543309
9 781344497
9 445944911
9 514364569
9 23484239
9 790467603
9 369890441
9 803084049
9 616695900
9 16730709
9 953373861
9 393152938
9 757218489
9 410503693
9 339439447
9 925182214
9 363043109
9 289363967
9 7767629
9 760593732
9 334223749
9 581149914
9 975933667
9 235498138
9 690500766
9 355833928
9 661848965
9 305875679
9 376647509
9 444206369
9 848074669
9 83892345
9 776040189
9 830536592
9 598873523
9 988256491
9 97035903
9 190912690
9 931674291
9 218219978
9 542430519
9 600688579
9 62133059
9 471238549
9 863757859
9 928859632
9 519866361
9 403748559
9 281571829
9 749892495
9 699004610
9 920024404
9 879236879
9 876436983
9 854365459
9 962795895
9 15939689
9 144255679
9 790729255
9 190230921
9 25858869
9 392668272
9 666635579
9 267640931
9 362683389
9 499665439
9 692716925
9 979942054
9 869011427
9 981101874
9 43412960
9 201626589
9 181304192
9 22353339
9 637000039
9 840223469
9 543068349
9 317073609
9 162075109
9 1397048
9 938484535
9 524395234
9 928930686
9 933209305
9 255886479
9 792713150
9 183416339
9 28536993
9 861116966
9 395400775
9 199502495
9 270724399
9 680202419
9 300883649
9 103946418
9 975401916
9 630467869
9 654843719
9 565697187
9 143356329
9 881968286
9 760789206
9 481945779
9 253649625
9 40471049
9 483715090
9 521945716
9 105208695
9 245304329
9 525366819
9 826562619
9 167285019
9 135078469
9 131408945
9 307823549
9 598245465
9 184586930
9 621677794
9 326461859
9 465124892
9 990633009
9 768784259
9 900879597
9 979501187
9 96441752
9 60479058
9 572522449
9 379310157
9 134109081
9 177492253
9 343473839
9 643235089
9 326541749
9 916523479
9 612675289
9 795099613
9 197685578
9 692119717
9 162750329
9 10157389
9 986349650
9 253612493
9 690833349
9 986872409
9 278012129
9 214848239
9 650752659
9 137085396
9 546750119
9 403200997
9 108336931
9 598506012
9 418420923
9 15565539
9 549679191
9 292406041
9 154281209
9 938461890
9 324692077
9 390788579
9 68873119
9 681769930
9 306680149
9 925574249
9 583811496
9 247083967
9 726660479
9 495136750
9 298853063
9 900844360
9 256475956
9 226144269
9 937709480
9 272356993
9 123395507
9 40958734
9 870836669
9 648440912
9 389727080
9 751094519
9 791407781
9 642980264
9 474496708
9 967921197
9 289580262
9 267620579
9 267481479
9 531964393
9 269012290
9 68533579
9 144634639
9 246910846
9 122063779
9 748579949
9 424318976
9 268865759
9 949216245
9 806180449
9 704117159
9 76797961
9 26625359
9 536491254
9 448421492
9 39307125
9 107631309
9 665159426
9 143404793
9 358939814
9 546142309
9 409928827
9 889483438
9 838429411
9 304885729
9 220094227
9 100097702
9 569563605
9 375069696
9 801630954
9 277180953
9 978242268
9 752843829
9 934763427
9 812933136
9 639554396
9 951925964
9 641457079
9 348019727
9 583248539
9 159023312
9 867704279
9 658916269
9 569610144
9 695491382
9 252823889
9 891981611
9 992586708
9 84842109
9 907624088
9 798988936
9 82982895
9 66985873
9 722043779
9 814246987
9 764534579
9 299339915
9 685464392
9 463727019
9 301151905
9 55885469
9 728205519
9 493385158
9 794732195
9 227306249
9 593745164
9 118011309
9 412688391
9 917789812
9 706627819
9 277708409
9 206948817
9 769973982
9 428657934
9 532094726
9 190132731
9 551937734
9 753578409
9 417401119
9 793635153
9 945551616
9 412303978
9 347679912
9 478908837
9 75167049
9 89908195
9 266452910
9 281324299
9 84565849
9 209202068
9 487677759
9 119138759
9 609674144
9 665919437
9 419502479
9 991582586
9 999285355
9 765165129
9 91419750
9 491289632
9 197778032
9 933766697
9 480833129
9 484745109
9 287011819
9 155056951
9 990208075
9 526197135
9 938940192
9 409810478
9 835676189
9 385527739
9 139465802
9 798464561
9 506773950
9 816851589
9 491475145
9 187867189
9 73998514
9 890060711
9 146390753
9 530776809
9 380114039
9 468639469
9 388320449
9 716760921
9 674018879
9 881762009
9 340405089
9 932530732
9 931532552
9 687326459
9 362863869
9 994775040
9 338912520
9 849025474
9 947626754
9 935459095
9 24870095
9 16645219
9 214132529
9 269110405
9 51016339
9 971797463
9 337627269
9 178710789
9 658677129
9 145444769
9 813519780
9 214208079
9 386949163
9 412300739
9 723102929
9 836179945
9 740335189
9 911967207
9 529100940
9 120899637
9 972374564
9 757754902
9 590040140
9 949044038
9 451388349
9 944198873
9 392391589
9 641285859
9 118239568
9 18235709
9 526527309
9 407284901
9 274764629
9 84818829
9 608541921
9 894355388
9 165671219
9 530406209
9 726611039
9 774315669
9 991769072
9 467537109
9 256294871
9 949241235
9 712805349
9 927133506
9 387569771
9 404140409
9 377265954
9 910193202
9 177678579
9 530025679
9 195973105
9 342000892
9 73989048
9 252734539
9 917491396
9 894845754
9 637843859
9 756610594
9 183448895
9 741771269
9 864640196
9 344418159
9 770038069
9 799470841
9 261316597
9 414078496
9 790061870
9 50279108
9 35976983
9 8352319
9 434922141
9 571806359
9 874906323
9 395592853
9 502276679
9 579053958
9 564075879
9 645195193
9 460621639
9 471650709
9 708791693
9 932432723
9 829821769
9 629169003
9 171491605
9 550202219
9 81596734
9 802251489
9 378625789
9 96776058
9 509500320
9 18683929
9 58959339
9 450600739
9 906527279
9 954708885
9 353429519
9 289435790
9 757630298
9 420359512
9 679403725
9 166123393
9 75324911
9 881013932
9 145650759
9 354019358
9 645542749
9 269800789
9 558097709
9 2599844
9 766107179
9 91174718
9 309472216
9 406497072
9 163404329
9 739178812
9 674444809
9 86920863
9 475452319
9 497446090
9 609509729
9 54443849
9 972540794
9 967329450
9 147906578
9 340110779
9 312862259
9 670158691
9 640043819
9 187362589
9 248293058
9 66258589
9 874897120
9 52334759
9 59762556
9 757119997
9 758335639
9 253509737
9 909686066
9 740386569
9 173618659
9 987935530
9 348048959
9 267143539
9 113684249
9 487186589
9 239556188
9 845209665
9 562931016
9 846475198
9 249513620
9 449401290
9 406101749
9 352120289
9 296157157
9 410853879
9 657180409
9 537979368
9 748918959
9 806543933
9 808151849
9 100936450
9 489012349
9 127450269
9 916408779
9 59989168
9 7169601
9 341362559
9 93614364
9 235942155
9 230465869
9 617810918
9 618561293
9 471274349
9 258645900
9 414499815
9 207031769
9 406640079
9 300517039
9 31904781
9 91155365
9 272999008
9 959103579
9 398455487
9 446616859
9 378715986
9 389216686
9 279357973
9 116113769
9 353326191
9 164427938
9 223398821
9 805131559
9 819145898
9 976821115
9 768997706
9 723801494
9 821151579
9 325014729
9 970436810
9 823982652
9 213025669
9 134984866
9 159787942
9 284268809
9 26401589
9 335478629
9 841628493
9 283766195
9 722144339
9 425583689
9 912483159
9 625303149
9 840666679
9 322356292
9 985646951
9 704779473
9 971395194
9 26220169
9 833970803
9 100000009
9 976877115
9 313368749
9 326832927
9 526651139
9 963934148
9 824707259
9 287010629
9 48152349
9 107848369
9 28591270
9 912905876
9 366154279
9 392628279
9 728376389
9 74704629
9 556398566
9 135173329
9 187962442
9 844920690
9 407192070
9 864175979
9 865265869
9 379819065
9 264624091
9 894914702
9 543589932
9 988971324
9 251035749
9 828509247
9 186809295
9 461937358
9 923618704
9 50396671
9 530719438
9 952642389
9 532918625
9 564459912
9 422329447
9 885143229
9 118872982
9 259421515
9 400349023
9 824486829
9 587634139
9 796104957
9 165179387
9 596311066
9 542375179
9 765389347
9 831366819
9 97232457
9 290309912
9 357007789
9 61299377
9 853303129
9 803149777
9 411329685
9 397808631
9 155423129
9 65133329
9 875547349
9 36613429
9 904960008
9 510571129
9 863889130
9 664326709
9 831791222
9 133913284
9 802862829
9 51650669
9 198152667
9 202112409
9 486252379
9 599306249
9 803269376
9 378838609
9 904815485
9 964064541
9 539465344
9 922786468
9 457472089
9 963813626
9 421523619
9 210296017
9 849246764
9 922184504
9 784371893
9 586872409
9 926215855
9 585084279
9 421903088
9 861609970
9 440155229
9 149445341
9 594136670
9 857499525
9 99505938
9 562219912
9 800215259
9 341098402
9 566961324
9 137096674
9 273875109
9 926090288
9 118258219
9 106851519
9 889272054
9 358793545
9 305776296
9 112511739
9 826537719
9 27144629
9 632794833
9 783376269
9 33671439
9 751215569
9 530133992
9 448314899
9 985419058
9 800542972
9 311929742
9 165892494
9 717886219
9 842064309
9 707441219
9 294817616
9 344288879
9 135327759
9 847294636
9 994733067
9 105980931
9 200919742
9 230193478
9 560118549
9 86961848
9 765803689
9 227584496
9 519080248
9 456456849
9 229478701
9 81365459
9 926745756
9 454586749
9 502383289
9 761823559
9 328765039
9 777897801
9 247179458
9 155012389
9 728325399
9 628297517
9 977472595
9 935577817
9 883329491
9 675642989
9 510735339
9 843591842
9 288937207
9 419150644
9 757909859
9 595615842
9 647366439
9 795521671
9 298360651
9 406564719
9 614681219
9 249662567
9 675789839
9 173772239
9 155379241
9 789913170
9 896359826
9 585638709
9 10540039
9 780969322
9 757251997
9 213685269
9 558273369
9 599001502
9 244829685
9 847083279
9 673232932
9 961607551
9 627313009
9 491173657
9 756447369
9 390655323
9 877066569
9 684626209
9 880648169
9 581217679
9 760743359
9 314644759
9 110618709
9 63817239
9 927823673
9 625149330
9 445145459
9 388182019
9 773780679
9 467703937
9 79802452
9 328518119
9 457448589
9 524832709
9 979731362
9 446472679
9 145013869
9 160614059
9 846152479
9 705043819
9 479699789
9 582301029
9 813784469
9 545527193
9 931117284
9 109201225
9 485576959
9 245941815
9 773660789
9 177409952
9 761798968
9 132226809
9 587896745
9 420497984
9 371322339
9 232680669
9 62751079
9 457913232
9 11241069
9 955971841
9 992617390
9 835694902
9 553194118
9 928317703
9 347841497
9 91595976
9 482736569
9 883920797
9 242385769
9 289150110
9 606389416
9 621041149
9 602221249
9 423213849
9 193027054
9 662543489
9 707371569
9 741635549
9 40215789
9 223176926
9 792585826
9 864754449
9 187290322
9 794520664
9 539180524
9 457730329
9 292291187
9 647112069
9 123082839
9 741717139
9 780889096
9 996115052
9 819564155
9 567339881
9 628280129
9 179813146
9 71678739
9 829971319
9 480860759
9 735184319
9 504400829
9 931732512
9 706542749
9 370710590
9 345071749
9 671750759
9 472886579
9 474776779
9 56822669
9 300031930
9 314790873
9 884838879
9 246435419
9 545277709
9 838355369
9 171167709
9 634252590
9 805724609
9 926681734
9 287354693
9 251335609
9 551463539
9 121771369
9 283846139
9 929095992
9 912669776
9 971510751
9 278712779
9 467761069
9 299725062
9 659346389
9 176373792
9 661053359
9 468090781
9 864916542
9 811614879
9 80680293
9 745951517
9 538314596
9 880294751
9 770993184
9 437537079
9 584117916
9 424632579
9 309847676
9 531090191
9 59448076
9 136392909
9 532129118
9 767150119
9 241180819
9 228035729
9 440518289
9 678661559
9 286453859
9 897252724
9 1551019
9 191350750
9 933358980
9 845985990
9 606638539
9 875338894
9 598157905
9 273322696
9 565877459
9 267869906
9 583596559
9 34296935
9 519440845
9 689000636
9 258287109
9 548014958
9 808801319
9 249129751
9 84083950
9 8408968
9 180639773
9 792401152
9 713172669
9 433834739
9 169654371
9 444595617
9 18497881
9 733297920
9 77146139
9 416639028
9 751305191
9 710445819
9 444722409
9 776620739
9 354917503
9 34358849
9 458144779
9 216821649
9 692447044
9 569509478
9 705897003
9 918323706
9 42377509
9 708119589
9 843142399
9 240585629
9 649883231
9 140515269
9 532232549
9 615626009
9 722178963
9 264881339
9 660516179
9 413263049
9 653178699
9 848845329
9 345612419
9 969618462
9 890814433
9 657668910
9 261074948
9 937306590
9 36938009
9 893611292
9 870217389
9 240936857
9 492081841
9 978790714
9 990327778
9 537695236
9 926382280
9 285321129
9 213749045
9 395663593
9 441259700
9 740231439
9 229508407
9 322776019
9 515908120
9 684973659
9 561487469
9 788797335
9 908928538
9 154949054
9 310229220
9 301551009
9 25602349
9 992570820
9 605774059
9 51858859
9 510373379
9 351083489
9 558615479
9 96636907
9 306621669
9 340513879
9 963821128
9 22112693
9 550597834
9 715814739
9 67934909
9 231249154
9 689904702
9 63528139
9 754179062
9 220693554
9 125072089
9 311855938
9 952183847
9 661047917
9 511864159
9 239541429
9 835484219
9 211948940
9 412458960
9 280583819
9 434908693
9 10270449
9 147607129
9 452135429
9 256956226
9 863494154
9 659030026
9 709028288
9 627170389
9 569591808
9 632667109
9 986364394
9 7092561
9 393883965
9 864799743
9 172710929
9 394453747
9 218667169
9 588753539
9 818466549
9 675978407
9 690771267
9 578448379
9 575146339
9 71502139
9 279396878
9 69110301
9 645044419
9 965313294
9 965769685
9 783396984
9 771158469
9 909961339
9 967443080
9 26346319
9 168606909
9 704820769
9 636880379
9 564340829
9 642265359
9 462904752
9 162745269
9 269793694
9 24109616
9 959130317
9 191464045
9 266449804
9 115106439
9 127443369
9 932201790
9 574222689
9 944289372
9 182742419
9 51675259
9 239688077
9 335759529
9 293409213
9 144991716
9 501738659
9 715245719
9 499901074
9 859796049
9 17964882
9 119933431
9 898694530
9 553784839
9 664686719
9 957831488
9 383235029
9 95766763
9 929633130
9 612993031
9 123627509
9 306828928
9 774368229
9 997592251
9 577006889
9 970039476
9 580487009
9 692960189
9 479165225
9 72163229
9 569248466
9 278165549
9 851147419
9 719974970
9 424922757
9 875824029
9 915873228
9 695624643
9 797663147
9 2104898
9 738768729
9 333514914
9 931818232
9 588271159
9 212647769
9 696117232
9 495460405
9 833346329
9 317710529
9 248614629
9 868630789
9 292609661
9 951065944
9 941370123
9 763449237
9 211610239
9 567461209
9 382596755
9 920295742
9 577381669
9 213610319
9 406466921
9 552606519
9 757170389
9 227714209
9 208352369
9 486181932
9 53374179
9 746575229
9 549424622
9 127328639
9 116722900
9 807486692
9 407789446
9 58492799
9 733718926
9 429030138
9 677382779
9 741621909
9 653415309
9 339588489
9 192791094
9 397139049
9 500629471
9 765899196
9 501452549
9 194235098
9 554840049
9 444463259
9 386515409
9 236382879
9 768894931
9 481711389
9 252608329
9 81374019
9 340048829
9 175579174
9 684321906
9 75122459
9 375570079
9 721655935
9 125266229
9 408694472
9 955422285
9 274730698
9 570577239
9 173745609
9 22574439
9 774908035
9 148681429
9 529395990
9 966615956
9 390987545
9 36479252
9 198474568
9 22856549
9 744560269
9 278391633
9 698912981
9 895927015
9 869348202
9 299850308
9 232234259
9 147425039
9 431809773
9 227148594
9 318318592
9 593975010
9 485285879
9 248494450
9 174025389
9 751700459
9 629996305
9 426491148
9 831001339
9 993309119
9 89638429
9 135344419
9 557156529
9 182568529
9 818576429
9 499869290
9 872172889
9 271076219
9 420258149
9 199715374
9 135754019
9 826921251
9 527936611
9 545427509
9 421168679
9 821275819
9 615235659
9 464287839
9 371140559
9 485022569
9 272745209
9 599338656
9 113648191
9 476667759
9 79233810
9 231829008
9 21723019
9 933042621
9 267098539
9 175882359
9 316946165
9 558236590
9 876706739
9 156577879
9 318865319
9 994142339
9 589227061
9 206481019
9 792845923
9 63159965
9 352827609
9 78770159
9 931030685
9 17756429
9 928445871
9 439799135
9 145623229
9 782684089
9 263500439
9 933050491
9 118964345
9 996121865
9 786339341
9 38497744
9 701901051
9 598906587
9 170513349
9 957864356
9 653181159
9 3576749
9 135691166
9 384867609
9 724362489
9 807123559
9 259010652
9 310383279
9 880941510
9 869445043
9 155212409
9 916874564
9 244606509
9 402060369
9 461930804
9 44497521
9 418260409
9 19360824
9 520382419
9 57836429
9 76121739
9 701312189
9 262504029
9 113666839
9 453936813
9 897785739
9 881842489
9 235792418
9 364862589
9 68513489
9 85038029
9 258540089
9 236438329
9 898871536
9 866781889
9 960792957
9 354322569
9 741318229
9 58946146
9 367990222
9 574406859
9 71961088
9 866972043
9 10817109
9 357106289
9 137769693
9 904080192
9 296420330
9 928919854
9 604208019
9 614458859
9 727943058
9 716321769
9 385284459
9 810640729
9 607018479
9 802964345
9 908012459
9 876012159
9 611153709
9 857245009
9 345797561
9 661468719
9 891745799
9 765824229
9 586736769
9 865372973
9 899281010
9 426274489
9 610047589
9 348149133
9 229450785
9 346738593
9 250362993
9 51377198
9 877564985
9 952838874
9 518250369
9 783791715
9 212052029
9 166367239
9 22281549
9 648490827
9 399500560
9 501785049
9 139410265
9 93505132
9 670557898
9 900504606
9 519933199
9 538565419
9 460266993
9 503432029
9 932139319
9 644178079
9 949595093
9 920091642
9 981798465
9 872284879
9 415339682
9 291047259
9 286217649
9 587068339
9 699056780
9 739125356
9 222469227
9 225593054
9 323244963
9 11655942
9 460103639
9 113523339
9 421399970
9 331272269
9 544087689
9 379990182
9 689097642
9 983119641
9 781172329
9 954460667
9 122636719
9 114597187
9 588264239
9 859155044
9 815665349
9 783149481
9 828489154
9 530383592
9 363572539
9 928322621
9 707459837
9 936534742
9 236819784
9 8992796
9 145184189
9 703093415
9 239201539
9 80087019
9 48184309
9 130927133
9 932875049
9 107758489
9 807662790
9 641799476
9 677369624
9 686422930
9 142421098
9 289950273
9 918747077
9 574322509
9 444131296
9 427524209
9 331636259
9 708289841
9 899780510
9 647811549
9 123705279
9 225575494
9 796004683
9 687086759
9 96220484
9 297746189
9 65469654
9 100424289
9 949055386
9 264223519
9 232745976
9 764298932
9 881658549
9 211641889
9 705199848
9 333980981
9 281663591
9 417386692
9 315851789
9 405681982
9 420056759
9 899079770
9 857231149
9 863938991
9 817462309
9 738128954
9 5540749
9 655281809
9 524556749
9 337058609
9 42028159
9 219183863
9 43093306
9 417631049
9 256643539
9 288752069
9 8347209
9 178284089
9 61015419
9 174064984
9 446092784
9 755988797
9 406508951
9 614892496
9 13208409
9 894354366
9 12529725
9 580549184
9 35575729
9 556782209
9 561699703
9 425715894
9 864379836
9 761839414
9 220282639
9 577287229
9 284069617
9 941366229
9 258846419
9 154554069
9 13165079
9 854830967
9 323310129
9 629306711
9 29330572
9 532643739
9 938465992
9 344737529
9 110912065
9 868069552
9 952972225
9 931062867
9 343179830
9 337329073
9 296122888
9 853324129
9 187253922
9 704245519
9 133984501
9 401400119
9 245848569
9 894834720
9 879524454
9 977018494
9 910931406
9 629966283
9 481575944
9 788767129
9 566314939
9 743651739
9 573282429
9 539138209
9 745195554
9 38077689
9 650024392
9 173443389
9 398509514
9 766319878
9 800869598
9 856378459
9 665072389
9 69088707
9 824210259
9 337441739
9 748941181
9 605741739
9 844342985
9 10000009
9 461680659
9 86140349
9 412682629
9 934346307
9 729497058
9 565757959
9 131732891
9 677400549
9 933870842
9 192257454
9 778080509
9 384069122
9 209334682
9 678310749
9 519723067
9 187880289
9 666099407
9 424670019
9 962990791
9 631338409
9 237428639
9 196671969
9 169038871
9 536744729
9 881529744
9 78751869
9 595851378
9 389952824
9 907107520
9 159960839
9 899386550
9 510100029
9 825680659
9 13200889
9 998629613
9 767264595
9 987023553
9 205306849
9 442740269
9 278584319
9 893055281
9 573549900
9 973786287
9 269404218
9 226649035
9 604321119
9 893786137
9 488176609
9 271231859
9 519834350
9 19750624
9 20217329
9 199906176
9 36969562
9 469279416
9 884566269
9 802712329
9 446588339
9 773993800
9 846122229
9 364703059
9 898508900
9 399566189
9 754049984
9 739026144
9 869334233
9 797182307
9 227714869
9 381312359
9 334872019
9 167031749
9 120773219
9 179124357
9 174709698
9 694302802
9 294044502
9 551616429
9 851050839
9 429439052
9 734909396
9 382469272
9 17688359
9 153307089
9 138248933
9 267679620
9 786658289
9 867148719
9 101919731
9 78230559
9 147074289
9 32824359
9 997050352
9 474919017
9 571717219
9 130743759
9 214357609
9 122512819
9 301713469
9 957688273
9 885366709
9 406746389
9 225302739
9 922569298
9 302900803
9 100330449
9 52228869
9 704229168
9 970486306
9 533563979
9 266144529
9 119750816
9 199066524
9 901655146
9 716021089
9 486043970
9 729520966
9 980920498
9 842932418
9 303100097
9 822805795
9 83200089
9 748315459
9 338579062
9 253668369
9 912932524
9 381415409
9 843310829
9 712923949
9 268001849
9 840949349
9 247177169
9 301843509
9 320300839
9 783124993
9 340800694
9 53409432
9 85569747
9 505363909
9 818684169
9 833886509
9 254715291
9 18549013
9 182096474
9 47818009
9 744769895
9 61118749
9 179525597
9 287806409
9 582001509
9 716842719
9 808579318
9 905526676
9 751819338
9 501585963
9 898881015
9 846413699
9 892443658
9 169338825
9 377483119
9 556947420
9 272493735
9 907412932
9 16105689
9 918699002
9 138143469
9 359194114
9 353726359
9 162872879
9 116862589
9 110574092
9 950996253
9 854321965
9 538511459
9 366818479
9 768851139
9 490350569
9 880206459
9 200561419
9 34801819
9 353299199
9 974073332
9 991611867
9 616357529
9 362802889
9 325944444
9 532022469
9 769411803
9 823745958
9 503870259
9 536729650
9 615111859
9 211728119
9 241689409
9 946287523
9 292015166
9 687184029
9 505669918
9 871352859
9 693387731
9 504418879
9 789814941
9 373287369
9 830605597
9 682261959
9 405983051
9 462036970
9 722811549
9 741903089
9 670111469
9 22198347
9 475648969
9 105496854
9 396943060
9 654487629
9 720161149
9 625552219
9 497549414
9 656750159
9 287019973
9 489242791
9 398473073
9 498776446
9 276469380
9 740823869
9 967126411
9 780926812
9 859748636
9 120913441
9 756716079
9 753284559
9 198815077
9 354921366
9 951026803
9 593844077
9 944520767
9 349992823
9 955591580
9 285007988
9 160651279
9 59460250
9 257914458
9 756021129
9 552378379
9 927605620
9 433285779
9 357743789
9 982636275
9 28099676
9 482702985
9 364610889
9 586753589
9 104100459
9 846019958
9 507941602
9 668778469
9 121444079
9 727761389
9 612234992
9 645696240
9 52843869
9 456617569
9 634849661
9 608889277
9 544369932
9 211709753
9 990671214
9 246940408
9 250441291
9 995788527
9 466464739
9 313774209
9 923659510
9 386764950
9 430552639
9 646600539
9 953468552
9 230026629
9 503718509
9 795226264
9 690303537
9 782720190
9 924529653
9 972684147
9 755965689
9 165379161
9 502182789
9 793010157
9 43565965
9 142954798
9 720674469
9 543462139
9 6900439
9 619904497
9 72153539
9 215513292
9 245040219
9 506921116
9 313169249
9 547686509
9 651680597
9 359163532
9 368968886
9 464451019
9 104182961
9 804527019
9 528726519
9 355115697
9 883677079
9 462767179
9 234178479
9 362691457
9 988428255
9 890855332
9 102407319
9 540876698
9 286451190
9 950821919
9 524059398
9 235243289
9 128773649
9 3081619
9 29505709
9 952879849
9 911572249
9 593275852
9 726802429
9 974909322
9 316616189
9 224689279
9 113924658
9 438937824
9 481105889
9 989989451
9 34033319
9 551196357
9 627528409
9 68081129
9 908378679
9 850817489
9 985378083
9 267566079
9 759195132
9 295569081
9 315755295
9 119376865
9 643480019
9 79746650
9 238394249
9 200667947
9 144792889
9 499438354
9 738546689
9 424529709
9 448925778
9 11829146
9 656901488
9 541019072
9 482663389
9 889139490
9 330506209
9 741322039
9 3367459
9 366874859
9 64313790
9 263596602
9 127758921
9 874047189
9 510551069
9 44704659
9 507177159
9 793040463
9 876270619
9 939434987
9 887978013
9 84740839
9 4916997
9 171273589
9 309855273
9 233482259
9 358510579
9 796622315
9 804066999
9 446791572
9 55851549
9 112770839
9 313073939
9 450433049
9 200886609
9 934629802
9 799983590
9 496787690
9 895164701
9 61930837
9 483720709
9 558328189
9 50915125
9 358805189
9 427283439
9 752410009
9 165825279
9 7876921
9 240940479
9 668920884
9 164595541
9 425874649
9 76229236
9 801119096
9 873661029
9 491681048
9 984882795
9 318412569
9 31409733
9 467522019
9 705996056
9 549833391
9 723670729
9 808590254
9 950083925
9 292411753
9 905347576
9 833371059
9 856488409
9 852000709
9 178342129
9 538491343
9 124938346
9 167097211
9 909843733
9 747563719
9 28759196
9 899650155
9 97502024
9 652888209
9 648426069
9 9715214
9 868603019
9 802285189
9 207209661
9 303688709
9 956450827
9 854397888
9 152500962
9 580479906
9 977720218
9 415668629
9 218075649
9 889959189
9 708888159
9 849955364
9 14778379
9 200663169
9 943070985
9 610669261
9 547351759
9 115209715
9 815301579
9 957571966
9 544518779
9 835228859
9 336316839
9 283080309
9 296766167
9 408644979
9 52658169
9 457708839
9 523814239
9 573392373
9 157256639
9 768092852
9 242509865
9 30161129
9 353321539
9 215902561
9 287864639
9 961903237
9 703624459
9 558116429
9 104766739
9 733502972
9 473072529
9 867951485
9 143556869
9 390285873
9 856038398
9 979980542
9 527480369
9 489072613
9 113199191
9 648296573
9 208490721
9 101262589
9 506187930
9 697595842
9 501600409
9 929969845
9 503869288
9 260799850
9 359624898
9 342857986
9 5574129
9 436767419
9 381089160
9 239225067
9 339667263
9 454743955
9 127419018
9 402336009
9 460744879
9 85379684
9 681774911
9 426790741
9 906237303
9 155169534
9 217777960
9 868454691
9 232467209
9 465279196
9 868083179
9 829198995
9 167782189
9 421729007
9 139467830
9 519609697
9 321989155
9 575931150
9 267514859
9 18943683
9 534645590
9 185787229
9 224509126
9 17668209
9 852698509
9 737374819
9 512832039
9 438202139
9 720223941
9 180668679
9 114345729
9 230935961
9 610438719
9 870468319
9 135513029
9 364106792
9 534773879
9 454749674
9 895392375
9 465630819
9 574135269
9 343454809
9 396799811
9 116821939
9 208799844
9 416982875
9 742386739
9 447999057
9 797836686
9 855234869
9 322418059
9 87106809
9 728807569
9 767916712
9 763122459
9 997838570
9 560131879
9 850530759
9 730035289
9 971547910
9 914845012
9 575537429
9 304752429
9 482450839
9 751836690
9 947162646
9 518495265
9 619032491
9 294580207
9 823507977
9 251994205
9 671792333
9 930502214
9 489928027
9 216977836
9 578742259
9 10667459
9 728468009
9 400032859
9 64751069
9 88977696
9 726415169
9 137232289
9 143570409
9 373010519
9 637439885
9 695902308
9 208111079
9 909875348
9 163051309
9 436614079
9 590313522
9 553228191
9 708035879
9 206075719
9 248583289
9 167705669
9 964279805
9 569489160
9 796759310
9 984002775
9 594501607
9 304817379
9 713350922
9 956726991
9 556964936
9 844028039
9 114748679
9 874401639
9 834789611
9 845041469
9 187617409
9 305306609
9 466118719
9 491263479
9 924586554
9 992643281
9 562617059
9 874112639
9 253270009
9 349453837
9 680909321
9 354143869
9 20929305
9 640999166
9 586464199
9 637541998
9 521838490
9 898495061
9 805499205
9 3691942
9 430557196
9 268753996
9 908947165
9 869924484
9 577080597
9 623701489
9 771405489
9 85452958
9 820527279
9 721931100
9 669717535
9 165461779
9 383373809
9 259038941
9 60901626
9 273847409
9 514195843
9 566856994
9 415647946
9 979513183
9 720898882
9 567576369
9 699292311
9 528471197
9 896391879
9 995282389
9 264332889
9 121111690
9 924111538
9 741727919
9 303454379
9 356969199
9 41870219
9 346279507
9 575090236
9 435458049
9 982146300
9 600863329
9 86587109
9 216790775
9 730499132
9 246078179
9 340746509
9 17154119
9 642202279
9 93296660
9 529698979
9 115425509
9 956664237
9 653672019
9 917375685
9 264399781
9 510536439
9 478732649
9 514653936
9 807937787
9 794376680
9 361916043
9 417230139
9 834863769
9 655160139
9 506649597
9 512707119
9 672334509
9 726429845
9 400456009
9 342457489
9 494070354
9 755727359
9 242983857
9 325078359
9 330728209
9 14729336
9 147632691
9 499628522
9 578268923
9 668156759
9 672423669
9 892666126
9 919403884
9 825612090
9 253919097
9 875312039
9 233424239
9 467814292
9 651598216
9 308774849
9 566686393
9 2994285
9 460266359
9 701688209
9 738170849
9 308796386
9 563665449
9 178177519
9 386256924
9 381791608
9 539862180
9 995846453
9 193770180
9 895014918
9 5936478
9 865482689
9 419584536
9 613320319
9 313214309
9 838431759
9 266574069
9 346194771
9 345551549
9 918657928
9 247632419
9 185548349
9 526232759
9 363905454
9 625130809
9 979651307
9 891627274
9 175525739
9 826759711
9 912709168
9 473887779
9 878214759
9 722693056
9 326011619
9 263667491
9 946661918
9 940022276
9 826471719
9 857980148
9 162671029
9 484125409
9 798342520
9 197590165
9 661407975
9 715887509
9 71371096
9 62067529
9 414911532
9 490052886
9 532628529
9 636368279
9 994450741
9 436445931
9 347551952
9 616002169
9 10000009
9 269005075
9 635403219
9 252125109
9 35191914
9 408759327
9 662423539
9 304625889
9 55067914
9 897010978
9 284620039
9 770132679
9 851167219
9 858486819
9 965327833
9 400407869
9 897554713
9 649412472
9 167026849
9 896935452
9 88036509
9 745907840
9 439712193
9 620062879
9 390138461
9 906520706
9 239532907
9 257639367
9 261312945
9 995223471
9 304176249
9 343038779
9 508826659
9 374094341
9 669324477
9 638478349
9 543314984
9 433540941
9 563477954
9 846564159
9 917125175
9 228177239
9 877467819
9 381474879
9 630917674
9 641717459
9 869965934
9 906746973
9 749867541
9 993615846
9 954835137
9 597448862
9 615291614
9 596226467
9 711972974
9 861124949
9 107925865
9 498481732
9 811095195
9 453410049
9 219844241
9 586472219
9 345965646
9 458697518
9 614635395
9 464117029
9 577110129
9 294983940
9 479404377
9 123918935
9 961770824
9 481189943
9 835736769
9 997916346
9 844112239
9 21226429
9 153639300
9 974419250
9 915333540
9 89909899
9 495215984
9 252591760
9 745205309
9 445742980
9 117600119
9 81900044
9 894081618
9 77117749
9 964853531
9 108914439
9 558014149
9 693820004
9 374650289
9 733882069
9 226083689
9 465358549
9 661436999
9 841879738
9 931336733
9 583445906
9 643057379
9 466989952
9 304158929
9 779760229
9 956877728
9 292549792
9 926945747
9 693000724
9 475766689
9 380340669
9 873584729
9 631686159
9 176437889
9 795875240
9 767100159
9 163418029
9 866917057
9 391731728
9 942375870
9 72248779
9 852543369
9 615904104
9 4582869
9 298817826
9 46166389
9 190836528
9 269535356
9 959997948
9 891658467
9 6976755
9 942083043
9 939121926
9 65993885
9 300786879
9 13404957
9 377332459
9 788995712
9 64144749
9 322156279
9 808380259
9 564166569
9 201362095
9 403595111
9 502960471
9 219342477
9 573964473
9 319508972
9 487673559
9 794548633
9 102021389
9 696203393
9 340364089
9 413646559
9 681741679
9 734976924
9 157456689
9 779643987
9 332450889
9 641544889
9 495523149
9 337916005
9 382920035
9 445788589
9 254095825
9 684315489
9 904414549
9 762690715
9 834143729
9 477479669
9 27214659
9 955808625
9 552302809
9 447563798
9 771774579
9 616149303
9 821054059
9 152543279
9 394025686
9 603317489
9 480195533
9 701395018
9 626661795
9 300228029
9 679616513
9 589688910
9 89753845
9 869225361
9 395812038
9 475374109
9 222476889
9 76048159
9 180015519
9 295922462
9 893011898
9 901884125
9 112522928
9 468086829
9 463419789
9 552321369
9 283765319
9 881373179
9 999216807
9 458632579
9 508381988
9 541884398
9 723880169
9 612156069
9 336405896
9 199472697
9 443259586
9 78489703
9 515999340
9 463474589
9 396629003
9 855930989
9 597474630
9 363987953
9 691888236
9 440482519
9 793472872
9 220710399
9 43907405
9 710013589
9 996372813
9 156110819
9 564680369
9 635956023
9 739448331
9 589605150
9 785438559
9 641708559
9 609801434
9 200143759
9 217013509
9 125168952
9 437560049
9 40364991
9 531116309
9 446873249
9 165834069
9 804871619
9 941205421
9 20624963
9 530294604
9 930269394
9 873120189
9 73227908
9 248094474
9 761880819
9 66522971
9 598510389
9 893899730
9 434897867
9 280382629
9 116820394
9 974136797
9 971187984
9 562756369
9 360578229
9 563446689
9 785090911
9 317114589
9 406102289
9 149722180
9 428032964
9 257711139
9 394650185
9 580559047
9 129284955
9 329624591
9 386617229
9 910257323
9 158881019
9 161977395
9 624553369
9 168656879
9 937855613
9 905538141
9 515923222
9 388953196
9 10000009
9 565477229
9 58217789
9 682205819
9 336762789
9 735265079
9 327853429
9 714477459
9 299450200
9 150447390
9 877292433
9 840660091
9 356215849
9 598938151
9 790239607
9 782942813
9 441137769
9 329360700
9 85641749
9 66638569
9 85984866
9 135313319
9 63643496
9 920117578
9 701714759
9 750599775
9 876513429
9 761592472
9 234879607
9 127462905
9 158800429
9 600721719
9 742507659
9 46926892
9 232770479
9 828652289
9 490012549
9 852202195
9 334669599
9 475456494
9 28531239
9 333604559
9 294120566
9 176650789
9 206030769
9 779805673
9 648887829
9 168629369
9 4000965
9 309749208
9 851831709
9 931905194
9 711987027
9 526515497
9 734870669
9 210566469
9 472045479
9 476295672
9 21296736
9 589731066
9 755619200
9 900105057
9 697122980
9 348245679
9 978475262
9 383220229
9 363193687
9 907791790
9 375949171
9 238487529
9 876463739
9 775617193
9 735599604
9 464239332
9 423196975
9 328637349
9 664386559
9 697947131
9 753173129
9 843950915
9 943296416
9 740105592
9 388704059
9 91101165
9 738699801
9 165222449
9 245208749
9 666228329
9 326217298
9 624764839
9 327390213
9 100730129
9 210407479
9 119234143
9 416605439
9 957173650
9 253803329
9 133794177
9 712953339
9 312518597
9 335328709
9 894482172
9 226094037
9 881790758
9 981565142
9 594439951
9 161151059
9 135183729
9 608696120
9 442556849
9 637919335
9 331762339
9 823517089
9 661892777
9 383642529
9 739271601
9 709724609
9 257083069
9 10000009
9 44272459
9 445428819
9 779413548
9 503588940
9 8070789
9 13530369
9 785420529
9 818585096
9 752799253
9 70046929
9 444593623
9 335888209
9 641850789
9 784175059
9 690723398
9 654058309
9 833436549
9 586547739
9 815880129
9 572638119
9 841552129
9 268272919
9 985994674
9 57916255
9 530281149
9 250685293
9 240730498
9 461384659
9 126037994
9 133849092
9 493693818
9 40962173
9 212130429
9 64500409
9 399803298
9 612266379
9 576725129
9 355334129
9 599191070
9 116247249
9 972239222
9 723359251
9 410662691
9 931321243
9 300294690
9 832804479
9 248148659
9 433273509
9 448613549
9 983162062
9 281074709
9 703952207
9 31835659
9 180414129
9 411668589
9 727549065
9 263342429
9 582169839
9 661987794
9 409882506
9 459774994
9 566192276
9 567861089
9 722451930
9 895547347
9 77395910
9 355435779
9 558174695
9 775084795
9 702276669
9 100066209
9 742259809
9 232325839
9 331620769
9 722270339
9 275608189
9 622203390
9 572924540
9 691121686
9 263173809
9 471931161
9 69170998
9 410596643
9 181486329
9 159642847
9 704573219
9 217495057
9 320092081
9 258045900
9 405081934
9 641840209
9 789587309
9 697770481
9 345750389
9 928840901
9 155695282
9 90160906
9 620767429
9 905876049
9 468810149
9 792225232
9 94010004
9 539212281
9 111867189
9 183650649
9 733406759
9 527685249
9 682601769
9 972588748
9 972607668
9 959258213
9 387701904
9 263432519
9 334961460
9 6667839
9 110122169
9 271029494
9 26280589
9 726968503
9 164656419
9 883258629
9 569303469
9 267273849
9 501381549
9 414148869
9 281475309
9 694585839
9 283095442
9 112491704
9 796100907
9 435347629
9 587374419
9 781344097
9 773060469
9 516039636
9 180222739
9 963461914
9 633553519
9 362044459
9 8614239
9 780571749
9 406432479
9 710405019
9 252853749
9 503054393
9 362375395
9 162461079
9 210713779
9 229944835
9 513578089
9 137511779
9 327816479
9 367787329
9 758320289
9 660246409
9 816967480
9 445386749
9 381374819
9 776607589
9 381378954
9 440584569
9 945605512
9 569382373
9 656661942
9 614821859
9 779162543
9 772672249
9 382841319
9 288109008
9 248578859
9 175560495
9 84972489
9 867213936
9 367424693
9 734407169
9 613552069
9 469239053
9 347634549
9 806728942
9 283143629
9 897111558
9 803246439
9 139163357
9 651755329
9 298381426
9 889428331
9 10000009
9 215595874
9 647508019
9 681374039
9 715588549
9 468415389
9 51582779
9 746762907
9 435078209
9 989738945
9 54330900
9 882955450
9 445401239
9 900102010
9 102573988
9 240025379
9 851443759
9 304124569
9 833845249
9 737225079
9 476040495
9 179405857
9 16337920
9 991823118
9 131698933
9 49146616
9 679333958
9 219648187
9 261606839
9 641674679
9 767115519
9 124625940
9 89140906
9 821225093
9 79307943
9 749610689
9 176547819
9 697315812
9 256947915
9 576718739
9 53942371
9 773498638
9 738459346
9 596450398
9 828153849
9 618595795
9 502664629
9 888843789
9 840811679
9 152512219
9 331434269
9 115640719
9 956679654
9 672662009
9 604330179
9 900784405
9 456655259
9 749234354
9 185556569
9 54203809
9 351743339
9 985393841
9 380544519
9 781046109
9 715909950
9 843231049
9 558760659
9 262915786
9 403155619
9 213538849
9 326410369
9 894358852
9 640427009
9 298906320
9 859880878
9 477943781
9 468403459
9 628042729
9 143303393
9 464083972
9 40674879
9 298587353
9 366405239
9 528148069
9 353606019
9 207310169
9 763895234
9 629817285
9 692906408
9 749969424
9 292554745
9 265626392
9 108536289
9 451610739
9 292362973
9 704897624
9 726799908
9 396849373
9 488697320
9 369260436
9 56251139
9 967567692
9 925231243
9 254262789
9 827704195
9 970190245
9 913827411
9 60957857
9 254523429
9 281085479
9 408279371
9 810593206
9 895252219
9 567218319
9 156084289
9 700873709
9 372334974
9 806503596
9 903202299
9 717464049
9 347560019
9 965631555
9 526890057
9 360355159
9 377011679
9 352439057
9 132858069
9 604760559
9 775901515
9 266334449
9 725564279
9 428603289
9 563381069
9 846615619
9 57999941
9 174096748
9 741385259
9 736033894
9 94910331
9 956385196
9 602671469
9 558677219
9 199536985
9 697433644
9 862035619
9 597394199
9 281025159
9 718815059
9 860058489
9 98088146
9 380322690
9 337279863
9 575051859
9 313251889
9 496049947
9 977876726
9 228181679
9 434262159
9 23012209
9 194066038
9 646441529
9 83874892
9 110610879
9 522710749
9 50770966
9 431375269
9 367839720
9 366481839
9 837813369
9 530929586
9 378883059
9 580999122
9 346737059
9 55469358
9 521552269
9 504416529
9 506947086
9 600681129
9 110106759
9 822733109
9 314037679
9 184537119
9 954021897
9 822633239
9 86727519
9 827847959
9 111314139
9 492450867
9 660401879
9 169577211
9 185941708
9 718812369
9 130628619
9 352997581
9 390169830
9 529876213
9 36645519
9 209787585
9 724075529
9 24458649
9 224775719
9 455468329
9 532584339
9 194362260
9 161347993
9 360523349
9 434601549
9 767602739
9 592323387
9 489644840
9 109632079
9 882443279
9 286002289
9 877998072
9 633049345
9 867335296
9 556579987
9 233605986
9 620195371
9 611823389
9 894535306
9 746212691
9 788609880
9 790568019
9 944719838
9 66995042
9 904969194
9 942356602
9 394335502
9 689216644
9 507723942
9 683875988
9 294022632
9 712294138
9 814790607
9 818216149
9 215815789
9 729988650
9 228370059
9 424752469
9 585704389
9 800214119
9 973479654
9 462464749
9 83792344
9 966075226
9 443962445
9 726072349
9 202600920
9 20630049
9 387421169
9 614714519
9 709307034
9 514116449
9 866325359
9 660415679
9 695325396
9 617020329
9 204819561
9 340742649
9 924132828
9 240727295
9 315572549
9 549985515
9 712650779
9 810225209
9 353174479
9 447033579
9 824961194
9 648765926
9 464617239
9 327110839
9 41952728
9 220424839
9 624729352
9 475951659
9 507508979
9 696159580
9 239282994
9 336811497
9 607820493
9 148934244
9 403518915
9 811150579
9 543848169
9 415710389
9 104172249
9 333523139
9 838177579
9 202559035
9 456595021
9 696668302
9 705483889
9 378551539
9 158661749
9 893308861
9 356634629
9 577298339
9 875362928
9 247801109
9 519085198
9 815551594
9 489721047
9 751759967
9 989763430
9 863793281
9 154727297
9 19206222
9 755240793
9 78411912
9 856222309
9 480702329
9 815657709
9 950790244
9 797446486
9 415681539
9 625218093
9 151625389
9 964615756
9 723014669
9 715151009
9 569606775
9 671870919
9 260824519
9 296183738
9 39160014
9 579036930
9 814516957
9 46744439
9 994015432
9 50854469
9 350841915
9 742492113
9 702160945
9 788444639
9 636284819
9 869515873
9 248526159
9 934827334
9 718104789
9 575725994
9 613971946
9 10101539
9 179096404
9 10953987
9 323162987
9 159662857
9 589108954
9 417368029
9 419751621
9 599212292
9 186570259
9 978324700
9 143682509
9 404216859
9 438767349
9 466520639
9 527664809
9 946396014
9 536404809
9 638345279
9 362418904
9 316942257
9 378288309
9 966152556
9 168650409
9 693419062
9 849389013
9 875423911
9 170646659
9 955821217
9 91682491
9 5714519
9 724184796
9 864468269
9 999716110
9 208787559
9 124458129
9 208662769
9 87266879
9 492661648
9 266456329
9 260123359
9 30294854
9 523805904
9 907969171
9 966933406
9 357035759
9 129224264
9 505619883
9 263729832
9 704550079
9 860912148
9 87482289
9 15501179
9 852689295
9 553706489
9 733009886
9 678723449
9 870682069
9 349293141
9 356577989
9 980470138
9 555104059
9 462849201
9 854442945
9 866786579
9 137196648
9 719709796
9 193231378
9 58566393
9 231571409
9 334834879
9 604412529
9 640664429
9 735079993
9 674107329
9 645283179
9 256846449
9 303998511
9 781228259
9 148774219
9 430712609
9 473047129
9 323586093
9 947846270
9 500889789
9 312487509
9 143958319
9 203430609
9 279889294
9 881480109
9 895646329
9 912755433
9 399142887
9 433658349
9 261598519
9 558178594
9 909099880
9 102984044
9 893603084
9 270267429
9 341869511
9 373857908
9 283923653
9 950246118
9 255879395
9 19540147
9 367007159
9 185738409
9 301971405
9 145067209
9 91451268
9 426705679
9 708706329
9 856186195
9 801248709
9 35092051
9 898758012
9 825406719
9 111589209
9 95082201
9 65053419
9 999837109
9 883137869
9 771389155
9 873107869
9 925079508
9 399838230
9 855529074
9 435641819
9 987283385
9 517260739
9 209644906
9 813666509
9 835969472
9 597631919
9 388275429
9 976359793
9 307419128
9 840025978
9 358966112
9 531203609
9 550442429
9 277488379
9 532372689
9 268823594
9 892051072
9 248668339
9 507637089
9 205193754
9 711862709
9 426896396
9 843275899
9 788847429
9 772896233
9 821807859
9 204328409
9 345765229
9 922575187
9 136666394
9 653455999
9 12874749
9 435569291
9 234002559
9 630427029
9 916385155
9 784098148
9 113191685
9 109105272
9 841168896
9 450851559
9 533060769
9 512057609
9 105887749
9 606734996
9 792402019
9 26947158
9 619864521
9 284281179
9 934669393
9 382741819
9 866590592
9 780472729
9 141743789
9 284114789
9 434302049
9 477494698
9 447438159
9 947625442
9 903631356
9 850168798
9 37161952
9 187713789
9 361663149
9 195405674
9 780393254
9 400325319
9 754431469
9 524556549
9 482764869
9 690020206
9 611583990
9 774302019
9 999070975
9 513580439
9 780685439
9 699975409
9 118675069
9 938548793
9 41375379
9 344195144
9 321524519
9 971155555
9 121123549
9 487821509
9 666467889
9 510089452
9 517066089
9 318659208
9 376303709
9 540086679
9 203479172
9 885838259
9 634865819
9 156020419
9 809601407
9 982100913
9 433284549
9 175883239
9 306322469
9 410083219
9 273379729
9 593784843
9 380089664
9 292446803
9 407744429
9 831065619
9 308004039
9 379507592
9 66468309
9 279369732
9 381207659
9 175700489
9 848773269
9 111152619
9 981813568
9 239601792
9 349054978
9 5649917
9 319576255
9 579195474
9 825171729
9 226348098
9 626120290
9 830951631
9 392500220
9 287472089
9 25500389
9 163017859
9 220024739
9 738218009
9 312613539
9 32804209
9 151150039
9 558608159
9 782085569
9 738872829
9 407288159
9 426493482
9 789936121
9 622636829
9 895945578
9 422556695
9 789828108
9 634314259
9 594747135
9 286221019
9 569501704
9 938437880
9 325812639
9 942127323
9 467577679
9 543351984
9 410806829
9 643873719
9 586343869
9 861078999
9 166255849
9 853463559
9 380930208
9 293229203
9 430571389
9 767118759
9 89860669
9 771324819
9 587831933
9 158771839
9 330189091
9 824188339
9 333117749
9 362525669
9 628445490
9 257526769
9 143948930
9 565502209
9 756778789
9 246140609
9 597287430
9 827253249
9 281828869
9 1000009
9 182309422
9 699480413
9 615910068
9 750642479
9 807634859
9 165257109
9 987359211
9 638064549
9 775359727
9 707286099
9 644642490
9 338237689
9 979894126
9 920157647
9 621704940
9 679703314
9 217382439
9 527502639
9 929861541
9 677659495
9 679232663
9 561779912
9 723593849
9 651319556
9 607572996
9 961094837
9 255540219
9 571481918
9 225887926
9 180294723
9 44518789
9 783902380
9 885152649
9 149571309
9 86849036
9 851720219
9 781411229
9 761280829
9 687122709
9 14791836
9 172398104
9 186869753
9 967392877
9 989162492
9 415541739
9 237485219
9 195780368
9 586720839
9 744000209
9 636683496
9 8221679
9 469121284
9 234243049
9 212870559
9 588567659
9 424916021
9 792370326
9 831798616
9 186602795
9 429108481
9 313079738
9 59782115
9 386430539
9 880138449
9 944428286
9 100354559
9 208068419
9 511024609
9 801841649
9 369468320
9 189937407
9 497358625
9 69635351
9 182048493
9 467834789
9 819224119
9 801975300
9 417348739
9 948536877
9 465086690
9 448704109
9 759873286
9 394185348
9 500530928
9 966281891
9 976502758
9 716222089
9 149301572
9 987872301
9 383101859
9 901470558
9 956709336
9 142230139
9 332560569
9 231746479
9 853342319
9 669294231
9 651180819
9 695953592
9 134106197
9 902002352
9 944491638
9 545372329
9 867043379
9 891032718
9 590966054
9 154208729
9 794102044
9 78116069
9 592242058
9 238479807
9 186207069
9 210223609
9 650091066
9 301189153
9 145943195
9 933322380
9 480840239
9 34125339
9 512948710
9 198125196
9 934616704
9 841382329
9 538479714
9 914835325
9 208823942
9 987248153
9 401386829
9 196811689
9 135904947
9 100000009
9 237658593
9 742534849
9 772951671
9 832610559
9 904837470
9 937061084
9 302361139
9 340568169
9 132331219
9 623384398
9 988856906
9 136724329
9 295990749
9 194915104
9 455397303
9 517416039
9 784880539
9 835055739
9 493304327
9 169290244
9 483911571
9 567675629
9 735013459
9 702368709
9 391102080
9 507593451
9 840365269
9 827722789
9 247998610
9 785135997
9 496594355
9 986807624
9 648167669
9 497425065
9 13013759
9 398787453
9 502764879
9 173147589
9 891085448
9 893183902
9 467650905
9 160082189
9 891024405
9 397261936
9 34749233
9 471477139
9 713027389
9 697157835
9 905980062
9 436262009
9 985934823
9 582404569
9 844709373
9 649786122
9 601795020
9 360296830
9 706843943
9 851246069
9 515520879
9 582813859
9 624837729
9 165555039
9 576970415
9 626112769
9 133008419
9 320690933
9 292305371
9 962847323
9 242501409
9 71768409
9 569551308
9 868284019
9 406077229
9 819611916
9 303387119
9 799105274
9 460599726
9 419837019
9 476966269
9 506053519
9 177245961
9 349058702
9 13115649
9 195776213
9 331050539
9 417017489
9 665709054
9 192645442
9 50297951
9 160828990
9 808601409
9 992685901
9 113203219
9 54743829
9 731191573
9 452572059
9 866325696
9 502717809
9 319263563
9 540812819
9 274179735
9 941421419
9 599738947
9 756762349
9 187348619
9 958641038
9 2933700
9 961436503
9 864119820
9 324893129
9 160491411
9 457940717
9 541525798
9 471165229
9 471762928
9 198771466
9 953231158
9 553635059
9 405556139
9 618339652
9 715308549
9 981515935
9 526165829
9 244867479
9 798706712
9 371649499
9 378382961
9 151915814
9 45121369
9 798780432
9 120718393
9 820941366
9 960337361
9 548899842
9 659255790
9 621953335
9 771129067
9 943941257
9 952441624
9 277516309
9 996333230
9 949898639
9 892647404
9 738945380
9 945441305
9 298494751
9 46377679
9 855299105
9 686783129
9 884058693
9 587682729
9 251256109
9 682899906
9 395224604
9 528067129
9 141255459
9 399374681
9 564412009
9 602602239
9 355497241
9 469445620
9 877746349
9 402051479
9 929463383
9 288289167
9 487590597
9 268968903
9 77147749
9 62990502
9 730155149
9 410019794
9 660733259
9 476077139
9 821604819
9 511299838
9 280835119
9 317928655
9 179300113
9 713267059
9 269976408
9 843415779
9 718985515
9 855701749
9 975980668
9 520888569
9 683555659
9 986927163
9 72740509
9 143796685
9 983088207
9 771737529
9 225661509
9 366578779
9 607481789
9 656552709
9 563985800
9 100000009
9 691095743
9 681414869
9 101236898
9 636648943
9 725611689
9 23113389
9 115823669
9 404895976
9 145029510
9 384394629
9 282169254
9 155909591
9 627846849
9 231888359
9 570261609
9 798418882
9 385951049
9 489473384
9 980539043
9 665377984
9 273032698
9 534827309
9 579492365
9 737500209
9 502619244
9 244381389
9 28977415
9 417898706
9 257347209
9 455717309
9 247530649
9 237950979
9 680894582
9 430581609
9 649490068
9 418870369
9 730055609
9 994991406
9 122878649
9 828845329
9 937591666
9 820247389
9 956026724
9 356354329
9 116478389
9 780495735
9 944190994
9 313996609
9 769461709
9 896490844
9 367281539
9 856770791
9 903253116
9 260472169
9 557764947
9 503989623
9 94183676
9 768342329
9 592130144
9 913756044
9 384643912
9 340249516
9 377169136
9 2865539
9 173313859
9 679028164
9 235116809
9 70580579
9 369342468
9 256027892
9 723180697
9 903731659
9 840855069
9 618081839
9 670804439
9 490510521
9 617035529
9 80272169
9 849720853
9 7172409
9 602926384
9 995653369
9 508978243
9 141023119
9 83854469
9 70862954
9 617400779
9 46319691
9 850789179
9 110187649
9 131334719
9 158159724
9 263172179
9 655505749
9 621888149
9 662977798
9 341181829
9 45813923
9 355694198
9 135081029
9 938686837
9 865830191
9 421445549
9 397591981
9 126198412
9 121170649
9 438087294
9 948406915
9 683380869
9 534172839
9 17755329
9 18536359
9 340030559
9 294679814
9 124876709
9 134869433
9 692012459
9 466560009
9 704790979
9 627773947
9 392147501
9 906690653
9 318629409
9 554439275
9 369094753
9 578307329
9 899918193
9 324864219
9 164002739
9 691135503
9 750534079
9 494291045
9 484701209
9 634490852
9 706503719
9 198325256
9 867748549
9 346976954
9 753185529
9 285705039
9 563575239
9 184148192
9 493157420
9 798734568
9 391013230
9 767933222
9 841278923
9 209751519
9 366413479
9 571194807
9 109207965
9 642000729
9 656782919
9 516918545
9 966392692
9 869868070
9 575670957
9 84078419
9 226275596
9 504256289
9 635559270
9 284678629
9 786676419
9 526704559
9 171733893
9 848597455
9 792176778
9 44617749
9 921161010
9 920956987
9 800916486
9 307121519
9 29046387
9 619179384
9 699787449
9 586958911
9 90108657
9 85928574
9 35016914
9 640586891
9 88490614
9 68184779
9 836993214
9 421939328
9 310718009
9 876703439
9 143061049
9 35366489
9 246876689
9 659979740
9 579063724
9 445141119
9 643376914
9 882179063
9 229515282
9 395469837
9 843861369
9 647295521
9 343849482
9 37768692
9 782521489
9 782570639
9 177136469
9 994213876
9 351322859
9 748847179
9 979498156
9 122565089
9 694262683
9 75450339
9 168382129
9 670400029
9 86811769
9 163738329
9 229331455
9 754514719
9 727622459
9 44396075
9 181560339
9 227620690
9 236941717
9 114504159
9 162778849
9 15480139
9 614261669
9 477036649
9 136016339
9 816074549
9 429801454
9 528409422
9 994782403
9 243039354
9 772928938
9 393205507
9 167068029
9 206062492
9 87297164
9 276950778
9 962593925
9 488962278
9 549168739
9 793271229
9 304756791
9 692895932
9 662409591
9 411807849
9 379484623
9 420791306
9 362868096
9 148497177
9 700933632
9 987840394
9 467746969
9 152429452
9 919637370
9 213347097
9 803887953
9 5247269
9 395029958
9 749625957
9 651267569
9 573372869
9 813420689
9 391751072
9 138479581
9 202193468
9 839535128
9 924867498
9 44823569
9 467182039
9 20387904
9 691418815
9 68389005
9 536198871
9 855282049
9 344593891
9 657645209
9 557133409
9 963262894
9 750944023
9 42321789
9 504961669
9 846306589
9 509137090
9 616351159
9 186739589
9 75629869
9 229999858
9 228052919
9 984671173
9 288877309
9 414917289
9 218045029
9 440183009
9 187891313
9 27490276
9 721236009
9 171809653
9 81920076
9 669278236
9 747149795
9 38603596
9 201707809
9 576009089
9 376172966
9 221235839
9 598351174
9 270823689
9 372127739
9 120022092
9 95903236
9 785066709
9 148692094
9 235758129
9 790358979
9 874424329
9 926989974
9 436159093
9 807834972
9 30556908
9 957615607
9 537012935
9 326946797
9 686097936
9 590127678
9 842851409
9 531265993
9 445174929
9 319612312
9 728151239
9 877810779
9 595283283
9 789357782
9 444224692
9 898417772
9 810265890
9 115799313
9 438166469
9 419401542
9 369254226
9 128218319
9 543708429
9 353477749
9 790543770
9 292019941
9 723758699
9 331140319
9 766565649
9 282454759
9 543569499
9 46226569
9 846227569
9 273742937
9 866409887
9 55885796
9 553800396
9 404611619
9 666237898
9 351521920
9 814951038
9 624457219
9 617606529
9 210413996
9 863374569
9 314324193
9 910466310
9 832297757
9 456267089
9 819769094
9 908931109
9 866750379
9 785613059
9 248492307
9 880382229
9 431180229
9 834557509
9 727763539
9 145156009
9 34523899
9 171920843
9 246159318
9 964168728
9 377011559
9 672326139
9 342312249
9 387076549
9 849345182
9 346605369
9 751768859
9 453873896
9 673429855
9 84004119
9 63825469
9 667387519
9 572621594
9 378317950
9 370907903
9 95323756
9 167077950
9 302989649
9 562681195
9 10382994
9 223146999
9 349030612
9 787154479
9 745614829
9 754703339
9 497203241
9 676912920
9 880127619
9 152476209
9 709647519
9 604813359
9 526019855
9 622984486
9 983721930
9 478535960
9 285896664
9 453829755
9 924858817
9 708256419
9 853290546
9 865939438
9 718664689
9 895130559
9 806005389
9 287436619
9 700980538
9 52755319
9 617716719
9 195937414
9 787472955
9 823353829
9 960555312
9 588323779
9 454276669
9 95179597
9 952281538
9 845702319
9 938751615
9 148402079
9 771491355
9 899632917
9 475793230
9 569485409
9 761774779
9 153855629
9 604054992
9 895400295
9 988243849
9 173775792
9 636384179
9 404491810
9 342106951
9 485371489
9 870223598
9 436358970
9 994848390
9 252224269
9 789260312
9 491827105
9 944122247
9 122733329
9 206455879
9 236862149
9 118357889
9 876368079
9 809903655
9 154222379
9 575895091
9 422952559
9 528529310
9 753486259
9 991635999
9 57624249
9 796812063
9 899044078
9 954124713
9 846254903
9 187519905
9 163963184
9 43811769
9 60125459
9 11545097
9 794349348
9 696936165
9 618385039
9 965354919
9 874199579
9 77959944
9 768675129
9 709467812
9 150019125
9 895520949
9 119654561
9 510369860
9 459325444
9 936857188
9 113652982
9 215474419
9 6581539
9 965467507
9 848505039
9 531213039
9 811780269
9 241858569
9 621290943
9 421320609
9 777022209
9 167711689
9 984291986
9 433402149
9 348633769
9 308424029
9 603046619
9 605076923
9 669468276
9 938300578
9 16748429
9 509912404
9 143563239
9 882673669
9 716192450
9 457257759
9 298102626
9 869660680
9 872230279
9 431907960
9 703422709
9 757856019
9 456905904
9 613114649
9 257273089
9 159568719
9 897913579
9 556439695
9 366204809
9 16734409
9 965807318
9 505944177
9 176389631
9 229575157
9 324354479
9 132545249
9 984092482
9 318946502
9 441424889
9 404123049
9 766932985
9 53112709
9 179791877
9 943788404
9 606979968
9 402458849
9 465447589
9 644217679
9 615634329
9 578732429
9 122186798
9 137034269
9 470581789
9 924751839
9 965504560
9 356384269
9 181386593
9 341311539
9 582759345
9 473621459
9 928175441
9 680037179
9 904334382
9 72868269
9 551154729
9 997463288
9 812628729
9 417280749
9 742724398
9 640251419
9 45631439
9 916583584
9 303010889
9 287070389
9 596521570
9 361558897
9 664914998
9 151156719
9 246419372
9 406591764
9 589206951
9 125533209
9 160251639
9 7947612
9 405696869
9 744176059
9 588569319
9 520003859
9 628107689
9 991729001
9 79124922
9 260663259
9 50174914
9 26691136
9 372000349
9 356696722
9 476349678
9 674048679
9 371938227
9 739391260
9 602112849
9 746370369
9 639708563
9 843021569
9 962944131
9 859490203
9 55309384
9 7175389
9 468522529
9 276196700
9 120203829
9 479375557
9 661087039
9 423506297
9 469658838
9 62749413
9 676656189
9 565500096
9 225605729
9 809507715
9 304168259
9 580362491
9 756520469
9 956169044
9 29605843
9 736907522
9 606328691
9 871190182
9 226805395
9 734591715
9 977861769
9 628499125
9 618190836
9 193919782
9 858234769
9 487640039
9 992474096
9 223708369
9 967835890
9 859422573
9 804152769
9 497803495
9 227969631
9 214873219
9 360389470
9 523173789
9 861702019
9 291403067
9 641986927
9 101465779
9 991504946
9 663333409
9 390636413
9 908567297
9 965537890
9 684464879
9 852174829
9 317322891
9 140631589
9 807305289
9 799345904
9 951798743
9 199462176
9 16850609
9 435489616
9 701567559
9 291820451
9 896083172
9 534495508
9 340312359
9 944934920
9 269277959
9 183279398
9 337727906
9 975615700
9 677135759
9 775906341
9 297541962
9 661873479
9 956749364
9 105850495
9 639339552
9 437391270
9 114543972
9 321413709
9 796711149
9 454543579
9 285302819
9 982251174
9 582680379
9 535446595
9 319494516
9 655300479
9 143239062
9 421977596
9 128212859
9 389389405
9 726831819
9 634694854
9 710609903
9 775673669
9 100584489
9 809300914
9 924043464
9 518438139
9 814844319
9 743140739
9 590138136
9 933762139
9 176584309
9 294869751
9 616217908
9 39472617
9 743264449
9 880431589
9 172287229
9 77032029
9 175279679
9 995310550
9 921347459
9 823570249
9 52543839
9 212281569
9 61289075
9 980790267
9 227046309
9 472170839
9 931989952
9 208395545
9 224054679
9 941410751
9 601998842
9 480178809
9 404476779
9 225368769
9 196168129
9 372647927
9 847724309
9 721329862
9 561277139
9 639667238
9 58092903
9 762358679
9 287762409
9 963685321
9 639417538
9 475651179
9 570433849
9 125744339
9 293192237
9 44028289
9 7250791
9 300460569
9 223396440
9 132922050
9 190153585
9 900774018
9 893719856
9 45545249
9 296053045
9 489810399
9 399080831
9 361804259
9 455105279
9 45164519
9 349925279
9 728988842
9 56933755
9 517758829
9 41341549
9 597517986
9 77693237
9 181815689
9 801275309
9 967861399
9 283798937
9 398799815
9 249732466
9 872936769
9 720263709
9 414142595
9 17843379
9 482631839
9 731493061
9 515879498
9 784922903
9 204780849
9 239217973
9 37144189
9 799851393
9 479559676
9 577122509
9 418017789
9 295730119
9 703007619
9 664363459
9 336364879
9 12056229
9 77247899
9 664783429
9 745746679
9 27654009
9 572717793
9 619139077
9 181977860
9 751797727
9 958562413
9 787797476
9 752481219
9 458605529
9 245434594
9 293165381
9 474856592
9 748213789
9 156520119
9 355252449
9 932802559
9 249679676
9 206426489
9 927231816
9 346036819
9 199804801
9 4999470
9 658398931
9 454351879
9 1053639
9 98540610
9 577194789
9 601904577
9 434118449
9 438953899
9 621057489
9 703881829
9 602960674
9 44425139
9 742075769
9 982351843
9 215553329
9 347047239
9 347556019
9 746617139
9 32203569
9 48843529
9 686237097
9 871773259
9 143366839
9 814439325
9 247628429
9 265252029
9 171220987
9 390245839
9 897747222
9 713384989
9 588493870
9 687965639
9 998036920
9 335245349
9 253922781
9 316296814
9 850922882
9 837980515
9 499154503
9 15936816
9 863813619
9 482403109
9 633346429
9 843129933
9 742603819
9 946541836
9 379793562
9 351259653
9 692418700
9 854905515
9 794426750
9 628201079
9 624627239
9 486763339
9 894421871
9 398708461
9 735097334
9 561981994
9 517045429
9 499388999
9 948271780
9 326883369
9 10000009
9 267104289
9 69153882
9 876118759
9 692518857
9 698633984
9 419768833
9 268724039
9 512594445
9 784674339
9 629643456
9 663834219
9 889775382
9 329173795
9 471909074
9 375639841
9 856420769
9 620905146
9 992798963
9 862086329
9 527861329
9 761930697
9 48512769
9 503542019
9 15565759
9 911895044
9 594115405
9 673180819
9 276463319
9 702099573
9 732596409
9 630188289
9 871313599
9 78975608
9 883972968
9 630098374
9 231871049
9 923694861
9 448965279
9 226829842
9 274082029
9 617221922
9 146115119
9 605239830
9 976291059
9 594168508
9 823715419
9 486957437
9 315104469
9 214999940
9 259646872
9 56786489
9 79155648
9 102502749
9 893877362
9 960740239
9 712220359
9 105227749
9 972891110
9 337801769
9 828319889
9 991526874
9 718545489
9 526823639
9 590604872
9 334850910
9 898218742
9 538607597
9 76225369
9 480701896
9 805760469
9 970946956
9 904574999
9 929674738
9 849057397
9 162246369
9 498732777
9 518256559
9 386215479
9 936287939
9 292020668
9 891231927
9 45917973
9 228751039
9 921550792
9 755847829
9 608887859
9 470779893
9 235912358
9 262112309
9 83236079
9 186599216
9 519385696
9 336302169
9 689963305
9 636283894
9 405194077
9 294990239
9 1000009
9 512154956
9 428492625
9 746164149
9 251046779
9 7964029
9 269242197
9 857574379
9 220939504
9 289970548
9 854055529
9 910051740
9 936006892
9 133258849
9 308196290
9 411072299
9 852773469
9 846031379
9 677876519
9 540089861
9 829382481
9 673250019
9 568842199
9 695536668
9 276456259
9 591223715
9 445738497
9 737029123
9 394278755
9 255460591
9 180977283
9 701194983
9 233691669
9 971945557
9 906238184
9 955567624
9 787098749
9 468661790
9 568774839
9 884266972
9 875749465
9 777838449
9 129479768
9 775210559
9 884636709
9 669040660
9 608807389
9 498395605
9 720728719
9 905514365
9 9199413
9 679265469
9 432599158
9 198204637
9 329822886
9 388620009
9 779929643
9 505511859
9 439677676
9 229066308
9 346526289
9 428060819
9 393045688
9 221528609
9 446536589
9 379911977
9 839917949
9 797321166
9 305953818
9 650096106
9 972894121
9 295985119
9 209516083
9 372459799
9 834348159
9 814214709
9 827385369
9 945628828
9 724388009
9 611518849
9 217534659
9 576806279
9 455433936
9 343459729
9 437711019
9 329633934
9 788257096
9 462223079
9 800221639
9 801955755
9 470848629
9 374404709
9 693635073
9 879940890
9 643010659
9 632959053
9 612593117
9 459933880
9 904157195
9 690578174
9 740973481
9 111200569
9 293154671
9 257434198
9 496160199
9 453436519
9 453081779
9 723511489
9 629130119
9 396211998
9 619906156
9 137671829
9 208965844
9 679252401
9 619081551
9 687576569
9 936992919
9 657169427
9 752943680
9 26883359
9 793638122
9 156493789
9 269621674
9 682747569
9 847545469
9 737788749
9 58138590
9 614576889
9 657246319
9 265264389
9 736129830
9 706669243
9 697652541
9 722178925
9 764702079
9 117299200
9 731482539
9 696778791
9 694853409
9 771445794
9 194762428
9 437886529
9 377039718
9 436632629
9 305065129
9 148471933
9 402971185
9 457064649
9 135965984
9 749915171
9 879692693
9 451812339
9 238134791
9 759063679
9 756368279
9 392299780
9 45256579
9 155853924
9 366712229
9 900408009
9 447178309
9 166470239
9 255450059
9 828871149
9 948667237
9 584217209
9 986808709
9 281313298
9 859526987
9 571351189
9 78938875
9 603513209
9 553228729
9 288087950
9 659997799
9 790037363
9 603013279
9 501272829
9 784568029
9 463274359
9 771188596
9 749731110
9 62114869
9 517113669
9 448161079
9 456132549
9 31376954
9 346763539
9 956280389
9 183182059
9 376731039
9 476821029
9 810626679
9 61655119
9 375712829
9 107884219
9 951861836
9 581527069
9 630778349
9 872159420
9 593432044
9 329183343
9 876652689
9 463783920
9 26454209
9 945221613
9 471644879
9 820067059
9 808594723
9 615249536
9 291449176
9 979994853
9 765639117
9 568015906
9 155748795
9 930082484
9 207317429
9 829938153
9 716108889
9 472559599
9 236560943
9 134121509
9 340651089
9 298225778
9 432658659
9 372443915
9 359653008
9 558103789
9 566943707
9 438741709
9 803667394
9 871861929
9 320216659
9 782493044
9 278904395
9 1255849
9 714324993
9 971120721
9 128187932
9 696067480
9 387564319
9 481111759
9 386671079
9 654232079
9 378104259
9 931099589
9 283800859
9 626231469
9 259471711
9 516044996
9 295838123
9 158378069
9 587994328
9 333240839
9 975009940
9 483878495
9 445389810
9 950576199
9 120164619
9 51568649
9 282292193
9 915449644
9 386767849
9 561309748
9 59004127
9 556858779
9 933358753
9 602664079
9 980017581
9 919406871
9 593484485
9 983710078
9 344401449
9 664781589
9 280484439
9 830894181
9 374752910
9 24944039
9 53342949
9 717705429
9 320163889
9 126003889
9 523492251
9 364152986
9 32934337
9 685958200
9 465430229
9 427663289
9 48709745
9 924192567
9 305211389
9 703582096
9 632292260
9 339218042
9 243238879
9 655039887
9 159035618
9 857750379
9 466346069
9 687916507
9 470645169
9 944478448
9 800967824
9 41771759
9 244545987
9 831289076
9 343469268
9 255901237
9 394752350
9 759999901
9 749779439
9 924307333
9 220498584
9 902681168
9 101507289
9 93922526
9 306350891
9 298599094
9 782412329
9 385408539
9 768764729
9 32708489
9 555333259
9 436365739
9 628650819
9 524032319
9 757685419
9 651593016
9 757716379
9 922194612
9 821868389
9 285114869
9 384918559
9 123573269
9 586854739
9 339102282
9 656154149
9 277574927
9 44056193
9 16671931
9 180977759
9 214284509
9 864683519
9 868846719
9 917513773
9 531395870
9 689739549
9 114517859
9 519006287
9 724068529
9 985732710
9 20540719
9 951931021
9 886281449
9 29775237
9 444539691
9 456947831
9 602997350
9 956292823
9 671699905
9 845724879
9 431374079
9 268768829
9 513539788
9 662802069
9 830161019
9 709951722
9 204059205
9 221735892
9 214550879
9 997875207
9 658312369
9 807608839
9 862889756
9 604254749
9 382434709
9 127922335
9 380604169
9 646028669
9 2484889
9 81881629
9 337629648
9 81150709
9 526152239
9 775174839
9 508993678
9 161824069
9 826836089
9 323240339
9 371577239
9 703647947
9 860041489
9 125828359
9 692562240
9 898721151
9 459200452
9 448423169
9 658905286
9 357154589
9 265565469
9 406918927
9 480863097
9 92402795
9 464589899
9 923188182
9 308977751
9 804926539
9 476913877
9 149999180
9 876164749
9 697010608
9 857778991
9 251166729
9 78032192
9 889660537
9 501978868
9 549377893
9 67175229
9 176731789
9 446181579
9 263126609
9 452581948
9 933362531
9 758470339
9 502119706
9 750747149
9 622797149
9 441402519
9 850495531
9 813531599
9 312741119
9 449674016
9 68736950
9 646821931
9 376119621
9 371906090
9 740450589
9 996591099
9 34789845
9 930887307
9 865936326
9 534186719
9 315206369
9 846897867
9 624272759
9 661034889
9 367785769
9 362637779
9 972705932
9 337918395
9 71128589
9 321207819
9 735941600
9 981282063
9 513124296
9 872199528
9 255640039
9 399986667
9 579441899
9 638124109
9 619063619
9 986465462
9 786919166
9 289032037
9 329873495
9 563373119
9 748761129
9 399335229
9 259447978
9 712122189
9 2958659
9 339884251
9 139259780
9 405668149
9 132869080
9 712830049
9 229274805
9 283523839
9 863726779
9 843815269
9 764770379
9 523498078
9 152264589
9 877233459
9 881631869
9 220502119
9 208414319
9 312095421
9 296881066
9 379918889
9 88290899
9 35228194
9 416972121
9 337324019
9 227065779
9 454037579
9 29475402
9 346401589
9 606403979
9 577877978
9 43871309
9 702364369
9 702734192
9 722849349
9 759483921
9 733188759
9 919762977
9 653625149
9 283812889
9 254097891
9 258902044
9 922649628
9 376625369
9 586185909
9 427502969
9 499720025
9 250076669
9 652260859
9 453523529
9 568661319
9 836789950
9 487828319
9 991370722
9 46160809
9 363231249
9 820854169
9 175204319
9 610552269
9 139952693
9 489177193
9 565620469
9 157119247
9 953661041
9 465666319
9 521134549
9 996791512
9 466496790
9 558722954
9 158283972
9 655925936
9 814330976
9 466414389
9 295295456
9 503296512
9 919202341
9 542585189
9 51481879
9 597307289
9 947691705
9 421324639
9 254543879
9 510114789
9 252394418
9 235822499
9 484785930
9 921464910
9 333348419
9 541485943
9 218919597
9 139949162
9 536815389
9 947862948
9 907810952
9 164384194
9 898572421
9 110062139
9 204039892
9 116374509
9 666244029
9 976975584
9 39802829
9 62109969
9 914168878
9 703260919
9 505001489
9 201581999
9 80288639
9 646436389
9 582429109
9 434458729
9 275717009
9 690870363
9 874602669
9 606095213
9 108433329
9 222161839
9 388401569
9 683301639
9 974759638
9 383493896
9 377222494
9 395152389
9 971372233
9 512676019
9 188037249
9 532152249
9 817756139
9 771570489
9 342628695
9 967102259
9 385044609
9 558094944
9 420491397
9 145439505
9 395255368
9 746543294
9 290226937
9 379399
9 458806849
9 465859936
9 647626069
9 479766444
9 179788276
9 219797049
9 193660470
9 47697965
9 350898009
9 713564829
9 587576639
9 487802469
9 368990163
9 971956940
9 156157289
9 770567459
9 443854709
9 860941881
9 679238953
9 988998106
9 630531789
9 624576559
9 816249957
9 962647115
9 367189177
9 114063049
9 113249445
9 491055676
9 343087209
9 580261779
9 619254
9 258114749
9 382932879
9 368687709
9 110480249
9 165671579
9 313330159
9 534718559
9 135040291
9 355643019
9 946053513
9 501117829
9 375057913
9 338789786
9 377428359
9 178161089
9 229097929
9 795322897
9 712853495
9 994982112
9 910552583
9 481339242
9 288689615
9 87946108
9 242586789
9 795234400
9 45265369
9 651591204
9 767775019
9 166120129
9 842135889
9 945088110
9 210192883
9 404091248
9 961399151
9 455265191
9 506630409
9 636195592
9 89876350
9 941719589
9 418828049
9 957803396
9 865768429
9 713321119
9 735811509
9 112106195
9 212578912
9 235208139
9 288525549
9 662146679
9 638798481
9 968581403
9 215046389
9 545749151
9 819481922
9 413267669
9 454005619
9 85507179
9 482881589
9 430494650
9 704073189
9 238282849
9 351533009
9 201312759
9 873869683
9 541060839
9 56913482
9 735832999
9 34913838
9 169287109
9 905509436
9 175882908
9 425329610
9 952423328
9 798883791
9 432048579
9 489371757
9 607862469
9 550352469
9 246781519
9 963082782
9 527052093
9 261952356
9 860266769
9 362438439
9 409699708
9 274536669
9 70517259
9 517704549
9 114221449
9 918728160
9 753826429
9 360650769
9 430757791
9 208655749
9 828350693
9 362964717
9 913854351
9 171349314
9 515323219
9 334323869
9 996295070
9 965197911
9 775112029
9 212552469
9 883939586
9 747496709
9 140216902
9 55073937
9 866576889
9 359452872
9 472443279
9 157189804
9 481400917
9 513883991
9 89695113
9 150703859
9 104131789
9 168981871
9 837252429
9 942389025
9 536026689
9 113944195
9 865685189
9 394569744
9 955902962
9 428473529
9 998803961
9 378425069
9 727553819
9 633867319
9 892551103
9 118764709
9 139354245
9 827900934
9 859604072
9 555949597
9 400826639
9 838802039
9 962766670
9 324974741
9 608909913
9 75936420
9 137940059
9 219628015
9 345933210
9 995244587
9 773837091
9 719448926
9 248762195
9 658167739
9 52662679
9 984637173
9 72770149
9 371828209
9 678249982
9 583236794
9 768321149
9 108348089
9 593133996
9 939743329
9 453928850
9 679613232
9 767694068
9 953439669
9 913056426
9 174070469
9 332294177
9 800226849
9 281337479
9 381033289
9 586773889
9 360181294
9 409587106
9 35372319
9 877748569
9 83436659
9 384081976
9 554631729
9 844036709
9 557197724
9 251690210
9 970693263
9 316331259
9 341786419
9 430469830
9 360001279
9 748834269
9 898542436
9 234756329
9 400279354
9 353753879
9 20115549
9 987169955
9 531120089
9 381750920
9 427379058
9 219086762
9 104537819
9 879110609
9 283776890
9 773411339
9 961500903
9 736128219
9 311823419
9 720533409
9 487291474
9 283129667
9 756580396
9 618354669
9 777536915
9 796919318
9 195935441
9 369411882
9 653367179
9 223699974
9 160195306
9 823087598
9 30200669
9 652948189
9 705438589
9 956260380
9 831228239
9 329524944
9 953136217
9 488889750
9 822112429
9 759137297
9 404128529
9 237761369
9 512590674
9 160082779
9 405524529
9 749849870
9 735648319
9 787681139
9 390934584
9 784395920
9 103924183
9 767143595
9 60567297
9 211976556
9 592077282
9 707014239
9 366979229
9 137552119
9 154523339
9 779241201
9 854129659
9 828319131
9 223893911
9 285040789
9 16287589
9 3723069
9 47495971
9 192074612
9 503606945
9 447613907
9 461847129
9 109847845
9 318936453
9 119592198
9 579693728
9 56099638
9 243068369
9 711177941
9 119707380
9 339701493
9 885887729
9 593219756
9 995325373
9 399286780
9 506232059
9 31612759
9 342674339
9 671304379
9 586143749
9 961050891
9 982144392
9 409475916
9 576378839
9 711505179
9 764462329
9 690022516
9 984206090
9 835235219
9 840467059
9 428731709
9 968390913
9 25489389
9 777317369
9 187926790
9 905386321
9 123949198
9 839925581
9 48032509
9 859300756
9 105196242
9 500944784
9 874120259
9 289568199
9 617353549
9 887317489
9 14133839
9 466412089
9 108955454
9 283069566
9 906717571
9 723989951
9 164741769
9 439820575
9 683342519
9 219452090
9 29416277
9 160193345
9 229443603
9 979057307
9 649363609
9 400441659
9 412453893
9 294540786
9 340338419
9 445326789
9 17491910
9 640217298
9 554690146
9 84715719
9 789199902
9 293804349
9 565199857
9 481575359
9 45783379
9 619067074
9 764941806
9 539358400
9 545862729
9 642701393
9 717606249
9 928156607
9 679157181
9 15764965
9 603648913
9 557575309
9 17109214
9 300596100
9 723734679
9 872866259
9 132248958
9 191929539
9 549006676
9 125421439
9 1592227
9 124026429
9 976852352
9 192460475
9 327698805
9 980299677
9 23564479
9 958699934
9 83327739
9 294771636
9 930704566
9 790402649
9 900734010
9 17661569
9 274823429
9 450899125
9 213026069
9 306542439
9 749383748
9 524812469
9 157052819
9 692916196
9 69041348
9 990845326
9 959572039
9 226694316
9 720791983
9 711693482
9 450389007
9 78852729
9 373555983
9 755528539
9 292208594
9 528565319
9 195912862
9 236970883
9 21207229
9 410927854
9 419609386
9 267404389
9 364772749
9 940014954
9 508621859
9 742667409
9 84029514
9 127059013
9 490502501
9 916664759
9 534584729
9 979702233
9 818467969
9 133471709
9 378024109
9 521934571
9 887696413
9 576298258
9 954049472
9 414450079
9 424269899
9 783806529
9 870204991
9 118960282
9 536645905
9 66171219
9 930008054
9 569807007
9 158613419
9 573063319
9 483737439
9 424487429
9 430980115
9 234764539
9 721977692
9 924577537
9 137404469
9 968197521
9 345329543
9 520557986
9 499262935
9 569437704
9 77288889
9 943251824
9 343862869
9 847515906
9 584375069
9 677811759
9 155124649
9 480582299
9 90478547
9 304568439
9 891837631
9 80995296
9 782578679
9 91462258
9 899440983
9 694405768
9 629044327
9 63403649
9 973644574
9 280813249
9 29828890
9 344180009
9 885140009
9 271899970
9 655112859
9 835345479
9 132513809
9 587788349
9 124846930
9 244038915
9 310521519
9 549923999
9 747035109
9 922054619
9 143234849
9 60255659
9 894171087
9 330260924
9 872868089
9 925856495
9 749675515
9 316640549
9 40200679
9 28264889
9 75296125
9 143144409
9 708343619
9 721631279
9 470719787
9 868350491
9 118007899
9 199379990
9 486591250
9 310597070
9 939242078
9 33720913
9 740715469
9 236514259
9 773618589
9 632798780
9 848678189
9 221411029
9 201596382
9 714089360
9 87954956
9 937550689
9 314921387
9 422857369
9 331112909
9 993744442
9 886594180
9 714489529
9 606959827
9 866907036
9 583945825
9 130548094
9 556080539
9 211245889
9 109348086
9 121470229
9 698275250
9 524353749
9 487494156
9 192524530
9 482449630
9 675558559
9 652197505
9 94865159
9 481262639
9 842330629
9 599328307
9 251158829
9 320216609
9 786194340
9 464904061
9 245352509
9 908428880
9 799348815
9 145356089
9 917916119
9 731351209
9 927527877
9 295237039
9 921727488
9 243045839
9 780233029
9 203493556
9 592114338
9 936266046
9 965985166
9 597672006
9 842894764
9 622409018
9 691663950
9 319184381
9 516810289
9 39867674
9 71214619
9 874331589
9 334922781
9 198252247
9 966540725
9 637950200
9 747640179
9 998527211
9 85672159
9 626597440
9 967373050
9 526293169
9 443258139
9 531634229
9 567244179
9 745434579
9 927381632
9 623336049
9 461143549
9 59564629
9 10816469
9 88358109
9 348029253
9 87279420
9 544981217
9 636807769
9 749521394
9 891754483
9 498593702
9 922246449
9 623525849
9 641337229
9 654848239
9 116692963
9 542950990
9 581026296
9 682274839
9 705478859
9 343606439
9 261286489
9 436009077
9 164606049
9 652708549
9 893994171
9 654641669
9 968489623
9 382333639
9 474265489
9 338594918
9 347118889
9 240962361
9 112736779
9 592740804
9 142113739
9 222340379
9 909729278
9 461214059
9 982810650
9 262961699
9 940895159
9 591197540
9 240775159
9 218580994
9 463344659
9 42397989
9 213668945
9 529152742
9 421907250
9 192168674
9 551006239
9 830878609
9 566771539
9 456378789
9 790305498
9 176860019
9 133800569
9 231785719
9 928033346
9 346857089
9 662559431
9 732829780
9 707332924
9 849309215
9 483230249
9 555737859
9 451430309
9 180980924
9 850129227
9 831647529
9 15031429
9 234722229
9 846822329
9 470837739
9 105737449
9 451784349
9 128455964
9 487851929
9 21449323
9 981078877
9 229549297
9 512857039
9 376498006
9 903945679
9 947348354
9 256154039
9 31821729
9 940195360
9 64843779
9 698858185
9 762011459
9 382295070
9 17290356
9 499999125
9 659249983
9 65033392
9 983653130
9 18811629
9 909902441
9 712020149
9 198605455
9 906573112
9 68059002
9 166826459
9 897571948
9 529372383
9 480922816
9 875172899
9 228677639
9 222338199
9 785943580
9 813616659
9 859052315
9 331775690
9 612366859
9 936348104
9 346879867
9 590870065
9 205514392
9 496908936
9 293252421
9 515464749
9 685171449
9 269658923
9 195166982
9 52735019
9 74530439
9 910679389
9 292591987
9 742771279
9 786925955
9 858767994
9 124276759
9 260395217
9 347291921
9 263437609
9 113804389
9 136417239
9 869617078
9 52391919
9 923550451
9 862988319
9 146355159
9 355025219
9 822090337
9 769388012
9 573910049
9 974831831
9 479679870
9 807273889
9 723903084
9 738345189
9 297156793
9 991793416
9 598314514
9 170196305
9 177601209
9 57188079
9 750717069
9 301797779
9 910923591
9 823883839
9 597715826
9 713944133
9 300193
9 575472397
9 723291719
9 249101354
9 827583159
9 372042639
9 93712816
9 547734489
9 690658168
9 630308829
9 268589864
9 232075960
9 10000009
9 568662359
9 154683689
9 857842829
9 920599590
9 90445192
9 507191035
9 615538379
9 135279449
9 139661113
9 768852179
9 940147622
9 600511119
9 721903779
9 761359796
9 586458279
9 739486246
9 71211779
9 78713659
9 88103039
9 294468072
9 760508669
9 420584829
9 870750449
9 326725329
9 332762669
9 703210529
9 229827904
9 155337309
9 318133192
9 780089283
9 213148269
9 782377649
9 987894109
9 805532469
9 265527869
9 977459489
9 319064158
9 469657969
9 893421884
9 355132093
9 294445970
9 457915374
9 961982944
9 863307794
9 420867109
9 334735669
9 572844926
9 817986144
9 231798462
9 258071629
9 125368419
9 265275579
9 673443589
9 521004498
9 122878889
9 98802612
9 417063029
9 878782539
9 853116749
9 190028221
9 433148979
9 12800039
9 108224209
9 104627209
9 114399326
9 63517509
9 784951619
9 168499728
9 166633619
9 865826179
9 966569745
9 530986646
9 285108379
9 645712019
9 76817089
9 126589811
9 333168729
9 418835489
9 399197103
9 799844991
9 950319713
9 966447644
9 36096586
9 165615491
9 706845239
9 708325729
9 70058649
9 890814614
9 212070819
9 662854009
9 938271993
9 979439402
9 170098772
9 319772379
9 359977531
9 641289007
9 945011917
9 430917914
9 39988168
9 620157089
9 340911520
9 295535427
9 577704279
9 648348209
9 833434469
9 894912450
9 728103489
9 159649068
9 834710009
9 586412689
9 59330324
9 548630449
9 920655430
9 375452975
9 627577947
9 948097975
9 170677679
9 934400492
9 828773259
9 647838249
9 822658759
9 837617349
9 439583467
9 285211819
9 610525997
9 946528508
9 464669984
9 911404109
9 506288469
9 324148089
9 616847619
9 801858689
9 257247191
9 96546862
9 987365377
9 523118289
9 21584749
9 414151900
9 607207739
9 282120239
9 587389083
9 155709214
9 882429669
9 7428689
9 689193564
9 178281019
9 509242426
9 306046489
9 204119884
9 935510434
9 529631480
9 586711129
9 421173309
9 479802746
9 774394301
9 802758509
9 286911884
9 301359016
9 701610749
9 209909353
9 733241982
9 257928851
9 363485936
9 294791585
9 241340915
9 178346994
9 265696028
9 103019130
9 3826589
9 391873265
9 981674343
9 871584319
9 61686269
9 230813690
9 213207619
9 313307779
9 427032859
9 524871910
9 630285980
9 718848897
9 650047419
9 890020479
9 830333319
9 280867709
9 821867289
9 145830319
9 911184163
9 642734097
9 623160963
9 728968924
9 729656972
9 170615389
9 461423679
9 631896162
9 215732009
9 75555019
9 612410609
9 549459107
9 338152039
9 946154461
9 391625399
9 712902369
9 62564259
9 378116889
9 96573653
9 44167659
9 40208901
9 224796260
9 462005639
9 794680733
9 883361319
9 985208396
9 839670203
9 281706931
9 459371575
9 621472937
9 331736179
9 492164775
9 278709650
9 956828570
9 847393558
9 187960758
9 252567249
9 278184739
9 408331198
9 152533129
9 868790083
9 588402129
9 773727809
9 706282029
9 271209450
9 406196802
9 133025969
9 33512169
9 993478630
9 508337629
9 919009967
9 50376649
9 56425089
9 677575819
9 224902580
9 839488801
9 820172339
9 644119321
9 239858330
9 971726219
9 331405930
9 462336967
9 574874149
9 740971438
9 375494936
9 14851539
9 846060609
9 470093799
9 52747879
9 772824809
9 415447619
9 999940752
9 808029078
9 228391345
9 302095069
9 870278559
9 577349249
9 624999207
9 343461919
9 297489150
9 601965875
9 272406439
9 504466619
9 621733129
9 275322139
9 213722769
9 477292624
9 244100994
9 120010769
9 486364689
9 298403666
9 819907249
9 805635869
9 887346229
9 465152159
9 909549447
9 882142729
9 34782359
9 934722934
9 566431769
9 592633765
9 412330629
9 230567942
9 394163690
9 974711242
9 516310359
9 752424309
9 266500849
9 699340332
9 217356369
9 544154592
9 746287139
9 567324119
9 374160659
9 69237565
9 154218799
9 541665429
9 730983584
9 49553603
9 611410109
9 865332849
9 192904621
9 64725209
9 885639410
9 752843079
9 6412309
9 125072719
9 55094828
9 385250859
9 691375575
9 399441670
9 430351389
9 835234189
9 247788691
9 322422549
9 747131389
9 213793127
9 344010009
9 76547629
9 662782489
9 335610593
9 536574924
9 436333409
9 835908165
9 628144579
9 544003493
9 265689682
9 206729266
9 872464089
9 160519410
9 936194774
9 934927503
9 524258769
9 963905348
9 547761089
9 548080249
9 342625905
9 746594798
9 774296995
9 810426569
9 386839699
9 220342469
9 105092303
9 262891744
9 885265911
9 63799990
9 440869478
9 235230589
9 335955265
9 377746289
9 755193397
9 683982618
9 152396514
9 836123859
9 449831049
9 647923985
9 581604379
9 159521767
9 296754958
9 597330766
9 609094565
9 346910549
9 571627794
9 575167409
9 389229185
9 931118976
9 685831529
9 630227859
9 15837409
9 101913143
9 600472982
9 854382509
9 507162490
9 1223049
9 312303009
9 140517399
9 378694548
9 437571089
9 397677955
9 965275243
9 284892615
9 6541469
9 514915651
9 559546898
9 75006349
9 985130526
9 548861059
9 184774239
9 399790813
9 477763259
9 803166983
9 660291256
9 224271259
9 543610149
9 325970189
9 420180669
9 593548284
9 538279501
9 241919038
9 728839685
9 35690861
9 550489213
9 134261619
9 707854379
9 627870019
9 138025089
9 230769068
9 654351977
9 495634834
9 909328264
9 696200366
9 687490633
9 399734635
9 427536189
9 434449680
9 248771169
9 286983568
9 867536629
9 310448294
9 465072489
9 655565910
9 5006159
9 353268409
9 555426259
9 797336477
9 541765689
9 190806820
9 706514968
9 5533319
9 677730690
9 628314929
9 887398096
9 28042911
9 319571427
9 205695191
9 796455037
9 907472125
9 210351509
9 792725716
9 911897378
9 420058936
9 450677049
9 379696845
9 574441339
9 489114613
9 919775343
9 79591100
9 710611339
9 941387778
9 132189029
9 923928699
9 35586089
9 883111943
9 993839512
9 812198955
9 171919992
9 342855379
9 757455219
9 766978590
9 455923048
9 215663938
9 350070589
9 532781679
9 447752029
9 449840194
9 801934822
9 707249915
9 72199920
9 900193565
9 277817798
9 389759742
9 447499994
9 314687069
9 422987882
9 645607139
9 339414554
9 788233981
9 51710619
9 329659776
9 487728569
9 412623966
9 529893465
9 693155081
9 12072539
9 73185879
9 604384709
9 285560819
9 919843964
9 195498798
9 450540139
9 812863596
9 290497737
9 571136819
9 655196133
9 61698940
9 821208729
9 612032429
9 682602049
9 315016879
9 571610559
9 410589397
9 426777069
9 647389095
9 869605627
9 766575709
9 548764289
9 888210289
9 853972992
9 12552529
9 651641439
9 640268913
9 732604779
9 539529081
9 999746121
9 577404069
9 802308039
9 98651434
9 873614239
9 82754359
9 905091681
9 121889730
9 644414259
9 965255221
9 601108759
9 523421269
9 416519206
9 283519376
9 476059532
9 810066369
9 660231659
9 953185705
9 494401344
9 629000502
9 862513349
9 741704659
9 333740169
9 310231849
9 672273589
9 880724109
9 900961391
9 612198927
9 385998386
9 13418329
9 651350639
9 334247349
9 371395709
9 561685439
9 306648692
9 711501619
9 365113679
9 539483064
9 226675619
9 121439524
9 723149944
9 231639886
9 50514379
9 880358696
9 428287879
9 917483161
9 748624209
9 639501887
9 364050629
9 700116269
9 488707659
9 337184096
9 767131929
9 738986303
9 105697685
9 655879349
9 693991833
9 525743429
9 913766160
9 206566159
9 294860200
9 799283735
9 102569897
9 500395622
9 460996437
9 518811769
9 534513978
9 946697439
9 81130529
9 801630595
9 424638529
9 599675033
9 425979734
9 866263659
9 870188269
9 87908302
9 590569398
9 959379538
9 79247682
9 434500259
9 827685619
9 579982777
9 25027069
9 659904010
9 312776619
9 67936403
9 68466289
9 571949208
9 492359728
9 182375169
9 609323659
9 284826794
9 195951739
9 888546009
9 530608219
9 806909208
9 342874869
9 698966861
9 405192883
9 95144188
9 945487436
9 511554449
9 954263344
9 663129930
9 39688569
9 999985568
9 780110639
9 45178149
9 238052958
9 567631849
9 312648149
9 373623709
9 229377165
9 966531067
9 234276029
9 773005879
9 302432892
9 850001519
9 116181849
9 799057607
9 102196966
9 253505579
9 464012579
9 721003839
9 137808349
9 257071139
9 625788079
9 863319789
9 874440459
9 904772665
9 957437978
9 418725719
9 555799084
9 178882639
9 100564549
9 342502009
9 521461941
9 883360936
9 228408059
9 556092761
9 559895369
9 14153559
9 523752889
9 210651209
9 282039854
9 706015069
9 494363495
9 840084694
9 697574527
9 210689414
9 505773479
9 336191960
9 988815463
9 814838649
9 47954890
9 157722479
9 360579273
9 420384119
9 674329993
9 540036709
9 946014385
9 364428109
9 838108709
9 289307740
9 83597054
9 68624739
9 185160629
9 608940883
9 236903190
9 677198964
9 170190476
9 740953159
9 238491474
9 65682719
9 175321709
9 732093017
9 71998647
9 239747691
9 983615830
9 266553391
9 880597284
9 277475329
9 11699208
9 262475594
9 59514462
9 114566449
9 467939318
9 256168519
9 46330961
9 688172829
9 975877221
9 968513276
9 28792086
9 741905649
9 749505976
9 478264019
9 963872722
9 253167936
9 448430943
9 233820309
9 417135719
9 478154549
9 743733529
9 893667399
9 679768281
9 414547019
9 139709228
9 878035309
9 926473605
9 122454429
9 645274219
9 728017359
9 9293890
9 718837479
9 625269027
9 519816784
9 243164519
9 998421256
9 696952141
9 330016459
9 808230889
9 666101994
9 968871816
9 515015933
9 717688489
9 789398877
9 288551039
9 307119114
9 337152596
9 22391502
9 827155932
9 582641449
9 422564269
9 6593261
9 845264819
9 612339716
9 634121970
9 463536959
9 353175793
9 347483796
9 705225019
9 704596257
9 715272289
9 914197868
9 657428319
9 415390305
9 204969091
9 479553652
9 220453589
9 34531769
9 756272839
9 714001419
9 387562149
9 636592417
9 830540998
9 664802719
9 630511839
9 317290638
9 475844913
9 855980239
9 452054791
9 933940230
9 493331855
9 497135818
9 566408119
9 433174759
9 754722039
9 386955706
9 580768259
9 670090976
9 440234119
9 712819203
9 918063215
9 685648189
9 864387930
9 182759533
9 333772759
9 3679693
9 948289751
9 480868639
9 898540704
9 455503109
9 659237591
9 622614796
9 734509899
9 16181993
9 142414292
9 771462639
9 519156795
9 315003259
9 649803032
9 136755995
9 221963630
9 620199822
9 639113661
9 744640689
9 276006159
9 557160914
9 975696599
9 743414339
9 27384069
9 87738669
9 401368339
9 634707369
9 865706529
9 241532964
9 87978526
9 602409349
9 864097065
9 485534569
9 674582429
9 320297864
9 226911036
9 316337509
9 920351266
9 272803392
9 251641960
9 652408296
9 460968067
9 878925073
9 427757279
9 238447894
9 385803349
9 148897339
9 986853030
9 526653839
9 530242119
9 809656513
9 888595656
9 642515609
9 168392367
9 667196923
9 875458009
9 684407895
9 191983549
9 915652119
9 102157792
9 871728049
9 246659193
9 300065249
9 101852709
9 438002189
9 426258889
9 282125009
9 209880490
9 275899364
9 280976157
9 414515759
9 525179094
9 550193036
9 47246950
9 511715729
9 718071439
9 882780019
9 22351619
9 975095378
9 617439529
9 51916369
9 443439787
9 697813628
9 75092333
9 948300483
9 345913629
9 181451229
9 243917133
9 833570639
9 925651642
9 695373154
9 697168779
9 738869375
9 982220407
9 478989552
9 972408892
9 473644819
9 621261679
9 388485339
9 890587167
9 708569410
9 884117569
9 86571509
9 169453756
9 322894497
9 751025469
9 102152569
9 267348691
9 395563996
9 707053769
9 994273623
9 904863540
9 41080809
9 282589637
9 485118159
9 842101499
9 858928737
9 627049178
9 594156805
9 243177539
9 70059140
9 264617569
9 266334329
9 838701369
9 414532309
9 100795367
9 825570269
9 548399743
9 151506509
9 335489783
9 59708541
9 666395621
9 679548544
9 932752037
9 472937570
9 413571659
9 517580119
9 57803879
9 304898708
9 641556779
9 11362479
9 535774389
9 799114390
9 998519909
9 544340849
9 458138597
9 668936621
9 219688686
9 994154779
9 781843689
9 946914454
9 833777913
9 255306189
9 643760729
9 621769667
9 602937283
9 651877709
9 122382289
9 452145799
9 56732529
9 314910107
9 573573329
9 381644889
9 683673597
9 324762679
9 293919983
9 528064719
9 384401179
9 416505249
9 727581889
9 977522340
9 306427119
9 283692297
9 124294045
9 264849811
9 564303759
9 415533759
9 318708059
9 557224339
9 843880459
9 93212477
9 165413639
9 404245569
9 153758669
9 193761307
9 537354119
9 130631914
9 838626697
9 737622519
9 755519711
9 368603449
9 571220719
9 41226059
9 648338869
9 653314019
9 367568429
9 598110159
9 811385519
9 862947261
9 12165819
9 866204859
9 760627629
9 62152159
9 23003089
9 277234079
9 663270419
9 988745582
9 627469535
9 380845609
9 770793926
9 80324649
9 488461119
9 391277578
9 935932360
9 308756779
9 621552359
9 425397733
9 2323179
9 170791370
9 148584019
9 929162084
9 555887669
9 829779316
9 262099681
9 225223689
9 821072509
9 23169963
9 935259028
9 701730349
9 973571331
9 541056709
9 242451629
9 462596447
9 607490256
9 906182040
9 55393810
9 449195400
9 808536359
9 579224843
9 243547969
9 10000009
9 158645019
9 578262309
9 24455928
9 978786073
9 716917985
9 441598657
9 829100373
9 828321729
9 750591168
9 305760149
9 74453948
9 350008049
9 224002729
9 151792200
9 186194320
9 594409588
9 551280469
9 559232440
9 33410794
9 517056019
9 902329251
9 572043339
9 963600864
9 362979678
9 581003189
9 605899187
9 496791870
9 298847707
9 552646239
9 696014477
9 63785983
9 316702397
9 99053792
9 415623669
9 679515276
9 51324269
9 18825079
9 937437701
9 913420116
9 995123699
9 858751904
9 64760639
9 608974727
9 112654918
9 548199798
9 398928237
9 496591983
9 171771589
9 823917176
9 345326469
9 623308119
9 880575900
9 264619360
9 451762889
9 458139882
9 953320269
9 932408993
9 912012508
9 648562179
9 620049280
9 383848249
9 801665229
9 25791967
9 877097780
9 313593844
9 295611133
9 918782290
9 181806849
9 526673859
9 188368579
9 819450916
9 735730159
9 468268913
9 135643289
9 835051629
9 811573219
9 163616259
9 53991308
9 957046660
9 97193270
9 458914333
9 869635322
9 892557840
9 779417744
9 974390622
9 200854089
9 342902948
9 797485604
9 490331321
9 242506269
9 982999314
9 677600789
9 307034995
9 296530953
9 537751289
9 228337849
9 968384782
9 309038340
9 942522995
9 970105896
9 195614650
9 495057247
9 123645069
9 2873797
9 931024041
9 719147863
9 579374426
9 749649251
9 863740298
9 823663926
9 850150759
9 771452189
9 885231389
9 301524539
9 630959352
9 316107927
9 344277896
9 494044959
9 612642609
9 571972601
9 552303149
9 214408669
9 695883999
9 534238789
9 759105751
9 292157618
9 419762367
9 687710509
9 966065743
9 557576259
9 416437469
9 317740819
9 57627549
9 181701696
9 305239801
9 604785639
9 164827689
9 200030968
9 159218959
9 508045769
9 268115239
9 181581209
9 907919281
9 920798480
9 907241093
9 976613473
9 53391896
9 266151839
9 305070779
9 891597551
9 468790700
9 433372964
9 181074469
9 266928615
9 390565987
9 193097579
9 611597476
9 29609337
9 418024249
9 872581279
9 558546429
9 884037469
9 69654453
9 945125816
9 593813877
9 383120569
9 887941569
9 872589888
9 232011219
9 522675339
9 62082189
9 776224679
9 470514459
9 163553279
9 291595469
9 500680396
9 181278269
9 64210449
9 713442889
9 343798782
9 74359421
9 915231557
9 37215929
9 183504029
9 510629372
9 941954507
9 494151313
9 605021669
9 218840179
9 555590793
9 278353389
9 381836879
9 454631594
9 235733629
9 357822549
9 577537309
9 544358259
9 300089574
9 822258039
9 292349390
9 246156798
9 612695105
9 634262019
9 134756709
9 275211559
9 579030156
9 34922300
9 939322803
9 745245059
9 35046579
9 879676527
9 841058619
9 915421750
9 335066199
9 935281759
9 480610690
9 66546429
9 849909538
9 343831961
9 34015698
9 445356981
9 892459433
9 45675759
9 893077376
9 839252605
9 629916048
9 603429934
9 893972139
9 789741221
9 933650542
9 49733013
9 564315739
9 791785290
9 65262679
9 320792067
9 284949315
9 130104829
9 86140839
9 91316714
9 892084549
9 29261294
9 752371639
9 302062519
9 77462109
9 742713936
9 666174579
9 453211819
9 792094504
9 901711409
9 439753453
9 724979752
9 430217689
9 736232290
9 137233849
9 628937591
9 472778309
9 706135779
9 116190864
9 181258129
9 334958221
9 582551419
9 745526889
9 34091552
9 814336509
9 513675389
9 365518459
9 549133640
9 848880819
9 157204729
9 26753019
9 162352409
9 169121182
9 870891269
9 318843159
9 585447709
9 60723569
9 846194372
9 648839770
9 889725374
9 988053972
9 870545109
9 829246895
9 418721019
9 657173789
9 119814651
9 644278908
9 856393650
9 58821719
9 440706509
9 908799439
9 182603559
9 516861409
9 557868329
9 543836389
9 252448391
9 443355839
9 566448639
9 888884849
9 693922075
9 570487409
9 728740469
9 582563679
9 544398554
9 758132049
9 919858473
9 952475467
9 900500084
9 818983879
9 276662239
9 103585259
9 577643669
9 149201288
9 575244509
9 366823629
9 983110789
9 548509066
9 331459753
9 226905300
9 486174309
9 167572249
9 139634865
9 8718749
9 791321593
9 434734079
9 28650359
9 643760779
9 678344329
9 35823559
9 785691090
9 432018659
9 807193321
9 469045094
9 898731625
9 207892530
9 881710149
9 903107417
9 986387781
9 546907987
9 743426579
9 210874249
9 480631429
9 899794713
9 424391483
9 672289590
9 909777324
9 912907123
9 789879503
9 409451733
9 795204152
9 797324440
9 107090726
9 158540896
9 804794140
9 3120819
9 222447169
9 764615889
9 471099128
9 955658177
9 774909216
9 663080679
9 739173239
9 234472159
9 736141959
9 256398684
9 474845859
9 14795274
9 122514649
9 797631767
9 405742958
9 60128839
9 209645018
9 771991275
9 440979047
9 125630196
9 513065649
9 520507589
9 442642977
9 832674749
9 36839615
9 100812079
9 396468412
9 956894213
9 683247649
9 19554635
9 700585039
9 367189878
9 19258830
9 13453709
9 929384453
9 981118798
9 55772209
9 349002988
9 81307309
9 168365996
9 650641719
9 48062439
9 151272619
9 859334940
9 514148193
9 856948511
9 467621895
9 596072892
9 240056479
9 14883977
9 824981616
9 271090750
9 750271229
9 318277389
9 818687839
9 672910191
9 204679520
9 641188129
9 853061859
9 237662489
9 853960651
9 588013439
9 870426903
9 954644216
9 851188179
9 753778796
9 35528859
9 302454369
9 53201569
9 639607228
9 456751049
9 153709636
9 358811739
9 540068992
9 182001469
9 176078694
9 701958845
9 398163304
9 47929302
9 81351779
9 788406339
9 858344749
9 881707529
9 969647188
9 238797214
9 276139311
9 164832429
9 584981958
9 508769026
9 317530809
9 334348639
9 176400009
9 517807359
9 516053179
9 904425954
9 101304249
9 621893569
9 998900514
9 370092750
9 155462390
9 954703597
9 430590645
9 887843459
9 244175109
9 871576169
9 890700735
9 329848158
9 200358559
9 550783639
9 306103910
9 189882107
9 738773719
9 844063839
9 611708793
9 797341242
9 250017249
9 787109489
9 101507429
9 728366985
9 523566319
9 513993193
9 837343379
9 59377749
9 165332699
9 517910104
9 465189581
9 489653266
9 380469623
9 329959775
9 281663819
9 893720486
9 67539362
9 345354792
9 860022965
9 109188659
9 580770229
9 871872946
9 75883129
9 863272389
9 874630169
9 673317239
9 173103559
9 753275549
9 342882859
9 948383708
9 268514229
9 467153679
9 239740740
9 780681069
9 658108292
9 828230169
9 176631509
9 869251630
9 628263419
9 230530159
9 68100269
9 632281719
9 943397110
9 233857879
9 59826352
9 6791761
9 146473529
9 135731329
9 314697680
9 852507679
9 444111839
9 159337405
9 368416839
9 875727927
9 603710769
9 47477209
9 653600069
9 773194870
9 849306596
9 13084459
9 387742059
9 490618198
9 828782392
9 692440297
9 531255789
9 33644289
9 737435819
9 440376492
9 763822459
9 386726059
9 142899971
9 417365809
9 3676059
9 279675151
9 896607970
9 184805393
9 830497563
9 70723419
9 568142609
9 115209125
9 980294706
9 487561029
9 43939784
9 810624549
9 614078449
9 371406279
9 311841589
9 564324389
9 853555849
9 261480492
9 886186059
9 37640669
9 689585299
9 458526779
9 29840677
9 199271133
9 468401779
9 948921195
9 523362459
9 856055719
9 720001519
9 246323449
9 93726636
9 861587953
9 924010190
9 310117209
9 511316459
9 36062259
9 28437829
9 52137039
9 957538206
9 254118759
9 896247585
9 867142679
9 903011734
9 337406609
9 864448329
9 486666649
9 990754439
9 965646530
9 562512219
9 246125749
9 76537798
9 387060049
9 524406829
9 6104419
9 934617040
9 179160604
9 500179234
9 135502819
9 724091352
9 845175829
9 920956844
9 619903176
9 740476494
9 396721504
9 354667979
9 389284491
9 638424319
9 685062569
9 559582140
9 888327159
9 26752519
9 447852169
9 219778511
9 266845890
9 961481829
9 93750869
9 314446019
9 386028839
9 662275849
9 50434649
9 666220839
9 288718924
9 40971914
9 35127499
9 736712991
9 735996247
9 647814609
9 653254229
9 842763409
9 184918723
9 189234989
9 12551069
9 712645129
9 796635117
9 84778759
9 312469579
9 173354769
9 832769833
9 203711429
9 797076864
9 4056069
9 722538189
9 362244973
9 25778191
9 449473089
9 734850839
9 493865853
9 425612596
9 125645779
9 348112689
9 977847626
9 91257086
9 322752549
9 861296072
9 623494217
9 203178959
9 296333145
9 987408587
9 753893327
9 338869600
9 874911119
9 494666107
9 993874990
9 720870359
9 660163859
9 101354579
9 805506439
9 523021409
9 235268569
9 570790943
9 483067489
9 718043339
9 698965177
9 17175429
9 187052869
9 767066519
9 945832322
9 391787075
9 277210922
9 109410198
9 875957347
9 33982039
9 30115709
9 373867289
9 616877409
9 236982395
9 800088289
9 630450729
9 349915789
9 251155589
9 692225709
9 41438139
9 891352281
9 123415329
9 602564119
9 472624289
9 341966058
9 525435519
9 868638369
9 79889011
9 744448559
9 635850819
9 734959806
9 785122809
9 789588584
9 601018459
9 751134749
9 900536530
9 135981579
9 1000009
9 339041596
9 920494439
9 968020845
9 739369873
9 157279893
9 797386057
9 769962689
9 856846292
9 873702219
9 135573709
9 379965518
9 78765229
9 988727821
9 890067134
9 533383609
9 332514079
9 910063920
9 77917188
9 7912406
9 689777303
9 587456069
9 28987131
9 822947021
9 696221045
9 519788687
9 969460090
9 908157885
9 358772259
9 49195387
9 50465109
9 309674576
9 99568700
9 389412486
9 318339095
9 800303589
9 11292956
9 706281169
9 894973264
9 613580889
9 314720279
9 708291487
9 509854456
9 602381869
9 165160986
9 349951696
9 568076159
9 349164106
9 623207898
9 617193196
9 626492338
9 201677169
9 303777179
9 791626393
9 895041523
9 610977535
9 99070845
9 201631097
9 105380629
9 623788494
9 201118479
9 559625880
9 647050559
9 204829419
9 886138309
9 692973681
9 878061893
9 445964982
9 939850514
9 687546029
9 21060209
9 4019664
9 55142691
9 728952492
9 671808249
9 7978834
9 470669905
9 973817147
9 159043192
9 405007909
9 985757762
9 859864070
9 700605779
9 757125169
9 990289653
9 493424963
9 936459828
9 740674979
9 257498101
9 814777409
9 572218149
9 583263149
9 603758309
9 529346642
9 12146069
9 713095996
9 912629767
9 44074629
9 673313639
9 90852699
9 851509997
9 616804669
9 87665549
9 358506059
9 152758659
9 697375278
9 484953169
9 677681259
9 838098777
9 573053394
9 895891768
9 10000009
9 960160645
9 653197491
9 320842921
9 460274809
9 292985517
9 938255011
9 264716219
9 354536779
9 110349003
9 548141339
9 583797968
9 824303829
9 821176309
9 440155439
9 109629300
9 811612109
9 417234309
9 403080519
9 717547249
9 246224639
9 614656119
9 596884594
9 302655359
9 211478309
9 334791740
9 175768749
9 103728590
9 593130787
9 95416524
9 877549387
9 633367889
9 366713529
9 256434429
9 762759107
9 889630392
9 678885891
9 551438069
9 701099800
9 468759826
9 751879962
9 377105889
9 896120327
9 436259541
9 597306791
9 731119142
9 291372337
9 624230029
9 620742209
9 405957554
9 628210889
9 892879210
9 484461359
9 483195629
9 571703249
9 696599531
9 369040246
9 473373098
9 696671950
9 975401257
9 950149582
9 304377509
9 894592567
9 912972759
9 390487051
9 65632229
9 628018259
9 726143229
9 705025249
9 538531179
9 270219546
9 396164117
9 761573149
9 229513299
9 264790267
9 36215619
9 513494064
9 706099633
9 411553329
9 869589841
9 474808619
9 175659654
9 843932532
9 372967277
9 162998995
9 705475159
9 641653169
9 436391665
9 22600839
9 893905120
9 133401729
9 708017409
9 205039754
9 436240889
9 311053759
9 662927850
9 919569354
9 823719151
9 983626294
9 267563829
9 889909972
9 894942050
9 49203753
9 95029585
9 712238719
9 881917220
9 767132639
9 816970754
9 44911078
9 937732542
9 211693975
9 600714209
9 727584749
9 820202968
9 109294182
9 644545419
9 290656956
9 363719253
9 448604598
9 76428897
9 204757049
9 923254016
9 748131439
9 568085769
9 405020839
9 327210459
9 304543759
9 440482449
9 827635059
9 570815739
9 870621859
9 488958051
9 791988614
9 852833259
9 462302649
9 503875409
9 686405309
9 448372409
9 637554914
9 426945029
9 961945058
9 490281919
9 195452334
9 98925925
9 859213227
9 112051396
9 936151275
9 836390252
9 93211261
9 673734889
9 409228979
9 243773569
9 374255879
9 231968536
9 724413099
9 607425904
9 250725369
9 185375389
9 663607639
9 839063740
9 786594657
9 697894143
9 46755289
9 652251739
9 575574962
9 909693331
9 969566273
9 427187629
9 885271679
9 768183209
9 96035730
9 32953306
9 893258489
9 676279152
9 234549344
9 975506784
9 269409986
9 597180522
9 119215927
9 257627819
9 138528469
9 484815679
9 713973166
9 880432914
9 302843119
9 676188259
9 950377026
9 356933869
9 471177959
9 120479209
9 92223981
9 108945002
9 412870729
9 24434359
9 968935063
9 966622715
9 486752269
9 844454965
9 88663961
9 319246963
9 423604839
9 703142349
9 275805719
9 642635090
9 496442533
9 492635785
9 880526549
9 269914632
9 903299163
9 452117159
9 806446944
9 802297120
9 408209492
9 221883459
9 233398203
9 804195433
9 242303009
9 827313179
9 169795018
9 695330557
9 844195499
9 599650545
9 883232659
9 893712507
9 490196352
9 428247904
9 380324659
9 405110229
9 214414196
9 955808072
9 701934231
9 421014289
9 683235619
9 13263729
9 259189441
9 476221989
9 392765939
9 947773231
9 75850019
9 462489580
9 570320894
9 382050079
9 98413387
9 700559543
9 916034679
9 866642859
9 872005809
9 25082549
9 110275669
9 280807609
9 951661406
9 509365745
9 242148519
9 564099279
9 676162479
9 274984820
9 274802559
9 742585059
9 729628090
9 80853189
9 229385262
9 204739256
9 501045639
9 968253734
9 723480049
9 560112960
9 389955316
9 941218313
9 800844389
9 251495248
9 541713669
9 588971234
9 913098868
9 632976451
9 816536259
9 859309108
9 202296799
9 72043179
9 750552589
9 55242209
9 262641109
9 842591114
9 324934004
9 714223479
9 509229065
9 399889216
9 738023759
9 717228139
9 742708849
9 755564009
9 215468889
9 751920468
9 956266333
9 847248149
9 513719506
9 680984112
9 43230946
9 985079964
9 355047349
9 329891893
9 882939891
9 953767655
9 455605789
9 928190893
9 437166519
9 397754700
9 668493998
9 586564869
9 326207659
9 985712571
9 500623189
9 186391759
9 391733435
9 417525419
9 345854398
9 916582201
9 369205365
9 635979578
9 580010459
9 629154451
9 680054739
9 835791840
9 321617709
9 827461159
9 389560024
9 333387009
9 722296053
9 742139656
9 207249154
9 883068059
9 82684219
9 152997755
9 65526189
9 674094322
9 353375659
9 753950093
9 507362549
9 89661316
9 400034379
9 894241714
9 937316030
9 479452401
9 902272280
9 602461908
9 705032839
9 149981307
9 877711993
9 152672039
9 47625329
9 7903289
9 793747299
9 528089162
9 472607079
9 143254490
9 406901554
9 864073449
9 700103390
9 66728489
9 691352925
9 702120649
9 282123129
9 379207772
9 836988164
9 598144550
9 686581069
9 102806209
9 10517039
9 88748897
9 401409367
9 931411209
9 527475119
9 756617319
9 916208167
9 985863205
9 427512519
9 733575809
9 897555307
9 387619998
9 990280977
9 722152569
9 631889348
9 240474309
9 133947382
9 822772309
9 937749051
9 626231379
9 567753999
9 137108749
9 974777624
9 374017359
9 27936240
9 314917772
9 416793584
9 22843297
9 728945276
9 372368709
9 643349601
9 855090925
9 272709032
9 849426069
9 242383059
9 492838587
9 390452631
9 156544695
9 654089392
9 785397842
9 560434659
9 15068984
9 337415229
9 777976061
9 587008948
9 332197267
9 21561859
9 159809049
9 25136629
9 229346554
9 559241458
9 258167769
9 49745500
9 17638069
9 838831069
9 240140449
9 751100069
9 405752019
9 795547165
9 100136419
9 733987160
9 77315093
9 242237928
9 195764794
9 805809525
9 706199722
9 260712079
9 826953634
9 986506173
9 174283859
9 608645479
9 938876476
9 811397095
9 237205509
9 228605619
9 951113009
9 652603429
9 608280319
9 955540088
9 370981369
9 96940160
9 731933390
9 531728069
9 941561418
9 562170819
9 68495778
9 676747679
9 50164209
9 66145990
9 299730763
9 20811079
9 235202639
9 660059024
9 484847690
9 142618119
9 805788359
9 210075309
9 960918152
9 873788779
9 994896023
9 520725439
9 586061209
9 645262649
9 997900430
9 854119458
9 74572589
9 552234879
9 280746029
9 579899553
9 753708219
9 405582729
9 813548579
9 839888726
9 447712709
9 813306739
9 239885944
9 2381309
9 685631889
9 151646419
9 611117549
9 865404689
9 454781069
9 162086719
9 967651081
9 855766958
9 421895941
9 449129931
9 297561434
9 70584209
9 505694382
9 571999233
9 716324629
9 181419785
9 56286699
9 85897307
9 213847709
9 921615951
9 556041479
9 300579135
9 829943117
9 494723350
9 778397087
9 323361519
9 608697476
9 11894761
9 214367549
9 909535094
9 143580963
9 275032409
9 487301049
9 493634461
9 513656629
9 708277579
9 338387189
9 318260249
9 804916522
9 51146719
9 44952263
9 69987733
9 7433579
9 355665439
9 237925164
9 438605839
9 122494956
9 322324049
9 739786355
9 409550265
9 246378649
9 765918966
9 725128069
9 784981287
9 325617769
9 88367509
9 226357269
9 796308877
9 6815849
9 557205829
9 360550489
9 873698281
9 943025592
9 200445901
9 312425692
9 847848109
9 6538869
9 628876239
9 299007645
9 837632859
9 407477409
9 35432695
9 525338029
9 854838809
9 165680389
9 583958381
9 320222079
9 979780948
9 299167305
9 149817263
9 970001534
9 95454224
9 183919946
9 509887586
9 792022355
9 30758759
9 823355809
9 659140886
9 781598979
9 501012519
9 267775539
9 248052789
9 748049163
9 24311289
9 473530589
9 128044489
9 578953955
9 544860892
9 110423289
9 694937768
9 812662249
9 912526900
9 260734479
9 509435140
9 275668059
9 964060465
9 111765149
9 178664119
9 379327909
9 104432349
9 505720589
9 193887794
9 642687749
9 665435399
9 572269988
9 148420399
9 291541540
9 196043137
9 641382190
9 704583961
9 49799887
9 10000009
9 996180857
9 579697853
9 928443377
9 378937437
9 123572379
9 47288039
9 373801659
9 969223536
9 353008691
9 418752029
9 442205927
9 300484859
9 926757273
9 649257007
9 148160509
9 312931706
9 124629377
9 98615609
9 820099538
9 567019239
9 561377569
9 654337779
9 111175249
9 7960180
9 277538349
9 463331609
9 796220800
9 863631709
9 281781519
9 956390244
9 794737723
9 282592087
9 43591934
9 849722733
9 769404243
9 785148569
9 340318529
9 989412574
9 926800572
9 970474580
9 43460349
9 475639167
9 982155922
9 194110782
9 521734839
9 231621719
9 810064719
9 741581869
9 737204189
9 696288382
9 224825679
9 826024379
9 404856529
9 630948184
9 645452429
9 201784879
9 776220975
9 918298813
9 109326161
9 878809621
9 674245739
9 159837150
9 403219245
9 730353889
9 310840619
9 160694102
9 40189229
9 392673369
9 652999177
9 374913207
9 18837239
9 476469334
9 585005219
9 282105996
9 321602916
9 298566660
9 45547189
9 353488839
9 313578549
9 724028749
9 894270408
9 122891007
9 134714789
9 145175279
9 220397922
9 94121043
9 265307239
9 281311219
9 270722379
9 718379645
9 234244019
9 813445289
9 943276677
9 308273429
9 976502738
9 455443269
9 853277969
9 102513129
9 592172923
9 404455913
9 290413806
9 354503309
9 652055879
9 130469805
9 326871190
9 559902819
9 442665329
9 873565909
9 85644269
9 313622889
9 837548859
9 90085914
9 479087967
9 540363489
9 550809680
9 509508966
9 943318918
9 888479804
9 661833789
9 842387759
9 171452309
9 240888469
9 979914889
9 51213129
9 863874819
9 641908138
9 357388689
9 69485110
9 290415307
9 386394124
9 986870656
9 160199299
9 73549396
9 703948721
9 128600397
9 59896962
9 44551429
9 260173009
9 653253197
9 447514269
9 248656929
9 733535629
9 404436059
9 811427779
9 976383348
9 107096400
9 85620819
9 219247534
9 475046519
9 252855179
9 358079201
9 547758079
9 80992333
9 434809624
9 8470993
9 562658953
9 550941955
9 137138289
9 814169295
9 927130432
9 470106769
9 658555549
9 835666149
9 738493765
9 776880189
9 393319875
9 1000009
9 900497181
9 102327829
9 878627921
9 129675347
9 290466518
9 756950542
9 237979657
9 41894964
9 947258140
9 50597354
9 764106779
9 303941685
9 193191008
9 925453260
9 132996646
9 15612889
9 430853439
9 423129673
9 344688109
9 282478191
9 389507859
9 48320829
9 253590396
9 240061379
9 231162089
9 828741059
9 139305464
9 468286579
9 49237219
9 703210296
9 604305649
9 431227197
9 788073259
9 485962791
9 109420150
9 300383369
9 42839116
9 665311029
9 574961996
9 211579952
9 474105189
9 349097232
9 113014719
9 729810209
9 833869949
9 188855889
9 708970753
9 731464914
9 404589116
9 798298453
9 297582156
9 847799946
9 684389251
9 37991257
9 145152589
9 18045941
9 159049046
9 520438915
9 53342049
9 825445912
9 325270619
9 660250956
9 675186689
9 49706518
9 114472139
9 649152252
9 106692566
9 908686109
9 815403619
9 837599581
9 74679835
9 56792677
9 852249972
9 573771952
9 774856839
9 306533829
9 779527638
9 372398317
9 425201829
9 505945751
9 132422769
9 443654009
9 268260839
9 574397811
9 813730839
9 671669092
9 134776609
9 242797060
9 655783793
9 309712314
9 29785390
9 475277049
9 734545609
9 617363639
9 321227097
9 593550681
9 301995174
9 602211269
9 543938233
9 770046029
9 248302319
9 143365594
9 717689217
9 362874569
9 32204369
9 110421119
9 73070839
9 82384049
9 770156932
9 712163936
9 948481166
9 366857729
9 560773329
9 816552809
9 382320893
9 170238289
9 932384959
9 226483919
9 4923026
9 261269840
9 637348961
9 687830159
9 565467919
9 856050239
9 323562019
9 446327179
9 838465937
9 52320549
9 319566705
9 487946769
9 554719317
9 983845371
9 525210159
9 769832807
9 726766799
9 342955544
9 118681019
9 412994667
9 329883063
9 354326249
9 960583589
9 432908099
9 636295374
9 654718789
9 608103149
9 151411329
9 615098287
9 217073409
9 864832669
9 374382960
9 871849689
9 269398848
9 595457872
9 947345254
9 237381469
9 156351689
9 113143409
9 591180661
9 437312249
9 744034749
9 433316059
9 695800576
9 274571519
9 871914889
9 928834411
9 933963157
9 506641009
9 767049076
9 772781289
9 368259601
9 853999579
9 544465279
9 107692456
9 743816947
9 367725609
9 674594334
9 448855289
9 512935390
9 233370309
9 317292940
9 942006728
9 300668609
9 422523119
9 594197772
9 27150039
9 329854499
9 773661890
9 226934282
9 799887541
9 780221949
9 267238889
9 464485849
9 155061689
9 546355294
9 773001669
9 126660349
9 338692845
9 799497076
9 586127619
9 888171029
9 809820303
9 528818961
9 946711407
9 359853249
9 648386319
9 234456149
9 129255433
9 991275663
9 374312069
9 332545149
9 152426519
9 629807658
9 736725689
9 464638819
9 668432329
9 837816389
9 963236191
9 779716431
9 458316938
9 287281709
9 398624775
9 739096268
9 264629397
9 67192304
9 100861659
9 966807680
9 201726429
9 290007280
9 41001119
9 675119570
9 969277532
9 318838769
9 408650489
9 311919876
9 688210029
9 201774398
9 359575583
9 42853049
9 982612203
9 905474024
9 953772627
9 315857149
9 446343399
9 171336109
9 688467379
9 935918727
9 220519981
9 774374869
9 198031345
9 907503827
9 641544449
9 479846715
9 792287406
9 42786309
9 180420952
9 183919754
9 208756619
9 578957445
9 454715759
9 631715859
9 92527724
9 577002429
9 857753169
9 824502759
9 586311589
9 485449772
9 150473869
9 927573697
9 35348529
9 280563469
9 194454445
9 430223859
9 618359557
9 992009851
9 718539198
9 73678978
9 145494909
9 574800509
9 590231536
9 490665221
9 322973032
9 854734439
9 545538629
9 67720449
9 215302609
9 571047019
9 724789579
9 353901819
9 270764109
9 78589409
9 114721924
9 982342012
9 501997471
9 583110319
9 673652499
9 448321379
9 274417269
9 129385890
9 187134139
9 889640110
9 82305933
9 779310134
9 395447321
9 937343926
9 7019403
9 604828509
9 916366556
9 237233972
9 760268419
9 995049234
9 881148579
9 911775773
9 798812245
9 615684279
9 104688339
9 771398658
9 420257596
9 803310459
9 926707961
9 784546968
9 789373379
9 431670629
9 690333312
9 966615582
9 550381439
9 416313019
9 575658409
9 560263809
9 310014509
9 375786429
9 588010589
9 926720840
9 658988912
9 790089411
9 219769372
9 122262769
9 350150519
9 560982494
9 663601529
9 354411809
9 28797282
9 809382147
9 392594306
9 747774829
9 837227359
9 958074730
9 618765694
9 644823294
9 799417794
9 730802069
9 293450955
9 281194833
9 217184119
9 206826597
9 405447529
9 180878995
9 271907645
9 824959009
9 999501748
9 520061169
9 288320962
9 796458300
9 24822309
9 91204010
9 664756999
9 289442570
9 965043430
9 963723351
9 371159112
9 335152079
9 308720923
9 890111502
9 19313814
9 667525709
9 467014879
9 45568339
9 188764019
9 23074039
9 239467033
9 884198214
9 945499151
9 80929091
9 816712069
9 105588719
9 73618819
9 491089675
9 243405890
9 82481029
9 710195284
9 684740219
9 119880297
9 934112251
9 978763998
9 473153779
9 499032084
9 731071639
9 42962364
9 971631122
9 528197705
9 666478319
9 444154019
9 794491331
9 776845359
9 398010413
9 800030849
9 379850039
9 520911096
9 373432965
9 846817849
9 953851054
9 994793500
9 433689956
9 293167221
9 151472976
9 300545639
9 94547469
9 528332229
9 414198268
9 642475089
9 547908663
9 279438584
9 745576911
9 435191853
9 648547209
9 825638049
9 155209598
9 770258819
9 813092988
9 613903996
9 501998146
9 149269834
9 616308389
9 129350439
9 331500179
9 482172609
9 68764399
9 928846566
9 102597217
9 954694142
9 490867067
9 856256889
9 956984937
9 702487039
9 373869475
9 854770975
9 893096027
9 263783439
9 861426971
9 130781329
9 808577949
9 354190534
9 903646876
9 664510079
9 788495245
9 234930954
9 95041547
9 603184789
9 865482789
9 87801349
9 552076889
9 885390042
9 630903381
9 305888092
9 796665770
9 685936982
9 616423927
9 624585869
9 808976479
9 599689280
9 690716511
9 24576709
9 934819319
9 475555029
9 115618319
9 460404189
9 255408009
9 968137884
9 198137269
9 271371009
9 933817954
9 880536749
9 525275029
9 412547679
9 737504439
9 153944767
9 676143469
9 80630009
9 453853659
9 361405149
9 480096473
9 543345049
9 483117459
9 240790552
9 582585269
9 826363269
9 870820339
9 642804259
9 920131121
9 131573479
9 578973215
9 679079008
9 161524759
9 133507359
9 984214765
9 896581417
9 119910734
9 719649949
9 964537523
9 72815709
9 82626909
9 671747309
9 754164693
9 6965656
9 529236385
9 231738779
9 650654079
9 388874179
9 591011087
9 604912358
9 951436798
9 638651719
9 118223149
9 696006134
9 334179393
9 85563229
9 598785709
9 987668617
9 43794969
9 545512109
9 900930504
9 491989830
9 251125619
9 543519363
9 400721179
9 269989216
9 351814971
9 851436798
9 618100859
9 732770549
9 422063039
9 206369817
9 458228009
9 55560589
9 968258120
9 632239466
9 390536408
9 47212019
9 222130849
9 93202081
9 363044649
9 622018971
9 21392273
9 149361353
9 964921154
9 17764649
9 455910411
9 831213609
9 229305913
9 29069610
9 973869287
9 485133931
9 698015355
9 485976465
9 116228729
9 281234795
9 535681119
9 237808749
9 915932756
9 863668419
9 637832409
9 494333780
9 150570769
9 644536549
9 75896237
9 338893813
9 47650159
9 37010589
9 165303609
9 495591555
9 214584239
9 595930902
9 731005659
9 107699731
9 983633260
9 505269592
9 339083263
9 33723339
9 521763789
9 306869881
9 799409687
9 998792876
9 382100359
9 187943728
9 69249537
9 155240179
9 427816789
9 710138329
9 300450329
9 356382592
9 829054266
9 867239527
9 695125275
9 520500509
9 786579071
9 821230059
9 925090894
9 392949399
9 834503996
9 227271819
9 632815559
9 521811829
9 745885059
9 536568409
9 160186519
9 405330089
9 501580009
9 749304028
9 932836267
9 367649140
9 468508918
9 60448689
9 966691898
9 549145750
9 190662306
9 776710559
9 989543973
9 644215759
9 15164590
9 741801029
9 605504279
9 882410859
9 972390648
9 622337589
9 590652159
9 246525119
9 427044109
9 722473819
9 713813049
9 783717369
9 599455885
9 288281359
9 334458059
9 818411479
9 348073389
9 641199275
9 772011509
9 639105410
9 463119250
9 416089993
9 181219142
9 638878079
9 201930717
9 827470719
9 407994847
9 107535559
9 789957602
9 129149578
9 962765836
9 689158542
9 401408269
9 299913907
9 772506389
9 652665895
9 981155386
9 215317259
9 38915136
9 745833219
9 438208119
9 217397826
9 534481719
9 191352197
9 578010759
9 338003009
9 253150009
9 343621559
9 385641369
9 297341288
9 380803569
9 787520933
9 173459058
9 992630563
9 539555677
9 201286489
9 232072919
9 815555049
9 537543209
9 819743488
9 717370349
9 50028993
9 893423799
9 124405395
9 604062849
9 182868689
9 593064113
9 443159594
9 657896838
9 616900658
9 570456539
9 818067049
9 781607859
9 367926792
9 956837213
9 454215029
9 50077119
9 638205419
9 575629193
9 406368269
9 707344939
9 193725164
9 545771489
9 990840584
9 62072429
9 293681593
9 600347928
9 103791910
9 371981623
9 272521319
9 368059990
9 362752169
9 867969333
9 445098014
9 601445259
9 302873179
9 339124491
9 10000009
9 251503639
9 318876139
9 222577329
9 901493890
9 905791762
9 752606529
9 151384981
9 989887224
9 768532179
9 43596518
9 310086429
9 620882549
9 101620189
9 658779354
9 726667449
9 23984264
9 800283619
9 337150259
9 817521109
9 814877349
9 906843701
9 843545459
9 37890443
9 897869833
9 141159975
9 420493775
9 666737759
9 670826409
9 488724209
9 971633412
9 669904077
9 785086069
9 163239711
9 47621559
9 296788891
9 720449958
9 740740096
9 232506729
9 651282979
9 685592852
9 379561514
9 400481379
9 754230955
9 942072505
9 965957307
9 126830229
9 351075559
9 88275559
9 4621792
9 261976722
9 426358169
9 492002055
9 163853889
9 726746689
9 79676771
9 500725059
9 103672679
9 795357289
9 765351419
9 658925637
9 857994543
9 302163119
9 67555089
9 440189389
9 873154859
9 911146681
9 922587903
9 105921043
9 354358289
9 858223749
9 617395824
9 937821793
9 43561379
9 319435258
9 641368339
9 662251479
9 713381579
9 851746905
9 608074669
9 78254619
9 883106961
9 505680095
9 681469149
9 279492796
9 653027289
9 547726958
9 860573629
9 153244819
9 575168879
9 280793040
9 625676229
9 502404609
9 167744529
9 31934967
9 772326489
9 721181819
9 80793784
9 343677839
9 588951919
9 558313309
9 297009247
9 173530119
9 955753882
9 202309627
9 569939379
9 38251069
9 779532994
9 98428273
9 936206004
9 277574769
9 387984901
9 312373649
9 69860749
9 216288159
9 65574539
9 112523329
9 54245559
9 275605219
9 117553319
9 560053629
9 385868209
9 845505239
9 487732479
9 483976838
9 102133569
9 476966669
9 194130684
9 744404779
9 515523589
9 436660698
9 947144585
9 706911648
9 18893822
9 757662639
9 794261138
9 646804891
9 768856579
9 123287389
9 293141959
9 478670329
9 932029113
9 35800019
9 263843819
9 840767689
9 303945760
9 183512619
9 100000009
9 406588439
9 733303689
9 737977832
9 275300389
9 119544860
9 947762433
9 458417092
9 667366249
9 93123037
9 299077780
9 347190486
9 805905252
9 475011129
9 742884679
9 212689793
9 567755059
9 732797334
9 363193093
9 827182289
9 85143349
9 361765796
9 781571419
9 641536259
9 204209546
9 764688359
9 456881289
9 197739506
9 736556719
9 887754319
9 730093419
9 135507569
9 292121478
9 468163549
9 403078879
9 211880649
9 649084368
9 520159348
9 197520827
9 773571919
9 215527189
9 528852589
9 315013269
9 332584978
9 240422589
9 708339468
9 531185089
9 529184028
9 811845988
9 222437930
9 338237927
9 344537559
9 338818698
9 377115249
9 339496339
9 37506729
9 59371363
9 898695467
9 14496750
9 963506225
9 982602845
9 746524529
9 246375229
9 606364497
9 500840679
9 860540119
9 100000009
9 569040979
9 657504469
9 849923005
9 857655139
9 170289696
9 749735337
9 400870749
9 262701981
9 448270692
9 687211069
9 688194056
9 208556769
9 650182469
9 273265009
9 5529419
9 736243189
9 495320626
9 88079705
9 605543290
9 195054514
9 682134039
9 15461759
9 860672946
9 960753517
9 44077779
9 309198105
9 35819268
9 581096610
9 184023629
9 504831094
9 939582596
9 334210679
9 180977797
9 727570489
9 920961543
9 177510009
9 493580453
9 658882369
9 437871269
9 723170839
9 114246869
9 362185809
9 452431559
9 552460549
9 864491586
9 458456649
9 473745749
9 553040319
9 831311097
9 233750459
9 471674319
9 554114908
9 448962788
9 592027110
9 308434779
9 389346991
9 592669361
9 880619155
9 860784962
9 20188029
9 829628983
9 618093035
9 547005139
9 949210907
9 220804359
9 599503976
9 956524524
9 53673459
9 62146963
9 331921179
9 826916587
9 538406519
9 633807209
9 202929051
9 773142940
9 13561549
9 319517607
9 737154029
9 881489864
9 294542872
9 867694256
9 873793951
9 73968038
9 363506940
9 907816247
9 429159629
9 997798796
9 429815767
9 226819960
9 838752889
9 767540910
9 635312798
9 770672889
9 139039874
9 778809754
9 137157289
9 31250390
9 754860069
9 429960012
9 583408395
9 85188149
9 58505689
9 340753869
9 95003513
9 311244179
9 97748331
9 461215029
9 293741839
9 493250736
9 664693427
9 810561039
9 405361669
9 592037781
9 109352708
9 718685689
9 248467059
9 374078839
9 11898765
9 81183966
9 245419193
9 571739550
9 612685389
9 190646774
9 730157539
9 386439443
9 341877179
9 331254159
9 623097559
9 230484209
9 516483095
9 536983772
9 200226089
9 308526809
9 807586209
9 815682169
9 424370539
9 200173977
9 728468139
9 442575179
9 296236266
9 576100469
9 966786564
9 1000009
9 680299038
9 929240931
9 353644519
9 170385469
9 358049291
9 853530859
9 997826053
9 181889880
9 518816889
9 489150542
9 316981118
9 861801309
9 730750309
9 152611719
9 484536249
9 668573389
9 42707629
9 595859568
9 492947070
9 680841952
9 372785892
9 177710059
9 882027390
9 646923647
9 499721644
9 513123259
9 195368504
9 585681943
9 759463134
9 765624779
9 935728287
9 114315679
9 355354889
9 559030491
9 592716332
9 691294822
9 56906248
9 550422789
9 748011911
9 233089185
9 611730297
9 851885139
9 998357272
9 483694869
9 146044179
9 491835198
9 503445859
9 198629585
9 173167609
9 749569730
9 37540879
9 526354915
9 918452372
9 651764019
9 367358359
9 266480219
9 323613992
9 118337069
9 657368059
9 682617749
9 762083692
9 490949626
9 862414659
9 274351259
9 731330359
9 109269297
9 484578903
9 861353109
9 81302759
9 312543269
9 529181341
9 687426289
9 368000529
9 384280639
9 525483029
9 483487339
9 728152469
9 443571729
9 271592522
9 134154889
9 431983954
9 265429523
9 563807539
9 312680119
9 969734395
9 156279047
9 949433797
9 165924795
9 192172212
9 174091668
9 148578119
9 913929850
9 225278839
9 631603391
9 796251415
9 576365796
9 974466658
9 957221436
9 331194899
9 218921134
9 250096185
9 671126189
9 151981270
9 996369721
9 844381659
9 426952868
9 242174409
9 626125479
9 257829675
9 334377379
9 720380899
9 997699441
9 890237277
9 31460439
9 634488679
9 773718971
9 178147579
9 181774964
9 621337139
9 629111786
9 949952113
9 638692521
9 822242948
9 471186329
9 689825510
9 87767449
9 121331159
9 823673619
9 735635559
9 758782789
9 858102119
9 97173216
9 877869084
9 833870769
9 324263859
9 975376322
9 186241159
9 544332099
9 720383459
9 612370092
9 612577179
9 731689825
9 25167279
9 940060842
9 925519184
9 82259189
9 170719324
9 961359644
9 539852622
9 989724656
9 473509723
9 122420259
9 55658409
9 93913228
9 14913101
9 273187839
9 78472429
9 97105570
9 91621042
9 946363490
9 94209273
9 220779891
9 698457579
9 569162833
9 347594731
9 652645197
9 873788967
9 499676006
9 12322389
9 168158439
9 372781749
9 226543489
9 667072539
9 111811469
9 623249569
9 263283229
9 15341639
9 95061267
9 176053159
9 895645306
9 885405879
9 819349790
9 488841090
9 433904102
9 26078239
9 864350839
9 519859837
9 871331879
9 986565430
9 604877249
9 340706739
9 638510439
9 539959293
9 576294040
9 120852049
9 620324739
9 925206575
9 812174139
9 813231391
9 511869114
9 4750159
9 743187079
9 457857396
9 766476659
9 637748829
9 564407349
9 478868319
9 679004764
9 538517259
9 763107029
9 704694261
9 490877489
9 424009161
9 228558759
9 915525283
9 192474272
9 482063709
9 582608729
9 442590434
9 564813429
9 960062244
9 661280169
9 323093167
9 143722549
9 330730937
9 649311942
9 546940418
9 639542449
9 730168769
9 555911794
9 703098892
9 902171612
9 486004519
9 679853344
9 170261179
9 51572798
9 101269622
9 603436913
9 255529010
9 481382859
9 889522174
9 367335839
9 836296706
9 720370729
9 825294024
9 662255819
9 513985323
9 104787149
9 783367129
9 658803379
9 18203149
9 339644785
9 535892850
9 90009988
9 739263124
9 995061922
9 142961101
9 575464967
9 311598699
9 11353139
9 347498272
9 135226589
9 923757077
9 763491828
9 886790055
9 394659214
9 314387969
9 478712936
9 361046669
9 242868119
9 698959491
9 644200119
9 30720209
9 176466889
9 823826920
9 105142069
9 755048549
9 988389668
9 916609416
9 853845369
9 152405739
9 739145132
9 205011900
9 747202709
9 70707519
9 256144349
9 747638519
9 59148986
9 336842029
9 577040579
9 329297824
9 376760589
9 989063374
9 823805319
9 783132869
9 726083349
9 964357778
9 864417319
9 389113862
9 297486436
9 119753509
9 313276039
9 167463849
9 590542349
9 546728940
9 897282416
9 794909573
9 278171589
9 293514716
9 676846749
9 338102943
9 913790455
9 405203059
9 236778459
9 675603669
9 475099100
9 200870619
9 756794008
9 587353629
9 921900386
9 979075077
9 247994615
9 951163403
9 451246349
9 80070229
9 252750839
9 904483813
9 665275590
9 486712669
9 988374978
9 800516639
9 250630529
9 38172869
9 147915492
9 37248739
9 399498039
9 527075549
9 699281402
9 238345279
9 821545689
9 216584839
9 516308549
9 371829713
9 256980036
9 166714739
9 928305987
9 8011449
9 481028049
9 888050309
9 289098451
9 213293501
9 50881349
9 141508309
9 610017059
9 546022969
9 81552289
9 315826679
9 481126679
9 989785489
9 914731515
9 262959142
9 523879460
9 786662889
9 131442539
9 234517009
9 298853337
9 6568529
9 26847009
9 30403179
9 713115349
9 108091000
9 672886889
9 505228049
9 438904992
9 815861229
9 351816395
9 567821349
9 335409976
9 587411659
9 919543990
9 835709819
9 368269643
9 656587539
9 990180110
9 349513406
9 537237879
9 263027943
9 774628469
9 745823639
9 31111942
9 876889959
9 566116809
9 65774279
9 495344047
9 102970800
9 350692035
9 787620695
9 46328639
9 742894316
9 85040491
9 401753659
9 529489131
9 777438229
9 521046679
9 167380609
9 515257039
9 33643869
9 697071368
9 475563849
9 243757459
9 448543369
9 455858139
9 813911131
9 127695267
9 516078189
9 378644939
9 477749977
9 40540739
9 931571146
9 440582739
9 682286529
9 61034889
9 718537079
9 902671455
9 42226719
9 737019900
9 57013079
9 369003160
9 576294683
9 999478092
9 284287609
9 457065879
9 689049038
9 816112159
9 371455879
9 727469020
9 86016449
9 935893655
9 46990015
9 234814093
9 779801427
9 468555915
9 21212579
9 945804350
9 128727139
9 305669568
9 117818359
9 692874681
9 75184259
9 485225179
9 771671579
9 498906589
9 301608379
9 786821629
9 51943836
9 257451191
9 228956313
9 110849706
9 472231479
9 481232779
9 350558619
9 242488089
9 853658269
9 90224238
9 864700719
9 474884649
9 594927129
9 988459849
9 750032749
9 129807423
9 115510419
9 463237629
9 462859339
9 639331441
9 483262409
9 195216203
9 22956529
9 242832971
9 415945192
9 486594703
9 906279227
9 745303639
9 64019039
9 141847279
9 736389022
9 663770619
9 650886119
9 323333179
9 572077296
9 233386419
9 873195881
9 654609598
9 918773383
9 323717159
9 683894261
9 241563309
9 960959946
9 95321736
9 516704719
9 361495608
9 606744629
9 213897117
9 499929891
9 425916304
9 51335119
9 935113974
9 268051944
9 119969779
9 857019652
9 536089561
9 652863119
9 319363979
9 852367009
9 435019498
9 932943188
9 294852702
9 53640659
9 191588658
9 105066592
9 128400379
9 566969940
9 722086329
9 374710094
9 127602879
9 230003389
9 5357749
9 797182485
9 906230826
9 238987119
9 939530567
9 321783349
9 527669059
9 181467279
9 425577269
9 120412849
9 173812079
9 536836769
9 783796059
9 950982249
9 704765889
9 915184586
9 864129236
9 534715695
9 349798434
9 300609843
9 405865119
9 47653294
9 626598833
9 780213749
9 650567159
9 764503769
9 986653062
9 104118749
9 382995525
9 999466112
9 24132559
9 682890060
9 356866479
9 183860569
9 672519300
9 712943996
9 991235982
9 272747069
9 753243719
9 986371654
9 148832739
9 163045679
9 399032984
9 260343339
9 958344582
9 589952498
9 631419341
9 595798881
9 181305529
9 606134984
9 918122848
9 500341589
9 376306981
9 986920646
9 511445359
9 699390488
9 152504619
9 934711844
9 884944227
9 674110379
9 412419094
9 799701839
9 359444559
9 129615599
9 198271470
9 2030479
9 46778089
9 629516451
9 104233879
9 269165104
9 664852789
9 436276289
9 505799663
9 717630769
9 647976332
9 180105559
9 560192532
9 292836726
9 118510019
9 932187503
9 574843459
9 681484359
9 984320500
9 76502359
9 848266219
9 963226781
9 433118988
9 576089142
9 355304509
9 156802159
9 67203359
9 674504794
9 96084166
9 529802355
9 900795909
9 651882879
9 514900990
9 762301279
9 139005193
9 972702439
9 315194896
9 350592122
9 361065279
9 488727169
9 868408159
9 901498284
9 46762639
9 922100811
9 560448749
9 732896180
9 806591900
9 481477956
9 806547290
9 719623725
9 345850739
9 538750559
9 39448325
9 589482197
9 411750922
9 326326749
9 403325950
9 442685179
9 170116179
9 472341869
9 757465409
9 796907247
9 623484809
9 269264593
9 871738119
9 594089529
9 110026609
9 758423194
9 332641589
9 512788983
9 338683129
9 183473889
9 591339908
9 208493201
9 599687370
9 902269805
9 960571034
9 633646191
9 75120119
9 266648659
9 969280142
9 998547020
9 769100537
9 702830089
9 454735839
9 828600049
9 4945144
9 136015911
9 669389059
9 190646689
9 684482659
9 403297043
9 280835329
9 968717586
9 638570079
9 893304916
9 623973992
9 301658798
9 690176687
9 412782529
9 542894800
9 950668678
9 613353729
9 133291363
9 556654349
9 767880649
9 23069627
9 381309105
9 325486119
9 441885495
9 747862629
9 149708073
9 170950713
9 248121918
9 697989864
9 561089245
9 714754009
9 638868159
9 975886996
9 627796453
9 951768989
9 721242389
9 660484539
9 273154069
9 948728105
9 941567941
9 279847082
9 910649751
9 674243339
9 903182826
9 979528826
9 129069496
9 860760269
9 970196017
9 28810189
9 507255829
9 810939469
9 507858549
9 111281459
9 217759371
9 998422369
9 168877159
9 961399551
9 812106259
9 180038759
9 210095131
9 637530009
9 503449526
9 822264932
9 853735179
9 216109718
9 207712759
9 486710189
9 61887390
9 87234958
9 574295522
9 77188569
9 89640694
9 145440549
9 925599426
9 652074059
9 136816779
9 386492288
9 879383220
9 718407509
9 332319536
9 938530586
9 732438649
9 426736779
9 230942991
9 142502289
9 542830089
9 656583089
9 992986543
9 512282249
9 527336894
9 583108889
9 395460492
9 829291826
9 48972009
9 538115759
9 394449501
9 567684149
9 106821895
9 118705479
9 341560591
9 564186409
9 144639736
9 776165759
9 152812859
9 255997234
9 857512539
9 886867809
9 363519072
9 580851982
9 122105890
9 673496527
9 733492258
9 748378219
9 521189832
9 224430639
9 401945210
9 176166964
9 998811706
9 449357336
9 987916105
9 527083519
9 446106698
9 918125307
9 589367454
9 632354920
9 436962175
9 304278439
9 464373189
9 527329982
9 611595852
9 485807795
9 414251759
9 262461449
9 872327329
9 725689457
9 152585089
9 998433750
9 193427797
9 192728568
9 41043649
9 282607159
9 948666294
9 890843891
9 273773898
9 653254579
9 257382849
9 815565973
9 308977662
9 41673819
9 924154034
9 218519124
9 673695016
9 185558960
9 74844689
9 794921940
9 328288956
9 646065159
9 644775779
9 754171019
9 703316269
9 554945198
9 592760156
9 885828179
9 800971729
9 703112739
9 219590477
9 520641198
9 163566099
9 125037249
9 496115684
9 940230598
9 607615259
9 538017692
9 421775619
9 776075019
9 14176389
9 506334249
9 182564329
9 444006069
9 801829736
9 561290004
9 783086879
9 487417369
9 613156889
9 734292362
9 884118719
9 504963740
9 549331707
9 803520089
9 370917563
9 745757109
9 658096762
9 262406479
9 142825419
9 852013279
9 978169174
9 832050279
9 303063679
9 302111039
9 155404829
9 867272209
9 432815739
9 68586239
9 849710151
9 730601669
9 351535729
9 619445184
9 775258519
9 750062759
9 539187134
9 666779697
9 815988208
9 239483931
9 657201659
9 475567879
9 675453931
9 130879839
9 941216593
9 945631673
9 830090254
9 470474139
9 775163719
9 972950265
9 229644764
9 980822855
9 817309988
9 30225789
9 492154199
9 200971803
9 125323769
9 194133331
9 438745389
9 427721691
9 457002129
9 894443612
9 50175579
9 53550879
9 907844060
9 496458171
9 391866617
9 730547509
9 651069364
9 704738689
9 408278459
9 319066596
9 631609314
9 708195166
9 800948524
9 299679184
9 289526611
9 597660880
9 135749863
9 905524162
9 108911895
9 439004522
9 777397582
9 760304973
9 315310269
9 57183649
9 132844359
9 81213519
9 598757603
9 193043546
9 692586861
9 975989939
9 531061079
9 659403174
9 71786957
9 382260029
9 17718809
9 302441609
9 590724580
9 294638607
9 183822449
9 32634509
9 444607839
9 722037689
9 475408649
9 24718539
9 769768146
9 470578579
9 354587796
9 942190402
9 296712001
9 300764539
9 416581289
9 657238579
9 180160429
9 337906246
9 315066798
9 128952020
9 425211189
9 528935255
9 644956683
9 474961349
9 875016489
9 843571709
9 131174359
9 654872971
9 983783143
9 958378405
9 866698299
9 454267759
9 571521689
9 22123913
9 761622129
9 382299246
9 259776042
9 779439089
9 538986102
9 905688561
9 986828299
9 810746209
9 760829306
9 900682148
9 461088819
9 924101024
9 593279173
9 117171289
9 528476395
9 509935602
9 641188924
9 728266459
9 559197089
9 951984311
9 141814829
9 742930541
9 465675911
9 217156739
9 206226795
9 71750119
9 387480119
9 133581869
9 134903629
9 134212189
9 488822719
9 144136889
9 916388235
9 745770409
9 670720279
9 91156283
9 239626749
9 692938589
9 978966487
9 542492493
9 84998234
9 139927069
9 856826729
9 445630059
9 312255149
9 580265179
9 979703564
9 349207443
9 812611091
9 52622629
9 335638859
9 559807131
9 594904444
9 470906559
9 973600315
9 686102092
9 593721132
9 927267583
9 986714587
9 39461745
9 976816030
9 981465939
9 239624213
9 540703029
9 12702149
9 162733994
9 939185430
9 396983605
9 218751962
9 686209216
9 428110639
9 194772545
9 215793578
9 792720217
9 739656540
9 289557929
9 559535947
9 452236109
9 424382329
9 312933074
9 902816621
9 292251560
9 72610629
9 357108239
9 494013190
9 346260987
9 783566392
9 937600953
9 896549634
9 325418269
9 17997676
9 96574428
9 174231579
9 23105569
9 553351019
9 540177591
9 37227109
9 162746779
9 224700948
9 960960577
9 191917488
9 492159430
9 801364859
9 937807782
9 179067619
9 777401769
9 662235219
9 705607289
9 752828709
9 287263879
9 874479335
9 404043879
9 707329356
9 346781469
9 598336385
9 798284906
9 414069557
9 732068982
9 208119205
9 764522839
9 782329302
9 752255649
9 650426509
9 654730039
9 14943016
9 531237759
9 84164059
9 47871029
9 966076073
9 845784479
9 809806199
9 950485067
9 258551279
9 907594875
9 308656189
9 990179165
9 981405281
9 971733303
9 400658059
9 618697091
9 78980664
9 605686419
9 959599188
9 968337976
9 530466849
9 256538839
9 74078920
9 3375029
9 18074389
9 865010974
9 179737084
9 997247452
9 662990402
9 100750249
9 428691715
9 683086984
9 262714139
9 482655129
9 459850493
9 674973010
9 717615429
9 469190677
9 369055332
9 736406549
9 556764369
9 409003720
9 156309447
9 658556079
9 474076479
9 946855848
9 185952849
9 85775649
9 758531191
9 934944825
9 945690434
9 665373209
9 39867248
9 255023692
9 771836049
9 351435539
9 339635979
9 122201279
9 54122879
9 887745925
9 383919239
9 210751629
9 863862879
9 308590976
9 770528359
9 124395840
9 979039761
9 815753029
9 11820229
9 269859533
9 659543927
9 146226149
9 444029298
9 848833869
9 14911915
9 989678109
9 518082579
9 809008793
9 258346319
9 116264079
9 545167159
9 746253973
9 294336439
9 724860933
9 462916121
9 594658521
9 467140779
9 600859902
9 619929461
9 501711489
9 535806329
9 3446109
9 920281813
9 877156229
9 729953593
9 329103073
9 570689130
9 928109212
9 619991042
9 384619242
9 252480915
9 990891259
9 950542467
9 121054609
9 31786639
9 422092960
9 199363666
9 506478984
9 376826709
9 24055639
9 618326419
9 123148559
9 640210079
9 872567259
9 168758709
9 227805928
9 242217595
9 416189310
9 230230069
9 804148429
9 582340219
9 425274419
9 256123529
9 180991433
9 461603839
9 444759998
9 664119551
9 269372186
9 104170879
9 828085149
9 509059957
9 21013109
9 861698224
9 978819009
9 977525257
9 237659117
9 571962162
9 204193252
9 872166229
9 835121279
9 612251629
9 594183773
9 594433292
9 430804649
9 190453210
9 154184619
9 382864209
9 949869358
9 15163339
9 538084579
9 518382912
9 849678141
9 244782759
9 499825061
9 99077506
9 629618074
9 436159429
9 616197515
9 455641239
9 214494001
9 853985760
9 198152917
9 349897503
9 525114379
9 370207429
9 698852958
9 730719964
9 30036189
9 915183866
9 595336206
9 178535589
9 6179595
9 535468019
9 967481175
9 294917207
9 438236529
9 259832716
9 340246519
9 16971597
9 458896993
9 258474179
9 480747119
9 520721952
9 182716159
9 310323509
9 551742759
9 699672804
9 287143449
9 374741689
9 621840179
9 873106089
9 38850999
9 592552047
9 925051466
9 589870089
9 757745879
9 918020778
9 561703919
9 764929039
9 286457689
9 995097888
9 664797071
9 732036498
9 474755769
9 595477360
9 152428985
9 47330249
9 589579759
9 525475059
9 267039059
9 442260966
9 319638055
9 93517265
9 634141928
9 475856619
9 414528910
9 723016269
9 31688009
9 324956654
9 542702509
9 658039
9 931634885
9 488915941
9 837803389
9 640343779
9 787970236
9 404439250
9 62537249
9 388752819
9 200750997
9 821439455
9 762226960
9 189905014
9 782421029
9 738247419
9 685301179
9 475472049
9 499962432
9 459624918
9 621934039
9 844019153
9 886482591
9 895205274
9 501942110
9 328966806
9 9028074
9 678978152
9 247599236
9 636119434
9 642859568
9 452839572
9 982687178
9 468794194
9 46353619
9 171128169
9 288159178
9 301504179
9 108756279
9 821006129
9 306610879
9 125986115
9 306735589
9 155412139
9 547169619
9 83108539
9 429411923
9 393581840
9 791894058
9 653686498
9 483765379
9 926156492
9 215959648
9 261875209
9 862019778
9 360435459
9 512546339
9 303620909
9 618724393
9 530195340
9 204754198
9 130491245
9 856977304
9 273039038
9 956377963
9 636445599
9 276540759
9 694718691
9 975547171
9 713790797
9 875295939
9 583806096
9 736461309
9 76626039
9 730333968
9 765790776
9 26954258
9 484803219
9 49774921
9 664225983
9 124470489
9 634728269
9 169436881
9 251390939
9 307141759
9 881699090
9 79765532
9 177220769
9 351014119
9 540815449
9 218265595
9 647171049
9 801325229
9 545545469
9 537497488
9 652333209
9 26196473
9 378780419
9 126989521
9 887632679
9 268527598
9 369148782
9 495561641
9 532146039
9 608864579
9 136862169
9 227099787
9 749127384
9 486764409
9 479205670
9 980783193
9 276564729
9 190779608
9 966813478
9 193200857
9 323341759
9 409174120
9 708898316
9 50478409
9 214844289
9 370743509
9 276952583
9 716592384
9 638369631
9 356799762
9 500870159
9 321091031
9 700935394
9 14459777
9 547033359
9 739082244
9 692386239
9 839171279
9 995311797
9 180902301
9 479618161
9 148687749
9 134699681
9 948155023
9 682362948
9 921178802
9 872828459
9 862011293
9 652996950
9 950533851
9 777470479
9 128866986
9 110493451
9 264455259
9 823064809
9 451340729
9 662819095
9 990936431
9 782567179
9 526882849
9 783059333
9 290100746
9 942903631
9 624365289
9 169455050
9 334456229
9 694802477
9 292078038
9 114520419
9 634805189
9 970474688
9 589074461
9 586326049
9 25127729
9 283177489
9 306743139
9 223887539
9 951592912
9 455581679
9 557227490
9 772387469
9 250696111
9 888736139
9 459796139
9 557105149
9 366915237
9 328304198
9 478370539
9 764260529
9 197315391
9 639464883
9 815287209
9 516538149
9 133181379
9 266453019
9 717408719
9 364380923
9 699067115
9 544914947
9 925097890
9 141463419
9 551313729
9 458498540
9 513013973
9 944275453
9 134356879
9 819363333
9 529667745
9 14417429
9 507487579
9 82519677
9 577348359
9 37623179
9 153731619
9 917302256
9 867278993
9 88882958
9 406223439
9 77828629
9 31741139
9 183057974
9 389838104
9 885283179
9 620137039
9 332654229
9 803182904
9 843932983
9 59951756
9 569435678
9 314085019
9 320743549
9 811337469
9 108930172
9 410960235
9 950950094
9 19921971
9 157890423
9 139225099
9 8742698
9 640487029
9 737269827
9 143102539
9 304310859
9 643197115
9 980565147
9 429391559
9 247093437
9 985701369
9 52269185
9 648904256
9 954095091
9 803943733
9 651939152
9 159134431
9 480372529
9 869406950
9 346374298
9 249840751
9 475323494
9 175116290
9 3845469
9 373006719
9 587272989
9 747891289
9 585800309
9 854050209
9 87295326
9 410591068
9 554757709
9 782500659
9 364350129
9 865590189
9 130424389
9 427920672
9 634991505
9 635772819
9 141869567
9 81926618
9 857962549
9 340769364
9 129680159
9 606721629
9 169876083
9 447724829
9 238387339
9 905196206
9 712497251
9 827970141
9 479191448
9 219139815
9 648872109
9 702699686
9 998690783
9 481200319
9 891341844
9 675635579
9 210222935
9 875700059
9 84821209
9 59744704
9 481729808
9 987315075
9 516188029
9 896460176
9 996353793
9 246539169
9 382927160
9 899725117
9 198423154
9 822180069
9 193924516
9 422722019
9 392096225
9 894191687
9 361134759
9 588757239
9 809430456
9 521445591
9 395757052
9 934352313
9 920718754
9 828813749
9 712684369
9 529383698
9 791718060
9 489998481
9 275640319
9 676490869
9 437949297
9 693383572
9 533382579
9 920637149
9 799846437
9 826636099
9 60689641
9 53080079
9 685822309
9 666943051
9 730017719
9 765753669
9 467915236
9 729565140
9 642501839
9 849974945
9 20506729
9 663713149
9 975101901
9 108009871
9 178768109
9 270002229
9 487874696
9 488086039
9 435259889
9 292638661
9 130617379
9 818632379
9 424122419
9 781671759
9 639023143
9 843603409
9 21020981
9 963612913
9 622482469
9 797557880
9 972806790
9 177176529
9 530031189
9 79354969
9 877332689
9 270236589
9 229169594
9 712983283
9 632721429
9 385898692
9 475539638
9 483866379
9 31139161
9 15187359
9 779194994
9 635023369
9 497679197
9 642974288
9 614920553
9 60670119
9 216702529
9 451684911
9 750967812
9 914590198
9 251296718
9 995966030
9 319866186
9 10000009
9 244522549
9 615164529
9 244882509
9 445454519
9 99153454
9 81627379
9 502401689
9 341151739
9 563943538
9 506992772
9 768301379
9 103633962
9 209610690
9 517703839
9 783102219
9 855783729
9 35590165
9 125340469
9 406371619
9 541972343
9 963253519
9 852828159
9 352718739
9 975104872
9 667371809
9 613632019
9 261689975
9 827500449
9 705093594
9 103574859
9 576263309
9 174802589
9 36780379
9 278231925
9 637471749
9 167670829
9 765577669
9 518124829
9 32747489
9 740793641
9 468756219
9 968964065
9 860555529
9 763092831
9 84142979
9 978933605
9 28682869
9 781535889
9 631302049
9 849427967
9 998672753
9 759752220
9 634085869
9 517253419
9 741064719
9 413749024
9 719426339
9 192104859
9 706792825
9 18286069
9 798078283
9 166667159
9 525902195
9 971089237
9 750385249
9 378037849
9 372673579
9 848081940
9 451533309
9 720881529
9 195715744
9 198701406
9 515456749
9 179551997
9 40777439
9 531658269
9 378881269
9 10941941
9 172378649
9 864153749
9 301296876
9 956130977
9 616239175
9 175411779
9 496832695
9 311207910
9 700823889
9 111548119
9 193483759
9 884390960
9 657502649
9 489583794
9 411679795
9 801249433
9 327569130
9 203196898
9 327767469
9 546143389
9 543359264
9 877619075
9 813067449
9 539142592
9 824310296
9 176769250
9 343222769
9 702646079
9 710312279
9 139529842
9 49671345
9 346465890
9 360818019
9 269843124
9 723056349
9 534355189
9 854597818
9 510524819
9 651749846
9 257696133
9 462480029
9 113122579
9 491787296
9 352796988
9 941763147
9 558833890
9 203292570
9 674028309
9 731491389
9 877800559
9 279412591
9 155062789
9 161851239
9 489728904
9 800017149
9 795410142
9 489501781
9 966247747
9 277337409
9 523106379
9 667582291
9 861796761
9 134292446
9 764061149
9 779825046
9 535519993
9 840580359
9 383874039
9 874673549
9 545596166
9 205315459
9 960986865
9 388567489
9 247354029
9 338864709
9 614356639
9 579725343
9 203358059
9 274213339
9 563279253
9 791614569
9 10000009
9 116488349
9 282774449
9 994993689
9 216758894
9 800793252
9 26344789
9 541064469
9 872174950
9 920381066
9 532172399
9 661912217
9 483981824
9 309670733
9 622962979
9 674784279
9 530953019
9 580108449
9 401045910
9 508237996
9 161054859
9 999936252
9 691896657
9 286644039
9 95354856
9 131912835
9 489743867
9 740917848
9 754203809
9 529516905
9 126599850
9 96845756
9 96708690
9 130015269
9 343837759
9 142978201
9 507704869
9 36225179
9 31532019
9 662161291
9 856890452
9 970822541
9 368890266
9 740379070
9 313686309
9 941077161
9 94014094
9 929602686
9 27809720
9 405182639
9 665681019
9 893009106
9 314421129
9 85242119
9 275429445
9 518454269
9 432866139
9 149141545
9 53197857
9 59707823
9 459774289
9 389667991
9 982616997
9 974020049
9 474039781
9 69837129
9 407225139
9 124582019
9 359976416
9 473737589
9 871013197
9 754627339
9 152209994
9 15469566
9 386966935
9 948884333
9 18919260
9 436616219
9 318348922
9 197119741
9 365293563
9 929037803
9 766676049
9 389666176
9 280725119
9 854456759
9 137516779
9 362404949
9 249723547
9 509583110
9 814605859
9 563958040
9 463785389
9 619961524
9 51964830
9 897425408
9 400022839
9 684958176
9 828683449
9 528277219
9 44107659
9 88108935
9 769476562
9 102527829
9 961012927
9 52820699
9 702068595
9 901038171
9 554479877
9 37258129
9 116541289
9 827484119
9 278991236
9 996623061
9 812448559
9 747389256
9 624611869
9 498679958
9 4839771
9 595825373
9 239212226
9 207631589
9 385264419
9 106233419
9 204378749
9 337682639
9 143582079
9 3481395
9 172681809
9 425031209
9 526282119
9 913037200
9 514367009
9 316810945
9 461247339
9 422651069
9 447876369
9 833692942
9 351218914
9 573970758
9 38441419
9 697414888
9 647033069
9 768107049
9 542065971
9 719487938
9 754279033
9 349223151
9 230445529
9 917715858
9 249019299
9 112667159
9 388107689
9 658696359
9 25413419
9 812103609
9 604348289
9 476667179
9 15364219
9 818234489
9 65847689
9 38391652
9 534659624
9 980850261
9 844186699
9 536135629
9 598268953
9 275282249
9 397511718
9 641969788
9 346024679
9 328548519
9 94540222
9 835027739
9 776981850
9 180465291
9 506258309
9 14819158
9 516815916
9 513382359
9 354524619
9 222230914
9 163082239
9 382239514
9 564296449
9 45285569
9 782678449
9 648465439
9 132330449
9 533713839
9 475492567
9 638891325
9 270247759
9 782487597
9 47428449
9 833053549
9 320736390
9 361803219
9 371838889
9 130063849
9 941406477
9 569095751
9 961934872
9 161459159
9 58196725
9 662295620
9 371149531
9 113991812
9 554377769
9 260209522
9 957028122
9 302903587
9 797933996
9 120691102
9 786251129
9 774726987
9 281716689
9 164702369
9 608181609
9 507641329
9 343288239
9 708208379
9 528420529
9 699540397
9 949848991
9 270344579
9 982646081
9 532083659
9 662205409
9 809479849
9 411709488
9 714258479
9 354749448
9 347852189
9 883985211
9 418400049
9 45536049
9 775384669
9 95220881
9 443519
9 59615344
9 217298083
9 356819004
9 964785526
9 326241943
9 698791336
9 888841829
9 727226669
9 377083009
9 147730889
9 901679152
9 787788409
9 930008277
9 748069381
9 528724189
9 237072209
9 682590065
9 119143360
9 184390431
9 158912563
9 861420619
9 474472829
9 578692468
9 402939497
9 742625609
9 320594162
9 443904067
9 653521439
9 138807519
9 815361039
9 171404795
9 855236819
9 863214194
9 324042109
9 801126129
9 930587385
9 911982260
9 999345783
9 521152049
9 844179524
9 254386369
9 614155509
9 193714696
9 311619909
9 264131849
9 280640719
9 782215849
9 745722549
9 7439741
9 158570849
9 142736659
9 463142859
9 972000577
9 763354937
9 599897305
9 524143229
9 438443983
9 81260869
9 370101839
9 252792012
9 916726809
9 525455479
9 605068889
9 877317109
9 137595421
9 663225509
9 459378211
9 269386845
9 934043852
9 91306415
9 804044059
9 114915412
9 866967480
9 6878209
9 881051179
9 182364912
9 427173529
9 100519344
9 786225749
9 325438049
9 340447329
9 110979037
9 124591059
9 328756289
9 402682889
9 125970903
9 763981026
9 155535209
9 736957812
9 876923615
9 165477319
9 912637992
9 33842109
9 628046349
9 490423080
9 26603079
9 633591593
9 296605815
9 422325739
9 883699441
9 711746329
9 768631479
9 771245319
9 424867309
9 169998816
9 793034376
9 423794065
9 113247195
9 632420869
9 412465449
9 517471597
9 300301829
9 643758459
9 774991161
9 994110887
9 498066327
9 440712229
9 274426049
9 183652879
9 199908305
9 678069772
9 241376789
9 519454133
9 660532479
9 326864129
9 407466910
9 685447379
9 672322889
9 715818967
9 634250589
9 536734391
9 691587583
9 562229365
9 70066389
9 596508018
9 559562153
9 58075889
9 326587729
9 279752964
9 717124879
9 602551259
9 655557809
9 17151089
9 104586349
9 117914301
9 550168199
9 260664349
9 596534415
9 386955260
9 824769628
9 24084369
9 9505934
9 558049190
9 609863255
9 516844689
9 340221679
9 662890631
9 593299933
9 151763907
9 655371359
9 464924534
9 898668950
9 191665330
9 609309926
9 733804294
9 494940173
9 61508509
9 317448419
9 365942612
9 904577027
9 417575419
9 782436129
9 48285189
9 666949240
9 853529543
9 681193057
9 927870765
9 262965442
9 728585109
9 943430310
9 923147065
9 7907157
9 439846006
9 224585992
9 751671169
9 244981119
9 585575569
9 671575579
9 429412659
9 326926522
9 624046947
9 350083559
9 945271764
9 827502789
9 133876469
9 683413509
9 784579775
9 557603598
9 308258569
9 626887839
9 567261629
9 917540824
9 431363819
9 375279061
9 683530491
9 66892384
9 64852609
9 875079309
9 782388449
9 509622374
9 940085129
9 271477689
9 83415329
9 77681559
9 461216479
9 282498849
9 941486902
9 360142349
9 2017749
9 874994626
9 798319663
9 639888563
9 222318819
9 909150856
9 897826406
9 835399426
9 1000009
9 842757219
9 959810700
9 534509826
9 855072469
9 354589730
9 352119429
9 679318644
9 948811345
9 983566113
9 225544539
9 939373133
9 818882539
9 124799866
9 971407815
9 129148687
9 746592989
9 28665269
9 891493951
9 840381329
9 578152039
9 677915090
9 926503669
9 154347195
9 29059139
9 636479469
9 865911176
9 305844529
9 600663339
9 914449621
9 516420419
9 781555119
9 606606759
9 347640096
9 534009416
9 118779708
9 147986882
9 240341449
9 912284878
9 530809738
9 143155539
9 344337719
9 829596053
9 545531029
9 621529826
9 396177268
9 572302539
9 306873409
9 21529726
9 887485439
9 248039538
9 451363149
9 14791198
9 264460659
9 253004839
9 557158729
9 438240639
9 294676304
9 773994837
9 939763775
9 622442549
9 156128639
9 362131319
9 667485869
9 718100739
9 16027759
9 455799351
9 743242990
9 771165079
9 207508279
9 953357199
9 28031849
9 844346459
9 609529641
9 791709506
9 344546749
9 398813090
9 505344589
9 842978486
9 389332850
9 284896966
9 632746092
9 372209848
9 876110419
9 216948979
9 442941165
9 437774729
9 768985136
9 620472569
9 48902795
9 363696249
9 773826879
9 356779599
9 531536229
9 43843294
9 361613229
9 175282759
9 196730665
9 300668449
9 105089793
9 777334319
9 939016309
9 681792711
9 30288759
9 74739697
9 137010669
9 10232349
9 955767771
9 908973055
9 619413586
9 438158849
9 829640586
9 431191890
9 852484549
9 717827309
9 735241339
9 80368929
9 434271109
9 380359466
9 640846779
9 593757259
9 289278661
9 430688689
9 156966530
9 789687755
9 341059412
9 566644059
9 983454026
9 724644598
9 735603976
9 48154895
9 804064459
9 407070769
9 715247942
9 309470481
9 858917665
9 936988096
9 915598113
9 324396970
9 376579868
9 259862237
9 678615339
9 444283549
9 949653042
9 744601791
9 678994228
9 139791593
9 304040449
9 46420229
9 382546039
9 705928232
9 263870229
9 453883679
9 264160569
9 733290621
9 533847219
9 513967011
9 144835679
9 885503940
9 58975836
9 762061997
9 436216970
9 428291825
9 996294437
9 89427837
9 248713639
9 7113539
9 319274976
9 732608659
9 82983662
9 974709995
9 451719329
9 374689840
9 220330719
9 476744396
9 611298981
9 992008426
9 546593510
9 974319367
9 390764799
9 110404259
9 324905969
9 436400729
9 157460439
9 625432359
9 533004689
9 692712517
9 892018105
9 559267030
9 522943394
9 45599754
9 242159735
9 570668309
9 169099718
9 362176954
9 379345827
9 383174649
9 643727539
9 763548789
9 402186119
9 886608879
9 140646439
9 227631449
9 187569307
9 641354659
9 129606087
9 17648069
9 276681492
9 844601589
9 967079229
9 171549411
9 794245473
9 601559794
9 347449246
9 933380332
9 739778737
9 254546879
9 53570079
9 710938893
9 247381259
9 434197325
9 745006889
9 560272689
9 663845379
9 480779783
9 578290568
9 823302249
9 800376936
9 448412913
9 538156209
9 716752619
9 381501289
9 639555050
9 351445209
9 404978334
9 341394442
9 287634069
9 987513306
9 68085179
9 730230519
9 659120931
9 479617968
9 556176049
9 786822209
9 208806709
9 90575989
9 591586377
9 297147290
9 588260669
9 550189664
9 784432719
9 692107366
9 203371698
9 571689731
9 671629120
9 778971712
9 30952707
9 247810759
9 247754309
9 141576609
9 997384159
9 830800519
9 82241589
9 31104629
9 711953708
9 831240789
9 32972780
9 801439608
9 81988372
9 418999261
9 5512290
9 221691246
9 978231957
9 850036339
9 843067019
9 232539909
9 201378049
9 871449888
9 10917166
9 808990978
9 144908231
9 862197584
9 718923203
9 675795928
9 910078560
9 152526469
9 414178249
9 980249995
9 489909086
9 846373089
9 32504791
9 509377901
9 420615659
9 302537098
9 496478275
9 515693502
9 601789457
9 63358079
9 457653079
9 984175375
9 517657289
9 834369026
9 566946463
9 912726337
9 912151978
9 390099984
9 734727309
9 360668779
9 490351391
9 36776194
9 141174249
9 380129173
9 638358489
9 212431729
9 51045956
9 857250189
9 507821194
9 982547130
9 903285896
9 887152429
9 475468329
9 698434993
9 722681079
9 563364029
9 704691013
9 429605805
9 28011679
9 245793408
9 121078569
9 958133660
9 864000719
9 950870460
9 853935445
9 741499369
9 622147219
9 148127959
9 248645089
9 140103219
9 705749339
9 100499150
9 411126955
9 833338719
9 564032249
9 13516729
9 157529760
9 52050839
9 31041019
9 691187441
9 249487339
9 569044153
9 966712828
9 866324249
9 438622419
9 209421830
9 4983925
9 689770575
9 602583109
9 556934863
9 852293229
9 535506489
9 549398211
9 647806089
9 442968068
9 577048129
9 336248109
9 833228739
9 980766436
9 261442951
9 611989017
9 495549559
9 551000349
9 80335946
9 330955286
9 493037522
9 830214059
9 884555829
9 215598689
9 286875109
9 978396132
9 958627771
9 470520029
9 86212889
9 711675589
9 560571079
9 35316039
9 162145889
9 600934592
9 980880868
9 884679675
9 895524069
9 900687096
9 16809918
9 975346090
9 209374999
9 617903432
9 310502529
9 933404059
9 453989999
9 994000669
9 815169240
9 992225601
9 737502249
9 654174296
9 122144319
9 980208215
9 217241109
9 681541039
9 258965701
9 215511139
9 995639122
9 812228449
9 409566518
9 146819457
9 178996983
9 980586627
9 714823976
9 28182469
9 363499479
9 193138841
9 695208240
9 463196400
9 495017431
9 639222759
9 158660769
9 269203237
9 403821229
9 695476793
9 553619968
9 538630977
9 892213857
9 834010329
9 580537149
9 522909683
9 586377995
9 588486879
9 388017469
9 880232935
9 380358629
9 809244527
9 795269950
9 142450359
9 747357609
9 162588019
9 122041189
9 125607169
9 18663169
9 77397372
9 309666273
9 428899461
9 297155616
9 405019656
9 372349424
9 721283459
9 677733679
9 143908332
9 724143891
9 952432149
9 419473643
9 879595547
9 100372309
9 862752559
9 93886975
9 681084139
9 640934894
9 323193733
9 265822129
9 746414209
9 97118502
9 189305117
9 987489488
9 183366369
9 250569271
9 329809585
9 211896279
9 491858765
9 53723259
9 727743319
9 6340169
9 64925239
9 37156739
9 561350569
9 103156519
9 591121801
9 992500612
9 522724559
9 646144839
9 698433961
9 679032306
9 496769540
9 631989744
9 676357709
9 499088467
9 895899916
9 369608765
9 811453559
9 381910501
9 77144659
9 514245839
9 19380044
9 120632249
9 281850639
9 291881797
9 744109045
9 6773829
9 496781016
9 604558649
9 41354619
9 314332069
9 369747868
9 157271229
9 648365089
9 364619310
9 542692214
9 956905781
9 194591849
9 97943418
9 79578543
9 584093316
9 344135519
9 389415137
9 71918382
9 902140261
9 829695574
9 528681579
9 790146713
9 570849429
9 935534294
9 156539001
9 81786519
9 575088019
9 27964676
9 278997814
9 261180809
9 905759285
9 272309224
9 592120290
9 937633934
9 249907372
9 947267327
9 57717619
9 292581378
9 363076689
9 234374239
9 619605696
9 868358292
9 486714209
9 562405539
9 925720331
9 826692397
9 386631879
9 478973925
9 755592414
9 773492731
9 888753990
9 820043139
9 766383059
9 499950293
9 334001769
9 286224409
9 611047129
9 279505548
9 113330339
9 638360619
9 300597668
9 825056849
9 675193272
9 89364696
9 534247349
9 353530469
9 141225289
9 652454489
9 313676679
9 615184819
9 206459885
9 615986887
9 861352229
9 703463940
9 511807359
9 291711851
9 236108489
9 966808417
9 188458965
9 797669398
9 908464389
9 870339370
9 111214729
9 448022729
9 55509604
9 38147469
9 41757649
9 670196223
9 461534059
9 658471914
9 396786572
9 662457189
9 249682613
9 439439498
9 608578219
9 293899748
9 559286671
9 959441032
9 559471806
9 828427019
9 781341529
9 599760909
9 999934742
9 292670078
9 425978751
9 880061459
9 295598155
9 826620689
9 195036926
9 647315559
9 205028769
9 305422529
9 292521329
9 361495165
9 610950050
9 462494922
9 83053469
9 7623589
9 446580911
9 721012559
9 943939564
9 343354069
9 62974073
9 640847149
9 834348809
9 960466564
9 46901618
9 977034362
9 387144906
9 82399846
9 68816129
9 728434729
9 918696756
9 583669785
9 127938665
9 531509688
9 791675780
9 480875539
9 536978140
9 624586329
9 757696579
9 33215079
9 263520469
9 48891716
9 879152634
9 324703159
9 102992559
9 499908941
9 109962784
9 226777459
9 488775219
9 135587009
9 526986034
9 633883859
9 392454839
9 374475629
9 116346319
9 624723029
9 948644905
9 369880255
9 215179225
9 842226829
9 739414295
9 735204089
9 872986309
9 200479563
9 534153219
9 518748759
9 415986624
9 288314059
9 399949670
9 821675093
9 352013579
9 8816039
9 252599997
9 7108419
9 815706219
9 735023629
9 523572109
9 199892394
9 852303391
9 932263034
9 108480469
9 808263409
9 325452669
9 945294077
9 461539399
9 919035117
9 208312119
9 764793155
9 296552250
9 73985781
9 272613739
9 995901100
9 395175833
9 291497539
9 514122769
9 134475719
9 799680101
9 260914552
9 897933342
9 723171189
9 22069814
9 7741629
9 37042589
9 166237439
9 855608938
9 665735459
9 647036192
9 709138352
9 225429973
9 739061717
9 233812439
9 243485389
9 910783416
9 409158756
9 730291896
9 803410569
9 205914989
9 257175339
9 607779433
9 688049042
9 368699695
9 372198960
9 61201879
9 963664931
9 259568119
9 480387059
9 665706379
9 399565540
9 63548119
9 66660169
9 213367976
9 902201472
9 868887749
9 303894892
9 816806279
9 147016595
9 379903313
9 362993771
9 893289983
9 439571112
9 548738797
9 157570169
9 858788459
9 977414568
9 152248719
9 13950775
9 359484397
9 451648559
9 523309564
9 666628529
9 292176706
9 920983429
9 748492546
9 359998979
9 691554859
9 260748169
9 814625479
9 844843849
9 134021069
9 278225619
9 683592420
9 731427679
9 90517487
9 143408279
9 743655119
9 689477024
9 498106329
9 428066391
9 896685160
9 234628209
9 658993233
9 274671579
9 66878309
9 819524732
9 637658559
9 572247649
9 419463457
9 363953348
9 86793968
9 26899176
9 104363249
9 993264420
9 523729212
9 15400449
9 4612669
9 636265029
9 872728209
9 151661369
9 113540119
9 343980059
9 616896052
9 318358589
9 789213139
9 818016792
9 950811572
9 137396518
9 451259739
9 903515119
9 277853639
9 691581970
9 803517994
9 313208669
9 267164519
9 295108862
9 146486219
9 630424309
9 143663189
9 636117859
9 781604639
9 410337589
9 120144049
9 156708759
9 456104129
9 290471955
9 602478029
9 406090035
9 366358659
9 571173489
9 776018395
9 374629452
9 132576209
9 155188709
9 93965401
9 252419844
9 7596471
9 462760139
9 411752839
9 743950061
9 465425789
9 354117869
9 20319699
9 578026759
9 219103720
9 156599573
9 894555502
9 677898615
9 808909569
9 177494773
9 598111928
9 318805349
9 898294617
9 19936734
9 735195751
9 86382409
9 762363469
9 687689601
9 362382209
9 489827354
9 427102759
9 660320509
9 950690781
9 904390495
9 205651469
9 76320669
9 89252407
9 395529954
9 334911053
9 550854169
9 303624019
9 33734971
9 105225914
9 388932826
9 188559867
9 293469070
9 167214859
9 834077889
9 657339028
9 905109227
9 992192417
9 370661529
9 955335697
9 439060548
9 667044569
9 543270983
9 629307633
9 249553280
9 344655219
9 325206379
9 615337009
9 197436753
9 863250593
9 976519598
9 746305839
9 158936218
9 605658749
9 849141890
9 593114384
9 486234239
9 865461719
9 659075352
9 346766059
9 78482869
9 586348479
9 269599541
9 859170493
9 598437303
9 385755904
9 107287691
9 428298431
9 861797711
9 985940099
9 33951565
9 266035329
9 32799784
9 873100789
9 943013264
9 533421349
9 426664932
9 360667649
9 513439933
9 272459340
9 169318450
9 702085809
9 34821079
9 564169684
9 23486819
9 282456907
9 898241764
9 674239396
9 363250279
9 466511579
9 180346629
9 815483039
9 497136074
9 611068539
9 818669952
9 792432563
9 165382469
9 257121879
9 997491538
9 115709510
9 749131739
9 262815193
9 366838379
9 789937080
9 70736797
9 335759452
9 152994523
9 916464561
9 666958502
9 782089724
9 10527984
9 407965099
9 967047210
9 578905673
9 373933924
9 246325779
9 400937310
9 345675956
9 436002579
9 229168098
9 162154819
9 207860964
9 471172391
9 708125789
9 442010569
9 284539459
9 27530329
9 876443449
9 384413279
9 427083329
9 288494765
9 371358019
9 64282259
9 50385049
9 77019864
9 709477297
9 356367019
9 274803139
9 510572696
9 879803215
9 668577279
9 570159429
9 651220529
9 487851589
9 390303799
9 235418879
9 782669215
9 804323459
9 928472756
9 665283649
9 562708459
9 1461039
9 495619148
9 476186439
9 144817490
9 22377964
9 724070139
9 51913904
9 26566889
9 484785219
9 398754042
9 882852019
9 841245359
9 999955854
9 630000259
9 520727319
9 343090498
9 312966532
9 593978452
9 564719726
9 209873437
9 192661708
9 358042649
9 337629029
9 529699305
9 946606493
9 837994690
9 60948221
9 888449822
9 148032409
9 757922182
9 630454379
9 639187155
9 383634519
9 505600935
9 289462665
9 42888089
9 512585009
9 638365389
9 853904467
9 829494429
9 310298703
9 951052948
9 819202812
9 896894591
9 288815090
9 924214335
9 68490255
9 425099065
9 41385519
9 566709138
9 879116590
9 432318109
9 541319992
9 646126098
9 359372519
9 525478869
9 284994551
9 98086145
9 728750579
9 341169219
9 102442198
9 877090820
9 841228539
9 8168729
9 109540840
9 98372775
9 228826819
9 438809053
9 354558629
9 715699614
9 186018973
9 685140191
9 455617809
9 313884859
9 358358519
9 206716159
9 416511579
9 175883629
9 383761809
9 475150589
9 378482289
9 866263709
9 922632500
9 88622349
9 568039930
9 136380619
9 145500089
9 727133569
9 960427230
9 807332809
9 140302069
9 910828441
9 404386693
9 166641079
9 110653290
9 849037571
9 255246349
9 432354129
9 352637509
9 990063674
9 728542926
9 558271489
9 894997272
9 829693924
9 174617449
9 863655259
9 225526089
9 131262590
9 865216369
9 76559923
9 243779348
9 547964442
9 703634998
9 172661659
9 548217309
9 411662973
9 849245565
9 467065159
9 815324389
9 976054910
9 796371382
9 829890548
9 739390096
9 207153796
9 591556381
9 200044469
9 511949040
9 678692666
9 892170677
9 935379937
9 848035859
9 707009706
9 226669645
9 289905146
9 352095454
9 480119421
9 179526063
9 208384912
9 521719225
9 206183019
9 215715579
9 475830597
9 439710966
9 340207629
9 439107305
9 147117179
9 638315269
9 925436336
9 276437679
9 868664993
9 638736259
9 666744359
9 731397087
9 978373707
9 998245571
9 262438819
9 884445294
9 316881859
9 864865229
9 994984935
9 869670047
9 486731298
9 608742269
9 919792192
9 723144739
9 352838819
9 233750579
9 109305848
9 968110310
9 674023069
9 838969499
9 515425970
9 902180016
9 781567429
9 248398207
9 735365949
9 853052933
9 708161259
9 289656076
9 567309473
9 118380559
9 923995302
9 442352169
9 143648190
9 211343489
9 565450919
9 496872052
9 773077889
9 652926599
9 930546935
9 10005329
9 976696364
9 157588169
9 186342559
9 905808371
9 573468198
9 294442604
9 40083919
9 748097091
9 139049364
9 64106659
9 75187329
9 767992966
9 705626509
9 254573059
9 284875469
9 173257393
9 698751373
9 797662114
9 261403109
9 675057459
9 781597243
9 30618789
9 541264859
9 392681037
9 282374209
9 770103329
9 192233035
9 773043249
9 200100349
9 14566975
9 592349292
9 742987160
9 761811569
9 906255574
9 618330459
9 849678582
9 137514579
9 125780419
9 633644039
9 862283169
9 457920106
9 373975472
9 441411933
9 655536169
9 578987509
9 398905040
9 123707719
9 446611904
9 548300239
9 201603890
9 907199800
9 927990402
9 828898118
9 673290542
9 897742890
9 408773779
9 771000609
9 434371709
9 103733039
9 794233835
9 637569039
9 605002900
9 698795755
9 123265709
9 766503009
9 609453815
9 221245439
9 114785419
9 89474781
9 962673194
9 574431469
9 577073529
9 987075253
9 89227591
9 287426990
9 322571089
9 432750289
9 882541289
9 743708759
9 276712579
9 234133319
9 178309821
9 407888229
9 617943400
9 412666889
9 707797694
9 421139195
9 3390621
9 141823549
9 972994064
9 97019317
9 703065029
9 619154212
9 434863609
9 414579383
9 849187186
9 349660070
9 177614029
9 574705319
9 411820329
9 576005089
9 895320700
9 39603440
9 845430179
9 860340559
9 217537579
9 302128509
9 271235219
9 66943781
9 277878509
9 382041259
9 966822550
9 109084519
9 45479448
9 327649093
9 132763796
9 9651575
9 121696500
9 977037989
9 202568519
9 696510430
9 739514028
9 233034379
9 847327379
9 296113463
9 394128737
9 218605629
9 107208952
9 981260319
9 499141155
9 232059830
9 983617087
9 578031609
9 611889774
9 827818209
9 181762739
9 577031659
9 942032646
9 411273889
9 3354639
9 855468519
9 776946160
9 740390909
9 274808339
9 849117125
9 795938807
9 599034060
9 502578649
9 521511597
9 750799620
9 475183309
9 116911499
9 910319592
9 91548566
9 841817489
9 582171309
9 192720941
9 165452629
9 881824419
9 782949155
9 310356049
9 743209438
9 201552119
9 347320069
9 766569139
9 122913080
9 691408881
9 597546929
9 229317376
9 381841849
9 146292823
9 765364139
9 994963959
9 690513582
9 889508141
9 454874469
9 170494239
9 680660509
9 934651529
9 253953089
9 833135089
9 891789680
9 442195523
9 816007729
9 66997559
9 149069998
9 995137465
9 271634439
9 271616879
9 267245589
9 327487279
9 756335089
9 884624911
9 2382949
9 771784529
9 314931091
9 348402309
9 64284095
9 347129246
9 342992360
9 872147459
9 727166089
9 825774509
9 345135869
9 775277149
9 177233779
9 613365319
9 693841642
9 841574469
9 537721489
9 764262694
9 94267896
9 928478847
9 437657796
9 394332265
9 477742689
9 329905390
9 822675769
9 251282709
9 650121759
9 564536869
9 513126973
9 28463519
9 313342289
9 731763019
9 365958836
9 190854948
9 503143009
9 593124235
9 704784889
9 307622369
9 910307357
9 782759448
9 439398639
9 640095952
9 56651239
9 220826959
9 861914981
9 859960632
9 286939992
9 953716896
9 635609964
9 382665975
9 35491560
9 814929623
9 487213789
9 793009234
9 34799293
9 773374796
9 990679439
9 336747891
9 443306819
9 670128719
9 507362759
9 423621889
9 263435469
9 826167901
9 562101259
9 189910872
9 151997585
9 567182389
9 187532069
9 778762945
9 218085079
9 69508623
9 264383749
9 98042773
9 351137719
9 265985946
9 236781569
9 242381196
9 991008404
9 321288279
9 871886459
9 136871629
9 873592730
9 515484489
9 187260369
9 387945714
9 24669266
9 864555749
9 635982122
9 911377967
9 305817089
9 32539401
9 321045189
9 123666792
9 527766759
9 101412369
9 715480319
9 278773749
9 524876923
9 451365935
9 955140113
9 475311569
9 169693073
9 460101109
9 17329308
9 186655049
9 592541869
9 992906536
9 656180779
9 944902309
9 235848945
9 981229983
9 355778269
9 952885351
9 68252892
9 55337609
9 550577359
9 693631291
9 976256234
9 183842069
9 291879541
9 695717581
9 126441539
9 780247549
9 83572079
9 469381182
9 75137819
9 246515902
9 291950722
9 903797667
9 572577349
9 586442869
9 188310369
9 884402496
9 964103872
9 960933545
9 927746894
9 280304889
9 481455179
9 908961161
9 14672902
9 530724619
9 213691560
9 325161739
9 173894616
9 515260509
9 685033149
9 156664559
9 76793015
9 883229207
9 38174695
9 644700960
9 533100529
9 252468409
9 405613079
9 816908554
9 37395128
9 214020009
9 558300229
9 580179254
9 429359925
9 704457709
9 873108039
9 359478180
9 7444139
9 58494534
9 546111519
9 336831169
9 180507589
9 730401059
9 108640569
9 422954137
9 961005883
9 466356009
9 814637879
9 350481749
9 424026269
9 613608928
9 297487100
9 103983753
9 726827925
9 449149039
9 121279632
9 568576925
9 776394177
9 900671015
9 131978926
9 292097045
9 742576849
9 693652968
9 658186339
9 381640779
9 680520339
9 174464391
9 748730719
9 757303209
9 204255059
9 507979896
9 630312869
9 923829112
9 404993667
9 829700044
9 830590688
9 154872901
9 447961816
9 751870790
9 327027339
9 530925786
9 204532359
9 527360819
9 785586119
9 911686442
9 347995111
9 341707999
9 489427026
9 955046169
9 742779327
9 626693372
9 510531309
9 537160689
9 310138509
9 593725761
9 265015499
9 219197605
9 299855274
9 707799813
9 213050509
9 75211639
9 953565055
9 141573998
9 324485819
9 387980431
9 775278439
9 442682259
9 598262702
9 539059405
9 919151258
9 20313921
9 885382992
9 26112946
9 374819720
9 630371569
9 46965752
9 386067089
9 811379800
9 256499381
9 296227410
9 281668839
9 940915593
9 460143379
9 501603419
9 858593672
9 195252971
9 837587209
9 729743883
9 318904343
9 826266292
9 981970664
9 611477289
9 16850429
9 673233399
9 101440439
9 928895246
9 489534117
9 774482559
9 936323805
9 302103944
