9 109
9 90
9 999999990
9 100000009
9 123456789
9 686247189
9 602979230
9 100009
9 135226729
9 181231079
9 100009
9 100000009
9 956758879
9 910344876
9 365659861
9 824507699
9 10009
9 100009
9 100000009
9 829342456
9 623724159
9 100000009
9 913681312
9 209718109
9 100000009
9 982002740
9 479291388
9 488164679
9 100009
9 958730953
9 681265109
9 100009
9 100009
9 257789706
9 100009
9 100009
9 311078029
9 100009
9 423928567
9 100009
9 646020298
9 379438544
9 100009
9 100009
9 392209820
9 415677379
9 979605737
9 100009
9 800161987
9 100009
9 638805559
9 10009
9 100009
9 100009
9 359444221
9 100000009
9 630367229
9 600011798
9 100000009
9 108247179
9 733638659
9 100000009
9 709013802
9 264982755
9 750504129
9 704943447
9 100009
9 954982230
9 956074326
9 100000009
9 774617179
9 100009
9 283221329
9 603966489
9 100000009
9 100009
9 628298620
9 100000009
9 100009
9 643741109
9 253757139
9 375756509
9 970840362
9 500514689
9 908736902
9 100009
9 100009
9 100009
9 100009
9 659588064
9 166425963
9 326670779
9 100000009
9 100009
9 427563859
9 913293504
9 100009
9 100009
9 487986893
9 100009
9 459889727
9 100000009
9 597349287
9 100000009
9 598085417
9 100009
9 833771039
9 10009
9 592576383
9 725397067
9 100009
9 100009
9 332182907
9 100009
9 927386695
9 361348209
9 672421249
9 375883629
9 884306889
9 590309574
9 100000009
9 571790534
9 442750179
9 831007929
9 386034699
9 100000009
9 964004617
9 100009
9 935085772
9 849656472
9 100000009
9 752872189
9 512879694
9 708810950
9 100000009
9 981756026
9 632444619
9 832021519
9 518786289
9 100009
9 388129544
9 120245179
9 100009
9 100009
9 100000009
9 100000009
9 731224390
9 100009
9 100000009
9 671110449
9 544216649
9 100000009
9 100009
9 100009
9 100009
9 1000009
9 100009
9 575732097
9 350244709
9 410144529
9 592424124
9 772547339
9 100000009
9 100000009
9 528052759
9 273267729
9 721662179
9 100009
9 100009
9 660409897
9 100009
9 100009
9 796590508
9 808433249
9 100000009
9 100009
9 328580289
9 175539661
9 625811249
9 829685818
9 555399050
9 264749935
9 100009
9 100009
9 100009
9 671152219
9 100000009
9 614069341
9 100009
9 597159200
9 387226924
9 208916010
9 620379523
9 13032239
9 280397976
9 100000009
9 100009
9 360253829
9 322329948
9 100009
9 100009
9 100009
9 300993260
9 100000009
9 170965806
9 288994951
9 959271726
9 368614039
9 688728944
9 655295778
9 653444889
9 100009
9 100000009
9 706871934
9 712628579
9 987401661
9 909206362
9 100009
9 100009
9 296673991
9 764190898
9 104644619
9 800524819
9 305527869
9 100009
9 341721569
9 333944055
9 312944170
9 100009
9 601999184
9 100000009
9 100000009
9 856278879
9 787598071
9 100000009
9 10009
9 421446229
9 100009
9 782556489
9 899210723
9 100009
9 100009
9 674586489
9 352181589
9 308179301
9 811798936
9 923216166
9 948405651
9 100000009
9 168167319
9 627826159
9 171665629
9 100000009
9 449019521
9 735892077
9 398067357
9 100009
9 100009
9 224124911
9 100009
9 100009
9 100009
9 680178297
9 62893658
9 100009
9 100009
9 350527579
9 687326529
9 326982411
9 711610069
9 100009
9 753780229
9 100009
9 360362669
9 366361079
9 683645729
9 180325369
9 763545498
9 100009
9 249689804
9 100000009
9 100000009
9 980890862
9 294015281
9 346596015
9 376540419
9 197947413
9 375913655
9 713954612
9 221607659
9 100000009
9 100009
9 100009
9 100009
9 740900975
9 196724015
9 533053659
9 100009
9 654059129
9 816896341
9 100009
9 100009
9 100009
9 337684859
9 329809826
9 481083269
9 841965350
9 847349130
9 620560319
9 100000009
9 100009
9 100009
9 1000009
9 831520953
9 922322491
9 220713939
9 401051529
9 100000009
9 212411419
9 100009
9 100009
9 398151475
9 100000009
9 497509388
9 100009
9 180686739
9 757573139
9 100009
9 322364339
9 100009
9 100009
9 571894668
9 545014719
9 755922003
9 865884419
9 100000009
9 100009
9 272297201
9 935060703
9 827586309
9 968650834
9 428599072
9 100000009
9 475183964
9 348117159
9 100009
9 100009
9 100009
9 100009
9 100009
9 992382937
9 475611359
9 707287109
9 100009
9 100009
9 814784619
9 100009
9 100000009
9 632742129
9 100009
9 162939716
9 807314938
9 951884113
9 899309376
9 829314929
9 776662609
9 100000009
9 10009
9 926737821
9 10009
9 620554279
9 925236682
9 350454059
9 100009
9 425395615
9 10009
9 192263239
9 100000009
9 713566829
9 100009
9 861402297
9 354806396
9 743453379
9 100000009
9 723521139
9 100009
9 100009
9 275240079
9 100009
9 898411840
9 820403239
9 605574279
9 373670039
9 257038319
9 512949798
9 429918513
9 100009
9 544229887
9 100009
9 971507768
9 291274921
9 140486967
9 268922384
9 100009
9 411308999
9 656418319
9 179996021
9 100009
9 975992793
9 100009
9 352832119
9 552881729
9 100009
9 683185259
9 810366559
9 100009
9 720656259
9 100009
9 369708732
9 100000009
9 109008441
9 811007689
9 369864184
9 843212029
9 669101276
9 917252019
9 100009
9 600697712
9 489437499
9 100000009
9 100009
9 997586784
9 1000009
9 100000009
9 100009
9 956586147
9 100009
9 834962665
9 805442893
9 887280469
9 100009
9 100000009
9 100009
9 100009
9 902660865
9 100000009
9 655312179
9 1000009
9 238865409
9 100000009
9 100009
9 100009
9 264759891
9 100000009
9 10009
9 100009
9 789326290
9 100009
9 100009
9 817353489
9 229690880
9 100009
9 848246109
9 876749616
9 100000009
9 100009
9 100009
9 322907249
9 958956760
9 346897189
9 462969563
9 100000009
9 884757019
9 10009
9 100009
9 208503339
9 228319059
9 242188359
9 100000009
9 426200219
9 100009
9 100000009
9 729058477
9 100009
9 375304579
9 547032279
9 672358439
9 896837586
9 317417989
9 736172419
9 634665719
9 100000009
9 100000009
9 879815731
9 895715050
9 100000009
9 100009
9 898335466
9 100009
9 722279999
9 271367793
9 100009
9 100009
9 893823490
9 715530059
9 100009
9 100009
9 100009
9 255057149
9 100009
9 1000009
9 183851179
9 100000009
9 100009
9 100009
9 198843491
9 144189585
9 118312339
9 406844629
9 187288209
9 509117812
9 319189170
9 49428285
9 674153679
9 100000009
9 699589209
9 207371239
9 100009
9 100000009
9 100000009
9 211091245
9 171069524
9 861442279
9 682702319
9 100000009
9 10009
9 797628574
9 644955163
9 100000009
9 913264370
9 100009
9 166256490
9 100009
9 808057859
9 742986195
9 463744019
9 959416176
9 846519512
9 833538269
9 277079114
9 814489078
9 173880696
9 550567589
9 443518789
9 145538907
9 100000009
9 100009
9 100009
9 10009
9 999928590
9 10009
9 100009
9 100009
9 807233849
9 100009
9 166883891
9 32366309
9 10009
9 782822359
9 398394308
9 100009
9 986219387
9 100000009
9 605222369
9 399880434
9 672143719
9 100009
9 444457926
9 100009
9 753151569
9 100009
9 548738119
9 590782939
9 100000009
9 580066729
9 429046123
9 384807849
9 241908993
9 433857793
9 100009
9 967690475
9 696698124
9 354286229
9 100009
9 237762389
9 10009
9 175059536
9 100009
9 100000009
9 761715629
9 349247454
9 100009
9 774696001
9 786138198
9 758118559
9 981239579
9 473502409
9 169437575
9 100009
9 714991139
9 100009
9 724773932
9 100009
9 601394098
9 199183050
9 100009
9 213562489
9 100009
9 817218897
9 517915034
9 256749246
9 100009
9 823573059
9 100009
9 100009
9 100009
9 494331635
9 100009
9 316947171
9 10009
9 492286508
9 177639341
9 641453839
9 247094631
9 100009
9 100000009
9 100009
9 235603259
9 100009
9 100009
9 100009
9 100009
9 734197415
9 193538208
9 284377519
9 281578095
9 190040354
9 728079165
9 561275879
9 327537199
9 100009
9 100009
9 961672861
9 999688781
9 752061119
9 287281729
9 100009
9 293457424
9 439303190
9 888206596
9 100009
9 429488459
9 100009
9 100009
9 733068397
9 908464803
9 613415149
9 100009
9 308566669
9 10009
9 100009
9 414934637
9 100009
9 390550884
9 276728489
9 100009
9 651190063
9 707899291
9 651075595
9 100009
9 870009723
9 615915700
9 803910739
9 202393524
9 962797460
9 209861262
9 100000009
9 100009
9 314000469
9 100009
9 100000009
9 340307729
9 813171409
9 100009
9 573778229
9 100009
9 100000009
9 100009
9 938088349
9 870516819
9 144940033
9 100009
9 100009
9 618157079
9 309817276
9 100009
9 362364039
9 687298092
9 772743319
9 349006429
9 243570159
9 785822809
9 596599684
9 893900142
9 930601631
9 100009
9 908224893
9 834855169
9 879645053
9 733604319
9 418579748
9 100009
9 246068907
9 100009
9 100000009
9 859974811
9 422519115
9 100000009
9 521089699
9 100009
9 327192630
9 100009
9 295793613
9 161177591
9 100009
9 396062345
9 802068279
9 100009
9 894736375
9 100000009
9 100000009
9 100009
9 100000009
9 100000009
9 100009
9 100009
9 116273419
9 189968950
9 413076169
9 977617013
9 578638079
9 580717922
9 100000009
9 100009
9 316212019
9 100009
9 100009
9 436364019
9 568023469
9 752326679
9 100009
9 177430619
9 100009
9 906503006
9 687330109
9 816072976
9 312857197
9 100009
9 100009
9 100009
9 878175269
9 887326961
9 525598754
9 100000009
9 100009
9 921483664
9 475474739
9 333155952
9 482856962
9 100000009
9 709162638
9 100009
9 296976242
9 100000009
9 100009
9 100009
9 100009
9 100000009
9 360332849
9 926703646
9 100000009
9 100009
9 100000009
9 612064495
9 183257029
9 306411709
9 100009
9 151315869
9 10009
9 811776629
9 217526999
9 275654259
9 289406731
9 100009
9 952029946
9 782191631
9 100009
9 100000009
9 948291908
9 901781587
9 485621591
9 753403962
9 612005192
9 100000009
9 100009
9 630881419
9 117263529
9 640657029
9 870020959
9 100009
9 399877593
9 815915946
9 100009
9 100000009
9 100009
9 100009
9 858098772
9 100000009
9 522512569
9 465637709
9 100009
9 417367179
9 100009
9 100000009
9 744289524
9 10009
9 100009
9 10009
9 606663349
9 936727726
9 100009
9 100009
9 793102711
9 100009
9 100000009
9 787029214
9 660340982
9 100009
9 100000009
9 100009
9 562780009
9 866746539
9 100009
9 100009
9 622792650
9 556796121
9 385984153
9 763508059
9 100000009
9 100009
9 100000009
9 759261184
9 473130419
9 374083379
9 650287519
9 100009
9 998477793
9 816558709
9 324018409
9 350163119
9 610593633
9 514350249
9 100000009
9 100000009
9 650942369
9 100000009
9 100000009
9 596775148
9 302458559
9 100009
9 100009
9 188508915
9 100000009
9 978536234
9 862533029
9 721606990
9 100009
9 547708219
9 585733269
9 100009
9 602347159
9 178377549
9 100009
9 100009
9 993945889
9 440523009
9 100000009
9 100009
9 136748980
9 214810609
9 100009
9 940771909
9 100000009
9 207191394
9 100009
9 812296348
9 843050879
9 10009
9 100009
9 505757409
9 100009
9 688994789
9 536683359
9 100009
9 660597929
9 557812359
9 100009
9 466530179
9 100000009
9 668291519
9 100000009
9 100009
9 100009
9 713948766
9 100000009
9 449495856
9 838320439
9 972928003
9 100009
9 10009
9 100009
9 129516314
9 692399129
9 100000009
9 100000009
9 100009
9 975594278
9 896976335
9 900515607
9 100000009
9 100009
9 296290980
9 740685694
9 100009
9 412436129
9 228732229
9 983741552
9 383746429
9 125613197
9 10009
9 582713976
9 797979481
9 100000009
9 100009
9 353837669
9 218460549
9 742592440
9 100009
9 655933616
9 475459041
9 288089298
9 521429534
9 813421719
9 100000009
9 856853239
9 379185437
9 100009
9 730187379
9 162920310
9 100000009
9 100009
9 498858383
9 614439651
9 100009
9 100009
9 423838609
9 994307395
9 272435797
9 984137565
9 681391784
9 948142894
9 848636329
9 100009
9 100009
9 380814934
9 10009
9 10009
9 142799656
9 100000009
9 921039397
9 260858059
9 944565047
9 356659645
9 10009
9 982838625
9 151668739
9 597676719
9 663071449
9 399560467
9 828984919
9 518741289
9 433536469
9 147691051
9 100009
9 100009
9 211565589
9 10009
9 726934490
9 100009
9 208593069
9 100000009
9 911806795
9 100000009
9 510909643
9 597846046
9 957554408
9 311217490
9 100000009
9 100009
9 307584469
9 100009
9 298766431
9 100009
9 255584169
9 100009
9 100000009
9 100000009
9 100009
9 630875839
9 100009
9 100009
9 110387946
9 785843609
9 971606527
9 484032239
9 893783849
9 863248239
9 638780859
9 193805844
9 850465789
9 467257729
9 100000009
9 100009
9 100009
9 100009
9 970975427
9 100009
9 727959919
9 100009
9 311744519
9 766612359
9 100009
9 190282159
9 349047698
9 119897160
9 100009
9 882206649
9 298102452
9 370009947
9 739568600
9 204306369
9 898455360
9 792152086
9 100000009
9 905812447
9 100000009
9 300810119
9 150391379
9 180239149
9 100000009
9 100000009
9 739203319
9 100009
9 657118389
9 519335106
9 100000009
9 610036595
9 100009
9 100009
9 332307209
9 716366719
9 100000009
9 363916849
9 638066091
9 100009
9 100000009
9 251418096
9 276014429
9 848331569
9 487630859
9 558955183
9 289169591
9 100009
9 100009
9 992757278
9 436469781
9 286116239
9 100009
9 100000009
9 344469014
9 684623593
9 100009
9 330529494
9 249389509
9 421034489
9 685848459
9 100000009
9 793125221
9 100009
9 753442595
9 100009
9 450399728
9 743948141
9 648388393
9 100009
9 100009
9 802592272
9 100009
9 702392455
9 100009
9 100009
9 100009
9 100009
9 100009
9 100009
9 100009
9 100009
9 100000009
9 318706219
9 790884727
9 100009
9 100000009
9 631556609
9 100000009
9 100009
9 921150412
9 826035649
9 100009
9 100009
9 318154179
9 100000009
9 108493221
9 619714386
9 432552219
9 110865359
9 10009
9 100009
9 100000009
9 100000009
9 493183487
9 100009
9 100000009
9 10009
9 100009
9 937933055
9 100009
9 163247059
9 100009
9 1000009
9 100000009
9 100000009
9 10009
9 928321416
9 843268709
9 571711469
9 100009
9 407436639
9 100009
9 100009
9 732619490
9 100009
9 153066849
9 833019097
9 100009
9 235824690
9 289818046
9 912775447
9 406215279
9 100000009
9 831680549
9 168652993
9 203560249
9 100009
9 100009
9 430366279
9 100000009
9 768210779
9 254291980
9 209681466
9 100009
9 100009
9 100009
9 522432965
9 539109118
9 718200069
9 107141029
9 523229709
9 438484829
9 858642389
9 588941668
9 100009
9 10009
9 100009
9 917365708
9 100009
9 100000009
9 146564549
9 100000009
9 100009
9 675072419
9 100000009
9 459447095
9 100000009
9 100009
9 650135009
9 719655306
9 100009
9 100000009
9 100000009
9 100009
9 220856359
9 933200097
9 100009
9 100009
9 429828359
9 802568971
9 390457382
9 615733389
9 100000009
9 552729472
9 702494167
9 100009
9 996219899
9 699611725
9 100009
9 141259415
9 155320019
9 399941757
9 621187419
9 100009
9 100000009
9 100000009
9 931088420
9 523556309
9 100009
9 100009
9 567243349
9 100009
9 100000009
9 10009
9 397328275
9 100009
9 985639389
9 100009
9 100000009
9 736516389
9 100009
9 292578029
9 260652039
9 419579283
9 904411505
9 100009
9 185434496
9 100000009
9 100000009
9 100009
9 451482539
9 693863335
9 436558009
9 100000009
9 733653039
9 100009
9 693105532
9 100009
9 379690258
9 581905955
9 10009
9 571586169
9 832591954
9 100009
9 673092284
9 672154669
9 103427879
9 100000009
9 100000009
9 699607226
9 100009
9 323557449
9 393275045
9 707812095
9 100009
9 100009
9 100009
9 1000009
9 100009
9 694099680
9 100009
9 100009
9 100000009
9 100009
9 397681706
9 100009
9 983661477
9 612618879
9 592827438
9 100000009
9 689280738
9 601207289
9 272469527
9 158034749
9 100009
9 100009
9 100009
9 329460024
9 100009
9 100000009
9 100009
9 527638829
9 100000009
9 570671299
9 100009
9 100009
9 100000009
9 434820619
9 597043964
9 217773869
9 10009
9 259612630
9 242839755
9 100009
9 100009
9 510636209
9 879925105
9 888838459
9 988188926
9 885290835
9 100009
9 680335419
9 866694382
9 901683950
9 908841735
9 100009
9 859678499
9 865925905
9 770828779
9 100009
9 322087921
9 792924111
9 100009
9 448462509
9 100009
9 267424940
9 100009
9 100009
9 100009
9 608695394
9 728838109
9 100009
9 233501619
9 268746589
9 404026269
9 727749137
9 374068639
9 404002389
9 408415079
9 497422277
9 218929900
9 450175589
9 929275854
9 111034219
9 100009
9 100000009
9 126133079
9 100009
9 100000009
9 100000009
9 244442319
9 707011579
9 280368319
9 142215995
9 470782569
9 100000009
9 999575609
9 100009
9 977713425
9 920182769
9 587706859
9 100009
9 723703519
9 100009
9 100009
9 100009
9 100000009
9 100009
9 799497199
9 100009
9 241187549
9 100009
9 100009
9 100000009
9 611464479
9 280686609
9 419843535
9 205060649
9 676962811
9 100000009
9 589089781
9 911255433
9 1009
9 756967035
9 100009
9 132238579
9 580644809
9 515375759
9 272645539
9 100009
9 100009
9 676010269
9 424434579
9 426668249
9 583806119
9 428443289
9 100000009
9 403019909
9 722344839
9 309315052
9 230069601
9 139024165
9 100009
9 100009
9 100009
9 103862992
9 140173259
9 617065089
9 100009
9 309600873
9 406945508
9 191767769
9 281072395
9 100000009
9 10009
9 100000009
9 899818884
9 100009
9 588899315
9 100009
9 312244893
9 100009
9 699660704
9 903790654
9 559975549
9 100009
9 100009
9 944511084
9 45681369
9 467973201
9 100009
9 553929879
9 389123275
9 316976996
9 533879827
9 981603381
9 538358659
9 500935662
9 100009
9 593236727
9 879614549
9 100000009
9 100009
9 247334379
9 976724240
9 972326299
9 100000009
9 846926457
9 260376819
9 186892039
9 202541039
9 698143060
9 100009
9 706301819
9 100009
9 100009
9 100000009
9 10009
9 294174721
9 868849845
9 100009
9 10009
9 100000009
9 605559384
9 774087859
9 936558713
9 677361459
9 100009
9 100000009
9 603643639
9 673669101
9 227016129
9 100009
9 609428997
9 10009
9 733632469
9 100009
9 100009
9 100009
9 100009
9 116647739
9 100000009
9 622477059
9 676483390
9 100009
9 883781829
9 774557691
9 896982442
9 100009
9 387961574
9 100009
9 100000009
9 342102769
9 151373019
9 174091522
9 191786834
9 100009
9 149121292
9 493181406
9 482146319
9 100009
9 613826494
9 482159349
9 178303149
9 710638359
9 100009
9 100009
9 216947796
9 100000009
9 777783093
9 147681589
9 100000009
9 615585609
9 908816263
9 502016079
9 583282609
9 100009
9 100009
9 810437659
9 100000009
9 436808189
9 100009
9 100000009
9 727383669
9 565412729
9 708615659
9 100009
9 352846509
9 840481259
9 312688379
9 439767312
9 100009
9 137720629
9 763391896
9 100009
9 100009
9 100000009
9 100009
9 100009
9 100000009
9 745095794
9 100000009
9 100000009
9 100009
9 636197488
9 100009
9 431904298
9 700974809
9 100000009
9 120212609
9 839035268
9 404846293
9 100000009
9 100009
9 100009
9 328779666
9 132489274
9 100000009
9 408759352
9 881167659
9 448971057
9 893416930
9 784061397
9 100009
9 100000009
9 433632349
9 509583334
9 162999028
9 787755829
9 100009
9 910176715
9 808292384
9 543035709
9 521968490
9 100009
9 660577369
9 898389245
9 394846186
9 100000009
9 878595663
9 100009
9 753172359
9 100000009
9 295416096
9 114246329
9 100009
9 1000009
9 958794497
9 411545219
9 100009
9 444467159
9 100009
9 524136495
9 100009
9 100000009
9 100009
9 371567809
9 278403349
9 100009
9 100009
9 870100549
9 262779556
9 100000009
9 868300679
9 332006729
9 808440922
9 380826029
9 543899743
9 780908971
9 581805759
9 100000009
9 100000009
9 100000009
9 584694418
9 342226349
9 202717139
9 100000009
9 803091527
9 100009
9 100009
9 955682786
9 609369090
9 242931941
9 100000009
9 655785789
9 891478870
9 887497559
9 100009
9 100009
9 637470119
9 100009
9 218759416
9 227296769
9 100009
9 928157335
9 100000009
9 676521393
9 571144839
9 487218739
9 826042789
9 939623256
9 233845719
9 100009
9 100000009
9 890023154
9 100000009
9 100009
9 100009
9 576583769
9 100009
9 100009
9 100009
9 100009
9 100000009
9 100009
9 154696290
9 100009
9 777758429
9 585651079
9 337666709
9 874227639
9 907518699
9 310640679
9 102035889
9 100009
9 100009
9 100009
9 1000009
9 100009
9 100009
9 280761679
9 815310339
9 251377359
9 126476539
9 959600347
9 436289214
9 797429133
9 10009
9 10009
9 707316179
9 100009
9 27989302
9 415654389
9 237078459
9 100009
9 100009
9 100000009
9 100009
9 165316429
9 664354709
9 918833976
9 173367429
9 215162193
9 231053579
9 624288769
9 569163897
9 413095409
9 122174189
9 830675749
9 712913740
9 986886795
9 100000009
9 874022469
9 528667609
9 906407478
9 100009
9 734003039
9 756221609
9 100009
9 237060779
9 379119282
9 774744197
9 427069882
9 654300829
9 542119717
9 100009
9 678068859
9 144246869
9 100000009
9 100000009
9 655841129
9 488337049
9 734538809
9 274998275
9 169022686
9 650033489
9 527930896
9 100009
9 646290645
9 100000009
9 369988972
9 210654609
9 946118672
9 100009
9 100009
9 802456997
9 119269951
9 10009
9 734137839
9 216397568
9 367122059
9 10009
9 100000009
9 916367861
9 100009
9 724025449
9 579415834
9 698781669
9 585497487
9 100000009
9 100000009
9 280181695
9 100000009
9 53555093
9 100000009
9 895362490
9 100009
9 154504849
9 100000009
9 10009
9 10009
9 100000009
9 100009
9 918901264
9 442459130
9 657729666
9 321697630
9 100009
9 100009
9 100009
9 334376992
9 100009
9 100009
9 552480029
9 822691398
9 891598929
9 551662539
9 923313350
9 100000009
9 100009
9 100009
9 100009
9 542822719
9 10009
9 100009
9 100000009
9 369764519
9 139437844
9 244354209
9 435597074
9 100009
9 874104359
9 300977598
9 100000009
9 100009
9 677364659
9 100009
9 1000009
9 686718319
9 100009
9 100000009
9 100009
9 287062029
9 686570319
9 100009
9 537249451
9 100000009
9 100009
9 100000009
9 270881819
9 531660589
9 625735589
9 123782349
9 100009
9 100000009
9 100009
9 986202128
9 100009
9 100009
9 100009
9 703378859
9 620334997
9 885542391
9 100009
9 10009
9 643312069
9 10009
9 10009
9 200226009
9 241803259
9 963294667
9 324631849
9 100009
9 898314112
9 589471668
9 684040592
9 353240029
9 1000009
9 219374460
9 100009
9 470267889
9 365212009
9 100009
9 602243329
9 469411660
9 100000009
9 100009
9 100009
9 100009
9 553889660
9 100000009
9 648470923
9 658807659
9 335286819
9 100009
9 100000009
9 560542389
9 100009
9 742301995
9 574568489
9 649354689
9 806549021
9 100009
9 100009
9 579556634
9 350183139
9 780176449
9 100009
9 573203149
9 100009
9 627643129
9 866869942
9 100009
9 703368629
9 100000009
9 100009
9 10009
9 438616729
9 908219059
9 100009
9 947852781
9 100000009
9 100009
9 124806339
9 100009
9 805238493
9 529149061
9 100009
9 391516616
9 10009
9 734230729
9 265563529
9 100000009
9 552705796
9 620550489
9 442368769
9 478398566
9 798420167
9 100000009
9 100009
9 10009
9 401568905
9 956148410
9 585652859
9 153462977
9 807591982
9 774648319
9 804384496
9 229771483
9 100009
9 100009
9 993053319
9 268438829
9 853161009
9 999813963
9 656096984
9 100000009
9 100009
9 100009
9 614695761
9 100009
9 100000009
9 144034119
9 957509614
9 178632709
9 650217109
9 100000009
9 100000009
9 199071726
9 100009
9 100009
9 105688789
9 455347529
9 602846169
9 821824569
9 579416194
9 100009
9 100000009
9 409843918
9 784655839
9 824008489
9 100009
9 100009
9 162877679
9 100000009
9 1000009
9 100009
9 340819146
9 550254489
9 405444429
9 100000009
9 459297202
9 100000009
9 100000009
9 383696611
9 100009
9 100009
9 411122749
9 100009
9 964944506
9 242182569
9 615816739
9 287159753
9 100009
9 514367349
9 674966204
9 100009
9 645963057
9 100000009
9 457611159
9 100009
9 913822136
9 274210869
9 100009
9 100009
9 629845066
9 10009
9 431857589
9 763067549
9 120757429
9 339633965
9 203846159
9 972872349
9 345607769
9 100009
9 100009
9 403900196
9 100009
9 729742340
9 386372179
9 915313904
9 403878955
9 100009
9 760150189
9 100000009
9 100009
9 100009
9 842666259
9 663179620
9 916827205
9 341401379
9 874799693
9 22898644
9 100009
9 173211947
9 638208049
9 100000009
9 100000009
9 627514098
9 100000009
9 961439873
9 352374977
9 581715219
9 100009
9 402890711
9 807106897
9 418075009
9 100009
9 348292582
9 705309339
9 160587194
9 804285159
9 100000009
9 127175829
9 100000009
9 710396234
9 100009
9 100000009
9 100000009
9 581751079
9 100009
9 955426619
9 100009
9 792226199
9 110122896
9 299824101
9 100009
9 100000009
9 10009
9 100009
9 100000009
9 396332970
9 242222749
9 415386589
9 868572319
9 132747749
9 442578249
9 793390810
9 949035330
9 10009
9 572965464
9 100009
9 100000009
9 479694223
9 861522059
9 100000009
9 100009
9 100009
9 100000009
9 713627679
9 100009
9 522408369
9 202019741
9 208625999
9 100009
9 203509037
9 258831269
9 100009
9 100009
9 484832579
9 684651967
9 100000009
9 624146298
9 100009
9 607013849
9 100009
9 611344659
9 734906477
9 837365379
9 100000009
9 100000009
9 972462097
9 803714209
9 100009
9 188957707
9 501226549
9 100009
9 541074679
9 100009
9 942031764
9 100009
9 100000009
9 891789642
9 542409709
9 100009
9 330968271
9 100009
9 641153929
9 100000009
9 100000009
9 100009
9 100000009
9 100000009
9 517748069
9 347060049
9 492226823
9 955325963
9 100009
9 100009
9 205502679
9 264722079
9 178686849
9 380573439
9 1009
9 905544333
9 803723119
9 100000009
9 100009
9 100000009
9 523091962
9 461389617
9 907758886
9 513256190
9 100009
9 683056968
9 100009
9 235754429
9 100009
9 201756109
9 303912132
9 586689985
9 237744965
9 238406609
9 1000009
9 100000009
9 100009
9 649725462
9 100009
9 715198179
9 372464429
9 100000009
9 384472239
9 100009
9 920713345
9 535616449
9 100000009
9 10009
9 986467048
9 373052409
9 626894078
9 694055032
9 100009
9 196533254
9 100009
9 100009
9 305790961
9 125973782
9 100009
9 243415598
9 455240379
9 691150880
9 100000009
9 752461779
9 100009
9 100000009
9 439432915
9 1000009
9 100000009
9 560860289
9 100009
9 490703557
9 100009
9 288609178
9 1000009
9 10009
9 242795199
9 962052144
9 103868219
9 360415389
9 803616769
9 356401469
9 529433066
9 784367839
9 10009
9 557227209
9 363929462
9 100009
9 100009
9 10009
9 100009
9 100009
9 100000009
9 418055459
9 896784644
9 100009
9 246673089
9 816198532
9 378190523
9 100009
9 145252339
9 306540295
9 321552769
9 557902645
9 917793566
9 100009
9 810426409
9 429984388
9 100009
9 826419134
9 474038669
9 279199375
9 629155028
9 547469931
9 915297379
9 884952322
9 898838116
9 100009
9 997196068
9 426423069
9 100000009
9 100009
9 100009
9 100000009
9 129162939
9 301289580
9 221532981
9 100009
9 100009
9 675330579
9 100009
9 36807379
9 10009
9 100009
9 103774490
9 100000009
9 967044078
9 958849683
9 175999526
9 100009
9 100009
9 107782339
9 638103619
9 100009
9 934897552
9 408057309
9 417385329
9 354488119
9 102019313
9 10009
9 100009
9 100009
9 100000009
9 429609256
9 478974659
9 509834228
9 986324741
9 302859128
9 789115101
9 100000009
9 900992174
9 100009
9 363843739
9 846803749
9 129159844
9 100009
9 741189469
9 773196799
9 100009
9 347052219
9 328587029
9 100000009
9 208062793
9 100009
9 100009
9 458785579
9 504340849
9 10009
9 100009
9 411442900
9 100009
9 901343994
9 673502549
9 532617993
9 155952118
9 865401379
9 100009
9 591374318
9 100009
9 961475921
9 252392512
9 343694221
9 100009
9 42560709
9 816389583
9 100009
9 1000009
9 737233369
9 649600358
9 10009
9 100009
9 293340638
9 566141459
9 775301819
9 100009
9 10009
9 100009
9 737808959
9 100009
9 100009
9 100000009
9 978114885
9 819177621
9 889400202
9 10009
9 130935492
9 100009
9 227270039
9 100000009
9 997182148
9 100009
9 546157279
9 398844757
9 100009
9 736309229
9 100009
9 100000009
9 100009
9 812837029
9 783413296
9 100009
9 280637396
9 681383129
9 100000009
9 878499114
9 503057609
9 627982802
9 416409929
9 689926724
9 248664839
9 707606639
9 100009
9 901693673
9 210533039
9 100009
9 312912903
9 213514109
9 921085423
9 122452469
9 107667925
9 100009
9 826508269
9 679751182
9 100000009
9 100009
9 955133863
9 258533559
9 100009
9 100009
9 100009
9 100009
9 446661691
9 100009
9 425069111
9 100009
9 849705341
9 826698575
9 100009
9 735730649
9 123106109
9 100000009
9 569049210
9 100000009
9 607507419
9 590138929
9 100009
9 888830955
9 10000009
9 951641703
9 338020479
9 637171869
9 100009
9 796639371
9 100009
9 392834075
9 100009
9 100000009
9 410941306
9 100009
9 764583109
9 733290572
9 100009
9 328715943
9 407649084
9 931034099
9 855073519
9 100009
9 100000009
9 357508694
9 100009
9 100009
9 246017239
9 680103069
9 100009
9 100000009
9 792700942
9 100000009
9 612252459
9 100009
9 290520883
9 803090612
9 212924974
9 643249343
9 100009
9 100009
9 783061679
9 545473957
9 857408479
9 100009
9 100000009
9 217364319
9 100000009
9 100009
9 692534443
9 100000009
9 748975229
9 100009
9 231704779
9 849984312
9 100009
9 100009
9 100009
9 100000009
9 100009
9 100009
9 104840639
9 317692591
9 10009
9 238764089
9 100009
9 960878362
9 100009
9 989219574
9 100000009
9 317776579
9 903629801
9 100000009
9 304433249
9 743362469
9 889702290
9 100009
9 764730129
9 676381409
9 100000009
9 853582429
9 705905891
9 282115379
9 696489395
9 391037011
9 450134429
9 100009
9 100000009
9 751161149
9 100009
9 100009
9 273687292
9 10009
9 324307759
9 768319798
9 100009
9 194197725
9 100009
9 441427619
9 447489242
9 100009
9 248657379
9 399000934
9 100009
9 330576549
9 10009
9 214575329
9 100000009
9 700988624
9 389772824
9 100009
9 508983677
9 269267110
9 640651942
9 100009
9 230530079
9 301604359
9 369099556
9 592765118
9 649318683
9 259143772
9 865508930
9 186673439
9 187741819
9 100009
9 100000009
9 100009
9 797306017
9 779423556
9 495946832
9 900932011
9 100000009
9 100000009
9 484348569
9 494716877
9 564200079
9 150692526
9 37221489
9 317544179
9 100009
9 100009
9 100009
9 100000009
9 100009
9 100009
9 865262559
9 100009
9 100009
9 695027112
9 446685879
9 100009
9 100009
9 163489725
9 921325637
9 100009
9 287383299
9 100009
9 100009
9 178813198
9 100000009
9 722007279
9 100009
9 732735955
9 252111549
9 482527519
9 943905063
9 100000009
9 537571692
9 100000009
9 399967407
9 118717679
9 100009
9 945420050
9 544937181
9 100000009
9 791463691
9 685946539
9 810995290
9 100009
9 100009
9 100009
9 811055169
9 100000009
9 603451279
9 913167648
9 852621293
9 445136639
9 253961497
9 127894903
9 800852639
9 10009
9 475957545
9 100009
9 100000009
9 879517234
9 973502586
9 137221229
9 281884699
9 224795381
9 671664819
9 380331709
9 100000009
9 100009
9 443130579
9 620872849
9 100009
9 890719764
9 386299526
9 100009
9 100000009
9 774582369
9 649246949
9 109265464
9 100009
9 138112739
9 172424994
9 10009
9 885723079
9 624265549
9 100000009
9 982994624
9 100009
9 100009
9 704407069
9 100000009
9 100000009
9 960261142
9 638568079
9 100000009
9 100009
9 605110579
9 866887219
9 100009
9 100009
9 497304714
9 100009
9 687410179
9 441864189
9 884376965
9 258790095
9 549279991
9 276880649
9 100009
9 100009
9 100009
9 704096644
9 100009
9 479474791
9 100000009
9 100000009
9 100009
9 407506709
9 942975094
9 919485794
9 639722192
9 257274239
9 902512039
9 100009
9 566631309
9 819259260
9 100009
9 100009
9 338120943
9 100009
9 141175029
9 100000009
9 100000009
9 100009
9 100000009
9 938540126
9 157682429
9 100009
9 100000009
9 993223311
9 436474595
9 913583132
9 889052758
9 100009
9 100009
9 581568479
9 100009
9 905412049
9 956090355
9 220529570
9 320316769
9 100000009
9 159825567
9 100009
9 100009
9 100009
9 529361877
9 954319616
9 653849640
9 100009
9 117056499
9 100009
9 100009
9 100009
9 607064349
9 100009
9 125521109
9 269743569
9 303832449
9 100000009
9 10009
9 100009
9 315598986
9 267241209
9 865185539
9 664647209
9 644430009
9 100000009
9 942068109
9 860635089
9 233048529
9 34214139
9 499631728
9 100009
9 100000009
9 290497928
9 100000009
9 394518395
9 276634039
9 100009
9 100009
9 100009
9 620262379
9 452366695
9 100009
9 601233992
9 760355539
9 468386904
9 100009
9 352095118
9 100009
9 672534019
9 681619070
9 100009
9 100009
9 793047221
9 732832149
9 100000009
9 163234139
9 100009
9 257003129
9 611622359
9 201663719
9 333213590
9 232344955
9 988791875
9 256412119
9 100009
9 100000009
9 452487970
9 100009
9 855418970
9 100000009
9 780727970
9 100009
9 100009
9 801380569
9 171410598
9 432231921
9 100009
9 715809530
9 133806379
9 100000009
9 544616309
9 757550079
9 10000009
9 264149729
9 100000009
9 618413059
9 480945584
9 100009
9 992956351
9 100009
9 514792082
9 100009
9 100000009
9 817724349
9 501251379
9 830398407
9 206737969
9 287169368
9 100000009
9 852120029
9 559923878
9 100009
9 100009
9 563108459
9 348977094
9 100009
9 100000009
9 984497452
9 582653938
9 396158105
9 233541489
9 100009
9 671480269
9 100000009
9 181998458
9 100009
9 609029979
9 828844029
9 100009
9 422583669
9 100009
9 840675849
9 100009
9 279178037
9 100009
9 100000009
9 670280429
9 222610593
9 100009
9 100009
9 100009
9 100009
9 240064719
9 100009
9 489599876
9 10009
9 455905365
9 100009
9 100009
9 989037448
9 100009
9 929604994
9 346004039
9 101195092
9 1000009
9 887216149
9 100009
9 792816173
9 717671069
9 639704295
9 100000009
9 397147025
9 178665591
9 358902944
9 462948102
9 351610029
9 100009
9 100009
9 480836769
9 209347875
9 100009
9 889493860
9 854416789
9 100000009
9 130852239
9 694087908
9 100000009
9 100000009
9 100000009
9 393027973
9 360109276
9 100009
9 100009
9 521731209
9 321249249
9 100009
9 811916883
9 100009
9 194282905
9 100009
9 100009
9 171905858
9 435537669
9 100009
9 693424523
9 624006319
9 385380928
9 190963774
9 100009
9 631251549
9 100000009
9 446921759
9 917822656
9 440775937
9 100000009
9 720655965
9 298176772
9 567497756
9 929939490
9 100000009
9 395353006
9 271154649
9 411657189
9 915891290
9 100009
9 100009
9 841577719
9 230288890
9 596403128
9 568056019
9 581684259
9 100009
9 100009
9 201019401
9 100009
9 182677190
9 203004279
9 654231934
9 968193170
9 100009
9 100009
9 100009
9 210393569
9 100009
9 520429616
9 923054758
9 100009
9 100000009
9 975105141
9 767725997
9 473158759
9 136149242
9 100000009
9 815424779
9 476620339
9 100000009
9 987545416
9 116162059
9 946911251
9 207662679
9 537914959
9 100009
9 958331252
9 634587659
9 142044679
9 799178359
9 100009
9 345534569
9 100009
9 100000009
9 777651009
9 403518669
9 909493366
9 620019563
9 100009
9 262711489
9 877824449
9 100000009
9 141463579
9 213894979
9 100009
9 100000009
9 100009
9 1000009
9 100009
9 100000009
9 710989077
9 286515798
9 144030069
9 100009
9 100009
9 10009
9 987196029
9 312003859
9 501346239
9 418584923
9 100000009
9 100009
9 294998211
9 100009
9 100000009
9 389717200
9 934889897
9 100000009
9 100009
9 100009
9 213463269
9 241636297
9 100009
9 226157529
9 100009
9 100009
9 100000009
9 100009
9 269712173
9 348489899
9 100009
9 628259082
9 606305679
9 169953686
9 539998863
9 489000431
9 474543900
9 882923769
9 154868194
9 790403298
9 100009
9 915805475
9 338136719
9 100009
9 100000009
9 100009
9 752441569
9 10009
9 100009
9 100000009
9 842097873
9 987707184
9 915282967
9 407300409
9 10009
9 100009
9 100009
9 100009
9 352279615
9 401887519
9 100009
9 100000009
9 100009
9 638548079
9 100009
9 485682769
9 665719183
9 221744449
9 100009
9 100009
9 100009
9 217236599
9 162276019
9 139916292
9 100009
9 247483639
9 856049800
9 390068568
9 105943590
9 775422719
9 603114759
9 682642991
9 559418446
9 739224267
9 721067769
9 253946535
9 100009
9 330114029
9 100009
9 916400411
9 166829906
9 371963294
9 100009
9 455815019
9 795895255
9 161135659
9 100009
9 101333549
9 100009
9 444014659
9 100009
9 100000009
9 100000009
9 622240139
9 728365559
9 721736519
9 338222839
9 100000009
9 391375909
9 197135593
9 629684043
9 100009
9 177134839
9 287943249
9 661177689
9 100000009
9 611497157
9 312317839
9 538350219
9 923656478
9 364784749
9 677968090
9 480444529
9 650479293
9 589363975
9 100000009
9 261361559
9 423518619
9 1000009
9 179067874
9 100009
9 685552009
9 100009
9 100009
9 442958099
9 371631429
9 100009
9 774124629
9 100009
9 365801829
9 894009962
9 10009
9 590294246
9 697191370
9 542654249
9 911794182
9 100009
9 574100579
9 661149501
9 146881089
9 100009
9 100009
9 219320396
9 100000009
9 468210279
9 100009
9 660724779
9 432032529
9 100000009
9 100000009
9 100009
9 296110838
9 100009
9 945572483
9 100009
9 415784679
9 560064219
9 315009100
9 38585259
9 100009
9 136744459
9 100009
9 934212321
9 100000009
9 100009
9 913004314
9 1000009
9 100009
9 878254329
9 118739931
9 981564587
9 807265239
9 800996161
9 924839789
9 375349580
9 671859049
9 100009
9 100009
9 225386639
9 100009
9 967283724
9 668101329
9 100009
9 746469748
9 100000009
9 711797866
9 103810819
9 358758349
9 100000009
9 742750809
9 100000009
9 718061609
9 408943146
9 100000009
9 185883239
9 461762729
9 100000009
9 569977003
9 100009
9 66538669
9 100009
9 100000009
9 834273297
9 100000009
9 868545914
9 611021696
9 379622028
9 958875692
9 594103601
9 937545561
9 821800379
9 100009
9 308717917
9 462451239
9 10009
9 100009
9 100009
9 100000009
9 347515039
9 100000009
9 100009
9 100000009
9 100000009
9 913017448
9 265038249
9 10009
9 100000009
9 498859918
9 100000009
9 786729051
9 100009
9 985525414
9 327502629
9 690641188
9 100000009
9 100000009
9 919905531
9 84591227
9 100000009
9 386616619
9 127248859
9 365766639
9 100009
9 926794238
9 978886732
9 100009
9 403976749
9 129158428
9 290240328
9 100009
9 141616689
9 100009
9 384822749
9 100000009
9 525811379
9 400728539
9 100009
9 100000009
9 753410459
9 489794940
9 100009
9 233615069
9 648190075
9 100009
9 648231119
9 617751916
9 161119139
9 100000009
9 100009
9 852911257
9 398972108
9 100009
9 100000009
9 100009
9 278889906
9 444626921
9 100000009
9 204752679
9 41017945
9 100009
9 192508700
9 769844480
9 321847399
9 988033160
9 697227299
9 100009
9 100009
9 823101559
9 894795976
9 100009
9 919448069
9 100009
9 608773769
9 934976916
9 692608044
9 155011609
9 100000009
9 389414154
9 231591406
9 100000009
9 100000009
9 601116679
9 1000009
9 100009
9 300105809
9 100000009
9 496957583
9 100000009
9 467495419
9 150366119
9 100009
9 100009
9 10009
9 439741225
9 100000009
9 100009
9 860657559
9 266228769
9 429237081
9 640475509
9 100009
9 100000009
9 355108149
9 872955334
9 100009
9 502838509
9 10009
9 100009
9 100009
9 478417489
9 10009
9 100009
9 287958930
9 100009
9 933293698
9 100009
9 100009
9 272305009
9 614174469
9 406129914
9 702152889
9 947776864
9 174566669
9 100009
9 100009
9 751648594
9 566307809
9 298629829
9 100009
9 732597806
9 100009
9 110906623
9 956779880
9 100009
9 100000009
9 186754629
9 100009
9 484399953
9 100009
9 427387509
9 100009
9 289609097
9 383229638
9 151343139
9 545614629
9 100009
9 100000009
9 10009
9 163915612
9 409828990
9 338828549
9 150359025
9 369435087
9 100000009
9 813412049
9 952909857
9 985671756
9 358892072
9 100000009
9 100009
9 199091490
9 299511343
9 785457219
9 169763895
9 664794479
9 549324614
9 849988712
9 644580349
9 100009
9 834413729
9 226333692
9 736307819
9 656427729
9 841113936
9 116425096
9 201799869
9 995794671
9 218929451
9 445120469
9 484609971
9 529147787
9 207815994
9 931717518
9 716058339
9 704768049
9 100009
9 313101559
9 333973974
9 100009
9 911653983
9 100009
9 663148239
9 100009
9 100000009
9 441710969
9 100009
9 100000009
9 100000009
9 369027037
9 610130229
9 395520048
9 100009
9 973388356
9 717317595
9 281591972
9 177385569
9 100009
9 648083679
9 868161419
9 100009
9 100000009
9 100009
9 620417913
9 10009
9 634598351
9 213395066
9 20072809
9 100009
9 880696275
9 100009
9 287849244
9 244552749
9 663149604
9 100000009
9 577103098
9 550227589
9 100009
9 218923682
9 455352969
9 100009
9 605439342
9 898491910
9 493707099
9 878297202
9 571301159
9 100009
9 100000009
9 100009
9 100009
9 512971202
9 920056820
9 944838113
9 672951272
9 868179351
9 412203209
9 100009
9 100009
9 100000009
9 100000009
9 100009
9 458461913
9 679698943
9 100009
9 609921832
9 477594070
9 100009
9 444906130
9 440730589
9 503346409
9 100009
9 434398284
9 100000009
9 123496125
9 100009
9 893675839
9 395413776
9 549608404
9 103154759
9 339839088
9 100009
9 100009
9 463726759
9 824282089
9 100009
9 100009
9 218494425
9 100009
9 711664349
9 100000009
9 659569200
9 100009
9 100009
9 371809781
9 100009
9 141916401
9 953458525
9 100009
9 100000009
9 755517639
9 100009
9 131479505
9 162255591
9 611575968
9 158564819
9 100000009
9 883259846
9 100000009
9 10009
9 100009
9 947382194
9 100009
9 362887409
9 479829250
9 491911445
9 807435289
9 866576359
9 232892369
9 976705840
9 236041299
9 100000009
9 100009
9 100009
9 100009
9 720576948
9 944718973
9 100009
9 100009
9 750787839
9 348999397
9 161761397
9 234363229
9 247648689
9 790974215
9 191316690
9 953738035
9 100000009
9 100009
9 100009
9 801586319
9 933544990
9 100009
9 321468319
9 100009
9 660192578
9 777969850
9 921842988
9 748383992
9 917526917
9 100000009
9 100000009
9 905146048
9 100009
9 100009
9 100009
9 100000009
9 757802988
9 100009
9 667692081
9 100009
9 384419085
9 100009
9 100009
9 100009
9 560004029
9 385745398
9 630699534
9 683841935
9 959288151
9 100009
9 100000009
9 100000009
9 536267479
9 1000009
9 668833049
9 100009
9 100000009
9 336384239
9 100009
9 502056594
9 925649639
9 534597233
9 343072739
9 100009
9 503984121
9 100009
9 969355237
9 951207752
9 319490490
9 841184059
9 592593486
9 794269558
9 173762239
9 100009
9 100009
9 100009
9 785597925
9 100009
9 168268849
9 100009
9 100009
9 694146275
9 117855429
9 100009
9 989684306
9 100009
9 994301013
9 100000009
9 100009
9 765388649
9 100009
9 100009
9 143995246
9 470221059
9 929278064
9 100009
9 100009
9 100000009
9 100009
9 216430219
9 684384579
9 839238288
9 100000009
9 100009
9 100009
9 717812309
9 100009
9 100000009
9 697180547
9 486502369
9 586864869
9 681186549
9 100009
9 197649423
9 431962790
9 100009
9 100009
9 100009
9 320723349
9 580621689
9 100009
9 100000009
9 867037429
9 409213692
9 212444159
9 174877019
9 234725119
9 980426589
9 326503592
9 362407069
9 100009
9 751686759
9 771670419
9 143168879
9 100009
9 100000009
9 100000009
9 209408871
9 763657119
9 123179472
9 10009
9 430348249
9 890014474
9 10000009
9 601042869
9 100009
9 100000009
9 100009
9 100009
9 752340949
9 100009
9 169980018
9 733029297
9 126392869
9 100009
9 153680639
9 493643560
9 411166973
9 181208962
9 877770309
9 100000009
9 100009
9 662872598
9 657872769
9 100000009
9 702536987
9 100009
9 196755744
9 713592253
9 842201669
9 934172807
9 100009
9 100009
9 484225079
9 160315895
9 732213609
9 617576529
9 626856539
9 100009
9 186689927
9 119863785
9 450975341
9 945756686
9 933375494
9 200535839
9 507281296
9 528171952
9 100009
9 104625923
9 815168289
9 532024009
9 694913640
9 962130405
9 229389802
9 424714229
9 119135922
9 727043309
9 127544249
9 869716060
9 428802829
9 799093883
9 100009
9 465964781
9 100009
9 689702054
9 100000009
9 775465619
9 935190235
9 140963984
9 100009
9 705695291
9 541654189
9 100009
9 869460714
9 550618189
9 100009
9 100009
9 410365439
9 100009
9 100009
9 419565422
9 824345089
9 833128819
9 100000009
9 188862339
9 100009
9 115104339
9 100009
9 913919934
9 442615749
9 10009
9 100009
9 100009
9 100000009
9 100009
9 534642009
9 100009
9 100000009
9 100000009
9 640881911
9 100000009
9 561439713
9 709891446
9 747233965
9 100000009
9 100009
9 675407339
9 516204379
9 255713059
9 100009
9 547599494
9 460347393
9 867693352
9 100009
9 100009
9 100009
9 100000009
9 100009
9 100009
9 100000009
9 100000009
9 100009
9 589257106
9 684946323
9 100009
9 100009
9 468793502
9 880606809
9 100009
9 100009
9 100009
9 100009
9 273803209
9 100009
9 100009
9 100009
9 536337229
9 100009
9 106205493
9 100009
9 312251249
9 997335102
9 100009
9 584380529
9 100009
9 769178102
9 614068789
9 245700389
9 736157097
9 100009
9 791697577
9 805432279
9 223445529
9 941598503
9 199643472
9 933908890
9 318221529
9 349961978
9 806634209
9 100009
9 105364839
9 404307095
9 345216609
9 518528409
9 603439529
9 126374559
9 982538329
9 632060309
9 988609046
9 388446889
9 960624718
9 100009
9 652087569
9 965296835
9 330934364
9 227569649
9 426581479
9 10009
9 100000009
9 418503609
9 100000009
9 938014205
9 100009
9 854723189
9 539685464
9 993871263
9 100009
9 730688079
9 100009
9 944506400
9 100000009
9 100009
9 100009
9 923557448
9 1009
9 100000009
9 100009
9 100009
9 921661383
9 940136172
9 544396992
9 100009
9 592208325
9 515342869
9 750488269
9 100000009
9 175490948
9 365801293
9 221080439
9 100009
9 661507769
9 100009
9 404880879
9 727157169
9 493230421
9 630138095
9 100009
9 100000009
9 10009
9 486937759
9 100009
9 979166248
9 100009
9 10009
9 241414279
9 436191280
9 276433819
9 498294937
9 100009
9 100009
9 100009
9 224383889
9 100000009
9 328803169
9 310477039
9 100009
9 100009
9 565035689
9 225637279
9 100000009
9 100000009
9 100009
9 997649876
9 100009
9 100009
9 100009
9 100000009
9 10009
9 100000009
9 100000009
9 976015001
9 446552289
9 621845149
9 100000009
9 118991660
9 946301238
9 100009
9 100000009
9 100009
9 934220960
9 117214977
9 893175942
9 327159615
9 434233090
9 672451079
9 100009
9 100009
9 100009
9 193725546
9 914518477
9 159394791
9 100009
9 379360366
9 786041049
9 819039158
9 750572379
9 100009
9 799684172
9 396735127
9 100000009
9 335727479
9 100009
9 100009
9 160827709
9 994164643
9 440527119
9 582087729
9 100000009
9 625334690
9 389054187
9 546792029
9 134038509
9 646041095
9 466987203
9 852916031
9 185814669
9 100009
9 446880779
9 118800829
9 855579287
9 320647539
9 100009
9 242590449
9 523285219
9 100009
9 100009
9 100000009
9 510940099
9 651777119
9 100009
9 117346249
9 110725269
9 100009
9 100000009
9 563293602
9 100000009
9 697748042
9 469000265
9 418057859
9 455387549
9 599227260
9 512252189
9 341725309
9 296979096
9 189079407
9 605157019
9 992437633
9 100009
9 966293967
9 334410429
9 224989690
9 100009
9 100000009
9 334351549
9 104819433
9 940374621
9 887145859
9 930561167
9 131983247
9 100009
9 832786209
9 525809398
9 257555619
9 100009
9 100009
9 564657159
9 887856389
9 189031046
9 470778959
9 254806669
9 305406849
9 631304879
9 100009
9 789529022
9 554114279
9 100009
9 101527669
9 903924166
9 100000009
9 100757439
9 901660648
9 100009
9 955331681
9 100009
9 100000009
9 837484579
9 848972858
9 904870050
9 100009
9 804359465
9 100009
9 586518129
9 100009
9 100009
9 462496793
9 100009
9 100009
9 422093720
9 100000009
9 412849662
9 230710769
9 100009
9 941418750
9 763657629
9 896579499
9 929930007
9 651868910
9 704006929
9 157578659
9 100009
9 243242579
9 867780579
9 914234818
9 504105619
9 911947087
9 100009
9 200072659
9 100009
9 100009
9 100009
9 100009
9 100000009
9 100009
9 837113429
9 100000009
9 263619520
9 440376329
9 957133823
9 100009
9 528851729
9 100009
9 100009
9 478368239
9 1009
9 100000009
9 100000009
9 382424089
9 756870849
9 863601049
9 350200519
9 999935825
9 1000009
9 100000009
9 100000009
9 100009
9 674325109
9 290000804
9 990331510
9 100009
9 100009
9 817868094
9 557427389
9 100000009
9 100000009
9 623017059
9 604758390
9 100009
9 669801278
9 975258149
9 10009
9 802110193
9 389064940
9 100009
9 435534079
9 236246509
9 584945351
9 100009
9 896493407
9 100009
9 638434279
9 100009
9 738895097
9 100009
9 100009
9 100009
9 100009
9 434741709
9 304174829
9 100000009
9 100000009
9 100000009
9 390274610
9 100000009
9 779692811
9 632971469
9 255312619
9 100000009
9 100009
9 100009
9 100000009
9 293465136
9 100009
9 100009
9 447951617
9 236628669
9 10009
9 580589110
9 720244319
9 859541284
9 364607196
9 714939187
9 565526079
9 212578939
9 299756976
9 821402249
9 548399911
9 763774689
9 133667943
9 947400594
9 941158950
9 566311219
9 442823679
9 972243146
9 100000009
9 100000009
9 100000009
9 100009
9 885578139
9 243207309
9 358137789
9 519343130
9 312365859
9 100009
9 226905012
9 100000009
9 199789261
9 100000009
9 100009
9 100009
9 428198163
9 100009
9 100009
9 581012309
9 100009
9 100000009
9 100000009
9 275342269
9 100009
9 575403519
9 100009
9 100009
9 428483149
9 531221339
9 190673560
9 100009
9 963126063
9 100009
9 388690620
9 318291600
9 100000009
9 100009
9 100009
9 598739546
9 100009
9 100000009
9 451588459
9 764288619
9 394132740
9 100009
9 100009
9 100009
9 979825780
9 120113439
9 916791934
9 100009
9 588549679
9 503529491
9 100000009
9 107670942
9 100009
9 712440279
9 100000009
9 100000009
9 792990927
9 100000009
9 199040785
9 472660459
9 847055529
9 138619484
9 100000009
9 100009
9 117967376
9 982917721
9 100009
9 128844899
9 768920362
9 397742378
9 100009
9 893022430
9 224809865
9 871136359
9 920503645
9 871330139
9 100009
9 100009
9 100009
9 419511257
9 100009
9 100009
9 329108665
9 541392862
9 946756745
9 999031772
9 468189532
9 361918158
9 829175185
9 545008179
9 100009
9 831703709
9 276069874
9 100009
9 485575279
9 387095021
9 588155219
9 100009
9 933212924
9 913087743
9 100009
9 953294140
9 100009
9 383519118
9 100009
9 100009
9 495946981
9 100009
9 193343827
9 958665946
9 636333259
9 115247129
9 100009
9 100009
9 100009
9 100009
9 10009
9 574706779
9 954724988
9 100009
9 100009
9 257579365
9 679683312
9 107891193
9 461282559
9 149824767
9 869381524
9 158856119
9 645542933
9 373842359
9 569778890
9 723971033
9 10009
9 10009
9 585989891
9 134391321
9 352791335
9 100000009
9 100000009
9 695645491
9 14139112
9 100000009
9 497044724
9 110548289
9 545044579
9 323646889
9 222453739
9 738828209
9 100009
9 465743369
9 1009
9 647221169
9 100000009
9 100000009
9 129991860
9 567210609
9 100009
9 1000009
9 776202359
9 100009
9 100000009
9 713073659
9 337297842
9 100009
9 722992301
9 10009
9 405969957
9 647249680
9 662927704
9 215012679
9 176741619
9 100000009
9 157447229
9 566409579
9 796082498
9 100009
9 100009
9 100009
9 100000009
9 916804759
9 730271449
9 329602152
9 100009
9 47370928
9 100009
9 537399126
9 710895386
9 100009
9 390690806
9 100009
9 649002101
9 292081052
9 100009
9 799258207
9 10009
9 100000009
9 183787859
9 833396961
9 537774459
9 988088757
9 676198648
9 367860289
9 825092536
9 100009
9 427347779
9 859956637
9 658990135
9 100009
9 100000009
9 100000009
9 20729155
9 782215739
9 991900315
9 781490666
9 100000009
9 100009
9 865908719
9 100000009
9 806083119
9 769487140
9 10009
9 652827289
9 100000009
9 132344809
9 100009
9 100000009
9 391870754
9 100009
9 100009
9 100009
9 100000009
9 685403559
9 142404985
9 100009
9 100009
9 851047971
9 179865338
9 475926383
9 467167930
9 100000009
9 139716171
9 432554369
9 671682928
9 147739661
9 963192024
9 431706398
9 246046589
9 389977665
9 975288745
9 100009
9 100000009
9 143987117
9 457575239
9 978767928
9 349431896
9 378513819
9 485106709
9 999879036
9 100009
9 177030679
9 10009
9 498717596
9 100009
9 567196523
9 856837809
9 316932419
9 100009
9 286014639
9 100000009
9 100000009
9 100000009
9 215308889
9 924150669
9 237748509
9 100009
9 281190622
9 588089304
9 345029646
9 100000009
9 100009
9 380360479
9 100000009
9 109999586
9 984708835
9 410554289
9 706736779
9 167484967
9 100000009
9 578246429
9 214763159
9 100000009
9 10009
9 100000009
9 618925617
9 597585322
9 100000009
9 152810749
9 517512609
9 100009
9 743815129
9 100009
9 100000009
9 100009
9 441928301
9 1000009
9 794051313
9 898910012
9 100009
9 270356859
9 100009
9 100000009
9 793744439
9 100009
9 983075298
9 129051991
9 150886329
9 1009
9 100009
9 708939821
9 100009
9 501021119
9 797271973
9 100009
9 357455229
9 675641249
9 356594997
9 100000009
9 568808379
9 152357519
9 100009
9 100000009
9 485751079
9 992170288
9 100009
9 630774879
9 100000009
9 100000009
9 448129629
9 773037439
9 493879314
9 387940308
9 304726559
9 100009
9 614171439
9 661842339
9 788687559
9 947252720
9 100009
9 100000009
9 769305173
9 513184329
9 100009
9 212412719
9 100009
9 347094828
9 100009
9 100000009
9 511415079
9 100009
9 100000009
9 831771209
9 792679843
9 100000009
9 102468709
9 247703559
9 617090818
9 748490334
9 100009
9 100009
9 100009
9 851480229
9 717502419
9 310032569
9 544155839
9 172050596
9 895627068
9 498456342
9 874651029
9 10009
9 606728619
9 293935189
9 647912615
9 100009
9 100000009
9 251606439
9 100000009
9 100009
9 728596638
9 770197035
9 100000009
9 100009
9 385101359
9 100009
9 962686658
9 762120699
9 640583839
9 100009
9 613234159
9 447381659
9 100009
9 467101589
9 317309202
9 462077901
9 923869956
9 100000009
9 100009
9 490984760
9 100009
9 100009
9 421044839
9 796648550
9 100009
9 352889706
9 10009
9 100009
9 100009
9 986735603
9 100009
9 759616592
9 270323569
9 128987963
9 421614729
9 617212669
9 123069091
9 100000009
9 738148009
9 907993461
9 905112287
9 279726019
9 445364939
9 575335759
9 158669983
9 504747749
9 788263159
9 100000009
9 886270589
9 10009
9 100009
9 100009
9 296980124
9 582619788
9 100000009
9 779406648
9 100009
9 100009
9 853448494
9 555999746
9 100009
9 624511479
9 100009
9 973017392
9 100000009
9 578276539
9 721165419
9 148206669
9 264827492
9 100009
9 100009
9 555978127
9 321108339
9 496377479
9 100009
9 10009
9 714333559
9 10009
9 100009
9 632756329
9 100000009
9 10009
9 558774379
9 217437399
9 100009
9 101059025
9 100000009
9 100009
9 100009
9 100009
9 222047489
9 590873744
9 291778824
9 524015589
9 479546578
9 446934257
9 971169714
9 100009
9 100000009
9 100000009
9 100009
9 137208698
9 100009
9 100000009
9 499516364
9 11707259
9 878132449
9 369831293
9 705014819
9 100009
9 765695732
9 187160369
9 552728095
9 371629922
9 846260509
9 533870169
9 100009
9 100009
9 162300779
9 100009
9 10009
9 100009
9 100009
9 849414776
9 105591989
9 929433903
9 471011669
9 100009
9 550861679
9 606001329
9 100009
9 854369783
9 100009
9 799155674
9 100009
9 453202059
9 495397221
9 949702166
9 137595637
9 632476169
9 713135729
9 748128689
9 10009
9 1000009
9 229044982
9 739089259
9 348242009
9 708183459
9 100009
9 100000009
9 483760009
9 100000009
9 1000009
9 100009
9 706000809
9 610143119
9 100009
9 365919712
9 752092059
9 100009
9 907855019
9 981732093
9 367713129
9 100009
9 100009
9 681590180
9 100000009
9 100000009
9 100009
9 100000009
9 100009
9 773996778
9 318834079
9 100009
9 100000009
9 100000009
9 893911020
9 340682269
9 897646132
9 100009
9 345573739
9 100009
9 729664954
9 100009
9 100009
9 100000009
9 100009
9 794651149
9 100000009
9 502967748
9 784064649
9 778552339
9 295995665
9 100009
9 100009
9 224213901
9 101990780
9 100009
9 623953918
9 939445452
9 100009
9 10009
9 100009
9 10009
9 100009
9 358815369
9 100009
9 591682307
9 913129100
9 780623292
9 10009
9 191935015
9 879568232
9 937236561
9 100000009
9 738131419
9 100009
9 696469795
9 100000009
9 100009
9 100009
9 453322379
9 236137809
9 100009
9 100000009
9 681377629
9 100009
9 964746911
9 870263789
9 289860059
9 466688719
9 100009
9 986178439
9 214612669
9 100009
9 841896658
9 100009
9 892750985
9 100009
9 1000009
9 100009
9 100009
9 481643349
9 897510051
9 100009
9 122522309
9 609126488
9 100009
9 100009
9 896683384
9 970862865
9 821530579
9 516013329
9 100009
9 100009
9 100009
9 100009
9 100009
9 100009
9 100000009
9 861496994
9 696562900
9 10009
9 100000009
9 515299223
9 100009
9 100009
9 618136609
9 100009
9 155074943
9 914052616
9 197660572
9 100009
9 188370929
9 695783777
9 100009
9 621078139
9 100009
9 765967961
9 343111029
9 100009
9 100000009
9 704468197
9 628954044
9 100000009
9 100009
9 207330539
9 100009
9 148555519
9 100009
9 100000009
9 216438639
9 100009
9 389076253
9 991592588
9 100009
9 518980097
9 100009
9 370815619
9 100009
9 100009
9 157729106
9 911184980
9 925781301
9 392609356
9 518308219
9 787031819
9 100009
9 100009
9 100009
9 100009
9 890333075
9 761152469
9 100009
9 100000009
9 100000009
9 538264729
9 320087198
9 100000009
9 100000009
9 989926541
9 222622920
9 179512578
9 282194275
9 147532119
9 247528459
9 100009
9 917954502
9 100009
9 100009
9 372742239
9 931021242
9 459852440
9 100009
9 342589227
9 100009
9 453817479
9 333671339
9 100009
9 277885259
9 175860089
9 100009
9 910716856
9 479825511
9 227954875
9 889160138
9 178178069
9 672047049
9 515316009
9 100009
9 842161639
9 964806315
9 238581769
9 570306479
9 100009
9 738365229
9 100000009
9 912607689
9 637115729
9 835073089
9 100009
9 779255848
9 100009
9 791856850
9 520837659
9 100009
9 100009
9 100009
9 596015296
9 458711759
9 100009
9 100009
9 430759897
9 100009
9 100009
9 892769191
9 10009
9 100009
9 100009
9 512896246
9 100009
9 942457129
9 100009
9 997129843
9 710921127
9 100009
9 100000009
9 228122079
9 993434746
9 100009
9 286699856
9 990698133
9 248705049
9 222133769
9 331476239
9 922402451
9 283597474
9 100009
9 515252069
9 129322370
9 662178090
9 100009
9 100000009
9 504719295
9 818612879
9 100000009
9 349973176
9 100009
9 100009
9 1000009
9 100009
9 279470599
9 336312889
9 100009
9 100009
9 361915768
9 905285343
9 100009
9 100009
9 765621159
9 100009
9 100000009
9 10009
9 100009
9 899210179
9 100009
9 502877569
9 488804999
9 100000009
9 100009
9 431826490
9 636183679
9 643339963
9 742315489
9 988281454
9 100009
9 100000009
9 936736739
9 100000009
9 10009
9 634825869
9 915627686
9 442574429
9 879917048
9 100000009
9 100009
9 100009
9 100009
9 271880539
9 100009
9 208613409
9 100009
9 782495226
9 100000009
9 509795738
9 573830191
9 166196036
9 100009
9 236059151
9 100000009
9 427406894
9 100009
9 100009
9 127444319
9 100009
9 100009
9 100000009
9 308775924
9 930854271
9 743952376
9 100009
9 100009
9 100009
9 100009
9 299400957
9 538360589
9 634029156
9 510045129
9 319558047
9 314778923
9 100000009
9 100000009
9 285807719
9 926080983
9 630935341
9 113236319
9 546418809
9 913089443
9 933240182
9 286972487
9 694339275
9 633362239
9 100009
9 761969126
9 100009
9 130419080
9 100009
9 898920497
9 100009
9 106547859
9 771677109
9 549426122
9 374109688
9 265163879
9 100009
9 931242107
9 204289848
9 100009
9 10009
9 100009
9 219699314
9 100009
9 549550993
9 100000009
9 971613266
9 258028829
9 466451379
9 545231319
9 100000009
9 216832459
9 808618069
9 100009
9 100009
9 304608569
9 726634479
9 920428249
9 701710639
9 10009
9 536048259
9 100009
9 100009
9 603243439
9 439642872
9 100009
9 100009
9 100009
9 523800539
9 100009
9 746446697
9 10009
9 271961276
9 633520139
9 765960836
9 100009
9 954091423
9 968804863
9 293095895
9 595144151
9 100009
9 100009
9 814839155
9 100009
9 117742149
9 726266289
9 144127809
9 100009
9 100009
9 755345729
9 100000009
9 738304469
9 961132693
9 100009
9 100009
9 309987542
9 173673209
9 303456009
9 100009
9 847938242
9 476919302
9 794928158
9 437507149
9 716111549
9 607308296
9 690063350
9 100009
9 100009
9 100009
9 966433115
9 485029081
9 448626749
9 100009
9 100009
9 727101249
9 897062049
9 100009
9 100000009
9 964228703
9 100000009
9 824064809
9 100009
9 100009
9 551963702
9 930094993
9 843489387
9 100000009
9 100009
9 100009
9 712489244
9 100009
9 100009
9 100000009
9 999005990
9 100009
9 300488319
9 563016869
9 883652879
9 644140889
9 100009
9 100009
9 100000009
9 680467496
9 100000009
9 915953019
9 898320003
9 100000009
9 490899153
9 896267764
9 327653439
9 756321109
9 100009
9 770035942
9 100009
9 100009
9 100000009
9 100009
9 524032429
9 100009
9 100009
9 427948960
9 589580889
9 767565938
9 319391593
9 100009
9 100009
9 532569735
9 606162649
9 986584311
9 100009
9 171673509
9 100000009
9 612555609
9 285801349
9 100000009
9 100009
9 227736349
9 227397806
9 100009
9 853254759
9 881959026
9 254770529
9 485458559
9 263452139
9 300847956
9 384025209
9 950816279
9 614049574
9 553436439
9 806128295
9 100009
9 10009
9 912621973
9 913664672
9 205419024
9 100009
9 970351434
9 100000009
9 145779742
9 100009
9 10009
9 397464713
9 854969428
9 100009
9 100000009
9 100009
9 266446119
9 100009
9 100009
9 612935811
9 100009
9 319663648
9 100009
9 156921619
9 100000009
9 100000009
9 100009
9 197452463
9 303789795
9 952767343
9 383421279
9 280757479
9 1000009
9 100009
9 292172305
9 100000009
9 644103059
9 405935804
9 10009
9 673718479
9 100009
9 195705697
9 361306669
9 282021159
9 100000009
9 384234293
9 100000009
9 149790836
9 748949377
9 100009
9 100009
9 260820394
9 887198093
9 100009
9 728178709
9 382399313
9 100009
9 237044590
9 892065734
9 100009
9 100009
9 100009
9 956917696
9 318053339
9 120478359
9 383872589
9 100009
9 100000009
9 457375059
9 758774049
9 100009
9 383889235
9 840520789
9 498812950
9 100009
9 466319465
9 100000009
9 575621394
9 100009
9 888790286
9 886586950
9 100009
9 595537105
9 100009
9 756847579
9 840441759
9 405020962
9 100009
9 340763679
9 782668889
9 568299492
9 930426570
9 712205798
9 110918342
9 338545489
9 100000009
9 823518963
9 242872789
9 100000009
9 174535529
9 652327209
9 863394763
9 329432861
9 593784803
9 100009
9 100009
9 846068497
9 155815379
9 10009
9 100000009
9 100000009
9 100000009
9 100009
9 100009
9 100009
9 100000009
9 136683449
9 958444747
9 100000009
9 779770820
9 10009
9 100009
9 945992539
9 100009
9 405095310
9 100009
9 158520739
9 758797145
9 251048659
9 100000009
9 100009
9 609324212
9 100009
9 665350597
9 100000009
9 218032329
9 100000009
9 675012809
9 285700689
9 403543049
9 128025819
9 122162239
9 223372819
9 321693808
9 100009
9 297106240
9 430476690
9 151529151
9 876444169
9 189306708
9 100000009
9 278030719
9 100000009
9 829667147
9 393186844
9 100009
9 943814517
9 100000009
9 210806749
9 539556829
9 420950793
9 100009
9 490700064
9 100009
9 345757619
9 483928128
9 530385439
9 631391811
9 100009
9 134996265
9 100009
9 671548339
9 100009
9 10009
9 388700839
9 546283849
9 100009
9 473296847
9 103669918
9 724964523
9 404887539
9 294130509
9 100000009
9 847710249
9 784607879
9 100009
9 117663749
9 10009
9 475235189
9 261615709
9 673479630
9 895321147
9 1000009
9 100009
9 210785799
9 611052439
9 727769022
9 100009
9 100000009
9 100000009
9 100000009
9 100009
9 361496998
9 420934359
9 210013009
9 400763459
9 660178749
9 280729101
9 100009
9 300450009
9 100009
9 593144647
9 100009
9 310669410
9 443832719
9 241521319
9 127742289
9 268107979
9 100009
9 208871609
9 100009
9 100009
9 198109985
9 100000009
9 327640839
9 341477869
9 10009
9 100000009
9 550068839
9 212408749
9 100009
9 100009
9 193498437
9 100000009
9 100000009
9 100009
9 559971456
9 571220379
9 1000009
9 235300189
9 344977516
9 100000009
9 414338974
9 100009
9 100000009
9 432910662
9 426036559
9 184220963
9 603912553
9 745917309
9 640260869
9 100009
9 100000009
9 100009
9 650584589
9 927455735
9 100009
9 100009
9 913762708
9 952532367
9 337372479
9 989354004
9 722412859
9 416956689
9 100009
9 955970154
9 100000009
9 193092864
9 958217692
9 100009
9 601533279
9 553186049
9 622454509
9 487640973
9 187191132
9 779639047
9 814851967
9 308356709
9 100009
9 100009
9 375796188
9 339797052
9 898677863
9 10009
9 100009
9 719621433
9 100009
9 669155265
9 464130529
9 574052369
9 10009
9 100009
9 105354978
9 100009
9 803478429
9 100009
9 10009
9 953636764
9 100000009
9 224286549
9 100009
9 100009
9 100009
9 989526268
9 100009
9 100000009
9 809448560
9 100009
9 100009
9 100009
9 850228329
9 951211924
9 100009
9 100009
9 100009
9 802075249
9 331809200
9 100009
9 100009
9 883981833
9 100000009
9 100009
9 100000009
9 594493454
9 100009
9 171644119
9 100000009
9 119958520
9 100009
9 195935626
9 475129272
9 525884109
9 570762519
9 416795128
9 705830069
9 100000009
9 760818259
9 470432539
9 100009
9 100009
9 711719848
9 100009
9 121056429
9 100000009
9 236896613
9 100000009
9 324196919
9 100009
9 386040019
9 100009
9 100009
9 100009
9 805893498
9 343658890
9 100009
9 793707103
9 684026997
9 100009
9 191346383
9 981965847
9 365348859
9 100000009
9 850080609
9 215694903
9 100000009
9 100009
9 100000009
9 196701777
9 100009
9 254420629
9 100009
9 100000009
9 292684200
9 100009
9 756798478
9 212248469
9 365461559
9 100000009
9 100000009
9 865938875
9 100009
9 10009
9 135131629
9 100000009
9 929335368
9 100000009
9 806496458
9 627287419
9 100009
9 942324557
9 100009
9 378699449
9 375198305
9 231266129
9 100009
9 367484990
9 909756778
9 202431009
9 100000009
9 678071019
9 100009
9 954085916
9 676786139
9 100000009
9 100009
9 122606089
9 619829688
9 100000009
9 100000009
9 231484179
9 100009
9 338935487
9 570837039
9 642019654
9 377199789
9 175992961
9 100009
9 100009
9 100009
9 739201162
9 821028439
9 828079680
9 857913188
9 459796609
9 100009
9 100009
9 695914191
9 309502934
9 100009
9 10009
9 688070809
9 423607179
9 100009
9 769229470
9 906003114
9 100009
9 100009
9 163416549
9 385399257
9 134049033
9 722036539
9 100000009
9 100000009
9 100000009
9 100000009
9 459311280
9 100009
9 100009
9 839794811
9 10009
9 140183709
9 371718979
9 996148839
9 785987826
9 100000009
9 745856629
9 492022799
9 100000009
9 746490425
9 724574539
9 177859743
9 100009
9 100009
9 213219625
9 30033529
9 100009
9 100009
9 100009
9 671401950
9 590868889
9 270334839
9 934485079
9 100009
9 726675849
9 100009
9 970416493
9 194051303
9 380676819
9 10009
9 875749724
9 551553069
9 100000009
9 471254539
9 457053039
9 819033728
9 139983691
9 208230296
9 100009
9 582976682
9 191110166
9 395494350
9 820145920
9 853162009
9 893003543
9 100009
9 100009
9 812322369
9 10009
9 970696647
9 100000009
9 100009
9 348661329
9 635269701
9 100009
9 928202941
9 100000009
9 100000009
9 277133039
9 100000009
9 835127139
9 717438269
9 949817914
9 530240329
9 100009
9 669235676
9 927593200
9 100009
9 642101479
9 10009
9 100009
9 100000009
9 100009
9 501829086
9 100009
9 100000009
9 415398542
9 674994554
9 100009
9 770191985
9 100009
9 100000009
9 431344329
9 100009
9 967951643
9 100009
9 727597637
9 615504739
9 100009
9 976800404
9 938845352
9 547591911
9 100009
9 10009
9 100009
9 300673479
9 922538227
9 100009
9 10009
9 651666489
9 100009
9 100009
9 313101039
9 604109869
9 100009
9 827040589
9 100009
9 391374118
9 179109446
9 894053671
9 198957928
9 904133014
9 100009
9 100000009
9 100009
9 777910447
9 647897926
9 100009
9 373809654
9 175658089
9 497782781
9 457131309
9 189037657
9 265955401
9 170978251
9 865393288
9 10009
9 426319944
9 1000009
9 228803905
9 100009
9 100000009
9 238829734
9 100009
9 640919568
9 924133371
9 100000009
9 100009
9 100009
9 152244679
9 438573149
9 100000009
9 457241869
9 991184694
9 875986073
9 310299068
9 820326429
9 100009
9 100009
9 100009
9 322768139
9 100000009
9 613228459
9 100009
9 604331029
9 848898627
9 609699789
9 349968865
9 100000009
9 100009
9 397681789
9 465521769
9 229436164
9 100009
9 100000009
9 684101469
9 338553889
9 405047559
9 100000009
9 121126279
9 639055646
9 134099225
9 100009
9 462563179
9 526102509
9 962611950
9 876394499
9 10009
9 100009
9 100009
9 529678826
9 254474092
9 100000009
9 121014619
9 343664479
9 100009
9 290275828
9 671560964
9 100009
9 179544048
9 10009
9 132456419
9 882892390
9 512879883
9 100009
9 330811590
9 463559027
9 166201059
9 693694423
9 100009
9 874735961
9 10009
9 117661169
9 100009
9 693798503
9 556869804
9 186757209
9 100000009
9 287322119
9 100000009
9 100000009
9 100000009
9 409514414
9 100009
9 382392695
9 640164239
9 100009
9 943971025
9 383130879
9 100009
9 100000009
9 100000009
9 823982138
9 100009
9 110715569
9 100009
9 180712039
9 100009
9 100009
9 371523259
9 100009
9 236190114
9 917612653
9 134699932
9 100000009
9 955743356
9 100000009
9 689739080
9 880494220
9 445537069
9 780538669
9 349867224
9 948932589
9 524345129
9 100009
9 735950811
9 604442698
9 933678788
9 100009
9 368865497
9 301759588
9 177538789
9 100009
9 403487932
9 496946740
9 100009
9 100009
9 433039796
9 10009
9 100009
9 100009
9 148703795
9 100009
9 114560269
9 100009
9 920985959
9 802133369
9 163978448
9 100000009
9 250398391
9 955985966
9 800765965
9 617673069
9 100009
9 100000009
9 709254259
9 263714398
9 100000009
9 991272771
9 1000009
9 10009
9 100009
9 274509984
9 586077991
9 100009
9 385971427
9 346838649
9 100009
9 100000009
9 100009
9 10009
9 225626559
9 100009
9 100009
9 763485069
9 100009
9 100009
9 732808839
9 599953029
9 100000009
9 100009
9 100009
9 469387437
9 187286289
9 415488967
9 705773069
9 706155559
9 100000009
9 100000009
9 100009
9 101885309
9 518212729
9 100009
9 415915380
9 650516719
9 100009
9 10009
9 894648502
9 100009
9 939584618
9 100009
9 873705419
9 930714208
9 870565494
9 100000009
9 388120179
9 100009
9 109115041
9 100009
9 393188599
9 696575323
9 452769498
9 100009
9 600501289
9 638089258
9 100009
9 100000009
9 100009
9 724242469
9 579323155
9 880067519
9 520581549
9 719946932
9 100000009
9 598276083
9 100009
9 100009
9 100009
9 100009
9 616672569
9 100000009
9 883872897
9 100009
9 366715039
9 455756069
9 354275619
9 969823434
9 100000009
9 462259135
9 100009
9 1000009
9 100009
9 694807498
9 221504693
9 887938944
9 306258829
9 10009
9 698733768
9 541895546
9 100009
9 100000009
9 100009
9 100009
9 909886925
9 638558779
9 938318763
9 787280439
9 282745789
9 369690898
9 100000009
9 249462454
9 100009
9 100009
9 100009
9 100000009
9 784244789
9 100009
9 100009
9 988798118
9 100009
9 100009
9 100009
9 761472339
9 100009
9 423927670
9 531945758
9 100009
9 908659674
9 338789325
9 100009
9 533400398
9 100009
9 100009
9 651036749
9 964008687
9 107393709
9 542569364
9 100009
9 100000009
9 100000009
9 413991388
9 100000009
9 100000009
9 100000009
9 951350224
9 347799767
9 829787818
9 968413445
9 933570371
9 100000009
9 100000009
9 100009
9 374435819
9 219025477
9 291276967
9 100000009
9 100000009
9 100000009
9 295767975
9 100000009
9 100000009
9 869712617
9 240108719
9 392397116
9 477936652
9 427471689
9 100009
9 825560329
9 292861386
9 945672877
9 100000009
9 587644689
9 100000009
9 365185419
9 100000009
9 516356379
9 100009
9 100009
9 10009
9 262533789
9 100009
9 349825143
9 938971706
9 100000009
9 100009
9 580307489
9 828083759
9 100009
9 556078749
9 217817549
9 100000009
9 166940056
9 10009
9 823018789
9 383146079
9 743548291
9 974845386
9 377859976
9 636190564
9 100000009
9 242658019
9 791369132
9 946636175
9 100009
9 478559177
9 729884074
9 541113519
9 100009
9 100009
9 100009
9 657789624
9 154953242
9 169094137
9 152954722
9 100009
9 100000009
9 100000009
9 100000009
9 568804619
9 974553555
9 923385345
9 968930352
9 596706353
9 100009
9 834459161
9 100009
9 100000009
9 482789031
9 668490093
9 100009
9 428105139
9 860039303
9 482437209
9 100009
9 881927967
9 100009
9 324673809
9 100009
9 287021935
9 100009
9 486399609
9 980126800
9 100009
9 100000009
9 661246139
9 117955009
9 100009
9 578933239
9 953914777
9 222159402
9 100009
9 100000009
9 100000009
9 904949740
9 22163459
9 204273779
9 100009
9 694767498
9 263231695
9 100009
9 556036539
9 10009
9 100000009
9 613096428
9 100009
9 100009
9 391083841
9 221222429
9 100009
9 990314973
9 415080809
9 100009
9 474242639
9 465723029
9 379054135
9 339789110
9 619480231
9 342502398
9 954974242
9 636544159
9 100000009
9 100009
9 732923838
9 100009
9 290784719
9 100000009
9 919584847
9 582292275
9 100000009
9 820506129
9 100000009
9 100000009
9 672284339
9 932819345
9 10009
9 802087409
9 100009
9 100009
9 100000009
9 151219538
9 100009
9 100009
9 100009
9 100009
9 518719017
9 334312569
9 100009
9 880538789
9 605112169
9 100009
9 343162529
9 780690159
9 100000009
9 332554809
9 922879776
9 982153312
9 576837799
9 169772902
9 775793480
9 213066209
9 572274069
9 266123459
9 100009
9 100009
9 380995158
9 522179498
9 10009
9 612742029
9 100009
9 100009
9 100009
9 100000009
9 100009
9 248783479
9 937241173
9 10009
9 686989832
9 100009
9 100009
9 798906586
9 653932631
9 991949020
9 297318206
9 359682251
9 799411641
9 812030789
9 100000009
9 459145134
9 100000009
9 100009
9 738767559
9 100009
9 181925965
9 100009
9 280500219
9 100009
9 799672481
9 529166467
9 100009
9 636720907
9 112472593
9 748605119
9 888525089
9 743470069
9 100009
9 100000009
9 816462926
9 100000009
9 573432729
9 100009
9 924482639
9 100009
9 207080829
9 100000009
9 724558159
9 10009
9 652573519
9 920283090
9 214651996
9 598652385
9 100009
9 100009
9 10009
9 545324149
9 100000009
9 100009
9 100000009
9 427850529
9 439708959
9 100009
9 100000009
9 100009
9 245455693
9 100009
9 100000009
9 470772539
9 100009
9 399349500
9 236315159
9 100009
9 858889957
9 404920843
9 100000009
9 708009476
9 605715149
9 100009
9 100009
9 345699726
9 956309350
9 348043359
9 100009
9 890073151
9 100009
9 611056209
9 100009
9 100009
9 589599898
9 299249350
9 100000009
9 225727790
9 918674664
9 635393591
9 10009
9 100009
9 100009
9 152403639
9 100009
9 756090014
9 100009
9 100000009
9 873518529
9 203419867
9 474260972
9 855925043
9 260858359
9 100009
9 100009
9 321833839
9 100009
9 573320119
9 100009
9 933447244
9 100000009
9 596053441
9 651128963
9 959150069
9 744180759
9 164720529
9 100000009
9 488462829
9 217742179
9 100000009
9 128015079
9 663396467
9 480982177
9 748386779
9 500983415
9 967909455
9 100009
9 100009
9 331308297
9 100000009
9 291393564
9 100009
9 988781396
9 493009185
9 843552039
9 283313139
9 632062169
9 100000009
9 100009
9 10009
9 100000009
9 10009
9 100009
9 600106609
9 724761839
9 100009
9 100009
9 393905432
9 578269546
9 100009
9 100009
9 288899319
9 724843659
9 424583739
9 100009
9 802527409
9 100000009
9 100009
9 485874339
9 120274529
9 670960704
9 164400049
9 519872577
9 327485619
9 100009
9 100009
9 100009
9 596169811
9 691737614
9 100009
9 100009
9 100009
9 300531669
9 100009
9 128718039
9 822482089
9 311013926
9 100009
9 640551639
9 696868510
9 899041042
9 876756619
9 781455192
9 674234779
9 100009
9 100009
9 100009
9 100009
9 174708019
9 100009
9 546131869
9 538406379
9 317996215
9 468737219
9 100009
9 267778988
9 113907322
9 547073829
9 340224459
9 827682759
9 700274579
9 970136690
9 100009
9 100009
9 590701803
9 303488229
9 743189875
9 778406359
9 100000009
9 161087069
9 100009
9 100009
9 141289053
9 211503309
9 610270419
9 638691246
9 915398877
9 100009
9 141301809
9 100009
9 537061249
9 100009
9 801045809
9 100009
9 411457809
9 915185297
9 100009
9 979181968
9 925346365
9 464922251
9 293304276
9 958968157
9 154220439
9 100009
9 100009
9 100000009
9 632131119
9 566451539
9 100009
9 441511590
9 100000009
9 100009
9 100000009
9 538956175
9 795091433
9 100009
9 100009
9 286033269
9 534968316
9 612371940
9 100009
9 335985947
9 439104866
9 919544811
9 10009
9 764964234
9 219736634
9 100009
9 100009
9 100009
9 100009
9 100009
9 100009
9 100009
9 124032950
9 100000009
9 100009
9 322876109
9 10009
9 481113139
9 527353479
9 100009
9 10009
9 100000009
9 311590733
9 416314942
9 100000009
9 100009
9 100000009
9 404908946
9 100000009
9 181709521
9 100009
9 100009
9 551835179
9 964526993
9 597063375
9 392966521
9 100000009
9 434383319
9 775621009
9 100000009
9 100009
9 928334744
9 575841679
9 100009
9 171922221
9 378903184
9 100009
9 935330980
9 720831789
9 982386133
9 559886215
9 1000009
9 100009
9 100000009
9 100009
9 991473510
9 738735429
9 706617491
9 599445481
9 100009
9 654452309
9 100000009
9 798718936
9 623348829
9 248723149
9 771972485
9 462699551
9 100009
9 322145159
9 100009
9 506529845
9 962014892
9 525993036
9 672725479
9 100009
9 399827382
9 586276809
9 133130639
9 100000009
9 883152489
9 182750129
9 100009
9 100009
9 100000009
9 181283659
9 458396779
9 100009
9 167969595
9 332840809
9 100009
9 100009
9 446033119
9 10009
9 100000009
9 615602349
9 100009
9 731674539
9 683506579
9 100009
9 349091891
9 100000009
9 100000009
9 351751439
9 100975758
9 225436809
9 619173834
9 798257259
9 100009
9 100009
9 887151589
9 473586309
9 100000009
9 126876269
9 481047889
9 311205689
9 163923395
9 758733449
9 100009
9 967498419
9 100000009
9 245406719
9 100009
9 100000009
9 368338229
9 248713789
9 100000009
9 787342529
9 100000009
9 100009
9 724853409
9 593360978
9 962509382
9 100009
9 100009
9 100009
9 100000009
9 880187679
9 100009
9 818665509
9 100009
9 100000009
9 673558975
9 100000009
9 870718659
9 100009
9 100009
9 913213305
9 732634829
9 179317978
9 625242769
9 100009
9 415935922
9 100009
9 753066409
9 100000009
9 943357676
9 100009
9 162375069
9 100009
9 100009
9 100009
9 100009
9 100698968
9 183687795
9 992318081
9 826657629
9 548806259
9 272190746
9 333639558
9 100000009
9 100009
9 316338839
9 699296330
9 100009
9 10009
9 657649579
9 408327709
9 100009
9 100009
9 608737911
9 341969849
9 100009
9 100009
9 100009
9 412593763
9 725187329
9 100009
9 811013819
9 100009
9 289911912
9 475492913
9 356890726
9 892345235
9 100009
9 100009
9 556856809
9 100009
9 100009
9 250283529
9 10009
9 206606719
9 100009
9 113064619
9 507026669
9 216790929
9 100009
9 393587071
9 100009
9 100009
9 269352183
9 100000009
9 100009
9 100000009
9 223116991
9 100009
9 10009
9 100000009
9 477469699
9 100000009
9 676549030
9 120074119
9 100009
9 708295239
9 740129734
9 100009
9 100009
9 256334519
9 100009
9 1000009
9 853480259
9 100009
9 100009
9 199033140
9 100000009
9 690314889
9 966319714
9 735631090
9 100000009
9 100009
9 493256756
9 923348551
9 100009
9 592631157
9 815310249
9 379454843
9 100009
9 739836520
9 100009
9 788422399
9 100000009
9 100000009
9 402314129
9 100009
9 949475437
9 100009
9 100009
9 100009
9 367227019
9 100000009
9 100009
9 548850529
9 386957573
9 877904232
9 657922515
9 100009
9 737003749
9 206494269
9 100009
9 993154341
9 100009
9 605379977
9 100009
9 1000009
9 831391335
9 656477269
9 100009
9 100009
9 224958702
9 333260429
9 245254519
9 100000009
9 100009
9 351977895
9 262078119
9 100009
9 499932231
9 100009
9 100009
9 875673029
9 117472469
9 277924125
9 122379974
9 166209852
9 296044055
9 860550379
9 369075188
9 100009
9 100009
9 100000009
9 582910087
9 364527449
9 954988084
9 100009
9 100000009
9 608502049
9 32507469
9 281468739
9 100009
9 100009
9 427088839
9 100009
9 10009
9 615078519
9 100000009
9 263825659
9 950191335
9 332238759
9 152273914
9 100009
9 111660419
9 100009
9 10009
9 463115179
9 1009
9 100009
9 727375459
9 100009
9 100009
9 743067809
9 100009
9 100009
9 552562529
9 889242235
9 262980301
9 100009
9 254095808
9 736603339
9 147654189
9 966609632
9 100009
9 755173589
9 100000009
9 774445839
9 168611079
9 642686829
9 100009
9 613795225
9 100009
9 100009
9 741732159
9 938309024
9 100009
9 100000009
9 541484936
9 843132879
9 100000009
9 119662175
9 100009
9 236600908
9 187213999
9 151033809
9 100000009
9 100009
9 100009
9 1009
9 100009
9 470879891
9 613183109
9 842589039
9 100000009
9 617550239
9 100000009
9 100009
9 100009
9 400676879
9 202390041
9 521727619
9 100000009
9 616831649
9 456096577
9 795009790
9 100009
9 207916968
9 822507749
9 100009
9 100009
9 234338779
9 906212359
9 100009
9 717859257
9 100000009
9 987883251
9 241460259
9 365725709
9 842821709
9 969116323
9 174607969
9 100009
9 244783439
9 819306070
9 100009
9 781038679
9 333124389
9 604242059
9 453796854
9 100000009
9 901361612
9 788283559
9 100000009
9 100000009
9 461030719
9 100009
9 360854292
9 100009
9 100009
9 10009
9 100009
9 823724349
9 100009
9 749722546
9 100009
9 10009
9 100009
9 777413519
9 100000009
9 100000009
9 402197030
9 249473697
9 100009
9 495723464
9 559646582
9 100009
9 100000009
9 100009
9 100009
9 510962747
9 100009
9 100009
9 505555509
9 512422459
9 100009
9 629911502
9 100009
9 966700248
9 100000009
9 337164759
9 482372915
9 450208389
9 100009
9 100009
9 100000009
9 100009
9 626190377
9 100009
9 100000009
9 939500538
9 100000009
9 156596289
9 100009
9 645987110
9 100009
9 765362329
9 100000009
9 908176311
9 425352429
9 100000009
9 144477319
9 960656479
9 100000009
9 100009
9 100009
9 598151838
9 996200646
9 662249263
9 100009
9 761246946
9 100000009
9 230309912
9 284026191
9 958454085
9 100009
9 100009
9 100009
9 118539852
9 100000009
9 100009
9 630079454
9 509060644
9 100009
9 100009
9 214720739
9 100009
9 100009
9 100000009
9 466309610
9 100009
9 412837119
9 100009
9 347494810
9 100009
9 100009
9 817207709
9 100000009
9 100009
9 412481119
9 100009
9 100000009
9 708312059
9 100000009
9 100009
9 360153079
9 100009
9 100000009
9 100009
9 100009
9 382414029
9 253950186
9 900117330
9 100009
9 100009
9 100009
9 100000009
9 100000009
9 375546944
9 954097579
9 173850659
9 235089979
9 100000009
9 487469164
9 100009
9 447667419
9 764314964
9 278468769
9 404410739
9 809639999
9 100009
9 748778139
9 256313689
9 386420319
9 104364889
9 100000009
9 835508279
9 656839623
9 189132848
9 100009
9 779841029
9 100009
9 100000009
9 100009
9 141508059
9 885611629
9 400458139
9 316794186
9 100000009
9 100009
9 200703559
9 180992789
9 101362209
9 484360339
9 904707368
9 100000009
9 100009
9 792387362
9 463166978
9 690483659
9 100009
9 100000009
9 100009
9 383813925
9 506062519
9 100009
9 987752373
9 955458000
9 463826409
9 502898385
9 100000009
9 100009
9 143904251
9 390131212
9 100009
9 100009
9 100009
9 100009
9 230767229
9 785997817
9 618992984
9 486569814
9 290413529
9 268183239
9 228620249
9 282965961
9 100009
9 390861383
9 100009
9 100009
9 343801979
9 145995794
9 682694282
9 100000009
9 228206409
9 100000009
9 778708916
9 445374369
9 100000009
9 942935467
9 100009
9 569036066
9 100000009
9 100000009
9 100009
9 100009
9 100009
9 100009
9 100000009
9 113364459
9 174811109
9 100009
9 987097627
9 770367879
9 567716908
9 100009
9 100000009
9 100000009
9 986767753
9 352053119
9 100000009
9 910554813
9 100009
9 728284908
9 100009
9 513638069
9 100000009
9 821042449
9 100009
9 601996108
9 899759005
9 475665129
9 100009
9 100000009
9 919267750
9 545129139
9 196329589
9 217345394
9 274453449
9 691001894
9 287238698
9 293054217
9 891575914
9 411123039
9 317026593
9 10009
9 100000009
9 100009
9 100009
9 416516889
9 100009
9 720509681
9 100000009
9 779836751
9 635559304
9 570861419
9 100000009
9 370520009
9 706798751
9 100009
9 482285279
9 792533922
9 877691666
9 100000009
9 213551489
9 100009
9 100009
9 100009
9 100000009
9 100009
9 100000009
9 950004065
9 100000009
9 892808988
9 100009
9 836985804
9 212911451
9 100000009
9 100009
9 301154598
9 683473609
9 610040095
9 100009
9 100009
9 482146839
9 894945049
9 373568459
9 812585589
9 859705199
9 100000009
9 100000009
9 100009
9 213324079
9 517094028
9 218725619
9 541953627
9 206870529
9 330600939
9 113642495
9 100000009
9 100009
9 443479218
9 100000009
9 618015699
9 186247229
9 457392251
9 10009
9 152983675
9 409992660
9 695153891
9 100009
9 100009
9 100009
9 816816549
9 644252359
9 990962705
9 100009
9 100000009
9 723760729
9 737567916
9 236669955
9 100009
9 915569770
9 890241173
9 100009
9 754250469
9 229589942
9 293956149
9 100009
9 402577669
9 771188829
9 962696534
9 815721649
9 100009
9 675205689
9 330444579
9 100009
9 557979694
9 100009
9 972304365
9 859744944
9 494628557
9 781777869
9 100009
9 145757849
9 470250069
9 617143549
9 10009
9 100009
9 100009
9 100009
9 533561649
9 100000009
9 369603785
9 100009
9 170949921
9 871715819
9 940456486
9 128119372
9 100000009
9 100009
9 100009
9 238475189
9 406566049
9 914908467
9 100009
9 100009
9 169516538
9 100000009
9 313449194
9 238422269
9 444517439
9 401875069
9 209416085
9 10009
9 549774195
9 100009
9 321825869
9 10009
9 289987514
9 100000009
9 913517537
9 781583669
9 579890612
9 100009
9 467676159
9 100009
9 100000009
9 717408395
9 469288652
9 100009
9 246025954
9 100009
9 100000009
9 350576119
9 424201789
9 229137304
9 100000009
9 513636459
9 100009
9 216251809
9 100009
9 354082549
9 604380296
9 528347369
9 100009
9 808717759
9 10009
9 619870797
9 346336059
9 100009
9 100000009
9 397146390
9 100009
9 184252019
9 932110044
9 453850579
9 219638608
9 100009
9 10009
9 995729190
9 707201597
9 550028498
9 100009
9 100000009
9 608329446
9 100009
9 100009
9 100009
9 229039721
9 533620269
9 966647573
9 100009
9 100009
9 896284517
9 100009
9 100000009
9 459774455
9 100009
9 904991734
9 971846898
9 520205659
9 100000009
9 175339776
9 100009
9 487002649
9 100009
9 123895395
9 100009
9 795476602
9 805566239
9 100009
9 100009
9 100009
9 515174196
9 628914036
9 100009
9 801504589
9 100009
9 397216911
9 100009
9 309694174
9 233583139
9 364749207
9 100009
9 302087369
9 100000009
9 828767059
9 100009
9 205236509
9 100009
9 578232945
9 183005869
9 433515049
9 10009
9 267425269
9 100009
9 100000009
9 100000009
9 736000729
9 105786719
9 175210319
9 100009
9 1009
9 100000009
9 10009
9 726342795
9 576966389
9 224695446
9 281869037
9 292124451
9 839072443
9 100009
9 100000009
9 300981113
9 170504659
9 601931302
9 142305931
9 100009
9 732005909
9 620142649
9 900790137
9 997528268
9 831008229
9 660244609
9 102278409
9 550541239
9 853996284
9 100000009
9 100009
9 100000009
9 100000009
9 208907362
9 554413975
9 569291102
9 400756984
9 380603519
9 340483379
9 808018529
9 668647549
9 270124749
9 153033879
9 434180239
9 507143439
9 100000009
9 194981223
9 280885449
9 1000009
9 782694043
9 831849618
9 426107689
9 100009
9 151183059
9 100009
9 100009
9 609392111
9 713917110
9 939321831
9 306214129
9 285664979
9 500342649
9 100000009
9 203860596
9 563759676
9 100009
9 100009
9 477704549
9 10009
9 100009
9 553150849
9 956614966
9 193073275
9 624028529
9 515069223
9 100009
9 100000009
9 370015039
9 100000009
9 986912277
9 661735392
9 100009
9 394322604
9 575137519
9 860964288
9 100009
9 100009
9 100009
9 318638689
9 370282019
9 102648139
9 100009
9 100000009
9 100000009
9 100000009
9 511214249
9 100000009
9 210731189
9 100009
9 100009
9 689433790
9 100000009
9 198174775
9 457582139
9 841258089
9 628777297
9 100009
9 100009
9 732910835
9 487182849
9 100009
9 325451869
9 314431629
9 388260819
9 266258409
9 100009
9 582277459
9 100000009
9 939514773
9 474675139
9 385315339
9 146829566
9 763968925
9 100009
9 100009
9 698599543
9 601770789
9 10009
9 100009
9 100000009
9 100009
9 955883276
9 593484584
9 892938310
9 100000009
9 369110362
9 100009
9 773393679
9 847933627
9 690528135
9 511291211
9 100009
9 380620279
9 382300319
9 135549638
9 929695440
9 100009
9 100009
9 100009
9 550532169
9 663971610
9 925145748
9 100009
9 100009
9 100009
9 299952672
9 814797163
9 100009
9 979100505
9 100000009
9 100009
9 100000009
9 100000009
9 104845539
9 448620396
9 100009
9 308136589
9 100009
9 225682879
9 326058689
9 817185928
9 794018200
9 230917980
9 826341490
9 133951684
9 10009
9 984850553
9 770646889
9 559050435
9 10009
9 457350869
9 100000009
9 100009
9 100009
9 100009
9 100009
9 879481423
9 363696876
9 711557049
9 435486961
9 100000009
9 944275541
9 10009
9 10009
9 100000009
9 100009
9 100009
9 806888193
9 100000009
9 100009
9 100009
9 709186357
9 971355415
9 100009
9 474944163
9 307325259
9 100009
9 100009
9 809682838
9 396599560
9 266880239
9 1000009
9 100000009
9 524761589
9 242397013
9 300604689
9 927378317
9 490495703
9 100009
9 100009
9 100009
9 507885669
9 835477859
9 100009
9 139421560
9 100009
9 390796287
9 607271339
9 100009
9 342245269
9 617218659
9 100000009
9 684783349
9 100000009
9 853820329
9 985663566
9 482674649
9 100009
9 955303351
9 100000009
9 100009
9 11802549
9 991498677
9 100000009
9 242405809
9 797528164
9 100009
9 100000009
9 863515529
9 100000009
9 819553074
9 630168579
9 938278031
9 100009
9 563247980
9 100000009
9 100009
9 219730295
9 365120739
9 100000009
9 942187199
9 125282049
9 100009
9 100009
9 564558598
9 506943848
9 893031910
9 10009
9 100000009
9 743687069
9 100009
9 212519815
9 850058219
9 836092002
9 556733479
9 872738309
9 100000009
9 595169188
9 817957123
9 248828289
9 859473236
9 100009
9 790040354
9 425913302
9 100009
9 767974376
9 100009
9 100009
9 557225249
9 100000009
9 460174249
9 100009
9 100009
9 881711059
9 667736149
9 337852968
9 863415359
9 273584379
9 843467549
9 100009
9 977938353
9 211392414
9 100000009
9 100009
9 277722539
9 100000009
9 100009
9 100009
9 757370179
9 536716209
9 26132419
9 291232250
9 364318998
9 878487589
9 100000009
9 126155209
9 100009
9 100000009
9 527286159
9 100009
9 404741709
9 100000009
9 948363473
9 945996410
9 100000009
9 100009
9 100000009
9 334015096
9 695152482
9 222659588
9 339583758
9 115981297
9 288222779
9 137174439
9 66145039
9 133082769
9 151668089
9 415574179
9 100009
9 100000009
9 10000009
9 100000009
9 475287978
9 100009
9 360357509
9 100000009
9 100009
9 100000009
9 100009
9 100009
9 873905112
9 820342169
9 100009
9 323497665
9 963282857
9 369440168
9 923965491
9 958441561
9 176860849
9 100536479
9 797705749
9 232847097
9 169834937
9 100000009
9 100009
9 813171279
9 100000009
9 644403869
9 100009
9 418969229
9 100009
9 522574096
9 380911129
9 501916559
9 100000009
9 614885196
9 666411419
9 608208779
9 962680870
9 100009
9 815970360
9 100000009
9 585759485
9 491071571
9 597094636
9 979843805
9 100009
9 100009
9 306635129
9 854644339
9 100009
9 535079586
9 100009
9 100000009
9 593238210
9 137568859
9 100009
9 100009
9 376453419
9 100009
9 100000009
9 10009
9 864031809
9 572891535
9 569058006
9 736617389
9 270875019
9 173200529
9 745836929
9 10009
9 604589944
9 827601729
9 100009
9 888936383
9 690484954
9 976576959
9 926458043
9 100009
9 765879190
9 100000009
9 941265379
9 104548159
9 863779091
9 663687889
9 245542009
9 253157609
9 100000009
9 678744049
9 100009
9 1000009
9 10009
9 100009
9 897703555
9 100009
9 100009
9 399489484
9 100009
9 100009
9 100009
9 100009
9 100009
9 129422323
9 142727719
9 100009
9 100009
9 851586900
9 335630879
9 595478051
9 100009
9 671180259
9 992377531
9 100000009
9 100009
9 100009
9 732031449
9 768416049
9 297117217
9 268784079
9 629996603
9 100009
9 100000009
9 100009
9 456368792
9 650303189
9 265737439
9 100000009
9 870093586
9 100000009
9 100009
9 10009
9 100000009
9 642302992
9 630283009
9 551401369
9 172392939
9 838474209
9 100000009
9 328622892
9 100009
9 100009
9 151677459
9 100009
9 100009
9 255813789
9 100009
9 840869086
9 339366279
9 100009
9 100009
9 100000009
9 100009
9 432612359
9 672871439
9 686186729
9 100009
9 100009
9 100000009
9 100009
9 100009
9 100009
9 100000009
9 762187359
9 508481619
9 100009
9 557489224
9 100009
9 757726900
9 100009
9 100009
9 100009
9 958892767
9 100000009
9 792500658
9 100009
9 100000009
9 963509463
9 100000009
9 10009
9 485097351
9 100009
9 100009
9 622532579
9 986242068
9 456041429
9 431220976
9 882283956
9 749857619
9 427094546
9 100000009
9 100009
9 444092068
9 100000009
9 416779364
9 100009
9 10009
9 100000009
9 100009
9 100009
9 473208309
9 425222999
9 523171009
9 812105639
9 962566566
9 100009
9 100009
9 100009
9 440462739
9 912983130
9 100009
9 516704469
9 100009
9 10009
9 660285119
9 214151839
9 827520549
9 587663592
9 100009
9 898436544
9 895475028
9 439423356
9 578350689
9 457664879
9 130025907
9 960467887
9 884382129
9 806705809
9 100009
9 100009
9 100009
9 100009
9 628422509
9 100009
9 100009
9 695526838
9 10009
9 872229593
9 864037339
9 100009
9 332425379
9 693570202
9 100000009
9 637253792
9 919294420
9 413515569
9 104318896
9 100009
9 310216749
9 100009
9 457981657
9 100009
9 100009
9 303964481
9 780725789
9 100009
9 832633029
9 100000009
9 718283398
9 214699800
9 100009
9 100009
9 168249960
9 100009
9 326777029
9 100009
9 185717169
9 100009
9 907844775
9 100000009
9 567621349
9 100009
9 757329139
9 10009
9 376629237
9 293102406
9 100000009
9 100009
9 10009
9 533888059
9 437863439
9 100009
9 127844869
9 100009
9 100009
9 904350933
9 938594196
9 100000009
9 388278449
9 638829714
9 889578583
9 100009
9 867091275
9 100000009
9 201707309
9 278341889
9 618191057
9 100000009
9 100009
9 283436479
9 393154672
9 369044005
9 100000009
9 817531419
9 100009
9 100000009
9 100009
9 100000009
9 794178725
9 100009
9 100000009
9 584562739
9 942514603
9 417731789
9 100009
9 939710766
9 585279333
9 942137531
9 100009
9 100009
9 100009
9 100000009
9 100009
9 586836219
9 136299076
9 852621492
9 321822039
9 100000009
9 175926696
9 919063198
9 233673930
9 100009
9 319307972
9 444319792
9 230049827
9 100000009
9 442609327
9 100009
9 100009
9 952803187
9 602058189
9 593189723
9 100009
9 215434908
9 751751693
9 903651482
9 100009
9 100009
9 676874179
9 100009
9 100000009
9 100009
9 942089482
9 100000009
9 100000009
9 100009
9 100009
9 100009
9 268828759
9 100009
9 100009
9 100000009
9 100009
9 411363259
9 334236596
9 903689718
9 845002719
9 100000009
9 994363187
9 100000009
9 296707547
9 456808219
9 953870601
9 133786609
9 941699993
9 548734796
9 227509072
9 100009
9 886022589
9 100009
9 277020429
9 977440296
9 593737700
9 304470139
9 913579947
9 580778729
9 527974825
9 190645675
9 741533129
9 908636018
9 621012889
9 100000009
9 471552819
9 681960362
9 141329436
9 100000009
9 10009
9 100000009
9 848097048
9 275547196
9 100009
9 100009
9 808205839
9 714827295
9 472771329
9 1000009
9 768819477
9 804200879
9 100009
9 100000009
9 371700679
9 100009
9 322922161
9 100000009
9 10009
9 895434171
9 100000009
9 635581819
9 482270159
9 773257849
9 100000009
9 190425879
9 587621349
9 402546980
9 816572239
9 302305689
9 100009
9 875927316
9 488332829
9 433859498
9 100009
9 422657359
9 100009
9 100009
9 1000009
9 100009
9 100000009
9 419252485
9 905516202
9 100000009
9 100009
9 100009
9 468983207
9 383912931
9 640597086
9 934324699
9 927720575
9 138945137
9 970765513
9 113091438
9 100009
9 266171889
9 188501469
9 100009
9 839381485
9 115705559
9 100009
9 399380816
9 854990781
9 100009
9 238762169
9 100009
9 100009
9 100009
9 100009
9 316541829
9 100009
9 652649183
9 386108549
9 542065639
9 100009
9 671290849
9 258192242
9 186157369
9 100000009
9 974795751
9 658565439
9 901273055
9 920659162
9 981450385
9 1000009
9 722285896
9 968341880
9 369382108
9 100009
9 10009
9 655460539
9 734151968
9 469473174
9 454559108
9 100000009
9 740352459
9 100000009
9 256992899
9 318249558
9 100009
9 651200709
9 100000009
9 735608289
9 677207269
9 684639312
9 814361649
9 101171039
9 100009
9 257366679
9 100000009
9 100000009
9 896554439
9 100000009
9 100000009
9 820753859
9 100000009
9 100009
9 236823529
9 100000009
9 747549132
9 983389807
9 825107319
9 100000009
9 737883794
9 10009
9 70169353
9 950259251
9 278230709
9 211111729
9 824036759
9 396668780
9 793918633
9 645890675
9 630992752
9 100000009
9 100000009
9 609858972
9 112411793
9 100009
9 297244241
9 100009
9 422218489
9 626620496
9 528516389
9 100000009
9 519260216
9 100009
9 854653089
9 129507121
9 632300289
9 100009
9 837911945
9 770110039
9 817611059
9 885626169
9 100009
9 560697007
9 100000009
9 450334549
9 623236971
9 489534220
9 662668239
9 100009
9 412191108
9 778435649
9 710103549
9 601850947
9 100000009
9 100009
9 1009
9 10000009
9 10009
9 100009
9 100009
9 334777789
9 640657359
9 848561709
9 744869525
9 100009
9 303285119
9 100009
9 388074189
9 100009
9 752197863
9 100009
9 143153429
9 100009
9 188498633
9 100009
9 100009
9 100000009
9 107851039
9 589646823
9 100009
9 110921140
9 100009
9 100009
9 137578659
9 189168291
9 960718565
9 147371729
9 100009
9 295768567
9 100000009
9 911043148
9 352982032
9 958359322
9 739784577
9 913688010
9 290820914
9 480686199
9 100000009
9 904449651
9 297658397
9 366152489
9 566354889
9 100009
9 623406279
9 763259795
9 100009
9 837348559
9 100009
9 639164424
9 365899160
9 230579343
9 932313951
9 327383391
9 10009
9 982589665
9 631195192
9 100000009
9 726731289
9 100009
9 100009
9 696526317
9 243669524
9 100009
9 233246719
9 850614979
9 996333963
9 934395570
9 573567169
9 326042649
9 100009
9 192093548
9 100009
9 816584879
9 976186781
9 604885199
9 100000009
9 911108459
9 391387930
9 100009
9 533214159
9 578377992
9 100000009
9 909419539
9 672067469
9 122917988
9 100000009
9 938020971
9 100009
9 100009
9 365221439
9 158633119
9 100009
9 100000009
9 222806239
9 678560589
9 100009
9 10009
9 377276619
9 818748049
9 428972941
9 411801819
9 286908072
9 100009
9 517867329
9 100000009
9 224127709
9 182683189
9 100000009
9 153313609
9 257699377
9 100000009
9 275838669
9 100009
9 735740259
9 100000009
9 100000009
9 246507749
9 745305349
9 774995878
9 100009
9 100009
9 100009
9 10009
9 192598839
9 363728639
9 551557293
9 100009
9 100000009
9 419765059
9 945051012
9 792723833
9 100009
9 934720428
9 100000009
9 278757669
9 100009
9 100000009
9 485912570
9 145495357
9 179611714
9 147605459
9 852739990
9 634104079
9 100009
9 100000009
9 100009
9 100009
9 100009
9 100009
9 716162819
9 642554579
9 513998388
9 864074439
9 260861749
9 317251839
9 862453239
9 482420869
9 100000009
9 100000009
9 672602219
9 645203619
9 114355529
9 560637349
9 100009
9 100009
9 100000009
9 412176419
9 406763579
9 100009
9 100009
9 100009
9 894555334
9 100009
9 209508344
9 100009
9 100000009
9 100009
9 383665729
9 706298244
9 400546529
9 304712079
9 307496161
9 402073619
9 100009
9 576625759
9 201010249
9 235003649
9 521753059
9 790410862
9 100000009
9 639352203
9 746366159
9 640234409
9 868131309
9 458007359
9 100009
9 100009
9 100009
9 10009
9 100000009
9 466759304
9 958300705
9 100009
9 902169607
9 347715859
9 534956272
9 111640789
9 100009
9 100000009
9 100009
9 172066909
9 659748473
9 857567409
9 855155966
9 322468986
9 100000009
9 100009
9 100009
9 876315869
9 100000009
9 100009
9 898084441
9 827871490
9 127672449
9 308653309
9 100000009
9 100009
9 318930421
9 610273789
9 136743579
9 140019195
9 732789605
9 324485469
9 100009
9 746392654
9 1000009
9 100009
9 888089953
9 100000009
9 100009
9 749415615
9 100009
9 844710589
9 802866089
9 277193276
9 721702389
9 664544009
9 208392522
9 548027349
9 981459029
9 100009
9 626135709
9 566140129
9 819746084
9 374498544
9 100009
9 118245549
9 666606898
9 859956965
9 952456446
9 606355579
9 382176639
9 596317192
9 746575993
9 905850725
9 100000009
9 118901151
9 196409063
9 100000009
9 288307092
9 100000009
9 702204809
9 100000009
9 100009
9 900491013
9 673300397
9 100000009
9 799569716
9 108223489
9 915054713
9 920689079
9 716692083
9 100009
9 100000009
9 100000009
9 100009
9 10009
9 542829811
9 100009
9 100009
9 591483353
9 364543259
9 842854379
9 253284956
9 100009
9 100009
9 100000009
9 823752192
9 201809947
9 890817811
9 986433573
9 100009
9 560569053
9 455223429
9 242368619
9 713374409
9 100000009
9 368102759
9 100009
9 10009
9 100000009
9 100000009
9 100009
9 225058179
9 100009
9 822892514
9 530575629
9 558312769
9 287753009
9 843172789
9 632302169
9 100009
9 993435108
9 155622669
9 100009
9 100009
9 224106968
9 334247901
9 100000009
9 675367739
9 100000009
9 379345042
9 100000009
9 100009
9 478550109
9 727893632
9 106822239
9 294121286
9 100009
9 596685891
9 10009
9 537374895
9 100009
9 100000009
9 295123953
9 686036679
9 100009
9 179061932
9 145852189
9 222817619
9 100009
9 100000009
9 12710905
9 100009
9 416706819
9 100000009
9 916563859
9 849788055
9 100000009
9 607128179
9 100009
9 459932634
9 100009
9 100514679
9 100000009
9 518551019
9 483554991
9 573524519
9 100009
9 389378856
9 568996614
9 967738436
9 717034369
9 439246900
9 525950215
9 100009
9 171940384
9 100000009
9 337572293
9 526168129
9 939666293
9 100000009
9 100000009
9 100009
9 100009
9 100009
9 100009
9 100009
9 900410030
9 637016749
9 364466932
9 100000009
9 762769705
9 100009
9 709937487
9 100000009
9 100000009
9 100000009
9 10009
9 716207429
9 100009
9 772768439
9 100000009
9 100000009
9 670999693
9 830165259
9 964362288
9 476680079
9 100009
9 467923503
9 414054109
9 100009
9 143778049
9 387749517
9 100009
9 311133469
9 100000009
9 100009
9 100000009
9 10009
9 100000009
9 100009
9 10009
9 875899618
9 634526809
9 572435729
9 777317089
9 932173876
9 565332389
9 100009
9 100000009
9 398856169
9 590848516
9 100009
9 228225996
9 713375990
9 233979100
9 100009
9 729155452
9 100009
9 100000009
9 100009
9 10009
9 100009
9 100000009
9 927873685
9 100009
9 545827849
9 664138139
9 100009
9 516296506
9 377531719
9 472994868
9 704246159
9 100009
9 782759644
9 334837709
9 100009
9 613661978
9 100009
9 202529158
9 100009
9 171737809
9 100009
9 401410509
9 100000009
9 100009
9 100009
9 100000009
9 169057920
9 100009
9 10009
9 154040329
9 288789705
9 100009
9 100000009
9 120242993
9 100009
9 100009
9 571227297
9 883052709
9 100009
9 100000009
9 768656209
9 100009
9 897273250
9 646282059
9 100000009
9 100009
9 376857369
9 350187293
9 889085818
9 887361079
9 100000009
9 712863191
9 351942927
9 10009
9 560164970
9 117962138
9 935442883
9 100009
9 767043239
9 100000009
9 607457759
9 100000009
9 100000009
9 10009
9 100000009
9 870614259
9 516757639
9 639548562
9 100009
9 100009
9 863791970
9 100009
9 793693068
9 770467039
9 100009
9 100009
9 463848209
9 830215069
9 327309824
9 100009
9 166135579
9 100009
9 701172189
9 152429447
9 387932735
9 479127578
9 766428509
9 704092427
9 100009
9 116173197
9 100000009
9 100000009
9 372466539
9 190814836
9 944107970
9 100009
9 100009
9 100009
9 100009
9 172162699
9 100009
9 100009
9 100009
9 100009
9 263917738
9 100009
9 245559567
9 356738349
9 786933447
9 100009
9 100009
9 100009
9 211124749
9 100009
9 100000009
9 822811089
9 572923996
9 917112762
9 686601419
9 118992315
9 100009
9 100009
9 434362895
9 100009
9 214838889
9 806545179
9 396554927
9 170839224
9 666250589
9 723339769
9 665880659
9 338156189
9 100009
9 228149547
9 941676739
9 385803749
9 100000009
9 241234649
9 883833966
9 100009
9 817462609
9 752740497
9 686870295
9 187268739
9 878584589
9 100000009
9 320422439
9 368215539
9 100000009
9 350267539
9 100009
9 474990485
9 100009
9 100000009
9 100009
9 836681149
9 100009
9 454883759
9 100000009
9 831291674
9 100000009
9 112650927
9 100009
9 100000009
9 100000009
9 100009
9 696116217
9 100009
9 100000009
9 541741099
9 43621759
9 100009
9 791294782
9 100009
9 100000009
9 289343063
9 957274842
9 480533689
9 748640932
9 439559019
9 100000009
9 325537329
9 100009
9 214688439
9 122389257
9 101154889
9 100009
9 423442839
9 100009
9 590657808
9 123570179
9 333920534
9 100009
9 428864259
9 955250035
9 498472750
9 897558042
9 100009
9 165376691
9 158672629
9 100009
9 216052269
9 443132149
9 996041587
9 907655230
9 373374749
9 100009
9 772561892
9 929126188
9 199204044
9 821520889
9 776421069
9 100009
9 723913782
9 209664297
9 100000009
9 555315819
9 100009
9 599482493
9 747815849
9 100000009
9 593727653
9 594396271
9 100009
9 460963724
9 100009
9 568525439
9 100000009
9 100000009
9 10000009
9 100009
9 303801559
9 300493808
9 100009
9 100000009
9 321807319
9 100009
9 392123382
9 100009
9 352074049
9 538431539
9 163284917
9 100009
9 392321258
9 228219288
9 100009
9 100000009
9 621210912
9 100009
9 444818819
9 221478329
9 100009
9 100009
9 100009
9 100009
9 376342963
9 353816957
9 177926109
9 221674269
9 158200930
9 100009
9 126182489
9 100009
9 278554089
9 960000092
9 768801859
9 100009
9 100009
9 356578079
9 855832279
9 970108347
9 10009
9 473001749
9 428106749
9 100009
9 979994772
9 100000009
9 549074036
9 100009
9 194048810
9 216366983
9 100009
9 540538019
9 942313781
9 100009
9 100000009
9 100000009
9 100000009
9 370096174
9 153138419
9 276123097
9 100009
9 181782931
9 100000009
9 100009
9 10009
9 427048569
9 100000009
9 692137716
9 147802309
9 100000009
9 100009
9 100009
9 482399708
9 100009
9 100000009
9 346297691
9 695243903
9 100000009
9 100000009
9 113707349
9 100009
9 100009
9 100009
9 583156509
9 100009
9 100009
9 665170639
9 100009
9 216124609
9 472744179
9 286906961
9 540632249
9 100009
9 478026819
9 100009
9 100009
9 533868429
9 390676055
9 330374719
9 100000009
9 100009
9 100009
9 100009
9 100009
9 709625923
9 100000009
9 359761341
9 100009
9 288370759
9 224516049
9 795372790
9 965150807
9 300424129
9 720261329
9 561829005
9 152643593
9 100009
9 110434429
9 127224429
9 450913153
9 186544839
9 100009
9 576489537
9 484024569
9 100009
9 10009
9 100009
9 355722309
9 138056269
9 797505028
9 642967125
9 100000009
9 845601469
9 100009
9 414966105
9 334339686
9 474224869
9 100000009
9 100000009
9 100000009
9 825598921
9 909650140
9 546803769
9 100009
9 100009
9 524237119
9 121196871
9 100000009
9 100009
9 863936655
9 100000009
9 851467559
9 481244959
9 969243874
9 100000009
9 100009
9 100009
9 325950182
9 100009
9 100009
9 100009
9 996997216
9 497275463
9 686258791
9 555756910
9 544823079
9 783180039
9 532706639
9 429287665
9 347610179
9 324448759
9 633204009
9 338367549
9 201014289
9 100009
9 100009
9 571596290
9 692484918
9 732554339
9 100000009
9 116975995
9 511099023
9 100009
9 389757699
9 100009
9 100009
9 624668689
9 100009
9 981313090
9 514806899
9 815465819
9 100009
9 100009
9 100000009
9 135484789
9 449298278
9 100000009
9 437698780
9 164383589
9 100000009
9 819704077
9 100009
9 100009
9 10009
9 100009
9 766606942
9 100000009
9 100009
9 509265789
9 100009
9 718292555
9 437697360
9 250403769
9 100009
9 100000009
9 848584098
9 577136469
9 744168490
9 986058062
9 100000009
9 100000009
9 378044009
9 100009
9 100009
9 100000009
9 370811059
9 932220341
9 100000009
9 100009
9 1000009
9 100000009
9 531136339
9 100009
9 699437451
9 108404139
9 528676649
9 100000009
9 100009
9 985579339
9 874289715
9 100000009
9 826614059
9 987095494
9 469520762
9 175755009
9 368682729
9 100009
9 116481189
9 100009
9 610787459
9 259059781
9 100009
9 100009
9 100000009
9 216408937
9 100000009
9 100009
9 309778163
9 237613669
9 293060627
9 986949850
9 271868029
9 100000009
9 100000009
9 568288079
9 833605569
9 548366109
9 581222459
9 971830954
9 941199154
9 100009
9 100009
9 140387839
9 650878079
9 770245609
9 100009
9 100009
9 886976954
9 100009
9 792815768
9 414823849
9 100009
9 330900921
9 263049460
9 396370918
9 457908904
9 100009
9 815113819
9 945364490
9 535268239
9 100009
9 943195197
9 100000009
9 616286289
9 791029156
9 855972184
9 100000009
9 167102952
9 100000009
9 741278904
9 400187479
9 100009
9 549326599
9 517357639
9 100000009
9 100009
9 823876539
9 347608449
9 889741032
9 100009
9 463727449
9 100000009
9 208212309
9 100009
9 215322269
9 220318419
9 934848272
9 529854284
9 100009
9 100009
9 842772079
9 100000009
9 100009
9 948606701
9 402066269
9 805108659
9 627528709
9 817945936
9 100009
9 100009
9 100009
9 497537995
9 522876059
9 100009
9 100000009
9 100009
9 542957997
9 728505109
9 540747692
9 100000009
9 100009
9 128221739
9 946316194
9 100009
9 10009
9 579813854
9 216042589
9 100009
9 857062419
9 662091680
9 372200579
9 100009
9 197444939
9 334043849
9 471254965
9 601805691
9 324355819
9 366441809
9 100009
9 100009
9 100000009
9 906902794
9 100009
9 117748019
9 116340369
9 956451590
9 100009
9 935602951
9 100009
9 100009
9 100009
9 100009
9 10009
9 100009
9 880674491
9 705349733
9 100000009
9 668124759
9 580478209
9 100009
9 100000009
9 100009
9 231462469
9 593098085
9 100009
9 989990407
9 100009
9 129781618
9 10009
9 561497200
9 980401628
9 100009
9 100000009
9 601149066
9 100009
9 814235994
9 100000009
9 837310509
9 513599471
9 100009
9 360460975
9 872957146
9 797096582
9 100000009
9 100000009
9 100009
9 814798038
9 770109818
9 293510379
9 100000009
9 913445538
9 997587158
9 461177169
9 238297475
9 100000009
9 100009
9 647272119
9 100000009
9 673691635
9 741388329
9 210351984
9 570328779
9 413367249
9 504648940
9 100000009
9 400331692
9 202469392
9 100009
9 843900569
9 998562078
9 100000009
9 100000009
9 100009
9 100009
9 733300769
9 100000009
9 461640819
9 100009
9 100000009
9 946151159
9 100009
9 271559548
9 348214159
9 586921018
9 502476649
9 100009
9 519224344
9 100009
9 575880993
9 100009
9 100009
9 952247415
9 265810496
9 100009
9 760762439
9 100009
9 318909360
9 358237619
9 354449721
9 100009
9 272286394
9 722439967
9 100009
9 890768651
9 100000009
9 993195096
9 974038356
9 501469772
9 230898310
9 466430409
9 493847499
9 100009
9 309641117
9 660859901
9 791573965
9 100000009
9 100009
9 100000009
9 444463789
9 100000009
9 437016973
9 112483929
9 274482389
9 873568609
9 197502305
9 182455189
9 822551749
9 100009
9 100009
9 758455591
9 924542925
9 100009
9 683921202
9 214125249
9 10009
9 100009
9 100009
9 100009
9 231424097
9 716924837
9 100000009
9 553401579
9 561889820
9 736733369
9 401413319
9 324007069
9 237534739
9 670502249
9 100000009
9 100009
9 296468024
9 486177093
9 100009
9 1009
9 920160107
9 945304710
9 704431339
9 493579597
9 455048869
9 406878293
9 757534295
9 530007149
9 100009
9 318899233
9 816666149
9 391176714
9 100009
9 100009
9 100009
9 10009
9 811055194
9 946180230
9 100009
9 811961177
9 869802325
9 582788129
9 772596376
9 100009
9 614295790
9 767677995
9 996257912
9 100000009
9 100009
9 679662804
9 100009
9 372700539
9 100000009
9 897663639
9 701026169
9 625625119
9 950409062
9 238067059
9 743078759
9 100000009
9 100009
9 100000009
9 133413964
9 100009
9 339836499
9 100000009
9 100009
9 267616019
9 100009
9 100009
9 443742794
9 899900949
9 100009
9 386021159
9 441017976
9 933045247
9 100009
9 100009
9 1000009
9 10009
9 212560339
9 100009
9 100009
9 10009
9 389813037
9 918470209
9 100000009
9 100009
9 10009
9 207111859
9 100009
9 621738559
9 707808389
9 478804449
9 713151529
9 105759252
9 395282159
9 157478479
9 100000009
9 100000009
9 765987691
9 747607939
9 100009
9 100009
9 836518930
9 538429844
9 421874859
9 725761698
9 702257759
9 409088680
9 403174349
9 100009
9 100009
9 100009
9 969704959
9 312058689
9 100009
9 100009
9 637836966
9 652369373
9 629264888
9 697673432
9 843353279
9 100009
9 881185389
9 997452131
9 207548192
9 458137954
9 460271179
9 100009
9 100009
9 75756889
9 782699234
9 100009
9 296903548
9 100009
9 100000009
9 100009
9 713680819
9 140109166
9 151920018
9 324587829
9 539255077
9 541547239
9 990256972
9 100009
9 100009
9 100009
9 541610709
9 646498139
9 444336769
9 100000009
9 100000009
9 898910326
9 248698122
9 100009
9 100000009
9 319301540
9 549589610
9 110663779
9 362628972
9 100000009
9 100009
9 751588539
9 412567794
9 100009
9 277900738
9 100009
9 100009
9 199093398
9 100009
9 410924175
9 144756149
9 100009
9 526796860
9 100009
9 782879177
9 100009
9 100000009
9 385129979
9 154000839
9 295637278
9 100009
9 100000009
9 514552839
9 678714689
9 340395650
9 465890719
9 10009
9 589757398
9 100000009
9 799367090
9 616859347
9 695910152
9 491338552
9 625378069
9 385223659
9 612225609
9 153726879
9 981496124
9 10009
9 100009
9 392522525
9 580348597
9 404891338
9 100009
9 312813829
9 976459973
9 136209239
9 100009
9 998362304
9 561010459
9 730242729
9 859469730
9 122756689
9 100000009
9 516158749
9 725629571
9 100000009
9 100000009
9 323803089
9 487300579
9 100000009
9 517066879
9 100009
9 902485859
9 327820089
9 100009
9 10009
9 100000009
9 582765921
9 169268174
9 100009
9 386828519
9 397061457
9 145062509
9 987017141
9 454300923
9 552066393
9 985090670
9 792174310
9 100009
9 426455911
9 100000009
9 100009
9 956318382
9 793272806
9 100009
9 100009
9 125643869
9 100000009
9 797786174
9 697319832
9 100000009
9 521928049
9 989138377
9 787407019
9 881469477
9 692516546
9 617227809
9 100009
9 540994358
9 118044269
9 734744719
9 218998121
9 376954164
9 100009
9 785986823
9 100000009
9 480180829
9 255006769
9 100009
9 317582529
9 233537069
9 100000009
9 100000009
9 907111057
9 100009
9 542957261
9 103694970
9 100000009
9 573759454
9 601171819
9 100009
9 100000009
9 690637716
9 100009
9 805078779
9 722633159
9 811182529
9 576764649
9 796923898
9 291761668
9 602358119
9 100000009
9 554254749
9 406903849
9 167973207
9 100009
9 289387911
9 812179803
9 208776980
9 100009
9 100009
9 100000009
9 944467257
9 387552589
9 206072279
9 100009
9 100009
9 100000009
9 10009
9 100000009
9 100009
9 100000009
9 528829390
9 100009
9 544942151
9 574880169
9 175410189
9 100009
9 635482109
9 679817802
9 100009
9 800261009
9 299533257
9 219626950
9 529355588
9 694232165
9 459616857
9 662678149
9 762895206
9 100000009
9 100009
9 100009
9 667472149
9 100000009
9 100009
9 100009
9 950569844
9 735533119
9 432781459
9 869506363
9 100009
9 308993162
9 520827549
9 953451332
9 851445904
9 11504429
9 100009
9 986117022
9 948673824
9 100009
9 100009
9 653785709
9 311025819
9 100009
9 100009
9 398102855
9 785718309
9 779297223
9 100009
9 100009
9 10009
9 627367669
9 671812169
9 413396467
9 100009
9 485335709
9 100009
9 860307639
9 598449828
9 100009
9 100009
9 100009
9 100009
9 100009
9 428005419
9 100009
9 100009
9 100009
9 486458891
9 100009
9 100009
9 100000009
9 823369653
9 459625815
9 100009
9 100009
9 100009
9 100009
9 100000009
9 100009
9 100009
9 100000009
9 100009
9 514709869
9 100009
9 538803609
9 100000009
9 100009
9 321774749
9 100009
9 100009
9 340453549
9 100009
9 199138892
9 16054709
9 100009
9 711999464
9 356761590
9 10009
9 100000009
9 100009
9 632201789
9 956263652
9 100009
9 536032109
9 100000009
9 100009
9 100000009
9 100009
9 633219308
9 965135145
9 100000009
9 100000009
9 100009
9 100009
9 882063892
9 995829586
9 454120789
9 100009
9 720812926
9 100009
9 869252983
9 100000009
9 100000009
9 681696690
9 832047049
9 154406295
9 325593462
9 242433559
9 441620090
9 269323458
9 100000009
9 655548987
9 561650379
9 100009
9 564200980
9 393766262
9 497397637
9 436292491
9 754031459
9 148722539
9 627293523
9 521322109
9 575822459
9 100009
9 616313669
9 137213179
9 268287759
9 338709473
9 100000009
9 100009
9 100009
9 100009
9 693435584
9 804676029
9 869449484
9 357498271
9 447582692
9 10009
9 508099607
9 100009
9 599927264
9 549636976
9 370026209
9 100009
9 619280049
9 100009
9 256444539
9 921477713
9 100009
9 100009
9 100009
9 100009
9 100000009
9 100009
9 100009
9 100009
9 100000009
9 996799467
9 385789806
9 400307539
9 134650029
9 739192833
9 882307309
9 174584179
9 100009
9 100009
9 100000009
9 272388739
9 100009
9 10009
9 836953266
9 699658388
9 398789550
9 125749164
9 100009
9 100000009
9 100009
9 214278629
9 757807908
9 938148035
9 680789068
9 400299511
9 100000009
9 195959548
9 10009
9 100000009
9 357608629
9 241094655
9 930768267
9 100009
9 873394577
9 945119628
9 857598118
9 192037350
9 256172497
9 100009
9 702753849
9 100009
9 584997266
9 137722489
9 100009
9 752485219
9 100009
9 247037189
9 417680898
9 716380219
9 10009
9 331812459
9 100009
9 100009
9 616767069
9 713591692
9 100009
9 100000009
9 462827449
9 100009
9 100009
9 173789843
9 100009
9 100009
9 100000009
9 807199605
9 100009
9 648382049
9 991299095
9 682163439
9 198692790
9 452217069
9 594981044
9 928629217
9 839409470
9 100009
9 480318839
9 359939254
9 528852389
9 169941510
9 789160993
9 100009
9 100009
9 822931012
9 100000009
9 914563823
9 127123359
9 361114129
9 100000009
9 239290492
9 347074119
9 792582538
9 578001719
9 100009
9 392132333
9 736282259
9 826464269
9 100009
9 897618221
9 776888639
9 100009
9 100009
9 100009
9 100000009
9 276974514
9 134620749
9 100009
9 558447957
9 797742953
9 365376309
9 795705210
9 104623369
9 100009
9 100009
9 170248090
9 437467390
9 100009
9 100009
9 789214409
9 308802290
9 100009
9 10000009
9 100000009
9 232107369
9 10009
9 383043269
9 256297222
9 176177966
9 881558239
9 100000009
9 10009
9 413511189
9 593063253
9 100000009
9 100009
9 773654109
9 185848389
9 412286197
9 142228591
9 100009
9 652203639
9 493336535
9 968843381
9 183072229
9 100000009
9 100000009
9 540456669
9 100009
9 420319588
9 270976387
9 100009
9 100009
9 633360259
9 100009
9 100009
9 641274119
9 100009
9 651488229
9 925507854
9 123044369
9 690644863
9 368572039
9 610541279
9 260201389
9 100000009
9 804528092
9 845136129
9 100009
9 832632509
9 784591491
9 315217459
9 229483855
9 686332129
9 100000009
9 997424209
9 10009
9 395231149
9 100009
9 400615059
9 100000009
9 602431519
9 100009
9 815355391
9 118954847
9 763580459
9 485597433
9 783294698
9 231084029
9 404257109
9 177588859
9 516445890
9 100009
9 332005279
9 289368309
9 100000009
9 528850389
9 100009
9 100009
9 10009
9 380671239
9 306391698
9 907849295
9 950739362
9 10009
9 100009
9 177104479
9 975494704
9 851381139
9 158793895
9 100000009
9 904698415
9 415883219
9 100009
9 100009
9 373107719
9 782627059
9 274677059
9 662991426
9 10009
9 393109977
9 307978303
9 987911130
9 534292198
9 100009
9 360701079
9 100009
9 431994725
9 100000009
9 805165169
9 10009
9 163443259
9 830605639
9 450927370
9 925769010
9 869468368
9 651858139
9 612029092
9 455670295
9 100000009
9 814421797
9 607423179
9 360712369
9 854668179
9 756840829
9 928314666
9 878877079
9 593253165
9 141587459
9 225146029
9 574794484
9 715362069
9 100000009
9 164648409
9 892536050
9 100009
9 573598647
9 10009
9 846609682
9 100000009
9 910785068
9 629066066
9 100009
9 100009
9 498992226
9 100000009
9 504253439
9 473848629
9 100009
9 216414019
9 100000009
9 100009
9 418473679
9 100000009
9 588067591
9 899806182
9 100000009
9 766944829
9 297579158
9 100000009
9 100009
9 100009
9 982841930
9 184775009
9 100009
9 632201911
9 100000009
9 534094325
9 100009
9 692884692
9 775016409
9 467539426
9 100009
9 100009
9 995316297
9 100009
9 100009
9 353908805
9 955448008
9 100009
9 100009
9 100009
9 100000009
9 342290799
9 100009
9 100009
9 711570729
9 100009
9 863896919
9 100009
9 10009
9 100000009
9 209639032
9 100009
9 100000009
9 627609536
9 969050922
9 1009
9 10009
9 611573739
9 100009
9 328081489
9 394024911
9 100000009
9 100009
9 964342256
9 456905837
9 672141159
9 877686839
9 1000009
9 341703849
9 842528479
9 10000009
9 871578469
9 100000009
9 303776729
9 100009
9 820240169
9 100009
9 673118569
9 246917332
9 100000009
9 893055864
9 950145736
9 100000009
9 965037867
9 100009
9 509044759
9 826390108
9 100009
9 592141967
9 526238689
9 937146396
9 591338930
9 100009
9 268151829
9 194466712
9 262419585
9 100009
9 100009
9 600674419
9 100009
9 405665289
9 100000009
9 1000009
9 498885352
9 100009
9 886468619
9 411631359
9 263660539
9 436765159
9 185287569
9 839407809
9 503957255
9 996084891
9 918178134
9 100009
9 338990627
9 322856689
9 468709951
9 100000009
9 504541929
9 601191357
9 184962492
9 100000009
9 801411509
9 949956811
9 182422029
9 404585569
9 638608709
9 826869321
9 100009
9 393009101
9 576459495
9 239257166
9 870467639
9 646725139
9 374271394
9 602060901
9 773042389
9 10009
9 209564367
9 100009
9 100000009
9 333668039
9 736924196
9 100000009
9 913773883
9 100009
9 100009
9 446075049
9 100009
9 100000009
9 743320789
9 695947857
9 100000009
9 424996882
9 301632729
9 784590430
9 100009
9 405934297
9 212840549
9 619835741
9 527660679
9 381088659
9 494564965
9 911558020
9 100000009
9 100009
9 235062639
9 820866349
9 100009
9 100009
9 122126619
9 100009
9 899192703
9 100009
9 100009
9 548179803
9 874138749
9 994724637
9 100000009
9 776248869
9 100009
9 27351069
9 100009
9 191523817
9 100009
9 663702479
9 287811109
9 734452079
9 628114279
9 100000009
9 452791673
9 252843789
9 100000009
9 100009
9 548855679
9 880916181
9 100009
9 100009
9 1000009
9 936440376
9 517324669
9 829221773
9 572002689
9 100009
9 100000009
9 100009
9 100009
9 296133102
9 100000009
9 100009
9 496682872
9 475829328
9 545894636
9 664812109
9 100009
9 100009
9 607195666
9 100009
9 100000009
9 890471084
9 164834789
9 519866945
9 100009
9 100000009
9 863980087
9 536560829
9 640085979
9 100000009
9 733612759
9 100000009
9 790889968
9 117599168
9 872604459
9 440213139
9 100000009
9 479434427
9 100000009
9 997502353
9 842635195
9 550299625
9 100000009
9 726846619
9 100009
9 100009
9 100009
9 392188813
9 766680769
9 695997035
9 100009
9 100009
9 593948067
9 294264285
9 100000009
9 416339995
9 281846529
9 100009
9 662926270
9 251331359
9 515972594
9 100009
9 455725896
9 100009
9 100009
9 455787019
9 565249645
9 100009
9 100009
9 896919275
9 832875079
9 198177365
9 100009
9 679181081
9 100009
9 383203195
9 100009
9 578055409
9 100009
9 352231179
9 100009
9 336926988
9 633178993
9 430734975
9 100009
9 980477504
9 417355639
9 609655299
9 249081909
9 130227709
9 100000009
9 655086489
9 290963635
9 566535369
9 385408829
9 162093337
9 100009
9 100000009
9 100000009
9 361559194
9 397248467
9 351445049
9 100009
9 100000009
9 955741356
9 624677759
9 100009
9 795703300
9 199806667
9 100000009
9 393068123
9 213745629
9 828526982
9 296345312
9 100000009
9 100009
9 626264289
9 100009
9 997109747
9 100009
9 117713349
9 100009
9 132637119
9 100009
9 208601009
9 100009
9 100000009
9 100000009
9 252834691
9 100009
9 100000009
9 100000009
9 944071184
9 100000009
9 189956514
9 100009
9 636560692
9 100009
9 872353489
9 100000009
9 370302359
9 884165479
9 453940177
9 987064578
9 551344796
9 397479736
9 100009
9 10009
9 448758009
9 359686669
9 743784980
9 713946743
9 300196021
9 253773229
9 100009
9 100009
9 100009
9 567232889
9 623753329
9 821175974
9 399512689
9 276543339
9 100009
9 100000009
9 100000009
9 100009
9 100009
9 506966299
9 669964851
9 100009
9 811020679
9 100009
9 854947080
9 338966300
9 284759253
9 100000009
9 100000009
9 701988706
9 100000009
9 336863169
9 744421559
9 655069795
9 974960474
9 839364042
9 851746094
9 303307945
9 1000009
9 781285089
9 100009
9 754835859
9 100000009
9 728469326
9 100009
9 486822769
9 834525749
9 100009
9 654350059
9 787740709
9 100000009
9 764883659
9 100009
9 811398318
9 556645129
9 626154389
9 764891382
9 100000009
9 239207670
9 100009
9 273555239
9 100009
9 132751459
9 560402189
9 782045459
9 10009
9 100009
9 100009
9 616183079
9 468007947
9 582254925
9 829677972
9 100009
9 100009
9 100009
9 103230229
9 211575149
9 999680762
9 116546359
9 855140849
9 657074059
9 100000009
9 100009
9 435635429
9 100000009
9 269206391
9 1000009
9 100009
9 100009
9 100009
9 100009
9 475108449
9 10009
9 100009
9 657479859
9 100009
9 799967477
9 620258519
9 100000009
9 516241019
9 836561659
9 486674359
9 389323658
9 1000009
9 100009
9 100009
9 100009
9 100009
9 868750169
9 369025033
9 492436708
9 562529324
9 358343359
9 100009
9 421504869
9 965259700
9 270730259
9 100009
9 116362219
9 100009
9 515562849
9 100009
9 100009
9 323704029
9 100009
9 100009
9 545813309
9 929790074
9 100009
9 642818619
9 553773029
9 484718229
9 100009
9 669824100
9 723697667
9 100009
9 100000009
9 622357659
9 746906756
9 383907750
9 491179199
9 744816409
9 100009
9 100000009
9 100009
9 245761249
9 967344146
9 10009
9 1009
9 195516203
9 100009
9 834305539
9 988580523
9 373239754
9 10009
9 100009
9 828367279
9 644749083
9 196309595
9 328473419
9 100009
9 722389377
9 525043519
9 100000009
9 514641739
9 100009
9 807253119
9 654794081
9 641843209
9 204953865
9 100000009
9 100009
9 100009
9 274030289
9 136712349
9 883976278
9 100000009
9 511775629
9 386764049
9 297388384
9 100000009
9 100000009
9 234523094
9 132161359
9 100009
9 295446635
9 107206449
9 434126659
9 100009
9 156534092
9 100009
9 100000009
9 502083769
9 336518951
9 100000009
9 530794003
9 185211479
9 100009
9 176359701
9 423552829
9 515187986
9 130081439
9 100009
9 827336579
9 186803879
9 100000009
9 100009
9 100009
9 284743289
9 100009
9 574355239
9 100009
9 876229509
9 100009
9 100009
9 100000009
9 270061297
9 850580295
9 100000009
9 300033809
9 721076769
9 100000009
9 222131429
9 100009
9 100000009
9 100009
9 160242509
9 438831549
9 378034069
9 607332819
9 240508469
9 815126669
9 100009
9 543529613
9 810049879
9 449591566
9 100009
9 279110254
9 282496776
9 134391532
9 525679926
9 414264629
9 100009
9 208390985
9 833212529
9 977731044
9 520011093
9 100009
9 100009
9 100000009
9 100009
9 100000009
9 686264659
9 836259931
9 247570094
9 236054289
9 810854469
9 100009
9 740446902
9 744849727
9 100009
9 832291009
9 100009
9 100000009
9 100009
9 100000009
9 1000009
9 100000009
9 100000009
9 706439966
9 100009
9 755116390
9 182765839
9 580620539
9 467484849
9 10009
9 463171923
9 676031339
9 531979509
9 129668754
9 100000009
9 688879886
9 100009
9 273853589
9 100000009
9 432263039
9 100009
9 494072420
9 678893306
9 100000009
9 849565899
9 100009
9 100000009
9 799993743
9 100009
9 599195122
9 10009
9 541487219
9 100009
9 100009
9 999955071
9 718719796
9 704884609
9 100009
9 331786219
9 547795237
9 1000009
9 301853749
9 100009
9 400686923
9 527360359
9 100009
9 100009
9 10009
9 100009
9 746933933
9 718875029
9 10009
9 343700690
9 873846649
9 100009
9 112421429
9 100009
9 1009
9 911639728
9 116117269
9 100009
9 100009
9 236246769
9 950922019
9 422961524
9 346202639
9 100009
9 223210359
9 270434379
9 100009
9 100000009
9 366912052
9 316996688
9 167791573
9 100009
9 626855439
9 100000009
9 100009
9 720264429
9 617042329
9 801913753
9 651423192
9 654297658
9 561021229
9 837560149
9 100009
9 128612419
9 807438279
9 887181339
9 467341469
9 100009
9 277030029
9 100009
9 100000009
9 585507495
9 100009
9 100000009
9 953744088
9 728311069
9 869561732
9 691450418
9 439165635
9 100000009
9 558352419
9 729786397
9 514797830
9 100009
9 160333549
9 412721249
9 498159142
9 100009
9 100009
9 910790342
9 100009
9 405401729
9 233519366
9 127308819
9 100009
9 968861506
9 943912055
9 100009
9 944238662
9 252035979
9 162918159
9 118926543
9 980688316
9 936645713
9 154090091
9 100000009
9 100009
9 1000009
9 100009
9 100000009
9 809092957
9 749534407
9 250876209
9 122725096
9 100000009
9 100000009
9 100009
9 509256572
9 100000009
9 322604498
9 100009
9 397259430
9 840937399
9 193958674
9 100000009
9 100000009
9 100009
9 100009
9 169224390
9 100009
9 153672369
9 100009
9 100009
9 519564442
9 658085249
9 529241512
9 105477429
9 100009
9 100000009
9 100000009
9 10009
9 643060579
9 648499044
9 100009
9 100009
9 100009
9 100009
9 769007611
9 732818649
9 646225659
9 100000009
9 100009
9 777923688
9 395861000
9 922612750
9 143335429
9 100009
9 883240429
9 130724920
9 312809702
9 116582169
9 585721079
9 964286483
9 100009
9 943037117
9 10009
9 796868637
9 100009
9 838312369
9 480545439
9 530941065
9 534194014
9 601459406
9 266663849
9 439883846
9 771447749
9 100009
9 100009
9 100009
9 100009
9 100009
9 289014704
9 113398397
9 100009
9 100009
9 100009
9 100000009
9 554976363
9 574709758
9 675045889
9 683036549
9 100009
9 433263209
9 127623932
9 580113139
9 550436937
9 747162099
9 100009
9 399701267
9 950795973
9 287781619
9 726796728
9 649797795
9 530151649
9 100009
9 100000009
9 300367419
9 100000009
9 100009
9 902017100
9 326067191
9 101329125
9 298543092
9 100009
9 505124729
9 833956870
9 100009
9 178657609
9 638128911
9 258391260
9 100009
9 100009
9 546974149
9 778039563
9 10009
9 397493647
9 568024589
9 119684277
9 100009
9 122764294
9 100009
9 100000009
9 842614915
9 100000009
9 734313279
9 670492373
9 100009
9 100009
9 100009
9 100000009
9 100009
9 663469570
9 107495669
9 709566414
9 277568089
9 100009
9 100009
9 855405439
9 455225819
9 100000009
9 100000009
9 100000009
9 707137849
9 580434769
9 100009
9 712706934
9 100009
9 452290274
9 294422069
9 339317001
9 176541619
9 557819754
9 100000009
9 10009
9 765122209
9 100009
9 883208609
9 755960409
9 227258659
9 858076994
9 100000009
9 835742039
9 493186544
9 633140439
9 100009
9 257760449
9 767601709
9 502277449
9 100000009
9 100009
9 100009
9 100009
9 941324725
9 360301349
9 100009
9 896039061
9 100000009
9 207223919
9 545744292
9 100009
9 677710529
9 821310988
9 100009
9 103332619
9 100009
9 100000009
9 519566355
9 232683779
9 495983926
9 100009
9 344478918
9 100009
9 540683239
9 612402129
9 100000009
9 267661699
9 100009
9 113415609
9 100009
9 347732893
9 100009
9 945436161
9 100000009
9 499499713
9 13601639
9 940735045
9 984458692
9 817974050
9 100009
9 532906208
9 689389380
9 405882904
9 100000009
9 100000009
9 867627279
9 100009
9 306014029
9 100009
9 30380239
9 952642762
9 486518079
9 991147094
9 100009
9 100000009
9 100009
9 100000009
9 746593093
9 317541129
9 100009
9 545563639
9 100009
9 891107748
9 100009
9 840727659
9 891581577
9 664395321
9 287356039
9 100000009
9 379592917
9 233375139
9 401259696
9 100000009
9 637833469
9 100000009
9 100009
9 100009
9 216497674
9 159897478
9 867756529
9 159271964
9 100000009
9 292564486
9 332762539
9 309656842
9 805728259
9 100000009
9 475077279
9 895983844
9 487481329
9 356982389
9 433110769
9 100009
9 379320284
9 100009
9 947643928
9 759386774
9 100000009
9 934914827
9 100000009
9 100009
9 1009
9 100009
9 606746879
9 915267028
9 391654677
9 179654737
9 100009
9 242864659
9 225000059
9 100009
9 100000009
9 100009
9 503292949
9 976499135
9 981271810
9 456486309
9 526758039
9 234716459
9 10009
9 153258119
9 956827905
9 748926269
9 100000009
9 100000009
9 100000009
9 676876739
9 100009
9 633585009
9 681501259
9 100009
9 707227469
9 100009
9 945078813
9 100009
9 100009
9 349217750
9 646730966
9 100009
9 100009
9 259025069
9 391083419
9 311125569
9 100009
9 439200215
9 100009
9 100009
9 10009
9 100009
9 867318709
9 100009
9 951389620
9 899620992
9 100009
9 100009
9 190990980
9 168701159
9 893539083
9 358742329
9 798898299
9 999663914
9 597608372
9 928115767
9 100009
9 100009
9 848485089
9 421128972
9 398829806
9 334663479
9 465673889
9 908865266
9 440472689
9 242346869
9 100009
9 498858259
9 233993283
9 100009
9 979554927
9 100000009
9 100009
9 159791368
9 675277489
9 604892339
9 100000009
9 100009
9 676678469
9 749753114
9 100009
9 100009
9 100009
9 954156156
9 10009
9 100009
9 100009
9 554922100
9 100009
9 577583529
9 286774129
9 100009
9 785913100
9 100000009
9 515600849
9 570300389
9 679900340
9 817709692
9 100009
9 100009
9 100009
9 10009
9 581476419
9 846858549
9 169589407
9 666169484
9 100000009
9 100000009
9 965858197
9 100009
9 100009
9 195952601
9 100009
9 100009
9 621577692
9 100000009
9 100009
9 100009
9 289692686
9 100009
9 469672627
9 997547474
9 100000009
9 919501352
9 100000009
9 100009
9 137627965
9 100009
9 100000009
9 100009
9 795899250
9 435759591
9 100000009
9 10009
9 100000009
9 240586729
9 743527489
9 100009
9 100009
9 100009
9 633429357
9 100009
9 100000009
9 275683179
9 774821579
9 687634369
9 10009
9 100000009
9 100009
9 620898051
9 100009
9 119326270
9 100009
9 100000009
9 748830729
9 591243436
9 931364821
9 641867479
9 130005309
9 746130529
9 100000009
9 100009
9 791132919
9 100009
9 379010274
9 100009
9 336196637
9 100009
9 322999420
9 100009
9 100000009
9 499200715
9 680723429
9 100000009
9 100009
9 264704994
9 925814020
9 10009
9 100009
9 102500819
9 792564687
9 753229994
9 466957317
9 10009
9 370234619
9 320194064
9 100000009
9 805676829
9 391897454
9 450415649
9 695023995
9 100000009
9 112650879
9 137888369
9 820567739
9 874083279
9 100009
9 771354269
9 228211459
9 265497590
9 235889535
9 981256019
9 225724649
9 194066277
9 458308439
9 170584409
9 497706502
9 100000009
9 973748075
9 334619854
9 520668739
9 140372589
9 902859781
9 100009
9 641645998
9 246669505
9 100009
9 100009
9 876542987
9 737273789
9 100009
9 387597511
9 839528536
9 61572919
9 488700829
9 100009
9 100009
9 100000009
9 425208439
9 533627019
9 368289630
9 714316597
9 578540749
9 100000009
9 711736739
9 762804559
9 462182359
9 412880459
9 100009
9 786349739
9 100009
9 100009
9 810624639
9 100000009
9 966938728
9 100000009
9 100009
9 829567366
9 100009
9 867467719
9 100009
9 480056229
9 100000009
9 518224489
9 847521209
9 878234679
9 973011659
9 357489151
9 100009
9 823429797
9 917032204
9 532791640
9 100009
9 697299485
9 100009
9 114443719
9 926281798
9 341534694
9 726025693
9 339738041
9 100009
9 821112659
9 967398882
9 802729183
9 100000009
9 100009
9 100009
9 154593417
9 497820323
9 196070941
9 100000009
9 126017239
9 730090662
9 854202449
9 100009
9 895529342
9 708397189
9 392219354
9 824199643
9 662211439
9 589764496
9 100009
9 976291085
9 100009
9 476285089
9 100009
9 493264025
9 207389197
9 631489368
9 100009
9 100009
9 100009
9 702010891
9 141973275
9 976196817
9 14606059
9 356769902
9 435073090
9 974201937
9 918035686
9 658674369
9 100009
9 100009
9 571917384
9 100009
9 100009
9 166777339
9 954241379
9 100009
9 177909601
9 654876976
9 793518961
9 100009
9 885667479
9 224282159
9 100009
9 459044506
9 533393756
9 100009
9 950071804
9 763782499
9 489799964
9 705103779
9 100009
9 100009
9 160637369
9 519534728
9 100009
9 608267989
9 860842309
9 100009
9 110776369
9 100009
9 10009
9 100009
9 406218639
9 100009
9 100000009
9 100000009
9 100000009
9 100009
9 100009
9 812818719
9 100009
9 499783680
9 599310069
9 393309226
9 306200094
9 100009
9 793865055
9 100000009
9 764131089
9 100009
9 415702859
9 334522961
9 100009
9 474350469
9 100000009
9 605251559
9 100000009
9 100000009
9 146234719
9 920694997
9 396496141
9 351887519
9 523758049
9 100000009
9 100000009
9 803075859
9 435593196
9 100000009
9 258222679
9 835261829
9 413847719
9 444748192
9 961185357
9 100009
9 100000009
9 100009
9 100000009
9 100009
9 100000009
9 106603289
9 100000009
9 420530269
9 411094030
9 100009
9 862607947
9 730342059
9 100009
9 298084082
9 417994179
9 448649372
9 941161986
9 607553589
9 271505059
9 738754609
9 100000009
9 100009
9 512043829
9 100009
9 100000009
9 100009
9 818927250
9 963599977
9 100009
9 100000009
9 157716479
9 895479470
9 10009
9 100009
9 276138249
9 100000009
9 348069449
9 870479931
9 100000009
9 224388759
9 997175303
9 521208389
9 352165419
9 588355489
9 490836062
9 899360499
9 287839435
9 664763159
9 857134029
9 100009
9 642406509
9 100009
9 100000009
9 100009
9 100009
9 754972439
9 749962822
9 100009
9 187301509
9 462377389
9 100000009
9 100000009
9 342190129
9 537459338
9 10009
9 100000009
9 10009
9 100009
9 314514249
9 435522669
9 537668598
9 100009
9 133243719
9 100009
9 227824619
9 791700581
9 493089310
9 966584470
9 301661596
9 100009
9 100009
9 301468739
9 100009
9 100009
9 10009
9 100009
9 100000009
9 100000009
9 168038915
9 387858679
9 890110364
9 907998444
9 842619300
9 363066981
9 241035589
9 163111879
9 100009
9 314604579
9 100009
9 329296031
9 496068669
9 443274239
9 100009
9 956207351
9 100000009
9 191587541
9 100000009
9 454455509
9 100009
9 532200509
9 251426439
9 100009
9 940092880
9 100009
9 100009
9 582188059
9 467081589
9 100009
9 100009
9 100229323
9 100009
9 221791378
9 100000009
9 100000009
9 732366089
9 434444595
9 294814773
9 100000009
9 900482021
9 792892667
9 566467926
9 302342659
9 100000009
9 100009
9 978146812
9 746564029
9 153231059
9 304990096
9 124333289
9 149379461
9 100009
9 905908103
9 833917696
9 100000009
9 100009
9 100009
9 100009
9 100000009
9 100000009
9 385406359
9 10009
9 118527359
9 100009
9 100009
9 930738730
9 563084449
9 528824569
9 100009
9 701248969
9 611125079
9 821598532
9 100009
9 867996642
9 100000009
9 100009
9 889143751
9 172183798
9 100009
9 203765419
9 379167504
9 100009
9 138087249
9 714469823
9 233677559
9 100009
9 100009
9 946768918
9 100000009
9 100009
9 100000009
9 754837779
9 355655409
9 929116622
9 900345506
9 468405629
9 100009
9 100009
9 100009
9 100000009
9 734880529
9 154263509
9 100009
9 100009
9 100009
9 100009
9 100009
9 115317559
9 100009
9 538971286
9 935968408
9 492788456
9 100000009
9 855109467
9 637727309
9 10009
9 100009
9 100000009
9 100000009
9 515148219
9 100000009
9 202473059
9 964826012
9 154495126
9 10009
9 127127259
9 100009
9 598545761
9 850257489
9 391930514
9 247478619
9 301509718
9 939134461
9 173701292
9 100009
9 315171459
9 300934946
9 100000009
9 150278249
9 483049549
9 815574639
9 571240659
9 100000009
9 100009
9 135576970
9 232360759
9 354424869
9 100009
9 300217719
9 1009
9 100009
9 100009
9 589523746
9 682465589
9 100009
9 579101320
9 464676839
9 993825087
9 100000009
9 397870457
9 100009
9 842804191
9 100009
9 100000009
9 100000009
9 269793926
9 100009
9 100000009
9 1000009
9 100000009
9 800801849
9 415601159
9 100009
9 100000009
9 772127309
9 100009
9 126236679
9 100000009
9 858098045
9 437637029
9 473675994
9 695354563
9 524902812
9 100009
9 464851549
9 523321689
9 451198295
9 100009
9 100009
9 276667179
9 162851339
9 100009
9 385689015
9 100000009
9 659979997
9 100009
9 546491641
9 833117069
9 364074009
9 443693638
9 100009
9 928315679
9 100009
9 750541419
9 100000009
9 381447529
9 100000009
9 380556439
9 885180819
9 802899634
9 295093811
9 100000009
9 274012189
9 209301513
9 100000009
9 241474119
9 100009
9 260766349
9 100009
9 949480692
9 100009
9 977454808
9 100000009
9 318442949
9 623352709
9 745079047
9 507583970
9 327960957
9 100009
9 100009
9 100009
9 1009
9 100000009
9 522752239
9 284061569
9 100009
9 914556922
9 100000009
9 743108709
9 496613746
9 161089373
9 249763337
9 100009
9 340318920
9 636681930
9 948869957
9 484610379
9 588484709
9 292069857
9 291387179
9 100009
9 100000009
9 798887243
9 109
9 100009
9 933823956
9 890853639
9 100000009
9 744435839
9 100009
9 100009
9 733086769
9 100000009
9 100000009
9 279354020
9 100009
9 100009
9 865212719
9 100009
9 100000009
9 1000009
9 162336839
9 916175269
9 458636089
9 106145629
9 485761469
9 100009
9 188556389
9 100009
9 253397539
9 100009
9 417737369
9 100009
9 911215459
9 784328349
9 100009
9 105781939
9 803586913
9 476429306
9 482702449
9 337535961
9 629082983
9 100009
9 476935747
9 605532009
9 100000009
9 737583179
9 555016029
9 728193756
9 351315429
9 100009
9 100009
9 472522709
9 976524037
9 100000009
9 228920803
9 832415489
9 100000009
9 100009
9 189982999
9 476763794
9 146961811
9 386461659
9 839069035
9 463160409
9 308217829
9 802168209
9 903767571
9 100009
9 100009
9 966197637
9 519988478
9 100009
9 229208257
9 135928899
9 10009
9 232889667
9 100009
9 851288289
9 152059764
9 290202954
9 623446609
9 815452459
9 154861289
9 892721937
9 100009
9 100009
9 395832911
9 198886299
9 829171350
9 100009
9 391235454
9 734063259
9 315497847
9 100009
9 985811035
9 100009
9 238331249
9 358273889
9 100009
9 225976235
9 100000009
9 602631259
9 371041609
9 100009
9 100009
9 296817776
9 254716779
9 10009
9 682114795
9 785037009
9 100000009
9 100000009
9 100009
9 100000009
9 114828519
9 100009
9 990345837
9 100009
9 100000009
9 10009
9 100009
9 100009
9 615253209
9 314436589
9 578581369
9 100000009
9 233491483
9 100000009
9 483270489
9 100009
9 100000009
9 100009
9 100009
9 100009
9 100009
9 841498733
9 571727559
9 716930705
9 298122109
9 153010689
9 100009
9 831145569
9 627662769
9 583705429
9 846439507
9 135233899
9 392009060
9 959138214
9 100000009
9 845414189
9 838330039
9 410608990
9 100009
9 100009
9 685733889
9 250156209
9 10009
9 597051492
9 465947194
9 286928684
9 100009
9 536683943
9 100009
9 652525219
9 100009
9 50546079
9 835769449
9 100009
9 100009
9 246414089
9 100009
9 645341659
9 100009
9 291152020
9 100000009
9 467436119
9 10009
9 100000009
9 279646338
9 842916973
9 963538383
9 116054019
9 100009
9 543396881
9 100000009
9 100000009
9 791019427
9 942443725
9 593201514
9 696352218
9 100009
9 942203069
9 100009
9 100009
9 458421069
9 610832059
9 100000009
9 817779592
9 100009
9 571926235
9 168747902
9 100009
9 840362189
9 636525639
9 666044129
9 852191182
9 100009
9 677862149
9 100009
9 100009
9 100009
9 532983139
9 237001759
9 589882836
9 100000009
9 317842819
9 498085708
9 100009
9 393564418
9 543656359
9 360023549
9 100009
9 100000009
9 140017609
9 100009
9 897996142
9 100009
9 220309741
9 144170429
9 999675165
9 100000009
9 100009
9 712867929
9 726154559
9 100009
9 911813738
9 100009
9 100000009
9 189572029
9 131826839
9 100009
9 10009
9 543989581
9 923367341
9 100009
9 216152960
9 460094567
9 100000009
9 100009
9 100009
9 967306814
9 935948492
9 563022329
9 100009
9 914642357
9 100009
9 100009
9 992071955
9 464821149
9 282607869
9 370952312
9 732577529
9 100009
9 714510929
9 100009
9 316465889
9 874496508
9 100000009
9 100009
9 100009
9 366290227
9 165129353
9 471653919
9 633755269
9 100000009
9 100009
9 100000009
9 100009
9 100009
9 100000009
9 100009
9 100000009
9 565831294
9 1000009
9 10009
9 328890256
9 872847369
9 680532659
9 322111399
9 100009
9 978619876
9 100000009
9 484627179
9 100009
9 100009
9 100009
9 742913011
9 100000009
9 100000009
9 100009
9 100000009
9 100009
9 936089278
9 119752955
9 100009
9 196677311
9 344773039
9 469970726
9 100009
9 614424339
9 798221129
9 763794630
9 100000009
9 773604009
9 100009
9 608445494
9 100000009
9 858183629
9 391862256
9 594517285
9 653752189
9 816142090
9 343294246
9 740659895
9 100009
9 100009
9 702544069
9 976070786
9 475065179
9 514067393
9 100009
9 100009
9 100009
9 100000009
9 10009
9 889829960
9 601520519
9 259231131
9 507607395
9 617780598
9 788871339
9 738379594
9 100009
9 153920587
9 448645169
9 520408409
9 100000009
9 440634973
9 524087049
9 10009
9 100009
9 100009
9 100009
9 522534339
9 217617269
9 791809038
9 100000009
9 100009
9 185618619
9 678659813
9 196440536
9 925378507
9 211918614
9 100009
9 276831249
9 100009
9 100009
9 100009
9 114816059
9 844309816
9 844917538
9 691423213
9 100009
9 307181769
9 413080709
9 768630569
9 10009
9 100009
9 10009
9 265007179
9 100000009
9 100000009
9 100009
9 660873209
9 931242499
9 100000009
9 655880049
9 450306089
9 100000009
9 100009
9 468396676
9 100000009
9 913718857
9 875501829
9 737911626
9 100009
9 100009
9 381907260
9 10009
9 100000009
9 100009
9 100000009
9 100009
9 100009
9 564561479
9 379048676
9 459804811
9 100009
9 100009
9 100009
9 982040279
9 313531289
9 10009
9 100009
9 100009
9 100009
9 100000009
9 366479848
9 361700369
9 702524709
9 100009
9 100000009
9 637669777
9 100009
9 445337259
9 100009
9 100009
9 623952152
9 100009
9 409898392
9 238972758
9 100009
9 100000009
9 263351169
9 509082821
9 620478819
9 734501595
9 100009
9 100000009
9 966986259
9 100000009
9 389088388
9 647839517
9 100009
9 671743960
9 499449581
9 100009
9 100009
9 866553079
9 100009
9 664240439
9 366012009
9 725719863
9 100009
9 266137209
9 100009
9 100009
9 100009
9 100009
9 116671889
9 100009
9 820843269
9 797767684
9 869858527
9 491081415
9 552985630
9 924399115
9 884100629
9 565233639
9 100009
9 451951249
9 344226489
9 220160189
9 260177759
9 175093923
9 884841619
9 742947678
9 724896692
9 100000009
9 447081189
9 470634719
9 111663169
9 100009
9 100009
9 144716749
9 200784869
9 312484649
9 609128563
9 100009
9 390038016
9 318559293
9 821555962
9 276325739
9 100009
9 665596495
9 337603495
9 100009
9 100009
9 411479315
9 100000009
9 100009
9 327952886
9 10009
9 100000009
9 10009
9 100009
9 701197719
9 100009
9 400405389
9 770034549
9 883315983
9 100009
9 815235159
9 239103046
9 100000009
9 786483409
9 414402869
9 100009
9 703080955
9 284838649
9 466031529
9 100009
9 138791935
9 565626429
9 148342039
9 525028293
9 529332328
9 100009
9 100009
9 100009
9 155457319
9 769906830
9 886177329
9 100009
9 100009
9 790589600
9 991784835
9 607736139
9 100009
9 100009
9 100009
9 152709288
9 100009
9 100009
9 260426956
9 505696893
9 100009
9 325630689
9 609618851
9 10009
9 954769263
9 100009
9 465358619
9 448032059
9 100000009
9 10009
9 1000009
9 583645649
9 737968175
9 100000009
9 895470712
9 100009
9 594321048
9 100000009
9 100009
9 100009
9 942533853
9 579745154
9 593869667
9 318772289
9 558160935
9 630639850
9 100009
9 100000009
9 220834669
9 228359738
9 900448940
9 571961492
9 916834042
9 390944840
9 456610960
9 913375643
9 100009
9 132054189
9 100009
9 100009
9 10009
9 1000009
9 910443972
9 545377695
9 338124149
9 978581464
9 268534369
9 511414649
9 410734609
9 846249832
9 100009
9 739830391
9 100009
9 432893148
9 577031459
9 331222719
9 995894190
9 178620759
9 100000009
9 610092263
9 331858694
9 100000009
9 100009
9 100000009
9 139717358
9 269097310
9 100009
9 100000009
9 605138439
9 860038529
9 578000859
9 100009
9 194893246
9 100009
9 728391807
9 100009
9 908186039
9 732338709
9 100009
9 838998859
9 604985210
9 834206349
9 100009
9 100009
9 221243879
9 100009
9 100009
9 945284497
9 182247659
9 779999530
9 245475149
9 100009
9 668732539
9 755296301
9 100009
9 229962737
9 100009
9 923471515
9 100000009
9 292392314
9 238925783
9 100000009
9 675894726
9 787752059
9 100009
9 100000009
9 100009
9 360292236
9 100009
9 100009
9 702327059
9 810499941
9 100000009
9 100009
9 100009
9 100009
9 981647111
9 100009
9 224733489
9 100009
9 100000009
9 100009
9 500399100
9 812651918
9 122442409
9 878658009
9 149970845
9 127222149
9 100009
9 113351149
9 100000009
9 100009
9 210035659
9 100009
9 106274179
9 425691081
9 493565154
9 255014907
9 100009
9 230161359
9 100009
9 732084095
9 100009
9 1009
9 615369316
9 100009
9 782482295
9 906574821
9 100009
9 491816006
9 100009
9 715244694
9 100009
9 402835379
9 904782768
9 100009
9 10009
9 339367249
9 100009
9 985994098
9 656331759
9 100009
9 100000009
9 195006831
9 626055319
9 100009
9 660467907
9 808421769
9 194384410
9 100000009
9 10009
9 443765559
9 579807275
9 547288209
9 537849678
9 749754996
9 781000509
9 100000009
9 535490162
9 290575797
9 530198150
9 100009
9 677938763
9 273716269
9 100000009
9 903016925
9 100009
9 178356679
9 100009
9 825620279
9 100009
9 322743349
9 374362349
9 100009
9 100009
9 234605489
9 100009
9 100009
9 571817579
9 100000009
9 100000009
9 100009
9 100000009
9 100009
9 409261085
9 100009
9 10009
9 204175869
9 214629408
9 100009
9 100000009
9 395432519
9 326543579
9 100000009
9 906530312
9 574647559
9 100009
9 753909759
9 577055109
9 145203989
9 100000009
9 100009
9 657400319
9 931451446
9 100009
9 788721339
9 862112649
9 993488951
9 315693950
9 806622090
9 916931564
9 662999188
9 100000009
9 147261879
9 739634933
9 100009
9 100009
9 100009
9 100009
9 100009
9 950588275
9 947327818
9 100009
9 100009
9 132524219
9 100000009
9 641235669
9 100009
9 226574219
9 100009
9 100009
9 110550279
9 100009
9 100000009
9 100009
9 804658129
9 100000009
9 921558723
9 100009
9 179978261
9 202177089
9 992755236
9 404734119
9 128118199
9 391439055
9 100009
9 790099780
9 613488659
9 603999343
9 959207673
9 830802829
9 100009
9 100009
9 665283549
9 928476766
9 10000009
9 59352929
9 938818626
9 100009
9 100000009
9 743759043
9 594467673
9 100000009
9 100009
9 100000009
9 957199702
9 913199680
9 100000009
9 976730697
9 376668819
9 100009
9 899838370
9 1009
9 789158688
9 100000009
9 100009
9 100000009
9 100000009
9 863442789
9 100009
9 100009
9 100000009
9 100000009
9 784116159
9 116598875
9 587199368
9 421840691
9 100009
9 813080497
9 586823749
9 914419920
9 100000009
9 121692708
9 100000009
9 685024309
9 381632149
9 100000009
9 115877529
9 100000009
9 336274899
9 254306439
9 100009
9 100009
9 744762269
9 598962689
9 779141410
9 100000009
9 100009
9 100009
9 100009
9 100000009
9 100009
9 129074543
9 100009
9 181947704
9 839813047
9 219202230
9 223253719
9 280510999
9 100000009
9 516596633
9 601930507
9 100009
9 100009
9 446942487
9 100000009
9 902959358
9 644655096
9 100000009
9 436902738
9 520563094
9 100009
9 100000009
9 100009
9 100000009
9 754980593
9 925028867
9 100000009
9 205298257
9 100009
9 100000009
9 100000009
9 145938691
9 939836462
9 115620769
9 100009
9 100009
9 877663792
9 100009
9 100009
9 128506975
9 100009
9 466092866
9 799005893
9 100009
9 100009
9 367222991
9 964426163
9 756369255
9 840347494
9 100009
9 100009
9 895683038
9 100009
9 367409761
9 100000009
9 559136287
9 100009
9 100009
9 905403002
9 790957849
9 100009
9 281098086
9 248076933
9 493647138
9 625083609
9 250814079
9 495441863
9 352032639
9 100009
9 262611829
9 10105369
9 146887279
9 723493273
9 671623309
9 100009
9 100000009
9 952373381
9 893392268
9 1009
9 100009
9 761954624
9 240677569
9 100009
9 100009
9 148194184
9 10009
9 100009
9 707436629
9 40269585
9 100009
9 100009
9 100000009
9 671075289
9 251410964
9 84666089
9 191694966
9 100000009
9 808863879
9 619144743
9 100009
9 409017749
9 862342229
9 146096443
9 100000009
9 580524119
9 100009
9 640404249
9 153381439
9 599684535
9 149543316
9 239134939
9 784505977
9 963171165
9 100009
9 100009
9 100009
9 100000009
9 100000009
9 112071219
9 100009
9 633241559
9 835264589
9 100000009
9 622069611
9 1000009
9 100009
9 100009
9 681650659
9 927833560
9 191639579
9 100009
9 301121109
9 489236526
9 104582409
9 100009
9 633449547
9 100009
9 100009
9 1009
9 682848893
9 578710309
9 540865898
9 329562712
9 973013260
9 551967780
9 770234913
9 100009
9 100009
9 910229322
9 100009
9 100009
9 864245749
9 100000009
9 100009
9 538649071
9 468178349
9 204017839
9 129107538
9 784707698
9 100009
9 431104329
9 915771210
9 177171639
9 432236937
9 926652408
9 231906631
9 100009
9 259533108
9 278038919
9 571059259
9 780841709
9 100009
9 960805785
9 911502262
9 100009
9 437018039
9 613071589
9 100000009
9 226460849
9 552962487
9 10009
9 100009
9 100009
9 100009
9 544059528
9 100000009
9 383706639
9 10009
9 358951958
9 294862673
9 206848079
9 100009
9 100009
9 100000009
9 100009
9 549201030
9 100009
9 318137779
9 100009
9 100000009
9 150301559
9 100000009
9 10009
9 100009
9 135634209
9 623327639
9 372494032
9 935764163
9 622912277
9 594207711
9 289207768
9 940338359
9 10009
9 100000009
9 100009
9 157843923
9 100009
9 310050098
9 967851218
9 481704209
9 100009
9 738759852
9 521935645
9 100009
9 679196851
9 100009
9 220605469
9 136655769
9 100009
9 918482281
9 657062689
9 100009
9 100009
9 100009
9 540837179
9 100000009
9 591164511
9 770562619
9 100009
9 961780530
9 100009
9 650491471
9 100000009
9 100000009
9 709264857
9 294400147
9 194721006
9 414391369
9 318502369
9 678780879
9 100000009
9 100009
9 255544639
9 10009
9 345799954
9 613980830
9 918933638
9 378616219
9 187900329
9 622642329
9 958084359
9 100009
9 658669140
9 100000009
9 899064234
9 709426445
9 100000009
9 523904845
9 992026791
9 652559287
9 923993842
9 100000009
9 311430089
9 786635119
9 10009
9 100009
9 100009
9 100000009
9 156200961
9 100009
9 992717228
9 945929085
9 100000009
9 100009
9 100009
9 922404906
9 100000009
9 335758439
9 100009
9 10009
9 928283499
9 633196472
9 511831739
9 100000009
9 264880749
9 710998375
9 732805309
9 534599753
9 100009
9 100009
9 100000009
9 866871599
9 396510809
9 757209636
9 100009
9 537754109
9 100009
9 100009
9 100000009
9 100009
9 100009
9 561297141
9 100009
9 658816189
9 100000009
9 139395394
9 663138219
9 112406349
9 100000009
9 699965379
9 775601649
9 100000009
9 688821079
9 100000009
9 926662640
9 100009
9 690214612
9 100009
9 186331839
9 100009
9 100000009
9 438853839
9 100009
9 100000009
9 681774129
9 726377119
9 100009
9 762356879
9 107394102
9 293146423
9 620328279
9 848141912
9 641839824
9 901731529
9 648774239
9 100009
9 322120189
9 638266197
9 100009
9 218731629
9 100009
9 100009
9 100009
9 463036459
9 225147229
9 660449980
9 948752487
9 100009
9 458216479
9 264879526
9 100009
9 885206809
9 694026623
9 578771249
9 619168613
9 857533809
9 571637469
9 100009
9 100009
9 1000009
9 267144469
9 100009
9 100009
9 100009
9 756129131
9 492108886
9 110443019
9 813355139
9 721258970
9 100009
9 100009
9 570224209
9 595145008
9 574668859
9 197264066
9 941353026
9 352836459
9 100009
9 100009
9 100009
9 907441255
9 100009
9 100009
9 100009
9 10009
9 882164619
9 586169360
9 100009
9 100009
9 100000009
9 516111968
9 797657417
9 131003489
9 100009
9 100009
9 100009
9 100009
9 100000009
9 10009
9 10009
9 100009
9 810825996
9 100000009
9 405881109
9 585147429
9 921301788
9 342922508
9 100009
9 100009
9 100009
9 734580839
9 658272980
9 100009
9 340779420
9 236552519
9 100009
9 949027150
9 100009
9 363207791
9 100009
9 100009
9 118061789
9 100009
9 100009
9 918888755
9 404099740
9 765587329
9 100000009
9 934769148
9 100000009
9 100009
9 100000009
9 961806170
9 934278177
9 817993534
9 113931341
9 100000009
9 787889713
9 820379923
9 712575929
9 1000009
9 802196093
9 100000009
9 435117529
9 769301954
9 100009
9 555784489
9 898280228
9 435114039
9 725587719
9 100009
9 840346589
9 100000009
9 100000009
9 834258739
9 1000009
9 147139162
9 584774549
9 490165513
9 347169678
9 100000009
9 675368849
9 335753179
9 124713279
9 595068109
9 440259012
9 946179600
9 446796784
9 473395849
9 200355869
9 100009
9 766047629
9 361853936
9 100000009
9 100000009
9 751663490
9 819448467
9 100009
9 194796595
9 228230109
9 100009
9 1000009
9 373038696
9 100009
9 100009
9 185429926
9 100009
9 204469790
9 100009
9 100009
9 1000009
9 167174089
9 154253509
9 591274740
9 130049014
9 100009
9 572398508
9 972276340
9 228029376
9 273682039
9 100000009
9 100009
9 100009
9 100009
9 100009
9 100009
9 704389116
9 729259391
9 195052034
9 208036089
9 553456039
9 100009
9 100009
9 100009
9 100009
9 586292978
9 100000009
9 471636709
9 10009
9 100009
9 100000009
9 100009
9 100000009
9 304778199
9 100000009
9 643340569
9 682100219
9 610542669
9 100000009
9 412949073
9 364613709
9 10009
9 100009
9 397179169
9 786943611
9 982508669
9 864990180
9 198006556
9 100009
9 114520729
9 100000009
9 760107179
9 100000009
9 883702439
9 100000009
9 100000009
9 853134189
9 717079647
9 172250679
9 100009
9 100009
9 576113933
9 119571703
9 100009
9 335950209
9 927385291
9 241886739
9 446720759
9 748860339
9 100000009
9 100009
9 685592188
9 400938423
9 836929430
9 142030269
9 100009
9 100009
9 626896568
9 781048219
9 100000009
9 114387039
9 139726670
9 100009
9 283583329
9 100009
9 971560212
9 100009
9 516151839
9 100000009
9 100009
9 100009
9 618434459
9 100000009
9 100000009
9 364013159
9 559096060
9 100000009
9 10009
9 233953322
9 128617009
9 254952037
9 705521879
9 100009
9 792411434
9 157376439
9 973525677
9 10009
9 592403892
9 100000009
9 789247777
9 656845912
9 416306509
9 100009
9 645242129
9 970120115
9 10009
9 100000009
9 366351957
9 100009
9 191628301
9 551832159
9 100009
9 681172983
9 845489437
9 100009
9 100009
9 936939774
9 100000009
9 769311212
9 100000009
9 903516753
9 100000009
9 771503789
9 183499609
9 622915585
9 876145954
9 100009
9 120237609
9 152601679
9 100009
9 342318189
9 297204684
9 838457290
9 805076049
9 100009
9 100009
9 754355039
9 896272549
9 100009
9 433791887
9 10009
9 100009
9 10009
9 911964141
9 853544849
9 900942830
9 100009
9 960517813
9 754565759
9 937868555
9 168290285
9 613860891
9 128988202
9 737031039
9 100009
9 1009
9 285759785
9 217803981
9 100009
9 997215329
9 100009
9 100009
9 457488109
9 100009
9 10009
9 243131659
9 100000009
9 100009
9 100009
9 100009
9 100009
9 616580291
9 750495031
9 100000009
9 742745952
9 821263149
9 162430559
9 544730189
9 100009
9 909936789
9 597278144
9 100009
9 100009
9 543493381
9 880886990
9 201292472
9 981863344
9 330670769
9 100000009
9 100009
9 100009
9 100009
9 100009
9 51081149
9 100009
9 1000009
9 100009
9 624493549
9 100009
9 100000009
9 100000009
9 100000009
9 895923794
9 100009
9 10009
9 766237659
9 789332405
9 100000009
9 416902427
9 556990654
9 100009
9 100009
9 346852195
9 100009
9 844829120
9 302956743
9 922120543
9 698779365
9 100009
9 100009
9 831475209
9 720316809
9 452749729
9 801168569
9 796116230
9 100000009
9 267340249
9 100009
9 394619395
9 729966061
9 989880727
9 10009
9 992239479
9 219347898
9 100009
9 100000009
9 100000009
9 100000009
9 139761559
9 100009
9 468455879
9 351184099
9 100009
9 100009
9 634495694
9 100009
9 100000009
9 876136469
9 100009
9 132662769
9 217131986
9 463650239
9 111259063
9 918674651
9 642008409
9 100000009
9 10009
9 100009
9 100009
9 342300549
9 100009
9 100000009
9 178961307
9 368374249
9 150868439
9 100000009
9 391015458
9 100009
9 100000009
9 194525419
9 100009
9 100009
9 364338109
9 100009
9 369547947
9 507876679
9 100000009
9 100009
9 135243091
9 998479454
9 100009
9 100009
9 100009
9 678182029
9 100009
9 100009
9 100009
9 100000009
9 10009
9 163994799
9 100009
9 100009
9 379189259
9 450161359
9 659310310
9 137071849
9 100000009
9 100009
9 100009
9 651159792
9 100009
9 202421049
9 550148639
9 234456196
9 100009
9 177125169
9 100009
9 891378269
9 100009
9 980948500
9 100009
9 262214329
9 689038248
9 993645200
9 100009
9 286203549
9 100009
9 160330509
9 943720558
9 100009
9 619770877
9 10009
9 100009
9 672984013
9 951037871
9 100000009
9 10009
9 249398109
9 100009
9 947794080
9 407298242
9 439156395
9 854651789
9 872178159
9 632774209
9 465610669
9 657465679
9 222243589
9 165024079
9 100009
9 332991149
9 452961318
9 565252749
9 868522769
9 798130231
9 417982879
9 925065127
9 100009
9 849987413
9 487433954
9 162679258
9 852507059
9 852833689
9 888970841
9 870423869
9 100009
9 607232498
9 100009
9 995070141
9 100009
9 100009
9 643358049
9 824368369
9 100000009
9 325559506
9 576849921
9 903171986
9 700571159
9 10000009
9 474458921
9 100000009
9 10009
9 254263819
9 100009
9 471911102
9 601839982
9 288604905
9 100009
9 100009
9 236046419
9 100009
9 100009
9 100000009
9 925642455
9 585609215
9 100009
9 100000009
9 234752719
9 100009
9 946849792
9 429438099
9 533641049
9 710967403
9 126048159
9 100000009
9 541744229
9 263127889
9 631726429
9 158326598
9 249694903
9 418452839
9 743338569
9 100009
9 383954206
9 412319098
9 100009
9 415016859
9 100009
9 911971307
9 12256879
9 653811889
9 100009
9 543612938
9 989227600
9 661534669
9 284644179
9 100009
9 100000009
9 100009
9 323958121
9 100009
9 615194330
9 100000009
9 268669306
9 100000009
9 465672945
9 744149321
9 100009
9 959514289
9 100009
9 504722109
9 100000009
9 357396749
9 582076359
9 145920345
9 100000009
9 100000009
9 273170779
9 100009
9 424849244
9 193017711
9 850888891
9 100000009
9 100009
9 883535489
9 100009
9 100009
9 608300309
9 347438039
9 260329169
9 734705289
9 248410596
9 881962600
9 100009
9 402136879
9 477762629
9 754455859
9 961846185
9 758867189
9 715408039
9 119856826
9 163548319
9 306113139
9 100009
9 636674229
9 100009
9 100009
9 10009
9 100009
9 136492618
9 100009
9 100009
9 100009
9 434023359
9 695238640
9 59744874
9 100009
9 147485169
9 358567059
9 100009
9 575643149
9 134434509
9 913771773
9 795091707
9 947573156
9 204696457
9 100009
9 701690824
9 709290130
9 757535940
9 207557409
9 559388443
9 100009
9 818286659
9 167299514
9 100009
9 914495669
9 450149385
9 100009
9 465355089
9 752094193
9 145424619
9 100000009
9 100000009
9 100009
9 100000009
9 100000009
9 100000009
9 551146629
9 755499984
9 100009
9 100009
9 100009
9 541641129
9 100009
9 662708449
9 100009
9 566656369
9 100009
9 386626189
9 100009
9 10000009
9 227458869
9 577033739
9 718786779
9 829248554
9 963186437
9 130415209
9 392007938
9 100009
9 100000009
9 412846949
9 100009
9 375019412
9 929138492
9 957468743
9 483912910
9 100009
9 100000009
9 840725709
9 100000009
9 100000009
9 100009
9 900541545
9 531200907
9 770474793
9 100009
9 839311548
9 100009
9 100009
9 838085901
9 100009
9 844866069
9 185658679
9 976395087
9 746083889
9 100000009
9 217858179
9 693216144
9 729286882
9 668785809
9 456507809
9 100009
9 241103904
9 235022089
9 897421591
9 100009
9 100009
9 511264961
9 196032275
9 859431021
9 994676033
9 643899170
9 574851719
9 957355958
9 894910072
9 100000009
9 597287330
9 990497626
9 100009
9 730284679
9 100009
9 139723569
9 762065039
9 100009
9 238792658
9 289933768
9 176372494
9 10009
9 231917168
9 320041769
9 375882739
9 10009
9 782386029
9 640617829
9 100009
9 298650189
9 100009
9 243117599
9 100000009
9 687035029
9 100009
9 10009
9 989356236
9 852231559
9 100000009
9 100009
9 889230137
9 100009
9 766672859
9 100009
9 100009
9 100000009
9 100009
9 100000009
9 100009
9 100009
9 100000009
9 100009
9 975684988
9 439636527
9 743867449
9 290451598
9 544746489
9 508793056
9 10009
9 639187629
9 726623609
9 735383219
9 100009
9 100000009
9 100009
9 875275091
9 394430075
9 100009
9 286299021
9 100009
9 381986958
9 100000009
9 577342269
9 100009
9 100000009
9 955366112
9 777808019
9 10009
9 100000009
9 473896007
9 945976251
9 100009
9 971925780
9 465127739
9 100009
9 100009
9 100009
9 100009
9 662704950
9 100009
9 222948520
9 24202789
9 553092667
9 945803005
9 100009
9 850230339
9 100000009
9 565439363
9 613414609
9 790491963
9 440884649
9 713650519
9 363339444
9 100000009
9 318924170
9 100009
9 244604293
9 100009
9 100000009
9 754364339
9 170561039
9 100009
9 100009
9 100009
9 100000009
9 874866693
9 839811232
9 755828689
9 532552029
9 496726109
9 737633679
9 545860947
9 757393967
9 447789217
9 100009
9 118360359
9 568988243
9 100000009
9 100009
9 100009
9 168488609
9 752665419
9 100009
9 698492909
9 777488779
9 938838322
9 822988042
9 284822179
9 693432946
9 10009
9 10009
9 103093695
9 941260130
9 100009
9 940408086
9 100009
9 100009
9 100000009
9 484566795
9 100000009
9 100009
9 100009
9 100009
9 100009
9 702963675
9 474099448
9 100000009
9 100009
9 971552104
9 10009
9 100009
9 662203539
9 741854899
9 797800587
9 764350749
9 100000009
9 123033329
9 204859796
9 591213720
9 777037179
9 465584987
9 400144319
9 100009
9 100009
9 100009
9 456659495
9 993157184
9 280174089
9 128622859
9 280802069
9 100009
9 10009
9 953373286
9 342257839
9 100000009
9 115052189
9 382240109
9 232571059
9 100009
9 100000009
9 193101110
9 576129898
9 100009
9 100009
9 799912228
9 407838419
9 100009
9 150289014
9 961499899
9 616069807
9 10009
9 797008801
9 563577995
9 429365924
9 100000009
9 100009
9 100000009
9 883484947
9 100009
9 100000009
9 100000009
9 103073749
9 100000009
9 100000009
9 704348945
9 773513059
9 100009
9 100000009
9 100009
9 173530109
9 158454709
9 1000009
9 100009
9 100009
9 100009
9 100000009
9 100009
9 294074397
9 927737076
9 100009
9 883109586
9 973021804
9 630571390
9 928940235
9 100009
9 687523209
9 100000009
9 100009
9 961094604
9 36816897
9 370659107
9 284371859
9 361806559
9 100000009
9 100000009
9 100000009
9 100009
9 100009
9 100009
9 953368030
9 100009
9 204957686
9 970764453
9 100000009
9 100009
9 668705695
9 637655941
9 540301489
9 10009
9 341005339
9 779165283
9 767812149
9 899987714
9 949428843
9 100000009
9 100009
9 10009
9 100009
9 357676649
9 211130479
9 100009
9 210051729
9 167318209
9 397764750
9 100009
9 283934980
9 100009
9 100000009
9 330753690
9 100009
9 145956094
9 246493910
9 100009
9 100009
9 1000009
9 291194209
9 100009
9 100009
9 834447509
9 817618579
9 312659224
9 100009
9 945285782
9 418617409
9 100009
9 631653729
9 989606068
9 475426539
9 984879402
9 316768908
9 100009
9 10009
9 778053849
9 601003089
9 100009
9 100000009
9 10009
9 863959063
9 280811296
9 103612459
9 100000009
9 193732240
9 779099961
9 100009
9 100000009
9 100009
9 1000009
9 100009
9 100009
9 100000009
9 100009
9 100009
9 100009
9 293905557
9 289025367
9 100000009
9 277223898
9 100009
9 100000009
9 100000009
9 223154769
9 260506339
9 127698271
9 100009
9 625820269
9 100000009
9 119535452
9 472507839
9 392480392
9 619712423
9 264382719
9 197802920
9 316873938
9 100009
9 584956446
9 226484379
9 100000009
9 613921389
9 706495229
9 174560859
9 231016961
9 100000009
9 100000009
9 100000009
9 698935741
9 684354219
9 645026219
9 100009
9 100009
9 790919472
9 100009
9 1000009
9 100009
9 898029754
9 10009
9 100009
9 256259198
9 940391184
9 100009
9 812219223
9 402286109
9 849529424
9 100009
9 708335519
9 100009
9 100009
9 207669625
9 100009
9 100009
9 598413836
9 940335531
9 639516586
9 930562105
9 100000009
9 100000009
9 276708209
9 403874349
9 100009
9 100009
9 815771359
9 100000009
9 254891347
9 464689599
9 100009
9 500851059
9 460736749
9 100009
9 100009
9 100773739
9 100009
9 313199513
9 574770985
9 792613261
9 100000009
9 100009
9 100000009
9 887562269
9 100000009
9 100000009
9 419721405
9 100009
9 100009
9 243024759
9 294008624
9 10009
9 100009
9 888576849
9 618045029
9 812212569
9 100009
9 100009
9 987290872
9 130756396
9 698574912
9 334613490
9 10009
9 375147869
9 100009
9 100009
9 842673049
9 429674087
9 100009
9 10009
9 100009
9 239114397
9 112453829
9 100009
9 425672039
9 402842429
9 140346209
9 100000009
9 680107592
9 286335497
9 100009
9 469548305
9 100009
9 100009
9 633844579
9 347355019
9 286063329
9 905053358
9 805583719
9 100000009
9 578691269
9 100009
9 100000009
9 469970195
9 385153839
9 100000009
9 100009
9 367303329
9 100009
9 100009
9 613865933
9 100000009
9 334713129
9 396835977
9 100009
9 942236127
9 100009
9 100009
9 212757589
9 100009
9 945173760
9 870066679
9 100009
9 201282049
9 382155559
9 179113697
9 100009
9 934996148
9 153018259
9 100009
9 794804000
9 397969339
9 100000009
9 834785936
9 307645399
9 100009
9 468165912
9 123989546
9 954932023
9 552544189
9 100000009
9 356790065
9 812985213
9 363004249
9 100009
9 515762529
9 329121860
9 100009
9 669707268
9 214883889
9 100009
9 10009
9 424354059
9 470454619
9 635487729
9 78741249
9 514167944
9 428847579
9 1000009
9 100009
9 450726289
9 100009
9 338922415
9 100000009
9 444991021
9 398165633
9 100009
9 142965673
9 594269302
9 467933302
9 959523977
9 488646709
9 721188749
9 894350061
9 100009
9 490989076
9 100000009
9 522504829
9 876880759
9 682744309
9 100009
9 684614889
9 952250812
9 752153059
9 100009
9 251114996
9 526919614
9 152792013
9 100009
9 100009
9 113510509
9 100009
9 281747159
9 100009
9 100000009
9 100009
9 632088960
9 100009
9 422565489
9 545736139
9 820352979
9 613817729
9 276055709
9 217088639
9 628503209
9 142060269
9 739932915
9 254448719
9 216261069
9 852493985
9 855461519
9 444791948
9 100009
9 100009
9 100000009
9 100009
9 898736075
9 849455376
9 327890406
9 100009
9 100000009
9 100009
9 183307479
9 10009
9 520747089
9 100009
9 100009
9 265389454
9 196365826
9 316594984
9 1009
9 992385187
9 671222907
9 100000009
9 760920058
9 100009
9 383685295
9 772429727
9 316772479
9 229151037
9 100000009
9 517546669
9 100009
9 560488359
9 887020489
9 100009
9 100009
9 100009
9 668101496
9 640344249
9 100000009
9 100009
9 959670882
9 815453159
9 580365629
9 869029791
9 346574819
9 734134449
9 824633259
9 100000009
9 263248879
9 347299050
9 468189411
9 575035869
9 670107905
9 100000009
9 463744809
9 306936944
9 100009
9 805462959
9 100009
9 100009
9 100000009
9 197477142
9 100009
9 364747779
9 561185179
9 309463562
9 338786309
9 658367229
9 100009
9 824607639
9 100000009
9 998292629
9 100000009
9 939211885
9 255035219
9 193174387
9 467423494
9 181874819
9 639029803
9 198669082
9 446736509
9 949819680
9 947736641
9 210425179
9 100009
9 100009
9 840105094
9 100009
9 100009
9 289446960
9 145951498
9 10009
9 100009
9 100009
9 122879205
9 100000009
9 185545069
9 100009
9 262356569
9 100000009
9 100009
9 100009
9 100009
9 209274496
9 100009
9 604142639
9 668923674
9 100009
9 10009
9 708355859
9 10009
9 100009
9 465418759
9 100000009
9 172850859
9 100009
9 700146109
9 475364869
9 100009
9 659980868
9 981108853
9 711724809
9 401045912
9 997829417
9 100009
9 732265409
9 329821093
9 499937718
9 100009
9 249518023
9 885833169
9 100009
9 243755093
9 463614519
9 100009
9 476600039
9 122746249
9 814818389
9 100009
9 912457811
9 303765279
9 837626779
9 100000009
9 454945178
9 693239428
9 819706912
9 738699169
9 731418749
9 678423659
9 100009
9 100009
9 224502829
9 100000009
9 100000009
9 100009
9 106005569
9 648547089
9 295876987
9 100009
9 387795403
9 100000009
9 100000009
9 100009
9 514383709
9 100000009
9 390925163
9 715643139
9 939280930
9 653962327
9 100009
9 100009
9 10009
9 314968736
9 770361779
9 715852479
9 100000009
9 662087449
9 833147469
9 838967720
9 253687459
9 100009
9 100009
9 278101219
9 577248079
9 10009
9 100009
9 977727202
9 232874196
9 100009
9 785137191
9 413779048
9 390919528
9 855517409
9 169917638
9 501227759
9 210606109
9 10009
9 591254700
9 150018709
9 100009
9 100000009
9 588061169
9 100009
9 888396413
9 100000009
9 100009
9 100009
9 774549003
9 100000009
9 218376289
9 100009
9 10009
9 721683409
9 100000009
9 100009
9 360122549
9 230888449
9 833785309
9 100009
9 510199002
9 511852129
9 100009
9 266874549
9 582150619
9 100009
9 432087389
9 754666239
9 10009
9 128438409
9 528691499
9 444236973
9 100000009
9 521075938
9 100000009
9 100000009
9 100009
9 663400959
9 334322619
9 718397922
9 801427049
9 867399877
9 661010529
9 506029984
9 880522983
9 263064589
9 396485265
9 384643709
9 100009
9 672163049
9 100009
9 891758984
9 100000009
9 100009
9 679442048
9 853680219
9 913130587
9 490452183
9 100009
9 100009
9 100009
9 100009
9 486072399
9 217294216
9 523709948
9 518733797
9 100009
9 615191407
9 100009
9 100000009
9 348926917
9 465571719
9 129744756
9 565418569
9 111352829
9 1000009
9 100000009
9 196876982
9 100009
9 176594817
9 544010509
9 10000009
9 208576519
9 180802972
9 100009
9 640611990
9 278173905
9 894323977
9 580347219
9 10009
9 100009
9 220667569
9 417370149
9 145829517
9 382311619
9 744478059
9 10009
9 100000009
9 250171759
9 100000009
9 100009
9 335074789
9 767187589
9 100009
9 940543412
9 489982259
9 572038439
9 442148029
9 453509113
9 100009
9 452046129
9 807065249
9 918009770
9 100009
9 100009
9 409497076
9 684323179
9 100000009
9 594365541
9 100009
9 100009
9 570398949
9 100009
9 10009
9 873513489
9 556209452
9 624416879
9 279925495
9 807295164
9 100000009
9 719179961
9 106851239
9 10009
9 560867649
9 100009
9 208950304
9 181708829
9 668696331
9 466818749
9 118175319
9 120131290
9 701170149
9 843812579
9 327391051
9 100009
9 434420189
9 936451675
9 100009
9 100009
9 351694043
9 100009
9 835692347
9 982991738
9 100009
9 100009
9 100009
9 766347179
9 100009
9 360925289
9 360403629
9 971140506
9 100009
9 438609592
9 100009
9 100009
9 364861109
9 100009
9 779840826
9 315130079
9 1000009
9 100000009
9 487282169
9 100000009
9 100009
9 474135189
9 190216705
9 100000009
9 532605889
9 100009
9 383253059
9 886066292
9 991165249
9 209073658
9 100009
9 100009
9 100000009
9 874040629
9 443043619
9 677192032
9 388787591
9 100009
9 430835209
9 733158019
9 100009
9 823387559
9 100009
9 100009
9 687221789
9 358092679
9 100000009
9 367165509
9 784223958
9 100009
9 100009
9 100009
9 313840609
9 100009
9 145503829
9 100009
9 100009
9 100000009
9 624089101
9 957436335
9 256583519
9 100009
9 100009
9 881476279
9 100009
9 100009
9 256978755
9 100009
9 100009
9 100009
9 100000009
9 100000009
9 480237489
9 100009
9 412401996
9 100009
9 673418699
9 762635579
9 100009
9 224537849
9 100009
9 178525029
9 269288703
9 683978263
9 100009
9 320146489
9 742576459
9 903587647
9 505051659
9 100009
9 100009
9 10009
9 100000009
9 100000009
9 357141679
9 792421423
9 100009
9 100000009
9 675917641
9 100009
9 934415916
9 100000009
9 100000009
9 201719625
9 554232229
9 483812809
9 263410709
9 100000009
9 171538793
9 100009
9 355569077
9 883000966
9 100000009
9 100000009
9 821807149
9 586733209
9 645545529
9 574621892
9 63342998
9 100009
9 100009
9 100009
9 236431985
9 862652239
9 818846649
9 676999909
9 100009
9 832535927
9 100000009
9 100009
9 764187298
9 823368189
9 100000009
9 881229389
9 890436109
9 731849907
9 100009
9 990562294
9 100009
9 490692432
9 100009
9 544643419
9 287930256
9 975534916
9 447440319
9 758272409
9 100009
9 833964021
9 684985433
9 955311033
9 853237789
9 903377732
9 100009
9 100009
9 797721704
9 273113319
9 100009
9 586234709
9 140461589
9 692865859
9 718694222
9 100000009
9 100000009
9 527074952
9 143620893
9 100000009
9 266795960
9 551063469
9 100009
9 686659633
9 690910887
9 100009
9 119818905
9 100000009
9 100009
9 935021918
9 989323479
9 100000009
9 103812429
9 100009
9 100000009
9 100000009
9 189038429
9 451851119
9 100000009
9 904887552
9 100009
9 100009
9 286407569
9 852526059
9 100000009
9 100009
9 733583159
9 861606916
9 100009
9 100009
9 100000009
9 404172529
9 647214993
9 697127730
9 777047729
9 808437109
9 319764831
9 100009
9 579997570
9 112021569
9 938883257
9 100009
9 715643898
9 100009
9 946358410
9 100009
9 416666369
9 727682829
9 10009
9 100009
9 211946743
9 100009
9 659874094
9 884285935
9 10000009
9 100009
9 611258197
9 440094555
9 321636539
9 930164716
9 100009
9 853295552
9 100009
9 939878192
9 100000009
9 887612319
9 100000009
9 100009
9 10009
9 638382459
9 589778619
9 492030353
9 100000009
9 100009
9 100009
9 420865139
9 100009
9 100000009
9 100009
9 100009
9 100000009
9 100009
9 100009
9 902264577
9 143582829
9 100000009
9 379974390
9 996612201
9 117172659
9 100000009
9 850373109
9 100000009
9 10009
9 100009
9 886000629
9 601186974
9 100009
9 100000009
9 950301414
9 148973611
9 399493888
9 531467299
9 100000009
9 804660069
9 100009
9 142821219
9 640531849
9 100000009
9 100000009
9 295553499
9 10009
9 519813181
9 290636138
9 278305089
9 211915118
9 835036619
9 100009
9 100009
9 100009
9 100000009
9 552962165
9 10009
9 457736189
9 100009
9 100009
9 10009
9 422244449
9 822963644
9 10009
9 499258851
9 126959980
9 100009
9 100009
9 185119599
9 476581719
9 290588039
9 408301189
9 845113059
9 294567298
9 371575029
9 819663679
9 100009
9 100009
9 596385619
9 100000009
9 284972362
9 100000009
9 100000009
9 100009
9 100009
9 231056629
9 166609628
9 374522559
9 917448605
9 339287079
9 900467516
9 396650840
9 100009
9 100000009
9 746949454
9 100009
9 100009
9 100000009
9 10009
9 100009
9 539047032
9 223804297
9 100009
9 100009
9 627652597
9 553734309
9 241168096
9 749712816
9 814006197
9 100009
9 674018429
9 100000009
9 100009
9 100009
9 100009
9 362631269
9 790299272
9 156104629
9 100009
9 100009
9 100009
9 798569029
9 118797073
9 100009
9 103700559
9 686863469
9 416976335
9 941641323
9 100000009
9 100000009
9 321358649
9 500054859
9 332649974
9 100009
9 363309448
9 917227931
9 10009
9 100009
9 100009
9 541592776
9 624550709
9 100009
9 100009
9 883860697
9 100009
9 794440823
9 188832019
9 100009
9 272947520
9 836238869
9 748704379
9 100009
9 756416549
9 100009
9 970384854
9 109930902
9 663101789
9 439760553
9 357798986
9 100009
9 100009
9 100009
9 407661849
9 331401749
9 100009
9 568499301
9 759135118
9 100000009
9 469779497
9 965150850
9 100009
9 100000009
9 265160319
9 497429526
9 100009
9 367493405
9 483205829
9 800445449
9 117419678
9 504915100
9 100009
9 163065629
9 906647750
9 858433569
9 401747119
9 100000009
9 100000009
9 378236908
9 163054869
9 463301009
9 950151467
9 1009
9 999894300
9 100000009
9 590496532
9 747570379
9 179821997
9 100009
9 187626789
9 834733239
9 614043019
9 984356283
9 404798949
9 100009
9 230483249
9 100000009
9 100000009
9 100009
9 100009
9 41764109
9 100009
9 536496063
9 648313009
9 323935858
9 676581189
9 117224839
9 365175529
9 100000009
9 141129201
9 901336402
9 799534252
9 600859194
9 100009
9 10009
9 100000009
9 177245559
9 100000009
9 881671798
9 100000009
9 100009
9 707830209
9 100009
9 100000009
9 100009
9 728890798
9 626408139
9 765983502
9 973184829
9 928027727
9 994894487
9 100000009
9 574235956
9 100009
9 762112529
9 783420192
9 100009
9 476292655
9 680134679
9 184073579
9 100009
9 726096483
9 100009
9 100009
9 659566829
9 100000009
9 968933299
9 100009
9 100009
9 484534579
9 10009
9 100000009
9 100009
9 289854195
9 538509670
9 100009
9 539646254
9 100009
9 579957331
9 658452219
9 620972320
9 100009
9 100000009
9 889894910
9 702904594
9 777558469
9 685216919
9 100009
9 529878727
9 430510649
9 100009
9 100009
9 430470439
9 10009
9 100009
9 472545179
9 367249755
9 842016479
9 100009
9 103493532
9 818458289
9 100009
9 386306209
9 100000009
9 100009
9 992464664
9 100009
9 10009
9 114644396
9 701287937
9 364417849
9 100009
9 208722649
9 100000009
9 100009
9 100009
9 343052709
9 100009
9 266345879
9 100000009
9 100009
9 100009
9 638305922
9 100000009
9 694674518
9 100009
9 100009
9 644743197
9 815194918
9 128278579
9 100000009
9 419991817
9 440111019
9 707379240
9 549974245
9 471558519
9 436164009
9 100009
9 100000009
9 100009
9 269320502
9 100009
9 100009
9 100009
9 353612789
9 549147616
9 100009
9 967937026
9 637042339
9 512928467
9 802902697
9 268922507
9 835534839
9 100009
9 148663079
9 594987959
9 100000009
9 480451249
9 381694423
9 567171496
9 756114539
9 100000009
9 1000009
9 653363069
9 100009
9 100009
9 10009
9 100009
9 275554901
9 354297358
9 394672745
9 338171869
9 905525260
9 100009
9 218671219
9 636672369
9 829211524
9 100009
9 391776483
9 946675723
9 586504910
9 100000009
9 100000009
9 10009
9 100009
9 492512966
9 100009
9 100009
9 103655829
9 816633049
9 100009
9 100009
9 100009
9 987055722
9 108413589
9 100009
9 236878109
9 10009
9 100009
9 100009
9 100009
9 753318819
9 10009
9 169988939
9 828983022
9 100009
9 661490983
9 249912156
9 10009
9 100000009
9 978018782
9 100000009
9 675137179
9 671357729
9 10009
9 100009
9 100009
9 617697889
9 100009
9 100000009
9 100009
9 455467090
9 945565022
9 100009
9 572613259
9 100009
9 610441192
9 100000009
9 310878289
9 100009
9 578952218
9 100009
9 100009
9 807127789
9 116844379
9 321052449
9 100009
9 100009
9 785845279
9 307079750
9 661146369
9 100009
9 488069231
9 648654239
9 604683729
9 444869103
9 277187869
9 100000009
9 100009
9 100009
9 10009
9 100009
9 831335596
9 475547889
9 25194724
9 656481039
9 713946315
9 283877906
9 463034069
9 668218719
9 437688479
9 100009
9 398970737
9 643053639
9 455588998
9 659550526
9 881340079
9 426449198
9 328153296
9 618188978
9 788375896
9 100009
9 572109212
9 350754392
9 608166159
9 719661885
9 495855223
9 288679680
9 521488149
9 131662239
9 773547029
9 100009
9 459400968
9 688935358
9 100000009
9 979128720
9 100000009
9 986817219
9 689164670
9 517927693
9 100009
9 244292222
9 100009
9 701408509
9 289122734
9 627104529
9 100009
9 337380019
9 151745579
9 100009
9 10000009
9 10009
9 100009
9 318445519
9 100009
9 10009
9 705964489
9 100000009
9 100009
9 328401019
9 110289959
9 176424019
9 100009
9 100009
9 100009
9 188139032
9 328532498
9 100009
9 100009
9 100009
9 529733861
9 860633719
9 100000009
9 100009
9 462633392
9 100000009
9 537300279
9 100009
9 168128569
9 824704819
9 100009
9 382372769
9 711568819
9 207333889
9 100000009
9 583327982
9 100009
9 557044519
9 443813289
9 774967574
9 220395625
9 424072139
9 100000009
9 100009
9 511536109
9 100000009
9 120613519
9 174916394
9 728393965
9 100009
9 653694175
9 609440823
9 959297752
9 368601729
9 100000009
9 806686639
9 505636819
9 851923832
9 868653409
9 114863849
9 100009
9 46428928
9 980715769
9 100000009
9 100009
9 722060976
9 868249126
9 100009
9 326912600
9 108712389
9 100000009
9 770670195
9 828707569
9 401277639
9 100009
9 854024959
9 988047274
9 570934642
9 412629163
9 100000009
9 562547069
9 100000009
9 708513930
9 100009
9 100009
9 747715669
9 191041883
9 100009
9 117378609
9 100009
9 408646039
9 100009
9 100009
9 813512019
9 100009
9 100009
9 100009
9 100009
9 100000009
9 490558894
9 871799743
9 576552419
9 434687819
9 477674429
9 731751793
9 100000009
9 391623723
9 455921223
9 100009
9 903880837
9 731974790
9 100009
9 253945256
9 891768711
9 936338788
9 921629671
9 100000009
9 734580159
9 100009
9 736368869
9 100009
9 506764449
9 193862764
9 639485640
9 443864129
9 245921882
9 683244539
9 100009
9 209944850
9 364874889
9 100000009
9 716167769
9 482952901
9 354435329
9 531199043
9 10009
9 117379658
9 100000009
9 972652895
9 100009
9 100009
9 100009
9 100009
9 100009
9 930133110
9 487083239
9 100009
9 701107289
9 100009
9 100009
9 100009
9 100009
9 100009
9 100009
9 383368649
9 100009
9 100000009
9 664533789
9 602571039
9 638728982
9 100009
9 100000009
9 100009
9 896800813
9 621972412
9 390396465
9 100009
9 734964778
9 636868769
9 554279088
9 10009
9 100009
9 100009
9 1000009
9 427548099
9 130888239
9 838033907
9 839129216
9 100009
9 260401519
9 100009
9 10009
9 519908620
9 430298215
9 570228809
9 797369837
9 10009
9 296126525
9 954110264
9 100000009
9 144525659
9 363691307
9 679223736
9 100000009
9 354530709
9 696401176
9 100009
9 100000009
9 824544449
9 839305049
9 732692448
9 100009
9 10009
9 100000009
9 139401126
9 563167089
9 425928487
9 100009
9 773990915
9 100009
9 740453379
9 100000009
9 100000009
9 168853589
9 383220719
9 706226589
9 1000009
9 943114713
9 397656705
9 100009
9 625687359
9 639365701
9 100009
9 100009
9 204533729
9 100009
9 306749175
9 100009
9 206312389
9 578730689
9 100009
9 957938997
9 666460679
9 752541809
9 797942463
9 720992604
9 814819603
9 100000009
9 100009
9 100009
9 486761769
9 548642149
9 717730974
9 675457449
9 480747891
9 100009
9 989344457
9 649468270
9 561205089
9 100000009
9 755317962
9 648223789
9 100009
9 100000009
9 523130139
9 659482026
9 10009
9 100000009
9 100009
9 864519584
9 100009
9 100009
9 100009
9 490487556
9 100009
9 795536188
9 100009
9 100009
9 107517697
9 103822649
9 100009
9 677639840
9 100000009
9 100009
9 100000009
9 408737097
9 100009
9 100009
9 100009
9 412762249
9 574169946
9 882603449
9 100000009
9 551351009
9 551409157
9 742856709
9 100000009
9 637200089
9 100009
9 636060469
9 631127779
9 100009
9 812439711
9 251426169
9 807721919
9 726327519
9 522131369
9 164030089
9 100009
9 713363769
9 100009
9 443466937
9 100009
9 100000009
9 100009
9 100009
9 606157096
9 100009
9 126477590
9 201823309
9 920750737
9 100009
9 100009
9 426300966
9 959817397
9 100009
9 100000009
9 853548489
9 855054089
9 988949092
9 100009
9 100000009
9 462128952
9 100000009
9 392875440
9 100000009
9 100009
9 753390419
9 423299375
9 10009
9 100009
9 724527619
9 100009
9 293441178
9 845972401
9 127799229
9 679655882
9 100000009
9 100009
9 196379615
9 100009
9 664356359
9 100009
9 890304404
9 789695161
9 100000009
9 100000009
9 100009
9 100009
9 350474389
9 511582829
9 100009
9 354441279
9 100000009
9 100009
9 658916432
9 1000009
9 100009
9 174056189
9 100009
9 100009
9 100000009
9 971162602
9 997229869
9 461764976
9 188243609
9 718999278
9 100009
9 949350229
9 274287409
9 100000009
9 211134249
9 246978522
9 663338429
9 759827317
9 479994433
9 630556619
9 100009
9 931502251
9 376782839
9 100009
9 972290756
9 1009
9 470039697
9 821370029
9 599596682
9 100009
9 100000009
9 100009
9 316436079
9 100009
9 100009
9 125479232
9 549212779
9 644363119
9 10009
9 751373719
9 100000009
9 747549773
9 486674956
9 142166239
9 100000009
9 343046809
9 100009
9 455389622
9 100009
9 443801359
9 643845689
9 608459948
9 641267579
9 100009
9 100000009
9 876801069
9 451783469
9 10009
9 100009
9 100000009
9 942134264
9 100009
9 147497782
9 846558329
9 368958369
9 561938668
9 100009
9 502198587
9 100009
9 10009
9 100009
9 786153593
9 471113259
9 100009
9 734778749
9 109781961
9 839249874
9 100000009
9 421841359
9 100000009
9 100009
9 231089576
9 442739264
9 508384009
9 100009
9 347121359
9 105386439
9 756003169
9 921801018
9 100009
9 654884489
9 251703957
9 353380859
9 341843379
9 327051099
9 720026089
9 249761177
9 941098863
9 932770934
9 100009
9 100009
9 833883889
9 10009
9 600793154
9 345384859
9 100009
9 100009
9 129074278
9 727736009
9 100009
9 365524239
9 710454669
9 100000009
9 100000009
9 360452019
9 1000009
9 242523089
9 100009
9 224679938
9 637171639
9 432324759
9 100009
9 100000009
9 100000009
9 100009
9 368680429
9 344984366
9 427526149
9 100000009
9 100009
9 730570319
9 662709436
9 100009
9 201076997
9 145561549
9 977324580
9 100000009
9 853427394
9 237551198
9 292432707
9 837081269
9 261502149
9 354729043
9 218251819
9 622076059
9 100009
9 178431958
9 100009
9 786887179
9 100000009
9 990030943
9 100000009
9 310580293
9 100009
9 693668215
9 924382527
9 389326284
9 829326142
9 518228429
9 213605249
9 552629832
9 280250769
9 100000009
9 100009
9 100009
9 100009
9 509101129
9 100009
9 894647324
9 100009
9 685727189
9 100009
9 364804129
9 100000009
9 534733961
9 626837509
9 100000009
9 899205851
9 472707709
9 431037129
9 10009
9 100009
9 256740889
9 937576923
9 100000009
9 577014859
9 100000009
9 766633569
9 100009
9 917270125
9 100000009
9 740903599
9 954569839
9 254183690
9 100009
9 100009
9 682200089
9 167475589
9 936382489
9 788539300
9 841938820
9 100009
9 877561489
9 340743669
9 120253409
9 526908100
9 962084065
9 812049483
9 10009
9 305035219
9 100009
9 100009
9 100009
9 699069232
9 130646359
9 276324889
9 479672569
9 565045917
9 100000009
9 100009
9 100009
9 10009
9 134708559
9 100009
9 835555869
9 100000009
9 336213059
9 100000009
9 275190582
9 100000009
9 631604519
9 905935522
9 100009
9 100009
9 518884649
9 325268509
9 100009
9 100009
9 100009
9 100000009
9 100009
9 452474689
9 100009
9 716813419
9 488222179
9 864662945
9 734044179
9 975285914
9 715680879
9 104466934
9 104982372
9 10009
9 100009
9 10009
9 203869182
9 872226569
9 531793900
9 261320139
9 100000009
9 100009
9 936378960
9 100009
9 716364359
9 100009
9 336570749
9 10009
9 188692755
9 100009
9 994508707
9 100000009
9 100009
9 100009
9 100000009
9 100009
9 100009
9 451803039
9 111816349
9 100000009
9 100009
9 483099126
9 100009
9 294006267
9 100009
9 100009
9 100009
9 100000009
9 100000009
9 100009
9 730390518
9 100009
9 839848787
9 665676429
9 593746892
9 846041869
9 100000009
9 100009
9 100000009
9 266854839
9 444131049
9 100009
9 271778519
9 100000009
9 100009
9 251691226
9 773000794
9 319038050
9 100000009
9 604078059
9 100009
9 100009
9 352923030
9 676304529
9 370090196
9 115693753
9 605860950
9 220063709
9 100009
9 100009
9 100009
9 422598312
9 810140109
9 490787504
9 937139111
9 100000009
9 722768439
9 100009
9 100009
9 281837692
9 100009
9 100000009
9 263283359
9 876225809
9 10009
9 100009
9 418318679
9 100009
9 998168606
9 840640879
9 100000009
9 827350629
9 260502119
9 100009
9 579312421
9 757519247
9 606591360
9 100009
9 100009
9 530056809
9 100000009
9 446877309
9 831286659
9 100000009
9 297394434
9 698589672
9 100009
9 376990106
9 10009
9 355338493
9 100009
9 493334659
9 242342509
9 378786189
9 155069522
9 501145964
9 118599378
9 536917793
9 100009
9 100009
9 343900859
9 100009
9 100009
9 681266796
9 100009
9 100009
9 322272829
9 100009
9 100009
9 10009
9 252397065
9 100009
9 732740962
9 602964940
9 384615659
9 100009
9 100000009
9 933088147
9 990890015
9 247856049
9 893452330
9 100009
9 100000009
9 958049380
9 850963044
9 100000009
9 838597216
9 100009
9 100000009
9 100009
9 701878719
9 702551289
9 314210694
9 788114319
9 316084879
9 881085419
9 415821639
9 588024910
9 100009
9 680132590
9 470124129
9 122338019
9 253065539
9 100009
9 976304659
9 100009
9 916837562
9 100009
9 100009
9 312597033
9 100009
9 100009
9 316732192
9 100009
9 244563689
9 100000009
9 722814189
9 256901822
9 372781669
9 100009
9 891012091
9 419598979
9 100009
9 563389301
9 100009
9 100000009
9 233879307
9 437749991
9 100009
9 10009
9 540057489
9 100009
9 539097665
9 100009
9 100009
9 663530089
9 1000009
9 817475902
9 100000009
9 960074536
9 100009
9 100009
9 871973601
9 753454109
9 10009
9 330397812
9 100009
9 100009
9 825874259
9 502871539
9 100009
9 100009
9 856968781
9 100009
9 100009
9 100000009
9 100009
9 688869822
9 183090057
9 100000009
9 391478998
9 100009
9 189500539
9 389185586
9 423427889
9 455037169
9 100009
9 866295372
9 100000009
9 1000009
9 100009
9 981451686
9 100009
9 10009
9 222488509
9 767960351
9 100009
9 932202071
9 134785389
9 100009
9 100009
9 128937207
9 727965679
9 100009
9 381198854
9 357177079
9 275059815
9 636412069
9 961640783
9 713306889
9 100009
9 726147639
9 327905218
9 845127879
9 100009
9 166289049
9 224102169
9 100009
9 100000009
9 493812869
9 130420089
9 488979878
9 511313469
9 100009
9 261899922
9 317360697
9 447459351
9 100009
9 100009
9 949873686
9 578647029
9 822261339
9 712278079
9 100009
9 100009
9 606842889
9 108460869
9 409321583
9 100009
9 100009
9 100009
9 223041169
9 100000009
9 100009
9 100009
9 100000009
9 666290219
9 100009
9 949225447
9 892189168
9 555658029
9 100009
9 392462184
9 100009
9 100009
9 895758327
9 100009
9 100009
9 100009
9 993013135
9 100009
9 100009
9 986975305
9 100009
9 100009
9 100009
9 810376795
9 100009
9 975161293
9 942111696
9 717240419
9 639730907
9 120599303
9 529958279
9 100009
9 577485439
9 100000009
9 743409044
9 100000009
9 883651719
9 100009
9 100000009
9 100009
9 924960545
9 317366469
9 100009
9 10009
9 804291147
9 100009
9 669009555
9 100009
9 619802147
9 193378702
9 925222436
9 100009
9 789281858
9 958782602
9 350146391
9 148781709
9 173385309
9 337400889
9 100009
9 100000009
9 856225229
9 486195472
9 100000009
9 844795639
9 735903375
9 126982164
9 100009
9 100009
9 100000009
9 10009
9 497322359
9 577049133
9 100009
9 100009
9 976921813
9 734754029
9 100000009
9 430145379
9 100009
9 100000009
9 881628359
9 100009
9 100009
9 219634404
9 916894667
9 100009
9 459450292
9 298283002
9 100009
9 913494773
9 100009
9 100000009
9 265713879
9 100000009
9 708514759
9 956984116
9 293937782
9 679227057
9 100009
9 100000009
9 734290586
9 100000009
9 417166819
9 671363769
9 100009
9 100009
9 412876379
9 843621209
9 161644149
9 137217149
9 100009
9 461998298
9 174997418
9 100009
9 257960674
9 100009
9 319458226
9 218261539
9 412483349
9 554741869
9 929666884
9 910387131
9 212406259
9 100009
9 276978656
9 100000009
9 100009
9 370971182
9 10009
9 548049871
9 100009
9 623815709
9 100009
9 100000009
9 100000009
9 100000009
9 100009
9 100009
9 100009
9 780305649
9 585013649
9 100009
9 100009
9 100009
9 253959002
9 477814169
9 100009
9 100009
9 650319657
9 375207966
9 879314283
9 726086659
9 759003083
9 977642258
9 907840099
9 252660489
9 100009
9 100000009
9 508195973
9 640900468
9 287455039
9 100009
9 100000009
9 681708549
9 304154509
9 477549879
9 100000009
9 819414740
9 862089747
9 100000009
9 100009
9 1000009
9 646301869
9 1000009
9 414142739
9 100009
9 100000009
9 100000009
9 100000009
9 100000009
9 378268489
9 226822219
9 100009
9 100009
9 100009
9 549189988
9 100009
9 451625739
9 592555821
9 100000009
9 123879580
9 100000009
9 100000009
9 100000009
9 184543609
9 100000009
9 880579925
9 100000009
9 100000009
9 952267581
9 100000009
9 100000009
9 340251859
9 10009
9 862787396
9 100009
9 100009
9 351955618
9 931368670
9 100009
9 745207509
9 100009
9 600148249
9 100009
9 100009
9 100009
9 639265273
9 100009
9 100009
9 173088179
9 933543749
9 907926150
9 693321936
9 100000009
9 293515060
9 100009
9 192324754
9 100000009
9 100009
9 100000009
9 348883559
9 298309338
9 100000009
9 122806925
9 801263399
9 100000009
9 841115239
9 100009
9 100009
9 652026049
9 168496947
9 231437229
9 419398900
9 100009
9 100009
9 100009
9 100009
9 100009
9 100009
9 161715789
9 100009
9 100009
9 100009
9 484634509
9 333051095
9 751715549
9 416081947
9 274872349
9 100009
9 721282219
9 754969173
9 220461928
9 100009
9 563393992
9 880599970
9 100009
9 886548309
9 769982043
9 317394117
9 100009
9 100000009
9 100009
9 556572039
9 151026749
9 740043609
9 100009
9 100009
9 436301259
9 982949001
9 314917472
9 100009
9 100009
9 856293781
9 115799744
9 796540232
9 991371314
9 100009
9 100009
9 519985267
9 649248715
9 535542393
9 171544369
9 509323591
9 427190248
9 184234119
9 100009
9 100009
9 714439071
9 584381589
9 466031049
9 100000009
9 100000009
9 348366189
9 252388339
9 937302222
9 551509054
9 200305519
9 339195362
9 100009
9 264356409
9 100000009
9 100000009
9 674933043
9 448162639
9 963616950
9 140006639
9 100000009
9 100000009
9 100000009
9 173563739
9 585568119
9 100009
9 732664179
9 515650259
9 100009
9 100000009
9 100009
9 100009
9 642806917
9 100009
9 740974311
9 553013419
9 649171485
9 100009
9 100009
9 592424843
9 100009
9 786635739
9 512456449
9 784061329
9 100000009
9 816669518
9 460401795
9 100000009
9 522098652
9 620971269
9 624299925
9 10009
9 100000009
9 100000009
9 752562189
9 100000009
9 100009
9 100009
9 929792105
9 100009
9 281196957
9 834449730
9 100009
9 922358379
9 600493800
9 795974951
9 100009
9 810754239
9 184188559
9 618386739
9 100009
9 471879525
9 938518001
9 100000009
9 100009
9 848392008
9 100000009
9 778207859
9 100009
9 866307591
9 100009
9 133768379
9 681500829
9 100009
9 587206921
9 806442769
9 589924824
9 646740589
9 479146741
9 149378250
9 100009
9 100009
9 100000009
9 100009
9 479875712
9 100000009
9 474952226
9 100009
9 753466269
9 307939347
9 307470019
9 100009
9 258438259
9 441063930
9 136619039
9 100000009
9 326539975
9 319036837
9 560495054
9 913337506
9 174878089
9 769050871
9 740802019
9 100000009
9 943063865
9 282497675
9 550836779
9 100000009
9 494953550
9 100009
9 436366629
9 100009
9 165786849
9 100009
9 871148539
9 413506193
9 674246349
9 100009
9 158442099
9 481067179
9 151762389
9 100009
9 100009
9 354816829
9 100000009
9 100009
9 100000009
9 100000009
9 500480189
9 100009
9 106670329
9 816429316
9 100009
9 462101349
9 317818198
9 100009
9 100009
9 661278509
9 100009
9 100000009
9 100009
9 10009
9 743724289
9 825340890
9 100000009
9 102047795
9 657972136
9 714424789
9 706288189
9 846867729
9 444710319
9 410249805
9 100009
9 464233990
9 100000009
9 935122516
9 934037618
9 100000009
9 594939819
9 100009
9 906135959
9 437173459
9 100009
9 576955103
9 515498665
9 100000009
9 953639212
9 100009
9 667139645
9 230286869
9 636934582
9 100000009
9 100009
9 617781029
9 122857059
9 483033109
9 960076287
9 365165139
9 747083869
9 235431509
9 100009
9 100009
9 574949644
9 100000009
9 820171998
9 100009
9 253935698
9 395741512
9 100009
9 100009
9 100000009
9 507676709
9 190455491
9 592458562
9 960700822
9 100009
9 975727898
9 285667869
9 100009
9 328473099
9 100009
9 904528756
9 183199022
9 100000009
9 1000009
9 426702159
9 976684438
9 534500914
9 100009
9 100000009
9 568715529
9 188985570
9 498297036
9 376567893
9 303679042
9 100009
9 345538976
9 100009
9 759974989
9 100009
9 399903632
9 10009
9 100009
9 960195772
9 100009
9 449744078
9 100009
9 288740940
9 186721069
9 444450549
9 100009
9 100000009
9 100009
9 471484894
9 757702749
9 100009
9 405287069
9 1000009
9 275905416
9 100009
9 100000009
9 100009
9 422184159
9 100000009
9 100000009
9 230644139
9 475407139
9 297425418
9 681128729
9 348650979
9 335594667
9 997110302
9 514789256
9 100009
9 647317519
9 870104109
9 627313779
9 643538259
9 100009
9 927836152
9 946061655
9 415202419
9 100009
9 873659250
9 647425859
9 1000009
9 310530399
9 100009
9 100009
9 10009
9 390899523
9 717141889
9 100009
9 135772893
9 100000009
9 100000009
9 100009
9 100009
9 588642489
9 439973787
9 673737469
9 108570349
9 680060779
9 114903937
9 315786559
9 100009
9 125987418
9 100000009
9 614420639
9 100000009
9 349808974
9 717926977
9 358707390
9 100000009
9 890718457
9 100009
9 100009
9 105578791
9 347341209
9 161617279
9 261538359
9 100000009
9 849658168
9 387419571
9 450181509
9 187991629
9 700043379
9 10009
9 361223970
9 100000009
9 965450403
9 100009
9 100009
9 972619486
9 449607184
9 100009
9 239227846
9 107098662
9 859562250
9 100009
9 842786419
9 100009
9 100009
9 960725747
9 720868669
9 944381220
9 461262869
9 695151426
9 100009
9 691867735
9 229556911
9 562424569
9 541000290
9 10009
9 423105093
9 506791235
9 100009
9 332504909
9 375749471
9 616269027
9 826706249
9 452772789
9 730600595
9 100009
9 448780936
9 459846655
9 10009
9 100009
9 137333209
9 100000009
9 100009
9 100009
9 100009
9 208495662
9 661752190
9 100009
9 286098885
9 124023169
9 611976816
9 805467139
9 352685309
9 278506709
9 216793066
9 100000009
9 100009
9 990184134
9 407672159
9 100009
9 100009
9 664624966
9 100000009
9 822336907
9 430285169
9 745371019
9 778274149
9 100009
9 100000009
9 821369014
9 602624789
9 872413339
9 796061519
9 100009
9 100000009
9 100000009
9 100009
9 100000009
9 100009
9 100009
9 100009
9 560313239
9 964540146
9 100000009
9 100000009
9 660331951
9 100009
9 222561982
9 229275260
9 539712894
9 625401995
9 100009
9 100009
9 844762439
9 219275129
9 402747659
9 100009
9 100009
9 838930176
9 100009
9 100000009
9 100009
9 100009
9 783109635
9 705882249
9 100009
9 170504219
9 100000009
9 100009
9 328172219
9 100000009
9 10009
9 286244229
9 283869022
9 324274419
9 307180119
9 683747923
9 294823844
9 100009
9 541143759
9 696741532
9 948169050
9 209606577
9 629782237
9 172892445
9 100009
9 846542789
9 100000009
9 850810991
9 926875961
9 100009
9 100009
9 502167049
9 120150779
9 366724349
9 865448879
9 606566109
9 243162379
9 754946438
9 727356639
9 598487108
9 100009
9 100009
9 100000009
9 259648689
9 100009
9 10009
9 281725039
9 597805579
9 386928056
9 915583428
9 216148489
9 910010550
9 942127008
9 100000009
9 100009
9 100009
9 523939098
9 100009
9 100000009
9 100009
9 100009
9 641525429
9 100009
9 100009
9 691078953
9 933181096
9 977219455
9 164169151
9 100009
9 334149100
9 591723965
9 100009
9 355988598
9 454816159
9 100000009
9 679970329
9 472166339
9 643583669
9 331234149
9 100009
9 980874979
9 100000009
9 813630949
9 753318519
9 100009
9 100000009
9 100009
9 100009
9 100000009
9 288927982
9 10009
9 841868069
9 291149345
9 47859783
9 100009
9 10009
9 274646924
9 436625869
9 195441309
9 100000009
9 313653489
9 100009
9 100009
9 100009
9 207346295
9 100009
9 114273559
9 559424951
9 986681784
9 100009
9 100009
9 100009
9 100009
9 463128309
9 492603692
9 805889595
9 100009
9 381677439
9 544760970
9 896193341
9 842413189
9 344771498
9 560588629
9 100009
9 100009
9 441731179
9 717047494
9 472817189
9 100009
9 692337783
9 10009
9 100009
9 992351741
9 978655162
9 422052459
9 737177029
9 791772428
9 100009
9 100000009
9 341909527
9 100000009
9 161479205
9 441904521
9 848469257
9 689508069
9 672962812
9 981229118
9 425415409
9 1009
9 920770197
9 10009
9 153105379
9 116951154
9 100009
9 10009
9 10009
9 486123589
9 100000009
9 100000009
9 640400149
9 140670809
9 100009
9 104844792
9 10009
9 100000009
9 420881695
9 768027974
9 178684339
9 10000009
9 683623119
9 612010049
9 10009
9 100009
9 1000009
9 497422031
9 484265639
9 504378549
9 971472818
9 824844559
9 818320694
9 100000009
9 100009
9 100009
9 100000009
9 100009
9 653964197
9 100009
9 896916833
9 100009
9 793326965
9 100009
9 462671449
9 377856489
9 405006859
9 561723809
9 450344956
9 376642879
9 918321361
9 716487309
9 652729982
9 100000009
9 10009
9 504331709
9 100009
9 964589533
9 950869127
9 444926857
9 10009
9 721540980
9 100009
9 219570687
9 100009
9 559288387
9 100009
9 100009
9 188146409
9 558844579
9 100000009
9 169843936
9 197488931
9 294284960
9 379767997
9 10009
9 100009
9 100009
9 100000009
9 100009
9 532344479
9 100009
9 492814873
9 10009
9 100009
9 318254948
9 354743749
9 100009
9 775649617
9 256878239
9 222981608
9 100000009
9 100009
9 100009
9 100009
9 130952368
9 100009
9 397511121
9 100009
9 306843911
9 100000009
9 231952080
9 100000009
9 863199144
9 349576575
9 100000009
9 100009
9 100009
9 573437789
9 100009
9 100009
9 100009
9 947004687
9 125701769
9 100009
9 946305986
9 100009
9 558826489
9 103647409
9 359153333
9 100009
9 419993110
9 100009
9 461003896
9 864724429
9 100000009
9 100000009
9 91488715
9 899394696
9 346038439
9 100009
9 100009
9 920267743
9 100009
9 1000009
9 568696692
9 801268295
9 754284209
9 406246739
9 100009
9 864358319
9 100009
9 678562109
9 611831859
9 637904901
9 505237119
9 100000009
9 838059871
9 327102109
9 307405569
9 100009
9 427561849
9 134420986
9 100000009
9 512696187
9 146783029
9 100009
9 377580951
9 100009
9 686070259
9 10009
9 100000009
9 731183829
9 239837019
9 352513269
9 422875159
9 100009
9 935654817
9 951572776
9 100009
9 238367965
9 223700329
9 154529465
9 788860397
9 106406905
9 100009
9 100009
9 527651759
9 934223490
9 680977165
9 100000009
9 380732769
9 807428898
9 797735759
9 10009
9 100009
9 10009
9 510204159
9 260793354
9 927662780
9 673299073
9 263831949
9 10009
9 384537349
9 100009
9 102185369
9 793615750
9 807484529
9 100009
9 100000009
9 100000009
9 100009
9 194449494
9 113693367
9 100009
9 231644769
9 622689533
9 817117649
9 100009
9 276904158
9 388221869
9 100000009
9 100000009
9 614543709
9 949756830
9 327561869
9 100009
9 100000009
9 891950600
9 344529270
9 894501966
9 274169230
9 997215653
9 205180569
9 100009
9 475213149
9 386368039
9 100009
9 923566435
9 685136891
9 100009
9 329581258
9 100009
9 321647109
9 100000009
9 743690777
9 448268149
9 957168797
9 286286469
9 734373289
9 912713454
9 100009
9 100000009
9 607711954
9 100009
9 733932686
9 606403789
9 565061279
9 100000009
9 100009
9 100000009
9 364263529
9 100000009
9 100009
9 100000009
9 100009
9 100009
9 195179412
9 115053679
9 600474259
9 765050019
9 479179585
9 100009
9 100009
9 747068169
9 10009
9 977942307
9 719012379
9 237413920
9 100009
9 370425169
9 100009
9 141856629
9 100009
9 100009
9 588559350
9 952995148
9 788399079
9 100000009
9 216050609
9 100009
9 100009
9 100009
9 100009
9 874059835
9 919618072
9 877323639
9 655439321
9 100009
9 100009
9 487690196
9 100009
9 436914997
9 100000009
9 787171739
9 584122409
9 800264169
9 842737839
9 100009
9 645956866
9 520435279
9 229024146
9 980832704
9 358502539
9 807468976
9 100009
9 100009
9 100000009
9 307207639
9 111792457
9 100009
9 938201423
9 563971866
9 100009
9 100009
9 941027427
9 860324699
9 100009
9 100000009
9 100000009
9 100009
9 100000009
9 508189982
9 849791778
9 100009
9 972173195
9 100000009
9 100009
9 100009
9 100009
9 220798565
9 137677159
9 100009
9 445381349
9 125451917
9 10009
9 100000009
9 591195581
9 396624743
9 915742055
9 100009
9 794833794
9 425556968
9 100009
9 186711992
9 289318208
9 166818829
9 100009
9 969594659
9 327429521
9 100009
9 317274139
9 727531339
9 10009
9 470301089
9 152207339
9 470584294
9 100009
9 100000009
9 100009
9 365326839
9 100009
9 237191159
9 100009
9 985406481
9 624646569
9 100000009
9 100000009
9 560533529
9 798925974
9 100000009
9 143370379
9 100000009
9 838376889
9 100009
9 932556660
9 302965108
9 717330449
9 650550960
9 100000009
9 146203079
9 100009
9 100009
9 100009
9 100009
9 47370889
9 230228977
9 196425448
9 100009
9 208894594
9 886011469
9 614673479
9 586784139
9 584887496
9 100009
9 100009
9 100009
9 966704213
9 100009
9 100009
9 474921295
9 626278279
9 100000009
9 957725719
9 498268079
9 398714175
9 100009
9 702782339
9 379419465
9 100009
9 100009
9 333877696
9 797951801
9 933387250
9 219158233
9 10009
9 100009
9 10009
9 100000009
9 614773589
9 160121539
9 482041749
9 523286789
9 100009
9 427846429
9 380883619
9 171173349
9 257203659
9 100000009
9 262489436
9 186972556
9 940596597
9 457743593
9 100009
9 100009
9 333385179
9 100009
9 229807294
9 891277178
9 778874029
9 791071873
9 100000009
9 866578769
9 654567369
9 10009
9 100009
9 729157376
9 217153469
9 984619406
9 135631739
9 188654049
9 811718966
9 598912623
9 335796955
9 100000009
9 100000009
9 100009
9 175075419
9 100009
9 414138129
9 100000009
9 133340929
9 122051779
9 100000009
9 100009
9 100009
9 100000009
9 100009
9 100000009
9 471740399
9 100009
9 1000009
9 670187739
9 100009
9 100009
9 100009
9 657030019
9 754997212
9 675226109
9 187164319
9 100000009
9 794160903
9 812049590
9 388441609
9 888370429
9 460504299
9 125667089
9 100009
9 647066209
9 610179149
9 271925247
9 790432645
9 10009
9 804898159
9 816430093
9 198675588
9 396620542
9 100009
9 674301489
9 303868669
9 100000009
9 494041350
9 189297802
9 340722579
9 100009
9 100009
9 10000009
9 549824715
9 807458839
9 659538237
9 872091696
9 100009
9 968135971
9 657096565
9 158699617
9 100000009
9 939913766
9 100009
9 329422504
9 730885229
9 100000009
9 415597701
9 262060709
9 100009
9 307622149
9 588472369
9 254409863
9 772247194
9 100009
9 100009
9 100009
9 237809370
9 219042097
9 100009
9 100009
9 474120129
9 100009
9 100000009
9 269718207
9 100000009
9 100009
9 100000009
9 149605437
9 100009
9 837992915
9 100009
9 100009
9 840016759
9 100009
9 884425219
9 660985150
9 100009
9 100009
9 216508679
9 464338290
9 100009
9 192831457
9 100009
9 695602160
9 100009
9 821143379
9 968867348
9 678474289
9 100009
9 794048748
9 184645609
9 394638346
9 681329442
9 489583063
9 100009
9 658669096
9 918176793
9 821922399
9 100009
9 396995848
9 847392091
9 100000009
9 100009
9 100009
9 100009
9 317874409
9 137996866
9 10009
9 100000009
9 600978027
9 100009
9 724116389
9 100009
9 100009
9 100009
9 100009
9 100009
9 877616839
9 146699131
9 207091848
9 100009
9 100000009
9 607991698
9 100009
9 799022977
9 490286708
9 579585663
9 530283239
9 100009
9 503300209
9 808462549
9 330770539
9 310131029
9 946901436
9 709371828
9 787063069
9 100000009
9 901918507
9 100009
9 973548356
9 691658678
9 602178298
9 822179601
9 100009
9 100009
9 264371889
9 100009
9 100009
9 344034279
9 857395488
9 957407377
9 681794620
9 627335309
9 100000009
9 1000009
9 100000009
9 841227493
9 917004717
9 501548495
9 586093809
9 831670598
9 100009
9 124449007
9 10009
9 814882994
9 100000009
9 683576339
9 100009
9 100009
9 474328269
9 100009
9 189283494
9 617380739
9 100009
9 100009
9 806105279
9 100009
9 100000009
9 370471139
9 730885279
9 401713729
9 100009
9 1000009
9 956545932
9 530493106
9 828792074
9 100009
9 633278479
9 100000009
9 225128879
9 590366393
9 839192771
9 100009
9 825842329
9 100009
9 507154609
9 100000009
9 100009
9 150282049
9 695797110
9 745324917
9 475766719
9 100000009
9 375129825
9 416095740
9 100009
9 100009
9 142741989
9 499433672
9 100009
9 762468429
9 885227519
9 10009
9 213443219
9 100009
9 735044919
9 100009
9 424155849
9 634279099
9 346697951
9 275346609
9 100009
9 870547089
9 532299163
9 100009
9 210683292
9 801810409
9 100000009
9 333084679
9 828936412
9 413384709
9 100009
9 100000009
9 346908062
9 972926571
9 106464579
9 312782900
9 859432637
9 100009
9 764138049
9 100009
9 1000009
9 100009
9 100009
9 532078962
9 100009
9 920703836
9 656763189
9 100009
9 616158069
9 100009
9 100009
9 930342519
9 100009
9 100000009
9 100009
9 100009
9 360343189
9 599998786
9 100009
9 100009
9 405580229
9 369206633
9 100009
9 10009
9 100000009
9 571622529
9 156975928
9 973056120
9 134155309
9 326833679
9 135508609
9 100009
9 259023123
9 526255239
9 172627529
9 100000009
9 100009
9 212336219
9 755092756
9 100000009
9 346868972
9 100000009
9 10009
9 100009
9 410563419
9 332594163
9 794293457
9 122322719
9 285685669
9 280562019
9 882368639
9 454412169
9 786414359
9 100009
9 100009
9 536660029
9 100009
9 100009
9 310490977
9 10009
9 100009
9 234075079
9 388223799
9 358188709
9 100009
9 100009
9 552526179
9 812422739
9 516295951
9 889998283
9 100009
9 854447209
9 10009
9 512684109
9 953614601
9 1000009
9 957741315
9 100009
9 324034139
9 657747809
9 911631830
9 217075769
9 100000009
9 888328769
9 100000009
9 100009
9 264101679
9 882922814
9 759653417
9 100009
9 100009
9 100000009
9 502317239
9 610618809
9 961716385
9 902511493
9 198283647
9 100009
9 439128021
9 113716259
9 10009
9 100009
9 417671439
9 469698436
9 192537938
9 897413225
9 100009
9 158723129
9 681951828
9 1000009
9 595467571
9 100000009
9 111233929
9 754832779
9 535788839
9 409836819
9 100009
9 100009
9 840338592
9 100009
9 968411113
9 900630012
9 236666759
9 100000009
9 100009
9 167041539
9 100009
9 225453009
9 311359269
9 100000009
9 788782963
9 846596729
9 100009
9 341127109
9 100000009
9 100009
9 803380469
9 247757739
9 437238369
9 369700322
9 100009
9 100009
9 269519518
9 727608729
9 759757895
9 763731889
9 417571819
9 100000009
9 652364889
9 100009
9 836431149
9 540573739
9 632642192
9 588730469
9 800379945
9 100000009
9 582513059
9 519003281
9 636573829
9 860050689
9 992389875
9 392638311
9 100009
9 528675289
9 336385809
9 100000009
9 574073609
9 541251709
9 100009
9 923941783
9 100009
9 298450062
9 751877943
9 728162759
9 122393083
9 100009
9 100000009
9 200271049
9 100000009
9 588164694
9 165058439
9 100009
9 100009
9 413784961
9 822338569
9 636779375
9 167638229
9 100000009
9 10009
9 169678664
9 344574593
9 563871779
9 188759102
9 1000009
9 331625389
9 907405360
9 678634912
9 400708903
9 260073679
9 10009
9 129662522
9 100009
9 132771908
9 524578549
9 348490309
9 100009
9 647909309
9 999513566
9 100000009
9 100009
9 728232489
9 337683609
9 100009
9 390948894
9 100009
9 787755729
9 947821814
9 558421669
9 947092025
9 100009
9 673162769
9 100009
9 627466189
9 643431889
9 100009
9 100009
9 321806029
9 694550467
9 785328509
9 982088890
9 755868779
9 827272709
9 100009
9 10009
9 100000009
9 560095223
9 888704049
9 628522069
9 100000009
9 100009
9 100009
9 361922048
9 100009
9 752147958
9 631971248
9 195093919
9 100009
9 100009
9 100000009
9 754629827
9 100009
9 100009
9 920136488
9 287781029
9 100000009
9 100009
9 207149772
9 100009
9 100000009
9 163100169
9 837426669
9 173077029
9 291912590
9 976465296
9 135109279
9 784884609
9 100000009
9 100009
9 100000009
9 604285329
9 663864169
9 100009
9 711606129
9 378307119
9 405718419
9 100009
9 694273736
9 100000009
9 796864783
9 930749824
9 100009
9 100009
9 197704280
9 100000009
9 965675675
9 387338839
9 889453198
9 922089141
9 561807069
9 482908328
9 955884669
9 100009
9 601847396
9 864509566
9 721637429
9 541499841
9 227362059
9 758643379
9 927908438
9 358474911
9 738050079
9 617627978
9 10009
9 100009
9 604796514
9 803744539
9 100000009
9 887634978
9 722965912
9 385053579
9 100000009
9 755183609
9 100000009
9 71597332
9 100009
9 10009
9 334848539
9 362227591
9 938441767
9 428866839
9 100009
9 100000009
9 100009
9 176235359
9 100009
9 100009
9 100009
9 784445579
9 438622249
9 100000009
9 890342280
9 100009
9 246514839
9 949621218
9 100009
9 1000009
9 734283793
9 100009
9 200062559
9 100009
9 100009
9 100009
9 332556049
9 100000009
9 100009
9 285904459
9 10009
9 659038329
9 410409398
9 707979723
9 365432739
9 643150549
9 1009
9 10009
9 296549413
9 100009
9 747305249
9 100009
9 100009
9 100009
9 624925173
9 477057869
9 100009
9 499715543
9 100009
9 456907156
9 840139043
9 697859295
9 710051926
9 578423489
9 670383869
9 100000009
9 100009
9 100009
9 620668509
9 100009
9 944272343
9 100009
9 100009
9 501112309
9 286786569
9 100009
9 412776269
9 100009
9 307972178
9 750742349
9 151220149
9 100000009
9 100009
9 880416789
9 952438961
9 157601389
9 946398167
9 100009
9 100000009
9 625363199
9 100009
9 100009
9 16494945
9 100000009
9 100009
9 677495515
9 762023479
9 100009
9 156957167
9 886430659
9 10009
9 546252369
9 100000009
9 100009
9 741944585
9 314321089
9 1000009
9 100009
9 149878055
9 100009
9 100009
9 793201335
9 10009
9 100000009
9 874401096
9 100000009
9 10009
9 100000009
9 1000009
9 906840237
9 282729335
9 100009
9 100009
9 100000009
9 665312589
9 168236859
9 100009
9 957721053
9 730529470
9 998459593
9 809937300
9 469440240
9 100000009
9 658865779
9 299181295
9 100000009
9 100000009
9 653391724
9 100009
9 473820509
9 100009
9 157366219
9 100009
9 100009
9 100009
9 10009
9 100009
9 100009
9 811730719
9 249009147
9 204531079
9 100000009
9 910641258
9 663433619
9 658873049
9 100009
9 100009
9 990859526
9 451476639
9 720015819
9 377812609
9 897881513
9 100000009
9 144087926
9 154842819
9 100000009
9 100009
9 100009
9 100009
9 938727582
9 100009
9 702212945
9 515512092
9 500724209
9 312629199
9 170774969
9 687684769
9 330311709
9 100009
9 100000009
9 859429287
9 682560933
9 100000009
9 100009
9 207423639
9 100009
9 100000009
9 465923648
9 100009
9 285658469
9 785694259
9 563612559
9 100009
9 774858889
9 10009
9 832169850
9 852540933
9 722110779
9 100000009
9 364927783
9 663409907
9 160090185
9 100000009
9 100000009
9 100009
9 100009
9 100009
9 100000009
9 100009
9 100000009
9 272800926
9 592933723
9 100009
9 454185719
9 100009
9 100009
9 197329842
9 100009
9 100009
9 100009
9 538568289
9 426321809
9 100009
9 920145329
9 319944329
9 100009
9 923276606
9 730772915
9 787506209
9 856653149
9 100000009
9 399416401
9 100009
9 887921226
9 100009
9 210175039
9 406863859
9 100009
9 100000009
9 492675926
9 802211779
9 422325079
9 100000009
9 766959549
9 983203295
9 530159913
9 123744098
9 100009
9 100009
9 589138520
9 836873219
9 100009
9 100009
9 924087825
9 804270569
9 10009
9 100009
9 100000009
9 100000009
9 100009
9 212434489
9 100009
9 100000009
9 836837819
9 100009
9 154782928
9 100009
9 963771108
9 634435859
9 527311739
9 156210669
9 630332769
9 100009
9 743872129
9 417292320
9 100000009
9 159618684
9 100000009
9 213459219
9 402712319
9 381122490
9 100000009
9 100009
9 653276289
9 467333869
9 805111179
9 528180197
9 100009
9 683039483
9 827525129
9 124684169
9 950198372
9 100009
9 903728955
9 898995200
9 629572296
9 100000009
9 468933419
9 679308806
9 100000009
9 100009
9 100009
9 258755689
9 860914621
9 224183459
9 100000009
9 684103709
9 100009
9 100009
9 381019312
9 893039461
9 323690120
9 182685529
9 179620296
9 377713449
9 100009
9 912384548
9 162920946
9 100009
9 100000009
9 289452852
9 177315049
9 678371739
9 708164479
9 551282149
9 563742779
9 100000009
9 100009
9 590951236
9 979327690
9 543243892
9 152182859
9 100000009
9 100009
9 408448907
9 100009
9 988264056
9 100009
9 346649858
9 100009
9 100009
9 100000009
9 570279496
9 912039380
9 712384429
9 927965598
9 100009
9 666650529
9 236623729
9 307144499
9 361959091
9 109
9 100009
9 806455809
9 100893947
9 106631029
9 100009
9 873752296
9 295910971
9 125680529
9 139378152
9 100009
9 100009
9 868159171
9 768247179
9 511959097
9 100009
9 791364218
9 726431119
9 784055579
9 100009
9 359797403
9 641887819
9 457923965
9 10009
9 100009
9 100009
9 876926374
9 100009
9 524007689
9 452845559
9 264824269
9 953441645
9 100000009
9 100009
9 787977460
9 100000009
9 100000009
9 600689209
9 100009
9 907695995
9 409094220
9 765848269
9 946305812
9 138448719
9 313113309
9 831128359
9 100009
9 350301179
9 332346079
9 440922992
9 100009
9 233391073
9 100009
9 100009
9 100000009
9 874589299
9 932822449
9 100009
9 556760569
9 100009
9 100009
9 100009
9 537386409
9 781566957
9 100009
9 849814198
9 609284998
9 399857783
9 100009
9 127771796
9 100009
9 781702958
9 362074189
9 100000009
9 296624108
9 988671662
9 420658749
9 357036139
9 604486809
9 100000009
9 100000009
9 108710894
9 1000009
9 100000009
9 237870709
9 100009
9 434832549
9 799205300
9 330971640
9 100000009
9 100000009
9 100009
9 100009
9 933028513
9 100009
9 919497202
9 100009
9 350095543
9 100000009
9 112606097
9 469801372
9 699253460
9 10009
9 100009
9 568009142
9 100009
9 177315895
9 197746241
9 835552589
9 883115109
9 841176309
9 412604409
9 100009
9 548802090
9 100000009
9 541516019
9 401524492
9 571531869
9 662356469
9 100009
9 235659359
9 316361589
9 768944760
9 639626365
9 505273169
9 100009
9 606933184
9 100009
9 108615879
9 100009
9 100009
9 217325719
9 923452135
9 10009
9 728693424
9 673832792
9 219327110
9 904267845
9 194331878
9 100009
9 100009
9 100009
9 100009
9 100009
9 520191937
9 743859602
9 100009
9 100000009
9 846297166
9 100009
9 804933452
9 488295975
9 100009
9 853884937
9 100009
9 630192851
9 893943611
9 717651669
9 349167803
9 810464119
9 954123683
9 834639352
9 718864169
9 610296624
9 100009
9 947385371
9 100009
9 379293266
9 164702559
9 100009
9 279905041
9 738192549
9 100000009
9 100009
9 100009
9 709006659
9 100009
9 847740519
9 100009
9 100009
9 100000009
9 100000009
9 934255521
9 161120769
9 132170839
9 107995654
9 987188225
9 275235289
9 100000009
9 453958951
9 260650695
9 413124619
9 100009
9 503460189
9 169286283
9 100000009
9 679980398
9 100009
9 100009
9 100009
9 672803249
9 124248129
9 100009
9 689348294
9 322330109
9 100009
9 357595835
9 800288359
9 984215682
9 100009
9 100009
9 982264064
9 881268339
9 100000009
9 100009
9 100000009
9 742065149
9 583327729
9 977011907
9 402952656
9 561667917
9 636271339
9 100000009
9 100009
9 100000009
9 789885706
9 678880469
9 100009
9 259382076
9 100009
9 763008079
9 210727219
9 100000009
9 100000009
9 897880811
9 100009
9 100009
9 100009
9 404926131
9 761664539
9 100009
9 805709324
9 506255339
9 100009
9 851751709
9 100009
9 154619660
9 640596529
9 216990282
9 426440669
9 100009
9 221082019
9 495206611
9 100000009
9 371015984
9 100009
9 108510029
9 696765081
9 316208879
9 797487259
9 729856441
9 100009
9 100009
9 685644990
9 100009
9 655024619
9 897710959
9 100009
9 100000009
9 100000009
9 680810769
9 100000009
9 815147729
9 859406707
9 742096674
9 972489834
9 800865549
9 10009
9 514725596
9 100000009
9 100009
9 309798032
9 100000009
9 100009
9 100000009
9 683260109
9 100009
9 100000009
9 198856604
9 497895992
9 100009
9 100009
9 100009
9 393799817
9 701334189
9 699890140
9 100009
9 100009
9 252349391
9 100009
9 100009
9 923043660
9 651880559
9 546517389
9 100009
9 1000009
9 552498309
9 526049432
9 176510319
9 100009
9 292569892
9 190783380
9 835786972
9 855311189
9 781688539
9 100009
9 371799378
9 142238789
9 100009
9 368687389
9 688885709
9 535784079
9 100000009
9 394388830
9 100009
9 290852184
9 100009
9 910522492
9 100009
9 100009
9 100009
9 100009
9 318453497
9 255207289
9 358505009
9 100000009
9 100009
9 100009
9 850246449
9 901901286
9 546147089
9 100000009
9 408893189
9 209630409
9 917981535
9 100000009
9 783089818
9 100009
9 855965220
9 695393369
9 100009
9 100009
9 271659766
9 638484936
9 650621926
9 100009
9 532955424
9 949524902
9 377504179
9 189915687
9 100009
9 982725824
9 762565729
9 224928316
9 100000009
9 100009
9 100000009
9 970552984
9 441695409
9 277321479
9 100000009
9 645628889
9 100009
9 611971028
9 688564709
9 698749420
9 10009
9 407204179
9 997005027
9 100009
9 100009
9 212744709
9 200146359
9 666414539
9 100009
9 100009
9 483799469
9 487981169
9 887470944
9 292772919
9 10009
9 100009
9 100000009
9 297337636
9 100009
9 829057580
9 10009
9 100009
9 632142859
9 408016579
9 100000009
9 100009
9 719985435
9 100009
9 100009
9 908604343
9 819740579
9 100009
9 198288549
9 100000009
9 183619477
9 718678859
9 939770556
9 100000009
9 186331319
9 100000009
9 705698094
9 100009
9 100009
9 994322112
9 901778719
9 723828709
9 100009
9 100000009
9 863610309
9 100009
9 100009
9 100000009
9 100000009
9 100009
9 457736329
9 100000009
9 100009
9 100000009
9 686085379
9 100009
9 100009
9 100000009
9 10009
9 765278988
9 997244950
9 819639137
9 183015129
9 100009
9 107263923
9 100009
9 100009
9 441962242
9 624900762
9 326815719
9 116726890
9 136470889
9 100009
9 100000009
9 599261012
9 583063549
9 776051889
9 100009
9 842439220
9 312538269
9 125889550
9 100000009
9 100009
9 930032883
9 532250809
9 949033012
9 312173579
9 389651315
9 100009
9 729065182
9 347490862
9 100009
9 983587048
9 927459781
9 100000009
9 100009
9 339905184
9 228725719
9 344594380
9 937866331
9 544997009
9 100000009
9 10009
9 100009
9 555318629
9 167506979
9 581009028
9 929761417
9 999181035
9 754134659
9 200119451
9 100000009
9 100009
9 610841689
9 772257199
9 435743489
9 513199351
9 100009
9 129802343
9 100009
9 335547619
9 100009
9 100009
9 100009
9 100009
9 100009
9 299564921
9 115350219
9 811268991
9 415436419
9 109654823
9 640642269
9 343146279
9 609215914
9 130130229
9 566458659
9 725397056
9 100009
9 349215304
9 368386439
9 613839874
9 950040417
9 502089860
9 869003381
9 346130879
9 496451261
9 100009
9 269919655
9 798628497
9 867353359
9 796930018
9 779745885
9 826241090
9 100009
9 857897609
9 195804196
9 100009
9 100009
9 201380189
9 530067039
9 100000009
9 495896747
9 363547639
9 386630987
9 969754702
9 526148179
9 268624965
9 473339626
9 458599405
9 868821269
9 783957490
9 100009
9 693051702
9 100009
9 433443579
9 100009
9 100009
9 201735929
9 100009
9 102501967
9 100009
9 100009
9 966977947
9 534482669
9 324898174
9 100009
9 960191489
9 100009
9 623983612
9 100009
9 410610759
9 232307079
9 934530372
9 855598555
9 528368292
9 100009
9 464348329
9 514061019
9 551233419
9 401708839
9 100009
9 100009
9 100009
9 758158797
9 521466869
9 100009
9 491152624
9 10009
9 415201359
9 100009
9 645679647
9 100009
9 136490470
9 314146259
9 482836529
9 336469316
9 882045493
9 789045715
9 752099535
9 100009
9 522111729
9 100009
9 100000009
9 10009
9 851877798
9 966213884
9 100000009
9 100009
9 1009
9 100009
9 100009
9 369433812
9 100009
9 669989526
9 100009
9 100000009
9 100000009
9 936009038
9 269111464
9 148868479
9 743797182
9 361203829
9 100009
9 872840559
9 100009
9 820316789
9 100000009
9 718489865
9 100009
9 719612015
9 172183689
9 100000009
9 906099320
9 117681965
9 252060992
9 541190578
9 100000009
9 674469344
9 100000009
9 100000009
9 100000009
9 694457374
9 825744179
9 930277513
9 319217867
9 100009
9 451599400
9 594380479
9 655174849
9 607427729
9 100000009
9 990291079
9 429705686
9 100009
9 100009
9 100009
9 100000009
9 100009
9 843949161
9 298562461
9 904761711
9 100009
9 376500349
9 100009
9 620173819
9 424578679
9 850749647
9 438767549
9 522420098
9 100009
9 466434449
9 345032519
9 613448319
9 432754579
9 100009
9 589744103
9 612953003
9 100009
9 100009
9 594590058
9 893272199
9 100009
9 100009
9 922309450
9 100000009
9 716845449
9 995986486
9 100009
9 100000009
9 100000009
9 259081824
9 625203932
9 100009
9 100009
9 100009
9 780461698
9 100000009
9 285183109
9 629699542
9 100009
9 254592084
9 274235209
9 466368869
9 100009
9 100009
9 100009
9 100009
9 133116539
9 100000009
9 100000009
9 752232098
9 954701295
9 100009
9 666631169
9 345611829
9 396898247
9 100009
9 10009
9 100009
9 100009
9 100009
9 248690265
9 100000009
9 770571029
9 688776923
9 100000009
9 100009
9 178876049
9 100009
9 100000009
9 100000009
9 387277529
9 100009
9 353338289
9 100009
9 993257426
9 314796586
9 425386819
9 927165625
9 100000009
9 298437443
9 100009
9 100009
9 301089757
9 685432319
9 100009
9 183840649
9 100009
9 379258002
9 100000009
9 100000009
9 100009
9 100000009
9 492376255
9 100000009
9 388082189
9 448924209
9 678901092
9 100009
9 808378619
9 221164394
9 100009
9 477828759
9 474333569
9 867974559
9 650684921
9 100009
9 100009
9 100000009
9 665274359
9 100009
9 10009
9 100009
9 138035529
9 168300189
9 100009
9 100009
9 932985367
9 947005772
9 557588149
9 100000009
9 100009
9 100009
9 682208889
9 374736869
9 100009
9 100009
9 513789961
9 100009
9 10009
9 554337289
9 100009
9 100009
9 100009
9 469551289
9 100009
9 132629089
9 100000009
9 981102468
9 100009
9 100009
9 100009
9 100009
9 970289745
9 163574609
9 100009
9 100000009
9 299490472
9 674574479
9 100009
9 100009
9 324184019
9 560353169
9 242435349
9 785187569
9 550012293
9 100000009
9 100009
9 570170439
9 100009
9 512162669
9 235260968
9 100000009
9 755045789
9 108081719
9 270700922
9 100000009
9 100009
9 193056234
9 629914623
9 100009
9 929421983
9 978770136
9 609689137
9 933829190
9 565016319
9 925928339
9 139842965
9 978581088
9 315116259
9 822010759
9 100000009
9 100009
9 634256953
9 611264539
9 842442159
9 241697498
9 100009
9 216691834
9 610408169
9 100009
9 778170029
9 100000009
9 746895821
9 248417059
9 100000009
9 647902018
9 100009
9 100009
9 981242169
9 600353119
9 100009
9 176364839
9 739910393
9 941157621
9 977459275
9 100009
9 724677549
9 962918636
9 171873329
9 372855409
9 328513109
9 100009
9 100000009
9 807240397
9 575408709
9 100000009
9 1009
9 100009
9 100009
9 493217033
9 100009
9 321001869
9 490053022
9 100009
9 741493399
9 330094801
9 100009
9 736020369
9 842167529
9 719356187
9 100000009
9 100009
9 201337791
9 234102490
9 878195310
9 100009
9 100000009
9 100009
9 888990143
9 100009
9 10009
9 991416408
9 415323089
9 100009
9 100009
9 100009
9 562310009
9 631890566
9 256666439
9 100009
9 494711211
9 100009
9 485436819
9 361710569
9 644964126
9 100009
9 804283649
9 10009
9 100009
9 100009
9 100009
9 10009
9 100009
9 231026109
9 700909443
9 805308269
9 868270639
9 780533129
9 257613079
9 100009
9 433058339
9 100000009
9 423221619
9 172388089
9 100000009
9 100009
9 399222258
9 184448059
9 100009
9 350332409
9 1009
9 816858109
9 100000009
9 577569334
9 165343729
9 540413249
9 782683269
9 100000009
9 100009
9 240974710
9 228969912
9 151782579
9 381398503
9 403325094
9 579903837
9 827261419
9 100009
9 711618569
9 574331789
9 916075761
9 702151779
9 100009
9 968926476
9 100000009
9 722693662
9 421280749
9 100009
9 100000009
9 674193143
9 100000009
9 100000009
9 640424019
9 185624019
9 714687569
9 456574189
9 900512757
9 959385264
9 891146763
9 151629957
9 601441369
9 204206719
9 214911347
9 100009
9 825755259
9 100009
9 100009
9 863369632
9 299629620
9 100009
9 100000009
9 100009
9 100009
9 100009
9 386947628
9 100000009
9 990933416
9 100000009
9 412317749
9 100009
9 100000009
9 998151880
9 404840279
9 794837185
9 713197394
9 750594635
9 449570484
9 100009
9 772989951
9 100009
9 941690225
9 430436339
9 724230609
9 100009
9 10009
9 973110179
9 388940432
9 677133892
9 819861838
9 100009
9 100009
9 100009
9 872803849
9 729968152
9 100009
9 568412309
9 100009
9 585279399
9 463437912
9 100009
9 616984413
9 100009
9 512315594
9 100009
9 365027919
9 766645569
9 100000009
9 387277169
9 831422951
9 100009
9 982075541
9 392913136
9 100009
9 184720449
9 475197916
9 675374469
9 610737469
9 383432469
9 373489145
9 538071769
9 100009
9 215001109
9 800859800
9 911191003
9 100009
9 100009
9 354544934
9 100009
9 270588189
9 100009
9 10009
9 100000009
9 100000009
9 100009
9 763071329
9 456334966
9 100009
9 100009
9 100009
9 100009
9 680405529
9 877427819
9 755370993
9 100009
9 100000009
9 100009
9 241321519
9 480917434
9 100009
9 925335870
9 100009
9 100009
9 682957172
9 583787439
9 585372459
9 100000009
9 370342269
9 270444309
9 959692790
9 362353149
9 989547821
9 121532829
9 258952237
9 10009
9 100000009
9 100009
9 254277889
9 100000009
9 100009
9 100009
9 210872917
9 100000009
9 168149940
9 100000009
9 100009
9 147075239
9 100009
9 456837529
9 603528291
9 100009
9 100009
9 385457609
9 100009
9 100009
9 465548769
9 621179849
9 100009
9 33757349
9 765794827
9 866862319
9 165594680
9 947300544
9 100000009
9 886550679
9 438904876
9 1000009
9 434325349
9 680485679
9 174478889
9 911147073
9 932218402
9 403066697
9 374549998
9 631703359
9 334773579
9 157546960
9 100009
9 521290200
9 762233289
9 237170489
9 100009
9 10009
9 105002039
9 873218049
9 710054039
9 100000009
9 851068429
9 100009
9 859090405
9 387586429
9 10009
9 100009
9 100000009
9 646377978
9 761624369
9 516868479
9 10009
9 100000009
9 537185559
9 993401602
9 869564858
9 100009
9 100009
9 655126849
9 866899820
9 100009
9 822392413
9 100000009
9 10009
9 190325153
9 150902620
9 100009
9 966564102
9 100009
9 398104005
9 403773950
9 443853749
9 202025369
9 100009
9 733464798
9 856601982
9 897986626
9 100009
9 287541829
9 542424239
9 100000009
9 100009
9 689533718
9 555111494
9 633720589
9 10009
9 935370495
9 100009
9 734660639
9 100000009
9 100009
9 755239397
9 100009
9 804100239
9 100009
9 692425271
9 789566431
9 10009
9 100009
9 100000009
9 100000009
9 100009
9 743064619
9 577090524
9 100000009
9 782697919
9 200119480
9 799863144
9 100009
9 232930909
9 162564109
9 100009
9 100009
9 100009
9 708993619
9 270787029
9 100000009
9 425575449
9 400621439
9 100009
9 128359301
9 835809312
9 855186794
9 389153065
9 100009
9 100000009
9 873653389
9 585625109
9 926994140
9 675178519
9 320527059
9 724504189
9 561271889
9 795131273
9 173320179
9 787003509
9 359472518
9 100000009
9 100009
9 639253429
9 100009
9 983882927
9 781292975
9 408090860
9 738253789
9 488502159
9 100009
9 100000009
9 778203319
9 100009
9 100000009
9 147773169
9 743834689
9 100009
9 639406882
9 963993769
9 169763982
9 658551489
9 100009
9 984963421
9 100009
9 141412079
9 431767869
9 100009
9 100000009
9 828637559
9 163645859
9 469423808
9 546136469
9 100009
9 100000009
9 100009
9 445604639
9 10009
9 696210740
9 946429917
9 100009
9 286923434
9 678425249
9 599534511
9 100009
9 414116490
9 917151631
9 100009
9 244559261
9 453828549
9 628174849
9 936431464
9 1000009
9 572626249
9 375805469
9 445670219
9 899754587
9 884624449
9 717334869
9 193583727
9 10009
9 100000009
9 100000009
9 482083697
9 100000009
9 377782689
9 10009
9 100000009
9 10009
9 100000009
9 100000009
9 945936985
9 182338169
9 10009
9 100000009
9 710620995
9 100000009
9 290700607
9 508731189
9 100000009
9 100009
9 549013285
9 751509109
9 100009
9 100009
9 446973252
9 397683603
9 100000009
9 367722549
9 844864019
9 991724255
9 350365948
9 337853329
9 100000009
9 100009
9 793929937
9 344108809
9 340550419
9 899403332
9 100009
9 100009
9 100000009
9 100009
9 306409257
9 10009
9 731826369
9 100000009
9 100000009
9 933969975
9 287960034
9 100009
9 246156329
9 100000009
9 957585316
9 100009
9 571143594
9 357523169
9 100009
9 976291426
9 566561859
9 100000009
9 246497100
9 865186139
9 432763319
9 202234389
9 484628089
9 100000009
9 115957343
9 407321679
9 287421269
9 664906325
9 545138879
9 100000009
9 577476579
9 770108689
9 476320219
9 100009
9 100009
9 100009
9 459824604
9 100009
9 636088429
9 100009
9 100009
9 100009
9 100000009
9 309085725
9 100000009
9 858356893
9 828229301
9 100009
9 279915978
9 100009
9 100009
9 756469207
9 836835973
9 100000009
9 100009
9 100009
9 300804709
9 908914148
9 859793778
9 740989675
9 176551239
9 669637943
9 753419264
9 100009
9 797629280
9 780182889
9 100000009
9 926358351
9 100009
9 684919092
9 973032897
9 274811729
9 938822814
9 824115489
9 100009
9 838118889
9 100009
9 944268086
9 100000009
9 100000009
9 100009
9 876414915
9 910883731
9 277102249
9 100000009
9 421170749
9 689983001
9 249646681
9 409421280
9 556821918
9 394966173
9 100009
9 100009
9 100009
9 925482818
9 355056159
9 100009
9 135691809
9 100000009
9 402144239
9 100000009
9 100009
9 924174674
9 100009
9 100009
9 100009
9 892675233
9 615294877
9 100009
9 451402079
9 547019313
9 452677519
9 100009
9 18246089
9 100009
9 100009
9 332318179
9 583677809
9 10009
9 447506494
9 100009
9 113855936
9 493897175
9 710680974
9 908719904
9 100009
9 316337869
9 841847589
9 100009
9 225845897
9 100009
9 100000009
9 100009
9 171423229
9 100000009
9 100009
9 100009
9 100009
9 668953511
9 188062499
9 100009
9 100009
9 615167916
9 117357869
9 100009
9 494278057
9 925472201
9 547996521
9 161718509
9 100000009
9 240957216
9 382051933
9 168997975
9 100009
9 542714639
9 404878289
9 100009
9 349861609
9 977929347
9 100009
9 829447155
9 472188659
9 111975546
9 224329770
9 687811129
9 100000009
9 100009
9 382715249
9 100000009
9 148529703
9 724205409
9 100009
9 851867489
9 727572953
9 100009
9 100009
9 715531019
9 200398152
9 453116679
9 100009
9 305104729
9 100000009
9 967770955
9 100009
9 100009
9 100009
9 194905429
9 1000009
9 100009
9 396032386
9 223871659
9 100009
9 375695783
9 677535119
9 471237169
9 886117219
9 233300259
9 554600069
9 655020519
9 864800259
9 275468791
9 308042859
9 100009
9 100009
9 567344669
9 546502591
9 714638809
9 822781509
9 100009
9 100009
9 497695848
9 237178089
9 250813589
9 839282833
9 10009
9 247049612
9 100009
9 964476544
9 581283049
9 10009
9 10009
9 100000009
9 254731198
9 477299684
9 100009
9 845486349
9 778342729
9 10009
9 125877779
9 100009
9 194507247
9 286410993
9 666435469
9 524431090
9 562295833
9 256612809
9 634163589
9 100009
9 100009
9 894890598
9 422235095
9 10000009
9 100009
9 100000009
9 318279310
9 356581549
9 841514349
9 10009
9 100009
9 100009
9 100009
9 253220569
9 875385379
9 375252294
9 234589840
9 452751493
9 100009
9 822499930
9 113292020
9 100009
9 643600966
9 554909207
9 100009
9 945999519
9 100009
9 100009
9 321957773
9 692013622
9 673205359
9 739613620
9 875823789
9 523067698
9 100009
9 100000009
9 707400954
9 523646239
9 456475429
9 100009
9 100009
9 717379337
9 100009
9 744608819
9 124763709
9 380611946
9 991707040
9 100009
9 100009
9 286179099
9 10009
9 938161366
9 100000009
9 100000009
9 882445093
9 100009
9 884108139
9 653103549
9 100000009
9 100009
9 723208049
9 100009
9 100009
9 100009
9 10009
9 189298572
9 693651903
9 494115893
9 191490384
9 100009
9 100000009
9 100009
9 100000009
9 100009
9 269650917
9 970787657
9 100009
9 323077039
9 277729304
9 419163623
9 641692910
9 100009
9 945991080
9 161800329
9 100009
9 931578639
9 957911251
9 948170970
9 100009
9 664184159
9 662167189
9 100009
9 100009
9 100000009
9 10009
9 100000009
9 100009
9 100000009
9 180443594
9 294062623
9 588507269
9 902476786
9 100000009
9 940612542
9 936156407
9 891610600
9 100000009
9 100009
9 687907211
9 100000009
9 632633259
9 916716295
9 316365789
9 113090474
9 923972264
9 100009
9 100009
9 100000009
9 100009
9 396986721
9 100000009
9 10009
9 450386619
9 645276929
9 174633539
9 100000009
9 443153679
9 100009
9 548905782
9 100000009
9 100009
9 100000009
9 100009
9 100009
9 100000009
9 249795656
9 725334789
9 320605109
9 271721849
9 100009
9 442015439
9 375974007
9 176029060
9 100009
9 516340519
9 100009
9 10009
9 797300034
9 100000009
9 10009
9 100009
9 638448069
9 393769077
9 100009
9 801565719
9 310556985
9 106526549
9 584468079
9 100009
9 100000009
9 451919848
9 484461549
9 547606249
9 100009
9 261044609
9 959196416
9 100000009
9 233444269
9 406618239
9 602706769
9 243298541
9 838505479
9 826871029
9 393198830
9 776135469
9 100009
9 100009
9 100009
9 479719383
9 294589621
9 360584809
9 321133249
9 346039199
9 698269868
9 278220549
9 172559411
9 996622105
9 162181429
9 892130305
9 463230819
9 251728049
9 930459504
9 100009
9 646792013
9 100009
9 1009
9 134716469
9 350514829
9 479146360
9 100009
9 100000009
9 100009
9 100009
9 861210459
9 100009
9 188022049
9 100000009
9 958089668
9 512541279
9 166214985
9 100009
9 10009
9 1009
9 100000009
9 10009
9 326214789
9 100009
9 100009
9 500025619
9 100009
9 100000009
9 100009
9 240199829
9 449895460
9 100000009
9 724333209
9 100009
9 526698903
9 297435588
9 100009
9 225215496
9 100009
9 688642059
9 100009
9 727975667
9 668019136
9 867368459
9 444862049
9 587785791
9 686885819
9 480450889
9 100009
9 100000009
9 100000009
9 752081879
9 100000009
9 100009
9 100009
9 100009
9 100009
9 44321819
9 856224509
9 269532230
9 647556429
9 610765974
9 510427709
9 100000009
9 783449271
9 429072148
9 653982566
9 100009
9 855402709
9 100000009
9 458239293
9 10009
9 100009
9 100009
9 100009
9 100000009
9 100009
9 564763459
9 100009
9 100009
9 100009
9 808533879
9 141853559
9 10009
9 678133906
9 275279087
9 672957167
9 504048309
9 713464219
9 666581819
9 748483935
9 100009
9 504466109
9 733551319
9 100009
9 506721059
9 100009
9 912003494
9 829890172
9 100000009
9 782848209
9 406572956
9 684326369
9 10000009
9 632339566
9 319706102
9 100009
9 10009
9 965060814
9 100000009
9 731400925
9 630140994
9 675282629
9 207939312
9 944486541
9 505091791
9 245878069
9 100009
9 830167977
9 830919740
9 100000009
9 100009
9 172929631
9 100009
9 680171729
9 100009
9 545039064
9 160701509
9 646375294
9 537521159
9 353328859
9 100000009
9 663106389
9 742540091
9 921747288
9 895405352
9 100009
9 452233039
9 705693233
9 178799972
9 344940918
9 313061379
9 10009
9 633358719
9 100000009
9 632467794
9 768582819
9 100009
9 226602559
9 727830290
9 153105289
9 176797717
9 10009
9 275121769
9 660382879
9 525821639
9 233454829
9 100000009
9 171670279
9 100009
9 122949522
9 816765591
9 949933203
9 100009
9 100009
9 613964299
9 173958528
9 100000009
9 637084709
9 337504519
9 588886339
9 639502665
9 378698014
9 814670459
9 516672539
9 471468319
9 100009
9 764269941
9 787259486
9 100009
9 407299246
9 186562579
9 410176879
9 507843897
9 791906576
9 616429865
9 100009
9 614285519
9 100000009
9 100000009
9 100009
9 310945298
9 494519674
9 100000009
9 100009
9 588303679
9 987538340
9 804362879
9 271648279
9 459806734
9 100000009
9 384385049
9 811895684
9 100009
9 100000009
9 676629044
9 945527832
9 10009
9 100009
9 100000009
9 10009
9 590600367
9 348744913
9 800388329
9 126694474
9 364020294
9 348935643
9 589839732
9 10009
9 100000009
9 100009
9 408609155
9 100009
9 209886274
9 100000009
9 403890937
9 100009
9 328666649
9 100009
9 100000009
9 597574284
9 100009
9 542235889
9 100009
9 100009
9 100009
9 100000009
9 595215260
9 100000009
9 749576271
9 100009
9 799196174
9 853094328
9 463847960
9 100009
9 381392255
9 342272559
9 470156729
9 100009
9 869063624
9 916201595
9 10009
9 139844740
9 100000009
9 950500215
9 100009
9 100000009
9 314485889
9 10009
9 100009
9 239093300
9 100000009
9 100009
9 164617859
9 100009
9 770108009
9 100000009
9 323660509
9 490948091
9 595104287
9 819527156
9 710308879
9 100000009
9 100000009
9 291680463
9 1000009
9 770070239
9 356689519
9 100009
9 100009
9 100009
9 803540019
9 205987271
9 100009
9 583796760
9 298214032
9 854038079
9 638634179
9 696815988
9 210323609
9 100009
9 687313139
9 857972993
9 100009
9 143931214
9 785480239
9 962635806
9 517391846
9 100000009
9 273595261
9 829287020
9 549790174
9 882363769
9 135820197
9 823333229
9 100009
9 100000009
9 100009
9 263984178
9 237657329
9 950197770
9 100000009
9 100009
9 426320019
9 605598558
9 254198274
9 585711509
9 100000009
9 480326329
9 100009
9 853297151
9 924335132
9 370781789
9 150281932
9 162373359
9 395412569
9 550334369
9 434298105
9 100000009
9 792700645
9 668328679
9 100009
9 394081741
9 100009
9 867685159
9 723110975
9 683543039
9 100009
9 100009
9 100009
9 669627440
9 400252519
9 951421481
9 100009
9 10009
9 297334596
9 100000009
9 100009
9 511944579
9 660322759
9 323174479
9 422215079
9 381484179
9 100000009
9 100009
9 100009
9 10009
9 181046950
9 337184119
9 100009
9 100009
9 919196100
9 100000009
9 100009
9 100009
9 359211952
9 134920524
9 827769853
9 603529918
9 100009
9 594818430
9 150543529
9 858834539
9 100000009
9 385114339
9 440178196
9 514697972
9 100009
9 718549090
9 621668539
9 236709182
9 588492019
9 100009
9 113770298
9 575337439
9 266057349
9 100009
9 513499591
9 100000009
9 100000009
9 100000009
9 401247249
9 589664457
9 261231449
9 553150859
9 100009
9 100009
9 990540049
9 890656669
9 100000009
9 10009
9 859268687
9 100009
9 1009
9 389422274
9 231042079
9 394826072
9 100000009
9 100009
9 346095240
9 973256163
9 105772639
9 950622683
9 100009
9 626822911
9 260555719
9 586947319
9 595479554
9 809384118
9 350240953
9 100000009
9 942955085
9 100009
9 263174209
9 215089875
9 420248369
9 422961057
9 100009
9 100009
9 100009
9 100009
9 876795973
9 927288818
9 232321119
9 291697485
9 100000009
9 100000009
9 10009
9 267794131
9 728087049
9 327771269
9 138672915
9 100009
9 100000009
9 100009
9 100009
9 100000009
9 990156775
9 100000009
9 100009
9 271020649
9 100009
9 100009
9 737302669
9 251365219
9 705762409
9 783559294
9 100000009
9 100009
9 839391253
9 636889814
9 478061829
9 100009
9 100009
9 178580649
9 100000009
9 584431369
9 100000009
9 685833889
9 895630911
9 952786226
9 177689321
9 689353535
9 100009
9 100009
9 380497609
9 201077539
9 100009
9 144154339
9 100009
9 1000009
9 452148409
9 100009
9 360133369
9 100000009
9 100009
9 100009
9 361749802
9 100000009
9 377588469
9 100009
9 464648029
9 907944734
9 862196379
9 300098515
9 288745529
9 100000009
9 979022478
9 331462209
9 286266059
9 978744892
9 271267439
9 10009
9 100009
9 752457159
9 819780097
9 299861305
9 100009
9 962404083
9 155187829
9 10009
9 434494254
9 630121119
9 100009
9 215900840
9 100000009
9 579614185
9 100009
9 827152029
9 534027479
9 100009
9 100009
9 100000009
9 100009
9 969385501
9 61214193
9 741760269
9 100009
9 307522149
9 100009
9 156164639
9 100009
9 763725779
9 878442639
9 191187495
9 951301739
9 100000009
9 702000919
9 100009
9 260159240
9 869859367
9 971812271
9 100000009
9 100009
9 100000009
9 100000009
9 761870039
9 100000009
9 700035109
9 248503729
9 10009
9 10009
9 714783109
9 165565929
9 444974172
9 140416591
9 494024727
9 100009
9 100009
9 458391296
9 100009
9 830220089
9 286416719
9 815876039
9 398951782
9 100009
9 400098965
9 100000009
9 618084339
9 728311219
9 385374459
9 100009
9 100000009
9 643394699
9 588888991
9 601284970
9 100009
9 100009
9 100009
9 100000009
9 100009
9 100009
9 518379928
9 593643890
9 100009
9 461444149
9 745702769
9 439955606
9 100000009
9 220617879
9 815677059
9 100009
9 100000009
9 630910667
9 418006789
9 100009
9 100000009
9 100009
9 100000009
9 100009
9 200973468
9 824692236
9 266734529
9 100009
9 47850296
9 100009
9 100009
9 317873199
9 258309576
9 956441870
9 718445569
9 469667753
9 100009
9 203646469
9 382544809
9 833003928
9 100009
9 100000009
9 100000009
9 587486999
9 10009
9 665852469
9 100009
9 795691570
9 100009
9 421457957
9 100000009
9 899552416
9 100000009
9 100009
9 948149372
9 100009
9 719808328
9 872181289
9 100000009
9 996166011
9 295079299
9 100009
9 255588579
9 923327745
9 894461294
9 10009
9 100009
9 100009
9 100009
9 876886396
9 100009
9 954050651
9 788315896
9 788801579
9 502396448
9 663681290
9 964435790
9 100009
9 100009
9 100009
9 792732843
9 100000009
9 238995630
9 100009
9 227698882
9 766767009
9 100009
9 100000009
9 815656589
9 559655638
9 100000009
9 100000009
9 396249841
9 10009
9 100000009
9 100009
9 560524669
9 260055393
9 100009
9 100009
9 100009
9 277681059
9 727622029
9 285383539
9 100009
9 271616926
9 537217729
9 100000009
9 976556133
9 100000009
9 370826079
9 100009
9 100009
9 669889537
9 762709069
9 797487499
9 10009
9 100000009
9 698492536
9 100009
9 216850889
9 624554289
9 384994658
9 100009
9 100009
9 487753809
9 615621396
9 489485325
9 856932125
9 465097663
9 100009
9 100000009
9 180772669
9 100009
9 100000009
9 987277418
9 334304399
9 100000009
9 100009
9 489431141
9 10009
9 100009
9 985541297
9 311178906
9 10009
9 334946639
9 100000009
9 239772655
9 100009
9 100009
9 905066958
9 100009
9 256465319
9 922714256
9 100009
9 615515889
9 137027309
9 100009
9 427091071
9 906597458
9 596084652
9 100009
9 545374339
9 100000009
9 100009
9 228791209
9 109820763
9 120690358
9 100009
9 513255139
9 125460969
9 191220685
9 961473914
9 953201244
9 680346539
9 100009
9 513992881
9 619010408
9 690739265
9 100009
9 124221794
9 941857062
9 899754371
9 147409426
9 200582089
9 100009
9 544071389
9 390119732
9 1000009
9 183355379
9 100009
9 100000009
9 100009
9 100009
9 100000009
9 334895183
9 298921323
9 463071294
9 265109243
9 726563592
9 100009
9 644218958
9 513315029
9 100000009
9 525012359
9 325510469
9 100009
9 100009
9 100009
9 171258889
9 476959626
9 551453689
9 100009
9 100009
9 100009
9 740748941
9 100009
9 878846389
9 100000009
9 601596733
9 10009
9 100009
9 100009
9 517080119
9 520112619
9 676685289
9 877712569
9 745403931
9 100009
9 100009
9 881061295
9 100009
9 100000009
9 178797250
9 421546090
9 372100839
9 306383489
9 170476992
9 183523799
9 100000009
9 364726279
9 243529638
9 100000009
9 100009
9 367655339
9 465490347
9 976494698
9 100009
9 678919805
9 100000009
9 118114529
9 464446759
9 100009
9 742825549
9 676071109
9 113812993
9 143520039
9 100000009
9 100000009
9 100009
9 667725569
9 100000009
9 100009
9 354164950
9 304690777
9 100009
9 100009
9 950793716
9 639803156
9 100127529
9 100000009
9 1009
9 754026891
9 100009
9 100000009
9 929683304
9 406370779
9 543345259
9 100009
9 100009
9 805017029
9 100009
9 977956428
9 803082935
9 715528689
9 100009
9 969445648
9 100009
9 100000009
9 745633669
9 100000009
9 100009
9 100000009
9 100009
9 100000009
9 521353519
9 262611429
9 497170562
9 923982953
9 100000009
9 100009
9 600016019
9 538320379
9 100009
9 396931881
9 761045609
9 391202414
9 191368919
9 100009
9 724415894
9 100009
9 100009
9 100009
9 100009
9 740607459
9 100009
9 100000009
9 689040927
9 797334801
9 997177168
9 125418309
9 267541639
9 100009
9 100000009
9 815137397
9 357882869
9 720481519
9 100009
9 469461134
9 262616479
9 499213947
9 150581914
9 140898279
9 100009
9 376890426
9 824290867
9 148325339
9 139485895
9 457907185
9 191904429
9 443839003
9 100009
9 407948606
9 494295439
9 100000009
9 100009
9 100000009
9 100009
9 947192307
9 651715379
9 537203239
9 914066988
9 100009
9 100000009
9 288130289
9 100000009
9 400465129
9 100009
9 100009
9 686210938
9 100009
9 100009
9 918633902
9 873111926
9 100009
9 617820709
9 934288463
9 100000009
9 856554569
9 762396432
9 100009
9 100009
9 100009
9 914750462
9 100000009
9 100009
9 425395670
9 100009
9 100009
9 795464399
9 775931935
9 100009
9 100000009
9 100009
9 260282679
9 602023769
9 100000009
9 353733109
9 832906177
9 175200696
9 815434922
9 100009
9 1000009
9 100009
9 180018790
9 117840569
9 449865415
9 718858139
9 951264187
9 100009
9 100009
9 399349494
9 100009
9 100009
9 100000009
9 926804756
9 10009
9 459742971
9 327931423
9 100009
9 10009
9 100009
9 885153159
9 315134559
9 100009
9 317774779
9 100009
9 802179851
9 891142877
9 823749424
9 952644102
9 185390303
9 100000009
9 968747722
9 100009
9 100009
9 103340539
9 317458796
9 868128469
9 132605329
9 100009
9 100009
9 100000009
9 304166319
9 684619092
9 138188289
9 793772347
9 100009
9 750668593
9 100009
9 552780947
9 877669514
9 602761956
9 847487279
9 939676806
9 196869518
9 406562859
9 100000009
9 402906557
9 817697974
9 100009
9 100009
9 772941098
9 194772402
9 465341949
9 734392801
9 100009
9 112934782
9 999635329
9 187383609
9 868108149
9 100000009
9 100009
9 100009
9 836609479
9 883571459
9 692648790
9 100000009
9 194570545
9 371443479
9 550463889
9 202700019
9 100009
9 100009
9 100000009
9 336953244
9 122851619
9 100000009
9 944091822
9 100009
9 100000009
9 952936368
9 100009
9 100000009
9 343668539
9 423038289
9 830202789
9 100009
9 100009
9 100009
9 391283524
9 100009
9 512758946
9 356678309
9 687073569
9 774179487
9 100009
9 100009
9 10009
9 925484463
9 410533479
9 136461789
9 670633729
9 100000009
9 167314789
9 857768329
9 544713589
9 352339030
9 110100169
9 100009
9 344941815
9 990916897
9 100000009
9 919257921
9 100009
9 600444029
9 100009
9 875910186
9 217818981
9 100009
9 100009
9 100009
9 263643298
9 690030638
9 233116389
9 100000009
9 932240461
9 838862698
9 595262310
9 974153497
9 916691281
9 748979090
9 10009
9 726447769
9 100009
9 208833296
9 100009
9 100009
9 770972441
9 100009
9 207871409
9 100009
9 10009
9 803510049
9 100009
9 707722589
9 868112929
9 445959951
9 670099785
9 729862000
9 100009
9 415828059
9 523504298
9 100000009
9 100009
9 1000009
9 100000009
9 499596510
9 807592503
9 783729118
9 800769575
9 100009
9 772899959
9 271598461
9 100000009
9 887392252
9 101623689
9 100000009
9 390157808
9 563786159
9 713701953
9 264586209
9 10009
9 878410649
9 100009
9 945988350
9 100009
9 273291010
9 664764609
9 288145539
9 100000009
9 112957962
9 416784194
9 622639646
9 10009
9 100009
9 100009
9 665259990
9 538284970
9 996740814
9 206003839
9 708734489
9 947218585
9 1000009
9 100000009
9 100009
9 655152379
9 100000009
9 892268841
9 100009
9 100009
9 182844779
9 100009
9 559888095
9 100009
9 100009
9 100009
9 100009
9 183150869
9 682628669
9 388282934
9 125559308
9 517210819
9 105301199
9 730850589
9 100000009
9 925227091
9 100000009
9 100000009
9 226309619
9 100009
9 100009
9 165400889
9 100000009
9 10009
9 956181119
9 948853796
9 100009
9 964834053
9 499761724
9 532648439
9 100009
9 356847389
9 424338839
9 100009
9 100009
9 179437542
9 100009
9 341211269
9 701681509
9 121874739
9 386850759
9 100000009
9 100009
9 205653289
9 675038729
9 100000009
9 953642473
9 440845029
9 860611539
9 730455649
9 100009
9 100009
9 100000009
9 100000009
9 458469690
9 100009
9 100009
9 100009
9 959634948
9 100000009
9 100000009
9 381658729
9 100009
9 469311004
9 333821819
9 228272169
9 100009
9 10009
9 681220209
9 100009
9 100000009
9 439588772
9 100009
9 190131352
9 269264478
9 244512910
9 100009
9 454662179
9 100009
9 100009
9 100009
9 100009
9 100000009
9 773139451
9 100009
9 470720978
9 100009
9 777422693
9 100000009
9 973198657
9 100009
9 100000009
9 100009
9 100009
9 768277329
9 904365090
9 100000009
9 907619550
9 100000009
9 797336765
9 546457980
9 979257749
9 727414349
9 352829581
9 100009
9 100009
9 126595722
9 100009
9 100009
9 100000009
9 895861232
9 100009
9 100009
9 100009
9 441575119
9 413042869
9 523411119
9 733734269
9 100009
9 638679402
9 493482931
9 535713593
9 643571169
9 100009
9 100000009
9 100009
9 100009
9 100000009
9 100009
9 10009
9 811021339
9 768894254
9 100009
9 100009
9 100009
9 901889318
9 579297419
9 100009
9 100000009
9 100009
9 960930186
9 240251249
9 100009
9 763308690
9 228894555
9 187890328
9 1009
9 1000009
9 10009
9 100009
9 960026786
9 100009
9 836780469
9 470049525
9 100009
9 320425409
9 10009
9 442372947
9 10009
9 100009
9 675095117
9 100009
9 525636659
9 563594783
9 100000009
9 574242319
9 684542779
9 157622609
9 728900316
9 189409908
9 346708859
9 850011469
9 851438693
9 524590783
9 100009
9 100000009
9 1000009
9 464548009
9 680570849
9 100009
9 960599762
9 616879522
9 450098608
9 322987490
9 707433099
9 100009
9 727012496
9 431140983
9 10009
9 100009
9 409154857
9 875699588
9 657601509
9 100000009
9 336671769
9 484394284
9 100009
9 100009
9 323168709
9 621176209
9 922074521
9 100009
9 339078825
9 630296945
9 100000009
9 409564989
9 715556679
9 394572936
9 352616309
9 885945824
9 249845354
9 555132769
9 383298250
9 100000009
9 294401221
9 100009
9 100009
9 154649090
9 100000009
9 842162419
9 100000009
9 492426835
9 161169281
9 572418629
9 488754691
9 294393813
9 100000009
9 100009
9 894638834
9 194877066
9 288293792
9 625947684
9 100000009
9 100009
9 534522669
9 219409254
9 100009
9 100009
9 100000009
9 267344982
9 294881484
9 526677479
9 100009
9 703502189
9 100009
9 697739421
9 759981735
9 225803943
9 100009
9 348838079
9 978766155
9 100000009
9 100009
9 984254169
9 695748502
9 100009
9 903461869
9 100009
9 100009
9 235229088
9 100009
9 405825889
9 100009
9 871554549
9 644505669
9 100000009
9 100000009
9 10009
9 955585200
9 100000009
9 729392840
9 366141739
9 709289360
9 100000009
9 376678159
9 889339454
9 569070016
9 241062669
9 696927060
9 710875329
9 517962611
9 121867489
9 66052249
9 679224621
9 100000009
9 107676559
9 492498413
9 422045991
9 435553359
9 100000009
9 100009
9 237985041
9 100000009
9 100009
9 432292162
9 959456060
9 464920369
9 983466313
9 100009
9 866921939
9 466771569
9 580322290
9 495797953
9 894405920
9 829239890
9 960848335
9 697648667
9 289820398
9 10009
9 712297000
9 100000009
9 301169076
9 275955091
9 828791345
9 100009
9 100009
9 878085379
9 404445789
9 100009
9 100009
9 100000009
9 100009
9 301043009
9 408963101
9 100009
9 604784219
9 100009
9 495472584
9 777630509
9 367833239
9 100009
9 198053551
9 408606369
9 100009
9 100009
9 776983792
9 832381609
9 100009
9 100000009
9 100000009
9 732628489
9 708187729
9 531208079
9 711917272
9 960330271
9 570183769
9 976289460
9 263473922
9 811613189
9 100009
9 613761419
9 958040924
9 318980741
9 762735469
9 100000009
9 386700269
9 842123209
9 10009
9 243409550
9 602631499
9 646077429
9 898761710
9 100009
9 989149975
9 419263304
9 100009
9 100009
9 100009
9 100000009
9 100009
9 100009
9 992003054
9 100009
9 100009
9 100000009
9 152726709
9 342446019
9 998859099
9 717033957
9 718199314
9 100009
9 464641598
9 100000009
9 367466459
9 677310579
9 100009
9 824638496
9 100009
9 100009
9 100009
9 486396594
9 230218491
9 100009
9 153482669
9 573215459
9 100009
9 301548992
9 175905962
9 129407705
9 100009
9 201280419
9 684382953
9 923780359
9 100000009
9 934380312
9 192364193
9 104550109
9 153507859
9 207647669
9 333225191
9 736532319
9 337899048
9 100009
9 100000009
9 100009
9 258351369
9 100000009
9 100009
9 100000009
9 639084515
9 905137346
9 942937064
9 256599708
9 1000009
9 124270319
9 100009
9 10009
9 733321098
9 160866379
9 100009
9 100009
9 340975553
9 100009
9 696170783
9 216652259
9 934414558
9 220927051
9 100009
9 462961036
9 653132889
9 142611059
9 100009
9 214597670
9 100009
9 100000009
9 607226549
9 100009
9 876881409
9 462887829
9 921170900
9 572940429
9 959639144
9 164075289
9 771801029
9 104574139
9 968368083
9 750308109
9 100009
9 622680409
9 100009
9 100000009
9 771047509
9 528424997
9 146711179
9 554566689
9 425154089
9 237202449
9 100009
9 334494713
9 387977104
9 100009
9 100000009
9 100009
9 100009
9 10009
9 886063539
9 331106439
9 100009
9 100009
9 100000009
9 100009
9 416148289
9 538550499
9 100009
9 10009
9 100009
9 100009
9 668986300
9 897404499
9 100000009
9 100009
9 269188202
9 100009
9 100000009
9 100000009
9 172900051
9 368734859
9 864082395
9 100000009
9 982908915
9 988253089
9 251271149
9 100000009
9 100009
9 317658779
9 140171219
9 100009
9 580801169
9 148804859
9 100009
9 100009
9 203260698
9 780187928
9 100000009
9 940815171
9 161568419
9 170933378
9 522055089
9 100009
9 100009
9 363231879
9 466076759
9 630036549
9 706253139
9 431836092
9 100000009
9 100009
9 696868102
9 100009
9 100009
9 100009
9 411920403
9 100000009
9 100009
9 916456884
9 100000009
9 588565439
9 10009
9 118777719
9 100000009
9 100000009
9 453761978
9 100009
9 100009
9 100009
9 549730804
9 346204079
9 976817449
9 382058089
9 346153279
9 100000009
9 100000009
9 694417298
9 840154809
9 100000009
9 100009
9 100000009
9 414505159
9 344351439
9 100009
9 100000009
9 795828031
9 948279165
9 100000009
9 728428769
9 100009
9 638841239
9 100000009
9 100009
9 351610759
9 446968503
9 100000009
9 633518936
9 139601832
9 150072339
9 973836589
9 758773449
9 100000009
9 376450943
9 293221361
9 645460419
9 10009
9 175951194
9 100000009
9 100000009
9 1000009
9 510294568
9 783384569
9 100000009
9 100009
9 100009
9 100009
9 832771629
9 857560029
9 100009
9 100000009
9 518758069
9 100009
9 464048695
9 100000009
9 100009
9 371742759
9 444154769
9 100009
9 100009
9 100009
9 889821113
9 111382179
9 525455983
9 549366301
9 100000009
9 119023675
9 187575739
9 395600740
9 100009
9 991407529
9 100009
9 512518239
9 224098533
9 100009
9 942513216
9 819082149
9 100000009
9 100009
9 100009
9 659921503
9 100009
9 323381729
9 496270231
9 373589083
9 100009
9 666600879
9 100009
9 311161598
9 100009
9 474349224
9 399900713
9 812926275
9 823473669
9 543946413
9 591111516
9 100000009
9 759854391
9 333594846
9 885507129
9 208077904
9 100009
9 100000009
9 659153632
9 430046729
9 100009
9 100009
9 100009
9 255902414
9 100000009
9 424429590
9 100009
9 597096509
9 773649376
9 458134489
9 665219390
9 925386684
9 674738489
9 950649875
9 100009
9 10009
9 436331879
9 100009
9 100009
9 583104149
9 100000009
9 710554679
9 214337359
9 296858804
9 353342879
9 100009
9 694162056
9 100009
9 100000009
9 114289128
9 100000009
9 10009
9 100009
9 100009
9 255884269
9 826455789
9 745091496
9 404380569
9 444077892
9 921692410
9 106554966
9 796485512
9 780138559
9 543730109
9 100009
9 10009
9 525562289
9 765954766
9 387857966
9 100000009
9 603935086
9 114738964
9 257648469
9 965658182
9 100009
9 100009
9 226682798
9 100009
9 100009
9 100009
9 429372847
9 338095718
9 100009
9 975942733
9 933249790
9 100009
9 142780379
9 360555129
9 268262109
9 100009
9 172878069
9 10009
9 548359651
9 100009
9 100000009
9 100009
9 100009
9 671539037
9 10009
9 176076759
9 584635449
9 100009
9 636369489
9 805093894
9 387759994
9 100009
9 100009
9 100009
9 344105229
9 497381549
9 302495465
9 100009
9 833075959
9 100009
9 100009
9 940939452
9 103490193
9 667401469
9 337443859
9 100009
9 10009
9 100009
9 133309279
9 100009
9 100009
9 984086155
9 100000009
9 131860389
9 100000009
9 100009
9 852193334
9 117464559
9 892050322
9 10009
9 100000009
9 748114989
9 100009
9 596084376
9 100009
9 349201116
9 592890537
9 100009
9 100009
9 666041569
9 786184958
9 189333724
9 823955203
9 362200249
9 100009
9 470216309
9 892090680
9 100000009
9 897644597
9 239820091
9 964411952
9 743627279
9 983204999
9 919693500
9 960126119
9 329076263
9 216057369
9 492409566
9 100009
9 766040779
9 100000009
9 781171459
9 100009
9 655975859
9 103047569
9 815105920
9 769270217
9 100009
9 591130678
9 601141259
9 592480457
9 228355988
9 800968814
9 522855479
9 725927795
9 100000009
9 100009
9 100009
9 100009
9 563093457
9 127093021
9 258819430
9 842253479
9 655172619
9 119481403
9 162644389
9 855853189
9 428501519
9 100009
9 100009
9 100009
9 100009
9 100009
9 591487677
9 146420209
9 100000009
9 100009
9 100009
9 104557349
9 100009
9 100009
9 100009
9 100009
9 290362187
9 100009
9 811488190
9 100009
9 100009
9 810018159
9 100009
9 160733379
9 100000009
9 350327609
9 565330968
9 339860094
9 292897022
9 124411449
9 468275095
9 389977535
9 100009
9 467573239
9 757015429
9 201405239
9 333717009
9 908712707
9 100000009
9 956299229
9 100009
9 100009
9 228030091
9 898312721
9 100009
9 682359096
9 100000009
9 100000009
9 100000009
9 930548680
9 488795660
9 100009
9 686523649
9 267352279
9 100009
9 286449779
9 329066981
9 399814659
9 253317289
9 100009
9 504895045
9 656043879
9 868739175
9 100009
9 986085292
9 349378241
9 100009
9 100000009
9 100009
9 100009
9 100000009
9 100000009
9 100009
9 772663597
9 100000009
9 100009
9 100009
9 100009
9 416727159
9 436935552
9 779338244
9 798356172
9 265434049
9 100009
9 765217958
9 100009
9 107098260
9 100009
9 438966008
9 100009
9 633466649
9 100009
9 616774749
9 573069054
9 958585920
9 842571639
9 100000009
9 277329344
9 100009
9 100009
9 105895804
9 802725079
9 100000009
9 809388976
9 736632889
9 100009
9 100000009
9 100009
9 578063957
9 911595446
9 398543228
9 177020669
9 901982059
9 461064009
9 307473489
9 100009
9 10009
9 767321159
9 100000009
9 131523749
9 10009
9 979461664
9 100009
9 100009
9 239641757
9 100009
9 100009
9 662022579
9 248688369
9 581738349
9 100009
9 130023069
9 100009
9 882896188
9 100009
9 581087519
9 819352596
9 100009
9 124975202
9 832998772
9 100009
9 100000009
9 754483849
9 585659640
9 700812609
9 100009
9 603353409
9 100000009
9 174193856
9 100009
9 288972036
9 459087212
9 100009
9 100009
9 100009
9 100009
9 100000009
9 109508573
9 100009
9 100009
9 100009
9 100009
9 100009
9 622723679
9 159571006
9 732351409
9 100000009
9 852166049
9 100009
9 100000009
9 100009
9 248919288
9 801709269
9 606424829
9 969724275
9 319827387
9 100000009
9 100009
9 166437159
9 100009
9 100009
9 179568712
9 452982364
9 100009
9 100009
9 100009
9 532616459
9 231135309
9 535655931
9 369918528
9 100009
9 100009
9 100000009
9 100009
9 566708089
9 865505409
9 619473639
9 100000009
9 165874659
9 840259283
9 305408189
9 467737489
9 100009
9 361028906
9 775449684
9 149474739
9 123374469
9 100009
9 100009
9 419415287
9 100009
9 997646165
9 475703879
9 198802341
9 922080315
9 179196461
9 208769840
9 100000009
9 100009
9 10009
9 100009
9 100009
9 100009
9 805139685
9 113139034
9 10009
9 100009
9 100009
9 100009
9 306669373
9 607535396
9 126261968
9 967918683
9 100009
9 110789441
9 508800926
9 570063896
9 100000009
9 604754449
9 984824810
9 834637694
9 567455589
9 10009
9 100009
9 283784899
9 100009
9 100009
9 475660629
9 198145223
9 590336769
9 686879903
9 100000009
9 252191926
9 721123779
9 714983032
9 417187409
9 794378249
9 100009
9 796585356
9 16604569
9 954717169
9 452628891
9 289944529
9 100009
9 100009
9 100009
9 490304380
9 908358222
9 100000009
9 100009
9 967693448
9 100000009
9 100000009
9 100009
9 100009
9 766947060
9 177647559
9 990935479
9 1000009
9 585373229
9 827017319
9 100009
9 100009
9 298099101
9 814372449
9 100009
9 100000009
9 100000009
9 998985637
9 311664079
9 711760396
9 287607339
9 100009
9 160139070
9 405521019
9 100000009
9 173969986
9 100009
9 581113029
9 100009
9 447174239
9 100000009
9 231705987
9 628177579
9 791895038
9 231481659
9 943696380
9 100009
9 501709927
9 597244228
9 670619479
9 100009
9 100009
9 100000009
9 947655996
9 272326469
9 100009
9 501468579
9 141534589
9 100009
9 883540389
9 601584779
9 100009
9 954169807
9 286158539
9 544218009
9 839206957
9 204938567
9 100009
9 100009
9 630556169
9 824124509
9 530066092
9 991591429
9 100009
9 674050479
9 893221968
9 879665168
9 100000009
9 100009
9 348641956
9 380437009
9 495024878
9 100000009
9 514515339
9 100000009
9 765698496
9 450861209
9 10009
9 100009
9 10009
9 100000009
9 502479126
9 100000009
9 100009
9 100009
9 100000009
9 100000009
9 594192190
9 334784690
9 744777349
9 316702869
9 559864656
9 211350039
9 380781309
9 100009
9 100009
9 433960799
9 100000009
9 363217709
9 100009
9 142935025
9 969950281
9 617287539
9 204841999
9 871286910
9 690094557
9 200948541
9 715650079
9 100009
9 100009
9 100009
9 100009
9 833242119
9 821729348
9 100009
9 100009
9 658979888
9 353899177
9 955661223
9 100009
9 327736519
9 399584908
9 777387349
9 100000009
9 100000009
9 908954128
9 287047749
9 100000009
9 10009
9 584566849
9 100009
9 100009
9 223118879
9 564927351
9 527193858
9 100000009
9 890930475
9 100009
9 544372981
9 110125519
9 631429423
9 100009
9 882405129
9 975432844
9 100000009
9 228171739
9 330394117
9 244055449
9 131520879
9 856735779
9 282180139
9 100009
9 933435729
9 100000009
9 100009
9 462052609
9 257750309
9 129342813
9 714345529
9 254217439
9 100009
9 100009
9 100009
9 598437470
9 916953609
9 100009
9 100009
9 100009
9 100009
9 100009
9 512156859
9 100009
9 122052409
9 240767559
9 100009
9 953246872
9 143323829
9 100000009
9 484347039
9 837500389
9 100009
9 898078489
9 182208649
9 100000009
9 100009
9 100009
9 100009
9 784669795
9 297178809
9 918300749
9 828562119
9 100009
9 100009
9 950289410
9 100009
9 627924872
9 591971895
9 482804499
9 100009
9 346586519
9 100009
9 673450189
9 430697311
9 383778409
9 797557933
9 100009
9 645841891
9 100009
9 903737852
9 100000009
9 100000009
9 100009
9 912592207
9 948754959
9 682434039
9 297004353
9 100009
9 100009
9 213570089
9 100000009
9 100009
9 100000009
9 388704339
9 600185819
9 732873019
9 954979640
9 100009
9 232110919
9 803626839
9 524490413
9 100000009
9 200827519
9 547203259
9 103723859
9 100009
9 100000009
9 336190682
9 100009
9 920722420
9 910337626
9 100009
9 100000009
9 390589207
9 622566629
9 168149964
9 100009
9 100009
9 100009
9 799650135
9 308885179
9 845994926
9 304034429
9 113977729
9 100009
9 333535889
9 100009
9 332115409
9 100000009
9 100000009
9 212127639
9 1000009
9 171580609
9 906179489
9 950861484
9 998081992
9 312073509
9 952609823
9 929942544
9 269871669
9 951484542
9 456865947
9 566085269
9 100009
9 100009
9 408984606
9 100009
9 905590524
9 100009
9 100009
9 100009
9 986668009
9 100009
9 100009
9 100009
9 100009
9 100009
9 661020759
9 100009
9 100009
9 408033249
9 225015229
9 100009
9 833378297
9 123626219
9 714818089
9 100009
9 685799893
9 100009
9 100000009
9 876508839
9 654748419
9 873549171
9 443537259
9 100000009
9 484424925
9 283147149
9 100009
9 100000009
9 469847536
9 958971785
9 660502429
9 100009
9 430521609
9 217352529
9 334680539
9 670031579
9 100009
9 958166144
9 100000009
9 321154179
9 610615509
9 526066119
9 100009
9 848982333
9 100009
9 875377789
9 623027379
9 100009
9 244368059
9 100000009
9 889495492
9 358822696
9 738697232
9 100009
9 100009
9 222371509
9 548492363
9 690942712
9 100009
9 808083029
9 100009
9 754226629
9 100009
9 287628109
9 516827369
9 106322009
9 923529352
9 100009
9 121015389
9 100009
9 100009
9 667646769
9 140497455
9 403557769
9 10009
9 860245649
9 423615839
9 612839935
9 117329840
9 569243910
9 100009
9 262176259
9 100009
9 275818579
9 421219413
9 100009
9 100009
9 100009
9 398535932
9 368807902
9 407042798
9 100000009
9 100000009
9 988285376
9 148654689
9 100000009
9 100009
9 100009
9 621906007
9 941582766
9 100009
9 610444269
9 10009
9 298521468
9 100009
9 311936068
9 252386739
9 381459176
9 208177595
9 512899887
9 100009
9 638816079
9 667196265
9 585827729
9 618236739
9 782915674
9 100009
9 535395465
9 100000009
9 215786293
9 949715333
9 100009
9 100009
9 100000009
9 521208985
9 904856380
9 102951753
9 100009
9 100009
9 100009
9 198625552
9 494640382
9 100000009
9 173072639
9 151214579
9 520469981
9 100009
9 100000009
9 289539220
9 666428739
9 100009
9 398729484
9 100009
9 441788896
9 642171869
9 100009
9 493521261
9 10490849
9 384746239
9 100009
9 100009
9 707584669
9 100009
9 100009
9 100000009
9 423384709
9 369432775
9 305250946
9 905716184
9 100009
9 990836382
9 10009
9 100009
9 100000009
9 781465932
9 311467869
9 100009
9 10009
9 524368449
9 771762519
9 100000009
9 466703219
9 382308279
9 100000009
9 505759629
9 100000009
9 213154509
9 877889681
9 100000009
9 100009
9 103990359
9 581129326
9 100009
9 561148759
9 100000009
9 368442709
9 100000009
9 302238069
9 100000009
9 869468678
9 715135079
9 100009
9 815307619
9 100009
9 472414439
9 361346149
9 100009
9 655616489
9 899534761
9 100000009
9 10009
9 100000009
9 708495327
9 790628475
9 394320587
9 100009
9 432304539
9 100000009
9 652789099
9 599009835
9 100009
9 877982419
9 100009
9 100009
9 441536389
9 558337918
9 100009
9 560262795
9 215134879
9 517970537
9 191975638
9 100009
9 513315169
9 714608419
9 243219887
9 100009
9 542548179
9 809060119
9 248435926
9 623789611
9 980868301
9 673406569
9 791186430
9 394323401
9 100009
9 100009
9 988232453
9 100009
9 191458980
9 206676489
9 509398286
9 100009
9 10009
9 100009
9 650281639
9 100009
9 100009
9 728548009
9 100009
9 737927166
9 864641519
9 100009
9 100009
9 505888950
9 362878049
9 100009
9 766758119
9 100000009
9 595742935
9 270172549
9 1000009
9 910985883
9 100000009
9 574181359
9 100009
9 100009
9 100009
9 100000009
9 100000009
9 237947579
9 100009
9 231718879
9 100009
9 100009
9 100000009
9 285481839
9 737452249
9 483129975
9 834945518
9 100000009
9 10009
9 100009
9 324423039
9 926744539
9 615924001
9 519345485
9 832788509
9 679875698
9 115000429
9 970965896
9 100009
9 226903916
9 100000009
9 976800554
9 842108019
9 100009
9 100009
9 924094736
9 455914558
9 437032639
9 100009
9 805916068
9 258345699
9 106356209
9 787741019
9 100009
9 100009
9 100009
9 100009
9 100000009
9 399854193
9 100009
9 878513879
9 791951394
9 100009
9 100000009
9 977898287
9 100009
9 702137519
9 100000009
9 100009
9 100009
9 881871849
9 322667469
9 100009
9 955288275
9 345621369
9 474311209
9 100009
9 278424496
9 975465177
9 100009
9 100009
9 10009
9 175990448
9 100000009
9 100000009
9 100009
9 771096885
9 100000009
9 100009
9 858699713
9 449428025
9 369157308
9 573236829
9 467525179
9 100009
9 503097774
9 100009
9 100009
9 427413998
9 245053439
9 100009
9 10009
9 274307469
9 981567756
9 175076219
9 593757652
9 10009
9 313941648
9 100000009
9 961555111
9 100009
9 10009
9 864385279
9 778275249
9 426175339
9 100000009
9 381991218
9 873304209
9 368150990
9 128745169
9 10009
9 587246709
9 905596599
9 100000009
9 183953444
9 100009
9 650247649
9 100009
9 503020769
9 178558096
9 179314593
9 125947852
9 100009
9 100009
9 100000009
9 714936966
9 911521497
9 10009
9 10009
9 100009
9 100000009
9 100009
9 372050459
9 100000009
9 338602909
9 292821578
9 266286952
9 767675279
9 565780649
9 563323987
9 647710519
9 604393468
9 100009
9 100009
9 100000009
9 870824689
9 348926340
9 100000009
9 100009
9 513344839
9 100009
9 100009
9 100000009
9 684349428
9 192288938
9 288241739
9 100009
9 314892509
9 119511985
9 100000009
9 699843740
9 738097094
9 100009
9 957348434
9 100000009
9 410242943
9 100009
9 645909621
9 100009
9 1000009
9 338714239
9 100000009
9 10009
9 302350119
9 106308539
9 100009
9 167646269
9 832986394
9 853512639
9 984041269
9 100009
9 860971713
9 956509690
9 100000009
9 100009
9 950520673
9 100009
9 608130695
9 206287719
9 374340059
9 681409297
9 389137300
9 498818392
9 615106489
9 139865631
9 317140987
9 991099736
9 50796887
9 668426449
9 100000009
9 100000009
9 551806319
9 100009
9 100000009
9 100000009
9 100009
9 472967699
9 100009
9 342015879
9 730091165
9 398184570
9 100009
9 100000009
9 347438129
9 100009
9 395648721
9 100009
9 742943191
9 100000009
9 116798930
9 900491765
9 461721439
9 100009
9 100009
9 100000009
9 100009
9 320322339
9 10009
9 768108391
9 168699860
9 100000009
9 100009
9 487791244
9 718618489
9 879016432
9 677072932
9 100009
9 865153796
9 100009
9 818171659
9 804564669
9 100000009
9 100000009
9 214108849
9 649163246
9 100009
9 100009
9 543256029
9 232144409
9 675416089
9 100009
9 116747729
9 100009
9 691906206
9 100009
9 954400179
9 521927401
9 667543095
9 100009
9 580490488
9 134689642
9 100009
9 100009
9 608484693
9 100009
9 530880009
9 427944604
9 100009
9 947646097
9 100009
9 656415729
9 100009
9 10009
9 926932389
9 10009
9 752567359
9 173535309
9 200717029
9 459332385
9 359703989
9 100009
9 370169612
9 100009
9 889089573
9 100009
9 100009
9 100009
9 10009
9 338359412
9 986488975
9 100000009
9 846229974
9 275200894
9 802732389
9 100009
9 347921953
9 423533694
9 866340195
9 305902137
9 776249845
9 109361873
9 572670889
9 677610859
9 581903438
9 860365879
9 100000009
9 641661129
9 267251189
9 100009
9 439994264
9 100009
9 791394289
9 100009
9 100000009
9 321226859
9 503844049
9 275652029
9 887550769
9 816562649
9 100009
9 100009
9 10009
9 100009
9 10009
9 186582039
9 539306764
9 100009
9 100000009
9 100000009
9 334942503
9 100000009
9 100009
9 100009
9 727327309
9 100009
9 100000009
9 100000009
9 100000009
9 100009
9 154944557
9 100009
9 887270379
9 334564399
9 409770936
9 252122129
9 360666549
9 609427162
9 445104509
9 100009
9 166293823
9 573267769
9 100009
9 775909735
9 408767179
9 100009
9 574391618
9 100009
9 317044759
9 100000009
9 508802589
9 212889061
9 376987196
9 579588934
9 988447675
9 100009
9 790691780
9 594588570
9 164370519
9 911215869
9 100009
9 10009
9 741433799
9 100009
9 391043671
9 969151411
9 100009
9 561793768
9 100009
9 100000009
9 553231529
9 284117569
9 100000009
9 545967618
9 783782849
9 100009
9 222711942
9 859176259
9 100009
9 100000009
9 997021027
9 207240987
9 100009
9 100000009
9 726790805
9 597817780
9 513792000
9 217971976
9 100000009
9 100009
9 100009
9 100009
9 123508329
9 672791534
9 100009
9 100009
9 149515283
9 108810819
9 744446539
9 437461079
9 844321996
9 952931712
9 100009
9 100009
9 100000009
9 100009
9 100009
9 115661869
9 917573989
9 524948086
9 973970274
9 764755492
9 100009
9 100009
9 140875059
9 100009
9 354992452
9 100009
9 419555891
9 162008179
9 666607139
9 692380956
9 100009
9 396999740
9 487697930
9 100009
9 100000009
9 100000009
9 100009
9 677730903
9 595935957
9 889941329
9 100009
9 100009
9 505349735
9 563036379
9 770102369
9 100009
9 681158679
9 10009
9 100000009
9 100009
9 100009
9 100009
9 160144089
9 765575920
9 687851419
9 100009
9 100009
9 100000009
9 709959042
9 100009
9 821413719
9 318919073
9 784203189
9 10009
9 862983687
9 100000009
9 100000009
9 570062099
9 550667869
9 101869335
9 253592292
9 100000009
9 578339576
9 100000009
9 825035969
9 530918218
9 100000009
9 100000009
9 100009
9 925760859
9 100000009
9 656598590
9 100009
9 387932342
9 770491251
9 100009
9 100009
9 998422459
9 734635691
9 522675389
9 100009
9 100009
9 100000009
9 100009
9 911036146
9 100000009
9 647967596
9 100009
9 542720489
9 113634597
9 571689397
9 827292455
9 100000009
9 628967456
9 967550113
9 513106149
9 939688193
9 622989623
9 100009
9 100009
9 714203679
9 331580609
9 995059326
9 100000009
9 977582698
9 735108219
9 548243591
9 467906984
9 767219761
9 697079785
9 473789874
9 100000009
9 100009
9 879633723
9 404875039
9 735409773
9 339904228
9 100009
9 475602689
9 100000009
9 696473823
9 100009
9 154801089
9 232803429
9 507956057
9 100000009
9 100009
9 100009
9 368698466
9 778360469
9 770560149
9 799141002
9 100000009
9 100009
9 100000009
9 481461709
9 100009
9 112779764
9 100009
9 627220789
9 924770649
9 100000009
9 100009
9 976089342
9 335707129
9 165856519
9 573444149
9 100009
9 592706395
9 405279122
9 765720059
9 100009
9 100009
9 898335148
9 239600769
9 894243501
9 424751890
9 217760849
9 365959601
9 676318839
9 100009
9 229829537
9 680891781
9 100000009
9 639014545
9 290268371
9 100000009
9 100009
9 100009
9 10009
9 567434469
9 100009
9 100009
9 267773596
9 946939443
9 418997424
9 408580097
9 580570609
9 100009
9 519831263
9 398606675
9 100000009
9 590864081
9 918857051
9 410586529
9 446548619
9 223953152
9 100009
9 100000009
9 772439698
9 233901064
9 672085609
9 441196697
9 100009
9 345598148
9 100009
9 231920955
9 635913045
9 978669994
9 100009
9 100009
9 100009
9 100009
9 526508469
9 331581569
9 100009
9 581433259
9 693170762
9 168328392
9 721217319
9 246394692
9 922595886
9 100009
9 100000009
9 100009
9 587299604
9 100009
9 100000009
9 100009
9 100000009
9 100009
9 836063393
9 604363039
9 856753289
9 480261419
9 100000009
9 742314594
9 100000009
9 824507609
9 791015110
9 444637914
9 641588549
9 281311679
9 606900023
9 100009
9 100009
9 840185749
9 1009
9 479341632
9 100009
9 100009
9 781133419
9 100009
9 822823639
9 388150139
9 100009
9 605265709
9 100000009
9 142631209
9 695212000
9 100000009
9 100009
9 100000009
9 100009
9 652766159
9 645617369
9 820316049
9 409896321
9 100009
9 744319127
9 574701609
9 895682495
9 100009
9 364539763
9 744737189
9 644761907
9 100000009
9 650303159
9 574111029
9 100009
9 262141679
9 953823191
9 778195507
9 200223349
9 387280294
9 132213609
9 187477559
9 100000009
9 363606249
9 398674566
9 100009
9 242388269
9 100009
9 214091042
9 100009
9 988129928
9 568094178
9 374363519
9 720691375
9 132874649
9 100009
9 100009
9 262444029
9 100009
9 610885779
9 665156459
9 993162084
9 275360539
9 348672489
9 148082489
9 100000009
9 477911090
9 100009
9 176588279
9 963772481
9 220380937
9 497814911
9 10009
9 833743369
9 526894877
9 268330709
9 10009
9 100000009
9 879810823
9 100009
9 288596945
9 649898657
9 100009
9 100009
9 100009
9 141119224
9 100009
9 296469261
9 768331259
9 100009
9 192558705
9 750647229
9 461001779
9 349479419
9 963874638
9 411540749
9 100000009
9 987429365
9 971014708
9 145271379
9 100009
9 100009
9 100009
9 263286619
9 902184927
9 100000009
9 100009
9 622408069
9 100009
9 506351089
9 100009
9 100009
9 10009
9 554468993
9 100009
9 311179659
9 100000009
9 100000009
