24000
89 110
90 100
999999990 1000000000
8 100000009
123456780 123456789
759313330 879868138
679428479 836941687
99999995 100460821
700606070 904535179
147238358 501826138
560416744 633511008
98 504485
879499148 929201068
9998 93613
99998 137230
99999995 100080453
235694579 581086558
692546273 962040045
8 41087
185049741 956962449
9998 295376
119137235 809741007
98 139223
936587824 974929960
998 984645
99999995 100436884
89 858903
89 639656
607646634 811974817
164549751 947806474
386846226 882921247
174951097 792364636
974581978 976420211
8 768712
295658916 366112646
99998 497355
234907790 396055053
99999995 100413414
32555704 895685746
9998 39864
998 287009
465660766 970217620
940733683 951167108
89 593288
735513598 868714632
145231007 404098768
762008623 986415336
868271322 972062066
98 857659
98 985721
8 98205
998 675027
972700853 999889229
199132349 741910991
971579972 995160495
524466522 527359832
370297163 843817574
99999995 100171107
23816577 610292870
8 620303
8 98008
282465609 410983451
754132453 860889318
8 348508
78582198 859903571
352515989 572075240
796077618 852953729
556682429 873195721
788878683 905656033
851873093 913907348
998 141221
998 508105
99999995 100810409
490479205 566777113
945786432 967278031
86859783 374153036
9998 280751
14530506 274791731
9998 69723
933781645 949033992
998 226532
455417515 853415971
650834679 872161129
359184193 843728632
437173995 596782134
131356208 328226729
549015154 831192964
756724032 982237343
98 132968
38754384 200464138
815529090 998436691
99999995 100273037
303407839 980381324
89 107219
9998 801515
109198661 816319429
998 868555
314339544 501152536
998 246713
831297668 988877239
707850382 747894073
510550250 620120943
554401045 680895862
99999995 100512306
677428469 939462531
580006772 925889799
89 540418
876876617 928655029
38598151 234845034
998 624603
786991211 997428853
8 45708
9998 787215
99999995 100605128
551566242 971016136
8 949255
833498214 917417030
877216417 999442803
9998 728023
969245181 995761228
836696634 988201185
31976206 544501181
998 565646
998 575135
544513216 995138131
662992069 902740227
99999995 100699023
355990289 453456911
98 752226
771933828 881098177
521205399 997015777
8 237151
619811129 715978701
998 580320
98 291841
669029898 963001853
66504361 283872954
218327914 977286946
493840873 743578579
678946278 703042075
357558402 564419205
998 135088
507145863 933834701
659539731 847082184
457474548 612415245
8 85727
807486124 910399028
713783786 926756776
319432632 523030625
442248573 589979700
89 506686
204477184 873680374
833016401 838502782
998 237953
98 842033
9998 442055
737932356 916956979
987120961 991367042
596809908 787081080
497869794 712152964
380813562 501787830
441049273 912792948
998 948129
958837835 998056472
8 737211
60070722 329901245
98 111231
8 185714
9998 155638
879810646 895136029
89 74629
827160749 831841614
166652933 808286560
776550030 956326499
8 772231
98 930227
286767668 633658970
682471188 751895720
196638978 281122979
232717976 416514974
409729270 744297683
98 18290
161307327 206855179
548691798 634559977
976755847 983339217
745372306 859224343
879696892 933968296
415018078 656871503
996339961 998722635
480702603 827157921
740403500 741622999
99999995 100340131
618819147 842920850
187849609 205318003
8 732226
858308429 973846885
224816661 948460736
392370337 830586259
482732352 545356172
884984409 906668002
998 452192
333898099 741371189
201724008 820788086
771525981 891731234
921238614 953918426
972618768 989342733
942339841 967290178
627005046 724374873
89 359070
98892387 148401374
249975616 737798315
98 555501
652339111 665370902
99998 395313
67410734 673707457
168498401 828486337
1338479 66709344
717735203 832392952
259769853 278044573
98 534938
420292822 810205112
726129122 733056100
754608985 772225704
1961291 532823999
394650884 434651035
96222418 940425442
441023866 663585067
25127235 682639838
331163292 812718952
165368835 467947508
418379107 799575350
424193414 910996759
998 169840
640994379 829085874
649665695 910508235
229303805 284705295
795956354 885997453
9998 303917
89 54085
998 377505
873965654 987542942
985879234 987164238
98 891404
170774846 913644280
323118710 552291873
984636396 992135508
397354528 886037265
99999995 100977568
181096803 347708879
89 642504
98 241983
89 125392
154631422 657060195
9998 723846
609739491 728136863
352981269 825353287
289415684 477120046
98 497639
72411336 979132504
683601977 813478719
149483269 596303914
89 324546
378362038 648883245
226657748 943070635
57587246 498648521
99999995 100378148
99999995 100905234
438750947 758375849
158768294 679730163
8 157872
656645174 690249678
479749151 870686873
89 186133
9998 990750
985729786 989435144
964762326 981778602
9998 433530
985040218 987059485
998 442200
98 805807
9998 606109
89 118186
177729165 613853477
99998 719563
887866488 980293566
965780515 965879955
961807389 998879536
597173997 892452935
395056067 676087080
9998 887886
545800538 933421544
89 503559
332708179 346990291
252782504 629033015
866321199 869869620
99999995 100319985
677684972 898906482
984317863 999266375
291739631 732201758
632197753 794268466
117859732 836053406
621726723 960712465
721304418 790197026
8 601977
444867357 780277999
901885868 994194455
533221160 545591101
89 714283
9998 825744
64727312 468940138
176456928 446653721
29381880 637051248
586258235 890450547
801743245 815737690
559583502 807240295
483205806 931307647
9998 360548
742634308 844101601
721818087 852209035
626129815 629050283
99998 892783
89 20186
184524080 307269473
124438153 832366753
98 265076
65539070 496243143
596699983 650115569
200711251 655466114
333395140 967406555
740261048 788719678
998 33603
180207775 594787960
26935476 102908939
535273521 715991887
906681772 914120592
134484386 631770709
368856813 847439204
896260033 987243678
409681837 473117325
99999995 100197401
69886347 450147657
9998 264952
958698252 968998026
380740199 894750637
991694135 992446360
945137944 962659932
903887569 982750895
2728581 527966011
998 656583
889987892 941243153
64839553 842792353
99999995 100378962
746146189 837876963
563418715 615987555
354114291 939537498
99999995 100203079
168221516 673530903
259766133 461853329
99999995 100031403
289904923 554900722
993919578 996279725
149472532 719504942
998 29776
99999995 100234570
537451069 674602157
105652354 323768722
7809146 235156308
8 263726
98 366947
722751839 875540865
98 917385
326239926 931484526
517959402 982929468
307027434 622475796
998 997365
341488672 408352085
779562633 948615016
579598341 766842934
53609150 491840932
24208074 327341389
8 503352
460803208 972987645
121613300 364898253
19516422 377685031
98 896824
9998 867086
9998 995059
98 79756
996297820 998216665
99999995 100588360
646001420 830793003
9998 539365
9998 441359
9998 238287
581707835 735483707
518801947 711966792
820703780 856865716
96427343 652843154
91639157 272288255
175683561 888049158
652111113 883297881
284910103 497330486
396470600 619935180
840825390 861218580
89 29295
99999995 100289565
160416268 193131428
9998 776158
675552945 950848567
357119319 727052560
234346332 408302221
488613811 860969828
99998 396806
98 239747
426084888 615653774
979112032 980230886
364284045 927125066
374618227 607326672
842833140 916712452
89 584776
229958358 675954842
839655472 992088598
864392842 959866794
184691544 288618820
52003042 211135442
299548155 467611447
711035166 964509518
172436355 729838794
99998 747575
423319770 508369652
168239920 564033486
99999995 100986414
985771822 987631647
681103940 683301265
997124134 998307357
875503772 962815302
809579472 917370330
374627955 777741431
762400042 960642790
99998 1076626
959532544 975898082
9998 294737
949360284 987656218
905458405 995066403
994677143 994977614
901544595 961542246
952916484 955424288
99998 600553
68543241 276533223
278292565 967029359
229196442 820673611
901003788 924004425
292231596 996313281
923995958 971110518
99999995 100148336
99999995 100335158
256223196 687146791
176696765 251167320
98 891140
98 418089
99998 885196
159400518 585630470
193012044 262548869
89 387651
88455173 692410784
645868814 692870509
9998 153679
359303562 374871024
112693264 732324118
89 481647
89 223274
496252919 915405537
99998 584874
9998 964016
571017247 848833976
644438939 992847041
804981252 808785478
972340233 985479240
450220494 761203582
8 680649
848267821 862584761
308127682 982166553
618441288 714113957
31525234 107727757
457655605 971033578
371196808 480304169
810508289 968789534
142442895 236371768
896771038 974805839
89 32495
399459173 513083865
830423389 993474869
8 163290
863581496 957340283
241590239 550570661
998 809800
86299633 489377028
110510360 863795482
8 891515
155280833 389811332
826754932 948035631
98969674 129836311
9998 914947
998 77206
199668861 599178101
99998 203985
520860274 906948464
551970060 575258289
98 688846
8 246614
828674286 857020779
99999995 100575933
270683996 856516847
9998 37461
960726292 980562357
641608800 771010604
99999995 100256283
998 468473
500844169 686229225
927371836 935530585
98 914681
98 696500
173079519 441885145
66652032 681251811
870403628 883024173
674157254 743466543
98 191229
764751145 766201986
998 286504
653939520 663431409
98 918174
218632046 930979358
99998 804675
706820752 719222211
865642346 886383919
427450702 911430575
981744813 988451539
99999995 100305850
89 827189
17366935 145751438
764295627 887949726
76420985 174381653
31239139 461590501
490103511 943548016
27682248 664842533
99998 1090820
89 198985
99998 134625
45216471 403707641
9998 705163
759910309 945647207
99999995 100616773
944018412 961182841
626662221 728286467
9998 440414
169995268 197341959
89 836917
691948355 806275885
276663398 624813108
997076506 997808002
514454352 934526308
425014133 598747927
558806878 860827342
710536493 938009116
189896877 848902422
750136027 811745849
817521274 826553063
99998 600363
555124973 920327466
112343097 822994742
359753193 853699009
998 451420
753125403 756408387
8 994496
24087963 274683321
818080803 870788189
998 69919
705247300 742791602
653954165 862647697
771485766 937407925
89 193799
998 991488
703770153 831895570
462086556 862655055
313225819 945140841
703437793 985385473
435018479 687180931
112853590 530861092
89 217844
631171547 929891970
89 185321
561371757 719598616
300097829 460273150
99999995 100774498
994093372 999648688
239115090 430488078
9998 204387
98 301865
771757504 994595259
428231746 540915256
161773446 861593780
89 447191
875586132 956505697
472673933 628518251
89 25908
826551449 927530479
932008440 970750246
9998 634002
99999995 100316555
477329483 827832978
99998 313718
98 194275
548187281 828265339
99998 953347
9998 51870
678316418 687729590
299482091 898045885
9998 932474
433813880 606023679
638413616 845135141
99999995 100750777
8 633582
641961049 713388326
99999995 100575271
400803068 963803398
812040938 880963430
488872341 682831733
29198789 997220075
490681752 911863725
135912612 612064377
625865039 685828086
855937410 912168904
74416651 749947941
610041989 840062431
98 430062
99998 220639
8 397747
89 961039
938802743 952261447
322231115 689836271
150411617 793020781
98 823463
99999995 100282726
639027997 828550185
8 891906
908034295 988773733
442119024 551887527
471683609 661546029
99999995 100788882
823586222 829371890
903998797 933013724
624562668 729714701
769097675 855891436
967614305 997311529
629152553 950969176
498767753 767492676
254413147 550254938
133556692 735888766
949783957 987735883
314651874 473917253
368182867 597545724
998 487642
98 620964
625658029 692133628
622440846 838919504
703524207 913191026
371397580 720869964
613869634 861917945
998 300113
718570438 831815841
259603307 507882456
138491370 468229510
159800112 356413692
583975873 850136660
321708665 894535972
89 82448
416146194 818096106
797135768 887673882
930021353 963427489
99999995 100337753
525447563 994539885
819055167 865463127
822226221 905308288
371706546 857464088
8 136452
982917196 985136093
8 886572
999611101 999658676
496169644 878353039
162645201 274710066
911411387 947373448
314852057 877781352
884930708 901279603
89 676724
98 508390
987959130 993760044
471556670 625702647
428185366 483469640
77895911 825943867
531567107 860343610
89 438076
998 764236
90416964 416845271
633993438 938246628
446269683 631451200
100374406 603532152
99998 984093
151171507 418023545
386182491 553353571
945793495 985983175
270549951 780946815
9998 929868
143396052 722880021
286527738 615289955
863461124 965087030
9998 455253
9998 151762
480429520 648731750
675007882 725281923
364197913 838635624
9998 623029
89 118541
285865462 647936637
8 744309
998 983229
98 162055
686786787 996728083
636053687 647034161
847663372 934730700
966539895 969446376
771368607 786577351
998 189637
207004484 453275295
329135280 686362937
104174659 765201643
382422467 787030303
52138045 428062107
151542938 407876387
89 960065
590096011 796892198
99998 799819
920502164 946778398
4494799 734675736
215770551 354800205
195959383 205601142
560985635 711409036
8 376273
673761324 919641543
30432719 379581550
707353029 799388020
293757515 379503624
689257137 795289070
98 76956
676110759 928401366
820839253 898762024
901510388 972914423
543996727 661288855
606665425 960337261
8 566656
638915629 864746859
998 497424
175049758 247013666
8 657670
683704072 809439680
850844462 901249776
99999995 100549988
270743477 414415991
8 140314
269898332 885979205
546063567 555024502
694065179 988768122
50665206 87858756
998 526002
128796315 872327612
479823770 646947640
470391588 791106034
482329350 798399913
331850624 602772415
99998 923440
9998 617427
477019814 804435270
531672716 795423956
910956382 941658966
75943849 92276875
9998 972016
99999995 100435822
981861478 994035442
503534673 695325205
493974239 816624856
989754354 996805376
981715796 990073407
270507192 524126774
998 433607
503401031 537245004
98 994551
930740135 987732490
814045954 852272369
942987836 952118673
89 840288
976815601 995389641
428625227 634492526
998 178030
308716818 315682715
99999995 100369006
99999995 100834331
946309291 974229066
147108652 696093400
725568160 861051550
8 852770
9998 722210
782629700 905779672
599655397 871764951
880673492 996473206
9998 204415
781094789 831169035
89 67644
998 223782
862421752 924017236
392223089 621257833
562691730 606279771
9998 914194
615099218 622095257
998311115 999088778
8 315599
516667946 789758957
267801239 773527977
872973503 912548042
101853349 229671944
998 98148
395575844 538131398
202729969 769210990
99998 714822
152886892 217494227
798328197 810215917
98 516613
99999995 100293115
483980947 521085107
8 986221
89 251558
949626474 958664194
554363910 988368797
868076665 881968812
494985484 920111268
89 544249
9998 721097
338689929 343885492
464133463 592463627
746845997 768351824
998 906333
99998 796398
136601472 664456802
637674402 832383921
98 383840
555175465 759216319
681147459 804462396
602488423 812684657
167827776 509210464
882654358 972084239
334700066 426894889
215818235 491549254
78548205 92472653
98 571897
98 297986
89 381268
699499908 758216152
998 835515
881583165 940077862
154421829 361415915
877022528 994927646
89 469133
98 103196
99998 489752
999061441 999699063
99998 757457
917264306 961189314
746124942 773444990
8 694887
321082252 528774790
831960272 899440426
99998 536508
997246344 997456146
89 150894
921383534 939147133
9998 896313
832002738 952851552
835084788 841648874
99999995 100112317
99998 1023509
933374223 984646379
99999995 100727106
826262448 924099098
19710511 635801539
325262087 723568044
998 645483
99998 1066605
887843149 898728176
16719472 507591820
221826952 588135053
8 415231
27007586 330302161
99999995 100934125
98 663835
39558629 320520760
9998 791352
212955943 616821060
8 629326
99999995 100149055
8 391060
529578290 818288561
998 617860
9998 340733
502713928 550829121
9998 881698
561763218 928357798
97129630 346415789
164610037 955847244
204134067 897984309
89 213078
384704881 990686821
910237211 915788219
345028439 424412614
672627087 793270237
168322318 243527097
998 677087
523568320 635650317
98 664358
225360477 770664610
144113857 805362203
115954135 749313285
89 85139
89 630395
506832426 508895607
961221738 988130399
9998 551671
896736190 967568089
8 622400
622100041 902255988
952341919 989102811
992285341 997962810
544433009 654339181
8 713261
9998 814661
362648251 566951389
46429088 333598045
99999995 100214437
976495389 980006998
715452052 993379623
9998 243564
93585611 481122866
625158051 702523748
455266187 727992492
351527598 387968240
235086154 705237754
157116099 665766887
906804196 971904467
487921553 936854396
8 953053
9998 652058
810029067 957711418
813251234 942346012
8 616092
841701033 962139776
577275412 877481761
9998 520952
89 814765
54625822 929543420
940334417 998881147
335187386 709819974
396667921 661566391
8 630746
46304957 57160069
8 280999
99998 726317
930154555 962647720
870950066 878135948
98 633971
373540286 576936991
197719009 924604999
487227699 493877769
869420974 985731198
99999995 100790982
89 471796
817736717 937474037
306434007 795464277
99998 544043
591277407 747442393
766356405 767264033
958314319 969218347
98 252374
72892652 911633537
259569101 452392634
569149282 842951570
232334524 679174314
169980257 830440477
998 72506
98 482293
998 368769
927299544 984460164
998 100189
465524066 657681576
989486741 999678913
378986230 406612975
99998 645372
669894207 744082572
989860529 996463615
779601473 884510368
90422001 165379931
919683575 990797345
9998 607963
9998 645167
931467999 953535445
414730876 562755932
99998 291793
624363529 726525905
346809165 799550044
8 178131
635802819 921235074
184511517 550105533
99999995 100556159
732522802 954237066
703108638 819931302
574563175 633212335
355785232 460491409
314178031 621488711
94132079 645403697
773087456 776244517
667162854 823383341
998 186193
332797779 556868635
659451750 743346936
98 495836
265095744 683847514
637230837 661348812
564399 320422903
345236407 417739477
194957962 929069310
413201650 978365881
953034514 994740248
165781169 811852501
806508031 836679648
8 824557
414442557 891458726
89 954271
560466600 949119411
9998 891844
139749394 496878572
481127809 845564948
89 466268
243661589 791082663
9998 685218
733909492 840462718
8 83293
44770413 287655992
759568013 852030629
185577567 475907370
998 172386
98 234648
483285331 536174168
712926120 977709018
371794338 528919684
966417220 989749336
998 277342
622278721 707782548
164149640 770222214
9998 601181
446554750 809033927
654931912 852077413
450585908 611892288
737947841 803964209
723876266 911012578
98 270642
89 418935
395976796 576063188
9998 1007932
198771783 591714373
960502859 997017280
89 860826
819714208 895594354
9998 706242
89 884797
70382912 985981182
690426672 817095155
280076800 713633609
8 407856
998 955306
9998 439219
89 203678
761768005 797905295
98 822030
959563203 965124052
175493676 799319900
750735614 832870048
553771924 898408532
183909543 529738370
964383367 976971654
379845546 608744395
641513207 866372078
403465978 592370883
563714021 723199694
709325568 970516669
688721424 911921132
99998 145559
89 216877
857176394 978009431
625910097 922745932
772184937 985682500
89 453035
221474385 709283422
281223583 384890161
99999995 100804405
998 507130
529424566 799340649
810270347 888681824
234844145 500137315
99999995 100329275
444938462 567887208
207711479 962187222
106666708 254373268
559576890 713913312
117952971 775498220
304804053 374276825
717197206 976458627
605024801 993726238
387252767 751052618
509294071 522828128
99999995 100173643
50862056 646838725
575543664 969491545
9998 504547
169407396 591973381
517734089 566656333
78671603 270027918
639155582 719636098
9998 490142
939788267 985781315
986115045 993452168
304382245 393920446
203599290 733708350
987040209 990769470
81922460 154071692
351704610 833762537
89 679642
850147481 909036396
539094879 674724108
159820550 482800036
805238628 942215400
930066254 957533720
288424490 536108810
81992135 719314018
319792496 965361536
99999995 100500058
787738262 972248193
99998 527824
9998 391000
482629976 998689194
220399391 947538565
90358477 104189536
775693414 884870066
99999995 100764704
99998 474440
717015767 998953677
202457774 558198059
751807003 810599116
512399491 801739831
186356214 484408970
367291227 785207081
239099706 389304200
394306721 513355407
189154666 842001559
998 319962
386345186 632065325
140252286 221272081
89 898666
289325677 981182518
998 795664
99998 710176
176161511 700034732
932055632 990334734
18712283 527394777
457369024 806979691
22322843 847183867
99999995 100366267
89 969610
89 145737
8 223239
116468196 530435529
219995811 515568149
89 211845
994580272 995777369
557443424 591846927
89 374842
99999995 100352033
637779115 776952566
89 652935
413650243 911671209
924518650 983677251
407479895 742192682
499605483 891884818
328906273 873162532
188452958 757019058
998 945228
9998 584545
709701316 879489435
96709645 102172772
214628820 491037059
107592141 981762624
998 593895
626359647 694646700
89 319216
559573416 679333099
87016171 295616932
634132397 745936511
761650140 870444132
8 548454
931986527 991579077
720561562 788984094
496574887 601282011
89 776696
169951628 675891156
89 547134
99999995 100652772
775404774 858118906
474510205 697929675
38911768 959676548
59036265 448768234
8 982749
143836378 927061800
651125597 913997340
660275323 827357559
3757273 576851140
853702638 882730210
451112766 854321146
11380025 527178620
781361418 952262646
642977690 845910144
632672628 944298752
998 743355
575208086 765197353
98 414643
84652810 431253392
747707441 944718051
89 681921
318025836 805531226
99999995 100682928
119110904 526979624
522733838 965887803
64323173 845143108
213233288 961587630
409535296 738009466
89 28571
99999995 100323397
272970719 965270123
17868575 455583896
99998 548218
78505551 326438535
554870055 914682661
998 327522
9998 86023
98 269588
193047143 440584301
302775374 546881723
304624060 453467810
99999995 100516058
290430156 400074626
721313868 921799572
89 961216
327891837 897876716
916738381 939348580
991687765 999900645
99998 385793
8 772241
985234732 985920918
25779321 121512140
667524129 860030845
8 507779
678443352 980702700
99999995 100134052
998 901053
479131405 952909785
354199150 854112008
900821023 934017525
8 721722
169320533 414741282
72696574 181344465
598841758 821042981
856370993 994414321
573358368 881520019
454077411 940895045
9998 564097
120258517 526595596
133602382 967498852
598644093 770853310
99998 375910
472104422 717428681
35488459 530067491
329778844 460157039
226636806 769655200
99998 145873
533056285 547955391
973739026 987269853
522377882 603727921
89 313812
99998 694507
576397765 621701161
498942031 632974078
123383183 668871837
784613307 833807484
484891519 732759712
99999995 100145603
507770368 702919409
479434919 847036278
384769564 782651048
89 638358
7619934 43975275
998 186788
99999995 100147616
875642383 957330825
33525660 872920235
691731889 977002063
103186700 433213246
413412191 903013853
711531882 918780857
998 139726
731613780 864864161
982835213 995501377
99999995 100053645
798705008 825732253
8 488192
99998 566877
24067519 362684975
44651209 138445951
846239569 963272947
489451333 584627790
611038044 617479833
300984519 337236952
592455073 929298602
319271358 426418550
847723382 987665470
392114507 936462983
40427314 456377991
998 920134
208800415 544152681
89 309021
89 305564
406507262 910416094
302804030 734209557
289136242 722543371
481937352 656599316
831984732 845547136
47256227 108575693
102533419 778875416
99999995 100007781
545061707 988161342
8 797113
9998 271698
959396488 991207943
922025511 939907552
99998 128871
963650428 969313769
629407901 720352350
438056689 867241280
724152450 725087347
89 797033
107276855 480343730
889185996 938596239
266688834 471404232
908252180 986874566
99998 771186
358859624 543178453
89 367426
36287654 849003759
99999995 100687887
558455966 714182428
99998 343911
26626749 519069488
9998 196079
361999283 620466962
608089560 917261984
869145120 934013476
562332983 938148429
89 405092
933991370 989879936
524101820 561448873
704648350 973107163
808216033 964655026
853773117 931650286
204469472 664707634
998 265726
89 22757
998 557488
649385232 944742083
102126600 225463590
601481049 808210522
998 718614
632855659 650101091
742030465 787801820
99999995 100188049
98 914659
942481255 997869444
99999995 100322869
998 368802
89 45471
196145486 602959178
459636068 802944596
227985037 275430867
286157036 628726152
9998 951948
248829589 733226515
220156159 832717480
151867364 804349854
98 906809
752874609 941692315
99998 175922
8 772689
602682351 628680039
158011654 182580826
697896176 941711372
902776635 916139244
9998 702211
848302519 906079349
208598615 315247131
99998 431092
216533967 713841087
40555844 256599866
760435302 813590630
791612530 808138364
998 622975
170665113 237256027
582191475 973528801
470651515 908085062
639010723 873920457
756564420 964362399
89 980129
99999995 100158178
620058766 979892613
925342420 951133038
738868012 975999394
201651227 662304181
648480652 919639051
443870709 920764836
99999995 100622718
738201593 976760457
508881921 594218603
125859786 846918297
788227210 936535724
99999995 100392454
122278725 954539494
8 438428
98 542761
139736489 514445717
744907654 899609353
99999995 100449569
98 939724
423456186 623480137
801128152 953653111
840236383 863142189
89 48995
98 10131
922495265 984269370
582294702 814072473
8 620946
225275005 523250075
741685896 943603690
99999995 100082608
99999995 100367365
23695219 794630427
92067733 786955365
247496668 510260540
9998 605763
836213268 971533681
165495288 483123830
8 597627
248402008 594724080
89 534725
89 637871
674073102 927077594
513866451 572960397
998 413539
625695608 902609005
8 592476
722311269 932240599
8 993623
8 773096
89 488979
706153908 996105623
763631764 902575159
814163833 866641876
947513714 961704483
98 292140
8 156269
99998 647593
8 40943
684052707 991224724
102819467 854968814
499139665 755400039
99999995 100296724
99998 215274
972754036 993698713
160182172 420072268
821207862 890269185
434904914 653271806
566023203 643674887
176068133 859209914
98 848955
9998 318025
649760806 903034406
99998 933491
8 977029
739248778 962684714
347135141 404224502
501249151 986913058
853909464 927159034
89 418838
8 322736
8 639038
89 16789
476191351 978481010
77119761 919076222
396722965 811405856
771580574 913403101
611792139 953252582
212071695 232007559
761848745 833116140
749657118 864438420
208804406 216802780
99998 679878
948794306 954310770
99998 361438
98 730792
99999995 100528733
424128136 708601450
843331695 987173183
9998 555072
703658181 764215603
99998 552091
534669514 735239349
103185685 541612115
521431093 630452557
99998 667364
473248573 662838901
89 355735
369257604 434011305
637186939 717410021
9998 952308
99999995 100152182
998 656922
520454658 765666721
633900963 884005525
766521091 849445876
769865388 864229511
581014152 641395211
390827954 454314417
99999995 100049654
926468855 972097498
663898904 879944453
998 330540
99998 632464
99999995 100861282
79276701 537959357
638023489 754048074
518596739 702530240
939160280 948182330
89 303612
98 43924
869932727 913566695
559440420 766148846
572784353 959877926
735269929 981731288
89 620242
998 309451
916829958 939483474
72805220 147411910
895866420 954249916
723477229 867053332
538855328 667698430
998 111019
99998 497394
99999995 100835100
291531508 660028184
190978726 275052600
449722156 500671536
603238238 810659533
938376521 943299708
147932985 342904422
427158704 882594198
858193022 967879248
99998 537009
89 706113
99999995 100945673
919761459 937112433
811757994 822598142
460661019 511539953
99998 254186
20040721 475469893
133174778 603478054
9998 337783
772285556 987246359
99998 328949
608198323 688877723
863840341 940348427
98 972854
301489770 743888494
376915365 912523188
510256041 570860819
221035200 657962731
99998 848669
99998 576288
9998 1008477
165832350 950728144
99999995 100757790
90885617 192705184
449504698 609565726
416796767 863762553
8 577364
99998 587796
165793506 597097488
8 376743
89 194525
998 272763
495141385 722470564
98 844658
421346417 836152257
354055525 452100602
593959812 972907647
624557284 911017815
440297470 553180031
102072544 821814196
25972774 614786118
98 908433
85463612 708860420
264649969 576721411
89 885553
272690590 275277772
420025685 629706332
89 106656
776846564 822227214
451241467 866523271
98 670191
746412488 800815842
8 716016
894024921 979137782
99999995 100267194
398633736 666740806
514845152 799942703
98 671024
89 906450
98 420200
8 498155
893483186 983598378
306601021 873007296
9998 788766
114131531 159821434
972144518 995331000
36393404 159898643
9998 54628
622078223 691100519
98 702761
543841814 726908510
99999995 100318539
99998 937426
900706618 966773765
99999995 100498695
8 329659
622137236 809838896
99999995 100190961
89 600393
894191821 906068267
329644467 619303865
89 933639
970390217 974390651
14176366 30179000
714958149 945699145
98 20106
185070836 296661353
190363247 896105504
975369620 979482581
521989956 959635245
246249572 958046824
879048862 888634172
222002042 551830697
829286596 954577674
996773924 999615601
908094627 920147924
993100082 997728497
444933335 538443253
29569443 819927596
98 109738
99998 670730
98 890410
99999995 100423734
99998 535798
8 29108
679220022 772744660
98 732598
718163871 883420189
93595673 697098642
508908900 773755274
889921725 938074304
628677497 934438173
811623783 854833165
587261562 938652375
563005663 987703427
9998 402944
401315586 971378887
98 735828
667108444 676649603
172418210 804842602
537876318 775669494
502252959 757652311
113590615 178638016
294182077 436394987
736243352 870979497
99999995 100346118
160910356 875957668
471464319 913438529
998 29151
99998 447293
98530369 210392510
9998 235431
99999995 100334327
406123155 517370066
561473356 684271389
472979416 646139376
677622772 789904910
99998 868051
635474069 790980355
998 769769
17363804 742135843
677415915 907702142
98 676390
816746588 954996221
799355040 906465428
99998 992212
394102639 613977863
369736366 893940458
890408656 956735701
648275525 802974329
998 306686
914972152 993925780
636500982 743801351
828545141 899897131
470563786 500664705
89 379937
369014306 764450364
308267818 827138889
99998 851027
300223070 766134608
9998 670038
998 262161
99998 1012197
8 356591
8 884157
98 603443
998 312316
183249153 767397934
98 570460
214809496 328080272
65152944 173911174
122042603 885999727
673746981 762729607
264162372 297810891
830760098 887622847
689420391 789121038
8 307703
482537728 506616677
801218582 960147326
202633530 497464021
998 243578
97989417 968828473
918988855 960621091
99999995 100564915
99998 564925
674613408 778555724
89 686111
460259771 521724853
89 502345
512606737 655271628
609583198 758722981
117108420 896062250
822520861 981884006
99999995 100420516
648717335 794114731
98 94486
536980620 700213799
9998 244640
8 495896
223085035 623581977
9998 424359
564570672 567544435
254510260 894757884
99998 728703
686564796 817350717
718598119 751439651
867146089 999919699
845709374 898139992
528710688 727398187
8 509208
89 803178
454952682 611785639
9998 862758
561844042 735846582
179761174 913663397
746146097 782106738
286667058 641049974
963708596 964579445
8 827603
371428621 502367861
8 322755
89 393422
571490670 671829536
710913324 922331562
8 659160
747570054 883950693
304944852 593191063
312611654 481406862
88382388 103708074
482316533 775253149
525380702 689070710
8 120721
9998 51725
58346700 124028008
998 557260
772862831 975261272
8 217637
99999995 100974694
8 917493
874311487 885611989
99998 693425
226368674 283970330
903435922 918560231
824481063 937104471
98 132380
210067205 681063571
849059999 953628382
98 515565
98 958151
713068578 919725842
998 147947
9998 765877
9998 714975
657169424 761901281
32850893 499598179
402621431 524316816
9998 739901
89 324100
9998 969341
681119333 859728910
676196374 853695308
546963036 685687613
998 424790
815177866 863202973
9998 567015
14068686 112296223
99999995 100121888
9998 135267
89 401389
924827100 968426043
98 522503
183226643 605973194
841753538 877799888
251506324 656433119
9998 452275
8 328179
766059495 859642720
98 68694
449812512 817817614
101928261 715888040
612805790 663982751
951269333 991662839
604141896 902402662
98 647429
639338566 652147566
826979730 932454306
518644970 749272898
9998 886332
409567831 924902987
879261326 971997397
192217607 240255312
89 603647
379278587 984429837
226478111 752627756
965687779 991720795
998 371171
824318351 874972758
9998 71163
993037212 999417040
151402679 249378510
824610322 898709765
711664214 806479515
99999995 100835696
9998 366049
553899831 677562718
89 282220
664713907 974397291
605092092 773870351
882120013 907161276
99999995 100764413
577906431 952958046
99998 435110
747244801 869451914
998 441997
99998 610130
107662281 993927180
915387521 950208534
8 492515
89 74501
547112067 674624065
512612023 655416477
986934365 998729761
533754162 538737349
701075 526814894
99999995 100139892
99999995 100510985
98 432109
315267196 464040256
9998 184655
344388902 403322856
8 348477
401909010 545181553
99999995 100080370
223420191 735346328
9998 736094
133395413 503382026
458147172 962809406
501382817 531242540
532772007 646095612
98 385329
319669223 767496526
998 896016
946391208 974656355
804924449 830738295
557299040 976791456
516190262 610170184
59696739 916193864
98 15379
482113433 779975005
133300250 927321161
395402222 480903769
89 278304
9998 255646
925695494 979376417
509115868 920542355
998 119019
563519967 812575587
997333208 998662167
720315404 927560939
749415692 797415696
419742359 538863935
99999995 100294616
89 341186
82355607 193421428
89 535264
8 275372
126719745 381598608
89 563510
89 339425
43615960 239280342
8 953901
697183607 884043367
116661061 825810879
421599852 522249237
99999995 100833546
598027429 598163997
797123323 900703299
729503316 860668332
733497082 773871070
998 238534
98 201328
116630423 910480762
8 543112
732255830 807295186
850329052 985733770
98 212061
9998 765593
60369267 191143806
998 216596
292277694 641814859
99998 288498
870604650 899071721
37714387 955642599
635394622 756523833
370737574 802797934
998 151467
857290538 991708971
589260248 774189993
998 288223
45369325 539385393
99998 177284
98 580021
548874627 981989513
8 42849
998 625913
15698350 382049818
860864087 968812166
478890612 606992037
246418635 385737776
89 917352
9998 738040
689664064 999607490
450803269 692970893
26915567 381153064
649539847 743746547
182157697 843935924
905002684 961567014
998 605100
99998 291757
689382469 760372824
89 667459
89 863730
99998 1069789
931903431 985183749
98 562457
98 917989
996023048 999011906
519077313 808928233
317344303 961827141
279709480 416411038
855564714 905884627
323668721 888968378
89 305474
684145171 863770215
998 397540
739876633 883837005
617764535 961493513
99999995 100312932
257049342 957523251
456455281 575304178
89 374117
8 154126
99998 1077459
496405031 567590492
873975857 973756879
89 514226
191761553 712463847
738216235 836179628
604552651 798448624
434894886 974598685
802729451 932217935
99999995 100582575
155571574 730222415
112431743 367952384
537554856 726699908
932251598 962172602
99999995 100824735
744200325 922095646
406672613 766732529
988910551 997740810
8 259565
536225064 777764577
998 18107
423254880 511521928
262216924 847114623
89 447967
345558961 595669552
615229263 802557712
287756572 665547195
208291815 631038929
136044854 729976376
587266280 832813680
9998 516762
124121168 471398436
480356760 931152030
590216254 764244983
99999995 100650739
998 515048
8 506181
195136981 269092902
8 495377
98 185589
90650985 705963822
9998 608719
8 115215
98 48949
995304634 997940182
8 574450
9998 208623
401134160 840035339
133346683 690026869
395197634 574096753
213482001 439374805
308004381 436723309
274542588 849158840
553362862 750043113
442522495 805037406
189615410 694096954
222238284 848639845
306336560 928847176
98 156069
51996945 614510513
34598137 97793553
116302465 203405160
265716366 536099325
969759973 978427979
8 817202
613423957 625997587
489571735 747590547
173196241 235533974
848435834 885206423
9998 403230
9998 813702
533903223 911535990
27208290 408160205
9998 488422
949334028 954559001
913148487 966267534
998 600654
67437276 990097098
99998 513023
98 282947
599246159 898217387
394347704 759702653
258711103 586475569
23293570 779782121
826429486 923139189
8 862564
99999995 100801173
9998 689266
392886238 774513372
89 384739
89 479792
957670991 987492064
8680039 868402553
89 710693
34094234 324141316
229475602 678814863
873631452 954555029
99998 112108
64978117 506332148
99999995 100776260
9998 479806
998 94527
9998 28459
519194568 632390856
998 361267
99998 1087435
397114330 399708766
464933996 818978748
434046728 937594909
369724054 939057605
354435198 815213514
94554368 889868779
998 646913
609700228 617917421
932139639 950440243
60282961 542824776
623509663 940968801
507565753 665888740
977856445 984877811
865698765 896068441
725628727 802112513
891522618 965472736
210123268 449086305
2686912 530864941
262712381 897393166
394462508 619553933
256370464 993456362
89 721615
9998 828321
362739609 749206579
423481643 698274595
702268053 895488568
998 636465
89 994934
811846815 875503685
948666854 999402497
849575273 994144002
174658651 436478663
525294734 627117564
9998 249253
577099487 958465236
788604052 890913742
580162277 890097318
998 605170
98 729174
8 902583
98 130419
99998 664425
712459164 998980577
491523018 845412703
922667108 986398188
775010425 863039059
257495963 453122517
99999995 100274257
8 929017
485433047 581675969
907781499 921666187
80029728 915503210
807607068 913783653
887958585 934021351
481540594 685057827
739016065 905516744
449909424 962563146
8 761791
99998 369244
608992992 610611033
182337732 333342670
608577678 814357085
998 553822
113784222 756468267
798203033 856097433
475914009 615409807
978814661 993841044
730444165 947124202
98 647325
775569522 784432234
99999995 100787895
449738887 691504768
414919680 612920553
351153812 923835981
998 604638
921875964 973371930
789813310 798723957
998 731802
3747292 413553303
879008391 902725084
768519367 809342349
99998 382002
740214824 905917406
89 505469
177831602 418712703
998 748282
197843350 732093268
9998 438186
63805194 286867576
370984612 390061096
9998 428318
759027435 800542124
880388484 914808300
68681293 658708750
334316280 649816033
98 194970
268679140 781881842
998 652500
407467018 999464521
169381176 658788455
497235476 618120696
786211392 841606366
807715265 867562039
8 58884
977097163 982388342
805111934 839202397
384317887 772232733
621606935 774010169
8 191389
277686860 692849976
300772676 449030889
421906091 622349154
622155036 847791534
400615262 436674136
98 990421
361179802 587429876
404108387 899356298
309028182 971008225
948484272 978477685
99999995 100647643
610847213 849962103
99999995 100429582
692524410 955221436
851720783 901460596
70979086 993508148
446293955 794774371
98 17327
373955712 685639759
569633263 579319120
9998 232101
357679819 840745847
416966557 520948519
70839699 727264493
9998 219982
9998 126304
678986171 824052862
399026675 679635883
204575543 792285541
89 704803
207110870 274558591
48919375 527886097
9998 383910
823485661 831233907
8 570423
154162116 808799265
814715438 982063287
825918907 970018787
99998 400477
632844529 678243508
861565996 901315365
470632309 514497875
99999995 100270537
691470664 776005797
854758223 885799733
649587027 690277946
806205833 935084681
998 264818
99999995 100173838
98 714451
333376101 853292157
345715734 942886585
622090000 925001804
998 981892
336698416 434081272
374057028 420930657
411712888 798945497
314121478 537009632
98 828231
99998 527434
790113337 830715323
368184899 748936818
715340176 970123759
666300887 686528239
488617211 987220644
158748281 213362458
89 125064
416731549 924089741
246132800 819198873
158624530 417065866
514798769 797001026
881612039 948978451
9998 937714
314228946 345548855
65035325 528764723
8 101138
798593518 996167566
9998 390412
99999995 100199003
99999995 100387685
173998634 720895644
89 629027
99998 436120
95043734 797915562
382156898 399861158
580448394 719308365
120420993 841958026
859027833 917365047
656932550 931682500
89 201184
139831553 917987777
701844846 970627567
311079520 732820771
917153398 977783537
332542866 815262641
226643253 617852985
99999995 100272988
98 602584
684629443 689339086
976306070 976367642
382566102 644701148
9998 606946
998 649772
9998 287703
914216610 998019306
9998 932282
99998 515936
413485245 509821671
98 257795
99999995 100770956
594907168 974305990
998 434966
620312621 904300506
606281504 981061590
998 455920
9998 621665
98 183440
409871851 643867512
119894924 349896058
991228334 992041470
64230965 767145251
584581947 799586044
940830160 949975145
259902418 882276595
354454777 435331628
900543739 988273115
242915365 662878999
998 203011
130164984 289208662
998 492463
880554106 970574370
188107327 199472846
409590937 835057099
373272277 995679076
8 734974
533049389 802695456
98 343507
998 598499
99999995 100324829
982590026 992187866
96766889 733503334
961514277 986739600
8 471345
436172474 950463778
136151032 648872985
99999995 100769141
579382272 884604088
99998 697964
998023977 998837781
363131869 694827406
998 596952
99999995 100269143
89 903423
364990266 729877199
682343803 823259997
99999995 100087909
411024802 903187918
99998 285612
31321888 812076282
89 277342
799341438 868469095
479239264 520763722
89 897385
232600244 759863847
864501032 897253640
28579929 331817856
14685219 320563391
563890512 662671958
98 505515
562584463 728101659
750310695 878178189
197167641 497320216
445224593 583422017
368503557 581629419
510493911 891955933
99998 799681
98 50725
9998 478505
120762948 521045738
89 684098
98400136 503116002
98 617603
772975209 933950159
900202745 959838289
217974110 743633842
99999995 100683291
857537738 933684623
99999995 100561438
89 610428
415959476 421025043
612175674 721472060
6007306 593104280
453260053 756388991
99998 853659
89 539862
9998 539635
706181910 892761591
9998 663348
747800715 801000639
528819626 884337965
935555019 955613663
99998 981779
9998 500580
56142699 891452011
126182086 688946199
856710435 886659592
250575317 845610547
656918209 998310979
998 125081
98 900392
676008440 983359652
678934419 691117169
9998 509245
945660242 951108738
98 683531
367067791 864978270
28818226 256282467
990185850 994790465
401940707 542187747
191323213 416997932
246370641 382703898
99998 827449
199933072 799791064
438022880 914098729
178791537 613603893
98 963693
355198632 455532473
409571537 850290243
345035580 908168253
99998 127344
25860619 66270069
8 51799
707134020 807534051
396951925 630782518
8 340036
724467772 813881849
389228317 660886483
99998 659303
59450216 183279822
976030047 993505971
862692038 923923506
9998 551796
9998 64810
8 879802
857517003 934844847
682997369 929022658
8 113147
9998 916253
525815285 589568173
998 39708
8 200212
20606104 715585626
99998 198707
8 561654
978836796 994998087
9998 714732
711013108 827954363
209688173 946804445
99998 617128
246103966 672633306
117817389 924604120
9998 604953
727519335 991058479
99998 1066170
89 855786
22171384 708510421
98 589533
705626800 963082319
25090749 214798746
99999995 100891550
96637024 495772926
309001415 389310101
998 536484
910997513 918987081
99998 247769
8 491833
99998 315079
611895250 884185720
9998 360294
8 879184
93666299 776659728
8 261937
8 473439
202869590 749137834
998 972873
713204243 799403153
99999995 100131505
612646929 675954143
193262503 392636864
8 447433
998 669314
89 586134
778894614 933592787
549085711 736031022
89 337321
351914001 572949530
8 793028
140959963 534614744
98 480848
496412805 807925782
92877804 322482693
136591381 380193668
369421903 874944401
39818307 511883424
259571082 485349049
99998 713070
99998 306306
565795144 715803004
803245794 930725685
348917557 554421277
792525920 912748315
275606918 648149234
998 658407
9998 247117
418516735 494619841
99999995 100015425
572216057 809868027
99998 806723
329118574 500933982
98 379908
438964449 920461396
709226514 750145144
886496065 911766887
330593525 360017574
756272914 821598268
442836372 875201623
589015305 702287432
957324648 965173957
583136892 686769058
927494849 951975945
974163475 981918560
671607372 934542129
98 930370
135945943 509033502
669149372 676583849
760448066 924985853
234940930 740311913
98 163390
211214733 248386419
9998 112064
443441970 774172825
998 924170
317726413 441636841
8 823389
166103375 645103955
98 852130
99998 916400
669552653 986348576
828901690 921451481
998 248809
81001120 564625510
845609991 945959125
579998019 861840866
666345322 702452577
649839889 846545609
234610472 832024031
906487343 991886168
928892397 981486859
8 484499
99999995 100739632
89 186440
295777488 523350907
99998 578231
854002570 952164032
106040520 702459694
709662613 765894849
914740402 956218267
89 732180
350709171 609746066
89 309244
881282710 946917701
400872122 954005604
654532157 851571772
9998 571452
146168411 218798730
557255554 790829676
99998 622648
731137044 766090500
9998 548908
947849326 952541395
9998 24819
248199620 956400180
553312030 906110328
88184550 739376847
67433695 764426101
99998 481816
299787992 803085281
291637304 465922669
656525341 673528556
41535702 984106445
386027895 516173839
8 679749
935714274 939382641
400927967 411117968
45209278 545069690
99998 573780
623849039 683188847
99998 810353
463767730 479601846
920893451 984969194
998 39231
9998 372825
694675976 992185404
687281449 843080849
885570517 893709565
746786345 785251580
548397344 950683025
390794457 492499952
263198879 890988072
89 319825
844226354 853191657
954886334 968422399
112549654 549818051
588616488 838825026
25564137 230058929
192801903 412788059
91739127 523963684
900620889 903923579
505298872 964838924
797391455 818405105
460740073 823742233
131682668 512785956
738716705 951708916
234700961 742199537
376240463 981184754
781394765 788180676
952950254 958613075
646145752 975547492
8 312501
790474791 843971515
98 931531
388441214 463810633
543233955 911470875
189169472 782915422
597090422 898367915
990269315 991474665
907657815 946576954
798761391 829662473
98 750960
226662407 431208152
745142706 899910235
430523048 957777105
378372130 452977726
339641879 880285351
9998 728457
6795125 414892153
64005551 226636937
609513781 805997736
99999995 100831456
873665860 882382230
626133513 763669684
99999995 100025508
590409331 614342775
561766721 586318170
287064116 567912465
989993717 990736759
766392311 882943675
229910376 951680309
9998 360542
8 319761
562255055 688775721
509030194 970987062
265849406 822570250
655351439 895008543
98 159938
276835727 388254467
815512776 963259319
99998 793889
168330376 806789952
540143565 999162414
89 215247
326227440 552512526
998 652628
533503217 942600610
89 540509
710611269 973264539
520476355 680276780
9998 122218
661683609 937592848
99999995 100701459
277773088 935789041
87307558 547331963
663246022 991469098
523635455 580430976
89 780760
71665572 832814466
881908929 985135215
99999995 100993557
9998 419114
733846470 960449461
77034152 497843488
311220663 382448619
159631378 517272194
143107465 624828878
842373364 856288498
8 244447
89 365846
191964764 572918133
98 967456
9998 82493
99998 564576
851558070 970388979
648036910 843837446
99999995 100035596
170096124 398076230
706562806 739363824
9998 68947
99999995 100521364
493511266 775206463
222473988 412047868
401823585 454978074
247813022 796028100
243906046 258252500
809594820 876795016
844639390 990366193
458827970 935469453
987324169 995153562
99998 796050
494122378 994674508
617122161 981141285
597374531 651222655
293458451 371623595
695002588 898372314
806343578 856853788
998 516328
517584002 842278965
622816083 626195430
998 768568
946997894 962217317
998 425932
110801260 460142719
794281856 923802978
298735245 421606413
9998 661477
99999995 100091757
89 959842
795027265 827955129
505681713 594339571
268719072 781821096
740577003 966468178
773061551 958330753
605029302 666877212
239043496 294862668
675469543 823092294
560255340 865685213
832911353 985433657
618490474 831153187
253897334 839692233
89 441283
998 980045
200913137 438365244
683031578 776410697
99998 555376
89 554073
99999995 100664939
6933651 117743408
9998 150342
998 8911
719628315 844268584
716272641 745040027
27486219 700591597
747550831 958644806
222160283 792899985
99998 818163
98 690576
99998 454995
538343358 873978989
8 748065
8 691262
703491745 850377800
209646896 412134562
93531183 470194297
360951963 705557586
168085093 216595032
998 709738
8 52576
608941769 866688565
447573556 751463287
843147243 863196398
98 45857
516655567 788868392
155652046 613949010
201757818 642824241
505954442 564032268
8 735569
8 721823
148264462 931065879
281651519 738202551
519564179 741423320
413596557 530883808
308692746 408393407
547096180 799924732
510467790 638697253
507317644 541105813
99999995 100214219
752994303 866709773
98 406708
239378120 890704848
99999995 100576011
430147688 453051359
221477328 980377917
98 943927
8 79272
998 970986
911377157 992980839
39920103 985298422
640167957 969289570
998 81020
589937146 817995004
685253845 890437308
89 458363
854387431 897130839
662818006 751125799
575710257 668315710
89 971717
902980969 950069738
564783977 724781180
848583054 851449696
89 846619
98 43973
911162624 934690437
965508452 994439366
658109589 993487162
14849308 207083084
682795761 956888097
61394627 620082622
639995076 730248532
99998 360555
998 436144
99998 518013
433137224 673274264
521098409 562264063
175620605 392908781
863669679 995276208
910370899 979930011
99998 597224
98 396563
535270112 632451605
99999995 100558173
75904791 182072980
96268581 945477669
197614282 492870431
9998 331982
998 7149
998 590913
410179376 824320059
998 25582
269141392 402639070
885473580 909891367
998 719421
433138449 554686581
288953186 461637286
646873423 900063986
89 139425
389689046 695821169
196018697 663760287
582761756 656815731
657154874 886030406
387636790 644018007
8 533595
998 19430
886825912 899182777
655769542 699514750
26158424 440871047
99999995 100492730
292270998 923058687
396128354 837156516
89 433452
9998 352603
99998 621497
290115295 975909338
540831587 633491539
875386179 979200407
840815200 913605915
695449306 798005219
238857594 598360761
998 817201
998 724616
895130007 966073316
553435405 684474843
140441411 395989652
98 172901
245339491 971301778
998 206290
154936373 663500296
9998 373578
530354648 910545574
508034105 934596530
89 313630
8 737538
99999995 100641620
364572093 883385935
944001639 955539576
28910094 724784656
9998 250710
99999995 100821493
560489759 926800014
998 764068
89 814541
99999995 100913610
932606792 956240412
813197703 879360560
427228935 665328721
884013495 974527737
555649592 793401394
122084495 822038475
681720599 760835433
729673687 735872095
694117252 819075744
508728260 816888071
155353297 474187105
99999995 100157573
243908930 519674404
99998 409107
8 902591
234276914 323725726
8 76106
68805054 174231688
99998 951836
569601569 883344079
9998 381933
511246937 682249618
998 176768
998 708263
19784644 405423785
9998 407712
106611760 855727000
98 762934
998 143488
32516204 572284252
685760382 856095904
58161060 741352816
391562087 830863521
669027108 930679098
9998 401687
99998 441504
784320530 852143847
380209588 573177456
998 335769
9998 757076
777198175 851743652
376202082 815239880
618131936 959787390
8 606598
8 796228
605123674 965199684
9998 779218
584940789 712719407
418419554 441116447
8 147481
771146742 979295553
49375243 583174628
8 155801
682521860 926066534
99998 552423
89 295532
467992417 570017520
214199602 765533290
710494070 806093487
8 36944
197721211 522387146
998 292409
98 806875
170472235 605951433
63829226 961518632
715282454 773099715
98 519054
89 441155
460401979 724464003
967753618 990197004
373178682 640578120
281335230 434256982
269098898 860834768
99999995 100153448
771454011 785479045
48370884 407207537
108554083 128800605
9998 549985
98 658675
641119281 729936984
98 240592
577931342 794858144
656510895 996140926
506066683 615694272
896291584 932843062
9998 313360
837161611 888715668
656351886 898189184
98 348988
460104165 845450990
828735327 973344474
602943114 671187625
89 448920
962811905 979277621
735474347 812867221
428726860 488926897
999224854 999585441
997623390 999274938
99999995 100631597
911028109 915662806
9998 235559
99999995 100433827
823270321 861915281
942469816 961969844
573246152 584613430
476071903 992760525
735051735 955495556
881177633 904638443
381261404 608692312
32524070 616041216
541690925 614905749
8 157346
649681768 653053029
99999995 100170972
8 20051
89 266423
651711094 764109747
192168346 845922566
89 658149
38753635 889696794
729150413 814146638
99999995 100927596
9998 48522
99998 787762
666214045 926870597
649419219 803578520
99998 1028864
9998 616202
89 669149
99999995 100976057
557060226 910655155
30025858 132264130
482531124 607417775
139381774 881460946
692636460 805533084
871116972 948179210
227366534 959083005
964217348 994052519
998 630509
229508994 810943715
950387317 998411159
99999995 100719545
9998 832107
523214560 926806496
499839969 583632979
9998 882818
498973620 985147660
227654645 470384277
538035371 582427856
85455628 838504259
366134245 884430097
344168059 634199912
98 499686
235753535 967833857
924392249 958291746
678132277 755402643
99998 325613
453835394 811159785
998 521134
495332978 686926039
302596785 812655076
326120093 923224994
79441902 692662430
615818971 698969807
88083710 951149358
998 427631
898297845 996660260
744192940 777104350
9998 108695
9998 61954
9998 114862
98 440646
673527297 959989947
989609330 993134893
869572089 947757794
407946971 514271833
767149262 943122319
9998 263615
89 476700
241741593 786799218
99999995 100159769
117215377 225244411
320434407 367385818
98 84919
9998 761448
213733753 260898835
89 309713
832356719 878465200
8 263498
879730444 896952315
591224365 689099591
955820438 987196442
472026068 898215996
98 307187
998 329993
851483960 926607049
602731130 882733670
242917438 708725632
302395133 400322079
897053966 958568258
898811410 926360204
89 127600
217637078 717374167
799616390 972399950
906221317 984309651
610014276 804599276
807237983 927074350
43471356 807616494
99998 769389
136467826 817758144
92241480 880525177
99998 788280
269558812 351469915
890497342 893531842
557650306 696116044
435402857 621511646
477811300 683619161
998 524014
176314809 616296178
562090848 964095947
616169530 908550337
194783062 410501678
98 810144
8 634407
829893934 855477647
9998 523838
906646862 925601077
9998 624417
295203268 527556961
543835861 548672710
528188374 945460486
891849678 922649522
89 940235
998 847662
337131118 531239869
99998 875011
99998 903197
604903499 617022763
747812168 943885497
99999995 100878416
69143440 701018524
653426291 667808686
148435589 507982064
99998 851657
387277026 453148138
663633730 966288554
438557630 756871003
9998 470704
99998 290205
319195923 358072419
417275016 626992654
219537835 411808928
8 425487
998 223872
314495809 571345704
764474519 806408327
828458369 901116588
299809373 982394298
998 348727
98 409620
98 286848
463589949 629582824
171330538 767730327
724620459 784874497
578184035 972163878
98 604224
998 325764
517250056 776334716
487666108 813598268
98 582276
99998 467763
949096218 949319898
9998 106712
739432992 869755862
24626817 962858063
181434212 329349450
233483925 859517367
811484504 990861191
30356706 691888111
99999995 100897600
84481339 564563288
324357384 397869492
508103550 654671491
99999995 100755075
340505934 768106402
364523604 410895882
756640671 896606604
715507280 982446911
168240329 683922941
89 446399
99999995 100860768
334675729 790643362
99999995 100289380
674382339 945722322
187056653 936774821
935925239 975635938
89 911941
484240461 703441666
557838790 993189941
23842751 306290379
998 523375
335055795 944149759
13620640 257541325
648563362 665129849
511313484 749387191
303817548 668586267
998 384517
319295268 519512480
731705990 743025268
781080228 956828532
449241251 882354764
216461079 226289343
667574130 866017557
9998 897743
430065165 572268302
9140657 957445466
89 830887
98 988226
98 295500
915735361 942679225
699094387 880067792
802273754 804749150
760898924 927301011
901034109 957713939
236239130 879805113
706271725 779006877
89 534601
182683789 656359623
9998 415005
262942945 960228638
948305956 966726620
9998 105408
372702830 704578463
773273943 976350790
445760398 796690049
329443830 423030262
342940516 732773537
451120875 748294135
757537428 790850674
89 198860
296863173 979182533
782760101 973986286
23639782 508940393
287322005 874333232
9998 995638
932831364 968044702
502906852 835377218
676484772 901909928
9998 138516
203944355 639366204
114523735 325192984
699697292 857252785
241846297 895901085
99998 347024
99999995 100953171
328416547 788311017
8 112855
98 127667
135405037 216487131
734743404 890608081
644539673 824502082
198657883 771298105
202329588 363014225
653878767 879370353
907363398 989137891
582036393 706199780
533121633 887799697
286413803 525919889
99999995 100131719
89 92654
448930943 997036858
192374317 525171747
98 762174
18834024 822639883
774242556 786979940
893931960 954866732
302373062 939946545
9998 616248
8 503954
310387272 867078700
89 413608
221619148 960466045
9998 611614
208582194 902186979
226942663 675758221
321792727 466345518
281770135 672947515
155098680 486112574
199725698 778317823
785015931 803556550
9998 1005464
150659443 634973331
43649520 134696624
136340055 426294151
401926537 804836077
99998 551603
724276591 811044219
650696186 698416692
872358980 986121689
9998 847042
586652542 691619212
99999995 100393380
323366412 994176956
886137206 904112339
439348198 782036582
98 68378
835112516 978954942
89 641299
814706993 914258563
289708476 876578456
986729027 992524332
998 402434
938124948 997639600
920781859 996436701
98 817866
810976639 821677861
267308911 999319522
423369388 793761737
884815125 989036761
357173929 421422883
817144744 876556051
99998 205455
751510990 891401856
998 600696
927460456 944868946
89 88487
288995773 368089470
856384895 880069338
137143401 157321127
459248559 833170005
289620697 920396432
19978487 395611535
9998 885921
558482402 665541424
98 36746
389253715 510519087
8 761050
629790780 802642195
192857865 453025676
945825472 971472278
998 450170
17368002 736411544
9998 475404
98 880697
8 430545
636413286 968558755
8 920860
476553813 759881438
553781692 598365811
383824984 498893449
497560532 821993159
99998 374159
581606815 674583555
99998 942576
204262566 480970168
923428399 931247157
894782164 911135928
868564522 911153960
214964273 660285154
89 379827
11312367 601164990
32172511 299120660
820478873 964885005
89 581029
8 876709
605862129 665947520
434392042 995833891
460885665 707907166
129236006 639711297
362401531 613823590
318372613 780392642
877666209 924733516
746756227 924371819
858876992 948631888
52538670 696420530
240053481 687645309
968742893 970978515
465722846 745270036
765558366 784383392
98 218487
102203769 338307485
427255454 525532952
99999995 100267363
746265617 874370161
892872153 971874676
791132135 813501841
558953180 968965413
675010337 806301402
522115695 998840565
998 764549
889690542 978985453
978738784 998773090
915845981 992562912
740546457 874688636
89 558055
865012782 945843745
712373808 811683712
450169450 626751249
513836910 845374440
190363144 366211622
662838251 687288592
945605402 949711344
153724460 881876152
245896726 454884756
217274371 817039080
154878102 847536296
40695271 249920281
379077511 417613682
287553975 962363958
778562133 803295835
436381167 880065309
998 851772
998 251851
656848641 697032729
458611279 738592280
8 693737
998 282626
975825605 991881908
368198163 587481607
865681539 960422830
891200596 958912268
227410120 758867762
99998 764973
998 213732
89 453597
9998 157454
208517407 400149639
793293563 797146450
744801990 798478269
8 661874
164975512 358019700
8 717329
914637992 943634702
99998 1069152
409337411 940325344
89 908090
98 777109
660133963 963441930
98 359940
274544484 357439282
774702460 875112096
751115926 924596473
643056483 796856296
89 604665
89 513737
650349423 927442510
850108398 874559082
9998 863960
791873659 824437780
98 372583
98 151979
956346881 975012985
99998 1096313
151412559 900837427
731075563 801938927
253879286 268374580
431507167 611690275
998 532997
175495445 633414846
661635287 863161838
114214341 838386184
692617127 930226340
266182937 957348961
98 451414
430340548 476208141
343145326 779398471
690473876 744695101
8 575992
744814376 815276033
591218832 911050901
495693322 884334582
98 123080
865462172 929529955
98 446277
8 525163
994781310 995142052
998 773004
448725842 868405797
99999995 100073978
98 237055
998 964631
998 138883
99998 921497
237128296 972388393
998 67828
632749777 977898797
99998 906865
99999995 100682462
327499879 778747709
98 136464
769229949 864867062
63928038 834548995
475339800 561388887
89 989386
89 195560
9998 798121
224716167 934464347
8 630768
998 239639
825747691 998085842
218524422 242660940
773913602 917451947
370718304 896290229
987213409 994082133
944795484 949576289
998 725218
162904414 702032813
82752917 615896842
715579870 766238919
278519811 750415220
99999995 100899975
99999995 100537967
99999995 100390527
99998 170499
99999995 100789800
715815682 986828423
99998 798107
89 222573
363286268 878901629
3235422 289321949
216042622 420038774
748018579 932791798
179815195 817629431
212546253 924754358
136003153 221941907
141566505 880995753
861286310 898242818
9998 732455
859261550 974946613
220377848 804420059
856560067 961774438
35149679 663152117
701979909 965595736
593384547 848321397
99999995 100072331
89 803315
9998 884670
935163345 948313224
98 329460
541746743 785516244
89 283325
998 143844
9998 779578
99999995 100435945
813219963 828717131
998 280997
837689137 987314490
99999995 100763957
338369238 964690001
9998 953465
148069618 595100876
821354980 836842437
530493378 713010622
99999995 100446435
331242457 683773411
845540012 891637803
924733425 966860719
923824208 937542255
363841284 924191315
627565068 848981864
998 347503
184342833 754776422
400463638 789683600
726435035 938380124
725096985 886768850
89 942402
98 421953
950212626 986911134
99999995 100433053
280432924 813606073
755579685 783775942
456075083 575343752
998 441007
99998 168949
998 692987
793166574 998468268
772041725 889128327
541408105 549358672
298914500 735459246
891725694 904670965
741011212 970368907
572008914 680134796
8 911887
759936663 809678605
186502354 936255416
403938799 979857196
375058189 673474079
874569908 943711404
63592749 880901911
98 559233
99998 551400
684516736 790656629
861045874 990266713
553940494 977033912
666072316 793248312
580514092 660301003
666156306 887532900
653089702 868809377
357993997 784815399
695634701 876722304
489672333 877480421
486705443 882984713
9998 351074
5386996 347926402
9998 288609
99998 1074586
881709437 901379433
721034765 744661395
154482944 485171581
954062526 962482808
705292536 867664269
690385279 816804863
62162758 181434970
99998 203064
222728217 672718168
383629771 944189244
972042970 972948185
8 175974
432709503 465560954
8 969303
121270941 703911835
998 878479
453650908 501176425
766683049 864770469
98 899592
338065342 427648673
804743246 940301694
98 453376
751470594 771441426
98 340309
98 108556
431923611 999586684
99999995 100099448
998 499906
946193809 974556440
713063703 836525220
8 947930
998 19099
99998 998474
687013586 788587865
256189949 537568833
774729068 885721370
568474668 644802109
89 531322
476873994 573093138
453514316 487810514
99998 853400
135338039 961383164
224665777 342266400
233393781 775786330
958540248 974048608
916169430 999089965
581094901 714837214
998 297435
724648810 911237224
409595658 413768672
762091946 843687353
153905999 205878668
888891850 905761357
273883848 795485015
737599181 987209415
170896135 769963109
857939840 910359023
98 581426
99999995 100636940
971590437 978497750
975421219 980462332
771731660 908980550
888050389 969868742
640353384 897744357
398473863 751572695
273356477 468171878
899716619 923778970
8 607732
42716045 506041830
221860012 939035950
837577698 914386669
98 608934
814247165 992524597
9998 406993
98 193146
98 15390
405644003 725778652
99998 477517
171980829 982991142
339043463 401489410
98 239105
917763412 935484487
400060761 755325375
8 164030
595730065 726133748
523467791 648976526
68536635 698005882
89 784540
672216283 996526477
99999995 100165862
336624799 755957325
998 618954
129565881 198863057
676996821 869162022
674608837 904451210
998 792251
53543804 516017159
184628804 441564480
98 710412
8 679870
265225672 706615215
567850118 793854758
212119635 416638169
99998 177476
9998 365934
876780252 955514342
8 132231
167381138 979227033
338772562 704521014
950163553 967784022
845002114 981064930
959403655 960185950
99999995 100397942
255422855 287627976
291930369 733673628
260001930 530000105
998 226708
99999995 100616976
9998 243910
998 983182
674889187 821004537
8 243559
8 949910
89 299578
9998 450458
706324002 981582550
9998 911172
885141118 888889785
98 472382
629443051 956527103
99998 857413
302463921 414953340
99999995 100372921
9571508 484648975
380823191 659078752
345626042 600308609
92748519 291426696
940840785 980726700
99999995 100553965
445418234 832276515
136818567 229367976
89 468717
505708519 951748458
461842356 737263878
799459840 993550604
922023098 948997845
360121482 759076455
998 808004
750118698 992553387
515799992 812938209
99998 857087
211011212 450191156
933621372 945471191
99998 1012460
971593159 994959281
628833262 969344674
998 418812
58860468 726850211
249301679 671156292
95875014 621970580
278396973 383124522
784631386 889907975
45467436 999406958
463784019 644962024
99999995 100558209
596504322 808269158
765378137 808030013
89 870060
427911053 832024065
332522942 880577012
483701982 588354952
9998 710316
99998 914930
89 597903
8 629043
588340797 948943233
207817195 547505158
894251859 943448696
801458360 990539721
180334175 704295827
773910743 987639137
711800310 865637144
707852833 730981833
98 330381
8 938254
683895699 737983964
99998 199614
9998 859197
941969578 974365687
410587851 549443408
87847874 824599730
784407827 815996361
740865003 930753388
851521639 955384598
57212002 845686713
639914824 703806551
496016480 798995661
99998 417492
330425881 711980568
513470575 728365075
998 811886
65854815 630196961
600713542 887740391
98 279392
928008685 965882676
221578554 876902040
238744530 496071596
967237975 971307312
114421223 742803623
52473658 810419154
99999995 100174461
571579586 708413633
8 633602
8 79065
99998 644985
615247169 780251977
8 455716
471071951 680217982
89 696307
205403666 446219389
805554623 914786599
99999995 100997089
998 939599
379455345 903906349
9998 626756
89 657374
89 343705
965277289 982653020
14490277 132387441
392238971 620089638
99998 1097620
238914085 698820845
191139191 992743620
484196981 578987801
912685065 947535929
786924071 999482171
804664244 882894474
9596187 158107669
99999995 100752955
99998 876934
471611430 937497482
632094462 760873479
151669130 677329185
222988058 440848130
9998 462490
294159845 640864610
831848458 846509344
99998 517717
89 756094
60352147 706046554
488601597 590019243
9998 39333
30392995 505135975
557103296 745987857
814789796 878023370
223597810 252124948
627129733 847019698
108070984 840948422
593218335 719132071
98 492770
99998 775919
8 340382
99998 881733
720207855 892799049
9998 490592
796407465 894018070
99998 716690
98 88144
401905462 964153171
961987514 987274855
98 70024
346084937 777410356
49624488 855998215
747647486 975821966
327616671 852471634
9998 505843
99999995 100212979
182334177 743991822
215961245 261229674
292570709 991461447
9998 889867
295524389 513626174
99998 612993
99998 519907
612738258 890068702
321349760 774624305
89 477836
98 157632
410905592 538740579
901447789 914776272
267229892 320775070
1849972 964543225
256983694 719473722
734397507 999975200
697065622 941195000
148443644 661976266
54005793 94426688
450431048 579287694
608950880 648707024
974143871 982515554
479591570 542603961
258776649 544547458
8 879129
8 231942
212775642 976392586
998 370786
966863796 996365798
313813588 352340038
99998 156303
99998 213263
759465521 918184295
865129868 883291619
193807861 961259718
190501021 349040378
826803036 976941592
666161442 709395607
297151337 494911631
265317543 943444035
8 775546
776296405 812306502
89 775678
649977337 701044040
998 270191
99999995 100193475
52741162 244513641
775511528 884941298
639137680 850275085
395009924 566452273
98 646904
998 909804
998 821112
8 511206
104228507 979829869
99998 1010409
99999995 100979001
592378960 775390998
8 29104
16216072 500555976
34862675 87016060
595788137 930686483
978271518 978559677
8 541419
377261126 615049361
99999995 100006229
776230251 981110732
495481086 903751026
9998 516541
264033852 685486885
99999995 100927333
73297325 252040013
154640897 330766699
368217617 483888208
98 626330
190640406 490786853
334238982 756770626
998 624281
858965184 911536114
89 112663
99998 672515
697891436 938160912
332838521 701933199
99998 1098342
9998 182619
688539394 983122958
9998 607401
441072885 616380872
99998 888893
998 721215
481004183 805194990
736086989 978672963
98 820520
99998 612703
213213621 228871390
882408433 907734467
89 837292
845617194 896146170
37893774 54211638
610481625 838374256
212743396 829167202
8 824821
519662680 520567727
98 124782
99998 1042733
99998 568889
841811738 886583090
8 27765
166359646 877785980
89 179713
523875258 734938464
989530957 998282066
52645717 180372860
165071633 432738859
175375267 631684695
98 383696
99998 484657
626665403 747697703
9998 209664
792982781 870662504
9998 645645
271746989 555836343
532334057 745680970
571006464 754107259
887986900 986530916
46661846 911192975
754775794 800900074
684192774 732724545
1653845 543196955
929120490 977096383
98 416862
729848591 806454998
9998 149550
99999995 100539974
507075634 828744939
99998 314199
998 332830
98 967846
35428569 491036322
9998 708403
99999995 100502462
348667683 699262112
238587234 770681583
229552218 434186364
99999995 100414233
566680997 925808954
948515431 958057799
415002139 914533297
8 55062
731119430 841033761
8 975007
8 850341
98 679303
341315386 928677461
862185273 927435146
254312434 691613465
9998 137379
89 865372
998 1436
9998 334952
650292676 844427819
178560025 685952555
99999995 100576991
294425942 373016601
293626210 911037916
247127207 694734464
846842140 849221107
9998 804848
109464224 891986970
998 878685
998 92028
125067055 376595851
136178415 673802131
258713907 590145965
55599380 947024980
98 639935
559778933 668417032
89 455118
399805212 729707510
8 705653
528424135 539893052
198201256 382841764
99998 938218
9998 599923
99999995 100761293
551013494 670880896
89 318281
98 566183
9998 977220
805828392 948895208
401296951 724349498
564565251 995320804
998 421374
130408952 795999360
945088075 953348883
9998 122159
99998 1094068
394328772 548024957
752392885 799595179
414686598 870559897
9998 798048
99998 116006
294610523 454367913
98 933630
831796885 929020827
102474138 609745345
429502120 472577418
963571888 980414607
955329211 970238867
526735758 673435678
714467156 804016727
89 622406
811859860 940076467
958742952 986656385
353412297 403840954
98 869206
136526116 412821368
502614780 765636483
8 694895
998 970367
943939231 952604974
98 536996
8 263917
292581417 651466432
99998 649821
567283496 716471129
998 904752
99998 720527
543862127 981653319
317080977 484586643
573573033 732781666
9998 345976
457790158 758864862
405978704 900556270
908175460 920487822
769247248 986268477
488144481 559024842
99998 601412
97225087 834127239
9998 478485
697161274 940066989
998 623319
758277147 791729359
478634621 759076249
99998 501723
98 31231
685098829 798428863
9998 453738
778204804 962646805
826334478 961931278
89 527931
342066136 452605311
214861395 384118068
89 577787
949699449 991621575
89 546082
337001879 444334987
8 231864
705792869 817858408
50119291 919254222
924375755 967289152
940355831 948857253
671042876 764590477
99999995 100117062
659491749 867043479
669678088 885383773
872819892 946128799
422840283 678050292
81120037 350582927
99999995 100824202
468482860 955669780
388448765 534628337
963330731 965550412
602154331 710111882
998 982560
605420204 712556576
372427458 374241554
416494677 577341761
809551213 905965169
526291068 787250088
864973556 878180932
783809283 895733734
840328587 909153277
998 89461
516691490 517643073
9998 1002099
998 636367
353696152 384589229
89 715659
8 432448
99999995 100620279
99999995 100356280
89029113 376860299
370761938 469878812
877412191 913167315
99998 532416
89 663019
246042133 395118729
138175549 456129886
89 391770
452125387 917882622
8 195079
99999995 100992916
258272019 561180539
821369095 985145120
499543489 769938129
43223396 171205275
195971809 887541848
998 476932
998 419321
472484435 912138083
9998 647670
502047563 991941620
8 603418
526045755 581535693
953592842 981091317
184847254 822013473
174551136 312451899
8 507189
7590038 579543655
998 169715
945174041 954061799
453435425 518816201
33670662 974516503
296142373 342472970
764505423 767844886
881426600 985548463
333170774 826427449
895597123 945078121
998 736066
99999995 100531145
136937365 315523810
998 606762
89 484481
155166854 976645665
932251795 940119808
182351872 966653208
99998 310077
365306192 466454989
8403669 727922211
99998 985282
8 813002
99999995 100736948
382526441 745009594
782742196 859164561
128698948 274704852
98 147249
9998 198969
693414044 790654731
998 945880
487291111 818908320
242649005 593113845
337512251 946864676
954934494 960155427
98 868289
998 496704
259629273 881293582
690984950 806939930
821223951 841456080
607502529 635417671
259050072 734711545
637779880 862616119
733424982 953842647
8 339026
9998 734155
998 894939
307668717 696103757
927217171 937969658
84202449 257935806
794746573 926374197
662809203 981961669
868807902 988777458
9998 363904
99999995 100691229
8 937115
8 269692
854227350 994350790
99999995 100213370
698717822 862781429
283741039 479910841
632772156 832894428
89 945255
99999995 100997022
89 412062
154214657 734332992
383755276 416045917
755114466 775699633
676505843 923569239
50990349 924016623
998 589723
584026948 716860618
377686562 956010084
321991533 357161486
89 565245
891702362 984125550
124962081 950185787
366355058 885935761
8 755420
719412778 769300711
202375839 811279629
998 368615
9998 356390
781536581 814330205
9998 910659
359911484 682238955
928486234 941910163
478286850 567294256
99999995 100238441
384097586 847554519
30198747 385549661
740640273 962014070
428345295 920918153
252351436 825842150
862843859 965476217
8 557234
225838748 304564468
99999995 100105937
620483248 624621623
98 20060
998 457253
8 798756
666253449 785684710
169605273 959504568
568454803 858073417
99999995 100106572
98 664742
96350530 364705854
998 603352
98 386881
99999995 100216673
977031896 983242010
299410702 651420629
998 991052
365548746 409613960
642772158 853492251
580703186 643112645
9998 432440
99999995 100702394
885326798 949924813
771529312 907969848
99999995 100434184
99999995 100690318
452482232 711670705
468675545 982412275
817287816 925401757
8 304659
99998 1083488
777409615 868822274
98 288487
49109159 976833772
9998 98034
952260622 953077396
45473521 370651870
99999995 100114959
89 52656
806615157 851085140
150119974 780967751
668910191 749019399
99999995 100620365
523926580 623730309
426759524 775003441
622789156 792239278
270398758 311693609
9998 487412
99999995 100673754
491430261 760299906
421522328 486374739
490632920 915340024
206927088 469212206
634427473 912604449
249657017 773165141
851723717 902070074
272970220 292582327
253542286 511983631
588359953 678757813
99999995 100558195
99999995 100259742
133620902 501123888
588274280 648450993
547949124 711995182
998 512749
998 477967
424826909 955295390
456413226 917063714
856270281 978011718
99998 498407
170241901 287690632
998 933162
442825070 914379074
9998 159363
867260686 892404978
89 557682
99999995 100922093
570314177 631065713
991294018 997335479
219848046 397745372
89 212941
714409870 961219542
420949111 518388625
938920572 958037684
240960291 473845018
998 779768
125461421 646031351
9998 426739
336208773 614957453
89 413672
518976977 910966629
164231073 692448201
569413684 866638125
683823258 857728923
744703167 923834799
99999995 100547265
431440780 863094451
714939312 785184812
9998 177620
195260591 278810744
8 877785
907479947 914626270
832101801 839265961
894916644 975410775
891256692 903538199
89 851559
135350711 585198707
231797081 430441888
485700770 696866708
523664866 827048723
266790362 881323770
927078739 947453571
831125923 920606729
59663761 99550325
8 405764
998 578312
867806958 899128475
469442309 693183190
9998 913832
99999995 100612581
89 23763
98 599335
304670121 536540446
551041574 998850635
520887447 868537283
816561118 990808392
99999995 100973958
179518349 562340552
99998 667352
99998 409472
529085782 575665350
99999995 100858693
754823356 761153179
800422191 906948858
89 333078
220019204 472627791
972736726 999699818
394568297 982523791
583495391 989641994
8 18807
9998 876165
823221987 933729652
380392159 778309231
99998 279307
349846848 605672700
99998 933276
89 9613
8 887784
481922495 597385612
9998 463835
425724485 510711981
8 494000
194576242 521592878
99998 559347
99999995 100131937
89 145549
89 567128
98 670766
802068850 809283545
878916515 904696810
759850680 960892130
9998 491690
411056945 545034347
264305352 568764510
326515640 540439183
951566205 991604173
671294577 756057988
316168249 739748942
43798094 291366734
862103333 931320174
650930621 692829512
2726644 296768989
99999995 100735865
542933348 967298601
527430560 878210709
597019700 999334467
675927522 904616470
952176616 980829693
9998 336052
416556779 987651903
835595554 850384011
686424660 958851947
782460356 805451193
849053091 960974379
636545531 918723417
5462816 132966817
9998 474171
99999995 100235692
804473916 871852650
805100735 916160706
113544384 622346067
998 41774
99998 865008
897905183 918093530
89 628506
220228096 228376468
99999995 100534641
573779515 765858127
345309886 893216996
154361990 784234853
596011767 864322819
333762240 804979288
369532522 957284878
89 424365
963907729 988276626
559253083 567929901
732079980 983105663
96733929 936224524
100026064 231848643
293671954 900676702
799888343 910089212
25769511 484960970
718895557 806090047
98 221421
98 377201
325784288 952013423
654263215 814770042
99998 575628
959544628 978241315
737466754 810407899
311644386 996820134
99999995 100733838
708462606 864930084
89 819108
998 707569
879883343 949559335
123612237 767420528
9998 955061
552590764 881742070
754579749 871028073
487657544 528330044
41276354 369503616
89 869288
8 556917
9998 673869
516150454 726409409
752604857 933043151
963830342 986145830
477868745 612748796
8 821994
385134815 579257803
850853961 954176425
756577198 926108929
98 652777
871899659 983660600
998 676761
9998 119141
99998 819061
998 770760
659808750 815202949
9998 781109
726382678 990015939
391423584 538512547
89 414200
516401378 761151309
98 890613
89 737382
98 845350
557123907 979074758
656124022 834113089
9998 405478
998 64795
677264813 828425118
8 365262
8 131260
951054723 980927211
635143070 651542179
99998 995595
89 420978
89 739582
98 803334
98 690322
8 158159
827351267 972567544
26708086 646474574
909442840 987795681
657433618 943255703
30279859 58420455
89 479912
790835805 829030027
804359918 940074748
949068501 970741924
707791002 978697871
484751305 684271419
142803095 670435935
99999995 100417704
478947308 655232898
968747770 994890005
671445523 811661350
89 355112
297373650 337241958
392139502 689615955
99999995 100891194
30040386 376569808
903755667 985146920
99998 828325
963675642 986300753
755841272 768705955
657153509 934024809
9998 553046
99998 471996
498707804 945832867
58403884 480265446
8 782384
998 313795
464647338 836418182
943665769 973458025
138585892 757852469
835570029 941998442
99999995 100208126
8 821043
60633508 257381897
8 385839
852886855 983000489
9998 302606
866547850 961287505
943049441 997650208
9998 880398
951564519 973785502
8 204008
98 617059
89 951517
707829785 994099656
882671883 931770149
89 730246
472103027 918564300
9998 841787
99998 568790
99999995 100887086
280366192 846460419
926457527 986215991
99999995 100938284
238188296 556458898
518102567 644709788
595897621 944076852
99998 350684
99998 640210
486582668 855615855
129861814 746433089
924073907 978936135
99998 1071388
8 412540
928048348 987479551
527606533 761267620
998 803332
934629814 985534438
879268562 917331237
98 328657
89 511939
565108384 590978375
361043955 370414681
99998 211243
406744552 990048512
987458556 995555770
658690808 935574039
9998 668988
816745633 859495253
265727737 683419979
8 977826
946826671 958401512
98 31653
998 748086
779628801 827472299
705781980 853961138
286635918 782244354
580011753 625269611
99998 1080599
44428494 710221969
98 7752
8 26447
8 619919
6624046 38989037
20005025 981194407
553883880 914700518
874447022 975646551
449780357 874584431
98 464646
9998 124245
822716624 887908875
754859518 853728152
443891200 907205729
591911916 919717139
304148105 914866521
8 163388
151961959 637369666
921912806 944208963
918473640 937407674
98 399013
314805543 895476730
938118544 976404048
89 819093
129449133 905762610
103438477 976248593
225083955 615446107
836826656 936229241
787152392 887219017
837013588 994950983
929062546 981167284
383166144 504327572
430814531 436306576
98851144 354016797
522168066 590102307
998 951001
98 837156
89 788732
8 628377
99998 484578
634280522 664738377
748534365 801393082
444714663 938795894
99998 665961
951046493 960915504
400327997 591521092
779857281 878045853
859481647 946751872
528975480 816090184
256349356 712063329
266189560 816867286
393123959 793766546
891297391 943478904
99998 600942
8 604670
144477001 818481894
9998 830150
173851022 987814814
611290061 752585517
591975152 890849995
612483301 961228596
998 388231
654156100 785372181
99998 619001
89 893440
825192545 938387556
258414033 917262003
524420230 881531546
8 799996
943581969 945891695
68914462 140362474
8 763952
515954079 551526483
191044162 769457789
200519004 478649176
434027324 679024569
227798849 945299753
547882209 654865283
998 209518
99998 422209
98 140968
9998 236260
208626159 510331655
99998 385094
368537460 612962233
228031465 375815342
8 654291
99998 1025790
981417606 990769278
8 105424
22205631 770829806
700818165 814055318
171229731 192814594
9998 936781
9998 455157
787358215 975465660
9998 827982
89 182284
386867606 740849828
99998 703776
8 536717
134648283 443318770
8 562873
89 513153
89 494486
423042254 943063664
99999995 100362197
89 301905
277199981 411522378
314471229 901001005
164372800 327308243
142375617 228750189
998 949310
687879921 930924746
385243654 476940643
89 836519
9998 195348
98 880662
883075189 942680525
298134700 529698721
9998 277389
998 112283
51193762 642912549
171112295 656533916
113426938 968584404
486066358 565174446
212617513 490213783
469375584 504184708
69057059 617660965
50359867 601105115
129361171 875436838
910097923 990377493
659455582 898461329
998 36788
9998 530922
323868317 409469336
998 194640
8 776818
670514653 984206384
39077630 501972615
99999995 100580641
567182189 898950808
998 638144
149734163 665838284
133968839 625278931
257137746 875172636
155667441 173683070
146276653 332137677
9998 53615
643717403 921651835
304489515 404778448
739625797 802652894
614399358 852582329
909231452 933810614
99999995 100045055
249621464 262110964
568787171 780220349
697147938 738206814
139119340 607004701
107761324 595466671
993900595 996992301
110500743 166019632
176154032 701547395
99999995 100933137
367964508 812112778
89 904576
627245949 843925026
673641195 945710854
175291685 555898301
98 944532
225555161 931065690
946136937 949187390
99998 378216
89 611837
315811741 991633053
8 649032
452469894 472096025
847676641 915987625
766822676 890880388
40963241 174305969
248244246 613520499
175373898 546516785
98 953810
178883383 881097477
742151193 792546634
45216991 337196448
694553572 963470149
262924751 703626259
89 126420
64030161 132009029
804128968 922761168
958318798 983884306
998 271298
998 663115
214419123 295063535
226796835 759870909
126553756 408820012
182892427 585921897
585554483 792719616
683447398 875864439
772381125 950752281
99998 937581
99999995 100037524
281001953 740686402
727383929 970513506
833138162 932340940
99999995 100823740
981016839 981908390
9998 866505
99999995 100902231
550606138 827727219
542418079 697107905
9998 33714
670700272 692729145
980806108 987524890
73256582 936806749
97268805 949804103
528285448 574571347
99998 118526
98 684277
394621595 672506609
998 730063
98 770823
575615426 710373915
719786999 732467378
399340174 757084472
613220344 669611007
8 331783
464740116 582710838
882643192 996359115
628680846 837793018
349319360 827250805
362552039 649112581
442116132 570576626
5339474 932166597
243111688 388815567
89 570433
811138462 948948377
163138595 166248057
99999995 100221288
868544033 877259843
317478149 448402781
329379966 557295782
385457496 768431972
9998 104212
249591395 590454482
90398389 919326490
998 68193
636012649 938965204
664723717 932549300
183529264 756160121
119734746 568256127
776676522 820411706
931610044 940843042
998 102326
32041124 954376527
330350597 867434166
54691562 942630480
899259583 953752170
788749681 852807913
8 333202
98 221745
9998 675521
859216267 884649743
489069618 553977305
525666323 949702043
169193029 433335223
98 710611
9998 240651
130830851 794393865
658217084 950981647
578452531 629493493
98 83078
747634042 983845019
9998 525966
201577693 325125932
721148643 760613251
538703212 946879429
998 546165
479032506 695865905
89 228899
627206942 718094015
98 865714
41525136 576752645
9998 241845
545745284 929920244
765226043 860917198
89 256259
859053072 899769863
789971267 918807540
850402242 971657952
974452869 982866124
273344581 926385488
57096624 719229855
277813336 629970022
228448355 785984685
99998 613005
186971834 808474896
820979832 999412660
383039173 971308106
99998 672675
565510508 830931526
999921777 999960271
899845019 997701888
756847598 783382460
843440419 968319913
602778009 968786527
694345367 853472610
99998 410909
754245447 843301042
613521453 800690628
263862591 910109624
998 447546
9998 234690
998 504543
89 180213
538682271 771920549
9998 335274
89 312795
9998 279034
323698035 885210670
29875259 740785293
98 61639
687433449 710069044
98 618553
99999995 100429611
9998 565565
23049558 917873332
9998 933120
87923963 455819474
346161150 369208371
9998 267531
820811199 880673578
279223998 481605724
99999995 100746103
89 682943
637251455 653846618
998 654373
730428279 762834519
89 86689
392791595 677934308
183532248 422053835
886611991 941284281
864437914 961370413
99999995 100870527
805161293 903540332
89 129347
148801902 625329393
288931486 990670399
204940440 686314878
99998 178119
98 393238
719552707 765627823
99998 722623
177505449 626027096
9998 530919
306722174 483947242
686596232 975987229
549129765 812567617
419891480 835754611
128570071 751616572
89 713720
9998 693679
757088900 997249348
871818626 967705465
616953216 857772114
454623782 721333180
99999995 100524288
998 141478
267116740 634462268
89 541902
961369644 984071233
8 728760
953584984 960225287
9998 724381
882246037 901045810
99999995 100496186
99998 320169
9998 392259
331090814 933894418
47730344 599422853
312122268 733479756
99999995 100533061
774898546 958862443
9998 603337
99998 302397
382337326 544087168
419508894 447165264
99999995 100039698
99998 591234
8 46236
207773079 674616595
99999995 100541584
934507451 942248222
897172416 925930846
9998 180425
697404916 907218276
99998 992234
45602951 924856661
204706921 957423044
99999995 100052831
935371667 996966945
99998 374112
99998 287626
963594708 965085275
917283944 985583296
8 119599
582169097 799150486
501813477 883157605
786054806 787776269
912322589 961334753
46023297 932141384
832376141 870952912
658000941 760621982
8 401846
98 409944
167633526 949900839
9998 443565
197163596 300717055
699875695 836625277
46964194 774343876
47223801 85708790
998942357 999190609
287303341 300100321
603422887 728938332
325727941 905482016
397243376 688126359
484610375 743265850
99999995 100515702
99998 508847
407954142 566843174
998 377311
212730020 687251922
631940282 854514738
977357340 994553848
417042458 710280932
772804530 825608564
918843085 984065713
89 129414
958230252 989795050
99999995 100597907
15348900 589453416
99999995 100935446
9998 550312
183707067 805818682
98 917716
98 432147
905772964 923236620
88530191 180701759
209593014 778081101
8 676933
619402173 868604559
533655399 808004723
89 31557
165125069 422475659
47184661 132969728
804929195 845183151
665675695 980372959
998 999283
164459799 184052657
882409761 960550208
848564704 854892313
324268203 848199533
9998 907572
668213419 998188006
191473014 587975897
998 1000367
98 605583
296458937 536770898
738049416 831786792
740375403 962144818
771111389 973974211
89 342229
779453974 878746372
116644102 159444041
474109849 764514912
514853948 526101885
8 205717
48805464 209216922
17319924 392770910
349293018 610399965
429942332 866277923
89 137131
89 899070
9998 193515
998 515438
99999995 100968664
666658475 814935006
931661044 970205052
297643189 742440861
984401042 998063775
284197067 965072065
998 1000320
99999995 100845652
996412398 999476744
70956458 463499326
853728179 987913337
998 526771
9998 487175
98 505178
99998 718072
703276495 751896753
153080921 285386420
99999995 100746353
89 159707
98 470813
741031698 772363612
84440573 550050583
386714480 714396289
99998 847118
858998315 924669038
784028453 971192172
98 266568
125395948 642748881
405248219 509218651
9998 398129
328345550 657646590
998 716806
774495859 993561130
317162046 550173338
99999995 100779197
789027635 807361104
249728923 495329077
225325908 884104984
697834934 889770289
796479773 825986448
162908624 815883085
389268190 579936430
487651593 992502019
840117166 997705121
143807912 228421143
98 346896
192472603 549637889
9998 294671
689025174 845730082
900548562 950088951
8 393411
237822032 902308390
99998 537453
709444342 747142400
99999995 100841551
583667116 705685116
674476671 900143650
89 379612
472546098 804106006
502007876 772022784
481691291 619781227
202358758 368881337
140298078 934970063
500150760 601960530
98 932119
99999995 100559491
747972800 980581306
867252555 988033443
99999995 100358242
99999995 100794126
99999995 100164074
766069620 934132625
118084361 969662722
414614291 765034708
99998 843142
889305626 988150179
99998 512560
998 602222
998 814193
99998 914686
289026654 457104722
99999995 100820167
775011185 811659234
537457807 619862607
98 324355
619853464 816484659
89 723076
99999995 100753905
416302945 993642271
638162330 802985737
590239212 620899094
8 309301
998 860120
992261407 996653672
834785716 931890371
85276134 425007155
144871984 917939713
829664875 965564399
9998 449011
609090197 661533574
776284417 806196875
574081950 741648861
998 640057
595026656 865564153
8 147376
89 673297
285367776 362976655
457509360 553838139
360386273 698710105
7742744 433783189
99998 204611
99998 367743
8 980419
544623875 894414337
87393229 430482505
552189133 567410387
89 317088
529314573 783010799
99998 461225
622105827 871677170
816811804 938217464
8 452486
98 968434
9998 663180
834887001 994339414
99998 133446
546865751 772243193
686909657 734791889
222677686 681770065
756426580 835595733
99999995 100052767
507861171 995958360
862529310 879917291
99999995 100806620
99999995 100544377
248930706 842419728
778112885 791939852
8 483717
814707339 821169500
99999995 100953194
387845724 454717939
89 767155
563330733 721011680
520137642 842079296
107452881 229285781
99999995 100769243
718350645 914337563
980999671 982627114
977468759 982416367
998 444363
698439616 826100336
477530230 598168734
315280314 355940906
89 542447
99999995 100820495
99999995 100724103
99999995 100471737
275924826 802140819
230498367 734898682
9998 777327
98 70627
9998 634040
99998 326281
320625723 765223984
9998 548240
99999995 100530679
591104092 658130731
99998 269470
604673827 827227592
998 428425
630670889 692173019
355952592 436977996
9998 177915
613692229 728466757
48498183 957788371
54025446 65399656
658760985 681174021
721034278 962916864
938616922 960806376
89 79884
99998 431751
671418439 865292229
98 479736
98 812505
998 127255
99998 963595
417033219 906949004
631795497 766589470
28875926 611289939
89 343988
98 238017
99999995 100405194
978252378 986113402
89 21474
134596766 901034273
89 337094
89 371635
215591552 293285197
98 907952
59689867 783396320
99999995 100098797
789347648 804677027
767416778 873176749
537474753 685685357
908698348 955808337
9998 334601
393522607 506901233
99999995 100063485
9998 401111
392939359 524241975
998 200044
446191584 618226371
9998 493983
99999995 100048780
561535517 786446317
768774745 832185529
998 991255
515928789 847106670
190790100 692082061
99998 345634
98 56795
421081164 851855084
407971272 495371579
98 309337
99999995 100958499
98 911546
957646241 987644591
703258516 958460304
99999995 100054781
366319468 902579473
9998 545156
99998 800316
147818599 416672352
12460252 299019970
159374135 255077155
99998 527865
107932479 238931066
99998 256709
571867890 642571477
270344623 763341136
303288793 432996709
998 467707
995132589 995807842
95791125 538088979
659982788 721347381
76616365 653152480
99999995 100449149
69900632 964319438
891323359 929767715
8 465554
8 629202
646957326 756438939
89 794083
7187638 343116870
361617084 925230315
772979027 779846979
89 431343
8 301552
403413963 760523217
99999995 100826045
823297456 838734371
98 261637
99998 299382
711883679 915100726
263820976 392026021
99312987 693542863
963135335 969327871
89 303102
670797927 806165335
863348158 909742857
435507200 550391583
9998 295502
136770958 626110213
420207026 616403381
8 17330
177264694 474342522
772387021 878072794
726295618 886952619
8 553459
906652890 910583845
764426062 852842280
896761225 905447214
99998 843394
792743886 846510214
9998 634538
99999995 100474421
844636283 961066071
136450012 431038620
9998 165804
843653915 959003454
203451201 898838890
289727008 849524624
238654935 783428613
21875031 288697286
85682259 413840709
265411893 691030495
8 864837
68555579 297882466
89 569526
569630135 724972881
642682355 936686092
523694764 867734003
863292215 990086902
204938828 316153877
229163684 866543196
9998 895913
517353567 925498127
863306583 894281887
9998 475004
210967259 932251330
155206551 897028279
194822114 414374872
998 433512
98 807502
99998 633259
9998 435568
8 722379
836509742 841969677
396595383 964434829
998 846707
351486374 958776785
8 259750
259148715 621663800
175861594 940468201
841058086 987589607
98 231735
89 56980
9998 378668
13565545 551054149
949500773 964121851
312303167 507149648
9998 305315
216584090 494602320
9998 309777
975181708 987944034
283451766 481791471
99998 490604
99999995 100691587
161552312 385470020
213447535 964071961
860883069 933247155
89 164317
239506288 384558967
106986898 309101421
668990201 911298227
89 9266
234185462 936936307
98 330669
89 108051
99999995 100312398
338412689 948794802
89 552617
99999995 100693628
998 383403
643906114 870440676
153056658 155592282
181090501 325869420
339049511 370813165
423508640 561864917
72511217 413440075
998 204513
373185597 913077625
28442143 223140326
302823540 723906519
4641120 846832307
8 522167
325501974 819627092
269241228 856105633
220731227 660631508
328876826 846556363
98 283640
633634473 650120607
414223914 782588368
89 460380
998 712827
998 3457
966467425 984944417
795314770 993018011
659557998 802110591
551956027 660575611
89 895032
879383451 957052764
998 584097
295932771 770115066
99999995 100443193
719069372 861054076
90181869 515436764
401965690 837247788
951415034 962730210
81996447 892423176
98 281604
99999995 100368732
924543640 991643113
911898064 943414546
990340584 998528905
432573463 775007669
306461288 890700205
98 982879
12047260 435576156
433402141 959648928
907478326 940658802
721388089 968455357
9998 761705
99998 643523
99998 557648
130547976 560199700
91035398 772224667
994498141 995675941
221097979 356754622
256310943 624371985
8 65834
9998 551669
415521417 657160103
801005337 995645281
500110153 885283923
8 159721
451013802 545827415
970070556 970736410
528580789 899475245
98 784351
547866582 894250628
148204500 358503016
665353528 769552380
9998 942321
695901978 820767798
666344162 945012498
601762171 912984399
100690050 642061786
9998 789001
677811516 843885471
99998 980037
2382912 132197593
8 454244
387991078 460620685
267674521 522104441
98 825043
99998 445392
99998 609914
863694162 919067207
997864298 998586076
99998 647396
381605879 808311660
375542186 632896873
89 426413
99998 114533
34219327 439355970
963522269 992790333
862995464 923281769
253463819 957843059
528706339 891141565
89 801255
980520112 984262312
513935874 790924561
99999995 100885337
98 158667
382694789 763820781
998 161660
99999995 100386212
477147829 807781675
99998 113537
99999995 100473005
705549052 801782910
9998 263121
949324159 971199896
896599664 968850448
98 143444
99999995 100550165
99999995 100173259
638469922 774945750
259008751 284956109
728471754 807206351
99999995 100884855
799941504 963319565
99998 612247
98 780034
548504424 687641148
516802003 815279477
9998 908806
893494091 908502004
98 123268
9998 702351
692955522 843193430
913277834 974527564
8 65152
565521235 598340783
99999995 100579389
791913538 875993007
798344659 991760024
845864537 932122728
89 897923
939849940 957197059
825254109 950799467
943848977 963921727
83155206 957638311
279763456 870177957
998 927003
507245332 933911940
64274218 851693120
98 105700
8 895800
986257689 992886143
327866891 462914393
8 584611
599677512 948926683
98 8759
171688731 178431923
760591258 926018136
408093511 937503898
3205707 853389035
320925096 802900733
387814193 726616900
998 145586
62503347 676934302
99999995 100955370
74633162 214022919
256404003 880009923
188300403 756400450
9998 178170
99999995 100138184
445350751 966716680
310896124 573181646
9998 700246
60878478 444858508
303176431 984141618
466436907 492084159
668834355 799018242
282329727 706299128
166792626 891558329
89 365885
89 45985
51255477 298281861
735881975 862181031
99999995 100045280
673496249 960144930
89 605372
876426445 901938491
998 899740
89 420598
124467599 468486871
486678172 553758679
8 521200
954529714 956261982
770221342 805577896
474997634 805038527
98 671825
709764684 809155311
394517367 421643424
570040451 576647153
433100463 641153813
380935711 985404532
533627456 974029278
9998 215099
548287140 607411278
633842853 844899868
639695526 714022241
9998 304561
422252334 906330374
97376038 176262784
442654759 638657482
9616150 901344172
28358048 663333826
457326229 485725305
231584957 275802400
564201168 806931170
942192801 973840203
337297739 498379027
98 61864
89 630610
216227946 858144646
592947559 597101393
98 165300
9998 628427
402363874 635478586
401667332 725748688
9998 375312
556441122 820808589
268738061 838196758
341148027 564965673
998 39780
55778941 987794267
998 106474
8 356930
9998 75044
592466325 728744035
586846628 619590582
99998 547138
884589829 967344021
99999995 100876465
520880409 981967360
626918150 796543734
99998 787509
384760271 390361601
89 660472
529628787 690355384
225729204 725309204
98 508619
264154142 707819611
133034639 252892718
5469402 6239428
921849529 977819376
99999995 100700539
8 634662
97345053 104428604
998 603175
296496046 690297332
450109781 675974283
782185959 861884133
9998 869449
99998 862189
558601617 604315934
421377539 864194265
422742320 793143956
410345478 432321795
998 186061
98 638348
590855187 764520577
85315936 863070805
904055835 948325050
8 296797
8 180781
998 737217
98 72200
8 79413
98 473480
99999995 100194974
99998 304895
106506658 740196255
968380285 990439684
85754909 96620072
998 681989
119317833 806601916
297355494 444575864
860834411 878572597
637079878 649758756
954891342 975716947
640587615 838102865
173580445 289991749
9998 341426
612260332 858569494
720022150 827439019
10791877 125657420
492970832 519541661
441137893 784558879
431108140 782086201
8 942550
998 266447
209581749 519353270
99998 460295
770952686 981883376
892493750 926731497
336169126 606854470
659572939 675694345
8 598791
118044382 851756994
531322939 674430417
343601348 682746376
631416381 789204414
410444374 536907284
8 561323
98 521139
747869054 832760037
98 709316
404586532 772191618
935656877 967262107
99998 712091
99999995 100063167
74903387 664808356
104611476 706012755
89 140699
99998 216720
680906560 716653910
391719244 969121827
297574114 407098391
136260365 444273505
262068138 728452488
8 491488
922642486 973987795
8 9818
142140843 684547216
671089314 770836966
967992842 968047954
99998 397616
559111475 715440606
477496836 692995268
409864074 767063266
19539486 319508374
98 194946
8 995748
342410604 454631097
551382160 555672933
8 446903
744348310 833216314
99999995 100129119
732200729 790427051
8 567338
436180181 508703700
501417446 778062086
9998 12819
990473435 997824294
823008665 866442759
217134979 398872864
405084482 505679485
89 588746
739520470 953973326
98 20913
423126716 625908553
225936554 455529235
8 355164
99998 795132
189058326 279766809
914261119 997830897
98 731015
403146094 769720580
546202528 682118681
150971297 858656200
61355375 458391695
671939643 814404635
874598221 960513186
598519205 646933536
89 682411
35312860 715611126
89 561173
712353025 757373300
59815500 348161397
237122934 521844265
111543129 285740434
314153265 324304628
489764955 752076203
257896893 376064363
659850450 841267684
90405955 490524583
99998 1015191
965210148 999391397
113301873 584047495
225886840 536969534
697191888 859790007
26408547 87070863
99999995 100234739
9998 514527
98 941923
89 125825
284431856 961485017
179854233 983418943
98 463982
99998 805608
354064024 983596819
252680687 602125961
8 624397
892910143 921937329
957531867 961462032
552642456 944644504
182923619 771973929
504869947 870964702
430050977 736943215
89 728614
825957843 836589357
99998 164303
653443262 728948265
99998 167544
636436487 673940573
792746868 809872186
98 76569
368504211 471618987
118214121 183038083
670651714 989734882
998 691701
12667025 628199744
153042485 280543571
8 633632
967253926 989384752
154768207 496050743
8 172322
913130479 917125521
89 456635
50865684 92897205
9998 127048
640354545 754288396
351008276 713606863
998 655453
148303341 588957169
702961150 798275440
505691814 773509211
99999995 100969619
771217000 825592777
816112964 953706974
329820167 792900066
129542010 558833469
98 796852
469876393 511778299
584997302 781068281
99998 657734
568907068 631909632
28574829 914723117
173301565 481235123
998418571 999124265
179164229 774490343
998 356860
953562803 956516086
418751196 723891129
668066314 933921837
665081505 980915023
8 747403
192891268 876015789
902626594 974605761
127935183 245278158
36156261 63872553
959046187 971092545
679947548 858591758
998 926205
8 136170
835857512 844014059
998 780338
514970611 799676923
360669402 693427127
99998 263873
998 373996
343157797 656684123
303136223 764079003
921607807 962091177
310176695 580775124
250046259 808153236
7863459 389800220
530564297 751747713
90520663 565610330
98 55203
8 915097
624039470 944741230
993555411 998337969
872550281 876267991
98 704514
835143350 988755358
89 649006
99998 126211
98 432778
343784328 849579009
92953578 357911475
99999995 100368266
643678718 711491353
504969175 606349399
62557275 798332098
48880397 86198464
9998 437118
689141598 870519308
153093677 400713209
629968514 704533372
683104501 866542986
998 653562
14248039 870540109
285503542 582961364
855138587 955716601
850378433 910318911
998 481248
757185642 773152227
998 599035
365852625 891626784
777998988 863207639
99998 530666
9998 540876
127617728 634947652
8 18952
409804474 878384804
813898796 881541781
508527240 609325664
99999995 100935776
89 811810
89 815127
998 61165
412420348 933841312
128905495 686128882
746762966 934443966
543598941 924817988
784322539 863237107
99998 1048136
535735752 698852919
99999995 100091075
357413612 366219002
9998 310385
48026659 76515832
98 154436
476642474 924392224
640110177 992280224
875587292 897953011
298226769 941162753
459126032 983060576
998 683298
998 271229
89 211345
175347071 909963338
439232554 636081237
98 523487
98 445608
756326346 831674002
7469189 874825400
529212269 986782679
8 213195
703762790 921124990
622525739 704664445
89 163988
98 398175
89 830994
8 371248
5567833 800506456
910415224 948300943
820066702 969090869
99998 343466
8 364345
98 836060
679568436 829252312
777005413 865597750
457986804 826949532
89 108200
719344224 769022857
8 369994
145341653 836447520
98 28015
99999995 100749468
335140538 618801966
488463445 725054511
672670361 725892578
293178554 939679302
209157465 532829340
797542750 855178176
277834695 970995202
98 308050
54193210 594156940
98 580641
741165795 882735133
973645222 986187450
282015619 936321504
434920952 784389163
418407253 664280848
99999995 100149389
998 412205
98987561 828735249
8 383672
365549476 751935492
418569612 639184942
606453664 665905330
457781650 592513511
998 755111
99999995 100897463
8 342430
987257915 998439772
756732519 758992520
460510357 802610878
99998 675561
8 252076
8 251969
874890202 897139724
99999995 100627072
920115919 942986223
8 427635
99999995 100079333
743453798 765515936
446658120 914815015
182644669 737138849
89 1583
99999995 100647449
964426636 989280566
998 429943
8 923016
959501584 987432746
743727121 909797840
901850481 952863404
99999995 100057181
808705797 812905443
99998 240124
785462869 998208059
924509030 956805438
345233610 995879126
8 309535
164742105 824283760
612021795 778625906
392454303 617401233
8 505338
998 465152
210490205 987440600
8 184908
89 88697
516775753 736198474
89 940372
265679038 637053659
658154901 983695544
891441940 988409664
99999995 100462637
89 791687
491567448 964433632
911752680 941973421
951063870 962748147
497826011 594968528
848998466 938395585
322392773 503428220
440854154 766296574
631791847 740870449
407776244 740171666
99998 470628
532023113 661683724
144979828 987973177
502659653 519807153
683922733 913552646
99999995 100340018
240067341 970853820
8 490330
98 780194
9998 303782
268992196 613131208
112334613 283970527
765735844 818746931
99998 102758
8 379842
246521151 807384848
573885524 934472752
333980312 990509499
915431897 933135451
8 204892
622402375 673509291
75122304 162758343
126049026 511305794
908457517 928282716
475461950 663089088
457361935 869471399
99998 276223
269017743 375354878
99998 139858
935045768 951426649
9998 646918
558631113 604895134
8 397173
336089513 422993155
940632844 991612872
353194074 864490511
309008596 568046047
843898849 866779423
485256966 667698138
891151913 971233754
99999995 100329714
99999995 100949267
98 818668
857900808 895853435
537400825 978000175
644796124 869997382
998 875688
15401821 125632142
89 427880
8 103423
8 943380
791010192 861603373
507410463 512802991
35785827 162927786
877356403 921332800
98 800556
99999995 100844697
345298628 392721417
159901889 869971291
99998 184988
579458873 693432683
836174406 895490205
827340652 899926332
9998 232826
350395030 959946257
99999995 100116874
780058159 975918763
98 924487
772315952 787923265
367439670 689499040
98 802021
8 325791
98 417056
8 88203
8 289824
998 248266
99999995 100956060
593644717 834751487
9998 368992
99998 394630
99998 278113
829620498 959999985
98 590941
257384646 753689255
106565645 167732302
173843706 978061634
99998 598095
456284416 662705796
843784356 866343756
98 750985
783595858 890195758
99998 352409
425590945 652694662
89 291944
308100618 665845721
786742444 866011174
9998 320060
661254243 684145205
89 68340
513348358 985117348
946378772 983572527
358487604 893449973
99998 354885
843904907 957378646
99998 798771
351475996 926597292
98 373602
99999995 100908997
945193959 970490574
998 224831
98 12032
834551164 836635731
9998 220189
8 887012
99998 886568
118042803 188530109
8 102226
537302493 782918831
9998 320029
522837233 882106010
304781436 742854874
89 765522
655038137 746500971
162243217 859353833
301507000 548114873
391599072 595090129
453589953 473548920
411401262 557920277
99999995 100849136
9998 42861
99110955 753924161
99999995 100394120
336334651 970505386
988053932 994204394
479058312 533622613
604149600 750707312
762726369 878285400
347723542 506713539
13441364 344129161
998 445923
286705168 837336775
76910365 292337280
8 143432
998 526001
401144443 913425911
228801530 634937076
859341345 999377253
998 717403
98 967319
929072964 955390269
372243405 824223159
311260411 984541264
95748701 531037127
99999995 100944700
9998 228018
99999995 100097798
99998 1018890
149852335 466044693
99999995 100155260
9998 479480
251105630 729712919
89 896472
57743607 124931134
525130170 898637339
8 591549
99999995 100108248
192861652 600442874
98 126687
137050704 998287528
324932421 527967509
99999995 100653508
99998 690478
9998 608686
690991250 769273811
449207916 537160174
767867467 902890970
283677672 957365180
935175387 963068402
442210190 692784725
767381860 789700334
8073517 811308130
274466631 462163189
84375067 429068130
8 305294
528738423 970663755
452937858 988757859
8 309372
508745151 601572710
292792024 440924750
797445300 986947503
728378602 936457636
99999995 100818007
99998 466669
778508011 821301946
998 267979
557346960 650195679
890884600 905222486
99999995 100255702
998 184894
883049262 930931459
9998 25473
612273483 847961949
758602700 827543160
194617027 647241316
530777749 731930804
179632038 371772395
980796552 995743636
99998 902806
764298345 821777194
8 470254
568044840 773673467
623916398 849387673
89 456906
736680357 918822905
873785325 878583303
8 638572
99998 528035
855196418 935240830
998 398481
99999995 100246279
608149252 990869685
637347703 695667715
998 168833
89 373049
99999995 100695088
998 983723
822691216 979100504
149714164 323659575
8 793755
134988401 978516938
960336079 992598149
548292244 835005926
841586718 880498529
116547607 638638148
144733022 561693646
447667424 775850225
99999995 100219987
765284069 801815119
337069078 870288740
9998 442860
693804385 805408717
598562217 820136966
747853681 750872108
719210701 749716465
745245485 750874533
177145859 997348785
8 189670
893635217 915526356
940133047 972380850
99998 968726
728096144 869757834
8 816450
8 360934
8 183849
99998 719879
98 505117
527740717 636864150
89 93043
94176115 759510090
348947058 679666384
852557966 961415274
842246741 984876467
114357793 305831574
760772773 999696951
572037847 829100680
998 44440
363390464 705866842
544130018 621820962
669891644 927841215
670979391 841394807
410870290 840533025
9998 303334
130522452 969900488
99999995 100533955
99998 1093495
767441512 847737848
414643934 644884989
998 507309
916328279 960616433
677010278 768784591
453685944 558573495
373604381 753589820
772472796 871321981
288699880 881634593
401140956 816541917
89 386146
253884172 887413212
588095156 607349957
293631163 931957457
895032389 972199986
595456866 966801672
99998 373348
99998 896960
99999995 100199589
432742286 510063741
974765247 995352044
9998 325344
671688900 975403209
311887932 547182439
819847488 871831562
217875444 472146352
89 796831
381984672 632367521
8 135292
99999995 100877796
174473324 206831778
9998 102636
776301672 919531918
592454733 667502281
383883405 943282206
904564496 998808347
410056032 464741562
10808319 521951675
449146653 609560295
37514920 509537691
870789290 913691776
582578992 907699170
768884200 792962283
282748860 439014106
155754613 645451940
364995610 422000059
99998 246558
302164621 567459975
89 582270
998 271920
8 835725
998 585222
99999995 100786501
9998 693521
745243553 904905226
98 848847
767349741 833188207
594693766 660545993
368272803 835488170
956155658 969431434
89 136292
39292201 489774808
106176294 752370329
478411272 788178146
99999995 100309390
244487477 589010082
908088373 918929006
145836633 500605722
475157481 698822816
177623828 910121218
99998 511824
9998 20543
998 781719
118669027 435873107
746997210 817910531
446147448 792038433
99999995 100429973
99998 914411
899758044 943927359
856835357 968306004
921101358 952108905
140521672 744314655
303431804 614657932
755961142 898327205
754956323 886711571
811616703 877366596
89 198928
248026905 632787915
98 299494
9998 691238
657922659 904711768
502512089 530869584
8 232101
8 500491
970118924 988132633
457478855 762104959
633584616 891454136
576387448 587931729
134173119 822185820
716753111 997025642
9998 466639
588220711 696124108
196893524 964066950
9998 734047
99999995 100641822
236930991 324391325
937862482 950257800
649684432 921282117
130434839 538090873
972829474 993788063
84748471 388303278
9998 360530
9998 867058
388550726 649281329
300643147 369706988
738607398 925476114
675928124 699313592
368910031 605915893
338425618 748196987
677460470 871355110
200366178 825316362
364908911 498666608
333168291 463799752
803947589 925738074
403365003 985238562
998 13464
554345691 886005397
98 795008
99999995 100924625
905169499 959846519
99999995 100890995
761115542 868200710
8 420510
340922104 505931795
355472461 381626701
186768484 493578793
98 595912
690508827 994409012
89 603789
99998 651267
9998 519502
531431964 575511854
243098748 923372259
186706186 356576597
9998 499683
104476841 615809942
89 527894
167589962 873888637
472482668 757282419
99998 1064860
185002000 882774818
730777646 795951434
266316095 290059073
8 920795
669124055 930349038
89 508010
616214119 661992141
458892946 562228935
89 36589
471449874 831400026
3576115 582815775
998 206352
99999995 100734160
633407089 736936607
542791536 631130880
991899448 996970348
99998 777748
9998 512564
901144593 957836243
535567904 928068429
9998 487715
98 271151
702729036 943460981
99998 513201
9998 1005242
891773618 945572308
9998 882793
368602784 383473550
275571106 824097195
8 883500
603485303 686063163
716457307 730420385
99999995 100332398
987035380 994405451
9998 298804
464469242 526731227
302193333 653575157
324810106 660539541
8 121992
365594026 493081748
158368268 402101985
784233823 922221631
713981300 826610405
740394524 914444463
98 919580
99998 284379
346220400 905157999
655577528 685564114
512940561 577977642
822281746 949765105
881738464 904862751
98 566289
89 193269
19714003 618567349
352289430 761771144
948094712 994087158
8 367663
8 526360
89 656928
9998 665989
601307332 603209676
504989447 640811754
256333034 293157917
45747092 495215330
98 215182
40700521 210719607
87879077 291460542
959287166 976031929
99998 413524
117708768 175608963
247370547 951459422
9998 208659
537182396 751926006
921746881 981459759
998 53357
37177186 944904163
160065462 423810674
89 937219
382391049 508742321
99999995 100017316
121615300 675273891
9998 114031
886887057 959074499
30472932 287178338
86387620 884525873
998 164444
984723035 987999051
643012874 889662764
9998 561254
714070532 735799573
89 682082
99999995 100884796
998 691724
889149366 929438149
307424200 945531853
727277273 933219260
138913226 217719611
723667414 878332108
998 336109
422947963 794270767
307119345 636913891
480970141 522118863
99999995 100835947
89 678575
166253248 714860482
638130126 869384135
824815306 883251918
845777161 979521042
541645133 759708283
698926941 881890014
979591639 994290740
98 725058
8 718937
98 961949
9998 601298
998 188805
473496422 969282641
369487845 838898390
90870288 397840351
28306636 297674004
818838428 938337270
9998 656496
89 739235
449406116 538718426
98 466010
89 543589
79209689 599462447
8 334672
177746243 403210687
280628310 691247718
998 408789
431361443 795819940
339945127 537458143
262445563 394432649
262367338 661458988
976298021 983363767
574542032 647360323
10555502 896196887
439122789 872070439
8 445735
98 213634
314382460 477693525
267457840 421536634
971008300 998032947
849024401 963923734
89 890894
579168959 795252722
838405864 867517513
771302697 894867130
729871768 769037821
84447647 346498448
9998 890332
777842347 847744775
998 279705
245097680 756701838
685513787 789272409
26253043 73433915
89 812037
579281456 624760434
666396685 805678949
7774930 306098371
649524077 689121259
9998 782488
441290367 607380411
868451445 953495206
99998 811660
587224764 684301962
98 292843
550816561 882721250
870974662 997911789
99999995 100928842
345014975 556046449
984523413 994450594
525392324 689891742
853292582 880560864
379428684 960586168
98 583616
245391929 696030869
103709305 450582521
89 849567
622754777 683820885
528351328 974372566
405507553 997600128
123911768 769807863
688385063 758653837
901056303 944412529
499653484 507874817
99999995 100583987
729772895 914028283
434136423 782573099
111854636 366324146
608458399 803959016
99999995 100134277
654784270 832330301
337227476 743791394
120895896 268781428
99998 633593
315706026 387721820
56275849 312987803
961828678 985250540
9998 276059
998 927817
41912848 662097786
35550700 566151226
828542313 950421053
196510232 481781753
99999995 100570639
8 680253
362047455 490026409
516347985 771696920
685686679 995777310
33103204 709030464
771829638 947812944
766005856 862761399
98 776161
714752980 736852123
449956368 527288268
4160609 261181592
63923937 370114416
156087414 744371466
296638467 742425505
8 579352
98 327015
12171138 759940297
989330911 993798771
9998 215738
334539979 405408018
42238253 472603454
869250436 931711145
481659826 597466796
2225510 900857950
958599927 988754388
522880629 852412503
958634735 960369394
21902156 870408803
99999995 100300765
548987809 650249178
631761538 966566074
9998 705959
209219133 300954573
734815762 833863933
99998 738362
99999995 100879029
210501433 552512980
8 488045
446740033 733672595
303595487 678663226
279662791 610973965
99998 207780
440174293 989780326
77950221 157637387
99999995 100607608
877494610 969150893
99999995 100501881
99999995 100065660
99999995 100473528
511105856 647102006
264068073 815453047
833772967 886561131
618529745 783199065
838451626 899487897
99998 559557
429715535 509652125
628799914 954380300
89 328779
155961630 877194923
192664384 923114961
58220673 281555250
783523925 881410855
372473309 669934596
958609090 967017856
399861221 987673540
99999995 100298569
887408391 920845247
89 892270
588274107 649735705
73497255 236978443
544735274 808180541
89 953326
768672625 897296908
891772361 900083311
89 448391
99999995 100830461
536571210 937388652
224673643 573544541
578597432 579448964
98 963122
9998 1002489
712193412 864804939
674253054 999816283
194056396 851368094
427986526 643654675
455758481 882301755
257452266 352877898
84448144 163857094
89 393794
8 551146
9998 519871
802148097 825980585
974139752 975237501
99998 821490
813186395 932639045
637407431 833536045
98 996109
284814000 426889418
99999995 100668035
226128151 811755330
191707628 330614497
739435225 874142384
215216858 342692980
98 996812
79253875 478717424
791497357 833171130
98 530146
533768776 681790606
99999995 100430101
998 615336
596205706 885430385
829243674 993765585
788730194 918545843
99999995 100050191
53792082 351198725
9998 890846
44138947 103076927
455412610 958470685
425416081 820097064
170894583 950449132
99999995 100547365
8 797652
201392934 661692792
747671211 817058456
388011204 729041773
336418108 605366531
815183892 863098057
99999995 100875966
99999995 100322383
589891269 761274001
89 30144
854985850 884434689
998 225347
80589414 286326878
493020947 891855935
47012861 370566872
8 537559
960993691 983125035
456928997 638549878
433500777 869698359
99999995 100608019
89 414598
141313408 993816631
381758325 994588068
717650419 937663222
849270064 874784969
98 129025
965873953 975241412
9998 293015
712916109 730558948
432678607 504710101
245203379 348544899
9998 1000521
501782861 856599082
99998 206015
99999995 100526302
925416619 998554556
7346673 570306543
99999995 100479245
926050895 966638173
98 75378
435211885 777465438
896289367 973219247
99999995 100908494
660217040 785003218
98 33815
931018498 966771489
8 875222
902211510 998246117
13686856 62555562
99998 962125
157748275 246929054
98 365174
841678684 990001032
99998 896309
311155240 893869946
998 174563
98 144857
98 842830
99999995 100995742
99998 819308
872409432 973171631
998 780163
589731334 958242784
998 424754
99999995 100903772
503797492 964098146
108644581 672301519
135617422 340338088
998 486399
899707705 956764750
536534988 538447340
756873972 824371351
99998 153682
99998 795896
203490215 284161851
760450330 792020306
99998 1026975
799784870 816000018
998 186644
554501428 801368876
630942892 754640079
98 878276
764851280 884421062
307233024 693028527
333150509 725194872
256595569 597518363
764472288 898322900
857988004 964342586
99999995 100755213
44340415 580747244
9998 561013
48901431 802060733
99999995 100826373
267698486 974613101
99999995 100396726
289738104 845294453
8 394536
181495508 866232213
356292001 826079872
691799335 955980362
993871794 998935860
998 575677
308115170 894734901
98 110389
99999995 100684243
89 519187
998 82312
175813143 839662896
998 302440
276898731 621186412
137423925 619725646
787987595 801783735
130139958 933537992
483247412 643972982
536125376 561037050
386072931 909869284
454717086 562180219
624281372 923792493
99999995 100284664
98 349050
783767767 970210794
566637789 633517951
98 155203
196279573 903887628
493575316 649601201
69188529 366157007
712424747 890173644
262694677 570311612
891897006 982880256
718095908 858003598
844939206 919369624
300581651 613800236
89 521501
853567709 859763447
8 172889
880861423 908143173
472204682 616679185
68686295 241477179
29844769 948997545
361675003 472834266
835903321 999144993
312585052 451523691
998 918462
98 128030
814475201 858698788
9998 183274
785439449 825830767
89 241577
163799662 508189341
375221349 797909836
52867190 453674499
251189620 403189176
196860141 955784865
99998 597522
456792579 886866305
966548560 972551209
431240159 705660904
351498397 529083285
696203820 876237688
324622006 944661781
99998 1016566
27396167 174040914
998 563870
481874647 639917932
446158903 887015540
992479170 993819979
9998 613196
463921703 981042898
726815392 769689669
8 821563
616987772 792190448
654607742 946681912
50395105 65007297
680695824 734017296
247672718 494152060
8 941763
128971773 269831124
229701397 277523379
99999995 100724869
8 693271
481148137 818035561
234147645 266916674
543696469 582152072
99998 998886
98 443176
98 915157
9998 61601
858930019 869681504
615001621 864222121
8 627260
8 119783
855837305 873956431
998 486340
179305100 999505641
340258343 400948780
496012707 924345207
8 450490
89 697870
998 117750
99998 122945
99998 213263
998 875310
821495695 924993442
99999995 100762319
76076807 712236645
258598416 376062401
482011184 822795296
99998 427011
8 466925
99998 697199
658816389 963319258
650895217 749327382
887619786 998642366
998 345758
827985419 853112414
840441051 989592127
9998 927530
504619916 708697092
8 435608
520066902 569367248
472265612 604787231
994991199 996897805
99998 735165
328912250 829922858
500719412 909438871
174322129 722521972
99998 653743
597913712 967403238
99998 495816
809446812 945220019
89 420471
823705021 953970584
641340108 948776007
511502816 667745874
894794812 896467599
89 377980
235720814 830157252
998 614320
99999995 100948771
547544371 760988791
8 332991
825806575 861062592
613720934 881079731
8 723572
417240221 784657905
417728187 923399989
8 495479
119516114 763567791
936474453 953776968
9998 881277
233547342 628763260
761063765 885226405
866777132 927693109
532818824 991494203
273547639 961023758
698467233 807767758
292394063 656173698
422388522 814857566
696626263 912422146
490122310 952441985
9998 673490
302405679 591398980
177818345 889031843
410034205 453530563
588232660 757113231
176849690 229065352
60778397 444467119
9998 898076
133530643 934030041
248769406 670157072
99999995 100859062
605305293 970200197
740904763 967675304
135814258 530038966
454449489 810694390
98 111671
107719049 634471104
99998 381596
18316671 279281534
557426463 959203166
491394496 683910109
731231617 922161798
858149993 890271940
25092765 324663729
696633850 705253241
938533905 997377781
567447334 762422072
998 257481
9998 590081
99998 480535
41712123 948822814
504336476 662433866
494899897 596029241
640086575 641470654
263962868 460409724
99999995 100710885
805314562 910513962
9998 371892
589175220 896527037
311595674 456129175
995180326 998023448
492637086 765237156
323074749 566026476
99999995 100965514
235258429 255614681
9998 84338
997050643 999665817
579945812 630239142
805764703 905242613
960786724 961043804
89 791663
89 584144
9998 565423
99999995 100285986
634023004 918835054
638104356 989276900
499290187 831923248
8 417791
143823474 186250700
537316303 572630049
99999995 100086308
9998 820328
99998 605871
89 389886
9998 222060
706415428 909772399
99998 207428
785695185 840176064
9998 784208
947582178 952058284
191749050 522297813
287912076 515445164
98 863056
685011272 768133739
98 646684
699237857 805046579
98 292595
646525966 678395461
550363333 838858757
998 313304
776372140 981999195
743983948 759810800
99999995 100241887
60933518 384993335
924330127 924970677
373280561 895611258
284584265 323305670
9998 19204
923189413 929411377
98162980 765535944
640061823 832556259
8 332959
467842341 818230474
832515414 833680171
339324918 429695043
755490105 883491240
99998 295846
808623600 836362987
326600907 543844127
179617090 661609633
683166519 762422971
99999995 100126480
860113253 887582681
518874601 811063579
998 697042
500408269 666112984
718615253 811013018
99999995 100510597
9998 861121
342130636 960910280
98 410516
535596921 716675772
9998 794203
729460721 906839292
9998 472809
44421652 730914014
704430920 776374438
889310918 966953676
528006988 599622329
998 738571
98 439947
580896622 929464483
519192545 614454160
851457038 988479698
8 991800
477238566 868188772
351653149 760666800
292727973 991640554
340233000 418473456
823689110 893918893
8 740003
890997952 944054958
592633680 690970376
677339851 850662171
99998 995587
195002856 864951509
455759371 611593919
871520148 915762556
345889711 981871627
98 461422
998 671735
173205909 963591936
67206292 127977311
823715332 938073666
733409735 767797924
442934093 764215743
665262367 970356963
9998 92642
9998 796073
843323516 999137154
645650845 656021186
107661114 938332607
593960871 966457219
530043381 540483984
324835354 911051978
669266425 989485816
836137860 938025912
604254654 995862409
467897687 528460016
628072077 692952085
995996589 999505521
149917932 651049866
412993511 477045301
885612511 954536224
428961050 520266751
998 644384
340226002 489527949
771446044 789334161
9998 644981
501842799 587951430
941266627 983244381
998 807566
99999995 100747553
155038809 342779262
89 810312
831597907 940207216
99999995 100564967
675517555 795435080
972308539 987505184
99999995 100257924
258021286 766347616
104426073 398318339
383806383 919236139
164073210 688608545
8 951170
638153113 726507592
68237172 396372807
98 319768
534936760 905729466
361277714 554575207
89 403048
99999995 100145447
980357241 984924689
96133676 463820009
89 178903
630490942 785609578
145836763 709705958
99999995 100310725
293947857 948729619
8 949622
99999995 100619370
99999995 100782591
976278730 996349218
998 452934
8 941152
155656646 299302865
998 884529
203786775 470661180
566024238 866942858
694992215 746750028
9998 282957
998 431309
9998 493523
166710599 438721608
657254614 774426998
726321484 980895075
995325892 997207490
347161285 441318386
820635716 910766749
545841808 578655049
786627616 911790938
631837131 905672696
8 272347
89 679904
57793764 973870460
990384874 999910966
9998 772818
947989932 968809670
410986751 439480839
99998 167647
41032918 560851068
902376885 994861164
334842217 990008194
780592769 949004143
137230363 362705284
998 819447
159712860 679002131
99999995 100507874
998 386877
99998 461984
684558460 944315261
178244906 577346406
258029528 514472757
9998 290995
998 525277
636262829 767085196
372863268 780177323
394757628 918470031
98 378625
771339578 941348318
135959342 956102703
311214766 581918845
8 686897
99999995 100201731
8 156497
8 368807
193953473 288738643
284494349 322672247
631870490 808381608
975465721 988729210
481577829 918751947
827925815 856726506
271145631 976918879
99999995 100151438
601403585 825048808
998 493250
99998 718365
575150957 600184591
99998 1054229
248500895 915251828
984612685 985707328
496520224 740992636
484779832 961744766
8 613655
259252065 762464529
9998 881102
999514642 999911934
170500532 815823828
8 352972
403523733 499527087
607887343 627270993
323115462 895436353
325826513 433974476
246391803 521877057
460862993 821291091
99999995 100365745
99998 959381
98 732364
9998 396764
667007373 809527805
8 912333
89 946939
814431925 920095360
44821670 594208035
89 322335
99998 261778
98 397120
89 356732
525562405 783093089
98 238630
9998 503690
233092787 706142927
373621797 653536082
99999995 100226171
161260782 895919949
522481974 930025620
89 894583
924017402 956771235
560788616 769641799
333728537 547285615
978078661 986647807
481637888 992974967
9998 138899
89 860983
98 270824
89 961324
8 448847
541485055 593185451
9998 896641
708407377 840837992
326329991 959455659
998 177624
704418202 801741748
651678892 837487572
199413100 923002473
178332038 938227862
479541705 888038469
986708687 988807595
998 468913
602648869 731697803
99998 777083
8 551497
881845072 989122594
9998 501947
99998 495773
545186573 892536450
344853873 857125820
99999995 100601825
236588397 354164527
353440811 995424540
9998 188587
76751592 307116323
249949911 344033320
77668584 635153062
9998 279772
829462259 954799332
700270126 754710222
499716133 616880927
910608103 940150041
428767140 577412928
74095453 540853648
998 715628
988991600 995990044
918553220 922557336
294272836 899915075
9998 410725
518840512 891334757
383546507 669109199
712329406 729394205
98 516675
183489019 903577854
89 270432
102783116 196599250
77303592 482157095
6633115 30712224
787542725 946913573
98 894506
495823128 768777124
825954477 938748173
271399201 609304149
9998 593245
841026723 956582302
889774679 961869565
336296182 553440860
99999995 100967821
99999995 100098533
99998 1013632
394208251 499568100
623846289 834264731
99999995 100989321
666604703 910897628
678297007 898198284
99998 930261
339640886 874864923
637551630 937096673
998 359695
9998 15968
635184972 984717297
921951471 947173447
8 435409
1152630 794631721
997589150 998783995
99999995 100008419
13513735 143526317
1174142 708870350
9998 41286
8 303337
782314941 797608773
861095428 869243221
508974028 887364081
36099051 658868649
998 882163
364156249 821514458
89 659882
385554902 514260191
841706171 958724989
50313742 249041829
125833205 138361847
98 954074
875981274 894888818
8 512490
642726594 817027764
619332117 786436903
531940709 909496573
600888400 640397269
4327549 855318301
9998 839518
8 820311
99998 819003
552675261 703370180
585676299 634355826
661045229 888911058
267837640 530211402
677490923 836479231
655062129 754761891
373242347 510868005
15552444 49907350
329029295 959899908
691228705 757323038
295536587 635478662
98 970507
527068139 646093667
89 50446
969060021 974732036
9998 713514
251359878 475571953
558414029 708182642
596155171 662108903
442305583 504712071
599850361 618425715
329020496 956893838
98 351595
9998 621699
449971823 736401382
19457339 117077878
988921306 989437929
18682050 929902298
99999995 100284940
976779544 981553149
98 352216
183938896 837760954
998 598227
771353312 797873672
861308388 873226978
998 972970
518133433 545696968
870539124 899926864
99998 519743
678982172 939165181
998 162504
993270534 998419962
993572160 998344557
74594984 466829757
682127416 766103835
801816711 905595894
244374368 523499561
465191865 574735376
299466654 450312200
83998573 862169751
169600244 225445622
644233522 949072280
425822571 769396536
901392982 994697544
292761754 549738507
633559898 867338342
170670055 872379736
860460951 938940732
197263940 288042087
573344585 821534989
98278207 830665928
997963126 998392099
8 385639
79245949 633367525
692064137 837994687
99998 816429
732713714 864437693
8 835960
998 143629
99999995 100270182
998 787585
818686324 972398328
8 974279
562016827 898430743
9998 144285
673320309 947099799
8 946038
99998 191433
112782642 302493535
8 935476
9998 547441
736612205 995666244
911977747 945738573
327869377 635446534
998 628992
999789647 999835268
454352098 944512146
993829719 996314539
795489008 997925690
278346524 786265865
952475867 991805471
235654771 987816505
998 334825
892917876 946792567
8 137769
537229610 821796188
970575853 982000630
8 664289
320698899 882904258
404660335 660819396
98085449 230469857
9998 791579
105216191 160677370
412044812 715429322
573368212 910911823
195002241 341213873
9998 169459
57269931 459549818
8 798922
89 584058
165667285 590724720
827163185 977534946
834154543 857911855
998 833471
357296894 932135988
99999995 100940014
89 443254
98 143736
612587106 623095761
354807277 811824585
873371385 886784543
99998 419553
847087686 895916144
8 996599
772595913 946936337
662465519 814793998
926317017 965155858
214738154 288385110
355201305 718111508
164738430 378737422
998 124110
42809241 125096520
99998 736195
484118696 792699053
48685646 206990821
98 97828
236456676 858638752
338658966 544027880
99999995 100221989
570230115 705814100
89 472196
900757203 945183998
812015246 818183857
91877268 332513389
809808645 940849018
554420386 616751693
994121179 999553294
837517835 981392238
98 976823
99998 1014639
520810617 728072596
159212345 427465655
99998 127882
882616262 885268223
515724512 605857597
850293806 994646074
927236299 963900058
99998 513301
8 583244
237147533 504217706
89 586683
445964120 721215752
864620645 884334416
26820550 61228406
624037289 642109444
89 996296
774968305 837581578
98 297657
99998 389655
430538323 823781445
987084482 990872332
373126139 387509762
99998 241158
89 643712
99998 605021
919279908 928019115
471403401 732897178
89 827259
911633487 929746464
282905395 355537100
8 181124
570529466 574200188
372993854 927497752
8 590694
76813378 98655189
921159502 923641121
337412907 486249555
148437746 463893240
139368757 563075292
523124593 532251250
251223098 564414868
89 826733
998 595605
875503296 993993991
572614259 920378322
657577596 769212322
99999995 100915564
884350638 964630622
411806697 598626313
292226988 546119361
682127989 718962626
8 505187
497309587 865623104
634542545 991449207
99998 502157
78522885 524088307
242820593 780339614
8 935445
992660647 993667941
998 832471
38001773 585115112
28513726 193476819
635226423 906213306
860392550 960272469
993838913 996033895
89 571901
664452394 704664619
158966141 947719976
721877629 723958918
99999995 100298460
9998 584047
389371141 713455609
211566238 989556776
723256336 731950369
566328079 816641757
227620383 483688493
99999995 100917425
473082269 525738501
992081512 997775886
998 177459
324236597 557813083
424032314 810875621
214948117 791149154
99998 100492
758604188 810092662
668593966 963253412
270332137 331592590
708268601 776062361
128704649 569866014
112006707 142472877
372267907 782637489
267210806 813290266
361200087 484013740
419537039 639559091
569988798 797055750
402662737 883249860
636894353 840093218
924551310 937845231
379677246 865175051
98 327324
998 496558
301648655 542965282
9998 92624
246561637 288704456
911670495 935638487
99999995 100537584
106941849 134217220
99999995 100406023
890007346 894197442
252599493 703492935
349168223 495415556
274579363 411214123
99944004 822649590
99999995 100316012
830374861 881611656
8 656835
66314954 279097479
434684150 563084918
76328211 161530636
408991980 837212480
9998 993831
541602559 549243053
98 662944
409331164 474385643
398312739 669825561
46144547 943381355
99998 845370
116829266 908194123
131474296 445000940
346731093 577836607
8 802952
475529272 569815489
597612229 825254496
824650142 936598794
98 827379
433785267 567241333
695911937 726349064
786185762 796301042
8 858309
172261414 773061645
39711792 597380607
147417191 876954560
85082081 535509298
959348209 980520914
99999995 100152755
111467038 509014009
9998 171871
89 928139
266245566 326462446
98 352419
98881877 830748831
99999995 100509207
98 122362
830630316 952200753
759204049 980757549
8 65506
890934486 926384715
89 536430
77689516 541329179
89 35397
220176092 890270362
29216804 184394780
761140645 819542121
8 515285
98 843788
334896011 772557292
8 478683
551164125 676398411
64995032 729284419
737519717 855730102
44870986 84479961
942506867 954032568
866435741 911154829
167243523 324027436
187312420 802856443
154358870 362191898
788132712 824980005
98 341410
353968839 697546885
62104439 630965468
959438257 983693002
998 863631
99998 195948
9998 306495
998 161026
179692814 608523322
99999995 100879558
89 127755
754642109 836939686
998 699077
957878215 994534332
132934184 857350411
259409145 919996478
89 746447
650123095 771886034
649322245 801104137
998 935580
8 858699
787911603 938326284
91080081 547464451
76004829 940553145
390184566 392985178
606464257 809584427
9998 161452
977069811 981961188
115875369 972852626
9998 607956
619231839 627501131
670263666 898088896
761761821 998787187
947037158 948140769
9998 307691
114991291 968595635
16280485 134422256
998 25149
9998 620683
892154780 896250591
413087786 750070640
787566690 909978863
149229174 509003814
410068767 485623820
998 120221
218141109 964772340
692413284 924588539
104172756 651171195
9998 507674
99999995 100281122
993443325 994409669
329592188 846073918
133226138 715864521
99998 865554
99999995 100914660
741538703 848153608
98 376965
88338615 537724521
50727573 359905581
98 516684
114633820 239628752
8 431060
830078827 864555725
89 127621
354588128 908243194
137102889 865063190
583689392 600153677
8 344199
108294275 660154957
254334808 952867591
98 535415
98 7473
107647619 350266004
533216326 587341584
89 797661
115952362 631471148
860035188 946049935
52036792 116592078
844811297 871343315
123241088 871501987
739469997 817317085
9998 286662
350942174 894185332
9998 850778
89 989484
925008302 957635240
8 142564
9998 986377
641611802 969864851
470273697 666223205
624470194 760707281
359194703 705017339
526925316 682181781
998 149478
99999995 100806483
472428649 691888736
4679594 224624713
89 557046
718395470 864849799
8 834853
238693294 863454750
214017008 649631158
262987131 841585290
8 3147
752702589 855372572
9998 873968
141620960 629527487
939635543 942889864
629575961 759106271
698353674 904077183
126465595 926075583
65981195 621470323
681252924 906802417
908895109 964192690
943370760 988404864
583236429 648182408
89 774368
674151298 852369592
99999995 100606899
99998 845253
98 785755
9998 639790
450919854 650022606
199987777 932064529
98 159709
99999995 100003516
885967731 927909147
998 430400
754216357 762135820
89 769069
434294099 438928263
386558805 651427152
508875347 879321895
597068955 878550947
475510303 658373746
98 762837
8 211920
872543061 996895575
749494412 857231841
98 108450
397807874 756284252
821636061 892637788
878154139 884843796
99998 179136
998 547219
154393310 625976247
267774726 992020245
802577948 880540077
27647940 234688621
607266342 836696150
98 475014
987785337 989496399
8 103225
99998 776864
161330218 664518666
98 874477
9998 661165
252065769 901332691
626573881 664339010
898760020 973261844
317115658 939810633
156249958 196277552
9998 842650
892151494 996051956
99998 717165
41381989 854222289
141768582 213387319
129489393 423076062
9998 670758
885651631 990453500
99998 135993
99999995 100669669
140024330 984809627
98 411636
909657870 925329490
9998 357099
34352557 512183822
99998 205543
998 531137
89 999513
881360264 898929985
338162652 620911580
414435503 420344768
9998 159186
998 675993
89 671226
998 800990
139077242 467781693
180190719 640950439
225936264 253186675
98 998631
492938445 495984007
98 151421
643430501 694268466
943710785 984123982
933551589 962122160
8 274484
94123416 409130166
99999995 100655641
998 929871
270142914 632001111
302689435 452928701
9998 780524
98 187750
89 929696
9998 412865
228711286 748611644
370319034 714403050
262358772 444091317
551137332 567532977
225641634 673853502
998 912181
80213459 671158601
450088334 964633356
9998 276972
9998 1004612
418305630 856954096
998 929192
9998 778525
8 731783
9998 558183
217826734 840199418
99999995 100374203
284248472 809738710
425952717 855621948
98 925019
870741990 991407677
99999995 100893346
98 761069
189148181 941438537
939705497 970924508
8 784964
883149824 917080704
99998 142449
752677467 754333630
217771719 706615381
868085023 943549092
99998 182400
945105427 953655320
715027762 922237037
134201626 337851209
439797765 942108495
99999995 100884760
134799495 698013890
831008149 947232255
293485794 991474480
775949479 858484086
576870747 713326563
159481304 911442951
998 226468
719126251 850938916
449104126 595061284
99998 424907
271320748 692038297
874873092 976165549
516854241 802403797
560180613 728529779
101062493 257471837
872204811 900051855
631840259 919980302
441522440 538279157
100478924 517109613
9998 608575
139118152 407009545
98 581435
440212683 769517516
301228390 551285779
99998 548794
98 500010
89 883282
375719174 540454326
686051260 864489403
85590237 935498934
978984399 993273605
946316579 985746814
61864503 749047572
98 60884
525296893 762429381
806560082 807229360
8 858483
998 368103
998 96469
998 597325
998 19054
530942000 981405655
360530698 805158955
847429086 857383664
89 785123
66934772 309669979
202003524 431831716
457856011 513627612
9998 446364
9998 121616
89 274212
99999995 100666323
698084683 820370465
351127563 684696286
476184739 574044009
597815801 722638886
851863839 918253443
98 274397
122205416 780993933
274252553 598889174
222561035 768238377
296261659 743389929
99998 685253
427763034 912513437
89 257600
876482462 977209907
80315542 129050629
554876399 917473321
738435179 808183737
98 946950
8 721126
89 474769
943828310 953960835
998 33040
319480789 814878116
52607667 131434323
166372991 794585353
9998 754222
998 9474
99998 306050
84354280 172953858
270761736 289873983
89 688567
9998 169741
9998 314973
685201830 845191206
289615670 446207653
9998 267706
9998 707228
701496087 801187149
571730972 597603939
99998 415269
998 867367
945954407 992377743
99998 966920
622364865 767034297
99999995 100308244
824849760 973384580
89 978781
553577292 622457049
8 5323
568911931 763170686
11245651 954134101
998 476616
237886865 540832552
605639001 858540650
745780077 985763071
998 705802
99998 180863
570002832 757169674
998 476101
89 370297
207604453 243594873
788225483 877798042
930333667 933746744
619500699 969496656
563805062 993840734
437780179 823404567
89 340028
39800460 511261491
98 906901
647205662 727419495
89 813888
89 246588
422567319 607380287
519528076 552224093
822705996 861346659
107840641 592214294
171908461 306291350
869900085 990512030
8 415150
296474138 353667446
8 314232
99999995 100263177
426705430 705564137
230742550 350441010
312201610 697952738
374909433 849358594
955160299 958434519
516726185 542057071
20144360 961097467
661397681 979584043
972278311 988197897
575101606 823349123
89 945091
363185565 939548778
9998 921071
9998 186709
512544241 530401460
89 506424
99998 570499
590200635 823862131
811004216 964393364
158801877 516372903
695896498 995410708
103087174 258449287
99999995 100483274
280400245 337119683
402063221 472097312
9998 304814
98 879719
998 240841
602855444 775556629
348252648 500878702
998 757665
99999995 100505599
788982738 888975773
692857840 964055692
998 14676
672769873 817420912
398822756 653163419
98 96691
89 355974
921579809 931391526
998 885208
291273296 994129210
9998 98927
99999995 100892957
174966696 788245398
89 921159
251254696 328620240
99998 1093962
99998 957097
99999995 100472319
125165798 626886451
454593315 966471792
73414856 257216467
99999995 100396443
89 747733
216960796 519398274
11454144 811969412
958756380 985639584
728850811 875751595
8 834266
129054892 158644029
545266939 675167070
998 119684
998 358015
25966602 169639092
998 314027
446483545 999035936
962690809 978429273
410336791 597940547
987411168 993268279
544507474 987077500
99999995 100930652
9998 847487
227386204 479279109
398538103 838479634
99998 108363
998 624676
671230208 815829514
527911361 809267541
157208132 623341008
320793120 900413166
99999995 100599260
99998 1026407
159743088 259823504
79433391 986106080
551256869 646039629
116743468 776115948
99999995 100578832
530188779 767120615
161183287 891576784
334099719 840938193
141895620 630227048
107437670 426359803
731722768 738081237
427883320 969694130
393146929 420472346
739954912 821048833
984856934 999847503
40010876 128024099
9998 316372
98 271824
8 694729
561837898 832868569
9998 564286
870079235 955597706
720014553 853193050
99999995 100057086
9998 833187
858986923 978748506
99998 466110
754147223 869367317
855681990 890846335
8 73002
9998 829605
184825058 793891283
27036605 786395860
201639898 672063776
596644986 738094427
788656644 898158049
322739754 391264891
91626746 104972595
98 967229
639793482 996282917
460057715 815350161
376803390 653085258
488775207 672034216
35598573 432086932
125128095 847998154
684161843 949461380
99998 502272
812890593 845883433
590279503 961215647
64146859 911842192
128387622 262428607
980904755 990252431
100107166 814522231
99999995 100701424
480013598 925035498
787757085 975317746
89 280630
99998 633862
228851807 341096618
54704886 988331762
9998 558202
324895250 862574311
8 687863
283686001 459316396
604176243 905750937
435848542 535076339
99999995 100337100
99999995 100522619
304107150 375858629
229523312 550685926
577827703 816432709
377660605 424698363
9998 913902
98 382739
8 815855
99998 1065699
987237988 992334066
13268509 155629844
998 792025
906515 542008388
992183296 998271614
335655934 990451790
709969297 733097300
562821575 605802900
48717914 998050061
479891188 563585477
188086627 400643209
760799055 857133282
358232903 540431893
440203661 749708840
812357599 917229531
353284874 402808629
560123600 704429919
98 641034
984138793 993115808
99999995 100382003
99998 401530
811561512 831537281
862901701 961239365
736417537 741870283
816936869 926745970
295360006 831969643
299790981 835313320
99999995 100603783
998 798853
98 180280
98 546051
338751313 593064247
98 906514
8 944700
891154052 946550739
807424568 826293169
998 331923
682678570 741615680
143542447 553435634
99998 329710
213899177 388992821
706315469 709284868
98 275972
452192462 956074570
284273227 321469145
814016783 854244668
234483701 768489790
140297877 648508105
98 599551
781765003 947821367
99999995 100564262
487128335 687402080
659322510 952479927
758094020 905528315
105862859 564763581
377855172 379108915
923588144 975286716
99998 430907
428027392 744593163
8 75940
555456851 735981259
273051354 840296353
98 926063
104300785 414945398
398150181 725576451
89 986637
817361273 945266273
17534235 141595701
99999995 100234997
841374478 966785083
948739535 950814730
276850366 899367088
200268410 944225821
9998 539737
622607346 967738960
734931378 966130559
297270888 935701383
812382102 942392281
99998 276573
107593770 262258602
764167278 868276710
892439249 967868502
671163891 683404755
996733217 999934998
600917064 724626632
473078610 956980374
242429735 477464957
480531171 487319064
492331193 946125609
9998 244019
342981841 813354821
564760591 594327126
89 652047
25765413 332421252
733122863 840304508
598735547 626040948
877181676 963450230
478608413 541104120
8 67018
264932153 958840602
299371740 375561619
112796701 205651532
221881133 279321508
89 807939
449067200 738837398
998 977855
587773562 716658969
350081602 389483131
759912629 858682697
8 847966
96149219 731265782
998 249460
730514729 896474200
340146462 476142140
998 29131
696183613 951105350
775598694 820027292
837641260 915086725
405173870 642443021
98 168033
8 673069
122993846 365343407
114879726 461078279
89 725905
89 115436
89 327025
457652817 775451122
582035054 924904269
352743565 612633363
99998 518099
99999995 100266910
273713599 302268377
208146851 856804918
551274627 983691480
839307168 865987873
99998 1012819
627954648 850343135
405717331 946509608
998 947274
717007873 950778820
8 84524
164660132 286414480
746659046 878210374
684654269 821561955
845585127 938101638
99999995 100920657
98 800267
8 9366
8 119641
111520992 984758655
583319809 583319957
678597023 765212790
861934455 906536646
614942305 805533632
89 908073
261231522 893643200
9998 432061
653977355 921553660
8 63229
576349442 946304331
704685872 840538447
98 876690
98 843982
804869328 976870329
8 289941
99999995 100936236
303153699 504759434
662244483 982011696
994164317 997192572
109634666 340356634
676490915 787875212
351422873 691168229
998 426990
684153121 957809672
884277798 969001617
465567036 596848591
980507209 987242430
220579183 944718360
99999995 100283640
674097025 925186721
29605799 863911124
99999995 100596830
766589184 987422877
153647248 913382089
546203415 745163908
696487580 826361930
8 810582
8 996996
99999995 100377977
98 451292
387936914 665213274
16547464 646728793
649836643 779828428
671991135 911129568
31764938 965295632
341599227 896394077
99999995 100161126
574269165 914223563
99998 920049
99999995 100368474
99998 1096776
179801802 494850171
99999995 100876407
9998 958368
914231328 941537245
8 877391
196590555 804556200
439751351 815175355
8 407664
168887056 966021418
89 405445
699894114 960249121
89 752600
99999995 100361753
13713414 54720530
99999995 100592999
99998 601826
99999995 100721489
422358263 717412297
20057746 591279310
730897731 839666108
89 227799
157899241 874444605
715106342 879710176
134949973 605072042
98 404593
99999995 100697389
99998 707715
776520153 817529120
8 782670
99998 318890
364644064 902779145
859392571 975733028
98 183518
25531823 731647654
163810227 326475572
715885926 920887323
8 509208
239376085 240955800
98 910297
99998 649727
845806423 943253087
788655520 821232444
89 471118
981000087 985012172
426575548 854284891
98 764394
437179531 511022675
303397214 782389667
935653335 982153801
274322444 456776045
77628176 864005384
902721684 963640510
99999995 100178874
99590839 811303334
583786912 663770623
98 126296
872156259 890686098
838018451 956912907
99999995 100055929
964346884 973870280
552597728 839576500
776672247 825764790
871509585 930949018
182386138 897734414
817465480 990377499
747649647 893444414
590247422 724249328
239393899 736473353
99998 645696
99998 571895
99999995 100593145
135864843 170039504
9998 399569
783830818 827112594
99998 740670
866809121 870686302
89 551831
429695411 867671150
923902448 979018088
791256273 956790392
904576926 982961999
99998 1040131
635932777 652132514
726830724 797372661
9998 830844
939682455 962241752
792672822 794938085
99999995 100302433
699881804 704910434
586101620 881788417
998 316669
89 304322
347164658 725872084
8 143242
8 504514
99999995 100132546
9998 39213
486730676 722768365
453183174 974583494
48403871 811200271
9998 484576
3392911 620505456
8 795358
712217853 910069986
194419109 722198977
663158689 725173838
473788868 972972799
656578538 712588770
9998 1005537
9998 43783
8 260698
560524996 729299859
9998 889389
328182843 918065331
48888226 691687341
271402429 863151792
8 979998
89 412474
9998 840964
55193465 57035678
9998 208294
498748871 504420709
712627417 847104740
492726134 779069040
89306121 533778832
820936803 925391026
9998 110417
89 786041
767919439 817352966
98 154557
211659509 623674326
89060669 996000976
776112146 855807125
998484444 999096971
327612547 552372226
572772393 601390136
89 289428
389489502 654956872
456029315 847037721
984410623 985563412
9998 944272
166981872 707850406
9998 331609
8 361842
661100826 828781948
787298455 979484946
89 184840
99999995 100355574
614066777 778690795
493461405 814273630
98 961794
89 107225
145288772 609359205
595546215 995525061
994673564 996959459
820263921 950146333
11614484 556215132
99998 835767
471557081 840506051
325649039 483967400
89 142534
383785270 798613957
99999995 100286204
998 397466
8 902122
8 204289
819773489 916226729
39626990 407580477
89 773936
9998 714457
693886112 837722762
9998 568288
56785158 866850859
157247027 479499789
527287128 836806814
739432986 899645534
99998 190156
99999995 100140692
98 508576
43023213 387450179
652277641 767373791
479529218 512729673
163115174 468536504
881449324 911104134
643343370 935458159
748057403 881725263
99999995 100416486
998 245182
643891856 766194839
887032501 952201860
859332056 992720775
256637834 381175858
469305297 774771697
722414533 879121512
98 176851
444139190 602975934
98 362841
127803860 958762340
885900346 970359735
784475246 846632927
99998 564617
99998 710891
98 92116
123672528 557458342
705716569 723633873
9998 655488
98 115205
998 60327
754691947 807438884
836316534 875224578
99998 164048
687158701 853433580
98 786764
998 975684
763334329 912259099
628081858 825361832
98 551563
495011990 544040685
309870948 482999403
57841992 340615202
7811072 695705089
5590573 940743589
98 631177
669133030 764321054
380033476 974264457
98804532 364809428
645276873 653997488
390736308 470480621
473933820 570349912
767635384 772429257
99998 233555
419945662 714056405
98 910205
99999995 100551479
893161822 958882115
850911469 930490591
654903673 672670254
89 902471
98 892739
99999995 100301919
175831150 414630583
89 97542
898879052 981720319
140764294 343174673
89593591 651938779
89 538634
457951045 925004875
962653336 995109428
99998 507252
161904717 693000525
785999087 991700473
996817794 998663972
99998 400181
537320800 724846529
842377205 929457598
322544091 583722897
899825815 974894133
89 101362
573548273 652760999
89399658 503220005
89 178341
9998 60125
894354977 989290665
89 584849
324885691 934797524
365790059 731675658
99998 310189
22297889 420793763
89 94517
275962613 956007780
65621936 381509728
872774149 975710941
797772876 921311351
333849554 468951486
98 171786
9998 508029
8 358878
461716558 586796770
909382686 915381078
9998 598281
873440983 977247700
8 319392
249798740 956120193
874532081 884254656
998 975070
99999995 100964825
943853949 978419648
663916507 941515760
9998 512470
99998 546489
837676183 979713873
98 316863
176379857 932082993
261190488 900978900
800392070 872604496
31405123 195386189
850965062 990980828
567589229 920549502
442170734 490983062
776968265 909608200
9998 188074
763567586 865085136
406899924 894220615
89 940711
799496944 991090673
9998 209111
98 238169
431837319 441583373
133327991 749206668
89 469239
998 466445
702473970 770257200
89 940903
694328849 927505967
9998 779532
99999995 100279742
9998 746350
230317678 597015232
905995567 942986262
200881402 702871358
857860231 906390967
263516392 823348465
334487766 894629382
298400356 630907680
98 874505
686009503 841926226
9998 85667
63084487 219092376
99998 393313
98 257817
70179386 701454178
102871100 302247573
354174956 921849380
760433084 930050823
254508787 784382218
914371321 938167546
14447359 766006247
768930429 794514119
339863074 923967776
98 913703
312216755 464475402
99999995 100985281
223255072 413483880
89 727972
485734391 647440923
8 664871
99999995 100991119
678564891 897141193
998 91340
99998 843486
633258568 837614578
700222765 759025605
412969556 706703817
10465552 39647902
8 844219
513476516 914942847
99440591 681704420
99999995 100467053
98 297767
99999995 100748764
578644988 638721237
99998 1040425
9998 152995
98 959697
99999995 100152484
969064528 991516230
975498818 976793206
340471562 444579873
884929723 972476585
8 42668
99998 134200
158118489 828262417
299154711 361624355
882173486 900324218
104885868 822493279
825102493 875118800
8 523331
8 288925
65620674 609306735
9998 306202
908292484 945822324
99998 516358
99999995 100157292
364969260 437275531
998 30711
470834124 496334468
89 508474
320683869 535439215
362509298 588356306
22143140 329276392
762826810 938116439
89 622881
712050396 732804900
169533615 759027380
618426387 693696282
155646004 411278164
96032273 108123932
89 249719
128849844 823983527
98 59708
128586631 365271058
159020489 789526656
577231826 877249716
232783062 718734777
98 310954
995634933 997384194
99999995 100310631
117153613 403458486
98 278913
866283771 881147786
9998 949857
89 359123
96092267 170840582
998 535167
99999995 100966640
89 250497
99999995 100510826
9998 664502
75117890 100436839
89 243835
579773296 942693234
998 266123
453464876 562122927
99999995 100190780
190127515 584427424
9998 897839
429519433 998178438
213340217 633101328
715443545 765106952
512145113 710875106
9998 548250
823367440 985614452
962136487 993415475
8 937350
319510722 796560773
376973474 900056925
998 231011
457831444 689552565
98 269055
9998 231603
8 568962
99999995 100337039
8 739463
356737626 431967882
835917472 934656052
703518082 789424400
743744541 912893054
652241616 662714237
899572436 953020477
641287652 796843243
576142212 645683129
793337501 943143971
998 850952
283632904 458876465
502350464 753280279
89 948677
98 950872
528427607 739576726
99998 696951
71018809 261808880
838116148 919891609
99999995 100973166
10066489 988503500
98 630997
89 512511
334396399 951932428
467787599 927375157
625167264 865341850
314294668 537669869
520171547 625532981
8 587497
851242268 953101183
291508995 376549163
9998 518170
918726656 999033358
442062716 918963930
8 296803
998 924199
75862930 951391606
985408472 991635731
329577074 866212568
583440742 743167610
966024033 966923701
99999995 100785798
998 191994
803933339 898037096
116358474 529673880
287113295 497835694
89 804963
99999995 100968009
998 15483
353459502 955351048
205750978 899839939
99998 591810
239965551 752001771
99609290 858037104
9998 153625
493342107 760116529
998 70134
916353823 991622889
89 679141
99998 353533
326296306 733617031
453718603 803339355
533649790 920168653
98 232810
453496095 607038084
325918579 527171620
973223331 989305186
78997264 714733434
353517841 355677118
765895889 844979568
9998 721875
774895819 937024912
9998 13996
114749513 768026501
8 619935
677412369 956554800
609618080 847434986
442951492 505555785
78205820 190787592
99999995 100541300
473002786 781201063
99999995 100530754
825940028 871618465
250066803 799627825
573324628 807363207
679850939 838683864
89 523555
947075443 957601973
89 849325
64891640 541250763
289731964 300086257
99999995 100106037
391197186 906167659
998 991806
303492459 496514521
363964870 741015619
998 142304
58231104 82049415
89 784941
9998 210023
9998 357423
660298736 764545642
98 513155
294730675 909416379
816042980 885155537
851409635 951584478
9998 154137
89 751814
697114876 831397127
945751498 960940853
99998 307522
99998 965000
98 357421
935581596 946064151
954285063 966293124
106424533 723398446
73083761 87916508
100276988 613763662
357072576 991937434
81187053 166823125
219535130 777351592
476050312 774434352
369712691 897112417
476790249 948677499
99998 894666
998 526894
514762709 727704368
98 867395
591368763 933376152
131972065 822123200
34903361 418907678
260004274 677522883
98 268478
631070160 683002532
301643426 868329027
528828325 879631456
198175713 794270763
34271513 111561320
99998 263390
471573449 491697498
37639277 86018927
903020502 906908684
576846386 931270968
9998 336009
99999995 100922940
115437893 888258791
426838821 672293874
8 134774
99999995 100747974
9998 581509
89 855329
766337483 864467500
513555610 895388826
441178774 925811995
627636580 641554570
9998 895239
454986961 823951687
8 443644
29926974 179741117
786332817 871583140
255497281 529895902
278131587 858078309
66863009 89531980
99999995 100545811
284537444 548918042
8 198708
803664297 838454646
910070107 973314672
9998 951112
399949061 821114167
439917058 708133150
664430201 947295124
98 931844
588993608 675339436
751298055 941772578
518340013 878856447
922106852 935440591
998 811136
418906524 827636628
89 564628
572109898 714007328
9998 590484
918595083 983621179
212856619 802696948
107767814 582076587
99998 507175
796641786 834066057
243472739 822001065
415781360 549613337
66412126 832029373
89 140372
89 946677
177307082 209496871
997217183 999521087
913971700 943538288
89 986644
608433082 662106871
99998 1086158
401389530 667621565
998 863941
676502273 704592573
801557131 903585236
950401946 987265821
8 952694
98 515204
89 544374
408145072 416442366
998 312756
89 315829
99998 440434
205801272 548906090
344474417 772254948
8 224861
961505828 986214091
98 24000
98 836031
947938774 983662579
246305142 254979860
8 674742
438235576 681737248
732394595 937248706
259538257 952484993
886199129 892948038
8 498671
462196827 955535366
447054011 826909526
124290979 268433543
430528476 524329333
657690366 979988195
680920328 785009640
99999995 100460108
415595201 794143104
99999995 100830776
630838727 751096663
877160458 915649952
69976809 267517113
99998 524770
542574508 766999597
89 320664
1457131 93736450
8 491134
998 669796
179360982 265883805
889062725 947854540
89 780370
592081687 827113992
470768573 930147630
771584679 823224024
500176045 728939753
700388707 830990038
708265691 882178369
371661311 489396775
15686981 336703854
877250016 995640125
9998 144025
890388200 954080724
563047637 658264265
99998 552663
755232502 948135293
98 920310
101242746 452622932
531618211 746335619
847542031 942853262
98 854801
98 148008
845819527 952470715
998 311142
750340925 988874504
76420286 158856802
99998 1015713
485373930 571793587
871364155 915203732
14537137 50413050
406075700 572557781
100382027 929462883
173601507 948776243
312858743 804983327
98 73207
642052678 756558930
305476125 944421235
681248767 890591852
771995626 779805090
804812543 872611699
549006207 716956576
353912243 691373372
332916490 488199486
670232296 999139562
9998 333869
730781868 904762417
396820025 562171864
939178664 974731877
935634955 982242320
99998 742904
98 494466
502304681 735863647
99998 292765
796332425 850233079
185751468 851994686
159249042 182859410
394092280 980700682
795165440 919869250
914671045 959295454
181533983 241644050
560394935 897979570
210309250 853488500
671720266 741077448
623136285 655373893
99998 685287
99999995 100885252
350359793 865797770
98 456170
221365478 642090328
467466862 879100352
998 44752
724450505 750299256
998 19548
373843440 616736040
591855601 757448320
8 878332
99999995 100836549
99999995 100243327
218101713 696768932
89 576885
998 240445
161328518 594588564
99999995 100111337
462763342 935265514
181223232 251640011
9998 93694
362614423 727707777
99998 267432
314335954 384922557
112272879 274213890
821166563 955982221
307833715 517554118
89 495944
907722853 915602271
99998 816308
271936283 622609608
568523420 637117136
60126104 830827515
640303954 798706306
838113607 859090056
313983971 776715350
89 424521
219350663 725556150
99998 1052868
8 578362
985956826 986307372
8 60763
520075893 986991785
821770935 882363977
626701745 810356688
98 208650
275188975 433588907
9998 510782
426701591 979239791
89 494635
832670920 930598340
998 610670
447851227 850716483
145169914 246523358
937235732 963079766
912357764 930581221
447903409 856365832
850415045 938314670
248430658 742285846
998 89021
998 714361
24812642 937177850
602992500 919892721
452922145 563688710
790274197 885737692
9998 930510
98 916138
99999995 100746387
9998 508959
624438853 952296461
612333047 926262184
99998 233675
98917078 303699376
104665908 538182621
194982340 749536680
828973899 942516443
998 596578
878678108 946110140
998 973437
8 924636
998 633486
998 507140
979932935 989768973
31713259 728570610
407318355 640294068
9998 301275
99998 812156
99998 211375
89 617891
99998 304271
89 6793
304847315 548505199
322890118 945950057
627487396 793126399
99999995 100113578
89 593441
99998 535633
9998 382440
8 302
523705639 900046482
936826687 986325915
89 241727
99999995 100150181
312232095 527347169
89 938496
830691700 875385690
496549234 799777042
319114881 970514629
386624610 810949439
23858508 381055891
648851991 660424864
998 969155
9998 291598
810294735 944066759
99999995 100938470
8 715022
998 666952
671373967 697488283
360587979 637494504
415654097 933419499
99999995 100625566
700501310 866572609
998 669979
716299634 805089554
98 84652
99998 886369
99998 729425
89 668747
790473983 863149588
674753893 792806704
739799981 781095624
99999995 100236898
99998 794067
998 801313
99998 352067
582177244 970447593
955712402 984093256
932278620 984426186
630608171 955969972
8 852922
89 440668
937875324 988108981
9998 329765
117505162 606607774
718285736 865225084
99999995 100369967
768520337 882141014
915328065 955372889
141966662 931753246
819036023 846756893
685265854 819732117
362354446 886485730
158423896 833945185
553046242 882503101
790538081 910958596
9998 790188
393287089 782221275
89 265009
32204221 596086229
47337698 313531309
121074828 642436899
8 180188
809268237 819963921
450693732 453269424
8 392394
89 581288
997732317 999102465
89 333514
461739975 520571283
998 759153
998 287347
156190306 597799226
99998 522548
25994028 757612082
98 134719
598669036 723533617
998 729822
215076083 728939740
998 347859
497471596 746255055
89 354430
998 7954
48982756 965669068
706320730 989485333
8 796998
98 329729
402922365 681121661
998 718909
923684490 995934576
615547999 894883580
754284406 793474535
99292586 300652873
998 834873
98 341230
900366410 910600014
650298397 900748918
8 402065
8 35690
750627103 774411615
9998 138151
244881683 821180211
99999995 100829772
764712624 832100913
89 372013
297168101 468791740
216055889 965150914
36639160 712712112
557325893 654269130
99999995 100494670
564473292 710766524
98 366191
954159070 990006834
374229196 836902745
8 972446
84940719 778353003
231076226 537666047
356062412 478493964
8 130740
397769668 903514139
287570790 416280622
99998 1045625
274255955 727908474
332295446 818879849
529599684 792998359
541301063 559767112
99998 877487
998 245973
998 644114
610360670 723846232
82398977 796266380
9998 570644
99998 912030
677151601 914662095
760712560 933138309
684098955 712408600
410760645 639899462
496183386 617131933
125377147 698731786
98 986591
466164423 818946517
89 809792
193836152 723475233
690480497 792698421
61452902 610847835
99998 877369
557026724 970164233
99998 711770
8 91033
8 872162
99999995 100799643
89 29190
531135233 914922511
998 35270
70115551 805499914
9998 39924
8 805644
885153712 887511533
225350087 933825190
8 154674
34491654 975874555
144007084 329117926
729151945 961399052
8 958563
894632040 971481557
15737341 644434690
435081658 538022069
941347876 943136842
834174007 896231223
583350337 914906165
890613077 956957628
474350086 807118077
705420010 947114862
955829786 987333012
98 667733
89 730809
998 783645
531583531 699752284
8 949075
501091179 524528107
578740227 897871236
9998 202395
33039396 906939241
30604344 378850200
883775498 962205660
113864272 661608303
937319069 957590024
393518817 608808961
588498184 688471778
397247346 814786621
801346077 845568829
99999995 100183697
124610837 693324730
698058635 759014752
694848698 944720160
8 82470
89 14723
557098181 597942230
98 607740
662799176 923610548
408306547 812306130
89 451567
772555508 996223904
231303925 751234955
98 83522
9998 680275
8 886861
98 843994
99999995 100569069
103113740 628638692
619811856 734925499
219371165 740548134
93644997 472413021
8 882626
872199851 922789373
997967965 999971915
408700536 931641562
430064189 808878858
99999995 100013096
671694098 957281435
180686911 351677436
288164657 430817947
336546942 715192580
557658732 594975336
99623218 592088129
998 284243
99998 416395
99999995 100308357
99999995 100060860
855313837 971361001
851636934 948351469
441670545 661094872
99999995 100702224
8 862387
553405003 640206031
176178080 332163207
8 942478
9998 720046
9998 742504
25887625 849693690
98 136890
998 417573
998 27524
539749502 728043525
126203108 140928575
513047595 858815066
981503546 989736153
518615956 739420162
99998 595394
955758247 959987557
550218843 898918429
8 344328
419478123 486120754
9998 52740
823921186 916902084
527688222 793082229
695045501 750985017
304077171 532211583
197395803 586268470
99999995 100688871
98 311929
631652176 679673695
137990011 962777766
350730789 854878572
8 936739
930904862 967475011
968512023 973874882
98 418612
998 783969
99999995 100763670
824421226 832059179
752326182 957155633
98 798031
89 674071
98 936686
239024743 297877626
665770893 719456491
9998 881908
98 618595
98 996795
197606118 944382823
846926338 975915057
89 941474
123656854 760221935
187941468 886583567
99998 396893
8 2040
604324025 671945652
690973208 752246844
367400284 901019238
99998 470139
98 501891
998 145918
998 142777
514067053 519977284
462018479 856498705
98 352175
636304888 959678922
301948868 374047192
551023001 623584800
155755302 358163965
904232672 922705475
959755988 991923613
341080937 502958983
437877983 777032972
623244729 907289422
99998 207376
98 652594
947924888 993904978
809452244 827537586
99999995 100534122
437744596 982604037
98 526801
9171767 484385637
89 836869
89 788998
64943467 281354608
489273146 864590865
397884140 782633642
9998 750713
643117535 985381561
924102755 998670026
377785014 844738431
815616978 959643196
526751404 731753119
160527854 484279132
8 591354
636836470 970164287
8 193739
740446444 857179570
364849560 730202484
463864538 584842072
517002402 669693169
249229393 532467993
112683637 842708296
264086525 592968015
99999995 100603999
998 602268
99999995 100044841
89 751061
99999995 100799444
489598558 982252941
772280137 773168987
89 326233
99998 448642
575645204 676466527
669827912 830259970
99998 1099183
802862196 840081470
89 938357
430211168 821566347
9998 200530
463248764 561640921
701877509 819920458
427696452 569150737
707851157 933558564
98 98392
99998 537098
145394662 510929518
8 642656
979138778 984972703
431803809 949568114
8 874778
99998 601833
89 369837
89 450723
711336272 913270776
99998 952813
998 204277
617158298 846337678
98 578111
99998 482965
8 184169
997103506 999255578
98 558836
216078469 954193462
270832901 439289419
13217633 651980956
99998 1004123
98 204977
98 797422
99998 907384
8 767859
8 655094
99999995 100021068
283070523 909365810
451732812 928262760
359589766 563455647
724708287 864762264
472219758 788486395
996688546 998469668
925827260 991872177
674591319 937935987
99999995 100829021
98 710151
99998 354485
98 801484
583070309 595407050
8 258949
372840398 833098489
99999995 100120959
8 739119
609618024 681264149
8 975725
634564683 745783820
78340247 94563069
70003712 163822716
254007010 335953561
8 264808
99998 652726
235720009 980130640
9998 189424
98 704309
354264951 670544356
99999995 100583949
227893687 573999767
654217479 812410836
181877281 527601221
998 745101
121385715 171654248
775074585 942770040
262333426 980323808
540459100 700522168
8 8064
227747645 902828682
840906967 926256512
998 854162
900036248 919730047
99998 604852
998 255212
405432321 599333393
581163379 753573947
534483336 975851274
268483525 968994397
99998 613930
99998 1048709
949005294 991412064
923979491 960951965
510879213 525158801
950470462 962134656
230489774 599269574
992358314 993193349
217157314 870532203
983089978 993492342
907723077 951374833
237287026 435627261
89 592106
99999995 100588468
781344852 921389231
624279949 782027778
9831995 637509714
248846351 393421994
764435658 845745430
939659855 987173975
99998 910529
83153549 619103456
936860634 974994504
998 950829
99999995 100115136
99999995 100318648
887622374 934784205
754032000 822887749
99998 949000
679073306 982512641
358526188 723178602
738719246 752224737
998 143370
11791117 544393265
330491041 673871038
318423379 346109686
693906149 987847609
668845707 896535249
363428140 698747198
737084707 928176430
995966190 998215414
8 43105
99999995 100785248
708649392 990017515
99999995 100985861
578860708 629231524
497739048 827952937
272947439 758894414
98 414348
577759288 765960768
998 856030
126521971 335713256
265478530 911204223
910389348 960632291
806466434 827192864
215248869 496866489
180114636 805798881
9998 111504
627210878 808908871
9998 114083
544757528 936549590
435000433 613342611
75094284 342443601
99999995 100984492
797659462 899462929
267645625 425457803
50219652 918566117
569080444 714697419
122345119 484433545
976852176 995432545
556790138 979611539
93166323 504275077
909282935 969074850
472061408 898615295
98 139737
284177384 812731964
828681114 909398274
457027262 703742050
170993820 820729278
351926491 774166348
101749455 675352320
99999995 100461499
98 851763
9998 494844
147867587 832838434
9998 601292
461168626 625466279
162566035 521072584
998 381695
382548076 541653848
997788122 998998090
878764704 903023870
998 528326
9998 361783
998 723577
44373542 935240981
788101153 914637636
932984414 964312225
99999995 100741673
998 981886
871220561 931919994
9998 637378
422790632 687987892
99998 232386
9998 641758
187999927 557940553
98 269376
233965851 608086659
397985690 514215496
202791010 531384017
89 76750
741008946 945534806
430169072 591443600
267385545 501791717
981792873 990369466
99998 774123
191486859 518144011
99999995 100466651
277594298 363549235
253835399 629241092
9998 101974
347662353 641833727
99998 273293
99998 439063
997904559 999707120
361591770 870847308
236496682 658284548
99999995 100360236
998 588244
98 677198
966603019 979006244
905177978 999294993
509736233 743744118
777575965 803019398
558171681 789273245
439027238 611254579
809339743 975014230
998 860292
998 133737
658043404 732961728
966766373 991414255
998 214945
191222684 990350126
164128758 214992703
998 330183
998 816802
378203015 564119793
28030804 197936958
2956290 516305564
46578812 639859515
741870083 984178804
522357470 878833294
263908813 671909435
869015662 959180732
99999995 100583382
701637863 736839337
89 103449
332688153 482224193
932391787 991057297
14261294 100587752
947559422 962633924
857829904 946972079
9998 24155
913836987 998702736
703523763 911655847
117796221 145085387
99999995 100645206
9998 141266
212167816 866199639
99998 228542
779342586 993787257
99998 292173
531061166 573702045
887361175 950112295
281348782 497369094
99999995 100424847
930894376 962249327
523203555 906822479
87959148 513833684
617195487 718377538
183119494 431665707
254433771 940170376
175505255 525162557
99998 731179
8 569944
849107627 998669229
631966104 835753503
8 345357
98 103893
504607025 752888778
553622926 721886984
760549710 832774003
469107532 791509267
895371425 920180585
322576028 971373786
900212365 983319899
89 271359
99998 690477
98 16362
506754525 796466239
92449527 94667159
127765746 826171683
334698445 396697953
773733166 956933229
8 465056
8914175 457670898
756580307 848292858
101953866 580258876
397586350 440287913
9998 649714
862906416 867271669
98 57316
160592176 436791613
124967754 269912356
446722660 955637386
98 688683
98 575874
119408233 973932360
224835988 735935424
998 733150
438709396 892460743
348054945 655425727
89 739356
99998 714864
99998 960376
358873232 363333616
9998 87278
851147337 935697019
998 718277
577851694 827538685
654700516 968739951
916253735 928863784
488467387 974939174
368473399 869257458
89 211883
936363009 980807087
250806799 607175078
304285131 413879129
9998 24817
99998 259392
281694722 351326484
567770263 641222815
770474275 871325280
89 190881
4432190 244864820
288224324 633448247
915220218 978976336
99998 441375
286284580 487420875
172715331 743071516
893897732 971788064
402354797 711676519
99999995 100940006
137214505 607614861
449593109 737046721
7938674 467966486
98 686411
904420993 985680410
9998 660129
345018721 408037834
939098656 986099763
561479903 727272264
8 644295
99999995 100674022
903797418 912078187
8 85984
613171303 617778067
99999995 100601982
99999995 100393162
9998 331316
394428804 789268013
98 320876
8 801207
999547768 999732719
938985774 953398836
39560168 994597976
9998 989564
9998 113974
523898775 918465724
343994194 758128133
53735561 707641297
36076209 429639744
99999995 100802222
998659772 999647272
214245229 809161969
98 24703
638330038 901230073
5659868 201422990
985694327 995506988
99998 421758
978756264 996475672
394214068 579551904
68850429 387932304
523536861 989863654
89067023 152112799
99999995 100130859
708868653 837411679
88386096 617941515
99998 637664
263136826 481428757
123583759 970090734
998 518723
8 592631
640636584 929330719
99998 784792
746320570 906620017
998 283563
952897127 953255116
919758555 955862747
98 911071
225672961 488018650
9998 546804
998 152089
994039788 998475752
9998 870572
74153667 522157499
11458732 184181593
59064020 894085277
89 696194
864741324 893237224
9998 329843
374073269 543853390
9998 755599
89 889805
783512992 949822251
9998 317538
8 433597
8 651286
954975894 997980281
150118250 743836829
715718020 862524022
295656389 569515512
98 593425
243662800 365166256
346834899 462531434
200774294 700400425
171441114 952724269
756803447 910599930
735896989 798777364
99999995 100698786
252113388 345222933
8 468094
70213751 923767070
562333195 941582307
8 81956
309273235 502107886
98 524515
8 467116
89 778051
366197931 921782388
9998 905064
8 563004
998 410792
98 962557
541170159 635672476
9998 764515
463184447 555156638
8 520202
99999995 100006980
509252212 535192479
99999995 100582724
263787530 332686604
9998 894764
89 426595
182230207 840561877
104339574 284787430
9998 186616
9998 601045
98 59706
649356537 895634815
98 86919
998 850753
615328138 714950620
99999995 100122158
900107526 931271203
99998 669634
8 413958
553409492 587672328
447494886 757694822
9998 182300
812631081 895280392
811621683 976798282
98 925314
998 495556
55769624 419442251
8 221142
99998 627806
801697178 892690881
89 462290
776819220 793065360
994680459 997803174
48221124 805524426
967980149 978147253
99999995 100009231
9998 994245
309085615 756985288
688158553 880956323
983636681 986726265
288688485 338970203
99999995 100541096
8 956462
195251562 385092642
380170087 838916912
560866501 895677397
21113518 451378644
47273809 273290750
918136343 982869587
151174900 259146734
99999995 100590793
737739155 741498386
8 667214
99998 782411
99999995 100645197
348275454 989047020
749957701 776854749
518322292 973381379
273906018 275787477
194471918 603783896
108324661 212346473
859974791 934222955
98 29089
9998 563065
98 917842
92674630 923025583
518358513 677257208
8 842805
8 606349
936569652 998642516
660148775 766476787
796458029 810269577
806632158 932728037
855789775 911798674
99998 558540
603293650 798497841
99998 951464
176012386 621389643
47483395 687787747
98 216729
920060360 920269722
374240390 733696772
99998 249197
466632060 861509947
968999277 992985663
568823161 702514608
548863917 875520330
816201307 964464923
313301782 731051296
259911238 524583556
89 696868
998 295640
657881935 984560772
223315485 894876585
9998 282152
632807239 831504447
950040345 968296537
89 860276
250532567 471304033
99999995 100989396
271793278 294671589
389190399 871602955
140253717 182181362
837830335 942897717
99998 128774
335877590 641172783
998 328160
865300104 920105170
98 459197
8 625257
122105100 240918735
99998 131487
331802504 808621735
18158603 386233927
346834380 521712072
411719638 934111255
9998 780217
339691204 743725671
683312738 907543659
657621298 938574374
152832295 952818526
952885476 959383242
99998 887228
99999995 100835467
8 894205
8 918383
277426818 990804892
99999995 100637204
998 691684
397791155 838504708
910256645 913666456
99999995 100912441
157908401 219311429
468607013 489237111
823890387 931367626
299434938 676485718
9998 800262
9998 923246
91587660 672786118
528125395 668723066
98 448202
596117048 905662386
980410142 995627784
876006685 877671583
222505444 553992068
388970887 954687652
509465358 539559411
9998 442658
761536567 766905629
998 396648
98 870067
232330419 504378648
97022799 542074559
54043946 567834397
9998 764214
325693094 553508560
998 596306
982953841 994917679
956639617 980846765
407022927 503293682
407416308 524859406
309134725 712104942
818482777 891728381
99998 1003912
632657871 893146389
225274834 815250675
99999995 100426564
374966654 904895427
851063850 896411918
694650883 845333932
99999995 100237080
143031054 688684975
8 124547
501335167 561515624
99998 1044551
639949194 651134654
883538593 905719818
98 561032
558409956 896550213
205855322 494705703
977594578 995229793
381336217 502236566
677116410 848820854
99998 717867
9998 805317
998 706886
8 870557
9998 160377
176570003 554707427
998 399943
671588589 844911360
969871488 976402405
984840243 991291617
131329763 828433839
118320650 867522041
195976705 353431307
888344735 943349460
748847233 992470139
928762876 949408083
908506249 972103124
98 606324
795231402 928219902
961717388 992350421
582621554 888333110
49509443 899757351
8 651206
771226829 847044928
99999995 100761384
9998 862266
471492814 939578017
981066813 983209252
472447089 595620067
99998 408923
9998 122905
99999995 100470327
760572110 816309674
99998 860836
998 866357
9998 687876
774477069 873807210
587892816 603262432
168856559 231972525
99998 900010
9998 12514
89 31088
195605727 241901807
231148940 378009196
397819536 576052118
206300122 471345520
694819489 799102499
393706882 966165361
998 326343
553611355 760538598
99999995 100550435
269509290 324104764
998 389833
982283551 997066466
53457501 781091291
933957996 945776373
361637248 650182917
61970268 343335966
974866560 978637161
720622615 775783793
131814845 648084265
445318213 779163844
8 854625
420551858 558566745
182732022 597650631
459585424 762873899
89 808517
71367465 781300691
260874746 687959907
812722587 968809081
374795593 711891169
961199009 997100083
427350115 821036358
576337 866525986
443235800 748892245
89 470669
8 910259
371160641 565330274
772813370 942597714
85424810 984324941
99999995 100281200
801711046 863285144
775059060 976778645
998 479189
595163186 795232556
8 45955
8 361308
617497577 972814681
431227733 740941060
295975388 960997379
699542931 700713364
99998 611449
437622802 667397162
99999995 100435855
180074368 937716899
169697217 320176501
458476955 533101710
99999995 100247839
478427268 933324044
977809972 998429755
35941273 419920055
269236243 359610391
563697796 904495991
489286018 774912136
868475424 911787642
771553668 966650287
98 416395
942603238 999951574
8 557088
9998 778745
99999995 100251883
464468050 863958412
636226315 749475541
8 314148
98 311541
6664639 639605455
815539687 948816311
9998 1006159
173178585 586582915
98 10962
9998 996587
374630389 875859315
709015725 831768933
623084158 856779304
258035160 262306935
574692448 630727918
63555102 875410274
558414886 577236642
773248424 880854002
750516671 779642553
9998 637336
98 820600
518489406 712302329
676935454 937893937
736895567 897214677
99999995 100891197
272589272 373496091
665787583 713238563
93404072 135431673
9998 1002172
367868602 481371091
678575439 788596738
99998 598426
145052884 202691984
188729544 352408262
8 164059
147181077 199550531
233589498 242153585
99999995 100728826
388045784 787497745
54076562 238621212
70554712 696770088
448165852 565669002
8 653125
98 435826
885462324 975578583
139919388 306496776
926278874 977121093
225577159 358387971
158855253 272825519
9998 736823
98 227652
8 96926
682056061 797293017
9998 691865
391983753 931888837
336443674 560991988
9998 716168
901987141 957203706
986860872 992841739
998 798900
998 32820
759106871 831584431
99998 158876
627211069 937975694
39708384 608584248
8 956990
99999995 100148068
99999995 100664376
213268336 900107518
490251859 849979509
89 768654
854387837 994987937
998 472289
99999995 100509142
777076091 820717107
133573269 472843317
89 535230
728798584 750015016
9998 180882
99998 170862
133726265 921489776
149450833 272785351
881676190 917721050
260522924 696221995
418420859 608821916
584849340 921542193
99998 939227
840166697 876385353
244520801 444976421
189084567 470682065
944399514 972441829
534190971 882242589
170094251 925098930
998 668524
519892646 731209627
521341454 661819179
299998384 778906998
111778423 321828130
961355221 997635704
416133682 714830930
707088754 820205860
181655647 300653822
337873180 946589201
583258433 794115008
644162012 914736306
232591176 647567790
328647847 427901506
54971119 574116131
550569450 633141227
89 119289
876670206 914383448
490121079 694133357
1839574 500940703
908283334 989761322
565871476 960981475
98 607002
387292563 572084928
960486743 986180715
9998 467265
89 408882
998 835555
364283671 888179368
806826681 918238348
298202985 556106735
963858324 968311750
74284128 516726459
673239653 891642222
712882327 983838882
998 396623
469755149 967438368
458620798 799456836
89 880036
8 776677
961310548 998991272
237323451 261553756
307632206 427736055
998 543015
614794260 752329859
62883320 190291250
663977380 996741599
8 370893
226529734 866677704
176476637 993062411
548400491 968369628
12854322 412540813
247990398 685553519
631183406 801391835
167094851 321008442
818442317 920384341
475754524 537745985
944894380 983748382
888439967 940806284
884887543 954644479
406734113 479482937
117893465 748128881
104231989 234016080
89 963864
89 494348
7705559 395270533
489069688 919440437
346086850 408478199
156702466 554806190
222911900 593435563
624870001 856456891
342675235 413035726
745863676 866152879
319503548 957128291
98817211 565643381
850980138 923374691
998 183940
89 623306
848066034 922970276
998 745466
199107613 745862793
143115976 999451457
115675106 256360190
89 717728
27874127 911179352
99999995 100595213
99998 850774
998 722921
510447765 915587127
391919539 835082917
98 510079
925099308 958473440
817463383 967090756
651733468 850965662
788939747 964627138
948653373 979008482
618836900 922868572
119412014 321730084
614331654 765848168
207406850 471542109
821721289 871172509
736685970 856267993
99998 756801
942539236 983913762
64682559 70793021
296109458 340923254
8 38450
99998 151664
429404788 829942040
99998 1063418
85593572 289890820
323084079 488893380
400660404 622675339
8 20160
274156428 718899052
352698659 783187886
975995885 985825040
551481868 575065030
124704941 548771197
290987870 484593942
276607291 601979557
161281393 240803982
99999995 100724638
182301061 819896743
142627438 363236264
395928419 954566616
765573108 889905831
810773964 814734969
417607404 799195178
998 516246
574108619 820575489
552423847 869673129
934847892 972093797
812369803 997285988
467679740 880004604
224457429 338515120
8 965295
573604065 963761321
89 684060
9998 479503
334385439 960691093
92340660 98651454
45694439 757893226
98 220358
718562173 880817044
292180788 782465756
99999995 100572601
451238111 717499980
99998 1060552
99998 263535
99998 764541
824327571 950489678
99998 212814
965454844 979577373
3869957 513646516
9998 611414
99998 623520
593717594 986715273
762617724 786901749
234854096 969100396
99998 557882
70672764 935335635
998 722051
9998 16144
798061345 889621491
89 946332
768429957 802833380
98 431819
99998 126773
273595481 844909391
508903211 733690367
378340334 510325633
99999995 100975900
89 974823
579161021 903599951
760539618 841068647
89 583860
358466692 792770329
90655540 602925959
960157999 975124251
99999995 100578335
99998 645637
667845497 832346824
253423181 276087012
998 147985
919435253 996396016
99998 1062680
689912626 780371003
116567184 734189133
177670221 864450135
998 286531
628070626 657480904
98 426526
73528261 107680176
269242968 486990123
919304000 953775460
50269124 680354682
321037149 851946132
998 798273
648185508 719799337
691634918 700495803
989346925 991894946
20668438 911545205
998 867202
201431613 905903307
590403804 644278028
485423867 880280049
116326256 420602799
946113799 959909653
89 118670
418310599 983947913
99999995 100218223
98 329636
176579943 977697140
998 778618
938552504 972148612
219048597 711321462
328511673 812681198
473574048 977351543
572648868 737647415
99998 763495
889283274 947948922
644809655 651973816
859472543 913997134
73827771 551077137
221317858 464896689
374684676 873281734
583096902 869067415
397055424 727937505
611711595 944400045
709725608 846181230
886286724 950862554
866928885 951791817
579746365 913632865
933531306 995022479
959117147 977301557
998 371848
436017783 532796424
406643877 936615768
520799407 684030779
348135309 779428754
978511915 998039110
948644764 992563897
883292383 995382606
351945999 817222677
98 891416
818566747 864925743
89 968047
98 596100
998 968691
98 915998
968563066 985085485
267660580 601318496
1351497 819274053
155206580 312143232
8 72676
9998 195232
998 860639
469796256 776041915
701209936 822047466
830372149 877410867
98 368036
8 247885
99998 814204
98 416694
270084681 384526182
160605225 999735144
89 662454
270146270 691547237
617532398 895729663
915795491 964122784
9998 552845
99999995 100264416
907613059 931405439
299263561 323659233
429302262 850890493
235338167 714570353
998917312 999202563
654684502 669303052
8 882128
998 269032
10135992 152919468
9998 535154
968643860 978442591
697598208 891362583
122654243 912349158
802644105 807227112
98 476759
998 753752
9998 981108
89 730216
355587747 631535824
650699311 835076302
415209452 650632512
13047424 438342543
12281592 19465597
8 418829
340618876 361015881
64075461 536853172
688714851 971562092
9998 177781
659669996 971098775
679078817 932755339
453445484 836424908
45504987 222672007
98 151480
9998 125969
12643476 913091000
998 916656
889967370 954295358
764663994 977033983
762372650 778271852
8 633667
998 359563
65608143 536629576
70533451 595253343
909084765 935637311
602384389 905366845
443689014 646967418
518360473 981031919
357554534 745911458
482044378 662339890
89 30148
9998 654993
752421166 867240477
539595571 954787243
561766357 833890443
867922643 906494149
12281938 608800000
58960790 633480807
8 780114
99999995 100262583
889258667 961519489
99998 417854
99998 716703
99998 870768
998 548012
8 834868
212127888 644532506
341171631 967743633
998 594996
894083197 992482530
998 417599
772818472 822310793
697416629 870370477
42349600 681083692
8 928360
98 461301
99999995 100066236
404021121 412577664
362299848 637817603
99999995 100738377
165491744 459021672
98 188965
366061819 436209669
905921264 961883583
130705152 653722145
99999995 100605986
998 535823
840725971 939875446
8 763997
320052172 610470501
908685157 944668875
611389378 706607493
586324435 663048692
368555072 696930206
9998 353381
831606538 897753004
90045190 250449551
360671037 846016231
131708241 199580659
417397280 678744223
674879054 810365305
99998 310689
316561540 694815545
99999995 100294624
428560683 774472861
334347013 956424702
800870658 825561824
89 307919
998 86550
832964606 861345804
490843765 605941307
998 788214
696286433 861818362
335827678 996177762
575114731 859135264
127466613 964003184
337625194 689175437
927729099 935202616
99999995 100199862
341606642 932323912
70029286 975753966
547252441 832477085
517264490 557993354
922813704 945579070
89 820131
937914805 941222624
552102489 606984706
8 813521
268281234 748415663
99998 629389
89 747874
98 754767
8 705691
89 107742
99998 147925
780863246 874474735
210956128 750901330
166994537 303615070
483022693 795277235
348788195 652743915
774480240 885587365
8 827303
8 201927
998 389944
649468497 786564094
99999995 100057731
617137506 907039442
492828501 502916346
9998 742437
690071045 827473656
399688847 840023662
322773062 682196042
480764420 650901002
407428890 785188823
986840721 991946394
781061182 838339673
438875383 891799721
175001578 698331336
998 631750
98 338689
9998 316832
267671925 523908442
707987964 895709936
110549466 401060519
302164766 978067472
578702881 890967709
17041279 415507913
112720954 520237102
9844183 796082305
532393881 730207164
249235328 532361222
882477574 936458829
9998 967857
401639344 798937134
9998 902788
9998 553219
36384181 119680392
806130969 939624670
89 723806
78582377 625082516
67616556 638089026
494779214 885570357
750302518 865311536
8 329716
99998 461065
9998 534836
8 858270
843590965 916844476
98 185787
938681735 955301320
74174055 264416016
809936696 951504436
206938222 760281135
355355208 555509694
40962117 281837522
106582126 979930845
89 197180
99998 308120
903637805 996044978
98 60666
801524940 981062783
86966815 893509996
8 244710
506793531 995729371
99998 841109
297880305 932772316
9998 532251
99999995 100391813
8 306161
8 984694
888046588 944924485
8 538920
89 427484
98 39079
99998 207234
49903761 414670103
432627300 454114289
921826349 977482909
606199678 891584402
285941047 681865493
99998 588717
50880309 724622292
9998 23514
912759096 918008534
418373896 666613429
277887210 738877279
99998 277929
986569690 992611032
727898249 789959779
649519138 899558484
467262381 507919116
495148647 878441547
998 219243
687008616 813319986
998 109050
997139213 998875740
973379145 992495992
98 882612
98 169601
89 990090
155750123 412075075
448991356 981423510
521915353 652365186
748809640 787938251
767651657 812715405
597970745 913440144
779559109 823517319
338666067 732641021
99999995 100933379
99999995 100960372
591577631 660744920
680903141 818572251
177827642 576968242
559142442 769067855
998 338147
944834784 986266804
998 293920
188980307 941633764
727174113 738923424
652687609 777158146
99999995 100900072
417116270 549969023
9998 943521
99998 1028220
704671237 941446443
89 461410
313058595 492151799
99998 925816
453999643 554156635
275310070 643483363
998 173248
862486855 963604199
99999995 100497900
24993603 273010619
9998 197445
857516382 910326075
98 828126
41030762 576403664
814463049 910712498
906874121 982262430
9998 461839
371307199 773189284
450546842 621829025
746928815 841476322
724110488 927607318
8 970966
637763425 803034197
9998 337844
98 322042
304523857 316257874
99998 417176
96636410 522319370
133691995 418479764
686738321 825025566
998 290317
99999995 100768532
89 406107
9998 49969
688204260 774602250
615396317 757413092
149998131 292223497
17268871 42509171
8 445793
487272066 645648019
990034249 999973125
299077923 840849821
89 878400
99999995 100938041
837819213 971536957
360047655 725915037
9998 578231
998 575984
99998 817108
99999995 100125917
797804723 963823826
548685733 660870568
259129762 727612352
597049262 678379197
99998 865938
99998 740275
606149805 844669833
463476828 698315152
454470862 517194554
98 725574
98 954412
842741867 998191609
302904670 605255245
99998 998565
98 766071
99998 627297
799429236 850656800
957799925 973466494
385118975 751120520
760680883 974024843
374009103 900352907
841978616 948377984
994249076 994902951
99999995 100729412
408628323 756819523
577214743 708315170
99999995 100613165
658633804 879788753
99998 212496
61405370 646270415
384017158 683912314
602032031 869795765
344128510 670660391
573547060 838983208
877135129 877544925
99998 906978
99999995 100614329
853993873 884830432
99998 1022411
2779737 298377378
98 242098
920421497 939796585
453864680 665206495
98 424163
813271030 838238542
9998 131394
89 283677
935050600 941116551
99998 184452
58820358 929959755
89 686784
572151675 980323659
106053450 764080386
481960505 706787998
718931459 971572066
998 926871
678853671 798244590
8 489270
658437718 736339183
9998 208637
594979754 868047360
1547361 582204041
9998 423898
124406625 896865670
405926492 900709762
89 434518
98 327381
98 99389
453305265 829959920
399564271 489866911
533611065 941230231
901511131 988866416
726733794 887392448
8 926798
998 698719
334802257 621337216
788343332 995734450
474532655 604463142
349918971 629749779
99999995 100601132
595265843 784210093
616852129 818071118
116957238 934331754
98 229682
696951749 994366688
9998 263759
843889860 966649340
89 809625
998 92947
276458800 426750809
762041181 831197379
282656066 667889125
624221344 758423869
841427621 928474152
409366923 685863464
959536445 990959447
732636969 866359488
99999995 100671983
117403445 928358898
998 574821
89 86034
998 641153
9998 860769
456596211 515628850
300066634 950821343
696356452 857807893
35018066 995161758
423363084 765981197
998 690329
63531247 477769761
842089012 955410988
998 526849
998 233221
394975182 776968861
820933322 872229963
82574126 339704520
8 413817
98 820910
721032517 902361326
89 134883
99998 413442
9998 272055
34280459 969726398
172763483 603567607
11355181 745851557
473846069 541797580
989808161 995849859
9998 940997
9998 108702
998 626448
897250729 904400134
162269265 355154852
956288213 978449841
9998 409956
495783740 881959817
726133283 875275805
998 676595
711198878 726845482
760448667 907292618
839827755 989938301
89 419385
645219069 863826485
8 224652
998 464315
117483816 299916133
301368755 808211287
800766001 882155981
310198832 885456566
512591164 554792346
98 619665
9998 383154
159468072 858363722
43326499 115594263
9998 401963
528451907 534962606
898959925 942963962
164268572 854806176
572386123 854124891
766482337 874816108
635264926 846855224
99999995 100063609
98 588654
540710950 683633019
552989609 885622511
89 30629
701957595 944003504
9998 108287
518527486 536655897
98 236332
183629196 432990360
659163576 789899960
89 92370
599696253 982605023
998 866030
952948287 996358028
8 630072
8 182076
9998 45018
98 60068
682924274 817046094
224542105 650906562
915625057 970521400
812818488 982332014
414330104 893915198
904345243 970915807
667916079 706949615
613961056 938563010
645325756 669078079
258736401 573019109
319645134 997822047
89 889354
383965408 944737522
8 31568
60639120 347300245
99998 425727
99999995 100964828
608664948 705742132
99998 793817
10153332 548054511
46415384 516758055
388389468 977484284
443358280 607443069
707424858 840048334
480348045 905504460
127648858 588036449
978407200 986353936
24341058 116970269
387310698 733370024
425882229 502815918
848028143 885236256
299906611 960842877
521384221 633915738
589613585 715791621
951200578 989919227
28874262 388587404
591693182 626156404
761958271 989790724
36341442 827160378
89 185406
98 834228
75189984 202348874
780692239 869406822
486328364 856992656
584049436 907566872
574372646 747014357
278993041 969640040
216954829 968542653
392632427 925540788
618428166 792796764
956903277 982888034
8 857879
99998 661399
400153504 974483268
35112472 438661191
9998 500493
562148438 619794702
92650296 714362995
927486689 973726315
518568615 995281109
378581076 605729511
454223067 729751321
99999995 100058129
197422234 351639805
89 426142
65409004 658003621
990772836 997541645
98 168376
9998 778009
716482600 744449823
98 316340
8 950572
98 617980
89 650431
9998 521720
9998 670558
998 601910
99998 335725
701883929 951472031
98 697678
998 129338
99998 174037
89 435979
590469086 834542344
331801166 757266516
9998 801929
651257339 675969485
8 196252
497063142 738031399
979016382 979421643
501868386 913475327
471589992 964716759
9998 169496
8 602516
372771636 721840799
89 168167
933730656 963289552
996714799 997664361
732568384 965772522
8 55974
99999995 100960386
865043500 889482905
717627381 906975668
752136114 809034360
998 528403
265111979 776111010
89 530562
160293959 335818533
789594470 970689114
922514335 940178868
230918548 805198578
998 380604
99998 857408
859530677 919295983
565017709 862205208
204867472 460689221
707431327 725580581
612963526 629827664
314096459 599917070
879604172 959450712
998 868915
888216073 912519584
89 870221
99998 1025512
99999995 100917627
782628261 837004388
183842137 752992400
9998 901558
894905356 963644461
604212448 961256378
831119316 854026504
99999995 100103669
36614243 520670841
199234578 766134872
9998 886515
396083785 744377596
292720371 820513968
81321589 849030328
998 521260
871903367 949790008
98 128609
87005201 838539379
7803616 373632522
114038935 174262096
998 508261
8 519603
338300869 711799440
556088022 624734485
933133129 982140566
591991903 787433188
734705420 835863941
922369052 968255237
89 422142
99999995 100269906
118310846 794057762
998 481543
1876389 862963748
692569778 877430257
9998 951354
914244234 970333552
99998 909246
896057207 930276922
99999995 100845376
438104223 809094339
197537545 606102370
8 604773
98 181051
853527515 946159490
89 83548
470165595 839365294
570497893 959158532
301506319 346008433
98 607597
8 390928
946825251 978237388
784348614 976463359
252778202 562513522
9998 479495
976855638 981718050
833741711 937432477
8 733750
693194041 918979193
549263239 807518535
322678384 812952356
496225156 862515034
691173497 874741253
99999995 100250797
89 768859
572998558 793278881
670050747 681769428
777451649 924379954
8 383834
98 822917
8 711431
99999995 100906556
331840096 988734737
89 456974
308353612 787653704
831544406 994635035
89 224686
98 333107
9998 720892
9998 768304
62814497 223890036
489534519 853671553
909758999 961073729
98158372 238966504
952937429 963853320
99999995 100389786
88663447 165635338
222594155 645115820
8 611462
440113830 551600432
98 169747
99999995 100374425
176857765 706640235
150424515 929908094
194600777 383090449
768939413 836072880
345174733 912122303
8 144159
743547655 764373620
99999995 100458603
675344240 819719813
12210615 152185080
644238589 963549175
9998 715107
950688765 982899102
998 914481
529124518 778131060
998 471979
379832392 731869102
20795273 584422381
861659990 936043095
460824607 971323816
511160561 869460908
99999995 100380341
44687380 123188315
127124403 175423364
8 179456
89 278443
860723141 911984230
503466421 979742436
8 906124
453984755 566071651
624653379 966138430
661881611 923321968
510123216 812127330
27204562 637926645
9998 321476
113972517 465342286
990561371 994523129
234646278 428505796
360902279 427364695
8 599073
474736645 685851702
9292431 691361594
998 173916
188319043 663848287
970031126 995279809
621963195 942614133
998 710706
156526101 710308367
839459074 864185282
177710857 739464560
235831305 664933455
998 404486
202976946 485771986
313871521 486575802
454437392 518443927
296095865 928928337
802736907 811478557
81814662 688845327
707517696 865215908
8 223068
99999995 100378459
998 519880
778186054 884550460
570145418 715009629
99998 551372
187495439 198439420
98 129699
64219543 395529463
99999995 100123124
248745343 387665763
909076643 945786995
587106280 679849954
369512298 859681200
251954435 672212033
401495571 963539966
829927065 887898951
47111607 630969115
998 316180
246847573 328462574
998 419063
702640493 809940271
232761957 893025578
69619567 83849313
489546998 773734090
261727177 537243430
338600173 897092326
447844214 534205140
89 680227
511280489 719227353
89 725251
998 412615
421723786 986370936
381467535 848373524
189141418 417036293
89 689504
99999995 100527077
99999995 100067865
740049706 794416574
459036238 860416366
89 696071
669708942 780296914
8 835613
704101361 852330986
998 409103
9998 567476
715888243 832595778
443201618 551070140
8 895600
8 518624
99998 162369
99999995 100126454
998 801201
196071500 804406606
678946524 911558003
8 303886
659734789 744188936
493451526 955993969
481369891 730454500
214849465 700568185
956807111 969412378
561613317 803242650
98 17568
931573324 945733790
974615719 986413443
914904650 957005225
98 832667
712536866 815880012
998 455718
156053198 786707003
512412902 991531030
98 320846
869998127 945083202
99998 641046
8 147227
99998 208937
9998 141690
878642963 919496012
365283085 518718027
579545066 912803882
99999995 100420789
9998 944083
998 398952
981718550 984800543
183006413 195717874
251304028 575768596
99999995 100616020
4946112 866022283
68531736 508901691
65033379 339186849
9998 905753
611860100 959941618
99999995 100912422
885738441 975271915
45745098 218918723
450576233 555038264
98 754365
762577865 963653652
9998 469228
392299180 664153474
89 472642
98 3236
689478999 849548513
99998 812128
100834582 688607449
98 130909
99998 933221
998 796265
84042570 574170401
782371937 828163983
98 797387
476682350 866504971
8 761173
89 323014
366564427 848939743
820051452 993627744
84388135 345538775
98 488924
55745312 311312181
831115656 886883190
239226440 602230187
89 825075
546378971 990883141
99999995 100540709
99998 998596
98 969733
911620018 967757137
89 986460
99999995 100914941
398326354 830206946
98 607813
998 604028
324030908 805243760
99998 1005269
506743131 629874038
747856074 909416349
998 937515
167350197 358007401
99998 532353
89 876301
87569790 636224054
487719963 559635534
646467938 717319972
586044732 695327873
9998 665342
952554500 953116106
448061226 486771443
968613753 990762059
292646784 825827421
441884852 879539940
129967116 782458863
87169394 717995347
998 781823
952597698 973647757
99999995 100236768
845611738 923298307
838827929 996139787
8 54106
912691536 973582091
551731937 981961023
99999995 100269774
89 395062
604085617 731129546
99999995 100902068
214998740 739329382
497437116 847709269
99999995 100687880
849952670 920712899
99999995 100250876
9998 576239
9998 889883
738486550 860990781
99999995 100906021
873854944 951347263
758704400 826219811
755490552 916939475
460282744 619041407
98 824617
98 717140
420331980 528703029
89 922035
709201546 844273216
9998 976908
89 673758
254393890 560972002
814003033 985116110
635038315 912342789
788829681 903062694
858227062 985955988
8 612308
822258152 952351703
98 675827
99998 558742
589559610 787146544
162117941 651997436
98 836816
397452040 830759678
98 855029
89 526624
43262099 781270705
304151625 527744100
998 857951
525852776 596412057
709366374 818011142
799788410 813268139
89 148412
190412343 953053027
943272949 960822229
232651887 354514277
99999995 100795538
494236081 930068739
263554467 570100442
474517509 873072625
129067357 742964008
89 148673
58814488 839318531
723750993 979682464
99998 602874
9998 872591
150818174 601633436
548657092 967715283
611228818 710029295
661778141 725251199
9998 587016
478988569 966929719
8 244228
99998 472005
610659738 694023030
98 491793
8 807800
109132499 375422925
99999995 100295330
187303263 243861954
919041259 937557574
998 781488
743500854 758497168
98 108200
998 215611
721968428 929798333
556755081 789425861
807650139 970439943
285917381 318814660
31642643 872652617
387420538 467795094
98 7866
625686828 655021752
998 532434
850387444 980818598
978839261 997203453
938154810 990171010
753847409 987260528
9998 878213
89 45320
752234000 773158501
998 883898
737159815 842421784
89 410667
886950101 966065521
89 677604
949173612 960621676
631202473 644366946
324411352 990623899
938426662 993147720
907434366 931075307
99998 579326
333711483 824476002
624345814 938283284
9998 936657
436141448 876273283
9998 734156
99999995 100267753
9998 903330
563931280 971720620
882231778 977182302
8 584498
384844819 776039546
89 332286
998 8526
728827964 797445228
89 432878
56752749 241088654
962510669 988556878
121719973 210770788
186019488 190594218
445510675 729505051
98 977365
680439271 897729948
764247632 950535969
386993660 639157725
563760064 731887518
728363240 849467093
8 471501
892198351 894281252
98 388437
907464962 982963492
983383921 986345909
32882544 134995721
99998 938593
99998 639571
953273409 962986434
8 213688
295408535 504705928
114695735 802130476
98 584848
569675035 655680972
597461177 848994572
280777816 347194050
410856246 584235853
122292574 595681488
357971624 925726508
625594836 827594520
862925071 865493510
99998 159379
232085404 816239774
546404784 854557491
9998 968717
375844240 925224969
39523548 200596084
858649292 879821815
214103418 953844998
851174427 978657852
89 591792
27816489 835929883
931867225 996635468
936324402 977289704
292980547 871607604
291151729 806923329
925523699 982810830
998 819534
385212741 929178285
147710614 707125454
817471835 854538049
98 134948
264863659 998415219
8 801489
592686776 934163591
686783317 761355455
45535292 668946227
135951804 304870972
533766440 667188810
8 855056
587451045 659818490
523070256 857932049
998 743373
699779188 713134189
452636328 958805363
259268585 897887139
555144520 557108799
137512340 585868516
89 524
279970519 401874480
99999995 100640854
582285148 678271995
99998 269983
89 440256
9998 412636
13507219 764318756
26515662 897982195
393632673 495502895
9998 765011
87767960 680021924
653035801 934125366
98 800530
98 280793
396146110 452854217
778540509 875507817
196843276 344236373
301055624 882121823
89 248055
998 318312
843232931 951220533
998 152678
561673219 589709845
99998 675062
822145770 874277072
99998 655955
99998 955885
50462110 810208524
99999995 100267657
211570795 536694430
98 475184
9998 281291
9998 232299
99999995 100588956
891248526 926581953
849279818 881095631
75869174 945724403
445903317 684971753
439547396 722656752
8 891151
354464033 767057990
416985879 585186343
99998 1064291
573475217 824840655
402566437 997862249
309914252 449998874
8 70879
263419347 931154402
405483000 484051567
53014519 944498995
848168187 850477201
9998 744613
931490250 961305279
413973173 500827797
99998 756746
9998 236667
775923059 798723868
737865384 991536318
998 65968
99998 189314
30963778 809947715
766581060 789801883
766851895 907472560
719836070 766258485
99999995 100028442
99998 374278
645142632 801081767
298954013 615677021
770901974 978125863
763463540 961230837
373334148 577376751
9998 50739
99999995 100651287
425398945 861062959
184727086 578112545
99998 1009532
379640008 554833034
99998 558897
872481165 955038122
8 781637
23601037 938198774
675692487 932171518
494456137 868107939
166542690 515670240
89 807817
287325028 553846411
933516897 983280500
89 589737
998 211869
907737386 979059047
9998 299983
98 69929
89 584481
953645652 962287535
149157519 589201739
298003964 752405622
99999995 100956204
89 677010
9998 117562
610315333 865914015
462560278 881222506
728422314 825644068
8 690416
674509380 765947558
9998 645962
408478732 885815557
468999470 607184606
998 722212
99999995 100175450
99999995 100388649
388146056 632300974
169827601 914178015
994906753 999416447
9998 435021
89 725845
723468256 873937510
796117789 810657978
932380858 985876325
445075516 988436521
165240984 502964906
998 743300
880515455 962855629
9998 660181
805493578 984734174
9998 309017
770420338 873392818
8 723099
413385270 577876489
86399673 722279454
98 121643
72172560 866446129
850179242 873425207
641294426 968784525
755986776 818658695
858659493 966912615
89 339764
240483517 271222781
541970272 744013867
773043890 969186002
787843336 997064225
97784388 304169283
9998 366640
248366407 375702090
98 37731
98 616738
593129625 810636739
8 177851
443473234 785307225
18108775 239043397
99999995 100065790
233840550 340563689
99999995 100820076
99999995 100088632
43803202 165258794
135639882 815026823
962123075 995301884
695060870 985402555
675979224 997300442
416034648 582009647
499982005 935276758
99999995 100438873
99999995 100150372
998 861651
616477540 666916196
858473945 936267744
316789791 555344350
971836391 999164631
99999995 100026525
530486691 786798678
99999995 100141037
8 576067
89 387478
400879548 661777606
998 525755
612688678 741814239
6825959 101156926
99998 532143
40262780 527811179
9998 980314
202425858 654088254
929993180 978055079
247756475 817321270
8 390344
395169505 625317086
961709326 994257581
983376051 997141542
105857631 910202989
990164089 991415021
845360005 874272467
998 151354
9998 280734
401845514 604895873
99999995 100934561
99998 829059
315963 176619888
99999995 100401176
998 160744
676937653 793599431
797155219 812965872
49558245 194369200
8 346710
8 26095
321880643 882121843
337756140 532285724
8 686996
156492237 471344981
8 518780
583889472 665289944
668334645 776591118
98 997388
126914019 424542349
474494567 650230759
799071065 851284115
881058570 899087064
9998 979847
99998 1067737
998 234702
525039944 598526304
810927790 905980508
731023543 985263468
89 143488
447178088 808265091
644371433 808608602
88443724 782158220
105547952 944070739
98 116812
111753300 433770877
994711201 994748480
461507308 812555064
89 729068
332024238 899103129
678877728 696564865
432953098 973024162
998 297837
387916801 396575279
84375943 148074716
99998 572662
99999995 100648287
99999995 100080713
894298524 909821889
169093009 423844594
99998 566249
861607845 987478098
99999995 100411647
709850501 953628715
494297306 613283205
550075318 633270248
602119355 954062842
408754677 631642337
99998 497493
160609679 952363397
958242047 990473825
9998 149988
98 933593
303541464 779955327
794528105 900331607
998 546801
89 609180
55466092 580118066
998 484071
852710155 935599440
999754249 999979379
97592791 824822334
99998 481840
24561591 76188441
99998 856815
9998 456847
934865441 978722689
64219430 489658229
89 764581
98 469698
303877250 553280507
89 911643
946122550 996040067
990841564 991767627
99998 284864
483992792 904606043
847881704 868177404
469623792 636431527
29115101 743023859
879682022 988629821
89 778940
544070164 804111787
525396354 850250421
998 631101
138976521 577756454
295568246 878297513
9998 271136
878137321 943938802
927820878 986595441
9998 546192
419318776 612925349
267274921 879003570
998 883131
998 923690
770602079 885713619
771536283 959970655
8 77010
112334799 752427844
8 172405
89 453071
838014120 949623700
472580443 657208009
546879047 796766742
99999995 100688558
535600783 795821255
99999995 100291940
58361835 769247447
9998 976242
211209112 863641391
172441354 913893266
603102103 681553341
127393234 594460770
99998 1071157
76241945 370544109
930603437 991097619
927402686 992091114
986280117 988544949
9998 518576
249209886 821930893
9998 172769
34373596 526487389
29394385 862437723
454859575 823641366
9998 178911
763795092 925059696
760591130 853254453
947197034 976221036
8 69629
874991565 979222060
696423570 880879959
840170479 955640029
99998 406949
890960784 927002215
9998 823658
911769663 935014620
40743463 194194963
762543287 773284323
9998 655349
478215318 931141609
89 317490
695701979 839887229
99999995 100573459
187959557 899529091
438129715 466334690
280271810 622134312
98 850531
971121166 984389656
755718691 865261533
967277361 982382829
998 666516
998 725859
606412807 943098449
89946982 386732965
422286340 786583105
440941767 652454957
9998 790022
8 664294
789403439 904802278
410413004 555038836
40730161 391654455
308986219 847312684
118122022 952202873
998 398689
925552468 946003508
356319524 584745501
99998 692452
4687683 116232839
406487796 880695623
16180140 500333266
453033324 752741597
99998 1048949
8 10245
286488093 798897486
851052550 924697634
8 36353
3582815 708172523
718872740 906350347
781981663 910070884
877242803 965475165
595985447 890612504
998 804701
140728011 410450093
533027433 943776728
9998 108252
9998 617785
99999995 100326076
952534629 994831462
99998 691012
983053445 998237071
89 477160
998 532926
98 43181
99998 584509
876618499 965226558
98 937879
568658624 877331131
823726130 943677839
167979618 607449369
9998 307456
99999995 100228334
269547674 644051667
118067360 541407616
356083243 878795791
98 513407
89 671491
357964773 366052094
9998 650491
180784604 770759710
89 42175
3156352 829462910
197860704 370720506
998 393199
99998 356889
894745979 946297126
177799161 759889277
99998 413781
64135351 950386840
184956352 335947267
48890380 968805596
550539652 774887241
6361765 815977562
99998 605962
383259504 700944017
542728205 804414404
71362991 393022573
89 259414
890077085 988985341
652952917 903898155
99999995 100924431
77816345 503068283
89 626165
99998 962153
830291053 943914606
253122866 285776395
259329762 813744722
919192836 960607040
99998 931747
87812151 321744022
956534098 992769207
98 439361
610823021 734419246
422885000 757318972
259111018 468625837
238216474 866814737
937904513 988703641
99998 275036
8 812206
511415080 599798446
998 705173
99999995 100191255
89 320596
8 383187
98 976342
912732489 962671040
315013318 363191071
99999995 100538639
906148572 913509172
998 387076
89 460107
892139009 943151519
99999995 100570241
68847944 488914200
540567570 656913609
8 212652
222572606 754454126
99998 957944
710517107 834131160
998 217116
872254635 970731720
9998 867029
634162602 899774074
595286644 915492188
998 970578
8 67530
599596578 807506713
98 736735
99999995 100056086
406842674 459814036
590203423 849551779
98 391271
743953154 962223122
501731155 700793057
386567404 619547505
9998 599704
99999995 100059431
228264624 400599413
89 880457
74929299 986890866
347814003 419881843
12799489 387681288
507477788 762773307
983132804 992077169
8 711828
984991400 996160535
8 862919
942401829 970739395
474835971 841362431
309877327 636187298
201435365 781551934
171329807 916604550
9998 54541
8 383318
9998 705203
721353291 934240833
74365620 574497015
323276355 918768234
737652648 803199689
339550208 514407052
998 95482
767851637 971235481
777756010 839905282
98 62879
306910851 616615840
99999995 100447095
570004904 807143326
17450663 420933274
119705602 495544771
857865983 889720161
329503182 894629905
99999995 100286595
99998 103229
571840071 756951769
998 961629
803737759 910573075
8 563377
474223291 660077972
785903859 790891735
16764488 481917754
8 872514
875408983 969815347
599422811 645934269
118542488 816013896
354339551 537946570
480550398 875668003
120116439 824070122
490981260 904346891
941732859 950070006
670109316 779526319
686322121 942070601
9998 409239
437311726 828110881
381149509 381948537
284051077 299699764
99998 552163
442614344 714185408
339592421 925237749
6167866 851555122
6058718 542022899
382328301 407137327
951422281 982836625
826226359 934638588
35310117 49747666
8 887682
623669847 917396376
391669711 722467042
324774502 564661157
89 88868
77515807 345436183
8 360805
99999995 100799595
309191102 891390935
172843752 558706577
99999995 100373782
99998 342700
722710081 866634402
99999995 100846962
249349401 972317295
926300370 982190219
470302760 817904918
8 49020
82415192 729939908
9998 979487
780777936 981304272
9998 887924
722821110 897442111
562597601 614778584
99998 131599
175929185 846708475
845639597 850192709
839243719 989420546
225663100 565834797
623776994 715040275
129253605 930820168
620923243 844762593
9998 274337
598682583 699512794
652866546 843387847
99999995 100859731
998 3656
45608835 644350474
361948352 535008586
767678807 909390423
998 621592
44610137 543797844
675610031 729784417
246358174 653051001
99999995 100960347
99998 769204
89 606113
98 583625
98 600300
891323233 934959024
388997583 998681387
361158554 499643475
998 655418
99999995 100372421
61348277 259764661
772112665 834297061
865310724 958248758
608484529 732708827
98 904843
403229131 975337671
434112917 907579629
372819313 841252130
998 15277
998 80070
89 509477
51952646 848664673
234863067 808370487
494622002 638475580
431961445 497233430
99998 391900
998 362082
99999995 100727291
173562224 976541076
190683626 570354096
968234505 976506649
587750320 842211867
89 449849
99998 842860
715967315 902510920
68585573 738002506
8 138318
8 806656
9998 978096
99998 670317
242839039 699508619
9998 898434
870695171 898992929
399045345 436853599
546894964 703707999
942108166 949115690
940385340 984864124
561007054 861027477
998 547706
238012396 898968741
277602027 450390366
167989262 878445656
11618856 527711967
99998 433009
98 242144
89 248969
9998 329145
20344010 713671877
99998 246583
8 748350
865673276 929879428
99998 715466
476757451 786545878
958976943 964782399
99999995 100980841
704026803 861637772
880030342 973503921
98 39330
396527086 944149006
99999995 100171474
565004307 671434429
196090284 886613808
839181791 877524465
98 973942
8 872287
98 608253
336732305 897735294
976652443 993808939
933345633 984744849
28178173 742610932
872364577 932910353
8 29022
98 448105
147688925 684225329
99998 174968
687082391 699906140
254525633 954958432
8 41005
761956124 838331202
129344884 823928483
37698094 588680222
99999995 100576988
8 999661
98 629153
851958192 913091260
478598343 750328547
535264553 644173511
993589531 996012711
378604523 685378615
989657839 990421512
598058060 605305859
8 110767
229778636 467792397
857447048 995603199
89 157876
173466437 232512764
998 38920
99998 117626
98 478546
612900889 964340958
99998 214604
998 484115
835094182 944659384
998 204410
765529744 809286706
777162791 832610509
187853232 719035200
808150052 831709243
467992511 898758160
924235649 963508926
896596228 921761598
99999995 100585927
8 154082
998 730767
558938908 833403423
650583746 810027080
109612002 316657211
8 861538
99998 608981
998 578452
98 45618
99998 777646
592116959 782909367
824400870 909064559
89 862925
8 759635
251976941 541657255
8 239750
9998 379665
8 308377
998 162019
504106368 857791965
556013673 631712433
99998 485302
879331517 922199892
492214147 714282823
98 218608
784529188 906757821
297228142 393491924
981600722 988510629
31827164 815084866
99999995 100048193
198502469 827345408
799131553 954862864
99998 546690
607457462 617764624
99998 509264
98 229382
8807775 432154466
222912627 651393262
213135733 900521067
754823990 801298163
973248949 989609228
200054464 440098693
334046545 334434117
99998 509981
207308900 617892285
990478661 999115473
822460227 891847319
68792313 720603334
755504478 815833563
285068721 703882620
724167129 827451938
716231028 742509216
943079524 969015452
599368954 955787162
9998 833543
835537826 837915107
99999995 100467335
8 645643
905708167 983295675
306600474 998941387
925776852 933237492
98 47945
99999995 100609056
824018972 916317986
98 258991
8 731714
89 506489
418085904 806691975
994372747 995707606
8 770585
877944958 886505899
52227652 703035324
134075994 967318356
468310428 559628950
98 749885
9998 106731
944355730 989087552
256295036 704071769
288127354 370400852
8 419106
130434267 554350104
860995259 949301813
782462284 958577130
688282312 715137132
98 900200
65638246 220372310
9998 408038
24613792 152946896
933349343 987141147
916679676 977236428
959490813 985316817
107596130 464966184
99998 657464
998 218838
812434946 959757857
8 810547
767129111 980269563
8 61455
428946605 539535491
813402216 889169007
768493705 915315631
159650552 464378281
998 929054
98 432866
15336538 801292284
902649276 948496440
98 775168
9998 961112
89 359163
396628693 707832612
183467133 859266677
545862011 680397976
133611618 516506563
9998 727023
283725229 874722850
9998 721179
794050193 966330099
57093579 539038104
998 259982
8 475887
533721488 974705732
9998 756165
232652421 370158861
675119660 693791373
77874236 949815445
619917408 716934977
434396062 448264819
252702118 935159445
98 726389
470066854 608105613
99999995 100439611
652653639 741777130
8 828352
8 838655
98 843817
305419718 362244777
98 483634
98 465302
998 23368
902298838 992905245
938889252 965873083
822448638 920783800
89 322146
98 353891
590986071 674231624
387436143 408497977
910541867 948088912
642692961 802612181
998 583845
528772368 663201965
385305944 826803258
99998 900827
98 733402
99998 751158
245726338 260855734
711120663 918310414
931704874 991875111
941345226 956865238
328501061 592912858
611143239 708465400
382566542 607936583
2087621 277176095
218827645 658969577
501169467 672103997
758018855 948460570
99999995 100718773
854130325 874154995
440009246 441481888
99999995 100723761
119226724 423421862
864117897 982895061
99999995 100282587
9803932 385242420
89 70075
650594845 850339093
445355641 652876865
751776637 756262498
92983874 631752445
606444006 844740857
548977559 666838646
646339500 687716477
381752144 643056793
505523415 786269191
98 124617
9998 364779
97445359 99276320
150102313 531665423
74314348 479030712
87771782 592108592
558982314 823733043
219031961 604736421
8 863326
998 153693
251500060 544322421
100888179 568850373
474778577 549636340
9998 1004582
637139682 769459565
9998 500403
560877205 602397482
89 666663
235210313 485092341
98 759176
89 109110
98 971164
98 452967
204006222 455313783
904655557 979386434
8 91538
99998 879274
589886173 940598155
447631671 586984760
350333922 486489434
192642783 367881156
466244678 780757680
998 854410
33003698 802234102
9998 366153
613366091 879069393
998 536986
424930683 614025639
768439727 899615421
848265836 994233273
818489369 939257513
260166523 261097127
99999995 100350121
973573048 995388691
9998 625356
713861680 734907425
998 527782
560011140 987812500
998 393993
276786443 688452247
89 255168
871245192 928671505
689868165 772726810
22737247 34096929
357642389 791060121
712979710 986932131
98 472947
89 857972
252452079 442431777
20620452 468381741
9998 399403
825818570 907676987
789922339 836590836
98 163690
8 598916
752100125 879915647
213034341 891150767
99999995 100645656
656214229 670419484
566683484 990999282
489275779 517536524
98 321614
63341674 277405919
9998 68257
8 307706
551372845 932299711
9998 82444
156536859 962500660
803599923 839409846
89 929782
98 667106
9998 810504
314259817 692434656
448424978 771596616
306338421 343292154
284333496 985997469
998 621180
153104399 952669239
18008330 213399450
99998 404677
496437299 705739210
170982046 908215631
661530309 665043297
298374933 983964295
399315214 998558181
155024571 784343451
806309632 958196242
110539867 762559205
626165513 995591220
998 38063
99999995 100295163
99999995 100298626
8 723682
895115475 934775869
69213433 932794234
723112017 969777608
775435045 984386827
9998 931243
998 451553
864140782 987796848
574927722 941514675
985896967 986184431
803090853 908705608
552403586 812450447
747628251 859808963
561090600 699458054
8 449076
513083328 695709107
98 83123
138788993 710353423
813313924 894853206
456546792 973952538
220965689 322261428
61411169 280914511
8 670362
99998 727316
47584333 328558724
931337864 953825354
753651528 907327228
231549967 857802033
317326267 739781398
221273 4723077
84927312 566719269
77005859 606668427
998 404376
931762095 945065801
9998 884980
397685747 714676423
99999995 100079014
822786219 867196172
99998 545062
98 771825
856218085 890405965
598553798 657307874
99999995 100039671
534477646 903258493
977621915 977650358
350055807 958558461
624206101 662203260
520208941 783498284
58921674 161395906
98 602860
99998 303818
406552567 519620850
98 320948
426661421 702597706
89 187121
392274630 980605010
490476266 978167430
431207899 788672011
906086234 928864766
491763569 929353522
451937457 736414883
656472111 818971336
423987836 564736496
802416108 990610523
8 431442
998 930125
407724285 566314875
840663450 980091791
998 500965
221341196 482052146
998 578519
134450284 570582889
662654009 764235871
998 163819
528474558 752501623
473964534 825675490
530574724 891254294
99998 340222
98 41351
799618070 896630916
99999995 100273501
98 382790
9998 842425
762996899 842437168
566635719 683340611
177048663 539543904
455932834 598291302
843832097 976313154
98 14629
89 839140
421760258 628399183
332249953 852842151
98 89706
370776460 942832825
291821995 693876444
236221298 316996780
99998 948943
984590378 984954411
506611435 526450289
475990106 915209724
942835096 976128903
105165952 739563189
99998 367535
98 49630
98 292915
897919921 947421832
202445873 604434912
89 236829
832448221 939825120
336666018 418850497
921133654 925386403
357802916 987193367
998 941626
317608241 814077574
8 516314
809117211 848736597
779727336 941651596
917740475 937950203
212281261 239093935
350645101 715029363
99999995 100117394
99999995 100766189
89 925666
899381828 984711779
8 977119
872233904 935632690
888893821 955222718
476945322 807938315
901571440 960060046
251922575 302889077
352176061 710639653
450459269 802371997
840078063 936990255
782975299 810874922
550375523 780821407
15019643 978861262
513770843 588103819
20323904 249224893
880874310 882465077
8 28402
320395136 883470353
394582976 851810189
953472157 955538024
99999995 100838473
554364576 654979500
825488091 836387732
393319074 946353414
219546816 874161479
15085065 658738979
9998 391653
43745143 872081869
99999995 100784892
827662818 848636260
99999995 100431999
89 659695
998 984282
998 506814
8 914769
89 918559
411877846 825254241
788971234 818181312
274870646 388937943
248261690 296955257
625584652 860390018
857481485 967433899
98 600499
525874134 881155637
410887475 731973098
89 252206
99998 904360
409350482 667786799
941589294 957766310
8 215140
8 521006
673227505 910930805
99998 1045988
262215586 395495976
99999995 100156144
8 136506
966107566 989836316
484762574 659973995
577001380 605563237
83569566 398033147
351849936 792709771
634827681 812663092
650740167 820864090
852956485 859961215
307096360 373351379
609768456 792074693
8 446123
9998 458043
781090453 925716998
401236360 977789458
194170868 295963134
588412625 814138991
357868 439710142
782987779 886051460
532533963 807095312
451112670 839795672
763850646 879779678
368447448 630738677
322592956 865680711
732581225 797227455
650796336 763888452
924979732 993332821
93424443 995338008
714539541 813106275
192439203 937493456
317795040 772264897
401081018 937890757
99998 680430
849788755 935365196
9998 518634
99998 835603
98 97787
120643938 732213110
412365025 448820321
468019470 511922794
731626370 783753886
8 115911
504933842 538077036
817331339 989744727
422693737 862413881
486100879 601158202
209884659 243401411
99998 359311
98 598484
864303489 888787739
99998 105269
998 17474
916500364 970763868
887235839 904126764
453807040 926146787
99999995 100009285
922227733 976252457
8 359536
9998 351070
71857372 763444842
526346873 647613570
243033293 271455927
792166891 838995359
684770905 833021791
494353691 775125966
939397749 994219893
892199831 980550809
855846472 916294277
97921605 934180505
905683956 993699465
543595978 920572577
8 271746
89 428132
8 877199
89 139824
998 597400
864708982 933115469
231436525 308175373
89 805538
63699268 768820280
9998 598170
189151892 808133577
709533847 965023435
921825768 977242859
568122129 574088407
529751091 653299131
89 282312
228578188 362954605
715687282 834138605
514446581 620624169
229111353 354856699
764015586 912749006
89 138895
363606978 741463667
8 772376
537261947 919691345
724183379 750803374
998 375589
9998 990654
173502144 470236435
180631050 582534423
859293664 978512575
955534706 965305707
108543404 850346752
503298679 960312723
99998 1068044
98 163548
538083452 564203657
89 412795
99999995 100210128
144424671 888260315
8 177379
99999995 100277095
58276701 334241001
550674698 915174809
107908001 184311013
8 47887
8 265351
8 103358
42498114 541585200
99999995 100688047
98 892926
702978999 948461743
197861363 865497290
951915147 994303618
98 423369
96415047 838765811
491601566 987615517
486364988 632005011
561979485 606106216
89 731940
844274307 910481292
99998 848325
99999995 100589025
98 866766
98 75126
230749083 772023872
503148376 781436549
350641663 430925566
453646256 960103656
425798557 702742804
511508543 971797977
81277552 988394841
9998 434699
9998 345019
998 633553
8 702695
89 394026
305319488 444812605
324852168 697347907
89 407800
867445473 984930135
99999995 100953041
986155316 996904439
99999995 100199178
9998 609868
955971653 969353607
349429992 643659924
40554478 491738849
609166113 914121132
21719311 395056350
685555265 783379449
70104604 139894657
124082452 662932464
423691509 656046579
99998 706410
149320484 183851738
99998 217982
89 790335
71166111 403269716
304071050 849032925
754477167 785418881
98 744907
35790842 67228254
998 335747
595954941 876624290
701498550 909874230
72478916 954091747
8 810397
89 166706
628681600 978756615
769219929 848647299
98 317525
102525795 719929779
9998 576724
9998 151252
323452744 751767651
98 966040
94226173 860712206
477602138 564071103
372877913 952007714
998 877347
9998 492464
998 681979
307517540 844829439
99999995 100607205
9998 442594
882350116 887989170
99999995 100543521
331378593 773978873
919554830 935887508
8 187473
408698397 974024250
98 50988
48909961 514834963
711504949 841972645
657442045 779366179
704220779 801724801
997939499 999619486
519583892 741776012
401879875 686681032
936463565 966836717
640207582 708787358
89 557139
98 903583
998 392720
212431578 291867996
9998 100147
8 470190
998 71283
621445601 700266700
99999995 100395646
507302767 637253929
8 565086
89 106843
355798336 971127949
376774263 999607594
849522259 886660832
9998 635411
99998 124948
998 916006
638237975 938663850
362736955 444573856
82905360 139836002
60726306 533760325
99998 163690
129793000 873931974
873846637 947698811
99998 983043
890775586 991248907
955389661 956885583
409364211 754875252
4343216 519473787
308028835 733998962
415863097 511099274
7051850 493635992
760892093 860970321
123372318 561719817
32492432 223195814
8 677398
8 906091
620222994 645610115
9998 698887
674642844 725707425
8 35001
89 395096
736862734 966720031
99998 927869
99998 722584
480426750 827962888
6893225 983519731
89 258659
89 63670
415383247 553480525
840676303 893159842
778025033 834105636
825142540 993666000
99998 957751
878539105 936307629
848906341 953263990
89 897106
576607143 822462437
439167896 791786076
99999995 100959700
9998 969410
992911908 998275874
953584077 986844861
998 558503
680724489 687546174
89 663610
702479279 805813004
990002938 995134347
693014899 891851524
998 40517
227157744 499526133
8 510598
855553295 871087288
99999995 100568237
442165168 919370054
497013122 675578887
970995208 991993634
853193337 986747687
242881159 867173566
99999995 100496642
513586654 549481786
39450416 598050434
89 220777
461768553 860530211
124417645 782731207
98 582892
503271236 539132288
99999995 100416328
89 962234
8 212466
53326781 674841072
8 942698
155901464 911974053
104851664 943643933
964164297 992838813
973402585 982255181
98 972340
761322131 902369859
875538946 923865635
534487181 568067312
98 280528
690822442 704139651
823504006 858135535
99999995 100745829
295290938 902049556
574479298 589367012
868573854 904463800
271078394 485688380
99998 455322
998 110464
99998 279486
933842756 948667278
690288347 692932639
697378767 720941805
99999995 100749708
593870655 897809426
627401084 745971401
99999995 100201634
45822459 864172898
240598685 302968407
98 68362
510612154 822359850
822692737 854731064
99999995 100905918
998 948317
155341281 382988377
99999995 100375758
9998 290697
109439634 456303592
373624168 877202882
224641811 969440796
998 461391
790158982 994088677
998 993331
736046195 823426129
346263964 470215333
703634131 971605002
705026019 744672632
89 214942
64454156 975895232
98 125742
258674858 542580102
756949360 916252403
8 233496
998 1365
501208367 742337227
998 416552
99998 631958
8 937799
998 844731
563403400 735187728
9998 180776
998 471684
9998 500389
51619186 957077816
396023176 399471891
89 565891
89 146091
437892614 572139840
911814037 964383050
998 366652
316386720 542755090
89 695106
98 275182
347879025 529623422
230934846 658177937
221497662 326133701
156317924 274379166
99999995 100235260
791427612 875549240
368033504 411913218
387490472 814091102
755654542 888094090
99999995 100534292
661144366 769740058
8 559721
697744904 974247525
910518214 972261141
712425741 737520125
639433215 665746263
89 12746
564784675 971463526
885236597 926591074
733991911 782456612
24604841 528771870
859678969 860366287
975582119 999559571
19879846 826953219
573645568 596423287
99999995 100743485
99999995 100778871
761402480 781985819
190794734 321903301
665118922 732232913
783465037 901014961
484584878 603175089
822589955 987688419
998 180623
555560417 950450869
157410625 592126899
292166447 647704831
315992689 788785577
467012923 674965976
634342225 967118958
999195123 999934568
998 400580
980503855 985954010
150145105 753998929
8 578369
98 900942
99999995 100001859
880135017 943104871
89 553219
876294410 920839127
998 81666
432496197 662602732
628896629 825941607
98 137827
709639318 800228781
633364730 813607462
795403026 949548316
786776102 882325477
99998 1030817
688168855 866928516
496404234 855430126
764048916 828299333
949194153 953505601
686655328 956756908
9998 275148
137653791 749036733
8 414545
342556825 459298264
71905723 964423425
148889447 354107843
998 906497
99999995 100220675
995089447 997782213
933103115 992248758
52108857 164636827
854347635 912136931
561566717 984186653
801977157 956262526
819925535 885449289
8 537723
505544041 638646664
9998 434076
998 307737
833779492 942364337
379562854 603747365
136595293 459663804
282669136 420840094
99999995 100784898
323756894 330912737
564818628 651972849
998 70280
638305510 983941917
307469685 665425510
9998 762856
757725782 952082996
493516122 723886980
498497508 954655002
998 881445
870490417 959662251
783329186 791582337
664859990 907685680
99999995 100618528
551533805 918261731
799683953 990215638
674120770 756556032
434332296 442513725
99998 892689
131319860 984307635
912706665 947233821
99999995 100862978
99999995 100077256
153778178 336883230
972981378 992216048
30864786 850920363
610617954 978314278
8 765398
781332607 872363230
731650526 745082469
998 963232
41922311 893401479
142419323 550460991
126478482 661654851
923960496 947151107
98 5934
850508921 985367213
327646163 541108297
566291318 841230907
967861369 970037921
15101396 472709393
856452302 991385490
276396478 911745415
490530973 827133849
98 971813
691297071 814272423
8 23282
998 328740
424679273 851411019
810917562 852890703
721333871 927644727
99999995 100852820
9998 697793
998 209035
833758032 917710041
540011271 706697799
147763230 623175557
260229615 312646021
416605257 740784026
542844490 942387859
419668847 554535034
858927510 928577396
898740643 899568835
279961211 512097283
929910560 993592427
998 776013
337813051 805224388
9998 18867
482539463 628082771
678701299 971801141
99998 920697
11073410 574124629
571889093 693388687
351146363 640712968
419326691 814142718
919205088 920118563
9998 512427
8 816142
634980252 979958688
89 790451
8 46978
625858704 998367573
968220275 970339791
998 873281
403189757 657458016
710592181 901461175
771995550 789560186
9998 157424
98 520817
8 270661
51443581 734328595
185194100 877366045
8 504139
51401283 299785385
734719041 819735645
99998 712816
99998 858338
100673555 206293766
259800268 709394353
168994905 652870034
809124525 981001599
89 646676
969000867 990339783
208644678 286359957
703641857 963241734
200263430 398733406
540333696 618700232
998 326442
9998 472940
81984425 449217110
949191217 971321801
23196516 813511261
468033013 746834418
79312855 699226663
98 130437
435207040 775413295
28194201 663916473
98 143059
9998 486599
998 585296
98 303689
8 762755
497796745 927352634
384014128 744589635
247929347 326337307
734549786 883434602
356413950 672513092
9998 99024
728041088 934138915
865190476 930842538
889320419 973912120
940731647 967791408
203722138 511415861
355347810 928920881
99998 775337
99999995 100879838
515805436 589850417
230689173 548576792
195102631 804764867
408892227 490132170
98 491963
99998 367008
998 132020
804601844 925509093
998 268438
99998 616391
393631103 795162073
8 98989
895194751 946050034
610912779 883241606
378416003 524707529
98 886871
169929412 737726775
731642333 922187982
607411987 788219815
51649210 502624571
59514157 756701834
89 295403
8 423858
73340028 615064636
218407584 570815208
99999995 100617805
544183211 716616908
484919191 485757241
702475870 961704132
220949438 259743172
750995337 818625341
392647958 463662180
136157971 522001825
15055229 670002092
810277085 870932467
998 869217
89 552747
355949958 588857289
455060647 810979705
250247064 391934306
834718671 895897133
523216623 865016586
812306377 948395617
193970268 395131107
902178067 943789437
8 113838
499928669 924785950
155787577 491380106
89 49417
98 410748
519087850 900775268
862349449 976766002
98 111805
99999995 100346907
8 867441
430549667 617804005
98 506703
99999995 100517685
752672070 934108586
698690598 821722147
8 95345
372196112 656637473
50119618 848494667
905943695 943845845
379842716 676445182
597207184 993206394
551748597 936852922
518992578 762980779
89 95842
878763875 982079034
89 85168
372820847 427628613
144526105 606124608
998 784314
350545583 690411142
99999995 100849625
622758777 938515864
919605799 946798238
994752853 997248011
728119889 883465310
214205658 322915702
98 440056
980513070 995885381
884640560 962719797
349693248 788002656
715545976 775319916
89 447090
320871598 736786071
138482485 555665446
98 644814
493782487 695503959
575925462 677930911
102295257 304632662
471835798 910159389
864941817 894882880
99998 533988
842395720 985736549
654769655 968108931
381879795 672092723
8 755202
98 456902
99998 1049119
8 333181
99999995 100048377
299163346 414617430
8 837227
718947118 862316555
802791493 927889071
9998 45195
623563793 859576842
362885999 999884124
8 649767
235439180 472765205
993240524 998446472
98 513354
98 968374
99998 833079
71695492 538337062
872433314 910304778
141042670 891338467
8 326864
435191923 646667684
442079068 718469206
99999995 100558984
87236407 103793503
310558171 573983305
123594823 129908014
9998 86355
775184406 819416224
9998 684616
677179930 889185752
38234375 573656298
893924328 946411542
998 634752
698551931 923399442
23229198 200254862
99999995 100156418
894537332 991194682
99999995 100280135
8 330368
9998 458317
446704444 618213956
456624494 690975069
9998 656178
487703507 655972604
9998 606195
7182022 565376235
165096199 906038948
998 969603
957656543 960219040
867854476 972951992
998 710841
99999995 100139004
802281241 987764977
289395900 831241812
721122256 842859879
567429759 701138742
99999995 100097887
353897879 829454060
49549193 964058579
506014200 880111991
209449163 565324011
995152259 996074118
752891994 896753750
99999995 100344624
501949561 866559770
8 674897
45762011 194239476
99998 243449
32121167 136990027
954119124 966198348
593235606 694980503
99998 122270
571924238 819662033
8 407638
99998 942679
98 366787
9998 404422
99999995 100588771
335062383 429456771
146616991 273650288
494618979 836240841
466288792 542863416
99999995 100648472
940276494 968634369
7783418 897808662
99998 139846
514550233 746230195
145799095 810027005
613540700 870849872
89 986623
8 462597
506911138 845897888
98 979983
918019584 954524453
610139146 616003284
476944309 549680824
439628141 706613863
399254528 401021530
998 716456
313587874 769853024
8 955431
224940621 868228889
99999995 100742791
99999995 100679818
917095857 971539440
114574086 705609949
908381306 989462931
629864289 965878480
994546302 995260566
928965805 985799524
710295934 913920423
99998 1081503
607240244 905245090
487617921 817694431
261049226 958487670
939293382 942661985
98 457982
101563171 452711911
99999995 100661416
8 578640
149753980 779920142
98 22645
508493613 725993169
98 686836
9998 937844
665826354 780592872
494757585 666980734
397963823 906455835
99999995 100892676
217341062 523219987
593231133 634180589
787022889 803886665
492654752 745070810
998 861074
160040056 664951429
98 968081
89 131857
902833336 912067733
355855959 710846207
99999995 100735226
9998 807131
412035110 589552018
562285728 730110964
9998 972204
89 572935
89 74335
9998 10076
98 705242
7288881 767478181
565128148 852670327
777035961 789559272
118754300 561289780
361753225 485470329
381240282 997899559
99998 1072455
943109082 984170300
315430815 357133120
577034720 590943177
339720233 724373482
377786568 762279241
430818798 488742081
850582554 987578259
435333851 782022833
420274236 903598677
99998 398473
8 795711
15273905 336584098
99998 129367
998 972511
9998 667382
324223590 401136832
512554391 611942130
623704580 779894722
409857739 521616748
126673257 550896933
488109270 869262178
936310230 949727599
9998 478905
405029261 870285686
409671572 850243952
99998 491379
624380041 949992651
321793798 727697740
677239908 752708622
915055591 923630484
89 958778
166137569 552833343
9998 176502
688152133 980758655
10480609 835128252
89 651965
810057142 956924444
278338110 733054361
998 808634
805316929 939467397
926149709 937213235
89 415838
347425925 358107103
99999995 100740846
526320932 527424480
8 680540
112716450 582753983
998 125928
98 968344
89 437306
329546834 961585340
57938805 234751326
98 600575
998 50846
928584339 977843199
260300690 762818844
89 671335
47604300 536951863
550109502 603512568
162152151 822728809
164096380 328178105
572840354 836086409
753640406 978772248
417730490 729435961
37239633 594197349
169022776 535319453
53952901 72900263
847976586 909523572
951028653 951322705
998 782002
8 915760
9998 640919
238508820 357818870
99998 431827
99998 291021
36962218 914358883
459890823 682056155
505318803 648144880
398421548 413597444
208558443 406407613
797013390 925521454
536626622 694318453
542084658 739355530
36226528 568135324
180129257 759722968
909865861 935430146
799892896 833142934
9998 233979
89 113691
8 169594
181151377 637714587
89 589666
618100804 707086677
328999338 609728535
269230643 766096521
611300458 912272914
9998 986253
503214789 875223134
99998 1097651
92263503 855397192
829516428 852208999
89 901317
89 231753
720293401 951524964
387810333 890551093
99998 520584
520127268 733662087
350717778 827396279
239850443 433114913
415002248 539780157
81366688 100784436
167939048 573159456
427132693 764637815
164439893 469332872
89 544346
998 237224
787398893 800030036
83574477 364718078
884649079 914536222
99999995 100650514
247697419 853045719
604487805 782459667
99998 691196
253783907 771277452
9998 879651
477761344 670481411
107656403 929509666
1758511 768044974
445495947 887524337
399280302 787402594
99998 1047473
210551211 363216956
99999995 100046978
391285546 745014677
896960339 990415216
99998 875086
349193815 955942470
27931459 992327321
99999995 100629697
89 723015
640391089 663911972
15962579 188901391
9998 625926
909223318 928050946
447030963 921511324
910570025 938810484
301378839 649608310
547093976 566467860
109407382 401545539
916548452 953245733
863118858 956034147
156497308 383522734
675838202 685196177
846591554 940655269
656607230 854648484
99999995 100237629
359918006 673311086
89 973712
998 634306
998 774506
13550555 932710262
905365572 938188487
99999995 100179708
447529781 999676442
780435914 896857489
857916597 878759585
99998 1071393
8 985845
69422978 358665941
8 557503
762049548 808413794
9998 629106
21890156 139912674
694460118 816527523
998 246665
408039773 906695782
361106882 683554475
578949601 828176877
581593838 812651896
289144672 819739754
745656695 785157166
99999995 100493573
573737378 795609525
161413210 181473328
8 455944
5671599 725554911
251784888 747112516
895109369 929058028
907906605 928759963
998 845847
303581599 792242781
724872646 992549074
9998 375096
909487258 997798685
533114103 806851176
312223194 806696784
947726440 996638712
99998 1044621
743032678 952704220
98 184110
483737407 542327057
329460140 555380593
898409656 927289688
89 175528
98 683136
358716947 391256901
576864696 642534489
447710533 732547588
885506854 989905570
903398371 995572052
113096104 237386819
595746485 897586421
617354671 928020454
876614998 939859246
8 62413
195742434 915336530
316411611 761471747
64162407 549397074
8 884609
96572005 277529928
336937835 650801432
142216723 443428687
680803784 976232914
99998 514884
9998 65393
99999995 100776222
474116600 592314872
9998 887860
998 779052
641780473 900285345
716277693 896607987
213745505 761474554
9998 382755
99998 630200
8 357355
304299187 902929267
893113021 948959301
153063555 769824644
99998 548165
333658526 726006805
89 770210
8 151899
228984774 859722314
201283653 915565314
981435572 986762968
99632745 530610139
550749636 966318569
541617785 603923952
803524539 886107247
65790572 870717343
279076293 900724810
998 740396
114369997 736989573
876340933 886535527
956875688 961071882
453582959 800806419
347735880 620190516
319167613 676255355
739666142 993946912
130029323 973869848
9998 247663
41249010 566201221
8 446019
12192376 95799442
902808931 977489551
649696570 951303873
9998 25413
89 616900
566262233 702928368
978677150 998936035
998 137055
523857190 550220354
381500543 846714699
514820174 868940346
89 132551
808262865 885527116
474148008 825096078
98 973007
998 668052
801267667 987627943
872212267 960392039
99998 301540
287643230 295870434
875127588 964453793
496136514 560171495
664146247 963839538
914004144 940249017
980976639 981644669
791278217 941268955
998 983474
293200088 524436441
816700237 916645090
585724123 996796103
775392498 797573155
503698146 552548619
156761595 985347767
356332078 512317200
593600292 599557356
89 199339
8 315775
861485671 927457316
99998 413274
113274552 987924683
98 271078
393857992 539591480
716189473 965707465
287279065 673638714
998 258191
764797876 838968726
229646507 673991440
8 471850
444341040 500403082
998 997257
641853923 710689526
350383552 889837600
976230593 977634562
812023462 835483247
482296089 608681553
531454073 971434519
14459270 300867315
99999995 100772068
716623752 991466817
414794247 925138628
98 565518
59136231 240696704
713581222 715071673
9998 561791
485397875 617812670
982211925 986816322
8 20807
255551905 943246159
871434507 983956315
9998 818276
99998 744144
109154020 621258141
264967579 311211467
509800742 517629993
700622202 986655994
483347456 902184117
59582719 537318798
9998 396916
174669145 335427238
816813133 893668941
333386764 831080832
915159506 916845889
9998 153447
1703662 737390421
184882854 409972439
394243120 632777598
433740870 941107002
9998 773589
998 763429
89 36611
998 923203
89 184160
612313319 621788167
969147569 982380949
530757212 734414438
186742010 767978268
995068165 998097604
998 509067
801113180 969668539
888930397 968760171
99998 1098164
99999995 100774414
490787808 560345257
98 520902
98 928519
99998 1002295
998 109062
99998 415545
99998 804811
982247753 999337935
89 38743
89 795741
411445082 981794133
296893257 469619128
8 296878
8 469403
452150122 622228300
643622682 868096313
326297020 541503386
98 488132
89 617942
383523526 723070217
87511366 459860941
99998 889242
98 915187
99998 1068356
841331007 871382120
98 243807
869756047 943419714
298200317 604739235
425679010 507526978
516552740 927870952
113552367 612406501
45085153 949193367
571325158 661870514
327475324 730625212
819958675 925483180
229294660 373151952
160263997 524656406
99998 859939
89 318070
227091347 509525943
99999995 100205257
89 936431
998 217901
573190720 580755338
708489105 862853111
224741605 330667650
795774067 828449925
99998 574737
494744324 845551776
303780566 459285054
344332571 758675137
539088276 784550405
89 931997
696868947 828174598
461452271 497626911
932902925 963395807
119788553 790579565
285260485 663176283
935567274 962527603
507362477 699498813
736255173 886342171
289769601 485913614
296972204 785172807
757837371 868185708
597082836 771659474
89 780129
89 397954
657011844 697874310
627702239 869557384
541122044 606592319
677738327 901088517
550176912 932988196
8 679156
73687692 800027696
514294279 866712583
452698017 729602936
123276853 603444909
910820567 999545415
342681189 565656795
877731022 957877322
635552426 794581592
99999995 100649022
998 524490
921013630 921098645
811605280 959893440
998 262938
998 990663
99999995 100683113
87322098 680197799
98 406343
9998 13244
998 237218
99998 376377
998 212439
998 252535
9998 114908
99999995 100078860
99999995 100821577
99999995 100398417
9998 591304
89 22191
71320329 912023122
438237 706898979
181829733 263915619
900483466 984244510
9998 648120
160534788 651483389
99999995 100831308
180221254 430246536
99998 671339
912890293 927346118
843937797 918662716
998 982357
625410608 768443699
50795404 312165961
9998 770067
196734050 614881431
99999995 100712948
730223860 929906491
511640477 679103123
86267145 934114121
451127722 796366148
686529745 966942298
13338928 516216204
864848534 912348552
924831544 925779425
99998 761079
8 785755
550447521 825685110
312545590 334986187
99999995 100712588
932655441 963686001
99999995 100946623
9998 83736
4427296 429103001
99998 922695
561313031 935002151
85646764 666008661
89 465981
145088697 151611642
157742748 520778302
459391099 899282092
602444882 790463061
11851851 712833460
514638518 684639564
227049131 473975268
99998 215205
33472459 431078758
90356859 417935471
99999995 100486298
8 629846
261826320 490852483
172940842 239359369
98 379620
9998 646467
89 776095
585298232 832589011
8 764495
242540924 869775787
74371247 100495759
998 672989
449682624 968715407
98 665751
654579282 762421336
89 196271
98 678779
16830525 133664071
551239020 682947547
99998 924453
141908535 772493897
960935404 970639276
282198154 764969794
607975068 639105608
998 450273
562870797 940893477
134127448 226503007
892872161 946073064
46265023 896505508
9998 294943
470928769 866983006
817272693 981252112
742495520 750174171
751263783 949437253
671377591 990404283
891945616 957356245
586391893 633229810
998 964121
8 617507
600547128 919888416
641948906 666000952
998 371185
656393117 879328500
958088244 992223346
676328628 776312670
958544534 983027269
99998 1091535
943220317 978063056
879339759 926861582
794407852 862568773
782347704 995723475
99998 835565
906990566 925519502
910005296 955528710
327921458 344401344
380156067 537152095
99999995 100427186
439804702 594228754
9998 967722
99998 624998
785995567 823871096
927420817 949109031
99999995 100494782
439569385 911857469
9998 716484
99999995 100609621
99998 264840
794395169 959020059
8 942916
685229000 761739625
562032049 839797067
265115050 625995206
126501214 278126434
472786582 727352539
286979349 567848401
89 124631
99999995 100630190
9998 35526
350491296 850685603
821703978 973289664
998 399089
369115895 589675784
320872666 830926333
8 398930
136592515 621937608
865219121 958940210
167515869 361053740
64929351 259921230
560047802 702799335
35524419 728535621
998 327541
89 680031
48555801 190074114
80171464 338933206
255383462 554927395
98 454244
390995417 616702352
98 311075
98 232271
213813366 371361577
98 259102
998 790621
98 836456
9998 395658
99999995 100169026
708556112 800127792
806114904 818819097
612670412 759471960
64163728 536350517
99999995 100829530
731397293 825042694
727395384 848852489
706336787 738112123
746062056 980450878
99999995 100968689
481801546 768053040
967774012 998881011
178040117 673819892
268565106 907651741
216239878 297326557
898878763 915657424
182007383 572066658
262638564 846883527
99998 1013924
9998 640440
571931689 825633630
724176854 866784406
99999995 100077725
346473579 390689258
98 674024
921575792 953340775
98 352683
153017633 243277371
875490605 992371411
515104598 839990460
114370232 902456453
453028766 507268632
508331980 769254689
24120483 119283360
998 363384
652995613 809964544
974912681 978559222
885505280 931106720
847686104 909563509
998 94747
682849341 975722650
597129348 634105753
89 798210
234062563 903067163
8 774966
714858376 762909059
99999995 100640782
465041070 807832879
395354707 894963703
89 366860
162672306 509199596
504496666 594029639
780335127 985241153
241166322 333356923
378900563 992325145
947444647 986908364
454537991 741001147
377993677 627403555
145315897 813504625
99999995 100116708
63011906 581701570
99998 162468
99998 403105
201902338 323944420
99999995 100715987
757735388 988994364
604893895 766679790
835745360 885388128
228225761 430027586
98 487602
89 438659
751105931 819377295
772785633 962911654
98 735898
98 106853
596715017 946665865
898628397 902316599
907141018 968697216
147394721 862865258
994877430 996936865
440113979 767778882
314815104 334010769
99999995 100840492
201851947 300960178
758552991 926662315
316772797 395756463
8 913387
675027274 834843065
876598396 895767565
185772039 374589417
572437669 898581528
89631674 337856757
9998 525615
83898542 302879525
99998 361701
506058962 715605171
8 267582
122424909 756706652
373453125 682843532
40507338 518546502
495990772 865102982
683047329 972868543
747992597 791605965
9998 555386
323324072 367506242
977298367 992370215
925483097 954626398
89 711395
406258941 582925394
727944645 909642059
99998 398776
273312019 953783906
286999717 694574525
561328680 903188969
655603626 702622642
737255512 815754152
99999995 100732808
8 182440
8 467034
929651415 947297769
99999995 100746317
98 535270
998911508 999073052
455977333 491688764
934043717 971231488
998 405339
908903140 996716315
962371917 981323390
245269562 719110591
990281766 991661806
275409018 488773649
521244842 758385543
428010555 549538528
905408186 977639053
833441027 844241738
409629082 579772339
990436681 993788548
552390716 779302983
40454869 288252990
113924549 716935846
296473901 299495517
9998 877619
207358590 586987065
669762522 715788078
548030915 959471189
9998 940875
410762149 951370295
872413880 949124305
619937281 684781598
8 381522
258306092 934351522
8 255563
461883828 490107052
943665491 994075815
98 558158
145530456 705836289
820364247 991082597
370705448 909539986
99998 1003764
531596042 756016344
41858872 223461430
203210581 267608946
99999995 100807995
89 651223
998 756844
640514442 675402647
548900590 698521440
697671018 929437493
416668768 763622555
219470615 487134614
998 378788
201506535 250979747
934246716 988587265
517483030 989067326
204124102 327066770
9998 642648
118882266 965108892
200147442 233056462
998 209527
772137762 904031258
998 247818
732156434 999277460
373072151 861235523
9998 657698
98 643120
462001323 847176455
535017314 977510179
193546726 262422709
744055692 864938601
8 696811
143658681 751025832
34739886 178847150
663597538 716324514
99999995 100279668
240710456 293656425
8 258536
454396934 876094616
99998 1055658
656143261 989703542
9998 297546
900055979 943819440
359319738 677222529
99999995 100600127
957060011 984290417
89 931977
686365454 951547971
862396801 994977296
381458539 970752220
393547930 640498616
602775772 915556996
335462314 784354535
998 294482
415886158 814655920
2120165 408978137
886008427 895463761
438974286 842827193
89 725172
8 222486
98 787143
98 929051
89136412 982263566
953436033 996616743
850580931 928552531
8 850115
706440338 712165716
99999995 100393810
89 602026
1472051 721990759
99998 954028
462352187 653293803
9998 152102
89 119301
998 653074
9998 966917
998 442916
309830512 899015287
232861722 705117876
196885974 272361749
286458372 963827210
662936734 834695442
277071461 969677576
843018938 871935002
187881741 453026449
785735281 837159494
985651166 989218410
98 336367
823755468 877309098
681437605 705737999
89 621389
9998 578436
4958460 706478381
585566135 628376160
250244007 277854661
98 747909
99999995 100457692
440129689 915742310
299626619 498652161
210977645 741791604
461377680 538112641
410722224 831985209
152805901 367009760
751102904 768370861
317556302 624844201
998 37789
343242568 441805187
99999995 100560520
998 206311
197210045 536688151
969383591 996747767
257046089 665788891
397593608 531371151
777880003 874494303
122591424 452436665
587019455 914021031
870501898 953949429
498937216 914446841
99998 821221
99998 352307
128511909 172128313
642645692 768023549
998 438355
990056241 997795031
148481018 785238155
99998 1095616
9998 704872
999987686 999989907
185456537 915965914
676811958 696731092
98 695913
528601993 761988010
99999995 100091168
453227379 913562643
98 372132
811699278 922653506
234619130 802404918
99998 410204
971099089 982411977
98 738829
631900216 769382434
99998 190276
497394741 519969937
877020301 899497122
99998 398305
11319677 595161243
998 687936
917933574 983848059
321705822 608957937
9998 926067
4825989 155630228
915614244 957587024
89 825368
59001951 510026850
89 94938
548990352 585036111
927110672 962894346
973826843 996775226
998 975812
228987938 370241485
325435368 982787190
99999995 100656191
99998 758460
345422274 786956054
8 90762
436140676 461840101
537610782 549177163
188995930 410628793
89 938212
998 52645
802896614 904021710
99998 672207
809339385 967597118
384342952 916797824
99999995 100653244
8 242459
9998 355116
721165119 803449773
286727858 636325555
9998 987722
433077453 833365176
939080231 990212693
89 190123
401603768 980134060
929492414 954041913
885299123 918906963
99999995 100554073
997543320 998824314
99998 1046017
98 551267
467263394 950164424
845359871 957342267
440896050 738056321
424188990 674766804
741705425 813251346
335647439 656894802
998 219880
148503401 543607559
99998 467526
272867836 990074801
366816946 477899369
98 483300
335618336 619847308
573852150 978881323
998 472946
351638061 808968089
89 446116
822572069 887130176
701166567 791484433
352544755 890169099
89 444699
384555533 635822024
98 361358
309457512 867267003
802489480 913240212
99999995 100808931
618766752 633966208
220623428 565856156
238514278 751048740
783106731 916201759
98 70080
89 157971
977274287 977480079
295439684 419517607
390991340 415854684
99998 615443
998 754371
327391822 475703841
998 108058
998 756712
663827626 902921289
657359684 741999728
89 521891
518898968 756021188
493897203 539363898
98 947883
38042062 858616803
99998 571740
89 680312
176528759 484106506
600089766 707240601
99998 285553
805941873 863366658
8 263752
657658817 694504209
99998 572649
65923535 659626861
729289325 957208366
375119069 678709169
311503669 355474727
446426157 983551514
99998 178123
180766979 510804902
410320861 515533866
562039702 973481465
641368627 993643927
768944126 812117248
171048742 353082245
671292374 754796098
489818235 922653307
976662437 985503529
275342733 642677640
134794766 637252147
8 772980
441388057 759873998
648703577 895771001
902779089 978962159
99998 700447
998 451513
8 46604
621630448 691969662
717170815 912698271
49227559 828352018
182850998 188595512
579067908 747121597
98 287496
921672078 968193927
855095982 860172373
99999995 100287165
202610489 730863819
290408025 580713330
829019119 913195925
8 137005
404052187 827582282
9998 973421
8 735444
590021286 743271073
967802636 980372664
455764944 921306748
8 158077
850547315 946012803
142992064 638223967
208731453 260615960
216661458 548377109
290861937 849482501
89 775335
670114853 681474143
228935939 382622138
57230904 722728827
844904462 845462378
89 41730
7756359 369554909
998 294822
89 546114
391812162 408439839
89 659092
428188426 487572721
628108630 931195520
36578818 740994273
343999449 435349204
958134499 974480230
952322007 953302869
598449419 708060083
242320741 287494440
735637657 901597518
8 705645
998 328617
403673640 902451556
36144895 458240176
529920646 868753521
233583485 612582688
89 439200
112141844 379525381
146187854 182674423
551534364 718996853
99999995 100284613
691974008 868185576
641003206 968770109
998 756519
74934038 610553711
998 367891
862884657 929049558
9998 620629
118319424 665554161
998 691387
474953733 898466316
8 813504
8 753355
578283947 595332028
752938308 873638887
943094623 995014034
455261517 975810933
998 475678
99998 923561
406115466 810902213
531672491 660527227
467757213 790075003
998 716614
477486031 540848083
106035520 618625477
478019864 743165856
99998 814996
209226594 285592664
99999995 100281300
9998 374160
625708404 796113311
648752572 689229593
99998 988500
586181105 729532000
553082243 694232993
89 562016
98 597664
820187160 907587983
617724325 808009653
9998 75656
998 71643
557925152 865132344
99999995 100007853
584130204 961355377
371975612 838264201
397122715 440299378
146077615 717325244
196370106 682770749
8 826614
99999995 100659855
701016464 944126056
177148927 395244052
390306447 604189898
658857542 860776755
9998 268526
8 675298
382427507 784237632
749706794 993049035
706359858 723500698
99998 1084494
89 184869
99999995 100711798
727564889 790912839
892083672 962465609
361559680 710088049
99998 274747
98 570003
340042136 373673264
597621101 734086820
99998 356003
916356853 927755355
680862726 709847414
659040986 953437315
9998 39803
238547275 605033075
503855979 693713868
915995142 993733402
370419803 508354082
670301887 983497161
663399864 827484821
138044990 604174892
564841049 840272913
358219090 443411951
983217749 985763277
118234498 224054380
99999995 100549903
89 544973
89 781342
9998 719692
500752508 693901872
208983949 916366071
145604947 338746173
666342471 849868973
310280586 568790704
515094829 880426973
892155608 947584021
295674449 785450487
99998 553357
247949471 863234061
537633261 963584508
671535022 717191911
655129275 893058644
497003551 688132934
9998 462808
268683863 705326631
89 863249
8 473248
55155071 485817873
651214080 808008765
259522589 983560342
557633364 787591350
8 746236
487708506 874773361
135101125 926264743
9998 130593
998 700144
306997097 546578166
946022466 976268922
75203279 784653141
606443299 860772456
918533173 997047159
944659557 995248019
8 779672
8 855685
98 572542
9998 848901
98 105473
99999995 100148461
99998 397082
602804462 892336117
245317400 543308145
99999995 100351948
678382196 731292377
854229029 855529637
699164628 746112841
236984239 438520381
89 946157
8 260861
261731255 720735227
998 243480
89 361370
907765950 944735570
286720759 827097718
227438715 764467623
640099862 697378955
354126123 357795332
870222482 971242975
89 506076
998 669636
89 84541
132028533 995602491
955753128 978924348
66167265 361607353
99998 919212
89 468490
807654271 946581659
745485416 978174378
99998 310289
197102366 745775465
168982826 325334336
871945364 945476868
998 858396
98 229791
51223603 359174694
789134438 999819171
8 540154
999274957 999712455
998 483680
384737676 945093150
8 779443
879808013 974155011
99999995 100923850
732594082 866400121
251610400 760965404
553720241 869892670
638391219 862799493
99998 599657
99999995 100669292
99998 616295
179775685 387725772
596449761 894700725
9998 551127
706283395 791081918
828661138 870705441
596360678 915542508
844171523 932921739
639135013 907136754
8 427566
89 792271
998 561796
998 119983
669683803 871307415
99998 201713
98 71725
740152707 788879295
707579477 926003153
329080053 982813541
293252257 656142143
786575746 920455628
98 489069
899869001 975299623
824812764 934769973
290792454 901079874
245079117 869686132
441184614 945349965
119108175 186871445
998 569224
998 981070
34680319 775330729
99998 303420
99998 733037
98 331264
246642779 837348957
98 892695
295520997 726603384
678294748 979078301
341417611 524620085
98 455854
496045738 988347695
555208917 668218191
998 61007
819134000 988343567
579712829 846437694
9998 838395
98 191110
154006133 790131389
99998 640042
487488732 794195422
306695377 347437156
940245483 968464238
4644348 886203686
533951781 801472015
576464600 886940200
439335435 872464863
981741184 990703042
328487561 869552755
9998 64624
845215094 898293810
9998 939809
9998 241050
601997446 721815113
930078415 996904962
138387511 676862462
99999995 100906729
250189238 961421431
48600909 215338187
99998 1095578
8 167823
716813147 799661025
331815373 508941970
170767552 892497362
89 383190
8 80655
546954768 575498111
511856063 751430456
127796666 660431515
99998 821389
89 667559
711618327 906634604
273462923 531215869
98 541783
594951151 765748973
99999995 100129225
99998 664159
402801051 911902984
109801394 793503923
9998 584406
796314293 951417873
107773979 919860958
478414192 837985731
66717395 471535997
99999995 100139011
660541671 846141284
352758488 492761392
8 510489
8 173522
998 243250
640582794 756197517
593103913 999887163
9998 807794
998 187026
313470137 793956743
99999995 100148096
998 450533
9998 129966
89 205447
557854047 824492697
919952644 996109679
537459749 694334477
796999362 855872553
585179838 890590000
317408370 722921520
115941644 218036307
530862879 992526828
119733958 198275594
214451434 887361590
623474952 688924203
222319325 981209507
998637374 999019587
998 522010
70822548 89121623
390805403 826050185
625056422 824861304
762096447 978680434
829278593 996660795
228066753 612424525
63633213 338053656
787663215 877976151
98 426205
98 675646
39582368 346038931
8 268628
976580540 998845738
9998 961185
8 929058
597346879 788964277
164331546 628367243
156740266 502036798
540900179 889831269
8 368192
98 585157
998 321253
260051064 953854639
59829216 892653469
567839327 732132572
912283109 991113818
343992916 403763711
269406774 426642925
89 952974
99999995 100226878
8 456210
8 359532
586151246 798481347
207998458 960260685
706025395 976820305
375375462 786769008
98 421874
393814030 841691815
254961253 819441231
216764470 973532361
95541812 701252526
495323659 550412748
9998 264774
838236259 954132017
838269545 971949567
736292657 909652554
486471140 793950212
374480712 778031666
802781621 911957472
994796736 998608457
98 430193
998 480185
99998 664648
728452383 825039112
478347963 778052712
98 371582
99999995 100871791
215421444 517470649
434838209 777836112
451115596 455741587
986632460 992122613
8 753524
525994234 964123712
11201793 951531624
829393539 936222238
667105273 725425503
970187321 995296711
30556050 946053717
932519520 976344983
215877544 990733825
8 76399
461040961 608943390
89 124134
403010297 801552142
597557271 702829950
309469852 939394994
99999995 100123023
627803879 677657824
99998 287302
840594440 986091582
846478169 874153119
573019237 899854210
149839417 422563749
358908474 726420586
89 649566
796290096 830984933
99998 837681
372533160 805327792
89 289128
89 755601
9998 906615
170362397 326032610
521098336 973899068
99999995 100107155
473928342 696180420
89 682670
985089418 988764832
981842997 995635846
99999995 100099100
440377115 795847211
803149996 858212186
566537913 617597882
98 75661
998 268532
89 643886
103557340 993656543
573410021 707546518
98 738349
99998 830699
514218744 923584044
89 865689
887712621 902392213
89 840049
326620153 808635631
626840493 957069702
458631935 633822319
330992956 636733531
9998 301267
740298892 948811358
998 509577
371335069 492025559
398977268 623773296
42169457 891382105
40409565 839560426
781420315 989578618
938014455 942885855
315168995 520813110
879926083 981028433
98 356504
233292840 521174849
303762540 689291280
8 340558
9998 661891
570635886 718457829
99998 182740
998 874202
729154199 985323938
9998 765641
221577467 327254602
99998 767694
178006116 774808157
153870609 372702220
481477494 531370834
385616876 694419570
782712178 983175140
98 136501
656336337 954572154
99998 835404
8 847759
684464175 917580339
998 487353
589858885 795359906
8 464957
165699784 964318746
491928465 727971182
601758837 743811835
617331014 886690328
326831568 632008821
8 574385
9998 1005268
186315443 853418237
99998 782860
338800120 762104712
89 174566
666774930 913053114
92715529 567190951
439292170 886613827
99999995 100948912
99998 424337
89 269014
98 849839
540271332 910505700
89 78684
99998 966307
761584075 827546448
337218282 739122880
573014642 855660880
765648694 821906629
303852831 606970343
169865333 273218103
998 306949
9998 866461
187666883 209620127
172168611 366000308
50203533 426022922
145148641 261689393
236401662 477133999
89 258247
99998 133215
28970135 128834632
305862838 422382560
286251399 687081681
628888328 720432924
136216297 747267266
322946805 738818051
935838659 962218002
536191639 560572009
46679863 545266207
8 495836
998 412433
603566678 724128167
784191263 929826296
28805383 437823850
523063695 846995964
99998 972317
99999995 100440712
34468054 795538695
95363842 882566022
625314635 735299324
417578609 748900247
98 771720
250451939 845258461
63465228 602737694
571908811 888778984
998 172373
270825570 624892995
343330301 577051412
482862177 884482303
311160022 962431838
998 116889
89 34657
99999995 100333782
620120042 671616119
620549283 779558093
234216781 977656587
998684029 999089225
902805226 992599329
212778308 551076525
263659666 749911733
112501663 924579615
378756426 541504997
684802422 907881949
699496548 956035503
99998 341908
98 389068
98 692988
9998 499050
99999995 100771210
89 563023
39165511 886418924
986998681 987796082
11083107 65616885
377995801 753667344
998 277892
187404940 272174934
99998 309642
998 219669
166209064 663258611
6352835 140459096
25181030 531431989
99998 621296
98 445260
998 690914
98 231724
99998 1073963
98 703545
357739419 416564378
173628305 883682617
131276631 946234123
478152200 941132240
543733927 594088543
89 557328
8830378 702116583
668094964 806167803
859573260 889219150
112309170 706506330
954176016 971296535
1655569 549795795
800850619 881737237
288033914 752892146
67715854 793156374
293689784 858904838
98 737359
808770985 878003113
548490204 585775186
778726709 799869539
99999995 100284850
323459897 881451666
98 72590
905711841 990653578
998 541051
34759407 109975679
998 571936
107919670 693565342
904657495 969102629
273484525 924742407
9998 115432
99998 224430
633389371 881137476
8 129797
445956443 845060099
998 349621
518815820 840146630
99998 715246
99999995 100485921
998 161547
793803757 866658214
566139377 700076724
911695399 952630481
407815389 836486407
216789192 590366329
98 232089
721192999 966371847
618016535 763000806
98 363323
970217415 983206346
98 588293
249075372 593839890
614351047 973913092
684204196 833865544
8 775327
907173457 924968870
798831697 977702743
915686560 942693907
512206563 985287095
88284344 768293944
596937939 654632639
99999995 100252336
27838358 747219887
660622941 739418634
953235286 957072820
998 141649
998 621874
905620508 964709341
213702593 908357479
8 105667
602329291 686822721
99999995 100059177
513646785 648150810
165889522 937638931
940771405 979817102
939497348 985874898
9998 235667
98 949597
98 710826
472500193 714056792
99998 225058
925081518 926500179
229175884 235588424
89 612445
981152247 995614811
206233643 614208263
602043873 899646649
98 156443
520487187 956810835
99999995 100600869
716762858 760621972
892026477 927869638
795515 130973591
663549531 830111061
33135982 68411202
523214178 546705388
144745381 248001865
8 717631
878396489 897847900
388338124 650818948
98 310258
9998 237346
371170559 699102067
99999995 100130501
815139333 916282526
998 801566
403339065 670765536
131633933 921748487
835127024 993865602
9998 91802
491622877 953520897
998 329884
9998 679392
610032195 832012063
561167841 949385267
960870935 997829051
293891330 620394139
735545414 735939151
881537774 987489745
99998 1059582
315785785 828724570
448536736 873256881
476378528 611781006
951091511 991758988
259986400 970967439
998 966674
998 646002
9998 870222
9998 217457
656478465 888043774
829388928 854011454
286602047 509847710
431251980 803423682
135348605 242967074
173694504 750915714
99998 370785
744899125 888754810
99998 193278
579948040 827575281
99998 324976
176790290 645021417
909348538 955400957
998 966863
99999995 100764685
348415980 741227037
833038810 976865899
37859894 253796238
596997830 985987172
98 41032
998 740642
98 441346
462541869 634931089
9998 449704
754811761 770893307
998 975766
998 309972
724960160 803655353
635311988 800950661
569228399 932306152
730334500 839257661
557697595 739276544
140784520 733418282
724313335 801765091
539225943 825226942
99999995 100161610
98 911227
9998 989971
811144011 821681008
99999995 100623643
93763002 97239848
348149420 993774736
108236317 706905351
436810964 944139784
9998 418028
685078973 828892092
89 65195
983823774 994735623
99999995 100513521
8 872277
225882129 363057872
16829177 720118041
614768926 857184003
9998 597815
294007722 431085008
98 496384
712022630 843943199
374424532 516847440
862595025 868392748
9998 387968
197616468 734955848
89 534576
472917777 762441895
807449186 884307816
130810703 264595958
756491283 985043019
193590407 825918828
150222155 225253991
55669746 258715195
998 406312
991292780 992007666
78269878 520814706
998 99491
99999995 100716234
499871757 817483354
98 727561
618556206 707843782
9998 511753
888172794 897287097
9998 998688
8 299590
586301181 854527001
640240129 884674156
932316561 951951562
569667893 857487374
638441391 838589908
411375525 476115537
607352026 820178590
99998 845088
126204919 225358291
9998 805701
319396884 505999685
384993385 410030410
573080675 835846902
523297981 668033854
552969892 830965457
98 174550
988357711 994041558
755409438 840719565
520233634 804610191
881116279 882669904
559346866 990334886
99998 118261
898003276 924180101
110160154 279866468
89 61138
998 31669
998 199220
574649493 964782628
89 691334
99998 120641
607145548 796865528
312581577 612290234
89 490244
600849036 704473798
708298633 778649685
943739372 967379732
99999995 100827839
250413622 914075071
694155958 737009410
498309452 655996092
468755749 522102100
171646560 648363274
693597179 907754856
567978046 880494949
99998 275430
89 757561
745299909 940422637
149344652 471667129
99998 537662
973496262 987235344
831230164 997753453
44693414 393036278
697823358 770787974
561120633 685078524
26998902 752388222
841298929 856768869
666706597 802473104
15266968 607794916
9998 515731
998 20488
99999995 100890365
8 715453
652934259 809097651
818698816 913413463
9998 564063
323810664 345624148
951919004 960946239
89 261843
99998 1008329
432202330 605845544
397391839 756995125
983629572 994596939
89 386232
89070010 926196199
636060779 993233914
998 235264
959433891 965965681
998 598518
99998 229359
89 207503
16525401 564745571
89 641751
679366589 848537592
89 511325
874728900 968022577
89 335080
99998 142402
250540419 562830413
825106041 835328440
998 5492
14764339 44014438
897208935 999880047
671514288 997917804
467058747 729169121
998 281515
684146152 996698947
98 974248
9998 40062
630929751 986676993
99998 974356
912726383 943953489
89 115071
99999995 100882395
865978972 913220691
45789478 740721851
89 518469
580470380 892024583
556485284 866626426
815534386 947066913
756467446 799567076
557143959 577814851
885670609 964074269
970807034 981621330
817716486 838555464
799496438 949469744
99998 1062702
404849877 406392586
89 781813
872492807 997852222
982709198 988647125
99999995 100830281
326067090 752559728
98 131312
9998 854543
280654567 612304452
937582729 995235901
99999995 100467516
99998 904267
98 634084
686611178 752606525
228034140 444671003
89124064 470186265
890660437 937617286
227386728 725811124
860928372 871680275
63479008 487949307
99998 388673
965436118 972235754
597501165 910472485
363637128 637787009
99998 157162
586119218 862565069
777518329 797489834
99998 392103
934709779 937838711
528491476 943817421
221254858 950050640
615835757 926400538
992792369 996151540
99999995 100716290
99999995 100723188
445450148 809067202
173511610 676863876
13438484 355923787
99998 572913
838950906 982142638
609405265 952613070
8 901825
50742914 67676340
998 359755
131821196 861058523
270852199 841590305
431942706 662770531
98 61974
99998 323664
691733453 886271566
880238692 992822392
638507559 769405978
474377576 896057007
754429806 909819422
98 674455
9998 263593
860261315 895439072
5785885 620008965
613933949 890516487
291865799 891975916
555216905 651055046
391117449 960160767
9998 595928
98 998210
132917833 780204531
98 387767
629782844 935882650
223246708 232200074
527196016 844542872
834659476 840705440
860600293 997786950
51393949 560159287
657925824 720221744
102476140 960057077
98 631714
98 791280
659924945 690737224
98 48819
392193835 411146102
98 209032
516844674 932573056
456727222 575776051
185051831 785247712
998 65093
735098522 959053619
872611531 882559282
89 433790
8 304729
269535586 663258217
421718702 831468209
350628623 801287006
115851999 855738594
998 835472
787364413 961212803
8 406164
89 871757
797619831 842220045
524994229 532786706
89 16463
98 834853
998 221227
46349510 153777249
260761926 605656628
454028351 640088061
117611426 343953576
387270174 387653007
23745611 55636701
546191105 649213201
379854563 596565056
865266642 865848040
522429764 661396627
9998 876270
856941782 968578634
408184079 804548862
9998 413103
603439929 728766011
934922916 975186653
646447730 700857826
393159227 724818291
493390593 684407831
963524630 992426126
426402854 526429108
954763036 982385832
8 270937
476693750 526275672
288462736 467867549
197572873 271314239
922608546 976701929
459580168 797843648
527703876 679190466
46508883 852739875
419535950 595920366
597139018 639606364
984129707 989701181
99998 324086
639832753 911717569
391781609 714909983
328428723 876925278
838679554 953159849
998 739538
259714644 730939833
206316812 814975802
823675334 976768109
700873204 817324988
771945499 888407399
503933558 717029631
542984990 954337061
317521676 453226315
314609514 556826176
998 90181
587730410 695168206
914355478 973133794
765836214 892002668
90431996 716807432
98 626055
221779913 288741868
98 231146
829232867 980839936
642997982 659842957
145202533 396298143
99998 1004721
174592744 608106524
454082641 571276238
115521462 355219364
912695535 955807504
546091793 884683720
613746147 697431697
127170577 795016695
607501265 745449728
198892725 610830637
282193167 636948009
571306290 873869998
889896705 989175742
8 652914
386402262 451509190
99999995 100033087
89 282576
253416323 804100625
689465867 922112304
646191183 855956601
99999995 100359256
99999995 100675166
98 94740
674222030 687089568
569225031 616418304
79113010 660225128
699756011 880259574
99998 926002
113725140 636339726
98 625920
724808253 803576424
99998 440072
277396333 762296653
913558201 987574105
89 711405
129296216 940578240
243435187 383691246
534732277 647620085
986249660 998168545
98 769860
89 391382
989236313 998353717
502836811 710276974
484406452 610527353
98 258859
266507268 780930728
8 315025
8 53147
98 830894
61546005 540030511
803878252 946935504
8 914688
29161752 998943284
837499252 863838517
998 345231
503856826 721262994
8 814969
358167233 369014790
327980100 366320998
294010357 617123481
79436069 200943111
299445699 611240529
998 338984
722182385 889054426
870087161 900905097
974527796 989178660
313295888 539804328
383727035 413364149
998 539693
8 185417
787223648 947782196
579426898 844939327
101602739 859196722
9998 889766
439364272 557970785
9998 769627
9998 451780
741296617 865870162
8 458684
673524370 815047031
169132543 697642050
99998 292945
261317870 757344504
98 144424
9998 337092
183247711 445800863
99999995 100526397
98 29346
879608735 927779746
341340436 764662815
9998 874725
99998 881727
9998 559813
89 73414
998 549720
89 269998
505457811 945263507
71753122 378242410
852441762 995801819
9998 135390
380868807 798815583
682931521 855990174
89 218640
386191899 418668469
99998 655382
601274001 873288482
689615466 927702434
8 192677
89 475711
8 22495
99999995 100683085
437955244 514957532
208443506 688094842
99998 611971
19627026 757051870
438643405 649407737
523718015 848866110
602520719 735484391
589779950 884706098
287885133 483856901
906912108 958672104
781219805 900472275
872005047 997938496
852985124 882539808
98 514597
89 709130
444104474 877656649
640166167 849226003
164852728 984449845
277432945 572632088
99999995 100095439
436652730 625794816
337023200 887778563
9998 717157
401345979 944444183
17714260 627500229
92589380 133467112
8 713282
137922169 196758828
733224138 905684103
678980148 986288139
89 82607
99998 831345
8 752225
10668379 357707072
98 482503
8 838667
575238493 969048551
525605581 669252181
99998 206752
99998 207469
295383327 378764949
820001559 932780602
8 216374
998 290840
811543965 900813032
847077043 931556193
335942395 950377762
728776319 957153715
91819596 351495700
99999995 100609329
99998 467263
710043520 949830069
675022087 873239325
259994687 810554100
927995454 935391213
99998 841616
98823997 753415595
8 321738
158378225 581697519
587245078 926623642
377713219 688403966
99999995 100913767
677006197 744929737
869311107 891922637
382567177 955858255
148572576 362232790
796902562 926533699
89 864749
814777402 920552744
420311228 506926161
429586435 754221461
99999995 100490730
89 696991
907995092 949306093
339958762 622106547
89 350115
310416783 365248458
965961454 996564349
98 667149
99998 484017
507871988 633775659
210986842 535209149
9998 355067
99998 135523
937540642 955374894
934725250 947946223
99998 858542
264224876 333905914
839004956 903912913
89602306 383629754
45550336 755837297
998 504505
98 703105
668186347 927874277
9226959 720579808
531112400 630589408
9998 590238
686969273 953955285
8 837303
998 364161
341252639 393515708
491878780 660944032
572682905 773414425
132657235 781205802
98 577145
99998 1094298
98 370526
99998 212442
923271724 923340675
98 632284
99998 234355
99998 702426
141898347 871455707
998 93098
98 800530
989724342 991755789
286499900 290137030
948493682 982371341
998 971660
658982875 688676798
496762799 983921582
621837439 888187580
680207977 895983066
57763917 446675062
98 130616
658665994 834136742
892616724 954105851
432618672 646679023
89 749732
8 79461
809406107 938024791
33284206 650085397
562015796 627242827
213885509 255724035
301418266 585961842
98 594618
292058579 744368538
998 875414
523463016 799707646
629344419 950076075
689661347 985862827
587663898 878035389
998 436156
673532501 920870791
667780462 750038768
998 286516
152731524 769054143
927188103 939273588
510675434 823843138
98 7481
99998 265783
89 356806
113919595 115424834
675912779 814165630
8 232505
9998 997498
437177256 784608772
150801556 226596915
190675919 696441956
302131129 598483965
424420997 717019337
953517357 989052743
99998 893975
450512838 731509872
8 651290
814835925 990219076
998 698488
876221924 971035352
9998 270284
998 155186
98 149571
323577801 892261282
931878244 972736176
892202508 992915300
8 193505
998 889472
99998 520361
322384289 489771012
507142751 920146882
99999995 100867014
226171472 621313348
98 761879
99998 186926
287807074 406876135
422737409 444772809
998 798977
173583966 852713750
99998 889024
468410623 876067006
291949734 606876624
728524717 871547226
99998 307980
699616076 819479652
559882664 840584590
684580666 846051830
855392197 911915298
582729571 879129822
8 436441
99999995 100984349
489605993 666588338
9998 643813
815881269 921307691
293821896 994129750
208766652 346441958
358724320 661323588
998 824817
8 892323
942054039 953947439
242785600 340868020
78093188 990603110
305413223 751886260
284984829 538062652
245316861 549085299
134041894 882336898
690645331 914396900
624834970 676602764
864101167 943215691
360964937 475888377
999035921 999844789
883960126 907677925
64610310 92181941
99999995 100308441
107141982 702261848
9998 689584
974552437 990912408
89 365714
998 155539
919296950 988467383
85558324 955589936
854666781 899435241
89 411635
157506820 751998756
954181807 966840664
362324149 975483482
932514760 959762667
175644646 339326463
98 108421
977997804 995634439
330483231 611788688
98 790746
661496179 851391718
390767745 750072368
998 575679
141584638 162286922
99998 1027062
998 190154
891326420 963892132
281508119 656665780
46454467 493012399
854272716 913822593
98 237277
99999995 100586744
98 213041
508115395 878861177
99999995 100287091
311970712 399916631
914316262 981885187
523965050 894840405
300059804 642123282
858383113 976969291
8 443498
558028470 854770127
98 346644
99999995 100877678
726918239 919618279
996724916 999104617
98 743864
618010622 847181794
99998 212054
99999995 100010645
42762154 189676624
9998 296822
141829037 191926438
9998 907332
99998 921136
69639605 424680684
33228896 407680309
98 771875
89 165341
71626715 962849229
925160903 946007457
89 576144
98 733483
99999995 100843046
235421769 833484249
538152318 784250741
285470474 860832818
415692670 742749061
734712181 960455713
63286574 203631109
391447232 761816645
9998 970928
730064296 924476359
741002148 746352905
305612676 774966381
515373770 607363596
98 691034
565408917 903289956
897004248 970833516
344906432 948337837
992659262 998467151
98307587 229489229
208666759 360976105
614357974 860171401
98 348984
451248929 795122909
9998 367292
647847313 850756429
529657718 583333734
30636772 605918152
400550368 475192186
8 633206
306556706 310702582
99999995 100428944
187515892 499038937
99999995 100192458
352565375 752712816
99998 962812
998 46744
416330800 615416625
647560751 879738647
417899397 492226837
968578627 974739845
972746540 998234471
8 381165
99998 227273
530414535 822224371
560637624 945555668
99998 709558
9998 352926
984251768 987496264
986131726 992683566
98 779114
9998 628589
59898710 566652702
514299343 877952861
821555487 898289200
99998 779586
614166551 962951645
89 783785
965447626 994274306
346366579 746669407
8 329766
402952779 441837982
971697004 993675330
98 998565
998 87604
433409735 925818576
9998 89647
998 162951
998 357473
594338411 630996701
886316297 953212591
810960286 912371910
9998 974970
334521813 751704596
185407997 674457087
740028869 752942387
998 142085
595194706 822122000
8 251879
581960249 672607194
893339286 984708953
89 854682
8 169927
682393645 850939513
99999995 100809368
99998 195273
319343188 515060787
89 944383
998 540168
939208896 989034124
729242692 776795299
620075266 897883826
355547834 887612674
9998 672839
8 172428
750736770 993693275
99999995 100041119
292940684 982706022
89 973402
99998 809407
8 323234
482522440 897031276
116729197 297689252
89 328352
640886183 830530375
333789123 518636626
941524487 978388484
98 495118
71713627 522689047
589483867 850891807
458506654 496327590
98 598378
434176449 719348158
8 456679
943584216 953456610
429394502 544694783
99998 603686
59335858 711841997
998 202676
153475059 165242504
200814705 383732007
861595965 933937405
8 455860
578357365 877328677
998 636747
122078855 731894002
873950889 940414386
288410618 595499299
99999995 100391478
386531105 595720055
460943416 671897497
509277873 937829089
89 557572
543266561 688648809
98 906793
616887342 761112579
874654153 892677578
98 666081
8 956635
629487910 784565497
561056422 960834681
62914261 678367871
998 950014
107487989 445592045
491623673 836351381
9998 760442
8 530687
492857210 895111035
99998 184034
105558840 119374070
610918711 936320892
57545616 113421168
9998 16339
192735174 374200322
99998 219904
668368704 998405835
99999995 100929980
744483197 843490272
998 408338
411284990 422788387
998 212342
568945750 663969394
633755512 968430673
584300849 853435965
850193550 960948659
51915527 596147365
870355119 906232288
998123260 999089351
9998 735120
203046933 336455180
304461587 583439758
227679064 940165581
98 474403
581440131 909183247
108143430 965743421
83591073 579474220
593739431 753474905
99998 822736
414204117 480264451
998 250521
678630337 801360048
282332425 588075436
449202471 975446714
998 531544
139910316 703715631
264062951 620268480
276906315 602747935
291024462 380371758
99999995 100026087
983955720 985982556
73200686 756356548
601694426 636522752
9998 371803
706270963 748152709
210793757 654429902
9998 255747
9998 687865
9998 229497
99999995 100199075
89 936241
131644960 364268243
189638135 610735028
8 5956
27282183 933877143
9998 789430
983372294 998411317
99999995 100315418
98 551596
9998 733814
26930478 635624743
221342553 506981320
998 595904
148941296 311862452
195821522 361358611
659901416 969891771
99998 235622
209432455 813683574
398947839 782571170
501334222 873327333
9998 554878
9998 395827
214731841 670810965
686477962 935067410
99998 163004
89 566356
924845485 986073628
170236051 381522667
8 845477
517266988 727057818
998 254604
798976249 945343045
530326703 631300397
144358085 841231064
101965062 956223979
871058799 893894051
98 112841
539690076 730313192
99999995 100668611
499668956 820268729
513342127 810082238
401216924 402097564
591553197 910629279
996268434 997785758
487832304 851777209
995389209 997940464
514550147 950609380
8 61197
9998 642818
99998 989646
998 233154
648509359 785567507
80968070 273295584
707880916 916400153
99998 998983
541402634 736514461
622015089 840948406
957121760 989631694
8 801242
9998 47572
264865431 608218947
684908864 925058927
883111535 925416969
998 643892
990830841 991750404
767340358 971910279
279140332 982995849
176485432 792540433
290786907 717701950
9998 718133
300540344 442499686
582139479 743306656
466899168 707606572
603544018 816624192
517032894 743173867
790502180 941480123
99999995 100867193
89 266434
474078368 723951407
218550578 447668319
17481663 857682995
14594483 831035430
89 900489
99998 149254
98 893651
163627074 592035788
341924330 454839122
835664658 851593998
98 354024
56736341 208381717
8 997147
678719188 758931401
998 615220
8 98909
99998 437280
9998 337236
510976667 716669714
998 966180
8 915652
64300369 739390614
502713197 591053339
347580441 998153624
883334196 914766728
412922883 628026874
634590805 776587501
793757665 943056930
998 615799
508673741 793849110
970648818 986924572
930201193 959914243
98 18082
240574871 911174733
9998 949801
561253821 632235596
98 414065
703724500 821980983
687061940 783570328
361550888 583485179
99999995 100953991
951441001 990876897
997707780 998935451
98 751430
89 93927
936703863 983815379
169614255 387776389
736814922 922461071
874286504 891867617
465604985 856846326
89 411015
386136008 456038645
998 25043
762129032 881306743
634677535 760348854
99998 384667
788917805 924315687
9998 52443
835843151 924490259
99999995 100637593
638437679 664058386
788919415 989075617
99999995 100092299
556714772 566845450
89 609023
79966031 765315640
48054604 967068135
390669771 720192829
283064988 864684646
710274869 746427459
234338705 987667253
46966623 911991184
249170405 449510474
9998 366917
137963558 336614117
974572587 992590824
455212711 696811689
99999995 100282010
403088824 457527487
493281877 633274449
98 308808
9998 813260
99998 340744
870978901 936800100
89 207201
571386229 697932218
98 39275
247651080 822504901
998 512847
8 217142
9998 696432
69866926 659857203
98 846520
862020618 900166246
690481930 714747015
236889554 492579391
774409537 873079481
89 514754
583128394 927989547
99998 141520
546617286 598700239
218811854 759963040
196352270 472006531
721615511 854138152
8 786861
89 845575
432492891 742316380
99999995 100492071
410825178 786975361
261624544 466481845
882050176 915035798
35907245 679721838
437447849 974770361
9998 559469
699682292 868840562
9998 43866
980152840 999959015
99998 244083
997682718 999827182
765897188 783611322
666661563 690613987
8 988657
252490108 650896274
886103137 959249563
607442362 977963478
22468397 147953037
793100853 892606375
920024809 954849150
466407638 704386332
998 359951
187508602 278832605
674172553 905080065
210147112 217507015
89 527966
131137448 788330838
517072776 943335161
823990425 868527076
98 91474
875563038 885427964
495377688 898996464
8 786660
812857426 865809152
337474994 870003334
89 806324
778376708 826238780
89 517981
727694941 798005346
288575578 467655750
700995778 862399430
998 845524
830671103 940273975
370787101 955883366
977746243 978544575
99999995 100015781
99998 151398
8202188 231533552
98 294534
8 369765
482875196 691266007
8 735629
918494861 998173132
212287702 672437000
143369435 696251356
998 824789
249841294 610742991
593681834 651309043
98 473106
89 775883
6883615 121411648
99998 908843
82526337 772383295
9998 571873
98 799864
426007028 827144323
466567818 666557228
856883009 968785485
347836177 679687236
247935723 943632237
584862137 956203957
998 496015
8 246081
522159345 856045636
653159162 703685236
839145312 871292437
99999995 100715838
163300343 328751067
388997843 534300810
184874517 415865907
998 252589
269051204 718271025
99998 476006
99998 740335
8 930878
702866026 869228880
873333024 995847632
55530004 163758102
580343506 984583030
690759931 835942893
89 20857
9998 780087
360149708 415697801
38213816 274354930
8 485644
60436763 970200701
81975559 469963243
712757757 773973338
471603971 800982220
18818843 221334781
895484957 971770781
397207780 594514692
496942484 761443742
998 30021
644242908 983497827
622523335 972455572
834068364 836362694
47181375 811010067
995648741 996887770
672483974 896735583
758244131 778298783
98 480603
974411828 996205891
910637028 988672503
991413254 996249176
99999995 100585982
909441273 914082059
834647230 957478561
9998 931988
89 807939
473095000 856649748
348996047 412544216
691138556 772117339
89 583515
383141600 896109474
910451316 998123853
9998 236694
531014596 595135575
479372791 865515690
332474063 619961370
782484431 909516771
971986124 995263430
99998 632278
93721808 238829005
150157053 418064523
99998 248430
89 940908
534174984 956915069
490849272 981589292
9998 51869
98 595193
104845737 236724916
99998 414859
998 252792
99999995 100582417
998 619037
8 149722
618979039 832011448
99998 354791
118388594 959641307
99998 632029
89 479080
354810669 581462471
8 748981
691774983 700630078
344752838 800728758
366723664 584574819
99999995 100777983
8 754600
420227222 545565605
991584013 996269636
9998 269121
24961699 285951740
490161016 706926414
9998 54313
524953995 773005171
32842688 471277221
99999995 100541968
9998 363559
193513963 416992129
93302897 169700825
998 545310
89 486455
89 367866
89 897582
917221689 989992521
12411412 868342462
699191197 839101724
49974105 477613042
89 494782
389878454 781397180
688888407 698587406
276117845 627707204
9998 97944
788596814 928896697
9998 604431
200582893 537116565
259197480 934903945
9998 621631
117249945 407994754
8 743869
339057270 569928076
403744009 558260981
99998 912779
99999995 100022229
575474469 657505955
879798417 959516591
99998 645252
233898526 560209259
149460535 976148913
668667000 785558335
529388655 587224612
506396495 592780717
998 873710
99998 976144
687064857 836105514
718352333 915889615
494827193 653580104
774746437 988138730
81497791 631897862
998 387770
89 885616
515148194 820523226
99998 459312
397011746 602459891
773078213 873385741
99999995 100529535
834088688 977670895
187100315 837523589
892836454 947773075
89 909089
8 117230
313376338 801940407
99998 189260
8 503263
767109836 772940755
509670428 663076729
998 230428
774346453 955447723
846151138 894183577
99998 869645
9998 520013
67794688 283815623
8 717709
9998 765866
945016313 960370080
383409768 513174887
998 221429
89 86001
426297669 740606726
974358461 987937997
151380111 409445242
89 197676
896027352 921845519
607957486 788351903
89 336575
400856640 705269063
969335331 989743604
9998 287317
89 495325
336002439 699530321
141753712 145153020
764213552 948410540
823490624 970818900
998 647898
99998 659985
755357355 866944513
780137409 963488458
506276299 789940919
281549430 427092773
998 123334
99999995 100247163
869779394 922734260
924158274 961245927
998 383672
551974532 889570904
711712745 823481708
338597306 892262818
165817478 946252519
560916663 836731662
736746224 864042474
321750579 341014064
89 747569
836857371 900168374
300063498 914240304
363812353 502752932
201169980 962665263
98 999393
8 819459
546938420 561442445
577130882 984301061
9998 279864
578642515 864523835
998 214537
99999995 100727083
988430790 995372225
996598647 997613639
171377400 658274635
563656421 820247249
98 135258
890479145 909040342
998 79403
674736424 915692640
930453776 931507392
99998 502282
89728907 853340461
9998 537060
435686099 941629694
819207590 890593053
643806483 926864370
210824812 256161565
555807175 937878519
613507712 670733337
8 108696
233730386 857468013
705891350 765192736
231286537 500042499
174525950 175684719
98 909126
791880630 881973632
948715617 950885187
468932562 775101691
89 364430
23994323 52941394
99998 513089
232562853 848863862
133648108 479446152
98 699817
99999995 100464253
89 281142
89 999325
266301917 676130237
904727004 980850917
560682560 853470343
320084174 617958403
998 285274
9998 750595
519648562 909661249
998 414876
98 63277
157876487 826572179
98 168082
582636653 641700329
389732604 897344979
169137100 252690832
998 339851
99999995 100923477
714619129 925526302
99999995 100482717
98 659669
762401452 978552239
98 598379
9998 327095
220859112 322882476
715045052 977586109
580609429 902446520
88983452 234949308
92923243 112552358
89 527515
98 629577
976732101 984697154
211390056 912869604
998 575583
31127613 988475101
291467525 992018198
798760479 834802649
265458464 530866459
9998 457686
8 947803
528166752 540736497
734043741 736063742
6674590 176506813
256836610 856046865
262628538 419977226
9998 1005746
446312327 697992777
310642573 607470722
98 529394
9998 174121
359660412 897560198
934979334 973475524
223761272 281319202
998 433093
305266714 707878124
36787895 563435840
230274800 416642030
908426625 973692033
8 469279
844679 991849412
99998 361877
89 470607
998 944536
99998 140628
233671571 304014866
702761207 803977518
448942707 614519261
524720068 803776784
689579068 890505960
2182160 456057010
319995687 871524702
388286966 962903846
633030338 940933284
98 672849
99998 224039
432802052 598005892
45476815 361334136
89 575308
99998 181520
674583169 922779398
122158243 353813777
735418775 893496225
99998 517666
206444883 805340885
270850237 921631855
955367007 991281376
59303990 581238239
110522704 249035224
521858209 751798955
8 638206
273350048 327891107
98 120258
89 563541
67408020 412299041
40847712 777516079
685758949 827797763
490953212 937039365
297560921 565010958
98 674276
966960754 979476918
99998 142413
178375840 931613896
98 131091
89 867975
865604178 926200492
593691648 675383833
393930024 740627144
998 297181
8 759759
263214480 455530424
625875193 715219700
832009847 951656972
8 405596
873418353 889008764
998 587918
226638513 737270130
177923175 325456502
40556672 712025796
994500129 998627037
89 93932
660239506 996670916
326046770 878185294
411991492 470831790
8 352249
658786580 702482274
998 962991
514346548 948777802
229842961 737077766
237560389 761498810
446182588 613266554
301228435 431811495
616610530 749749359
9998 719008
744037051 827141567
188981135 951902774
8 195123
434195110 981596478
417379490 721897216
8 431586
99999995 100742644
215435144 676347544
836967977 967792512
8 254777
89 834935
420283977 433451807
271873675 922685710
9998 153574
998 926454
449647458 988726250
422539441 453964914
16915646 961904917
99998 515199
959481464 962781192
926447790 957130726
714606941 997597560
8 508759
919004251 951948994
913986711 915454257
747446295 927709617
89 67272
99998 126518
89 645357
140135089 331544421
149634710 687312828
856180972 952662864
394857534 412327731
89 826975
110582716 787700574
9998 484606
652762040 849120274
99998 215325
89 955430
8 974031
135288630 977657398
99999995 100195953
99999995 100517900
84690618 526296199
8 401699
220093814 384290063
8 38938
98 878480
513039515 605681835
979564150 995924526
998 236317
998 131186
98 742395
21917993 539066647
197661482 785083864
799109636 898632991
627241534 868394994
99998 156835
98 152965
614527455 642865946
42958118 363664614
550974554 794630961
98 198151
8 296785
110936143 799372065
570165727 921037164
998 522596
682230231 941004162
98 511090
339375022 779435524
737022367 967725994
369373798 802070255
998 429554
99999995 100737996
638802587 741424463
99998 897730
105746835 168589662
762047154 846351226
778991918 992079761
704606949 893129228
661371227 850149017
307753641 430214211
425644859 901868538
120084002 820312639
534097989 947891931
98 14101
253345140 939186410
295124315 348438541
388172352 597422653
282229740 769123952
9998 339582
99999995 100626476
653153325 804834744
395126636 480114507
8 246067
310262027 880863761
284801872 490966635
775105931 938163756
8 494768
9998 931253
998 967802
89 412978
809799944 861223114
87088443 582431643
312254740 992721712
944832265 966668184
870654179 916533601
191707206 707845772
9998 74614
998 328546
89 512947
829401142 894083402
238369704 438039801
8 555724
531352963 725100972
310988240 764636061
995796370 996011355
99999995 100216484
804917708 883297333
189064374 489964914
555522315 722879740
91001944 101468054
940637606 947692128
99999995 100804803
8 6244
99999995 100160875
89 720895
8 979075
8 692934
987571517 989252949
998 195944
89 915523
8 870232
257208363 884964196
8 471125
934462090 965530332
98 842121
294480832 572971561
9998 807128
578144203 784885153
8 18742
98 204358
501972785 934920746
512930887 943381145
659871578 681577674
771449792 870372795
99998 864925
99998 640697
99998 252668
791591034 827974586
794339848 802561752
487970766 489583758
998 733509
165983612 845400975
521518032 962982009
433103686 490733426
6556246 582074345
303613169 558455277
99998 319501
151692180 567401672
585329417 748947875
720392343 869108591
98 493843
802949555 922464185
190409363 330179655
689971329 768650608
758991976 931578822
98 626056
638458081 952191253
815257041 884671802
828403320 911813541
882373259 966851846
99999995 100935629
99999995 100078848
8 49131
85249883 581771190
8 695093
998 981007
99998 693949
304928718 784844132
98 275850
354687958 921842780
677028249 760674033
447620955 645391623
998 415454
263639098 945828978
99999995 100234569
258845549 802314798
99998 437608
187368913 538584853
450436937 919208432
939089077 971795979
530165993 661973604
21598681 625974609
175657329 635361268
571841070 573519660
146704155 390412380
430268072 512027049
96155688 299143830
9998 701622
74414509 212755277
9998 1008670
8 858979
98 812233
441941793 661904411
429667300 911179149
905975612 933753993
8 547804
604563240 678333516
493123654 567500547
999404073 999441455
486700315 772248625
998 661244
320516196 609831152
487397262 855167121
713509963 918498256
326477382 776617806
739645819 938700446
463529284 891419231
46722769 278176467
89 885856
802531338 821036281
884679970 968236324
974566761 990482677
9998 938578
962028959 971865288
8 607633
261068919 267728434
622042280 669157480
9998 905443
339342791 481427453
816817642 824226502
448138393 563071387
155096218 719327390
935152272 994081356
998 911354
962373065 984130262
396269427 603118308
155298240 230966946
237822249 520410675
941374753 995894924
604791972 771945273
558409210 772679190
12085006 781462072
306900646 655995632
71288801 652278311
9998 47219
9998 533159
638187089 820808760
99998 135110
8 876007
491339775 584358860
637824967 777888649
515001336 579857458
98 727110
689594774 760413643
776068254 972893384
98 276517
361143098 671082296
9998 655243
99999995 100446014
628389590 875875397
9998 396992
833136835 993236747
99999995 100292692
36953772 809348435
98 354062
9998 968214
946429317 998297564
737449856 814784669
193524877 442504745
403826345 552539582
99999995 100199832
957167965 978455977
728699092 800509319
99998 511433
463761613 563396801
501315483 822968170
796156716 912662158
99999995 100962139
959253444 977453717
29449215 999835224
965536997 999094618
8 678824
8 580892
688028718 715020062
948797942 956226978
998 13470
9998 118568
308520677 895165325
719939351 904908236
9998 338391
20788984 724649396
710798855 941046472
8 882328
9998 436217
99998 659577
304750168 881964471
429820398 539924112
98 35902
958069148 999927426
9998 980062
758224351 798308123
217778461 432758933
438119356 835563837
290067975 609189043
3680638 11184253
99999995 100457796
523914734 654275320
89 303267
961991516 977008667
802231342 960611435
98 71675
89 981052
998 59621
229004141 572520065
230675377 404996882
101329002 808382341
502905554 595591317
296074997 930525249
9998 295400
430995668 649843314
392435763 720745732
373211329 511391305
9998 663333
99998 541482
99998 605613
89 974857
878732021 925433157
545904210 865818550
513047208 648298689
478033766 992358366
994819383 996515225
810078736 859371850
889162957 894695378
491453930 559652017
722764625 971939971
811687399 859932034
806064190 944244600
561266807 960445946
89 659218
774818651 853763474
604072405 924216866
473533228 743516823
524521023 688683860
866729001 932343463
98 57160
69326904 90405840
868324377 989327114
89 222153
520053960 701019200
380737424 439953003
938358495 956243192
762035498 995455339
739748613 999977207
210539453 299510476
332107202 731671539
8 441699
530403793 875682181
567726956 877417127
510587741 954964865
9998 341546
111583195 791473842
89 485124
312700339 950192159
9998 820248
9998 697258
364551483 828439302
783997042 913462670
240441185 251309224
89 619265
654468484 966905968
436465259 921531532
998 811207
998 904376
591557241 828766076
277828334 722795982
457042902 667405797
99999995 100581194
977853091 997737418
99999995 100573777
98 882038
829469466 857911609
544979554 922614608
9998 356213
594338030 988461836
71432823 631417953
987306299 989582420
98 35599
99998 952596
691863092 716802759
216190731 410309451
580115506 746927821
254013822 610009211
368368958 792371544
662965015 982547290
703431352 714557764
99999995 100250480
98 839462
98 785689
99999995 100104173
991998537 996306003
35864071 937546090
8 41097
998 663116
98 618891
289589840 396277066
538775582 869563584
193272766 592571356
644147176 882146338
999434663 999706357
80856612 290874235
98 522472
378725214 785913865
451875194 877716219
89 839617
773609418 863109617
130402848 535390728
397491547 411570040
9276263 328414111
726141446 759962588
650431704 957343379
112048775 737162294
799317012 941631150
99999995 100289010
99999995 100529586
266219759 681179610
98 215065
89249052 148269271
707820843 903273061
768166259 910190140
98 543507
789479753 993354131
98 538851
146105912 791568417
699612430 957372420
604232982 790121429
742155902 973531626
782317880 881756695
99998 111708
89 422916
44718182 422789842
695786034 711130700
439658816 591449194
774309933 878588731
775496703 893031888
8 383150
932605632 953198447
99998 228309
8 95455
129832056 909132251
9998 486167
99999995 100780646
9998 211575
89 68890
732658884 956212266
326089901 447538898
998 848812
998 992626
815398045 929114559
9998 191329
98 946572
220614344 539188483
782346146 962145113
8275067 251404976
855671249 899942694
8 313507
8 138830
804099346 853143306
998 581595
30943942 611629676
159850200 671923361
998 980261
575854910 852759198
89 664025
424252658 980274109
99998 137098
883611261 944009997
260542903 710013848
582859180 907999172
936554931 991137880
908609213 922950851
89 894619
8 339174
8 319236
99998 1080563
986677011 996746518
709066344 872382029
950262491 967460468
545470094 911042768
176281925 538651728
828770469 959020396
321940950 807202698
186991078 327173425
89 143164
601449563 740950015
122937562 760661913
99998 309373
89 431909
998 750860
99999995 100767106
254915024 639065715
765212343 956861495
978078448 998278652
8 26967
54586560 695008538
998 894110
998 438914
806891435 961879561
654471747 786327960
915340374 957283884
8 52923
998 229310
773200231 952798467
658931042 755754385
34829057 204576419
9998 263451
481201565 493046860
9998 926187
639924597 991790478
98 68521
89 574879
89 532594
594745407 859971056
39539255 916909144
197917122 378298030
99998 918374
99999995 100574803
352878892 756045997
431292852 886880600
246056762 680499694
373915878 708709953
808266864 990878039
99998 658361
336218709 391899002
876348852 931652950
98 434466
489154356 571806127
576325359 901050552
998 870762
933604216 989373586
202559111 347032040
422165556 635800532
998 514070
905966020 968306741
871675239 885763477
379424512 787133805
584025660 967648698
8 782617
958826868 979667112
89 581969
99999995 100914649
998 640214
29211004 577907301
141949220 511002307
708697404 811672347
9998 201595
766987992 947867760
704115463 903538060
99998 711809
99999995 100168082
960086568 980250915
730789998 881090357
182288126 198882157
998 110363
846441564 916490888
8 218457
89 120816
8 385172
471006754 663523564
820966482 984371031
793017415 883569284
779915474 877036722
881963879 979007556
8 93359
900119536 982003268
676282149 872010505
99999995 100544253
89 476932
559751920 617987255
998 68746
937898439 943712749
397523120 797687760
8 58499
133586163 415928696
99998 646139
433445871 680066820
99998 954809
356294415 570495257
89 436129
203081268 673786639
207845543 230890414
998 210535
299717536 800502380
646861407 853827568
8 249240
417270018 638997569
634217382 923636982
980435341 987295269
405791528 595706629
437602311 761699069
911883647 923970506
99998 346086
8 19380
544347484 799195458
370871336 914914811
98 914948
99998 276177
98 957804
195437215 299725893
329213019 799864262
99998 804736
9998 61933
98 116848
784239303 822265011
94551290 352633192
244253660 593958218
113335934 551881321
99998 186173
89 369974
998 410980
362345062 845829753
551629790 939453027
671473661 995717274
127535416 424382622
480708895 940813733
635485016 759132104
114318155 356637262
89 724712
998 609612
99998 265995
998 484683
502060388 783801900
99998 1002354
408914045 536356821
605840411 656529244
391870609 488519050
827196531 885868979
9998 780793
43136594 859328759
668947554 835756497
641990303 972692467
614031527 922805142
99998 344008
98 337875
51322917 445685809
995739307 996851897
403672244 650312065
629202425 976591812
906762345 962648783
150123845 430150933
893764532 936711145
9998 31991
953332218 995875534
162286576 163715790
956066721 962018194
824790548 931738044
784214112 853107344
342351974 666519663
611365363 990910716
711169507 961151589
590951302 969683466
395787403 626948564
792294002 872394829
6668926 476822205
457740555 519074276
99999995 100689273
281230684 995491865
9998 129898
597099651 727514106
99998 701097
998 25804
89 739634
429741890 852300022
228154006 733488666
841489980 861936403
715207201 803509322
8 200552
89 507361
89 274506
252842845 372877141
784963164 920545199
497496984 623762778
761483203 980366437
8 396201
127160851 839082248
626539223 825855994
957297053 964227085
147046099 452108201
627246665 947141468
99999995 100833792
911075010 978513319
99998 482488
99998 260979
277090616 944330321
9998 795466
8 55745
733657363 928980530
998 809539
233418225 528652089
405961141 618906918
590306978 867233560
697467899 736876464
643636697 992875764
203129628 687329411
416704005 419022289
998 749868
99999995 100802570
99998 295729
998 23755
8 405517
99999995 100771953
92785807 965518288
984494203 994261619
561489155 856314825
959977106 991358571
89 910482
316391452 604932958
98 133433
99999995 100108498
610953143 703061610
52038040 460721130
9998 71151
998 274377
9998 13047
317443690 750259112
662795656 865522119
65442070 404007509
450098128 899110817
212575023 447290377
973274950 991141856
416098723 797313049
8 833818
99998 378774
745298726 866104641
8 660750
8 272572
318743765 751972832
113482222 318824037
9998 815581
250999788 314567005
87603365 405933790
298620643 679868211
8 898866
550015003 614517777
98 517544
544435371 559842552
98 773241
99999995 100093017
858835341 891586576
998 597325
615532196 926918363
99998 1056870
802946213 982830955
924872565 975034171
860471705 906407091
99999995 100866842
806214973 967146630
231402857 828188514
332372253 416106095
434413968 859303332
494604051 915327523
345001746 860952616
834810025 904651708
998 750272
673714261 678925398
625182311 805982258
99998 1049393
98 14595
210006646 661448307
770048083 864375808
291201598 862330518
324322721 812024500
733970452 897123589
16111856 509080164
456072315 978866666
8 193035
99999995 100341791
6462139 976371953
258053074 726067258
99998 346576
648329389 669646432
9998 346490
96511296 922047337
251132088 758734976
93597048 230812228
823656119 890799914
998 228942
671546530 878342596
98 903210
9998 289566
121472183 393911368
50481747 890151781
98 918754
71816322 692256321
23859828 998861007
998 881253
179445025 578356129
126293355 752518327
9998 15707
9998 206741
333646341 535772798
380390835 624745081
159315033 858462410
603301078 840693808
596662614 653373897
745337109 792295066
601766536 834521272
242324939 749631526
998 532890
599852221 623773795
99999995 100024859
859097195 940188837
357868598 882429281
503172151 757822697
15293117 531730920
148248303 977362706
9998 102229
731612329 885299242
933453711 987185175
320135295 602050925
715831172 865164085
503868431 967719690
9998 620651
134959036 243315777
47958617 363877251
409494025 481751105
99998 123410
98 718910
998 641447
611505179 980136469
9998 451694
89 67431
9998 527702
906774157 913707088
77909029 477651160
734525035 916188642
637973040 908474072
98 827291
791421870 857465516
465331042 980636636
844249173 897022232
8 967988
193976112 351056044
99999995 100712917
696355632 793720065
602368852 780656220
98 963339
914413203 984790207
146771462 711004125
659324817 789781449
204622651 747200560
998 186506
147609591 378446474
721208654 832147776
992668968 999208763
8 666913
387754585 405247986
121858943 603504373
998 974232
998 914361
490914291 575758315
99999995 100497538
9560656 632186941
99998 309152
573249572 702850126
998 45989
470545470 648830088
8 728251
998 192823
334925478 502192674
597088656 754273738
287400913 338643479
99999995 100590250
420120101 787215541
594550164 722388725
98 557995
9998 779699
798152134 826868248
676525478 720905187
9998 94944
666551373 850064541
633379699 944951057
142715729 627406857
860302893 879338220
130316122 863597134
785032773 828577463
609069526 929736592
391702819 444604932
165029461 710172241
326107575 900592262
891515566 985286423
998 6421
99999995 100783135
336990848 392572489
973353429 990372034
295255384 428229971
99998 500991
382997105 793492680
890024402 905885230
56731241 130335257
177191570 515451423
766295026 827409519
8 641076
382122134 694240767
387083901 740127881
983352090 993201826
787503427 845948583
98 81369
98 980500
42761707 328342495
189016102 387114647
99998 569710
780038845 856907035
998 649997
998 475761
601926823 669926176
718105822 788003807
9998 902260
485939565 753327315
885498376 917799249
25543936 808904379
223006686 478237074
725813494 778127578
99999995 100329669
855739842 993424393
998 57011
495632693 695645939
89 845066
377405039 567757187
99998 743486
8 710584
89 818181
11657988 556145830
387170845 409253107
336331066 812656671
950521165 979742208
89 227607
919681624 971422772
330173348 468262992
207086839 440282524
260966660 438935867
328668676 719176445
810033926 884291169
746312523 860525746
9998 700233
60757755 987461047
99998 139070
901116604 959919423
99998 705340
127852689 781571278
207109312 294373681
99999995 100012555
676117969 756537384
611261148 691922056
827592238 993318972
350932378 778363443
869327665 941881452
98 240088
533795896 905537260
99999995 100100066
99998 352879
964874147 976405091
37643393 128064474
89 614929
89 417909
822712352 848802078
986229840 987205745
9998 664596
285576486 993074860
8 172354
743397818 818186424
300457548 339897450
99998 1074422
127200764 490502468
8 200278
99999995 100376396
998 13266
529894929 906450129
98 699453
8 396625
495591198 609642582
483117188 595568407
8 463117
98 971663
9998 1006107
262851495 478108819
945972890 950973497
239728002 412279733
9998 718956
99999995 100074862
99998 465225
99999995 100327449
428437543 922520188
8 408502
98 479612
98 905624
98 373841
89 452803
548430932 872034053
998 337774
98 452217
862792493 952745008
99999995 100030458
951014357 969153818
914028952 952588355
980525762 982347833
300620518 683513114
98 372942
99999995 100858671
378041406 491484204
998 242471
330891756 543629639
98 233938
827730274 853518137
998 986451
920652540 979994941
8 503809
958787529 985131053
303514330 720069988
99998 1040932
847923388 972673571
8 374245
845052056 868723041
8 489717
501862750 779464493
998 352165
8 781864
64219914 396457559
8 295048
998 267256
750263728 841095151
9998 714920
523631020 839631481
654113358 923433241
227047379 823855266
342996084 566833661
960112030 962412740
99999995 100640761
99998 524222
99999995 100381424
9998 97320
98 632341
9998 304609
880779138 914602029
193805701 489228159
321766644 870137965
313407979 647339948
586282779 721815220
658622805 869773298
998 327216
636038478 977288997
363979563 582547624
943984005 992107937
908122082 923939619
9998 969354
624154949 677039332
377536536 901006453
89 111798
9998 392960
8 472527
659044844 679621875
879155265 883999122
99999995 100973746
569647267 891234685
500170672 661454097
89 484818
63205462 742169667
8 943362
9998 969515
99998 152363
577667044 877920401
615608631 805328858
905333613 919853778
432914724 799522025
141303735 946956623
533036054 854559002
998 792081
323383189 604117516
332246599 781184564
98 185732
240951126 935633164
89 397375
874555139 969282504
707472620 748909789
457615539 965131476
785155954 925525920
998 693186
798070217 916523911
794856434 949056308
824835609 997214370
784763693 961319609
282668003 789203059
772383997 933420301
34996234 214643612
972684885 996086642
580537368 954700573
388722500 585315166
364730173 722045000
236302347 830898036
341279008 584472888
686263028 835165183
8 720769
99999995 100873945
790692975 791384545
748810843 845362716
818844219 821557724
128835719 605755459
998 324272
796245365 998978741
535319739 728787592
890602247 930724028
98 115439
99998 563833
383791431 442159478
98 28717
477288531 564879418
974342049 993591049
6622215 472878654
998 869676
776679567 936903164
342605617 653639299
172059359 256726585
773511127 974287598
98 878898
477414 568970322
99998 585230
8 700017
99998 209819
693495710 977906624
679016402 890969385
10725904 292472512
98 183562
998 309290
793280950 875182532
89 560040
267291251 883182446
8 981784
99998 213175
573717909 770011481
554098351 667542422
89 183168
686042932 740728640
480150940 993669220
184008278 286273626
998 395717
104358082 425942026
341733913 904486135
8 628558
912738363 985080147
503068627 670003009
463416434 484403533
887887171 938721510
337694507 562467732
99998 911475
9998 730541
647356442 678480098
99999995 100042676
7654403 948507451
8 647575
99999995 100741248
89 737180
18381817 621780751
490078579 605545868
285875731 461725610
9998 447229
29124473 599163888
966564443 989287677
994201201 996797751
222424897 525656086
998 134395
10162012 228024643
569101230 927089304
99999995 100232144
89 192987
388158209 636840044
91010329 343684751
118210079 669384753
108925335 858975402
329685973 648214725
89 890689
427344313 979737890
8 193125
388644106 827714215
9998 916361
993503323 995730894
98 308668
99999995 100778946
76943087 288392236
980200630 986371615
98 647769
727102528 913977771
397490557 577565613
245158485 463491798
478760007 814397823
567718304 938555550
6223309 156281723
180852023 400393757
89 949447
460261580 520208904
727342283 876073152
8 178587
998 665864
8 345560
371726976 845147321
761582249 873286872
475450976 684984745
512076579 758965862
499543981 599480104
62951128 92406651
761941747 996709684
961862208 987825723
830733583 967169244
8 523482
856521205 960221634
99999995 100033165
603037762 920983521
9998 911256
411717764 516640228
98 261699
612359938 671114160
946232426 968201115
89 31292
583070373 852756856
8 360347
8 896091
847276134 891463256
585251818 824025526
678310304 914402380
146260588 400217804
8 954575
9998 40502
909784883 992275251
98 459687
99999995 100896499
991381499 995287384
99999995 100169378
99998 997099
195125769 343174496
8 830711
291487946 587567043
8 339391
946259798 981662032
99999995 100269166
289834418 754217052
98 316111
8 206797
600859060 851669493
292461642 785238017
470901709 645282038
998 925024
874550685 911446806
338536674 433665363
89 935162
89 874633
534827026 969870920
668601161 827176882
513488999 596103706
192665420 458045294
103945071 970062013
99999995 100917868
179230035 526025318
99999995 100971155
99998 1023689
455566641 834964941
998 856676
428252785 731152342
889809040 909865485
761189989 915068177
13122691 703556884
857616895 979095755
230696801 795924900
951523711 975013007
483377022 977287104
89 397930
9998 91345
89 233009
135561483 545777492
994416571 995550522
283730300 824078358
964996268 981739458
126834293 918657637
99998 159384
99999995 100460757
854608380 996455752
99998 417224
101769 443035035
576407995 635261928
808807407 882333155
992588066 997215357
564991426 810895581
228189372 735838227
559892911 747240938
103709761 321300571
507696034 753706703
957914147 979910337
109247431 745188395
397399126 997510832
989082564 993226013
263823808 325261862
976657591 988109361
426956974 504793331
2412428 200795377
491654309 839165289
998 703623
778843740 956375867
376027206 443372495
32090122 968095105
590736693 796206947
600100791 935253984
666192680 822080681
785396562 937608834
998 333672
994693636 997722797
461123122 850189694
613923326 912916534
99999995 100103780
559645748 712386888
678333894 932585749
615143463 938364306
761190554 863709794
99998 616313
976907741 978425911
14338082 202740426
71071983 724605691
867140884 998020059
9998 529925
8 379398
99999995 100562881
267701621 853143782
400612639 663657654
437005136 821214410
98 220518
835722954 948503696
224701066 943406774
98 318661
857893707 989001626
729737561 879247576
998 384554
8 164041
442715500 865051670
98 856573
281734982 942801113
480037722 965637631
9998 567082
465405587 700627641
922249596 933747576
641392079 795012758
898997545 919484600
99998 259100
731045476 801645589
998 501527
826391249 963475294
562306022 692652893
107446621 875525508
99998 497270
557180976 923613310
163833842 915689936
564963230 685395509
8 917598
998 300104
76052468 290082010
8 731178
44936210 827143697
759909675 892812221
502756012 779950762
559981569 587614039
9998 54924
692454504 893918084
9998 543748
998 908640
953214584 994428257
8 444342
731468214 786662805
99998 124424
242277878 440817607
98 512619
279807336 505062022
569795975 658673568
983221617 996914881
99999995 100235097
98 221611
99998 597688
8 68259
844876046 991338189
8 780040
89 554544
527738777 838823485
812952125 891547807
98 789624
676307498 733213348
99999995 100963721
324208030 808305946
281174633 767616731
32612798 285712000
9998 429696
8 495918
89 717866
9998 852069
99998 137899
253771858 836596411
515541911 586498571
98 145881
183466750 337863751
2055446 67970833
99999995 100350187
98 348929
998 691757
99999995 100274132
9998 795240
218041067 693984229
614084524 832680345
89 1045
273115823 337716186
804238398 959005388
246878549 307793541
455780049 484842020
8 420043
998 531147
191836471 824064565
406296728 409239615
65829399 468171917
529576363 909243675
735334208 821096696
874160730 919965741
99998 608887
887802390 983515024
625183017 640465570
252440379 687745715
820064918 893354688
336084970 975340850
8 235605
112839485 688059424
623493949 876222876
389509918 627202828
98 891217
629202551 813302194
26427971 665388774
136525993 400344537
9696775 437255017
810109558 947599577
324350507 793999323
406518002 774082660
99999995 100154732
101069515 154319972
998 96135
178640162 403180375
889562662 954570111
89 844817
98 975153
819830731 996439384
450850303 770842407
468045323 958497813
5548190 31985724
366235105 899276603
9998 622829
98 882618
794239023 806824300
99999995 100167983
345555768 547949432
803324630 992389206
99998 1042363
347179975 719096357
397143419 872377896
913217009 942534421
98 612295
9998 922159
89 980301
99998 813067
8 123207
476191274 478095216
9998 142065
98 605084
986514187 991286884
29210004 388250660
8 41008
785155800 820657916
187719363 694705116
359790706 667637354
98 810727
99998 510041
98 247170
90769350 743457401
998 743061
578904696 762620150
709988960 837254806
998 445427
770508302 925583793
147016541 536523593
120766862 309979688
937191290 987927005
719048759 724754354
511933501 556913807
51762953 503814439
998 758751
230706466 451356943
98 803957
23932056 335339007
11155948 498971797
992036594 994754654
565781783 973571202
563472610 716725160
781174178 898277579
842318876 993262044
89 28491
998 338576
889551829 962135197
831000072 983500565
206846517 702384447
256749036 452528713
871480693 962446645
9998 935207
8 588034
99998 363195
99998 420882
471535318 759220020
98 467363
8 428128
998 314981
99998 439905
677718201 864082138
847674465 984142177
876256986 993130328
382972402 406863095
9998 700947
69649538 673426201
774910781 828767904
8 109760
429484761 827813856
11042472 903691166
769911762 960197474
900304363 906829833
956626298 987037149
89 147207
219898553 644586692
611719977 980033009
707037850 752142909
316211254 796162932
8 575301
8 95689
627877246 918331272
89 870314
107617721 250620703
99999995 100499909
99998 374827
330699613 424870391
98 154064
98 819380
916181291 987865078
783431561 980582761
99998 451670
845156065 891940868
835302303 937722495
524200521 654454501
801972649 912906444
115328084 770616569
285928426 862031037
949441018 974781442
423259983 690131233
956170259 993627247
19911873 990849023
424653902 789541936
709797873 806495533
89 530438
8 972684
998 433108
115856201 651588842
970224210 982582128
925418348 999088167
998 697193
998 446492
89 805976
89 233425
387866333 676588180
967084750 985538644
9998 85169
474789307 543214757
9998 368534
89 167402
40891439 178714680
500267779 860262061
577987215 700806052
895273194 902137006
865883106 939609588
847800759 940788452
161399035 934397700
443570348 792596198
98 107576
998 449341
166813364 781771225
99999995 100103123
450340197 963334856
99999995 100374769
99998 388691
285555864 371246682
51913420 444027408
399585153 894162073
343821573 505303164
16619587 298503557
108456642 881490860
810522801 848678118
8 161380
98 524857
521349398 740388893
62216586 684532087
99998 584933
649106630 652656233
99998 304269
268780932 685758975
740690748 999132641
429922398 841803387
185242413 356678003
585299132 589194552
600895197 893868661
89 893502
99998 628132
62597033 104042916
214529654 685986968
99998 587451
430762175 757718372
516061777 805947842
740122842 917943175
998 751643
525523118 745176410
974074633 997111791
9998 960474
911621255 969329701
998 123541
9998 850819
98 446880
99999995 100324940
831821059 883964643
998 952270
99999995 100064530
31717321 468954366
67933992 104915520
583734098 694275133
9998 843462
99998 1016011
89 272447
99998 458404
99998 818497
806224426 876601641
9998 451234
914810333 942521715
9998 827847
998 672073
224628870 564303457
89 885960
982093199 999691624
751246513 825605485
8 500134
430647998 682779830
720026472 821506919
600558279 609967396
977744639 981287195
611858866 782041988
901306261 955673046
98 304778
291338337 492732245
998 491563
585706836 755851288
330729344 871455809
9998 451678
9998 229304
527582584 918422018
385545057 871697378
99998 605893
89 962581
629890218 974645359
491299334 566766975
236548812 926421779
922883435 940751413
330639297 350690111
9998 166373
491696493 550085097
858883711 914955865
191370137 353167966
250385332 895671516
856837082 953449944
402960965 410394414
9998 769115
617466009 632185815
428251710 851259271
406384989 446051968
99999995 100388240
385668136 897737774
131006951 289165590
895060441 910388557
404347024 964401863
9998 533308
99998 993072
8 752464
12204036 306814371
61863439 688238576
91938692 968795245
998 947846
89 840468
8 35179
933963460 947328434
89 751429
798099674 859040111
932754553 991222785
9998 688465
612507923 739397467
89 237652
152295237 555086467
9998 645027
949372683 975950836
829364075 863635300
291515222 963115954
36395034 902436279
376117298 562455019
21139495 106583031
89 619061
98 27759
8 564282
33783203 810161779
826102056 918053089
974759600 990584771
89 936140
89 432442
728379178 861990513
658604131 952356363
998808986 998897315
150406156 311457393
723968719 893810323
99998 304018
805831014 910205510
380165840 756425625
24945505 750691177
719857247 878827033
687317537 916301312
580565747 996174169
7084911 754346552
318147447 537455292
945951384 950441958
89 146815
826184502 902750070
505074218 994705814
987532205 990722469
998 595841
99999995 100277499
762290212 971190314
871617209 935701810
9998 697760
89 657624
99999995 100119298
901086068 951027315
699663263 775415587
344002866 385780372
99999995 100986183
663478598 670939425
750244929 896195736
99998 607384
98 176538
349613532 993527160
89 982117
237692790 914745848
99998 950494
733976916 976550604
99999995 100940962
352962538 898868430
591015581 763984062
781967194 976290596
375873971 811111519
8 60554
9998 214395
8 923835
801241655 932992067
353604645 736463277
618258384 680085811
170385420 460262269
897022301 950341910
639603145 775648060
9998 957504
99999995 100873770
653494329 936325130
9998 486604
99998 757395
6563476 726996374
212432564 627406873
534971107 940593853
99999995 100704594
640559488 959606636
98 772123
98 523988
99999995 100926081
315200716 590044831
87410747 816416387
888263984 935824997
985627861 998082817
281514957 957848285
133144581 955233718
365678161 744301371
571016732 995192065
585153449 670921440
771901980 783678718
163281780 766507291
348311216 742250315
369651459 570529931
998 373729
194661488 910845981
83322304 340240857
98 215065
800294262 980416489
9998 270375
89 708748
675053982 749976955
89 81757
334415943 911892489
402792005 902004364
9998 517254
306684388 966672550
98 516736
99525876 407439713
9998 607429
227303158 582129479
89 270848
666973080 715524023
209235433 908388723
97349333 552036509
99998 860085
8 56826
403467747 495494317
225663492 799390709
161831197 197232487
458572579 517633716
148393287 622371186
998 991862
99998 534010
695327923 823017024
724614391 838950488
225681846 889782210
256568038 357708031
5320900 926014036
98 134513
137671122 495904994
865720587 886933032
143272913 451457450
8 584658
394162994 748865945
939950565 941499087
830258570 853082766
769669828 821600728
392887068 995855698
267295240 530609624
98 539068
712228309 980639135
762082785 794968126
511537635 966763712
99999995 100569229
605651827 751624359
820687156 997317878
115315402 840262581
99999995 100714397
737480605 822368543
87589820 793502463
8 40589
991500359 991999784
457656690 497554839
99998 263555
51402021 447874527
99999995 100481830
607512463 974417802
402149734 537218133
615206539 987187144
324758445 705529605
98 979559
792048050 838535775
661314317 853814943
89 698021
431170506 785700473
98 784412
497677021 885616850
665482524 787708875
89 188469
482824858 961666951
865359198 915486533
99999995 100117014
89 250783
224148679 754658289
314457011 492180681
955963536 968173072
241099901 683045303
259067813 564132134
179392853 779556997
214138358 347276326
8 226989
98945814 868188939
112034876 222354640
934560884 964858970
860027118 998117506
998 776593
217043720 819651168
98 202032
9998 26095
9998 940713
629084153 947653022
354176382 370265117
9998 399096
46587878 170455966
998 359093
774713796 872627454
946456586 974770548
659196371 848544660
312725216 703578248
556404833 597956873
156180722 251170878
491046945 634252239
99999995 100046620
8 776398
99999995 100056592
9998 859431
879514548 930446701
89634770 255404302
114336535 135146677
89 496188
99998 722389
612759952 922708801
998 767489
98 530626
188831253 773022026
98 122884
9054702 461478647
99999995 100906752
163858983 176722769
690917036 786351101
98 898376
99998 121929
414302092 503189884
99999995 100288668
8 69146
506157381 848399823
8 966413
9998 689323
89 388546
986548038 998726114
990184088 997997249
8 359096
353211059 522091008
155635569 902029750
385362679 813442346
835203988 893541959
998 179712
99999995 100680096
842237426 956653755
317913831 321070428
8 209666
99999995 100724450
99998 216685
89 293532
92913319 275464952
8 216879
956329986 975068588
250922761 403065287
9998 602770
99999995 100910197
798613251 954645901
89 594464
913939070 944822349
615907986 826639106
161914246 348041618
928682164 952613733
147229899 337901451
142254503 559864731
804620882 822751397
802575630 970436663
561427297 584699666
258546587 396556225
334622595 651732866
722998601 962295180
539455625 709528969
9998 850962
276113846 956596833
624146821 836703260
954432008 971267193
107108309 183380633
391117992 656508897
446465233 594503454
54629935 225179449
99999995 100490513
8 439608
71813074 500051331
427115936 711285034
99998 706695
922453822 942944690
73860662 745478640
479744528 597293562
9998 335619
137512400 453470672
998 247103
663240344 826233713
415114801 728855253
321461289 706017571
866376073 886226358
688034725 726611832
276656828 708689618
956893933 982345329
304873921 396200613
174333901 527984819
728241121 733033983
998 790356
99999995 100824249
416189272 873702317
998 181399
982073989 997792795
695603149 947963645
998 149315
931974201 999829335
364787578 632016080
817894704 910499381
889965555 996393608
686497348 833209187
509860070 599578907
998 772829
8 870314
87094586 621907704
799313549 995546279
993148234 993570750
98 342066
305487721 342788421
342408918 777216725
405423939 718551951
608297406 748872150
603244068 919813827
953100012 970392762
160877590 419131568
590885653 953308046
9998 30137
827622911 975281014
546007084 714729276
417906762 685654580
907103797 965372846
8 914129
455567008 696525858
518321405 697283945
591563139 994660675
111464372 733300815
98 741788
746904382 990941179
975511924 987904504
198762593 723037640
984229173 991077302
99999995 100794941
579503887 885436674
99999995 100967148
968785486 974213854
998 276315
593762839 686174616
580221798 673712829
99998 368424
149862592 786458442
998 320871
99998 868334
913477770 972208406
570440707 648354760
321696282 709826367
124658566 269829970
974108132 982242928
998 750768
518815738 882991025
769244751 925058939
750455433 753155076
99998 766366
783283267 865403085
613671491 869705118
437042571 900620337
9998 217741
492289670 933455558
431521114 883368877
9998 263951
542858831 627575538
99999995 100701863
998 936106
309270975 889348468
398709746 558473877
807257790 971107111
99999995 100858526
757710930 774181348
34593358 682152436
8 851450
350741743 565296381
998 742969
44268995 316086603
8 443087
625147441 902681235
854266044 996276418
807427590 812544339
99998 374513
8 520250
99998 214313
424808362 450775182
507805008 673801922
98 959208
675456345 726084920
152913013 865509276
998 981532
98 405479
929716221 988053516
160073549 351461551
89 660968
875602942 876787714
89 987459
734541646 837922893
196965744 754070281
22779591 307615068
998 205049
99999995 100766209
587850821 786021667
8 307169
93805212 334003414
440765603 708375233
29812735 552098542
628215266 909076205
634849714 771035833
222564250 938759215
558573998 988008836
162520003 449572416
99998 682516
348902188 986820206
177321817 727994712
99999995 100966033
937908547 955303752
998 510247
621036696 863762430
58249633 877809172
830504703 991086335
9998 256748
909657183 921103837
940366243 943782334
99998 805421
89 311090
430833842 885034517
141136137 337257234
357414844 834988101
89 341959
998 545940
155849414 299532623
614506770 769419349
14197761 756936435
954378974 983714700
99999995 100000531
6573751 408738033
260503231 484309999
566180400 707693128
813104216 878895607
836643933 867718534
939823234 998735708
893323464 978489100
984208269 994835473
998 217891
780527980 933460413
127561773 962307631
596148816 607890242
99998 339566
98 291434
89 446716
998 836376
881237878 951008998
33084618 187222523
998 515100
952763639 961825114
89 891725
825556299 855841912
683605035 834896652
281787199 972972286
998 567387
9998 645958
146615974 518527540
231420243 880288691
89 631710
765953663 818572952
767393974 808207960
99998 516832
99999995 100142456
813509683 914007563
654628223 891102448
764390717 977453615
9998 462345
933470620 972276737
888477593 888766164
942908729 989001142
355157206 594511526
466632238 951159556
167769368 968444389
518444717 889562934
89 693637
89 539860
261284419 643063133
286916617 372877769
220674766 502032985
138953164 145446127
98 517994
99998 209220
306276895 697727245
660784847 830391670
581192606 998120282
47696172 623471200
99999995 100570727
998 49852
8 315474
8 541780
202027605 453774828
99998 971974
417995242 770998767
746661795 883061810
998 243904
98 120906
690193040 904972039
396837834 911815416
627522860 664522917
196634319 756857325
998 758048
8 561541
446126152 807511145
110496411 517579246
998 828700
99999995 100901939
99998 781414
99999995 100082840
579283989 609545637
373962117 818606973
109048152 553463752
362613422 792481516
686358095 785371081
72174012 373392606
353912873 884592879
8 501041
468527733 604189820
512135320 858911190
8 826717
361395962 384079950
89 782502
598155083 824149322
998 875174
8 965342
949897019 956309900
191084290 888059767
98 903508
8 445270
697801856 864218236
202421628 389002455
99999995 100467701
144694938 436446801
9998 153368
9998 936383
468979884 883873871
99998 798453
872767984 893590177
189755420 231957505
712671495 808758133
672219081 871811155
798074138 803069313
98 872001
89 38843
982223996 992788674
98 173092
444713146 576762312
32377096 592024582
98 752877
141892619 910422690
952708620 963392576
89 402756
932668543 992284816
297909220 458255214
99999995 100508065
99998 405613
9998 729856
99999995 100612295
398016627 960056146
566802184 676976804
918652706 923694056
99999995 100792051
40212530 575244966
523047355 800331129
99998 731687
192678478 883970339
902533232 973941790
98 950378
894888900 954670925
849637846 994808064
105485793 424198023
295135344 871432759
9998 405875
309961176 548685989
498810449 512942729
462772064 760907857
9998 921311
190412639 811805408
170293661 487159486
998 798188
99998 661646
495746274 858715680
772058952 858330241
89 513319
98 512088
890991630 977620386
99998 219833
399378656 540776268
282402274 572305368
99999995 100764709
98 740665
664821848 759834304
99998 328163
773645789 955128241
645519248 852645191
98 635348
99999995 100829267
98 405939
755867201 848052844
493957023 883581651
206678528 516748608
76840454 163225765
99999995 100846688
99998 856522
190842632 578593013
165297806 308391215
998 319269
99999995 100550725
925683993 974418042
99998 802612
895392895 958547387
364560614 880270193
465349059 968276028
19620964 556930353
512533238 559322380
802092640 915414769
221328386 279567908
99998 400303
99998 803096
66465404 856262547
8 931634
998 189732
981068530 992620727
596632087 611112442
9998 255184
998 180001
326056713 875781033
441611001 573390540
75873522 932379398
534550554 557927608
87012384 94317702
99998 113160
98 978449
8 418674
426148997 489691810
124436158 308400537
29645776 952555022
965079382 989865713
998 704056
9998 940372
950920457 972846991
8065989 516098264
598531908 861114646
9998 138863
89 739617
823397114 860931291
840903848 882959073
762852681 906302361
719873079 864751492
650170387 767893594
501947918 973493425
513825564 583238833
387737111 663292794
736712094 958128613
99999995 100938353
99999995 100095201
99999995 100280321
98 650169
81482867 744274104
98 755350
99998 1009471
533653241 632223194
438484875 802910013
8 89644
406698274 859541935
98 392058
89 161563
765396672 954847957
269411097 396823448
523769968 778112570
9998 152154
998 81071
541396581 962551697
72720265 753446574
9998 317225
998 706458
943517599 972098560
962732921 974234971
979795267 998803567
8 840857
313287427 576078420
287529468 559912288
89 738741
383688601 455466022
755771799 856217616
839395700 967194366
287578434 347978085
488209716 700153476
98 521051
998 917198
30929144 693803679
872081472 874094435
803020573 810609650
56814023 902183513
9998 465672
673178044 680722046
909574357 914469354
89 937446
113756706 606101454
39174383 291056844
881016970 930053945
286158048 597037360
561732987 996205723
517576141 761852458
110569803 177094188
998 640083
9998 859434
99999995 100848951
99999995 100990342
799772348 965577166
99998 717364
98 297601
871066451 932820683
998 489271
99998 1071176
976479135 993252257
724331044 785648736
9998 910318
998 353864
150459730 411125158
99999995 100541029
282223233 869080532
293276210 947590696
480751859 700816331
742644270 844731864
130618813 467256470
765578813 810402159
83088526 224610601
185956074 824245412
98 838845
99998 717527
421272283 847314483
835460568 905870410
998 902008
89 914160
705248831 802310148
456241269 948099817
99998 291109
409118489 446374591
835480649 923644694
313406156 920126026
99999995 100106384
109780950 733237994
919551330 966994079
603331455 786162156
98 618622
866436522 997819172
670952022 978813989
99999995 100146781
98 792720
99410922 541624441
8 468242
835057328 910097329
132738523 609488115
799030280 965938211
94727860 430663983
9998 852221
89 369553
302515365 431085058
190668113 739960618
99999995 100528299
895111149 966503957
99999995 100663353
38331939 477651499
727646379 992898612
646111320 866690389
384711023 525558426
270122242 756544238
324240867 677518196
66803268 657794179
423835776 993927043
469428175 786287069
561261866 825972440
998 963282
448997314 709645258
98 633812
164391849 735239804
933420732 958423236
99998 556781
998 683139
98 521555
99999995 100913500
998 256246
870342130 944046579
402749984 946093021
862697452 902787746
200429613 843033100
867219464 898515339
75893319 969340402
98 324384
660459735 872931286
99998 788443
681137584 705891326
9998 938751
370957107 374819691
9998 168556
9998 477285
8 48172
270003581 826640767
935057261 971656322
145374983 680207336
407498359 713237612
112827163 414101745
776982116 967036633
8 325483
405385438 965319044
8 306408
907681967 957156326
98 408341
441988562 997557551
425518294 775434143
931514275 981122181
89 305984
351972967 363079939
998 18975
635030571 813947444
630469215 954270799
99998 1081700
271920003 481886084
99998 911891
118392048 774038262
9998 962952
730165593 828551799
998 30104
8 355601
954329792 977376584
99998 702362
89 493609
90283554 319975824
8 823171
951726474 987674894
99998 357220
473530167 535683159
8 638715
9998 311171
405460911 835676123
8 435112
919799810 942364171
750251279 931974675
949173811 987465382
98 874460
495976486 935784790
595807927 762224421
98 692780
433846597 871113716
89 121730
656189730 666500083
998 508469
76580944 485535446
517391483 636072325
998 764508
998 513815
737624538 956565682
807429448 812967710
199689615 820214129
410236221 891497796
602669454 731235094
11830875 268668648
89852483 696278066
30484955 559063991
487707304 984843947
8 381053
563759523 641723663
749106753 998333152
99999995 100323392
89 922386
98 541335
190519024 803496049
99999995 100936928
573018946 825831143
935112221 984957023
747160777 869853016
499802438 782266524
89 395570
409609286 917290128
60871734 409690478
176695998 964945533
879923040 891387722
619296643 915919262
99999995 100840307
338113356 624125150
998 178931
421996379 921170907
98 104883
8 399942
998 676929
276689964 934790324
656703334 910220307
729030994 956433328
9998 25958
99998 495397
728142487 757620663
538516490 665629117
89 918626
639138663 714261365
838107482 944307105
415167312 959508285
89 359556
8 578427
381158020 391759277
98 602889
89 421474
161264579 746225796
99999995 100952403
99999995 100731321
99998 109937
9998 594375
500439107 823177761
283728094 859763827
98 836925
802814624 937838774
207794519 336675960
303231775 784203955
951316621 995478328
223366512 661859133
89 686279
8 154629
654314002 910336749
404959764 551881378
8 97430
99999995 100010186
99998 527998
98904956 207704586
99999995 100798408
486114872 706358214
503026076 923108947
9998 619872
8 623166
89 344812
214330434 677998099
937367054 944701380
998 254808
353683153 449242154
8 538696
9998 794755
910386572 996840983
855238128 867100084
9998 535944
165520812 823770140
606475479 801640099
98 923078
303344424 324561447
8 862038
880027167 991253426
99999995 100901500
140788039 841928780
887146515 913371448
631184757 999355316
98 869960
9957935 578881920
99998 481609
733718687 898445126
412930142 821783808
916449886 946347997
738683729 864216307
99999995 100790570
812020190 858117220
233664893 364028537
503091234 786110487
331708227 524747800
9998 207050
684188545 977962346
953596486 962018896
395757591 673044321
463653509 473389149
854251298 942835957
661347289 705057831
998 105480
28627220 891139836
741782133 757406118
998 37179
9998 377267
78544002 112119944
99998 991615
241597513 630864139
53861330 748010280
247957258 367494551
99999995 100553915
958874980 961694227
99998 515101
885045506 970962655
99999995 100220351
99999995 100145672
8186067 120777787
9998 200379
640583282 744998335
183955317 350631847
295385644 318676171
233171754 754667848
179319987 590679533
460490566 568355616
923959381 961494803
89 48951
9998 561253
89 259546
211505121 713391061
99998 689531
4202685 204434156
35577370 627635056
113382329 795414382
89 426625
162181332 698729866
565903074 709754050
287240521 734225589
896544352 937482990
685771917 796633550
678520851 730701193
917697037 999513033
649102409 942451953
452088409 755656629
55704133 176976528
418546282 927916275
543655152 895131750
774158351 868485449
8 143927
8 391594
89 984806
89 485339
145794800 722907332
898236005 928477362
261805289 851883664
322978553 750914279
998 249899
469950311 621584647
411270961 779166065
89 882226
363384334 379186411
8 963230
586369163 650295606
31169661 75770326
9998 108187
8 131860
192204707 212764873
99999995 100359171
710788518 972691749
998 466799
98 478250
487669042 824629555
99999995 100250349
782239654 967656825
712370353 957569181
98 764941
99999995 100867198
737258803 901632255
89 651719
707617878 753890772
413007000 855288762
218515486 854243830
9998 458424
759600128 799015962
98 896356
33340300 469930232
99998 664499
864650962 993761057
89 537283
512722268 561111722
973695523 998024544
998 630475
9998 543517
633976464 880023299
148990583 622003517
602971552 862860834
98 645073
386663481 650756118
524972204 609657184
809197531 820102505
998 349628
985773922 988642695
263156696 750994310
980926028 992327906
8 137686
341208554 864891189
8 687920
935679011 991377939
580538885 812321204
173202231 800904710
254621975 733494510
794664936 827641802
122272554 501745848
604872845 927232862
99998 796198
924227945 955915553
869129773 955362483
26377344 523345358
9998 262725
880798947 906882041
718117259 722420258
146699864 425838073
536551948 988678272
937883775 941819243
603668293 913798851
795873924 928067023
51609211 210289680
262719038 504644088
9998 563208
998 895798
528929746 543005952
680940022 850293262
872970839 897988495
644964222 676382839
751596093 892282304
85737160 342855894
228549295 829760045
464149012 804749422
409152542 654910972
330304511 485961284
132833241 974270583
114742525 730107197
99998 931471
98 353884
378056652 681287824
685893150 765020198
941605236 963070413
8 763416
98 874853
89 426760
867474514 935322349
651968449 851610289
998 526885
99998 506382
449302948 753930081
482229774 975770894
998 732845
744401884 874735971
866519103 874125016
418747844 966803019
99999995 100771770
302434311 515771885
89 416576
9998 962901
99998 408572
99998 729466
99999995 100224176
495689044 862420433
46228982 509781330
705000346 994005482
378638920 687817751
430316184 732775267
8 605733
970020028 983400236
99998 782445
618873882 771092354
420981859 884779281
9998 917579
89 28966
735633797 765086850
407045919 523702609
793889022 918379193
99998 960460
610852606 614789971
712637550 971855178
998 959148
419141747 431706829
998 666526
89 769739
574952104 769902504
108901632 581912457
9998 564870
281781561 609829624
89 447189
737303666 786127217
484536401 963940851
541897320 672991776
407566438 603163748
8 669853
37001959 986494243
99999995 100746028
510620583 784501220
740584179 822042902
4383210 426322226
9998 746550
99998 1090114
901108405 919511438
563716706 686995291
949107843 982751942
9998 390071
240215235 846426206
297544665 676691109
99998 1001985
237891014 408386749
123188846 257250025
603991306 741471444
9998 450128
998 245207
98 410962
99999995 100022024
98 957070
98 773205
430304678 869351054
470885413 727510816
998 594176
378157697 800988442
98 36121
8 470201
83399713 176255590
891740983 934168200
285239609 330611160
19674617 221078009
89 82358
89 154863
999927755 999953832
817941449 884234343
99998 192532
963831141 983335006
718122744 861111782
57675483 880090356
99998 180491
504872384 795939283
98 142619
909878002 914814022
964000101 978789372
971567088 976256439
8 23042
573084901 895223845
8 538530
739602024 826575060
597398986 661003688
831453385 958272382
938537012 976505581
175140765 237452814
345580561 590492109
89 765303
391342587 795296416
483123354 571931031
8 839705
684163744 747762435
401702003 647552797
117098734 945700154
82488376 692144065
274159268 483526247
593738331 658694347
11463192 54339983
257713412 826801782
408659790 602251441
99998 807094
99998 327185
89 578454
89 848178
8 60342
89 622160
98 977757
705504409 978386561
783521663 929886719
99998 891359
238544707 792859331
632947633 977974650
9998 871135
303485961 611738319
438450232 739366717
37176411 289789214
89 370921
158652053 491293662
890102141 971258918
98 687298
99998 506622
277752946 812616506
8 677730
870099312 973870645
206468013 526570681
659251764 908525772
518292897 863052527
9998 693137
560673540 642027466
8 845053
233996020 721370215
187613734 418373146
849544630 855948582
89 43596
940111758 943313068
98 326017
243442505 420213131
98 135949
99998 1011131
736870848 896774411
768304757 806479014
98 630817
9998 281593
408027878 735117401
235615802 908506316
640224748 783780814
982309036 983247329
470855105 849366244
367330312 666866605
8 401234
9998 113405
771904973 887108245
9998 316729
99998 363151
98 479938
170252769 624262706
99999995 100710539
936957382 989108203
212729656 492562780
9998 75007
8 37405
876214543 934068640
674187193 966160626
89 585855
738328735 763746555
696316972 980040550
99999995 100161471
313628035 962353643
9998 483486
951213367 952263188
818746835 920145201
9998 900913
9998 936221
98 356209
55294252 160363394
676061819 864982513
632051432 839434155
372610142 657863312
667675996 721898171
892493158 904606914
333161006 462051630
89 380709
98 623453
99999995 100606450
183892132 486339599
99999995 100146329
545148664 809685729
8 254713
883156717 980294854
86044364 120372683
56713400 280069836
857308173 937169117
652407630 761946361
998 819834
7739631 555570529
508849752 566462811
768747009 874339668
98 867940
680801743 935069570
9998 497142
271045916 496717188
884919973 920222505
114467224 225138660
99999995 100517112
535336260 858314095
98 52716
99998 913636
998 598574
98 394400
211015765 412864221
647182167 714321327
524308371 819361583
408908465 611030814
194201665 896882229
752477261 796541097
764395137 931200666
170067663 694380335
882253648 888542219
429665602 608856227
550476275 707454946
522003113 750524651
9998 739715
432642757 690647758
318551223 727155117
10542479 320086034
524334827 643633530
485683842 607021425
477948194 666667508
98 580118
99998 265801
439506095 818490359
98 361600
905225498 931534963
53969209 758467340
99998 1062802
99999995 100227758
961252606 986315620
537326137 817168620
134951684 205514279
929558196 957815916
765642529 961266045
8 770783
87735439 911848720
179954486 659848602
582772961 838952504
9998 175114
112941783 766971824
229177188 541830849
569892530 724445500
249470246 910782560
970147176 999263658
764262315 823271012
790692966 865612831
931390352 964049405
9998 404525
292212971 979516954
914521186 936039235
998 846183
99999995 100617291
998 700490
184967496 527836877
998 477769
139967124 689644489
633929082 690553026
480882191 716235773
99999995 100827135
182995050 861915139
608132521 736470417
514448007 520073051
51362522 378514456
30570174 157098385
413832067 442217368
72744891 596610417
722629043 976454307
80143360 826459711
982459509 994417264
673322049 957359253
998 910198
99998 825669
353011065 713194395
98 795982
8 563392
438805002 722217746
835865013 908301737
480008599 864406465
99999995 100106778
99998 842212
625314885 995818521
24975902 489548657
919718411 977371529
89 506473
911440799 928402207
153550176 535245878
399369869 684523919
795822063 816227890
752202835 821387773
668297488 795572858
998 525850
8 229863
111186023 522417829
558972834 630075869
526643566 976046689
868521520 940611737
911160556 987046860
99999995 100299656
171964281 951704280
780448637 804300045
597645276 868772462
337806867 800290662
473905942 540692888
89 663836
998 775093
346475024 923492908
661882130 901513021
640777059 963697843
492377694 711442223
21953874 649570494
286195930 804107329
8 968250
89 464217
821714646 933860906
457060897 597978071
89 774900
98 790913
99999995 100882228
89 109745
856989663 897948200
953319804 966277437
98 679013
143043010 685350026
536565274 694671937
98 194050
98 163749
851674561 979451520
99999995 100276495
791680517 934767408
128803599 233860090
327969639 998887611
299350649 667273445
99999995 100570713
89 583025
762400291 844944028
122792292 759897120
676335490 750207353
463846022 864829963
935735165 993954442
833500912 843937923
8 824547
526375995 750383000
496352047 634311858
400403458 629295996
99998 332166
335900971 824602405
89 701468
405465464 636779581
8 585555
99998 957650
346807484 370102767
9998 570495
82872016 806337652
403029153 648060626
900731500 913924376
8 447080
725236777 881745161
905245635 999498941
89 35218
408830868 758947546
89 829544
520081332 763136149
99999995 100094096
498354647 773781689
663447191 671959004
99999995 100848016
99998 535496
99999995 100180241
99998 1068732
99998 954775
826678458 851027206
802201216 915502837
973772674 979825937
161762216 391820104
998 496166
403726843 867395952
614314907 715046302
224414187 994617733
99998 304155
665637358 970302494
99998 397879
230015488 525514142
290433828 403844887
88827148 293888056
334525945 370812465
8 947967
13317167 163704992
33065424 809944826
924700759 966988469
279423496 662579458
830104202 880262256
9998 196161
936938607 996242361
410454760 681301561
8 683352
315818083 716311848
998 608612
114375663 676402425
89 66441
62525027 435078753
966928814 971900218
691923044 801615855
265601067 647031039
517076531 763531212
9998 836758
980265339 995466557
998 319675
9998 579196
526808013 947997947
435094509 657398618
858064460 948964358
89 628584
99998 361959
844908936 856822734
8 382712
533041023 851766152
784743429 812483407
624739813 968654397
998 513782
539638562 685871076
98 148914
138417333 714367276
6986370 689837392
89287666 539304326
249351034 267413806
8 906551
134135670 729705426
941755337 957157340
718763849 949398262
89 319036
8 878206
8 100513
627369322 678534565
99999995 100481164
885939532 950767034
349131117 756454521
404831542 923893176
983942422 994840525
112072035 178257991
99999995 100896021
998 559123
8 15334
186235358 333096254
235058988 478076098
99998 950007
588507966 900120603
163810347 419846157
99998 617131
98 376395
89 801988
150784934 689748398
477643699 483731642
9998 694655
89 49912
99998 824091
98 894205
99998 770867
282249861 876751248
209272058 416397091
262511260 426283873
601059643 607097252
671605367 794794328
467844215 801744151
235656297 698947501
998 393165
602056480 802929595
8 596434
234289278 639426968
866751167 881781363
52686298 895579460
91293700 844686741
402325923 838102514
89 500151
910956258 999032602
998 6891
9998 997217
501531422 961591461
998 274655
803651469 885282410
36863652 466725848
163523027 392539985
99998 186060
818429180 991806509
826250962 993639310
813318936 947994649
355767504 965577570
292960924 603475654
466187825 527748775
99999995 100875865
501235771 949206853
310039506 963200428
354316985 958823117
275702273 534342118
723869195 988559091
106249106 903163496
87106337 638784833
578071325 915895980
998 785362
89 92511
14353424 651694266
8 744922
8 121473
292644973 748083711
643035610 693794754
89 187721
6290195 881707691
89 425721
771511878 844610161
169202887 722230619
473217403 706151983
945934740 995811012
461463621 542520140
761210296 837592160
579960849 912051534
437092309 946083297
322160075 910152686
221976796 537670062
651330244 768594309
98 727908
832566681 891817039
9998 851680
853283737 902293481
978556130 998757336
268818819 300110625
139563432 375085044
8 901836
801510397 808530991
9998 355273
836793356 902029534
96429382 265860805
925712292 995699121
148232178 497691490
99999995 100494164
461641645 861007820
99998 628660
168520691 587423106
998 987496
252736930 945234234
596889642 806333378
957900959 985405692
89 215334
412700256 531617041
998 668555
374556491 827445359
57465844 117737088
89 973976
98 925954
9998 562659
227808777 980012437
220412186 471245163
8 422687
99070275 774676393
234646355 612966863
257178400 632058201
99999995 100136391
998 453688
483424294 859322290
98 401024
901416594 969926137
23119209 914879972
138691617 858212912
620679991 886808940
8 277316
186182422 404489155
458894900 983698688
865119252 993243101
532681775 589153910
489154963 654222368
98 563742
153719159 622568096
457821933 531527339
99999995 100191135
8112511 125273220
723230850 942651378
265388505 652712020
667643083 806517258
99999995 100230771
534467859 756544546
463289993 855492127
824141310 990900650
99998 939248
589455514 815419663
998 588848
566754 183367042
8 97836
99999995 100363384
901495890 996505777
894332699 910251517
89 224994
944899918 993862007
554656504 959083606
75426998 115766025
263699377 755178885
333426475 855462425
976128645 978358040
538107003 743962212
630042919 813389976
884828975 911220768
9998 464160
98 162271
487103435 862951468
688303895 707881241
89 823942
9998 931181
217554947 697288810
847092563 865961119
840176719 842217940
98 669162
917591508 944891462
904619702 985147714
859633468 939573081
285735459 867025599
122366012 445991284
98 16781
864778324 993353981
750268462 843386867
883689615 949129685
496386756 915105746
70814049 484362244
524547529 698428185
537441709 703779247
457270978 735800642
89 512108
9998 291610
542095426 748012237
99999995 100556342
153838835 740354236
659394931 760987090
89 146195
626718026 844442963
996644345 999317249
880047678 960312318
98 423110
464120803 503679194
454944239 505387227
990013041 998274331
99999995 100569865
98 451741
9998 707902
21911524 309329467
420927956 425629726
412824087 572856324
386897552 862812670
99999995 100164712
302181405 335348916
998 105302
288038522 926313880
99999995 100704462
798716606 934884488
435896866 618248822
99998 865202
998 959682
89 998863
99999995 100915870
998 795833
287169426 449038063
89 708211
997237065 997980390
461348264 566190165
875700891 977229433
89 700128
670749173 865367043
463475681 941884744
194007705 890580913
9998 892382
784065187 979180219
112045952 570644945
940667068 999070541
492341215 825031445
88504215 329969306
370970400 484675282
29405555 105178430
233785024 286976795
40854365 665958940
423591430 996245320
174154173 717323015
550823680 569040750
339494586 683180371
341165599 807927753
99999995 100208194
821876649 990628122
776868078 897935618
9998 88478
974427164 998894310
885866019 999677126
632173123 752323534
731618195 996380901
98 845022
98 33475
678238241 892253756
482092926 799119101
8 378534
539619974 658771786
501638730 518574840
325466632 476386441
99999995 100182590
116670565 158326882
9998 502542
752137225 952127241
998 152640
786871702 875458371
155661089 889669465
8 221858
855290162 904770944
99999995 100830329
998 82823
851615632 920839168
757185329 924012492
99999995 100868722
774017397 825603820
238348470 287757837
33417449 455925729
393746721 950367073
977734531 978300326
99998 466680
89 41730
69644309 591021846
99998 600711
413237610 582780547
276953256 716094131
270828557 369752628
876221506 912881989
349226654 677908674
506162428 852669824
946861178 957923004
99998 945369
922844567 970905109
282054776 859977404
884900174 938478937
8 114037
59247503 646806137
99999995 100325559
436937434 657816283
99998 110982
702732698 958690271
541892260 588125856
867251538 962027508
122494315 140897332
99999995 100878189
128775171 416120611
99999995 100910770
646953014 996859177
627029738 648465631
412104040 811547435
707047482 841765085
99998 587755
9998 634668
89 69246
99999995 100008472
8 88494
795394650 887753267
139401558 459854758
8 408335
9998 528765
146854738 596531165
341144082 704435574
386340785 400134946
997019210 997095032
373074867 423167851
998 634823
442015283 506067443
727004710 878871102
99998 180044
8 840514
646143064 987159241
531566871 587474976
99999995 100099744
998 931399
59228460 604261491
546561015 586581468
534536847 662196016
551202763 681471550
350052258 826681882
8 427012
180367301 377805300
171168849 850358345
309658022 554951622
294798228 626509503
372610842 809344757
662799843 680422416
142713867 222817457
424698549 588589455
8 663663
453775167 777232643
398001134 988600512
9998 522497
183805494 229386111
613981519 965439691
998 659558
98 820408
668923885 682576779
865134347 972931202
38725569 684438481
289971841 804458842
917749219 962081929
879569902 978456115
49843141 797523060
562827495 922251708
99998 133297
638483885 789812568
387794452 916602733
998 163622
828332199 978765038
330514787 677942481
8 332629
99998 335549
59318638 837903762
9998 53767
582637550 800551447
561700251 574375827
694834060 884014751
380641456 608118989
99998 131999
974684929 995593638
394681095 838921425
726768316 780349893
455314169 900233125
155279653 888135785
131551786 816976643
703650914 799553908
274435166 853396775
844805189 997758376
255375038 516303545
155833016 692567742
98 754505
612892833 977297194
277511251 591429011
563546884 930090763
407107914 925929094
129126883 512445329
9998 983648
350076828 839787315
89 424973
535946629 766922075
764696099 931847310
9998 296969
892277878 979413477
324022773 911029675
261808855 641872563
860412465 882864495
99999995 100476189
895330798 935932100
274031798 665211690
498735693 885678318
8 554907
998 185344
99999995 100136077
268157083 684899619
37027535 802373204
99998 151346
657211828 858272159
987268341 991443564
123264909 225688697
417482544 689479201
883986217 951257169
938622135 948131949
998 177822
702157659 759144852
89 148287
566216719 639998988
406741935 610547218
878675440 998325532
499285660 998595236
513806623 693450246
114513699 500261024
9998 795112
99999995 100239842
158351130 459279589
99999995 100444912
99998 442480
240673830 738199712
666772940 849404611
912831324 927897265
8 685570
99999995 100720394
30916032 99540541
99998 704660
874741752 998082921
9998 221287
676655161 794597925
60836286 511390430
946587902 956336121
998 755346
98 759501
755709697 780898500
85181110 866767910
34989042 833213108
99999995 100880178
683421453 736072363
599856632 735028840
98 287048
840765237 868066517
9998 749280
98 691975
998 853495
973101175 986377333
99999995 100106281
109469563 533816287
983470411 997220523
748097329 920149426
9998 939552
998 151782
8 27615
829558815 846695553
407407466 457860812
883600791 997733889
560782946 647374268
99998 1044525
998 705948
951146606 965797039
99999995 100715751
89 10143
8 241494
496065386 778255546
138348109 703393617
529023565 980814655
77691754 365566380
588796789 954674819
871643995 873748875
998992114 999256459
447390394 674827068
976819286 996490333
743573610 765794205
470180749 881233592
801262695 839470060
218704393 638457130
98 888166
995423925 997481947
9998 718672
187005849 835722760
179218153 670907438
9998 281327
9998 920852
185711490 595374186
998 183433
2177298 315197971
99999995 100233341
89 770659
9998 176842
728797069 895778271
825226882 873242419
9998 924571
573104766 809294144
68826359 624317877
232529650 645998166
416208805 870417248
38549634 93872992
65013169 202505191
9998 940924
594742947 789657575
99999995 100990874
8 746151
531125198 790589176
90268020 848041736
721412501 909057257
2870016 887648209
486202538 532325508
99998 763552
99998 460837
136375349 668907742
466536935 649641861
848662712 852490700
99998 502629
912723105 932281242
883534070 950842096
224809760 382287275
509791885 663262122
97483497 578297853
577865631 808499590
921277579 960519716
998 915092
9998 625923
99999995 100795426
994855729 996522334
99999995 100520658
725911350 980140565
615234885 924700653
89 403477
648447432 921775854
908216968 982867383
592089726 890197963
318471481 572986600
407129311 467165549
983438890 990436881
998 831369
331296476 621407596
294307704 451955715
62218529 795277077
89 518513
379938671 637971128
792934691 842090019
383835918 814244825
740625905 840449855
99998 488067
821552148 924067966
9998 127240
357525871 747554541
99999995 100797292
99999995 100202113
557058917 922436276
725579253 875570871
771752273 899712632
711598303 977287714
455929623 605419860
999955162 999968464
89 175096
819545504 942967947
394014574 619069119
736526239 878582089
311074042 883186667
558682074 590652611
89 619574
657774697 871697749
949556054 982402652
9998 200801
99998 753433
895902955 953870884
927026765 978258924
737042734 793618417
925205064 989505897
639695776 688900290
943791331 978349213
516355145 669837203
23889242 853604602
998 157069
494672466 621667734
475829923 781402092
99999995 100785708
924484446 933757450
98 519871
999052333 999748277
796381928 906976513
420713878 737317064
998 311778
8 542637
859950391 936994729
534700539 660757514
705604313 971057318
790767380 801281885
998 940039
956652430 963503184
530079560 571370352
843037442 901161448
149078202 347038164
774118432 798884441
939823348 996723920
578671685 684977860
8 968793
99998 372774
8 408367
820051420 863487447
559002641 668875792
938070036 968681682
998 922761
418922611 738767308
246061174 675083367
486967711 869913971
741850195 810923696
998 912107
98 848787
371505097 742646407
98 426277
8 654654
75459144 363533757
179383850 267962761
525601528 714495292
99999995 100248078
934564963 993120484
849195308 893880874
402563805 793381941
318139906 896904777
8 260382
908002916 955728378
9998 405370
99998 540834
271210463 776099177
998 423882
998 861154
317312548 394566332
995554805 999637887
99998 911000
858045864 927430950
99998 1064050
89 520873
290140674 603215951
285986387 519610263
740635507 853145652
99999995 100627257
13828593 342091532
263587744 873067799
387124891 721770049
998 429426
8 814094
57064270 648378871
999169324 999333409
411024409 565816933
208264875 868448503
8 633741
258208632 694801187
934572262 993062029
99999995 100906544
94690567 532573045
9998 141576
649013009 722943706
62612680 572852538
632642621 834107128
638798797 928571722
831185258 961147644
980378052 996677732
998 354932
98 766342
998 770292
936895092 941870535
875952944 948857284
490292730 959557417
640895522 939614972
745793128 819654763
665845866 971437199
932234033 964234927
889514572 943965707
468347123 678189418
646885068 826895247
694191554 885894696
99999995 100268959
8 149539
204351525 205822058
952847644 998133358
191495775 438311683
695908418 882907921
99999995 100767177
343267044 568523979
666189913 867836022
99999995 100457453
387975730 669223442
998 293708
9998 942153
625823637 705826364
906886867 954831581
382076658 742540382
467319110 468178841
99999995 100153936
310281904 763888678
377540650 773906273
8 216787
99998 657956
68063189 100400343
172665583 913728097
662243983 672814689
344215507 709940270
98 884884
99998 1007829
543034658 567075124
236249445 300393619
998 386003
816180974 889024021
607734632 656201412
98 536625
989749297 990021651
827375375 986595195
89 776065
46354932 509727386
98 280930
976561819 988354761
224587439 331693069
998 276966
8 738589
319389242 812450145
9998 503551
99998 905413
99999995 100642829
38723991 680063675
801885696 916661126
617610076 720610487
517542571 962424461
9998 359009
99998 476443
172371841 226781040
98 759160
675671766 746985385
99998 809942
89 387625
89 770129
27492884 236130990
60629101 851723361
563776576 757282235
914112368 955022606
99998 388822
291616797 860206747
89 134428
893243539 973283020
98 678331
999044720 999649009
998 512388
274133744 593610352
9998 165282
995283681 996509131
753112213 758253625
998 736446
377579211 638796714
618285043 625217480
8 250793
984836084 999563859
98 736435
99998 1090802
225617856 998179411
99998 562024
8 152674
957073192 995675924
640996639 847381988
99999995 100772833
273982382 924235083
99998 1069164
8 520025
551432644 832772196
892820972 997835718
481310933 895760364
89 236090
998 302975
799963775 921255080
550002591 665382666
902527900 974588749
966966034 987037299
85548614 930397342
241061528 322671676
998 280510
328842986 468364642
98 17254
716233903 887481813
236191457 333671101
971797019 993180727
804169046 904395334
99999995 100107488
230046674 820673398
81230104 887667382
825586403 858202170
199561938 232976487
903883824 959705738
607267939 930891085
99998 770275
809193880 826893627
9998 125920
739335021 942441555
99998 630678
98 574619
9998 960588
578364886 952325537
198738388 613256642
167549874 660106288
8 503899
706837172 994497900
418765120 879350404
827712051 950309209
261891405 890957444
138445643 450361532
8 153394
138928132 289837197
181276984 368827981
99998 180300
790378908 964597772
422250158 801362097
106383330 415333346
998 979762
732242996 750778365
9998 921693
697720925 956246123
9998 127144
632543768 913574185
8 915546
99998 941280
89 539180
767664104 804098558
9998 561291
321649629 534559835
98 340808
277151943 342903646
832950914 843761790
215787625 311112040
9998 613271
808154722 960199614
975542738 999386734
99999995 100488119
76293342 739397018
99998 559664
99999995 100535354
98 776874
998 644391
99999995 100013614
943088736 970198959
99999995 100573941
99998 792409
98 36179
238542737 559404219
776102895 793351737
818203790 858339069
998 814963
98 391896
998 69462
953898489 974478679
98 986201
998 913392
402898045 685321223
560980197 859186110
998 221048
908779654 918445353
991094651 996088944
454659474 685540730
261882212 342836794
667200064 668218388
8 98472
198893978 872516942
791054404 912906910
497501925 523792181
170838500 185966352
492894633 834761938
898547409 964935654
2902083 78600247
99999995 100569507
280322829 956879830
278026169 672636158
493160542 742705933
883230700 973946027
196899059 533592129
9998 1003436
810245024 824798139
427930866 907215844
8 591111
362812239 575709996
934782024 978323527
394999373 978723070
9998 69702
485733180 515889393
462137036 555634110
99998 906669
8 545389
361469399 526275095
477941086 531335761
89 129959
89 554210
864060091 932116604
499475769 884583066
277520439 925440612
294778783 622787737
8 437129
788240330 820414546
98 497623
694452025 702930063
419343863 868658082
89 601894
99999995 100975509
584066751 815695216
274789818 320313594
881386635 959442994
98 170228
161491747 587964961
99999995 100681936
441556622 564321790
99999995 100531510
310558310 950749031
879797296 900222206
535714352 806190584
660431689 827654563
99999995 100238776
99998 417569
87956323 563737369
8 721325
211497039 947410855
906827886 990365844
47343290 322472523
9998 1000577
864483245 877623520
198110104 922890927
346947218 766985794
431900157 718996262
858330526 916975423
89 701681
8 495150
89 641862
89 845538
8 764039
76866546 589111522
213363356 346952854
135415535 457234108
998 149248
216820655 598485851
980244815 983888171
99998 1059058
99999995 100117289
99998 118981
933326066 984282555
9998 870545
315565147 654755340
139858012 565060453
504073450 513664492
168437244 970243774
99999995 100425833
8 263893
466185214 886229999
89 820103
732412281 780472288
260587229 698509779
576238487 593717593
708956442 832559837
366504530 870419115
974485169 996732308
583154154 645486758
766846114 970234634
215700935 687708949
9998 152436
786955094 859238338
255570683 322848266
9998 400771
641247423 836886136
99998 860270
72470890 679986352
225681852 972384623
8 58694
87905498 865614142
939033816 957464657
381981516 492862786
8 240328
8 743483
190511337 405733652
9998 602990
962627203 981074231
99998 111256
690794449 993706577
60427744 652538875
9998 989499
99999995 100592052
623071575 801041056
98 996944
547284406 948054377
8 384102
541467233 661457796
99999995 100428610
758024549 970301104
867877272 992985712
98 946331
98 978076
517724124 609981059
210723169 493920893
801712718 996220405
396929507 907836410
99999995 100995397
160499427 778318073
8 426982
72121485 184394196
99998 739034
998 462112
643202240 923594323
998 353742
99999995 100891955
150168838 665744319
871691480 972724916
988128634 992394467
585408761 851484946
99998 449158
8 148613
89 2978
9998 415429
978272211 985558876
998 24721
454261826 679071304
556932089 943462509
281253081 476402892
335631770 819797362
379609624 506060446
647609946 812416401
702773498 947667718
351733029 352732995
430626004 801428411
404797068 926046248
200231800 348106308
551525469 835678164
36063499 169182479
35373629 490123612
9998 396240
89 949456
99999995 100881007
99998 783906
987137876 992945539
680547207 858956035
8 281068
837394768 876955792
99999995 100142040
8 791451
998 336521
8 997493
8 369852
283978389 870502110
611250984 870646195
494521393 511461415
45940303 162449629
148003952 834441140
882666328 896370041
116311085 537907009
653493205 920947558
9998 1007540
882893477 918106103
9998 893935
98 155802
241870357 593994738
868787886 994485238
857577770 950239902
998 9922
226724773 359063388
369053282 729233132
428656759 899823916
98 437435
9998 784288
623585915 920174151
590122271 758562088
935419099 963856065
8 537477
806639366 910202928
707840017 772659701
99998 292573
8 19361
595321487 902893493
698384660 731721424
375863030 594452614
471150804 577471362
708291631 831333628
99998 902327
248154230 448388917
889328689 920818208
83407539 515642287
998 349064
528219854 749285701
8 634995
998 679926
906194167 989009202
809128330 919625201
162855244 463285988
99998 542672
658580921 712749094
353741623 694039166
830270147 937645877
450090978 786883694
901231860 975414237
788601071 840661428
917523774 932364708
99999995 100671697
461779590 721991181
15512308 886249893
514957510 660117817
393325508 966347929
8 432463
151644712 412211884
442826531 680873135
8 823804
9998 77710
59169527 855062179
8 69926
153348321 880121794
998 573584
979575894 996007642
99998 795982
692056001 765632233
98 486664
98 206874
307611056 421153674
9998 363415
8 829505
491370115 561739597
401662560 509460015
666009252 884146923
89 721804
881245534 949706633
99999995 100726120
614120332 715760062
9998 334809
99999995 100119239
619981781 623217362
276886648 712261934
99998 433244
81996065 702163053
89 400908
9998 913157
98 684260
99998 829818
331111342 400293586
840558105 967956281
98903971 284068721
423140463 815409163
813684341 861325068
8 756444
929642663 942421518
300675574 877264122
461547715 811949289
788050107 900065754
9317577 200103456
438559139 775585900
435576325 710679047
443001442 940921224
812511151 921008655
98 16499
8 176434
676949142 904084830
99998 482473
98 243656
288324218 955331813
99999995 100455589
89 412673
296500996 897892179
740195038 786047137
89 668768
751729082 942978403
493022823 603791861
12851793 88040581
104793499 552375029
9998 919082
799093298 833069272
318784385 855618604
998606828 998946159
9998 339535
919403782 956359417
89 895085
9998 831393
89 216281
89 825567
99998 1017557
99998 394046
473968650 725689751
875007010 885364350
99999995 100916370
159562411 640306682
8 989263
99998 1049267
197853731 524563772
669592248 700428234
8 402312
978164881 984024507
99998 625816
99998 986779
289794753 901739406
447722306 909891507
8 580373
998 406138
627751994 944515359
609299974 660921049
387816994 780264923
9998 695071
89 528577
89 327437
89 342700
98 917697
829384102 893849635
605177002 832998952
434895843 665782823
327446440 615861946
487502973 537967184
194363460 858082966
99998 231925
99999995 100442310
8 974029
8 712453
998 347100
159882083 574946170
9998 121050
695722512 814188458
846599243 967381110
524203321 697723674
403958860 897695328
8 416458
108225650 712525516
855069888 971574395
128823640 718881079
99998 468608
427955015 803152172
99998 965681
308167687 868873903
146032196 344464716
135812190 706920634
41832948 976320838
554100943 860422437
8 711613
99998 596518
511721370 994878719
948291573 962478789
258052679 768142062
669260952 969666026
99998 471281
99999995 100921634
460754336 797237602
89 660952
268039879 499101222
89 301896
780515049 883316809
99998 627314
89 688124
99998 153254
777288115 854663506
9998 438904
181325000 789222912
386182577 778906193
685137107 887046089
130355706 227406169
686987452 813672925
99999995 100600140
744188720 805828739
397372743 595710762
512808463 895573433
98 921433
651309223 905613352
704858668 721914539
234771055 308592531
943035734 974345160
223214611 282250170
898815739 999382408
663535132 694927876
145332212 840187105
846154222 852429934
300609534 693411903
457033524 824973616
98 466435
726956401 804126302
461925407 607762384
99999995 100367383
595417460 918772835
284088199 712691673
554445574 727924023
138373665 565098070
3954210 413265475
8 299941
531286939 986369550
730634665 802838928
998 937428
9998 150006
8 757474
64600035 552102439
173938945 949362931
872399599 922817445
459738046 849722263
875498483 898756325
595749331 969471845
998 914424
672918566 697434279
669971865 951443172
89 707642
247509699 347007325
98 8610
633734900 822915124
9998 897296
314175107 672985321
744507587 756215807
913029433 921417857
527375619 663439559
34238520 833435665
941398866 952103889
9998 492647
8 518212
640112748 776090840
828180938 958532919
99999995 100235106
838746422 923515303
894516047 942047027
183112409 980947184
912079926 998944402
89 405508
226212432 920276417
118856819 361191111
99998 363773
99998 1067151
998 535999
490129203 867175977
99999995 100601502
98 701026
89 554010
439535567 578078973
407991695 932797802
9998 317756
706634801 990842633
469471046 627340490
150927204 849532389
99999995 100309469
61958213 767980506
161125994 418598167
8 166152
216168217 747290975
233752003 608178660
475328956 642367841
902637766 946208890
328603989 631178979
948974867 962309278
998 187260
99999995 100201148
921781797 975255243
366418969 804809673
89 136464
535913496 768005641
614830695 652579361
9998 486418
8 148876
212103269 733747999
87699961 944369028
89 249868
998 257561
99998 947457
89 738775
9998 903066
153929520 687399256
148587170 932993813
305330420 494561063
599599895 617310701
558075061 975504833
225481996 266936418
322588379 585425084
157602734 952216322
998 154548
969185694 987672266
99999995 100630929
121611673 780198011
695162039 965821009
909556234 973015505
966743652 968046143
987255314 993424857
417073988 967148404
744909576 975385698
99999995 100265338
98 199309
99999995 100814822
41104165 306536278
9998 654518
167133791 960188886
633606690 655259116
167347547 431435126
8 266208
609778901 675565708
158775660 916218888
306798457 846392296
544335240 558464016
99998 414373
419953153 967357683
8 811882
8 227512
578049924 800609369
99998 286692
89 619556
99999995 100055621
998 834089
435616641 966697732
126695408 764293916
8 781098
89 436326
237385450 375399281
992890597 994666313
998 932295
485548793 704934660
468713447 711790152
449061968 588299338
9998 338950
709377342 798825591
701402137 858781237
99999995 100132738
89 836538
198051460 692336887
739437148 916002626
99999995 100463985
452364092 597606694
99999995 100951048
203064615 561850578
797315622 821279075
571699954 657059067
886715514 889381087
998 341139
633683900 812020587
603984850 743377556
380422700 722813049
998 221813
508231157 777769637
99998 379179
571409423 651128550
730796326 776524761
89 72609
782944056 854175550
998 558689
998 744878
9998 508037
743631956 949060557
984014885 999889430
222643386 375875778
438084468 573288530
300236934 929784191
998 471571
886500479 943093633
666673941 986894156
685484072 697544636
95187951 884883715
998 871572
99998 807256
236301630 827485438
9998 118096
998 246464
998 220579
99998 467001
31539808 791505710
913625551 929555379
487454048 799382838
9998 614963
998 150008
605327051 840331933
916126974 988451659
352883444 525810181
98 760752
649749 101459621
98 217552
89 551702
927000772 995962671
923036395 942637491
665892644 861971541
8 619174
404615605 606624880
998 373488
89 13990
800938341 995507205
16134877 925291936
99998 801035
99998 218708
334403904 929091401
395652380 440042120
303008300 595890204
990172649 992405113
159138781 255600819
99999995 100457085
207147772 646823452
907506693 964418964
97159703 486931776
656482163 941463507
98 142633
89 115820
107852667 977023099
837761243 939125191
89 312541
715891773 950727710
943302159 998424199
924215553 956667388
9998 864142
531989404 641944146
139054931 297310352
98 899300
454477885 490542148
17065403 378725879
851197981 894310108
9998 902436
365212418 631329804
496346492 837326816
847737183 866124190
998 846331
8 250159
82071447 797588387
381950211 390339812
185446397 429716558
881753930 956213549
333677082 732438458
695575264 798156825
846296221 847400112
942613729 993443383
936247663 964889471
89 525455
262118191 405517185
723876556 928765112
759476765 987299668
89 719991
99999995 100082406
98 750211
191369940 775735373
828786553 919320017
195370207 373313435
830516004 883727293
111132715 783711139
99999995 100624908
32514197 277734892
318077698 507592393
492275727 570757457
12617553 800959441
529364998 977336941
99998 489998
118120300 481375524
335663580 975227474
99999995 100864655
710021181 945616650
8 780374
343027666 630521650
878761488 941324550
99999995 100458942
357890438 536188742
569170549 984009026
30561769 200204679
8 714072
112071243 781549899
556785009 789165185
900260955 962424234
182835040 472663570
908240715 979815688
9998 209302
8 401338
354624300 546807621
8 468371
870576563 903317163
766164820 822336026
99999995 100136370
376321011 500075255
266356807 816418747
998 763537
360299101 605611636
198079369 631347257
380282597 826136161
360555942 762207838
89 129624
86867237 935851568
9998 927485
944506678 996525888
566624674 928513305
631187956 902909012
777421525 892190699
98 689704
32320452 599794452
89 926575
945403171 991466156
458813053 735744097
202272736 451050548
99999995 100363367
998 16484
655719822 776402412
908823166 987072204
456506377 500357256
137651412 224223992
973358983 992042989
899313998 981291549
9998 995843
89 907106
98 791926
98 412369
447110727 975971993
54290607 800841290
930431804 936747906
115702436 259972932
8 579547
998713783 998795957
99998 249978
810136279 992995261
397896289 595783859
99998 289867
635979209 758796649
8 117755
288207874 731136827
406320808 510444021
484401535 997602125
271653598 354320698
998 613245
295583163 619752433
99999995 100957745
400891568 590014117
432424727 952970411
99999995 100752421
99998 979681
94197587 502504326
241022814 286936866
933361056 968322102
528485796 998381081
99998 579238
824643128 914064198
338020721 540383625
836280048 861800012
621157391 726857112
506441923 566457251
89 607538
561462259 651572517
332552873 691189832
130317189 333926195
702346324 816806552
882312269 930092007
802363664 897277046
131482652 766951860
99998 756949
99998 1053074
33781569 102446292
99998 514995
747441037 927050939
98 497966
998 770996
746846303 765820375
9998 600002
586962391 883359978
979977223 999754426
9998 647972
856311136 895016537
9998 128429
542450896 832073641
9998 954696
831694704 884020995
254589252 898478707
9998 333428
964473420 998071723
150171314 710751056
169200270 383574431
93554053 825617965
678882712 712902281
98 449023
59026109 500311170
408204461 780130202
99998 153524
99999995 100938173
783513363 805228010
391177801 872630519
980072962 989932249
30683366 422278094
89 249738
700371111 706689212
532140386 786620917
8 284369
9998 754075
998 547789
127445431 264154642
8 542105
646693106 832179542
99999995 100831076
9998 673103
99999995 100664476
9493678 32927025
511658080 966419366
713130933 821093337
387375514 764634652
998 200708
735438106 797574630
896177116 900435359
233844777 549837365
850313491 852667246
62195455 766298624
998 556125
640205974 764313958
98 854086
569539976 696564590
99999995 100202350
667174109 686001851
504503040 959011485
89 344108
920279358 933840291
460373334 995921607
108034484 311134768
360727571 846013631
64016071 439683201
161446078 946884043
727592253 949597119
595842042 794466925
829968552 928945456
98 581254
289919359 312314665
230259020 246787586
98 762360
170732532 624255840
646150421 646520854
89 627034
370126928 380387459
8 401065
734819864 809640232
375354915 481778741
629090092 925559916
357406287 648324453
566547460 962694874
89 705842
287155734 836757534
660755698 929833389
657145133 952987627
618761975 771301061
627741132 852457981
95065232 937305827
99998 110118
998 810863
98 463484
871849091 949891787
881253695 926495206
933977844 957376956
98 79524
939580036 965949000
935288830 953099477
754863055 809174307
98 381845
464615702 835402136
454140588 603921290
602961287 849324051
195256372 466462160
37352150 661280492
99999995 100162685
166672931 499905184
246519923 453415115
161904392 357192643
956142782 988340188
72548110 873210852
99998 135191
263309031 702102191
947377113 967734213
451795763 471335804
867199328 953225652
426749577 512234680
346496813 474337941
9998 604591
925068239 956159558
345979032 473071335
266153060 660936777
4664805 515861302
635025884 731226692
844196319 966749914
658731725 833706960
915903387 977594277
844823303 991323087
229992101 851078312
620199259 799403061
8 575239
339036782 954194541
9998 578784
89 157848
929154762 977619305
255721815 314495608
656280309 920553438
998 157368
99999995 100094043
867738890 923702504
593313976 868608791
905031839 962771466
413053122 640917930
540862112 844841397
98 749517
624328317 764983767
89 298035
966284999 992674550
184376970 374387440
181134248 769720892
99999995 100287348
52896704 420716365
348344891 405741615
161416672 577880574
98 619681
9998 955372
9998 860843
447535563 470785974
848968894 957607555
617897266 657591718
98579147 602318674
8 61488
649657116 806103994
655115928 717380761
244406258 840497526
866966145 868611413
717243487 993386079
25443340 361266855
643450923 774407710
710968709 855116056
596422664 933898584
98 172972
9998 95021
966239491 996298551
354573354 953812847
590926006 814328310
998 904823
299144329 946699449
729664923 999313001
8 555559
823926508 953906285
686444225 948655387
71327959 630761042
725192933 855014240
264404933 794098650
565451628 728304585
653144213 695079338
234067062 926691796
89 216124
234827659 566442265
684897589 950657038
998 809924
4102798 689756943
980804965 985919545
578174888 954161020
8 143820
656119378 920029919
98 356608
89 178811
99999995 100394385
121729858 497865308
688709855 847955477
89 992153
99999995 100865856
998 622612
70317765 389474663
373831443 836394153
158953695 810820320
99999995 100770367
8 675818
9998 260362
773024279 911159618
666148857 668252885
281428023 797283061
757224113 959756473
499507993 534600996
328260559 433663223
89 330478
99999995 100146729
998 890781
123085792 283537108
833628534 998821305
389347571 991986319
802473318 853860784
455534730 692418282
294653444 544700099
47772554 188032963
998 227487
9998 156562
860074389 898643895
99998 1064591
9998 792143
99998 854369
292631560 506145269
746955181 792965585
28822076 445870529
779785150 819922452
877441350 994335546
89 430367
998 998576
99998 744034
889915443 972145294
355344086 380198838
348735290 654216376
99998 322476
98 234561
99998 342069
98 482037
9998 542508
987160213 991745332
89 377437
99998 818492
906698127 977050772
998 115550
998 97964
187857402 852091848
564258612 958655316
89 373512
634488876 730562311
998 772148
99999995 100968882
108482765 252110294
147572221 730985244
997781942 999481652
9998 202960
575313553 611791192
98 547312
99998 626132
998729756 998761153
98 448341
162204391 965383819
98 670650
852004122 994032848
145225004 603360073
98 365902
651058288 975932159
8 739232
503465081 629598815
8 393972
7755293 819746136
584389171 966482694
804216317 851752733
10814533 712042357
998 598815
99998 256457
8 904764
291241440 455097615
8 15584
826385536 853674436
98 390951
446286069 784655196
840018158 902888971
8 535663
116578099 839618350
716844652 791977526
442262905 602943499
224334188 550756175
865476353 960879266
266997355 331682805
741936370 875136311
817476696 929841670
8 461528
12133 642949009
89 183903
938397417 988481072
850221505 852359987
742909697 897220401
89 339505
99998 621126
9998 391626
99999995 100475297
9998 57934
998 60808
39099128 703809689
712510516 919010289
718476849 764155795
998 327505
99998 969296
52320428 55389808
858654877 946593888
99999995 100494181
9998 400148
774902599 824663968
369761394 627191611
8 444792
870646815 903827228
99999995 100661540
189829734 285640293
8 153572
604135728 802825005
99999995 100853098
99999995 100592561
761163313 987657521
98 865633
152426967 185364688
214044384 824526175
9998 827620
495178289 708865753
66996977 451444354
540328356 550074842
99999995 100064837
17383420 999679822
294659151 439660480
89 363475
99998 1039382
708297986 837438293
333441078 467928352
9998 293780
9998 911169
99999995 100619015
99998 561935
568950563 665773926
99999995 100355714
382740290 464412276
162783911 295681143
353457755 609448632
8 824465
8 674310
99998 501405
89 281306
98 777627
46624697 262215004
690138436 891630751
568840711 774300272
620099894 733505297
320363762 851891750
998 51653
746870418 882121833
99998 125732
12478716 407136582
944409210 949517098
998 765145
99998 930710
99998 184823
298143075 599572215
490473161 665180571
99998 480824
98 376697
8 24168
941311378 996879974
9998 909255
89 784086
944951736 970107518
207051058 977941478
233343231 585201460
975145472 993320000
267362128 323431888
121922560 561018806
672218266 781408984
777230282 809580982
98 876486
871564735 967392448
333007127 949334978
812255621 914431579
98 380887
953676042 986433419
412328246 877927324
53242649 115529832
98 169024
25726885 457807445
904605559 929033912
87847131 926846522
330463404 411756660
998 187537
945596075 954380993
350524436 512187013
223546070 675220773
580904932 635839173
732740098 971047185
787525804 837387650
9998 104792
656208770 828748998
99998 273109
60945648 784883427
429811075 883671954
343482901 453550975
998 166048
484342524 642096829
612542650 768906673
802379289 987015853
11111413 214818624
938074930 974306686
99999995 100823888
998 179277
814855601 958766820
948477424 982259031
863808880 982148377
89 883468
405452713 617960643
998 38909
982402750 983067776
8 399740
490936158 723109512
427497285 452391688
614239560 850392381
653687467 797458976
246983871 897566784
99998 934949
98 384112
99998 334233
99998 840201
397788701 874876338
925631117 953801558
138422122 464949185
341793275 530657474
16619457 804959084
770350781 966868620
367377601 969228826
425561044 956751472
558150133 925878523
431442051 880975758
98 944769
89 920189
650632313 891571083
99999995 100520583
99998 278951
409962650 826633637
594060019 725678772
479317626 847745150
89 851229
9998 206438
838610434 969771942
634237594 978721809
8 802623
98 452585
933413311 985638374
89 86086
9998 779178
961707160 970378412
98 474423
203207320 352191725
925331195 984865282
60232652 872290120
886395440 897608527
9998 761121
99998 395319
991350147 995386903
998 267106
104179009 719204578
730787233 955608096
98 734813
98574622 653960533
866582990 891732473
399850145 774904254
99998 884732
617382447 971604321
998 390526
742878511 997777471
480929877 790372801
139399280 540090494
97163912 215704387
194505478 844164582
99999995 100980261
759702124 891663609
8 154499
998 722345
70451996 246131460
796925027 910372236
711094905 737185974
963319428 982268319
234874505 758460177
275885632 962299553
206082133 532949748
908609372 940895427
8 763227
184681540 888619333
98 726874
99999995 100928600
919892647 981474710
910525973 931483880
22785137 124695480
976929975 994114005
354479635 529086215
763299810 782087141
122995420 743736241
29229546 827745810
866257869 922154935
534361691 575442478
99998 461218
275439753 567920740
792741557 965338577
498423754 703704068
308653854 751715694
8 21120
567331155 926850890
57125897 825262831
99998 468642
8 211103
545836920 965645178
801916518 909751605
647659253 788751492
849649025 906746409
9998 109396
897985798 966841538
619530502 619580243
924598760 994754618
998 423850
998 456240
490390025 899275701
806350617 875874183
354993184 407103749
186592620 651019815
521720135 956096802
314980008 686209128
759702103 910052331
99999995 100735003
592045479 657458439
367012824 851309436
101603822 828522537
935971261 984228578
991179904 995013824
455576376 625294620
399407150 469076681
129091675 514447030
8 551909
98 322762
495258455 734931444
599697665 707967226
89 385488
89 256722
26749476 883062523
8 307833
845671152 867979498
8 573248
867879154 964639956
293811224 866725357
908667283 960313967
673158629 783469489
235555452 576598716
89 981609
89 963307
298071046 925244631
8 169966
618121599 937769140
260527509 793157532
610989467 980379097
712015697 835356723
99998 286142
314100158 844523100
543331243 933416972
99999995 100195003
9998 389781
89 822599
678383001 729740375
886852982 908482573
231275734 646302992
400677706 496286144
89 357578
583893538 851918121
98 952074
99998 656431
9998 248021
998 580831
399326699 804129985
582188241 983010597
311904495 385789833
579121837 631437572
998 977716
269202705 383475921
89 849612
99999995 100705798
193041804 353172745
266373908 572140266
199823878 863829340
89 890417
99998 405469
980448177 986288728
39990443 967925328
321474669 603852280
98 758460
998 225214
556639542 640058652
99998 638522
834488495 979347180
9998 284934
329205113 511831467
98 345319
47440211 945608693
656126498 694389529
670546653 870023984
730814137 913315887
98 948997
324459511 333499164
589363442 867806537
580025584 895224453
857377032 975445886
725043132 793613204
998 429757
261342064 645103318
58887487 644936465
89 177252
50306144 634975149
804481051 902451412
117332504 807115118
589377126 767339089
89 239234
89 637348
802765133 988900768
471183417 628721135
380972166 983251429
814495116 929316730
943737823 956385942
9998 240167
84435452 664586266
41585816 535660068
769884625 896147486
831059784 938748158
99999995 100371148
98 911284
99998 605495
89 401201
272344929 442484942
921316635 959494529
251122735 736759718
9998 378324
688403008 793571921
24427201 378596140
849642065 986557577
641616946 679852397
189006888 443307443
48268604 790055142
9998 111588
78443171 992868785
344181488 897684760
99999995 100883147
41693077 641691418
330224899 915550308
99998 938922
89 613189
8 968478
8 653475
8 368589
89 760659
88983103 810309733
192514748 840106779
998 27119
98 102760
805047638 863391279
99999995 100039666
575334546 709536435
998 133927
98 330128
99998 1030414
365604574 556457673
119908837 784884346
99998 857822
9998 365423
8 713675
198702173 349219945
50176223 497682219
99999995 100884113
405273585 539546262
267437580 443389157
433846112 594207697
124781116 777234215
998 857972
622173264 723545798
99998 773217
969529869 981163410
660280278 700684814
737721956 815677274
998 895549
954473746 980872014
8 796156
854733820 887958449
998 698018
37730058 208060536
325047159 736721821
99999995 100847917
98 708486
461069089 508792260
217888292 478086681
128796924 536146668
46937124 826733683
299572788 776352712
447728330 791045932
861275158 985812121
99998 228205
802106020 895864553
322212820 835832425
897596221 949454672
99998 694733
483536041 923616345
918640656 982307624
89 245535
271362264 278661495
998 838771
99998 290176
98 37122
332687347 748271579
313914606 768578762
579083399 924292628
368013896 467407612
9998 303224
414116594 671352782
89716234 747328915
918502493 975808324
518758608 791081998
85205022 447325538
3289609 499571991
26031012 399559856
89 665331
301147669 358298426
99998 1006597
619418274 774695717
99998 182985
381258385 441569403
98 899955
987000932 992653866
9998 542697
941066579 954494858
98 129381
625802364 776394798
998 751172
759980373 854856343
806251849 919410192
971747020 982415950
730048579 866174187
98 235504
82551261 832308693
679728986 692542734
765541869 917801438
979164253 989638515
99998 1054650
499829347 681238901
73323989 604041314
98 831434
9998 763652
299345106 927872003
487412454 685241120
480454088 883377030
932514593 974431879
99999995 100196677
451095211 670748848
371892683 528618109
506609563 555021666
998 38086
591177725 985615180
99999995 100890399
419990678 824754697
31606216 561492329
6106415 481463234
88946352 315369311
468878517 683651153
769020771 877591871
99998 310346
998 610154
543028518 577464632
998 705666
998 316977
99999995 100284856
89 712528
8 666204
637770822 956656498
97666498 964339704
447058349 459179195
459652398 778515951
494565292 721039733
8 671889
998 427098
99999995 100944457
98 793677
750456220 961373599
8 712611
825056027 848627123
99999995 100124048
8 791205
99998 453291
998 552048
852083029 984784043
327486418 435633074
942617478 957139218
616685941 753942878
89 871140
393465130 702030748
882793240 985048381
259444585 625733304
653967528 753327952
99998 940226
912392790 921274548
9998 839982
9998 673052
921131446 926509396
80667653 325407310
692740040 847528377
923739787 969404992
890932673 894967056
518027833 831413966
361149262 563012510
725341147 945891783
793691510 892014033
998 435178
98101797 241038605
297883292 362097150
552909629 834307688
941176196 961373188
8 930444
99999995 100426606
99998 748488
98 922914
404817209 490160895
594587698 708402562
99998 741468
8 512728
486115015 702226824
317600436 572184549
53063718 541658572
626620666 813844390
99999995 100074485
808487951 880554952
290021487 925720476
9998 652106
740126807 740405160
87950626 344655449
89 583258
99998 600064
99998 379158
274737344 372027976
777154373 787516675
9998 294335
98 198652
232644900 688467222
998 771967
717340995 963107654
9998 548247
134662195 796428456
429032351 454083306
99999995 100611037
941558824 990951633
99998 562570
33013469 592767442
334061437 786708614
151540402 743274296
8 640212
98 763489
890800463 968382081
998 508207
98 525622
994393039 994878305
529099818 859823626
400370216 981285265
99998 329321
512987803 940497374
98 172329
9998 593020
521881673 985251881
19082156 792645637
503770610 630960637
645098169 987976965
887980004 989969705
492826615 807340472
747144626 892387097
704311211 952443882
8 273303
793198658 885577786
8 977324
99999995 100586203
99999995 100137566
998 123997
372838507 413392245
326512467 779427413
99998 160856
99998 1082647
216457194 878505573
886821150 923748777
400182224 579263467
704840272 954828942
935291489 944784819
260673870 944467057
6941533 423888505
706701438 726786452
120140464 173395325
125063080 907372997
9998 954953
89 209301
563842618 956173194
440117210 956321748
99998 819719
546298735 717873426
99999995 100384462
562538421 573393361
308094492 333425906
89 802130
834025873 883484197
69067951 953680082
98 662596
557627871 569314354
998 700812
148765003 416132779
8 907623
388972248 583926172
201526205 361607546
99998 824833
898101322 945555707
633757881 941343312
478688610 876449953
299550515 739539847
326223558 933087904
99998 609064
969284530 988621275
55155319 171145662
998 197396
986753762 992694500
9998 830953
544397290 659445386
787288906 852643595
285024730 863669542
99998 190492
916406582 979017447
436954753 583502596
662472527 871204768
488636049 960286745
956392946 991442146
99998 443071
723448084 799085770
89 191594
89 863861
957225234 959674464
951088129 998765367
874330307 919366710
998 661755
103989271 179654733
98 783378
862983789 939102154
998 34187
621575875 847775887
9998 838988
166331305 527597707
477982642 839765056
392146711 811830100
998 374303
412691563 569521703
9998 252630
963239913 989312676
89 658662
98443127 612355629
89 23995
756099933 965648481
11610246 904943915
495821651 746065652
280558985 895528099
272188886 422636254
254490684 863205870
99998 259778
89 538420
598540897 907170827
455629746 834456547
793636183 949914553
98 671882
674814165 917486544
285576001 681310343
706012128 922545115
914211037 939849272
8 48308
264299582 401156354
665728886 968317716
447536057 690543913
89 687778
99999995 100576503
958699300 980983226
113074270 621708494
8 634120
9998 541361
998 258798
492731587 914237998
652516573 917531640
447910524 683193471
362661969 630637954
99999995 100728174
163015999 832985579
998 659490
873743747 979559932
17230990 272238276
748326000 811666615
152248821 423609362
8 418841
8 247940
25897474 382614387
99998 379945
490053035 771371595
946411675 965937493
494710601 870129800
99998 431606
474027367 881560302
794666827 957791619
976215740 995575543
947866538 964106657
99999995 100515835
239248469 549125993
549969229 757176238
41614637 883362558
37270227 707619506
89 187687
99998 605748
998 901945
89 388734
919386227 920770924
144436319 431711782
751353453 880303381
607743632 852996798
89 372125
162134902 299647054
8 478086
8 995003
740867106 812864448
736850121 972580369
98 96813
651728661 663880795
731955261 920892985
8 753457
152983098 972106278
837353162 982092375
408770203 822948323
6861603 273102556
358531947 925163956
590194716 958453320
8 387793
101041834 978117005
99998 587984
9998 101831
99998 946301
89 437407
8 174675
60667771 943372473
480631620 638649278
598395609 757593890
89 792188
89 461493
700206674 979806686
50673591 923206633
582073398 839215424
3943336 467000257
208466311 567604634
9998 271977
751194999 783517256
993560365 998119306
998 69198
998 366369
260738047 922543337
99998 916563
758542773 784983261
463454895 666249315
98 167072
617281202 782687829
50637726 889392536
98 15109
9998 199165
389592901 888810728
670399697 682322224
685601041 710035108
456201833 910051849
9998 763830
724476165 905047513
672154093 997846884
309490658 608283854
262235605 592928088
136719212 517277705
374147202 402597511
8 820181
9998 583365
154876552 310512607
99999995 100212211
343622801 655763889
878349900 992815798
492320961 861639699
815982898 841334415
750716957 830685163
459440008 641018910
771120314 866154600
594706180 799914800
680337682 680972800
957387348 959378338
11570557 765368642
998 15150
374908798 549439164
250857644 969989020
99999995 100009048
99999995 100283434
838926835 934579209
8 153188
89 81199
493591361 840244997
998 418821
27709164 273910332
456572868 840759455
99999995 100464698
829838250 982727707
409687772 840469743
965527312 981753999
918981107 995612219
8 633476
61835762 945843132
364370191 793290047
635768504 791350022
99998 965790
294443340 645057965
369310402 965188808
9998 209712
89 835377
472416805 472944660
97083943 332809101
949058459 950033172
89 114052
318328207 755449275
8 21290
8 316515
998 626259
110865519 244017633
971076779 982576820
560978197 770040672
243606281 848697197
9998 610029
998 609472
439581133 790827822
998 431727
9998 337558
89 405170
89 739692
98 369058
99998 436940
66783272 106097926
147677584 805939874
869738120 899076300
501073310 608234881
98 14445
99998 873411
986247262 994178172
284685960 639597358
263126903 854908126
269780870 316713355
9998 595053
173987871 252335753
99998 586037
462710875 945442805
609325997 782532969
144364125 548257457
89 574808
843592876 948613829
18091060 809996300
647443928 962732885
808511316 856361486
581096232 944165889
998 317921
535982405 748407205
708459333 896596311
145687862 328058536
998 780213
751828865 774648245
99999995 100544018
637945205 847233586
710081209 848184738
145353499 672120790
8 35213
98 876260
89 442632
998 810342
998 728343
525906212 973793122
845728252 850128309
998 265336
99998 980089
989725255 994089624
89 678384
98 373096
474679715 816478847
99999995 100000721
815248112 926883688
99998 819160
99998 273884
98 283726
98 504964
89 986731
162275032 488002569
517430869 784009010
242156410 315123659
89 700455
262376058 742772350
99998 918047
299124450 695617674
99999995 100280415
8 346229
89 445950
927248498 984966471
99999995 100478700
98 541350
439100190 474781726
99998 448826
9998 794144
73474843 521041059
758294562 919445031
99999995 100110652
89 444975
9998 541852
767492143 870825586
291221145 587576403
99999995 100203932
9998 335429
99999995 100853600
89 495731
829561583 993440669
9998 558477
98 16632
89 434321
511521003 943454182
219134590 433653708
9998 561951
722810359 986702658
627093861 650223943
776119345 830040581
99999995 100938501
8 471594
712672883 939761131
892485099 930390807
828819198 888228691
598415156 848268727
585169413 902359630
500715811 888895567
89 278689
8 190025
229295080 356772422
98 451193
99998 193649
89 591028
368820009 782692001
99998 208394
99999995 100700620
768059269 883261977
8 425850
309242608 395395542
358945130 429980018
651098203 879548139
530172061 744205234
96444328 474626292
692179732 888620679
122164734 419418678
361598220 920634314
663744135 855518155
117396663 362652312
412771650 777440821
998 748884
666197517 910858869
99999995 100193324
89 295287
430212955 691124497
793030276 796351593
998 991359
825337528 940488931
994574080 995890792
71496733 484756868
101853669 504952621
8 434458
98 597911
271170386 935398444
99999995 100168998
828585763 884417689
344088539 430046087
998 501420
32484127 559107485
377861116 670905119
99998 542828
879624102 905705857
89 328287
350734991 458385341
355995656 672580371
310883228 959604304
881360960 895477873
250514939 955158749
260336826 676477299
659754252 936195628
99998 101001
8 225297
98 760292
438688294 589609608
59533898 645698919
393622075 398310614
186833678 282833197
98 275033
166258134 920909870
726172171 730151881
89 667906
797734994 799482533
97954781 784707133
92589779 281901372
498796864 943880572
483232314 742921959
89 958652
9998 103521
65092180 710354818
299422779 811999388
288239451 809163924
248894746 270918657
167401260 427758384
637633178 965278158
304995962 509938383
554825658 836941736
348765569 856563120
988146806 997925983
99999995 100378782
578700712 706394936
539662397 687003819
8 475145
702626986 842759411
8 294128
98 734500
99998 544729
89 112926
998 878935
406866796 962719176
89 735682
196225974 216117322
399339496 472657978
253269663 827934319
37347589 263475203
656893705 996098958
620481855 839090911
89 94906
75044331 595497591
99999995 100329388
852449148 900482727
998 355004
162463043 397003953
206005641 215958787
99999995 100089564
395017447 434663101
309252561 863813497
458540158 562719903
592875462 734856354
311861582 615491949
9998 150260
99999995 100925594
40524526 229050092
658098329 997980757
207903123 579744266
998003557 999950273
485121691 581019688
89790001 622205858
8 196863
998 898733
98 583267
242797916 456099258
371450736 531758864
115713031 644623856
116247248 560322157
716110970 952789818
877206238 907204201
137853840 759472647
429701868 847986504
718423406 732664430
883840152 920549492
481573144 971341746
98 511171
614019222 877906441
515887749 905038487
47325136 647154908
64617717 780711828
99998 116849
365980047 845378773
906792349 967936485
203786510 805965167
635861136 965506083
799724414 835868911
301717077 653977573
406316284 986375402
284491336 349887749
8 24786
862604377 875720577
357303052 918125568
66193019 118731256
89 242637
138823324 369120881
896742931 989662689
380026131 459677340
99999995 100717533
505954704 715555746
272184868 545869545
45044968 851385566
727380477 757380882
657005256 961481329
998 343825
8 954631
89 668572
884830585 907186791
8 265282
9998 13959
36521843 657297839
874155989 922940120
623394084 849122703
8 261864
306304211 934182371
125235493 336789412
89 315535
246344061 650734628
895211660 897422316
578019227 800042645
9998 350344
939025354 945140037
954305820 983566666
732249076 794762781
99998 521587
364516935 629003601
99998 672865
951936372 963448433
137115966 565282570
701126455 846495605
784041780 803728586
6402821 894566708
282099834 468869206
98 346823
545142378 678542978
89 968031
9998 546064
140646744 277339321
436538486 805667205
99998 585476
9998 983146
721923165 767892092
9998 279572
432055798 736682342
99998 482132
891377929 952522135
98 415989
507726676 849924291
127804515 580405425
911332248 926338252
411624671 571233616
99999995 100545295
8 244079
6004952 16256294
675932394 839595414
8 8484
998 222603
102689843 261634139
288356976 659153974
998 251769
387657069 403177340
116182446 824143730
55693001 301501718
89 232110
295126992 790902250
99998 521830
932043687 973463631
878829660 985550277
762690275 921841302
136267274 882843370
113476835 629516217
89 501325
641885464 946686808
98 450065
62409552 793071108
99999995 100795089
99999995 100862630
844332760 968074862
132214969 977008212
287925577 573044787
348438570 572556856
221007164 419077916
206216547 268770059
499411375 756222837
9998 553839
279731207 985429743
958972562 980657884
509094552 534635503
99998 1062759
663901846 733972079
971351733 983006988
8 524106
98 19166
98 447204
898624815 943300265
592681508 782808187
518969196 757145110
131502881 181743771
756428946 794756798
789711467 961910059
98 696498
359581 745954986
995848248 996128120
157378576 508024477
598599364 667607488
756787852 927028721
788062460 839335589
98 969838
9998 472278
9998 658662
745442916 996829858
98 839808
99998 837511
284064775 390698875
99999995 100223345
998 269287
89 788434
189622968 225056647
8 793648
89 528388
401516187 710371073
99999995 100873761
642648148 848712772
8 369574
217189338 978010027
715017159 723248445
8 364730
9998 676389
9998 968281
8 347639
98 872065
606750026 964432691
534283080 847449780
714312255 956323129
483787621 668601806
