9 109
9 90
9 999999990
9 100000009
9 123456789
9 759313330
9 679428479
9 100000009
9 700606079
9 147238359
9 560416749
9 100009
9 879499148
9 10009
9 100009
9 100000009
9 235694579
9 692546273
9 10009
9 185049741
9 100009
9 119137235
9 100009
9 936587824
9 100009
9 100000009
9 100009
9 100009
9 607646639
9 164549751
9 386846229
9 174951097
9 974581978
9 100009
9 295658916
9 100009
9 234907790
9 100000009
9 100000009
9 10009
9 100009
9 465660769
9 940733683
9 100009
9 735513598
9 145231009
9 762008629
9 868271329
9 100009
9 100009
9 10009
9 100009
9 972700853
9 199132349
9 971579972
9 524466529
9 370297163
9 100000009
9 100000009
9 100009
9 10009
9 282465609
9 754132459
9 100009
9 100000009
9 352515989
9 796077618
9 556682429
9 788878689
9 851873093
9 100009
9 100009
9 100000009
9 490479205
9 945786432
9 100000009
9 100009
9 100000009
9 10009
9 933781645
9 100009
9 455417519
9 650834679
9 359184193
9 437173995
9 131356209
9 549015154
9 756724039
9 100009
9 100000009
9 815529090
9 100000009
9 303407839
9 100009
9 100009
9 109198661
9 100009
9 314339544
9 100009
9 831297668
9 707850389
9 510550259
9 554401049
9 100000009
9 677428469
9 580006779
9 100009
9 876876619
9 100000009
9 100009
9 786991211
9 10009
9 100009
9 100000009
9 551566249
9 100009
9 833498214
9 877216419
9 100009
9 969245181
9 836696634
9 100000009
9 100009
9 100009
9 544513219
9 662992069
9 100000009
9 355990289
9 100009
9 771933828
9 521205399
9 100009
9 619811129
9 100009
9 100009
9 669029898
9 100000009
9 218327914
9 493840873
9 678946278
9 357558409
9 100009
9 507145869
9 659539731
9 457474549
9 10009
9 807486129
9 713783789
9 319432632
9 442248579
9 100009
9 204477189
9 833016409
9 100009
9 100009
9 100009
9 737932356
9 987120961
9 596809908
9 497869794
9 380813569
9 441049273
9 100009
9 958837835
9 100009
9 100000009
9 100009
9 100009
9 100009
9 879810646
9 10009
9 827160749
9 166652933
9 776550039
9 100009
9 100009
9 286767669
9 682471189
9 196638978
9 232717976
9 409729270
9 10009
9 161307329
9 548691798
9 976755847
9 745372309
9 879696892
9 415018079
9 996339961
9 480702609
9 740403509
9 100000009
9 618819147
9 187849609
9 100009
9 858308429
9 224816669
9 392370337
9 482732359
9 884984409
9 100009
9 333898099
9 201724009
9 771525981
9 921238614
9 972618768
9 942339841
9 627005049
9 100009
9 100000009
9 249975616
9 100009
9 652339111
9 100009
9 100000009
9 168498401
9 10000009
9 717735209
9 259769853
9 100009
9 420292822
9 726129122
9 754608985
9 100000009
9 394650884
9 100000009
9 441023869
9 100000009
9 331163292
9 165368839
9 418379107
9 424193414
9 100009
9 640994379
9 649665695
9 229303805
9 795956354
9 100009
9 10009
9 100009
9 873965654
9 985879234
9 100009
9 170774849
9 323118719
9 984636396
9 397354528
9 100000009
9 181096803
9 100009
9 100009
9 100009
9 154631429
9 100009
9 609739491
9 352981269
9 289415684
9 100009
9 100000009
9 683601977
9 149483269
9 100009
9 378362039
9 226657749
9 100000009
9 100000009
9 100000009
9 438750947
9 158768294
9 100009
9 656645179
9 479749151
9 100009
9 100009
9 985729786
9 964762326
9 100009
9 985040218
9 100009
9 100009
9 100009
9 100009
9 177729165
9 100009
9 887866489
9 965780515
9 961807389
9 597173997
9 395056067
9 100009
9 545800539
9 100009
9 332708179
9 252782509
9 866321199
9 100000009
9 677684972
9 984317863
9 291739631
9 632197753
9 117859732
9 621726729
9 721304419
9 100009
9 444867359
9 901885868
9 533221169
9 100009
9 100009
9 100000009
9 176456928
9 100000009
9 586258239
9 801743249
9 559583502
9 483205809
9 100009
9 742634309
9 721818089
9 626129815
9 100009
9 10009
9 184524089
9 124438159
9 100009
9 100000009
9 596699983
9 200711259
9 333395140
9 740261049
9 10009
9 180207779
9 100000009
9 535273529
9 906681772
9 134484389
9 368856819
9 896260033
9 409681837
9 100000009
9 100000009
9 100009
9 958698252
9 380740199
9 991694135
9 945137944
9 903887569
9 100000009
9 100009
9 889987892
9 100000009
9 100000009
9 746146189
9 563418719
9 354114291
9 100000009
9 168221519
9 259766133
9 100000009
9 289904923
9 993919578
9 149472532
9 10009
9 100000009
9 537451069
9 105652359
9 100000009
9 100009
9 100009
9 722751839
9 100009
9 326239926
9 517959402
9 307027439
9 100009
9 341488679
9 779562633
9 579598341
9 100000009
9 100000009
9 100009
9 460803209
9 121613309
9 100000009
9 100009
9 100009
9 100009
9 10009
9 996297820
9 100000009
9 646001429
9 100009
9 100009
9 100009
9 581707839
9 518801947
9 820703789
9 100000009
9 100000009
9 175683569
9 652111119
9 284910103
9 396470600
9 840825390
9 10009
9 100000009
9 160416269
9 100009
9 675552945
9 357119319
9 234346339
9 488613819
9 100009
9 100009
9 426084889
9 979112032
9 364284049
9 374618229
9 842833149
9 100009
9 229958358
9 839655472
9 864392842
9 184691544
9 100000009
9 299548155
9 711035169
9 172436359
9 100009
9 423319770
9 168239920
9 100000009
9 985771822
9 681103940
9 997124134
9 875503779
9 809579472
9 374627955
9 762400049
9 1000009
9 959532544
9 100009
9 949360284
9 905458405
9 994677143
9 901544595
9 952916484
9 100009
9 100000009
9 278292565
9 229196442
9 901003788
9 292231596
9 923995958
9 100000009
9 100000009
9 256223196
9 176696765
9 100009
9 100009
9 100009
9 159400518
9 193012044
9 100009
9 100000009
9 645868819
9 100009
9 359303562
9 112693264
9 100009
9 100009
9 496252919
9 100009
9 100009
9 571017249
9 644438939
9 804981252
9 972340233
9 450220494
9 100009
9 848267829
9 308127689
9 618441289
9 100000009
9 457655609
9 371196808
9 810508289
9 142442895
9 896771038
9 10009
9 399459173
9 830423389
9 100009
9 863581496
9 241590239
9 100009
9 100000009
9 110510369
9 100009
9 155280839
9 826754932
9 100000009
9 100009
9 10009
9 199668861
9 100009
9 520860279
9 551970060
9 100009
9 100009
9 828674289
9 100000009
9 270683996
9 10009
9 960726292
9 641608809
9 100000009
9 100009
9 500844169
9 927371836
9 100009
9 100009
9 173079519
9 100000009
9 870403629
9 674157259
9 100009
9 764751149
9 100009
9 653939520
9 100009
9 218632049
9 100009
9 706820759
9 865642349
9 427450709
9 981744813
9 100000009
9 100009
9 100000009
9 764295627
9 100000009
9 100000009
9 490103511
9 100000009
9 1000009
9 100009
9 100009
9 100000009
9 100009
9 759910309
9 100000009
9 944018412
9 626662229
9 100009
9 169995268
9 100009
9 691948355
9 276663398
9 997076506
9 514454359
9 425014139
9 558806879
9 710536493
9 189896877
9 750136029
9 817521279
9 100009
9 555124973
9 112343097
9 359753193
9 100009
9 753125409
9 100009
9 100000009
9 818080809
9 10009
9 705247309
9 653954165
9 771485769
9 100009
9 100009
9 703770159
9 462086559
9 313225819
9 703437793
9 435018479
9 112853590
9 100009
9 631171549
9 100009
9 561371759
9 300097829
9 100000009
9 994093372
9 239115090
9 100009
9 100009
9 771757509
9 428231749
9 161773449
9 100009
9 875586139
9 472673933
9 10009
9 826551449
9 932008440
9 100009
9 100000009
9 477329483
9 100009
9 100009
9 548187289
9 100009
9 10009
9 678316419
9 299482091
9 100009
9 433813889
9 638413619
9 100000009
9 100009
9 641961049
9 100000009
9 400803069
9 812040938
9 488872349
9 100000009
9 490681752
9 135912612
9 625865039
9 855937410
9 100000009
9 610041989
9 100009
9 100009
9 100009
9 100009
9 938802743
9 322231119
9 150411619
9 100009
9 100000009
9 639027997
9 100009
9 908034295
9 442119024
9 471683609
9 100000009
9 823586229
9 903998797
9 624562669
9 769097675
9 967614305
9 629152553
9 498767753
9 254413149
9 133556692
9 949783957
9 314651879
9 368182869
9 100009
9 100009
9 625658029
9 622440849
9 703524209
9 371397580
9 613869634
9 100009
9 718570439
9 259603307
9 138491370
9 159800112
9 583975873
9 321708669
9 10009
9 416146194
9 797135768
9 930021353
9 100000009
9 525447569
9 819055167
9 822226229
9 371706549
9 100009
9 982917196
9 100009
9 999611101
9 496169644
9 162645209
9 911411387
9 314852059
9 884930708
9 100009
9 100009
9 987959130
9 471556679
9 428185369
9 100000009
9 531567109
9 100009
9 100009
9 100000009
9 633993438
9 446269683
9 100374409
9 100009
9 151171509
9 386182491
9 945793495
9 270549951
9 100009
9 143396052
9 286527739
9 863461129
9 100009
9 100009
9 480429520
9 675007889
9 364197913
9 100009
9 100009
9 285865469
9 100009
9 100009
9 100009
9 686786789
9 636053689
9 847663379
9 966539895
9 771368609
9 100009
9 207004489
9 329135280
9 104174659
9 382422469
9 100000009
9 151542938
9 100009
9 590096011
9 100009
9 920502164
9 100000009
9 215770559
9 195959383
9 560985635
9 100009
9 673761329
9 100000009
9 707353029
9 293757515
9 689257137
9 10009
9 676110759
9 820839253
9 901510388
9 543996727
9 606665429
9 100009
9 638915629
9 100009
9 175049758
9 100009
9 683704079
9 850844469
9 100000009
9 270743479
9 100009
9 269898332
9 546063569
9 694065179
9 50665209
9 100009
9 128796315
9 479823770
9 470391588
9 482329350
9 331850629
9 100009
9 100009
9 477019814
9 531672719
9 910956382
9 75943849
9 100009
9 100000009
9 981861478
9 503534679
9 493974239
9 989754354
9 981715796
9 270507192
9 100009
9 503401039
9 100009
9 930740135
9 814045954
9 942987836
9 100009
9 976815601
9 428625229
9 100009
9 308716819
9 100000009
9 100000009
9 946309291
9 147108659
9 725568169
9 100009
9 100009
9 782629700
9 599655397
9 880673492
9 100009
9 781094789
9 10009
9 100009
9 862421759
9 392223089
9 562691730
9 100009
9 615099218
9 998311115
9 100009
9 516667946
9 267801239
9 872973503
9 101853349
9 10009
9 395575844
9 202729969
9 100009
9 152886892
9 798328197
9 100009
9 100000009
9 483980947
9 100009
9 100009
9 949626474
9 554363910
9 868076669
9 494985484
9 100009
9 100009
9 338689929
9 464133469
9 746845997
9 100009
9 100009
9 136601479
9 637674409
9 100009
9 555175469
9 681147459
9 602488429
9 167827779
9 882654359
9 334700069
9 215818239
9 78548209
9 100009
9 100009
9 100009
9 699499908
9 100009
9 881583169
9 154421829
9 877022529
9 100009
9 100009
9 100009
9 999061441
9 100009
9 917264306
9 746124942
9 100009
9 321082259
9 831960272
9 100009
9 997246344
9 100009
9 921383534
9 100009
9 832002739
9 835084789
9 100000009
9 1000009
9 933374223
9 100000009
9 826262449
9 100000009
9 325262089
9 100009
9 1000009
9 887843149
9 100000009
9 221826952
9 100009
9 100000009
9 100000009
9 100009
9 100000009
9 100009
9 212955943
9 100009
9 100000009
9 100009
9 529578290
9 100009
9 100009
9 502713928
9 100009
9 561763219
9 100000009
9 164610039
9 204134069
9 100009
9 384704889
9 910237211
9 345028439
9 672627089
9 168322319
9 100009
9 523568329
9 100009
9 225360479
9 144113859
9 115954135
9 10009
9 100009
9 506832429
9 961221738
9 100009
9 896736190
9 100009
9 622100049
9 952341919
9 992285341
9 544433009
9 100009
9 100009
9 362648259
9 100000009
9 100000009
9 976495389
9 715452059
9 100009
9 100000009
9 625158059
9 455266189
9 351527598
9 235086159
9 157116099
9 906804196
9 487921553
9 100009
9 100009
9 810029067
9 813251239
9 100009
9 841701039
9 577275419
9 100009
9 100009
9 100000009
9 940334417
9 335187389
9 396667921
9 100009
9 46304957
9 100009
9 100009
9 930154555
9 870950066
9 100009
9 373540289
9 197719009
9 487227699
9 869420974
9 100000009
9 100009
9 817736719
9 306434009
9 100009
9 591277407
9 766356409
9 958314319
9 100009
9 100000009
9 259569101
9 569149282
9 232334529
9 169980257
9 10009
9 100009
9 100009
9 927299544
9 100009
9 465524069
9 989486741
9 378986230
9 100009
9 669894207
9 989860529
9 779601473
9 100000009
9 919683575
9 100009
9 100009
9 931467999
9 414730879
9 100009
9 624363529
9 346809165
9 100009
9 635802819
9 184511519
9 100000009
9 732522809
9 703108639
9 574563179
9 355785239
9 314178039
9 100000009
9 773087459
9 667162859
9 100009
9 332797779
9 659451750
9 100009
9 265095744
9 637230839
9 100000009
9 345236409
9 194957962
9 413201659
9 953034514
9 165781169
9 806508039
9 100009
9 414442559
9 100009
9 560466609
9 100009
9 139749394
9 481127809
9 100009
9 243661589
9 100009
9 733909492
9 10009
9 100000009
9 759568013
9 185577569
9 100009
9 100009
9 483285339
9 712926120
9 371794338
9 966417220
9 100009
9 622278729
9 164149640
9 100009
9 446554759
9 654931912
9 450585908
9 737947841
9 723876269
9 100009
9 100009
9 395976796
9 1000009
9 198771783
9 960502859
9 100009
9 819714208
9 100009
9 100009
9 100000009
9 690426672
9 280076809
9 100009
9 100009
9 100009
9 100009
9 761768009
9 100009
9 959563203
9 175493676
9 750735619
9 553771924
9 183909543
9 964383367
9 379845546
9 641513209
9 403465978
9 563714029
9 709325568
9 688721429
9 100009
9 100009
9 857176394
9 625910097
9 772184937
9 100009
9 221474389
9 281223589
9 100000009
9 100009
9 529424566
9 810270349
9 234844149
9 100000009
9 444938462
9 207711479
9 106666709
9 559576890
9 117952971
9 304804059
9 717197206
9 605024809
9 387252769
9 509294071
9 100000009
9 100000009
9 575543669
9 100009
9 169407396
9 517734089
9 100000009
9 639155582
9 100009
9 939788267
9 986115045
9 304382249
9 203599290
9 987040209
9 100000009
9 351704619
9 100009
9 850147489
9 539094879
9 159820550
9 805238629
9 930066254
9 288424490
9 100000009
9 319792496
9 100000009
9 787738269
9 100009
9 100009
9 482629976
9 220399391
9 100000009
9 775693414
9 100000009
9 100009
9 717015769
9 202457779
9 751807009
9 512399491
9 186356219
9 367291227
9 239099706
9 394306721
9 189154666
9 100009
9 386345189
9 140252289
9 100009
9 289325677
9 100009
9 100009
9 176161519
9 932055632
9 100000009
9 457369024
9 100000009
9 100000009
9 100009
9 100009
9 100009
9 116468196
9 219995811
9 100009
9 994580272
9 557443429
9 100009
9 100000009
9 637779115
9 100009
9 413650249
9 924518650
9 407479895
9 499605483
9 328906273
9 188452958
9 100009
9 100009
9 709701316
9 100000009
9 214628829
9 107592141
9 100009
9 626359647
9 100009
9 559573416
9 100000009
9 634132397
9 761650149
9 100009
9 931986527
9 720561569
9 496574887
9 100009
9 169951628
9 100009
9 100000009
9 775404779
9 474510209
9 100000009
9 100000009
9 100009
9 143836379
9 651125597
9 660275329
9 100000009
9 853702639
9 451112769
9 100000009
9 781361419
9 642977690
9 632672629
9 100009
9 575208089
9 100009
9 100000009
9 747707449
9 100009
9 318025839
9 100000009
9 119110904
9 522733839
9 100000009
9 213233289
9 409535296
9 10009
9 100000009
9 272970719
9 100000009
9 100009
9 100000009
9 554870059
9 100009
9 10009
9 100009
9 193047143
9 302775379
9 304624069
9 100000009
9 290430156
9 721313869
9 100009
9 327891837
9 916738381
9 991687765
9 100009
9 100009
9 985234732
9 100000009
9 667524129
9 100009
9 678443359
9 100000009
9 100009
9 479131405
9 354199150
9 900821023
9 100009
9 169320533
9 100000009
9 598841758
9 856370993
9 573358369
9 454077419
9 100009
9 120258519
9 133602389
9 598644093
9 100009
9 472104429
9 100000009
9 329778844
9 226636809
9 100009
9 533056289
9 973739026
9 522377889
9 100009
9 100009
9 576397765
9 498942031
9 123383189
9 784613309
9 484891519
9 100000009
9 507770369
9 479434919
9 384769564
9 100009
9 10000009
9 100009
9 100000009
9 875642389
9 100000009
9 691731889
9 103186709
9 413412191
9 711531889
9 100009
9 731613789
9 982835213
9 100000009
9 798705008
9 100009
9 100009
9 100000009
9 100000009
9 846239569
9 489451333
9 611038049
9 300984519
9 592455073
9 319271358
9 847723389
9 392114507
9 100000009
9 100009
9 208800419
9 100009
9 100009
9 406507269
9 302804039
9 289136242
9 481937352
9 831984732
9 100000009
9 102533419
9 100000009
9 545061709
9 100009
9 100009
9 959396488
9 922025511
9 100009
9 963650428
9 629407901
9 438056689
9 724152459
9 100009
9 107276859
9 889185996
9 266688839
9 908252180
9 100009
9 358859624
9 100009
9 100000009
9 100000009
9 558455966
9 100009
9 100000009
9 100009
9 361999283
9 608089560
9 869145120
9 562332983
9 100009
9 933991370
9 524101829
9 704648359
9 808216039
9 853773119
9 204469472
9 100009
9 10009
9 100009
9 649385232
9 102126609
9 601481049
9 100009
9 632855659
9 742030469
9 100000009
9 100009
9 942481255
9 100000009
9 100009
9 10009
9 196145486
9 459636068
9 227985037
9 286157039
9 100009
9 248829589
9 220156159
9 151867369
9 100009
9 752874609
9 100009
9 100009
9 602682359
9 158011659
9 697896176
9 902776635
9 100009
9 848302519
9 208598615
9 100009
9 216533967
9 100000009
9 760435309
9 791612530
9 100009
9 170665119
9 582191475
9 470651519
9 639010723
9 756564429
9 100009
9 100000009
9 620058769
9 925342420
9 738868019
9 201651229
9 648480659
9 443870709
9 100000009
9 738201593
9 508881921
9 125859786
9 788227219
9 100000009
9 122278729
9 100009
9 100009
9 139736489
9 744907654
9 100000009
9 100009
9 423456189
9 801128159
9 840236389
9 10009
9 10009
9 922495265
9 582294702
9 100009
9 225275009
9 741685896
9 100000009
9 100000009
9 100000009
9 100000009
9 247496668
9 100009
9 836213269
9 165495288
9 100009
9 248402009
9 100009
9 100009
9 674073109
9 513866459
9 100009
9 625695608
9 100009
9 722311269
9 100009
9 100009
9 100009
9 706153908
9 763631769
9 814163839
9 947513714
9 100009
9 100009
9 100009
9 10009
9 684052709
9 102819467
9 499139665
9 100000009
9 100009
9 972754036
9 160182179
9 821207869
9 434904914
9 566023209
9 176068139
9 100009
9 100009
9 649760806
9 100009
9 100009
9 739248778
9 347135149
9 501249151
9 853909464
9 100009
9 100009
9 100009
9 10009
9 476191351
9 100000009
9 396722965
9 771580579
9 611792139
9 212071695
9 761848749
9 749657118
9 208804409
9 100009
9 948794306
9 100009
9 100009
9 100000009
9 424128139
9 843331695
9 100009
9 703658189
9 100009
9 534669514
9 103185689
9 521431093
9 100009
9 473248579
9 100009
9 369257604
9 637186939
9 100009
9 100000009
9 100009
9 520454659
9 633900963
9 766521091
9 769865388
9 581014159
9 390827954
9 100000009
9 926468855
9 663898904
9 100009
9 100009
9 100000009
9 100000009
9 638023489
9 518596739
9 939160280
9 100009
9 10009
9 869932727
9 559440420
9 572784359
9 735269929
9 100009
9 100009
9 916829958
9 100000009
9 895866420
9 723477229
9 538855329
9 100009
9 100009
9 100000009
9 291531508
9 190978726
9 449722156
9 603238239
9 938376521
9 147932985
9 427158709
9 858193022
9 100009
9 100009
9 100000009
9 919761459
9 811757994
9 460661019
9 100009
9 100000009
9 133174779
9 100009
9 772285559
9 100009
9 608198323
9 863840349
9 100009
9 301489770
9 376915365
9 510256049
9 221035209
9 100009
9 100009
9 1000009
9 165832359
9 100000009
9 100000009
9 449504698
9 416796767
9 100009
9 100009
9 165793506
9 100009
9 100009
9 100009
9 495141385
9 100009
9 421346419
9 354055529
9 593959812
9 624557289
9 440297470
9 102072549
9 100000009
9 100009
9 100000009
9 264649969
9 100009
9 272690590
9 420025689
9 100009
9 776846569
9 451241469
9 100009
9 746412489
9 100009
9 894024921
9 100000009
9 398633736
9 514845159
9 100009
9 100009
9 100009
9 100009
9 893483186
9 306601029
9 100009
9 114131539
9 972144518
9 100000009
9 10009
9 622078229
9 100009
9 543841819
9 100000009
9 100009
9 900706618
9 100000009
9 100009
9 622137239
9 100000009
9 100009
9 894191821
9 329644467
9 100009
9 970390217
9 14176369
9 714958149
9 10009
9 185070839
9 190363247
9 975369620
9 521989956
9 246249572
9 879048862
9 222002049
9 829286596
9 996773924
9 908094627
9 993100082
9 444933335
9 100000009
9 100009
9 100009
9 100009
9 100000009
9 100009
9 10009
9 679220022
9 100009
9 718163879
9 100000009
9 508908900
9 889921725
9 628677497
9 811623789
9 587261569
9 563005669
9 100009
9 401315589
9 100009
9 667108449
9 172418219
9 537876319
9 502252959
9 113590615
9 294182077
9 736243359
9 100000009
9 160910356
9 471464319
9 10009
9 100009
9 100000009
9 100009
9 100000009
9 406123159
9 561473359
9 472979416
9 677622779
9 100009
9 635474069
9 100009
9 100000009
9 677415915
9 100009
9 816746589
9 799355040
9 100009
9 394102639
9 369736366
9 890408656
9 648275529
9 100009
9 914972152
9 636500982
9 828545149
9 470563789
9 100009
9 369014306
9 308267819
9 100009
9 300223079
9 100009
9 100009
9 1000009
9 100009
9 100009
9 100009
9 100009
9 183249153
9 100009
9 214809496
9 100000009
9 122042609
9 673746981
9 264162379
9 830760098
9 689420391
9 100009
9 482537729
9 801218589
9 202633539
9 100009
9 100000009
9 918988855
9 100000009
9 100009
9 674613409
9 100009
9 460259771
9 100009
9 512606739
9 609583198
9 117108429
9 822520869
9 100000009
9 648717339
9 10009
9 536980620
9 100009
9 100009
9 223085039
9 100009
9 564570679
9 254510269
9 100009
9 686564796
9 718598119
9 867146089
9 845709374
9 528710689
9 100009
9 100009
9 454952682
9 100009
9 561844049
9 179761174
9 746146097
9 286667059
9 963708596
9 100009
9 371428629
9 100009
9 100009
9 571490670
9 710913324
9 100009
9 747570059
9 304944852
9 312611659
9 100000009
9 482316539
9 525380709
9 100009
9 10009
9 100000009
9 100009
9 772862839
9 100009
9 100000009
9 100009
9 874311489
9 100009
9 226368679
9 903435922
9 824481069
9 100009
9 210067209
9 849059999
9 100009
9 100009
9 713068579
9 100009
9 100009
9 100009
9 657169424
9 100000009
9 402621439
9 100009
9 100009
9 100009
9 681119333
9 676196374
9 546963036
9 100009
9 815177869
9 100009
9 100000009
9 100000009
9 100009
9 100009
9 924827100
9 100009
9 183226649
9 841753539
9 251506329
9 100009
9 100009
9 766059495
9 10009
9 449812512
9 101928261
9 612805790
9 951269333
9 604141896
9 100009
9 639338566
9 826979730
9 518644970
9 100009
9 409567831
9 879261326
9 192217607
9 100009
9 379278587
9 226478119
9 965687779
9 100009
9 824318359
9 10009
9 993037212
9 151402679
9 824610329
9 711664219
9 100000009
9 100009
9 553899831
9 100009
9 664713907
9 605092092
9 882120019
9 100000009
9 577906431
9 100009
9 747244809
9 100009
9 100009
9 107662289
9 915387521
9 100009
9 10009
9 547112069
9 512612029
9 986934365
9 533754169
9 100000009
9 100000009
9 100000009
9 100009
9 315267196
9 100009
9 344388902
9 100009
9 401909010
9 100000009
9 223420191
9 100009
9 133395413
9 458147179
9 501382819
9 532772009
9 100009
9 319669223
9 100009
9 946391208
9 804924449
9 557299040
9 516190262
9 100000009
9 10009
9 482113439
9 133300259
9 395402222
9 100009
9 100009
9 925695494
9 509115868
9 100009
9 563519967
9 997333208
9 720315409
9 749415692
9 419742359
9 100000009
9 100009
9 100000009
9 100009
9 100009
9 126719745
9 100009
9 100009
9 100000009
9 100009
9 697183607
9 116661069
9 421599852
9 100000009
9 598027429
9 797123323
9 729503316
9 733497082
9 100009
9 100009
9 116630429
9 100009
9 732255839
9 850329052
9 100009
9 100009
9 100000009
9 100009
9 292277694
9 100009
9 870604659
9 100000009
9 635394622
9 370737579
9 100009
9 857290538
9 589260248
9 100009
9 100000009
9 100009
9 100009
9 548874629
9 10009
9 100009
9 100000009
9 860864089
9 478890612
9 246418639
9 100009
9 100009
9 689664064
9 450803269
9 100000009
9 649539847
9 182157697
9 905002684
9 100009
9 100009
9 689382469
9 100009
9 100009
9 1000009
9 931903431
9 100009
9 100009
9 996023048
9 519077313
9 317344309
9 279709480
9 855564719
9 323668729
9 100009
9 684145179
9 100009
9 739876633
9 617764539
9 100000009
9 257049342
9 456455289
9 100009
9 100009
9 1000009
9 496405031
9 873975857
9 100009
9 191761553
9 738216239
9 604552659
9 434894886
9 802729451
9 100000009
9 155571579
9 112431749
9 537554859
9 932251598
9 100000009
9 744200329
9 406672619
9 988910551
9 100009
9 536225069
9 10009
9 423254889
9 262216924
9 100009
9 345558961
9 615229263
9 287756579
9 208291815
9 136044859
9 587266289
9 100009
9 124121169
9 480356769
9 590216254
9 100000009
9 100009
9 100009
9 195136981
9 100009
9 100009
9 100000009
9 100009
9 100009
9 10009
9 995304634
9 100009
9 100009
9 401134169
9 133346689
9 395197634
9 213482009
9 308004389
9 274542589
9 553362869
9 442522495
9 189615410
9 222238289
9 306336569
9 100009
9 100000009
9 34598137
9 116302469
9 265716369
9 969759973
9 100009
9 613423957
9 489571735
9 173196241
9 848435839
9 100009
9 100009
9 533903223
9 100000009
9 100009
9 949334028
9 913148487
9 100009
9 100000009
9 100009
9 100009
9 599246159
9 394347704
9 258711109
9 100000009
9 826429486
9 100009
9 100000009
9 100009
9 392886238
9 100009
9 100009
9 957670991
9 100000009
9 100009
9 100000009
9 229475602
9 873631459
9 100009
9 100000009
9 100000009
9 100009
9 10009
9 10009
9 519194568
9 100009
9 1000009
9 397114330
9 464933996
9 434046729
9 369724054
9 354435198
9 100000009
9 100009
9 609700228
9 932139639
9 100000009
9 623509663
9 507565759
9 977856445
9 865698765
9 725628729
9 891522618
9 210123269
9 100000009
9 262712389
9 394462508
9 256370469
9 100009
9 100009
9 362739609
9 423481649
9 702268059
9 100009
9 100009
9 811846819
9 948666854
9 849575273
9 174658659
9 525294734
9 100009
9 577099487
9 788604059
9 580162279
9 100009
9 100009
9 100009
9 100009
9 100009
9 712459164
9 491523018
9 922667108
9 775010429
9 257495963
9 100000009
9 100009
9 485433049
9 907781499
9 100000009
9 807607069
9 887958585
9 481540594
9 739016065
9 449909424
9 100009
9 100009
9 608992992
9 182337739
9 608577679
9 100009
9 113784229
9 798203033
9 475914009
9 978814661
9 730444169
9 100009
9 775569522
9 100000009
9 449738887
9 414919680
9 351153819
9 100009
9 921875964
9 789813310
9 100009
9 100000009
9 879008391
9 768519367
9 100009
9 740214829
9 100009
9 177831609
9 100009
9 197843350
9 100009
9 100000009
9 370984612
9 100009
9 759027435
9 880388489
9 100000009
9 334316289
9 100009
9 268679140
9 100009
9 407467019
9 169381176
9 497235476
9 786211392
9 807715269
9 10009
9 977097163
9 805111934
9 384317889
9 621606935
9 100009
9 277686869
9 300772679
9 421906091
9 622155039
9 400615269
9 100009
9 361179802
9 404108389
9 309028182
9 948484272
9 100000009
9 610847219
9 100000009
9 692524410
9 851720789
9 100000009
9 446293955
9 10009
9 373955712
9 569633263
9 100009
9 357679819
9 416966557
9 100000009
9 100009
9 100009
9 678986171
9 399026675
9 204575549
9 100009
9 207110879
9 100000009
9 100009
9 823485669
9 100009
9 154162119
9 814715439
9 825918907
9 100009
9 632844529
9 861565996
9 470632309
9 100000009
9 691470664
9 854758229
9 649587027
9 806205839
9 100009
9 100000009
9 100009
9 333376109
9 345715739
9 622090000
9 100009
9 336698416
9 374057029
9 411712889
9 314121479
9 100009
9 100009
9 790113337
9 368184899
9 715340179
9 666300889
9 488617219
9 158748289
9 100009
9 416731549
9 246132809
9 158624539
9 514798769
9 881612039
9 100009
9 314228946
9 100000009
9 100009
9 798593518
9 100009
9 100000009
9 100000009
9 173998634
9 100009
9 100009
9 100000009
9 382156898
9 580448394
9 120420993
9 859027833
9 656932550
9 100009
9 139831553
9 701844849
9 311079520
9 917153398
9 332542869
9 226643259
9 100000009
9 100009
9 684629443
9 976306070
9 382566109
9 100009
9 100009
9 100009
9 914216610
9 100009
9 100009
9 413485249
9 100009
9 100000009
9 594907168
9 100009
9 620312629
9 606281509
9 100009
9 100009
9 100009
9 409871851
9 119894924
9 991228334
9 100000009
9 584581947
9 940830160
9 259902418
9 354454779
9 900543739
9 242915365
9 100009
9 130164984
9 100009
9 880554109
9 188107329
9 409590937
9 373272279
9 100009
9 533049389
9 100009
9 100009
9 100000009
9 982590026
9 100000009
9 961514277
9 100009
9 436172479
9 136151039
9 100000009
9 579382272
9 100009
9 998023977
9 363131869
9 100009
9 100000009
9 100009
9 364990266
9 682343809
9 100000009
9 411024809
9 100009
9 100000009
9 100009
9 799341438
9 479239264
9 100009
9 232600249
9 864501039
9 100000009
9 100000009
9 563890512
9 100009
9 562584469
9 750310695
9 197167641
9 445224593
9 368503559
9 510493911
9 100009
9 10009
9 100009
9 120762948
9 100009
9 100000009
9 100009
9 772975209
9 900202745
9 217974110
9 100000009
9 857537739
9 100000009
9 100009
9 415959476
9 612175679
9 100000009
9 453260059
9 100009
9 100009
9 100009
9 706181910
9 100009
9 747800719
9 528819626
9 935555019
9 100009
9 100009
9 100000009
9 126182089
9 856710439
9 250575319
9 656918209
9 100009
9 100009
9 676008449
9 678934419
9 100009
9 945660242
9 100009
9 367067791
9 100000009
9 990185850
9 401940707
9 191323213
9 246370649
9 100009
9 199933072
9 438022889
9 178791537
9 100009
9 355198632
9 409571537
9 345035589
9 100009
9 25860619
9 10009
9 707134029
9 396951925
9 100009
9 724467779
9 389228317
9 100009
9 100000009
9 976030047
9 862692038
9 100009
9 10009
9 100009
9 857517009
9 682997369
9 100009
9 100009
9 525815289
9 10009
9 100009
9 100000009
9 100009
9 100009
9 978836796
9 100009
9 711013109
9 209688173
9 100009
9 246103966
9 117817389
9 100009
9 727519335
9 1000009
9 100009
9 100000009
9 100009
9 705626809
9 100000009
9 100000009
9 100000009
9 309001415
9 100009
9 910997513
9 100009
9 100009
9 100009
9 611895250
9 100009
9 100009
9 100000009
9 100009
9 100009
9 202869590
9 100009
9 713204249
9 100000009
9 612646929
9 193262503
9 100009
9 100009
9 100009
9 778894614
9 549085711
9 100009
9 351914001
9 100009
9 140959963
9 100009
9 496412805
9 100000009
9 136591381
9 369421903
9 100000009
9 259571082
9 100009
9 100009
9 565795144
9 803245794
9 348917557
9 792525920
9 275606918
9 100009
9 100009
9 418516739
9 100000009
9 572216059
9 100009
9 329118574
9 100009
9 438964449
9 709226514
9 886496065
9 330593525
9 756272914
9 442836379
9 589015305
9 957324648
9 583136892
9 927494849
9 974163475
9 671607379
9 100009
9 135945943
9 669149372
9 760448069
9 234940930
9 100009
9 211214739
9 100009
9 443441970
9 100009
9 317726419
9 100009
9 166103379
9 100009
9 100009
9 669552653
9 828901690
9 100009
9 100000009
9 845609991
9 579998019
9 666345329
9 649839889
9 234610479
9 906487343
9 928892397
9 100009
9 100000009
9 100009
9 295777488
9 100009
9 854002579
9 106040529
9 709662613
9 914740402
9 100009
9 350709171
9 100009
9 881282719
9 400872129
9 654532159
9 100009
9 146168419
9 557255559
9 100009
9 731137049
9 100009
9 947849326
9 10009
9 248199620
9 553312039
9 100000009
9 100000009
9 100009
9 299787992
9 291637304
9 656525349
9 100000009
9 386027895
9 100009
9 935714274
9 400927967
9 100000009
9 100009
9 623849039
9 100009
9 463767739
9 920893451
9 10009
9 100009
9 694675976
9 687281449
9 885570519
9 746786349
9 548397344
9 390794457
9 263198879
9 100009
9 844226359
9 954886334
9 112549654
9 588616489
9 100000009
9 192801903
9 100000009
9 900620889
9 505298872
9 797391455
9 460740079
9 131682669
9 738716709
9 234700961
9 376240469
9 781394765
9 952950254
9 646145759
9 100009
9 790474791
9 100009
9 388441219
9 543233955
9 189169472
9 597090422
9 990269315
9 907657815
9 798761391
9 100009
9 226662409
9 745142709
9 430523049
9 378372139
9 339641879
9 100009
9 100000009
9 100000009
9 609513781
9 100000009
9 873665869
9 626133519
9 100000009
9 590409331
9 561766729
9 287064119
9 989993717
9 766392311
9 229910376
9 100009
9 100009
9 562255059
9 509030194
9 265849406
9 655351439
9 100009
9 276835729
9 815512779
9 100009
9 168330379
9 540143569
9 100009
9 326227449
9 100009
9 533503219
9 100009
9 710611269
9 520476359
9 100009
9 661683609
9 100000009
9 277773089
9 100000009
9 663246029
9 523635459
9 100009
9 100000009
9 881908929
9 100000009
9 100009
9 733846479
9 100000009
9 311220669
9 159631378
9 143107469
9 842373369
9 100009
9 100009
9 191964764
9 100009
9 10009
9 100009
9 851558079
9 648036910
9 100000009
9 170096124
9 706562809
9 10009
9 100000009
9 493511266
9 222473988
9 401823589
9 247813029
9 243906046
9 809594820
9 844639390
9 458827970
9 987324169
9 100009
9 494122378
9 617122169
9 597374531
9 293458451
9 695002588
9 806343579
9 100009
9 517584009
9 622816089
9 100009
9 946997894
9 100009
9 110801269
9 794281856
9 298735245
9 100009
9 100000009
9 100009
9 795027265
9 505681719
9 268719072
9 740577009
9 773061559
9 605029302
9 239043496
9 675469543
9 560255349
9 832911353
9 618490474
9 253897334
9 100009
9 100009
9 200913137
9 683031579
9 100009
9 100009
9 100000009
9 100000009
9 100009
9 1009
9 719628315
9 716272649
9 100000009
9 747550839
9 222160289
9 100009
9 100009
9 100009
9 538343359
9 100009
9 100009
9 703491745
9 209646896
9 100000009
9 360951963
9 168085093
9 100009
9 10009
9 608941769
9 447573559
9 843147249
9 10009
9 516655569
9 155652049
9 201757819
9 505954442
9 100009
9 100009
9 148264469
9 281651519
9 519564179
9 413596557
9 308692746
9 547096180
9 510467790
9 507317649
9 100000009
9 752994303
9 100009
9 239378120
9 100000009
9 430147689
9 221477329
9 100009
9 10009
9 100009
9 911377157
9 100000009
9 640167957
9 10009
9 589937146
9 685253849
9 100009
9 854387439
9 662818009
9 575710259
9 100009
9 902980969
9 564783977
9 848583059
9 100009
9 10009
9 911162624
9 965508452
9 658109589
9 100000009
9 682795761
9 100000009
9 639995076
9 100009
9 100009
9 100009
9 433137229
9 521098409
9 175620609
9 863669679
9 910370899
9 100009
9 100009
9 535270119
9 100000009
9 100000009
9 100000009
9 197614282
9 100009
9 1009
9 100009
9 410179376
9 10009
9 269141392
9 885473589
9 100009
9 433138449
9 288953186
9 646873429
9 100009
9 389689046
9 196018697
9 582761759
9 657154879
9 387636790
9 100009
9 10009
9 886825912
9 655769542
9 100000009
9 100000009
9 292270998
9 396128354
9 100009
9 100009
9 100009
9 290115295
9 540831589
9 875386179
9 840815209
9 695449306
9 238857594
9 100009
9 100009
9 895130007
9 553435409
9 140441419
9 100009
9 245339491
9 100009
9 154936373
9 100009
9 530354649
9 508034109
9 100009
9 100009
9 100000009
9 364572093
9 944001639
9 100000009
9 100009
9 100000009
9 560489759
9 100009
9 100009
9 100000009
9 932606792
9 813197703
9 427228935
9 884013495
9 555649592
9 122084495
9 681720599
9 729673687
9 694117252
9 508728269
9 155353297
9 100000009
9 243908930
9 100009
9 100009
9 234276914
9 10009
9 100000009
9 100009
9 569601569
9 100009
9 511246937
9 100009
9 100009
9 100000009
9 100009
9 106611769
9 100009
9 100009
9 100000009
9 685760389
9 100000009
9 391562087
9 669027108
9 100009
9 100009
9 784320539
9 380209588
9 100009
9 100009
9 777198175
9 376202089
9 618131936
9 100009
9 100009
9 605123679
9 100009
9 584940789
9 418419554
9 100009
9 771146749
9 100000009
9 100009
9 682521869
9 100009
9 100009
9 467992417
9 214199602
9 710494070
9 10009
9 197721211
9 100009
9 100009
9 170472239
9 100000009
9 715282459
9 100009
9 100009
9 460401979
9 967753618
9 373178689
9 281335239
9 269098898
9 100000009
9 771454019
9 100000009
9 108554089
9 100009
9 100009
9 641119281
9 100009
9 577931342
9 656510895
9 506066689
9 896291584
9 100009
9 837161619
9 656351889
9 100009
9 460104169
9 828735329
9 602943114
9 100009
9 962811905
9 735474349
9 428726869
9 999224854
9 997623390
9 100000009
9 911028109
9 100009
9 100000009
9 823270329
9 942469816
9 573246159
9 476071903
9 735051739
9 881177639
9 381261409
9 100000009
9 541690925
9 100009
9 649681768
9 100000009
9 10009
9 100009
9 651711094
9 192168346
9 100009
9 100000009
9 729150413
9 100000009
9 10009
9 100009
9 666214049
9 649419219
9 1000009
9 100009
9 100009
9 100000009
9 557060229
9 100000009
9 482531129
9 139381774
9 692636460
9 871116972
9 227366539
9 964217348
9 100009
9 229508994
9 950387317
9 100000009
9 100009
9 523214569
9 499839969
9 100009
9 498973620
9 227654649
9 538035379
9 100000009
9 366134249
9 344168059
9 100009
9 235753539
9 924392249
9 678132279
9 100009
9 453835394
9 100009
9 495332978
9 302596785
9 326120093
9 100000009
9 615818971
9 100000009
9 100009
9 898297845
9 744192940
9 100009
9 10009
9 100009
9 100009
9 673527297
9 989609330
9 869572089
9 407946971
9 767149262
9 100009
9 100009
9 241741593
9 100000009
9 117215379
9 320434409
9 10009
9 100009
9 213733759
9 100009
9 832356719
9 100009
9 879730444
9 591224365
9 955820438
9 472026069
9 100009
9 100009
9 851483960
9 602731139
9 242917438
9 302395133
9 897053966
9 898811410
9 100009
9 217637079
9 799616390
9 906221317
9 610014279
9 807237983
9 100000009
9 100009
9 136467829
9 100000009
9 100009
9 269558812
9 890497342
9 557650309
9 435402859
9 477811309
9 100009
9 176314809
9 562090848
9 616169530
9 194783062
9 100009
9 100009
9 829893934
9 100009
9 906646862
9 100009
9 295203268
9 543835869
9 528188379
9 891849678
9 100009
9 100009
9 337131119
9 100009
9 100009
9 604903499
9 747812169
9 100000009
9 100000009
9 653426291
9 148435589
9 100009
9 387277029
9 663633739
9 438557639
9 100009
9 100009
9 319195923
9 417275019
9 219537835
9 100009
9 100009
9 314495809
9 764474519
9 828458369
9 299809373
9 100009
9 100009
9 100009
9 463589949
9 171330539
9 724620459
9 578184039
9 100009
9 100009
9 517250059
9 487666109
9 100009
9 100009
9 949096218
9 100009
9 739432992
9 100000009
9 181434219
9 233483925
9 811484509
9 100000009
9 100000009
9 100000009
9 324357389
9 508103559
9 100000009
9 340505934
9 364523609
9 756640679
9 715507289
9 168240329
9 100009
9 100000009
9 334675729
9 100000009
9 674382339
9 187056659
9 935925239
9 100009
9 484240469
9 557838790
9 100000009
9 100009
9 335055795
9 100000009
9 648563369
9 511313489
9 303817549
9 100009
9 319295268
9 731705990
9 781080229
9 449241251
9 216461079
9 667574139
9 100009
9 430065169
9 100000009
9 100009
9 100009
9 100009
9 915735361
9 699094387
9 802273759
9 760898924
9 901034109
9 236239130
9 706271729
9 100009
9 182683789
9 100009
9 262942945
9 948305956
9 100009
9 372702839
9 773273943
9 445760398
9 329443830
9 342940516
9 451120879
9 757537429
9 100009
9 296863173
9 782760109
9 100000009
9 287322009
9 100009
9 932831364
9 502906852
9 676484779
9 100009
9 203944355
9 114523739
9 699697292
9 241846297
9 100009
9 100000009
9 328416549
9 100009
9 100009
9 135405039
9 734743409
9 644539673
9 198657883
9 202329588
9 653878769
9 907363398
9 582036393
9 533121639
9 286413809
9 100000009
9 10009
9 448930943
9 192374317
9 100009
9 100000009
9 774242559
9 893931960
9 302373069
9 100009
9 100009
9 310387279
9 100009
9 221619148
9 100009
9 208582194
9 226942663
9 321792727
9 281770139
9 155098680
9 199725698
9 785015931
9 1000009
9 150659443
9 100000009
9 136340059
9 401926537
9 100009
9 724276591
9 650696186
9 872358980
9 100009
9 586652549
9 100000009
9 323366419
9 886137209
9 439348198
9 10009
9 835112519
9 100009
9 814706993
9 289708476
9 986729027
9 100009
9 938124948
9 920781859
9 100009
9 810976639
9 267308911
9 423369388
9 884815129
9 357173929
9 817144749
9 100009
9 751510990
9 100009
9 927460456
9 10009
9 288995773
9 856384895
9 137143409
9 459248559
9 289620697
9 100000009
9 100009
9 558482409
9 10009
9 389253715
9 100009
9 629790780
9 192857865
9 945825472
9 100009
9 100000009
9 100009
9 100009
9 100009
9 636413289
9 100009
9 476553819
9 553781692
9 383824984
9 497560532
9 100009
9 581606819
9 100009
9 204262569
9 923428399
9 894782164
9 868564529
9 214964273
9 100009
9 100000009
9 100000009
9 820478879
9 100009
9 100009
9 605862129
9 434392042
9 460885669
9 129236006
9 362401539
9 318372619
9 877666209
9 746756229
9 858876992
9 100000009
9 240053489
9 968742893
9 465722849
9 765558369
9 100009
9 102203769
9 427255459
9 100000009
9 746265619
9 892872153
9 791132135
9 558953180
9 675010339
9 522115695
9 100009
9 889690542
9 978738784
9 915845981
9 740546459
9 100009
9 865012789
9 712373809
9 450169450
9 513836910
9 190363144
9 662838259
9 945605402
9 153724469
9 245896726
9 217274379
9 154878109
9 100000009
9 379077511
9 287553975
9 778562139
9 436381169
9 100009
9 100009
9 656848649
9 458611279
9 100009
9 100009
9 975825605
9 368198163
9 865681539
9 891200596
9 227410129
9 100009
9 100009
9 100009
9 100009
9 208517409
9 793293563
9 744801990
9 100009
9 164975512
9 100009
9 914637992
9 1000009
9 409337411
9 100009
9 100009
9 660133963
9 100009
9 274544489
9 774702469
9 751115926
9 643056489
9 100009
9 100009
9 650349423
9 850108398
9 100009
9 791873659
9 100009
9 100009
9 956346881
9 1000009
9 151412559
9 731075569
9 253879286
9 431507169
9 100009
9 175495445
9 661635289
9 114214349
9 692617127
9 266182937
9 100009
9 430340549
9 343145329
9 690473876
9 100009
9 744814379
9 591218832
9 495693322
9 100009
9 865462179
9 100009
9 100009
9 994781310
9 100009
9 448725849
9 100000009
9 100009
9 100009
9 100009
9 100009
9 237128296
9 10009
9 632749777
9 100009
9 100000009
9 327499879
9 100009
9 769229949
9 100000009
9 475339800
9 100009
9 100009
9 100009
9 224716169
9 100009
9 100009
9 825747691
9 218524429
9 773913602
9 370718309
9 987213409
9 944795484
9 100009
9 162904414
9 100000009
9 715579870
9 278519811
9 100000009
9 100000009
9 100000009
9 100009
9 100000009
9 715815689
9 100009
9 100009
9 363286269
9 100000009
9 216042629
9 748018579
9 179815195
9 212546259
9 136003159
9 141566509
9 861286319
9 100009
9 859261550
9 220377849
9 856560069
9 100000009
9 701979909
9 593384547
9 100000009
9 100009
9 100009
9 935163345
9 100009
9 541746749
9 100009
9 100009
9 100009
9 100000009
9 813219963
9 100009
9 837689137
9 100000009
9 338369238
9 100009
9 148069618
9 821354980
9 530493378
9 100000009
9 331242459
9 845540019
9 924733425
9 923824208
9 363841289
9 627565069
9 100009
9 184342839
9 400463639
9 726435039
9 725096985
9 100009
9 100009
9 950212626
9 100000009
9 280432924
9 755579685
9 456075089
9 100009
9 100009
9 100009
9 793166574
9 772041729
9 541408109
9 298914500
9 891725694
9 741011219
9 572008914
9 100009
9 759936663
9 186502359
9 403938799
9 375058189
9 874569908
9 100000009
9 100009
9 100009
9 684516739
9 861045879
9 553940494
9 666072319
9 580514092
9 666156309
9 653089702
9 357993997
9 695634701
9 489672333
9 486705449
9 100009
9 100000009
9 100009
9 1000009
9 881709437
9 721034769
9 154482944
9 954062526
9 705292536
9 690385279
9 100000009
9 100009
9 222728219
9 383629771
9 972042970
9 100009
9 432709503
9 100009
9 121270941
9 100009
9 453650908
9 766683049
9 100009
9 338065349
9 804743249
9 100009
9 751470594
9 100009
9 100009
9 431923611
9 100000009
9 100009
9 946193809
9 713063709
9 100009
9 10009
9 100009
9 687013589
9 256189949
9 774729068
9 568474669
9 100009
9 476873994
9 453514319
9 100009
9 135338039
9 224665779
9 233393781
9 958540248
9 916169430
9 581094901
9 100009
9 724648819
9 409595658
9 762091946
9 153905999
9 888891850
9 273883849
9 737599181
9 170896135
9 857939840
9 100009
9 100000009
9 971590437
9 975421219
9 771731669
9 888050389
9 640353389
9 398473863
9 273356479
9 899716619
9 100009
9 100000009
9 221860019
9 837577698
9 100009
9 814247169
9 100009
9 100009
9 10009
9 405644009
9 100009
9 171980829
9 339043463
9 100009
9 917763412
9 400060769
9 100009
9 595730065
9 523467791
9 100000009
9 100009
9 672216289
9 100000009
9 336624799
9 100009
9 129565881
9 676996821
9 674608839
9 100009
9 100000009
9 184628809
9 100009
9 100009
9 265225679
9 567850119
9 212119635
9 100009
9 100009
9 876780259
9 100009
9 167381139
9 338772569
9 950163553
9 845002119
9 959403655
9 100000009
9 255422859
9 291930369
9 260001930
9 100009
9 100000009
9 100009
9 100009
9 674889187
9 100009
9 100009
9 100009
9 100009
9 706324009
9 100009
9 885141119
9 100009
9 629443051
9 100009
9 302463921
9 100000009
9 100000009
9 380823191
9 345626049
9 100000009
9 940840785
9 100000009
9 445418239
9 136818569
9 100009
9 505708519
9 461842359
9 799459840
9 922023098
9 360121489
9 100009
9 750118698
9 515799992
9 100009
9 211011219
9 933621372
9 1000009
9 971593159
9 628833269
9 100009
9 100000009
9 249301679
9 100000009
9 278396973
9 784631389
9 100000009
9 463784019
9 100000009
9 596504322
9 765378139
9 100009
9 427911053
9 332522942
9 483701982
9 100009
9 100009
9 100009
9 100009
9 588340797
9 207817195
9 894251859
9 801458369
9 180334179
9 773910743
9 711800319
9 707852839
9 100009
9 100009
9 683895699
9 100009
9 100009
9 941969578
9 410587859
9 100000009
9 784407829
9 740865009
9 851521639
9 100000009
9 639914824
9 496016480
9 100009
9 330425889
9 513470579
9 100009
9 100000009
9 600713549
9 100009
9 928008685
9 221578559
9 238744539
9 967237975
9 114421229
9 100000009
9 100000009
9 571579586
9 100009
9 10009
9 100009
9 615247169
9 100009
9 471071951
9 100009
9 205403669
9 805554629
9 100000009
9 100009
9 379455345
9 100009
9 100009
9 100009
9 965277289
9 100000009
9 392238971
9 1000009
9 238914085
9 191139191
9 484196981
9 912685065
9 786924071
9 804664249
9 100000009
9 100000009
9 100009
9 471611439
9 632094462
9 151669130
9 222988058
9 100009
9 294159845
9 831848459
9 100009
9 100009
9 100000009
9 488601597
9 10009
9 100000009
9 557103296
9 814789796
9 223597810
9 627129733
9 108070984
9 593218335
9 100009
9 100009
9 100009
9 100009
9 720207859
9 100009
9 796407465
9 100009
9 10009
9 401905462
9 961987514
9 10009
9 346084937
9 100000009
9 747647489
9 327616679
9 100009
9 100000009
9 182334179
9 215961245
9 292570709
9 100009
9 295524389
9 100009
9 100009
9 612738259
9 321349760
9 100009
9 100009
9 410905592
9 901447789
9 267229892
9 100000009
9 256983694
9 734397507
9 697065622
9 148443649
9 54005793
9 450431049
9 608950880
9 974143871
9 479591570
9 258776649
9 100009
9 100009
9 212775649
9 100009
9 966863796
9 313813589
9 100009
9 100009
9 759465521
9 865129868
9 193807861
9 190501021
9 826803039
9 666161449
9 297151337
9 265317549
9 100009
9 776296405
9 100009
9 649977337
9 100009
9 100000009
9 100000009
9 775511529
9 639137680
9 395009924
9 100009
9 100009
9 100009
9 100009
9 104228509
9 1000009
9 100000009
9 592378960
9 10009
9 100000009
9 34862679
9 595788137
9 978271518
9 100009
9 377261129
9 100000009
9 776230259
9 495481086
9 100009
9 264033859
9 100000009
9 100000009
9 154640897
9 368217619
9 100009
9 190640406
9 334238982
9 100009
9 858965184
9 100009
9 100009
9 697891436
9 332838529
9 1000009
9 100009
9 688539394
9 100009
9 441072889
9 100009
9 100009
9 481004189
9 736086989
9 100009
9 100009
9 213213629
9 882408439
9 100009
9 845617194
9 37893774
9 610481629
9 212743396
9 100009
9 519662680
9 100009
9 1000009
9 100009
9 841811739
9 10009
9 166359646
9 100009
9 523875259
9 989530957
9 100000009
9 165071639
9 175375269
9 100009
9 100009
9 626665409
9 100009
9 792982781
9 100009
9 271746989
9 532334059
9 571006469
9 887986900
9 100000009
9 754775794
9 684192774
9 100000009
9 929120490
9 100009
9 729848591
9 100009
9 100000009
9 507075639
9 100009
9 100009
9 100009
9 100000009
9 100009
9 100000009
9 348667689
9 238587239
9 229552218
9 100000009
9 566680997
9 948515431
9 415002139
9 10009
9 731119430
9 100009
9 100009
9 100009
9 341315389
9 862185279
9 254312439
9 100009
9 100009
9 1009
9 100009
9 650292676
9 178560029
9 100000009
9 294425942
9 293626210
9 247127209
9 846842149
9 100009
9 109464224
9 100009
9 10009
9 125067059
9 136178419
9 258713907
9 100000009
9 100009
9 559778933
9 100009
9 399805212
9 100009
9 528424139
9 198201256
9 100009
9 100009
9 100000009
9 551013494
9 100009
9 100009
9 100009
9 805828392
9 401296951
9 564565259
9 100009
9 130408952
9 945088075
9 100009
9 1000009
9 394328772
9 752392885
9 414686598
9 100009
9 100009
9 294610523
9 100009
9 831796885
9 102474139
9 429502120
9 963571888
9 955329211
9 526735759
9 714467159
9 100009
9 811859860
9 958742952
9 353412297
9 100009
9 136526119
9 502614789
9 100009
9 100009
9 943939231
9 100009
9 100009
9 292581417
9 100009
9 567283496
9 100009
9 100009
9 543862129
9 317080977
9 573573039
9 100009
9 457790158
9 405978704
9 908175460
9 769247248
9 488144489
9 100009
9 100000009
9 100009
9 697161274
9 100009
9 758277149
9 478634629
9 100009
9 10009
9 685098829
9 100009
9 778204809
9 826334479
9 100009
9 342066139
9 214861395
9 100009
9 949699449
9 100009
9 337001879
9 100009
9 705792869
9 100000009
9 924375755
9 940355831
9 671042879
9 100000009
9 659491749
9 669678088
9 872819892
9 422840289
9 100000009
9 100000009
9 468482869
9 388448769
9 963330731
9 602154339
9 100009
9 605420209
9 372427459
9 416494677
9 809551213
9 526291068
9 864973556
9 783809283
9 840328589
9 10009
9 516691490
9 1000009
9 100009
9 353696152
9 100009
9 100009
9 100000009
9 100000009
9 100000009
9 370761938
9 877412191
9 100009
9 100009
9 246042139
9 138175549
9 100009
9 452125389
9 100009
9 100000009
9 258272019
9 821369095
9 499543489
9 100000009
9 195971809
9 100009
9 100009
9 472484439
9 100009
9 502047569
9 100009
9 526045759
9 953592842
9 184847259
9 174551139
9 100009
9 100000009
9 100009
9 945174041
9 453435429
9 100000009
9 296142373
9 764505429
9 881426609
9 333170779
9 895597123
9 100009
9 100000009
9 136937365
9 100009
9 100009
9 155166859
9 932251795
9 182351879
9 100009
9 365306192
9 100000009
9 100009
9 100009
9 100000009
9 382526449
9 782742196
9 128698948
9 100009
9 100009
9 693414044
9 100009
9 487291111
9 242649005
9 337512259
9 954934494
9 100009
9 100009
9 259629273
9 690984950
9 821223951
9 607502529
9 259050072
9 637779880
9 733424982
9 100009
9 100009
9 100009
9 307668719
9 927217171
9 100000009
9 794746573
9 662809203
9 868807902
9 100009
9 100000009
9 100009
9 100009
9 854227359
9 100000009
9 698717822
9 283741039
9 632772159
9 100009
9 100000009
9 100009
9 154214659
9 383755279
9 755114469
9 676505849
9 100000009
9 100009
9 584026948
9 377686569
9 321991533
9 100009
9 891702362
9 124962081
9 366355059
9 100009
9 719412778
9 202375839
9 100009
9 100009
9 781536589
9 100009
9 359911484
9 928486234
9 478286859
9 100000009
9 384097586
9 100000009
9 740640279
9 428345295
9 252351439
9 862843859
9 100009
9 225838749
9 100000009
9 620483249
9 10009
9 100009
9 100009
9 666253449
9 169605273
9 568454809
9 100000009
9 100009
9 100000009
9 100009
9 100009
9 100000009
9 977031896
9 299410702
9 100009
9 365548749
9 642772159
9 580703189
9 100009
9 100000009
9 885326798
9 771529312
9 100000009
9 100000009
9 452482239
9 468675549
9 817287819
9 100009
9 1000009
9 777409615
9 100009
9 100000009
9 10009
9 952260622
9 100000009
9 100000009
9 10009
9 806615159
9 150119974
9 668910191
9 100000009
9 523926580
9 426759524
9 622789156
9 270398758
9 100009
9 100000009
9 491430261
9 421522329
9 490632920
9 206927088
9 634427479
9 249657017
9 851723719
9 272970220
9 253542289
9 588359953
9 100000009
9 100000009
9 133620902
9 588274289
9 547949124
9 100009
9 100009
9 424826909
9 456413229
9 856270289
9 100009
9 170241901
9 100009
9 442825079
9 100009
9 867260689
9 100009
9 100000009
9 570314179
9 991294018
9 219848046
9 100009
9 714409870
9 420949111
9 938920572
9 240960291
9 100009
9 125461429
9 100009
9 336208779
9 100009
9 518976977
9 164231079
9 569413684
9 683823259
9 744703169
9 100000009
9 431440789
9 714939312
9 100009
9 195260591
9 100009
9 907479947
9 832101809
9 894916644
9 891256692
9 100009
9 135350719
9 231797081
9 485700779
9 523664869
9 266790362
9 927078739
9 831125923
9 59663761
9 100009
9 100009
9 867806958
9 469442309
9 100009
9 100000009
9 10009
9 100009
9 304670129
9 551041579
9 520887449
9 816561119
9 100000009
9 179518349
9 100009
9 100009
9 529085782
9 100000009
9 754823359
9 800422191
9 100009
9 220019204
9 972736726
9 394568297
9 583495391
9 10009
9 100009
9 823221987
9 380392159
9 100009
9 349846848
9 100009
9 1009
9 100009
9 481922495
9 100009
9 425724489
9 100009
9 194576242
9 100009
9 100000009
9 100009
9 100009
9 100009
9 802068859
9 878916515
9 759850680
9 100009
9 411056945
9 264305359
9 326515649
9 951566205
9 671294577
9 316168249
9 100000009
9 862103339
9 650930621
9 100000009
9 100000009
9 542933348
9 527430569
9 597019700
9 675927522
9 952176616
9 100009
9 416556779
9 835595554
9 686424669
9 782460359
9 849053091
9 636545539
9 100000009
9 100009
9 100000009
9 804473916
9 805100739
9 113544389
9 10009
9 100009
9 897905183
9 100009
9 220228096
9 100000009
9 573779515
9 345309886
9 154361990
9 596011767
9 333762249
9 369532522
9 100009
9 963907729
9 559253083
9 732079980
9 100000009
9 100026069
9 293671954
9 799888343
9 100000009
9 718895557
9 100009
9 100009
9 325784289
9 654263219
9 100009
9 959544628
9 737466759
9 311644389
9 100000009
9 708462609
9 100009
9 100009
9 879883343
9 123612239
9 100009
9 552590764
9 754579749
9 487657549
9 100000009
9 100009
9 100009
9 100009
9 516150459
9 752604859
9 963830342
9 477868749
9 100009
9 385134819
9 850853961
9 756577198
9 100009
9 871899659
9 100009
9 100009
9 100009
9 100009
9 659808750
9 100009
9 726382679
9 391423584
9 100009
9 516401379
9 100009
9 100009
9 100009
9 557123907
9 656124029
9 100009
9 10009
9 677264819
9 100009
9 100009
9 951054723
9 635143079
9 100009
9 100009
9 100009
9 100009
9 100009
9 100009
9 827351269
9 100000009
9 909442840
9 657433619
9 30279859
9 100009
9 790835805
9 804359918
9 949068501
9 707791002
9 484751309
9 142803095
9 100000009
9 478947308
9 968747770
9 671445529
9 100009
9 297373650
9 392139502
9 100000009
9 100000009
9 903755667
9 100009
9 963675642
9 755841279
9 657153509
9 100009
9 100009
9 498707804
9 100000009
9 100009
9 100009
9 464647339
9 943665769
9 138585892
9 835570029
9 100000009
9 100009
9 100000009
9 100009
9 852886859
9 100009
9 866547859
9 943049441
9 100009
9 951564519
9 100009
9 100009
9 100009
9 707829785
9 882671889
9 100009
9 472103029
9 100009
9 100009
9 100000009
9 280366192
9 926457527
9 100000009
9 238188296
9 518102569
9 595897621
9 100009
9 100009
9 486582669
9 129861814
9 924073907
9 1000009
9 100009
9 928048348
9 527606539
9 100009
9 934629814
9 879268562
9 100009
9 100009
9 565108389
9 361043955
9 100009
9 406744559
9 987458556
9 658690808
9 100009
9 816745639
9 265727739
9 100009
9 946826671
9 10009
9 100009
9 779628801
9 705781980
9 286635918
9 580011759
9 1000009
9 100000009
9 1009
9 10009
9 100009
9 10000009
9 100000009
9 553883889
9 874447029
9 449780357
9 100009
9 100009
9 822716629
9 754859518
9 443891200
9 591911916
9 304148109
9 100009
9 151961959
9 921912806
9 918473640
9 100009
9 314805549
9 938118544
9 100009
9 129449133
9 103438479
9 225083955
9 836826659
9 787152392
9 837013589
9 929062546
9 383166149
9 430814539
9 100000009
9 522168069
9 100009
9 100009
9 100009
9 100009
9 100009
9 634280529
9 748534369
9 444714669
9 100009
9 951046493
9 400327997
9 779857281
9 859481647
9 528975480
9 256349356
9 266189560
9 393123959
9 891297391
9 100009
9 100009
9 144477009
9 100009
9 173851029
9 611290061
9 591975152
9 612483309
9 100009
9 654156109
9 100009
9 100009
9 825192545
9 258414039
9 524420239
9 100009
9 943581969
9 100000009
9 100009
9 515954079
9 191044162
9 200519004
9 434027329
9 227798849
9 547882209
9 100009
9 100009
9 100009
9 100009
9 208626159
9 100009
9 368537469
9 228031469
9 100009
9 1000009
9 981417606
9 100009
9 100000009
9 700818169
9 171229731
9 100009
9 100009
9 787358219
9 100009
9 100009
9 386867609
9 100009
9 100009
9 134648289
9 100009
9 100009
9 100009
9 423042259
9 100000009
9 100009
9 277199981
9 314471229
9 164372809
9 142375619
9 100009
9 687879921
9 385243659
9 100009
9 100009
9 100009
9 883075189
9 298134700
9 100009
9 100009
9 100000009
9 171112295
9 113426938
9 486066359
9 212617519
9 469375584
9 100000009
9 100000009
9 129361171
9 910097923
9 659455582
9 10009
9 100009
9 323868319
9 100009
9 100009
9 670514659
9 100000009
9 100000009
9 567182189
9 100009
9 149734163
9 133968839
9 257137749
9 155667449
9 146276659
9 10009
9 643717409
9 304489515
9 739625797
9 614399358
9 909231452
9 100000009
9 249621464
9 568787179
9 697147938
9 139119340
9 107761329
9 993900595
9 110500749
9 176154039
9 100000009
9 367964508
9 100009
9 627245949
9 673641195
9 175291685
9 100009
9 225555169
9 946136937
9 100009
9 100009
9 315811749
9 100009
9 452469894
9 847676649
9 766822679
9 100000009
9 248244249
9 175373898
9 100009
9 178883389
9 742151193
9 100000009
9 694553572
9 262924751
9 100009
9 100000009
9 804128968
9 958318798
9 100009
9 100009
9 214419123
9 226796835
9 126553759
9 182892427
9 585554489
9 683447398
9 772381129
9 100009
9 100000009
9 281001953
9 727383929
9 833138169
9 100000009
9 981016839
9 100009
9 100000009
9 550606139
9 542418079
9 10009
9 670700279
9 980806108
9 100000009
9 100000009
9 528285449
9 100009
9 100009
9 394621595
9 100009
9 100009
9 575615429
9 719786999
9 399340174
9 613220349
9 100009
9 464740119
9 882643192
9 628680849
9 349319360
9 362552039
9 442116139
9 100000009
9 243111689
9 100009
9 811138469
9 163138595
9 100000009
9 868544039
9 317478149
9 329379966
9 385457496
9 100009
9 249591395
9 100000009
9 10009
9 636012649
9 664723719
9 183529264
9 119734746
9 776676529
9 931610044
9 100009
9 100000009
9 330350597
9 100000009
9 899259583
9 788749681
9 100009
9 100009
9 100009
9 859216267
9 489069618
9 525666329
9 169193029
9 100009
9 100009
9 130830859
9 658217089
9 578452539
9 10009
9 747634049
9 100009
9 201577693
9 721148649
9 538703219
9 100009
9 479032506
9 100009
9 627206942
9 100009
9 100000009
9 100009
9 545745289
9 765226049
9 100009
9 859053072
9 789971267
9 850402249
9 974452869
9 273344589
9 100000009
9 277813339
9 228448359
9 100009
9 186971834
9 820979832
9 383039173
9 100009
9 565510509
9 999921777
9 899845019
9 756847598
9 843440419
9 602778009
9 694345367
9 100009
9 754245449
9 613521459
9 263862591
9 100009
9 100009
9 100009
9 100009
9 538682279
9 100009
9 100009
9 100009
9 323698035
9 100000009
9 10009
9 687433449
9 100009
9 100000009
9 100009
9 100000009
9 100009
9 100000009
9 346161159
9 100009
9 820811199
9 279223998
9 100000009
9 100009
9 637251459
9 100009
9 730428279
9 10009
9 392791595
9 183532249
9 886611991
9 864437914
9 100000009
9 805161293
9 100009
9 148801902
9 288931486
9 204940440
9 100009
9 100009
9 719552707
9 100009
9 177505449
9 100009
9 306722179
9 686596232
9 549129765
9 419891480
9 128570079
9 100009
9 100009
9 757088900
9 871818629
9 616953216
9 454623789
9 100000009
9 100009
9 267116749
9 100009
9 961369644
9 100009
9 953584984
9 100009
9 882246039
9 100000009
9 100009
9 100009
9 331090814
9 100000009
9 312122269
9 100000009
9 774898546
9 100009
9 100009
9 382337329
9 419508894
9 100000009
9 100009
9 10009
9 207773079
9 100000009
9 934507451
9 897172416
9 100009
9 697404916
9 100009
9 100000009
9 204706921
9 100000009
9 935371667
9 100009
9 100009
9 963594708
9 917283944
9 100009
9 582169097
9 501813479
9 786054809
9 912322589
9 100000009
9 832376149
9 658000941
9 100009
9 100009
9 167633529
9 100009
9 197163596
9 699875695
9 100000009
9 47223809
9 998942357
9 287303349
9 603422889
9 325727941
9 397243376
9 484610379
9 100000009
9 100009
9 407954142
9 100009
9 212730029
9 631940282
9 977357340
9 417042459
9 772804539
9 918843085
9 100009
9 958230252
9 100000009
9 100000009
9 100000009
9 100009
9 183707069
9 100009
9 100009
9 905772964
9 100000009
9 209593014
9 100009
9 619402173
9 533655399
9 10009
9 165125069
9 100000009
9 804929195
9 665675695
9 100009
9 164459799
9 882409761
9 848564709
9 324268209
9 100009
9 668213419
9 191473014
9 1000009
9 100009
9 296458937
9 738049416
9 740375409
9 771111389
9 100009
9 779453974
9 116644109
9 474109849
9 514853948
9 100009
9 100000009
9 100000009
9 349293018
9 429942332
9 100009
9 100009
9 100009
9 100009
9 100000009
9 666658479
9 931661044
9 297643189
9 984401042
9 284197067
9 1000009
9 100000009
9 996412398
9 100000009
9 853728179
9 100009
9 100009
9 100009
9 100009
9 703276495
9 153080921
9 100000009
9 100009
9 100009
9 741031698
9 100000009
9 386714489
9 100009
9 858998315
9 784028459
9 100009
9 125395948
9 405248219
9 100009
9 328345559
9 100009
9 774495859
9 317162049
9 100000009
9 789027635
9 249728923
9 225325908
9 697834934
9 796479773
9 162908624
9 389268190
9 487651593
9 840117169
9 143807912
9 100009
9 192472603
9 100009
9 689025174
9 900548562
9 100009
9 237822039
9 100009
9 709444342
9 100000009
9 583667119
9 674476679
9 100009
9 472546098
9 502007879
9 481691291
9 202358759
9 140298078
9 500150769
9 100009
9 100000009
9 747972800
9 867252559
9 100000009
9 100000009
9 100000009
9 766069620
9 118084369
9 414614291
9 100009
9 889305626
9 100009
9 100009
9 100009
9 100009
9 289026654
9 100000009
9 775011189
9 537457809
9 100009
9 619853464
9 100009
9 100000009
9 416302945
9 638162339
9 590239212
9 100009
9 100009
9 992261407
9 834785719
9 100000009
9 144871984
9 829664875
9 100009
9 609090197
9 776284419
9 574081950
9 100009
9 595026656
9 100009
9 100009
9 285367779
9 457509360
9 360386279
9 100000009
9 100009
9 100009
9 100009
9 544623879
9 100000009
9 552189133
9 100009
9 529314573
9 100009
9 622105829
9 816811809
9 100009
9 100009
9 100009
9 834887009
9 100009
9 546865759
9 686909657
9 222677689
9 756426589
9 100000009
9 507861179
9 862529310
9 100000009
9 100000009
9 248930706
9 778112889
9 100009
9 814707339
9 100000009
9 387845729
9 100009
9 563330739
9 520137649
9 107452889
9 100000009
9 718350649
9 980999671
9 977468759
9 100009
9 698439616
9 477530239
9 315280319
9 100009
9 100000009
9 100000009
9 100000009
9 275924826
9 230498367
9 100009
9 10009
9 100009
9 100009
9 320625729
9 100009
9 100000009
9 591104092
9 100009
9 604673829
9 100009
9 630670889
9 355952592
9 100009
9 613692229
9 100000009
9 54025449
9 658760985
9 721034279
9 938616922
9 10009
9 100009
9 671418439
9 100009
9 100009
9 100009
9 100009
9 417033219
9 631795497
9 100000009
9 100009
9 100009
9 100000009
9 978252378
9 10009
9 134596766
9 100009
9 100009
9 215591552
9 100009
9 100000009
9 100000009
9 789347648
9 767416779
9 537474759
9 908698348
9 100009
9 393522607
9 100000009
9 100009
9 392939359
9 100009
9 446191584
9 100009
9 100000009
9 561535519
9 768774749
9 100009
9 515928789
9 190790100
9 100009
9 10009
9 421081169
9 407971272
9 100009
9 100000009
9 100009
9 957646241
9 703258519
9 100000009
9 366319468
9 100009
9 100009
9 147818599
9 100000009
9 159374135
9 100009
9 107932479
9 100009
9 571867890
9 270344629
9 303288793
9 100009
9 995132589
9 100000009
9 659982788
9 100000009
9 100000009
9 100000009
9 891323359
9 100009
9 100009
9 646957326
9 100009
9 100000009
9 361617089
9 772979027
9 100009
9 100009
9 403413963
9 100000009
9 823297456
9 100009
9 100009
9 711883679
9 263820976
9 100000009
9 963135335
9 100009
9 670797927
9 863348159
9 435507209
9 100009
9 136770958
9 420207029
9 10009
9 177264694
9 772387029
9 726295618
9 100009
9 906652890
9 764426069
9 896761225
9 100009
9 792743886
9 100009
9 100000009
9 844636289
9 136450019
9 100009
9 843653915
9 203451209
9 289727008
9 238654935
9 100000009
9 100000009
9 265411893
9 100009
9 100000009
9 100009
9 569630135
9 642682359
9 523694764
9 863292215
9 204938828
9 229163684
9 100009
9 517353569
9 863306589
9 100009
9 210967259
9 155206559
9 194822114
9 100009
9 100009
9 100009
9 100009
9 100009
9 836509742
9 396595383
9 100009
9 351486379
9 100009
9 259148715
9 175861594
9 841058089
9 100009
9 10009
9 100009
9 100000009
9 949500773
9 312303169
9 100009
9 216584090
9 100009
9 975181708
9 283451769
9 100009
9 100000009
9 161552319
9 213447539
9 860883069
9 100009
9 239506288
9 106986898
9 668990201
9 1009
9 234185469
9 100009
9 100009
9 100000009
9 338412689
9 100009
9 100000009
9 100009
9 643906114
9 153056659
9 181090501
9 339049511
9 423508649
9 100000009
9 100009
9 373185597
9 100000009
9 302823549
9 100000009
9 100009
9 325501974
9 269241228
9 220731229
9 328876829
9 100009
9 633634479
9 414223914
9 100009
9 100009
9 1009
9 966467425
9 795314770
9 659557998
9 551956027
9 100009
9 879383451
9 100009
9 295932771
9 100000009
9 719069372
9 100000009
9 401965690
9 951415034
9 100000009
9 100009
9 100000009
9 924543640
9 911898064
9 990340584
9 432573469
9 306461289
9 100009
9 100000009
9 433402149
9 907478326
9 721388089
9 100009
9 100009
9 100009
9 130547976
9 100000009
9 994498141
9 221097979
9 256310943
9 10009
9 100009
9 415521419
9 801005339
9 500110159
9 100009
9 451013809
9 970070556
9 528580789
9 100009
9 547866589
9 148204509
9 665353529
9 100009
9 695901978
9 666344169
9 601762179
9 100690050
9 100009
9 677811519
9 100009
9 100000009
9 100009
9 387991078
9 267674529
9 100009
9 100009
9 100009
9 863694162
9 997864298
9 100009
9 381605879
9 375542189
9 100009
9 100009
9 100000009
9 963522269
9 862995464
9 253463819
9 528706339
9 100009
9 980520112
9 513935874
9 100000009
9 100009
9 382694789
9 100009
9 100000009
9 477147829
9 100009
9 100000009
9 705549052
9 100009
9 949324159
9 896599664
9 100009
9 100000009
9 100000009
9 638469922
9 259008751
9 728471759
9 100000009
9 799941504
9 100009
9 100009
9 548504429
9 516802009
9 100009
9 893494091
9 100009
9 100009
9 692955522
9 913277834
9 10009
9 565521239
9 100000009
9 791913538
9 798344659
9 845864539
9 100009
9 939849940
9 825254109
9 943848977
9 100000009
9 279763456
9 100009
9 507245339
9 100000009
9 100009
9 100009
9 986257689
9 327866891
9 100009
9 599677512
9 1009
9 171688739
9 760591258
9 408093511
9 100000009
9 320925096
9 387814193
9 100009
9 100000009
9 100000009
9 100000009
9 256404009
9 188300409
9 100009
9 100000009
9 445350759
9 310896124
9 100009
9 100000009
9 303176439
9 466436907
9 668834359
9 282329727
9 166792626
9 100009
9 10009
9 100000009
9 735881975
9 100000009
9 673496249
9 100009
9 876426449
9 100009
9 100009
9 124467599
9 486678179
9 100009
9 954529714
9 770221349
9 474997634
9 100009
9 709764684
9 394517367
9 570040459
9 433100469
9 380935711
9 533627459
9 100009
9 548287149
9 633842859
9 639695526
9 100009
9 422252339
9 100000009
9 442654759
9 100000009
9 100000009
9 457326229
9 231584957
9 564201169
9 942192801
9 337297739
9 10009
9 100009
9 216227946
9 592947559
9 100009
9 100009
9 402363879
9 401667339
9 100009
9 556441129
9 268738069
9 341148029
9 10009
9 100000009
9 100009
9 100009
9 10009
9 592466325
9 586846629
9 100009
9 884589829
9 100000009
9 520880409
9 626918150
9 100009
9 384760279
9 100009
9 529628787
9 225729204
9 100009
9 264154149
9 133034639
9 5469402
9 921849529
9 100000009
9 100009
9 100000009
9 100009
9 296496046
9 450109781
9 782185959
9 100009
9 100009
9 558601619
9 421377539
9 422742329
9 410345479
9 100009
9 100009
9 590855187
9 100000009
9 904055835
9 100009
9 100009
9 100009
9 10009
9 10009
9 100009
9 100000009
9 100009
9 106506659
9 968380285
9 85754909
9 100009
9 119317833
9 297355494
9 860834419
9 637079878
9 954891342
9 640587619
9 173580449
9 100009
9 612260339
9 720022159
9 100000009
9 492970832
9 441137893
9 431108149
9 100009
9 100009
9 209581749
9 100009
9 770952686
9 892493750
9 336169126
9 659572939
9 100009
9 118044389
9 531322939
9 343601349
9 631416389
9 410444379
9 100009
9 100009
9 747869054
9 100009
9 404586539
9 935656877
9 100009
9 100000009
9 100000009
9 104611479
9 100009
9 100009
9 680906560
9 391719244
9 297574114
9 136260369
9 262068139
9 100009
9 922642486
9 1009
9 142140849
9 671089314
9 967992842
9 100009
9 559111475
9 477496836
9 409864074
9 100000009
9 100009
9 100009
9 342410609
9 551382169
9 100009
9 744348319
9 100000009
9 732200729
9 100009
9 436180189
9 501417449
9 10009
9 990473435
9 823008669
9 217134979
9 405084489
9 100009
9 739520470
9 10009
9 423126719
9 225936554
9 100009
9 100009
9 189058326
9 914261119
9 100009
9 403146094
9 546202529
9 150971297
9 100000009
9 671939643
9 874598221
9 598519205
9 100009
9 100000009
9 100009
9 712353029
9 100000009
9 237122934
9 111543129
9 314153269
9 489764955
9 257896893
9 659850450
9 100000009
9 1000009
9 965210148
9 113301879
9 225886849
9 697191888
9 26408549
9 100000009
9 100009
9 100009
9 100009
9 284431859
9 179854233
9 100009
9 100009
9 354064029
9 252680689
9 100009
9 892910143
9 957531867
9 552642459
9 182923619
9 504869947
9 430050977
9 100009
9 825957843
9 100009
9 653443269
9 100009
9 636436489
9 792746868
9 10009
9 368504219
9 118214129
9 670651719
9 100009
9 100000009
9 153042489
9 100009
9 967253926
9 154768209
9 100009
9 913130479
9 100009
9 50865689
9 100009
9 640354549
9 351008279
9 100009
9 148303349
9 702961150
9 505691814
9 100000009
9 771217009
9 816112964
9 329820167
9 129542010
9 100009
9 469876393
9 584997302
9 100009
9 568907068
9 100000009
9 173301569
9 998418571
9 179164229
9 100009
9 953562803
9 418751196
9 668066319
9 665081509
9 100009
9 192891268
9 902626594
9 127935183
9 36156269
9 959046187
9 679947548
9 100009
9 100009
9 835857519
9 100009
9 514970611
9 360669402
9 100009
9 100009
9 343157797
9 303136229
9 921607807
9 310176695
9 250046259
9 100000009
9 530564297
9 100000009
9 10009
9 100009
9 624039470
9 993555411
9 872550289
9 100009
9 835143359
9 100009
9 100009
9 100009
9 343784329
9 100000009
9 100000009
9 643678719
9 504969175
9 100000009
9 48880397
9 100009
9 689141598
9 153093677
9 629968514
9 683104509
9 100009
9 100000009
9 285503549
9 855138589
9 850378439
9 100009
9 757185649
9 100009
9 365852629
9 777998988
9 100009
9 100009
9 127617729
9 10009
9 409804474
9 813898796
9 508527249
9 100000009
9 100009
9 100009
9 10009
9 412420349
9 128905495
9 746762966
9 543598941
9 784322539
9 1000009
9 535735759
9 100000009
9 357413619
9 100009
9 48026659
9 100009
9 476642479
9 640110179
9 875587292
9 298226769
9 459126032
9 100009
9 100009
9 100009
9 175347079
9 439232554
9 100009
9 100009
9 756326349
9 100000009
9 529212269
9 100009
9 703762790
9 622525739
9 100009
9 100009
9 100009
9 100009
9 100000009
9 910415224
9 820066709
9 100009
9 100009
9 100009
9 679568436
9 777005419
9 457986804
9 100009
9 719344224
9 100009
9 145341659
9 10009
9 100000009
9 335140539
9 488463449
9 672670369
9 293178554
9 209157465
9 797542750
9 277834695
9 100009
9 100000009
9 100009
9 741165795
9 973645222
9 282015619
9 434920952
9 418407259
9 100000009
9 100009
9 100000009
9 100009
9 365549476
9 418569612
9 606453669
9 457781659
9 100009
9 100000009
9 100009
9 987257915
9 756732519
9 460510359
9 100009
9 100009
9 100009
9 874890202
9 100000009
9 920115919
9 100009
9 100000009
9 743453798
9 446658129
9 182644669
9 1009
9 100000009
9 964426636
9 100009
9 100009
9 959501584
9 743727129
9 901850481
9 100000009
9 808705797
9 100009
9 785462869
9 924509030
9 345233619
9 100009
9 164742109
9 612021795
9 392454303
9 100009
9 100009
9 210490205
9 100009
9 10009
9 516775759
9 100009
9 265679038
9 658154901
9 891441940
9 100000009
9 100009
9 491567448
9 911752680
9 951063870
9 497826011
9 848998466
9 322392773
9 440854159
9 631791847
9 407776249
9 100009
9 532023119
9 144979828
9 502659653
9 683922733
9 100000009
9 240067349
9 100009
9 100009
9 100009
9 268992196
9 112334619
9 765735849
9 100009
9 100009
9 246521159
9 573885529
9 333980312
9 915431897
9 100009
9 622402379
9 100000009
9 126049026
9 908457517
9 475461950
9 457361935
9 100009
9 269017743
9 100009
9 935045768
9 100009
9 558631119
9 100009
9 336089513
9 940632844
9 353194074
9 309008596
9 843898849
9 485256966
9 891151913
9 100000009
9 100000009
9 100009
9 857900808
9 537400829
9 644796124
9 100009
9 100000009
9 100009
9 100009
9 100009
9 791010192
9 507410469
9 100000009
9 877356409
9 100009
9 100000009
9 345298628
9 159901889
9 100009
9 579458873
9 836174409
9 827340659
9 100009
9 350395030
9 100000009
9 780058159
9 100009
9 772315952
9 367439670
9 100009
9 100009
9 100009
9 10009
9 100009
9 100009
9 100000009
9 593644717
9 100009
9 100009
9 100009
9 829620498
9 100009
9 257384649
9 106565649
9 173843709
9 100009
9 456284419
9 843784359
9 100009
9 783595858
9 100009
9 425590945
9 100009
9 308100619
9 786742449
9 100009
9 661254249
9 10009
9 513348359
9 946378772
9 358487609
9 100009
9 843904907
9 100009
9 351475996
9 100009
9 100000009
9 945193959
9 100009
9 10009
9 834551169
9 100009
9 100009
9 100009
9 118042809
9 100009
9 537302493
9 100009
9 522837239
9 304781439
9 100009
9 655038139
9 162243219
9 301507009
9 391599072
9 453589953
9 411401269
9 100000009
9 10009
9 100000009
9 100000009
9 336334659
9 988053932
9 479058312
9 604149600
9 762726369
9 347723549
9 100000009
9 100009
9 286705169
9 100000009
9 100009
9 100009
9 401144449
9 228801539
9 859341345
9 100009
9 100009
9 929072964
9 372243409
9 311260419
9 100000009
9 100000009
9 100009
9 100000009
9 1000009
9 149852335
9 100000009
9 100009
9 251105639
9 100009
9 100000009
9 525130179
9 100009
9 100000009
9 192861652
9 100009
9 137050709
9 324932421
9 100000009
9 100009
9 100009
9 690991250
9 449207916
9 767867469
9 283677679
9 935175387
9 442210190
9 767381869
9 100000009
9 274466639
9 100000009
9 100009
9 528738429
9 452937858
9 100009
9 508745159
9 292792024
9 797445300
9 728378609
9 100000009
9 100009
9 778508019
9 100009
9 557346960
9 890884600
9 100000009
9 100009
9 883049262
9 10009
9 612273489
9 758602709
9 194617027
9 530777749
9 179632038
9 980796552
9 100009
9 764298345
9 100009
9 568044849
9 623916398
9 100009
9 736680359
9 873785329
9 100009
9 100009
9 855196418
9 100009
9 100000009
9 608149252
9 637347709
9 100009
9 100009
9 100000009
9 100009
9 822691216
9 149714164
9 100009
9 134988401
9 960336079
9 548292244
9 841586719
9 116547609
9 144733029
9 447667429
9 100000009
9 765284069
9 337069078
9 100009
9 693804385
9 598562217
9 747853689
9 719210701
9 745245489
9 177145859
9 100009
9 893635217
9 940133047
9 100009
9 728096144
9 100009
9 100009
9 100009
9 100009
9 100009
9 527740719
9 10009
9 100000009
9 348947058
9 852557966
9 842246749
9 114357793
9 760772779
9 572037849
9 10009
9 363390464
9 544130019
9 669891644
9 670979391
9 410870290
9 100009
9 130522459
9 100000009
9 1000009
9 767441519
9 414643934
9 100009
9 916328279
9 677010279
9 453685944
9 373604389
9 772472796
9 288699880
9 401140956
9 100009
9 253884179
9 588095156
9 293631163
9 895032389
9 595456866
9 100009
9 100009
9 100000009
9 432742289
9 974765247
9 100009
9 671688900
9 311887932
9 819847488
9 217875449
9 100009
9 381984672
9 100009
9 100000009
9 174473329
9 100009
9 776301679
9 592454733
9 383883409
9 904564496
9 410056039
9 100000009
9 449146653
9 100000009
9 870789290
9 582578992
9 768884209
9 282748869
9 155754619
9 364995610
9 100009
9 302164629
9 100009
9 100009
9 100009
9 100009
9 100000009
9 100009
9 745243559
9 100009
9 767349741
9 594693766
9 368272809
9 956155658
9 100009
9 100000009
9 106176294
9 478411279
9 100000009
9 244487479
9 908088373
9 145836639
9 475157489
9 177623829
9 100009
9 10009
9 100009
9 118669027
9 746997210
9 446147449
9 100000009
9 100009
9 899758044
9 856835359
9 921101358
9 140521679
9 303431809
9 755961142
9 754956323
9 811616709
9 100009
9 248026905
9 100009
9 100009
9 657922659
9 502512089
9 100009
9 100009
9 970118924
9 457478859
9 633584619
9 576387449
9 134173119
9 716753119
9 100009
9 588220719
9 196893524
9 100009
9 100000009
9 236930991
9 937862482
9 649684432
9 130434839
9 972829474
9 100000009
9 100009
9 100009
9 388550729
9 300643149
9 738607398
9 675928124
9 368910031
9 338425619
9 677460479
9 200366179
9 364908911
9 333168291
9 803947589
9 403365009
9 10009
9 554345691
9 100009
9 100000009
9 905169499
9 100000009
9 761115549
9 100009
9 340922104
9 355472469
9 186768489
9 100009
9 690508827
9 100009
9 100009
9 100009
9 531431964
9 243098748
9 186706189
9 100009
9 104476849
9 100009
9 167589962
9 472482669
9 1000009
9 185002009
9 730777649
9 266316095
9 100009
9 669124055
9 100009
9 616214119
9 458892946
9 10009
9 471449874
9 100000009
9 100009
9 100000009
9 633407089
9 542791536
9 991899448
9 100009
9 100009
9 901144593
9 535567904
9 100009
9 100009
9 702729036
9 100009
9 1000009
9 891773618
9 100009
9 368602789
9 275571109
9 100009
9 603485309
9 716457309
9 100000009
9 987035380
9 100009
9 464469242
9 302193333
9 324810109
9 100009
9 365594026
9 158368269
9 784233829
9 713981300
9 740394524
9 100009
9 100009
9 346220409
9 655577529
9 512940561
9 822281749
9 881738469
9 100009
9 100009
9 100000009
9 352289430
9 948094712
9 100009
9 100009
9 100009
9 100009
9 601307339
9 504989447
9 256333039
9 100000009
9 100009
9 100000009
9 100000009
9 959287166
9 100009
9 117708769
9 247370549
9 100009
9 537182396
9 921746881
9 10009
9 100000009
9 160065469
9 100009
9 382391049
9 100000009
9 121615309
9 100009
9 886887059
9 100000009
9 100000009
9 100009
9 984723035
9 643012879
9 100009
9 714070539
9 100009
9 100000009
9 100009
9 889149366
9 307424209
9 727277279
9 138913226
9 723667419
9 100009
9 422947963
9 307119345
9 480970141
9 100000009
9 100009
9 166253249
9 638130129
9 824815309
9 845777169
9 541645139
9 698926941
9 979591639
9 100009
9 100009
9 100009
9 100009
9 100009
9 473496422
9 369487845
9 100000009
9 100000009
9 818838429
9 100009
9 100009
9 449406116
9 100009
9 100009
9 100000009
9 100009
9 177746249
9 280628319
9 100009
9 431361449
9 339945127
9 262445569
9 262367339
9 976298021
9 574542039
9 100000009
9 439122789
9 100009
9 100009
9 314382469
9 267457849
9 971008300
9 849024401
9 100009
9 579168959
9 838405869
9 771302697
9 729871768
9 100000009
9 100009
9 777842349
9 100009
9 245097680
9 685513789
9 26253049
9 100009
9 579281456
9 666396685
9 100000009
9 649524077
9 100009
9 441290367
9 868451449
9 100009
9 587224769
9 100009
9 550816569
9 870974662
9 100000009
9 345014975
9 984523413
9 525392324
9 853292582
9 379428684
9 100009
9 245391929
9 103709305
9 100009
9 622754779
9 528351329
9 405507559
9 123911768
9 688385069
9 901056303
9 499653484
9 100000009
9 729772895
9 434136429
9 111854639
9 608458399
9 100000009
9 654784279
9 337227479
9 120895896
9 100009
9 315706029
9 100000009
9 961828678
9 100009
9 100009
9 100000009
9 100000009
9 828542319
9 196510232
9 100000009
9 100009
9 362047459
9 516347985
9 685686679
9 100000009
9 771829638
9 766005859
9 100009
9 714752980
9 449956368
9 100000009
9 100000009
9 156087419
9 296638467
9 100009
9 100009
9 100000009
9 989330911
9 100009
9 334539979
9 100000009
9 869250436
9 481659826
9 100000009
9 958599927
9 522880629
9 958634735
9 100000009
9 100000009
9 548987809
9 631761539
9 100009
9 209219133
9 734815769
9 100009
9 100000009
9 210501439
9 100009
9 446740039
9 303595487
9 279662791
9 100009
9 440174293
9 100000009
9 100000009
9 877494610
9 100000009
9 100000009
9 100000009
9 511105859
9 264068079
9 833772967
9 618529745
9 838451629
9 100009
9 429715535
9 628799914
9 100009
9 155961630
9 192664384
9 100000009
9 783523925
9 372473309
9 958609090
9 399861221
9 100000009
9 887408391
9 100009
9 588274109
9 100000009
9 544735279
9 100009
9 768672629
9 891772361
9 100009
9 100000009
9 536571219
9 224673649
9 578597432
9 100009
9 1000009
9 712193412
9 674253059
9 194056396
9 427986526
9 455758489
9 257452269
9 100000009
9 100009
9 100009
9 100009
9 802148097
9 974139752
9 100009
9 813186395
9 637407439
9 100009
9 284814009
9 100000009
9 226128159
9 191707628
9 739435225
9 215216859
9 100009
9 100000009
9 791497357
9 100009
9 533768779
9 100000009
9 100009
9 596205706
9 829243674
9 788730194
9 100000009
9 100000009
9 100009
9 100000009
9 455412619
9 425416089
9 170894583
9 100000009
9 100009
9 201392934
9 747671219
9 388011209
9 336418109
9 815183892
9 100000009
9 100000009
9 589891269
9 10009
9 854985850
9 100009
9 100000009
9 493020947
9 100000009
9 100009
9 960993691
9 456928997
9 433500779
9 100000009
9 100009
9 141313409
9 381758329
9 717650419
9 849270064
9 100009
9 965873953
9 100009
9 712916109
9 432678609
9 245203379
9 1000009
9 501782869
9 100009
9 100000009
9 925416619
9 100000009
9 100000009
9 926050895
9 10009
9 435211889
9 896289367
9 100000009
9 660217049
9 10009
9 931018498
9 100009
9 902211510
9 13686859
9 100009
9 157748279
9 100009
9 841678689
9 100009
9 311155249
9 100009
9 100009
9 100009
9 100000009
9 100009
9 872409432
9 100009
9 589731334
9 100009
9 100000009
9 503797492
9 108644589
9 135617429
9 100009
9 899707705
9 536534988
9 756873972
9 100009
9 100009
9 203490215
9 760450339
9 1000009
9 799784870
9 100009
9 554501429
9 630942892
9 100009
9 764851289
9 307233029
9 333150509
9 256595569
9 764472289
9 857988004
9 100000009
9 100000009
9 100009
9 100000009
9 100000009
9 267698486
9 100000009
9 289738104
9 100009
9 181495508
9 356292001
9 691799335
9 993871794
9 100009
9 308115179
9 100009
9 100000009
9 100009
9 10009
9 175813149
9 100009
9 276898731
9 137423925
9 787987595
9 130139958
9 483247419
9 536125379
9 386072931
9 454717089
9 624281379
9 100000009
9 100009
9 783767769
9 566637789
9 100009
9 196279573
9 493575316
9 100000009
9 712424749
9 262694677
9 891897006
9 718095908
9 844939206
9 300581659
9 100009
9 853567709
9 100009
9 880861429
9 472204689
9 100000009
9 100000009
9 361675009
9 835903321
9 312585059
9 100009
9 100009
9 814475209
9 100009
9 785439449
9 100009
9 163799662
9 375221349
9 100000009
9 251189620
9 196860141
9 100009
9 456792579
9 966548560
9 431240159
9 351498397
9 696203820
9 324622009
9 1000009
9 100000009
9 100009
9 481874649
9 446158903
9 992479170
9 100009
9 463921703
9 726815392
9 100009
9 616987772
9 654607749
9 50395105
9 680695824
9 247672719
9 100009
9 128971773
9 229701397
9 100000009
9 100009
9 481148139
9 234147649
9 543696469
9 100009
9 100009
9 100009
9 10009
9 858930019
9 615001629
9 100009
9 100009
9 855837309
9 100009
9 179305100
9 340258349
9 496012707
9 100009
9 100009
9 100009
9 100009
9 100009
9 100009
9 821495695
9 100000009
9 100000009
9 258598416
9 482011189
9 100009
9 100009
9 100009
9 658816389
9 650895217
9 887619786
9 100009
9 827985419
9 840441059
9 100009
9 504619916
9 100009
9 520066902
9 472265619
9 994991199
9 100009
9 328912250
9 500719412
9 174322129
9 100009
9 597913712
9 100009
9 809446812
9 100009
9 823705029
9 641340109
9 511502819
9 894794812
9 100009
9 235720819
9 100009
9 100000009
9 547544379
9 100009
9 825806579
9 613720934
9 100009
9 417240229
9 417728189
9 100009
9 119516114
9 936474453
9 100009
9 233547349
9 761063769
9 866777139
9 532818829
9 273547639
9 698467233
9 292394063
9 422388529
9 696626263
9 490122310
9 100009
9 302405679
9 177818349
9 410034209
9 588232669
9 176849690
9 100000009
9 100009
9 133530649
9 248769406
9 100000009
9 605305293
9 740904763
9 135814259
9 454449489
9 100009
9 107719049
9 100009
9 100000009
9 557426469
9 491394496
9 731231619
9 858149993
9 100000009
9 696633850
9 938533905
9 567447339
9 100009
9 100009
9 100009
9 100000009
9 504336479
9 494899897
9 640086579
9 263962868
9 100000009
9 805314569
9 100009
9 589175220
9 311595674
9 995180326
9 492637086
9 323074749
9 100000009
9 235258429
9 10009
9 997050643
9 579945812
9 805764709
9 960786724
9 100009
9 100009
9 100009
9 100000009
9 634023009
9 638104359
9 499290187
9 100009
9 143823479
9 537316309
9 100000009
9 100009
9 100009
9 100009
9 100009
9 706415429
9 100009
9 785695185
9 100009
9 947582178
9 191749050
9 287912076
9 100009
9 685011279
9 100009
9 699237857
9 100009
9 646525966
9 550363339
9 100009
9 776372149
9 743983948
9 100000009
9 100000009
9 924330127
9 373280569
9 284584269
9 10009
9 923189413
9 100000009
9 640061829
9 100009
9 467842349
9 832515419
9 339324918
9 755490105
9 100009
9 808623609
9 326600907
9 179617090
9 683166519
9 100000009
9 860113259
9 518874609
9 100009
9 500408269
9 718615259
9 100000009
9 100009
9 342130639
9 100009
9 535596921
9 100009
9 729460721
9 100009
9 100000009
9 704430920
9 889310918
9 528006988
9 100009
9 100009
9 580896622
9 519192545
9 851457039
9 100009
9 477238569
9 351653149
9 292727973
9 340233009
9 823689110
9 100009
9 890997952
9 592633680
9 677339851
9 100009
9 195002856
9 455759371
9 871520149
9 345889711
9 100009
9 100009
9 173205909
9 100000009
9 823715339
9 733409735
9 442934093
9 665262369
9 10009
9 100009
9 843323519
9 645650849
9 107661119
9 593960871
9 530043389
9 324835359
9 669266425
9 836137869
9 604254659
9 467897687
9 628072079
9 995996589
9 149917932
9 412993511
9 885612519
9 428961050
9 100009
9 340226009
9 771446049
9 100009
9 501842799
9 941266627
9 100009
9 100000009
9 155038809
9 100009
9 831597907
9 100000009
9 675517559
9 972308539
9 100000009
9 258021289
9 104426079
9 383806389
9 164073219
9 100009
9 638153119
9 100000009
9 100009
9 534936760
9 361277719
9 100009
9 100000009
9 980357241
9 100000009
9 100009
9 630490942
9 145836769
9 100000009
9 293947857
9 100009
9 100000009
9 100000009
9 976278730
9 100009
9 100009
9 155656649
9 100009
9 203786779
9 566024239
9 694992215
9 100009
9 100009
9 100009
9 166710599
9 657254619
9 726321489
9 995325892
9 347161289
9 820635719
9 545841809
9 786627619
9 631837139
9 100009
9 100009
9 100000009
9 990384874
9 100009
9 947989932
9 410986751
9 100009
9 100000009
9 902376885
9 334842219
9 780592769
9 137230369
9 100009
9 159712860
9 100000009
9 100009
9 100009
9 684558469
9 178244906
9 258029528
9 100009
9 100009
9 636262829
9 372863269
9 394757628
9 100009
9 771339578
9 135959342
9 311214769
9 100009
9 100000009
9 100009
9 100009
9 193953473
9 284494349
9 631870490
9 975465721
9 481577829
9 827925815
9 271145639
9 100000009
9 601403589
9 100009
9 100009
9 575150957
9 1000009
9 248500895
9 984612685
9 496520224
9 484779832
9 100009
9 259252065
9 100009
9 999514642
9 170500539
9 100009
9 403523739
9 607887349
9 323115469
9 325826519
9 246391803
9 460862993
9 100000009
9 100009
9 100009
9 100009
9 667007379
9 100009
9 100009
9 814431925
9 100000009
9 100009
9 100009
9 100009
9 100009
9 525562409
9 100009
9 100009
9 233092787
9 373621797
9 100000009
9 161260789
9 522481974
9 100009
9 924017402
9 560788619
9 333728539
9 978078661
9 481637889
9 100009
9 100009
9 100009
9 100009
9 100009
9 541485059
9 100009
9 708407379
9 326329991
9 100009
9 704418209
9 651678892
9 199413100
9 178332039
9 479541705
9 986708687
9 100009
9 602648869
9 100009
9 100009
9 881845079
9 100009
9 100009
9 545186579
9 344853879
9 100000009
9 236588397
9 353440819
9 100009
9 100000009
9 249949911
9 100000009
9 100009
9 829462259
9 700270129
9 499716133
9 910608103
9 428767149
9 100000009
9 100009
9 988991600
9 918553220
9 294272836
9 100009
9 518840519
9 383546509
9 712329406
9 100009
9 183489019
9 100009
9 102783119
9 100000009
9 10000009
9 787542729
9 100009
9 495823128
9 825954477
9 271399201
9 100009
9 841026729
9 889774679
9 336296182
9 100000009
9 100000009
9 1000009
9 394208251
9 623846289
9 100000009
9 666604709
9 678297007
9 100009
9 339640886
9 637551639
9 100009
9 10009
9 635184972
9 921951471
9 100009
9 100000009
9 997589150
9 100000009
9 100000009
9 100000009
9 10009
9 100009
9 782314941
9 861095428
9 508974028
9 100000009
9 100009
9 364156249
9 100009
9 385554902
9 841706179
9 100000009
9 125833209
9 100009
9 875981274
9 100009
9 642726594
9 619332117
9 531940709
9 600888409
9 100000009
9 100009
9 100009
9 100009
9 552675269
9 585676299
9 661045229
9 267837649
9 677490923
9 655062129
9 373242349
9 15552449
9 329029295
9 691228705
9 295536587
9 100009
9 527068139
9 10009
9 969060021
9 100009
9 251359878
9 558414029
9 596155171
9 442305589
9 599850361
9 329020496
9 100009
9 100009
9 449971823
9 100000009
9 988921306
9 100000009
9 100000009
9 976779544
9 100009
9 183938896
9 100009
9 771353319
9 861308389
9 100009
9 518133439
9 870539124
9 100009
9 678982172
9 100009
9 993270534
9 993572160
9 100000009
9 682127419
9 801816719
9 244374369
9 465191865
9 299466654
9 100000009
9 169600244
9 644233529
9 425822579
9 901392982
9 292761754
9 633559898
9 170670059
9 860460951
9 197263940
9 573344589
9 100000009
9 997963126
9 100009
9 100000009
9 692064137
9 100009
9 732713719
9 100009
9 100009
9 100000009
9 100009
9 818686329
9 100009
9 562016829
9 100009
9 673320309
9 100009
9 100009
9 112782649
9 100009
9 100009
9 736612209
9 911977747
9 327869377
9 100009
9 999789647
9 454352098
9 993829719
9 795489008
9 278346529
9 952475867
9 235654779
9 100009
9 892917876
9 100009
9 537229610
9 970575853
9 100009
9 320698899
9 404660339
9 100000009
9 100009
9 105216191
9 412044819
9 573368219
9 195002241
9 100009
9 100000009
9 100009
9 100009
9 165667289
9 827163189
9 834154549
9 100009
9 357296894
9 100000009
9 100009
9 100009
9 612587109
9 354807279
9 873371389
9 100009
9 847087689
9 100009
9 772595913
9 662465519
9 926317017
9 214738159
9 355201309
9 164738439
9 100009
9 100000009
9 100009
9 484118696
9 100000009
9 10009
9 236456679
9 338658966
9 100000009
9 570230119
9 100009
9 900757203
9 812015249
9 100000009
9 809808645
9 554420389
9 994121179
9 837517839
9 100009
9 1000009
9 520810619
9 159212345
9 100009
9 882616269
9 515724519
9 850293806
9 927236299
9 100009
9 100009
9 237147539
9 100009
9 445964120
9 864620649
9 26820559
9 624037289
9 100009
9 774968305
9 100009
9 100009
9 430538329
9 987084482
9 373126139
9 100009
9 100009
9 100009
9 919279908
9 471403409
9 100009
9 911633487
9 282905395
9 100009
9 570529466
9 372993854
9 100009
9 76813379
9 921159502
9 337412907
9 148437749
9 139368757
9 523124593
9 251223098
9 100009
9 100009
9 875503296
9 572614259
9 657577596
9 100000009
9 884350639
9 411806697
9 292226988
9 682127989
9 100009
9 497309587
9 634542549
9 100009
9 100000009
9 242820593
9 100009
9 992660647
9 100009
9 100000009
9 100000009
9 635226429
9 860392550
9 993838913
9 100009
9 664452394
9 158966141
9 721877629
9 100000009
9 100009
9 389371141
9 211566239
9 723256339
9 566328079
9 227620389
9 100000009
9 473082269
9 992081512
9 100009
9 324236597
9 424032319
9 214948117
9 100009
9 758604189
9 668593966
9 270332139
9 708268609
9 128704649
9 112006709
9 372267907
9 267210809
9 361200089
9 419537039
9 569988798
9 402662739
9 636894353
9 924551310
9 379677246
9 100009
9 100009
9 301648659
9 10009
9 246561639
9 911670495
9 100000009
9 106941849
9 100000009
9 890007346
9 252599493
9 349168223
9 274579363
9 100000009
9 100000009
9 830374869
9 100009
9 100000009
9 434684159
9 100000009
9 408991980
9 100009
9 541602559
9 100009
9 409331164
9 398312739
9 100000009
9 100009
9 116829266
9 131474296
9 346731093
9 100009
9 475529272
9 597612229
9 824650149
9 100009
9 433785269
9 695911937
9 786185769
9 100009
9 172261419
9 100000009
9 147417191
9 100000009
9 959348209
9 100000009
9 111467039
9 100009
9 100009
9 266245569
9 100009
9 100000009
9 100000009
9 100009
9 830630319
9 759204049
9 10009
9 890934486
9 100009
9 100000009
9 10009
9 220176092
9 100000009
9 761140649
9 100009
9 100009
9 334896011
9 100009
9 551164129
9 100000009
9 737519717
9 44870986
9 942506867
9 866435749
9 167243529
9 187312429
9 154358879
9 788132719
9 100009
9 353968839
9 100000009
9 959438257
9 100009
9 100009
9 100009
9 100009
9 179692814
9 100000009
9 100009
9 754642109
9 100009
9 957878215
9 132934184
9 259409145
9 100009
9 650123095
9 649322245
9 100009
9 100009
9 787911603
9 100000009
9 100000009
9 390184566
9 606464259
9 100009
9 977069811
9 115875369
9 100009
9 619231839
9 670263669
9 761761829
9 947037158
9 100009
9 114991291
9 100000009
9 10009
9 100009
9 892154780
9 413087789
9 787566690
9 149229174
9 410068769
9 100009
9 218141109
9 692413284
9 104172759
9 100009
9 100000009
9 993443325
9 329592188
9 133226139
9 100009
9 100000009
9 741538709
9 100009
9 100000009
9 100000009
9 100009
9 114633829
9 100009
9 830078829
9 100009
9 354588129
9 137102889
9 583689392
9 100009
9 108294275
9 254334809
9 100009
9 1009
9 107647619
9 533216329
9 100009
9 115952362
9 860035189
9 100000009
9 844811297
9 123241089
9 739469997
9 100009
9 350942174
9 100009
9 100009
9 925008302
9 100009
9 100009
9 641611809
9 470273697
9 624470194
9 359194703
9 526925316
9 100009
9 100000009
9 472428649
9 100000009
9 100009
9 718395470
9 100009
9 238693294
9 214017009
9 262987131
9 1009
9 752702589
9 100009
9 141620960
9 939635543
9 629575961
9 698353674
9 126465595
9 100000009
9 681252924
9 908895109
9 943370760
9 583236429
9 100009
9 674151298
9 100000009
9 100009
9 100009
9 100009
9 450919854
9 199987777
9 100009
9 100000009
9 885967731
9 100009
9 754216359
9 100009
9 434294099
9 386558809
9 508875349
9 597068955
9 475510309
9 100009
9 100009
9 872543069
9 749494412
9 100009
9 397807874
9 821636069
9 878154139
9 100009
9 100009
9 154393310
9 267774729
9 802577948
9 100000009
9 607266349
9 100009
9 987785337
9 100009
9 100009
9 161330219
9 100009
9 100009
9 252065769
9 626573889
9 898760020
9 317115659
9 156249958
9 100009
9 892151494
9 100009
9 100000009
9 141768589
9 129489393
9 100009
9 885651639
9 100009
9 100000009
9 140024339
9 100009
9 909657870
9 100009
9 100000009
9 100009
9 100009
9 100009
9 881360269
9 338162659
9 414435509
9 100009
9 100009
9 100009
9 100009
9 139077242
9 180190719
9 225936264
9 100009
9 492938445
9 100009
9 643430509
9 943710785
9 933551589
9 100009
9 100000009
9 100000009
9 100009
9 270142914
9 302689435
9 100009
9 100009
9 100009
9 100009
9 228711289
9 370319034
9 262358779
9 551137339
9 225641639
9 100009
9 100000009
9 450088339
9 100009
9 1000009
9 418305639
9 100009
9 100009
9 100009
9 100009
9 217826739
9 100000009
9 284248479
9 425952717
9 100009
9 870741990
9 100000009
9 100009
9 189148181
9 939705497
9 100009
9 883149824
9 100009
9 752677469
9 217771719
9 868085029
9 100009
9 945105427
9 715027769
9 134201629
9 439797765
9 100000009
9 134799495
9 831008149
9 293485794
9 775949479
9 576870749
9 159481304
9 100009
9 719126251
9 449104126
9 100009
9 271320749
9 874873092
9 516854249
9 560180619
9 101062493
9 872204819
9 631840259
9 441522449
9 100478924
9 100009
9 139118152
9 100009
9 440212689
9 301228390
9 100009
9 100009
9 100009
9 375719174
9 686051269
9 100000009
9 978984399
9 946316579
9 100000009
9 10009
9 525296893
9 806560089
9 100009
9 100009
9 10009
9 100009
9 10009
9 530942000
9 360530698
9 847429086
9 100009
9 100000009
9 202003529
9 457856019
9 100009
9 100009
9 100009
9 100000009
9 698084683
9 351127569
9 476184739
9 597815801
9 851863839
9 100009
9 122205419
9 274252559
9 222561039
9 296261659
9 100009
9 427763039
9 100009
9 876482469
9 100000009
9 554876399
9 738435179
9 100009
9 100009
9 100009
9 943828310
9 10009
9 319480789
9 100000009
9 166372991
9 100009
9 1009
9 100009
9 100000009
9 270761739
9 100009
9 100009
9 100009
9 685201839
9 289615670
9 100009
9 100009
9 701496087
9 571730972
9 100009
9 100009
9 945954407
9 100009
9 622364869
9 100000009
9 824849760
9 100009
9 553577292
9 1009
9 568911931
9 100000009
9 100009
9 237886869
9 605639001
9 745780079
9 100009
9 100009
9 570002839
9 100009
9 100009
9 207604459
9 788225489
9 930333667
9 619500699
9 563805069
9 437780179
9 100009
9 100000009
9 100009
9 647205669
9 100009
9 100009
9 422567319
9 519528076
9 822705996
9 107840649
9 171908461
9 869900085
9 100009
9 296474138
9 100009
9 100000009
9 426705439
9 230742559
9 312201619
9 374909433
9 955160299
9 516726189
9 100000009
9 661397681
9 972278311
9 575101609
9 100009
9 363185569
9 100009
9 100009
9 512544249
9 100009
9 100009
9 590200635
9 811004219
9 158801879
9 695896498
9 103087179
9 100000009
9 280400249
9 402063229
9 100009
9 100009
9 100009
9 602855449
9 348252649
9 100009
9 100000009
9 788982738
9 692857840
9 10009
9 672769873
9 398822756
9 10009
9 100009
9 921579809
9 100009
9 291273296
9 10009
9 100000009
9 174966696
9 100009
9 251254696
9 1000009
9 100009
9 100000009
9 125165798
9 454593315
9 100000009
9 100000009
9 100009
9 216960796
9 100000009
9 958756380
9 728850819
9 100009
9 129054892
9 545266939
9 100009
9 100009
9 100000009
9 100009
9 446483549
9 962690809
9 410336791
9 987411168
9 544507479
9 100000009
9 100009
9 227386209
9 398538103
9 100009
9 100009
9 671230209
9 527911361
9 157208139
9 320793120
9 100000009
9 1000009
9 159743088
9 100000009
9 551256869
9 116743469
9 100000009
9 530188779
9 161183289
9 334099719
9 141895620
9 107437679
9 731722769
9 427883329
9 393146929
9 739954912
9 984856934
9 100000009
9 100009
9 100009
9 100009
9 561837898
9 100009
9 870079235
9 720014559
9 100000009
9 100009
9 858986923
9 100009
9 754147229
9 855681990
9 10009
9 100009
9 184825059
9 100000009
9 201639898
9 596644986
9 788656649
9 322739754
9 100000009
9 100009
9 639793482
9 460057719
9 376803390
9 488775209
9 100000009
9 125128095
9 684161849
9 100009
9 812890593
9 590279503
9 100000009
9 128387629
9 980904755
9 100107169
9 100000009
9 480013598
9 787757089
9 100009
9 100009
9 228851809
9 100000009
9 100009
9 324895250
9 100009
9 283686009
9 604176249
9 435848549
9 100000009
9 100000009
9 304107159
9 229523312
9 577827709
9 377660609
9 100009
9 100009
9 100009
9 1000009
9 987237988
9 100000009
9 100009
9 100000009
9 992183296
9 335655934
9 709969297
9 562821579
9 100000009
9 479891188
9 188086629
9 760799055
9 358232903
9 440203669
9 812357599
9 353284879
9 560123609
9 100009
9 984138793
9 100000009
9 100009
9 811561519
9 862901701
9 736417539
9 816936869
9 295360006
9 299790981
9 100000009
9 100009
9 100009
9 100009
9 338751319
9 100009
9 100009
9 891154052
9 807424569
9 100009
9 682678579
9 143542449
9 100009
9 213899177
9 706315469
9 100009
9 452192462
9 284273229
9 814016789
9 234483709
9 140297877
9 100009
9 781765009
9 100000009
9 487128339
9 659322510
9 758094020
9 105862859
9 377855179
9 923588144
9 100009
9 428027392
9 10009
9 555456859
9 273051359
9 100009
9 104300789
9 398150181
9 100009
9 817361279
9 100000009
9 100000009
9 841374479
9 948739535
9 276850369
9 200268419
9 100009
9 622607349
9 734931378
9 297270888
9 812382109
9 100009
9 107593770
9 764167279
9 892439249
9 671163891
9 996733217
9 600917064
9 473078619
9 242429735
9 480531179
9 492331193
9 100009
9 342981841
9 564760591
9 100009
9 100000009
9 733122869
9 598735547
9 877181679
9 478608419
9 10009
9 264932153
9 299371740
9 112796701
9 221881139
9 100009
9 449067200
9 100009
9 587773569
9 350081609
9 759912629
9 100009
9 100000009
9 100009
9 730514729
9 340146469
9 10009
9 696183613
9 775598694
9 837641269
9 405173879
9 100009
9 100009
9 122993846
9 114879726
9 100009
9 100009
9 100009
9 457652819
9 582035059
9 352743569
9 100009
9 100000009
9 273713599
9 208146859
9 551274629
9 839307168
9 1000009
9 627954648
9 405717339
9 100009
9 717007879
9 10009
9 164660139
9 746659046
9 684654269
9 845585129
9 100000009
9 100009
9 1009
9 100009
9 111520992
9 583319809
9 678597023
9 861934455
9 614942305
9 100009
9 261231529
9 100009
9 653977355
9 10009
9 576349442
9 704685879
9 100009
9 100009
9 804869328
9 100009
9 100000009
9 303153699
9 662244489
9 994164317
9 109634666
9 676490915
9 351422879
9 100009
9 684153129
9 884277798
9 465567039
9 980507209
9 220579183
9 100000009
9 674097025
9 100000009
9 100000009
9 766589184
9 153647249
9 546203419
9 696487580
9 100009
9 100009
9 100000009
9 100009
9 387936914
9 100000009
9 649836643
9 671991135
9 100000009
9 341599227
9 100000009
9 574269165
9 100009
9 100000009
9 1000009
9 179801802
9 100000009
9 100009
9 914231328
9 100009
9 196590555
9 439751351
9 100009
9 168887059
9 100009
9 699894114
9 100009
9 100000009
9 13713419
9 100000009
9 100009
9 100000009
9 422358269
9 100000009
9 730897731
9 100009
9 157899241
9 715106349
9 134949973
9 100009
9 100000009
9 100009
9 776520159
9 100009
9 100009
9 364644069
9 859392571
9 100009
9 100000009
9 163810229
9 715885926
9 100009
9 239376085
9 100009
9 100009
9 845806429
9 788655529
9 100009
9 981000087
9 426575549
9 100009
9 437179531
9 303397214
9 935653335
9 274322449
9 100000009
9 902721684
9 100000009
9 100000009
9 583786912
9 100009
9 872156259
9 838018459
9 100000009
9 964346884
9 552597728
9 776672249
9 871509585
9 182386139
9 817465489
9 747649647
9 590247422
9 239393899
9 100009
9 100009
9 100000009
9 135864849
9 100009
9 783830819
9 100009
9 866809121
9 100009
9 429695411
9 923902448
9 791256273
9 904576926
9 1000009
9 635932777
9 726830729
9 100009
9 939682455
9 792672822
9 100000009
9 699881804
9 586101629
9 100009
9 100009
9 347164659
9 100009
9 100009
9 100000009
9 10009
9 486730679
9 453183179
9 100000009
9 100009
9 100000009
9 100009
9 712217859
9 194419109
9 663158689
9 473788869
9 656578539
9 1000009
9 10009
9 100009
9 560524996
9 100009
9 328182849
9 100000009
9 271402429
9 100009
9 100009
9 100009
9 55193465
9 100009
9 498748871
9 712627419
9 492726134
9 100000009
9 820936803
9 100009
9 100009
9 767919439
9 100009
9 211659509
9 100000009
9 776112149
9 998484444
9 327612549
9 572772393
9 100009
9 389489502
9 456029315
9 984410623
9 100009
9 166981872
9 100009
9 100009
9 661100829
9 787298455
9 100009
9 100000009
9 614066779
9 493461405
9 100009
9 100009
9 145288779
9 595546215
9 994673564
9 820263921
9 100000009
9 100009
9 471557089
9 325649039
9 100009
9 383785279
9 100000009
9 100009
9 100009
9 100009
9 819773489
9 100000009
9 100009
9 100009
9 693886112
9 100009
9 100000009
9 157247029
9 527287129
9 739432986
9 100009
9 100000009
9 100009
9 100000009
9 652277649
9 479529218
9 163115179
9 881449324
9 643343379
9 748057409
9 100000009
9 100009
9 643891856
9 887032509
9 859332056
9 256637839
9 469305297
9 722414539
9 100009
9 444139190
9 100009
9 127803869
9 885900346
9 784475249
9 100009
9 100009
9 10009
9 123672529
9 705716569
9 100009
9 100009
9 10009
9 754691947
9 836316539
9 100009
9 687158709
9 100009
9 100009
9 763334329
9 628081859
9 100009
9 495011990
9 309870948
9 100000009
9 100000009
9 100000009
9 100009
9 669133030
9 380033479
9 100000009
9 645276879
9 390736308
9 473933820
9 767635389
9 100009
9 419945662
9 100009
9 100000009
9 893161822
9 850911469
9 654903673
9 100009
9 100009
9 100000009
9 175831159
9 10009
9 898879052
9 140764294
9 100000009
9 100009
9 457951045
9 962653336
9 100009
9 161904717
9 785999087
9 996817794
9 100009
9 537320809
9 842377209
9 322544091
9 899825815
9 100009
9 573548279
9 100000009
9 100009
9 10009
9 894354977
9 100009
9 324885691
9 365790059
9 100009
9 100000009
9 10009
9 275962613
9 100000009
9 872774149
9 797772876
9 333849554
9 100009
9 100009
9 100009
9 461716559
9 909382686
9 100009
9 873440983
9 100009
9 249798740
9 874532089
9 100009
9 100000009
9 943853949
9 663916507
9 100009
9 100009
9 837676189
9 100009
9 176379857
9 261190488
9 800392070
9 100000009
9 850965062
9 567589229
9 442170739
9 776968265
9 100009
9 763567589
9 406899924
9 100009
9 799496944
9 100009
9 100009
9 431837319
9 133327991
9 100009
9 100009
9 702473970
9 100009
9 694328849
9 100009
9 100000009
9 100009
9 230317679
9 905995567
9 200881409
9 857860239
9 263516392
9 334487769
9 298400356
9 100009
9 686009503
9 10009
9 100000009
9 100009
9 100009
9 100000009
9 102871109
9 354174956
9 760433089
9 254508789
9 914371321
9 100000009
9 768930429
9 339863074
9 100009
9 312216759
9 100000009
9 223255079
9 100009
9 485734391
9 100009
9 100000009
9 678564891
9 10009
9 100009
9 633258569
9 700222769
9 412969556
9 10465559
9 100009
9 513476519
9 100000009
9 100000009
9 100009
9 100000009
9 578644988
9 1000009
9 100009
9 100009
9 100000009
9 969064528
9 975498818
9 340471569
9 884929723
9 10009
9 100009
9 158118489
9 299154711
9 882173489
9 104885869
9 825102493
9 100009
9 100009
9 100000009
9 100009
9 908292484
9 100009
9 100000009
9 364969260
9 10009
9 470834129
9 100009
9 320683869
9 362509298
9 100000009
9 762826819
9 100009
9 712050396
9 169533615
9 618426389
9 155646009
9 100000009
9 100009
9 128849844
9 10009
9 128586639
9 159020489
9 577231829
9 232783069
9 100009
9 995634933
9 100000009
9 117153619
9 100009
9 866283779
9 100009
9 100009
9 100000009
9 100009
9 100000009
9 100009
9 100000009
9 100009
9 100000009
9 100009
9 579773296
9 100009
9 453464879
9 100000009
9 190127515
9 100009
9 429519433
9 213340219
9 715443549
9 512145119
9 100009
9 823367449
9 962136487
9 100009
9 319510722
9 376973474
9 100009
9 457831449
9 100009
9 100009
9 100009
9 100000009
9 100009
9 356737629
9 835917472
9 703518089
9 743744549
9 652241619
9 899572436
9 641287659
9 576142219
9 793337501
9 100009
9 283632904
9 502350469
9 100009
9 100009
9 528427609
9 100009
9 100000009
9 838116149
9 100000009
9 100000009
9 100009
9 100009
9 334396399
9 467787599
9 625167269
9 314294668
9 520171549
9 100009
9 851242269
9 291508995
9 100009
9 918726656
9 442062719
9 100009
9 100009
9 100000009
9 985408472
9 329577074
9 583440749
9 966024033
9 100000009
9 100009
9 803933339
9 116358479
9 287113295
9 100009
9 100000009
9 10009
9 353459502
9 205750978
9 100009
9 239965551
9 100000009
9 100009
9 493342107
9 10009
9 916353823
9 100009
9 100009
9 326296306
9 453718609
9 533649790
9 100009
9 453496095
9 325918579
9 973223331
9 100000009
9 353517849
9 765895889
9 100009
9 774895819
9 10009
9 114749513
9 100009
9 677412369
9 609618080
9 442951492
9 100000009
9 100000009
9 473002789
9 100000009
9 825940028
9 250066809
9 573324629
9 679850939
9 100009
9 947075443
9 100009
9 100000009
9 289731964
9 100000009
9 391197186
9 100009
9 303492459
9 363964870
9 100009
9 58231109
9 100009
9 100009
9 100009
9 660298736
9 100009
9 294730675
9 816042980
9 851409635
9 100009
9 100009
9 697114876
9 945751498
9 100009
9 100009
9 100009
9 935581596
9 954285063
9 106424539
9 73083769
9 100276988
9 357072579
9 100000009
9 219535130
9 476050319
9 369712691
9 476790249
9 100009
9 100009
9 514762709
9 100009
9 591368763
9 131972065
9 100000009
9 260004279
9 100009
9 631070169
9 301643429
9 528828329
9 198175713
9 100000009
9 100009
9 471573449
9 37639277
9 903020502
9 576846389
9 100009
9 100000009
9 115437893
9 426838829
9 100009
9 100000009
9 100009
9 100009
9 766337489
9 513555619
9 441178779
9 627636589
9 100009
9 454986961
9 100009
9 100000009
9 786332819
9 255497281
9 278131589
9 66863009
9 100000009
9 284537449
9 100009
9 803664297
9 910070107
9 100009
9 399949061
9 439917058
9 664430209
9 100009
9 588993608
9 751298055
9 518340019
9 922106852
9 100009
9 418906524
9 100009
9 572109898
9 100009
9 918595083
9 212856619
9 107767819
9 100009
9 796641786
9 243472739
9 415781369
9 100000009
9 100009
9 100009
9 177307089
9 997217183
9 913971700
9 100009
9 608433089
9 1000009
9 401389530
9 100009
9 676502279
9 801557139
9 950401946
9 100009
9 100009
9 100009
9 408145079
9 100009
9 100009
9 100009
9 205801279
9 344474419
9 100009
9 961505828
9 10009
9 100009
9 947938774
9 246305149
9 100009
9 438235579
9 732394595
9 259538257
9 886199129
9 100009
9 462196827
9 447054019
9 124290979
9 430528479
9 657690366
9 680920328
9 100000009
9 415595201
9 100000009
9 630838729
9 877160459
9 100000009
9 100009
9 542574509
9 100009
9 10000009
9 100009
9 100009
9 179360982
9 889062725
9 100009
9 592081687
9 470768579
9 771584679
9 500176049
9 700388709
9 708265691
9 371661319
9 100000009
9 877250019
9 100009
9 890388200
9 563047639
9 100009
9 755232509
9 100009
9 101242749
9 531618219
9 847542039
9 100009
9 100009
9 845819527
9 100009
9 750340925
9 100000009
9 1000009
9 485373930
9 871364159
9 14537139
9 406075709
9 100382029
9 173601509
9 312858749
9 10009
9 642052679
9 305476129
9 681248769
9 771995626
9 804812549
9 549006207
9 353912243
9 332916490
9 670232296
9 100009
9 730781869
9 396820025
9 939178664
9 935634955
9 100009
9 100009
9 502304689
9 100009
9 796332425
9 185751469
9 159249042
9 394092280
9 795165440
9 914671045
9 181533983
9 560394935
9 210309250
9 671720269
9 623136289
9 100009
9 100000009
9 350359793
9 100009
9 221365479
9 467466869
9 10009
9 724450509
9 10009
9 373843449
9 591855601
9 100009
9 100000009
9 100000009
9 218101719
9 100009
9 100009
9 161328519
9 100000009
9 462763349
9 181223239
9 10009
9 362614429
9 100009
9 314335954
9 112272879
9 821166569
9 307833719
9 100009
9 907722853
9 100009
9 271936283
9 568523429
9 100000009
9 640303954
9 838113609
9 313983971
9 100009
9 219350663
9 1000009
9 100009
9 985956826
9 10009
9 520075893
9 821770935
9 626701749
9 100009
9 275188975
9 100009
9 426701591
9 100009
9 832670920
9 100009
9 447851229
9 145169914
9 937235732
9 912357764
9 447903409
9 850415049
9 248430659
9 10009
9 100009
9 100000009
9 602992500
9 452922145
9 790274197
9 100009
9 100009
9 100000009
9 100009
9 624438859
9 612333049
9 100009
9 100000009
9 104665908
9 194982340
9 828973899
9 100009
9 878678109
9 100009
9 100009
9 100009
9 100009
9 979932935
9 100000009
9 407318359
9 100009
9 100009
9 100009
9 100009
9 100009
9 1009
9 304847319
9 322890118
9 627487396
9 100000009
9 100009
9 100009
9 100009
9 109
9 523705639
9 936826687
9 100009
9 100000009
9 312232095
9 100009
9 830691700
9 496549234
9 319114881
9 386624619
9 100000009
9 648851991
9 100009
9 100009
9 810294735
9 100000009
9 100009
9 100009
9 671373967
9 360587979
9 415654097
9 100000009
9 700501319
9 100009
9 716299634
9 10009
9 100009
9 100009
9 100009
9 790473983
9 674753893
9 739799981
9 100000009
9 100009
9 100009
9 100009
9 582177249
9 955712402
9 932278620
9 630608179
9 100009
9 100009
9 937875324
9 100009
9 117505169
9 718285739
9 100000009
9 768520339
9 915328065
9 141966662
9 819036023
9 685265859
9 362354449
9 158423896
9 553046249
9 790538081
9 100009
9 393287089
9 100009
9 100000009
9 100000009
9 121074829
9 100009
9 809268237
9 450693732
9 100009
9 100009
9 997732317
9 100009
9 461739975
9 100009
9 100009
9 156190306
9 100009
9 100000009
9 100009
9 598669036
9 100009
9 215076089
9 100009
9 497471596
9 100009
9 1009
9 100000009
9 706320739
9 100009
9 100009
9 402922365
9 100009
9 923684490
9 615547999
9 754284409
9 100000009
9 100009
9 100009
9 900366410
9 650298397
9 100009
9 10009
9 750627109
9 100009
9 244881689
9 100000009
9 764712629
9 100009
9 297168101
9 216055889
9 100000009
9 557325893
9 100000009
9 564473292
9 100009
9 954159070
9 374229196
9 100009
9 100000009
9 231076229
9 356062419
9 100009
9 397769668
9 287570790
9 1000009
9 274255955
9 332295446
9 529599684
9 541301069
9 100009
9 100009
9 100009
9 610360679
9 100000009
9 100009
9 100009
9 677151609
9 760712569
9 684098955
9 410760649
9 496183386
9 125377149
9 100009
9 466164429
9 100009
9 193836152
9 690480497
9 100000009
9 100009
9 557026729
9 100009
9 10009
9 100009
9 100000009
9 10009
9 531135239
9 10009
9 100000009
9 10009
9 100009
9 885153719
9 225350089
9 100009
9 100000009
9 144007089
9 729151945
9 100009
9 894632040
9 100000009
9 435081659
9 941347876
9 834174009
9 583350339
9 890613077
9 474350089
9 705420019
9 955829786
9 100009
9 100009
9 100009
9 531583539
9 100009
9 501091179
9 578740229
9 100009
9 100000009
9 100000009
9 883775498
9 113864279
9 937319069
9 393518817
9 588498184
9 397247346
9 801346079
9 100000009
9 124610839
9 698058635
9 694848698
9 10009
9 10009
9 557098181
9 100009
9 662799176
9 408306549
9 100009
9 772555509
9 231303925
9 10009
9 100009
9 100009
9 100009
9 100000009
9 103113749
9 619811856
9 219371165
9 100000009
9 100009
9 872199851
9 997967965
9 408700539
9 430064189
9 100000009
9 671694098
9 180686911
9 288164659
9 336546942
9 557658739
9 100000009
9 100009
9 100009
9 100000009
9 100000009
9 855313839
9 851636934
9 441670549
9 100000009
9 100009
9 553405009
9 176178089
9 100009
9 100009
9 100009
9 100000009
9 100009
9 100009
9 10009
9 539749502
9 126203109
9 513047595
9 981503546
9 518615956
9 100009
9 955758247
9 550218849
9 100009
9 419478123
9 10009
9 823921186
9 527688229
9 695045501
9 304077179
9 197395803
9 100000009
9 100009
9 631652179
9 137990011
9 350730789
9 100009
9 930904862
9 968512023
9 100009
9 100009
9 100000009
9 824421229
9 752326189
9 100009
9 100009
9 100009
9 239024743
9 665770893
9 100009
9 100009
9 100009
9 197606118
9 846926338
9 100009
9 123656859
9 187941468
9 100009
9 1009
9 604324029
9 690973208
9 367400289
9 100009
9 100009
9 100009
9 100009
9 514067059
9 462018479
9 100009
9 636304889
9 301948868
9 551023009
9 155755309
9 904232672
9 959755988
9 341080937
9 437877983
9 623244729
9 100009
9 100009
9 947924888
9 809452244
9 100000009
9 437744596
9 100009
9 100000009
9 100009
9 100009
9 100000009
9 489273146
9 397884140
9 100009
9 643117539
9 924102755
9 377785019
9 815616978
9 526751409
9 160527859
9 100009
9 636836479
9 100009
9 740446449
9 364849560
9 463864539
9 517002409
9 249229393
9 112683639
9 264086529
9 100000009
9 100009
9 100000009
9 100009
9 100000009
9 489598558
9 772280139
9 100009
9 100009
9 575645209
9 669827912
9 1000009
9 802862196
9 100009
9 430211169
9 100009
9 463248769
9 701877509
9 427696452
9 707851159
9 10009
9 100009
9 145394662
9 100009
9 979138778
9 431803809
9 100009
9 100009
9 100009
9 100009
9 711336279
9 100009
9 100009
9 617158298
9 100009
9 100009
9 100009
9 997103506
9 100009
9 216078469
9 270832901
9 100000009
9 1000009
9 100009
9 100009
9 100009
9 100009
9 100009
9 100000009
9 283070529
9 451732819
9 359589766
9 724708289
9 472219758
9 996688546
9 925827260
9 674591319
9 100000009
9 100009
9 100009
9 100009
9 583070309
9 100009
9 372840398
9 100000009
9 100009
9 609618024
9 100009
9 634564689
9 78340249
9 100000009
9 254007019
9 100009
9 100009
9 235720009
9 100009
9 100009
9 354264951
9 100000009
9 227893687
9 654217479
9 181877289
9 100009
9 121385719
9 775074589
9 262333429
9 540459100
9 1009
9 227747649
9 840906967
9 100009
9 900036248
9 100009
9 100009
9 405432329
9 581163379
9 534483339
9 268483529
9 100009
9 1000009
9 949005294
9 923979491
9 510879213
9 950470462
9 230489774
9 992358314
9 217157319
9 983089978
9 907723077
9 237287029
9 100009
9 100000009
9 781344859
9 624279949
9 100000009
9 248846359
9 764435659
9 939659855
9 100009
9 100000009
9 936860634
9 100009
9 100000009
9 100000009
9 887622379
9 754032009
9 100009
9 679073306
9 358526189
9 738719246
9 100009
9 100000009
9 330491041
9 318423379
9 693906149
9 668845709
9 363428149
9 737084709
9 995966190
9 10009
9 100000009
9 708649392
9 100000009
9 578860709
9 497739048
9 272947439
9 100009
9 577759288
9 100009
9 126521971
9 265478539
9 910389348
9 806466439
9 215248869
9 180114639
9 100009
9 627210879
9 100009
9 544757529
9 435000439
9 100000009
9 100000009
9 797659462
9 267645629
9 100000009
9 569080444
9 122345119
9 976852176
9 556790138
9 100000009
9 909282935
9 472061409
9 100009
9 284177389
9 828681119
9 457027269
9 170993820
9 351926491
9 101749455
9 100000009
9 100009
9 100009
9 147867589
9 100009
9 461168629
9 162566039
9 100009
9 382548079
9 997788122
9 878764709
9 100009
9 100009
9 100009
9 100000009
9 788101159
9 932984414
9 100000009
9 100009
9 871220569
9 100009
9 422790632
9 100009
9 100009
9 187999927
9 100009
9 233965851
9 397985690
9 202791010
9 10009
9 741008946
9 430169072
9 267385549
9 981792873
9 100009
9 191486859
9 100000009
9 277594298
9 253835399
9 100009
9 347662359
9 100009
9 100009
9 997904559
9 361591770
9 236496682
9 100000009
9 100009
9 100009
9 966603019
9 905177978
9 509736233
9 777575965
9 558171689
9 439027238
9 809339743
9 100009
9 100009
9 658043409
9 966766373
9 100009
9 191222684
9 164128759
9 100009
9 100009
9 378203019
9 100000009
9 100000009
9 100000009
9 741870089
9 522357479
9 263908813
9 869015662
9 100000009
9 701637869
9 100009
9 332688159
9 932391787
9 100000009
9 947559422
9 857829904
9 10009
9 913836987
9 703523769
9 117796221
9 100000009
9 100009
9 212167819
9 100009
9 779342586
9 100009
9 531061169
9 887361179
9 281348789
9 100000009
9 930894376
9 523203559
9 100000009
9 617195487
9 183119494
9 254433779
9 175505259
9 100009
9 100009
9 849107627
9 631966104
9 100009
9 100009
9 504607029
9 553622926
9 760549710
9 469107532
9 895371425
9 322576029
9 900212365
9 100009
9 100009
9 10009
9 506754529
9 92449527
9 127765749
9 334698445
9 773733169
9 100009
9 100000009
9 756580309
9 101953866
9 397586350
9 100009
9 862906416
9 10009
9 160592176
9 124967754
9 446722669
9 100009
9 100009
9 119408233
9 224835988
9 100009
9 438709396
9 348054945
9 100009
9 100009
9 100009
9 358873239
9 10009
9 851147339
9 100009
9 577851694
9 654700519
9 916253735
9 488467389
9 368473399
9 100009
9 936363009
9 250806799
9 304285139
9 10009
9 100009
9 281694722
9 567770269
9 770474279
9 100009
9 100000009
9 288224329
9 915220218
9 100009
9 286284589
9 172715339
9 893897732
9 402354797
9 100000009
9 137214509
9 449593109
9 100000009
9 100009
9 904420993
9 100009
9 345018729
9 939098656
9 561479903
9 100009
9 100000009
9 903797418
9 10009
9 613171309
9 100000009
9 100000009
9 100009
9 394428804
9 100009
9 100009
9 999547768
9 938985774
9 100000009
9 100009
9 100009
9 523898775
9 343994194
9 100000009
9 100000009
9 100000009
9 998659772
9 214245229
9 10009
9 638330039
9 100000009
9 985694327
9 100009
9 978756264
9 394214068
9 100000009
9 523536869
9 100000009
9 100000009
9 708868659
9 100000009
9 100009
9 263136829
9 123583759
9 100009
9 100009
9 640636589
9 100009
9 746320579
9 100009
9 952897127
9 919758555
9 100009
9 225672961
9 100009
9 100009
9 994039788
9 100009
9 100000009
9 100000009
9 100000009
9 100009
9 864741329
9 100009
9 374073269
9 100009
9 100009
9 783512992
9 100009
9 100009
9 100009
9 954975894
9 150118259
9 715718029
9 295656389
9 100009
9 243662809
9 346834899
9 200774294
9 171441119
9 756803449
9 735896989
9 100000009
9 252113389
9 100009
9 100000009
9 562333195
9 10009
9 309273235
9 100009
9 100009
9 100009
9 366197931
9 100009
9 100009
9 100009
9 100009
9 541170159
9 100009
9 463184449
9 100009
9 100000009
9 509252212
9 100000009
9 263787539
9 100009
9 100009
9 182230209
9 104339574
9 100009
9 100009
9 10009
9 649356537
9 10009
9 100009
9 615328139
9 100000009
9 900107526
9 100009
9 100009
9 553409492
9 447494886
9 100009
9 812631089
9 811621689
9 100009
9 100009
9 100000009
9 100009
9 100009
9 801697178
9 100009
9 776819220
9 994680459
9 100000009
9 967980149
9 100000009
9 100009
9 309085615
9 688158559
9 983636681
9 288688489
9 100000009
9 100009
9 195251562
9 380170089
9 560866509
9 100000009
9 100000009
9 918136343
9 151174900
9 100000009
9 737739155
9 100009
9 100009
9 100000009
9 348275459
9 749957701
9 518322292
9 273906018
9 194471918
9 108324669
9 859974791
9 10009
9 100009
9 100009
9 100000009
9 518358519
9 100009
9 100009
9 936569652
9 660148779
9 796458029
9 806632159
9 855789775
9 100009
9 603293650
9 100009
9 176012389
9 100000009
9 100009
9 920060360
9 374240390
9 100009
9 466632069
9 968999277
9 568823169
9 548863917
9 816201309
9 313301789
9 259911238
9 100009
9 100009
9 657881935
9 223315489
9 100009
9 632807239
9 950040345
9 100009
9 250532569
9 100000009
9 271793278
9 389190399
9 140253719
9 837830339
9 100009
9 335877590
9 100009
9 865300109
9 100009
9 100009
9 122105109
9 100009
9 331802509
9 100000009
9 346834389
9 411719638
9 100009
9 339691204
9 683312739
9 657621298
9 152832295
9 952885476
9 100009
9 100000009
9 100009
9 100009
9 277426819
9 100000009
9 100009
9 397791155
9 910256645
9 100000009
9 157908401
9 468607019
9 823890387
9 299434938
9 100009
9 100009
9 100000009
9 528125395
9 100009
9 596117048
9 980410142
9 876006689
9 222505449
9 388970887
9 509465358
9 100009
9 761536569
9 100009
9 100009
9 232330419
9 100000009
9 100000009
9 100009
9 325693094
9 100009
9 982953841
9 956639617
9 407022927
9 407416309
9 309134725
9 818482779
9 1000009
9 632657879
9 225274839
9 100000009
9 374966654
9 851063859
9 694650883
9 100000009
9 143031059
9 100009
9 501335169
9 1000009
9 639949194
9 883538593
9 100009
9 558409956
9 205855329
9 977594578
9 381336219
9 677116419
9 100009
9 100009
9 100009
9 100009
9 100009
9 176570009
9 100009
9 671588589
9 969871488
9 984840243
9 131329763
9 118320659
9 195976705
9 888344739
9 748847239
9 928762876
9 908506249
9 100009
9 795231402
9 961717388
9 582621559
9 100000009
9 100009
9 771226829
9 100000009
9 100009
9 471492814
9 981066813
9 472447089
9 100009
9 100009
9 100000009
9 760572119
9 100009
9 100009
9 100009
9 774477069
9 587892816
9 168856559
9 100009
9 10009
9 10009
9 195605727
9 231148940
9 397819536
9 206300129
9 694819489
9 393706882
9 100009
9 553611359
9 100000009
9 269509290
9 100009
9 982283551
9 100000009
9 933957996
9 361637249
9 100000009
9 974866560
9 720622619
9 131814849
9 445318219
9 100009
9 420551859
9 182732029
9 459585424
9 100009
9 100000009
9 260874749
9 812722589
9 374795593
9 961199009
9 427350119
9 100000009
9 443235809
9 100009
9 100009
9 371160649
9 772813379
9 100000009
9 100000009
9 801711049
9 775059060
9 100009
9 595163186
9 10009
9 100009
9 617497577
9 431227739
9 295975388
9 699542931
9 100009
9 437622809
9 100000009
9 180074369
9 169697217
9 458476955
9 100000009
9 478427269
9 977809972
9 100000009
9 269236243
9 563697796
9 489286018
9 868475429
9 771553669
9 100009
9 942603238
9 100009
9 100009
9 100000009
9 464468059
9 636226319
9 100009
9 100009
9 100000009
9 815539687
9 1000009
9 173178589
9 10009
9 100009
9 374630389
9 709015725
9 623084159
9 258035169
9 574692448
9 100000009
9 558414889
9 773248429
9 750516679
9 100009
9 100009
9 518489406
9 676935454
9 736895567
9 100000009
9 272589272
9 665787589
9 100000009
9 1000009
9 367868609
9 678575439
9 100009
9 145052889
9 188729544
9 100009
9 147181079
9 233589498
9 100000009
9 388045789
9 100000009
9 100000009
9 448165859
9 100009
9 100009
9 885462329
9 139919388
9 926278874
9 225577159
9 158855259
9 100009
9 100009
9 10009
9 682056069
9 100009
9 391983753
9 336443679
9 100009
9 901987141
9 986860872
9 100009
9 10009
9 759106871
9 100009
9 627211069
9 100000009
9 100009
9 100000009
9 100000009
9 213268339
9 490251859
9 100009
9 854387839
9 100009
9 100000009
9 777076091
9 133573269
9 100009
9 728798584
9 100009
9 100009
9 133726269
9 149450833
9 881676190
9 260522924
9 418420859
9 584849340
9 100009
9 840166697
9 244520809
9 189084567
9 944399514
9 534190971
9 170094251
9 100009
9 519892646
9 521341459
9 299998384
9 111778429
9 961355221
9 416133689
9 707088759
9 181655649
9 337873189
9 583258439
9 644162019
9 232591176
9 328647849
9 100000009
9 550569450
9 100009
9 876670209
9 490121079
9 100000009
9 908283334
9 565871479
9 100009
9 387292563
9 960486743
9 100009
9 100009
9 100009
9 364283679
9 806826689
9 298202985
9 963858324
9 100000009
9 673239653
9 712882329
9 100009
9 469755149
9 458620798
9 100009
9 100009
9 961310548
9 237323459
9 307632209
9 100009
9 614794260
9 100000009
9 663977380
9 100009
9 226529734
9 176476639
9 548400491
9 100000009
9 247990398
9 631183409
9 167094851
9 818442319
9 475754529
9 944894380
9 888439967
9 884887549
9 406734119
9 117893465
9 104231989
9 100009
9 100009
9 100000009
9 489069688
9 346086859
9 156702469
9 222911900
9 624870009
9 342675239
9 745863679
9 319503548
9 100000009
9 850980138
9 100009
9 100009
9 848066039
9 100009
9 199107613
9 143115976
9 115675109
9 100009
9 100000009
9 100000009
9 100009
9 100009
9 510447769
9 391919539
9 100009
9 925099308
9 817463389
9 651733469
9 788939747
9 948653373
9 618836900
9 119412014
9 614331659
9 207406859
9 821721289
9 736685970
9 100009
9 942539236
9 64682559
9 296109458
9 10009
9 100009
9 429404788
9 1000009
9 100000009
9 323084079
9 400660409
9 10009
9 274156429
9 352698659
9 975995885
9 551481869
9 124704941
9 290987870
9 276607291
9 161281393
9 100000009
9 182301069
9 142627439
9 395928419
9 765573109
9 810773964
9 417607409
9 100009
9 574108619
9 552423849
9 934847892
9 812369803
9 467679740
9 224457429
9 100009
9 573604069
9 100009
9 100009
9 334385439
9 92340660
9 100000009
9 100009
9 718562179
9 292180788
9 100000009
9 451238119
9 1000009
9 100009
9 100009
9 824327579
9 100009
9 965454844
9 100000009
9 100009
9 100009
9 593717594
9 762617729
9 234854096
9 100009
9 100000009
9 100009
9 10009
9 798061345
9 100009
9 768429957
9 100009
9 100009
9 273595481
9 508903211
9 378340339
9 100000009
9 100009
9 579161021
9 760539618
9 100009
9 358466692
9 100000009
9 960157999
9 100000009
9 100009
9 667845497
9 253423189
9 100009
9 919435253
9 1000009
9 689912626
9 116567189
9 177670229
9 100009
9 628070629
9 100009
9 100000009
9 269242968
9 919304000
9 100000009
9 321037149
9 100009
9 648185509
9 691634918
9 989346925
9 100000009
9 100009
9 201431619
9 590403804
9 485423869
9 116326259
9 946113799
9 100009
9 418310599
9 100000009
9 100009
9 176579943
9 100009
9 938552504
9 219048597
9 328511679
9 473574049
9 572648869
9 100009
9 889283274
9 644809655
9 859472543
9 100000009
9 221317859
9 374684679
9 583096902
9 397055424
9 611711595
9 709725608
9 886286729
9 866928885
9 579746365
9 933531306
9 959117147
9 100009
9 436017789
9 406643879
9 520799407
9 348135309
9 978511915
9 948644764
9 883292383
9 351945999
9 100009
9 818566749
9 100009
9 100009
9 100009
9 100009
9 968563066
9 267660589
9 100000009
9 155206589
9 10009
9 100009
9 100009
9 469796256
9 701209936
9 830372149
9 100009
9 100009
9 100009
9 100009
9 270084689
9 160605229
9 100009
9 270146279
9 617532398
9 915795491
9 100009
9 100000009
9 907613059
9 299263561
9 429302262
9 235338169
9 998917312
9 654684509
9 100009
9 100009
9 100000009
9 100009
9 968643860
9 697598208
9 122654249
9 802644109
9 100009
9 100009
9 100009
9 100009
9 355587749
9 650699311
9 415209452
9 100000009
9 12281592
9 100009
9 340618879
9 100000009
9 688714859
9 100009
9 659669996
9 679078817
9 453445489
9 100000009
9 100009
9 100009
9 100000009
9 100009
9 889967370
9 764663994
9 762372659
9 100009
9 100009
9 100000009
9 100000009
9 909084765
9 602384389
9 443689014
9 518360479
9 357554539
9 482044379
9 10009
9 100009
9 752421169
9 539595571
9 561766359
9 867922643
9 100000009
9 100000009
9 100009
9 100000009
9 889258667
9 100009
9 100009
9 100009
9 100009
9 100009
9 212127889
9 341171639
9 100009
9 894083197
9 100009
9 772818479
9 697416629
9 100000009
9 100009
9 100009
9 100000009
9 404021129
9 362299848
9 100000009
9 165491744
9 100009
9 366061819
9 905921264
9 130705159
9 100000009
9 100009
9 840725971
9 100009
9 320052179
9 908685157
9 611389378
9 586324439
9 368555079
9 100009
9 831606539
9 100000009
9 360671039
9 131708249
9 417397280
9 674879054
9 100009
9 316561549
9 100000009
9 428560689
9 334347019
9 800870659
9 100009
9 10009
9 832964606
9 490843765
9 100009
9 696286433
9 335827679
9 575114739
9 127466619
9 337625194
9 927729099
9 100000009
9 341606649
9 100000009
9 547252449
9 517264490
9 922813704
9 100009
9 937914805
9 552102489
9 100009
9 268281239
9 100009
9 100009
9 100009
9 100009
9 100009
9 100009
9 780863249
9 210956128
9 166994537
9 483022693
9 348788195
9 774480249
9 100009
9 100009
9 100009
9 649468497
9 100000009
9 617137509
9 492828501
9 100009
9 690071045
9 399688847
9 322773069
9 480764429
9 407428890
9 986840721
9 781061189
9 438875389
9 175001579
9 100009
9 100009
9 100009
9 267671925
9 707987964
9 110549466
9 302164769
9 578702889
9 100000009
9 112720954
9 100000009
9 532393881
9 249235328
9 882477579
9 100009
9 401639344
9 100009
9 100009
9 100000009
9 806130969
9 100009
9 100000009
9 100000009
9 494779214
9 750302519
9 100009
9 100009
9 100009
9 100009
9 843590965
9 100009
9 938681735
9 100000009
9 809936696
9 206938222
9 355355209
9 100000009
9 106582129
9 100009
9 100009
9 903637805
9 10009
9 801524940
9 100000009
9 100009
9 506793531
9 100009
9 297880305
9 100009
9 100000009
9 100009
9 100009
9 888046589
9 100009
9 100009
9 10009
9 100009
9 100000009
9 432627309
9 921826349
9 606199678
9 285941047
9 100009
9 100000009
9 10009
9 912759096
9 418373896
9 277887219
9 100009
9 986569690
9 727898249
9 649519138
9 467262389
9 495148647
9 100009
9 687008619
9 100009
9 997139213
9 973379145
9 100009
9 100009
9 100009
9 155750129
9 448991356
9 521915353
9 748809640
9 767651659
9 597970745
9 779559109
9 338666069
9 100000009
9 100000009
9 591577631
9 680903141
9 177827649
9 559142442
9 100009
9 944834784
9 100009
9 188980307
9 727174119
9 652687609
9 100000009
9 417116279
9 100009
9 1000009
9 704671239
9 100009
9 313058595
9 100009
9 453999643
9 275310079
9 100009
9 862486859
9 100000009
9 100000009
9 100009
9 857516389
9 100009
9 100000009
9 814463049
9 906874121
9 100009
9 371307199
9 450546849
9 746928815
9 724110489
9 100009
9 637763429
9 100009
9 100009
9 304523859
9 100009
9 100000009
9 133691995
9 686738329
9 100009
9 100000009
9 100009
9 10009
9 688204269
9 615396317
9 149998131
9 17268879
9 100009
9 487272069
9 990034249
9 299077923
9 100009
9 100000009
9 837819213
9 360047659
9 100009
9 100009
9 100009
9 100000009
9 797804723
9 548685739
9 259129762
9 597049262
9 100009
9 100009
9 606149805
9 463476829
9 454470869
9 100009
9 100009
9 842741869
9 302904670
9 100009
9 100009
9 100009
9 799429236
9 957799925
9 385118975
9 760680889
9 374009103
9 841978616
9 994249076
9 100000009
9 408628329
9 577214749
9 100000009
9 658633809
9 100009
9 100000009
9 384017159
9 602032039
9 344128519
9 573547069
9 877135129
9 100009
9 100000009
9 853993873
9 1000009
9 100000009
9 100009
9 920421497
9 453864689
9 100009
9 813271039
9 100009
9 100009
9 935050600
9 100009
9 100000009
9 100009
9 572151679
9 106053459
9 481960505
9 718931459
9 100009
9 678853679
9 100009
9 658437719
9 100009
9 594979754
9 100000009
9 100009
9 124406629
9 405926492
9 100009
9 100009
9 10009
9 453305269
9 399564271
9 533611069
9 901511131
9 726733794
9 100009
9 100009
9 334802259
9 788343339
9 474532659
9 349918971
9 100000009
9 595265843
9 616852129
9 116957238
9 100009
9 696951749
9 100009
9 843889860
9 100009
9 10009
9 276458809
9 762041189
9 282656069
9 624221349
9 841427629
9 409366923
9 959536445
9 732636969
9 100000009
9 117403449
9 100009
9 10009
9 100009
9 100009
9 456596211
9 300066639
9 696356452
9 100000009
9 423363089
9 100009
9 100000009
9 842089012
9 100009
9 100009
9 394975182
9 820933322
9 100000009
9 100009
9 100009
9 721032519
9 100009
9 100009
9 100009
9 100000009
9 172763489
9 100000009
9 473846069
9 989808161
9 100009
9 100009
9 100009
9 897250729
9 162269265
9 956288213
9 100009
9 495783740
9 726133289
9 100009
9 711198878
9 760448669
9 839827755
9 100009
9 645219069
9 100009
9 100009
9 117483819
9 301368759
9 800766009
9 310198832
9 512591164
9 100009
9 100009
9 159468072
9 100000009
9 100009
9 528451907
9 898959925
9 164268579
9 572386129
9 766482339
9 635264926
9 100000009
9 100009
9 540710950
9 552989609
9 10009
9 701957595
9 100009
9 518527489
9 100009
9 183629196
9 659163576
9 10009
9 599696253
9 100009
9 952948287
9 100009
9 100009
9 10009
9 10009
9 682924274
9 224542109
9 915625057
9 812818489
9 414330109
9 904345243
9 667916079
9 613961056
9 645325759
9 258736409
9 319645134
9 100009
9 383965408
9 10009
9 100000009
9 100009
9 100000009
9 608664948
9 100009
9 100000009
9 100000009
9 388389468
9 443358289
9 707424859
9 480348049
9 127648859
9 978407200
9 100000009
9 387310698
9 425882229
9 848028149
9 299906611
9 521384229
9 589613585
9 951200578
9 100000009
9 591693182
9 761958271
9 100000009
9 100009
9 100009
9 100000009
9 780692239
9 486328369
9 584049436
9 574372649
9 278993041
9 216954829
9 392632427
9 618428169
9 956903277
9 100009
9 100009
9 400153509
9 100000009
9 100009
9 562148439
9 100000009
9 927486689
9 518568619
9 378581079
9 454223069
9 100000009
9 197422234
9 100009
9 100000009
9 990772836
9 100009
9 100009
9 716482609
9 100009
9 100009
9 100009
9 100009
9 100009
9 100009
9 100009
9 100009
9 701883929
9 100009
9 100009
9 100009
9 100009
9 590469086
9 331801169
9 100009
9 651257339
9 100009
9 497063142
9 979016382
9 501868389
9 471589992
9 100009
9 100009
9 372771639
9 100009
9 933730656
9 996714799
9 732568389
9 10009
9 100000009
9 865043509
9 717627389
9 752136119
9 100009
9 265111979
9 100009
9 160293959
9 789594470
9 922514335
9 230918548
9 100009
9 100009
9 859530677
9 565017709
9 204867479
9 707431329
9 612963526
9 314096459
9 879604172
9 100009
9 888216079
9 100009
9 1000009
9 100000009
9 782628269
9 183842139
9 100009
9 894905356
9 604212449
9 831119316
9 100000009
9 100000009
9 199234578
9 100009
9 396083785
9 292720371
9 100000009
9 100009
9 871903367
9 100009
9 100000009
9 100000009
9 114038935
9 100009
9 100009
9 338300869
9 556088029
9 933133129
9 591991903
9 734705429
9 922369052
9 100009
9 100000009
9 118310849
9 100009
9 100000009
9 692569778
9 100009
9 914244234
9 100009
9 896057207
9 100000009
9 438104229
9 197537545
9 100009
9 100009
9 853527519
9 10009
9 470165595
9 570497893
9 301506319
9 100009
9 100009
9 946825251
9 784348619
9 252778209
9 100009
9 976855638
9 833741719
9 100009
9 693194041
9 549263239
9 322678389
9 496225156
9 691173497
9 100000009
9 100009
9 572998558
9 670050749
9 777451649
9 100009
9 100009
9 100009
9 100000009
9 331840096
9 100009
9 308353619
9 831544409
9 100009
9 100009
9 100009
9 100009
9 100000009
9 489534519
9 909758999
9 100000009
9 952937429
9 100000009
9 100000009
9 222594155
9 100009
9 440113839
9 100009
9 100000009
9 176857769
9 150424519
9 194600777
9 768939413
9 345174739
9 100009
9 743547659
9 100000009
9 675344249
9 100000009
9 644238589
9 100009
9 950688765
9 100009
9 529124518
9 100009
9 379832392
9 100000009
9 861659990
9 460824609
9 511160569
9 100000009
9 100000009
9 127124409
9 100009
9 100009
9 860723149
9 503466429
9 100009
9 453984755
9 624653379
9 661881619
9 510123219
9 100000009
9 100009
9 113972517
9 990561371
9 234646279
9 360902279
9 100009
9 474736649
9 100000009
9 100009
9 188319043
9 970031126
9 621963195
9 100009
9 156526109
9 839459074
9 177710859
9 235831309
9 100009
9 202976946
9 313871529
9 454437392
9 296095865
9 802736907
9 100000009
9 707517696
9 100009
9 100000009
9 100009
9 778186059
9 570145419
9 100009
9 187495439
9 100009
9 100000009
9 100000009
9 248745349
9 909076643
9 587106289
9 369512298
9 251954435
9 401495571
9 829927065
9 100000009
9 100009
9 246847579
9 100009
9 702640493
9 232761957
9 69619567
9 489546998
9 261727179
9 338600179
9 447844219
9 100009
9 511280489
9 100009
9 100009
9 421723789
9 381467539
9 189141418
9 100009
9 100000009
9 100000009
9 740049706
9 459036238
9 100009
9 669708942
9 100009
9 704101369
9 100009
9 100009
9 715888249
9 443201619
9 100009
9 100009
9 100009
9 100000009
9 100009
9 196071500
9 678946524
9 100009
9 659734789
9 493451526
9 481369891
9 214849465
9 956807111
9 561613319
9 10009
9 931573324
9 974615719
9 914904650
9 100009
9 712536869
9 100009
9 156053198
9 512412902
9 100009
9 869998127
9 100009
9 100009
9 100009
9 100009
9 878642963
9 365283089
9 579545066
9 100000009
9 100009
9 100009
9 981718550
9 183006419
9 251304029
9 100000009
9 100000009
9 100000009
9 100000009
9 100009
9 611860109
9 100000009
9 885738449
9 100000009
9 450576239
9 100009
9 762577869
9 100009
9 392299180
9 100009
9 1009
9 689478999
9 100009
9 100834589
9 100009
9 100009
9 100009
9 100000009
9 782371937
9 100009
9 476682359
9 100009
9 100009
9 366564429
9 820051459
9 100000009
9 100009
9 100000009
9 831115659
9 239226440
9 100009
9 546378971
9 100000009
9 100009
9 100009
9 911620018
9 100009
9 100000009
9 398326354
9 100009
9 100009
9 324030908
9 1000009
9 506743139
9 747856079
9 100009
9 167350197
9 100009
9 100009
9 100000009
9 487719963
9 646467938
9 586044739
9 100009
9 952554500
9 448061229
9 968613753
9 292646784
9 441884859
9 129967116
9 100000009
9 100009
9 952597698
9 100000009
9 845611739
9 838827929
9 10009
9 912691536
9 551731937
9 100000009
9 100009
9 604085619
9 100000009
9 214998740
9 497437116
9 100000009
9 849952670
9 100000009
9 100009
9 100009
9 738486559
9 100000009
9 873854944
9 758704409
9 755490552
9 460282749
9 100009
9 100009
9 420331980
9 100009
9 709201546
9 100009
9 100009
9 254393890
9 814003039
9 635038319
9 788829681
9 858227069
9 100009
9 822258159
9 100009
9 100009
9 589559610
9 162117941
9 100009
9 397452040
9 100009
9 100009
9 100000009
9 304151629
9 100009
9 525852779
9 709366374
9 799788410
9 100009
9 190412343
9 943272949
9 232651889
9 100000009
9 494236081
9 263554469
9 474517509
9 129067357
9 100009
9 100000009
9 723750993
9 100009
9 100009
9 150818179
9 548657092
9 611228819
9 661778149
9 100009
9 478988569
9 100009
9 100009
9 610659738
9 100009
9 100009
9 109132499
9 100000009
9 187303269
9 919041259
9 100009
9 743500859
9 100009
9 100009
9 721968428
9 556755089
9 807650139
9 285917381
9 100000009
9 387420539
9 1009
9 625686829
9 100009
9 850387449
9 978839261
9 938154810
9 753847409
9 100009
9 10009
9 752234009
9 100009
9 737159815
9 100009
9 886950101
9 100009
9 949173612
9 631202479
9 324411359
9 938426662
9 907434366
9 100009
9 333711489
9 624345819
9 100009
9 436141449
9 100009
9 100000009
9 100009
9 563931280
9 882231779
9 100009
9 384844819
9 100009
9 1009
9 728827964
9 100009
9 100000009
9 962510669
9 121719973
9 186019488
9 445510679
9 100009
9 680439271
9 764247639
9 386993660
9 563760069
9 728363249
9 100009
9 892198351
9 100009
9 907464962
9 983383921
9 100000009
9 100009
9 100009
9 953273409
9 100009
9 295408535
9 114695735
9 100009
9 569675035
9 597461177
9 280777819
9 410856249
9 122292574
9 357971624
9 625594836
9 862925071
9 100009
9 232085409
9 546404789
9 100009
9 375844249
9 100000009
9 858649292
9 214103419
9 851174429
9 100009
9 100000009
9 931867225
9 936324402
9 292980547
9 291151729
9 925523699
9 100009
9 385212749
9 147710619
9 817471839
9 100009
9 264863659
9 100009
9 592686776
9 686783319
9 100000009
9 135951804
9 533766449
9 100009
9 587451049
9 523070259
9 100009
9 699779188
9 452636329
9 259268585
9 555144529
9 137512349
9 109
9 279970519
9 100000009
9 582285149
9 100009
9 100009
9 100009
9 100000009
9 100000009
9 393632673
9 100009
9 100000009
9 653035809
9 100009
9 100009
9 396146110
9 778540509
9 196843276
9 301055629
9 100009
9 100009
9 843232931
9 100009
9 561673219
9 100009
9 822145779
9 100009
9 100009
9 100000009
9 100000009
9 211570795
9 100009
9 100009
9 100009
9 100000009
9 891248526
9 849279818
9 100000009
9 445903317
9 439547396
9 100009
9 354464039
9 416985879
9 1000009
9 573475219
9 402566439
9 309914252
9 10009
9 263419347
9 405483009
9 100000009
9 848168189
9 100009
9 931490250
9 413973173
9 100009
9 100009
9 775923059
9 737865389
9 10009
9 100009
9 100000009
9 766581069
9 766851895
9 719836070
9 100000009
9 100009
9 645142639
9 298954013
9 770901974
9 763463549
9 373334149
9 10009
9 100000009
9 425398945
9 184727089
9 1000009
9 379640008
9 100009
9 872481169
9 100009
9 100000009
9 675692487
9 494456137
9 166542690
9 100009
9 287325029
9 933516897
9 100009
9 100009
9 907737386
9 100009
9 10009
9 100009
9 953645652
9 149157519
9 298003964
9 100000009
9 100009
9 100009
9 610315339
9 462560279
9 728422319
9 100009
9 674509380
9 100009
9 408478739
9 468999470
9 100009
9 100000009
9 100000009
9 388146059
9 169827601
9 994906753
9 100009
9 100009
9 723468259
9 796117789
9 932380858
9 445075519
9 165240984
9 100009
9 880515459
9 100009
9 805493578
9 100009
9 770420339
9 100009
9 413385279
9 100000009
9 100009
9 100000009
9 850179242
9 641294426
9 755986776
9 858659493
9 100009
9 240483519
9 541970272
9 773043890
9 787843339
9 100000009
9 100009
9 248366409
9 10009
9 100009
9 593129625
9 100009
9 443473239
9 100000009
9 100000009
9 233840559
9 100000009
9 100000009
9 100000009
9 135639882
9 962123075
9 695060870
9 675979224
9 416034649
9 499982005
9 100000009
9 100000009
9 100009
9 616477549
9 858473945
9 316789791
9 971836391
9 100000009
9 530486691
9 100000009
9 100009
9 100009
9 400879548
9 100009
9 612688679
9 100000009
9 100009
9 100000009
9 100009
9 202425859
9 929993180
9 247756479
9 100009
9 395169505
9 961709326
9 983376051
9 105857639
9 990164089
9 845360009
9 100009
9 100009
9 401845519
9 100000009
9 100009
9 100000009
9 100000009
9 100009
9 676937653
9 797155219
9 100000009
9 100009
9 10009
9 321880649
9 337756149
9 100009
9 156492237
9 100009
9 583889472
9 668334649
9 100009
9 126914019
9 474494567
9 799071065
9 881058579
9 100009
9 1000009
9 100009
9 525039944
9 810927790
9 731023549
9 100009
9 447178089
9 644371439
9 100000009
9 105547952
9 100009
9 111753309
9 994711201
9 461507309
9 100009
9 332024239
9 678877729
9 432953098
9 100009
9 387916801
9 100000009
9 100009
9 100000009
9 100000009
9 894298524
9 169093009
9 100009
9 861607849
9 100000009
9 709850501
9 494297306
9 550075319
9 602119355
9 408754679
9 100009
9 160609679
9 958242047
9 100009
9 100009
9 303541469
9 794528105
9 100009
9 100009
9 100000009
9 100009
9 852710159
9 999754249
9 100000009
9 100009
9 24561591
9 100009
9 100009
9 934865441
9 100000009
9 100009
9 100009
9 303877259
9 100009
9 946122550
9 990841564
9 100009
9 483992792
9 847881709
9 469623792
9 100000009
9 879682022
9 100009
9 544070169
9 525396354
9 100009
9 138976521
9 295568246
9 100009
9 878137329
9 927820878
9 100009
9 419318776
9 267274921
9 100009
9 100009
9 770602079
9 771536289
9 10009
9 112334799
9 100009
9 100009
9 838014129
9 472580449
9 546879047
9 100000009
9 535600789
9 100000009
9 100000009
9 100009
9 211209112
9 172441359
9 603102109
9 127393234
9 1000009
9 100000009
9 930603437
9 927402686
9 986280117
9 100009
9 249209886
9 100009
9 100000009
9 100000009
9 454859575
9 100009
9 763795092
9 760591130
9 947197034
9 10009
9 874991565
9 696423570
9 840170479
9 100009
9 890960784
9 100009
9 911769663
9 100000009
9 762543289
9 100009
9 478215319
9 100009
9 695701979
9 100000009
9 187959557
9 438129715
9 280271819
9 100009
9 971121166
9 755718691
9 967277361
9 100009
9 100009
9 606412809
9 100000009
9 422286349
9 440941767
9 100009
9 100009
9 789403439
9 410413009
9 100000009
9 308986219
9 118122029
9 100009
9 925552468
9 356319524
9 100009
9 100000009
9 406487796
9 100000009
9 453033329
9 1000009
9 10009
9 286488093
9 851052559
9 10009
9 100000009
9 718872749
9 781981663
9 877242809
9 595985447
9 100009
9 140728019
9 533027439
9 100009
9 100009
9 100000009
9 952534629
9 100009
9 983053445
9 100009
9 100009
9 10009
9 100009
9 876618499
9 100009
9 568658629
9 823726139
9 167979618
9 100009
9 100000009
9 269547674
9 118067369
9 356083249
9 100009
9 100009
9 357964773
9 100009
9 180784609
9 10009
9 100000009
9 197860704
9 100009
9 100009
9 894745979
9 177799161
9 100009
9 100000009
9 184956352
9 100000009
9 550539652
9 100000009
9 100009
9 383259504
9 542728209
9 100000009
9 100009
9 890077085
9 652952917
9 100000009
9 100000009
9 100009
9 100009
9 830291053
9 253122869
9 259329762
9 919192836
9 100009
9 100000009
9 956534098
9 100009
9 610823029
9 422885009
9 259111018
9 238216479
9 937904513
9 100009
9 100009
9 511415089
9 100009
9 100000009
9 100009
9 100009
9 100009
9 912732489
9 315013319
9 100000009
9 906148572
9 100009
9 100009
9 892139009
9 100000009
9 100000009
9 540567579
9 100009
9 222572609
9 100009
9 710517109
9 100009
9 872254639
9 100009
9 634162609
9 595286644
9 100009
9 10009
9 599596578
9 100009
9 100000009
9 406842679
9 590203423
9 100009
9 743953154
9 501731159
9 386567409
9 100009
9 100000009
9 228264629
9 100009
9 100000009
9 347814009
9 100000009
9 507477789
9 983132804
9 100009
9 984991400
9 100009
9 942401829
9 474835971
9 309877327
9 201435369
9 171329807
9 10009
9 100009
9 100009
9 721353291
9 100000009
9 323276359
9 737652649
9 339550208
9 10009
9 767851639
9 777756019
9 10009
9 306910851
9 100000009
9 570004904
9 100000009
9 119705602
9 857865983
9 329503182
9 100000009
9 100009
9 571840079
9 100009
9 803737759
9 100009
9 474223291
9 785903859
9 100000009
9 100009
9 875408983
9 599422811
9 118542489
9 354339551
9 480550398
9 120116439
9 490981260
9 941732859
9 670109316
9 686322129
9 100009
9 437311729
9 381149509
9 284051079
9 100009
9 442614349
9 339592421
9 100000009
9 100000009
9 382328309
9 951422281
9 826226359
9 35310119
9 100009
9 623669847
9 391669711
9 324774509
9 10009
9 100000009
9 100009
9 100000009
9 309191102
9 172843759
9 100000009
9 100009
9 722710089
9 100000009
9 249349401
9 926300370
9 470302769
9 10009
9 100000009
9 100009
9 780777936
9 100009
9 722821119
9 562597601
9 100009
9 175929185
9 845639597
9 839243719
9 225663109
9 623776994
9 129253605
9 620923243
9 100009
9 598682583
9 652866549
9 100000009
9 1009
9 100000009
9 361948352
9 767678809
9 100009
9 100000009
9 675610039
9 246358179
9 100000009
9 100009
9 100009
9 100009
9 100009
9 891323233
9 388997583
9 361158559
9 100009
9 100000009
9 100000009
9 772112669
9 865310729
9 608484529
9 100009
9 403229131
9 434112917
9 372819313
9 10009
9 10009
9 100009
9 100000009
9 234863069
9 494622002
9 431961445
9 100009
9 100009
9 100000009
9 173562229
9 190683626
9 968234505
9 587750329
9 100009
9 100009
9 715967315
9 100000009
9 100009
9 100009
9 100009
9 100009
9 242839039
9 100009
9 870695171
9 399045345
9 546894964
9 942108166
9 940385340
9 561007059
9 100009
9 238012396
9 277602029
9 167989262
9 100000009
9 100009
9 100009
9 100009
9 100009
9 100000009
9 100009
9 100009
9 865673279
9 100009
9 476757459
9 958976943
9 100000009
9 704026809
9 880030349
9 10009
9 396527086
9 100000009
9 565004309
9 196090284
9 839181791
9 100009
9 100009
9 100009
9 336732309
9 976652443
9 933345633
9 100000009
9 872364579
9 10009
9 100009
9 147688925
9 100009
9 687082391
9 254525639
9 10009
9 761956124
9 129344884
9 100000009
9 100000009
9 100009
9 100009
9 851958192
9 478598343
9 535264559
9 993589531
9 378604529
9 989657839
9 598058060
9 100009
9 229778636
9 857447049
9 100009
9 173466439
9 10009
9 100009
9 100009
9 612900889
9 100009
9 100009
9 835094182
9 100009
9 765529744
9 777162791
9 187853239
9 808150059
9 467992511
9 924235649
9 896596228
9 100000009
9 100009
9 100009
9 558938908
9 650583749
9 109612002
9 100009
9 100009
9 100009
9 10009
9 100009
9 592116959
9 824400879
9 100009
9 100009
9 251976941
9 100009
9 100009
9 100009
9 100009
9 504106369
9 556013679
9 100009
9 879331517
9 492214147
9 100009
9 784529188
9 297228142
9 981600722
9 100000009
9 100000009
9 198502469
9 799131553
9 100009
9 607457469
9 100009
9 100009
9 100000009
9 222912627
9 213135739
9 754823990
9 973248949
9 200054469
9 334046549
9 100009
9 207308900
9 990478661
9 822460229
9 100000009
9 755504479
9 285068729
9 724167129
9 716231029
9 943079524
9 599368954
9 100009
9 835537829
9 100000009
9 100009
9 905708167
9 306600479
9 925776852
9 10009
9 100000009
9 824018972
9 100009
9 100009
9 100009
9 418085904
9 994372747
9 100009
9 877944958
9 100000009
9 134075994
9 468310429
9 100009
9 100009
9 944355730
9 256295036
9 288127359
9 100009
9 130434269
9 860995259
9 782462289
9 688282319
9 100009
9 100000009
9 100009
9 100000009
9 933349343
9 916679676
9 959490813
9 107596130
9 100009
9 100009
9 812434946
9 100009
9 767129111
9 10009
9 428946605
9 813402219
9 768493705
9 159650552
9 100009
9 100009
9 100000009
9 902649276
9 100009
9 100009
9 100009
9 396628693
9 183467139
9 545862019
9 133611619
9 100009
9 283725229
9 100009
9 794050193
9 100000009
9 100009
9 100009
9 533721489
9 100009
9 232652429
9 675119660
9 100000009
9 619917408
9 434396062
9 252702119
9 100009
9 470066859
9 100000009
9 652653639
9 100009
9 100009
9 100009
9 305419718
9 100009
9 100009
9 10009
9 902298838
9 938889252
9 822448639
9 100009
9 100009
9 590986071
9 387436149
9 910541867
9 642692961
9 100009
9 528772369
9 385305944
9 100009
9 100009
9 100009
9 245726339
9 711120669
9 931704874
9 941345226
9 328501069
9 611143239
9 382566549
9 100000009
9 218827649
9 501169467
9 758018859
9 100000009
9 854130329
9 440009246
9 100000009
9 119226724
9 864117897
9 100000009
9 100000009
9 10009
9 650594845
9 445355649
9 751776639
9 100000009
9 606444009
9 548977559
9 646339500
9 381752149
9 505523419
9 100009
9 100009
9 97445359
9 150102319
9 100000009
9 100000009
9 558982314
9 219031961
9 100009
9 100009
9 251500069
9 100888179
9 474778579
9 1000009
9 637139682
9 100009
9 560877209
9 100009
9 235210319
9 100009
9 100009
9 100009
9 100009
9 204006229
9 904655557
9 10009
9 100009
9 589886173
9 447631679
9 350333922
9 192642783
9 466244679
9 100009
9 100000009
9 100009
9 613366091
9 100009
9 424930683
9 768439727
9 848265839
9 818489369
9 260166529
9 100000009
9 973573048
9 100009
9 713861689
9 100009
9 560011149
9 100009
9 276786449
9 100009
9 871245192
9 689868165
9 22737249
9 357642389
9 712979710
9 100009
9 100009
9 252452079
9 100000009
9 100009
9 825818579
9 789922339
9 100009
9 100009
9 752100129
9 213034349
9 100000009
9 656214229
9 566683489
9 489275779
9 100009
9 100000009
9 10009
9 100009
9 551372849
9 10009
9 156536859
9 803599923
9 100009
9 100009
9 100009
9 314259817
9 448424978
9 306338429
9 284333496
9 100009
9 153104399
9 100000009
9 100009
9 496437299
9 170982046
9 661530309
9 298374933
9 399315214
9 155024579
9 806309632
9 110539867
9 626165519
9 10009
9 100000009
9 100000009
9 100009
9 895115475
9 100000009
9 723112019
9 775435049
9 100009
9 100009
9 864140789
9 574927722
9 985896967
9 803090853
9 552403589
9 747628259
9 561090600
9 100009
9 513083329
9 10009
9 138788993
9 813313924
9 456546792
9 220965689
9 100000009
9 100009
9 100009
9 100000009
9 931337864
9 753651529
9 231549967
9 317326269
9 1000009
9 100000009
9 100000009
9 100009
9 931762095
9 100009
9 397685747
9 100000009
9 822786219
9 100009
9 100009
9 856218089
9 598553798
9 100000009
9 534477649
9 977621915
9 350055809
9 624206109
9 520208941
9 100000009
9 100009
9 100009
9 406552569
9 100009
9 426661429
9 100009
9 392274630
9 490476266
9 431207899
9 906086234
9 491763569
9 451937457
9 656472119
9 423987836
9 802416109
9 100009
9 100009
9 407724289
9 840663459
9 100009
9 221341196
9 100009
9 134450289
9 662654009
9 100009
9 528474559
9 473964534
9 530574729
9 100009
9 10009
9 799618070
9 100000009
9 100009
9 100009
9 762996899
9 566635719
9 177048669
9 455932834
9 843832097
9 10009
9 100009
9 421760259
9 332249953
9 10009
9 370776469
9 291821995
9 236221298
9 100009
9 984590378
9 506611439
9 475990106
9 942835096
9 105165952
9 100009
9 10009
9 100009
9 897919921
9 202445879
9 100009
9 832448229
9 336666019
9 921133654
9 357802916
9 100009
9 317608249
9 100009
9 809117211
9 779727336
9 917740475
9 212281269
9 350645109
9 100000009
9 100000009
9 100009
9 899381828
9 100009
9 872233904
9 888893821
9 476945322
9 901571440
9 251922575
9 352176069
9 450459269
9 840078069
9 782975299
9 550375529
9 100000009
9 513770849
9 100000009
9 880874319
9 10009
9 320395136
9 394582976
9 953472157
9 100000009
9 554364579
9 825488091
9 393319074
9 219546816
9 100000009
9 100009
9 100000009
9 100000009
9 827662819
9 100000009
9 100009
9 100009
9 100009
9 100009
9 100009
9 411877849
9 788971234
9 274870649
9 248261690
9 625584659
9 857481489
9 100009
9 525874139
9 410887479
9 100009
9 100009
9 409350482
9 941589294
9 100009
9 100009
9 673227509
9 1000009
9 262215589
9 100000009
9 100009
9 966107566
9 484762579
9 577001389
9 100000009
9 351849936
9 634827689
9 650740169
9 852956485
9 307096360
9 609768456
9 100009
9 100009
9 781090453
9 401236369
9 194170868
9 588412629
9 100000009
9 782987779
9 532533963
9 451112679
9 763850649
9 368447449
9 322592956
9 732581229
9 650796336
9 924979732
9 100000009
9 714539541
9 192439203
9 317795040
9 401081019
9 100009
9 849788755
9 100009
9 100009
9 10009
9 120643938
9 412365029
9 468019470
9 731626379
9 100009
9 504933842
9 817331339
9 422693737
9 486100879
9 209884659
9 100009
9 100009
9 864303489
9 100009
9 10009
9 916500364
9 887235839
9 453807049
9 100000009
9 922227733
9 100009
9 100009
9 100000009
9 526346879
9 243033293
9 792166891
9 684770905
9 494353691
9 939397749
9 892199831
9 855846479
9 100000009
9 905683956
9 543595978
9 100009
9 100009
9 100009
9 100009
9 100009
9 864708982
9 231436529
9 100009
9 100000009
9 100009
9 189151892
9 709533847
9 921825768
9 568122129
9 529751091
9 100009
9 228578189
9 715687289
9 514446589
9 229111353
9 764015589
9 100009
9 363606978
9 100009
9 537261947
9 724183379
9 100009
9 100009
9 173502149
9 180631059
9 859293664
9 955534706
9 108543409
9 503298679
9 1000009
9 100009
9 538083459
9 100009
9 100000009
9 144424679
9 100009
9 100000009
9 100000009
9 550674698
9 107908001
9 10009
9 100009
9 100009
9 100000009
9 100000009
9 100009
9 702978999
9 197861363
9 951915147
9 100009
9 100000009
9 491601566
9 486364988
9 561979485
9 100009
9 844274309
9 100009
9 100000009
9 100009
9 10009
9 230749083
9 503148379
9 350641669
9 453646259
9 425798557
9 511508549
9 100000009
9 100009
9 100009
9 100009
9 100009
9 100009
9 305319488
9 324852169
9 100009
9 867445479
9 100000009
9 986155316
9 100000009
9 100009
9 955971653
9 349429992
9 100000009
9 609166113
9 100000009
9 685555269
9 100000009
9 124082459
9 423691509
9 100009
9 149320484
9 100009
9 100009
9 100000009
9 304071059
9 754477169
9 100009
9 35790842
9 100009
9 595954941
9 701498550
9 100000009
9 100009
9 100009
9 628681609
9 769219929
9 100009
9 102525795
9 100009
9 100009
9 323452749
9 100009
9 100000009
9 477602139
9 372877913
9 100009
9 100009
9 100009
9 307517549
9 100000009
9 100009
9 882350119
9 100000009
9 331378593
9 919554830
9 100009
9 408698397
9 10009
9 100000009
9 711504949
9 657442049
9 704220779
9 997939499
9 519583892
9 401879875
9 936463565
9 640207589
9 100009
9 100009
9 100009
9 212431579
9 100009
9 100009
9 10009
9 621445609
9 100000009
9 507302769
9 100009
9 100009
9 355798336
9 376774269
9 849522259
9 100009
9 100009
9 100009
9 638237975
9 362736955
9 100000009
9 100000009
9 100009
9 129793000
9 873846639
9 100009
9 890775586
9 955389661
9 409364211
9 100000009
9 308028839
9 415863097
9 100000009
9 760892093
9 123372319
9 100000009
9 100009
9 100009
9 620222994
9 100009
9 674642849
9 10009
9 100009
9 736862739
9 100009
9 100009
9 480426759
9 100000009
9 100009
9 10009
9 415383249
9 840676309
9 778025039
9 825142549
9 100009
9 878539105
9 848906341
9 100009
9 576607149
9 439167896
9 100000009
9 100009
9 992911908
9 953584077
9 100009
9 680724489
9 100009
9 702479279
9 990002938
9 693014899
9 10009
9 227157749
9 100009
9 855553295
9 100000009
9 442165169
9 497013122
9 970995208
9 853193337
9 242881159
9 100000009
9 513586659
9 100000009
9 100009
9 461768559
9 124417649
9 100009
9 503271239
9 100000009
9 100009
9 100009
9 100000009
9 100009
9 155901464
9 104851669
9 964164297
9 973402585
9 100009
9 761322139
9 875538946
9 534487189
9 100009
9 690822442
9 823504009
9 100000009
9 295290938
9 574479298
9 868573859
9 271078394
9 100009
9 100009
9 100009
9 933842756
9 690288347
9 697378767
9 100000009
9 593870655
9 627401089
9 100000009
9 100000009
9 240598685
9 10009
9 510612159
9 822692737
9 100000009
9 100009
9 155341289
9 100000009
9 100009
9 109439634
9 373624169
9 224641819
9 100009
9 790158982
9 100009
9 736046195
9 346263964
9 703634139
9 705026019
9 100009
9 100000009
9 100009
9 258674859
9 756949360
9 100009
9 1009
9 501208369
9 100009
9 100009
9 100009
9 100009
9 563403409
9 100009
9 100009
9 100009
9 100000009
9 396023176
9 100009
9 100009
9 437892614
9 911814037
9 100009
9 316386729
9 100009
9 100009
9 347879025
9 230934846
9 221497662
9 156317924
9 100000009
9 791427612
9 368033509
9 387490472
9 755654549
9 100000009
9 661144369
9 100009
9 697744904
9 910518214
9 712425749
9 639433215
9 10009
9 564784679
9 885236597
9 733991911
9 100000009
9 859678969
9 975582119
9 100000009
9 573645569
9 100000009
9 100000009
9 761402489
9 190794734
9 665118922
9 783465039
9 484584879
9 822589955
9 100009
9 555560419
9 157410629
9 292166447
9 315992689
9 467012923
9 634342229
9 999195123
9 100009
9 980503855
9 150145109
9 100009
9 100009
9 100000009
9 880135019
9 100009
9 876294410
9 10009
9 432496197
9 628896629
9 100009
9 709639318
9 633364739
9 795403026
9 786776109
9 1000009
9 688168859
9 496404234
9 764048916
9 949194153
9 686655329
9 100009
9 137653791
9 100009
9 342556829
9 100000009
9 148889447
9 100009
9 100000009
9 995089447
9 933103115
9 100000009
9 854347639
9 561566719
9 801977157
9 819925535
9 100009
9 505544049
9 100009
9 100009
9 833779492
9 379562854
9 136595293
9 282669136
9 100000009
9 323756894
9 564818629
9 10009
9 638305519
9 307469685
9 100009
9 757725789
9 493516122
9 498497508
9 100009
9 870490417
9 783329186
9 664859990
9 100000009
9 551533809
9 799683953
9 674120779
9 434332296
9 100009
9 131319860
9 912706665
9 100000009
9 100000009
9 153778179
9 972981378
9 100000009
9 610617954
9 100009
9 781332609
9 731650529
9 100009
9 100000009
9 142419323
9 126478489
9 923960496
9 1009
9 850508921
9 327646169
9 566291318
9 967861369
9 100000009
9 856452309
9 276396478
9 490530973
9 100009
9 691297071
9 10009
9 100009
9 424679273
9 810917562
9 721333879
9 100000009
9 100009
9 100009
9 833758039
9 540011279
9 147763239
9 260229615
9 416605259
9 542844490
9 419668847
9 858927510
9 898740643
9 279961211
9 929910560
9 100009
9 337813059
9 10009
9 482539463
9 678701299
9 100009
9 100000009
9 571889093
9 351146369
9 419326691
9 919205088
9 100009
9 100009
9 634980252
9 100009
9 10009
9 625858709
9 968220275
9 100009
9 403189757
9 710592181
9 771995550
9 100009
9 100009
9 100009
9 100000009
9 185194100
9 100009
9 100000009
9 734719041
9 100009
9 100009
9 100673559
9 259800268
9 168994905
9 809124525
9 100009
9 969000867
9 208644679
9 703641859
9 200263439
9 540333696
9 100009
9 100009
9 100000009
9 949191217
9 100000009
9 468033019
9 100000009
9 100009
9 435207049
9 100000009
9 100009
9 100009
9 100009
9 100009
9 100009
9 497796745
9 384014129
9 247929347
9 734549786
9 356413950
9 10009
9 728041089
9 865190476
9 889320419
9 940731647
9 203722139
9 355347819
9 100009
9 100000009
9 515805439
9 230689173
9 195102631
9 408892227
9 100009
9 100009
9 100009
9 804601849
9 100009
9 100009
9 393631103
9 10009
9 895194751
9 610912779
9 378416009
9 100009
9 169929412
9 731642339
9 607411987
9 100000009
9 100000009
9 100009
9 100009
9 100000009
9 218407589
9 100000009
9 544183219
9 484919191
9 702475879
9 220949438
9 750995337
9 392647958
9 136157971
9 100000009
9 810277089
9 100009
9 100009
9 355949958
9 455060649
9 250247069
9 834718679
9 523216629
9 812306379
9 193970268
9 902178067
9 100009
9 499928669
9 155787579
9 10009
9 100009
9 519087850
9 862349449
9 100009
9 100000009
9 100009
9 430549667
9 100009
9 100000009
9 752672079
9 698690598
9 10009
9 372196112
9 100000009
9 905943695
9 379842716
9 597207184
9 551748597
9 518992578
9 10009
9 878763879
9 10009
9 372820849
9 144526109
9 100009
9 350545589
9 100000009
9 622758779
9 919605799
9 994752853
9 728119889
9 214205659
9 100009
9 980513070
9 884640569
9 349693248
9 715545976
9 100009
9 320871598
9 138482489
9 100009
9 493782487
9 575925462
9 102295257
9 471835798
9 864941817
9 100009
9 842395720
9 654769655
9 381879795
9 100009
9 100009
9 1000009
9 100009
9 100000009
9 299163346
9 100009
9 718947118
9 802791493
9 10009
9 623563793
9 362885999
9 100009
9 235439180
9 993240524
9 100009
9 100009
9 100009
9 100000009
9 872433319
9 141042679
9 100009
9 435191923
9 442079068
9 100000009
9 100000009
9 310558179
9 123594823
9 10009
9 775184409
9 100009
9 677179930
9 100000009
9 893924328
9 100009
9 698551931
9 100000009
9 100000009
9 894537332
9 100000009
9 100009
9 100009
9 446704449
9 456624494
9 100009
9 487703509
9 100009
9 100000009
9 165096199
9 100009
9 957656543
9 867854479
9 100009
9 100000009
9 802281249
9 289395900
9 721122259
9 567429759
9 100000009
9 353897879
9 100000009
9 506014209
9 209449163
9 995152259
9 752891994
9 100000009
9 501949561
9 100009
9 100000009
9 100009
9 100000009
9 954119124
9 593235606
9 100009
9 571924238
9 100009
9 100009
9 100009
9 100009
9 100000009
9 335062389
9 146616991
9 494618979
9 466288792
9 100000009
9 940276494
9 100000009
9 100009
9 514550239
9 145799095
9 613540709
9 100009
9 100009
9 506911138
9 100009
9 918019584
9 610139146
9 476944309
9 439628141
9 399254528
9 100009
9 313587879
9 100009
9 224940621
9 100000009
9 100000009
9 917095857
9 114574089
9 908381306
9 629864289
9 994546302
9 928965805
9 710295934
9 1000009
9 607240249
9 487617921
9 261049226
9 939293382
9 100009
9 101563179
9 100000009
9 100009
9 149753980
9 10009
9 508493613
9 100009
9 100009
9 665826359
9 494757585
9 397963823
9 100000009
9 217341069
9 593231133
9 787022889
9 492654752
9 100009
9 160040059
9 100009
9 100009
9 902833336
9 355855959
9 100000009
9 100009
9 412035119
9 562285729
9 100009
9 100009
9 10009
9 10009
9 100009
9 100000009
9 565128149
9 777035961
9 118754309
9 361753229
9 381240289
9 1000009
9 943109082
9 315430819
9 577034729
9 339720233
9 377786569
9 430818798
9 850582559
9 435333859
9 420274239
9 100009
9 100009
9 100000009
9 100009
9 100009
9 100009
9 324223590
9 512554391
9 623704589
9 409857739
9 126673259
9 488109270
9 936310230
9 100009
9 405029261
9 409671572
9 100009
9 624380049
9 321793798
9 677239908
9 915055591
9 100009
9 166137569
9 100009
9 688152139
9 100000009
9 100009
9 810057149
9 278338119
9 100009
9 805316929
9 926149709
9 100009
9 347425925
9 100000009
9 526320932
9 100009
9 112716459
9 100009
9 100009
9 100009
9 329546834
9 100000009
9 100009
9 10009
9 928584339
9 260300690
9 100009
9 100000009
9 550109502
9 162152159
9 164096380
9 572840359
9 753640409
9 417730490
9 100000009
9 169022776
9 53952901
9 847976586
9 951028653
9 100009
9 100009
9 100009
9 238508829
9 100009
9 100009
9 100000009
9 459890823
9 505318809
9 398421548
9 208558449
9 797013390
9 536626629
9 542084659
9 100000009
9 180129257
9 909865861
9 799892896
9 100009
9 100009
9 100009
9 181151379
9 100009
9 618100809
9 328999338
9 269230643
9 611300459
9 100009
9 503214789
9 1000009
9 100000009
9 829516428
9 100009
9 100009
9 720293401
9 387810339
9 100009
9 520127269
9 350717779
9 239850443
9 415002249
9 100000009
9 167939048
9 427132693
9 164439893
9 100009
9 100009
9 787398893
9 100000009
9 884649079
9 100000009
9 247697419
9 604487809
9 100009
9 253783907
9 100009
9 477761349
9 107656409
9 100000009
9 445495947
9 399280302
9 1000009
9 210551219
9 100000009
9 391285546
9 896960339
9 100009
9 349193815
9 100000009
9 100000009
9 100009
9 640391089
9 100000009
9 100009
9 909223318
9 447030963
9 910570025
9 301378839
9 547093976
9 109407382
9 916548452
9 863118859
9 156497308
9 675838209
9 846591554
9 656607239
9 100000009
9 359918006
9 100009
9 100009
9 100009
9 100000009
9 905365572
9 100000009
9 447529781
9 780435914
9 857916597
9 1000009
9 100009
9 100000009
9 100009
9 762049548
9 100009
9 100000009
9 694460118
9 100009
9 408039773
9 361106889
9 578949601
9 581593838
9 289144672
9 745656695
9 100000009
9 573737379
9 161413219
9 100009
9 100000009
9 251784889
9 895109369
9 907906605
9 100009
9 303581599
9 724872649
9 100009
9 909487258
9 533114109
9 312223194
9 947726440
9 1000009
9 743032679
9 100009
9 483737409
9 329460140
9 898409656
9 100009
9 100009
9 358716947
9 576864696
9 447710539
9 885506859
9 903398371
9 113096104
9 595746485
9 617354679
9 876614998
9 10009
9 195742434
9 316411619
9 100000009
9 100009
9 100000009
9 336937835
9 142216729
9 680803789
9 100009
9 10009
9 100000009
9 474116609
9 100009
9 100009
9 641780479
9 716277693
9 213745509
9 100009
9 100009
9 100009
9 304299187
9 893113021
9 153063559
9 100009
9 333658529
9 100009
9 100009
9 228984774
9 201283659
9 981435572
9 100000009
9 550749636
9 541617789
9 803524539
9 100000009
9 279076293
9 100009
9 114369997
9 876340933
9 956875688
9 453582959
9 347735889
9 319167613
9 739666142
9 130029323
9 100009
9 100000009
9 100009
9 12192376
9 902808931
9 649696570
9 10009
9 100009
9 566262239
9 978677150
9 100009
9 523857190
9 381500549
9 514820179
9 100009
9 808262869
9 474148009
9 100009
9 100009
9 801267669
9 872212269
9 100009
9 287643239
9 875127589
9 496136514
9 664146249
9 914004144
9 980976639
9 791278217
9 100009
9 293200088
9 816700239
9 585724129
9 775392498
9 503698146
9 156761595
9 356332079
9 593600292
9 100009
9 100009
9 861485679
9 100009
9 113274559
9 100009
9 393857992
9 716189473
9 287279065
9 100009
9 764797876
9 229646507
9 100009
9 444341049
9 100009
9 641853923
9 350383559
9 976230593
9 812023469
9 482296089
9 531454079
9 100000009
9 100000009
9 716623759
9 414794247
9 100009
9 100000009
9 713581229
9 100009
9 485397875
9 982211925
9 10009
9 255551905
9 871434509
9 100009
9 100009
9 109154020
9 264967579
9 509800742
9 700622209
9 483347459
9 100000009
9 100009
9 174669145
9 816813139
9 333386769
9 915159506
9 100009
9 100000009
9 184882859
9 394243120
9 433740879
9 100009
9 100009
9 10009
9 100009
9 100009
9 612313319
9 969147569
9 530757219
9 186742019
9 995068165
9 100009
9 801113189
9 888930397
9 1000009
9 100000009
9 490787808
9 100009
9 100009
9 1000009
9 100009
9 100009
9 100009
9 982247753
9 10009
9 100009
9 411445089
9 296893257
9 100009
9 100009
9 452150129
9 643622689
9 326297020
9 100009
9 100009
9 383523529
9 100000009
9 100009
9 100009
9 1000009
9 841331009
9 100009
9 869756047
9 298200317
9 425679010
9 516552749
9 113552369
9 100000009
9 571325159
9 327475329
9 819958675
9 229294660
9 160263997
9 100009
9 100009
9 227091347
9 100000009
9 100009
9 100009
9 573190720
9 708489105
9 224741609
9 795774067
9 100009
9 494744324
9 303780569
9 344332579
9 539088276
9 100009
9 696868947
9 461452279
9 932902925
9 119788553
9 285260489
9 935567274
9 507362479
9 736255179
9 289769601
9 296972204
9 757837379
9 597082836
9 100009
9 100009
9 657011849
9 627702239
9 541122049
9 677738329
9 550176912
9 100009
9 100000009
9 514294279
9 452698017
9 123276859
9 910820567
9 342681189
9 877731029
9 635552429
9 100000009
9 100009
9 921013630
9 811605289
9 100009
9 100009
9 100000009
9 100000009
9 100009
9 10009
9 100009
9 100009
9 100009
9 100009
9 100009
9 100000009
9 100000009
9 100000009
9 100009
9 10009
9 100000009
9 100000009
9 181829733
9 900483466
9 100009
9 160534789
9 100000009
9 180221259
9 100009
9 912890293
9 843937797
9 100009
9 625410609
9 100000009
9 100009
9 196734050
9 100000009
9 730223869
9 511640479
9 100000009
9 451127729
9 686529745
9 100000009
9 864848539
9 924831544
9 100009
9 100009
9 550447529
9 312545590
9 100000009
9 932655441
9 100000009
9 10009
9 100000009
9 100009
9 561313039
9 100000009
9 100009
9 145088697
9 157742749
9 459391099
9 602444889
9 100000009
9 514638519
9 227049131
9 100009
9 100000009
9 100000009
9 100000009
9 100009
9 261826329
9 172940842
9 100009
9 100009
9 100009
9 585298232
9 100009
9 242540924
9 100000009
9 100009
9 449682624
9 100009
9 654579282
9 100009
9 100009
9 100000009
9 551239020
9 100009
9 141908535
9 960935404
9 282198154
9 607975068
9 100009
9 562870797
9 134127449
9 892872161
9 100000009
9 100009
9 470928769
9 817272693
9 742495520
9 751263789
9 671377591
9 891945616
9 586391893
9 100009
9 100009
9 600547129
9 641948906
9 100009
9 656393117
9 958088244
9 676328629
9 958544534
9 1000009
9 943220317
9 879339759
9 794407852
9 782347709
9 100009
9 906990566
9 910005296
9 327921458
9 380156069
9 100000009
9 439804702
9 100009
9 100009
9 785995567
9 927420817
9 100000009
9 439569385
9 100009
9 100000009
9 100009
9 794395169
9 100009
9 685229000
9 562032049
9 265115059
9 126501219
9 472786589
9 286979349
9 100009
9 100000009
9 10009
9 350491296
9 821703978
9 100009
9 369115895
9 320872669
9 100009
9 136592515
9 865219121
9 167515869
9 100000009
9 560047809
9 100000009
9 100009
9 100009
9 100000009
9 100000009
9 255383469
9 100009
9 390995417
9 100009
9 100009
9 213813369
9 100009
9 100009
9 100009
9 100009
9 100000009
9 708556119
9 806114904
9 612670419
9 100000009
9 100000009
9 731397293
9 727395384
9 706336789
9 746062059
9 100000009
9 481801549
9 967774012
9 178040119
9 268565109
9 216239878
9 898878763
9 182007389
9 262638569
9 1000009
9 100009
9 571931689
9 724176859
9 100000009
9 346473579
9 100009
9 921575792
9 100009
9 153017639
9 875490605
9 515104598
9 114370239
9 453028769
9 508331980
9 100000009
9 100009
9 652995613
9 974912681
9 885505289
9 847686109
9 10009
9 682849341
9 597129348
9 100009
9 234062569
9 100009
9 714858379
9 100000009
9 465041079
9 395354707
9 100009
9 162672309
9 504496666
9 780335129
9 241166329
9 378900563
9 947444647
9 454537991
9 377993677
9 145315897
9 100000009
9 100000009
9 100009
9 100009
9 201902338
9 100000009
9 757735389
9 604893895
9 835745369
9 228225769
9 100009
9 100009
9 751105931
9 772785639
9 100009
9 100009
9 596715017
9 898628397
9 907141018
9 147394721
9 994877430
9 440113979
9 314815109
9 100000009
9 201851947
9 758552991
9 316772797
9 100009
9 675027279
9 876598396
9 185772039
9 572437669
9 100000009
9 100009
9 100000009
9 100009
9 506058962
9 100009
9 122424909
9 373453129
9 100000009
9 495990772
9 683047329
9 747992597
9 100009
9 323324079
9 977298367
9 925483097
9 100009
9 406258941
9 727944645
9 100009
9 273312019
9 286999717
9 561328689
9 655603629
9 737255519
9 100000009
9 100009
9 100009
9 929651415
9 100000009
9 100009
9 998911508
9 455977333
9 934043717
9 100009
9 908903140
9 962371917
9 245269562
9 990281766
9 275409018
9 521244849
9 428010559
9 905408186
9 833441029
9 409629082
9 990436681
9 552390716
9 100000009
9 113924549
9 296473901
9 100009
9 207358590
9 669762522
9 548030915
9 100009
9 410762149
9 872413889
9 619937281
9 100009
9 258306092
9 100009
9 461883829
9 943665491
9 100009
9 145530459
9 820364249
9 370705449
9 1000009
9 531596042
9 100000009
9 203210589
9 100000009
9 100009
9 100009
9 640514449
9 548900590
9 697671018
9 416668769
9 219470615
9 100009
9 201506539
9 934246716
9 517483039
9 204124109
9 100009
9 118882269
9 200147449
9 100009
9 772137769
9 100009
9 732156439
9 373072159
9 100009
9 100009
9 462001329
9 535017319
9 193546726
9 744055692
9 100009
9 143658689
9 100000009
9 663597538
9 100000009
9 240710459
9 100009
9 454396934
9 1000009
9 656143269
9 100009
9 900055979
9 359319738
9 100000009
9 957060011
9 100009
9 686365459
9 862396801
9 381458539
9 393547930
9 602775779
9 335462319
9 100009
9 415886159
9 100000009
9 886008429
9 438974286
9 100009
9 100009
9 100009
9 100009
9 100000009
9 953436033
9 850580931
9 100009
9 706440339
9 100000009
9 100009
9 100000009
9 100009
9 462352189
9 100009
9 100009
9 100009
9 100009
9 100009
9 309830512
9 232861729
9 196885974
9 286458379
9 662936734
9 277071469
9 843018938
9 187881749
9 785735289
9 985651166
9 100009
9 823755469
9 681437609
9 100009
9 100009
9 100000009
9 585566139
9 250244009
9 100009
9 100000009
9 440129689
9 299626619
9 210977645
9 461377689
9 410722229
9 152805901
9 751102904
9 317556309
9 10009
9 343242569
9 100000009
9 100009
9 197210045
9 969383591
9 257046089
9 397593608
9 777880009
9 122591424
9 587019455
9 870501898
9 498937216
9 100009
9 100009
9 128511909
9 642645692
9 100009
9 990056241
9 148481019
9 1000009
9 100009
9 999987686
9 185456539
9 676811958
9 100009
9 528601993
9 100000009
9 453227379
9 100009
9 811699278
9 234619130
9 100009
9 971099089
9 100009
9 631900216
9 100009
9 497394741
9 877020309
9 100009
9 100000009
9 100009
9 917933574
9 321705829
9 100009
9 100000009
9 915614244
9 100009
9 100000009
9 10009
9 548990352
9 927110672
9 973826843
9 100009
9 228987938
9 325435369
9 100000009
9 100009
9 345422279
9 10009
9 436140679
9 537610789
9 188995930
9 100009
9 10009
9 802896614
9 100009
9 809339385
9 384342952
9 100000009
9 100009
9 100009
9 721165119
9 286727859
9 100009
9 433077459
9 939080231
9 100009
9 401603769
9 929492414
9 885299123
9 100000009
9 997543320
9 1000009
9 100009
9 467263394
9 845359871
9 440896050
9 424188990
9 741705429
9 335647439
9 100009
9 148503409
9 100009
9 272867839
9 366816946
9 100009
9 335618339
9 573852159
9 100009
9 351638069
9 100009
9 822572069
9 701166569
9 352544759
9 100009
9 384555539
9 100009
9 309457512
9 802489480
9 100000009
9 618766759
9 220623429
9 238514279
9 783106739
9 10009
9 100009
9 977274287
9 295439684
9 390991340
9 100009
9 100009
9 327391822
9 100009
9 100009
9 663827629
9 657359684
9 100009
9 518898968
9 493897203
9 100009
9 100000009
9 100009
9 100009
9 176528759
9 600089766
9 100009
9 805941873
9 100009
9 657658819
9 100009
9 100000009
9 729289325
9 375119069
9 311503669
9 446426159
9 100009
9 180766979
9 410320869
9 562039702
9 641368629
9 768944126
9 171048749
9 671292374
9 489818235
9 976662437
9 275342739
9 134794766
9 100009
9 441388059
9 648703579
9 902779089
9 100009
9 100009
9 10009
9 621630449
9 717170819
9 100000009
9 182850998
9 579067908
9 100009
9 921672078
9 855095982
9 100000009
9 202610489
9 290408025
9 829019119
9 100009
9 404052189
9 100009
9 100009
9 590021286
9 967802636
9 455764944
9 100009
9 850547319
9 142992064
9 208731459
9 216661459
9 290861937
9 100009
9 670114859
9 228935939
9 100000009
9 844904462
9 10009
9 100000009
9 100009
9 100009
9 391812162
9 100009
9 428188429
9 628108639
9 100000009
9 343999449
9 958134499
9 952322007
9 598449419
9 242320749
9 735637659
9 100009
9 100009
9 403673649
9 100000009
9 529920646
9 233583489
9 100009
9 112141849
9 146187859
9 551534369
9 100000009
9 691974008
9 641003209
9 100009
9 100000009
9 100009
9 862884659
9 100009
9 118319424
9 100009
9 474953733
9 100009
9 100009
9 578283947
9 752938308
9 943094623
9 455261519
9 100009
9 100009
9 406115469
9 531672491
9 467757219
9 100009
9 477486039
9 106035529
9 478019864
9 100009
9 209226594
9 100000009
9 100009
9 625708409
9 648752579
9 100009
9 586181109
9 553082249
9 100009
9 100009
9 820187169
9 617724329
9 10009
9 10009
9 557925152
9 100000009
9 584130209
9 371975612
9 397122715
9 146077619
9 196370106
9 100009
9 100000009
9 701016469
9 177148927
9 390306447
9 658857549
9 100009
9 100009
9 382427509
9 749706794
9 706359858
9 1000009
9 100009
9 100000009
9 727564889
9 892083672
9 361559680
9 100009
9 100009
9 340042139
9 597621101
9 100009
9 916356853
9 680862729
9 659040986
9 10009
9 238547279
9 503855979
9 915995142
9 370419803
9 670301889
9 663399864
9 138044990
9 564841049
9 358219090
9 983217749
9 118234498
9 100000009
9 100009
9 100009
9 100009
9 500752509
9 208983949
9 145604947
9 666342479
9 310280589
9 515094829
9 892155608
9 295674449
9 100009
9 247949471
9 537633269
9 671535029
9 655129275
9 497003551
9 100009
9 268683869
9 100009
9 100009
9 100000009
9 651214089
9 259522589
9 557633369
9 100009
9 487708509
9 135101129
9 100009
9 100009
9 306997097
9 946022466
9 100000009
9 606443299
9 918533173
9 944659557
9 100009
9 100009
9 100009
9 100009
9 100009
9 100000009
9 100009
9 602804469
9 245317409
9 100000009
9 678382196
9 854229029
9 699164628
9 236984239
9 100009
9 100009
9 261731259
9 100009
9 100009
9 907765950
9 286720759
9 227438719
9 640099862
9 354126129
9 870222489
9 100009
9 100009
9 10009
9 132028539
9 955753128
9 100000009
9 100009
9 100009
9 807654279
9 745485419
9 100009
9 197102366
9 168982826
9 871945364
9 100009
9 100009
9 100000009
9 789134438
9 100009
9 999274957
9 100009
9 384737679
9 100009
9 879808013
9 100000009
9 732594082
9 251610409
9 553720249
9 638391219
9 100009
9 100000009
9 100009
9 179775685
9 596449761
9 100009
9 706283395
9 828661139
9 596360678
9 844171529
9 639135013
9 100009
9 100009
9 100009
9 100009
9 669683803
9 100009
9 10009
9 740152709
9 707579477
9 329080053
9 293252257
9 786575749
9 100009
9 899869001
9 824812769
9 290792454
9 245079117
9 441184619
9 119108175
9 100009
9 100009
9 100000009
9 100009
9 100009
9 100009
9 246642779
9 100009
9 295520997
9 678294748
9 341417619
9 100009
9 496045738
9 555208917
9 10009
9 819134000
9 579712829
9 100009
9 100009
9 154006139
9 100009
9 487488739
9 306695377
9 940245483
9 100000009
9 533951781
9 576464609
9 439335435
9 981741184
9 328487569
9 10009
9 845215094
9 100009
9 100009
9 601997446
9 930078415
9 138387519
9 100000009
9 250189238
9 100000009
9 1000009
9 100009
9 716813149
9 331815379
9 170767559
9 100009
9 10009
9 546954768
9 511856069
9 127796666
9 100009
9 100009
9 711618329
9 273462923
9 100009
9 594951151
9 100000009
9 100009
9 402801059
9 109801394
9 100009
9 796314293
9 107773979
9 478414192
9 100000009
9 100000009
9 660541679
9 352758489
9 100009
9 100009
9 100009
9 640582794
9 593103913
9 100009
9 100009
9 313470139
9 100000009
9 100009
9 100009
9 100009
9 557854049
9 919952644
9 537459749
9 796999362
9 585179838
9 317408379
9 115941644
9 530862879
9 119733958
9 214451439
9 623474952
9 222319325
9 998637374
9 100009
9 70822549
9 390805403
9 625056429
9 762096447
9 829278593
9 228066759
9 100000009
9 787663219
9 100009
9 100009
9 100000009
9 100009
9 976580540
9 100009
9 100009
9 597346879
9 164331549
9 156740269
9 540900179
9 100009
9 100009
9 100009
9 260051069
9 100000009
9 567839327
9 912283109
9 343992916
9 269406774
9 100009
9 100000009
9 100009
9 100009
9 586151249
9 207998458
9 706025395
9 375375469
9 100009
9 393814030
9 254961253
9 216764479
9 100000009
9 495323659
9 100009
9 838236259
9 838269545
9 736292657
9 486471149
9 374480719
9 802781629
9 994796736
9 100009
9 100009
9 100009
9 728452389
9 478347963
9 100009
9 100000009
9 215421449
9 434838209
9 451115596
9 986632460
9 100009
9 525994234
9 100000009
9 829393539
9 667105279
9 970187321
9 100000009
9 932519520
9 215877549
9 10009
9 461040961
9 100009
9 403010297
9 597557271
9 309469852
9 100000009
9 627803879
9 100009
9 840594440
9 846478169
9 573019237
9 149839417
9 358908474
9 100009
9 796290096
9 100009
9 372533169
9 100009
9 100009
9 100009
9 170362397
9 521098336
9 100000009
9 473928342
9 100009
9 985089418
9 981842997
9 100000009
9 440377119
9 803149996
9 566537913
9 10009
9 100009
9 100009
9 103557349
9 573410029
9 100009
9 100009
9 514218749
9 100009
9 887712629
9 100009
9 326620159
9 626840493
9 458631935
9 330992956
9 100009
9 740298892
9 100009
9 371335069
9 398977268
9 100000009
9 100000009
9 781420319
9 938014455
9 315168995
9 879926083
9 100009
9 233292840
9 303762549
9 100009
9 100009
9 570635889
9 100009
9 100009
9 729154199
9 100009
9 221577469
9 100009
9 178006119
9 153870609
9 481477494
9 385616879
9 782712179
9 100009
9 656336339
9 100009
9 100009
9 684464179
9 100009
9 589858885
9 100009
9 165699784
9 491928465
9 601758839
9 617331019
9 326831569
9 100009
9 1000009
9 186315449
9 100009
9 338800129
9 100009
9 666774930
9 100000009
9 439292170
9 100000009
9 100009
9 100009
9 100009
9 540271339
9 10009
9 100009
9 761584079
9 337218289
9 573014649
9 765648694
9 303852839
9 169865333
9 100009
9 100009
9 187666889
9 172168619
9 100000009
9 145148649
9 236401669
9 100009
9 100009
9 100000009
9 305862839
9 286251399
9 628888329
9 136216297
9 322946805
9 935838659
9 536191639
9 100000009
9 100009
9 100009
9 603566679
9 784191263
9 100000009
9 523063695
9 100009
9 100000009
9 100000009
9 100000009
9 625314639
9 417578609
9 100009
9 250451939
9 100000009
9 571908811
9 100009
9 270825579
9 343330309
9 482862179
9 311160029
9 100009
9 10009
9 100000009
9 620120049
9 620549283
9 234216789
9 998684029
9 902805226
9 212778309
9 263659666
9 112501669
9 378756429
9 684802429
9 699496548
9 100009
9 100009
9 100009
9 100009
9 100000009
9 100009
9 100000009
9 986998681
9 11083109
9 377995801
9 100009
9 187404940
9 100009
9 100009
9 166209064
9 100000009
9 100000009
9 100009
9 100009
9 100009
9 100009
9 1000009
9 100009
9 357739419
9 173628309
9 131276639
9 478152209
9 543733927
9 100009
9 100000009
9 668094964
9 859573260
9 112309170
9 954176016
9 100000009
9 800850619
9 288033914
9 100000009
9 293689784
9 100009
9 808770985
9 548490204
9 778726709
9 100000009
9 323459897
9 10009
9 905711841
9 100009
9 100000009
9 100009
9 107919670
9 904657495
9 273484529
9 100009
9 100009
9 633389371
9 100009
9 445956443
9 100009
9 518815829
9 100009
9 100000009
9 100009
9 793803757
9 566139377
9 911695399
9 407815389
9 216789192
9 100009
9 721192999
9 618016539
9 100009
9 970217415
9 100009
9 249075372
9 614351049
9 684204196
9 100009
9 907173457
9 798831697
9 915686560
9 512206569
9 100000009
9 596937939
9 100000009
9 100000009
9 660622941
9 953235286
9 100009
9 100009
9 905620508
9 213702593
9 100009
9 602329291
9 100000009
9 513646789
9 165889522
9 940771405
9 939497348
9 100009
9 100009
9 100009
9 472500193
9 100009
9 925081518
9 229175884
9 100009
9 981152247
9 206233649
9 602043879
9 100009
9 520487189
9 100000009
9 716762859
9 892026477
9 100000009
9 663549531
9 33135982
9 523214179
9 144745389
9 100009
9 878396489
9 388338129
9 100009
9 100009
9 371170559
9 100000009
9 815139333
9 100009
9 403339065
9 131633933
9 835127029
9 10009
9 491622877
9 100009
9 100009
9 610032195
9 561167849
9 960870935
9 293891330
9 735545419
9 881537779
9 1000009
9 315785789
9 448536739
9 476378529
9 951091511
9 259986400
9 100009
9 100009
9 100009
9 100009
9 656478469
9 829388928
9 286602049
9 431251980
9 135348609
9 173694504
9 100009
9 744899125
9 100009
9 579948040
9 100009
9 176790290
9 909348538
9 100009
9 100000009
9 348415980
9 833038819
9 100000009
9 596997830
9 10009
9 100009
9 100009
9 462541869
9 100009
9 754811769
9 100009
9 100009
9 724960160
9 635311988
9 569228399
9 730334509
9 557697595
9 140784529
9 724313339
9 539225943
9 100000009
9 100009
9 100009
9 811144019
9 100000009
9 93763002
9 348149420
9 108236319
9 436810964
9 100009
9 685078973
9 10009
9 983823774
9 100000009
9 100009
9 225882129
9 100000009
9 614768926
9 100009
9 294007722
9 100009
9 712022639
9 374424539
9 862595025
9 100009
9 197616468
9 100009
9 472917777
9 807449186
9 130810709
9 756491283
9 193590407
9 150222159
9 100000009
9 100009
9 991292780
9 100000009
9 10009
9 100000009
9 499871757
9 100009
9 618556209
9 100009
9 888172794
9 100009
9 100009
9 586301189
9 640240129
9 932316561
9 569667893
9 638441391
9 411375529
9 607352029
9 100009
9 126204919
9 100009
9 319396884
9 384993385
9 573080679
9 523297981
9 552969892
9 100009
9 988357711
9 755409438
9 520233639
9 881116279
9 559346866
9 100009
9 898003276
9 110160159
9 10009
9 10009
9 100009
9 574649493
9 100009
9 100009
9 607145549
9 312581579
9 100009
9 600849036
9 708298633
9 943739372
9 100000009
9 250413629
9 694155958
9 498309452
9 468755749
9 171646569
9 693597179
9 567978046
9 100009
9 100009
9 745299909
9 149344652
9 100009
9 973496262
9 831230169
9 100000009
9 697823358
9 561120639
9 100000009
9 841298929
9 666706597
9 100000009
9 100009
9 10009
9 100000009
9 100009
9 652934259
9 818698816
9 100009
9 323810669
9 951919004
9 100009
9 1000009
9 432202339
9 397391839
9 983629572
9 100009
9 100000009
9 636060779
9 100009
9 959433891
9 100009
9 100009
9 100009
9 100000009
9 100009
9 679366589
9 100009
9 874728900
9 100009
9 100009
9 250540419
9 825106049
9 1009
9 14764339
9 897208935
9 671514289
9 467058749
9 100009
9 684146159
9 100009
9 10009
9 630929751
9 100009
9 912726383
9 100009
9 100000009
9 865978972
9 100000009
9 100009
9 580470389
9 556485289
9 815534389
9 756467449
9 557143959
9 885670609
9 970807034
9 817716489
9 799496438
9 1000009
9 404849877
9 100009
9 872492807
9 982709198
9 100000009
9 326067090
9 100009
9 100009
9 280654569
9 937582729
9 100000009
9 100009
9 100009
9 686611179
9 228034149
9 100000009
9 890660437
9 227386729
9 860928372
9 100000009
9 100009
9 965436118
9 597501165
9 363637129
9 100009
9 586119218
9 777518329
9 100009
9 934709779
9 528491476
9 221254859
9 615835759
9 992792369
9 100000009
9 100000009
9 445450149
9 173511619
9 100000009
9 100009
9 838950906
9 609405265
9 100009
9 50742914
9 100009
9 131821196
9 270852199
9 431942706
9 10009
9 100009
9 691733453
9 880238692
9 638507559
9 474377579
9 754429806
9 100009
9 100009
9 860261319
9 100000009
9 613933949
9 291865799
9 555216905
9 391117449
9 100009
9 100009
9 132917833
9 100009
9 629782844
9 223246709
9 527196016
9 834659476
9 860600293
9 100000009
9 657925824
9 102476149
9 100009
9 100009
9 659924945
9 10009
9 392193835
9 100009
9 516844679
9 456727229
9 185051839
9 10009
9 735098522
9 872611539
9 100009
9 100009
9 269535586
9 421718709
9 350628629
9 115851999
9 100009
9 787364419
9 100009
9 100009
9 797619831
9 524994229
9 10009
9 100009
9 100009
9 100000009
9 260761926
9 454028359
9 117611429
9 387270179
9 23745619
9 546191105
9 379854563
9 865266649
9 522429764
9 100009
9 856941782
9 408184079
9 100009
9 603439929
9 934922916
9 646447739
9 393159227
9 493390593
9 963524630
9 426402859
9 954763036
9 100009
9 476693750
9 288462739
9 197572873
9 922608546
9 459580168
9 527703879
9 100000009
9 419535950
9 597139018
9 984129707
9 100009
9 639832753
9 391781609
9 328428729
9 838679554
9 100009
9 259714644
9 206316819
9 823675339
9 700873209
9 771945499
9 503933558
9 542984990
9 317521679
9 314609514
9 10009
9 587730419
9 914355478
9 765836219
9 100000009
9 100009
9 221779913
9 100009
9 829232867
9 642997982
9 145202539
9 1000009
9 174592744
9 454082649
9 115521469
9 912695535
9 546091793
9 613746149
9 127170579
9 607501269
9 198892725
9 282193167
9 571306290
9 889896705
9 100009
9 386402269
9 100000009
9 100009
9 253416329
9 689465867
9 646191183
9 100000009
9 100000009
9 10009
9 674222039
9 569225031
9 100000009
9 699756011
9 100009
9 113725149
9 100009
9 724808259
9 100009
9 277396333
9 913558201
9 100009
9 129296216
9 243435189
9 534732279
9 986249660
9 100009
9 100009
9 989236313
9 502836819
9 484406459
9 100009
9 266507269
9 100009
9 10009
9 100009
9 100000009
9 803878259
9 100009
9 100000009
9 837499252
9 100009
9 503856829
9 100009
9 358167239
9 327980100
9 294010357
9 100000009
9 299445699
9 100009
9 722182389
9 870087169
9 974527796
9 313295888
9 383727039
9 100009
9 100009
9 787223649
9 579426898
9 101602739
9 100009
9 439364272
9 100009
9 100009
9 741296617
9 100009
9 673524379
9 169132543
9 100009
9 261317879
9 100009
9 100009
9 183247719
9 100000009
9 10009
9 879608735
9 341340439
9 100009
9 100009
9 100009
9 10009
9 100009
9 100009
9 505457819
9 100000009
9 852441769
9 100009
9 380868809
9 682931521
9 100009
9 386191899
9 100009
9 601274009
9 689615466
9 100009
9 100009
9 10009
9 100000009
9 437955244
9 208443509
9 100009
9 100000009
9 438643409
9 523718019
9 602520719
9 589779950
9 287885139
9 906912108
9 781219805
9 872005049
9 852985124
9 100009
9 100009
9 444104479
9 640166169
9 164852729
9 277432945
9 100000009
9 436652739
9 337023209
9 100009
9 401345979
9 100000009
9 100000009
9 100009
9 137922169
9 733224139
9 678980148
9 10009
9 100009
9 100009
9 100000009
9 100009
9 100009
9 575238493
9 525605589
9 100009
9 100009
9 295383327
9 820001559
9 100009
9 100009
9 811543965
9 847077049
9 335942395
9 728776319
9 100000009
9 100000009
9 100009
9 710043529
9 675022089
9 259994687
9 927995454
9 100009
9 100000009
9 100009
9 158378229
9 587245079
9 377713219
9 100000009
9 677006197
9 869311107
9 382567179
9 148572579
9 796902562
9 100009
9 814777409
9 420311229
9 429586435
9 100000009
9 100009
9 907995092
9 339958762
9 100009
9 310416789
9 965961454
9 100009
9 100009
9 507871988
9 210986842
9 100009
9 100009
9 937540642
9 934725250
9 100009
9 264224879
9 839004956
9 100000009
9 100000009
9 100009
9 100009
9 668186349
9 100000009
9 531112409
9 100009
9 686969273
9 100009
9 100009
9 341252639
9 491878780
9 572682905
9 132657239
9 100009
9 1000009
9 100009
9 100009
9 923271724
9 100009
9 100009
9 100009
9 141898347
9 10009
9 100009
9 989724342
9 286499900
9 948493682
9 100009
9 658982875
9 496762799
9 621837439
9 680207977
9 100000009
9 100009
9 658665994
9 892616724
9 432618679
9 100009
9 10009
9 809406107
9 100000009
9 562015796
9 213885509
9 301418269
9 100009
9 292058579
9 100009
9 523463019
9 629344419
9 689661347
9 587663898
9 100009
9 673532509
9 667780469
9 100009
9 152731529
9 927188103
9 510675439
9 1009
9 100009
9 100009
9 113919595
9 675912779
9 100009
9 100009
9 437177259
9 150801559
9 190675919
9 302131129
9 424420997
9 953517357
9 100009
9 450512839
9 100009
9 814835925
9 100009
9 876221924
9 100009
9 100009
9 100009
9 323577809
9 931878244
9 892202508
9 100009
9 100009
9 100009
9 322384289
9 507142759
9 100000009
9 226171479
9 100009
9 100009
9 287807079
9 422737409
9 100009
9 173583966
9 100009
9 468410629
9 291949734
9 728524719
9 100009
9 699616076
9 559882664
9 684580669
9 855392197
9 582729571
9 100009
9 100000009
9 489605993
9 100009
9 815881269
9 293821896
9 208766659
9 358724329
9 100009
9 100009
9 942054039
9 242785609
9 100000009
9 305413229
9 284984829
9 245316869
9 134041894
9 690645331
9 624834970
9 864101169
9 360964937
9 999035921
9 883960126
9 64610319
9 100000009
9 107141982
9 100009
9 974552437
9 100009
9 100009
9 919296950
9 100000009
9 854666789
9 100009
9 157506829
9 954181807
9 362324149
9 932514760
9 175644649
9 100009
9 977997804
9 330483239
9 100009
9 661496179
9 390767745
9 100009
9 141584639
9 1000009
9 100009
9 891326420
9 281508119
9 100000009
9 854272719
9 100009
9 100000009
9 100009
9 508115395
9 100000009
9 311970712
9 914316262
9 523965050
9 300059804
9 858383119
9 100009
9 558028479
9 100009
9 100000009
9 726918239
9 996724916
9 100009
9 618010629
9 100009
9 100000009
9 100000009
9 100009
9 141829037
9 100009
9 100009
9 100000009
9 100000009
9 100009
9 100009
9 100000009
9 925160903
9 100009
9 100009
9 100000009
9 235421769
9 538152319
9 285470479
9 415692670
9 734712189
9 100000009
9 391447232
9 100009
9 730064296
9 741002149
9 305612679
9 515373779
9 100009
9 565408917
9 897004248
9 344906432
9 992659262
9 100000009
9 208666759
9 614357974
9 100009
9 451248929
9 100009
9 647847319
9 529657718
9 100000009
9 400550369
9 100009
9 306556709
9 100000009
9 187515892
9 100000009
9 352565379
9 100009
9 10009
9 416330809
9 647560759
9 417899397
9 968578627
9 972746540
9 100009
9 100009
9 530414539
9 560637629
9 100009
9 100009
9 984251768
9 986131726
9 100009
9 100009
9 100000009
9 514299343
9 821555489
9 100009
9 614166559
9 100009
9 965447626
9 346366579
9 100009
9 402952779
9 971697004
9 100009
9 10009
9 433409735
9 10009
9 100009
9 100009
9 594338411
9 886316297
9 810960286
9 100009
9 334521819
9 185407997
9 740028869
9 100009
9 595194706
9 100009
9 581960249
9 893339286
9 100009
9 100009
9 682393645
9 100000009
9 100009
9 319343188
9 100009
9 100009
9 939208896
9 729242692
9 620075269
9 355547839
9 100009
9 100009
9 750736779
9 100000009
9 292940684
9 100009
9 100009
9 100009
9 482522449
9 116729197
9 100009
9 640886189
9 333789123
9 941524487
9 100009
9 100000009
9 589483867
9 458506659
9 100009
9 434176449
9 100009
9 943584216
9 429394502
9 100009
9 100000009
9 100009
9 153475059
9 200814709
9 861595965
9 100009
9 578357369
9 100009
9 122078859
9 873950889
9 288410619
9 100000009
9 386531109
9 460943416
9 509277873
9 100009
9 543266569
9 100009
9 616887349
9 874654159
9 100009
9 100009
9 629487910
9 561056429
9 100000009
9 100009
9 107487989
9 491623673
9 100009
9 100009
9 492857210
9 100009
9 105558849
9 610918711
9 100000009
9 10009
9 192735174
9 100009
9 668368709
9 100000009
9 744483197
9 100009
9 411284990
9 100009
9 568945750
9 633755519
9 584300849
9 850193550
9 100000009
9 870355119
9 998123260
9 100009
9 203046933
9 304461589
9 227679064
9 100009
9 581440139
9 108143439
9 100000009
9 593739431
9 100009
9 414204119
9 100009
9 678630339
9 282332429
9 449202471
9 100009
9 139910316
9 264062951
9 276906315
9 291024462
9 100000009
9 983955720
9 100000009
9 601694426
9 100009
9 706270963
9 210793757
9 100009
9 100009
9 100009
9 100000009
9 100009
9 131644960
9 189638135
9 1009
9 100000009
9 100009
9 983372294
9 100000009
9 100009
9 100009
9 100000009
9 221342559
9 100009
9 148941296
9 195821522
9 659901416
9 100009
9 209432455
9 398947839
9 501334229
9 100009
9 100009
9 214731849
9 686477962
9 100009
9 100009
9 924845485
9 170236059
9 100009
9 517266988
9 100009
9 798976249
9 530326709
9 144358089
9 101965062
9 871058799
9 100009
9 539690076
9 100000009
9 499668956
9 513342129
9 401216924
9 591553197
9 996268434
9 487832309
9 995389209
9 514550149
9 10009
9 100009
9 100009
9 100009
9 648509359
9 100000009
9 707880916
9 100009
9 541402639
9 622015089
9 957121760
9 100009
9 10009
9 264865439
9 684908864
9 883111539
9 100009
9 990830841
9 767340359
9 279140332
9 176485439
9 290786907
9 100009
9 300540349
9 582139479
9 466899168
9 603544019
9 517032894
9 790502180
9 100000009
9 100009
9 474078369
9 218550579
9 100000009
9 100000009
9 100009
9 100009
9 100009
9 163627079
9 341924330
9 835664659
9 100009
9 100000009
9 100009
9 678719188
9 100009
9 10009
9 100009
9 100009
9 510976667
9 100009
9 100009
9 100000009
9 502713197
9 347580449
9 883334196
9 412922883
9 634590805
9 793757665
9 100009
9 508673749
9 970648818
9 930201193
9 10009
9 240574879
9 100009
9 561253829
9 100009
9 703724509
9 687061940
9 361550889
9 100000009
9 951441001
9 997707780
9 100009
9 10009
9 936703863
9 169614255
9 736814922
9 874286509
9 465604985
9 100009
9 386136009
9 10009
9 762129032
9 634677539
9 100009
9 788917805
9 10009
9 835843159
9 100000009
9 638437679
9 788919415
9 100000009
9 556714779
9 100009
9 100000009
9 100000009
9 390669771
9 283064988
9 710274869
9 234338709
9 100000009
9 249170405
9 100009
9 137963558
9 974572587
9 455212719
9 100000009
9 403088829
9 493281877
9 100009
9 100009
9 100009
9 870978901
9 100009
9 571386229
9 10009
9 247651089
9 100009
9 100009
9 100009
9 100000009
9 100009
9 862020619
9 690481930
9 236889554
9 774409537
9 100009
9 583128394
9 100009
9 546617289
9 218811859
9 196352270
9 721615519
9 100009
9 100009
9 432492891
9 100000009
9 410825179
9 261624549
9 882050179
9 100000009
9 437447849
9 100009
9 699682292
9 10009
9 980152840
9 100009
9 997682718
9 765897188
9 666661569
9 100009
9 252490108
9 886103139
9 607442369
9 100000009
9 793100853
9 920024809
9 466407639
9 100009
9 187508609
9 674172559
9 210147119
9 100009
9 131137449
9 517072779
9 823990425
9 10009
9 875563039
9 495377688
9 100009
9 812857429
9 337474994
9 100009
9 778376709
9 100009
9 727694941
9 288575579
9 700995778
9 100009
9 830671109
9 370787109
9 977746243
9 100000009
9 100009
9 100000009
9 100009
9 100009
9 482875196
9 100009
9 918494861
9 212287709
9 143369435
9 100009
9 249841294
9 593681834
9 100009
9 100009
9 100000009
9 100009
9 100000009
9 100009
9 100009
9 426007029
9 466567819
9 856883009
9 347836179
9 247935723
9 584862139
9 100009
9 100009
9 522159345
9 653159162
9 839145312
9 100000009
9 163300349
9 388997843
9 184874519
9 100009
9 269051204
9 100009
9 100009
9 100009
9 702866029
9 873333029
9 100000009
9 580343509
9 690759931
9 10009
9 100009
9 360149708
9 100000009
9 100009
9 100000009
9 100000009
9 712757759
9 471603971
9 100000009
9 895484957
9 397207780
9 496942484
9 10009
9 644242908
9 622523339
9 834068369
9 100000009
9 995648741
9 672483974
9 758244139
9 100009
9 974411828
9 910637028
9 991413254
9 100000009
9 909441273
9 834647239
9 100009
9 100009
9 473095000
9 348996047
9 691138556
9 100009
9 383141609
9 910451316
9 100009
9 531014596
9 479372791
9 332474069
9 782484439
9 971986124
9 100009
9 100000009
9 150157059
9 100009
9 100009
9 534174984
9 490849272
9 10009
9 100009
9 104845739
9 100009
9 100009
9 100000009
9 100009
9 100009
9 618979039
9 100009
9 118388594
9 100009
9 100009
9 354810669
9 100009
9 691774983
9 344752839
9 366723669
9 100000009
9 100009
9 420227229
9 991584013
9 100009
9 100000009
9 490161016
9 10009
9 524953995
9 100000009
9 100000009
9 100009
9 193513963
9 100000009
9 100009
9 100009
9 100009
9 100009
9 917221689
9 100000009
9 699191197
9 100000009
9 100009
9 389878454
9 688888409
9 276117849
9 10009
9 788596814
9 100009
9 200582893
9 259197480
9 100009
9 117249945
9 100009
9 339057270
9 403744009
9 100009
9 100000009
9 575474469
9 879798417
9 100009
9 233898526
9 149460535
9 668667009
9 529388655
9 506396495
9 100009
9 100009
9 687064859
9 718352339
9 494827193
9 774746439
9 100000009
9 100009
9 100009
9 515148194
9 100009
9 397011746
9 773078219
9 100000009
9 834088689
9 187100319
9 892836454
9 100009
9 100009
9 313376339
9 100009
9 100009
9 767109836
9 509670428
9 100009
9 774346459
9 846151139
9 100009
9 100009
9 100000009
9 100009
9 100009
9 945016313
9 383409768
9 100009
9 10009
9 426297669
9 974358461
9 151380119
9 100009
9 896027352
9 607957486
9 100009
9 400856649
9 969335331
9 100009
9 100009
9 336002439
9 141753719
9 764213559
9 823490624
9 100009
9 100009
9 755357359
9 780137409
9 506276299
9 281549430
9 100009
9 100000009
9 869779394
9 924158274
9 100009
9 551974532
9 711712749
9 338597306
9 165817479
9 560916663
9 736746229
9 321750579
9 100009
9 836857379
9 300063498
9 363812359
9 201169980
9 100009
9 100009
9 546938420
9 577130889
9 100009
9 578642519
9 100009
9 100000009
9 988430790
9 996598647
9 171377409
9 563656429
9 100009
9 890479145
9 10009
9 674736429
9 930453776
9 100009
9 100000009
9 100009
9 435686099
9 819207590
9 643806489
9 210824819
9 555807179
9 613507719
9 100009
9 233730389
9 705891350
9 231286539
9 174525950
9 100009
9 791880630
9 948715617
9 468932562
9 100009
9 23994323
9 100009
9 232562859
9 133648109
9 100009
9 100000009
9 100009
9 100009
9 266301917
9 904727004
9 560682569
9 320084179
9 100009
9 100009
9 519648562
9 100009
9 10009
9 157876489
9 100009
9 582636659
9 389732604
9 169137100
9 100009
9 100000009
9 714619129
9 100000009
9 100009
9 762401459
9 100009
9 100009
9 220859112
9 715045059
9 580609429
9 100000009
9 100000009
9 100009
9 100009
9 976732101
9 211390056
9 100009
9 100000009
9 291467525
9 798760479
9 265458469
9 100009
9 100009
9 528166759
9 734043749
9 100000009
9 256836619
9 262628539
9 1000009
9 446312329
9 310642579
9 100009
9 100009
9 359660412
9 934979334
9 223761279
9 100009
9 305266719
9 100000009
9 230274809
9 908426625
9 100009
9 100000009
9 100009
9 100009
9 100009
9 100009
9 233671579
9 702761209
9 448942707
9 524720069
9 689579068
9 100000009
9 319995687
9 388286966
9 633030339
9 100009
9 100009
9 432802059
9 100000009
9 100009
9 100009
9 674583169
9 122158249
9 735418779
9 100009
9 206444889
9 270850239
9 955367007
9 100000009
9 110522709
9 521858209
9 100009
9 273350049
9 100009
9 100009
9 100000009
9 100000009
9 685758949
9 490953212
9 297560921
9 100009
9 966960754
9 100009
9 178375849
9 100009
9 100009
9 865604179
9 593691648
9 393930024
9 100009
9 100009
9 263214489
9 625875193
9 832009847
9 100009
9 873418359
9 100009
9 226638519
9 177923175
9 100000009
9 994500129
9 10009
9 660239506
9 326046779
9 411991492
9 100009
9 658786589
9 100009
9 514346549
9 229842961
9 237560389
9 446182589
9 301228439
9 616610539
9 100009
9 744037059
9 188981135
9 100009
9 434195110
9 417379490
9 100009
9 100000009
9 215435149
9 836967977
9 100009
9 100009
9 420283977
9 271873679
9 100009
9 100009
9 449647458
9 422539441
9 100000009
9 100009
9 959481464
9 926447790
9 714606941
9 100009
9 919004251
9 913986711
9 747446295
9 10009
9 100009
9 100009
9 140135089
9 149634710
9 856180972
9 394857534
9 100009
9 110582719
9 100009
9 652762049
9 100009
9 100009
9 100009
9 135288639
9 100000009
9 100000009
9 100000009
9 100009
9 220093814
9 10009
9 100009
9 513039515
9 979564150
9 100009
9 100009
9 100009
9 100000009
9 197661482
9 799109636
9 627241539
9 100009
9 100009
9 614527459
9 100000009
9 550974554
9 100009
9 100009
9 110936143
9 570165729
9 100009
9 682230239
9 100009
9 339375022
9 737022369
9 369373798
9 100009
9 100000009
9 638802589
9 100009
9 105746839
9 762047159
9 778991918
9 704606949
9 661371229
9 307753649
9 425644859
9 120084009
9 534097989
9 10009
9 253345149
9 295124315
9 388172359
9 282229740
9 100009
9 100000009
9 653153329
9 395126636
9 100009
9 310262029
9 284801879
9 775105931
9 100009
9 100009
9 100009
9 100009
9 809799944
9 100000009
9 312254749
9 944832265
9 870654179
9 191707206
9 10009
9 100009
9 100009
9 829401142
9 238369704
9 100009
9 531352963
9 310988240
9 995796370
9 100000009
9 804917708
9 189064374
9 555522319
9 100000009
9 940637606
9 100000009
9 1009
9 100000009
9 100009
9 100009
9 100009
9 987571517
9 100009
9 100009
9 100009
9 257208369
9 100009
9 934462090
9 100009
9 294480832
9 100009
9 578144209
9 10009
9 100009
9 501972785
9 512930887
9 659871578
9 771449792
9 100009
9 100009
9 100009
9 791591034
9 794339848
9 487970766
9 100009
9 165983612
9 521518039
9 433103689
9 100000009
9 303613169
9 100009
9 151692180
9 585329417
9 720392343
9 100009
9 802949555
9 190409363
9 689971329
9 758991976
9 100009
9 638458089
9 815257049
9 828403329
9 882373259
9 100000009
9 100000009
9 10009
9 100000009
9 100009
9 100009
9 100009
9 304928718
9 100009
9 354687958
9 677028249
9 447620955
9 100009
9 263639098
9 100000009
9 258845549
9 100009
9 187368913
9 450436937
9 939089077
9 530165993
9 100000009
9 175657329
9 571841079
9 146704159
9 430268079
9 100000009
9 100009
9 100000009
9 1000009
9 100009
9 100009
9 441941793
9 429667300
9 905975612
9 100009
9 604563249
9 493123654
9 999404073
9 486700319
9 100009
9 320516196
9 487397262
9 713509963
9 326477389
9 739645819
9 463529284
9 100000009
9 100009
9 802531339
9 884679970
9 974566761
9 100009
9 962028959
9 100009
9 261068919
9 622042289
9 100009
9 339342791
9 816817649
9 448138393
9 155096218
9 935152272
9 100009
9 962373065
9 396269427
9 155298240
9 237822249
9 941374753
9 604791972
9 558409210
9 100000009
9 306900646
9 100000009
9 10009
9 100009
9 638187089
9 100009
9 100009
9 491339775
9 637824967
9 515001339
9 100009
9 689594774
9 776068259
9 100009
9 361143098
9 100009
9 100000009
9 628389590
9 100009
9 833136839
9 100000009
9 100000009
9 100009
9 100009
9 946429317
9 737449856
9 193524877
9 403826349
9 100000009
9 957167965
9 728699092
9 100009
9 463761619
9 501315489
9 796156716
9 100000009
9 959253444
9 100000009
9 965536997
9 100009
9 100009
9 688028719
9 948797942
9 10009
9 100009
9 308520679
9 719939351
9 100009
9 100000009
9 710798855
9 100009
9 100009
9 100009
9 304750169
9 429820398
9 10009
9 958069148
9 100009
9 758224359
9 217778469
9 438119356
9 290067975
9 10000009
9 100000009
9 523914734
9 100009
9 961991516
9 802231349
9 10009
9 100009
9 10009
9 229004141
9 230675379
9 101329002
9 502905554
9 296074997
9 100009
9 430995668
9 392435763
9 373211329
9 100009
9 100009
9 100009
9 100009
9 878732029
9 545904210
9 513047209
9 478033769
9 994819383
9 810078739
9 889162957
9 491453930
9 722764629
9 811687399
9 806064190
9 561266809
9 100009
9 774818659
9 604072409
9 473533229
9 524521029
9 866729001
9 10009
9 69326904
9 868324379
9 100009
9 520053960
9 380737429
9 938358495
9 762035498
9 739748613
9 210539453
9 332107209
9 100009
9 530403793
9 567726956
9 510587749
9 100009
9 111583195
9 100009
9 312700339
9 100009
9 100009
9 364551489
9 783997042
9 240441189
9 100009
9 654468489
9 436465259
9 100009
9 100009
9 591557241
9 277828339
9 457042902
9 100000009
9 977853091
9 100000009
9 100009
9 829469466
9 544979554
9 100009
9 594338030
9 100000009
9 987306299
9 10009
9 100009
9 691863092
9 216190731
9 580115509
9 254013829
9 368368958
9 662965015
9 703431359
9 100000009
9 100009
9 100009
9 100000009
9 991998537
9 100000009
9 10009
9 100009
9 100009
9 289589840
9 538775589
9 193272766
9 644147179
9 999434663
9 100000009
9 100009
9 378725219
9 451875194
9 100009
9 773609418
9 130402849
9 397491547
9 100000009
9 726141449
9 650431709
9 112048779
9 799317012
9 100000009
9 100000009
9 266219759
9 100009
9 100000009
9 707820849
9 768166259
9 100009
9 789479753
9 100009
9 146105912
9 699612430
9 604232982
9 742155902
9 782317889
9 100009
9 100009
9 100000009
9 695786034
9 439658816
9 774309933
9 775496703
9 100009
9 932605632
9 100009
9 10009
9 129832056
9 100009
9 100000009
9 100009
9 10009
9 732658889
9 326089901
9 100009
9 100009
9 815398045
9 100009
9 100009
9 220614349
9 782346149
9 100000009
9 855671249
9 100009
9 100009
9 804099346
9 100009
9 100000009
9 159850200
9 100009
9 575854910
9 100009
9 424252659
9 100009
9 883611269
9 260542903
9 582859180
9 936554931
9 908609213
9 100009
9 100009
9 100009
9 1000009
9 986677011
9 709066344
9 950262491
9 545470094
9 176281925
9 828770469
9 321940950
9 186991078
9 100009
9 601449563
9 122937562
9 100009
9 100009
9 100009
9 100000009
9 254915024
9 765212349
9 978078448
9 10009
9 100000009
9 100009
9 100009
9 806891435
9 654471749
9 915340374
9 10009
9 100009
9 773200239
9 658931042
9 100000009
9 100009
9 481201569
9 100009
9 639924597
9 10009
9 100009
9 100009
9 594745407
9 100000009
9 197917122
9 100009
9 100000009
9 352878892
9 431292852
9 246056769
9 373915878
9 808266869
9 100009
9 336218709
9 876348859
9 100009
9 489154356
9 576325359
9 100009
9 933604216
9 202559111
9 422165559
9 100009
9 905966020
9 871675239
9 379424512
9 584025669
9 100009
9 958826868
9 100009
9 100000009
9 100009
9 100000009
9 141949220
9 708697404
9 100009
9 766987992
9 704115469
9 100009
9 100000009
9 960086568
9 730789998
9 182288129
9 100009
9 846441569
9 100009
9 100009
9 100009
9 471006759
9 820966482
9 793017415
9 779915474
9 881963879
9 10009
9 900119536
9 676282149
9 100000009
9 100009
9 559751920
9 10009
9 937898439
9 397523120
9 10009
9 133586169
9 100009
9 433445879
9 100009
9 356294415
9 100009
9 203081269
9 207845549
9 100009
9 299717536
9 646861409
9 100009
9 417270019
9 634217389
9 980435341
9 405791528
9 437602319
9 911883647
9 100009
9 10009
9 544347489
9 370871339
9 100009
9 100009
9 100009
9 195437215
9 329213019
9 100009
9 10009
9 100009
9 784239303
9 100000009
9 244253669
9 113335934
9 100009
9 100009
9 100009
9 362345069
9 551629790
9 671473669
9 127535419
9 480708895
9 635485019
9 114318159
9 100009
9 100009
9 100009
9 100009
9 502060389
9 1000009
9 408914045
9 605840419
9 391870609
9 827196531
9 100009
9 100000009
9 668947554
9 641990303
9 614031529
9 100009
9 100009
9 100000009
9 995739307
9 403672249
9 629202425
9 906762345
9 150123849
9 893764532
9 10009
9 953332218
9 162286579
9 956066721
9 824790548
9 784214119
9 342351974
9 611365369
9 711169507
9 590951302
9 395787403
9 792294002
9 100000009
9 457740559
9 100000009
9 281230689
9 100009
9 597099651
9 100009
9 10009
9 100009
9 429741890
9 228154009
9 841489980
9 715207209
9 100009
9 100009
9 100009
9 252842849
9 784963164
9 497496984
9 761483209
9 100009
9 127160859
9 626539223
9 957297053
9 147046099
9 627246669
9 100000009
9 911075010
9 100009
9 100009
9 277090616
9 100009
9 10009
9 733657369
9 100009
9 233418229
9 405961141
9 590306978
9 697467899
9 643636697
9 203129628
9 416704009
9 100009
9 100000009
9 100009
9 10009
9 100009
9 100000009
9 100000009
9 984494203
9 561489155
9 959977106
9 100009
9 316391452
9 100009
9 100000009
9 610953143
9 100000009
9 10009
9 100009
9 10009
9 317443690
9 662795656
9 100000009
9 450098128
9 212575029
9 973274950
9 416098723
9 100009
9 100009
9 745298726
9 100009
9 100009
9 318743769
9 113482229
9 100009
9 250999788
9 100000009
9 298620643
9 100009
9 550015009
9 100009
9 544435379
9 100009
9 100000009
9 858835349
9 100009
9 615532196
9 1000009
9 802946213
9 924872565
9 860471709
9 100000009
9 806214973
9 231402859
9 332372259
9 434413968
9 494604051
9 345001749
9 834810029
9 100009
9 673714269
9 625182319
9 1000009
9 10009
9 210006649
9 770048089
9 291201598
9 324322729
9 733970452
9 100000009
9 456072319
9 100009
9 100000009
9 100000009
9 258053079
9 100009
9 648329389
9 100009
9 100000009
9 251132089
9 100000009
9 823656119
9 100009
9 671546539
9 100009
9 100009
9 121472189
9 100000009
9 100009
9 100000009
9 100000009
9 100009
9 179445025
9 126293355
9 10009
9 100009
9 333646349
9 380390835
9 159315033
9 603301079
9 596662614
9 745337109
9 601766539
9 242324939
9 100009
9 599852221
9 100000009
9 859097195
9 357868598
9 503172159
9 100000009
9 148248309
9 100009
9 731612329
9 933453711
9 320135295
9 715831179
9 503868439
9 100009
9 134959036
9 100000009
9 409494025
9 100009
9 100009
9 100009
9 611505179
9 100009
9 10009
9 100009
9 906774157
9 100000009
9 734525039
9 637973040
9 100009
9 791421870
9 465331049
9 844249173
9 100009
9 193976112
9 100000009
9 696355632
9 602368859
9 100009
9 914413203
9 146771469
9 659324817
9 204622659
9 100009
9 147609591
9 721208659
9 992668968
9 100009
9 387754589
9 121858943
9 100009
9 100009
9 490914291
9 100000009
9 100000009
9 100009
9 573249572
9 10009
9 470545479
9 100009
9 100009
9 334925478
9 597088656
9 287400913
9 100000009
9 420120109
9 594550164
9 100009
9 100009
9 798152134
9 676525479
9 10009
9 666551379
9 633379699
9 142715729
9 860302893
9 130316129
9 785032779
9 609069526
9 391702819
9 165029461
9 326107579
9 891515566
9 1009
9 100000009
9 336990848
9 973353429
9 295255384
9 100009
9 382997105
9 890024402
9 100000009
9 177191570
9 766295026
9 100009
9 382122139
9 387083901
9 983352090
9 787503429
9 10009
9 100009
9 100000009
9 189016102
9 100009
9 780038849
9 100009
9 100009
9 601926823
9 718105829
9 100009
9 485939565
9 885498376
9 100000009
9 223006689
9 725813494
9 100000009
9 855739842
9 10009
9 495632693
9 100009
9 377405039
9 100009
9 100009
9 100009
9 100000009
9 387170849
9 336331069
9 950521165
9 100009
9 919681624
9 330173349
9 207086839
9 260966660
9 328668679
9 810033926
9 746312529
9 100009
9 100000009
9 100009
9 901116604
9 100009
9 127852689
9 207109312
9 100000009
9 676117969
9 611261149
9 827592238
9 350932378
9 869327665
9 100009
9 533795896
9 100000009
9 100009
9 964874147
9 100000009
9 100009
9 100009
9 822712359
9 986229840
9 100009
9 285576489
9 100009
9 743397818
9 300457549
9 1000009
9 127200769
9 100009
9 100000009
9 10009
9 529894929
9 100009
9 100009
9 495591198
9 483117189
9 100009
9 100009
9 1000009
9 262851495
9 945972890
9 239728002
9 100009
9 100000009
9 100009
9 100000009
9 428437549
9 100009
9 100009
9 100009
9 100009
9 100009
9 548430932
9 100009
9 100009
9 862792493
9 100000009
9 951014357
9 914028952
9 980525762
9 300620519
9 100009
9 100000009
9 378041409
9 100009
9 330891756
9 100009
9 827730279
9 100009
9 920652540
9 100009
9 958787529
9 303514339
9 1000009
9 847923388
9 100009
9 845052059
9 100009
9 501862759
9 100009
9 100009
9 100000009
9 100009
9 100009
9 750263729
9 100009
9 523631029
9 654113359
9 227047379
9 342996084
9 960112030
9 100000009
9 100009
9 100000009
9 10009
9 100009
9 100009
9 880779138
9 193805701
9 321766649
9 313407979
9 586282779
9 658622809
9 100009
9 636038479
9 363979563
9 943984005
9 908122082
9 100009
9 624154949
9 377536539
9 100009
9 100009
9 100009
9 659044844
9 879155265
9 100000009
9 569647267
9 500170679
9 100009
9 100000009
9 100009
9 100009
9 100009
9 577667049
9 615608639
9 905333613
9 432914724
9 141303739
9 533036059
9 100009
9 323383189
9 332246599
9 100009
9 240951126
9 100009
9 874555139
9 707472629
9 457615539
9 785155954
9 100009
9 798070217
9 794856434
9 824835609
9 784763693
9 282668009
9 772383997
9 100000009
9 972684885
9 580537369
9 388722509
9 364730179
9 236302349
9 341279008
9 686263029
9 100009
9 100000009
9 790692975
9 748810849
9 818844219
9 128835719
9 100009
9 796245365
9 535319739
9 890602247
9 100009
9 100009
9 383791431
9 10009
9 477288539
9 974342049
9 100000009
9 100009
9 776679567
9 342605619
9 172059359
9 773511129
9 100009
9 100000009
9 100009
9 100009
9 100009
9 693495710
9 679016402
9 100000009
9 100009
9 100009
9 793280950
9 100009
9 267291251
9 100009
9 100009
9 573717909
9 554098351
9 100009
9 686042932
9 480150940
9 184008279
9 100009
9 104358089
9 341733913
9 100009
9 912738363
9 503068629
9 463416439
9 887887179
9 337694507
9 100009
9 100009
9 647356449
9 100000009
9 100000009
9 100009
9 100000009
9 100009
9 100000009
9 490078579
9 285875739
9 100009
9 100000009
9 966564443
9 994201201
9 222424897
9 100009
9 100000009
9 569101230
9 100000009
9 100009
9 388158209
9 100000009
9 118210079
9 108925335
9 329685973
9 100009
9 427344319
9 100009
9 388644109
9 100009
9 993503323
9 100009
9 100000009
9 100000009
9 980200630
9 100009
9 727102529
9 397490557
9 245158489
9 478760009
9 567718309
9 100000009
9 180852029
9 100009
9 460261589
9 727342289
9 100009
9 100009
9 100009
9 371726976
9 761582249
9 475450976
9 512076579
9 499543981
9 62951128
9 761941747
9 961862208
9 830733589
9 100009
9 856521209
9 100000009
9 603037769
9 100009
9 411717769
9 100009
9 612359938
9 946232426
9 10009
9 583070379
9 100009
9 100009
9 847276139
9 585251819
9 678310309
9 146260589
9 100009
9 10009
9 909784883
9 100009
9 100000009
9 991381499
9 100000009
9 100009
9 195125769
9 100009
9 291487946
9 100009
9 946259798
9 100000009
9 289834418
9 100009
9 100009
9 600859060
9 292461642
9 470901709
9 100009
9 874550689
9 338536679
9 100009
9 100009
9 534827029
9 668601169
9 513488999
9 192665420
9 103945071
9 100000009
9 179230035
9 100000009
9 1000009
9 455566649
9 100009
9 428252789
9 889809040
9 761189989
9 100000009
9 857616895
9 230696801
9 951523711
9 483377029
9 100009
9 10009
9 100009
9 135561489
9 994416571
9 283730309
9 964996268
9 126834293
9 100009
9 100000009
9 854608389
9 100009
9 100000009
9 576407995
9 808807409
9 992588066
9 564991426
9 228189372
9 559892911
9 103709761
9 507696034
9 957914147
9 109247431
9 397399126
9 989082564
9 263823809
9 976657591
9 426956974
9 100000009
9 491654309
9 100009
9 778843749
9 376027209
9 100000009
9 590736693
9 600100791
9 666192680
9 785396562
9 100009
9 994693636
9 461123129
9 613923326
9 100000009
9 559645748
9 678333894
9 615143469
9 761190554
9 100009
9 976907741
9 100000009
9 100000009
9 867140889
9 100009
9 100009
9 100000009
9 267701629
9 400612639
9 437005139
9 100009
9 835722954
9 224701069
9 100009
9 857893707
9 729737561
9 100009
9 100009
9 442715509
9 100009
9 281734982
9 480037729
9 100009
9 465405589
9 922249596
9 641392079
9 898997545
9 100009
9 731045479
9 100009
9 826391249
9 562306029
9 107446629
9 100009
9 557180976
9 163833849
9 564963230
9 100009
9 100009
9 100000009
9 100009
9 100000009
9 759909675
9 502756019
9 559981569
9 10009
9 692454504
9 100009
9 100009
9 953214584
9 100009
9 731468219
9 100009
9 242277879
9 100009
9 279807336
9 569795975
9 983221617
9 100000009
9 100009
9 100009
9 10009
9 844876049
9 100009
9 100009
9 527738779
9 812952125
9 100009
9 676307498
9 100000009
9 324208039
9 281174639
9 100000009
9 100009
9 100009
9 100009
9 100009
9 100009
9 253771859
9 515541911
9 100009
9 183466759
9 10000009
9 100000009
9 100009
9 100009
9 100000009
9 100009
9 218041069
9 614084529
9 1009
9 273115829
9 804238398
9 246878549
9 455780049
9 100009
9 100009
9 191836471
9 406296728
9 100000009
9 529576363
9 735334209
9 874160739
9 100009
9 887802390
9 625183019
9 252440379
9 820064918
9 336084970
9 100009
9 112839485
9 623493949
9 389509918
9 100009
9 629202551
9 100000009
9 136525993
9 100000009
9 810109558
9 324350509
9 406518009
9 100000009
9 101069515
9 10009
9 178640169
9 889562662
9 100009
9 100009
9 819830731
9 450850309
9 468045329
9 10000009
9 366235109
9 100009
9 100009
9 794239023
9 100000009
9 345555769
9 803324639
9 1000009
9 347179975
9 397143419
9 913217009
9 100009
9 100009
9 100009
9 100009
9 100009
9 476191274
9 100009
9 100009
9 986514187
9 100000009
9 10009
9 785155809
9 187719363
9 359790706
9 100009
9 100009
9 100009
9 100000009
9 100009
9 578904696
9 709988960
9 100009
9 770508309
9 147016549
9 120766869
9 937191290
9 719048759
9 511933501
9 100000009
9 100009
9 230706469
9 100009
9 100000009
9 100000009
9 992036594
9 565781789
9 563472619
9 781174179
9 842318879
9 10009
9 100009
9 889551829
9 831000079
9 206846519
9 256749036
9 871480693
9 100009
9 100009
9 100009
9 100009
9 471535319
9 100009
9 100009
9 100009
9 100009
9 677718209
9 847674469
9 876256986
9 382972402
9 100009
9 100000009
9 774910781
9 100009
9 429484761
9 100000009
9 769911762
9 900304363
9 956626298
9 100009
9 219898553
9 611719977
9 707037859
9 316211259
9 100009
9 10009
9 627877249
9 100009
9 107617729
9 100000009
9 100009
9 330699613
9 100009
9 100009
9 916181291
9 783431569
9 100009
9 845156069
9 835302309
9 524200529
9 801972649
9 115328089
9 285928426
9 949441018
9 423259983
9 956170259
9 100000009
9 424653902
9 709797873
9 100009
9 100009
9 100009
9 115856209
9 970224210
9 925418348
9 100009
9 100009
9 100009
9 100009
9 387866339
9 967084750
9 10009
9 474789307
9 100009
9 100009
9 100000009
9 500267779
9 577987215
9 895273194
9 865883109
9 847800759
9 161399035
9 443570349
9 100009
9 100009
9 166813369
9 100000009
9 450340197
9 100000009
9 100009
9 285555869
9 100000009
9 399585153
9 343821579
9 100000009
9 108456649
9 810522809
9 100009
9 100009
9 521349398
9 100000009
9 100009
9 649106630
9 100009
9 268780932
9 740690748
9 429922398
9 185242419
9 585299132
9 600895197
9 100009
9 100009
9 100000009
9 214529654
9 100009
9 430762179
9 516061779
9 740122849
9 100009
9 525523119
9 974074633
9 100009
9 911621255
9 100009
9 100009
9 100009
9 100000009
9 831821059
9 100009
9 100000009
9 100000009
9 100000009
9 583734098
9 100009
9 1000009
9 100009
9 100009
9 100009
9 806224429
9 100009
9 914810333
9 100009
9 100009
9 224628879
9 100009
9 982093199
9 751246519
9 100009
9 430647998
9 720026479
9 600558279
9 977744639
9 611858869
9 901306261
9 100009
9 291338337
9 100009
9 585706839
9 330729344
9 100009
9 100009
9 527582589
9 385545059
9 100009
9 100009
9 629890218
9 491299334
9 236548819
9 922883435
9 330639297
9 100009
9 491696493
9 858883719
9 191370137
9 250385339
9 856837089
9 402960965
9 100009
9 617466009
9 428251719
9 406384989
9 100000009
9 385668139
9 131006951
9 895060441
9 404347029
9 100009
9 100009
9 100009
9 100000009
9 100000009
9 100000009
9 100009
9 100009
9 10009
9 933963460
9 100009
9 798099674
9 932754553
9 100009
9 612507923
9 100009
9 152295237
9 100009
9 949372683
9 829364075
9 291515222
9 100000009
9 376117298
9 100000009
9 100009
9 10009
9 100009
9 100000009
9 826102059
9 974759600
9 100009
9 100009
9 728379178
9 658604139
9 998808986
9 150406159
9 723968719
9 100009
9 805831019
9 380165849
9 100000009
9 719857247
9 687317539
9 580565749
9 100000009
9 318147449
9 945951384
9 100009
9 826184509
9 505074219
9 987532205
9 100009
9 100000009
9 762290212
9 871617209
9 100009
9 100009
9 100000009
9 901086068
9 699663263
9 344002869
9 100000009
9 663478598
9 750244929
9 100009
9 100009
9 349613532
9 100009
9 237692790
9 100009
9 733976916
9 100000009
9 352962538
9 591015581
9 781967194
9 375873971
9 10009
9 100009
9 100009
9 801241659
9 353604649
9 618258389
9 170385429
9 897022301
9 639603145
9 100009
9 100000009
9 653494329
9 100009
9 100009
9 100000009
9 212432569
9 534971107
9 100000009
9 640559488
9 100009
9 100009
9 100000009
9 315200719
9 100000009
9 888263984
9 985627861
9 281514957
9 133144589
9 365678169
9 571016739
9 585153449
9 771901980
9 163281789
9 348311219
9 369651459
9 100009
9 194661488
9 100000009
9 100009
9 800294262
9 100009
9 100009
9 675053982
9 10009
9 334415943
9 402792005
9 100009
9 306684389
9 100009
9 100000009
9 100009
9 227303159
9 100009
9 666973080
9 209235433
9 100000009
9 100009
9 10009
9 403467749
9 225663492
9 161831197
9 458572579
9 148393287
9 100009
9 100009
9 695327923
9 724614391
9 225681849
9 256568039
9 100000009
9 100009
9 137671129
9 865720589
9 143272913
9 100009
9 394162994
9 939950565
9 830258579
9 769669828
9 392887068
9 267295240
9 100009
9 712228309
9 762082789
9 511537639
9 100000009
9 605651829
9 820687159
9 115315409
9 100000009
9 737480609
9 100000009
9 10009
9 991500359
9 457656690
9 100009
9 100000009
9 100000009
9 607512469
9 402149734
9 615206539
9 324758449
9 100009
9 792048050
9 661314319
9 100009
9 431170509
9 100009
9 497677021
9 665482529
9 100009
9 482824859
9 865359198
9 100000009
9 100009
9 224148679
9 314457019
9 955963536
9 241099901
9 259067813
9 179392853
9 214138359
9 100009
9 100000009
9 112034879
9 934560884
9 860027119
9 100009
9 217043729
9 100009
9 10009
9 100009
9 629084153
9 354176389
9 100009
9 100000009
9 100009
9 774713796
9 946456586
9 659196371
9 312725219
9 556404839
9 156180729
9 491046945
9 100000009
9 100009
9 100000009
9 100009
9 879514548
9 100000009
9 114336539
9 100009
9 100009
9 612759952
9 100009
9 100009
9 188831259
9 100009
9 100000009
9 100000009
9 163858983
9 690917036
9 100009
9 100009
9 414302092
9 100000009
9 10009
9 506157389
9 100009
9 100009
9 100009
9 986548038
9 990184088
9 100009
9 353211059
9 155635569
9 385362679
9 835203988
9 100009
9 100000009
9 842237429
9 317913831
9 100009
9 100000009
9 100009
9 100009
9 100000009
9 100009
9 956329986
9 250922761
9 100009
9 100000009
9 798613251
9 100009
9 913939070
9 615907986
9 161914246
9 928682164
9 147229899
9 142254509
9 804620889
9 802575639
9 561427297
9 258546589
9 334622595
9 722998601
9 539455625
9 100009
9 276113849
9 624146829
9 954432008
9 107108309
9 391117992
9 446465239
9 100000009
9 100000009
9 100009
9 100000009
9 427115936
9 100009
9 922453822
9 100000009
9 479744528
9 100009
9 137512409
9 100009
9 663240349
9 415114809
9 321461289
9 866376079
9 688034729
9 276656829
9 956893933
9 304873921
9 174333901
9 728241129
9 100009
9 100000009
9 416189272
9 100009
9 982073989
9 695603149
9 100009
9 931974201
9 364787579
9 817894704
9 889965555
9 686497348
9 509860070
9 100009
9 100009
9 100000009
9 799313549
9 993148234
9 100009
9 305487729
9 342408918
9 405423939
9 608297406
9 603244069
9 953100012
9 160877590
9 590885653
9 10009
9 827622911
9 546007089
9 417906762
9 907103797
9 100009
9 455567009
9 518321409
9 591563139
9 111464379
9 100009
9 746904382
9 975511924
9 198762593
9 984229173
9 100000009
9 579503887
9 100000009
9 968785486
9 100009
9 593762839
9 580221798
9 100009
9 149862592
9 100009
9 100009
9 913477770
9 570440709
9 321696282
9 124658569
9 974108132
9 100009
9 518815739
9 769244751
9 750455439
9 100009
9 783283269
9 613671491
9 437042579
9 100009
9 492289670
9 431521119
9 100009
9 542858839
9 100000009
9 100009
9 309270975
9 398709746
9 807257790
9 100000009
9 757710930
9 100000009
9 100009
9 350741749
9 100009
9 100000009
9 100009
9 625147449
9 854266049
9 807427590
9 100009
9 100009
9 100009
9 424808369
9 507805009
9 100009
9 675456349
9 152913013
9 100009
9 100009
9 929716221
9 160073549
9 100009
9 875602942
9 100009
9 734541649
9 196965744
9 100000009
9 100009
9 100000009
9 587850829
9 100009
9 100000009
9 440765609
9 100000009
9 628215269
9 634849714
9 222564259
9 558573998
9 162520009
9 100009
9 348902188
9 177321819
9 100000009
9 937908547
9 100009
9 621036696
9 100000009
9 830504709
9 100009
9 909657183
9 940366243
9 100009
9 100009
9 430833849
9 141136139
9 357414849
9 100009
9 100009
9 155849414
9 614506779
9 100000009
9 954378974
9 100000009
9 100000009
9 260503239
9 566180409
9 813104219
9 836643933
9 939823234
9 893323464
9 984208269
9 100009
9 780527980
9 127561779
9 596148816
9 100009
9 100009
9 100009
9 100009
9 881237879
9 100000009
9 100009
9 952763639
9 100009
9 825556299
9 683605039
9 281787199
9 100009
9 100009
9 146615974
9 231420249
9 100009
9 765953663
9 767393974
9 100009
9 100000009
9 813509683
9 654628229
9 764390717
9 100009
9 933470620
9 888477593
9 942908729
9 355157209
9 466632239
9 167769368
9 518444719
9 100009
9 100009
9 261284419
9 286916617
9 220674769
9 138953164
9 100009
9 100009
9 306276895
9 660784849
9 581192606
9 100000009
9 100000009
9 10009
9 100009
9 100009
9 202027609
9 100009
9 417995242
9 746661795
9 100009
9 100009
9 690193040
9 396837834
9 627522869
9 196634319
9 100009
9 100009
9 446126159
9 110496411
9 100009
9 100000009
9 100009
9 100000009
9 579283989
9 373962117
9 109048152
9 362613429
9 686358095
9 100000009
9 353912873
9 100009
9 468527739
9 512135329
9 100009
9 361395962
9 100009
9 598155083
9 100009
9 100009
9 949897019
9 191084290
9 100009
9 100009
9 697801856
9 202421629
9 100000009
9 144694938
9 100009
9 100009
9 468979884
9 100009
9 872767984
9 189755420
9 712671495
9 672219081
9 798074138
9 100009
9 10009
9 982223996
9 100009
9 444713149
9 100000009
9 100009
9 141892619
9 952708620
9 100009
9 932668543
9 297909220
9 100000009
9 100009
9 100009
9 100000009
9 398016627
9 566802189
9 918652706
9 100000009
9 100000009
9 523047359
9 100009
9 192678478
9 902533232
9 100009
9 894888900
9 849637846
9 105485793
9 295135344
9 100009
9 309961176
9 498810449
9 462772069
9 100009
9 190412639
9 170293661
9 100009
9 100009
9 495746274
9 772058952
9 100009
9 100009
9 890991630
9 100009
9 399378656
9 282402279
9 100000009
9 100009
9 664821849
9 100009
9 773645789
9 645519248
9 100009
9 100000009
9 100009
9 755867209
9 493957023
9 206678529
9 100000009
9 100000009
9 100009
9 190842632
9 165297806
9 100009
9 100000009
9 925683993
9 100009
9 895392895
9 364560619
9 465349059
9 100000009
9 512533239
9 802092640
9 221328389
9 100009
9 100009
9 100000009
9 100009
9 100009
9 981068530
9 596632087
9 100009
9 100009
9 326056719
9 441611009
9 100000009
9 534550559
9 87012389
9 100009
9 100009
9 100009
9 426148997
9 124436159
9 100000009
9 965079382
9 100009
9 100009
9 950920457
9 100000009
9 598531908
9 100009
9 100009
9 823397114
9 840903848
9 762852689
9 719873079
9 650170389
9 501947918
9 513825569
9 387737119
9 736712094
9 100000009
9 100000009
9 100000009
9 100009
9 100000009
9 100009
9 1000009
9 533653249
9 438484879
9 10009
9 406698274
9 100009
9 100009
9 765396672
9 269411097
9 523769968
9 100009
9 10009
9 541396581
9 100000009
9 100009
9 100009
9 943517599
9 962732921
9 979795267
9 100009
9 313287429
9 287529468
9 100009
9 383688609
9 755771799
9 839395700
9 287578439
9 488209716
9 100009
9 100009
9 100000009
9 872081479
9 803020579
9 100000009
9 100009
9 673178049
9 909574357
9 100009
9 113756709
9 100000009
9 881016970
9 286158049
9 561732987
9 517576149
9 110569803
9 100009
9 100009
9 100000009
9 100000009
9 799772348
9 100009
9 100009
9 871066459
9 100009
9 1000009
9 976479135
9 724331049
9 100009
9 100009
9 150459730
9 100000009
9 282223239
9 293276210
9 480751859
9 742644279
9 130618819
9 765578819
9 100000009
9 185956074
9 100009
9 100009
9 421272289
9 835460569
9 100009
9 100009
9 705248839
9 456241269
9 100009
9 409118489
9 835480649
9 313406159
9 100000009
9 109780950
9 919551330
9 603331459
9 100009
9 866436529
9 670952022
9 100000009
9 100009
9 100000009
9 100009
9 835057329
9 132738529
9 799030280
9 100000009
9 100009
9 100009
9 302515369
9 190668113
9 100000009
9 895111149
9 100000009
9 100000009
9 727646379
9 646111329
9 384711029
9 270122249
9 324240869
9 100000009
9 423835779
9 469428175
9 561261869
9 100009
9 448997314
9 100009
9 164391849
9 933420732
9 100009
9 100009
9 100009
9 100000009
9 100009
9 870342139
9 402749984
9 862697452
9 200429613
9 867219464
9 100000009
9 100009
9 660459735
9 100009
9 681137589
9 100009
9 370957107
9 100009
9 100009
9 10009
9 270003589
9 935057261
9 145374983
9 407498359
9 112827169
9 776982116
9 100009
9 405385439
9 100009
9 907681967
9 100009
9 441988562
9 425518294
9 931514275
9 100009
9 351972967
9 10009
9 635030579
9 630469215
9 1000009
9 271920003
9 100009
9 118392048
9 100009
9 730165593
9 10009
9 100009
9 954329792
9 100009
9 100009
9 100000009
9 100009
9 951726474
9 100009
9 473530169
9 100009
9 100009
9 405460911
9 100009
9 919799810
9 750251279
9 949173811
9 100009
9 495976486
9 595807927
9 100009
9 433846597
9 100009
9 656189730
9 100009
9 100000009
9 517391483
9 100009
9 100009
9 737624539
9 807429448
9 199689615
9 410236229
9 602669454
9 100000009
9 100000009
9 100000009
9 487707309
9 100009
9 563759523
9 749106753
9 100000009
9 100009
9 100009
9 190519024
9 100000009
9 573018946
9 935112221
9 747160779
9 499802438
9 100009
9 409609286
9 100000009
9 176695998
9 879923040
9 619296643
9 100000009
9 338113359
9 100009
9 421996379
9 100009
9 100009
9 100009
9 276689964
9 656703339
9 729030994
9 10009
9 100009
9 728142489
9 538516490
9 100009
9 639138663
9 838107489
9 415167319
9 100009
9 100009
9 381158029
9 100009
9 100009
9 161264579
9 100000009
9 100000009
9 100009
9 100009
9 500439107
9 283728094
9 100009
9 802814629
9 207794519
9 303231779
9 951316621
9 223366519
9 100009
9 100009
9 654314009
9 404959764
9 10009
9 100000009
9 100009
9 100000009
9 100000009
9 486114879
9 503026079
9 100009
9 100009
9 100009
9 214330439
9 937367054
9 100009
9 353683159
9 100009
9 100009
9 910386572
9 855238129
9 100009
9 165520819
9 606475479
9 100009
9 303344429
9 100009
9 880027169
9 100000009
9 140788039
9 887146519
9 631184759
9 100009
9 100000009
9 100009
9 733718689
9 412930142
9 916449886
9 738683729
9 100000009
9 812020190
9 233664893
9 503091234
9 331708229
9 100009
9 684188549
9 953596486
9 395757591
9 463653509
9 854251298
9 661347289
9 100009
9 100000009
9 741782139
9 10009
9 100009
9 100000009
9 100009
9 241597513
9 100000009
9 247957258
9 100000009
9 958874980
9 100009
9 885045509
9 100000009
9 100000009
9 100000009
9 100009
9 640583289
9 183955317
9 295385644
9 233171759
9 179319987
9 460490566
9 923959381
9 10009
9 100009
9 100009
9 211505129
9 100009
9 100000009
9 100000009
9 113382329
9 100009
9 162181339
9 565903074
9 287240529
9 896544352
9 685771917
9 678520859
9 917697037
9 649102409
9 452088409
9 100000009
9 418546289
9 543655159
9 774158359
9 100009
9 100009
9 100009
9 100009
9 145794800
9 898236005
9 261805289
9 322978553
9 100009
9 469950311
9 411270961
9 100009
9 363384339
9 100009
9 586369163
9 31169661
9 100009
9 100009
9 192204707
9 100000009
9 710788519
9 100009
9 100009
9 487669042
9 100000009
9 782239654
9 712370359
9 100009
9 100000009
9 737258809
9 100009
9 707617879
9 413007009
9 218515489
9 100009
9 759600128
9 100009
9 100000009
9 100009
9 864650962
9 100009
9 512722269
9 973695523
9 100009
9 100009
9 633976464
9 148990583
9 602971552
9 100009
9 386663489
9 524972204
9 809197531
9 100009
9 985773922
9 263156696
9 980926028
9 100009
9 341208559
9 100009
9 935679011
9 580538889
9 173202239
9 254621975
9 794664936
9 122272559
9 604872849
9 100009
9 924227945
9 869129773
9 100000009
9 100009
9 880798947
9 718117259
9 146699864
9 536551948
9 937883775
9 603668293
9 795873924
9 100000009
9 262719038
9 100009
9 100009
9 528929746
9 680940022
9 872970839
9 644964222
9 751596093
9 100000009
9 228549295
9 464149012
9 409152542
9 330304519
9 132833249
9 114742529
9 100009
9 100009
9 378056659
9 685893150
9 941605236
9 100009
9 100009
9 100009
9 867474519
9 651968449
9 100009
9 100009
9 449302948
9 482229774
9 100009
9 744401889
9 866519103
9 418747849
9 100000009
9 302434319
9 100009
9 100009
9 100009
9 100009
9 100000009
9 495689044
9 100000009
9 705000349
9 378638920
9 430316189
9 100009
9 970020028
9 100009
9 618873889
9 420981859
9 100009
9 10009
9 735633797
9 407045919
9 793889022
9 100009
9 610852609
9 712637559
9 100009
9 419141747
9 100009
9 100009
9 574952104
9 108901632
9 100009
9 281781569
9 100009
9 737303669
9 484536409
9 541897320
9 407566439
9 100009
9 100000009
9 100000009
9 510620589
9 740584179
9 100000009
9 100009
9 1000009
9 901108405
9 563716709
9 949107843
9 100009
9 240215239
9 297544665
9 1000009
9 237891014
9 123188849
9 603991306
9 100009
9 100009
9 100009
9 100000009
9 100009
9 100009
9 430304679
9 470885419
9 100009
9 378157697
9 10009
9 100009
9 100000009
9 891740983
9 285239609
9 100000009
9 10009
9 100009
9 999927755
9 817941449
9 100009
9 963831141
9 718122749
9 100000009
9 100009
9 504872389
9 100009
9 909878002
9 964000101
9 971567088
9 10009
9 573084901
9 100009
9 739602024
9 597398986
9 831453389
9 938537012
9 175140769
9 345580569
9 100009
9 391342587
9 483123359
9 100009
9 684163749
9 401702009
9 117098734
9 100000009
9 274159268
9 593738331
9 11463192
9 257713419
9 408659790
9 100009
9 100009
9 100009
9 100009
9 10009
9 100009
9 100009
9 705504409
9 783521669
9 100009
9 238544709
9 632947633
9 100009
9 303485961
9 438450239
9 100000009
9 100009
9 158652059
9 890102141
9 100009
9 100009
9 277752946
9 100009
9 870099312
9 206468019
9 659251764
9 518292897
9 100009
9 560673549
9 100009
9 233996020
9 187613739
9 849544630
9 10009
9 940111758
9 100009
9 243442509
9 100009
9 1000009
9 736870849
9 768304759
9 100009
9 100009
9 408027879
9 235615809
9 640224749
9 982309036
9 470855109
9 367330319
9 100009
9 100009
9 771904973
9 100009
9 100009
9 100009
9 170252769
9 100000009
9 936957382
9 212729656
9 10009
9 10009
9 876214549
9 674187193
9 100009
9 738328739
9 696316972
9 100000009
9 313628039
9 100009
9 951213367
9 818746839
9 100009
9 100009
9 100009
9 100000009
9 676061819
9 632051439
9 372610149
9 667675996
9 892493158
9 333161009
9 100009
9 100009
9 100000009
9 183892132
9 100000009
9 545148669
9 100009
9 883156719
9 100000009
9 100000009
9 857308179
9 652407639
9 100009
9 100000009
9 508849752
9 768747009
9 100009
9 680801749
9 100009
9 271045916
9 884919973
9 114467229
9 100000009
9 535336269
9 10009
9 100009
9 100009
9 100009
9 211015769
9 647182169
9 524308379
9 408908465
9 194201665
9 752477269
9 764395137
9 170067669
9 882253649
9 429665602
9 550476279
9 522003119
9 100009
9 432642759
9 318551229
9 100000009
9 524334829
9 485683849
9 477948194
9 100009
9 100009
9 439506095
9 100009
9 905225498
9 100000009
9 1000009
9 100000009
9 961252606
9 537326139
9 134951684
9 929558196
9 765642529
9 100009
9 100000009
9 179954486
9 582772961
9 100009
9 112941783
9 229177188
9 569892530
9 249470246
9 970147176
9 764262319
9 790692966
9 931390352
9 100009
9 292212971
9 914521186
9 100009
9 100000009
9 100009
9 184967496
9 100009
9 139967124
9 633929082
9 480882191
9 100000009
9 182995050
9 608132529
9 514448009
9 100000009
9 100000009
9 413832069
9 100000009
9 722629043
9 100000009
9 982459509
9 673322049
9 100009
9 100009
9 353011069
9 100009
9 100009
9 438805009
9 835865019
9 480008599
9 100000009
9 100009
9 625314889
9 100000009
9 919718411
9 100009
9 911440799
9 153550179
9 399369869
9 795822063
9 752202839
9 668297488
9 100009
9 100009
9 111186029
9 558972834
9 526643569
9 868521529
9 911160556
9 100000009
9 171964281
9 780448639
9 597645276
9 337806869
9 473905942
9 100009
9 100009
9 346475029
9 661882139
9 640777059
9 492377694
9 100000009
9 286195930
9 100009
9 100009
9 821714649
9 457060897
9 100009
9 100009
9 100000009
9 100009
9 856989663
9 953319804
9 100009
9 143043019
9 536565279
9 100009
9 100009
9 851674569
9 100000009
9 791680517
9 128803599
9 327969639
9 299350649
9 100000009
9 100009
9 762400291
9 122792292
9 676335490
9 463846029
9 935735165
9 833500912
9 100009
9 526375995
9 496352047
9 400403459
9 100009
9 335900971
9 100009
9 405465469
9 100009
9 100009
9 346807489
9 100009
9 100000009
9 403029153
9 900731500
9 100009
9 725236779
9 905245635
9 10009
9 408830869
9 100009
9 520081339
9 100000009
9 498354647
9 663447191
9 100000009
9 100009
9 100000009
9 1000009
9 100009
9 826678459
9 802201219
9 973772674
9 161762219
9 100009
9 403726849
9 614314907
9 224414189
9 100009
9 665637359
9 100009
9 230015489
9 290433828
9 100000009
9 334525945
9 100009
9 100000009
9 100000009
9 924700759
9 279423496
9 830104209
9 100009
9 936938607
9 410454769
9 100009
9 315818089
9 100009
9 114375669
9 10009
9 100000009
9 966928814
9 691923044
9 265601069
9 517076539
9 100009
9 980265339
9 100009
9 100009
9 526808019
9 435094509
9 858064469
9 100009
9 100009
9 844908936
9 100009
9 533041029
9 784743429
9 624739813
9 100009
9 539638562
9 100009
9 138417339
9 100000009
9 100000009
9 249351034
9 100009
9 134135679
9 941755337
9 718763849
9 100009
9 100009
9 100009
9 627369322
9 100000009
9 885939532
9 349131117
9 404831549
9 983942422
9 112072039
9 100000009
9 100009
9 10009
9 186235359
9 235058988
9 100009
9 588507966
9 163810349
9 100009
9 100009
9 100009
9 150784934
9 477643699
9 100009
9 10009
9 100009
9 100009
9 100009
9 282249861
9 209272058
9 262511269
9 601059643
9 671605369
9 467844219
9 235656297
9 100009
9 602056489
9 100009
9 234289278
9 866751169
9 100000009
9 100000009
9 402325923
9 100009
9 910956258
9 1009
9 100009
9 501531429
9 100009
9 803651469
9 100000009
9 163523029
9 100009
9 818429180
9 826250962
9 813318936
9 355767509
9 292960924
9 466187829
9 100000009
9 501235779
9 310039506
9 354316985
9 275702279
9 723869195
9 106249106
9 100000009
9 578071329
9 100009
9 10009
9 100000009
9 100009
9 100009
9 292644973
9 643035619
9 100009
9 100000009
9 100009
9 771511879
9 169202887
9 473217409
9 945934740
9 461463629
9 761210296
9 579960849
9 437092309
9 322160079
9 221976796
9 651330249
9 100009
9 832566689
9 100009
9 853283739
9 978556130
9 268818819
9 139563432
9 100009
9 801510397
9 100009
9 836793356
9 100000009
9 925712292
9 148232179
9 100000009
9 461641649
9 100009
9 168520691
9 100009
9 252736930
9 596889642
9 957900959
9 100009
9 412700259
9 100009
9 374556491
9 100000009
9 100009
9 100009
9 100009
9 227808779
9 220412189
9 100009
9 100000009
9 234646359
9 257178409
9 100000009
9 100009
9 483424294
9 100009
9 901416594
9 100000009
9 138691617
9 620679991
9 100009
9 186182429
9 458894900
9 865119252
9 532681779
9 489154963
9 100009
9 153719159
9 457821933
9 100000009
9 100000009
9 723230859
9 265388509
9 667643089
9 100000009
9 534467859
9 463289993
9 824141319
9 100009
9 589455514
9 100009
9 100000009
9 10009
9 100000009
9 901495890
9 894332699
9 100009
9 944899918
9 554656509
9 100000009
9 263699377
9 333426479
9 976128645
9 538107009
9 630042919
9 884828975
9 100009
9 100009
9 487103439
9 688303895
9 100009
9 100009
9 217554947
9 847092563
9 840176719
9 100009
9 917591508
9 904619702
9 859633468
9 285735459
9 122366019
9 10009
9 864778329
9 750268469
9 883689615
9 496386756
9 100000009
9 524547529
9 537441709
9 457270978
9 100009
9 100009
9 542095426
9 100000009
9 153838839
9 659394931
9 100009
9 626718029
9 996644345
9 880047679
9 100009
9 464120809
9 454944239
9 990013041
9 100000009
9 100009
9 100009
9 100000009
9 420927956
9 412824089
9 386897552
9 100000009
9 302181409
9 100009
9 288038529
9 100000009
9 798716606
9 435896866
9 100009
9 100009
9 100009
9 100000009
9 100009
9 287169426
9 100009
9 997237065
9 461348269
9 875700891
9 100009
9 670749173
9 463475689
9 194007705
9 100009
9 784065189
9 112045952
9 940667068
9 492341215
9 100000009
9 370970400
9 100000009
9 233785029
9 100000009
9 423591430
9 174154179
9 550823689
9 339494586
9 341165599
9 100000009
9 821876649
9 776868079
9 10009
9 974427164
9 885866019
9 632173129
9 731618195
9 100009
9 10009
9 678238249
9 482092926
9 100009
9 539619974
9 501638739
9 325466639
9 100000009
9 116670569
9 100009
9 752137229
9 100009
9 786871709
9 155661089
9 100009
9 855290162
9 100000009
9 10009
9 851615639
9 757185329
9 100000009
9 774017397
9 238348479
9 100000009
9 393746721
9 977734531
9 100009
9 10009
9 100000009
9 100009
9 413237619
9 276953256
9 270828559
9 876221509
9 349226654
9 506162429
9 946861178
9 100009
9 922844567
9 282054779
9 884900174
9 100009
9 100000009
9 100000009
9 436937434
9 100009
9 702732698
9 541892260
9 867251539
9 122494315
9 100000009
9 128775179
9 100000009
9 646953014
9 627029738
9 412104049
9 707047489
9 100009
9 100009
9 10009
9 100000009
9 10009
9 795394650
9 139401558
9 100009
9 100009
9 146854739
9 341144089
9 386340789
9 997019210
9 373074869
9 100009
9 442015289
9 727004719
9 100009
9 100009
9 646143069
9 531566879
9 100000009
9 100009
9 100000009
9 546561019
9 534536849
9 551202769
9 350052259
9 100009
9 180367309
9 171168849
9 309658022
9 294798228
9 372610849
9 662799843
9 142713869
9 424698549
9 100009
9 453775169
9 398001134
9 100009
9 183805494
9 613981519
9 100009
9 100009
9 668923885
9 865134349
9 100000009
9 289971841
9 917749219
9 879569902
9 100000009
9 562827495
9 100009
9 638483889
9 387794452
9 100009
9 828332199
9 330514789
9 100009
9 100009
9 100000009
9 10009
9 582637559
9 561700259
9 694834060
9 380641459
9 100009
9 974684929
9 394681095
9 726768319
9 455314169
9 155279653
9 131551789
9 703650914
9 274435169
9 844805189
9 255375039
9 155833019
9 100009
9 612892833
9 277511259
9 563546889
9 407107914
9 129126883
9 100009
9 350076829
9 100009
9 535946629
9 764696099
9 100009
9 892277878
9 324022779
9 261808859
9 860412469
9 100000009
9 895330798
9 274031798
9 498735693
9 100009
9 100009
9 100000009
9 268157089
9 100000009
9 100009
9 657211829
9 987268341
9 123264909
9 417482549
9 883986217
9 938622135
9 100009
9 702157659
9 100009
9 566216719
9 406741935
9 878675449
9 499285660
9 513806629
9 114513699
9 100009
9 100000009
9 158351139
9 100000009
9 100009
9 240673839
9 666772940
9 912831324
9 100009
9 100000009
9 30916032
9 100009
9 874741759
9 100009
9 676655169
9 100000009
9 946587902
9 100009
9 100009
9 755709697
9 100000009
9 100000009
9 100000009
9 683421459
9 599856632
9 100009
9 840765239
9 100009
9 100009
9 100009
9 973101175
9 100000009
9 109469563
9 983470411
9 748097329
9 100009
9 100009
9 10009
9 829558815
9 407407469
9 883600791
9 560782946
9 1000009
9 100009
9 951146606
9 100000009
9 10009
9 100009
9 496065386
9 138348109
9 529023565
9 100000009
9 588796789
9 871643995
9 998992114
9 447390394
9 976819286
9 743573619
9 470180749
9 801262695
9 218704393
9 100009
9 995423925
9 100009
9 187005849
9 179218153
9 100009
9 100009
9 185711490
9 100009
9 100000009
9 100000009
9 100009
9 100009
9 728797069
9 825226889
9 100009
9 573104769
9 100000009
9 232529650
9 416208809
9 38549634
9 100000009
9 100009
9 594742947
9 100000009
9 100009
9 531125198
9 100000009
9 721412509
9 100000009
9 486202539
9 100009
9 100009
9 136375349
9 466536935
9 848662719
9 100009
9 912723105
9 883534079
9 224809760
9 509791885
9 100000009
9 577865639
9 921277579
9 100009
9 100009
9 100000009
9 994855729
9 100000009
9 725911350
9 615234889
9 100009
9 648447439
9 908216968
9 592089726
9 318471489
9 407129311
9 983438890
9 100009
9 331296476
9 294307704
9 100000009
9 100009
9 379938671
9 792934691
9 383835918
9 740625905
9 100009
9 821552149
9 100009
9 357525879
9 100000009
9 100000009
9 557058917
9 725579253
9 771752279
9 711598303
9 455929623
9 999955162
9 100009
9 819545504
9 394014574
9 736526239
9 311074049
9 558682079
9 100009
9 657774697
9 949556054
9 100009
9 100009
9 895902955
9 927026765
9 737042739
9 925205064
9 639695776
9 943791331
9 516355149
9 100000009
9 100009
9 494672466
9 475829923
9 100000009
9 924484446
9 100009
9 999052333
9 796381928
9 420713879
9 100009
9 100009
9 859950391
9 534700539
9 705604319
9 790767380
9 100009
9 956652430
9 530079560
9 843037449
9 149078202
9 774118439
9 939823348
9 578671689
9 100009
9 100009
9 100009
9 820051429
9 559002641
9 938070036
9 100009
9 418922611
9 246061179
9 486967711
9 741850195
9 100009
9 100009
9 371505097
9 100009
9 100009
9 100000009
9 179383850
9 525601529
9 100000009
9 934564963
9 849195308
9 402563809
9 318139906
9 100009
9 908002916
9 100009
9 100009
9 271210469
9 100009
9 100009
9 317312549
9 995554805
9 100009
9 858045869
9 1000009
9 100009
9 290140674
9 285986387
9 740635509
9 100000009
9 100000009
9 263587749
9 387124891
9 100009
9 100009
9 100000009
9 999169324
9 411024409
9 208264879
9 100009
9 258208639
9 934572262
9 100000009
9 100000009
9 100009
9 649013009
9 100000009
9 632642629
9 638798797
9 831185259
9 980378052
9 100009
9 100009
9 100009
9 936895092
9 875952944
9 490292730
9 640895522
9 745793128
9 665845869
9 932234033
9 889514572
9 468347129
9 646885069
9 694191554
9 100000009
9 100009
9 204351529
9 952847644
9 191495775
9 695908418
9 100000009
9 343267049
9 666189913
9 100000009
9 387975730
9 100009
9 100009
9 625823639
9 906886867
9 382076659
9 467319110
9 100000009
9 310281904
9 377540659
9 100009
9 100009
9 100000009
9 172665589
9 662243983
9 344215509
9 100009
9 1000009
9 543034659
9 236249445
9 100009
9 816180974
9 607734639
9 100009
9 989749297
9 827375379
9 100009
9 100000009
9 100009
9 976561819
9 224587439
9 100009
9 100009
9 319389242
9 100009
9 100009
9 100000009
9 100000009
9 801885696
9 617610079
9 517542579
9 100009
9 100009
9 172371849
9 100009
9 675671769
9 100009
9 100009
9 100009
9 100000009
9 100000009
9 563776579
9 914112368
9 100009
9 291616797
9 100009
9 893243539
9 100009
9 999044720
9 100009
9 274133749
9 100009
9 995283681
9 753112219
9 100009
9 377579211
9 618285049
9 100009
9 984836084
9 100009
9 1000009
9 225617859
9 100009
9 100009
9 957073192
9 640996639
9 100000009
9 273982382
9 1000009
9 100009
9 551432649
9 892820972
9 481310933
9 100009
9 100009
9 799963775
9 550002591
9 902527900
9 966966034
9 100000009
9 241061529
9 100009
9 328842986
9 10009
9 716233903
9 236191457
9 971797019
9 804169046
9 100000009
9 230046679
9 100000009
9 825586409
9 199561938
9 903883824
9 607267939
9 100009
9 809193880
9 100009
9 739335021
9 100009
9 100009
9 100009
9 578364889
9 198738388
9 167549874
9 100009
9 706837179
9 418765129
9 827712059
9 261891405
9 138445649
9 100009
9 138928132
9 181276984
9 100009
9 790378908
9 422250159
9 106383339
9 100009
9 732242996
9 100009
9 697720925
9 100009
9 632543769
9 100009
9 100009
9 100009
9 767664109
9 100009
9 321649629
9 100009
9 277151943
9 832950914
9 215787629
9 100009
9 808154729
9 975542738
9 100000009
9 100000009
9 100009
9 100000009
9 100009
9 100009
9 100000009
9 943088736
9 100000009
9 100009
9 10009
9 238542739
9 776102895
9 818203790
9 100009
9 100009
9 10009
9 953898489
9 100009
9 100009
9 402898045
9 560980197
9 100009
9 908779654
9 991094651
9 454659474
9 261882219
9 667200069
9 10009
9 198893978
9 791054404
9 497501925
9 170838509
9 492894633
9 898547409
9 10000009
9 100000009
9 280322829
9 278026169
9 493160542
9 883230709
9 196899059
9 1000009
9 810245029
9 427930866
9 100009
9 362812239
9 934782024
9 394999373
9 10009
9 485733189
9 462137039
9 100009
9 100009
9 361469399
9 477941086
9 100009
9 100009
9 864060091
9 499475769
9 277520439
9 294778783
9 100009
9 788240339
9 100009
9 694452025
9 419343863
9 100009
9 100000009
9 584066759
9 274789818
9 881386639
9 100009
9 161491747
9 100000009
9 441556629
9 100000009
9 310558319
9 879797296
9 535714359
9 660431689
9 100000009
9 100009
9 100000009
9 100009
9 211497039
9 906827886
9 100000009
9 1000009
9 864483249
9 198110104
9 346947218
9 431900157
9 858330529
9 100009
9 100009
9 100009
9 100009
9 100009
9 100000009
9 213363359
9 135415539
9 100009
9 216820659
9 980244815
9 1000009
9 100000009
9 100009
9 933326066
9 100009
9 315565149
9 139858012
9 504073459
9 168437249
9 100000009
9 100009
9 466185219
9 100009
9 732412289
9 260587229
9 576238489
9 708956442
9 366504539
9 974485169
9 583154159
9 766846119
9 215700935
9 100009
9 786955094
9 255570689
9 100009
9 641247429
9 100009
9 100000009
9 225681859
9 10009
9 100000009
9 939033816
9 381981516
9 100009
9 100009
9 190511337
9 100009
9 962627203
9 100009
9 690794449
9 100000009
9 100009
9 100000009
9 623071579
9 100009
9 547284409
9 100009
9 541467239
9 100000009
9 758024549
9 867877279
9 100009
9 100009
9 517724129
9 210723169
9 801712719
9 396929507
9 100000009
9 160499427
9 100009
9 100000009
9 100009
9 100009
9 643202249
9 100009
9 100000009
9 150168839
9 871691480
9 988128634
9 585408769
9 100009
9 100009
9 1009
9 100009
9 978272211
9 10009
9 454261829
9 556932089
9 281253089
9 335631779
9 379609624
9 647609946
9 702773498
9 351733029
9 430626009
9 404797068
9 200231809
9 551525469
9 100000009
9 100000009
9 100009
9 100009
9 100000009
9 100009
9 987137876
9 680547209
9 100009
9 837394768
9 100000009
9 100009
9 100009
9 100009
9 100009
9 283978389
9 611250984
9 494521393
9 100000009
9 148003952
9 882666329
9 116311089
9 653493205
9 1000009
9 882893477
9 100009
9 100009
9 241870359
9 868787889
9 857577779
9 1009
9 226724779
9 369053282
9 428656759
9 100009
9 100009
9 623585915
9 590122271
9 935419099
9 100009
9 806639366
9 707840019
9 100009
9 10009
9 595321487
9 698384660
9 375863039
9 471150809
9 708291631
9 100009
9 248154239
9 889328689
9 100000009
9 100009
9 528219854
9 100009
9 100009
9 906194167
9 809128330
9 162855249
9 100009
9 658580921
9 353741629
9 830270149
9 450090978
9 901231860
9 788601079
9 917523774
9 100000009
9 461779590
9 100000009
9 514957510
9 393325508
9 100009
9 151644719
9 442826539
9 100009
9 10009
9 100000009
9 10009
9 153348329
9 100009
9 979575894
9 100009
9 692056001
9 100009
9 100009
9 307611059
9 100009
9 100009
9 491370115
9 401662569
9 666009252
9 100009
9 881245539
9 100000009
9 614120339
9 100009
9 100000009
9 619981781
9 276886649
9 100009
9 100000009
9 100009
9 100009
9 100009
9 100009
9 331111349
9 840558109
9 100000009
9 423140469
9 813684349
9 100009
9 929642663
9 300675579
9 461547719
9 788050109
9 100000009
9 438559139
9 435576329
9 443001449
9 812511159
9 10009
9 100009
9 676949142
9 100009
9 100009
9 288324219
9 100000009
9 100009
9 296500996
9 740195038
9 100009
9 751729082
9 493022823
9 12851793
9 104793499
9 100009
9 799093298
9 318784389
9 998606828
9 100009
9 919403782
9 100009
9 100009
9 100009
9 100009
9 1000009
9 100009
9 473968650
9 875007019
9 100000009
9 159562411
9 100009
9 1000009
9 197853731
9 669592248
9 100009
9 978164881
9 100009
9 100009
9 289794753
9 447722309
9 100009
9 100009
9 627751994
9 609299974
9 387816994
9 100009
9 100009
9 100009
9 100009
9 100009
9 829384102
9 605177009
9 434895843
9 327446449
9 487502973
9 194363460
9 100009
9 100000009
9 100009
9 100009
9 100009
9 159882083
9 100009
9 695722512
9 846599243
9 524203329
9 403958860
9 100009
9 108225659
9 855069888
9 128823649
9 100009
9 427955015
9 100009
9 308167689
9 146032196
9 135812190
9 100000009
9 554100943
9 100009
9 100009
9 511721379
9 948291573
9 258052679
9 669260952
9 100009
9 100000009
9 460754339
9 100009
9 268039879
9 100009
9 780515049
9 100009
9 100009
9 100009
9 777288119
9 100009
9 181325009
9 386182579
9 685137109
9 130355709
9 686987452
9 100000009
9 744188729
9 397372743
9 512808469
9 100009
9 651309223
9 704858669
9 234771059
9 943035734
9 223214619
9 898815739
9 663535139
9 145332219
9 846154229
9 300609534
9 457033529
9 100009
9 726956401
9 461925407
9 100000009
9 595417460
9 284088199
9 554445579
9 138373669
9 100000009
9 100009
9 531286939
9 730634669
9 100009
9 100009
9 100009
9 100000009
9 173938945
9 872399599
9 459738046
9 875498483
9 595749331
9 100009
9 672918566
9 669971865
9 100009
9 247509699
9 1009
9 633734900
9 100009
9 314175109
9 744507589
9 913029433
9 527375619
9 100000009
9 941398866
9 100009
9 100009
9 640112749
9 828180938
9 100000009
9 838746429
9 894516047
9 183112409
9 912079926
9 100009
9 226212439
9 118856819
9 100009
9 1000009
9 100009
9 490129203
9 100000009
9 100009
9 100009
9 439535567
9 407991695
9 100009
9 706634809
9 469471046
9 150927204
9 100000009
9 100000009
9 161125994
9 100009
9 216168219
9 233752009
9 475328956
9 902637766
9 328603989
9 948974867
9 100009
9 100000009
9 921781797
9 366418969
9 100009
9 535913496
9 614830695
9 100009
9 100009
9 212103269
9 100000009
9 100009
9 100009
9 100009
9 100009
9 100009
9 153929520
9 148587179
9 305330429
9 599599895
9 558075069
9 225481996
9 322588379
9 157602739
9 100009
9 969185694
9 100000009
9 121611679
9 695162039
9 909556234
9 966743652
9 987255314
9 417073988
9 744909576
9 100000009
9 100009
9 100000009
9 100000009
9 100009
9 167133791
9 633606690
9 167347549
9 100009
9 609778901
9 158775669
9 306798457
9 544335249
9 100009
9 419953153
9 100009
9 100009
9 578049924
9 100009
9 100009
9 100000009
9 100009
9 435616649
9 126695408
9 100009
9 100009
9 237385459
9 992890597
9 100009
9 485548793
9 468713449
9 449061968
9 100009
9 709377342
9 701402139
9 100000009
9 100009
9 198051460
9 739437148
9 100000009
9 452364092
9 100000009
9 203064619
9 797315622
9 571699954
9 886715519
9 100009
9 633683900
9 603984850
9 380422709
9 100009
9 508231159
9 100009
9 571409423
9 730796326
9 10009
9 782944056
9 100009
9 100009
9 100009
9 743631956
9 984014885
9 222643389
9 438084469
9 300236934
9 100009
9 886500479
9 666673941
9 685484079
9 100000009
9 100009
9 100009
9 236301639
9 100009
9 100009
9 100009
9 100009
9 100000009
9 913625551
9 487454049
9 100009
9 100009
9 605327059
9 916126974
9 352883449
9 100009
9 100000009
9 100009
9 100009
9 927000772
9 923036395
9 665892644
9 100009
9 404615609
9 100009
9 10009
9 800938341
9 100000009
9 100009
9 100009
9 334403904
9 395652380
9 303008309
9 990172649
9 159138781
9 100000009
9 207147779
9 907506693
9 100000009
9 656482169
9 100009
9 100009
9 107852669
9 837761249
9 100009
9 715891773
9 943302159
9 924215553
9 100009
9 531989404
9 139054931
9 100009
9 454477889
9 100000009
9 851197981
9 100009
9 365212419
9 496346492
9 847737189
9 100009
9 100009
9 100000009
9 381950211
9 185446397
9 881753930
9 333677089
9 695575264
9 846296221
9 942613729
9 936247663
9 100009
9 262118191
9 723876559
9 759476765
9 100009
9 100000009
9 100009
9 191369940
9 828786559
9 195370207
9 830516009
9 111132719
9 100000009
9 100000009
9 318077698
9 492275727
9 100000009
9 529364998
9 100009
9 118120309
9 335663589
9 100000009
9 710021189
9 100009
9 343027669
9 878761489
9 100000009
9 357890438
9 569170549
9 100000009
9 100009
9 112071249
9 556785009
9 900260955
9 182835049
9 908240715
9 100009
9 100009
9 354624309
9 100009
9 870576569
9 766164829
9 100000009
9 376321019
9 266356809
9 100009
9 360299101
9 198079369
9 380282597
9 360555942
9 100009
9 100000009
9 100009
9 944506678
9 566624679
9 631187956
9 777421529
9 100009
9 100000009
9 100009
9 945403171
9 458813059
9 202272739
9 100000009
9 10009
9 655719822
9 908823166
9 456506379
9 137651419
9 973358983
9 899313998
9 100009
9 100009
9 100009
9 100009
9 447110729
9 100000009
9 930431804
9 115702439
9 100009
9 998713783
9 100009
9 810136279
9 397896289
9 100009
9 635979209
9 100009
9 288207879
9 406320809
9 484401539
9 271653598
9 100009
9 295583163
9 100000009
9 400891568
9 432424729
9 100000009
9 100009
9 100000009
9 241022819
9 933361056
9 528485796
9 100009
9 824643129
9 338020729
9 836280049
9 621157391
9 506441923
9 100009
9 561462259
9 332552879
9 130317189
9 702346329
9 882312269
9 802363669
9 131482659
9 100009
9 1000009
9 100000009
9 100009
9 747441039
9 100009
9 100009
9 746846309
9 100009
9 586962391
9 979977223
9 100009
9 856311139
9 100009
9 542450896
9 100009
9 831694704
9 254589252
9 100009
9 964473420
9 150171319
9 169200270
9 100000009
9 678882719
9 100009
9 100000009
9 408204469
9 100009
9 100000009
9 783513369
9 391177801
9 980072962
9 100000009
9 100009
9 700371119
9 532140389
9 100009
9 100009
9 100009
9 127445439
9 100009
9 646693106
9 100000009
9 100009
9 100000009
9 10000009
9 511658089
9 713130933
9 387375519
9 100009
9 735438109
9 896177116
9 233844779
9 850313491
9 100000009
9 100009
9 640205974
9 100009
9 569539976
9 100000009
9 667174109
9 504503049
9 100009
9 920279358
9 460373339
9 108034489
9 360727579
9 100000009
9 161446079
9 727592253
9 595842042
9 829968552
9 100009
9 289919359
9 230259020
9 100009
9 170732539
9 646150429
9 100009
9 370126928
9 100009
9 734819864
9 375354915
9 629090092
9 357406289
9 566547469
9 100009
9 287155739
9 660755698
9 657145139
9 618761975
9 627741139
9 100000009
9 100009
9 100009
9 100009
9 871849091
9 881253695
9 933977844
9 10009
9 939580036
9 935288830
9 754863059
9 100009
9 464615709
9 454140589
9 602961287
9 195256372
9 100000009
9 100000009
9 166672931
9 246519923
9 161904392
9 956142782
9 100000009
9 100009
9 263309031
9 947377113
9 451795763
9 867199328
9 426749577
9 346496813
9 100009
9 925068239
9 345979032
9 266153069
9 100000009
9 635025889
9 844196319
9 658731729
9 915903387
9 844823309
9 229992101
9 620199259
9 100009
9 339036782
9 100009
9 100009
9 929154762
9 255721819
9 656280309
9 100009
9 100000009
9 867738890
9 593313976
9 905031839
9 413053129
9 540862119
9 100009
9 624328319
9 100009
9 966284999
9 184376970
9 181134249
9 100000009
9 100000009
9 348344891
9 161416679
9 100009
9 100009
9 100009
9 447535569
9 848968894
9 617897266
9 100000009
9 10009
9 649657116
9 655115928
9 244406259
9 866966145
9 717243489
9 100000009
9 643450923
9 710968709
9 596422664
9 100009
9 10009
9 966239491
9 354573359
9 590926006
9 100009
9 299144329
9 729664923
9 100009
9 823926508
9 686444229
9 100000009
9 725192933
9 264404933
9 565451629
9 653144219
9 234067069
9 100009
9 234827659
9 684897589
9 100009
9 100000009
9 980804965
9 578174889
9 100009
9 656119378
9 100009
9 100009
9 100000009
9 121729858
9 688709855
9 100009
9 100000009
9 100009
9 100000009
9 373831449
9 158953695
9 100000009
9 100009
9 100009
9 773024279
9 666148859
9 281428029
9 757224119
9 499507993
9 328260559
9 100009
9 100000009
9 100009
9 123085792
9 833628539
9 389347571
9 802473319
9 455534739
9 294653444
9 100000009
9 100009
9 100009
9 860074389
9 1000009
9 100009
9 100009
9 292631560
9 746955181
9 100000009
9 779785150
9 877441359
9 100009
9 100009
9 100009
9 889915443
9 355344089
9 348735290
9 100009
9 100009
9 100009
9 100009
9 100009
9 987160213
9 100009
9 100009
9 906698127
9 100009
9 10009
9 187857409
9 564258619
9 100009
9 634488879
9 100009
9 100000009
9 108482769
9 147572229
9 997781942
9 100009
9 575313559
9 100009
9 100009
9 998729756
9 100009
9 162204391
9 100009
9 852004129
9 145225009
9 100009
9 651058289
9 100009
9 503465089
9 100009
9 100000009
9 584389171
9 804216319
9 100000009
9 100009
9 100009
9 100009
9 291241440
9 10009
9 826385539
9 100009
9 446286069
9 840018159
9 100009
9 116578099
9 716844659
9 442262905
9 224334189
9 865476359
9 266997355
9 741936370
9 817476696
9 100009
9 100000009
9 100009
9 938397417
9 850221509
9 742909697
9 100009
9 100009
9 100009
9 100000009
9 10009
9 10009
9 100000009
9 712510519
9 718476849
9 100009
9 100009
9 52320429
9 858654879
9 100000009
9 100009
9 774902599
9 369761394
9 100009
9 870646819
9 100000009
9 189829734
9 100009
9 604135729
9 100000009
9 100000009
9 761163319
9 100009
9 152426967
9 214044389
9 100009
9 495178289
9 100000009
9 540328359
9 100000009
9 100000009
9 294659151
9 100009
9 1000009
9 708297986
9 333441079
9 100009
9 100009
9 100000009
9 100009
9 568950563
9 100000009
9 382740290
9 162783911
9 353457759
9 100009
9 100009
9 100009
9 100009
9 100009
9 100000009
9 690138436
9 568840719
9 620099894
9 320363769
9 10009
9 746870419
9 100009
9 100000009
9 944409210
9 100009
9 100009
9 100009
9 298143075
9 490473161
9 100009
9 100009
9 10009
9 941311378
9 100009
9 100009
9 944951736
9 207051059
9 233343239
9 975145472
9 267362129
9 121922560
9 672218269
9 777230289
9 100009
9 871564739
9 333007129
9 812255629
9 100009
9 953676042
9 412328249
9 100000009
9 100009
9 100000009
9 904605559
9 100000009
9 330463409
9 100009
9 945596075
9 350524439
9 223546079
9 580904932
9 732740098
9 787525809
9 100009
9 656208779
9 100009
9 100000009
9 429811075
9 343482901
9 100009
9 484342529
9 612542659
9 802379289
9 100000009
9 938074930
9 100000009
9 100009
9 814855609
9 948477424
9 863808889
9 100009
9 405452719
9 10009
9 982402750
9 100009
9 490936158
9 427497285
9 614239560
9 653687469
9 246983871
9 100009
9 100009
9 100009
9 100009
9 397788701
9 925631117
9 138422129
9 341793275
9 100000009
9 770350789
9 367377609
9 425561049
9 558150139
9 431442059
9 100009
9 100009
9 650632319
9 100000009
9 100009
9 409962650
9 594060019
9 479317626
9 100009
9 100009
9 838610439
9 634237594
9 100009
9 100009
9 933413311
9 10009
9 100009
9 961707160
9 100009
9 203207329
9 925331195
9 100000009
9 886395440
9 100009
9 100009
9 991350147
9 100009
9 104179009
9 730787239
9 100009
9 100000009
9 866582990
9 399850145
9 100009
9 617382449
9 100009
9 742878519
9 480929877
9 139399280
9 100000009
9 194505478
9 100000009
9 759702124
9 100009
9 100009
9 100000009
9 796925027
9 711094905
9 963319428
9 234874509
9 275885639
9 206082139
9 908609372
9 100009
9 184681549
9 100009
9 100000009
9 919892647
9 910525973
9 100000009
9 976929975
9 354479635
9 763299810
9 122995420
9 100000009
9 866257869
9 534361691
9 100009
9 275439753
9 792741557
9 498423754
9 308653859
9 10009
9 567331159
9 100000009
9 100009
9 100009
9 545836920
9 801916518
9 647659253
9 849649025
9 100009
9 897985798
9 619530502
9 924598760
9 100009
9 100009
9 490390025
9 806350619
9 354993184
9 186592620
9 521720139
9 314980008
9 759702103
9 100000009
9 592045479
9 367012829
9 101603829
9 935971261
9 991179904
9 455576379
9 399407150
9 129091675
9 100009
9 100009
9 495258455
9 599697665
9 100009
9 100009
9 100000009
9 100009
9 845671159
9 100009
9 867879154
9 293811224
9 908667283
9 673158629
9 235555459
9 100009
9 100009
9 298071046
9 100009
9 618121599
9 260527509
9 610989467
9 712015697
9 100009
9 314100159
9 543331249
9 100000009
9 100009
9 100009
9 678383009
9 886852982
9 231275739
9 400677709
9 100009
9 583893538
9 100009
9 100009
9 100009
9 100009
9 399326699
9 582188249
9 311904495
9 579121837
9 100009
9 269202705
9 100009
9 100000009
9 193041804
9 266373908
9 199823878
9 100009
9 100009
9 980448177
9 100000009
9 321474669
9 100009
9 100009
9 556639542
9 100009
9 834488495
9 100009
9 329205113
9 100009
9 100000009
9 656126498
9 670546659
9 730814139
9 100009
9 324459511
9 589363442
9 580025589
9 857377039
9 725043139
9 100009
9 261342069
9 100000009
9 100009
9 100000009
9 804481059
9 117332509
9 589377126
9 100009
9 100009
9 802765139
9 471183419
9 380972166
9 814495116
9 943737823
9 100009
9 100000009
9 100000009
9 769884625
9 831059784
9 100000009
9 100009
9 100009
9 100009
9 272344929
9 921316635
9 251122739
9 100009
9 688403009
9 100000009
9 849642065
9 641616946
9 189006888
9 100000009
9 100009
9 100000009
9 344181489
9 100000009
9 100000009
9 330224899
9 100009
9 100009
9 100009
9 100009
9 100009
9 100009
9 100000009
9 192514748
9 10009
9 100009
9 805047639
9 100000009
9 575334549
9 100009
9 100009
9 1000009
9 365604579
9 119908837
9 100009
9 100009
9 100009
9 198702173
9 100000009
9 100000009
9 405273589
9 267437589
9 433846119
9 124781119
9 100009
9 622173269
9 100009
9 969529869
9 660280279
9 737721956
9 100009
9 954473746
9 100009
9 854733829
9 100009
9 100000009
9 325047159
9 100000009
9 100009
9 461069089
9 217888292
9 128796924
9 100000009
9 299572788
9 447728339
9 861275159
9 100009
9 802106029
9 322212829
9 897596221
9 100009
9 483536049
9 918640656
9 100009
9 271362269
9 100009
9 100009
9 10009
9 332687349
9 313914606
9 579083399
9 368013896
9 100009
9 414116594
9 100000009
9 918502493
9 518758609
9 100000009
9 100000009
9 100000009
9 100009
9 301147669
9 1000009
9 619418274
9 100009
9 381258389
9 100009
9 987000932
9 100009
9 941066579
9 100009
9 625802369
9 100009
9 759980373
9 806251849
9 971747020
9 730048579
9 100009
9 100000009
9 679728986
9 765541869
9 979164253
9 1000009
9 499829347
9 100000009
9 100009
9 100009
9 299345106
9 487412459
9 480454089
9 932514593
9 100000009
9 451095211
9 371892683
9 506609563
9 10009
9 591177725
9 100000009
9 419990678
9 100000009
9 100000009
9 100000009
9 468878519
9 769020771
9 100009
9 100009
9 543028519
9 100009
9 100009
9 100000009
9 100009
9 100009
9 637770829
9 100000009
9 447058349
9 459652398
9 494565292
9 100009
9 100009
9 100000009
9 100009
9 750456229
9 100009
9 825056029
9 100000009
9 100009
9 100009
9 100009
9 852083029
9 327486419
9 942617478
9 616685941
9 100009
9 393465130
9 882793240
9 259444585
9 653967528
9 100009
9 912392790
9 100009
9 100009
9 921131446
9 100000009
9 692740040
9 923739787
9 890932673
9 518027839
9 361149262
9 725341149
9 793691510
9 100009
9 100000009
9 297883292
9 552909629
9 941176196
9 100009
9 100000009
9 100009
9 100009
9 404817209
9 594587698
9 100009
9 100009
9 486115019
9 317600439
9 100000009
9 626620669
9 100000009
9 808487951
9 290021487
9 100009
9 740126809
9 100000009
9 100009
9 100009
9 100009
9 274737349
9 777154379
9 100009
9 100009
9 232644900
9 100009
9 717340995
9 100009
9 134662195
9 429032351
9 100000009
9 941558824
9 100009
9 100000009
9 334061439
9 151540409
9 100009
9 100009
9 890800463
9 100009
9 100009
9 994393039
9 529099818
9 400370219
9 100009
9 512987803
9 100009
9 100009
9 521881679
9 100000009
9 503770619
9 645098169
9 887980004
9 492826615
9 747144629
9 704311219
9 100009
9 793198658
9 100009
9 100000009
9 100000009
9 100009
9 372838509
9 326512469
9 100009
9 1000009
9 216457194
9 886821159
9 400182229
9 704840279
9 935291489
9 260673879
9 100000009
9 706701439
9 120140469
9 125063089
9 100009
9 100009
9 563842619
9 440117219
9 100009
9 546298735
9 100000009
9 562538429
9 308094492
9 100009
9 834025879
9 100000009
9 100009
9 557627879
9 100009
9 148765009
9 100009
9 388972248
9 201526209
9 100009
9 898101322
9 633757889
9 478688619
9 299550515
9 326223559
9 100009
9 969284530
9 100000009
9 100009
9 986753762
9 100009
9 544397290
9 787288906
9 285024739
9 100009
9 916406582
9 436954753
9 662472529
9 488636049
9 956392946
9 100009
9 723448089
9 100009
9 100009
9 957225234
9 951088129
9 874330309
9 100009
9 103989271
9 100009
9 862983789
9 10009
9 621575879
9 100009
9 166331309
9 477982642
9 392146711
9 100009
9 412691563
9 100009
9 963239913
9 100009
9 100000009
9 10009
9 756099933
9 100000009
9 495821651
9 280558985
9 272188889
9 254490684
9 100009
9 100009
9 598540897
9 455629746
9 793636183
9 100009
9 674814169
9 285576009
9 706012129
9 914211037
9 10009
9 264299582
9 665728889
9 447536059
9 100009
9 100000009
9 958699300
9 113074279
9 100009
9 100009
9 100009
9 492731587
9 652516579
9 447910524
9 362661969
9 100000009
9 163015999
9 100009
9 873743749
9 100000009
9 748326009
9 152248829
9 100009
9 100009
9 100000009
9 100009
9 490053035
9 946411675
9 494710601
9 100009
9 474027369
9 794666827
9 976215740
9 947866538
9 100000009
9 239248469
9 549969229
9 100000009
9 100000009
9 100009
9 100009
9 100009
9 100009
9 919386227
9 144436319
9 751353459
9 607743639
9 100009
9 162134902
9 100009
9 100009
9 740867109
9 736850129
9 10009
9 651728669
9 731955261
9 100009
9 152983098
9 837353169
9 408770209
9 100000009
9 358531947
9 590194716
9 100009
9 101041839
9 100009
9 100009
9 100009
9 100009
9 100009
9 100000009
9 480631629
9 598395609
9 100009
9 100009
9 700206679
9 100000009
9 582073398
9 100000009
9 208466319
9 100009
9 751194999
9 993560365
9 10009
9 100009
9 260738049
9 100009
9 758542779
9 463454895
9 100009
9 617281209
9 100000009
9 10009
9 100009
9 389592901
9 670399697
9 685601049
9 456201839
9 100009
9 724476169
9 672154093
9 309490658
9 262235609
9 136719212
9 374147209
9 100009
9 100009
9 154876559
9 100000009
9 343622809
9 878349900
9 492320961
9 815982898
9 750716957
9 459440008
9 771120319
9 594706180
9 680337689
9 957387348
9 100000009
9 10009
9 374908798
9 250857649
9 100000009
9 100000009
9 838926835
9 100009
9 10009
9 493591361
9 100009
9 100000009
9 456572869
9 100000009
9 829838250
9 409687772
9 965527312
9 918981107
9 100009
9 100000009
9 364370191
9 635768509
9 100009
9 294443340
9 369310402
9 100009
9 100009
9 472416809
9 100000009
9 949058459
9 100009
9 318328209
9 10009
9 100009
9 100009
9 110865519
9 971076779
9 560978197
9 243606289
9 100009
9 100009
9 439581133
9 100009
9 100009
9 100009
9 100009
9 100009
9 100009
9 100000009
9 147677589
9 869738120
9 501073319
9 10009
9 100009
9 986247262
9 284685960
9 263126903
9 269780870
9 100009
9 173987871
9 100009
9 462710879
9 609325997
9 144364129
9 100009
9 843592876
9 100000009
9 647443928
9 808511319
9 581096232
9 100009
9 535982405
9 708459333
9 145687869
9 100009
9 751828869
9 100000009
9 637945205
9 710081209
9 145353499
9 10009
9 100009
9 100009
9 100009
9 100009
9 525906212
9 845728259
9 100009
9 100009
9 989725255
9 100009
9 100009
9 474679715
9 100000009
9 815248119
9 100009
9 100009
9 100009
9 100009
9 100009
9 162275039
9 517430869
9 242156419
9 100009
9 262376059
9 100009
9 299124450
9 100000009
9 100009
9 100009
9 927248498
9 100000009
9 100009
9 439100190
9 100009
9 100009
9 100000009
9 758294562
9 100000009
9 100009
9 100009
9 767492143
9 291221145
9 100000009
9 100009
9 100000009
9 100009
9 829561583
9 100009
9 10009
9 100009
9 511521009
9 219134590
9 100009
9 722810359
9 627093861
9 776119345
9 100000009
9 100009
9 712672889
9 892485099
9 828819198
9 598415156
9 585169413
9 500715819
9 100009
9 100009
9 229295080
9 100009
9 100009
9 100009
9 368820009
9 100009
9 100000009
9 768059269
9 100009
9 309242608
9 358945130
9 651098203
9 530172069
9 100000009
9 692179732
9 122164739
9 361598220
9 663744139
9 117396663
9 412771659
9 100009
9 666197517
9 100000009
9 100009
9 430212955
9 793030276
9 100009
9 825337529
9 994574080
9 100000009
9 101853669
9 100009
9 100009
9 271170389
9 100000009
9 828585769
9 344088539
9 100009
9 100000009
9 377861119
9 100009
9 879624102
9 100009
9 350734991
9 355995656
9 310883229
9 881360960
9 250514939
9 260336829
9 659754252
9 100009
9 100009
9 100009
9 438688294
9 100000009
9 393622075
9 186833679
9 100009
9 166258139
9 726172179
9 100009
9 797734994
9 100000009
9 100000009
9 498796864
9 483232319
9 100009
9 100009
9 100000009
9 299422779
9 288239451
9 248894746
9 167401269
9 637633179
9 304995962
9 554825659
9 348765569
9 988146806
9 100000009
9 578700719
9 539662397
9 100009
9 702626986
9 100009
9 100009
9 100009
9 100009
9 100009
9 406866796
9 100009
9 196225974
9 399339496
9 253269663
9 100000009
9 656893705
9 620481859
9 10009
9 100000009
9 100000009
9 852449148
9 100009
9 162463049
9 206005649
9 100000009
9 395017447
9 309252561
9 458540159
9 592875462
9 311861589
9 100009
9 100000009
9 100000009
9 658098329
9 207903123
9 998003557
9 485121691
9 100000009
9 100009
9 100009
9 100009
9 242797916
9 371450739
9 115713039
9 116247249
9 716110970
9 877206239
9 137853849
9 429701868
9 718423409
9 883840159
9 481573149
9 100009
9 614019222
9 515887749
9 100000009
9 100000009
9 100009
9 365980047
9 906792349
9 203786519
9 635861139
9 799724414
9 301717079
9 406316289
9 284491336
9 10009
9 862604379
9 357303059
9 100000009
9 100009
9 138823329
9 896742931
9 380026139
9 100000009
9 505954704
9 272184869
9 100000009
9 727380479
9 657005259
9 100009
9 100009
9 100009
9 884830589
9 100009
9 10009
9 100000009
9 874155989
9 623394084
9 100009
9 306304219
9 125235493
9 100009
9 246344069
9 895211660
9 578019227
9 100009
9 939025354
9 954305820
9 732249076
9 100009
9 364516935
9 100009
9 951936372
9 137115966
9 701126459
9 784041789
9 100000009
9 282099834
9 100009
9 545142379
9 100009
9 100009
9 140646749
9 436538489
9 100009
9 100009
9 721923165
9 100009
9 432055798
9 100009
9 891377929
9 100009
9 507726679
9 127804519
9 911332248
9 411624679
9 100000009
9 100009
9 10000009
9 675932394
9 1009
9 100009
9 102689843
9 288356976
9 100009
9 387657069
9 116182449
9 100000009
9 100009
9 295126992
9 100009
9 932043687
9 878829660
9 762690275
9 136267279
9 113476839
9 100009
9 641885469
9 100009
9 100000009
9 100000009
9 100000009
9 844332769
9 132214969
9 287925577
9 348438579
9 221007169
9 206216549
9 499411375
9 100009
9 279731207
9 958972562
9 509094552
9 1000009
9 663901846
9 971351733
9 100009
9 10009
9 100009
9 898624815
9 592681508
9 518969196
9 131502889
9 756428946
9 789711467
9 100009
9 100000009
9 995848248
9 157378579
9 598599364
9 756787859
9 788062469
9 100009
9 100009
9 100009
9 745442916
9 100009
9 100009
9 284064779
9 100000009
9 100009
9 100009
9 189622968
9 100009
9 100009
9 401516189
9 100000009
9 642648149
9 100009
9 217189338
9 715017159
9 100009
9 100009
9 100009
9 100009
9 100009
9 606750029
9 534283089
9 714312259
9 483787629
