24000
89 110
90 100
999999990 1000000000
8 100000009
123456780 123456789
609664863 651860254
98 487466
9998 994115
592871779 600401512
98 341465
110783394 857580997
8 362615
455762408 456649367
41139848 943019915
957137027 974996784
225738931 601093695
98 979808
472043749 653128805
998 801497
800473089 970894469
89 334275
998 132843
837593672 979969976
759989451 770248362
566883566 627424188
99999995 100253244
576092981 807623844
998 926042
89 34956
919932815 938863967
776781906 832948982
99999995 100725884
903190854 958604264
98 649583
400773919 874660038
787506047 999186100
8 711766
684809121 873230407
45862179 46632632
9521239 186355523
104944864 126204182
89 28066
9998 519249
99999995 100993331
831467450 978347364
9998 684284
998 459805
735644392 884774203
99999995 100017716
9998 216342
257609433 321661559
120856172 590984725
99999995 100277086
233663130 961035247
732478319 839275095
99998 382665
37358836 781449134
9998 685589
998 300056
484305754 506589302
687143887 773393771
15531866 356374441
408026575 907344335
631144472 798845634
512719290 859889805
461760661 661304971
99999995 100306693
998 129244
98 538470
99999995 100886114
417151097 842420578
56181677 158215421
89 249803
99998 897026
378361067 767358525
99998 961074
367420905 523391926
253811533 255937577
782979587 993365566
810602130 997702169
326237505 610002096
191137339 947978878
89 858743
8 610381
99998 849511
89 941199
9998 82166
9998 69761
9998 391017
640059794 743014376
998 573541
198647634 377870981
912312612 973858134
496475562 548665811
89 137859
533495517 555248277
89 408432
89 293598
336225857 554604465
998890435 999914465
952489425 957922458
215289368 623157702
587536116 971946573
98 476784
960120400 961807073
249195731 562822182
213667436 304440931
296811899 664358906
941584668 975554081
682311593 889594153
684270574 961001952
99998 235778
245567448 797810873
540556312 761270662
998 236445
818690556 893275435
989428423 992349916
847950585 975064365
683630149 903034818
127377108 989908573
9998 949517
559203065 732887607
952165018 976476527
421923511 499632673
9998 72697
121975018 423512033
739540589 964218000
99998 864774
347993293 806575676
99998 647875
539324740 713064746
98 561280
766649821 980443897
973724762 974123297
98 499177
99999995 100828163
8 916237
777804552 842698136
99999995 100213922
98 299156
723223975 839088908
966252592 990308662
423962054 475674035
441002954 474342420
412032185 912255899
782562615 806645771
195818185 659670227
687192318 858777800
9998 827594
631473925 654316141
796378468 950987863
55798552 524826756
163488495 472727766
189866653 978376402
998 865651
89 958707
99999995 100101286
89 94574
99998 352210
998 949791
952753200 967752103
998 873107
86586903 742840213
493409058 647234035
89 475095
970853688 975975550
449033590 835540810
969593796 993647468
581550752 789098393
252892079 972526374
429778132 475848482
98 879003
499394932 865171471
393859043 796522798
498145178 960129517
98 490837
8 606280
233590848 295662111
696230542 881284009
99998 452855
836871208 932467546
923741904 971957763
489813206 979952247
381619483 933000663
650042263 675858857
385220938 393819187
998 788565
595310718 679962328
376330500 597518481
763798942 766138813
111304819 631980398
379640458 773182279
941533340 966606769
774230142 842653334
8 343884
8 866733
99999995 100511486
765575086 923713129
99998 489680
153445532 185318595
367970454 414500507
638607363 804026809
99998 356947
89 787007
98 835185
951742692 953006541
89 220358
559564847 798312975
998 644267
105691229 633421301
678337993 822846939
533012589 578114282
511243943 796977716
531671056 888503579
196842631 937894394
9998 896723
909734793 910761959
6309266 694614107
99999995 100169783
246384765 704352431
99998 423855
8798284 636604970
573028796 608334992
98 146168
378776829 951254498
998 391087
694135330 945222301
8 352042
558229420 879766052
998 821987
324334064 892184992
769894818 955341873
9998 909013
204160510 742251629
261477773 551878187
998 648082
767373938 897088454
98 571474
420993778 673172745
731722725 981740077
642968800 714806298
176006851 782854180
614813327 665076861
265290095 664050643
8 227755
353737597 588330953
998 842662
320229156 468891240
620954752 824779158
716752107 938305741
98 990790
998 665396
99999995 100814183
998 767636
90657162 834919388
254031732 694243198
643019012 833578231
29159660 459557470
525349897 878335069
941090024 987247669
99999995 100730668
99998 830734
99999995 100162863
730150413 843421149
8 182825
554949771 848838059
85839905 340418468
9998 320521
224678264 282935491
801353918 988089863
89 936500
910081881 916582820
988979478 998555609
455740027 922901752
8 901641
794711744 822963290
98 826739
9998 819361
827833373 946693112
31702318 184799439
98 564884
721355787 955934098
99998 872102
604957626 755404004
998 290633
609907768 680147328
195150366 269817828
492957616 523571527
8 876494
98 297550
99998 1020646
865031908 923617491
926626272 976514551
369711910 969331823
233807951 536599634
507260204 979099468
262491106 662747804
560800191 755696143
295284665 317893281
121153941 998075048
654965922 679792634
998 719585
99998 363765
563549411 865783311
998 395906
614935757 782761408
8 522415
543136458 684639117
9998 884572
732643801 877259638
792286634 954031533
494927223 610312446
98 127171
910785455 960347741
90881210 864251172
299178036 373931477
9998 429176
99999995 100519691
27472255 614921886
777378372 780070920
250566444 889865414
411119119 509143975
388346814 644266782
9998 489793
98 469018
770698284 932797464
99999995 100314863
555514702 606362758
232112946 536057054
68249333 401289000
98 426234
208898819 674568962
716676400 823479307
868855873 899857192
503516197 689443415
89 812534
300598029 796770879
314427193 804736317
422697059 564691018
244911093 305829833
829404517 841392947
99999995 100258698
98 114169
660415499 993824600
802458587 968214585
8 106301
834973485 957493095
679422927 822194505
310194301 385345780
8 574389
875740904 956779808
479544289 799420160
935221969 947527717
129752970 777274338
918302638 938396264
98 149981
476654793 601222410
388923473 755027624
907433921 928722706
592295786 912883167
878203501 981794734
13755771 373841630
9998 535545
878239556 934810107
9998 302256
98 408167
8 430706
79147672 108885991
126701095 583694754
728604577 771107560
148051859 258911592
102093316 290218484
99998 930985
89516956 666946211
201316528 731071330
998 222281
30762521 97268418
633729636 690509545
970258844 976143396
98 643095
596955938 805081666
627533197 720032747
230167496 285508510
434507530 626849678
110863273 128821214
923420529 973559704
527487455 919721936
536933184 900672781
698313270 819655748
89 210559
256903867 527278104
423119836 892006935
484027242 843354504
645491534 740387623
353770491 511502921
165284243 236993628
302362334 583445305
640375752 722513046
210163920 983171352
998 726941
923148401 988794318
99998 996801
98 849795
9998 136324
99999995 100748214
728789825 828829247
308491699 391787765
99999995 100765524
833056880 944666280
722692599 755195636
173408143 284996411
650398577 737298192
89 936084
81932338 783175473
383696005 842993355
858283110 990921910
98 4367
197608811 293251608
314123819 364405999
441129373 701380669
769370987 781456894
741825448 820290404
99999995 100711475
99999995 100421841
522594318 540334370
618911317 770937960
120231881 243638769
235835090 960519363
678301728 704943934
8 733679
433394493 467303115
364937475 438647282
99999995 100273488
553705244 825907600
99999995 100240580
89 652265
9433009 199350622
855416782 923190192
99999995 100683068
9998 59445
381150089 467565638
99998 124170
998 616468
99999995 100508002
89 839894
418258461 427655559
845415601 965542256
740337110 860997393
998 609898
99999995 100110162
474599825 674299518
872720527 905765095
821602927 950486288
998 217188
998 527623
424441721 717770178
144142956 269251520
701186282 922890904
706338070 807580963
422688288 694345143
98 917790
8 725667
462683914 931682206
9998 117298
918219105 991953670
89 514322
524369041 646275607
735054804 802763399
99998 402555
475915613 522283256
726786004 860907664
387352086 551939033
967171585 971777018
8 166053
926806185 981074057
22499964 477343466
883687654 921350344
334357837 378814833
101258884 914770219
89 42484
583921638 702438670
9998 497639
267827619 495222477
10942570 340302960
185226786 220080523
578349602 636502186
466662241 711033568
367976798 605027809
9998 663991
943069117 976707266
424755520 669827273
9998 133424
512832291 754221463
24820616 525364405
99999995 100989852
780868554 948949810
309671270 992954273
90614028 632683596
666511119 881121466
318806248 626864189
511515802 630076503
746747542 899296462
8 735370
312047818 710408926
311763284 627499477
9998 764926
388605271 686559287
8 254507
635944762 792611445
594594278 817990564
8 692033
622188013 842746360
521743720 574313570
844425799 965706671
98 306672
690362173 988574198
89 774955
65519920 919019433
30630569 445038106
9998 281708
988020485 988350814
202050607 730575158
89 553118
98 279662
134427671 301497376
983370852 997902447
99999995 100328182
559136430 689645911
307040904 916107952
471022688 612057418
911243405 911445759
9998 25872
224802933 978156608
99998 176005
624788069 952836578
286409589 398838954
709577089 999033284
89 454309
98 113607
89 878226
650729103 864833243
445533139 574274439
285878982 821197125
9998 383993
9998 856568
8 775163
839058044 867168118
541875292 792651469
115651012 514845445
297247341 878317573
476845107 745709575
446750115 839009597
232810607 769299381
8 735978
998 781870
989298994 998164615
998 640311
259665896 426369115
89 83774
412270272 716028177
163376122 827280516
89 340804
538187284 888066001
105600836 757538947
263734771 809884351
99999995 100646579
108711253 207213930
117865817 204602691
420502897 934141597
998 799462
154389114 633909407
533609699 688229520
707560417 729753641
8 903880
118316037 945825262
99999995 100116062
89 840676
99999995 100420444
932247877 969322521
922680293 966622487
952304014 989788522
816540380 868294083
886997993 912253818
998 45853
455044676 500374478
646040060 873860235
549946438 624284093
775211383 840743032
97919845 974739313
946480039 988332440
374228953 925740535
810751103 968746816
566976238 853760572
9998 62378
99999995 100168065
998 126576
99999995 100895569
98 773920
98 831483
913748618 959761111
665493431 758321802
962783558 987387462
99999995 100582188
9998 984243
676220379 962702461
9998 293863
511047855 970506042
226870760 644227306
181682619 576317392
633121351 694482120
68076044 482625670
98 47879
371087822 401765754
930984335 960231044
9998 483135
989787069 991142612
453215644 594862743
998 422945
105748871 254439569
69433115 747324698
22155724 359970021
999928317 999945961
98 662432
311932509 347120767
701815764 767081952
856436590 870644634
553475297 696762248
386399751 856802116
669334676 741863792
774417624 822643245
431043537 923764521
808396162 873568205
258979791 645764159
99998 160736
178191340 189465597
99998 821940
8 748990
7030430 174141562
98 565728
394607489 991510848
688447746 933208014
580360046 666446749
639402801 667929562
910887985 963130750
89 83490
386566808 662825031
8 624837
751831800 880962666
99998 247776
998 331351
852805421 885167225
99999995 100328425
148591570 340659783
8 697684
514433514 833107349
98 181569
583353320 667433157
99998 404791
898107208 904662956
98 343475
99998 935324
735330695 746109968
89 93546
998 172190
998 927662
782041679 937605360
812204459 897026026
951861419 996102471
998 668791
99998 1055846
910703810 958343039
426050491 613558837
456021489 651607865
170257573 928311098
122724988 171946134
737794503 836614947
646346434 933674150
200877909 232466480
868538692 987408234
221949992 252121877
99999995 100998066
99999995 100917611
998 873834
974417834 993121815
99999995 100322884
997856219 999940083
843547170 850298391
192525967 327908847
99998 1064830
357986526 903543648
998 622408
9998 181766
99998 286681
938747243 958610432
9998 206104
9998 850549
403513930 640396582
98 366730
366379143 573844711
494095282 679042263
319270221 528692911
998 468792
103533245 758867254
998 959823
750640084 956781003
998 326508
950805786 981976367
99998 345497
586032395 820512136
431846460 767767860
99348001 831703855
99999995 100730394
573004068 976442951
17672018 998723622
752226552 771599501
58848725 924984638
8 880331
949146559 956596226
89 995910
9998 585303
98 902840
976822055 978877712
69033960 695593243
881717186 882760608
99999995 100412347
443983267 567804697
99998 771672
232390686 602316756
928074651 974211229
167829522 524088171
897517367 975257433
8 384142
216471960 229554532
9998 158065
750584241 882291699
238690138 303498843
431188125 511369929
998 777499
579807128 867393929
235431994 899121118
900874591 914292374
895150576 901491517
9998 639678
666084467 821115273
680862744 837933927
98 916050
89 727016
9998 456008
89 877223
913279941 940666427
619602713 781033838
345797392 398208277
8 179907
367915859 944419100
56692392 345787567
840792027 893058409
745344850 814531300
646127132 816663420
89 922431
34832401 59108283
159620738 170280810
89 521819
637049587 867484573
334018233 670607578
904646466 991113675
659181851 719095097
99999995 100436809
847288392 906252464
423196500 653323147
832400215 984124642
98 362024
936884290 983995418
9998 870988
8 412613
89 693741
293626515 355087166
667486412 853878616
998 416914
146421976 537450023
116010266 586228660
320057352 597576145
641624247 843373616
99999995 100160769
595123706 913136132
8 105814
98 963412
373888217 764836429
124975851 954167003
8 908034
99998 503088
280302138 388636810
740989622 798989508
908217434 958765186
782140483 904222880
246031731 620652918
525520155 576935614
758274737 840862085
459670534 879900697
746630822 798624195
607444762 803829390
761447559 842101208
9998 838654
670417506 807077079
542410375 628843973
67437823 484382632
59105069 299163909
856756604 980865895
511011272 601043912
139707014 951800655
164134515 184230305
803770008 959366411
103763218 716108704
224970617 327379590
89 844993
9998 514083
699855232 813123085
9998 800853
359127221 538231885
553986800 738231273
954399348 999818761
89 997390
8 33145
716673583 903283870
318433626 754965180
875095028 924764052
619511318 871306604
819500650 936016674
942839045 945478641
89 48706
315377536 844566935
225676250 340475465
408881077 770775088
8 848138
8 333481
9998 33262
552393115 810507620
8 152302
844726768 983404010
348552165 639367845
635300026 926979655
9998 705610
350401597 577423454
8 554270
99999995 100610177
998 364297
99999995 100537520
961962155 975901730
47122480 323497568
991050898 997309303
99999995 100310499
609926478 714493864
139076000 683982322
482313176 993796637
896110843 933679528
144375459 514251894
818495630 979658987
98 924545
98 829469
89 50218
9998 891308
678489362 948245914
225137707 986565870
89 487634
119781102 724847770
9998 407501
99998 515138
80036195 438585474
99999995 100363592
174427720 486150925
112400742 313451565
132489719 896728298
51116423 94993814
99998 582922
696553106 831249867
342811801 730764883
511941006 647379652
47957231 694144497
693394887 850126412
522417777 795142340
502396521 764377116
20841367 375695572
8 891262
98 267291
9998 513204
198420983 385333101
454651300 508217881
89 156479
627377523 874032696
396045588 750183335
986018386 990306410
435739258 728380345
8 499901
98 698313
59881944 697888344
99998 419576
550970762 581660955
9998 627735
603639994 932194667
980275576 989989298
559622009 739336893
791109047 930556267
690125497 910818465
406205346 761038608
99999995 100856507
845282540 910130248
72278 165905651
334433860 481445049
746080685 855240369
93145521 905180293
478668374 534667693
8 948254
550796181 994081603
672103329 828082319
135589813 851343086
998 682988
823722362 850327380
98 847569
89 783270
98 778680
581902665 853857564
89 896581
661683978 794654314
8 284283
852833057 905409308
99999995 100476772
585173061 973288714
998 651513
253511463 335378224
8 45762
8 522749
215818950 469863479
89 143088
745283718 774194087
89 174081
402375175 714199479
931963180 967762949
819790205 994734542
9998 997042
891940806 985962731
737116336 942802327
279996033 424315511
959304382 975858620
533875585 583267803
774143369 879826250
66199915 615147266
8 884788
998 710074
99998 761347
781847133 914912050
9998 185878
99998 730565
148758823 330188375
106398377 858926328
99999995 100000848
737138196 807018412
368964498 881147536
99999995 100457868
850988260 988324612
697663064 726622010
810510512 936303150
98 612210
635251393 643027914
164869525 330284076
89 236453
8 607969
219520269 436792264
690441404 967781875
229259489 621957823
89 100761
642495673 835903185
679825352 893957281
188402399 733428658
374575230 742171507
99999995 100966636
89 841384
998 695584
27963524 425875192
693250492 844327432
595838285 956968544
8 692552
89 608467
397349625 588470675
998 107482
192995354 801139003
144353072 154701179
995068143 998742367
368276994 741514966
99998 591334
989261337 998199468
239643035 694046928
94437017 927656998
959229174 995021552
998396795 999349781
244207301 676167879
998 376729
397470212 576969753
763226622 832105657
75390231 355248101
182055192 789015812
99999995 100158408
98 605995
51028924 140047453
764455064 938585697
835228869 934627786
99999995 100217453
83331986 186013470
852387661 858580919
316070617 411800685
997474090 999201714
733245326 984928906
300182171 368926145
193705275 668719053
879686992 960311996
921758679 959956620
86771347 174906791
108442400 753547952
99999995 100847824
760971368 808201368
9998 37324
8 36826
663795227 992252541
998 343909
502346436 741512749
361577269 922373799
359427187 715595947
608925225 675486244
99998 1001608
99999995 100330789
87630569 457072611
9998 107840
470256553 866031172
998 873220
534115788 598693711
99998 249992
98 103837
398837387 727114037
99999995 100876355
687440104 956558301
99999995 100159954
753674757 941178557
998 777666
99999995 100965065
439084123 806779624
907511911 910980884
8 648202
767239079 840950805
196066290 331341553
975286590 984371188
938536742 966196297
99999995 100336691
99998 949533
99998 1094003
99998 275583
653627699 792804531
516044327 886275045
89 479177
89 500955
556887412 616054957
391809293 951812228
8 555735
393661149 518566546
48005966 989293085
545909088 616520200
896084061 938941609
98 296670
420715065 872273714
998 115135
15584484 359024786
676760721 979009954
9998 480879
215726914 955971859
998 504898
369212695 712982664
303095143 632447901
166753027 763477959
89 63719
20798347 158534123
237019528 569122584
315533421 515171084
99999995 100537643
408334657 503716689
927927995 940319229
645188796 914630364
89 254913
813212227 826077619
937522194 942104169
388305046 865182122
331030108 973663221
472303073 506072092
409250414 959843747
778126805 932898444
99998 257098
510626827 856608467
809893873 960006138
245651094 256032219
8 459693
206821591 658233527
99998 523435
417822491 628014792
994499968 996153940
8 478035
89 131895
99999995 100726499
89 2197
722769890 751301669
835428834 962220815
309496023 602979128
541601257 826190641
245832916 917243735
620788441 661121119
402111841 641154254
144584839 842465262
18794660 87818994
998 448392
89 110008
99998 362753
877354116 991897392
8 843695
496327880 675705251
492554276 903593088
50675378 121401933
538416796 712786823
974465195 983734053
324228695 498040091
407216409 765878100
895306179 949225329
668672175 675745226
740054647 829085578
364438925 825108682
288711895 357816980
339667085 493405063
99998 249605
778108371 813923785
838931566 927401904
881340076 947388023
295983385 885233019
623856141 770408115
448674421 718606321
486722846 766947044
211298360 613614843
560050494 750914210
263901770 308930412
402444266 790013558
177008255 523685956
99998 624708
99999995 100040382
102775214 366188148
8 188629
89 226735
811766419 872120252
998 659434
367537253 496792141
98 574587
99998 965311
98 948515
998 344997
99999995 100440347
768964930 794600053
9998 364858
984685662 998248161
9998 440207
181615448 765911525
609957787 938357561
830465532 976286870
492052364 559020449
99998 360045
904677730 932117304
98 105842
787363385 941565822
99998 284623
836744878 954013712
363764236 684331104
98 940339
762269238 824462612
517076083 763718338
25666337 876245935
698330393 721564727
825684258 828820975
98 788627
689028754 707598135
99998 739718
638883016 847788497
448081947 829161376
768768150 787739561
816671286 835742142
8 93708
191438729 725890175
849330020 929806523
307127849 823459855
98 505913
489931912 776718912
953410981 990234454
895684476 905240521
217730304 448306072
566123713 933439025
496777613 622797190
99998 539479
393435498 474776423
8 889531
383901295 588190628
99999995 100828266
89 106862
21703390 400666164
965012106 975769583
874166199 936964412
9998 626341
9998 335854
8 31687
499267340 635088725
27281463 62349495
98 359170
253071430 717663978
296392892 585457044
519573460 597518465
348050530 943062513
495391374 998009113
615800833 759538048
148748101 900060435
426006550 618238805
170524484 223047532
9998 96878
99999995 100415620
9998 805110
99999995 100399060
98 481590
8 48750
9998 525881
99999995 100936885
99998 1050065
99999995 100479708
724124305 982497012
99999995 100423807
89 579054
871708439 907131621
701220897 808828993
279628031 705327144
688833265 724815940
239526101 427029972
819330319 883418098
42713737 233889923
98 141995
998 80068
99998 710972
98 372015
732702851 763914972
9998 288180
860838865 945964953
419583274 925023015
545414349 545677139
703716571 785773899
766846956 921431727
99998 763308
887419169 986326408
615695038 842730289
920091639 921777885
392911322 471572465
9998 955217
200958504 213200117
99998 865511
482095582 681361411
616945424 691195867
851227675 906486896
614736776 886221222
89 923515
343888473 773461528
609622242 611644164
409702773 533618702
98 463038
25527722 161823697
99998 826308
998 538973
315341466 396825740
7198338 689390340
378863451 815966088
472487725 671413307
702898077 758581661
223175261 925503930
918015677 972886545
327926755 869028230
99998 1028065
89 620916
778483142 908452885
99999995 100623346
89 327224
9998 733558
89 649730
754150195 848237115
98 888701
795564693 937381010
998 23483
465124546 809982921
627609126 905277295
577657609 887791899
760646034 950222517
89 323936
848090248 952489988
609428418 838792044
99999995 100758281
9998 874867
99999995 100881937
998 145430
998 564009
114730052 644033394
256328237 867813869
584188150 851658360
789630527 817933535
690909192 787151408
998 613535
620476059 622768191
506534795 560795995
286185714 500956802
37974172 344974053
564143964 637807722
835776734 963975235
103880754 493346093
998 388820
459845146 886128366
98 704139
927347849 940859828
9998 935731
89 920668
184449669 539288990
496242030 823095613
99998 686778
998 194458
98 883207
220082777 595707952
594982716 648559897
606000874 876863862
877409069 964699874
611884156 880231506
236537145 559298689
228220330 884333123
853087055 926741888
264076049 313464714
230267974 385165603
998 597322
9998 29436
99999995 100575706
998 22256
201177743 864536375
902156423 914496170
942798253 946947189
726838316 921207790
415309004 658940323
440115389 838062724
9998 938116
144206094 716168993
846325765 902174581
89 430092
461677803 950558344
89 676928
96241785 135723791
98 403214
928393672 945949688
98 130010
355234751 704425354
212722353 367319615
571300000 859221478
551023654 998679284
918871471 951533511
453137331 501281660
855490645 943771863
8 134570
98 78854
173544337 369884387
8 544466
98 330158
89 152893
99999995 100684233
389025803 776757868
99999995 100995681
89 724605
314881517 417551920
365981439 580097205
698785386 958768015
189566236 237155940
998 899104
99998 741658
98 506852
89 687729
297204830 804935020
777409151 946971398
9998 11745
98 34593
234092899 480290186
347820575 370841001
872160968 972685332
376939701 904357819
730055713 733252161
309157696 713165718
694974400 896231433
998 283459
998 147830
20437452 139014872
282858681 376512497
89 425357
42268634 462960333
828975074 882593331
602230484 940612875
378035427 967724845
90140365 431026398
37473298 920725722
161989520 577229955
398892249 476355838
368811586 849838446
177006448 644400665
99999995 100214916
383019687 615224285
596264368 735377833
99998 848698
418430571 963339852
998 478786
89 349445
89 126642
347712697 737823159
968430384 976811667
348659994 448897176
826673721 934927214
235173678 337705479
775063161 965151458
8 769885
585892030 869674347
308876988 372124313
99998 965184
407672245 784631499
318665607 460237128
74084841 545371935
855192987 931051878
554830280 737790133
8 164001
266217447 380068596
41543996 509743640
190050400 815268742
591708860 755271234
998 94012
904105302 986362316
99999995 100877986
9998 952568
98 480873
956115115 966843440
259259083 273899129
98 761380
465522665 483941645
828427457 861342192
705140158 981579687
923211651 968154056
8 909526
874790282 965661701
938772513 945679359
8 607095
98 324519
165393960 982182128
788662356 916753389
89 602321
184159736 960747644
237971274 281652950
161058031 331467767
98 680973
99999995 100183714
9998 359550
547734493 796239317
773519881 780131074
998 294174
343470271 365485768
795140012 825576318
758114196 926252320
153647512 641663180
152517256 456509647
448945171 720981615
9998 283363
284766711 868216691
367901499 896947651
8 356742
54987220 477864476
93978525 377937916
99998 272477
99998 930986
998 784052
98 622725
99998 416893
8 262079
612807781 810008438
24786206 945021979
925604283 969024411
535810713 969410979
104512386 774970492
784402645 962563259
99998 923098
358567278 567871645
154685283 275255388
838142822 968961932
724500559 918093118
8 623047
98 777133
747472640 928588888
64186824 921175151
45775974 432095723
567076267 673349020
998 968560
824068325 885199607
89 99114
9998 430516
9998 82590
89 294835
335272957 986376302
680498582 825060970
998 82106
85809001 193101385
711062513 991730570
113184228 217078166
98 424920
9998 79402
9998 572806
293799004 945948069
10181484 939949859
504391820 822799657
313934378 962586400
9998 726699
627675003 681804815
947987928 977845290
552936674 849138600
99999995 100896392
169731977 818292604
998 18578
89 856567
9998 264934
99998 201135
133842218 553920565
691129937 831385675
8 360369
89 273306
89 366260
280379111 306072130
9998 709436
137248338 878265624
89 502084
319956356 920973288
998 184466
630688079 747099819
810378706 934198008
99999995 100002101
570034530 654457965
920435129 999383063
140677905 207493541
255287058 541121007
431518891 491127525
98 611598
252927856 786079821
17790292 153370082
476203640 505232803
717676037 911570555
349013804 564077770
89 588646
436655626 886057874
98 919931
986449573 990455159
794724725 878470276
998 290373
700257177 784525804
247992154 775816440
89 795775
583196073 756681494
343557537 411516652
98 492291
188906222 695287919
98 93498
9998 430521
54215761 472846495
730422816 835073210
89 402970
925640135 969859380
155914384 962218504
307975708 336651964
50768888 995166950
705423506 749413231
98 168175
998 5304
607686804 678950027
595141194 934810911
952856382 998555824
8 757403
501030186 897114574
957355639 985575880
624078539 761098755
89 471706
8 201181
475698638 906984099
956404731 988015958
618487940 640101686
89 519151
626324499 835460545
466858799 939794194
613785963 784468172
8 610218
545130964 711263893
98 977852
69100519 534621157
290598908 977068677
40768794 213666681
99999995 100465321
406321646 946509164
99999995 100083680
99998 686223
730859962 842196254
54836673 171575140
98 839617
450702207 667711198
589021604 604113302
99999995 100488769
674497779 713173786
135095016 191031770
555983347 573368342
265783778 944356760
645628517 966611879
539381704 948020280
99999995 100290316
650762542 947450857
98 866771
998 694530
98 550042
817012624 832417769
711033001 813572598
565692734 958370182
332233184 502178563
893781430 971637313
968335576 993188346
116616047 922459414
435017099 647687200
784298514 940815649
918410510 971185043
89 839689
99999995 100707222
340526016 972982871
98 484577
121748889 735690483
89 678876
99999995 100575124
217285229 473502489
98 505250
99998 619847
609319417 815184484
545711751 984029171
179092819 813940534
771278715 803096528
434064462 982617764
634010083 936148301
992154924 993794790
99999995 100998869
72487424 606300455
145931399 763345123
480609029 968562629
875008559 959627581
640410500 769580752
290665938 928530903
407381616 520091111
828998291 964601821
842039954 977863060
90302250 509559667
526755615 933173068
98 473567
932555786 987327367
411939242 762765295
8 147720
218481784 292239359
584732991 881312539
9998 281012
121446096 861544489
150653099 836884955
27834425 924799444
635062177 780872674
9998 464582
8 818636
289460443 354372243
81552490 181652572
729540716 881966947
99999995 100958020
482141337 585069862
350305893 778244303
98 955438
559268751 635839802
8 315458
998 815614
279647548 898968752
359474132 580742777
99999995 100697631
99999995 100862930
98 96445
600231508 868803942
187247613 985308578
633631307 668972047
811931049 868391223
810312841 868816308
117814219 142863515
894470182 899089357
346944962 915655855
360188130 919803853
998 182021
353530681 554663676
822052139 841551155
499416680 810297171
854237147 893506584
98 890940
961037277 983602394
473597811 529545908
99998 1057691
170200816 668887198
819851652 836350707
570003682 852787007
218146380 558343067
98 769934
19510366 76548793
588349133 967737157
618634396 903521869
98 702087
210339928 905763241
78390403 516543560
298954322 882276699
9998 565176
99999995 100872952
611851608 766843294
774190093 802614741
373920459 700544326
8 765236
98 722650
337036754 741496630
674848215 701398306
99998 936723
57164668 110373457
610118787 641369625
700036604 709755094
99998 169005
489726682 944920001
646233376 708385354
608515316 823276487
99998 875532
748868150 952894160
98 545356
472712671 749359122
99999995 100758024
401592677 804595258
89 463752
99998 220164
202148033 498212419
99998 397531
604074602 929729563
99999995 100591611
98 25058
630530880 754522130
413495480 999721299
98 882075
998 214339
872885652 923122592
99999995 100890176
909023020 929955628
9998 686966
260131291 369293233
99998 619679
751079037 771924076
99999995 100722515
193970654 917222597
99998 129382
886842009 982645641
932737387 965405959
363730048 965278944
147467258 177169079
98 235587
998 315199
288546934 938514919
808673999 921935670
99998 271563
134699222 524678401
928700017 951821735
89 405130
605822985 781299162
118110975 670237816
705293779 725488641
189195443 597648037
669077685 758684438
89 61800
998 825622
329221101 722922602
99998 127212
824540341 977925110
388838055 614724449
260360355 486027951
904848514 928129580
353323374 894436296
614217529 961330741
411867612 601823792
668449291 903681322
98 624231
47588498 108514276
426295295 954516134
226603977 425369246
331017889 694672979
557959225 867355297
535156575 552321479
583315046 713135592
89 744946
8978842 708998602
99998 546581
936984948 963364505
872920763 993488648
212500792 284100701
109091345 128669948
89 493181
99999995 100840493
101507440 988751274
108291546 428396199
998 250390
998 524776
647414401 827233024
89 553890
763038041 895924990
998 649084
98 478006
988302759 992124012
558143855 735016073
709655413 807211090
630842343 849228363
147661355 321184143
667007156 708592300
978498453 999787389
8 870057
928944314 975315185
210189313 491423794
8 599853
278135340 487843769
9998 537046
758253615 911995906
8 766719
355252642 509929806
99998 945008
274427982 370212154
9998 877736
494903671 810184344
488855526 538893212
905949389 948279185
484740251 650642294
532177857 549613267
9998 66208
937229093 968420422
718579346 724843046
106676642 247867341
334026724 537407552
8 998375
735331362 750336837
734804649 755692110
99999995 100679870
789311857 874194591
931310858 933160089
775757253 859299184
98 524410
349508440 771626750
921077211 954347458
98 345498
998 257213
489997672 842383433
605810398 818890930
225912332 538211199
99998 419009
998 945598
98 267887
689025724 957090611
98 750637
312277473 718287889
674372474 835730905
24732478 973788254
99998 920227
735193021 889204514
98 357884
550699407 608317198
189312854 392637162
62612277 688682973
8 63530
525523872 760819599
509011051 714488983
218579508 963199437
603417531 996334206
920126517 923675401
99998 205842
549067445 679236593
692640505 892789711
881030159 894054218
518623128 656018912
312063505 467420215
431792299 745057128
2884342 322309030
268683028 609459699
427888079 704344899
9998 171293
139797598 897992822
99998 716245
777505541 936378321
751988753 775226074
300399643 674383593
8 833039
179609822 621530481
517324568 984415740
9998 893172
9998 54576
991966223 996641240
607679397 873060121
725205770 961934620
589465887 917665322
492982552 761431641
99999995 100921893
89 259948
998 847167
99999995 100316253
951342154 996048082
890330650 956051862
9998 742433
367917591 958525819
98 297035
8 768631
756186041 985151597
8 432445
953614782 974019743
499521282 632712693
882699662 970503923
779638466 834167120
213526073 892576359
189807094 435819241
99999995 100022922
980155984 996222472
98 318925
980230670 989639124
629565884 969806215
622958456 655194557
89 329246
630443003 966034226
8 146052
99998 506563
99998 1056285
99998 1049301
998 374896
983782871 999105043
362742469 404934943
884360547 901773412
109131650 637246617
999099568 999556322
294486885 729682712
885731388 919825767
876114569 911640532
146002 595962968
864315179 912235484
998 266969
371857638 614658737
906212529 915135129
685757969 938381654
9998 503605
84500737 657305609
594467003 653547176
241346111 984418695
519625369 852535680
98 38860
9998 810555
330266725 509213044
89 881228
9998 619362
8 321919
578694538 609942397
8 850812
89 971481
928496470 942127590
998 630962
162732234 363618714
477321171 592400781
69698500 465523188
99999995 100229038
449281651 644823335
9998 400328
590759832 885941963
998 705810
555394302 740797025
450794747 735419505
866704482 885717794
339770278 906587190
998 236137
998 225780
8 452036
8 932152
881097702 881894840
98 783629
99999995 100851892
638365067 989052358
647394223 897793512
895185107 958185029
9998 830638
167216319 537514096
522776476 780297599
268075058 290337707
762498825 874273599
819933284 845797221
998 880278
147425636 364503585
98 596637
628568372 838111601
868522462 871421445
998 16012
999695019 999856926
7041032 630612346
273001137 548428661
98 633907
644188101 984173900
89 304948
30792503 182219490
889716161 917757790
787155329 790468021
671692450 922737292
183494781 817910787
89 213419
689537832 849987250
983216799 988064902
177350153 855608932
998974568 999284020
713667108 775538551
99999995 100858395
998 712427
555824256 581550390
771223924 992727009
9998 396102
500655119 968052494
961943618 963830981
26976604 854868560
123726335 266774595
998 430015
441060822 475668411
203744080 798274433
677200269 745462502
9998 225613
976685106 991634519
202279268 972329238
472555418 745832943
99998 863328
557341723 707365477
980539478 984166420
89 339904
370845762 877237668
20128000 47270164
431644183 922391522
416387702 745350018
251827739 733165777
379141407 618633299
524031860 537800716
89 636788
407512032 881717360
8882071 753580651
312282023 852421005
357294375 871967210
395418947 788493404
90822375 236422453
950155784 966596683
998 781714
98 474048
416851685 940487478
565831548 986631457
98 218729
626357586 951882477
396644475 733032264
526093693 640668170
859990787 966683762
442040009 878948293
195328549 806393052
470411350 946843605
836230677 975036826
904863132 952622994
426267304 455480994
454418194 464842617
930148999 948367187
359586073 526321004
543987040 577213386
532054163 809885271
588949131 640554860
882538649 965031368
68992610 470732766
783360945 790087000
469479645 617331754
574132512 737405626
99998 680381
998 253756
800133347 997352567
228589819 895235024
428519410 536984033
272597182 470356385
925688577 996040305
98 639014
72423955 947403208
8 461236
474405352 944301712
999815363 999947926
760371968 871900155
564228585 665576395
99999995 100687018
80648655 848571991
128808752 646358416
898351627 902351956
98 786643
9998 44179
89 938026
914643725 916897195
729744422 925298923
696371285 805539958
622344482 700716046
302853135 696484703
472027870 902045881
99998 930848
196068583 559764468
8 594670
910554271 912575975
83307229 89362411
998 278377
756312937 789252512
998 230810
98 107824
874205850 947581432
510366444 822979175
171790084 475151392
34054457 830895654
614298562 811327978
379334566 396857438
876631172 894140895
723810831 833682390
252934246 403868258
596359634 946638918
53788692 174394573
526654522 763889905
274438259 818145244
134633497 249611560
762840043 994846483
99999995 100021696
89 851176
998 854639
647745932 937694078
174203005 655241394
836034479 847558327
871631178 974856485
98 114937
695834467 851944590
696568042 815400855
117357498 510099813
89 392195
98 237161
99999995 100617549
7536653 111928698
9998 952743
998 55131
89 402953
429284589 556369641
282099076 686590988
501675366 946621515
862910419 941185208
396737279 790774646
140953669 908391808
99999995 100461934
984448642 999481822
48981196 426722945
58342456 648226559
99999995 100211380
136647892 837672300
257414615 641459348
9998 363095
99999995 100589482
99998 359148
98369989 281312439
952851008 993774200
829417877 918169227
375040549 940720535
89 716216
9998 751725
442876561 862281836
99998 1078226
472123307 699117342
405156619 896783724
839276358 910055751
73173227 276813865
98 873301
809498324 922958366
998 110174
441492063 582162260
9998 808290
676310410 784971495
718401822 794755341
597388931 788538477
961605391 981318338
99999995 100255674
651365242 777224926
998 48118
212438294 675559711
89 227244
998 373731
538779278 804640453
13361527 63102197
35684973 488126896
766316351 901205800
8 370760
99998 332250
888184477 951805115
998 667132
671556814 948800537
914823124 932835816
89 543781
275010844 372045806
676212934 884372549
8 188588
489679367 725192576
530223916 875855365
191795545 730683756
285141110 422568216
89 210756
719499780 811865276
448156712 684706870
451206833 944357491
9998 871647
715355219 764235941
517596610 654778605
99999995 100335824
99998 823035
727816235 798636515
89 194062
52978851 96961631
214598589 325809782
235408399 499455915
301446027 503182156
998 713856
986907362 999206792
579794402 625801937
98 951602
25822279 660875222
998 285666
89 105247
9998 243834
89 438555
673262578 712310620
98 974560
198756503 361081504
247648153 625075155
53537489 898115591
311723085 960338576
435318475 640448971
214389279 882911679
756076449 817292195
89 511580
267260957 461555905
98 121237
98 482279
339163227 982337512
746405627 798772014
51645837 959451720
456599201 640617732
998 739445
98 232676
902566222 999706932
99999995 100273894
561551029 658269387
126633234 155553332
98 181343
99998 756498
406627383 705996159
198177307 529296996
89 424180
881307432 902601837
320719769 961330067
8 224630
807046425 880919417
723732235 784099098
9529096 150916363
99998 960610
98 548536
99998 869240
419809001 663918369
762247063 772887817
901608552 945024635
121992797 783066794
99999995 100281303
845384231 995126636
819057053 969236481
99999995 100811468
927706372 964398710
296134161 544789256
11638144 857156920
611936527 772442965
502832729 512772043
411844646 780174394
399851109 656675086
8 994062
623522747 791754675
99999995 100245510
512994893 668247955
99998 216651
99999995 100935195
362793276 457828063
424886805 641640196
680569154 997274678
17483920 111393039
89 303515
536061814 980736549
857414195 907099859
89 463414
258196330 850245397
98 699288
998 440087
99999995 100047880
443495466 761792924
252032474 408255580
998 411635
89 308881
111337566 265520487
8 668558
99998 1046804
99999995 100259278
8 596250
8 352760
341935658 975071116
89 401038
626272778 917319522
161281856 308389121
751194488 940726419
990574019 997789903
843888545 863356732
237981256 930218449
9998 312310
862306306 875844138
9998 991408
98 802464
661783892 887062284
89 861921
470049988 651020735
299385184 421063357
557842039 898402561
766329157 827608411
473968136 761448189
308614565 790526241
634455633 668688292
394502957 982206103
111474494 626159242
640367092 673713435
998 666809
529995709 865835345
871218345 994269256
412576923 941366493
520014257 986511056
99998 562032
8 887847
99999995 100605543
334549013 709380280
8 422126
99998 406655
576128269 863664500
9998 563176
975113161 998786296
725938290 728536770
99999995 100924590
998 203204
254714366 660089377
408920621 424581881
128106123 607442272
231849920 448151189
848207651 981623931
856808493 967008348
99998 824460
944615329 974541896
89 464861
595751801 721753723
251429181 897044470
9998 77774
813354644 814626449
77533439 100296410
99999995 100877027
838260426 860178948
897325997 992039442
918054774 940741398
877547346 946646194
89 871894
636161653 694134728
625231977 948071532
188156413 820013944
984659381 995110139
98 779579
33769426 510538233
960821028 979616426
464488235 849850092
99999995 100345873
89 677890
998508855 999547235
462188903 515924197
186497535 495125971
86449314 779844655
828122866 831575344
794123437 890118309
721240549 730445693
483359327 641189500
594988931 717446408
99999995 100782868
200601300 436332216
148891637 477483134
139804480 799597367
146477016 946108301
98 126872
181281505 624039066
998 192282
99999995 100637002
99998 769116
21747297 53489735
99998 433329
9998 464802
688533639 889975415
98 27618
606035827 909442615
99998 189857
584901450 908316019
749354209 888975780
449714067 732784815
804574719 889432833
9998 757095
988939626 993613123
274759973 559719359
422748995 659154855
526918052 984793200
99998 839431
292533124 854150050
89 538835
99999995 100945326
98 2457
900420705 923896169
998 138374
998 454904
404986705 694961224
99998 888818
702780990 851026667
811331161 881625141
796587810 802039664
611911029 725425859
146532855 807789273
99998 569943
826618782 914495041
99999995 100604548
289696662 556591380
8 987482
98 762314
148646120 992510845
998 62410
885842865 925321150
989758575 995155145
913077182 994148506
34645009 883202036
998 698405
99999995 100376993
8 463760
89 464647
259132302 485525930
465740429 576062886
99998 527105
9998 767227
58355427 280248460
455999208 648223081
204858852 229429716
165372367 478380658
99999995 100700463
89 354411
974978947 977244564
842036050 926818927
436324424 879976496
151471441 481479440
413998296 913142062
871571263 963940390
9998 830022
258269836 649706939
83007221 997079308
93069854 681923126
582913600 935969471
709718913 921567779
99999995 100337654
248451261 910662214
619290056 717837219
720127834 857970325
832700276 923587658
814785397 869086114
998 879471
998 434222
8 261470
58888703 209020317
305263607 985973217
526434783 926247771
8 122090
89 463433
277900496 357733547
105941276 400243659
978924224 995072956
8 20901
157015277 890477695
138186680 736806664
998 423213
98 325490
967789021 988151789
332363608 855248632
99999995 100893573
367731393 429310291
9998 489646
891874867 957471525
89 784291
610384143 964545957
794589763 893900850
99998 941240
257072168 795515629
737108958 944823224
770371826 973122735
8 196597
872656546 879742690
9998 685694
9998 840756
40035081 872351384
156226583 352756481
540535942 904425720
584999631 748580783
783646417 884771960
9998 202238
453810945 709646229
998 863319
37387641 281405896
806199370 955013625
358380447 511734870
308340245 815516389
380107393 418143997
568716365 792417370
99998 746595
572082104 932208134
99998 777044
887775431 997917012
194653738 843634485
99998 769319
816149340 969118708
99998 362850
375633059 616286526
373617476 491504665
9998 465696
553853260 782764993
89 220490
994284981 995173392
99999995 100297465
799617224 919587355
998 168279
781660224 799602975
750674719 926220441
155748838 525608317
602392429 822911241
922166953 943545525
451689970 843961697
998 200333
511582263 694348029
998 701378
989597861 992975171
338774970 466239453
406885955 668865855
582606750 650533390
759523750 846710780
574663430 754863120
419057819 647330151
98 243977
820190141 910644341
946561201 980497542
89643932 573521938
280918058 685352190
89 650226
975173352 985110434
998 302300
99999995 100611258
9998 152139
99999995 100301267
89 527568
998 55088
89 4552
76494016 592475199
675210464 905472895
783059154 786711512
99999995 100124626
352486242 731756199
227755234 575521683
414864620 423033015
571466551 749027440
98 566629
247675015 623503638
656411281 892307389
744224561 824729086
416552578 556382146
141292547 395751130
543057402 839735171
771191391 973990402
266774168 581730058
176213565 250686535
220988385 936778008
832826896 888618493
982530011 990821744
497613923 626331307
99999995 100810641
99999995 100571869
89 481899
998 69353
169028108 540767807
998 954416
339821346 619969637
99998 537681
997294420 999513349
778404673 891463716
612588785 693882561
319612351 973399493
990995575 995492339
478798719 879608257
35167831 668361255
769327323 890969512
137423836 696906169
466634226 808325913
320066151 938728276
697914756 938948578
561643646 742103949
683590244 987766203
567780414 853391470
951280070 960892718
998 476634
865369379 890834804
711188503 734150078
342760395 700678850
634681551 653759779
996324736 997110148
549557271 769102556
584485590 979254459
601195198 696578359
9998 631552
99998 181223
317342872 721850243
89 663176
99998 815650
14307040 414478925
878717385 929297501
98 770181
8 963256
40398472 347086893
233385393 863828848
99999995 100818102
99999995 100276008
739102637 974281704
99999995 100423549
913299953 937530602
900921680 924777125
9998 792052
46476446 810231804
738414401 981576927
875080392 969826272
228835097 612278853
595936901 680845703
480218601 897584829
597243138 830056477
89 709749
458734061 615996568
23069172 583275561
333148842 566341289
998 751923
72933404 322734907
606587964 745558229
9998 463707
52939718 668707249
639986518 672358091
89 133600
9998 946141
97457641 179780602
9998 153611
662365053 818076994
99998 754321
672935845 917015896
89 482358
841035383 847661554
171748727 392076151
98 581742
202639622 656231928
998 466263
872135190 877803737
998 5376
496226189 712515786
924048740 947915164
99999995 100964300
904013538 978376387
82702981 698444926
265137966 824186152
99998 560097
954299960 986519667
998 219587
99998 775850
98 850572
623967082 861709626
98 363040
297350896 685382116
103011887 329409693
8 558179
24893642 868308285
89 719583
743869317 924231522
99999995 100027915
178631389 434252982
8 886359
998 677823
663377590 971018059
98 429248
998 872751
352596140 797767998
89 176377
99999995 100883813
541508340 766279168
865069433 980612393
98 840026
552653084 722787295
98 770548
231161666 930896643
80808214 736729293
98 22338
447291793 718785741
722754425 950709790
648896795 786632549
497293403 552606183
770982784 793929704
631368011 915704422
98 986689
102275872 535454904
11476619 448877434
301840061 523239724
99999995 100335876
602033130 671570148
42104783 84953860
556698600 998736494
707683703 992392669
951279350 966791874
131893271 470655409
661218933 896391638
72169052 870598025
98 6831
960938031 983294151
135846401 645715254
192521815 913500411
89 335004
230017471 448345278
99998 729594
8 569915
98 930408
807397624 816275492
455916383 702027307
89 747781
43271747 226801010
475720505 974586581
98 886070
369725691 968501356
268810560 920993315
9998 299282
99998 424346
89 849187
230939137 878291525
202428565 219101042
883391449 893383490
744352421 893529966
89 967495
9998 407046
105726596 962643518
667456729 993315678
99998 963487
98 159112
737064686 936114836
843475066 870213299
589002238 839660233
549411973 658589706
89 81456
555405339 805595178
89 240012
764439175 767766570
8 134748
207059140 618810450
89 434710
46281192 160048796
544630848 643784872
99998 706144
664182932 791971781
381659540 841311281
495416918 711699130
984842625 985909647
89 178278
801846069 886195067
784581263 957715513
98 629273
684847172 719886238
99998 927064
8 141411
584225861 991202509
509781153 706261333
289143145 707383018
976921819 985706247
378360850 674303943
998 26281
998 712234
226918414 947994723
8 214442
162168084 573199362
852205400 970528043
998 462178
9998 340655
773201363 992095199
998 486831
89 804410
133270047 189122077
99999995 100177082
428796073 712478589
153960511 436284307
89 217320
587595979 601048102
337346718 451186346
762139319 776965777
608258062 951831768
625849874 876957010
54373722 728238304
8 323051
620568932 866620833
99998 1038819
610667371 851252315
306876059 549827489
778859159 872830694
9998 346292
34035902 798675183
99999995 100010718
89 73584
953620930 986343454
109986757 626542348
993544391 998783268
854197494 937989602
561106306 627525350
897442804 944479066
99998 208926
99998 217499
998 652658
413259401 897377818
859748237 945319773
206731539 284446462
99998 259267
248389273 389757065
114925 123380335
998 367984
998 559965
1426352 818922503
336858536 471788457
911825212 927593251
9998 13604
99999995 100742116
304008081 352097585
9998 571869
560452322 926210009
99998 228719
99999995 100699054
8 465237
705149242 765436082
534142705 932785697
922542270 994544852
99999995 100886898
686399177 924789929
998 154588
294886315 876030623
254521752 306572510
781766858 903768462
287238950 442384408
9998 267990
35850274 123798930
917787682 921983697
99999995 100070818
105852993 998309970
458224058 916395284
308821799 963011845
10386811 257668035
948927616 987370991
417602625 559363540
492203319 990758331
99999995 100781479
781937898 821728950
98 56951
263870867 607817261
514007236 877019833
423537650 457379476
496023811 870593289
816010575 857148891
251670846 825367080
239753658 500214971
89 604676
542519265 902041123
999269455 999904328
8 559861
8 389388
207531626 839777625
842250366 904246134
8 308563
496329470 562424305
508323826 612039464
289975221 785061932
192647917 626854175
907799950 910393510
9998 907154
980198921 985113172
98 903704
8 114964
294991433 956407399
8 715474
9998 661989
106173675 228567501
848690145 953254739
99998 971107
961469587 980353509
873846765 998848784
816420174 864752699
998 586541
869096560 906894593
847541003 953841344
99999995 100055381
406628983 992996045
8 531827
99998 702947
875010757 927451649
969857296 986965594
110034963 343886964
809052306 875349518
819846674 970552958
214684366 819415871
565687716 664835460
226803813 426987656
895868422 956672821
546066493 680873966
422463528 977897327
734791768 954364261
497009836 583574593
629245202 934757426
68759592 382802917
421271087 990022991
9998 772666
98 92168
214107107 888271852
8 332810
9998 636615
917440545 918372239
8 707709
615111966 702292160
9998 413326
815543249 916938482
150365081 277623885
553918849 949279122
98 355863
675750880 744656891
937247859 946804475
654019230 982435580
626980622 909530872
780620673 848945700
817676308 935756501
487913244 978366227
99998 1066377
99998 824212
649980820 729402455
897757021 944034495
990941667 994341240
409991007 432779359
89 313257
9998 775334
89 317064
226048731 383035118
214255649 668975350
607725428 754551303
803842940 935657057
857674504 971254448
9998 394729
857473218 986770569
191506570 260055721
98 98134
292363853 859629634
99998 346384
98 877134
864908749 986198262
939809807 991964606
520788400 682813733
565698287 783208234
89 691131
194960596 364068365
516171690 593069064
99999995 100838166
8 230076
293250442 761681826
89 125371
98 372146
829485252 990926044
274004260 990731799
75861467 323307620
98 197111
715504042 836169942
120367199 797472663
246319351 895421566
9998 571110
99998 935422
175410934 314498081
99999995 100986186
8 936733
476964740 844060924
962679985 963157043
542515824 661260207
8 609103
361416059 526108355
99998 888542
855807955 868199971
998 789870
224921319 279742138
504031366 953427328
89 977426
516263879 623803135
501066152 586856691
561821856 571065715
432180868 733373583
307648980 426348565
357129094 618137746
984156869 994256424
454183233 481075124
9998 66434
9998 698197
124227566 698242491
331725694 705756841
8 124534
534220157 815191775
99998 202632
540349998 547058894
620179658 823375933
3636017 247059108
628445061 714653534
681279009 892590488
89 25758
89 722493
75063155 775745640
981961179 996272095
461253202 968267607
89 366533
927614456 945627480
590766904 702322893
682412301 701055269
64236007 239546623
643164021 727120800
559129712 973683571
416136869 463716844
528479972 701190198
178196323 932631560
734531073 973446637
99999995 100792632
976734567 997596720
732249752 733755456
493534950 848535753
338585116 635266518
675883849 684551345
998 786397
232023601 410104106
99998 952469
58797991 956782517
124171102 725932127
439925380 462888108
256922962 852492755
971868945 982084183
889405935 902174338
442208189 558116788
362388102 855063681
998 320979
657133077 972777001
210198898 262686765
670017907 884811944
926119542 956668206
873547315 877829260
89 421530
99999995 100823952
158240741 805305681
470571020 926491698
9912109 696661309
98 145645
89 460876
9998 732565
188083349 451151085
238131961 942911043
267697725 497638140
562238952 936899421
89 533331
788787566 919388386
379831164 891761025
327846730 578062525
9998 913945
89 19313
299354818 374469702
99999995 100810471
110260438 936417061
68100437 516992549
632759746 716146053
89 317756
323748170 898575740
998 794199
98 617424
169618262 499935372
8 943940
431659548 704482247
281751812 696112554
872402750 893219093
402875176 830809035
181250532 714015523
78260664 919915824
385299615 879920001
146055271 878175178
998 115094
89 611179
782999923 944956115
99999995 100848903
99998 186932
998 809333
108632024 269012520
99998 667934
790494069 841550121
99998 931612
98 469124
466545821 674031943
932393522 999329923
99998 242254
248019578 467124037
404692654 853634996
822200200 857285966
99999995 100645553
89 853576
343836815 846072240
507304379 848607036
242163460 609398938
2780842 11106637
65497298 752287849
998 73234
89 768738
99999995 100015960
245594210 641727200
48916834 889816808
70109222 557995748
99999995 100676451
194378918 458721471
646554512 902745419
998 295842
99999995 100550613
446191683 874865421
98 966038
221683736 751344817
4153737 482405830
516545336 982429117
359780545 703457816
96798599 302518339
705144796 721198520
948650032 954867426
99999995 100930709
339861183 716045976
99998 1037651
855430305 990166489
98 93951
167369733 534543309
479063736 569983588
99999995 100358624
347831584 867389859
9998 145941
99999995 100367624
372887055 804923854
668871406 845737194
629445005 644099891
254152741 335662977
9998 725472
543242328 953139710
998 912562
98 290808
549333984 782575485
9998 999729
9998 251796
99998 675906
9998 331266
9998 898926
950884072 954793031
639801300 846238238
427389868 916579064
894569396 973388800
99999995 100576763
99998 590914
470474155 543953522
789811646 863909077
598765287 952951537
307983804 532769757
319523456 755365377
477813455 561266376
985919308 986187885
89 390950
962812224 998773043
466525538 748679082
99998 592097
854565675 989490664
668078952 962770901
998 350456
98 26050
8658708 96028131
876526169 943242457
715606197 952065360
292427973 930830097
99998 701140
848146462 939845619
9998 654998
148471040 457043846
99998 936410
521206632 851811111
98 627940
99999995 100972536
879528182 972390405
194334361 918950534
998 474087
98 77183
713746930 857297271
838665109 987931001
447236502 729870322
881475891 911384257
682042786 974680541
645461398 759086570
89 94716
939511222 996122623
155322819 457597553
99999995 100273726
777465555 920317278
99998 1035953
415112909 627517241
8 999937
9998 20638
771667958 991989652
89 784476
998 367385
151430503 449564951
711048013 832325047
998 553664
98 119763
998 877234
998 863783
98 331982
99998 721345
334124904 574517120
310124956 588739040
353155423 515900154
219708627 747052438
259046825 820249215
99998 697455
759154059 819418326
221919285 392644114
98 638485
98 35462
998 939063
806997109 926530022
269852057 895550306
815724779 890192275
9998 244589
998 404200
69383991 138035224
550850156 834721067
8 753778
481167574 531698099
170917835 259140762
274689703 569277502
99999995 100966214
99998 920049
8 611598
749298850 829069450
787295321 904639537
9998 276381
99167483 372815301
998 366457
76856425 668327169
136309113 253992296
710842500 819717325
789611761 974815229
99998 115255
844011640 889058297
144723162 974274240
89 81230
89 69299
556714901 897173932
221344932 806712400
98 611377
714172958 766530694
496911892 897857651
72359196 598149876
998 948004
98 283687
53399450 130793727
98 539424
347892936 737781862
811681974 849285823
99998 317946
158101604 361543003
160299653 306095904
99998 111145
99998 159161
463439676 760523631
9998 58910
800462587 971311394
678053396 877402550
998 854775
98 770597
801489798 977254191
636212525 969401068
701774877 850488337
768723300 801774167
391480663 658979412
263200542 806761297
89 800054
99998 922576
660055624 742278377
98 162981
870808652 919697885
812327054 853295316
249252266 681860587
89 448578
645658160 972598796
99998 807087
192723055 330121876
576469801 715604876
150843608 204304970
9998 824904
8 189497
89 395951
456066976 990547787
763972186 799159386
782294631 843051047
998 660430
11744925 902865386
924356251 990134732
56092818 208041930
318993158 832209324
998 132615
273986341 575405607
998 377745
9998 746134
9998 321679
998 616339
850054991 856377675
99998 835719
854224750 879287018
9998 77327
25869699 246829997
798840573 897208806
998 858924
452745468 647299210
839642523 898674612
531180320 714025195
243253292 850803930
486285510 801349845
500990191 657259590
37851488 556403103
677756915 901615624
583324275 641178686
668078099 857547219
649284687 703451538
774376416 867246099
998 489951
486328853 898532849
389781829 818232899
89 587046
830282438 999115484
437028822 851279719
224803068 679016899
523600183 630456779
8 869886
89 917116
180592353 478574636
998 976049
998 351910
263664422 412608378
99998 833127
99999995 100649369
449669456 667632665
467978699 791121610
219170055 581960997
98 828781
562470955 978422360
251356652 799727142
410059137 761918026
482246602 699084076
998 289456
296511016 998880382
98 543338
251279736 413647688
9998 738413
998 787875
98 145468
618305116 766402784
244543710 811979365
980194274 980946798
413179963 432231088
220923647 716712839
356672009 798049030
9998 894660
89 598825
9998 547042
735882905 880646967
216551189 703592396
302429825 987420645
89 27136
505669101 619740008
262454509 628424530
9998 31168
9998 773349
74926545 923300426
92787990 798573443
88320524 331970035
99999995 100309422
335834699 684068763
99998 665482
201785871 973444192
86704441 866117628
604168908 783942241
771867705 989603778
331917576 939439695
89 518049
9998 440663
754344268 886666771
775427545 776437832
998 56117
89 477934
566305260 658150484
8 994241
649724745 726439742
91018561 233355900
8 429540
99999995 100773183
843519704 893247498
26190547 52040131
99998 857905
998 480074
157990492 281364544
8 203485
972573727 995804851
520875582 535732531
99998 626364
89 151413
498094604 677697070
948394583 980964344
99999995 100251087
99999995 100852676
98 346094
262350186 970939947
910429803 971719536
397149818 642729887
956997429 960922579
892090320 934154963
361502275 485783296
89 556334
98 965252
800482475 904663955
99999995 100176026
506290410 895124818
260381287 759738601
998 735803
497270007 668747592
99999995 100888299
98 480783
628609376 791424797
267701215 777906294
99999995 100358760
99999995 100167135
998 672151
322505676 809349842
933602198 957540051
9998 641915
9998 129077
506575313 806466780
995903423 997432366
873346429 996270743
8 329769
89 841022
374432508 385871889
164710894 705297325
129025022 316863117
224344961 775211864
558461423 590364803
15724295 263007603
254758674 450348195
339342209 508381421
243790664 736583038
9998 501735
563169710 617719707
479738414 690010683
127246685 350041140
998 462421
9998 666906
98 585102
393539998 440481283
998 657379
337021758 401866927
89 954057
27011510 554600202
89 404540
263154455 905873893
668006387 742127258
99999995 100517112
8 847235
307105910 568916933
9998 870844
468114146 537023315
974556163 986954948
411850168 958071089
428645203 639168459
99999995 100394086
8 717770
98 69547
82636301 841584063
998 709281
698213602 785433697
998 682613
213385917 812522384
9998 169649
32279069 70929640
98 557701
197437566 420984207
203379308 367379794
506215829 863941004
9998 904047
889489987 986098542
98 300677
998 345833
98 178795
933901447 962718415
753559708 844551318
9998 709424
496340157 609645418
939282057 989716989
292811133 966199919
99999995 100154063
957520892 963174159
238337702 895285932
9998 407096
782403178 820915062
99998 773464
644059517 875753595
760552510 945539700
89 982926
89 971283
9998 302185
443730820 978741675
98 926005
998 267731
783013151 839041706
719342334 915194320
99999995 100992968
55821337 355261468
998 829585
99999995 100342464
61369097 336405084
818485405 912412386
99999995 100749634
925548776 945667788
681117034 863565291
821212079 959213139
99999995 100015314
646452065 709482427
348175836 813407973
539805361 888717248
444354678 724841552
25340629 875723105
882489772 948063301
987331853 994772165
468017603 529961677
99998 215642
99999995 100749655
89 534259
411768188 864244815
201200814 763838259
8 328234
8 699357
884785362 906088458
225983753 508702573
936234921 952278051
8 396620
885899265 950347143
80641595 863122215
235199042 976003927
8 823452
467480275 949450631
98 982529
868095107 885178195
81395267 613620643
44521238 191588492
327350911 387793351
998 851417
485369118 933899653
950355300 976594035
105972405 618442515
250999547 352249050
166501177 425523694
216810687 679306655
89 206744
964441743 971337043
511607981 759601088
668393084 693084778
98 841943
998 664151
126931518 358664260
998 128249
89 961002
156252209 519124147
117875402 375983623
9998 911106
600000583 628863628
9998 982132
840157524 994886080
887086462 916418356
181357540 723200855
808356944 978363710
9998 766899
329241899 744941484
477633039 516927806
322638051 977959526
99999995 100246560
424629713 576012051
99999995 100415609
770094617 874030526
43298600 199446653
651366705 696406890
113143178 359189144
297468222 915845138
89 46288
301413100 317306511
124740386 907716923
773886381 893041303
89 676278
398167017 562266715
996441402 996733436
9998 548896
778742105 781059894
480577709 867752552
289406526 813115196
99998 203932
998 136096
8 92649
223291116 619610762
565574599 780588340
9998 448627
575199786 663226436
736194591 915502850
8 967243
758646714 876247439
8 263530
541227797 845070787
683632628 790730971
99999995 100648057
468279806 751170888
998 712211
101625394 346406260
98472871 639938752
519010805 666445387
8090249 497569703
717813760 893908557
140129420 218426805
272824617 592766502
143612131 744195322
231030752 996817310
906839807 914740323
998 795930
99999995 100638170
183138165 294021226
108909562 582737415
84917329 692594488
85703468 956156068
166814786 643776648
89 559231
737558936 990276977
902893367 936976176
8 335425
98 619253
9998 203411
998 898550
106846025 466623102
514194712 785222400
599150014 620787746
291320225 803219805
89 977785
337903020 953728502
511798119 962415193
877067242 883570066
98 24006
99999995 100286618
98 110708
516501892 899752255
873015040 994327368
825279176 917655891
230238865 774537176
89 786119
89 791105
175729980 764408312
567496467 870379573
517910667 865714353
188757682 928858216
528612960 656372140
8 922879
911892649 994134864
73940592 126384195
99999995 100150306
517473281 793234381
407588707 738346476
104731175 272163159
994627155 999233525
154201784 344506754
160462491 384426879
887721890 900548339
9998 649467
955374493 962570110
704124838 962934169
813978261 992845389
998 711905
292584606 591629824
258785953 763348014
98 356534
619219556 736884365
99999995 100969406
981542805 997985087
171305380 968855533
596511325 760520113
98 728010
89 756166
714641593 777145968
8 188484
281601150 498330914
832279916 838835267
781118980 839530796
811293906 955655456
228676084 695764558
749926554 947270071
264579947 509479431
99998 192468
733554626 869160423
822870516 862679474
89 664123
617819931 675667323
167803925 477937213
971193814 979399762
101849246 325296896
61564670 705163660
845705131 943716293
99998 713043
417519004 545975741
861791497 934348136
563514149 669149316
89 837885
98 401654
98 575701
320071941 385905663
830102015 908069316
98 618487
8 929830
8 368491
192253423 763186626
99998 539921
89 199321
690948583 936384533
865049456 984472946
831830101 882410916
99998 974785
446490879 904666704
655772720 715770643
743248331 888387903
161509091 956762679
767612764 864916291
757519286 852235721
62231054 448528747
931354102 973231104
175477237 988311863
875205433 894301941
812529082 962047634
721637191 868479972
237300349 357709974
98 319641
6264763 647336612
99998 340271
98 354315
9998 915915
83142249 128756637
99999995 100089753
89 768884
8 931735
52346743 683719400
691862840 959218151
8 727526
814801788 880801520
148506309 709186724
233795883 913760913
397289405 979694144
905319167 985063804
98 605041
99998 957626
14960077 613168306
452410222 644686918
823684536 905064835
461876780 676510301
581485393 625595352
777229823 934078378
304103322 476933061
99999995 100211066
468095557 490676846
89 561016
820541588 931440509
682365703 939204621
557273926 894320050
9998 932262
8 822918
181733644 336796415
175284787 710498639
89 527414
392069076 601253708
735416940 949079997
8 43857
98 828457
515130547 557384514
439376739 727196918
89 233848
89 884458
233853366 830498151
986137886 991961985
923305136 982440552
342772489 578684501
608103995 750089989
22715561 363432731
99999995 100425615
9998 514885
89 226226
89 171531
318485146 767322477
541822137 659506619
99998 1098931
876573343 919997988
750347738 781832099
137199327 444584711
403108140 797287276
755486588 917498636
631408689 949010961
206784492 455674035
89 800787
9998 726900
201944112 537127763
887694223 985658466
432808525 766066407
137566857 606543223
998 824508
198020214 534707389
89 82579
826541750 995741791
461408681 772195242
636285896 698258706
89 942661
89 386451
875761996 967171334
573473630 876562825
675000317 836637610
150458136 354005420
181414298 570587887
99999995 100061122
215884646 571356895
99998 1030389
998 332686
98 419031
245724383 993488337
771102528 809407216
845547221 929924139
98 295411
99998 391291
34440432 987452838
998 975726
761127942 793982846
98 48977
336248866 654175855
191704226 576303970
469673306 508617005
322953638 940363571
226821805 317245952
487254787 837430490
744730744 916490849
143329637 310172793
908484966 937039572
742271450 993512194
204965868 825692238
492689877 737655640
293236351 421240865
8 960857
897249822 960645179
99999995 100097246
89 620743
159033187 872813104
148491867 787569836
89 933940
65461174 303786089
312035288 990950854
592350525 746925335
375020204 386839615
658120700 966703546
259295260 265422289
346413513 738415939
99999995 100680760
332208707 551811677
99999995 100213452
9998 67833
98 275281
537687336 567346138
89 635900
762579883 785188199
9998 470736
120270111 378996244
89 861929
872845421 933510036
98 827029
268543685 883706761
402797083 807140933
99999995 100777112
8 352355
99998 741035
697709713 862775640
858241179 961451125
9998 842973
466263101 740675658
277873193 355152959
737157388 976702739
921833046 935265965
998 579153
9998 648622
729336661 809032722
738850489 977421711
99999995 100215700
9998 397615
663419826 768827681
315053266 677619425
9998 114364
419453208 435079821
441864071 976315149
235926694 502931493
8 379126
99999995 100722456
8 127787
788202026 925554689
9998 864425
671133010 946036561
240222431 356057280
703700183 976304502
89 721366
8 841998
89 66344
99999995 100350383
9998 179647
820123827 835893484
427141243 558311091
99695053 279218556
620082922 892501694
249846802 297782700
99999995 100715508
998 80034
342245073 936466151
856444118 978082443
98 727452
555588831 836951101
9998 291336
82341829 649003410
99998 616296
89 719933
998 880138
618472514 692349814
173459780 322615386
9998 759537
693795663 888188253
99999995 100672211
51722783 588805243
879343658 911925557
530225592 800745593
99998 185123
98 221128
8 97195
456387076 736286910
851790207 872569488
230536271 394141980
589503291 837068438
545663208 982785316
382901624 719470310
9998 735459
448169745 609478633
594438777 847243155
220314599 862108645
709437636 797736729
247758732 978310485
844193365 902561493
524089250 833593537
467247627 950882154
98 96094
91874872 857767956
99999995 100216605
717941544 914588795
563823308 587667728
8 30270
8 497286
8 188666
191367780 481184530
591855205 896196278
89 669854
382022873 843507168
599033255 889857282
98 295414
588102782 655310095
98 561678
606169059 939932207
97663396 175011838
768652858 864499491
232035803 671874318
373526620 527863027
245223279 268213773
92031311 595360447
99998 341425
504782477 923103211
384213019 408304480
99999995 100679494
308850887 906049598
414180854 605057821
61412468 653465250
985798454 990365760
365680381 872074187
998 204425
9998 940987
315745374 917684695
89 573712
89 544484
89 360147
998 23230
313372589 896670214
9998 19282
8 459888
624577677 861021862
99998 1064017
574157826 753828193
99998 233085
8 279861
685627518 787831180
152893658 206263925
953259734 958338675
98 487923
115435446 505488556
360047969 536321332
65554305 465250826
99628383 176544052
99998 687131
89 936092
998 814690
95716011 966862138
659646649 869319345
99999995 100616953
931752310 932860453
892492663 933232090
19637986 430087057
89 895989
8 924766
860597550 909687118
904749685 908004560
8 583780
602107697 866770450
9998 405738
998 154245
104880995 132493619
989865598 994324505
8 918305
229480147 788494706
117826203 639893221
774417382 870939342
34272482 132073823
150096678 619757178
9998 437963
43813977 115398432
2746258 24470433
8 588928
245272080 969166930
409481899 747489790
99999995 100933671
998 479627
9998 640369
99999995 100243761
99998 316342
851920477 926468369
91099158 638155235
9998 651427
244133416 865591341
191032864 197918996
8 214945
8 95414
621588049 748213680
333643451 863864911
990094634 990184924
998 328511
470347409 538829642
773552684 853112293
320280585 492743904
609842977 742627304
799025106 911099995
998 233189
592296803 644355433
717976753 853367481
98 595251
256079943 980550957
113592337 699224054
8 924416
134483763 553924352
496350595 639138224
98 696546
187310382 278570747
524095525 676225769
874373202 926028268
8 353217
998591088 999945740
801636301 842901372
656949974 884789883
732559564 889780012
75677499 709188388
16649247 669684503
99998 990628
41051678 967073905
886280734 980457459
456946201 957229815
99998 1075493
192648076 403651430
128932984 390342674
919767342 958747734
9998 242589
647605796 871342277
384286002 808840247
685107332 982759605
776734511 896420522
508790584 915232163
767764729 999315595
9998 985760
313906661 358662521
372196956 899902738
9998 62241
718232331 734664941
825230773 833290613
811552164 898561916
18452853 511693553
372491669 822913703
310720500 914376403
99998 868044
906265281 923666298
300425445 868268332
89 499615
835074886 845645134
98 687328
748093630 770814638
614743694 615096662
204472776 261673937
98 613689
98 852975
871949843 975150256
856691145 892497818
98 561475
984520719 986247734
263158745 365912962
8 846307
204628668 561275135
99999995 100552715
125986266 978671419
9998 359449
99998 363967
610379515 720615829
998 745395
161649149 848104335
99998 587548
99998 703479
3404221 302586431
435457638 879895618
8 682409
894804651 942716794
8 574192
899377670 902288090
99999995 100122237
322537833 732159595
685541696 752061737
528046340 988824882
852877676 935649616
669221290 685774566
669976027 740892862
531055083 954993656
388472138 593764382
998 617044
48238353 363757431
264936195 697140493
277468142 972966092
268032450 710585191
740883835 775885342
89 94194
98 640734
89 467205
45209742 339979551
395762983 972380525
89 553869
211605841 782517644
647114110 960811860
99998 265951
89 466958
99999995 100457299
885450169 906994581
498094168 814479360
919808731 939473336
99998 356949
734637807 886130975
62956931 858490146
661154208 946385321
737812213 872844414
496060477 636542903
8 503194
99999995 100180435
10727440 35365358
740867723 890668950
160546815 805544700
8 102100
98 641688
429805435 919750336
572430801 946808712
707624081 911620703
99999995 100528665
98 228765
590095035 686014884
373051604 902301693
99998 747471
186625607 606820033
485405215 550157478
451033871 748392155
9998 484716
998 800120
99999995 100704651
705510074 734967919
382273626 637283535
89 670963
167474057 880207328
9998 192079
535073173 947082356
186124029 823583124
99998 105628
58035751 838285133
290861451 799205413
735625774 779015222
126766858 779942419
323265306 596806602
3359106 181750852
99999995 100620576
933701203 936283829
784914126 791540305
9998 144461
761129712 972280521
115284471 226461784
98 872712
488698690 835735714
938198223 991288686
269726418 787282390
829413072 876730982
227651590 885413140
99998 644223
99999995 100679105
184402455 816994980
962599737 992270091
998 998488
8 838379
115763620 774143340
796444167 833526160
617997382 904290555
161611369 279775288
644834639 726178511
9998 765642
524671607 910655970
713693714 876811438
98 969350
98 548125
99998 455774
89 635475
998 555514
225075206 573772298
477361014 622670073
89 416306
9998 410466
140975502 645125421
89 792158
953848990 981803225
556261426 828211517
894139021 907460471
223560855 638657667
831748860 918288272
638611045 813707536
99998 518131
998 632018
8 172703
99998 908893
182964251 561074611
9998 322267
525959462 572822084
719647066 947191269
977532764 997379739
241578450 246777841
9998 800337
99998 892121
283687536 718875550
99998 1052144
99998 941038
487327440 781597796
462645722 774554703
99999995 100850018
339147187 690705021
998 874291
99999995 100510957
803890441 884520843
99999995 100574775
9998 901534
333620077 893990810
99999995 100662141
483227335 713035986
9998 201588
9998 38799
378667138 918998747
99999995 100277876
99999995 100737386
196697574 308044139
105754240 561561126
998 514631
733323783 869134745
99998 233755
351363817 948985461
704937522 847920492
89 387671
89 929824
966765873 987638643
370108175 988459959
202419134 580097519
9998 108180
9998 593495
952167838 957734713
906348817 914310690
8 70838
99999995 100689327
12669828 720918172
587433277 772289283
19124915 605175804
678858705 929125522
246285821 426117650
34428623 883368495
772945223 793701619
378649043 764027160
89 533894
317207324 592823587
98 3072
642640310 951310426
189886515 425090059
3032421 649058281
99998 929017
168506418 247533061
89 345958
9424444 800894564
722006204 812656528
695333619 770411501
245695580 601369566
279588917 958489960
899582633 992371959
211639183 504580560
481422820 922866564
8 486708
68029349 810349869
445480320 707147354
427951407 793149255
279197824 869340731
998 814941
853894512 989920967
99998 429510
831181458 909871250
9998 783719
24629721 43137615
89 584499
98 709460
559771401 888053305
98 456454
214692564 451449833
850555564 949756785
242994734 653826326
333598407 768277098
998 545249
702496109 763169615
168907577 658997975
820056039 901176878
34105750 902996797
998 953361
99998 388826
89 647467
99999995 100528848
998 616623
98 997357
264860356 474094960
754851102 891097589
99998 322438
9998 999420
780554168 986485459
869042863 953217711
99998 523546
99998 631786
469851744 589234577
93983284 331770790
9998 802304
99998 570814
9998 880565
683466330 713776479
46673775 472824377
358662501 522946893
727099790 925524324
9998 399218
837746468 989480093
594607670 875856473
99998 603682
112119109 988697179
122475000 249104479
288462766 805855045
54340036 384607075
436975248 970767209
234005594 288558027
9998 616298
789791043 933608773
141457583 287023476
27339718 514596770
98 113608
985112590 992541432
99999995 100666741
9998 497336
99998 303252
728171358 799515151
9998 380182
574771050 611080977
828184417 937728824
836532098 990321186
9998 266908
89 674721
9998 407182
99998 167747
89 831422
592708519 755084492
89 262327
99998 336051
135047138 476354064
110174091 457417104
140037935 375443603
165812725 930572576
142486784 922049371
99999995 100232637
8 928001
995110391 997008063
327712850 893457303
319561356 916493789
648983803 776724820
998 895230
491126381 806400157
902802029 941307367
245939030 420082504
452392858 830306973
349530690 489525419
99998 1032194
998 347468
8 287310
998 991684
98 363745
531058417 582940891
99999995 100853955
98 688234
958133024 961919152
288174094 351223908
326533670 623972366
137593430 636460506
128390975 381172244
280546962 824861801
477802316 984484585
371053688 457894845
9998 212061
548417955 827974779
21592099 851253136
654292255 694323323
469495556 511722097
998 508412
98 454030
853267545 995552058
715721151 870649956
866598477 873922474
427412267 637018871
406726233 748339121
998 221600
563155056 642637883
334016932 878977921
224338953 686437667
99999995 100499421
527747824 553785368
471094589 687091401
9998 462946
552726287 926429784
998 502898
998 152101
614093272 833372746
881643777 993572542
419186305 465232746
89 748285
856972633 990509615
854735672 881153505
99999995 100752739
127536378 374055264
99999995 100940520
9831289 529121744
856384278 970776133
89 239316
403362438 522965617
8 915005
354220691 889104356
47468993 354303318
619622076 766171000
140129415 629760714
998 242087
181999529 605675363
700535469 889825725
9998 930766
14051363 703584659
678108945 727152532
538130025 672156974
492345206 819488177
529722060 549283363
99998 306245
8 229301
78199544 727862022
814061643 938319058
851875425 874608843
8 419381
8 517601
971454376 990997566
289573309 761487998
8 812239
98 282347
428185510 994484557
343113957 495906166
99998 740133
9998 101035
9998 26023
68682444 178684041
618933351 792666705
9998 496938
99999995 100686520
8 205934
8 120760
72101245 502013386
850244714 920844382
148231793 349273062
98 345122
89 46268
8 310883
9998 870871
763778574 774628523
415811604 550669051
8 880799
21059680 159096840
239308291 858819557
198610517 387642922
8 484580
112199455 516013736
8 937056
98 286999
254991656 278566091
99999995 100140881
389220149 916168377
338625098 768612732
89 821692
408311830 411669281
691164542 924366175
998 155589
99999995 100594154
605742926 645952841
12878839 152221927
306114960 946115222
375118710 882823354
9998 488383
89 626550
7151215 710426559
98 668633
424116438 831595031
98 821055
9998 985903
656770173 842841113
493238689 727790258
9998 628598
255189985 987745238
553581973 752963221
173156508 498966040
515902898 929828506
353326931 986001513
473123448 981150132
89 624578
998 335184
616627544 779590876
723280185 837454447
913068538 962599774
99998 1037991
99999995 100098583
1721919 286151625
186902007 493244365
998 155150
98 785351
998 248407
181945820 623370187
640662503 855746999
8 996223
48943283 110163559
576534062 927668472
821147608 992915964
99999995 100647317
99999995 100894155
998 79747
98 109055
99999995 100376762
96918370 790555497
289706102 911605452
681172984 857441049
544725417 996236075
8 833071
98 613124
652487737 923536899
722996499 857566435
913641043 929119508
79863970 969095775
99998 478302
998 233883
99998 1032625
117947000 901751174
340444285 719154143
684958080 712411976
89 398178
295702379 436809446
89 258465
943096041 971062267
951888797 983426110
132565489 328330133
99998 572901
9998 289139
568807972 933304565
99999995 100899488
989269900 998662014
119911652 168463873
535157798 632438503
89 929485
8 295682
98 726570
369752652 850694351
998 989696
623443871 854273205
43783862 267906229
89 997696
998 729226
99999995 100517012
89 963590
998 980933
998 484002
274690637 538306380
546201427 754977015
191879468 751850131
98 410940
174433317 711745431
131170713 799650996
569933637 616185447
99998 1087336
4333311 412134863
832705397 941529656
615391226 803303147
192976534 706252677
839903020 862247907
280948897 644883927
21643511 616651773
647058724 931895864
98 206621
939926238 982524591
291262369 547903690
232273170 558388991
998 749040
663168482 857864553
204349903 531623342
184029789 526880430
629084660 656955249
671382967 701705701
574543608 591997106
568421524 844671930
122202469 954939499
8 56640
548377437 980714341
823068313 857730469
99998 808556
790416084 958823560
89 949680
793477945 977771976
958017368 973591458
998 245076
998 343860
8 653110
577093975 674356022
89 794568
142852508 650780009
621832694 726083844
992823487 995430819
418367161 683481758
466450700 730681786
394047232 659647269
99999995 100563359
98 297880
89 955278
700079376 913294242
99999995 100136872
99999995 100509467
764452009 951380241
99999995 100450038
89 389847
607745946 792440492
321998627 418186133
619505290 986932404
445290834 947934760
703638130 772627884
514978262 900574635
654102593 825922682
374514185 398251203
998 689928
237293674 512154678
758374825 817892823
418767680 779737242
258080344 595068375
358984810 888827410
89 205076
226454601 843613004
298458600 379681048
99998 852504
998 155396
758127946 967150300
353998638 741239044
292119094 426872203
943342515 976426837
8 336229
248084102 373765499
463599494 595675554
230407901 247034522
157494209 567160757
781080230 987111857
319672724 620329888
380989316 670526314
229956863 811444730
99999995 100037363
98 165599
323669701 962743329
797575086 812103278
99999995 100612959
945915828 959079761
849542111 883011850
998 986490
139097915 603415869
599732223 773894977
137934666 763840559
310718614 568422562
683575339 817920329
370452963 566266155
713377029 995464403
26777668 405712751
144894364 697702247
83335891 885418597
89 89355
444446867 705741869
165728176 301852151
876467087 913464109
305727480 340940160
89 563024
792603778 884681037
709994920 966661361
131646579 483810272
817267312 969793977
99998 913263
944852817 990895597
89 514395
702750362 822047006
9998 869441
72760550 977248168
656045048 715246946
8 762179
89 652957
875766803 903467564
248390383 592478446
465082177 550536192
179940073 805920749
285888860 890321212
98 489626
701953854 899867759
99998 1050377
649013936 853246467
856061921 986166549
188254016 447464519
605325275 777832520
98 648221
998 308647
709534867 894060588
708657932 721682144
9998 145042
603347521 669877639
98 371077
78325747 188714609
18614394 30263867
99998 209325
6285053 159599389
859254078 979899530
99999995 100654288
688390605 780343928
926524648 983188808
611326499 902336926
99998 874709
89 503932
9998 152388
998 840525
513371218 759061105
847215636 901052645
89 783868
99998 721094
98 433286
802695597 869997959
89 792532
935946445 998338547
606091796 757138570
585001376 698158174
998 561289
674568689 931908621
403774041 515107436
686046959 932402020
817525160 907710699
98 236545
239092984 402935283
99999995 100807310
98 929828
724771749 878491987
788027949 910589410
998 667362
89 573485
485834434 862048488
163802361 352280959
544357581 714664596
98 769234
89 988037
153422855 527224659
9998 633247
998 878554
56090838 362306589
405689712 544701501
241385223 829094497
698518588 754443837
99998 249452
901228999 964463587
89 590443
89 751290
205982183 291056539
9998 757733
474639115 483683510
70345246 299313524
998 32566
332369389 696872676
177223638 644705537
998 101776
372703934 627913608
9998 416180
319580711 859470382
42602268 140685611
89 858767
672906592 759360446
44309837 876099309
9998 885593
679297421 888179046
998 922065
453536282 594080525
432247588 583630205
8 477220
842653685 972170445
96685039 910623590
224793334 910816798
354796903 867145719
655860084 764411196
692248469 997287119
89 823495
650078891 708591549
178333645 296829748
89 326714
518734671 541746101
133471504 175678282
624713837 954693569
261001268 713348653
75750209 131984221
366203290 870060986
149944617 952091015
414231574 852591539
9998 919456
878788278 936885817
875102693 924393645
852987088 898481434
98 40539
876092359 940107111
985709756 993102814
685736760 756772379
294621896 675263424
8 16887
395633438 853805788
498011386 775534264
573581780 835530209
478492569 815637423
984357111 999001633
632086200 825781624
973796557 986380699
419351216 812148139
89 639587
749014250 981214052
816862315 995419972
264204826 285744417
998 495728
333508661 374112056
9998 687739
99998 194689
77638289 722748446
595250109 799862930
65169450 673276736
839054987 903778847
746158980 773527417
285745629 907615169
733773950 918035103
377966654 990007835
89 511760
759140629 858832444
524747782 616206082
281819436 429607148
919201043 953159605
99998 268266
346628393 553323920
782630792 805260915
873330472 969365359
99999995 100575577
425607824 902188898
621138269 880069948
966783556 974767261
998 789672
98 954890
665509967 726681816
99999995 100015981
89 454806
9998 851857
99998 343434
750847738 930498252
975551787 988504102
99999995 100095244
998 370401
990924447 994000288
161495995 927038997
89 346092
99998 1090914
98 46583
98 673259
984649062 987318889
447848578 681407090
712074902 942387070
811865333 858537587
284573284 467141693
99998 126737
30559264 546505937
944235513 947364170
271948909 321066568
158464689 955406391
8 888856
9998 690926
98 582079
181554104 285177866
99998 735574
876288389 955885110
998 438814
44583463 804260194
99999995 100633410
151512058 430835271
172444576 818804445
99998 568476
484945935 886082876
632402547 984457577
89 684505
9998 788670
151005264 521505615
8 856337
406117877 715438175
570256181 941552240
998 754530
580853065 635954969
273334280 856764976
762539213 926425856
99998 690945
409867535 458127246
6635215 494808603
940246386 971725622
775978241 935530765
913543278 952765729
109361507 706164794
625666084 792555854
89 756132
89 18345
89 384380
99998 560118
976796004 991386522
946197595 982189581
92890080 921724658
998 289131
89 446636
956065548 977459872
8 195497
584610458 819317153
998 548199
8 475393
439493908 590549514
89 659850
913491710 951054931
99998 755231
99999995 100182580
700170639 914973051
998 18897
551132465 754587591
219684605 992810867
764310770 808466663
209147903 618360953
99999995 100305438
99998 604166
525703878 649267166
115697833 522371006
99998 893843
976266142 982513674
499474573 649927988
99999995 100350165
191587439 898537110
998 348634
320215662 647858329
801110134 954410502
99999995 100261109
922617608 947724617
8 272201
186703870 805427792
99999995 100270233
137481190 889089238
206550617 888765095
98 533013
99998 632118
450355372 648478581
786142227 833561083
144675930 177744289
936963386 968160455
527291042 812058018
653617229 856911441
126360915 632267523
99999995 100178741
99999995 100500775
475523170 832553814
933711952 947370829
548064769 554554342
486773661 852537933
591161186 957512451
604697691 982695652
923268797 951472274
259711360 768366864
390097090 406699341
48846620 989763402
188825573 900920292
972053672 990605035
673928741 920448631
166883047 440467947
971053052 982962592
503768853 504862076
8 577239
882919119 999520772
526901300 821129775
89 792802
99999995 100416623
524435929 545511137
856071995 893756766
99999995 100647341
959130586 994598477
872318505 917603337
99999995 100786433
89 331764
504630019 598742932
98 525991
623502001 679470484
99998 712816
551901600 785370634
634669521 649651109
193917962 409996321
89 754117
89 930206
8 807886
521270607 981160156
998 379004
554558856 627198659
99999995 100594004
400810807 652018773
9998 738199
443910404 635555903
99999995 100373627
990484912 999668789
99999995 100807411
99999995 100811936
714018961 976576511
656821085 798304326
9998 752480
246841410 622192911
9998 240169
318490334 396855745
505738677 700738524
612347804 841447994
412177897 683206036
421882418 513413766
8 973778
99999995 100535324
728450493 975138987
316762083 912315200
311159064 711428789
449525432 755260905
884621665 940496962
99998 1011659
814588110 839747403
8 823173
998 809643
145310207 566092378
406001413 887481381
998 217732
240623960 839200120
99999995 100801546
99998 539222
998 872922
170676502 717917355
490935355 893495568
703269053 815586063
99998 122495
620494551 967776465
998 109856
99999995 100344540
882010851 894556422
721642330 850977237
998 155199
9998 819993
89 463825
98 258426
89 333708
894814764 923310865
763588339 938344572
772815613 829799029
232180458 985292472
824957343 829007891
567172738 965629124
336378680 875946521
89 343450
617674255 693539793
998 290245
970951843 978428408
8 877591
362671525 701596858
857914551 992021428
8 158128
623430080 884124644
82658702 252803473
8 548801
99998 280843
352928162 592700227
99998 725891
99999995 100157493
260691226 908699541
979788089 996042871
8 621617
108118013 922287811
998 930083
966757324 975944128
610792245 645903891
352540778 777439580
8 705283
355718173 623965168
48929487 180943363
998 555350
99999995 100798580
251686109 936850149
86126874 442853558
178632495 703165974
271756772 750091284
99999995 100638996
486818759 653091904
99998 682906
982147821 997417123
152539060 633121738
998 383667
99999995 100575434
279549544 975654914
61194189 637806068
667141394 702927949
748378550 764489712
578765096 788595299
408680069 849179864
310614295 980749470
284080661 714657332
173205872 287589907
786810081 837521689
614215900 690271908
970757134 990950273
420684524 966417547
327466751 359190061
8 132493
548935741 972314292
726336373 818117391
859764838 906272797
778645465 913745113
323157703 611828890
347526745 453468925
99999995 100151040
252227475 348046277
8 333322
89 595617
99999995 100236397
845831289 960777594
9998 316481
106832300 473981906
554398013 950100896
835300717 874585328
876851235 958920585
99999995 100390286
355692291 529751263
926335258 950755818
555838515 857855806
221741103 555254757
65322488 328532710
921895073 950368502
8 477063
165782671 931766824
73569651 805140321
75937259 727214517
918266212 947215601
747206338 973937265
517054315 584148114
23147753 357367510
252410153 571622395
278370471 439117998
861799498 921190383
98 746198
199232923 947741619
663489614 775585609
89 47316
8 440630
99999995 100877764
99998 531217
165548332 690430933
862188197 937673890
492408480 708928632
217905279 814832654
531994521 988949609
415616495 965076313
998 986022
782639514 863101340
719656232 755235836
429853412 877187111
89 897771
303265807 401944836
833031942 891965886
99998 988821
435112304 997604538
213257970 578297455
607336279 981010565
748309605 780675529
546242231 914967933
89 716597
98 724937
9998 388541
504911126 572361448
222295871 682746082
635436779 746076990
996513267 998380797
14908162 590847940
551068514 801169992
99998 888566
746531467 777846487
736948124 889981121
906291757 908345965
99999995 100483981
410182654 841437303
68708646 319023273
258836972 454167392
23288027 887516866
526916604 955161623
158679727 731614876
998935760 999974178
998 673586
973697466 975167977
136479517 425205511
11602017 898358286
670688842 693674853
768643160 884160359
206521879 921206411
144231392 769026052
9998 552972
998 296661
939055440 990612630
865306515 950560819
998 132961
323760245 364056342
99999995 100663754
137007600 634068208
104208049 421030139
701162765 942750330
513203136 603808853
371148641 719808358
89 556182
444833307 766617945
8 329587
99999995 100584686
920996359 972442115
969604902 991855169
9998 859364
788363498 817674745
441874816 645239684
553625449 836863725
277707788 953374124
99998 790090
89 193091
37436577 495900299
8 473175
843902587 980871695
99999995 100651444
99999995 100985663
988994534 991053503
98 8473
8 613289
807221863 996821480
585790865 700326825
809799990 954207301
71337401 106641694
895466376 951655555
744781247 958305215
573532428 798753837
89 173800
705897805 986919791
99998 114711
647082803 844364984
331049932 396268718
987011059 997351860
102010683 127266923
9998 11468
465520476 478654972
998 135333
643832772 795917255
498449887 580846740
985193165 993714406
998 344485
714092050 846081240
680251921 714837026
672991532 955315752
292377483 421726323
789796973 798552023
998 614216
984802054 989633210
628776090 950982718
347743521 722591329
492893823 873071052
261886076 353302841
182839375 584613163
98 393148
9998 985576
998 707683
98 373597
517297418 546071016
389730660 763791099
804070168 981040461
451923225 735098664
8 101826
364708124 945630390
584823265 948515116
8 518518
688636453 742781309
991837404 993333845
919489822 961043195
666607169 787963463
8 512858
198095707 972490537
9998 138433
261559629 651536433
494166018 818004067
748810388 947131853
67547888 414873639
817697824 928627605
8 389038
98 665989
402792692 517270072
909580722 962459646
653605551 866377041
720279132 800022947
82673254 836885684
424952190 435958601
465286193 708927635
805685855 850967408
99999995 100500020
998 692598
413337585 758397553
816239007 904982694
89 686397
296902493 814526088
513062945 879282675
554801317 640404041
711182416 927770429
99999995 100532883
390677296 700006128
961794833 964055285
384191258 819740294
692859656 834366393
38128892 727048915
703189495 776183987
998 827587
25389291 594660222
99998 334163
99999995 100235522
83357428 214933823
99999995 100409048
120286326 755205174
98 876488
789929285 859117192
42157924 420148772
715572140 811214999
881017686 971377994
439841311 914716625
900628182 901368023
770377503 953890680
99998 327849
885597548 980767315
998 919411
619884679 978091647
99547389 287546328
9998 741476
9998 17125
89 784170
328621111 603711743
716476113 931239142
975134421 981851209
155997945 588671246
971645216 989099391
170179187 694594074
362998582 565286314
680504344 867517094
998 756547
9998 858136
89 740453
507898674 901875767
333333071 854951004
8 220273
718397798 926665567
409924070 518529532
960243982 976132501
998 247839
361297596 981772189
847060059 890432294
8 779039
750596158 971092501
99998 466000
291299646 786652441
998 342872
8 713168
89 923212
998 938586
843218874 945692058
9998 23079
904460778 905952318
131393058 143529440
99999995 100307066
99999995 100071856
188882203 581648504
199588663 687952986
427670465 817736180
203644475 938345437
456719404 857842282
340032566 855143776
8 333318
580289144 944021532
99999995 100581422
724206570 982769129
998 879551
908627272 991452293
100259954 574472413
685908963 879575559
707797561 818023591
771432225 876977470
814906790 862087187
141156977 988885701
452317656 530323351
98 263826
120439843 991920166
927318607 932573477
926964861 990231461
462143740 550578712
49633160 758176227
784655959 870865344
816758259 953284933
100544395 466837048
8 418426
98 531282
8 897199
998 578557
462928834 942691369
998 863191
99998 633286
871068129 996988583
337210782 520747504
8 59177
98 815142
281233022 773430981
870887678 886210787
87748832 171852074
668818757 899460588
89 391686
942098752 954666495
99998 990840
998 14272
459316510 908076376
675876048 971374301
89 505317
310684250 535271336
131667697 139262711
8 216584
903864272 929707426
170560624 762213142
98 258326
834420525 848111756
495164076 556693241
89 475827
99998 297328
99998 746706
155662933 990204577
188661111 710906091
9998 940236
242107948 336840316
719148426 753651216
726803100 839432953
327780426 938214806
551126003 926853749
371588123 954177292
99999995 100053934
199724599 621215526
912050766 957677427
54894815 96399346
990327320 992563569
98 738685
98 581958
96716745 799126871
99998 1099890
98 831785
728394406 842837929
182113365 328406377
99999995 100747200
824335777 844060472
98 585224
42189897 439188350
8 344558
99999995 100333434
964258846 997613920
98 797209
89 307804
896753316 925546081
9998 1003829
632602687 716711631
705340483 835680532
98 758096
99999995 100531955
750602873 929715451
903175097 993014486
364861694 468289047
99999995 100007237
998 725208
186195517 852485783
582418973 663863857
62658076 861737922
120785129 587707680
392376226 994998105
8 499351
98 25493
98 906772
99998 461534
562482307 626896203
575103337 665951051
89 779523
8 529272
787421351 996965344
956259409 973462217
531089530 782685388
476908494 711241503
99998 933309
99998 933757
89 546351
895239602 962919868
98453468 975146836
493217590 853728935
8 953519
99998 464343
526403028 628712542
99998 315935
945968066 962736948
568542952 715278990
89 457789
810871435 935576806
997895772 998710461
241464187 931427096
799130587 869454485
8 878086
89 903908
280684504 941289977
99999995 100084568
99998 749474
98 44026
574611324 876954117
820085030 852021877
99999995 100241248
89 288164
739864111 793387183
432338444 479928737
385261607 644950691
448078835 804841666
982814187 987118759
736358324 984033477
9998 299378
998 254129
422876556 719050181
796600249 837897750
190620070 536553301
72097521 779879600
200388034 288955917
86918000 180816600
686369657 838137112
99998 416561
695696398 967141542
103779653 199042733
700239311 910483692
539517078 714780559
450544614 824264126
108657594 337323705
254984629 665289666
417969837 981740997
104976205 203626832
319534800 791061940
966060129 973977007
268059602 386321684
9998 102997
9998 883424
8 488673
335908022 644597722
441508441 663323932
550376570 569311041
164590266 753284130
8 964031
487927243 714059189
98 213646
456735462 997819409
664329527 735319148
608693818 914565395
99999995 100693164
758479202 855712656
208098709 939105091
809496767 815368994
34360878 618511580
99999995 100885711
879993225 976747540
8 82222
685082232 812719528
457215917 670535355
98 822427
6098693 815023518
99999995 100613836
71181349 718361925
866746556 924015067
927525877 996273884
891568472 994428184
265483299 583520309
885456874 924439247
89 670312
157808477 454818150
8 908973
546695280 947890747
287930910 549796420
98 161932
665486911 722866171
340604046 589966218
89 443312
563249951 980351414
9998 487116
98 610214
99999995 100044341
998 359937
998 940005
992665707 997256891
346956291 657219924
784814521 869151938
9998 211891
241443693 306615524
229636319 380812500
781488403 837809500
655748050 815287607
143131277 663844792
499988346 703411125
586844505 762107812
700157471 815288257
98 369271
601590428 707885848
149223416 909346121
891929836 990010362
401959685 556102471
99999995 100937656
358253494 618380693
882205889 992415324
99998 358952
309083454 355402147
661205653 872745359
505462306 767443702
799821 225584178
998 666358
9998 93866
403866415 646364686
89 907570
92240519 409781928
98 695080
615279874 858828285
17732279 998780800
998 141647
341584567 743604452
493783728 790772444
692375800 785696709
711718270 889015861
8 820748
961127270 974181884
242033453 876025286
99998 759698
9998 436868
480098447 522097732
957482180 999648128
938993916 941240218
952266190 959714508
9998 66904
275952114 488663772
71401815 336476303
532160068 651613380
180579998 343247952
89 536544
89 373557
520421244 776523103
98 986317
518670046 642443462
479952115 886970276
231183876 993573186
807576562 821622382
69685108 326303847
311547019 400596144
752114467 939790509
99998 597396
418516568 948909431
974544254 981477100
872549211 982762213
928213693 971687261
457748064 784522821
464202766 863599683
389525771 907221435
286200704 572187120
89 471475
541583107 983534099
8 934156
98 463555
91956915 154528652
507574701 964756924
352561994 526230102
370005109 482962736
579551852 972673607
98 791938
652469026 860657419
8 886727
334738076 818519082
564408365 634845993
998 548575
915861104 921251539
98 543350
8 687819
585458508 789205356
740062442 997818678
709379494 874253342
217329342 338534297
9998 144869
379722574 557845852
99999995 100101611
488578288 536299949
902414566 938120151
98 739117
981375107 990248938
549943820 608128783
254774276 524303852
99999995 100326804
690156489 866596848
9998 861866
822228102 981152319
998 911013
977731168 997623591
995820603 999376931
89 831942
361585865 977010157
82020310 631792859
283176698 490334025
9998 765156
57776302 802656278
99999995 100327068
592047735 846959379
99998 310518
98 709439
65249784 258707745
541505622 667967374
99998 603718
99999995 100794604
98 345235
298158047 562659306
107156408 250543195
9998 980746
99998 232166
34860568 184894729
740208584 904737691
99999995 100543675
591132412 780797448
8 475015
99999995 100124934
67586093 899570687
422919720 661239364
99998 865556
510419775 970042600
755962846 798057085
425688178 943303560
99998 238673
24938458 567649966
756900606 772040894
271032692 544143008
462818723 492897993
98 977550
945730420 966491747
303497178 403373239
629464772 811410450
998 362478
471206600 531464357
98 33338
460002542 757539702
998 949317
530191100 587478469
8 784787
64587324 573720328
411215529 629229091
610231982 942597530
98 930534
99998 681855
216674131 770060427
98 60892
998 511875
438816351 882090526
89 108381
98 275465
296661374 492361985
896581197 977972481
637737270 822575749
378888725 664004449
320730029 669196457
8 614289
631550729 975091261
99999995 100514548
862774495 933983101
613469183 647831475
99998 357421
671864367 700848426
9998 717535
833780426 952373944
677289702 764778393
753675393 791746906
96045121 551406746
849531222 911757479
521737473 984841239
8 38560
99999995 100154120
83761803 802025176
89 336710
842477232 994776636
734189694 792039040
991868013 999106200
981109158 996027750
337907522 719013345
421311305 464574211
286572143 717924142
98 592911
118038625 420598600
444380140 934459551
72004049 399523228
8 31616
99998 1021137
516724730 922059985
99998 378518
988172105 998954595
98 186086
89 819406
99999995 100518933
49765294 874467633
99999995 100719612
8 435703
89 48631
156248167 550652042
23909545 674690239
99998 1021352
202234380 688726927
89 904480
99998 899465
99998 183970
890951811 921443311
625338454 694964950
423356894 468009097
266494155 758243368
402629587 984348590
508082059 889682848
805171344 950980108
220374412 953256150
89 824009
430877229 614065299
98 300317
9998 951173
467824860 952204641
806651033 937281100
882375037 936076711
89 97358
597184521 946260440
898017199 995430298
356836089 543123230
209448386 963824465
114543823 809253662
998 681985
98 372470
99998 835079
696603375 944330117
98 55839
28913935 342191979
390735230 611248550
895864589 967984098
178264918 956939840
26568390 146873552
99998 1084416
998 928694
420567571 492945407
89 651623
524903162 956163253
99999995 100527021
884146379 944810733
656386250 915085798
8 973869
99999995 100872704
163638627 744414221
8 543600
50675487 236521250
2285933 896377521
553526018 588732545
93082190 653825422
89 175334
882426961 962678432
998 629475
352167893 761491319
99999995 100868601
447957128 476661163
89 602302
984897448 995402298
519056474 838436665
948168746 949885803
392247801 401832414
998 936864
62089634 407303391
8 511585
782538793 875867394
416489904 710227142
440426693 737209636
9998 760084
765526820 945101142
122099131 476709775
998 654560
98 480282
386121216 501067170
50094415 743186270
87735945 748544220
89 202466
99999995 100598689
306471589 892496160
355800381 427718917
526588714 874135026
674926210 965469816
9998 559910
89 461295
105665066 531673128
99998 757100
858747134 964590024
143457289 184097151
570568872 868643861
677229145 866440891
10433007 325584802
619807331 767250618
52557292 712062912
9998 748992
446359138 456565705
98 358888
998 402484
9998 512559
99998 1008884
702690187 737746544
184774651 959738805
481743340 814843007
460866014 461066996
992465070 994685106
158288769 650415291
727892690 788606510
998 896681
736912420 919163490
136971498 515411071
7572298 320159928
543204086 637797067
9998 705468
98 141433
161095077 733644999
109240714 766569561
962419554 993087672
291548392 497316284
550079964 596736065
227234311 856363219
868629427 912398906
98 775280
699506084 897336584
998 949262
485119373 742705964
596069485 975460148
719275024 976039430
99999995 100890202
99998 761593
207445887 284935224
287806919 960385754
950386584 976305487
700347492 925396925
9998 633229
654444581 833401431
98 468383
821306781 849413252
625846809 831738966
56113906 801070707
8 507832
908046468 948632551
169214409 750120141
162745331 447901233
959183657 982661134
99998 957082
629640303 811676207
800266305 990610757
8 578675
99998 1003351
998 187902
98 758990
89 104658
9998 978305
99999995 100282946
783627637 794301358
98 650125
609227701 831363434
259406891 390702362
9998 95938
98 830986
410775124 834384252
970601494 997431421
98 589579
233284319 879596730
8 851062
65338941 234002874
224102064 768083276
451029158 997776910
291830956 595477675
717872721 841781309
266539741 783532909
236105107 651081605
89 564010
888765264 917636414
872224943 914774208
449346320 777368845
286586416 585504473
998 880497
8 249041
627180561 925956074
305648468 449263700
98 53397
852828377 884134959
8 73453
903957616 956865877
998 833972
99999995 100773818
98 109543
588095919 594144048
789696710 817080321
99999995 100977182
98 126403
89 60822
416534914 685069206
618365969 715551253
15120458 62905319
337891515 777695583
554725592 898076981
9998 339025
536149101 650623930
668136832 964328850
803299840 917692776
89 723195
80290276 655427721
999530644 999774121
98 482827
377442044 894167522
99998 516061
452099571 644420568
98 477072
18073713 962240480
723682393 825510116
876862350 969825816
88670918 570651443
395258990 419613207
99999995 100617790
98 537027
735755407 866611574
998 214952
751313800 917043309
654209130 733309482
54235423 337493422
89 819367
759560147 883384189
98 667344
800689778 860275859
948020933 978955475
163098839 303815725
221660549 542477881
312165606 373297690
8 985055
825543696 948090468
824667875 890016000
109483464 290947637
98 987071
459557084 968061802
28150174 297405083
910975803 925076946
416626268 921750437
838134437 854092639
514057514 889323484
747446136 865058957
621912484 820617137
89 177004
517574473 823222511
340275735 679555906
16594028 830006272
238088334 987665538
820637050 937288182
998 42997
43529938 781809592
8 773731
789486193 865553977
537506665 740280340
998 105230
89 727081
8 478367
815027932 872930104
8 50395
8 97337
549462874 641826740
99999995 100415753
319638880 326803221
830917874 878811676
925120093 964735228
204758932 648246914
212561924 827843827
998 581489
48584970 906297073
569863018 597165968
245856102 688342848
20920069 265957600
429369645 544620678
98 244311
113890649 908557205
167636925 605058980
998 31801
904719014 948912684
658530811 857240322
379215530 747945295
99998 1088041
916788268 990079594
9998 689732
99998 682006
929950961 951529275
944276538 958203421
237746618 909440146
8 32949
89 652487
98 622826
98 272207
646035632 679566168
98 99733
99999995 100296503
757916586 944752611
8 592590
597559763 775374091
283288922 671615232
397186845 475004266
953132376 959037682
220919865 825247788
973190654 987388091
567942135 953344388
92455846 446311466
884606248 985670606
842874413 903410902
503266252 544798294
572220716 778893879
98 508723
294609095 419201386
99999995 100573643
691927160 992091518
885094720 955154205
888118324 968687698
998 228628
99999995 100682540
575034693 576486445
7416976 368200162
99998 277991
355436501 863266001
99999995 100988612
736441382 974765049
59688562 841309450
742707397 760483551
556177266 583635210
998 485735
998 445669
149606559 497282476
208023046 309048436
70694824 607179304
98 862789
99998 555380
735352964 802222397
423794741 582182122
99999995 100972772
182012796 864070739
26435692 566764135
659273414 826053770
998 854958
414911303 724337544
241554652 733691668
134771680 868167178
998 337375
945390153 962098845
583535064 816925055
499752004 906546369
582719057 766151402
66649279 952033621
899147507 981134788
920607143 964057529
268146071 529571041
99999995 100768122
998 709471
56735652 642648157
90820871 292502372
99999995 100191549
135448192 137201878
861048405 868380658
956310805 988548182
510456553 839518538
701134664 993928069
817107448 945609471
904559326 994588397
500606062 748965293
98 992359
89 313711
532363688 924097410
99998 231829
53642205 890287943
112429748 314987777
70129482 454381213
99998 920107
879685904 921019024
905881375 993221024
998 948239
8 132392
33541156 484605862
866237878 883026416
147149411 741148066
8 923878
8 871696
655025367 939647108
441941787 928758397
8 859709
820945620 935835616
87009378 313308066
40897260 819116105
99998 669265
787717447 816073727
571969240 921161229
426832470 828985766
8276438 748502699
89 275305
795891782 933082216
450654725 568275194
22788706 204687034
269126739 393706906
999826872 999984711
99998 890165
206122875 676740688
584047927 954086683
554162817 891139349
98 977597
888019877 949088794
131389175 857254489
549146656 966310586
8 801681
24712168 202705756
998 386049
131934356 361282344
998 380647
99999995 100058660
916320771 953980808
99998 735892
41722548 596151409
98260311 193808936
79740623 374113240
9998 1007753
289128018 518740140
99998 169244
89 229042
343100656 762036902
540613006 949232267
546646844 940788615
98 110444
89 285103
89 189147
562003041 653624495
528883486 726506578
99999995 100160137
943272223 946545410
747011071 902510522
292810912 613041098
453994849 913885750
99999995 100271391
54863880 537692577
110130057 341389109
588380359 823787926
9998 70701
9998 613585
559015264 855060549
436409887 929556869
99998 1064248
811719917 992872842
274974625 791519735
153708588 384936323
98 756854
253183135 994457657
164324549 295030821
99999995 100809442
520197832 930615257
653550794 678325603
9998 254906
972633384 974311170
958685673 998469608
264002163 951837915
900773399 993758631
663280325 990938960
314435442 652872368
9998 968872
713767737 822717886
954567210 972539526
98 659299
684769121 904363219
819499531 844562916
381181940 847036411
259749644 633202006
561345942 716894492
9998 269918
790493765 825544502
524750874 973287402
99998 731012
502000312 841735796
220212624 459379852
160107451 461450115
563876410 846585121
708244959 917972387
543067623 903823125
89 369988
676037107 982260962
58117753 974984282
464994888 867644486
488537110 664771607
99999995 100890248
604411369 739405254
434321759 438407361
9998 27001
153586144 430982784
89 742733
89 665861
569584135 657900052
9998 720399
9998 685338
267848810 991530914
669100641 684445870
193540035 378169100
851079979 876225075
87081622 580388100
204767401 463799326
815173904 964478722
98 627502
965314452 995419808
99998 538089
998 521703
998 190758
98 866069
99999995 100081039
874422303 912924741
580959323 773277784
150008600 847819089
8 310298
98 649613
13155031 858126147
444304714 613704580
508219100 773477271
551751757 873079980
403055743 498569920
518270642 980834173
740155759 767741464
270510846 791787602
165671353 929789815
99998 945493
459038678 640013726
163361633 889079677
309995208 372174407
8 702498
99998 798774
268117294 604344356
9998 444062
99999995 100046019
242034805 818218937
686157768 693102727
398511348 630125403
62668523 585964566
282123926 985303846
780335726 948971245
9998 311634
562169648 994018688
750714872 803891494
815049144 964868975
271701077 409127490
998 662748
8 836829
98 676961
8 192629
133985625 155854097
89 473554
987497100 993027702
654201638 658390885
8 240183
222470366 225200637
733173874 911030891
660168579 843305347
811568065 946178041
99999995 100285162
689436497 957665591
163202846 433596015
89 496924
231387234 850418684
87266846 552541685
102787492 106781568
523061582 577186379
119544851 423499063
99998 606461
100430534 542282719
8 252594
647898089 822063652
938492422 965312196
677868843 725800848
779108697 938546154
944638843 969234008
420141265 692481058
998 186444
99998 162877
8 785047
99999995 100734099
300074776 940347440
258022258 352310768
172037592 407448887
75096058 945800961
419421342 903182012
849257184 866312171
998 320245
21525048 409784307
9998 30677
481701925 780396539
817984775 912689216
998 336556
998 532995
60389801 329705706
998 601310
477691368 863539121
664283031 716180940
685076383 707866406
9998 338418
912273004 923957414
824061299 921189505
606326887 693732551
350447504 408818242
114354527 871786119
478460690 792290226
89 708615
98 679999
9998 834515
114519927 897443308
857858358 902676961
873200166 992612977
89 674817
905449628 968222900
774461567 885567212
351947423 868138020
654499958 715128524
182962715 424468461
992382008 996617706
55778442 727801285
572975068 765994809
464062596 819757590
586003546 881318158
447560395 536425405
9047331 702086492
207422529 554855901
327118040 357481750
610623496 729168172
99999995 100637103
517537180 748451703
709885327 740583541
286819026 767899265
653648205 718393276
602811829 718769106
540843788 950369564
99999995 100065208
203934965 325460055
9998 782830
809644649 844885129
136686429 616940444
87688148 388150921
645972643 686561725
322498742 674256016
64436292 216233061
76603110 633013591
89 956909
464738128 495260629
419984323 688533920
252290020 797901879
151918557 323138394
89322597 647697275
895136307 983822152
8 246701
61387179 227253126
99999995 100833977
134713180 956383592
344931246 353502556
99999995 100295896
446915241 942493449
22344164 378365257
99998 224449
998 703376
98 863536
998 613044
17885203 82483443
803212297 888112067
382702091 756878924
98239588 392549085
21389768 782040568
145906415 293817423
998 209472
14093250 201702588
214537671 382569916
474952201 575778789
89 355358
263998652 742106020
938866199 988912822
539862490 614544766
99998 515536
933498124 951015678
348280302 876851250
805979746 932110314
9998 418260
343219620 499746913
299537284 537275948
549650943 997979530
99998 562955
998 912912
160420392 567124055
516212920 961368267
145659860 460976332
126829894 755226331
998 861003
8 250483
267764724 578380209
99998 578865
9998 542200
421365940 499974703
99999995 100178020
643771133 768183772
98 358975
99999995 100875615
98 212447
99998 823430
89 373769
109599608 586980450
98 484820
934137956 948084329
566945810 793942898
99999995 100782830
520382353 630875562
98 407687
99999995 100160347
278547896 850622780
98 12387
596507479 716776357
99999995 100986114
736694194 781271310
974013610 990963672
89 486257
850472184 940184920
89 526351
542094694 940702836
945401356 971667417
72633644 460362751
493074639 918917987
42066227 428030415
118321901 403904097
889061863 924061978
99999995 100768938
303866322 751236253
114484573 240123071
942772058 944774700
504886640 724210332
998 482823
8 468155
98 410925
350087602 756338649
8 221969
729278506 817616653
593582635 703705310
9998 354699
8 469115
813607856 947591083
875154611 877962469
754587611 994818526
178735143 559838052
99998 992136
64778297 353075268
956899322 986201960
254258258 272676793
843749762 901818093
987792767 988995646
821879933 962629836
810983732 907217856
506220518 670927462
198476534 505745647
99999995 100465403
998430875 999816284
799939244 928056636
8 610570
600893963 948436617
806598964 912985018
9998 923776
413703621 637911171
457867555 567338803
98 702404
78682818 645634057
99998 807405
972398317 995435360
869046081 996547781
105492446 588597479
82043202 145737839
99999995 100493456
831871515 890197978
99999995 100541027
10826585 817527820
151140041 425089622
9998 810142
8 324408
99998 481337
89 619531
559727368 901801793
857988220 865977493
89 495716
221877344 661227691
677007205 808234170
8 880259
769320483 794477795
998 381427
861335038 896957887
89 901653
778353788 947749462
535880830 678699733
104198594 828064847
8 546917
886362839 950571901
99998 269307
8 653516
98 830979
998884878 999358719
429972655 672259974
148572141 598896825
549019127 746832707
99999995 100532234
98 6854
530366561 740664565
99999995 100878694
9998 927745
258342716 898502179
955608904 982002900
242173163 650576879
998 435107
29023618 276013605
98 424537
929312183 941555105
158766511 942700048
817713328 866485548
175228251 827637031
563072575 569369792
301746782 432592067
98 573820
216863960 941520274
789761381 893036767
89 268551
877554107 880139509
8 76274
998 255657
610533286 900725692
785268176 858901552
98 691614
244805624 451767760
872752742 885882082
840618769 941465774
86397513 958489236
389594207 412513431
99999995 100176119
623673298 659921167
9333007 124191132
78470691 902271466
701972931 934090766
611489792 669816106
998 16802
749127042 844995288
63926542 132368434
319805732 946748911
513248805 562967060
86605838 331498747
430611029 983907479
9998 337184
732229839 925468301
98 469349
796645751 836753196
983720048 986993568
998 982555
258718089 983587196
546232556 923027956
623523749 726494754
891067620 996020948
99998 887214
763580487 899330977
419664049 527566069
99998 1085780
99999995 100468072
998 218434
475739234 719129204
8 482910
473485818 917911839
723763613 952567756
219647813 445268171
998 394375
75410776 828580424
856188496 949340536
593956446 833369444
99998 219407
99998 999700
480953450 969038112
222413960 723634698
98 530949
329477040 988410335
878273354 971905527
871543492 890816738
998 429785
98 428099
9998 51993
91619698 479033002
362411156 902865075
173903448 930774018
246368008 631999367
546181206 774302607
411345243 835037885
99999995 100626925
335080516 723403573
826054921 978991967
418230783 755436862
98 129373
98 661071
99998 743057
363683309 881546511
523312859 749497978
142215764 470449936
89 811599
726035908 918128276
99999995 100740943
430286073 434630261
948945554 959728206
834871802 869956753
99999995 100409781
99998 761608
89 138767
573292645 993286098
499232577 608165152
348720079 963365693
378790018 493279560
9998 594786
835937528 948560680
543323657 904580391
456691042 913848761
56462160 141943619
274814793 852055821
246394733 289709615
99999995 100316438
261339939 550872685
47715911 110742861
8 963279
850013948 878465839
691749831 831365399
982050969 997381957
791447591 803196468
707784691 830000057
176330124 750270862
442339168 490841678
916541953 984012814
4002059 815349711
535082582 894765686
22671352 102552890
731614335 945764778
192543220 351568131
89 765051
963121850 974393858
483670101 768414173
44713634 501865294
551777938 579153266
89 295825
860783123 980708472
30241706 985633530
998 662867
738578773 921057978
898071451 908818897
8 531122
99999995 100438497
496347655 524247984
9998 918796
710893629 984434013
940391470 960060257
85910192 435471617
638090677 667638962
779392760 942673781
609039298 805932860
499200576 980516802
8 644172
635154783 751347867
316115498 382012029
99999995 100636741
896077366 991868359
998 952676
430964391 921150704
400023033 473845717
89 317571
122859052 794222035
98 403782
496697613 499549452
119119626 816230273
98987458 766227002
8 780101
8239675 955294191
554468468 825775813
830191665 879884416
120699849 190432967
78839554 851266927
792967826 864483232
32074796 132497318
685076066 766793209
432205332 604597232
98 732828
40371274 661480195
99998 537526
680235794 905013643
748139389 779169233
99998 708291
89 42595
471623405 874966559
835609806 994890385
811159667 967528021
149420238 507095601
432259219 621724615
9998 67482
89 402480
601346897 880025505
655522027 730178876
613518612 995251675
590145292 889695084
492722841 627369593
89 416305
492727280 795125497
9998 441322
87227559 606461492
9998 509681
25515452 807622255
943874457 963979203
9998 383307
412713780 671345186
8 467821
99998 128861
343151843 923597256
135094156 793428832
480237326 774206591
536220116 570667042
236257574 624211384
8 148021
549392894 689686242
976424178 997939225
834886059 857489645
8 908984
152162567 794353104
833259497 915905726
99999995 100925647
17974064 465379530
9998 338462
667181472 952944911
294279728 297565205
947224720 978985548
845730647 994120945
214084014 805837631
99998 102768
710587136 848894788
89 400986
485385608 579397825
776039314 954280592
808839567 886667495
409460241 949071283
998 619744
8 818964
992987460 993267482
443773117 521730247
118832720 632728580
523102027 771033878
98 679475
49642561 851881161
211963646 436847434
777508576 858880626
818572549 824710457
635159365 834151662
158580941 461498208
968045256 990191200
600039972 848781500
727315797 957033576
89 744825
89 796019
8 896835
9998 199772
679771155 869243102
153997972 672967074
99998 468879
599675738 835844991
9998 857756
89 986593
848320211 863692183
526580469 871462983
196048286 717478411
998 493410
207403448 915639865
637195275 951554353
998 77414
406236539 982273826
99999995 100814611
98 597
998 164837
120472621 600681600
856131378 906557312
566427343 803238625
353079613 886645369
98 281893
606502221 809184660
650718148 831600677
220729016 564878434
9998 201743
39267189 730835572
828276499 980334759
983777286 995481341
297570930 795571630
98 243379
281577153 836627591
613581422 801022452
99998 1083947
743318731 939771594
98 47929
103685642 806622628
89 122832
89 130513
9998 156153
99998 427332
717986867 829789463
831194826 985277651
9998 281573
572556558 665902781
532459423 696037197
527298095 864127715
394993789 754103414
112958622 889331547
935358126 979986153
98 135041
998 231356
8 547357
9998 667195
762848333 937382025
998 733829
99998 568004
323028277 653126167
98 387743
368401174 620692747
661890632 809601723
531271989 971920377
9998 206262
537815296 564356085
185279416 508278642
610346238 709424140
89 487685
99999995 100342166
387242943 615565712
791359133 897905281
423223040 738970248
8 354109
99999995 100324876
998 76249
481720456 767255869
285191873 642466161
98 718401
317163221 582106115
927454669 949124322
506486386 537559582
982442961 999230167
554079939 685006270
998 911275
583340392 928017748
241023942 869602596
805620926 985115492
89 651194
963936620 985834562
603532720 958278597
969327914 988716298
8 376341
240962462 414740062
429443954 659070042
148761158 763228056
98 341851
99998 1081729
838766602 862107260
492794339 499603099
856930210 978791849
528659086 576214152
9998 791752
489478459 854163619
99999995 100750516
99998 820632
99999995 100287813
872136058 892039843
99998 384412
989297608 992787916
80292978 203792172
866483556 882448083
98 824525
9998 411783
324646138 784937379
949742235 958186944
949075568 953597326
58607279 984010620
448733338 715042172
998 119664
89 311893
519391419 787796172
595355541 688700554
359766013 489671478
89 858443
913586785 951549761
998 248864
865466778 881383930
109915171 957216081
412575173 960756518
679923580 867800222
602602323 857038939
99999995 100984813
130358604 774873423
888555726 939630145
98 131089
163997137 422926470
994741450 998920262
998 686966
31250675 469854404
648127855 814306257
998 846461
377930280 946036141
872772695 982298679
293368043 979551931
386022229 862087687
671652326 760754408
816489376 839460636
998 736979
99999995 100481384
743814024 866215655
998 137740
248801437 386948909
569407771 795636047
99999995 100068027
341310782 463520399
25472983 558964567
98 978142
148821404 774783553
563115392 695677268
787214424 894022960
623176704 872119580
190674200 245831682
81404414 436774125
546858330 736760293
718147561 886123444
555963754 819652803
98 228318
99998 478462
9998 960423
998 411863
293984506 457337445
665392940 788597466
695922860 931014434
641877349 994171431
699059183 966560665
194132162 375558346
8 599783
89 983848
672930046 845117199
128192858 621990644
908800002 980965240
812623050 865424566
98 299060
187697677 769639008
600848020 646159422
593815041 645653335
490400866 759935730
956204297 979229249
795293875 937391813
426391764 819721228
564595918 920046344
8 973937
8 271427
998 544052
80633784 802781525
98 634947
998 900619
9998 759580
99999995 100917131
864844972 985686991
62374757 876337070
527487920 780335522
998 598047
491760884 598538055
359069041 863617511
490803451 926557276
287472597 323293698
998 660949
405590912 645392514
799385510 904316932
9998 833446
902091734 929930999
727882739 948798159
389407661 648966440
99999995 100290502
99999995 100447096
849309975 930411710
965953703 985483709
99998 113616
184492455 434422990
808033020 975893982
920872281 948223124
998 805730
140101417 920348897
956283793 991550526
97154428 653307273
89 92235
663188083 954161561
704746925 713308252
397030610 716837078
101341137 993539576
97061699 765815320
806095904 808939728
146349038 779225357
99853875 529158235
404589567 694927470
99998 717395
985406193 997338309
830205651 831064265
356927775 781607872
942462312 943199621
278848546 861336425
806591207 856351780
585474369 723398055
117543529 319407868
337164380 600563116
94784538 355961307
952567234 975724346
263267371 843402304
89 962337
548621748 853305139
587659997 824013638
998 399326
796345585 900738048
973120315 988440656
998 777940
89 576411
422608314 687367077
8 950109
473991713 857961450
998 649570
760675861 801018733
330041846 569271230
99998 708353
8 313352
931141021 985043789
8 179772
99998 737901
99999995 100408743
99999995 100733816
735411651 748939172
98 466450
99999995 100159252
596153452 939431938
492105258 965359926
9998 215616
99998 421284
663091187 979840578
246117841 807736855
89 365244
99998 724705
256566235 610217647
405374567 544623906
998 782161
8 62280
440518401 679249018
949566050 965795410
540585451 604612127
98 967230
945052260 946094348
357507906 876262888
191912488 501525421
253676198 648649803
100059247 446835867
98 371145
742974988 743638782
675496314 783729996
98 98248
270147462 593301523
868827196 869219655
252936491 744682144
286650 112362279
99998 708469
42563020 234087619
17568858 252696338
958193452 978094410
79969768 557366111
554419717 865549193
9998 635725
89 389132
448648514 661955612
405675222 505648809
768209193 910477039
986457937 998857667
400893771 593219380
952092205 983644863
676801926 900948079
695084806 987511788
584224306 773016237
325120740 660836073
985896468 999746669
98 383822
820536987 954274042
170648980 549269848
569778376 580159273
998 618859
416402531 679125266
951719614 983272009
99998 536960
9998 833342
89 173348
66551881 716546240
113662255 979149178
98 495875
915510384 962601563
307410839 385541197
268510714 366654738
638490852 894763656
99998 485224
993934614 994654945
98 957710
98 998072
600178741 818728741
551549968 859877382
9998 160611
349311053 457720482
18438677 56529504
99998 244043
99998 695784
99998 961725
944067384 986065322
98 466984
372231065 638842591
9998 302594
51990995 961833137
925797960 988984234
99999995 100117783
285422436 307883715
481086801 654710136
98 265642
536843582 646586208
852242480 993875566
813475951 980076327
228720565 903643920
998 568763
148458923 588196418
99998 673687
441444926 534742830
8 138198
98 832790
942024518 950253252
89 799135
99999995 100746583
861282028 911333463
8 824600
89 204226
399481060 429951878
738710189 893292275
918436425 918726135
99998 1006503
998 62927
159004797 745528329
722040040 746805413
878004021 977396942
513424139 914289037
8 441222
570607768 593486950
98 553612
907878854 943928890
631458029 680424599
9998 646904
99998 700784
723778968 890348742
98 500701
89 179401
9998 289290
98 97851
371185323 864337088
998 863680
479590485 822734342
328120553 341259914
454381171 809047436
278100563 442365176
998 536704
89 854355
798735300 931251185
9998 344251
17390051 23822269
772551571 782895986
77847835 766030887
339304942 680080599
361026753 690251693
9998 517236
99998 879298
99999995 100921430
99999995 100794436
337668934 835265076
937236349 955820711
99998 412203
776285020 832597457
64718362 481528710
99998 369009
10546094 439676087
668825298 697085582
99998 631203
998 351079
209682798 781319624
187209977 938773209
99999995 100756693
890125320 934989682
89 276275
998 455580
852195538 997346231
885276222 912061017
205302653 523825956
960608666 984251157
139184387 680813110
445427660 902231692
89 932602
757225695 845574848
98 311662
147353216 584438518
8 884227
90518328 206964058
99999995 100515689
376779908 923377173
555675610 682401682
116702084 343573684
141553709 843787063
8 101803
299169173 871864292
430393745 440455855
89 763163
502838189 838353591
160152084 951911111
942922852 987418572
89 103443
45018294 879214777
479725274 768920422
798980458 888000932
99999995 100827987
782693657 961881702
178064191 473292336
932709107 950947988
847776410 960145591
420583374 617742809
944697751 988099885
336601633 830309357
9998 816035
840137701 949394580
542940896 741184264
566188382 579647374
650003670 787671705
98 523816
468179862 676991777
8 102167
99999995 100293789
325126199 880838991
965976336 995384988
8 393583
99999995 100027189
677646262 726256775
998 620742
98 866990
106274339 286364408
179396292 959150703
696235653 854017067
229405182 612458870
99999995 100971716
998 881381
123295840 129120624
779374504 947192555
99999995 100737156
623414739 899133165
271559758 907976187
89 15631
98 532182
522410269 693105092
460351383 478965994
709516479 941279299
203817751 357345491
99998 340144
170125632 218959232
151485816 339031045
492819858 612740805
99999995 100923746
355964671 514728940
89 420708
9998 687050
739844963 930801145
309361084 905380115
17295022 484573063
959653427 985520545
9998 50573
99998 596005
373567630 906444853
293961970 766319821
764567120 900386509
8 283046
8 520828
751491812 849041324
998 555453
832099113 857554200
913660318 978662539
99999995 100260781
9998 848893
99999995 100583594
8 146163
8 838892
6976854 569860453
19388976 780444121
621432706 875715153
434523078 943916924
308126287 500265979
917251116 941648421
8 371124
279323654 718709563
975680858 996037738
695099685 873504185
660518025 985637551
604590243 768462142
446555191 948562518
9998 428243
857528179 970931705
786742737 945057813
31003625 422399528
863048597 918111580
373731756 538805755
89 188606
99998 997431
542463162 939007868
535269795 880974176
711070580 842854106
809256249 817244478
17918922 144986531
759842998 999555804
264613135 402970162
8 948821
98 631464
302663970 816683076
44606552 552474742
998 362087
450156608 734426016
409843717 579373053
8 621937
535699529 772213046
9998 263610
993058439 994679521
152586840 714432309
475355671 852723308
8 850825
870748054 910980310
98 609336
37903026 102691424
99998 213591
4224842 132819269
872295172 962821098
36278655 115645423
471761875 798635197
585747600 588776503
755231322 917361354
718703524 911938649
188293032 226958069
9998 105551
99999995 100776910
899356824 994376880
308701373 879996522
454872837 558045789
98 370056
245167445 262203635
11735608 314793694
89 151569
873161193 886406531
281004210 806929196
684487444 742024258
840607597 995323291
806352241 883277272
389849868 979027405
99999995 100328588
529687272 630765128
4375718 622674615
89 958132
750306642 903821956
985810883 993867573
98 319971
388348735 790565953
144966926 629239411
407144793 541256834
4042813 682101671
716138792 999468281
840773155 959633578
801287536 886279906
99998 1019659
98 444385
380366681 481639392
777399346 828053430
99998 788617
479125604 585048189
240867836 647918635
342139343 981730523
674067851 923251097
99999995 100127097
494637497 627468400
988788251 988798001
89 955869
525627729 553331023
388941161 416256303
98 894986
4741778 194775751
444675605 634812103
1854332 458288948
99998 1029054
564095866 966088942
98 319547
8 673216
705663727 879661340
89 179101
845761695 946799325
958856697 961396986
99998 229287
831906516 968591536
9998 772305
877588822 884990126
104511607 347642438
743086437 860750999
8 934485
76131680 935611652
426412931 826413128
474694636 674577299
9998 591229
249642343 838912531
793408004 943793679
590920748 959569750
161191066 314090001
678352203 892584125
830954162 936265213
1930412 806488936
478582641 991376455
695901128 871266396
98 952081
8 561873
708728145 914785353
383417198 798252512
203970602 690519646
136456719 976169808
89 676682
99999995 100031883
99999995 100140518
368717834 468950492
9998 226298
9998 528906
391240279 848124568
420725654 998535455
806577728 958490303
98 118803
384154589 470059850
38826344 736479863
99999995 100798030
266867845 949662109
99999995 100784035
98 164716
918603116 936254388
306181450 820417447
248135211 935097842
87927757 967146839
998 366801
99998 388287
59613275 468738799
698313719 890508707
805402801 865685149
122909274 276691145
388486387 632760539
102022886 213727385
296951529 715126476
824747980 861821225
38236359 846035343
98 738050
624060461 633805021
681622462 863391422
365293861 600061460
98 935285
99999995 100427384
834585988 919048539
9998 189112
248836328 556802162
99999995 100942384
406158437 799615877
521155977 873781621
680977356 852283330
203761258 240467731
449098780 792822331
581116228 663799941
311476664 560719451
184238023 388380351
364561520 451248351
99999995 100171932
719146640 828752213
99999995 100085949
847663692 854683972
8 526932
660020112 760519214
547570733 798900700
89 90226
699687174 726671876
828583844 915147643
98 789738
837659301 941415490
998 797665
60015505 563780135
89 503894
834056064 845143772
904485790 915581990
8 204455
753923131 899834819
961583536 976281360
232635404 915458941
885214922 903490552
737090083 758124083
565365670 934460726
440411625 989028427
939558010 974561204
99998 491604
871271480 891970810
998 572205
598364957 823965596
687882298 917305659
703531209 975521594
379191424 856140506
196319912 304569401
99999995 100744298
511357076 616479670
863488466 935001670
188176865 266067846
99999995 100105097
89 433410
481071412 519415468
277997479 436406760
660852285 698223145
806664082 930330624
99999995 100094914
582739190 624472850
895654826 929416687
522205856 642938557
998 553670
556606169 921915458
158681238 190234326
397936226 443545386
236193752 821979722
184036770 806194337
190319821 369791674
8 843653
89 476178
998 374378
89 822276
531470337 728004424
210739170 335041113
647706049 701903562
681649300 842595743
981165487 987416364
99998 179317
9998 204231
99999995 100455540
542177836 939195146
3545538 588664489
99999995 100323886
99999995 100441831
98 801815
448101047 688489941
863426383 881095385
852622171 930897429
581980452 728277539
225565094 718803495
566736203 833759552
98 885264
130549750 293055714
26263349 224878870
9998 186430
114669771 567287062
73502786 579903867
381815403 476726564
89 536877
99999995 100188455
451976269 612663143
75747677 516871151
134464154 973419051
107637843 409947292
9998 810007
9998 472898
362211532 936181870
998 324581
11749978 383039706
168398242 676237134
998 627172
99998 844755
99998 767661
8 101919
807242262 884400032
504000938 534198480
8 286872
801384483 885019809
98 328722
99999995 100178904
9998 683246
572470225 736849538
941775053 950159236
8 371746
561648032 695092835
588878163 821654858
674647370 868548215
140094673 855149035
925115999 934640123
8 425059
523031818 660853504
950010058 954132588
640655112 775160095
556701281 961073596
378371470 968769362
998 733722
98 827731
649240466 996163137
208600490 818017049
8 743552
20426800 637545716
8 244007
501109554 720339319
498665148 675704846
99999995 100225718
99999995 100554135
345172342 526804546
599367908 792463117
99999995 100875095
589442237 655607148
8 529751
834916329 849230608
338825655 339614021
89 867200
68821789 683062825
331853687 973632926
96730453 627744902
925631925 985138276
950033699 997529332
319339673 463201972
273891377 437050789
882651240 929122945
558975012 808736159
278958726 340538654
99998 305361
591060349 704868799
634431868 906732456
660500216 685113801
358375919 468872264
833640519 852358266
838069593 968267731
684623636 763017764
464887091 801489980
978940370 989374104
581999867 699581680
99998 171718
99999995 100822179
99998 562144
525643670 927675739
998 63661
729395243 792289872
193856229 866167889
998 908624
206103186 454694953
884911834 906686590
412711497 531788740
274911206 856740871
265274331 831780131
168429428 717107987
998 769298
131412656 228663895
998 155472
43458983 187465062
531233301 533356805
542610057 796604909
903255134 990145668
99999995 100347619
492736320 623418186
589172494 772543976
464888507 660056606
99999995 100185496
78168905 215550915
992143809 996798582
140683924 712509938
699382568 879374165
457796626 881521439
99998 190045
245772035 714525406
280388337 851597532
98 638436
99998 963310
992279187 997298353
715010076 902582969
99998 756967
622759993 999977025
89 665032
998 185450
99999995 100652765
8 465249
293956406 591690740
99999995 100168272
551818814 796934226
89 693373
884924299 939999071
983865753 985961264
8 337155
99998 576436
9998 732640
998 631228
8 954138
74511022 713950414
689679014 858193426
89167150 645049289
55106937 833017276
795241112 801185946
412732601 662553657
101546502 960105094
99999995 100265267
429148595 814593662
26485857 447558645
98 554025
882363484 901024074
739943310 771693287
807692737 965072208
8 297314
506123654 929366756
120792191 260960377
169988259 355266765
537573809 911465761
434738017 710869986
8 325765
134108988 135492583
8426959 739451214
519511538 700007733
724443124 779534258
715921070 987848291
99999995 100087229
616660645 778337207
8 663574
386458256 404999784
99998 353024
9998 220867
881255873 963930629
562082906 667135624
264708779 544545149
99998 127117
30612394 878287798
962355937 980120222
9998 708838
89 107596
89 36469
733118710 864202301
450919029 803848450
748814027 913085472
949306542 977372014
89 312665
878206406 991110541
481127756 589211925
332777642 872811398
180286506 490303220
582682577 798815196
89 892134
348624941 494905392
9998 571098
665946584 763268258
99999995 100442540
924557568 946109812
414976359 982826085
273460759 341378103
772315254 963785963
9998 278697
998 999556
89 692403
77344485 620178143
9998 968076
807278259 967359765
99999995 100340416
187272448 303196142
99998 184559
42872616 253015838
942192389 975059488
99999995 100448600
893785493 947651885
830078366 954880770
437312526 631666792
99999995 100190138
308735351 913170483
89 184855
99999995 100835665
98 551064
98 329650
725032194 727577424
98 976670
9998 887357
713390988 799142437
8 486834
9998 554649
920903523 924146967
607474062 933222302
190628897 781174636
564324035 906701598
960389315 966191804
614357931 713684303
99998 1001018
282778319 588218632
310594736 420416378
431471449 459083972
64097301 170675581
98 14196
9998 947225
272490569 949992239
558373220 884988479
98 262897
247426774 286389956
98 203168
554472454 798454019
221605982 343536336
463321641 475846351
678560461 841392576
509191239 904075130
998 729622
56350105 221930822
25590897 162794375
36811407 256253901
532409141 633777401
904561607 939679549
602982040 706442857
506010410 791337515
566763125 915982309
277579822 841297837
98 468035
99998 1057119
99999995 100495331
429853356 531164440
162304963 494376570
446737949 944697426
20962488 868593095
656699960 725123152
99999995 100392656
989193165 990144491
706109536 985981886
293132347 371491239
224806347 354712281
998 369176
98 335917
334916649 410387935
685401146 856348058
973970127 980632175
998 631903
998 846417
693722965 787336783
821164575 825640934
9998 721092
998 12857
165005208 902896198
568734637 639411889
98 306475
735776827 902232239
811506451 835262670
8 570591
720515178 813690274
998 982523
499935505 777356951
959700341 985341545
673513037 893201730
459934511 885897501
263286619 877823925
477202086 735669407
534673607 961334612
307920449 397606137
437094395 819229308
278729924 868063215
904874528 920333449
877876430 987306866
998 283597
751591246 957399030
220204200 297922061
795665460 994751879
99998 306161
971014339 993078997
8 274002
111948845 400450781
882043350 903386041
813973801 910486793
308059709 475134006
99999995 100739407
55714755 169620963
9998 399248
301431359 828677996
961507118 996765665
99998 323302
174073614 583829742
998 199650
98 56107
99998 495422
363214197 908920928
89 125891
639731314 831347474
9998 974631
371353548 709146825
99999995 100603158
767434477 808577736
99998 123056
779429321 906519748
152664661 380182222
695928872 956077306
478622447 516120645
304547727 542492707
783288938 810802016
374289308 845717068
82172809 259594140
99998 924920
141866256 246533692
99998 1014631
688236307 851052619
9998 530485
572281399 583687715
638762435 774923526
829922124 985649682
427718946 920629412
998 734860
826186230 894200521
983260257 986723184
9998 166286
37797799 912757259
794688647 860840077
248063976 488722350
301517284 601276372
874802822 877284684
332508467 885865945
745591719 863350208
98 179168
198252610 635523778
92698063 403956404
89 62169
9998 651939
162736240 857500328
98 340809
9998 502476
998 7730
410630085 586122701
73139857 862651529
609500101 797218648
883231960 967777677
810883121 885978228
655169876 862511022
778228253 916265297
836434832 936648522
144778765 899084920
153036228 674776138
346078008 824292901
99998 563816
644717992 682505550
91036396 338410540
948933367 975890777
9998 806598
660369803 921736167
379534659 434885746
990831924 998165365
950953729 985611330
99999995 100273822
706098553 895956652
720454410 852905856
245133723 766602503
9998 519597
581487029 672916615
89 180901
342462841 898881598
925476228 956566790
924640674 980587691
538328937 999844462
711915612 927836894
120040414 745857063
948246681 985700728
223716143 249279258
396568313 651754934
581356896 648245177
646045161 764072415
148743432 955877152
95206895 753540150
953734472 964490811
86623491 784432578
998 146792
951851065 983776928
209863531 322742915
316435149 488029695
998 735824
769723044 772119849
754346967 913755410
998 303204
527520304 593734310
116704986 794259117
237091758 768730499
234745396 886958784
863294180 954434141
864061429 930524039
8 357620
461253218 888287222
386048148 450073137
416130435 957908150
396775230 547690640
99999995 100695844
801160179 953252464
146552523 566710688
875928806 983481020
98 51599
9998 425968
998 486750
273417721 960282568
99999995 100617726
233933160 434573842
98 97592
416547737 978314960
815508921 986000216
258267967 506221499
149310135 308227499
5742650 849387978
99999995 100325056
363882662 748085144
9998 71771
9998 822155
302863291 867252214
9998 857613
31704760 384564725
327018765 961596568
476496416 620978719
974899184 986463942
367270695 638459699
385427191 703594434
99998 293712
267589886 533595977
998 750757
554564909 928275749
745452962 914895869
283441015 424139166
480616899 770275143
234799038 719837043
365809688 509784295
99999995 100653267
329097770 716808324
397735666 497281551
8 528346
9998 421093
347253768 720846575
106064643 169770876
834119932 855804351
249814859 659372730
499925694 750127553
99999995 100276374
99999995 100623379
965377193 999666809
9998 649896
99999995 100282867
332218958 412539103
468078693 987106108
99999995 100743602
9998 102939
704271217 855622713
447438821 862067725
894816768 960774173
40824731 451845228
370181611 568737018
831048114 846805682
998 112867
478591565 509356866
770924584 897667022
525988692 728702534
89 198428
89 594294
98 153501
920013212 989695347
136324315 400404095
942169711 991083332
352000366 691717075
641356320 887889070
99999995 100726661
99998 591764
468666356 766002360
17567813 351957848
998 514715
99998 884659
150503870 247434447
864994445 885394637
9998 325307
142854287 252458394
535920708 718262433
215765577 525751587
99999995 100910354
863430106 912871745
526279032 838882525
791149987 869162775
283821473 524838030
836187705 891363030
144695797 740664483
99998 539906
8 898327
503831457 882052230
466062611 491023602
421980269 748673620
89 229681
825761648 932209213
919616978 935487147
9998 999752
98 568990
204616813 437931380
430960529 624000129
587206050 714020089
998 301467
424741840 636215661
548507304 819908647
830638088 941241126
127044531 297879926
98 492649
99998 316043
178726085 823741698
896066150 902683213
882324466 921652746
99998 257997
258348488 581500188
807353797 962418884
417159757 585537135
532939395 726453369
737652075 888099169
89 168106
177281835 292095594
89 575281
523123832 693610426
489339292 646879941
998 851961
9998 429991
99999995 100407495
9998 993612
969233137 999947477
98 178280
8 775572
994977055 995108655
642649891 976876938
584035827 874264537
98 568398
9998 134753
700705745 781435212
925804713 956860175
8 191177
99998 890542
9998 941849
430090077 584399590
9998 928270
99998 900115
989116135 995136254
99999995 100721661
310561074 871294954
608502042 703424157
812203053 939338533
706210567 759249682
684729971 730466014
842042951 894864311
141766787 360863663
437560759 981020747
9998 570339
9998 105777
89 265775
161921835 362787446
9998 113017
523619566 777364065
99998 504323
99999995 100860882
9998 238285
300969232 310772088
319985469 559289413
670175546 802854120
132828281 495922804
762036440 769847972
627716809 882822186
98 361647
99999995 100394423
266835676 565100384
548127215 643566660
387836159 571587330
165094836 214006514
240288520 935408111
99998 984096
502279503 815666747
360378149 637358025
75622221 932550595
994205333 995010923
287295652 596788602
707143625 819188147
89 494652
636419745 911347654
438676402 841802890
9998 19527
912603987 963143589
463086919 786005230
443861401 866946681
553851052 985976389
348431934 482862670
184239726 488755677
783369846 941819039
48020631 325964537
916621827 993620900
440330408 864882743
771562010 892032156
99998 925518
728070694 779408725
99999995 100977858
98 573251
555261929 836818007
396259703 984289963
147686222 874558904
885613140 996855809
454186782 992036777
640545164 697888357
99999995 100805258
747234387 953090656
607855540 922822037
8 185717
667064488 800824377
156249671 298919423
99998 508853
89 976647
150409692 749042200
767766075 951293211
998373533 998831137
966296487 980789172
443315721 702702031
522820634 898658771
99999995 100554937
301977588 374888220
151264360 957772947
625521206 805065909
807899876 961074611
9998 741776
294855558 716441978
998 638427
515474921 786376925
367340641 651820116
636659553 760652402
998 768203
813165922 839063518
36055617 308798859
8 366029
99998 614685
262503390 978050882
98 868257
99999995 100871779
98 775819
362982911 873101106
80999433 400061212
803249669 810320693
99999995 100618317
591393048 881039852
99998 321090
658710328 690547469
99999995 100079981
834541931 861300239
998 471269
310891194 365706460
164299834 535773841
998 252762
9998 105483
46901129 835622718
976732552 984093204
121139177 222220972
722528034 728606675
680926036 754880233
8 911130
145047976 466872215
9998 780113
678730543 897020333
320776006 593884545
157319701 978948877
841454884 895217274
839750758 913974955
714825697 970539709
344756462 887882184
161436044 828394228
680000136 800117195
9998 354915
331536717 852270759
683106668 793991836
89 665607
529888156 943226429
481002913 710866962
8 817150
754805059 866434973
999387118 999938503
98 822316
476978815 702130621
8 717020
99999995 100149649
180236614 637317476
873020874 988135917
320041581 971375151
908714960 982455566
99999995 100568874
99999995 100081180
8 867538
341350562 821189526
817505875 975225800
250778202 253780155
782962352 867785654
852140145 887014685
286192484 825763226
9998 358613
51057164 649339117
581796976 718004159
293950515 380542341
81512488 849659447
89 717527
692371380 981857211
281094644 743068023
117391877 524416226
99999995 100441237
908846341 909407167
812549165 877741833
947576976 963624447
331872103 719138989
99998 182227
998 458026
682135345 792096137
454064558 968148676
349234715 810648171
885816246 999894214
754918616 861133113
479941475 617120651
8 696594
483698304 496702931
629664946 832636822
267728976 336621592
177965698 890303472
266483084 392798649
456159018 637833319
743993592 932989934
321877390 692869702
98 574827
948741448 976885064
946082276 968490240
998 281297
540592599 839883160
129270624 817825879
524658001 824079656
674712844 854293929
998 653906
98 866114
95740186 316930636
439596098 995769579
35384224 919078230
99999995 100710642
286931841 868772377
804686334 992998077
164918608 745084988
442300157 588630277
89 649991
995851903 996702244
184317248 435775648
983371856 993286470
767821585 805197744
99998 704014
146525614 550994644
578024480 731232092
99998 169619
35230452 625002375
137410639 639684902
180992951 304504606
220143627 608629424
712729389 735669580
93872287 409337121
934759300 980990407
47929364 786270206
255982213 949386842
98 940100
938317575 974480214
273145910 296063255
475597328 510777315
9998 393043
367785768 946485644
953760809 984692660
99998 924242
242807904 396579268
998 666480
89 541085
112874702 683750603
373045938 793201948
90994111 726630629
99999995 100695555
89 912858
998 591264
89 161829
9998 926315
55253741 879798687
9998 417685
929314242 967454059
99999995 100565028
626794661 913755001
98 718701
8 108248
659453704 800156300
574986778 944968078
30639092 650893264
815636137 844845584
8 309751
8 168960
998 1188
715469812 860595397
149805802 802124195
8 935242
461821802 725823429
347870680 887533012
88235285 657954386
907989220 918597087
577637524 677718492
984372601 992797791
105728943 760847077
43393288 274292699
402488994 678965569
619338956 884732563
99998 420281
842198587 994234846
998 67382
464731120 472583700
315983881 525025514
998 86844
395751114 556594765
982513510 995347060
25491680 572125534
402608611 730066059
40527778 198126520
535371709 604440875
971254677 987740286
998 645941
900882062 957239026
654078214 950879607
8 996540
414126182 538237818
109279922 208456858
802500222 929472071
99998 248807
327243317 660983245
690563269 827512308
98 802650
998 62577
766466977 829929672
833145861 926221954
119297243 726638251
286987871 551402648
462495425 572417509
233367052 878393490
99999995 100123789
43625428 783117826
230290991 936780796
912759433 926659381
50650223 229752539
806749623 885927389
632544153 800309294
912667356 929423827
455574656 636218751
76613025 163627641
301047573 947799289
89 280459
241817621 258813572
836387605 900289005
8 333347
345937952 951052680
99998 168089
8 286923
888092346 896966671
99999995 100305667
385393787 768443604
89 213465
99998 773430
238852610 383800124
618033940 957275407
882322061 960811319
89 60362
8 614028
486579845 590759530
8 883906
8 879129
8 830993
8 229995
783962242 838042831
93692930 323032594
998 446273
783965658 793603864
306851696 794079765
234755152 849533372
386173987 785358883
52617326 253619218
841880995 877713509
89 628
529384078 632446429
89 690414
268921001 327794961
964846943 971992268
9998 296696
290293689 399606937
994410972 996043527
9998 495276
401563222 724557734
8 442516
536854271 722446832
9998 874452
8 387599
430919838 769943233
89 92542
572411562 899004971
671759617 799331447
610860012 960611661
998 988638
483729872 947568209
315967846 998455430
274485661 736664969
103035627 382691051
98 383903
99998 829863
807353746 988895376
89 119443
371867668 605611275
377063930 925534198
99998 1046721
90227247 586211455
848967735 911393294
8 7292
591819777 767248774
550908393 582212205
142416667 888769024
878727830 902941236
54088888 539595584
590221972 975768929
928640061 948792341
296863798 388335067
98 921091
275226700 713985397
283814749 760114231
8 726603
673298087 864085668
237656568 508774715
99999995 100436349
261932083 293795533
788134503 862629642
760642476 885637904
8 901670
99998 547994
433123976 511593998
842821855 878616559
329844944 539256753
99999995 100029961
954223201 999428536
89 853666
835112715 892795078
98 536240
915367386 937104275
977548860 985696188
290386744 469275700
89 845310
998114162 998495074
99999995 100635366
172602883 229685412
166473789 505000329
89 893100
89 562815
99999995 100543677
917324402 963558183
962278932 968831764
99999995 100731248
89 251905
121358111 340881121
9998 555667
998 377735
8 978357
919689872 973882666
98 998150
99999995 100530317
481222880 988885136
63655047 395697641
99999995 100606066
416041644 819595631
23789591 108520667
89 64469
733021987 904974009
33124086 144213867
290431221 448697513
42962799 491901780
89 834124
761804145 896717036
110284239 839132227
98 963120
525785135 909055952
98 582429
172346774 783581003
99998 213225
89 472888
98 240578
466982279 486772951
431980166 782603027
315707181 366054492
443881383 581295143
929720830 971228010
249128252 479566306
69469931 907818712
911636232 966650200
80561132 753231308
195186942 637365537
221590244 560244519
709451491 749988762
9998 196368
610200574 887141265
99998 665756
695477672 727136789
998 561471
890089785 947010893
89 988269
58475934 821098784
378495386 710201103
98 368254
191784107 216111760
998 980834
719610271 768517016
89 778994
173809572 349368801
99998 339876
863080060 935743691
62138914 90637565
98 524448
550555713 655614684
990671138 993505586
217523356 474127711
312401816 854921882
591480300 996258660
399694141 854989745
54940147 384182435
418631579 459226427
98 457889
89 980212
99998 788330
513758416 839904205
99998 665746
99998 679210
692769362 997380209
89 107464
669916906 920290465
261396898 344240397
995276046 999642786
840082204 975491098
126263225 616205849
89 918066
86753099 766320095
358814049 660986744
98 791218
415824931 477405488
661442044 921180215
276237380 346653303
9998 269594
693592984 948856351
998 877730
783934954 850239018
647258154 913125711
766195838 771393959
991908384 995826439
337237991 592380191
784893507 988190790
872295014 965495249
980202322 991605422
605956624 877683781
594120742 733694641
908440813 956189025
512648079 727312132
517649366 664141898
998 611547
927351701 945478262
103133736 239932992
98 5020
98 673049
208435166 744419165
707891213 927915549
775385858 966382925
98 889482
367333567 785185551
998 388997
85849463 112466070
687122286 821438123
89 406161
99998 752338
811494746 945488228
748873133 812353267
8 5234
343625098 952990211
98 394202
145534471 408339688
99998 781773
9998 628418
101084540 190348389
728919393 851697526
99999995 100443049
99877678 816380218
72813736 741636986
9998 957292
850742945 951660615
614240402 902747550
8 62608
99999995 100925042
600744251 654480261
905910956 966212511
607754529 674467168
310985442 773981650
569067560 583534015
430295183 466897635
440676785 908543493
176828314 546957218
344641315 797141763
65671370 280219070
9998 439827
953898192 977749166
9998 316508
761024379 903652027
571211436 807280012
579551656 991942923
688866925 915466600
316391217 769918773
99998 717298
421888443 533382726
241082098 351227726
998 896275
491765890 799715214
449212196 657986073
89 677485
184532217 742607679
379756341 381785671
249436192 631088837
998 463883
272743246 325485369
89 302044
877000218 922328272
608763492 844061943
98 618722
430394017 804536530
667002720 694216907
99999995 100724412
205379674 322421172
98 667247
941868129 967310424
568094272 662219131
99999995 100288218
980807736 992616018
534621574 782363830
881920048 921801165
812438154 872145157
99999995 100186227
455238000 785928168
645678554 755872656
948532595 980934372
547156332 808638314
998 900731
766290174 976410769
264738691 995205251
89 11928
391655763 727868351
334631710 524261563
998 519265
98 420889
99958704 218103322
998 850229
871517909 965841227
780939063 798783451
197907422 733193320
8 330433
978200598 988965207
855014749 899505697
709995528 741111995
1605291 763970130
564182266 639694761
98 752110
974408463 995370270
9998 782688
99999995 100605601
316284567 674804651
827256409 880972012
99998 452211
4338771 515439442
99999995 100567181
134775907 932444612
89 623329
666933735 834520256
395994112 997592330
637736984 691970968
969490427 981800274
941359676 951727719
766626809 801168398
597996666 631204962
98 977718
398957571 727057995
803344196 866507760
405086094 790013797
89 179099
98 766411
99999995 100236770
98 306228
974283396 994174582
9998 743099
180721882 230749814
99999995 100853245
535361998 838814610
25841574 100860524
526133790 936993903
506615969 641683895
950669158 979517340
560388348 588707083
197310553 498779921
886937687 926562085
998 168120
702331758 833329174
126575754 587670163
716627845 722198784
98 757374
882679161 901390980
227773883 939264875
222994467 569266337
758774158 833561171
89 806612
8 707169
998 668392
229932670 959492095
492740616 984413470
839259877 970306703
98 153806
678984472 722543299
99998 737790
805804591 915703341
551411433 793872928
608179340 816779752
545034071 832585549
174882608 194266431
172441455 946944262
474209080 736883444
162605705 490007248
532287705 634421383
472479244 606530449
99998 287611
533188784 828155204
8 833207
8 530740
191738751 534673213
927779487 978389710
857515116 996135117
21580718 79650342
864908623 881129914
998 235197
492836061 869379819
250678863 995829361
621878984 679570121
92715043 113813582
524507931 768159690
201818873 623009568
437466183 711472175
998 688843
788312354 851041418
612963396 700185544
98 353868
98101293 265646995
470011740 949447633
99998 659192
442379307 838538185
9998 15103
706322542 956827725
979490538 984597455
174154304 685576552
998 40875
443076375 838459184
99999995 100971571
265989739 590527873
80738937 910154502
226372678 229589252
221087795 837509131
275227779 855084546
998 590412
99998 1068578
253153390 714245661
63677944 415717986
28653377 897710295
363920758 401686278
263026206 348335205
290655302 960297685
900973837 987954267
998 936421
603226485 883543865
99999995 100306147
831435986 940603535
698580010 893043787
853454510 917071598
98 554479
94696015 497064166
363455971 460507249
145206764 690168493
142953799 690409302
675465256 886239007
270258650 437333991
792074232 928481639
397379716 421599970
54859616 927472542
8 876715
89 502234
637583473 820033689
127847549 923417378
627052224 673416338
136551049 561414534
917322818 922804929
98427862 171083894
8 554241
558894374 720261830
409105714 507405229
301351464 722790546
316139153 955698333
998 80432
99998 119964
998 789415
551874918 980959454
89 197085
98 299321
99998 742492
261859776 424122727
389406797 773371092
712385643 800943277
618912802 707579202
99999995 100757419
98 647458
99998 635293
450659960 455735862
167572525 880410083
690812960 780529188
159037973 905398579
854797444 870717832
89 954944
9998 858275
484826925 669321622
989595526 990298235
601724806 609895044
345947631 689509263
493351569 944357206
131843953 503986547
89 334077
98 161060
99998 518912
998 745624
998 358963
974085893 979631800
555673162 870110614
360641733 918946348
277717207 325096216
400443207 879847477
88912690 637678899
631272834 943883988
641208378 696235329
540941853 706196132
99999995 100564627
428470562 627541769
497892449 918997470
291507306 970852915
620547070 697334955
905232014 977900102
526349750 539469574
998 683479
5655303 222170496
133917139 638662550
998 471961
998 412598
998 351723
200206570 960705950
440095503 715522470
99998 792430
582328027 878163282
6589060 656632028
250470808 911022900
8 993531
820013395 931114873
8 477642
89 66270
316920151 453888225
9998 121593
89 937197
760507751 859104993
833671950 840256076
816341783 853543114
99999995 100632334
341649782 582991596
933210867 970698039
756697540 827590572
492800571 716400588
410983657 635025191
998 800480
145197649 969480274
89 211174
215782181 458980883
82824996 509955502
516729199 930982517
501448368 889119233
99999995 100770247
99998 147711
98 255459
917649027 978166898
810890995 893201371
98 674862
503574427 697105681
811163052 916685012
998 333031
126368099 540657852
98 572323
89 980861
857281588 910351215
758190428 816221590
375975626 656944818
426671339 668716055
8 4198
669735090 786772902
296547687 526905055
89 663432
98 491670
99999995 100260406
8 971380
396601236 980135048
456883208 983683004
602834917 965706240
583868682 844843211
268349940 692167401
8 520201
99998 772845
98 54981
364845165 615867960
885725635 889689106
12391942 160756536
517582920 714844201
387042268 526146979
501052817 651994709
559034534 692404774
98 201720
863461382 937047689
8 880286
99998 262282
841164813 859730051
98 610982
490141117 891044959
89 490168
12835215 239120991
998 312537
89 895303
965613738 986895684
98 873840
89 29159
727926915 843155225
628543906 696846963
232149128 858934665
977750879 979312143
99998 764175
654867741 836494170
840879522 886968522
505605845 774830962
331395962 824544048
748946514 825824229
803990726 997619650
99998 567871
27009267 660871919
610853215 798069551
945580696 955336996
28700271 640993840
434682065 605186276
293867593 394560136
9998 950621
423448758 755011815
174109134 282455068
776415297 793613521
8 869917
99998 238754
841568968 988386061
770591308 841718358
556044128 863750054
690547382 715244454
99998 1056822
710151569 981203600
238917134 423607359
308737793 808335304
377034457 632308082
127079915 443841548
9406532 71037977
98 141171
370268869 886057569
9998 88045
89 543017
159157821 745722386
971500460 979874107
700817653 867250935
346309557 934474637
173194710 674728643
988798816 991594950
373352713 786584518
236822063 440137371
583507539 717836327
8383737 918551363
902144806 911188608
89 135548
89 303143
792121994 821961034
211879173 559129367
61247723 137064606
99999995 100271451
974452835 978612216
463450590 467304367
172841281 801907829
99999995 100710487
9998 838077
89 536334
682492492 841242773
8 955928
255909562 597362164
98 168508
99998 715917
99999995 100701589
157453167 374243483
423821692 581193873
997332641 998948484
896611096 988883687
514319515 978318642
336205456 934450068
495406772 724665961
82165161 778626707
93549397 888256446
741684165 860554837
646391979 703236971
99998 721980
631498067 892576684
98 831458
367646294 595986257
600103729 615668659
14720162 38316977
322981674 934447903
99998 682532
380092447 831142748
998 358428
589806703 643013552
98 998468
565150692 862909300
234137761 602415861
527947420 880509077
145227572 465567506
97659029 533652005
7170520 685276775
267038954 543502099
846116691 879336143
99999995 100086641
99998 589409
552458604 687109244
44189798 516291734
732004485 809678077
724810822 779553315
703294492 752713419
327631457 957857987
430325280 583715629
998 698382
89 433980
257074676 626211700
99999995 100360568
97904379 503286139
812882884 823439162
98 389233
987951208 988529105
998 774259
473503571 668576755
718083076 765175464
899438794 946131994
89 8901
889557099 914518110
99407010 318159365
160617395 808375205
79072685 274874371
9998 184724
429963260 526366026
329037397 409470644
923443007 996341092
890853403 997317124
476559851 971822810
98 216823
854810911 957717962
30880830 353262447
89 995320
855149221 915810170
453120187 677570620
99998 984618
542656763 984684930
555206542 591208717
392610825 395390550
9998 920314
175018231 477480521
450439137 545504767
991983065 992083190
108973620 440651966
120411223 730833021
27055644 34519583
99999995 100701965
89 772043
375194323 897635941
46394805 269373864
130654050 253103693
900651858 900850136
455403993 531925812
832872723 900288019
439547904 584095583
691461896 783188078
998 126844
733940093 756048231
942369804 973002981
89 690735
850250707 934432349
677135695 930445587
998 500878
930980990 936596569
907586882 936210016
795815069 842491455
420455037 510746256
98 983873
556084745 858755773
625874785 894109501
692041294 839820415
70531926 273038680
443755719 454658479
393754299 886653743
911025462 920973076
99998 435713
399006141 842184764
99999995 100040072
8 173606
577774635 840502310
47984195 77000950
272701290 465513955
89 242390
98 962483
922668850 946923023
863365048 972447483
906884624 928377723
388419074 572624303
145565463 202794559
181653220 421383893
99998 958970
998 722410
352298375 658005576
680565425 801676823
998 704767
742803878 976055592
618511408 995732914
562919520 643896336
99999995 100451492
998 343915
917876993 995448136
473841552 634651004
8 499023
758230253 888463308
768876028 966796222
8 658736
98 205910
131964982 753579807
98 836373
740392744 757423312
404103665 528412903
98 830625
28050106 75177410
798012947 938645375
8 729194
98 88948
643350450 971634851
99999995 100296809
637814046 750426318
507675607 631838413
99999995 100860787
98 679893
250561098 975893949
583680511 797525055
803944317 997007316
392452160 770412677
775445100 974184564
929115464 988493311
101755995 137479981
767471581 926086038
96186188 948066093
884280258 999689213
435142790 471774642
737487066 815155655
816769024 966111715
230327116 627002046
175931692 955105705
7485725 158523762
906064025 917012047
824475565 994125695
264189193 922943833
235648508 981827136
598430311 674614006
89 833411
65288536 519504876
89 477078
762242154 964715095
345579471 644685155
604575917 869785881
224397913 549357803
8 977830
8 356762
951043397 996904456
89 403188
497024497 889348539
951655776 982709523
855955729 882744586
441539863 455601987
8 485237
908155911 980556745
924005297 987576666
342303107 971777861
9998 992078
98 159507
242252496 796749924
690818 509581236
923823546 940836517
8 231053
9998 986240
108025983 644765071
590285962 794185423
9998 243529
695369690 719101576
272503579 848564345
403267469 845123783
748687031 954209380
998 27703
9998 527429
40482033 742272353
642007452 947868281
683685410 854952084
9998 641401
135702915 486235116
682645296 994627486
99998 814451
99999995 100105057
343054545 981224629
8 244248
9998 833458
612533906 854991926
998 911199
998 320766
9998 136874
462161732 807805974
99999995 100226419
592851349 625588349
23453197 264415162
701594756 830280100
98 734811
99999995 100322499
843097467 978708372
89 191742
98 385534
98 572116
89 28911
560503986 821849422
9998 19059
133993361 746291618
535259872 696158229
8 214552
703703100 786050851
9998 447118
854436409 943546910
61158554 310603293
99998 412581
563670797 933913929
236291927 473665882
800747936 874081480
99999995 100880140
923317644 938326918
98 239386
8 476510
275328159 392044340
8 23609
884473428 989521447
154802971 827197058
294765149 420579517
98 570119
8 212929
946096307 997573150
804940230 895388367
695811947 972159615
177447715 715254256
99998 190658
73609011 98934429
99998 758308
998 171418
39769242 61579039
493504243 727260394
9998 78847
924083770 944555715
501761685 793901036
243959135 504865309
9998 892928
765253670 908583420
909006961 924500708
89741595 364468216
998 529368
783263495 874352094
167635926 933435508
511393731 540809759
290537221 732842162
9998 599177
496399241 847961107
797368602 866206629
521418246 915600444
973262956 996875105
752295218 850882502
935060535 997065920
8 739206
921623779 985034329
626203716 874355145
255877201 258867610
9998 137085
519572563 527335887
899321863 968149152
99998 124814
549300437 879651145
866418157 884057393
98 556893
8 820656
99999995 100886817
872850776 926133797
997138883 999046224
317209913 656003632
89 782478
89 987815
998 692056
604615198 975942843
89 38054
998 159458
511413908 609518068
99998 963321
947100879 987616129
297664826 719553379
202343963 630031913
684646197 860429313
8 302766
916560934 965369104
421766368 850214282
18167382 979238080
190694508 759339823
9998 581903
447445546 541883619
815373899 847680566
678643296 871586821
430035968 973098070
89 140997
655952963 715528572
358175138 426388445
499875847 989603607
9998 636932
98 881476
876838956 981219139
8 836333
941948414 989734384
681340771 791431668
138046239 171886584
681662931 824697990
638462288 708403133
411606466 915148774
133044234 197434942
534779082 954009290
92606415 922043301
121964601 389711040
252330600 582662572
98 682329
735405321 952212785
98 564454
748875365 982340748
764724711 815184696
223638877 565772437
998 523293
98 402453
360060634 872034203
98 651577
726702033 873820691
99998 1019789
99999995 100955648
89 841576
527411145 945586781
706962768 724008907
104861257 753676920
270954810 300220190
805973953 908443974
996334106 997560597
134505786 305243192
255158408 861463100
98 700997
89 596499
368014686 453435649
165433294 772926040
313821611 636603466
441342740 525521598
529443750 913371970
730457816 826547126
870165200 880203602
318033674 618644081
324903048 833670228
89 654380
855823534 932085776
998 899018
774769699 936926591
9998 589574
98 967508
377371866 924959624
567705793 943517352
280490404 533917755
268308413 321946388
478163645 591343360
185586136 353636391
998 506922
603095966 945895776
256426380 794434488
89 438051
662419700 791339746
98 580916
99999995 100109067
168055303 998136599
732417305 806224620
704259355 822145888
998 289527
147746971 861205495
541572846 553502351
245854389 787193840
387986132 760864371
9998 145856
133174268 586137126
8 34488
9998 158050
988482049 997762800
495966033 657316063
568533227 660444036
701027397 899409477
8 976091
98 154803
99999995 100759980
457019408 846214995
937063021 992193313
235197679 533002529
751466554 847191246
311564105 760496109
403885551 581109589
531559303 592665164
311347235 332641775
349547304 740712124
806409602 917705110
796237914 954447911
89 647042
99999995 100174761
995302238 995317640
42756496 381220074
998 499047
554167766 656022991
99999995 100219069
262827777 849489262
632880845 893108034
445202910 863550391
998 110227
877494423 959839176
50125704 524329113
18288783 246831867
98 792787
89 911077
222049380 762001450
89 570211
514945450 586157469
694203283 837412909
770576627 918225469
949255397 952956409
89 826341
99998 275455
321616026 862943543
515009390 834667531
803383015 860648827
124596072 391948886
983135589 994903417
443350487 997316559
691795500 967644384
98 999402
99999995 100435772
9998 654547
949712807 982652073
836124331 893264094
9998 910626
473023287 746993098
836137822 894611404
562250296 588939247
495258023 778568072
697683433 748420852
998 966753
511628059 798103891
653786869 768690176
998 950082
98 683998
601439898 856306514
89 455136
769836652 905203094
688840198 845128545
89 475126
41070364 308698437
636052248 643037160
197393991 251410449
606022979 771521184
106530596 758059686
9998 124453
564866174 691746746
126965499 741242847
115087586 306432860
756321267 787533962
99998 218501
35685096 697753143
99999995 100566685
450144723 759862027
210768705 416084647
472125461 734544904
410448523 913204007
392740138 399031871
445597852 824275785
658337327 733733303
220905745 750083238
815013340 976562523
8 89347
548804949 906213935
515433891 704680177
89 819943
678024256 896370421
998690042 999594138
9998 832173
347989434 860182166
473998895 824364509
243075887 920765865
154416454 367694918
972846372 996187079
98 239325
272086459 479273993
881151303 893914539
121741429 338528834
671479149 728778341
38555281 787913442
99999995 100357490
8 932200
453506046 922449001
99999995 100187768
772135824 955119573
998 645003
59990062 750742324
567090625 587439251
923356889 926862627
954228399 961281570
9998 423947
637994505 993914566
353826849 933969991
8 273878
9998 962463
89 23579
998 487399
99998 378711
31397218 715317622
296017978 952129997
323847332 463848735
89 824968
99998 258762
89 424957
998 653319
809572168 986001636
27658718 118332156
153013785 961027331
376205639 546879124
998 229480
867931148 991375656
160136281 928806638
102602475 961604633
970121725 996272052
434051207 665132535
706965493 751163911
499263759 860389948
99998 913184
528992319 874434270
9998 1006790
477787627 631780505
111809364 510106860
8 841949
805629226 899444545
483111265 958134904
8 829778
8 554475
990082311 991551579
99999995 100555799
144030130 845568540
864560 580993547
418801116 462220204
712493022 791974241
89 641796
9998 853397
139917614 785684767
99999995 100884278
546714276 658764473
98 267781
178495265 810175406
44874017 654365154
107352921 762246112
98 22710
99999995 100363407
39967378 317209292
956615074 983157128
998 330132
734048582 847132500
24534140 843460213
787821238 800382781
375960870 944966751
695627629 907995290
98 515439
99998 317102
762036898 940757750
754341898 905215545
890480636 997766371
244496546 293509801
81460650 896583629
786780288 854135330
89 757558
98 256036
598954091 889076968
358423528 633679209
9998 371403
897639553 930967979
476557173 661441165
545567923 560630068
508629195 612876126
269905259 406652008
805803727 906815855
88676160 828930759
676670920 850281222
853210001 940679937
863415144 967788715
51361116 530391260
122209628 946581868
98 805842
509903671 985892100
998 888339
99999995 100669679
123740535 598909009
292403340 708134916
294049440 468234256
998 465135
99999995 100413683
98 312182
240682059 306282938
420991582 791059907
99998 1053412
483848451 553127882
644538146 884469415
370350802 481713988
640033839 835387756
393158671 672193191
89 764258
56792958 464094811
302118984 543618573
93659054 422318756
9998 944967
258200244 629301427
543839272 824193253
99998 281848
860715201 911578882
9998 334493
390504688 812208996
131909874 981010254
89 382615
797081509 805341218
234688468 980939166
148138102 373784071
99999995 100026300
542521261 584484131
994503637 995016769
169833435 912811362
430850551 716384914
394354348 986852378
98 822262
5324047 890556038
89 979030
96340963 842984563
944087725 975328647
815005935 833851598
952136558 995528860
269487355 624401121
261857308 509153548
471377787 911607109
602713298 634307602
9998 460643
242790226 263661570
99999995 100882672
605809786 962074844
757343437 765616403
244968575 527192057
169806570 411876172
99999995 100401552
558893835 766168634
579201731 818263507
186361250 212747919
99998 775940
8 172443
575590102 689253651
574111318 685795529
539374305 602700131
180486101 412365165
58694118 821569336
920221549 995792007
9998 575422
8 587387
99999995 100100567
654078617 808031779
740926741 817020054
8 69599
990122532 992867682
176368886 393190596
8 464467
98 917999
9998 248055
93531843 602202107
99999995 100010627
726391613 876293890
106829986 535650785
8 731659
8 993821
998 911586
937626895 938910822
143819416 849452024
99999995 100351540
322084753 592165285
477358203 657330716
9998 99721
483399935 707896556
8 252075
80735461 589137710
801822396 982332022
98 709149
4072631 357821217
297299775 831311555
998 824912
901619000 968702406
797124167 870177877
9998 591392
89 551096
98 963325
68303257 184136217
99998 903782
6558031 788011326
597000936 855269173
99998 505975
51187260 332807618
320668981 364047248
99999995 100247887
276804701 757656346
210183248 503105874
99998 749608
98 776994
828261279 895210205
452186008 893715626
535341618 957998032
99998 396820
940154535 943048828
309406753 600816779
9998 552669
623838606 979341432
439148486 876649249
998 426603
99998 852026
161655644 361527825
99998 860686
337170090 859619319
9998 872822
724012519 809105827
203073368 722196258
89 722182
89 310662
998 352301
47178371 215385241
89 283939
125980285 753616605
456632 938457631
994708712 999318990
778356509 787852088
9998 896965
565335013 937242257
412390658 474109506
397505469 568813345
9998 782947
629972547 665821739
412110596 907965447
9998 53331
99999995 100766376
301911303 510796985
681351777 945451114
413385393 445722172
9998 779991
998 1000916
598137473 891349188
154697019 353034589
181704778 863441947
201770556 712102103
8 103131
453987233 716108043
183992509 362637548
950355515 982321696
8 162672
333274204 495943433
642715669 788456473
99998 599830
608443234 819024825
98 364292
497339782 694284998
89 523566
89 441680
367082911 367791910
58326474 187445284
952794130 962114248
8 496806
998 280359
99998 888308
89 405138
753988073 806870664
8496589 537000572
2036267 998293773
89 638364
99999995 100624626
8 457200
808468674 911632687
998 819591
905896076 931519284
858103876 901872674
125944082 668054094
437632977 594989938
345681352 929669138
99998 576777
93736710 732167382
773748488 932361118
330821728 526080914
297581900 486299159
99998 382148
435327903 955480565
98 445498
562680826 636721983
369389881 742773731
927471278 949569809
983019134 984530669
333816755 409910325
12954388 507733013
998946916 999968783
98 466594
691541218 843195459
148158333 545821489
99998 405299
998 116359
506043797 659027646
999724091 999966824
957827491 958128423
998 139014
910511172 940646837
185824047 243978548
98 470274
998 389761
415016623 987174786
89 214552
89 551233
99998 705211
747312816 783061090
8 526574
9998 340445
933073417 938197310
89 367456
305202660 524290633
353133469 438648950
89 693430
9998 373041
738520808 810187171
719410595 774409484
235926945 679278895
577342960 763878703
718855864 752368564
978377895 980023670
776483610 873145391
499144723 617266355
8 582025
131458589 949003408
544676830 930809333
708869846 854621619
907621580 986799369
8862264 63093412
482227472 565149579
570876166 675219734
498419534 963132562
964820999 999505516
758144987 818253088
583848512 914863710
961397881 982034418
399381462 459920554
253320110 326423148
627288428 957350233
99999995 100215793
998 715479
587289014 748138131
98 482089
171227788 702500784
504155636 934095276
6146382 876157695
76189647 757997719
99999995 100421301
501972579 956395286
260245374 933116890
904498070 988372640
98 745717
770997885 963165320
89 889878
445824693 990419549
783399544 835878917
998 117912
8624582 837618331
283508350 432932536
795686968 886868808
934192526 997772001
880297541 895474644
98 394138
998 252473
998 715913
233759071 917471382
695749950 860257316
282539187 365246435
99999995 100577188
715255787 910781134
877896190 881453386
98 329879
99999995 100714356
23168481 289932931
769689062 951163124
901114013 957720226
9998 132354
246581686 628424823
8 332934
607321299 995514860
654278122 759961653
8 661740
89 748511
6927548 276283536
89 205180
9998 635888
727691958 824264554
9998 75191
767506633 881756664
273166044 619411819
34130268 195672511
8 925872
99998 276044
481676555 545349380
99998 331715
27618448 516012011
449990672 785243606
476540906 632945353
99999995 100761496
98 470882
337349230 432378511
8 316940
148652613 868348034
998 696540
675632224 893004784
9998 186956
118984487 816997308
9998 520554
99998 682219
90366138 618523452
99998 868712
476862105 580358362
411962794 593474432
99998 871959
971748293 980267146
750268588 865560185
367660568 476381434
315117202 706843660
721482658 801904758
89 843871
9998 201628
737920191 865369343
994380607 996950489
341990104 753277104
649682418 773570689
998 318437
958818797 971496981
129872156 849261171
98 664773
99999995 100100697
540470038 845339202
158005380 306882181
718112099 957226939
89 970116
209212860 722309552
9998 480897
8 550205
535183191 776832544
9998 911236
98 526177
212757548 950281432
394538854 552182333
99999995 100206853
338246126 565233938
28071981 316569976
513055856 952519803
538340324 707510989
998 836165
465358741 491444862
8 280799
884803937 888934213
710539420 967370668
689864075 979268397
89 110273
998 66711
8 229579
730660032 866928039
132125280 887968155
98 20380
264824889 610246996
848553067 893041510
89 350660
904060741 940223556
600642716 899407469
713498223 878957146
540009772 555563784
99998 195433
8716691 960305386
363122697 539623337
872032935 930477690
99998 1002703
413586312 523032149
99998 748174
818236702 883830887
474651538 658495716
98 344457
998 853874
406221356 777515575
667367553 840890392
424105246 658583342
98 298141
77040246 181281774
730668310 873542945
99999995 100195804
596193267 891250671
89 802219
998 978419
993696132 997894903
8 258975
73728740 428559275
98 998669
721915425 758242012
8 560754
9998 891170
98 169854
9998 893709
470620219 968717905
663801556 938303251
5077122 573252802
785187755 906542175
99999995 100620752
962793879 994741470
98 504639
664542657 880194052
165290998 200978860
783413841 878214278
276543644 857767797
570067724 836321231
98 789186
687243120 754250001
998 239123
134549357 839494836
383098928 451897626
630207933 696554965
40686160 909526082
103555098 903047014
9998 72688
9998 174685
184984954 217754277
92076718 301237872
99999995 100434412
98 391049
852757702 941816744
612319023 950161339
42610600 186287118
841003567 967701617
89 227220
635869365 807816657
998 641393
280014241 396276428
733017234 795893312
99999995 100729924
335084901 752342805
890700541 983168099
65717155 718811228
333271323 995112273
705344501 755565759
411468569 814435252
794708947 855634658
89 274509
633063863 829436309
150148788 366240245
99999995 100821265
607860883 811849266
798271301 913925805
415221422 734582239
488628323 881460431
596255560 979451445
778295228 841517911
822142248 979120413
356707 169715321
340385765 697561410
626289601 924818881
998 961124
303641356 613239750
518251743 626876545
8 36502
288448409 453270471
797539136 843162274
8 529247
9998 264950
99999995 100640222
99998 308191
99999995 100645719
8 63981
87803052 339671961
894811806 915894899
852172655 945671192
939874534 987542716
357398088 732590041
324341057 417034078
660176910 691550712
441925992 539461361
98 170505
395830933 980414809
777742767 791161706
98 82179
8 15032
81287296 489218443
99999995 100293281
498499158 542158237
99998 514968
98 680758
98 898942
9998 500651
336250546 791528797
553364786 965482235
8 923686
14758799 235120636
115919480 616303459
101568078 801077795
99998 468630
704893623 995536101
974209589 991341855
99999995 100458355
8 328839
98 109884
912556582 920410240
871012466 921607338
476497397 948092619
236743561 402903304
226524838 591910113
486635457 789694089
99998 326823
443481251 610809909
8 811567
326412349 607705958
998 978692
744164342 831434408
8871854 244873954
835384589 997447597
362085525 934295955
566727366 577628167
232761388 629894251
91860332 324177599
9998 565545
9998 472521
89 699124
998 106753
362526667 806141346
998 667010
653605449 979008179
165033411 943919570
783411035 954044436
381386136 576486001
8 703048
19002165 124053162
8 691515
294941139 454326235
417527077 729487514
354927015 799129050
998 254342
507936407 971198396
821242145 876622200
8 584458
407943164 573855428
881002608 906534686
356406304 594928640
330915443 405828810
675692712 706560783
368028038 811835510
679792646 908829103
765356056 923478181
636144329 672759676
9998 424179
98 107823
8 748024
617432178 710323938
99998 154896
901304713 983280552
253160889 645800461
746048713 895164403
284622168 803034110
23376236 391805186
8 7371
998 419606
203532885 204944022
802028829 820114745
678294414 927016354
565464566 783734894
299876676 342904579
8 567583
358912052 634633391
402822331 545611490
998 503978
463050501 706816947
546339838 894564345
8 484043
8 700272
324489865 576626080
619830096 932701909
405839541 654752565
89 368285
957360513 991772884
467213660 721757174
98 195833
222517521 943580605
240346184 649299170
9998 867699
429835071 611133030
61732452 142109361
88804371 215918199
8 291029
98 187282
3347352 137900255
998 348039
89 718153
99999995 100132222
801098752 970529447
474878412 814970417
871327108 936676641
872912794 882895932
494623190 571178790
829633338 929783940
215620977 867855672
97893218 124082136
367066204 595493679
89 557101
98 362283
628560230 779377691
99998 480405
9998 389697
998 569034
508691161 576719818
583374972 796138543
744858351 894495670
806484629 857581155
99998 530698
734729800 819683540
46123377 103151079
998 170272
99998 281204
99999995 100864487
998 196306
579566117 584335465
8 920040
89 713181
535051407 809494633
724965276 836823336
672634423 938033973
79700973 994161561
579886450 917865214
817642597 996206006
401274207 609008823
928070409 943049936
232645146 980263868
341382185 831722866
89 448632
998 133595
495394810 929344327
998 760468
445856456 928996778
89 87683
244670258 783767510
707960795 855123746
99998 951660
651901511 939476662
114955150 989042986
910817730 980763730
89 49717
9998 776771
576417546 595167966
342812792 786032260
998 723186
99998 456713
9998 563759
909031490 976387608
8 548790
98 761352
75702817 666646741
843157817 989485826
64033245 711556946
708331961 710520133
401708051 597394561
8 871308
124413178 414363994
196200542 514915603
998 291993
8 744895
683651520 782070721
138345758 392875781
7293900 875199856
556538485 597571964
9998 926894
8 287053
998 113092
98 618371
9998 285186
500012325 622052392
98 34774
209776553 452882873
98 871491
830929610 884033766
190334760 530558816
8 534763
560851109 586222712
792411405 948422748
334198795 557487301
827049971 933091978
722760766 763560597
759771515 927737846
98 498649
412272403 932372154
105290397 170606523
805513773 960017134
542720106 626619112
122522941 736783967
466518154 581360961
26575452 116014794
99998 718170
843575659 920833453
98 399870
687372614 894772824
998 835003
998 465180
26153515 602605638
911710137 913489814
705089603 905358516
170416184 892502091
89 860943
128282713 981031302
99999995 100203049
998 951525
98 917333
33428387 897697006
805366127 953812159
99998 368628
758638233 852219561
752155747 764594815
998 372686
267707156 722557228
355019945 375587063
98 909384
81200980 872439622
120885664 229426897
99999995 100533290
826253373 885089101
973107662 993182227
35447471 245441975
89 876968
861728676 879669629
903873899 982752611
9998 614895
311820315 960278819
99999995 100188007
577249445 996379187
161891626 343062928
635441350 825352875
617870059 904849131
849561860 962271791
800785220 990690818
605148441 821129336
998 407523
430542412 529116199
375242342 731964915
98 533760
151027017 838960559
99998 950820
934720427 974817727
454192527 946643486
737065640 959930043
15529999 800972916
296067797 664747628
991356968 994536684
89 527837
98 852250
532975696 928780928
998 292415
176418486 968329536
795206262 874669440
998 838184
998 126543
903151520 972119955
902446046 920236245
633526022 956844925
131212461 609945589
8 733199
99999995 100747968
999277499 999952217
89 818114
913929810 981399538
415008853 702110374
34776740 995209960
998 411095
746917246 997736130
998 217283
9998 710856
89 418448
765306294 809298134
99999995 100580001
118761728 797954097
198717869 695293046
910756724 949487468
98 615387
998 264903
998525892 999856125
210291130 966043508
683330417 747202642
9998 985993
373462371 730439324
380498671 812595098
912604236 934585007
98 426872
812773766 868166975
98 530120
440346731 684941699
89 283703
896096817 900144076
998 258784
50542336 917020538
426366463 955441957
767973937 776055150
827123563 866148331
9998 28320
89 393250
544213713 933332663
983517067 998290772
68512476 208780990
98 756569
347113076 477112806
998 44003
432154386 515270804
527375101 734496620
89 460812
186529287 858216136
89 555427
98 570154
66879257 753626764
858630227 899581710
48340145 205154744
48816928 560611998
99999995 100247893
99999995 100801187
481261901 681460458
475835541 954410299
500628811 526666663
9998 30226
99998 456917
641283509 842914410
99998 1093902
140497120 564022142
589477487 791031370
8 892906
99998 532774
99998 695993
969939705 985777172
558568376 916355634
125843684 890287408
386209320 557172388
8 800834
929603767 938359658
9998 984419
749113817 925131612
89 821163
454757723 766424466
9998 559083
772888471 933943122
104048729 884443895
627120812 867850438
918768391 974188416
89 234710
99998 105306
8 291077
99998 252263
99999995 100661602
499513770 915957055
89 520705
99999995 100409984
99998 350439
53505570 594618171
9998 820265
8 502877
343614685 830633489
378568596 431535979
459168772 963828785
89 322747
99998 434487
289097997 611760578
841002578 849537197
998 191312
458412398 942956854
211002267 454615440
89 207518
232167723 346249098
513710895 974551393
103978068 873553278
9998 869594
651137046 989901845
952262784 985223506
656330647 815434970
279758770 835940923
581928160 690887910
241736292 914330143
517916656 832483412
998 52003
8 44454
99999995 100084624
291349508 712061411
731546299 781988956
465218859 907826559
348856099 634503486
466967219 727415355
791825753 862152460
99998 300757
744576624 936850693
328700391 640288896
859316612 874148307
998 696840
53041968 155078352
790172096 933860221
612690787 673792431
553659759 923201238
562581521 802817353
9998 195065
998 279678
998 728354
587720315 782512247
89 797244
116522910 518657298
317443919 775636351
416360235 956786606
797472970 940840480
804234242 883877080
8 680251
99998 149166
8 674355
144700192 714279355
157379332 795912527
9998 583925
892743148 900104851
870589136 964129015
764619083 951898310
258031742 368748143
34072007 82117355
264025248 619315185
99998 358050
207671719 776136100
89 355127
89 658661
516542160 793073701
917452008 925594765
98 357434
257928141 577831764
9998 561327
699552366 784799568
261146167 524849089
9998 878825
98 80329
99998 558856
998 480927
202741069 790421172
8 741115
557114850 631103938
122437683 410069209
716746123 826161412
8 338342
8 212519
49265126 571137225
9998 28901
619349373 723592362
98 839020
98 267899
263412033 625245972
900132520 908072560
295276578 379352365
634199668 941845351
336227071 777761246
89 444143
906521713 996061782
613793183 728538469
749027333 975463810
771756558 854362572
308989182 388002319
612900984 741461966
978591081 981445247
991653697 992052838
8 739019
638745089 883004280
156973771 186277967
309076178 968518036
771436216 955440341
891631917 920941052
99999995 100841750
99998 602599
8 828589
663541306 793613402
163847943 850305587
59827215 523812243
348380847 638490744
99998 161017
9998 579578
731714104 989875396
905939406 906438465
989961425 997647650
8 515755
434899434 460063848
89 483164
8 419791
554708594 750158168
867761088 907847587
681747135 846333804
302000454 841974492
524059027 534694397
851053532 875603927
990314443 995957958
358911568 659812753
509832169 798443015
774191720 968689643
906613228 957061729
831373962 994217067
122338138 235792001
99999995 100709709
89 199760
448621990 585481444
617641105 941116784
8 395146
99998 358061
869891795 946493413
99999995 100508208
965363856 983285932
933053352 940395369
99998 503077
99999995 100219927
704443000 973069511
98 47743
555601746 655404642
99999995 100101211
99998 456391
8 27028
8 979663
694173351 702596083
965818336 991586248
850650351 957702695
412424074 540772630
811219903 857759291
981168557 986084856
998 704346
456357357 777362171
390981176 975460512
980910116 990909041
998 174595
801550397 852364454
309977336 433677998
554468992 661349586
8 936415
929836850 980595602
757795352 981903065
852130951 966725951
998 635062
194994988 632633436
89 333328
98 289896
998 52494
99998 682449
405097181 492253650
99999995 100419064
86801049 815245809
624662118 677122291
98 869370
313695015 387540936
890387642 948932527
182531712 722738015
322764290 383234404
647221039 815703243
982005516 982286132
490284774 611050363
429361276 603651440
9998 309790
98 361442
99999995 100205455
8 268415
413013298 967196352
389296064 483289360
89 675955
385326565 787995286
75849041 467638131
998 239237
8 476597
622495576 731691360
981755014 992064109
8 30836
443543194 618240595
862129863 974370357
722629141 924380346
518654994 799132804
143577987 847717989
822048811 909668131
8031380 206308174
268037900 648573012
99999995 100583421
779401242 902700662
680708074 733229823
998 568743
605115626 890767526
182769075 765680165
11394075 321129858
808440597 906616504
959086434 976854094
241073018 717353487
9998 859135
658548717 921578956
99999995 100395787
89 526499
99998 875067
560525887 677049461
98 397812
348717277 874957873
8 947703
627321837 869986522
99999995 100426087
320437360 747990267
742649631 826601751
647453453 759272592
468876639 534796582
99998 301513
844421768 931781140
89 298940
479951343 915675463
8 874224
8 252282
8 911545
172136228 694134677
128569530 418151141
89 205901
9998 115116
998 592807
576690679 900966248
98 838590
98 351422
388250083 587245410
788315315 811453163
420464869 653620721
99998 478796
289635816 558197728
577600579 935525929
692723565 745384324
45083753 856482609
8 994764
164721893 629809904
826881513 957442768
99998 268021
99999995 100824493
998 931437
975368011 987766144
99999995 100580989
407126041 877416134
555880135 930005272
83674828 796058645
89 580261
678017180 950219929
8 570145
998 762922
89 694404
966896001 992436860
242487564 726191824
780660525 797548407
835906661 876032464
8 603364
723411571 935947629
575663505 968439487
67487887 842162901
99999995 100066263
89 779148
99999995 100555709
98 423868
676789583 953808669
218802730 362263990
99999995 100619545
99999995 100938639
998 609624
89 684101
780290087 949159802
378722740 505791478
838218230 965065284
523388660 951479530
660741268 880967492
50186508 731272272
715480324 726041334
61716144 605287168
286244840 931382910
779028439 780657809
834824980 875354557
99998 448313
139624018 330904545
83831261 640080986
8 998233
9998 154233
304063438 368727086
28504069 881405628
939649508 984995586
89 639189
758638879 922023032
98 942239
608482158 823146040
9998 188230
89 257107
9998 908541
9998 578172
998 340770
175121650 718968127
23180368 468088069
788175387 829141148
13932973 377486800
8 563071
965428813 965763613
394566144 693062434
659955489 661509741
184954219 949514551
639968111 847191638
726691461 832806727
429765511 669324535
98 794937
270225654 700593562
552884915 751027578
211144590 306049982
998 703114
99998 491824
98 521248
70847304 755883847
267861034 663484149
8 871475
281684621 683524944
89 459713
98 698862
615464863 835440319
89 696418
387260819 964568821
338122364 749023905
99998 901041
998 986260
551379894 794077934
99999995 100548743
735591237 991414087
418455550 821072059
547209735 823409029
9998 430303
9998 631657
274587214 943502137
366013805 532642135
99999995 100608733
33699475 460641938
39524012 450589571
761840366 989498512
87919819 477229737
8 783407
89 511179
784189660 793728057
770271374 953992534
653667160 693956034
706038764 900155051
89 610403
297928270 727926564
8 66427
410676458 478849498
698222464 892584428
9998 460949
762076580 983179463
950000726 962219259
125288661 585268894
776577123 930654787
170461556 910323800
99999995 100162297
99999995 100811262
8 867330
998 270276
99999995 100283743
998 680515
321137388 586921307
9998 175267
99998 905867
634920500 736513492
539724856 663847939
8 608589
465188722 849473047
328739048 623191780
973746423 995519514
998 6225
919027427 996443046
998 912666
906701073 988235134
507803984 599721586
676999589 700449921
845118942 888807164
486088727 647839551
580588833 943114111
263676043 684071352
596763687 774232971
76983509 717947007
927488154 963832914
459473775 998427464
802504269 975033273
920615015 966496146
563283958 857624182
89 629865
512123885 912936035
254162689 854845601
875419938 995421272
466446162 724984361
99999995 100225782
543162222 997769365
89 608335
99998 415421
642998430 922635979
425116538 654114258
547124550 693965082
541326654 920636471
458100386 641323486
159903446 453033887
469754024 823307171
89 8854
980991605 982689266
66662005 738513461
98 25456
176051932 252015775
333580161 395409818
487978322 830591610
479737220 592262329
543655468 546023944
429386224 716313078
554558342 721261779
89 931144
899790923 927174967
8 669091
998 438053
566221869 937434888
98 109092
357991240 680170016
44462405 417367269
428147875 648631407
8 296004
754590161 800263559
22657459 435833794
338166062 621828551
99998 248174
774629151 792765248
384084546 782071214
764230521 908374430
99998 428410
816042204 985416747
99999995 100639582
8 495706
9998 337813
304015827 845117291
264913916 755095994
226865067 880891180
526437979 731026953
164041668 304502204
917161605 953699898
98 94837
98 510193
861884903 996645666
89 40019
539637252 835154821
298563293 653520851
815208911 982941702
161871075 902602539
506472467 854818325
36443217 483808361
355545743 478901406
170302417 394778754
99998 1059480
240725098 573607431
953400110 976181464
9998 594047
986014817 986243663
998 683449
33982677 819383245
338441596 367353463
8 765251
716746945 806541358
27052259 179571803
685348012 995028552
99998 879642
9998 625756
99999995 100344716
69850528 823713629
732136475 969197993
98 914661
99999995 100126562
99999995 100054316
583746817 658577243
99999995 100759437
723115058 780498069
647201908 931678815
245268244 408037924
745336562 864592378
648638403 744573421
189850462 246518747
99999995 100204068
99999995 100686540
8 788022
500344909 926076242
89 830318
288481295 454038047
99998 467067
89 291136
479630244 861476191
99998 649201
9998 290446
667457891 913528615
99999995 100402266
679867880 875100773
960011089 975228100
543497252 649299677
938892258 958387178
9998 487396
998 478207
228665477 517053529
9998 73854
8 8901
99998 459699
268918950 949094046
845777020 901353087
600425687 637915654
998 502486
98 952593
895759123 903749859
501472786 745665483
998 71916
99999995 100339874
174557676 268465828
98 863392
285481691 715944132
352515563 863302973
99998 895724
37924916 102857118
968951169 995540820
27321718 486547849
8 817076
681796785 844653687
98 851927
124763312 509233653
193161855 514174455
98 876142
134356362 764974610
89 202610
98 944125
424178388 918186778
593695407 766199757
711242712 813408875
182688346 366627529
998 433943
728720485 811271731
465885446 747432112
749988159 915606483
164883361 245585583
350876644 835721647
722383842 769751403
525055811 753103505
998 226717
998 386260
98 382485
560040475 895639377
711113242 799465316
99998 248706
67393995 455922812
8 203571
99998 340498
89 196069
564559673 852574054
34390497 815293388
998 47936
544055140 836224181
348569478 783727056
8 243989
576822624 821619680
294970729 437020622
530982293 966321411
99998 325797
89 223483
82270874 887751777
99999995 100444845
99373041 280905558
98 213378
854497763 896524161
838959164 931561080
99998 404235
96812497 145774920
9998 961662
646826892 963971733
771382818 857859707
591910947 978943129
478535135 603038610
585560349 851844835
623601516 711598430
515445907 742025101
9998 794610
291409128 516743454
426459052 904613681
8 596012
508855502 544768693
612868886 910435227
99999995 100063696
704061632 805636304
99999995 100112416
9998 183930
413297859 904868078
99998 1098282
98 773227
99999995 100592111
321526482 536396202
248383056 830944739
98 232132
352609881 809774538
910950024 964008845
315937792 646940243
755009481 773136657
998 316750
479049044 846985657
224981493 651238046
786973176 916645216
307030196 448869415
89 704274
8 250604
97263654 122719625
326736178 452419449
998 728715
80003668 770729027
65751742 277184892
134795988 143181112
487689921 541739622
9998 971116
99998 1079301
228326912 598561927
822881793 938426410
89 765444
45574001 95746512
394910995 529968351
651014737 684971231
99412921 754414601
319879561 410756777
22359437 655623763
549469231 779043265
934567511 997392511
587824695 616008569
99999995 100693953
228836797 881712172
89 156334
286223838 624170672
98 435196
639047692 938240975
591513433 788161334
98 456996
98 467550
303469606 669666335
98 661752
884641946 951015099
571223284 849990998
811789191 870617294
851172537 945600578
99998 699827
99998 748849
99998 121703
287103552 852276201
889759497 956678947
603307518 994013620
97939557 683894213
102951262 356229002
188850672 943150968
89 150063
89 442246
9998 803802
821334735 951243430
9998 243324
837538984 838637835
998 873430
99998 656665
629831133 807171652
732703915 942537707
8 773387
752175520 901232060
98 185855
99998 408734
89 97824
130101759 930099894
596370216 982691997
8 280767
720476685 895441163
392951220 475294352
702856747 703020945
98 869421
798157013 977880093
440247957 645865878
998 620453
774515066 836426091
755177760 838545740
99999995 100915712
779186784 823971817
896756332 994855779
169050620 265783629
409635777 885784481
98 717349
8 950905
645291689 795078473
9998 727067
99999995 100007365
500921953 869355198
9998 216375
974228501 999710608
548322040 550346107
986607013 993153586
217720824 464431098
99998 464153
99999995 100557749
99998 398975
75981986 565834376
99999995 100994165
89 384833
99999995 100151550
319076481 616642571
98 387665
99998 1001195
99999995 100317453
897343116 946722632
319908475 448447967
624879525 886327465
8 48471
130150435 502707319
701334765 964651634
383821737 395679818
289351400 916796181
998 148619
998 674846
99999995 100192445
212714162 627805797
8 252722
16156543 623926815
228857134 669279517
998 238705
19582553 294551675
82651853 977393153
571462973 791151623
99998 905598
376339429 671481309
362077696 949307488
55828688 296566372
650845047 735691223
89 981870
89 606064
9998 731352
89 521678
98 657601
8 46841
998 792532
99998 209781
621500732 863344788
554981394 859854657
108259042 725557798
655476917 910450493
161378659 612085024
755359039 812262514
998 269686
320662745 396032345
783822242 982734814
8 264574
231441335 641044593
436349836 567688763
310840194 766717759
242544099 259585498
967813346 999411759
89 905069
89 877784
174662324 603253637
283597863 451477328
8 443405
582537843 919507250
52161040 888987038
542501229 755845114
710502482 799551089
776748882 932653557
98 370663
190925915 262776773
8 360592
221324516 888669076
482622158 967785545
87547606 958402809
722523762 960503435
106549595 399789185
192127974 670475693
99999995 100574365
754306552 844373438
98 597166
526185395 862599500
693653956 754379331
672919640 725658075
714853393 948548708
89 381583
832677983 867599080
89 395360
775339344 856763573
998 777042
98 806707
900298651 933780773
89 360061
8 407551
99998 689077
998 743341
490687166 555471643
242272605 584008766
346564900 728871166
980814130 991886417
525912996 577046408
998 417864
606248096 692454997
98 294208
824941968 986980127
657060166 872904485
254518783 737000259
486161649 705642214
540522514 582876168
671593386 695149761
587005126 650866942
98 212797
200925377 786340672
736731966 826436889
998 149177
55131635 953856528
485701458 621284854
99999995 100937939
762264530 881014008
99998 595213
576540334 776491090
112155866 889568350
491901494 541643250
91684194 887289651
630499656 709897364
283147346 882341609
728178789 806299732
8 25054
89 338006
99998 529978
473218002 792278081
89 634704
780287230 849469031
35116041 784361811
89 520018
236123981 485120667
426288255 914435085
8 140451
481875484 623511820
9998 599550
457091086 829889324
9998 250092
276243619 917274216
87049599 935097872
99999995 100207644
252716321 374426447
99999995 100431391
382142554 809198201
266010824 791484674
9998 24827
950478963 957444023
571578768 894790567
87468626 940486181
8 421875
973469702 993421213
793838326 956826473
89 610040
99999995 100715761
865852471 927820734
9998 353526
98 501580
22060690 726323130
656584777 899600130
520074817 854321699
9998 497664
962826073 982163144
13227141 902008335
135907409 620846730
99998 365069
605946521 988411522
130990766 940937671
863384357 888711666
329015145 929404610
521217045 849692492
89 957582
159605101 379485812
687825983 995637608
628746633 891951096
686253185 817572064
8 277845
34363618 251571865
380548308 511532775
43686737 548619892
98 499985
399816496 642888535
817138986 928465552
64380874 804066909
503253797 933129583
822828237 984366746
544183811 632446434
9998 508976
89 462214
845316464 992589775
99999995 100205076
668124167 935884436
99999995 100475587
242283772 572794955
383884022 543475757
818298506 831247685
89 914857
637199808 875871361
758180003 882722833
97748752 560557398
124643536 705528279
161869162 276297961
998 205538
89 992940
8 984928
89 514937
998 959976
646975537 698319242
980640324 999064608
99999995 100945350
89 872591
98 211566
99998 1084134
870586633 891717988
848242116 962153403
80485040 899439386
222430659 685285786
410511681 834742923
99999995 100098799
60951153 819386369
435499083 770571072
632415050 816622482
59213072 259702002
839365029 878198564
398499849 552396452
452445148 563246739
99999995 100091512
825102348 934103474
99999995 100014850
668234574 757846340
998 557200
998 668601
191920453 827045777
99998 415308
99998 533817
464926673 893289201
519722855 996357295
954359261 979921300
8 468434
89 602760
227113588 469380350
99998 229060
924758936 989686964
998 837662
908094288 925637031
567165246 817197966
9998 347870
989866891 998630981
267714102 787900656
55290921 459680364
767802475 968527735
875557778 994178449
385102387 554016192
292615862 791142769
59152791 631637313
498857105 680969472
222940817 842570082
539894581 782312117
884354633 956112901
646982346 782583445
405347558 715703109
91590756 564261883
985466667 991783742
198088609 484668002
89 698380
99999995 100194641
741118725 897162813
862527911 952125964
625735448 978699925
718740421 873280983
99998 705182
9998 582233
557110586 829798948
158085282 486368748
460265527 990173530
398976914 460115569
252089416 575465294
230269166 521690823
901711973 973149713
99999995 100011515
555049003 777073794
798105197 814961574
8 446916
975102177 984829735
99999995 100516016
268712053 893784034
726860790 994089390
601739237 661371769
9998 157434
3292563 950959310
888207244 935026354
674539366 849353382
602526455 634290713
783763215 960092608
982349531 998608325
879515440 909453112
947988657 970778515
99999995 100164354
890325631 894194076
150888762 627035646
89 795435
8 928180
487790185 515508900
96735820 668253208
361777887 533362870
99998 940823
99998 579812
98 107684
593281902 646251128
225693496 685467142
134297462 882101725
779884546 975593692
18482203 955273746
431059017 580905501
704274248 860159116
106929298 893739443
830595150 877792053
888318213 895732456
410857210 991731184
99998 422451
677863218 854882779
623357326 720219591
8 563700
392399566 968923276
99998 452175
998 205708
109231691 989099311
698404585 898651125
818428375 954760554
666940866 771745987
9998 931643
998 207090
99999995 100035483
268075011 795095095
89 393195
870640412 917700203
372270384 541043681
582679466 843490326
931138179 982868517
225043155 462704729
175086621 771031847
8 234010
26439717 624358725
98 461138
22983461 311833924
148781020 936552746
99998 946127
99998 1031949
798252796 909839069
132439668 536485058
442222231 948996427
9998 175772
382307797 511398885
9998 737603
461673294 792011579
8 396488
99998 778888
932297684 932523600
270363219 271706739
242923721 803219443
8 934191
779696257 954730590
993489075 994248596
8 519612
257227537 818646323
99998 1086004
998 950219
10001166 920187353
873041171 883842596
265130129 632516883
98 943672
98 602336
129938918 242740851
442251247 721591222
149631466 940799882
873072402 945486302
497237333 507304462
98 529991
99998 280752
535359923 625554374
273459776 652100149
998 329715
906936392 925846807
116863467 129349625
42658138 698153892
770007735 946547312
206376063 291095382
9998 956675
411527289 428662633
98 695489
118493699 922003493
526706155 688437655
89 822983
9998 966287
709707379 792378461
8 75635
131060863 645654227
8 217326
8 156031
9998 867650
98 795973
235435870 306233085
89 405206
909231349 958482226
8 547921
397246308 987728680
99999995 100922200
98 654079
998 129457
52127440 271281819
985767777 999318363
8 477981
792378261 853956084
89 173839
998 145927
72110504 313788276
205434609 459666166
860781336 969455044
330813785 671989156
8 342363
860275416 934005510
201108262 548532622
98 430517
89 726997
177350869 688637893
99999995 100046044
8 524218
998 367768
775047947 884158064
89 735759
98 376849
98778205 279084950
99998 576067
98 133338
723710973 963595749
99999995 100237210
540952068 669151302
510817324 688844351
567201106 945344717
2272559 23858634
9941088 644047893
463064744 668007374
8 969800
956046357 972694835
8 389474
300469018 537533925
13469603 573474608
9998 607605
712129656 944899319
10029851 765567735
99999995 100528572
99999995 100916066
606579345 914881791
895193817 947496717
124206052 462837367
794766510 958001375
583449112 685761241
469914414 903874127
98 443103
26756834 869360858
8 606897
998 31329
976236881 988001555
9998 442604
9998 827559
347773516 931785491
822625928 927469577
8 736553
930861373 962049429
144001192 832638160
98 456831
615785537 796343003
99998 472210
132327388 166347886
99999995 100258831
98 395194
482831799 554301542
99999995 100842297
726794696 892701466
8 13702
776008662 803761517
209947565 846236920
998 678901
723314275 775455680
750510790 907120884
743277390 892005238
9998 789579
668276363 714472358
715347248 992202447
925531391 981655144
907842058 957644594
902163917 911591522
108367571 930278869
101771680 289752999
89 614888
99999995 100903293
89 430093
791159340 882462334
184600035 838232949
357079555 490024880
679403518 889100900
998 750551
812907600 888431486
99998 1074059
98 478000
9702973 920921144
8 453531
82919362 801253665
742945315 847939346
98 82170
199760626 620707401
785142727 843671694
998 457262
96341397 896455217
523364161 556542139
692597758 807721944
245408999 749456020
286601945 408681305
478900022 803409148
864216847 984293345
974040820 977466267
163751886 501841667
757048647 918503159
98 348935
734672621 900603293
98 81008
9998 407023
998 390322
9998 489548
99998 602252
647299759 988700683
771415867 952830451
87934063 733767472
570063118 805334060
248373813 950418839
630286034 957644988
9998 649963
469713785 751772686
688032125 760681423
98 915136
99998 847565
167353514 191748621
9998 416773
793732121 926466692
351105243 695594258
870521258 931539958
98 145119
99998 1018070
249537082 983960821
543279033 964839594
8 568673
233840082 818396360
614094379 623962406
718241769 893386577
866503653 869908110
874394384 879980922
99998 980622
99998 900194
99999995 100880453
998 813058
547822302 827827424
99998 281481
683759752 840495519
406617481 905647377
351575088 965269085
857287156 898410744
631816094 637280423
481074247 616245729
99999995 100907942
5536405 624868141
915914150 919100153
89 533625
89 875536
39984669 435618676
741030538 856754378
248066953 461009054
998 723695
777127667 848763897
89 903987
250968515 401130845
167260341 812572693
194295584 433604418
210829227 960754184
8 271957
697810799 700317651
156033262 955076760
174747043 901881726
624089400 779189228
910615292 943630120
390182750 881233834
913358249 934223350
711031023 822701473
98 36531
998 211941
9998 800736
98 196592
454335759 914637036
662519955 685072628
85093240 529224071
901885029 922815328
943801754 985710237
9998 759728
99998 421612
35499472 922310942
823054507 929584303
25241488 622799677
807894832 875238716
574493327 717891520
998 242399
374597688 879420130
878849526 892154154
99999995 100695410
877185749 950552673
89 662580
9998 639396
434623058 830802454
529082165 967472946
262675657 515838726
99998 363241
98 717450
99998 769860
545835448 781372746
740927953 804948575
598098325 746093847
99998 490306
8 751171
99999995 100611033
867960157 974681525
250876140 362747223
831974672 834239440
89 166886
9998 23341
517508370 702989948
99998 740529
823347141 910854855
286685632 663805559
998 321182
227211797 531418828
89 607375
99999995 100695091
153684410 443151116
628116514 715713145
659313239 848561447
43277322 56693017
475538290 997254426
786168621 939666153
188808310 220480735
27809229 407512946
99998 672990
9998 583052
998 858020
860184118 921846047
99998 967673
9998 943129
998 202251
753375275 945811362
561052669 830696971
808349788 848079520
441057448 578543314
33276243 142184508
784521014 951571752
749909799 969828447
199451814 518664065
89 567751
642175094 866443066
98 383792
624677443 930702085
519584955 671336102
700072028 868510504
89 51290
99999995 100397484
883851254 997073041
9998 442531
860505914 936530500
253801004 600670173
818509565 969124026
476437779 842583586
65267847 111396528
99998 127904
99998 690888
783292404 912646329
225800295 234955284
8 115933
8 491691
8 386080
525603678 901141706
19538247 453523921
717899999 847276427
998 479648
114690939 449037063
8 355121
203653203 280384525
723166544 822933969
763271958 864785942
265429490 393924544
99998 279651
975184158 977800712
423680247 906194240
4344643 96560534
980388505 997770072
109818334 377573756
949750998 972937202
786218783 938302545
55083909 122903702
676625836 728110373
903060878 945409124
108334506 356217451
682566376 853525122
567104298 722826243
562491037 878427142
891008766 979916027
99999995 100749092
363198522 843849446
206393275 619570955
8 475522
99999995 100037851
954645716 979819284
533014319 999243967
279187562 904709501
645173413 830645732
462870255 675721709
998 585167
377184725 530454028
654001149 901032129
143060496 718127219
565894153 730568339
267856609 293701051
192232116 247250423
127914150 424045537
524663766 681876464
806570850 974538793
99999995 100524849
39837923 492491678
137574459 975174321
8 106075
386039493 977032507
965597803 990730745
9998 658438
673240461 837446674
358477518 775905436
91239045 187607216
99998 175542
910804587 934758130
938796662 975033284
15579583 887726327
748036280 901721925
998 766005
99998 874766
996478066 999845656
173950918 770702361
607035485 692233177
221804575 252856988
275689508 787339709
408777875 941731999
635701940 652338501
9998 373903
735674073 970322584
761393245 984969904
848506143 879272670
772550379 888620373
207542200 393914921
92074182 932016670
525692875 848078770
998 101058
920940477 924992935
801312304 857720276
387866682 923262040
154397313 733045763
262551245 348615396
230619425 325907816
38239381 341336404
920443745 927115068
758445140 872133860
641108886 973098247
918796762 924009404
8 917806
113673711 153102681
99998 802341
114106648 918193380
8 561450
8 192665
301847940 806244120
178204933 237225405
9998 511928
98 864215
89 488382
653676646 657876599
545971321 561988217
98645474 312948113
998 339792
797893916 999478033
660002662 984682038
89 393687
900855801 917132244
9998 737607
998 707780
99999995 100647410
998 548822
89 839975
759138297 759397753
99999995 100169596
301780257 896343573
945634692 977896335
9998 823448
750812191 963162805
807759013 892717999
98 755668
715550208 943618519
9998 543020
672624342 868635498
983257946 988560553
9998 27128
13164774 488400655
853221647 949218368
998 871211
127699114 233626070
156147686 503638141
662208617 874360022
478181512 841248933
99998 420909
35892087 459575706
907310216 955752983
377921032 440791749
998 335622
8 393924
8 642887
653131121 797670155
753709643 893631207
98 946939
291972789 429332098
176290272 495480104
22254704 948283210
443420738 499127020
98 214829
316832530 756686976
795602804 817436934
553622838 626300016
8 207687
88934127 465131712
570623579 734528120
8 402339
635116181 794393109
121172520 443818738
89 1000048
638358953 804047966
998 993503
287853293 794688411
98 550464
99999995 100804903
99998 610114
366697165 435982802
998 787104
520225857 927882922
99998 1067786
128818349 686028320
165085138 652129204
813310818 924010434
32723163 486352184
764099111 883574003
554370886 594509852
98 42648
17242553 112496670
882773472 933614426
871938859 890349450
108442008 715304380
1434586 238557568
228483580 611513906
8 690431
980864677 985000535
135703508 594905537
441329416 915491898
335188903 340139387
8 887744
98 184057
8 13324
990868190 993633999
761416327 846768039
964055815 993721006
169128816 550167646
691041790 959252162
925640606 960370343
192110798 697327681
70602880 346222470
125528848 207299466
345595222 982451144
9998 800286
99999995 100522868
622651885 954625306
955297972 964196447
694594920 819313473
196605282 416928474
603289519 619461890
8 564729
286696504 780122119
311046807 324854924
430151011 902007468
597884161 938006530
590628178 920650607
9998 809872
882965585 916138918
99999995 100994070
99999995 100844666
8 389441
998 585496
131555471 877416013
863637580 921822946
203145542 269519093
960131891 970389516
964618154 994517950
99998 330149
578744391 818220644
241031831 783578417
998 777213
274944351 882598982
8 266341
657437421 961587733
5460954 543043769
99999995 100564087
746854430 936040260
46412 184954209
8 22767
358582594 799229307
711219851 858417728
909887000 977792686
682251031 878700044
295126946 936970309
551658515 889576427
998 801671
965917886 972459598
9998 603831
457702571 752653115
8 901439
198170043 605948405
742686722 901555930
669285674 879238207
998 586325
955575040 960469049
402600391 756400940
8 553581
99998 513308
9998 1005664
160261141 572328242
556144560 582461506
653406741 924167367
681358791 892329048
99998 109946
773902128 906309146
841051660 965386999
707741750 980333156
271239326 326494037
780466371 830281559
98 226460
298586574 435930620
604067544 796672411
965691718 988374582
998 968127
9998 707446
8 439792
687932815 804850633
176882865 378717464
998 253027
994061518 999550951
89 269056
218954269 899885633
951561227 961188174
8 589308
13294873 918003536
207890343 591777403
102912607 120014596
99999995 100828993
99998 356191
741473803 929078094
497668163 621279430
625095929 751032224
814327235 889316780
99998 864934
916364637 958778187
9998 96925
998 350936
98 524679
995702962 996784165
998 37366
534935921 675550350
954137165 959322805
193334937 692385842
854755977 955292329
895140787 928444792
9998 675984
835671832 858172208
111486246 433547671
409720735 569111133
98 936433
992024116 999795268
170566900 444993388
841879999 912056182
99999995 100791759
89 137543
989152589 992608578
89 210290
8 107322
772709770 804041415
709317809 774629020
587599973 802423484
780592428 988039705
98 647854
98 320234
970607214 993720247
99998 1024585
936984325 987310429
45470868 564119059
811331865 977533886
766147929 799536958
75945360 139464028
585456629 648647161
209538473 443481310
206368385 847148296
465021813 911880344
412977874 954629706
720533318 996882719
998 482906
369368039 696393437
551964447 924792693
120589076 637405344
53402218 554101256
480249982 922587209
99998 358083
515773242 576885434
98 124017
654815118 727836417
612960965 774591104
526418820 581397901
544345801 679182847
341915295 414176104
89 250419
953815975 988693907
784210057 897643195
436386144 651337627
776093993 966236309
99999995 100456509
953104143 975284110
99999995 100228077
352789810 679005140
200874671 882494808
624928161 642050902
202808507 632678061
74892707 706289690
9998 202772
451023398 981992037
99999995 100884045
89 510040
763257073 917399219
987051011 999200279
98 338522
189544565 466530881
616414113 737128199
89 991482
283363616 777267053
99999995 100062143
9998 576250
99999995 100628656
338236987 668305153
38565405 722777000
78680338 463713948
99998 594526
99999995 100663902
686557582 899688100
515865991 756840410
411429719 554348403
210936234 470827086
332098353 961885078
256458952 854614622
107038869 621722383
925404732 980972777
131324634 853252258
475354114 998278273
595181851 901850442
98 927227
811963847 812832291
8 626347
403867462 801500589
89 743097
459094308 766742027
225259777 898478548
927664882 992397688
622851816 637424314
8 549036
908752168 925904484
909029572 964156403
945769211 995932770
172189401 530968580
169311014 770152451
65262041 407080053
687110669 841885569
556143378 937730896
723473086 943470717
583250013 746394310
900794210 938360209
370727108 627663519
340143232 431507235
179922005 510430614
626098511 713197224
9998 976506
5816005 337389510
473048542 859688257
770668983 774329290
839993022 981462219
600741002 860990927
430188802 830499508
978445555 993408790
99999995 100528309
196086959 486221474
98 178413
9998 73176
8 468688
98 772108
99999995 100770028
998 230104
8 79766
98 516920
49105924 758348231
665949340 919420738
8 599835
524173382 659044430
325651206 639928653
892145764 975005987
99998 1035467
424931301 899852151
8 899397
11532863 111141237
828000163 944096008
735738658 753097512
99998 249241
277181500 853398545
144826751 515184100
998 90269
993901940 997654866
454395998 770243590
9998 795697
772158443 984367751
841747501 970818970
998 296936
99999995 100369479
98 491099
569358927 828134778
632707961 633048647
998 866555
998 434484
98 295828
785762137 940980300
118463515 851505888
9998 97753
418149652 909133235
824299 572873734
787324630 831034272
65411240 249781540
8 551333
138638176 875585452
880927061 972124986
998 705075
99998 485802
756669536 833787617
133476073 169134644
792903471 942501774
427873082 455993073
151070296 468864666
10942369 88171551
9998 411753
98 160764
331880585 618241419
99999995 100614153
220543747 674926602
743361002 880630449
890291521 977713560
99998 906807
181278635 594519210
436837976 646622333
99998 157071
161576220 285811123
523230890 602453448
8 993193
9998 439549
998 890417
771259353 933254339
8 234250
83836316 788149873
9998 352383
89 521131
98 477235
98 838686
327708127 699121805
9998 202399
296998191 447054106
98 327659
629095186 632658698
118351916 757159061
998 368201
83950872 290396694
555799099 774422625
39047325 136398027
44985870 617480143
997183947 999444579
386466256 784610643
89 401213
89 141284
998 648477
384009007 940071909
98 202549
553554445 975849972
98 87369
98 767085
89 104889
99998 295691
805349263 990160429
971010429 971689757
543367377 786121710
378388232 469472976
89 367101
239526677 324803784
89 895276
395942508 883618511
768404831 847994545
98 944675
9998 484861
622814691 965552398
595771220 994056854
945749379 964182275
465094725 636269000
89 907292
581632256 889967773
99999995 100568737
71834767 914976644
477196162 695130080
115635939 293040880
533072515 643373822
375381212 718737866
98 532083
636950281 665175183
99999995 100703898
8 260557
706343614 728808065
99999995 100877088
876152907 980194381
141897176 565757271
679238243 864087547
998 376869
551735566 813341978
457912266 564353118
587183107 751443268
929414414 985938912
573999602 600259386
713387749 768192068
89 34640
853088915 944396448
998 512885
773477834 921347473
685452330 844429645
477276275 615492461
925111083 970556948
478957662 672502938
998 85720
984339962 998837012
212062790 859266307
98 145306
922659755 949081899
938664136 968728098
8 86016
254814595 765745506
389148625 557416922
402028472 489079815
578431238 918875137
9998 577906
99218690 148520743
99998 400155
40403725 633524438
98 961042
240867652 977008753
9998 590332
98 282882
920624522 936292263
89 649595
99999995 100011822
332150899 525305303
99999995 100461095
98 677851
908491733 922961347
524095219 925521841
98 857066
686442076 839614240
8 19921
648766065 720477956
871972406 932637787
109205693 967650636
963550082 986719493
80148582 250101809
99998 717549
98 888713
810549415 853172863
89 502119
682211330 754178361
402800896 937162730
998 384354
17852149 934949325
955763075 984748832
263730667 936548993
794295236 918099193
226438977 535453826
480326501 879741850
333191128 676548129
692392327 928536845
357203990 919732490
490624379 883001111
998 393829
334351670 921240388
998 460104
998 983369
9998 961175
116824633 725340341
8 674841
119588661 234982276
65960807 816461641
388593170 528824827
98 648981
343828258 528194712
503679468 892070535
998 63051
99999995 100108528
89 635275
358026999 665124255
220943312 363318297
599773327 833560782
816773526 955112925
99999995 100817158
20315274 676813046
666783092 736176753
850901414 939378273
680757654 770039355
166810001 206710659
538121155 778465032
8833206 547691023
258084126 455127008
832304133 840387533
502860389 958911147
998 67017
99998 437733
250011221 891287568
501916556 538691966
953470669 986709736
876927898 927747676
57376703 819196585
430195256 886126510
999161744 999820012
644839192 900106907
9998 532725
322853992 479985905
99999995 100787720
87053107 659440875
8 837877
8 560399
888337507 917430896
989484694 994494590
493942193 528359863
99999995 100411020
798424422 895375563
803601930 965099603
402208880 744658962
733281204 913905913
299608126 912915639
732080929 901417578
453566455 474181966
998 131305
701084593 733784468
540348015 554929364
89 730585
89 373300
98 12102
891127809 914988006
269507770 363076959
98 892346
78891553 86849290
8 172207
9998 309667
98 581210
598625617 899840280
106816829 591118139
42560988 783232753
870774783 985167304
116409509 848516176
702337878 875914208
749776558 846439605
89 964732
98 125635
8 968224
8 548973
99999995 100269332
98 140821
725327870 889351386
794408199 964272887
593886563 809036693
346284071 613332264
190035802 478000297
98 701401
407794951 764284304
804584830 941097454
998 466035
99999995 100166718
666554226 744783083
702194688 713997562
390001234 619412140
8 777737
336371180 671752686
648812618 842534565
99999995 100279561
99999995 100931915
998 546640
397281161 997859525
99998 869092
487367755 993073379
903927519 969815698
98 284360
416796780 449842862
98 766899
89 508435
273256874 450457946
89 718850
8 529496
89 707997
99998 444264
98 733744
809741431 868032679
98 499567
956659166 963767502
45297165 723672831
23507457 413433346
9998 576179
693483164 955538731
98 943253
609817583 776384085
874632539 954883739
89 400796
711849151 719978575
861268871 929541868
42559492 361160423
98 137405
38529290 739902991
335778818 874743157
207691060 514168218
99998 914713
158578178 630071734
909829094 968404042
99998 755836
970374558 976149791
183937159 947897336
113818124 281696335
99998 241347
99999995 100666389
998 142295
99999995 100041965
834501427 949690848
98 57722
795061959 876631038
685870048 827914611
9998 442285
777692746 926530181
863797338 886313772
99998 860654
98 384508
89 781708
998 566505
343155790 618184129
99999995 100421731
670015452 758860085
478530384 539907105
8 625029
11143559 879691097
8 633346
980853635 992060041
948344014 988309754
347070827 642170238
108430208 133942917
671592317 926769830
99998 126714
8 336147
998 606185
274015765 897601599
89 33266
8 414354
337540401 910295439
923594110 984100975
546030375 660451267
998 930466
998 768420
853490432 944233098
190127509 310399116
963687733 986874995
452708952 669712904
573708683 919463444
836318766 926278899
470744765 603023966
344358051 596394133
998 246340
385404939 513135942
98 862531
176121162 945304244
89 721863
98 334611
288497455 341040266
998 783920
566388697 904982039
99998 445456
190736776 329779542
399409401 779233094
723917110 812001372
998 836665
267330895 618003675
998 65740
381372793 468565948
424119841 985374544
9998 834517
410148400 695388388
99998 825182
682919792 883892875
782734245 914242221
802168932 807992187
98 341915
211055519 587359573
932497397 976335562
9998 604127
839954532 860167689
269926814 967509802
98 97032
927348384 976857106
99998 564452
512012675 712701031
552064715 975755728
525103022 812941795
192478811 874469917
468654449 622828553
317301177 563201826
478178629 612496965
9998 196511
743162595 817339129
605622172 903074894
775233924 794316016
99999995 100441821
13620071 415913396
89 632557
998 474096
112304497 140499006
89 550796
912359347 992072455
275476197 392258338
99999995 100419575
99998 869116
670034520 732529309
684993164 807276425
89 359136
335993624 701046099
99999995 100048699
89 920874
9998 98416
251472814 427312955
99998 543542
486668735 749872317
98 532923
838341326 982757869
341282607 704924312
98 604197
98 492007
98 580675
905952798 973416711
276006259 587025282
99998 618502
479958036 953887071
185234934 642191603
259663285 286417152
566344939 899307434
162375048 740982175
989535704 995239109
99998 631775
179598715 742034695
780874402 914116246
89 793537
597333992 917118217
756343536 857270982
102101166 920803392
208798213 564383626
99999995 100143379
916078562 986381310
597605117 732557503
187784687 846252657
7107925 37726013
618804190 899360777
219096966 817076328
275353354 333199910
360985495 474097797
629099397 654052402
107206183 596399432
98 834262
108690647 479976913
150125045 808956625
9998 815621
99998 192684
436149763 856227781
943151963 979714925
819434223 885875787
92506523 487638218
525131736 862109632
9998 621404
777410759 832670991
998 90012
79727831 884208278
752376435 753718671
966868044 973287592
106466751 255642832
394337402 490881953
465582979 783143741
614399114 667223625
99998 965933
998 492898
145789761 632831664
187024711 643783900
972477212 987958789
135961292 331652843
99998 1008566
998 799331
163024380 252671120
824875466 931950891
998 840444
8 184629
273872266 435057447
99999995 100207216
291021123 336726097
8 220384
99999995 100478568
8 368440
655256189 870510038
135555685 397607281
8 166998
9998 482166
827495817 977104372
99998 496737
367603466 768268134
99999995 100325641
455215052 811490753
773532060 999091340
194073243 614946078
9998 540712
99999995 100926762
8 695946
9998 329737
506550026 971684988
976139400 988211347
152770604 379697961
998 313786
792905198 942481871
448724020 654672809
584053218 839180182
9998 759918
420920506 960230888
89 316675
89 332135
637636357 657818258
99999995 100022528
445294436 828483873
956120302 962778334
99998 239919
590731092 909819334
206570702 548378906
998 265820
998 296393
89 408100
99998 592351
985951315 994372002
519573720 541834384
8 984211
136181963 167042049
140967749 894471157
89 645184
685932294 861932154
9998 87903
940498411 968302944
998 814744
426021170 876116793
543936390 993580404
736471782 910336087
483881988 815572629
98 767847
98 393277
9998 54678
98 273889
998 61379
216521975 941815169
89 246696
9998 439210
656501941 772101704
206761354 935175144
826179509 913502646
713251032 939163955
119190582 712655149
575633750 600459410
727509669 777299409
98 369851
459055599 732994439
699699673 972317042
759492175 954577894
183669397 841842190
89 127180
98 15596
197740730 314752575
998 357586
9998 284186
501680274 990098221
99998 681526
8 801780
168290762 356118555
99998 588688
559731354 940796485
63532045 417666542
953689287 956739099
937578098 956038040
725661699 818305520
9998 624017
8 850618
607565451 772353764
735504596 984959299
352442238 974293006
582969616 587068973
99999995 100203862
547206347 783423350
979596426 987511442
649300786 704655646
226463350 294450289
99999995 100803055
680292981 698949483
452479595 996373796
8 32599
350255682 875042637
454869439 590758121
8 570928
84818049 799902394
531933649 776635918
9998 285977
656601024 943887726
969319797 978725945
19704280 395987879
276580787 357972232
805735104 808551133
855486662 978485111
38356038 928275976
146468608 750746341
764281064 965274027
89 489823
934761154 999920073
275776446 596856655
8 228800
98 490755
998 454099
99998 950152
371062567 625010984
89 716531
9998 311870
640910144 992925957
491477265 717699827
622334941 829310793
739835443 938119218
938197685 992327286
99999995 100686138
488955697 965802566
8 838254
755269269 828665297
477326501 502217783
382294682 487749332
602126038 649429338
574618342 745114803
874834096 996564634
9998 73030
345865042 414648684
163253243 854930599
412645300 799658863
791723300 963558401
831205273 974327024
252369952 927406733
9998 602235
763760688 890703501
98 391118
8 16260
108033051 413598041
9998 513836
630780103 658456982
924116265 924560215
9998 1007870
687635087 899835617
89 501562
712969309 961544887
99998 828121
379316987 704829581
30611121 532663703
849072926 858353059
991188870 998148818
8 567588
926838583 941296779
234873814 373103379
104906002 578556355
146641229 873766875
998 416359
998 975513
112959453 279179968
222033636 437361446
470919773 814624916
184959436 324716761
89 96695
998 293611
98 616827
115623404 429545376
99999995 100710915
89 277326
41095769 950252547
552145557 671850293
124928351 872480153
650347421 978408062
63458125 987894739
99998 1004529
370144711 893407062
431075452 482745702
328754325 504431654
998 662240
582957576 865794243
371941375 453609657
262200837 677727619
502681180 630701746
736046002 755391894
99999995 100144149
66252107 756666202
101378761 270581360
977501123 993826913
99999995 100773296
98 814732
349255928 801408278
237463202 553501706
299378023 331757180
561717722 604607418
99999995 100527751
99998 1044638
687263336 706401436
413611736 513044503
305958372 610780785
99999995 100870172
99999995 100402010
946208866 962689619
901248184 987242037
704658564 853347011
426332047 777354857
240227261 806803247
551764913 970723459
373457066 748490711
320327253 643943023
382988658 974067516
464718122 698286043
99998 427085
111350416 914130111
617952642 938252354
783067753 850376413
9998 884800
998 581363
741978080 956414292
634271908 827872973
98 852787
98 221680
50193318 122637573
457907953 903279112
259465145 617039642
89 588980
148761973 411096106
233086777 281568047
607600744 906819494
496597083 600402304
814335250 903118242
9998 572863
908050818 954495645
963067866 996870201
762198532 876597997
638038426 682558453
89 366796
98 656591
9998 10711
914890244 937581643
389997864 779125325
189209803 729230229
676838066 689561984
274573756 456888895
89 588973
987490516 998041310
89 400932
99998 856105
582197762 733161507
89 322418
97545573 179875335
764496359 976568624
99999995 100805874
99999995 100404886
434238402 953653173
8 536443
89 473180
99998 1049517
209518763 853180513
348579239 566696118
997642839 999248891
982156609 997434198
8 322416
9998 834848
89 941419
89 897652
99998 542122
614988100 630735525
998 727553
827391200 969403721
89 922820
89 762126
8 675079
902721222 980132587
99999995 100290446
89 722873
702874226 728914719
89 717547
998 777590
9998 344941
9998 36405
998 888848
629418922 892508720
99999995 100205793
187855695 477364084
721675585 843552144
762914192 945113753
372429938 488837367
788436935 803230705
261246345 722276230
8 546356
98 294922
98 302004
89 785257
406516066 958602599
442415553 559110951
266392649 624942278
214314436 588302086
355486563 367365504
571575144 711293004
998 995328
273864185 762507846
73560585 450186028
99998 791514
872465325 897750271
99999995 100292097
422212474 705158747
892015466 919017569
99999995 100244565
256018976 545377846
278287138 511055082
731076905 831130600
572938020 767345402
801919201 924812783
541293872 811383296
320098656 798256322
998 839913
8 579606
768727842 960281746
194333352 634993371
861184133 881485104
460521316 524585163
98 68994
694128599 931807066
840791544 987329962
408068825 811232800
8 607563
942964953 978312611
8 712540
476866247 802152020
89 663928
114444490 403261528
37656500 335662125
8 962946
998 669903
915919423 991804778
423748626 776814828
236231156 417064498
99998 513197
959558830 960595509
89 46564
880425972 922782348
121099849 744918844
99998 217571
746960341 894191505
8 48252
490183894 986908304
754548702 821377394
507800674 522474045
184032235 742735448
767421104 801392120
99998 965504
98 87866
357505268 526717976
998 778503
998 921060
89 153802
107736120 981161928
715209657 909082008
32402742 126982446
829149743 932277219
441019305 617930128
36627049 86390792
966055131 980132884
117423424 849615301
214360765 831188464
837265263 857273207
99998 405445
576725724 845145512
952222257 953357213
98 580464
636146397 717678636
98 386945
344484824 952886141
9998 481123
485532112 685371741
758836211 962339158
781642069 995055405
340813733 366589942
129812374 884830934
451396834 990471321
99998 643079
537295667 986550626
483086266 826758446
9998 240147
388143246 865152224
309980790 602113778
998 679205
998 418150
951696587 959401358
162544694 943025068
99999995 100126377
286933695 910465000
845892777 852195660
998 414293
650585157 830826865
998 742935
123117504 734879682
173083960 294139262
98 364810
99998 735702
98 457780
413031139 450137768
98 553217
544318414 755172465
107821363 201367320
89 943322
8 638091
635368618 718524117
896980312 987328184
89 985530
205246943 898947295
89 208522
622718696 983519919
234645047 295876989
57739840 121666266
9998 348559
98 689477
9998 904346
96700502 347272269
337090456 594658979
239485973 351466602
99999995 100323560
980058655 999117570
99998 189327
464513924 991572972
490073618 666421362
8 536258
944636818 985936654
99998 568126
877739295 985407864
272967022 992787262
501529703 543783988
372866396 982878945
99998 135406
887090610 889461394
878160727 950626437
574255636 662106021
631417986 820910340
998 832007
823922025 881846710
865517822 984001621
99999995 100311552
32704270 329237185
349930284 879127379
998 535198
8 929145
9998 935053
99998 877598
98 548941
399631644 454571344
99998 299264
998 155396
30343377 778562121
687887493 781321944
571999195 736654411
9998 1002282
99998 1003276
8 102100
201310864 978372837
922637472 960169481
112013561 681887028
98 106645
817655932 995806936
98 881643
204696716 258971304
8 960265
8 408670
998 74577
902386916 961631559
199483551 947562679
98 783083
696838127 760577757
8 147388
998 201110
130967670 625423513
413972472 961395958
691626309 766987352
148273935 869430222
880211089 931949909
99999995 100327000
9998 813686
905261002 990210811
786418863 826967157
797460570 925874652
99998 631052
9998 809794
89 24016
725521979 797064015
826138000 850731221
8 510684
21943063 426984498
98 39389
647098340 696558529
392353804 915764642
8 983774
434740060 968114796
468998742 694494669
166041962 405291282
531818146 537216607
99998 359408
690206308 988216452
89 686112
560223001 582777243
58082282 655958231
332933764 682015516
84784773 85909957
99998 420703
9998 378146
89 545289
412247353 453881623
396444000 568155715
379899164 590769924
895053985 986628898
856280625 954855579
123854574 821095781
8 913
98 194365
263241783 550182399
89 173040
99999995 100331253
8 495846
877857711 998867083
99998 194720
8 787685
183963115 467985432
833809947 857086109
688547512 779375217
796549610 801714792
429011621 922964808
99998 314857
98 599559
354402249 529378432
816283335 852146778
58234612 332436991
266664773 707587619
99998 106440
9998 181778
9998 101706
769654145 874073774
472180772 534952634
99998 667276
452617102 777400044
158347844 355597357
580516098 686515692
8 870226
98 780371
998 956417
998 537325
99998 163448
99998 1011057
617507511 812630958
427535529 685510529
89 518724
651418720 776738861
99998 778048
866404186 902471582
827562520 886944871
99998 717142
905897782 974148418
765374114 902880080
98 304162
998 925630
99998 156575
810972567 947059635
98 655543
71316377 486266247
8513089 197902619
13515892 211520990
543930421 604908625
89 587628
973037147 996463646
202506691 267014918
742527515 755989799
406177803 538538227
567805688 711923509
9998 527170
728297335 784818481
89 599297
98 242469
979770600 983219530
99998 423059
852678257 883676935
504918106 680929857
484654321 894643488
9998 837800
593802997 710738479
998 729463
702022614 741888624
177748193 368621444
695186144 741855534
100883137 260713174
99998 806122
99999995 100860663
686448917 752980671
99998 717539
372730204 855581394
866966813 883127706
8 747851
99998 206828
506843050 955010587
514477896 557638935
998 827776
497619599 536771836
18414317 711111251
506205422 621005876
706185609 999634120
98 138259
99998 353070
98 793539
374170739 948598221
99998 135961
243801829 569621399
461327836 710949598
603950624 832724439
880514703 935045387
8 308737
426980196 750985059
982288502 994161723
256162332 503607415
89 368060
615279799 657984854
99999995 100400820
575599319 957328186
8 528441
99998 735964
998 889405
112416358 210321318
682667383 937196516
697920528 890880959
956204538 980566063
99999995 100766427
230434661 430086270
99998 297113
214364868 763822604
52081223 951282367
347688321 941837705
518053481 658912089
99998 704071
99998 923296
585583483 881182059
170461941 406880923
723557401 816661662
99999995 100224397
99999995 100338632
584854336 803345393
778453203 852087866
974357900 999795206
99999995 100453407
580081017 620810027
994971 543549613
99999995 100201316
99999995 100102388
996536768 999429423
378771225 985616229
592427170 985298607
98 408045
434275725 439780281
822731961 936550297
515634146 697217074
89 251184
766362648 835805398
907887893 977955753
9998 713720
755025743 795798061
457831629 774736222
9998 834513
399048038 880778971
89 829970
99998 845561
99998 985232
3895517 377063415
785936996 940938953
351473556 818720937
130364112 700646385
320149932 826705350
12710971 372378136
914874893 967878150
645887989 784116862
468456714 645495206
9998 689241
9998 938873
186006425 763145396
99999995 100238974
89 480986
383962712 782507427
99999995 100671584
615665311 741855356
98 728948
362910867 486289388
773730403 988592759
99999995 100551341
9998 407074
8 333090
353440618 589231335
314739043 786812369
213092093 977428128
356533934 525861558
910975227 945103634
788926701 802079136
9998 417452
280566423 628973745
996448587 996998796
956362420 975745857
557815823 696653016
9998 732001
283143860 285002932
89841233 758735442
99998 120176
9998 846815
258008323 979353568
792405159 807042525
166783514 666998173
746952651 908882086
98 322683
98 134948
89 94174
8 853395
84520795 857589400
89 663426
9998 275163
276312521 781250961
99999995 100261095
787178536 875232163
89 487615
99999995 100329565
998 360485
855569444 868795243
968493043 987962977
998 184002
9998 860406
639136282 797944594
309248398 367103612
991243383 994013945
9998 75127
477977767 548975236
99998 1024277
525906907 894965843
9998 525166
638658751 686083770
672395705 937645019
676624126 797418546
510820636 809498715
89 560287
98 896301
998 645108
89 359029
145486073 510948974
400886349 416065752
345944542 746077908
873261624 896857811
753048643 965963398
99999995 100779706
307570768 383882145
108367676 632592630
99999995 100646071
24207415 406528749
274127781 790185518
328085102 606598235
211036634 882816665
843514617 906636868
706304793 833519932
866442292 955265048
524389074 893271278
357831738 822566496
395731282 558099556
590125663 917972009
9800764 77143828
113317120 722275080
677174925 922757224
989321460 994179389
99999995 100122913
625881200 636893215
264654915 397265196
998 573100
336498852 487364009
99999995 100223540
777117456 842055046
808941260 879858914
252361286 962063075
971915770 978461683
306615993 637477608
729831979 905071605
39659853 254944628
674329048 922211551
304277165 484864776
942351550 989041630
935150145 981945779
383864762 552698962
99998 581663
8 66386
576659414 893399386
8 961140
249542432 590271581
467061206 579683440
99999995 100229272
42225529 215265516
269299166 996310064
99999995 100217210
257020651 835773707
332390070 359240196
385766783 609403815
627841329 775168299
998 140901
890756669 945879576
169690065 215821318
321504960 611623245
486418591 842247796
487409381 872035411
121190617 205732096
885229330 938413317
998 126053
99999995 100332887
724932704 923616207
40253781 124148244
25446046 393482508
501602336 955092556
543524439 626128694
442744722 601018309
50259722 675399629
998 770744
509046479 664429224
89 636154
98 427690
89 444534
285956877 976535589
748024274 972726292
251837763 700208476
247093105 901015042
98 102259
8 812822
136001746 149337779
596462719 787987255
99998 518705
206758187 611122190
830764869 945816990
664467347 696460625
61738874 935715235
952643786 974422405
528520888 628667824
766460567 978663830
359673575 995495811
642417205 952272102
690861142 815891610
99999995 100542810
828977068 979223863
323547675 420414891
794171696 842250011
879252479 989008586
522607565 641066579
663292735 945325286
998 759227
8 766861
232539039 394281070
18152510 972000183
625362170 743697424
275089208 799411248
411845229 885549959
534175083 547225347
98 951139
180759889 890410226
89 750770
578585937 821194826
558000548 844991882
503429535 642534178
89 858734
89 940635
28713443 401814694
544107659 943963666
89 433429
308885665 890794307
221192433 821715899
207019191 774726491
446168421 584280178
470216531 601778656
562896692 918157085
245834227 460296958
37305148 500761051
115671004 752654317
89 731078
89 596111
282045720 908114556
719752708 986806788
478903779 738238953
204550436 848018335
89 932487
99999995 100392372
375055588 772362833
324110285 346373271
99999995 100379447
98 218002
975661759 996547517
360277709 556109628
647507239 709018904
707106335 805287402
208750751 678511201
503287343 951398399
321235580 763104303
9998 687086
153151241 390179396
99998 618033
704028119 876766324
196248412 841793893
37162777 238720037
99999995 100476218
998 745653
724672989 812126261
817519467 970989572
513402863 762374520
9998 513930
99998 944899
99998 798494
444052438 568830509
164505195 933741665
710944451 733012953
89 685659
98 73101
480945615 956732437
70288455 802547138
958633152 997117924
89 334356
9998 479199
99999995 100988360
8 459812
478980307 490854651
399416519 460701806
99999995 100984514
99998 143053
998 75440
266949354 514383947
377349735 513391144
363930770 607991791
9998 992142
544841738 915131459
561064489 598779977
9998 982820
344158697 617579240
812859656 963855709
567361805 964826090
99999995 100831120
544415173 895429885
810828683 814397064
897411438 898319370
690244447 970633250
528655516 980040127
998 710756
8 266660
926076459 989167010
592231290 816775001
992311859 993180729
572364921 844882049
89 445516
98 603966
901119660 901355176
707544855 912526166
9998 883873
748373555 769262970
713612546 762393697
8 834682
89 421659
9998 458165
8 126244
98 601588
486300311 883963885
89 560456
9998 588248
998 823243
559522160 764117148
9998 733404
98 618349
98 38984
9998 428896
705094568 947476517
555925443 821827407
89 485324
908017135 908086570
98 366040
73067792 151235521
543231988 637591436
623649710 934772411
9998 893063
998 664764
89 284481
408226860 999975873
458984017 792178232
998 298883
958193621 988949020
98 598643
9998 692629
139330067 171321716
630401696 652027773
99999995 100679380
9998 376854
99998 860948
89646190 432402140
9998 327780
884460872 929885787
218995987 827689340
824459337 843342178
997639687 998522531
99999995 100128324
548298665 810786514
9998 540235
89 350706
73828603 723528238
259361492 798859490
36247675 290567093
676572580 709334558
392897232 916821147
229005128 240355589
99999995 100293069
727417577 775939638
9998 885460
289273840 621588645
998 86602
9998 1005336
13977936 952202813
891913225 892898611
717897848 928154288
456193139 857773793
106213923 627660630
421094474 516849836
912693437 973643101
295359298 872330857
8 952600
453461012 682246657
614737325 648377206
99999995 100572264
89 961036
741693356 964561962
853735727 966751926
936973899 945457893
152128158 570566987
99998 762878
17398604 801069817
98 556210
9998 298190
299330725 885936395
528648203 579467305
184118985 665355572
155349459 858714260
514683813 622894759
919800041 929031120
664463740 913937255
260480831 649884233
755535697 830069810
98 974729
108931919 427618388
99999995 100492541
99999995 100252017
98 394146
98 546215
998 236270
707650018 990224896
99998 355652
98 170373
98 997984
732364113 883195169
666375261 881657924
685453754 897608401
965533673 990824489
217298456 359758513
99998 653785
910393695 955563179
99999995 100783960
753069713 852060293
725636432 983356765
147538432 721382469
695692382 983443009
464486824 663236818
71634383 740405922
904970341 939159943
98 44769
9998 642890
656430635 821109443
797484574 851612855
99999995 100903468
506470884 817348660
549719180 768553950
696611786 885631932
596912513 819585954
98 858191
89 298732
968396074 985554033
587808118 809424616
99998 1021959
177773260 692206395
78988475 424183954
782395195 968550367
486882361 787354852
267439087 673502984
244369188 705686712
370527018 902020278
951944795 967884405
639978342 875894682
811533805 816674378
812226223 906732575
99999995 100768467
510376766 547189482
496101854 767294201
425190415 651259483
98 947115
797131582 857879303
32741899 69036788
691377527 789570219
406089016 819804915
197753038 483387772
99998 771689
8 165967
98 750276
98 332
493622397 898528227
559289784 724072753
99998 401093
660401158 980949788
99999995 100260536
9998 882714
89 639522
9998 900135
503611727 505758930
1529875 791893134
246892285 996272120
998 143218
530990058 949558880
99998 699509
99998 673650
263744432 808238556
237615484 266144736
98 390790
701680559 887508987
968260074 984568915
851012480 915075794
704432665 876116043
915478893 946536482
872672642 985420832
615497073 818164908
99998 467017
151049914 353552068
99999995 100171329
962023410 974998812
99999995 100499975
965101040 992355235
448250131 472561856
89 113407
955789691 981806016
187744240 647938775
659902872 707022290
99999995 100948082
377682463 734207222
391374762 808175186
89 751510
578969036 895501050
433859 918969354
8 111443
89 463708
715296155 854391973
99998 962576
765212296 931290104
684256201 903132275
817003673 929771249
291864031 705880891
215661574 641233641
141697741 522907989
220785922 832087595
665867705 687654302
199272693 246408008
715718164 795947554
304221529 432292121
246638422 556064532
568841364 648743333
290595857 749030954
86931628 864955409
9998 319117
8 152741
25313387 999917382
435685072 601407933
98 959495
72613931 772553817
98 496981
937003486 971325323
481218889 943348077
18017438 742869993
905076817 978004538
998 242456
441122767 807941312
998 554379
89 657414
650637431 876312032
612866001 649751128
8 444612
998 107126
982984463 988063114
526881554 767376571
690606586 724673110
99999995 100013606
89 324384
443005335 948597579
166772970 519969516
638406867 665991990
99998 440291
885473342 896872006
99998 486139
359343147 798233583
27314545 88666412
458384065 549353196
772195784 943817473
735640495 776004987
89 154976
9998 82698
998 665767
998 92653
689504303 768155408
210602096 759805578
148448635 826263954
48961701 513401593
892643693 941627055
8 990159
199347883 304377796
127929798 892840860
290177468 400074333
230492104 724399330
99999995 100002849
291697724 747237083
232758782 490594575
99999995 100853922
187121827 461031914
291665168 352046347
244619534 841760820
99998 575350
99998 925175
293073902 337440987
99999995 100244476
571213711 606675799
589088896 661713722
99998 531048
712701581 883284396
145825318 875697054
435241245 731961460
375348374 943935270
675715992 964341896
693391934 775833089
636787471 694257358
99999995 100335862
23422912 814908999
595913817 844799888
89 862067
559656762 636742386
568054622 976654065
8 917297
8 393287
99999995 100097832
333420536 740317113
321037191 611231143
250032626 966756257
468943995 581957310
99998 375089
69933282 330542954
584994524 947949917
263029288 715538592
195516666 220989716
268689192 671899197
89 248820
335395018 842248490
99999995 100450218
89 379705
99999995 100619986
122592439 644477039
99999995 100413899
763114904 836192965
371795795 626218686
225688232 515984676
89 905583
187510170 415486835
699685875 767646199
99999995 100187501
380223231 885618160
98 125269
65225987 318441708
406951850 556104161
322340300 884063108
656427018 806984751
8 424866
499361782 781930767
89 878080
99998 166754
183662230 651504193
860784299 908671421
93990209 309010729
488656278 862812988
8 321421
89 547530
702620614 764617178
8 208136
99999995 100621739
98 465219
89 38883
851875224 906161799
257279511 487483078
25350217 152148620
897773030 944807977
998 489537
8 32130
621332970 943696102
98 652631
429370708 625351286
318694390 621918885
9998 649128
767140982 996122960
9998 299334
8 89605
650428797 886059440
816998643 855177275
978161039 992958940
9998 221516
926232073 986952060
918319129 932082071
8 890752
89 490776
9998 345127
8 938887
256739665 968694002
421236998 565144382
8 321648
707520721 754770444
53678139 537987234
98 857599
609254563 676056958
99999995 100999038
9998 747055
227114146 393474496
8 773226
783082723 806470371
245074366 297053320
405415735 622582989
885639832 908727977
9998 276783
961273598 967937494
431513420 579002357
9998 132532
99999995 100328767
8 687255
829372511 851403791
385135058 673343749
8 360296
49944190 345439425
175855736 240867807
998 28810
444596366 834342863
380512381 892308898
234966910 755490614
345396474 899061675
285647181 645883638
417735415 742066189
998 671830
89 655458
513727023 868224593
317325491 349229948
98 661065
829268077 917170881
300244405 988331209
614766557 814910325
99055950 151153045
54349612 702189505
184676784 502664694
922151468 936855403
890652095 892221706
860390816 942997128
398866090 730308416
452325720 718702742
714944626 855176217
799854258 889583633
185997733 792271382
99998 294092
793447239 986154824
16733208 270549733
844793901 949573392
552697453 589585599
116244020 498352356
519160201 938923973
99998 1047461
559772936 889000545
231683444 746635531
99998 655835
41579199 574978704
99999995 100018235
62821524 847733638
78675657 501993583
89 649303
468023230 978708002
238846896 605091735
89 787129
649828389 844984836
99999995 100765762
996417746 999289473
192849470 924903885
832776303 973088535
366985671 962580270
99999995 100132397
265426657 673641513
574801648 952228393
860358830 907509148
940175380 981814601
472121481 910076007
8 947937
78156290 439868855
355201727 957724766
697691379 779111685
16895295 255207131
807067567 999007380
341042077 605003424
11812300 93413853
541201480 835237479
9998 625295
98 422146
99998 540209
739241087 766628617
8 54510
998 244110
606635115 722550601
96662004 278335412
9998 833585
531559769 709420464
232620739 989006197
99998 367446
99999995 100625625
929099811 935855482
241958032 512687707
98 7054
563652387 983546163
833140909 966211535
184546167 932693546
9998 375162
509909452 762223852
99998 774319
89 147369
779553816 930249331
304358884 407590038
99998 537534
689740231 794940355
306302028 470776966
998 531865
9998 554114
165197073 561859365
99999995 100382183
816304032 962076443
98 61392
405960256 431730308
8 923040
369753631 396536134
856934039 954735206
98 568624
273137729 996661003
99998 859863
682957617 891188431
366301665 544686099
998 996627
998 932994
870284798 940424319
998 52942
73549078 398287175
98 581691
89 960901
511648821 936061610
103952819 684170295
201916578 380523339
617798041 726105390
984957019 986910252
279935484 470351921
341100096 345395698
171209128 981996122
150961706 994699789
273792656 766985014
89 879675
807404796 951564188
753970837 807056554
596769495 622963284
99998 780285
438614228 550376096
99998 1021034
99999995 100247260
681269209 805986478
506113294 999220224
34857512 180601804
9998 137159
698862195 984849017
42950121 441563366
50184989 944887718
183790498 867219541
998 53840
99998 859084
9998 673952
196000504 620348148
419280647 438580098
224982016 847081375
759508030 768529378
8 773856
471065567 506015812
978355804 985724661
89 784470
658149915 949282107
42028730 981905436
160222694 350626360
370500550 850085959
99998 170510
44680108 927734825
89 627855
998 358306
8 600603
542866528 810759085
648964441 823751694
576576210 769075269
216289124 664775987
99998 743251
27166688 718332432
9998 642013
545110112 876790760
530855801 690436147
593770692 622529406
511387067 783349248
605236873 770371334
98 308899
81818470 319804716
89 630041
793435600 808282314
99999995 100212680
89 110124
820014498 923388135
670405512 788611863
262002817 696425349
663737388 678142026
8 809899
503776389 635981636
89 515724
99999995 100487593
848756212 996055612
99998 479076
746402785 857514877
99998 957379
563989945 630579792
177015296 331496373
128540337 835195637
586765817 991248424
98 325528
861994082 905360241
521114339 855494841
19404128 690643476
86533377 903530840
243154684 420220452
89 570787
9998 436024
822634075 906721761
8 23838
99998 434503
235028049 570454574
950412732 964441625
98 618330
360562581 977310053
56323586 678088698
55695731 229445316
135326021 277525833
905306603 989383102
99999995 100871106
998 986940
685815888 949573825
998 258248
989172518 993588972
89 706399
99998 522440
360912129 791496805
133077828 406311888
8 605450
26068696 577561264
702678562 928199247
5140615 207386123
377694042 516497754
195762535 567163129
938742246 945700242
99999995 100853063
580062652 662376773
915002160 993505602
803754437 979545314
123234225 793844591
98 183866
998 713756
561037861 724727595
576591537 862178007
29506350 747155404
295202815 852808962
510646819 714178694
538527416 551025939
89 488059
98 316160
514065343 627856843
998 200817
99999995 100067312
735756500 759520182
624851061 767352217
414606289 799209061
829317638 973103591
99998 475184
309741332 919147786
905823517 944382389
998 772417
8 628298
8 531296
998 747416
55091155 262346570
99999995 100881585
575587946 786721334
8 814413
294724459 420981757
717956557 966879492
98 260159
623063213 770044043
938858541 991139899
724025869 791388204
89 806524
8 787235
89 626309
583455609 695972354
99998 1069484
265103353 803378334
8 500861
372851388 493734825
89 201658
89 379613
8 994735
998 684854
121585916 448526195
8 325961
742822148 847022597
372149538 847998197
689813488 910019651
8 579579
98 6921
220594292 473268547
57693399 916027210
583436621 657919117
43035348 208523680
8 460330
431663935 614368908
77013704 502318786
8 89559
89 815201
99999995 100677031
99999995 100191801
9998 827804
864358104 947427772
486865326 503669143
39270225 98793769
880615721 936591328
857319931 871844071
426784883 532561182
188073157 793986704
98 611388
89 235282
581263580 981044174
187515798 973376568
893902986 968129190
65100412 823625692
9998 571361
825512246 990068116
547726654 861201154
9998 671986
99998 899727
221170414 630202388
99999995 100435096
142642894 836397457
513027762 582511751
983340730 999820441
923337910 963482461
657662997 773013988
465587348 775083212
773352783 855770048
909603229 911553041
526748554 602887485
9998 733628
62252855 511382723
89 444390
892786757 902851677
101570601 519932516
443299433 879580997
753492421 927668130
971543620 994369331
64904609 726821590
714351069 845240222
431415639 594227507
593645582 636618326
860974648 985707781
481557405 960392150
8 801841
99999995 100989275
33621023 363128358
998 284415
9998 893490
94808504 826733876
761263591 879714390
646991266 667198064
659079319 870582082
623093969 930260567
98 574589
99999995 100537467
510771231 851376444
99998 168971
99999995 100161496
420618364 840349993
99998 463033
484878190 763939738
229502085 350408972
970501808 991998636
485987815 508164922
181814858 284041195
370925460 784612511
702291185 966643379
641673044 656455872
788349016 924119218
615805672 685945422
899170808 914159556
99998 833354
9998 934538
879152993 973875061
998 189964
947433739 999079898
477839794 538623957
318682024 987460119
751878573 898323187
399852362 653729945
126847790 136042592
400367758 766512697
142527652 616377285
9998 700992
99999995 100282464
329449186 369067531
8 616632
554816924 782037229
482516902 612586522
506580663 879534527
522807352 697308362
8 666333
486210748 995012768
743089575 932764647
98 688076
166495956 724806123
369687965 825518836
753288675 893275480
9998 467549
65214068 248281322
8 904117
9998 978283
8 669071
772194759 892333296
877873570 907025345
31218330 604009201
99999995 100540091
717765737 986836727
398534413 700483349
534930265 573514198
998 296512
998 648650
334428937 367542434
99999995 100832402
446611793 854191331
8 894515
678045790 802514370
246275582 406905320
33090390 460986526
651801797 771458566
768711877 901932942
998 78517
9998 817324
748021553 901028178
504337524 890916839
99999995 100757399
866886535 990996426
99998 356220
406396296 508623046
100062314 875225224
539071972 694063599
677294168 730341013
572241687 813310740
8 689532
430690657 882400008
98 454005
570365069 661911839
998 899914
349417594 879896684
403832614 996951569
561227762 621214447
8 43014
78301650 507789547
106264807 217456458
91269959 334358100
98 143384
9998 505745
99998 793145
98 654540
98 251188
99998 556865
98 398577
98 703898
969004275 982959881
59349521 236729627
89 680340
979171811 979812983
998 415231
832303808 932777087
568760843 685265903
680906614 724741130
262802483 858480637
916752671 924379353
635616057 984831152
998 804907
733015037 955148058
9998 853901
89 271746
415844949 512058092
489436907 621285571
8 136319
99998 951416
533822582 758397755
737184235 921021501
195899586 408002703
403769684 566682535
361271281 853470923
512477572 722603237
998 249346
99999995 100008999
697882855 908336590
99999995 100760162
11750245 41983594
168842475 724987963
539316903 991744861
261540390 600147946
604880554 961358377
8 133942
160755305 342162526
98 878506
469412332 607328111
835438369 934452902
606727895 729902329
325162812 386189876
261040195 991400870
326305675 989245133
439316757 453012828
83623732 364493000
833044724 990533331
739331191 853517243
99999995 100499202
206401618 662032175
98 247058
966103224 998314319
909602392 964560445
965206755 989005231
9998 840342
778674409 783518512
8 253114
865503991 938344544
686410971 852609084
251300977 358534744
995278216 999289984
480759784 518226978
98 831976
643454031 985234985
9998 964482
8 539331
662920695 708351209
153755291 880125614
371958543 372655960
969241714 986466039
346773881 740763325
405337779 409081095
746142320 789495895
37688103 554245403
556639498 755277286
912977468 958025127
602018773 888238508
801623678 878152753
591478343 662252998
98 769546
973214182 979394315
463158644 737006838
863590350 997953796
865128223 944682078
441901499 547794361
754278223 760229188
932625336 977099100
684909159 687169617
9998 327833
244561224 266120318
99998 446021
57548264 710804560
99998 643142
9998 1007223
141693690 731863225
8 910884
103716060 967035778
99999995 100703730
868152909 897346075
437300638 623462473
922466073 976522207
998 857323
99998 1090162
248096278 541981944
111328419 466474425
687887661 874321054
593921592 622597484
99998 482699
98 636883
89 212463
863944034 906455580
998 93662
170107215 672971882
74604879 81015736
638812855 940606505
679845290 719057220
998 585567
103111903 230631795
99999995 100924834
834487643 989675107
370586246 580853942
344588985 917331989
89 430129
9998 468415
853190740 976068985
998 84117
98 143906
898376010 941887444
89 219214
362997325 691320075
780688686 786257158
70341832 954327783
998 842138
617135741 718516044
465920934 984534768
299925352 793433252
681641202 730638291
899792345 972572961
560363241 587730966
75347250 91537149
305458308 726526436
991014576 998403695
328814869 452926455
55765331 990235152
99998 159570
452576731 715629400
394160443 857830724
445453014 990485628
766167841 920565843
389858905 916334356
694942088 734872399
99998 746856
512239750 514406304
321194061 689149370
9998 286832
268734420 292320789
936842885 944151691
202290905 884572708
998 968338
89 377078
581671827 796525793
998 841979
191057287 668249395
290806945 318102229
730383674 735174111
19108008 958518960
998 830035
99998 994181
8 739195
410048792 621287834
247157260 468113322
8 157511
489834850 892146948
366115485 702636815
855264884 928621940
998 289360
185516160 795827493
99998 1026592
9998 652121
439307693 667215769
21785871 411990779
849248534 965873886
661682489 806668505
663621253 961163931
249338323 643394105
99999995 100809982
697059168 833734453
548556662 691843797
32550633 632396641
89 680970
121882284 769106684
98 944519
744124323 857376095
136379319 774718482
842326108 867739733
385933535 520205351
9998 959613
89 245000
873374372 980269384
790232376 819374835
325642688 530053554
8 580161
89 679451
99999995 100708155
815800740 934049001
89 351694
98 596078
855763914 914832392
847106823 895385779
404526000 829177425
217455530 620572820
663498030 720813088
15338664 964016997
798893067 974549751
735185534 981505270
165629530 423581052
320748454 890268648
998 770008
356514738 459890873
998 543686
89 560904
676531452 892335862
99999995 100180377
852662039 976364357
998 691517
99998 567584
513668943 968697523
755436725 952907116
255489804 610905891
92045214 831708464
175216732 694992688
848874581 943540564
160009614 649399590
727718458 990093730
316318346 420125757
412146539 852549499
99999995 100189253
574122536 997918252
38042907 766802120
89 907682
382739969 926132230
158948713 977326427
98 618361
591738840 920094865
759538488 839817217
150137376 753899625
219613983 836625411
459567601 935269244
419306550 485734026
99998 497753
569568844 768210247
664377385 863948636
998 263515
99999995 100211852
98 592682
287908705 543747649
608676265 754047867
823058049 911039494
99999995 100636669
998 276206
904264760 991397363
880107551 991975906
99998 181748
290775553 922096961
486478989 858667085
9998 892062
816591804 850533253
258117791 410744993
204451581 444116986
347542520 677288631
89 470786
307103393 461421464
98 102553
998 801971
344389938 430756210
99998 344259
140117549 693039968
145365757 488538321
99998 235040
814459344 824361648
998 140084
894184103 924049081
967285265 999325314
233359914 693539610
959878118 968862547
927085751 947720191
116310043 572815891
349803975 552106583
786430168 974622730
942410135 954680787
207456645 959173053
99999995 100864261
740465973 765116513
899814667 955384123
8 63183
55861867 531191800
287600191 349927350
89 504011
763198896 795494902
271661029 463310535
898683037 913761176
995244842 999761323
43813387 604133911
466449154 736728483
785662902 841246013
199061793 553464688
426495506 846432382
348834951 391568814
89 295496
718364816 912446266
801040645 837866574
940222440 995200501
640078789 895488054
8 400041
72678161 634238045
276070307 543113231
977972921 980256660
492525424 632098081
217713647 390734323
389874395 406540947
931815051 972400719
989133986 995945777
626899017 635712322
9998 320773
611224507 673726445
64529285 691576543
877506770 999039830
628479046 689090131
587869547 751073616
998 128157
311845771 947005141
929399946 974127386
8 674932
774540158 906924497
317144334 968757671
844297922 951554120
308052267 679227067
998 834445
312335083 639207282
982196759 984866104
419526104 928254697
99999995 100824261
741518647 848897941
9998 43691
312617228 665255579
99998 1079541
998 381742
3789995 428104571
350715415 386305814
902307982 923220547
89 643107
289748787 482354895
340096908 364783086
8 23091
398086104 494067751
607496965 777541437
89 410879
18631363 468526909
648898205 682778945
766644728 895443307
582437214 884418495
128251641 980102129
998 369391
162766300 744025318
998 344394
650891085 738452725
99998 461144
8 777370
463000401 920271386
135238791 543431498
449146420 607474761
17176017 440637671
908414327 909530077
442350656 820859376
724232459 949736197
719382326 760579364
289986852 768371918
99998 777466
220321351 848218668
720171214 911615372
163559248 945085038
285693453 619104624
888740414 969052895
820795847 849512163
99999995 100573121
400109966 404014096
537953355 798246675
9998 629262
95824618 136647589
98 437702
99999995 100643461
712649773 839101957
420280462 888215812
990795524 997023074
9998 570003
271744346 323918993
404130904 887328218
236780521 809441305
99998 862230
433700057 587874417
98 254617
202317059 653918392
98 605779
8 723553
710754341 897918447
99999995 100880629
754797194 901844741
792341730 900067865
843057164 978087432
719777758 728971759
3757251 499887204
606855697 758971889
99998 858447
716664520 827756701
99998 260152
454677028 881713902
221975630 961467452
99999995 100258304
99999995 100733540
577382828 945976271
446259714 619329946
638625321 897553158
89 282768
30661 826632172
320136639 829432415
66472667 794016472
506113031 842551990
720339871 976396435
193645479 586618058
235253295 818974428
44295217 565049404
2031266 532306040
9998 259947
89 118569
515626388 859602540
761031353 790312618
712404172 902761378
352085532 958958622
939391100 993344437
464280589 947013243
285079499 840566445
9998 635535
9998 142940
784753791 850266920
482450731 485392579
944743153 999163300
302559077 418486142
99998 606648
495589771 595515286
118093380 203449017
89 440272
2340484 386824370
803596349 869808783
131537832 601306960
201054703 443207396
89 853518
37574872 163115309
98 91729
894130864 930530800
111620982 165159757
8 793182
191983688 208782435
381815948 668960851
462992857 575413062
953053889 959950334
800647376 821281735
839654828 856881634
99998 690890
114012083 153029623
89 478496
680623611 769395826
479701466 641619138
939002045 956513628
167115002 269878994
537733385 820909942
714895187 849462046
869983115 890424101
502317381 668799774
998 251271
724807684 762405853
383574669 751665788
87921176 381045721
210909919 540960766
99998 809879
9998 613430
265872130 771351377
99999995 100506204
692512600 994834117
685542137 924427789
393308553 985065234
630019652 657467607
774793646 820897843
998 477106
99998 736296
9998 131387
983868043 998528321
136977701 346295148
950138603 967528743
99999995 100920286
285772366 468058399
89 86717
99999995 100389829
439378155 495866183
89 280779
86268647 884050967
615455831 665388693
555034050 757796296
398069146 912493094
6224 633197104
98 857365
616510191 834911088
388861259 423258371
701586740 839578896
860529101 870855826
89 894584
847902241 871745885
99999995 100816573
89 164531
986060721 988622271
815462663 846179573
53165270 965446805
98 152320
99999995 100282782
745487989 931805789
806876562 948558688
98 486149
365819602 598334900
866068789 937478760
107515215 752268444
919092114 980661358
851108027 974332150
9998 690252
232619296 987127844
8 145921
117517754 416308560
395791166 664467387
98 465536
58524180 580531589
998 12095
295474024 362705602
80781344 442023218
98 513530
387054726 708747110
519649847 905493182
89 934748
98 178676
47475584 458050845
218502913 515727324
225639541 495719714
998 670983
991401616 997602680
493946531 680083824
568852348 743702898
803200571 860206600
99999995 100047456
9998 680078
829991439 980478247
176330740 371850819
55146602 94594016
525227029 939395735
735795459 909622321
926271991 966809972
707330654 847239361
9998 714294
89 44552
998 232748
391854574 893598072
681288814 689528486
515648943 827089989
998 197618
8 372789
265342016 939415247
998 625762
70554803 432956485
841244997 914859196
98 477373
377903243 637049223
89 408724
797603902 942476610
188747290 382662517
9998 154360
665063302 722593149
770425948 942871408
293994701 914125762
99998 1097497
763141821 944110628
284090427 710539690
882163139 956339684
257148611 988496775
460399250 534161822
972799388 993181552
128424506 339094796
587998784 974076121
236179519 977254091
999638850 999708687
99999995 100586612
57155471 481885068
835460717 838698176
417373138 967664053
998 817981
401059224 584579506
998 225985
856314998 913375966
8 1053
98 827340
99998 294527
8 82646
912276897 958293449
247687179 824793032
190551224 455686078
303048337 756694972
748430514 871415920
98 398113
91881140 636968109
8 39649
8 221812
89 984540
8 986917
654158324 806327464
8 479967
8 672213
74168527 416284504
998 744422
99999995 100829639
998 111211
616175041 913965280
458704721 695764046
230587974 822449300
98 711360
906912302 947844864
758193877 758538071
996120114 997352922
106189123 977571099
8 618503
379561154 456515394
99998 772048
8 955668
102785289 235781774
366564612 872472835
159055384 681226809
327309794 572205938
540284512 960937490
9998 377154
89 512727
44384519 212398830
497662757 903099939
394275558 920155143
903928826 910672916
372677482 972344382
9998 296014
670789459 849498605
9998 353762
228880788 233031567
89 745391
188122545 626360705
272228571 510016541
89 463882
998 650136
9998 358668
998 219226
384777201 537592433
142951567 500819119
33668230 370272635
150683902 901683000
98 762593
225409089 821208395
8 295850
98 633089
735147731 818516671
680530452 964373877
8 154781
248752464 935316908
998 265019
89 39368
786269353 872589628
268989937 765415277
99998 155011
89 448680
788493191 872626237
9998 758955
79211891 654698085
98 847963
653297486 696024543
998 77798
99998 820864
99999995 100891058
192525438 386739274
76555947 892869035
99998 497730
8 989516
970430304 999683664
9998 675375
360585200 847386285
732440308 899521027
821578672 906869619
269047429 660219202
108632447 167828134
819241500 941918013
9998 624858
99998 291423
189257697 976654523
555747596 556450328
99998 170821
327612199 614179588
9998 167585
677259800 949175215
558194249 864144655
99998 602135
998 848001
21070784 322125151
132984788 475130911
99999995 100768089
99998 1009067
998 309153
89 964823
998 952000
691148072 847492636
99998 748136
89 696611
171792410 524618771
99998 815561
407300311 648892930
981141183 997055960
99998 555445
410881426 881094385
499210109 972226285
455954119 943092519
99999995 100314608
234545095 275173175
820562119 876338670
588097275 865080492
658360047 800710568
99999995 100374512
47367977 723885395
912446705 966942627
8 998039
739261826 771946840
149001904 445336113
598903628 798274063
70122563 952462143
876927028 897023329
204877654 995906485
793166543 798201485
990434370 993943101
98 343156
309324151 517901349
478496365 881846700
9998 137743
759072675 813393531
497161527 764367371
852726491 885606025
619032195 672037049
80575003 427843542
241493552 698085130
973806785 988407604
108724779 725019240
598333266 794852143
998 456223
115138563 147021461
98 266962
8 565565
8 829756
477946421 830708242
561903215 852470709
341319034 926055638
545035452 576466297
940166179 980972965
773713224 883674673
314744178 843108568
724522397 895673751
303664851 486895322
75431123 747369299
9998 241871
98 914203
99999995 100517591
99998 943501
268071228 505798251
295026286 520314255
99999995 100267889
807792189 972509560
564018358 593723455
8 997515
665822710 927303643
277783246 343432411
744497960 932488842
91181476 794394672
484411200 489395480
331874835 907396872
919125454 981271241
98 553654
998 188846
89 17301
99999995 100002688
912949847 926142944
46295538 50150785
98 118475
736535791 900977963
99999995 100496825
681483098 977057386
763760317 949391689
8 421182
99998 822262
89 331880
780726925 818925745
953536914 989870160
406607774 533767690
929222581 938563036
98 383933
647959830 890930420
9998 700536
520310577 685652439
826020074 987024295
657237008 726480599
356141122 490578921
266682235 922700802
328529352 745157780
609514114 806539923
8 387248
8 197016
248243604 647060173
661558865 759509318
99998 150557
856463899 864923170
66767196 427404293
8 764789
9998 221697
406906804 897182093
9998 308881
617053104 675332375
28764759 210697475
165453310 763855762
267501309 820880247
468792217 780824581
98 172272
221573780 994850264
99998 1084556
446715899 539382270
891193204 925774920
99999995 100934756
8 954814
98 189148
99998 271351
370116500 959228318
89 411360
89 98027
69787663 128769748
679573065 821882635
84970215 483576213
98 245461
998 779002
9998 869302
104954542 403033708
676427413 794950563
340875090 520601205
783179293 791873282
98 438416
337419750 827497458
911823713 932203809
99998 764298
8 22561
99998 336571
704087570 824489508
793850487 970499658
784454331 914647260
749573905 800979368
98 69517
474943647 939740708
89 665411
9998 257235
772120375 823464986
560705053 778797299
32759273 919334162
216850756 921186491
99998 171680
998 329101
9998 852946
998 469314
8 384994
306046651 470130512
476107509 525727968
99998 296594
8 909629
600833624 785920348
584762949 871642865
9998 891156
874779628 911182393
998 758088
569077195 924177883
459655162 783932354
231821499 605017010
268425894 703018596
258898988 710411165
587324247 916636934
41356579 201110731
575595656 910263385
9998 853520
774060334 890206259
166979061 820568078
551688889 712312939
509700368 587658751
464382995 588032043
550245926 722504741
74019224 350281685
89 183216
759471772 967209742
280467704 726462237
963047481 992755285
98 498587
98 624013
896131977 970785042
998 79078
775258491 810390116
505608341 877746894
823992890 833536153
994169289 999620997
964493927 982751162
998 466272
346325868 843156215
166898817 929774080
247955404 627330566
998 961542
99998 747096
9998 658380
704574098 740267321
545983362 992198984
576560093 911296070
99999995 100050740
210312638 419499257
143961929 410715628
837006301 877015811
89 61548
998 762334
998 380944
299337163 408102905
412523027 988073293
204205133 220916129
432241725 488126448
742508511 955517328
9998 968241
389084823 698145616
250464520 737437698
776492482 968639719
491815433 669444122
398981144 434020609
237689857 847459129
99998 467532
490855872 955430695
8 542604
9998 271308
98 11205
998 64331
99998 1021996
805411890 908314270
338919314 656198186
99999995 100739198
460006551 748728336
973541726 996681525
9998 895579
509069074 775467244
89 265198
59900196 90858903
138450053 724255871
98 104060
8 959941
995990594 998318147
99999995 100951209
9998 410353
736551676 740336454
609498917 667937747
202259715 730821637
8 682498
172548575 316324171
701392470 994405380
98 772553
211247344 351035030
98 248961
120912882 542874734
537839147 715704508
655535928 888754786
378897399 818592294
99998 284704
106865181 110025181
865059341 867392411
89 300751
254577760 986515052
271754816 606248286
99998 887967
99998 436699
9998 649739
44789086 809246092
409692653 876820586
26510176 990636753
699982414 796040478
99999995 100631027
99998 186139
99998 349721
8 656397
8 345269
98 323124
992181583 999679434
998 213948
969516873 991048452
8 843821
149113917 340876063
974565531 999789220
9998 225534
59108837 704404304
791508858 904706222
9998 26253
667535596 773060093
99998 325807
98 599047
868767516 879397817
99998 590055
361030968 716077826
998 617984
998 274360
912073522 978348082
405640088 715502353
8 500044
751184258 971913269
440736262 510564349
9998 924212
518289878 764175321
9998 355805
386738335 827926219
698705671 713395780
98 587136
960180615 975251064
8 757614
993886404 997144072
99999995 100315727
19187330 786302637
205428837 562355026
98 794993
138940128 328643394
282639355 904045592
206628636 714320148
89 274271
230416212 675863172
625191637 645495553
761124502 815727689
352357696 991462123
268599690 711256610
8 245115
99998 325195
265250154 614461545
415996456 895408838
30348341 748924686
8 973364
252126690 459076527
524494614 760794731
204537631 953458395
772788814 781914934
9998 224065
362889292 712553421
98 870132
998 829169
98 31671
305991355 744510152
679923097 908513197
416254289 731529877
972320203 990762695
99999995 100911712
99999995 100079891
762582548 945186940
433819095 615990547
43434900 593877087
874936442 976802002
398782639 533521665
797288753 926792517
89 497535
998 552857
7282706 32142232
9998 866101
554035628 896893489
200753428 484489676
99999995 100831134
762840353 960488746
9998 475174
892564347 975235077
29570328 711635040
561791476 809294323
894191783 926723848
792391258 871054429
838197842 984462661
651696979 907117300
122167325 393983814
828259991 849419339
555499032 574572601
8711419 602208555
761251675 882492578
89 304223
98 343332
8 142090
89 164689
615303953 732509565
9998 842797
349919375 820035310
21084400 311247141
691659883 904989894
99998 820014
964114350 964604968
266628000 793431762
8 462366
310100968 709509489
375565149 387347568
598150486 740877714
261551928 509800597
991797663 999189491
8 949174
208332250 929151019
37790009 209036085
146388058 948652607
9998 821086
643764473 741585858
587924704 817110483
98 74563
771627402 894690641
9998 880365
18125905 142237761
99998 1075921
391689980 993404240
95301797 929384942
817350882 868499664
9998 506901
662489475 718337140
99999995 100645356
89 409326
8 513910
547185139 832262220
128272364 302703343
98 847032
33239203 540750230
292917842 327915895
427181884 700805082
9998 512614
99998 672824
99998 990820
188941921 807095716
89 146945
923249399 966807563
8 508478
32731657 164221960
72445632 330492022
960222955 982017557
968706790 982715706
98 632352
866193238 955639412
9998 627727
279583219 816683475
998 828641
998 848944
9998 254337
595101849 850654043
478282328 618903788
9998 966538
211787107 504699200
769385523 909843279
118757924 847103839
386877963 532192396
89 348575
298227354 860749970
443001696 866570416
389584945 984805336
515003239 825439143
649950314 720551360
917948655 989958974
595875276 622492526
729288877 945541074
760492219 953614258
303845825 951622052
924037068 958373124
998 211823
642356503 848362295
815822418 863330361
298379080 805530941
89 321759
281203890 721395651
89 857449
604915136 822213797
99999995 100226593
8 851334
535381994 851608273
98 447835
99999995 100916681
89 131514
99998 739088
549452908 915840634
825629724 889469541
99999995 100214625
639460549 894266075
202364249 961691313
8 4333
972561693 997502883
930016506 945228215
99998 1029978
776917444 951806305
9998 740137
925302038 980262767
491843813 717898098
501483384 651664759
998 871267
831052343 904291635
334799526 897422570
89 603408
99998 802786
537539470 805482642
610082405 677685741
99999995 100264835
833541981 990381844
99998 219005
846267436 942912151
99998 224579
612226412 899443900
686326336 896886208
998 793166
49809759 261661993
729742859 938663311
89 712063
580563804 933805969
713600740 739500169
99998 864097
998 921746
818180575 922273729
369510052 554212457
114835873 589864603
12803444 464410338
9998 844964
891315994 949872859
234875550 527414353
99998 467785
988346658 993646730
353042714 464068204
599555600 675869761
98 79187
8 319772
934483712 938103092
689594548 860059206
998 683763
89 869879
205491589 509041696
9998 365566
909806268 933934080
585470172 609519921
99998 766843
844268461 903701285
802800566 924495197
998 266280
9998 333789
9998 910051
59737505 299459619
200221940 262230287
603553973 635774736
98 814545
99999995 100091948
196751414 753005332
553280971 583543802
603259309 973870362
98 421046
80334286 895433440
108523971 886870994
351984697 820466438
958796945 976277740
437456806 807964419
8 204047
298126289 682869496
89 449946
99998 118918
953880610 975395402
812131802 939609980
107299205 467524352
161658886 185201589
98 913640
8 709864
536887456 926914771
862587153 907838078
89 816104
124619582 834864402
360168640 364708447
336631501 941270669
283083492 627249307
99998 445774
535170128 753474494
998 130175
620376885 642359547
220666254 822018194
9998 504723
998 502826
715958019 983268529
872298310 887451530
263285906 351515957
431410436 592813543
9998 631488
237633057 972343681
246798962 817796835
99998 479687
99999995 100095964
865216435 950310119
387297308 923996837
393280675 746391275
99998 1083967
959608792 989812179
9998 1002967
798330248 824693473
8 676287
99998 577773
456619883 505234955
8 95939
715170827 755733089
99998 989716
9998 620257
157667205 326316165
889812703 985590252
926452519 940066456
360434340 454101484
227781984 745115701
8 239003
24829252 262790697
99999995 100669632
56587472 453585910
315296619 534479521
94114006 385311393
98 668327
99998 834700
89 393542
749165982 759091834
998 854766
78082034 679361621
212415814 767174857
9998 365035
99998 167381
467876974 921676175
350706410 553943106
201925790 316263795
883438327 897241564
8 230740
354852082 729348633
998 472401
8 205654
805131688 846598036
998 348135
8 994969
98 75756
779344787 895799134
998 536063
239272571 637165192
8 847803
9998 401425
98 803489
759780051 837036476
62461722 713825488
9998 618822
99999995 100438715
8 859041
996539864 999659489
417441102 534558982
89 945298
89 983017
89 692428
589835331 844854403
623275992 803561176
438883377 940333403
302513652 500908927
98 210259
652437596 824130423
8 597207
994620382 996556308
919515082 950354709
857607022 996657172
174555909 191490547
8 552537
935006814 947467670
979533404 982030616
25299444 898854861
310598489 739284017
887218252 905692800
98 575249
969572059 979176494
734815956 941982119
347691271 615294126
516202251 977992765
977175387 991676784
99998 1083903
183812406 699913462
627014870 899621543
770188748 837083304
99999995 100045212
378442602 629761007
9998 117774
44091301 396879141
623519405 861108553
89 393853
829740955 851736241
99998 551580
998 651451
8 164451
328720305 471393835
342279538 987374889
106000464 578028476
89 410383
166634085 370643422
167133425 509776032
8 295757
73418533 129475109
737706621 856208044
89 37751
8 535367
998 220364
143806319 281043739
900765721 909197691
99999995 100788257
963367149 980070619
99998 642433
986331358 990817027
171627739 540595505
9998 388039
9998 791959
874958093 886644520
983957443 996840848
8 148336
968777748 973824920
979461633 980648575
9998 836435
230574094 602751138
988712097 992107087
98 394651
8 435316
998 36056
18009027 389029914
115075860 799291282
89 104407
113612130 544166705
174903055 544695318
89 564013
488313722 849429536
89 354315
667051528 756279922
784793666 865440097
430889947 880094805
8 931745
99999995 100140300
550470460 695934463
998 258948
238716170 588756117
299063587 569294581
663854742 803319061
795366489 844938040
89 960472
486680110 983804754
534726964 638041683
254559200 514565681
942581651 994565587
9998 451003
89 138447
736381499 871085408
493420684 606482139
998 279319
942930335 949341147
505377437 940011357
463489137 746425650
737797118 751083383
954139877 977116828
943507906 962104328
99998 866942
99998 1095452
347968232 692816329
383917284 891019016
245754235 893826271
99999995 100683157
12954142 719028014
528712754 987009276
347012714 702862919
671341922 742934039
217106488 401362744
675412965 797957463
341057102 408026351
99999995 100471441
74444214 347643369
8 3098
611872377 943343040
251935834 744009429
998 561115
927043450 945035708
9998 745355
609988241 911870173
470951100 982726126
371691851 592068538
8 49146
733047427 977130630
480295478 877585093
732487762 736138447
697171398 777077668
755999342 771273443
509972324 640582876
324030311 967800112
9998 654204
721781146 774987754
99999995 100958642
696648228 835225647
735610793 772361182
99998 284697
89 897465
192190697 630571467
418187483 671698278
132017775 353869791
183534047 475998865
792916666 998843152
200465895 590621999
998 441558
647476142 843859858
562477307 724413478
731484924 990951161
104357118 385920485
99998 206093
89 435453
9998 471600
100812353 430954173
142035496 908216224
387033962 938446228
908605167 993057091
998 465755
8 97361
998 511913
778177924 832790380
754318855 998456376
656282257 745847233
89 529020
759307230 971582437
904889141 909414178
48224242 199633826
517579264 700427265
225355138 342520092
99999995 100808386
89 740809
9998 709885
8 508001
180516930 298123474
40737528 406680681
114929088 340160032
99998 707927
9998 217509
177205530 855421123
515050876 600326817
595320082 631711924
218472441 920068731
765043093 910390410
98 587031
99999995 100147098
99999995 100018092
8 542979
8 695162
274065351 379860505
954894735 961954112
689632885 811666442
979042435 986987022
556754201 704571302
89 164152
435913207 899793968
714494437 956260234
750731734 816023265
808528331 882433190
99998 202051
956547160 998196327
246712680 600212062
327936289 751866140
655354408 812245350
684685970 718415745
8 209836
692459232 956243267
517984097 942076688
722840162 780567016
98 814000
999214205 999969790
98 574350
541019023 565557922
640949694 979351511
21961555 718512891
7481370 963757060
983166867 983193974
807902763 958126959
456937824 895051847
682369346 733156349
144842141 317623861
638041651 697162630
860224408 996032479
714334070 872675956
571426232 844832272
93584668 177623661
9998 307107
51892826 616579729
876375076 951617280
99998 872524
462911875 479499422
206070436 775327142
137915583 169832378
819243990 973793279
401697869 476304036
998 119330
9998 830021
8 813905
271646743 742833849
273965159 705172831
981922009 995117986
473312721 712922702
624113795 769305023
336546753 734334429
99999995 100217604
176111072 939196985
99998 161411
99998 425283
474530116 902632241
177847146 655717294
512050765 720382886
202286939 587234443
89 885159
637133471 725834941
325972987 342999005
869722214 953991503
99998 742382
458636553 487666306
439062640 814999922
875183851 960399482
89 376473
98 407679
790325319 864463947
905755207 967138284
576310465 756701220
281234031 389739306
814409600 950250608
8 997956
209475498 350360567
98 783534
8 40226
490620315 929412924
8 440916
314330020 473384720
8 200440
265144701 764066185
144778187 176941389
984854840 989504300
326283929 759524303
616672287 948060471
76820468 429360020
99998 961375
506136795 609584543
988019307 988640057
98 672054
175622736 198251050
99998 181654
21885393 553784517
106198466 732637807
613830157 856349104
95626273 143707940
89926297 938413960
517997145 699749714
98 351960
998 27511
792331969 928158678
405041373 547509887
998 863244
14889944 837635299
99999995 100171105
9998 714498
26380457 856591574
216784261 907110718
9998 52029
270824997 389658429
446892896 997505447
99999995 100186284
314624794 827116548
658900493 764621285
702097062 765353922
998 729817
8 289390
794428847 882652209
844797962 866167062
586580374 650350070
98 547628
89 171453
831179002 833165871
224662356 951219279
35552676 476489446
258842366 799291588
947946721 986946145
998 830321
983470655 988559325
8 73782
89 122431
690437883 728435167
98 140076
728891903 789281938
516607053 760036862
99998 820850
593413486 602284391
946593103 982825979
29388922 789544281
882072611 898007902
99999995 100011739
272362973 449393467
975829044 996325994
8 777872
995400881 997663977
998279299 999261402
602604504 640544164
146307843 564301952
98 683455
348409650 541885907
215664211 417916066
88682157 414714722
698130634 717659199
346943078 743614466
923616322 999943480
89 231444
99998 965705
998 420046
89 901827
827690391 879330682
9998 282481
116911784 264724503
98 521123
998 437168
727827892 741034561
100351082 870614206
8 256133
998 888817
800038209 823619799
866344466 899052057
349400981 751964465
220710117 663927160
89 269108
415200492 794643279
260645067 670738045
47212837 848811896
99999995 100098145
99998 142652
772055797 947405224
520031824 632694409
353830027 371744457
366358239 886855350
8 643311
283628386 646540143
611263186 902579088
810225629 993731644
98 193800
89 996192
366976728 458682787
9998 878647
896091817 920368530
324047190 649292717
98 366211
740930649 797958292
9998 177718
89 52754
99999995 100666005
747001602 815776419
256027269 977612498
427830517 828116420
89 130341
9998 236613
9998 922380
777081740 866445469
8 134427
727863867 834217372
9998 231846
723215040 820839063
749031274 962968568
89 325133
695237089 748267802
815009577 851192536
499450447 548064867
919532557 927941871
148499875 474918332
960495688 992503688
157281130 281132289
733434961 878462347
534109630 695857891
599444756 657714308
183111592 480850539
152796786 889570517
8 16723
99998 1008267
998 899899
921195275 982000534
447999722 595213745
852134271 942530337
278598950 633532317
99999995 100687749
89 843778
99998 1039465
362537146 860799375
8 937485
98 714380
145605490 260996808
915180761 968054546
641887230 830592515
127703675 428758183
294901701 317581550
471117750 673422380
502499294 525684638
921464071 934829475
402043992 905531521
356848579 405680393
856789897 936389189
8 495384
231099862 274600506
730134267 989054258
728043398 733602644
350024429 817503579
297098191 394205741
156325643 383173339
89 542515
382740636 659771411
586101628 616451013
388533702 914117296
98 289069
8 726994
89 908385
521276117 625234165
682322048 797744118
179590617 676586079
98 728346
98 130807
677364193 727202899
854509315 857651058
89 171706
997241768 999239376
99999995 100043958
611744956 669113019
89 717855
398945804 860316590
282267512 585146031
8 509173
388250999 420801418
464888366 949163415
798579397 808526077
774825706 958937532
99999995 100218704
250860530 919886338
127185214 807349611
284079002 326875321
44868780 974915487
518420072 519874984
34514418 954975825
99999995 100642928
480302024 742409075
89 560470
312966613 764947038
98 397957
724650146 937909498
918081174 996387777
132042754 878822932
929097004 986611746
9998 389511
998 531880
59003293 681170984
685065438 871389248
205753923 679480478
99998 203674
9998 28754
99999995 100306561
451284286 759013957
347464020 696144128
722135636 762010091
378519578 721543909
62612398 803111709
218615149 396631766
8 32785
170787155 497002073
573615860 618105839
589902076 919877091
230528002 766629544
493484624 504149746
597635983 605997402
998 31650
221914462 494856722
89 466408
111603780 771194688
587096967 667007981
9998 262051
98 711797
293458056 315452694
572649006 986496838
9998 779548
588374666 656252818
99999995 100204657
608947011 956277908
519452013 524465004
745199379 916558127
99998 385741
295033226 427564062
798437417 855800683
89 419465
99998 686947
998 129808
881170548 931227355
305100145 705154977
89 422318
632917720 827371630
98 87029
591052433 667968638
9998 526081
8 456269
765023173 924113738
238727602 549376427
349483767 843051026
9998 497369
998 768868
998 449034
98 462874
998 763703
99998 751672
411981597 957716827
513821958 729491668
108300563 635468656
98 678323
893162075 925478235
10152821 65105231
356442109 900905393
265289629 724395935
939217285 958000437
9998 166603
850776202 996523451
830243885 916991571
89 325552
98 599498
506411312 938649565
702947669 783492082
725467382 970885694
657458249 790444403
402279979 799773668
99999995 100195552
320853427 618545970
8 296353
99998 1019995
528239664 815425326
573445868 730850652
451735418 825099962
99999995 100354440
98 15807
963857493 987150832
98 985687
396802717 468410329
335329447 927647909
339594726 879575240
323688283 724907515
286011977 700734389
100733784 819452324
174693206 237192831
673102677 804375331
106379957 315047599
452187494 778288025
286760420 641881106
396218841 958561314
574413116 644164659
301265721 489468008
89 489703
998 721201
780359535 846132104
252462164 893517087
587910484 710975292
9998 353545
99998 1096221
582111310 969114055
593806044 780122247
536062559 990041867
882054141 917086673
571905491 773605239
998 357903
427227771 911069660
99999995 100561895
9998 579734
968339393 997956634
9998 458237
8 12140
120685311 219609445
8 583610
390295924 497182216
591948710 594102927
546522537 640456293
9998 378044
145407193 568471649
868478095 940781677
801418088 914101392
439487426 653654908
89 67633
97895111 441878230
500413631 849222065
302764749 774366985
309743146 399242314
9998 27401
991374537 992942941
417948930 575086327
9998 785149
642257985 645555187
909237635 932317133
398969183 501552275
784183084 933767112
471017709 651220269
9998 899980
435270440 669404004
998 510626
195741640 315701093
448337533 556725477
9998 844095
15827910 641328508
490020344 602711329
97169876 305163028
807343685 943803790
656463820 891825680
998 175774
293424941 573726285
683507682 684236487
966170115 972538326
320564257 394795524
9998 863244
99999995 100708119
99999995 100078099
99998 755908
468257431 863090867
98 401082
664607484 762192634
92647587 288092173
944253066 962067151
479526108 663438186
8 273792
590189627 952410094
99999995 100170524
8 550418
89 287105
95378280 198468962
571894105 781164924
257272792 293738677
966006631 999427865
103522085 706630433
494634854 771840940
468948754 701979664
905566305 921539702
339786237 929184267
59708496 850668159
98 641122
221908584 468929964
8 755196
998 695579
89 866161
9998 978302
847567659 869910059
277373882 923744816
791639253 961538359
123969962 816414928
998 450690
240302962 658831297
76193879 264035218
98 110234
95011502 409531752
9998 510861
98 232714
973233022 978892426
917031014 976393138
932794238 984146038
99998 263148
98 592848
896847766 998672704
559460273 905277691
9998 800590
8 327933
98 54156
793391121 885814959
722472799 903650417
102351554 846316905
98 439999
900589260 961463624
500068124 609940246
21460279 790557583
98 571017
252337500 918897497
136411895 293546093
631579549 723289232
69967761 332045991
98 509943
965803295 978641441
983541423 996572705
174789101 635424008
98 714511
99999995 100609715
128219637 980862181
341223756 673319667
99999995 100037975
89 516354
98 255733
168301417 964724553
98 233252
147508981 581423193
879186326 898798419
99999995 100551462
714481806 717982547
642251697 981637637
98 441129
99999995 100977882
8 421700
99998 344045
465831271 710604883
244475308 369111405
998 520428
998 634096
99998 768421
8 268925
207809659 293588899
31541672 938475534
674724033 763372640
390033478 869842981
444812598 521757684
99999995 100652891
318859372 803291277
99998 822229
726207613 820528061
89 937661
353782657 654103003
98 286321
98 275464
554123653 828912599
749613646 774645087
745109442 926698515
811261401 838097476
718253838 938607899
733372795 893199362
97606405 145684292
711155024 895307329
865531489 955116240
516760642 733681841
99998 101157
584545352 803862844
1699219 386151372
771516557 878400050
619840630 982039215
145655571 326435545
827246387 945559681
169174914 425753181
149669222 387605130
89 633186
13100172 733476774
8 609096
822324749 848967116
309686399 808429460
701499257 861090919
998 96851
146775037 152516854
8 904724
8 382950
9998 87471
99998 876323
881042426 882327945
9998 561428
99999995 100070636
105686463 992903756
579415841 774962795
296825381 430996794
8 282849
827736814 847457496
89 549581
503836114 554882330
813760103 924433102
64274532 65372747
89 780711
928948428 986068065
328246821 562072982
865912043 944604923
8 407231
394171653 673567230
147812533 680376927
568169843 794393892
955049732 970813048
9998 333011
844662979 977124935
98 394573
89 249163
696674619 777536378
89509153 145895843
8 892156
835906122 893777683
388759676 960240272
98 901534
981790125 985802782
808039943 874911545
615819841 967768815
340088774 729307588
89 411772
179311451 529033214
281031094 296484541
384561992 608018537
8 545550
99999995 100633945
99999995 100063961
995857483 998812134
89 436763
82488536 675168997
293328301 926913455
445752716 766179795
491661113 531927683
929032564 988581936
469671379 674439938
797495940 925676815
8 810164
99998 274133
815346561 981290319
642115332 719656420
346714592 443958047
917831152 956531987
322951931 500646520
98 263751
98 128755
755580217 851591151
514774465 972644166
9998 30009
9998 92703
72464048 572461413
89 447586
154696575 250403793
175487701 388449486
89 185934
99999995 100584639
839452234 912664552
99999995 100324577
770555377 928499050
998 633811
766005971 809741899
476476149 703704455
8 812813
115831902 992848837
998 997332
890527925 951377311
922444367 976568539
101330081 163659391
113929253 338481685
998 375285
99998 538995
914503967 968049546
677523690 790031100
836060064 950781747
379060726 818968303
155875142 925121452
308327484 650579815
555395725 770148105
99998 196609
993557527 993585844
368907569 512201393
8 814512
211521036 545662792
193472424 964123621
8 479289
660442871 752621950
193524719 420209853
327630666 789831369
678141479 811605583
89 243967
230443631 891610146
264340188 850270663
99999995 100070759
998 671085
792268113 900515446
99999995 100686485
89 547958
708567312 972573206
99998 679540
998 800279
148013926 766171961
753888394 809732855
744883231 835806309
998 206366
412610065 777106297
454447135 505654951
9998 586627
8 340358
998 645813
150399512 987766363
696222439 831060516
280240732 728632398
625086555 933196233
793455414 947315994
8 416676
498611614 832062668
98 738387
765073783 951499157
801890461 964935970
99999995 100479096
24528469 371043198
99998 740637
89 749700
80542515 943687530
245575761 998206148
98 665270
9998 861186
139629158 383221075
936740236 952494835
8 928923
634943458 785078883
74284071 694960903
99999995 100297339
157171485 773265485
277898135 383336308
885747388 925524681
505733501 705493676
930582116 999480806
8 137568
131122239 206618344
842725500 847075751
98 303639
99999995 100670808
435781060 460879238
89 6321
998 971723
98 393566
157352221 390107174
8 481017
735372439 842814111
478756225 980393769
89 828793
66765669 782719035
327032752 961166884
362374496 417000443
98 896346
712758837 912475324
493095382 599481071
542379756 652735999
8 545475
998 732193
9998 172095
8 148547
998 441766
8 254237
505076897 844896901
388841415 532654467
10356262 309586453
622009982 905921550
13692113 629526175
99998 682407
346827299 977037260
859095357 961205895
356489608 436640647
99998 965278
998 391658
89 499762
347256984 553022142
386356831 768588022
154558030 210423110
632206280 913911026
71158986 228559167
9998 541997
244517886 860250242
129980929 166626213
850411270 990335788
760758895 984176442
124952358 964794126
99999995 100953733
579719972 754401347
266716678 683597816
128133326 677351162
313287220 446793040
70120047 397130021
805467588 901520742
285765287 694593460
98 104301
538055408 800649877
8 718659
287828169 669471497
181696917 266985316
360789720 864446560
717896055 753721462
589565996 948994180
972276734 990204366
89 229019
4809104 200086242
273127064 365231458
756868936 868025335
468834724 793743873
858872329 888675435
998 993864
98 664799
570565514 876130894
444861859 754583731
469506486 965088760
481890224 520285141
998 982277
497291331 651988562
106919207 656822866
9998 290750
262538813 522008028
9998 47365
15504891 661489635
216995974 974150043
389064239 743964333
142555943 978778447
998 932899
19690723 265582536
948293956 971308540
9998 174177
224048522 866069995
89 697987
303697844 697698166
425584091 651869423
537530232 707185282
98 275372
687363778 868418178
373577008 519987235
224742582 985198506
81778194 868310800
49709413 323234362
800778796 972600807
161537242 926786582
637920966 914530770
909696070 984390442
903683260 937093361
8 531915
701596695 922326495
980452993 996290249
298124025 864392410
300942180 771933941
998 845974
329150105 945179433
452130461 697277447
98 947531
459217959 467716315
998 275674
496439060 706331336
8 753053
99999995 100076523
165490769 169195666
908345743 915605288
89 219005
773076991 906750214
846166275 894002293
99999995 100930026
875586831 901943527
720736528 984097286
998 91675
972425399 974518830
888507689 917530392
192659561 394577083
89 955216
149660703 632037328
837094168 889032656
98 914744
763895772 889126108
8 789046
89 399407
609357556 687524367
749048173 812267633
544698278 726774324
998 97666
720532042 911527505
731731397 988146767
738895176 812098624
704054576 950909588
836472518 936174297
144083845 907378719
9998 558131
352744562 869582895
42245501 271936625
98 171289
556460921 655458330
340507157 811532964
344061260 614077692
402871467 731725709
789861801 879883737
99998 704548
817396851 820751044
115836280 934670018
998 823369
299440587 329112407
254437470 769914005
98 157864
8 78230
99998 660969
9998 609737
89 743949
8 118656
8 787800
454076100 469598051
9998 358210
584207776 943156133
98 894965
89 99453
518376310 995212958
99999995 100645671
89 733862
546725922 600182157
567532882 815301579
758795765 819643831
99998 328698
425290495 916913554
520997701 811175959
9998 99173
8 465461
220715388 473954072
766111006 888431372
9998 303997
556414306 809892043
8 187193
627236300 968020428
167915398 628282008
159763926 507193765
98 622817
731811987 741815405
934431165 963196517
99998 566892
721415624 789133735
525338066 621211024
98 943304
330458858 463813642
397320167 970806313
98 591378
98 698922
9998 897356
8 876370
364734580 585766486
52405553 145898394
872156504 946119467
998 927167
638553063 700841452
565039286 732414152
342485325 630592145
808280274 976879775
940585177 963195168
994681979 998237530
31323578 938610601
9998 476372
790433374 984369468
998 334992
8 799963
89 870707
99998 1091719
157330736 586396992
99998 698246
743138373 930918154
99999995 100468518
464557479 957994498
706811172 726148716
8 644084
938666109 985079200
621428015 968621309
9998 396398
327503836 816134016
99999995 100901416
495319009 803451572
84256561 904518889
487979297 643596262
595261693 633169597
98 292280
796207179 896257865
131315296 546210363
197329005 453695748
854207094 991168291
539264041 784706512
902398596 904626415
500043708 802294205
89 85982
99999995 100312594
210368086 675277084
161472503 889627347
332559767 486536083
376026948 854187506
98 695818
998 830052
998 967118
588915752 608619813
389121677 689667836
529769363 551040433
126732448 509623336
139317385 745107939
217792759 481315328
98 332536
506576721 945527426
8 948305
222182900 911963523
253786763 738034881
833617431 881574076
757676337 976054772
50089154 331077400
8 820325
47446249 479020829
349457976 828640549
900489210 957359540
207898968 393492593
381097589 431876538
964898107 984358033
911990920 983109866
8 56951
545375529 767363184
662761403 722183519
9998 452040
402913935 636479571
222663258 666300998
290988651 915988391
837878708 913331663
250981386 448962686
108236134 156645311
604472241 810463474
484868048 490573920
9998 889507
547489178 644030358
99998 201921
98 676627
370102669 519395741
752674851 985906910
89 575007
523492116 877876418
52556022 570814594
8 896878
388332885 441858629
947443533 978748130
548384429 998746125
989559334 998483052
98 359648
98 98096
632706330 972717936
308267036 921399670
267968085 936710096
849555006 983958940
8 710485
346998147 631648465
998 500792
858581076 921969711
327830718 800398007
89 904006
80150407 417811340
99998 721694
99998 487498
8 106002
354447093 508136988
447097890 922835958
89 903385
655856727 716511326
408321785 512259424
872331780 985669994
270043377 486350240
688776137 774884987
911532440 954341900
413351672 540055614
38544363 352559510
99999995 100286872
8 290727
98 485836
490246279 638931027
9998 537245
248398957 735179515
9998 972884
969959921 971022670
262624264 545040616
99999995 100587772
334068392 538014995
200627527 662788910
116984476 906604114
95566193 437476119
851714666 885960003
959235415 977005605
98 394099
8 466410
995319354 998660385
358286908 609899439
8 113154
998 934998
513764999 909427170
238099393 866768737
9998 794690
998 350230
486015139 585945256
288682459 394355628
99999995 100687980
157530694 452675290
99998 174550
214724378 721524403
200412070 883034935
998 165138
377740602 442117926
78574287 143224796
356961263 634898205
98 50975
555670948 701525417
72590486 940723178
545104507 631149575
418695027 646136343
98 570719
8 864079
649296259 704243080
978663674 998436206
99998 1097751
387348032 932436966
842174289 892755357
98 12348
9998 322345
9998 79756
156074585 383709032
8 258196
89 405613
8 2100
998 191978
998 611806
411104167 467897502
713493513 971910729
354461156 378925628
844207153 860366611
99998 914650
723480933 814018686
652571825 997589836
89 365645
998 674979
98 673127
228511610 229568431
407739882 479684882
443446996 536127671
8 210898
810987594 866944047
403661543 816037757
99998 863008
8 900903
99999995 100029745
705352316 903174180
584732155 701574164
106971671 962857307
306786362 924654986
98 159351
221844162 615367059
869096993 960958333
615724306 672179704
98 428433
370830338 711696350
110612013 372903360
998 146554
45364115 264894321
646751357 814758843
9998 344940
222084812 980544012
899188432 928911851
99999995 100667396
89 19062
889084529 929514670
689513175 698336608
826839685 965409994
9998 797422
379453932 961652119
8 601233
8 406883
98 800180
89 997932
359274299 375231860
843632472 938827115
998 980088
998 712187
12612498 685703030
38672774 919695395
99998 164884
718284214 823873076
565947921 842904924
97457525 732226854
99999995 100505005
8 749002
555171116 869971739
9998 28891
79831433 538991617
207937182 211365367
9998 31912
225965078 716378734
436244967 818159428
674798869 817603857
998 773872
9998 215082
419467905 741572265
656706790 751102778
99998 458241
9998 341101
407202580 855713938
825096457 833385355
257076524 878765804
99998 267080
325809411 738331539
8 649517
98 78916
206066274 625522134
626236490 664443564
785391991 918952567
479532338 532108805
422762373 613642401
169721645 672230421
9998 232025
9998 544965
222639454 447448373
99999995 100447631
887025970 967045725
998 473032
98 183617
954197807 964308930
129687878 675666064
98 129135
89 974804
654830199 800726001
299767593 414814929
99998 881935
81699066 718467859
313996435 350890016
99998 534346
205526155 835091716
586642862 982504121
456459708 912256427
89 30671
89 705285
98189153 183690218
99999995 100980274
99999995 100824107
957047853 995966164
664354498 703832582
99998 1074985
397691623 988333526
338027670 443818171
30725248 138441808
360259048 930087934
889161745 994199466
998 335501
498581584 994246407
179460485 257401470
218066078 804588339
9998 158575
998 95444
880605814 987603950
568264951 984075348
99998 1039925
8 425830
905319259 918127588
89 790072
292825376 726513516
140468381 578556037
443772337 449803245
915232905 991588851
569903192 612632826
333757330 472109930
130773501 213291801
999369743 999580048
598551521 724983657
99999995 100433821
796124056 962590364
709248299 921468455
840468367 985434865
304729775 523093505
866057396 897776996
148156765 477495657
304592161 767550663
140731110 612564063
260783807 574355764
219387446 810853221
998 490887
99998 828322
848690616 988828662
261050841 345589277
98 964167
89 87952
405025961 626595300
8 887356
99999995 100401722
8 45345
533300913 778199659
695736221 925175375
386708540 631466624
258924088 385418308
99999995 100953356
811405281 973073083
8 529731
181702704 639299901
998 759806
998 723516
445838896 477630223
455259112 867633233
99998 962641
998 13452
48105243 821050745
179057236 903670885
546004437 829811100
44416035 668848468
506839539 682003180
8 305794
13283139 110481403
532371593 781906013
571527317 722835701
807552479 870156774
854234068 886626003
8 220100
533377023 623624018
758061405 960948215
98 647077
99998 1091558
998 841586
228903317 941803399
9998 602710
9998 261494
9998 932878
930989693 937390062
27368628 291545764
98 847568
337348937 972918603
477299828 734093398
969181933 985603819
895471765 915977296
551169429 593260233
9998 127363
367021361 611879824
227784707 796543800
191172557 915339944
998 209930
177156412 507889214
887122204 994170360
89 658655
99999995 100599253
70978283 322998730
515010349 943873243
191987326 439271178
394357198 784205912
80035126 195524001
166546273 957309123
471707237 594120096
9998 148832
403838189 868219404
187034840 731747667
998 8956
8 288583
380577240 490247751
747360479 900283151
8 98823
98 680998
985847922 986179379
338420865 609846610
998 37425
98 816122
967945998 995202120
8 365114
903707474 917571458
99998 1036199
99999995 100797093
960994386 965257096
272465332 981364933
698314242 762462406
99999995 100091272
448748944 851392134
9998 380122
891038329 985494519
331231994 955400962
354063317 369955116
99999995 100267329
99999995 100537369
256506039 319813576
998 420261
98 110917
777020869 809002124
89 716355
89 496557
925191910 927919921
858311190 925221992
751428646 893686268
484757396 922368448
99999995 100563928
392959050 835801459
41067237 571966202
99998 117392
900327328 913418190
8 727380
275597052 390112783
345909618 845431914
666542400 682171678
328584656 387195945
534776845 931970769
481117748 969470502
8 917263
186767661 290490081
78431392 211414194
98 850923
801377571 872898632
8 341037
530567092 876991686
519226179 841305440
836102410 925666462
502302527 760276408
89 715181
198873059 869333935
962221345 993649861
8 518228
180992381 725323294
611787502 946631806
964518220 990436136
413907941 574364910
982909746 986922127
9998 429234
363937411 394668171
8 860925
761384061 763908109
807376897 962216335
687468513 712923126
8 482246
103078690 533977178
550468082 872710318
508432348 670128942
99999995 100033936
841108905 989061270
623641839 640678601
463374781 679462459
353001433 470166947
99999995 100223280
534252494 811475863
99999995 100915026
99998 610868
798456495 821917681
334983931 654544925
547108727 967415420
99998 108534
57411078 234578882
844297911 960929888
723343489 826622503
998 230434
225759277 891694686
99999995 100790674
89 383004
98 393846
651423489 789914595
9998 501824
975925282 998461118
500562351 841692950
13392179 669959401
360582617 982411298
892252575 916997362
264405857 760047148
661493618 778385524
287856766 981401112
263349906 934957193
412439195 631688620
21011910 92743364
98 823919
179898983 407397952
125956240 360812775
487106618 965054907
8 751260
89 703931
98 723916
611473485 846934066
639665262 648188418
98 982229
363027239 622056265
91353107 527421837
701807556 987189928
998 240175
332096421 475883638
9998 491003
99999995 100715827
99998 552571
377892427 431393318
593303310 830669795
191708254 614691354
9998 729583
89 544856
9998 383363
776660319 942791487
168915372 418887595
660553853 879890207
370893347 935802133
8 455011
60064964 813267681
502847390 746804242
434837880 671252681
252356124 632743347
98 201908
723619623 753393513
98 428527
94398719 152942314
98 117642
99999995 100019333
499613748 699443308
427198894 754983858
8 529467
9998 215074
726655051 728200935
500647053 693685632
728262989 932232374
980926913 991858589
89 587691
99998 679587
519506371 745314214
89 342111
707804415 833228739
998 443958
936190053 998827036
99999995 100306716
872399398 997931390
720034599 720351885
745375239 794724673
187987154 537705070
998 44381
96250489 964218207
616437879 827247440
37706041 495320603
709969729 936340870
825448802 830625326
15131961 840773350
99998 468689
215979056 296505750
99998 120163
743580076 963486717
956503692 968874093
998 335086
998 82329
480734190 603223356
629913732 718350209
220218530 744362711
784719772 795437400
607076272 617097490
749098836 994948470
444224321 444650365
998 931334
99998 334327
294301632 745294900
98 710114
802426599 905537482
312914129 760597871
98 667369
719253894 721487396
789225694 911213444
25035447 465752127
956752669 991828924
8 141851
98 54956
9998 716639
9998 674332
98 954752
358177758 635927163
542557468 840805992
878280439 947001342
376286736 500998041
662512466 672441994
912114167 913859366
99998 708369
8 158712
447680661 795210676
98 847554
971524559 989691068
731792700 932828736
9998 13340
718440313 840193733
540674963 628568180
547202409 653989290
455394939 506078550
791745227 924608173
99999995 100737127
425703527 676463216
9998 611688
99998 359022
167296042 873958720
798842529 808391159
460391323 928433813
996504241 997974135
17051515 179221172
99999995 100448255
98 945630
89 903178
335476951 701049940
8 47974
998 505892
6614661 206824320
562740432 857209320
8 257696
8 829809
98 755950
98 959336
428949038 433761729
8 648686
441432260 567641409
98 243411
465414874 763682936
870533927 965309900
250793887 901430175
9998 688283
648814810 984855437
76601283 872592907
98 833447
98 738797
392992667 897626101
407386664 857056341
998 37605
99999995 100796288
99999995 100512313
12821494 491191527
449753436 946170115
234501456 658383819
822148904 910202405
998 354246
99012602 443027004
840686967 879787222
201076140 746581580
516524028 976715741
285772713 771492205
862822697 948559424
947722680 973968271
99998 691670
160540636 343428056
807345968 847689872
153463210 659106224
998 895385
604732394 886499122
419370364 483005758
996689724 999535552
99998 450797
569688650 779337621
164839515 475395662
89 581897
597880930 660795450
99999995 100443939
481019280 813892640
265400005 931207681
998 441001
504042522 512293273
98 112628
32220163 179454347
531354502 580812909
986751264 992623965
998 395308
998 723227
720139936 914484919
8205548 414382583
8 942161
199824717 228546209
98 131257
893402067 979812703
912879525 934355014
287259163 362098056
99998 112758
973578156 984221711
99999995 100152670
835928062 889115805
700375787 778023851
629171523 656509432
394253585 634633099
39850850 495555286
414384856 743703410
8 919902
218296849 238306037
780738824 879198686
998 857961
560465332 762442270
991724810 992062046
37162491 298444640
8 682531
600149142 799977481
405110418 556228129
8 716353
89 341243
805350913 833043397
807155614 823939732
90654994 285934732
844927340 904918613
41371530 628607506
84128086 944110660
215963374 659016771
446497819 628910408
89 704231
950349261 962213079
998 398960
606953985 823711949
99999995 100094407
888409366 909963407
994461193 996654436
99998 1058737
9998 225786
393632493 652545027
770477427 808280100
971923058 972665311
94769672 805533650
60548510 88790184
687594228 791928322
99999995 100080114
387075630 499033757
9998 479871
145280258 375798567
99999995 100259513
998 327940
9998 486374
588041631 732954212
38441665 215508915
9998 794717
566476798 573994202
348333097 806156994
812355981 870294002
480124588 979376032
825414416 851920731
635234377 966291013
833248959 956277257
175720549 524065032
929071674 979718833
328358798 902763819
969579453 978033635
998 422781
657190066 894401416
803376526 932153971
99998 1034088
98 358148
398175542 981341243
2767653 228066867
458228277 703227036
278761269 859338091
992366783 995105185
9998 207790
168031352 674786413
99998 165077
767888139 796412769
56697909 633076067
89 318720
646765526 730897398
630591038 803691674
791780451 808990203
278885151 984030483
287337759 966146135
203957423 306368647
535223406 805055822
896591842 899629605
38132861 521163737
9998 157345
573868010 614935316
22988469 879415105
99998 578959
25317869 740860460
935412496 967986522
479458527 797698740
99999995 100006131
98 347486
98 807938
36994778 712215552
99998 745706
8 862818
998 516455
781630013 939863432
8 918603
8 135372
98 547493
647033437 985961113
99998 802767
9998 40137
85737567 767147725
300145383 337185049
99998 221659
98 188746
8 134932
238283215 921636564
953275304 967775830
957892675 968535846
198318408 590316276
8 124240
417846740 945611884
772525046 843564799
99998 356203
681507311 879372649
99999995 100861876
864593280 958887608
476847948 913015830
623933385 916314708
313965940 822050044
198461226 840168718
99999995 100392035
89 540615
312717816 722837415
9998 286040
29468601 772022884
48707812 290664031
879685267 890656459
99998 555114
399048127 779780117
795270279 820841104
914475470 980082221
387753791 510307892
493070478 590992653
8 390311
121054022 548469390
770958401 821340809
876833664 982811650
962119672 976036663
289090259 505919250
99999995 100873833
550460472 944774971
30186598 149205526
705595111 972425223
805463970 931797995
9998 410955
185875870 211504606
99999995 100427398
114785187 578097630
751327379 895765777
998 529307
8 646952
296485671 765558405
8 753897
333058053 696551284
672518681 985500797
246093298 508848278
896465149 901304244
490636745 593820983
99998 1016733
99999995 100322611
98 205740
89 621654
995732003 999548073
531916315 784335159
91690691 389725886
230611823 689732781
243715393 604592979
568410403 709333668
668365146 679966374
998 943507
75343615 827272486
622542208 965760631
9998 569032
187807244 288245299
89 298713
331163717 922845697
788100096 821120050
98 716808
89 5000
99998 156844
508869616 736755736
99999995 100085089
643205516 861028482
89 673491
814729534 855004039
773456564 804725339
908713662 931303596
353208731 798808493
89 523635
153081976 818611824
384596197 398332510
757172281 824491682
335921893 659325861
72102187 591512111
99999995 100885123
962390242 994027216
98 482608
120931469 718994625
8 419709
99998 477081
511898201 671717168
98 951053
608190825 643395627
3912277 560941889
110088579 230128742
998 440257
342736376 420018646
685365271 902376148
666610775 711662998
660753723 918564795
98 975163
941893750 964710653
649529981 795344220
285492661 550518999
321844547 563758668
121521271 466940027
582115426 765728172
363236261 686841856
599772192 904724186
114721007 204462318
126703845 688334028
8 445157
769094834 966270803
8 759071
739770506 987448644
166162048 515194042
875860688 982261212
77789065 664497403
900357065 921917869
596249748 601450361
562124685 919813884
99998 1066113
998 513160
813255997 883431635
99999995 100220303
9998 893164
703239226 894220012
510806858 511295474
403795674 591948864
99998 280831
9998 485361
699009913 862325322
497406482 636484578
965566378 978475902
403872889 698020520
9998 746617
841320826 929010460
678783157 847956254
330466342 999099296
8 844139
89 163649
89 117428
444549028 568826753
98 53437
730404086 817747807
89 881253
998 989477
297667188 596609354
998 589556
328806612 579173823
99998 297804
998 483466
99998 215844
818476070 992715501
698818819 769779047
526989649 529914457
298268948 881125465
443083504 694856025
998 392340
843854570 964420807
9998 967064
8 133580
538011628 553461382
746015307 960177628
881012015 890531720
572753711 616132606
8 665682
998 281172
112859734 410475008
601635122 989997856
99998 588866
679019809 797849931
861997660 895525332
357496427 406890700
348202996 484018734
979546909 992259092
918587843 965198004
8 403036
511943777 856109160
99999995 100284076
933459819 997754932
9998 385482
8 864480
998 849873
122705600 633613802
535797263 709825899
98 999752
359690128 814486633
954478671 962127663
769703434 824998232
311521769 321253182
9998 372204
413255852 461448707
9998 637600
859417335 982396276
525449323 896346637
464565778 586390509
988917804 991459157
991761558 997032013
269491018 533947921
8 823198
118823853 353374144
98 645106
527244934 956930024
295675767 664545933
98 751531
978470187 989278380
599447352 611040343
146276083 293226169
8 400219
559212993 991795711
9998 80205
99998 427512
188757767 736784645
852540560 860211212
566715652 771853121
925246253 995131570
286981696 571568797
195342251 561119331
882511202 971008212
725606778 832471228
8 810103
982713244 997590963
99999995 100086932
755248162 914347301
193192712 799421116
746268296 945440907
661714539 834404577
998 593683
106180943 453707850
7281974 379292165
8 351167
17956786 499123075
622354060 961295877
771198639 916455907
739573402 977579852
140288046 759035222
89 434016
994492517 996649959
99998 843449
9998 805552
849065117 975672840
89 784105
449536252 595106342
698199030 725031632
99999995 100890682
95852826 813728897
668828442 708430921
9998 35369
999671241 999724301
417367097 458422514
583387574 969928419
99999995 100409812
89 816518
99999995 100782686
675287799 883589202
688235581 867318050
271677661 630599012
267999936 476956279
391901100 714724531
872807983 893121650
99998 315782
234407641 743065123
992009392 995115091
998 748392
99998 173395
422120496 966626672
98 310162
733830438 870990338
185441650 623822742
38650890 106599238
448282541 550342152
8 674470
373888247 555770925
89 681306
11482299 772547620
998 471064
796308598 972894664
375489697 928301047
9998 142323
632886770 840794917
132767205 627570267
234883493 799980150
284325488 305986789
9998 840024
388287408 643190436
98 424231
5631195 625658224
99999995 100878849
970893831 979062443
888890619 926995232
273284423 489914678
381881546 688273769
339962274 776054824
872164936 987227225
959097631 970650334
60412771 596496817
497394576 792531188
91052466 178095167
179265962 199880881
12633666 794959335
843376018 962412995
409344064 521144443
615507241 635391565
99998 232481
558406471 935850239
278613010 365904201
501426150 667602359
98 16990
301241756 904450870
9998 998492
641104106 794145176
982263546 988355432
328585397 608092150
1937501 267832913
9998 116374
99999995 100365842
8 155382
261625411 567413741
99999995 100144950
120699916 274609896
734426594 905156237
965313567 985806538
450041597 946316898
190043857 419955511
74977529 948950108
54608321 866536267
647348279 948876477
736561331 993160905
89 30376
8660022 562797936
998 53067
9998 747566
90573739 601565199
98 290281
99999995 100663518
826647076 881007637
9998 628465
741752075 908251040
490490650 636944092
9998 624772
176422512 823543224
562471471 797558969
454010378 669414363
536073737 920380246
712291235 792737957
477390267 770483701
39318910 410327829
98 470114
282259410 998875179
98 625920
998 82946
98 21815
361582611 632954482
438171037 613766847
998 851552
99999995 100986978
538379086 589928980
8 362471
990946520 997485955
456580846 544904497
865062132 933555535
781516913 856107607
9998 460020
9998 631451
982259707 996183636
99998 597164
338285076 416527543
99998 555586
816710598 825582498
89 650123
588935636 607998390
999786733 999819509
409010023 452434930
408752765 633339930
355605665 549143883
456403284 953756221
131934260 383278449
636833766 881068294
99998 352560
450118881 876677310
99998 225666
89 445711
996057085 998441173
998 612639
99039587 376619938
99999995 100062862
134982371 602689734
215531813 966175818
551979587 612256014
466777730 471922975
454754810 573322871
999469858 999835704
682957500 749429442
99999995 100592314
245959115 353654026
99999995 100049103
561770210 573168330
522505639 612048615
363850044 445235692
139770637 647359354
98 398552
99999995 100609682
9998 175085
189376312 953617104
761822862 912562661
280269244 316242140
656403967 939168284
99998 153859
998 176770
98 246393
998 387804
601065258 821435612
33740302 230121477
927694634 965226027
89 411937
9998 274599
788226783 802980512
998 734506
170086064 952210735
178031572 830012880
9998 910994
509160220 658356208
98 897985
354622339 473980972
185248037 907933727
279516210 542126665
99998 755602
130172337 270914069
888975514 959603570
422942229 793065968
549009317 622561027
99999995 100369962
992825297 996068714
347654881 445974145
98 14203
8 90194
740066886 777889922
724024962 846721738
8 585982
998 285221
382211773 712983603
959112827 976294894
664073154 971934876
735086979 867975016
235560643 278273839
89 547147
89 309833
99998 426263
245080976 604263846
305749609 900608246
350398396 375195664
99998 506004
9998 411867
9998 245096
8 686347
98 756200
89 288105
333613417 784529836
633925306 792629976
98 586269
203647351 561394340
31839486 549740611
99998 1079371
89 724763
89 836259
931096860 957454819
9998 28075
145768686 562260878
89 530446
9998 275173
998706258 998930118
89 575696
425280604 911843980
305510704 619958146
776944097 784488006
882730188 923200535
356544184 793351411
99998 874499
246991590 712081039
649883784 947343874
970308125 994980588
963118316 978641104
9998 28894
89 104571
629481578 803719356
265019676 555382765
810297447 950067700
925912957 956426655
99998 657654
199050066 713870637
296453629 537393100
451511945 749679629
461169229 588301706
787659507 862874153
407281857 946567424
260619220 341109597
98 218404
998 224745
619508458 929653467
690884297 899413606
938623172 943884297
99998 1002160
99999995 100403106
801277015 882900904
339883762 595913615
336890560 804222063
89 410248
51496386 873244125
829921546 834775545
98 688373
89 454156
162124573 491372179
244660321 489973571
998 841840
252059794 602399010
99999995 100299175
913446235 970144388
788561071 844586921
346428056 808612811
98 153697
984754330 995611440
373320521 625031882
157142378 766208371
9998 280598
898735128 947481807
8 616222
98 507168
297113996 956866326
99998 921947
990333225 993584210
358874257 617114724
511954983 949690053
99998 769641
633243936 936295417
740286231 851447221
928096087 932191874
89 393842
99999995 100803495
646968677 858309244
315789598 631858365
284076580 453866125
89 476183
98 515406
9998 349444
380386326 427873982
98 856270
959355984 979182159
898888196 995561615
98 601058
480556161 496001081
961225663 971632169
43887496 685579109
298497941 755939753
99999995 100138304
998 292462
774791340 933440406
146612486 952641230
231800445 860443394
507041963 679014136
210161648 354744183
89 422757
994589306 995329645
204391686 798385604
998 379789
486126981 717876153
848945334 907343283
511154322 745662384
353125122 366791073
71930434 981764256
673121810 794689935
676096272 986417148
999973161 999987433
881512730 918004283
841308011 892124676
239928882 266836211
655620450 903166259
266118793 404136896
9998 921385
99999995 100412127
197099974 985087321
998 634835
564728219 589936420
303891311 393306950
89 559860
98 645704
294800610 390979145
317426384 462152321
647672787 833795854
200064969 463600654
99999995 100856050
851040709 940490608
525533756 830316192
119778933 465470775
99999995 100994269
762828461 908798395
8 424341
207405356 738651621
865572560 970451796
99998 613206
501565337 654628435
89 388004
987499454 989698815
657003512 844440641
207460838 272863437
9998 160586
768637499 925429641
204858709 650183246
925007884 961884612
99998 217519
8 396711
966510084 985438513
779487273 865193859
194458917 229236140
325165608 745610864
354422036 654362408
919208230 983740581
723719485 831792231
237140676 609376821
367834074 751100300
628668184 816409328
26011997 204500590
298505668 599986071
232700306 959959898
349456858 539078759
304089659 946183247
41593559 521472497
110499804 495386485
670968289 948098846
39576169 268520832
698324657 801978043
8 136053
950313259 984611464
491756763 606839752
372171940 919980738
277223347 706621243
441811368 904592847
9998 497705
329146112 700740640
76881793 917312612
108959445 616812448
150285979 383870606
532821240 696201806
99998 169212
715606206 817615042
23049957 771667055
45642415 579834314
894719162 964451303
9998 827480
9128393 816426983
427697731 744773799
99998 942050
8 53976
675642446 761746617
908534425 919812259
98 302714
163241294 857873941
790721755 910384333
99998 542103
373958431 565159257
8 873761
89 362270
108308818 969212563
10355282 357506898
89 34756
99999995 100349515
94200549 765970553
99454561 933684113
82986284 932871113
369922238 541694611
592402386 852090599
99999995 100018170
89 198219
815264659 851969099
99998 998187
8 551772
997320059 997884180
526231386 990859286
9998 668917
838481658 966441764
99998 362622
662432716 839029570
213794477 471560406
98 729699
167066404 395383644
39268713 541131809
5581541 775460513
755002012 894398932
141301536 627547767
354529644 724574883
314596555 643721181
640598197 994913198
951275176 996477769
371879496 862297464
98 119437
619330623 864692672
8 418540
98 768995
8 365828
114081083 861003358
98 617269
8 911125
141276432 654464142
482736756 619677279
927544343 964954779
423578440 656335976
529180719 682153628
483827163 581524082
565672814 907770944
8 960661
567772216 709173702
643197706 689418367
62997530 655459501
536386518 788786136
99999995 100022727
295814455 836516336
628917035 757874447
99999995 100955286
204672862 551000314
864248729 968527231
89 790949
853962830 984236674
776426357 862404310
439924800 789145530
89 225419
9998 288732
976511594 978772406
98 625417
242246577 667935219
387302935 725902230
8 412609
517947962 815173325
315210325 543368942
589402685 596960870
639826278 901990441
979058430 984732405
300603461 834709618
722883712 824381006
434526492 969183927
99998 894321
956542051 966397586
325198994 635400555
606625288 864045370
887974723 902971004
8 482449
298815023 483786685
17823470 292929867
239242378 998816898
704111862 911447018
937269074 978121846
89 632031
966056285 992530990
481344481 491927519
156983728 592658668
9998 735465
193148601 881950258
998 623093
98 745450
62227310 111928632
98 928502
407435261 607404478
355171341 810305898
290481122 315197795
998 278330
541762950 842307779
89 919997
528864176 803117747
464558079 633225613
99998 801181
379621891 976810800
9998 31502
337181012 875230235
99998 346422
99998 947733
727812747 812477194
230853230 819329118
998 8122
9998 993482
41270899 922925248
998 92394
476388268 499477607
550185596 763291649
99998 304076
99999995 100410344
439249174 794666974
727364266 881941381
638541511 947003735
732986859 874598137
708969278 804756223
16396832 864705104
3408330 792901082
8 402709
998 422743
196434076 598198386
817123791 952364029
158169579 517902761
99998 166888
89 712211
42616258 285376574
8 926071
310885385 845529080
90818187 859636553
983777356 987391657
31725651 686518999
677011853 867634719
998 8390
621910253 943690811
89 427549
776191498 788111104
554982294 591046342
980286060 984960345
98 868828
99998 307775
8 418855
646463451 753240801
99999995 100621123
364078394 901610302
337948646 856810400
382220935 968722434
9998 764572
5262630 565931996
89 382911
97964102 621594044
759400338 902816251
998 175473
451876909 963826248
9998 287465
350281390 350349257
98 921851
89 684179
944637737 951862867
483431988 831723629
47427473 139331675
712904519 760595795
224383613 275490264
8 863157
89 383032
121403595 797996310
798577960 996498866
552655456 596850171
99999995 100365103
98 532482
99998 938750
737379882 910836117
98 318055
768021375 780771918
319679724 459496362
282588362 327649162
99998 731445
564369326 974686283
998 858963
658411512 735759475
9998 633353
534265179 650770804
99998 540892
240970355 386692348
998 183283
170314668 638156824
257896262 738123240
89 777353
8 772500
959587841 967335146
8 167753
936535902 966545452
991681733 994983333
998 60112
98 868795
488636028 882729889
9998 253708
37455121 902501666
98 353711
404813366 842296594
976415916 980374490
562079500 615161465
215321095 538342453
382153519 893244351
994945796 999924854
99999995 100295147
658058518 723198298
932922852 951283207
475573594 806396180
99999995 100740155
533500775 965829786
8 186806
99061447 878810127
583110013 938524612
815885699 908686088
914434093 961517982
442278363 833589560
656801512 916157984
527247726 894044511
99998 944856
98 68728
842827221 961564084
9998 274640
737332651 911334019
873691534 957566481
8 447020
98 383417
986346051 989577077
603597615 772473734
826672388 995011156
670202992 675634658
165003405 878293064
764909919 908707164
99998 803410
9998 699466
89 433493
998 54737
941870989 943730002
542743786 915715300
99998 857823
80583619 116468401
958458972 988533726
822583312 873410437
8 690797
98 260864
652467723 822837567
185845899 901975731
314972563 488903160
361029823 733010631
731622840 899105333
945332214 956186706
998 193785
99999995 100338948
706062188 711787114
952084073 972209797
992428176 998780523
907451754 955234552
9998 549726
305978014 401636528
24570941 915805558
689613615 949566642
998 328286
34179505 966010469
129131752 696462864
998 532937
679791960 882993495
9998 651151
9998 988033
604868249 711376453
634115985 836601172
331529666 980887387
484871324 916162636
234811268 702091298
98 495785
89 738608
998 675994
175371987 978491362
9998 764357
588155817 640715772
32636118 697435664
33595649 500536000
8 148775
271259990 515445020
337136548 698047979
566635425 711098781
245039697 514013273
98 140815
422223321 793693818
293083134 362834607
691207721 997337533
887523570 900850476
137999978 354066798
740065290 795410931
962530474 966109779
131201322 658720552
592998410 843953992
89 176750
14697511 738451845
792995931 951661890
129200131 628006065
743251965 754744849
205127395 383282599
998 269168
2890831 28600726
552450647 635302353
99999995 100986903
127987533 764786294
99998 412840
998 238833
12063400 244386692
851154627 911359509
244245967 966395658
410022134 617414487
847568445 908482411
387061754 724936778
558703575 639617029
408357479 770255015
99998 405014
359209840 403779309
758867956 836713035
99998 634843
848055612 984636404
590385684 726205282
165443117 612733365
99998 762609
99998 769379
3968083 429998564
931792452 990741761
98 751532
345429129 709619342
98 616608
168431116 389671934
419148322 737562440
601155752 639626260
99999995 100108883
99998 1016034
17855808 488198771
472266452 647880100
8 838426
334076386 679227929
98 180964
98 378376
99999995 100559029
146742493 732079767
98 341954
98 260123
329322948 869859077
778320519 869364726
998 592285
957225870 983799372
788526358 804541051
998 205628
99998 225381
849307425 939757163
637205401 917354653
851566936 911844197
834891003 993581034
515917722 559695693
552533902 618888641
31367848 657150640
930957307 984150077
99998 885340
669029104 988459927
533474609 852322934
545132482 601684587
86815106 962361920
172374840 341500718
152619798 884556031
99999995 100049895
554637078 960513975
9998 760189
872967641 937728474
99998 797436
202512469 744936407
825467650 942379089
99998 131183
510025977 899356465
623651196 691693719
99999995 100580033
124164114 132229927
98 474949
715004126 795518069
902720988 996814388
99999995 100379182
685003152 960016927
98 298514
99998 850054
51204654 129284764
932473052 991775088
998 647709
998 569959
120527021 747321142
855624954 865371261
99999995 100449716
577140370 878517768
98 412262
292122135 989261863
846034489 948967428
875461140 891384079
958151491 972214091
138049895 254321260
781559175 841137951
779581449 789752086
441092059 814974599
99998 842880
841620552 948639328
535691607 690654622
636065296 648629834
826699825 873362972
540756567 753753995
9998 255906
855804723 927864287
9998 592256
9998 797118
452821979 951550515
8 828818
732404137 915001037
590280333 917861673
926744839 930703730
588491971 853666937
55531016 935460508
315712516 772552513
721058973 994768084
680028796 863906684
648002482 667964253
19733700 937277821
203149335 469321297
98 819952
250916270 684988213
998 660861
347905921 479978176
610417424 688970628
888293185 930184145
19826676 869165013
651316463 651437386
9998 485241
913793126 965223014
206461224 606580090
89 273068
98 853455
394894442 702294669
196037998 379001294
99998 952794
9998 196860
872920405 901126840
9998 74618
8 516887
989255765 989693545
99998 669739
850663966 948551072
99999995 100841845
233923135 840648297
697931106 777389125
9998 662729
99998 228224
8 146323
697210368 797130981
144675694 485602462
172584587 531361595
89 354930
593929971 720409806
98 804010
104374417 268840636
821793221 869215030
998 612647
99999995 100582601
80257524 183647352
89 677122
587218304 844985527
73265186 142396441
622820518 919964959
833008710 851477025
99998 662266
89 128109
679592356 760974050
225497025 343054072
963890836 973112728
89 507330
796230537 879971489
533477265 963232852
879684643 959059501
664548120 947279597
151648142 264977310
181743167 948588811
8 205561
832606195 835215500
918674284 990713703
98 32017
97584339 533454073
992248984 996736473
9998 867049
3211992 578457186
2812623 430327634
803750506 961974012
909567494 924120338
99999995 100568076
844406385 993036943
192983788 254594905
922437702 998218887
998 382804
89 339975
848182681 984445152
8 356767
249844510 534673664
355387609 794303770
976210671 977883288
998 367644
998 874788
99998 497934
414090699 601284792
154038474 245516883
545000260 945719876
982129619 996774086
816547963 977609967
140010998 771356132
824725312 834100794
998 975561
8 563526
98 819910
99999995 100714633
141153161 710083650
196422986 645776181
919572281 960299945
9998 401728
211266514 540495841
662438752 960567959
998 323314
8 613206
571018548 796418464
343556984 561473735
601343743 940869547
9998 107873
391832790 611572637
99999995 100892594
8 731396
123472376 555808175
98 846028
804118357 880013401
998128610 998643546
604564132 681253446
362462790 489306423
985673329 986385744
326753533 624504137
98 498504
649611205 727446730
8 448868
844990267 894340843
254873270 938042996
363045775 641510061
805668938 901596641
8 294733
276515011 425412374
998 400758
214604752 767046367
210388528 684725392
36608928 356574537
698519842 967219872
700618044 796082929
588857078 736296016
615140420 662022512
125604356 703718055
179730889 312880639
9998 668382
98 595338
437864476 733482627
9998 687948
772838624 939401368
816731051 856560184
99998 426594
808625810 964281605
866432365 960227786
998 358743
370128090 882681176
535655756 863797226
89 114273
99998 225894
888546412 943280321
636591436 728280560
99998 180420
99998 270130
655663471 955125293
791567965 989404189
340126299 897310455
17489349 37523799
89 621125
909779199 911716867
686105722 901854230
344174853 983440389
187443546 920512027
9998 349570
984169114 999730346
739559753 827163238
89 422670
916390102 959912788
99998 300253
99998 991191
248129288 678730334
98 350345
622962046 806803804
99998 651397
854936532 909453148
353693529 686236295
226045667 624589757
332730491 587617366
998 384128
1346749 582688773
195517204 232056363
690181845 880994639
510664005 601162277
934470852 969456213
99998 855645
277611892 900067847
540368458 625270118
361826042 999381714
148116607 343926248
98 909997
972910660 981484671
380236770 937278908
89 644584
106583844 718917400
612448813 967833280
8 103878
998 569212
99999995 100082629
363975524 483342056
133094986 633749773
998 996797
998 937537
310891321 417240288
579741010 894100366
920610675 968349193
327013256 831337394
612822583 933079764
884465623 989854680
948431573 964943783
703650515 955798275
727687037 809343966
98 626668
519753806 683898944
437015969 888801421
521762863 646265055
743339669 856594681
99999995 100592234
732319172 991799282
559315243 760472618
511913695 672803343
605890494 750273901
956130149 974239353
188024470 683628792
8 546705
167967061 298135467
721776305 827544355
347877155 449176983
249321649 595896836
98 330147
77335297 477815999
98 265668
409628903 928928709
521377063 856983933
8 385163
681598609 698018430
862661437 940498556
9998 970727
846611028 871692559
9998 844325
99999995 100547187
9998 212461
452638108 457946915
535290778 836974349
12834026 506096406
736232785 860486539
215487243 410174492
196535844 861570110
99998 756284
99998 557341
765202957 979948220
97567361 399672175
851909542 996476375
1906330 694983869
89 197228
99998 961158
148614845 756691069
614437559 697848516
72245174 837124527
8 218947
396296567 396956069
99998 866751
8 568769
111627049 775321300
397237996 608073494
187103203 655372303
99999995 100851355
214640735 574126434
327061837 455680777
8 96697
50691074 782914625
105305166 447999067
391854056 412013571
373403034 581653181
99998 207082
639676577 752502868
998 228418
196563938 539670147
808763273 968818812
8 741294
576167432 619567097
255871516 681163205
329813478 816910117
508660393 696914748
99999995 100527414
728996363 832175615
89 303656
376508613 877410431
99999995 100293874
506654182 513570923
235725344 396776204
888409586 972267086
391060278 825984706
649073411 893265043
8 113510
98 428291
614068956 698518255
40444468 565890516
535762520 683897863
204240612 532691606
806933566 904004374
973280108 992861984
476686142 625547468
251644336 398862358
458429376 548647689
986584248 998864333
99999995 100557414
538966532 783293793
99999995 100004474
100240191 475782655
998 7635
99999995 100084118
467247562 647301308
534317268 802328255
99998 301313
333028034 800823287
234114299 701438767
998 438120
9998 186145
998 346993
89 190174
99998 928314
803213093 915763506
286835503 875486630
998 304357
224413792 915974890
995470881 995938902
214765933 265695488
237460459 792463239
8679529 781493539
98 40820
323420939 519516077
437354229 697812486
628023591 754104968
910314281 945597970
932640520 933433016
228670258 785630980
98 782097
843766734 948884131
51761544 992921055
24312691 814298135
780972163 972172492
798504908 896762948
779800388 886606494
287322689 881744024
99999995 100779993
89 430777
99999995 100728054
711139867 966502983
807296162 822156347
186623310 213466990
99999995 100150901
263932500 310139630
574938930 930258123
316621850 798444463
652165313 731217806
831453442 926435486
764851295 925359388
615752345 946596764
99998 337960
795281656 938957249
89 364875
301288027 725159441
998 127605
34116881 385552653
89 787313
58241453 817077960
947685780 998575038
255269715 374632970
560805081 735029051
99999995 100415358
89 18355
586895354 973936279
99999995 100560989
89 165295
475118795 673987277
265135452 482730317
9998 902529
349810473 697942829
614574838 869511336
9998 642851
570070010 585951820
61764352 523138013
426332138 825470407
942111251 990812504
926433954 957839846
648171467 976133738
897900434 937823682
8 290994
400676292 975753675
77673491 943433652
424868487 837116546
8 223364
215548372 440828919
913048789 998369476
99998 472172
81831776 767959230
854171675 871373111
257430158 305459838
744480475 789274896
99999995 100187561
414608116 805652847
122468315 867263621
261014432 569440845
676147501 873849944
20318588 174585618
876072809 956302769
376590001 531519389
990631456 996887085
463464193 658883897
89 935265
677945474 687757938
866102168 890653879
244904963 471021501
629162990 784349511
998 179108
890646621 893632817
997440899 998559276
504991826 746215208
993017832 997577532
877285925 940449959
647351309 799050661
998 410054
3286367 18042825
998 384104
9998 850757
473963531 670756766
461365824 573768055
69046005 297238912
183670457 460243174
99998 585768
543251930 854365681
120222686 166107695
306335921 981514835
639682656 949493606
297265740 536556497
791962813 897074192
700412651 974805687
663521378 780156853
344893260 673925227
725046579 752743518
773662837 781887580
221438914 845499416
771745198 841062475
683826076 900746130
171747185 690093807
649317184 757620951
8 948986
89 896587
13026198 312602569
378029678 612648162
501981709 684152070
2283655 569787695
996812101 998116435
113523611 728026890
99999995 100848254
595039817 924633987
8 867877
653383376 711047944
324040537 444731114
787475633 839278431
9998 959612
8 823834
98 217630
8 271681
665212155 827528400
298878694 852260953
712199764 902148820
99998 676592
10808577 18879732
789523515 825025464
937991666 982323365
924966038 969436405
91136525 387510279
15049204 612761382
433396409 903625756
9998 451765
99999995 100830561
516839543 636424635
428101399 567882234
229629182 360253815
815587123 880139104
935454351 955941563
873685000 959223280
575246060 719115112
468395883 656247199
601896669 685436638
204283303 402284710
910511109 985396951
867949521 997638027
9998 474300
89 836390
798197808 813860452
89 620718
8 659851
889264455 902187303
421041945 892659383
99999995 100242999
733087143 826050635
394081451 687709463
8 501914
89 987315
998 222486
270135407 830184221
695209870 766646970
329773380 886342121
591461931 713725954
599052091 836354484
9998 465209
100820251 726573285
577458015 794569329
565443599 999810424
99998 786510
907629992 988436392
259471803 933886756
422067452 647666311
479393848 709231131
985268817 987073238
73531981 719623818
544759683 560603810
575704270 994200289
537139572 882564218
661746962 723663648
237423913 828437754
99999995 100626118
296148736 692783389
523758473 661033593
455310853 471921082
104806385 470369825
876771232 906869177
706399980 780996461
998 405559
522618241 942825062
99998 354816
408682783 484936854
21351875 379206377
124377011 579724332
521512084 766000038
850441890 954806359
824399539 968273119
558563996 886446680
998 980767
214319057 605671708
98 159319
98 395430
8 906156
468637698 766686779
89 554354
930456688 950744467
559219153 578861405
234642784 760638496
998 710922
918158525 994066002
104355609 529948500
258947365 600349151
998 33752
865683780 938988518
380159191 987993428
391689932 595067573
8 335011
99998 746896
89 118586
655116342 684073001
22662542 790344642
205189671 553518508
91759032 733670808
8 749653
250057550 639905229
555634731 722992546
89 342407
98 310925
89 917059
998 939296
874809104 983623096
98 421375
98 12958
794235275 858967759
98 539079
266974298 297198796
9998 317264
864445681 939727790
531098506 587232319
9998 99614
89120782 463815926
464858585 847365954
9998 646675
8 672589
939124148 985252977
544285970 784324842
301959388 355687681
790436648 966409258
972413863 992150243
613403806 860825726
833655938 918915277
8 626625
99998 145436
99999995 100913206
8 484460
266722360 741558915
99998 591932
8 285892
320725000 513106240
381570851 668434569
975983631 993458315
998 788871
346042965 693717009
441628390 466367794
499825341 674310918
9998 149384
8 208628
99998 275935
998 426387
796822170 846581308
98 990608
29266080 591162520
99353132 288368740
175380880 871702254
251809730 867508274
145618610 635918434
631531503 762623442
9998 946388
98 321996
9998 61585
98 441149
77419234 802598390
657067589 946364713
98 240767
465318573 513500477
654279912 739578726
515007106 964222445
998 613189
571828160 868337048
16285322 330661486
103975973 375213693
941148670 976595405
784328342 923953755
8 257383
116981836 941181667
998 791976
919563030 933443938
803453109 865902869
417389786 531091805
375494648 766487736
8 879677
458353276 564093596
89 40282
8 234332
767626911 994056489
99999995 100321683
506354511 844470048
9998 904039
8 806072
131939465 310124512
846504837 950969368
9998 340835
949276085 978772684
946328490 996089037
211748260 758485582
67576079 319176162
8 762997
769373177 962377436
763785754 968799132
99999995 100726276
99998 953279
513342045 781616023
712413646 776787394
325033976 809137142
98 43995
9998 776705
769163167 958038195
99999995 100091451
99999995 100607295
998 690776
998 191071
89 436213
451557996 530430363
99999995 100095396
62297423 320439394
236882884 812000371
99999995 100815120
603919249 906456012
939783905 963730817
99998 234026
883207400 927749644
981067201 992424223
887700047 913120669
797861294 936792124
477337749 872887339
511791010 603495002
252217075 831021018
696135660 759766178
9998 869544
626846583 855358082
98 741518
327583515 434565441
969046962 971934613
99998 134305
37237644 579879260
278426703 842383251
19497704 649666465
98 535202
561500988 795718155
998 473085
4581803 637559202
623064891 974442119
99998 916150
247920599 270317566
99999995 100230977
405993729 545140830
89 20151
8 510658
697461417 848687863
92208140 720167150
911615062 943002673
89 277327
887126473 976036429
822156003 963200419
597834169 932022944
816540672 926630202
99999995 100529407
435982445 886201389
9998 98559
85194044 965046269
856096234 934579590
214541365 472349890
107345578 962948793
196238974 882691985
40240949 739580418
64584364 201816579
251395897 853657626
318225480 467411123
99999995 100208099
9998 138227
289835334 841423856
328061939 711804120
998 74807
8 500257
496779527 698861102
9998 896865
125691399 800101657
99999995 100445220
321189349 410574872
755087024 950559970
184681081 694310582
263657374 724978664
59157076 380486111
8 127367
630894924 911022509
639847086 795711404
863035422 878979440
510202544 865518337
99999995 100934471
814607793 880562121
998 492742
206152126 225444696
89 721732
99998 659978
98 767283
99998 561548
143456076 273599993
8 728811
684558384 898301390
61859005 978479033
138508612 153001044
957519876 997346545
9998 91849
564263208 643602201
8 483922
998 281987
998 808927
99998 504129
99998 1089196
610783275 620862980
998 12065
400540932 647867137
89 291023
139961730 299701874
99998 861421
297807500 369706527
56739299 178089852
78049202 962242940
497134448 942805628
70867898 539683598
312013564 980049608
8 863045
540392799 840225941
540655521 972867043
99999995 100065655
9998 576378
769485721 867990778
319027870 525844307
76368046 907300511
363046621 575529509
998 726585
9998 399955
494849291 839753143
514452215 809060839
746770422 936417514
99998 854137
63288670 394467082
89 108383
145551453 758725111
9998 934592
99999995 100438426
217984474 762102506
775261641 783095663
522529691 954357762
737635446 955089150
469326650 676130160
89 705987
9998 503126
138096808 755335367
496556215 885012241
605560545 927366373
925913814 989873571
8 505129
475438534 776495233
190072513 545702683
8751200 632812514
917784510 934133812
680168302 797097578
921958935 952387345
183357594 441003846
521164665 524538909
154861062 467075461
98 883267
99999995 100060094
880334707 891019061
8 488978
19957912 907481097
8 659821
715463804 902317570
118840286 782953942
998 376708
56399682 275426488
98 364527
891776984 986529466
998 473841
101188272 345260808
954243609 992856454
23742479 475507933
85807553 247828562
450986039 809625201
99998 211093
162056498 589031088
447967025 885581304
998 572988
906271967 950696130
657481415 931771742
77622064 258958759
98 954008
676830610 988433076
24319781 662365972
98 326331
114245052 922289637
725154700 828805935
409043640 760067419
9998 261712
115837430 286422420
260123047 758472214
99998 1001700
927564917 953573590
425481753 476275060
89 285925
483379848 752745629
98 646470
99999995 100958593
99999995 100644660
275980152 904472110
99998 934460
809611921 973014357
786735594 849401866
924879115 998258985
776464767 940559355
615827629 873803643
283730368 475755597
334468436 519648309
9998 473760
508635366 898281729
90289408 554474339
350336300 503611153
998 417424
998 795746
914095266 922769157
998 166951
356222449 461069896
365164969 451063528
115911364 368570853
230030010 712597555
962441377 967259250
99999995 100387489
73612350 446609518
8 47284
913530400 964078192
857821848 878982321
548348547 795448094
462063524 465507922
339048301 863792620
569181125 748496270
134802326 805195677
913470439 925555032
578938469 596567080
98 405771
8 23402
635225320 969985512
372268267 536561131
998 502370
9998 284666
955937787 956794630
748422038 855398497
451776647 562652590
9998 1009950
600940495 645636859
9998 154517
699536323 773729598
565829494 712915813
971667060 975126417
290146036 953360765
9998 606386
998321056 999988596
350984588 373201781
98 302899
143627044 583932279
8 573312
98 380333
8 647480
893026150 943711572
716717651 808315634
537478213 819917872
377741467 746648099
467299066 927547969
785388846 861734933
99998 373810
73757898 192803743
651463102 733602845
12259580 647688355
141513674 884318740
8 224145
52475565 134231615
192877767 223537045
359921124 449883069
710458221 980593497
8 375912
99999995 100580098
861618384 919830840
89 881941
61913424 813219138
11716863 716404192
98 46211
605719682 889586882
214067265 401565726
789329102 852177315
99999995 100516221
961889092 962212033
730289622 929263786
548717465 676975851
569617476 765860017
820950350 949381348
351668023 514819058
249205597 752234291
99998 837016
374939019 807805460
288244939 791706438
89 586180
752988572 899467146
89 494874
111842245 171038165
352747295 625710037
347032995 952197714
741176574 790597469
800563261 816208434
676665456 923219917
4901517 16880388
9998 484299
99999995 100129909
107383712 363945749
531259924 688576742
89 374591
932735387 933710978
46462067 319596485
979530175 987387748
931676692 969738463
104955988 760036128
331805499 474149095
98 640152
137334827 931403977
815575143 852363953
286932060 323624745
85845619 429238028
89 462252
9998 78208
99998 621274
320058904 404650217
847477083 873202716
99998 708746
99558308 532006971
970458039 993293802
445907157 764752785
9998 616087
793403534 802874043
99999995 100001103
98 955628
998 717744
448664253 477613861
953747074 987796124
998 13724
89 83292
9998 162779
734756581 900620747
213259093 251098105
422190524 627798005
182654551 609554066
909190154 935489086
8 703214
99999995 100174454
89 850639
9998 26018
343644872 677530648
710778973 812706131
931859641 999110124
423869203 493770335
36849377 361713928
9998 548552
699715448 943875302
346643520 745372337
917086180 925948634
998 63921
826094995 827859738
89 407702
887198576 987664163
385695839 870171549
374655863 415536083
897446688 905550455
8 635461
965531002 967924745
99998 524962
331970613 545731312
614089294 788494189
689428027 926157581
9998 493519
98 950990
98 741604
99999995 100318390
89 652906
611536682 928609277
348232329 897332744
897954274 920773046
130322761 849308518
9998 599439
341364719 401918480
204495489 634588236
99998 451887
556529912 711199497
99998 811519
664032020 761693033
817817782 974693449
98 578037
606089596 796268689
632575870 774916665
865995916 884621959
99998 206452
752595956 887360743
766630446 829667812
150372911 978579037
99999995 100392666
98 935889
412159251 623118291
142468589 748711728
523729632 600017681
705192614 861276770
329059908 921523276
559361174 802463311
99999995 100312222
391923143 478563267
98 480873
846324908 994891079
806878598 824607811
955268457 979549823
738948031 974567851
422468533 586319320
188756318 268544166
17520300 347736790
89 573065
8 288500
9998 733279
89 599749
99999995 100302550
89 662042
10084266 111766587
99998 1053593
185101707 621134745
89 518459
639452140 992931481
184931852 479256560
98 626011
947876717 982336642
564767231 760384924
63818131 908827589
528245928 665440118
99998 437421
8 820834
98 169621
233703123 576344311
98 735296
282690352 612283271
377489991 542047277
98 521601
239326549 347321751
392723305 903458692
470276564 679277112
207674299 849747493
403160733 605115086
450243244 845367572
956694152 994440000
343930121 798239499
792602665 875471142
582905959 721460311
99998 305639
364128759 806158440
673745238 991784752
945858678 958069962
98 14435
919805658 980656852
98 826645
863012170 869068457
695763152 916021971
158275199 355819263
510106335 833254760
688667719 871800072
646887627 719932413
88297699 90949777
432919421 852154998
904035350 963076845
877373302 971882462
298870778 716942860
98 813727
699092460 821309628
645399839 647693289
234782609 859035147
89 870190
306767006 935678271
811026565 939050093
718052076 761594088
99999995 100328362
684857023 855996148
860026554 933200677
920851108 927083570
525534604 897002014
933065701 999683587
8 841487
992734128 994461938
979792945 996866854
99999995 100331410
918790025 921150572
6812437 26089449
694170452 825784021
743988519 854607156
89 266715
998 312664
618707264 909185687
99999995 100102139
460196025 983738955
971937206 988433772
9998 188360
735905088 747851058
841240462 893221295
727960170 867557503
9998 631517
99998 398831
340607997 413451542
4021187 581670893
174415678 671217181
579947921 791480098
946341493 966649662
644848814 806920302
99998 987416
295620649 974026706
194749763 379127463
676895587 810539635
330262971 577919517
457494834 959091670
998261771 999834308
8 131073
9998 541495
123242508 234671059
99998 413538
406664832 421659932
99998 360789
305846248 433289426
283399248 548662122
734600206 739603266
98 138143
89 422293
645996021 755889328
76652210 794385071
85767389 401696596
43052641 614262912
149103636 964154781
89 933089
147050427 800009823
98 125720
556916740 609513723
641615095 846183468
848110279 856149829
98 143325
27761099 463871943
99998 826822
98 940388
998 360664
361684113 821939107
211562476 715224678
998 79877
134775025 995140117
980866651 983697762
69663967 838132529
755936727 963998762
573372340 687496062
99999995 100378634
8 308581
256287313 484903687
19466192 63766017
340180488 453044647
98 199218
664596131 856228761
716045969 913928081
129386968 208874450
142259264 161782365
763152180 839351108
823219612 982262201
9998 529165
838325289 958750122
270262467 956793949
11080528 235920185
245321826 918353889
309135633 580564629
104137339 219685411
875592841 927663082
732211464 890421096
9998 1000037
362270616 615348337
99999995 100852547
99999995 100215616
99998 1040240
398390782 746557009
573089213 702411413
736717392 830829172
443676066 760074282
736064576 879015519
89 834172
23810279 508313827
812912133 841449538
998 791280
182232554 854657106
386935145 607451143
8 4562
997480527 999569394
998 550248
535818542 632079200
998 178841
99999995 100436363
99998 1066975
316256014 861066055
99999995 100345450
89 832373
99999995 100252797
184376408 839994042
711340413 737374795
157577135 356096454
98 734449
935579095 969689149
727761716 941101478
99998 966492
754438706 831513413
628231506 879155275
160509911 501251969
99998 568564
629989827 651341087
410121444 861386805
948935819 980216358
515318974 639867744
822214986 857075061
510232701 821261116
676310839 996843391
599717545 712183598
412097521 890907101
588397650 847689404
779883000 912637361
98 743412
998 914816
998 727250
414384466 490782008
8 810686
98 414799
9998 443737
561684409 986618456
457561381 520405948
288808023 760794507
978931988 982558361
510214722 735824925
82776319 723936007
998 807426
734299296 971006838
636068965 845626844
99999995 100918868
526327945 798572388
228359320 679706168
998 228819
519951436 896815396
89 742771
716330094 956126979
380898976 917790091
8 499878
98 444140
56645945 916123776
815946354 873778023
367914850 721103231
596327 653046847
219438704 459442816
89 565833
9998 25696
441294954 503824575
729920717 859057807
99999995 100858043
488528519 554433143
16260159 573903886
998 457572
303811811 986867147
839000382 946170192
998 824598
9998 713233
68856180 91130744
125924685 800914501
338081744 653889223
774490048 887235014
116533962 989493820
9998 665389
98 979767
734999111 866981672
8 67243
688586044 817971281
99998 162955
99999995 100120570
853623732 937188553
489566668 937710412
322392696 883382148
480691919 933372971
950510941 961512102
738100040 765741285
616012755 786609364
353186666 449272214
99999995 100238118
94865204 999495927
460226896 912842983
8 941354
984110476 994122246
53472363 258811027
98 955410
458455190 788260311
79893240 920028872
132748415 501752963
807067828 921423185
978251514 998057847
711112321 770757044
21888743 577356860
98 118521
123633501 904166571
639277147 968784202
922332343 972176638
98 768778
402233947 580502251
89 912373
69528860 487536567
986809876 998990919
54445525 555928707
259671381 565393272
993384021 998333533
453833204 704452947
257593302 486524758
543714505 849158420
89 855020
53602580 396510401
365847971 799254679
682205421 862222941
744783047 864660279
657568422 663008336
685620864 932250067
89 449472
60127292 427617584
384123474 483931741
9998 568963
99999995 100382137
332569913 334499555
99998 1075594
185440473 457985715
47510205 232203724
99998 626551
802992697 989836317
983197275 990998922
67607301 451651722
681665934 684963236
453644037 478086241
98 235121
8 679561
333484258 845729615
746190051 845282839
840279019 877748793
58912161 369060532
54896218 184961366
170103228 640548837
593411931 968358495
8 306358
98 315594
260131383 403798312
755844701 830934639
99999995 100924604
793045142 994346272
8 688221
158173202 198971887
80180199 978975717
199063173 698425604
289019482 790717351
8 621746
665044993 732140531
9998 857453
634997429 856792201
98 661949
904824216 950092169
61697139 621130154
719694563 816398489
99999995 100371822
834172427 913654917
98 691194
627347457 797957368
99998 527479
731239747 776177157
392254384 533810900
213783924 284369604
197398786 943085085
631758240 683726617
950564882 972504694
9998 291599
33881893 704487775
363427620 960169045
422584717 559374180
281794635 697701021
702342091 824401645
8 525779
455156848 500636609
9998 691370
8 528735
939759499 968300727
8 601966
8 455606
342276116 662385325
998 247850
672102290 742362051
542874796 785994020
9998 382437
92897294 850813156
998 365341
280075945 403257331
928204221 938355118
99999995 100973499
99999995 100926896
746327099 889898693
998 627646
185347611 709582019
8 510058
99999995 100311763
467679355 574046005
816421203 925934634
98 482488
841852923 885080811
378367405 851761272
859537411 871680587
529546064 626286284
321145806 935822769
989413992 998318811
133093494 691745323
998 697850
8 968975
32614118 284978870
173390426 912109415
910010339 916202587
98 728926
8 223068
545113385 607253282
9998 785298
8 370251
153031183 403960238
237623583 242752809
256148883 340567781
761696548 810958069
562793437 604515590
99999995 100336489
899072595 965079285
166486343 682099049
99998 409033
9998 370225
676225784 788527579
89 670435
8 439708
937688062 956492008
89 739189
724556856 957640784
10661464 775739686
750081351 897652542
99999995 100923616
99999995 100652370
152186729 749978495
992818117 996481658
10192059 754723326
998 386948
616082036 790346352
393101932 464741879
931865158 949300026
88092699 513422772
526317039 624312057
99999995 100825651
323162830 657068753
182959926 346607924
998 61251
98 535271
98 419998
425631682 717854379
82161123 312151823
388574094 977040496
183303279 504344425
89 298712
99999995 100991751
98 596488
312317978 444731909
98 20988
626691934 933476185
93283420 812341024
89 440711
998 363619
99999995 100487524
608813310 803174466
998 282591
365918830 533886635
388634406 944949464
709716015 943652748
998 909018
457439097 577874261
160138143 944814634
383070850 904299905
8 636181
154997446 862525453
575873017 692482945
225317753 586007642
277495317 931782981
907810026 991011802
922658549 938254258
670921068 877222169
364945842 727489961
998 339739
439445996 561015702
8 752279
8 403165
89 36388
491853328 748211951
89 937589
926721898 976013548
91324257 91741331
671552910 823632183
67569058 200096153
998 728037
998 628896
8 920011
480405037 642887692
576858157 878382229
411068752 728016958
926018858 975845149
747664975 974299829
8 689111
223899430 921865115
665014395 712618583
206138401 538731141
548550734 906739193
111452042 713851902
297528194 849335296
998 892131
273132252 522925268
98 580237
998 650509
710307822 878044193
236284616 289226928
570604224 884222390
998 564106
150199561 167200171
463338791 487017772
99998 763755
342732763 881529146
505049237 823619171
998 567228
146950486 917104754
99999995 100545342
617445375 963098175
532395715 535781994
415961862 623390294
509908134 511951365
998 941185
411727520 567246890
583470626 834344944
955856675 991827627
766445799 816020357
129663287 501420917
599848193 754001500
89 360526
998 587412
998 226746
804009428 962461983
998 98117
631942664 839225870
915049677 917944238
936998313 971909756
998 148288
518670917 953191652
99999995 100437395
674673107 764199572
99998 665157
99999995 100573325
99998 452683
873468198 986622045
8 882353
99999995 100659763
8 167370
360701764 981717616
886809410 958203905
99998 254312
741161267 886770358
998 573307
36684110 290850591
527736037 724438618
419082161 932858303
9998 41312
835142544 902348636
432141697 807594744
827994398 869964933
89 493418
403774533 897956898
367467366 736835498
34887796 954914477
682622239 732482989
489286865 878227225
232803892 796110031
9998 68642
788844243 974731333
998 54277
227992399 510207272
101715299 772706888
998 160152
616083937 798076342
917747025 976233850
834969319 892803400
934730017 952552717
685128450 821917725
813173180 914518432
729703542 829258229
99998 143984
9998 185465
98 854513
99351025 621252784
564902785 856806311
934924620 987990342
158652869 557455462
885155080 945916634
985340031 995350332
378549253 598803801
83893193 779492300
357376166 563507334
178042429 472840864
99998 391521
998 561235
99998 511904
99999995 100238030
99998 870140
99998 364163
119482781 685994201
42663077 887609640
998 558098
89 795983
816877432 906421895
439391369 601640751
672675129 756749242
998 872177
99999995 100549709
98 558937
739570778 742561754
348925568 935549719
107441041 176350463
629333718 872880991
285808714 479131333
862602996 928802242
99999995 100823635
879448211 932483808
99999995 100612614
99999995 100369054
99998 466149
16207117 142103122
985096370 990132487
8 528200
9998 846984
810565090 961752014
9998 498105
40368345 523383139
638524955 686722869
123488090 262135756
831084333 991612240
301878430 341784525
98 292126
641478682 872347167
99999995 100734066
298413179 655719308
56252277 776789140
998 837276
701235088 992970276
8 605142
732561727 746266649
219571969 850186485
385576657 484091063
183040100 319238548
18902067 227470786
205510090 259760542
953625343 995603061
921478213 943758175
998 458481
99998 491108
709503441 888900654
98 500729
10648344 255939392
321374331 536767194
820695360 901805325
400945842 747737688
390744002 828446585
871748145 884235361
99998 560576
403057140 736295169
462919827 490024552
896566434 912071155
204655471 262488818
655679905 981749041
132634901 464560441
9998 142395
263855394 564133480
763547831 994947906
614640469 643693213
212896440 673835559
9998 887941
756010989 953801063
99998 900276
98 694272
9998 13953
206453247 285857652
94736162 377645959
85078258 485081962
98 799522
28377326 865723231
9998 215144
526269135 824222708
899453687 924058108
642185851 989673944
700702214 873811701
211535505 386480652
932939474 981171003
9998 308655
933972297 960753458
197644781 366584430
638337987 774343509
700464856 711694125
389701068 719532708
494464793 680953842
99999995 100025131
438098202 923149213
207788989 348110291
989765184 993715107
374981102 465557444
360261724 808530805
114842525 132549509
826766517 905560582
172481236 725924690
950108908 972324290
89 265576
8 701006
9998 14553
457533405 988496200
66030296 810628274
9998 884360
869622601 962764721
894275217 905876897
98 639266
360043085 855475322
820982612 924534773
995757688 995888577
99998 789211
78346175 312463273
628740410 710978272
706598555 805173752
332214219 944237719
99998 392186
450689999 925202792
780196478 941056266
238068658 663192888
8 415112
624375619 722925112
9998 975179
515641831 526445684
998069078 999849412
658470091 701012606
951085817 976777700
739277296 967547148
256408386 901013762
203144608 694368595
619844784 987011097
633503770 834585590
331021128 356998921
98 905759
33277217 113961454
99998 519618
154778776 828245356
8 779300
597696292 822692852
892793340 964662907
728270916 839634518
53143210 656837153
98 930483
871898763 945224902
98 304606
147086494 826366204
389317138 987832794
13606109 284639729
9998 227460
504314435 813006743
89 662375
625061566 923184152
600650925 815976085
786059132 793797746
99999995 100309323
282092136 728117552
206073590 783319707
393804492 610387031
153349170 377471274
264404395 267392893
270746508 358552736
481608368 935914932
817553533 883648154
469887670 530174388
816846685 954829229
811822799 904916731
677303043 936828533
293817128 516472020
998 789817
89 896714
99999995 100872582
9998 828401
98 520409
682673080 892846521
103583396 588877411
998 632054
8 464628
439287017 569072530
197199470 408228555
580568969 903362977
838688444 946961144
998 755067
278223083 851122222
96343476 232155061
984520644 994319627
200615359 692108266
9998 168841
725001210 906282603
99998 332501
637870708 647580719
486440321 491526790
856599808 922010469
402217096 540447754
98 259023
439305521 492050229
98 610761
99999995 100094365
587463083 672143364
8 964499
9998 326554
342399913 723242651
500317129 652609846
89 445536
98 572280
998 921288
268231212 763067674
428386307 506451922
664105549 781091374
550440136 818009535
866862053 885634590
8 603895
99999995 100353900
268028021 683745594
780721011 944007575
196848834 685595189
809603681 945088390
9998 580992
89 934226
995756384 996913454
303482641 540795369
998 62216
81181078 577993374
532168546 673731769
98 575609
9998 324570
98 735566
104516548 933741701
439031881 737218619
290747410 935711201
501980987 537814454
486846798 574640129
803025259 860244067
357292196 395870142
109476840 722572439
89 298113
8 440244
215631677 482569143
834756846 852994823
888444203 947450015
897307873 963012028
300583575 850399719
926530895 977908886
596339257 883962914
479404080 997237528
99998 194834
345799185 977029876
501355204 600542594
9998 380604
714575316 822365617
99998 266943
8 170944
98 492692
555182667 610744219
998 251026
538482283 867509197
89 117990
98 32719
9998 574188
863418852 887523843
280763175 525326896
8 362263
574975897 825652963
354870727 879648249
363829925 633939451
798436308 813515695
953282682 962829333
9998 125410
32276973 882890238
64507798 779489737
894029138 967155364
292269205 389961754
8 379464
600919274 865197744
520055392 608042631
89 718520
63968337 873329255
8 757829
774694469 972931717
374591237 688740286
874160744 905937091
287893461 397986437
762906760 828323420
9998 236262
385324978 489664416
765304400 802881001
627877769 951497708
341263274 481432670
136528222 764983946
755517199 887457299
711727952 803252895
922298108 934489554
998 311939
872257846 992220152
108828642 865639888
263127273 710572525
453722983 661126594
99999995 100077513
590433723 906402614
974402197 992781543
998 419770
368178519 416450015
89 412633
259989172 928633145
102074212 427111620
928153535 994131257
105463467 940189723
98 316754
698322150 962979752
8 220558
99999995 100048890
871252096 911119855
923044692 963448332
98 241383
296641891 470142446
95650334 373181962
314478100 331982950
9998 626665
836446020 975037965
539915297 891006047
98 828343
89 537451
490014173 753961758
9998 543541
34138364 467667485
224055854 292211034
8 181350
970086309 992994460
266278206 686730489
244272853 360720397
468593492 560498585
98 812209
165232377 863565829
684352203 963992955
203820823 812052902
352835405 446588267
24747788 63882629
98 913033
140071168 288509965
98 886082
8 776370
308372271 330618947
916599610 979438605
99998 153403
805214949 809131357
922968467 972883274
122934534 838178390
980403061 994616720
164272106 542825722
998 871398
538417558 728008442
380884541 562900714
9998 669183
970073234 994487524
99999995 100231419
824475532 998725163
9998 567896
98 663193
9998 226290
495890852 785437123
998 688552
998 790801
140566965 972654093
89 114714
99998 863578
217131719 525435245
126698657 692890388
8 471652
9998 211532
471349508 816589967
371360023 756533791
389881389 549667237
98 51515
66679139 415092317
237778821 635529270
998 919208
462067887 843343634
83915836 818742534
502500340 699828957
8 736515
36337860 249305168
185645785 271812953
8 809258
688343931 936597256
998 891494
9998 864976
9998 724379
8 316736
290602466 953564779
533839247 691601065
471470322 884138964
99999995 100315767
99999995 100522579
343659335 486328623
99998 225734
845565730 993939805
81894879 260062314
99999995 100960693
838121670 859142441
603921443 905790163
9998 955778
296187972 943381809
8 126497
541335707 706836965
621177373 987956134
423726242 968910937
8 297548
258610203 274973211
99998 703471
724318392 863394458
998 531807
164720704 827716155
616681960 729837242
895747819 999004665
600587634 817604053
111143252 329396850
9998 678184
529269810 567611972
99998 725091
89 752840
99999995 100132898
676792358 901562318
998 965595
398842334 857877429
244950943 375384530
89 817144
549671377 762672762
530105884 957878990
225804983 372826892
96085148 890334314
98 107304
712486593 867452418
8 957936
559765110 808659393
89 218393
998 184383
713924056 921884712
400081829 461860772
998 963771
948250576 966683482
510569085 659843634
45906367 562800219
951795584 982189720
99998 158621
371386987 674777072
8 805794
442892485 612419914
733329525 927846082
474141735 912573932
9998 923359
99998 613441
386366360 752655029
316596737 417553891
998 379982
998 362162
8 304232
9998 518411
916809870 940736867
89 716350
8 908910
664344717 838521672
89 566352
744082286 836400058
361665024 997423821
200904567 742219800
9998 524031
560545678 831788866
42705258 887854583
98 103543
767845170 877664070
98 877063
99998 541736
134776314 180611184
940214858 949881202
89 893723
99998 963772
99999995 100854264
329604763 516948049
115975444 157740901
205326033 660950565
19951436 55771312
141465958 174667099
55400700 522966250
489274081 541877987
711537836 759424687
877589243 901579274
812989943 909027577
655520758 956234685
789964754 959586910
540692999 667159518
9998 98720
421096707 498824182
99998 224058
311890036 754127689
770828305 786043382
89 940491
952237325 978936867
132386410 320464529
98 902427
24222992 466329404
9998 633818
8 761860
98 79741
99999995 100096647
97339846 475518018
98 602494
270363107 382054998
220092128 439066478
170336820 476358835
89 403668
525904549 599264008
290209796 578935776
502918982 932808950
517138215 543348909
9998 331394
98 213429
998 867658
99998 420174
843628067 977808759
680772021 982932349
8 902718
99999995 100726746
21203255 336257274
89 554828
252183632 388861245
445736883 677311402
551461077 894943202
107157802 756532479
99998 653114
172259880 897339556
155767918 938531527
193631617 981221477
99999995 100754056
447431442 539911318
441410271 997589535
602182709 768851667
99998 409368
526985351 847151681
769785817 805269141
693192464 852461817
89 987420
162753076 208290764
171737488 619894502
99999995 100461682
651298389 918116367
783810312 888734988
99999995 100950679
911395030 927667428
99999995 100723580
89 15620
9998 354716
14757548 929760301
98 654330
541630303 735906692
677546382 877837854
318418465 682922361
805085808 985151822
99999995 100208767
8 588219
974729901 984630198
359149009 686148499
611710740 693483767
357194248 671914472
489875917 653694533
89 468905
8 219264
251838497 712799921
353833881 731168519
89 629319
998 822850
9998 260591
998 177597
689871737 909425992
782404803 903836101
99998 244128
910325448 930809747
330501363 488875083
98 682110
8 713011
530393795 819278143
998 861568
40330706 901665486
27909362 31504374
98 363219
727043923 826232026
98 669682
136038651 769776703
397151148 609208519
627698070 890000569
41112148 745585492
464919821 758559932
437217278 996234010
813797945 994835706
693740762 747760088
99999995 100747255
894091437 899285010
544696887 688913900
386773444 504785843
9998 96329
49733400 989605888
400449593 812677790
99998 802227
381994934 941790290
99999995 100344438
625430262 899405890
325947121 796635940
99999995 100772955
9998 813432
39142389 753850854
278563652 828762876
99998 1068011
147175344 580414989
132279292 315734399
842114178 921432233
9998 167152
99998 184068
31190761 356823456
317471292 885389597
89 922990
99999995 100934856
742952788 983616587
98 366854
53599681 56375772
924813594 957147062
15374865 423608998
670151960 983424839
9998 677952
483155518 691561523
245115132 681950452
9998 179334
244442171 421133049
998 445008
998 495638
139200167 561030091
537586234 927565356
999883100 999897305
89 355877
732606008 940467810
505371116 982396774
99999995 100804245
44802816 540555829
275200933 412276019
99999995 100377990
205584538 566917230
437126763 692735190
998 663059
662165210 738693407
801253184 919498372
676237792 730382374
466484357 853811679
903838406 960516267
9998 291943
250100891 589520794
780837794 903788285
167509915 274353893
216573816 709812856
748454345 945663969
9998 469454
668825696 677040457
998 134784
895044336 916616434
9998 725097
89 840491
343957435 572537384
578979403 839604308
136082389 195720976
91136837 97014286
9998 476386
89 841930
126651429 533574448
589841076 711821840
893357812 996539559
998 158246
32144302 308375546
432083231 739710526
765024067 869245275
191375193 403559083
570949873 924744728
99999995 100712197
510532733 851765259
49755002 264833041
450405881 922277593
8 713509
89 689258
99998 1078070
998 90929
79052079 104945881
98 949461
598574286 749269499
138083551 528923554
128927296 558248948
98 178942
98 589492
782801360 793123216
8 168322
869577822 894307520
307768855 938067714
721845747 895522798
553347261 838776413
89 88756
842341531 909789042
99998 409445
127231576 270691588
648135344 744708084
9998 1007083
669815931 762897380
99998 671387
76600830 421712534
9998 645958
99999995 100277933
89 171615
99999995 100681802
98 244282
998 975531
541527017 852919203
98 971365
98 561263
707990924 867518116
508846111 649801083
98 875402
89 647448
998 340616
175494871 889504142
756404817 778607602
380582117 489976512
707880564 865865392
696776769 768343197
512445707 759656063
89 839191
237344173 320517410
798067746 840781043
772975235 833004438
99999995 100863550
973427693 988772132
356728041 878447688
99998 354616
8 311558
892506191 951114345
99766094 226026639
98 364826
99999995 100275266
237920916 593364539
115372400 752898631
76071996 652030965
368202722 476355557
98 32615
431507361 869890308
691809646 914465534
998 356191
8 274397
998 168335
8 994336
9998 909527
99998 140266
99998 123343
8 308578
505810485 938240871
552975301 674250206
99998 978727
604277064 778720482
610730819 668642008
998 476454
854450624 929652967
574893100 593787022
998 994036
89 227761
204318950 300309812
161686456 911318823
877148302 946697722
63517880 383665161
510034153 801352594
662433355 990278133
99998 827517
835259760 892330035
562474936 978020132
901892877 951984288
99999995 100739850
99998 368647
9998 280509
493907293 565594781
256916961 481649918
89 511841
759305858 936677843
110988808 687072511
98679240 237756572
413360968 903815557
241962215 777794100
45441391 102418046
998 317385
8 532469
98 801350
89 257395
162727998 835185305
411266843 635586696
42214559 604739133
53466421 720198541
9998 767397
8 803674
99999995 100849716
99998 268991
340890068 797766666
457696832 859331039
9998 170091
72733644 614890349
124102513 194826644
8 893259
470897807 822767382
43242323 369716539
99999995 100895952
9998 31437
759521666 830165380
300904392 655770540
178687203 460299664
612081567 853641078
462131030 954239578
989870283 995223169
198694903 401947595
613694604 868677352
8 945478
873727986 881125065
432139950 556151292
395804235 440820861
182019060 507902465
755814622 782945383
99999995 100333124
98 468724
331337689 574990929
769556922 843950673
401327857 482561311
8 762677
99998 858468
366058282 825924509
828783324 979037517
372640821 742881295
559717827 683420592
99999995 100990246
998 533377
902065365 952165392
945497302 963288439
589812606 733231865
9998 195952
440569484 750109022
8 699127
577727486 997415214
998 285866
98 259101
588274994 670856093
826707570 911870540
337394354 645677054
9998 389019
166898898 274192225
706688245 789569721
721857059 904624551
49513929 799512546
496377483 907679782
822814582 910465708
845745425 891642964
124711219 340347914
478625303 768084954
609543202 682747351
264772493 489537995
374142684 538429489
98 329313
99998 412602
8 492997
22957140 827745042
871327603 932154272
3073454 940231862
403430036 926520075
917071169 950309879
89 930095
606554553 676836466
93176504 297353710
9998 294919
8 530342
223310889 682582764
456922831 645900504
60461166 565715169
998 409011
8 483040
335297174 479044690
142438388 353275287
89 35961
798647127 805588605
785538893 995488865
975293180 996849103
366223691 377630055
99998 432446
982496363 992620906
437967387 587387925
99999995 100682667
514230086 963027338
525090869 732591052
99998 920057
89 484968
810928496 908646168
130337495 856127921
729223345 779416009
379085310 488971396
8 964471
8 615642
297019839 849657544
89 978103
747623394 887917221
808285882 899737537
419979924 539919934
598408068 772759299
398367239 464964665
998 982281
998 992963
669175571 998909414
998 155622
757817215 832389238
905911399 940050345
951317348 981391862
89 331595
98 303672
360938238 377199905
99999995 100930016
939106697 970149074
99999995 100939386
348739478 865051122
100346851 965845233
597359260 812008893
192993570 366082045
8 408437
968631849 987780627
23916598 27787630
171885602 861016887
231945390 932958461
99999995 100541860
8 935439
406895667 816855655
388598663 799620531
893530651 931875724
596106535 877679328
780109961 823084325
809062591 841224128
9998 426152
242749922 876975697
998 252350
529995570 853851560
9998 512684
695612875 698939658
340995710 856780885
89 426508
991095837 991824279
98 769338
260697470 797719352
8 137414
753807933 810032965
248910684 668504244
9998 884743
527593925 580577343
86825861 789864449
164369271 534248412
998 147283
235001488 458697116
578125255 584501169
338081672 631890591
807853226 930984282
201103153 831266052
277532836 759790198
9998 934441
99998 889508
424098756 995359300
8 836974
942164582 976808944
375171873 733807384
89 456540
188444587 901034721
68269449 552755907
89 20361
901460624 978703314
99999995 100988014
98 701892
822867671 997369483
683225715 803834100
8 456570
583855754 796751685
776241709 790925930
89 33612
8 330363
8 824403
932613148 962146167
99998 1056146
287467510 589546482
731176393 936862785
8 770297
548141842 630480510
778700366 960976217
960212699 982432368
547516337 558584840
409360383 640548500
998 420297
507561703 792212833
173368144 260484078
289674725 861903763
99999995 100144146
998 862823
99999995 100515000
905770655 948354335
998 398278
193488303 394056257
754164438 892945133
998 439076
899825158 959961176
128967344 629508335
8 419523
499887196 548286302
413779065 444781308
8 397191
314414761 697527324
861085622 973779426
740111562 837404232
998 214208
99999995 100264145
916407905 962206137
646669384 858578654
89 326710
952577702 966779363
622276673 893201059
99999995 100345870
98 355401
99998 294906
9998 838268
612333442 646246927
974985479 999300129
99999995 100297592
998 291875
8 525449
457310855 955586790
123374230 788611478
98 569685
851446805 892406524
990971651 995712004
462192845 627913128
686926531 748099967
119840342 564563746
314029250 414677252
677518100 716184512
9998 56274
99998 209713
201215921 921167691
630033806 976376372
996998879 999055694
520954499 557039993
99999995 100302815
99998 883055
357112707 879366424
89 363073
237388668 521877831
99999995 100998886
823091714 945871673
168891057 867835706
998 890030
99998 949070
761033145 971022948
814185844 968703059
601247777 961233189
238896939 402664904
350595573 688411390
227765734 950492088
8 864969
998 117270
98 800434
673699353 995596368
99998 618830
381990658 952648845
98 882688
426732572 936178686
998 150735
305847104 715121284
484690342 959152586
303162243 359344749
89 101600
951213163 987197881
710522257 948971433
112212143 886384410
617655858 793831137
98 524688
764395179 768044953
44266346 966710102
693944463 943813646
991693046 994348529
998 81332
9998 172492
409457354 971068750
797796225 948701735
478530001 488565350
8 304978
243934218 652016626
99998 1031493
277782019 677355351
97611380 532254837
262638565 416639722
162338979 415934253
89 928927
89 14807
432009692 747251974
514208078 977977904
879799212 971957371
9998 658172
156006948 659513812
98 157388
716524875 946424695
336851911 718989349
461619518 995860261
955151536 964745679
493573647 804331225
303031167 426602971
98 285109
980995180 992439593
8 486935
706483649 722868208
246089498 314523402
73325119 123654297
924532784 968614575
540929566 994842131
555069722 823011415
480703689 699724031
294931433 537711083
998 322149
9998 937883
500866585 821042651
929906726 976984326
683535619 756186850
788819557 947790850
683515307 986071338
966259942 980674849
287953765 842450793
21878804 418158283
98 439167
89 673945
99998 927697
89 243344
384824263 720750899
99999995 100531921
89 48059
99998 180342
52478268 274713801
99998 450081
841836541 987134952
373124366 391417509
98 476349
12569304 707711575
998 175663
376074922 881601510
89 760567
98 69543
3197699 619468851
26513510 546443579
18711322 126947748
953830733 972497384
78799787 680212399
98 738722
8 108341
99998 185166
712424106 977561275
783062914 910671715
431584258 739580117
218234037 455280121
98 935095
944888521 998183393
255745985 999066216
998 960827
998 224077
998 227193
98 434069
241680093 701353569
907661108 937005993
417121625 868459758
54715362 812912393
856630272 911836734
226864058 382268640
8 168705
647866498 971477588
720484752 953748495
477454823 752792274
586821980 935683472
8 332443
786706920 842635459
177536427 949848507
994162601 999445827
736440535 786236991
238709194 482940580
267800985 807396293
523486087 588310361
251055235 388244181
435280609 668166671
216053177 449319528
98 96984
468516859 777422626
99999995 100285491
9998 263407
200478942 782000170
597080102 989771448
76592975 473923906
590303724 683007288
299155192 423760771
340326738 417765155
87975511 999410639
431502728 842368555
89 929127
99998 169646
8 383784
364747391 802047001
881308431 898530430
505295606 952306751
279960450 319700113
297119667 754388349
9998 871175
209698919 938165555
463493128 875595564
957904046 981100538
168553558 964857641
741436877 742464683
8 561176
8 120812
998 520656
158590723 596587330
470598893 491396610
839115754 990282546
977581348 990488513
80363044 193202949
817058227 940920833
784666755 987335870
660485690 733027720
320950067 496442119
99999995 100999392
998 134987
99998 1024906
215356230 434883127
634215863 789138878
256318261 867855564
929642435 947598151
998 843840
791122764 942245583
998 787138
154219985 224138941
863333789 950808319
918032412 952390772
99999995 100648079
565422930 920431222
807214095 890561905
547100926 970097838
28076102 137171734
99999995 100080034
828409637 960404096
570772043 893623075
401786976 583696338
99999995 100637306
998 171670
463213800 941168459
8 443008
99998 659000
296236876 738771737
548756855 662303268
99998 1072972
854352178 950967993
60512496 539078234
850916793 890689786
600229871 743690784
570134202 606120437
867412179 975949577
297315526 655022144
618463001 687909658
255571306 748610518
98 623809
814111693 934715812
512300546 676623273
986599842 987003583
8 183438
958444996 973620695
930856493 972279853
736089424 836110278
715048455 866996757
98 87842
89 35804
8 416392
540134737 628227653
967052588 991695634
118803960 892094546
454748396 514133305
287749447 490864700
186109413 759539490
99999995 100625579
258429645 561878680
11841953 14075412
73174060 491816075
122788660 520121272
9998 898060
8 321732
613656637 699390738
58005548 105973691
350349902 655970351
98 52360
753776830 907651340
98 620386
315949267 669331072
325346186 657350014
240768513 902319775
998 175525
99998 360743
99998 1070053
89 236486
98 358048
191520472 747196627
564145473 783063094
8 361461
239030455 480097778
999829296 999999740
842697242 881688035
98 2344
784962140 977809954
340429777 349549170
595749745 773933107
327765814 987031755
866886388 901299758
926727673 991734277
9998 207306
58446453 94389951
114302704 257955050
283668390 343715434
998 554481
677091071 800129715
9998 629411
98 32396
496866623 700195656
98 304004
75821507 537819221
793548252 935968306
714325836 799000122
143852272 774802958
635412874 704202199
9998 704774
148964351 715840646
402589157 627470886
967635962 968155455
505420421 947068349
9998 525850
8 919454
99999995 100408043
668509359 754652617
920346838 995532941
866873309 892776848
587271517 645114344
9998 345965
98 605165
899244891 934781047
998748758 998762528
269956444 691763393
881835968 885112179
99998 700495
309467481 753885166
99999995 100612625
839601645 894245602
315253133 799487445
89 148511
657702638 780452795
624281334 691804398
98 784829
998 730943
713029142 770854740
891846224 955252375
98 108234
895621062 931242426
89 255752
188998603 260872064
659662871 882762599
570904045 831708108
293791736 803957510
224091335 417694322
881281830 983651988
600818730 613243991
829747068 935765296
747042094 815576690
135132266 895923688
98 119136
998 688550
688138743 917230340
868963392 990804937
230681521 973333305
864149742 956389929
984250483 984981099
998 890152
998 526940
89 554058
9998 380989
818377018 936954628
71410798 522295754
69325455 633106769
878589928 928598475
8 334526
998 527943
99999995 100417454
476398002 760591286
945657174 998077864
693200287 758788922
99998 911645
99999995 100420783
481153001 601619490
957587592 998149476
953840839 993507459
903235151 933554056
998 334798
100016275 982625340
773648871 865259510
998 690001
9998 358423
98 83885
407528743 608483301
8 89824
419618470 607806748
761084122 775452461
8 956670
434860399 939414659
109092367 450489662
762217864 973937985
8 151561
959669470 982257900
984052619 989194372
99999995 100566153
628919211 902959023
966841190 973015260
824176334 959266051
325838686 950838456
8 765517
647721059 725290540
468900275 991747118
598284054 786326310
89 113359
8 533892
182181866 305772041
134612610 221019803
8 874405
9998 392463
113934357 672460408
793608466 856092965
793914783 986285461
437515596 864591953
138630198 861711811
98 721628
233258310 885406047
89 343696
828053900 943824917
47148390 869940436
300939014 851527983
926165214 938235476
8 672707
533173760 909796265
99999995 100300427
243856066 701032827
440104298 519615561
292563408 899541240
279711197 507096673
223549867 944420809
9998 748399
44375799 78548700
9998 444915
243349094 409102406
832205439 870344798
901811838 981468374
41665863 528827925
485513036 497203780
837490591 905515254
8 221356
98 369912
976619999 995595952
343595782 581978350
8 318175
307178417 565238583
457719177 639992420
832773087 929562958
528561716 721853088
98 991484
413515714 940307255
8 429793
405872485 724123811
68535018 877996267
113440320 654762621
325984076 498326820
607162745 744830180
427356115 868647888
970043388 997726667
89 648616
89 180394
275811135 988762677
947182559 996736768
89 18955
89 254186
428051721 462831100
537754982 726438106
644431689 884310788
8 505350
92663843 534953883
719238001 830186898
998 225631
99998 875173
677056335 799657701
98 606952
890369814 918509624
99999995 100950652
767568723 841725038
589771690 829040482
51309296 941169881
99998 272509
998 785883
404116626 793712021
8 428943
998 569251
99998 304118
633788751 897185009
998 62493
27482186 414214994
646964530 667814953
647530425 739986752
145871573 952375040
998 571000
701393409 936991929
9998 628792
998 571857
98 644853
576571309 750609253
750900959 976752914
173834389 890800767
261788293 552380101
718035272 846589785
725344933 783909860
572564592 574549880
452710077 506471437
98 653078
172922496 743762952
388306429 971137766
190895214 964789591
89 761680
876048067 938810396
113863136 923554573
89 110409
21371440 112956957
32986233 440023198
693417575 868114237
99999995 100088821
862059282 877646900
988816843 989489438
100125746 878281041
545074362 724604960
203827662 503783382
998 291334
432859816 484421455
99999995 100808940
653600565 935417811
774395428 884729116
687038535 755247506
62054742 301013697
99999995 100578900
338331860 414108935
621408605 959870291
250569697 659017876
213957610 893130470
826311649 841293409
95159956 227292501
340240476 778658675
89 634063
540580100 681040847
289074745 942718824
8 357252
98 232080
721055505 982544170
670618442 753617537
8 733698
77623193 514757808
693036295 746104234
100474724 640780557
401227098 872728656
99998 291514
89 200860
998 499595
8 494131
98 674497
763381286 909264876
90353579 267220856
839869893 942539155
99999995 100856722
998 828742
782826412 906794750
340154804 542694401
998 399824
905871869 971909398
77549516 121684468
99998 647412
615816087 901675101
99999995 100192209
89 381026
98 303585
695749897 745590473
914910183 981253219
119320405 578445931
987121156 998252806
231736344 931153662
531733328 773452413
542299804 795055677
617224055 918253016
915432496 993576338
99998 785496
695224896 738002581
998 659192
403868773 928607694
322251300 430266522
408216871 763572500
834095015 849246717
99998 1046139
231783792 811246759
98 617530
99999995 100568564
430542448 505982915
8 736447
538987248 929287794
99999995 100276002
706447248 923355583
842605272 875929510
421110626 451052418
71075118 368323451
432560477 528823540
478668972 676331176
670811031 924021508
98 741111
89 88238
302682671 775749618
998 468547
811826741 891083895
89 644542
663115440 719882692
998 810723
723961064 795003123
739337127 808104821
435626877 771051732
8 759827
574864484 968244065
894231974 904612735
89 331765
818220492 879971849
800999854 989888488
951435371 990643196
990455090 991618892
99998 193878
89 812374
86669072 647293753
454195775 895169473
930619650 938080204
647432858 895877206
947035518 987421334
305108913 994013414
210755530 304329775
374934688 654773924
93921516 307674491
80685127 792791111
344996866 364719499
367189569 603036355
99998 315146
930089108 971920803
8 589079
98 149851
30020102 640975767
98 2940
457239453 508842123
201284684 554729643
297749973 645967724
539063451 694794627
360361836 420426338
998 511601
671954171 888991748
273923570 701804918
99999995 100442439
998 883615
8 601406
98 619904
919787323 959671762
9998 571898
241045737 340500459
998 486119
998 774531
9998 110989
998 907940
583130740 632994724
554670337 834264106
9998 140656
478252420 988300916
753651088 907970546
89 495637
805400307 863956432
89 31018
67185201 577763109
701437342 719133153
9998 859452
206879021 435232698
837271511 979416446
8 736893
99999995 100226368
99999995 100815693
76920905 493167943
331585566 782766674
99999995 100335639
202993499 268710164
99999995 100542404
218503951 960783024
12717708 202091350
253819732 629713190
89 546309
286059370 431013202
89 796457
22705644 935979053
9998 109929
241658747 253655365
101338654 819830929
998 278295
190021220 643817721
386735911 506285440
706148873 727212253
9998 614914
284404161 696685227
60949461 297367844
293876201 722000168
199624227 775308666
98 327063
63463191 688906350
8 814317
567707323 605528205
512468560 723004863
99999995 100448402
161661808 178696940
698880454 765722275
98 738316
951428340 970612731
284338158 316243445
976439096 992178238
789099200 952145895
99998 247369
99999995 100919747
9998 979788
998 798109
449878343 876658321
487248818 874826934
901962058 974246123
65799008 167069410
780878891 907081037
4045183 936214015
8 96353
573251416 872456111
802635070 956355381
935399131 977714346
359180027 760870994
683424228 972447451
573636512 593958583
773782647 909532704
99999995 100003075
978331036 998947016
98 725683
9998 877436
230637362 463747780
990178554 995117172
977783541 992240944
308886029 326677285
61399930 329667797
89 139522
712651419 970105682
649827366 690403392
89 413494
99998 364319
998 765474
294973023 423096131
99998 1024191
380391779 443185030
99998 186122
309251813 729513421
73458407 142976706
48847725 443152390
27198143 245689720
735266960 907006767
998 730743
58335977 857528065
331570392 901216590
284183324 291129412
10126448 952776668
584968363 988037420
99998 452222
998 120888
371480888 452750014
8 879385
363473885 419582125
113234947 117640743
900950355 951830884
233257868 491749133
98 703804
21340454 642877688
826321178 946102108
788709459 793363703
9998 222608
178629003 706241253
99998 304920
8 860969
998 952134
998 731721
866498866 962557230
8 684441
89 998520
98 546476
35531974 324139377
148941895 663904042
301192955 707221302
22582318 97611457
153436525 718849356
747897315 836842907
8 316101
9998 705259
99999995 100539695
9998 454966
246872201 540771812
157610129 563971521
893368278 901015050
99999995 100855016
89 495872
99998 416359
998 371267
962757477 981831484
528358367 772967909
9998 169828
102021928 720695800
358161331 485997015
4536575 361063951
881474007 983269853
369737731 794582173
653219743 997763461
796840926 905973912
204959643 213260894
99999995 100521798
532901349 573460190
9998 93000
9998 866028
266079269 595180344
562855822 761346073
682913311 694553871
466131419 545877867
98 870717
192373458 290941981
918604608 998994778
89 65990
228100063 241003587
99998 407920
8 681539
99999995 100242903
8 755468
8 197453
409888747 804865537
8 104227
99998 644088
822242372 918129445
877736732 949663998
998 672997
87905765 142609942
829029255 917777332
98 749135
99999995 100778109
393361182 952685363
8 600278
136608134 898077200
323152062 722735374
452953968 618934905
875264677 876606712
99998 256471
1287905 787468261
949550754 972946932
9998 343341
28300961 564727371
952937378 967332494
231437117 839589772
710671566 884043735
99999995 100577879
733291161 817962443
662008388 775811208
863127722 984401053
8 916615
92322199 751391287
112758910 606158115
434529116 919535877
175726432 922143919
89 34945
112690317 814999363
341041581 589677913
486098398 803727728
89 28624
998 488104
984587065 984697994
9998 515108
109573860 643289471
934517410 942784335
640589608 815253790
195110650 205482440
99998 241056
998 572661
992714705 999641250
882507368 920230863
9998 215322
99999995 100349360
989402503 993081237
9998 208903
98 486975
8 80299
226553057 941451700
9998 278494
99999995 100770607
8 190378
767790264 961810391
961864973 987080256
8 845870
9998 909014
9998 272327
998 896422
9998 123758
759990172 802085525
707661612 980127952
327180209 575128593
831123677 916832173
8 280438
514694038 942644040
553807467 914628659
8 359696
584987147 596788523
99999995 100262581
9998 334230
386974714 892037489
58978733 769688859
511083490 785125782
807918855 998890017
698177435 871047066
591197642 645569949
266909265 756688074
136726909 622701318
218575118 387742163
583454031 793803829
677004717 838526831
774915942 796157004
47728221 658215843
401572297 495583986
573518510 831723639
99998 826584
99999995 100014266
427492660 847680805
384710541 898968787
919079597 931030673
165494650 794296990
633343588 817276915
99999995 100710528
69303354 938536864
297368220 562157066
431143185 501100635
9998 919436
97231308 339873029
8 786949
678958249 856511479
98 711473
308748062 441958628
8 808264
6525344 631541905
998 75184
883111142 947331742
98 671393
11886079 191465339
647246841 976491025
9998 851654
9998 189705
89 495763
886460078 959689444
271152353 427910236
99999995 100849143
997550897 999759298
99998 511522
553669383 871988962
89 916489
224557074 443252501
99999995 100372569
651008683 898916594
146296628 175262329
7663500 640550245
9998 228031
8 141808
168047065 629978537
622171485 840056596
551014731 979951802
9998 644650
831179573 873391032
201054536 240019274
785789495 908109792
219468454 451099953
737882295 757990337
99999995 100018326
9998 783271
665736053 925629269
926797034 960870006
8 692313
807442281 889582135
302827811 386034454
538425265 615145054
99998 523578
820777702 837073271
998 860730
98 771324
317299298 563740989
27246587 478824051
998 741078
9998 369472
358729452 365275634
98 725738
981804471 989034795
659514335 837842122
263939260 290221231
998 721311
994180919 997727154
975849344 993891054
9998 84856
156631144 871343985
948324078 991153155
550310038 783839130
99999995 100230474
417157779 615145475
666091257 751826257
124117662 344573761
99998 110941
9998 762143
701542367 997177303
362322037 422648875
271342453 859746760
650922794 876328638
708408456 863236932
595063928 629940667
9998 225435
167871398 704672800
99998 1001141
98 802498
620250875 829240122
130008164 994830752
570535051 777850078
8 478085
34050345 408917248
67339096 664299932
431070348 470444823
629449690 757695346
998 980203
9998 915040
9998 154768
365770154 669720860
452417391 601742052
640364655 654072949
998 123952
631957806 943782584
8 167704
107369160 422244073
88231376 908124146
561599505 992863757
761393372 897930459
795678838 909043605
99998 361047
850786614 952469747
966047226 980824711
188692313 395724326
914524040 997951120
934238412 955092555
382175307 984540344
8 598814
3003107 389965721
210128937 500227927
243462962 985319538
484570169 601529976
8 477569
197656787 804518144
8 87510
190984214 840715343
998 844158
998 121973
30797809 431911038
9998 549311
9998 535474
616115477 618180219
89 83037
766634760 966219487
300675219 772074366
9998 76803
550421966 752787691
89 858637
221430819 361321241
9998 669750
65076719 454944544
99999995 100584321
864292924 900286152
456472508 601129318
89 836105
387895266 447005002
412547909 687241068
99999995 100416039
334151837 910195474
622417523 878941419
99999995 100607964
117781744 853521104
698857141 717774726
840942578 956713528
99998 162305
98 563035
8104203 919664291
922254458 990502614
98 619561
179063348 413373617
963321761 985439169
318591836 739006521
9998 387893
8 626470
924896799 994182493
416652077 909848398
832543531 975190008
572314363 909627098
98 624583
187899860 932336020
722985181 766270793
234021408 509554121
789199773 841684915
89 238666
98 616855
727968968 872751988
98 855903
99999995 100343663
404262739 630392067
555146624 705777863
872061421 922826928
99998 1082048
137561127 888355527
98 827709
99999995 100057596
897824450 960245518
8 658261
192646323 337670541
612386618 643422062
599389722 964786133
998 689761
99999995 100376275
547364615 613939530
9998 216439
99998 322626
40459919 579923073
381687079 676412733
388890007 826906297
99999995 100238551
799585274 888242108
809432051 873564223
791808470 939026165
129764560 405548065
147813391 226233080
98 276286
808272762 898538225
472933770 730827785
99998 185891
457190640 823981548
91035790 688045600
138756530 600899292
99999995 100071237
99998 856914
833715858 849823048
558306835 663389291
579321930 999497587
9998 122399
318614315 720600555
786631461 980679818
99999995 100031296
397037236 570456386
9998 21102
356232299 758001283
730454766 903980762
49491915 618287433
994263847 999879872
99999995 100535921
958477367 996704917
941643642 963213403
99998 366970
266496880 943479934
89 616326
150003447 899686122
990498581 998885689
953218460 954872825
719678325 835844347
998 515378
843690950 866580688
797374909 994630624
252115068 295305601
99999995 100166287
209114212 731549826
916473986 961065687
324511442 755308851
569926587 924484685
627640306 715936674
89 732261
99999995 100894856
905327541 959693918
8 583343
861040181 886428431
511414409 944447686
906768972 954059270
980585582 996196939
149732668 256948048
98 992666
772371030 994129933
645200754 941135525
277225698 976047663
417669400 636390650
619667517 741322501
99998 846825
987334750 990547668
742719602 789890205
99998 622392
663101729 873203757
487149971 909926755
525957812 741057777
301425378 659722022
9998 466058
492095785 686462394
949295500 977035944
34404662 577294637
98 644590
998 380113
548604730 930045450
163200034 692148293
347987618 855630804
89 369534
182328208 804081806
469440308 799538018
625098892 672044023
9998 515528
998 462345
98 272498
236240598 960234687
9998 728915
9998 198382
373808799 628881489
92645567 358069593
589471313 646774489
420186549 700017432
611118158 786515768
2478907 56360337
998 941681
105641651 779372697
998 785113
524072510 730207985
877561533 900815805
998 683328
696352141 924198315
488897304 631822187
998 817381
923760846 932431764
822377686 893951914
9998 290298
259543549 688803073
98 447467
380445882 487228471
998 359329
790184412 797684533
9998 740760
8 999265
8 839167
99999995 100397222
327379010 552446583
562441384 660065828
8 748689
798917396 807439743
375942843 792864623
796945413 861505287
377735644 519832004
8 93264
998 523323
884535891 985985642
89 958554
654944231 901552175
98 726101
627162500 761374225
697975086 863445185
534414346 808075709
8 708562
947452838 960339735
636348721 674818138
99999995 100702556
998 48856
243861021 789057777
8 868582
61518103 375883952
13440588 777038571
158692159 817048472
8 585514
99998 358431
99998 788730
138100331 857663370
8 313441
844917120 979646046
393264882 850533435
626450307 967509940
89 580858
581155990 940451970
278296497 496586895
111592155 625902839
145124927 435086473
884560480 918908146
9998 914012
84595790 626035423
41461818 89860690
94221090 713111190
333338037 345265717
407051188 549816567
9998 221704
420145248 538811699
89 894149
951273214 971016316
671303961 913174162
98 964322
938920349 957560411
414740528 693155310
8 869565
656376584 950728465
89 195533
971160235 979911475
998 813760
755270388 877548712
9998 911277
600619465 967568040
421322500 731673700
495581620 827892477
99999995 100188528
622263240 635641505
677989837 742276784
89 126196
274706723 589395589
479777338 948433576
9998 157904
11731266 933463867
809011236 846373276
778817109 815136715
99999995 100499532
953192167 992638485
230941108 297227633
137727200 736516281
99999995 100820638
763878542 794909193
68425620 566276873
576403142 906410700
684930501 742394667
232214134 562146180
99998 420718
702225985 850710391
575622779 776160147
998 143555
89 369814
39660309 488630238
339745727 460128905
389863083 401227252
535228139 986688361
504067523 975011762
870626691 998551135
444612107 692198088
377902386 721757093
228885708 901252479
378113015 448350115
757942057 887674228
388297167 440682171
53777478 919458987
89 422646
82847411 962224689
92976036 722498464
249552748 911732484
89 832143
646459123 704807872
998 479340
859210186 926524893
204323573 865091791
9998 918132
918651876 967461776
99999995 100044360
798583702 959247670
99999995 100985421
589414735 698049863
637210283 750994165
701125988 709345868
868708121 902299283
98 943118
298366687 760804850
99998 898964
99999995 100504847
47941511 991043673
599155381 818061955
998 326538
64243928 817668829
383803381 696847803
900529650 905959551
98 193459
59032848 609660820
230034465 323800275
9998 986288
18136555 968845394
140928827 682831487
631710197 819239668
8 964479
49649459 774106012
89 872054
998 158552
502415513 648013983
471805709 908624333
525154764 899882406
608336237 680812165
351742415 838432502
99999995 100427300
998 863655
9998 203032
73790979 102882333
8 4896
98 353995
778995148 785053100
99999995 100091519
12952792 818064661
961100468 976284183
41014751 159493562
609068720 961461980
89 601268
99998 596506
967246803 989979360
314624331 619818580
177440624 280874095
715809476 892468231
310746006 866855324
936207319 978648356
8 883294
749170748 949422661
269917041 889506141
743223783 938831528
867928379 957808646
841450153 985162191
386993283 758861996
998 489212
98 551368
242524732 259617022
89 245013
98 715943
8 236958
99998 1086638
693476008 928033381
284416825 878306042
99999995 100870184
979792800 987826783
637958415 694262067
719551804 754201049
923964047 995364869
232736585 281895546
6428680 613560736
575084074 585971121
89 976499
99998 181891
99998 526878
176509177 999139290
13078249 442078584
216396206 338888586
99998 619887
5108477 879314937
251460373 561427739
99999995 100240808
911728962 947886044
303399671 870825682
359451545 929516171
779085207 898282033
939247602 940744939
977808312 992980033
669182942 926272047
8 30917
699208450 961383380
356675131 845318367
637114749 849229725
9998 463255
126617791 258173805
42433630 211083981
99998 475411
9998 723900
89 160813
998 786050
9998 820500
378044879 621341219
476356725 516380802
781256243 921557550
99998 786603
558570285 666253891
678161398 793987100
240793223 600304212
98 298331
99998 433588
331986825 977272613
98 372955
117482711 965203461
446758923 812009607
68531968 393406951
113651422 730306964
419999504 573991034
89 926407
78487186 595220756
89 307486
676417284 967668398
89 755
99999995 100381777
92690145 181149851
847343802 998247269
768325094 771540164
144442867 547815220
823072011 958379787
89121648 958845264
153562211 262357797
620684417 644344438
68945716 750112491
99998 274694
905871311 954388771
375263337 855341067
81855360 819241971
9998 220092
214210797 806263249
98 662573
16405146 438142192
99999995 100205351
601143743 636282362
413752148 572827260
17233615 448282212
718811913 953260753
145128550 632548102
140408975 196868244
321687164 969134047
98 256799
826682511 904463471
99998 397940
37786673 587378768
961756563 986025287
187339018 515256868
73315288 313192723
98 966581
574079289 579610998
8 693521
593314607 755543784
739853433 916812059
9998 124905
831043314 920852809
706572129 947372025
598759081 894964486
998 251381
652605695 715039862
200895744 603310950
103616023 266146700
8 72696
86142093 685014752
8 25691
998 241949
298537497 781192101
439617013 626997614
478602913 816360795
98 715542
278996223 469449292
8 297023
283281883 425015563
8 468497
8 307845
744387367 764930124
17402234 40697440
850113124 954065448
675305899 766542001
45333355 492781433
337291002 899123674
237318486 915266772
81965637 852530603
202986196 908971944
781456201 996949187
965754104 989694482
309553027 771604947
70700429 339598166
545680990 591583223
99999995 100895422
582814738 740319653
983325226 994155014
99999995 100163094
103610985 436973891
8 427033
99998 1046562
300104980 671538519
9998 731441
80478593 666826755
98 352474
144355618 351479972
998 637722
99998 743265
415887365 831053773
89 864725
99999995 100533280
99998 397518
755204477 984598298
690842033 948976074
89 557880
98 508360
655176577 733077284
736412152 967785713
416508435 990925978
98 31516
718162491 737999843
8 770851
12584736 140648073
806111781 957786931
8 311744
147473174 628129239
89 684687
798169790 804380399
562480110 731442194
99998 627232
441256349 851531587
998 821321
448439380 919433699
631930699 799873345
98 536357
76298667 260845379
99999995 100788423
760974854 897044284
99999995 100303882
146046967 746049472
427657018 531415685
89 735492
89 783387
789902771 803961748
888782723 984568893
65441025 330414523
988199093 988502941
825871048 839152773
8 864738
468156913 929260040
904330674 904409686
729035812 783745187
9998 448804
99998 757014
98 429698
99999995 100059053
878447040 944812575
203142631 896610987
299335488 380574902
89 28451
181423103 185344252
300909874 843975193
8 801538
291782410 994953813
895874928 912079465
404357605 539320425
352364354 794504906
8421084 914565338
717224759 813186966
98 906885
339972106 460475022
945101056 978312470
99998 791353
25207183 949859760
929604703 994815935
943831211 947005863
9998 360271
998 285497
99999995 100479894
998 358003
98 642357
9998 254318
335073899 428449131
949551703 979848332
8 523095
998 577458
561460932 947534285
17689755 613228403
998 639610
827859372 830134168
784508181 930205748
353059373 447839343
219612433 590956506
199530688 723959874
99999995 100388276
959071027 978902980
549205169 891518213
12629475 457856318
998 525162
769285883 927275540
670963567 824605291
89 894118
98 70773
9998 575872
8 820271
579248784 690782943
904526214 939707948
522365209 706650834
492455257 880924190
111776589 690981782
98 622885
304372101 617679600
9998 815358
99999995 100175178
255141358 504517657
8 80126
413025670 970671235
991817745 993610423
394842364 958149897
228811573 772503776
379332299 877946130
99999995 100420077
725719078 738106406
410879875 692268093
494637946 604049356
933503200 976214928
99999995 100754071
89 707312
945073624 986356258
871762420 989134413
779582878 801897868
95242266 460011940
828305458 881219024
99998 545227
224650913 605814626
35118984 52342550
729577154 994853792
488225831 602963682
114874080 932062279
751652357 959117901
162534149 425539660
780053861 793118455
524646615 984627839
708682012 721868012
8 77526
8 722867
99998 240346
127620264 596203052
160401829 927020509
385507254 545206388
521897399 863089788
377519883 665900653
342169127 400242815
432358089 443754816
803603640 926480280
590206131 626139807
8 81185
982270904 988535111
474812913 662142811
41671781 537173150
344836992 366658391
998 577643
919518325 967325379
429367931 999733289
786610077 906597441
127030227 741909050
665970253 969139586
89 8935
577363385 719694730
98 997522
99999995 100231682
642704282 804494368
159120249 512573229
707952568 735537758
995652934 998919497
805186793 877149599
99999995 100306781
397637495 819865172
696800591 712663856
848384693 927581606
647850113 657854022
994281010 997714864
789260687 817786073
626642312 868499113
977114338 988944795
99999995 100577888
824779475 936665250
998 426331
927081236 978082746
99999995 100016670
743932714 868876324
998 186348
585099258 888432813
436274692 902588378
652132864 827784971
597149343 835503499
9998 886492
308135698 542283153
72559749 783997974
89 941017
89 587846
98 519611
507319978 561749180
98 128793
58082051 728132035
473241710 633772038
998 533591
556548891 984839098
998 559456
996033986 997857646
272169119 291623903
40122000 849691582
9998 69917
118070619 324181831
816615763 868353159
998 727063
89 198790
200747787 723279484
9998 42276
641879568 966043293
278181823 436505728
98 292864
684328620 719446371
259790462 577907586
112909851 197845679
581197897 652696583
300014381 444002499
445618910 513449625
668255424 671562767
21013534 935512993
9998 528839
299109615 690040774
99998 551938
658537696 966456626
991231073 991324578
977383371 999623341
99998 542494
99998 1052462
99999995 100363744
861501509 938478728
960883273 997048796
99998 245548
99998 843413
471894141 920757593
89 19598
98 886449
8 115424
940481899 997232832
578680470 929663570
628300081 657447318
99998 366271
969257642 971700858
25595252 282992493
69807719 771583460
115904947 586095534
749976055 952180046
757796948 769370702
340145331 629763102
101847507 301226827
98 539055
867281981 992495432
30909959 648351312
758840565 928655773
253747435 292855712
98 439130
443075105 536648150
98 106072
881206905 888064207
650640272 837825004
98 152406
998 515557
98 672052
502221559 968647672
962207106 999568926
23241280 482363620
911714189 941791911
712616343 949198883
958430458 959923393
884259366 885181367
909696368 999904338
89 194475
513464846 759854382
8 628625
300608920 774605287
989516100 993976557
745967846 830261916
708433779 747171420
937529179 937571481
981629533 991722435
229277737 230089081
99999995 100652587
101297675 711717816
737980375 790391675
782658490 936403560
604949640 714318507
771085699 860839706
872085913 919763827
128329464 154833179
9998 973133
807856828 946424812
8 620196
71699227 591666947
998 413152
89 514310
419810534 891112346
278308544 764147990
497504938 789088282
9998 718057
114612116 856757065
152100828 625312737
998 401949
881009172 993452901
161396230 351676838
8 723015
98 613207
690750062 782646384
598059388 937532029
