9 109
9 90
9 999999990
9 100000009
9 123456789
9 100009
9 904932925
9 845870819
9 677786879
9 100009
9 100000009
9 348644749
9 100009
9 229406713
9 616986027
9 100009
9 100000009
9 100009
9 391322701
9 151664179
9 827877629
9 794591861
9 556628549
9 678890285
9 100009
9 100009
9 100009
9 466871439
9 100000009
9 100000009
9 879439310
9 985520076
9 695803326
9 100000009
9 100000009
9 100009
9 589322038
9 714014649
9 676716209
9 100000009
9 710831849
9 173001449
9 417072619
9 549820569
9 154777359
9 283017109
9 673347319
9 841179482
9 987974405
9 10009
9 284280169
9 135720919
9 377477395
9 100000009
9 314646419
9 100000009
9 100009
9 100000009
9 100000009
9 198903240
9 494585425
9 801502669
9 100009
9 543073749
9 784499845
9 100000009
9 198175869
9 648008589
9 992343530
9 100009
9 100009
9 100000009
9 822136129
9 100009
9 937963953
9 839158715
9 100009
9 542792339
9 892307739
9 157396744
9 100009
9 336151519
9 708649209
9 490084145
9 739890468
9 100000009
9 832400029
9 504271569
9 100009
9 781101495
9 109178115
9 100009
9 776300869
9 286701859
9 523144696
9 309956592
9 100009
9 100009
9 100009
9 100009
9 100009
9 100000009
9 100000009
9 100009
9 825906876
9 405395141
9 100009
9 107023579
9 100009
9 129163737
9 1000009
9 100009
9 100009
9 956943397
9 191053369
9 100000009
9 939052003
9 287207459
9 684608369
9 629559331
9 100009
9 703312489
9 10009
9 100000009
9 703066093
9 100009
9 482065209
9 596693029
9 100009
9 470140889
9 100009
9 701387049
9 616485029
9 460936306
9 266287389
9 311963476
9 150265695
9 221237129
9 100009
9 430626159
9 493460587
9 410188489
9 100009
9 114527249
9 277612972
9 427276819
9 10009
9 100009
9 652946148
9 100009
9 887056679
9 937822964
9 562625239
9 100009
9 468394046
9 100009
9 995916204
9 879561879
9 992522831
9 100009
9 100000009
9 781942664
9 100000009
9 100009
9 1000009
9 309957559
9 635942539
9 100009
9 123160798
9 543889121
9 100009
9 100000009
9 957622911
9 226629629
9 100009
9 256364089
9 100009
9 100009
9 100009
9 100000009
9 1000009
9 674240089
9 912765836
9 749297703
9 100009
9 10009
9 568449480
9 100000009
9 887747259
9 798833292
9 908437989
9 100009
9 126463991
9 737549764
9 793318426
9 10009
9 100000009
9 100000009
9 794296217
9 159016082
9 100009
9 100009
9 998923974
9 100009
9 100009
9 920234330
9 100000009
9 134484937
9 265582649
9 269222380
9 100000009
9 100009
9 100009
9 654302079
9 911246688
9 214580669
9 499416013
9 675092797
9 895480197
9 618726994
9 799148045
9 100009
9 100009
9 100009
9 219578261
9 100009
9 328890921
9 723394924
9 581635910
9 462662119
9 791193070
9 100009
9 100009
9 480248958
9 768794991
9 425227931
9 679596710
9 100009
9 241973181
9 100009
9 100009
9 100009
9 100009
9 797473625
9 100009
9 234297257
9 869475808
9 588433119
9 100009
9 100009
9 240447019
9 10009
9 100009
9 638217519
9 544382509
9 522416109
9 100009
9 893004487
9 100009
9 100009
9 872369233
9 100009
9 100009
9 10009
9 601691312
9 692321033
9 892151340
9 633945418
9 104230019
9 429707438
9 617386789
9 100009
9 177716389
9 10009
9 100009
9 672573429
9 830111029
9 181044719
9 491757785
9 768988158
9 100009
9 912107109
9 100000009
9 100009
9 742828289
9 965925552
9 606419246
9 100009
9 121595545
9 100009
9 241570229
9 917370911
9 469189233
9 136351569
9 365523934
9 100009
9 100009
9 307816489
9 100000009
9 720699347
9 276522669
9 100009
9 584463479
9 101680509
9 573364189
9 100009
9 476410029
9 426907407
9 532001279
9 634568829
9 100009
9 100009
9 788082119
9 100009
9 655549043
9 100000009
9 100000009
9 792144357
9 100000009
9 473399952
9 854570749
9 100009
9 258697630
9 665514689
9 100000009
9 614111629
9 100009
9 100000009
9 100009
9 289287421
9 100009
9 312022469
9 340640589
9 975892181
9 100009
9 287982424
9 100009
9 110465297
9 642493177
9 171126469
9 100009
9 526282259
9 100000009
9 245930977
9 100009
9 1000009
9 309857062
9 369112828
9 100000009
9 846880229
9 171798084
9 100009
9 100009
9 100009
9 907448641
9 992164926
9 612477179
9 100009
9 393263578
9 10009
9 736206189
9 365632198
9 845375199
9 100000009
9 100009
9 712114039
9 100000009
9 803504619
9 496885799
9 100009
9 100009
9 750864249
9 878147889
9 100009
9 100000009
9 563290413
9 615536539
9 599263704
9 464880679
9 100009
9 355082938
9 263759330
9 100000009
9 100009
9 100009
9 100009
9 290623906
9 720562629
9 100009
9 939344775
9 999154027
9 767783449
9 688738910
9 233056309
9 100009
9 171651619
9 100009
9 822255589
9 268536779
9 142642789
9 100009
9 596638090
9 100009
9 100009
9 997294639
9 614860449
9 100009
9 100009
9 533589399
9 320089457
9 534045479
9 551351549
9 100000009
9 100009
9 122376709
9 953203812
9 380715095
9 100009
9 100009
9 100009
9 612746945
9 510207189
9 163876509
9 10009
9 100009
9 633004159
9 197435568
9 345474369
9 336208291
9 278770289
9 867754291
9 10009
9 138525719
9 100000009
9 100009
9 888569351
9 100009
9 797918104
9 409770253
9 557710589
9 974793470
9 100009
9 568994501
9 100009
9 100009
9 100009
9 100009
9 677466619
9 100000009
9 950256411
9 766837209
9 632048309
9 376353659
9 10009
9 100009
9 229267781
9 237216189
9 25899778
9 692444004
9 768683359
9 100009
9 118270179
9 344582109
9 100009
9 100009
9 844131569
9 930879605
9 953846538
9 100009
9 100000009
9 100000009
9 610762069
9 100000009
9 394543026
9 566975091
9 673640971
9 116167729
9 100000009
9 892503392
9 10009
9 818490204
9 532577609
9 100009
9 100009
9 922002313
9 259815801
9 274794293
9 476792417
9 124088339
9 100000009
9 601392644
9 570157439
9 232542909
9 100009
9 100009
9 261606109
9 100009
9 10009
9 334022809
9 100000009
9 365790875
9 576095514
9 100009
9 100009
9 100009
9 100009
9 164309667
9 222077289
9 778924713
9 100009
9 911990612
9 100009
9 490919819
9 235770749
9 591489291
9 485562049
9 160452839
9 100009
9 100009
9 236557389
9 357442159
9 513288169
9 398580501
9 137140109
9 358842349
9 391428291
9 100009
9 236033981
9 384936482
9 100009
9 100000009
9 352359840
9 1000009
9 518087269
9 100009
9 901093986
9 100000009
9 100009
9 110741089
9 284402509
9 301896707
9 100009
9 100000009
9 100000009
9 593722106
9 100009
9 100009
9 1000009
9 100009
9 378998368
9 766341889
9 738180829
9 100009
9 100009
9 100009
9 321191752
9 733889705
9 798958505
9 100000009
9 407539692
9 597503223
9 333076829
9 125183279
9 100009
9 100009
9 100009
9 137435349
9 100009
9 100009
9 100000009
9 772369009
9 100009
9 100009
9 965965251
9 100009
9 940479394
9 100000009
9 756025947
9 339264542
9 650672609
9 100000009
9 924351474
9 173229544
9 823195871
9 100000009
9 100009
9 878735059
9 100009
9 100009
9 100009
9 160571879
9 121223529
9 100000009
9 100009
9 247462479
9 994186574
9 100000009
9 997042622
9 100009
9 100009
9 100000009
9 100000009
9 231147859
9 204105829
9 216070495
9 172724639
9 868974524
9 803660995
9 10009
9 100000009
9 100009
9 791697858
9 161745809
9 453884049
9 251896859
9 100009
9 100009
9 100009
9 809492125
9 809499239
9 538946216
9 100009
9 100009
9 100009
9 100000009
9 100000009
9 910827356
9 478749013
9 197385545
9 945173194
9 139736773
9 733076739
9 100009
9 100009
9 901867896
9 154759132
9 100009
9 100000009
9 100000009
9 100009
9 10009
9 201327259
9 100009
9 199462391
9 219428773
9 100009
9 100009
9 100009
9 394941002
9 993256775
9 285162019
9 321937302
9 683780369
9 100000009
9 100009
9 100000009
9 100009
9 427289974
9 100000009
9 568474219
9 724007309
9 100009
9 100000009
9 100009
9 100009
9 100000009
9 887570369
9 181812609
9 943558456
9 607200609
9 100000009
9 783899106
9 611068943
9 100000009
9 693267008
9 440407983
9 956623731
9 100009
9 405649317
9 315837479
9 204123839
9 383329390
9 733588719
9 137925009
9 988678110
9 498408609
9 843810889
9 798345080
9 100009
9 100000009
9 160742349
9 734549833
9 711258179
9 785365492
9 638962106
9 100009
9 100009
9 100000009
9 440075309
9 797074119
9 164093656
9 917032103
9 543660159
9 100009
9 100009
9 586921905
9 100000009
9 100009
9 100000009
9 744806294
9 127971675
9 100009
9 733896935
9 528066925
9 854599886
9 1000009
9 865000129
9 789491165
9 956564262
9 100009
9 863174549
9 100009
9 738435093
9 484204659
9 100009
9 156562179
9 859317748
9 626226069
9 992631256
9 100009
9 378385439
9 399002576
9 830601589
9 100009
9 136452289
9 1000009
9 100009
9 895604915
9 100000009
9 381010179
9 100009
9 449561345
9 321219963
9 100009
9 635061109
9 447363529
9 269687567
9 100009
9 100009
9 100009
9 100009
9 957683371
9 409370900
9 187080469
9 844243289
9 100009
9 100000009
9 934892735
9 810652559
9 100000009
9 100000009
9 100009
9 918717996
9 100009
9 100009
9 100009
9 943452892
9 100009
9 100009
9 1009
9 10009
9 192951209
9 630939431
9 602224659
9 100000009
9 602221519
9 445122639
9 100009
9 304486829
9 100009
9 100009
9 100009
9 225094010
9 741324943
9 100009
9 100000009
9 100009
9 10009
9 100009
9 177420409
9 314458019
9 100009
9 986635643
9 100009
9 100000009
9 100009
9 734435349
9 780430519
9 481433249
9 100009
9 805325379
9 100009
9 638979793
9 193529096
9 310614980
9 100009
9 291662363
9 503004119
9 836723179
9 698675190
9 100009
9 312902440
9 270616309
9 100000009
9 100009
9 754049848
9 100000009
9 100009
9 132354609
9 945393561
9 659861074
9 767732379
9 738985193
9 821668259
9 423840059
9 898939039
9 100009
9 337837197
9 623513059
9 100000009
9 100009
9 784249434
9 602700539
9 100009
9 100000009
9 100009
9 671534914
9 100009
9 657182819
9 100009
9 400032889
9 144512059
9 100009
9 520019141
9 100009
9 100009
9 552696893
9 100009
9 388214289
9 474878789
9 463926713
9 194555818
9 548067539
9 915892398
9 978428297
9 104131579
9 956196697
9 962899574
9 100009
9 355687489
9 603077669
9 665278921
9 390324530
9 100009
9 837104779
9 100000009
9 100009
9 100009
9 184074769
9 405424059
9 100000009
9 939323946
9 118169806
9 273750596
9 339308636
9 100009
9 100009
9 599184662
9 414535039
9 100009
9 575865589
9 587764669
9 708282059
9 591873858
9 19588948
9 100000009
9 100000009
9 100000009
9 771370489
9 560467279
9 100009
9 100000009
9 788302809
9 789527185
9 572016992
9 100000009
9 369445911
9 100009
9 418517029
9 680903883
9 100009
9 100000009
9 757856639
9 100009
9 100000009
9 690208434
9 100009
9 947799759
9 382918914
9 394375782
9 100000009
9 100009
9 165201569
9 581085209
9 481473889
9 100009
9 100009
9 317139753
9 100000009
9 478267749
9 1000009
9 100009
9 689865756
9 100009
9 792774981
9 343893869
9 100009
9 836459938
9 912283739
9 100009
9 100000009
9 159390200
9 10009
9 100009
9 100009
9 677595838
9 144963004
9 703847709
9 100000009
9 100000009
9 739714205
9 128150889
9 442283809
9 151007039
9 100009
9 100000009
9 727500229
9 178443192
9 306155169
9 100009
9 100009
9 196795635
9 100009
9 442457879
9 846695548
9 100009
9 100000009
9 743665609
9 363817559
9 702434629
9 606157339
9 110338489
9 100000009
9 238935429
9 100009
9 100009
9 100009
9 100009
9 714003019
9 10009
9 298841499
9 355208397
9 915905706
9 494634571
9 591452037
9 100009
9 100009
9 100009
9 100000009
9 100000009
9 119360426
9 819804020
9 100009
9 100000009
9 540604039
9 100009
9 511204529
9 215348390
9 689150503
9 100009
9 100000009
9 100009
9 985368681
9 604674259
9 100000009
9 407527969
9 100009
9 100009
9 347847769
9 522249905
9 100009
9 752058709
9 100009
9 772323209
9 139186669
9 152371459
9 871622490
9 10009
9 100009
9 42390412
9 891210662
9 351215169
9 100009
9 100000009
9 100009
9 100009
9 976407639
9 150044549
9 100009
9 951105160
9 100009
9 100009
9 856931905
9 106519732
9 100009
9 941662243
9 619784103
9 100009
9 100009
9 612677779
9 845541019
9 619182306
9 225488839
9 701203109
9 175806409
9 100009
9 798272233
9 696638974
9 100000009
9 100009
9 100009
9 890790323
9 379947401
9 10009
9 749311575
9 635345799
9 666837269
9 314790636
9 712075829
9 277077269
9 509118473
9 10009
9 832526179
9 411280911
9 100009
9 372289712
9 100009
9 284266529
9 686299880
9 704704917
9 403241679
9 974290150
9 100000009
9 118820194
9 348466159
9 908184312
9 200028349
9 466266089
9 100009
9 145949283
9 587662079
9 100000009
9 100009
9 942862475
9 100009
9 100009
9 10009
9 100009
9 100000009
9 100009
9 100009
9 100009
9 197262544
9 226508997
9 968798930
9 941679776
9 967765057
9 100009
9 555957450
9 10009
9 100009
9 259491193
9 486987087
9 1000009
9 100000009
9 100009
9 100000009
9 133939415
9 843541913
9 627167589
9 115064309
9 222950444
9 100009
9 881962213
9 100000009
9 100009
9 100009
9 100000009
9 774423859
9 100009
9 100009
9 100009
9 100009
9 267622908
9 797662840
9 100009
9 983004797
9 156320987
9 309889398
9 467476930
9 100009
9 811589569
9 100009
9 100009
9 100000009
9 100009
9 329927991
9 931911035
9 100009
9 639490387
9 499975117
9 100009
9 100000009
9 100009
9 714119886
9 866640649
9 845277439
9 981955328
9 422402329
9 616813892
9 100000009
9 100009
9 352265984
9 100009
9 904404071
9 100000009
9 100009
9 100009
9 100009
9 100009
9 824123269
9 100009
9 829488481
9 814136849
9 231048169
9 506619596
9 10009
9 100000009
9 262163019
9 598289755
9 100009
9 374357579
9 473603849
9 100009
9 627010497
9 100009
9 229874498
9 100009
9 100009
9 100009
9 530219381
9 454539474
9 100009
9 10009
9 100009
9 997288845
9 100000009
9 100009
9 156812190
9 595270861
9 100009
9 591144858
9 337001439
9 829659166
9 483650329
9 100009
9 100009
9 100009
9 100009
9 241840189
9 100000009
9 100009
9 100000009
9 100009
9 526485296
9 702652239
9 198840613
9 149511625
9 749329139
9 496224254
9 280411972
9 456143819
9 698434077
9 100009
9 177610439
9 100009
9 126055589
9 352671269
9 557019414
9 225766409
9 100009
9 567538915
9 100009
9 616524549
9 100009
9 100009
9 100009
9 279186182
9 100000009
9 100000009
9 303257069
9 100009
9 100009
9 350291421
9 100000009
9 148024789
9 321148859
9 941564284
9 898830108
9 225116197
9 100009
9 302079996
9 100009
9 554581409
9 209464542
9 542628409
9 169412006
9 137919130
9 100009
9 760965293
9 184348359
9 112892189
9 100009
9 739804256
9 832839477
9 100009
9 100000009
9 100009
9 487052917
9 984603578
9 100009
9 10009
9 721400659
9 385783097
9 100000009
9 638978556
9 693479912
9 391586045
9 397142822
9 528157119
9 916672810
9 821273960
9 832862129
9 942211224
9 481299255
9 484215983
9 100009
9 675738879
9 100000009
9 100000009
9 244705659
9 304907232
9 100009
9 320828957
9 100009
9 100009
9 189672263
9 972068184
9 100000009
9 100000009
9 100009
9 974905489
9 614590893
9 773793202
9 100000009
9 970343564
9 100009
9 10009
9 100000009
9 1000009
9 100009
9 220675970
9 663817869
9 264749028
9 784679393
9 100009
9 447520209
9 100000009
9 100009
9 288630289
9 100009
9 100000009
9 637926683
9 356915266
9 292564017
9 100000009
9 791666588
9 1000009
9 100009
9 100009
9 100009
9 10009
9 100009
9 1000009
9 744350419
9 815466595
9 208864269
9 100000009
9 100009
9 100000009
9 405907959
9 100000009
9 331527189
9 100009
9 185936156
9 100009
9 100000009
9 807202019
9 100009
9 100009
9 838605749
9 394922786
9 230503694
9 100009
9 739840915
9 481363159
9 100009
9 100000009
9 100009
9 617205619
9 719539229
9 100009
9 364630956
9 100009
9 447518009
9 416743719
9 100009
9 142954669
9 100009
9 655147319
9 910777039
9 100000009
9 100000009
9 100009
9 218975267
9 159316940
9 100000009
9 100009
9 983043611
9 219551017
9 100009
9 100000009
9 100009
9 146851709
9 100009
9 100000009
9 313624509
9 100009
9 174548916
9 952296216
9 823214439
9 100000009
9 549965906
9 100009
9 231864459
9 100000009
9 516170945
9 900260164
9 100009
9 100000009
9 100000009
9 100009
9 100009
9 100009
9 100000009
9 948359119
9 252224982
9 647498082
9 733893123
9 444594641
9 114620169
9 100009
9 270987813
9 100000009
9 588011809
9 591309608
9 624083679
9 524510639
9 732749056
9 100009
9 276185469
9 888429214
9 100000009
9 100009
9 100009
9 752791116
9 100009
9 100009
9 100009
9 100000009
9 100009
9 100744669
9 100009
9 100009
9 100009
9 990601519
9 100009
9 100000009
9 100000009
9 914231921
9 474616679
9 100000009
9 10009
9 100009
9 702491722
9 585900132
9 670171449
9 100009
9 755461519
9 100009
9 732709282
9 144945415
9 688177509
9 526136279
9 665340719
9 100000009
9 100009
9 100009
9 354309022
9 100009
9 968968881
9 100009
9 100009
9 10009
9 100009
9 435606009
9 502271993
9 252539438
9 100009
9 265502359
9 454729992
9 803518559
9 100009
9 499755271
9 100009
9 100009
9 100009
9 100009
9 942677388
9 319256544
9 10009
9 770499702
9 759210108
9 536356239
9 100000009
9 10009
9 1000009
9 841714409
9 271188019
9 797492946
9 491500370
9 100009
9 100009
9 100009
9 355721933
9 100009
9 770544449
9 272940373
9 644780699
9 494119570
9 100009
9 766340393
9 270195538
9 100009
9 100000009
9 100009
9 100000009
9 100009
9 100000009
9 207123389
9 100009
9 712481159
9 477330049
9 585876369
9 880966372
9 655199093
9 225959857
9 809742768
9 597528090
9 100009
9 100009
9 391731371
9 100000009
9 626260958
9 100009
9 924877752
9 100000009
9 838798243
9 100009
9 465288059
9 459720972
9 303153109
9 221745509
9 1000009
9 484465939
9 100009
9 12336289
9 145921186
9 1000009
9 40029172
9 460279750
9 807237729
9 100009
9 941191983
9 914672840
9 661769227
9 100000009
9 394668846
9 774694832
9 763695972
9 832743549
9 463446109
9 538574169
9 100009
9 773905772
9 100009
9 364124149
9 318037469
9 610243489
9 361744239
9 100009
9 100009
9 621588449
9 993083483
9 665088697
9 100009
9 457294009
9 216742179
9 620262629
9 100009
9 988656707
9 540520769
9 10009
9 100009
9 808963059
9 100009
9 100009
9 934290065
9 100000009
9 261139442
9 100009
9 204252839
9 937024148
9 100009
9 100009
9 926294217
9 100000009
9 100009
9 668417269
9 540037179
9 572929613
9 518876697
9 100000009
9 810651609
9 622930534
9 557220693
9 270307789
9 100009
9 100009
9 261405309
9 100009
9 452274719
9 853927435
9 100009
9 100009
9 433482589
9 753900114
9 853381729
9 845147239
9 10009
9 819628457
9 100009
9 227774879
9 475894976
9 980911271
9 973503250
9 100009
9 854619111
9 100000009
9 100009
9 100009
9 147015859
9 100009
9 884960437
9 991662438
9 225096644
9 100009
9 888143079
9 503034549
9 801675809
9 100000009
9 205926720
9 647023479
9 100009
9 813457309
9 100009
9 725171219
9 827596121
9 100009
9 100009
9 655324229
9 100009
9 229147525
9 377341759
9 376301839
9 103581329
9 879096905
9 100009
9 100009
9 100000009
9 339810065
9 946810219
9 100009
9 100000009
9 840195158
9 515296179
9 731630129
9 100000009
9 583879020
9 156224089
9 100009
9 100000009
9 933622116
9 801770109
9 818644269
9 320670089
9 100009
9 100009
9 17517289
9 146634229
9 297438921
9 978291586
9 100009
9 688065029
9 997528783
9 100009
9 144212997
9 757649721
9 969696813
9 100009
9 502181809
9 176652339
9 100000009
9 694318657
9 918788267
9 100009
9 100000009
9 470671839
9 100009
9 202837729
9 100009
9 291595484
9 100009
9 937607517
9 995075688
9 100009
9 323235695
9 384180059
9 207538849
9 100009
9 520604579
9 338375489
9 758243879
9 100009
9 100009
9 571418089
9 100009
9 311473679
9 100000009
9 100000009
9 160657349
9 100009
9 100000009
9 100000009
9 100000009
9 688669747
9 100009
9 649620671
9 508349045
9 334404059
9 100009
9 852577479
9 504853559
9 741811296
9 100009
9 284670709
9 100009
9 1000009
9 100009
9 100000009
9 428157119
9 317750859
9 536068019
9 100009
9 590561131
9 941927184
9 100009
9 587980533
9 100000009
9 300952799
9 195944681
9 928986711
9 296203530
9 304695209
9 690122470
9 183218498
9 437780719
9 100000009
9 551488389
9 761980953
9 298268722
9 100009
9 761597418
9 273303049
9 782085439
9 940896193
9 475638729
9 100000009
9 100000009
9 412766329
9 100009
9 100009
9 688722891
9 441907402
9 331212298
9 100009
9 100009
9 274936262
9 100000009
9 460646339
9 100009
9 100000009
9 100000009
9 100009
9 890974531
9 223603693
9 989793671
9 401563869
9 100009
9 921204540
9 824336819
9 257324239
9 414468169
9 862450559
9 783939579
9 297141625
9 926637338
9 554648189
9 100009
9 100000009
9 933988210
9 100009
9 100009
9 100000009
9 100009
9 467691319
9 743441009
9 439336816
9 100000009
9 954082162
9 100009
9 100009
9 996494853
9 646531089
9 506680279
9 100009
9 637574659
9 175608409
9 749825064
9 885550859
9 395916594
9 766763719
9 504177409
9 488761269
9 757796256
9 100000009
9 204742669
9 589708831
9 931838687
9 100009
9 799753687
9 160718719
9 565913633
9 100009
9 450251559
9 100009
9 258245709
9 471566749
9 100009
9 373838719
9 882047059
9 300978090
9 100009
9 595405354
9 274850096
9 973777873
9 100000009
9 201624694
9 100009
9 100009
9 100000009
9 189644502
9 163257249
9 586982312
9 648183549
9 654911086
9 797986965
9 100009
9 951494655
9 100009
9 877870539
9 633134629
9 893272676
9 100009
9 100009
9 816498251
9 256836990
9 303121903
9 100000009
9 914262363
9 100009
9 523000549
9 639765606
9 733752889
9 100000009
9 265577469
9 909119035
9 581077981
9 889329110
9 100009
9 186335859
9 100009
9 100009
9 109327285
9 1000009
9 896339520
9 100009
9 351475396
9 186861092
9 186986786
9 373008109
9 100000009
9 923805608
9 100009
9 100009
9 100009
9 10009
9 200418739
9 100009
9 803284159
9 587421879
9 843569198
9 100000009
9 939643555
9 100009
9 30343209
9 132658987
9 621329163
9 121665689
9 100009
9 531629130
9 100000009
9 100009
9 835169050
9 540602669
9 100009
9 882373279
9 100000009
9 266964305
9 100009
9 316208509
9 524418890
9 109
9 100009
9 268868591
9 430250379
9 100009
9 1009
9 100009
9 100009
9 462026979
9 1000009
9 100009
9 656628659
9 100009
9 100000009
9 100009
9 826084109
9 100009
9 100009
9 484035595
9 780347297
9 140541961
9 100009
9 100009
9 916496763
9 132108912
9 100000009
9 217744349
9 100000009
9 100000009
9 100009
9 100009
9 10009
9 982542074
9 372779302
9 100009
9 100000009
9 100009
9 608650009
9 836040089
9 100000009
9 100009
9 805514009
9 845027494
9 100000009
9 100009
9 830306329
9 100009
9 100009
9 100000009
9 100009
9 759972406
9 114941752
9 319833632
9 540621849
9 482951555
9 100009
9 893223294
9 821232009
9 770652901
9 942961969
9 743468309
9 100009
9 859536921
9 623342409
9 100000009
9 915166454
9 219222411
9 100009
9 100009
9 925142307
9 100009
9 114146219
9 100009
9 703734559
9 432832759
9 100000009
9 826265439
9 401958944
9 829336074
9 380033339
9 100009
9 522668297
9 876229547
9 100009
9 100009
9 100009
9 100009
9 100009
9 440050839
9 533841749
9 795918394
9 673077935
9 100009
9 100009
9 100000009
9 100009
9 690156971
9 339617702
9 100009
9 420716569
9 828695534
9 114071999
9 100009
9 100000009
9 100009
9 434581249
9 100009
9 932025917
9 770111609
9 187722549
9 100009
9 747777719
9 100009
9 381442459
9 100009
9 100009
9 100000009
9 602639349
9 673510496
9 454909338
9 485095904
9 506255769
9 673422699
9 172359422
9 722071579
9 834588719
9 10009
9 100009
9 100009
9 100000009
9 341778649
9 522193151
9 100009
9 134026739
9 360771459
9 100009
9 100009
9 183770269
9 822296341
9 100009
9 100009
9 198270976
9 746662699
9 10009
9 10009
9 903136436
9 994603644
9 100000009
9 100009
9 532177149
9 100009
9 530673795
9 241361019
9 322398332
9 378543079
9 850632789
9 309688017
9 262219583
9 308244529
9 100009
9 100000009
9 100000009
9 322506009
9 951507669
9 954280027
9 100000009
9 100000009
9 227111589
9 100000009
9 100009
9 837032709
9 877732849
9 116449796
9 464786559
9 100009
9 556224239
9 985372055
9 327060229
9 512143159
9 545054859
9 100009
9 638317259
9 617587009
9 100000009
9 240788629
9 100000009
9 643679712
9 100009
9 100009
9 100009
9 100009
9 100009
9 100009
9 511056197
9 173513139
9 798407925
9 100009
9 100000009
9 761416789
9 100009
9 100009
9 100009
9 100000009
9 206659372
9 677545901
9 100000009
9 100009
9 995102745
9 278432179
9 100009
9 100009
9 100000009
9 100009
9 100000009
9 10009
9 857044509
9 483882479
9 176683069
9 100009
9 592448416
9 807371339
9 346592324
9 100009
9 726317509
9 100000009
9 199211817
9 100009
9 919187109
9 571688795
9 930882533
9 545571149
9 700164129
9 353187592
9 100000009
9 673541969
9 100009
9 917992086
9 10009
9 100009
9 100009
9 100009
9 216704839
9 827729393
9 106951167
9 623697029
9 991566481
9 100009
9 859611660
9 100009
9 528188219
9 883319534
9 695360902
9 754693823
9 100000009
9 100009
9 100000009
9 100009
9 100009
9 176209787
9 100009
9 100000009
9 899237368
9 736911135
9 479763455
9 100009
9 100000009
9 293151869
9 521971875
9 432285709
9 199779834
9 10009
9 654977995
9 100000009
9 398386499
9 100009
9 336755779
9 628436917
9 487948424
9 100009
9 494104653
9 100009
9 429227910
9 742012359
9 100000009
9 606305019
9 100000009
9 891742251
9 536888291
9 100000009
9 279761349
9 100009
9 624340429
9 961178012
9 100009
9 100009
9 140740179
9 100009
9 100000009
9 100000009
9 100009
9 100009
9 100009
9 500433749
9 654132829
9 100000009
9 100000009
9 300382498
9 717684189
9 100009
9 279384512
9 100000009
9 128763190
9 874079591
9 100000009
9 630747769
9 964363105
9 100009
9 100009
9 545691067
9 124588694
9 100009
9 100009
9 961027324
9 100009
9 817538984
9 500248869
9 100000009
9 100000009
9 922763351
9 116697660
9 100000009
9 684999355
9 514530509
9 100009
9 10009
9 273700679
9 100000009
9 313033009
9 692655715
9 100009
9 496362233
9 323109501
9 680139329
9 100009
9 651608789
9 100009
9 100000009
9 962117071
9 100000009
9 100000009
9 100000009
9 819348234
9 100009
9 100009
9 833376279
9 100000009
9 10009
9 100009
9 100009
9 456902728
9 335229126
9 683392508
9 495829265
9 100009
9 584464519
9 670937320
9 800243949
9 214259987
9 1009
9 672635129
9 303212169
9 172194196
9 100000009
9 441793499
9 100009
9 10009
9 100009
9 930942104
9 100009
9 100000009
9 100000009
9 932173408
9 915707443
9 100000009
9 412982851
9 630845449
9 100009
9 100000009
9 759610982
9 823749509
9 826083719
9 100009
9 456807339
9 848413259
9 101266092
9 796443733
9 529299806
9 100009
9 100009
9 967309925
9 120152689
9 100009
9 195696634
9 513656429
9 935562696
9 100009
9 100000009
9 918989995
9 100009
9 355037590
9 576547819
9 524746439
9 819082176
9 173608889
9 751909351
9 286621960
9 100009
9 100000009
9 580997332
9 542991701
9 640165619
9 263293302
9 100009
9 968226665
9 100009
9 658904220
9 138100849
9 413560986
9 564935137
9 233854669
9 100009
9 100009
9 909143881
9 100009
9 860256789
9 835881839
9 188767179
9 100009
9 330771769
9 100009
9 100009
9 100009
9 153637719
9 152705459
9 682320379
9 992207702
9 100009
9 100009
9 100000009
9 499025343
9 423534489
9 100009
9 100000009
9 100000009
9 10009
9 100000009
9 100009
9 100009
9 184738459
9 889164268
9 803116089
9 967149191
9 100009
9 100009
9 330404389
9 100009
9 713080769
9 929850757
9 100009
9 100009
9 400781799
9 100009
9 262400191
9 100009
9 100009
9 100009
9 100000009
9 998370349
9 583307669
9 481344249
9 566761269
9 196100669
9 739774004
9 100009
9 100009
9 100009
9 80758379
9 260127059
9 100000009
9 351424139
9 100009
9 195243229
9 10009
9 908341265
9 224458249
9 974358518
9 100009
9 406950313
9 491607362
9 509771683
9 10009
9 10009
9 100009
9 136297699
9 858335519
9 512312479
9 100009
9 364879674
9 971664887
9 937050160
9 100000009
9 376618459
9 161153759
9 10009
9 100009
9 100000009
9 306127619
9 282243589
9 100009
9 742162994
9 590062741
9 115710739
9 100009
9 195858717
9 100009
9 572586669
9 866746539
9 100009
9 104745059
9 389598619
9 180758069
9 100009
9 284930050
9 1000009
9 694068432
9 100009
9 718239548
9 109117593
9 100009
9 100009
9 100009
9 100009
9 100009
9 766550749
9 100009
9 686538956
9 133250839
9 167440629
9 254708049
9 100000009
9 962307492
9 273302359
9 710513569
9 314967387
9 936144229
9 982137052
9 757833829
9 387234789
9 978536040
9 100000009
9 517576729
9 601602988
9 139502735
9 711766997
9 100000009
9 541336549
9 682068859
9 431058249
9 100000009
9 10009
9 100009
9 100009
9 100009
9 462595716
9 982445622
9 639887755
9 880548749
9 100009
9 100009
9 100009
9 100009
9 100009
9 100009
9 100009
9 279676152
9 100009
9 764277509
9 549429929
9 100009
9 632225459
9 10000009
9 100009
9 139737859
9 233095483
9 100009
9 489237302
9 385207819
9 804304309
9 633722329
9 313987503
9 620021159
9 165251954
9 100000009
9 711545619
9 100000009
9 100009
9 10000009
9 651122459
9 741126290
9 774947159
9 111679204
9 308514529
9 483256639
9 924275905
9 100009
9 491697367
9 328212798
9 953028584
9 692968453
9 658546029
9 722258969
9 926212523
9 152778179
9 827627279
9 290323761
9 634669567
9 612042709
9 1009
9 737761319
9 100009
9 326057459
9 100009
9 529115831
9 556628239
9 100009
9 336101339
9 100000009
9 100000009
9 508027179
9 564383479
9 100000009
9 571860139
9 876192498
9 130867359
9 567172769
9 263291693
9 236827998
9 192820200
9 100009
9 547915105
9 544602459
9 100009
9 100009
9 100009
9 100009
9 676574980
9 226748509
9 784626391
9 879122855
9 858506059
9 100000009
9 585541449
9 519195779
9 310561459
9 100009
9 641482029
9 114476809
9 978251265
9 100009
9 800576689
9 935743882
9 100000009
9 201723119
9 461250229
9 138576629
9 543240009
9 223840119
9 619124554
9 100009
9 510539806
9 683003739
9 479704836
9 526556099
9 572517596
9 169937682
9 100009
9 100009
9 481838069
9 100000009
9 123157932
9 900817928
9 100009
9 255407249
9 801191806
9 100009
9 688494349
9 543068789
9 100009
9 662472279
9 705496617
9 100009
9 695113614
9 100009
9 100000009
9 450340139
9 100009
9 1000009
9 910838467
9 856684598
9 656759844
9 100009
9 100009
9 100000009
9 100000009
9 100009
9 321782119
9 776420978
9 100009
9 100009
9 115662239
9 740935178
9 100009
9 923792370
9 282811149
9 174247649
9 100009
9 100000009
9 100009
9 677945980
9 379386212
9 934689530
9 109737091
9 100000009
9 807245849
9 389644481
9 888294601
9 857874869
9 100009
9 918916007
9 100009
9 100000009
9 100009
9 100009
9 619464372
9 998133184
9 368998434
9 427088900
9 335910083
9 667286449
9 100009
9 371768093
9 325563579
9 100009
9 928586255
9 997526771
9 671104129
9 340133289
9 100000009
9 250977961
9 885192976
9 100009
9 497918322
9 621409352
9 746779453
9 796050437
9 654122394
9 983672503
9 100009
9 100009
9 100009
9 10009
9 853311409
9 732768859
9 954235713
9 100009
9 100009
9 100009
9 10009
9 100009
9 100000009
9 653671269
9 221922787
9 321069321
9 100009
9 539811690
9 100009
9 236659790
9 100009
9 100009
9 100009
9 653503959
9 100009
9 100009
9 870180379
9 830268129
9 809423794
9 490838948
9 556271859
9 658729965
9 271766189
9 386976319
9 211969724
9 100009
9 933668655
9 100009
9 100009
9 871897841
9 227558679
9 610194604
9 10009
9 100000009
9 10009
9 372001309
9 100009
9 100009
9 100000009
9 100009
9 477246759
9 885777819
9 100009
9 135088669
9 100009
9 286391171
9 100009
9 196303944
9 771117629
9 724122269
9 100000009
9 583784794
9 609223040
9 887250579
9 443403879
9 982916430
9 872387977
9 492337575
9 739247724
9 100000009
9 752811978
9 739775625
9 843775494
9 524436649
9 634069673
9 489318807
9 100009
9 954130401
9 100009
9 604950959
9 100000009
9 755669105
9 100009
9 336984223
9 100009
9 700168869
9 989536300
9 466832179
9 108663039
9 502518249
9 100000009
9 100009
9 136166319
9 395340231
9 100009
9 159471249
9 100009
9 858490335
9 100009
9 100009
9 100009
9 981719341
9 613685589
9 100009
9 416946669
9 100009
9 624525189
9 271759582
9 240654019
9 100009
9 760301859
9 768886709
9 100000009
9 728579798
9 100009
9 100009
9 190722244
9 100009
9 798245266
9 451700229
9 970971568
9 847162129
9 100000009
9 547027649
9 100009
9 307613509
9 856417659
9 881016449
9 315754719
9 320176479
9 859417763
9 100009
9 10009
9 10009
9 100009
9 100009
9 379640956
9 671201919
9 826807796
9 795235903
9 435906221
9 10009
9 434820129
9 100009
9 741051329
9 600056889
9 378136309
9 100009
9 100000009
9 740287249
9 100000009
9 516296636
9 629495915
9 716677689
9 100009
9 253248709
9 674987190
9 100009
9 100009
9 10009
9 100000009
9 111389447
9 780841559
9 675131209
9 1000009
9 100009
9 100009
9 667366901
9 100009
9 990705256
9 794886261
9 307392497
9 958400044
9 751280069
9 539136701
9 10009
9 437661369
9 100009
9 826785619
9 599657230
9 100009
9 322495483
9 512222982
9 100009
9 100009
9 100009
9 354219068
9 514865659
9 136942708
9 100000009
9 100000009
9 100000009
9 354014295
9 885556392
9 100000009
9 894311371
9 832242809
9 10009
9 100009
9 385014971
9 408315749
9 191389937
9 857026917
9 100009
9 549192506
9 945785125
9 373698650
9 100009
9 100009
9 498640689
9 100000009
9 336860689
9 512322219
9 377917827
9 683100913
9 100009
9 302820189
9 934810111
9 100009
9 100009
9 594753837
9 100000009
9 10009
9 100009
9 1000009
9 677376529
9 100009
9 100009
9 100009
9 100009
9 100009
9 231065694
9 100009
9 772142819
9 813893187
9 771645119
9 974260142
9 900167883
9 100009
9 100009
9 260954057
9 503913678
9 100009
9 927529864
9 170101893
9 632612090
9 100009
9 100009
9 100009
9 314739801
9 1000009
9 100009
9 100009
9 100009
9 956135436
9 291248503
9 481158982
9 100000009
9 100009
9 100009
9 100009
9 100009
9 100009
9 100009
9 748682539
9 861140739
9 100009
9 239482230
9 100000009
9 266180209
9 100009
9 10009
9 343578619
9 100009
9 100009
9 100000009
9 580133988
9 102563609
9 100009
9 115112579
9 605836974
9 333707129
9 160619353
9 100000009
9 100009
9 100009
9 232828069
9 100009
9 170004392
9 100000009
9 500316709
9 583288559
9 871211394
9 693781653
9 10009
9 100009
9 404941863
9 761513209
9 10009
9 100009
9 100000009
9 678306029
9 100009
9 325614619
9 100009
9 474703519
9 526901498
9 274115179
9 734179600
9 399372625
9 748270119
9 648735859
9 100000009
9 333129768
9 405857759
9 419922392
9 439948658
9 100009
9 610069104
9 777163991
9 392042961
9 100009
9 100009
9 100000009
9 629844487
9 904556263
9 733783439
9 337713539
9 100009
9 207175910
9 100000009
9 487472229
9 387020259
9 243721709
9 100009
9 100009
9 100009
9 100009
9 761646259
9 793284909
9 916283643
9 734539777
9 100009
9 100009
9 733937022
9 167746819
9 100009
9 831722809
9 582828937
9 742919058
9 449757689
9 100009
9 100009
9 307702459
9 100009
9 464673239
9 100000009
9 193630630
9 100009
9 790019467
9 100009
9 523679100
9 510891481
9 567944593
9 112371909
9 100009
9 357297753
9 100009
9 821701539
9 10009
9 899120391
9 580320609
9 100009
9 100009
9 100009
9 507130129
9 533608019
9 878394487
9 100009
9 100009
9 476392154
9 143941379
9 967595589
9 138193185
9 100009
9 100000009
9 100009
9 111878972
9 824735149
9 100009
9 659059211
9 960966164
9 100000009
9 100009
9 100000009
9 495333103
9 100009
9 897787999
9 1000009
9 145599578
9 532857159
9 676077389
9 293749270
9 100009
9 234224869
9 100000009
9 770113669
9 100009
9 499821856
9 100009
9 100000009
9 834868971
9 307797367
9 100000009
9 434447249
9 100009
9 624837079
9 100000009
9 100009
9 747289214
9 100009
9 100000009
9 909833173
9 254218859
9 433467489
9 100009
9 100000009
9 100009
9 613552289
9 942775122
9 828973105
9 107210249
9 229177334
9 791172231
9 877153739
9 662034609
9 826855809
9 719069500
9 540086829
9 690071711
9 100009
9 100000009
9 857287709
9 811506529
9 100009
9 100000009
9 100009
9 100000009
9 100000009
9 100009
9 585778019
9 676159831
9 100009
9 887410669
9 271253509
9 100000009
9 100000009
9 100009
9 100009
9 253429305
9 663632369
9 100009
9 100009
9 523988078
9 658271039
9 716567179
9 100009
9 100009
9 100009
9 910919984
9 549782093
9 823543609
9 260436429
9 716693410
9 644756908
9 100000009
9 496027662
9 406061089
9 241648639
9 191289324
9 512995591
9 100000009
9 159752849
9 685686709
9 100009
9 1009
9 192074782
9 655757709
9 10009
9 100009
9 677581492
9 132288159
9 819380453
9 100009
9 100009
9 375548539
9 351898892
9 100009
9 498475469
9 761518943
9 845644349
9 100009
9 100009
9 100009
9 100009
9 100009
9 935274965
9 910946973
9 837084943
9 100000009
9 100009
9 456914138
9 293238367
9 598471814
9 100000009
9 100009
9 150254089
9 489939481
9 991941948
9 365368429
9 335464890
9 842259998
9 338392705
9 594857165
9 505628189
9 100009
9 462927041
9 740035593
9 100009
9 505395445
9 100009
9 100000009
9 100000009
9 240518279
9 549003791
9 100009
9 100009
9 699491487
9 100009
9 100009
9 271053946
9 100009
9 575676229
9 100009
9 100009
9 641577159
9 560406369
9 100009
9 100009
9 922952494
9 887742109
9 100009
9 337639367
9 903764559
9 579208941
9 753752749
9 100000009
9 100009
9 744408089
9 100000009
9 399448198
9 100009
9 100009
9 168006139
9 10009
9 981293859
9 618414429
9 100009
9 10009
9 100000009
9 100009
9 450900869
9 204212759
9 999641886
9 841873779
9 100009
9 100009
9 505119348
9 836422943
9 100009
9 100009
9 385473895
9 558101619
9 985974167
9 860131839
9 866043439
9 100009
9 100009
9 100000009
9 100009
9 468251389
9 100009
9 100009
9 100009
9 100009
9 845117948
9 470564249
9 100000009
9 765815329
9 345498493
9 100009
9 675547559
9 604574639
9 658434059
9 100000009
9 252135429
9 596932930
9 100009
9 576047679
9 525774739
9 100009
9 100000009
9 509013675
9 913968237
9 100009
9 37980579
9 751721669
9 198130248
9 100009
9 701828579
9 150070079
9 692825943
9 604198007
9 100009
9 100009
9 100000009
9 702430639
9 100009
9 513648689
9 100000009
9 762538789
9 532039351
9 772182729
9 100009
9 565471889
9 100009
9 719485284
9 533703279
9 562845996
9 651006469
9 100000009
9 311612469
9 896260079
9 319290128
9 10009
9 238317930
9 100009
9 964108782
9 100009
9 100009
9 802956600
9 959276217
9 100009
9 100009
9 100000009
9 100009
9 947743074
9 981420770
9 100009
9 101762709
9 285324559
9 945740255
9 989682664
9 100000009
9 281107059
9 100009
9 429574135
9 186176869
9 100009
9 100000009
9 100000009
9 100009
9 100000009
9 10000009
9 216453109
9 100009
9 217898796
9 100009
9 952742515
9 100000009
9 693139668
9 100009
9 311734749
9 108392011
9 361098676
9 100009
9 100009
9 11279844
9 100009
9 971558499
9 100009
9 100009
9 239397078
9 100000009
9 515436839
9 588508419
9 870259133
9 100009
9 100000009
9 100009
9 100000009
9 899416580
9 10009
9 100009
9 100009
9 368654693
9 829582844
9 695531769
9 274554719
9 797961626
9 100000009
9 100000009
9 462055739
9 100009
9 413007879
9 224192345
9 744589908
9 100009
9 100009
9 408846905
9 100009
9 767973106
9 916151879
9 784831829
9 650995340
9 479157366
9 100009
9 100009
9 307898642
9 100009
9 664252669
9 100009
9 721451595
9 393167727
9 100000009
9 188226952
9 277376961
9 673156297
9 373912423
9 724933786
9 100000009
9 100009
9 174391985
9 100009
9 253720469
9 100009
9 392944322
9 100009
9 100000009
9 471165409
9 759708253
9 935056614
9 738878922
9 275476049
9 100009
9 100009
9 1000009
9 398728696
9 875536029
9 100009
9 514940514
9 100009
9 529735157
9 800959727
9 588971861
9 778972706
9 100009
9 715450259
9 643986942
9 100009
9 963197284
9 100009
9 650324957
9 356204639
9 413314319
9 823407739
9 147495923
9 659846319
9 100009
9 100009
9 621576985
9 100009
9 10009
9 100000009
9 418476089
9 605813129
9 169037329
9 10009
9 1000009
9 947525461
9 567849541
9 615241919
9 100000009
9 100000009
9 439668146
9 733438974
9 449466723
9 623030619
9 100009
9 495771992
9 990497605
9 100000009
9 750240938
9 676207759
9 894566294
9 100009
9 10009
9 439578547
9 558948500
9 100009
9 288911641
9 100009
9 139547468
9 427584139
9 892325715
9 674939895
9 577925317
9 100009
9 532165609
9 761722559
9 463141449
9 100009
9 100000009
9 100000009
9 598495727
9 360560519
9 864489312
9 100000009
9 100009
9 100000009
9 10009
9 947135942
9 100009
9 100009
9 100009
9 422045409
9 10009
9 883710079
9 100000009
9 100009
9 156807729
9 356678579
9 100009
9 646804579
9 100009
9 482949336
9 100009
9 1000009
9 100000009
9 100009
9 100009
9 100009
9 634121189
9 581563269
9 999778170
9 239986949
9 100009
9 656048839
9 100009
9 913998359
9 242829418
9 972739286
9 100009
9 493386620
9 331152279
9 722061839
9 100000009
9 100000009
9 100009
9 907105260
9 100009
9 100009
9 100000009
9 952834591
9 801896039
9 966334923
9 100009
9 100009
9 100000009
9 100009
9 885498751
9 304543009
9 100009
9 100009
9 100009
9 100000009
9 100000009
9 100000009
9 770280469
9 476561059
9 100000009
9 906387738
9 100000009
9 635512494
9 100009
9 986206198
9 439687410
9 100009
9 571291101
9 100009
9 100009
9 133221569
9 683982777
9 634230569
9 860960351
9 100009
9 100009
9 100000009
9 100009
9 100009
9 481793373
9 147353709
9 116575519
9 100009
9 100009
9 484489092
9 100000009
9 100009
9 100000009
9 100009
9 792877715
9 273921644
9 100009
9 504840239
9 353107409
9 100009
9 395414973
9 100000009
9 614882839
9 100009
9 259354391
9 630299852
9 880344829
9 721957361
9 110170569
9 576761739
9 829841178
9 100009
9 973884261
9 534978512
9 100000009
9 100009
9 667796666
9 729031737
9 100009
9 100000009
9 100009
9 100009
9 100009
9 134966832
9 476093835
9 174750139
9 100000009
9 209187579
9 741783249
9 100009
9 100009
9 377467359
9 100009
9 446689785
9 371000809
9 419136987
9 100000009
9 100000009
9 321133995
9 348225029
9 231111239
9 553840497
9 100009
9 331376269
9 100009
9 100000009
9 205788119
9 100009
9 458916084
9 979760647
9 100009
9 100009
9 100009
9 100009
9 568119574
9 100009
9 100000009
9 100000009
9 824033589
9 930700311
9 100009
9 743596500
9 765413009
9 100009
9 100009
9 165048889
9 622273259
9 100009
9 294187258
9 812533849
9 100009
9 362117179
9 736293772
9 362694165
9 762609929
9 245218679
9 517079691
9 100000009
9 100009
9 994960679
9 930585411
9 627836139
9 100009
9 492272597
9 100000009
9 122945926
9 858732709
9 100009
9 432606539
9 519616368
9 100000009
9 876106934
9 942446424
9 486466339
9 694783591
9 136782829
9 719149141
9 100009
9 476037269
9 602303519
9 628371279
9 100009
9 100009
9 100009
9 786033139
9 216250329
9 100009
9 747540892
9 100009
9 888697536
9 100009
9 173758709
9 611293973
9 236376859
9 130628529
9 622296946
9 331017299
9 100009
9 100009
9 866949361
9 103587319
9 100000009
9 337520769
9 701609399
9 343496724
9 411009096
9 38190714
9 648429963
9 100009
9 125480179
9 946472577
9 718731749
9 575086319
9 100009
9 278659990
9 100009
9 100009
9 100009
9 154024429
9 622413289
9 100009
9 100000009
9 100009
9 345227952
9 335837379
9 944352202
9 10009
9 100009
9 10009
9 100009
9 100000009
9 338571692
9 403908647
9 376290816
9 100009
9 957884844
9 100009
9 100009
9 481926737
9 100009
9 824999413
9 100000009
9 100009
9 843945942
9 100009
9 100009
9 896352318
9 631445529
9 345861369
9 204719148
9 136944915
9 497049999
9 182138479
9 100009
9 100009
9 690947560
9 949685232
9 607538309
9 605940528
9 100009
9 100000009
9 100000009
9 902117872
9 700054119
9 100009
9 284417709
9 1000009
9 100000009
9 943444036
9 429640954
9 100009
9 100009
9 333047329
9 100009
9 569490913
9 100009
9 100000009
9 100941876
9 100000009
9 518323389
9 297809870
9 347721329
9 10009
9 927059758
9 141245930
9 100009
9 936470981
9 127776809
9 100009
9 730851982
9 100009
9 199989625
9 1000009
9 912956560
9 100000009
9 796255861
9 444833789
9 100000009
9 878528529
9 435571619
9 106292519
9 100009
9 363972538
9 100009
9 752870319
9 195142135
9 100000009
9 586439662
9 387256349
9 100009
9 310283944
9 100009
9 470960156
9 987328245
9 100009
9 501470469
9 395144891
9 100000009
9 100009
9 100000009
9 327361689
9 100009
9 826765995
9 501912191
9 415358893
9 861194937
9 100000009
9 100000009
9 986803189
9 809148935
9 100000009
9 726276319
9 922003427
9 203180429
9 100000009
9 100009
9 100009
9 898415721
9 541622359
9 100009
9 138005951
9 608935678
9 100000009
9 450325579
9 370961227
9 865242149
9 276949811
9 100009
9 100009
9 100000009
9 100009
9 280167934
9 100000009
9 691802021
9 372553829
9 100009
9 100000009
9 10009
9 100009
9 412971942
9 727280129
9 100009
9 100009
9 479255285
9 949214119
9 290331475
9 100000009
9 100009
9 875180869
9 885147239
9 100009
9 100009
9 128751619
9 704056389
9 100000009
9 100009
9 100009
9 140350159
9 100009
9 100000009
9 763223569
9 168163029
9 800830932
9 838726498
9 100009
9 220361459
9 757337679
9 100000009
9 100009
9 719303194
9 100009
9 964149149
9 421075649
9 841199050
9 442702319
9 217196404
9 10009
9 100009
9 515229920
9 100009
9 252886369
9 100009
9 100009
9 100009
9 100000009
9 522788139
9 562151169
9 333395297
9 100000009
9 10009
9 873055309
9 720339212
9 100009
9 205949817
9 100009
9 417063902
9 100000009
9 100009
9 100009
9 100009
9 100009
9 100000009
9 100009
9 510675479
9 100009
9 100009
9 477047769
9 377926778
9 780622239
9 100009
9 217699647
9 100000009
9 100000009
9 207752904
9 100000009
9 638554549
9 100009
9 100009
9 333618989
9 100000009
9 394179960
9 100009
9 302551419
9 617452976
9 998043264
9 851407911
9 100009
9 100009
9 100009
9 100009
9 100009
9 1009
9 616745519
9 895257514
9 100000009
9 100009
9 100000009
9 375285194
9 100000009
9 314607849
9 100009
9 384569136
9 10009
9 841962121
9 617143879
9 100000009
9 100000009
9 365292098
9 777205539
9 633998101
9 100000009
9 618480987
9 100009
9 100009
9 594190479
9 218001019
9 100009
9 966148651
9 100009
9 100000009
9 10009
9 10009
9 883240329
9 840536309
9 853149261
9 100009
9 317951534
9 495587328
9 726691849
9 100000009
9 624116879
9 838871559
9 510292946
9 467897083
9 686414951
9 894884090
9 100009
9 606731359
9 103915539
9 485326392
9 100009
9 998385763
9 257695927
9 921383595
9 427209607
9 10009
9 215711829
9 733498776
9 852639444
9 361757679
9 947772850
9 100009
9 828743709
9 418429312
9 666637469
9 332323849
9 100009
9 100009
9 880225649
9 100000009
9 104429235
9 318961083
9 899523519
9 458464459
9 100000009
9 100009
9 358950247
9 966047556
9 100000009
9 100009
9 719779388
9 877884698
9 100009
9 413478879
9 100009
9 171211849
9 762858019
9 197624040
9 838838259
9 716975132
9 284846269
9 100009
9 961179966
9 743080329
9 100009
9 508926475
9 993729239
9 357875059
9 693446251
9 100009
9 666858119
9 559183286
9 690458956
9 200656579
9 663623956
9 894698019
9 385842719
9 161526279
9 533192362
9 739224340
9 691608947
9 100000009
9 100009
9 646112149
9 773697173
9 628432649
9 485229023
9 10009
9 822502923
9 100009
9 100009
9 272043879
9 100000009
9 743615039
9 100009
9 100009
9 100000009
9 100009
9 676813975
9 100000009
9 455441239
9 242626539
9 100009
9 694151206
9 900000642
9 100009
9 256092661
9 117416269
9 779322077
9 456642291
9 10009
9 100000009
9 628959076
9 164687719
9 755151579
9 618656769
9 100000009
9 100009
9 688577009
9 100000009
9 100009
9 100000009
9 132904285
9 100009
9 632965953
9 457281549
9 513902077
9 244728359
9 717060549
9 381913760
9 100009
9 353784629
9 100000009
9 100009
9 485183559
9 100009
9 100009
9 100009
9 468703946
9 100009
9 419796668
9 100009
9 773406249
9 100009
9 370761985
9 100009
9 316156369
9 100009
9 949304329
9 100009
9 100009
9 515496895
9 345286629
9 100000009
9 952051083
9 278623729
9 302598719
9 100009
9 960709277
9 876121509
9 100009
9 100009
9 260551659
9 100009
9 100009
9 859716423
9 100009
9 10009
9 100009
9 300475009
9 729093306
9 10009
9 769333388
9 100000009
9 188615957
9 366848649
9 793334712
9 100009
9 100009
9 916637205
9 481562349
9 998707746
9 1009
9 100009
9 633131119
9 232130389
9 100009
9 100000009
9 100000009
9 401096898
9 100009
9 693469337
9 344717097
9 889293226
9 588554209
9 504247789
9 732862039
9 10009
9 533153019
9 100000009
9 100009
9 100009
9 684680359
9 784151892
9 100009
9 100000009
9 100000009
9 100009
9 717705509
9 342602409
9 709658116
9 100009
9 100009
9 221635359
9 971773447
9 907989414
9 809892201
9 388315479
9 825176529
9 846539486
9 100009
9 823386679
9 340210509
9 133423349
9 100000009
9 100009
9 526292999
9 100009
9 100009
9 349371909
9 100009
9 588223397
9 100000009
9 194272262
9 421072319
9 100009
9 10009
9 532209144
9 736967045
9 100009
9 291922818
9 100009
9 100000009
9 663060789
9 100000009
9 975682608
9 100000009
9 436951445
9 100009
9 786991871
9 496865357
9 100009
9 361559519
9 100009
9 100000009
9 923734280
9 639921899
9 100009
9 431494365
9 100000009
9 298289349
9 709784985
9 100009
9 427896356
9 10009
9 10009
9 100009
9 519381282
9 644258579
9 100000009
9 922779630
9 100000009
9 986870468
9 631757239
9 451560098
9 100000009
9 189966536
9 525862689
9 929817140
9 620437249
9 100009
9 100009
9 229327334
9 100009
9 140192729
9 100009
9 561471946
9 143858649
9 100009
9 937698208
9 606371179
9 404148279
9 134785189
9 970859667
9 964522510
9 209416584
9 100009
9 100009
9 596019281
9 100000009
9 100009
9 185845509
9 702364492
9 175055095
9 795924554
9 100009
9 879117955
9 100009
9 100000009
9 100000009
9 111067390
9 941066745
9 455317839
9 100009
9 100009
9 991208388
9 900225272
9 572944293
9 887289676
9 917612072
9 100009
9 554161729
9 100000009
9 100009
9 100009
9 100000009
9 100009
9 100000009
9 976595442
9 628313769
9 10009
9 100009
9 948638810
9 976279509
9 100000009
9 786251879
9 842011029
9 497685619
9 596163415
9 100000009
9 100009
9 272829227
9 201942544
9 737759771
9 556054639
9 862708929
9 100000009
9 531081889
9 100009
9 100009
9 554061249
9 100000009
9 214380419
9 876296439
9 985183979
9 100009
9 100009
9 361487659
9 100009
9 100009
9 493250054
9 550798399
9 100009
9 316487796
9 707281974
9 687564209
9 911870554
9 100000009
9 125319451
9 1009
9 803651759
9 450821679
9 924403472
9 100009
9 273163279
9 100000009
9 807508549
9 100009
9 100009
9 738922822
9 129671896
9 357440391
9 100009
9 821966056
9 100009
9 100000009
9 210465079
9 649443293
9 407195320
9 665025479
9 100009
9 100000009
9 567002933
9 121387139
9 354657986
9 100009
9 198560969
9 917420509
9 100000009
9 100009
9 387159889
9 693853339
9 841609322
9 878755059
9 100009
9 615444549
9 100009
9 10000009
9 100009
9 100009
9 100009
9 337318429
9 258636389
9 100009
9 100009
9 979608283
9 375437239
9 100009
9 100009
9 377766169
9 769447869
9 363607096
9 100009
9 734097245
9 306401549
9 384468891
9 492538418
9 782083279
9 100000009
9 100009
9 153844309
9 448684519
9 283048729
9 100009
9 100009
9 165459965
9 100009
9 100000009
9 100009
9 100009
9 10009
9 901583753
9 663441019
9 729032928
9 142501289
9 100009
9 542209583
9 100000009
9 558538419
9 479236992
9 100000009
9 100009
9 100000009
9 799469817
9 808400559
9 100009
9 711880239
9 100000009
9 774589596
9 912335143
9 100009
9 786332796
9 453074549
9 882364659
9 49060702
9 797377241
9 100000009
9 441965535
9 456766549
9 468843339
9 100009
9 100009
9 637773629
9 100009
9 100009
9 795231135
9 603878891
9 100009
9 100009
9 100009
9 436515639
9 609185872
9 994569619
9 100000009
9 997570212
9 939875861
9 100009
9 371878089
9 477150709
9 314536119
9 941067898
9 100009
9 100009
9 100009
9 100009
9 100000009
9 380326519
9 358503049
9 100009
9 100009
9 10009
9 100009
9 701634079
9 125598042
9 532987775
9 100000009
9 420482629
9 147226798
9 100000009
9 10009
9 819126381
9 643040292
9 684515769
9 263487509
9 100000009
9 1000009
9 100000009
9 559203384
9 100009
9 422982304
9 652875998
9 502483089
9 100000009
9 100009
9 218033369
9 112255459
9 780788019
9 948086300
9 10009
9 100000009
9 629025463
9 806267759
9 100000009
9 501615963
9 944833568
9 992340887
9 790425015
9 100009
9 313151249
9 528406829
9 462646019
9 129433198
9 426437319
9 100000009
9 100009
9 746761759
9 100000009
9 100000009
9 719490833
9 139331301
9 100009
9 481096018
9 266709728
9 100000009
9 100000009
9 100009
9 950243024
9 100009
9 1000009
9 456771039
9 196364147
9 722254849
9 100000009
9 905375961
9 633079440
9 866391438
9 100009
9 379047549
9 100009
9 548358039
9 100009
9 182920496
9 282596720
9 770643594
9 600342649
9 280525679
9 748841879
9 10009
9 100000009
9 404925071
9 301928429
9 100009
9 289424307
9 745530729
9 100000009
9 100009
9 908036767
9 218128859
9 974069666
9 100009
9 138642982
9 100009
9 100009
9 100009
9 187681069
9 654480039
9 566218319
9 219200941
9 549723088
9 10009
9 100009
9 762867559
9 678678569
9 142470859
9 760774289
9 100009
9 100009
9 116657639
9 881439308
9 802236809
9 100009
9 10009
9 100009
9 327566629
9 100009
9 675261479
9 100009
9 100009
9 347993558
9 718484449
9 100009
9 100009
9 100000009
9 100009
9 100009
9 100009
9 216046908
9 100009
9 592197833
9 100000009
9 960785595
9 100000009
9 100009
9 218165192
9 504730693
9 100000009
9 100009
9 270867809
9 255846629
9 738874859
9 100009
9 100000009
9 100009
9 100009
9 100009
9 838496545
9 938461525
9 714279969
9 923075607
9 188134149
9 732266769
9 244102119
9 100009
9 100009
9 436215649
9 167890066
9 464051889
9 114895751
9 604773859
9 111816319
9 100000009
9 941215155
9 510135159
9 797682269
9 100009
9 100009
9 221454119
9 100009
9 820145090
9 484858719
9 686180289
9 439015425
9 100009
9 100000009
9 100000009
9 100009
9 288934314
9 100000009
9 433587129
9 100009
9 100009
9 100000009
9 198434834
9 442463259
9 100009
9 100009
9 912321620
9 100009
9 770984665
9 10009
9 519829675
9 343362096
9 100000009
9 879178520
9 314913537
9 100000009
9 100009
9 378451946
9 109672407
9 973939655
9 100009
9 347854139
9 290141055
9 100009
9 100000009
9 912044364
9 100009
9 100000009
9 189936150
9 100009
9 10009
9 653553943
9 183670469
9 100000009
9 100000009
9 100009
9 403760079
9 926484014
9 590127770
9 100009
9 605214649
9 889288170
9 219836263
9 824821965
9 815298190
9 147924437
9 545921672
9 142585119
9 728703049
9 555464389
9 734538089
9 581726339
9 266725609
9 100009
9 377708689
9 655370659
9 100009
9 875030269
9 100000009
9 910564213
9 162733809
9 350656039
9 637330569
9 100009
9 100009
9 860280489
9 167044119
9 100009
9 100009
9 869151388
9 100000009
9 106046049
9 167505119
9 491549934
9 897579327
9 100009
9 100000009
9 478568496
9 799251090
9 230963683
9 539528216
9 955189980
9 785415629
9 846112759
9 397119909
9 100000009
9 100009
9 896464677
9 401532449
9 686601289
9 938446596
9 100009
9 682595358
9 867398024
9 100000009
9 196195785
9 507537595
9 530272449
9 486367429
9 100009
9 968269003
9 665995868
9 100000009
9 377739475
9 100000009
9 321651079
9 1009
9 100000009
9 100000009
9 452543089
9 67472169
9 453977023
9 100009
9 100000009
9 100009
9 100000009
9 901575584
9 10009
9 100000009
9 100009
9 100000009
9 100009
9 100000009
9 791786861
9 188178109
9 603918830
9 100009
9 100000009
9 100009
9 100009
9 100000009
9 513192128
9 209696170
9 100000009
9 10009
9 100009
9 488431169
9 338978885
9 939343353
9 725838039
9 918142294
9 100009
9 726692456
9 400298087
9 183849273
9 682717239
9 100009
9 100009
9 975391670
9 487680909
9 280356069
9 100009
9 114355789
9 100009
9 406230935
9 100009
9 1009
9 544204429
9 288366749
9 100009
9 620975900
9 100009
9 100000009
9 100009
9 100009
9 623965436
9 776728957
9 939998831
9 100009
9 445518639
9 553286169
9 257156869
9 100009
9 100009
9 100000009
9 228014529
9 100000009
9 100000009
9 221253709
9 100009
9 100009
9 637838419
9 100000009
9 100000009
9 100009
9 466242974
9 834787449
9 912243606
9 748495942
9 490269434
9 469653806
9 662990335
9 100009
9 100000009
9 10009
9 368719246
9 100000009
9 457397664
9 1000009
9 262379122
9 990010026
9 100000009
9 100009
9 100009
9 100009
9 100000009
9 100000009
9 100000009
9 589292288
9 100009
9 100000009
9 100009
9 764013169
9 10009
9 100009
9 897253339
9 357277379
9 543306109
9 100000009
9 518405549
9 482365029
9 784188569
9 100009
9 100000009
9 100000009
9 100009
9 100009
9 686334409
9 439211029
9 100009
9 100009
9 100009
9 793622959
9 671063948
9 569735546
9 219584222
9 120641129
9 100009
9 100009
9 479187716
9 824649330
9 911533869
9 10009
9 784171509
9 863805119
9 823515659
9 100009
9 100000009
9 10009
9 307772549
9 351176519
9 100000009
9 537699543
9 662822039
9 849228933
9 663622498
9 475450049
9 918652772
9 829869182
9 100009
9 335392281
9 100009
9 702804639
9 868371739
9 100009
9 550222429
9 567801039
9 100000009
9 358128049
9 100000009
9 100000009
9 877097968
9 100009
9 515745369
9 477238559
9 922870185
9 386286987
9 100009
9 665747869
9 112174589
9 100009
9 100009
9 863511809
9 545711939
9 909690705
9 100009
9 529884082
9 634147509
9 307658669
9 455733369
9 823389708
9 100009
9 351689770
9 821210449
9 116516905
9 766045519
9 501903145
9 100000009
9 459540081
9 100000009
9 828565109
9 527722359
9 526015819
9 655538119
9 904345283
9 150489202
9 100009
9 100009
9 573334109
9 760526579
9 10009
9 100009
9 448058639
9 100009
9 572444549
9 100009
9 312297600
9 100000009
9 490558252
9 1000009
9 148146319
9 586964281
9 100009
9 833526089
9 100009
9 955891134
9 100009
9 100009
9 350958320
9 542146849
9 100009
9 718575329
9 100009
9 893976363
9 403103469
9 438910058
9 590054992
9 195140619
9 100009
9 615253496
9 100009
9 100000009
9 891012039
9 805929231
9 405739784
9 255787779
9 458761119
9 100000009
9 100009
9 100009
9 436443109
9 953188948
9 940127678
9 100000009
9 100009
9 100000009
9 384960086
9 100009
9 100009
9 100000009
9 612218389
9 100000009
9 100000009
9 953458994
9 100009
9 100009
9 809501486
9 179395436
9 675563049
9 100000009
9 813999446
9 739701275
9 100009
9 100000009
9 803202179
9 825858869
9 172608419
9 100000009
9 228441249
9 456288928
9 100009
9 606997968
9 133696188
9 100009
9 100000009
9 100009
9 100009
9 643961714
9 189192024
9 471855393
9 168896689
9 100009
9 100000009
9 594541258
9 418534139
9 649396561
9 100000009
9 100009
9 804225997
9 100009
9 293897454
9 309784858
9 125648609
9 409918242
9 420451079
9 100000009
9 100000009
9 849208172
9 896450680
9 100009
9 733221459
9 10009
9 136601149
9 100009
9 100009
9 793292771
9 100009
9 984309219
9 984788705
9 100009
9 151240659
9 100009
9 100009
9 258874769
9 317896577
9 844457339
9 100009
9 981800630
9 100009
9 663901787
9 100009
9 112155491
9 354883369
9 478373669
9 100009
9 205680079
9 100009
9 100009
9 10009
9 100000009
9 947168540
9 272488849
9 412787719
9 100009
9 198481787
9 100009
9 930548871
9 850024409
9 100009
9 539965635
9 100000009
9 928750035
9 10009
9 708990380
9 623629429
9 680274349
9 100009
9 798823201
9 240433459
9 878626109
9 979669514
9 62578649
9 148521719
9 100009
9 493165136
9 420038469
9 100009
9 447502696
9 100009
9 311389112
9 334748259
9 245506279
9 285901503
9 904030730
9 100000009
9 100000009
9 100000009
9 815364829
9 643655289
9 100009
9 834553119
9 100009
9 770090365
9 100000009
9 766221369
9 10009
9 100000009
9 445451739
9 100009
9 887439030
9 151029267
9 100009
9 130459043
9 629649308
9 1000009
9 100000009
9 100009
9 893242278
9 664737539
9 437201539
9 100000009
9 10009
9 100009
9 390308881
9 702547579
9 100009
9 241383629
9 114448539
9 307309949
9 191337176
9 100000009
9 740861139
9 537984596
9 100009
9 100009
9 100009
9 89466299
9 338205689
9 100009
9 10009
9 967615047
9 803010919
9 732033619
9 484071191
9 100009
9 521962639
9 889072161
9 713868689
9 100009
9 923446136
9 490461838
9 100000009
9 100009
9 381688029
9 100000009
9 251151619
9 466027729
9 509841785
9 888043794
9 132566449
9 420326349
9 100009
9 773030289
9 10009
9 760233129
9 262002429
9 100009
9 427136966
9 10009
9 100000009
9 253244329
9 100009
9 244280059
9 341229291
9 100000009
9 444021459
9 365909257
9 100009
9 577821029
9 682445239
9 100009
9 230286490
9 100009
9 576483059
9 100009
9 673396050
9 894597943
9 100000009
9 516964074
9 100000009
9 990670214
9 981902185
9 379261357
9 533743559
9 712803539
9 850240529
9 100000009
9 455609973
9 674456119
9 100009
9 100009
9 871381079
9 100009
9 651199927
9 100009
9 100009
9 100009
9 100009
9 603997299
9 100009
9 912497382
9 100000009
9 467598964
9 590817886
9 923938721
9 100009
9 861399137
9 225477709
9 397755920
9 10009
9 404504789
9 100009
9 204390887
9 100009
9 835666891
9 930922768
9 910772960
9 100009
9 328926455
9 100000009
9 215978155
9 100009
9 100009
9 100009
9 100000009
9 468013629
9 100009
9 100009
9 536089179
9 684416369
9 100009
9 727545749
9 350963681
9 100000009
9 228163019
9 100000009
9 100000009
9 227822879
9 100000009
9 349012873
9 933897393
9 529780274
9 100000009
9 1000009
9 100000009
9 100000009
9 100009
9 864164589
9 382662579
9 61022669
9 10009
9 100009
9 236032069
9 940319137
9 134603789
9 429249068
9 100009
9 693643146
9 100009
9 100000009
9 636276988
9 470240829
9 364655719
9 516775679
9 443290856
9 100000009
9 256908197
9 767739497
9 100009
9 962103346
9 100009
9 724081039
9 849186192
9 551096054
9 983127655
9 100000009
9 641677069
9 10009
9 376390277
9 714236696
9 100009
9 324288569
9 984068952
9 175651249
9 512722339
9 746001339
9 527411419
9 100009
9 595384608
9 10009
9 736488769
9 408334389
9 408579797
9 569158086
9 932360562
9 100009
9 557673569
9 100000009
9 100009
9 865184339
9 702777689
9 241087019
9 102601289
9 100000009
9 100009
9 100009
9 494538880
9 382272549
9 118369202
9 469597857
9 404742849
9 476265249
9 535788519
9 496386855
9 533760059
9 961881165
9 813630219
9 797289361
9 536963864
9 113989695
9 100009
9 100009
9 839080086
9 100000009
9 104724809
9 100009
9 923176616
9 142301593
9 100009
9 911888613
9 387651049
9 366863911
9 100009
9 100000009
9 100000009
9 888439138
9 667662269
9 745696258
9 440316592
9 100000009
9 100009
9 271125429
9 100009
9 100000009
9 443464879
9 158547794
9 100009
9 100000009
9 137354819
9 454256789
9 842328659
9 100009
9 502360809
9 368475059
9 1000009
9 100009
9 100000009
9 747321629
9 392751491
9 194561463
9 742646769
9 100009
9 100009
9 258693733
9 382150789
9 100009
9 802753595
9 100000009
9 614640809
9 100009
9 889696830
9 100000009
9 601340559
9 100009
9 211682309
9 100009
9 327934009
9 632232963
9 505543679
9 100009
9 100000009
9 100000009
9 717962173
9 533693184
9 100009
9 781363419
9 100009
9 264998049
9 100009
9 100009
9 902586940
9 984966382
9 241755629
9 752536649
9 371388809
9 100009
9 100009
9 393945808
9 100009
9 100009
9 977320088
9 100009
9 550229556
9 100009
9 835426129
9 970019545
9 957637257
9 320409801
9 895594473
9 570892831
9 100009
9 100000009
9 100000009
9 10009
9 726635119
9 533964949
9 100009
9 100009
9 333208869
9 100009
9 721273960
9 414565369
9 100000009
9 518130927
9 100009
9 564005392
9 877747129
9 887004689
9 968782145
9 10009
9 121536497
9 550953494
9 291842962
9 148457719
9 891530634
9 436843789
9 851451129
9 900735468
9 240701369
9 343448769
9 100009
9 876919726
9 345004789
9 10009
9 795328658
9 100009
9 381436519
9 10000009
9 910234739
9 10009
9 100009
9 300235819
9 823189334
9 100009
9 843509212
9 160074259
9 310138569
9 100009
9 582230693
9 100009
9 296267345
9 10009
9 429530057
9 236711019
9 920822974
9 100009
9 105534089
9 346447819
9 545144629
9 563123296
9 921312046
9 266930802
9 365561349
9 674855889
9 613048689
9 100000009
9 10009
9 100009
9 100000009
9 317552972
9 597819164
9 929223788
9 585067029
9 10009
9 472883695
9 100009
9 100009
9 100009
9 374931589
9 924157082
9 221219223
9 824594775
9 629562257
9 985811207
9 950631606
9 100009
9 100000009
9 100009
9 457524709
9 487208229
9 100000009
9 146645809
9 643435059
9 836579694
9 667604779
9 100000009
9 100000009
9 100000009
9 268243958
9 100009
9 439824221
9 10009
9 665364879
9 331167895
9 100000009
9 100009
9 100009
9 543266596
9 397228358
9 100000009
9 945055088
9 100009
9 100009
9 861160809
9 562336529
9 305170709
9 100009
9 118898864
9 100009
9 800870093
9 100000009
9 100009
9 520860729
9 100000009
9 248063669
9 881073849
9 10009
9 100009
9 279791337
9 10009
9 463282299
9 100009
9 490734440
9 100000009
9 100000009
9 100009
9 100000009
9 100009
9 100009
9 791061171
9 321271259
9 100009
9 593042779
9 100009
9 903980320
9 541658839
9 100009
9 164471139
9 194160412
9 100000009
9 484562689
9 100000009
9 100000009
9 100009
9 100009
9 435239939
9 100000009
9 100009
9 100009
9 137023779
9 100000009
9 219629750
9 100009
9 791604084
9 100009
9 100000009
9 888874991
9 762391996
9 100009
9 100009
9 664266579
9 827102069
9 100009
9 100009
9 820125159
9 428678179
9 100009
9 506843059
9 100009
9 807298719
9 10009
9 495701291
9 100000009
9 882452539
9 100009
9 780616539
9 100000009
9 895890753
9 840263659
9 100009
9 100009
9 861370369
9 994979319
9 100009
9 384683942
9 223031769
9 876539304
9 100000009
9 554985851
9 100009
9 210249966
9 156393744
9 100009
9 900325970
9 766683689
9 620801879
9 853113906
9 100000009
9 880718629
9 165720149
9 741460009
9 100009
9 100009
9 385962307
9 100000009
9 100009
9 100009
9 465256249
9 275622059
9 345313379
9 462436039
9 365483409
9 100009
9 959222490
9 354238629
9 100000009
9 327313579
9 571821779
9 10009
9 100009
9 323655059
9 100009
9 100009
9 100009
9 664010879
9 989816530
9 100009
9 795304289
9 906202836
9 584101197
9 865489868
9 634148239
9 100000009
9 121224849
9 100009
9 819299387
9 366894925
9 100009
9 636768629
9 100009
9 100009
9 100009
9 889835994
9 100000009
9 100000009
9 100009
9 100009
9 549807801
9 667078459
9 100009
9 875950903
9 100009
9 100009
9 989013096
9 100009
9 349852938
9 100009
9 10009
9 100009
9 100009
9 176647369
9 670599403
9 983714603
9 319433443
9 431034946
9 248691666
9 511183239
9 741345679
9 644608729
9 114015609
9 100009
9 100000009
9 100000009
9 100009
9 855453179
9 100009
9 100009
9 118120966
9 295842338
9 100000009
9 100009
9 830719039
9 100000009
9 100009
9 10009
9 100009
9 654543469
9 100009
9 100009
9 956870176
9 100009
9 100000009
9 670617319
9 100009
9 870201967
9 133288479
9 100000009
9 488336129
9 100009
9 100009
9 123341239
9 100009
9 574512569
9 100000009
9 949123706
9 100000009
9 270742629
9 143872279
9 160485089
9 100009
9 100000009
9 100009
9 100009
9 557079751
9 100009
9 204789180
9 100009
9 100000009
9 654055629
9 100009
9 1009
9 823201359
9 845534509
9 912978476
9 522422669
9 945850930
9 512386589
9 100009
9 100000009
9 837187391
9 100009
9 470028319
9 138646955
9 526467089
9 100000009
9 100000009
9 100009
9 319910895
9 544757819
9 485501219
9 10009
9 357193390
9 374808839
9 100009
9 922101494
9 275828009
9 100009
9 647770494
9 493300039
9 996485747
9 100000009
9 945890990
9 428428829
9 100009
9 387969957
9 959772540
9 357179850
9 100009
9 100009
9 968688564
9 278738049
9 952957920
9 931809906
9 100000009
9 100009
9 100009
9 484926597
9 386512579
9 100009
9 100000009
9 100009
9 884271039
9 192941099
9 995176460
9 100009
9 963669123
9 100000009
9 213515139
9 428513789
9 10009
9 762400986
9 994460220
9 605450889
9 100009
9 10009
9 100009
9 660008279
9 281309213
9 103607199
9 689777534
9 100009
9 929974298
9 100000009
9 10009
9 614910168
9 438002059
9 764536049
9 100009
9 974134773
9 844552819
9 100000009
9 241151079
9 761890581
9 100009
9 100009
9 100009
9 100000009
9 100009
9 673490757
9 521973423
9 851624619
9 100009
9 100000009
9 162467997
9 847728189
9 100000009
9 932869126
9 615705519
9 100000009
9 100009
9 100009
9 685920544
9 465312849
9 100009
9 697734448
9 100000009
9 686220249
9 100009
9 575648960
9 100009
9 313878409
9 100000009
9 834663589
9 929235461
9 100000009
9 207587219
9 124317349
9 100009
9 155728519
9 100009
9 349547402
9 918817729
9 673173394
9 465444952
9 10009
9 100009
9 488029340
9 100000009
9 141534598
9 266075799
9 298782016
9 100009
9 201279642
9 100009
9 572528992
9 649790377
9 100009
9 447683349
9 100009
9 100009
9 100009
9 100009
9 765176829
9 100000009
9 931740692
9 284868069
9 100000009
9 100009
9 123245789
9 756545319
9 100009
9 914817208
9 100009
9 623772269
9 579137264
9 197318009
9 733294089
9 377649962
9 255295233
9 587701109
9 100009
9 100009
9 100009
9 216032419
9 819288322
9 56249151
9 100009
9 212068239
9 100009
9 100009
9 100009
9 113375329
9 925325878
9 338877789
9 100009
9 100009
9 10009
9 287579127
9 335484529
9 595016141
9 566180189
9 100000009
9 397878363
9 100009
9 100009
9 100009
9 519564802
9 994000360
9 336470589
9 100000009
9 100000009
9 369993651
9 991495310
9 100009
9 100009
9 100000009
9 760933379
9 940390531
9 225641319
9 100009
9 134632149
9 100009
9 290780183
9 100009
9 930520028
9 10009
9 100009
9 468758947
9 100009
9 100009
9 948372349
9 171605629
9 10009
9 100009
9 100009
9 100009
9 934349912
9 736469204
9 971828332
9 100000009
9 100009
9 552836619
9 100000009
9 100000009
9 100009
9 337573369
9 100009
9 100009
9 100000009
9 660432019
9 100000009
9 100009
9 1000009
9 100009
9 403544079
9 100009
9 931113191
9 100000009
9 100000009
9 704506569
9 679352901
9 100009
9 100009
9 342339735
9 468819834
9 257528419
9 451690750
9 1000009
9 503193674
9 270683339
9 100009
9 960223219
9 529502380
9 100000009
9 100000009
9 100000009
9 100009
9 251660409
9 977151078
9 100009
9 100000009
9 100000009
9 100000009
9 174728974
9 227514209
9 683076079
9 243719304
9 100009
9 947366770
9 778035229
9 688647899
9 922224882
9 100009
9 100009
9 281287429
9 369103229
9 10009
9 303042139
9 576461349
9 653314339
9 10009
9 135035709
9 100009
9 871042879
9 100009
9 100000009
9 100009
9 129677343
9 100000009
9 100009
9 100009
9 925411909
9 501228879
9 100009
9 152894257
9 637631059
9 820313709
9 893289243
9 100009
9 563903441
9 100000009
9 163715995
9 100000009
9 477851689
9 100009
9 386709268
9 512545239
9 10009
9 575605219
9 100000009
9 100000009
9 100000009
9 804385229
9 943200330
9 10009
9 144234539
9 100000009
9 247053039
9 10009
9 100009
9 170362459
9 339654483
9 299981215
9 841437589
9 100000009
9 717299622
9 100009
9 530748559
9 597286917
9 893958794
9 777831879
9 100009
9 100009
9 100009
9 400409071
9 100009
9 534174997
9 100009
9 541904133
9 100009
9 100000009
9 430726559
9 448228769
9 100009
9 1009
9 847387559
9 100009
9 10009
9 488766879
9 932747486
9 867172009
9 452940507
9 100000009
9 857132639
9 915975074
9 100009
9 598516157
9 412342697
9 770727609
9 845088191
9 100000009
9 100009
9 250034290
9 465870069
9 100000009
9 338861389
9 412869603
9 671904870
9 315176973
9 810969554
9 100000009
9 100009
9 100009
9 172587529
9 400000719
9 299221384
9 254095497
9 100000009
9 109738416
9 100009
9 100009
9 337840918
9 100009
9 100009
9 100000009
9 718021389
9 100009
9 124971034
9 100009
9 100009
9 710472019
9 215236729
9 100000009
9 100000009
9 480975539
9 354138915
9 100009
9 100000009
9 273762789
9 100009
9 207464339
9 100000009
9 100000009
9 178290565
9 100009
9 401922210
9 727508249
9 100009
9 322757109
9 100009
9 560343609
9 100000009
9 100009
9 100000009
9 476603597
9 138810192
9 444738669
9 100009
9 100009
9 132166089
9 697849046
9 10009
9 100009
9 501747839
9 642111069
9 408191899
9 938754035
9 100009
9 493703539
9 579751779
9 1009
9 911684494
9 312873291
9 874747149
9 656947607
9 100000009
9 391962046
9 161655049
9 100009
9 100000009
9 100009
9 286084395
9 10009
9 442047985
9 656310479
9 508549503
9 895233331
9 968449828
9 100009
9 778544239
9 246539947
9 622498163
9 841974766
9 100009
9 813074819
9 695851392
9 100009
9 515184159
9 668168329
9 100009
9 256499867
9 433437509
9 100000009
9 742646930
9 100009
9 100000009
9 100000009
9 864449543
9 100009
9 431041169
9 332124939
9 526753639
9 100009
9 697656220
9 442205079
9 100000009
9 718571967
9 10009
9 999516921
9 780601859
9 423089557
9 269404094
9 100000009
9 844241859
9 100009
9 100009
9 100009
9 100009
9 194676365
9 384896762
9 158318749
9 100009
9 100000009
9 120920575
9 723592081
9 969429269
9 100009
9 100009
9 100000009
9 10009
9 560434409
9 675879564
9 100009
9 100009
9 100000009
9 100009
9 665647095
9 100009
9 179769540
9 948992650
9 651003519
9 706741649
9 447278479
9 100009
9 373964855
9 198826618
9 571852839
9 116516819
9 710979031
9 120131749
9 100009
9 100009
9 464805329
9 100009
9 100009
9 10009
9 100009
9 267823729
9 744512079
9 329655879
9 100000009
9 72995930
9 184129949
9 100009
9 992975807
9 995309869
9 259739503
9 647153829
9 100009
9 389046224
9 100009
9 100000009
9 100009
9 742350972
9 177072349
9 502521559
9 100009
9 809642092
9 100000009
9 100000009
9 100000009
9 100009
9 1000009
9 129907049
9 692088216
9 152890065
9 392739636
9 370932072
9 100009
9 787287479
9 695559108
9 10009
9 555597187
9 584063696
9 927190412
9 320155869
9 100009
9 10009
9 100009
9 100009
9 314195485
9 100000009
9 656403597
9 784057349
9 705284309
9 100009
9 825607259
9 100009
9 922056007
9 100000009
9 172265359
9 232814559
9 100009
9 163890923
9 100009
9 100009
9 372245593
9 892679942
9 100009
9 634259199
9 423049237
9 662858849
9 250327409
9 10009
9 961040119
9 228638529
9 100009
9 100009
9 745684789
9 887137759
9 100009
9 100009
9 497629239
9 100009
9 959930708
9 631378529
9 760019426
9 735859468
9 984215364
9 100009
9 186121149
9 121658869
9 592529738
9 10009
9 100009
9 479846282
9 731337439
9 226916904
9 552403059
9 623321769
9 644713619
9 397368672
9 489670533
9 100009
9 100000009
9 936990398
9 966542054
9 100009
9 100000009
9 618803359
9 152948129
9 100000009
9 485457981
9 418268549
9 100000009
9 344004290
9 736709895
9 100009
9 100000009
9 100009
9 306419589
9 768709319
9 553890644
9 100009
9 508572389
9 314044759
9 100009
9 192717505
9 100009
9 155371918
9 100000009
9 521831329
9 380207029
9 608390742
9 1009
9 967022454
9 737275449
9 492641765
9 347329962
9 357244439
9 889516042
9 938823052
9 820416019
9 773776729
9 421515529
9 140486309
9 100000009
9 779739052
9 214468229
9 100009
9 870429826
9 732007349
9 491687068
9 100009
9 100009
9 463424019
9 870848539
9 423090171
9 919986702
9 594255601
9 1000009
9 588974082
9 100009
9 100009
9 100000009
9 805067997
9 100009
9 461260819
9 437873019
9 726435069
9 100009
9 350189895
9 100009
9 222596166
9 100009
9 627918559
9 658357946
9 246599925
9 739597834
9 139370448
9 301486966
9 100009
9 100000009
9 100009
9 743041809
9 620814259
9 235510619
9 100009
9 458954957
9 891376549
9 888312709
9 807539884
9 100009
9 100009
9 100009
9 100000009
9 417330996
9 100009
9 598380596
9 162569680
9 903968292
9 404950998
9 597324657
9 100009
9 700462902
9 100000009
9 142169981
9 860822679
9 748124459
9 724145309
9 100000009
9 614181941
9 256157289
9 975302078
9 100009
9 100000009
9 155315279
9 100000009
9 251388391
9 245342289
9 105723479
9 100009
9 345070219
9 100009
9 258609380
9 927749766
9 559909651
9 100009
9 100009
9 100009
9 100009
9 100009
9 669602836
9 800138779
9 891739202
9 100000009
9 876135693
9 614814229
9 452652609
9 594751163
9 907919118
9 100000009
9 813054359
9 725706219
9 227222329
9 100009
9 202091369
9 283734349
9 100009
9 875217049
9 536686589
9 831645229
9 100009
9 100000009
9 714485159
9 738884169
9 100009
9 479526000
9 363183953
9 100000009
9 100009
9 322326089
9 438868769
9 171013589
9 391864350
9 262555629
9 642663309
9 968890447
9 173321019
9 100009
9 100000009
9 266816359
9 848206889
9 100000009
9 411937958
9 100000009
9 100000009
9 100009
9 943410041
9 100009
9 100009
9 688338189
9 178597222
9 100009
9 100009
9 100000009
9 100000009
9 100009
9 654557759
9 100009
9 881139278
9 754238579
9 743206889
9 100000009
9 100000009
9 557703920
9 100009
9 448514829
9 551578950
9 605755795
9 667043109
9 100009
9 116019127
9 372440879
9 100009
9 490921095
9 174938484
9 982245422
9 766114195
9 100009
9 263279440
9 100009
9 100000009
9 192752178
9 100000009
9 100000009
9 100009
9 463894047
9 508578910
9 176771239
9 394796026
9 100000009
9 100009
9 896091435
9 100009
9 100009
9 452542549
9 582346379
9 100009
9 422111869
9 689720325
9 699231967
9 891825686
9 290617049
9 101363794
9 637359173
9 100009
9 100000009
9 100009
9 100009
9 985999966
9 100000009
9 1000009
9 460718549
9 100009
9 416681796
9 109783855
9 1009
9 442064169
9 100009
9 100009
9 289763713
9 637986503
9 100000009
9 100009
9 366877159
9 676867379
9 100000009
9 879478553
9 505546109
9 558604309
9 100000009
9 100009
9 676033109
9 100009
9 647934633
9 100000009
9 337432904
9 144974572
9 640428904
9 100009
9 100000009
9 100009
9 100009
9 146731190
9 127396575
9 100009
9 100000009
9 876186669
9 100009
9 100009
9 100000009
9 750734639
9 409457736
9 482882349
9 544641869
9 108473349
9 704866249
9 100000009
9 100009
9 157044569
9 584198885
9 100009
9 100000009
9 100009
9 100009
9 100000009
9 100009
9 10009
9 100000009
9 423774869
9 254173329
9 100000009
9 439450462
9 188692195
9 301886189
9 100000009
9 100009
9 100009
9 452288309
9 589265286
9 775639868
9 100009
9 766113669
9 100009
9 691255017
9 100009
9 10009
9 100009
9 1009
9 419896643
9 990199471
9 509633878
9 503208569
9 274577590
9 218700889
9 555619975
9 833949073
9 100009
9 718381790
9 534159644
9 100009
9 100009
9 100000009
9 523673079
9 100009
9 623970079
9 100009
9 147763059
9 628784559
9 342483219
9 781140549
9 887073309
9 474816249
9 763221191
9 629085199
9 560786419
9 691444505
9 796775970
9 635344889
9 100009
9 100000009
9 134400549
9 273715479
9 860772809
9 100000009
9 761989151
9 718420692
9 769295211
9 775323009
9 100009
9 150650398
9 231692085
9 100009
9 426106309
9 422213229
9 100009
9 318720349
9 936731971
9 100009
9 521252029
9 416084289
9 100000009
9 956283252
9 830154389
9 826262219
9 360747943
9 100009
9 100000009
9 778991030
9 100009
9 223163697
9 157611894
9 748414279
9 100009
9 444754891
9 902426039
9 365730549
9 100000009
9 714211679
9 201171596
9 100009
9 705262719
9 768822839
9 100009
9 882107709
9 100000009
9 100009
9 10009
9 652467059
9 779651960
9 102031129
9 124992713
9 402426329
9 100000009
9 100009
9 10009
9 620740649
9 884414509
9 839055564
9 217319032
9 100009
9 265957842
9 100000009
9 379103054
9 868618498
9 639692728
9 640742719
9 100009
9 832681879
9 100009
9 863956083
9 906261998
9 367508849
9 100000009
9 331873479
9 883807329
9 100000009
9 100009
9 100009
9 724480889
9 830238819
9 100000009
9 303312619
9 100000009
9 218982963
9 100009
9 809471051
9 527537295
9 618579115
9 678701009
9 100009
9 100009
9 836223936
9 723564189
9 411634209
9 100000009
9 100000009
9 499997229
9 712176509
9 378711369
9 100009
9 828761759
9 362627419
9 100009
9 281487429
9 100000009
9 100009
9 260846599
9 190506911
9 100000009
9 413767139
9 784090028
9 412337459
9 249626169
9 100009
9 218092076
9 100009
9 317026789
9 216099281
9 791195353
9 100009
9 567544379
9 100009
9 630244829
9 612363749
9 992388995
9 758036982
9 421792039
9 624783869
9 100000009
9 100000009
9 372987191
9 909677978
9 298956982
9 100009
9 894430571
9 363939600
9 109765771
9 100000009
9 100009
9 100009
9 559107554
9 100009
9 322406689
9 609196398
9 100009
9 327051029
9 573681419
9 797718640
9 100009
9 100009
9 100009
9 675694271
9 912074272
9 100009
9 605256398
9 493583802
9 174308059
9 281556589
9 204664719
9 598525581
9 947275415
9 100009
9 227653319
9 412028918
9 941094181
9 645435904
9 704151819
9 100009
9 568408209
9 665248928
9 605304679
9 420665279
9 100009
9 100009
9 100009
9 100000009
9 100009
9 100000009
9 100000009
9 367747692
9 100009
9 100009
9 237372894
9 486258259
9 100009
9 727006269
9 10009
9 131154039
9 100009
9 100009
9 426812769
9 100000009
9 100000009
9 687320119
9 815583792
9 766276359
9 100009
9 100009
9 100009
9 534516789
9 624525479
9 526909814
9 422331911
9 696761855
9 100009
9 856920312
9 100009
9 342475529
9 100009
9 144090818
9 100000009
9 983580847
9 791564109
9 340220529
9 887919660
9 831039481
9 905620669
9 100009
9 100009
9 868214549
9 454075191
9 324756809
9 100009
9 358382089
9 100009
9 515078029
9 945413232
9 454457709
9 234130689
9 100000009
9 100009
9 195383952
9 100009
9 100009
9 100009
9 873814029
9 930321286
9 917632136
9 100000009
9 671182359
9 223573394
9 132032079
9 428422649
9 228924686
9 852334669
9 253611995
9 507072859
9 842613459
9 922316424
9 10009
9 100000009
9 100009
9 100009
9 100009
9 1000009
9 982136608
9 678150159
9 510145389
9 959734694
9 100009
9 471002149
9 924457529
9 877322589
9 742531593
9 576160189
9 833308649
9 836248159
9 129528111
9 100000009
9 727460439
9 426407379
9 106208649
9 747140179
9 100009
9 895773659
9 881748879
9 510701980
9 878157169
9 843278289
9 100000009
9 466556259
9 100009
9 783134295
9 577199632
9 100000009
9 303933134
9 165678594
9 921896332
9 100000009
9 100009
9 100009
9 100000009
9 451398111
9 675659869
9 100009
9 100009
9 100000009
9 495160835
9 100009
9 119720491
9 100000009
9 188171279
9 444524039
9 318715945
9 391176661
9 843875389
9 620824169
9 100000009
9 854494153
9 100009
9 324898343
9 723511629
9 665644649
9 100009
9 100000009
9 100000009
9 897519145
9 521730059
9 167120719
9 100000009
9 100000009
9 655808289
9 708621491
9 572548960
9 100009
9 100009
9 871818719
9 388459403
9 100009
9 896614711
9 611476789
9 100000009
9 100009
9 234421259
9 100000009
9 100009
9 763867429
9 906687524
9 100009
9 100009
9 405879947
9 646110179
9 100009
9 734828279
9 100000009
9 100009
9 652918514
9 839971808
9 100009
9 100000009
9 688749594
9 100009
9 202034059
9 229233138
9 145695865
9 339639937
9 100000009
9 100000009
9 767207189
9 542856659
9 101599912
9 111520439
9 115406039
9 100009
9 386419571
9 708982338
9 100009
9 730296860
9 511076947
9 590057029
9 10009
9 630191387
9 642101579
9 277867149
9 100009
9 448297577
9 737403129
9 100009
9 100009
9 648184339
9 100009
9 659655365
9 863741691
9 884365089
9 515874797
9 497217563
9 558375369
9 876092708
9 812003569
9 100009
9 594657489
9 59920428
9 583007319
9 481166539
9 100009
9 594625508
9 698710509
9 125938488
9 100009
9 725461194
9 100009
9 212575593
9 591428186
9 100009
9 792163664
9 100009
9 673133469
9 100000009
9 786459487
9 731614439
9 100009
9 100000009
9 868092405
9 100009
9 100009
9 978108716
9 999395758
9 523328569
9 100000009
9 186383329
9 533851539
9 100009
9 582767239
9 905886881
9 463802259
9 145677229
9 100000009
9 100000009
9 467852009
9 100009
9 132116549
9 100009
9 889821718
9 100009
9 195684723
9 571717489
9 332657679
9 136755649
9 774974768
9 100009
9 10009
9 675253059
9 677012349
9 100000009
9 100009
9 520294461
9 100000009
9 922722135
9 100009
9 773333809
9 825448819
9 116640469
9 48159266
9 243443709
9 492643758
9 177584094
9 580418977
9 871026699
9 411550579
9 100009
9 910245410
9 425985683
9 100009
9 867047293
9 10009
9 992217848
9 375783049
9 755837829
9 100009
9 632434193
9 276332579
9 100000009
9 967963281
9 100000009
9 600036669
9 449196747
9 100009
9 100000009
9 211159135
9 517851869
9 100009
9 165589159
9 878489181
9 463406497
9 100000009
9 100009
9 455136579
9 886788549
9 162022593
9 100009
9 268651269
9 100009
9 100009
9 281689818
9 164066691
9 667826289
9 376906607
9 100000009
9 365693470
9 100000009
9 155871889
9 100000009
9 100009
9 832600179
9 371672049
9 1000009
9 100009
9 377963422
9 505444509
9 116013789
9 149355402
9 100000009
9 223665109
9 431676129
9 100009
9 100009
9 252910722
9 292882382
9 585886709
9 100000009
9 100009
9 100009
9 455997171
9 100009
9 100009
9 407736319
9 100009
9 443185398
9 100009
9 100000009
9 241791214
9 100009
9 509203158
9 909881830
9 766071259
9 245299708
9 100009
9 100000009
9 407873935
9 10009
9 195668275
9 324845792
9 484721209
9 100009
9 300602269
9 423725931
9 100009
9 100009
9 350631229
9 316743759
9 100009
9 369807250
9 100009
9 34907730
9 227854259
9 100009
9 164163419
9 630859630
9 243132924
9 100009
9 754641889
9 854575309
9 100009
9 364708829
9 463732029
9 477639616
9 100000009
9 100009
9 487388954
9 657872910
9 275619219
9 378165579
9 920204627
9 100009
9 100009
9 100009
9 934339106
9 100009
9 100009
9 187690500
9 824844529
9 488551297
9 100009
9 100000009
9 10009
9 397972924
9 100009
9 569142497
9 100000009
9 476696804
9 100009
9 306551479
9 100009
9 351779898
9 100009
9 100009
9 561112950
9 926434582
9 231258039
9 100000009
9 829363570
9 724096860
9 548739111
9 517864359
9 514052329
9 374797208
9 264914812
9 180693740
9 100000009
9 100000009
9 314836629
9 100009
9 100009
9 700836819
9 100009
9 882430309
9 806090630
9 100009
9 413677319
9 100009
9 717334139
9 598248123
9 999195145
9 345502349
9 706429970
9 300917046
9 100009
9 668850079
9 100009
9 978489294
9 100000009
9 824075459
9 999423682
9 10009
9 384142789
9 343393185
9 753346009
9 100000009
9 352632429
9 100009
9 100009
9 100000009
9 100000009
9 273367119
9 283287379
9 100009
9 718664589
9 345668941
9 10009
9 100000009
9 930865056
9 100009
9 287178449
9 406146069
9 884908941
9 100000009
9 100009
9 771280669
9 100009
9 867013019
9 743689511
9 862679083
9 422150669
9 100009
9 813776779
9 10009
9 100009
9 100009
9 100009
9 260708689
9 631136918
9 617143069
9 661546259
9 611615849
9 100009
9 100009
9 100009
9 224533719
9 274150469
9 708605779
9 362285789
9 755764749
9 406372779
9 966562564
9 100000009
9 100000009
9 100000009
9 781033019
9 100009
9 404451109
9 546492108
9 782694142
9 176450109
9 717550479
9 240448269
9 107238559
9 100009
9 784626839
9 994372189
9 653041049
9 710815609
9 588590641
9 997976591
9 100009
9 797301135
9 100009
9 888395847
9 205652094
9 100009
9 577928214
9 168496121
9 651430289
9 100009
9 128031469
9 300203589
9 472833495
9 770907076
9 100009
9 261893298
9 591619749
9 100009
9 116083649
9 100000009
9 889623988
9 100009
9 444451429
9 100009
9 839377340
9 491755152
9 100000009
9 703762269
9 494052199
9 100000009
9 273714839
9 776544719
9 100009
9 100009
9 100000009
9 100000009
9 100009
9 689196901
9 100232049
9 10009
9 100009
9 100009
9 147584769
9 149813776
9 291898816
9 100000009
9 876670549
9 100009
9 100009
9 100009
9 296817382
9 907895916
9 100000009
9 949754816
9 100009
9 100009
9 105960045
9 100009
9 100000009
9 100009
9 100009
9 940859241
9 103246469
9 862007779
9 126216729
9 978512514
9 100009
9 752799152
9 155642169
9 100009
9 835926599
9 927848322
9 392532148
9 100009
9 401263594
9 562393431
9 728836779
9 100009
9 565406539
9 870982581
9 100000009
9 100009
9 100009
9 437068749
9 100009
9 10009
9 525588509
9 928641382
9 659146015
9 617054279
9 588354829
9 1000009
9 479438959
9 100009
9 846734669
9 234295291
9 100009
9 569145094
9 23020926
9 435093495
9 814788609
9 100009
9 742463179
9 100000009
9 10009
9 100009
9 100009
9 727153209
9 911918813
9 659334844
9 229640469
9 213488169
9 703159854
9 303178219
9 100009
9 100000009
9 197217408
9 100000009
9 100009
9 998162868
9 333343169
9 480943408
9 100009
9 505958535
9 100009
9 100009
9 242436619
9 100000009
9 367347519
9 820474179
9 434945681
9 574699057
9 416458592
9 760921537
9 100009
9 100000009
9 100009
9 287331649
9 100009
9 134251219
9 100009
9 100009
9 950506564
9 10009
9 100009
9 100000009
9 160819331
9 234452609
9 972913907
9 159271128
9 10009
9 100009
9 247128449
9 435294172
9 100009
9 100009
9 100009
9 10009
9 1000009
9 335601689
9 603936603
9 617978230
9 837033969
9 100009
9 100009
9 100009
9 622310459
9 592012716
9 219466583
9 100009
9 302410679
9 339555887
9 766854359
9 981121367
9 562307359
9 803978943
9 616919164
9 17146976
9 100009
9 645563709
9 916636776
9 100009
9 100009
9 16846739
9 100000009
9 100009
9 469292443
9 501267629
9 100009
9 522154339
9 54766649
9 836227975
9 100000009
9 100009
9 879012868
9 100009
9 720147659
9 907395369
9 10000009
9 100009
9 100009
9 10009
9 396322885
9 503101019
9 100009
9 100009
9 100009
9 100000009
9 953598279
9 495601273
9 259319441
9 311476239
9 582410789
9 10009
9 100009
9 223561139
9 764862649
9 100000009
9 246522289
9 100009
9 276744559
9 529061299
9 538455189
9 981134363
9 100000009
9 199590248
9 165615496
9 100009
9 870864329
9 423990564
9 155912307
9 100009
9 100009
9 102309376
9 100009
9 691777397
9 572964432
9 100009
9 193328959
9 300867189
9 100009
9 442266069
9 915418305
9 664309481
9 100009
9 100000009
9 922817945
9 593905816
9 520728889
9 592179271
9 100000009
9 425676159
9 514464918
9 668925005
9 100000009
9 100009
9 100009
9 716355249
9 100009
9 100000009
9 100009
9 422879151
9 354534889
9 100009
9 100009
9 452246819
9 246394696
9 693723797
9 754626079
9 982929542
9 770828129
9 100009
9 223687329
9 100009
9 795338588
9 744511951
9 100009
9 386834489
9 10009
9 100000009
9 735803509
9 816433948
9 100000009
9 160029885
9 100009
9 222149537
9 216718439
9 703806859
9 283970765
9 126643469
9 182571949
9 614945837
9 881310679
9 1009
9 459268381
9 588367339
9 411483119
9 955779246
9 100009
9 183265569
9 745722839
9 200596072
9 640977521
9 100000009
9 949918159
9 100000009
9 187160891
9 856896694
9 100009
9 137496326
9 935251489
9 721602839
9 100000009
9 952872650
9 100009
9 100009
9 100000009
9 185518279
9 822903289
9 787460589
9 957269193
9 139815708
9 498972794
9 699453556
9 100009
9 464572829
9 585392263
9 100009
9 100009
9 361840679
9 305460629
9 936916728
9 100000009
9 530239861
9 100000009
9 100000009
9 785082379
9 902276898
9 100009
9 513696004
9 972272239
9 139272972
9 100000009
9 981094742
9 649836550
9 292621630
9 282307009
9 527917025
9 802353933
9 795524652
9 47306119
9 148002319
9 799578582
9 979627807
9 100000009
9 444770679
9 337717669
9 693222455
9 385548639
9 711513739
9 100009
9 169485142
9 767897996
9 243167994
9 100000009
9 388319299
9 100009
9 100000009
9 390801751
9 100009
9 207239073
9 100009
9 100009
9 569511498
9 728590854
9 189729535
9 609287534
9 100009
9 276974481
9 676118699
9 651117519
9 297017088
9 842954347
9 100009
9 100000009
9 100009
9 100009
9 121374009
9 319185109
9 908198781
9 100000009
9 100000009
9 129963857
9 100009
9 10009
9 100009
9 358864759
9 100000009
9 100009
9 849951538
9 110132409
9 100000009
9 100000009
9 1000009
9 100009
9 965479962
9 100009
9 931852812
9 922491467
9 100000009
9 383567379
9 598886010
9 100000009
9 308713359
9 100009
9 364394707
9 539538384
9 100009
9 100000009
9 117324609
9 100000009
9 317877109
9 825985485
9 676449003
9 421219638
9 100009
9 845154369
9 100000009
9 100009
9 669461894
9 232921310
9 100009
9 884866049
9 100000009
9 237286459
9 843076591
9 100000009
9 712221549
9 467987887
9 884682900
9 100009
9 976899769
9 173562719
9 10009
9 100000009
9 641584719
9 10000009
9 100000009
9 100009
9 10009
9 100000009
9 927715182
9 139932535
9 1000009
9 100000009
9 56111149
9 100000009
9 100009
9 221594333
9 771245429
9 484369270
9 481318709
9 100009
9 299341242
9 10009
9 153798257
9 100000009
9 100009
9 100009
9 100009
9 723757249
9 100009
9 100009
9 846858985
9 450328129
9 100009
9 101163990
9 486711629
9 451310489
9 100009
9 941895173
9 100000009
9 100000009
9 572349451
9 460220709
9 249576530
9 100000009
9 100009
9 791630473
9 100009
9 852978341
9 278150079
9 550830149
9 100009
9 591216288
9 100009
9 480754975
9 787217019
9 100000009
9 100009
9 255284429
9 138776709
9 457182549
9 100009
9 707913801
9 907667512
9 288103928
9 318147290
9 986994224
9 100009
9 542765049
9 100009
9 100009
9 462205509
9 100000009
9 152499221
9 100009
9 100009
9 916517413
9 921010827
9 185751769
9 100009
9 664317289
9 858489261
9 100009
9 100000009
9 100009
9 261375429
9 100009
9 116335149
9 619987843
9 275653449
9 100009
9 527000789
9 100000009
9 100009
9 100009
9 547954342
9 100009
9 397956322
9 267570629
9 857101289
9 605766692
9 414108894
9 100009
9 182381769
9 498181799
9 305520689
9 119714755
9 1009
9 622900890
9 100009
9 611273449
9 731561739
9 100009
9 295312157
9 626331509
9 713200129
9 100009
9 884387982
9 100009
9 100009
9 686387469
9 100000009
9 100009
9 259589075
9 100000009
9 100009
9 744386569
9 490110064
9 100009
9 730629812
9 333973793
9 351130489
9 100009
9 182444909
9 717638319
9 643713559
9 537957194
9 785870689
9 198356188
9 100000009
9 229284319
9 430357779
9 740578679
9 652029847
9 877757859
9 521686319
9 111744899
9 100000009
9 147507796
9 100000009
9 1000009
9 10009
9 584648901
9 963587155
9 100000009
9 278420941
9 100000009
9 702298124
9 100009
9 623048966
9 100009
9 100009
9 257705449
9 980016128
9 100000009
9 100009
9 388839114
9 261150409
9 817736659
9 100000009
9 109
9 100009
9 290751023
9 100000009
9 100009
9 686799707
9 100009
9 282283879
9 100009
9 878060489
9 100009
9 100000009
9 100009
9 100009
9 100000009
9 100009
9 100009
9 100009
9 100000009
9 100009
9 295377944
9 885108179
9 921656176
9 649865031
9 100009
9 479744160
9 801763954
9 314885319
9 906798180
9 100000009
9 831869814
9 875152956
9 444809008
9 202483149
9 575574279
9 100009
9 851353369
9 780191206
9 207465389
9 100009
9 100000009
9 884343029
9 682753059
9 532926551
9 614258092
9 100000009
9 100000009
9 253021296
9 734762619
9 100009
9 225651489
9 894048467
9 634964721
9 344163179
9 928121708
9 384351449
9 218223094
9 859463233
9 674678069
9 819788894
9 100009
9 614546109
9 10009
9 343798783
9 100000009
9 409520414
9 679803172
9 10009
9 100009
9 100000009
9 100000009
9 100009
9 973734342
9 820322009
9 100009
9 100000009
9 159429484
9 100009
9 171012529
9 345748249
9 498002601
9 913056557
9 520000719
9 143628429
9 955828251
9 100000009
9 100009
9 258778719
9 157136559
9 100000009
9 1000009
9 100009
9 100009
9 100009
9 465184219
9 383077589
9 100009
9 100009
9 100009
9 573453749
9 100009
9 243052529
9 863662209
9 969782383
9 125326859
9 134887469
9 329406857
9 209026713
9 100009
9 254130879
9 678338349
9 100000009
9 100009
9 100000009
9 436893164
9 100009
9 858485739
9 449634381
9 226712229
9 360180879
9 100009
9 946795539
9 100009
9 307976466
9 10009
9 786105629
9 768942786
9 100009
9 100009
9 640618859
9 775466459
9 100009
9 167424393
9 863959201
9 100009
9 100009
9 100009
9 583469822
9 100000009
9 100009
9 100009
9 10009
9 100009
9 606818639
9 100000009
9 325227869
9 100009
9 530709043
9 949206841
9 100009
9 571752249
9 100009
9 133710489
9 199273301
9 355225239
9 844607896
9 483976942
9 100009
9 917511692
9 100000009
9 100000009
9 674096569
9 110969525
9 100009
9 100000009
9 100009
9 177679075
9 717147292
9 812843159
9 100009
9 947099822
9 484602579
9 100009
9 100009
9 756791343
9 472365079
9 128732922
9 10009
9 100009
9 100000009
9 100000009
9 812217139
9 100009
9 509471707
9 896697233
9 100009
9 100000009
9 100009
9 106999885
9 118391972
9 100000009
9 100009
9 100009
9 100009
9 146500489
9 100009
9 341665119
9 100009
9 147787689
9 618192569
9 100009
9 100009
9 353046589
9 172809621
9 660395922
9 309914745
9 478664469
9 778620429
9 409265487
9 100000009
9 350746679
9 100000009
9 100009
9 523745079
9 233524839
9 913319965
9 100000009
9 351871579
9 283955125
9 956817907
9 438827129
9 100000009
9 825167942
9 359183181
9 760568239
9 544759458
9 999402224
9 618463209
9 443169339
9 100009
9 943789350
9 100009
9 100009
9 576206679
9 447850195
9 440388609
9 832474907
9 664816859
9 1000009
9 522928051
9 574792978
9 570518059
9 452495762
9 100009
9 100009
9 130049105
9 692202482
9 100009
9 826969431
9 304444169
9 100009
9 100000009
9 353228449
9 100000009
9 608265269
9 164547369
9 680370589
9 372115963
9 279207146
9 509418106
9 562962684
9 862391066
9 882842359
9 606959308
9 799088106
9 100009
9 732234379
9 159064513
9 100009
9 100000009
9 777214359
9 643433049
9 100009
9 421466593
9 673538719
9 100009
9 100009
9 449387021
9 514143965
9 870444609
9 100000009
9 100009
9 361121972
9 354990043
9 639272740
9 619889445
9 800642879
9 760598834
9 100009
9 703544938
9 474976936
9 100000009
9 924848361
9 100000009
9 100009
9 100000009
9 634703009
9 669198004
9 314071779
9 592576453
9 112041339
9 42643289
9 944736602
9 146534569
9 591085098
9 100009
9 686698765
9 882301289
9 883516009
9 100009
9 521101819
9 100000009
9 370512729
9 982577515
9 419188335
9 358729679
9 335896898
9 289547614
9 339204026
9 187514849
9 956278570
9 838657319
9 10009
9 576076839
9 100009
9 100009
9 762997603
9 100009
9 922790869
9 161116849
9 100009
9 507391332
9 100009
9 920176010
9 810637698
9 100009
9 598098947
9 703772309
9 837361369
9 224313529
9 753939235
9 100009
9 397133248
9 100000009
9 536071059
9 732482019
9 550494042
9 457591845
9 430082913
9 708751349
9 100009
9 584791841
9 100009
9 544496840
9 446996308
9 244672109
9 10009
9 556251749
9 190806075
9 100009
9 277793565
9 644492431
9 997835932
9 966429123
9 509971667
9 620806962
9 926476370
9 100009
9 425578549
9 100000009
9 777647479
9 100009
9 100000009
9 10009
9 100009
9 266973025
9 1000009
9 320827609
9 100000009
9 587828090
9 610007998
9 284722659
9 757413639
9 100009
9 397325394
9 100000009
9 127546639
9 169990644
9 838630149
9 100000009
9 100009
9 100009
9 498642640
9 167051579
9 879785708
9 100000009
9 581578489
9 100009
9 636869043
9 10009
9 792439032
9 100009
9 675325359
9 100009
9 296452241
9 100000009
9 382895881
9 227511491
9 471576079
9 276803469
9 467409352
9 100009
9 702786091
9 599871322
9 607405219
9 100000009
9 778502539
9 10009
9 816929781
9 100009
9 562469000
9 840902525
9 100000009
9 464033669
9 100009
9 649436999
9 927889868
9 388412829
9 113353639
9 923049266
9 100009
9 10009
9 512916399
9 100009
9 100009
9 934510098
9 100009
9 100009
9 100009
9 100009
9 930007644
9 228606879
9 100009
9 727417829
9 210490487
9 100000009
9 143203469
9 506936735
9 100000009
9 100000009
9 100009
9 453963596
9 100000009
9 100009
9 318400259
9 615373549
9 969964959
9 100009
9 100009
9 100000009
9 100009
9 100009
9 100009
9 266879706
9 299413443
9 175466149
9 100000009
9 449160032
9 100009
9 511922578
9 260856059
9 100009
9 100009
9 474515179
9 651225509
9 100009
9 10009
9 969402498
9 100000009
9 949296021
9 100009
9 808725839
9 100000009
9 550829688
9 347126719
9 752900956
9 100009
9 162607629
9 851750209
9 975556244
9 10009
9 418964740
9 10009
9 524797970
9 100009
9 810951314
9 966074559
9 1000009
9 413135829
9 824326259
9 114053379
9 100000009
9 453220719
9 697420564
9 868913446
9 100009
9 476088319
9 125620469
9 676145659
9 100009
9 252748985
9 100009
9 421492695
9 829964132
9 100009
9 100009
9 100009
9 100009
9 100009
9 968147445
9 323253019
9 560780589
9 553340349
9 985604360
9 275031019
9 100009
9 148475819
9 431500769
9 432916102
9 206104492
9 478368179
9 123683429
9 100000009
9 100009
9 572394785
9 47953628
9 582232419
9 681439517
9 100009
9 10009
9 100009
9 513106369
9 822507769
9 282590681
9 648526159
9 591620011
9 493976014
9 808844659
9 100009
9 100009
9 100000009
9 100000009
9 884403069
9 100009
9 100000009
9 870884990
9 673359735
9 906302273
9 100009
9 10009
9 100009
9 100009
9 100000009
9 798267275
9 809337050
9 804122829
9 340209146
9 941117021
9 100009
9 948926836
9 267080169
9 855078509
9 754071919
9 326380739
9 100009
9 909152108
9 262340619
9 100000009
9 100009
9 100009
9 528990132
9 498268538
9 100009
9 593001358
9 100009
9 382519926
9 137195895
9 524649548
9 10009
9 887334689
9 956833364
9 1009
9 100009
9 522963188
9 652291512
9 100009
9 242836394
9 502022539
9 517289362
9 553911475
9 10009
9 100000009
9 242440879
9 10009
9 185163889
9 100009
9 100009
9 939809725
9 620757539
9 588595854
9 100009
9 977702867
9 502073391
9 267643639
9 596524200
9 100009
9 600830949
9 751475039
9 479102288
9 100009
9 100000009
9 100009
9 961565668
9 100009
9 596625605
9 334141409
9 100009
9 889162460
9 100009
9 100009
9 565366589
9 502874879
9 100009
9 100009
9 100009
9 502134209
9 100009
9 603685759
9 205717419
9 100009
9 100009
9 221573950
9 492887212
9 205327339
9 916402313
9 727898107
9 100009
9 798576513
9 211386129
9 100000009
9 100009
9 100009
9 938949788
9 365387509
9 100009
9 889993012
9 1000009
9 100009
9 478774739
9 648651609
9 467213339
9 100009
9 341943696
9 168404109
9 100009
9 263911700
9 100009
9 263949512
9 755667649
9 100009
9 100009
9 100000009
9 119138876
9 100009
9 549666033
9 431060729
9 161024139
9 701913168
9 795044977
9 100009
9 375337469
9 10009
9 245645769
9 833753059
9 391505283
9 894690418
9 215282889
9 100009
9 708056609
9 100000009
9 696901676
9 100009
9 100000009
9 100000009
9 890230501
9 350592826
9 100009
9 777190304
9 100009
9 932875528
9 584019275
9 345814629
9 960556156
9 333322129
9 158559869
9 380861937
9 620498082
9 752711094
9 893770540
9 885078759
9 455425916
9 639624293
9 498712344
9 100009
9 530589946
9 100000009
9 100009
9 282674829
9 100009
9 637653609
9 709980407
9 573541569
9 100009
9 823884379
9 605005819
9 100009
9 891242931
9 455189729
9 100009
9 100009
9 100009
9 100009
9 100009
9 839189536
9 100009
9 100009
9 100009
9 195900382
9 220211539
9 100009
9 100009
9 140016569
9 920655730
9 1000009
9 851253539
9 357695684
9 100000009
9 169302380
9 10009
9 843124239
9 100000009
9 442953291
9 100000009
9 330526429
9 958287541
9 952525318
9 454230039
9 669773480
9 263955547
9 536187069
9 165352849
9 100009
9 100009
9 100009
9 152754859
9 448147619
9 754016209
9 100009
9 994701211
9 543023209
9 870921382
9 608731289
9 100009
9 100009
9 333586179
9 100009
9 124366509
9 100009
9 885500469
9 100009
9 343288619
9 652917630
9 271151329
9 100009
9 100009
9 845331379
9 226645907
9 789048519
9 882570449
9 217160869
9 661948521
9 100009
9 100009
9 989505104
9 641076197
9 738892350
9 100009
9 620141479
9 100009
9 449873200
9 447741109
9 100009
9 399216459
9 100009
9 100009
9 705748489
9 516681139
9 179731434
9 100009
9 129837917
9 100000009
9 100009
9 100009
9 100009
9 469997135
9 100000009
9 100009
9 322800209
9 100000009
9 100009
9 214804259
9 409307764
9 696320321
9 826372589
9 445975100
9 908949838
9 100009
9 851633719
9 100000009
9 100000009
9 732407629
9 836644339
9 100009
9 100000009
9 469452771
9 189355996
9 436790454
9 550591848
9 861886309
9 100009
9 10009
9 100009
9 806812968
9 100000009
9 100009
9 838093313
9 922387801
9 218152990
9 100009
9 618463459
9 546208349
9 100009
9 381194062
9 188951923
9 100000009
9 100009
9 100000009
9 100009
9 276381349
9 212573059
9 100009
9 492790083
9 663199095
9 100009
9 100000009
9 653394192
9 257623609
9 483193551
9 100009
9 718619968
9 967470609
9 100009
9 704462069
9 100009
9 601113975
9 746124219
9 100009
9 104283289
9 100009
9 532487549
9 100009
9 385826839
9 523685629
9 135390482
9 100000009
9 10009
9 100000009
9 844524329
9 924593585
9 379736510
9 819033097
9 444799890
9 859030104
9 100009
9 100009
9 1000009
9 918561299
9 100000009
9 823155409
9 100009
9 144202279
9 978573159
9 374161889
9 100000009
9 276309991
9 554192786
9 157111492
9 600491820
9 970982600
9 100000009
9 799354248
9 100009
9 100009
9 100009
9 100000009
9 978659733
9 100009
9 778758649
9 120569448
9 1000009
9 230441529
9 265120449
9 100009
9 10009
9 740957827
9 128782829
9 10009
9 109884364
9 100009
9 100009
9 100009
9 271183469
9 307004619
9 100000009
9 165655943
9 596224661
9 838494566
9 581030109
9 740048689
9 325541449
9 204653089
9 100009
9 823284879
9 100000009
9 100009
9 407015199
9 100000009
9 773729436
9 10009
9 755040209
9 811398567
9 100009
9 100009
9 583603739
9 911423213
9 635910976
9 100009
9 100009
9 560813905
9 100009
9 100009
9 100000009
9 461069867
9 266910046
9 561567389
9 999449892
9 100000009
9 100009
9 100000009
9 100009
9 100000009
9 100009
9 100009
9 695214563
9 100009
9 511518759
9 532244759
9 815716029
9 470611729
9 100009
9 100000009
9 100009
9 100009
9 100009
9 612814719
9 704433309
9 100000009
9 589939549
9 10009
9 531434239
9 923418315
9 100009
9 880606089
9 681275739
9 10009
9 100000009
9 100000009
9 900074511
9 786032019
9 100009
9 610359062
9 100009
9 100000009
9 100009
9 660910875
9 950237748
9 558295985
9 754861709
9 100000009
9 138410479
9 958164082
9 189387361
9 100009
9 775831469
9 100009
9 100009
9 1000009
9 118770639
9 100009
9 260554369
9 432843769
9 110222279
9 992502629
9 398380301
9 10009
9 100009
9 100009
9 100000009
9 10009
9 100009
9 100009
9 363357921
9 387805229
9 947638890
9 735711029
9 100009
9 10009
9 630450929
9 100009
9 621482659
9 317238369
9 100009
9 100009
9 786010729
9 176809616
9 747414049
9 639095681
9 146866069
9 245139061
9 408324039
9 100009
9 766748189
9 370835109
9 100009
9 100000009
9 821277479
9 581428349
9 574640359
9 100009
9 100000009
9 805231986
9 291348716
9 100000009
9 331275539
9 492616570
9 100000009
9 100009
9 509094870
9 100009
9 100000009
9 10009
9 10009
9 100009
9 220173129
9 100009
9 219851457
9 100000009
9 100000009
9 777230691
9 582276809
9 100009
9 988812688
9 917963072
9 100000009
9 100009
9 100000009
9 800567289
9 100009
9 100009
9 788299002
9 225821279
9 100009
9 100009
9 100000009
9 915082277
9 100000009
9 507854299
9 100009
9 100000009
9 100009
9 100009
9 186418964
9 337889262
9 100009
9 100009
9 210757819
9 463233719
9 100009
9 100000009
9 719629983
9 100009
9 178505982
9 115543619
9 784123759
9 100000009
9 163530993
9 10009
9 519846781
9 161222809
9 909287693
9 441964971
9 100009
9 100000009
9 671240396
9 607483999
9 100009
9 100009
9 100009
9 10009
9 157721931
9 757053905
9 968725117
9 557276799
9 100009
9 268353609
9 739345948
9 100009
9 909879521
9 443212239
9 704977521
9 970759221
9 100009
9 239727990
9 554737659
9 100009
9 288386690
9 597254490
9 100009
9 100009
9 100009
9 982080530
9 166617019
9 823066209
9 309764758
9 189507246
9 100000009
9 805809226
9 109
9 266638849
9 597969482
9 887600289
9 607695357
9 240805910
9 830651679
9 790142208
9 358927754
9 100009
9 674964410
9 100009
9 535268639
9 212408159
9 493149647
9 347822419
9 699061913
9 100009
9 441020079
9 725345319
9 505427519
9 200896087
9 100009
9 632763995
9 577168459
9 100009
9 395614902
9 100009
9 100009
9 567581339
9 911452072
9 157684809
9 597821711
9 538717119
9 100009
9 205024692
9 937558544
9 100009
9 986982033
9 342815129
9 835945687
9 100000009
9 624910263
9 594813763
9 10009
9 973122774
9 815088879
9 510923201
9 10009
9 456006239
9 669696354
9 551924574
9 765768709
9 411837639
9 227235109
9 116057519
9 772658689
9 553538479
9 791946164
9 148699029
9 100009
9 100009
9 844010629
9 260589378
9 100009
9 190744494
9 100009
9 716330559
9 100000009
9 609395154
9 100009
9 10009
9 100009
9 100009
9 100009
9 10009
9 100009
9 261861229
9 100009
9 100000009
9 100009
9 709706812
9 408979361
9 100009
9 547055769
9 100009
9 139992742
9 100009
9 100009
9 100009
9 100009
9 100009
9 10009
9 863233923
9 700447079
9 868287549
9 628821794
9 100000009
9 186678389
9 100009
9 188716379
9 314932796
9 955678403
9 100009
9 951164453
9 924886776
9 630811709
9 100009
9 61776189
9 100009
9 639998360
9 306309540
9 837148839
9 100009
9 396523993
9 100000009
9 284907583
9 100000009
9 163291725
9 100009
9 100009
9 416832977
9 865270869
9 100009
9 100009
9 100009
9 596071457
9 100009
9 568961949
9 745579966
9 168731229
9 820070159
9 100000009
9 755922587
9 394536717
9 420272139
9 773487696
9 711298975
9 100009
9 100000009
9 100009
9 492204882
9 100009
9 100009
9 100009
9 479089074
9 100000009
9 100009
9 832760239
9 247078249
9 335551219
9 116900398
9 302394647
9 629418093
9 100009
9 212664039
9 907152065
9 100000009
9 100000009
9 648831659
9 100009
9 100009
9 100000009
9 641341859
9 100000009
9 100000009
9 307842379
9 100009
9 100009
9 190689084
9 310469356
9 100000009
9 582539187
9 726589220
9 621118889
9 100009
9 100009
9 100009
9 137949495
9 125506149
9 152726859
9 650578639
9 807172399
9 100009
9 381972628
9 100009
9 698705649
9 356029622
9 447722839
9 657890566
9 458503369
9 100009
9 100000009
9 870372549
9 100009
9 887366294
9 626868219
9 404134789
9 824560099
9 506471879
9 100009
9 722909336
9 388581549
9 646466229
9 100009
9 710951599
9 100009
9 979781019
9 400607019
9 100009
9 939500959
9 100009
9 100000009
9 927552007
9 100009
9 100009
9 501657089
9 659285289
9 100009
9 100000009
9 100009
9 288665579
9 100009
9 100009
9 100000009
9 839908935
9 100000009
9 446091083
9 100009
9 170891478
9 313148349
9 10009
9 100009
9 247506069
9 100009
9 411031519
9 236350895
9 239679890
9 444683969
9 127896677
9 100009
9 10009
9 100000009
9 10009
9 100009
9 758319127
9 351025079
9 10009
9 987086091
9 406391232
9 210531209
9 100009
9 100000009
9 535575839
9 100009
9 100009
9 988050226
9 987475515
9 163864739
9 264587519
9 100009
9 311107159
9 682501519
9 679724078
9 122973175
9 985984020
9 976302399
9 861067559
9 607785659
9 100000009
9 100009
9 468644829
9 100009
9 100009
9 100009
9 100000009
9 708848769
9 196472349
9 767270019
9 100009
9 100009
9 100009
9 995319194
9 100009
9 100009
9 100009
9 323730739
9 100009
9 100009
9 716244869
9 528491885
9 100000009
9 505636329
9 675690375
9 790041433
9 711726439
9 251520691
9 1000009
9 303292520
9 423920840
9 100009
9 100009
9 589149740
9 169104187
9 981435797
9 100009
9 289358101
9 375424970
9 1000009
9 100000009
9 902207331
9 303077809
9 336565429
9 100009
9 959493083
9 100009
9 10009
9 100009
9 289549732
9 541417129
9 429957442
9 10009
9 579437444
9 184046759
9 567186529
9 100009
9 662938886
9 760329676
9 100000009
9 898180469
9 100009
9 585590266
9 433735129
9 100000009
9 100009
9 100000009
9 100009
9 547404219
9 563323879
9 100009
9 224142964
9 100009
9 813506529
9 100009
9 789277599
9 734157239
9 307624309
9 587594930
9 780406679
9 100009
9 100009
9 100000009
9 250272779
9 573343049
9 100000009
9 816355179
9 100009
9 540635998
9 145772589
9 406202739
9 828974441
9 100009
9 648015889
9 100009
9 260314009
9 713820789
9 100009
9 981980197
9 506041329
9 354032129
9 1000009
9 10009
9 557650319
9 858397658
9 763297606
9 10009
9 100009
9 318197613
9 10009
9 100009
9 624567849
9 956502804
9 818243639
9 330068549
9 271304359
9 699786791
9 410065937
9 100009
9 100009
9 100009
9 687426519
9 294931129
9 10009
9 100009
9 318849885
9 620549889
9 100000009
9 419415650
9 861735039
9 872892376
9 100009
9 917832216
9 649021980
9 100009
9 344408459
9 560847369
9 847552719
9 100009
9 926058018
9 100000009
9 442258409
9 100000009
9 703696135
9 170089785
9 686782509
9 930325824
9 100009
9 847059720
9 235284069
9 294313560
9 100009
9 444948112
9 270734719
9 506983756
9 742502019
9 389832254
9 924474826
9 170342149
9 100000009
9 160981767
9 100009
9 705291854
9 306403019
9 100009
9 568045009
9 100009
9 760560109
9 100009
9 100009
9 184502829
9 434313389
9 100009
9 890185998
9 298474350
9 100009
9 392582820
9 685569397
9 100000009
9 100009
9 180834649
9 100009
9 100009
9 100009
9 653446339
9 100000009
9 818823249
9 100009
9 875967482
9 100009
9 893358121
9 147540691
9 998538627
9 100009
9 951191367
9 121015960
9 146972925
9 847361496
9 200814093
9 188557898
9 665398054
9 100009
9 698771469
9 100009
9 100000009
9 353324579
9 762910757
9 453827879
9 100000009
9 100000009
9 729831959
9 204840349
9 100000009
9 877724795
9 562343197
9 100009
9 773266769
9 827321579
9 100000009
9 100009
9 100009
9 100009
9 379960655
9 10009
9 10009
9 607845709
9 344645982
9 291415916
9 100000009
9 100000009
9 100009
9 597615715
9 100000009
9 100009
9 100009
9 532076349
9 100009
9 166061459
9 100009
9 100000009
9 741198384
9 100009
9 100009
9 935583817
9 473310309
9 873576895
9 100009
9 100009
9 177157889
9 570209945
9 850379629
9 290082893
9 769656426
9 470616649
9 311896294
9 10009
9 100009
9 100009
9 922655213
9 729348225
9 100009
9 100000009
9 713406469
9 100009
9 666855789
9 516653941
9 679444249
9 294797900
9 100000009
9 220584029
9 722594822
9 779981510
9 100000009
9 905175005
9 100009
9 100009
9 100009
9 521605079
9 100009
9 100009
9 349931511
9 138826139
9 123321894
9 10009
9 366088739
9 300881239
9 100000009
9 845365579
9 511369365
9 440180779
9 100009
9 10009
9 616155239
9 885296994
9 890187383
9 745018829
9 153135879
9 100009
9 10009
9 689949488
9 222913135
9 468317679
9 862384769
9 613656329
9 100009
9 433237469
9 620702019
9 100009
9 798421178
9 100009
9 107165859
9 100009
9 100009
9 804447249
9 644466956
9 131149362
9 100009
9 100009
9 171210009
9 506236349
9 753883795
9 426669708
9 127924238
9 630410219
9 585937050
9 100009
9 100665709
9 453570329
9 316858689
9 642514189
9 10009
9 519173513
9 426128159
9 838670709
9 746746059
9 516986854
9 100009
9 517010219
9 311917292
9 459434516
9 975159183
9 100000009
9 146525944
9 100009
9 100000009
9 105214209
9 359799444
9 100009
9 100000009
9 303566639
9 841996473
9 100000009
9 100000009
9 872085739
9 777307659
9 985630902
9 192246857
9 399550885
9 967653936
9 100009
9 100009
9 100009
9 829124560
9 475759519
9 234719663
9 411898465
9 565822279
9 847759506
9 100000009
9 100009
9 849085351
9 393802474
9 284398582
9 218826869
9 476894980
9 357709640
9 100000009
9 650327569
9 100009
9 100009
9 100009
9 553190690
9 597019778
9 100000009
9 762469739
9 380423969
9 347651697
9 986278393
9 941647711
9 212989493
9 479382277
9 100009
9 476725049
9 100009
9 955084296
9 389314266
9 100000009
9 217719358
9 878022954
9 100009
9 809876419
9 200096466
9 387197356
9 100009
9 632553549
9 100009
9 100000009
9 100000009
9 625334439
9 725045519
9 506094931
9 569294766
9 100009
9 797793249
9 375396070
9 270707519
9 100009
9 704346980
9 100009
9 853310809
9 361087129
9 100009
9 576853589
9 833956321
9 199827639
9 666375629
9 100009
9 522858519
9 586240519
9 340499838
9 392789096
9 173876397
9 193478319
9 650087809
9 503018769
9 100009
9 1000009
9 937925125
9 878440119
9 555415119
9 840450917
9 100000009
9 282810119
9 190404093
9 100000009
9 100000009
9 100000009
9 368591120
9 229541836
9 609513509
9 409811734
9 794625747
9 897613454
9 900538462
9 207785369
9 611758319
9 100009
9 557012009
9 100009
9 100009
9 205867709
9 100000009
9 869573206
9 852547349
9 707341879
9 100009
9 447967718
9 987265210
9 940667408
9 338209956
9 524251309
9 100009
9 100009
9 100000009
9 561007192
9 324828109
9 613247690
9 695389271
9 536637192
9 100000009
9 100009
9 100009
9 100000009
9 100000009
9 100009
9 830908078
9 526549590
9 100000009
9 100009
9 704122933
9 100000009
9 773210209
9 539814044
9 820461819
9 999932928
9 100009
9 361578759
9 100009
9 100009
9 900161040
9 912117035
9 100009
9 100009
9 214548639
9 132141709
9 547172619
9 100009
9 903494764
9 100000009
9 254874819
9 100009
9 333582349
9 100009
9 767572319
9 165886269
9 305352819
9 980713562
9 100009
9 930834134
9 100009
9 625778697
9 100009
9 640773329
9 809090614
9 715732039
9 268946823
9 837181049
9 145921683
9 801871709
9 523491669
9 881799867
9 892385438
9 1000009
9 567101829
9 789967792
9 100009
9 100009
9 474919050
9 100000009
9 190169762
9 883837829
9 100009
9 649014543
9 198950389
9 214384759
9 100009
9 864901951
9 332961219
9 100000009
9 900822196
9 912284262
9 100009
9 1000009
9 815342369
9 100009
9 752864059
9 851034759
9 507034779
9 901870256
9 190168914
9 143524819
9 100000009
9 559758919
9 523543179
9 100009
9 602641971
9 100009
9 10009
9 100000009
9 913841263
9 661036359
9 966909935
9 306914463
9 100009
9 100009
9 526459921
9 449938118
9 10009
9 10009
9 100009
9 265835289
9 434259956
9 100009
9 601686369
9 100000009
9 173987712
9 100009
9 336772977
9 100009
9 889607515
9 333625339
9 77290935
9 100009
9 649946428
9 825900493
9 100000009
9 694375557
9 531863479
9 100009
9 100009
9 567315119
9 550950271
9 459040053
9 842802419
9 336959535
9 100000009
9 100009
9 965888647
9 245084589
9 779273117
9 100009
9 100009
9 655348119
9 100009
9 100009
9 608941642
9 296013551
9 797163109
9 611582639
9 100000009
9 488326069
9 477590690
9 10009
9 567178059
9 100000009
9 716197396
9 100009
9 639170975
9 100009
9 924854483
9 350916428
9 100009
9 400723389
9 100000009
9 643718689
9 100009
9 131929619
9 365277379
9 100000009
9 607651279
9 795684654
9 100009
9 124273509
9 870839192
9 100009
9 347036049
9 944391262
9 100009
9 100009
9 537468219
9 100009
9 100009
9 100009
9 595723278
9 485708917
9 100009
9 159618609
9 324646029
9 100009
9 100009
9 100009
9 285427889
9 100009
9 905407579
9 100009
9 183262709
9 430080839
9 640707009
9 217407973
9 334065259
9 675278339
9 100009
9 100009
9 805314659
9 290821013
9 100009
9 741037289
9 100009
9 782320689
9 374337629
9 100009
9 100009
9 738134529
9 701110629
9 180180099
9 727956742
9 454404339
9 497369046
9 908271315
9 832756509
9 715835194
9 100000009
9 100009
9 100009
9 808610629
9 100000009
9 502319532
9 540311191
9 534824639
9 673211889
9 434450379
9 100009
9 657809827
9 100000009
9 362353229
9 100000009
9 336093340
9 100009
9 100009
9 491397170
9 374629147
9 100000009
9 1009
9 100009
9 704753619
9 20368529
9 837092364
9 605186936
9 406220769
9 100009
9 100009
9 204633869
9 10009
9 100000009
9 471232359
9 749968837
9 642365972
9 253301189
9 100009
9 100000009
9 416656449
9 767932771
9 100009
9 662497078
9 892291569
9 100009
9 317993436
9 100009
9 882352849
9 317626139
9 789716696
9 616102019
9 100009
9 996106631
9 101834179
9 100009
9 100009
9 100009
9 479902804
9 823813293
9 564653179
9 964188887
9 100009
9 100000009
9 471871902
9 851478769
9 274072359
9 891896542
9 100009
9 100009
9 1000009
9 796393285
9 642381594
9 100000009
9 100009
9 10009
9 875717369
9 819664005
9 614459413
9 734569842
9 100000009
9 119082365
9 461173009
9 890175222
9 165374940
9 792599078
9 100009
9 682693496
9 100009
9 332847579
9 886060972
9 965398864
9 100009
9 118988069
9 100009
9 613584690
9 583087529
9 100009
9 138290575
9 681516963
9 228537973
9 100009
9 100009
9 486746971
9 668292002
9 851743509
9 168275109
9 572105439
9 854731209
9 913722733
9 856398361
9 100009
9 440021955
9 539527532
9 861374900
9 652134139
9 100009
9 409056152
9 100009
9 702387990
9 534423914
9 279794875
9 942009373
9 185619066
9 349493224
9 614352449
9 100009
9 324894245
9 100009
9 339583023
9 100000009
9 142606039
9 443352958
9 123081429
9 614470839
9 100000009
9 100000009
9 233915034
9 949798912
9 100009
9 669723214
9 28638419
9 984484552
9 418093375
9 807502079
9 460641099
9 758474349
9 100009
9 997697406
9 100000009
9 100009
9 555292030
9 389523661
9 100009
9 961455717
9 814400449
9 100000009
9 100009
9 100009
9 868654849
9 539522260
9 100009
9 507927207
9 212875459
9 100009
9 100000009
9 100000009
9 100009
9 100009
9 488560759
9 100000009
9 100000009
9 306563289
9 326009284
9 100009
9 490528113
9 100009
9 238789160
9 842157390
9 700284930
9 418945516
9 362245249
9 100009
9 814270049
9 646014649
9 100000009
9 100000009
9 674070649
9 100009
9 100009
9 492657028
9 100009
9 100009
9 441254955
9 100009
9 100009
9 896633485
9 664194065
9 624221669
9 997326723
9 100009
9 100009
9 100009
9 228398816
9 302433459
9 304809329
9 440555629
9 100009
9 100000009
9 188699214
9 925558544
9 630844439
9 100009
9 100000009
9 694190859
9 100009
9 723081958
9 558374792
9 100000009
9 100009
9 806750349
9 100009
9 100009
9 100000009
9 151935885
9 100009
9 100000009
9 482745839
9 209991021
9 377174219
9 227279267
9 430826459
9 100009
9 455854889
9 100000009
9 100000009
9 588149503
9 232299548
9 100000009
9 884265954
9 820109979
9 100009
9 100009
9 100000009
9 100009
9 100000009
9 824883149
9 100000009
9 955079554
9 100009
9 691956361
9 547990519
9 100009
9 100000009
9 420065974
9 10009
9 100009
9 100009
9 685372819
9 663051309
9 100009
9 702265069
9 100009
9 100009
9 381963386
9 332145569
9 967812796
9 192107107
9 221566819
9 304121849
9 100009
9 100009
9 100009
9 10009
9 349358282
9 299776642
9 100009
9 754417779
9 100000009
9 100000009
9 702005149
9 100009
9 364628694
9 100009
9 307179462
9 100009
9 100009
9 100009
9 100009
9 514383819
9 649566071
9 100009
9 511697142
9 254149350
9 100000009
9 100000009
9 100000009
9 680685319
9 392616378
9 331371409
9 357915401
9 118190816
9 366035319
9 100009
9 886114329
9 10009
9 733519159
9 100000009
9 100009
9 100000009
9 395083652
9 998719439
9 568223569
9 402574389
9 100009
9 215908318
9 100000009
9 686549996
9 100009
9 100000009
9 100009
9 231039370
9 927015920
9 290828459
9 460869923
9 100009
9 100009
9 100009
9 150888229
9 100009
9 976552816
9 120401479
9 100000009
9 338503391
9 213991652
9 621512649
9 100009
9 100009
9 100009
9 100000009
9 678320995
9 299327166
9 361650869
9 698801490
9 100009
9 554934271
9 680228789
9 100009
9 10009
9 126142709
9 626531529
9 100009
9 100000009
9 654152789
9 970859657
9 100009
9 100009
9 100009
9 100000009
9 201081829
9 450346339
9 100009
9 811360309
9 407244459
9 243477991
9 100000009
9 100009
9 642531729
9 100009
9 100000009
9 930949485
9 100009
9 350642049
9 764958992
9 982742837
9 100009
9 490099735
9 100000009
9 100009
9 125212839
9 10009
9 100009
9 864858379
9 100009
9 142267029
9 100009
9 554526649
9 159485774
9 401853139
9 709326952
9 100009
9 428097944
9 525392191
9 332352519
9 390822988
9 788792695
9 951475605
9 893695026
9 100009
9 731878904
9 100009
9 100000009
9 100009
9 100009
9 100000009
9 801982131
9 567637973
9 613128139
9 100009
9 378254649
9 973810703
9 182313219
9 100000009
9 770465239
9 100009
9 100000009
9 242552149
9 661018193
9 238076439
9 885299239
9 100000009
9 100000009
9 884159816
9 319039573
9 801065019
9 935325309
9 341363947
9 534615689
9 764745369
9 337416349
9 100000009
9 246634019
9 502293082
9 271469899
9 100009
9 854143549
9 478081179
9 100000009
9 100009
9 253923038
9 100009
9 100009
9 360750689
9 100009
9 405242779
9 100009
9 714844921
9 100000009
9 986261159
9 100009
9 100009
9 100000009
9 426215409
9 100009
9 706244779
9 128931621
9 252255149
9 709723634
9 100009
9 100009
9 100000009
9 100009
9 100009
9 100009
9 412837909
9 100009
9 689030158
9 685901988
9 717006509
9 1009
9 772848129
9 100000009
9 100000009
9 763084649
9 10009
9 100009
9 679818207
9 100000009
9 970879184
9 760885769
9 573221219
9 100009
9 229746592
9 258758049
9 108872659
9 100009
9 874423439
9 570329948
9 894214565
9 495710870
9 100000009
9 100009
9 100000009
9 900978025
9 521585139
9 794187065
9 561892485
9 117380749
9 597174437
9 826624049
9 415650379
9 100000009
9 524238689
9 100000009
9 1000009
9 677227319
9 100000009
9 792750078
9 142401958
9 895669113
9 100009
9 100009
9 594931620
9 185472259
9 100000009
9 100000009
9 407368639
9 100000009
9 776871509
9 256694634
9 266065900
9 568613669
9 100000009
9 981343396
9 10009
9 100009
9 496694907
9 315714419
9 925503047
9 548574192
9 579086948
9 642623459
9 100009
9 100009
9 656241219
9 100009
9 10009
9 100000009
9 100009
9 100009
9 100009
9 708437639
9 180616569
9 100009
9 229342270
9 287389651
9 714057859
9 856896729
9 984145636
9 892654494
9 100000009
9 649401239
9 240634409
9 639865337
9 344305519
9 100009
9 439615105
9 100000009
9 851857719
9 100009
9 100009
9 720166749
9 546963623
9 742808069
9 10009
9 845490415
9 100009
9 100009
9 100009
9 100009
9 537513379
9 295364867
9 10009
9 687152719
9 772774089
9 906325499
9 100009
9 123210419
9 430359210
9 100000009
9 100009
9 453393338
9 100000009
9 100000009
9 658417039
9 703777948
9 704223289
9 651303259
9 810031829
9 100009
9 28898664
9 680833449
9 100009
9 100009
9 971821111
9 872204519
9 151469050
9 496221072
9 100000009
9 812811209
9 924908103
9 680152549
9 1000009
9 100009
9 833583009
9 900766081
9 100009
9 815756649
9 648211694
9 100000009
9 827594890
9 169047000
9 437086429
9 100009
9 100009
9 433212279
9 138540419
9 100009
9 100009
9 719616490
9 815223295
9 724481109
9 100009
9 10009
9 929627192
9 100009
9 100000009
9 100009
9 164694093
9 573529501
9 429023074
9 520699373
9 10009
9 842621289
9 353914257
9 100009
9 761172219
9 129835652
9 310639224
9 972859171
9 100009
9 737644719
9 299213857
9 417007691
9 675737569
9 346961012
9 934511493
9 779843946
9 100009
9 658209144
9 158278559
9 100009
9 445264359
9 100009
9 918565546
9 516890563
9 487610897
9 100009
9 292164462
9 100009
9 348747769
9 989615027
9 249499194
9 100000009
9 303989317
9 446554974
9 100009
9 802819998
9 855012389
9 100000009
9 585947074
9 100009
9 400049962
9 768098699
9 549277159
9 137789511
9 958783154
9 638112279
9 605821449
9 605370849
9 710771819
9 100009
9 125659113
9 867982137
9 100009
9 428921787
9 733466259
9 426833329
9 662350229
9 100009
9 100009
9 776670179
9 100009
9 264558249
9 207120968
9 788773679
9 888326649
9 10009
9 533201049
9 100009
9 817560849
9 903203090
9 736019863
9 876289414
9 728979053
9 100009
9 100000009
9 719510913
9 902427182
9 482389467
9 100009
9 564639073
9 337119179
9 100009
9 233077594
9 418951163
9 100009
9 10009
9 610838079
9 982624472
9 100009
9 926819216
9 977591339
9 100009
9 702548079
9 992624319
9 631753679
9 222636904
9 100000009
9 720260649
9 478821139
9 100000009
9 788798073
9 100009
9 100000009
9 100000009
9 846002995
9 696918917
9 100009
9 423830459
9 951244565
9 100000009
9 10009
9 264441359
9 233721109
9 754685739
9 307644569
9 327994438
9 100009
9 100009
9 603292936
9 100009
9 157787129
9 100000009
9 642205669
9 100009
9 324396819
9 495163837
9 135973975
9 100009
9 100009
9 699183896
9 917477824
9 100009
9 536300329
9 100009
9 910798064
9 958036788
9 100009
9 123360289
9 100000009
9 100009
9 918461063
9 329085642
9 498070020
9 475431769
9 197037142
9 156654239
9 238404049
9 934827266
9 582319742
9 995976596
9 245108439
9 100000009
9 934308942
9 319570523
9 467265359
9 304645569
9 100000009
9 100009
9 519054090
9 278114629
9 815226719
9 100000009
9 824531091
9 10009
9 474964676
9 534990921
9 10009
9 100000009
9 787319161
9 164821369
9 523908434
9 724908155
9 107985166
9 790657231
9 392926874
9 543686589
9 100000009
9 196051195
9 100009
9 360145759
9 100009
9 996775745
9 100009
9 728115916
9 557099653
9 100000009
9 261449258
9 100000009
9 390297440
9 104472496
9 100009
9 100000009
9 417668239
9 979029722
9 664245079
9 100009
9 927073854
9 422330819
9 815556489
9 445476669
9 100009
9 601557129
9 162246379
9 1000009
9 484189421
9 100009
9 100009
9 100000009
9 612607369
9 670800089
9 100009
9 408004459
9 441403729
9 100000009
9 720212359
9 100009
9 803705912
9 100000009
9 371789333
9 394909503
9 943628351
9 648305329
9 100009
9 747521916
9 730413669
9 100009
9 100009
9 771352629
9 100009
9 513605289
9 100009
9 100000009
9 100009
9 100009
9 993084093
9 826052791
9 904645083
9 100009
9 897516644
9 243823294
9 599530487
9 930243819
9 640180269
9 1000009
9 630116059
9 856991701
9 159045125
9 100009
9 924808541
9 100000009
9 523285947
9 692201900
9 100000009
9 887095188
9 259014116
9 588526965
9 700010109
9 100009
9 100000009
9 632510389
9 196104256
9 669326459
9 528614849
9 100009
9 100000009
9 832950710
9 650503169
9 395047304
9 100009
9 911309860
9 935313781
9 936651428
9 100009
9 729774750
9 158434459
9 216740439
9 819678330
9 151861039
9 741074209
9 292238575
9 100009
9 100009
9 931176302
9 569092138
9 534435739
9 780660119
9 100009
9 100009
9 279958514
9 955295248
9 100009
9 918661372
9 640061559
9 565255529
9 124208309
9 100009
9 100000009
9 257953368
9 100009
9 1000009
9 100000009
9 745440389
9 252537239
9 100009
9 100009
9 100009
9 572584239
9 100000009
9 100009
9 213819187
9 592121723
9 100009
9 244129757
9 100009
9 401547479
9 570376029
9 687595872
9 231398301
9 100009
9 100009
9 100000009
9 632685309
9 100009
9 108212449
9 100000009
9 100009
9 568730509
9 557076859
9 100000009
9 251501319
9 100009
9 472200589
9 140363309
9 266767239
9 486601389
9 512898059
9 851486289
9 10009
9 683844239
9 480431309
9 746725859
9 215455579
9 649376758
9 100000009
9 100009
9 295188421
9 305195424
9 486135690
9 823686952
9 100009
9 100009
9 164211269
9 683025349
9 35269898
9 844616769
9 100009
9 432895373
9 122988289
9 832012119
9 983246520
9 367891005
9 100009
9 365346809
9 889797884
9 516407669
9 506317209
9 437132809
9 543084309
9 101930370
9 634582189
9 100000009
9 862632719
9 757107948
9 980705676
9 586770329
9 908297878
9 760911500
9 100000009
9 100009
9 161841569
9 100009
9 787776989
9 10009
9 410272970
9 950256995
9 100009
9 341993238
9 760388569
9 370734309
9 690008714
9 964174769
9 100009
9 100009
9 100009
9 257933334
9 286071169
9 100009
9 100009
9 100000009
9 979711065
9 730038219
9 672311369
9 712649230
9 693410335
9 806382789
9 148019081
9 243385789
9 688513869
9 370104559
9 100009
9 284443669
9 128658469
9 284254839
9 828028059
9 461341709
9 939712730
9 100009
9 100009
9 100000009
9 725193239
9 943514900
9 289590068
9 728656980
9 805354319
9 100009
9 481118469
9 807155469
9 731247469
9 100009
9 742014069
9 158305489
9 100000009
9 100000009
9 765659310
9 100009
9 100009
9 100009
9 488456957
9 100009
9 913249037
9 259646046
9 887947025
9 100009
9 432746269
9 100009
9 555536839
9 792444089
9 795463885
9 100009
9 256002549
9 100000009
9 100009
9 377595381
9 853428139
9 100000009
9 1000009
9 100009
9 100000009
9 448991123
9 751819193
9 521314879
9 652132189
9 696930741
9 836271792
9 100009
9 187659257
9 976527796
9 100009
9 709934410
9 100009
9 439718124
9 507635369
9 424572059
9 100009
9 100009
9 100009
9 669196889
9 100009
9 100009
9 100009
9 100000009
9 772388195
9 100009
9 988411760
9 441781139
9 100009
9 10009
9 493599242
9 1000009
9 499886735
9 819830924
9 957455544
9 189407923
9 100009
9 100000009
9 100009
9 100000009
9 938178403
9 100000009
9 100009
9 100009
9 100009
9 711525799
9 574638379
9 712599138
9 749839706
9 100000009
9 10009
9 612734249
9 100009
9 465777869
9 100009
9 100000009
9 449378582
9 465446519
9 465669138
9 417547639
9 100000009
9 100009
9 845121709
9 100000009
9 100009
9 234385829
9 576258329
9 887023769
9 943946405
9 549634699
9 499657794
9 100000009
9 521429052
9 451627129
9 143027669
9 100009
9 627303789
9 100009
9 100009
9 402125019
9 727693934
9 100000009
9 100009
9 100009
9 640958118
9 637650591
9 295593453
9 100000009
9 100009
9 100009
9 977095882
9 100000009
9 100000009
9 10009
9 475832159
9 100009
9 760338395
9 656955253
9 100009
9 481788951
9 100009
9 100009
9 207265459
9 587185269
9 655952639
9 896370318
9 100009
9 100009
9 497545117
9 100009
9 900353942
9 500255089
9 465273169
9 933182930
9 137083159
9 815870339
9 859189648
9 10009
9 334672019
9 864308569
9 248097512
9 879200547
9 100000009
9 176894225
9 172647559
9 100009
9 243534319
9 100009
9 729982922
9 793544151
9 100000009
9 100009
9 100009
9 410581689
9 968172724
9 602234209
9 339214604
9 100009
9 399892740
9 10009
9 100009
9 100000009
9 10009
9 100000009
9 953582018
9 677600519
9 837609027
9 100000009
9 402114589
9 911200693
9 298780135
9 100000009
9 100009
9 472442419
9 156184549
9 10009
9 470043659
9 810055039
9 100009
9 607165289
9 720228429
9 315819667
9 519638531
9 470407839
9 100009
9 100009
9 100009
9 100000009
9 460265019
9 129750440
9 180406492
9 10009
9 100000009
9 781134269
9 100009
9 751734973
9 100009
9 551606669
9 334456279
9 100000009
9 166443749
9 747121529
9 100009
9 529771464
9 10009
9 110255169
9 100009
9 100000009
9 540420394
9 801248859
9 100009
9 100009
9 780035109
9 282953285
9 100009
9 100000009
9 366847983
9 640174309
9 100009
9 557878794
9 691001564
9 100009
9 312111609
9 100009
9 100009
9 777725439
9 100009
9 100009
9 915823471
9 681195254
9 827415829
9 100107798
9 100000009
9 967020714
9 843951012
9 100009
9 789981717
9 842464889
9 100000009
9 249513837
9 331642409
9 943802823
9 845063169
9 671395214
9 840509265
9 166268309
9 738840298
9 100009
9 100009
9 100009
9 100009
9 249201153
9 100000009
9 1000009
9 486180940
9 660249542
9 100009
9 846884229
9 143448398
9 352904730
9 934021839
9 424520289
9 671481295
9 301594407
9 367194691
9 100009
9 100000009
9 228885589
9 380831970
9 622396192
9 100009
9 549364968
9 353347594
9 100009
9 713739901
9 606286749
9 100009
9 645983241
9 350130559
9 206557759
9 100009
9 141455093
9 100000009
9 701725649
9 734217229
9 457324893
9 100009
9 360930703
9 100009
9 100009
9 100000009
9 561955942
9 100009
9 100000009
9 483073729
9 100009
9 709253497
9 100000009
9 341654729
9 100000009
9 100009
9 591898190
9 475670669
9 100009
9 634875968
9 656090170
9 847269486
9 865095173
9 324269620
9 100009
9 100000009
9 100009
9 100000009
9 180434419
9 100009
9 100000009
9 100009
9 100009
9 729580246
9 100009
9 198639971
9 100009
9 696969694
9 474058951
9 840983416
9 369088428
9 227859953
9 901343413
9 328294187
9 100009
9 100009
9 624813239
9 100009
9 100009
9 130532359
9 438908998
9 734190873
9 100000009
9 100000009
9 213294199
9 459177618
9 247534649
9 100009
9 1000009
9 464192518
9 100000009
9 100000009
9 100009
9 100009
9 100000009
9 132247309
9 100009
9 100000009
9 397251353
9 192119167
9 266152696
9 100009
9 430769539
9 100009
9 805643639
9 212779733
9 100009
9 313087459
9 449836426
9 100009
9 802174839
9 100009
9 230254629
9 596032575
9 831732679
9 170511189
9 255677619
9 246982870
9 100009
9 666884089
9 574827549
9 767626369
9 100000009
9 406439047
9 857775679
9 938810711
9 100009
9 100009
9 100009
9 100000009
9 233287039
9 100000009
9 940581127
9 883110159
9 480359269
9 621759188
9 818801779
9 733614519
9 326681849
9 739292467
9 433449347
9 703832739
9 100009
9 805089800
9 100009
9 845392494
9 890119554
9 892129564
9 100000009
9 355832339
9 1000009
9 674489891
9 100009
9 100009
9 738807279
9 746030259
9 100009
9 464552049
9 968483795
9 500904588
9 100009
9 100009
9 837043639
9 711540109
9 100009
9 756947753
9 100009
9 467807819
9 10009
9 114829304
9 100009
9 510332139
9 951743059
9 232772269
9 100000009
9 390926514
9 845690548
9 100000009
9 614078719
9 555791266
9 100009
9 10009
9 398806576
9 100000009
9 831089449
9 882654889
9 100009
9 100009
9 668816349
9 699511046
9 841975546
9 217785393
9 817607049
9 100009
9 100009
9 282194313
9 100000009
9 100009
9 467824379
9 377237983
9 862852590
9 721061039
9 10009
9 935769903
9 100009
9 133500529
9 877467079
9 100009
9 475842179
9 228915776
9 100000009
9 161444829
9 104776059
9 103219153
9 100009
9 100009
9 100009
9 220726279
9 100009
9 317196332
9 100000009
9 100009
9 100009
9 100009
9 674418039
9 100009
9 100009
9 100000009
9 735807197
9 100000009
9 626552329
9 440063859
9 100009
9 251817951
9 270896992
9 100000009
9 100009
9 888696584
9 226763109
9 100000009
9 927281515
9 100000009
9 100009
9 466204839
9 100009
9 100009
9 819498444
9 930004237
9 509340004
9 100009
9 804768790
9 443506299
9 382073349
9 401632859
9 100000009
9 157610559
9 726798810
9 770892723
9 923788250
9 937266955
9 100009
9 100000009
9 1009
9 100009
9 100009
9 465787209
9 820214339
9 775468479
9 627885609
9 159940301
9 100009
9 398098308
9 159803865
9 189109033
9 435736697
9 548879182
9 100000009
9 224417249
9 100009
9 100009
9 100009
9 100009
9 130137689
9 803511239
9 221599034
9 389339666
9 879577892
9 100009
9 100000009
9 1009
9 796725982
9 128953259
9 100009
9 198916979
9 952827020
9 10009
9 100009
9 825191302
9 100000009
9 100009
9 100009
9 723699706
9 100000009
9 998888448
9 925078965
9 100000009
9 100000009
9 100009
9 100009
9 100000009
9 216389110
9 338284839
9 100009
9 421725079
9 803556689
9 100000009
9 455151429
9 196620888
9 652866439
9 100009
9 100009
9 100009
9 100000009
9 406935595
9 951050801
9 599804982
9 844068849
9 499754055
9 10009
9 645434769
9 100009
9 100009
9 858582986
9 204812479
9 100000009
9 224553829
9 100009
9 828941707
9 509440806
9 715010946
9 167681299
9 100000009
9 100000009
9 192920663
9 789871255
9 541237439
9 499571407
9 100000009
9 100009
9 100009
9 100000009
9 468641319
9 742528693
9 100009
9 100009
9 100000009
9 644829062
9 575478759
9 369448086
9 459268041
9 860763983
9 100000009
9 465850319
9 100009
9 100000009
9 505754769
9 100000009
9 353622389
9 852642829
9 190416179
9 249102369
9 1000009
9 726121719
9 639316431
9 564074689
9 100000009
9 172829628
9 744845049
9 799282728
9 112611469
9 167345689
9 100009
9 801934445
9 441925238
9 202398599
9 100009
9 184054879
9 100009
9 514624984
9 230303609
9 100009
9 100009
9 596343335
9 100009
9 810426944
9 941669292
9 752896062
9 261402329
9 493633471
9 10009
9 1009
9 100009
9 100009
9 100000009
9 100009
9 100009
9 311127249
9 718016669
9 100009
9 100000009
9 893347569
9 100000009
9 571283459
9 100009
9 324394022
9 135652749
9 100000009
9 100009
9 575628349
9 660664929
9 100009
9 10009
9 967913596
9 100009
9 669819293
9 100009
9 100009
9 413782609
9 165052609
9 156728819
9 100000009
9 845877789
9 735402629
9 130597612
9 950940376
9 100000009
9 390008504
9 100009
9 100009
9 734122089
9 610582159
9 799880213
9 909782801
9 10009
9 100009
9 908249154
9 100009
9 106099966
9 100009
9 379803564
9 831167910
9 323257917
9 709925028
9 100000009
9 100009
9 758485139
9 701866779
9 421417629
9 100009
9 100009
9 100009
9 799638644
9 663854931
9 997139763
9 350867859
9 100009
9 195400087
9 945031380
9 100009
9 531021419
9 100000009
9 100009
9 401531609
9 10009
9 100009
9 552397170
9 100009
9 905321807
9 973641035
9 100009
9 784687159
9 133091456
9 369025572
9 100000009
9 100009
9 740415899
9 373278940
9 423337839
9 925960807
9 633702739
9 578675896
9 329158450
9 681595763
9 128428249
9 100009
9 287601093
9 10009
9 100009
9 887271669
9 100000009
9 100000009
9 100009
9 976195559
9 100009
9 842867879
9 726581479
9 100000009
9 586213819
9 100009
9 100009
9 344331295
9 887911689
9 100009
9 100009
9 100009
9 314392498
9 948443889
9 441713509
9 859718064
9 10009
9 155757439
9 536641339
9 300393584
9 122536239
9 78225791
9 193835954
9 393818987
9 504635249
9 143620219
9 663533159
9 100000009
9 100009
9 10009
9 100009
9 100000009
9 100009
9 100009
9 275800439
9 100009
9 352907596
9 100000009
9 784897538
9 557508449
9 467973616
9 100009
9 802978540
9 133445249
9 785965509
9 263096532
9 646539981
9 100000009
9 361560839
9 608795092
9 903011973
9 100009
9 358367937
9 100009
9 136289356
9 740928047
9 428663944
9 604678509
9 100009
9 10009
9 100009
9 653987263
9 100000009
9 100009
9 58174954
9 100009
9 100009
9 100009
9 388393033
9 716947738
9 499583325
9 100009
9 244949523
9 100000009
9 1000009
9 1009
9 100009
9 572112039
9 345994367
9 911608808
9 908769730
9 979375441
9 100009
9 100000009
9 100000009
9 429325012
9 100000009
9 557112339
9 100000009
9 663691907
9 100009
9 100009
9 100009
9 779955187
9 680401119
9 363661249
9 597325300
9 945971554
9 888133293
9 495910406
9 100000009
9 652258149
9 979435349
9 669475096
9 100009
9 447759167
9 100009
9 853705199
9 810938706
9 100009
9 100000009
9 997305374
9 168214129
9 100000009
9 977285520
9 864432291
9 100009
9 198461629
9 100009
9 100009
9 355484329
9 100009
9 100000009
9 657390112
9 100000009
9 664765479
9 968041884
9 100009
9 803480279
9 100009
9 504808739
9 100009
9 984705797
9 521923622
9 100009
9 607325829
9 100009
9 499933201
9 10009
9 140628139
9 100009
9 406069224
9 100000009
9 193251546
9 602156709
9 731512199
9 58857149
9 100009
9 266823911
9 100009
9 882801983
9 745158927
9 705450609
9 100000009
9 964770016
9 932255397
9 100009
9 100009
9 100009
9 879838508
9 100009
9 886762419
9 100000009
9 100009
9 10009
9 100009
9 100000009
9 630600879
9 707975303
9 430458369
9 112245429
9 218061309
9 437921987
9 100009
9 100009
9 100009
9 100000009
9 100009
9 100009
9 100009
9 100009
9 270148069
9 100009
9 100009
9 264854893
9 312738259
9 744476159
9 970362279
9 188001659
9 1000009
9 145006904
9 525703935
9 878603379
9 100000009
9 225480689
9 409148803
9 451748169
9 100009
9 734561839
9 100000009
9 697649324
9 458547913
9 392863422
9 100009
9 100009
9 100009
9 100009
9 424231469
9 298378694
9 919188798
9 100009
9 848275009
9 119051114
9 493231409
9 404207709
9 993481609
9 100000009
9 525087869
9 718656879
9 981259259
9 686095310
9 100009
9 100009
9 100000009
9 949292518
9 709141226
9 100000009
9 107454139
9 527128389
9 153093707
9 711715789
9 315072639
9 917880933
9 886640379
9 245965504
9 775238059
9 894815699
9 100009
9 100009
9 659324214
9 661098391
9 145288963
9 135445916
9 100000009
9 522123049
9 916267999
9 100009
9 940650164
9 100000009
9 100000009
9 783542509
9 100009
9 100000009
9 100009
9 221903467
9 686038059
9 100000009
9 482802790
9 708334095
9 119126667
9 349285830
9 176785349
9 519237340
9 734609977
9 794060277
9 100000009
9 357042659
9 873289155
9 409613530
9 100009
9 728230739
9 100009
9 216167889
9 707521889
9 868455809
9 434674789
9 335714879
9 100009
9 1000009
9 100009
9 335652049
9 100009
9 133004289
9 100009
9 100009
9 100009
9 244701029
9 840653694
9 100009
9 458928912
9 108144289
9 100000009
9 276758419
9 656983579
9 331871759
9 100009
9 104166489
9 100009
9 100000009
9 100009
9 100000009
9 336095430
9 10009
9 783658079
9 171135219
9 766233769
9 100000009
9 100009
9 100009
9 363081529
9 703872749
9 523704629
9 303308189
9 10009
9 655884039
9 100009
9 609691090
9 100009
9 100009
9 100009
9 214445209
9 100000009
9 100009
9 734936898
9 657200009
9 577796202
9 100009
9 561739739
9 656117769
9 548209083
9 667010729
9 238398546
9 648596179
9 524513669
9 233309168
9 591536689
9 10009
9 100000009
9 194683220
9 926409900
9 100009
9 100000009
9 337168449
9 100000009
9 100009
9 145323579
9 940190128
9 100000009
9 607589961
9 527881930
9 100000009
9 100000009
9 533954453
9 533886319
9 100000009
9 100000009
9 100000009
9 988630074
9 809731804
9 100009
9 992445488
9 100009
9 275122598
9 388330419
9 396111656
9 100009
9 412853249
9 908178653
9 10009
9 280571689
9 100000009
9 771478359
9 459034754
9 100000009
9 266009963
9 10009
9 724153869
9 853974945
9 114508819
9 100009
9 511025689
9 541954301
9 100009
9 100009
9 994653770
9 846498394
9 283096122
9 292075098
9 833858559
9 520237859
9 100000009
9 127618949
9 768289439
9 118437459
9 100000009
9 100009
9 320192006
9 516380319
9 100009
9 758261509
9 664978196
9 808264692
9 410238951
9 420005009
9 100000009
9 287869499
9 720330911
9 100000009
9 998802312
9 100000009
9 660616629
9 287860789
9 771928642
9 345409257
9 383650569
9 188648849
9 903252236
9 100009
9 100009
9 821420948
9 100009
9 100000009
9 100009
9 100009
9 992542779
9 602315859
9 100009
9 303234589
9 100009
9 900324648
9 961860349
9 545314589
9 463941877
9 243398970
9 521065209
9 760309290
9 100009
9 100009
9 361321249
9 100009
9 452590680
9 100009
9 748107359
9 100000009
9 760753659
9 207393071
9 794102958
9 867691997
9 100009
9 100009
9 107519209
9 100000009
9 100009
9 100009
9 774072389
9 125185913
9 1009
9 118122569
9 413318859
9 100009
9 113749579
9 885784019
9 100000009
9 341850679
9 256218399
9 124261109
9 341205369
9 193154327
9 409365667
9 100000009
9 269071173
9 703010809
9 383127489
9 100009
9 691691174
9 100000009
9 908101252
9 714654129
9 759137828
9 100009
9 468327889
9 100009
9 100009
9 100009
9 100009
9 309753106
9 241938840
9 100009
9 100000009
9 992308102
9 100009
9 620824429
9 100009
9 100009
9 203817419
9 939924631
9 100009
9 795738567
9 676860129
9 100000009
9 102647489
9 100000009
9 100000009
9 315573179
9 868164029
9 258655489
9 100009
9 485810849
9 105821595
9 100000009
9 149550548
9 875906355
9 155737029
9 100000009
9 888808981
9 563919612
9 552673519
9 463378819
9 100009
9 484870239
9 100009
9 100009
9 488403429
9 317654191
9 701194539
9 100009
9 10009
9 100009
9 100009
9 100009
9 522223379
9 245077689
9 100009
9 10009
9 100009
9 327854692
9 879979374
9 128702249
9 100000009
9 100009
9 100009
9 100009
9 100009
9 100009
9 325087849
9 437185594
9 10009
9 100000009
9 819437001
9 100000009
9 411147569
9 463900823
9 117164269
9 706070917
9 100009
9 462824589
9 339826472
9 100009
9 100009
9 127021379
9 289823073
9 501526689
9 100009
9 737673459
9 100009
9 621960086
9 595839356
9 413929845
9 485413139
9 258104409
9 365257849
9 697863230
9 100009
9 100009
9 100000009
9 846250999
9 100009
9 738280409
9 503652009
9 100009
9 100000009
9 750378719
9 981059628
9 1009
9 333687649
9 165451479
9 297749508
9 256233699
9 770855339
9 748730449
9 326321459
9 718796157
9 990689142
9 454220579
9 330249866
9 650066349
9 661293811
9 100009
9 100009
9 100000009
9 10009
9 469381839
9 100009
9 725110390
9 100000009
9 882607309
9 230552739
9 501317559
9 431335139
9 266280749
9 100009
9 100009
9 206577709
9 361015970
9 162797075
9 134741169
9 100009
9 24915679
9 993104111
9 628286649
9 600535579
9 100009
9 406935819
9 100000009
9 485923932
9 239068812
9 250466789
9 990267878
9 966342664
9 100000009
9 100009
9 100000009
9 100000009
9 939907271
9 481270869
9 135768439
9 378489998
9 540608759
9 100000009
9 100000009
9 822845319
9 765171129
9 477990042
9 463149822
9 100009
9 100009
9 206511059
9 285188669
9 681208629
9 100009
9 100009
9 100009
9 100009
9 100009
9 828151594
9 100009
9 459760064
9 685124139
9 100009
9 100000009
9 782503539
9 100009
9 279620253
9 100009
9 562886659
9 100000009
9 615313089
9 136084619
9 160498331
9 754390110
9 278958672
9 100009
9 503661393
9 100009
9 185303592
9 879616401
9 622992359
9 100000009
9 100009
9 139764113
9 143809877
9 100009
9 600435449
9 671479708
9 188899941
9 100009
9 764477679
9 100009
9 842006139
9 656392991
9 100000009
9 100009
9 460347697
9 660916139
9 100000009
9 814778927
9 691738878
9 672307489
9 280593638
9 337343249
9 100009
9 246156954
9 717828679
9 10009
9 962485602
9 100009
9 100000009
9 319950384
9 124642619
9 100009
9 100000009
9 277013739
9 492857444
9 185898267
9 100009
9 100009
9 301711319
9 321768059
9 100009
9 100009
9 785424159
9 100009
9 100000009
9 621522469
9 795679030
9 100009
9 704903976
9 462170879
9 802748849
9 100009
9 100009
9 757788169
9 200299429
9 761520849
9 958028399
9 100009
9 142526049
9 505590522
9 958706558
9 821537719
9 179588718
9 111790404
9 100000009
9 949381186
9 100000009
9 100009
9 419500119
9 297320063
9 976589452
9 100009
9 100009
9 100009
9 100000009
9 953898569
9 701910428
9 664311398
9 100009
9 768025339
9 100000009
9 100009
9 363812249
9 100000009
9 262454749
9 563655393
9 100009
9 100009
9 10009
9 100009
9 208442915
9 256241219
9 100009
9 100000009
9 483657519
9 100000009
9 754192163
9 352667903
9 100009
9 221900308
9 541355389
9 100009
9 100000009
9 100009
9 749499167
9 100009
9 100009
9 917666427
9 100009
9 100009
9 356667039
9 185532429
9 947651459
9 217363943
9 973318946
9 138678398
9 100009
9 864868249
9 100009
9 100009
9 100000009
9 275573419
9 990589159
9 100000009
9 590083714
9 100000009
9 452333669
9 100009
9 858289308
9 557414779
9 328717009
9 100009
9 441235509
9 531516539
9 496410244
9 100009
9 409411799
9 100000009
9 10009
9 100000009
9 100009
9 755890422
9 100009
9 273600629
9 100009
9 202143169
9 100009
9 100000009
9 325859335
9 204702589
9 936803271
9 564981993
9 972979680
9 100009
9 809063724
9 928134392
9 150121749
9 100009
9 665513609
9 1000009
9 100009
9 760908956
9 100000009
9 519496233
9 100009
9 864707759
9 100009
9 925682359
9 100009
9 10009
9 100009
9 100000009
9 834877859
9 795115252
9 491163806
9 100009
9 100009
9 911143937
9 100000009
9 204951983
9 100009
9 100009
9 255502219
9 723195820
9 100009
9 636833149
9 850188719
9 100009
9 241881179
9 313189471
9 160495322
9 471124009
9 237944972
9 319475402
9 142386129
9 191749786
9 492585329
9 100000009
9 100000009
9 267650059
9 855892592
9 302873889
9 540326279
9 287833939
9 100000009
9 160811449
9 100349843
9 100009
9 806005059
9 381013369
9 100000009
9 100000009
9 224459729
9 100009
9 367096408
9 10009
9 754496296
9 803651019
9 764006319
9 100000009
9 574957122
9 661652019
9 10009
9 717298733
9 100009
9 100000009
9 577292497
9 100009
9 315765198
9 113441719
9 100009
9 100009
9 100000009
9 852066923
9 966295508
9 360950111
9 10009
9 277541109
9 100009
9 882970519
9 990454721
9 234771529
9 911351436
9 499763959
9 100009
9 799065604
9 10009
9 312312399
9 719080350
9 100009
9 100000009
9 100009
9 457447179
9 336798929
9 100000009
9 878550394
9 100009
9 100000009
9 772668951
9 100000009
9 100009
9 100009
9 100009
9 320178619
9 598122788
9 100009
9 850481529
9 183985057
9 622854941
9 238105795
9 604590242
9 100009
9 730554639
9 10009
9 979260012
9 499188456
9 100009
9 946497876
9 763497224
9 851576439
9 510108289
9 100009
9 10009
9 10009
9 100009
9 564508829
9 100009
9 100009
9 100009
9 100009
9 866255379
9 100009
9 870435779
9 278550539
9 100009
9 100000009
9 100000009
9 123026239
9 250373339
9 185994163
9 840044697
9 748791802
9 10009
9 100000009
9 100009
9 625447189
9 100009
9 689186226
9 908389654
9 829365120
9 141089690
9 489177468
9 100009
9 100009
9 278464509
9 148713709
9 403289423
9 281058739
9 100009
9 100009
9 322642269
9 100009
9 407528669
9 100009
9 100009
9 216196406
9 462153049
9 100009
9 100000009
9 100000009
9 100000009
9 100009
9 100009
9 684784569
9 605911584
9 100009
9 100000009
9 127778839
9 100009
9 893200956
9 611018189
9 100009
9 100000009
9 834181429
9 223830539
9 656851109
9 100009
9 100009
9 775377589
9 314580409
9 645420379
9 888711739
9 397830889
9 886413259
9 100009
9 740508289
9 100000009
9 100009
9 340386609
9 100009
9 100009
9 911280311
9 29342577
9 961684573
9 100009
9 100009
9 541955728
9 261000669
9 518289477
9 739486737
9 761639159
9 100009
9 100000009
9 100009
9 643413649
9 338101859
9 639729774
9 622559881
9 843342569
9 269621824
9 739409590
9 255055139
9 100000009
9 516528905
9 347268390
9 100009
9 100009
9 100009
9 100009
9 734289661
9 100009
9 654021982
9 709132655
9 629853200
9 100009
9 100000009
9 231594657
9 788397652
9 286763529
9 418230629
9 237658749
9 100009
9 235699298
9 100009
9 840729597
9 618286469
9 62764629
9 847320239
9 100000009
9 176821779
9 710211319
9 816666049
9 426933430
9 831630490
9 746605439
9 100009
9 100009
9 100009
9 349400627
9 504769000
9 100009
9 616421829
9 100009
9 510869249
9 714198358
9 645085975
9 249130108
9 894850320
9 445864709
9 941664287
9 100009
9 825588059
9 711308289
9 651027929
9 990648850
9 100000009
9 686048289
9 100009
9 916534253
9 100009
9 772980569
9 530598148
9 100009
9 966790496
9 1000009
9 156893208
9 100000009
9 100000009
9 100009
9 823235749
9 100009
9 100009
9 243988746
9 756949048
9 742752669
9 685608479
9 477066379
9 509405488
9 100009
9 169256279
9 100009
9 946606413
9 100000009
9 835099192
9 100009
9 100009
9 499701485
9 147831679
9 572052179
9 670449015
9 100009
9 193948012
9 100000009
9 100009
9 100009
9 952452049
9 277017689
9 986567395
9 100009
9 351259100
9 404855649
9 840468669
9 100000009
9 100009
9 100009
9 223442219
9 168197082
9 473609734
9 394222390
9 158773779
9 686344869
9 759769478
9 612154559
9 545911465
9 688241579
9 429697511
9 992378519
9 827814429
9 100009
9 529401121
9 100009
9 1000009
9 623802739
9 100009
9 383772289
9 345218059
9 656236539
9 845178759
9 260708229
9 470358389
9 841983818
9 942029246
9 510708359
9 628349461
9 585467179
9 264617169
9 982877355
9 843715493
9 390165898
9 100009
9 784492907
9 982994386
9 546044529
9 877889587
9 100000009
9 325927724
9 129208935
9 100000009
9 100009
9 397465307
9 100009
9 610010379
9 790427962
9 723118329
9 100009
9 980799911
9 675650029
9 928233023
9 100009
9 579573063
9 619000225
9 100000009
9 10009
9 312739017
9 351972958
9 100009
9 122250039
9 1000009
9 995304562
9 912386433
9 238146898
9 307817629
9 100009
9 558692966
9 861467439
9 583382797
9 923331728
9 100009
9 100000009
9 260687449
9 634832739
9 697683953
9 105789687
9 1000009
9 238500739
9 954975696
9 183275549
9 100009
9 950722447
9 549865138
9 100009
9 162104709
9 100009
9 785907456
9 250306249
9 522620997
9 100009
9 963799920
9 725498794
9 367347719
9 100009
9 437289548
9 100000009
9 559419298
9 472209166
9 676044419
9 10009
9 717343319
9 421688896
9 100009
9 100000009
9 310639131
9 100009
9 100009
9 100009
9 100009
9 100009
9 214299238
9 100009
9 152406389
9 884365999
9 666926113
9 100009
9 829985477
9 745712953
9 100000009
9 746510279
9 872519814
9 100000009
9 512461879
9 348198825
9 100000009
9 100000009
9 674021619
9 421758229
9 422847169
9 242619020
9 762981843
9 100009
9 487866619
9 750202090
9 100009
9 810701209
9 197332335
9 100000009
9 898254419
9 289023164
9 924003850
9 100009
9 100009
9 10009
9 614488859
9 100009
9 416953217
9 100009
9 572402669
9 830253529
9 761179084
9 100009
9 667475439
9 710440449
9 100009
9 466766409
9 634822729
9 972498550
9 609172850
9 100000009
9 488371198
9 100000009
9 100009
9 354761539
9 932370011
9 515395602
9 858683968
9 743632229
9 100009
9 350092122
9 100009
9 100000009
9 933615869
9 687525079
9 657359794
9 189159994
9 965504781
9 262426679
9 857424579
9 932306270
9 164574219
9 464279730
9 490938241
9 100000009
9 232463729
9 682058093
9 654345839
9 973085365
9 660431469
9 318620789
9 482750259
9 100000009
9 100000009
9 413420099
9 124867009
9 185372889
9 940916496
9 100009
9 531062469
9 203216129
9 1000009
9 958559258
9 100009
9 116610966
9 100009
9 702138029
9 410780669
9 335965666
9 685866029
9 922964740
9 330836749
9 704198502
9 100009
9 100009
9 100009
9 871222669
9 100000009
9 100009
9 561833829
9 799856843
9 758457389
9 100009
9 100000009
9 358441489
9 139532844
9 100000009
9 232480989
9 524876779
9 100009
9 10009
9 462447709
9 100009
9 100000009
9 906963533
9 495865060
9 461903784
9 756912141
9 181352589
9 380709269
9 480219160
9 100009
9 100000009
9 100009
9 100009
9 556469212
9 100000009
9 678339719
9 100000009
9 520885819
9 1000009
9 100009
9 100009
9 204613459
9 100009
9 100009
9 852873179
9 572622892
9 100009
9 167527709
9 100000009
9 790993968
9 379773406
9 314135779
9 100009
9 771918177
9 100009
9 817546609
9 100009
9 734600009
9 949780693
9 524218389
9 100009
9 100009
9 100000009
9 504898171
9 967877827
9 885182739
9 100000009
9 100000009
9 923540565
9 100009
9 293250934
9 971545768
9 234306982
9 100009
9 100009
9 100000009
9 373438669
9 381505169
9 100000009
9 406033789
9 100000009
9 100009
9 365332579
9 136209982
9 100009
9 100000009
9 439562558
9 883924465
9 372520956
9 100009
9 927073883
9 100009
9 967859529
9 314344149
9 718167079
9 100009
9 158871789
9 549632058
9 297976695
9 100009
9 100009
9 864222619
9 1000009
9 854383809
9 10009
9 691503839
9 100000009
9 329623228
9 10009
9 543058169
9 426668789
9 100009
9 100009
9 847361795
9 422347679
9 438387690
9 812888779
9 100000009
9 100009
9 10009
9 100009
9 116092782
9 190323130
9 129228200
9 867468249
9 386234779
9 301106519
9 100009
9 169108796
9 227092705
9 331776889
9 100000009
9 100000009
9 100009
9 107825918
9 183079008
9 276517529
9 100009
9 131941905
9 591693121
9 470077189
9 323807819
9 109241781
9 885913806
9 870806089
9 100009
9 100009
9 242533923
9 996311887
9 100009
9 951615892
9 803658499
9 951272569
9 100009
9 100009
9 483022349
9 320766679
9 835607659
9 433056729
9 317903734
9 206261519
9 900604293
9 854988554
9 100009
9 203391592
9 100000009
9 158512996
9 972430413
9 588612879
9 398794080
9 100009
9 448016819
9 100000009
9 500659093
9 196521983
9 807339289
9 100000009
9 698162821
9 100009
9 275194832
9 100009
9 391846812
9 245577791
9 100009
9 459125307
9 100009
9 100009
9 434045299
9 100000009
9 532085549
9 100000009
9 482524279
9 100000009
9 813793126
9 668351198
9 196889769
9 100009
9 932855851
9 990631581
9 511924121
9 979658753
9 100009
9 100009
9 566195106
9 100000009
9 100000009
9 337795631
9 321709081
9 557867589
9 275064089
9 403999323
9 100009
9 100009
9 425006109
9 755188409
9 785061449
9 410101089
9 163147119
9 100009
9 439082533
9 869742852
9 100009
9 516329308
9 480979279
9 100009
9 100009
9 390955918
9 107738139
9 100000009
9 713840930
9 100000009
9 100009
9 538015059
9 100009
9 847421129
9 173512984
9 100009
9 551297703
9 830857779
9 775749745
9 707801669
9 100009
9 169497598
9 100009
9 100009
9 902089685
9 100000009
9 490745834
9 339720924
9 981995761
9 100009
9 714813089
9 276684829
9 898193437
9 100009
9 488312409
9 347449241
9 963086987
9 10009
9 100009
9 100009
9 361906617
9 889724165
9 100009
9 589420902
9 123120759
9 248547839
9 100009
9 100009
9 552947110
9 100009
9 100009
9 100009
9 286734904
9 100000009
9 186389373
9 402033953
9 567582119
9 158982110
9 541040439
9 100000009
9 100009
9 100009
9 100009
9 100009
9 107952459
9 100000009
9 100009
9 973917761
9 100000009
9 100009
9 549791991
9 431779080
9 376287679
9 605229350
9 724422259
9 100009
9 751162549
9 377862914
9 100009
9 100009
9 861930663
9 100009
9 100009
9 10009
9 100009
9 713707829
9 342139048
9 124524971
9 787330659
9 100009
9 199032293
9 283640739
9 100000009
9 100000009
9 890150897
9 462363619
9 100009
9 806374729
9 118181159
9 611539519
9 100009
9 408329850
9 100000009
9 681230909
9 831831496
9 464089824
9 100000009
9 443486119
9 100000009
9 100000009
9 685345709
9 791221527
9 112499968
9 685561789
9 504084239
9 100009
9 100009
9 100000009
9 330412689
9 100009
9 100009
9 10009
9 100009
9 100009
9 989224342
9 249246260
9 100009
9 999694699
9 100009
9 384787309
9 485377459
9 100009
9 872252859
9 100009
9 587111594
9 537956310
9 100000009
9 49442972
9 100000009
9 921440314
9 10009
9 686375977
9 966353380
9 498826694
9 992079144
9 809115327
9 292340421
9 897378329
9 653714379
9 100000009
9 707359261
9 370268149
9 100000009
9 100000009
9 116993511
9 100009
9 151067279
9 877635269
9 349414431
9 390194651
9 430339145
9 193894432
9 100009
9 100009
9 280894995
9 100009
9 214743759
9 864019972
9 100000009
9 100000009
9 549763492
9 100009
9 100009
9 100009
9 100009
9 615739217
9 10009
9 678483967
9 279755707
9 378171593
9 321120779
9 700883359
9 692540614
9 100009
9 613659502
9 777968291
9 855028933
9 340401719
9 215425798
9 100009
9 100009
9 100000009
9 600002119
9 681118519
9 359287228
9 100000009
9 353318809
9 100000009
9 100009
9 100009
9 116793909
9 100000009
9 213405349
9 904782445
9 100000009
9 892127850
9 336381239
9 100009
9 100009
9 100009
9 746970195
9 887984814
9 100000009
9 100009
9 100000009
9 898388984
9 592071726
9 228316629
9 191088104
9 100000009
9 100009
9 362760729
9 300646249
9 926906823
9 100000009
9 533809122
9 207457459
9 807139498
9 100009
9 364567669
9 100009
9 100009
9 100000009
9 100009
9 100009
9 100000009
9 1009
9 557249613
9 100009
9 169339975
9 369164277
9 100000009
9 100000009
9 880797273
9 100000009
9 100009
9 935805695
9 100009
9 100000009
9 120710829
9 172583539
9 131109901
9 568241819
9 717671097
9 952164126
9 100000009
9 700810559
9 361499491
9 969651690
9 599900249
9 100009
9 215209425
9 780027397
9 100000009
9 100009
9 351717269
9 926507221
9 100009
9 447684409
9 377005492
9 100000009
9 100009
9 920957268
9 795973759
9 857816298
9 377228749
9 629990977
9 457416279
9 221797446
9 479582588
9 278550398
9 100000009
9 100009
9 849785806
9 10009
9 473999484
9 868805749
9 665125639
9 249486969
9 100009
9 100009
9 100009
9 100000009
9 117848339
9 428212329
9 10009
9 815367998
9 100009
9 100009
9 316475935
9 991736887
9 756832339
9 115730789
9 100009
9 621642049
9 684806589
9 990578375
9 539505730
9 100009
9 100009
9 900462854
9 100009
9 100009
9 100000009
9 643718509
9 100009
9 10009
9 100009
9 620876490
9 100009
9 100009
9 100009
9 810236639
9 273373699
9 100009
9 415349247
9 681220609
9 349376992
9 263402239
9 396668954
9 100009
9 161033910
9 139448031
9 186675359
9 608830749
9 986472845
9 951695801
9 370166359
9 100009
9 100000009
9 100009
9 100009
9 418237979
9 100009
9 585171917
9 461626759
9 100009
9 948440475
9 957171583
9 100009
9 100000009
9 100009
9 637396566
9 100009
9 100009
9 10009
9 880158489
9 100000009
9 100009
9 100009
9 100000009
9 100000009
9 482794107
9 697514648
9 100009
9 187703779
9 602804996
9 718378629
9 949544557
9 843112319
9 100000009
9 100009
9 216931954
9 100009
9 100009
9 611461219
9 420846819
9 147715469
9 10009
9 145966512
9 662671958
9 494032338
9 100009
9 100009
9 134315789
9 765236559
9 618732197
9 612597918
9 100009
9 100009
9 510197424
9 675144793
9 384902087
9 214908680
9 479058035
9 100009
9 598316212
9 313945583
9 380797518
9 830279526
9 100009
9 867862609
9 287124769
9 602121943
9 174363479
9 100009
9 291815073
9 10009
9 100000009
9 306853679
9 412290066
9 913899873
9 100009
9 669601489
9 165409637
9 100000009
9 513099058
9 272267913
9 158511639
9 886460759
9 318699039
9 989013299
9 816503496
9 1000009
9 160255009
9 100000009
9 100009
9 650510129
9 10009
9 693647870
9 749660288
9 10009
9 100009
9 842718950
9 228896593
9 188501369
9 399042279
9 761258739
9 173464889
9 100009
9 162240859
9 100000009
9 100000009
9 348479569
9 100000009
9 424148159
9 629287282
9 100009
9 10000009
9 100009
9 100000009
9 205565689
9 100009
9 100009
9 865191977
9 100009
9 200679674
9 100000009
9 930391835
9 868337549
9 10009
9 438944607
9 638972431
9 171603469
9 10009
9 100009
9 959043013
9 100009
9 100009
9 612270679
9 796731952
9 100009
9 580564179
9 100009
9 465789651
9 642364359
9 100009
9 431539480
9 463102749
9 980891572
9 973719302
9 141908622
9 100009
9 100000009
9 523949578
9 10009
9 500234729
9 613065349
9 575326769
9 100009
9 445731920
9 870986609
9 598061271
9 577825679
9 100009
9 100009
9 432419909
9 574233699
9 100009
9 211818709
9 776707689
9 184550449
9 363093280
9 770238849
9 100000009
9 450440928
9 100009
9 283800179
9 100009
9 100009
9 100000009
9 100009
9 100009
9 732457349
9 155958455
9 314356359
9 261578159
9 100009
9 248445189
9 100009
9 466981943
9 100009
9 145269275
9 316767059
9 696157628
9 100009
9 748040779
9 931413158
9 843262859
9 100009
9 960725307
9 273377699
9 273499470
9 759592617
9 144842809
9 717557931
9 233799802
9 100000009
9 561322229
9 886922854
9 161293854
9 612833039
9 100000009
9 498702891
9 100009
9 100000009
9 100000009
9 100009
9 100000009
9 447177649
9 100009
9 409228426
9 100000009
9 426175089
9 474110689
9 743280679
9 100009
9 100009
9 126695149
9 100000009
9 553868189
9 141345779
9 753522179
9 100009
9 100009
9 100009
9 428512149
9 100009
9 100009
9 530859762
9 555964474
9 100009
9 450811279
9 495886811
9 832258289
9 100009
9 689025016
9 100009
9 461833279
9 144780559
9 100000009
9 271163149
9 100009
9 100009
9 470669685
9 100000009
9 100009
9 648935273
9 304946319
9 455884309
9 100000009
9 144015769
9 100000009
9 100009
9 100000009
9 100009
9 177718529
9 100000009
9 799169673
9 231392745
9 215222369
9 100000009
9 100000009
9 100009
9 100009
9 100009
9 421730049
9 977256955
9 10009
9 859843264
9 160918727
9 799565961
9 595559031
9 991622996
9 191819700
9 339502473
9 762218669
9 471039260
9 748655197
9 100009
9 771078379
9 838464359
9 100009
9 373784549
9 597952587
9 149115110
9 1009
9 100009
9 100009
9 294961624
9 333105889
9 100000009
9 100000009
9 100009
9 601200409
9 100009
9 850036936
9 767400469
9 611670972
9 163997169
9 568306689
9 290378456
9 634413079
9 600986197
9 100009
9 471900171
9 886539407
9 100009
9 100000009
9 100000009
9 100009
9 385135019
9 10009
9 223717509
9 353434709
9 100000009
9 663753195
9 100009
9 100009
9 100000009
9 512219159
9 100009
9 100009
9 100009
9 675439867
9 100000009
9 421183279
9 187563192
9 842553769
9 999337099
9 100009
9 100000009
9 220896730
9 100000009
9 961814832
9 650009705
9 10009
9 100000009
9 100009
9 424383639
9 672686729
9 783887319
9 782216389
9 752651559
9 404039464
9 852784729
9 100009
9 100000009
9 687727469
9 850000983
9 240541839
9 355126169
9 100009
9 831324497
9 102135696
9 163338269
9 747003029
9 100000009
9 263943115
9 10009
9 10009
9 571908568
9 390587693
9 942524649
9 849654265
9 100000009
9 100009
9 245646519
9 644024389
9 100009
9 299224385
9 553432379
9 100009
9 587810689
9 100000009
9 356617389
9 358100889
9 100009
9 100000009
9 100009
9 326021189
9 474331689
9 100009
9 100009
9 100009
9 534693803
9 426851759
9 100009
9 977677567
9 544245129
9 712317259
9 152749742
9 100009
9 100009
9 100009
9 405878639
9 232318679
9 311814394
9 439503114
9 432713039
9 100009
9 854787869
9 100000009
9 376697234
9 767840779
9 422596395
9 368163339
9 100009
9 517759012
9 275647429
9 562384579
9 196715662
9 100000009
9 577173459
9 982117726
9 189093425
9 10009
9 236954920
9 834148392
9 248915136
9 10000009
9 423771469
9 100000009
9 938922054
9 232677289
9 100000009
9 1009
9 658172339
9 422045719
9 100000009
9 100009
9 921150972
9 829418596
9 212657139
9 378580912
9 100000009
9 842622709
9 10009
9 181412906
9 100009
9 100009
9 760855009
9 692896152
9 100000009
9 100000009
9 280454479
9 506135819
9 100009
9 661885539
9 100009
9 150453609
9 602397007
9 186057509
9 100009
9 801775039
9 107531907
9 100009
9 588827197
9 826242988
9 156884729
9 535428229
9 656570139
9 100009
9 100009
9 100009
9 770080869
9 807881932
9 203689217
9 880356429
9 100009
9 724472449
9 841550319
9 325678519
9 100000009
9 100000009
9 441741029
9 927394668
9 601069752
9 350038399
9 100009
9 630385893
9 100000009
9 100009
9 100009
9 839837474
9 100009
9 100009
9 100009
9 254331769
9 615245749
9 100009
9 639374179
9 100009
9 100009
9 671889105
9 647505019
9 100000009
9 210448469
9 100000009
9 708376479
9 319557542
9 443862799
9 312768109
9 441391994
9 831762191
9 779591300
9 131450479
9 100009
9 100009
9 147242119
9 931045234
9 675161973
9 100000009
9 725017917
9 100000009
9 368590381
9 100000009
9 371310794
9 100009
9 440083719
9 773085977
9 731324289
9 333046908
9 994862613
9 610854959
9 100000009
9 476730659
9 655038539
9 186350792
9 921395535
9 100009
9 100009
9 10009
9 100000009
9 117540922
9 100009
9 100009
9 100000009
9 100000009
9 180714947
9 480955659
9 613071159
9 715393062
9 548204962
9 118277922
9 319627021
9 389819094
9 126075469
9 100009
9 910314435
9 756663889
9 100009
9 428423059
9 122826319
9 100000009
9 100000009
9 100009
9 129358442
9 575136901
9 100009
9 526387964
9 186348894
9 615792042
9 224088219
9 100009
9 1000009
9 726511199
9 557902058
9 100000009
9 183637249
9 213239327
9 100009
9 321131985
9 494653244
9 755188790
9 10009
9 599802880
9 113596210
9 580766539
9 704619111
9 100009
9 100009
9 100009
9 100009
9 639083108
9 850804498
9 100009
9 580178379
9 100009
9 609753263
9 847882904
9 755026659
9 153467629
9 100009
9 822787309
9 100009
9 743170329
9 100009
9 231453229
9 918322314
9 100009
9 212344509
9 437396776
9 100009
9 100009
9 986502094
9 217179807
9 100000009
9 814333019
9 346417779
9 100000009
9 100009
9 338043397
9 100009
9 100009
9 100000009
9 100009
9 100009
9 100009
9 100000009
9 100000009
9 279648294
9 420220069
9 100009
9 100000009
9 191369517
9 554672339
9 100009
9 100009
9 10009
9 100009
9 803904581
9 743495851
9 100000009
9 100009
9 671298194
9 354525339
9 356340934
9 100009
9 100000009
9 165766958
9 886023149
9 100009
9 369733993
9 100009
9 439638192
9 570797057
9 100009
9 100009
9 100000009
9 100009
9 763858609
9 614333719
9 10009
9 454677693
9 100000009
9 329028476
9 868725569
9 100009
9 588342749
9 100009
9 516093497
9 863121489
9 109
9 100009
9 100000009
9 656095729
9 100009
9 762977066
9 100000009
9 873854393
9 879162274
9 734453679
9 100000009
9 100009
9 251103197
9 862554789
9 338719754
9 135125965
9 100009
9 736251489
9 668687739
9 100009
9 267138429
9 464066329
9 675128459
9 100000009
9 676979222
9 100009
9 301622439
9 100009
9 100000009
9 228711239
9 100000009
9 323669626
9 665458249
9 194291765
9 100009
9 140049634
9 596248203
9 240408579
9 421184109
9 976737432
9 100000009
9 901627640
9 367564869
9 720112019
9 476367379
9 100009
9 100009
9 100000009
9 496927403
9 375146329
9 100009
9 100009
9 220600569
9 876473789
9 100000009
9 140406709
9 570788963
9 100009
9 100009
9 100000009
9 493762889
9 100009
9 100000009
9 919677636
9 809386472
9 518396078
9 574282279
9 261579491
9 713877739
9 100009
9 281649084
9 763407719
9 100009
9 427184941
9 100000009
9 581101319
9 100009
9 128483769
9 100009
9 109341312
9 685916323
9 233349957
9 557362089
9 424936467
9 448289168
9 100009
9 100009
9 100009
9 100009
9 1009
9 151564319
9 100000009
9 700600639
9 100009
9 229317360
9 154754696
9 100000009
9 100000009
9 100009
9 191721217
9 100009
9 100009
9 297881234
9 675772389
9 100000009
9 246466019
9 814425149
9 100000009
9 646776069
9 100009
9 246446139
9 100009
9 100000009
9 732660579
9 100009
9 921586000
9 100009
9 100000009
9 100000009
9 455087789
9 561357659
9 164235679
9 679152926
9 497071015
9 297580848
9 949503718
9 709418550
9 100009
9 231094215
9 100009
9 100009
9 100009
9 100009
9 170191149
9 100000009
9 347503629
9 990888256
9 601120796
9 503048049
9 100000009
9 100000009
9 100009
9 329489743
9 241316329
9 100009
9 952911339
9 100000009
9 458429495
9 151155889
9 100000009
9 370319521
9 100000009
9 100009
9 100000009
9 847489887
9 100000009
9 100009
9 307057289
9 100009
9 220424439
9 381076392
9 100009
9 397282946
9 984656651
9 301485349
9 807593551
9 100009
9 785608669
9 100009
9 100009
9 626025963
9 746244409
9 100009
9 429231547
9 100009
9 963724455
9 100009
9 474719161
9 643427569
9 100009
9 330864829
9 100000009
9 100009
9 840936792
9 100009
9 10009
9 428468719
9 775789471
9 118833619
9 100000009
9 100009
9 969835883
9 100009
9 100000009
9 100000009
9 252365309
9 662870689
9 479127547
9 100009
9 100000009
9 256787769
9 987202974
9 206233968
9 682500339
9 100009
9 269272937
9 918881941
9 178226907
9 325589675
9 924877744
9 611379705
9 157849703
9 100000009
9 539148385
9 300288849
9 599605219
9 741506659
9 280691104
9 175164953
9 359602189
9 100009
9 711190944
9 100000009
9 733465529
9 100416479
9 100009
9 545313709
9 100000009
9 100009
9 100000009
9 400723309
9 100009
9 757348229
9 111712109
9 139356595
9 100000009
9 555425809
9 100000009
9 100000009
9 100009
9 710970940
9 569412469
9 100009
9 709857291
9 10009
9 371755719
9 538179566
9 100009
9 564059677
9 820051819
9 374883869
9 497185178
9 363884009
9 100009
9 802109365
9 965627469
9 711779050
9 100009
9 437041499
9 100000009
9 147558549
9 395834966
9 718060629
9 294016647
9 352276029
9 994448599
9 100009
9 791450486
9 243004529
9 938590905
9 555381329
9 896773344
9 100009
9 675444619
9 988424842
9 100009
9 100009
9 905544115
9 840954708
9 100000009
9 100009
9 100009
9 553783259
9 119048030
9 100009
9 100000009
9 10009
9 471670495
9 100009
9 100009
9 631837694
9 661182529
9 100000009
9 100000009
9 484539737
9 127718379
9 421749469
9 100000009
9 100009
9 829393914
9 100000009
9 831529479
9 506492255
9 100000009
9 100009
9 100000009
9 810043439
9 517664169
9 856618389
9 973403502
9 100000009
9 188723439
9 536814809
9 100009
9 100009
9 974229270
9 868462659
9 526712096
9 937247724
9 100009
9 100009
9 339514066
9 100000009
9 870930915
9 801229509
9 100000009
9 442004869
9 10009
9 292388779
9 731890077
9 100000009
9 958752436
9 100009
9 972221380
9 118435549
9 419923524
9 100009
9 100000009
9 100009
9 886585309
9 827683049
9 100009
9 251184689
9 100009
9 100009
9 100009
9 346852849
9 724979990
9 217142759
9 752432789
9 100009
9 100000009
9 175367696
9 100009
9 870447249
9 100009
9 179022806
9 406328069
9 100009
9 100009
9 100009
9 475833859
9 100009
9 660323569
9 934606492
9 895878520
9 514287689
9 605004692
9 401033439
9 100009
9 100009
9 447382589
9 954334180
9 564048749
9 335172229
9 100009
9 967064538
9 100009
9 157609540
9 100009
9 244627196
9 100009
9 505971544
9 1000009
9 1000009
9 100000009
9 100000009
9 939213769
9 831045898
9 100009
9 160501509
9 906560525
9 831134079
9 554739529
9 100000009
9 381827309
9 100009
9 938892374
9 100009
9 100009
9 367247329
9 660383559
9 328764958
9 100009
9 502173379
9 219573198
9 245731689
9 174152669
9 10009
9 100000009
9 100009
9 100009
9 800769019
9 100000009
9 100000009
9 113069562
9 459064096
9 917371233
9 236298908
9 100009
9 100009
9 942112747
9 100000009
9 100009
9 10009
9 269728057
9 100009
9 100000009
9 234298692
9 100009
9 100009
9 313431689
9 186257469
9 100009
9 910559641
9 157139060
9 822938207
9 162308839
9 71949914
9 10009
9 1000009
9 100000009
9 100009
9 107345479
9 100000009
9 196476395
9 578202987
9 100009
9 336086819
9 306756839
9 231937861
9 100009
9 965016186
9 100009
9 667940555
9 599794869
9 100009
9 100009
9 223635739
9 635881597
9 614231619
9 100000009
9 462984742
9 616294810
9 207355059
9 113098638
9 100009
9 488423539
9 100009
9 693237174
9 509324486
9 439432470
9 100009
9 100009
9 532341219
9 314335249
9 830443419
9 680686319
9 100009
9 100009
9 841786579
9 100009
9 362572589
9 100009
9 940065599
9 100009
9 687654809
9 673610579
9 405091336
9 528677289
9 117766489
9 100009
9 121470978
9 541186009
9 100009
9 550092814
9 100009
9 697500921
9 100009
9 10009
9 803552209
9 445657009
9 340855439
9 100009
9 917037756
9 100000009
9 100009
9 227357092
9 679510263
9 100000009
9 10009
9 100009
9 119948948
9 293856192
9 100009
9 590714279
9 697755398
9 233838329
9 125415589
9 677157139
9 100000009
9 227894359
9 337216109
9 848453599
9 258008379
9 910588513
9 100009
9 233564019
9 583650739
9 142661809
9 100009
9 100000009
9 252434819
9 598171285
9 10009
9 254105909
9 1000009
9 100009
9 100009
9 100009
9 920508688
9 100000009
9 100009
9 100009
9 100009
9 100009
9 837643579
9 100009
9 903118226
9 277562189
9 474569409
9 100000009
9 100009
9 858902832
9 350806916
9 100009
9 100009
9 100000009
9 794333752
9 722631489
9 151196504
9 810173759
9 534296358
9 654410879
9 1000009
9 709614342
9 100009
9 299084495
9 247190776
9 174006499
9 469035379
9 10009
9 649383767
9 100009
9 100009
9 100000009
9 128866719
9 232283879
9 395084594
9 100009
9 826680429
9 100009
9 831515019
9 100009
9 941745712
9 564032957
9 865384419
9 859790700
9 608040559
9 100009
9 437679285
9 100000009
9 100000009
9 153309983
9 100000009
9 715057936
9 836993953
9 100009
9 263401149
9 286033209
9 100000009
9 745654129
9 733729031
9 964009716
9 258057009
9 338277309
9 163517359
9 100009
9 100000009
9 420946862
9 100009
9 420432009
9 100009
9 418330249
9 431655269
9 100009
9 488688849
9 100009
9 100000009
9 919219056
9 481202169
9 220514190
9 100009
9 556084900
9 627188249
9 10009
9 100009
9 217861459
9 101091641
9 100009
9 669341169
9 463716489
9 912846947
9 10009
9 10009
9 567241209
9 935174353
9 485877629
9 483672729
9 976449326
9 326344149
9 409309916
9 100009
9 100009
9 100009
9 772822619
9 100000009
9 342247689
9 302927410
9 935784287
9 100009
9 477398982
9 100000009
9 610572599
9 100009
9 235039296
9 100009
9 216923851
9 846398937
9 100009
9 100000009
9 935292145
9 643300918
9 100009
9 914499701
9 100009
9 100009
9 100009
9 100009
9 148249656
9 295494986
9 100000009
9 496313500
9 300588239
9 100009
9 602431972
9 630765419
9 100009
9 100000009
9 100009
9 607222938
9 985043009
9 937059048
9 144230809
9 100000009
9 980192268
9 919384943
9 100009
9 353946941
9 513323692
9 100009
9 762047419
9 272722009
9 838244149
9 367913268
9 100009
9 926841577
9 188736729
9 121955495
9 1009
9 199270790
9 135407209
9 100009
9 993621342
9 512465952
9 100009
9 823257889
9 715536759
9 245213289
9 100009
9 727229023
9 100009
9 100000009
9 823051469
9 296097450
9 10009
9 872946051
9 422936607
9 100000009
9 100009
9 333119613
9 100000009
9 10009
9 420577913
9 100000009
9 405686129
9 813225739
9 100000009
9 211286329
9 100009
9 100000009
9 431251249
9 690577029
9 100009
9 698984820
9 545900908
9 823005793
9 100000009
9 100009
9 100009
9 100000009
9 797713224
9 366426879
9 202774109
9 100009
9 231373069
9 875288189
9 100009
9 100009
9 100000009
9 100009
9 100009
9 100000009
9 257424589
9 439980005
9 100000009
9 965268206
9 100009
9 464311739
9 328948894
9 557152249
9 755483859
9 995089682
9 100009
9 100000009
9 329612504
9 429649935
9 664816589
9 812497386
9 100009
9 100009
9 339744863
9 303831069
9 100009
9 614602939
9 857207219
9 100009
9 100000009
9 100009
9 100000009
9 650023889
9 154025289
9 335052679
9 798784728
9 307361549
9 335987085
9 566597833
9 482555859
9 301241489
9 100009
9 561954715
9 100009
9 765690786
9 100000009
9 890630183
9 100000009
9 114792576
9 459849830
9 603224679
9 100009
9 668330619
9 826898755
9 100009
9 100000009
9 899420401
9 10009
9 138970853
9 100000009
9 259810472
9 117647198
9 592786883
9 157700619
9 100009
9 100000009
9 301450977
9 982253934
9 622071839
9 512043089
9 822503379
9 655594955
9 100009
9 799598962
9 170734269
9 583649025
9 935207412
9 100009
9 782292556
9 680120059
9 157752497
9 100009
9 100009
9 868348299
9 557566294
9 100009
9 369255559
9 100009
9 100009
9 100009
9 100009
9 100009
9 100009
9 100009
9 640789784
9 100009
9 649803609
9 100009
9 100009
9 988410216
9 100009
9 100009
9 100009
9 100000009
9 191770589
9 10009
9 100000009
9 100009
9 100009
9 156398069
9 100000009
9 279915434
9 100009
9 675124169
9 100009
9 100000009
9 100009
9 109485212
9 829939885
9 461982742
9 100009
9 100000009
9 100000009
9 100009
9 853454689
9 260266509
9 100009
9 729332401
9 361050695
9 546944131
9 10009
9 533582869
9 515288129
9 215693207
9 381246944
9 209076145
9 100009
9 910877230
9 861578589
9 955655422
9 100009
9 100009
9 100000009
9 100009
9 537637469
9 282570952
9 624808991
9 911361492
9 449294176
9 808857529
9 378061489
9 147702319
9 100000009
9 303690451
9 123102319
9 525273996
9 100000009
9 100009
9 279788132
9 503839093
9 328281559
9 100000009
9 372829535
9 100009
9 227545219
9 100009
9 970386848
9 873859072
9 965562918
9 243961963
9 10009
9 100009
9 100009
9 100000009
9 100009
9 912241780
9 913978155
9 486660329
9 307464569
9 537452109
9 210886529
9 214135619
9 491624090
9 100009
9 946234913
9 746140469
9 100000009
9 100009
9 257402209
9 449966330
9 368675982
9 100000009
9 732385941
9 100009
9 452620739
9 182172946
9 100009
9 475162293
9 468958968
9 100009
9 100009
9 743093754
9 547175509
9 340209626
9 333010539
9 283701069
9 420974885
9 538663389
9 666756289
9 394038560
9 100009
9 100009
9 777557689
9 548409613
9 810144169
9 432600798
9 465577549
9 100009
9 100009
9 524262629
9 343401964
9 100009
9 716081459
9 100009
9 122858985
9 972613472
9 100009
9 100000009
9 203553559
9 100009
9 100009
9 572788095
9 570500429
9 550538689
9 418135129
9 411907463
9 614860609
9 117718049
9 228357629
9 100009
9 286111029
9 100009
9 454864369
9 100009
9 366457869
9 497205300
9 793086643
9 157855759
9 145372339
9 215395657
9 902279402
9 528901102
9 282336759
9 10009
9 803076669
9 100000009
9 980976870
9 771069659
9 100000009
9 463388149
9 100000009
9 100009
9 100000009
9 100000009
9 284474059
9 403863019
9 198283845
9 262738629
9 100009
9 713910587
9 923236677
9 438057149
9 100009
9 100009
9 1000009
9 100009
9 120068269
9 770058954
9 100009
9 100009
9 890537617
9 107672629
9 382567859
9 773265239
9 100009
9 100000009
9 339731601
9 323326963
9 100009
9 100009
9 316809403
9 100009
9 396734223
9 899405578
9 644778559
9 949811913
9 942268271
9 488526459
9 905666362
9 100009
9 892780406
9 817727259
9 726995365
9 283994884
9 218257689
9 496562577
9 813840549
9 100009
9 663965837
9 310012395
9 185222859
9 100009
9 100000009
9 844062029
9 910757991
9 100009
9 697506223
9 537810769
9 518412059
9 652063956
9 100009
9 164859712
9 696452092
9 100009
9 763825479
9 100000009
9 100009
9 100009
9 100000009
9 645474549
9 172405459
9 161093729
9 184144189
9 100009
9 100009
9 100009
9 951879653
9 974532399
9 775311219
9 100009
9 302823289
9 100009
9 10009
9 100009
9 626648397
9 538781119
9 100009
9 551051219
9 735755129
9 915599210
9 110638529
9 100009
9 603113269
9 100009
9 849739427
9 604913907
9 996513781
9 686547459
9 100009
9 971724088
9 773068199
9 100009
9 234884999
9 100009
9 582332389
9 680653940
9 100009
9 100009
9 100000009
9 913302781
9 607546539
9 299756588
9 567606099
9 100000009
9 100000009
9 887486729
9 100009
9 1000009
9 100009
9 882330259
9 100009
9 167601039
9 166354918
9 1000009
9 100009
9 100009
9 567889665
9 100009
9 100009
9 10009
9 555404791
9 627110429
9 100009
9 711805269
9 762496561
9 356178169
9 364491127
9 10009
9 175248059
9 986846426
9 921536487
9 824183893
9 100009
9 719542879
9 100009
9 10009
9 972961466
9 100009
9 545817629
9 352712389
9 907852183
9 10009
9 100009
9 100009
9 631911003
9 300756298
9 917056615
9 574155691
9 186677659
9 372000289
9 864194621
9 596503905
9 100000009
9 241893378
9 100009
9 100009
9 701618819
9 119247181
9 100009
9 679544170
9 100009
9 100000009
9 152145692
9 565738940
9 100009
9 100009
9 100000009
9 100000009
9 292414965
9 305348597
9 547775629
9 100000009
9 610599816
9 100009
9 192375580
9 403346198
9 100000009
9 973474451
9 100000009
9 100009
9 100009
9 100009
9 108866769
9 100009
9 100009
9 100000009
9 607160129
9 891573000
9 100009
9 1000009
9 100009
9 162366829
9 878458319
9 100000009
9 100009
9 242832479
9 246922975
9 100000009
9 100009
9 100009
9 100009
9 603403059
9 843667049
9 100009
9 911277523
9 100009
9 837097640
9 1000009
9 100009
9 245499422
9 143502990
9 100009
9 100009
9 221494276
9 235971004
9 670562649
9 745804190
9 10009
9 100000009
9 149315529
9 145965160
9 141093739
9 100009
9 772526519
9 452831789
9 100009
9 955767749
9 100000009
9 235351819
9 610319177
9 807759274
9 682509124
9 852596760
9 585093456
9 205571859
9 100009
9 100000009
9 567046396
9 100000009
9 100009
9 108902769
9 158775029
9 334807349
9 100000009
9 100009
9 216676089
9 555388190
9 100009
9 238842209
9 1009
9 100009
9 226040549
9 100009
9 100000009
9 100009
9 100000009
9 697773092
9 545850923
9 428004669
9 502571019
9 100000009
9 721383889
9 100009
9 100000009
9 654412229
9 836788469
9 100009
9 100009
9 100009
9 100009
9 396247828
9 375063749
9 831249600
9 571741169
9 520180329
9 100009
9 641760990
9 269078591
9 705408569
9 420355059
9 527752629
9 490662815
9 100009
9 100009
9 100009
9 311005809
9 837101968
9 249584551
9 385912439
9 100000009
9 10009
9 137146895
9 158714049
9 100009
9 100009
9 886704369
9 514660749
9 100009
9 367931009
9 391492792
9 791088916
9 100009
9 440611849
9 334586849
9 100000009
9 170047799
9 468008295
9 274272849
9 862807459
9 100009
9 100000009
9 100009
9 859282674
9 395586013
9 838305789
9 951396373
9 100009
9 100000009
9 438537059
9 258829714
9 797245933
9 100009
9 982729040
9 401521269
9 790207764
9 100009
9 100000009
9 965761271
9 575739031
9 100000009
9 117175479
9 890059704
9 100000009
9 253467597
9 100009
9 797686441
9 100000009
9 100000009
9 306617589
9 100009
9 376927883
9 151737889
9 100000009
9 519446304
9 656542249
9 657226779
9 814500509
9 491270161
9 251384539
9 100009
9 603540109
9 100009
9 130625269
9 577588119
9 516091494
9 289275938
9 100009
9 254258309
9 513103379
9 100009
9 487757659
9 136797493
9 600191524
9 100000009
9 456418369
9 617127907
9 455090019
9 100009
9 838703968
9 157511559
9 100009
9 281806779
9 954192758
9 343549067
9 100000009
9 667966504
9 100000009
9 693999045
9 659689678
9 10009
9 365090983
9 357046559
9 985567349
9 309258972
9 922595169
9 356043739
9 100000009
9 640189259
9 600801592
9 621470900
9 562693352
9 726845329
9 880634529
9 367404379
9 100009
9 237653449
9 100009
9 133304149
9 400371469
9 147324419
9 100009
9 100000009
9 1009
9 340116339
9 100009
9 100009
9 553080019
9 596956493
9 10009
9 935869035
9 417122149
9 769670522
9 456357809
9 474892571
9 100000009
9 852805209
9 100009
9 100000009
9 100000009
9 364500981
9 100009
9 984046462
9 105509176
9 342129962
9 100009
9 475068819
9 100009
9 200406619
9 618601159
9 688146992
9 834121796
9 547958887
9 100009
9 758407497
9 613319203
9 100009
9 595072601
9 1000009
9 100009
9 715100629
9 100009
9 307035975
9 1000009
9 100009
9 543751479
9 100009
9 207891568
9 574027938
9 100000009
9 125285395
9 371515289
9 539878887
9 100000009
9 100009
9 962163469
9 792394025
9 100009
9 100009
9 130364349
9 175463049
9 100009
9 1000009
9 100009
9 244381619
9 235183679
9 598843320
9 633046980
9 415036849
9 811117439
9 100009
9 519883793
9 100009
9 100009
9 100000009
9 100009
9 473139146
9 100000009
9 811540349
9 100009
9 100000009
9 332193487
9 100009
9 792989776
9 10009
9 100009
9 100000009
9 914899658
9 237254903
9 957866873
9 100009
9 483443539
9 100000009
9 455671119
9 100000009
9 100009
9 124790179
9 100000009
9 100000009
9 303977547
9 100009
9 121730849
9 100009
9 928302386
9 100009
9 1000009
9 12050609
9 898780908
9 100000009
9 460214689
9 100009
9 424500199
9 420503639
9 100000009
9 810048749
9 720091661
9 100009
9 656656669
9 253245429
9 173130819
9 418137119
9 529585947
9 557568819
9 912334123
9 100009
9 412977763
9 252851009
9 170034569
9 10009
9 666042579
9 112352579
9 991114262
9 100009
9 100009
9 100009
9 612104489
9 100009
9 898214287
9 140351696
9 100009
9 776527419
9 100009
9 100000009
9 100009
9 100009
9 100009
9 612475369
9 136901392
9 100000009
9 691504927
9 190277557
9 149106914
9 408029650
9 10009
9 100009
9 100009
9 246785419
9 313232379
9 100009
9 100000009
9 320492590
9 100009
9 100009
9 100009
9 1000009
9 100009
9 449517582
9 918418667
9 100009
9 593095111
9 224545539
9 632485907
9 814598185
9 129405413
9 488712409
9 288622439
9 100000009
9 100009
9 100009
9 100009
9 100009
9 100009
9 100000009
9 565526889
9 290936357
9 847892820
9 658247559
9 311958580
9 182779983
9 637885759
9 614759185
9 797123035
9 894654117
9 527691920
9 100000009
9 371739967
9 100009
9 211166409
9 346890358
9 299285942
9 668522839
9 100009
9 100009
9 667626096
9 756869855
9 349835187
9 905749886
9 100009
9 100000009
9 100009
9 632294881
9 119666996
9 100009
9 102173193
9 976152356
9 100009
9 100000009
9 124618109
9 134513539
9 919860131
9 10009
9 100009
9 345423579
9 100009
9 197701878
9 174233963
9 454079905
9 100000009
9 100000009
9 100009
9 100009
9 100000009
9 333649968
9 979097834
9 100009
9 740500949
9 519538313
9 880014679
9 766155329
9 100009
9 100000009
9 100009
9 100000009
9 100009
9 100009
9 570135896
9 112406089
9 100009
9 529819221
9 376268539
9 391379965
9 701158649
9 645164149
9 100000009
9 804222329
9 811095705
9 100009
9 100000009
9 534756489
9 565946871
9 998759599
9 247019259
9 100009
9 744617229
9 100000009
9 677223859
9 372106893
9 942273529
9 949684885
9 567938613
9 100009
9 389069799
9 873324923
9 665672449
9 275065729
9 573350098
9 100000009
9 100000009
9 669773019
9 889601174
9 286628069
9 100009
9 610307749
9 100000009
9 637959792
9 100000009
9 629385101
9 938114421
9 840234629
9 100009
9 412942977
9 583189826
9 319462257
9 100009
9 562814359
9 100009
9 845703289
9 302350594
9 144402649
9 102641529
9 100000009
9 736578209
9 935249119
9 100009
9 803690232
9 570454839
9 595305433
9 131226249
9 100000009
9 737979425
9 100009
9 631765069
9 816283229
9 198437112
9 100000009
9 903618559
9 100009
9 100000009
9 100009
9 295310476
9 100009
9 492223597
9 312309336
9 673405219
9 100009
9 757174879
9 675845297
9 100000009
9 392445785
9 219327965
9 100009
9 617419450
9 100000009
9 10009
9 100009
9 923333957
9 368049051
9 100000009
9 303293710
9 558042579
9 100009
9 995977398
9 998466469
9 100009
9 100009
9 641456179
9 100009
9 100009
9 100009
9 100009
9 100000009
9 1009
9 416237479
9 115031095
9 496604672
9 921971325
9 650930041
9 438382079
9 483841239
9 501689040
9 100009
9 100009
9 938847649
9 426759028
9 100000009
9 121122419
9 392909747
9 10009
9 100000009
9 100009
9 100000009
9 246146290
9 100000009
9 10009
9 461092286
9 310804609
9 100000009
9 100000009
9 100000009
9 100000009
9 100009
9 387729231
9 100009
9 669920635
9 227911385
9 264074639
9 665665729
9 100009
9 519543955
9 100009
9 414014069
9 100009
9 703330129
9 100009
9 100009
9 100009
9 483943170
9 318755179
9 755996395
9 637769387
9 1009
9 100009
9 497964507
9 100009
9 100009
9 100000009
9 100009
9 100009
9 279635950
9 208615829
9 100000009
9 100009
9 989085532
9 198624226
9 527677579
9 100000009
9 100009
9 100009
9 100009
9 456691456
9 100009
9 100000009
9 750386149
9 100009
9 634345669
9 782516948
9 100009
9 303801479
9 10009
9 100009
9 100000009
9 300248938
9 222685953
9 100009
9 179852174
9 100009
9 100009
9 408505409
9 100000009
9 357251889
9 416783091
9 991497259
9 100000009
9 100009
9 862515169
9 754543879
9 100009
9 100009
9 361340619
9 134951656
9 717374294
9 425913320
9 862518698
9 885460029
9 236279526
9 243595219
9 441380689
9 409790362
9 100000009
9 238111169
9 998838871
9 1000009
9 100009
9 100009
9 100009
9 694014860
9 642034509
9 100000009
9 968478245
9 100000009
9 638195625
9 970344636
9 100000009
9 283407629
9 499079325
9 100009
9 748084359
9 265342489
9 100009
9 100009
9 100009
9 380389736
9 790624983
9 100009
9 814893953
9 947778453
9 111595552
9 218595242
9 100009
9 100009
9 246847089
9 10009
9 731196182
9 100009
9 802640469
9 270039933
9 100009
9 641707239
9 118232269
9 109
9 100009
9 251049241
9 638811579
9 100009
9 347046039
9 100009
9 346883889
9 816813291
9 100009
9 100000009
9 707143239
9 100009
9 557712749
9 390109075
9 100000009
9 100000009
9 100009
9 491600116
9 392103051
9 446839154
9 570208692
9 247972380
9 100009
9 479409713
9 165177229
9 601466259
9 100000009
9 10009
9 100009
9 100009
9 756613639
9 453004789
9 100009
9 604985597
9 320749553
9 100000009
9 100000009
9 100009
9 731083179
9 314939754
9 331384119
9 215285879
9 100000009
9 100009
9 736040459
9 266902341
9 843726449
9 908735487
9 485926093
9 963395771
9 100009
9 344103796
9 757604549
9 301721609
9 133694299
9 257658719
9 760577049
9 802661139
9 100000009
9 100009
9 100000009
9 806869868
9 157185219
9 100000009
9 183916110
9 100009
9 100000009
9 235500991
9 440263915
9 100009
9 307101925
9 908791285
9 100009
9 234866889
9 100000009
9 100000009
9 100000009
9 244456789
9 100000009
9 100000009
9 898384117
9 10009
9 676151869
9 937983965
9 10009
9 104833589
9 595850673
9 100009
9 100009
9 651120019
9 100000009
9 100000009
9 100009
9 100000009
9 100000009
9 100009
9 100009
9 100009
9 631725529
9 550040069
9 100000009
9 100009
9 100009
9 212674759
9 730998643
9 227764509
9 110587509
9 457725339
9 514772259
9 100000009
9 100009
9 324647997
9 302691516
9 100009
9 100009
9 782453769
9 100000009
9 100000009
9 1009
9 100009
9 100000009
9 753727978
9 10009
9 354979295
9 100009
9 100009
9 844577739
9 100000009
9 10009
9 928586078
9 100000009
9 687464439
9 439449789
9 199564735
9 100009
9 764104879
9 100009
9 970406518
9 403731019
9 495552890
9 100009
9 456826709
9 393681193
9 100000009
9 100009
9 638800789
9 509606478
9 302796602
9 546109335
9 563897295
9 244232419
9 321368469
9 291738946
9 100009312
9 880134319
9 100009
9 373824049
9 100000009
9 100009
9 636845509
9 480236809
9 834685559
9 683558469
9 524015942
9 565956784
9 166458379
9 657263009
9 100000009
9 10009
9 100000009
9 100009
9 736545529
9 100009
9 100009
9 269819656
9 100009
9 100009
9 714450289
9 247468779
9 337461569
9 677258159
9 100009
9 100009
9 648903859
9 100000009
9 100009
9 100009
9 547874619
9 828430659
9 10009
9 131967585
9 100009
9 513638196
9 681716769
9 236321049
9 320266419
9 189715352
9 814565591
9 240865569
9 487618029
9 556164049
9 763169342
9 372940174
9 100000009
9 395287920
9 10009
9 687657629
9 268005159
9 470159237
9 238148279
9 525734849
9 972138254
9 506601793
9 100009
9 265607679
9 445845139
9 365832159
9 100009
9 879575765
9 100009
9 100009
9 100009
9 327648950
9 100009
9 100009
9 118620391
9 100009
9 100009
9 812034940
9 418195992
9 560639654
9 240986448
9 100009
9 10009
9 117591530
9 112176092
9 554458945
9 780155069
9 100009
9 1000009
9 968549526
9 332093349
9 974588819
9 100009
9 726622039
9 100009
9 100009
9 100000009
9 100009
9 910802320
9 233082739
9 254039028
9 645026019
9 805908332
9 100000009
9 508275954
9 922073879
9 100009
9 100000009
9 805652693
9 635333095
9 100009
9 100009
9 766703309
9 100009
9 100009
9 100009
9 100000009
9 636724529
9 955618934
9 453421779
9 100000009
9 378187049
9 605869715
9 100009
9 100009
9 100009
9 439071610
9 100009
9 1000009
9 100000009
9 100009
9 199177520
9 379527568
9 328917329
9 452848519
9 100009
9 868650879
9 100009
9 903511234
9 664399342
9 100009
9 100009
9 100009
9 887117649
9 100009
9 314484689
9 927964412
9 291486111
9 729395910
9 637848409
9 883896494
9 136646429
9 745256089
9 100000009
9 167593362
9 153461379
9 316068009
9 10009
9 100009
9 756708729
9 100000009
9 487806298
9 811624889
9 799722150
9 106068659
9 201305389
9 100009
9 100000009
9 10009
9 755152249
9 34769600
9 44282139
9 595144752
9 100009
9 100009
9 695088508
9 801775129
9 921144495
9 100009
9 444819127
9 781472962
9 100009
9 100000009
9 683404489
9 100009
9 939437565
9 790367013
9 100009
9 100009
9 100009
9 303472908
9 100009
9 100009
9 748525199
9 100000009
9 619285150
9 100009
9 717474469
9 758630069
9 100009
9 100009
9 837557049
9 100009
9 364084259
9 100009
9 128134199
9 216616469
9 100009
9 138163579
9 994900900
9 714663729
9 964753543
9 572471359
9 100009
9 100000009
9 838810910
9 100009
9 119114841
9 614196716
9 358698308
9 669992411
9 608147329
9 333582449
9 343990204
9 100009
9 100009
9 100009
9 100009
9 100009
9 394203239
9 260528918
9 250888649
9 312403609
9 433822459
9 549889263
9 100009
9 954374941
9 750164659
9 100009
9 104402369
9 100009
9 146212971
9 765674009
9 333969025
9 100009
9 491388258
9 790735803
9 735192522
9 261853619
9 100000009
9 100000009
9 998120958
9 652088409
9 100009
9 100000009
9 225229051
9 100009
9 100000009
9 820815439
9 439351371
9 731176389
9 100009
9 141193361
9 666970728
9 452371849
9 540538219
9 10009
9 701701239
9 100009
9 100009
9 100009
9 374322109
9 861703975
9 10009
9 533757639
9 179453024
9 100000009
9 100009
9 100009
9 100000009
9 858814927
9 623411439
9 116068009
9 100009
9 100009
9 224697073
9 100009
9 213516659
9 100009
9 100009
9 265158395
9 100009
9 867915251
9 658876809
9 100009
9 100000009
9 100009
9 269979161
9 743286779
9 100009
9 100009
9 922069544
9 154085209
9 139279860
9 386491035
9 100000009
9 10009
9 100009
9 100009
9 100009
9 717160129
9 100009
9 972172895
9 165524649
9 100009
9 100000009
9 909958879
9 100009
9 583059720
9 873264469
9 100009
9 100009
9 100000009
9 791221827
9 266659578
9 100000009
9 632349978
9 322089455
9 524209326
9 100009
9 133576890
9 205932703
9 100009
9 302698181
9 106464149
9 382439627
9 381449199
9 100000009
9 100009
9 100000009
9 285487409
9 262817912
9 100009
9 100000009
9 306134369
9 100009
9 100000009
9 100000009
9 458836789
9 356152049
9 819340371
9 635648449
9 241244209
9 100009
9 484397633
9 594950743
9 623739016
9 15059789
9 819470251
9 100000009
9 100009
9 100009
9 268788409
9 903339891
9 314588859
9 100000009
9 876899259
9 100009
9 100009
9 896647880
9 100009
9 858822359
9 904569925
9 827353519
9 100009
9 100009
9 834606329
9 587798779
9 100009
9 853576793
9 100009
9 100000009
9 439449708
9 829116844
9 840094807
9 385811889
9 100000009
9 100009
9 999135627
9 481834990
9 606043938
9 100000009
9 100000009
9 201935832
9 128518009
9 842201987
9 372920570
9 100009
9 288647879
9 341358759
9 501540229
9 233111359
9 861868019
9 480288299
9 100009
9 100000009
9 828990658
9 144588629
9 100000009
9 481621809
9 100000009
9 100000009
9 970865224
9 100009
9 100009
9 449996388
9 511003029
9 355375195
9 924179020
9 271217978
9 100009
9 124671950
9 638320609
9 961346901
9 361324789
9 10009
9 66796418
9 683076059
9 100000009
9 100000009
9 100009
9 964769552
9 100009
9 100009
9 100009
9 456189290
9 100000009
9 842456129
9 100009
9 100009
9 100009
9 180322629
9 100009
9 59391353
9 100009
9 381483439
9 950648458
9 354394169
9 734216779
9 408922218
9 100000009
9 100000009
9 100000009
9 100009
9 802777819
9 818661819
9 347807579
9 831583749
9 231702659
9 984673280
9 100009
9 437386059
9 144633839
9 246350569
9 331150819
9 10009
9 100000009
9 901755474
9 343960003
9 782322569
9 10009
9 100009
9 100000009
9 100000009
9 100000009
9 100009
9 10009
9 678604449
9 414444669
9 39357689
9 100009
9 757100629
9 271397266
9 100009
9 613910238
9 100009
9 176132889
9 707383139
9 324307019
9 100000009
9 100009
9 100152169
9 179230768
9 100000009
9 467879512
9 387236913
9 100009
9 100009
9 466550079
9 754424490
9 100000009
9 281430389
9 477387379
9 100009
9 100009
9 336451149
9 100000009
9 100009
9 777571916
9 100009
9 985399531
9 100009
9 429149890
9 100009
9 462687669
9 100000009
9 100009
9 138403619
9 518438309
9 100009
9 100009
9 895447217
9 100000009
9 382479713
9 513626779
9 645138239
9 100009
9 100009
9 100009
9 616983943
9 944688349
9 100009
9 453356439
9 100000009
9 286400984
9 249693946
9 574568869
9 143944125
9 940982674
9 309762149
9 100009
9 120656289
9 830806049
9 100009
9 454520049
9 100000009
9 100000009
9 672042379
9 348562229
9 100009
9 100009
9 499705430
9 753317389
9 676486459
9 100009
9 384953461
9 468909785
9 100009
9 384089535
9 100009
9 100009
9 595318026
9 100009
9 681302970
9 100000009
9 100009
9 100009
9 100000009
9 100009
9 100009
9 813672359
9 483529300
9 100009
9 431431579
9 243229831
9 100000009
9 733266869
9 100009
9 319010577
9 515125549
9 406791251
9 116493641
9 633677639
9 326058389
9 730083229
9 454623389
9 100000009
9 100009
9 100009
9 200095459
9 356688759
9 968695916
9 937099586
9 1009
9 109109407
9 323637419
9 239605378
9 233703169
9 100009
9 100009
9 806460639
9 100009
9 100000009
9 847256936
9 100009
9 969860642
9 100000009
9 238802159
9 100009
9 425768189
9 100009
9 100009
9 478741679
9 100009
9 340625429
9 100009
9 771263969
9 526603829
9 100009
9 974577530
9 100009
9 100009
9 103058369
9 696427192
9 274548769
9 100009
9 533741393
9 100009
9 100009
9 100009
9 482601869
9 100009
9 1000009
9 100009
9 679017908
9 917753584
9 10009
9 363234439
9 327756379
9 972950261
9 733455139
9 100000009
9 672450459
9 100000009
9 751949148
9 100009
9 776473109
9 973917798
9 100009
9 234153957
9 100009
9 358099001
9 100009
9 913843631
9 692628789
9 100000009
9 426702719
9 339861981
9 100009
9 619871733
9 100000009
9 100000009
9 100009
9 100009
9 100000009
9 100009
9 100009
9 123965656
9 399864927
9 330228793
9 472707319
9 983538422
9 100009
9 666803319
9 693557730
9 100009
9 100009
9 100009
9 100009
9 620152791
9 465831709
9 100009
9 908448141
9 186225093
9 100009
9 263437339
9 100000009
9 100009
9 100009
9 100009
9 163749024
9 100009
9 100000009
9 675284289
9 594084240
9 351050759
9 504689123
9 100009
9 824896569
9 421469936
9 100009
9 937413961
9 100009
9 100009
9 813048239
9 180128069
9 725954010
9 100009
9 429870598
9 1000009
9 164910381
9 716517498
9 100000009
9 384364549
9 100009
9 338006839
9 184231129
9 100000009
9 715686419
9 100009
9 100009
9 957270460
9 603295983
9 704892171
9 133536219
9 100009
9 100009
9 355925778
9 439902919
9 970076592
9 880737984
9 478919082
9 630067649
9 215393353
9 100009
9 164176069
9 527202917
9 811156059
9 100009
9 545585943
9 100009
9 536547992
9 100000009
9 838167279
9 216369856
9 542069629
9 100009
9 380797844
9 100009
9 536430579
9 100009
9 199454017
9 269586256
9 738131519
9 10009
9 323256679
9 504466339
9 100009
9 171657089
9 881403369
9 414669969
9 553027859
9 100009
9 100000009
9 100009
9 100009
9 838654759
9 271294246
9 237710529
9 802849451
9 100000009
9 299674851
9 841646902
9 468850930
9 100009
9 100000009
9 450642019
9 100009
9 433264779
9 291106873
9 100009
9 100009
9 100009
9 921994472
9 851070849
9 100009
9 675095928
9 100000009
9 100009
9 484461849
9 551395688
9 648883629
9 100000009
9 1000009
9 100009
9 831848109
9 100000009
9 509098852
9 556036579
9 969805062
9 929540256
9 486025189
9 100009
9 473959037
9 744455119
9 100009
9 259752468
9 667477139
9 100009
9 928815083
9 100009
9 370398515
9 100000009
9 100009
9 653627349
9 536347679
9 100009
9 855482894
9 498783178
9 100009
9 252993070
9 268171359
9 612913288
9 100009
9 331065219
9 623684379
9 319590497
9 287231619
9 100009
9 810998225
9 100009
9 100009
9 733754279
9 229845410
9 879165481
9 100009
9 371647967
9 810490980
9 767380906
9 100009
9 169285035
9 100009
9 113193826
9 936170556
9 727412809
9 424440619
9 100009
9 100000009
9 100009
9 462566659
9 418851329
9 985774930
9 100009
9 129427217
9 552512219
9 100000009
9 576266690
9 100009
9 579017730
9 233766609
9 798917880
9 841688069
9 100009
9 100009
9 223642569
9 100009
9 994787991
9 512959723
9 100009
9 119527211
9 100009
9 100000009
9 100000009
9 159843704
9 548380409
9 100009
9 100000009
9 444868729
9 874593524
9 100000009
9 583725629
9 906520485
9 544711491
9 295320174
9 424311929
9 364418689
9 100000009
9 100009
9 186058889
9 100009
9 100009
9 100000009
9 100009
9 100009
9 648634129
9 100009
9 641098886
9 586640698
9 722305095
9 927346565
9 197018124
9 100009
9 960367961
9 100009
9 679359311
9 100009
9 268721988
9 527766019
9 10009
9 100009
9 314371398
9 166644069
9 198799540
9 643049838
9 100000009
9 100000009
9 602548579
9 729597101
9 258019385
9 100009
9 100009
9 100000009
9 100009
9 100009
9 100009
9 10009
9 100009
9 557777889
9 100009
9 100000009
9 100009
9 100009
9 852750919
9 827284933
9 100000009
9 100009
9 921605456
9 700469476
9 287138967
9 471206609
9 432473719
9 606556569
9 100009
9 367080039
9 388433049
9 328975481
9 944615047
9 100009
9 100009
9 983918941
9 423654469
9 977344761
9 463853289
9 100009
9 648309262
9 953581103
9 740024980
9 10009
9 107458779
9 642733019
9 100000009
9 100000009
9 710924774
9 100009
9 689943263
9 100009
9 100009
9 558988176
9 100009
9 486858759
9 928549543
9 187254139
9 315130349
9 100009
9 110855209
9 100009
9 740147439
9 385047559
9 970230052
9 100009
9 809532852
9 996728750
9 979682061
9 352637899
9 788174269
9 210670379
9 606919905
9 100009
9 478596410
9 100009
9 842770329
9 682579802
9 238357489
9 469676950
9 676658249
9 130190179
9 579510254
9 115462091
9 100000009
9 100009
9 100009
9 321214719
9 100009
9 907298619
9 100009
9 852716039
9 196377487
9 297636984
9 876141649
9 100000009
9 577481349
9 100000009
9 725145729
9 104885269
9 513121029
9 618621094
9 645099924
9 835090164
9 100009
9 100000009
9 274846729
9 644973971
9 100000009
9 474278729
9 100009
9 389546989
9 10009
9 172857029
9 799327892
9 218486389
9 150168449
9 909365024
9 819389001
9 361892796
9 100000009
9 100000009
9 486657759
9 921306196
9 100009
9 100009
9 570191364
9 971880588
9 854282489
9 383366091
9 565727449
9 122222389
9 433188869
9 100009
9 153726699
9 169672679
9 630634059
9 100009
9 147389360
9 116717149
9 783576963
9 100009
9 100009
9 100009
9 100009
9 972676383
9 100009
9 820663749
9 521918387
9 100009
9 10009
9 102262149
9 100009
9 100009
9 100009
9 100000009
9 807872739
9 430992988
9 100009
9 100000009
9 100009
9 930201668
9 100000009
9 100009
9 606359168
9 100009
9 100009
9 100000009
9 112561159
9 791113444
9 571825859
9 273464229
9 100009
9 551761129
9 527001649
9 100009
9 703949037
9 805965928
9 100009
9 361612509
9 100000009
9 100009
9 100009
9 100009
9 401644079
9 180242529
9 100009
9 804128943
9 100000009
9 762350409
9 483757089
9 449454617
9 142752092
9 670151029
9 685747089
9 100009
9 572810309
9 163561709
9 100009
9 179148158
9 100009
9 742130689
9 479367977
9 875585829
9 750492845
9 315688569
9 364328935
9 100009
9 405671029
9 100009
9 100009
9 100000009
9 296175245
9 548909101
9 100009
9 366608459
9 102381190
9 651532490
9 816151359
9 541478619
9 111228529
9 100009
9 174175981
9 975240683
9 100009
9 100009
9 616746739
9 617217697
9 100009
9 544468679
9 820773419
9 152860629
9 968721338
9 100009
9 100000009
9 100000009
9 499932859
9 815363289
9 815758469
9 523344689
9 100000009
9 863648918
9 276929931
9 10009
9 834984385
9 237337529
9 427978468
9 500001982
9 249227900
9 715297625
9 100009
9 100000009
9 770828079
9 100009
9 100009
9 755056709
9 499873306
9 100009
9 100009
9 819358204
9 100009
9 284560946
9 854205697
9 100009
9 10009
9 288679700
9 100009
9 100000009
9 313640509
9 100009
9 694074154
9 232556669
9 270527519
9 846043169
9 840290704
9 100009
9 931076247
9 100000009
9 100009
9 100009
9 100009
9 100009
9 701093093
9 158409273
9 980998956
9 242858539
9 100009
9 466188279
9 690581425
9 340513139
9 100000009
9 10009
9 100009
9 797608835
9 100000009
9 161370519
9 140949263
9 944796604
9 201637169
9 100009
9 100009
9 100009
9 740932532
9 100000009
9 409482416
9 100000009
9 100009
9 439326064
9 770211914
9 749495729
9 938894078
9 100009
9 100009
9 100009
9 848590625
9 116983756
9 100009
9 100009
9 609660165
9 477578090
9 100009
9 673451579
9 564059564
9 424023419
9 100009
9 972719779
9 100009
9 512310129
9 732295976
9 100009
9 326958803
9 117992092
9 433352359
9 100009
9 643628259
9 100009
9 100009
9 220065259
9 100009
9 673778759
9 939075922
9 864766339
9 408328289
9 100009
9 10009
9 630430059
9 304426119
9 100000009
9 100009
9 778299977
9 100009
9 369539048
9 840699946
9 393573751
9 625477039
9 100000009
9 100009
9 815585239
9 942603948
9 106190701
9 100009
9 706754649
9 793609850
9 100009
9 590000530
9 121308829
9 230391543
9 873665009
9 100009
9 100000009
9 633101519
9 544685189
9 993768691
9 100009
9 541377459
9 535872379
9 924478796
9 972367089
9 749449646
9 100009
9 100009
9 690578285
9 731863629
9 485776419
9 532944561
9 607945090
9 100009
9 370807409
9 594524960
9 100009
9 972107099
9 100009
9 100009
9 100009
9 595601758
9 425609067
9 908149208
9 100009
9 435408559
9 651597092
9 100009
9 184413789
9 476468559
9 100009
9 122254379
9 406125289
9 929728820
9 100009
9 100009
9 697706035
9 100009
9 279821887
9 221492080
9 10009
9 962923884
9 467252917
9 100000009
9 564675609
9 969591527
9 100009
9 538765709
9 134291503
9 100000009
9 100009
9 10009
9 655534129
9 671487149
9 100009
9 100000009
9 100000009
9 640715918
9 305158749
9 100009
9 447659230
9 100009
9 995354920
9 246010394
9 100009
9 143665369
9 726953611
9 649726797
9 100009
9 100000009
9 961091550
9 327720409
9 164091862
9 666606829
9 819995429
9 346445079
9 100009
9 100009
9 575121339
9 100009
9 832206189
9 398991557
9 100009
9 100009
9 972698867
9 100009
9 623998485
9 100009
9 100009
9 100009
9 188956977
9 815929848
9 100000009
9 100009
9 317267593
9 757986748
9 697760636
9 100009
9 911841465
9 800334609
9 100009
9 448266169
9 477564759
9 100009
9 130749516
9 759015883
9 347639838
9 943775405
9 848195108
9 469555644
9 799902948
9 100000009
9 783533849
9 100009
9 100000009
9 100009
9 100009
9 300312029
9 827672619
9 100009
9 100009
9 100000009
9 862829086
9 100009
9 208686319
9 100000009
9 100009
9 100009
9 100009
9 100009
9 100009
9 939925118
9 869381540
9 100000009
9 100009
9 100000009
9 184609498
9 100009
9 1000009
9 962340085
9 866354039
9 710860689
9 626614919
9 346929772
9 100009
9 864136039
9 100000009
9 102559519
9 945026975
9 100000009
9 378455419
9 159335677
9 100009
9 591057125
9 100009
9 100009
9 400994442
9 544500629
9 617928940
9 304618649
9 418304229
9 440571539
9 553470896
9 100009
9 100009
9 100009
9 100009
9 965798578
9 689495869
9 271911169
9 447004879
9 777008079
9 134828619
9 100000009
9 838286519
9 100009
9 100009
9 100009
9 100009
9 598709837
9 820441849
9 100009
9 100009
9 100009
9 10009
9 100009
9 399965420
9 100009
9 100009
9 100009
9 933962411
9 100000009
9 361405679
9 195943469
9 100009
9 100009
9 732087359
9 100009
9 110037419
9 331206159
9 470289173
9 610973417
9 100000009
9 100009
9 100000009
9 550665971
9 856192568
9 299252301
9 616718983
9 100009
9 100009
9 778502519
9 100000009
9 206229477
9 100009
9 100009
9 100000009
9 130009696
9 552916613
9 100009
9 537640799
9 100009
9 100009
9 100009
9 331129875
9 908176448
9 10009
9 100000009
9 264456279
9 669575578
9 100009
9 100009
9 316320947
9 876165980
9 10009
9 100009
9 917299463
9 100009
9 400381419
9 349876671
9 258191756
9 100009
9 588213359
9 946894186
9 100009
9 100000009
9 100009
9 100000009
9 100000009
9 865121049
9 956970802
9 575690028
9 479187492
9 491922064
9 147108981
9 100009
9 10009
9 100009
9 990854174
9 100009
9 766756339
9 548737975
9 100009
9 811359605
9 254773079
9 100009
9 551524679
9 100009
9 458582933
9 100009
9 775849053
9 100000009
9 100009
9 1000009
9 100000009
9 182832469
9 100009
9 100000009
9 100009
9 905015320
9 308833819
9 100000009
9 100009
9 412236339
9 818393517
9 185096582
9 134686509
9 192913958
9 134370809
9 689950570
9 100009
9 322176169
9 100009
9 812863789
9 100009
9 100009
9 180339059
9 627159083
9 100000009
9 10009
9 866772459
9 100000009
9 100009
9 229455703
9 629508133
9 10009
9 216131629
9 100009
9 100009
9 100009
9 725014829
9 100009
9 100000009
9 767057249
9 10009
9 265655089
9 348962903
9 352916402
9 465241962
9 646887249
9 100009
9 383630719
9 393227613
9 338382589
9 100000009
9 100000009
9 435609172
9 521289715
9 238884809
9 703925723
9 939988508
9 100009
9 314589407
9 120324889
9 100009
9 100009
9 726434279
9 903972530
9 870011309
9 100009
9 928862584
9 100009
9 100000009
9 100009
9 982754083
9 529974869
9 605715919
9 369702467
9 100009
9 564515964
9 100000009
9 196555769
9 100009
9 100009
9 100000009
9 100000009
9 599346512
9 10009
9 688854719
9 455098250
9 676610179
9 206239699
9 295412644
9 100009
9 10009
9 675812579
9 100009
9 717990072
9 661829484
9 152409879
9 100009
9 1000009
9 100009
9 990604005
9 199444309
9 100000009
9 100009
9 774155089
9 100009
9 148068339
9 416426019
9 959406713
9 100009
9 100000009
9 513344419
9 100009
9 100009
9 715189376
9 123651749
9 100000009
9 853121629
9 840017069
9 100000009
9 566113469
9 632566609
9 100009
9 100009
9 260594080
9 550514509
9 100000009
9 100009
9 100009
9 273717369
9 917412391
9 100000009
9 860751739
9 100000009
9 149083044
9 100009
9 545242923
9 100009
9 100009
9 658740449
9 1000009
9 518090930
9 990627553
9 468995044
9 100009
9 100000009
9 280261589
9 100009
9 237146639
9 502880769
9 100009
9 452951646
9 100009
9 100009
9 286245793
9 10009
9 416949736
9 400345739
9 100009
9 849892763
9 100000009
9 542737289
9 647350479
9 385823639
9 598148050
9 868808309
9 100000009
9 100000009
9 100009
9 135672319
9 678115359
9 406743349
9 544171819
9 100009
9 100009
9 100000009
9 470816958
9 100009
9 100009
9 100009
9 100009
9 297879948
9 764285859
9 900853121
9 760870589
9 100009
9 431418389
9 703215139
9 100000009
9 100000009
9 832739254
9 259646631
9 100009
9 100000009
9 288134944
9 100009
9 779979591
9 359557457
9 103670291
9 375539036
9 100000009
9 270510539
9 100009
9 282569917
9 120010389
9 100000009
9 596458560
9 100009
9 785224859
9 989999620
9 100009
9 109873188
9 100009
9 922367204
9 100009
9 569126975
9 100009
9 100009
9 967826182
9 845037839
9 207781669
9 215102549
9 782775249
9 723595201
9 100009
9 631237119
9 593138112
9 467717519
9 556639825
9 100009
9 573861709
9 198184743
9 100009
9 100009
9 797130082
9 100000009
9 419685342
9 655156019
9 100009
9 100009
9 613209070
9 755136369
9 672357459
9 100009
9 563097041
9 100000009
9 100000009
9 10009
9 683766739
9 100009
9 100009
9 100009
9 735179898
9 405657619
9 100009
9 100000009
9 226120259
9 645909633
9 574509388
9 100009
9 122909961
9 884712396
9 100000009
9 564071589
9 831429327
9 934903872
9 232858749
9 133561509
9 100009
9 734787449
9 100009
9 100000009
9 100000009
9 854513719
9 100009
9 440721739
9 100009
9 117791358
9 876106029
9 100009
9 208306279
9 100009
9 351748449
9 124598365
9 100000009
9 686396543
9 690634821
9 331340249
9 704882319
9 100009
9 895988719
9 100000009
9 100009
9 100009
9 673139853
9 300948085
9 287259196
9 100000009
9 689640388
9 378085099
9 183792429
9 100000009
9 100009
9 100009
9 365621869
9 114245379
9 191765570
9 100009
9 414861289
9 100009
9 614081739
9 100000009
9 100009
9 100009
9 100000009
9 687462679
9 707251109
9 991268575
9 265582739
9 400378179
9 100009
9 234123569
9 562922168
9 940341479
9 206872809
9 100009
9 100000009
9 531323319
9 367032329
9 556453789
9 985484799
9 100009
9 100000009
9 134897779
9 182765809
9 360051739
9 768819334
9 100009
9 100009
9 491915762
9 100009
9 424888439
9 100000009
9 974321670
9 789248682
9 426115995
9 705606739
9 676894778
9 162851269
9 10009
9 100009
9 100009
9 100009
9 933606714
9 327182839
9 100000009
9 100000009
9 100009
9 100009
9 227642359
9 375920102
9 100009
9 397223032
9 211610539
9 10009
9 402913502
9 968140670
9 435695829
9 690991175
9 854866494
9 707054393
9 760051059
9 338069174
9 100009
9 100009
9 640822369
9 924641736
9 100009
9 100009
9 100009
9 100009
9 212308269
9 253562439
9 10009
9 271436389
9 408291513
9 473601059
9 871006459
9 753889198
9 294051256
9 100009
9 100009
9 100009
9 871400169
9 459802649
9 344687839
9 751207569
9 248017291
9 273590939
9 100009
9 384629222
9 100009
9 40231998
9 100009
9 675806039
9 337565279
9 10009
9 10009
9 519204213
9 100009
9 799229582
9 10009
9 100009
9 718187792
9 624468279
9 100009
9 154003910
9 683307659
9 181070079
9 181650592
9 328261839
9 100009
9 100009
9 100000009
9 635251669
9 100000009
9 28248459
9 421214398
9 394979823
9 113781519
9 100009
9 109
9 592855868
9 100009
9 100000009
9 458407019
9 594710095
9 100009
9 763322769
9 760490554
9 100000009
9 321335359
9 369429985
9 100009
9 519311482
9 100000009
9 766604995
9 100000009
9 100009
9 504910345
9 453409678
9 100000009
9 583506069
9 280114489
9 100009
9 100000009
9 665132169
9 100009
9 360024609
9 100009
9 626523669
9 525636459
9 491136868
9 277440958
9 100009
9 100000009
9 235989300
9 100009
9 924641305
9 677628359
9 602543903
9 100009
9 550956382
9 978383402
9 293668528
9 100009
9 100009
9 100009
9 357176049
9 10009
9 100009
9 759296169
9 991599166
9 530725989
9 334762859
9 185683159
9 229867803
9 734007903
9 555710419
9 10009
9 100000009
9 345048593
9 100000009
9 100009
9 658082409
9 723871139
9 802133879
9 263626799
9 775996060
9 701648609
9 100000009
9 100009
9 100000009
9 605232209
9 225506479
9 100009
9 254943859
9 343300719
9 100009
9 100000009
9 821443900
9 100009
9 100009
9 100000009
9 429050056
9 100009
9 886806079
9 100009
9 100000009
9 861966931
9 100009
9 100009
9 100009
9 763352968
9 624366889
9 670572978
9 475621195
9 100009
9 100009
9 737204769
9 100000009
9 100000009
9 792914383
9 100009
9 100009
9 235781319
9 100009
9 619127818
9 752216119
9 789754327
9 191642653
9 100009
9 736419141
9 131764936
9 100000009
9 126694710
9 183992842
9 100000009
9 100009
9 702677179
9 100009
9 100009
9 476943443
9 100000009
9 414253859
9 100009
9 100009
9 621543139
9 947002172
9 684893263
9 865033459
9 100009
9 910858038
9 100009
9 269786257
9 100009
9 922733099
9 1009
9 586959144
9 100009
9 100000009
9 100009
9 848018639
9 551880494
9 100009
9 461825389
9 650075149
9 670022479
9 285290663
9 769401410
9 705926830
9 956222400
9 659003561
9 318010906
9 100009
9 589725494
9 136799109
9 182256879
9 851187379
9 956309696
9 255883419
9 894473282
9 100009
9 100009
9 709803785
9 720692728
9 516695934
9 100009
9 367832459
9 636207079
9 100009
9 747867796
9 100009
9 100000009
9 100009
9 100009
9 306131996
9 317537239
9 171184519
9 754061269
9 100009
9 780447279
9 925070051
9 10000009
9 100009
9 238990561
9 873542079
9 235572912
9 274483209
9 390180496
9 100009
9 775476950
9 100009
9 524772839
9 100009
9 169537281
9 986656910
9 109021938
9 100009
9 100000009
9 100009
9 647096915
9 502832369
9 101801049
9 267697590
9 997754738
9 504420369
9 100009
9 736814937
9 798956729
9 319047283
9 823202970
9 685488239
9 100009
9 134089393
9 100009
9 929752819
9 100009
9 10009
9 767988275
9 162241539
9 100009
9 100009
9 100009
9 475383297
9 100009
9 966124120
9 899141495
9 100000009
9 10009
9 970188663
9 989502713
9 100000009
9 10009
9 947553385
9 100009
9 538113559
9 306011759
9 100009
9 234853529
9 938583516
9 491041797
9 338410529
9 211916435
9 360437629
9 100009
9 360948755
9 792311326
9 100000009
9 100009
9 100009
9 789299143
9 524532179
9 585964135
9 100009
9 801228279
9 100009
9 611557469
9 100009
9 925771595
9 100000009
9 613701293
9 459210973
9 239196101
9 100009
9 100000009
9 119049392
9 100009
9 100009
9 100009
9 686960755
9 982306417
9 386074269
9 100009
9 247708409
9 181338169
9 100009
9 328976488
9 10009
9 100009
9 100000009
9 129615472
9 834597425
9 617364529
9 100000009
9 196020334
9 947416067
9 100000009
9 100009
9 100009
9 447636319
9 100000009
9 100009
9 600290554
9 735822379
9 642359432
9 479668023
9 859695911
9 261910472
9 753700459
9 565428489
9 10009
9 498221377
9 100009
9 441707309
9 100009
9 100009
9 129364825
9 207947250
9 721626219
9 100009
9 282068319
9 146205519
9 10009
9 163803297
9 100009
9 335409591
9 276594699
9 440517976
9 902152136
9 100009
9 360139514
9 566995515
9 100000009
9 324590869
9 948310462
9 100009
9 100000009
9 100009
9 100009
9 238878579
9 861326809
9 516725119
9 100009
9 35882619
9 100000009
9 100009
9 10009
9 100009
9 100000009
9 100009
9 983173024
9 100009
9 100000009
9 146562359
9 806747159
9 811592870
9 789219527
9 100000009
9 901932868
9 946690246
9 10009
9 10000009
9 10009
9 445331925
9 758751179
9 142658749
9 130448109
9 100009
9 195340464
9 100009
9 701750849
9 655298238
9 259308002
9 100000009
9 636167679
9 100009
9 421870059
9 413699676
9 1000009
9 274039781
9 100009
9 100009
9 10009
9 811359985
9 100000009
9 669274526
9 269258148
9 862678829
9 871400189
9 178492250
9 720944657
9 721150189
9 865350029
9 795330953
9 411323749
9 22226329
9 774658039
9 290939043
9 155984666
9 742112339
9 874277239
9 319307062
9 794819130
9 100009
9 100009
9 100009
9 518727009
9 517008559
9 100009
9 10009
9 154625409
9 100000009
9 100000009
9 950056136
9 952420117
9 803824009
9 666765059
9 986869701
9 413615409
9 481383983
9 239781386
9 688375619
9 100009
9 107744349
9 100000009
9 209657589
9 100009
9 100009
9 155271029
9 660720931
9 171505993
9 100009
9 994322121
9 689677849
9 485626009
9 10009
9 100000009
9 536645719
9 655782909
9 100000009
9 100009
9 739966674
9 118961005
9 618912601
9 869996236
9 486392317
9 100009
9 663010239
9 406049616
9 527667149
9 459459679
9 100000009
9 957742951
9 870921406
9 312699991
9 100009
9 863743579
9 10009
9 100009
9 602472952
9 100000009
9 480499346
9 100009
9 841034199
9 100009
9 10009
9 821818900
9 873555869
9 779541506
9 518130918
9 100009
9 100009
9 100000009
9 100000009
9 598748315
9 159420673
9 100009
9 740104739
9 589706926
9 758804903
9 100009
9 214667329
9 150288139
9 100009
9 975846343
9 100009
9 10009
9 100009
9 943778662
9 879816043
9 100009
9 268815239
9 100000009
9 100000009
9 550102097
9 100009
9 100000009
9 264502389
9 100009
9 100009
9 100000009
9 884456009
9 100009
9 163264659
9 139110805
9 100009
9 332282039
9 839923649
9 747293393
9 100000009
9 392221259
9 100009
9 100009
9 795001623
9 100009
9 100009
9 628810397
9 147345679
9 853644309
9 100009
9 524882049
9 100009
9 100009
9 100009
9 100000009
9 100009
9 147067839
9 345822449
9 100009
9 100009
9 393610844
9 112542679
9 100009
9 100009
9 222011419
9 409727414
9 100000009
9 935725363
9 273664779
9 963682955
9 100009
9 503382194
9 418042649
9 1000009
9 100009
9 467562879
9 100009
9 100009
9 100009
9 534047389
9 419039625
9 955151957
9 100009
9 934658197
9 356889502
9 384869739
9 100009
9 104606819
9 430698164
9 811673419
9 345760499
9 100009
9 10009
9 404733309
9 100009
9 758676349
9 298351346
9 851134911
9 913989111
9 100009
9 714476449
9 762643539
9 449494799
9 994164762
9 359253338
9 164547289
9 346518739
9 305000090
9 311371549
9 100000009
9 956737451
9 945827290
9 100009
9 100000009
9 486493824
9 442214009
9 811973310
9 100009
9 100009
9 338509488
9 984492595
9 100009
9 100000009
9 333507849
9 100009
9 100000009
9 575042779
9 100009
9 877385093
9 10009
9 100000009
9 880119061
9 820352709
9 903694809
9 136508079
9 776100009
9 100000009
9 100000009
9 450824398
9 687434689
9 100009
9 470074409
9 100009
9 100009
9 100009
9 386441489
9 600732259
9 372761689
9 958166800
9 100009
9 100009
9 100009
9 567628609
9 129911104
9 10009
9 303993565
9 100009
9 763102889
9 657818149
9 244901336
9 100009
9 225675189
9 100009
9 100009
9 100009
9 10009
9 100009
9 100009
9 100009
9 211432379
9 199921002
9 183688159
9 884122659
9 728097584
9 10009
9 995386994
9 416812009
9 100000009
9 558698800
9 329544261
9 156855919
9 10009
9 100009
9 658953384
9 305436089
9 100009
9 186563829
9 728832998
9 100009
9 386160769
9 100009
9 10009
9 100009
9 100000009
9 329603609
9 100000009
9 100009
9 576355259
9 100009
9 100000009
9 876914455
9 100000009
9 698469900
9 800679335
9 102972417
9 100009
9 393300768
9 100009
9 964143712
9 100000009
9 100009
9 675576729
9 316850009
9 100009
9 100000009
9 664755985
9 100009
9 194658170
9 869536090
9 722769793
9 604210529
9 100000009
9 561552739
9 604655519
9 100009
9 820734409
9 100009
9 100000009
9 549489694
9 100000009
9 721017947
9 320144519
9 154486479
9 100009
9 228924422
9 381128319
9 100009
9 448863049
9 865900342
9 130896896
9 167872943
9 100009
9 100009
9 100000009
9 100000009
9 100009
9 260918921
9 100009
9 100009
9 10009
9 100000009
9 100009
9 714302609
9 100009
9 628003049
9 528776905
9 179341683
9 100000009
9 623009834
9 115070529
9 756258559
9 100000009
9 835012559
9 100009
9 100000009
9 934494062
9 877814709
9 783572729
9 192423922
9 100009
9 961940757
9 761402079
9 895549488
9 100000009
9 100000009
9 156478991
9 653366789
9 892600691
9 785930940
9 295489933
9 195923815
9 942156496
9 898694967
9 100009
9 100009
9 347682039
9 450586709
9 952668871
9 635953144
9 402585692
9 124085079
9 439546280
9 100009
9 107761369
9 100009
9 100009
9 100009
9 772853469
9 736646904
9 100009
9 330573619
9 159232782
9 100000009
9 100009
9 118946425
9 100009
9 952751077
9 767808709
9 593229271
9 100000009
9 311387129
9 100000009
9 410083559
9 100000009
9 100009
9 230954262
9 100009
9 100009
9 100000009
9 263083679
9 970312095
9 100009
9 817218958
9 640198044
9 100009
9 117898711
9 100009
9 477244639
9 100009
9 339591746
9 100000009
9 100009
9 100009
9 275602419
9 134020179
9 100009
9 153261199
9 894987457
9 791583307
9 874183079
9 772589825
9 100000009
9 517315589
9 969920897
9 100009
9 10009
9 659003288
9 100009
9 100009
9 100009
9 950562960
9 993520040
9 410894938
9 100009
9 949775207
9 458608259
9 805821295
9 879566967
9 930139352
9 402519942
9 959118450
9 274406749
9 100009
9 100000009
9 847053769
9 100000009
9 100000009
9 100009
9 906322348
9 100000009
9 100000009
9 100009
9 100009
9 10009
9 948336408
9 231218409
9 100009
9 100009
9 100009
9 10009
9 917599805
9 100009
9 100009
9 180861961
9 596962966
9 100009
9 10009
9 691067382
9 771281639
9 100009
9 658700379
9 360387908
9 425787397
9 128597158
9 896131598
9 100009
9 100009
9 181541559
9 1000009
9 100009
9 100009
9 170768669
9 596794792
9 321306899
9 382041629
9 100000009
9 104299118
9 645615789
9 574983915
9 526868179
9 100009
9 100009
9 100000009
9 100000009
9 100000009
9 242848859
9 100009
9 596683050
9 721400829
9 913750932
9 961047923
9 100000009
9 480661259
9 100000009
9 369666106
9 100009
9 244631379
9 577490494
9 100009
9 100009
9 192990740
9 707707579
9 647290465
9 100009
9 951995251
9 151437269
9 961119019
9 100009
9 100009
9 893793552
9 100009
9 100009
9 10009
9 10009
9 100009
9 259028658
9 100009
9 205106969
9 100000009
9 172821908
9 886913106
9 632893555
9 1009
9 755893687
9 387384129
9 100009
9 100000009
9 186467292
9 645624891
9 100009
9 240047359
9 100009
9 996693015
9 674013529
9 100009
9 633339628
9 484667389
9 100009
9 100000009
9 466494233
9 415837359
9 905541528
9 154093803
9 100000009
9 631615669
9 932700799
9 100009
9 574629659
9 100009
9 199053534
9 230587991
9 100009
9 100000009
9 934470762
9 100000009
9 100009
9 100009
9 100009
9 395540083
9 100000009
9 100009
9 250762953
9 678054539
9 100000009
9 547266789
9 100000009
9 953020110
9 100009
9 436420559
9 100000009
9 116774579
9 106885039
9 100009
9 385380609
9 100000009
9 829818914
9 742756899
9 834025039
9 979802148
9 107503609
9 100009
9 690584135
9 345883709
9 100009
9 725802369
9 308827879
9 315674439
9 100009
9 848988768
9 542267089
9 100009
9 988858063
9 100009
9 388134119
9 100000009
9 1000009
9 219273572
9 100000009
9 164459494
9 100009
9 100009
9 100009
9 654613439
9 399289897
9 269451775
9 704095360
9 689865791
9 100009
9 100009
9 100000009
9 100000009
9 100000009
9 394570938
9 123284189
9 182771189
9 456577259
9 916403732
9 100009
9 311311689
9 100009
9 448574379
9 394560047
9 962646377
9 431019259
9 910094017
9 100009
9 716714219
9 100009
9 977575256
9 827057379
9 477549029
9 100000009
9 997467091
9 930716250
9 100009
9 260112009
9 100009
9 269912864
9 295315764
9 100009
9 772335897
9 100000009
9 100009
9 356434933
9 614652349
9 839715913
9 100000009
9 396196259
9 100009
9 228896707
9 100009
9 100009
9 264991293
9 380749550
9 738388049
9 100009
9 100000009
9 100000009
9 1000009
9 118021965
9 890814740
9 658282289
9 100009
9 204173493
9 100009
9 100009
9 562347079
9 851204932
9 338562339
9 582432998
9 600397858
9 802981506
9 649402669
9 975400694
9 100009
9 533810449
9 452256059
9 108979504
9 193820705
9 229037972
9 10009
9 100009
9 100009
9 557176159
9 252082192
9 724801779
9 100009
9 270933376
9 815796342
9 776199598
9 100009
9 160345119
9 100009
9 268371139
9 440412329
9 982200995
9 100000009
9 100009
9 810941586
9 100009
9 130663689
9 340510796
9 766865079
9 882062349
9 278300539
9 346437379
9 790789907
9 385057349
9 212796287
9 100000009
9 100000009
9 100009
9 100000009
9 10009
9 245755479
9 100000009
9 100009
9 806121629
9 932891260
9 277839857
9 308981714
9 891266101
9 100009
9 265309845
9 100009
9 100009
9 100009
9 100009
9 100009
9 407544049
9 784382369
9 100009
9 675271449
9 100009
9 326595771
9 640318329
9 605105149
9 656847119
9 501419817
9 536823389
9 100009
9 878878109
9 100009
9 635716149
9 315135791
9 100009
9 100000009
9 659576907
9 100009
9 100009
9 961182589
9 122083079
9 812366429
9 706921411
9 100000009
9 386265779
9 544173797
9 504558369
9 100009
9 909374144
9 258518659
9 100009
9 985669935
9 100009
9 100009
9 100000009
9 987256373
9 100009
9 702174189
9 10009
9 100000009
9 590444468
9 406223789
9 550187379
9 580835209
9 100009
9 100009
9 100009
9 100009
9 665759756
9 100009
9 100009
9 327068990
9 100009
9 100000009
9 133135359
9 100009
9 937741664
9 486000709
9 272002889
9 745201709
9 453649856
9 572013579
9 148847889
9 989164215
9 865280509
9 751571597
9 100009
9 118722892
9 100009
9 100009
9 600413959
9 100009
9 790727014
9 709385406
9 100009
9 100009
9 953619660
9 811751229
9 351282329
9 889664364
9 986251503
9 937359435
9 347663964
9 458731459
9 100000009
9 100000009
9 265880896
9 100000009
9 479142277
9 100009
9 907870241
9 462857059
9 516878059
9 705556109
9 100009
9 492394304
9 100009
9 100009
9 272959580
9 100009
9 100000009
9 164679004
9 102511709
9 257483879
9 935285744
9 200681059
9 100009
9 100009
9 100009
9 100009
9 968032861
9 582087539
9 889892213
9 577674149
9 100009
9 100009
9 541574009
9 100009
9 975207277
9 129675000
9 842899840
9 100000009
9 580352289
9 958238781
9 804408593
9 528552579
9 309475142
9 771093338
9 100009
9 782261739
9 303472609
9 378089015
9 280919351
9 100000009
9 100009
9 286372924
9 100000009
9 100000009
9 100009
9 652389917
9 128416239
9 572128119
9 172157689
9 402811209
9 100009
9 100000009
9 509756637
9 100009
9 603297127
9 697838061
9 100009
9 120476439
9 361934184
9 100000009
9 100000009
9 343816729
9 100009
9 100009
9 649446474
9 203595781
9 1000009
9 100000009
9 834838639
9 601423129
9 100009
9 546393332
9 393863370
9 278522019
9 100000009
9 100009
9 492596417
9 100009
9 563901862
9 150981868
9 370964724
9 650113119
9 157043769
9 100000009
9 134831369
9 100000009
9 932272494
9 674516279
9 178987890
9 100009
9 376925579
9 678267859
9 100009
9 660316089
9 100000009
9 100000009
9 470293808
9 180698755
9 432737496
9 849671441
9 100000009
9 820039927
9 100009
9 100009
9 652567891
9 557242994
9 683998232
9 941392656
9 139555203
9 161203069
9 100009
9 100009
9 10009
9 943028475
9 100000009
9 265015359
9 100009
9 10009
9 100000009
9 100009
9 141709303
9 968226359
9 10009
9 289301507
9 524112391
9 140916150
9 290429093
9 653099239
9 100000009
9 537556879
9 891533540
9 404323109
9 526757439
9 100009
9 100000009
9 105918148
9 660264859
9 100009
9 100009
9 100000009
9 666317229
9 137407429
9 100009
9 111079839
9 100000009
9 218104439
9 476626479
9 815076579
9 703872689
9 100009
9 264248769
9 100009
9 769787615
9 100000009
9 669748879
9 100009
9 100000009
9 100009
9 100000009
9 615007079
9 631775339
9 491576637
9 100009
9 149269227
9 121409629
9 100009
9 501396633
9 113482889
9 100000009
9 100000009
9 701310396
9 428045192
9 100009
9 100000009
9 100000009
9 177694167
9 145130569
9 739724813
9 100009
9 948962529
9 873721789
9 100000009
9 100009
9 219011654
9 100000009
9 100009
9 100009
9 100009
9 637585948
9 333911798
9 829959283
9 100009
9 100009
9 100009
9 335652993
9 102170659
9 671641159
9 100009
9 980727583
9 903915157
9 100009
9 100009
9 100000009
9 100009
9 100009
9 307491979
9 139835408
9 291453336
9 100000009
9 100009
9 100009
9 380240479
9 744633479
9 100009
9 100009
9 100009
9 10009
9 100009
9 100009
9 100000009
9 378302659
9 874211697
9 159158371
9 798215429
9 100000009
9 100009
9 237628259
9 100009
9 720639929
9 144142099
9 100009
9 951664704
9 541053889
9 100009
9 100009
9 100009
9 920990610
9 100009
9 874057119
9 100009
9 100000009
9 100000009
9 879660417
9 161761139
9 148637659
9 581819383
9 100009
9 319980050
9 275923738
9 412921817
9 100009
9 913979675
9 824570879
9 736191603
9 100000009
9 100009
9 100009
9 909047557
9 687348579
9 100009
9 103909818
9 393771186
9 930422467
9 10009
9 100009
9 100009
9 497019149
9 100000009
9 244314149
9 482665916
9 100000009
9 482222129
9 100000009
9 100009
9 234509491
9 428707869
9 851405069
9 819282344
9 175414759
9 627910112
9 834912409
9 100009
9 10009
9 782325329
9 100009
9 410793011
9 822367119
9 360312923
9 100009
9 997112583
9 100009
9 100009
9 535947501
9 822249123
9 443750659
9 100000009
9 100009
9 162449472
9 808735549
9 100009
9 100000009
9 100009
9 300738079
9 100009
9 31270379
9 100000009
9 375537109
9 544870329
9 629768891
9 508575039
9 100009
9 589661011
9 265540139
9 100009
9 100009
9 294372740
9 1000009
9 675921596
9 170847519
9 100009
9 728627719
9 605483159
9 100009
9 607656189
9 100000009
9 641864229
9 303927774
9 869615363
9 818421059
9 100009
9 100009
9 622844009
9 100009
9 100009
9 554435942
9 369541704
9 100000009
9 100009
9 573599068
9 401236229
9 182366198
9 961206634
9 100000009
9 157516699
9 600933493
9 993140242
9 100009
9 318416129
9 293947002
9 522767659
9 302681639
9 100000009
9 440444209
9 246672649
9 553921073
9 100009
9 900709323
9 240131289
9 664132159
9 100009
9 100009
9 100009
9 100000009
9 100009
9 198134384
9 542682349
9 100009
9 110866829
9 359185887
9 100009
9 121245019
9 382503189
9 100000009
9 128953926
9 100009
9 100000009
9 956875976
9 371058509
9 128765019
9 146259036
9 100009
9 535128089
9 100009
9 306089786
9 680879665
9 202649380
9 100009
9 100000009
9 323494875
9 100009
9 100000009
9 100009
9 390372676
9 100009
9 65884099
9 100009
9 498327479
9 100009
9 840900088
9 322796306
9 154207039
9 775755239
9 100009
9 100009
9 100009
9 100009
9 100000009
9 100009
9 10009
9 337767179
9 100009
9 858401729
9 10009
9 100009
9 172123269
9 100000009
9 298936551
9 100009
9 10009
9 217121649
9 522195459
9 374267219
9 100000009
9 392523263
9 100009
9 10009
9 444710749
9 589511535
9 543352092
9 725332349
9 580645259
9 10009
9 100000009
9 510986316
9 697332327
9 527599576
9 473524109
9 100009
9 10009
9 100009
9 100009
9 100009
9 157582679
9 535574492
9 622328719
9 177310209
9 100000009
9 100009
9 697256697
9 266271189
9 100000009
9 164374379
9 100000009
9 525013539
9 205489210
9 100009
9 599130531
9 186557189
9 666693921
9 100009
9 100009
9 206425639
9 143798513
9 477811759
9 288695769
9 977569283
9 100009
9 100000009
9 400982390
9 516777093
9 100009
9 100009
9 268942092
9 100000009
9 843493726
9 815617069
9 156354994
9 100009
9 545291172
9 100009
9 117282149
9 100009
9 100009
9 126269071
9 850837119
9 441414769
9 100000009
9 162804229
9 100000009
9 693411194
9 620235689
9 177204349
9 100000009
9 951567185
9 100009
9 140600974
9 289877448
9 100009
9 100000009
9 100009
9 562181879
9 100009
9 538889613
9 100009
9 148593528
9 674340089
9 527879539
9 726772609
9 100009
9 100009
9 613329272
9 615987351
9 623327988
9 154685490
9 274488149
9 100009
9 948903362
9 629340856
9 100009
9 376131319
9 100000009
9 750006449
9 100009
9 885123509
9 129519324
9 223471779
9 581193194
9 100000009
9 100009
9 109699359
9 690692829
9 357415869
9 243148339
9 828825279
9 100009
9 282343729
9 912865226
9 774391114
9 296344484
9 100009
9 109460501
9 927915966
9 126054419
9 100000009
9 100009
9 704346259
9 430004879
9 100009
9 100009
9 100009
9 964143979
9 816607339
9 100009
9 1000009
9 778676962
9 100009
9 673312889
9 10009
9 975401185
9 10009
9 818771059
9 215163569
9 100009
9 100009
9 1009
9 100009
9 857639707
9 100009
9 10009
9 943816223
9 284863049
9 131944933
9 550492675
9 882598069
9 961230596
9 100009
9 100000009
9 507190419
9 260643879
9 317588269
9 254340469
9 100009
9 100000009
9 100009
9 100009
9 340104039
9 100000009
9 100000009
9 100000009
9 128173749
9 100009
9 529704315
9 100009
9 188972476
9 100009
9 100009
9 979050036
9 904869609
9 100009
9 189037557
9 100009
9 823015479
9 819359256
9 395931812
9 925493739
9 885294651
9 10009
9 100009
9 360424709
9 906524578
9 100000009
9 331026159
9 100000009
9 966851679
9 585181319
9 919682397
9 167314219
9 100009
9 788278759
9 379900529
9 726218629
9 611839611
9 907645873
9 100009
9 628304869
9 907757677
9 461380419
9 812611009
9 100009
9 227880759
9 367758849
9 100009
9 357935937
9 100000009
9 903831856
9 162213196
9 724230719
9 676402609
9 1009
9 668442995
9 100009
9 390186194
9 554897272
9 741866179
9 325371295
9 214815069
9 100000009
9 943461731
9 114663039
9 955485172
9 100000009
9 626915538
9 100009
9 692106873
9 866399347
9 123312953
9 733195534
9 417068759
9 904351227
9 100009
9 473604109
9 100000009
9 100000009
9 100009
9 10009
9 260020139
9 755156409
9 100009
9 100009
9 100009
9 807959295
9 662465449
9 100009
9 100009
9 767001293
9 252037529
9 404671972
9 100009
9 100009
9 473431694
9 100009
9 100000009
9 917575239
9 100009
9 186250419
9 321285959
9 100009
9 936925215
9 100009
9 390443471
9 196618629
9 957260794
9 516250839
9 610834839
9 457091456
9 804627859
9 100009
9 537275049
9 100009
9 100009
9 959522211
9 100009
9 436831459
9 632352289
9 464831669
9 744407491
9 443097483
9 100009
9 100009
9 297583893
9 835291980
9 500405469
9 100009
9 523738769
9 945365318
9 118582569
9 415012139
9 625653319
9 885760964
9 10009
9 100009
9 453649373
9 624259834
9 270209240
9 786205739
9 795490149
9 938095452
9 183461759
9 489885045
9 995572475
9 542796095
9 100009
9 100009
9 968800518
9 780657599
9 100009
9 618832986
9 807466916
9 150406769
9 100009
9 100009
9 188528739
9 973692530
9 610281259
9 300669015
9 102281359
9 100000009
9 753332759
9 648512289
9 100000009
9 269089253
9 608346399
9 100009
9 712337649
9 100009
9 192912120
9 939837461
9 633479278
9 100000009
9 665353369
9 127684649
9 100009
9 100009
9 952154095
9 430119775
9 401700689
9 100009
9 100000009
9 815633279
9 100009
9 595099798
9 860108489
9 719985644
9 317326329
9 117115029
9 100009
9 748103289
9 100009
9 782173159
9 100000009
9 100000009
9 100000009
9 100009
9 554949588
9 723609557
9 100000009
9 295773213
9 215014209
9 100000009
9 10009
9 100009
9 857260639
9 575903424
9 100009
9 691179432
9 527248559
9 477780179
9 951472846
9 100009
9 511291253
9 100009
9 538115039
9 100009
9 100009
9 146614962
9 971750580
9 227499515
9 411758879
9 694954595
9 713691691
9 218676769
9 651696713
9 486065029
9 381905516
9 391242905
9 729891064
9 100000009
9 100009
9 100009
9 100009
9 100000009
9 100009
9 100009
9 100000009
9 100009
9 910493995
9 932675657
9 248048279
9 824196391
9 100009
9 100009
9 740677689
9 500795431
9 100009
9 879874923
9 100009
9 929242476
9 826111199
9 505579415
9 10009
9 115903423
9 651620269
9 607050079
9 263213679
9 688626059
9 645321769
9 414320139
9 100000009
9 213005069
9 185506719
9 637488399
9 100009
9 100009
9 764804249
9 768078098
9 100009
9 209343810
9 989493155
9 694618293
9 100000009
9 140430619
9 100009
9 100000009
9 572087779
9 324560519
9 100000009
9 100009
9 356563593
9 100000009
9 715528329
9 187571569
9 100009
9 10009
9 100009
9 420461019
9 714516819
9 100009
9 100009
9 466565519
9 129040661
9 100009
9 100009
9 391061847
9 484863579
9 824546339
9 100000009
9 288531579
9 100009
9 926558337
9 621836679
9 259180062
9 100009
9 520809604
9 100009
9 334963369
9 756094360
9 911414078
9 1000009
9 233058809
9 100000009
9 280353879
9 100000009
9 173633189
9 130969165
9 100009
9 100009
9 897894899
9 666291344
9 757486789
9 506895690
9 10009
9 370782936
9 698670668
9 223524989
9 100000009
9 100009
9 10009
9 100000009
9 177485906
9 100000009
9 129212426
9 391231511
9 361571219
9 706179354
9 100009
9 100009
9 100009
9 210039308
9 100009
9 13618609
9 399571152
9 423504394
9 100009
9 581295887
9 973908158
9 100000009
9 337937903
9 100000009
9 284779247
9 100009
9 706359413
9 877272494
9 100009
9 382010589
9 100000009
9 871440293
9 100000009
9 954444209
9 100009
9 149466830
9 100009
9 100009
9 988368496
9 570295639
9 100000009
9 100000009
9 100009
9 100009
9 259296483
9 354181019
9 487445809
9 100009
9 776468190
9 248852179
9 100009
9 100000009
9 125279205
9 100009
9 732626749
9 100000009
9 755887469
9 928628117
9 100009
9 276985688
9 210794470
9 100009
9 100009
9 1009
9 100009
9 504865129
9 690354968
9 100000009
9 301977124
9 517389762
9 100009
9 972951442
9 934178208
9 10009
9 558112943
9 875071379
9 137743492
9 873090627
9 969257755
9 100000009
9 100009
9 921275656
9 100009
9 738258369
9 210476179
9 589195456
9 304792096
9 951334091
9 686978077
9 100009
9 100000009
9 394029225
9 214853709
9 100009
9 178180239
9 559855843
9 100000009
9 100009
9 100009
9 100009
9 900757211
9 100009
9 528579405
9 605380489
9 100009
9 100009
9 473523973
9 519219388
9 857505559
9 100009
9 347743259
9 594784674
9 646069487
9 100009
9 389076309
9 547782529
9 423413869
9 100000009
9 891601974
9 100009
9 100009
9 100009
9 100009
9 100000009
9 100009
9 179446096
9 100009
9 100009
9 772555947
9 658834779
9 942696166
9 740622549
9 100009
9 322925385
9 100000009
9 973063432
9 889576221
9 1000009
9 581648709
9 100009
9 100000009
9 170448709
9 942553527
9 983832515
9 415216197
9 222473639
9 100009
9 104879767
9 100009
9 691978413
9 703670519
9 206535129
9 704080197
9 690509340
9 100009
9 524448894
9 100009
9 142577079
9 818809212
9 250665689
9 100000009
9 100009
9 986318947
9 859551185
9 100009
9 237959863
9 100009
9 205416439
9 100009
9 563418059
9 100009
9 231638279
9 100009
9 703265219
9 100000009
9 100009
9 380814189
9 100009
9 100009
9 100000009
9 700655379
9 608927544
9 760529418
9 794520416
9 100009
9 966478484
9 480605789
9 424433809
9 308926575
9 100009
9 100009
9 860537469
9 207150889
9 626460099
9 879087444
9 328833797
9 100009
9 100009
9 618957896
9 477616479
9 100009
9 176014269
9 100000009
9 790696723
9 100009
9 321187319
9 100009
9 191441435
9 100000009
9 279637301
9 100009
9 105865179
9 100009
9 629066008
9 993464640
9 376117039
9 100009
9 200141239
9 100009
9 100009
9 853297818
9 785525129
9 815251739
9 100009
9 100000009
9 983400423
9 100000009
9 818262916
9 820898785
9 100009
9 986589781
9 288545169
9 873448679
9 668610209
9 452363095
9 425839038
9 100009
9 785970993
9 336128669
9 100000009
9 178995795
9 840095278
9 480010869
9 804219259
9 100000009
9 100009
9 100009
9 109578959
9 709225658
9 320201890
9 793747984
9 665604749
9 100009
9 630178779
9 100009
9 195158604
9 100009
9 113352629
9 100009
9 133520539
9 100009
9 449000683
9 100009
9 867747839
9 100009
9 931256036
9 268759534
9 484259755
9 828824829
9 563591925
9 910727237
9 10009
9 702731189
9 728068981
9 711271159
9 100009
9 100009
9 100009
9 398963913
9 100009
9 100009
9 100009
9 100000009
9 178575389
9 274568069
9 100009
9 717494289
9 444673879
9 392367363
9 112393289
9 767383889
9 743913765
9 100000009
9 143835797
9 100009
9 482732049
9 964155338
9 994054182
9 1000009
9 227665569
9 366757549
9 100009
9 219458156
9 321262239
9 346524539
9 100000009
9 663238931
9 350400955
9 668637397
9 100009
9 100000009
9 100000009
9 692246226
9 100009
9 100009
9 637879190
9 588743169
9 100009
9 10009
9 183525869
9 100000009
9 272843639
9 156001309
9 100009
9 687921854
9 100000009
9 988681482
9 380401109
9 100009
9 663633629
9 665537849
9 100009
9 264087629
9 100009
9 100009
9 145058809
9 100000009
9 591676297
9 100009
9 100000009
9 171908174
9 303293748
9 474712955
9 100000009
9 100009
9 600466379
9 100009
9 100009
9 100009
9 100009
9 100009
9 986533155
9 802460319
9 100009
9 641118589
9 784427159
9 100009
9 945593604
9 100000009
9 169324338
9 679859563
9 100009
9 253118679
9 359358175
9 100000009
9 448568569
9 502159546
9 821371089
9 100000009
9 889065897
9 335196598
9 601892749
9 10009
9 722256889
9 930178726
9 615399570
9 543065469
9 822714219
9 957903976
9 100009
9 100009
9 795613753
9 100009
9 100009
9 752862809
9 100009
9 982422758
9 907109978
9 100000009
9 150366349
9 655647779
9 235701229
9 711965081
9 999234213
9 100009
9 266266297
9 100009
9 100009
9 100000009
9 100009
9 538629504
9 360618789
9 961957956
9 100009
9 822428369
9 100009
9 43602819
9 659720734
9 324056291
9 932978903
9 397816503
9 748258119
9 452283119
9 100009
9 100009
9 142171239
9 100009
9 430622589
9 763091174
9 451900597
9 100009
9 100000009
9 100000009
9 367244159
9 100009
9 100000009
9 902463083
9 854004459
9 773709741
9 100000009
9 952611827
9 100009
9 100009
9 100009
9 100000009
9 673205259
9 161992564
9 492969854
9 100000009
9 100000009
9 100000009
9 778427309
9 736219710
9 443088259
9 341569615
9 100009
9 176435649
9 480981213
9 936190104
9 704660859
9 302802469
9 653195386
9 804300259
9 367173934
9 441465889
9 100009
9 604933108
9 619986443
9 21621389
9 137498516
9 100009
9 396442409
9 100009
9 100009
9 100009
9 320310069
9 100009
9 100000009
9 100009
9 527055149
9 776399937
9 997705565
9 963653948
9 558202859
9 539694195
9 100009
9 100009
9 279390857
9 505757895
9 100009
9 688689415
9 219633052
9 100009
9 563333759
9 1000009
9 442665339
9 100000009
9 360822869
9 884445049
9 100000009
9 692892696
9 100009
9 403809162
9 923239531
9 100009
9 882813968
9 338760169
9 100000009
9 245344289
9 419432111
9 642131890
9 485062489
9 704520769
9 142065299
9 100000009
9 505155259
9 759916999
9 187932509
9 722730769
9 519495387
9 924830915
9 698757383
9 469532418
9 554150179
9 463366389
9 826211973
9 522600991
9 100009
9 100009
9 100009
9 257123329
9 462581859
9 100009
9 630793122
9 334478629
9 485588569
9 218920430
9 100009
9 100009
9 100009
9 100000009
9 867521609
9 961712788
9 100000009
9 334753339
9 100009
9 459210222
9 100009
9 589235427
9 100009
9 100009
9 195509173
9 100009
9 100009
9 374898482
9 621445709
9 183750293
9 100009
9 100000009
9 661974997
9 100009
9 100009
9 100009
9 436368279
9 1000009
9 337204679
9 274997368
9 815446729
9 100009
9 448001923
9 100009
9 354514209
9 100009
9 100000009
9 550808719
9 537506489
9 684905514
9 820697580
9 633142759
9 153322359
9 818230769
9 612725029
9 100009
9 568755509
9 215468869
9 103827439
9 100000009
9 342396255
9 100009
9 335804509
9 100009
9 100000009
9 850711469
9 100009
9 242751669
9 100009
9 528106309
9 100009
9 636398292
9 885655559
9 319547674
9 774958409
9 100009
9 100009
9 100009
9 913688770
9 478517069
9 100009
9 100009
9 100009
9 100009
9 100009
9 114018479
9 533438609
9 448927349
9 105260489
9 100009
9 100000009
9 100009
9 100009
9 289323849
9 685949106
9 517035019
9 348550798
9 100009
9 852407119
9 810829379
9 100000009
9 614797474
9 758204839
9 153279382
9 451641489
9 100009
9 507102509
9 516215709
9 141034809
9 589123159
9 195384412
9 259893640
9 161087229
9 627777819
9 996827968
9 444588945
9 100000009
9 540837692
9 123987053
9 504981281
9 944361456
9 10009
9 1000009
9 100009
9 493898268
9 411483009
9 701466109
9 100009
9 873125849
9 989604760
9 100009
9 920142217
9 993523888
9 100009
9 615720579
9 538369299
9 564824769
9 100009
9 600572239
9 476830739
9 100000009
9 326932465
9 522835893
9 100000009
9 713064519
9 100000009
9 215406294
9 346987907
9 100009
9 100009
9 100009
9 100009
9 329045710
9 100000009
9 963256824
9 100009
9 100000009
9 681816239
9 560937711
9 560064839
9 100009
9 284596834
9 921358291
9 10009
9 134937316
9 319893333
9 100000009
9 731159629
9 100009
9 308602009
9 913764071
9 835916900
9 1000009
9 10009
9 100009
9 467298659
9 405890254
9 132638589
9 44884419
9 786130549
9 876984352
9 100009
9 100009
9 100009
9 100000009
9 391438203
9 427238995
9 100009
9 100009
9 441904771
9 100000009
9 642200189
9 100009
9 634432897
9 570515709
9 315964109
9 517627629
9 100009
9 769399587
9 561659531
9 588046739
9 100009
9 100009
9 695794309
9 422737839
9 618147439
9 567032940
9 100009
9 990872756
9 493072659
9 100000009
9 100000009
9 100000009
9 230233849
9 601199180
9 100009
9 942242865
9 203862439
9 100000009
9 361090266
9 778679049
9 100009
9 192024043
9 124488389
9 100009
9 956772244
9 833709001
9 100000009
9 100009
9 577109569
9 929796257
9 516690941
9 884310098
9 1000009
9 100000009
9 100009
9 530373679
9 100009
9 100009
9 409351003
9 187991375
9 754680109
9 100009
9 100009
9 223016029
9 1000009
9 310740519
9 100009
9 275049156
9 100009
9 676678909
9 272254925
9 1000009
9 100009
9 364522139
9 100009
9 587252059
9 635838329
9 187269524
9 952365872
9 539031995
9 100009
9 544464329
9 420633889
9 100009
9 100009
9 904987365
9 100009
9 100009
9 784928916
9 100009
9 100000009
9 556378879
9 822187849
9 100009
9 100000009
9 454217769
9 262383259
9 100009
9 640374289
9 846010139
9 100009
9 273607899
9 531430495
9 971735185
9 947289238
9 429723562
9 781251389
9 633477089
9 100009
9 198399616
9 100000009
9 100000009
9 376292752
9 100009
9 800659882
9 777785579
9 953213518
9 100009
9 439426262
9 197632530
9 10009
9 100009
9 100009
9 671700769
9 100009
9 100000009
9 109869507
9 435425789
9 999062211
9 100009
9 793602973
9 461177149
9 894036868
9 100009
9 100009
9 730752390
9 10009
9 100009
9 307971941
9 345311749
9 715413490
9 100000009
9 100009
9 191346959
9 100009
9 100009
9 395768806
9 424171519
9 100009
9 10009
9 992891392
9 606911659
9 100009
9 881969383
9 174505094
9 458409825
9 648777479
9 100009
9 100000009
9 100009
9 100000009
9 100009
9 735786971
9 433236289
9 100009
9 100000009
9 805479194
9 879396057
9 100009
9 621311098
9 383707189
9 100009
9 461398338
9 100009
9 100000009
9 100000009
9 100009
9 723581719
9 100009
9 1000009
9 100009
9 100009
9 100009
9 10009
9 100009
9 752213009
9 557727779
9 748021190
9 100009
9 100009
9 240752392
9 439358779
9 463286059
9 100009
9 970199824
9 908375700
9 100009
9 493871501
9 450156409
9 615324931
9 291054098
9 566296601
9 734635169
9 403735895
9 295949938
9 193895407
9 198397163
9 100000009
9 100009
9 220423419
9 935412694
9 901534005
9 100009
9 461595156
9 100009
9 100009
9 100009
9 175006039
9 585501697
9 668537009
9 327646429
9 664892049
9 100009
9 213473892
9 100000009
9 692995629
9 100009
9 100009
9 100009
9 100009
9 100000009
9 810826679
9 334446339
9 602915184
9 877655619
9 100009
9 211182469
9 100009
9 100009
9 310787589
9 100009
9 100000009
9 100009
9 100009
9 100009
9 288037549
9 100000009
9 533266079
9 447411369
9 199745849
9 901907599
9 239360554
9 783141962
9 100000009
9 100009
9 100009
9 492456921
9 100000009
9 147080139
9 912813201
9 100000009
9 100009
9 836885529
9 100009
9 100009
9 100009
9 786505198
9 145544679
9 276971890
9 353732509
9 100009
9 100009
9 975035441
9 100009
9 100009
9 100009
9 381189181
9 246913649
9 137537494
9 364943061
9 100009
9 100009
9 774317089
9 974724985
9 100009
9 223182249
9 100009
9 934789569
9 100009
9 100000009
9 589888278
9 140195625
9 357672879
9 100000009
9 10009
9 100009
9 100009
9 100009
9 715382689
9 435125519
9 583387089
9 100009
9 938862544
9 100000009
9 812235793
9 288523498
9 628945407
9 100009
9 863553729
9 203385769
9 100009
9 488423189
9 754589383
9 275369101
9 544878779
9 10009
9 712773859
9 272284993
9 100366749
9 868367789
9 170875679
9 492322028
9 100009
9 577892329
9 10009
9 739046829
9 306439691
9 137385059
9 100009
9 505399370
9 920304447
9 100000009
9 213723829
9 100009
9 821075479
9 426765639
9 952804762
9 100009
9 852244319
9 100009
9 351415549
9 139482813
9 100009
9 100009
9 100000009
9 534283649
9 565864119
9 312645269
9 348105819
9 100000009
9 731279678
9 100000009
9 260548985
9 1000009
9 100009
9 698310075
9 325379295
9 515165519
9 254396933
9 502287129
9 100009
9 433692678
9 100009
9 100009
9 217467049
9 899291919
9 914274696
9 774007978
9 708612639
9 787959443
9 801943929
9 883245629
9 452536459
9 757046189
9 722167069
9 599014901
9 275197027
9 191311121
9 438376849
9 219691289
9 100009
9 779352888
9 916166580
9 179897404
9 422607389
9 787017749
9 465680289
9 100000009
9 861829968
9 100000009
9 585777839
9 100009
9 503943004
9 100000009
9 839600273
9 490702222
9 518072819
9 318581519
9 100009
9 575057739
9 100000009
9 956646678
9 100000009
9 1009
9 961275201
9 100009
9 100000009
9 959126427
9 100000009
9 391778990
9 1009
9 10009
9 326833079
9 564099820
9 100009
9 100009
9 100009
9 567395795
9 100009
9 825000779
9 100009
9 147632931
9 100009
9 822968007
9 100000009
9 754761729
9 578839361
9 100009
9 100009
9 100009
9 467888879
9 353033149
9 464920743
9 315259279
9 925567884
9 100009
9 100009
9 503385749
9 100009
9 860221049
9 100009
9 100009
9 176756229
9 100000009
9 100000009
9 531239599
9 100009
9 100009
9 179720756
9 263348987
9 198949523
9 100009
9 959799400
9 450705749
9 143689556
9 296392313
9 301384849
9 318806609
9 100009
9 750435094
9 243992805
9 923768360
9 100009
9 717251795
9 10009
9 100009
9 100009
9 177885910
9 908490389
9 667812279
9 100009
9 555970391
9 589410616
9 937609207
9 849803739
9 680128869
9 100009
9 326275944
9 961574901
9 10009
9 609137522
9 164295834
9 428652519
9 366391048
9 664278971
9 506864329
9 100009
9 549079019
9 100009
9 239280358
9 100009
9 100009
9 531550429
9 993205942
9 341386191
9 755738944
9 601712094
9 675002129
9 236827519
9 116751799
9 290165141
9 100009
9 687722029
9 538795729
9 100000009
9 100009
9 100009
9 253993281
9 100009
9 100009
9 100009
9 682263229
9 258129347
9 100009
9 606169786
9 751460019
9 377259623
9 673515492
9 853692993
9 662059748
9 100009
9 862257789
9 329587781
9 100009
9 100009
9 100000009
9 100009
9 366149919
9 100009
9 100009
9 597847613
9 100009
9 638542219
9 892852668
9 100000009
9 717671869
9 444889337
9 265322937
9 100009
9 837312319
9 100009
9 162286169
9 702279218
9 894897762
9 100009
9 100009
9 460731879
9 971415544
9 100009
9 100009
9 100009
9 100009
9 10009
9 115860967
9 100009
9 1000009
9 1000009
9 121455649
9 100000009
9 777370950
9 825627589
9 100009
9 945185508
9 100009
9 776578519
9 775352593
9 1000009
9 702966038
9 752921862
9 650658669
9 724534459
9 160522269
9 100009
9 458218698
9 100009
9 435931065
9 640250879
9 148988223
9 415224479
9 640020957
9 488724589
9 100000009
9 100009
9 342181019
9 100009
9 943672297
9 219694435
9 279059503
9 296770178
9 100009
9 100000009
9 695424951
9 100009
9 100009
9 350182689
9 498735937
9 809661080
9 231343419
9 215632149
9 271172916
9 618179511
9 560795760
9 100009
9 100000009
9 857245339
9 10009
9 135268539
9 801910721
9 220395117
9 723182069
9 719409231
9 451799981
9 252950824
9 100000009
9 465876409
9 100000009
9 966940269
9 100000009
9 340656329
9 696114780
9 100000009
9 711681269
9 250411219
9 100009
9 531006159
9 572955946
9 233515829
9 400565719
9 328160894
9 100009
9 751813669
9 516019962
9 990282521
9 657352529
9 266237961
9 793523655
9 990946456
9 100009
9 944337211
9 752779756
9 100009
9 100009
9 1000009
9 389373914
9 752842889
9 949318390
9 872716789
9 127746319
9 100000009
9 348562759
9 100000009
9 100009
9 408405649
9 657284659
9 469208822
9 309655324
9 879110518
9 569350071
9 355327169
9 702141639
9 100000009
9 383939619
9 728322839
9 100009
9 100000009
9 643558389
9 100009
9 106656129
9 125993805
9 566601359
9 100009
9 454377779
9 100009
9 100009
9 328037119
9 100009
9 474425559
9 255110789
9 100009
9 455763679
9 765794078
9 100009
9 430519258
9 1000009
9 573286659
9 100000009
9 304484469
9 10009
9 692144093
9 432124319
9 244977812
9 646300169
9 100009
9 757829398
9 847981542
9 202973742
9 609481518
9 269788396
9 207349435
9 186899055
9 100000009
9 10009
9 913604710
9 100009
9 100009
9 100000009
9 978629890
9 505252849
9 100009
9 100000009
9 10009
9 975826321
9 196045921
9 100009
9 100000009
9 403248109
9 730708789
9 100000009
9 100000009
9 659524114
9 100009
9 298913037
9 267992300
9 100009
9 10009
9 1000009
9 100009
9 110307589
9 100009
9 100009
9 547900499
9 886088289
9 100000009
9 740962672
9 277110029
9 100009
9 176160269
9 706550259
9 830532689
9 436731179
9 695995079
9 479224652
9 971138185
9 593573884
9 10009
9 100009
9 100009
9 773422249
9 100000009
9 846695687
9 100000009
9 444427559
9 100009
9 100009
9 100009
9 100009
9 167795205
9 621849131
9 326617079
9 259977727
9 100000009
9 100009
9 501585609
9 100009
9 100009
9 118273079
9 621036983
9 503471639
9 364304119
9 100009
9 100009
9 100000009
9 100009
9 846972769
9 100000009
9 340180739
9 982080560
9 100009
9 917111803
9 818709288
9 696214835
9 10009
9 100000009
9 731088921
9 100009
9 100000009
9 750784269
9 103065599
9 100009
9 185316049
9 204600029
9 100009
9 100009
9 530244709
9 428573149
9 225542389
9 100009
9 653635792
9 100000009
9 691383365
9 100009
9 919779665
9 374344079
9 644996361
9 100009
9 918405657
9 100009
9 958303947
9 652982056
9 100009
9 913729088
9 100009
9 100000009
9 484329555
9 832221259
9 519305201
9 747254295
9 755358189
9 100009
9 100009
9 100009
9 100000009
9 100009
9 100009
9 892289649
9 100000009
9 100000009
9 10009
9 287349900
9 100009
9 608833896
9 284336549
9 678719640
9 895497750
9 100009
9 100009
9 100000009
9 10009
9 592055084
9 100000009
9 362075249
9 933771192
9 100009
9 100009
9 100009
9 504270059
9 350019560
9 100000009
9 150734409
9 100009
9 100009
9 910339532
9 409211161
9 988729980
9 100009
9 100009
9 100000009
9 642342539
9 100000009
9 500018439
9 100009
9 100009
9 100009
9 398029412
9 100000009
9 617769502
9 100009
9 513434349
9 100000009
9 100000009
9 376631090
9 686062191
9 557390585
9 726168096
9 630865669
9 100009
9 100000009
9 540788379
9 100009
9 100009
9 188312639
9 976299895
9 100009
9 100009
9 100009
9 10009
9 575117699
9 100009
9 944905127
9 785264279
9 100000009
9 126269161
9 100000009
9 739821771
9 726368239
9 163034798
9 421388759
9 100000009
9 537820920
9 922475913
9 598248862
9 410423549
9 671583709
9 100000009
9 100009
9 511131069
9 845878895
9 100000009
9 100009
9 100000009
9 323704779
9 480087895
9 501824958
9 701452194
9 10000009
9 929918825
9 100000009
9 413557059
9 417792225
9 454409119
9 401019985
9 979742265
9 375030829
9 455945359
9 909717941
9 100000009
9 100009
9 100000009
9 100009
9 598662927
9 100009
9 704180209
9 678378239
9 100009
9 114962350
9 100000009
9 550207659
9 932395997
9 305550649
9 100009
9 112609092
9 887379123
9 807758279
9 100009
9 100009
9 605877369
9 603829531
9 278305129
9 435196632
9 228939352
9 319273588
9 490068804
9 999758912
9 100009
9 100009
9 100000009
9 451137139
9 100009
9 881017593
9 309295448
9 100000009
9 139971170
9 732319937
9 832999891
9 458316169
9 729868536
9 100009
9 100000009
9 100009
9 766026931
9 514425968
9 282100349
9 408369615
9 508549806
9 420230689
9 100000009
9 761032629
9 122267589
9 517416159
9 899709712
9 307684929
9 538459045
9 100000009
9 930385906
9 100009
9 919531082
9 500858879
9 143201489
9 740172389
9 206985840
9 100000009
9 937846191
9 409251378
9 100009
9 100009
9 938970843
9 100000009
9 325405938
9 100000009
9 913704306
9 10009
9 398848958
9 100000009
9 100009
9 550527519
9 620609058
9 100009
9 934446148
9 100009
9 817272079
9 687315119
9 975818103
9 736376189
9 332123119
9 120153639
9 630622829
9 618221794
9 100000009
9 889813703
9 729256873
9 240919658
9 100009
9 572631069
9 152628619
9 100009
9 369017716
9 114788139
9 100009
9 911624113
9 691775857
9 100009
9 100009
9 378989066
9 100009
9 193877524
9 814611029
9 912376449
9 100009
9 182066695
9 100000009
9 358166496
9 393927562
9 100009
9 100009
9 737396544
9 811475709
9 295402941
9 100009
9 100000009
9 100009
9 10009
9 100009
9 116896395
9 580322619
9 577838739
9 499370949
9 628288839
9 100009
9 454662469
9 645937950
9 100009
9 100009
9 582977298
9 100000009
9 382449031
9 100009
9 100009
9 897115081
9 100009
9 100009
9 100009
9 978270273
9 142645819
9 371838559
9 100009
9 216064329
9 622053269
9 231626159
9 549480402
9 100000009
9 10009
9 117851309
9 10009
9 726179227
9 614874669
9 878400942
9 100000009
9 582212509
9 100009
9 622074849
9 100009
9 286108179
9 16859733
9 591164363
9 508390793
9 933522352
9 100009
9 100009
9 188203029
9 814930249
9 100000009
9 100009
9 100000009
9 210228893
9 100009
9 702067239
9 100009
9 315130049
9 75839120
9 820576970
9 100009
9 100000009
9 100009
9 100009
9 100009
9 980808733
9 854280719
9 500805339
9 595203344
9 104979082
9 565165944
9 248581069
9 211942722
9 566313908
9 589604679
9 100009
9 100009
9 360554119
9 100000009
9 675107917
9 100009
9 100009
9 968566658
9 442527479
9 100009
9 100009
9 454602829
9 100000009
9 325186498
9 452172549
9 760671759
9 100000009
9 100009
9 100000009
9 100009
9 100009
9 100009
9 100009
9 103094418
9 874544689
9 100009
9 349886469
9 515416559
9 434617559
9 232685889
9 762741294
9 100009
9 508207889
9 159250850
9 100009
9 982155268
9 489904934
9 335673639
9 560132319
9 916196804
9 326790109
9 817884639
9 100009
9 100009
9 100009
9 352339842
9 100009
9 212163149
9 217542109
9 100009
9 268155639
9 100009
9 100009
9 100009
9 100009
9 100009
9 696575254
9 209715132
9 100000009
9 100000009
9 100000009
9 66444079
9 532116197
9 836499993
9 100009
9 609047797
9 606708963
9 466786059
9 100009
9 199354521
9 100009
9 100009
9 604169501
9 606815889
9 984293686
9 938044510
9 397181402
9 642838449
9 409786717
9 100009
9 761590597
9 959814015
9 640301659
9 100000009
9 100000009
9 100009
9 100009
9 10009
9 100000009
9 815994147
9 551572319
9 549110016
9 469997762
9 407218829
9 100000009
9 746793506
9 169489286
9 426553983
9 100000009
9 240649400
9 870642977
9 100009
9 100000009
9 863216889
9 964896134
9 961105139
9 601783149
9 487023369
9 222094934
9 485593379
9 100009
9 212478359
9 900211166
9 816290262
9 434469718
9 880183439
9 100000009
9 765746719
9 1000009
9 100009
9 154540809
9 461991538
9 100009
9 605998310
9 132779020
9 857324889
9 100000009
9 159306921
9 722620059
9 228961287
9 806582195
9 681293282
9 100009
9 714852059
9 272582549
9 100000009
9 100009
9 591327220
9 100000009
9 124524269
9 119834588
9 375127689
9 100978453
9 462190770
9 444776594
9 957980119
9 178526589
9 433042009
9 786447489
9 100000009
9 100009
9 100009
9 381821319
9 445239158
9 514522329
9 100009
9 882785389
9 100000009
9 100000009
9 518116569
9 250863819
9 100000009
9 713797326
9 100009
9 100009
9 100009
9 429921285
9 10009
9 10009
9 100009
9 100009
9 415002694
9 641986581
9 100009
9 100000009
9 100009
9 969576215
9 100000009
9 325732889
9 912359058
9 866072790
9 818096075
9 100009
9 978010638
9 127158289
9 100009
9 224019621
9 806278379
9 594661300
9 906956865
9 577096508
9 523366149
9 100000009
9 100009
9 392032233
9 254776089
9 100009
9 412586961
9 100000009
9 251235289
9 888928100
9 486899197
9 914431508
9 100009
9 241674819
9 261035139
9 360824659
9 989330721
9 100009
9 100000009
9 100009
9 100009
9 102917281
9 269354688
9 291659955
9 232706079
9 100000009
9 628085369
9 100000009
9 707634069
9 100009
9 363734739
9 100009
9 100009
9 797865358
9 297255703
9 100009
9 881335269
9 305952922
9 578538889
9 669753664
9 100009
9 100009
9 599355475
9 100000009
9 736755489
9 735263919
9 261736419
9 462909552
9 369276351
9 160240993
9 100009
9 301752749
9 767645559
9 799240128
9 100009
9 100009
9 398655709
9 860593216
9 970581907
9 100000009
9 1000009
9 419401078
9 100009
9 541497560
9 100000009
9 932345975
9 100009
9 766755309
9 100009
9 402273709
9 419726133
9 631678569
9 10009
9 169698752
9 100009
9 100009
9 882210489
9 10009
9 100000009
9 896310789
9 369853308
9 100000009
9 307072209
9 100009
9 100000009
9 990641477
9 188530159
9 1000009
9 742750009
9 105922224
9 100000009
9 735067779
9 100009
9 100009
9 391919399
9 667299106
9 958422074
9 100009
9 100000009
9 100009
9 463034109
9 964570775
9 100009
9 100000009
9 100009
9 100009
9 100000009
9 100000009
9 903676650
9 10009
9 100009
9 120139949
9 100009
9 640795664
9 281584966
9 736275229
9 100000009
9 798787446
9 100009
9 100009
9 100009
9 100009
9 580028389
9 497947983
9 100009
9 100000009
9 611269253
9 485271039
9 100009
9 691790217
9 359789193
9 26732923
9 377354739
9 100000009
9 937068769
9 100009
9 764244559
9 238546229
9 825303739
9 542704894
9 178342719
9 100009
9 100009
9 680729370
9 100009
9 696626888
9 998353132
9 103830379
9 100009
9 100009
9 1000009
9 129778931
9 185559431
9 10009
9 587293231
9 632789137
9 835607439
9 100000009
9 218474429
9 100009
9 442915103
9 201060509
9 448683229
9 228778239
9 251726529
9 100000009
9 825478339
9 630186679
9 100009
9 100009
9 801329942
9 523715629
9 100009
9 100009
9 270169556
9 100000009
9 100000009
9 100009
9 100009
9 388624259
9 100009
9 100009
9 444531329
9 736343920
9 100009
9 100009
9 100009
9 205463759
9 192751998
9 513282029
9 879719705
9 345422429
9 633113694
9 234485409
9 100000009
9 100009
9 598931597
9 100009
9 100009
9 100009
9 515429612
9 100000009
9 799173833
9 461960202
9 915663147
9 100000009
9 100009
9 861740179
9 163548659
9 277476559
9 499872770
9 702497339
9 616005849
9 100009
9 100009
9 100000009
9 444918538
9 100009
9 148281829
9 954304653
9 100009
9 921605683
9 100009
9 992950323
9 887142049
9 10009
9 100009
9 292376479
9 180047669
9 100000009
9 631253589
9 100000009
9 727117449
9 450573739
9 100000009
9 944367705
9 100009
9 644372649
9 978460281
9 622773329
9 413155259
9 595532201
9 472494092
9 367229198
9 100009
9 628872219
9 554174993
9 100009
9 100009
9 788382809
9 300093351
9 510869568
9 100009
9 100000009
9 904546677
9 100009
9 368189610
9 100000009
9 665317859
9 100000009
9 303794996
9 423339535
9 297530040
9 100009
9 100009
9 209543541
9 100009
9 990177779
9 10009
9 1000009
9 704341249
9 396883153
9 100009
9 607550019
9 100009
9 928953875
9 678748789
9 100000009
9 541888529
9 799167150
9 209211768
9 460581319
9 10009
9 265291031
9 401083479
9 289507281
9 126070994
9 912081930
9 522091928
9 465791215
9 296773832
9 661198551
9 332399126
9 726680896
9 524753496
9 513217179
9 939382046
9 100000009
9 100009
9 100009
9 100009
9 488264089
9 739540965
9 669336400
9 100009
9 311637389
9 100009
9 160691637
9 539260993
9 718438739
9 100000009
9 100009
9 207148429
9 253961068
9 100009
9 100009
9 647008769
9 488094579
9 100000009
9 10009
9 651618379
9 336850913
9 100000009
9 244796912
9 100009
9 10009
9 177704190
9 100009
9 100000009
9 176252890
9 914988188
9 910303209
9 100009
9 100000009
9 919791471
9 794651670
9 312869529
9 100009
9 100000009
9 815874489
9 356588149
9 874229109
9 100009
9 100009
9 559149654
9 405507839
9 100000009
9 202893420
9 480367349
9 100009
9 100000009
9 888847559
9 226962857
9 866828169
9 918430769
9 100000009
9 258736319
9 100009
9 100009
9 110113259
9 100009
9 100009
9 100000009
9 100000009
9 100009
9 545664092
9 649070724
9 100009
9 154698041
9 100009
9 497014423
9 276739788
9 100009
9 354503519
9 997069798
9 434015649
9 100009
9 211501169
9 100009
9 100000009
9 100009
9 100009
9 124514459
9 1009
9 927292363
9 767773039
9 100009
9 100000009
9 100009
9 341359907
9 100009
9 100009
9 100009
9 344802859
9 339042720
9 100009
9 100000009
9 458502819
9 377008439
9 301616519
9 427605079
9 514320179
9 153205349
9 281508239
9 204089121
9 100000009
9 100000009
9 862448489
9 778227953
9 886071309
9 181785549
9 491099539
9 786649906
9 498422757
9 659996109
9 100009
9 738433739
9 100009
9 100000009
9 499742507
9 422489705
9 345321798
9 373305429
9 100009
9 508383649
9 247123593
9 171615409
9 100009
9 100009
9 100009
9 100009
9 100009
9 689324321
9 100009
9 785269448
9 100009
9 100009
9 842139656
9 10009
9 100009
9 100000009
9 240525529
9 957402073
9 730989367
9 204224249
9 213529980
9 100009
9 179835228
9 316083569
9 108975810
9 267548259
9 355258309
9 472652539
9 100000009
9 100009
9 944001910
9 100009
9 538883529
9 610899003
9 282348789
9 230918838
9 658302639
9 100009
9 100009
9 819236605
9 100000009
9 100009
9 100000009
9 100000009
9 932568945
9 509418523
9 100009
9 100009
9 100000009
9 100000009
9 687373449
9 743601397
9 149498962
9 415862479
9 100000009
9 156957924
9 821044319
9 100000009
9 406258839
9 615476409
9 584252529
9 368742519
9 803797657
9 218640229
9 100000009
9 100009
9 895949079
9 977941590
9 100009
9 374558189
9 100009
9 100009
9 408771479
9 221396304
9 199959601
9 245285519
9 100000009
9 456508819
9 896810832
9 181667920
9 319818159
9 100009
9 628897200
9 462387169
9 552374449
9 897674345
9 626528289
9 989680857
9 100009
9 555312329
9 100009
9 221153294
9 664072609
9 902651689
9 748672309
9 897242961
9 100009
9 266140639
9 946570488
9 499522039
9 100009
9 100000009
9 100009
9 100009
9 175372973
9 827806659
9 641563495
9 498689409
9 283962888
9 100009
9 742639817
9 100009
9 993146421
9 526636569
9 100009
9 100000009
9 670324009
9 424125829
9 10009
9 485077289
9 346246889
9 100009
9 1000009
9 100009
9 100009
9 46675349
9 554586269
9 673502292
9 100009
9 448558496
9 102943434
9 944134687
9 120288109
9 100000009
9 919263480
9 100009
9 100009
9 856699637
9 987917630
9 305913650
9 990881450
9 100009
9 10009
9 100000009
9 298858318
9 100009
9 858224957
9 100009
9 180542489
9 100009
9 100009
9 928455453
9 459925212
9 100009
9 417784159
9 100009
9 776933617
9 100000009
9 100009
9 100009
9 100009
9 749299092
9 555471839
9 529180810
9 100000009
9 100009
9 410481289
9 100000009
9 844768679
9 100000009
9 172664859
9 232364496
9 259698561
9 180018259
9 996864262
9 224551419
9 971248452
9 551973204
9 835983149
9 563687589
9 100000009
9 100000009
9 523086829
9 973289892
9 280124459
9 100000009
9 558012219
9 100009
9 781811749
9 10009
9 302422397
9 807293019
9 100009
9 100009
9 813501539
9 100009
9 100009
9 351962053
9 880922437
9 10009
9 100009
9 100009
9 461561229
9 100009
9 258490031
9 100009
9 100000009
9 985388503
9 994327049
9 554380089
9 100009
9 728540669
9 100009
9 100009
9 396969919
9 801879003
9 100009
9 599320216
9 10009
9 593115929
9 100009
9 100000009
9 670748229
9 733864579
9 136892907
9 291976754
9 100009
9 100009
9 658562900
9 340778992
9 392918494
9 399097550
9 100009
9 100000009
9 100009
9 100009
9 100009
9 672344592
9 630257790
9 554223259
9 100009
9 10009
9 169813652
9 538274189
9 100009
9 100000009
9 100000009
9 541551069
9 214641119
9 928812620
9 100009
9 100009
9 958982609
9 186751889
9 829962403
9 259689966
9 634669806
9 893309936
9 100000009
9 319387140
9 493782149
9 945753148
9 242433539
9 571233159
9 100009
9 673302679
9 913094602
9 665591423
9 149456374
9 465229234
9 375720359
9 100009
9 100009
9 100009
9 100000009
9 860130069
9 100009
9 100009
9 100009
9 100000009
9 920966533
9 100009
9 1000009
9 100000009
9 356189844
9 219760457
9 100000009
9 862801839
9 635070719
9 100009
9 100000009
9 100009
9 383461779
9 100000009
9 641649179
9 100000009
9 100009
9 100009
9 623332659
9 626108976
9 663682889
9 100000009
9 194794689
9 481749868
9 100009
9 709623641
9 100000009
9 457791797
9 363614709
9 100009
9 100000009
9 462588909
9 325660709
9 347593367
9 376906142
9 410137809
9 523918592
9 100009
9 421272169
9 100009
9 100009
9 100009
9 494807258
9 100009
9 100009
9 100009
9 10009
9 100009
9 100009
9 916436283
9 100009
9 441064379
9 100009
9 100009
9 432444729
9 733880159
9 100009
9 419823974
9 782779914
9 100009
9 100000009
9 100009
9 321242449
9 100009
9 245457829
9 358993014
9 702649549
9 100000009
9 386193625
9 100009
9 241062379
9 100000009
9 100009
9 840546159
9 100009
9 856006529
9 100000009
9 848541999
9 577751249
9 100000009
9 429073848
9 100009
9 428017999
9 336138169
9 598021904
9 100000009
9 343178897
9 100009
9 1009
9 100009
9 578847796
9 100009
9 630208379
9 100009
9 887550689
9 350815669
9 667714829
9 828687049
9 100009
9 100000009
9 100000009
9 594514958
9 698255068
9 548344029
9 285136109
9 497600975
9 777728169
9 110818629
9 708349289
9 145843169
9 341173429
9 100000009
9 100000009
9 326592046
9 10009
9 184277890
9 100009
9 911641468
9 1009
9 100009
9 740926746
9 100000009
9 100009
9 116735419
9 194328030
9 494791625
9 10009
9 100009
9 100009
9 386117339
9 100009
9 189594817
9 627216079
9 147544193
9 810948652
9 489167220
9 626319371
9 10009
9 312577809
9 100009
9 987295744
9 100000009
9 193602995
9 100000009
9 100000009
9 100000009
9 100000009
9 648012779
9 100009
9 100009
9 10009
9 345815902
9 147876049
9 929060392
9 100009
9 365857119
9 100000009
9 100000009
9 104401359
9 100009
9 100009
9 536492444
9 100000009
9 100000009
9 509010494
9 484076889
9 100009
9 292516253
9 713469539
9 688311769
9 697831147
9 100009
9 100009
9 253488639
9 100009
9 100000009
9 629990038
9 10009
9 341200579
9 522583419
9 100000009
9 365107049
9 100009
9 726117889
9 507793242
9 870166289
9 100009
9 100009
9 505810769
9 296920756
9 100000009
9 100009
9 100000009
9 193330523
9 698793333
9 198096117
9 615314469
9 221767619
9 100000009
9 874669050
9 938431909
9 100000009
9 452420469
9 683290972
9 790451059
9 364050904
9 100009
9 520335639
9 100009
9 100000009
9 341681619
9 753341993
9 235545889
9 679702242
9 100009
9 963773214
9 454769423
9 100009
9 100000009
9 238435969
9 641799640
9 100009
9 10009
9 100000009
9 100000009
9 291574736
9 159178705
9 779639273
9 100000009
9 891210650
9 100000009
9 1009
9 1000009
9 293033154
9 429540633
9 100009
9 720685359
9 100000009
9 100009
9 578891328
9 100009
9 364844079
9 214893789
9 100009
9 841173419
9 422468189
9 100000009
9 976824141
9 396776722
9 311836339
9 399645375
9 634959703
9 961664959
9 100000009
9 100009
9 263389062
9 100009
9 609754963
9 904940729
9 100009
9 137801419
9 702368229
9 100009
9 100009
9 209177127
9 643451479
9 170614229
9 100009
9 100009
9 100009
9 100009
9 100000009
9 103365769
9 100000009
9 718211059
9 100009
9 166201596
9 781485679
9 100009
9 100009
9 100009
9 704988041
9 100009
9 985467486
9 895448188
9 568585759
9 100009
9 100000009
9 802217943
9 100000009
9 10009
9 203541829
9 790339723
9 13658639
9 845502907
9 786149934
9 426233179
9 116052930
9 170856892
9 100009
9 100000009
9 877693983
9 100009
9 496670795
9 851513950
9 158813389
9 100000009
9 366270907
9 100000009
9 100009
9 113543309
9 186731419
9 100009
9 518395085
9 346767489
9 571477619
9 695642136
9 10000009
9 100009
9 806949042
9 10009
9 922409523
9 430236319
9 722129046
9 100000009
9 100000009
9 100009
9 854276596
9 692577496
9 385320019
9 100009
9 100000009
9 100009
9 565055169
9 100000009
9 619844445
9 788992678
9 100009
9 10009
9 653595324
9 404169509
9 100000009
9 607782139
9 958119737
9 100009
9 100009
9 100009
9 978447596
9 972610635
9 10009
9 336526979
9 100009
9 393753583
9 184032591
9 683993595
9 100009
9 714279780
9 100000009
9 555535859
9 100009
9 246574039
9 983348608
9 957773218
9 689446919
9 100009
9 794761686
9 837622169
9 10009
9 100009
9 100000009
9 853932819
9 411517933
9 218281869
9 100000009
9 316557089
9 557782109
9 100009
9 933071062
9 117169276
9 772766339
9 100009
9 837951702
9 100000009
9 619284106
9 829581236
9 310779857
9 10009
9 100009
9 506407439
9 100009
9 937933555
9 863250795
9 309686569
9 201457119
9 277503937
9 100009
9 770006739
9 100000009
9 524789256
9 829420479
9 100009
9 611498974
9 100009
9 781242539
9 100009
9 845659578
9 100009
9 100009
9 238747259
9 912138460
9 100009
9 233592654
9 686261179
9 100000009
9 100009
9 860539413
9 100009
9 100000009
9 124369154
9 675656209
9 100009
9 526773889
9 415692439
9 930887949
9 100009
9 100009
9 100009
9 770212953
9 100009
9 771758997
9 265320139
9 157296248
9 100009
9 926098358
9 213939959
9 100009
9 585021739
9 100009
9 100009
9 10009
9 990091134
9 115326859
9 834612269
9 237369010
9 10000009
9 100009
9 100009
9 424404489
9 878022469
9 100009
9 437770449
9 396698917
9 980684149
9 100000009
9 100000009
9 100009
9 388206229
9 1009
9 100009
9 480167049
9 255602339
9 797590304
9 100009
9 100009
9 857845769
9 100009
9 100000009
9 100009
