9 109
9 90
9 999999990
9 100000009
9 123456789
9 870702759
9 672522689
9 100000009
9 906034864
9 323662709
9 706985772
9 100000009
9 100009
9 100009
9 460969517
9 740736590
9 428760019
9 100000009
9 534072269
9 1000009
9 259451371
9 100009
9 650976842
9 100009
9 827049091
9 567461469
9 100009
9 921464559
9 100009
9 445253689
9 100000009
9 100000009
9 660294861
9 100009
9 100009
9 100000009
9 616197469
9 10009
9 321256339
9 30275889
9 875021369
9 100009
9 696357408
9 787848769
9 1009
9 100009
9 460706629
9 100000009
9 100009
9 150201549
9 186788619
9 100000009
9 100009
9 970634274
9 874793613
9 100009
9 100009
9 100009
9 100009
9 133842469
9 274621609
9 949137255
9 496283882
9 808730019
9 164507059
9 1009
9 222431429
9 880536759
9 812338529
9 223682229
9 100009
9 100009
9 134551291
9 100009
9 853434559
9 246738559
9 361164769
9 100000009
9 100009
9 150701549
9 855087902
9 755033696
9 100000009
9 100009
9 771437259
9 100009
9 975757163
9 134685009
9 302108629
9 100009
9 905731219
9 833217859
9 442969359
9 751037169
9 122562029
9 647171922
9 100009
9 699038847
9 100009
9 100009
9 554107439
9 524281089
9 100000009
9 613420039
9 849596034
9 100000009
9 100009
9 857249172
9 100000009
9 207828259
9 100009
9 100009
9 401119618
9 506732159
9 10009
9 579730995
9 100000009
9 100000009
9 100000009
9 100009
9 100009
9 402705539
9 924171314
9 407406379
9 500350349
9 100000009
9 100000009
9 100009
9 438139845
9 798999748
9 100009
9 100009
9 271076190
9 552529460
9 100009
9 100009
9 100000009
9 860566419
9 932630681
9 100009
9 517321719
9 216102695
9 906653071
9 723330829
9 957186962
9 141134249
9 100009
9 222858789
9 569368960
9 100000009
9 100009
9 100009
9 100009
9 100009
9 666111195
9 328630799
9 809785176
9 100009
9 856840479
9 472424459
9 707829412
9 1000009
9 100000009
9 298157643
9 10009
9 100009
9 217488429
9 649602837
9 10009
9 561139136
9 781604809
9 640771479
9 362990000
9 621272709
9 474946809
9 100009
9 686180149
9 854685739
9 488377719
9 419266873
9 557629336
9 555500649
9 607212289
9 626857709
9 644714549
9 728425569
9 296089310
9 100009
9 100009
9 100000009
9 100000009
9 256650439
9 700905400
9 172464779
9 240785689
9 100009
9 904190762
9 518298048
9 819719265
9 100009
9 107965902
9 100009
9 204292754
9 1000009
9 681642519
9 309948215
9 522241609
9 100009
9 100009
9 360581569
9 480599233
9 863445209
9 916010115
9 570435559
9 856231849
9 100009
9 100009
9 100000009
9 100009
9 700330679
9 100000009
9 914798162
9 803124369
9 100000009
9 556640079
9 349698805
9 600991567
9 320874390
9 135469316
9 100009
9 100000009
9 868401879
9 655251942
9 354622309
9 10009
9 100000009
9 176150589
9 703776259
9 100009
9 100009
9 476016249
9 279876140
9 964158199
9 100000009
9 130933581
9 100000009
9 100000009
9 100009
9 934665137
9 100009
9 544660392
9 100000009
9 100000009
9 10009
9 100000009
9 375834119
9 618129562
9 558720749
9 919522586
9 776456349
9 569476307
9 100009
9 10009
9 939314414
9 576994501
9 100009
9 100009
9 100009
9 393144758
9 100000009
9 100009
9 10009
9 100000009
9 100000009
9 780547209
9 100009
9 894333327
9 100000009
9 100009
9 100000009
9 988204393
9 990350874
9 269167390
9 856987132
9 100000009
9 393231943
9 437317759
9 474605149
9 305789371
9 960669254
9 100009
9 100009
9 343025950
9 100009
9 100009
9 100009
9 468646719
9 100000009
9 613600059
9 260380659
9 514817595
9 100009
9 100000009
9 695230292
9 161268977
9 775376409
9 100000009
9 100000009
9 626383829
9 100009
9 318498133
9 100009
9 229751636
9 551200975
9 775070429
9 214378579
9 828713958
9 100009
9 620161669
9 310802709
9 100009
9 627671829
9 853783289
9 100009
9 100000009
9 360653619
9 687783369
9 845041797
9 516469884
9 100000009
9 100009
9 100009
9 169695980
9 865081379
9 146508829
9 100009
9 660389462
9 369722600
9 439560042
9 169309730
9 100009
9 100009
9 569859181
9 332591102
9 100009
9 972264764
9 853728936
9 10009
9 249533325
9 100009
9 519267640
9 302460950
9 100009
9 100000009
9 810966018
9 100000009
9 100009
9 389367192
9 100009
9 823733709
9 100000009
9 372437996
9 100009
9 988449401
9 840677839
9 100009
9 257700029
9 100000009
9 100009
9 100000009
9 996506165
9 100009
9 823138719
9 100009
9 349199055
9 100000009
9 216510914
9 100009
9 160282129
9 100009
9 100009
9 428910241
9 278983054
9 100009
9 242551359
9 100009
9 887263219
9 100009
9 400336769
9 100457149
9 697831501
9 933877253
9 218142769
9 1000009
9 125168649
9 722497429
9 762051429
9 368924643
9 100009
9 265176491
9 467926482
9 818704169
9 100009
9 781384769
9 100009
9 100009
9 102927733
9 11495447
9 100009
9 283505389
9 327854839
9 124272649
9 797475814
9 732111569
9 100000009
9 910810887
9 202453409
9 427470889
9 450442139
9 100009
9 100000009
9 484809734
9 689707301
9 263566069
9 100009
9 100000009
9 376125689
9 872668369
9 923557082
9 376539443
9 532899427
9 650039781
9 100000009
9 945811935
9 778684459
9 912947437
9 275562369
9 459445569
9 100009
9 100009
9 721843689
9 455444609
9 100000009
9 871105419
9 100009
9 624658695
9 153166409
9 100000009
9 100000009
9 616234496
9 100009
9 100009
9 337291505
9 976000350
9 908311564
9 100009
9 510711079
9 100009
9 100009
9 874113369
9 100009
9 172922587
9 100009
9 100000009
9 717113339
9 257903497
9 100000009
9 100009
9 100009
9 100000009
9 502365394
9 239457095
9 514676389
9 100009
9 100000009
9 811752269
9 877724931
9 780304109
9 179424806
9 252684039
9 627157819
9 495371688
9 359068761
9 837975035
9 100000009
9 100009
9 100000009
9 875630359
9 100000009
9 597284787
9 200157709
9 662343914
9 206530679
9 100009
9 157719062
9 100000009
9 100009
9 100009
9 736773609
9 100000009
9 529661471
9 632911310
9 1000009
9 585135379
9 948595354
9 609920121
9 100000009
9 100009
9 125297850
9 348014297
9 146205489
9 100000009
9 100009
9 100000009
9 978668225
9 100009
9 10009
9 399363967
9 100009
9 961965128
9 100009
9 100009
9 228703698
9 100009
9 230447019
9 100009
9 706169396
9 100000009
9 866114369
9 100009
9 100009
9 234888309
9 690760032
9 101097348
9 100009
9 595061218
9 100009
9 508541920
9 100000009
9 794876884
9 483239189
9 726741149
9 751000449
9 807424239
9 100009
9 100009
9 706306859
9 100000009
9 909780932
9 524069466
9 827431409
9 448628948
9 221408109
9 606694535
9 100009
9 292938392
9 478783059
9 790384435
9 622837769
9 100009
9 815724911
9 100009
9 969061426
9 555018889
9 380222792
9 391542296
9 116581329
9 100000009
9 100009
9 100000009
9 830175439
9 352335963
9 100009
9 875007619
9 100009
9 405424209
9 895130103
9 700573009
9 100000009
9 100000009
9 174341869
9 672397374
9 60978440
9 784205759
9 100009
9 575447970
9 100000009
9 619841320
9 100009
9 100009
9 1000009
9 100009
9 100000009
9 100009
9 100009
9 767551579
9 749315643
9 472108329
9 104571309
9 321754964
9 100009
9 842937408
9 191871125
9 969333995
9 822201972
9 100009
9 100009
9 100000009
9 10009
9 269925908
9 528858059
9 100000009
9 593887169
9 686662679
9 147429257
9 292757573
9 100000009
9 100000009
9 563222019
9 100009
9 496416253
9 330634189
9 100009
9 252911610
9 822207969
9 178924878
9 100000009
9 614511498
9 100009
9 375558489
9 100000009
9 100000009
9 841258869
9 100009
9 518894484
9 100009
9 617082149
9 666501879
9 767744179
9 924335412
9 689343074
9 100000009
9 100009
9 917404025
9 972148206
9 100009
9 100000009
9 294483193
9 446563709
9 100009
9 243196057
9 337035579
9 100000009
9 100009
9 425241693
9 100009
9 464925156
9 924975718
9 100009
9 560363409
9 100009
9 734205945
9 145712229
9 944979970
9 618719779
9 213337649
9 100009
9 100000009
9 890444454
9 100009
9 590940910
9 100000009
9 646953682
9 100000009
9 100009
9 10009
9 100009
9 790009311
9 780961737
9 100000009
9 100009
9 290725887
9 100009
9 628047289
9 10009
9 727774439
9 259160281
9 515958414
9 938806582
9 100000009
9 10009
9 538046592
9 758378539
9 100000009
9 927575868
9 762617179
9 405030619
9 100009
9 100009
9 671170349
9 299526616
9 741833189
9 330150499
9 754371492
9 894159860
9 100000009
9 100009
9 493656245
9 966708128
9 10009
9 10009
9 388894964
9 100009
9 756840439
9 249886351
9 100000009
9 263285395
9 679950760
9 201408609
9 100009
9 854450319
9 346236779
9 456704839
9 461904821
9 10009
9 125621679
9 664024529
9 100009
9 100000009
9 100009
9 808950930
9 769086355
9 100000009
9 162701549
9 100009
9 546849896
9 100009
9 100000009
9 796240000
9 100009
9 577805479
9 764256579
9 100009
9 100009
9 672480049
9 533291976
9 100000009
9 938810345
9 100009
9 100009
9 100009
9 100000009
9 154467059
9 100009
9 100009
9 100009
9 100009
9 955378935
9 100009
9 852049627
9 738014069
9 100000009
9 100009
9 100009
9 207569613
9 572079568
9 338221029
9 819161169
9 752083953
9 881718958
9 114314549
9 100009
9 100009
9 100000009
9 622088459
9 464841739
9 100009
9 100009
9 100009
9 100009
9 607591433
9 100009
9 713033699
9 979929732
9 100009
9 100009
9 100009
9 602039087
9 561921986
9 100009
9 542124749
9 100000009
9 601235659
9 357009657
9 499828712
9 100009
9 100009
9 10009
9 100000009
9 100009
9 100009
9 100000009
9 748721779
9 100000009
9 689597663
9 100000009
9 646686569
9 670085759
9 391836869
9 778753139
9 661212912
9 100009
9 293115758
9 100009
9 944823591
9 100009
9 913488593
9 100009
9 635964729
9 100000009
9 939996506
9 837376309
9 10009
9 133913555
9 100009
9 888854933
9 100000009
9 626145389
9 10009
9 100000009
9 248347549
9 380822609
9 100009
9 416845289
9 100000009
9 100009
9 392501265
9 100000009
9 941866675
9 591664751
9 382855329
9 100000009
9 210038559
9 176203869
9 721682409
9 562201139
9 537899367
9 100000009
9 965256485
9 100009
9 100009
9 606787539
9 100009
9 467625289
9 710382389
9 503856469
9 106528292
9 599701455
9 889628076
9 540507509
9 100009
9 734532696
9 100009
9 728116729
9 100000009
9 358106449
9 100000009
9 821216319
9 100009
9 100009
9 812528649
9 100009
9 110303089
9 988511589
9 100009
9 842175495
9 314169462
9 403410974
9 100009
9 148994897
9 100009
9 782057349
9 920640503
9 861162709
9 100009
9 100000009
9 100000009
9 100009
9 100000009
9 100009
9 402014902
9 100009
9 405436937
9 975575267
9 100009
9 10009
9 365878619
9 100009
9 100009
9 664211903
9 100009
9 902782082
9 100000009
9 100009
9 100000009
9 886215229
9 100009
9 100000009
9 100000009
9 100009
9 314311229
9 1000009
9 100009
9 473175789
9 133654960
9 1000009
9 100009
9 100000009
9 251044159
9 17122619
9 100000009
9 100000009
9 595644357
9 610350779
9 100000009
9 100000009
9 375297967
9 200844649
9 750944878
9 10009
9 449804406
9 100009
9 723571892
9 253984680
9 769430254
9 100000009
9 704164769
9 491468945
9 100009
9 219341150
9 100009
9 100009
9 100009
9 729661793
9 100009
9 819733094
9 100009
9 100009
9 689917821
9 533766089
9 100000009
9 589479075
9 100009
9 100000009
9 188712190
9 656441249
9 100009
9 348299044
9 224024319
9 100000009
9 100009
9 808842059
9 100009
9 100009
9 763839999
9 667804769
9 622225394
9 771404189
9 995148268
9 100000009
9 100009
9 507120429
9 284058669
9 912300362
9 194889520
9 192485045
9 282192971
9 415120932
9 933678137
9 100009
9 944520140
9 701034749
9 291374531
9 100009
9 389358238
9 449095165
9 810661719
9 986203985
9 299490851
9 767461129
9 940393932
9 878864439
9 563751192
9 100009
9 478753249
9 458137139
9 620068379
9 100009
9 710329316
9 673680779
9 841952208
9 100009
9 249809335
9 137191374
9 340947389
9 100009
9 100009
9 536580968
9 100009
9 896099077
9 242955435
9 100000009
9 376447195
9 100009
9 10009
9 100000009
9 787063209
9 100009
9 100000009
9 410567097
9 697325946
9 100009
9 788451269
9 781049737
9 565569150
9 924104035
9 812219804
9 977232159
9 100009
9 430810079
9 100009
9 167033709
9 992911522
9 100009
9 533087396
9 10009
9 100009
9 682342197
9 100000009
9 111373398
9 100000009
9 10009
9 601958354
9 198004485
9 100009
9 100000009
9 439889929
9 693431546
9 100009
9 100009
9 100009
9 563217509
9 100009
9 940388196
9 100009
9 100000009
9 271503549
9 100000009
9 618759162
9 591251769
9 468324119
9 100000009
9 251244895
9 621688239
9 688923284
9 100000009
9 689149401
9 100009
9 965719106
9 549302317
9 350447879
9 100009
9 100000009
9 100000009
9 235881749
9 100000009
9 100009
9 100009
9 100000009
9 526806029
9 499269838
9 199501274
9 100000009
9 100009
9 100009
9 467844079
9 10009
9 100000009
9 477591120
9 164763389
9 100009
9 100009
9 614503970
9 710710931
9 100009
9 100000009
9 100009
9 308994859
9 238642916
9 234411859
9 418821339
9 821911787
9 100000009
9 264687249
9 399762698
9 854554649
9 176151139
9 100009
9 296716098
9 131619237
9 355883469
9 379550489
9 367558809
9 513376409
9 182059963
9 100000009
9 100009
9 410735249
9 989036413
9 100009
9 400191235
9 100009
9 945796893
9 100000009
9 245117009
9 701791654
9 269789753
9 725196467
9 969099926
9 100009
9 536418793
9 100009
9 100009
9 642857519
9 535636940
9 687897861
9 100000009
9 247480579
9 972267935
9 605648079
9 100009
9 912008031
9 100009
9 100009
9 10009
9 100009
9 539815785
9 115624589
9 325354689
9 476680931
9 100009
9 100009
9 100009
9 725628986
9 987018254
9 771518259
9 382658119
9 569779295
9 100009
9 100009
9 340495276
9 699869014
9 100009
9 100009
9 255048069
9 392041192
9 100000009
9 100009
9 804451649
9 192246151
9 694744786
9 100009
9 771073899
9 931990102
9 158283729
9 100009
9 710563319
9 100000009
9 100000009
9 100009
9 689992410
9 946173177
9 414132459
9 100009
9 100009
9 177659543
9 100009
9 425566930
9 212526965
9 978690147
9 100009
9 100009
9 100000009
9 10009
9 152687779
9 100009
9 100009
9 100000009
9 861622809
9 100009
9 205242759
9 115886359
9 245950625
9 456445039
9 100000009
9 457162439
9 100009
9 1000009
9 100000009
9 381802931
9 674376659
9 397939494
9 289711519
9 990819115
9 790983928
9 144834229
9 251466049
9 732664209
9 100000009
9 100009
9 100009
9 296770370
9 450535779
9 100009
9 176783973
9 100000009
9 197938122
9 100009
9 899450379
9 626171029
9 842982751
9 100009
9 137185589
9 100009
9 100000009
9 111885579
9 100009
9 100000009
9 100000009
9 1009
9 869167830
9 280114469
9 747077519
9 325585389
9 148618169
9 100000009
9 254106198
9 100009
9 793499801
9 491745582
9 927084834
9 100009
9 589857872
9 176981867
9 100009
9 370778349
9 616099444
9 130189295
9 763772039
9 524504679
9 677894623
9 857488129
9 629578785
9 120952147
9 100009
9 822914217
9 100009
9 100009
9 666873289
9 1000009
9 291231704
9 773545609
9 679979785
9 614771119
9 717581219
9 861167920
9 151603809
9 10009
9 450908782
9 384786559
9 122796921
9 411082219
9 100009
9 100009
9 365724779
9 380324189
9 856694139
9 992887144
9 100009
9 454340859
9 535368519
9 100009
9 589238785
9 100009
9 275423689
9 100009
9 876555219
9 100000009
9 656805739
9 443855749
9 100009
9 292948225
9 204473429
9 759707568
9 231837559
9 633185459
9 324266049
9 100009
9 459904600
9 167278159
9 429287567
9 10009
9 100000009
9 366823921
9 100009
9 100009
9 100009
9 834599608
9 349676343
9 100009
9 248564269
9 384760609
9 100009
9 744198271
9 347139959
9 100009
9 100009
9 827520129
9 313723839
9 556643098
9 975118054
9 677894790
9 100000009
9 624980173
9 100009
9 400056359
9 100009
9 593866539
9 100009
9 100009
9 558435390
9 100000009
9 207554039
9 100009
9 194524620
9 100009
9 251448759
9 521722319
9 668816479
9 100009
9 100009
9 100000009
9 627114859
9 692337291
9 113328169
9 100000009
9 100009
9 100009
9 814179126
9 100000009
9 194313279
9 842397373
9 457059160
9 100009
9 100009
9 451811189
9 977313273
9 100009
9 100000009
9 10009
9 990647745
9 154228619
9 823545309
9 935326252
9 693676817
9 100009
9 985112787
9 872595271
9 326772079
9 100009
9 100009
9 10009
9 271802091
9 428994416
9 812854093
9 153847459
9 100000009
9 100000009
9 504274910
9 100009
9 265127089
9 281111729
9 100009
9 605280849
9 312062159
9 10009
9 106245449
9 100000009
9 100000009
9 591935481
9 843301519
9 122414589
9 100009
9 100009
9 100009
9 207251049
9 929214683
9 884931623
9 100000009
9 183524695
9 930730595
9 100009
9 100000009
9 926967895
9 499000849
9 526426639
9 283164179
9 100000009
9 887548119
9 10009
9 264338769
9 974031731
9 922701890
9 609942908
9 941964396
9 221076259
9 1009
9 100009
9 457634559
9 897515443
9 590406921
9 385971694
9 169972708
9 100009
9 129347090
9 950261136
9 393917943
9 100000009
9 959385468
9 588501349
9 592654617
9 116485926
9 100000009
9 100009
9 100000009
9 100009
9 958660827
9 100000009
9 100009
9 321618429
9 100009
9 491248834
9 100000009
9 100009
9 100000009
9 718802119
9 100009
9 339754248
9 432595156
9 100009
9 752039470
9 100009
9 289633778
9 643635769
9 100009
9 749807476
9 100009
9 100009
9 134844419
9 100009
9 100000009
9 944503385
9 544302689
9 159169021
9 649617882
9 104201269
9 299403427
9 100000009
9 100009
9 100000009
9 370411009
9 100009
9 100000009
9 971827497
9 715108829
9 818319427
9 242780049
9 818341109
9 100009
9 795399996
9 100009
9 100009
9 534168449
9 100009
9 485854129
9 457602994
9 207792199
9 100000009
9 100000009
9 100009
9 100000009
9 100000009
9 100009
9 924159939
9 367598103
9 100000009
9 100009
9 699620807
9 100009
9 100000009
9 100000009
9 215479844
9 578990525
9 445304529
9 798432501
9 100009
9 100009
9 100000009
9 10009
9 100009
9 747599488
9 100000009
9 100009
9 117920408
9 523927599
9 769580502
9 960695061
9 100009
9 194838459
9 100000009
9 799497660
9 100000009
9 245326049
9 100009
9 475026259
9 216322966
9 852999402
9 952997790
9 217739919
9 862492666
9 231623179
9 100009
9 632951542
9 100009
9 100009
9 662470689
9 100009
9 920334473
9 450078349
9 607438229
9 218780829
9 100009
9 508236689
9 865249916
9 10009
9 279209863
9 100000009
9 242795825
9 100009
9 100009
9 100009
9 132662719
9 100009
9 574339646
9 100000009
9 100009
9 435143369
9 100009
9 100009
9 100000009
9 631577549
9 100000009
9 390224583
9 471412696
9 131597226
9 799459591
9 100009
9 113997184
9 454903013
9 100009
9 100000009
9 100000009
9 100009
9 855344639
9 758547789
9 100009
9 100009
9 448379728
9 364642992
9 794449849
9 851055229
9 875051349
9 334630089
9 843726597
9 100009
9 100009
9 623280985
9 617467953
9 100009
9 100000009
9 282831709
9 100000009
9 245410049
9 673027629
9 100000009
9 291836807
9 740283695
9 100000009
9 234111639
9 869209140
9 100000009
9 629451989
9 518263409
9 100009
9 100009
9 369544319
9 260431609
9 100009
9 100009
9 123815935
9 783539282
9 359928959
9 432800749
9 100009
9 100009
9 698126104
9 548197172
9 100009
9 446527869
9 540705729
9 379156438
9 991752176
9 898080503
9 892898996
9 715292587
9 10009
9 100000009
9 696770798
9 742121879
9 100000009
9 688843369
9 100009
9 100000009
9 100000009
9 343818039
9 140938551
9 10009
9 100009
9 100009
9 296274779
9 603333829
9 956110150
9 341658249
9 100009
9 100009
9 677860926
9 604318928
9 345286917
9 455867539
9 100000009
9 974756579
9 100000009
9 799462553
9 100009
9 501760349
9 100000009
9 100009
9 10009
9 468716930
9 100000009
9 100000009
9 10009
9 434634729
9 100009
9 227674729
9 100009
9 924707400
9 145922847
9 517513791
9 321954466
9 327488489
9 577722519
9 663476549
9 567035129
9 100009
9 293858901
9 998068570
9 100009
9 283135789
9 294603391
9 100009
9 574847879
9 100009
9 100009
9 105707943
9 100009
9 356078995
9 100000009
9 10009
9 100000009
9 100000009
9 647392051
9 100000009
9 100000009
9 100000009
9 100000009
9 700867139
9 725746079
9 641208209
9 924329371
9 794356934
9 100009
9 100000009
9 456708129
9 100009
9 1000009
9 884647169
9 100009
9 812071981
9 625743669
9 204099436
9 100009
9 208976545
9 870010759
9 100000009
9 242353859
9 100009
9 100009
9 202991289
9 100009
9 1009
9 979877250
9 100000009
9 100009
9 339055535
9 879783261
9 388812950
9 100000009
9 10009
9 821378669
9 306694577
9 100009
9 100000009
9 100009
9 100000009
9 338789800
9 709687538
9 1000009
9 221329341
9 482262849
9 262081697
9 100000009
9 793324689
9 122177973
9 100009
9 129745914
9 100000009
9 100009
9 10009
9 100009
9 269634698
9 965821955
9 112360409
9 10009
9 595214434
9 797675612
9 100009
9 138982618
9 225354990
9 556146419
9 100009
9 100000009
9 100009
9 796837621
9 100000009
9 722170129
9 100009
9 263260159
9 211766439
9 899942217
9 100009
9 257016539
9 566374059
9 100009
9 100009
9 100000009
9 860229068
9 100000009
9 100000009
9 100009
9 100009
9 100000009
9 100009
9 100009
9 100009
9 100009
9 241151829
9 686594161
9 504132799
9 370685819
9 903846995
9 909268751
9 100009
9 100009
9 764483449
9 941284889
9 803309350
9 100009
9 100000009
9 100000009
9 100000009
9 583818629
9 100000009
9 100009
9 100009
9 864733359
9 487488209
9 894353122
9 100009
9 100009
9 100000009
9 542311219
9 563039594
9 609835585
9 100009
9 624443019
9 100009
9 265716469
9 368684192
9 833932882
9 265786429
9 302756819
9 269164800
9 408359581
9 589383825
9 100009
9 161660039
9 100009
9 291619716
9 377834809
9 750754629
9 527110559
9 293035392
9 47726289
9 947881540
9 100009
9 238055029
9 188813379
9 113904975
9 158359678
9 931255197
9 100009
9 585661489
9 118236879
9 427160719
9 900131606
9 100009
9 227049242
9 101549904
9 533608639
9 963314415
9 100009
9 100009
9 586161889
9 100000009
9 618004909
9 100009
9 996814769
9 216549081
9 806361269
9 100009
9 393112085
9 807254509
9 473657309
9 907103698
9 100009
9 100000009
9 100009
9 100009
9 100009
9 327831419
9 876987032
9 100009
9 642727189
9 966798446
9 100009
9 100009
9 100000009
9 100000009
9 100000009
9 100009
9 852897117
9 100000009
9 827874069
9 100009
9 100000009
9 100000009
9 284508489
9 100009
9 100009
9 945562262
9 100009
9 100009
9 10009
9 100000009
9 596714391
9 100009
9 100009
9 798419460
9 100009
9 894635502
9 739404061
9 848740967
9 357543389
9 100009
9 100009
9 195891609
9 796067041
9 100000009
9 459751475
9 100009
9 735692918
9 634551019
9 954722085
9 100009
9 613279948
9 100009
9 609396573
9 100009
9 100009
9 100009
9 284211079
9 476598535
9 941152149
9 306692664
9 360171489
9 995610585
9 100009
9 100000009
9 100009
9 100009
9 855236519
9 100000009
9 862431941
9 607039839
9 100009
9 236327559
9 100000009
9 100009
9 658327977
9 403567539
9 660617964
9 100009
9 227231629
9 100009
9 969460906
9 713593636
9 100009
9 944545474
9 100009
9 100009
9 988110456
9 259004040
9 100009
9 604669082
9 384901001
9 542216951
9 815949269
9 505395897
9 888732879
9 100000009
9 100000009
9 100009
9 100009
9 100009
9 100009
9 100009
9 267280009
9 100009
9 100009
9 357710549
9 617003659
9 100009
9 100009
9 100009
9 124455589
9 602630509
9 271843089
9 576912350
9 461055937
9 591329790
9 100000009
9 600996277
9 100009
9 100000009
9 575957762
9 100000009
9 457518439
9 119101627
9 746904932
9 10009
9 466528169
9 100009
9 504161289
9 797978174
9 439276745
9 100000009
9 100000009
9 21865129
9 648938642
9 112557290
9 100009
9 100009
9 378111419
9 100009
9 100009
9 208904751
9 100009
9 616738349
9 818303589
9 100009
9 496833128
9 587114749
9 350331939
9 881117191
9 611522489
9 542323389
9 100000009
9 595528988
9 100009
9 471719442
9 844755229
9 484755299
9 100009
9 762621609
9 356875209
9 100000009
9 578258429
9 288910296
9 140127569
9 100009
9 558976763
9 100539516
9 100000009
9 100009
9 946965885
9 172415219
9 499734680
9 769015145
9 100000009
9 100000009
9 563917771
9 422100409
9 100000009
9 100009
9 197682810
9 100000009
9 944202740
9 825060489
9 504121749
9 100009
9 100009
9 777938500
9 100009
9 265118379
9 100009
9 100009
9 899120836
9 109509027
9 640675309
9 805815089
9 912738677
9 140338978
9 100009
9 100009
9 564747159
9 100009
9 100009
9 505612039
9 100000009
9 100009
9 780044149
9 416767659
9 370362139
9 481823839
9 246607109
9 100000009
9 298239097
9 100009
9 169288062
9 100000009
9 765926300
9 100009
9 100009
9 544141699
9 100000009
9 975550236
9 585297841
9 625761914
9 271386289
9 148070936
9 368947749
9 559190093
9 100009
9 10009
9 100000009
9 331380079
9 100009
9 100009
9 841363459
9 250155669
9 100000009
9 802261904
9 889133847
9 140091891
9 342362949
9 595422428
9 100009
9 100000009
9 860767219
9 777004339
9 100009
9 469934456
9 100009
9 100009
9 369749893
9 100009
9 536121479
9 288032469
9 178160509
9 812921940
9 991551778
9 940885260
9 100000009
9 438606539
9 100009
9 100009
9 100009
9 570787429
9 256162109
9 686489094
9 100009
9 768824669
9 100992065
9 522876096
9 100009
9 950726897
9 100009
9 310471579
9 577767479
9 100009
9 162844819
9 100000009
9 561740099
9 156112964
9 100000009
9 622572933
9 100009
9 100000009
9 798123626
9 515073669
9 190183607
9 100000009
9 100009
9 270022393
9 548654169
9 100009
9 100000009
9 100009
9 100000009
9 100009
9 100000009
9 100009
9 100000009
9 233796393
9 100000009
9 893044638
9 116918053
9 814643991
9 321504669
9 145848379
9 100009
9 194174985
9 529591897
9 128604329
9 919857882
9 593813269
9 100009
9 857705549
9 570471339
9 543970371
9 1009
9 100000009
9 822597190
9 443936935
9 523429896
9 892042277
9 174161269
9 10009
9 100000009
9 517994190
9 100000009
9 100009
9 100000009
9 795878448
9 470759670
9 403273839
9 413460559
9 100009
9 867864019
9 685547894
9 403473496
9 409828483
9 100000009
9 100009
9 228750449
9 444134908
9 100000009
9 100000009
9 351799413
9 100000009
9 701162879
9 100009
9 100009
9 867128339
9 430464590
9 344455709
9 100000009
9 100009
9 340802159
9 534086559
9 100000009
9 516496581
9 727923945
9 100000009
9 10009
9 10009
9 325480119
9 100000009
9 486222739
9 100009
9 100009
9 100009
9 812995255
9 553408908
9 246219503
9 344427709
9 658195448
9 100009
9 100009
9 717816249
9 709509328
9 856227529
9 100009
9 519857068
9 960871123
9 522343859
9 853872974
9 322686993
9 100009
9 100009
9 100009
9 100009
9 650498321
9 100000009
9 728010069
9 100000009
9 386677269
9 100009
9 100009
9 100009
9 851302259
9 878571149
9 100009
9 920148924
9 807291963
9 100009
9 382822539
9 802108009
9 10009
9 183275779
9 1000009
9 100009
9 394132250
9 756616309
9 510371629
9 788125495
9 673220059
9 646320579
9 100000009
9 193410882
9 945236747
9 10009
9 824315319
9 699984804
9 543210691
9 971099625
9 100009
9 100009
9 10009
9 100009
9 906668039
9 10009
9 100009
9 100000009
9 670042609
9 813716869
9 100000009
9 664421089
9 911815766
9 100009
9 382435591
9 100000009
9 100009
9 343284579
9 936865188
9 847425849
9 790290010
9 973430991
9 858956447
9 100009
9 783963356
9 100000009
9 100000009
9 100009
9 503812249
9 563329322
9 505575789
9 438016569
9 788841459
9 759565347
9 703441039
9 205543739
9 519408145
9 100009
9 193658228
9 100000009
9 895714023
9 294395258
9 100009
9 232737959
9 172771029
9 267100998
9 100009
9 100009
9 100000009
9 100009
9 250303209
9 495376096
9 757161409
9 100000009
9 281869043
9 305906089
9 100009
9 100000009
9 100009
9 906701118
9 294288077
9 100009
9 966071102
9 365892295
9 100000009
9 781251329
9 100009
9 100009
9 458641559
9 896258439
9 678720689
9 140194396
9 607775369
9 847352139
9 922149515
9 681567195
9 353536349
9 100009
9 517656749
9 100000009
9 958532883
9 404411589
9 677296834
9 500390129
9 556055952
9 815256696
9 248375139
9 342090511
9 615558059
9 100000009
9 100009
9 100009
9 100009
9 100000009
9 100000009
9 972272820
9 100009
9 100009
9 100000009
9 526708490
9 122700589
9 901655336
9 438623239
9 100009
9 412112179
9 971141163
9 142683198
9 100009
9 100009
9 100009
9 115129725
9 100009
9 849969223
9 100009
9 956764960
9 100009
9 100009
9 944406517
9 100009
9 100009
9 527482139
9 100009
9 824699911
9 745063949
9 100009
9 837089708
9 375758389
9 100009
9 100009
9 650052149
9 100000009
9 162798525
9 815050955
9 547875779
9 676162179
9 100009
9 388036139
9 705128896
9 638337097
9 100009
9 227189904
9 100009
9 100009
9 759937100
9 100009
9 960016389
9 255503289
9 100009
9 100009
9 234228197
9 100000009
9 295239801
9 100009
9 476830459
9 255057389
9 220779756
9 100009
9 323534049
9 100009
9 270550139
9 100009
9 390489981
9 946127320
9 100009
9 100009
9 100009
9 889497233
9 100009
9 673072649
9 100000009
9 355146189
9 738172459
9 100009
9 100009
9 122448679
9 100009
9 100009
9 100009
9 839202810
9 10009
9 782850079
9 269329023
9 489463653
9 100000009
9 800056869
9 146002598
9 100000009
9 100000009
9 621990598
9 267453309
9 100009
9 387634179
9 569522049
9 337246169
9 446049866
9 622255729
9 667391429
9 100009
9 100009
9 884823649
9 100009
9 100009
9 395512285
9 10009
9 574597508
9 100009
9 100009
9 100000009
9 100009
9 142118696
9 100009
9 281120479
9 343363319
9 311788049
9 849592183
9 892493353
9 342605219
9 424563089
9 100000009
9 100000009
9 557192302
9 658597821
9 982790245
9 100009
9 542769057
9 234602429
9 537126957
9 495096249
9 100009
9 217129871
9 618640934
9 100009
9 477764249
9 976233783
9 100000009
9 286664589
9 100000009
9 100009
9 422181119
9 651942069
9 100009
9 100009
9 100009
9 100000009
9 100009
9 245244079
9 427616901
9 100009
9 808746009
9 935349409
9 251039109
9 100009
9 773641927
9 305262719
9 847492451
9 781560609
9 754058903
9 100009
9 371565459
9 768042479
9 100009
9 763522309
9 100009
9 100009
9 768250469
9 100000009
9 946297723
9 100009
9 100009
9 992818124
9 729571692
9 150445869
9 391262678
9 740351009
9 570951502
9 100009
9 569075845
9 100009
9 115619342
9 100000009
9 505497586
9 100000009
9 861684369
9 572920704
9 427558359
9 729198889
9 428678259
9 856006589
9 454660169
9 100009
9 205668029
9 482940797
9 1000009
9 754488529
9 688508369
9 100009
9 730567449
9 380456699
9 100009
9 100009
9 768252169
9 192769492
9 100000009
9 128463959
9 100009
9 100000009
9 880178019
9 645271319
9 298732232
9 148736529
9 100009
9 736670219
9 350946999
9 146488519
9 470032839
9 939998637
9 242030669
9 100009
9 279699414
9 510798703
9 938575386
9 545992185
9 100009
9 199211487
9 100009
9 641731779
9 819045344
9 100000009
9 284301149
9 727565309
9 679580121
9 887021196
9 522072029
9 100000009
9 834064659
9 731093896
9 290602425
9 182516089
9 100009
9 100000009
9 993656537
9 364333951
9 635229081
9 944592733
9 100000009
9 100009
9 556226693
9 945210859
9 241174689
9 721282869
9 450018019
9 100009
9 823923005
9 277311569
9 100009
9 100009
9 10009
9 833309686
9 151637379
9 100009
9 100009
9 311780709
9 100009
9 100009
9 100000009
9 465726938
9 695079522
9 100000009
9 827473949
9 910301036
9 359265290
9 100009
9 271412902
9 100009
9 100009
9 757780729
9 100009
9 10009
9 681942155
9 302066169
9 339178801
9 100000009
9 384024928
9 100000009
9 265876119
9 430459834
9 646828679
9 100000009
9 789838787
9 100000009
9 100000009
9 342444089
9 890839268
9 926164846
9 934813404
9 192838719
9 521797356
9 547204889
9 422857549
9 425621349
9 100000009
9 100009
9 196769503
9 865490026
9 741763089
9 224039459
9 276961477
9 964772977
9 621757549
9 825779335
9 100009
9 817540319
9 994051691
9 863011797
9 311532639
9 398789196
9 100000009
9 100009
9 146515059
9 820567069
9 821971188
9 100009
9 301761396
9 716948910
9 100009
9 885759159
9 800810498
9 193931873
9 987208119
9 100238729
9 100009
9 207819308
9 936622182
9 100009
9 837845829
9 10009
9 100009
9 829307645
9 100009
9 100009
9 438048759
9 989156793
9 526856039
9 848750579
9 100009
9 899257527
9 294120098
9 100000009
9 894170373
9 100009
9 575749463
9 122262089
9 100009
9 487612369
9 100009
9 10009
9 324005869
9 100009
9 100000009
9 370994680
9 100000009
9 100000009
9 611194746
9 532728393
9 303716719
9 100000009
9 618106439
9 100009
9 201337149
9 100009
9 100009
9 100009
9 749831423
9 100009
9 541571159
9 100009
9 100009
9 391669289
9 100009
9 692357973
9 161586759
9 100009
9 969042724
9 100009
9 100000009
9 604555019
9 844848019
9 634267569
9 100009
9 697609623
9 238232889
9 297883462
9 100009
9 563951633
9 623704459
9 100000009
9 250010059
9 100000009
9 853957013
9 192323255
9 100009
9 904313264
9 10009
9 572549948
9 156834039
9 10009
9 958789518
9 512285069
9 919063346
9 385146879
9 942852238
9 446946663
9 100009
9 301608819
9 100000009
9 100000009
9 617516419
9 100000009
9 515238139
9 545007902
9 100009
9 301877259
9 756606519
9 10009
9 100000009
9 907040060
9 334864529
9 100009
9 100009
9 480170349
9 100009
9 630318629
9 100000009
9 100009
9 888472649
9 462823009
9 828564219
9 100000009
9 783580019
9 734280917
9 100000009
9 100000009
9 100009
9 100000009
9 100009
9 100009
9 331291948
9 849673071
9 603362179
9 235612509
9 100009
9 824598133
9 100000009
9 10009
9 422355913
9 100000009
9 100009
9 100009
9 100009
9 100009
9 100009
9 100009
9 100009
9 100009
9 1000009
9 856095642
9 632644369
9 100009
9 100000009
9 100009
9 762519968
9 388238739
9 202280839
9 563214129
9 440394406
9 100009
9 100000009
9 431825309
9 840682957
9 382018089
9 100009
9 597683066
9 100009
9 100000009
9 100009
9 857732109
9 379138211
9 811555489
9 332089427
9 100009
9 506374609
9 100009
9 879333921
9 979845070
9 135239616
9 100009
9 148003393
9 383333289
9 100000009
9 10009
9 100000009
9 100009
9 829443468
9 200028179
9 642327119
9 100009
9 230186789
9 981237950
9 799424118
9 153240709
9 209000528
9 100009
9 100009
9 100000009
9 10009
9 828184289
9 100009
9 398809592
9 820529515
9 322630229
9 100000009
9 192227285
9 100009
9 508391468
9 100000009
9 100009
9 293403194
9 693940533
9 500970710
9 100000009
9 353834029
9 331632729
9 100009
9 674282619
9 419051700
9 10009
9 700799479
9 682262769
9 750386859
9 136273069
9 438248069
9 368830359
9 102265409
9 953747660
9 852941737
9 136383619
9 100009
9 614793302
9 596230378
9 100009
9 532304549
9 942649515
9 467060629
9 100000009
9 505194280
9 672070649
9 736693992
9 739032664
9 100009
9 1000009
9 880852694
9 166018019
9 779275231
9 100009
9 318686797
9 10009
9 930108690
9 100009
9 181902828
9 742679485
9 138920084
9 100009
9 315887329
9 155225579
9 100009
9 100000009
9 713547559
9 726459324
9 100000009
9 100009
9 210721029
9 364291115
9 231306109
9 128794053
9 289455323
9 641296690
9 871109864
9 1000009
9 497913091
9 100009
9 348555109
9 740584809
9 204835639
9 100009
9 100009
9 100009
9 100009
9 329868038
9 797808069
9 257130996
9 10009
9 820734419
9 353946589
9 100009
9 100009
9 446612029
9 100009
9 998568640
9 100009
9 149721372
9 594621377
9 950393956
9 213249775
9 295393470
9 894336057
9 100009
9 100009
9 600364549
9 100000009
9 100009
9 100000009
9 100009
9 553400169
9 778367719
9 287829029
9 100000009
9 526102349
9 590620278
9 318151739
9 100009
9 125792822
9 802817119
9 10009
9 115740439
9 544112079
9 625749824
9 100009
9 100009
9 100009
9 766207769
9 100000009
9 147991316
9 100000009
9 788446189
9 100000009
9 344893588
9 315413839
9 999550913
9 191562626
9 438303329
9 199287673
9 100009
9 153996314
9 100009
9 909742019
9 209076730
9 331619541
9 336254169
9 298736298
9 100009
9 100009
9 100009
9 305422279
9 100009
9 489506614
9 100009
9 100009
9 404545729
9 426840986
9 166170859
9 100009
9 699430444
9 396169630
9 874206359
9 817496955
9 884001509
9 530111489
9 100009
9 194818182
9 833820095
9 100000009
9 395181180
9 754720329
9 654861139
9 971149854
9 377098943
9 614155609
9 246726309
9 474718179
9 111785790
9 100009
9 326522549
9 10009
9 828296050
9 100000009
9 100009
9 343293911
9 100009
9 594176909
9 770511409
9 684556329
9 10009
9 592784678
9 100009
9 785786249
9 100009
9 258226809
9 100009
9 10009
9 978835245
9 641267090
9 100000009
9 291017014
9 457881191
9 100009
9 100009
9 1009
9 100009
9 965482645
9 340296229
9 100000009
9 100000009
9 650568529
9 286575379
9 100009
9 100009
9 100009
9 404812229
9 100000009
9 484008679
9 867557089
9 1000009
9 100009
9 983426694
9 263230829
9 255347189
9 450218889
9 737549925
9 388248379
9 100009
9 100009
9 100009
9 861872379
9 735358119
9 100009
9 699454413
9 649029714
9 184148259
9 100000009
9 442124359
9 100000009
9 543255693
9 100000009
9 985724038
9 100000009
9 100009
9 100009
9 100009
9 333416079
9 100009
9 100009
9 100009
9 532503059
9 10009
9 806682569
9 100009
9 688272479
9 750855429
9 100009
9 100000009
9 100009
9 147313789
9 109398706
9 360342869
9 565614191
9 298265758
9 100009
9 100009
9 100009
9 494564313
9 100009
9 100000009
9 306038829
9 100009
9 412887789
9 663929458
9 100009
9 100009
9 539737497
9 100009
9 10009
9 100000009
9 298278942
9 988157958
9 100009
9 549677596
9 496937616
9 718301539
9 464789324
9 688964762
9 608724059
9 344468229
9 613775849
9 100000009
9 248979010
9 495101701
9 100009
9 259217873
9 100000009
9 923491145
9 531482819
9 100009
9 803847139
9 100009
9 108628789
9 274684159
9 117253943
9 100000009
9 320614649
9 435045339
9 688993602
9 805560149
9 209418759
9 753309164
9 100009
9 216635159
9 100009
9 516043976
9 817886998
9 100009
9 550684229
9 100000009
9 994433823
9 887064319
9 144465489
9 203147029
9 737551619
9 312579050
9 100346991
9 100009
9 100000009
9 395276775
9 100009
9 228804179
9 100009
9 100009
9 100009
9 100009
9 100000009
9 100009
9 100000009
9 100009
9 377895653
9 473136951
9 842977108
9 100009
9 740453459
9 100009
9 972391240
9 340474439
9 100009
9 229222357
9 491212063
9 100009
9 356634839
9 100009
9 100009
9 100000009
9 100009
9 567342229
9 10009
9 100009
9 230730709
9 285623579
9 100000009
9 129626509
9 100000009
9 940210835
9 100000009
9 100009
9 689299014
9 58570849
9 134846498
9 226154291
9 100009
9 832225219
9 100009
9 100009
9 100000009
9 10009
9 100000009
9 100009
9 509767988
9 100009
9 239240008
9 100000009
9 100009
9 862622691
9 272396523
9 252994618
9 515888229
9 10009
9 100009
9 758416960
9 100009
9 100009
9 100000009
9 846210917
9 524256329
9 965964892
9 100009
9 522172889
9 590871406
9 740314639
9 745166619
9 10009
9 688216139
9 883592303
9 306986508
9 100009
9 100009
9 100009
9 109632525
9 882248179
9 764812079
9 347169677
9 489148750
9 554146389
9 100009
9 100000009
9 100009
9 618824529
9 229496869
9 982203289
9 117414229
9 282998170
9 100009
9 195919955
9 390041763
9 100009
9 100009
9 756243960
9 182760389
9 876606249
9 720643198
9 924739998
9 925413179
9 100009
9 162856965
9 519881685
9 207031629
9 286429096
9 278738069
9 100009
9 730667569
9 532062319
9 621867559
9 100000009
9 155832549
9 868115429
9 100009
9 100009
9 100009
9 100009
9 100000009
9 100000009
9 548346955
9 154491286
9 100009
9 100009
9 100009
9 760391366
9 955498503
9 100009
9 983336369
9 100009
9 952893960
9 100009
9 1000009
9 764038779
9 322851269
9 963255411
9 105971064
9 100009
9 100009
9 100000009
9 100009
9 100009
9 489819891
9 100000009
9 100009
9 276743289
9 721997630
9 100009
9 227170921
9 293403789
9 100000009
9 343715609
9 926718513
9 406133179
9 406217920
9 362184697
9 100009
9 220387419
9 709848015
9 382362569
9 135641889
9 100009
9 739153616
9 862977196
9 100009
9 100009
9 100000009
9 100009
9 100009
9 227186089
9 100009
9 604656009
9 380273829
9 167430209
9 100009
9 100009
9 534955651
9 100009
9 345854119
9 325565398
9 100009
9 824861309
9 321689980
9 317612689
9 10009
9 100009
9 100009
9 451643092
9 373712179
9 100009
9 705344339
9 998748719
9 258417597
9 100009
9 109876846
9 826428419
9 100009
9 517200589
9 378690983
9 227802109
9 100000009
9 391412891
9 871550059
9 866778695
9 100009
9 100009
9 700355649
9 349043468
9 283895555
9 100009
9 100009
9 185356849
9 100000009
9 100000009
9 100009
9 251905793
9 100009
9 117193040
9 100009
9 100009
9 644439716
9 814089288
9 100009
9 276438709
9 100000009
9 100009
9 270831679
9 315898543
9 100009
9 200483913
9 745529836
9 100009
9 100000009
9 100000009
9 412294582
9 431654292
9 10009
9 100009
9 100009
9 447968940
9 100009
9 100000009
9 517690087
9 789051881
9 100009
9 866173749
9 177232379
9 100000009
9 997696440
9 100009
9 1000009
9 103838593
9 102517209
9 954632584
9 928856802
9 100000009
9 463263309
9 100000009
9 673265479
9 786669161
9 100009
9 100009
9 100009
9 254004559
9 732779877
9 846514389
9 100000009
9 100009
9 100009
9 696845632
9 100009
9 926371840
9 929365780
9 818499016
9 988294325
9 100009
9 100000009
9 100009
9 100009
9 577815279
9 191418056
9 100000009
9 100009
9 100009
9 717591708
9 901328221
9 100009
9 383107819
9 674429845
9 395457364
9 559599087
9 415654519
9 820922407
9 711430389
9 100009
9 433840934
9 530060293
9 865044229
9 305650349
9 121060904
9 100000009
9 100009
9 883665819
9 100009
9 100009
9 100009
9 100000009
9 689475849
9 100009
9 100009
9 100009
9 627239996
9 143669140
9 342107019
9 491956229
9 179173068
9 487683309
9 100009
9 100009
9 762236889
9 746015209
9 437992029
9 364601589
9 1000009
9 519660494
9 559908738
9 590440416
9 129734967
9 436214439
9 524910597
9 853616911
9 779245354
9 619887813
9 280487069
9 495265645
9 100009
9 259330581
9 100009
9 896827514
9 100009
9 329559132
9 100009
9 100009
9 472187179
9 782326099
9 100000009
9 100000009
9 834236499
9 881421969
9 952285652
9 100009
9 572468394
9 100000009
9 914227525
9 307754789
9 162639480
9 100009
9 100009
9 504586759
9 115244719
9 100000009
9 100009
9 747279988
9 100009
9 100009
9 726800729
9 596539892
9 100009
9 696654352
9 190517909
9 100000009
9 451915154
9 323092799
9 898474670
9 100000009
9 808793693
9 529694461
9 100009
9 238373389
9 100009
9 100009
9 269495716
9 100000009
9 699777371
9 100009
9 328527179
9 100009
9 643606789
9 100000009
9 862257954
9 495654677
9 730153609
9 310943576
9 100009
9 828606459
9 100000009
9 790200290
9 100000009
9 587983183
9 118951151
9 570617869
9 100009
9 194256036
9 10009
9 100000009
9 100000009
9 731629024
9 100000009
9 100009
9 775708459
9 812347529
9 198016717
9 705469479
9 100009
9 662015912
9 791775220
9 100009
9 100009
9 464240259
9 100009
9 747513539
9 916114279
9 724661966
9 582970480
9 421068889
9 684023069
9 100009
9 100009
9 725785129
9 746341359
9 100009
9 481404749
9 100000009
9 100009
9 972761800
9 100009
9 459315121
9 697171821
9 100009
9 100009
9 100009
9 332839396
9 255288895
9 100009
9 821370988
9 246937750
9 100009
9 164824619
9 100009
9 100009
9 712237690
9 794724400
9 625862169
9 596016485
9 323952660
9 860798482
9 943106311
9 100009
9 590283800
9 847352759
9 100000009
9 100009
9 100009
9 100009
9 100462279
9 100009
9 1000009
9 996274479
9 176415769
9 100009
9 186740919
9 100000009
9 183620449
9 100000009
9 100009
9 440054197
9 642151669
9 100009
9 100009
9 100009
9 100009
9 391300200
9 893584490
9 100009
9 100009
9 100009
9 803403179
9 130794576
9 401479902
9 100009
9 283847179
9 100000009
9 100000009
9 423996389
9 100009
9 895584733
9 168813159
9 771823189
9 100009
9 162868609
9 100009
9 833372519
9 416314319
9 562924442
9 595999711
9 100009
9 100000009
9 354703893
9 529172623
9 100009
9 776388189
9 352349940
9 100009
9 890492916
9 100009
9 480526249
9 193963212
9 521007996
9 190388634
9 900092408
9 100000009
9 100009
9 100009
9 976395366
9 586784649
9 657809393
9 518108970
9 100009
9 893380407
9 173529727
9 255087419
9 100009
9 231381119
9 100009
9 987665219
9 10000009
9 491255937
9 367333595
9 449001551
9 10009
9 526505279
9 100009
9 100000009
9 100009
9 100009
9 683577419
9 630236139
9 100000009
9 917814101
9 442763669
9 100009
9 140762059
9 791636841
9 100009
9 100000009
9 991998859
9 895586870
9 792027976
9 883568489
9 100009
9 100009
9 355260905
9 487981440
9 129740744
9 518248729
9 904997714
9 100009
9 100009
9 100009
9 329179481
9 890461067
9 100009
9 549805369
9 100009
9 100009
9 121715169
9 100009
9 137441519
9 137837489
9 327409409
9 835564859
9 18012569
9 100009
9 100009
9 100000009
9 897644300
9 393986561
9 804763879
9 100000009
9 742378859
9 100000009
9 476133369
9 100009
9 984166517
9 538142219
9 794621732
9 242804659
9 100009
9 100000009
9 533795221
9 10009
9 865524589
9 569916127
9 814041649
9 836896940
9 100009
9 100009
9 100009
9 100000009
9 812378119
9 318375169
9 100009
9 100000009
9 610305769
9 100009
9 100000009
9 100000009
9 405103539
9 708311849
9 472722729
9 100009
9 10009
9 100000009
9 786423749
9 842756739
9 945018390
9 100009
9 100009
9 100009
9 595964653
9 100009
9 142476193
9 198034846
9 309188358
9 769937651
9 554852729
9 100009
9 654461955
9 100009
9 745063393
9 661871920
9 100009
9 143246479
9 169404887
9 458009369
9 410817709
9 385247609
9 100009
9 100009
9 100009
9 867516293
9 100009
9 981443751
9 100009
9 762559165
9 100000009
9 381174749
9 279012257
9 587574159
9 520302295
9 390683358
9 804804379
9 777306809
9 663799748
9 229673014
9 524043129
9 265523339
9 100009
9 100009
9 649418490
9 100009
9 316609688
9 702271619
9 10009
9 584113339
9 461429621
9 385645961
9 759163580
9 689331772
9 100000009
9 100009
9 100009
9 552247719
9 100009
9 100000009
9 100009
9 511081639
9 255883789
9 100009
9 202652119
9 747671709
9 177496346
9 845425029
9 454395274
9 100000009
9 386697428
9 661159373
9 100000009
9 543098677
9 847345619
9 100009
9 100009
9 100009
9 10009
9 994631203
9 702757393
9 100009
9 100000009
9 880749591
9 201488589
9 817630879
9 100000009
9 10009
9 493749989
9 940839844
9 313224209
9 122813629
9 447946128
9 916975569
9 100000009
9 457584029
9 826713519
9 100009
9 347560906
9 867350994
9 544535971
9 647076639
9 10009
9 100009
9 209618544
9 339977869
9 100009
9 10009
9 379363685
9 100009
9 786238896
9 154630649
9 100000009
9 593559788
9 652295729
9 831500659
9 817036609
9 608350389
9 593779966
9 302869705
9 440357159
9 100009
9 418870139
9 100000009
9 173951840
9 209701104
9 100009
9 100009
9 372970704
9 603130669
9 105017279
9 423826593
9 917133549
9 100000009
9 494904619
9 100000009
9 727540039
9 452618089
9 754165529
9 964507723
9 100009
9 613814982
9 935480593
9 100000009
9 100009
9 829949538
9 100009
9 100009
9 263026839
9 974068021
9 468860649
9 613849067
9 513746029
9 100009
9 300668093
9 100009
9 100009
9 942409025
9 100009
9 100009
9 100000009
9 100000009
9 769930091
9 100009
9 100000009
9 100009
9 526117359
9 696395598
9 463466209
9 100009
9 331455369
9 269590201
9 100000009
9 100000009
9 757296899
9 747717349
9 100009
9 100000009
9 100009
9 100009
9 407615697
9 100009
9 100009
9 100009
9 10009
9 10009
9 562173953
9 10009
9 100009
9 477375449
9 100009
9 387337189
9 100000009
9 10009
9 333469908
9 748619832
9 966604270
9 262147930
9 100009
9 100000009
9 348123923
9 754213559
9 100000009
9 749999679
9 758874595
9 100009
9 425027629
9 453625719
9 265892909
9 100009
9 100009
9 100000009
9 598317805
9 917160315
9 730049413
9 794852040
9 100009
9 952682422
9 100000009
9 100000009
9 100009
9 100009
9 727706439
9 982811081
9 100009
9 178896169
9 314603709
9 423071889
9 811579591
9 100009
9 464375889
9 265712769
9 100009
9 895576833
9 100009
9 685077109
9 169654818
9 970964914
9 788109530
9 100009
9 100009
9 100009
9 621101900
9 173676119
9 100009
9 536020339
9 518872139
9 453947160
9 100000009
9 949976845
9 100000009
9 10009
9 125561239
9 841167169
9 1000009
9 100009
9 100009
9 862999418
9 100009
9 530126896
9 563376966
9 100009
9 1000009
9 415251309
9 981584708
9 100009
9 365294571
9 746699562
9 10009
9 537599340
9 260677359
9 441765539
9 649973153
9 623629882
9 567819438
9 630623749
9 333301089
9 737509617
9 100000009
9 575682319
9 744016819
9 100009
9 561074389
9 100000009
9 1000009
9 809131866
9 100000009
9 344244889
9 100000009
9 167597442
9 100009
9 825743794
9 100009
9 509464590
9 390238691
9 155515249
9 367081329
9 405606649
9 100009
9 100009
9 566907699
9 100009
9 163371979
9 808779974
9 825506659
9 100000009
9 100009
9 100000009
9 730627069
9 617035439
9 100009
9 100009
9 256840759
9 974391068
9 100009
9 100000009
9 100009
9 100009
9 371266967
9 396121351
9 100009
9 589670241
9 700061619
9 100009
9 186938674
9 100009
9 502376729
9 225248869
9 656520698
9 253739635
9 747996653
9 100009
9 10009
9 683274669
9 418423629
9 347785960
9 100009
9 711816696
9 615262259
9 100009
9 100000009
9 560575559
9 100009
9 507891469
9 100009
9 421918744
9 412195579
9 100009
9 100009
9 100000009
9 231602219
9 10009
9 684439190
9 747225369
9 657959495
9 608575029
9 464743219
9 819913206
9 411520069
9 100009
9 100009
9 558208369
9 129873709
9 927197254
9 100000009
9 150013049
9 226087129
9 286505809
9 100009
9 380820809
9 100009
9 476587629
9 100000009
9 652698801
9 239175248
9 715441961
9 124693520
9 906118072
9 384950683
9 100009
9 777929437
9 100009
9 1009
9 100009
9 560080609
9 921736573
9 616368519
9 499453424
9 100000009
9 110694990
9 100009
9 147615139
9 246031749
9 100009
9 100000009
9 100009
9 637074719
9 100009
9 308099561
9 283876309
9 863119470
9 437370769
9 695311420
9 10009
9 900523569
9 100000009
9 821422539
9 465952386
9 806337839
9 100000009
9 56306209
9 904403878
9 743325809
9 487823429
9 100009
9 493967615
9 583911199
9 766228059
9 100009
9 518774069
9 324959557
9 100009
9 100000009
9 351288229
9 100009
9 418619965
9 611739027
9 626494446
9 455773269
9 100009
9 100000009
9 10000009
9 998849928
9 1000009
9 100009
9 663739011
9 100009
9 609633797
9 100000009
9 397788806
9 218423419
9 156426069
9 178601619
9 594923213
9 100000009
9 843962324
9 322429154
9 100009
9 100009
9 971362041
9 100009
9 789042994
9 944761643
9 773575709
9 100000009
9 265013269
9 700821869
9 100009
9 100009
9 100009
9 441367249
9 10009
9 491022309
9 751578539
9 202573449
9 100009
9 100009
9 430580579
9 445103492
9 747079445
9 100609823
9 100009
9 100009
9 100009
9 100009
9 179900288
9 184215159
9 159918750
9 142346915
9 100000009
9 100009
9 100009
9 100009
9 962038679
9 702474569
9 100009
9 498691247
9 935010885
9 100000009
9 100009
9 837297818
9 561269387
9 100009
9 599226812
9 100009
9 10009
9 208232819
9 100009
9 100000009
9 723448429
9 831189666
9 898305426
9 202160329
9 100000009
9 1000009
9 100000009
9 156333789
9 851294294
9 439985768
9 155510559
9 100009
9 874725259
9 957782457
9 117467839
9 100009
9 505638289
9 100009
9 897344487
9 100009
9 100009
9 100009
9 100009
9 100000009
9 239743579
9 100000009
9 687096079
9 100009
9 100000009
9 100000009
9 100009
9 634578309
9 899175989
9 552573079
9 408125908
9 534046259
9 100009
9 323850911
9 100009
9 481718209
9 100009
9 163327849
9 515502769
9 100009
9 318614569
9 100009
9 100009
9 100000009
9 151117349
9 100009
9 332339196
9 200733719
9 637617932
9 100009
9 100009
9 100000009
9 684128119
9 100009
9 717421249
9 100009
9 274874091
9 217433119
9 100009
9 941874431
9 100009
9 948392876
9 753298239
9 468036619
9 487089618
9 10009
9 282221905
9 100000009
9 100009
9 263301859
9 100000009
9 465876973
9 374333109
9 100009
9 515283109
9 824970229
9 625678319
9 100009
9 100009
9 100009
9 925240899
9 100000009
9 108771379
9 304977072
9 143830229
9 100009
9 378947257
9 100000009
9 100000009
9 707255819
9 887755269
9 321812689
9 100009
9 100009
9 100009
9 569482641
9 100009
9 422861349
9 290596953
9 307437259
9 100009
9 100000009
9 479537441
9 982603633
9 325771892
9 103503689
9 166382932
9 640653189
9 100000009
9 359802201
9 835214569
9 795433426
9 428746790
9 100000009
9 982198276
9 323147589
9 307394790
9 746020869
9 100009
9 100009
9 100009
9 100009
9 380593463
9 165847079
9 795264818
9 100009
9 367383593
9 100000009
9 10009
9 365191831
9 120749969
9 100009
9 428378479
9 691898441
9 637488439
9 100009
9 811668119
9 830299958
9 959971539
9 983211017
9 100000009
9 104205829
9 100009
9 100000009
9 820011719
9 363135395
9 137581679
9 641032079
9 892893361
9 558186369
9 100009
9 100009
9 508883209
9 10009
9 100000009
9 966003388
9 100000009
9 100009
9 546841639
9 120439856
9 356255859
9 385983151
9 792528262
9 337707891
9 585192114
9 100009
9 100000009
9 100000009
9 164399400
9 803433769
9 100009
9 100009
9 941031203
9 541718879
9 998691263
9 776971909
9 100009
9 248044749
9 100009
9 100009
9 960893415
9 660734992
9 530519640
9 629445555
9 976201050
9 752509603
9 823880579
9 852343239
9 677162969
9 100009
9 100009
9 777863019
9 432856759
9 556102339
9 955796668
9 656034359
9 100009
9 973988789
9 100000009
9 100009
9 550565539
9 532505329
9 100009
9 264553596
9 426527924
9 100009
9 100009
9 327424079
9 100000009
9 100000009
9 146287395
9 198971599
9 780180369
9 100009
9 100009
9 100009
9 542616579
9 106580369
9 698350978
9 100000009
9 10009
9 117337229
9 443822769
9 100009
9 100009
9 571171719
9 358848019
9 179647429
9 100009
9 100009
9 967998032
9 100000009
9 100009
9 537895860
9 785862079
9 100009
9 100009
9 459104647
9 176454119
9 154292408
9 14351109
9 483863392
9 614588089
9 259498789
9 100009
9 100009
9 454025009
9 824736496
9 478989197
9 879511637
9 100000009
9 153715479
9 346724369
9 719093904
9 100009
9 100009
9 100009
9 100009
9 836768759
9 580233389
9 514965278
9 100009
9 880398171
9 100009
9 104912500
9 159841602
9 838390412
9 100009
9 1000009
9 100000009
9 475883379
9 100009
9 408043749
9 442057729
9 271511497
9 682437529
9 204821569
9 100009
9 100009
9 100009
9 603236459
9 791448463
9 147626905
9 100000009
9 100009
9 648525859
9 778542249
9 160842609
9 100009
9 269708877
9 886890642
9 108882519
9 373533479
9 100000009
9 10009
9 100009
9 292502082
9 841376439
9 345076299
9 955398220
9 100009
9 105167839
9 707886926
9 100009
9 100000009
9 704002669
9 100009
9 171258909
9 100009
9 539210553
9 339687678
9 100009
9 1000009
9 713460559
9 957795239
9 261908897
9 100009
9 100000009
9 658577489
9 100009
9 151919430
9 786311649
9 230349490
9 100009
9 100009
9 100009
9 172221019
9 336908461
9 100009
9 608122659
9 10000009
9 981316056
9 916387267
9 151042249
9 533690687
9 839928195
9 509639013
9 782682939
9 710465962
9 803349065
9 100009
9 100009
9 100000009
9 100009
9 100009
9 344400629
9 966990099
9 843274849
9 727586859
9 256768920
9 516851709
9 1000009
9 879016716
9 100009
9 100000009
9 10009
9 334795364
9 520811935
9 606372579
9 788876089
9 415744279
9 591671834
9 100000009
9 648903880
9 100009
9 433104679
9 483578193
9 292390349
9 593504380
9 913414212
9 100009
9 100009
9 100009
9 170404469
9 915441960
9 530694009
9 369830204
9 100009
9 579082960
9 100009
9 729887878
9 237143059
9 194466568
9 100009
9 157888519
9 552064729
9 10009
9 100000009
9 650959845
9 100009
9 480279923
9 100009
9 100000009
9 118962125
9 100009
9 100009
9 472562409
9 154993147
9 391068246
9 400209991
9 100009
9 100009
9 412995218
9 556801679
9 100000009
9 100009
9 797871678
9 100009
9 100009
9 187196420
9 100000009
9 100009
9 919888128
9 100009
9 553869910
9 290027206
9 513148489
9 100009
9 930962656
9 796822521
9 100000009
9 100009
9 100009
9 100009
9 10009
9 10009
9 236966474
9 100009
9 559834676
9 573221279
9 285780239
9 100000009
9 961852653
9 570860339
9 898261294
9 641900772
9 615593006
9 730852839
9 753610795
9 789627108
9 450530169
9 100009
9 540681599
9 100009
9 100000009
9 100009
9 215283479
9 929615461
9 398764180
9 1000009
9 100009
9 100009
9 213250509
9 584668179
9 720171498
9 100000009
9 926082393
9 618821949
9 13669999
9 100009
9 100009
9 100000009
9 100009
9 481463369
9 981542366
9 276611839
9 100009
9 100009
9 389289521
9 100009
9 100009
9 550458309
9 100009
9 10009
9 371506059
9 731243659
9 681290874
9 100009
9 128692685
9 645037976
9 100009
9 100009
9 10009
9 100000009
9 677016289
9 802838009
9 942505633
9 100009
9 100000009
9 220315169
9 100000009
9 100009
9 100009
9 191777713
9 205619428
9 100009
9 957217120
9 100000009
9 100009
9 100000009
9 964105458
9 100009
9 407097040
9 856149787
9 100000009
9 318112439
9 758904219
9 100009
9 406959617
9 100000009
9 100009
9 100000009
9 10009
9 637993116
9 100000009
9 137966362
9 833817469
9 532791199
9 100000009
9 100000009
9 141405659
9 100009
9 728425957
9 599709075
9 100009
9 234308849
9 411658859
9 579731833
9 712710799
9 188019056
9 736394470
9 969351618
9 100009
9 229889250
9 316274159
9 488274966
9 202434819
9 815464902
9 936669754
9 10009
9 100000009
9 100009
9 839953269
9 219313088
9 853690953
9 532267279
9 10009
9 684127890
9 199947639
9 100009
9 238150449
9 841752945
9 100000009
9 258293882
9 969312846
9 191801374
9 783513209
9 100009
9 741222519
9 937893549
9 100000009
9 100009
9 898613304
9 298655872
9 100009
9 476129010
9 627265419
9 618569124
9 100000009
9 817032439
9 866728659
9 504327259
9 714725009
9 10009
9 784819273
9 100009
9 100009
9 902809980
9 100009
9 100009
9 150705149
9 749676867
9 100009
9 113585983
9 605663279
9 533017209
9 100009
9 100009
9 169419474
9 441864792
9 429766510
9 100009
9 852521549
9 682117960
9 889159650
9 694875746
9 466890448
9 100000009
9 100000009
9 812643692
9 100009
9 100009
9 100009
9 10009
9 168031279
9 520633922
9 805870059
9 205119469
9 100009
9 100000009
9 100000009
9 905510118
9 100009
9 100009
9 100009
9 100009
9 239436978
9 100009
9 100009
9 338705429
9 100000009
9 10009
9 197863903
9 424637289
9 10009
9 973407605
9 100009
9 463728449
9 1000009
9 376531529
9 100009
9 835836459
9 342565139
9 237231059
9 561230209
9 100009
9 100009
9 803492120
9 100000009
9 100009
9 100009
9 100000009
9 100009
9 100009
9 207251049
9 100009
9 966710278
9 442908271
9 672830649
9 382152229
9 523706609
9 100009
9 100009
9 337083809
9 256426149
9 383705869
9 100000009
9 761519902
9 981168912
9 403700219
9 574625019
9 100000009
9 140666829
9 255194025
9 791999469
9 308749802
9 756389787
9 100009
9 688181439
9 100009
9 100009
9 100009
9 710731059
9 10009
9 100009
9 100009
9 315074039
9 100009
9 100009
9 273673389
9 100009
9 100000009
9 576136779
9 327955783
9 326620179
9 257353559
9 335502059
9 385275449
9 347011489
9 780883943
9 458797767
9 100009
9 100000009
9 100009
9 100009
9 853668932
9 100000009
9 648755559
9 100009
9 125974673
9 1000009
9 534306529
9 849414855
9 855248369
9 100000009
9 733519193
9 272495210
9 100009
9 836201094
9 100009
9 627318594
9 100009
9 367105109
9 951275797
9 100009
9 10009
9 876830392
9 520038109
9 244543914
9 1000009
9 827912190
9 10009
9 896004264
9 100009
9 100000009
9 109670174
9 10009
9 10009
9 100000009
9 100000009
9 203480059
9 100009
9 985563346
9 972255075
9 100009
9 100000009
9 100000009
9 100000009
9 152783239
9 586621119
9 100009
9 100009
9 583806709
9 100000009
9 100009
9 575534569
9 100000009
9 379693892
9 1000009
9 100009
9 100000009
9 430692992
9 10009
9 100000009
9 100009
9 164500926
9 464914507
9 537704529
9 810227359
9 468491481
9 100009
9 353479268
9 356891831
9 206611329
9 100009
9 565589040
9 100009
9 238138933
9 100000009
9 100009
9 100009
9 203381789
9 914076964
9 10009
9 100000009
9 652734659
9 675572039
9 659778178
9 304528559
9 160762193
9 825979406
9 100009
9 100000009
9 827840095
9 895256465
9 751218179
9 914357548
9 100009
9 968745126
9 954019102
9 736031359
9 100000009
9 100009
9 100000009
9 100000009
9 100009
9 460018239
9 10009
9 960690163
9 100000009
9 538412935
9 221744749
9 100000009
9 462352895
9 364702129
9 642409547
9 125508849
9 152149664
9 703817429
9 100009
9 774146950
9 100000009
9 816737149
9 804038529
9 803315219
9 100000009
9 985256048
9 100000009
9 688513369
9 100000009
9 506852789
9 104731289
9 236469201
9 853463319
9 357880249
9 818775819
9 100000009
9 812186389
9 404813429
9 393706418
9 376095223
9 35575829
9 100009
9 365660980
9 912501008
9 574545759
9 934703852
9 100000009
9 100009
9 100009
9 100009
9 194714744
9 100000009
9 446812719
9 100009
9 100009
9 447651249
9 100000009
9 100009
9 100000009
9 232356789
9 576424799
9 663780494
9 100009
9 884624295
9 100009
9 100009
9 666055669
9 100009
9 428403779
9 100009
9 638026917
9 826093855
9 100009
9 100009
9 100009
9 221079124
9 748396211
9 100000009
9 393215808
9 100009
9 100000009
9 661948273
9 927331604
9 100009
9 100000009
9 216998655
9 100009
9 100009
9 450673749
9 731869820
9 100000009
9 732389094
9 100009
9 277490132
9 100000009
9 205406779
9 180531953
9 10009
9 382804049
9 181962782
9 841593574
9 100009
9 262336659
9 100009
9 613811059
9 587317469
9 476130579
9 1000009
9 615960502
9 795596013
9 370704559
9 501839585
9 742797249
9 100009
9 10009
9 209036080
9 100000009
9 100447409
9 107372941
9 100009
9 352517389
9 165638129
9 765929466
9 994917642
9 761672549
9 811644596
9 568751709
9 616900081
9 100000009
9 100009
9 900503759
9 164586589
9 278743069
9 100009
9 208372649
9 399865951
9 100009
9 299117671
9 854291422
9 721831977
9 242616109
9 780102905
9 119451691
9 211188139
9 526426559
9 947380910
9 368951771
9 729973983
9 973952568
9 100009
9 507773709
9 100009
9 10009
9 100009
9 579096312
9 100009
9 622871379
9 100009
9 100009
9 100009
9 100009
9 100009
9 100009
9 838152039
9 773921901
9 100009
9 100009
9 100009
9 717460489
9 451774469
9 798029737
9 788858239
9 190349833
9 845940496
9 100000009
9 521206089
9 100009
9 384601179
9 895044808
9 439963466
9 124109197
9 128538119
9 10009
9 100009
9 100009
9 100009
9 100009
9 100009
9 10009
9 375388769
9 359512045
9 403762589
9 735492031
9 935107886
9 478666859
9 684655889
9 349166936
9 100009
9 379487360
9 322933503
9 729872177
9 717272942
9 568852559
9 945145109
9 536048779
9 100000009
9 143410943
9 100009
9 100009
9 100009
9 638389482
9 825872469
9 369291669
9 100000009
9 100009
9 427924085
9 604733869
9 850289945
9 100000009
9 100000009
9 916498797
9 719457071
9 478709080
9 284829185
9 450700159
9 534001169
9 100000009
9 100009
9 100009
9 100009
9 385398384
9 237192464
9 100000009
9 692032133
9 862652019
9 100000009
9 100009
9 100009
9 100009
9 860345029
9 100000009
9 787742589
9 604118795
9 472212159
9 454726279
9 804664495
9 10009
9 100000009
9 500148609
9 510923394
9 590220159
9 100000009
9 929588036
9 100009
9 100009
9 817714659
9 448967349
9 100009
9 956909226
9 100009
9 100000009
9 10009
9 617706529
9 799145334
9 611497414
9 437948537
9 258312429
9 594613300
9 780070139
9 610433559
9 100009
9 309820883
9 310472809
9 861818549
9 639567543
9 100009
9 149077715
9 335542259
9 10009
9 100009
9 434503279
9 100000009
9 100000009
9 954167365
9 100009
9 326070393
9 374043829
9 100009
9 586150129
9 734363819
9 100009
9 906738058
9 629363643
9 548135809
9 675364679
9 100000009
9 651164339
9 100009
9 100000009
9 100000009
9 377268069
9 100000009
9 100000009
9 1000009
9 919005516
9 100009
9 100000009
9 100009
9 795946447
9 906981947
9 401301649
9 983334222
9 731528289
9 982234207
9 100009
9 10009
9 818751419
9 865939075
9 100009
9 204702659
9 824157329
9 297022759
9 221801974
9 475453986
9 933786293
9 100009
9 530177879
9 100000009
9 100009
9 347061169
9 309835426
9 1000009
9 100000009
9 100000009
9 100009
9 100000009
9 190269335
9 122009757
9 317525709
9 100000009
9 100009
9 320338379
9 100009
9 950068958
9 100009
9 464679622
9 786163419
9 541801159
9 653025649
9 100000009
9 100000009
9 748636879
9 277171894
9 257038569
9 999361192
9 525382609
9 100009
9 10009
9 647399597
9 100009
9 100000009
9 233256719
9 100009
9 100009
9 738711793
9 665275639
9 100009
9 100009
9 100000009
9 511158930
9 100009
9 519396079
9 711872729
9 179200951
9 498944077
9 100000009
9 10009
9 549450929
9 747898941
9 481654709
9 100000009
9 100009
9 100009
9 986695529
9 203626249
9 100000009
9 992331231
9 944697026
9 100000009
9 579270323
9 693109475
9 684163649
9 859647487
9 100000009
9 651282994
9 342663090
9 316673829
9 110439090
9 100009
9 331120159
9 908914693
9 100009
9 100009
9 100009
9 507913928
9 123539298
9 10009
9 105034981
9 100000009
9 100009
9 801564492
9 732736719
9 173534159
9 100009
9 100000009
9 100009
9 289425244
9 100000009
9 807091619
9 687634339
9 546856479
9 347149362
9 100000009
9 966929782
9 189210624
9 100009
9 100009
9 146198756
9 220145779
9 871140439
9 843490344
9 100009
9 100009
9 520130489
9 629529800
9 888628079
9 267520029
9 714618039
9 582257579
9 362758859
9 10009
9 100009
9 536601169
9 717617189
9 100000009
9 863933310
9 893596666
9 923624652
9 100000009
9 861866319
9 286412349
9 825199895
9 907001077
9 873786193
9 10009
9 100009
9 100009
9 100000009
9 100000009
9 100000009
9 983982630
9 473459202
9 100009
9 358905322
9 100009
9 100009
9 630292507
9 457612319
9 950931710
9 774764189
9 100009
9 788895973
9 583439494
9 931665630
9 100009
9 527514092
9 627163139
9 100009
9 596811423
9 100009
9 100009
9 100009
9 100009
9 100009
9 100009
9 499226980
9 478622279
9 100009
9 955171328
9 795281095
9 389604448
9 546941164
9 100000009
9 958045385
9 393400094
9 985735493
9 100000009
9 355581379
9 915428936
9 100000009
9 593593670
9 337399193
9 10009
9 10009
9 266040209
9 452296184
9 615120629
9 392810680
9 100009
9 962739660
9 531215971
9 257551379
9 100009
9 100009
9 335795583
9 100009
9 848110689
9 727185469
9 100000009
9 568790328
9 100009
9 100009
9 485488927
9 694428723
9 685010289
9 458164194
9 100009
9 100000009
9 100009
9 262828491
9 342523179
9 100009
9 434482429
9 987389845
9 363483449
9 100009
9 958976857
9 100009
9 706608689
9 134359039
9 808085249
9 923143049
9 100009
9 941204702
9 291459471
9 299821995
9 349026375
9 655400496
9 263393248
9 100009
9 100009
9 561961853
9 100009
9 100009
9 100000009
9 100009
9 10009
9 100009
9 504839672
9 100009
9 100000009
9 100009
9 828904098
9 185829524
9 100009
9 100000009
9 151191700
9 912132497
9 100009
9 10009
9 733530192
9 100009
9 622629977
9 308728953
9 466066269
9 750608559
9 834312679
9 727292474
9 101845159
9 100009
9 648878459
9 789146590
9 606388869
9 612312349
9 100009
9 100009
9 682394239
9 10009
9 615572229
9 100009
9 100009
9 10009
9 693447422
9 100009
9 100009
9 100000009
9 287018937
9 100009
9 322291570
9 118673559
9 10009
9 100009
9 737753569
9 648755291
9 119143589
9 359210160
9 565008549
9 100009
9 446182940
9 100009
9 623494713
9 10009
9 262820049
9 448017059
9 100009
9 235167409
9 386243049
9 100009
9 597324962
9 100009
9 100009
9 140881519
9 134426019
9 858119630
9 637425169
9 777624859
9 100009
9 501214459
9 556710494
9 779164702
9 100009
9 200724229
9 159644187
9 519732682
9 333111409
9 100009
9 100000009
9 1000009
9 100009
9 900206981
9 177765209
9 100009
9 100009
9 100009
9 912312287
9 100009
9 111601469
9 804352679
9 668816119
9 100009
9 100009
9 320681269
9 347524469
9 100009
9 592100946
9 100009
9 100009
9 921557477
9 100009
9 1009
9 509583377
9 633585159
9 221202695
9 640592802
9 725144639
9 317776749
9 100009
9 610962588
9 100009
9 392473450
9 100009
9 724767789
9 721848659
9 100009
9 100009
9 245031509
9 161714529
9 467002389
9 542340729
9 890941029
9 100000009
9 563502379
9 100009
9 100009
9 832605469
9 633506139
9 455870819
9 100000009
9 731645059
9 100009
9 437114907
9 682542719
9 710781279
9 100009
9 635757619
9 467458209
9 100009
9 288973011
9 616409356
9 997670685
9 100000009
9 100009
9 100009
9 967584284
9 100009
9 100009
9 1000009
9 100000009
9 100009
9 100009
9 100009
9 100009
9 107580769
9 100000009
9 10009
9 788624998
9 544401739
9 843737239
9 919855527
9 100009
9 440757759
9 227079319
9 851574269
9 418099307
9 100009
9 100009
9 625186069
9 100009
9 100009
9 470426997
9 100009
9 418257449
9 726359945
9 100000009
9 120915298
9 513567069
9 786378019
9 697720808
9 100009
9 403095634
9 612716159
9 100000009
9 265648339
9 100000009
9 392270937
9 100009
9 100009
9 292574417
9 100000009
9 600259593
9 694553602
9 278384259
9 100000009
9 100009
9 212288279
9 632100489
9 944293632
9 370341479
9 747636759
9 482409818
9 594169671
9 779419518
9 148032992
9 100000009
9 434816229
9 10009
9 236265329
9 538456079
9 705955501
9 847125994
9 100009
9 100009
9 413244293
9 404723709
9 982787692
9 181283629
9 549818056
9 100009
9 263678529
9 100009
9 383032139
9 10009
9 567534986
9 100009
9 921891001
9 100000009
9 100009
9 981305587
9 100009
9 100000009
9 833749859
9 443309092
9 962573196
9 985225610
9 817048459
9 236049380
9 783531179
9 603536869
9 530631029
9 221553589
9 820969510
9 825330869
9 799026587
9 100009
9 280839334
9 100009
9 100009
9 779743475
9 100009
9 100009
9 10009
9 877412189
9 114011029
9 438602948
9 475232769
9 100009
9 100009
9 100009
9 744717794
9 10009
9 750254194
9 945680420
9 1009
9 100009
9 418664389
9 207642289
9 857295072
9 663978713
9 100009
9 385766239
9 100009
9 925629670
9 816886849
9 292812700
9 100009
9 946599310
9 892218673
9 456440419
9 791413584
9 100009
9 100009
9 117794620
9 100009
9 967030121
9 689115906
9 958434509
9 685978767
9 149491991
9 100000009
9 100009
9 100009
9 100009
9 100009
9 667549764
9 10009
9 118152509
9 465540339
9 136892688
9 100009
9 100000009
9 395684293
9 690835466
9 100009
9 865773479
9 10009
9 100009
9 634009927
9 572876359
9 100000009
9 100009
9 179310016
9 650688109
9 606547692
9 168528329
9 477388559
9 175078953
9 100000009
9 100000009
9 100009
9 828343679
9 379902360
9 747934412
9 838994922
9 767325309
9 663494922
9 100009
9 100009
9 622998780
9 146655489
9 214688259
9 100009
9 321040779
9 697897512
9 967014069
9 100000009
9 100009
9 855889011
9 765526959
9 100009
9 829897269
9 324443189
9 1000009
9 100000009
9 848952869
9 100009
9 100009
9 985133387
9 100009
9 100009
9 145112459
9 304412459
9 100009
9 100009
9 646321597
9 678201849
9 370077839
9 909340057
9 292160050
9 134401189
9 731110789
9 10009
9 198243702
9 298747856
9 202108839
9 466983817
9 100009
9 244165169
9 100009
9 45623339
9 903657334
9 100009
9 100000009
9 1000009
9 100009
9 868123689
9 186247698
9 100009
9 100009
9 100009
9 664238922
9 928305042
9 167540229
9 880056469
9 332003719
9 642938262
9 100009
9 100009
9 100000009
9 640643309
9 518086089
9 887757159
9 100009
9 965506854
9 100009
9 100000009
9 452239006
9 100000009
9 100000009
9 100009
9 774692292
9 829960877
9 690890903
9 229328007
9 542754159
9 519578915
9 685686079
9 100009
9 100009
9 100009
9 100009
9 833418289
9 385418829
9 100000009
9 100000009
9 126774889
9 850111529
9 941494800
9 798515863
9 10009
9 100000009
9 100009
9 100009
9 100009
9 100009
9 956454417
9 610289143
9 184031129
9 131891809
9 196932072
9 289554766
9 819583263
9 100000009
9 171928363
9 100009
9 10009
9 100000009
9 844309439
9 392472541
9 100009
9 402360094
9 100000009
9 786555739
9 369053212
9 808937734
9 481640319
9 230749675
9 100009
9 100000009
9 222147209
9 891679697
9 100009
9 100009
9 100000009
9 907552445
9 100009
9 100000009
9 181108059
9 100009
9 858482797
9 100009
9 574176859
9 959512470
9 191522880
9 303432879
9 100000009
9 100000009
9 778406936
9 651164169
9 100009
9 100009
9 100009
9 358264339
9 100000009
9 100009
9 212221009
9 924949853
9 100000009
9 954003316
9 100009
9 443829120
9 712619293
9 100000009
9 191882758
9 100000009
9 459626184
9 100009
9 942741721
9 100009
9 865000593
9 814830169
9 119726731
9 925083521
9 10009
9 644102069
9 583552149
9 830048269
9 100009
9 371942665
9 161917904
9 890361656
9 100000009
9 100009
9 100000009
9 418917772
9 671846946
9 965652253
9 812675649
9 100009
9 100000009
9 994463175
9 100000009
9 682117894
9 100009
9 578981148
9 422148395
9 614065629
9 435541419
9 886905039
9 100000009
9 324533519
9 100009
9 100000009
9 933911156
9 100009
9 100009
9 100009
9 259872060
9 331821279
9 100009
9 100000009
9 100009
9 100009
9 439034682
9 100000009
9 911466845
9 100000009
9 328760189
9 163872629
9 100009
9 100009
9 833778709
9 808704629
9 753727729
9 100009
9 100000009
9 100000009
9 100000009
9 487700239
9 258205519
9 292799073
9 635032619
9 100009
9 405137950
9 100009
9 168023649
9 656797674
9 289983934
9 803731139
9 1000009
9 981612773
9 274649790
9 937599727
9 922614555
9 100009
9 100000009
9 123985024
9 860889797
9 100009
9 311228039
9 100009
9 167471129
9 100009
9 905931280
9 841949577
9 795819670
9 668539143
9 333220139
9 828764189
9 100009
9 100000009
9 380228149
9 100000009
9 100009
9 100009
9 991958706
9 341513029
9 234625839
9 100009
9 800117179
9 58402149
9 630894073
9 100009
9 100000009
9 10009
9 100009
9 116415209
9 367579830
9 100009
9 491262707
9 812975062
9 937346985
9 659076524
9 372575932
9 100009
9 116515259
9 703935269
9 100009
9 708952629
9 100009
9 100000009
9 815258319
9 100009
9 100009
9 217946518
9 100000009
9 235153379
9 101163949
9 829036363
9 206089422
9 100009
9 215098214
9 929447133
9 100009
9 100009
9 100009
9 100000009
9 110936022
9 216138269
9 100009
9 1000009
9 129712812
9 632915033
9 834457179
9 100000009
9 661354971
9 735432679
9 343964559
9 100009
9 521638339
9 100000009
9 906020522
9 825768339
9 852870429
9 866665889
9 100009
9 100000009
9 924286550
9 105755009
9 186112609
9 928707026
9 698478904
9 853970182
9 100009
9 384735709
9 408741819
9 787885449
9 493522867
9 748431769
9 100000009
9 264256419
9 100009
9 100009
9 100458109
9 823712549
9 100009
9 100009
9 100009
9 652983168
9 1000009
9 10009
9 856954924
9 955645191
9 845967959
9 100009
9 265328059
9 463230579
9 100000009
9 712062589
9 366705149
9 100009
9 290269055
9 100009
9 700137159
9 579924630
9 100009
9 240295064
9 547920259
9 100009
9 791264900
9 842943560
9 231107179
9 100000009
9 100000009
9 511519265
9 501668719
9 384066039
9 928217000
9 10009
9 911344531
9 564318395
9 100009
9 737850109
9 612174309
9 984254247
9 100009
9 100009
9 100009
9 100000009
9 893334911
9 525503839
9 10009
9 212655739
9 331173469
9 812554469
9 10009
9 795992135
9 76112539
9 396157453
9 680492742
9 553186449
9 100009
9 100000009
9 995172599
9 429448445
9 100009
9 338411921
9 855674079
9 100000009
9 100009
9 255756928
9 273008709
9 380357592
9 439056016
9 100000009
9 321988869
9 100009
9 100000009
9 100009
9 100009
9 415449150
9 611839235
9 399934305
9 414607019
9 100009
9 501495767
9 100000009
9 100000009
9 902018343
9 394627692
9 104466490
9 100009
9 848107249
9 595996597
9 436932297
9 259796191
9 403432169
9 100009
9 958138691
9 100009
9 100000009
9 100009
9 994229496
9 100000009
9 658042479
9 295548964
9 288221069
9 100009
9 303580069
9 100009
9 196381693
9 100000009
9 401550179
9 316561269
9 292904479
9 100009
9 435840719
9 100009
9 833189872
9 934540080
9 376649015
9 728320649
9 508824419
9 10009
9 944575204
9 110434209
9 100009
9 801013749
9 573622519
9 615009133
9 100009
9 100000009
9 150985500
9 942011524
9 100000009
9 302049947
9 100009
9 100009
9 100009
9 905800382
9 464838619
9 100000009
9 913550868
9 595757717
9 100000009
9 951235549
9 733099517
9 100009
9 128792461
9 325737269
9 162318729
9 100009
9 619325430
9 100000009
9 456714089
9 993307562
9 671641579
9 771874359
9 100009
9 100009
9 100009
9 690442626
9 655921970
9 100000009
9 919537286
9 100009
9 100009
9 743351929
9 378726092
9 10009
9 100000009
9 100000009
9 106200049
9 100000009
9 858642459
9 100009
9 322934879
9 100000009
9 574820629
9 841595880
9 100009
9 985554447
9 100009
9 419345358
9 100009
9 376415319
9 883804089
9 313135749
9 110629899
9 711343259
9 102927533
9 225091034
9 263301589
9 1000009
9 863025429
9 934360598
9 100009
9 651304169
9 100009
9 100000009
9 672208309
9 100000009
9 100009
9 956884096
9 198741997
9 376742579
9 100009
9 901563557
9 621456709
9 100009
9 100009
9 100000009
9 100009
9 653433419
9 186130911
9 729635086
9 100009
9 835386089
9 432392731
9 1009
9 559624959
9 100009
9 833833907
9 624560793
9 1000009
9 100009
9 927668294
9 100009
9 965231887
9 598665215
9 100009
9 136897538
9 147150579
9 506888489
9 745806549
9 739142123
9 204617959
9 100000009
9 633610279
9 769821671
9 822604079
9 571204509
9 100009
9 100009
9 100009
9 661026229
9 149151809
9 784465329
9 100000009
9 435815859
9 100009
9 284115599
9 982736044
9 100009
9 100000009
9 100009
9 100009
9 729800121
9 233575429
9 519346554
9 100000009
9 837336169
9 635355529
9 998689724
9 100009
9 438065449
9 567989768
9 1000009
9 100009
9 903371239
9 100009
9 100009
9 100000009
9 203893615
9 773173119
9 989067033
9 138252629
9 586411769
9 100009
9 845431937
9 10009
9 298743782
9 100009
9 689217091
9 876932903
9 493744296
9 100000009
9 370077029
9 870609935
9 100000009
9 356619778
9 817829631
9 552986754
9 752946906
9 100000009
9 995410319
9 100009
9 692813212
9 100009
9 824142429
9 100000009
9 100009
9 100009
9 497020463
9 717009809
9 100009
9 413827409
9 406989844
9 753370209
9 682110159
9 100009
9 100009
9 100000009
9 475947837
9 896094904
9 389021600
9 172879847
9 584409272
9 181091499
9 874674918
9 100009
9 326872819
9 122798848
9 743046659
9 10009
9 100009
9 100009
9 100009
9 357824679
9 100009
9 991431931
9 919128480
9 100009
9 840831059
9 803644949
9 835368079
9 973030452
9 872235391
9 100009
9 481843839
9 10009
9 271071559
9 870082139
9 263169678
9 132328595
9 794563983
9 664095228
9 100000009
9 100009
9 100000009
9 100009
9 100009
9 453330189
9 156033769
9 665723169
9 100009
9 755207279
9 1000009
9 100009
9 783010983
9 347498584
9 100009
9 226617069
9 100009
9 102880749
9 229557377
9 252190478
9 661669589
9 686439457
9 100000009
9 100000009
9 675350469
9 248276964
9 100000009
9 100009
9 317049409
9 246832119
9 857090428
9 239110254
9 483347439
9 463613369
9 959273541
9 539031988
9 269640912
9 593227835
9 105186759
9 766799623
9 750843977
9 100009
9 100000009
9 947686858
9 100000009
9 141529333
9 100000009
9 100000009
9 100009
9 959293233
9 531223669
9 747761229
9 476169082
9 354671229
9 844712629
9 799053554
9 134418947
9 112312994
9 100000009
9 510598840
9 100009
9 100009
9 822804269
9 100009
9 455402129
9 100000009
9 207838739
9 100009
9 100000009
9 100009
9 484232169
9 174226694
9 100009
9 553030895
9 100009
9 592318769
9 735364789
9 497262074
9 265218049
9 479538730
9 100009
9 100000009
9 192914527
9 100000009
9 685719211
9 850793286
9 373531519
9 100009
9 100000009
9 893848284
9 264250409
9 503550189
9 100000009
9 864100519
9 100009
9 351553509
9 635211439
9 1009
9 740616729
9 105323309
9 785157977
9 100009
9 100009
9 100009
9 100009
9 637349621
9 147153594
9 145117439
9 100009
9 391812139
9 677656219
9 100009
9 166357369
9 241237709
9 100009
9 323744389
9 507048049
9 100009
9 958265873
9 100000009
9 100000009
9 482607259
9 204972275
9 797013095
9 100009
9 825596289
9 418745849
9 301152239
9 100009
9 568406329
9 770650259
9 100009
9 100009
9 195162889
9 100000009
9 100009
9 100009
9 100009
9 930250064
9 100009
9 919994996
9 100009
9 902532865
9 1000009
9 100009
9 469532563
9 100000009
9 100000009
9 100009
9 471493733
9 100000009
9 741929736
9 392866138
9 990669917
9 100009
9 100009
9 100009
9 100009
9 100009
9 199007789
9 922896179
9 100009
9 100009
9 100009
9 100009
9 101438149
9 343601039
9 406298101
9 721965166
9 100009
9 100009
9 100009
9 551880489
9 100000009
9 100009
9 605933295
9 461779467
9 100009
9 100000009
9 100009
9 808707309
9 182737961
9 100009
9 367444539
9 256594303
9 578540759
9 545647059
9 100000009
9 100009
9 720700729
9 316764391
9 801024689
9 100009
9 712045409
9 250272239
9 100000009
9 100009
9 100009
9 294148131
9 317037559
9 100000009
9 100000009
9 499374919
9 692384659
9 100009
9 674113709
9 786335596
9 566410918
9 732359569
9 132240869
9 642827529
9 528194676
9 100009
9 100009
9 503951606
9 100009
9 100009
9 694055928
9 293421009
9 667216579
9 100009
9 100000009
9 100000009
9 214785489
9 100009
9 149327805
9 100009
9 100009
9 155073439
9 458083259
9 823432239
9 244333759
9 602392681
9 100009
9 100000009
9 100009
9 554347819
9 690026898
9 507176988
9 175044059
9 252977226
9 489300470
9 216234559
9 100009
9 894232747
9 166174329
9 921619822
9 110916128
9 684414529
9 10009
9 512986874
9 902984133
9 332180359
9 100009
9 100009
9 480136915
9 793932097
9 432368942
9 100000009
9 668999551
9 100000009
9 352008339
9 236448859
9 264334409
9 698427137
9 100009
9 510824179
9 100009
9 911410416
9 400802819
9 100000009
9 100009
9 100009
9 353676339
9 100000009
9 919436372
9 100009
9 100009
9 100009
9 488222079
9 417592415
9 617300069
9 695824207
9 1000009
9 100000009
9 100009
9 978781182
9 521085709
9 100009
9 731584829
9 952614906
9 636735759
9 100000009
9 506100913
9 543665029
9 100009
9 100009
9 713502519
9 100009
9 100009
9 237843879
9 100000009
9 653646159
9 613831969
9 788851269
9 634252789
9 117641839
9 873755779
9 100000009
9 100000009
9 391219303
9 100009
9 100009
9 638272569
9 100009
9 100009
9 100009
9 819232744
9 523716089
9 974984354
9 865008269
9 880157419
9 100000009
9 100009
9 433774089
9 100009
9 261330879
9 100009
9 825962650
9 246729583
9 100000009
9 100000009
9 103830479
9 338528369
9 100009
9 779813743
9 100000009
9 286865349
9 826080922
9 915385598
9 988738258
9 298658719
9 799966672
9 578729704
9 100009
9 100009
9 100009
9 100009
9 1000009
9 100009
9 100009
9 345588009
9 100009
9 811676976
9 953561161
9 100009
9 100009
9 729231383
9 365181089
9 371890558
9 866038689
9 100009
9 100009
9 100009
9 100000009
9 100000009
9 183762649
9 687776789
9 760895641
9 100009
9 100009
9 936169413
9 654956822
9 10009
9 100000009
9 100009
9 100009
9 506859009
9 353824921
9 859870146
9 323588729
9 100009
9 146624719
9 100000009
9 541397865
9 100000009
9 100009
9 382697905
9 765581849
9 233370289
9 794619764
9 100000009
9 810960707
9 878766079
9 645849624
9 706824279
9 100009
9 100009
9 100009
9 378497902
9 881873019
9 604360094
9 832480519
9 100000009
9 864423693
9 204899955
9 100009
9 798472300
9 100000009
9 251255579
9 100009
9 362050019
9 100009
9 100009
9 246711559
9 100000009
9 915982325
9 100000009
9 100815389
9 100009
9 670452091
9 100000009
9 313686948
9 10009
9 100009
9 582722779
9 222898205
9 321439122
9 100000009
9 101085329
9 898463540
9 559024847
9 100009
9 246716489
9 630620189
9 593851272
9 961344473
9 262766932
9 569401433
9 802964195
9 700495350
9 252164795
9 100009
9 100009
9 298527085
9 244320429
9 228639086
9 138429168
9 943956749
9 100009
9 355688391
9 604480729
9 100009
9 275908166
9 100000009
9 100009
9 315205498
9 100000009
9 100009
9 100009
9 240498753
9 100009
9 783591578
9 669259311
9 606833859
9 412406349
9 118639933
9 10009
9 951025615
9 294491815
9 168380459
9 511583129
9 100009
9 697337949
9 100009
9 662352109
9 100000009
9 734815395
9 100009
9 675601669
9 409198239
9 399918922
9 562629188
9 847112935
9 193955582
9 166052869
9 900738757
9 475612169
9 909434972
9 100009
9 100009
9 100009
9 780959186
9 100009
9 161000439
9 332077249
9 100009
9 100000009
9 711383859
9 100000009
9 648211549
9 692676885
9 100009
9 100009
9 819705723
9 100000009
9 100000009
9 100009
9 100000009
9 573595561
9 224201169
9 100009
9 100009
9 100000009
9 100009
9 100000009
9 954965630
9 125142439
9 220086189
9 100000009
9 841517079
9 100000009
9 821652239
9 100009
9 740195494
9 646680029
9 100009
9 100009
9 602785972
9 100000009
9 555389567
9 100000009
9 212316559
9 100009
9 100000009
9 100000009
9 100009
9 132138029
9 278772279
9 782206409
9 763960577
9 944736793
9 758126119
9 107145549
9 100000009
9 100009
9 397507231
9 100000009
9 100009
9 889201210
9 100009
9 100000009
9 678391186
9 702811719
9 975635239
9 100000009
9 100009
9 100009
9 100009
9 100009
9 100009
9 100009
9 364142289
9 638918673
9 178505459
9 11808049
9 100009
9 489791378
9 212660908
9 10009
9 100000009
9 100009
9 635170896
9 137873389
9 769020015
9 942329358
9 100009
9 964612559
9 100009
9 100000009
9 100000009
9 100009
9 10009
9 667809835
9 515708795
9 100000009
9 957319709
9 269405924
9 711330469
9 713175529
9 100009
9 100009
9 775479630
9 126814349
9 149414413
9 916396509
9 100009
9 110899415
9 826230639
9 456481619
9 510617869
9 100000009
9 156407429
9 100009
9 934359511
9 1000009
9 10009
9 972970642
9 184928831
9 432736469
9 204473439
9 873645119
9 100009
9 318394191
9 202012779
9 828463389
9 186620549
9 403626349
9 450142953
9 10009
9 100009
9 675474179
9 467823973
9 537970149
9 100009
9 100009
9 982726514
9 100009
9 726377209
9 598760812
9 858186689
9 155102908
9 100009
9 528385189
9 100009
9 291840997
9 872286295
9 100000009
9 513452739
9 752414971
9 914830055
9 100009
9 548099952
9 683963531
9 783039490
9 100009
9 804310791
9 100000009
9 271585649
9 100009
9 100000009
9 100009
9 100009
9 100009
9 198185851
9 100009
9 381071879
9 100009
9 550980151
9 100009
9 100009
9 388236709
9 456982414
9 1000009
9 100000009
9 100009
9 405913235
9 632847649
9 704324195
9 726597928
9 389357769
9 625702119
9 100000009
9 335872983
9 415911995
9 262329595
9 880550649
9 100000009
9 469534034
9 540467889
9 533899103
9 100009
9 937536117
9 366844259
9 100009
9 223601129
9 100000009
9 100000009
9 546054609
9 406841219
9 10009
9 100000009
9 170250689
9 100009
9 988790249
9 629060367
9 100000009
9 128773895
9 720373629
9 100009
9 486543292
9 340351589
9 223576429
9 100009
9 415569095
9 100009
9 173207549
9 748358609
9 100000009
9 197821930
9 100000009
9 309887718
9 800264429
9 465600229
9 100000009
9 496667013
9 100000009
9 100009
9 100009
9 805990663
9 731126229
9 753641459
9 100009
9 906182238
9 151783769
9 100000009
9 10009
9 100009
9 100009
9 196126422
9 523387779
9 376245279
9 100009
9 300573983
9 677026900
9 541687349
9 100000009
9 100009
9 349848698
9 344198296
9 412256039
9 100009
9 105575309
9 100009
9 100000009
9 758514289
9 322282319
9 100009
9 100009
9 100000009
9 902588792
9 10009
9 100009
9 100009
9 504733449
9 724275519
9 100009
9 401241109
9 516419302
9 874294651
9 194419093
9 485327309
9 778860198
9 897806977
9 561604069
9 333481249
9 100009
9 100009
9 750657590
9 829037679
9 100000009
9 214543669
9 250062409
9 216772982
9 676485789
9 838013109
9 682916258
9 100009
9 100009
9 709416591
9 100000009
9 100009
9 312841798
9 859244858
9 100009
9 182633169
9 746303419
9 603203910
9 356608629
9 100000009
9 100009
9 315445319
9 435679182
9 100009
9 100009
9 421772369
9 130688889
9 100009
9 100009
9 392352665
9 621564869
9 848516229
9 238212669
9 550197113
9 100009
9 592309166
9 878968491
9 100009
9 100009
9 448006519
9 110533998
9 100009
9 10009
9 135568509
9 100000009
9 910950898
9 100000009
9 100000009
9 100000009
9 100009
9 100000009
9 497162137
9 100009
9 252607379
9 350534169
9 404834429
9 353276129
9 100009
9 488535759
9 428705149
9 100009
9 518531089
9 453673419
9 404396686
9 669166855
9 888706429
9 329639671
9 100009
9 100009
9 596154250
9 593553593
9 100009
9 100000009
9 755762579
9 910267785
9 100000009
9 100009
9 475275129
9 100009
9 398445457
9 140846549
9 886535749
9 10009
9 100009
9 270532439
9 909803815
9 100009
9 100000009
9 100009
9 100009
9 530573029
9 463457279
9 100000009
9 126626079
9 111510796
9 403525009
9 10009
9 561069453
9 100009
9 301804789
9 100009
9 100009
9 100009
9 100009
9 100000009
9 346536792
9 100000009
9 518502509
9 100000009
9 100009
9 215115669
9 100009
9 100009
9 1009
9 100009
9 919699065
9 903028471
9 100009
9 483986260
9 100009
9 10009
9 100009
9 100000009
9 632253039
9 915684213
9 100009
9 100009
9 763975804
9 478189766
9 772943782
9 100009
9 100009
9 155566759
9 450851891
9 100009
9 756745639
9 100000009
9 134413829
9 509549406
9 100009
9 556694494
9 886735219
9 806487459
9 100009
9 100009
9 475814229
9 191656817
9 100009
9 953167933
9 100009
9 100009
9 958651358
9 940683764
9 100009
9 990204448
9 223484749
9 100009
9 940199563
9 500270869
9 518409995
9 937454736
9 1000009
9 562661589
9 100000009
9 584512395
9 560313639
9 155112179
9 10009
9 100009
9 100009
9 100009
9 10009
9 863973152
9 970913952
9 957957071
9 100009
9 100009
9 367881039
9 948635212
9 296997750
9 100009
9 100009
9 822245819
9 100009
9 100009
9 100009
9 991352184
9 496011128
9 806849822
9 100009
9 501857639
9 737413819
9 346796056
9 553044149
9 316192373
9 127169360
9 1000009
9 125103309
9 100009
9 769124322
9 861753619
9 295182879
9 312138689
9 967767761
9 301722619
9 100000009
9 940880665
9 347143109
9 100000009
9 971988508
9 260880009
9 436072119
9 331908996
9 100000009
9 100000009
9 100009
9 263011149
9 112545589
9 100000009
9 10009
9 196440912
9 323368049
9 100009
9 100009
9 748815059
9 283038229
9 100009
9 10009
9 340079707
9 577308819
9 272399667
9 100009
9 100009
9 710288629
9 996447810
9 100009
9 707464769
9 507218429
9 231173369
9 10009
9 10009
9 998949721
9 287363494
9 100009
9 900619472
9 145220909
9 100009
9 10009
9 472101409
9 158794490
9 369692410
9 158925565
9 328613789
9 100000009
9 220558859
9 199410517
9 100009
9 100000009
9 100000009
9 344364749
9 642958213
9 785936132
9 100009
9 100009
9 100009
9 765722319
9 354135329
9 100009
9 100009
9 100009
9 644850179
9 578287249
9 100009
9 432018169
9 674349435
9 577780909
9 675210259
9 100000009
9 626585279
9 717108298
9 164513749
9 100000009
9 1000009
9 287387679
9 100000009
9 449091133
9 213958285
9 779619721
9 326780459
9 426724239
9 392040086
9 950046211
9 912760371
9 960860851
9 100009
9 276412089
9 346630819
9 721237859
9 100000009
9 100009
9 519868889
9 142149068
9 100009
9 598188002
9 100000009
9 100009
9 650832709
9 100000009
9 278078149
9 100009
9 100506982
9 100009
9 451539453
9 808941770
9 731677119
9 896799018
9 104692481
9 881188569
9 580018759
9 469920591
9 100000009
9 825752659
9 100009
9 732361669
9 1000009
9 100009
9 877714309
9 336603629
9 100009
9 447866639
9 100009
9 100000009
9 537207139
9 100009
9 664530239
9 100000009
9 100000009
9 761801976
9 100009
9 780495458
9 100000009
9 100000009
9 506081029
9 482356519
9 565825769
9 105048219
9 482484059
9 769173508
9 100009
9 418632859
9 102784239
9 100000009
9 219306424
9 432716793
9 100009
9 100000009
9 628477968
9 898985002
9 100009
9 909326640
9 537328609
9 100009
9 561513249
9 200497903
9 100000009
9 100000009
9 307467889
9 985198650
9 100000009
9 100000009
9 859510266
9 565356289
9 575061129
9 215546379
9 100000009
9 100009
9 100009
9 769433930
9 888269364
9 583537409
9 404660926
9 664435159
9 734345359
9 984743410
9 703595886
9 100009
9 982669310
9 100000009
9 100009
9 299121171
9 631645689
9 330953635
9 100009
9 100009
9 100000009
9 100009
9 229097614
9 100009
9 806206039
9 120830439
9 724560009
9 343603719
9 100000009
9 361731192
9 582574059
9 389908576
9 727437996
9 888317229
9 470413792
9 100000009
9 100009
9 487114946
9 587932797
9 871080449
9 830169140
9 10009
9 495125791
9 100009
9 10009
9 100000009
9 694545479
9 100009
9 100000009
9 814605469
9 100009
9 100009
9 100009
9 667442595
9 110920698
9 816064429
9 264121592
9 276406497
9 420716429
9 463354009
9 100009
9 561478379
9 100009
9 100000009
9 836636379
9 527608779
9 492454984
9 100009
9 605208609
9 100000009
9 627646719
9 883879608
9 275613469
9 100009
9 222753369
9 189508830
9 425375094
9 267677019
9 1000009
9 439021782
9 100009
9 309669896
9 100009
9 100000009
9 773800791
9 246183309
9 100009
9 100000009
9 801457829
9 100000009
9 1000009
9 216031129
9 939864805
9 638150198
9 998302627
9 100009
9 744926807
9 395123781
9 861076769
9 100000009
9 540826389
9 938729451
9 100009
9 122997939
9 100000009
9 326654691
9 749322424
9 320519349
9 100009
9 102569695
9 322948236
9 100009
9 858306589
9 10009
9 634062169
9 395718987
9 100009
9 501215389
9 100000009
9 26850239
9 641473639
9 569277495
9 100000009
9 100009
9 10009
9 251714229
9 313594597
9 100009
9 100009
9 725836679
9 100009
9 100009
9 100000009
9 870841239
9 100009
9 100009
9 333138579
9 100000009
9 656467089
9 728898698
9 386015953
9 528669330
9 10009
9 468939644
9 1000009
9 466888079
9 103747694
9 669273847
9 631673779
9 906752173
9 100009
9 100000009
9 232896069
9 925257967
9 100009
9 325199310
9 425492478
9 686482029
9 836852689
9 100000009
9 100000009
9 345947613
9 100009
9 435406029
9 410048197
9 100009
9 100009
9 178384769
9 100009
9 774231789
9 100009
9 100009
9 100009
9 119278598
9 260449407
9 257267859
9 100009
9 100000009
9 100009
9 167762939
9 413762269
9 100009
9 974648328
9 687293468
9 10009
9 883113569
9 924886975
9 410067819
9 227639748
9 905748117
9 652834909
9 868272479
9 970768971
9 877610759
9 100000009
9 100009
9 336542469
9 102432946
9 664070359
9 907098849
9 510181962
9 507189298
9 917494801
9 232991023
9 838121369
9 302144219
9 100009
9 742552939
9 100000009
9 916902804
9 100009
9 629411861
9 680235249
9 100009
9 538524109
9 100009
9 624888759
9 627097917
9 100009
9 100009
9 185661249
9 100009
9 100009
9 797228596
9 100009
9 441154915
9 518347992
9 421019031
9 100000009
9 100000009
9 100009
9 972255892
9 497198133
9 666456759
9 566391345
9 100000009
9 100000009
9 438361229
9 674610419
9 100000009
9 219288601
9 100009
9 100000009
9 100009
9 213508149
9 100009
9 904775587
9 212244669
9 100009
9 100009
9 100000009
9 914207386
9 115458269
9 768880479
9 971182388
9 650742389
9 854479508
9 10009
9 160815769
9 100009
9 100000009
9 454625269
9 100009
9 326920353
9 571653911
9 301351499
9 894890945
9 853996414
9 960389619
9 100009
9 426129019
9 580343019
9 930007513
9 119722814
9 546741339
9 100009
9 134222499
9 440064905
9 100009
9 100009
9 336107569
9 609492785
9 100000009
9 100009
9 282009655
9 371906948
9 363405499
9 833288839
9 700393943
9 100009
9 221488592
9 111425089
9 100009
9 100000009
9 670687869
9 206491053
9 186681249
9 714511795
9 332694279
9 100000009
9 839543823
9 150994560
9 100009
9 100000009
9 224526149
9 100000009
9 100000009
9 542789964
9 582754859
9 174196487
9 789269872
9 100009
9 114342956
9 100009
9 296824950
9 100009
9 224340698
9 837058729
9 645954267
9 100009
9 774549541
9 1000009
9 338908387
9 123721609
9 10009
9 279213458
9 100009
9 100009
9 321250191
9 111838769
9 737783009
9 100009
9 100009
9 390206817
9 987218697
9 637659343
9 100009
9 240503679
9 100009
9 133019445
9 100009
9 581292326
9 327021859
9 397684246
9 922199467
9 887725289
9 331767229
9 656716139
9 767445219
9 326480439
9 100009
9 513972336
9 879714100
9 550596558
9 957036340
9 907840148
9 100009
9 100000009
9 643824809
9 797034151
9 100009
9 100009
9 100009
9 598802549
9 329792665
9 730502319
9 1000009
9 608082495
9 1009
9 361903485
9 251542309
9 595435284
9 862593684
9 148077039
9 100009
9 677657669
9 100009
9 100009
9 100009
9 100009
9 100009
9 114587829
9 753048269
9 100009
9 662966250
9 100009
9 611467369
9 874076519
9 100000009
9 800011759
9 100009
9 436142509
9 302825509
9 724851629
9 501581739
9 1000009
9 850032039
9 462809389
9 846304297
9 100009
9 495118930
9 100009
9 896240346
9 561796772
9 100009
9 894208352
9 669987425
9 792232931
9 541249270
9 899073257
9 100009
9 100000009
9 449011346
9 550843789
9 100009
9 100009
9 400164859
9 100009
9 555211984
9 187799089
9 887933988
9 668544019
9 461189041
9 100009
9 100009
9 100009
9 364393836
9 49924132
9 626383469
9 793640196
9 640996026
9 362009003
9 564111797
9 924709165
9 100009
9 864431079
9 207084139
9 507782239
9 417321659
9 295391182
9 368223589
9 998773486
9 650668059
9 394425249
9 100009
9 100009
9 100009
9 10009
9 459047569
9 106204629
9 100000009
9 100009
9 425099937
9 257321999
9 977502271
9 444366239
9 203425639
9 628332998
9 100009
9 436786739
9 100000009
9 580378964
9 100009
9 971310454
9 100009
9 100000009
9 100009
9 238384069
9 100000009
9 192331221
9 509597725
9 100009
9 100009
9 770276694
9 100009
9 100000009
9 964817494
9 100009
9 100009
9 957842149
9 453613509
9 408397063
9 478449996
9 100009
9 676156889
9 330602249
9 760509289
9 378314259
9 100009
9 361534249
9 560837109
9 991720021
9 100009
9 100009
9 100000009
9 100009
9 100009
9 100009
9 212295625
9 697601254
9 100009
9 100009
9 46479100
9 910142947
9 100000009
9 100000009
9 100000009
9 922301814
9 747570829
9 723482429
9 727094145
9 100009
9 100009
9 100000009
9 641421409
9 415320339
9 10009
9 100009
9 281949302
9 257441149
9 272708019
9 399442133
9 100000009
9 682712179
9 737880339
9 176463779
9 100009
9 100009
9 10009
9 515414359
9 574116219
9 845269992
9 516052789
9 10009
9 100009
9 983986877
9 10009
9 969401307
9 580206189
9 522171769
9 100009
9 771773689
9 766089887
9 799776682
9 691804774
9 923681042
9 394266496
9 721193677
9 100009
9 100009
9 901332208
9 276915802
9 10009
9 100000009
9 471104193
9 332999525
9 100009
9 657649315
9 227870896
9 100009
9 100009
9 485912676
9 428523949
9 725701069
9 150199213
9 100009
9 720268529
9 802601296
9 407192885
9 436707559
9 100009
9 100009
9 994216802
9 443405339
9 100009
9 221223839
9 100000009
9 100009
9 958995164
9 100009
9 696514092
9 775434749
9 100009
9 100009
9 1000009
9 917183826
9 177653429
9 365861890
9 100009
9 291987873
9 551873729
9 854511729
9 413038669
9 100009
9 100000009
9 113643669
9 567474069
9 100009
9 100009
9 832955041
9 100009
9 386169719
9 100000009
9 934256717
9 359132385
9 867975765
9 643705946
9 233910866
9 180145269
9 100009
9 895397675
9 100009
9 100009
9 958771497
9 100000009
9 691566483
9 362016495
9 100000009
9 632985083
9 100000009
9 435005905
9 274602629
9 852697083
9 100009
9 256297348
9 100009
9 319108054
9 100009
9 100009
9 739948773
9 1000009
9 566804409
9 100009
9 100009
9 100009
9 100009
9 100009
9 191726140
9 114262159
9 100009
9 782129895
9 784486669
9 100009
9 877598535
9 885470639
9 100009
9 100000009
9 547447619
9 986333584
9 506722989
9 988511072
9 363704279
9 326571239
9 100009
9 100000009
9 237715529
9 100009
9 553452739
9 100009
9 100009
9 100000009
9 873905536
9 948622551
9 155230970
9 696574714
9 100009
9 811082192
9 100009
9 100009
9 100009
9 100000009
9 602790783
9 100000009
9 100009
9 100000009
9 100009
9 128415279
9 218143193
9 825716409
9 100009
9 995978860
9 100009
9 357622169
9 589578384
9 989735820
9 945636197
9 100009
9 354920804
9 100000009
9 195866080
9 100009
9 100000009
9 928734155
9 100009
9 592891108
9 149681723
9 522084359
9 581823591
9 100000009
9 100009
9 760374909
9 100009
9 100009
9 349926521
9 242656792
9 712276339
9 847844519
9 237127419
9 100009
9 100009
9 673256169
9 776282929
9 400518059
9 164727689
9 100009
9 100009
9 892005701
9 388146296
9 479617739
9 100009
9 888906237
9 865326149
9 483082119
9 103418359
9 100000009
9 100000009
9 100009
9 802301379
9 431987253
9 100009
9 873662449
9 1009
9 524012859
9 379463067
9 100009
9 100000009
9 706710839
9 971005837
9 100009
9 100009
9 402814469
9 100009
9 821034991
9 347848759
9 100009
9 245966761
9 714643859
9 409231156
9 10009
9 391251054
9 721658409
9 277377249
9 857571879
9 517407109
9 100009
9 100009
9 390593093
9 100009
9 620261109
9 460327879
9 10009
9 100009
9 100009
9 100009
9 918331268
9 10009
9 100000009
9 345697096
9 667797990
9 100000009
9 100009
9 413713759
9 746278289
9 449721611
9 100000009
9 111473629
9 748429583
9 136726579
9 100009
9 918201115
9 100009
9 100000009
9 649946510
9 100009
9 100009
9 783977438
9 803608539
9 100009
9 100009
9 991162076
9 506723059
9 100009
9 403154849
9 313845029
9 257563689
9 100000009
9 436744129
9 778574419
9 100009
9 494761882
9 968159200
9 984663348
9 100009
9 100009
9 100009
9 100009
9 100000009
9 134926710
9 100000009
9 100000009
9 10009
9 100009
9 100009
9 561090630
9 402549315
9 261837329
9 690378909
9 605068059
9 722333039
9 100009
9 169581716
9 100009
9 100000009
9 983619724
9 491090088
9 517991494
9 100009
9 100009
9 908718148
9 100009
9 100009
9 100009
9 100009
9 658278879
9 390214719
9 919092927
9 908402067
9 186345659
9 709924588
9 100009
9 802215629
9 100000009
9 100009
9 100009
9 100009
9 282142549
9 100009
9 871487679
9 557362629
9 929131202
9 563601709
9 687268920
9 10009
9 239870817
9 100009
9 818828619
9 100009
9 497978650
9 477155966
9 528376119
9 349235829
9 672393817
9 100000009
9 578094182
9 100009
9 815292037
9 219905023
9 988801728
9 690732049
9 100009
9 100009
9 772431839
9 718449180
9 10009
9 257866719
9 100009
9 773213359
9 100009
9 676352419
9 100009
9 100009
9 281910457
9 806736329
9 514880097
9 100009
9 775714659
9 232261269
9 456527729
9 251647696
9 185103209
9 100009
9 822235396
9 940898332
9 100000009
9 816366509
9 468882569
9 100000009
9 153449538
9 804894535
9 100009
9 187926536
9 906655801
9 100009
9 100009
9 527389834
9 100009
9 692781753
9 100009
9 677726779
9 664632159
9 100009
9 100009
9 727321659
9 757127059
9 473845889
9 100000009
9 100009
9 10009
9 684736936
9 100000009
9 315360009
9 39403735
9 253604579
9 100000009
9 100000009
9 938100629
9 777939495
9 955646729
9 330554559
9 806234639
9 100009
9 859109096
9 100009
9 100009
9 858074019
9 100000009
9 700950394
9 100009
9 100009
9 316622789
9 100009
9 128493862
9 699415618
9 681011279
9 100009
9 100000009
9 284492087
9 746993890
9 515958353
9 100009
9 160846988
9 971192877
9 717547379
9 559315512
9 579742502
9 100009
9 907190473
9 100000009
9 100009
9 867549111
9 100000009
9 471170496
9 756956014
9 10009
9 376342897
9 750322259
9 100009
9 479004257
9 145416329
9 861302249
9 100009
9 672106529
9 100000009
9 10009
9 100000009
9 100009
9 267692844
9 100009
9 100009
9 100009
9 432540629
9 412512749
9 203926799
9 446622019
9 242573669
9 131087359
9 155139479
9 849749784
9 486044109
9 355795720
9 123287219
9 908486442
9 139598332
9 1000009
9 100009
9 353451289
9 100009
9 108428096
9 100009
9 803503349
9 100000009
9 100009
9 717501509
9 694966118
9 390004711
9 225979211
9 422494758
9 100009
9 100009
9 100009
9 100009
9 399676037
9 100000009
9 356126709
9 100009
9 558800709
9 490351535
9 912459352
9 100009
9 894734260
9 202734819
9 505312759
9 100009
9 496604360
9 532783749
9 100009
9 704784529
9 100009
9 404215169
9 191500662
9 100009
9 100009
9 100009
9 372017639
9 127489676
9 185130259
9 138747769
9 100009
9 758495866
9 370466469
9 302620849
9 981912658
9 182799621
9 100009
9 100009
9 221078009
9 40776259
9 974125254
9 100009
9 382687945
9 100000009
9 900572482
9 514313649
9 100009
9 100009
9 100000009
9 100009
9 158012259
9 977389972
9 634774159
9 122901433
9 681399508
9 100009
9 100009
9 100000009
9 546731309
9 100009
9 173821339
9 850676109
9 914963305
9 100009
9 100000009
9 100009
9 100009
9 908151427
9 889142819
9 10009
9 811548659
9 100009
9 881550931
9 100009
9 37368905
9 100000009
9 115425229
9 258708409
9 249511946
9 100009
9 117315819
9 100000009
9 743598383
9 100009
9 100009
9 100009
9 100009
9 334570439
9 10009
9 660800619
9 169314470
9 100009
9 625324789
9 649389874
9 4904632
9 427411469
9 100009
9 100000009
9 841511469
9 100009
9 100009
9 899241701
9 958395454
9 899434752
9 100009
9 553250429
9 829844128
9 456805289
9 100009
9 100009
9 912721429
9 559241247
9 694131022
9 887630469
9 399417195
9 100009
9 432624129
9 619145840
9 100000009
9 100000009
9 919511644
9 553745769
9 100000009
9 100009
9 100009
9 766432289
9 10009
9 423929789
9 821368859
9 998816308
9 267560529
9 335103239
9 453499998
9 100009
9 100009
9 100009
9 831325319
9 935294445
9 100000009
9 100000009
9 100009
9 432014539
9 100009
9 285738709
9 399502035
9 561417793
9 514747798
9 100009
9 295794540
9 701490981
9 295117457
9 971677716
9 490659762
9 100000009
9 100009
9 516476159
9 100009
9 637959938
9 100009
9 835548859
9 407174009
9 567989946
9 100009
9 100000009
9 703458619
9 437976746
9 413337829
9 100009
9 100009
9 396952723
9 453806889
9 100009
9 173286889
9 10009
9 100009
9 877638209
9 501630491
9 342563869
9 100009
9 607787589
9 235033987
9 100009
9 636749607
9 732570960
9 306181229
9 100009
9 100000009
9 100009
9 100009
9 862491885
9 100000009
9 489914619
9 100000009
9 100009
9 911436965
9 100009
9 937653677
9 100009
9 100009
9 100009
9 100009
9 100000009
9 866858689
9 100009
9 430095291
9 100009
9 100000009
9 100000009
9 298128136
9 100009
9 100000009
9 316577879
9 886758139
9 254823659
9 483053679
9 676196572
9 383490260
9 877636960
9 527965534
9 100000009
9 672189373
9 100009
9 260715129
9 789191360
9 384569484
9 535137669
9 925099442
9 100009
9 772621049
9 100009
9 412781779
9 982912246
9 479803956
9 303205479
9 517329505
9 629587107
9 100009
9 160039566
9 986541972
9 675628089
9 100009
9 100009
9 100009
9 678850679
9 100009
9 100009
9 564942025
9 388215159
9 472993930
9 10009
9 257606859
9 516773569
9 720888719
9 417455923
9 100000009
9 189727453
9 10009
9 102662429
9 161901715
9 100009
9 100009
9 100000009
9 100000009
9 699174031
9 425811379
9 863673239
9 235923641
9 727668917
9 857699977
9 100000009
9 746100992
9 371214849
9 479163203
9 395900310
9 100009
9 100009
9 100000009
9 220408129
9 676587961
9 100009
9 408808109
9 100009
9 792931831
9 692615525
9 100009
9 100009
9 136490779
9 100000009
9 100009
9 368774859
9 207979769
9 100000009
9 100000009
9 510751968
9 100009
9 937342581
9 100009
9 100009
9 581594508
9 652731979
9 151608329
9 815299504
9 100009
9 318303469
9 100000009
9 100009
9 100009
9 100000009
9 100000009
9 100009
9 100000009
9 100009
9 984315169
9 332195941
9 328211249
9 607861849
9 115999963
9 895588312
9 125491431
9 100009
9 100009
9 621519694
9 746097632
9 100009
9 671014912
9 245793236
9 34968626
9 526808649
9 100009
9 588198589
9 100000009
9 100009
9 100009
9 100009
9 100009
9 100009
9 511021129
9 339506420
9 502343739
9 100000009
9 102670629
9 899041810
9 482183679
9 100009
9 443584079
9 846749236
9 383117729
9 100009
9 100009
9 15761179
9 553876449
9 552114049
9 184470159
9 469102228
9 444728729
9 100000009
9 1000009
9 972090124
9 406112249
9 245112079
9 100009
9 897001515
9 291445495
9 595364957
9 100009
9 235875339
9 248762893
9 288477698
9 461881339
9 690576495
9 100009
9 729158725
9 132842579
9 777318029
9 738106119
9 100009
9 286114189
9 100000009
9 808439090
9 100009
9 504784972
9 100009
9 100009
9 100000009
9 970321053
9 100009
9 197944493
9 405036339
9 179382425
9 124321930
9 241226129
9 113998433
9 100000009
9 529118421
9 100009
9 957140825
9 550882809
9 100000009
9 100009
9 1009
9 100000009
9 100009
9 100009
9 100009
9 100009
9 169812623
9 772752769
9 121645889
9 130211079
9 599391373
9 100000009
9 899329259
9 760946213
9 100009
9 138217689
9 100009
9 100009
9 100009
9 100000009
9 450364749
9 100000009
9 100009
9 100009
9 100009
9 100000009
9 100009
9 100009
9 846143089
9 100009
9 665126769
9 439187379
9 928572298
9 100009
9 100000009
9 451297285
9 100000009
9 494630590
9 100009
9 411107791
9 100009
9 792098938
9 211783159
9 785649503
9 343655309
9 242668749
9 100009
9 434066729
9 168332896
9 886918218
9 709664113
9 910557513
9 100009
9 896469729
9 100000009
9 422278609
9 181280309
9 706523191
9 220719366
9 639895640
9 211413960
9 966892248
9 100000009
9 10009
9 297280479
9 100000009
9 100000009
9 425649752
9 119488788
9 715897687
9 100000009
9 443989060
9 582168229
9 100009
9 100009
9 352672769
9 100009
9 603051779
9 100000009
9 100009
9 838066159
9 142355719
9 324064179
9 848705869
9 100009
9 100009
9 100009
9 985532162
9 490766714
9 583466229
9 982549691
9 178364559
9 633576879
9 546047649
9 678574920
9 100009
9 100009
9 100009
9 903803408
9 100000009
9 100009
9 327443109
9 100009
9 100000009
9 930877689
9 425632469
9 100009
9 266690953
9 100009
9 372826649
9 380453889
9 100009
9 100009
9 796566069
9 252127098
9 404712499
9 680286659
9 186696297
9 425762289
9 535821239
9 644163962
9 100009
9 626199727
9 348716839
9 100009
9 774520769
9 367219288
9 831600069
9 100009
9 340777809
9 383001369
9 363453729
9 402134579
9 924328752
9 444765169
9 664000489
9 620829007
9 100009
9 561251689
9 584646579
9 647812879
9 100009
9 159323118
9 883559399
9 100009
9 100000009
9 100009
9 152256589
9 902484439
9 148880379
9 375946194
9 100009
9 293712374
9 274273297
9 100009
9 100009
9 100009
9 100000009
9 100009
9 474529717
9 955246489
9 100000009
9 100009
9 130748679
9 100009
9 989981458
9 999676480
9 100009
9 171813579
9 554353092
9 426375509
9 100000009
9 953972167
9 100009
9 898087750
9 592644883
9 100009
9 100000009
9 462580894
9 100009
9 100000009
9 100009
9 489373454
9 820249186
9 451155039
9 100009
9 571344259
9 658555695
9 362513429
9 100009
9 403627759
9 349450493
9 276944260
9 991250947
9 100000009
9 719189560
9 476581529
9 100009
9 100009
9 100000009
9 402799590
9 100009
9 100000009
9 903224169
9 208505090
9 922938105
9 135609115
9 706358879
9 1009
9 1009
9 656051169
9 616956562
9 653392146
9 38391504
9 595196265
9 100009
9 100009
9 380981458
9 601781449
9 100009
9 730614179
9 812022879
9 104735193
9 100009
9 118354609
9 578848459
9 574714029
9 124913055
9 616271898
9 171791130
9 100009
9 911828377
9 749451821
9 100000009
9 100009
9 744632149
9 982240445
9 480179254
9 100000009
9 318034329
9 325290304
9 910073245
9 510322649
9 540390641
9 100000009
9 100000009
9 181841419
9 100000009
9 100009
9 896979352
9 100009
9 474328695
9 920949313
9 860660549
9 681291897
9 100009
9 100009
9 100000009
9 948866309
9 384803439
9 335318589
9 100000009
9 987204207
9 100009
9 619956082
9 122573987
9 100009
9 100009
9 100009
9 100009
9 519791081
9 399562257
9 502858269
9 808876829
9 100009
9 10009
9 100009
9 927872321
9 100000009
9 572764469
9 100009
9 872156539
9 357973555
9 100009
9 136770398
9 709110638
9 502881259
9 100009
9 100009
9 798144279
9 946835669
9 100009
9 100009
9 100009
9 100009
9 100009
9 100009
9 100000009
9 100009
9 100009
9 883842359
9 100009
9 935417148
9 394744506
9 823268489
9 257342819
9 386962594
9 108719065
9 345346549
9 100009
9 806959672
9 100009
9 100000009
9 533735109
9 454355972
9 100009
9 100009
9 100009
9 100009
9 780743292
9 10009
9 405197956
9 100009
9 121086749
9 100009
9 721327449
9 700586299
9 100000009
9 726979323
9 100009
9 100009
9 100000009
9 807648289
9 100009
9 100000009
9 514305689
9 255702489
9 100000009
9 320962880
9 100009
9 147818439
9 100009
9 100009
9 100009
9 731492122
9 527245891
9 100009
9 622780649
9 100009
9 263769228
9 319080046
9 273157290
9 100000009
9 777182940
9 297606844
9 602893817
9 648455669
9 100009
9 100009
9 967847268
9 205610049
9 519753358
9 100000009
9 203825789
9 507202779
9 934897389
9 668620394
9 683232569
9 183347908
9 100009
9 100009
9 628094744
9 100009
9 822572869
9 326601169
9 100009
9 175246598
9 401302339
9 588588189
9 100009
9 100009
9 580692498
9 100009
9 100009
9 100000009
9 100000009
9 100000009
9 100009
9 100009
9 907753255
9 125680940
9 847094772
9 314574859
9 559661495
9 957803346
9 227976012
9 986061667
9 580630039
9 100000009
9 100009
9 636099219
9 144148479
9 100009
9 553666259
9 100009
9 628902393
9 706615249
9 472103939
9 304265329
9 818515849
9 287513829
9 100009
9 389069118
9 100009
9 100009
9 1000009
9 895217366
9 802437859
9 814025689
9 493969576
9 100009
9 526383469
9 319479765
9 100009
9 259103399
9 583990586
9 100000009
9 100000009
9 629795169
9 100009
9 100009
9 962125251
9 533208189
9 467805109
9 100009
9 809830171
9 100000009
9 100009
9 733825409
9 100009
9 100009
9 100009
9 100000009
9 100000009
9 169046299
9 364697984
9 100000009
9 824156439
9 100009
9 100009
9 165313195
9 857475159
9 100009
9 10009
9 507859217
9 937973210
9 783307519
9 823953377
9 609853843
9 100000009
9 100000009
9 102121669
9 100000009
9 100009
9 789664833
9 100000009
9 457147191
9 696904432
9 100009
9 10009
9 100000009
9 939425891
9 100000009
9 10009
9 410483579
9 100009
9 497481768
9 100009
9 100009
9 100000009
9 100009
9 360278639
9 100009
9 503123829
9 319370541
9 100009
9 100009
9 100009
9 958674467
9 100009
9 100000009
9 100009
9 243508899
9 582844459
9 140299975
9 935439418
9 917369469
9 705375489
9 332167249
9 134298513
9 100009
9 100009
9 922117194
9 213922390
9 100009
9 486600609
9 100009
9 100009
9 390357871
9 698914100
9 211320539
9 100009
9 727157579
9 100009
9 100000009
9 771831519
9 739082727
9 100009
9 966722045
9 443097962
9 492658421
9 10009
9 587345169
9 983425917
9 255286986
9 100000009
9 1009
9 100009
9 100000009
9 100000009
9 100009
9 445160909
9 826952571
9 100009
9 100009
9 115908887
9 100009
9 208560129
9 312529222
9 606348539
9 731870169
9 17239552
9 869460511
9 994309357
9 783348590
9 100009
9 923708821
9 201614059
9 890554905
9 659132082
9 100009
9 100009
9 967278915
9 232456479
9 484796558
9 100000009
9 100009
9 100009
9 818023089
9 104692369
9 658557039
9 632501896
9 100000009
9 100000009
9 633062922
9 100000009
9 321281039
9 100009
9 900945820
9 147880749
9 100009
9 100009
9 100009
9 10009
9 801950865
9 100009
9 100009
9 100009
9 100009
9 100009
9 250520189
9 164860697
9 100009
9 100009
9 108867219
9 100009
9 568865619
9 806000629
9 100009
9 100000009
9 100009
9 100000009
9 638414859
9 10009
9 100009
9 218968427
9 760349302
9 100000009
9 323374059
9 100009
9 100000009
9 100000009
9 499178614
9 100009
9 851740197
9 100009
9 100000009
9 223008429
9 100000009
9 831282379
9 303678049
9 213258189
9 232420289
9 100009
9 310733879
9 898918150
9 461562779
9 596917949
9 445630069
9 100009
9 100000009
9 623924677
9 100000009
9 915883152
9 426706879
9 748836904
9 268087849
9 100000009
9 112074619
9 692203731
9 662276029
9 100009
9 100009
9 100009
9 184160819
9 602269226
9 100009
9 337329563
9 298698083
9 136726449
9 930773791
9 183727609
9 731573469
9 100009
9 996799797
9 582315981
9 663496681
9 100009
9 948616665
9 823428069
9 100009
9 100000009
9 10009
9 357389901
9 581751196
9 100009
9 841561109
9 100000009
9 100009
9 134622749
9 100009
9 446065906
9 282225891
9 545986222
9 161414009
9 869882279
9 576931711
9 726267539
9 733055039
9 100009
9 534612292
9 100000009
9 979706368
9 894774631
9 203586039
9 311525923
9 869978514
9 100009
9 186638829
9 100009
9 571228659
9 100009
9 980343482
9 562217963
9 741113293
9 100009
9 811357369
9 965999401
9 100009
9 100009
9 100009
9 823535739
9 338907025
9 100009
9 663984536
9 269852901
9 100009
9 220217509
9 279659282
9 1000009
9 409192554
9 889857181
9 437163349
9 781227329
9 332820409
9 100009
9 281663096
9 441678549
9 100000009
9 100000009
9 100009
9 658045609
9 100009
9 420145149
9 602827119
9 100009
9 501654159
9 317603639
9 303489962
9 103528096
9 100009
9 100009
9 10009
9 648931337
9 100009
9 100009
9 100009
9 100009
9 748792112
9 967969687
9 100009
9 100009
9 780434449
9 839060186
9 562956083
9 389768138
9 100000009
9 530901066
9 207397346
9 10009
9 290760514
9 598044423
9 100009
9 100009
9 484350509
9 714511069
9 871800089
9 100000009
9 100009
9 487174129
9 100000009
9 961035757
9 581863079
9 10009
9 706073089
9 100009
9 475748549
9 658825696
9 100000009
9 606549734
9 984383780
9 100009
9 733457609
9 100009
9 100009
9 523610995
9 100009
9 100009
9 100009
9 766234709
9 665327129
9 100009
9 100000009
9 612339260
9 100009
9 331176729
9 445986545
9 434882059
9 884157219
9 100000009
9 100009
9 301877469
9 484732339
9 100009
9 570565879
9 100009
9 992735318
9 904679034
9 100009
9 100000009
9 432156349
9 100000009
9 100009
9 334463709
9 100000009
9 100009
9 100000009
9 100009
9 500675809
9 725618951
9 591208422
9 210125691
9 100009
9 100000009
9 100009
9 847619468
9 100000009
9 100009
9 100009
9 444938605
9 103173049
9 829245845
9 559019990
9 837861849
9 691845858
9 100009
9 100000009
9 100009
9 100009
9 100009
9 100000009
9 578916355
9 294483293
9 100009
9 803722519
9 100000009
9 100009
9 697136987
9 514981328
9 463595986
9 100000009
9 100009
9 261877079
9 348088009
9 117024719
9 553497411
9 150869560
9 722437049
9 174931522
9 943750961
9 100000009
9 100000009
9 564883769
9 100000009
9 511404079
9 660522429
9 118182179
9 100000009
9 166452289
9 100009
9 100009
9 460313329
9 100000009
9 485877629
9 100009
9 593122352
9 100009
9 662461229
9 273225689
9 100009
9 100009
9 478809676
9 350365589
9 100009
9 100009
9 100009
9 248102369
9 663166944
9 100000009
9 946876556
9 940016880
9 479953090
9 100009
9 137013619
9 856507409
9 100009
9 100009
9 100000009
9 158875289
9 653482449
9 220825179
9 100009
9 10009
9 100009
9 100009
9 100009
9 100009
9 100009
9 176765409
9 100009
9 100009
9 847533879
9 805026249
9 100000009
9 277845159
9 960830934
9 100009
9 100000009
9 585306179
9 100009
9 284489257
9 109405946
9 504368139
9 440418249
9 807035389
9 792284383
9 619563862
9 407916724
9 100009
9 100009
9 100000009
9 577896820
9 100009
9 578963911
9 208105971
9 162255319
9 643214209
9 895477692
9 896215960
9 451432982
9 100000009
9 100000009
9 760514629
9 638514974
9 155764796
9 995860181
9 100009
9 221259627
9 591136791
9 262275964
9 100009
9 100009
9 100000009
9 828492861
9 808383849
9 100009
9 898675491
9 100009
9 100000009
9 518030579
9 385215819
9 338148739
9 650005129
9 626678009
9 962043165
9 932776324
9 995719694
9 463935376
9 324643789
9 496216999
9 604480379
9 641941826
9 796392745
9 752648943
9 760728359
9 443789394
9 100009
9 100009
9 711918598
9 10009
9 100009
9 100000009
9 100009
9 959453587
9 958459456
9 137445492
9 551892854
9 1000009
9 376557966
9 197883668
9 610315429
9 124735569
9 557207049
9 100009
9 453596134
9 715845149
9 10009
9 144845469
9 100009
9 657438491
9 253015928
9 303316859
9 100000009
9 100000009
9 100009
9 100009
9 260295521
9 841183839
9 100000009
9 161466189
9 100000009
9 100009
9 632473419
9 443233719
9 100009
9 198889346
9 100009
9 113996170
9 155523009
9 100009
9 100009
9 100009
9 100009
9 787644519
9 178960200
9 293070543
9 906995217
9 655554629
9 100009
9 248017679
9 100009
9 909146944
9 485027619
9 193067421
9 100009
9 988748144
9 640997618
9 100009
9 707127519
9 148230769
9 788264459
9 316154209
9 100009
9 1000009
9 337379517
9 444747498
9 10009
9 329673057
9 100009
9 136364369
9 100009
9 100000009
9 954596402
9 719984249
9 408132519
9 100009
9 100009
9 100009
9 377621819
9 282888429
9 100000009
9 100009
9 922569057
9 921997623
9 1009
9 882224149
9 100009
9 100000009
9 100009
9 783221879
9 100000009
9 100000009
9 159470718
9 100000009
9 100009
9 184002309
9 300136719
9 909907280
9 651074069
9 131711925
9 401325039
9 100000009
9 100009
9 768141749
9 349091349
9 100000009
9 100000009
9 100009
9 1009
9 868066579
9 821999310
9 100009
9 639763014
9 10009
9 100009
9 100009
9 1000009
9 852769652
9 100009
9 590545150
9 389643481
9 100000009
9 452040429
9 100000009
9 366213991
9 808128219
9 100009
9 100009
9 100009
9 100009
9 100009
9 100009
9 679682437
9 100009
9 100009
9 196003541
9 220766955
9 100000009
9 434959102
9 307226539
9 100009
9 100009
9 100009
9 100009
9 764299663
9 100009
9 502041319
9 825725999
9 581703079
9 10009
9 100000009
9 772822339
9 100009
9 252627659
9 100009
9 312420649
9 100000009
9 539804737
9 100000009
9 100009
9 721894876
9 631836794
9 100009
9 520742964
9 373223489
9 908836585
9 337623249
9 100009
9 608614965
9 100009
9 970485389
9 884783901
9 585267289
9 636682679
9 100009
9 785700489
9 315602898
9 731791230
9 640514669
9 338409977
9 143398736
9 469326420
9 672361849
9 794138555
9 591437991
9 139279453
9 100000009
9 100009
9 488685019
9 100009
9 339678539
9 100009
9 888970094
9 446358978
9 100009
9 100009
9 277132319
9 368279372
9 513887294
9 100009
9 100000009
9 220980138
9 100000009
9 100009
9 207383986
9 100000009
9 100000009
9 10009
9 904443935
9 100009
9 100009
9 100000009
9 594068268
9 100009
9 100000009
9 249509486
9 738284259
9 100009
9 687976026
9 100009
9 131860589
9 732272039
9 100009
9 100000009
9 100009
9 467512459
9 599023938
9 181872269
9 100009
9 120312951
9 154593186
9 584188219
9 283836291
9 10009
9 976544210
9 733862889
9 644167669
9 100009
9 1009
9 339587708
9 100009
9 100000009
9 923225317
9 239099993
9 746906494
9 681811589
9 100009
9 784091446
9 100009
9 100009
9 100000009
9 354438269
9 100009
9 100009
9 429862818
9 100009
9 381470589
9 100000009
9 450110649
9 978524040
9 100009
9 385362319
9 508438981
9 238012479
9 496059343
9 639451809
9 962126535
9 707166987
9 100009
9 803309437
9 935858667
9 10009
9 100009
9 100000009
9 584757489
9 100009
9 128723579
9 332366459
9 100009
9 100009
9 100009
9 100009
9 780318459
9 713731943
9 100009
9 100000009
9 100009
9 414302429
9 535118149
9 467129909
9 10009
9 10009
9 10009
9 466027669
9 100009
9 756739230
9 715580759
9 495971308
9 100009
9 411742129
9 100000009
9 724207139
9 65646349
9 100009
9 743141039
9 924400052
9 849132592
9 683801329
9 348222905
9 882414908
9 100009
9 977948438
9 100009
9 100009
9 612510489
9 914537458
9 100000009
9 797521319
9 774599751
9 263703529
9 100009
9 855395610
9 151081049
9 100009
9 957564065
9 100009
9 1009
9 100009
9 100009
9 805219255
9 435195761
9 443676129
9 289671955
9 100009
9 594287992
9 124048569
9 729120439
9 410876429
9 646833189
9 100000009
9 410978711
9 535784619
9 100000009
9 632994455
9 100009
9 100009
9 940521573
9 10009
9 381041749
9 100000009
9 385115379
9 641035090
9 977393479
9 470100739
9 100009
9 100009
9 154766729
9 112095068
9 892311789
9 380480839
9 647704479
9 493508039
9 100009
9 100000009
9 100000009
9 747443469
9 100009
9 568161709
9 100009
9 100009
9 672221319
9 674344937
9 100009
9 100009
9 195068243
9 100000009
9 100009
9 10009
9 379180522
9 100009
9 758540690
9 100009
9 614903395
9 10009
9 554752869
9 100009
9 100009
9 237299187
9 692316655
9 100000009
9 357636759
9 100009
9 100000009
9 218913849
9 778856749
9 483921626
9 136435539
9 138840759
9 184186991
9 536353491
9 531419797
9 100009
9 100009
9 1000009
9 869745955
9 100000009
9 714107359
9 100009
9 902870065
9 100009
9 997701213
9 239154868
9 145796148
9 100009
9 162555289
9 338548679
9 703906600
9 214002948
9 100009
9 100009
9 310677089
9 100009
9 735157459
9 373433539
9 722505849
9 100009
9 908650545
9 694579839
9 100009
9 223379469
9 100009
9 832261119
9 421823896
9 100009
9 100000009
9 100000009
9 100009
9 828144689
9 583595700
9 437553889
9 804007859
9 608946596
9 282644293
9 398053059
9 792623909
9 100000009
9 719489269
9 940607598
9 858075149
9 653503479
9 382185968
9 100000009
9 100009
9 499647552
9 918240103
9 411974129
9 100009
9 195193867
9 259008561
9 517849242
9 100009
9 715680699
9 100009
9 830503319
9 100009
9 195725630
9 100000009
9 347287429
9 588709949
9 100009
9 100009
9 568397022
9 109502816
9 839128447
9 427668469
9 704574039
9 330211579
9 840132689
9 170302933
9 100009
9 124262089
9 100009
9 687156539
9 1000009
9 336876449
9 429765444
9 100000009
9 100000009
9 384773449
9 100009
9 100009
9 450879231
9 342322029
9 100009
9 100009
9 674545259
9 50305269
9 100000009
9 100009
9 815955452
9 100009
9 100009
9 556683469
9 318362739
9 100000009
9 634180639
9 100009
9 100009
9 100009
9 755470879
9 100009
9 662274976
9 100009
9 834713779
9 379304583
9 650290992
9 100009
9 896634123
9 1009
9 100009
9 404599000
9 776620369
9 720200419
9 954787820
9 866533495
9 990001478
9 100000009
9 100009
9 617541479
9 100009
9 1000009
9 100009
9 100009
9 266523729
9 100009
9 100009
9 915540619
9 516205494
9 488443669
9 109081161
9 100009
9 567857659
9 646530489
9 867694699
9 222791655
9 308461229
9 794035421
9 100009
9 608124669
9 100009
9 10009
9 100000009
9 210120279
9 724172649
9 100009
9 100000009
9 449498557
9 165990512
9 216427629
9 100009
9 319168889
9 456693724
9 100009
9 106378029
9 100009
9 163114891
9 612469624
9 100009
9 910097345
9 274759148
9 896496666
9 925230793
9 100009
9 100009
9 578883149
9 100009
9 100009
9 100009
9 304279883
9 844857269
9 712240459
9 409267938
9 648833191
9 100000009
9 754603429
9 100000009
9 111306497
9 222649926
9 930762978
9 555882379
9 1000009
9 403352629
9 580833493
9 289462437
9 495469196
9 1000009
9 669824492
9 901634553
9 554565369
9 781215509
9 100009
9 100009
9 100009
9 586074998
9 334725249
9 110564409
9 924468904
9 792715696
9 800535049
9 10009
9 100009
9 100009
9 100009
9 777533913
9 100000009
9 794977513
9 100009
9 319208491
9 645580729
9 100000009
9 711549638
9 973516916
9 752919370
9 833583619
9 301870419
9 100000009
9 59308999
9 457874039
9 100009
9 100009
9 100009
9 779543259
9 445016759
9 437983645
9 100009
9 491923426
9 334928926
9 781908233
9 10009
9 100000009
9 572521759
9 254623349
9 609062339
9 100000009
9 100009
9 100009
9 625439821
9 100000009
9 100000009
9 100000009
9 609907816
9 10009
9 100009
9 709725466
9 100009
9 855786049
9 182667029
9 100000009
9 100009
9 100009
9 100009
9 660717719
9 100009
9 623239741
9 960217587
9 547447429
9 100000009
9 644810329
9 100009
9 314566189
9 539192361
9 542961831
9 100009
9 160651029
9 633578009
9 100009
9 210209135
9 454401957
9 100009
9 342081399
9 896863010
9 695976323
9 100009
9 335738329
9 100009
9 100009
9 937558068
9 836868539
9 245013589
9 100009
9 100009
9 100000009
9 156110691
9 504152509
9 100009
9 1000009
9 100009
9 546655779
9 397015860
9 347967652
9 992847145
9 673505829
9 789079671
9 541727269
9 476393728
9 881774896
9 100009
9 939724087
9 100009
9 664424914
9 10009
9 943007332
9 254490719
9 100009
9 199270082
9 100009
9 100009
9 100009
9 100009
9 100009
9 100009
9 521488319
9 651931635
9 100009
9 100009
9 229970195
9 994066977
9 586250693
9 100009
9 916451635
9 461888889
9 100009
9 100009
9 342671694
9 100009
9 727319804
9 383355229
9 847303429
9 100009
9 100009
9 100009
9 399141662
9 100009
9 247446809
9 712058489
9 375571639
9 100000009
9 698783663
9 100009
9 190517226
9 100000009
9 386505294
9 100009
9 384104917
9 556259047
9 986384681
9 100009
9 898239628
9 100000009
9 468405419
9 550748849
9 100009
9 879441607
9 343249441
9 536074892
9 100000009
9 831819483
9 207324149
9 100009
9 674205039
9 367508429
9 773217759
9 905091726
9 1000009
9 298427712
9 316307309
9 100009
9 100009
9 100009
9 100000009
9 675040459
9 196735095
9 562111912
9 941135907
9 608960749
9 100000009
9 926618385
9 106104879
9 803955263
9 100000009
9 678329322
9 100000009
9 250662579
9 869254448
9 380690771
9 100009
9 100009
9 184943810
9 697051960
9 670264639
9 250670089
9 832574955
9 100000009
9 100009
9 940302188
9 249902934
9 317025849
9 255432669
9 669752756
9 100009
9 100009
9 702255819
9 163204977
9 157334859
9 273219973
9 863799611
9 778067689
9 100009
9 679651007
9 349625728
9 930573120
9 876178779
9 221829347
9 634853917
9 100009
9 100009
9 374783369
9 554076129
9 480923520
9 453537819
9 583953368
9 100009
9 604648259
9 388010409
9 865446779
9 100000009
9 100009
9 300007109
9 100000009
9 794536992
9 352735229
9 396422909
9 607776749
9 100009
9 100009
9 658386249
9 141570924
9 348612279
9 668275869
9 229854145
9 795901360
9 300886209
9 10009
9 934330641
9 109827878
9 100009
9 573798642
9 984044617
9 680431791
9 100009
9 191478710
9 499950146
9 871339602
9 100000009
9 100000009
9 100009
9 268255459
9 893529721
9 437395866
9 465547339
9 376715985
9 772525269
9 100000009
9 387186719
9 100009
9 459519241
9 100009
9 10009
9 15378192
9 100009
9 100000009
9 625843293
9 100009
9 100009
9 872300349
9 214155709
9 100009
9 100009
9 752050569
9 100009
9 627343259
9 895414571
9 277215349
9 192461362
9 100009
9 577713239
9 735195514
9 100009
9 100009
9 100009
9 100009
9 972751415
9 506129209
9 422196665
9 265750729
9 100000009
9 188823379
9 100009
9 160338693
9 929626704
9 100000009
9 488797490
9 871210957
9 382573459
9 783321459
9 100000009
9 317275219
9 100009
9 100009
9 827985906
9 100009
9 10009
9 100000009
9 904180287
9 742158129
9 594360176
9 100009
9 100009
9 100009
9 100009
9 100009
9 100009
9 132869325
9 100000009
9 100000009
9 222813289
9 132304974
9 291611181
9 100009
9 634660579
9 10009
9 100000009
9 519632843
9 892887629
9 100009
9 660086595
9 340808391
9 749844032
9 215738559
9 468556980
9 161413669
9 100000009
9 100009
9 600674219
9 100009
9 10009
9 846511539
9 513046639
9 471764209
9 100000009
9 100009
9 685575294
9 860305809
9 100009
9 213020779
9 520362409
9 565100519
9 771644089
9 100009
9 927538591
9 772580493
9 515675169
9 254427972
9 477664689
9 100000009
9 182091488
9 821829202
9 444052149
9 100009
9 734850169
9 828698555
9 100009
9 700655289
9 340587319
9 882589822
9 956155362
9 100009
9 100009
9 100009
9 975162856
9 989224836
9 100000009
9 541814809
9 811464569
9 729868203
9 100000009
9 100000009
9 109675305
9 100009
9 667375879
9 100009
9 100009
9 100009
9 100009
9 10009
9 100009
9 100009
9 126799369
9 100009
9 100009
9 483164839
9 614992071
9 575073948
9 722477935
9 716806049
9 195493090
9 561513719
9 100009
9 100000009
9 100009
9 221920543
9 100009
9 380886029
9 509307548
9 513378249
9 100009
9 868433029
9 483837009
9 100000009
9 100009
9 100009
9 100000009
9 10009
9 100009
9 228421729
9 100009
9 424082922
9 981868325
9 484572439
9 200930648
9 945857955
9 378315899
9 104302649
9 399574516
9 262542339
9 986863260
9 906012372
9 100009
9 100009
9 100009
9 937695427
9 868579990
9 720506819
9 333198448
9 255291501
9 100009
9 332387539
9 100009
9 877652197
9 575540930
9 729638077
9 975474415
9 862927858
9 100009
9 10009
9 100000009
9 100009
9 100000009
9 146208964
9 100009
9 100000009
9 100009
9 100009
9 609548559
9 100000009
9 100009
9 637306519
9 316023169
9 100009
9 100009
9 100000009
9 100009
9 100009
9 157323029
9 898922021
9 100009
9 667811179
9 174000329
9 730653983
9 100000009
9 100009
9 100000009
9 832387059
9 887574879
9 162165915
9 100009
9 515041298
9 376444229
9 862870909
9 863463798
9 100009
9 243836529
9 100009
9 100009
9 100009
9 100009
9 871060789
9 100009
9 761296338
9 816733109
9 10009
9 941159153
9 361567369
9 100009
9 100009
9 100009
9 957063374
9 314823592
9 100009
9 100009
9 559597558
9 259060417
9 100000009
9 908823482
9 163069625
9 638491486
9 100009
9 282789768
9 554773289
9 100009
9 206822259
9 393169010
9 522720869
9 100009
9 188144359
9 966749229
9 100000009
9 100009
9 100009
9 732545955
9 893878851
9 100009
9 801085839
9 100009
9 100000009
9 650984975
9 399573475
9 932073078
9 707611479
9 921025013
9 727556029
9 610021294
9 161825629
9 100009
9 973484067
9 839983677
9 100009
9 795344174
9 957330979
9 100009
9 355457968
9 956557222
9 375113935
9 525395360
9 195758591
9 100000009
9 1000009
9 207068519
9 555678009
9 362095370
9 100009
9 516050489
9 249261394
9 452902063
9 100009
9 706299377
9 100009
9 974167478
9 100000009
9 100009
9 100009
9 656607479
9 967968570
9 100000009
9 100009
9 983923641
9 731952768
9 100009
9 577142779
9 959796971
9 100009
9 100000009
9 195793220
9 100009
9 243205299
9 186706569
9 100601009
9 100009
9 100009
9 100009
9 100009
9 956134981
9 100009
9 633026289
9 185001559
9 635784109
9 336391866
9 673216449
9 100009
9 269282286
9 323635369
9 100009
9 100009
9 100009
9 882271129
9 206564469
9 100009
9 218937698
9 100009
9 100009
9 201197573
9 625673359
9 801140649
9 606696363
9 428015159
9 376618938
9 100000009
9 305935911
9 364581039
9 243011009
9 434757359
9 445508429
9 850833479
9 632185972
9 158507194
9 502064789
9 100009
9 100009
9 100000009
9 990089148
9 348438549
9 100000009
9 100000009
9 749933174
9 465684319
9 100000009
9 100009
9 294329624
9 100009
9 364791176
9 152282009
9 834543609
9 100000009
9 141502219
9 122151889
9 769623278
9 614867930
9 100000009
9 100009
9 870813349
9 100000009
9 179049183
9 268304109
9 541453297
9 989977255
9 100000009
9 100000009
9 358305692
9 100009
9 977498451
9 474755269
9 132303159
9 775295628
9 970129949
9 100009
9 100009
9 378269462
9 54088937
9 733112529
9 127047693
9 100009
9 355343219
9 100009
9 100009
9 274742149
9 409835237
9 122157934
9 765229105
9 608429587
9 100009
9 100009
9 628133809
9 942483705
9 810423019
9 100000009
9 172211579
9 370649572
9 100009
9 100009
9 100009
9 100009
9 100000009
9 830597874
9 570635049
9 957835113
9 898049479
9 738222339
9 100000009
9 536904859
9 448396147
9 510500149
9 100000009
9 229801150
9 817943250
9 842123479
9 613789045
9 100009
9 100009
9 398315181
9 236868359
9 857100229
9 100000009
9 519938176
9 482763029
9 100009
9 471353019
9 747297009
9 100009
9 100000009
9 177149217
9 67805692
9 100009
9 100009
9 535061429
9 10009
9 827580559
9 100009
9 100009
9 100009
9 100009
9 100009
9 324033419
9 100000009
9 100009
9 716378946
9 647032849
9 937070407
9 200481509
9 617387019
9 249385924
9 123696568
9 463627259
9 100009
9 389494385
9 475990471
9 827935708
9 100000009
9 100009
9 100009
9 695085791
9 100009
9 118671779
9 100009
9 783230219
9 935509499
9 100009
9 100009
9 880606925
9 100009
9 782536559
9 245396305
9 121676449
9 256444029
9 100000009
9 867706469
9 100009
9 100000009
9 100009
9 438060429
9 659682222
9 100009
9 254982302
9 100009
9 100009
9 847110992
9 100009
9 183629075
9 100000009
9 702952537
9 100009
9 629564867
9 624840192
9 922155016
9 1000009
9 743995532
9 100000009
9 100009
9 879176477
9 100009
9 751742419
9 100009
9 417879989
9 311445649
9 960474845
9 100000009
9 782300391
9 100009
9 100009
9 719128043
9 100009
9 395999929
9 627933584
9 292607823
9 100000009
9 885805096
9 981822612
9 100009
9 156019045
9 100009
9 100009
9 946888999
9 100009
9 100009
9 100009
9 100000009
9 577964877
9 745849239
9 491559137
9 145398262
9 938950575
9 328772439
9 100009
9 100009
9 766599965
9 314264439
9 560923527
9 167145789
9 100000009
9 278194248
9 774541169
9 246075589
9 113570329
9 687687109
9 100000009
9 856005979
9 100009
9 100000009
9 10009
9 663167349
9 100000009
9 870871329
9 826894147
9 423286109
9 100000009
9 100009
9 672366539
9 1000009
9 409114740
9 314379247
9 798575266
9 936695804
9 100009
9 100009
9 100000009
9 636234449
9 643341984
9 100009
9 100009
9 100000009
9 498522002
9 171243349
9 10009
9 100000009
9 100009
9 100009
9 100009
9 518964340
9 100009
9 429224084
9 100009
9 759418244
9 251380391
9 595601925
9 555560519
9 676263019
9 100009
9 100009
9 968344172
9 100009
9 100009
9 968044675
9 693205012
9 544053519
9 482636289
9 100009
9 771829137
9 540987087
9 100000009
9 100000009
9 248133739
9 813643509
9 993337079
9 961755740
9 100009
9 110391157
9 359637219
9 853163905
9 100000009
9 645558916
9 176137169
9 100009
9 100000009
9 10009
9 100009
9 100000009
9 218958212
9 869958747
9 100009
9 100009
9 237743997
9 100009
9 874346960
9 100009
9 586878109
9 10009
9 710617789
9 100000009
9 997107554
9 100009
9 839152954
9 220551729
9 955399054
9 100009
9 100009
9 476159392
9 100000009
9 364246029
9 10009
9 100009
9 706224359
9 896895136
9 100000009
9 100009
9 100000009
9 275394293
9 724795304
9 415064429
9 213621799
9 984292228
9 729174517
9 100000009
9 100000009
9 100009
9 393953318
9 130420895
9 965377984
9 100009
9 247047819
9 169643157
9 100000009
9 984626211
9 100009
9 963546346
9 100009
9 769491864
9 315351449
9 975278023
9 100009
9 741393527
9 100000009
9 802311709
9 972378877
9 141196935
9 386257559
9 432996897
9 872888579
9 368884649
9 825628119
9 588222967
9 100009
9 948904317
9 458136649
9 528352879
9 994209010
9 430263190
9 627702049
9 100000009
9 606478879
9 100009
9 100000009
9 100009
9 100009
9 144657649
9 375072029
9 341901375
9 469504625
9 924039541
9 100009
9 955165014
9 285029631
9 589035886
9 953648065
9 733588139
9 100009
9 758885029
9 738283809
9 166505679
9 100000009
9 100009
9 100000009
9 206764769
9 299486073
9 100009
9 766519254
9 105817289
9 100000009
9 693765746
9 370844890
9 708680769
9 645880935
9 100009
9 694110489
9 100009
9 100009
9 100009
9 232392819
9 909856120
9 100009
9 100009
9 444439215
9 301054849
9 520474819
9 100009
9 852348069
9 100000009
9 100009
9 992831726
9 100009
9 703904440
9 695416213
9 371218709
9 782212069
9 100000009
9 521307791
9 100000009
9 100000009
9 100009
9 100000009
9 100000009
9 191843717
9 100009
9 555691032
9 973076750
9 845916884
9 195345492
9 10009
9 250529762
9 384768029
9 263618759
9 667125049
9 100009
9 100009
9 308398786
9 593399765
9 100009
9 860763139
9 634961993
9 539680056
9 564464659
9 548823049
9 100000009
9 100000009
9 100009
9 100009
9 100009
9 100009
9 548907970
9 639067129
9 988290375
9 810466379
9 840546669
9 423586897
9 663294773
9 100009
9 904694534
9 100009
9 681377489
9 565113904
9 100000009
9 232437109
9 100000009
9 100009
9 930317410
9 100000009
9 100009
9 641734079
9 409533535
9 100009
9 100009
9 100009
9 100000009
9 794039193
9 100009
9 437473779
9 680556069
9 100009
9 142114549
9 970149278
9 152010729
9 626205029
9 575907399
9 965537055
9 100009
9 969043492
9 100009
9 100000009
9 247913163
9 100000009
9 835717649
9 100009
9 176470549
9 530021098
9 970232004
9 119464451
9 532112659
9 100009
9 660523669
9 523791993
9 10009
9 100009
9 493132007
9 919308513
9 100009
9 100009
9 100009
9 991090672
9 100009
9 100000009
9 100009
9 100009
9 973760005
9 100009
9 100009
9 100009
9 788587779
9 189129944
9 514892017
9 100009
9 100009
9 100009
9 256621059
9 100009
9 100000009
9 100009
9 311208629
9 100009
9 100000009
9 768696857
9 191959372
9 250815409
9 800555419
9 736443079
9 469331396
9 100009
9 302963216
9 723621839
9 557630369
9 434808889
9 993694846
9 353216589
9 617674239
9 100000009
9 330054339
9 363452029
9 924831087
9 100000009
9 100009
9 477279884
9 975521186
9 100009
9 975452993
9 100009
9 802243109
9 100000009
9 509955561
9 483001996
9 100009
9 666741509
9 100009
9 100009
9 141552889
9 816699251
9 553080913
9 583229243
9 460347909
9 597480960
9 569738786
9 100009
9 100000009
9 206951095
9 100000009
9 100009
9 946963876
9 100009
9 660675089
9 262823879
9 100009
9 428278279
9 795999836
9 595844253
9 100000009
9 935401447
9 345370459
9 931648832
9 230859463
9 10009
9 414454629
9 100009
9 10009
9 791777760
9 867659282
9 100009
9 100000009
9 625896639
9 100009
9 809364400
9 691659610
9 356933016
9 552289890
9 833106379
9 153710569
9 100000009
9 100009
9 100000009
9 100000009
9 100009
9 585481459
9 100000009
9 100009
9 100000009
9 100009
9 398432128
9 861309100
9 225770679
9 925128344
9 100000009
9 720199905
9 100009
9 10009
9 698385101
9 188752492
9 100009
9 100009
9 100009
9 245270209
9 969236164
9 902817112
9 100009
9 100009
9 604441489
9 968019486
9 362034649
9 728762953
9 821428739
9 927430726
9 344710579
9 272940642
9 107969438
9 716700249
9 100009
9 987940705
9 462347019
9 792023404
9 100000009
9 903350342
9 142173449
9 100009
9 826137911
9 400582921
9 405017429
9 403745389
9 100009
9 100009
9 253595177
9 882271948
9 698968392
9 100009
9 100009
9 100000009
9 423592310
9 100009
9 111402829
9 923787165
9 757601889
9 155363395
9 100009
9 587354759
9 100009
9 100009
9 187495335
9 100000009
9 100009
9 148904377
9 261846829
9 100009
9 10009
9 100000009
9 598987344
9 100009
9 229216535
9 100009
9 100009
9 216209191
9 419366563
9 100009
9 265689302
9 100009
9 100009
9 100009
9 587311629
9 500836689
9 389453243
9 1000009
9 723209292
9 234519560
9 904573976
9 237237619
9 814640649
9 293502538
9 809852741
9 832072549
9 485922960
9 572212489
9 558252973
9 100000009
9 256393720
9 100009
9 100009
9 100009
9 337658769
9 100009
9 100009
9 711795412
9 766086669
9 14876495
9 362319949
9 858715779
9 100009
9 208181931
9 100000009
9 162339682
9 506860689
9 314421529
9 321242689
9 326275169
9 469178273
9 591004421
9 295548964
9 571310496
9 844665019
9 100000009
9 905454134
9 408891791
9 453971393
9 146094667
9 100000009
9 488955676
9 868622649
9 719495334
9 585137679
9 100009
9 423727992
9 10009
9 931621980
9 941328083
9 363606409
9 428393073
9 426546295
9 802638936
9 927090176
9 665109494
9 100000009
9 708183439
9 376814295
9 103993765
9 694031846
9 307537986
9 100009
9 666729372
9 100000009
9 498875119
9 100009
9 18112391
9 119996540
9 558581889
9 100009
9 100009
9 299283386
9 368980762
9 278589288
9 100009
9 256002219
9 874368249
9 323051779
9 233525977
9 543950071
9 100009
9 127645729
9 499061057
9 200814039
9 100009
9 100000009
9 100000009
9 125911151
9 100009
9 772952069
9 100009
9 465857479
9 816674935
9 100000009
9 100009
9 246424889
9 558089349
9 501310529
9 318931616
9 473493543
9 100009
9 100009
9 472209361
9 652574469
9 100009
9 226896841
9 100000009
9 202690139
9 358476359
9 10009
9 525422639
9 795565684
9 413999686
9 455978060
9 609108516
9 100009
9 997018437
9 788533389
9 283251539
9 100009
9 220972984
9 383021109
9 100009
9 100000009
9 100009
9 728608739
9 830778339
9 487993030
9 703113259
9 100009
9 341177819
9 303227119
9 976736728
9 889731321
9 100009
9 135497334
9 123495494
9 100009
9 177861965
9 100009
9 740743459
9 100009
9 746452469
9 166043079
9 100000009
9 100009
9 359040403
9 964897423
9 662449187
9 935709243
9 785422349
9 100009
9 699245768
9 668007409
9 100000009
9 1000009
9 100000009
9 983263952
9 1000009
9 100009
9 206827829
9 100009
9 100009
9 100009
9 883491222
9 111625793
9 401107469
9 100009
9 100009
9 284863719
9 715588539
9 442670859
9 100009
9 100009
9 669083263
9 347480911
9 938269912
9 100009
9 444617329
9 100009
9 865070279
9 189327535
9 199094975
9 100009
9 915889708
9 195219193
9 166717879
9 100009
9 828052309
9 100009
9 516794650
9 988150039
9 100009
9 380113539
9 100000009
9 563252169
9 100000009
9 770922106
9 100009
9 539512204
9 690369665
9 343288449
9 100000009
9 494633159
9 767269002
9 652395843
9 136509847
9 597950926
9 100009
9 458164039
9 100009
9 953910374
9 100009
9 784157039
9 858010779
9 240490636
9 135744089
9 657273039
9 764902414
9 372567059
9 406217639
9 939904114
9 100009
9 859984728
9 10009
9 400921139
9 535602449
9 100009
9 300345859
9 585129542
9 100009
9 100009
9 678315979
9 663152869
9 540752939
9 865678659
9 588874709
9 100009
9 663247229
9 178811149
9 100009
9 719539254
9 665793646
9 442357392
9 576926536
9 100000009
9 157135519
9 100000009
9 196554442
9 651858129
9 641132859
9 539555873
9 484390781
9 693210177
9 100009
9 278075359
9 156970808
9 100000009
9 398063772
9 1000009
9 101381639
9 100009
9 100009
9 100009
9 849049779
9 145607049
9 100009
9 811006559
9 100000009
9 438969303
9 889451509
9 100009
9 100009
9 280801269
9 100000009
9 619001746
9 243639298
9 100009
9 728861669
9 441211889
9 754974471
9 504549152
9 100009
9 100000009
9 847525679
9 100009
9 455578339
9 321905395
9 100009
9 100000009
9 100009
9 100000009
9 429607385
9 100009
9 830700849
9 100009
9 117556319
9 129271181
9 100009
9 100009
9 723813549
9 100009
9 568671039
9 409971986
9 961316016
9 706724339
9 1000009
9 100009
9 966483948
9 622358109
9 781278119
9 761759515
9 124474529
9 974757195
9 299181943
9 100000009
9 100000009
9 686953004
9 929954592
9 100000009
9 603502719
9 100009
9 214018179
9 689426982
9 301104973
9 737382149
9 100009
9 367344389
9 100009
9 640267129
9 127400759
9 742637549
9 100000009
9 100009
9 10009
9 100000009
9 451459169
9 228197411
9 634459649
9 100000009
9 10009
9 100000009
9 706711892
9 303052898
9 565331809
9 286179876
9 416642119
9 536001983
9 370618689
9 789770295
9 897482804
9 289173664
9 100000009
9 471503912
9 100009
9 620441689
9 506652209
9 100009
9 100009
9 620605579
9 356987158
9 723162019
9 618158639
9 100009
9 715192631
9 100009
9 100000009
9 287495679
9 300564629
9 839579372
9 647723309
9 695168423
9 917677400
9 100009
9 100009
9 100009
9 100009
9 100000009
9 380783209
9 100009
9 100009
9 100000009
9 115685689
9 811599156
9 223083509
9 304147449
9 487049101
9 100009
9 1000009
9 100009
9 763427319
9 100009
9 485187109
9 100000009
9 332238149
9 10009
9 100009
9 494526393
9 669573516
9 144756793
9 100000009
9 681546290
9 626385795
9 199799657
9 652251509
9 100009
9 100000009
9 100009
9 506967280
9 100009
9 944143468
9 939504146
9 690458657
9 100009
9 235788789
9 100009
9 935432618
9 100009
9 100009
9 348158879
9 100009
9 100009
9 100009
9 100009
9 100009
9 100000009
9 100009
9 821457839
9 365473954
9 419623711
9 280118619
9 942169243
9 100009
9 985271010
9 100009
9 136307409
9 100009
9 970130487
9 100009
9 676020429
9 382998047
9 670254995
9 368516849
9 456935422
9 100009
9 103312229
9 974618238
9 371812879
9 318962260
9 100009
9 681706289
9 807894427
9 933514759
9 100009
9 100000009
9 257083009
9 878570529
9 484268297
9 244124319
9 442415229
9 589512242
9 429991490
9 702892511
9 861364689
9 762162189
9 100000009
9 684657139
9 699678188
9 100009
9 100000009
9 423994115
9 245780597
9 100009
9 100009
9 631247965
9 100000009
9 859153354
9 508469621
9 612797812
9 358761829
9 758538592
9 705319958
9 100000009
9 10009
9 100009
9 100000009
9 888478439
9 849426002
9 839267260
9 896963614
9 100009
9 100009
9 100009
9 100009
9 100000009
9 142511559
9 100000009
9 100000009
9 864935334
9 10009
9 100009
9 100009
9 100009
9 100009
9 387634369
9 487358197
9 798976937
9 100009
9 164000967
9 847937965
9 470955272
9 676286469
9 744216109
9 333408569
9 513476769
9 960721349
9 263610819
9 100009
9 100009
9 109964609
9 378466049
9 100009
9 100000009
9 270325439
9 772845219
9 925030368
9 170699013
9 256305798
9 713116059
9 138242719
9 100009
9 453386019
9 895714977
9 984330049
9 913279709
9 698674655
9 288162229
9 282002049
9 100009
9 989240820
9 589380568
9 100009
9 243608579
9 549185121
9 404463389
9 664925193
9 682703953
9 304563679
9 864051219
9 949999847
9 100009
9 688951514
9 100009
9 919097446
9 385038489
9 428410149
9 392984520
9 783744289
9 247572809
9 437479554
9 746280109
9 311415169
9 533908019
9 100000009
9 100000009
9 636265819
9 100000009
9 100009
9 100009
9 100009
9 100009
9 217142439
9 980126555
9 336209856
9 410820749
9 722782179
9 100000009
9 186448978
9 187883549
9 182195264
9 105316469
9 349066732
9 645291708
9 100009
9 792170467
9 886204190
9 100009
9 882159368
9 100009
9 647842239
9 100000009
9 941038232
9 159532310
9 885987369
9 674687109
9 100000009
9 390780980
9 296450374
9 100009
9 398438885
9 100009
9 523451759
9 100009
9 100009
9 100009
9 581004939
9 100000009
9 756799229
9 646006190
9 100009
9 368730679
9 173677497
9 221536389
9 251398180
9 498305008
9 100009
9 694874816
9 100000009
9 714127419
9 100009
9 126267090
9 100009
9 100009
9 100009
9 755188991
9 883125139
9 662777279
9 100009
9 100009
9 100000009
9 171553995
9 10009
9 114563819
9 100009
9 869269473
9 100000009
9 301377319
9 100000009
9 100000009
9 551222795
9 100009
9 100000009
9 851742249
9 100000009
9 484123149
9 930219404
9 111521309
9 803551951
9 100009
9 235744198
9 100009
9 100000009
9 165417936
9 622583639
9 100000009
9 100009
9 420242119
9 100000009
9 100009
9 567708809
9 421287950
9 100009
9 142012749
9 962505868
9 606943793
9 100009
9 10009
9 100009
9 100000009
9 100000009
9 207401849
9 100009
9 899004459
9 119684482
9 100009
9 100000009
9 629914422
9 534177659
9 994026964
9 785182595
9 638309704
9 231462469
9 100000009
9 428083929
9 376700239
9 100009
9 217934117
9 100009
9 701437879
9 455956588
9 100000009
9 792973249
9 591223225
9 100009
9 583402998
9 100009
9 100009
9 713687679
9 100009
9 152226289
9 734456669
9 248137987
9 100009
9 557521059
9 100000009
9 219583237
9 619490961
9 743583249
9 910745651
9 412631930
9 390731182
9 337896947
9 542933826
9 100009
9 100000009
9 879275298
9 601698922
9 782672819
9 100000009
9 623563819
9 297054400
9 622812289
9 100009
9 231833339
9 453971764
9 461153119
9 921647031
9 979971946
9 100009
9 265081259
9 127405039
9 100009
9 100009
9 100009
9 259391646
9 100009
9 10009
9 100000009
9 100000009
9 124000329
9 938857472
9 100009
9 754817659
9 375533129
9 100009
9 480353709
9 1000009
9 500733579
9 748884970
9 452397206
9 100009
9 100009
9 515482797
9 100009
9 254321029
9 100009
9 100009
9 112777209
9 824120961
9 100009
9 984603654
9 868878952
9 523762769
9 148796389
9 963785871
9 100009
9 100009
9 447614589
9 522144129
9 100000009
9 333124029
9 363810839
9 100000009
9 100009
9 487635609
9 307125339
9 10009
9 622860829
9 100009
9 804251639
9 493552674
9 100009
9 100009
9 303109046
9 131879256
9 100009
9 221883369
9 527376579
9 280510869
9 100000009
9 100000009
9 551586249
9 671120679
9 100009
9 100009
9 293086391
9 100009
9 144781590
9 337931183
9 100009
9 100009
9 100009
9 100009
9 100009
9 613577329
9 100009
9 827704079
9 100009
9 908394136
9 788388159
9 100009
9 783240179
9 100009
9 576619291
9 578292982
9 109013675
9 100009
9 100009
9 335662269
9 756782190
9 100009
9 10009
9 190390630
9 649057086
9 100000009
9 100009
9 555034489
9 921152654
9 746107249
9 196326875
9 100009
9 280228879
9 515291052
9 252161091
9 549463006
9 100009
9 202792455
9 368986429
9 270862849
9 467262519
9 100009
9 100009
9 233622659
9 100009
9 100009
9 100009
9 438267239
9 538309751
9 185662769
9 100009
9 152576889
9 935615934
9 100009
9 512368479
9 100009
9 100009
9 965066460
9 771965057
9 100000009
9 100009
9 386671449
9 419476078
9 172816988
9 100009
9 1009
9 882970606
9 100009
9 393255806
9 518489748
9 100009
9 177810609
9 100009
9 100009
9 316757209
9 746067679
9 351071249
9 111557479
9 109
9 100000009
9 1000009
9 451323449
9 100009
9 100000009
9 100009
9 100009
9 876327479
9 405475049
9 716263309
9 685248395
9 935330472
9 100009
9 348722319
9 100009
9 100009
9 573672809
9 100000009
9 401730969
9 677661829
9 554164119
9 410337359
9 100009
9 100000009
9 100009
9 100000009
9 591957834
9 915321876
9 553260914
9 534352849
9 557319163
9 100000009
9 509077774
9 100009
9 167651090
9 100000009
9 660904739
9 492522484
9 967321893
9 982178988
9 100000009
9 936441538
9 640441996
9 1000009
9 100000009
9 496965378
9 100009
9 457003819
9 464052389
9 100009
9 557847249
9 132553987
9 477890638
9 10231979
9 100000009
9 171755139
9 143445945
9 648504719
9 100000009
9 100000009
9 404139740
9 984358099
9 666392448
9 934300874
9 224823966
9 984922172
9 100009
9 100009
9 100009
9 100009
9 705898078
9 100000009
9 992200392
9 312334519
9 251407759
9 100009
9 831222319
9 344178709
9 100009
9 100009
9 969966133
9 100000009
9 564973593
9 890170035
9 100000009
9 426047429
9 780113889
9 381062139
9 623836809
9 907740278
9 894947808
9 100009
9 100009
9 100000009
9 100009
9 295152945
9 532463429
9 105338529
9 754925745
9 100000009
9 892025495
9 100000009
9 535482079
9 688110279
9 772083539
9 528673729
9 461651279
9 868976356
9 162535789
9 716539769
9 100000009
9 991483728
9 100009
9 100009
9 174093316
9 807596186
9 296899938
9 514006949
9 360836209
9 153863329
9 616877439
9 627737609
9 100009
9 819223228
9 100000009
9 796033299
9 337038569
9 100009
9 100009
9 177575597
9 674301559
9 100009
9 534496471
9 659217957
9 791017741
9 930805869
9 100000009
9 813486669
9 100009
9 533334509
9 100009
9 100000009
9 552284859
9 312361359
9 336927856
9 919776020
9 100009
9 100009
9 325494262
9 100009
9 100000009
9 100009
9 746377079
9 871239164
9 100009
9 200698020
9 483553709
9 532353349
9 100000009
9 100009
9 723293774
9 184925548
9 218774789
9 322270996
9 905950908
9 100009
9 100009
9 492195330
9 100009
9 697588367
9 100009
9 822125049
9 100009
9 483058749
9 100000009
9 100000009
9 100009
9 100000009
9 100009
9 680242519
9 578307829
9 394623184
9 10009
9 100009
9 718530579
9 100009
9 855695579
9 412441069
9 100009
9 329372920
9 100009
9 208568953
9 848797806
9 100009
9 672819266
9 885138938
9 273168179
9 210204149
9 859361312
9 100009
9 325187709
9 100009
9 757679017
9 100009
9 654441009
9 100009
9 941565944
9 10009
9 606275419
9 853372749
9 100000009
9 503158769
9 294654695
9 316775279
9 100000009
9 186556290
9 635925401
9 551919522
9 564615904
9 100009
9 433900808
9 100000009
9 100000009
9 10009
9 100009
9 891788133
9 508748719
9 240043519
9 10009
9 867261639
9 100009
9 634682997
9 882755579
9 326749757
9 100009
9 100009
9 100009
9 592800119
9 100009
9 230765049
9 100009
9 100009
9 100009
9 327902870
9 223340869
9 165186469
9 100009
9 911464599
9 100009
9 796568629
9 731029541
9 100009
9 100009
9 100009
9 100000009
9 473043759
9 100009
9 414619482
9 210836099
9 100009
9 100000009
9 583739487
9 100009
9 432657749
9 337898411
9 331700009
9 177810839
9 204184986
9 794000066
9 100000009
9 100009
9 935206697
9 10009
9 417234049
9 413882389
9 591288310
9 100000009
9 100009
9 685280669
9 310746079
9 707661239
9 231397976
9 100000009
9 10009
9 100009
9 100000009
9 100009
9 355492767
9 458789614
9 394251369
9 520701519
9 523086169
9 583873619
9 363491135
9 100000009
9 446032039
9 569778592
9 729311521
9 748695116
9 100000009
9 100009
9 318277349
9 121619677
9 859922967
9 192355207
9 462980932
9 623652769
9 191421208
9 100000009
9 569236257
9 844505849
9 100009
9 374281869
9 100009
9 100000009
9 656364719
9 695178316
9 287784149
9 100000009
9 100009
9 100000009
9 613021209
9 491277501
9 853713439
9 462998638
9 378965135
9 393150344
9 441183659
9 694910140
9 100009
9 245380946
9 100000009
9 100009
9 100009
9 100009
9 100009
9 100000009
9 816355609
9 907785240
9 100000009
9 949286015
9 895980820
9 745088591
9 100009
9 696295779
9 100009
9 100009
9 100009
9 100009
9 461631579
9 202581289
9 673576769
9 100000009
9 542469459
9 100009
9 10009
9 100009
9 687901055
9 360492694
9 256317927
9 100009
9 884320329
9 117180549
9 554004219
9 263067169
9 114061139
9 100000009
9 1009
9 664556498
9 100009
9 689418583
9 229953247
9 234260009
9 987337010
9 100009
9 775890678
9 382358809
9 181292006
9 100009
9 730015429
9 1000009
9 721248359
9 371366389
9 125831289
9 423984302
9 172552479
9 846563639
9 10009
9 100000009
9 588384759
9 800546619
9 100009
9 100009
9 881092144
9 398181028
9 100000009
9 100009
9 100009
9 802186419
9 100009
9 869715819
9 100000009
9 364392353
9 769756494
9 291468520
9 496942054
9 305349048
9 775081729
9 10009
9 287857392
9 203907050
9 100000009
9 100000009
9 877174924
9 489976208
9 100009
9 100009
9 957285604
9 697602326
9 100009
9 107828339
9 100009
9 705716329
9 100009
9 195843381
9 572536429
9 250312509
9 100009
9 100009
9 583739030
9 100009
9 480211229
9 934068045
9 936683779
9 421049610
9 100000009
9 100009
9 100009
9 100009
9 979051807
9 100009
9 615651519
9 613640039
9 100000009
9 945429604
9 869757237
9 254408179
9 965302640
9 100009
9 159024731
9 100009
9 121987313
9 100009
9 100000009
9 824472739
9 100009
9 100009
9 200386792
9 100009
9 100009
9 829361008
9 100009
9 100009
9 847831796
9 916333059
9 551764169
9 204496906
9 578628179
9 100009
9 100000009
9 100000009
9 577238119
9 100009
9 690590678
9 100009
9 100009
9 152910772
9 100009
9 748652929
9 227632409
9 378525779
9 516214579
9 10009
9 681731979
9 653306139
9 438045519
9 100000009
9 100000009
9 811294997
9 946523096
9 808739364
9 653826039
9 714772949
9 10009
9 494466239
9 100009
9 100009
9 334768149
9 693984725
9 100009
9 347174659
9 790029652
9 100009
9 530942532
9 106590769
9 969766405
9 100000009
9 100009
9 949226992
9 957911784
9 100000009
9 247609346
9 324544009
9 100000009
9 576586039
9 262429845
9 962331822
9 571967441
9 100009
9 100009
9 100009
9 512806149
9 100009
9 898514645
9 1000009
9 323779152
9 300376779
9 428669487
9 199323529
9 823911493
9 497053787
9 100009
9 635959144
9 828281679
9 196404719
9 688820639
9 331193231
9 100009
9 405708649
9 100009
9 953096506
9 535655249
9 698665142
9 100009
9 100000009
9 438683779
9 865443209
9 100009
9 100009
9 100000009
9 100000009
9 100000009
9 499166479
9 910424288
9 862931103
9 780747429
9 927722684
9 100009
9 480751249
9 100000009
9 100009
9 10009
9 100000009
9 103873689
9 676862792
9 190547843
9 100009
9 108693909
9 984009587
9 10009
9 100009
9 100009
9 100000009
9 267385019
9 100009
9 955490350
9 100009
9 100000009
9 146565829
9 774924792
9 100009
9 907552112
9 129926530
9 100009
9 100009
9 859242438
9 233004519
9 100009
9 100009
9 872852309
9 10009
9 100000009
9 401361689
9 276368719
9 834097235
9 100009
9 450654229
9 100009
9 100000009
9 915662134
9 100009
9 661371419
9 195414423
9 100000009
9 458610719
9 958731567
9 100009
9 930665972
9 547629190
9 100009
9 842838798
9 260997851
9 100009
9 110896427
9 262900352
9 100000009
9 100009
9 100000009
9 707750933
9 898930110
9 100009
9 10009
9 100000009
9 176003239
9 966674040
9 100009
9 100000009
9 100009
9 575325492
9 100000009
9 100000009
9 198856888
9 250213089
9 857869487
9 627195924
9 113084089
9 100009
9 529405034
9 963720134
9 284706519
9 939557981
9 100009
9 100009
9 100009
9 766946493
9 100009
9 100009
9 131919977
9 976655381
9 100009
9 189327201
9 100009
9 100009
9 100009
9 100000009
9 745295466
9 720735089
9 100009
9 10009
9 100000009
9 10009
9 316270509
9 100000009
9 100009
9 10009
9 100000009
9 100009
9 312897832
9 905420555
9 866363379
9 100009
9 454991953
9 100009
9 100000009
9 100009
9 100000009
9 318657689
9 100000009
9 643874309
9 590588530
9 100009
9 923486102
9 100009
9 281846089
9 283851059
9 100009
9 927738701
9 553563569
9 287856629
9 100009
9 100009
9 312469211
9 939614358
9 441812179
9 100000009
9 419317552
9 651988203
9 625294035
9 100009
9 522553947
9 751055329
9 100009
9 972279484
9 226962468
9 100000009
9 772319935
9 100009
9 100000009
9 100009
9 100000009
9 100000009
9 509951252
9 100009
9 100009
9 180983329
9 536486869
9 341798272
9 10009
9 466230329
9 100009
9 299879842
9 100009
9 911247592
9 748912576
9 100009
9 100000009
9 100009
9 792516734
9 100009
9 100009
9 737093268
9 100009
9 100009
9 499419736
9 722486349
9 874839844
9 10009
9 100009
9 100009
9 100000009
9 10009
9 100009
9 704627859
9 833041379
9 100000009
9 100009
9 100009
9 10009
9 100009
9 823115549
9 100009
9 243862879
9 100000009
9 934532875
9 100009
9 100009
9 164419878
9 996760109
9 985212368
9 100009
9 790353416
9 100000009
9 664025929
9 100009
9 343631719
9 544308059
9 473517519
9 637630759
9 100000009
9 100009
9 654411592
9 223179539
9 100000009
9 955399039
9 630312982
9 100009
9 100009
9 100009
9 856961961
9 100009
9 354560509
9 594931075
9 615593243
9 719756300
9 100009
9 100009
9 1000009
9 456339749
9 958790669
9 100009
9 100000009
9 194385826
9 595598292
9 771312119
9 749044389
9 100000009
9 100000009
9 100009
9 406765769
9 100000009
9 861162159
9 580303029
9 100000009
9 474761898
9 273963147
9 10009
9 100009
9 100000009
9 259184922
9 339973558
9 100009
9 725401249
9 921036352
9 1000009
9 312066789
9 100009
9 100009
9 777386329
9 441612991
9 100009
9 314682779
9 196723400
9 273498778
9 151470789
9 218396756
9 151703649
9 100009
9 100000009
9 100009
9 100009
9 100009
9 926636305
9 100009
9 398125035
9 100009
9 679628618
9 834592222
9 100000009
9 144492396
9 100009
9 100009
9 152071009
9 186829816
9 100000009
9 999739487
9 767833789
9 100009
9 864037219
9 100000009
9 346929001
9 100009
9 100009
9 100009
9 100009
9 473637359
9 100009
9 10000009
9 100000009
9 493432223
9 100009
9 325477879
9 209599253
9 570253749
9 959007060
9 167636159
9 100009
9 655703389
9 100009
9 100009
9 363233948
9 100009
9 100009
9 975168395
9 100009
9 100009
9 100009
9 356264159
9 647173089
9 341556982
9 100009
9 100009
9 865171509
9 516243809
9 649431870
9 964091173
9 100009
9 100009
9 389621809
9 504839842
9 543601159
9 808664695
9 409070436
9 964498959
9 444719113
9 100009
9 785565029
9 429994278
9 100009
9 100009
9 100009
9 100000009
9 295123122
9 283968090
9 100000009
9 100009
9 608961564
9 225553089
9 507776079
9 100000009
9 667657029
9 100009
9 637101590
9 1000009
9 299930226
9 100009
9 100000009
9 100009
9 120502859
9 907870550
9 264241529
9 922035140
9 489334574
9 268028269
9 109309449
9 100009
9 930914622
9 481351409
9 105353889
9 907716306
9 535147409
9 805261849
9 748788209
9 100009
9 617309784
9 286179179
9 692909687
9 100009
9 837367409
9 100009
9 424032639
9 295993067
9 100009
9 100009
9 346786965
9 100009
9 560653419
9 428885329
9 931037310
9 210992325
9 822242349
9 652175978
9 100009
9 375849587
9 627650397
9 10009
9 902177739
9 10009
9 10009
9 997929722
9 717854069
9 100000009
9 100009
9 100000009
9 100009
9 561098119
9 609897748
9 802424859
9 100000009
9 100009
9 110281479
9 788621392
9 297420910
9 972544773
9 899757818
9 100009
9 100000009
9 537595704
9 936014824
9 821128089
9 487979383
9 100009
9 227010239
9 937125043
9 100009
9 100009
9 10009
9 115343489
9 100009
9 100000009
9 100009
9 200500069
9 399908756
9 100009
9 100000009
9 129550291
9 100000009
9 100009
9 664688039
9 138376359
9 420760859
9 100000009
9 713525369
9 100000009
9 987022786
9 100009
9 997113384
9 256505289
9 814567529
9 686321579
9 539873438
9 849353209
9 100000009
9 564159049
9 932334032
9 100009
9 100009
9 100009
9 343360169
9 793017180
9 482267749
9 595269136
9 713217409
9 100009
9 661002991
9 100000009
9 350486639
9 323231029
9 100009
9 100009
9 917569849
9 439372154
9 385798144
9 100000009
9 822848469
9 100009
9 408861069
9 100000009
9 764224449
9 100009
9 100009
9 945349455
9 388292253
9 731723909
9 873659724
9 996065623
9 646058935
9 934123273
9 100009
9 100000009
9 734249606
9 827033928
9 822551947
9 865999670
9 633307529
9 100000009
9 100009
9 136246649
9 100009
9 926142819
9 127082964
9 677932060
9 151436789
9 10009
9 136042109
9 692217029
9 648988781
9 100009
9 100009
9 791844206
9 465867009
9 100009
9 100009
9 100009
9 100000009
9 100009
9 343279575
9 615823669
9 100009
9 100009
9 675600769
9 271369199
9 100000009
9 100009
9 953378478
9 877364009
9 364580509
9 965744797
9 735866239
9 100000009
9 10009
9 100009
9 100009
9 626344998
9 280737917
9 885772239
9 107701494
9 100000009
9 331935811
9 719388782
9 141191541
9 100000009
9 100009
9 185264619
9 100009
9 704008897
9 941464062
9 100009
9 100009
9 371041962
9 404476039
9 10009
9 176548910
9 190234435
9 100000009
9 673826917
9 100009
9 100000009
9 100009
9 100009
9 829028014
9 186921120
9 127170194
9 735377299
9 124484459
9 938098997
9 100000009
9 100009
9 518694398
9 533272619
9 100009
9 100009
9 469113502
9 100009
9 235484469
9 100009
9 618154269
9 100009
9 501462069
9 100009
9 100009
9 954244341
9 100009
9 380222159
9 758696028
9 100009
9 880292416
9 100009
9 626759399
9 859410593
9 324576192
9 100000009
9 819972601
9 100000009
9 100009
9 821718709
9 100009
9 452959408
9 790124789
9 603991372
9 100009
9 162898084
9 100009
9 100000009
9 100009
9 977704713
9 105120197
9 100009
9 10009
9 482832519
9 100009
9 100000009
9 805344879
9 100009
9 100009
9 899874499
9 516679696
9 100009
9 490021908
9 212650559
9 104438859
9 100009
9 100009
9 864316239
9 233016790
9 100009
9 100009
9 386917547
9 903099185
9 468644829
9 242613689
9 579334599
9 555611669
9 100000009
9 100009
9 100000009
9 829194876
9 100009
9 503551859
9 706034139
9 100009
9 100009
9 644958413
9 100009
9 100000009
9 224724979
9 361052901
9 100009
9 100009
9 165747759
9 100009
9 961918177
9 101031977
9 887361897
9 100000009
9 571454039
9 1000009
9 402535339
9 100009
9 159598301
9 100000009
9 293498139
9 100000009
9 100000009
9 472367891
9 467473749
9 177444179
9 238691743
9 615728629
9 100009
9 584154279
9 100000009
9 109190406
9 759093659
9 100000009
9 100009
9 240590676
9 490675553
9 215031229
9 436611139
9 205875489
9 131205195
9 798994975
9 552617419
9 100000009
9 813349921
9 131744589
9 100009
9 180700749
9 923212217
9 620848659
9 100009
9 10009
9 286822994
9 175309830
9 641695747
9 100009
9 100000009
9 10009
9 100009
9 100000009
9 713023829
9 100009
9 100000009
9 922384207
9 246945551
9 100009
9 940586044
9 100009
9 911871624
9 468870729
9 10009
9 545579989
9 100009
9 100009
9 100009
9 100009
9 744163719
9 958271266
9 570006912
9 100009
9 433966017
9 342738769
9 100009
9 100000009
9 100009
9 100009
9 863499566
9 690389988
9 100009
9 711670589
9 921266405
9 300156439
9 414732945
9 885886019
9 738198890
9 199721488
9 235969020
9 573876219
9 100009
9 987038403
9 100000009
9 100000009
9 289772739
9 755895472
9 253051791
9 100009
9 544063849
9 899768585
9 599999237
9 961538792
9 898012811
9 181201986
9 822995462
9 100009
9 100000009
9 153373379
9 553244629
9 100009
9 100009
9 100009
9 726458986
9 100009
9 847278309
9 100009
9 554564479
9 100009
9 100009
9 339813035
9 811828589
9 100009
9 123654934
9 100009
9 224613719
9 206993716
9 407326809
9 338692379
9 661699468
9 891174506
9 100009
9 982487015
9 740758449
9 507217489
9 207235449
9 100000009
9 100000009
9 1000009
9 887236926
9 100000009
9 659782247
9 380838069
9 546274729
9 317884489
9 815876639
9 589658677
9 492735993
9 100000009
9 416316289
9 100009
9 315119480
9 10009
9 100009
9 100009
9 137365129
9 674486879
9 100000009
9 688511179
9 617499137
9 611467119
9 773531839
9 100000009
9 100009
9 100009
9 10009
9 100009
9 423296373
9 100000009
9 100009
9 224911324
9 107395860
9 312512569
9 100009
9 672178809
9 288364009
9 723552639
9 100009
9 100009
9 100009
9 531031519
9 911815192
9 194188163
9 100009
9 256850679
9 288587319
9 10009
9 515582439
9 265768289
9 124628219
9 100009
9 757072009
9 100009
9 557526429
9 910245407
9 965679777
9 972720290
9 100009
9 466032149
9 100000009
9 357574569
9 433567429
9 100000009
9 526483709
9 100009
9 783459038
9 592487642
9 184531119
9 320110839
9 785008719
9 100000009
9 111298673
9 100009
9 296943923
9 100000009
9 553463219
9 100000009
9 287223912
9 230089668
9 352007249
9 685947796
9 938482934
9 100009
9 395140170
9 100009
9 512687439
9 318454589
9 100009
9 709484056
9 533505779
9 954849767
9 898072848
9 846915108
9 100009
9 100009
9 698251324
9 1000009
9 447697113
9 1000009
9 100009
9 100000009
9 100000009
9 488898135
9 494761550
9 100000009
9 139596086
9 307798944
9 141982926
9 243641439
9 100000009
9 100009
9 597554034
9 195366696
9 100000009
9 100000009
9 389787849
9 588778191
9 10009
9 100000009
9 100000009
9 444760379
9 414234759
9 100000009
9 970570073
9 720007229
9 684970306
9 252699505
9 100009
9 100009
9 100000009
9 100000009
9 100009
9 764115239
9 591082669
9 100000009
9 476000901
9 864290215
9 1000009
9 713062879
9 285377219
9 338145279
9 690458512
9 414889766
9 697686642
9 413067149
9 100000009
9 10009
9 10009
9 100009
9 100000009
9 100000009
9 210000479
9 100009
9 100009
9 550371779
9 258177409
9 569865155
9 200236093
9 100009
9 856489509
9 100000009
9 100009
9 763957082
9 100000009
9 446643309
9 158857159
9 899793757
9 122418519
9 686338579
9 100000009
9 513524459
9 562232009
9 803998368
9 100009
9 100009
9 526567469
9 100009
9 100009
9 392606872
9 944730109
9 961352897
9 100009
9 100009
9 100000009
9 154566319
9 100000009
9 100000009
9 165359286
9 668699741
9 473151349
9 395782495
9 763451598
9 977184402
9 100000009
9 385319997
9 375945520
9 676148659
9 100009
9 100009
9 994633958
9 636462669
9 965144070
9 100000009
9 100009
9 943819123
9 100009
9 704082039
9 100009
9 156473859
9 806352049
9 100009
9 100000009
9 272523419
9 169901488
9 413786269
9 927543125
9 100000009
9 100009
9 719257069
9 100009
9 849137968
9 677176890
9 100000009
9 577212926
9 100009
9 356320339
9 100009
9 100009
9 653055589
9 958627225
9 100009
9 100009
9 457601559
9 377606389
9 495275991
9 372099872
9 221244900
9 542198053
9 10009
9 622297857
9 264656972
9 100009
9 100009
9 100000009
9 752852119
9 100009
9 100009
9 100009
9 485303869
9 950587105
9 100009
9 294081678
9 915400388
9 100000009
9 658447559
9 10000009
9 100000009
9 367814559
9 100009
9 100000009
9 100009
9 657283459
9 202185619
9 473042579
9 527438839
9 100009
9 123470169
9 361282509
9 263919223
9 100009
9 100009
9 361120859
9 100009
9 100000009
9 112754129
9 152490035
9 100000009
9 167624739
9 738494243
9 100000009
9 754090253
9 749327678
9 195669816
9 100009
9 100009
9 361328249
9 336005879
9 100000009
9 574408389
9 100000009
9 890667442
9 100000009
9 417711869
9 100009
9 100009
9 906272881
9 114342149
9 100009
9 628539752
9 898274560
9 725614809
9 100009
9 874255397
9 100009
9 540935828
9 669762776
9 10009
9 10009
9 550720309
9 100000009
9 10009
9 570269500
9 892277648
9 100009
9 668314946
9 571717729
9 250529922
9 100009
9 100009
9 700312948
9 100000009
9 492785208
9 985504811
9 207920267
9 100009
9 544456935
9 420089336
9 10009
9 431522679
9 181672198
9 100000009
9 100009
9 822260689
9 816050029
9 402744859
9 725168951
9 100000009
9 100000009
9 462979482
9 138203769
9 704771009
9 100009
9 543384549
9 100009
9 931419377
9 313890420
9 764254379
9 100009
9 758212269
9 388921920
9 243685797
9 100009
9 413510395
9 752008839
9 295977712
9 100009
9 10009
9 602915646
9 757874869
9 100009
9 267226719
9 906153549
9 370350971
9 723689262
9 100009
9 263686894
9 100009
9 999248486
9 100009
9 245001699
9 735677797
9 810859749
9 695164675
9 931530591
9 725474129
9 269292410
9 885693180
9 918750469
9 233827419
9 100009
9 100000009
9 964543481
9 100009
9 770769698
9 739934636
9 773677696
9 857597926
9 910610038
9 100009
9 100000009
9 572084189
9 100000009
9 100000009
9 100009
9 380869958
9 666564189
9 100000009
9 349747705
9 377339686
9 100000009
9 849276697
9 828028927
9 874990017
9 100000009
9 100009
9 209239777
9 100009
9 100000009
9 612394303
9 555080379
9 146772529
9 697162775
9 845123639
9 100009
9 860137938
9 160210679
9 100000009
9 855686922
9 100009
9 100000009
9 434023099
9 560107429
9 100009
9 496744275
9 753325149
9 100000009
9 100009
9 894388249
9 100009
9 761041129
9 372969643
9 844767709
9 100009
9 668336709
9 102536319
9 937320788
9 201442549
9 142077379
9 177208349
9 100009
9 870735947
9 998802518
9 100009
9 100000009
9 100000009
9 982535674
9 489024100
9 100009
9 10009
9 627645009
9 820592700
9 448708359
9 100009
9 100000009
9 404938324
9 550041090
9 461990317
9 440111539
9 586049236
9 100618169
9 389864638
9 985529545
9 666161189
9 141515489
9 100009
9 984210568
9 382153529
9 100009
9 402197229
9 450086079
9 100000009
9 100009
9 165499066
9 138025409
9 100009
9 100000009
9 100000009
9 100009
9 963774044
9 10009
9 582632195
9 1000009
9 216497474
9 106144239
9 533878379
9 100009
9 100009
9 100009
9 100009
9 10009
9 100000009
9 790789458
9 100000009
9 100000009
9 100000009
9 831742549
9 148069551
9 100009
9 711585329
9 125739306
9 411373239
9 427758649
9 100009
9 150595166
9 658625549
9 100009
9 100009
9 496978861
9 100009
9 100009
9 100009
9 831663495
9 786484779
9 850472319
9 897721605
9 100009
9 100009
9 100009
9 100000009
9 100009
9 312391403
9 100009
9 100009
9 100009
9 100009
9 171646569
9 944328057
9 680197981
9 100009
9 326178279
9 479544650
9 292073070
9 139654053
9 534485791
9 708338709
9 100009
9 330799188
9 100000009
9 100009
9 100009
9 100009
9 100009
9 100009
9 844796625
9 876437329
9 100009
9 612138049
9 160466960
9 164759908
9 100009
9 872504079
9 495592179
9 618227790
9 100009
9 100000009
9 156817079
9 917242576
9 969460121
9 934743339
9 733760589
9 768333209
9 100009
9 990780041
9 100009
9 100009
9 685212249
9 333840689
9 380113029
9 931152265
9 100000009
9 100009
9 538233859
9 100009
9 389744069
9 10009
9 100009
9 810135595
9 863259281
9 100000009
9 979293379
9 582212019
9 132064059
9 100000009
9 217017719
9 100000009
9 100000009
9 629009361
9 100009
9 358278739
9 827926192
9 823107149
9 100009
9 739882214
9 671508189
9 887678019
9 100000009
9 1000009
9 100009
9 910935679
9 100000009
9 100000009
9 626280679
9 100009
9 1000009
9 100009
9 120883729
9 100000009
9 967704380
9 344123369
9 100000009
9 100009
9 100009
9 248718879
9 100009
9 512619986
9 892465719
9 658261259
9 100000009
9 100009
9 790473922
9 461889805
9 100009
9 126831619
9 644601359
9 925178993
9 391670400
9 100009
9 10009
9 208628409
9 100009
9 100009
9 100009
9 157576089
9 112849712
9 550718679
9 913948146
9 100009
9 441219343
9 527858269
9 708711589
9 387372896
9 486178329
9 100009
9 100000009
9 100009
9 100000009
9 100009
9 100009
9 374390514
9 341015749
9 100009
9 100009
9 886241923
9 973096735
9 100009
9 100009
9 357649899
9 100009
9 177163719
9 100009
9 121926192
9 100009
9 100000009
9 420105179
9 100000009
9 596661194
9 100009
9 448978609
9 100000009
9 100000009
9 919922209
9 100000009
9 100000009
9 103983961
9 100009
9 100009
9 100009
9 100009
9 100009
9 841169206
9 100000009
9 181742269
9 100009
9 100009
9 100009
9 492597499
9 690619319
9 100009
9 965510688
9 100000009
9 896450291
9 100009
9 100009
9 383652149
9 100009
9 226779772
9 10009
9 100000009
9 100009
9 100009
9 100009
9 100009
9 100009
9 100000009
9 193645201
9 372941281
9 100009
9 731371939
9 100000009
9 145637259
9 152961415
9 100009
9 34600549
9 100000009
9 100000009
9 169680284
9 386911098
9 527148629
9 290065191
9 10009
9 100009
9 100009
9 100000009
9 100009
9 106359218
9 100009
9 607611329
9 100009
9 925856214
9 586259576
9 711565769
9 707703189
9 214051859
9 100000009
9 100000009
9 100000009
9 100009
9 100000009
9 952664531
9 627680980
9 100009
9 162501139
9 552351969
9 100000009
9 632078419
9 826245869
9 289106184
9 189477948
9 537187059
9 100009
9 806766689
9 100009
9 710805049
9 406167319
9 289452824
9 100000009
9 100009
9 100009
9 943848544
9 515282489
9 191669191
9 398768030
9 386390848
9 100009
9 100009
9 838508029
9 100009
9 581868659
9 685450896
9 100000009
9 100009
9 945090617
9 405256859
9 307263916
9 100009
9 286996311
9 100000009
9 100000009
9 777696568
9 100000009
9 991448221
9 100009
9 100009
9 824773809
9 940286698
9 283978499
9 153827459
9 192413506
9 799718450
9 237613059
9 305892184
9 100000009
9 837603149
9 100009
9 100009
9 995903576
9 362534259
9 100000009
9 100000009
9 433872759
9 100000009
9 100009
9 899718840
9 884226094
9 399931777
9 796489798
9 651065849
9 161177629
9 10009
9 100000009
9 119047085
9 464690464
9 100009
9 100009
9 246440449
9 926128951
9 813852479
9 100009
9 84287339
9 100000009
9 698684202
9 464648979
9 874681329
9 130008629
9 100000009
9 100009
9 465713019
9 100000009
9 100009
9 975667333
9 882058739
9 100009
9 100009
9 757842559
9 716104779
9 100009
9 444239355
9 280798573
9 390338413
9 100000009
9 553629642
9 942730450
9 100000009
9 365943136
9 323474769
9 638097864
9 100009
9 878821539
9 364013829
9 272146189
9 225839235
9 460455559
9 100009
9 100000009
9 507866109
9 946596821
9 595986870
9 876308090
9 844727679
9 736241109
9 100009
9 159275679
9 100009
9 518008977
9 872843389
9 507359744
9 100009
9 10009
9 100009
9 100009
9 572986803
9 189535476
9 344456839
9 100000009
9 918758234
9 100009
9 513225359
9 555072689
9 422999893
9 289793755
9 220520239
9 100000009
9 100000009
9 100009
9 100009
9 100009
9 555439199
9 100009
9 100009
9 667423829
9 492955775
9 100009
9 547545109
9 951127857
9 599267392
9 240143829
9 803090717
9 102049228
9 749726395
9 420816609
9 100009
9 100009
9 232746749
9 100009
9 100000009
9 960753719
9 551905178
9 162034197
9 582283659
9 220632249
9 100009
9 246559114
9 536730109
9 745190837
9 1000009
9 100009
9 548431649
9 100009
9 1000009
9 100009
9 359269685
9 100009
9 100009
9 167707139
9 100009
9 397145851
9 100009
9 982211232
9 100009
9 100009
9 236814159
9 115426019
9 100009
9 10009
9 100009
9 286204569
9 676841519
9 100009
9 100009
9 100009
9 100009
9 100000009
9 632301696
9 400717129
9 352636539
9 100009
9 100009
9 100009
9 100000009
9 100000009
9 100009
9 643513039
9 352724239
9 951582787
9 695534968
9 823479505
9 100009
9 400386009
9 314253759
9 1000009
9 848950890
9 821225099
9 332542779
9 151948672
9 100009
9 100009
9 100000009
9 100009
9 769305797
9 877329019
9 790034622
9 752004069
9 100009
9 271735509
9 464851649
9 915213706
9 620398687
9 100000009
9 100009
9 100009
9 457515629
9 781136479
9 776824890
9 100009
9 100009
9 387762049
9 247922514
9 10009
9 303738859
9 100009
9 100000009
9 100009
9 110096715
9 100009
9 100009
9 732998554
9 955047871
9 387693007
9 864419190
9 866401269
9 792173456
9 645093420
9 494397418
9 100000009
9 100000009
9 665727659
9 100009
9 100000009
9 550751839
9 178552419
9 100009
9 157612449
9 100009
9 615079769
9 729656619
9 100009
9 428810932
9 220581976
9 275278349
9 168099621
9 952415654
9 731079616
9 511573579
9 759322248
9 100009
9 750555809
9 100009
9 100000009
9 848758319
9 10009
9 920348094
9 384656659
9 168496633
9 252541849
9 311347339
9 508839824
9 100000009
9 100009
9 100000009
9 10009
9 643870829
9 1000009
9 10009
9 979989133
9 883636659
9 527698764
9 100009
9 100009
9 376451749
9 945233957
9 100009
9 514736669
9 295474587
9 100000009
9 588318379
9 431352779
9 808090117
9 233342479
9 100000009
9 122623279
9 100009
9 577854193
9 291885360
9 656702970
9 440083779
9 573745339
9 314558559
9 789235425
9 100009
9 942359113
9 997959741
9 78077659
9 649201128
9 797290276
9 925299315
9 111728239
9 219844173
9 749556698
9 100000009
9 419299079
9 761716927
9 437036159
9 927153338
9 100009
9 238408329
9 100000009
9 100009
9 100009
9 867326279
9 100000009
9 100009
9 317017219
9 598332699
9 1000009
9 564588729
9 252785449
9 463286259
9 100009
9 100000009
9 694801928
9 100009
9 671676794
9 881548159
9 100009
9 100009
9 116550139
9 100000009
9 894423267
9 417099434
9 100000009
9 769520756
9 100000009
9 489448166
9 100000009
9 997613904
9 959147425
9 100000009
9 487598496
9 100009
9 958871756
9 100009
9 23467169
9 803288389
9 390808208
9 597083019
9 725862659
9 524822829
9 226377529
9 366464669
9 186873930
9 100009
9 100009
9 100009
9 100009
9 247043789
9 100009
9 366996241
9 198165140
9 814467491
9 592436478
9 909857493
9 421234859
9 100000009
9 630940242
9 136085429
9 782759006
9 493060498
9 546998367
9 100009
9 114245921
9 715366693
9 100009
9 100000009
9 100009
9 206464639
9 755528489
9 260373429
9 100009
9 100000009
9 197878766
9 100009
9 365773089
9 733573459
9 663424119
9 282405469
9 100000009
9 758570609
9 549891859
9 747098518
9 100000009
9 671015789
9 404172829
9 844136059
9 170874961
9 100000009
9 562809230
9 864329044
9 937427087
9 100009
9 236604889
9 100009
9 100009
9 100009
9 705763249
9 213832129
9 221890968
9 100009
9 749205006
9 100009
9 100009
9 510711239
9 295849649
9 100009
9 100009
9 100000009
9 100009
9 100000009
9 266401129
9 290551119
9 243288789
9 100009
9 100009
9 519951660
9 635153359
9 100000009
9 100009
9 584093537
9 100009
9 100009
9 960697061
9 10009
9 586044489
9 398508420
9 884421219
9 100009
9 405437509
9 100009
9 137419869
9 681244689
9 187624309
9 835180219
9 956484221
9 100000009
9 100009
9 100000009
9 100009
9 913821330
9 718288829
9 100000009
9 178132197
9 924175349
9 100009
9 100009
9 726264219
9 100009
9 861004259
9 100009
9 748929766
9 873602479
9 214271169
9 100009
9 583169940
9 574031669
9 100009
9 742745449
9 379609592
9 1000009
9 762987861
9 100009
9 689338181
9 187140259
9 639357665
9 100000009
9 909011212
9 100009
9 100009
9 100000009
9 967775126
9 100000009
9 140004119
9 785664469
9 902340770
9 881268759
9 241871779
9 881187059
9 100009
9 239869560
9 658240109
9 852572089
9 100009
9 167337981
9 842193463
9 100009
9 232531859
9 100000009
9 532048319
9 100009
9 595510282
9 100009
9 738865739
9 100009
9 803402229
9 100009
9 100009
9 294765220
9 403994485
9 816687956
9 100009
9 855145129
9 100000009
9 100009
9 314669149
9 100000009
9 921684236
9 100009
9 100009
9 567724659
9 100009
9 945861228
9 100009
9 100000009
9 856914501
9 142670039
9 100000009
9 304537097
9 612944365
9 100009
9 918765851
9 100009
9 792513679
9 100009
9 100009
9 568821719
9 100000009
9 333775940
9 786678049
9 1000009
9 241336439
9 920611280
9 100009
9 100009
9 186367839
9 100000009
9 166501926
9 971267299
9 376060569
9 100000009
9 100000009
9 195003353
9 762193711
9 402943950
9 840712619
9 709618561
9 382848079
9 100009
9 912100392
9 763347289
9 611228092
9 853458913
9 652379618
9 125863049
9 326119644
9 802625629
9 349548495
9 100009
9 697828121
9 194547586
9 100000009
9 600899910
9 100009
9 159761496
9 511514009
9 19
9 100009
9 955009078
9 169662904
9 855440197
9 100009
9 905250212
9 100009
9 608486397
9 138571579
9 945575924
9 100009
9 183754519
9 672685289
9 246693854
9 100009
9 100009
9 444395058
9 747397097
9 970773665
9 744518409
9 664609760
9 281843659
9 731062349
9 161555129
9 638987826
9 330655209
9 343466149
9 238613509
9 100009
9 343955401
9 100009
9 303014069
9 100000009
9 100009
9 100009
9 10009
9 100009
9 962079832
9 859358986
9 429954173
9 100009
9 433706729
9 100009
9 324300492
9 960681004
9 924556729
9 990396987
9 100009
9 100009
9 329088593
9 100009
9 643952299
9 328253994
9 307320889
9 100009
9 721938005
9 881225409
9 815282893
9 835372239
9 114291529
9 319453729
9 472038729
9 100000009
9 966471373
9 1000009
9 100009
9 100009
9 102975617
9 100000009
9 120784449
9 495100415
9 592773523
9 663247839
9 100000009
9 100009
9 225687259
9 100000009
9 519631103
9 244513059
9 100000009
9 100009
9 100009
9 100009
9 100000009
9 861718229
9 100009
9 926644551
9 726758679
9 174470189
9 803661289
9 100000009
9 259426190
9 807894955
9 314371097
9 100009
9 782017639
9 301151779
9 913814679
9 584090455
9 414330249
9 100009
9 10009
9 208437189
9 100009
9 754242933
9 646044980
9 465037249
9 581210927
9 100009
9 100009
9 983611987
9 100009
9 100009
9 638290203
9 261189564
9 997741960
9 100009
9 499164989
9 571962262
9 239263709
9 841961254
9 578127119
9 703657689
9 10009
9 100009
9 299954123
9 629897901
9 706019691
9 305373439
9 100009
9 920495739
9 100009
9 100009
9 900781852
9 792185684
9 581047129
9 943138219
9 440268978
9 941204436
9 622269223
9 299761333
9 442002849
9 100009
9 728526229
9 770575496
9 100009
9 378891272
9 100009
9 195307689
9 656849324
9 100009
9 100000009
9 370934440
9 100009
9 178397806
9 100009
9 959777585
9 669019772
9 613484659
9 100009
9 904751038
9 328539607
9 946250030
9 100000009
9 537958538
9 824706569
9 814001109
9 893604299
9 257703619
9 100009
9 100009
9 262619078
9 518965899
9 166456729
9 307697361
9 918495069
9 100009
9 679996447
9 941694280
9 185004689
9 100009
9 100009
9 727435297
9 714835569
9 100000009
9 100009
9 100009
9 280736729
9 100009
9 893249539
9 431717809
9 430096509
9 628262549
9 560381249
9 100000009
9 100000009
9 208698265
9 476858319
9 671696000
9 286609912
9 100000009
9 100000009
9 948049078
9 957660336
9 951420960
9 521069503
9 383802109
9 100009
9 100009
9 598065467
9 294161773
9 554210319
9 100009
9 100009
9 659896047
9 100009
9 955458167
9 557816759
9 100000009
9 853520789
9 358246479
9 994190278
9 100009
9 896639750
9 100009
9 996826684
9 100009
9 205996006
9 100009
9 482346974
9 100009
9 100009
9 100009
9 963288769
9 100000009
9 877305839
9 874557549
9 100009
9 586974471
9 844583209
9 359555334
9 275189119
9 785883679
9 115452829
9 151736489
9 247708659
9 100009
9 326426809
9 178501926
9 10009
9 100009
9 794579364
9 100009
9 100009
9 829290831
9 100009
9 743747589
9 513894695
9 100009
9 100000009
9 100000009
9 100009
9 100000009
9 100009
9 183971327
9 10009
9 252621019
9 926003685
9 487584659
9 327605069
9 999499705
9 898213882
9 962005000
9 606205239
9 962551720
9 100000009
9 702293806
9 190546248
9 100000009
9 100009
9 10009
9 100009
9 100000009
9 100000009
9 32624859
9 100009
9 953788779
9 330613609
9 100009
9 100000009
9 849078085
9 368196407
9 736754379
9 100009
9 834192599
9 100009
9 100009
9 100000009
9 100000009
9 220430559
9 364219243
9 100000009
9 852042982
9 207056469
9 987432919
9 412676149
9 427594290
9 100009
9 107925813
9 100000009
9 100009
9 100009
9 164205109
9 871419422
9 100000009
9 100009
9 1000009
9 604778692
9 100009
9 100009
9 155186669
9 100009
9 471781509
9 1000009
9 1009
9 445476923
9 100000009
9 984561562
9 817599303
9 100009
9 401137928
9 458336029
9 788434489
9 10009
9 615531889
9 798658553
9 100009
9 456990801
9 711578059
9 100009
9 100000009
9 493839204
9 209530644
9 536327299
9 219503352
9 122430919
9 100009
9 482471069
9 962379156
9 100000009
9 691752592
9 100009
9 520612359
9 10000009
9 880588709
9 1000009
9 100009
9 182389912
9 139477779
9 687569960
9 100000009
9 608144079
9 100009
9 10009
9 906791667
9 100009
9 670844329
9 470440439
9 100009
9 999887696
9 100009
9 279203892
9 572363239
9 738915688
9 628130419
9 22557269
9 912134324
9 105300129
9 100009
9 100009
9 888690624
9 607298056
9 145659661
9 100000009
9 100000009
9 100009
9 100000009
9 561665739
9 828464019
9 221174491
9 309623489
9 100009
9 125142079
9 10009
9 100009
9 100009
9 553958448
9 641223970
9 778220039
9 301408793
9 100009
9 100009
9 334544319
9 624347079
9 100000009
9 100000009
9 100000009
9 120879461
9 485211169
9 100009
9 465169604
9 100000009
9 610465973
9 100000009
9 100009
9 733418379
9 875187469
9 100009
9 744294762
9 100000009
9 100000009
9 100009
9 100009
9 100009
9 100009
9 100009
9 100009
9 716360589
9 100009
9 684396663
9 820774759
9 531588973
9 322380549
9 100009
9 378961784
9 435469697
9 100009
9 629502703
9 100009
9 100009
9 708366957
9 453819403
9 975890324
9 100000009
9 546224849
9 891803384
9 499286582
9 661642049
9 100009
9 10009
9 638764139
9 100009
9 100009
9 465810629
9 222315739
9 897819503
9 884665139
9 433614109
9 100000009
9 692692209
9 890419124
9 251772495
9 588120049
9 923632390
9 100009
9 100000009
9 100009
9 200954103
9 363770955
9 100009
9 804055569
9 712058291
9 100009
9 290862573
9 100009
9 100009
9 877373069
9 10009
9 100009
9 440690550
9 102928256
9 100009
9 842024019
9 100009
9 100009
9 393487716
9 511600809
9 100009
9 100009
9 854774269
9 100009
9 100009
9 224837319
9 362860519
9 100009
9 100000009
9 836710259
9 100009
9 747814789
9 820701629
9 100009
9 772864069
9 540027319
9 153181998
9 100000009
9 100009
9 971703399
9 100009
9 792574206
9 100000009
9 454109427
9 588170729
9 100009
9 478066498
9 100009
9 290651419
9 585457963
9 332233289
9 686640529
9 553907530
9 871510319
9 418519596
9 727220139
9 100000009
9 10009
9 100000009
9 420795704
9 514316769
9 100009
9 100009
9 100009
9 100000009
9 100000009
9 415395601
9 100009
9 734634079
9 549310546
9 100009
9 333123549
9 10009
9 563027039
9 555649763
9 100000009
9 100009
9 100000009
9 752882569
9 669959146
9 169625923
9 575724249
9 839129989
9 100000009
9 100009
9 100009
9 139846003
9 100000009
9 521339476
9 597971607
9 100009
9 100000009
9 100009
9 690699875
9 860914720
9 233149389
9 100009
9 473874791
9 707998677
9 386576179
9 932723606
9 660340549
9 100009
9 647334439
9 100009
9 772637961
9 100009
9 291845855
9 292270137
9 100009
9 100009
9 100009
9 100009
9 100009
9 956625074
9 100000009
9 496335722
9 246800794
9 100009
9 646666494
9 609798716
9 748777978
9 424663937
9 121246979
9 100000009
9 100000009
9 381155449
9 151990800
9 880970678
9 151074937
9 100000009
9 100009
9 100000009
9 517675319
9 506587639
9 858399855
9 936103473
9 910063704
9 100000009
9 100000009
9 100000009
9 567932913
9 100009
9 346386859
9 428883149
9 160557589
9 890245814
9 371024779
9 187489690
9 100009
9 100009
9 763145189
9 100009
9 828524219
9 700991968
9 100009
9 100009
9 100009
9 10009
9 173736819
9 185253469
9 968851091
9 10009
9 100000009
9 100000009
9 764244689
9 669513445
9 480962450
9 441369463
9 100000009
9 100009
9 436011479
9 100000009
9 789258817
9 100009
9 100000009
9 530517639
9 768762629
9 935981709
9 100000009
9 100000009
9 436059883
9 100000009
9 306637009
9 488412289
9 971790544
9 100009
9 100000009
9 100009
9 100009
9 325235119
9 246722209
9 194983546
9 769171592
9 100000009
9 407622859
9 876267849
9 107312459
9 173961964
9 100000009
9 198662448
9 955089142
9 100009
9 343964017
9 100009
9 1000009
9 10009
9 869494199
9 10009
9 100000009
9 885820079
9 640757819
9 100009
9 100009
9 100009
9 10009
9 669072355
9 100009
9 545557029
9 561231019
9 248388819
9 538836935
9 736509228
9 329415515
9 485456981
9 184848279
9 100009
9 415750609
9 100009
9 100000009
9 621766519
9 795750754
9 100009
9 10009
9 295227782
9 234670933
9 155778779
9 100009
9 162381789
9 483168239
9 833570429
9 100009
9 685762559
9 100000009
9 100009
9 10009
9 974690607
9 957218530
9 100009
9 673115889
9 100000009
9 924209090
9 736445619
9 100009
9 215695493
9 567933346
9 160294770
9 100000009
9 903454075
9 100009
9 171980642
9 432572490
9 100009
9 266676829
9 351157569
9 100009
9 100009
9 641722269
9 666590744
9 100009
9 603738589
9 100009
9 195828565
9 699461383
9 100000009
9 100009
9 100009
9 528821619
9 100000009
9 652957680
9 269420004
9 100009
9 217863905
9 687882439
9 758897117
9 641400049
9 100009
9 579782766
9 100000009
9 872652929
9 100000009
9 711253729
9 975595117
9 100000009
9 100000009
9 100000009
9 100009
9 377253569
9 697051492
9 491731535
9 100000009
9 100000009
9 100009
9 695586696
9 494701537
9 100000009
9 100009
9 100009
9 735131489
9 125407459
9 100000009
9 764307329
9 919126081
9 679701177
9 723495408
9 195625359
9 100009
9 246269575
9 899952114
9 100000009
9 100009
9 100000009
9 100009
9 968240012
9 100009
9 213558229
9 338648409
9 10009
9 160503769
9 100009
9 1000009
9 100009
9 100000009
9 727014689
9 981019426
9 273072391
9 629054007
9 100009
9 100009
9 100009
9 768298248
9 526143489
9 100009
9 100000009
9 779642333
9 100000009
9 144276159
9 746968997
9 684342629
9 328171479
9 218828119
9 703949926
9 647449082
9 971747628
9 372244369
9 573251519
9 100009
9 624413179
9 100000009
9 545073029
9 100000009
9 459136366
9 192632230
9 100009
9 10009
9 751812619
9 897572233
9 822752489
9 146534339
9 100009
9 328324709
9 100009
9 100009
9 507169620
9 100009
9 100000009
9 304415379
9 952074064
9 100000009
9 577690311
9 100009
9 100000009
9 10009
9 100000009
9 100009
9 841449501
9 100009
9 100000009
9 243262589
9 274090658
9 882065109
9 170739187
9 100009
9 10009
9 282999794
9 800468953
9 534063779
9 271386179
9 275057229
9 100009
9 100009
9 881940095
9 967284019
9 100009
9 221288869
9 372960966
9 596480861
9 822418964
9 936450862
9 100009
9 891301766
9 100009
9 954921331
9 100009
9 179119925
9 100000009
9 253162169
9 106009164
9 565165659
9 100000009
9 362759804
9 269857280
9 871951110
9 100000009
9 100000009
9 100009
9 213715719
9 660437389
9 346859844
9 100000009
9 100009
9 756832439
9 717781169
9 688924161
9 371683429
9 100009
9 100000009
9 270687869
9 606308189
9 544926594
9 100000009
9 100009
9 908171869
9 968857372
9 100000009
9 650364409
9 100009
9 729042267
9 100009
9 257673789
9 100000009
9 683787983
9 559322290
9 866134399
9 379834133
9 100009
9 540103948
9 930233281
9 294294004
9 464315549
9 809044574
9 569009624
9 100009
9 837911030
9 122913668
9 259803259
9 599953313
9 565827739
9 100000009
9 667523329
9 281316439
9 100000009
9 100000009
9 100009
9 558581249
9 417358889
9 549825991
9 100009
9 132774859
9 149479434
9 198185498
9 719980405
9 583237589
9 100000009
9 903457542
9 10009
9 100000009
9 100009
9 435674469
9 100009
9 100000009
9 10009
9 696023658
9 329555296
9 464541139
9 100000009
9 457449159
9 546565298
9 684233089
9 100009
9 990430353
9 582507079
9 100009
9 758072619
9 743780879
9 841918483
9 100000009
9 277731869
9 221503149
9 100009
9 100009
9 127800239
9 650192487
9 100009
9 505371689
9 295479477
9 100009
9 100009
9 100009
9 864604698
9 370888389
9 100009
9 100009
9 340369489
9 493245188
9 521164619
9 100000009
9 199288884
9 100000009
9 209449349
9 100009
9 10009
9 653849778
9 100009
9 123516909
9 100000009
9 898648166
9 554661059
9 100009
9 794685832
9 10009
9 964136491
9 100000009
9 643398051
9 100009
9 656280189
9 794452280
9 472981625
9 10009
9 100000009
9 100009
9 614897475
9 10009
9 100009
9 807138139
9 349968960
9 100009
9 906221972
9 100009
9 100000009
9 100009
9 100009
9 887707749
9 100009
9 100009
9 180368992
9 724196071
9 996579751
9 236077229
9 525832990
9 696273084
9 204612449
9 100009
9 317924455
9 100009
9 150138129
9 100009
9 345332379
9 100009
9 158159153
9 100009
9 280623298
9 928846019
9 433621809
9 100000009
9 564710019
9 491831237
9 803398461
9 969542664
9 645780319
9 347993994
9 100009
9 487056079
9 100009
9 975792189
9 959730915
9 999581288
9 340125999
9 100009
9 100009
9 100000009
9 805527937
9 422650389
9 617691062
9 100009
9 100009
9 100000009
9 331531869
9 100000009
9 100009
9 100009
9 850604809
9 10009
9 120813269
9 693360062
9 561695732
9 100009
9 100000009
9 100009
9 628540079
9 869663255
9 953787999
9 100000009
9 100009
9 100009
9 100000009
9 525205559
9 404690121
9 512971024
9 516286679
9 832747589
9 266346679
9 592285451
9 100009
9 176832089
9 896615453
9 167323319
9 574782619
9 404727598
9 100000009
9 100009
9 714227649
9 100009
9 818214669
9 592670070
9 871855459
9 135027950
9 100009
9 100543679
9 158128779
9 321016938
9 290267819
9 610832809
9 100000009
9 182565909
9 100009
9 796217942
9 132624649
9 587783839
9 800800749
9 523731569
9 100009
9 670849528
9 649732799
9 10009
9 388398743
9 372116519
9 944672033
9 100009
9 277148924
9 320993513
9 100009
9 100009
9 629980842
9 322408509
9 664280429
9 652351391
9 810733209
9 627206639
9 10009
9 288389123
9 100009
9 100000009
9 997681923
9 629978884
9 684842339
9 154738479
9 100009
9 924586694
9 435064975
9 819520278
9 812595324
9 100009
9 459401654
9 100009
9 406439614
9 163865419
9 804098781
9 585030797
9 724529372
9 801658819
9 100000009
9 100009
9 968147617
9 100009
9 912528733
9 555835059
9 154581649
9 923690436
9 100000009
9 100009
9 100009
9 501239853
9 100009
9 268425609
9 487446195
9 759637472
9 230842279
9 430454369
9 100000009
9 558852971
9 405745629
9 100009
9 100009
9 100000009
9 321330090
9 100009
9 100009
9 785020229
9 100000009
9 631668902
9 100000009
9 257579838
9 122348109
9 10000009
9 890697099
9 100009
9 100009
9 10009
9 100009
9 594971948
9 10009
9 100009
9 100009
9 315571079
9 802748986
9 777839970
9 100000009
9 469383813
9 100000009
9 100000009
9 806275789
9 566882819
9 489879564
9 100009
9 100000009
9 100009
9 100009
9 100009
9 10009
9 481356679
9 946202078
9 823715719
9 100009
9 592417147
9 123183719
9 100009
9 726883379
9 100000009
9 675374019
9 100009
9 100009
9 804553396
9 406463239
9 970965791
9 350288589
9 846745219
9 304374319
9 956896083
9 285701089
9 100009
9 497604004
9 970310586
9 100009
9 550186469
9 100009
9 373163290
9 235065709
9 689304649
9 100009
9 100009
9 100009
9 997976113
9 387666029
9 100009
9 986931682
9 100000009
9 312540979
9 10000009
9 100000009
9 100009
9 349015319
9 100009
9 393278139
9 100009
9 596168119
9 570756898
9 900343719
9 937791378
9 818337069
9 100009
9 100009
9 100009
9 541682349
9 792257892
9 603472229
9 100009
9 100009
9 100000009
9 100009
9 692678249
9 100009
9 100009
9 100000009
9 762981120
9 100009
9 100000009
9 100009
9 523913540
9 548257869
9 325056359
9 869014454
9 306978086
9 611868729
9 921173048
9 100009
9 451931500
9 400516978
9 377943083
9 670560809
9 171048269
9 889243752
9 233893718
9 606175639
9 943427989
9 459493813
9 100009
9 749372024
9 664194493
9 408834549
9 100009
9 478727819
9 100009
9 612085459
9 100009
9 320556629
9 925855174
9 841437189
9 763970849
9 100009
9 100009
9 768282669
9 898763959
9 100009
9 100000009
9 100009
9 100000009
9 964728969
9 100009
9 869904883
9 100009
9 100009
9 734815369
9 100009
9 289661352
9 739847364
9 100000009
9 100009
9 100009
9 127115009
9 734291135
9 710159505
9 676819638
9 123740679
9 100000009
9 100009
9 100000009
9 822786569
9 100000009
9 252308509
9 100009
9 663793498
9 537207639
9 100009
9 606363019
9 123676889
9 520233339
9 100009
9 10009
9 896920496
9 901499316
9 100000009
9 100009
9 100009
9 663928310
9 549352344
9 100009
9 259184048
9 100009
9 100000009
9 581548619
9 100009
9 692031452
9 637687139
9 629872863
9 135397863
9 187358659
9 253847895
9 100009
9 704909342
9 653918345
9 221448179
9 100009
9 357101009
9 543460809
9 560570209
9 295422622
9 691735710
9 988840622
9 872252259
9 170112939
9 741921784
9 958465471
9 597868418
9 542059378
9 10009
9 100000009
9 100009
9 608275789
9 684808089
9 811613649
9 100009
9 100009
9 100009
9 847055792
9 100009
9 878567998
9 162250990
9 100009
9 921970180
9 969135454
9 100000009
9 100000009
9 162455391
9 286197964
9 571373994
9 233136419
9 979711099
9 100009
9 354636849
9 10009
9 380839889
9 100000009
9 829181527
9 530251479
9 100000009
9 338604139
9 100000009
9 100000009
9 100000009
9 128547049
9 891374055
9 100009
9 511238149
9 100000009
9 989604301
9 100009
9 100009
9 817976947
9 100009
9 100009
9 172073889
9 100009
9 729466533
9 733742959
9 100009
9 380724569
9 100009
9 100000009
9 655857739
9 279966796
9 100009
9 100009
9 100009
9 842447189
9 133743389
9 154246509
9 362051159
9 900380892
9 100009
9 433679624
9 366428519
9 852100759
9 110121339
9 778275179
9 100009
9 602837759
9 633072629
9 100009
9 333129588
9 100009
9 100000009
9 253463359
9 315210319
9 100009
9 920456522
9 689699676
9 961974542
9 116523239
9 755341559
9 863866749
9 100009
9 100009
9 476748129
9 630805379
9 100009
9 100009
9 964557864
9 100009
9 100009
9 149170245
9 372013839
9 101247298
9 697693572
9 100009
9 100009
9 100009
9 677553779
9 535099067
9 127771289
9 946100784
9 100000009
9 868253339
9 789399140
9 622531409
9 935059966
9 870575954
9 655935678
9 100009
9 629883124
9 100009
9 312363349
9 100009
9 100000009
9 100009
9 100009
9 920914889
9 100009
9 249414843
9 265970870
9 415458549
9 640330289
9 100009
9 726469122
9 100009
9 148664319
9 636987147
9 767379681
9 100009
9 100009
9 460655409
9 553388529
9 100009
9 262994979
9 100009
9 872014169
9 100009
9 322424293
9 100000009
9 100009
9 541467859
9 198288289
9 100000009
9 100009
9 100009
9 100009
9 100009
9 100009
9 115108997
9 288022209
9 100009
9 578760109
9 10009
9 100009
9 100000009
9 508325749
9 866445719
9 713035229
9 217590914
9 323888129
9 100009
9 905839938
9 100009
9 521594893
9 100009
9 1009
9 800916001
9 603314079
9 968950109
9 100009
9 100000009
9 100009
9 100009
9 567431769
9 849849750
9 527229974
9 487701689
9 549939571
9 829305232
9 100009
9 660509424
9 307197277
9 733275649
9 100000009
9 495805660
9 100000009
9 842367269
9 793198744
9 100000009
9 504155739
9 111930502
9 462200939
9 100009
9 655436279
9 100009
9 875876559
9 100009
9 100009
9 100009
9 719019859
9 700974605
9 100009
9 366006759
9 352197861
9 100009
9 510109326
9 100009
9 955948558
9 577311695
9 513373591
9 448962645
9 304719262
9 895115419
9 100000009
9 100000009
9 400300519
9 100009
9 100000009
9 299070611
9 736287429
9 402157769
9 100009
9 216593263
9 100009
9 827052329
9 296993598
9 100000009
9 422595713
9 912655738
9 180287819
9 149431379
9 238967442
9 577990757
9 781177479
9 100000009
9 295811447
9 305295939
9 613483759
9 100009
9 841158879
9 10009
9 100000009
9 960442269
9 911040871
9 435114619
9 207742179
9 290725175
9 257252069
9 422983971
9 1000009
9 607506349
9 305614159
9 387795442
9 558282988
9 100009
9 100009
9 100009
9 100009
9 243710951
9 100000009
9 100009
9 100009
9 256029820
9 100000009
9 784279388
9 100009
9 391127046
9 100009
9 891533326
9 100009
9 100009
9 274779613
9 100000009
9 836454459
9 960520979
9 100009
9 10009
9 100009
9 127984535
9 473682279
9 100009
9 524738894
9 100009
9 373039368
9 548336569
9 100009
9 100009
9 576835639
9 617807792
9 999633695
9 735131679
9 931917698
9 100009
9 213138509
9 100009
9 100000009
9 100009
9 987038055
9 100009
9 100009
9 831818109
9 100000009
9 100000009
9 525375919
9 818768369
9 667196962
9 100009
9 123969069
9 100000009
9 100000009
9 100009
9 581253639
9 402575859
9 546768498
9 100009
9 125925403
9 10009
9 464465069
9 351810019
9 100009
9 216561389
9 100000009
9 761913052
9 100000009
9 100009
9 464506439
9 100000009
9 888474859
9 748826609
9 186843809
9 100009
9 354256619
9 100000009
9 634242069
9 100009
9 100009
9 872292577
9 224782189
9 100009
9 813404629
9 100009
9 197323137
9 609097801
9 946948062
9 100009
9 194221926
9 660545769
9 100009
9 100000009
9 100000009
9 409777723
9 100000009
9 551103819
9 790117456
9 10009
9 100009
9 848451219
9 773819293
9 710854939
9 100009
9 100009
9 428933138
9 100009
9 346674597
9 212047179
9 584000189
9 100000009
9 100009
9 100009
9 159016934
9 41245279
9 355173096
9 871268798
9 573173189
9 914363726
9 657114549
9 552634989
9 100009
9 100009
9 100009
9 827683296
9 799328103
9 100009
9 100009
9 100009
9 885231509
9 976058099
9 351816379
9 529389209
9 716110709
9 100009
9 100009
9 683777069
9 100000009
9 222946681
9 282940228
9 100009
9 100009
9 100009
9 100009
9 681436069
9 599472615
9 100009
9 100009
9 813515089
9 100009
9 491872305
9 100000009
9 285087089
9 123731529
9 100009
9 446788593
9 100009
9 469201039
9 100009
9 303599969
9 100009
9 178918806
9 100009
9 439583190
9 227444019
9 125831659
9 831795106
9 344113669
9 562267195
9 100009
9 975174440
9 192375756
9 10009
9 279191284
9 100000009
9 269461702
9 565794191
9 355658319
9 100009
9 100009
9 594103970
9 100000009
9 853269799
9 187974522
9 100000009
9 100009
9 100009
9 361908214
9 100000009
9 619470322
9 100009
9 10009
9 10009
9 138750369
9 420243961
9 448558729
9 168099086
9 100009
9 629645864
9 541230948
9 775946796
9 420853295
9 100009
9 414715149
9 100009
9 648870049
9 10009
9 863361974
9 100009
9 635765609
9 100009
9 100009
9 100009
9 100009
9 268659786
9 705847389
9 720725977
9 100000009
9 279337169
9 100000009
9 799613410
9 274825369
9 973123120
9 100009
9 998486606
9 100009
9 431796792
9 476601129
9 998067326
9 615910158
9 930981992
9 100009
9 327266489
9 933860109
9 290677820
9 196702167
9 471611519
9 54696934
9 100009
9 100009
9 100009
9 100009
9 341955024
9 487453649
9 285990849
9 100009
9 100009
9 793594460
9 591992201
9 418261789
9 888211069
9 100009
9 10009
9 100000009
9 141206592
9 274718697
9 654084829
9 100009
9 100000009
9 100009
9 100009
9 335393524
9 100009
9 289435003
9 547561719
9 225301279
9 1000009
9 317620389
9 100000009
9 100000009
9 755991279
9 100009
9 510071978
9 100009
9 100009
9 495048463
9 249713863
9 271113579
9 994094948
9 325249390
9 358772529
9 136671689
9 100009
9 100009
9 100009
9 712941175
9 728760339
9 100009
9 100009
9 764398495
9 681139698
9 51613679
9 833009179
9 100009
9 100000009
9 100009
9 375567419
9 110199009
9 100009
9 294251239
9 467232039
9 229184518
9 100009
9 661698823
9 724833449
9 100009
9 264858019
9 972697323
9 822490280
9 100000009
9 332497907
9 870313739
9 179735936
9 514788898
9 100000009
9 100000009
9 100000009
9 213155795
9 981941118
9 830822649
9 334869006
9 100009
9 100009
9 495395129
9 642853789
9 100009
9 100009
9 100000009
9 694258717
9 490499285
9 749355377
9 182694150
9 100000009
9 100009
9 924529626
9 100000009
9 100009
9 100009
9 180457239
9 417150849
9 100000009
9 370229509
9 100009
9 100000009
9 493186732
9 800258129
9 525862209
9 675997555
9 100009
9 330584249
9 100009
9 257932241
9 370416789
9 646780449
9 671327039
9 100009
9 253171049
9 584226379
9 362278859
9 100009
9 727825976
9 101497827
9 100000009
9 100000009
9 437375219
9 909952323
9 438627139
9 166459777
9 100009
9 100009
9 100000009
9 908799996
9 100009
9 100000009
9 100000009
9 379089877
9 563733509
9 784628229
9 100009
9 100009
9 100009
9 100009
9 149830493
9 100009
9 263120309
9 508333689
9 100009
9 100009
9 686192829
9 462485319
9 100009
9 733732429
9 100000009
9 679897423
9 100009
9 874573349
9 689641662
9 165999814
9 100009
9 722990894
9 100000009
9 587391250
9 100009
9 916608636
9 100009
9 886163009
9 1009
9 100000009
9 100009
9 100009
9 286358479
9 657075029
9 996632032
9 879072763
9 754557669
9 100000009
9 100009
9 100009
9 100009
9 482888489
9 594207501
9 736192435
9 370846994
9 134957076
9 100009
9 551387779
9 349943153
9 100009
9 850744649
9 100009
9 350180909
9 274696069
9 100000009
9 582078192
9 990138560
9 883087953
9 979364461
9 847566915
9 615004349
9 100009
9 100009
9 100009
9 652611319
9 741172009
9 100009
9 856063029
9 982619081
9 386733619
9 624691242
9 583187129
9 849522762
9 1000009
9 988062135
9 811870669
9 662217902
9 100000009
9 100000009
9 100009
9 766457936
9 457282059
9 100009
9 100009
9 962294647
9 598338221
9 199955369
9 100009
9 100000009
9 280998789
9 10009
9 100000009
9 682006901
9 145725109
9 100009
9 751555749
9 402522329
9 923410224
9 297826022
9 976474718
9 616741098
9 663895614
9 688427749
9 795870945
9 694242705
9 471987702
9 159783106
9 100009
9 645922386
9 100009
9 100009
9 211686239
9 411501459
9 100000009
9 100009
9 705587589
9 450367809
9 100009
9 880177898
9 100000009
9 100009
9 980411727
9 906841149
9 920087487
9 100009
9 990146118
9 100009
9 416859863
9 100000009
9 637490228
9 953080519
9 407562279
9 100009
9 569900453
9 100009
9 100009
9 100009
9 993737786
9 100009
9 359865723
9 203807219
9 264854796
9 692266943
9 100009
9 100009
9 100000009
9 592132715
9 840440890
9 350655879
9 100000009
9 278034995
9 430084879
9 944290356
9 100009
9 985199532
9 540404009
9 100009
9 354342769
9 564098521
9 541365289
9 100009
9 320375139
9 100009
9 1000009
9 124586497
9 100009
9 448629330
9 409595830
9 711474189
9 420561239
9 378688598
9 818539921
9 100000009
9 369196357
9 100009
9 100009
9 375105119
9 100009
9 100009
9 100009
9 100000009
9 26860429
9 10009
9 678888839
9 478280269
9 100000009
9 100000009
9 236560549
9 100009
9 267680739
9 100009
9 100000009
9 611429221
9 100009
9 708268039
9 581329136
9 323730779
9 100009
9 100009
9 408959688
9 587806498
9 100009
9 100009
9 875782195
9 100009
9 100000009
9 448054195
9 458391202
9 110018489
9 100009
9 100000009
9 554910439
9 575123294
9 728590878
9 1009
9 759266073
9 740755980
9 955134225
9 462770109
9 100009
9 286128729
9 100000009
9 596323900
9 723697582
9 296352270
9 934745160
9 100009
9 100009
9 505502948
9 385565709
9 360871169
9 184380179
9 10009
9 100009
9 100009
9 290172308
9 659119864
9 853330159
9 100009
9 100009
9 104509064
9 776600394
9 892036176
9 281705559
9 681730912
9 100000009
9 100000009
9 100009
9 100000009
9 100000009
9 872850749
9 668448149
9 669221807
9 856103859
9 100009
9 650879742
9 107485169
9 100000009
9 446883539
9 100000009
9 10009
9 632095304
9 100000009
9 359228848
9 835701279
9 742254029
9 100000009
9 100009
9 100000009
9 185846392
9 330155989
9 227950695
9 207413239
9 100000009
9 989031033
9 100000009
9 100009
9 425581229
9 284442914
9 109579591
9 733800529
9 100009
9 100009
9 828655409
9 887629730
9 721599197
9 567165559
9 125647396
9 435340509
9 100009
9 100009
9 100009
9 100009
9 546329390
9 330408769
9 526602999
9 100000009
9 919412197
9 100000009
9 100009
9 100009
9 10009
9 815971192
9 103835901
9 479535571
9 639340805
9 111825659
9 100009
9 1000009
9 100000009
9 100000009
9 614527917
9 347983617
9 287929635
9 231323549
9 562986383
9 258448689
9 696057219
9 179042233
9 100000009
9 100009
9 1000009
9 100009
9 559243685
9 100009
9 834594032
9 100000009
9 100009
9 582916534
9 100009
9 537881439
9 640842759
9 100009
9 254460079
9 812910341
9 100009
9 100009
9 595879219
9 398705981
9 446906167
9 10009
9 100000009
9 351461409
9 719438348
9 976555677
9 100009
9 612100119
9 100009
9 10009
9 100009
9 564632879
9 878712639
9 138859639
9 100009
9 100000009
9 861779356
9 100009
9 100009
9 463422339
9 100009
9 100000009
9 247253849
9 100009
9 198111041
9 663754419
9 10009
9 100009
9 694718963
9 100000009
9 315071709
9 782552529
9 100009
9 804505059
9 100000009
9 584650809
9 100009
9 898096619
9 248939249
9 689110390
9 112528489
9 10009
9 100000009
9 112109867
9 621976882
9 100000009
9 706141197
9 301050999
9 248041059
9 994878193
9 153343493
9 211631869
9 716120919
9 874396909
9 100000009
9 100000009
9 819382916
9 100009
9 100009
9 422872019
9 566450539
9 435446495
9 540797262
9 100000009
9 100009
9 340316449
9 100009
9 100009
9 100009
9 746386679
9 554176193
9 100000009
9 871129032
9 330695060
9 100009
9 891719909
9 305026009
9 100009
9 688611809
9 100009
9 849138900
9 100000009
9 794414714
9 713942417
9 100009
9 100000009
9 458718429
9 514746809
9 643509328
9 981268838
9 1000009
9 400851009
9 991979505
9 100009
9 179117709
9 100009
9 590792598
9 100000009
9 742824219
9 100009
9 425100679
9 252476419
9 100009
9 100000009
9 912893741
9 566109159
9 335069605
9 972239905
9 100009
9 100009
9 751645029
9 997246258
9 586381549
9 100009
9 100000009
9 681894955
9 100009
9 100000009
9 150435957
9 670786129
9 100009
9 100009
9 100009
9 987117089
9 100009
9 345020819
9 136560509
9 100009
9 550992348
9 178503589
9 100009
9 444941387
9 897449156
9 100000009
9 718809508
9 10009
9 100009
9 929264744
9 788021259
9 100009
9 100009
9 100009
9 100009
9 590539907
9 138666539
9 100000009
9 100009
9 100000009
9 100000009
9 100009
9 920017085
9 813178398
9 100000009
9 776172639
9 100000009
9 209193509
9 584417849
9 100009
9 262037159
9 754333597
9 450566179
9 811015339
9 369960164
9 100000009
9 198696267
9 300711449
9 502683719
9 870591025
9 100009
9 174192771
9 638735291
9 911691397
9 784356899
9 336421916
9 820154779
9 10009
9 387783679
9 717753659
9 472807289
9 100009
9 907547300
9 100009
9 661803669
9 100009
9 233806749
9 173145935
9 100009
9 355832719
9 100000009
9 365632629
9 347772989
9 688507249
9 100009
9 100009
9 100009
9 100009
9 10009
9 377792102
9 100000009
9 100000009
9 100009
9 985866466
9 263280953
9 100000009
9 791352593
9 163332529
9 789694157
9 402074229
9 781124689
9 100009
9 519239167
9 239482225
9 100009
9 718855691
9 1000009
9 100009
9 300508349
9 100009
9 100009
9 859641478
9 471845279
9 860070489
9 644886839
9 698886910
9 954725278
9 325141492
9 442121539
9 457639270
9 100009
9 100009
9 100009
9 100000009
9 100009
9 100000009
9 297323105
9 100009
9 100009
9 950257596
9 867368489
9 975788276
9 100000009
9 899767760
9 552627769
9 100009
9 954215111
9 620801109
9 100000009
9 100009
9 100009
9 236003924
9 241868629
9 180776809
9 426944313
9 439549077
9 10009
9 100000009
9 851737349
9 100009
9 100009
9 777803139
9 208236989
9 10009
9 100009
9 354755419
9 100009
9 100000009
9 100000009
9 475899393
9 100000009
9 530377849
9 126483369
9 801162049
9 634897055
9 549413010
9 259443907
9 100009
9 100009
9 207233791
9 100009
9 100009
9 531803094
9 522559462
9 548985255
9 100009
9 786067689
9 648066759
9 100000009
9 985570585
9 100009
9 100009
9 100000009
9 158300309
9 497979908
9 100009
9 224401649
9 466570339
9 152773879
9 100009
9 213945113
9 100009
9 390004479
9 100009
9 10009
9 700205980
9 308268709
9 752608179
9 100000009
9 941442533
9 100000009
9 100009
9 434501729
9 853235829
9 866305449
9 10009
9 100000009
9 100009
9 994069872
9 353096346
9 100009
9 100009
9 100000009
9 819600304
9 339262646
9 263275719
9 763594663
9 918311681
9 100000009
9 100009
9 484555901
9 100009
9 100000009
9 100009
9 859132806
9 100009
9 791225783
9 673603479
9 634131907
9 935069243
9 566794706
9 833818449
9 773936407
9 100000009
9 141268779
9 100009
9 100000009
9 100009
9 712395980
9 100009
9 100009
9 100009
9 100009
9 715565709
9 100009
9 100009
9 100009
9 804929317
9 100009
9 100009
9 100000009
9 103154559
9 807188169
9 100009
9 723301689
9 100009
9 196268252
9 767246319
9 176371689
9 100009
9 813257489
9 387616719
9 711794118
9 100009
9 994181384
9 100009
9 760704259
9 368219773
9 100009
9 100000009
9 669209479
9 462342639
9 100009
9 100009
9 458482839
9 100009
9 717018879
9 100009
9 553460509
9 222772829
9 100009
9 283275129
9 830770869
9 996301000
9 784599270
9 100009
9 944172864
9 100009
9 100009
9 100000009
9 738135389
9 100000009
9 100009
9 100000009
9 610795017
9 100009
9 100009
9 112071913
9 818159145
9 100000009
9 182177469
9 297900626
9 675922734
9 100009
9 436433709
9 624401196
9 100000009
9 100009
9 100009
9 100009
9 340538059
9 549127256
9 696147584
9 700622349
9 250756379
9 573172719
9 887405839
9 100009
9 611814039
9 882344093
9 130229990
9 100009
9 464816994
9 469835362
9 393242228
9 100000009
9 100009
9 305810639
9 100009
9 547435229
9 100009
9 546223897
9 100009
9 853334239
9 732523109
9 100000009
9 100009
9 100009
9 321098729
9 552864209
9 100009
9 177601916
9 100009
9 416344799
9 388689284
9 100009
9 358130279
9 665877549
9 963220424
9 100009
9 948528096
9 242454219
9 100009
9 638560649
9 702010879
9 100009
9 100009
9 660973663
9 492329699
9 642574289
9 698981562
9 336835689
9 763581159
9 100000009
9 228108189
9 476459765
9 321332019
9 588107139
9 100000009
9 474244569
9 100009
9 100009
9 279761116
9 100009
9 100009
9 100000009
9 100009
9 100009
9 230227894
9 695402988
9 719476660
9 577553689
9 243730937
9 174341389
9 506370089
9 327522189
9 100000009
9 591541525
9 510361869
9 100009
9 100009
9 693844659
9 265419317
9 100000009
9 810144709
9 100000009
9 511997005
9 100000009
9 656538194
9 100009
9 100009
9 802199586
9 100009
9 803407829
9 594256271
9 484657659
9 822016978
9 356133379
9 10009
9 198027199
9 100009
9 370936142
9 100009
9 265079925
9 866972354
9 100009
9 254327269
9 100000009
9 100009
9 100009
9 100009
9 100009
9 727943068
9 128698873
9 100009
9 391188736
9 372948087
9 100009
9 100009
9 815157209
9 100009
9 927071589
9 100009
9 879386021
9 398920012
9 524569445
9 402267369
9 100009
9 735435609
9 965992728
9 100009
9 100009
9 100009
9 204783179
9 100009
9 728938787
9 100009
9 100000009
9 100009
9 639591744
9 567969637
9 100009
9 825878689
9 100000009
9 100000009
9 729387721
9 100009
9 100009
9 815837059
9 100000009
9 920358771
9 171523159
9 100009
9 164043589
9 100009
9 505040379
9 100000009
9 658442719
9 100009
9 100009
9 716554539
9 100009
9 173335579
9 100009
9 100009
9 100000009
9 100117569
9 100009
9 104820369
9 204983474
9 617528559
9 100009
9 691574181
9 329806659
9 692362219
9 130989519
9 100009
9 338740479
9 788074049
9 100000009
9 843497716
9 708655709
9 100009
9 395687591
9 218930968
9 996767703
9 778956711
9 382579329
9 100009
9 10009
9 100009
9 374900144
9 100000009
9 171759723
9 100009
9 100000009
9 100009
9 230344859
9 913236871
9 822892987
9 743543529
9 606945500
9 100009
9 100009
9 100000009
9 688579190
9 501862905
9 119475254
9 100009
9 849293739
9 444852049
9 100000009
9 297459451
9 100000009
9 100009
9 100000009
9 684311329
9 708520859
9 100009
9 369862069
9 862094464
9 100000009
9 10009
9 420595356
9 100000009
9 343061139
9 100009
9 230522789
9 874870319
9 414746719
9 468196147
9 407984150
9 100000009
9 862095179
9 100000009
9 464411679
9 100009
9 805257967
9 10009
9 100009
9 858689928
9 100000009
9 776502809
9 10009
9 694751367
9 538945847
9 362995514
9 828006559
9 533421369
9 742178859
9 459168126
9 515447329
9 148750779
9 558632922
9 183333789
9 120547239
9 100009
9 100000009
9 295629708
9 968841928
9 100009
9 761062994
9 713693179
9 701106369
9 730492482
9 740511169
9 100009
9 100009
9 807867149
9 561728439
9 750581889
9 100000009
9 100009
9 100000009
9 100000009
9 100009
9 854258649
9 288483792
9 966000677
9 100000009
9 962600153
9 973339708
9 100000009
9 777758369
9 10009
9 206356019
9 100009
9 603500779
9 988480354
9 100000009
9 156598839
9 211414389
9 508444629
9 474581729
9 100009
9 100009
9 100000009
9 172500779
9 556915210
9 796468718
9 280345789
9 100009
9 165645239
9 1000009
9 458649192
9 100009
9 100009
9 995989439
9 10009
9 789002829
9 213094196
9 668966476
9 192302099
9 733960249
9 100009
9 653932731
9 100009
9 100000009
9 100009
9 100009
9 306263809
9 100009
9 100009
9 100009
9 100009
9 540388649
9 100009
9 100000009
9 1000009
9 1000009
9 100009
9 100009
9 525096209
9 227553419
9 295400112
9 425165739
9 100009
9 642356069
9 993851364
9 100000009
9 488030976
9 100009
9 540272409
9 117528948
9 100000009
9 879568891
9 100000009
9 726848169
9 100000009
9 505370019
9 919987566
9 740528798
9 100009
9 146586269
9 285077934
9 100000009
9 100009
9 100000009
9 10009
9 930444030
9 100009
9 100009
9 100009
9 100009
9 369863361
9 10009
9 552223039
9 893869644
9 517789512
9 121689917
9 484037189
9 545788289
9 100000009
9 100009
9 100000009
9 100000009
9 100000009
9 894801201
9 839861308
9 100009
9 254810079
9 843688419
9 813099354
9 193999448
9 100009
9 585458930
9 728889636
9 825130049
9 100009
9 100009
9 100000009
9 100009
9 100000009
9 100000009
9 666521967
9 919740800
9 198345812
9 228258679
9 100009
9 549013270
9 802952012
9 795250766
9 746623179
9 668527693
9 749139543
9 779249840
9 519631428
9 809965989
9 262507499
9 258577069
9 100000009
9 100000009
9 147532349
9 100009
9 990647551
9 352046779
9 468559067
9 824749689
9 100009
9 481829607
9 100009
9 100009
9 100009
9 1009
9 563490003
9 507100869
9 251365439
9 100000009
9 1000009
9 100000009
9 10009
9 764558229
9 580042953
9 100000009
9 830727983
9 100000009
9 774009319
9 222097361
9 171984473
9 497697308
9 100009
9 100009
9 100009
9 406922575
9 100000009
9 100009
9 100009
9 100000009
9 564866889
9 100009
9 100009
9 331848059
9 100000009
9 916864273
9 100009
9 100009
9 100009
9 343999081
9 378100109
9 100000009
9 100000009
9 100009
9 562141649
9 280012793
9 100009
9 128466093
9 100009
9 165244079
9 100009
9 774075109
9 100009
9 884139136
9 695682620
9 352960414
9 100000009
9 899279477
9 900653860
9 498099954
9 100009
9 624523519
9 926312770
9 115713593
9 715598784
9 229774964
9 590632185
9 882442190
9 893367455
9 818053069
9 221641239
9 10009
9 100009
9 100009
9 414352009
9 989659988
9 566184449
9 800740169
9 886883829
9 100009
9 100000009
9 100009
9 257297198
9 593063331
9 832490731
9 462743839
9 463618942
9 100000009
9 100000009
9 313373749
9 100009
9 100009
9 514225539
9 100000009
9 586650389
9 764490143
9 985815293
9 454734791
9 237033509
9 100009
9 463126090
9 100009
9 100009
9 100009
9 630475169
9 100009
9 113555819
9 104205179
9 886849664
9 743912341
9 100009
9 787226509
9 968336178
9 466708239
9 260058369
9 295269884
9 100000009
9 790848826
9 100009
9 100009
9 482038972
9 100009
9 100009
9 307282489
9 534120519
9 762707829
9 481974798
9 100009
9 278795516
9 286171749
9 161665869
9 611367692
9 557106039
9 100009
9 100009
9 100009
9 156416709
9 718115159
9 100009
9 10009
9 10009
9 528979375
9 473046992
9 647195290
9 100009
9 515200293
9 416128963
9 100000009
9 100009
9 744355459
9 382465986
9 100000009
9 951588309
9 865110859
9 105696590
9 100009
9 342573689
9 100000009
9 303671289
9 100009
9 511738779
9 824984763
9 426059766
9 378811519
9 955048012
9 100009
9 477263839
9 558528839
9 773730279
9 100009
9 854370419
9 100000009
9 507876289
9 23114059
9 100009
9 100009
9 304294262
9 407633449
9 806872949
9 656651389
9 100000009
9 561932492
9 932418963
9 570961342
9 829643772
9 10009
9 100009
9 100009
9 755583966
9 244948093
9 630578919
9 100000009
9 100000009
9 819553685
9 100009
9 862960496
9 255576990
9 100009
9 1000009
9 893603015
9 203172569
9 100009
9 100009
9 100009
9 100000009
9 424057449
9 100000009
9 506955983
9 750597575
9 281520149
9 100009
9 100000009
9 291354728
9 621653189
9 100009
9 943778725
9 100009
9 100000009
9 613065890
9 743611639
9 477692483
9 201178589
9 932583132
9 106213009
9 654230960
9 100000009
9 729987029
9 100009
9 771814109
9 401385779
9 1009
9 100009
9 130090748
9 1000009
9 100000009
9 820499478
9 878520239
9 192896534
9 143311159
9 100000009
9 709396408
9 436499247
9 305000794
9 960533065
9 982941537
9 288876960
9 100009
9 100009
9 100000009
9 285690669
9 100009
9 363421289
9 665518889
9 949468153
9 324984499
9 487435149
9 100009
9 167410269
9 100009
9 267692487
9 10009
9 100009
9 827043809
9 100009
9 244371539
9 563803559
9 100009
9 487402911
9 100009
9 100009
9 799904737
9 100000009
9 100009
9 100009
9 892148805
9 479304447
9 100009
9 396944552
9 799666462
9 459557574
9 100009
9 100009
9 907770980
9 100000009
9 459571918
9 888098240
9 590296207
9 1000009
9 850866559
9 792931735
9 100009
9 245112927
9 100009
9 100009
9 866035592
9 950181468
9 527851169
9 100009
9 100000009
9 261171449
9 611991048
9 821167923
9 100009
9 100009
9 100009
9 978853813
9 100000009
9 510031039
9 100009
9 100009
9 464544479
9 904984744
9 617109174
9 842338409
9 876544439
9 100009
9 100000009
9 777600569
9 100009
9 100009
9 839149047
9 608345449
9 100000009
9 100009
9 313351409
9 309077322
9 181245289
9 327301209
9 143747759
9 100009
9 294448467
9 863458290
9 100009
9 475828029
9 992106583
9 257795191
9 100009
9 100000009
9 100000009
9 982663856
9 651320189
9 100009
9 100009
9 916781320
9 981206820
9 10009
9 100009
9 280590819
9 414208139
9 582218049
9 121558291
9 100009
9 303167629
9 699285225
9 992947083
9 490789859
9 166331449
9 372884149
9 313707689
9 595258467
9 730008659
9 118680957
9 100009
9 100000009
9 933030931
9 361234869
9 854926453
9 932910771
9 100009
9 330813789
9 100000009
9 490594752
9 100000009
9 100000009
9 354578209
9 577686793
9 101162279
9 152442289
9 100009
9 100000009
9 934133079
9 439170766
9 284550968
9 907903442
9 100009
9 262772689
9 100009
9 805983161
9 633128933
9 880078692
9 100009
9 100009
9 972435070
9 786067779
9 384971248
9 100009
9 471958471
9 153845596
9 100009
9 100009
9 106459830
9 910088357
9 353423900
9 10009
9 398540881
9 100000009
9 100009
9 423253129
9 672282169
9 767283509
9 100009
9 246530539
9 990259839
9 863714389
9 542385193
9 10000009
9 100009
9 187081159
9 497977282
9 100009
9 517930593
9 808912344
9 346806569
9 100009
9 100009
9 817979434
9 348334739
9 100009
9 100009
9 463050903
9 763410539
9 100009
9 202504749
9 100009
9 387906397
9 277032529
9 155553589
9 504115359
9 100009
9 809333181
9 456959553
9 100009
9 850079996
9 100009
9 100009
9 100009
9 870028509
9 168906971
9 702297952
9 680664559
9 100009
9 194349406
9 100000009
9 704381109
9 100009
9 100009
9 100000009
9 100000009
9 253451369
9 100000009
9 669657879
9 100009
9 100009
9 738266719
9 290609301
9 942302843
9 591127747
9 262737697
9 632561259
9 311722794
9 100000009
9 100000009
9 100009
9 285696437
9 750803219
9 679564638
9 309968829
9 180331089
9 100009
9 963654538
9 100009
9 301174149
9 742807279
9 924103024
9 244380669
9 556363974
9 100009
9 409363688
9 144242549
9 100009
9 100009
9 100009
9 100009
9 227516439
9 100009
9 172441739
9 869725329
9 100009
9 100009
9 740465749
9 881764519
9 100009
9 100009
9 894052759
9 359410581
9 100009
9 412800269
9 100009
9 445675679
9 142792806
9 129723955
9 304966942
9 100009
9 10009
9 100009
9 109
9 889946197
9 100000009
9 100009
9 10009
9 727276439
9 254684996
9 100000009
9 999137340
9 161660229
9 686918787
9 489236298
9 447286629
9 946903784
9 517912668
9 943814077
9 231193637
9 100000009
9 741704769
9 301217289
9 100000009
9 164484569
9 100009
9 565778069
9 100009
9 100009
9 547663569
9 946280377
9 715446859
9 100009
9 100009
9 704727689
9 943789742
9 100009
9 256871985
9 684678209
9 509634226
9 10009
9 873948265
9 10009
9 100009
9 620085359
9 800673359
9 100000009
9 100000009
9 547040793
9 100009
9 117324599
9 744749965
9 846910066
9 100009
9 589138276
9 853931184
9 100000009
9 253593634
9 535855489
9 775726849
9 100009
9 100009
9 100000009
9 100000009
9 159002358
9 10009
9 403214329
9 291764301
9 254597552
9 100009
9 100009
9 517750193
9 812814789
9 792401545
9 861856069
9 100009
9 567677879
9 422588529
9 539774568
9 523561019
9 773596541
9 419323833
9 671439299
9 100009
9 100000009
9 100009
9 248243749
9 100009
9 10009
9 288969768
9 635103249
9 768971831
9 670520189
9 525240559
9 100009
9 951802292
9 745698511
9 238975843
9 100009
9 1000009
9 100000009
9 379968288
9 100009
9 100009
9 965417388
9 1000009
9 530032279
9 1000009
9 100009
9 100000009
9 515816059
9 100009
9 174283339
9 598222191
9 100009
9 282281419
9 503205459
9 100009
9 902547139
9 100009
9 100000009
9 854528792
9 100009
9 377982413
9 100009
9 186192231
9 978281835
9 293138828
9 433927201
9 100009
9 100009
9 902986239
9 395375688
9 100009
9 100009
9 628219378
9 100000009
9 111240189
9 100009
9 245110579
9 100009
9 476659855
9 623247019
9 100009
9 969126902
9 629251938
9 546484249
9 996294794
9 728652439
9 100009
9 817347859
9 841268229
9 984161498
9 635420795
9 887236619
9 685881749
9 759325615
9 683101992
9 100009
9 100009
9 793724045
9 100000009
9 100000009
9 175370090
9 209285672
9 100009
9 502419306
9 100009
9 100009
9 815305789
9 100009
9 100009
9 372587079
9 100009
9 10009
9 100009
9 701726349
9 100009
9 428460914
9 100009
9 429965019
9 899129096
9 100009
9 100009
9 893126332
9 248282359
9 100009
9 100009
9 676722509
9 100000009
9 894924007
9 923368740
9 915519255
9 100009
9 235986381
9 100009
9 100009
9 100009
9 100009
9 903680895
9 493846111
9 459632209
9 609005188
9 100009
9 558076769
9 499685743
9 576353109
9 129156084
9 100009
9 100009
9 766200849
9 337736329
9 100009
9 844196121
9 874571379
9 529437871
9 895717109
9 100009
9 104427789
9 374154329
9 100009
9 100009
9 677974934
9 399570026
9 710922352
9 165049341
9 1000009
9 759999758
9 100000009
9 755522369
9 100009
9 514154998
9 100009
9 531405479
9 159191289
9 10009
9 106291162
9 678416903
9 712078529
9 100009
9 258598149
9 100000009
9 757209555
9 100009
9 398293744
9 817378179
9 907728847
9 949482407
9 983436228
9 953477040
9 473056219
9 100000009
9 444215329
9 146820449
9 100009
9 100000009
9 849619802
9 272009107
9 100009
9 414279052
9 100009
9 100000009
9 100009
9 720573309
9 114769363
9 771130129
9 100009
9 965663422
9 100009
9 466830449
9 100009
9 626270569
9 451563509
9 665374359
9 424925773
9 553516419
9 467904761
9 100009
9 197834387
9 100009
9 100009
9 100009
9 100000009
9 675219354
9 637101669
9 100009
9 644611529
9 326339066
9 100000009
9 100009
9 100009
9 100009
9 460912047
9 221294963
9 100000009
9 962481869
9 468232649
9 100009
9 959708199
9 100009
9 793543305
9 117567439
9 714052289
9 100009
9 100009
9 910650433
9 100000009
9 849616801
9 791490851
9 100009
9 100009
9 100009
9 100009
9 100000009
9 100000009
9 100000009
9 439400777
9 779862448
9 961127082
9 100000009
9 640211019
9 100009
9 10009
9 100009
9 10009
9 251119192
9 709116257
9 766992823
9 10009
9 673296768
9 100000009
9 864764009
9 707558259
9 822975826
9 100000009
9 10009
9 960821127
9 654582619
9 425480329
9 100000009
9 359666278
9 100009
9 685707229
9 859664091
9 100009
9 100009
9 992493603
9 227691349
9 100009
9 185206869
9 100009
9 871933370
9 10009
9 694329761
9 632389280
9 100009
9 286562359
9 100000009
9 100000009
9 207535559
9 100009
9 641147975
9 897892347
9 386250939
9 100009
9 306429636
9 880615998
9 245929030
9 100009
9 100009
9 463898441
9 943423272
9 426397235
9 913663134
9 337466973
9 100000009
9 428480139
9 647389721
9 100009
9 100009
9 100000009
9 486105459
9 259159718
9 454951990
9 319898790
9 877757935
9 100000009
9 797296791
9 295186196
9 531882397
9 100000009
9 795530540
9 100009
9 100009
9 263689770
9 104091066
9 884080589
9 321968246
9 979916516
9 100000009
9 882615759
9 100009
9 917759233
9 100009
9 856449969
9 925539775
9 100009
9 460684539
9 122259715
9 688656479
9 206850965
9 253282296
9 100009
9 752761339
9 811069449
9 100009
9 336815974
9 411582109
9 100000009
9 100009
9 100009
9 606021409
9 155574719
9 100000009
9 934115437
9 10009
9 100009
9 203026809
9 523460759
9 100009
9 674340859
9 885076549
9 273842169
9 770555069
9 100009
9 430743976
9 490095657
9 339200177
9 100009
9 513689047
9 955764855
9 100009
9 10009
9 100009
9 100009
9 389436907
9 865026529
9 850648879
9 100000009
9 548286109
9 954574975
9 615000609
9 882692217
9 100009
9 722778529
9 100009
9 10009
9 931436710
9 100009
9 704598633
9 100000009
9 272551369
9 100000009
9 413737049
9 364346669
9 572486259
9 522179507
9 271426029
9 100009
9 956845165
9 664807319
9 610320209
9 858400869
9 100009
9 100009
9 956400280
9 100009
9 853226609
9 100009
9 855670749
9 100000009
9 100009
9 100000009
9 100000009
9 100000009
9 966502766
9 639773861
9 445216239
9 1009
9 385709399
9 100000009
9 380452359
9 131742069
9 178686219
9 100000009
9 314188669
9 100009
9 100000009
9 100009
9 864979712
9 660141269
9 833471829
9 100009
9 100000009
9 100009
9 862839234
9 827169004
9 724603209
9 996848121
9 868397171
9 882344389
9 889149538
9 100009
9 100009
9 100009
9 137348910
9 100009
9 644069866
9 838231399
9 559336898
9 224036976
9 100009
9 303409269
9 222960534
9 100009
9 100000009
9 383790502
9 100009
9 795473813
9 10009
9 100000009
9 100009
9 100000009
9 100009
9 100009
9 100009
9 100009
9 100009
9 426702986
9 715770609
9 100009
9 164386149
9 100000009
9 661493440
9 100009
9 977360203
9 397161862
9 100009
9 100009
9 492852188
9 868677069
9 929042361
9 208007719
9 100009
9 256384109
9 930330189
9 572461669
9 100000009
9 812342539
9 100009
9 100009
9 275348479
9 100009
9 100009
9 100009
9 100009
9 100000009
9 425182649
9 811923872
9 739723165
9 556429309
9 100000009
9 149620309
9 100009
9 100009
9 472029936
9 305588159
9 601833799
9 100009
9 560576942
9 858479334
9 200354109
9 725977310
9 100009
9 100009
9 545269464
9 100009
9 145428319
9 802577569
9 100009
9 790663502
9 580114879
9 100009
9 100009
9 602607209
9 100000009
9 100009
9 100009
9 276126009
9 109564671
9 836218291
9 981249169
9 100009
9 784375459
9 552402849
9 499335659
9 830147549
9 454370649
9 798492591
9 100009
9 505130169
9 100009
9 100009
9 473412069
9 236206983
9 976068542
9 100009
9 577223259
9 945967012
9 697311806
9 100000009
9 100000009
9 100000009
9 100009
9 100009
9 100009
9 353659113
9 587858159
9 100009
9 868621749
9 100000009
9 100009
9 100000009
9 213128029
9 100009
9 582403924
9 100000009
9 754243394
9 100009
9 162792527
9 788956897
9 100009
9 985879413
9 174137759
9 100009
9 241595101
9 100009
9 100009
9 100000009
9 976123842
9 140709959
9 10009
9 100000009
9 100009
9 302020739
9 100009
9 100009
9 631012229
9 752608859
9 772720429
9 472780898
9 100009
9 776889034
9 134546495
9 177012629
9 100000009
9 100009
9 100000009
9 660850669
9 100009
9 263755179
9 191053272
9 495123352
9 955829218
9 456602099
9 100009
9 959498310
9 100009
9 883212869
9 452247922
9 830356469
9 559722717
9 118028879
9 100009
9 100009
9 859153665
9 140229134
9 258785449
9 100009
9 100009
9 488369471
9 100009
9 322843389
9 100000009
9 989951517
9 893780623
9 952109475
9 932091260
9 776885951
9 100000009
9 100000009
9 578719287
9 844114960
9 100000009
9 100009
9 100009
9 100000009
9 676201209
9 795061418
9 100000009
9 100009
9 488825869
9 14321929
9 100009
9 100000009
9 533360009
9 233279613
9 100009
9 596783958
9 100000009
9 971232663
9 597465562
9 336960479
9 598693780
9 100009
9 100009
9 383684029
9 100009
9 100009
9 10009
9 100009
9 290407493
9 246177509
9 155495124
9 100000009
9 602304039
9 656155259
9 100009
9 100009
9 618014259
9 937114930
9 144319557
9 936070847
9 100009
9 828590476
9 990172682
9 100009
9 560713649
9 379200793
9 787492298
9 623876279
9 100009
9 652256839
9 100009
9 262765129
9 159469729
9 684647987
9 100009
9 659435903
9 100009
9 100009
9 361829434
9 889405096
9 100009
9 100000009
9 100009
9 100009
9 100009
9 100009
9 969314419
9 837817809
9 725577139
9 277718795
9 100009
9 100009
9 273198091
9 247945161
9 100000009
9 765455459
9 100009
9 100009
9 100009
9 679217833
9 501749982
9 936915650
9 100009
9 10009
9 100009
9 404535059
9 10009
9 532963722
9 802542092
9 152136239
9 100009
9 100009
9 769330094
9 100009
9 100009
9 314555379
9 297042320
9 781448879
9 295855073
9 100000009
9 644256905
9 909486847
9 548229757
9 100000009
9 413447239
9 772437249
9 890543280
9 100009
9 100009
9 905762736
9 969190203
9 946482487
9 100000009
9 227225966
9 100000009
9 255298363
9 887177579
9 819518998
9 876296597
9 762001159
9 842760779
9 100000009
9 100009
9 100000009
9 10009
9 942574396
9 530294476
9 1009
9 100009
9 554331479
9 764989081
9 100009
9 977750471
9 100000009
9 153979847
9 896746688
9 629492217
9 100009
9 918881304
9 869619232
9 100009
9 100000009
9 882993434
9 100000009
9 100000009
9 556489716
9 196214764
9 100009
9 461115309
9 766600159
9 100000009
9 409360534
9 290511371
9 100009
9 18515919
9 790640237
9 927368516
9 171494140
9 100000009
9 716780859
9 133551209
9 190509112
9 606520659
9 921665091
9 100000009
9 455781549
9 729411546
9 100009
9 174051839
9 531377439
9 11869999
9 100009
9 419347387
9 750361289
9 707616709
9 100009
9 100000009
9 100000009
9 877186639
9 336441910
9 100000009
9 100009
9 100009
9 710747956
9 249919436
9 753569155
9 729356660
9 809987129
9 100009
9 139805029
9 100009
9 262438259
9 100009
9 100000009
9 100009
9 331723392
9 238039849
9 230385049
9 111636249
9 804964466
9 166309699
9 488303329
9 152600759
9 120670669
9 398222233
9 100000009
9 100000009
9 100000009
9 100009
9 100000009
9 947708173
9 551330639
9 263930706
9 694206248
9 100009
9 984312029
9 100009
9 100000009
9 474551119
9 100009
9 361564109
9 108847119
9 1000009
9 100009
9 716409719
9 10009
9 548728249
9 263666619
9 100009
9 605127941
9 526785419
9 100009
9 1000009
9 100009
9 405012932
9 100000009
9 10009
9 100009
9 100000009
9 589107399
9 480860549
9 285199104
9 304397800
9 493743814
9 573417149
9 100000009
9 649256041
9 970450242
9 702036594
9 938405235
9 100009
9 462667429
9 100000009
9 100009
9 100009
9 297831192
9 100000009
9 628495977
9 457699276
9 1000009
9 100009
9 573377469
9 758244319
9 100000009
9 100009
9 100009
9 100000009
9 827522349
9 493295297
9 100009
9 100009
9 183030549
9 100009
9 442247609
9 708384709
9 350724239
9 100009
9 913001242
9 100009
9 540321669
9 758696711
9 814527559
9 561396130
9 784048239
9 100009
9 756262439
9 177710259
9 135335911
9 100000009
9 100009
9 278181792
9 566753589
9 100009
9 100000009
9 100000009
9 279983296
9 100009
9 829691480
9 100009
9 100009
9 255249709
9 100009
9 502474349
9 100000009
9 936773234
9 100009
9 974445372
9 790622997
9 100000009
9 564599986
9 789447888
9 576007229
9 100009
9 949918663
9 908350647
9 205912815
9 957154500
9 100009
9 129176086
9 100000009
9 100009
9 741082259
9 770024739
9 100009
9 421235139
9 962780968
9 288998582
9 757447579
9 400537269
9 718249792
9 185681359
9 940937689
9 109603403
9 100009
9 100000009
9 100009
9 303050639
9 608909189
9 452335789
9 736613309
9 100009
9 100000009
9 390698587
9 216733759
9 165090963
9 616265369
9 100009
9 485940661
9 849987159
9 964440939
9 100000009
9 100009
9 100000009
9 503584912
9 126404119
9 1000009
9 331055239
9 545010692
9 663612629
9 368261059
9 100009
9 940173381
9 374982527
9 100009
9 100000009
9 100000009
9 432984460
9 100009
9 594788826
9 100009
9 332389013
9 100000009
9 381891869
9 100009
9 726222509
9 195193836
9 316318609
9 10009
9 129635520
9 818972058
9 100009
9 474316139
9 100009
9 100263459
9 492785861
9 100000009
9 259390823
9 100009
9 100009
9 100009
9 972535932
9 10009
9 258536179
9 730129309
9 100000009
9 866356943
9 859210356
9 100009
9 628567549
9 365836019
9 100009
9 100009
9 884864289
9 100000009
9 524438889
9 561645569
9 100009
9 100009
9 411033219
9 269507780
9 771824559
9 100009
9 488207409
9 540970165
9 100000009
9 642151859
9 689956085
9 100009
9 669983180
9 100000009
9 672759158
9 100009
9 816289094
9 10009
9 100009
9 742426839
9 222652459
9 627851096
9 893225537
9 100000009
9 530207659
9 100009
9 730475629
9 939103712
9 378661689
9 100009
9 100009
9 527039150
9 186846039
9 522704905
9 100009
9 520190292
9 967072964
9 100009
9 100009
9 164247739
9 707762209
9 809043889
9 100009
9 216401329
9 697745100
9 100009
9 773181429
9 107272729
9 100000009
9 100000009
9 100009
9 100009
9 505758319
9 352042819
9 756209988
9 123215369
9 100009
9 100009
9 206786179
9 769874255
9 100009
9 514051759
9 405822829
9 100009
9 458979337
9 10009
9 100009
9 100009
9 923055541
9 232655439
9 893052049
9 100000009
9 981522088
9 321424895
9 521030290
9 100009
9 675468449
9 100009
9 100000009
9 100000009
9 598972441
9 258874619
9 100009
9 100009
9 100009
9 100000009
9 868725779
9 516748931
9 112014779
9 100009
9 100009
9 620230739
9 255472239
9 100009
9 100009
9 100009
9 853730900
9 100000009
9 898427272
9 643315982
9 100009
9 378099879
9 338116739
9 100009
9 537045579
9 100009
9 100009
9 861819092
9 100009
9 632819433
9 100009
9 100000009
9 115941761
9 166366941
9 486847869
9 482470693
9 730164893
9 100009
9 100000009
9 100009
9 950210479
9 805838679
9 174928081
9 867500993
9 100000009
9 747455739
9 234182793
9 100009
9 431811329
9 882808539
9 100000009
9 590571097
9 883661459
9 100000009
9 711661189
9 370184909
9 621851869
9 363705689
9 1000009
9 100009
9 406597620
9 983856832
9 419798066
9 100009
9 437430598
9 100000009
9 752655906
9 808323269
9 987462750
9 100000009
9 100009
9 100009
9 160034559
9 390782713
9 937545412
9 100009
9 140718944
9 223105829
9 100009
9 784470597
9 287169157
9 100000009
9 144794709
9 100000009
9 401708498
9 516985979
9 100009
9 530906179
9 100009
9 100009
9 251221559
9 467290664
9 100009
9 632035609
9 412198450
9 330030289
9 495651859
9 990587336
9 356566409
9 100000009
9 557166049
9 100009
9 805860498
9 220388195
9 100009
9 100009
9 452873439
9 510797024
9 100009
9 622889202
9 1009
9 373414479
9 282095836
9 341017019
9 100009
9 244715349
9 100009
9 100000009
9 240259872
9 100000009
9 100000009
9 100009
9 100009
9 100009
9 100009
9 640347869
9 10009
9 100009
9 927688288
9 240884938
9 353521896
9 598024892
9 100000009
9 100000009
9 100009
9 100009
9 228988389
9 991862557
9 100000009
9 100009
9 949219438
9 556115349
9 742885039
9 10009
9 913918371
9 126148269
9 723703819
9 587867709
9 100009
9 202240519
9 525680949
9 608108689
9 100009
9 10009
9 827054189
9 961472435
9 999172890
9 104846839
9 403271394
9 945740943
9 993023494
9 545485958
9 100009
9 100009
9 912994767
9 326631079
9 100009
9 112880469
9 100009
9 942015614
9 134528829
9 499556729
9 100000009
9 859650624
9 339099069
9 877316249
9 389042541
9 100009
9 100009
9 100000009
9 100009
9 100009
9 100000009
9 407279830
9 390768145
9 969539403
9 437980397
9 100000009
9 986680436
9 403110289
9 100000009
9 177605491
9 100009
9 100009
9 100009
9 483085659
9 986359515
9 560824309
9 907802500
9 100009
9 100000009
9 262982503
9 874054359
9 852634219
9 512962830
9 100009
9 613877489
9 804773669
9 10009
9 100009
9 772142329
9 100000009
9 411078549
9 922310403
9 506853829
9 100009
9 245052549
9 100009
9 959287705
9 469179269
9 100009
9 299085663
9 100009
9 936497788
9 100000009
9 100009
9 544666970
9 487880509
9 968039747
9 592796929
9 868624096
9 100009
9 996816477
9 100009
9 345300109
9 824463359
9 218573379
9 609553866
9 204429000
9 945260301
9 365751269
9 381566089
9 100009
9 637210809
9 100009
9 951373808
9 100009
9 714416739
9 100000009
9 215772519
9 531240449
9 913168136
9 337714019
9 494312490
9 719459693
9 100009
9 696078494
9 382377891
9 138116129
9 204767819
9 324455569
9 658898117
9 280791739
9 100009
9 259876424
9 628099073
9 894346036
9 806324109
9 100009
9 855137879
9 926603121
9 173399040
9 944914952
9 265998958
9 843891757
9 930725118
9 905577615
9 100000009
9 100009
9 100009
9 500499653
9 100009
9 386375639
9 784318709
9 853993623
9 100009
9 950375444
9 100009
9 1000009
9 681704489
9 122654259
9 1000009
9 973078454
9 100000009
9 970182838
9 100000009
9 100000009
9 100009
9 100009
9 661919258
9 100009
9 433010659
9 748615529
9 403056592
9 100009
9 602009793
9 719349420
9 100009
9 970128481
9 562731629
9 622296176
9 838836839
9 377408938
9 100009
9 642250889
9 749661552
9 382331019
9 786961985
9 100000009
9 100009
9 918807357
9 100009
9 413825849
9 575240029
9 926412885
9 100009
9 100000009
9 684427109
9 381384519
9 394167468
9 300799419
9 828197448
9 995734140
9 441493522
9 100000009
9 10009
9 813699085
9 100009
9 875136539
9 100009
9 270411093
9 100009
9 10009
9 973678492
9 200907571
9 100009
9 611188949
9 1000009
9 160113579
9 100000009
9 100009
9 100009
9 566886393
9 853629150
9 136313739
9 944061848
9 10009
9 100000009
9 100009
9 100000009
9 840529799
9 517034249
9 657369243
9 134434459
9 976688025
9 100009
9 100000009
9 100009
9 635023789
9 100009
9 215179691
9 100009
9 100009
9 774213139
9 100000009
9 275325982
9 156727759
9 100009
9 100000009
9 228941899
9 681196083
9 100000009
9 411908175
9 515537359
9 597841981
9 163911549
9 100000009
9 551450229
9 100009
9 979412824
9 975964716
9 103038595
9 312801529
9 689121333
9 976608084
9 100009
9 506486669
9 100000009
9 100009
9 760687649
9 954148491
9 741577961
9 224639794
9 887852419
9 254839865
9 10009
9 100009
9 100009
9 768768979
9 100009
9 100009
9 174793426
9 549219560
9 862921042
9 851541569
9 100000009
9 489266842
9 100009
9 100000009
9 665722119
9 100009
9 100009
9 100009
9 952542778
9 100000009
9 100009
9 423103859
9 976677372
9 390700627
9 10009
9 100000009
9 473211489
9 399752083
9 858102069
9 324384159
9 100000009
9 100000009
9 499529952
9 891936077
9 697653495
9 418871619
9 433684469
9 202735469
9 593792339
9 100000009
9 256538159
9 100009
9 697994511
9 100009
9 119227964
9 503957554
9 165448089
9 100009
9 100009
9 100000009
9 655435709
9 100009
9 100009
9 785750921
9 491153179
9 427880955
9 878230319
9 863670915
9 894954420
9 149155972
9 736604199
9 100009
9 577525729
9 876728389
9 100009
9 643910554
9 100009
9 100009
9 922960140
9 570939645
9 975046768
9 100009
9 327915665
9 100009
9 100009
9 803685319
9 100009
9 100009
9 458877829
9 949809958
9 222138916
9 100009
9 345434839
9 275589411
9 702424319
9 558399535
9 118222579
9 100009
9 718493355
9 100009
9 100000009
9 100009
9 945772494
9 296542924
9 100009
9 167566389
9 100000009
9 486424898
9 284130595
9 100009
9 100009
9 100000009
9 994255759
9 805275209
9 589351393
9 100000009
9 10009
9 100009
9 148861389
9 995849196
9 100000009
9 100000009
9 846005669
9 1000009
9 341064789
9 228178709
9 100000009
9 100000009
9 350699210
9 638900738
9 100000009
9 415974924
9 100009
9 189223176
9 100009
9 100009
9 444226459
9 290654602
9 622726549
9 377259138
9 164259980
9 242573349
9 100009
9 100009
9 184264409
9 177497623
9 100009
9 100009
9 746895735
9 748803729
9 221597750
9 673076469
9 224519195
9 881969652
9 967930758
9 256582349
9 100009
9 100000009
9 712548669
9 834410089
9 406343819
9 100000009
9 100000009
9 134635392
9 100009
9 425567409
9 100009
9 100009
9 402749504
9 100009
9 457635619
9 155898835
9 100000009
9 580799964
9 731710579
9 770864559
9 302891517
9 100000009
9 100009
9 100009
9 100009
9 737043479
9 100009
9 100000009
9 641269593
9 100009
9 869307909
9 722041459
9 918674905
9 100009
9 539292416
9 100009
9 100009
9 372713449
9 870843931
9 725632119
9 100009
9 277540519
9 175724039
9 975378787
9 944692253
9 216553829
9 100000009
9 517178892
9 100009
9 393081954
9 521064149
9 100009
9 608362988
9 546781039
9 100009
9 963044544
9 100009
9 410032209
9 100000009
9 318265319
9 243717679
9 100000009
9 605733879
9 208623549
9 100009
9 100009
9 645961131
9 743114189
9 100009
9 100009
9 603527197
9 100000009
9 227276389
9 950423468
9 100000009
9 100009
9 100000009
9 517803249
9 883410895
9 382294363
9 656766739
9 577121249
9 100009
9 100009
9 290959605
9 889357243
9 564460593
9 100009
9 394164975
9 100009
9 100009
9 100009
9 323015979
9 100000009
9 835073219
9 849479048
9 527274319
9 579683177
9 501419799
9 817853249
9 737488109
9 100009
9 1000009
9 100009
9 374727369
9 100009
9 100009
9 805320449
9 728954670
9 255704069
9 100009
9 100009
9 112081959
9 100000009
9 10009
9 300399030
9 100009
9 528848279
9 825192790
9 855106979
9 10009
9 100009
9 680875349
9 666052669
9 726082409
9 100000009
9 100009
9 100000009
9 983942334
9 440955951
9 100000009
9 100000009
9 100009
9 512677129
9 100009
9 428492604
9 536407589
9 970928562
9 108717469
9 996862474
9 100009
9 455170369
9 393482499
9 100000009
9 328991723
9 118009519
9 100009
9 100000009
9 580007629
9 583322859
9 407969987
9 855107859
9 741825190
9 100009
9 185989921
9 100009
9 100009
9 723878239
9 100009
9 469960365
9 222763859
9 100000009
9 10009
9 100000009
9 184870889
9 552695960
9 180233349
9 970548010
9 100000009
9 561085397
9 100000009
9 605615569
9 100009
9 178373459
9 956314741
9 826035289
9 34051579
9 100009
9 100432269
9 100009
9 508405389
9 935945953
9 555657936
9 885278079
9 100009
9 893580024
9 100009
9 162866429
9 10009
9 853941446
9 100009
9 100009
9 604951387
9 100009
9 100009
9 296349300
9 142549633
9 100009
9 100009
9 100009
9 100009
9 918695826
9 100009
9 100009
9 394480994
9 100009
9 374425469
9 464436129
9 117211359
9 922536628
9 907083704
9 139107698
9 100009
9 393160625
9 808876639
9 180612779
9 100000009
9 528980487
9 725584329
9 943924679
9 543707983
9 448684997
9 100009
9 10009
9 100009
9 584249649
9 176976471
9 575248494
9 261879646
9 135979744
9 190029485
9 100009
9 143133249
9 100009
9 100009
9 100009
9 868572859
9 403159459
9 726595467
9 100000009
9 854946530
9 170647889
9 446691335
9 730189408
9 100009
9 894970021
9 552978718
9 346562936
9 100009
9 100009
9 292793543
9 100000009
9 811459303
9 869774398
9 593045738
9 100009
9 10009
9 160457559
9 100009
9 100000009
9 893841336
9 749687983
9 100000009
9 802080294
9 961034721
9 10009
9 592062206
9 531075349
9 100000009
9 726487379
9 889924633
9 625175629
9 213726519
9 962702527
9 417022559
9 839346863
9 100009
9 235896681
9 384529495
9 928953926
9 720203119
9 420797929
9 446855692
9 322275739
9 100009
9 100009
9 536849256
9 100009
9 778839580
9 100000009
9 102353639
9 554770009
9 385125935
9 100000009
9 100009
9 422113349
9 112023319
9 100009
9 100009
9 100009
9 778183779
9 170446198
9 100009
9 100009
9 100009
9 182791533
9 377794567
9 959663474
9 10009
9 601486429
9 100009
9 100009
9 552523279
9 566170119
9 885582749
9 685243859
9 514263649
9 683008993
9 406273509
9 454494373
9 100009
9 517058519
9 255431399
9 664200759
9 418106429
9 572124980
9 100000009
9 100009
9 845186695
9 100000009
9 100009
9 765708139
9 699903735
9 831872519
9 911301637
9 100000009
9 100009
9 210779029
9 435711769
9 100000009
9 100009
9 100009
9 100009
9 100009
9 100000009
9 161107719
9 157072889
9 722303983
9 100009
9 10009
9 398758284
9 544537059
9 509935384
9 100009
9 355729904
9 716082329
9 100009
9 929749899
9 100000009
9 100000009
9 258623189
9 211688549
9 100009
9 100009
9 456613029
9 183031509
9 100000009
9 627935042
9 620511559
9 189107832
9 388470189
9 100009
9 982526314
9 100000009
9 100009
9 451834289
9 10009
9 100009
9 100009
9 877345419
9 469608789
9 464197850
9 1009
9 286729312
9 417041987
9 100000009
9 157419151
9 234647719
9 764990925
9 726056759
9 100009
9 627563089
9 725841900
9 100009
9 100000009
9 256177398
9 482068089
9 100000009
9 100000009
9 546400129
9 620956927
9 389700214
9 100009
9 100000009
9 411201009
9 267435359
9 100009
9 486845906
9 381870359
9 131201679
9 100009
9 813496759
9 109081657
9 100009
9 325341479
9 213572169
9 10009
9 401829470
9 100009
9 423772249
9 715602529
9 100000009
9 100009
9 900137558
9 100009
9 716986161
9 100009
9 872920367
9 760513859
9 155304976
9 100009
9 743084509
9 467474936
9 100009
9 228263589
9 912667919
9 100009
9 784253549
9 626651849
9 548874982
9 10009
9 100000009
9 100009
9 100009
9 924301730
9 100000009
9 100009
9 849602858
9 100000009
9 336207289
9 100009
9 353259606
9 100009
9 239803333
9 100009
9 169720660
9 909523257
9 100009
9 100009
9 464619392
9 100009
9 100009
9 397510961
9 160137379
9 990922354
9 100009
9 252051964
9 100009
9 946029726
9 628668329
9 100009
9 324619949
9 100009
9 294586191
9 740785319
9 151310879
9 949601435
9 100000009
9 840256309
9 750277779
9 100009
9 936159969
9 325307329
9 237595285
9 518133999
9 100000009
9 155817749
9 100000009
9 228899563
9 809128221
9 10009
9 133733009
9 100009
9 100009
9 797258635
9 960780946
9 20816970
9 663760809
9 365911388
9 809835146
9 587513719
9 334311659
9 10009
9 100009
9 972961828
9 392234364
9 657959306
9 189303835
9 100009
9 100000009
9 883543149
9 100009
9 924980721
9 237543529
9 874273759
9 627937269
9 798848636
9 100009
9 100009
9 137156923
9 100000009
9 100009
9 234812279
9 944911558
9 100000009
9 401816869
9 100009
9 695498669
9 903393857
9 554060309
9 100000009
9 100009
9 334056319
9 140016719
9 802526779
9 100000009
9 203005019
9 644770729
9 100009
9 100009
9 100009
9 344972534
9 417739489
9 539848729
9 100009
9 560463779
9 100009
9 491151903
9 193916107
9 993990790
9 492851014
9 100009
9 100009
9 100009
9 100000009
9 10000009
9 100009
9 917866154
9 947071656
9 579498841
9 581238569
9 494646902
9 100000009
9 100000009
9 676406749
9 100009
9 913865258
9 678290058
9 100009
9 176370449
9 100009
9 100009
9 497559985
9 100009
9 100009
9 320200093
9 100009
9 581494566
9 306342549
9 774188579
9 553257879
9 959504955
9 338219438
9 164608195
9 306528349
9 909558864
9 746350719
9 860501943
9 441765009
9 676206592
9 100000009
9 489915570
9 941620342
9 515455279
9 867717859
9 886028419
9 100009
9 829333096
9 100009
9 10009
9 951353322
9 100000009
9 100009
9 960313226
9 406111961
9 352166539
9 100009
9 600351019
9 185947496
9 865511493
9 100009
9 946348197
9 172372779
9 100009
9 100009
9 769703763
9 100009
9 100009
9 100000009
9 10009
9 22182879
9 722237679
9 100009
9 100000009
9 247723469
9 100009
9 100000009
9 895609225
9 561248619
9 987299686
9 100009
9 100009
9 583333139
9 730487309
9 100009
9 313894621
9 603057109
9 648391489
9 100009
9 514643090
9 100009
9 100000009
9 490148224
9 448363879
9 100009
9 100009
9 965608591
9 520831459
9 100009
9 772375297
9 100009
9 100009
9 514089604
9 100009
9 633947134
9 800748549
9 470615659
9 100000009
9 781837619
9 100009
9 630615798
9 100009
9 100009
9 482329450
9 119078803
9 567140029
9 544359759
9 801518209
9 635807879
9 100009
9 100009
9 100009
9 616617249
9 100009
9 980834580
9 588240790
9 100009
9 1009
9 421076029
9 546169554
9 602944370
9 477883359
9 100009
9 100000009
9 100000009
9 100009
9 845626659
9 581041529
9 994768386
9 684644819
9 100009
9 100009
9 371050539
9 492034905
9 100009
9 10009
9 237457349
9 100009
9 143471759
9 100009
9 230648659
9 10009
9 720516299
9 910727276
9 279403724
9 857689332
9 617394444
9 100009
9 135579229
9 207301089
9 100009
9 100000009
9 641630129
9 343828829
9 100000009
9 100009
9 100009
9 100009
9 673839216
9 317380159
9 100009
9 801803946
9 100009
9 10009
9 528090036
9 753099673
9 100009
9 919951517
9 100009
9 158440396
9 248574950
9 10009
9 100000009
9 425948808
9 917746631
9 100009
9 100000009
9 940226093
9 100009
9 239979131
9 100009
9 619534265
9 296977438
9 100009
9 917636368
9 100009
9 100009
9 100009
9 499319588
9 475568049
9 874854839
9 115250009
9 100009
9 100000009
9 947227557
9 100009
9 946626080
9 934935546
9 548039745
9 10009
9 544659642
9 100009
9 100009
9 100009
9 735184289
9 10009
9 571486369
9 201497041
9 373508109
9 912006801
9 563944042
9 334471769
9 609104543
9 100000009
9 100009
9 10009
9 816482329
9 10009
9 520591930
9 100009
9 100000009
9 134520949
9 100009
9 434564109
9 431756169
9 100009
9 100000009
9 100009
9 540182549
9 100009
9 100000009
9 100000009
9 100000009
9 100000009
9 100009
9 888548289
9 100009
9 100000009
9 100009
9 10009
9 306775269
9 100000009
9 100009
9 100009
9 306695408
9 100009
9 100009
9 100000009
9 222292215
9 582799733
9 100000009
9 100000009
9 100000009
9 785711839
9 318614920
9 584214984
9 849655834
9 653695556
9 332284539
9 901022424
9 100000009
9 100000009
9 362690278
9 694737726
9 100009
9 572804779
9 871148449
9 100009
9 100009
9 100009
9 560181469
9 273597524
9 100000009
9 191365846
9 10009
9 281119637
9 100009
9 853570429
9 633909057
9 100009
9 839074181
9 845821169
9 113455091
9 100009
9 100009
9 100009
9 610749155
9 582908620
9 308407992
9 866773749
9 452559313
9 407810139
9 711576985
9 526526960
9 337852429
9 299031602
9 100009
9 312794472
9 100009
9 363494464
9 100009
9 859513871
9 885239327
9 291905105
9 394690588
9 100009
9 787504249
9 100009
9 416135739
9 305450869
9 615376279
9 100000009
9 100000009
9 100000009
9 100009
9 854623396
9 422517729
9 100009
9 170188239
9 616309637
9 100009
9 941089311
9 100009
9 100009
9 599769894
9 100000009
9 614081689
9 287761559
9 546771669
9 100009
9 614667679
9 100009
9 926511010
9 10009
9 100009
9 224497336
9 100009
9 879128222
9 832305749
9 100000009
9 821785495
9 268961877
9 100009
9 100000009
9 487132129
9 100009
9 229082322
9 100000009
9 754316907
9 100009
9 754914406
9 356816439
9 219012111
9 100009
9 300552019
9 200496183
9 657718689
9 835354993
9 100009
9 946526144
9 100009
9 619095740
9 165106879
9 458408269
9 653329815
9 10009
9 561837941
9 389629279
9 269528970
9 579710171
9 184317549
9 795417715
9 100009
9 546075209
9 100009
9 100009
9 147620329
9 100000009
9 285008359
9 100009
9 100000009
9 100000009
9 275323496
9 166830249
9 100009
9 686253689
9 514367947
9 906973882
9 491288371
9 100000009
9 100009
9 100009
9 100009
9 941376357
9 778119031
9 277958561
9 100009
9 818526609
9 365899243
9 429491875
9 100000009
9 10009
9 896697457
9 120260709
9 364141509
9 100000009
9 534556479
9 100009
9 860054879
9 867823159
9 100009
9 100009
9 107277709
9 130599094
9 100000009
9 575298558
9 356902956
9 100009
9 100000009
9 302104539
9 100009
9 429308777
9 178687596
9 100009
9 927797252
9 563557469
9 546381259
9 100000009
9 243678669
9 977427944
9 177108119
9 321627429
9 100009
9 1000009
9 10009
9 100009
9 100009
9 100000009
9 100009
9 131550709
9 100009
9 411923022
9 188330917
9 424557159
9 100009
9 10009
9 244358409
9 641717694
9 109
9 100009
9 100000009
9 691579316
9 955533525
9 10009
9 100009
9 696177095
9 441813159
9 100000009
9 100009
9 209453764
9 100009
9 100009
9 187272439
9 10009
9 467174239
9 887715962
9 10009
9 100000009
9 520063958
9 100009
9 100009
9 249663874
9 924145101
9 10009
9 383131619
9 582935837
9 100009
9 835190271
9 100009
9 100000009
9 593560869
9 938951352
9 100009
9 100009
9 100009
9 100009
9 562442195
9 857664019
9 431565129
9 147548469
9 100009
9 100009
9 472081759
9 161702549
9 417535129
9 634915959
9 175723719
9 100009
9 228155049
9 100009
9 100009
9 811404950
9 142200319
9 100009
9 100009
9 10009
9 100009
9 100000009
9 894671806
9 100009
9 629856035
9 100009
9 617887029
9 100009
9 932549747
9 692282947
9 134760119
9 100000009
9 100009
9 100009
9 100000009
9 10009
9 811907488
9 447543379
9 237257392
9 941878373
9 731893948
9 100009
9 804852369
9 408021239
9 100000009
9 865424609
9 190211302
9 963459466
9 786660669
9 354796439
9 545896301
9 100000009
9 100009
9 378366179
9 324199182
9 100009
9 100009
9 100000009
9 475743489
9 854693971
9 100000009
9 10009
9 155820694
9 539396170
9 626439842
9 784765639
9 100000009
9 100009
9 100009
9 100009
9 10009
9 124841679
9 977615176
9 100009
9 152559092
9 187948894
9 100000009
9 100009
9 100009
9 873800419
9 100009
9 809985019
9 872644229
9 577842859
9 698608786
9 617853649
9 100000009
9 100000009
9 100009
9 100009
9 580020089
9 275755979
9 790262855
9 523874029
9 431992865
9 550415249
9 100009
9 487689352
9 354699919
9 100009
9 637185609
9 284633149
9 487023879
9 100000009
9 964985809
9 940697574
9 556781179
9 449442093
9 100009
9 534264659
9 914581523
9 444394930
9 149104137
9 418980780
9 333603729
9 100009
9 100009
9 100000009
9 822546369
9 100009
9 100000009
9 373094914
9 327553189
9 179471270
9 100000009
9 100009
9 628043209
9 100009
9 100009
9 510755749
9 760629201
9 135965733
9 100000009
9 710597987
9 100009
9 221092386
9 576806496
9 100009
9 359608067
9 100000009
9 679440581
9 100000009
9 100009
9 581562692
9 34377059
9 783054669
9 100009
9 379397272
9 10009
9 100009
9 100009
9 724804998
9 100009
9 350938205
9 100000009
9 685515359
9 464043469
9 294567548
9 100009
9 830130290
9 889493463
9 100000009
9 622095689
9 828667229
9 143990865
9 1000009
9 10009
9 100009
9 116091936
9 100009
9 381390200
9 971828651
9 100009
9 100009
9 881882089
9 1000009
9 895851705
9 100009
9 100009
9 177954919
9 618059310
9 503855759
9 10009
9 100009
9 100009
9 192891677
9 777353819
9 519995907
9 183756799
9 103106069
9 100009
9 437220991
9 126634579
9 100000009
9 707064789
9 690051550
9 582500189
9 446746429
9 488607369
9 194966475
9 10009
9 100009
9 100009
9 100000009
9 100000009
9 590220518
9 213157039
9 930872396
9 421333089
9 549567013
9 276085859
9 982555419
9 294608643
9 891159133
9 10009
9 10009
9 100009
9 10009
9 100009
9 326895929
9 100009
9 902950250
9 704234589
9 107763669
9 514613669
9 100009
9 100009
9 100000009
9 561094944
9 116139337
9 416835379
9 749725080
9 103676918
9 359768446
9 100009
9 100009
9 462023419
9 10009
9 639869100
9 646609475
9 100009
9 100009
9 100009
9 100009
9 100009
9 838384098
9 516789603
9 656110229
9 320018219
9 994835921
9 886645709
9 100009
9 521939352
9 241165089
9 100009
9 341936192
9 650889419
9 114698949
9 240341819
9 100000009
9 100009
9 984082510
9 100009
9 271654449
9 833712089
9 100009
9 595295248
9 171541095
9 641967480
9 100009
9 100009
9 435035079
9 160853069
9 726251559
9 339420815
9 381563679
9 100009
9 100000009
9 803142059
9 179975826
9 10009
9 100009
9 100009
9 486186559
9 100009
9 510150097
9 957935151
9 100000009
9 100009
9 324798830
9 957443543
9 581046019
9 660952494
9 578386849
9 100009
9 100009
9 247627639
9 626456119
9 743128009
9 100000009
9 100009
9 100009
9 833694120
9 100009
9 297745276
9 100009
9 320682629
9 100009
9 100000009
9 100000009
9 100009
9 100000009
9 154094685
9 533374194
9 695049789
9 663439650
9 798377015
9 10009
9 268987507
9 100009
9 948522004
9 402374986
9 100009
9 642719657
9 100009
9 100009
9 682949751
9 100000009
9 100009
9 605190122
9 852859813
9 252346179
9 483432769
9 319596233
9 924834951
9 630810649
9 467326869
9 100000009
9 100000009
9 477942950
9 379069210
9 944809945
9 433333879
9 100009
9 100009
9 870664839
9 100009
9 132127889
9 100009
9 608265569
9 567944612
9 100000009
9 702747839
9 100009
9 334880389
9 250176958
9 100000009
9 123235679
9 100000009
9 577513292
9 100009
9 440902431
9 873417779
9 100009
9 100000009
9 100000009
9 225237479
9 400176779
9 621778789
9 821674889
9 437881569
9 100009
9 659247483
9 100009
9 986694627
9 452510679
9 100009
9 709477503
9 267115967
9 100009
9 100009
9 100009
9 216395953
9 100000009
9 100009
9 785704779
9 348330590
9 123970044
9 100009
9 991055895
9 595255261
9 100009
9 10009
9 100009
9 525090162
9 100009
9 100009
9 260009882
9 362092058
9 786320379
9 100000009
9 100009
9 100009
9 100009
9 182933517
9 438873009
9 481857597
9 100009
9 203010379
9 100009
9 657079617
9 100009
9 10009
9 727608309
9 1000009
9 100009
9 848500749
9 684030739
9 900320598
9 100009
9 100000009
9 100009
9 939230933
9 366834974
9 401550409
9 100009
9 161289035
9 100000009
9 354406109
9 798703732
9 150531589
9 1000009
9 100009
9 100000009
9 100009
9 100009
9 100000009
9 10009
9 100009
9 912773141
9 100000009
9 232818319
9 100000009
9 610444980
9 932862274
9 254143029
9 100009
9 184012329
9 251980235
9 204541922
9 705158879
9 512089182
9 100009
9 100000009
9 100009
9 100009
9 808829581
9 100000009
9 218980956
9 100009
9 100000009
9 379707208
9 921956192
9 330629381
9 621713269
9 347360689
9 100009
9 100009
9 968198892
9 100009
9 406964153
9 637952191
9 128316619
9 278814259
9 117356059
9 100009
9 100009
9 782802926
9 321333409
9 968543276
9 100009
9 100009
9 997972924
9 100009
9 100000009
9 100009
9 100009
9 575064943
9 100009
9 100009
9 100000009
9 839478564
9 100009
9 656299188
9 759358725
9 914081843
9 823937294
9 665459889
9 100000009
9 104983592
9 100009
9 549762301
9 100009
9 851567759
9 166206349
9 100009
9 482525879
9 779182034
9 100000009
9 961304284
9 100009
9 100009
9 100000009
9 100009
9 588566169
9 728416932
9 100009
9 100000009
9 698202798
9 200024349
9 933462299
9 874725289
9 100009
9 100009
9 929870896
9 100009
9 100009
9 701030169
9 100009
9 100009
9 437211298
9 100009
9 100009
9 498155004
9 570102159
9 221770489
9 334748019
9 821664739
9 399523078
9 527800914
9 230916264
9 100000009
9 977543879
9 100000009
9 100000009
9 100009
9 710094456
9 10009
9 100009
9 171776069
9 129574970
9 100009
9 944927962
9 100009
9 100009
9 100000009
9 875047059
9 688484539
9 844039097
9 100009
9 10009
9 563300369
9 100009
9 100000009
9 554551982
9 773763869
9 100009
9 10009
9 222434209
9 100009
9 10009
9 100009
9 568563279
9 941400310
9 100000009
9 360811299
9 833464889
9 937248332
9 435930328
9 965726926
9 808257809
9 976719251
9 100009
9 100000009
9 598088912
9 100009
9 790153044
9 100000009
9 100009
9 233114349
9 100009
9 700524109
9 360004961
9 236097289
9 890558007
9 100009
9 621660059
9 100000009
9 855330279
9 840229597
9 100009
9 771587749
9 100009
9 100009
9 100000009
9 149043787
9 100009
9 659905802
9 687690727
9 481661729
9 118387219
9 445894432
9 100009
9 232760459
9 100009
9 288147930
9 627012389
9 100009
9 10009
9 71420149
9 100000009
9 100009
9 686762219
9 100009
9 100009
9 100009
9 128631927
9 100009
9 762514569
9 955987617
9 638274739
9 598172659
9 100000009
9 306359062
9 619801048
9 455578309
9 674059651
9 100000009
9 100009
9 394249158
9 888086749
9 100009
9 100009
9 539037686
9 738472395
9 100000009
9 535770906
9 942116152
9 510676779
9 100009
9 100009
9 100000009
9 100009
9 518376996
9 100009
9 961751020
9 100000009
9 237239459
9 382987845
9 100000009
9 473486019
9 100009
9 722075993
9 230912288
9 887542739
9 100009
9 100009
9 803695609
9 839101915
9 100009
9 735420849
9 368333095
9 100009
9 100000009
9 100009
9 100009
9 100009
9 100009
9 161887649
9 236696279
9 124138495
9 990599285
9 100000009
9 790854761
9 633785419
9 129454110
9 100009
9 583842449
9 100000009
9 100009
9 624012449
9 921185727
9 424441159
9 100000009
9 100009
9 374919664
9 111877749
9 100009
9 140268429
9 100009
9 100009
9 908845700
9 931514651
9 100009
9 100009
9 100009
9 391193128
9 591555972
9 188735539
9 233384189
9 321566769
9 100000009
9 100009
9 860596479
9 115232219
9 100009
9 100009
9 762996720
9 621978187
9 100009
9 1009
9 967279670
9 778566839
9 916299560
9 100009
9 23533119
9 100009
9 100000009
9 100000009
9 100009
9 598355448
9 166516529
9 261744349
9 440207329
9 888748519
9 549130302
9 414288095
9 639425206
9 100009
9 861682129
9 100009
9 468181779
9 857741912
9 175219183
9 100009
9 100000009
9 213769518
9 495049925
9 446955391
9 412835089
9 563145129
9 100009
9 718555829
9 100000009
9 100009
9 520502869
9 624999174
9 199905498
9 100009
9 156715509
9 927885441
9 591095565
9 695315175
9 735553089
9 939621831
9 100009
9 100009
9 100009
9 853609879
9 100000009
9 100000009
9 152232059
9 503626169
9 10009
9 100009
9 859310759
9 538751839
9 166124059
9 851684529
9 100009
9 137085019
9 1000009
9 898354691
9 100009
9 426190348
9 350671639
9 100009
9 100009
9 824932202
9 100000009
9 100009
9 159560063
9 406654309
9 696273746
9 100000009
9 715638809
9 100009
9 928290330
9 100009
9 236350059
9 100009
9 100009
9 889386607
9 296422717
9 100000009
9 100000009
9 358210379
9 100009
9 348180719
9 833999566
9 795970111
9 327623919
9 707628139
9 100009
9 100000009
9 100009
9 100000009
9 100000009
9 100009
9 654869634
9 250072349
9 280025129
9 100009
9 21627589
9 262950974
9 471002709
9 395690751
9 338270977
9 100009
9 585858009
9 100009
9 355231759
9 100009
9 120639945
9 707719629
9 884122429
9 100009
9 264660190
9 100009
9 875387389
9 667386479
9 100009
9 387601749
9 100009
9 223803219
9 100009
9 100009
9 100009
9 100009
9 477108019
9 845084709
9 172923895
9 100009
9 100009
9 115994948
9 284556759
9 660037289
9 100009
9 738557229
9 311676059
9 100009
9 100000009
9 308918895
9 656756509
9 689485986
9 455345829
9 825502079
9 929309444
9 149516162
9 646367439
9 445876219
9 100009
9 277409029
9 100009
9 532147089
9 355122529
9 100009
9 301033709
9 857586179
9 900182795
9 485244920
9 100009
9 100009
9 100009
9 490248923
9 100009
9 372620159
9 100000009
9 478397919
9 329676170
9 100000009
9 100009
9 989119661
9 100009
9 100009
9 100009
9 100000009
9 679689839
9 100009
9 100009
9 468170169
9 199104401
9 216230829
9 10009
9 100009
9 577165009
9 988401122
9 137358479
9 100000009
9 245249643
9 100009
9 300057119
9 760490116
9 100009
9 932306735
9 104600529
9 624340749
9 100009
9 271252549
9 100009
9 744562489
9 279621195
9 100009
9 976796270
9 237565149
9 100009
9 587905942
9 100009
9 400408869
9 942477571
9 100000009
9 480811559
9 524454529
9 100009
9 502106719
9 936141311
9 104822539
9 293170192
9 889452007
9 401715329
9 701721229
9 100000009
9 100000009
9 130811189
9 10009
9 100009
9 100000009
9 127137529
9 529756893
9 100009
9 714569733
9 100009
9 877126569
9 100000009
9 660259262
9 100009
9 254141719
9 120336749
9 100000009
9 100009
9 898299833
9 999602776
9 719610691
9 16029056
9 844868593
9 100009
9 100000009
9 869102465
9 172656998
9 148975785
9 276356219
9 10009
9 838730849
9 450493416
9 432874749
9 10009
9 100000009
9 100000009
9 155091269
9 100009
9 1009
9 100009
9 100000009
9 1009
9 47970746
9 515051389
9 100009
9 881584894
9 426305139
9 100000009
9 626163819
9 158140349
9 841452769
9 100000009
9 945871931
9 100009
9 787451589
9 893379285
9 919532462
9 1009
9 420702539
9 355765879
9 100009
9 458078559
9 14666329
9 228672937
9 100009
9 274773579
9 935181201
9 509719019
9 100009
9 100009
9 100009
9 100009
9 804372991
9 605394348
9 100009
9 716108449
9 873535439
9 100009
9 816804942
9 100000009
9 343792521
9 434803109
9 100009
9 764115649
9 433935075
9 100009
9 280166069
9 100009
9 100009
9 100009
9 100000009
9 955001676
9 100009
9 100009
9 527134991
9 100009
9 100000009
9 954151775
9 100009
9 1000009
9 637187429
9 613373309
9 100009
9 100009
9 100000009
9 497622437
9 454335249
9 209421843
9 204999176
9 304707529
9 100000009
9 100009
9 100009
9 100009
9 100009
9 100009
9 100000009
9 132312749
9 100009
9 100009
9 542509867
9 297647629
9 407153293
9 100009
9 890655192
9 100009
9 100009
9 357212976
9 276780529
9 706223369
9 100009
9 100009
9 750770229
9 986216108
9 10009
9 974344031
9 338684519
9 310185679
9 100009
9 674508595
9 771397164
9 100000009
9 128576039
9 10009
9 590265615
9 100009
9 100000009
9 761307419
9 445934111
9 721549214
9 100009
9 100000009
9 193715183
9 100009
9 112961631
9 100009
9 627574769
9 644499172
9 1000009
9 100009
9 10009
9 765436169
9 850901668
9 100009
9 536361059
9 483954848
9 445572709
9 100009
9 100009
9 448706619
9 664504829
9 994513520
9 928839432
9 332200839
9 100009
9 100009
9 100009
9 521145759
9 10009
9 974976232
9 159682562
9 399105766
9 312085269
9 100009
9 100000009
9 100000009
9 1000009
9 780232879
9 415536559
9 100009
9 565239512
9 100009
9 224046279
9 100009
9 100009
9 100009
9 805466925
9 670819184
9 201981289
9 100009
9 746591509
9 100009
9 979055268
9 556034259
9 343544849
9 100009
9 984752451
9 100009
9 606906744
9 100009
9 100000009
9 831540249
9 772383729
9 100009
9 965313793
9 660633932
9 948149861
9 550924064
9 460400319
9 368275739
9 326098350
9 662795032
9 753945039
9 368199357
9 672186489
9 273604839
9 896270750
9 614386389
9 100009
9 100000009
9 170714749
9 405063599
9 100009
9 393248629
9 318959450
9 100009
9 629350646
9 108770739
9 100009
9 671450619
9 810551595
9 774001289
9 196983446
9 744795569
9 776662529
9 575490272
9 100000009
9 100000009
9 154558649
9 100009
9 206002119
9 808779635
9 10009
9 224081389
9 561533396
9 275826197
9 100009
9 442640439
9 865958766
9 145535539
9 924375105
9 275177009
9 863309967
9 100000009
9 269313868
9 100009
9 799511958
9 100009
9 100009
9 100009
9 100009
9 100000009
9 767369413
9 891988604
9 100009
9 100009
9 100009
9 100000009
9 100715569
9 129154085
9 847318869
9 764760609
9 100009
9 100009
9 100009
9 411513749
9 100009
9 100009
9 886814709
9 381592105
9 100000009
9 100000009
9 100009
9 729095936
9 100009
9 162498355
9 10009
9 100000009
9 100009
9 591447424
9 912917149
9 100009
9 224473649
9 138188779
9 505747099
9 592001412
9 440431294
9 100000009
9 654117397
9 100000009
9 334562959
9 100009
9 100000009
9 100000009
9 363634239
9 1000009
9 100009
9 100009
9 100009
9 215609893
9 100000009
9 100009
9 100009
9 100009
9 162615039
9 100000009
9 100009
9 100009
9 537083940
9 997053468
9 1009
9 225644119
9 100000009
9 143763914
9 100000009
9 597720750
9 397629443
9 100009
9 218921292
9 225543319
9 773454973
9 10009
9 100009
9 100009
9 985285953
9 195369070
9 100009
9 100009
9 100009
9 311657039
9 100009
9 100000009
9 456861039
9 100009
9 300176219
9 939412480
9 100009
9 100009
9 103730269
9 634414069
9 800953610
9 239909552
9 100009
9 100000009
9 100009
9 883534129
9 100009
9 100000009
9 746828905
9 342408159
9 100000009
9 611947109
9 292347417
9 363284779
9 612076119
9 556131029
9 202946549
9 301650932
9 425169362
9 100009
9 100009
9 815596645
9 100009
9 100009
9 100009
9 200707829
9 100000009
9 880204539
9 849838156
9 507690204
9 304746509
9 338791940
9 100000009
9 100009
9 529387419
9 156420479
9 353024529
9 869591220
9 266882689
9 100000009
9 1009
9 840618109
9 445833319
9 692225595
9 593581325
9 151967002
9 100009
9 793478127
9 984118445
9 1000009
9 100009
9 100009
9 995188661
9 100000009
9 720171349
9 965679962
9 944203863
9 100009
9 681182439
9 100009
9 100009
9 100009
9 100009
9 588924084
9 100009
9 844938569
9 196979514
9 643438869
9 100009
9 10009
9 413321619
9 483745579
9 692712445
9 100009
9 276699684
9 860881799
9 100009
9 100009
9 407355029
9 153179970
9 707780639
9 518508429
9 100009
9 499459608
9 100000009
9 474976203
9 912626449
9 433744983
9 100000009
9 457320779
9 784879543
9 1009
9 100009
9 100009
9 271652729
9 137925530
9 194734786
9 917350311
9 133734942
9 100009
9 740949599
9 100009
9 307708189
9 100000009
9 518230769
9 922431871
9 100000009
9 100000009
9 100009
9 776848938
9 100000009
9 464125639
9 100000009
9 547424897
9 740691407
9 461231609
9 326333958
9 100009
9 847865299
9 748743239
9 259007184
9 359810722
9 100009
9 549496652
9 449906202
9 742256649
9 100009
9 100009
9 821494101
9 767087291
9 100009
9 396623769
9 100009
9 100009
9 179943138
9 482413329
9 10009
9 100009
9 698788063
9 626720359
9 100009
9 100009
9 370522219
9 521077549
9 790146833
9 337200589
9 299984717
9 359827799
9 374028539
9 296886138
9 100009
9 100009
9 100000009
9 377067839
9 271844279
9 100000009
9 788912586
9 913470419
9 305113559
9 365804639
9 297151785
9 100000009
9 100009
9 100000009
9 431289709
9 697831634
9 100000009
9 100000009
9 721704369
9 100009
9 10009
9 100009
9 100009
9 879115297
9 100000009
9 726703069
9 100000009
9 842228529
9 100009
9 281410960
9 232633449
9 10000009
9 100009
9 208322709
9 111645191
9 100009
9 237616419
9 100009
9 759363614
9 100009
9 100009
9 100009
9 100000009
9 100009
9 420817059
9 730068169
9 186575696
9 887307294
9 874316897
9 418462379
9 759043939
9 358684059
9 592259525
9 100000009
9 927063524
9 765947210
9 598281440
9 185267579
9 744743329
9 368414459
9 923350457
9 760152977
9 114767619
9 100009
9 100009
9 777197366
9 100009
9 100009
9 100009
9 132533279
9 100009
9 100009
9 500443996
9 405754189
9 335659455
9 553591197
9 847272809
9 630022869
9 10009
9 317811869
9 100009
9 100000009
9 629601034
9 249736655
9 668225549
9 455227589
9 43934044
9 100009
9 731997758
9 100009
9 100009
9 615768369
9 100009
9 156368903
9 165678729
9 796163970
9 100000009
9 281030759
9 100009
9 240149446
9 285947513
9 100009
9 100000009
9 100009
9 280427269
9 100009
9 100009
9 875270192
9 100009
9 516376529
9 100009
9 589682693
9 290690275
9 100000009
9 100009
9 405001149
9 100009
9 136193617
9 726388179
9 645755609
9 100009
9 100000009
9 148483949
9 938664673
9 290668106
9 100009
9 310440509
9 606992866
9 672950571
9 100009
9 536403119
9 483349396
9 100009
9 763272900
9 438365259
9 100009
9 100009
9 842340639
9 318080059
9 756991693
9 10009
9 933224822
9 364594798
9 100009
9 507532049
9 632043209
9 647316519
9 859115392
9 12707292
9 100009
9 247558829
9 271635499
9 297238208
9 100009
9 100000009
9 100009
9 401613029
9 896161909
9 100009
9 100009
9 614380939
9 789402794
9 119458788
9 225669441
9 607989841
9 185409889
9 604637589
9 100000009
9 332707629
9 138322479
9 153218709
9 391378439
9 100000009
9 100000009
9 432035189
9 688494958
9 100009
9 100000009
9 10009
9 100000009
9 100000009
9 100009
9 782844239
9 636158319
9 339862375
9 876442219
9 100009
9 520169061
9 302644539
9 100009
9 416209967
9 387556379
9 364170629
9 297577564
9 750036429
9 10009
9 100009
9 637358399
9 569177974
9 354843309
9 714922785
9 100009
9 100009
9 227457419
9 100009
9 503904302
9 100000009
9 100009
9 100009
9 752459006
9 593341049
9 49652583
9 100009
9 100009
9 100009
9 288417967
9 41921926
9 100009
9 325205859
9 100009
9 100009
9 100000009
9 777705869
9 100009
9 100009
9 195197208
9 601391178
9 404526926
9 704413519
9 780303859
9 100009
9 100009
9 100009
9 414386889
9 980847603
9 520487993
9 550989586
9 100000009
9 383331209
9 100009
9 714951711
9 722906094
9 100009
9 100009
9 847614269
9 399313739
9 100009
9 424892565
9 456578459
9 683514849
9 506751109
9 654600639
9 513324239
9 520143579
9 100000009
9 100000009
9 100009
9 100000009
9 100000009
9 132638369
9 100009
9 100000009
9 259097825
9 503575029
9 100000009
9 100000009
9 100000009
9 454537149
9 999349510
9 680678839
9 100009
9 361473009
9 419441753
9 815142789
9 100000009
9 213015109
9 469893307
9 898792578
9 511887689
9 286882379
9 335077950
9 567499761
9 100009
9 134566669
9 511522469
9 100009
9 100009
9 410543119
9 359466130
9 481817973
9 100009
9 485335429
