9 109
9 90
9 999999990
9 100000009
9 123456789
9 836583509
9 822251809
9 1000009
9 795017504
9 507982847
9 310444189
9 887487249
9 599388749
9 339818019
9 100009
9 462649515
9 786332769
9 648907294
9 100009
9 10009
9 318345968
9 100009
9 448045009
9 515180209
9 213137190
9 100000009
9 321928753
9 100009
9 942547220
9 643651975
9 100009
9 572254969
9 100009
9 100009
9 100009
9 100000009
9 320952868
9 101481279
9 648690978
9 415416339
9 54326952
9 114571579
9 693165536
9 267638169
9 815030094
9 198129437
9 100009
9 100009
9 100009
9 680293127
9 971921565
9 469588325
9 100000009
9 100009
9 557915274
9 246919617
9 187265409
9 100000009
9 984325389
9 100009
9 100000009
9 553422239
9 100009
9 629940644
9 521831689
9 563873209
9 100009
9 10009
9 100000009
9 592876888
9 221001449
9 100009
9 231967589
9 100000009
9 863367439
9 636094162
9 100009
9 581232369
9 737230921
9 143003869
9 175998468
9 973009571
9 100009
9 775151569
9 373687970
9 398375542
9 441766879
9 368757902
9 493007913
9 100000009
9 100000009
9 701719756
9 645648639
9 467539199
9 100000009
9 719023411
9 100000009
9 477205679
9 100009
9 776776139
9 100009
9 817538789
9 351551909
9 607018159
9 129155668
9 10009
9 100000009
9 267485739
9 643563938
9 10009
9 221638229
9 827980779
9 100009
9 519209224
9 309326550
9 100009
9 100009
9 100009
9 777254769
9 100000009
9 682254679
9 859788562
9 797693241
9 759008890
9 100009
9 166000789
9 238186809
9 247421869
9 696017341
9 717729511
9 100009
9 733589639
9 505005290
9 100009
9 792152565
9 100000009
9 100009
9 474583779
9 728509191
9 870555889
9 100000009
9 124661779
9 673813869
9 100009
9 147701849
9 307500629
9 397047112
9 887572819
9 856643519
9 100009
9 863576639
9 602650849
9 100009
9 141731049
9 503780369
9 454826749
9 100009
9 100009
9 139107040
9 728678419
9 100009
9 100009
9 100009
9 425663659
9 100009
9 100000009
9 10009
9 964784124
9 100009
9 625568948
9 641559933
9 605635939
9 100000009
9 100000009
9 566133559
9 100000009
9 304775429
9 100009
9 162674359
9 100009
9 862071659
9 201077298
9 690806641
9 651296231
9 512683149
9 100000009
9 10009
9 803331539
9 988845670
9 776079589
9 943461919
9 526340819
9 603592417
9 579759025
9 398059653
9 100000009
9 100009
9 799862693
9 100009
9 1000009
9 632942022
9 743219774
9 893988546
9 676769433
9 158687869
9 100009
9 649545634
9 317163049
9 723694033
9 100000009
9 205906653
9 100009
9 530532595
9 100009
9 901731046
9 476336409
9 100000009
9 100009
9 100009
9 348934467
9 100009
9 639595684
9 102744289
9 10009
9 1000009
9 517038339
9 247618839
9 100000009
9 100009
9 988301769
9 622000196
9 847162269
9 100009
9 458515779
9 100009
9 100009
9 251863109
9 498819726
9 100000009
9 10009
9 417057519
9 364917079
9 100009
9 308795904
9 100009
9 676719803
9 620920736
9 202684709
9 704082439
9 100009
9 100009
9 821002109
9 913439629
9 100000009
9 100009
9 917797116
9 351109953
9 529353788
9 137056549
9 766700996
9 100009
9 406888679
9 533796157
9 481684922
9 100000009
9 905376867
9 100009
9 10009
9 100009
9 100009
9 100009
9 100009
9 100000009
9 214457739
9 626770849
9 561885902
9 100009
9 10009
9 264204649
9 654303279
9 100009
9 804065719
9 590654233
9 241557879
9 100009
9 875991715
9 127630964
9 638706889
9 160595824
9 461474930
9 967971608
9 698687438
9 100009
9 603330479
9 100000009
9 100009
9 135864689
9 100009
9 811139269
9 237253259
9 100009
9 100009
9 754910069
9 919989758
9 339797189
9 919868993
9 100009
9 775136839
9 100009
9 100009
9 742856269
9 881028259
9 100000009
9 266052369
9 996799082
9 962678724
9 100009
9 367363579
9 995476619
9 221542759
9 100000009
9 449525037
9 100000009
9 677693082
9 100009
9 100009
9 100000009
9 986647158
9 218520059
9 555811569
9 100009
9 117057539
9 732500489
9 226373279
9 231664569
9 100009
9 100009
9 269291713
9 442623669
9 441602639
9 100009
9 100009
9 100009
9 100009
9 100009
9 971787176
9 762813749
9 100000009
9 132605309
9 100009
9 330173889
9 100009
9 936463343
9 811533629
9 946535468
9 462734924
9 100009
9 100009
9 865702919
9 100000009
9 856823911
9 100009
9 241460369
9 849934874
9 705982766
9 485343159
9 674954614
9 100009
9 747756691
9 100009
9 709003881
9 254296738
9 100000009
9 175508229
9 765866896
9 967473296
9 100009
9 351462945
9 554594468
9 700721889
9 877710169
9 231957599
9 100009
9 100009
9 975260106
9 10009
9 761307769
9 807500509
9 339525058
9 1000009
9 100009
9 105799798
9 100009
9 100009
9 144433519
9 116544569
9 100000009
9 730074179
9 100009
9 139181450
9 10009
9 100000009
9 244243479
9 100009
9 100009
9 100009
9 919266226
9 624783689
9 133943852
9 100009
9 127453759
9 488119069
9 474456049
9 100009
9 745305319
9 848185991
9 596137182
9 655008369
9 832770209
9 784625948
9 100009
9 622863690
9 124751609
9 100009
9 100009
9 100009
9 355371749
9 100000009
9 10009
9 100009
9 10009
9 871387169
9 100009
9 910377781
9 982733199
9 327928697
9 332238904
9 100009
9 977893240
9 100000009
9 100009
9 106586698
9 571138169
9 992275549
9 100009
9 100000009
9 100009
9 100009
9 326301889
9 164794745
9 577879430
9 973376414
9 100000009
9 100009
9 100009
9 890134672
9 100000009
9 399326065
9 100000009
9 100009
9 100000009
9 127894241
9 297999049
9 312612619
9 365876409
9 100009
9 100009
9 100009
9 100009
9 100009
9 862625389
9 100009
9 100009
9 417660789
9 395899011
9 100009
9 100009
9 100000009
9 100000009
9 110253939
9 100009
9 100457669
9 100009
9 787260739
9 100000009
9 397526025
9 850819252
9 100009
9 874042289
9 971676111
9 724559841
9 997602466
9 100009
9 367803739
9 100009
9 104293254
9 100009
9 639377540
9 714436974
9 100009
9 100009
9 100009
9 148890667
9 614996507
9 607520109
9 100009
9 100009
9 581579461
9 724246259
9 100009
9 241598799
9 342819610
9 220112239
9 100000009
9 905253738
9 369671427
9 100009
9 125264159
9 100009
9 100000009
9 871296880
9 786961258
9 255839826
9 100009
9 100009
9 112257369
9 723862794
9 729292832
9 335298715
9 100000009
9 276050229
9 10009
9 751863839
9 198979227
9 100009
9 825571924
9 901790811
9 100009
9 100009
9 354313259
9 100000009
9 949462794
9 861950182
9 100000009
9 944610979
9 100009
9 973925117
9 201956732
9 397386154
9 137022966
9 100009
9 100009
9 194170459
9 100000009
9 567721559
9 294693262
9 656737879
9 689472284
9 235297291
9 100009
9 765234139
9 550785906
9 136175259
9 100009
9 100009
9 100009
9 100009
9 572703149
9 43513349
9 100009
9 986467136
9 100009
9 424656389
9 474125389
9 100009
9 847525059
9 100000009
9 100000009
9 862490414
9 660692984
9 547258569
9 100009
9 444682329
9 1000009
9 235536839
9 810930419
9 100009
9 793052390
9 666248579
9 10009
9 100009
9 851794181
9 100000009
9 100009
9 100009
9 100009
9 100009
9 542324039
9 371345559
9 852604769
9 659574676
9 36014029
9 959219436
9 100000009
9 757571759
9 487947179
9 100009
9 100009
9 754172509
9 699646702
9 114603689
9 100009
9 957594204
9 100009
9 780571709
9 100000009
9 556889374
9 540017259
9 100009
9 100000009
9 562975398
9 957576951
9 299280585
9 231504659
9 100009
9 310062129
9 963404349
9 879097698
9 368469683
9 100000009
9 100009
9 140918475
9 127318479
9 100009
9 100009
9 907926421
9 100000009
9 486936332
9 966097181
9 479270621
9 100009
9 821812579
9 10009
9 100009
9 538348196
9 100009
9 100000009
9 624509106
9 100009
9 396927837
9 100009
9 100009
9 360876989
9 100009
9 100000009
9 100009
9 100009
9 988336713
9 277848889
9 826564179
9 166252249
9 100009
9 100009
9 751225229
9 100000009
9 949788430
9 679143973
9 493037973
9 780839500
9 100000009
9 966726683
9 794896993
9 328464429
9 447797856
9 516430927
9 100009
9 174505179
9 100000009
9 100009
9 100009
9 557488119
9 483855169
9 940982831
9 100009
9 100000009
9 318262439
9 100009
9 100009
9 100009
9 491331223
9 307938736
9 403249745
9 100000009
9 100009
9 993962490
9 100009
9 100009
9 878284945
9 100009
9 100009
9 946159159
9 313748589
9 100009
9 100009
9 100000009
9 100000009
9 100009
9 10009
9 468773219
9 458971716
9 998024273
9 108901806
9 100009
9 843621549
9 779874234
9 100009
9 100009
9 680804509
9 748714569
9 586109803
9 100009
9 394398031
9 100009
9 100009
9 940206450
9 412742139
9 675216149
9 754992717
9 100009
9 100009
9 796162886
9 10009
9 100009
9 889188537
9 644314009
9 100000009
9 100009
9 100000009
9 484798282
9 100009
9 798300199
9 859172807
9 100009
9 100009
9 100009
9 100000009
9 100009
9 100009
9 741412921
9 367843549
9 506230619
9 100009
9 100000009
9 116151695
9 968423817
9 420755079
9 749945639
9 100009
9 100000009
9 100009
9 100000009
9 929761887
9 852262349
9 439569841
9 671704539
9 390068562
9 179500118
9 563137649
9 100009
9 100009
9 748484391
9 285270659
9 784559528
9 842497556
9 215671983
9 183148309
9 870751339
9 100000009
9 100009
9 100000009
9 373552019
9 100000009
9 427458169
9 100009
9 100000009
9 566951248
9 593202713
9 454467389
9 100000009
9 828831439
9 456661489
9 100009
9 728877019
9 100009
9 100000009
9 815986958
9 590132534
9 131250049
9 955115196
9 100000009
9 100009
9 469651782
9 100009
9 338414719
9 100009
9 104758549
9 902888943
9 649337221
9 100009
9 759269557
9 560328659
9 228165209
9 100000009
9 930926622
9 974740636
9 475680759
9 100000009
9 955656394
9 487200119
9 937418599
9 555403559
9 831152539
9 476084489
9 100009
9 478045933
9 100000009
9 100009
9 613432309
9 100000009
9 100009
9 152782389
9 100009
9 610413589
9 100000009
9 100009
9 100009
9 100009
9 737155689
9 100009
9 377732229
9 100009
9 285661689
9 176198204
9 100009
9 159582335
9 100009
9 100009
9 638835489
9 100009
9 166219188
9 106578809
9 455229245
9 482871479
9 719035172
9 811510794
9 167600519
9 212868209
9 941704048
9 100000009
9 764802109
9 100000009
9 100000009
9 358249101
9 490781775
9 100009
9 100000009
9 681476931
9 373037259
9 100009
9 540963950
9 100000009
9 391917426
9 665371029
9 482779558
9 100000009
9 120059520
9 937081121
9 100009
9 583086149
9 100009
9 265355995
9 100009
9 100009
9 971880941
9 752718947
9 584079501
9 964519594
9 10009
9 138114319
9 752952927
9 100009
9 10009
9 263146904
9 100009
9 237316149
9 100009
9 100000009
9 478032349
9 100009
9 229700592
9 10009
9 923746197
9 10009
9 729160459
9 712100139
9 100009
9 538205229
9 632129535
9 276244659
9 606344559
9 100009
9 802843319
9 100000009
9 608627339
9 10009
9 890921261
9 534752689
9 100009
9 100009
9 552760739
9 100009
9 100009
9 589389070
9 126143629
9 100009
9 448435079
9 100009
9 638347469
9 167951426
9 100000009
9 100009
9 491431467
9 100009
9 788914967
9 100009
9 100009
9 973999223
9 729619247
9 100009
9 514549618
9 100000009
9 100000009
9 302671179
9 516723809
9 399701190
9 1000009
9 100009
9 769795223
9 100000009
9 834615219
9 100009
9 789927495
9 970092617
9 733504739
9 294789252
9 100009
9 572546902
9 843810993
9 391726143
9 895112757
9 100000009
9 100000009
9 552159583
9 100000009
9 563733901
9 1000009
9 242637779
9 488520229
9 124370429
9 820128985
9 100009
9 100009
9 100000009
9 466921600
9 502135729
9 100009
9 807855189
9 145161984
9 100000009
9 100000009
9 135222829
9 100009
9 612808039
9 100009
9 100009
9 506232159
9 10009
9 200621869
9 673171459
9 724207679
9 918390789
9 237670359
9 1000009
9 100009
9 100009
9 203043479
9 100000009
9 368685059
9 369230573
9 394787379
9 782679422
9 670778359
9 238351339
9 759675152
9 475114519
9 679016173
9 100009
9 100009
9 100009
9 100009
9 100009
9 779923975
9 100000009
9 253582619
9 1000009
9 185046389
9 100009
9 100000009
9 100009
9 181729902
9 100009
9 100009
9 167548969
9 963806319
9 526273429
9 397654619
9 464490240
9 930148680
9 386810859
9 100009
9 659981704
9 315098031
9 313174249
9 265229440
9 824950622
9 10009
9 129032543
9 217625219
9 698171655
9 100009
9 100000009
9 422951222
9 700719565
9 711996185
9 10009
9 500041289
9 361935184
9 560200719
9 109195195
9 100009
9 1000009
9 261909844
9 428176079
9 100009
9 100000009
9 100009
9 100009
9 780706639
9 100009
9 100000009
9 328849125
9 593770478
9 100009
9 100009
9 10009
9 475529194
9 100000009
9 100009
9 100000009
9 221581089
9 100000009
9 100009
9 100009
9 142486339
9 970200208
9 100009
9 428550974
9 471073059
9 639668988
9 100009
9 845248129
9 100000009
9 100009
9 228267509
9 552209520
9 100009
9 100009
9 963845559
9 844707519
9 570876923
9 100009
9 100009
9 100000009
9 813034529
9 100009
9 120504479
9 100000009
9 662713009
9 100009
9 10009
9 100009
9 873722039
9 731106329
9 100000009
9 838046319
9 961051287
9 100000009
9 708638629
9 100009
9 866319241
9 817170964
9 391179796
9 677317029
9 312023179
9 100009
9 471889978
9 118076519
9 726142893
9 913626238
9 100009
9 762521449
9 119347627
9 981934129
9 218281149
9 100009
9 100009
9 100009
9 100009
9 100009
9 100000009
9 109039142
9 251201089
9 100000009
9 419748172
9 331465859
9 10009
9 141845993
9 100000009
9 835438279
9 100000009
9 812951306
9 100000009
9 100009
9 394659570
9 188867079
9 172931394
9 248769148
9 400006369
9 442972552
9 100009
9 100009
9 100009
9 729525293
9 143766779
9 100000009
9 888291117
9 100009
9 937870985
9 523978579
9 284846719
9 100009
9 467983496
9 100000009
9 100000009
9 275014689
9 100000009
9 492995888
9 10009
9 100009
9 100000009
9 944865453
9 198162211
9 269223082
9 100000009
9 869553804
9 100009
9 187567719
9 100009
9 141649958
9 909767965
9 100009
9 424931459
9 255446739
9 333998739
9 404685897
9 100009
9 452326469
9 889513699
9 48261529
9 752277669
9 100000009
9 716058639
9 792195244
9 100009
9 100009
9 100009
9 212973050
9 159699039
9 211983997
9 347013439
9 100009
9 972365629
9 686433892
9 384139085
9 866139118
9 100009
9 100000009
9 375205419
9 100000009
9 100009
9 100000009
9 657394765
9 100009
9 114627967
9 278478259
9 532196525
9 173609938
9 100009
9 100009
9 100009
9 194638232
9 100009
9 100000009
9 797447747
9 337954150
9 206007924
9 513378349
9 100000009
9 559151932
9 100009
9 100000009
9 596785988
9 108764779
9 100000009
9 834519197
9 423791103
9 100009
9 538929110
9 794786975
9 100000009
9 100009
9 100009
9 100000009
9 624604419
9 100009
9 124108589
9 100009
9 381283239
9 832909346
9 100009
9 602596481
9 977221120
9 100000009
9 100009
9 705481009
9 447160779
9 512038119
9 832035669
9 100009
9 100009
9 942894641
9 305427759
9 100009
9 100009
9 746825369
9 498787155
9 100009
9 185101906
9 976923777
9 738004769
9 100009
9 244544579
9 100009
9 641850945
9 416022369
9 345913758
9 182439466
9 100009
9 543496950
9 100000009
9 100000009
9 100000009
9 582917572
9 100000009
9 733823759
9 114532269
9 100000009
9 516763389
9 100000009
9 100009
9 100009
9 531599957
9 344410169
9 302839297
9 100009
9 549317889
9 199894062
9 362360469
9 587878689
9 505570609
9 100000009
9 100009
9 740743489
9 470470549
9 100000009
9 726943083
9 627112609
9 100009
9 367240689
9 230021295
9 623130729
9 10009
9 100009
9 100000009
9 100009
9 561031449
9 10009
9 100009
9 100009
9 100009
9 173015914
9 100000009
9 408189282
9 823743789
9 793108546
9 100009
9 100009
9 742642639
9 100000009
9 100009
9 100009
9 100000009
9 109273043
9 100009
9 995751212
9 811367659
9 529469940
9 584814379
9 1000009
9 650703976
9 612820809
9 724078983
9 114873129
9 100000009
9 465170829
9 590722085
9 317388279
9 100009
9 906855634
9 697149409
9 554370119
9 412255907
9 100000009
9 261118439
9 130045449
9 100009
9 543935152
9 100009
9 100009
9 100009
9 161250259
9 100009
9 722501789
9 890539125
9 304599327
9 823628493
9 454735069
9 100009
9 100009
9 397255363
9 200346189
9 100009
9 424645279
9 880162139
9 100000009
9 10009
9 706842889
9 351320779
9 642356349
9 100009
9 168948261
9 148873869
9 351501369
9 844742469
9 627097831
9 100009
9 100009
9 100009
9 100009
9 499704308
9 167878971
9 728479183
9 600056739
9 566812759
9 589702207
9 633203789
9 100009
9 100009
9 100009
9 100009
9 174543091
9 100009
9 10009
9 100009
9 100009
9 462940095
9 113646409
9 495185019
9 974272155
9 927011722
9 104162619
9 881453679
9 991214933
9 906289738
9 100000009
9 427079840
9 188867659
9 166510696
9 232140973
9 100009
9 478467169
9 729755649
9 278534519
9 100000009
9 100000009
9 469928517
9 865536964
9 225653289
9 100009
9 649929810
9 100000009
9 554759758
9 100009
9 100009
9 18066309
9 100009
9 765275696
9 186070839
9 861964091
9 100000009
9 868741159
9 100000009
9 100009
9 100009
9 583071449
9 249290682
9 692320016
9 10009
9 100009
9 100009
9 888528779
9 721479970
9 100000009
9 100009
9 247472329
9 545924477
9 733114809
9 338523935
9 100000009
9 387954429
9 616744379
9 100009
9 100009
9 326519949
9 100009
9 849871124
9 557789080
9 100009
9 100009
9 100000009
9 672620329
9 219409257
9 389364745
9 211152970
9 100009
9 100009
9 610330691
9 778269168
9 100000009
9 424904511
9 150516039
9 100009
9 100000009
9 100000009
9 210957022
9 211538469
9 225401963
9 161222359
9 385283049
9 100000009
9 100009
9 100009
9 202479048
9 100009
9 484322509
9 420331789
9 513956562
9 510598019
9 758651159
9 100009
9 737504019
9 753859486
9 108565139
9 813918129
9 997834189
9 516113692
9 414329272
9 100009
9 640175339
9 1000009
9 518765189
9 385888029
9 176743039
9 100009
9 300996725
9 679070854
9 555487749
9 100000009
9 571760429
9 802934427
9 707009515
9 349533162
9 931190258
9 100009
9 375512649
9 100009
9 840306139
9 668571759
9 814091322
9 292354839
9 105514859
9 100009
9 877059067
9 956638579
9 919226612
9 841514449
9 100009
9 100009
9 844914969
9 323601119
9 763826049
9 496749658
9 381813906
9 100009
9 876465749
9 716944628
9 689499370
9 300474879
9 361585219
9 301901163
9 100000009
9 976893744
9 10009
9 761299966
9 10009
9 336797175
9 854871119
9 100009
9 100009
9 112181469
9 334329993
9 666565439
9 100009
9 100009
9 100009
9 730445979
9 279381760
9 943881150
9 187384679
9 795162671
9 217197397
9 100009
9 100000009
9 451695726
9 100009
9 144156609
9 10009
9 100009
9 431695558
9 289254359
9 10009
9 100000009
9 870103195
9 462984015
9 100000009
9 385151429
9 100009
9 578052924
9 625546709
9 834202689
9 100009
9 100000009
9 527782932
9 586742594
9 100009
9 405562698
9 540912923
9 218010709
9 620453789
9 100009
9 200945681
9 674522769
9 316874369
9 100009
9 100009
9 424670895
9 108774109
9 100009
9 401789008
9 235440019
9 397676219
9 100009
9 219359388
9 100009
9 872093225
9 750281579
9 100009
9 10009
9 915346851
9 962647642
9 100009
9 329642697
9 100000009
9 732917318
9 100009
9 427983505
9 100009
9 641599522
9 100009
9 909390181
9 100009
9 100009
9 100009
9 305787907
9 592535277
9 100009
9 1000009
9 706640089
9 787829338
9 360490424
9 100009
9 171831859
9 548624829
9 680673069
9 165290818
9 882561591
9 100009
9 515590759
9 491032286
9 100009
9 664087429
9 571032497
9 677696921
9 603378819
9 863975617
9 100000009
9 413630129
9 415164869
9 100009
9 1000009
9 100009
9 100009
9 991576138
9 100009
9 100009
9 100009
9 725686292
9 525859230
9 100009
9 100009
9 836549539
9 100000009
9 100009
9 904772827
9 100000009
9 491652946
9 479924193
9 352261429
9 100009
9 100000009
9 626713269
9 100009
9 420327759
9 112843269
9 851701879
9 758988153
9 435660393
9 768516579
9 100009
9 100009
9 100009
9 564055109
9 404680529
9 100009
9 411361679
9 100009
9 100009
9 638349503
9 334029344
9 100000009
9 190978284
9 507524918
9 622770719
9 100009
9 814294497
9 100000009
9 402882059
9 590049919
9 266586889
9 560806549
9 740672559
9 749750024
9 709840451
9 100009
9 115092573
9 899918750
9 496117851
9 236148509
9 100009
9 898231508
9 100000009
9 100009
9 619002482
9 509810211
9 558552696
9 100009
9 512466589
9 100000009
9 100009
9 100009
9 100000009
9 10009
9 100009
9 100009
9 100009
9 302352449
9 974588246
9 324305059
9 100000009
9 517868269
9 100009
9 818415559
9 10009
9 768916351
9 903194526
9 501974058
9 550096374
9 100000009
9 879951879
9 981415280
9 100000009
9 516639962
9 451486309
9 1009
9 100009
9 100009
9 364299325
9 100009
9 100009
9 198906643
9 100009
9 992894887
9 100009
9 764688879
9 100009
9 101837369
9 219623256
9 100009
9 100009
9 10009
9 457077339
9 601309153
9 100009
9 899837098
9 10009
9 167976309
9 917138132
9 100009
9 979066311
9 941563498
9 100009
9 100009
9 453860495
9 100000009
9 10009
9 100009
9 924946180
9 100000009
9 100009
9 100009
9 100009
9 404488169
9 957295095
9 100000009
9 663423569
9 100009
9 100009
9 100009
9 100009
9 841756859
9 933305871
9 833888809
9 821039343
9 790691236
9 682831908
9 100009
9 1000009
9 241947972
9 100009
9 100009
9 833855519
9 547078009
9 173601890
9 683318039
9 959073790
9 531863639
9 387845739
9 444366090
9 460645940
9 100009
9 100009
9 100009
9 630714149
9 100000009
9 851351069
9 145934415
9 1000009
9 100009
9 995290263
9 471817490
9 765538279
9 10009
9 745591252
9 100009
9 100009
9 385163097
9 100009
9 100009
9 922229857
9 489403776
9 100009
9 100009
9 385884609
9 100000009
9 791321692
9 827996329
9 100000009
9 729190660
9 100009
9 100009
9 676651109
9 731200149
9 100009
9 100009
9 100009
9 688620309
9 100009
9 100009
9 447569195
9 739112624
9 600217359
9 412095812
9 100000009
9 851208889
9 880304929
9 211373439
9 595316673
9 100000009
9 15145649
9 663916652
9 100009
9 194134728
9 341058359
9 100009
9 815381849
9 950441921
9 410514491
9 205695405
9 550943795
9 880179718
9 100000009
9 100009
9 100000009
9 250871429
9 550263439
9 100009
9 948462049
9 100009
9 859002112
9 167170279
9 643173309
9 100000009
9 100009
9 100009
9 305302339
9 100009
9 366824279
9 833286279
9 100009
9 597518175
9 593085360
9 129445493
9 100009
9 300602149
9 383943308
9 105566289
9 143785009
9 100009
9 100000009
9 712626439
9 100009
9 100000009
9 100009
9 414445239
9 808697845
9 946527849
9 933691925
9 857005209
9 863568009
9 971073018
9 247228972
9 100009
9 711552539
9 273591110
9 787960818
9 100009
9 100009
9 100009
9 633801269
9 100009
9 100000009
9 707114968
9 285837779
9 100009
9 531136189
9 270140669
9 545391878
9 892042675
9 10009
9 429959577
9 259244270
9 667263439
9 981019792
9 334943835
9 100009
9 100000009
9 100009
9 10009
9 481030779
9 594113000
9 100009
9 812890055
9 766585659
9 100000009
9 100000009
9 495820959
9 100000009
9 352489725
9 100000009
9 634268549
9 510740139
9 503072659
9 120534369
9 966750947
9 493375457
9 312423279
9 100009
9 100009
9 713695992
9 100009
9 100009
9 100009
9 455197780
9 602013709
9 699733559
9 100000009
9 211786289
9 867824993
9 100000009
9 10009
9 646777619
9 754900468
9 100009
9 616800319
9 100009
9 706718009
9 10009
9 100009
9 371755069
9 145615749
9 10009
9 168044869
9 100009
9 100000009
9 647712269
9 100000009
9 100000009
9 100009
9 211751679
9 252411079
9 100009
9 100009
9 580046719
9 412335689
9 13027259
9 273813973
9 100009
9 455896806
9 100000009
9 100009
9 897580211
9 609200094
9 100009
9 100009
9 10000009
9 293024720
9 655927065
9 100009
9 557371960
9 725449571
9 793507298
9 100009
9 100009
9 100000009
9 100009
9 501145669
9 798449547
9 729153271
9 100009
9 842769823
9 900170189
9 313254096
9 753231429
9 107514399
9 610514609
9 614178798
9 571338349
9 788733609
9 988693193
9 384980773
9 846477059
9 780285029
9 850156609
9 100009
9 100009
9 962750294
9 560950462
9 100000009
9 100000009
9 100000009
9 100000009
9 461072119
9 931313703
9 110867019
9 682355269
9 100009
9 798393499
9 30402859
9 100009
9 983205517
9 376200129
9 100009
9 949411179
9 100000009
9 738377209
9 100000009
9 511104901
9 406393089
9 348809412
9 499387533
9 452095852
9 100000009
9 890951247
9 100009
9 318369128
9 100009
9 100009
9 100009
9 100009
9 812108689
9 354456859
9 577322629
9 900167346
9 500864849
9 425679305
9 100009
9 100000009
9 504898200
9 100009
9 471241693
9 100000009
9 100000009
9 221557549
9 524675839
9 308350259
9 100009
9 100000009
9 586960339
9 100000009
9 100000009
9 100009
9 963798343
9 100009
9 430023279
9 100009
9 780650299
9 10009
9 224803937
9 100009
9 280039705
9 677530449
9 830468249
9 117087589
9 351460669
9 544637219
9 100009
9 100009
9 100000009
9 100009
9 100009
9 100000009
9 100009
9 115891706
9 615513950
9 100000009
9 100009
9 767660090
9 100009
9 100000009
9 296016557
9 324667419
9 100009
9 730531319
9 191417443
9 603341698
9 725657089
9 100000009
9 100009
9 100009
9 821927160
9 10009
9 100009
9 100009
9 341704369
9 496829966
9 865409313
9 446363598
9 100000009
9 100009
9 232386379
9 100009
9 100009
9 609959531
9 100009
9 939627898
9 100009
9 127264819
9 521591999
9 100009
9 737907830
9 120651189
9 100009
9 823968110
9 100009
9 298844578
9 866757719
9 842089021
9 100009
9 260205249
9 100009
9 100009
9 198480509
9 100009
9 671965286
9 939487560
9 464444249
9 100009
9 294405880
9 100009
9 100009
9 100000009
9 833226729
9 100000009
9 100000009
9 200398790
9 302588924
9 802738889
9 570487879
9 134581769
9 441576729
9 628520349
9 302937894
9 373161519
9 315700369
9 529802598
9 100009
9 569881490
9 573873639
9 100000009
9 100009
9 100000009
9 572180819
9 587159357
9 100009
9 1000009
9 180943945
9 831662849
9 100009
9 253037689
9 100009
9 100000009
9 100009
9 514828459
9 100000009
9 100009
9 615291261
9 100000009
9 405800669
9 365806719
9 100009
9 367042749
9 493433104
9 692566147
9 100009
9 100000009
9 540198838
9 100000009
9 486891031
9 530423897
9 497050170
9 100009
9 625942492
9 694369481
9 100009
9 569992496
9 593957871
9 100009
9 100000009
9 10009
9 839741181
9 100000009
9 842028629
9 100009
9 637874829
9 243604509
9 661621239
9 502542529
9 100009
9 100009
9 691215372
9 562825619
9 155061059
9 118978138
9 621705209
9 211677449
9 100000009
9 564128229
9 219772865
9 715524529
9 177514759
9 578274469
9 100009
9 506258494
9 100009
9 100000009
9 100009
9 149191976
9 508446189
9 951895501
9 100009
9 100009
9 355434639
9 275579651
9 530843009
9 188877709
9 995580247
9 100000009
9 100009
9 671747967
9 987085795
9 100009
9 100009
9 141748984
9 734746059
9 419380912
9 608469846
9 100009
9 518188859
9 379645506
9 107453149
9 452001529
9 100000009
9 100000009
9 232108489
9 858626329
9 100009
9 816487449
9 987498588
9 761144985
9 641189726
9 978977208
9 880983387
9 959385438
9 100000009
9 661742709
9 553540749
9 644357359
9 100009
9 100000009
9 518128869
9 759086378
9 963761806
9 276181129
9 100009
9 960092276
9 653058459
9 513420629
9 216584898
9 886913403
9 292741201
9 551937307
9 264534369
9 400034589
9 100009
9 100009
9 233162792
9 100009
9 100009
9 100000009
9 100009
9 100000009
9 368516219
9 100009
9 134330918
9 720331494
9 651895963
9 963378843
9 100009
9 100009
9 100009
9 100009
9 100000009
9 481526619
9 736239133
9 100000009
9 100009
9 572735739
9 773487739
9 639447371
9 100009
9 422688169
9 655861789
9 100000009
9 585250229
9 608069544
9 901515402
9 460139120
9 100009
9 770115769
9 644990288
9 100009
9 100000009
9 170570249
9 386862139
9 729951450
9 100000009
9 522180569
9 172138809
9 100009
9 335904398
9 100000009
9 872183109
9 10009
9 100009
9 100000009
9 100000009
9 428011069
9 141835895
9 274243794
9 100000009
9 100000009
9 267613629
9 689041890
9 907984485
9 577734059
9 985124115
9 537416392
9 179799594
9 107989850
9 765888169
9 100009
9 686858393
9 328146759
9 720633409
9 880060129
9 844719334
9 100009
9 100009
9 100000009
9 100000009
9 203286659
9 909997933
9 246039199
9 973749462
9 423097415
9 860134029
9 948389709
9 276393777
9 100009
9 673208529
9 362555029
9 697124121
9 542463049
9 956620493
9 516308549
9 646119274
9 100000009
9 100009
9 275125409
9 563223905
9 100000009
9 856585179
9 764382629
9 783226389
9 100000009
9 568537749
9 100009
9 416694972
9 100009
9 100009
9 979294648
9 100009
9 131178269
9 368230279
9 922423105
9 829882612
9 194648848
9 170789220
9 265717849
9 477691977
9 638332289
9 819949322
9 330930194
9 732886289
9 653347279
9 591025925
9 845703009
9 100009
9 100000009
9 10000009
9 502370149
9 243631991
9 100000009
9 100000009
9 166530439
9 100009
9 685161009
9 145933423
9 100009
9 337375639
9 100009
9 100009
9 781270739
9 205120449
9 100009
9 406222869
9 100000009
9 250488309
9 769872972
9 763635639
9 131498149
9 100000009
9 100000009
9 100009
9 742363029
9 550946947
9 876020839
9 367637279
9 100009
9 589956877
9 100009
9 100009
9 100009
9 100009
9 10009
9 219242218
9 794426659
9 202107394
9 795999522
9 100009
9 901092227
9 931194388
9 100000009
9 954956907
9 302155975
9 445790868
9 460230129
9 344365981
9 945104562
9 100009
9 100009
9 840521319
9 100009
9 330697535
9 100009
9 283403039
9 100009
9 672353917
9 780626389
9 635306955
9 100009
9 822319640
9 814170669
9 955934472
9 100000009
9 100009
9 776861029
9 942967841
9 652817029
9 955553080
9 10009
9 789079782
9 869255870
9 100000009
9 953407063
9 100009
9 817354779
9 550053947
9 142605197
9 254862759
9 100009
9 100009
9 413302449
9 743554759
9 147753729
9 965758856
9 278004693
9 686070918
9 501550009
9 100009
9 361886659
9 100009
9 104159957
9 119901634
9 469362939
9 100009
9 100009
9 64930146
9 100009
9 100009
9 100009
9 483422789
9 558558139
9 100009
9 573116419
9 100000009
9 100009
9 923794342
9 409878205
9 855200009
9 100000009
9 573061399
9 100009
9 285653539
9 100009
9 897960430
9 672597385
9 435906174
9 100000009
9 100000009
9 716233479
9 463738079
9 100009
9 649012268
9 603280639
9 369361291
9 677498324
9 220711289
9 543632789
9 417316509
9 100000009
9 100009
9 743519217
9 859091388
9 100009
9 100009
9 331847309
9 548350900
9 100009
9 972652641
9 941359978
9 100009
9 174703459
9 569503165
9 930647551
9 100009
9 894418461
9 484787179
9 199077220
9 100009
9 618254329
9 718669465
9 100009
9 100009
9 469806898
9 185068339
9 100009
9 287156129
9 10009
9 574983873
9 100009
9 100009
9 10009
9 100009
9 202473789
9 766246519
9 357195061
9 417970753
9 100009
9 348418649
9 10009
9 100009
9 310916582
9 100000009
9 349010311
9 769890084
9 272585359
9 318241129
9 100000009
9 957000147
9 100009
9 946440465
9 221511839
9 343289531
9 733721139
9 100009
9 100009
9 100009
9 494541998
9 100009
9 100009
9 353844389
9 100009
9 114063619
9 355108449
9 820404279
9 323072795
9 114674269
9 100000009
9 100000009
9 100000009
9 406391773
9 100009
9 100000009
9 100009
9 211551279
9 250280269
9 100009
9 922255228
9 100009
9 175306239
9 100009
9 405019629
9 100009
9 100000009
9 979399990
9 100009
9 323011089
9 925919197
9 703271129
9 100009
9 914756152
9 100000009
9 678440149
9 100009
9 815443069
9 954020437
9 708228829
9 327373469
9 10009
9 100009
9 756539946
9 648281729
9 100009
9 781926675
9 704718319
9 144242359
9 518416494
9 442408719
9 222316569
9 414152089
9 100009
9 100009
9 100000009
9 276008209
9 100009
9 797964369
9 10009
9 384168449
9 100009
9 526478849
9 100009
9 100009
9 867257569
9 699207738
9 10009
9 100000009
9 10009
9 277679534
9 100009
9 100009
9 100009
9 100009
9 100009
9 888245059
9 100000009
9 100009
9 100000009
9 366796434
9 975677736
9 272390820
9 100009
9 100009
9 919243600
9 738964620
9 100009
9 443485319
9 283860659
9 755506595
9 100009
9 338936728
9 100000009
9 701828089
9 10009
9 100009
9 100009
9 734066859
9 355139365
9 831525789
9 456935380
9 100000009
9 297233542
9 100009
9 574283449
9 100009
9 540797277
9 819613220
9 100009
9 100009
9 881738319
9 477691363
9 691120723
9 100009
9 100000009
9 379037386
9 100000009
9 100009
9 100000009
9 100009
9 515362967
9 156641849
9 100009
9 1009
9 933249194
9 169455487
9 178537209
9 734683389
9 100009
9 100000009
9 100009
9 793830495
9 100009
9 100009
9 502347659
9 584236869
9 122801519
9 647305779
9 428153459
9 100009
9 536777903
9 698362491
9 601105569
9 100000009
9 100000009
9 455596712
9 550118789
9 100009
9 100009
9 100009
9 100009
9 100009
9 687391382
9 629432257
9 100009
9 596761003
9 100009
9 172902712
9 100009
9 100009
9 654731719
9 791877885
9 682254539
9 247760950
9 670446739
9 100009
9 407825039
9 100009
9 967787986
9 100000009
9 100000009
9 195049363
9 143336319
9 100009
9 100009
9 262834937
9 736977624
9 951136577
9 384372089
9 976639683
9 100009
9 899014395
9 711211729
9 100009
9 100000009
9 938756946
9 100000009
9 100000009
9 100009
9 781316369
9 989480128
9 100009
9 100000009
9 496079836
9 100009
9 205042912
9 352282189
9 774002739
9 100009
9 776861809
9 218702019
9 712338629
9 100000009
9 100000009
9 100000009
9 283285129
9 100000009
9 100009
9 905921925
9 100009
9 428626659
9 100000009
9 100000009
9 421504349
9 100000009
9 772327089
9 100000009
9 386673579
9 200422966
9 819826983
9 149838480
9 899977185
9 307203439
9 100009
9 239927429
9 187442029
9 956383981
9 100009
9 100009
9 867564349
9 873558109
9 100000009
9 208266509
9 539024396
9 100009
9 520104579
9 100009
9 100000009
9 517803349
9 100009
9 448705924
9 603110954
9 169394322
9 193647075
9 996379698
9 305152019
9 167886849
9 10009
9 466715079
9 222581049
9 940628165
9 10009
9 100009
9 662993232
9 905870707
9 644622819
9 100009
9 118124019
9 190864477
9 1000009
9 494425406
9 100009
9 550165369
9 198249549
9 100009
9 100009
9 100009
9 100009
9 374241920
9 610311659
9 773095907
9 10009
9 100000009
9 500855229
9 163919854
9 478223279
9 100000009
9 204607729
9 100009
9 100009
9 850251689
9 662303449
9 100000009
9 681202999
9 860167129
9 679743316
9 100000009
9 760691048
9 10009
9 725221569
9 100009
9 804174269
9 10009
9 712377709
9 100009
9 10009
9 443830239
9 977972113
9 100000009
9 100009
9 100009
9 100009
9 474142619
9 100009
9 194436758
9 420722379
9 100009
9 470596501
9 100009
9 250703549
9 362478429
9 847835019
9 100009
9 697702336
9 991010959
9 953432686
9 536910684
9 100009
9 856003249
9 241977259
9 940745295
9 248475019
9 431257496
9 100009
9 100000009
9 57625519
9 100000009
9 737481979
9 210816419
9 414751309
9 100009
9 520846649
9 573745119
9 394675802
9 424020879
9 863062019
9 300315479
9 731736259
9 943636003
9 279021584
9 451422029
9 160230069
9 709640867
9 402917850
9 100009
9 100009
9 100009
9 100009
9 277760539
9 100009
9 400900138
9 679145123
9 270575259
9 100009
9 893955987
9 100009
9 100000009
9 437360819
9 537762589
9 100009
9 100009
9 521104966
9 892653216
9 947987343
9 100009
9 916004382
9 885338819
9 267399559
9 100000009
9 100009
9 100000009
9 790164196
9 100009
9 471778897
9 100009
9 663081669
9 135636029
9 100009
9 346250769
9 100009
9 296603861
9 100009
9 684189080
9 133809271
9 338367119
9 912975377
9 583295584
9 100000009
9 207232935
9 100009
9 366827329
9 799362375
9 100009
9 100000009
9 201914342
9 702702669
9 100000009
9 192560115
9 779930461
9 917408042
9 10009
9 880274729
9 718542179
9 757131749
9 430865809
9 665745189
9 656282319
9 605753709
9 564217479
9 100000009
9 435868491
9 100009
9 826274599
9 100009
9 617961732
9 575556729
9 100009
9 805221896
9 100009
9 1000009
9 357829668
9 694769605
9 420436369
9 100009
9 538711339
9 739100401
9 100009
9 321957701
9 100009
9 555930259
9 445927091
9 100000009
9 285696067
9 981503982
9 115650179
9 100009
9 367653139
9 100009
9 675793483
9 100009
9 534399958
9 100000009
9 100009
9 100009
9 100009
9 448692596
9 100009
9 100009
9 369797064
9 100009
9 100009
9 433463009
9 100000009
9 100009
9 794788793
9 100009
9 100009
9 436683869
9 861493100
9 807665269
9 801934771
9 618969503
9 784048029
9 100009
9 100000009
9 100009
9 404000139
9 100000009
9 812182309
9 100009
9 100009
9 10009
9 183955367
9 100000009
9 100009
9 815714490
9 100009
9 100009
9 329790239
9 100009
9 336346329
9 100009
9 100009
9 10009
9 867111922
9 897667654
9 100009
9 109514582
9 339043167
9 895960093
9 100009
9 288582179
9 208718519
9 100009
9 887290222
9 445688769
9 964505477
9 845462609
9 100009
9 100000009
9 196974830
9 572332589
9 455644559
9 858388679
9 772574009
9 495268560
9 100009
9 557263499
9 100009
9 220571795
9 491045226
9 100000009
9 857534079
9 869935709
9 445003729
9 928840808
9 925490743
9 100009
9 169285922
9 409949494
9 578834493
9 608266759
9 100000009
9 1000009
9 167490829
9 397877993
9 100009
9 384259546
9 100009
9 878815559
9 224661389
9 110971417
9 444120179
9 100009
9 308700189
9 380456249
9 597903829
9 100009
9 774248569
9 628082729
9 100009
9 797293655
9 796721662
9 830247129
9 100009
9 403791045
9 10009
9 100009
9 100009
9 492519830
9 100009
9 100009
9 100009
9 566448389
9 100000009
9 100009
9 866492995
9 100009
9 1000009
9 100009
9 353804879
9 22677329
9 261770669
9 543460920
9 100000009
9 100009
9 100009
9 114223597
9 100009
9 100000009
9 512636319
9 896788451
9 119426868
9 100009
9 100009
9 633182129
9 318864029
9 629640821
9 869838600
9 677235459
9 456779061
9 254670933
9 10009
9 868912003
9 100009
9 612882009
9 162825029
9 100009
9 100009
9 242137958
9 100009
9 100009
9 657813519
9 765337901
9 100000009
9 584395127
9 100009
9 100009
9 100009
9 100009
9 215281819
9 579107771
9 100009
9 100000009
9 721483449
9 891450787
9 100009
9 106227029
9 742062559
9 100009
9 100009
9 231484389
9 141969402
9 368951395
9 10009
9 100000009
9 523986258
9 527059262
9 100009
9 100009
9 858365779
9 407231968
9 918849994
9 100009
9 10009
9 565213977
9 438410409
9 100009
9 100009
9 352967352
9 260022199
9 929088904
9 100009
9 687985271
9 100009
9 792017516
9 592800193
9 115721179
9 494790070
9 100009
9 740956076
9 10009
9 858090766
9 100000009
9 149141297
9 100009
9 100009
9 10009
9 500091529
9 172685294
9 100009
9 100009
9 951177880
9 100009
9 853495121
9 100009
9 100000009
9 100000009
9 100009
9 555815986
9 506733869
9 100009
9 100009
9 404800029
9 100000009
9 704381589
9 263057809
9 688543429
9 340950381
9 325887159
9 100009
9 100000009
9 100000009
9 789229029
9 100009
9 100009
9 100009
9 100000009
9 488066629
9 610626159
9 100000009
9 851746089
9 100009
9 100009
9 641172749
9 100009
9 100009
9 100000009
9 101190012
9 368622079
9 100009
9 787966816
9 864113229
9 100009
9 794032963
9 100000009
9 910976053
9 162363329
9 292985091
9 100000009
9 859275397
9 280608759
9 618330759
9 242049533
9 236041359
9 100009
9 100000009
9 300024739
9 490232387
9 161083469
9 100009
9 895705546
9 600714109
9 846701319
9 992471534
9 100009
9 100009
9 302943544
9 100009
9 100000009
9 100000009
9 862390317
9 906804966
9 391631126
9 406548119
9 785791298
9 100009
9 718307539
9 882705159
9 100009
9 562813369
9 334544239
9 836332269
9 811778049
9 275955627
9 310296083
9 100000009
9 10009
9 100009
9 127262869
9 765034649
9 100009
9 100009
9 318186369
9 100009
9 100000009
9 190395456
9 10009
9 100009
9 100009
9 100009
9 906290818
9 279112204
9 100000009
9 100009
9 100009
9 209509852
9 100009
9 377056659
9 177329180
9 844987758
9 740313975
9 946185962
9 617210539
9 592001709
9 100009
9 100009
9 112859805
9 517626509
9 350740479
9 100009
9 327462219
9 100009
9 689394569
9 177889784
9 100009
9 598232389
9 935947898
9 100009
9 129578512
9 100009
9 100000009
9 155715719
9 100000009
9 315176819
9 10009
9 954209150
9 742633879
9 100000009
9 734458994
9 306614930
9 286943273
9 100009
9 904538608
9 100000009
9 419097822
9 413519488
9 100000009
9 681978761
9 721614759
9 100009
9 100000009
9 100009
9 780342093
9 858693599
9 100000009
9 568216079
9 100009
9 401996008
9 100009
9 100009
9 965084295
9 248540889
9 100009
9 10009
9 100009
9 100009
9 128019760
9 955855741
9 100000009
9 460210409
9 100000009
9 119922766
9 425662493
9 576920415
9 100000009
9 10000009
9 244711219
9 100000009
9 100009
9 100000009
9 100009
9 315809548
9 365833679
9 600975186
9 583832649
9 100000009
9 100009
9 575009088
9 564521519
9 885219413
9 641002902
9 100009
9 205874039
9 100000009
9 126434985
9 541402769
9 538661169
9 104192188
9 176794329
9 450370928
9 424718991
9 100000009
9 100009
9 642583289
9 100000009
9 451197639
9 874040249
9 917571505
9 914075034
9 100009
9 563873709
9 118608597
9 413745696
9 100009
9 215101339
9 866881339
9 100009
9 100009
9 100000009
9 199621924
9 943251241
9 146364149
9 10009
9 100000009
9 100009
9 100000009
9 760979977
9 100000009
9 100009
9 214330794
9 742246839
9 100009
9 252184869
9 852674498
9 493751962
9 509306998
9 100000009
9 571433049
9 302081193
9 440573958
9 130732759
9 620273289
9 613754945
9 434455459
9 308455279
9 568077619
9 867757597
9 614638589
9 854677149
9 370606996
9 769941833
9 953346477
9 100009
9 100000009
9 212121829
9 100009
9 100000009
9 100009
9 259658014
9 868607019
9 623767769
9 866705509
9 100000009
9 522382359
9 998873296
9 700857039
9 290634881
9 935192845
9 100009
9 685300249
9 100000009
9 197702004
9 100009
9 100009
9 967940237
9 100000009
9 968892853
9 804471129
9 100009
9 708527729
9 100009
9 820147539
9 100009
9 522475391
9 52287129
9 709071017
9 100009
9 263087294
9 421436849
9 100009
9 100009
9 538603109
9 977328180
9 100009
9 762875297
9 100009
9 449018045
9 690820342
9 647974889
9 100000009
9 307119698
9 291501411
9 895214447
9 282021219
9 174905269
9 508298160
9 808204689
9 796835276
9 780081229
9 100009
9 489673175
9 398513583
9 100009
9 100009
9 300171069
9 286491903
9 894028273
9 673649767
9 100009
9 868316539
9 408063539
9 612630089
9 557579263
9 263404459
9 637942131
9 100000009
9 100009
9 100009
9 100009
9 612173289
9 115081239
9 156283967
9 894310236
9 216996114
9 100000009
9 951843094
9 196497812
9 100000009
9 367739959
9 110486993
9 100009
9 679863998
9 100009
9 737599758
9 413332159
9 352810529
9 652759722
9 100000009
9 574892944
9 697467051
9 970121617
9 100009
9 100009
9 100000009
9 862748559
9 100009
9 100009
9 100009
9 751211689
9 657659627
9 100009
9 100009
9 100009
9 100000009
9 100009
9 100000009
9 970655613
9 960741902
9 100009
9 100000009
9 100000009
9 278915856
9 100009
9 100009
9 100009
9 283413191
9 147263709
9 361977665
9 886294011
9 297875358
9 951161263
9 492682123
9 529237356
9 100009
9 778078489
9 100009
9 100000009
9 100009
9 100000009
9 310584359
9 705535269
9 184356439
9 828585559
9 625992645
9 219524257
9 650643679
9 100009
9 100009
9 320222709
9 100000009
9 10009
9 393647910
9 100000009
9 100000009
9 465425439
9 724368339
9 100009
9 416332109
9 100000009
9 692613256
9 992409803
9 365414839
9 100009
9 999040856
9 724161579
9 299995743
9 943877085
9 963327378
9 160279316
9 273925024
9 288149295
9 100009
9 100009
9 169544317
9 100009
9 100009
9 100000009
9 821263039
9 982110356
9 100009
9 796612599
9 10009
9 145094786
9 100009
9 120462639
9 100009
9 684602049
9 100000009
9 632488889
9 771463349
9 733328219
9 544186498
9 100000009
9 474180958
9 501391738
9 959202448
9 306018920
9 134116339
9 100009
9 100009
9 730550709
9 889919193
9 100000009
9 100009
9 900389812
9 100009
9 100000009
9 100000009
9 388400439
9 495736771
9 135414349
9 933147317
9 877499940
9 10009
9 497056534
9 100009
9 521774019
9 100009
9 102166859
9 773365998
9 691813671
9 100009
9 252547369
9 297054991
9 100009
9 148100269
9 997972309
9 227444619
9 100009
9 603763962
9 100000009
9 100009
9 465926774
9 100000009
9 978292140
9 366102279
9 959612044
9 529120484
9 827167229
9 100000009
9 100009
9 926155490
9 739783989
9 670214209
9 672070129
9 308728059
9 100009
9 100000009
9 100000009
9 959688161
9 176682039
9 682699000
9 755793598
9 757438009
9 786992425
9 100000009
9 851976296
9 100009
9 607863519
9 100009
9 472201933
9 100009
9 901724822
9 397760158
9 834512709
9 100009
9 100000009
9 760083191
9 100000009
9 537949161
9 333206898
9 100000009
9 132910024
9 100009
9 583110309
9 551720469
9 100000009
9 588297610
9 1000009
9 774547169
9 100009
9 817414489
9 100009
9 594365616
9 153784729
9 676165039
9 271300529
9 100009
9 467342409
9 100000009
9 862282349
9 1000009
9 978330578
9 104185759
9 100009
9 711580389
9 253567259
9 366009498
9 100009
9 950603799
9 318002239
9 100000009
9 779764570
9 353005439
9 100009
9 751465994
9 100000009
9 811115339
9 100009
9 899615828
9 100000009
9 848729244
9 744999619
9 100009
9 979804637
9 100000009
9 10009
9 100009
9 100000009
9 438415889
9 100000009
9 100009
9 684234649
9 750092305
9 10009
9 786601729
9 153496580
9 903172420
9 100009
9 196574662
9 100000009
9 100009
9 798181788
9 100009
9 264705609
9 100009
9 190310864
9 573972369
9 100009
9 981944987
9 100009
9 100009
9 572312239
9 371820459
9 271662329
9 100009
9 701463409
9 404087609
9 100009
9 100009
9 467492992
9 835123689
9 100009
9 100009
9 100009
9 427263089
9 222992632
9 1000009
9 979727553
9 100009
9 338844089
9 100009
9 100009
9 294801738
9 686281509
9 100000009
9 510556929
9 100000009
9 768542579
9 176190888
9 627793422
9 100000009
9 100009
9 624311529
9 925189713
9 10009
9 940960921
9 187661159
9 522889085
9 682701932
9 454029812
9 100009
9 773368729
9 100009
9 718136729
9 100009
9 100009
9 100009
9 883174719
9 780701849
9 344009795
9 593301788
9 134669863
9 168733549
9 100000009
9 879462893
9 173449088
9 652166019
9 246188609
9 630433849
9 681660429
9 389551783
9 360314849
9 100009
9 168092257
9 520723169
9 100000009
9 100009
9 772590224
9 820997509
9 100009
9 187711859
9 106349788
9 982922875
9 328174439
9 197818273
9 100000009
9 100000009
9 857245093
9 138822759
9 100009
9 562042839
9 100000009
9 249949604
9 471552059
9 417066459
9 665227695
9 704506985
9 995871227
9 1009
9 643641369
9 100009
9 251719679
9 345068839
9 626532329
9 427337967
9 100000009
9 100009
9 997159044
9 186687809
9 721425589
9 649407745
9 517251369
9 100009
9 100000009
9 845600869
9 138162519
9 100000009
9 333055669
9 857015095
9 243175329
9 660308219
9 306970822
9 489869539
9 489060705
9 809697026
9 480048509
9 102032419
9 981192131
9 209222055
9 126886859
9 100000009
9 204331597
9 252464398
9 1000009
9 607252049
9 100009
9 100009
9 100009
9 699642971
9 100009
9 111060739
9 928323225
9 645816049
9 638640349
9 970805659
9 100009
9 415131749
9 448466649
9 662931725
9 100009
9 421463089
9 100000009
9 100000009
9 100009
9 100009
9 100000009
9 527313589
9 100009
9 217497306
9 100009
9 217771069
9 100009
9 909607144
9 100009
9 363716419
9 100000009
9 240242944
9 100009
9 369007706
9 100000009
9 100009
9 100000009
9 100009
9 100000009
9 860732239
9 197719420
9 100009
9 100009
9 100009
9 100009
9 260851359
9 756307819
9 974833234
9 100009
9 196738372
9 10009
9 100009
9 598013483
9 100009
9 667128958
9 372081329
9 666171809
9 100000009
9 100009
9 569651742
9 100009
9 100009
9 559886058
9 361709272
9 284311269
9 100009
9 100000009
9 809241626
9 927257703
9 100009
9 215503819
9 410713951
9 552774149
9 100009
9 100009
9 100009
9 100009
9 208658953
9 873867950
9 10009
9 100000009
9 100009
9 884438944
9 100009
9 100000009
9 953343481
9 100009
9 100009
9 176261569
9 680363793
9 100009
9 594148185
9 100009
9 639913096
9 484709230
9 720692400
9 968130258
9 100009
9 274791868
9 100009
9 100009
9 10009
9 100009
9 417857559
9 100009
9 100000009
9 688374449
9 235378049
9 10009
9 356881109
9 100009
9 439192809
9 100009
9 605966623
9 100000009
9 273438219
9 991352987
9 861503589
9 100000009
9 495402799
9 611091133
9 668672049
9 238251279
9 778326093
9 100009
9 487835239
9 508264009
9 100009
9 100009
9 100009
9 296598239
9 100009
9 300783879
9 100009
9 844068409
9 947385480
9 988647843
9 100009
9 318805549
9 100009
9 284100892
9 811399350
9 198612700
9 646014279
9 100000009
9 998453018
9 100009
9 100009
9 373586789
9 357332569
9 843220149
9 100009
9 263729206
9 100009
9 100009
9 100000009
9 715163059
9 100009
9 10009
9 139526658
9 269963010
9 848507319
9 334221998
9 100009
9 501104749
9 935329933
9 10009
9 904542079
9 711325419
9 100009
9 390240464
9 100000009
9 393110383
9 100000009
9 310760739
9 518187219
9 100009
9 606674190
9 100000009
9 100009
9 100009
9 641564395
9 100009
9 540139255
9 100009
9 814988067
9 10009
9 615055649
9 100009
9 844850849
9 100009
9 475884569
9 100000009
9 870736689
9 100009
9 100000009
9 100009
9 100009
9 341923396
9 211308729
9 100009
9 100009
9 100000009
9 245615219
9 100009
9 627652959
9 100009
9 544878439
9 100009
9 100009
9 100009
9 100009
9 101484289
9 768638179
9 323418689
9 138222389
9 818806519
9 100009
9 100009
9 100009
9 100009
9 945649279
9 100000009
9 536378609
9 877823597
9 100009
9 642853973
9 886161049
9 724302978
9 609267882
9 100009
9 100000009
9 284065329
9 100009
9 947614231
9 100009
9 547538579
9 100009
9 943683258
9 100009
9 100000009
9 100009
9 100009
9 193862889
9 688596636
9 100009
9 100009
9 121492669
9 175439014
9 100009
9 100009
9 100000009
9 989423085
9 100009
9 944889393
9 222372719
9 304530469
9 851401489
9 731203189
9 716632739
9 100000009
9 109918385
9 606441789
9 672515796
9 981198095
9 254693120
9 401836219
9 118320799
9 100009
9 435200859
9 100009
9 100000009
9 100000009
9 10009
9 100009
9 698921969
9 919071145
9 100009
9 949464508
9 164836139
9 100009
9 100000009
9 100009
9 100009
9 1009
9 637659855
9 308129139
9 38526149
9 434278973
9 230938247
9 486508489
9 100009
9 100000009
9 100009
9 989366348
9 100009
9 128428239
9 695010300
9 421767669
9 719591465
9 100000009
9 100009
9 100009
9 337468029
9 222251839
9 684105689
9 753696060
9 100009
9 635889843
9 312676941
9 100000009
9 100009
9 161171519
9 532631719
9 100009
9 331898654
9 10009
9 100000009
9 555724529
9 834181609
9 937204752
9 620885859
9 129545170
9 951973795
9 100009
9 100000009
9 596529687
9 674068239
9 100009
9 823845319
9 173250389
9 100009
9 100009
9 752086960
9 609864004
9 218338389
9 508028619
9 570540519
9 625159440
9 199302171
9 631285719
9 151576951
9 592940645
9 100000009
9 631031529
9 172746599
9 142274229
9 429486235
9 131891741
9 100009
9 122618729
9 100009
9 433828859
9 100009
9 100000009
9 640317059
9 100000009
9 1000009
9 327351709
9 287996896
9 100009
9 100009
9 829749316
9 340213639
9 430395576
9 100009
9 100000009
9 100009
9 100009
9 877637749
9 100000009
9 100009
9 964096392
9 960695892
9 147945485
9 100000009
9 270855859
9 657940321
9 761913198
9 518133619
9 240630897
9 100009
9 609230485
9 665297925
9 100009
9 100009
9 862939376
9 10009
9 100000009
9 860628469
9 624199897
9 565614891
9 734563095
9 100009
9 377518489
9 982057656
9 154527769
9 100009
9 790398178
9 436986983
9 748181709
9 737293074
9 600719800
9 226436789
9 872977867
9 100000009
9 256269245
9 893295947
9 10009
9 606658908
9 545003009
9 179606380
9 432113409
9 100009
9 100000009
9 100009
9 414454129
9 100009
9 100009
9 100000009
9 927233776
9 331978790
9 438329230
9 100009
9 710340459
9 735725139
9 415043739
9 877789154
9 725018129
9 100009
9 723004659
9 100009
9 869169070
9 963701312
9 224026793
9 590755723
9 827991076
9 587303559
9 100009
9 100009
9 100009
9 231569066
9 999198419
9 513577959
9 100009
9 100009
9 100000009
9 156389970
9 100009
9 770586579
9 335350259
9 100009
9 430183789
9 10009
9 471220319
9 301509709
9 382727109
9 578184049
9 100000009
9 263895093
9 100009
9 100000009
9 100000009
9 273222089
9 100000009
9 100009
9 547222409
9 100009
9 976218574
9 424589147
9 669009359
9 311625469
9 100009
9 100009
9 100000009
9 10009
9 696793189
9 100009
9 579228477
9 891339617
9 608964952
9 275696582
9 590810590
9 100009
9 647454779
9 100009
9 712616429
9 533074912
9 100009
9 725260921
9 795751766
9 100009
9 733015819
9 563217509
9 420121249
9 100009
9 726734509
9 10009
9 161060879
9 100009
9 100000009
9 100000009
9 702022689
9 100009
9 158263889
9 100009
9 810476029
9 733631049
9 714410769
9 100009
9 100009
9 100009
9 532448769
9 918028956
9 814658089
9 100009
9 100009
9 795343225
9 100009
9 100009
9 100009
9 565764695
9 100009
9 100009
9 100009
9 520099543
9 300519307
9 1000009
9 749628051
9 569433005
9 100000009
9 628186739
9 968536464
9 597585596
9 612777449
9 334477219
9 941341039
9 889913470
9 156765059
9 621227449
9 981869986
9 733449880
9 100009
9 509001158
9 742746269
9 169257005
9 761194252
9 837963794
9 235981919
9 549118951
9 245366629
9 743301359
9 100009
9 107287629
9 778041739
9 226439472
9 100009
9 785440192
9 100009
9 188838709
9 100000009
9 744248719
9 100009
9 640832998
9 100009
9 100000009
9 488156997
9 100009
9 10009
9 404899195
9 171089164
9 582820039
9 935354219
9 663525539
9 895571134
9 352735529
9 100009
9 528273549
9 1000009
9 251401619
9 100009
9 966911619
9 1009
9 100000009
9 342766907
9 197722255
9 529042279
9 928399709
9 333590653
9 808530779
9 729148642
9 197972618
9 550558329
9 823468955
9 138043299
9 100009
9 129306294
9 10009
9 100009
9 100009
9 100009
9 485894397
9 100009
9 922617656
9 487147689
9 100000009
9 100009
9 820236509
9 399130549
9 100009
9 717801259
9 189964067
9 129167460
9 174997593
9 873115349
9 100009
9 100009
9 880096268
9 901995628
9 100000009
9 100009
9 10009
9 515216906
9 854707519
9 100009
9 589572899
9 835635509
9 482186819
9 418775219
9 787413669
9 811407709
9 10009
9 887935405
9 100009
9 100009
9 517255593
9 100009
9 919686943
9 925393825
9 460317039
9 100000009
9 100000009
9 682471729
9 243276729
9 540535869
9 683914359
9 569843532
9 100000009
9 438895002
9 302740794
9 10009
9 100009
9 149421279
9 779411080
9 299250246
9 121784419
9 334688369
9 421170819
9 100000009
9 696252625
9 885188619
9 100009
9 100009
9 418214539
9 715038739
9 100000009
9 100000009
9 100009
9 100000009
9 522247795
9 868590571
9 100000009
9 100009
9 348598407
9 100009
9 948395157
9 310074879
9 992582639
9 100009
9 100000009
9 297066054
9 100009
9 1000009
9 742047239
9 295933323
9 100000009
9 466324192
9 100009
9 513278649
9 893210452
9 100009
9 330790556
9 867657759
9 240462091
9 100000009
9 100000009
9 918130697
9 984973073
9 520649582
9 921704638
9 561180629
9 100009
9 100009
9 266548549
9 100000009
9 754767996
9 100009
9 1000009
9 100009
9 283899528
9 679737135
9 100000009
9 683682579
9 100000009
9 100009
9 606915625
9 100009
9 604383309
9 100000009
9 624360569
9 100009
9 100009
9 100000009
9 628697896
9 212537379
9 100009
9 393275456
9 728160079
9 100009
9 100009
9 100000009
9 265627429
9 741203389
9 100009
9 100009
9 381418549
9 1009
9 100009
9 100000009
9 362656296
9 420178964
9 601115669
9 100000009
9 100009
9 501194924
9 100009
9 681922977
9 100000009
9 867018339
9 100000009
9 876950253
9 100000009
9 756525329
9 879112650
9 100009
9 125623829
9 100009
9 809582718
9 469139751
9 370276569
9 784953428
9 100009
9 419878348
9 660214945
9 100009
9 970341717
9 107510495
9 100000009
9 458634469
9 100009
9 100000009
9 379814315
9 100009
9 10009
9 364619781
9 10009
9 975301506
9 10009
9 960672449
9 748192841
9 728299360
9 100009
9 134623659
9 339863575
9 100009
9 508526490
9 100000009
9 203925205
9 100009
9 722367809
9 11729382
9 100009
9 100009
9 224087759
9 100009
9 100009
9 921580288
9 100009
9 258038769
9 213030869
9 131754319
9 962649451
9 832018419
9 771809949
9 100009
9 100009
9 970209698
9 824124219
9 100009
9 173879707
9 100009
9 396397067
9 863165449
9 140119107
9 833764009
9 178070489
9 100000009
9 166566928
9 972491959
9 100009
9 100009
9 100009
9 568727859
9 134610419
9 171991410
9 972042074
9 796795590
9 999013905
9 10009
9 100009
9 100009
9 100009
9 100009
9 105151149
9 100000009
9 100009
9 742500993
9 100009
9 870765489
9 495423831
9 734613179
9 100000009
9 747279689
9 100009
9 121339848
9 957869866
9 831385950
9 100009
9 100000009
9 100000009
9 100009
9 100009
9 792611310
9 809780273
9 368714189
9 100009
9 100000009
9 783125029
9 869840425
9 594256984
9 100009
9 444319206
9 509734376
9 100009
9 819004003
9 561538139
9 892696828
9 100009
9 100000009
9 687413239
9 837587749
9 100009
9 838503970
9 941936971
9 100000009
9 840937503
9 10009
9 786349539
9 100009
9 436277489
9 100009
9 100009
9 100009
9 573348289
9 889866888
9 997122593
9 100009
9 780621649
9 100009
9 709065013
9 383743329
9 100009
9 100009
9 357005359
9 10000009
9 100000009
9 669738504
9 141726869
9 100009
9 202061469
9 10009
9 100000009
9 100009
9 999275373
9 348597562
9 590738450
9 100009
9 100009
9 100009
9 100000009
9 730492676
9 196177483
9 100009
9 100009
9 439617501
9 100009
9 960307231
9 160876119
9 100009
9 100009
9 851843819
9 10009
9 292319974
9 643504809
9 100009
9 100000009
9 100000009
9 379070515
9 100009
9 394553840
9 202780219
9 768335119
9 100000009
9 887181569
9 100009
9 100000009
9 100009
9 284503089
9 175284609
9 100000009
9 708309930
9 317993613
9 100009
9 100009
9 934674989
9 100000009
9 100009
9 150453059
9 655532297
9 100009
9 834218649
9 862676539
9 872190478
9 214980916
9 786514694
9 296137231
9 439289761
9 281535897
9 100000009
9 100000009
9 100009
9 100000009
9 277741009
9 100000009
9 100000009
9 100009
9 100009
9 100000009
9 584704319
9 284814039
9 271864759
9 877623129
9 495759304
9 303777909
9 100009
9 414168679
9 833237259
9 10009
9 599800277
9 920529874
9 796453177
9 100009
9 691797151
9 415965908
9 100009
9 100009
9 619896418
9 123684829
9 259956646
9 100009
9 100009
9 425777579
9 100009
9 762547639
9 100000009
9 100009
9 250767329
9 630757989
9 100009
9 100009
9 823659723
9 100009
9 577585509
9 997369514
9 100009
9 572381729
9 240313819
9 100009
9 810120319
9 208607439
9 489632367
9 100009
9 437055129
9 100000009
9 10009
9 100009
9 313814579
9 786071669
9 955949410
9 10009
9 100000009
9 471824659
9 100009
9 120065439
9 958524345
9 100000009
9 807616789
9 100000009
9 281117976
9 467081479
9 961980985
9 463470937
9 541320899
9 708518469
9 696618395
9 450501129
9 561087901
9 533036729
9 100000009
9 100009
9 100009
9 100000009
9 100009
9 678491417
9 884403349
9 100009
9 577608689
9 887017819
9 100000009
9 815762289
9 643432789
9 334781249
9 441104059
9 100009
9 100000009
9 443432459
9 210144619
9 352699162
9 100009
9 217017659
9 100009
9 425139817
9 100000009
9 965022086
9 100009
9 100009
9 685966190
9 894411756
9 646344597
9 600583789
9 100000009
9 100009
9 934179200
9 998162661
9 100000009
9 100009
9 100009
9 442913406
9 656148019
9 100009
9 100000009
9 324103595
9 511991142
9 100009
9 595675257
9 681664189
9 100000009
9 100000009
9 100000009
9 474937397
9 10009
9 412498798
9 769949561
9 10009
9 390808586
9 263763629
9 100009
9 100009
9 100009
9 100009
9 192401512
9 145617469
9 100000009
9 749103870
9 697935980
9 578620219
9 130845697
9 10009
9 464381009
9 216128196
9 10009
9 10009
9 100009
9 186313659
9 100009
9 390896297
9 974042637
9 10009
9 374520879
9 799224247
9 860570179
9 556646970
9 893310076
9 100000009
9 100009
9 805796193
9 922936373
9 100009
9 100000009
9 219941093
9 819063148
9 100009
9 100009
9 409707514
9 185105965
9 492707676
9 100009
9 100000009
9 100009
9 989405328
9 100009
9 653649288
9 378421929
9 10009
9 478093576
9 627032459
9 149578287
9 942417538
9 100009
9 310390884
9 100009
9 100009
9 783025209
9 233907043
9 100009
9 100000009
9 415361749
9 100000009
9 448825829
9 100009
9 100009
9 100337039
9 100000009
9 100009
9 236747519
9 414663659
9 874713179
9 773162389
9 100009
9 813927480
9 349033085
9 172938581
9 100009
9 172271959
9 782459711
9 632664359
9 155205419
9 262885396
9 602518289
9 389958857
9 338035159
9 203670915
9 902520485
9 643156569
9 765731189
9 100009
9 100009
9 484782439
9 748993909
9 100009
9 100009
9 100009
9 100000009
9 100009
9 10009
9 100009
9 919667170
9 100000009
9 706742039
9 100009
9 100000009
9 296201333
9 100009
9 100000009
9 140112739
9 100000009
9 470291542
9 100009
9 211931104
9 100000009
9 389409754
9 490130329
9 271942737
9 451915058
9 568379944
9 10009
9 707855797
9 100009
9 100000009
9 100000009
9 257626869
9 505584749
9 293729248
9 100009
9 538859830
9 223719163
9 629245801
9 523426569
9 600987267
9 408402449
9 314201349
9 100009
9 916333454
9 100009
9 100000009
9 100000009
9 100000009
9 812693191
9 267796314
9 100009
9 100009
9 100009
9 676688294
9 796670753
9 837672996
9 426233129
9 156202957
9 986827444
9 756389477
9 100009
9 991713396
9 809138923
9 514889573
9 727070109
9 150244079
9 493369942
9 725346639
9 100009
9 752494325
9 659812182
9 100009
9 360362389
9 713993149
9 100009
9 685352629
9 406550249
9 878118539
9 286367998
9 1009
9 100009
9 168415729
9 108155691
9 676948734
9 458373369
9 414682169
9 645741941
9 313048309
9 100009
9 351238439
9 825542938
9 100000009
9 464663089
9 916212706
9 254653289
9 452110489
9 402966212
9 10009
9 100009
9 100009
9 100009
9 263725179
9 100009
9 100009
9 100009
9 308418649
9 100009
9 421738937
9 10009
9 849537974
9 686293475
9 100000009
9 100009
9 956461350
9 100009
9 743487529
9 537034769
9 10009
9 100009
9 100009
9 100000009
9 812990421
9 10009
9 143908699
9 280742129
9 290280762
9 950558061
9 10009
9 100009
9 713443409
9 492568534
9 100009
9 905996041
9 470639125
9 100009
9 100009
9 100009
9 256035389
9 10009
9 940481480
9 902379250
9 100009
9 679938753
9 100009
9 755826894
9 100009
9 863603529
9 848546639
9 198361693
9 999507876
9 359464833
9 199416355
9 100009
9 100009
9 795951170
9 100000009
9 497222856
9 100009
9 100009
9 409661982
9 100000009
9 100009
9 100009
9 910170458
9 100000009
9 100009
9 100009
9 847521629
9 661357902
9 627360339
9 100009
9 827868779
9 920153229
9 100009
9 100009
9 379976865
9 100000009
9 373236889
9 394110165
9 100000009
9 100009
9 100009
9 100009
9 100009
9 10009
9 100009
9 100009
9 100009
9 913197381
9 496251966
9 10009
9 783320719
9 372120895
9 624746419
9 100009
9 873133689
9 362037549
9 630335639
9 100009
9 477997118
9 856250973
9 865384509
9 100009
9 100009
9 149705348
9 664618419
9 100009
9 204727539
9 100009
9 973098999
9 100009
9 100009
9 100009
9 100000009
9 133782991
9 100009
9 778360639
9 232447149
9 100009
9 10009
9 519863995
9 865764975
9 661526119
9 871181649
9 100009
9 100009
9 877227779
9 100009
9 100009
9 100009
9 100009
9 381634649
9 786293630
9 100009
9 884132229
9 861800429
9 100009
9 100009
9 237179247
9 348856269
9 896502438
9 100000009
9 100009
9 33541189
9 1000009
9 742981653
9 216441069
9 413481889
9 100009
9 634997640
9 193480090
9 100009
9 178676749
9 100009
9 100009
9 100009
9 100000009
9 100000009
9 398326771
9 100000009
9 520544889
9 100000009
9 652322179
9 720809108
9 848226059
9 795331095
9 100009
9 387080579
9 100009
9 754894625
9 100009
9 762203649
9 449017322
9 100009
9 842717891
9 100009
9 100009
9 936804564
9 100009
9 704898793
9 100000009
9 876464179
9 594778836
9 313492689
9 100009
9 173298282
9 904700165
9 100000009
9 586983157
9 100009
9 579572681
9 100009
9 249453758
9 997348252
9 844452329
9 100000009
9 995337733
9 998416706
9 343171529
9 736956207
9 469517481
9 100009
9 606862049
9 143446489
9 821165109
9 473206279
9 863534389
9 412580029
9 257438059
9 397073547
9 409596355
9 952685776
9 547194993
9 100009
9 100009
9 331103949
9 454609603
9 181349552
9 285280269
9 917881576
9 100009
9 910826815
9 100000009
9 466144079
9 521672789
9 610470329
9 415433961
9 757967160
9 898126168
9 359362760
9 274582819
9 966164568
9 173842938
9 769552974
9 408338519
9 100000009
9 145086974
9 300608229
9 100009
9 100009
9 745553379
9 403265494
9 824857689
9 202785719
9 100009
9 367314549
9 541456329
9 953124628
9 278550994
9 285569077
9 100009
9 100000009
9 100009
9 130967091
9 516169995
9 100009
9 520902778
9 100009
9 100009
9 157297600
9 353415895
9 305041193
9 100000009
9 100000009
9 981036140
9 858472029
9 675146709
9 866928424
9 880397311
9 100009
9 100009
9 883155749
9 763425139
9 100000009
9 339076824
9 332574239
9 100009
9 100009
9 100000009
9 100009
9 526584679
9 100009
9 505745924
9 430711669
9 100009
9 300684169
9 650903184
9 10009
9 255935670
9 100009
9 808015279
9 1000009
9 620426922
9 704571549
9 488353629
9 470427579
9 639149049
9 479624184
9 100009
9 295927472
9 422200189
9 490861478
9 708493368
9 100009
9 971299729
9 990841567
9 702501209
9 100009
9 947812251
9 100009
9 714830059
9 610957007
9 930733489
9 180821976
9 900799701
9 100009
9 100009
9 878311579
9 498550172
9 10009
9 100009
9 938016805
9 10009
9 101846879
9 726449262
9 100000009
9 100009
9 100000009
9 739163177
9 129629041
9 207188369
9 443178079
9 381165079
9 211636129
9 100009
9 430112459
9 564955824
9 100009
9 870081149
9 177913837
9 708632789
9 727427719
9 701449409
9 100009
9 100000009
9 100009
9 150509183
9 100009
9 100000009
9 100009
9 100000009
9 803550279
9 736795929
9 100000009
9 100009
9 100009
9 392180438
9 100009
9 416626189
9 790456094
9 914918625
9 351736829
9 100009
9 742655779
9 100000009
9 742024519
9 100000009
9 411396896
9 944891803
9 182930693
9 341565019
9 431575229
9 386657937
9 10009
9 100009
9 100009
9 569151797
9 100009
9 900421785
9 306271369
9 100009
9 100009
9 100000009
9 764027709
9 203843729
9 271051829
9 100009
9 870645549
9 267260229
9 100000009
9 477602329
9 503154329
9 100009
9 451348791
9 100009
9 615926713
9 979174869
9 744811469
9 262688449
9 204583296
9 516290419
9 100009
9 547641891
9 391990817
9 413410029
9 918523688
9 100009
9 723789376
9 922941570
9 369551661
9 100009
9 131879182
9 100009
9 100009
9 100000009
9 744425679
9 100009
9 100009
9 100009
9 954288115
9 701992005
9 433519702
9 100000009
9 358321951
9 100009
9 100000009
9 100009
9 21367089
9 859065743
9 249687303
9 988629742
9 699996672
9 392288800
9 100009
9 917379945
9 100009
9 811715079
9 689653226
9 100009
9 439800668
9 418738199
9 120652829
9 381210629
9 100009
9 962371310
9 682475119
9 392993795
9 836098975
9 100009
9 669477306
9 100000009
9 100009
9 717067449
9 100009
9 100009
9 100009
9 385839349
9 620775049
9 366466759
9 874415950
9 397395889
9 879233607
9 100009
9 100009
9 985566168
9 100000009
9 825114009
9 100000009
9 844164692
9 949668850
9 529604508
9 100009
9 544875339
9 100009
9 160784977
9 306190320
9 100000009
9 100009
9 953584478
9 100009
9 100009
9 100009
9 100009
9 288674749
9 100009
9 134611890
9 336388769
9 100000009
9 835156229
9 316548009
9 100009
9 100009
9 100009
9 1000009
9 100000009
9 100009
9 714324059
9 643234489
9 100009
9 413975860
9 436303289
9 100009
9 100009
9 383724559
9 344827609
9 305605869
9 100009
9 813978829
9 748788819
9 328713479
9 10009
9 10009
9 767043369
9 676038419
9 100000009
9 124784069
9 229640315
9 100009
9 635006309
9 494313257
9 581223019
9 498965663
9 100009
9 209463996
9 100009
9 483155169
9 100009
9 100000009
9 334075479
9 856892339
9 404450956
9 281878349
9 100000009
9 465175349
9 224908962
9 120097751
9 872500229
9 991245558
9 738251889
9 100009
9 919752553
9 100000009
9 100009
9 100009
9 729147943
9 489599352
9 843103498
9 169918084
9 281355339
9 100009
9 231264639
9 286605589
9 100000009
9 844574759
9 279996868
9 100009
9 175368809
9 554076409
9 100009
9 352092734
9 100000009
9 603714879
9 784632869
9 1009
9 100009
9 100000009
9 914760728
9 621830789
9 100009
9 100009
9 100009
9 433554319
9 100000009
9 850508009
9 618882779
9 323195901
9 1009
9 100000009
9 927267006
9 231483269
9 475545289
9 760387649
9 655962257
9 100009
9 100009
9 711446429
9 448491658
9 247143149
9 100009
9 343303009
9 100009
9 519540225
9 100009
9 100009
9 531294975
9 100000009
9 100009
9 100009
9 703517509
9 100009
9 100009
9 935053845
9 100009
9 664026049
9 506475559
9 540443069
9 642293532
9 346800959
9 800859434
9 100000009
9 177088739
9 208436369
9 977462115
9 776874198
9 903480400
9 100000009
9 490686979
9 100009
9 227741859
9 100009
9 654215079
9 295859786
9 100009
9 613925398
9 287733549
9 100000009
9 838084159
9 291049220
9 232023219
9 656840709
9 606534289
9 100000009
9 100000009
9 527314968
9 232444229
9 100000009
9 10009
9 100009
9 243575519
9 100009
9 647061929
9 1000009
9 100009
9 100009
9 724278739
9 223854569
9 881541409
9 895760723
9 100000009
9 100009
9 100000009
9 380866998
9 10009
9 1009
9 448415469
9 100009
9 100009
9 890313543
9 696057680
9 962877819
9 746835819
9 489006482
9 100000009
9 995652889
9 100009
9 100009
9 251116489
9 714780923
9 336564449
9 473737429
9 484228903
9 100009
9 100009
9 100009
9 445876179
9 100009
9 895880754
9 450165109
9 100009
9 100009
9 711681779
9 100009
9 100009
9 593943518
9 124943772
9 100000009
9 627575459
9 100009
9 100000009
9 638586963
9 233741279
9 864725659
9 412843719
9 100009
9 224386019
9 837830479
9 100009
9 100009
9 436882279
9 1009
9 675642589
9 366009358
9 419670933
9 963729617
9 100009
9 100009
9 100009
9 262495739
9 10009
9 100009
9 100000009
9 100009
9 100009
9 729431510
9 173365549
9 493202859
9 681513889
9 715592327
9 100000009
9 1000009
9 895158462
9 611359144
9 117139541
9 100009
9 100000009
9 100009
9 527569634
9 218707549
9 100009
9 422751294
9 100000009
9 688718579
9 100009
9 191263287
9 341316089
9 100009
9 100009
9 100009
9 888181719
9 281467494
9 100000009
9 841451689
9 100000009
9 651915415
9 309060306
9 10009
9 100000009
9 100009
9 153271159
9 160596155
9 100009
9 100009
9 765063699
9 349894646
9 391667501
9 100009
9 557871349
9 100000009
9 100009
9 956912283
9 100000009
9 100000009
9 100009
9 795051023
9 372611019
9 738254239
9 241830119
9 100009
9 957935929
9 774492581
9 319696110
9 805886289
9 554358095
9 100009
9 988565368
9 483433219
9 754274479
9 316990334
9 308768629
9 100009
9 598666693
9 100009
9 294069852
9 108325749
9 208091256
9 768356097
9 720716129
9 938963028
9 661584698
9 392643006
9 843658319
9 107133489
9 64842298
9 120167977
9 100009
9 141469062
9 100009
9 579810886
9 732246459
9 499254124
9 179236251
9 100009
9 100000009
9 100009
9 100000009
9 414631497
9 100009
9 100009
9 100000009
9 417936281
9 100009
9 10009
9 100009
9 177280619
9 809763606
9 100009
9 452473759
9 387367069
9 460184759
9 413991538
9 834541159
9 797178002
9 100009
9 100000009
9 804615229
9 100009
9 100009
9 280159462
9 100000009
9 202690560
9 913064816
9 100009
9 518110249
9 100000009
9 346991595
9 491501116
9 945574898
9 337527689
9 473785049
9 100009
9 865511769
9 100009
9 100000009
9 896990117
9 939940424
9 100009
9 377429065
9 404959816
9 100009
9 100009
9 465199566
9 247332809
9 323469618
9 140520019
9 100000009
9 121900463
9 100009
9 100009
9 138106598
9 100009
9 807674449
9 100009
9 219660456
9 337762129
9 100009
9 661725889
9 100000009
9 928167786
9 100009
9 100009
9 856809596
9 769689399
9 491492598
9 10009
9 396734364
9 100009
9 100009
9 768561359
9 295354079
9 285418159
9 772707379
9 100009
9 100000009
9 100009
9 823963676
9 10009
9 156364397
9 100000009
9 100000009
9 100009
9 457087029
9 100000009
9 374180649
9 209809514
9 809307648
9 292160494
9 100000009
9 367143139
9 100009
9 566134549
9 853561859
9 100009
9 935684693
9 367149228
9 351933097
9 10009
9 100009
9 885328094
9 100009
9 707334149
9 100009
9 100009
9 100009
9 916562849
9 100009
9 100009
9 119271176
9 874756169
9 100000009
9 100009
9 868833930
9 942945739
9 825844829
9 100009
9 737238349
9 764777659
9 100000009
9 100009
9 776224729
9 412895691
9 100009
9 596081060
9 161723429
9 36132109
9 10009
9 100000009
9 100009
9 220957615
9 100000009
9 100000009
9 100009
9 100009
9 100009
9 296310974
9 705002659
9 121962962
9 174195418
9 177487869
9 100009
9 716645769
9 100000009
9 100009
9 770783791
9 852900871
9 726916404
9 594375893
9 155500789
9 100009
9 945012170
9 100000009
9 100000009
9 10009
9 612325049
9 204507159
9 100009
9 100009
9 348897148
9 10009
9 803564009
9 100000009
9 100009
9 686873879
9 996129443
9 858967292
9 311305059
9 376382639
9 807245596
9 215311889
9 10009
9 100009
9 836881579
9 100000009
9 676659370
9 100009
9 100009
9 513107709
9 781423419
9 10000009
9 100009
9 296728308
9 100000009
9 100009
9 100000009
9 680933994
9 109000685
9 100000009
9 100009
9 100009
9 375406129
9 100009
9 100000009
9 174543659
9 100009
9 100000009
9 643546029
9 100000009
9 107855219
9 659226381
9 968771452
9 431152569
9 100000009
9 100000009
9 510684029
9 594688180
9 100009
9 902758317
9 534013962
9 100009
9 310934661
9 100009
9 699447781
9 100009
9 222715509
9 972000014
9 669413909
9 201603491
9 100009
9 405050749
9 827068309
9 670875369
9 705763649
9 725825949
9 100000009
9 623656709
9 952710866
9 100009
9 466545698
9 100009
9 10009
9 756944818
9 302574879
9 378761129
9 100000009
9 631439182
9 727641039
9 100009
9 339860928
9 386096533
9 153730791
9 100009
9 100009
9 100009
9 981776866
9 998134883
9 100009
9 487699844
9 873821509
9 921217510
9 922493746
9 836851749
9 781913225
9 10009
9 100009
9 100009
9 100000009
9 100000009
9 100009
9 100009
9 100009
9 100009
9 100000009
9 100009
9 323340809
9 655646911
9 268395698
9 324301469
9 152931292
9 319446616
9 100009
9 100009
9 100009
9 100000009
9 636174669
9 100009
9 152649020
9 891457196
9 866288479
9 100009
9 1000009
9 100009
9 100009
9 996304493
9 100009
9 100000009
9 100009
9 100009
9 100009
9 787598277
9 631135239
9 342874819
9 997364301
9 100009
9 495067624
9 727681639
9 197353180
9 100009
9 504412889
9 100009
9 364282839
9 840827609
9 180945174
9 898841558
9 100009
9 434186498
9 100000009
9 296318453
9 768762369
9 184468649
9 636748198
9 431236589
9 319637004
9 100000009
9 387838397
9 266083191
9 100009
9 100009
9 988262888
9 100000009
9 100000009
9 872259771
9 433112259
9 184500189
9 631526689
9 384135569
9 399987954
9 182330869
9 100009
9 100009
9 100009
9 360205986
9 100009
9 176808169
9 242750759
9 100009
9 100009
9 569317584
9 421019472
9 104250179
9 633340279
9 711667419
9 599704868
9 430758859
9 100009
9 623704859
9 100000009
9 363785879
9 104186479
9 205020659
9 100000009
9 100000009
9 484734449
9 937342828
9 333159115
9 981316742
9 520847595
9 938625538
9 100009
9 100009
9 100009
9 378463928
9 497553188
9 631394823
9 954244780
9 100000009
9 10009
9 732848988
9 784815629
9 908282070
9 866864379
9 943230793
9 100009
9 257488939
9 100009
9 100009
9 646225309
9 100009
9 189013190
9 751861629
9 248665629
9 100009
9 100000009
9 100009
9 100009
9 100009
9 142622259
9 100009
9 100009
9 683573298
9 362844069
9 100009
9 100000009
9 100009
9 761117439
9 703086109
9 683084479
9 635549486
9 181043609
9 819907661
9 100009
9 974434649
9 266305339
9 100009
9 803722849
9 174706879
9 544168789
9 100000009
9 100009
9 448903272
9 843507279
9 112013809
9 100009
9 157482509
9 10009
9 743415693
9 100009
9 100000009
9 111043769
9 100000009
9 804818539
9 100009
9 100000009
9 798380527
9 562428809
9 947528181
9 100009
9 719468308
9 281210689
9 373812949
9 321076139
9 541465941
9 554099304
9 100009
9 100000009
9 249171100
9 142157659
9 698480408
9 765593416
9 100009
9 416979003
9 841794973
9 724712889
9 100009
9 713046089
9 226385639
9 100009
9 100009
9 100009
9 100009
9 100000009
9 463760639
9 444775955
9 555443849
9 10009
9 529208169
9 621490051
9 302639647
9 520772279
9 501087279
9 539927188
9 100009
9 100009
9 227124359
9 100000009
9 100009
9 246215449
9 315553809
9 100000009
9 313884339
9 100009
9 100009
9 100009
9 556204279
9 100009
9 411609456
9 357006409
9 987942105
9 10009
9 100009
9 100009
9 468887639
9 662578109
9 467301139
9 725284059
9 100009
9 526922549
9 716094621
9 100009
9 802735479
9 100009
9 100000009
9 100009
9 100009
9 100009
9 100000009
9 244515935
9 100009
9 233496710
9 100009
9 404222689
9 100009
9 369869702
9 489596588
9 100009
9 611154819
9 995546445
9 663037009
9 27095911
9 100009
9 649176942
9 100009
9 491567610
9 143698973
9 136227509
9 100009
9 374757319
9 444128249
9 100000009
9 100009
9 668502709
9 100009
9 100000009
9 100009
9 305343079
9 100009
9 100000009
9 695858621
9 725469654
9 100000009
9 743266689
9 100000009
9 282309468
9 100000009
9 528100319
9 986273316
9 100009
9 100009
9 10009
9 100000009
9 62377449
9 878058639
9 100009
9 100009
9 612123189
9 430187509
9 354005199
9 100009
9 466278839
9 100009
9 753726193
9 100009
9 109415921
9 433528879
9 485167689
9 100000009
9 566291274
9 701537689
9 481286269
9 100009
9 1000009
9 122364987
9 896365745
9 1009
9 797527153
9 969410030
9 207344559
9 100009
9 100009
9 598695649
9 322938875
9 802824609
9 100009
9 120745709
9 447787129
9 100009
9 576037579
9 100009
9 882779871
9 665642609
9 402265579
9 100009
9 868552019
9 647435569
9 100009
9 489494870
9 100000009
9 100000009
9 100009
9 532883594
9 100000009
9 489461001
9 618757169
9 289461943
9 115738779
9 275747089
9 100009
9 669779736
9 878696126
9 454029854
9 523371649
9 411000559
9 100009
9 410311439
9 100000009
9 752351389
9 949399681
9 100009
9 441075049
9 100009
9 100009
9 677871719
9 100009
9 100000009
9 134772479
9 772965722
9 774628029
9 186931943
9 100009
9 100009
9 365939935
9 543744609
9 555345009
9 497085279
9 100000009
9 382937330
9 636832069
9 771033229
9 100009
9 799899290
9 925170906
9 438334904
9 742749601
9 718933318
9 999165540
9 417801369
9 177287489
9 1000009
9 670420639
9 370143819
9 10009
9 100009
9 10009
9 751199318
9 459698665
9 100009
9 459931938
9 896824005
9 100009
9 100009
9 217213719
9 100009
9 691823458
9 100000009
9 100000009
9 100009
9 307479506
9 921180611
9 505154859
9 282546769
9 100009
9 651409526
9 199471127
9 380345279
9 432382859
9 165687579
9 692280965
9 925280649
9 100000009
9 463986939
9 100000009
9 557107669
9 872015926
9 266878239
9 100009
9 10009
9 375186679
9 43390391
9 308357629
9 124698346
9 100009
9 100009
9 245911320
9 139927929
9 994413860
9 320540319
9 100000009
9 53336239
9 480188189
9 531888972
9 990292004
9 100009
9 210727994
9 100009
9 100009
9 816238009
9 161891505
9 100000009
9 100009
9 778943282
9 775940201
9 100009
9 100009
9 100009
9 100009
9 243682609
9 100000009
9 250514739
9 187168679
9 100009
9 789016427
9 573573139
9 910102120
9 100000009
9 541463389
9 100009
9 777533693
9 399065174
9 545046916
9 910119050
9 752025079
9 226648969
9 594789315
9 100000009
9 605424694
9 830406859
9 100009
9 849094095
9 330576219
9 100000009
9 100000009
9 843774129
9 100000009
9 444681409
9 840416079
9 10009
9 532868889
9 554809598
9 100009
9 100000009
9 368264971
9 418651349
9 719793987
9 379388143
9 856836489
9 959955680
9 414443009
9 100009
9 406889588
9 100009
9 210373925
9 991728371
9 132810549
9 608263609
9 487037419
9 559518326
9 100000009
9 100009
9 100000009
9 424380259
9 100009
9 388810369
9 100009
9 117078393
9 635372129
9 584504279
9 149272600
9 100009
9 639327198
9 722137679
9 100009
9 100000009
9 987159662
9 10009
9 168254829
9 851647259
9 100009
9 851254049
9 934496613
9 100009
9 100000009
9 100009
9 320100889
9 242960902
9 151620669
9 112154339
9 718926873
9 253930324
9 478809952
9 947212646
9 100009
9 100009
9 334774459
9 100000009
9 804130249
9 628362719
9 796876532
9 100009
9 100009
9 100009
9 683646779
9 100009
9 100009
9 100009
9 100009
9 687177129
9 100000009
9 100009
9 710024594
9 867707519
9 100000009
9 401824389
9 1000009
9 314616479
9 352862390
9 292959488
9 100000009
9 100009
9 100009
9 101013789
9 100009
9 100009
9 995177941
9 100009
9 170341869
9 177894057
9 621916421
9 100009
9 100009
9 762467989
9 934112878
9 100009
9 878369773
9 254788981
9 173765209
9 417740549
9 59826308
9 100009
9 303007879
9 100009
9 100009
9 561853229
9 100009
9 435463349
9 100000009
9 146693462
9 100000009
9 879169312
9 100009
9 100009
9 551075809
9 100009
9 100009
9 365430409
9 106067619
9 100009
9 100009
9 100009
9 100009
9 100009
9 100009
9 781362309
9 100009
9 941666783
9 980786327
9 990335569
9 100009
9 767881789
9 895707833
9 746957453
9 492193891
9 100009
9 105716169
9 733614791
9 350879652
9 100009
9 845891762
9 100009
9 423422419
9 170276292
9 490082358
9 100000009
9 100009
9 100000009
9 837346619
9 100000009
9 128175779
9 100009
9 100009
9 100009
9 369849230
9 926961434
9 429035035
9 100009
9 740023619
9 913601333
9 697100904
9 100000009
9 373482591
9 1000009
9 866159268
9 610464889
9 100009
9 630191618
9 100009
9 972795276
9 100009
9 573792294
9 959883836
9 654426269
9 100000009
9 100000009
9 249517688
9 275880039
9 100009
9 202584369
9 100009
9 249802033
9 990303015
9 743858609
9 793055240
9 100000009
9 100009
9 571130149
9 740546479
9 369770209
9 100000009
9 100009
9 186987235
9 132690342
9 816917583
9 197543547
9 231679509
9 769204499
9 528262109
9 760985331
9 100009
9 100000009
9 1009
9 841492323
9 100000009
9 785889839
9 100000009
9 603616189
9 100000009
9 100009
9 889505003
9 100000009
9 176869050
9 100009
9 100000009
9 182320009
9 958893619
9 100000009
9 176163529
9 100009
9 310084379
9 100009
9 425625079
9 537624569
9 543490498
9 100000009
9 100009
9 179123770
9 747606219
9 462819428
9 189957932
9 100009
9 1000009
9 862467249
9 486804219
9 100000009
9 985689944
9 100000009
9 100009
9 571824529
9 859856183
9 10009
9 100009
9 123333339
9 163493840
9 773719786
9 978203448
9 476619672
9 100000009
9 988646822
9 442227589
9 10009
9 871755409
9 118993422
9 10009
9 515828029
9 246586595
9 673071169
9 100000009
9 447777597
9 676588709
9 215475089
9 100000009
9 100009
9 100009
9 430397057
9 268613149
9 422783957
9 214897550
9 599578665
9 819209430
9 553292946
9 768431449
9 538719448
9 350751394
9 100009
9 100009
9 861509971
9 772721519
9 159456590
9 100009
9 100009
9 236590463
9 924831853
9 501648689
9 10009
9 100009
9 100009
9 100009
9 100009
9 793750020
9 241695428
9 527755889
9 301988952
9 10009
9 100009
9 156441469
9 546630009
9 621082819
9 823739426
9 118378914
9 20030659
9 633750249
9 100000009
9 100000009
9 573977253
9 100000009
9 142559616
9 100000009
9 100000009
9 10009
9 100009
9 100000009
9 781285954
9 745812579
9 889463581
9 140840359
9 494881163
9 236806559
9 100009
9 578366719
9 384305069
9 425849308
9 800459175
9 100009
9 343995898
9 100009
9 478008189
9 901616111
9 100000009
9 100009
9 765212696
9 667197147
9 100009
9 100000009
9 922323216
9 600530859
9 100009
9 100009
9 220721309
9 422619038
9 100009
9 100009
9 100009
9 100009
9 100009
9 100009
9 132818960
9 238348329
9 679458589
9 245318709
9 808117169
9 304457719
9 576034759
9 100009
9 100000009
9 363186957
9 100009
9 100000009
9 702397793
9 339759364
9 991704495
9 391867939
9 524435009
9 546420339
9 100000009
9 151101669
9 100009
9 673674193
9 283514009
9 100000009
9 669376415
9 596712590
9 383466139
9 428461597
9 100009
9 514653449
9 1000009
9 1000009
9 100009
9 100009
9 100000009
9 10009
9 458912203
9 100009
9 493084997
9 100000009
9 597746658
9 344445029
9 537995201
9 490037176
9 100009
9 100000009
9 100009
9 100009
9 450125917
9 100009
9 1000009
9 740878249
9 100000009
9 100009
9 632001869
9 338947227
9 328252479
9 100009
9 459012181
9 105595538
9 100009
9 100009
9 100009
9 100009
9 590305026
9 526804379
9 649769406
9 679676484
9 100009
9 204541990
9 907424850
9 962628305
9 100009
9 100009
9 578461439
9 932717567
9 822927323
9 100009
9 388559181
9 111669486
9 100000009
9 100009
9 403902709
9 10009
9 266496245
9 10009
9 11908562
9 665849730
9 100009
9 10009
9 574974091
9 100009
9 818328829
9 932567334
9 100009
9 100000009
9 100009
9 513708379
9 100009
9 802161859
9 100009
9 100009
9 100009
9 526404459
9 827099472
9 847138809
9 482085759
9 100000009
9 259438334
9 100009
9 100009
9 463907777
9 100009
9 720288964
9 100009
9 937198498
9 834536009
9 216789334
9 100009
9 100009
9 100000009
9 199591856
9 194993400
9 100009
9 680700019
9 171012795
9 511942252
9 100000009
9 100009
9 931345809
9 640409982
9 757932855
9 772015609
9 427063029
9 563413619
9 100009
9 725982513
9 100009
9 100009
9 370471619
9 698330031
9 610333839
9 362364459
9 100009
9 814758097
9 100000009
9 643580729
9 100009
9 10009
9 312201956
9 712250769
9 463551109
9 334026209
9 100009
9 100000009
9 215320049
9 179548824
9 100000009
9 100009
9 100009
9 100009
9 100000009
9 613971110
9 661286369
9 534087191
9 586947873
9 477476389
9 100009
9 233104489
9 835731769
9 100009
9 437227669
9 123259550
9 100009
9 100009
9 100009
9 213077419
9 288557019
9 737015591
9 100000009
9 652026109
9 846170549
9 484331349
9 100009
9 100009
9 14024539
9 10009
9 100009
9 100009
9 444589499
9 100009
9 574212489
9 100009
9 147422639
9 735242193
9 449964185
9 100000009
9 100009
9 813719138
9 590607553
9 974153834
9 100009
9 100000009
9 825728194
9 822242589
9 100009
9 492979626
9 485925610
9 100000009
9 100009
9 282308409
9 758215290
9 100009
9 100009
9 725813497
9 100009
9 922899324
9 175747829
9 647888209
9 100009
9 100009
9 297750386
9 993179352
9 788314259
9 606888029
9 10009
9 725730916
9 589114528
9 404845819
9 100009
9 505735159
9 112538879
9 100009
9 137061689
9 217624039
9 100000009
9 573576889
9 100000009
9 100000009
9 10009
9 100009
9 100000009
9 472949242
9 297538289
9 995935543
9 321466139
9 338987381
9 10009
9 446492889
9 808597333
9 100009
9 608658569
9 100009
9 100009
9 124733069
9 906665647
9 717769532
9 606543239
9 623615689
9 100009
9 100000009
9 103272869
9 908270719
9 10009
9 100009
9 100009
9 501969318
9 351728509
9 10009
9 850760897
9 471619472
9 102724945
9 100000009
9 100009
9 100009
9 100009
9 100009
9 664598271
9 830016129
9 104278069
9 227796346
9 100009
9 955812119
9 195929446
9 100000009
9 100009
9 100000009
9 100000009
9 208000129
9 907974755
9 100000009
9 294620919
9 998417681
9 883656389
9 732738569
9 298289061
9 631293605
9 100000009
9 924465874
9 424229828
9 100000009
9 784041009
9 100009
9 864453209
9 100000009
9 100000009
9 100009
9 100009
9 100009
9 936180972
9 801153659
9 100009
9 100009
9 100009
9 524824319
9 108725169
9 316789312
9 100009
9 697602370
9 100009
9 100009
9 179473219
9 991160952
9 424747879
9 996863207
9 100009
9 100000009
9 100000009
9 898283920
9 247337809
9 146220394
9 364226569
9 100009
9 300228924
9 100009
9 691069305
9 10009
9 478302978
9 742214392
9 298227560
9 168613529
9 820811295
9 189906364
9 100000009
9 662836339
9 10009
9 746523889
9 10009
9 264283129
9 557658789
9 256078109
9 288545909
9 527819797
9 144924639
9 100000009
9 100009
9 100000009
9 100009
9 525227179
9 750192106
9 100009
9 164253179
9 100009
9 681625964
9 100009
9 100000009
9 100009
9 808917435
9 256676769
9 158430797
9 307548779
9 677400129
9 100009
9 100009
9 141057059
9 434583419
9 227165249
9 155631409
9 10009
9 365536199
9 100000009
9 237070191
9 100009
9 924826299
9 643950858
9 146676197
9 100009
9 574555489
9 776895000
9 194728808
9 100009
9 100009
9 100000009
9 989194018
9 501243219
9 100009
9 100009
9 836111942
9 635847379
9 538212489
9 100009
9 967833873
9 10009
9 501155359
9 635461749
9 100009
9 887987276
9 100009
9 100009
9 659349470
9 624464779
9 429054022
9 100009
9 550015449
9 100009
9 100009
9 482136449
9 614470829
9 100009
9 515137239
9 100009
9 100009
9 618877294
9 100000009
9 100000009
9 100009
9 620564669
9 117963222
9 635066229
9 557896919
9 404535309
9 100009
9 277464679
9 690412662
9 955007895
9 586770009
9 776109864
9 100009
9 100009
9 759226150
9 474582519
9 100009
9 912553620
9 100009
9 767699387
9 988750695
9 639372979
9 966258746
9 500629290
9 529853274
9 105087469
9 10009
9 100009
9 100009
9 100009
9 606455639
9 710205719
9 234048119
9 876375749
9 903283513
9 756994610
9 100000009
9 100009
9 376801092
9 727443519
9 528776993
9 100000009
9 100009
9 490596957
9 893875450
9 100009
9 655832079
9 892842894
9 100000009
9 244608923
9 100009
9 100000009
9 100000009
9 204452809
9 100009
9 100000009
9 100009
9 443668719
9 100000009
9 846591122
9 744868229
9 993324317
9 100009
9 100009
9 222310189
9 100000009
9 310298688
9 416732679
9 812773469
9 10009
9 10009
9 100009
9 822885639
9 10009
9 100000009
9 876075529
9 500234319
9 100009
9 100000009
9 431811029
9 991384149
9 167519305
9 838035489
9 183527970
9 100009
9 725195377
9 100000009
9 10009
9 498615561
9 781733179
9 800619689
9 100000009
9 924759906
9 688801976
9 100000009
9 200857889
9 100009
9 987138968
9 100009
9 448148809
9 100009
9 368939410
9 415518594
9 404270679
9 209511608
9 100009
9 100009
9 10009
9 972621799
9 320027739
9 294783450
9 529694142
9 100009
9 100009
9 100000009
9 100009
9 100009
9 100000009
9 100009
9 833264697
9 505252349
9 100000009
9 100009
9 394835420
9 100009
9 100009
9 940756426
9 213679662
9 100009
9 573608649
9 595877528
9 485497668
9 255640692
9 600431943
9 100009
9 424309230
9 100000009
9 100009
9 789116980
9 888877902
9 275435709
9 359995448
9 629169732
9 100009
9 984093403
9 100009
9 767804809
9 886427109
9 475106396
9 732935214
9 10009
9 739569707
9 330677509
9 100009
9 100009
9 100009
9 100009
9 504548239
9 521972340
9 783880209
9 494011549
9 427164991
9 488266349
9 1000009
9 255113139
9 476798133
9 194806138
9 10009
9 858470429
9 711679037
9 408318319
9 100000009
9 774096032
9 100009
9 100000009
9 779591480
9 100009
9 10009
9 831191223
9 483898718
9 274092300
9 449088807
9 219835296
9 100009
9 100000009
9 100009
9 492237025
9 100000009
9 153518409
9 100009
9 100009
9 594360264
9 570080109
9 100000009
9 273834395
9 116059512
9 412907373
9 100009
9 199748215
9 100009
9 100009
9 335975358
9 100009
9 109916567
9 897541878
9 595957852
9 100009
9 714331159
9 321522489
9 855034169
9 100000009
9 100009
9 100000009
9 924358541
9 1000009
9 574980421
9 100009
9 282292909
9 129165117
9 100009
9 100000009
9 691185047
9 100009
9 967901625
9 100000009
9 701179127
9 720760893
9 900453609
9 100009
9 888043692
9 100009
9 431520769
9 247916317
9 638523409
9 100000009
9 100000009
9 748933684
9 100000009
9 247213429
9 870259657
9 100009
9 100009
9 100000009
9 100000009
9 891369509
9 999200112
9 100009
9 100000009
9 243949814
9 622430509
9 100009
9 100000009
9 858813479
9 10009
9 919263644
9 100009
9 379066932
9 724481958
9 100009
9 774152629
9 100009
9 392024125
9 821338709
9 339906802
9 914721460
9 200776769
9 100009
9 100000009
9 100000009
9 324455889
9 104346419
9 165314918
9 100009
9 923425645
9 100000009
9 173421098
9 745471009
9 100009
9 651555319
9 100000009
9 319350720
9 996800756
9 354765959
9 646513159
9 100009
9 683837059
9 100009
9 100009
9 906368014
9 548427619
9 617914969
9 100009
9 659781027
9 685822198
9 100000009
9 328022049
9 100009
9 262116959
9 100009
9 100009
9 100009
9 10009
9 299003437
9 911013737
9 327607739
9 128346429
9 100009
9 671424639
9 100009
9 100000009
9 198350818
9 100783049
9 547104695
9 160597645
9 735745729
9 988331756
9 582988994
9 100000009
9 201533309
9 898083212
9 929651325
9 710238379
9 100009
9 446222429
9 898022383
9 100000009
9 38670179
9 769361306
9 100000009
9 100009
9 100009
9 865527079
9 472282759
9 100009
9 861817159
9 100000009
9 784344889
9 349651022
9 100009
9 331824964
9 451725029
9 609573456
9 100009
9 482949685
9 188565569
9 738186769
9 888249550
9 476086169
9 100009
9 100009
9 139234978
9 961716237
9 100009
9 100009
9 367910675
9 597485778
9 100009
9 447148959
9 100009
9 387238209
9 414801495
9 100009
9 446371089
9 100009
9 377394361
9 100009
9 357725109
9 100009
9 644063794
9 100009
9 995156773
9 100000009
9 100009
9 331993722
9 100009
9 165060948
9 801721629
9 100009
9 921831540
9 100009
9 100009
9 398252346
9 588275039
9 872697415
9 835689350
9 100009
9 100009
9 589635599
9 100009
9 394367168
9 532979108
9 261855289
9 100009
9 195321959
9 100000009
9 100009
9 100009
9 100000009
9 887840982
9 100000009
9 100000009
9 10009
9 387645914
9 200913513
9 114856769
9 131381913
9 100000009
9 834678019
9 842608759
9 100009
9 106712209
9 100009
9 904877711
9 100000009
9 145430392
9 100000009
9 100009
9 322495333
9 100000009
9 712259599
9 786639151
9 100009
9 100009
9 519325820
9 424516179
9 570966025
9 565821069
9 100009
9 326854349
9 929366645
9 100009
9 100000009
9 789073007
9 837207559
9 24492409
9 100000009
9 567345419
9 630533958
9 914431595
9 996834050
9 775216379
9 100009
9 100000009
9 458139979
9 484969695
9 100009
9 272164459
9 603802139
9 589232605
9 375594450
9 100009
9 345930986
9 596233976
9 100000009
9 386528569
9 957694319
9 233684769
9 100009
9 366914764
9 790914947
9 931496531
9 100000009
9 100009
9 100009
9 450966862
9 740479222
9 100009
9 256799521
9 365933374
9 920123575
9 250499290
9 183450629
9 647207119
9 100000009
9 785668889
9 100000009
9 100009
9 100000009
9 100009
9 100000009
9 811204119
9 100009
9 129826761
9 100009
9 401898973
9 100009
9 100009
9 323044439
9 100009
9 779811397
9 950579835
9 793980483
9 746044519
9 497252020
9 100009
9 100009
9 492579829
9 100009
9 419547917
9 100009
9 606428689
9 308159483
9 100000009
9 512023159
9 569879814
9 100009
9 100009
9 448918050
9 100009
9 100009
9 941546052
9 836123391
9 100009
9 100000009
9 100009
9 100000009
9 100009
9 400728729
9 790940032
9 459800293
9 100009
9 100009
9 311242968
9 483069121
9 100009
9 100009
9 100000009
9 100009
9 100000009
9 806258679
9 100009
9 989136019
9 546716389
9 100000009
9 868918612
9 342769347
9 389458941
9 807909288
9 100009
9 883215594
9 551860649
9 100009
9 100009
9 124236779
9 659560843
9 637569214
9 100009
9 344845908
9 100000009
9 831084279
9 685788579
9 100009
9 595731664
9 10009
9 100009
9 267791200
9 1009
9 885846239
9 537402579
9 367413549
9 100000009
9 781071749
9 693106806
9 100000009
9 100009
9 158376269
9 407443039
9 259548796
9 544496651
9 829007597
9 155157094
9 100000009
9 674655194
9 470343229
9 909696938
9 100009
9 100000009
9 197045982
9 100009
9 441628791
9 100009
9 1009
9 100009
9 100009
9 398104247
9 100000009
9 773944560
9 714902547
9 100009
9 100009
9 425171119
9 140401439
9 100009
9 364956388
9 100009
9 896852532
9 994050028
9 286890300
9 100009
9 100000009
9 311690253
9 329223754
9 100009
9 386647769
9 100009
9 438369466
9 877228869
9 995757573
9 663186559
9 10009
9 1000009
9 179580078
9 844496272
9 719700179
9 100000009
9 100009
9 971734920
9 100009
9 695151924
9 100009
9 825541459
9 788983050
9 633019437
9 251106396
9 998472091
9 309839523
9 831894076
9 659187720
9 100009
9 491349685
9 100009
9 219401838
9 282876259
9 258452697
9 570173289
9 666030779
9 100000009
9 499246999
9 197826817
9 100009
9 577176579
9 117362129
9 733379095
9 200803129
9 10009
9 653094663
9 944747852
9 100009
9 100009
9 802709012
9 100009
9 100009
9 983826584
9 478916180
9 688157390
9 100009
9 934298355
9 954704667
9 100009
9 10009
9 946690920
9 718948015
9 100009
9 808776789
9 1000009
9 279677022
9 843371489
9 103901526
9 825203990
9 100009
9 244830849
9 503082119
9 100009
9 779504379
9 27862339
9 645412439
9 239082258
9 100000009
9 855403179
9 694436058
9 100009
9 594718491
9 537520169
9 100009
9 100009
9 100009
9 100009
9 100009
9 100009
9 165362089
9 362561921
9 875421589
9 10009
9 100009
9 582974275
9 100009
9 100000009
9 580899211
9 939403620
9 609468404
9 100000009
9 879645110
9 377615589
9 100009
9 100009
9 100009
9 531613990
9 110538439
9 100000009
9 100009
9 100000009
9 381840955
9 319487875
9 963201419
9 850964220
9 249476769
9 741702349
9 100009
9 1000009
9 100000009
9 100009
9 305664549
9 622051439
9 479422641
9 201104916
9 100009
9 984743571
9 100009
9 514627961
9 241461429
9 100009
9 100009
9 242708879
9 100009
9 414251259
9 100009
9 165686490
9 100000009
9 581956825
9 100009
9 100009
9 409992902
9 433613349
9 100000009
9 853553759
9 100000009
9 100000009
9 100009
9 886143639
9 767553095
9 100009
9 161859815
9 100009
9 209879056
9 660081469
9 874738379
9 100009
9 100000009
9 909188824
9 581106069
9 100000009
9 100009
9 642512549
9 419582271
9 421280719
9 884229747
9 941909622
9 100000009
9 100000009
9 723484889
9 780659193
9 100009
9 215810689
9 100009
9 625966648
9 521786097
9 100000009
9 712626797
9 400763469
9 100009
9 10009
9 398050154
9 741655279
9 100009
9 100009
9 100009
9 531350898
9 100009
9 628304859
9 825195605
9 596848610
9 158603936
9 100009
9 377291814
9 186215159
9 941180443
9 554263039
9 100009
9 100009
9 100009
9 100009
9 100009
9 887142915
9 107410079
9 398792704
9 836660689
9 142315769
9 911961667
9 241234739
9 100000009
9 100000009
9 850020950
9 100000009
9 603720309
9 563687589
9 419129292
9 100009
9 725969875
9 437780809
9 664176090
9 455726519
9 100000009
9 328070429
9 100009
9 183223259
9 153580719
9 654470569
9 100009
9 100009
9 100009
9 100009
9 658438590
9 100009
9 100009
9 789247423
9 100000009
9 180815196
9 231904235
9 136117489
9 441161329
9 718524905
9 487883509
9 100009
9 453136369
9 346117219
9 662744229
9 900001523
9 100009
9 976164761
9 100009
9 100009
9 883441592
9 817286519
9 100000009
9 100009
9 100000009
9 557840029
9 100009
9 133062590
9 600094163
9 807702689
9 724781749
9 813244559
9 100000009
9 681731269
9 308977156
9 122231469
9 850779759
9 100009
9 306434539
9 100009
9 100009
9 844101892
9 100009
9 870677479
9 100000009
9 236956835
9 354415889
9 100009
9 197328256
9 225062399
9 875133109
9 100009
9 753271905
9 100009
9 284227119
9 193789265
9 862003889
9 100009
9 414969169
9 605295310
9 100009
9 336725289
9 100009
9 310392834
9 766154859
9 698819396
9 106945044
9 226876179
9 100009
9 744867934
9 100009
9 867498865
9 100009
9 249004798
9 100009
9 100009
9 226618839
9 209747294
9 655902290
9 716883669
9 100009
9 357362559
9 862524849
9 332161219
9 159975440
9 100000009
9 100009
9 100009
9 831190926
9 550575980
9 524296936
9 100009
9 100009
9 100009
9 331448519
9 100009
9 802615169
9 100009
9 711919898
9 402214629
9 349538869
9 497978676
9 370430259
9 100009
9 100009
9 100009
9 998205715
9 100009
9 10009
9 566102984
9 43226691
9 328580119
9 179134918
9 492241969
9 100009
9 100009
9 298411170
9 100009
9 100009
9 100009
9 100000009
9 100000009
9 647170019
9 562025259
9 901872649
9 951934610
9 617009152
9 788609540
9 136146129
9 517752239
9 357693255
9 914542657
9 548932248
9 100009
9 100009
9 723467639
9 146368329
9 104016569
9 100000009
9 100009
9 747289072
9 100009
9 100000009
9 100000009
9 208542987
9 100009
9 611165469
9 100009
9 100009
9 100009
9 150942236
9 651213889
9 760954016
9 100009
9 100009
9 100000009
9 100009
9 679965660
9 216988663
9 828154239
9 339186968
9 100009
9 100009
9 995307812
9 231591488
9 895233677
9 590410625
9 100000009
9 864753069
9 100000009
9 955574946
9 100009
9 100009
9 100009
9 100009
9 204073269
9 778998980
9 100009
9 100009
9 1000009
9 115133091
9 380378329
9 100009
9 10009
9 100009
9 855479307
9 779995190
9 992711975
9 372369737
9 957391959
9 100000009
9 100000009
9 980384860
9 100000009
9 100000009
9 100000009
9 740324319
9 323755469
9 190793132
9 100009
9 135146059
9 100009
9 837584159
9 624642759
9 526917382
9 100009
9 100009
9 100009
9 361863297
9 100009
9 317520589
9 267826559
9 538990876
9 577591653
9 100009
9 607285489
9 100009
9 994485170
9 922814768
9 100009
9 999499908
9 100009
9 661128749
9 790516071
9 100009
9 193922676
9 100009
9 100000009
9 793886150
9 748026119
9 506436479
9 100009
9 178255094
9 454137249
9 244713189
9 100009
9 790883121
9 100000009
9 900389153
9 241053229
9 971037126
9 100009
9 850463619
9 190728911
9 865185159
9 139052491
9 857260679
9 291118188
9 451802649
9 100000009
9 100009
9 100009
9 469200077
9 893858477
9 914867843
9 100000009
9 387920994
9 377320569
9 222960033
9 100009
9 100000009
9 100009
9 329300394
9 684264619
9 435024209
9 899436150
9 770579383
9 100009
9 546249380
9 100000009
9 686194729
9 554285948
9 100009
9 871703879
9 658808489
9 100000009
9 100000009
9 903465464
9 100009
9 100000009
9 100000009
9 100000009
9 100000009
9 100009
9 100000009
9 100000009
9 100000009
9 435580379
9 447884339
9 10009
9 10009
9 973190146
9 687311597
9 271682619
9 10009
9 100009
9 858543819
9 363845289
9 974275329
9 954103321
9 100009
9 248202649
9 235900583
9 100009
9 100000009
9 804099865
9 100009
9 100000009
9 970617848
9 799464828
9 100009
9 100000009
9 507551739
9 100009
9 100009
9 514924347
9 100000009
9 100009
9 836426439
9 887264479
9 153908512
9 729767624
9 929807647
9 100009
9 100009
9 100000009
9 491072021
9 685486129
9 386104209
9 100009
9 752243859
9 125954728
9 100009
9 184616789
9 313612539
9 114165988
9 100009
9 100009
9 366589056
9 792382741
9 10009
9 823731019
9 100009
9 914653445
9 100009
9 523302159
9 100000009
9 210908434
9 361543189
9 351609345
9 411231279
9 100009
9 409150189
9 100009
9 1000009
9 331464129
9 100009
9 218942152
9 205513849
9 100009
9 100009
9 100000009
9 100009
9 270075924
9 100009
9 100000009
9 100000009
9 143866569
9 100009
9 100009
9 100000009
9 100009
9 573555679
9 167464619
9 103378549
9 173777919
9 100009
9 100009
9 10009
9 100009
9 898507543
9 915937683
9 100009
9 958765026
9 10009
9 149296686
9 504501279
9 812360669
9 524432691
9 10009
9 100009
9 572371609
9 305754029
9 628698515
9 418813941
9 298407146
9 971115715
9 845645569
9 945225435
9 991418535
9 229343616
9 603512937
9 591767073
9 538439769
9 100009
9 100009
9 100000009
9 100009
9 100009
9 100009
9 100009
9 100000009
9 100000009
9 100009
9 100009
9 793678164
9 100009
9 10009
9 100000009
9 100009
9 182285129
9 10009
9 407017539
9 760687490
9 596373627
9 100000009
9 399852135
9 415266279
9 100009
9 856643839
9 729162407
9 125622669
9 570483339
9 110846349
9 100009
9 100009
9 100000009
9 100009
9 100000009
9 100009
9 100009
9 596648134
9 161758779
9 241700099
9 540206789
9 100009
9 1009
9 828126689
9 292678190
9 100009
9 819291679
9 100009
9 100000009
9 235124329
9 841741549
9 100000009
9 100009
9 100009
9 491130301
9 199946345
9 10009
9 767824329
9 370349844
9 152899474
9 100009
9 100009
9 826623679
9 730593409
9 533429429
9 212945808
9 979904325
9 910803994
9 824720296
9 10009
9 100000009
9 100009
9 100009
9 507668439
9 100009
9 748090822
9 528844119
9 891845662
9 504091015
9 100000009
9 437817429
9 43114479
9 242914728
9 100000009
9 100009
9 601398465
9 763658930
9 700549635
9 100009
9 221345902
9 977968526
9 100009
9 100000009
9 432204009
9 963889566
9 100009
9 527768869
9 877414089
9 839619836
9 371481049
9 731889955
9 100009
9 293995563
9 717848099
9 100009
9 100000009
9 686916025
9 100000009
9 925407991
9 100000009
9 262525649
9 160787709
9 630823329
9 100000009
9 822148059
9 989215806
9 295739429
9 238241259
9 854385369
9 370924967
9 377381339
9 630668479
9 547674469
9 828235039
9 648285039
9 495815017
9 784554395
9 142147829
9 381435149
9 367928984
9 100009
9 473077094
9 910394876
9 100000009
9 10009
9 100009
9 100009
9 377832439
9 884770069
9 906142852
9 100009
9 572761779
9 178377249
9 364146259
9 661248209
9 100000009
9 379876355
9 336070779
9 658806952
9 100009
9 100000009
9 100000009
9 972119747
9 784212449
9 699258510
9 944437398
9 508015489
9 716926713
9 100009
9 100009
9 899136559
9 100009
9 100000009
9 510162095
9 1000009
9 486537789
9 165022319
9 748959498
9 789664223
9 573905674
9 722965493
9 655443923
9 982350422
9 100009
9 100009
9 954435856
9 996191780
9 499802180
9 261065029
9 100000009
9 100009
9 147407339
9 639122436
9 582691241
9 122026914
9 100009
9 100009
9 100009
9 100000009
9 100009
9 605310219
9 100000009
9 169753241
9 748727869
9 100009
9 774658659
9 864599041
9 100000009
9 100009
9 714070879
9 966946601
9 100009
9 100009
9 887274059
9 100000009
9 444807956
9 100000009
9 100000009
9 577357689
9 100009
9 100009
9 100000009
9 894725268
9 233665559
9 1009
9 654433459
9 100009
9 237446849
9 151110489
9 100000009
9 100009
9 271113279
9 492895973
9 10009
9 496355234
9 234279045
9 876124669
9 863270629
9 330514609
9 592643337
9 100000009
9 100000009
9 100000009
9 691363049
9 100009
9 796880163
9 210526519
9 100000009
9 866497968
9 461416159
9 100009
9 759299504
9 100009
9 587825849
9 100009
9 100009
9 100009
9 100000009
9 23539765
9 100009
9 591649511
9 429450745
9 100000009
9 898416799
9 149231663
9 771290814
9 100009
9 100009
9 100009
9 100009
9 854194325
9 191764706
9 100009
9 379871303
9 100009
9 334732089
9 840323189
9 778190625
9 100009
9 100009
9 798891987
9 100000009
9 303576798
9 100009
9 100000009
9 100009
9 154746669
9 128087549
9 296375617
9 426271319
9 100009
9 100000009
9 127358859
9 758064139
9 118349805
9 100009
9 100009
9 100009
9 804288879
9 1000009
9 476167939
9 100000009
9 100009
9 291964957
9 809629484
9 955074715
9 623968089
9 198758315
9 100009
9 100009
9 405697075
9 235345259
9 388236669
9 554225739
9 416007639
9 100000009
9 100000009
9 436676209
9 877279710
9 179912474
9 340962868
9 100009
9 100009
9 100009
9 638291507
9 100009
9 414662059
9 100009
9 100009
9 100009
9 100000009
9 100000009
9 100000009
9 100009
9 100009
9 529440839
9 844790900
9 100009
9 596023936
9 100009
9 100009
9 100009
9 100000009
9 908316410
9 10009
9 247622529
9 100009
9 100009
9 822342479
9 773203809
9 100009
9 100009
9 100009
9 656316859
9 904366669
9 100009
9 398603257
9 900763214
9 653958889
9 393002038
9 100009
9 256195942
9 700679222
9 564560191
9 100000009
9 270279054
9 895593528
9 740899602
9 897656213
9 100000009
9 100009
9 100009
9 388719786
9 916304255
9 100000009
9 100000009
9 248359353
9 799244753
9 315264269
9 100000009
9 357475396
9 100000009
9 100009
9 535947229
9 227490342
9 257096005
9 887908464
9 230455769
9 520024149
9 100009
9 791393983
9 10009
9 272934509
9 100000009
9 885232509
9 319611949
9 100009
9 778252992
9 121555639
9 100009
9 100009
9 556387519
9 215370779
9 100009
9 1000009
9 100000009
9 237705279
9 354176159
9 804108139
9 122727879
9 100009
9 100009
9 746773329
9 100009
9 937565000
9 100009
9 899201833
9 126742769
9 348624729
9 100000009
9 903702312
9 100009
9 347856659
9 100000009
9 100000009
9 100000009
9 643434319
9 444565249
9 195637935
9 859294617
9 688651239
9 415777449
9 233625239
9 10009
9 316045579
9 715344289
9 583945718
9 100000009
9 100000009
9 684248239
9 386605649
9 100000009
9 112363319
9 590480331
9 100000009
9 998188107
9 100009
9 100000009
9 241819559
9 922323091
9 100000009
9 665567859
9 100009
9 972124556
9 453904547
9 100009
9 440170859
9 873251769
9 743411049
9 643550189
9 100009
9 943879474
9 100000009
9 100000009
9 100009
9 281245309
9 100009
9 100009
9 741894674
9 100000009
9 742980515
9 100000009
9 100009
9 318800609
9 595424698
9 693082171
9 100009
9 515079926
9 100000009
9 113029896
9 100000009
9 100009
9 100000009
9 573967019
9 255343359
9 615113819
9 100000009
9 100009
9 100000009
9 100009
9 100000009
9 100009
9 100009
9 524202691
9 100009
9 609695808
9 100000009
9 462162960
9 905955674
9 763150669
9 100000009
9 343810989
9 819833183
9 100000009
9 434582990
9 603046659
9 408322079
9 401126905
9 1000009
9 100009
9 242324496
9 100009
9 868883509
9 100009
9 689247935
9 100009
9 100009
9 100009
9 866575189
9 185027469
9 711448769
9 100009
9 842850789
9 460531949
9 100009
9 205265549
9 941591550
9 630093430
9 865880597
9 100009
9 100009
9 100009
9 200198129
9 100000009
9 802953529
9 100009
9 100009
9 958338918
9 741930038
9 100009
9 100009
9 10009
9 187290669
9 100009
9 100009
9 100000009
9 110405907
9 494987652
9 789369776
9 476202690
9 100009
9 100009
9 917964650
9 100009
9 309999734
9 100000009
9 100009
9 125029628
9 394050995
9 898984554
9 10009
9 590754535
9 803897229
9 100009
9 280372329
9 383193390
9 739593957
9 100000009
9 664112369
9 864402029
9 743113849
9 898084310
9 100009
9 100000009
9 100009
9 10000009
9 245269412
9 100000009
9 100009
9 889415372
9 319753799
9 509922099
9 100000009
9 399378592
9 754589436
9 548953369
9 100000009
9 714141149
9 278828579
9 849359860
9 985457327
9 418812819
9 100000009
9 674303149
9 519730789
9 10009
9 674477359
9 842378709
9 935079888
9 455308029
9 100009
9 677287972
9 100000009
9 100009
9 300119953
9 889526075
9 664800509
9 306576954
9 344976520
9 586256379
9 167369165
9 859437142
9 100009
9 100009
9 100000009
9 748598874
9 100009
9 829284973
9 100009
9 862153809
9 10009
9 739793364
9 100000009
9 100009
9 386065597
9 652648539
9 10009
9 124212829
9 459387940
9 100000009
9 100009
9 310722579
9 947465940
9 561829053
9 805224909
9 744333429
9 100009
9 407042976
9 100009
9 920372249
9 100000009
9 100009
9 100009
9 10009
9 802851229
9 249637790
9 292734052
9 1000009
9 699724346
9 728939153
9 191482370
9 812271119
9 100009
9 408475129
9 368278966
9 760389725
9 100000009
9 423205089
9 301601930
9 719779928
9 100009
9 100009
9 100000009
9 991374560
9 959326834
9 509076596
9 100009
9 361800489
9 100009
9 995345909
9 100009
9 100009
9 100009
9 980432116
9 178279070
9 100009
9 716829018
9 337052291
9 100000009
9 129121180
9 416088339
9 100009
9 268066319
9 455184439
9 134813579
9 100009
9 534631934
9 160698363
9 100000009
9 946203860
9 260182109
9 523290379
9 100009
9 898860939
9 604864759
9 807836009
9 100009
9 857491533
9 740888419
9 886140389
9 895985890
9 260171797
9 100009
9 100009
9 100009
9 996723764
9 978485005
9 10009
9 885716859
9 100009
9 950814414
9 100000009
9 139469881
9 565395042
9 827255289
9 119035012
9 100009
9 588229195
9 100000009
9 100000009
9 100009
9 647162819
9 445995658
9 100009
9 100009
9 45598022
9 100009
9 807559037
9 729943001
9 827509565
9 672845592
9 228146944
9 140450922
9 100009
9 100009
9 431704059
9 542661779
9 100009
9 100009
9 556615649
9 945851681
9 154291677
9 1000009
9 367208259
9 754773930
9 501254694
9 100009
9 100000009
9 562908104
9 607078895
9 100000009
9 100009
9 559144787
9 924990621
9 100009
9 100000009
9 300629229
9 758486769
9 100009
9 638123179
9 100009
9 204796716
9 100000009
9 666280869
9 555565179
9 362273179
9 100009
9 603578159
9 879529746
9 348709313
9 855465479
9 100000009
9 345821396
9 100009
9 190512869
9 100009
9 396356543
9 100000009
9 880597919
9 100009
9 100009
9 148506289
9 100009
9 742886669
9 447737679
9 10009
9 279917344
9 100009
9 100009
9 195683693
9 857101079
9 708468895
9 100009
9 761643974
9 993976027
9 270081779
9 100000009
9 100009
9 133661109
9 827548119
9 887893909
9 420139392
9 487692953
9 204207519
9 934367281
9 108960725
9 641784629
9 100009
9 171995538
9 100000009
9 100009
9 100009
9 954569673
9 100009
9 245588249
9 100009
9 587567369
9 657759342
9 100009
9 885902367
9 833672659
9 544971755
9 100000009
9 594421360
9 743156359
9 421236519
9 856431192
9 100009
9 100000009
9 951863980
9 100009
9 100009
9 163814291
9 100009
9 498279455
9 100000009
9 10009
9 100009
9 637531379
9 659386515
9 100009
9 510492860
9 929495720
9 440186972
9 10009
9 384096170
9 100009
9 333073290
9 535133946
9 100009
9 100000009
9 100009
9 100009
9 874655579
9 294648348
9 119508794
9 10009
9 579259473
9 898153442
9 1000009
9 422277619
9 100000009
9 674823935
9 769912835
9 153068059
9 647319673
9 197324226
9 925505641
9 757772439
9 927068097
9 10009
9 74690734
9 405800639
9 100009
9 100009
9 100009
9 626050509
9 508199281
9 586478669
9 100009
9 564961380
9 196970790
9 100009
9 782692230
9 845041529
9 100009
9 803967581
9 714019341
9 100009
9 100009
9 361427594
9 567571459
9 781318911
9 645902403
9 955281596
9 478717957
9 10009
9 100009
9 100009
9 773032349
9 346446909
9 100009
9 354768039
9 100000009
9 100009
9 199248612
9 634833509
9 751065549
9 10009
9 120489537
9 512806609
9 268797994
9 965241253
9 235780939
9 144645009
9 544907385
9 100009
9 100009
9 100009
9 324518169
9 537466189
9 100000009
9 627935862
9 180738469
9 155368449
9 846180009
9 100009
9 524734049
9 771219056
9 302341339
9 100009
9 100009
9 100009
9 100009
9 993923901
9 100009
9 397224784
9 100009
9 100000009
9 793978534
9 756429278
9 227011779
9 100009
9 582302987
9 853945858
9 303424529
9 348213629
9 100009
9 851519539
9 100000009
9 100009
9 100000009
9 624613859
9 100009
9 346065987
9 553043259
9 732959845
9 789131298
9 806033639
9 369314089
9 100009
9 100000009
9 794626286
9 495332673
9 100009
9 100009
9 100009
9 100009
9 100009
9 809859605
9 823590154
9 100009
9 262581349
9 100009
9 100009
9 478290284
9 796918602
9 10009
9 100000009
9 100009
9 100009
9 100009
9 555304569
9 853780639
9 864037979
9 100009
9 336396558
9 100009
9 100009
9 338158449
9 253368973
9 403564396
9 397079050
9 100009
9 934072790
9 100009
9 100009
9 897998041
9 100000009
9 100009
9 102211769
9 555273619
9 376503359
9 944973207
9 216724679
9 729171247
9 357314549
9 100009
9 823458179
9 114386679
9 744203869
9 720759323
9 100009
9 100009
9 801551779
9 304085089
9 791045166
9 372168920
9 100000009
9 602467289
9 350778349
9 10009
9 755865973
9 195597911
9 683743349
9 942264391
9 100000009
9 100009
9 10009
9 100000009
9 202982056
9 1000009
9 100009
9 317171829
9 100009
9 627544549
9 600907930
9 100009
9 118880609
9 449077138
9 456372789
9 100009
9 100000009
9 100009
9 474616029
9 100009
9 100000009
9 800137429
9 100009
9 677618379
9 100000009
9 545209690
9 220521059
9 100009
9 605110189
9 100009
9 100000009
9 856831964
9 392860632
9 100009
9 100009
9 100009
9 100009
9 263448669
9 100009
9 404055349
9 703806339
9 971935001
9 100009
9 100009
9 814742359
9 148091240
9 100009
9 128216697
9 336090306
9 100009
9 100009
9 1000009
9 100009
9 770287498
9 697870317
9 279006842
9 100009
9 105449963
9 606703329
9 309337957
9 100000009
9 489665771
9 233242519
9 100000009
9 361933786
9 100009
9 543780956
9 673604329
9 480619240
9 100009
9 818209130
9 100009
9 111971688
9 490269479
9 674378589
9 10009
9 100009
9 940248472
9 545099296
9 143379313
9 100000009
9 100000009
9 654323359
9 447878789
9 345046569
9 100009
9 211211069
9 100009
9 100009
9 775538859
9 751203159
9 503611769
9 366756409
9 100009
9 526756549
9 617632791
9 385792298
9 227618429
9 889512574
9 100009
9 100000009
9 928343525
9 353835229
9 100000009
9 100000009
9 164681229
9 265780996
9 993833053
9 855511809
9 184170549
9 438536769
9 994615124
9 100009
9 100009
9 100009
9 100009
9 978609099
9 100000009
9 100000009
9 690751250
9 100000009
9 452768669
9 809656532
9 100009
9 797182122
9 884748679
9 173946600
9 100009
9 969961976
9 100000009
9 100009
9 100009
9 818819010
9 100009
9 454146945
9 252185189
9 423301029
9 619477151
9 949104059
9 100000009
9 100009
9 403473999
9 235372149
9 100009
9 982588612
9 1000009
9 100009
9 318256009
9 431918469
9 103195775
9 797549528
9 806344792
9 999341243
9 731757609
9 691233470
9 584119840
9 870196723
9 136323069
9 623252159
9 100000009
9 619305334
9 100009
9 10009
9 839399258
9 429298190
9 10009
9 340290687
9 1000009
9 100009
9 771538059
9 120109465
9 728895774
9 431744139
9 100000009
9 388391975
9 100000009
9 100000009
9 100009
9 100009
9 100000009
9 34776419
9 332144609
9 100000009
9 560850539
9 601123289
9 103939383
9 785497633
9 712650095
9 794894864
9 100000009
9 973416069
9 100009
9 635899629
9 100009
9 382080839
9 100009
9 708775319
9 260991854
9 100009
9 923616248
9 100009
9 479860974
9 515927178
9 385031019
9 100009
9 738625819
9 100000009
9 100009
9 713632792
9 975423193
9 580420982
9 631329695
9 100009
9 100000009
9 293249637
9 100000009
9 100009
9 100009
9 100009
9 100009
9 435152389
9 614739638
9 202483559
9 465607879
9 182313179
9 100009
9 131823359
9 947737466
9 100009
9 100009
9 121497728
9 196890646
9 100009
9 190075284
9 100009
9 718383089
9 514997719
9 100009
9 971279286
9 493727874
9 100009
9 10009
9 766732797
9 100000009
9 100000009
9 504335369
9 341105419
9 100000009
9 100009
9 100000009
9 858768902
9 100009
9 817538249
9 100009
9 582381289
9 449657336
9 100000009
9 100009
9 100009
9 607178219
9 100009
9 100009
9 581820719
9 100009
9 758094985
9 252202319
9 699023957
9 100009
9 254077689
9 300300449
9 373976549
9 627636569
9 100009
9 100000009
9 534890587
9 895201222
9 271850439
9 497576268
9 965970520
9 237039309
9 331107659
9 849714543
9 431361769
9 100009
9 10009
9 100000009
9 100000009
9 660135509
9 100000009
9 402403589
9 100009
9 301267509
9 100009
9 337834879
9 147022149
9 687201809
9 560290722
9 100000009
9 100000009
9 836688059
9 100009
9 100000009
9 100009
9 429927949
9 100000009
9 100009
9 100009
9 165760976
9 804515991
9 100000009
9 770017749
9 100000009
9 100000009
9 619628823
9 440999727
9 256975984
9 100009
9 100009
9 100000009
9 228516029
9 633441279
9 852707549
9 100009
9 100009
9 836990309
9 190910401
9 100009
9 100009
9 448992113
9 321199187
9 100000009
9 100009
9 100009
9 100009
9 625364649
9 100000009
9 932319235
9 163075159
9 736399593
9 523043319
9 100000009
9 307591638
9 873160489
9 554329386
9 100009
9 100009
9 161376869
9 100009
9 523920704
9 827360169
9 100009
9 372966790
9 712304298
9 550228309
9 100000009
9 455591309
9 464995625
9 100009
9 460561319
9 100009
9 100009
9 157912161
9 334876389
9 414648809
9 100009
9 100009
9 100000009
9 568603889
9 635261049
9 100009
9 858927838
9 919667744
9 527703289
9 100009
9 100009
9 100009
9 100009
9 671431479
9 100009
9 100009
9 733910878
9 552267509
9 100000009
9 100009
9 473810569
9 979398765
9 151195570
9 954367406
9 100009
9 526655639
9 100009
9 794607512
9 100009
9 100009
9 235368692
9 100000009
9 10009
9 956516375
9 567862965
9 806816924
9 100009
9 850217955
9 100009
9 167129472
9 409158965
9 100009
9 100009
9 100009
9 654066479
9 850709777
9 100009
9 100009
9 100009
9 173810059
9 205048459
9 100000009
9 100000009
9 328273679
9 819001734
9 100000009
9 112612279
9 424775891
9 100000009
9 100009
9 100009
9 100009
9 10009
9 429824155
9 519675953
9 100000009
9 790544713
9 100009
9 100000009
9 100009
9 538036379
9 100009
9 985032773
9 100009
9 821494721
9 100009
9 205563689
9 100009
9 494108181
9 189711349
9 108391564
9 367924053
9 423264769
9 100009
9 399396651
9 10009
9 835909908
9 650415159
9 100000009
9 134496682
9 100009
9 521033229
9 100000009
9 100009
9 535052779
9 100009
9 100009
9 689840807
9 132705689
9 174200109
9 365272079
9 100009
9 100009
9 100009
9 10009
9 183031079
9 100009
9 950415073
9 911044220
9 725121197
9 234463069
9 100009
9 10009
9 100009
9 100009
9 100009
9 10009
9 100009
9 827511129
9 216999641
9 898293405
9 316958905
9 34905593
9 100000009
9 100009
9 100009
9 100009
9 460808119
9 100000009
9 718695539
9 425832849
9 504804309
9 100009
9 162108329
9 800166699
9 100009
9 406043809
9 419678656
9 100009
9 1000009
9 622783879
9 100000009
9 100009
9 192727480
9 318542879
9 428454749
9 100000009
9 100000009
9 342764379
9 769203897
9 789592522
9 773302659
9 181922920
9 100009
9 100009
9 100009
9 100009
9 100009
9 460831259
9 100009
9 802997713
9 100009
9 994471832
9 579526607
9 100000009
9 100009
9 765082009
9 688510559
9 100009
9 100009
9 349585279
9 100009
9 218162069
9 815735679
9 10009
9 273073569
9 100009
9 257648079
9 803695406
9 100009
9 100009
9 149888808
9 212761259
9 100009
9 959193735
9 100009
9 100009
9 714962403
9 535724692
9 100009
9 160647809
9 823669123
9 814570689
9 180614689
9 100009
9 438103169
9 496582970
9 605797353
9 100009
9 344061829
9 163713931
9 100009
9 100009
9 929496614
9 408189944
9 100009
9 408498955
9 939774928
9 100000009
9 326633439
9 885734779
9 672258699
9 100009
9 233563259
9 644884729
9 535046729
9 100009
9 100009
9 295843754
9 187148029
9 100009
9 100009
9 100009
9 100009
9 100000009
9 919818400
9 100000009
9 225530489
9 100009
9 1000009
9 196730183
9 148698122
9 100000009
9 100009
9 357023009
9 296659880
9 608987255
9 739478083
9 100009
9 100009
9 100009
9 997637894
9 438388976
9 701904409
9 100000009
9 713869103
9 100000009
9 100009
9 100009
9 694890023
9 100000009
9 820040169
9 100000009
9 458510779
9 191468235
9 470376809
9 243399093
9 330702599
9 100000009
9 100009
9 772897298
9 100009
9 329258759
9 298944445
9 537263559
9 100009
9 740000019
9 265595314
9 100000009
9 10009
9 781854369
9 362665529
9 100009
9 930952289
9 100009
9 100009
9 593074208
9 100000009
9 100009
9 301894546
9 661103389
9 309016620
9 100009
9 322135329
9 100009
9 194459749
9 100000009
9 1009
9 100009
9 289878033
9 105809488
9 661143389
9 100009
9 100009
9 100009
9 347232309
9 353139645
9 385901469
9 852153439
9 1000009
9 704767694
9 221039436
9 636568649
9 983140152
9 442441239
9 100009
9 491762146
9 100000009
9 100009
9 100000009
9 182148189
9 411824349
9 335354489
9 432037319
9 100009
9 100009
9 143191089
9 100009
9 936158115
9 699906364
9 100009
9 100009
9 377682290
9 995556928
9 941878871
9 817471896
9 1000009
9 10009
9 100009
9 100009
9 100000009
9 989337067
9 100009
9 190942515
9 100000009
9 100009
9 100000009
9 100000009
9 100009
9 842026429
9 100000009
9 100009
9 535794617
9 361317589
9 100000009
9 267293103
9 840564719
9 100009
9 746583469
9 426888079
9 100000009
9 112909729
9 939411680
9 733275529
9 100009
9 624462829
9 248736679
9 170529650
9 100000009
9 525614922
9 315577619
9 153688349
9 100009
9 221798120
9 21681059
9 100000009
9 100009
9 892570798
9 778792785
9 616888479
9 745815998
9 651231749
9 348264819
9 100000009
9 100009
9 10009
9 868618976
9 829338563
9 100009
9 100009
9 468240709
9 242731769
9 655659393
9 931187308
9 425978392
9 556922102
9 240914216
9 962013463
9 708990836
9 100000009
9 100000009
9 765083119
9 100009
9 100009
9 523518459
9 558735239
9 676713579
9 100009
9 100000009
9 100009
9 100000009
9 284948371
9 148336396
9 100000009
9 168228139
9 513888689
9 100009
9 100009
9 100000009
9 264895788
9 832468689
9 100009
9 474331339
9 100000009
9 242565159
9 100009
9 698058815
9 100009
9 999991781
9 170527849
9 100000009
9 571360719
9 100009
9 198105584
9 100009
9 438018259
9 100009
9 100000009
9 403866889
9 190971163
9 100009
9 290834107
9 909790118
9 10009
9 100000009
9 530978494
9 727124988
9 700491442
9 835573339
9 733634739
9 632286579
9 331917902
9 10009
9 100000009
9 237100059
9 685906934
9 100009
9 100000009
9 263436749
9 815737379
9 575057219
9 100009
9 100009
9 927082591
9 163300719
9 209309484
9 103985207
9 573945551
9 398536666
9 992703166
9 114926484
9 792610057
9 183111149
9 614369452
9 100009
9 699499645
9 274863079
9 834877798
9 10009
9 137284496
9 278527739
9 237391036
9 111186439
9 100000009
9 100009
9 100009
9 100009
9 100009
9 435552139
9 100000009
9 100009
9 100009
9 100000009
9 267694199
9 323022994
9 621764809
9 599624072
9 100009
9 100009
9 100000009
9 847567579
9 700737889
9 864426189
9 855644089
9 654193758
9 193837693
9 935783870
9 471734902
9 468736639
9 934849150
9 100009
9 100009
9 100000009
9 329095318
9 813111529
9 100009
9 114274609
9 556356659
9 100009
9 100009
9 100009
9 100000009
9 100000009
9 100009
9 534940324
9 100009
9 100009
9 834645639
9 100000009
9 100009
9 481003961
9 172674391
9 812073974
9 324657359
9 421083219
9 488685469
9 100000009
9 672218996
9 888895152
9 100009
9 100009
9 801343339
9 100009
9 100000009
9 100009
9 492441067
9 100000009
9 100009
9 871913923
9 100009
9 100009
9 100009
9 100009
9 490045517
9 307349023
9 401190198
9 874120779
9 100009
9 988784794
9 100000009
9 100000009
9 471435049
9 783564975
9 446278039
9 501336920
9 467124279
9 166083469
9 247537219
9 100009
9 100009
9 978537598
9 10009
9 100009
9 246614619
9 527269279
9 184416669
9 698811979
9 100000009
9 100009
9 984929309
9 571725298
9 114102049
9 100009
9 106571009
9 578337339
9 611813739
9 670175759
9 100009
9 100009
9 10009
9 878693269
9 736755369
9 445369126
9 735492756
9 885190709
9 362727259
9 100009
9 400001729
9 100009
9 572488619
9 100009
9 100009
9 100009
9 741934674
9 586376659
9 187941639
9 767837239
9 1000009
9 631268119
9 100009
9 602255901
9 100000009
9 100000009
9 100009
9 648804159
9 100009
9 388701209
9 463134259
9 100000009
9 100009
9 100000009
9 265584569
9 100009
9 976641109
9 805018389
9 301708929
9 100009
9 137782189
9 974508456
9 967466585
9 570286249
9 775948241
9 389745929
9 358789997
9 313302985
9 120420469
9 367581619
9 158457629
9 501588339
9 163860966
9 252526539
9 10009
9 772197940
9 100000009
9 100009
9 338774049
9 100009
9 418356439
9 100000009
9 666121669
9 555476209
9 272142819
9 807401509
9 100009
9 100009
9 100000009
9 100009
9 100009
9 355265559
9 100000009
9 515808509
9 191494042
9 400022509
9 184126509
9 745997315
9 100009
9 100009
9 10009
9 100009
9 445332149
9 100009
9 481725849
9 302223349
9 100009
9 926039149
9 115492953
9 100000009
9 235967265
9 100009
9 100000009
9 916214667
9 363777119
9 607463869
9 100000009
9 720365559
9 335868957
9 100000009
9 172155279
9 165301597
9 423804095
9 100009
9 100009
9 891247725
9 100000009
9 909026712
9 310328794
9 100009
9 955403836
9 439952078
9 100000009
9 439494143
9 100009
9 154510809
9 100009
9 100009
9 135520976
9 471697497
9 100009
9 100009
9 100000009
9 364077779
9 938537179
9 349003867
9 100009
9 100000009
9 100000009
9 807168389
9 100009
9 510402089
9 224007039
9 115555749
9 100000009
9 100009
9 333720409
9 722153609
9 142916371
9 100009
9 100009
9 241075779
9 419036046
9 100009
9 100009
9 482266997
9 100000009
9 100000009
9 309556962
9 932682919
9 989897841
9 100009
9 357357569
9 795716301
9 671075559
9 824204009
9 157800529
9 100009
9 658506709
9 652919529
9 100009
9 845800459
9 323075559
9 100000009
9 100009
9 511812889
9 701026549
9 826455739
9 980427961
9 100009
9 100009
9 214793803
9 746564159
9 100000009
9 945427026
9 685124059
9 100009
9 709650562
9 429981689
9 463825690
9 100009
9 329955259
9 100009
9 455551309
9 622955107
9 100009
9 672245931
9 927525444
9 100009
9 100009
9 275447679
9 251065149
9 380833429
9 130702189
9 151938635
9 706871498
9 100009
9 100000009
9 510841669
9 100009
9 212862390
9 100009
9 939849887
9 100009
9 911957154
9 100009
9 100009
9 302017879
9 516780059
9 330172789
9 523993201
9 857323679
9 100009
9 208880309
9 241727390
9 293304123
9 182751957
9 100009
9 1009
9 100009
9 859581498
9 100009
9 961169139
9 891345452
9 100009
9 930409403
9 364630519
9 633775439
9 100009
9 1000009
9 519988842
9 218793488
9 100009
9 100009
9 369203119
9 100009
9 100000009
9 397922743
9 856492264
9 207958720
9 283138529
9 843653952
9 10009
9 976255106
9 524842309
9 193271403
9 218633189
9 911367151
9 767397434
9 100009
9 100000009
9 593360896
9 120171339
9 10009
9 481079882
9 420781149
9 100000009
9 581834119
9 100009
9 972139337
9 100009
9 504910821
9 413887219
9 32551149
9 179221252
9 454136966
9 910395543
9 100009
9 971543088
9 213640937
9 856776963
9 514382389
9 10009
9 163048409
9 100009
9 119755033
9 100009
9 375835249
9 100000009
9 516894559
9 100000009
9 100009
9 883881619
9 100009
9 100009
9 100000009
9 288849124
9 881478779
9 115690036
9 100009
9 488702239
9 100009
9 896872651
9 475634809
9 185143219
9 100009
9 271752390
9 732211919
9 100000009
9 100000009
9 659257670
9 755135119
9 977522747
9 328089556
9 100009
9 401991560
9 152517629
9 581132609
9 487689697
9 130262897
9 832003819
9 475240449
9 100009
9 100009
9 563559028
9 100000009
9 100009
9 100009
9 334087981
9 277258619
9 100009
9 275942286
9 100009
9 113229796
9 101229584
9 505721349
9 580894612
9 590671132
9 826372195
9 100009
9 100009
9 827504219
9 371328119
9 100009
9 100009
9 100009
9 100009
9 292179316
9 100009
9 100009
9 257380972
9 10009
9 373414479
9 101102349
9 100009
9 556787069
9 100000009
9 100009
9 100009
9 665639498
9 694967492
9 868140729
9 100009
9 100000009
9 181660569
9 1009
9 376293338
9 772447839
9 371209054
9 139136049
9 100009
9 100009
9 629342478
9 10009
9 100009
9 882949653
9 100009
9 851733069
9 111202209
9 100009
9 100009
9 100009
9 10009
9 344590989
9 100009
9 352546719
9 100009
9 100009
9 100000009
9 491492077
9 920836577
9 100000009
9 109491723
9 100000009
9 556197185
9 551579820
9 501135559
9 948765678
9 289366227
9 100009
9 502992618
9 100000009
9 892297600
9 671544219
9 100009
9 140383119
9 100009
9 420861249
9 497577797
9 417042849
9 734518109
9 156087559
9 397207401
9 100009
9 806966408
9 242224189
9 794053365
9 100000009
9 100000009
9 100000009
9 100000009
9 100009
9 100009
9 395849982
9 969978039
9 100009
9 677923592
9 100009
9 100000009
9 100009
9 865635859
9 617138619
9 899131808
9 847638291
9 435472809
9 100000009
9 100009
9 100009
9 981870778
9 258339160
9 100009
9 317799398
9 569860489
9 661696575
9 100009
9 100000009
9 431247391
9 100009
9 381053209
9 925109161
9 100009
9 100009
9 522639150
9 412846977
9 895570561
9 100000009
9 337152389
9 930739651
9 100009
9 653060594
9 409981107
9 100000009
9 216235529
9 100000009
9 635123259
9 100009
9 622346309
9 452336956
9 840753159
9 100009
9 666060239
9 941080058
9 100009
9 831940369
9 100009
9 689237975
9 129967114
9 100000009
9 100009
9 100000009
9 470097428
9 289871566
9 438215169
9 100009
9 272059888
9 100009
9 100000009
9 368101639
9 258012659
9 798814200
9 100009
9 367154119
9 402847689
9 769988908
9 100000009
9 772413908
9 100009
9 100009
9 100009
9 517849809
9 296842432
9 100000009
9 350728609
9 282621309
9 100009
9 100009
9 301738669
9 937787044
9 100009
9 417226609
9 631373795
9 524114799
9 512752509
9 100009
9 100009
9 100009
9 569478631
9 100000009
9 603768609
9 100009
9 229789327
9 100009
9 381156019
9 100009
9 326944658
9 100009
9 810749312
9 100009
9 238687469
9 957393496
9 319901623
9 100009
9 100009
9 100000009
9 10009
9 668389585
9 181159314
9 167864953
9 733269430
9 870882469
9 100009
9 100009
9 719977354
9 100000009
9 100009
9 314637529
9 100009
9 495859811
9 100009
9 100000009
9 613843469
9 100009
9 997370101
9 964657835
9 100000009
9 473296469
9 452284019
9 304125279
9 100000009
9 823935267
9 100009
9 559274457
9 915552439
9 100009
9 815756479
9 849232344
9 866053699
9 100000009
9 100009
9 947961174
9 100000009
9 100000009
9 100009
9 871556879
9 10009
9 415184937
9 100000009
9 946863372
9 100009
9 461868698
9 921672320
9 10009
9 100009
9 390410022
9 100000009
9 100009
9 883795223
9 100000009
9 931233565
9 121879921
9 787181749
9 100009
9 100009
9 376572369
9 100009
9 100009
9 942081025
9 788771879
9 346824947
9 100009
9 738189355
9 398738439
9 806924748
9 100000009
9 594167362
9 100000009
9 100009
9 100009
9 100009
9 100000009
9 878886639
9 100009
9 100000009
9 631586649
9 746415569
9 372894424
9 421865099
9 726059172
9 637121609
9 699648082
9 100009
9 774255169
9 100000009
9 100009
9 837562959
9 119226565
9 100000009
9 838543189
9 100009
9 100009
9 100009
9 100009
9 100000009
9 160677529
9 890514311
9 873728109
9 100009
9 672773490
9 100000009
9 221702392
9 615127995
9 100000009
9 466165905
9 855003910
9 855960104
9 10009
9 181730819
9 238407379
9 626996916
9 209893325
9 870795681
9 570957232
9 795033073
9 501473239
9 100009
9 151204769
9 100000009
9 536292411
9 641768529
9 100009
9 100009
9 100009
9 252522679
9 119298314
9 443995405
9 100009
9 771799058
9 753988241
9 756744309
9 963582425
9 365151339
9 278198005
9 100009
9 494709761
9 846392727
9 941289118
9 763588439
9 707335994
9 100000009
9 584824169
9 412299462
9 10009
9 517964110
9 619275750
9 100009
9 100009
9 100000009
9 398098136
9 677755096
9 100009
9 896254699
9 168477579
9 486402849
9 100000009
9 465717069
9 389324237
9 315541669
9 370707679
9 100009
9 241828859
9 100009
9 773328509
9 100009
9 1000009
9 322514966
9 846513439
9 100009
9 10009
9 625705489
9 334639807
9 838304679
9 100009
9 100009
9 100009
9 946838100
9 813200169
9 100009
9 921279026
9 100009
9 292232388
9 100009
9 100009
9 100000009
9 222650689
9 100009
9 100000009
9 100009
9 231357389
9 100000009
9 559374878
9 100009
9 100000009
9 480118109
9 357644439
9 358118509
9 100009
9 324261912
9 509073338
9 202871609
9 925917333
9 381318089
9 100000009
9 557626429
9 656032916
9 173689179
9 576011179
9 100000009
9 635624992
9 100009
9 825470090
9 209191701
9 100000009
9 592245181
9 100009
9 711950401
9 100009
9 100000009
9 100000009
9 100009
9 246320289
9 345306339
9 232665429
9 100000009
9 856738369
9 483021999
9 421290173
9 284413639
9 874563729
9 100009
9 413039520
9 878372719
9 100000009
9 100009
9 100000009
9 980758768
9 943516935
9 100009
9 100009
9 100009
9 951675666
9 752697842
9 372889105
9 348897185
9 486738329
9 1009
9 100000009
9 977832789
9 100000009
9 100000009
9 470573589
9 100000009
9 660062794
9 775331779
9 100009
9 793774875
9 190518568
9 784300279
9 647432629
9 720004029
9 515369822
9 394677775
9 799115885
9 100009
9 100009
9 759333302
9 281707609
9 100009
9 100009
9 507418439
9 901494956
9 100009
9 100009
9 383322429
9 10009
9 574778869
9 100009
9 553437109
9 100009
9 100009
9 781081369
9 188515649
9 565534709
9 205258629
9 100000009
9 708360934
9 291743235
9 136414698
9 100009
9 679741956
9 100009
9 871590608
9 897460482
9 100000009
9 977092636
9 100009
9 100009
9 723081559
9 100009
9 532526639
9 707974215
9 388189663
9 392989497
9 100000009
9 260005319
9 100009
9 860266639
9 865406459
9 661091626
9 694548373
9 704982948
9 596690961
9 886377459
9 100009
9 230725449
9 100009
9 445468019
9 100009
9 100009
9 621545669
9 100000009
9 415842479
9 100009
9 198051890
9 479686866
9 841600966
9 321284689
9 804307579
9 111297810
9 706054139
9 640235839
9 346896828
9 903954608
9 730317749
9 10009
9 973636575
9 100009
9 440535953
9 100009
9 1000009
9 952727127
9 369397461
9 100000009
9 489071997
9 100009
9 763261429
9 568755529
9 100000009
9 129867976
9 100009
9 394838112
9 664695203
9 545620279
9 718068494
9 620332359
9 209884670
9 276106549
9 564856092
9 100009
9 100009
9 259646359
9 100009
9 562331219
9 275254902
9 305931152
9 625868579
9 536675579
9 100000009
9 100009
9 592026261
9 100009
9 989619769
9 103875489
9 878096440
9 100009
9 443298978
9 100009
9 100009
9 100000009
9 100000009
9 1009
9 511092390
9 100009
9 100009
9 563439160
9 100009
9 100009
9 100009
9 100009
9 40798093
9 940582055
9 643231409
9 100009
9 100000009
9 10009
9 601634619
9 176430409
9 932408384
9 100009
9 736009705
9 746691379
9 100000009
9 100000009
9 100009
9 1000009
9 929348634
9 179785575
9 100000009
9 542871059
9 100009
9 100009
9 100009
9 100000009
9 100009
9 336574819
9 100009
9 100009
9 100009
9 784403639
9 234306329
9 100009
9 472817659
9 100009
9 100009
9 229902660
9 100000009
9 224410429
9 924853041
9 212273491
9 707352809
9 588932648
9 100009
9 274915993
9 100009
9 305011709
9 206471009
9 681027129
9 454323904
9 709763002
9 309751649
9 594285740
9 57129897
9 100009
9 859721877
9 664966779
9 999007048
9 524289542
9 642614419
9 100009
9 371596531
9 100009
9 217028459
9 602262769
9 10009
9 932499078
9 206206889
9 100000009
9 100009
9 836213269
9 332722109
9 100009
9 631160179
9 100009
9 840620389
9 889696097
9 100009
9 100009
9 249216506
9 684059680
9 220560059
9 100009
9 215498656
9 100009
9 100000009
9 631521639
9 295106708
9 10000009
9 100009
9 100009
9 880306209
9 100000009
9 121000519
9 939355969
9 100009
9 100009
9 771053329
9 168840639
9 100009
9 323597411
9 100009
9 100000009
9 506032269
9 774359643
9 610168819
9 100009
9 638422389
9 993968224
9 100000009
9 100000009
9 100009
9 100009
9 100009
9 556889524
9 1000009
9 343257719
9 843102921
9 100009
9 100009
9 100009
9 870119099
9 356592232
9 687569737
9 779253399
9 832661089
9 433555097
9 100009
9 432904182
9 477584595
9 711770689
9 100009
9 209846746
9 100000009
9 703089881
9 890740667
9 100009
9 135390938
9 100000009
9 137614119
9 883527259
9 608527519
9 100009
9 100000009
9 10009
9 416860469
9 603129801
9 390602836
9 100000009
9 100009
9 100000009
9 438901278
9 455686809
9 129962070
9 100009
9 100000009
9 100000009
9 100009
9 782928834
9 100000009
9 1000009
9 100009
9 662921014
9 985188896
9 370019847
9 214808249
9 100009
9 100009
9 147296552
9 100009
9 100009
9 383842519
9 634374539
9 863876689
9 100000009
9 100009
9 100009
9 186945507
9 866378792
9 946482122
9 247008789
9 100009
9 100009
9 100009
9 100009
9 100000009
9 853306229
9 543280289
9 100009
9 349006849
9 796097818
9 604815359
9 100000009
9 677151079
9 100009
9 808401839
9 100000009
9 582654489
9 997134376
9 986520876
9 682822549
9 657869926
9 541614409
9 170595688
9 100009
9 979927500
9 299000949
9 468350369
9 373409364
9 867448289
9 735191128
9 100000009
9 900462181
9 236524769
9 100009
9 100000009
9 479716549
9 135983307
9 217799194
9 100009
9 162769750
9 980184358
9 492887028
9 134058179
9 189295082
9 185622986
9 646248509
9 100009
9 100009
9 660138619
9 511399503
9 100000009
9 478379847
9 423900128
9 281956086
9 100009
9 100009
9 100000009
9 716024259
9 100009
9 956454528
9 792493682
9 100009
9 878194591
9 867326009
9 294178953
9 222159677
9 10009
9 100009
9 100009
9 100009
9 738401697
9 785557429
9 100000009
9 909399888
9 100000009
9 100009
9 680743789
9 100009
9 100009
9 257138449
9 777430829
9 280688729
9 100009
9 764881597
9 265891614
9 100009
9 100009
9 939855842
9 970205262
9 100009
9 100000009
9 515209289
9 443951496
9 100009
9 918433143
9 743537189
9 122236529
9 570231497
9 658920729
9 212280962
9 100000009
9 604485859
9 810279575
9 347523975
9 100009
9 598674019
9 461061759
9 1009
9 817254519
9 439844648
9 100000009
9 872156529
9 409067288
9 100009
9 100009
9 319562537
9 722460529
9 832726998
9 638580691
9 568581469
9 325049098
9 392429016
9 175964256
9 828880539
9 100009
9 483479037
9 100009
9 100009
9 100000009
9 583804669
9 366672398
9 100009
9 100000009
9 100009
9 100000009
9 494935960
9 392691784
9 724227189
9 390900549
9 100009
9 100009
9 100234889
9 723098149
9 100009
9 100000009
9 100009
9 664466930
9 531022159
9 689070554
9 100009
9 889596562
9 577711879
9 100009
9 691002378
9 100000009
9 560757709
9 100009
9 100009
9 420421289
9 966892567
9 776835559
9 525198793
9 100000009
9 10009
9 100009
9 100000009
9 713976677
9 100009
9 673169755
9 818252349
9 500813579
9 782756359
9 100009
9 928878715
9 100009
9 100009
9 771202249
9 100009
9 100000009
9 222662009
9 100009
9 100000009
9 101608669
9 283552798
9 821109110
9 785797435
9 362489661
9 100009
9 100000009
9 100000009
9 435461129
9 185695197
9 303422149
9 100009
9 103975932
9 122996642
9 1000009
9 100000009
9 100000009
9 100009
9 953546790
9 100009
9 148043469
9 478085519
9 717903846
9 571633729
9 100000009
9 518129817
9 691279354
9 959197062
9 100009
9 100009
9 100009
9 304453379
9 100009
9 827511609
9 114018619
9 100000009
9 349045014
9 982806587
9 723087449
9 819622716
9 533315897
9 353632839
9 906045096
9 100000009
9 10009
9 100009
9 978217228
9 100000009
9 100009
9 100009
9 190858700
9 100009
9 100009
9 174403809
9 520455529
9 669397931
9 992499933
9 100009
9 233241749
9 422804009
9 100009
9 935719911
9 471383892
9 218857879
9 100000009
9 100009
9 963889604
9 100009
9 276342069
9 100000009
9 100009
9 661433229
9 100009
9 257417859
9 546443029
9 425325259
9 100009
9 119234745
9 10009
9 133667988
9 769717028
9 243795135
9 478612992
9 554877179
9 556401179
9 776658759
9 730799674
9 777116679
9 100009
9 956162737
9 468962954
9 100009
9 720314659
9 100000009
9 100009
9 612065759
9 999627268
9 100009
9 100009
9 100009
9 457924087
9 559890228
9 100000009
9 176902558
9 100000009
9 100009
9 359437529
9 773208290
9 10009
9 405543089
9 100009
9 129055450
9 440189321
9 100009
9 810070189
9 100000009
9 800034549
9 457108439
9 308824669
9 446181569
9 100009
9 100000009
9 346061849
9 129545749
9 814142829
9 100009
9 10009
9 728953231
9 100000009
9 310257859
9 100000009
9 100000009
9 864375379
9 889249483
9 100000009
9 726816319
9 916362577
9 630189657
9 100009
9 100000009
9 718030229
9 204945174
9 322630589
9 417604359
9 100009
9 100009
9 100009
9 873890117
9 664823609
9 733543913
9 658553559
9 349673226
9 100009
9 304845928
9 100009
9 259096427
9 291870488
9 100009
9 100000009
9 836842829
9 100000009
9 377382169
9 960781467
9 578532529
9 846480049
9 397269777
9 769637465
9 100000009
9 100009
9 100009
9 1000009
9 100009
9 100009
9 929152229
9 100000009
9 800774908
9 100000009
9 389915008
9 100009
9 913711740
9 711135169
9 379200426
9 698943464
9 386430679
9 100000009
9 130033309
9 100009
9 100009
9 696274803
9 413024639
9 100009
9 563341139
9 247690976
9 973048311
9 176276839
9 565415509
9 100009
9 100000009
9 100009
9 100009
9 814598501
9 250059895
9 100000009
9 100009
9 100000009
9 100000009
9 205439162
9 204265279
9 575323369
9 100009
9 469995370
9 100009
9 333792878
9 941754628
9 100000009
9 616685639
9 129843671
9 840786359
9 100009
9 840043049
9 100009
9 696027110
9 100009
9 181569506
9 100009
9 100009
9 498851498
9 100009
9 372352439
9 100000009
9 575398925
9 884795802
9 100000009
9 851541469
9 380044539
9 818286309
9 100009
9 100009
9 762452459
9 815595748
9 10009
9 709041468
9 100009
9 287052779
9 762435409
9 100009
9 100000009
9 514317389
9 491600704
9 356305629
9 434369313
9 690138203
9 417045359
9 724024269
9 100009
9 862913511
9 787829100
9 238255119
9 609764172
9 100000009
9 100009
9 285876798
9 100009
9 190771863
9 10009
9 803830914
9 100009
9 100009
9 513746079
9 493830742
9 100009
9 890492428
9 100009
9 100000009
9 100009
9 169816740
9 10009
9 749366352
9 100009
9 100009
9 100000009
9 1009
9 100009
9 913972726
9 312982099
9 100009
9 325720669
9 100000009
9 100009
9 100009
9 985380590
9 708010379
9 323482209
9 416831079
9 920338360
9 103005595
9 553652495
9 249847147
9 100009
9 375801229
9 676617729
9 839753976
9 775225439
9 100009
9 10009
9 100009
9 695060626
9 160468229
9 167435659
9 100009
9 660281169
9 619897917
9 10009
9 100009
9 100000009
9 358907744
9 100009
9 469845601
9 100000009
9 181232229
9 239130263
9 520000249
9 427583269
9 978422379
9 100009
9 789935937
9 390828418
9 598401580
9 865381459
9 159538790
9 965159571
9 100000009
9 487634589
9 899565642
9 889873952
9 100009
9 718013297
9 295112587
9 100009
9 722016974
9 734329193
9 100009
9 100000009
9 831114729
9 100009
9 507769176
9 100009
9 572823269
9 708910520
9 100000009
9 768835379
9 100009
9 646510259
9 10009
9 100009
9 806027519
9 100009
9 478463109
9 995043165
9 848774559
9 635911669
9 100000009
9 100009
9 413471779
9 100009
9 100009
9 964876596
9 581328879
9 100009
9 519917556
9 1000009
9 100009
9 200970348
9 454577619
9 573022729
9 100009
9 136405659
9 100000009
9 100009
9 100000009
9 100009
9 835112739
9 10009
9 212338569
9 100009
9 100000009
9 402960707
9 377889507
9 716419211
9 100009
9 164275239
9 823702729
9 100000009
9 150627759
9 100009
9 837904533
9 169220959
9 10009
9 911797750
9 108872239
9 234875039
9 837815579
9 100009
9 452320829
9 412806917
9 123330859
9 100009
9 740032259
9 100009
9 264547939
9 100009
9 100009
9 791042929
9 589324924
9 465400049
9 1000009
9 100009
9 287813859
9 100009
9 100009
9 970646078
9 652042819
9 591736215
9 100000009
9 190665482
9 119051587
9 100009
9 482094716
9 216921711
9 321747659
9 693088505
9 353862709
9 792720438
9 106983161
9 169131765
9 647532395
9 381113296
9 709438234
9 301053779
9 576908303
9 10009
9 517640490
9 100009
9 100009
9 267967921
9 714584429
9 524059600
9 484525639
9 497089676
9 396047615
9 611169826
9 100009
9 675542279
9 218306189
9 931969144
9 100009
9 519160625
9 650459034
9 100009
9 100000009
9 154868669
9 10009
9 100009
9 315779196
9 100009
9 100009
9 100009
9 720878779
9 215801169
9 940696734
9 100000009
9 323907149
9 201694036
9 126645619
9 122619292
9 387564009
9 10009
9 140736911
9 537890680
9 76218309
9 843135930
9 402584659
9 100009
9 795945208
9 797151271
9 387791581
9 324754809
9 271645719
9 469344203
9 998796615
9 395392843
9 937640055
9 308160997
9 827747911
9 100009
9 100009
9 100000009
9 100000009
9 434290375
9 100000009
9 100000009
9 519063677
9 100009
9 100009
9 803240519
9 100009
9 100000009
9 100009
9 141114039
9 605910834
9 349184097
9 492858160
9 10009
9 101791532
9 578262209
9 605186289
9 100000009
9 250807219
9 100000009
9 100009
9 100009
9 100009
9 135651309
9 100000009
9 100009
9 696660596
9 10009
9 100009
9 100000009
9 100009
9 100009
9 997500984
9 248474900
9 100009
9 100009
9 102505679
9 191903712
9 318722189
9 141882409
9 669399033
9 904872277
9 100009
9 673917492
9 100000009
9 100009
9 244474249
9 768751649
9 100009
9 844940870
9 10009
9 121768879
9 100009
9 446641897
9 100009
9 100000009
9 139718369
9 956974884
9 531814479
9 741388991
9 894223569
9 1009
9 100009
9 855725869
9 100009
9 100009
9 797012964
9 813600098
9 100000009
9 413316209
9 623006697
9 300703129
9 232393432
9 123288937
9 281623429
9 100009
9 172241519
9 100009
9 209499665
9 678634269
9 111232849
9 100009
9 1000009
9 100009
9 193930380
9 100009
9 889958501
9 142579260
9 100009
9 464091984
9 645098703
9 946837922
9 100000009
9 550845879
9 228761359
9 337542139
9 536177889
9 100009
9 100009
9 100000009
9 100009
9 927963800
9 606383469
9 116955716
9 150547249
9 174692218
9 736392355
9 100009
9 412558209
9 1000009
9 100009
9 10009
9 100009
9 100009
9 100009
9 100009
9 937453127
9 100009
9 919695326
9 100009
9 100009
9 297940999
9 945264044
9 211484973
9 100009
9 100009
9 100000009
9 100009
9 100009
9 100009
9 834962631
9 122687693
9 989819143
9 100000009
9 874530059
9 367752649
9 100009
9 124196670
9 286846049
9 541939745
9 769351149
9 320502749
9 100009
9 283867909
9 941722265
9 643404294
9 100009
9 840211359
9 501407819
9 586315389
9 100009
9 895488827
9 881635079
9 100009
9 100009
9 997383800
9 175039078
9 618620719
9 490804034
9 100009
9 461486049
9 100009
9 762916784
9 586679242
9 570013389
9 822177509
9 100009
9 100000009
9 376707970
9 100000009
9 842777259
9 100000009
9 841629637
9 147949531
9 10009
9 392700097
9 100009
9 539465925
9 964151824
9 237432889
9 988620959
9 636105659
9 977882679
9 100000009
9 595570242
9 10009
9 100009
9 711940372
9 100000009
9 148736329
9 100000009
9 100009
9 893565157
9 100009
9 165283179
9 100000009
9 1000009
9 505532339
9 100009
9 100000009
9 883733029
9 100000009
9 100009
9 100009
9 100000009
9 133398388
9 10009
9 100009
9 104017559
9 973018134
9 813902795
9 100009
9 100009
9 633656119
9 100009
9 384007269
9 862316009
9 105931370
9 100009
9 100000009
9 532784079
9 725531329
9 927141030
9 686068329
9 488367619
9 379515577
9 100000009
9 100009
9 100009
9 238062259
9 608184159
9 100009
9 100000009
9 100009
9 100000009
9 712845879
9 100009
9 136219125
9 100009
9 684052169
9 100000009
9 100009
9 945048862
9 100009
9 402464429
9 100000009
9 329093523
9 903418936
9 578838809
9 100009
9 100009
9 100009
9 599679831
9 100000009
9 718224409
9 100009
9 100009
9 256406349
9 100009
9 754291793
9 100009
9 225790943
9 909109614
9 322113129
9 100009
9 431844889
9 100009
9 132248559
9 321882069
9 227171900
9 100000009
9 100009
9 887342978
9 100000009
9 767327389
9 500288549
9 100009
9 10009
9 785432539
9 485043879
9 1000009
9 302828479
9 100009
9 100009
9 963711941
9 100000009
9 255414980
9 100009
9 487878129
9 100009
9 100009
9 874526739
9 714722069
9 181563459
9 510488209
9 912857134
9 262659636
9 148552982
9 573258759
9 100009
9 817274259
9 100009
9 100009
9 142099081
9 653955049
9 157293398
9 511320819
9 787766649
9 176061369
9 100000009
9 753930825
9 877787449
9 100009
9 100009
9 100009
9 456726889
9 100009
9 100009
9 100009
9 844503809
9 234191675
9 756533889
9 100000009
9 928999267
9 342838941
9 604367339
9 696357682
9 100009
9 353699141
9 100009
9 996310849
9 370837159
9 639384091
9 650360779
9 10009
9 100009
9 100000009
9 100000009
9 100009
9 891338685
9 648249351
9 853046439
9 188714936
9 723339371
9 687368429
9 628088559
9 100000009
9 941209267
9 100009
9 968893574
9 399959480
9 985069417
9 100009
9 918592675
9 577145509
9 100009
9 100009
9 335942471
9 435301159
9 168383591
9 324276719
9 614222459
9 577974271
9 670204329
9 803731629
9 100009
9 401247069
9 100000009
9 10009
9 332083955
9 751173779
9 100009
9 100009
9 100009
9 599604046
9 100009
9 434727961
9 100009
9 909474538
9 100009
9 233138789
9 100009
9 10009
9 703746729
9 10009
9 589115602
9 10009
9 559730347
9 801359302
9 100009
9 885182919
9 416630729
9 100000009
9 169754007
9 944646464
9 10009
9 100000009
9 848087469
9 100009
9 100009
9 225713519
9 349324158
9 665652009
9 754692281
9 100009
9 682506159
9 380573169
9 103161459
9 100000009
9 840044149
9 100009
9 995802231
9 293779874
9 520786549
9 574249133
9 212905586
9 100009
9 576396045
9 768965971
9 100009
9 10009
9 693609572
9 100000009
9 933962619
9 344371198
9 484626469
9 506927031
9 496960757
9 100009
9 297427041
9 628558779
9 589015338
9 100009
9 880199182
9 100009
9 872201986
9 719164090
9 100009
9 622567669
9 804034930
9 246332579
9 463311339
9 172122859
9 176363389
9 100009
9 990369063
9 100009
9 525109771
9 573855769
9 100000009
9 247131139
9 100009
9 677392519
9 1000009
9 100009
9 100000009
9 100000009
9 100009
9 546010339
9 245876089
9 594395187
9 100009
9 756473549
9 100009
9 169428709
9 221652917
9 105564609
9 288726509
9 100009
9 100009
9 558847509
9 359293387
9 280560569
9 100009
9 108922537
9 733694890
9 897625255
9 734100339
9 956113682
9 571640309
9 108074819
9 104266019
9 100009
9 385794738
9 100009
9 997557390
9 100000009
9 100009
9 124506119
9 517506559
9 100009
9 10009
9 100009
9 842465769
9 192996599
9 697003466
9 104692756
9 154806998
9 100000009
9 612794585
9 10009
9 100009
9 100000009
9 520008009
9 521648169
9 125084049
9 100000009
9 100009
9 607552439
9 378410189
9 10009
9 328466379
9 100009
9 100009
9 100009
9 130503129
9 558184169
9 100009
9 796059698
9 726816519
9 125400059
9 100000009
9 100000009
9 818590692
9 574138079
9 100009
9 100009
9 100009
9 100000009
9 245877191
9 502668579
9 10009
9 642706689
9 100009
9 589244537
9 100009
9 285013859
9 921624502
9 100009
9 989671879
9 350564219
9 100009
9 538615962
9 613217549
9 100009
9 517260179
9 558352359
9 630243933
9 786527159
9 496248838
9 100009
9 633293444
9 100009
9 100009
9 648170659
9 187906898
9 267718229
9 1009
9 100009
9 192538670
9 100009
9 100000009
9 970908356
9 552215059
9 100009
9 635322979
9 100009
9 100009
9 100000009
9 169531546
9 100009
9 385421829
9 10009
9 442519113
9 294532532
9 100009
9 100009
9 502851559
9 100009
9 570961289
9 149154618
9 100000009
9 326647296
9 100009
9 100009
9 446641519
9 100009
9 100009
9 906852642
9 131484179
9 100009
9 964808855
9 995115220
9 100009
9 814857649
9 100009
9 304898657
9 695259968
9 100000009
9 786814649
9 272133169
9 778010029
9 100000009
9 654047389
9 100000009
9 100000009
9 525634493
9 633749061
9 778216559
9 770485913
9 247135819
9 144573896
9 100009
9 521800159
9 11610629
9 868199088
9 100000009
9 459294421
9 846166769
9 553138209
9 546369215
9 100009
9 965427181
9 501264952
9 100009
9 558317809
9 341963987
9 100009
9 895766121
9 100000009
9 360648697
9 642843339
9 100000009
9 710789980
9 192561622
9 174925758
9 100009
9 100009
9 645435379
9 356623609
9 100009
9 10009
9 100009
9 147937542
9 412690532
9 726409487
9 660257049
9 369559363
9 100000009
9 100000009
9 373177924
9 100009
9 100009
9 382920313
9 675326929
9 999510884
9 914929395
9 971533392
9 100009
9 751606669
9 224275139
9 239965197
9 268739864
9 209892243
9 340100409
9 100009
9 290572683
9 100009
9 100009
9 100009
9 946217268
9 104003079
9 852720889
9 612261019
9 100009
9 10009
9 100009
9 100009
9 100009
9 823697760
9 777254926
9 100009
9 100009
9 835715659
9 622709052
9 169639940
9 31889478
9 10009
9 100009
9 875436749
9 345596974
9 768341349
9 268512219
9 166739310
9 1000009
9 553343569
9 100009
9 100009
9 100000009
9 405332789
9 736197446
9 170581639
9 100009
9 100009
9 100009
9 593861467
9 168930369
9 100009
9 755352619
9 100009
9 929928743
9 121128819
9 100009
9 1000009
9 100000009
9 852215594
9 468961913
9 488852916
9 323636479
9 305794312
9 100009
9 100009
9 409006685
9 388666169
9 328476496
9 100009
9 235281269
9 100009
9 100009
9 241268329
9 100000009
9 100009
9 100009
9 100009
9 100009
9 200408109
9 737647649
9 233427549
9 100009
9 379679492
9 100009
9 666922488
9 547785139
9 207675992
9 100009
9 100009
9 100009
9 946684163
9 100009
9 621650109
9 930138038
9 775121479
9 582681139
9 585098143
9 100000009
9 936311411
9 819952406
9 100009
9 561179134
9 365068059
9 220177629
9 369269558
9 375935517
9 100000009
9 100009
9 100009
9 100009
9 100009
9 100000009
9 807785149
9 10009
9 570875159
9 100009
9 564677898
9 252520349
9 676717779
9 423328729
9 196360883
9 775658669
9 343279627
9 100009
9 531234019
9 100009
9 700862094
9 317973240
9 159044737
9 100000009
9 100009
9 100009
9 170046619
9 592785685
9 423353179
9 100009
9 100009
9 133200319
9 100009
9 10009
9 560112029
9 100009
9 100009
9 100009
9 100009
9 440567489
9 100009
9 858476629
9 100009
9 565796451
9 100000009
9 100009
9 454578439
9 946041291
9 723092170
9 763392604
9 722374059
9 100009
9 443824697
9 100009
9 100009
9 317760598
9 100009
9 554672997
9 100009
9 601876169
9 589250593
9 852766659
9 522182559
9 786462319
9 400663596
9 100009
9 100009
9 235045049
9 671972334
9 877652729
9 481622829
9 850967895
9 100009
9 100009
9 509017019
9 747315359
9 100009
9 296920255
9 100000009
9 497991852
9 128244693
9 155273972
9 100009
9 1000009
9 440597877
9 100009
9 368059266
9 728226589
9 361368494
9 100000009
9 693661675
9 100009
9 388081289
9 239509397
9 10009
9 100009
9 489010786
9 10009
9 100009
9 100009
9 813421259
9 10009
9 100009
9 100009
9 100009
9 108573279
9 331071759
9 100009
9 733615789
9 546476980
9 745811279
9 100000009
9 100009
9 313403679
9 100009
9 289515588
9 100009
9 632627459
9 100009
9 679641970
9 441338819
9 253174169
9 680994078
9 100000009
9 100000009
9 10009
9 110697372
9 733427149
9 699106768
9 940263335
9 1000009
9 10009
9 785559712
9 100009
9 170670269
9 100009
9 926263043
9 585032039
9 100009
9 281710549
9 385582339
9 195907402
9 100000009
9 658705649
9 100000009
9 100009
9 794357221
9 836301689
9 100000009
9 100009
9 424826991
9 100009
9 100009
9 886423769
9 100009
9 10009
9 888888159
9 481000769
9 100009
9 100000009
9 302405946
9 100009
9 100009
9 335295212
9 100000009
9 318934526
9 913464413
9 294107889
9 149141271
9 100009
9 371671469
9 100009
9 251251849
9 430779115
9 100009
9 196931352
9 100009
9 100000009
9 100009
9 100009
9 100009
9 795964506
9 100000009
9 100009
9 10009
9 100009
9 100000009
9 633777839
9 100009
9 100009
9 100000009
9 565697817
9 10009
9 614062669
9 100009
9 603765479
9 820657309
9 100000009
9 100009
9 100009
9 100009
9 100000009
9 100009
9 842514649
9 322758119
9 816159498
9 338835049
9 100000009
9 550584149
9 699190327
9 100000009
9 349404650
9 283080292
9 738017179
9 100009
9 100009
9 761306789
9 100009
9 100009
9 100000009
9 361920648
9 100000009
9 523139566
9 186384159
9 779637825
9 511395871
9 896450623
9 10009
9 534474739
9 396108074
9 10009
9 100009
9 768831921
9 100009
9 100009
9 169008682
9 189324004
9 100009
9 908891309
9 10009
9 10009
9 100009
9 964549782
9 882449001
9 153709397
9 810678429
9 954681260
9 837679911
9 704896810
9 100000009
9 326711319
9 109
9 149242836
9 100009
9 100009
9 100009
9 329962618
9 100009
9 383790098
9 495029918
9 441082669
9 100000009
9 100009
9 351886149
9 196629331
9 268954612
9 792872789
9 100000009
9 100009
9 100009
9 751105296
9 100009
9 100009
9 846910098
9 201880349
9 100000009
9 100009
9 391921925
9 892357857
9 569794439
9 377126619
9 100009
9 100000009
9 100009
9 534049837
9 204664189
9 100000009
9 955276255
9 100000009
9 100000009
9 100000009
9 10009
9 205255389
9 199043421
9 100000009
9 595736699
9 100000009
9 958018198
9 100009
9 100009
9 100009
9 100009
9 100009
9 990827758
9 496481581
9 749914993
9 607343259
9 370619369
9 438376932
9 731522968
9 794019968
9 100009
9 100009
9 100000009
9 100009
9 748313986
9 657090900
9 396008077
9 690389396
9 100000009
9 100000009
9 100000009
9 260968056
9 100000009
9 100000009
9 100009
9 100009
9 897910350
9 425388889
9 453772739
9 584557229
9 469518682
9 584556937
9 722023549
9 888702599
9 100000009
9 100009
9 100009
9 780140309
9 580016339
9 772726294
9 685028269
9 558227199
9 100000009
9 100009
9 972453578
9 738533639
9 857697392
9 317606294
9 100000009
9 124358950
9 397822929
9 100000009
9 921786740
9 100009
9 602629943
9 653325279
9 166282019
9 978027519
9 100009
9 611859859
9 433843819
9 511819116
9 100009
9 458580069
9 182750079
9 604847219
9 10009
9 676792724
9 100009
9 630793638
9 100009
9 100009
9 573049884
9 100009
9 289927374
9 100000009
9 100009
9 464751879
9 100000009
9 504491308
9 100009
9 465597836
9 100009
9 260891243
9 538052659
9 100000009
9 100009
9 938917277
9 100009
9 369543564
9 100009
9 383781299
9 100009
9 548293468
9 812579403
9 176671269
9 183869964
9 913944568
9 100009
9 831623629
9 100009
9 100000009
9 100009
9 100009
9 664509776
9 580683469
9 100009
9 999125310
9 100009
9 913936871
9 454934076
9 988173753
9 100009
9 567463359
9 378041739
9 100000009
9 485013954
9 279319408
9 121094871
9 746822589
9 828820891
9 100009
9 492700251
9 100009
9 328899317
9 528523394
9 288864409
9 721412905
9 100009
9 100009
9 100009
9 100009
9 589968713
9 100000009
9 100009
9 478702953
9 689587992
9 147866089
9 100009
9 100000009
9 118937927
9 100000009
9 100009
9 100009
9 100009
9 927649959
9 600800459
9 100009
9 765434095
9 268420119
9 404409171
9 100009
9 748297903
9 907337341
9 100000009
9 527761179
9 100009
9 100009
9 529867857
9 561201809
9 334670189
9 297431998
9 101843296
9 973282229
9 220908115
9 927016392
9 100009
9 100009
9 409278469
9 968109443
9 100009
9 387396471
9 486016439
9 519668004
9 100009
9 515671939
9 610017139
9 709718405
9 613001798
9 349607692
9 100009
9 709868413
9 100009
9 897541084
9 893916214
9 100009
9 389359312
9 100009
9 631295506
9 100009
9 100000009
9 683797558
9 531774479
9 530368953
9 100000009
9 100000009
9 156798360
9 857591381
9 249463951
9 100009
9 352715039
9 100009
9 100009
9 100009
9 100009
9 642470129
9 157351009
9 307296237
9 191341146
9 863377109
9 883432789
9 420411669
9 100009
9 100000009
9 100009
9 100009
9 100009
9 100000009
9 292303391
9 817003569
9 139367723
9 100009
9 100009
9 162643659
9 891928035
9 994495675
9 100009
9 100009
9 108118859
9 477710179
9 100009
9 411966916
9 100000009
9 675098862
9 885260619
9 100000009
9 908956502
9 441036974
9 100000009
9 100009
9 100009
9 347460059
9 100009
9 100009
9 941552068
9 100000009
9 100009
9 718872079
9 10009
9 100009
9 100009
9 100009
9 146475269
9 426915283
9 761801639
9 100009
9 492664977
9 100009
9 216110409
9 100000009
9 368341109
9 100009
9 203206359
9 100009
9 195533733
9 100009
9 493974668
9 165793429
9 212905153
9 945400930
9 643874895
9 802336609
9 254505595
9 222602129
9 100009
9 268203479
9 540244479
9 100009
9 100009
9 100000009
9 890408776
9 915600640
9 388206349
9 100009
9 475094596
9 100009
9 816650349
9 906026216
9 100000009
9 100000009
9 10009
9 100009
9 100009
9 100000009
9 472737819
9 100000009
9 130902261
9 782472925
9 100009
9 100000009
9 100009
9 100000009
9 100009
9 100009
9 923012807
9 100000009
9 392868071
9 100009
9 100009
9 438472198
9 100009
9 100000009
9 407725940
9 561157869
9 100009
9 265429568
9 274510539
9 921102499
9 100000009
9 465490877
9 100000009
9 498658516
9 312554869
9 762775039
9 624769527
9 760596894
9 628494546
9 100009
9 944881014
9 808071389
9 100009
9 100000009
9 694698284
9 100009
9 100009
9 100000009
9 100000009
9 100000009
9 100009
9 237420049
9 676439038
9 188040789
9 413299001
9 721613829
9 287830649
9 804485329
9 488254369
9 100009
9 973904249
9 1000009
9 100009
9 100000009
9 260188819
9 439796181
9 506801719
9 100000009
9 911319177
9 100009
9 582816439
9 901335977
9 815593451
9 100009
9 865591945
9 100009
9 864467529
9 100000009
9 100009
9 707512569
9 987041790
9 931231172
9 861398519
9 100009
9 100000009
9 100000009
9 568853596
9 950244030
9 206952951
9 100009
9 100009
9 1000009
9 100000009
9 910935488
9 100009
9 521143190
9 100009
9 100009
9 781156069
9 100009
9 835946532
9 518510669
9 375975450
9 951097496
9 100009
9 100000009
9 453215549
9 100009
9 100009
9 100009
9 475214429
9 240048359
9 148830109
9 100009
9 100009
9 855924896
9 108673559
9 171880960
9 971566424
9 100009
9 581118298
9 234250429
9 100009
9 620676029
9 100009
9 64469571
9 984335224
9 869489260
9 100009
9 965227522
9 100009
9 292518399
9 796280223
9 964233839
9 501723916
9 983746016
9 940966484
9 100000009
9 984131271
9 100000009
9 817374639
9 100009
9 417675459
9 100009
9 415408935
9 350409519
9 161700839
9 616396501
9 100009
9 524147609
9 242101419
9 100009
9 574588859
9 10009
9 776489166
9 122369261
9 137615529
9 318402839
9 185843190
9 100009
9 368866349
9 100009
9 100009
9 848302359
9 530536189
9 961588461
9 100000009
9 455888409
9 100009
9 100000009
9 100009
9 100009
9 446640965
9 100000009
9 100009
9 100009
9 487803169
9 38954979
9 459924928
9 100009
9 964626534
9 100000009
9 100009
9 100009
9 443195289
9 381501659
9 100009
9 100009
9 838793714
9 100000009
9 856546669
9 100009
9 649180101
9 447823596
9 100009
9 898307609
9 262789930
9 100000009
9 100009
9 100009
9 100009
9 584189980
9 100009
9 592089905
9 228268193
9 500343279
9 100009
9 100009
9 100000009
9 100009
9 982908747
9 100009
9 190071074
9 764960568
9 899313738
9 854872339
9 225345879
9 751381649
9 100009
9 846450459
9 207298441
9 100009
9 295571975
9 426060089
9 100009
9 100000009
9 100009
9 100000009
9 727322392
9 100009
9 100009
9 259586637
9 487135957
9 100000009
9 329996702
9 100009
9 100009
9 100009
9 786897558
9 232062998
9 100000009
9 100009
9 806947373
9 126572439
9 373962952
9 363578689
9 436820690
9 922808563
9 579708593
9 998393524
9 100009
9 100009
9 254357349
9 100009
9 100009
9 100009
9 442194750
9 963638126
9 312140859
9 100009
9 417141918
9 114391995
9 627951283
9 100009
9 694172662
9 245042669
9 820298600
9 347693151
9 100009
9 855401359
9 731518797
9 100000009
9 100000009
9 414664892
9 240418809
9 955355455
9 524724469
9 538937950
9 10009
9 349809303
9 100000009
9 337734729
9 100009
9 409402891
9 411457691
9 100000009
9 10009
9 575247149
9 264340569
9 742098822
9 100009
9 976534359
9 1000009
9 363555019
9 743562549
9 723485119
9 397246183
9 10009
9 100009
9 100009
9 100009
9 110761469
9 393857893
9 100000009
9 311202279
9 750116179
9 922361731
9 569180448
9 726888789
9 962712708
9 701949935
9 100000009
9 100009
9 879790291
9 823439676
9 177811009
9 420518499
9 453247974
9 907921449
9 842755229
9 100009
9 100009
9 736317709
9 100009
9 862048669
9 688508923
9 100000009
9 378511869
9 342051901
9 797907822
9 884665019
9 913480618
9 100009
9 100009
9 10009
9 100009
9 858192472
9 100009
9 100000009
9 100009
9 999280882
9 100000009
9 293374691
9 100009
9 100009
9 167248309
9 100009
9 100009
9 921010878
9 100000009
9 796391322
9 343966631
9 868178829
9 127975792
9 100009
9 100009
9 100009
9 903099029
9 737630049
9 396989070
9 864262139
9 624535539
9 100009
9 100000009
9 100000009
9 10009
9 100009
9 985888994
9 100000009
9 100009
9 100009
9 269018768
9 968251440
9 947129374
9 374008779
9 100009
9 100009
9 100009
9 100000009
9 755596097
9 976349577
9 100009
9 1000009
9 100009
9 253098731
9 728572249
9 402007459
9 263213769
9 100000009
9 515625349
9 756448269
9 624871409
9 100009
9 750086049
9 475081849
9 872044659
9 262055389
9 100009
9 100000009
9 952285600
9 100009
9 100009
9 100009
9 907859344
9 100009
9 952825543
9 973098679
9 100009
9 100000009
9 539704679
9 100009
9 100009
9 478775539
9 100000009
9 452012139
9 532410669
9 685820489
9 10009
9 683310429
9 730477809
9 100009
9 770592728
9 100009
9 100009
9 100000009
9 748153069
9 100009
9 368506269
9 920858225
9 143266489
9 202517459
9 243752729
9 100000009
9 100000009
9 204476409
9 100000009
9 100009
9 543691541
9 384690844
9 332785489
9 100000009
9 757954622
9 100009
9 942076994
9 114331689
9 174052907
9 802865990
9 403060389
9 107653539
9 100000009
9 100009
9 324737349
9 498774599
9 795762741
9 100000009
9 100009
9 100009
9 913475980
9 100000009
9 519518935
9 382430096
9 487313995
9 100009
9 402888219
9 100009
9 300208369
9 100000009
9 679460175
9 675706689
9 856952940
9 840168990
9 100009
9 452378109
9 528393232
9 100009
9 100009
9 100009
9 100000009
9 943414981
9 100000009
9 692404537
9 100000009
9 100009
9 392576609
9 519705045
9 160707139
9 100009
9 900399120
9 484235569
9 100000009
9 100000009
9 937610296
9 537441859
9 100009
9 546753619
9 448501916
9 631574987
9 283889113
9 100009
9 100009
9 363364039
9 467067089
9 396388551
9 542828649
9 839622440
9 100000009
9 100000009
9 10009
9 100009
9 653096065
9 100000009
9 100009
9 209407405
9 897241141
9 538571259
9 100009
9 485193851
9 212067079
9 100009
9 100009
9 100009
9 438879299
9 728885009
9 100000009
9 825721489
9 100009
9 100009
9 10009
9 100009
9 100009
9 830103149
9 572443589
9 305820219
9 647340429
9 856868729
9 772777493
9 268929583
9 100009
9 103712309
9 740634649
9 100009
9 845101609
9 100009
9 100009
9 239498623
9 412441539
9 771059036
9 367783489
9 340424095
9 640039837
9 585446498
9 827942918
9 100000009
9 293662760
9 338686809
9 100009
9 100000009
9 757250379
9 100009
9 100009
9 100000009
9 100009
9 985100856
9 903522711
9 843894459
9 380787709
9 815434169
9 161415869
9 710299002
9 787107982
9 597996004
9 100000009
9 162092078
9 605166619
9 100009
9 100009
9 573994035
9 100009
9 618801809
9 331694420
9 483181119
9 998865674
9 100009
9 100000009
9 100009
9 859216046
9 100009
9 269461010
9 158363659
9 100009
9 502717569
9 740801759
9 174689075
9 100000009
9 227046849
9 362566419
9 100009
9 100009
9 394048781
9 214461943
9 100000009
9 100000009
9 904569988
9 901994574
9 100009
9 682523911
9 629254770
9 976002307
9 669997913
9 735644159
9 106835179
9 270112619
9 100009
9 728038709
9 100000009
9 760821569
9 100009
9 100009
9 100000009
9 577238992
9 889992961
9 351530219
9 100009
9 711198711
9 397652228
9 149505408
9 100009
9 485979415
9 100009
9 309979576
9 126582189
9 621780649
9 887137429
9 301965364
9 100009
9 426943276
9 941425324
9 887525139
9 812333529
9 301266059
9 112101369
9 828833359
9 100009
9 977728753
9 100009
9 369808043
9 408388019
9 394956785
9 746089269
9 745879152
9 100000009
9 963286318
9 100009
9 823348947
9 700799701
9 100000009
9 100009
9 100000009
9 800226449
9 100000009
9 989573802
9 660124029
9 513636429
9 855712009
9 100009
9 434167279
9 100000009
9 100009
9 692974859
9 667856069
9 768166739
9 333321729
9 201557669
9 937929338
9 696914862
9 168643789
9 100009
9 443662669
9 410638849
9 576484897
9 805856369
9 891383426
9 330930410
9 187063869
9 144459041
9 100009
9 978284858
9 928957814
9 244996704
9 516723539
9 924866419
9 100009
9 100000009
9 100000009
9 100009
9 100009
9 10009
9 100009
9 100009
9 298652683
9 638668659
9 273353409
9 218607549
9 316735279
9 154696265
9 471582429
9 278245389
9 885308699
9 148254963
9 100000009
9 100000009
9 100009
9 100009
9 100009
9 100009
9 100000009
9 130767219
9 906023616
9 710345059
9 227980687
9 100009
9 438345669
9 100000009
9 514350249
9 100009
9 100009
9 267098232
9 888823369
9 687933875
9 883341179
9 225348459
9 496006493
9 100009
9 544995120
9 100000009
9 945574939
9 100009
9 872964404
9 100009
9 100009
9 100009
9 272906293
9 727098879
9 908681488
9 818394458
9 100000009
9 648963412
9 521213549
9 100009
9 100009
9 765108289
9 419471450
9 326653579
9 227553769
9 844896606
9 321631559
9 491249248
9 100009
9 543772942
9 378611769
9 609422509
9 440294325
9 850352954
9 736139792
9 718893376
9 100009
9 100000009
9 507971304
9 100000009
9 100009
9 974138798
9 100009
9 795004378
9 100000009
9 123023649
9 276713259
9 100009
9 100009
9 335050729
9 100009
9 333563309
9 100009
9 828712169
9 100009
9 100009
9 917179398
9 100009
9 741942222
9 100009
9 100009
9 100000009
9 10009
9 506863923
9 811994117
9 309416563
9 973516290
9 137677209
9 100009
9 100009
9 42446389
9 100000009
9 100009
9 100000009
9 975951647
9 756502629
9 518084749
9 761176309
9 370415829
9 159567271
9 922203200
9 314710149
9 343534419
9 260857229
9 100000009
9 523145679
9 617988668
9 675960811
9 100000009
9 768111090
9 100009
9 100000009
9 552029503
9 100000009
9 759185010
9 713192138
9 100009
9 990942430
9 10009
9 602179477
9 535884119
9 495147533
9 100009
9 100009
9 711101629
9 471890311
9 673940195
9 462420009
9 132147109
9 100000009
9 947402639
9 850491749
9 100009
9 100009
9 832558039
9 134680409
9 100009
9 860686279
9 100009
9 100009
9 118777629
9 500282079
9 170242089
9 100009
9 970178565
9 100009
9 870490268
9 645697465
9 102068309
9 382026869
9 376103294
9 100009
9 100009
9 286542609
9 280524719
9 100000009
9 426710739
9 10009
9 563487968
9 396066941
9 100009
9 400086449
9 727126279
9 100009
9 311321669
9 100000009
9 164019286
9 277296601
9 423267229
9 100000009
9 947393406
9 607417529
9 10009
9 100009
9 698603168
9 481782259
9 509373200
9 674627379
9 494488960
9 957281153
9 100009
9 100009
9 664840769
9 100000009
9 100009
9 100000009
9 100009
9 100009
9 149257534
9 100009
9 257244139
9 100009
9 408474902
9 321855199
9 273988667
9 277284569
9 100009
9 100009
9 10009
9 100000009
9 583524849
9 100009
9 100009
9 100009
9 478903372
9 100009
9 310190518
9 100009
9 802738393
9 313751092
9 623523739
9 567072659
9 100000009
9 950472310
9 100009
9 100000009
9 100000009
9 100009
9 836009569
9 360589602
9 100000009
9 408470389
9 429980555
9 130128429
9 842791732
9 969420908
9 100000009
9 839608190
9 100000009
9 100009
9 100000009
9 100009
9 100009
9 225152749
9 221835139
9 100009
9 483337009
9 309003506
9 100009
9 1000009
9 127840429
9 100009
9 100000009
9 100000009
9 123227049
9 100009
9 100009
9 100009
9 670364269
9 100009
9 100009
9 528072189
9 507288932
9 200818409
9 100009
9 174323649
9 348040229
9 100009
9 613281369
9 100009
9 972088851
9 100000009
9 100009
9 332985041
9 204947376
9 166636449
9 553316961
9 960446851
9 263202179
9 248940860
9 602852309
9 100000009
9 573380039
9 100000009
9 976549121
9 789771691
9 960834213
9 491410300
9 540176079
9 100000009
9 703855379
9 643543259
9 100000009
9 487406119
9 100009
9 100009
9 496359095
9 100009
9 100009
9 476907044
9 10000009
9 100000009
9 100000009
9 100009
9 145275609
9 100000009
9 461905896
9 868556569
9 10009
9 1000009
9 100000009
9 224656905
9 921631982
9 100000009
9 505432529
9 100009
9 100000009
9 1000009
9 430268779
9 100000009
9 100009
9 430197625
9 259320732
9 100009
9 356555922
9 589318956
9 119733934
9 167379747
9 572666879
9 415311049
9 407804519
9 100009
9 100009
9 713336459
9 100009
9 622055429
9 338446419
9 726786309
9 390456943
9 800050965
9 509342997
9 309605953
9 735137269
9 749852800
9 846604595
9 497505753
9 363932740
9 100009
9 902162461
9 10009
9 686447159
9 100009
9 114750579
9 845993113
9 100000009
9 100000009
9 100009
9 268542290
9 867385209
9 630084397
9 635336269
9 800259281
9 610636994
9 815886209
9 100000009
9 601271989
9 100009
9 718640329
9 944861621
9 898700764
9 100009
9 380952072
9 238588859
9 100009
9 100009
9 100009
9 10009
9 100000009
9 100009
9 100009
9 100009
9 100009
9 900781489
9 225045259
9 635247309
9 586540609
9 373642093
9 100009
9 946710674
9 286354319
9 148373009
9 100009
9 10009
9 100009
9 463871549
9 313618289
9 100009
9 100000009
9 100000009
9 609484152
9 100009
9 311534609
9 100000009
9 545587982
9 829529760
9 100009
9 213058539
9 100009
9 10009
9 100009
9 10009
9 100009
9 100009
9 805023419
9 100000009
9 100000009
9 353670996
9 100009
9 100009
9 507747259
9 989682657
9 534837190
9 332588129
9 542863696
9 100009
9 100009
9 761333829
9 798174684
9 438425459
9 453742379
9 100009
9 439423145
9 666980912
9 527220119
9 100009
9 627468829
9 590755813
9 376285956
9 781314859
9 100000009
9 748099895
9 10009
9 511937159
9 100009
9 100009
9 100009
9 100009
9 100009
9 491139138
9 516399110
9 100009
9 612035983
9 612306689
9 100009
9 355546639
9 367729053
9 100009
9 100009
9 290235808
9 280368819
9 10009
9 296257102
9 100009
9 767053029
9 292048570
9 329431112
9 751811659
9 277767479
9 100000009
9 100000009
9 965924224
9 100009
9 901219604
9 100009
9 783170569
9 100000009
9 626594260
9 100009
9 379963178
9 125443409
9 574999192
9 100000009
9 10009
9 100000009
9 388962215
9 100009
9 773079760
9 100009
9 100009
9 100009
9 506639048
9 342410269
9 606568925
9 1000009
9 10009
9 100009
9 199070475
9 100009
9 495177536
9 291952245
9 103227139
9 100000009
9 100000009
9 100000009
9 100009
9 100000009
9 100009
9 100009
9 100009
9 236852479
9 100009
9 829105110
9 381520549
9 935097943
9 795806845
9 947584183
9 571514409
9 156573933
9 848192140
9 100000009
9 918911769
9 234509755
9 727387679
9 100000009
9 720259886
9 625927840
9 697899365
9 367760209
9 301223489
9 100009
9 863074519
9 10009
9 100009
9 918127886
9 385856419
9 562055059
9 100009
9 485910757
9 977511199
9 407464189
9 951267648
9 403652972
9 251986825
9 100000009
9 263124579
9 559894687
9 329832255
9 640571429
9 391713089
9 941061560
9 207594036
9 100000009
9 913257046
9 100009
9 387892900
9 100009
9 657137359
9 100009
9 362865429
9 10009
9 100000009
9 1000009
9 307704789
9 550671769
9 886239290
9 100009
9 692875280
9 100000009
9 504075459
9 100000009
9 559892141
9 100009
9 100000009
9 100000009
9 100009
9 100009
9 633932361
9 100009
9 474234592
9 756458879
9 769575126
9 956982522
9 986779912
9 674253139
9 445664419
9 100000009
9 458584589
9 100009
9 409472008
9 464492886
9 487755309
9 583684419
9 561619293
9 100000009
9 392246233
9 596676754
9 100000009
9 224445359
9 100009
9 682204279
9 100009
9 100009
9 532133539
9 838379667
9 137619541
9 652972609
9 874691292
9 100000009
9 121627539
9 483163729
9 100009
9 402399390
9 100009
9 905595418
9 100000009
9 176038049
9 584759716
9 100009
9 419067107
9 355314809
9 100009
9 100009
9 500724549
9 637058069
9 100009
9 614070937
9 106260139
9 803371809
9 100009
9 100000009
9 100009
9 682523779
9 100009
9 574645893
9 702416029
9 937202493
9 475345591
9 645211069
9 216015829
9 236844239
9 518618539
9 585743459
9 576381915
9 100009
9 100000009
9 100009
9 111126049
9 207732119
9 636262029
9 100009
9 719695020
9 307347619
9 196712533
9 100009
9 100000009
9 100009
9 100009
9 704773029
9 532533479
9 659406161
9 376283719
9 973636348
9 715662319
9 929396963
9 124403179
9 100000009
9 838783559
9 157830619
9 414992774
9 831973493
9 472622599
9 100009
9 836656559
9 260479260
9 100009
9 100009
9 394831569
9 247482089
9 254107449
9 100009
9 100009
9 366176669
9 781027789
9 100000009
9 275034935
9 100000009
9 674048995
9 223832319
9 100009
9 283293839
9 100009
9 676578819
9 687147549
9 555142039
9 579879673
9 100009
9 951250831
9 10009
9 683116959
9 210512794
9 100009
9 390464725
9 100009
9 924712508
9 100009
9 697260172
9 519209196
9 412185965
9 100009
9 310823397
9 955483763
9 420055429
9 100009
9 317465429
9 10009
9 816968033
9 688250629
9 100009
9 100000009
9 196642060
9 442614119
9 798168683
9 953093911
9 551451349
9 100009
9 100009
9 593131231
9 100000009
9 684056749
9 113653019
9 960252768
9 436058259
9 100009
9 100009
9 100009
9 892756980
9 100009
9 374766059
9 672765189
9 185178459
9 100009
9 454614889
9 401022998
9 571313889
9 701623129
9 729208062
9 100000009
9 981390165
9 405145953
9 732854996
9 653013809
9 100009
9 100009
9 374666669
9 100009
9 1000009
9 100009
9 711813976
9 100000009
9 380429714
9 100009
9 100009
9 100009
9 1000009
9 100000009
9 100000009
9 828881649
9 426072899
9 494705975
9 895659394
9 378388779
9 938994497
9 100009
9 100000009
9 669488291
9 306858149
9 381491872
9 100009
9 797813441
9 100009
9 100009
9 100009
9 100009
9 893100427
9 855879905
9 130589589
9 932114363
9 419976460
9 100009
9 100000009
9 857282029
9 218842869
9 408553439
9 100000009
9 100009
9 678534329
9 128367963
9 466874119
9 100000009
9 685785193
9 100009
9 100000009
9 594663072
9 462991162
9 785235892
9 100009
9 100009
9 760564619
9 676117359
9 100009
9 100009
9 100000009
9 647026339
9 869938649
9 777817649
9 736410229
9 709175278
9 924026100
9 100009
9 1000009
9 955870069
9 953591787
9 100009
9 100009
9 856918551
9 293497406
9 288231690
9 985620805
9 504646789
9 963140623
9 100009
9 215321900
9 575376629
9 100009
9 100009
9 912312256
9 946848785
9 100009
9 956281326
9 100009
9 100009
9 100009
9 10009
9 882789069
9 653362291
9 788345619
9 100009
9 354966219
9 357374129
9 100009
9 188934733
9 334361519
9 471592544
9 356197885
9 100009
9 779282434
9 354507569
9 1000009
9 836122869
9 482063449
9 620249788
9 100009
9 660732529
9 100000009
9 428930148
9 914653706
9 100009
9 100009
9 938299424
9 100009
9 182685189
9 744034779
9 100009
9 795567506
9 351032944
9 100009
9 334501389
9 100009
9 830226209
9 647557659
9 100009
9 694496704
9 314064609
9 653946109
9 700509512
9 100000009
9 217974521
9 100009
9 412448739
9 824156509
9 984618150
9 100009
9 948495782
9 380160319
9 100000009
9 327805869
9 100000009
9 494077062
9 664358459
9 195535247
9 557213879
9 100000009
9 100009
9 100000009
9 795533248
9 622511759
9 847037339
9 526459519
9 207820829
9 1000009
9 601802391
9 722054619
9 511451719
9 466406139
9 176108849
9 100009
9 100009
9 100000009
9 667124119
9 720626319
9 100009
9 180321739
9 100009
9 970999270
9 456819991
9 100009
9 535452809
9 826339849
9 100000009
9 219956313
9 326245695
9 698934596
9 100009
9 666231159
9 605265094
9 100009
9 100000009
9 100009
9 539676685
9 466783869
9 100009
9 100009
9 100009
9 875251719
9 10009
9 100000009
9 815743919
9 100009
9 773618139
9 640529276
9 627198536
9 450726539
9 868169222
9 100000009
9 100009
9 701536389
9 542477629
9 100009
9 359931254
9 100009
9 100009
9 932248431
9 745370229
9 100009
9 100009
9 100009
9 100000009
9 478589039
9 558068639
9 320908200
9 600484529
9 579586842
9 475820529
9 100000009
9 100000009
9 820026519
9 652484079
9 842977338
9 100009
9 565175039
9 100009
9 100009
9 100009
9 100000009
9 121752509
9 475949341
9 100000009
9 100009
9 100009
9 994362368
9 100009
9 292074101
9 182261905
9 100000009
9 100000009
9 100009
9 877586098
9 555063509
9 100009
9 100009
9 100009
9 100009
9 166457936
9 914537855
9 100009
9 710642689
9 942370673
9 312642409
9 363093379
9 100009
9 100009
9 100000009
9 792502457
9 100000009
9 946254149
9 100000009
9 100009
9 451454459
9 100000009
9 107641895
9 858973155
9 100009
9 230579427
9 942747987
9 100009
9 833085419
9 521612629
9 100009
9 100009
9 100000009
9 300259953
9 100009
9 100000009
9 100000009
9 100009
9 244066796
9 645507829
9 758005479
9 896674849
9 100009
9 682471419
9 566180409
9 614992736
9 210545369
9 411193361
9 100009
9 795290603
9 400796545
9 100009
9 701190018
9 627130519
9 370364889
9 100009
9 590888163
9 454141439
9 100009
9 181506749
9 381332109
9 707667439
9 100009
9 100000009
9 1000009
9 100009
9 943020095
9 100009
9 100009
9 100009
9 100009
9 830015289
9 562544049
9 415069231
9 810445439
9 100009
9 100009
9 100009
9 453760009
9 100009
9 100000009
9 100009
9 100009
9 445206691
9 991384141
9 100009
9 100009
9 701766109
9 100000009
9 539662611
9 200446889
9 100009
9 155538839
9 683461179
9 228885759
9 100000009
9 261177129
9 100000009
9 740077809
9 560198275
9 394200218
9 127331709
9 492567199
9 100009
9 419678395
9 520832639
9 183824349
9 100009
9 971758176
9 100009
9 111569744
9 379789695
9 100000009
9 100009
9 175673069
9 24607559
9 696871943
9 781244359
9 704005319
9 775156495
9 100009
9 928676692
9 192749658
9 100009
9 100009
9 100009
9 100009
9 644726039
9 100009
9 434917407
9 100009
9 345051189
9 216805319
9 425138669
9 100009
9 100009
9 843024559
9 814411379
9 100000009
9 100009
9 100009
9 349786404
9 246881975
9 856437449
9 711526359
9 153278219
9 625114396
9 100009
9 513971707
9 100009
9 100009
9 100009
9 823015339
9 100009
9 100009
9 643439227
9 718183098
9 313665049
9 975982771
9 126352889
9 100000009
9 10009
9 614173709
9 617720692
9 735018439
9 404133849
9 100000009
9 100000009
9 852064239
9 972872262
9 492902306
9 275702849
9 911293340
9 255119913
9 336682259
9 100009
9 468148957
9 660016479
9 732342759
9 276425049
9 896618146
9 309872194
9 860376039
9 683922936
9 100009
9 909228629
9 665394699
9 583287579
9 100000009
9 100009
9 181478459
9 100000009
9 100009
9 996032966
9 1000009
9 455870791
9 100000009
9 150833399
9 100009
9 227585259
9 505180294
9 100000009
9 100009
9 100000009
9 314972034
9 100000009
9 784346029
9 964661889
9 945616054
9 100009
9 100009
9 192670954
9 100009
9 280265309
9 100009
9 100009
9 100009
9 497369002
9 100009
9 100009
9 246781109
9 981289490
9 956450149
9 100009
9 100009
9 843163449
9 100009
9 579592679
9 100000009
9 100000009
9 363260629
9 795252369
9 491338613
9 996882461
9 100009
9 217562059
9 797792096
9 882291762
9 100009
9 145275924
9 396052654
9 100009
9 100009
9 243010089
9 160081779
9 100000009
9 100009
9 327999038
9 438609285
9 280641954
9 100009
9 334030849
9 943266338
9 100000009
9 889801085
9 851266109
9 100009
9 100000009
9 925768935
9 100009
9 917571655
9 100000009
9 928182390
9 100009
9 546936474
9 100000009
9 100000009
9 992601991
9 109939640
9 743026669
9 725461549
9 541582279
9 832675609
9 494364516
9 467078839
9 162027169
9 722371859
9 100009
9 666783009
9 319378045
9 828298904
9 424387369
9 817537169
9 395808047
9 100009
9 360310019
9 100009
9 587649611
9 678333589
9 588466649
9 100000009
9 226199374
9 100000009
9 525264859
9 100000009
9 265241953
9 147509166
9 175202459
9 100009
9 100000009
9 100009
9 100009
9 329154812
9 1000009
9 901935132
9 100000009
9 290226416
9 100009
9 100009
9 100000009
9 782704029
9 441034339
9 669988350
9 100009
9 100009
9 100009
9 100000009
9 1000009
9 128707629
9 100009
9 100009
9 388086149
9 791107380
9 100009
9 283599505
9 142520729
9 100009
9 592474076
9 666024269
9 100009
9 100009
9 443677769
9 103132459
9 177993044
9 639226152
9 100009
9 688285979
9 100009
9 129705229
9 625909795
9 690754723
9 666335109
9 894767655
9 100009
9 100009
9 538357797
9 800993544
9 160885901
9 100009
9 897117898
9 619296784
9 452911496
9 375699966
9 414649124
9 249265696
9 251586359
9 100009
9 10009
9 302822149
9 640514809
9 373720393
9 502112679
9 100009
9 100009
9 246750319
9 224879171
9 100009
9 890636357
9 818096058
9 286409282
9 784381279
9 100009
9 163646109
9 312867249
9 981054166
9 907307794
9 496506865
9 478585409
9 679345080
9 756654029
9 987433384
9 100009
9 497642912
9 906627545
9 100009
9 100009
9 100009
9 879264228
9 593731038
9 211371493
9 787608596
9 700254259
9 646200669
9 646397259
9 697673689
9 100009
9 100009
9 100009
9 100000009
9 100009
9 339991847
9 100009
9 679422478
9 998932877
9 889268962
9 633764339
9 100009
9 100000009
9 506056649
9 100009
9 538382269
9 100009
9 438724609
9 344582669
9 813637974
9 840840790
9 224442649
9 760451539
9 246206079
9 751108019
9 428904802
9 100000009
9 677369443
9 100009
9 592037486
9 973942240
9 464140189
9 100009
9 100009
9 100000009
9 100009
9 100000009
9 317853669
9 880588859
9 100009
9 100009
9 475494521
9 669070980
9 297572710
9 666812179
9 649866339
9 100009
9 633459656
9 264518690
9 630944603
9 153734139
9 137389137
9 646661980
9 926873227
9 100009
9 100000009
9 323359547
9 698667814
9 671900640
9 239172042
9 100000009
9 991817402
9 647133539
9 813686479
9 100009
9 100000009
9 523320449
9 172554639
9 986955851
9 100000009
9 121549975
9 754208639
9 939339568
9 499774482
9 682240459
9 31891924
9 100009
9 292977657
9 100009
9 901595715
9 898817712
9 499269105
9 772194284
9 402271749
9 100009
9 100009
9 862879615
9 708214479
9 656426769
9 399861630
9 100009
9 762214859
9 100000009
9 100000009
9 858542819
9 498736516
9 100000009
9 100009
9 100009
9 100009
9 100009
9 295197561
9 992562609
9 100009
9 100000009
9 121027459
9 417474859
9 357071139
9 580909815
9 687347709
9 755710119
9 394544712
9 159951301
9 940652413
9 100009
9 206050439
9 100009
9 100009
9 948134030
9 382194414
9 100009
9 100009
9 100009
9 100009
9 374391107
9 337472739
9 818346509
9 301496841
9 857777589
9 100009
9 100000009
9 388769653
9 100000009
9 472878391
9 100009
9 591547862
9 147607119
9 999606380
9 996147333
9 382578039
9 100009
9 100009
9 945222775
9 10009
9 100009
9 186910627
9 381368259
9 167405419
9 100009
9 1000009
9 486942095
9 362572349
9 100009
9 957155785
9 100000009
9 100009
9 531936847
9 565801697
9 100009
9 258577229
9 197629493
9 284345569
9 100000009
9 100009
9 100009
9 100000009
9 458896666
9 796153517
9 918215475
9 100000009
9 100009
9 100009
9 100000009
9 935950725
9 1000009
9 736540749
9 796074285
9 782253719
9 400515559
9 218498153
9 497992325
9 680173968
9 679548877
9 348667049
9 528895607
9 100009
9 146785923
9 100009
9 651222692
9 100009
9 100009
9 208762639
9 100009
9 100000009
9 858998438
9 222572409
9 576555957
9 175313965
9 100009
9 961337669
9 663530904
9 404695516
9 100000009
9 10009
9 867542329
9 940077217
9 100009
9 100009
9 782849193
9 100009
9 100009
9 906498318
9 523561093
9 100000009
9 100009
9 143221789
9 100009
9 100000009
9 410622659
9 317128149
9 100009
9 199470935
9 249691481
9 10009
9 100000009
9 100000009
9 378907398
9 746043469
9 541546409
9 100009
9 314149239
9 511551019
9 100000009
9 122758609
9 100009
9 100009
9 471231359
9 100000009
9 307242009
9 100009
9 100009
9 729372881
9 132442069
9 100009
9 748955066
9 110548229
9 316127719
9 161650987
9 118369611
9 226455439
9 100000009
9 893808612
9 837982183
9 898174110
9 858561957
9 100009
9 152959095
9 197323810
9 469440701
9 681239421
9 390428857
9 423796510
9 120905075
9 661134029
9 465592693
9 100000009
9 100000009
9 178088938
9 100009
9 100000009
9 100000009
9 622434719
9 976673202
9 465555439
9 566496056
9 955772041
9 872760986
9 813770519
9 100009
9 739566708
9 577726279
9 171332849
9 100009
9 472146269
9 972398023
9 100009
9 757449872
9 853950763
9 100009
9 241617289
9 100009
9 628307479
9 10009
9 559421918
9 437701829
9 469878159
9 340496206
9 243914050
9 382418789
9 100009
9 686703269
9 108022981
9 100000009
9 100009
9 436162159
9 100009
9 655774459
9 941386623
9 988804300
9 100009
9 306987799
9 843533909
9 100000009
9 642276679
9 100009
9 751916224
9 100009
9 100009
9 560884859
9 100009
9 656864944
9 530232629
9 100009
9 761479265
9 951431322
9 808036849
9 195502732
9 10009
9 526557309
9 100009
9 116118559
9 280232769
9 287527879
9 100009
9 10009
9 868928473
9 100009
9 100009
9 100009
9 100000009
9 546320298
9 682099379
9 100000009
9 100009
9 882509811
9 100009
9 1009
9 590826446
9 534930825
9 100009
9 100009
9 100000009
9 395933808
9 100009
9 10009
9 100000009
9 468195501
9 729758240
9 544037869
9 100000009
9 100009
9 100009
9 673280149
9 201120498
9 583305914
9 100009
9 923045959
9 922066397
9 100000009
9 606883139
9 100009
9 100009
9 419493788
9 190974774
9 759153015
9 745895273
9 750022709
9 844030049
9 100009
9 10009
9 514003419
9 844056459
9 325444849
9 751463769
9 548948768
9 166419004
9 815249179
9 177248495
9 744358819
9 376609415
9 381118809
9 100009
9 650164549
9 887918499
9 980943654
9 887436219
9 100009
9 100009
9 312992202
9 100009
9 100009
9 100000009
9 100000009
9 1000009
9 935235340
9 770864955
9 123184498
9 100000009
9 311146409
9 100000009
9 447629189
9 13052009
9 100009
9 358489921
9 357752591
9 100009
9 792143583
9 100009
9 522073229
9 10009
9 643234159
9 100009
9 246409862
9 100009
9 100009
9 100009
9 912797074
9 100009
9 295938643
9 879774743
9 636476589
9 224008997
9 100000009
9 555694860
9 100009
9 508466389
9 439378464
9 100009
9 115818609
9 100009
9 100009
9 100009
9 548401029
9 100009
9 100000009
9 833717889
9 835456596
9 100009
9 775635589
9 499264628
9 266865629
9 100000009
9 100009
9 100009
9 100009
9 888024379
9 259620147
9 732490746
9 912908661
9 448854239
9 100000009
9 100009
9 723263269
9 100000009
9 100000009
9 100000009
9 748309169
9 305207369
9 100009
9 667801109
9 806422189
9 100009
9 100009
9 385894632
9 100000009
9 100009
9 525434988
9 539286750
9 100009
9 100000009
9 100009
9 100009
9 379411720
9 100000009
9 263363339
9 100009
9 909270033
9 100009
9 790421166
9 100000009
9 897887998
9 851947275
9 100000009
9 952588176
9 665956116
9 676819881
9 327845659
9 268903611
9 688682689
9 100000009
9 617207229
9 655256849
9 100009
9 100000009
9 593936585
9 100009
9 100009
9 745996902
9 100009
9 100009
9 109946816
9 828233239
9 100009
9 778934612
9 275618169
9 1009
9 160586196
9 100009
9 274254669
9 100000009
9 100009
9 258185229
9 439823064
9 278777509
9 184295849
9 888266579
9 284969194
9 245179384
9 53108379
9 282297130
9 100009
9 962910954
9 100009
9 100009
9 100000009
9 145220459
9 100009
9 250279439
9 100009
9 258205249
9 100009
9 483520409
9 626495830
9 380012579
9 198181759
9 671114069
9 100009
9 100009
9 100009
9 100009
9 674546629
9 879985043
9 799146079
9 356683029
9 100009
9 184393935
9 735873359
9 100009
9 100009
9 669053481
9 100009
9 183803149
9 100009
9 100009
9 902096410
9 234999590
9 100009
9 749746538
9 100000009
9 358387395
9 100009
9 100009
9 100009
9 236106419
9 671162459
9 863929492
9 10009
9 100009
9 100009
9 105638219
9 996035855
9 100009
9 100000009
9 915033470
9 356831359
9 100009
9 10009
9 100009
9 100009
9 851721894
9 662184339
9 607987918
9 733353908
9 100009
9 768244944
9 825807069
9 756188789
9 100009
9 694137894
9 100000009
9 316484943
9 100009
9 673137529
9 230445519
9 116460079
9 835621029
9 340470449
9 100009
9 100000009
9 100009
9 512411769
9 100000009
9 955395268
9 100009
9 615496884
9 422707149
9 240804579
9 977035426
9 100009
9 436138289
9 100000009
9 520399716
9 348889865
9 290693759
9 116426229
9 689745010
9 325446379
9 272990424
9 810431659
9 10009
9 100009
9 100009
9 112659482
9 128768449
9 700150239
9 349299096
9 874432279
9 622016609
9 130283569
9 274617159
9 230126009
9 476495752
9 100009
9 100009
9 100009
9 100009
9 137697482
9 909065064
9 552588419
9 10009
9 100009
9 830945807
9 100009
9 433266469
9 100000009
9 304912576
9 100009
9 100009
9 780994553
9 596384160
9 740377009
9 100009
9 968758203
9 411901141
9 311501549
9 250260903
9 100000009
9 100009
9 262348609
9 979849493
9 760665496
9 217317469
9 116729867
9 660702449
9 100009
9 959596191
9 203456079
9 140522029
9 100009
9 717643695
9 845690063
9 805568719
9 100000009
9 122703089
9 993566564
9 355880819
9 463735679
9 579371002
9 269532601
9 136478749
9 783373069
9 100009
9 100009
9 100009
9 328870269
9 952688832
9 100009
9 600593714
9 463032259
9 795653975
9 513530879
9 864737589
9 621015962
9 100009
9 100009
9 100000009
9 386276839
9 411961538
9 314112809
9 100009
9 160959261
9 814016639
9 863963603
9 100009
9 650644219
9 480498808
9 400745569
9 350513759
9 512442569
9 213371469
9 456814491
9 323776089
9 100009
9 221410629
9 100009
9 100009
9 541038379
9 100009
9 100000009
9 100009
9 100000009
9 673489086
9 287145369
9 100000009
9 198848525
9 308132219
9 322358119
9 574720579
9 127863559
9 529161608
9 583011639
9 100009
9 724716029
9 100009
9 785777890
9 596358469
9 517466349
9 100000009
9 100000009
9 845490367
9 164500889
9 234390272
9 469302834
9 604267957
9 977103994
9 993045940
9 417193536
9 361728669
9 100009
9 100000009
9 129839752
9 729285994
9 223634249
9 895088075
9 100009
9 100009
9 759375896
9 100009
9 100009
9 266179056
9 100009
9 917702122
9 100009
9 100009
9 100009
9 100009
9 451539893
9 185964123
9 550274819
9 658454449
9 767644679
9 100009
9 100009
9 100009
9 100009
9 414011809
9 966291760
9 452276296
9 100009
9 116620509
9 908005388
9 100009
9 273707954
9 268261229
9 972312294
9 100009
9 830543839
9 100000009
9 313082059
9 723747297
9 100009
9 100009
9 100000009
9 894022662
9 603271619
9 870018906
9 100009
9 287402869
9 798282180
9 399630145
9 173025449
9 727802719
9 100009
9 669673878
9 220967690
9 944891645
9 310811249
9 701465879
9 100009
9 100000009
9 100000009
9 347883639
9 25975580
9 909746273
9 705409502
9 788511569
9 100009
9 484537509
9 100009
9 126257195
9 111757359
9 138823819
9 10009
9 1000009
9 423146409
9 820831589
9 100009
9 995990036
9 719655516
9 1000009
9 650806392
9 100009
9 666474998
9 544016079
9 100009
9 100009
9 847332009
9 813839894
9 215537179
9 540103339
9 100009
9 100000009
9 622363349
9 829241406
9 100009
9 100000009
9 388659326
9 435540829
9 100009
9 379312130
9 594597119
9 500864439
9 799908476
9 941636332
9 846365689
9 665458409
9 100009
9 889812375
9 100000009
9 757241369
9 681939502
9 290166935
9 100000009
9 100009
9 100009
9 10009
9 100009
9 100000009
9 666229947
9 484809997
9 292431002
9 100009
9 100000009
9 466439955
9 995353549
9 582861129
9 100009
9 451474339
9 88600619
9 355993122
9 505772907
9 100009
9 219496776
9 523798431
9 619859557
9 738383749
9 167822769
9 10009
9 956867705
9 762030409
9 895910560
9 962063225
9 113947162
9 100009
9 153248559
9 126439986
9 100009
9 203395466
9 104281914
9 100009
9 263207549
9 998961203
9 830951311
9 858257954
9 100000009
9 100009
9 663294922
9 100009
9 100009
9 100009
9 100000009
9 100009
9 100000009
9 100009
9 958152985
9 556203449
9 294117117
9 100009
9 205563249
9 100009
9 874574409
9 109271543
9 100009
9 100009
9 884202924
9 593115897
9 208219333
9 100009
9 588651249
9 725588649
9 725808319
9 10000009
9 880393117
9 100009
9 100009
9 100009
9 1000009
9 100009
9 633023309
9 100009
9 100009
9 100000009
9 320301949
9 100009
9 100009
9 100009
9 582460629
9 100009
9 579985510
9 100009
9 961750363
9 100009
9 766951267
9 777047029
9 100009
9 100009
9 228406896
9 539205981
9 115795732
9 305840579
9 142332019
9 100009
9 206164209
9 100000009
9 100009
9 809860705
9 632411569
9 375625069
9 1000009
9 100009
9 100000009
9 100000009
9 870773639
9 138417910
9 1000009
9 953289548
9 806950823
9 10009
9 100009
9 100009
9 429685986
9 100009
9 100009
9 237176059
9 427461509
9 444188259
9 701129178
9 100009
9 468753359
9 868219368
9 969911911
9 920125630
9 144145079
9 100009
9 100009
9 100009
9 100009
9 956588209
9 260051649
9 474770749
9 201860229
9 100009
9 458014597
9 10009
9 385078379
9 337107975
9 100009
9 100009
9 10009
9 100000009
9 10009
9 934249825
9 100009
9 100009
9 100009
9 100000009
9 100009
9 100000009
9 624902656
9 100000009
9 991921268
9 439539892
9 272077459
9 100000009
9 100009
9 100009
9 246855193
9 100000009
9 100000009
9 328198047
9 100009
9 311420009
9 367899000
9 100009
9 100009
9 100000009
9 473004859
9 770972271
9 274760549
9 205563329
9 692060852
9 736381149
9 742503792
9 160156139
9 891695702
9 867627659
9 100009
9 100009
9 100009
9 299779530
9 980640393
9 100009
9 100009
9 100009
9 100009
9 848875449
9 100009
9 100009
9 452503997
9 100009
9 1009
9 344183197
9 724639050
9 100009
9 100009
9 375413970
9 733013889
9 287630289
9 287664009
9 376025619
9 103505089
9 970254368
9 76543709
9 658416509
9 100009
9 100009
9 100000009
9 100009
9 100000009
9 440524689
9 205592032
9 10009
9 408231679
9 473160829
9 924489378
9 543312719
9 315796708
9 100009
9 454519615
9 377676669
9 100009
9 100009
9 177051209
9 100009
9 501921030
9 414942210
9 100009
9 749259829
9 10009
9 531355029
9 100009
9 988499644
9 100000009
9 994524949
9 837787859
9 100009
9 100009
9 100000009
9 100000009
9 474058479
9 405219537
9 100000009
9 100000009
9 655019766
9 167248859
9 351053129
9 145488529
9 601464729
9 640480629
9 280887709
9 297246526
9 436787179
9 554254679
9 1009
9 645078049
9 100009
9 609405490
9 905775927
9 100000009
9 969162005
9 100000009
9 100000009
9 384281809
9 100009
9 100000009
9 100000009
9 10009
9 911183448
9 100009
9 100009
9 899970786
9 100009
9 747065198
9 100009
9 100009
9 100000009
9 162948676
9 298345227
9 100009
9 974964677
9 100009
9 588433459
9 666321059
9 625717921
9 905362275
9 987978680
9 987579571
9 997564612
9 10009
9 100009
9 100009
9 325839446
9 100009
9 100000009
9 614903324
9 707187129
9 465507941
9 425246492
9 100009
9 100000009
9 100000009
9 574659392
9 460170389
9 199559487
9 392844458
9 901697106
9 924603144
9 133203219
9 100000009
9 1000009
9 100009
9 100009
9 718994169
9 763707219
9 100000009
9 10009
9 100000009
9 100009
9 423044439
9 100009
9 176689664
9 100009
9 100009
9 100009
9 100000009
9 100000009
9 273255849
9 100009
9 100009
9 100000009
9 806744339
9 325724529
9 652899014
9 582511009
9 299093585
9 273054197
9 100009
9 100009
9 211380259
9 567066639
9 151917690
9 100009
9 104681429
9 100009
9 100009
9 10009
9 100009
9 100009
9 100009
9 100009
9 781793588
9 335340917
9 10009
9 100000009
9 385650369
9 100009
9 647244907
9 890195520
9 753063796
9 100000009
9 596706604
9 100000009
9 100009
9 987618616
9 100009
9 586151189
9 100009
9 209790031
9 124810139
9 508331489
9 206935218
9 204784079
9 230761692
9 100009
9 903458094
9 335534290
9 566884739
9 495482740
9 394491493
9 1000009
9 194092600
9 100000009
9 10009
9 100000009
9 100009
9 100009
9 100000009
9 730983628
9 100009
9 489409596
9 100000009
9 718308917
9 100009
9 620830089
9 100009
9 100009
9 834361829
9 215943912
9 1000009
9 100009
9 100009
9 654615495
9 549571091
9 107572915
9 100009
9 777554199
9 959968624
9 100009
9 594845439
9 100009
9 658544947
9 522920610
9 100009
9 127812249
9 865799850
9 711555539
9 991252431
9 313257419
9 100009
9 160100019
9 100009
9 100000009
9 100009
9 705449886
9 184143809
9 689463812
9 562307309
9 100009
9 100009
9 488604429
9 100009
9 475916522
9 100000009
9 958494426
9 100009
9 100000009
9 894388884
9 646396147
9 245408679
9 100009
9 716364239
9 376474159
9 968429747
9 100009
9 10009
9 193885790
9 100009
9 100009
9 100009
9 100000009
9 656603719
9 100009
9 100009
9 10009
9 100009
9 732106229
9 388439731
9 1000009
9 202555819
9 10009
9 144541069
9 430231809
9 767599132
9 474261559
9 100009
9 131626249
9 872990477
9 100009
9 10009
9 100000009
9 399232181
9 305547689
9 100009
9 100009
9 381019273
9 348733039
9 10009
9 330855119
9 545416019
9 654027149
9 100009
9 277149180
9 100000009
9 100009
9 100009
9 100000009
9 479511801
9 873134229
9 100009
9 100009
9 100009
9 162349250
9 796934771
9 100009
9 100009
9 316634019
9 100009
9 593723102
9 463550369
9 100000009
9 100009
9 441556009
9 100009
9 100009
9 267318479
9 100009
9 100009
9 152425179
9 100000009
9 216968785
9 961604081
9 100009
9 100009
9 339767578
9 837535429
9 100009
9 442789967
9 410261279
9 809145529
9 564655249
9 887664398
9 455027953
9 422679853
9 100000009
9 587414009
9 319184013
9 481828649
9 255429325
9 100009
9 100000009
9 100009
9 100009
9 100009
9 611141189
9 100009
9 100000009
9 251283589
9 100009
9 585305769
9 887161449
9 1009
9 100009
9 100009
9 100009
9 324224329
9 243299207
9 100009
9 100009
9 573325729
9 266114952
9 789533447
9 100009
9 100000009
9 100009
9 788408529
9 100009
9 100009
9 551047059
9 494785010
9 100009
9 181945661
9 369032805
9 100009
9 165811119
9 223824509
9 100009
9 445408339
9 100009
9 409673990
9 486985012
9 188281129
9 100009
9 100009
9 186704992
9 726929998
9 100009
9 803614279
9 100009
9 763727079
9 100009
9 698843149
9 924163170
9 617585549
9 861452149
9 100009
9 535725849
9 285848029
9 100009
9 216764329
9 100009
9 100009
9 535076329
9 100009
9 10009
9 738276759
9 100000009
9 142160995
9 100000009
9 404463917
9 706108659
9 100009
9 100009
9 100009
9 418969817
9 532452559
9 100000009
9 100000009
9 100009
9 100000009
9 285239942
9 509351885
9 230832479
9 100009
9 555175579
9 123101596
9 100009
9 739433765
9 354382935
9 581628936
9 826669726
9 256528339
9 100009
9 149286163
9 574491286
9 773315890
9 10009
9 129152330
9 149689117
9 764854259
9 581319651
9 100009
9 913102694
9 337365489
9 100009
9 757318139
9 100000009
9 488031089
9 780908557
9 100009
9 807064649
9 189601801
9 100009
9 100009
9 100000009
9 100009
9 100009
9 832753609
9 670710669
9 100009
9 100000009
9 928971010
9 302628669
9 628352379
9 465766019
9 898651339
9 100009
9 639621010
9 276189066
9 198115274
9 145675339
9 978741670
9 100000009
9 267660589
9 622845319
9 864832429
9 894068683
9 470860629
9 886650249
9 806067279
9 501929678
9 109
9 312629842
9 435664659
9 556744029
9 100009
9 349936350
9 100009
9 100000009
9 100009
9 100009
9 1000009
9 218982008
9 100000009
9 708775925
9 282686609
9 196712187
9 981308788
9 111031539
9 616515977
9 100009
9 342334139
9 512879518
9 18472790
9 874405329
9 738372933
9 100009
9 892292153
9 300535179
9 100009
9 100009
9 100009
9 340961613
9 370647894
9 100009
9 428295530
9 100000009
9 138790399
9 671531229
9 194873993
9 562888389
9 100009
9 905226793
9 10009
9 606876389
9 781385509
9 100000009
9 100000009
9 417027259
9 100009
9 754567669
9 932351136
9 511390862
9 100000009
9 100009
9 962863948
9 839491971
9 911430220
9 300250096
9 274172519
9 100000009
9 100009
9 952598856
9 511474069
9 100009
9 468770479
9 864653869
9 564942654
9 420494612
9 507224159
9 100009
9 332591195
9 652131529
9 938817119
9 178908202
9 823625319
9 100009
9 100009
9 891451685
9 207649904
9 773620259
9 100000009
9 100009
9 100009
9 334095206
9 376159802
9 100000009
9 301245569
9 100009
9 100009
9 730538859
9 100009
9 100009
9 10009
9 100009
9 100009
9 273178569
9 100009
9 100009
9 389245475
9 914122886
9 827650149
9 128722149
9 394939348
9 766056239
9 100009
9 1000009
9 693518671
9 573959837
9 100009
9 100000009
9 100009
9 196249047
9 100000009
9 822859672
9 412192711
9 513505469
9 100009
9 753967570
9 595679066
9 834548269
9 100009
9 100000009
9 912773847
9 100000009
9 100009
9 370232779
9 679956554
9 520411089
9 571083529
9 950936709
9 241344759
9 897528123
9 517298085
9 576892646
9 846055309
9 453985765
9 924072778
9 433013669
9 100009
9 100009
9 100000009
9 293915871
9 288994055
9 126340729
9 803411139
9 596277803
9 100009
9 768042429
9 446656839
9 100000009
9 522575139
9 100000009
9 178165129
9 788158964
9 100009
9 100009
9 861767349
9 412397581
9 508174970
9 100009
9 866327195
9 100009
9 172713109
9 310000079
9 100000009
9 809723577
9 830419598
9 959067644
9 1000009
9 710510889
9 938093553
9 676192734
9 100000009
9 100000009
9 966930085
9 100009
9 101610269
9 251689918
9 196497238
9 100009
9 100009
9 100000009
9 624559282
9 100000009
9 927619361
9 100009
9 457641369
9 900442792
9 279921852
9 138668359
9 100009
9 134730879
9 100009
9 144504119
9 755970853
9 100009
9 788648009
9 908111713
9 100000009
9 902543240
9 592920804
9 442498533
9 187939466
9 350873291
9 100000009
9 100000009
9 100009
9 822503809
9 823788797
9 459271160
9 631713459
9 338649630
9 876944613
9 279525228
9 665360049
9 848991161
9 10009
9 413733629
9 100009
9 100009
9 693899061
9 100009
9 801498680
9 100009
9 100009
9 285988030
9 278892116
9 100000009
9 373361579
9 1000009
9 631177199
9 100000009
9 865324509
9 179434719
9 100000009
9 10009
9 841712329
9 831072689
9 267882559
9 935719183
9 100009
9 958582163
9 10009
9 182271819
9 560598404
9 294488225
9 100000009
9 100009
9 100000009
9 100009
9 605226908
9 100009
9 100009
9 100009
9 404774509
9 775268849
9 248109045
9 757908488
9 643343009
9 100009
9 100009
9 100000009
9 100009
9 723707479
9 747682509
9 319979458
9 909406626
9 100009
9 210969140
9 306962932
9 100009
9 100009
9 297911037
9 905926951
9 100000009
9 100000009
9 470218679
9 283438394
9 357151779
9 281859746
9 100000009
9 568596439
9 551359329
9 100000009
9 941098123
9 896154019
9 100009
9 470068297
9 153278879
9 366141179
9 371385689
9 100009
9 500750759
9 100009
9 616464479
9 356336749
9 1000009
9 100009
9 574091668
9 100009
9 723781659
9 661040789
9 404993981
9 999204705
9 100009
9 273159097
9 608231279
9 288012249
9 674019828
9 100000009
9 161788049
9 274704739
9 588024119
9 772713209
9 100009
9 978717531
9 693889505
9 100000009
9 703986956
9 100009
9 265128829
9 714035869
9 100009
9 289944649
9 100009
9 100009
9 767919576
9 100000009
9 100000009
9 552441069
9 589530513
9 100000009
9 668746889
9 100009
9 100009
9 759976937
9 100009
9 904265871
9 229035505
9 485324609
9 100000009
9 633243269
9 100009
9 802496141
9 122082639
9 10009
9 100009
9 100009
9 100009
9 781980410
9 100009
9 208795350
9 100000009
9 938659730
9 100009
9 10009
9 100009
9 979046026
9 100000009
9 884732699
9 102104859
9 536354749
9 493948456
9 574201489
9 100009
9 530086329
9 370490748
9 390640533
9 593410477
9 100009
9 100009
9 10009
9 528628089
9 241547988
9 584397075
9 140191168
9 647847569
9 929982839
9 100009
9 100000009
9 100009
9 590870807
9 158437089
9 100009
9 669908514
9 260558729
9 659988852
9 168147409
9 767906582
9 100009
9 854391596
9 132407829
9 517763790
9 100000009
9 862906993
9 100009
9 100000009
9 713427309
9 924626763
9 100009
9 645911229
9 100009
9 500897676
9 100009
9 100000009
9 100009
9 513555669
9 100009
9 100009
9 427019832
9 163036049
9 100009
9 797479285
9 100009
9 619629730
9 100009
9 116694889
9 733773609
9 100009
9 100000009
9 100009
9 786258029
9 100009
9 100009
9 100009
9 865295351
9 778462409
9 706807092
9 101379953
9 882034694
9 833010049
9 304202839
9 787187679
9 149849002
9 721428209
9 247295382
9 164311609
9 215478098
9 100009
9 272257839
9 193061926
9 100000009
9 100009
9 100009
9 100009
9 100009
9 590042874
9 753469964
9 100009
9 867295455
9 730101994
9 779818060
9 284530289
9 100009
9 478128479
9 891615292
9 570562739
9 161082159
9 100009
9 100009
9 100000009
9 733546592
9 235126479
9 100009
9 100009
9 100000009
9 855166709
9 798092964
9 100009
9 100009
9 600682759
9 489371487
9 452436891
9 100009
9 100009
9 450216619
9 972843628
9 851074019
9 260206109
9 472268879
9 863024239
9 760690312
9 100009
9 175205940
9 100009
9 349158398
9 455374329
9 375242429
9 522236889
9 100009
9 100009
9 106158298
9 100009
9 100009
9 100009
9 725400639
9 310580429
9 100000009
9 100009
9 251730549
9 562009997
9 643225139
9 794948156
9 106647189
9 962551383
9 100009
9 592933490
9 100009
9 323770189
9 331661995
9 496461783
9 586957716
9 932692397
9 100009
9 464228749
9 571612393
9 100009
9 568107392
9 606556879
9 407786309
9 693615082
9 100009
9 536539588
9 569076781
9 100009
9 653521559
9 100009
9 177489842
9 100009
9 886657409
9 737515059
9 100009
9 361042539
9 631071559
9 819791438
9 691469523
9 948680198
9 743992293
9 100009
9 100000009
9 929323453
9 931354143
9 849794501
9 100000009
9 220269191
9 343275996
9 951649131
9 760085659
9 100009
9 386287589
9 100000009
9 100000009
9 117168339
9 357619416
9 100000009
9 100009
9 126608589
9 100000009
9 220675269
9 100009
9 299764948
9 100000009
9 624671449
9 100009
9 100009
9 481266925
9 100009
9 225150769
9 100000009
9 100009
9 476428149
9 100000009
9 100009
9 177575809
9 100009
9 897141369
9 628454907
9 856511059
9 100000009
9 475921862
9 368593467
9 100009
9 508448409
9 319660822
9 770374369
9 100009
9 100009
9 100009
9 914582393
9 353416329
9 451408679
9 100009
9 100009
9 249470290
9 674518259
9 935470536
9 809126892
9 229724557
9 443801279
9 100009
9 718685955
9 100009
9 250831419
9 100009
9 854239047
9 117124449
9 100009
9 600537509
9 589134788
9 100009
9 100009
9 200543349
9 10009
9 100009
9 100000009
9 436263849
9 100009
9 247494438
9 120121986
9 891617088
9 225661309
9 100000009
9 530308079
9 100009
9 387250139
9 165612769
9 44507990
9 100009
9 708142739
9 526948897
9 100009
9 100000009
9 303890200
9 100000009
9 360216059
9 677546419
9 874634179
9 354441169
9 100009
9 100000009
9 100009
9 232024819
9 731744359
9 704681229
9 990943561
9 560467196
9 972977878
9 216739631
9 125414259
9 310221933
9 332002579
9 932655778
9 949984369
9 100009
9 757585829
9 100009
9 365845679
9 100009
9 100009
9 969237839
9 335188889
9 1000009
9 982614654
9 100000009
9 242681019
9 865195717
9 100009
9 788578779
9 100009
9 416077669
9 100000009
9 100009
9 346530879
9 530952678
9 391169449
9 214199953
9 103072169
9 100009
9 100009
9 148825769
9 100009
9 100000009
9 10009
9 868887789
9 983611297
9 10009
9 504410239
9 491259506
9 415575709
9 264638759
9 777427039
9 10009
9 641971434
9 719886709
9 100000009
9 447953147
9 140141359
9 100000009
9 326292984
9 233111259
9 397291120
9 194864159
9 642620659
9 495538563
9 100009
9 100009
9 100009
9 190580502
9 804192657
9 116670089
9 100000009
9 630614197
9 714271559
9 829100372
9 817245229
9 100009
9 112892909
9 100009
9 622950227
9 100009
9 100009
9 136989233
9 125774009
9 100009
9 778382974
9 893937198
9 100009
9 100000009
9 272377119
9 100009
9 203099745
9 690778054
9 646161192
9 100009
9 230942430
9 100000009
9 100009
9 452660069
9 789647414
9 100000009
9 941233317
9 182653249
9 782679362
9 426712389
9 100009
9 117606519
9 100009
9 120643109
9 474955505
9 879201930
9 100000009
9 10009
9 100009
9 100009
9 100000009
9 100009
9 100009
9 481072988
9 159371473
9 692077814
9 100009
9 100009
9 100009
9 100000009
9 100009
9 797254446
9 414090636
9 1000009
9 100009
9 100009
9 216837869
9 100000009
9 100009
9 100009
9 854306529
9 100009
9 100000009
9 809392044
9 415240159
9 829736219
9 714157986
9 390550683
9 100000009
9 920899015
9 213341933
9 167572918
9 100009
9 849667670
9 100000009
9 100009
9 890070890
9 100009
9 394276439
9 100009
9 100009
9 652759048
9 306793863
9 145275469
9 100009
9 100009
9 100009
9 112906998
9 100009
9 387298907
9 100009
9 737829047
9 993815162
9 100009
9 719195833
9 100000009
9 690668607
9 100009
9 100000009
9 572098963
9 10009
9 723994860
9 100009
9 100009
9 480069158
9 508102749
9 386851592
9 596191399
9 238167439
9 413321994
9 537696553
9 951361507
9 106777929
9 485717900
9 482620189
9 755966262
9 100009
9 816402449
9 607542679
9 100009
9 100000009
9 849333482
9 100009
9 100000009
9 658929132
9 100009
9 106193215
9 648963702
9 654868489
9 549448367
9 354832279
9 377401119
9 100000009
9 868144519
9 646544519
9 100009
9 100009
9 10009
9 148088609
9 897571336
9 100000009
9 100009
9 999046692
9 949975013
9 100000009
9 559980919
9 100009
9 800863809
9 10009
9 100000009
9 289830445
9 100000009
9 100009
9 157391038
9 200048669
9 976636536
9 971291748
9 900211148
9 106262389
9 100009
9 100009
9 379058498
9 876257963
9 100009
9 100009
9 937379436
9 100000009
9 100009
9 100000009
9 766615259
9 100009
9 838721279
9 100009
9 367650559
9 100009
9 100000009
9 113794796
9 100000009
9 100009
9 100009
9 394431302
9 100009
9 892074820
9 303905316
9 44274994
9 645480339
9 299031694
9 491465471
9 681747619
9 100009
9 100009
9 178957154
9 100009
9 100009
9 778018239
9 100009
9 712640729
9 100009
9 597586630
9 100000009
9 277893870
9 100009
9 602586159
9 650577769
9 508624977
9 366152689
9 100009
9 100000009
9 663376089
9 100000009
9 10009
9 439967732
9 599412817
9 100000009
9 102227923
9 188647159
9 383588539
9 379345193
9 100009
9 100009
9 852012395
9 262015159
9 100009
9 815951666
9 100009
9 344122389
9 100000009
9 836637649
9 100009
9 353838049
9 396235966
9 100009
9 100000009
9 788189154
9 283362649
9 551860739
9 100000009
9 100000009
9 839193919
9 483503539
9 100009
9 100000009
9 100009
9 419796947
9 839656407
9 916883333
9 498082964
9 595087074
9 100000009
9 220410079
9 361898402
9 100000009
9 845704659
9 100009
9 100009
9 815620129
9 781380439
9 100009
9 669091877
9 10009
9 100000009
9 453555879
9 100009
9 897313164
9 655911066
9 100009
9 100000009
9 220214649
9 100009
9 271281619
9 461067819
9 100009
9 459626751
9 889798171
9 100000009
9 100009
9 849928898
9 988216221
9 115341594
9 210595681
9 376130379
9 510120649
9 100009
9 100009
9 482015759
9 984733783
9 279469931
9 707242249
9 100009
9 993400075
9 621489634
9 100000009
9 208188429
9 100009
9 920961332
9 733754089
9 100000009
9 904936136
9 100000009
9 100000009
9 100009
9 307613479
9 519243435
9 615645129
9 470755039
9 374623924
9 438691765
9 762614879
9 754239909
9 100009
9 283983839
9 100000009
9 100009
9 894818995
9 286361689
9 100000009
9 100000009
9 100009
9 861571239
9 347357749
9 192341617
9 447644943
9 878294103
9 100009
9 475094306
9 775995768
9 895421239
9 100009
9 409760774
9 377889844
9 10009
9 100009
9 949254692
9 302358269
9 324687649
9 806895106
9 764817619
9 218535529
9 100009
9 100009
9 789945631
9 451206269
9 122764079
9 303464979
9 100009
9 100009
9 100000009
9 100000009
9 729604137
9 181169032
9 150444089
9 199875639
9 910001018
9 100000009
9 325674179
9 100009
9 100009
9 577019055
9 117108459
9 579316085
9 868260089
9 423307329
9 604301790
9 754128759
9 329782124
9 816909595
9 958470020
9 191629457
9 100009
9 268748119
9 756063090
9 477483009
9 839316200
9 867621639
9 1009
9 100000009
9 100009
9 100009
9 100009
9 100009
9 100009
9 100000009
9 100009
9 992725615
9 10009
9 770750639
9 274140639
9 100000009
9 855762912
9 100009
9 522323559
9 748620469
9 217780069
9 10009
9 100009
9 100009
9 100009
9 100009
9 243621339
9 100009
9 100009
9 800584009
9 423564859
9 100009
9 100009
9 652917460
9 937202880
9 130474779
9 608469850
9 100000009
9 100009
9 100009
9 100009
9 100009
9 702740198
9 652710569
9 100009
9 100009
9 501574829
9 100009
9 100009
9 100009
9 758122249
9 122181809
9 100000009
9 100000009
9 100009
9 194778612
9 777204889
9 238543059
9 195342565
9 100009
9 483000709
9 825372629
9 100009
9 567417239
9 100009
9 234572659
9 100009
9 100009
9 100009
9 111877589
9 438405219
9 714426239
9 519736047
9 609121175
9 100000009
9 100009
9 100009
9 100009
9 804212889
9 985211761
9 100009
9 100009
9 100009
9 100009
9 100009
9 597753830
9 395847446
9 454380409
9 100009
9 100000009
9 735566491
9 100009
9 100009
9 138143159
9 100009
9 100009
9 369973051
9 684628809
9 100009
9 604734129
9 100009
9 100009
9 113587069
9 841197930
9 920334229
9 952291211
9 100000009
9 100009
9 100009
9 945423154
9 341919240
9 100000009
9 629869578
9 875536209
9 689355873
9 100000009
9 100009
9 100000009
9 522214189
9 398127770
9 281473489
9 10009
9 611617849
9 331135119
9 471264059
9 899296002
9 709638235
9 212715594
9 564305059
9 100009
9 905975572
9 106368379
9 100009
9 100009
9 100000009
9 100000009
9 906312685
9 311421729
9 100009
9 100009
9 291705940
9 100009
9 885553269
9 100009
9 187112809
9 231009057
9 672542479
9 750906881
9 285767649
9 479526544
9 100009
9 100000009
9 100009
9 746611369
9 552208339
9 405929456
9 566064390
9 100000009
9 835005009
9 221726349
9 100000009
9 100000009
9 100009
9 285138079
9 100000009
9 680801619
9 131956443
9 100009
9 604950362
9 494331488
9 273391950
9 100009
9 100000009
9 100009
9 100009
9 458492696
9 346984701
9 221312193
9 100009
9 100009
9 100009
9 233847659
9 870676129
9 675140579
9 100000009
9 100000009
9 100009
9 716077809
9 250621598
9 100009
9 100009
9 501405519
9 509117781
9 494825075
9 100009
9 100009
9 435437469
9 301908500
9 100009
9 873451809
9 285926560
9 618883289
9 100009
9 724575059
9 545742569
9 101521789
9 100009
9 329196496
9 100009
9 445902334
9 983994609
9 914251757
9 513366539
9 185049207
9 589030595
9 193636367
9 975636050
9 100000009
9 707664859
9 1000009
9 118780889
9 100009
9 261608759
9 982363945
9 100009
9 364643369
9 100000009
9 100009
9 640444492
9 246959362
9 100000009
9 100009
9 261427149
9 740913599
9 100009
9 100000009
9 666514119
9 100000009
9 10009
9 100009
9 551957119
9 697798887
9 873830879
9 386844249
9 100009
9 156197563
9 398661132
9 148276129
9 125786639
9 941400263
9 100009
9 100009
9 787022609
9 208558509
9 408881869
9 176725219
9 681527109
9 213522978
9 991981379
9 942254532
9 496197018
9 100009
9 100000009
9 100000009
9 878766069
9 100000009
9 100000009
9 622553759
9 100000009
9 10009
9 465492027
9 100000009
9 587046129
9 100000009
9 661562985
9 267968460
9 554288579
9 100009
9 512163409
9 791026591
9 699542110
9 119913021
9 653612549
9 100009
9 885444899
9 684150149
9 318397118
9 966758600
9 100009
9 165462459
9 970763601
9 100009
9 100009
9 500069550
9 772553029
9 887882449
9 626929096
9 100009
9 738095342
9 10009
9 152378928
9 946869979
9 282765195
9 840431679
9 100009
9 100009
9 769663963
9 762744289
9 100009
9 605825693
9 100000009
9 100009
9 414185469
9 100009
9 100009
9 292611150
9 146421947
9 462796353
9 440721549
9 10009
9 159040542
9 100000009
9 10009
9 100009
9 984607386
9 100009
9 702457769
9 572446449
9 1000009
9 100000009
9 875178259
9 100009
9 732411839
9 560423935
9 10009
9 447223149
9 100009
9 899229414
9 100009
9 100000009
9 105719886
9 262226309
9 100009
9 902637869
9 100009
9 201685593
9 100000009
9 10009
9 100009
9 100000009
9 598827899
9 371371659
9 472948639
9 116009946
9 541269782
9 100009
9 460243394
9 858248709
9 115389954
9 100009
9 428294378
9 248331394
9 834679695
9 945481204
9 836934766
9 100009
9 720633329
9 100009
9 100000009
9 558358669
9 390159233
9 100009
9 527481295
9 990220754
9 100009
9 554237109
9 138246519
9 562442189
9 344374079
9 222102869
9 849081742
9 100009
9 100009
9 160329934
9 780344569
9 100000009
9 100009
9 981569533
9 100009
9 351939581
9 169065151
9 683723976
9 467098923
9 100009
9 338459252
9 100009
9 749979084
9 100000009
9 914975182
9 160150769
9 419362146
9 100009
9 963879440
9 3534985
9 100009
9 100000009
9 100000009
9 100000009
9 917948308
9 395675388
9 100009
9 469572915
9 100009
9 100009
9 100009
9 461780991
9 741494318
9 10009
9 572315739
9 100009
9 607120409
9 915537165
9 887718596
9 882393986
9 100009
9 996632114
9 619595352
9 123600859
9 100009
9 743967179
9 451359102
9 100000009
9 100009
9 954675726
9 268372059
9 100009
9 100009
9 100009
9 256197589
9 189577214
9 100009
9 100009
9 100009
9 441225229
9 500119020
9 898393723
9 100000009
9 279609671
9 100009
9 100000009
9 100000009
9 100009
9 745308090
9 670872179
9 100009
9 100000009
9 429077060
9 679796999
9 747410419
9 949121656
9 10009
9 298571638
9 100009
9 165419737
9 100009
9 100000009
9 912879855
9 436781879
9 425048009
9 100009
9 100009
9 1000009
9 100009
9 893465986
9 607240349
9 290616226
9 292031098
9 10009
9 100000009
9 591599495
9 747367629
9 100009
9 141716579
9 100009
9 315142479
9 100009
9 100009
9 834788469
9 438654239
9 990061800
9 823088279
9 928557611
9 735456569
9 100009
9 734746019
9 245452449
9 218208129
9 803241329
9 417163809
9 598688343
9 100009
9 100009
9 318095088
9 100000009
9 100009
9 717615809
9 335212639
9 109
9 100000009
9 644686039
9 356229405
9 452302019
9 100000009
9 172209339
9 100009
9 552238809
9 898566117
9 100009
9 188421659
9 849249169
9 214465219
9 944564423
9 356479262
9 571642449
9 391785315
9 898852348
9 100009
9 100009
9 100000009
9 922888428
9 167628920
9 100000009
9 582624459
9 100009
9 100000009
9 611120889
9 100009
9 100000009
9 100000009
9 100009
9 368438029
9 571773069
9 875891026
9 550941912
9 100009
9 911926480
9 708303079
9 100009
9 100009
9 486668609
9 166027309
9 665846069
9 100009
9 691834930
9 519512989
9 100009
9 224312594
9 299048688
9 100000009
9 100009
9 100009
9 100000009
9 101956699
9 826719621
9 797829258
9 329755094
9 100009
9 100009
9 339081154
9 10009
9 100009
9 596635658
9 100301986
9 535185941
9 326444759
9 179755310
9 100009
9 153258619
9 100009
9 956766151
9 422429235
9 461320349
9 100009
9 100009
9 239051234
9 527655709
9 144805309
9 100000009
9 100009
9 100009
9 100009
9 100000009
9 878227869
9 100009
9 107934130
9 679129993
9 100009
9 371959984
9 100000009
9 172590507
9 16390023
9 497289429
9 336789926
9 100009
9 868020629
9 100000009
9 100009
9 879799773
9 100009
9 265821390
9 100009
9 100000009
9 100009
9 100000009
9 273641749
9 985471927
9 183496391
9 100009
9 216464739
9 314335029
9 953540305
9 918163918
9 687633489
9 100009
9 100000009
9 100009
9 393990862
9 100009
9 951080509
9 100009
9 112643339
9 479460252
9 10009
9 701804689
9 100009
9 100000009
9 100009
9 692678871
9 100009
9 100009
9 290348913
9 486973881
9 578243169
9 186128719
9 69112156
9 332061869
9 958789155
9 100009
9 566544239
9 100009
9 936418798
9 10009
9 100000009
9 736315729
9 100000009
9 398894620
9 100009
9 563345829
9 117734009
9 354193583
9 100009
9 100009
9 220236829
9 100000009
9 100009
9 100009
9 100009
9 100009
9 456927032
9 928770074
9 100000009
9 883563459
9 100009
9 100000009
9 611621259
9 100009
9 621052849
9 100000009
9 100009
9 238640069
9 218347179
9 100009
9 100000009
9 902436842
9 100009
9 364153579
9 100000009
9 714317559
9 404757789
9 745258549
9 332577069
9 949006996
9 492913925
9 197136099
9 100000009
9 380104369
9 806924241
9 119923866
9 100009
9 100009
9 185231179
9 100009
9 992384058
9 100009
9 100009
9 220698266
9 345405129
9 10009
9 410392104
9 100009
9 560453889
9 100000009
9 100000009
9 418408749
9 208235900
9 912865816
9 682494727
9 814870479
9 100009
9 100009
9 454963040
9 433184439
9 180000259
9 175162459
9 100009
9 100009
9 762747439
9 100009
9 142503954
9 909856831
9 661197285
9 100000009
9 674093334
9 133838977
9 100000009
9 582062309
9 197958436
9 112367249
9 369031520
9 830748009
9 100009
9 236095740
9 100009
9 477359939
9 593572141
9 408177259
9 575022819
9 279081741
9 907358324
9 10009
9 984585343
9 100009
9 100009
9 222537139
9 100009
9 171582319
9 191928416
9 929551097
9 100000009
9 100009
9 100009
9 100000009
9 100000009
9 100009
9 387436079
9 293106939
9 100000009
9 112692010
9 971260966
9 100009
9 670352209
9 868666109
9 864351990
9 100000009
9 907121621
9 763515098
9 833840349
9 456010809
9 252861789
9 980820824
9 100009
9 598070807
9 100009
9 100009
9 100009
9 302842519
9 1000009
9 771316689
9 100009
9 100009
9 745120798
9 665758809
9 773890957
9 100009
9 810056497
9 100009
9 348607289
9 740346309
9 100000009
9 100009
9 100000009
9 407166193
9 100009
9 806501279
9 924970632
9 100009
9 196739532
9 100000009
9 100009
9 100009
9 278426109
9 100000009
9 100000009
9 773439590
9 123422649
9 349893259
9 821696546
9 100009
9 776564359
9 100009
9 493508639
9 336233948
9 752879328
9 385719540
9 100009
9 472533449
9 100000009
9 100009
9 527807799
9 170797256
9 595645367
9 100009
9 820677129
9 100009
9 628009359
9 188605739
9 100009
9 959203477
9 100009
9 987744876
9 202989805
9 100009
9 100000009
9 267758479
9 100009
9 100009
9 902495568
9 645299041
9 129413207
9 1000009
9 892353765
9 100009
9 870170429
9 680563109
9 388975473
9 100009
9 100009
9 903008147
9 137354449
9 100009
9 958447059
9 100009
9 100009
9 100009
9 100009
9 282959617
9 572314009
9 10009
9 225429880
9 955536173
9 618282598
9 100009
9 100009
9 100000009
9 100000009
9 100000009
9 609244927
9 100000009
9 100000009
9 100009
9 100009
9 645948042
9 874608369
9 100009
9 100009
9 100009
9 100000009
9 476782309
9 246461159
9 135792978
9 291126250
9 878601209
9 338249341
9 185494036
9 100009
9 100000009
9 514595823
9 100000009
9 977604702
9 100009
9 350670029
9 399568899
9 703651990
9 796597308
9 941408400
9 480868029
9 943435415
9 371330269
9 915571280
9 217097416
9 254683495
9 395389924
9 848831980
9 205402249
9 674060059
9 491228868
9 10009
9 100009
9 100009
9 922671328
9 766976664
9 959067913
9 111905289
9 446200909
9 215664799
9 100009
9 351028779
9 338613679
9 100009
9 987986483
9 742621469
9 100009
9 271253569
9 543342409
9 767809177
9 816482494
9 734931715
9 503166709
9 100009
9 862636019
9 100000009
9 10009
9 100000009
9 153104039
9 555223893
9 772462983
9 100009
9 552955264
9 490387228
9 796744167
9 100009
9 433084249
9 892443568
9 100009
9 533996694
9 100009
9 702878109
9 227677169
9 366836917
9 597024364
9 100009
9 100009
9 949575884
9 545710319
9 100009
9 172297446
9 100009
9 100000009
9 483040739
9 159770965
9 100009
9 279450364
9 652298772
9 100009
9 527895120
9 100009
9 100009
9 490706389
9 545636019
9 391509080
9 421291688
9 100000009
9 513047549
9 656838249
9 396454123
9 253931357
9 100009
9 780704729
9 640880139
9 100009
9 100000009
9 100000009
9 160320926
9 941226999
9 301337649
9 778773319
9 692575116
9 100000009
9 618059154
9 100009
9 729050220
9 404980099
9 602081039
9 233303190
9 100009
9 742636559
9 100009
9 982858892
9 196620064
9 444168289
9 742280950
9 425762869
9 448674589
9 535640019
9 100009
9 923032591
9 100000009
9 100000009
9 100009
9 100009
9 100009
9 296012756
9 100000009
9 325433519
9 517983816
9 914512729
9 100000009
9 100000009
9 904185597
9 105703229
9 100009
9 100009
9 953396600
9 100009
9 10009
9 1009
9 763370289
9 475043895
9 930858998
9 100000009
9 324589761
9 294320439
9 483996725
9 248598327
9 721121988
9 100000009
9 373002699
9 512625419
9 100000009
9 375106689
9 325189690
9 100000009
9 100009
9 423417289
9 100000009
9 817940139
9 165079980
9 100000009
9 100009
9 100000009
9 753776729
9 100009
9 100009
9 100009
9 873140934
9 778338239
9 332236789
9 10009
9 100009
9 518813559
9 435492729
9 585658069
9 100009
9 100009
9 100000009
9 435499851
9 100000009
9 117784389
9 100000009
9 100009
9 727815896
9 120878935
9 100000009
9 100009
9 262043819
9 425412009
9 753332549
9 360013259
9 937959734
9 203931378
9 402007759
9 493630793
9 584029758
9 497559387
9 935997043
9 100000009
9 713289016
9 626386159
9 100009
9 618118019
9 100009
9 122202469
9 100009
9 789545441
9 100009
9 100009
9 100009
9 426382629
9 100009
9 256969113
9 796486181
9 100000009
9 136650389
9 100009
9 396764876
9 100000009
9 900320524
9 686164392
9 100009
9 172972980
9 290180085
9 273072509
9 10009
9 100009
9 100009
9 100000009
9 246044319
9 670878359
9 232768409
9 100009
9 963057967
9 581554090
9 100009
9 798024341
9 829529902
9 100009
9 275773489
9 100000009
9 812999365
9 100009
9 762173819
9 297474583
9 799515034
9 995809647
9 100000009
9 100009
9 100009
9 343840709
9 100009
9 116191040
9 100009
9 100000009
9 410280839
9 100009
9 970404458
9 720421649
9 406083639
9 580705689
9 100000009
9 100009
9 138165529
9 199886064
9 746647049
9 960040594
9 100000009
9 100009
9 100009
9 277391737
9 100000009
9 360852429
9 745703309
9 467647219
9 249941059
9 994155323
9 100009
9 402882539
9 100009
9 306750789
9 468423759
9 844594316
9 726056779
9 545395680
9 379087831
9 100009
9 743657904
9 100009
9 897248927
9 100009
9 644017079
9 100000009
9 999480348
9 606017809
9 582781369
9 395725998
9 434901434
9 100009
9 100009
9 100009
9 100009
9 100009
9 861439008
9 100009
9 761482937
9 100009
9 601892775
9 554253649
9 100009
9 100009
9 953286868
9 100009
9 100009
9 507249525
9 768217209
9 973045381
9 100009
9 374285897
9 100009
9 771548019
9 100000009
9 100009
9 100009
9 100009
9 100009
9 433600269
9 100000009
9 100000009
9 422553379
9 100009
9 100009
9 765923366
9 189440712
9 595213768
9 982187690
9 736084349
9 353662439
9 766231099
9 100009
9 100009
9 100009
9 100009
9 100009
9 100009
9 100009
9 783237779
9 701134392
9 100009
9 179674075
9 100009
9 438677953
9 100009
9 760506319
9 100009
9 766906041
9 100009
9 491829217
9 559201907
9 997766291
9 100009
9 100009
9 295040093
9 434419635
9 100000009
9 396682843
9 100009
9 732380889
9 100009
9 382158269
9 245051796
9 100009
9 567421349
9 955042717
9 100000009
9 907501592
9 782922124
9 100009
9 400865329
9 100009
9 100000009
9 100009
9 654202978
9 100009
9 116056079
9 978865389
9 10009
9 745008729
9 978153885
9 100000009
9 697645836
9 100000009
9 10009
9 141162669
9 100009
9 559970753
9 100000009
9 767870496
9 100009
9 337156669
9 803591301
9 100009
9 100000009
9 100000009
9 978610695
9 100009
9 802911742
9 389842379
9 818808419
9 100000009
9 100009
9 475706229
9 1000009
9 264493715
9 100009
9 982926820
9 100009
9 100009
9 690180758
9 986570774
9 730707059
9 279812716
9 100009
9 100000009
9 100009
9 196526318
9 367356695
9 316033379
9 944281036
9 887369739
9 100000009
9 141788039
9 982805562
9 100000009
9 787149751
9 100009
9 850185819
9 968283879
9 788262729
9 100000009
9 761399123
9 100009
9 733187249
9 244615849
9 100009
9 124942880
9 502095349
9 864261987
9 123015619
9 332051379
9 100009
9 204592858
9 250654479
9 100000009
9 828561096
9 100000009
9 100009
9 958601850
9 100000009
9 415264897
9 100000009
9 261996360
9 100000009
9 700687139
9 997476271
9 100009
9 900292715
9 776461479
9 125025195
9 258734279
9 305567089
9 479443651
9 100009
9 380834933
9 850109903
9 212376957
9 100000009
9 742318908
9 228788329
9 115716619
9 373656910
9 516515749
9 692677974
9 10009
9 689961350
9 100009
9 220466139
9 558236946
9 960555407
9 730688924
9 752583695
9 100009
9 10009
9 283018889
9 537382239
9 100009
9 100009
9 100009
9 647753729
9 192315044
9 218123119
9 967489039
9 10009
9 100009
9 639362476
9 478048389
9 798145325
9 100009
9 843841539
9 282349374
9 763937214
9 457499790
9 100000009
9 897103411
9 158332489
9 10009
9 846079876
9 433502279
9 100009
9 282741309
9 969583224
9 961628155
9 100009
9 462387769
9 1000009
9 491633585
9 129501119
9 627171769
9 237589446
9 369363256
9 100009
9 10009
9 476396576
9 100009
9 100009
9 100000009
9 305095076
9 100009
9 188286019
9 971782632
9 100009
9 100009
9 570309242
9 389623135
9 967113193
9 508412938
9 761616259
9 128020459
9 909782353
9 557773964
9 100009
9 259848923
9 172627974
9 659370052
9 100009
9 100009
9 10009
9 10009
9 100000009
9 100000009
9 10009
9 10009
9 768741659
9 100009
9 543847069
9 743647399
9 817315971
9 100009
9 920793258
9 441879721
9 183595080
9 100009
9 430739596
9 100009
9 100009
9 100009
9 100009
9 804341029
9 100000009
9 100000009
9 100000009
9 104833069
9 636067923
9 100000009
9 100009
9 100009
9 381197558
9 585332899
9 366427829
9 786023459
9 729270877
9 100009
9 945136517
9 243801920
9 722853309
9 579078323
9 196521536
9 249736832
9 640666459
9 100000009
9 100000009
9 663814569
9 692477113
9 100000009
9 100009
9 100009
9 556741079
9 475003179
9 100000009
9 10009
9 100009
9 558597712
9 100009
9 43305691
9 897293542
9 539836098
9 652202934
9 578785079
9 260857090
9 816807892
9 100000009
9 140087009
9 100000009
9 509948114
9 481803917
9 650838329
9 681590159
9 104805739
9 100009
9 815166719
9 164551209
9 326476729
9 100009
9 531498898
9 421404739
9 120332209
9 100000009
9 100009
9 100009
9 658482869
9 100000009
9 100009
9 951169361
9 100009
9 486426769
9 487366119
9 100000009
9 880878908
9 640689927
9 438703539
9 925393787
9 964932150
9 100009
9 947336568
9 996425307
9 100000009
9 830929733
9 641239262
9 860394817
9 100009
9 118157692
9 923618206
9 349601958
9 761807891
9 583645249
9 302742289
9 100009
9 869229450
9 1000009
9 100009
9 100009
9 378710629
9 100009
9 298261039
9 100009
9 108678629
9 100009
9 10009
9 379718513
9 689355890
9 664975582
9 497166741
9 481614469
9 100009
9 658778995
9 562455922
9 595650594
9 950992514
9 886266879
9 100009
9 100000009
9 100009
9 179039028
9 854417796
9 313741449
9 794238174
9 627851119
9 856618329
9 679525274
9 100009
9 920132123
9 965557262
9 100009
9 988992973
9 629304030
9 828186589
9 10009
9 100000009
9 843558594
9 845144719
9 100009
9 406798625
9 734277859
9 426703379
9 298022753
9 297192254
9 100000009
9 712938522
9 100009
9 277619385
9 100009
9 437008597
9 153949023
9 100000009
9 605154079
9 843210492
9 100009
9 106764319
9 100009
9 481748839
9 100009
9 100000009
9 445399338
9 100009
9 469957627
9 762181579
9 877055449
9 805818179
9 100009
9 115817169
9 10009
9 903162446
9 139597307
9 306390097
9 100000009
9 100009
9 100000009
9 100009
9 100009
9 100000009
9 100000009
9 100009
9 371220109
9 218763249
9 100009
9 802109700
9 711141309
9 124599513
9 100009
9 1009
9 100009
9 100000009
9 485998029
9 100009
9 100009
9 100009
9 115527479
9 283940817
9 263308159
9 710248349
9 100009
9 100000009
9 10009
9 971143877
9 100009
9 251538719
9 100009
9 266791140
9 963729570
9 276477009
9 873881649
9 791748117
9 10009
9 520329808
9 361902341
9 805081439
9 946071498
9 283241519
9 189361586
9 484674769
9 100000009
9 827042910
9 100000009
9 100000009
9 100009
9 100009
9 100000009
9 100009
9 100000009
9 100009
9 613467269
9 100009
9 703968748
9 100009
9 253321379
9 100009
9 100009
9 100009
9 942719308
9 263955876
9 394326391
9 100009
9 100009
9 125359830
9 903987721
9 124105971
9 855105569
9 100000009
9 360923458
9 173252569
9 356684839
9 100009
9 468096057
9 100009
9 256349751
9 100009
9 346316079
9 100009
9 100009
9 815353209
9 430859107
9 100009
9 10009
9 100009
9 466812719
9 343818179
9 878541519
9 100009
9 100009
9 100009
9 506387009
9 391632494
9 672260609
9 100009
9 172305459
9 100009
9 334527913
9 100000009
9 363630759
9 502010439
9 486268953
9 713992835
9 613048449
9 624185889
9 879713531
9 850264789
9 296355438
9 757033389
9 100009
9 670512849
9 184792842
9 100009
9 841794081
9 726491370
9 100009
9 238750913
9 245417869
9 100000009
9 100009
9 389029397
9 100009
9 641859923
9 100009
9 662494878
9 382986058
9 10009
9 145827429
9 912890911
9 267419773
9 366781289
9 418129223
9 566985805
9 269451471
9 100000009
9 724189245
9 968404473
9 100009
9 100009
9 100009
9 837457239
9 920118064
9 200321679
9 100009
9 408950971
9 100009
9 100000009
9 100000009
9 647458459
9 681693195
9 112187249
9 100009
9 100000009
9 100009
9 100009
9 902255583
9 100009
9 803070369
9 100009
9 119270714
9 100009
9 745589929
9 100000009
9 243641779
9 941523926
9 683834809
9 100009
9 698560962
9 113863549
9 999140427
9 529353889
9 773130519
9 490366666
9 928171384
9 683706689
9 100000009
9 171949693
9 227703339
9 100009
9 619664665
9 798620481
9 327597857
9 986875157
9 439275712
9 629797089
9 871844299
9 931657155
9 462775759
9 100009
9 100000009
9 965347332
9 846300659
9 600740897
9 100009
9 691674560
9 552669738
9 100009
9 246041579
9 501340950
9 421330429
9 100000009
9 100000009
9 407867159
9 972455647
9 100009
9 100009
9 100000009
9 476667209
9 661726529
9 538493985
9 406120911
9 100009
9 676449032
9 226082973
9 443928650
9 38624697
9 610209567
9 304399652
9 896602712
9 635402089
9 100000009
9 100009
9 10009
9 100000009
9 307687539
9 139009427
9 100000009
9 170870419
9 10009
9 100009
9 927277986
9 100000009
9 153126958
9 218711978
9 653380239
9 100000009
9 100009
9 100009
9 206907918
9 139903065
9 100009
9 354597150
9 100009
9 1000009
9 100009
9 100009
9 570623719
9 100009
9 345307924
9 962609318
9 100009
9 146805924
9 969688635
9 355381982
9 655418219
9 100000009
9 666973927
9 557180139
9 238337159
9 100009
9 844666759
9 690578220
9 100000009
9 100009
9 930571473
9 779082189
9 100009
9 425481933
9 829246704
9 747339129
9 100009
9 706657659
9 100009
9 475904010
9 100000009
9 100009
9 100009
9 100000009
9 205000509
9 842855729
9 887449747
9 100000009
9 266370439
9 10009
9 100000009
9 297798555
9 100009
9 100009
9 100009
9 830849232
9 779879433
9 434400259
9 100000009
9 239394122
9 100000009
9 100009
9 443836609
9 698888250
9 100000009
9 100009
9 454938745
9 100000009
9 100009
9 100009
9 100000009
9 993814580
9 527302639
9 349933405
9 617890753
9 315103049
9 391385132
9 100000009
9 100009
9 100009
9 100009
9 100000009
9 100009
9 100000009
9 1009
9 100009
9 100009
9 100000009
9 956811928
9 688190859
9 289148369
9 100009
9 493742494
9 740120479
9 262283529
9 100000009
9 830548779
9 824199478
9 100009
9 513291624
9 100000009
9 487872729
9 905444760
9 100000009
9 10009
9 971626161
9 100009
9 385076159
9 968626456
9 606602679
9 620675798
9 945764018
9 10009
9 630292305
9 761429506
9 252873359
9 100009
9 436394034
9 900550375
9 726690499
9 386303992
9 152149032
9 968509171
9 415189559
9 100009
9 699527619
9 387261629
9 100000009
9 254607669
9 100000009
9 234816889
9 815255629
9 884683069
9 100009
9 100009
9 100009
9 100009
9 363354219
9 862907657
9 275986289
9 879564858
9 983627571
9 968346087
9 157646059
9 652271349
9 100000009
9 545895565
9 526220209
9 100009
9 980690731
9 747682539
9 339419962
9 702814729
9 54746049
9 1000009
9 762799612
9 100000009
9 100009
9 100009
9 995188068
9 107993158
9 10009
9 949222591
9 357401869
9 100009
9 695655182
9 875350379
9 239832062
9 388119269
9 100000009
9 100009
9 966377049
9 939063842
9 479242597
9 100009
9 100009
9 100009
9 100009
9 180449154
9 193572046
9 429122682
9 711736936
9 630451911
9 548199028
9 308634795
9 100000009
9 100009
9 793784589
9 100009
9 417314549
9 408269163
9 279065773
9 140928285
9 620512719
9 100009
9 100009
9 210466902
9 713993967
9 101045619
9 658961917
9 313327289
9 647092958
9 265449952
9 10009
9 100009
9 100009
9 999089846
9 100009
9 569200154
9 100000009
9 995337111
9 100009
9 100009
9 661078894
9 100000009
9 100000009
9 567429905
9 822110119
9 114469451
9 356518879
9 401951879
9 100009
9 167100429
9 10009
9 100000009
9 100009
9 101151709
9 731785019
9 879268451
9 100009
9 284540479
9 843425298
9 100009
9 100009
9 100009
9 940723551
9 100009
9 495104163
9 10009
9 100009
9 634110119
9 248347249
9 100000009
9 482291421
9 100009
9 100009
9 114438619
9 100000009
9 117932266
9 100009
9 501683779
9 100009
9 100009
9 202558190
9 565726169
9 359778618
9 596624069
9 100009
9 100009
9 816186349
9 966586261
9 100009
9 941364040
9 358776179
9 981297806
9 100009
9 485084459
9 107508539
9 495772106
9 100000009
9 102547649
9 544395049
9 839499497
9 100000009
9 818019689
9 822736869
9 100009
9 501450639
9 755010269
9 818569732
9 100009
9 325638779
9 627316389
9 399679879
9 100009
9 575577019
9 100000009
9 100000009
9 818847859
9 563007549
9 100000009
9 525434976
9 674845098
9 100009
9 732800319
9 100009
9 369087113
9 492322397
9 100009
9 415021729
9 381993298
9 952692645
9 923124020
9 103953246
9 767896110
9 850578459
9 778161819
9 301922703
9 845817809
9 609776800
9 100009
9 944095876
9 333928856
9 100000009
9 213997698
9 100009
9 572222509
9 555561329
9 810403119
9 840098857
9 100009
9 438187139
9 983548201
9 100009
9 574582639
9 407023795
9 100009
9 100009
9 100009
9 532230749
9 268049624
9 336642908
9 100000009
9 100009
9 397112193
9 880404559
9 317000059
9 100009
9 100000009
9 541060309
9 100009
9 100000009
9 100000009
9 447323309
9 367804859
9 100009
9 601574459
9 10009
9 743168279
9 100000009
9 511776879
9 474175493
9 100009
9 987088392
9 100009
9 200108819
9 761816409
9 100009
9 143393211
9 100009
9 100009
9 565756359
9 576715629
9 100000009
9 100009
9 990363399
9 100009
9 972751153
9 799137005
9 10009
9 560226679
9 920589276
9 100009
9 378217690
9 100000009
9 616965290
9 100000009
9 744636589
9 513182809
9 832889191
9 942945185
9 100009
9 855449889
9 109341852
9 100009
9 996202111
9 377750903
9 863009757
9 100009
9 992843667
9 100009
9 534100149
9 100009
9 100000009
9 100009
9 740530749
9 100000009
9 810423924
9 863850719
9 100009
9 100000009
9 100009
9 1000009
9 100009
9 100009
9 100009
9 100000009
9 100000009
9 370789868
9 100000009
9 358966177
9 100009
9 100000009
9 100009
9 366463749
9 429801513
9 100000009
9 695258358
9 723534059
9 100009
9 100009
9 730570859
9 290716306
9 100009
9 958527495
9 835169835
9 100000009
9 877010569
9 665287189
9 905241887
9 100000009
9 10009
9 100000009
9 1000009
9 100009
9 100000009
9 100000009
9 182818519
9 827378059
9 219557514
9 321151659
9 653964709
9 605271129
9 781677559
9 100000009
9 170783419
9 255606069
9 100009
9 380524589
9 100009
9 647912307
9 401435859
9 380386369
9 122531891
9 861387789
9 828518109
9 557811439
9 100009
9 181821903
9 971501625
9 457382279
9 138430779
9 939409607
9 448974792
9 932549580
9 177785899
9 100000009
9 983037830
9 139177055
9 751153919
9 100000009
9 808223579
9 906070391
9 100009
9 786772249
9 331585219
9 100009
9 757108009
9 737778694
9 287590738
9 756078789
9 962423179
9 100009
9 100000009
9 467311549
9 910864640
9 100009
9 571567559
9 100000009
9 112480089
9 100009
9 100009
9 100000009
9 100009
9 675535049
9 251196099
9 100000009
9 588302259
9 105689894
9 100009
9 584043591
9 100009
9 543987088
9 433724699
9 227157829
9 100009
9 885553249
9 100009
9 191066864
9 284109393
9 100000009
9 625847029
9 100009
9 881700029
9 855702509
9 519815050
9 244225529
9 705124559
9 592745729
9 100000009
9 378801519
9 1000009
9 905742793
9 100009
9 896644143
9 229067232
9 100009
9 100009
9 631668927
9 769402379
9 275871369
9 608907317
9 202448509
9 100000009
9 801706029
9 100000009
9 164760079
9 308623139
9 10009
9 100009
9 796587106
9 100000009
9 100009
9 100009
9 329284189
9 968939839
9 653005879
9 188190663
9 100009
9 100000009
9 550528139
9 100000009
9 100009
9 842671779
9 100009
9 199978111
9 446002913
9 775502209
9 100000009
9 185727329
9 100000009
9 100000009
9 727937896
9 100009
9 10009
9 100009
9 869571607
9 492498380
9 348524229
9 100009
9 994592490
9 992374916
9 100009
9 412438639
9 100602639
9 100009
9 100009
9 651158940
9 100000009
9 100009
9 442213839
9 304393050
9 303973478
9 1009
9 100009
9 513166059
9 100009
9 816070779
9 10009
9 646931047
9 100009
9 100009
9 965710984
9 195737481
9 706419612
9 100009
9 757039426
9 458340609
9 676229583
9 100009
9 100009
9 100000009
9 675462329
9 703424429
9 961101009
9 100009
9 100009
9 105599002
9 254055449
9 109632033
9 36736529
9 280971745
9 297527463
9 100009
9 271145293
9 823079128
9 723615389
9 100009
9 100009
9 100000009
9 100009
9 100000009
9 100000009
9 950310073
9 120692399
9 100009
9 338948459
9 763156749
9 462697802
9 100009
9 638039465
9 504733779
9 100009
9 999397074
9 100009
9 215913795
9 100009
9 10009
9 100009
9 100000009
9 703467429
9 860406419
9 177734059
9 798914717
9 100009
9 844798222
9 459505419
9 401199700
9 222907250
9 1009
9 100000009
9 250867903
9 939368432
9 282690515
9 100000009
9 100009
9 973702915
9 241926961
9 100009
9 863153049
9 615700889
9 679930913
9 314083509
9 940859498
9 889333277
9 100009
9 10009
9 269720894
9 311108579
9 828443931
9 545650769
9 793764198
9 601203529
9 100009
9 588724935
9 445525930
9 918498046
9 798812201
9 100009
9 100009
9 100009
9 10009
9 220105009
9 100009
9 877359796
9 634590885
9 530188359
9 555163957
9 377853409
9 100009
9 567372229
9 429447705
9 458944159
9 100009
9 980791480
9 100000009
9 100009
9 100009
9 346110119
9 100009
9 593951894
9 100009
9 100009
9 645156594
9 968968752
9 411823309
9 352370339
9 859323981
9 100009
9 100009
9 841310429
9 990608151
9 327229650
9 100009
9 556790083
9 630207329
9 428974430
9 499707826
9 523824389
9 547980353
9 850135059
9 445246739
9 123906010
9 100000009
9 810112769
9 503815419
9 100009
9 100009
9 231199310
9 882526239
9 619632976
9 916062716
9 416484759
9 100009
9 775001119
9 100009
9 549038504
9 860042209
9 520734529
9 565181189
9 876839546
9 100000009
9 100000009
9 100000009
9 100000009
9 100000009
9 233617879
9 100000009
9 937468279
9 477471449
9 946306354
9 237878839
9 622378059
9 154423739
9 100009
9 100009
9 647653595
9 100009
9 100009
9 577864279
9 453031539
9 329469874
9 100009
9 100009
9 264397070
9 488437769
9 100000009
9 100009
9 528408924
9 100000009
9 100009
9 158755079
9 608283209
9 100009
9 353020059
9 761437945
9 100009
9 316268079
9 124347269
9 100009
9 100009
9 376987240
9 100009
9 867162529
9 264834729
9 10009
9 635548859
9 100009
9 100009
9 731883429
9 602788169
9 100009
9 738077149
9 100009
9 623866996
9 100009
9 100009
9 936837418
9 100009
9 100009
9 100009
9 647501239
9 270655190
9 100000009
9 100009
9 508640179
9 783544976
9 100009
9 100009
9 100009
9 100000009
9 275892083
9 893739602
9 100000009
9 949414620
9 239505075
9 100009
9 558402092
9 791779915
9 396309590
9 635682149
9 772459538
9 205418039
9 100000009
9 103676429
9 100009
9 308060259
9 100009
9 101891074
9 321046769
9 10009
9 634370009
9 512569910
9 100000009
9 100009
9 651896287
9 836455679
9 100009
9 100009
9 283652690
9 10009
9 470574759
9 100009
9 100009
9 100009
9 696667465
9 202036429
9 799165442
9 636143819
9 810644409
9 804659839
9 248136589
9 603225894
9 183359400
9 867322789
9 487640629
9 466923604
9 166937322
9 928047980
9 484909326
9 460832679
9 100009
9 100009
9 103235209
9 522939520
9 100000009
9 100000009
9 100009
9 100009
9 475383319
9 100000009
9 384904943
9 100009
9 100009
9 100009
9 100009
9 601312709
9 100000009
9 315894973
9 304316929
9 979389505
9 100009
9 100009
9 100009
9 100009
9 100000009
9 100000009
9 100009
9 186306229
9 367269775
9 345530769
9 491877412
9 100009
9 100009
9 808902482
9 100009
9 711953100
9 179880703
9 497077831
9 100009
9 936981398
9 657527159
9 998772124
9 249490883
9 100009
9 383487982
9 100000009
9 100000009
9 972407866
9 114190167
9 1000009
9 803426149
9 100009
9 721239613
9 100000009
9 350654379
9 217394723
9 370510389
9 596403334
9 665522089
9 100000009
9 142853039
9 811254879
9 100000009
9 828353759
9 100000009
9 182867349
9 866137029
9 472506269
9 859803395
9 100009
9 100000009
9 794753753
9 100000009
9 911613609
9 738367429
9 548142197
9 100009
9 902758604
9 100009
9 740072259
9 191301726
9 247443039
9 100000009
9 100009
9 100009
9 727442091
9 1000009
9 100009
9 999094567
9 100009
9 731535529
9 100009
9 100009
9 100009
9 145681709
9 1000009
9 100000009
9 582236139
9 434446249
9 100009
9 343866989
9 233420859
9 100009
9 375137079
9 100000009
9 100000009
9 100000009
9 857531519
9 519464131
9 100009
9 907369922
9 675782759
9 551337139
9 487405694
9 279385478
9 923570796
9 533163629
9 100000009
9 763602954
9 475763890
9 10009
9 554448659
9 100000009
9 481826439
9 100000009
9 100000009
9 169625421
9 999554452
9 100000009
9 521275449
9 100009
9 568800902
9 10009
9 282935531
9 656677659
9 100009
9 100009
9 251937279
9 572325279
9 476817479
9 100009
9 659848742
9 323474209
9 100009
9 353362229
9 100009
9 100009
9 899693961
9 368804179
9 100000009
9 100009
9 100000009
9 100009
9 286074899
9 636883239
9 487764923
9 100009
9 100000009
9 100009
9 694708528
9 10009
9 303841039
9 100009
9 112755739
9 699994258
9 119689706
9 987879067
9 100009
9 100009
9 100009
9 597642392
9 171625619
9 100000009
9 100009
9 100009
9 10009
9 755536379
9 100000009
9 230581094
9 100009
9 365065859
9 100009
9 100009
9 818441709
9 100000009
9 180127239
9 100009
9 100009
9 151112269
9 257395462
9 100009
9 844428549
9 100000009
9 413059341
9 109181591
9 469000252
9 100009
9 100009
9 100000009
9 100009
9 10009
9 181860129
9 100009
9 270014369
9 18053959
9 100009
9 456759799
9 100009
9 100009
9 894617812
9 100009
9 580322349
9 100000009
9 213639391
9 109
9 28308590
9 100009
9 100009
9 364230629
9 719829289
9 609695680
9 100009
9 740208259
9 100009
9 100000009
9 128298713
9 852137859
9 369133043
9 100009
9 100009
9 100009
9 100000009
9 100009
9 934609635
9 503650349
9 210587089
9 100000009
9 222423389
9 541501849
9 879486666
9 256516759
9 221090895
9 281955850
9 698182794
9 238854596
9 100000009
9 694653752
9 526519503
9 100009
9 107627479
9 235579132
9 399734116
9 462303849
9 100000009
9 457654926
9 630743539
9 503244839
9 398354498
9 100009
9 817113589
9 100000009
9 657920059
9 100009
9 350886569
9 100009
9 100009
9 100009
9 100009
9 100009
9 573980969
9 100000009
9 100009
9 100009
9 523954089
9 136752790
9 812949517
9 100009
9 281748929
9 100009
9 100009
9 244947851
9 338371849
9 604218469
9 179962958
9 968860610
9 687960726
9 253633039
9 141242691
9 778581962
9 392854282
9 979584268
9 796867063
9 100009
9 420713729
9 100009
9 639151152
9 212853839
9 181308189
9 419690221
9 100009
9 265098912
9 100009
9 100009
9 991754188
9 100000009
9 256529698
9 100009
9 707108349
9 752490448
9 100000009
9 873394684
9 100009
9 100009
9 903720890
9 938637368
9 100009
9 329436090
9 959107981
9 855367109
9 413589595
9 339266287
9 100000009
9 200193990
9 931794753
9 125970377
9 669009775
9 569479098
9 259908444
9 214835389
9 10009
9 100009
9 100009
9 100009
9 100009
9 678543689
9 100009
9 100009
9 100009
9 964882988
9 202128609
9 577100659
9 285887709
9 679630505
9 100000009
9 100009
9 863726189
9 100000009
9 100009
9 783516629
9 100009
9 470464569
9 765262629
9 617920780
9 100000009
9 100009
9 346393105
9 100009
9 100000009
9 100009
9 871053619
9 981487769
9 914418527
9 615874409
9 100009
9 634369127
9 100009
9 100009
9 377102509
9 100009
9 102576129
9 100000009
9 100000009
9 227976333
9 735274898
9 894659525
9 223981328
9 100009
9 219764308
9 100009
9 131135907
9 283102129
9 651367409
9 100009
9 100000009
9 100009
9 434122249
9 368026469
9 434126931
9 238345779
9 267825960
9 480783849
9 766604958
9 10009
9 292879420
9 332440279
9 420885799
9 263745279
9 100009
9 100009
9 100009
9 239157197
9 329725611
9 629759634
9 882324719
9 100009
9 100009
9 512974963
9 156532669
9 775722309
9 664694282
9 230504029
9 100009
9 833403469
9 754772259
9 508541096
9 938331393
9 100009
9 100009
9 548696731
9 100009
9 423863319
9 467261759
9 469537300
9 100009
9 231660329
9 236521089
9 456194262
9 100009
9 589131514
9 725953059
9 114489459
9 25091706
9 1000009
9 574949652
9 100009
9 100009
9 100000009
9 100000009
9 100009
9 332767879
9 773927091
9 891682546
9 123413169
9 393684492
9 100009
9 100009
9 100009
9 335593062
9 100000009
9 920831747
9 801080489
9 175128389
9 838793075
9 564306879
9 912232060
9 100009
9 10009
9 386862139
9 169326592
9 714418239
9 100009
9 100000009
9 100009
9 100009
9 827763933
9 450319640
9 755023089
9 410409776
9 100009
9 100009
9 851896754
9 860180291
9 636437095
9 100009
9 100009
9 100000009
9 100009
9 222029428
9 100009
9 100000009
9 100009
9 100009
9 100009
9 100009
9 621086639
9 10009
9 212755329
9 855904159
9 740622769
9 334492590
9 100009
9 100000009
9 351269730
9 266240849
9 100009
9 918742672
9 904047191
9 100009
9 323548449
9 422047059
9 663261169
9 100009
9 100000009
9 429788465
9 414845795
9 100000009
9 1000009
9 328906852
9 100009
9 1009
9 938671033
9 321407923
9 100009
9 100000009
9 100009
9 413431697
9 100009
9 212403639
9 108495714
9 659000543
9 688754389
9 100000009
9 298054101
9 818126289
9 503312009
9 556269323
9 946186103
9 100009
9 100009
9 164004769
9 535047589
9 821046089
9 368169742
9 857508719
9 995495677
9 563784937
9 100009
9 100009
9 786105849
9 664487389
9 960548218
9 222808089
9 100009
9 354516309
9 100009
9 673582559
9 686300539
9 765849106
9 100009
9 100009
9 736811009
9 831001679
9 786943176
9 105663519
9 100009
9 100009
9 100009
9 100009
9 100009
9 100009
9 433613749
9 100009
9 980007847
9 397607502
9 100000009
9 768048965
9 100009
9 100009
9 100000009
9 777524389
9 740232429
9 100009
9 703482695
9 100000009
9 411958714
9 100009
9 333895974
9 312740659
9 536937059
9 100009
9 100000009
9 352382719
9 314378229
9 941897710
9 100009
9 974390125
9 100009
9 635819990
9 100009
9 100009
9 100009
9 100009
9 100000009
9 102072619
9 933708770
9 100000009
9 100009
9 424580709
9 100009
9 575953091
9 100000009
9 442223679
9 100000009
9 615276109
9 322447619
9 100000009
9 223180119
9 100000009
9 100009
9 100009
9 354250089
9 100000009
9 100009
9 971266848
9 100009
9 774390705
9 100009
9 600687329
9 519206325
9 745731659
9 345393585
9 100009
9 100009
9 619868442
9 965762901
9 100009
9 100009
9 726675911
9 100009
9 195067860
9 100000009
9 100009
9 100009
9 517890235
9 10009
9 588023279
9 100009
9 935733837
9 474992659
9 100009
9 296143713
9 100009
9 100000009
9 315642229
9 1000009
9 137545793
9 100009
9 274412897
9 815925139
9 263135693
9 788294833
9 346012985
9 100009
9 100000009
9 866397491
9 100000009
9 663869473
9 291626959
9 836266649
9 822290571
9 702642569
9 910306937
9 961280609
9 821072139
9 100009
9 334993148
9 567212089
9 100009
9 765476594
9 100009
9 100009
9 100009
9 775237898
9 100009
9 100000009
9 767647549
9 100009
9 752703439
9 478072379
9 100009
9 100009
9 100000009
9 100009
9 10009
9 100000009
9 273639722
9 795894415
9 100009
9 100009
9 100000009
9 100009
9 100000009
9 446680589
9 615540189
9 368048769
9 100000009
9 633085339
9 1000009
9 746087994
9 100000009
9 328095317
9 193461679
9 100009
9 563624569
9 100009
9 876671589
9 529355648
9 100000009
9 174472619
9 722692472
9 100009
9 832077209
9 372889519
9 100009
9 100009
9 266201996
9 100009
9 100009
9 109221201
9 740255639
9 100000009
9 100009
9 107177249
9 100000009
9 100009
9 354573149
9 100009
9 100000009
9 100009
9 100009
9 904503592
9 100000009
9 100009
9 100009
9 100009
9 761924844
9 100009
9 515757649
9 679737668
9 100009
9 100000009
9 100000009
9 100009
9 100000009
9 100000009
9 907949059
9 594006363
9 727316149
9 10009
9 523770964
9 511334249
9 917928241
9 100000009
9 425911763
9 210058709
9 219627905
9 538846913
9 100009
9 513789593
9 272515239
9 100009
9 730932788
9 688789989
9 950205153
9 250154689
9 507659310
9 601971318
9 320346659
9 100009
9 135783659
9 964981184
9 100009
9 500724259
9 100009
9 733456839
9 100009
9 1000009
9 932791528
9 618649545
9 100009
9 293696570
9 973555004
9 100009
9 223613009
9 100000009
9 100000009
9 388053759
9 100009
9 549834626
9 340607349
9 100000009
9 301854911
9 822247759
9 100000009
9 587807339
9 100000009
9 100009
9 985297710
9 978167176
9 100009
9 854830933
9 100009
9 100000009
9 100009
9 100009
9 185331729
9 100009
9 234125897
9 672840289
9 735134529
9 930139718
9 938600108
9 100000009
9 140617869
9 415191000
9 100009
9 100000009
9 649469544
9 706927609
9 597007329
9 100009
9 496889647
9 100009
9 375060889
9 318505709
9 100009
9 1000009
9 100009
9 465395646
9 287134479
9 10009
9 830842129
9 100009
9 341708879
9 489009789
9 100000009
9 712887339
9 906534998
9 798057351
9 100009
9 100009
9 630210369
9 100009
9 233891595
9 428369792
9 182243129
9 100000009
9 100009
9 437187968
9 100009
9 337775569
9 659406830
9 100009
9 100009
9 734741419
9 172325659
9 118261449
9 100000009
9 100000009
9 100000009
9 570548609
9 100009
9 100009
9 100009
9 993495447
9 100000009
9 680585779
9 100009
9 987889313
9 317500629
9 383815859
9 749483057
9 168564369
9 100000009
9 183736249
9 100009
9 100009
9 100000009
9 513564209
9 504479667
9 615343934
9 147418859
9 100009
9 376738729
9 479026361
9 710883409
9 100009
9 100009
9 100009
9 100009
9 246560299
9 100000009
9 100009
9 100009
9 237585496
9 692176966
9 443561089
9 191652554
9 235394022
9 688878339
9 611313779
9 829430121
9 100009
9 100009
9 967412682
9 100009
9 109486413
9 890973986
9 226443879
9 307172519
9 536056069
9 100009
9 100009
9 100009
9 100009
9 100009
9 970632426
9 336810869
9 805676459
9 692403033
9 293843055
9 100000009
9 953431819
9 100000009
9 100009
9 518619099
9 472182739
9 100009
9 100009
9 100009
9 100009
9 10009
9 822383449
9 100009
9 10009
9 891758621
9 921102023
9 212572809
9 100000009
9 162346209
9 611765389
9 988368554
9 534093330
9 100009
9 100009
9 648161369
9 970969561
9 100009
9 226145679
9 100009
9 898124468
9 229419308
9 100009
9 10009
9 707948830
9 385822693
9 1000009
9 987599532
9 293145646
9 671187819
9 100009
9 100000009
9 346400981
9 100009
9 997675167
9 751138779
9 100009
9 100009
9 533721896
9 203147289
9 213033229
9 593873433
9 100000009
9 762050947
9 100009
9 737543239
9 902589421
9 135715389
9 856044908
9 100009
9 792514121
9 980288116
9 10009
9 628151198
9 313919468
9 100000009
9 100009
9 100009
9 100009
9 549066008
9 100000009
9 404964564
9 100009
9 384085849
9 100009
9 428299551
9 926937731
9 100000009
9 578470719
9 833633796
9 227689619
9 577662189
9 153425689
9 306111089
9 150496620
9 257396743
9 100009
9 100000009
9 100009
9 100009
9 100000009
9 100009
9 100009
9 114723689
9 558073609
9 442475190
9 829506791
9 69217037
9 100009
9 981045327
9 100000009
9 100009
9 949590318
9 794438484
9 100009
9 574118339
9 741472339
9 10009
9 597924698
9 474439239
9 874048359
9 100000009
9 277159263
9 841344089
9 100009
9 10009
9 984928964
9 901304480
9 100000009
9 100000009
9 813316961
9 100009
9 292574901
9 344343998
9 548291565
9 100009
9 534547985
9 100009
9 511251619
9 100000009
9 100009
9 350649928
9 100009
9 100000009
9 870980974
9 100009
9 927705912
9 100000009
9 100000009
9 446219745
9 987285592
9 770362589
9 514557119
9 736169784
9 100009
9 100000009
9 636399959
9 457087049
9 745760889
9 587491907
9 100009
9 700585619
9 100000009
9 512439774
9 411882139
9 398141907
9 642576169
9 489873011
9 323464279
9 100000009
9 267480569
9 998017723
9 100009
9 100000009
9 791633029
9 10009
9 660765809
9 898367854
9 100009
9 100009
9 100000009
9 100009
9 115940626
9 100009
9 835174079
9 100009
9 100009
9 100009
9 100000009
9 100000009
9 529287781
9 780011559
9 100000009
9 442320669
9 264659363
9 530524089
9 122355679
9 690800467
9 238133169
9 680637129
9 641082609
9 100009
9 134619934
9 904215062
9 100009
9 580567297
9 386336329
9 10009
9 529912059
9 100009
9 769869972
9 100009
9 669161338
9 100009
9 177076719
9 100009
9 100009
9 382162819
9 100000009
9 100009
9 281778903
9 100000009
9 100000009
9 100000009
9 100009
9 117139321
9 926853496
9 978719266
9 938062109
9 100009
9 692676427
9 242274549
9 306244029
9 865270389
9 100009
9 685382729
9 471578709
9 100009
9 154864509
9 100009
9 100009
9 546014379
9 604556389
9 100000009
9 333964180
9 900465942
9 100009
9 100009
9 101895880
9 240997641
9 183420549
9 100009
9 937580454
9 691911370
9 707764039
9 100009
9 673067927
9 230257629
9 100009
9 100009
9 100009
9 309199840
9 857707291
9 683686709
9 453060619
9 825446659
9 100009
9 252893440
9 848408593
9 100009
9 100000009
9 306507291
9 100009
9 100009
9 10009
9 100009
9 100000009
9 180283279
9 182143469
9 306613819
9 100009
9 804564109
9 343226629
9 105470339
9 100000009
9 599201849
9 650941758
9 954521425
9 426527039
9 100000009
9 10009
9 933167984
9 768093096
9 551975829
9 100009
9 100009
9 375384129
9 353603619
9 101073309
9 10009
9 100009
9 100009
9 609385469
9 375177259
9 429113418
9 455683529
9 100000009
9 100009
9 124234793
9 215693086
9 160109321
9 100009
9 100009
9 891478347
9 966578994
9 208967669
9 100009
9 239515891
9 160686049
9 10009
9 100009
9 866432559
9 100009
9 12767295
9 767232190
9 755719339
9 100009
9 892093497
9 820274559
9 745945889
9 100000009
9 438739675
9 758915493
9 10009
9 926470540
9 10009
9 535577933
9 10009
9 100000009
9 100009
9 945376585
9 100009
9 115649677
9 885063009
9 267127389
9 351349116
9 209065033
9 726788059
9 100009
9 521911455
9 603806669
9 100009
9 100009
9 100000009
9 100009
9 586958436
9 100009
9 607171229
9 829763906
9 100009
9 826111389
9 212898755
9 692695981
9 100000009
9 258167639
9 535926083
9 595964868
9 556005719
9 384957516
9 100009
9 944735182
9 100009
9 100009
9 752310598
9 354971355
9 100009
9 100009
9 439170787
9 100009
9 202429594
9 980145205
9 100009
9 100000009
9 437061709
9 152263749
9 100009
9 100009
9 276530009
9 840521799
9 965381457
9 100009
9 100000009
9 730427389
9 100009
9 516870291
9 798515550
9 100009
9 100000009
9 932415847
9 100009
9 178376179
9 365032849
9 100009
9 497395130
9 100009
9 955618322
9 364913043
9 100009
9 100009
9 10009
9 100009
9 100009
9 964471724
9 893656605
9 100009
9 100009
9 100009
9 100009
9 665944056
9 751075479
9 100000009
9 109740137
9 681389830
9 976043973
9 100009
9 756552069
9 857193442
9 588772109
9 254869453
9 492899816
9 591359746
9 100009
9 100009
9 100009
9 103311069
9 601363917
9 485048749
9 100009
9 100000009
9 805441029
9 100009
9 178030259
9 592966519
9 695011079
9 449902825
9 748751869
9 100009
9 916266594
9 100009
9 774943497
9 949384536
9 762892391
9 643003749
9 916700968
9 212886679
9 100009
9 100009
9 649501044
9 629564119
9 168155910
9 405618729
9 10009
9 100009
9 873004919
9 100009
9 100009
9 287575189
9 100009
9 100000009
9 487771259
9 765862609
9 233304679
9 812311889
9 164031096
9 100009
9 880566229
9 337185946
9 100000009
9 591559448
9 698689562
9 231087409
9 100009
9 1009
9 787615849
9 440228869
9 778666639
9 643323269
9 540520920
9 100009
9 339213634
9 100009
9 486204959
9 100009
9 570992366
9 314316409
9 490566236
9 770062719
9 106615409
9 409790963
9 595871840
9 382211629
9 100009
9 100009
9 100009
9 100000009
9 124114579
9 794390804
9 720440889
9 904408612
9 100009
9 100000009
9 186839430
9 763798071
9 100000009
9 834403935
9 100000009
9 490994012
9 802142395
9 100009
9 785202649
9 208668759
9 482473849
9 999909137
9 192819771
9 196235766
9 941652236
9 339714738
9 100009
9 100000009
9 348680229
9 10009
9 100000009
9 100009
9 114804279
9 496300706
9 332637749
9 100009
9 100009
9 683600429
9 968558959
9 100009
9 649342407
9 100000009
9 554708962
9 679788138
9 244534973
9 100000009
9 623583497
9 100000009
9 401540429
9 127493004
9 225791013
9 639231542
9 773816549
9 100009
9 100000009
9 100000009
9 766736839
9 100009
9 152933949
9 100009
9 100009
9 877940273
9 316939989
9 538748159
9 100009
9 100000009
9 100009
9 808478099
9 100009
9 100009
9 100000009
9 689757861
9 100000009
9 540813597
9 415504964
9 679424662
9 100000009
9 398383215
9 100009
9 240193791
9 939877504
9 360130096
9 100009
9 745613957
9 580775839
9 815079869
9 931681553
9 152765529
9 852885179
9 100009
9 387141279
9 962908134
9 319516595
9 100009
9 769907495
9 100009
9 100000009
9 100009
9 368990119
9 649577861
9 100009
9 100009
9 100009
9 227967324
9 668535849
9 427287729
9 613588955
9 234628369
9 475406869
9 142931918
9 100009
9 37877469
9 503618975
9 384391961
9 943664244
9 761086719
9 308373429
9 719694139
9 100009
9 10009
9 100009
9 100009
9 700684619
9 151989942
9 665104498
9 100009
9 788050629
9 579609171
9 100009
9 436817359
9 100000009
9 859249539
9 100009
9 100009
9 978050690
9 910716354
9 210283649
9 312316589
9 780921751
9 403365309
9 100009
9 484393016
9 111317719
9 603686089
9 100009
9 941762037
9 100009
9 752785839
9 140728749
9 275899288
9 518192685
9 501435119
9 367334139
9 100000009
9 100000009
9 100009
9 987887717
9 813087359
9 864699383
9 100009
9 892590047
9 290787074
9 100000009
9 100009
9 661187229
9 778223749
9 910291811
9 442778029
9 168637769
9 924580682
9 100000009
9 100000009
9 882523359
9 737231639
9 398708897
9 625975852
9 765587879
9 100009
9 749038470
9 935953192
9 698811541
9 10009
9 496404192
9 100009
9 312913867
9 493125689
9 952010642
9 112075905
9 230875912
9 100009
9 100009
9 100009
9 180671019
9 10290515
9 100009
9 459762992
9 100009
9 896630883
9 333782089
9 100009
9 552748896
9 494132605
9 877271409
9 100009
9 100009
9 100009
9 749123348
9 100009
9 100009
9 100009
9 945891893
9 217787469
9 166705619
9 100009
9 488464979
9 173989948
9 100000009
9 100000009
9 100009
9 503137529
9 657330709
9 426825049
9 437660729
9 100009
9 338968877
9 965160618
9 100009
9 10009
9 100000009
9 100009
9 529224588
9 100000009
9 100009
9 340352579
9 988391261
9 572571249
9 100009
9 100009
9 729253835
9 100000009
9 100000009
9 205280049
9 603012749
9 471265390
9 852346369
9 583486879
9 512496124
9 100009
9 455181139
9 396111804
9 912026396
9 293485444
9 602716519
9 825040549
9 100009
9 140494527
9 100000009
9 100009
9 100009
9 623712779
9 929647022
9 910962324
9 575459861
9 420782369
9 327420369
9 100009
9 157072419
9 849907134
9 384297194
9 100009
9 100009
9 278957363
9 100009
9 242200539
9 1000009
9 100009
9 810351159
9 100009
9 994842935
9 100009
9 100000009
9 782247119
9 430558379
9 448162559
9 294802693
9 100009
9 962828928
9 10009
9 100009
9 170109453
9 100000009
9 809189434
9 789400066
9 819218713
9 100009
9 722269537
9 939802020
9 713822789
9 10000009
9 1009
9 439825128
9 1000009
9 998554259
9 655221859
9 10009
9 422100229
9 250104329
9 808323269
9 325218129
9 751341719
9 100000009
9 921447212
9 100009
9 1000009
9 942887388
9 100009
9 911406804
9 100009
9 738492321
9 892460469
9 100000009
9 100009
9 823740879
9 857178239
9 654265309
9 513310729
9 843125249
9 100009
9 100009
9 100000009
9 880354589
9 100009
9 100009
9 397676204
9 100009
9 971610884
9 10009
9 100009
9 100000009
9 100000009
9 100000009
9 100009
9 100000009
9 1009
9 100009
9 100009
9 100009
9 912790704
9 578037934
9 859909008
9 406311389
9 595618516
9 100000009
9 100000009
9 100009
9 100009
9 100009
9 761819182
9 10009
9 100009
9 524731229
9 100009
9 100000009
9 100009
9 154680149
9 579390501
9 863077319
9 100000009
9 100009
9 539255903
9 888731941
9 542376309
9 316885469
9 100009
9 573322219
9 100000009
9 521949253
9 294780820
9 367769141
9 407935489
9 100009
9 100009
9 560152981
9 1000009
9 419009638
9 100009
9 939541084
9 593249228
9 320288259
9 100009
9 745059108
9 100000009
9 224186419
9 100000009
9 100009
9 482486349
9 324568749
9 417514749
9 408501289
9 915100614
9 626933908
9 100009
9 166685489
9 835917685
9 587756449
9 100000009
9 482023639
9 544422509
9 100009
9 412490814
9 455844609
9 100000009
9 328215249
9 100000009
9 100000009
9 100000009
9 100009
9 100000009
9 176739138
9 686358589
9 100009
9 100009
9 366592346
9 178195986
9 600705249
9 100009
9 10009
9 652299059
9 100009
9 941971530
9 100009
9 100009
9 866049065
9 100009
9 483389466
9 463160429
9 100009
9 160817049
9 485404409
9 100009
9 497407091
9 925350697
9 100009
9 791729314
9 100009
9 100009
9 76477689
9 385657129
9 724635319
9 100009
9 100009
9 100009
9 100009
9 100000009
9 996177395
9 100009
9 165881469
9 259260397
9 501102569
9 100000009
9 889761603
9 580880489
9 100009
9 326351936
9 314094647
9 437643529
9 402566219
9 100009
9 810581539
9 112885539
9 100000009
9 183075279
9 100009
9 229024472
9 772042469
9 917283108
9 100000009
9 384204859
9 100009
9 529412939
9 100009
9 119095592
9 168890024
9 791813065
9 100009
9 10009
9 490217923
9 100000009
9 958370570
9 100000009
9 161053339
9 100000009
9 190504712
9 100009
9 504623942
9 391905130
9 710691892
9 393138051
9 842407960
9 100009
9 245901642
9 33979772
9 559509708
9 843067029
9 768876119
9 100000009
9 100009
9 261212489
9 151455729
9 100000009
9 208377329
9 100009
9 565478759
9 100000009
9 100009
9 503425159
9 100009
9 222728369
9 760716069
9 100009
9 472687279
9 100000009
9 802062059
9 100000009
9 846561019
9 436429679
9 908171386
9 465409175
9 100009
9 100009
9 100009
9 992680930
9 812138109
9 100009
9 659661808
9 100000009
9 727848918
9 167807779
9 704165039
9 861427849
9 100000009
9 100009
9 632732289
9 943613673
9 100009
9 100009
9 562040349
9 376390812
9 100009
9 863614519
9 664221339
9 100009
9 100000009
9 613828379
9 628881709
9 100009
9 358604339
9 796548719
9 324405439
9 216278907
9 100009
9 100009
9 180353991
9 430003879
9 231172369
9 238199177
9 100000009
9 242401479
9 859622733
9 100009
9 785288039
9 475703189
9 100009
9 100009
9 519193020
9 100009
9 216006889
9 1000009
9 100009
9 600697834
9 100009
9 994066766
9 774249812
9 796883269
9 100009
9 100000009
9 960329085
9 889648449
9 924742505
9 100009
9 410790912
9 100009
9 100000009
9 100009
9 100000009
9 100000009
9 100000009
9 495085407
9 443232529
9 253501359
9 100009
9 100000009
9 100009
9 100009
9 935847000
9 100009
9 912258061
9 162438459
9 527973454
9 100009
9 806036369
9 114645059
9 345658619
9 256074429
9 100009
9 385835359
9 300663259
9 447931817
9 646593326
9 836924632
9 494142263
9 100000009
9 273225739
9 738303329
9 409058693
9 100009
9 856862079
9 10009
9 100000009
9 100009
9 100009
9 814701219
9 267025209
9 100009
9 100009
9 971542041
9 137080089
9 100000009
9 100000009
9 775603359
9 724946413
9 100009
9 100000009
9 888989233
9 909042498
9 828232229
9 907785045
9 287887729
9 318279160
9 100009
9 984045294
9 257309918
9 893332047
9 797178896
9 100009
9 100009
9 100000009
9 629477174
9 240081319
9 100009
9 878593857
9 100009
9 763742449
9 484152922
9 774505309
9 946674832
9 100009
9 754541759
9 309986430
9 100009
9 702306849
9 100000009
9 815587219
9 100000009
9 100009
9 100009
9 340310289
9 100009
9 100009
9 100009
9 689861360
9 240299618
9 100000009
9 100000009
9 452539250
9 161155679
9 772173789
9 333483029
9 100009
9 411181809
9 124798149
9 607846679
9 655735429
9 100009
9 100000009
9 615221109
9 824566789
9 100000009
9 366558409
9 923359889
9 100009
9 459881777
9 439471574
9 100009
9 304251669
9 234841969
9 299271167
9 712196080
9 100009
9 911670564
9 191202351
9 372424349
9 100000009
9 100009
9 100000009
9 100009
9 100009
9 100009
9 582326897
9 282379413
9 100009
9 100000009
9 100009
9 237017169
9 981044894
9 978767207
9 795596890
9 100000009
9 100009
9 100009
9 633610429
9 100009
9 100000009
9 100009
9 100009
9 100009
9 213154109
9 100009
9 706838539
9 581106569
9 446307179
9 896097652
9 100009
9 100009
9 100009
9 292869278
9 329112300
9 100009
9 991202926
9 100009
9 100009
9 100009
9 100000009
9 602314229
9 729420710
9 982147866
9 327583839
9 10009
9 587957393
9 100009
9 852956191
9 695503051
9 578358209
9 100009
9 807440729
9 883671919
9 100009
9 645411429
9 100009
9 10009
9 463266779
9 100009
9 213935124
9 263738749
9 585092386
9 848985907
9 760393287
9 100009
9 805504449
9 723744219
9 100000009
9 100009
9 931229259
9 753261049
9 313464159
9 100009
9 100009
9 100009
9 650264469
9 100000009
9 669295777
9 880654689
9 100009
9 999187429
9 227320029
9 828902878
9 528589854
9 100009
9 100009
9 100000009
9 100009
9 100009
9 784428109
9 100000009
9 277796110
9 100009
9 776531795
9 100000009
9 10009
9 485171529
9 979225866
9 100009
9 598954448
9 470365549
9 869998835
9 100009
9 100009
9 100009
9 802872459
9 450852549
9 100009
9 100000009
9 100009
9 100000009
9 690466046
9 660077219
9 100000009
9 10009
9 546843729
9 254133369
9 100009
9 100009
9 516237691
9 100009
9 291573306
9 370043579
9 916146257
9 920354418
9 478462579
9 674734229
9 816133429
9 100009
9 100009
9 100009
9 100000009
9 967787001
9 645028769
9 629340855
9 100000009
9 621936448
9 100009
9 746321249
9 100000009
9 867142793
9 623578469
9 100009
9 494835346
9 486902085
9 946865583
9 837707239
9 410886924
9 1000009
9 100009
9 562679210
9 100000009
9 100009
9 100009
9 613700629
9 648831819
9 100009
9 481611629
9 100000009
9 100009
9 466648289
9 696429463
9 100009
9 193869323
9 165378309
9 100000009
9 192718876
9 100009
9 205155129
9 206756369
9 227453059
9 10009
9 727519861
9 727300974
9 100009
9 100009
9 844913629
9 862303789
9 100000009
9 934697868
9 100000009
9 999071869
9 100009
9 100000009
9 584775109
9 100000009
9 515209523
9 227935717
9 551190383
9 100009
9 926210491
9 970118999
9 146823409
9 100009
9 356414696
9 958510851
9 581302289
9 100009
9 100000009
9 610365649
9 424617559
9 10009
9 109282593
9 100009
9 263642149
9 395483363
9 875539342
9 100009
9 100009
9 100009
9 863759092
9 100009
9 820514497
9 100009
9 164958412
9 579394170
9 569490410
9 100009
9 661850779
9 100009
9 100009
9 100009
9 669581867
9 100009
9 619607412
9 10009
9 943681801
9 498497933
9 740124549
9 375908421
9 994079156
9 100009
9 522972668
9 521734569
9 100000009
9 951659006
9 100000009
9 843958698
9 100009
9 54269689
9 687697039
9 100009
9 100009
9 843105819
9 454175749
9 853745739
9 777267579
9 100009
9 100009
9 154361339
9 707971697
9 100000009
9 100000009
9 283531759
9 919696724
9 178334549
9 100000009
9 608067219
9 520575609
9 100009
9 201724749
9 100009
9 100009
9 100009
9 100009
9 571483859
9 431621579
9 100009
9 640440198
9 398143303
9 10009
9 100009
9 523143729
9 412848869
9 100009
9 100000009
9 674940486
9 100009
9 100009
9 364525669
9 741388319
9 192776603
9 292355001
9 210942624
9 236570679
9 10009
9 231069040
9 115474669
9 560137119
9 100000009
9 166960949
9 728136279
9 100000009
9 238131839
9 287953766
9 10009
9 100009
9 100009
9 100009
9 722682439
9 100009
9 502772789
9 100009
9 100009
9 172141019
9 673060639
9 100009
9 100009
9 386527449
9 911693033
9 296851051
9 386033209
9 224569457
9 100009
9 100009
9 505566409
9 10009
9 674843649
9 100009
9 330051579
9 719229577
9 927044030
9 738586695
9 651256659
9 100000009
9 100009
9 583931491
9 989502494
9 100009
9 850012089
9 100009
9 118535839
9 718164639
9 100009
9 571442159
9 100000009
9 533601089
9 100009
9 100009
9 455141978
9 10009
9 100009
9 100000009
9 100009
9 153868349
9 931567069
9 959145677
9 108257419
9 100009
9 100009
9 609277602
9 968363926
9 100009
9 396600586
9 451011639
9 100000009
9 151369123
9 145693507
9 858057409
9 152414669
9 100009
9 100009
9 812999351
9 559881029
9 640951440
9 481108896
9 574227029
9 100009
9 100009
9 265772669
9 100009
9 100000009
9 132945475
9 164801639
9 100009
9 859045608
9 835171369
9 256248379
9 846550089
9 100009
9 365447419
9 783400219
9 762999956
9 556099147
9 100009
9 479758517
9 615411629
9 100000009
9 1000009
9 100000009
9 290967427
9 225654139
9 384126289
9 100009
9 689358994
9 329009475
9 100000009
9 987012861
9 100009
9 10009
9 978947644
9 100009
9 523294272
9 174572129
9 100009
9 265308319
9 100009
9 118413859
9 100009
9 100000009
9 100009
9 374290728
9 100009
9 100000009
9 166098364
9 313050910
9 994049203
9 830397883
9 100009
9 447233389
9 410592507
9 930467557
9 383676459
9 100009
9 843966577
9 716623109
9 100000009
9 584296559
9 100009
9 458368389
9 524773934
9 205597348
9 966476770
9 624247569
9 330187059
9 100009
9 444034419
9 100009
9 100009
9 780797778
9 100000009
9 119361226
9 100000009
9 100000009
9 100009
9 666447592
9 577789178
9 215158249
9 100000009
9 871883379
9 312939333
9 100000009
9 966076509
9 281680629
9 866758496
9 765542549
9 100000009
9 467149158
9 10009
9 100009
9 100000009
9 243085639
9 237595297
9 239106645
9 100009
9 100000009
9 431884719
9 702658509
9 949670565
9 100009
9 206330964
9 906861071
9 194206400
9 100000009
