9 109
9 90
9 999999990
9 100000009
9 123456789
9 677930140
9 100009
9 100009
9 681770859
9 958519782
9 100000009
9 10009
9 624088269
9 571558589
9 463286219
9 100000009
9 10009
9 636049479
9 691773102
9 196031457
9 100009
9 344888097
9 100000009
9 800252942
9 100000009
9 267808529
9 869418389
9 100000009
9 100000009
9 100000009
9 100009
9 791714658
9 100000009
9 875097533
9 349216206
9 112410594
9 951550715
9 100000009
9 100000009
9 235160779
9 100009
9 519077154
9 100009
9 100000009
9 649825857
9 624755996
9 100000009
9 847570239
9 100009
9 259946608
9 944867342
9 100009
9 100009
9 626808349
9 600052689
9 100009
9 100000009
9 873576492
9 777111429
9 100009
9 755546149
9 100009
9 586338149
9 100000009
9 100009
9 149570837
9 963580044
9 862584559
9 100009
9 812635639
9 551692988
9 803396462
9 712529334
9 741671409
9 100009
9 290828322
9 841404149
9 672740869
9 693814472
9 100009
9 100009
9 717091639
9 100000009
9 932043444
9 100009
9 100009
9 100000009
9 100009
9 349911788
9 100009
9 100000009
9 640985636
9 706344359
9 100009
9 100009
9 877533749
9 460137769
9 100009
9 833724059
9 460105696
9 308846619
9 726609603
9 532847059
9 100009
9 100009
9 156883359
9 100009
9 305787589
9 229446911
9 100000009
9 100009
9 10009
9 973948804
9 100009
9 397282092
9 539625877
9 715460719
9 716231609
9 100009
9 496137877
9 100000009
9 100009
9 297147206
9 100009
9 192207822
9 239933179
9 780388409
9 100009
9 100000009
9 100009
9 142324809
9 594149174
9 1000009
9 893822606
9 292015819
9 100009
9 100000009
9 100009
9 812763869
9 873285269
9 442541229
9 100000009
9 510818629
9 827116191
9 100009
9 720351942
9 100000009
9 330229141
9 100009
9 446619973
9 708523469
9 410164149
9 615180929
9 179115470
9 10009
9 261662529
9 100009
9 100000009
9 999893231
9 230221509
9 100009
9 100000009
9 776827659
9 100009
9 100009
9 100009
9 100009
9 100009
9 100009
9 874013089
9 774391972
9 100000009
9 304848209
9 140262359
9 444903113
9 757660259
9 115097103
9 890400196
9 876167659
9 609987451
9 100009
9 601865059
9 443181389
9 100009
9 746144629
9 804500739
9 385880949
9 933738375
9 760503839
9 973707925
9 499527369
9 1000009
9 504150469
9 245127659
9 798487448
9 100009
9 269050396
9 316984005
9 146294914
9 297873134
9 467371819
9 380988299
9 100000009
9 594149642
9 100000009
9 100009
9 659279809
9 242967367
9 889950727
9 100000009
9 1009
9 142478479
9 100009
9 100009
9 10009
9 100009
9 168841079
9 165310309
9 100009
9 117285569
9 318705129
9 789109327
9 403186209
9 100009
9 456591974
9 686081619
9 749546079
9 100000009
9 100009
9 963910117
9 324266119
9 791135447
9 100009
9 569577862
9 876588089
9 100009
9 100000009
9 788850279
9 100009
9 812482679
9 234242309
9 472666798
9 640080139
9 100009
9 559377598
9 423406779
9 100009
9 10009
9 410440409
9 899319412
9 645956447
9 671127769
9 10009
9 793159873
9 503526709
9 100009
9 100000009
9 277216739
9 264393805
9 100009
9 585192660
9 810296809
9 506663918
9 502681139
9 100009
9 332457129
9 100009
9 880849810
9 27767529
9 100009
9 817569595
9 100009
9 100009
9 100009
9 100009
9 100009
9 182106579
9 144072529
9 100009
9 100009
9 574005579
9 974123003
9 971060031
9 474112399
9 640747149
9 100000009
9 869273678
9 851835419
9 256915446
9 100000009
9 833264339
9 100009
9 923182188
9 291119422
9 100009
9 142302269
9 100000009
9 100000009
9 753512439
9 997020558
9 573232955
9 735292530
9 513648159
9 100000009
9 100000009
9 595485836
9 125650899
9 416454819
9 100000009
9 204149292
9 949352201
9 856197765
9 777773289
9 990314108
9 100000009
9 100009
9 315623769
9 720979300
9 289911355
9 845280196
9 197087935
9 100009
9 100009
9 100009
9 100009
9 100009
9 344637469
9 824402989
9 378117309
9 100009
9 100000009
9 100009
9 100000009
9 100009
9 100009
9 100000009
9 961592813
9 468626449
9 925732524
9 100009
9 952276681
9 154037809
9 100000009
9 100009
9 845026379
9 100000009
9 500511659
9 839507437
9 100000009
9 10009
9 974772371
9 100000009
9 915643243
9 100000009
9 100009
9 100000009
9 100000009
9 791507545
9 235459013
9 100009
9 479732782
9 600546197
9 701606029
9 837328319
9 734165960
9 433555490
9 852539562
9 281533449
9 347982341
9 100009
9 100009
9 290167184
9 100009
9 100000009
9 504854089
9 100009
9 100000009
9 100009
9 100009
9 100000009
9 100000009
9 430774439
9 420927034
9 737112369
9 903037319
9 364094915
9 100009
9 100000009
9 549698662
9 327270129
9 100009
9 924987211
9 100009
9 180346190
9 100000009
9 304584379
9 832178729
9 172848519
9 616426609
9 997860935
9 855289527
9 100000009
9 10009
9 559357907
9 100000009
9 235158429
9 423160509
9 509975691
9 100009
9 100009
9 878040089
9 300513669
9 330820479
9 100009
9 437571349
9 100009
9 383189097
9 100009
9 100009
9 100009
9 100009
9 10009
9 100000009
9 619040696
9 100009
9 429102541
9 285254791
9 100000009
9 100009
9 303905593
9 905865259
9 578221179
9 100009
9 711800879
9 750679392
9 736317809
9 144450169
9 100009
9 100009
9 821612029
9 100009
9 418354479
9 712849188
9 100009
9 423032169
9 968631375
9 100009
9 245061379
9 100009
9 295481999
9 100009
9 100000009
9 789187985
9 164269903
9 100000009
9 100000009
9 313979834
9 383821009
9 100009
9 750336639
9 406829148
9 519252453
9 856397774
9 100000009
9 331425691
9 100009
9 100009
9 963202147
9 547587319
9 509876260
9 510038319
9 100009
9 100009
9 982300586
9 10009
9 1000009
9 659115185
9 10000009
9 449781299
9 292304546
9 100009
9 100009
9 100009
9 824496030
9 359631548
9 506305859
9 100009
9 100009
9 267731349
9 241904945
9 10009
9 914154508
9 998050816
9 313767619
9 100000009
9 845561279
9 77114849
9 121961484
9 100009
9 100000009
9 352547019
9 138032609
9 750237749
9 322952431
9 292412983
9 515181984
9 875085149
9 100000009
9 100000009
9 436229743
9 897568885
9 100009
9 857514029
9 913490772
9 565125469
9 129959890
9 100009
9 581995437
9 570601159
9 259650428
9 908635783
9 100009
9 999199135
9 416188849
9 470864479
9 358312059
9 100000009
9 872358759
9 882256269
9 356944585
9 100009
9 100009
9 100009
9 100009
9 100009
9 100000009
9 100000009
9 802458739
9 243058459
9 689240206
9 100009
9 100000009
9 545019628
9 100000009
9 302636189
9 733976443
9 100009
9 100000009
9 892185731
9 100009
9 400562819
9 495500688
9 777034789
9 100000009
9 100009
9 10009
9 353600629
9 346167669
9 659203961
9 10009
9 717435709
9 100000009
9 100009
9 451999713
9 832003439
9 412005539
9 502159578
9 280631669
9 100009
9 190171666
9 100000009
9 100009
9 650497559
9 100009
9 100009
9 320788109
9 100009
9 100009
9 822691789
9 330670119
9 774479439
9 900338424
9 729700594
9 100009
9 100009
9 100009
9 575037159
9 145065429
9 530888389
9 880676469
9 377162596
9 159508137
9 10009
9 105818189
9 100009
9 100009
9 100009
9 100000009
9 100009
9 100000009
9 10009
9 100009
9 866140419
9 937989682
9 100000009
9 100009
9 199798225
9 493729409
9 930284217
9 762049437
9 535190847
9 100009
9 100009
9 100009
9 1000009
9 164038629
9 843876769
9 835637639
9 826894216
9 774678219
9 100009
9 100009
9 10009
9 100009
9 287572359
9 100000009
9 100009
9 507622539
9 822455279
9 703013389
9 188427459
9 790694414
9 100009
9 100009
9 139921108
9 965787841
9 100009
9 100000009
9 225578779
9 100009
9 330151039
9 833361349
9 715980035
9 100000009
9 100009
9 100009
9 100000009
9 100009
9 276228269
9 446853159
9 100009
9 761455209
9 962143571
9 125554649
9 100000009
9 100009
9 501251589
9 100009
9 497962878
9 624909722
9 100009
9 100009
9 100009
9 428299423
9 100000009
9 100009
9 689993382
9 10009
9 775797829
9 101917285
9 762943541
9 390861307
9 18459371
9 100009
9 100000009
9 100009
9 100009
9 100009
9 735777059
9 100000009
9 365813229
9 727859880
9 246949519
9 867005297
9 100009
9 100009
9 775541299
9 450877889
9 100009
9 566560789
9 100009
9 535500189
9 293446984
9 100000009
9 100009
9 100009
9 100009
9 100000009
9 100009
9 792357546
9 100009
9 648992963
9 308693669
9 480121289
9 913321032
9 328099878
9 372336339
9 100009
9 816653579
9 100009
9 100009
9 630705479
9 100009
9 723509417
9 100009
9 339461814
9 704573429
9 100000009
9 260434729
9 100009
9 100000009
9 100000009
9 168832819
9 100009
9 1000009
9 242329513
9 100009
9 367213929
9 346093173
9 718310529
9 100000009
9 862451769
9 100000009
9 100009
9 377273629
9 809470808
9 330306901
9 100009
9 189809709
9 617497431
9 135514909
9 315835039
9 713790061
9 100009
9 100009
9 100009
9 238859184
9 689862048
9 329092225
9 100009
9 602728819
9 100000009
9 255515729
9 999810693
9 100009
9 100000009
9 100009
9 908106183
9 100009
9 162877819
9 724685669
9 100009
9 889229825
9 100009
9 100009
9 285879284
9 100009
9 156232197
9 593067984
9 801887509
9 100009
9 100000009
9 100009
9 456825397
9 100009
9 100009
9 427880559
9 675838709
9 920515741
9 100009
9 100009
9 613298054
9 100000009
9 100009
9 100009
9 100009
9 994418012
9 136520049
9 551329094
9 100009
9 100009
9 100009
9 100009
9 100009
9 677912627
9 581048469
9 100009
9 100009
9 100009
9 254493802
9 100000009
9 398451615
9 100009
9 100000009
9 423992926
9 100009
9 100009
9 662982397
9 100009
9 984286546
9 316272039
9 469858090
9 1009
9 963452944
9 330317179
9 532682292
9 914075511
9 147228059
9 100009
9 106005991
9 337394617
9 140526259
9 337297856
9 100000009
9 770385679
9 576962486
9 100009
9 129132792
9 100009
9 204704905
9 315843059
9 189682051
9 100009
9 100009
9 100009
9 100009
9 100009
9 242755639
9 100009
9 585191068
9 886231849
9 544128479
9 100009
9 706147359
9 100000009
9 541811339
9 490018453
9 247119682
9 100000009
9 145168579
9 278189507
9 894987676
9 696059541
9 100009
9 277090559
9 114919443
9 291550804
9 100009
9 934009781
9 451039062
9 411501649
9 943866300
9 774555595
9 430606779
9 100009
9 100000009
9 550723289
9 288137079
9 100000009
9 510200179
9 392036559
9 869519358
9 853900387
9 191628542
9 902845323
9 122487629
9 675970688
9 100009
9 720874379
9 796712531
9 540048091
9 700687459
9 420280694
9 934032086
9 760987474
9 508579952
9 110053879
9 100009
9 100000009
9 775065359
9 772344549
9 876406895
9 100009
9 637392573
9 100000009
9 533471749
9 663345289
9 796334832
9 927293031
9 100009
9 100000009
9 653621029
9 547863898
9 100009
9 100009
9 100000009
9 534078559
9 100000009
9 368729857
9 159876033
9 100009
9 100009
9 100009
9 100009
9 959818414
9 642673239
9 100009
9 326877239
9 100009
9 875855933
9 100000009
9 100009
9 100009
9 100009
9 641793074
9 100000009
9 10009
9 100009
9 386906687
9 288714529
9 768064729
9 986617562
9 571589790
9 100000009
9 26689826
9 272407596
9 100009
9 979440892
9 100000009
9 762450592
9 871490016
9 100009
9 901151586
9 640409096
9 141873789
9 165589163
9 940276965
9 100009
9 100009
9 621854569
9 843348619
9 10009
9 470904751
9 100009
9 100009
9 612228948
9 628224249
9 100000009
9 181805549
9 754800019
9 100000009
9 697729599
9 276146729
9 688749335
9 473106779
9 730633289
9 100000009
9 502391749
9 100000009
9 335966228
9 516504409
9 465371193
9 261283169
9 649813477
9 100009
9 100009
9 775632589
9 718968120
9 100009
9 100009
9 344486049
9 561782958
9 960221301
9 127559642
9 100009
9 100009
9 100009
9 560530849
9 100009
9 665038159
9 100009
9 321562869
9 526569728
9 949493860
9 100009
9 100009
9 872737329
9 195972135
9 820381790
9 934062064
9 10009
9 286571779
9 637849273
9 100000009
9 145360496
9 100009
9 264128769
9 943139584
9 650815379
9 100009
9 224195296
9 113175109
9 131069611
9 598523268
9 100009
9 536579046
9 385065679
9 418691312
9 595753447
9 928236539
9 100009
9 350685595
9 100009
9 100009
9 100000009
9 853227009
9 100009
9 100009
9 954108816
9 324556549
9 100009
9 100009
9 100009
9 439390450
9 756906747
9 303671319
9 674448594
9 100009
9 903704094
9 589280255
9 199843988
9 316458809
9 100009
9 100009
9 576857409
9 178077409
9 250161149
9 657322914
9 100009
9 694424184
9 695598160
9 100009
9 100000009
9 976239024
9 100009
9 753922354
9 786328039
9 100009
9 584145491
9 100009
9 179968113
9 100009
9 10009
9 100009
9 219084836
9 100000009
9 100000009
9 911059484
9 100009
9 100009
9 375514899
9 100000009
9 721615649
9 628403149
9 660913112
9 804724939
9 213757029
9 527916795
9 444350659
9 794516189
9 100009
9 100009
9 831123940
9 587301329
9 203869193
9 233876492
9 430879389
9 1009
9 189841858
9 10009
9 100009
9 425864319
9 258135039
9 100000009
9 100009
9 100009
9 560359345
9 100009
9 266667939
9 100009
9 287294501
9 100009
9 100009
9 732051069
9 100009
9 100009
9 100009
9 100009
9 440848249
9 325124093
9 747642049
9 969592887
9 1000009
9 100009
9 849036429
9 617071059
9 100009
9 133432289
9 10009
9 100009
9 100009
9 806523469
9 100009
9 100009
9 100009
9 133053920
9 961685242
9 100009
9 100009
9 477050289
9 100000009
9 766108729
9 300048339
9 100009
9 100009
9 719948838
9 778588697
9 646084549
9 100000009
9 100000009
9 231538941
9 305238119
9 576461569
9 100009
9 380254819
9 779478123
9 591198885
9 694444923
9 100000009
9 310819205
9 109
9 100000009
9 100009
9 729955235
9 800892638
9 100000009
9 100009
9 312767699
9 100009
9 116620059
9 996801862
9 100009
9 100009
9 780205509
9 559474604
9 100009
9 900949570
9 650950374
9 395786952
9 869091029
9 100000009
9 202729478
9 100009
9 100000009
9 714340669
9 717189019
9 888028419
9 100009
9 536001639
9 654635809
9 122745913
9 403434469
9 100009
9 678851049
9 870230309
9 100009
9 231620139
9 100000009
9 572062596
9 200365209
9 100000009
9 100009
9 929318906
9 100009
9 100009
9 749819643
9 100000009
9 100009
9 603682689
9 635353689
9 552366759
9 100009
9 10009
9 940719711
9 100009
9 140290056
9 100000009
9 843284779
9 100000009
9 996299011
9 100009
9 100009
9 462226839
9 918210977
9 371121219
9 128849273
9 100000009
9 937654356
9 234388429
9 714793894
9 386002489
9 100009
9 100009
9 608540309
9 717978498
9 100009
9 483113859
9 870069360
9 100000009
9 613695153
9 157476829
9 362221489
9 100009
9 10009
9 100009
9 100009
9 436116952
9 700611905
9 172984685
9 100009
9 100000009
9 100009
9 382937187
9 255728589
9 181541915
9 350714549
9 1000009
9 960974307
9 963738380
9 511410669
9 883658319
9 334514839
9 100000009
9 939361858
9 117457019
9 751495268
9 100009
9 964866634
9 829941258
9 438215389
9 100000009
9 439147820
9 100009
9 100009
9 784877249
9 100000009
9 100000009
9 915257048
9 428798658
9 111308639
9 100009
9 201580749
9 100009
9 992953942
9 100000009
9 890807739
9 100009
9 180494733
9 100009
9 568125259
9 464686629
9 261384968
9 578889911
9 944649960
9 100000009
9 602189100
9 146157889
9 100009
9 174236129
9 323688914
9 100009
9 544358419
9 696355314
9 100009
9 879906535
9 100009
9 1000009
9 100000009
9 299267074
9 161450898
9 922966551
9 645348419
9 880726229
9 315625519
9 294398879
9 100009
9 100009
9 799740831
9 313458169
9 777916806
9 100000009
9 534903212
9 100009
9 105328829
9 425802749
9 801813859
9 741505919
9 372364409
9 873684079
9 953462317
9 100009
9 107416889
9 116216729
9 559232249
9 167926371
9 506639827
9 481255289
9 854058963
9 367727973
9 340038791
9 100009
9 100000009
9 926561034
9 100000009
9 790082934
9 100000009
9 275666849
9 10009
9 361752809
9 298060825
9 100009
9 967676790
9 197876378
9 259025189
9 760477159
9 100009
9 534212019
9 100000009
9 100009
9 293678049
9 885066259
9 100000009
9 857709076
9 100009
9 100009
9 100009
9 100009
9 443128319
9 456735096
9 913445899
9 673011698
9 603428469
9 100009
9 100009
9 100000009
9 100009
9 680156589
9 100000009
9 268848859
9 519551983
9 226511579
9 400870649
9 179027491
9 238633369
9 100000009
9 100009
9 940885738
9 186316469
9 803074749
9 920428611
9 410201859
9 831968846
9 939863464
9 849559223
9 624302259
9 470955908
9 100009
9 100009
9 100009
9 216155549
9 530613319
9 652613809
9 100009
9 886585259
9 858676928
9 100000009
9 508565429
9 487899550
9 925341526
9 548846689
9 961848275
9 100009
9 209470352
9 100000009
9 203469795
9 194856273
9 589389874
9 1000009
9 884948540
9 751755209
9 902169749
9 100009
9 790565776
9 698772109
9 827881009
9 326745931
9 100009
9 100009
9 100009
9 100000009
9 100009
9 791175526
9 536846569
9 100000009
9 100009
9 515356159
9 654824918
9 339131756
9 646119124
9 100009
9 243177949
9 100000009
9 542558049
9 426381219
9 516433729
9 100009
9 845463039
9 411498056
9 933222795
9 636659464
9 167084719
9 100009
9 10009
9 100000009
9 827367529
9 543530109
9 100009
9 670674059
9 701109495
9 10000009
9 100009
9 362241749
9 100000009
9 961328014
9 403508839
9 737597221
9 843390692
9 597669632
9 749030274
9 466074389
9 759499407
9 100009
9 621119726
9 394311885
9 973602905
9 100000009
9 100009
9 407602459
9 100009
9 100000009
9 100009
9 100009
9 100000009
9 998262582
9 100009
9 532772913
9 100009
9 738944845
9 190514524
9 100000009
9 100000009
9 976420487
9 67541119
9 100009
9 100009
9 100009
9 100009
9 100000009
9 384776749
9 100000009
9 100000009
9 492665415
9 100009
9 934714817
9 220255659
9 100009
9 100000009
9 100009
9 747175539
9 303547509
9 100009
9 909244058
9 100009
9 100009
9 100009
9 824990941
9 100009
9 100009
9 100009
9 259738903
9 691471822
9 100009
9 283525959
9 100009
9 193435049
9 182121629
9 878204609
9 609234474
9 100009
9 227672809
9 100000009
9 395914769
9 135675089
9 100009
9 780589322
9 100009
9 100009
9 766374829
9 100009
9 100000009
9 100009
9 393763359
9 100009
9 100009
9 680883109
9 962673248
9 826789033
9 384717912
9 799432388
9 787681569
9 484304259
9 100009
9 100000009
9 100009
9 868524289
9 100000009
9 339995868
9 100000009
9 800220196
9 210545469
9 146336609
9 192616005
9 661287169
9 10009
9 272260049
9 219597267
9 573630649
9 100000009
9 100009
9 10009
9 410755179
9 762792907
9 220209380
9 927192063
9 534193496
9 100009
9 258197704
9 365626159
9 100000009
9 100009
9 163903342
9 10009
9 532323159
9 100009
9 150129400
9 100009
9 100009
9 745102912
9 211682569
9 640102769
9 100000009
9 795541651
9 324089450
9 199990771
9 100009
9 100009
9 831783749
9 100009
9 100009
9 100009
9 542293074
9 100000009
9 171732179
9 161870049
9 100009
9 842970839
9 100009
9 100009
9 933964288
9 436212089
9 370157039
9 100009
9 454470149
9 100000009
9 100009
9 100000009
9 100009
9 666347339
9 100009
9 187722679
9 100009
9 117129504
9 906887094
9 564084179
9 100000009
9 577598928
9 152995171
9 916811670
9 265103489
9 230713789
9 100000009
9 100000009
9 941920770
9 100000009
9 556836509
9 100009
9 659042549
9 271755193
9 100000009
9 100009
9 174882921
9 199970181
9 100009
9 100009
9 888042079
9 100009
9 202767369
9 660236869
9 100000009
9 100009
9 265436719
9 919501461
9 514134389
9 100000009
9 100000009
9 100009
9 100000009
9 100000009
9 100009
9 100009
9 844255369
9 500349169
9 100000009
9 100009
9 100009
9 1009
9 100009
9 100009
9 100009
9 100009
9 100009
9 100000009
9 756787192
9 229000567
9 653228059
9 100000009
9 256105589
9 476079441
9 100009
9 100009
9 100009
9 100000009
9 574351429
9 100009
9 681243891
9 649119236
9 100009
9 100000009
9 911630291
9 876346529
9 132715589
9 425365459
9 168538629
9 100009
9 702332679
9 100009
9 241572749
9 270411039
9 372301529
9 882654369
9 681346839
9 100009
9 996396947
9 100009
9 123048719
9 767324409
9 135538519
9 413556169
9 100000009
9 561792612
9 760445429
9 100009
9 494151448
9 100009
9 793992925
9 100000009
9 260630419
9 454071429
9 335832839
9 492669020
9 694164131
9 747037259
9 745852509
9 784085229
9 200701609
9 509017713
9 100009
9 10009
9 179802963
9 100009
9 530910338
9 100009
9 100009
9 100009
9 100000009
9 730485059
9 966723076
9 100009
9 100009
9 100009
9 434564779
9 180214459
9 108407829
9 342574739
9 391786521
9 100009
9 192036514
9 297748407
9 273966811
9 100009
9 907125450
9 456791824
9 100009
9 100000009
9 100009
9 371962552
9 100009
9 361798212
9 447851869
9 232001839
9 171471569
9 497374713
9 318286179
9 856882979
9 100009
9 192846295
9 100009
9 191805839
9 815375859
9 100000009
9 100009
9 316777379
9 858827795
9 972712438
9 134753819
9 476138059
9 883545940
9 100009
9 954391550
9 100009
9 531333359
9 269158141
9 168004619
9 468494303
9 114384749
9 320303109
9 760812779
9 100009
9 100009
9 100000009
9 100009
9 985465507
9 109758447
9 100000009
9 100009
9 145457239
9 631879520
9 744469939
9 627644879
9 576043689
9 965547623
9 100009
9 445438449
9 100009
9 242342879
9 100009
9 769940903
9 100009
9 100000009
9 410474209
9 1009
9 100009
9 100009
9 608843069
9 274992372
9 722094256
9 100009
9 100000009
9 775197313
9 905003258
9 973183560
9 617817579
9 597377504
9 254310991
9 994142326
9 886069486
9 100009
9 384981210
9 161285469
9 600823009
9 576225779
9 444316019
9 100009
9 481738479
9 905982038
9 145835839
9 337268249
9 100009
9 829565446
9 100000009
9 100009
9 100009
9 314527809
9 551063469
9 516868419
9 667581739
9 172746509
9 597695604
9 998396703
9 100009
9 118456934
9 424305190
9 10009
9 100009
9 382192971
9 100000009
9 184784159
9 824657289
9 492390844
9 100009
9 252976490
9 565971818
9 815916984
9 100009
9 937143599
9 943359629
9 100009
9 311867069
9 725746209
9 506866449
9 100009
9 100009
9 100009
9 396587253
9 782198851
9 547216439
9 100009
9 100000009
9 100009
9 717456279
9 10009
9 560160099
9 603699425
9 100789820
9 100009
9 372887973
9 365473829
9 422035019
9 100009
9 338856279
9 938147168
9 803618569
9 773432779
9 100009
9 262140229
9 198697048
9 100009
9 100000009
9 100009
9 100000009
9 431025139
9 100009
9 100000009
9 592465276
9 100009
9 100000009
9 577823759
9 622856976
9 100000009
9 100009
9 450598051
9 100009
9 100009
9 765617697
9 715631689
9 372104129
9 100009
9 539742052
9 100000009
9 458730149
9 384283379
9 100009
9 29131909
9 100009
9 380343839
9 100000009
9 100009
9 645721937
9 225523729
9 100009
9 914917043
9 861828149
9 100000009
9 397919122
9 100000009
9 100009
9 100009
9 10009
9 100009
9 320218029
9 949714968
9 159154430
9 428360691
9 100000009
9 758613659
9 267012609
9 325905400
9 925464464
9 216954707
9 767588459
9 100009
9 631808059
9 100009
9 323760429
9 100000009
9 484714349
9 100000009
9 898230000
9 836069711
9 578948959
9 100009
9 372800359
9 100000009
9 468249184
9 509233711
9 830304659
9 100009
9 738091369
9 503506069
9 10009
9 100009
9 364446619
9 554338849
9 947318578
9 537729614
9 409073372
9 441375639
9 751741963
9 221226169
9 303743988
9 597679609
9 277410049
9 447540967
9 100009
9 100000009
9 227606449
9 215288819
9 304815798
9 839541609
9 100009
9 100009
9 100000009
9 771946355
9 435575951
9 100009
9 100009
9 540232619
9 414544249
9 100000009
9 742247958
9 100009
9 699282388
9 100009
9 303088839
9 100000009
9 100000009
9 700585259
9 100000009
9 297608753
9 890264006
9 100009
9 937571518
9 100009
9 222853945
9 100009
9 448043939
9 904280939
9 100009
9 214722569
9 481930705
9 877155309
9 374057479
9 100009
9 100000009
9 100000009
9 100000009
9 790649472
9 353643393
9 481002059
9 100009
9 129071830
9 100009
9 100009
9 10009
9 405817569
9 100009
9 753109794
9 100009
9 303891125
9 100009
9 10009
9 423048619
9 100000009
9 100009
9 673067139
9 100009
9 100000009
9 439290621
9 100009
9 100009
9 164304359
9 100009
9 434776389
9 10009
9 100000009
9 10009
9 100009
9 683272199
9 100000009
9 376945344
9 443441941
9 100009
9 314509022
9 187026209
9 728440209
9 587867970
9 220026429
9 181505329
9 100009
9 949756081
9 480065490
9 573786339
9 100009
9 100009
9 100000009
9 851780619
9 306770109
9 950112046
9 100009
9 626512659
9 100009
9 416386459
9 100009
9 100009
9 843991115
9 100000009
9 100000009
9 874767249
9 418302019
9 422225719
9 100009
9 970918048
9 10009
9 311706029
9 100009
9 100009
9 452825198
9 365776819
9 606389535
9 100009
9 312055489
9 861671389
9 498492876
9 492621487
9 100009
9 898357015
9 100009
9 100009
9 789842451
9 404851539
9 100000009
9 100009
9 269408655
9 383612049
9 999890667
9 100009
9 363620749
9 406977813
9 10009
9 100009
9 901737945
9 299532073
9 100009
9 256755479
9 100009
9 504101629
9 100009
9 449069925
9 799978043
9 100009
9 100009
9 100009
9 946770617
9 100000009
9 959684842
9 100000009
9 100009
9 100009
9 693221857
9 570353039
9 100009
9 321920453
9 703062029
9 100009
9 100009
9 660396806
9 621898193
9 956198460
9 100009
9 600910423
9 100009
9 246709066
9 253653449
9 100009
9 230876309
9 671437269
9 942531017
9 675272569
9 814592030
9 519618427
9 394315809
9 511781945
9 100000009
9 664172609
9 14702109
9 566900409
9 100000009
9 430385459
9 829226478
9 100009
9 440992862
9 627002069
9 100000009
9 100009
9 100009
9 378914935
9 100000009
9 443310219
9 877856719
9 100009
9 10009
9 773862879
9 804010869
9 218622629
9 100009
9 389561350
9 698299667
9 100000009
9 100009
9 177752359
9 100009
9 235105859
9 100009
9 100000009
9 139285700
9 100009
9 831516589
9 102575859
9 878119444
9 100000009
9 307554239
9 943926484
9 134781693
9 896207785
9 454991912
9 100000009
9 240254669
9 230009990
9 719125559
9 751826549
9 874925979
9 532058449
9 100009
9 100009
9 157062579
9 767579553
9 10009
9 136142197
9 100009
9 100000009
9 972986615
9 469579645
9 619531708
9 177915015
9 10009
9 100009
9 814660539
9 100009
9 107129940
9 302516930
9 100009
9 100009
9 100009
9 196074526
9 835107719
9 379085338
9 669109071
9 467897179
9 299778545
9 100009
9 100009
9 10009
9 823660009
9 100009
9 702888639
9 100009
9 10009
9 985572215
9 247736495
9 679356069
9 971303106
9 100009
9 100009
9 176823449
9 231363549
9 472860739
9 100000009
9 10009
9 100009
9 100009
9 990450234
9 267759869
9 661406987
9 482615769
9 100000009
9 100009
9 737579677
9 867504179
9 100000009
9 100009
9 100009
9 100009
9 696431542
9 100009
9 100000009
9 280323119
9 145551928
9 284283329
9 745381649
9 100000009
9 456637589
9 100000009
9 10009
9 100009
9 100009
9 100000009
9 100009
9 100009
9 735376809
9 792445505
9 100009
9 100009
9 835628519
9 574555609
9 844592159
9 190824235
9 412658269
9 989477261
9 287611009
9 237059449
9 396229644
9 856282829
9 514245981
9 228674259
9 100000009
9 736490066
9 267747379
9 100000009
9 100000009
9 100009
9 422925102
9 100009
9 354320739
9 267076769
9 100009
9 494333748
9 669198483
9 100009
9 759757420
9 100009
9 281202449
9 250238956
9 854457998
9 100009
9 692983817
9 100009
9 140848914
9 100000009
9 405101289
9 284525849
9 871524659
9 808294687
9 619017300
9 100000009
9 100009
9 10009
9 100009
9 225112419
9 225890250
9 536826689
9 868617829
9 100000009
9 289835260
9 433059939
9 100009
9 100009
9 851346793
9 100009
9 311182209
9 808044649
9 411902740
9 948756437
9 100009
9 403838639
9 100009
9 100009
9 453307259
9 15704971
9 100009
9 100009
9 561318109
9 100009
9 100009
9 265118729
9 100009
9 100009
9 446927371
9 938671057
9 197710395
9 827295551
9 482778329
9 100000009
9 100009
9 100009
9 302269065
9 100000009
9 100009
9 709119472
9 100000009
9 100009
9 100009
9 100009
9 100000009
9 267867339
9 100009
9 693146257
9 100009
9 179180772
9 201753679
9 304009173
9 1000009
9 100009
9 368620209
9 100000009
9 628213920
9 100009
9 287688129
9 268872339
9 100009
9 526800229
9 880416549
9 266351819
9 599020709
9 100009
9 911407428
9 947121842
9 248873239
9 100009
9 120875309
9 769591224
9 738911606
9 10009
9 716882549
9 500644079
9 100009
9 452498068
9 100000009
9 100000009
9 100009
9 596594128
9 100009
9 100009
9 884663953
9 152400869
9 100009
9 151430559
9 632471869
9 418115089
9 706087189
9 100009
9 943496065
9 787292968
9 482285309
9 1009
9 529009339
9 195522076
9 328854369
9 100009
9 967856314
9 979261735
9 100009
9 100000009
9 100009
9 882288189
9 225238759
9 100009
9 642015319
9 985526003
9 453848139
9 518635309
9 712247159
9 100009
9 794720672
9 512314908
9 100000009
9 255889170
9 100000009
9 783422169
9 543328489
9 794433451
9 100009
9 788737339
9 828599913
9 102755839
9 100732789
9 711588039
9 165394131
9 100009
9 100000009
9 836978073
9 100009
9 523326982
9 100009
9 100009
9 100009
9 100009
9 537018269
9 796592798
9 849864315
9 100009
9 100009
9 211197684
9 1009
9 100009
9 100009
9 359636085
9 100009
9 100000009
9 100000009
9 769502623
9 100000009
9 296979164
9 988339877
9 100009
9 381924695
9 326293372
9 100000009
9 683367239
9 783116976
9 100000009
9 100000009
9 642253229
9 100009
9 100000009
9 100009
9 568048329
9 602047439
9 10009
9 100009
9 832840469
9 100000009
9 397547163
9 100000009
9 679266586
9 316416809
9 100009
9 368808349
9 100000009
9 496862534
9 100009
9 100009
9 310359010
9 619512103
9 995106952
9 992941170
9 901116343
9 568861019
9 100009
9 100000009
9 252881269
9 596710446
9 100009
9 194794964
9 428559157
9 379384790
9 100000009
9 850856219
9 469191349
9 757884359
9 100009
9 100009
9 365109201
9 786822093
9 100000009
9 100009
9 979539079
9 498115483
9 327587609
9 831159301
9 663401019
9 587735390
9 100009
9 100009
9 100009
9 807263239
9 932417127
9 100000009
9 100009
9 10009
9 734777479
9 100000009
9 100009
9 455464449
9 497065803
9 237716079
9 100000009
9 143533494
9 100009
9 645954400
9 986151653
9 10009
9 255667719
9 100009
9 720531609
9 801619475
9 541824529
9 256286159
9 809009903
9 992499291
9 491871033
9 100009
9 109
9 774246903
9 100009
9 100009
9 725179017
9 952312744
9 186638190
9 100009
9 483601579
9 100009
9 100000009
9 692866836
9 614674449
9 550648169
9 100009
9 100009
9 467478269
9 100000009
9 100009
9 913285818
9 100009
9 753584919
9 445617619
9 784315983
9 960591663
9 100009
9 100009
9 101182169
9 537548329
9 482598477
9 373558119
9 100009
9 540691637
9 608804589
9 542495767
9 243457941
9 125296699
9 943810978
9 100009
9 426028259
9 267453696
9 866041259
9 806600897
9 965756017
9 829618436
9 100000009
9 100009
9 100000009
9 100764398
9 10009
9 820998070
9 31374329
9 943541704
9 100009
9 730239555
9 100009
9 957400367
9 1000009
9 270851539
9 658782629
9 471226095
9 832313539
9 100000009
9 100009
9 273876592
9 100009
9 100009
9 154076639
9 100009
9 995452181
9 100009
9 287672291
9 503546928
9 100009
9 100009
9 654571319
9 154147059
9 10009
9 100009
9 100009
9 100000009
9 541314369
9 100009
9 653428809
9 337009706
9 100009
9 100009
9 188623619
9 634306409
9 100009
9 510471769
9 100009
9 534507459
9 684500139
9 100009
9 100000009
9 100009
9 220968553
9 659397293
9 592242291
9 930025646
9 10009
9 100009
9 295187089
9 100009
9 100009
9 100009
9 312368109
9 732966413
9 895888670
9 428677649
9 432466749
9 253546659
9 100009
9 943500901
9 636280139
9 994815925
9 546024490
9 891450496
9 259172763
9 100009
9 492540147
9 171067799
9 100000009
9 516911551
9 988609805
9 100009
9 100000009
9 786804592
9 100009
9 806033139
9 10009
9 100000009
9 328089172
9 417332519
9 100009
9 574690958
9 100000009
9 971865607
9 970175201
9 558096799
9 100000009
9 311523109
9 524252129
9 100009
9 100009
9 100000009
9 342611549
9 100000009
9 503602109
9 839659569
9 280214759
9 120792078
9 100009
9 100009
9 100000009
9 100009
9 1000009
9 100009
9 426394524
9 785073129
9 694239542
9 707855594
9 100009
9 901480048
9 656821139
9 889765634
9 100009
9 871469284
9 100009
9 100000009
9 100009
9 610417359
9 237161159
9 10009
9 347238519
9 626718829
9 494873828
9 100009
9 976219427
9 857614932
9 364721829
9 466806369
9 100009
9 381532849
9 810572849
9 100000009
9 100009
9 426512579
9 360248689
9 81653039
9 909970827
9 100000009
9 164719814
9 222583629
9 298456897
9 284875092
9 1000009
9 331896399
9 733490424
9 100009
9 100009
9 173356019
9 848406589
9 100000009
9 468291229
9 728489434
9 559110584
9 145771398
9 729060630
9 598156348
9 891482757
9 792812395
9 677065029
9 100009
9 266384039
9 765938810
9 270382749
9 447641539
9 549300735
9 841689345
9 482542819
9 229372734
9 902221027
9 100009
9 100009
9 665142169
9 441168898
9 887682369
9 706933159
9 723468719
9 100009
9 118803981
9 100009
9 203028679
9 637054191
9 646612089
9 274943219
9 731276219
9 833022389
9 443518529
9 107001729
9 168082960
9 593824005
9 516712749
9 545616769
9 10009
9 718323392
9 600561659
9 932939478
9 882152119
9 631894877
9 761995497
9 100009
9 857312829
9 173061519
9 309001429
9 935842909
9 100000009
9 224021189
9 10009
9 909728442
9 321155559
9 933953831
9 207808904
9 491765627
9 100009
9 100009
9 799752248
9 100009
9 100009
9 100009
9 100009
9 299838619
9 100009
9 699631155
9 100009
9 203467790
9 100009
9 431472649
9 972165688
9 100009
9 10009
9 311887069
9 897127471
9 385124289
9 100000009
9 100009
9 359655328
9 100009
9 100009
9 100009
9 225102489
9 269860005
9 849116859
9 100009
9 725335195
9 449708014
9 490478258
9 100009
9 848908759
9 100000009
9 347794080
9 100009
9 100000009
9 100000009
9 123810799
9 100009
9 538103197
9 682394956
9 302494121
9 100009
9 100009
9 100000009
9 317491362
9 742055139
9 10009
9 395126264
9 197823360
9 930900006
9 100009
9 910837320
9 269754542
9 722793077
9 100000009
9 165893264
9 488523879
9 100009
9 975990191
9 100009
9 118490318
9 422049132
9 100009
9 382534329
9 406176069
9 100009
9 558391864
9 174449789
9 100009
9 825555829
9 100009
9 541531749
9 368353839
9 100000009
9 100009
9 158326779
9 395093759
9 100009
9 164760849
9 647000987
9 431026789
9 505871559
9 338753569
9 197521936
9 100000009
9 100009
9 105800974
9 100009
9 428264967
9 382950466
9 100009
9 495811052
9 100009
9 100009
9 100000009
9 100009
9 701617709
9 100009
9 375077019
9 863630419
9 100000009
9 100009
9 693813983
9 100009
9 100009
9 100009
9 100009
9 100000009
9 100009
9 930415930
9 531178609
9 847420749
9 357623849
9 987837150
9 938027164
9 990855428
9 100009
9 100009
9 737810129
9 174367229
9 401503219
9 691760843
9 554211119
9 100009
9 224326339
9 464136839
9 645627449
9 100000009
9 247163892
9 100009
9 343998927
9 100009
9 100009
9 100000009
9 996239891
9 372393966
9 847196445
9 151177394
9 100000009
9 934581194
9 100009
9 100009
9 100009
9 100000009
9 249912921
9 100009
9 571645229
9 100009
9 669882189
9 511839420
9 1000009
9 250545219
9 268777849
9 412028019
9 831055009
9 100009
9 782826998
9 1000009
9 582792030
9 100009
9 159835676
9 912289399
9 100009
9 864490559
9 102623945
9 685144915
9 10009
9 857003319
9 186689797
9 210713609
9 153041509
9 511418859
9 322281932
9 100009
9 862344149
9 791636512
9 384031749
9 100009
9 499452781
9 250876819
9 961503829
9 200362359
9 100009
9 383642879
9 1000009
9 179462957
9 425108169
9 700158359
9 890141002
9 516480359
9 971511243
9 236863709
9 100009
9 994570416
9 242421769
9 609371124
9 100009
9 100009
9 699238619
9 589250189
9 211285809
9 875370907
9 344300980
9 100000009
9 242809417
9 100009
9 134004197
9 863257984
9 100009
9 100000009
9 126619587
9 967996109
9 100009
9 858988734
9 634587669
9 498625035
9 925291080
9 100000009
9 100009
9 100000009
9 10009
9 133109758
9 407632039
9 330546395
9 100009
9 240742489
9 643196819
9 100009
9 322971219
9 100009
9 377591472
9 386664329
9 100000009
9 100009
9 100009
9 100009
9 100009
9 673435961
9 808665689
9 666249638
9 975548374
9 100009
9 461517439
9 680019184
9 948914367
9 10009
9 100009
9 100009
9 411432579
9 10009
9 100009
9 100009
9 158370936
9 10009
9 1000009
9 725853519
9 827643943
9 100000009
9 262247789
9 552991556
9 157761749
9 200163829
9 100009
9 292339188
9 522961791
9 161141539
9 892796397
9 100000009
9 100000009
9 100000009
9 100000009
9 100000009
9 100000009
9 529360644
9 256821369
9 100009
9 198142263
9 871309351
9 109783316
9 585879168
9 100000009
9 651123639
9 234085669
9 352284935
9 201020259
9 424868926
9 489452720
9 431758659
9 342099948
9 495476143
9 147534439
9 170918531
9 478403239
9 100009
9 720955821
9 371448944
9 335533439
9 219384820
9 100009
9 100000009
9 482199255
9 920579154
9 867870729
9 771818789
9 100000009
9 539067600
9 100009
9 10009
9 801443059
9 100009
9 342124829
9 113369932
9 100009
9 731776936
9 167399248
9 100009
9 631359064
9 100009
9 483664996
9 873988518
9 955717058
9 499932335
9 100009
9 100009
9 100009
9 502482669
9 890182954
9 690865410
9 100009
9 100000009
9 100000009
9 100009
9 761311789
9 348907032
9 788310369
9 601764049
9 100009
9 783859174
9 100009
9 134238179
9 255307429
9 100009
9 100009
9 504563789
9 424342259
9 100009
9 100009
9 111430059
9 100009
9 960248760
9 924411052
9 762088029
9 248024429
9 288357759
9 403497737
9 350302829
9 302483959
9 100009
9 100009
9 1000009
9 642513923
9 100009
9 784000029
9 773743869
9 100009
9 100000009
9 699815168
9 100009
9 312292881
9 678281579
9 954471681
9 100009
9 556078629
9 817046079
9 533365009
9 292508395
9 740973420
9 600252429
9 648937137
9 688180489
9 353952564
9 10009
9 214789044
9 243981183
9 209020943
9 100009
9 100009
9 337612389
9 100000009
9 100009
9 686405935
9 791322466
9 100009
9 100009
9 238519070
9 346910023
9 100009
9 100009
9 38160519
9 100009
9 271855539
9 818272469
9 361383659
9 100000009
9 100000009
9 806236903
9 702150809
9 958638422
9 100009
9 227136609
9 100009
9 889914275
9 100000009
9 100009
9 100000009
9 100009
9 727967521
9 915186930
9 100009
9 433364879
9 803737769
9 763364796
9 274457094
9 299668856
9 536554679
9 100000009
9 100009
9 100009
9 100009
9 430413469
9 100009
9 142699445
9 894549733
9 434138109
9 100009
9 861315789
9 688365559
9 100009
9 100009
9 100000009
9 240985348
9 161852879
9 453902534
9 533180619
9 100009
9 911064584
9 100009
9 23010098
9 100009
9 635350669
9 100000009
9 100009
9 661123449
9 983161665
9 666524429
9 100009
9 10009
9 100009
9 191659950
9 624411779
9 551999858
9 100000009
9 100009
9 100009
9 744004219
9 516766709
9 100009
9 137243289
9 100009
9 146857349
9 100009
9 100009
9 393504989
9 652606379
9 147902758
9 100009
9 477559818
9 100000009
9 100009
9 100009
9 519072052
9 963898877
9 100009
9 796346673
9 279033464
9 896347117
9 785760009
9 437968703
9 100009
9 870654559
9 100000009
9 390822654
9 418494959
9 100000009
9 100000009
9 100009
9 100009
9 100009
9 100009
9 186421209
9 203533009
9 100000009
9 100009
9 100009
9 100000009
9 412036769
9 987221640
9 125096087
9 110911347
9 100000009
9 100009
9 100009
9 494013637
9 269394241
9 488884479
9 191276921
9 696856282
9 719455442
9 745846589
9 465805519
9 643019119
9 100009
9 540676859
9 100009
9 294387215
9 472520509
9 100009
9 555127913
9 729284022
9 727336089
9 108757249
9 100000009
9 100000009
9 253893620
9 100000009
9 238382209
9 568879101
9 100009
9 927775699
9 100000009
9 100009
9 100000009
9 805827973
9 10009
9 728368393
9 782622549
9 100009
9 611510198
9 261343159
9 832929713
9 407453249
9 652757529
9 967836540
9 598704163
9 599979813
9 737136119
9 443241192
9 431936723
9 113748921
9 212043679
9 506251931
9 367032974
9 100009
9 147857079
9 773941718
9 10009
9 100000009
9 100009
9 100009
9 102965356
9 153256119
9 244469054
9 215687793
9 614733239
9 241415179
9 100000009
9 437742997
9 100000009
9 100009
9 100000009
9 100009
9 100009
9 227223109
9 100009
9 115885974
9 100000009
9 100009
9 786359146
9 517884893
9 788564659
9 171887499
9 100000009
9 294288248
9 100009
9 378075917
9 321095871
9 438303369
9 939251928
9 100009
9 856323975
9 868200897
9 235299604
9 100000009
9 243103491
9 100000009
9 100009
9 100009
9 100009
9 100000009
9 457247259
9 916138819
9 100009
9 100000009
9 233325109
9 134690572
9 166732494
9 156460009
9 100000009
9 100009
9 100000009
9 108210089
9 597761284
9 428536859
9 211989809
9 560884939
9 400354459
9 690383358
9 100009
9 276239550
9 100009
9 100009
9 420148589
9 100009
9 100009
9 104190671
9 762155819
9 853673689
9 956801689
9 100009
9 478733839
9 179244545
9 534202943
9 887805089
9 100000009
9 100000009
9 100000009
9 731776629
9 921441736
9 445246409
9 647219254
9 100009
9 235960378
9 849841267
9 100009
9 314241449
9 714539261
9 404511879
9 729931372
9 427306389
9 629716995
9 10009
9 750413159
9 944256336
9 100009
9 100009
9 100566609
9 552512269
9 100009
9 100009
9 100000009
9 905448156
9 429226417
9 100000009
9 264838319
9 229713626
9 100009
9 100009
9 569804608
9 197109546
9 455450091
9 756522039
9 10009
9 359648054
9 949239350
9 989436234
9 973371929
9 100000009
9 640508940
9 280309852
9 378045519
9 243523492
9 390899704
9 443811369
9 100009
9 100009
9 100000009
9 307138589
9 100000009
9 10009
9 100000009
9 100000009
9 668775489
9 216173139
9 100009
9 100000009
9 787190947
9 301691701
9 426412689
9 582606189
9 497100600
9 147231939
9 256819039
9 991827463
9 100009
9 816198882
9 100009
9 649742803
9 100009
9 100009
9 411951738
9 118793295
9 222939171
9 383634079
9 100000009
9 621950868
9 100009
9 210464119
9 398664625
9 202495140
9 407727839
9 770117749
9 100000009
9 408559373
9 689826531
9 346509416
9 100009
9 499286566
9 384597146
9 100000009
9 100009
9 768036839
9 896483791
9 515572974
9 1009
9 100009
9 100009
9 100009
9 993474070
9 806106596
9 302890230
9 912273776
9 524185049
9 100009
9 805550569
9 10009
9 100009
9 424408639
9 740828779
9 100009
9 565026749
9 532721249
9 100009
9 626401349
9 100009
9 592599707
9 692852453
9 696252734
9 100009
9 103650399
9 407914082
9 900220242
9 100009
9 100009
9 808577059
9 518968752
9 100009
9 100009
9 694515031
9 100009
9 100009
9 10009
9 100009
9 100000009
9 100000009
9 592656116
9 100000009
9 307640559
9 274771941
9 100000009
9 811870995
9 121875429
9 100009
9 336736496
9 611357559
9 213671779
9 100009
9 100009
9 10009
9 1009
9 347934405
9 100000009
9 100009
9 418775689
9 100009
9 429970848
9 611711219
9 100009
9 100009
9 100000009
9 937769680
9 320179744
9 140226590
9 100009
9 100009
9 680532569
9 636842689
9 378235669
9 613437639
9 472921917
9 100000009
9 31506339
9 100009
9 891160752
9 100009
9 10009
9 878839087
9 495784696
9 100009
9 1000009
9 100009
9 100009
9 913173710
9 297261272
9 100009
9 131382109
9 992536540
9 580926959
9 527590478
9 100009
9 100000009
9 100000009
9 659539290
9 100009
9 301511589
9 1000009
9 100009
9 100009
9 410502679
9 512996244
9 301286269
9 499787668
9 233266629
9 606503409
9 492673056
9 820916259
9 682588259
9 100009
9 338713439
9 146545129
9 782887739
9 921898105
9 100009
9 100009
9 100009
9 615042829
9 510115799
9 295602437
9 100009
9 259210284
9 764911082
9 100009
9 100009
9 536437079
9 160180967
9 217482679
9 599138604
9 100000009
9 100009
9 846797332
9 100009
9 100009
9 121025019
9 100000009
9 901055304
9 891723552
9 256769808
9 498219947
9 718608719
9 100009
9 448229115
9 928097758
9 356502849
9 100009
9 768647954
9 219313424
9 100000009
9 10009
9 326109487
9 100009
9 100009
9 373299523
9 417774439
9 499624614
9 717810559
9 794072995
9 298171146
9 100009
9 100000009
9 425035938
9 100000009
9 100000009
9 307134797
9 283298244
9 491206394
9 503484129
9 774223946
9 512293771
9 745468239
9 100000009
9 631067409
9 844242139
9 100000009
9 337718269
9 100000009
9 493921130
9 280424839
9 100009
9 669659138
9 431390784
9 262611492
9 100009
9 100009
9 107385950
9 100009
9 309084786
9 794514363
9 100009
9 100009
9 740421297
9 100009
9 538525190
9 174120839
9 295769027
9 916957945
9 134182409
9 100009
9 944347592
9 100009
9 100000009
9 100009
9 100009
9 698710437
9 100009
9 100009
9 334440359
9 274681429
9 100009
9 406726789
9 587088912
9 100000009
9 615949876
9 546577379
9 100009
9 930723640
9 36423349
9 103141749
9 114436559
9 674770769
9 625766419
9 621694681
9 865393104
9 651388879
9 100000009
9 143612649
9 193037628
9 739052136
9 336769893
9 100000009
9 190541028
9 652217119
9 460059625
9 256313529
9 947987933
9 100009
9 100000009
9 546688639
9 10009
9 696855048
9 100000009
9 135737319
9 132584409
9 973306439
9 10009
9 137458609
9 117967454
9 100009
9 409905127
9 942130209
9 418980654
9 460753879
9 100009
9 770512669
9 100009
9 124934109
9 100000009
9 100000009
9 100000009
9 437003129
9 348153859
9 100009
9 100009
9 100009
9 227350849
9 972494671
9 235013609
9 525570659
9 100009
9 839793194
9 100000009
9 998592312
9 172142839
9 100000009
9 957212464
9 663769842
9 584079953
9 100009
9 100009
9 100009
9 421235269
9 220500439
9 693636282
9 586353469
9 100009
9 718239314
9 206987506
9 100009
9 917124073
9 100009
9 212813369
9 100009
9 100009
9 450277229
9 100009
9 100009
9 530659869
9 716056169
9 100000009
9 275586539
9 100009
9 336380289
9 100009
9 385649010
9 858027698
9 100000009
9 694737761
9 613042449
9 187653139
9 100000009
9 258103359
9 234847719
9 100009
9 648537849
9 313384912
9 251035369
9 100009
9 100009
9 692840148
9 100000009
9 100009
9 10009
9 100009
9 207575649
9 100009
9 614628469
9 100009
9 100009
9 100000009
9 732729869
9 100000009
9 100009
9 839075799
9 381998418
9 583018079
9 477327529
9 626641519
9 274824947
9 964770015
9 454916146
9 577910490
9 100009
9 150656129
9 758346009
9 176314729
9 10009
9 868420859
9 100009
9 897045859
9 100009
9 530325249
9 443757679
9 100000009
9 575799149
9 244387739
9 10009
9 312327709
9 100009
9 560618629
9 100000009
9 100000009
9 715674189
9 883016209
9 100009
9 100000009
9 640678459
9 100009
9 798480945
9 544307449
9 100009
9 246766889
9 100000009
9 855866239
9 811972952
9 100009
9 100009
9 100009
9 100009
9 10009
9 398091139
9 100000009
9 100009
9 849410257
9 100009
9 733405089
9 100009
9 100000009
9 857402749
9 945693593
9 621454729
9 162149416
9 86654479
9 199793985
9 556241609
9 729584607
9 100009
9 226042109
9 100009
9 100000009
9 100000009
9 100009
9 986574326
9 761200009
9 758674988
9 100000009
9 100009
9 100009
9 986583420
9 100009
9 897024424
9 100009
9 625584986
9 900408642
9 525118189
9 100009
9 100000009
9 827916698
9 100009
9 815594386
9 405606209
9 966261993
9 100009
9 100000009
9 100009
9 100009
9 435556419
9 48998934
9 579575551
9 100009
9 129824332
9 878281149
9 100000009
9 100009
9 100009
9 683449255
9 100009
9 297980252
9 100000009
9 100009
9 597441266
9 855170429
9 721664289
9 100000009
9 100009
9 150368129
9 709283354
9 100009
9 270871639
9 100009
9 153924216
9 689774051
9 100000009
9 477288489
9 100009
9 997918846
9 100000009
9 100009
9 586823279
9 100009
9 100009
9 501458229
9 859610083
9 761768619
9 213569533
9 100000009
9 458369543
9 100009
9 100009
9 100000009
9 534897275
9 265625269
9 100009
9 329582809
9 516861159
9 100009
9 561602269
9 363798119
9 295529991
9 794126344
9 826214912
9 578822991
9 278064089
9 100000009
9 100009
9 365619221
9 100009
9 983487828
9 100009
9 100000009
9 1000009
9 100009
9 100009
9 383925165
9 100009
9 776188869
9 885460359
9 782342449
9 174531059
9 10009
9 513800839
9 337723209
9 100000009
9 411197043
9 100000009
9 100009
9 869701088
9 807139750
9 536967496
9 100009
9 100009
9 444389226
9 100009
9 567116559
9 618567189
9 423362619
9 100009
9 890894694
9 659202028
9 910879607
9 151448779
9 337520229
9 524808829
9 100000009
9 100009
9 100009
9 100009
9 805408459
9 609173805
9 473481489
9 321135904
9 100009
9 827779701
9 100009
9 663192752
9 100000009
9 299148952
9 146529146
9 121341469
9 474486359
9 975520847
9 234837729
9 107552029
9 100009
9 100000009
9 233741819
9 299592464
9 367794819
9 363596096
9 393808839
9 100000009
9 204792247
9 100009
9 100009
9 415479482
9 586701039
9 100009
9 512137789
9 372927724
9 599032092
9 100000009
9 216651961
9 100009
9 286462796
9 898353380
9 978310042
9 100009
9 100000009
9 378231809
9 951653011
9 217151409
9 924016543
9 100009
9 100000009
9 656787749
9 100009
9 100009
9 350158119
9 559714482
9 152031759
9 675948120
9 100009
9 838452069
9 839805644
9 947203895
9 164980591
9 100009
9 954573466
9 330512659
9 282911138
9 100009
9 100009
9 100009
9 679071202
9 100009
9 870001459
9 478793818
9 500166089
9 100009
9 100009
9 108021819
9 100000009
9 100009
9 234319149
9 876099197
9 373572729
9 100009
9 535452749
9 879374893
9 635105779
9 839382489
9 786545359
9 100000009
9 100000009
9 482193643
9 100000009
9 150294402
9 239087894
9 813819575
9 468978575
9 250975402
9 775352491
9 100009
9 181323209
9 100000009
9 100009
9 100009
9 393728269
9 100000009
9 100009
9 261433519
9 432720259
9 145096398
9 100000009
9 100009
9 100009
9 100009
9 656516019
9 767902590
9 361753109
9 798912601
9 345801869
9 646558349
9 100009
9 962841047
9 821662900
9 1000009
9 494101566
9 104875190
9 10009
9 583181519
9 457556169
9 887318439
9 445465291
9 663296040
9 100009
9 995766431
9 100009
9 596391835
9 786857089
9 139283881
9 952839692
9 117271009
9 867880948
9 483885929
9 323668239
9 100000009
9 100009
9 100000009
9 100000009
9 888533629
9 366724749
9 100009
9 801636039
9 100009
9 100009
9 562031809
9 100009
9 350723739
9 306027859
9 738558819
9 975694792
9 831342609
9 472515279
9 230500159
9 100000009
9 474762279
9 468027489
9 100000009
9 151190338
9 100009
9 100000009
9 100009
9 938148234
9 100000009
9 100009
9 250805319
9 413699562
9 100000009
9 134182019
9 100009
9 597307779
9 378331309
9 888009346
9 100009
9 10009
9 100009
9 100009
9 528663509
9 100000009
9 245825921
9 141423493
9 100009
9 100009
9 100009
9 200902789
9 100009
9 604370193
9 100009
9 647054789
9 598578241
9 396132325
9 1009
9 100000009
9 100009
9 231318921
9 100009
9 859943810
9 915775119
9 100009
9 100000009
9 100009
9 587668889
9 100009
9 996737735
9 100000009
9 831764839
9 847112149
9 100009
9 100000009
9 100000009
9 925954291
9 206201954
9 100000009
9 100000009
9 201544894
9 100009
9 300161889
9 100009
9 100009
9 520408769
9 100009
9 100009
9 10009
9 503466905
9 100000009
9 100009
9 673968568
9 100000009
9 100009
9 590694905
9 10009
9 620071339
9 100009
9 595266523
9 451695245
9 606555189
9 100000009
9 100009
9 690378113
9 759041988
9 100009
9 304784689
9 100009
9 414298756
9 280216934
9 296752914
9 100009
9 959572125
9 572602139
9 100000009
9 116229325
9 655923052
9 915157200
9 807618139
9 100009
9 103876981
9 403611569
9 396274580
9 100000009
9 100000009
9 100009
9 857679364
9 500782639
9 973690024
9 516969944
9 798354234
9 10009
9 694612228
9 100009
9 996507435
9 274442429
9 918748819
9 100009
9 180985680
9 100000009
9 673922799
9 409838840
9 632617669
9 100009
9 100009
9 183156219
9 100009
9 100009
9 817162749
9 100009
9 792758017
9 100009
9 100009
9 166200729
9 142769807
9 100009
9 475463879
9 100009
9 100009
9 100009
9 100009
9 856325249
9 100009
9 100009
9 770824609
9 157280659
9 260299529
9 100000009
9 526296256
9 188920245
9 100009
9 944228988
9 928871383
9 456434019
9 123067579
9 100000009
9 608791866
9 100009
9 100009
9 207901812
9 100009
9 100009
9 345866869
9 123640469
9 100009
9 149055786
9 349612656
9 218738249
9 100009
9 800701339
9 728063539
9 415668079
9 461427019
9 31099716
9 886761079
9 791638538
9 752089925
9 100000009
9 775047389
9 264489049
9 791848135
9 100000009
9 100009
9 100009
9 100009
9 572240869
9 100009
9 305375967
9 100009
9 10009
9 464605296
9 588140579
9 241907125
9 565184975
9 100009
9 585827968
9 271345909
9 716876059
9 100009
9 535802972
9 590766302
9 605761509
9 726189959
9 455252479
9 100009
9 242536459
9 278701509
9 100009
9 100009
9 100009
9 319866768
9 100000009
9 100009
9 100009
9 336803965
9 100000009
9 100009
9 100000009
9 100009
9 100009
9 910422866
9 10009
9 887518169
9 100009
9 819518958
9 100009
9 100009
9 100000009
9 407234459
9 385429535
9 100009
9 100000009
9 907313412
9 274111889
9 10009
9 100009
9 100009
9 100009
9 420586946
9 100009
9 100009
9 288450991
9 100009
9 108609147
9 250857079
9 100009
9 613257539
9 965348322
9 121631469
9 928780706
9 100009
9 100009
9 442674429
9 100009
9 388932142
9 100009
9 808241549
9 430101189
9 21414249
9 238007349
9 100009
9 959904134
9 533663944
9 768887549
9 100009
9 694604802
9 100009
9 938071681
9 157057319
9 462790115
9 797331372
9 575962545
9 196487600
9 463093670
9 674112709
9 100009
9 100000009
9 361948455
9 103782009
9 100009
9 200144249
9 100009
9 10009
9 544934589
9 100009
9 901034618
9 348033419
9 552339731
9 828354559
9 531859986
9 295462011
9 100000009
9 100009
9 273141109
9 100000009
9 358072359
9 529881560
9 821501309
9 136656149
9 100000009
9 345879906
9 628101974
9 618670893
9 100009
9 723771229
9 832712419
9 667859637
9 507265974
9 264178649
9 100009
9 793088472
9 100009
9 825134139
9 100009
9 100009
9 762584497
9 100009
9 1000009
9 100000009
9 100009
9 547435609
9 100009
9 1000009
9 699392100
9 100000009
9 857145129
9 249964362
9 215663159
9 100009
9 213929971
9 100009
9 100000009
9 100009
9 100009
9 286834379
9 100009
9 100009
9 1009
9 763030629
9 100009
9 244350192
9 100009
9 578283459
9 100009
9 105351930
9 100009
9 100000009
9 226520559
9 100000009
9 100009
9 460579373
9 614862369
9 376319051
9 100009
9 226358459
9 336679033
9 100009
9 100009
9 10009
9 100000009
9 360159190
9 813382649
9 513505049
9 10009
9 100009
9 835824109
9 100000009
9 708514769
9 208558529
9 622710559
9 100000009
9 100000009
9 143806089
9 100009
9 215184209
9 100009
9 479231415
9 508734295
9 100000009
9 902619637
9 100009
9 100009
9 907889226
9 871626569
9 789774391
9 786013109
9 481295567
9 100000009
9 116799045
9 238894231
9 134766329
9 100009
9 100009
9 100009
9 647944771
9 100009
9 740492726
9 146382539
9 762927437
9 100000009
9 100009
9 100009
9 1000009
9 100009
9 704419177
9 100009
9 560707379
9 670790829
9 465109246
9 223553349
9 610318489
9 783210119
9 998031042
9 786241549
9 100009
9 377193172
9 100009
9 288241849
9 100009
9 100009
9 10009
9 794988932
9 215480859
9 100009
9 399217433
9 100009
9 180657809
9 723554269
9 100009
9 100009
9 100009
9 100000009
9 954778364
9 100009
9 100009
9 100000009
9 100009
9 706308839
9 379401533
9 952672701
9 708302139
9 100009
9 100009
9 100009
9 593940178
9 100000009
9 559056137
9 602660490
9 100009
9 930064487
9 287077139
9 414833469
9 100009
9 112955839
9 276942970
9 657131597
9 497155044
9 961050136
9 100009
9 617743689
9 1000009
9 1000009
9 100000009
9 428442189
9 539652631
9 783131789
9 819642755
9 629126907
9 100000009
9 100009
9 938204477
9 276623419
9 532952529
9 100009
9 356721953
9 370577019
9 100009
9 100000009
9 100009
9 100000009
9 1000009
9 273028109
9 607004409
9 700063809
9 448885829
9 100009
9 100009
9 325932680
9 184461359
9 154697332
9 100000009
9 478685369
9 358765149
9 239478929
9 472220729
9 627704529
9 665531759
9 100000009
9 1000009
9 324645829
9 100000009
9 661436029
9 100009
9 734672869
9 838030829
9 167151169
9 100009
9 770894086
9 999076796
9 100000009
9 408301794
9 313015079
9 736405449
9 100000009
9 560390814
9 100009
9 100009
9 100009
9 100009
9 453614389
9 100009
9 100009
9 379282652
9 437649330
9 100009
9 100009
9 300330059
9 132510894
9 172793822
9 900679724
9 232411709
9 100009
9 100000009
9 337643509
9 100009
9 983609561
9 100009
9 856382669
9 887193850
9 114821739
9 607980962
9 654307019
9 822109355
9 100009
9 206202829
9 100009
9 440665109
9 126182179
9 100009
9 702441459
9 924338745
9 668480649
9 100009
9 100009
9 100009
9 100009
9 100009
9 801983864
9 965731694
9 100009
9 100000009
9 898814927
9 712816349
9 100009
9 712062129
9 100009
9 100000009
9 898069816
9 749122829
9 100009
9 737103829
9 100009
9 536357339
9 100009
9 893836493
9 967231964
9 100009
9 721617619
9 933167349
9 297059107
9 100000009
9 774578219
9 842942080
9 100009
9 702941206
9 100009
9 754276289
9 874360938
9 100009
9 979556962
9 10009
9 739439484
9 100009
9 293703246
9 499048271
9 124469549
9 100009
9 547334789
9 150946256
9 100009
9 100009
9 100000009
9 193128844
9 10009
9 231657379
9 378187149
9 981119099
9 851821889
9 889680196
9 100009
9 371583119
9 100000009
9 200323709
9 227090081
9 812213359
9 100009
9 663459965
9 802708809
9 100009
9 662434895
9 876266749
9 907518433
9 100009
9 479561808
9 100000009
9 903033890
9 100000009
9 100009
9 100009
9 100009
9 743537096
9 610682029
9 154931076
9 100009
9 314087659
9 649320634
9 100009
9 100000009
9 979032047
9 143759404
9 100009
9 100009
9 539759837
9 100009
9 466726389
9 10009
9 833149586
9 788895500
9 864321119
9 100000009
9 517783459
9 39302176
9 650571179
9 986486860
9 100009
9 676882979
9 983880801
9 100009
9 190727127
9 795784700
9 341019700
9 335761679
9 100009
9 169933100
9 920249002
9 100000009
9 100009
9 100009
9 100000009
9 100000009
9 759871690
9 10009
9 100000009
9 884028739
9 100000009
9 758707279
9 100000009
9 100009
9 100009
9 905143893
9 892140499
9 100009
9 100009
9 100009
9 100009
9 1000009
9 858702129
9 398445319
9 100000009
9 528186049
9 10000009
9 100000009
9 307411439
9 100009
9 776766749
9 405767439
9 100009
9 711134649
9 373117419
9 872456698
9 700478569
9 100009
9 100009
9 407562669
9 966707410
9 911208276
9 100000009
9 188045549
9 237578918
9 613413139
9 10009
9 100000009
9 10009
9 824584090
9 102692562
9 100000009
9 161081649
9 100000009
9 652227679
9 632251992
9 202431339
9 246680249
9 10009
9 100009
9 100009
9 100009
9 171032059
9 919608008
9 100000009
9 926238749
9 100009
9 258501139
9 10009
9 100009
9 929927140
9 727209881
9 388568519
9 677636189
9 310640539
9 10009
9 266989829
9 132895702
9 100009
9 728331099
9 669783624
9 524902224
9 479732417
9 100000009
9 494567814
9 483032129
9 464441539
9 375444449
9 573322179
9 969597208
9 100009
9 242466379
9 623512879
9 100009
9 117722079
9 198657631
9 100009
9 897945678
9 808930739
9 216439277
9 324281439
9 436535491
9 100009
9 686905138
9 933232995
9 949425838
9 100009
9 100009
9 100009
9 100009
9 100009
9 1009
9 774744569
9 263033109
9 654671339
9 100000009
9 100009
9 100000009
9 10009
9 100009
9 936078600
9 646350649
9 151074389
9 561806779
9 926610027
9 854709939
9 305672519
9 100009
9 100009
9 10009
9 171500459
9 324671039
9 623437349
9 100000009
9 807965441
9 100000009
9 598409287
9 963049678
9 402220709
9 178353109
9 672134459
9 340494555
9 100000009
9 597056573
9 10009
9 274413349
9 209352732
9 100009
9 149312746
9 163634469
9 100009
9 100000009
9 685972170
9 936966776
9 100009
9 100009
9 11040970
9 100000009
9 589054904
9 100000009
9 721888079
9 100009
9 100009
9 910865489
9 100009
9 100009
9 100009
9 342409513
9 100000009
9 167460289
9 976648301
9 100009
9 100009
9 118741149
9 100000009
9 632644479
9 100009
9 100009
9 100009
9 391180063
9 100000009
9 141829925
9 100009
9 433901863
9 10009
9 747222309
9 100009
9 443732479
9 100009
9 734166179
9 965036554
9 770779392
9 345574409
9 100009
9 477236749
9 137457649
9 100009
9 294385910
9 386118079
9 100009
9 350045819
9 100009
9 976851870
9 100009
9 100009
9 950729149
9 100009
9 702974905
9 100009
9 913480511
9 100000009
9 100000009
9 804873229
9 579307585
9 913500199
9 338927025
9 446687739
9 733866359
9 826874069
9 100009
9 409347051
9 725500689
9 299342235
9 100009
9 403000916
9 288533339
9 846560049
9 663852519
9 100009
9 169965817
9 100009
9 640375029
9 628032419
9 504642296
9 174226079
9 923410426
9 100000009
9 465979464
9 548355619
9 608157759
9 739150534
9 940999755
9 100009
9 773130809
9 100009
9 244786974
9 112815869
9 100009
9 100000009
9 775275409
9 879924935
9 317243869
9 235964859
9 303449159
9 650860069
9 100009
9 100000009
9 100009
9 632392497
9 757103739
9 100009
9 440708369
9 321788900
9 217494992
9 100000009
9 1000009
9 460205589
9 178252955
9 348895322
9 453386809
9 100009
9 542148193
9 961399038
9 100000009
9 100000009
9 427799151
9 434410759
9 300685319
9 818778059
9 827251910
9 100009
9 678860649
9 398451933
9 972621144
9 776154879
9 535020029
9 418104918
9 10009
9 100009
9 100000009
9 529087826
9 104675129
9 827733479
9 870998058
9 594178856
9 100009
9 350443889
9 100009
9 415791296
9 347737519
9 100000009
9 340362569
9 10009
9 100009
9 100009
9 422071869
9 100009
9 833103559
9 100009
9 836091100
9 306937955
9 242750289
9 100009
9 524382559
9 268921855
9 100009
9 215751209
9 118188219
9 435109994
9 100009
9 100009
9 100000009
9 100000009
9 493569718
9 100009
9 100009
9 999556027
9 670089900
9 898671512
9 100009
9 553943061
9 100009
9 276919637
9 877991002
9 178665869
9 103354059
9 826350559
9 100000009
9 100009
9 827544290
9 100000009
9 953433126
9 161523419
9 383209215
9 100000009
9 100009
9 183709996
9 100009
9 100009
9 304670229
9 100009
9 100009
9 520917796
9 982532371
9 100009
9 100009
9 183153469
9 100009
9 319748690
9 100000009
9 459783788
9 100009
9 604015169
9 737864769
9 533726539
9 342695137
9 793609780
9 193670540
9 189103186
9 898455233
9 566110819
9 100009
9 348636689
9 497447867
9 433062490
9 937517602
9 100009
9 100000009
9 278363539
9 100000009
9 527270908
9 327706219
9 100009
9 100009
9 293774691
9 632600129
9 200720589
9 100000009
9 399463444
9 334100649
9 100009
9 100000009
9 813253189
9 326126219
9 240457859
9 100009
9 100000009
9 122330679
9 100009
9 100000009
9 873140239
9 100009
9 100009
9 808539002
9 540622609
9 100000009
9 100009
9 681356596
9 10009
9 896106043
9 569974758
9 490230133
9 100009
9 100000009
9 100009
9 100009
9 100000009
9 192897550
9 294652107
9 100009
9 441570219
9 100009
9 448319415
9 678447119
9 535803669
9 482666289
9 845602219
9 152587905
9 979176264
9 100000009
9 100009
9 803087709
9 378439477
9 209650877
9 499304583
9 429990337
9 907148855
9 780005489
9 892344843
9 100009
9 100000009
9 100009
9 823193308
9 843325389
9 376225719
9 100009
9 777609782
9 182371955
9 205345149
9 661490074
9 100009
9 159166106
9 532934980
9 805691013
9 778779706
9 100009
9 100009
9 445081591
9 138680898
9 100009
9 221928646
9 865835209
9 335864579
9 963543759
9 100009
9 639789875
9 100009
9 837937388
9 509953384
9 908896172
9 100009
9 314808279
9 866024489
9 100009
9 398075802
9 135781869
9 843188495
9 300262649
9 598513857
9 849114028
9 425993996
9 691846766
9 100009
9 100009
9 433961883
9 10009
9 10009
9 806781229
9 100009
9 862808709
9 223221349
9 456705649
9 100009
9 100000009
9 548349902
9 100009
9 193405042
9 494118915
9 879357612
9 100009
9 264483889
9 427504869
9 984159526
9 100000009
9 351001892
9 100009
9 100009
9 820791941
9 144151679
9 100009
9 810585609
9 366447159
9 433178849
9 201510519
9 317224914
9 676577936
9 264726509
9 100009
9 329311530
9 100009
9 559571331
9 100009
9 100009
9 447194328
9 100009
9 626417419
9 100009
9 963282624
9 100009
9 499259467
9 360352309
9 948038595
9 10009
9 100009
9 602638239
9 361807489
9 100009
9 446593159
9 100000009
9 100000009
9 152105559
9 505925037
9 100009
9 404856925
9 10009
9 582591187
9 100000009
9 476440964
9 100009
9 913688002
9 850702469
9 891107227
9 305670927
9 550810289
9 383524659
9 100009
9 199024635
9 100009
9 727293721
9 438123629
9 100009
9 244295515
9 100009
9 698780032
9 755326769
9 694798145
9 700029226
9 700347009
9 100000009
9 688097138
9 100000009
9 100009
9 100009
9 233978154
9 742085859
9 496168923
9 470005299
9 100009
9 100009
9 100009
9 113772679
9 100009
9 100009
9 100000009
9 601719804
9 100000009
9 100009
9 10009
9 968092065
9 501293237
9 446206900
9 191497456
9 509316414
9 462797542
9 100009
9 684667509
9 100009
9 544778189
9 417714309
9 100009
9 100000009
9 619280197
9 100009
9 958272192
9 100000009
9 100009
9 128098025
9 231240419
9 716860279
9 730522549
9 633598126
9 641399333
9 741666569
9 1009
9 100009
9 100000009
9 511993786
9 10009
9 270834259
9 798040790
9 191697782
9 204094283
9 445069177
9 100009
9 825409353
9 10009
9 919741308
9 10009
9 393802494
9 100009
9 100000009
9 220765659
9 100000009
9 207276819
9 100009
9 100000009
9 100000009
9 100009
9 951189281
9 242491492
9 100009
9 100009
9 314009374
9 100009
9 575296807
9 558597028
9 550568029
9 100009
9 100009
9 100000009
9 724529384
9 673251549
9 740893069
9 100000009
9 100009
9 896242525
9 100000009
9 100000009
9 572437497
9 100009
9 100009
9 10009
9 100009
9 211368489
9 100009
9 815629553
9 788790098
9 100009
9 100000009
9 799405652
9 1000009
9 430550569
9 100000009
9 891486023
9 100009
9 927944150
9 126853479
9 100009
9 100009
9 507341894
9 780374789
9 1009
9 801298750
9 637287239
9 100009
9 321307952
9 788596322
9 998537610
9 100009
9 100000009
9 242778739
9 1000009
9 100009
9 269315619
9 100009
9 384788129
9 313042709
9 100009
9 100009
9 332375049
9 100009
9 358344059
9 100009
9 100009
9 100009
9 100009
9 965388974
9 923555368
9 859665291
9 699661283
9 648147279
9 237543619
9 100009
9 494139112
9 399954867
9 100009
9 577641189
9 156087932
9 100009
9 100009
9 664591310
9 978515857
9 100009
9 713066109
9 100009
9 100009
9 722342839
9 204019834
9 563758329
9 474211599
9 916916910
9 162149150
9 888635749
9 656538693
9 206733419
9 637938016
9 100009
9 60251359
9 511958502
9 752766089
9 685702449
9 100009
9 878521649
9 759237347
9 961969045
9 100009
9 537584659
9 480775059
9 100009
9 100009
9 100009
9 100009
9 231121739
9 524023992
9 274698998
9 719590831
9 271427798
9 100009
9 270301819
9 423815429
9 217294209
9 244856809
9 100000009
9 100009
9 800233939
9 10009
9 946157857
9 100009
9 100009
9 100009
9 100009
9 826175390
9 603940487
9 499119694
9 100009
9 532443189
9 688627459
9 919782992
9 100009
9 181699401
9 100000009
9 825238569
9 10009
9 565793426
9 214068439
9 100009
9 356200389
9 630929917
9 100000009
9 545590716
9 890603202
9 311893690
9 722151459
9 100009
9 100009
9 10009
9 720463901
9 210900659
9 622534739
9 602759044
9 100009
9 100009
9 100009
9 100009
9 217766189
9 694915856
9 284062679
9 100009
9 382143269
9 356288594
9 10009
9 449531387
9 795767982
9 975163389
9 1000009
9 173950124
9 115265269
9 927930801
9 100000009
9 133958166
9 651013569
9 379038234
9 100000009
9 261302489
9 739317433
9 852458129
9 349771919
9 205559199
9 100009
9 100000009
9 428763219
9 645274983
9 905671566
9 100009
9 100000009
9 544306903
9 403821819
9 795360928
9 641943605
9 884344159
9 945709188
9 761962397
9 879862093
9 195590543
9 100009
9 846092925
9 964070856
9 179168041
9 211742959
9 100009
9 100000009
9 100000009
9 101970269
9 100009
9 100000009
9 100009
9 100009
9 10009
9 767137579
9 423978758
9 700949250
9 862368329
9 303397310
9 207383319
9 100009
9 100000009
9 715692502
9 873236509
9 100009
9 905524746
9 100009
9 100009
9 272381319
9 1009
9 100009
9 820003589
9 899332130
9 985537658
9 100000009
9 562860839
9 931508635
9 100009
9 100000009
9 234941765
9 252377629
9 100000009
9 100009
9 100009
9 100009
9 985828115
9 784771509
9 465602729
9 100009
9 198653281
9 681184679
9 100009
9 100000009
9 100009
9 970727604
9 524031529
9 100000009
9 238565039
9 112999203
9 484055129
9 350614539
9 695549483
9 100009
9 100009
9 100000009
9 100009
9 17380479
9 100000009
9 100009
9 897703169
9 100009
9 100009
9 953050073
9 872423749
9 207233419
9 100009
9 100000009
9 763746939
9 331684996
9 793695347
9 10009
9 471164729
9 169503514
9 929841209
9 211977839
9 100009
9 100000009
9 492144346
9 100009
9 601203985
9 100009
9 100009
9 100000009
9 100000009
9 923028892
9 605366589
9 100009
9 882698131
9 100009
9 866290242
9 100000009
9 906335133
9 647933483
9 520077495
9 580719199
9 100009
9 10009
9 100009
9 139958518
9 100009
9 361609194
9 153354869
9 100000009
9 100009
9 420917795
9 865568579
9 100009
9 959959417
9 414376679
9 304073905
9 218839084
9 100009
9 990039374
9 100009
9 952823315
9 100009
9 855580996
9 361059525
9 733579842
9 498636831
9 444642729
9 283989303
9 233385869
9 702922450
9 100000009
9 100009
9 100009
9 850354951
9 506380649
9 259542382
9 100000009
9 799814827
9 100009
9 103760009
9 100009
9 100000009
9 100000009
9 249149482
9 506043709
9 615378899
9 100009
9 100009
9 971695810
9 910960157
9 100009
9 313960137
9 100000009
9 145670559
9 100000009
9 100009
9 100000009
9 114893106
9 621729244
9 829890494
9 504110689
9 725775689
9 100009
9 608813959
9 100009
9 100000009
9 176432792
9 100009
9 146212419
9 935754810
9 100000009
9 100009
9 160592004
9 915247994
9 1000009
9 962001212
9 569945348
9 768835009
9 937866307
9 191515174
9 100009
9 170957092
9 573853209
9 503675089
9 100009
9 660276469
9 932742385
9 100009
9 100000009
9 352296756
9 185177719
9 100009
9 100009
9 100009
9 839614774
9 100009
9 100009
9 100009
9 100000009
9 835942917
9 819786452
9 953446034
9 332203219
9 100009
9 645297582
9 274273149
9 842991389
9 100009
9 414405290
9 954970358
9 679051692
9 105673390
9 621066419
9 143030139
9 434445639
9 1000009
9 100000009
9 731242539
9 932479508
9 160823279
9 100009
9 574990885
9 283187049
9 777702963
9 100000009
9 282692802
9 100009
9 100009
9 100009
9 780908554
9 826632449
9 100009
9 181029613
9 923118806
9 434856429
9 10009
9 100009
9 100009
9 100009
9 100000009
9 611320739
9 590306161
9 515482509
9 745198000
9 455266499
9 940244285
9 1009
9 1000009
9 100009
9 100009
9 463740269
9 473856569
9 384546960
9 515143709
9 679407860
9 949027871
9 100009
9 796171867
9 100000009
9 100009
9 102711689
9 207044629
9 100009
9 100009
9 346587229
9 100009
9 272743319
9 456863917
9 959602332
9 886594983
9 623926323
9 100009
9 100009
9 100000009
9 382281598
9 100009
9 624017495
9 100009
9 390611570
9 100009
9 10009
9 100000009
9 100009
9 100009
9 1000009
9 100009
9 100000009
9 100009
9 593827093
9 10009
9 769491452
9 100000009
9 746115839
9 956568532
9 873709279
9 457003009
9 100009
9 622936744
9 100000009
9 342577936
9 100000009
9 145595059
9 849819180
9 526194977
9 100009
9 357932440
9 723039571
9 100009
9 697499125
9 676844559
9 457882249
9 275214669
9 908017087
9 848185449
9 100009
9 100009
9 934711871
9 100009
9 187753139
9 889466599
9 501109926
9 176385219
9 402521129
9 685718009
9 10009
9 811179390
9 100009
9 100009
9 865719187
9 1000009
9 100009
9 1000009
9 485425909
9 100009
9 217205859
9 690698045
9 100009
9 527428629
9 100009
9 100009
9 917168677
9 353659717
9 284567937
9 928044309
9 388820993
9 702611339
9 10009
9 100009
9 358558975
9 336257139
9 800315759
9 100009
9 10009
9 100000009
9 218056759
9 779387598
9 941534501
9 100009
9 961997646
9 398682058
9 100009
9 447185952
9 342327159
9 442291093
9 638956662
9 252887691
9 799437388
9 100009
9 344032649
9 100009
9 100000009
9 100000009
9 100009
9 966470820
9 679490001
9 100000009
9 902072202
9 851511419
9 349656661
9 230369933
9 125909907
9 883515819
9 711090173
9 333272984
9 100009
9 719769216
9 100009
9 536042249
9 100009
9 940980103
9 100009
9 10009
9 674109119
9 100009
9 100009
9 100000009
9 741680439
9 100009
9 607034359
9 620291457
9 401268129
9 941594826
9 395638308
9 738383739
9 100009
9 100564789
9 419225859
9 353793004
9 100000009
9 896181796
9 687345889
9 100000009
9 100009
9 929661420
9 672327499
9 614102559
9 838203509
9 749993823
9 761867019
9 138589760
9 390551683
9 598457816
9 100009
9 357193525
9 100009
9 640299152
9 100009
9 513231579
9 100009
9 864948714
9 288118269
9 643792484
9 256265329
9 340568489
9 100009
9 520810419
9 100009
9 357898947
9 447667289
9 472289872
9 100009
9 653828906
9 804195824
9 294237698
9 100009
9 100009
9 275007689
9 100009
9 480370910
9 10009
9 100009
9 100009
9 100000009
9 531196520
9 100009
9 390502691
9 533454279
9 10009
9 326523659
9 100009
9 529236381
9 309901139
9 100009
9 10009
9 346321950
9 100009
9 224106489
9 282654549
9 147011459
9 524293733
9 462364349
9 100000009
9 1000009
9 239701450
9 100000009
9 10009
9 100009
9 438029379
9 706821479
9 134639791
9 845610349
9 991679123
9 423287819
9 780557970
9 276925268
9 533078379
9 100009
9 10009
9 419466728
9 100000009
9 722252921
9 132428079
9 100009
9 259006708
9 486719625
9 109432850
9 100009
9 100009
9 987785705
9 488106609
9 335897353
9 612261759
9 100009
9 510352489
9 732982540
9 151118019
9 100009
9 100009
9 100009
9 10000009
9 469136602
9 100000009
9 100009
9 100009
9 100000009
9 992026330
9 673407539
9 755790278
9 952508479
9 109932766
9 754558539
9 991975601
9 100009
9 100000009
9 233054709
9 209192591
9 806448589
9 369740223
9 167298683
9 100000009
9 341340709
9 225359517
9 722758319
9 475014943
9 599775840
9 943766886
9 960289211
9 100009
9 100000009
9 100000009
9 510030297
9 100000009
9 100009
9 523996230
9 100009
9 631732298
9 10009
9 100000009
9 182906121
9 100000009
9 852690562
9 100009
9 232942452
9 100000009
9 100009
9 539874966
9 100009
9 100000009
9 549558901
9 100000009
9 513526609
9 100009
9 923859472
9 511323079
9 914158042
9 100000009
9 611603249
9 100009
9 809339333
9 100000009
9 100009
9 734820289
9 621276964
9 725661096
9 521114669
9 511969961
9 100009
9 694918392
9 165314659
9 100000009
9 325670839
9 199812420
9 466893902
9 271617719
9 507188169
9 691874199
9 936715453
9 130485229
9 394898016
9 693172607
9 495805469
9 100000009
9 335457119
9 558501984
9 848622659
9 754863209
9 100009
9 100000009
9 100009
9 985604222
9 100009
9 100009
9 321756890
9 100000009
9 100009
9 595928693
9 100009
9 100000009
9 593089538
9 10009
9 415633389
9 109
9 767461951
9 100000009
9 976556563
9 326296423
9 612239788
9 100009
9 919369049
9 100009
9 812220509
9 100000009
9 920088214
9 319035560
9 861963001
9 100009
9 100000009
9 100009
9 100009
9 893300419
9 774492520
9 100000009
9 618223944
9 222939594
9 10009
9 194562783
9 10009
9 376758649
9 292504472
9 100009
9 501040179
9 10009
9 100009
9 161831950
9 700922126
9 100009
9 100009
9 505897561
9 100009
9 667099385
9 156378941
9 509103666
9 992488706
9 100000009
9 496663359
9 977820159
9 100000009
9 557414479
9 164443809
9 100009
9 930971992
9 365643649
9 100009
9 100009
9 414216298
9 786048149
9 832960204
9 903026440
9 271956263
9 547070953
9 100009
9 100000009
9 131296109
9 700753659
9 681061392
9 367594654
9 100009
9 260651499
9 100009
9 100000009
9 1000009
9 100000009
9 584101739
9 100009
9 100009
9 100009
9 100009
9 985388678
9 905523340
9 389451678
9 100009
9 653356809
9 223800409
9 897734030
9 998547829
9 835877249
9 10009
9 100000009
9 100009
9 555885159
9 100009
9 348996952
9 100009
9 347849888
9 100009
9 941041413
9 678827961
9 668459202
9 558372489
9 647659202
9 541749498
9 103254559
9 804604975
9 100000009
9 100009
9 744877409
9 136994565
9 602188459
9 847571679
9 100000009
9 311977445
9 100000009
9 823127769
9 362592266
9 10009
9 225490596
9 100000009
9 147823590
9 100009
9 234530379
9 100009
9 100009
9 818601913
9 100009
9 100000009
9 10009
9 100009
9 741306009
9 286344393
9 100000009
9 198254698
9 708133409
9 849430694
9 122247809
9 100000009
9 660768179
9 100009
9 262711879
9 100000009
9 100009
9 293570841
9 632313196
9 456145859
9 100009
9 243090925
9 687726179
9 100009
9 841928888
9 100000009
9 665070809
9 529127484
9 100009
9 254522921
9 971919903
9 269434270
9 931668432
9 340006319
9 238596482
9 100009
9 100009
9 253232749
9 743338129
9 100009
9 229464803
9 660131956
9 624828649
9 501789249
9 100009
9 100009
9 762728759
9 825000189
9 100009
9 100009
9 625617369
9 100000009
9 100009
9 747867079
9 100000009
9 380957126
9 797813771
9 579835533
9 872637009
9 327900888
9 757994646
9 642981609
9 473555319
9 100009
9 488332229
9 100009
9 100009
9 281221719
9 570703869
9 58975682
9 891170462
9 250178239
9 598759993
9 678029716
9 855738944
9 100000009
9 965218905
9 100009
9 100009
9 915049209
9 365587839
9 840984224
9 101345559
9 100009
9 726474918
9 650155769
9 614877619
9 100009
9 100009
9 100009
9 614238096
9 810360933
9 507863579
9 100000009
9 383905821
9 746991606
9 540568489
9 100009
9 332116629
9 100009
9 100009
9 100000009
9 100009
9 950288776
9 390306812
9 100009
9 795608075
9 100009
9 285263729
9 222253119
9 329688139
9 474840069
9 863841659
9 100000009
9 419104944
9 260146329
9 807922491
9 172693211
9 897283012
9 586888519
9 566671879
9 846537309
9 100000009
9 100009
9 10009
9 100000009
9 10009
9 491715321
9 100009
9 100000009
9 116813839
9 100009
9 628214629
9 100009
9 288225965
9 799666866
9 100009
9 100000009
9 930265972
9 772412469
9 204899540
9 100000009
9 207606879
9 100009
9 100000009
9 784813429
9 100000009
9 100000009
9 777121329
9 471078749
9 465343449
9 100000009
9 100009
9 100000009
9 237789790
9 100009
9 100009
9 100009
9 717196777
9 347013819
9 1000009
9 10009
9 964767353
9 904338888
9 100000009
9 289420590
9 215849267
9 165032139
9 442046079
9 100009
9 100000009
9 234211229
9 813198604
9 100000009
9 434109305
9 583355975
9 877989479
9 870982387
9 574903488
9 100009
9 100009
9 100009
9 100000009
9 100009
9 100000009
9 10000009
9 889044135
9 975411447
9 100009
9 100009
9 1009
9 989913881
9 560309334
9 100009
9 352731359
9 280125391
9 621403889
9 785807913
9 100000009
9 100009
9 100009
9 280350849
9 100000009
9 10009
9 100009
9 100000009
9 698744114
9 100009
9 176256409
9 652923211
9 100009
9 100000009
9 350060749
9 223543970
9 580387849
9 100000009
9 235705669
9 100009
9 100009
9 222205889
9 657946045
9 494583447
9 820488659
9 100009
9 394670864
9 473955879
9 141630069
9 100009
9 100000009
9 100009
9 10009
9 10009
9 311984798
9 343657759
9 100000009
9 393968635
9 552699980
9 856289363
9 100009
9 302010904
9 653666829
9 924580229
9 100009
9 318455239
9 786236972
9 808593420
9 100009
9 507674069
9 100009
9 936938353
9 514043955
9 91327046
9 146902664
9 445743419
9 100009
9 952958396
9 829013855
9 358250069
9 686377935
9 911638986
9 596204590
9 653526869
9 133488149
9 209065119
9 595105773
9 298635356
9 259293882
9 179105392
9 173456409
9 100000009
9 182625749
9 693513519
9 100009
9 100009
9 863187059
9 100000009
9 100009
9 865220975
9 100009
9 100009
9 100000009
9 597391699
9 312957429
9 892988162
9 100009
9 100009
9 100009
9 467241779
9 773193741
9 100000009
9 318756429
9 100009
9 333676019
9 693346513
9 657324319
9 963565983
9 775302691
9 945658870
9 10009
9 100009
9 10009
9 100009
9 100000009
9 627426379
9 643865349
9 671790494
9 792909913
9 506678109
9 100000009
9 100000009
9 100009
9 100009
9 100009
9 807528559
9 857124479
9 707281569
9 100009
9 100000009
9 165161039
9 100009
9 363502779
9 709664878
9 605458209
9 794360471
9 264990582
9 124326129
9 100009
9 100009
9 100000009
9 471105619
9 443311239
9 941546377
9 454894257
9 495283018
9 724589463
9 100009
9 10009
9 117212679
9 661939930
9 100000009
9 741903597
9 755757729
9 100009
9 204507609
9 729880983
9 621421197
9 791531809
9 324033369
9 658769129
9 100000009
9 682869082
9 27556229
9 100009
9 100000009
9 105431579
9 242120649
9 100009
9 100009
9 100009
9 156939247
9 100009
9 100009
9 100009
9 448060459
9 878160389
9 149603612
9 233413339
9 701579931
9 100009
9 100000009
9 615938618
9 258374169
9 100000009
9 100009
9 100009
9 100009
9 760775109
9 638942620
9 820449758
9 100009
9 434458329
9 381536589
9 100009
9 100000009
9 903636413
9 100009
9 369285764
9 116390222
9 477205984
9 232874359
9 674837239
9 432145829
9 624775279
9 191427842
9 457024749
9 315721559
9 236991704
9 523206917
9 100009
9 890538864
9 100009
9 257852239
9 690314923
9 439281191
9 100000009
9 667884209
9 100009
9 100000009
9 278669477
9 751785379
9 404139210
9 798885357
9 350796117
9 609381016
9 397804051
9 724482965
9 100009
9 846443189
9 759111763
9 119013194
9 207053594
9 126057901
9 100009
9 194499452
9 768511197
9 100009
9 100009
9 572177779
9 100009
9 458631139
9 100009
9 501633479
9 100009
9 485811970
9 288615409
9 165487359
9 757256659
9 100009
9 132645549
9 412866859
9 317675789
9 857031139
9 745707389
9 734951678
9 610791838
9 100009
9 362866469
9 933406644
9 100009
9 100000009
9 100000009
9 100009
9 396568652
9 100009
9 744308479
9 714398343
9 767198338
9 100009
9 246152419
9 100009
9 166281059
9 100009
9 179183000
9 974501475
9 119627868
9 100009
9 100009
9 100009
9 578147469
9 966069002
9 100009
9 707549050
9 100009
9 527549263
9 903358580
9 773047279
9 974040197
9 566571189
9 938026520
9 100009
9 100009
9 428574869
9 629824959
9 485515089
9 100009
9 687008749
9 100562192
9 100009
9 823964451
9 281457739
9 240926116
9 949052980
9 995287422
9 805264389
9 604836629
9 692952876
9 507700069
9 100009
9 416368529
9 10009
9 100000009
9 538791436
9 187570849
9 698960474
9 753396437
9 100009
9 100009
9 100009
9 354742849
9 100009
9 10009
9 971950758
9 100009
9 100009
9 671197171
9 186391819
9 733154945
9 1009
9 997176276
9 984869808
9 283439869
9 812522692
9 216726639
9 866762789
9 100009
9 832394077
9 10009
9 100000009
9 100009
9 100009
9 100009
9 905990024
9 100009
9 532158319
9 100009
9 356196592
9 751694997
9 465558259
9 447548798
9 980690763
9 915413550
9 10009
9 711903531
9 100009
9 100009
9 238367619
9 100009
9 967156750
9 504379236
9 812214549
9 100000009
9 100009
9 10009
9 631793153
9 100009
9 139153893
9 565417209
9 729440246
9 100000009
9 100000009
9 320605359
9 100009
9 496456933
9 640623539
9 100009
9 505814409
9 100000009
9 128536709
9 991041107
9 767244879
9 146848739
9 241740493
9 100009
9 420141918
9 100000009
9 586270819
9 822949189
9 100009
9 10009
9 412278729
9 100009
9 717885519
9 229440599
9 100009
9 106368469
9 100009
9 100000009
9 512716069
9 100009
9 924906064
9 1009
9 393369662
9 926568967
9 719149268
9 277344975
9 621550039
9 42055609
9 100009
9 100000009
9 332189622
9 101139643
9 753560729
9 775738938
9 728528729
9 100000009
9 331787689
9 100000009
9 261886901
9 868856349
9 100009
9 412091183
9 100009
9 370373179
9 334438339
9 1009
9 265101946
9 848999472
9 407956386
9 145838589
9 867979461
9 100000009
9 250828229
9 300035229
9 790030444
9 100009
9 100000009
9 379562688
9 100009
9 100000009
9 100009
9 100000009
9 100009
9 868290642
9 297940481
9 100009
9 100009
9 100009
9 645000479
9 100009
9 298722888
9 100009
9 213543996
9 104906391
9 100000009
9 100009
9 356492101
9 100000009
9 641145359
9 100009
9 100009
9 919219441
9 789476400
9 100000009
9 627649579
9 480835589
9 168342809
9 753750829
9 499173969
9 100009
9 851000949
9 613438953
9 100009
9 713004619
9 100009
9 100000009
9 100009
9 243507329
9 102675239
9 100000009
9 134962792
9 100009
9 459505603
9 100000009
9 623537259
9 100000009
9 100009
9 836605499
9 100009
9 166697904
9 622657879
9 685830809
9 413724469
9 360073916
9 100000009
9 100009
9 142224589
9 297191491
9 391543196
9 822940019
9 100009
9 100009
9 787324059
9 217692772
9 100009
9 100000009
9 857649690
9 480630409
9 406959792
9 238277249
9 867913106
9 100000009
9 638621849
9 691539307
9 100000009
9 928969646
9 100009
9 100000009
9 248884359
9 100009
9 10009
9 610268951
9 100009
9 100000009
9 100000009
9 835845469
9 230738119
9 652028079
9 100009
9 267813159
9 100000009
9 551789227
9 896373695
9 284538099
9 247384896
9 100009
9 774240549
9 499272702
9 900137047
9 605281219
9 100009
9 911747989
9 100009
9 100009
9 100009
9 337444309
9 161866993
9 100000009
9 468599561
9 145935287
9 198650445
9 616707389
9 100009
9 100009
9 518196051
9 678921671
9 100009
9 100000009
9 100009
9 651666954
9 100009
9 100000009
9 944592120
9 667871019
9 427392789
9 100000009
9 441941164
9 392969923
9 562894768
9 10009
9 634094321
9 889612743
9 100000009
9 601285229
9 400945425
9 769290622
9 702095590
9 100000009
9 100009
9 100009
9 914939149
9 764573769
9 434747139
9 100009
9 236888079
9 735233469
9 100009
9 397518926
9 863712890
9 100009
9 100009
9 798441025
9 639618168
9 100009
9 100009
9 489748651
9 405510689
9 417182359
9 100009
9 205372449
9 441624039
9 488291977
9 100009
9 100009
9 932521761
9 610910447
9 100009
9 840798117
9 491884072
9 679471923
9 362588519
9 814791740
9 178613089
9 921604798
9 100009
9 100009
9 251900575
9 100009
9 967448617
9 100009
9 312459067
9 191033600
9 100009
9 785204189
9 660883049
9 670149312
9 100009
9 100009
9 405467009
9 100009
9 428974736
9 197800467
9 584891041
9 279692560
9 646870369
9 100000009
9 100000009
9 100000009
9 100000009
9 236704869
9 123742896
9 465173869
9 289045492
9 572799618
9 100009
9 877324593
9 100009
9 100009
9 474080879
9 635363359
9 838740769
9 200055179
9 100000009
9 856611609
9 1009
9 100009
9 10009
9 150505739
9 266421169
9 100000009
9 100009
9 100009
9 898425710
9 925675543
9 100009
9 580572029
9 857700629
9 771356309
9 725562179
9 517487609
9 10009
9 711759974
9 888642759
9 684507799
9 462730869
9 101359811
9 604525739
9 601066549
9 100000009
9 100000009
9 100000009
9 797148501
9 634418639
9 360067926
9 473227859
9 810218379
9 160559884
9 953540782
9 242940677
9 978969449
9 100009
9 696768415
9 520793351
9 100009
9 900373259
9 100000009
9 100009
9 184894732
9 100009
9 193587092
9 567847009
9 10009
9 100009
9 277028069
9 100000009
9 529802706
9 100000009
9 100009
9 489128813
9 741731799
9 39807708
9 100009
9 100009
9 692745226
9 170745059
9 715794970
9 100009
9 100000009
9 959275522
9 100009
9 642275489
9 591433091
9 215870839
9 178437549
9 944601923
9 371408419
9 287057959
9 425494277
9 606233169
9 756259783
9 433869705
9 955375225
9 100000009
9 245235889
9 100009
9 386499253
9 100009
9 953060498
9 100009
9 471059572
9 893245067
9 100009
9 499439280
9 368166169
9 100009
9 355664379
9 189771825
9 211641399
9 440497757
9 1000009
9 100009
9 100009
9 756878619
9 952172106
9 717074319
9 100009
9 407896279
9 997502072
9 100009
9 844975038
9 100009
9 100009
9 100009
9 688414589
9 767356809
9 100009
9 100009
9 185935102
9 333392175
9 361673739
9 100009
9 927368385
9 180618449
9 566933087
9 695623389
9 969674274
9 949721185
9 765257609
9 643762389
9 100009
9 836677509
9 441460239
9 777804894
9 100009
9 846396785
9 999357538
9 100009
9 291026080
9 643662029
9 842944576
9 100009
9 100000009
9 513129901
9 100000009
9 197798752
9 354187309
9 100009
9 900008825
9 765472916
9 633622629
9 826408639
9 100009
9 405684309
9 914414406
9 598540085
9 698485213
9 911122082
9 100009
9 795512596
9 259144218
9 860389407
9 100009
9 100009
9 100000009
9 10009
9 186703419
9 678526439
9 100000009
9 431383409
9 100009
9 622344829
9 176970723
9 146296366
9 414846839
9 958075520
9 100009
9 308310918
9 673576419
9 10009
9 100009
9 100009
9 777689414
9 10009
9 797276559
9 100000009
9 440389664
9 874134159
9 885577409
9 100009
9 100009
9 115571491
9 1009
9 100009
9 317653689
9 100009
9 616567399
9 397707484
9 100009
9 100009
9 100009
9 100009
9 309163947
9 919344370
9 10009
9 100009
9 100009
9 662826897
9 100009
9 355149391
9 100009
9 100009
9 849726323
9 147415209
9 191578502
9 100009
9 415961389
9 966380470
9 494608355
9 634140559
9 193286862
9 480727917
9 100009
9 100009
9 545206789
9 100009
9 308711029
9 748306029
9 628689492
9 138207709
9 100000009
9 138232619
9 268318359
9 282850189
9 297912260
9 746016079
9 152350891
9 100009
9 683538963
9 592599917
9 469241513
9 677866589
9 608409093
9 519789033
9 203653279
9 360333991
9 100009
9 661996455
9 557816292
9 100009
9 100009
9 615015169
9 100009
9 299777210
9 100000009
9 100009
9 970869068
9 100000009
9 339990302
9 100009
9 486463090
9 136888769
9 883512319
9 126203479
9 490325472
9 100000009
9 100009
9 197844489
9 100009
9 420083519
9 100000009
9 764724329
9 479006178
9 100000009
9 100009
9 460324039
9 706937625
9 420690409
9 100000009
9 735969052
9 107652692
9 205836509
9 100009
9 10009
9 100000009
9 529354525
9 100000009
9 100009
9 204302329
9 461482109
9 434488619
9 822819234
9 100009
9 569836074
9 100009
9 839822937
9 100009
9 726677549
9 494162218
9 530835719
9 693674886
9 230484239
9 653057839
9 721966518
9 353752879
9 100009
9 366376998
9 100009
9 162999570
9 300343809
9 267059747
9 1000009
9 100009
9 578547039
9 917182081
9 100009
9 224625389
9 111762593
9 100009
9 227122009
9 100009
9 683381879
9 100009
9 517569566
9 100009
9 242494702
9 100009
9 828280509
9 100000009
9 100000009
9 621433519
9 903807237
9 100000009
9 910182109
9 100009
9 134455779
9 100009
9 100000009
9 391997378
9 526558639
9 271014129
9 615317975
9 100009
9 100009
9 100009
9 100000009
9 565025329
9 100009
9 441929245
9 497928232
9 904492244
9 515472749
9 56337859
9 217294425
9 723478925
9 100009
9 100009
9 100009
9 718216479
9 415263789
9 100009
9 100000009
9 590500754
9 632782749
9 214873649
9 100009
9 144113984
9 598184821
9 100009
9 312832359
9 103346429
9 100000009
9 746417409
9 504012689
9 100009
9 403432469
9 840894269
9 123209975
9 514549070
9 571448189
9 100009
9 100000009
9 526094072
9 100000009
9 266402539
9 100009
9 215616549
9 100009
9 346485569
9 641107359
9 100009
9 824305579
9 449271964
9 108682659
9 100009
9 984562499
9 100009
9 859927203
9 100000009
9 100009
9 100000009
9 641777079
9 127095083
9 100009
9 100009
9 100009
9 490753856
9 100009
9 772839133
9 100009
9 935294404
9 307793284
9 296195475
9 527331889
9 554257069
9 100009
9 339643114
9 100000009
9 834793254
9 10009
9 100000009
9 100000009
9 125789766
9 100000009
9 100000009
9 241000039
9 100009
9 100009
9 874973237
9 100009
9 342885519
9 393670697
9 100009
9 822832249
9 100009
9 100009
9 762499303
9 100009
9 100000009
9 100009
9 100009
9 100009
9 699003871
9 267161739
9 100000009
9 100009
9 100009
9 359134931
9 100009
9 242752479
9 981008430
9 828031609
9 983526009
9 388742349
9 100009
9 100009
9 870805419
9 307791776
9 794850699
9 832188924
9 971070903
9 383075296
9 100000009
9 100009
9 100000009
9 902670070
9 180660910
9 622174789
9 360341898
9 237008079
9 100000009
9 895366562
9 100009
9 100000009
9 741072190
9 732405739
9 306822729
9 313656639
9 177568219
9 708230369
9 917471609
9 472357329
9 368703978
9 100000009
9 100000009
9 461557976
9 672176829
9 968213583
9 396425395
9 100009
9 613836539
9 100009
9 100009
9 100009
9 100009
9 449501917
9 297989217
9 100009
9 554995860
9 578200009
9 100000009
9 100000009
9 100009
9 813325619
9 436185749
9 406010519
9 681908230
9 857656379
9 433734889
9 387782489
9 559839146
9 100009
9 100009
9 183712069
9 927314283
9 521393492
9 866209350
9 325030293
9 315904547
9 383964946
9 348875079
9 100009
9 339728750
9 320921358
9 835038789
9 100009
9 318944249
9 631656509
9 262933542
9 106235129
9 105017559
9 100009
9 100000009
9 656659727
9 486632019
9 100009
9 100009
9 100009
9 100009
9 100009
9 100009
9 912962721
9 319560445
9 493258809
9 660612029
9 854135759
9 224235259
9 257942831
9 100009
9 100000009
9 674667619
9 100000009
9 949154708
9 100009
9 100000009
9 360122229
9 116021549
9 31659854
9 781741879
9 215591504
9 361185859
9 729058140
9 100009
9 954382234
9 662526339
9 702936630
9 100009
9 513266942
9 803251379
9 393805496
9 441333589
9 258478429
9 476077795
9 813136709
9 483240139
9 10009
9 758008829
9 100009
9 100000009
9 100009
9 10009
9 100009
9 772844901
9 100009
9 100009
9 102783984
9 334519030
9 910962218
9 100009
9 807893406
9 100009
9 100000009
9 100009
9 100009
9 100000009
9 707988445
9 100009
9 100009
9 233100059
9 590171713
9 100009
9 100009
9 882760219
9 100009
9 545159960
9 100009
9 789016179
9 290778309
9 100000009
9 100000009
9 100000009
9 100000009
9 714232958
9 100000009
9 397027837
9 100009
9 100000009
9 100009
9 100009
9 100009
9 988674714
9 781063439
9 100009
9 100000009
9 100009
9 100000009
9 449144457
9 543306479
9 213161079
9 100000009
9 100009
9 100009
9 289849546
9 100000009
9 695638237
9 128970288
9 684857196
9 100009
9 609888167
9 521025319
9 311279986
9 911340071
9 100009
9 100009
9 100000009
9 289881570
9 629306533
9 249850166
9 100009
9 100000009
9 807159752
9 100009
9 100000009
9 100000009
9 788502009
9 630358769
9 100009
9 785481449
9 931661543
9 259807755
9 171565936
9 222879644
9 100009
9 100000009
9 513640629
9 100009
9 447414109
9 508115496
9 362930200
9 100009
9 291932093
9 476746789
9 687531219
9 100000009
9 586274679
9 100000009
9 715033009
9 1000009
9 561785993
9 758955082
9 100009
9 569702156
9 379009548
9 10009
9 150280259
9 100009
9 100000009
9 177960966
9 100000009
9 216767689
9 814962458
9 435176829
9 135364129
9 345442409
9 100000009
9 100009
9 973382535
9 100009
9 100000009
9 358017945
9 100000009
9 348773759
9 100009
9 100000009
9 100009
9 375507359
9 983820495
9 690243432
9 100000009
9 100009
9 204335469
9 100009
9 200505859
9 647619288
9 954366441
9 385471449
9 100009
9 100000009
9 483514769
9 389005630
9 677148449
9 581002539
9 873819857
9 100009
9 10009
9 10009
9 191651986
9 100009
9 100009
9 100009
9 100009
9 219475752
9 507705229
9 221866849
9 100000009
9 100009
9 158807649
9 100009
9 100009
9 286871579
9 100009
9 100000009
9 751771179
9 436454159
9 100009
9 324506098
9 100009
9 10009
9 100009
9 100009
9 519550582
9 100009
9 399295703
9 667262739
9 207363409
9 775459636
9 330541049
9 100009
9 321578079
9 788528359
9 318772291
9 117845579
9 899402802
9 100009
9 707165869
9 10009
9 501878890
9 100009
9 925778771
9 100009
9 100009
9 167541379
9 664848509
9 647326269
9 639049464
9 854261419
9 100009
9 380427966
9 100000009
9 100009
9 771168239
9 100000009
9 100009
9 506240229
9 481434059
9 100000009
9 100000009
9 472328479
9 340997926
9 239835580
9 813388079
9 567433409
9 100009
9 890242173
9 100009
9 100000009
9 503113109
9 100009
9 100009
9 576736879
9 100000009
9 185617569
9 100009
9 338799262
9 100009
9 100009
9 622267679
9 100009
9 100009
9 472723569
9 100000009
9 100009
9 905677695
9 100009
9 1000009
9 284208859
9 134910129
9 463767609
9 933656810
9 740782559
9 155667309
9 100009
9 858998784
9 100009
9 462580009
9 100009
9 100009
9 559401237
9 271373489
9 744141709
9 100009
9 206989048
9 740503569
9 670880961
9 100009
9 100009
9 625566290
9 213622889
9 215051289
9 632474769
9 318193199
9 100009
9 579595811
9 100009
9 612476659
9 100009
9 120731509
9 100009
9 122032449
9 554644569
9 475486119
9 489503665
9 100009
9 581054369
9 159727730
9 150552988
9 100000009
9 337488907
9 246702049
9 127422269
9 381483519
9 466341619
9 998395170
9 138590978
9 576172819
9 334491446
9 998159490
9 315593131
9 446892982
9 100000009
9 936296960
9 851235981
9 792516149
9 100009
9 100009
9 100009
9 100009
9 828303709
9 100000009
9 400203925
9 549547837
9 455778089
9 218667598
9 10009
9 897658444
9 100000009
9 100009
9 100000009
9 54835179
9 372515529
9 706533349
9 749456078
9 100009
9 42262129
9 100009
9 957355436
9 385682996
9 100000009
9 341621549
9 978268788
9 903382603
9 100009
9 100009
9 204960598
9 100009
9 100009
9 864126694
9 100009
9 298335339
9 136021339
9 666940720
9 100009
9 100009
9 310539852
9 730569534
9 518167796
9 100000009
9 895390880
9 100009
9 488115449
9 412494646
9 855773229
9 803748209
9 100009
9 106427209
9 100009
9 775621519
9 288452396
9 374105396
9 603466729
9 100009
9 100009
9 297495753
9 674421249
9 100000009
9 498495635
9 544429078
9 511521169
9 100009
9 517701419
9 100009
9 811687690
9 878665129
9 519259576
9 100009
9 527675429
9 403411149
9 742574419
9 100009
9 100000009
9 766212339
9 100000009
9 100009
9 523957039
9 339823614
9 100009
9 906257611
9 100000009
9 100000009
9 100009
9 468931130
9 100009
9 636565509
9 100009
9 262787869
9 100009
9 10009
9 10009
9 313832259
9 970805309
9 100009
9 318760129
9 939092654
9 326705779
9 100009
9 100009
9 728541849
9 152936317
9 100000009
9 100009
9 394167094
9 569434746
9 100009
9 506227239
9 100009
9 100009
9 100000009
9 100009
9 100000009
9 938113790
9 708327219
9 100000009
9 1000009
9 100009
9 253875279
9 100009
9 439262930
9 301587829
9 100009
9 656305697
9 100009
9 906152985
9 666916404
9 1000009
9 100009
9 654542829
9 100009
9 100009
9 100009
9 233698741
9 100009
9 100009
9 100009
9 611414479
9 100000009
9 526168709
9 10009
9 917145932
9 526127259
9 117784229
9 100009
9 100009
9 917331510
9 100009
9 623153970
9 100009
9 871271019
9 100000009
9 100000009
9 15704389
9 1009
9 307218479
9 663705829
9 100009
9 100009
9 100000009
9 341412509
9 100009
9 865698554
9 100009
9 100009
9 805733697
9 699742932
9 100000009
9 100009
9 100000009
9 851591446
9 100009
9 624866259
9 100009
9 100000009
9 201122259
9 732583049
9 100009
9 286017539
9 100009
9 100009
9 173655419
9 100009
9 100000009
9 207659812
9 100009
9 507031239
9 682205369
9 486898596
9 582027759
9 100000009
9 100009
9 704673709
9 210642189
9 241655339
9 100009
9 536248049
9 100009
9 100000009
9 100009
9 167356269
9 722163149
9 100009
9 100009
9 100000009
9 100009
9 100009
9 239542923
9 100000009
9 232464913
9 100009
9 100000009
9 445166389
9 450570259
9 824185289
9 100009
9 112493845
9 895623877
9 278460494
9 142811739
9 318501709
9 326398236
9 100000009
9 467709566
9 334024149
9 100009
9 100009
9 100009
9 100009
9 100009
9 100009
9 100009
9 867869126
9 100000009
9 100009
9 502993376
9 532859726
9 763479053
9 1009
9 100009
9 802457696
9 887301719
9 342265749
9 506566789
9 211867209
9 100009
9 761803798
9 100009
9 559168260
9 915467128
9 108834569
9 572866961
9 100009
9 307105976
9 10009
9 730576179
9 200927663
9 890401038
9 890118350
9 974886899
9 536557059
9 210370469
9 823120469
9 242635379
9 676395772
9 892664035
9 100000009
9 716815789
9 779008358
9 978937045
9 100000009
9 889332452
9 559086519
9 414959537
9 116174549
9 225532209
9 337410389
9 555382829
9 614061879
9 100000009
9 100000009
9 100009
9 117422609
9 100009
9 764442769
9 180526279
9 725656339
9 291012832
9 453439683
9 100009
9 531426869
9 10009
9 657280019
9 524903882
9 100009
9 457548259
9 100009
9 160362839
9 100009
9 100009
9 567256679
9 945542276
9 889453934
9 100000009
9 506524529
9 100009
9 209761401
9 174816492
9 901906478
9 552709033
9 100009
9 166618669
9 631437259
9 100009
9 100009
9 100000009
9 533799036
9 100000009
9 557108239
9 816739852
9 305913509
9 955316168
9 100000009
9 834902794
9 100009
9 577528689
9 100009
9 180463619
9 395592376
9 190924545
9 100009
9 120728809
9 135026629
9 100009
9 100000009
9 606452579
9 735017849
9 404833995
9 100000009
9 433520309
9 763929442
9 10009
9 100009
9 100000009
9 100009
9 100009
9 100009
9 100009
9 415056509
9 566363529
9 569540899
9 916537678
9 233214259
9 10009
9 100009
9 157311549
9 181398962
9 895564786
9 865341489
9 102506849
9 271331559
9 650496071
9 373519343
9 611591490
9 958351852
9 100009
9 223265679
9 100009
9 367851419
9 100009
9 889047441
9 574733779
9 100009
9 241035930
9 100009
9 362270659
9 873007809
9 158372930
9 587627119
9 243442769
9 515285639
9 103633796
9 128683009
9 116074509
9 689694011
9 829826444
9 249878102
9 944192645
9 100009
9 137216279
9 100000009
9 578218093
9 166913158
9 907834103
9 572402829
9 659188665
9 100009
9 467023029
9 693653312
9 305086289
9 100009
9 100000009
9 100000009
9 100009
9 489706311
9 100009
9 100009
9 100009
9 100009
9 100000009
9 100009
9 516258039
9 121300957
9 509638725
9 141840290
9 400498434
9 100000009
9 100009
9 107053219
9 779331128
9 199563988
9 638813599
9 100009
9 100000009
9 100009
9 170548999
9 191002289
9 100000009
9 354564529
9 100000009
9 455230809
9 100009
9 100009
9 100000009
9 100000009
9 100009
9 636480769
9 408282909
9 823119098
9 327705951
9 661413229
9 100009
9 863428609
9 757377459
9 159270485
9 100009
9 100009
9 370090381
9 896522877
9 685423549
9 100009
9 491720151
9 100009
9 100009
9 190705675
9 101753499
9 147880129
9 100009
9 908050453
9 357225919
9 780463759
9 269329297
9 550775619
9 355318971
9 842693516
9 334586921
9 100009
9 423440459
9 100009
9 950362902
9 247778709
9 100009
9 100009
9 732694688
9 299010931
9 100009
9 974115735
9 789080531
9 100009
9 148135329
9 241656539
9 923826381
9 100009
9 414120189
9 102499163
9 100009
9 318664279
9 544933023
9 100000009
9 100000009
9 100009
9 755248926
9 100009
9 100009
9 100009
9 100009
9 130305629
9 307236699
9 1009
9 498686618
9 100000009
9 100000009
9 100000009
9 260360279
9 899957273
9 238190068
9 527123892
9 965539799
9 298751086
9 100009
9 100009
9 670884975
9 643824719
9 100009
9 180363139
9 100009
9 600957515
9 100009
9 796448754
9 719257130
9 587837639
9 100009
9 100009
9 358798541
9 783797920
9 616701295
9 194955038
9 26729012
9 707212289
9 513881269
9 459052283
9 565146669
9 228907278
9 828987379
9 386778469
9 946338688
9 100000009
9 100000009
9 758758149
9 509735266
9 100009
9 100009
9 356508089
9 306158975
9 100000009
9 100000009
9 427231189
9 237026539
9 423244469
9 100000009
9 100000009
9 216902426
9 10009
9 604460389
9 805322947
9 100000009
9 261384759
9 644795461
9 100000009
9 884920148
9 100000009
9 100009
9 424069262
9 100000009
9 889386656
9 296472661
9 820961695
9 288375039
9 100009
9 333554259
9 439505556
9 596621138
9 467177269
9 100009
9 10009
9 946704048
9 969168557
9 100000009
9 100009
9 100000009
9 843714938
9 584505269
9 679474902
9 45988333
9 129417206
9 561926714
9 585003679
9 739103425
9 954898613
9 651521819
9 100009
9 884995991
9 825965945
9 100000009
9 100009
9 100009
9 967280146
9 339717202
9 100009
9 964824450
9 476875039
9 100000009
9 100000009
9 524755159
9 534498460
9 877853379
9 346323469
9 100009
9 100009
9 100009
9 177011619
9 100009
9 100009
9 100009
9 100000009
9 100009
9 100000009
9 100009
9 100009
9 100000009
9 100009
9 100009
9 294729996
9 100009
9 100000009
9 10009
9 796685654
9 100009
9 260922868
9 100009
9 625518498
9 100009
9 100009
9 222927325
9 213052229
9 109410160
9 574340719
9 554929530
9 163459848
9 457425739
9 101624419
9 145893074
9 100009
9 848001129
9 162517689
9 530807109
9 100000009
9 100009
9 100009
9 100009
9 190719615
9 100009
9 100009
9 871033929
9 728252429
9 248888049
9 685710339
9 430390417
9 851602459
9 765778419
9 100000009
9 100009
9 559911319
9 445892786
9 845867609
9 100009
9 1009
9 640011819
9 612271079
9 328453519
9 100009
9 100009
9 100000009
9 516964141
9 325895146
9 100000009
9 100009
9 100009
9 430826209
9 100000009
9 765724590
9 407938071
9 221175895
9 100000009
9 545263739
9 100009
9 100009
9 970215545
9 100009
9 965228337
9 100009
9 319738017
9 425403139
9 100009
9 100000009
9 441988807
9 988130880
9 606783379
9 100009
9 940465886
9 362130009
9 291471552
9 938087379
9 693776667
9 375671689
9 100000009
9 398301674
9 713860019
9 631723319
9 133886839
9 575949172
9 100009
9 853343239
9 373603980
9 963661763
9 339047954
9 524185495
9 288668924
9 768116559
9 487018039
9 100009
9 403130679
9 774162569
9 100009
9 534768959
9 312206899
9 342228179
9 100009
9 100000009
9 100000009
9 690976914
9 10009
9 629544068
9 540672439
9 100009
9 490641740
9 744471769
9 100009
9 123426908
9 237791075
9 321923295
9 493377730
9 656068239
9 741191667
9 100009
9 100000009
9 100009
9 293576632
9 100009
9 100000009
9 338006479
9 804479280
9 959880392
9 218508933
9 614854669
9 214231559
9 100009
9 534094034
9 430995358
9 100000009
9 154149134
9 529149408
9 100000009
9 100009
9 643226549
9 100000009
9 100009
9 413768279
9 1000009
9 406651069
9 100000009
9 10009
9 927885981
9 100009
9 100009
9 100000009
9 118778789
9 100000009
9 100009
9 996668725
9 100009
9 100000009
9 100000009
9 100009
9 146849975
9 727206639
9 100009
9 222587159
9 515504749
9 435473129
9 852707849
9 959380452
9 495549272
9 227031709
9 248234449
9 100009
9 309194773
9 971277693
9 100000009
9 628926031
9 100000009
9 979443324
9 100000009
9 100009
9 368001690
9 616915372
9 100009
9 275265659
9 259274789
9 579711415
9 966093487
9 204859095
9 100000009
9 677914080
9 10009
9 100009
9 100009
9 890384565
9 249600202
9 100009
9 416938728
9 159674969
9 100009
9 100000009
9 543975970
9 100009
9 468529864
9 100000009
9 900806341
9 780663669
9 100009
9 358380079
9 864233049
9 100000009
9 594312773
9 139811851
9 100000009
9 712918654
9 806447149
9 100009
9 538145249
9 247675829
9 451502879
9 100009
9 100009
9 912863878
9 900952175
9 810279324
9 100009
9 100000009
9 909814329
9 849649771
9 161468329
9 272254219
9 518117896
9 879513473
9 100009
9 856434179
9 100009
9 732490699
9 374139647
9 858365591
9 325556409
9 140583419
9 167273589
9 349208345
9 130774859
9 549712218
9 324574896
9 459886236
9 100000009
9 857531189
9 490600280
9 252381559
9 100009
9 262841696
9 976868820
9 729483682
9 100000009
9 100000009
9 154873669
9 899452696
9 984989264
9 216529733
9 782987627
9 105334129
9 301561269
9 100009
9 100000009
9 100000009
9 750202908
9 100000009
9 100000009
9 805875869
9 248173539
9 100000009
9 473232869
9 243449004
9 246513529
9 364523389
9 877886129
9 100009
9 644958872
9 100009
9 100009
9 100009
9 749396143
9 100000009
9 100009
9 963559926
9 100009
9 194676081
9 473125759
9 353458396
9 626768559
9 100009
9 100009
9 531104359
9 479731941
9 948918585
9 993746296
9 100000009
9 100000009
9 100000009
9 755081539
9 469078182
9 882917630
9 100009
9 100000009
9 672046679
9 247315739
9 100009
9 100009
9 750653219
9 235999465
9 430094805
9 100009
9 483362809
9 999109276
9 559196401
9 120388689
9 100000009
9 100000009
9 644789422
9 973043404
9 100009
9 206320759
9 100009
9 733831893
9 100009
9 10009
9 100009
9 100000009
9 100009
9 757112229
9 291427837
9 100000009
9 100009
9 804549227
9 980643245
9 139298047
9 344112239
9 100000009
9 100009
9 684391381
9 312011679
9 319319412
9 402814529
9 723908908
9 12828449
9 220400934
9 914614336
9 100009
9 100009
9 100009
9 100009
9 10009
9 718841179
9 100000009
9 100009
9 473982183
9 240499350
9 100009
9 971498101
9 100009
9 681663589
9 855413394
9 134774559
9 100000009
9 498155301
9 309469905
9 100000009
9 816334309
9 622491574
9 441264239
9 838788239
9 351903283
9 699462994
9 100000009
9 100000009
9 983712217
9 697142427
9 100000009
9 774494538
9 100009
9 621172963
9 100009
9 746776879
9 246108789
9 1000009
9 542626129
9 100009
9 100000009
9 100000009
9 10009
9 100009
9 362419527
9 100009
9 210171459
9 589794994
9 100009
9 100009
9 686569074
9 246448889
9 787504259
9 347319454
9 100009
9 129618319
9 100009
9 214674649
9 490092317
9 524606009
9 185492144
9 212140749
9 594540490
9 580861905
9 100009
9 100009
9 685011789
9 778127529
9 781511159
9 802120729
9 306855229
9 373181639
9 833273049
9 100009
9 722748019
9 654012369
9 100000009
9 826007249
9 765080496
9 100009
9 918878423
9 100000009
9 100000009
9 254233859
9 617506977
9 724201912
9 499830642
9 10009
9 100009
9 100000009
9 155187759
9 288947928
9 273802149
9 100009
9 734383290
9 763760119
9 100009
9 100009
9 259688230
9 673754609
9 677639756
9 100009
9 468235279
9 100000009
9 975029344
9 158322319
9 100000009
9 100000009
9 212306029
9 100009
9 857431139
9 100009
9 239636847
9 439639946
9 100009
9 571115729
9 291724547
9 100000009
9 831230819
9 100009
9 100009
9 775817889
9 572652469
9 173916468
9 10009
9 497137848
9 100009
9 100009
9 675499262
9 100009
9 423157039
9 483843109
9 100009
9 100009
9 225779730
9 100009
9 100009
9 225688089
9 100009
9 635537179
9 100009
9 594210801
9 418519375
9 731521539
9 142117479
9 747278169
9 442122379
9 360396254
9 218093442
9 732933828
9 574096544
9 227669934
9 466697185
9 100009
9 823230691
9 338801189
9 100000009
9 100009
9 690807504
9 678425009
9 100009
9 100009
9 125449494
9 223054169
9 100000009
9 100009
9 899388166
9 450589067
9 608737769
9 858873459
9 100000009
9 277426492
9 288603619
9 100009
9 877224839
9 100000009
9 383834389
9 158460789
9 716834917
9 100000009
9 946816324
9 221719322
9 214646937
9 539509562
9 688744569
9 206671934
9 100009
9 586910202
9 100009
9 449754898
9 1000009
9 100000009
9 439201461
9 372037698
9 10009
9 100000009
9 100000009
9 809291858
9 596253863
9 100000009
9 100009
9 100000009
9 864539159
9 944421799
9 867357969
9 100000009
9 100009
9 998217199
9 100009
9 839471559
9 920576538
9 869985287
9 601900574
9 10009
9 659563872
9 688365298
9 100009
9 100009
9 100000009
9 100009
9 682654429
9 100000009
9 650130559
9 701573797
9 100009
9 100000009
9 100009
9 100009
9 100009
9 100000009
9 341309770
9 100009
9 904067450
9 758683498
9 100009
9 116680599
9 100009
9 588191480
9 414652029
9 100009
9 100009
9 748369593
9 100009
9 100000009
9 100009
9 1000009
9 100000009
9 100009
9 738600459
9 100009
9 899766173
9 347457795
9 100000009
9 388794056
9 100009
9 100009
9 100000009
9 10009
9 564178159
9 100009
9 100009
9 107018994
9 461930913
9 619461419
9 590310945
9 100009
9 264311993
9 340210669
9 587846839
9 574734899
9 100009
9 274907643
9 100009
9 509330361
9 100009
9 100000009
9 100009
9 723358929
9 100000009
9 689156601
9 100000009
9 455910687
9 100000009
9 117163119
9 236692635
9 817794060
9 462034609
9 541515189
9 100009
9 700670819
9 100009
9 254083239
9 722483169
9 543722629
9 173683839
9 970925703
9 653612359
9 100009
9 552660089
9 100009
9 100009
9 811243089
9 841583029
9 765024839
9 463286889
9 625678449
9 114747992
9 346027493
9 814086649
9 100000009
9 1000009
9 270319299
9 100009
9 474334792
9 283304509
9 299566547
9 474431903
9 932834440
9 995959406
9 100009
9 100009
9 10009
9 727737449
9 100009
9 308982248
9 258596277
9 700015839
9 570336469
9 100009
9 822011679
9 100009
9 752284349
9 621753079
9 184912634
9 100000009
9 569072190
9 481975460
9 100009
9 287146579
9 10009
9 775506749
9 100009
9 631055169
9 368309292
9 100000009
9 100009
9 100009
9 722424469
9 147905425
9 100009
9 897995009
9 205005049
9 100009
9 100009
9 100000009
9 100009
9 512393139
9 100009
9 419534339
9 213178009
9 100009
9 650217639
9 100009
9 100000009
9 916794457
9 100009
9 507231839
9 10009
9 100000009
9 100000009
9 100000009
9 100009
9 200250409
9 100000009
9 556531019
9 968110269
9 407387049
9 10009
9 244303859
9 100000009
9 100009
9 501338179
9 530742079
9 100009
9 100009
9 100009
9 10009
9 155711219
9 990238372
9 576248915
9 653376159
9 146127509
9 100000009
9 100009
9 700055459
9 100000009
9 174945160
9 321393807
9 904036916
9 990661689
9 100009
9 100009
9 322906872
9 403108009
9 100000009
9 100000009
9 493145159
9 100009
9 167930897
9 100009
9 173641779
9 100009
9 100000009
9 961889508
9 590511933
9 210993727
9 10009
9 100009
9 372246149
9 637087889
9 215996765
9 100000009
9 100000009
9 100000009
9 272446139
9 703434789
9 104217029
9 100000009
9 630809609
9 514300139
9 100000009
9 576622493
9 100009
9 598393584
9 10009
9 454098252
9 100009
9 930774057
9 635914620
9 100009
9 100009
9 548696377
9 504848259
9 327987293
9 282122469
9 100009
9 375006279
9 119252041
9 100009
9 233129555
9 232979612
9 100009
9 339094447
9 466735429
9 613718279
9 100009
9 100009
9 380302189
9 319294358
9 842608179
9 342752459
9 902612562
9 100009
9 100009
9 479841161
9 784632759
9 161517292
9 570751619
9 125587219
9 636392757
9 927384123
9 718912648
9 523477609
9 760494125
9 100009
9 100009
9 100009
9 168186239
9 100009
9 100009
9 678114029
9 100009
9 100000009
9 249928208
9 100009
9 100009
9 625683809
9 100009
9 498297308
9 100009
9 606786829
9 100009
9 951112333
9 100009
9 100009
9 744160559
9 989707972
9 920695192
9 38771792
9 678465649
9 465307289
9 732381259
9 406563329
9 100009
9 697814471
9 100009
9 599420124
9 623514719
9 100000009
9 694053483
9 678105469
9 980270677
9 100009
9 995952436
9 798985361
9 100009
9 100009
9 970385033
9 100000009
9 100009
9 208056694
9 725526819
9 794755156
9 203083869
9 376661609
9 385210889
9 836915770
9 983231781
9 684631389
9 671321129
9 100009
9 552742749
9 100009
9 100009
9 100000009
9 137869563
9 100009
9 869898276
9 530230349
9 862313769
9 100000009
9 989215174
9 156039940
9 444523089
9 100000009
9 896430205
9 100009
9 100000009
9 124090819
9 100009
9 715163569
9 992341923
9 594294536
9 653999791
9 570260769
9 693946928
9 100009
9 317397905
9 352713029
9 100000009
9 100009
9 533626829
9 874794934
9 251060149
9 441310309
9 498893116
9 182214943
9 195089345
9 100009
9 100009
9 195714516
9 100000009
9 100009
9 729904777
9 695492333
9 161156589
9 174015981
9 113316279
9 100000009
9 891941264
9 727425369
9 832098679
9 871933803
9 100009
9 322221689
9 100009
9 534177519
9 100009
9 100009
9 382523769
9 533004279
9 165501649
9 100009
9 847674309
9 660558579
9 802650869
9 250065489
9 100009
9 933868722
9 100000009
9 977903917
9 189219442
9 100000009
9 784035289
9 739152657
9 100000009
9 327822696
9 477471922
9 100009
9 291628894
9 483841539
9 100009
9 100009
9 100162983
9 555717659
9 234609485
9 100000009
9 828907885
9 950923700
9 1009
9 100009
9 100009
9 684822439
9 766514069
9 100009
9 10009
9 681233629
9 751143229
9 665556829
9 100000009
9 100009
9 486178369
9 890925914
9 100000009
9 100009
9 177091431
9 100009
9 100000009
9 100009
9 768822319
9 100000009
9 100000009
9 10009
9 711511769
9 208369796
9 583254669
9 100009
9 100009
9 771313579
9 100009
9 1000009
9 100009
9 595340371
9 100000009
9 10009
9 100009
9 452351459
9 100009
9 164486749
9 100009
9 100009
9 700575951
9 875280609
9 835829869
9 100009
9 410442279
9 100000009
9 380017529
9 682717259
9 494772163
9 661622190
9 188065129
9 551063859
9 100009
9 254543095
9 676994422
9 100009
9 665476922
9 100009
9 100009
9 100009
9 1000009
9 100009
9 355108489
9 291127717
9 937078446
9 10009
9 701421669
9 862576953
9 537202916
9 100009
9 468114539
9 100009
9 100000009
9 384251595
9 100000009
9 100009
9 930409163
9 462253897
9 912522156
9 511223309
9 775252946
9 259193767
9 100009
9 1000009
9 116138819
9 100000009
9 100009
9 365492875
9 522277789
9 100009
9 100009
9 274544579
9 934258761
9 10009
9 337931847
9 100009
9 629900580
9 100000009
9 696212247
9 100000009
9 100009
9 674128739
9 390603003
9 100009
9 100009
9 100009
9 1000009
9 100009
9 100000009
9 255839313
9 712489874
9 137979606
9 974645338
9 100009
9 992489552
9 983625226
9 878691734
9 564247539
9 557124859
9 513282869
9 100000009
9 100000009
9 100009
9 477557659
9 649996749
9 100000009
9 100009
9 384461549
9 846841839
9 155442398
9 100009
9 100009
9 692601365
9 845804129
9 443173579
9 337344539
9 858552009
9 289258461
9 561839670
9 768702679
9 727720479
9 100000009
9 100009
9 100009
9 100009
9 436007359
9 100000009
9 384133539
9 100000009
9 333253109
9 100009
9 100000009
9 328054619
9 879664241
9 100000009
9 100009
9 100009
9 447050709
9 217028079
9 100009
9 100009
9 100009
9 482936074
9 582177972
9 889873199
9 100000009
9 836431539
9 100009
9 100009
9 25847549
9 777507889
9 889940110
9 851697174
9 301943723
9 100009
9 100009
9 727058499
9 216146279
9 642289461
9 100000009
9 100009
9 100009
9 343220809
9 827638779
9 876929756
9 705397664
9 147664249
9 10009
9 597562630
9 763877479
9 100000009
9 556934323
9 935746361
9 471008479
9 100009
9 233544691
9 560705679
9 245447479
9 622542759
9 587010569
9 949039755
9 677012944
9 161755719
9 100009
9 399163782
9 235728689
9 817482879
9 100009
9 679248107
9 100000009
9 818259253
9 120819004
9 100009
9 100000009
9 100000009
9 699235994
9 100000009
9 100009
9 939104517
9 433546189
9 100009
9 10000009
9 100009
9 100009
9 100000009
9 249493861
9 100009
9 100009
9 181316029
9 718070219
9 594058381
9 342330159
9 100009
9 19106447
9 100009
9 100009
9 100009
9 122589576
9 544562779
9 109382709
9 100009
9 284157609
9 833693159
9 469206841
9 100009
9 679396762
9 883434809
9 100009
9 455534009
9 100009
9 724331189
9 996098041
9 393369621
9 738960204
9 641687849
9 100009
9 645110759
9 100009
9 553373719
9 699933208
9 218509331
9 100009
9 369272883
9 255799437
9 100009
9 10009
9 417748849
9 720307729
9 275125059
9 100009
9 100009
9 657408591
9 725361479
9 601084089
9 747308879
9 100009
9 850860749
9 100009
9 1000009
9 824478649
9 807454937
9 100009
9 100000009
9 100000009
9 100009
9 352875409
9 127954621
9 100009
9 776565239
9 100009
9 668437469
9 100000009
9 447071975
9 100009
9 863954497
9 100009
9 100009
9 439739162
9 100000009
9 745826799
9 213694373
9 76689649
9 100000009
9 576636669
9 890923571
9 100000009
9 111098495
9 651661719
9 715305769
9 775066912
9 323186339
9 892478482
9 100009
9 100009
9 100000009
9 610699294
9 100697695
9 100009
9 100009
9 626821849
9 608144839
9 100009
9 100000009
9 100009
9 100009
9 467568979
9 100009
9 838967824
9 100000009
9 100000009
9 947598632
9 392303959
9 100009
9 956013881
9 880852937
9 910845660
9 100000009
9 876498164
9 100009
9 100009
9 100009
9 808672509
9 244127309
9 608629355
9 940209144
9 100009
9 179354114
9 100009
9 647520809
9 189355217
9 737849431
9 861522903
9 100000009
9 596954325
9 486196013
9 100000009
9 329923518
9 894320445
9 683498127
9 193599975
9 117160779
9 100009
9 862103489
9 640489474
9 125199130
9 278271294
9 100009
9 1009
9 100009
9 356541189
9 100009
9 100009
9 471543219
9 1000009
9 316761905
9 273868619
9 100000009
9 904744813
9 100009
9 209746460
9 539831149
9 481689376
9 100009
9 949814063
9 100009
9 100000009
9 604775039
9 124677469
9 840448965
9 10009
9 100009
9 100000009
9 100009
9 100009
9 100000009
9 705029563
9 100009
9 135277859
9 708666419
9 174611609
9 819985027
9 439368109
9 754019085
9 100009
9 100009
9 100009
9 298941170
9 706363159
9 100009
9 666227579
9 100009
9 959971179
9 585605469
9 107876919
9 100000009
9 255766459
9 898259417
9 786948310
9 527757639
9 442148094
9 10009
9 100000009
9 494171691
9 977328678
9 397840735
9 100000009
9 1000009
9 100000009
9 100000009
9 312517169
9 958734425
9 161887619
9 459838769
9 651194751
9 100009
9 626236942
9 567202749
9 681998989
9 100009
9 967194071
9 494429317
9 209316982
9 613119862
9 100000009
9 197882767
9 100000009
9 485297549
9 100009
9 100000009
9 959825822
9 699111240
9 677914351
9 100009
9 839968731
9 888264279
9 314653629
9 524966717
9 100009
9 845617269
9 321331779
9 100009
9 942272598
9 198203250
9 536607279
9 203505519
9 10009
9 980903104
9 187713559
9 852058039
9 100009
9 362561349
9 100009
9 100009
9 100009
9 849458860
9 416782968
9 100000009
9 198740361
9 692401476
9 100009
9 704432309
9 100009
9 955116122
9 100000009
9 215615539
9 100000009
9 100000009
9 769007747
9 892473665
9 459569683
9 100000009
9 574794928
9 100009
9 523120619
9 814892238
9 745977643
9 100000009
9 860324898
9 811234149
9 203497909
9 496020719
9 321083519
9 100000009
9 641520719
9 100000009
9 845513529
9 481728829
9 907765325
9 100009
9 100009
9 814962484
9 100009
9 136341109
9 100009
9 14577389
9 757944392
9 150436179
9 100000009
9 394362185
9 532029004
9 100009
9 100009
9 686982909
9 837749473
9 938642930
9 10009
9 100009
9 526662719
9 100009
9 155925089
9 854309366
9 120635509
9 100009
9 100009
9 100009
9 991855592
9 632260039
9 564840009
9 325804419
9 647823549
9 299137549
9 514796450
9 100009
9 812107932
9 765290603
9 851561896
9 100000009
9 532219837
9 996568156
9 100009
9 100000009
9 100009
9 119604367
9 197622416
9 249985537
9 187183089
9 100009
9 544842589
9 100009
9 430512953
9 182204709
9 373558419
9 477206679
9 100000009
9 994424860
9 826636439
9 820775629
9 217951522
9 129694904
9 348982412
9 205675849
9 885157129
9 412667539
9 100000009
9 986633108
9 725053129
9 780014219
9 874828329
9 939935051
9 100009
9 100009
9 100009
9 100000009
9 100009
9 391297126
9 861042819
9 100009
9 100009
9 962735186
9 749902528
9 916047932
9 546740669
9 164630279
9 100009
9 725257059
9 10009
9 100000009
9 156108429
9 100009
9 356776179
9 814318839
9 100000009
9 258233799
9 100009
9 10009
9 223509019
9 820601149
9 100009
9 935259817
9 514932329
9 100009
9 100009
9 665686539
9 589330598
9 266276690
9 100000009
9 100009
9 145455309
9 100000009
9 982321042
9 974110602
9 215072789
9 100009
9 734116957
9 522681649
9 440019574
9 1009
9 100009
9 651317439
9 100009
9 118800569
9 100000009
9 100009
9 100009
9 100009
9 202152829
9 731985564
9 978856663
9 152493286
9 100000009
9 687176179
9 922283792
9 135970346
9 100009
9 539556845
9 937641542
9 752954252
9 465031339
9 100009
9 100000009
9 591886716
9 10009
9 100000009
9 747939395
9 100009
9 10009
9 999701117
9 100000009
9 737279191
9 398506437
9 320066089
9 844931097
9 100000009
9 100009
9 273563509
9 518688194
9 991454064
9 100000009
9 214558579
9 558331149
9 767961728
9 945097868
9 100009
9 510585397
9 428024219
9 824869838
9 525068149
9 586479576
9 620869281
9 432137409
9 954679102
9 937880823
9 100009
9 216596884
9 100000009
9 570459100
9 276435906
9 100009
9 317857349
9 588774999
9 405935941
9 623625779
9 118044589
9 100009
9 581491667
9 100009
9 561792239
9 832814669
9 667896975
9 239406006
9 100009
9 100009
9 100009
9 633052249
9 491518683
9 100000009
9 353154689
9 441880369
9 658982235
9 100009
9 295885321
9 100009
9 524105569
9 108476619
9 413802309
9 858909914
9 532502309
9 100000009
9 257981091
9 725645669
9 194460308
9 100000009
9 100009
9 261587339
9 212154549
9 413912582
9 811539146
9 981539715
9 100009
9 494766819
9 100009
9 100000009
9 238416459
9 188342995
9 100009
9 100009
9 480984997
9 100009
9 100000009
9 333986881
9 463761969
9 433682839
9 100000009
9 10009
9 509169460
9 493486734
9 788164279
9 359302621
9 294706460
9 997544962
9 972296404
9 100009
9 339339838
9 100000009
9 720057109
9 557605797
9 505797467
9 1000009
9 100009
9 211032219
9 162484960
9 100009
9 629491721
9 100009
9 100009
9 733053079
9 100000009
9 352264349
9 656185359
9 768242519
9 100000009
9 100000009
9 377111109
9 323142319
9 100009
9 770428091
9 712817139
9 100009
9 996078036
9 100009
9 200745049
9 944708086
9 100009
9 100009
9 100009
9 100000009
9 100000009
9 131488169
9 631450409
9 448545609
9 100009
9 587268919
9 776289175
9 416445029
9 877416029
9 461909810
9 100009
9 100009
9 925079522
9 166945342
9 801068792
9 533794239
9 922439281
9 100009
9 447228629
9 10009
9 100009
9 100009
9 746474679
9 100009
9 100000009
9 528010509
9 100009
9 100000009
9 371091660
9 217554639
9 357219881
9 178006339
9 10009
9 939878733
9 749459937
9 799670959
9 100009
9 322747549
9 196797821
9 100009
9 225605409
9 100009
9 470399971
9 845787319
9 927082796
9 100009
9 10009
9 933358889
9 492175880
9 100000009
9 419408478
9 100000009
9 100009
9 100009
9 100009
9 670485349
9 100009
9 10009
9 100009
9 100009
9 452848589
9 348452962
9 100009
9 139077315
9 713786779
9 300731149
9 100009
9 622812509
9 100009
9 533146529
9 646249214
9 710561169
9 815321009
9 587729228
9 254923090
9 100000009
9 100009
9 100009
9 777903602
9 100009
9 559984237
9 100009
9 100000009
9 100009
9 100000009
9 339464478
9 799367900
9 100000009
9 10009
9 427095718
9 100009
9 100009
9 608309744
9 441787279
9 100009
9 100009
9 100009
9 10009
9 658923393
9 281349490
9 100009
9 100009
9 634773907
9 100009
9 100009
9 493405845
9 100009
9 100009
9 461562949
9 773407179
9 100009
9 100009
9 100009
9 221283769
9 10009
9 754554936
9 347083029
9 100009
9 100009
9 10009
9 100009
9 100009
9 140866359
9 100009
9 293450504
9 972340080
9 113736259
9 697028455
9 504654359
9 354260829
9 885521639
9 363121119
9 100000009
9 919615031
9 724986156
9 100009
9 100009
9 100009
9 598519579
9 475020359
9 100009
9 272991377
9 100009
9 100000009
9 852828209
9 100009
9 100009
9 943161172
9 100009
9 100009
9 707812069
9 100009
9 100000009
9 658759719
9 361176219
9 881620981
9 663676059
9 100009
9 252518629
9 100009
9 100009
9 354924449
9 260397042
9 100000009
9 406114998
9 100000009
9 533697085
9 828319645
9 596674393
9 100009
9 918340620
9 317690640
9 747075209
9 493277114
9 255243619
9 100009
9 100009
9 100009
9 571585209
9 638377319
9 652387029
9 100009
9 180704269
9 293742675
9 217091369
9 260452859
9 100009
9 100009
9 370382719
9 384290876
9 100009
9 768671809
9 100009
9 574165739
9 839192891
9 486759735
9 100000009
9 139177029
9 100009
9 715191795
9 100009
9 386378009
9 100009
9 745080696
9 100000009
9 851536920
9 100000009
9 100000009
9 589754216
9 771092538
9 338814129
9 490314737
9 100009
9 100009
9 100000009
9 624587879
9 100000009
9 213463093
9 499516196
9 333362789
9 149872343
9 100009
9 100009
9 898473550
9 100000009
9 100009
9 100000009
9 100009
9 798483069
9 293853687
9 100009
9 681013219
9 100009
9 100000009
9 310113009
9 726755549
9 1000009
9 362029355
9 100000009
9 100000009
9 461269286
9 737618769
9 10009
9 428354984
9 183862239
9 748888379
9 224890787
9 100009
9 100000009
9 10009
9 996883211
9 142241149
9 100000009
9 100009
9 231907501
9 100009
9 100000009
9 390804853
9 219374068
9 321493274
9 100009
9 611607190
9 100009
9 744183898
9 100000009
9 740461879
9 100009
9 100000009
9 899406733
9 206288349
9 137859708
9 100009
9 100000009
9 589581788
9 100009
9 790172081
9 776891042
9 100009
9 817078359
9 100000009
9 346506229
9 100000009
9 100000009
9 769924046
9 10009
9 119629643
9 232689306
9 100009
9 100000009
9 590703086
9 969643313
9 239462220
9 183029919
9 100009
9 100009
9 462853309
9 100009
9 511873679
9 939247946
9 213834409
9 560332209
9 629154586
9 701104459
9 635952647
9 10009
9 100009
9 100009
9 676982666
9 100009
9 230319528
9 101905805
9 270479870
9 100009
9 100009
9 100000009
9 435753789
9 100009
9 100009
9 990039353
9 658661659
9 408024579
9 100009
9 100009
9 504523948
9 100009
9 473543219
9 869438280
9 768209476
9 329778419
9 100009
9 191396224
9 173838679
9 100009
9 933764311
9 591806881
9 100009
9 415871269
9 100009
9 488832911
9 522575579
9 100009
9 100000009
9 624223789
9 10009
9 100009
9 100009
9 100009
9 646725942
9 100009
9 469910794
9 793650271
9 563874955
9 100009
9 189140491
9 100009
9 439604299
9 306822709
9 133663659
9 364614579
9 100000009
9 839773580
9 100009
9 692979233
9 231556289
9 100009
9 100000009
9 312603869
9 704131969
9 690904867
9 100000009
9 100000009
9 680183913
9 100009
9 100009
9 309247408
9 614896208
9 387201279
9 100000009
9 350641379
9 106298433
9 10009
9 100009
9 346599687
9 630691751
9 983422918
9 133666559
9 274862809
9 964504882
9 519256962
9 100009
9 439626118
9 100009
9 828173429
9 305175909
9 408274189
9 100009
9 100009
9 604117109
9 284220339
9 100000009
9 100009
9 302011890
9 456387859
9 100000009
9 761083593
9 100009
9 182943947
9 609992133
9 279143516
9 904704011
9 633861229
9 100009
9 100009
9 1000009
9 786718932
9 100000009
9 100009
9 802405109
9 662445429
9 584656889
9 138367289
9 992255976
9 475289446
9 539537566
9 289085960
9 326184889
9 137418998
9 988603727
9 100009
9 100000009
9 486070960
9 100009
9 433198555
9 100009
9 887836739
9 100009
9 100000009
9 264110139
9 346918444
9 735524439
9 100000009
9 463731019
9 879887345
9 10009
9 100009
9 873051719
9 138318109
9 100009
9 198235691
9 334787379
9 650990423
9 100009
9 766060097
9 354291532
9 100009
9 100000009
9 752801369
9 100000009
9 10009
9 912303519
9 425359729
9 102985952
9 653544379
9 100009
9 100009
9 825305849
9 910645264
9 437678796
9 601969994
9 100009
9 899037849
9 363987733
9 626407679
9 325768697
9 312333239
9 100009
9 791227041
9 214228489
9 288092032
9 379218658
9 733415409
9 100009
9 609661504
9 100000009
9 100000009
9 937941894
9 312161179
9 611792994
9 218591016
9 887626829
9 902400138
9 110114289
9 100009
9 100000009
9 651429438
9 795047657
9 260216589
9 667573429
9 100009
9 705375169
9 100000009
9 286626809
9 147670509
9 434695981
9 100000009
9 370586409
9 1000009
9 100009
9 100009
9 327943462
9 958144359
9 100009
9 100009
9 704288609
9 100009
9 100009
9 808580639
9 258983235
9 100009
9 100009
9 934476457
9 100009
9 949610939
9 100009
9 915683713
9 682453596
9 159157359
9 708898082
9 696311594
9 100000009
9 496014115
9 100000009
9 100000009
9 100009
9 833085319
9 230842439
9 100009
9 100009
9 961474440
9 100009
9 389333138
9 100009
9 100000009
9 244292961
9 730664289
9 519546118
9 707065925
9 100009
9 436607349
9 552570089
9 595263572
9 100000009
9 249336298
9 100009
9 208494368
9 694292883
9 100000009
9 744324789
9 100009
9 100009
9 100009
9 709798705
9 100009
9 100009
9 100009
9 659657166
9 586786859
9 10009
9 328741159
9 654730319
9 100009
9 100000009
9 100000009
9 691899485
9 100000009
9 100009
9 727079731
9 528941193
9 100009
9 537229875
9 100009
9 100009
9 343756992
9 100009
9 100009
9 919578062
9 961132127
9 100000009
9 756537392
9 100000009
9 346694494
9 100009
9 100009
9 674155459
9 100009
9 100009
9 822713409
9 191630801
9 903511559
9 503065649
9 100000009
9 374568927
9 100000009
9 150212819
9 951299280
9 100009
9 657790267
9 147615559
9 498965188
9 1000009
9 100009
9 100000009
9 10009
9 543500289
9 100000009
9 467893095
9 349650418
9 528516249
9 100000009
9 100009
9 100009
9 581259709
9 875275819
9 100009
9 100000009
9 156400195
9 130236279
9 100000009
9 100009
9 100009
9 565293804
9 316308539
9 321302379
9 168005349
9 723165396
9 100009
9 599838962
9 100009
9 100000009
9 100000009
9 323351069
9 917650631
9 10009
9 585782449
9 100009
9 100009
9 541078279
9 100000009
9 825627196
9 100009
9 661917622
9 999089109
9 229009150
9 100009
9 10009
9 798410707
9 236230489
9 255879069
9 100000009
9 588482849
9 854571129
9 310313039
9 654920315
9 451550695
9 100009
9 280059156
9 100009
9 177363379
9 821934008
9 559048390
9 100009
9 100000009
9 352051569
9 721577729
9 553128289
9 250447089
9 100009
9 100009
9 100009
9 721252169
9 573292551
9 955915003
9 100000009
9 755302029
9 867695049
9 100009
9 954888590
9 965767220
9 504359284
9 490450811
9 100009
9 100009
9 100009
9 100009
9 700045189
9 648847449
9 523718539
9 105311649
9 742575029
9 263687259
9 361460719
9 469898991
9 459239802
9 100009
9 248030749
9 100000009
9 130528389
9 129821103
9 100000009
9 598283193
9 100000009
9 100009
9 100009
9 100000009
9 643702191
9 848238049
9 100009
9 325663977
9 100000009
9 698296779
9 299627640
9 242680419
9 717925995
9 620520859
9 505493527
9 100009
9 208938648
9 1000009
9 312115692
9 911241648
9 289957645
9 159583119
9 100009
9 100000009
9 100009
9 215768917
9 100009
9 856624089
9 781202899
9 959881178
9 371541569
9 100000009
9 10009
9 100009
9 300825895
9 551135219
9 100009
9 838883229
9 156191272
9 702696462
9 868508889
9 100009
9 100009
9 796802200
9 606320809
9 10009
9 724466229
9 142438669
9 917820371
9 622094004
9 100009
9 100009
9 10009
9 955628567
9 100000009
9 100009
9 100009
9 100000009
9 876116913
9 100009
9 659363470
9 539174791
9 100009
9 100009
9 867807359
9 413362619
9 614876849
9 10009
9 100009
9 311246379
9 100009
9 937412427
9 100009
9 728573369
9 100009
9 257011659
9 100009
9 100009
9 100009
9 271485594
9 906428140
9 326082479
9 488945711
9 182088869
9 100000009
9 344668397
9 100000009
9 100000009
9 171389040
9 267982274
9 100009
9 946486501
9 360154927
9 146323069
9 859318547
9 268198648
9 589685411
9 100000009
9 934604439
9 100009
9 365540109
9 631083409
9 622527589
9 296262695
9 100009
9 469697616
9 596018886
9 100009
9 530746349
9 449451738
9 261440829
9 924076917
9 260432019
9 118201419
9 1000009
9 100000009
9 406154929
9 713814939
9 384818509
9 993202898
9 100009
9 332377339
9 100009
9 100009
9 771321392
9 115173794
9 132762189
9 304069229
9 203847039
9 100009
9 871421259
9 503802209
9 678553975
9 100000009
9 905368300
9 926039189
9 633144829
9 728174879
9 100009
9 100009
9 100009
9 703267059
9 701833739
9 100009
9 977183839
9 100009
9 546496701
9 100009
9 100000009
9 100009
9 318288639
9 100009
9 10009
9 357088829
9 781937175
9 281932891
9 611496806
9 118398695
9 872066449
9 118497346
9 100009
9 893291137
9 100000009
9 538720109
9 697165924
9 878980680
9 100000009
9 100009
9 100009
9 626197323
9 512817219
9 645015396
9 100009
9 960148777
9 951147864
9 472442079
9 385670809
9 100009
9 809519986
9 100009
9 296102206
9 938286705
9 722826429
9 742458439
9 673780279
9 100009
9 100000009
9 628112359
9 458822119
9 100009
9 100009
9 100009
9 100000009
9 846155419
9 593577840
9 100009
9 204630139
9 100009
9 438719852
9 100009
9 639812180
9 100698380
9 714775509
9 100000009
9 100009
9 859665588
9 334804569
9 100009
9 100009
9 674729261
9 280043689
9 732639859
9 865516359
9 10009
9 291988880
9 724352539
9 265127729
9 544948945
9 668890438
9 104723839
9 648725039
9 100000009
9 100000009
9 495663864
9 100009
9 100009
9 925645040
9 474874089
9 634258009
9 100009
9 607000419
9 100000009
9 100009
9 424196296
9 891512985
9 100009
9 915401973
9 100009
9 100009
9 734929172
9 992472754
9 100009
9 306787859
9 469330484
9 100000009
9 986671704
9 979515986
9 1000009
9 491991609
9 183232779
9 696508796
9 995372580
9 109811320
9 176206669
9 393549947
9 393683277
9 100009
9 100009
9 920454701
9 412145419
9 100000009
9 909845916
9 587013259
9 100009
9 348292688
9 692680585
9 100009
9 100009
9 213507789
9 100009
9 358592498
9 713736982
9 100009
9 884013489
9 254370439
9 100009
9 100009
9 100009
9 100000009
9 390642383
9 774297700
9 925119553
9 100000009
9 993396081
9 403828069
9 100000009
9 100000009
9 603605609
9 517683794
9 100009
9 815984727
9 10009
9 100000009
9 876551029
9 122095325
9 100009
9 163271679
9 208541292
9 100000009
9 123665549
9 100009
9 114124209
9 100009
9 204763659
9 100009
9 100009
9 1000009
9 487240189
9 100000009
9 687764995
9 100009
9 110977217
9 776964828
9 100009
9 839202662
9 100000009
9 247448639
9 673199472
9 348801629
9 964541023
9 604739745
9 199667076
9 100009
9 100009
9 995352598
9 100000009
9 734069109
9 100009
9 902435036
9 100000009
9 738681349
9 779503989
9 734139556
9 100000009
9 100009
9 782861109
9 880515669
9 654247709
9 990430231
9 319958917
9 440408729
9 934981849
9 100000009
9 100000009
9 950453858
9 611728494
9 666865779
9 425201569
9 593601223
9 563105119
9 395582003
9 148733589
9 381753095
9 100009
9 100009
9 100009
9 416303995
9 486921134
9 100000009
9 886189231
9 139276452
9 800811952
9 358341928
9 864686009
9 718769039
9 102098965
9 914342082
9 857875559
9 978781663
9 100009
9 100009
9 285880649
9 318548529
9 825708899
9 100009
9 240939268
9 500933709
9 100009
9 236534349
9 100000009
9 290089290
9 224206695
9 1009
9 505215659
9 100009
9 590463692
9 158039994
9 987871287
9 940583651
9 208286089
9 101234809
9 319886394
9 933432289
9 100000009
9 461817912
9 100009
9 858167819
9 440863349
9 954927702
9 515451739
9 100009
9 464399396
9 243681649
9 100009
9 547905295
9 820171579
9 951997485
9 592687078
9 100009
9 420205679
9 697897728
9 460065319
9 448853879
9 870100219
9 921919021
9 100009
9 560895074
9 377527669
9 210874937
9 100000009
9 100009
9 100009
9 100009
9 635373329
9 436736509
9 100009
9 771933421
9 599599922
9 881261947
9 100000009
9 879744203
9 100000009
9 316944269
9 328732879
9 356631289
9 554671931
9 100009
9 100000009
9 274085889
9 100009
9 100009
9 10009
9 100009
9 100009
9 100009
9 604419447
9 100009
9 100000009
9 100009
9 209895006
9 100009
9 100009
9 851765942
9 254257739
9 470548369
9 647077489
9 719735281
9 448958160
9 592338183
9 100009
9 100009
9 100009
9 615896262
9 100000009
9 978943089
9 706122309
9 860614879
9 100009
9 100000009
9 100009
9 100009
9 354224269
9 100009
9 867747509
9 100009
9 100009
9 100009
9 509333678
9 462328459
9 837333957
9 100009
9 347307509
9 627340349
9 100009
9 872084029
9 861698605
9 100000009
9 100000009
9 100009
9 560565889
9 740940924
9 100009
9 100000009
9 100000009
9 751765579
9 362885639
9 154574409
9 100009
9 834848229
9 490173789
9 736622409
9 100009
9 573903393
9 278898649
9 100009
9 100009
9 782984941
9 266494196
9 100009
9 945173125
9 318605439
9 100009
9 854493681
9 100000009
9 969918540
9 100009
9 758191230
9 453905170
9 100000009
9 100000009
9 642110639
9 413948409
9 100009
9 552216769
9 100009
9 264100719
9 812874819
9 10009
9 280677109
9 100000009
9 791444912
9 833712469
9 784302769
9 635322719
9 847874719
9 10009
9 100000009
9 374323196
9 100009
9 971840804
9 750279304
9 274257469
9 553536629
9 100009
9 908323276
9 100000009
9 452592952
9 252405259
9 658681109
9 790133773
9 68503779
9 890589882
9 100009
9 919830242
9 780851379
9 100000009
9 100009
9 714124439
9 100000009
9 517841879
9 440031479
9 627201729
9 611987194
9 613070879
9 344172829
9 787800196
9 240891838
9 100009
9 100009
9 622247869
9 100000009
9 358051549
9 472072819
9 100009
9 100009
9 556762339
9 297323795
9 100009
9 100009
9 840632289
9 100000009
9 882153196
9 100009
9 410026529
9 100009
9 100009
9 414478629
9 465599245
9 100000009
9 1000009
9 815146419
9 359879261
9 366616029
9 100009
9 516887559
9 100000009
9 100000009
9 834286689
9 100000009
9 10009
9 589783008
9 723957882
9 100009
9 100000009
9 100009
9 133875019
9 396946073
9 100009
9 100009
9 940145598
9 591396216
9 100009
9 245369838
9 431282309
9 431351479
9 100000009
9 197139684
9 601216962
9 545868829
9 100009
9 438976287
9 100009
9 130529439
9 442246859
9 934998860
9 100000009
9 125628139
9 100000009
9 781713439
9 948123401
9 264797314
9 438516239
9 742631988
9 874481369
9 112056509
9 416794931
9 100000009
9 987524685
9 970127896
9 100009
9 100009
9 100009
9 718556349
9 283472639
9 100009
9 303080739
9 100009
9 985160081
9 155903956
9 879886511
9 344017059
9 100000009
9 999679896
9 100009
9 244222791
9 100000009
9 893956496
9 100009
9 760711819
9 100009
9 100000009
9 100009
9 100009
9 390094677
9 269983097
9 158236369
9 100009
9 100009
9 100000009
9 811476719
9 100000009
9 371437988
9 719066301
9 853168129
9 799854846
9 590314868
9 530099471
9 951113736
9 100009
9 492596831
9 175140759
9 111998412
9 255159351
9 100009
9 100000009
9 903629073
9 100009
9 100009
9 660824249
9 100009
9 810505179
9 132066779
9 857899376
9 558394423
9 663417019
9 100009
9 244515629
9 100009
9 818775993
9 118841419
9 273850129
9 100009
9 436009552
9 100009
9 104098012
9 386024709
9 100009
9 320487559
9 100009
9 373454391
9 100009
9 902011416
9 100000009
9 100000009
9 100000009
9 528293230
9 100000009
9 536010679
9 100009
9 100000009
9 100000009
9 100009
9 919420483
9 248828279
9 100009
9 949710486
9 100009
9 100009
9 924759127
9 117778689
9 382325319
9 941920774
9 100000009
9 100009
9 100000009
9 100009
9 100009
9 100009
9 100009
9 100009
9 100009
9 847435629
9 639296343
9 100009
9 304087829
9 199319734
9 328178957
9 794496140
9 100000009
9 294590866
9 825879775
9 100009
9 815358219
9 791284880
9 420737039
9 100009
9 638188779
9 100009
9 348798382
9 100000009
9 100000009
9 100009
9 305150629
9 884334639
9 100009
9 100009
9 769320184
9 100000009
9 100009
9 883678889
9 413028639
9 100009
9 100009
9 461832029
9 383799944
9 137543049
9 100009
9 310825479
9 100000009
9 508278096
9 100009
9 586584209
9 435935323
9 170476289
9 446677749
9 100000009
9 100009
9 657011629
9 100000009
9 100000009
9 949686454
9 164830597
9 872137489
9 498495807
9 905345613
9 818570925
9 349260502
9 100000009
9 580464194
9 216368509
9 980902446
9 161212159
9 100000009
9 856512279
9 663382988
9 554710729
9 100009
9 292883087
9 100000009
9 416558619
9 864320209
9 100009
9 100000009
9 758263975
9 520067995
9 10009
9 825290756
9 704883649
9 100009
9 501629989
9 585274559
9 931534579
9 717285059
9 851961621
9 100000009
9 740341994
9 596301850
9 757468590
9 241654519
9 716516819
9 423563894
9 100009
9 10000009
9 100009
9 100009
9 100009
9 409706552
9 100000009
9 625438709
9 910682266
9 100009
9 100009
9 101882891
9 169137509
9 257404519
9 891692357
9 147017379
9 395621122
9 514019453
9 100000009
9 501099580
9 100009
9 666288389
9 306193243
9 394227156
9 267489197
9 100009
9 100000009
9 100000009
9 246475109
9 293578763
9 100009
9 715664879
9 515762159
9 100009
9 340496865
9 723253579
9 777506109
9 353126951
9 677523489
9 328053479
9 838077495
9 100000009
9 601744961
9 100000009
9 100009
9 663014769
9 959932776
9 729125539
9 100000009
9 329296350
9 472347749
9 110415779
9 100009
9 1009
9 900847843
9 275646629
9 100009
9 625037429
9 100000009
9 904604820
9 100009
9 100000009
9 100009
9 736070319
9 810678389
9 100009
9 868244869
9 475474689
9 100009
9 645715298
9 100009
9 100009
9 100009
9 928482426
9 100009
9 333264049
9 697599945
9 258963341
9 100009
9 100009
9 100009
9 778713359
9 100000009
9 825457109
9 720933473
9 100000009
9 498513161
9 100009
9 100000009
9 477120579
9 556610389
9 586805369
9 572347469
9 934039936
9 100009
9 100009
9 259054875
9 105034579
9 416373391
9 100009
9 712158839
9 452435829
9 721924396
9 501251019
9 630182169
9 100009
9 579192536
9 100009
9 603481179
9 680072699
9 972842949
9 100009
9 595998740
9 100000009
9 909592606
9 100009
9 902284125
9 267884339
9 100000009
9 464379605
9 246747479
9 527282079
9 100009
9 910013351
9 100009
9 100009
9 791128825
9 100009
9 100009
9 314124249
9 758121239
9 693539267
9 100009
9 119798342
9 100009
9 956059126
9 100009
9 100009
9 772687369
9 100000009
9 536222309
9 100009
9 359095040
9 318486921
9 247700619
9 100009
9 628028379
9 581615590
9 325618689
9 720108629
9 100000009
9 669793968
9 100000009
9 906830852
9 100009
9 100000009
9 136777839
9 636925781
9 100009
9 284498103
9 854075279
9 100000009
9 100009
9 579379102
9 734957080
9 610832490
9 100000009
9 100009
9 775539171
9 279837594
9 100000009
9 831306369
9 100009
9 749548633
9 652930882
9 485870229
9 10009
9 100009
9 100009
9 1000009
9 863157079
9 357678849
9 100009
9 399496980
9 983669950
9 208244129
9 441345409
9 975828307
9 873752159
9 525180029
9 100009
9 767790879
9 100000009
9 743524932
9 346586719
9 698698162
9 861939439
9 100009
9 275759999
9 908024936
9 100000009
9 539808291
9 100009
9 257298858
9 287849548
9 812565649
9 905841484
9 100009
9 100000009
9 437106849
9 713506259
9 991027540
9 210891673
9 624406519
9 723411089
9 100009
9 271050259
9 100000009
9 849575628
9 177809478
9 245114809
9 170110819
9 100000009
9 100009
9 510887139
9 100009
9 100000009
9 481427119
9 100009
9 151658094
9 280358319
9 100009
9 113271339
9 100009
9 623187879
9 100009
9 100009
9 100009
9 150928075
9 100000009
9 672795489
9 769393867
9 175843289
9 100009
9 100009
9 908309091
9 518236918
9 100009
9 100009
9 100009
9 897147551
9 338568559
9 100000009
9 113738889
9 431894599
9 968611750
9 277218679
9 100009
9 100009
9 277643729
9 763323509
9 100009
9 100009
9 532182391
9 666320967
9 100009
9 100000009
9 859013061
9 210130039
9 100009
9 450106689
9 368514809
9 100009
9 10009
9 924541962
9 10009
9 100009
9 100009
9 100009
9 715988622
9 209117508
9 335612549
9 100000009
9 100000009
9 563858980
9 410766269
9 655227849
9 100009
9 100000009
9 10009
9 939923953
9 160877069
9 745759905
9 234240359
9 100009
9 100000009
9 532647439
9 560738998
9 100000009
9 514603069
9 100009
9 100009
9 368948064
9 100009
9 784835469
9 230757679
9 637919163
9 100000009
9 414491404
9 750402289
9 393076373
9 100000009
9 829395282
9 129395875
9 100009
9 100009
9 424329182
9 100000009
9 100009
9 100009
9 495729849
9 100000009
9 837590201
9 100000009
9 100009
9 100009
9 100009
9 100000009
9 525533049
9 222482179
9 100009
9 592372156
9 616942874
9 100009
9 442168779
9 100009
9 229666376
9 974390352
9 100009
9 853937584
9 100009
9 100009
9 100009
9 331280289
9 100009
9 100009
9 955510492
9 968950359
9 179896032
9 785845942
9 354464597
9 10009
9 635728639
9 176274397
9 100009
9 100009
9 593219307
9 100009
9 621445849
9 100009
9 172585931
9 480659491
9 100000009
9 100009
9 100000009
9 100000009
9 100009
9 508619942
9 196797231
9 100009
9 100009
9 811217489
9 868488859
9 49071899
9 10009
9 935717743
9 209167741
9 100000009
9 927288043
9 937351333
9 773491777
9 100000009
9 646106109
9 183296029
9 875018569
9 100000009
9 100009
9 835226896
9 775392112
9 100000009
9 140390080
9 100000009
9 100009
9 100000009
9 219596380
9 100009
9 100009
9 749737598
9 358992694
9 100009
9 100009
9 1009
9 739624157
9 754305249
9 694867095
9 100009
9 714105592
9 251456659
9 142964237
9 811778952
9 650864319
9 252047359
9 172569230
9 807093555
9 100000009
9 134060918
9 403454369
9 614568669
9 100009
9 100000009
9 567203179
9 922904363
9 100000009
9 605898546
9 674550189
9 847776809
9 100009
9 846355592
9 405056009
9 869710974
9 498555805
9 807101889
9 944682371
9 100009
9 100009
9 794906282
9 649526260
9 163131249
9 821933683
9 201513079
9 100009
9 100009
9 912455055
9 797247838
9 100009
9 480279533
9 100000009
9 473294272
9 100009
9 100009
9 100009
9 656196557
9 100009
9 100009
9 100009
9 708172619
9 555107619
9 100009
9 348097387
9 426847928
9 509584753
9 516368539
9 987821079
9 321188819
9 380898158
9 951634159
9 100009
9 506807949
9 409993794
9 278779884
9 100000009
9 101513899
9 915902074
9 963943489
9 222465739
9 857233759
9 133781849
9 100000009
9 332327009
9 100009
9 100000009
9 100000009
9 165240019
9 10009
9 724222279
9 861352389
9 223446963
9 828234219
9 265527629
9 699893615
9 768620829
9 100009
9 329727963
9 165284269
9 960816419
9 722179768
9 968503798
9 100009
9 100009
9 100009
9 941974869
9 100000009
9 219712097
9 273058269
9 167652849
9 100009
9 100009
9 189919870
9 960841106
9 100009
9 795411592
9 10009
9 631501492
9 124379277
9 100009
9 688611239
9 882676948
9 698647238
9 430079787
9 402606749
9 310574559
9 971450783
9 419203987
9 825588859
9 100009
9 296487631
9 100009
9 100009
9 797458066
9 855548690
9 187339962
9 100000009
9 721563409
9 100009
9 100000009
9 100009
9 224806193
9 700165389
9 643346349
9 562912338
9 100009
9 354801591
9 264895219
9 871588829
9 100009
9 100009
9 100000009
9 267817049
9 100009
9 428898467
9 100009
9 100009
9 580990465
9 158816249
9 100009
9 1000009
9 100000009
9 100009
9 100000009
9 100009
9 100000009
9 790396706
9 306746529
9 609686028
9 952809053
9 568584179
9 983824002
9 112223198
9 100000009
9 482340749
9 437136889
9 753992264
9 836352019
9 100009
9 256121509
9 285916845
9 223600489
9 860316659
9 109196779
9 996436458
9 302870779
9 647531429
9 100009
9 325362829
9 100000009
9 100009
9 211980680
9 100009
9 781353029
9 670454889
9 100000009
9 100000009
9 311596094
9 472906059
9 581016569
9 100009
9 100009
9 100000009
9 899260133
9 352560889
9 195995670
9 100009
9 100000009
9 409961543
9 487265509
9 100000009
9 100009
9 100009
9 100000009
9 825440491
9 100009
9 100009
9 805097923
9 100009
9 100009
9 100009
9 100000009
9 803976852
9 894910554
9 100000009
9 10000009
9 100009
9 10009
9 100009
9 100000009
9 100009
9 660700509
9 100009
9 406651409
9 100009
9 100009
9 100009
9 100000009
9 100009
9 108635439
9 658799315
9 53327239
9 100009
9 474854439
9 156942371
9 792815281
9 695993373
9 100009
9 289929893
9 330509265
9 851579040
9 260061729
9 821191131
9 173815399
9 100009
9 339327758
9 630456709
9 878867489
9 100009
9 100009
9 637554849
9 485271789
9 100009
9 100009
9 734146954
9 129274710
9 720135269
9 334768879
9 920200607
9 669101387
9 918129330
9 100000009
9 504336889
9 100009
9 738457839
9 587316759
9 100009
9 100009
9 100009
9 624000249
9 100009
9 100009
9 100888649
9 100009
9 581161249
9 100000009
9 100009
9 371615469
9 107283329
9 520425009
9 100009
9 100009
9 861571369
9 243133429
9 258522219
9 902571547
9 315914487
9 1000009
9 100009
9 391234647
9 346453089
9 100000009
9 547999910
9 100009
9 493792662
9 100009
9 100009
9 100009
9 100009
9 100009
9 100009
9 100000009
9 253304948
9 513591428
9 100000009
9 10009
9 100000009
9 702812419
9 100009
9 822617009
9 748294565
9 644503849
9 551591804
9 399522845
9 100000009
9 254020729
9 744349336
9 396093104
9 130663889
9 153072549
9 603465339
9 757777009
9 128296455
9 100000009
9 100009
9 100009
9 100000009
9 599641620
9 100000009
9 838738759
9 100000009
9 991307312
9 100009
9 100000009
9 338276879
9 645298140
9 100009
9 781436829
9 100000009
9 100009
9 100009
9 247889442
9 100009
9 504711691
9 10009
9 568990529
9 100009
9 892806422
9 383180179
9 644447229
9 836462669
9 100009
9 996217588
9 100009
9 100009
9 100009
9 100000009
9 574750459
9 278459367
9 583352789
9 789793740
9 255497945
9 595085743
9 215191476
9 100000009
9 242970855
9 922995089
9 768791931
9 937817812
9 100000009
9 139940708
9 10009
9 836235679
9 100009
9 140528349
9 166243917
9 134282496
9 106248669
9 100009
9 880704961
9 794914326
9 100009
9 594580188
9 100000009
9 100009
9 125470279
9 100009
9 100009
9 806587894
9 442126459
9 654994218
9 100009
9 873233829
9 532387789
9 843655629
9 100009
9 100009
9 298724499
9 990147394
9 100000009
9 244120859
9 100009
9 100009
9 147244499
9 869291311
9 291759800
9 193422083
9 203489693
9 479016872
9 100000009
9 100009
9 924377744
9 331652269
9 128396322
9 368128999
9 875249330
9 522984985
9 736221869
9 405638709
9 100009
9 388054859
9 246491989
9 495055910
9 100009
9 100000009
9 100009
9 497981547
9 100000009
9 100009
9 100000009
9 100000009
9 649025882
9 866797087
9 969866036
9 207625089
9 782100559
9 892717284
9 100009
9 100009
9 100009
9 923249628
9 498472188
9 100000009
9 153924060
9 741943243
9 960601950
9 615095255
9 655945900
9 473641339
9 443001669
9 617883910
9 100009
9 100009
9 353003906
9 648092510
9 100009
9 100000009
9 145126209
9 100009
9 591885874
9 100009
9 1009
9 703506729
9 886344409
9 780477169
9 100009
9 100000009
9 100000009
9 203524019
9 815144839
9 503666929
9 439925842
9 100009
9 866901419
9 540671419
9 335540696
9 701888594
9 665905971
9 100000009
9 100009
9 544313629
9 100009
9 100009
9 943622189
9 776284559
9 777600942
9 100000009
9 212455469
9 831102379
9 100009
9 742463089
9 546927876
9 269484471
9 100009
9 100000009
9 100009
9 100000009
9 100009
9 995138380
9 100009
9 100009
9 415572349
9 593136910
9 100009
9 100009
9 822252349
9 283377609
9 275584049
9 100000009
9 100009
9 100009
9 375991634
9 706244029
9 400673689
9 797262795
9 625324729
9 822092036
9 295491138
9 922734908
9 673636529
9 430234629
9 238882329
9 571938250
9 100009
9 100009
9 526990761
9 170683369
9 100009
9 100009
9 547029789
9 100009
9 698631433
9 262473966
9 100009
9 980456062
9 690091787
9 452771569
9 100009
9 941140627
9 100000009
9 372347569
9 529625039
9 733472679
9 113550829
9 100000009
9 10009
9 788080659
9 311449531
9 704243219
9 100000009
9 391887872
9 297378525
9 100009
9 337788309
9 100009
9 100009
9 313949923
9 10009
9 997665923
9 568141319
9 100009
9 468399418
9 100009
9 100009
9 679483332
9 559903403
9 458324819
9 100009
9 10009
9 638752459
9 276514549
9 428396148
9 231807269
9 283170309
9 100000009
9 100000009
9 133541259
9 100009
9 563156879
9 735571449
9 100009
9 853361869
9 151611039
9 473702439
9 354236049
9 822583729
9 230041029
9 543391474
9 202483906
9 942938096
9 576842109
9 10009
9 150574149
9 818284519
9 747190478
9 440103519
9 595157346
9 982084265
9 368047479
9 100000009
9 1000009
9 100009
9 668305629
9 149940136
9 439949559
9 238795653
9 239046399
9 698235784
9 631568092
9 573029847
9 100009
9 10009
9 200346794
9 846778209
9 100009
9 100009
9 721499301
9 100009
9 663687759
9 100009
9 332263379
9 446798875
9 100009
9 100000009
9 100000009
9 100009
9 406180409
9 100009
9 501703139
9 995546516
9 482884209
9 155852932
9 137131529
9 100000009
9 849316322
9 342766489
9 873470398
9 597866235
9 100009
9 100009
9 805768009
9 832213229
9 788441298
9 100000009
9 10009
9 100000009
9 100009
9 186576679
9 100009
9 100009
9 100009
9 100009
9 448079087
9 100009
9 775015269
9 179677714
9 100009
9 100009
9 422284139
9 139309619
9 946552601
9 834229808
9 100000009
9 305954482
9 792676359
9 100009
9 636145019
9 100009
9 310163579
9 100009
9 671397065
9 765471069
9 281939532
9 472832529
9 655722259
9 100009
9 376076469
9 100000009
9 808188339
9 104704439
9 100009
9 753218419
9 460646391
9 100009
9 917752196
9 100009
9 100009
9 990641415
9 100009
9 100009
9 100000009
9 100009
9 279808546
9 100009
9 100009
9 100009
9 396475190
9 100000009
9 124404849
9 363774798
9 100000009
9 100009
9 100009
9 100009
9 423539553
9 170027964
9 100000009
9 863933814
9 100009
9 100009
9 100009
9 916112880
9 849737593
9 930936551
9 891360211
9 311279794
9 723086329
9 169969791
9 636448319
9 381676359
9 100009
9 406973833
9 968254733
9 100009
9 100000009
9 100000009
9 100009
9 714857429
9 219293034
9 330216169
9 768798970
9 100009
9 100000009
9 100009
9 522084789
9 648906873
9 100000009
9 514546539
9 100009
9 246814119
9 100009
9 184501789
9 661557829
9 100009
9 577360429
9 100000009
9 442085719
9 348306539
9 100009
9 537971555
9 100009
9 358196276
9 594697426
9 100009
9 100000009
9 971840741
9 191822952
9 613427609
9 564111229
9 100009
9 100000009
9 100000009
9 925327850
9 452789279
9 100009
9 100000009
9 100000009
9 100000009
9 100009
9 100009
9 895267282
9 100009
9 375939218
9 178894428
9 100009
9 394614698
9 100009
9 941031321
9 121730849
9 934686696
9 287321089
9 212207309
9 100009
9 100009
9 590837773
9 343174049
9 1000009
9 943777718
9 952143302
9 100009
9 100009
9 100000009
9 100009
9 100009
9 579428363
9 379238968
9 100009
9 752020349
9 100009
9 670110219
9 10009
9 166676149
9 100009
9 100000009
9 100000009
9 100000009
9 572014579
9 577092823
9 401552049
9 872967591
9 100009
9 168029861
9 449430321
9 10009
9 100009
9 995353319
9 100009
9 430573129
9 100000009
9 624453309
9 100000009
9 100009
9 414458849
9 100009
9 100000009
9 100000009
9 100009
9 100000009
9 607593540
9 100009
9 727571079
9 636839360
9 850012169
9 261776393
9 832023389
9 475301659
9 100009
9 815344629
9 100009
9 431444109
9 100000009
9 895965257
9 435144459
9 100000009
9 282722689
9 204299730
9 10009
9 821826689
9 227787293
9 476572039
9 400958870
9 100009
9 286677953
9 100009
9 100009
9 950358505
9 184804669
9 962322537
9 100009
9 700339650
9 283885709
9 100009
9 679920883
9 100000009
9 100009
9 100000009
9 100009
9 783841069
9 652592910
9 449800894
9 100000009
9 100009
9 783411479
9 100000009
9 972597982
9 394121266
9 100009
9 236352879
9 834580109
9 330847969
9 100009
9 100009
9 819578625
9 209376718
9 100009
9 100009
9 838557019
9 404259327
9 100009
9 448063709
9 136462369
9 100009
9 422433749
9 460738569
9 10009
9 915714843
9 100009
9 804624159
9 347425239
9 687261079
9 792202298
9 870912707
9 823078309
9 100000009
9 952102730
9 148304329
9 905415839
9 100009
9 100000009
9 597981820
9 100009
9 100009
9 876408679
9 490244781
9 100000009
9 368367749
9 100009
9 100009
9 100009
9 100009
9 100000009
9 336598615
9 100009
9 394322375
9 100009
9 958956941
9 839352860
9 128315994
9 999115347
9 100000009
9 197900168
9 817538839
9 100000009
9 634477839
9 100000009
9 775537879
9 422956073
9 100000009
9 100009
9 100009
9 693300809
9 703222709
9 100009
9 100009
9 940768955
9 229855654
9 100009
9 100009
9 100000009
9 370875779
9 100009
9 100000009
9 100000009
9 316516669
9 264049305
9 100009
9 396640052
9 423472589
9 100009
9 800260419
9 100000009
9 722143900
9 483900843
9 100009
9 256567179
9 690020582
9 100009
9 100009
9 967490902
9 100009
9 100009
9 100009
9 511382679
9 245815219
9 100009
9 100009
9 167109629
9 100009
9 100000009
9 916374417
9 1000009
9 100000009
9 100009
9 199777888
9 344596155
9 100009
9 834437219
9 728099714
9 100000009
9 100000009
9 824945632
9 100009
9 100000009
9 469607938
9 100009
9 982143327
9 623946529
9 100000009
9 902068853
9 206697567
9 209774086
9 569691579
9 100000009
9 100009
9 277548975
9 106800509
9 100000009
9 754614589
9 826789584
9 660117239
9 366520039
9 100009
9 100009
9 100009
9 713468309
9 118903647
9 304100259
9 100000009
9 782042589
9 436369246
9 100009
9 100009
9 396023221
9 986236726
9 100000009
9 630947306
9 765137963
9 812695645
9 100009
9 100000009
9 425892433
9 100009
9 947529846
9 100009
9 639426751
9 100000009
9 946099588
9 940605671
9 104973758
9 327460419
9 948952310
9 100000009
9 100009
9 778959497
9 948585383
9 967877026
9 723720279
9 253279218
9 154054729
9 421324095
9 100009
9 1000009
9 100009
9 156683219
9 631122969
9 100000009
9 516682369
9 100009
9 100000009
9 10009
9 100000009
9 858616449
9 294857033
9 190531489
9 100009
9 389130002
9 100000009
9 525337569
9 112342079
9 420939391
9 146106459
9 100009
9 158426994
9 100000009
9 889023711
9 401059698
9 187989479
9 446222659
9 856658789
9 928276508
9 137619898
9 100000009
9 100009
9 100009
9 356234549
9 100009
9 100009
9 100009
9 904896208
9 811872948
9 100009
9 100009
9 855832409
9 876834289
9 100009
9 388464039
9 856774709
9 212012297
9 100000009
9 571733239
9 478203189
9 482188049
9 993851666
9 100000009
9 10009
9 100009
9 100009
9 664631209
9 444668869
9 449391475
9 561478319
9 854945286
9 312669092
9 128301609
9 970960854
9 199033529
9 598325466
9 661436059
9 100000009
9 100009
9 574845396
9 100009
9 668955187
9 100009
9 10009
9 299807569
9 728420109
9 315505949
9 467843309
9 424415469
9 950191487
9 100009
9 100000009
9 993332551
9 428672719
9 116515369
9 10009
9 100009
9 100009
9 566759258
9 100000009
9 976487722
9 100000009
9 271257739
9 941968199
9 10009
9 974943240
9 100009
9 100009
9 100000009
9 356598270
9 469029471
9 100637279
9 748460139
9 100009
9 100009
9 100009
9 100009
9 100009
9 775423449
9 100000009
9 728122049
9 749765288
9 100009
9 607042689
9 549997282
9 100009
9 942682574
9 934160556
9 10009
9 100000009
9 100009
9 350421439
9 768958714
9 10009
9 781788749
9 100009
9 914255322
9 304730369
9 260898846
9 100009
9 42174090
9 212361479
9 146437559
9 176687009
9 622038829
9 100000009
9 100009
9 288183279
9 727790184
9 126415659
9 100009
9 432618879
9 881071689
9 100000009
9 243722709
9 100009
9 100009
9 955844547
9 100000009
9 690678391
9 100009
9 100000009
9 124960630
9 100009
9 214057069
9 326207539
9 100000009
9 244952913
9 928120672
9 100009
9 100000009
9 624288809
9 597243788
9 100000009
9 808493608
9 100009
9 888981453
9 135860609
9 761855669
9 100009
9 10009
9 140054069
9 676504639
9 237187249
9 901112415
9 252299514
9 800241609
9 589694202
9 100009
9 100009
9 103816309
9 523032298
9 100009
9 100000009
9 10009
9 655097213
9 100000009
9 100009
9 1000009
9 100009
9 100009
9 100000009
9 100009
9 477785349
9 813827369
9 704966823
9 100000009
9 857122069
9 100009
9 306459704
9 100000009
9 100009
9 698634176
9 100000009
9 100009
9 527525279
9 100009
9 100009
9 100000009
9 722863259
9 965319444
9 312775279
9 889656756
9 239759795
9 100009
9 100000009
9 100000009
9 820074579
9 100009
9 100009
9 425135829
9 200357839
9 789384220
9 865620809
9 536084269
9 890038202
9 306050290
9 888443539
9 100009
9 928495222
9 100000009
9 423955659
9 100009
9 100009
9 820691387
9 100009
9 100009
9 463626489
9 358968317
9 190282844
9 547084179
9 986851867
9 100000009
9 100009
9 356295472
9 100009
9 100000009
9 350230169
9 518069454
9 100009
9 591505567
9 724753759
9 562150119
9 100000009
9 452971290
9 372620931
9 100000009
9 340858229
9 965379870
9 173845609
9 502747759
9 100000009
9 414399103
9 438599509
9 874240903
9 133890983
9 971561814
9 100009
9 100009
9 100009
9 615001749
9 100009
9 914364667
9 100009
9 100000009
9 100009
9 100000009
9 10009
9 100009
9 100000009
9 844677589
9 100009
9 662042889
9 464091583
9 251634194
9 151154289
9 100000009
9 100009
9 181055194
9 139301555
9 510238095
9 451636879
9 312348769
9 100000009
9 100009
9 359667757
9 100009
9 746196627
9 308776989
9 776305629
9 267910939
9 934842016
9 657812669
9 906324739
9 397414789
9 652071039
9 180375809
9 813284609
9 100009
9 100009
9 164986988
9 718828089
9 100009
9 898796193
9 100009
9 667733739
9 538452229
9 799530092
9 100009
9 462616639
9 728232039
9 162237329
9 456288749
9 570586692
9 329368924
9 378164975
9 100009
9 923970477
9 768842759
9 649294503
9 100000009
9 939278489
9 361170449
9 100009
9 100009
9 113771915
9 831379615
9 623357359
9 100009
9 874795521
9 100000009
9 428370389
9 226397777
9 100009
9 876263589
9 416084849
9 208189523
9 957414883
9 903798563
9 136095617
9 10009
9 350763409
9 819900080
9 100009
9 100000009
9 100009
9 100009
9 647254049
9 100009
9 356667359
9 100009
9 603143991
9 917007468
9 553034039
9 465456529
9 100009
9 100000009
9 813455449
9 773245579
9 31011649
9 100000009
9 100009
9 469544997
9 202156029
9 100009
9 100000009
9 319405827
9 100009
9 100009
9 100009
9 100000009
9 508695015
9 727815159
9 861118922
9 100000009
9 100009
9 919162859
9 356989813
9 100009
9 283931052
9 100009
9 100009
9 782845079
9 306298901
9 293882199
9 425852139
9 244147296
9 215157859
9 276017296
9 516045928
9 100009
9 611638269
9 100009
9 321122981
9 828205829
9 100009
9 100000009
9 590019649
9 855349718
9 429801123
9 430632309
9 100000009
9 100000009
9 922720795
9 100000009
9 853009701
9 998111612
9 1000009
9 143630239
9 395537876
9 117133069
9 100009
9 100000009
9 100000009
9 404463059
9 100009
9 100000009
9 100009
9 100000009
9 505792137
9 10009
9 356984499
9 678134769
9 100009
9 100009
9 100000009
9 413962736
9 100000009
9 756437739
9 100009
9 100009
9 627710719
9 376956421
9 100009
9 477350349
9 100009
9 470611749
9 100000009
9 151720589
9 100000009
9 746205469
9 719866913
9 798294252
9 437948601
9 901395612
9 100000009
9 854815269
9 625192595
9 389436930
9 290063242
9 100000009
9 10009
9 100009
9 100000009
9 10009
9 726567139
9 707600009
9 229495051
9 707254965
9 687915190
9 100009
9 100009
9 216584849
9 623200829
9 966968178
9 100009
9 100009
9 100009
9 100009
9 157891589
9 100009
9 114201879
9 870354079
9 803543289
9 784954566
9 100000009
9 100000009
9 681506419
9 100009
9 100009
9 446315759
9 591483874
9 882602629
9 100009
9 168191483
9 704272529
9 776979010
9 753346972
9 813965524
9 667863179
9 100009
9 440607319
9 473529163
9 841826973
9 100000009
9 100009
9 100009
9 100009
9 100009
9 828712769
9 330967807
9 177652589
9 548820579
9 100712291
9 959946111
9 652226982
9 606660039
9 100009
9 154365749
9 100000009
9 100000009
9 100000009
9 387178709
9 100009
9 591675590
9 693022526
9 346491784
9 100009
9 100009
9 918785051
9 10009
9 242089624
9 100009
9 953563039
9 322597709
9 624537379
9 353376945
9 100009
9 456869016
9 100000009
9 483582849
9 707416309
9 203444019
9 553136299
9 382233409
9 415576954
9 545026559
9 486287759
9 321476789
9 100000009
9 10009
9 100000009
9 420453639
9 450201940
9 104772789
9 946206101
9 100000009
9 230714919
9 100009
9 886633494
9 107052269
9 399060549
9 529091838
9 195643609
9 619609002
9 969153584
9 100009
9 805914828
9 100009
9 814882914
9 636395318
9 816392503
9 100009
9 538354459
9 100009
9 100000009
9 100000009
9 573137759
9 100009
9 530752920
9 272509800
9 151825539
9 736673119
9 483810129
9 100009
9 246152839
9 682239149
9 560349477
9 916653941
9 100009
9 100009
9 732528449
9 100000009
9 273509970
9 581481449
9 808125419
9 585157479
9 100009
9 951686656
9 578593633
9 100009
9 747283955
9 100009
9 100009
9 923412108
9 802563191
9 100009
9 100000009
9 243586269
9 100000009
9 111870059
9 853801976
9 100009
9 165586679
9 321822419
9 100009
9 499245865
9 100009
9 100009
9 100009
9 100009
9 100009
9 168109252
9 467648459
9 1009
9 566422259
9 100009
9 586104789
9 458916839
9 100009
9 324711519
9 404908562
9 100000009
9 100009
9 100992328
9 363036389
9 710388895
9 707055579
9 567035189
9 918490819
9 100009
9 749811244
9 349161138
9 100009
9 100009
9 959296524
9 375932487
9 10009
9 953549117
9 873123309
9 820904258
9 958382755
9 914669187
9 100009
9 100009
9 894669727
9 157772908
9 161159531
9 481529392
9 164503189
9 277763779
9 602693159
9 892606101
9 369218991
9 131161259
9 100009
9 234249144
9 100009
9 100000009
9 100009
9 920024020
9 100009
9 954650297
9 100009
9 916730124
9 100009
9 100000009
9 100000009
9 100009
9 100009
9 525336829
9 100000009
9 49353354
9 238839355
9 100000009
9 100000009
9 100009
9 589942297
9 1000009
9 100009
9 628685889
9 100009
9 100009
9 100009
9 904561337
9 595134705
9 100000009
9 100009
9 100000009
9 752147279
9 100009
9 335785339
9 100009
9 385676319
9 928208253
9 100009
9 100000009
9 309539393
9 460955078
9 100009
9 315530049
9 100000009
9 479162941
9 817472193
9 10009
9 975040331
9 100009
9 724839973
9 100009
9 682326489
9 100009
9 100009
9 100000009
9 100009
9 100009
9 939923071
9 541975212
9 454109713
9 100009
9 345516829
9 559899784
9 878974709
9 100009
9 381809016
9 249880980
9 100000009
9 800943320
9 100009
9 100009
9 142466289
9 310622970
9 750325169
9 100009
9 100009
9 100000009
9 100009
9 550363869
9 633190422
9 100009
9 495711066
9 961990193
9 100009
9 100009
9 645575249
9 100000009
9 10009
9 100000009
9 881853129
9 100009
9 100000009
9 195309172
9 433513219
9 182691739
9 702716990
9 10009
9 825611289
9 100000009
9 395272375
9 987022462
9 585630339
9 261108129
9 100009
9 965043975
9 854946419
9 788827519
9 601733339
9 100009
9 386384559
9 339214485
9 794047098
9 821435339
9 100009
9 100009
9 100000009
9 100009
9 100009
9 651886679
9 100009
9 100009
9 119504514
9 100009
9 100009
9 747561960
9 100000009
9 713878559
9 852815089
9 100000009
9 100009
9 100000009
9 584736609
9 749353879
9 356321689
9 744958526
9 100000009
9 100000009
9 100009
9 100009
9 935410201
9 128107196
9 354687079
9 728861379
9 635213849
9 499922642
9 850143859
9 717377179
9 100009
9 116446229
9 100000009
9 100000009
9 739538824
9 743579626
9 100009
9 693887837
9 100000009
9 168419619
9 887331479
9 226580449
9 100009
9 100009
9 738857639
9 481054749
9 825648749
9 283465529
9 100009
9 658110689
9 731895846
9 899537683
9 320975497
9 493323474
9 920159407
9 348265379
9 100009
9 900411116
9 100009
9 100000009
9 844608559
9 442702379
9 896275873
9 100000009
9 100009
9 472189284
9 630203169
9 193714369
9 504212889
9 100009
9 622207279
9 63838259
9 100009
9 406096327
9 314558590
9 844631179
9 872223139
9 100000009
9 100009
9 100009
9 528343619
9 100009
9 10009
9 620384992
9 100009
9 100009
9 248571169
9 100000009
9 298685560
9 514713799
9 442457519
9 442493014
9 578201709
9 100009
9 257404029
9 100009
9 398230993
9 125976162
9 100000009
9 743683934
9 100000009
9 389737806
9 100000009
9 100009
9 443642719
9 100009
9 39287574
9 719549038
9 879646282
9 10009
9 100009
9 100009
9 928202778
9 843364985
9 630008479
9 100009
9 226729166
9 100009
9 100009
9 100009
9 100009
9 468724889
9 100009
9 645950423
9 593233999
9 131165049
9 851332859
9 268715629
9 100009
9 100009
9 402008297
9 100009
9 478488829
9 715461179
9 100009
9 507893936
9 773848940
9 921298526
9 693567360
9 459516035
9 488996248
9 100000009
9 100009
9 710327129
9 713265097
9 726601709
9 336364930
9 100000009
9 122185489
9 470127494
9 158686629
9 755634509
9 100009
9 100009
9 185062569
9 122920677
9 177341439
9 100009
9 100000009
9 100009
9 709520280
9 369938292
9 886152829
9 100009
9 929085481
9 10009
9 613638197
9 100009
9 738059558
9 174257729
9 100000009
9 301945937
9 100009
9 684023169
9 208538269
9 100009
9 100000009
9 100009
9 100009
9 994514125
9 100000009
9 544358629
9 100000009
9 359126778
9 100000009
9 100000009
9 100009
9 100000009
9 528250319
9 943142024
9 150651139
9 100009
9 852446879
9 786849838
9 912160599
9 176727529
9 645958344
9 100009
9 123419723
9 100000009
9 526778933
9 100009
9 100009
9 100009
9 432271914
9 263117916
9 830825319
9 100009
9 100009
9 324765639
9 931930910
9 557867915
9 997340711
9 761087029
9 658297802
9 527940996
9 583621339
9 410593407
9 406126927
9 372956620
9 100009
9 866368963
9 520294131
9 100009
9 100009
9 100009
9 100000009
9 254995466
9 100009
9 100009
9 100009
9 548091431
9 100009
9 653455991
9 100000009
9 372027469
9 100009
9 620593707
9 819074702
9 267504494
9 278984666
9 626979872
9 672750439
9 912032644
9 100000009
9 100009
9 100009
9 725437509
9 473491615
9 100000009
9 610426389
9 807388649
9 179094612
9 10009
9 100009
9 847028119
9 100000009
9 877379210
9 100009
9 744792555
9 10009
9 828247559
9 235503809
9 919097948
9 265756129
9 100009
9 143222039
9 744474938
9 617825649
9 100009
9 100009
9 100009
9 100009
9 100000009
9 100000009
9 688986001
9 100009
9 100000009
9 100009
9 457946050
9 10000009
9 612590187
9 335361109
9 576433349
9 100009
9 468960670
9 402675039
9 805706339
9 497575980
9 181628669
9 594311096
9 100009
9 100000009
9 100009
9 100009
9 100000009
9 430858289
9 100009
9 300883069
9 988675686
9 100009
9 861063897
9 100009
9 518842269
9 894570161
9 388967637
9 310816139
9 815003649
9 462982038
9 652986999
9 100009
9 539224088
9 100009
9 100000009
9 100009
9 982121945
9 100009
9 224967973
9 100009
9 100009
9 127464109
9 100009
9 100000009
9 971406989
9 201740659
9 649885118
9 646052839
9 766792845
9 587326739
9 342921204
9 449590909
9 259018308
9 100009
9 308905227
9 186101119
9 685421869
9 908851657
9 100000009
9 100009
9 100009
9 661363619
9 100000009
9 651944778
9 409985805
9 509916485
9 484724039
9 874061709
9 690260846
9 656478819
9 955679625
9 861443839
9 100009
9 100009
9 100009
9 251418149
9 808339389
9 521182359
9 260470259
9 988944241
9 100000009
9 100009
9 390543718
9 906357069
9 10009
9 874596234
9 268021259
9 418028219
9 100009
9 100009
9 100009
9 366355159
9 573609169
9 100009
9 815900426
9 100009
9 819917773
9 601718908
9 100009
9 729372118
9 200176819
9 180342599
9 422496493
9 100009
9 941974688
9 702944928
9 100000009
9 100009
9 426410559
9 758259394
9 100009
9 440097738
9 936260540
9 194767276
9 609890742
9 100009
9 100009
9 256444389
9 786207069
9 109805601
9 481611429
9 100000009
9 631527779
9 100009
9 528979215
9 804878309
9 493952181
9 100000009
9 100009
9 100009
9 100009
9 435433976
9 987348364
9 100009
9 243946972
9 100009
9 707900346
9 100009
9 156893928
9 302334389
9 189395315
9 741709330
9 646582957
9 100009
9 712118379
9 10009
9 100009
9 100009
9 189236764
9 422282809
9 571465709
9 100009
9 258624539
9 100009
9 100009
9 537225739
9 790905170
9 569272078
9 100009
9 100009
9 150445982
9 205437019
9 100009
9 455397533
9 100009
9 100009
9 100000009
9 100009
9 577732189
9 920274781
9 100009
9 496977714
9 818718595
9 10009
9 483108659
9 100009
9 430371390
9 100009
9 892743558
9 712258946
9 100000009
9 794498028
9 995255644
9 469465771
9 100009
9 981723837
9 508950836
9 867600699
9 877116309
9 932971840
9 100000009
9 313298276
9 100000009
9 100009
9 107852159
9 956870882
9 892573711
9 100009
9 872975136
9 100000009
9 100009
9 100009
9 303467829
9 100009
9 100009
9 569618135
9 100000009
9 239850868
9 911363384
9 333487396
9 413985323
9 703841449
9 360035739
9 713158229
9 327923439
9 100009
9 100009
9 100000009
9 47138897
9 691031720
9 100009
9 100009
9 100000009
9 953776218
9 712992113
9 100009
9 268944326
9 100009
9 470898501
9 100000009
9 868756219
9 15481679
9 824960891
9 10009
9 100000009
9 756122329
9 513903154
9 873734559
9 100000009
9 395702241
9 479199092
9 100009
9 100009
9 285465449
9 306797057
9 119855593
9 383126193
9 100009
9 549195688
9 707171249
9 769346455
9 714854982
9 237180469
9 992180972
9 100009
9 156527209
9 639570907
9 424582927
9 343079743
9 100009
9 707925308
9 500835859
9 179872163
9 437371879
9 798399795
9 119459933
9 100009
9 395379632
9 458934294
9 679443084
9 411906203
9 100009
9 911138966
9 100009
9 214142449
9 100000009
9 786999074
9 913550896
9 100009
9 342861429
9 566237759
9 208846519
9 188469564
9 907849010
9 117046219
9 464998779
9 537508796
9 100009
9 754690137
9 798033417
9 10009
9 100009
9 678545039
9 282876279
9 100009
9 100009
9 610112294
9 193198647
9 10009
9 812564679
9 100000009
9 983225908
9 100000009
9 1000009
9 100009
9 662814539
9 706178109
9 629395356
9 100000009
9 450898114
9 100009
9 100009
9 221176139
9 100009
9 757815923
9 871625409
9 220955883
9 100009
9 100009
9 100000009
9 475951409
9 739713053
9 100009
9 529115007
9 100009
9 476731719
9 100009
9 100009
9 206095027
9 100009
9 679000766
9 100009
9 100009
9 100009
9 100000009
9 100009
9 906229507
9 100000009
9 999485293
9 476754509
9 100009
9 343881649
9 538219895
9 100009
9 340509346
9 305158189
9 100009
9 708857339
9 100009
9 162758779
9 724357589
9 215300629
9 468610329
9 947271499
9 100000009
9 100000009
9 383377849
9 100009
9 803226309
9 100009
9 526826639
9 322144479
9 928148595
9 301501239
9 631767639
9 669690401
9 500372279
9 486879766
9 821127379
9 629933779
9 10009
9 100009
9 486922909
9 100009
9 969243235
9 859589856
9 100009
9 814721859
9 100009
9 833621239
9 100009
9 100009
9 320926246
9 669933966
9 751620379
9 173077269
9 543768976
9 100009
9 753273559
9 10009
9 173864459
9 100009
9 888363549
9 100009
9 197822613
9 903332677
9 100009
9 100009
9 114562819
9 806237899
9 100009
9 100000009
9 490589779
9 767904228
9 235091550
9 100000009
9 477515359
9 565522739
9 125847569
9 145748179
9 100009
9 100009
9 593409053
9 722950626
9 782271419
9 427657879
9 100009
9 100000009
9 943923819
9 100009
9 100009
9 587281349
9 527341719
9 100009
9 855991434
9 100009
9 100009
9 100009
9 100009
9 100009
9 139484568
9 643948543
9 100000009
9 313439622
9 100009
9 100000009
9 303569897
9 308974065
9 100000009
9 257377109
9 507952959
9 925731880
9 100009
9 100009
9 235433879
9 640608729
9 100009
9 100009
9 100009
9 916186688
9 570313709
9 843498482
9 712432379
9 933403759
9 145498780
9 100009
9 100009
9 100009
9 696107413
9 307839245
9 946535217
9 100000009
9 100009
9 698865010
9 100009
9 100009
9 100009
9 641970447
9 882376259
9 10009
9 100009
9 525619158
9 893322268
9 361584992
9 801082952
9 450598248
9 588317859
9 929104660
9 619625669
9 763360219
9 503913755
9 382114689
9 100009
9 890721185
9 100009
9 100009
9 502490530
9 314712089
9 631966026
9 100000009
9 100009
9 100009
9 397158861
9 100009
9 100009
9 100009
9 717639703
9 620136696
9 100009
9 504491680
9 255664119
9 100000009
9 100009
9 100009
9 615057379
9 100009
9 100009
9 100009
9 10009
9 100009
9 214512955
9 305015594
9 161636429
9 223748289
9 617095004
9 100000009
9 495082201
9 100009
9 906441031
9 123832559
9 601539689
9 648858609
9 420497283
9 505933760
9 194587322
9 121146479
9 481964696
9 282140139
9 100000009
9 100000009
9 100000009
9 100009
9 165581739
9 292463940
9 844038839
9 100009
9 828681619
9 100000009
9 190096049
9 100009
9 697366125
9 327503789
9 410706059
9 496729332
9 182644389
9 100000009
9 729020327
9 100009
9 100000009
9 100009
9 100000009
9 100000009
9 100009
9 100009
9 529290246
9 596249758
9 759385193
9 729072442
9 100009
9 100009
9 100009
9 758176294
9 100000009
9 100009
9 126133819
9 659833604
9 939389903
9 584128619
9 541383219
9 592998586
9 844883793
9 878737279
9 100009
9 584025719
9 100000009
9 963947309
9 100000009
9 100009
9 100009
9 100000009
9 100009
9 1000009
9 100009
9 100009
9 102427959
9 874265997
9 100009
9 1000009
9 435996971
9 100009
9 100009
9 100009
9 100009
9 115326049
9 795753871
9 424168819
9 829135097
9 100000009
9 118818009
9 1000009
9 153741259
9 100000009
9 100009
9 285496743
9 100009
9 100009
9 100009
9 111167369
9 273599244
9 10009
9 397001835
9 100009
9 581310719
9 100009
9 561602932
9 445305479
9 339228727
9 862983072
9 287629413
9 693810356
9 553841129
9 121674609
9 100000009
9 910505858
9 527396037
9 1000009
9 710587397
9 321427769
9 745070309
9 749719819
9 100009
9 100000009
9 100009
9 100000009
9 100000009
9 512955019
9 100000009
9 375964476
9 494352652
9 32661849
9 100009
9 698201798
9 100000009
9 100000009
9 707082935
9 10009
9 143341690
9 350465619
9 100009
9 854863279
9 847328479
9 347889635
9 100009
9 730288409
9 504573459
9 359262935
9 100009
9 601025379
9 100009
9 740286119
9 100009
9 100000009
9 980305011
9 100009
9 133520996
9 980880629
9 625237239
9 10009
9 335180749
9 100009
9 100009
9 547288029
9 644829167
9 115178269
9 100009
9 725247119
9 209048930
9 834247109
9 239256700
9 805957756
9 553956926
9 493015070
9 100009
9 898570594
9 364757900
9 100000009
9 959942201
9 310146039
9 1000009
9 280806729
9 100009
9 536084779
9 558624729
9 100009
9 741417529
9 608625309
9 770101994
9 485933027
9 478164769
9 100009
9 635742729
9 904990433
9 655500690
9 100009
9 497848900
9 508144709
9 124020039
9 545318229
9 127556069
9 552368492
9 100009
9 100009
9 100009
9 100009
9 100000009
9 334512379
9 590267068
9 725507379
9 100009
9 100009
9 117245029
9 469598998
9 913979056
9 824766958
9 100009
9 620216749
9 100000009
9 440787859
9 100009
9 330790216
9 638109862
9 100009
9 574999902
9 100009
9 890072968
9 100000009
9 100000009
9 379023678
9 100009
9 993525965
9 326967042
9 968881689
9 100000009
9 617087905
9 351683259
9 431024779
9 152668904
9 100009
9 100009
9 100009
9 118110179
9 570708429
9 100009
9 100009
9 100000009
9 100000009
9 100009
9 100009
9 100009
9 270116489
9 782889873
9 100009
9 484664639
9 583039917
9 407591032
9 10009
9 100009
9 466636009
9 552427439
9 924637024
9 402104749
9 100009
9 419149411
9 100000009
9 996433252
9 896939428
9 353632629
9 100009
9 100009
9 100009
9 100009
9 519112778
9 901452968
9 497123260
9 620221459
9 100000009
9 100009
9 384035469
9 404852907
9 757825879
9 100009
9 100009
9 283061109
9 770531159
9 132675169
9 123037529
9 750714049
9 100009
9 516109509
9 100009
9 180656719
9 1000009
9 290342979
9 114603809
9 100009
9 901230369
9 100000009
9 100000009
9 689330565
9 928013328
9 409880058
9 100000009
9 790011067
9 100000009
9 899247902
9 882554539
9 100009
9 100000009
9 364328079
9 793619656
9 100000009
9 828118549
9 847306609
9 100009
9 832467897
9 100009
9 150333479
9 338407129
9 803097668
9 100009
9 839053219
9 313231419
9 100000009
9 100000009
9 410016289
9 100000009
9 100009
9 100009
9 100000009
9 250181709
9 709677308
9 100009
9 100009
9 100009
9 842153937
9 100000009
9 518130494
9 100000009
9 486854149
9 759573513
9 423068928
9 730387769
9 100000009
9 100000009
9 341663379
9 44936560
9 100000009
9 283106195
9 775358905
9 481603559
9 100000009
9 458640809
9 329580638
9 100009
9 100009
9 229203118
9 352058439
9 100009
9 885135349
9 344927525
9 718522109
9 330914759
9 254292755
9 230799806
9 100009
9 703377889
9 326846549
9 289939210
9 492010048
9 100009
9 278432049
9 100009
9 10009
9 100009
9 100000009
9 100000009
9 100000009
9 438207849
9 619765227
9 394744444
9 951985561
9 100009
9 147407439
9 100009
9 194616451
9 436117659
9 100000009
9 143390948
9 100000009
9 100009
9 100009
9 199026424
9 754630089
9 763110469
9 855388219
9 100009
9 100009
9 670569305
9 576572489
9 454025779
9 252611339
9 923899760
9 100000009
9 280744709
9 909445708
9 397885057
9 379377540
9 368295538
9 589502111
9 100009
9 444963241
9 875568369
9 523535129
9 740951096
9 100009
9 183970929
9 782422729
9 100009
9 461847969
9 922617701
9 100000009
9 100009
9 100009
9 477293336
9 620980606
9 644451189
9 100009
9 267989293
9 971551177
9 191580578
9 659321801
9 591438895
9 100009
9 219057536
9 823852729
9 1009
9 900482999
9 100000009
9 625905926
9 100000009
9 247015179
9 987947275
9 100009
9 319623223
9 100000009
9 100009
9 746900659
9 118516439
9 158941349
9 219871510
9 100009
9 498509822
9 100000009
9 649509688
9 782616499
9 917605598
9 461130029
9 940103266
9 100000009
9 342949581
9 570448749
9 100009
9 397689915
9 251535039
9 681334559
9 100009
9 608374829
9 100009
9 623300349
9 774317089
9 535441809
9 785223906
9 100009
9 229494280
9 107535379
9 115715594
9 461094103
9 244250069
9 839309300
9 100009
9 359460811
9 100009
9 100009
9 635502559
9 100000009
9 100000009
9 433035679
9 227393404
9 710790742
9 362655945
9 632514769
9 100000009
9 850212009
9 195113552
9 703087029
9 480471419
9 100000009
9 123443359
9 496552314
9 227328189
9 100009
9 763669252
9 100009
9 100009
9 580919531
9 100009
9 561956560
9 911090065
9 100009
9 688272954
9 659213338
9 100009
9 1009
9 374112519
9 517570029
9 360441059
9 172249429
9 935733129
9 535622459
9 100009
9 525063569
9 809752443
9 100009
9 188184092
9 685721921
9 780417459
9 719070879
9 855627991
9 100000009
9 100009
9 944975143
9 160197098
9 100009
9 701079677
9 501458409
9 255286589
9 100009
9 10009
9 100009
9 942345426
9 532286978
9 100000009
9 100000009
9 953812611
9 100009
9 240347749
9 100000009
9 100009
9 675509267
9 100009
9 272075942
9 100009
9 100000009
9 472744790
9 705777769
9 100000009
9 992502439
9 417722409
9 700333639
9 100009
9 125233359
9 165526593
9 645822769
9 100009
9 100000009
9 100009
9 533621329
9 100009
9 100009
9 923872986
9 100000009
9 100009
9 100009
9 638097345
9 775817239
9 774217967
9 100009
9 359829975
9 240728669
9 599555172
9 100009
9 100009
9 443334279
9 139973985
9 135728934
9 100009
9 224815549
9 636908303
9 100009
9 100009
9 100009
9 100009
9 109749595
9 101796381
9 731003943
9 598489806
9 845851009
9 752117149
9 621854589
9 514225925
9 756206229
9 560282679
9 100009
9 100009
9 100009
9 482142948
9 100000009
9 100009
9 100000009
9 100000009
9 100009
9 100009
9 100009
9 754021094
9 100009
9 784555559
9 100000009
9 917204437
9 893981537
9 501943730
9 125409347
9 811656597
9 100009
9 100009
9 891710312
9 100009
9 983508079
9 846781819
9 699695263
9 679996340
9 187435889
9 100009
9 100009
9 585723809
9 805218492
9 263765559
9 100000009
9 966499282
9 796016212
9 494052273
9 100009
9 100009
9 100000009
9 100009
9 100000009
9 288682490
9 812298685
9 588911675
9 100000009
9 100009
9 325884549
9 259351491
9 929899591
9 185074819
9 344504693
9 645220439
9 100009
9 100009
9 100009
9 100009
9 254045179
9 10009
9 100009
9 504030983
9 984169683
9 841052509
9 994787461
9 449613223
9 100000009
9 100009
9 10009
9 100009
9 100000009
9 600194591
9 100009
9 321741259
9 666652896
9 170713729
9 339882722
9 100000009
9 100009
9 121955964
9 100009
9 998004894
9 965128000
9 688819571
9 100009
9 764316219
9 769207454
9 527343955
9 100000009
9 904643120
9 100000009
9 155245879
9 10009
9 100009
9 100009
9 976887319
9 828507379
9 573370129
9 100009
9 100009
9 176769222
9 564383519
9 967900907
9 870928813
9 175558019
9 466678379
9 680729081
9 257313789
9 253060469
9 400707789
9 100009
9 955832472
9 274314539
9 100009
9 680444953
9 489449887
9 100000009
9 520614579
9 100009
9 100000009
9 100000009
9 100009
9 811081819
9 100009
9 588348942
9 100009
9 668607609
9 240201839
9 100000009
9 100000009
9 271840349
9 971643104
9 598093301
9 100009
9 100000009
9 100009
9 159996695
9 816730649
9 100009
9 422315629
9 871832942
9 985727956
9 119844453
9 100009
9 100009
9 185552819
9 100009
9 100009
9 390982366
9 100000009
9 525044917
9 895097428
9 243903113
9 100009
9 100000009
9 10009
9 100009
9 100000009
9 100000009
9 100009
9 119042222
9 394752007
9 100000009
9 100000009
9 100009
9 100009
9 1000009
9 100000009
9 100000009
9 361697720
9 100009
9 100009
9 827814449
9 376797567
9 202701539
9 503781359
9 537908974
9 100009
9 100009
9 100009
9 100009
9 240893828
9 343849547
9 100009
9 100009
9 313327829
9 100009
9 345288569
9 100000009
9 100009
9 742896888
9 100009
9 100009
9 100000009
9 100009
9 100000009
9 493591131
9 192757940
9 100009
9 835779210
9 100009
9 279533766
9 246996562
9 263568119
9 788032697
9 705182679
9 659561998
9 548677169
9 100009
9 100009
9 100009
9 520711009
9 100000009
9 637592902
9 891413004
9 100009
9 889818445
9 100009
9 585349542
9 100009
9 100009
9 100009
9 468279422
9 100009
9 870474429
9 100009
9 100009
9 735540891
9 297393392
9 109712092
9 100009
9 100009
9 1000009
9 100000009
9 493503104
9 100009
9 460725913
9 444252279
9 161139742
9 100009
9 620142349
9 830461029
9 10009
9 505517219
9 875758809
9 291497812
9 616655629
9 100009
9 100000009
9 100000009
9 100009
9 281292978
9 593517034
9 100000009
9 258316749
9 18452559
9 508907221
9 251579049
9 841438629
9 856343749
9 100000009
9 922597810
9 348965064
9 761906032
9 587392298
9 368633709
9 984972760
9 270745019
9 277629798
9 552727219
9 100000009
9 943193963
9 914819554
9 717636950
9 100009
9 100009
9 100000009
9 154795559
9 612438429
9 100009
9 282564791
9 100009
9 895169957
9 270968888
9 275376935
9 556507249
9 921780954
9 100009
9 100009
9 271005469
9 129788143
9 100009
9 100009
9 381710739
9 100000009
9 393840485
9 432710709
9 613525859
9 614266639
9 717146109
9 100009
9 100009
9 447843191
9 444798734
9 623752669
9 609110043
9 100009
9 100009
9 100000009
9 795010614
9 486794123
9 905561207
9 100000009
9 530941479
9 100009
9 100000009
9 282935762
9 100009
9 591776362
9 368828819
9 786677509
9 748740489
9 140306719
9 100000009
9 100000009
9 100009
9 100000009
9 189750397
9 412413629
9 938613920
9 797916399
9 10009
9 100009
9 440674739
9 100000009
9 587593530
9 100009
9 100009
9 749192009
9 100009
9 100000009
9 394629172
9 689811117
9 815278992
9 275433159
9 449713700
9 978317396
9 989793984
9 100009
9 281614339
9 672611189
9 100000009
9 962758672
9 100009
9 744946244
9 888466089
9 163319068
9 100009
9 100009
9 932549834
9 475611319
9 100009
9 587149457
9 872631509
9 466046339
9 100009
9 100009
9 100009
9 100009
9 100009
9 100000009
9 341455901
9 100009
9 301573039
9 100000009
9 100009
9 100009
9 100009
9 100009
9 100009
9 308252209
9 156013539
9 984028023
9 303605149
9 100000009
9 1000009
9 100009
9 841205597
9 100009
9 832590088
9 876705529
9 100009
9 100009
9 100000009
9 128176994
9 720385409
9 226788956
9 890781310
9 649596204
9 465475479
9 100000009
9 100009
9 100009
9 225378079
9 794112382
9 100009
9 100009
9 100009
9 109940884
9 883500694
9 580416379
9 138286359
9 100009
9 100000009
9 100009
9 529028552
9 100000009
9 617813129
9 630517956
9 671606339
9 177579000
9 100009
9 100009
9 270979270
9 100009
9 191175737
9 100000009
9 987880898
9 291118431
9 10009
9 683691480
9 996406944
9 979332941
9 100000009
9 332827179
9 100009
9 100009
9 100009
9 140862129
9 100000009
9 100009
9 10009
9 100009
9 100009
9 100009
9 100009
9 641513449
9 491623139
9 858755189
9 100000009
9 10009
9 766396397
9 108125359
9 100000009
9 571332779
9 396797075
9 100009
9 100009
9 371696685
9 100000009
9 826732269
9 100009
9 100009
9 100000009
9 100009
9 412907168
9 475574891
9 886825319
9 240916255
9 100009
9 100009
9 100000009
9 229262124
9 727390438
9 100009
9 504968623
9 100009
9 315280359
9 571672259
9 168992506
9 100009
9 100009
9 612299604
9 100009
9 100000009
9 600979242
9 266498173
9 100000009
9 223495927
9 349010527
9 772994317
9 284152389
9 397032061
9 268079894
9 524404189
9 100009
9 273317292
9 100009
9 100000009
9 100009
9 756200569
9 100009
9 889878287
9 453580459
9 492227192
9 869889826
9 637977798
9 100000009
9 258755779
9 796968387
9 208825769
9 980087622
9 100009
9 100009
9 272658119
9 10009
9 949937220
9 780407039
9 512319804
9 100009
9 676396901
9 986695459
9 965375256
9 548993598
9 678729196
9 100009
9 685331609
9 100000009
9 100000009
9 100009
9 100009
9 100009
9 297432050
9 100000009
9 448845529
9 100009
9 870917927
9 100009
9 734701129
9 100009
9 787049656
9 909794239
9 581330809
9 437188619
9 702944862
9 100009
9 272157509
9 100009
9 437339715
9 100009
9 593890167
9 779930026
9 100009
9 10009
9 598281718
9 346219556
9 100009
9 387055209
9 613499406
9 100009
9 648238139
9 140353589
9 100009
9 445505659
9 100000009
9 100009
9 267185966
9 100009
9 100009
9 122003449
9 100009
9 984460961
9 729283829
9 100009
9 477994676
9 650102829
9 434024934
9 811070829
9 701302149
9 888768429
9 100009
9 733854139
9 100009
9 151811879
9 781294792
9 414817329
9 254084596
9 100009
9 975584139
9 506143419
9 607615986
9 100009
9 987876451
9 994267376
9 810208119
9 931704864
9 100000009
9 448820489
9 100009
9 100009
9 100009
9 775512509
9 100000009
9 589083170
9 100009
9 508885439
9 448589166
9 976850578
9 100000009
9 622485169
9 1009
9 100009
9 100009
9 10009
9 100009
9 354618529
9 988367507
9 100009
9 776585091
9 944279376
9 100009
9 543415952
9 130686759
9 168469916
9 100009
9 990252571
9 962872883
9 418795701
9 234718469
9 290487514
9 100009
9 819999302
9 984946372
9 410439884
9 257188559
9 899067837
9 100009
9 162472309
9 100009
9 511896600
9 100000009
9 100009
9 100000009
9 149325371
9 532452749
9 795849770
9 271781917
9 155208429
9 214505892
9 100009
9 470039347
9 729784931
9 279499496
9 468608329
9 193927244
9 860526594
9 189192907
9 728467839
9 1000009
9 557997968
9 308753594
9 100009
9 100009
9 101519436
9 967666874
9 432593601
9 100000009
9 100000009
9 100000009
9 435327359
9 916879266
9 100009
9 510238419
9 897058116
9 571494927
9 363960297
9 281627900
9 116861109
9 100009
9 919915860
9 784472059
9 100000009
9 207942668
9 602443659
9 10009
9 100009
9 987888283
9 766683019
9 100009
9 100009
9 898020818
9 944957856
9 100009
9 100009
9 539813176
9 100009
9 100009
9 603347913
9 787856459
9 100009
9 953656390
9 189825583
9 100000009
9 414677953
9 510395870
9 293670202
9 467461609
9 990890942
9 180257179
9 639548868
9 100009
9 101501769
9 100009
9 100009
9 425052819
9 100000009
9 100009
9 822687943
9 711388609
9 872794401
9 496147207
9 100009
9 10009
9 100000009
9 100009
9 100000009
9 391608828
9 855535429
9 100009
9 621928718
9 100009
9 100000009
9 304637639
9 131913101
9 100009
9 770634649
9 100009
9 100009
9 100009
9 100000009
9 100009
9 676480149
9 100000009
9 100000009
9 577690186
9 100009
9 100009
9 100000009
9 100000009
9 100000009
9 652976046
9 232144409
9 137493432
9 100000009
9 374799142
9 928466697
9 323176977
9 100009
9 762225739
9 100009
9 499865245
9 977782608
9 100009
9 100009
9 357410789
9 100009
9 100009
9 100000009
9 100009
9 973102883
9 100009
9 664926933
9 407306159
9 10009
9 100009
9 677269604
9 140876089
9 100009
9 380780239
9 100009
9 100000009
9 100000009
9 100009
9 100000009
9 134294393
9 100000009
9 794566700
9 282926259
9 100009
9 100009
9 136168439
9 100009
9 617926004
9 222141689
9 166913400
9 870711179
9 275552519
9 534855749
9 252012409
9 816542269
9 100009
9 865645895
9 204530229
9 100000009
9 943674860
9 992816364
9 680321972
9 738877924
9 933339574
9 154670049
9 558158469
9 358455309
9 100009
9 100000009
9 100009
9 100009
9 938810833
9 623314496
9 100009
9 100009
9 1009
9 100009
9 100009
9 100009
9 350076629
9 891586311
9 980805993
9 100009
9 100000009
9 719581566
9 736306509
9 874430669
9 100009
9 100009
9 100000009
9 100009
9 100009
9 100000009
9 604818629
9 100009
9 100009
9 100009
9 100000009
9 802353879
9 100000009
9 200778379
9 100000009
9 100009
9 100009
9 560065579
9 686831593
9 678071916
9 100009
9 191114809
9 512775479
9 664185849
9 613646970
9 100000009
9 212571739
9 195829848
9 914871555
9 100009
9 423946031
9 539195856
9 100000009
9 913052634
9 100000009
9 100000009
9 675391323
9 968317986
9 100000009
9 100000009
9 100009
9 197834770
9 669627014
9 100000009
9 203660849
9 201753469
9 10009
9 618658269
9 100009
9 652483739
9 100009
9 100009
9 999326408
9 10009
9 294287955
9 357229352
9 100000009
9 877935483
9 993895351
9 549257483
9 100009
9 993981696
9 100000009
9 254141289
9 995293880
9 242499764
9 100009
9 682194442
9 650099423
9 955395119
9 100009
9 388551419
9 274433129
9 628075798
9 100009
9 993307763
9 905951398
9 100000009
9 100009
9 796792614
9 281958011
9 100000009
9 100000009
9 188040941
9 100000009
9 849651976
9 100009
9 743937157
9 848359543
9 100000009
9 419778826
9 1000009
9 935380129
9 468404229
9 100000009
9 517260922
9 714229226
9 276536293
9 100009
9 100000009
9 917945715
9 100009
9 923845223
9 226397450
9 859519626
9 977775178
9 791269643
9 262674169
9 100009
9 100009
9 100009
9 581057239
9 624128789
9 836784829
9 100009
9 100009
9 506375829
9 100009
9 100009
9 334396614
9 159081495
9 787301639
9 733870729
9 829416884
9 100009
9 655883609
9 100009
9 103134439
9 100009
9 100000009
9 171766189
9 814148889
9 100000009
9 553375948
9 10009
9 701144669
9 100009
9 285451409
9 560843269
9 100009
9 157473889
9 131190371
9 100009
9 100009
9 100009
9 100009
9 100000009
9 100000009
9 100009
9 560042039
9 100000009
9 100000009
9 779410157
9 100000009
9 100009
9 357331459
9 100009
9 100000009
9 315899551
9 100009
9 879473244
9 100009
9 100009
9 498369376
9 100009
9 902584618
9 971331334
9 552169595
9 819871345
9 150666294
9 100009
9 100000009
9 323819753
9 920503614
9 993586729
9 690748167
9 616549603
9 100000009
9 10009
9 346103911
9 277905724
9 355106396
9 178138279
9 298320831
9 100000009
9 100009
9 346340969
9 342568459
9 958260693
9 523153149
9 698263617
9 883095309
9 100009
9 517202249
9 162790723
9 100009
9 418417699
9 100009
9 100009
9 361714819
9 10009
9 100000009
9 168191116
9 952849445
9 275226096
9 100009
9 745032913
9 192599005
9 1000009
9 100000009
9 100009
9 688242309
9 613583159
9 499433151
9 264161629
9 100009
9 1000009
9 100009
9 100000009
9 100009
9 918344534
9 100009
9 439928768
9 172441492
9 374073649
9 100009
9 100000009
9 847026889
9 967486891
9 243306489
9 100009
9 480775679
9 918428025
9 357959987
9 214466309
9 100000009
9 103678497
9 789694796
9 983238993
9 100009
9 100009
9 850215279
9 100009
9 100000009
9 236857019
9 100009
9 100000009
9 892740551
9 577655839
9 984585535
9 867252918
9 100009
9 518876619
9 685319518
9 682287719
9 176688109
9 477839621
9 690303826
9 100009
9 100009
9 367848669
9 100000009
9 559498619
9 100009
9 892581659
9 408508159
9 697216384
9 100009
9 144540049
9 100000009
9 100009
9 100009
9 363564559
9 100009
9 841735169
9 961370104
9 829691547
9 100000009
9 704688819
9 100009
9 100000009
9 252997684
9 957251792
9 10009
9 861458219
9 936500172
9 527498500
9 217829742
9 1009
9 667420459
9 311889504
9 675808896
9 100000009
9 100009
9 100009
9 301334409
9 683554329
9 100009
9 830859669
9 990409193
9 100009
9 893440541
9 10009
9 10009
9 100009
9 100000009
9 100009
9 520976219
9 727223789
9 698771216
9 100009
9 204075093
9 100009
9 100000009
9 981718974
9 100000009
9 977572006
9 100009
9 100009
9 748364952
9 273326849
9 654845869
9 10009
9 206583129
9 100000009
9 786615719
9 225466915
9 100000009
9 723385829
9 347700719
9 555255779
9 100009
9 100000009
9 235168589
9 728924282
9 100009
9 390312075
9 100000009
9 470040069
9 345508369
9 100009
9 872059784
9 10009
9 237646869
9 100009
9 100000009
9 996581993
9 100009
9 264179480
9 423227349
9 100009
9 979173294
9 100000009
9 678846539
9 100009
9 123121589
9 1000009
9 372586039
9 701389798
9 100009
9 100009
9 100009
9 291859761
9 100000009
9 481830379
9 100000009
9 994815041
9 769237025
9 332156179
9 618348269
9 773002809
9 487571389
9 382978541
9 100009
9 100009
9 100000009
9 100000009
9 100009
9 971703250
9 100009
9 987265361
9 801531749
9 100009
9 100000009
9 114138985
9 333174209
9 100009
9 100000009
9 659145255
9 768244239
9 100009
9 100000009
9 806282559
9 871940452
9 246842309
9 781834329
9 399587344
9 100009
9 660652149
9 100000009
9 756363539
9 100000009
9 432897064
9 127076119
9 379837658
9 468737911
9 100009
9 236343619
9 707211329
9 333336693
9 415268489
9 523871269
9 133663279
9 855329810
9 795136551
9 985076920
9 958011451
9 100000009
9 100009
9 714053159
9 761637229
9 100009
9 228767439
9 741168249
9 100009
9 320299862
9 560104359
9 100009
9 100000009
9 122359534
9 866678039
9 10009
9 888048469
9 100009
9 548094805
9 900106296
9 100000009
9 100000009
9 963846371
9 659001891
9 424667609
9 305300559
9 999905707
9 996160877
9 100009
9 907771516
9 660260379
9 600141769
9 100000009
9 380409884
9 730806963
9 100000009
9 506110469
9 600056759
9 100009
9 100000009
9 884196587
9 478947882
9 906467078
9 100009
9 100009
9 693466075
9 298725288
9 100000009
9 202388169
9 383922676
9 603232379
9 878505469
9 958905894
9 100009
9 100009
9 100009
9 261381739
9 100000009
9 590526936
9 100000009
9 140118179
9 100000009
9 287239945
9 782412169
9 524902406
9 491106942
9 100000009
9 100009
9 100009
9 967958954
9 100009
9 599090432
9 100009
9 100009
9 288118908
9 578779337
9 979499879
9 100009
9 572538395
9 915989641
9 180046889
9 100000009
9 100000009
9 100009
9 100009
9 554429897
9 712765239
9 100009
9 173047934
9 100009
9 728277509
9 100000009
9 514697918
9 100000009
9 100009
9 751475292
9 722347930
9 633425169
9 100000009
9 731941625
9 100009
9 214423159
9 100009
9 924955223
9 851790133
9 248690780
9 100009
9 132826539
9 433328049
9 100000009
9 100009
9 100009
9 638742209
9 965821909
9 720271529
9 696402234
9 644412749
9 100000009
9 287210169
9 543910836
9 100000009
9 100009
9 604576769
9 415576959
9 100464519
9 450770916
9 100009
9 100009
9 390275756
9 329063455
9 543597518
9 467410889
9 100009
9 100009
9 434492787
9 100009
9 100009
9 100000009
9 363143509
9 100000009
9 100009
9 228736129
9 445000579
9 100009
9 281585369
9 100009
9 147457639
9 100009
9 100009
9 100000009
9 100000009
9 10009
9 166082329
9 246673419
9 100009
9 773070579
9 693664660
9 231899508
9 259101936
9 100009
9 119355096
9 486412619
9 100009
9 10009
9 100009
9 270638981
9 100000009
9 720482819
9 10009
9 544499753
9 100000009
9 841319262
9 855767389
9 100009
9 490530098
9 409167656
9 100009
9 100009
9 305253789
9 535342859
9 122075459
9 342074946
9 296583380
9 655164119
9 682971813
9 846441819
9 100009
9 100000009
9 583424967
9 899032584
9 183959839
9 100009
9 100009
9 168538779
9 737334019
9 649245627
9 344370149
9 336659606
9 384342948
9 328546976
9 100009
9 495860448
9 664182729
9 202844829
9 653943422
9 991497588
9 457839605
9 961885604
9 100009
9 353582947
9 801773649
9 720104709
9 100000009
9 696366417
9 569643111
9 239049357
9 100009
9 244752849
9 841499519
9 669843096
9 521974728
9 1000009
9 703169143
9 631780539
9 100009
9 100009
9 375412629
9 954354687
9 447341079
9 200406209
9 10009
9 421161789
9 100009
9 100009
9 100009
9 1000009
9 100009
9 1000009
9 100000009
9 953037913
9 10009
9 939006112
9 100009
9 338825509
9 478783988
9 10009
9 297966443
9 775043259
9 100009
9 100000009
9 940437481
9 301461869
9 872083797
9 415176869
9 973704859
9 100009
9 100009
9 100009
9 168615009
9 610109670
9 859753286
9 100000009
9 638000593
9 100009
9 597106397
9 781365209
9 100009
9 707595582
9 100009
9 100009
9 614125429
9 10009
9 100000009
9 100009
9 467413259
9 100000009
9 495312862
9 722576924
9 498394525
9 100000009
9 408926132
9 969184680
9 100009
9 810358429
9 237558489
9 676420509
9 100009
9 100009
9 991345314
9 100000009
9 100000009
9 100009
9 100009
9 100009
9 493098588
9 100009
9 574714129
9 10000009
9 458275189
9 100009
9 100000009
9 534738589
9 857085914
9 100009
9 792522718
9 100000009
9 922160701
9 100000009
9 887213539
9 100009
9 929044958
9 100009
9 501568449
9 634294839
9 330146869
9 100009
9 323079478
9 100009
9 100009
9 387598258
9 100000009
9 713516904
9 100009
9 669248579
9 100000009
9 505361469
9 100009
9 100009
9 213417393
9 669176994
9 413355189
9 100009
9 727584489
9 100009
9 921598914
9 419663172
9 672738489
9 964324220
9 418971235
9 214238239
9 342710459
9 499293567
9 605222819
9 756442139
9 141476797
9 211385392
9 100009
9 275723019
9 651114109
9 100009
9 100009
9 426981252
9 401602459
9 10009
9 100000009
9 100009
9 191886296
9 10009
9 100009
9 639092667
9 244167739
9 100009
9 662570359
9 100009
9 119659580
9 958442993
9 100009
9 127342179
9 954351365
9 100000009
9 100009
9 332828809
9 100000009
9 607070049
9 100009
9 724195829
9 528417409
9 350561679
9 270654329
9 998764046
9 100009
9 888757309
9 311871749
9 100009
9 100000009
9 100009
9 100009
9 100009
9 632253809
9 232972160
9 694153302
9 100009
9 630780059
9 169707758
9 254864957
9 100000009
9 10009
9 257864899
9 100000009
9 640745029
9 466427969
9 703539425
9 100009
9 100009
9 602425829
9 530358839
9 432472669
9 612434439
9 100000009
9 793834096
9 614824339
9 131057596
9 291253255
9 100000009
9 676649912
9 219850996
9 100009
9 812705779
9 534979688
9 100009
9 876610439
9 100009
9 100009
9 684621629
9 840195664
9 554469291
9 100009
9 138795436
9 100009
9 349309732
9 100009
9 100009
9 100009
9 100009
9 435560249
9 652059335
9 812299492
9 575464889
9 100009
9 100009
9 555164139
9 204404439
9 453902762
9 703403809
9 100009
9 796972814
9 134434294
9 413205349
9 922380344
9 100009
9 100009
9 604375079
9 120773097
9 10009
9 100000009
9 659052968
9 602138649
9 863680195
9 100009
9 762442179
9 100000009
9 100009
9 100009
9 870227790
9 190336112
9 100009
9 843911788
9 693444112
9 857475809
9 100000009
9 548054719
9 100009
9 100009
9 449123114
9 342041969
9 268053339
9 295748875
9 659846983
9 602164639
9 100000009
9 100009
9 186241198
9 387790746
9 919488266
9 827335589
9 941398074
9 100009
9 100000009
9 710632589
9 984044571
9 835868529
9 980469189
9 460462259
9 100009
9 100009
9 604567289
9 100000009
9 588742079
9 100000009
9 625418319
9 767242129
9 439697615
9 792479794
9 100009
9 1000009
9 100009
9 307782098
9 269142598
9 696604933
9 704352869
9 548355019
9 210751549
9 484788291
9 100000009
9 197150112
9 818581119
9 390101585
9 100009
9 750183946
9 423972019
9 133373859
9 890698041
9 123472924
9 966622568
9 126397183
9 100000009
9 261330019
9 100000009
9 100009
9 568331698
9 10009
9 100009
9 337966842
9 968767171
9 502615932
9 100009
9 397803802
9 10009
9 100009
9 100009
9 100009
9 276473967
9 100000009
9 847548679
9 282146977
9 917089880
9 426242609
9 100000009
9 364835589
9 477903544
9 465327891
9 100000009
9 604564459
9 100009
9 791896850
9 895735006
9 100009
9 100009
9 100009
9 297007633
9 100009
9 612779123
9 949494317
9 986867589
9 146536977
9 776632983
9 100000009
9 513060889
9 632351829
9 339341672
9 122500079
9 100009
9 704513109
9 413735059
9 679991608
9 100009
9 100009
9 444419995
9 100000009
9 100000009
9 10009
9 100009
9 100000009
9 100009
9 475896517
9 100000009
9 100009
9 100009
9 100009
9 872100692
9 566919017
9 599191525
9 663877249
9 484497090
9 843975926
9 940149781
9 327624379
9 100009
9 100000009
9 973012040
9 127069319
9 121362959
9 100009
9 761580459
9 183032459
9 100009
9 318897418
9 100009
9 100009
9 10000009
9 100009
9 947656072
9 147520119
9 100009
9 100009
9 100009
9 664625914
9 206015609
9 100009
9 671574749
9 383903955
9 953606561
9 100009
9 792253439
9 10009
9 403942700
9 100009
9 100009
9 110789789
9 286209562
9 935782132
9 440289011
9 100009
9 903771791
9 405265759
9 144009033
9 707430609
9 100000009
9 638100039
9 10009
9 278270119
9 522792158
9 662884229
9 441925630
9 499890503
9 225355589
9 100009
9 373081809
9 100000009
9 100009
9 656239435
9 100009
9 169928904
9 100009
9 855526997
9 926326025
9 283538379
9 454450229
9 100009
9 808580179
9 428120209
9 100000009
9 167420339
9 10009
9 100000009
9 965956683
9 100000009
9 450249919
9 214122944
9 818395936
9 731916311
9 389585523
9 789157288
9 100009
9 755622719
9 100009
9 382271983
9 576453249
9 100000009
9 426388719
9 143579383
9 160012289
9 100009
9 704943108
9 144351409
9 100009
9 100000009
9 461869477
9 100009
9 100009
9 100009
9 100009
9 120254379
9 386384819
9 320736379
9 569162964
9 464215559
9 861674597
9 100009
9 946424531
9 100000009
9 100009
9 100000009
9 100009
9 100009
9 100009
9 100009
9 532625639
9 100000009
9 209953109
9 100009
9 829378280
9 100000009
9 100009
9 938807048
9 530523849
9 234403089
9 10009
9 677692745
9 940931195
9 100009
9 503147973
9 100009
9 507310097
9 100009
9 235391309
9 369723687
9 100000009
9 1000009
9 999972169
9 578082719
9 493844231
9 10009
9 100009
9 788393245
9 100009
9 100009
9 100009
9 100009
9 273127796
9 772917885
9 829288685
9 190548211
9 100009
9 100000009
9 677768579
9 10009
9 609955055
9 950649450
9 100009
9 613232749
9 100009
9 793695499
9 544913916
9 712882809
9 100009
9 945762941
9 467963307
9 399052614
9 100009
9 498088697
9 923794365
9 966663333
9 928041366
9 100009
9 100009
9 100000009
9 100009
9 653289768
9 511695732
9 100000009
9 280271019
9 100009
9 100009
9 100000009
9 271613129
9 100009
9 323486039
9 510448940
9 100009
9 989270429
9 100009
9 100009
9 279764563
9 100009
9 512757209
9 590714265
9 159980068
9 100009
9 983855486
9 257322469
9 100009
9 558054449
9 100000009
9 10009
9 100000009
9 653019524
9 100009
9 100009
9 100009
9 100000009
9 100009
9 100009
9 590683811
9 900617255
9 926898698
9 797171429
9 100009
9 100009
9 932898195
9 100009
9 996683114
9 100009
9 100009
9 100000009
9 100009
9 319170384
9 336180089
9 114600119
9 170017209
9 100009
9 296617484
9 100009
9 401060169
9 888515669
9 877666569
9 886202920
9 100009
9 991586960
9 167324809
9 100009
9 163314159
9 270076985
9 507798897
9 100000009
9 100000009
9 100000009
9 100009
9 417304349
9 687336193
9 100000009
9 758050914
9 511978306
9 100009
9 100009
9 790367087
9 201712691
9 100000009
9 555979451
9 286561983
9 216043929
9 566366569
9 100009
9 100009
9 101621229
9 323466809
9 100009
9 10009
9 285671091
9 581799510
9 100000009
9 349327216
9 598018597
9 259227901
9 100009
9 625479662
9 100009
9 970688093
9 100009
9 682198944
9 100009
9 100000009
9 100009
9 379153511
9 106799325
9 100000009
9 912477883
9 906441332
9 100009
9 310898686
9 488178493
9 633563290
9 863745279
9 100009
9 451726579
9 148714089
9 100009
9 710656779
9 958557039
9 128760990
9 100009
9 191578468
9 726524069
9 837661599
9 282506519
9 100009
9 100009
9 243544769
9 389726913
9 100009
9 140555049
9 212064829
9 787933193
9 280326709
9 100000009
9 192242779
9 100000009
9 804705179
9 299320210
9 417015669
9 10009
9 100009
9 857031914
9 100000009
9 100009
9 148708789
9 129035005
9 100009
9 982185321
9 524575239
9 834789056
9 935698701
9 57815879
9 100000009
9 389402816
9 100009
9 133310191
9 823278439
9 100000009
9 100009
9 595309901
9 100009
9 100000009
9 448849621
9 100009
9 100009
9 732327359
9 100000009
9 557589565
9 821009223
9 734703839
9 100009
9 350706329
9 100009
9 829251077
9 834418229
9 100000009
9 100009
9 469831364
9 100000009
9 100009
9 100009
9 474635994
9 784673279
9 391865542
9 509074715
9 378873159
9 479486406
9 100000009
9 808548997
9 582663679
9 362216938
9 100009
9 100009
9 100009
9 590780081
9 100000009
9 459301753
9 391366340
9 100009
9 100009
9 258489322
9 100009
9 100000009
9 100009
9 100000009
9 100009
9 280273239
9 880991016
9 618375859
9 563284489
9 610581699
9 100009
9 100009
9 544252409
9 100009
9 425591338
9 100000009
9 402972104
9 460552982
9 100009
9 100009
9 100009
9 100009
9 616990828
9 433627549
9 100000009
9 895103989
9 935084244
9 100000009
9 100000009
9 698332402
9 100009
9 122837419
9 100009
9 944538735
9 100009
9 100009
9 100009
9 100009
9 851347709
9 100009
9 100009
9 374155289
9 842567249
9 306485903
9 100009
9 100009
9 635563229
9 100009
9 100000009
9 601068049
9 385656729
9 100009
9 753578769
9 468093651
9 645136491
9 100009
9 183420799
9 100009
9 642717849
9 100009
9 347268509
9 443904363
9 133989984
9 234431329
9 470794935
9 100009
9 897499176
9 146801509
9 834398645
9 100009
9 571541169
9 672864209
9 100009
9 100000009
9 298801965
9 100000009
9 978880788
9 100009
9 873030619
9 967041619
9 951428122
9 550345109
9 100000009
9 535129901
9 650834294
9 100000009
9 100009
9 112994856
9 468837879
9 186144950
9 473140029
9 547870619
9 100000009
9 863849643
9 455892241
9 804968270
9 100009
9 571677809
9 100009
9 420308639
9 254436991
9 232216409
9 668122039
9 100009
9 100000009
9 100009
9 100009
9 765417839
9 100009
9 100009
9 100009
9 418330910
9 665029629
9 186759267
9 100009
9 100009
9 390385431
9 100009
9 740440469
9 100009
9 100000009
9 233492664
9 100009
9 100009
9 100000009
9 883329536
9 100009
9 922205545
9 964495240
9 100009
9 100009
9 10009
9 908363875
9 100000009
9 100009
9 878679906
9 147763679
9 100000009
9 343797955
9 100009
9 571204849
9 731847779
9 100009
9 414866589
9 100000009
9 621173459
9 148373709
9 100000009
9 720006369
9 100000009
9 100009
9 100000009
9 234219981
9 100000009
9 580983741
9 100000009
9 100009
9 235108849
9 362991470
9 655449611
9 855734259
9 100009
9 100009
9 690146468
9 574783309
9 625231189
9 815649823
9 100000009
9 302288039
9 100000009
9 876895563
9 10009
9 989744483
9 100009
9 387204269
9 100009
9 272468957
9 768830359
9 494334730
9 359218740
9 507369506
9 195587795
9 100009
9 298292907
9 100000009
9 867420749
9 100009
9 100009
9 489380263
9 100000009
9 100000009
9 100009
9 100009
9 100009
9 100009
9 336340079
9 391624149
9 368036339
9 684033639
9 278325369
9 783928701
9 653097823
9 904712859
9 884729435
9 813560619
9 573158859
9 862386029
9 399731752
9 483010789
9 101991844
9 292573557
9 10009
9 839107849
9 951386825
9 287257009
9 100000009
9 456826319
9 707478859
9 726204539
9 731651029
9 612105349
9 487528869
9 927750662
9 300122239
9 100000009
9 100000009
9 100009
9 547918353
9 130251934
9 577446459
9 239351920
9 132213932
9 829776735
9 100009
9 582887966
9 672457439
9 604082079
9 217645209
9 100009
9 100009
9 494956958
9 253677639
9 570980631
9 100009
9 663191960
9 601922285
9 339615291
9 100009
9 907184587
9 593222457
9 417958155
9 950885671
9 476271629
9 147815397
9 150748229
9 273368509
9 100000009
9 954505916
9 21838009
9 469523044
9 464336093
9 495215305
9 355112449
9 738632029
9 189691422
9 335640849
9 261536949
9 637901003
9 387549804
9 488792640
9 401938745
9 100009
9 100009
9 100009
9 337198984
9 482093340
9 100009
9 381233279
9 276011639
9 100009
9 330320149
9 708293201
9 883628739
9 999957698
9 100000009
9 926286352
9 100009
9 611575769
9 996242387
9 384779831
9 562992510
9 691859692
9 796360369
9 849297673
9 212105569
9 332365419
9 172557859
9 275023659
9 100009
9 638404639
9 333490340
9 623030859
9 514102459
9 584723931
9 100009
9 753383969
9 394557613
9 145518249
9 500064519
9 616112922
9 1000009
9 666014679
9 347869737
9 561211349
9 100000009
9 407972604
9 747153198
9 100000009
9 100000009
9 237640309
9 221080659
9 625928895
9 140929234
9 521609334
9 1000009
9 571877509
9 100009
9 251772904
9 100009
9 10009
9 100009
9 977715845
9 631225916
9 757095208
9 100009
9 100009
9 100009
9 687704907
9 100009
9 307598299
9 432694722
9 100009
9 100009
9 612849386
9 818556739
9 100000009
9 747970597
9 432234609
9 100000009
9 694302212
9 100009
9 520770369
9 100009
9 198113532
9 275862779
9 536407559
9 100009
9 100009
9 731327069
9 724432719
9 774111859
9 100009
9 760192919
9 100000009
9 864728159
9 382006409
9 465838269
9 838414229
9 100009
9 805818292
9 750902701
9 174084968
9 962655091
9 803771729
9 100009
9 100009
9 708289697
9 302903804
9 569641910
9 912253461
9 676091173
9 100009
9 922071210
9 100009
9 100000009
9 100009
9 100009
9 136015914
9 592591035
9 784557739
9 339445347
9 100009
9 100009
9 756757769
9 205861009
9 887208779
9 824132499
9 100000009
9 10009
9 856579145
9 634833989
9 289469897
9 100009
9 940626868
9 423805793
9 100000009
9 100009
9 100009
9 100009
9 635139831
9 100009
9 100000009
9 230789951
9 100000009
9 313477189
9 217859667
9 100009
9 578450219
9 10009
9 879051679
9 111071329
9 319866006
9 100009
9 933598472
9 100009
9 100000009
9 255375319
9 844358059
9 206645469
9 10009
9 100000009
9 100000009
9 100009
9 557624009
9 100009
9 100009
9 321401649
9 100000009
9 100000009
9 100009
9 769702399
9 645482892
9 645982761
9 688633509
9 100009
9 100009
9 100009
9 100000009
9 369086648
9 247137149
9 100009
9 100009
9 100009
9 224220279
9 509945264
9 261376689
9 10009
9 100000009
9 100009
9 100000009
9 523784069
9 878316569
9 778298781
9 299331900
9 302485589
9 512925850
9 103318169
9 100009
9 389419000
9 326246369
9 100009
9 154534729
9 333759295
9 100009
9 397203737
9 100009
9 232498321
9 100009
9 541683119
9 100009
9 100009
9 100009
9 145871809
9 100009
9 100009
9 228184739
9 969675313
9 704707539
9 100009
9 708447219
9 100000009
9 206626779
9 671956209
9 100009
9 658667069
9 100009
9 324330697
9 100009
9 650022759
9 601673349
9 100009
9 100000009
9 168969081
9 100000009
9 164654539
9 968553686
9 183981586
9 66820629
9 100009
9 873002792
9 313930972
9 355865699
9 100009
9 100009
9 100000009
9 312034399
9 100009
9 100009
9 100009
9 10009
9 833225449
9 792363039
9 661013069
9 100000009
9 423178439
9 451319536
9 363182719
9 100009
9 100000009
9 239977466
9 612774993
9 147963428
9 332356579
9 100009
9 100009
9 573475449
9 941292491
9 100009
9 173647709
9 138725914
9 100000009
9 100009
9 572273589
9 930134159
9 100009
9 950368963
9 100009
9 100000009
9 418882789
9 622901753
9 100009
9 100000009
9 736170639
9 100000009
9 377382958
9 942540613
9 100000009
9 734097141
9 962848799
9 100009
9 244011159
9 538621249
9 476279424
9 482428629
9 571567974
9 100000009
9 837426129
9 559611624
9 100009
9 100009
9 100009
9 1009
9 100009
9 778557039
9 899324042
9 920849532
9 177421069
9 584640879
9 199914716
9 100009
9 10009
9 774472089
9 100009
9 100009
9 564981748
9 377312296
9 100000009
9 100000009
9 100000009
9 100009
9 481879296
9 100009
9 100000009
9 297193816
9 10009
9 100000009
9 555127209
9 616362259
9 476418329
9 416313439
9 311805009
9 100000009
9 538613259
9 100009
9 100009
9 100009
9 100009
9 100000009
9 658749611
9 614009314
9 347567419
9 506602039
9 439099548
9 683921127
9 100009
9 769783783
9 576295737
9 100000009
9 781743089
9 100000009
9 453934203
9 803156529
9 100009
9 131186229
9 621652339
9 886446709
9 100009
9 815426539
9 599105844
9 100009
9 100009
9 100009
9 351510109
9 100009
9 713916505
9 100000009
9 100009
9 100009
9 334814849
9 100009
9 10000009
9 443899384
9 274199903
9 100000009
9 616075249
9 722112609
9 100009
9 175542609
9 290291005
9 100000009
9 695381187
9 830573059
9 118691861
9 333450839
9 875269954
9 100009
9 726278189
9 771915508
9 224117789
9 100009
9 1000009
9 736383933
9 973176806
9 735257941
9 250970787
9 442734549
9 283588809
9 924206672
9 738430915
9 177020968
9 100009
9 100009
9 100009
9 736756298
9 10009
9 231509154
9 10009
9 647972008
9 100009
9 1000009
9 100000009
9 100009
9 644737079
9 307259049
9 100000009
9 347521949
9 100000009
9 261675639
9 100009
9 915273021
9 100009
9 855304089
9 615732629
9 100009
9 153405589
9 163576950
9 618367189
9 100009
9 922280884
9 100000009
9 100009
9 834337979
9 306501449
9 699211111
9 100009
9 640763219
9 231011509
9 100009
9 429475238
9 100009
9 572942300
9 657918013
9 713221139
9 100009
9 572654991
9 568751129
9 100009
9 102294871
9 725298708
9 556550379
9 100009
9 100000009
9 100009
9 869667024
9 292075467
9 100009
9 100000009
9 883628669
9 423702049
9 100009
9 100009
9 100009
9 343146119
9 100000009
9 692430367
9 789773374
9 100009
9 100009
9 196078121
9 175763029
9 192245596
9 100009
9 100000009
9 794246608
9 845060391
9 100000009
9 382341479
9 100009
9 100009
9 100009
9 100009
9 100009
9 955058840
9 665860319
9 469615074
9 829019300
9 100009
9 100000009
9 100009
9 100009
9 796439366
9 100009
9 212872679
9 648378946
9 100009
9 955896415
9 782736509
9 239965200
9 375913235
9 644351469
9 100009
9 127551879
9 100009
9 100009
9 100000009
9 886620059
9 129639965
9 428150539
9 100009
9 252961602
9 100000009
9 416999570
9 100009
9 912138397
9 100000009
9 100000009
9 295942567
9 100009
9 100009
9 962228781
9 63723049
9 100009
9 192904663
9 100009
9 230164493
9 869244054
9 177094509
9 690064159
9 100009
9 56097936
9 940163538
9 976203216
9 100009
9 100009
9 588712695
9 298667349
9 100009
9 827027789
9 989910895
9 100000009
9 100000009
9 100009
9 363762952
9 185225429
9 318573539
9 785836649
9 652381289
9 100000009
9 479576801
9 865281159
9 400676379
9 100009
9 100009
9 858322779
9 978531918
9 343140690
9 944486385
9 292816700
9 334672819
9 100000009
9 100009
9 616736569
9 463444192
9 100009
9 736425981
9 746545297
9 100009
9 821077974
9 122452930
9 897198098
9 100000009
9 283837029
9 203453649
9 100009
9 100000009
9 100009
9 661600609
9 882416009
9 475907905
9 100000009
9 474851049
9 284818539
9 670232559
9 486665739
9 805608469
9 100009
9 176770849
9 373285649
9 439911195
9 1000009
9 10009
9 475825719
9 100000009
9 170594430
9 128091642
9 881432209
9 860263809
9 963013554
9 882314619
9 229706100
9 113681925
9 111358269
9 294651971
9 100000009
9 732575197
9 138723109
9 532724889
9 723645249
9 778137159
9 374119805
9 943072936
9 630036937
9 100000009
9 629186208
9 934690482
9 536380629
9 642716789
9 100009
9 207621769
9 100000009
9 10009
9 451263609
9 388567089
9 100009
9 100009
9 100009
9 197352821
9 811001869
9 270623769
9 566057129
9 10009
9 338606809
9 247123029
9 100000009
9 141546932
9 159288282
9 757128149
9 898418252
9 100009
9 582910046
9 246122289
9 405179673
9 100009
9 100009
9 988290459
9 522862309
9 633736159
9 100000009
9 800886759
9 868565759
9 201200349
9 100009
9 866340529
9 831635409
9 100009
9 842938599
9 100009
9 100009
9 488397531
9 100000009
9 100000009
9 387084429
9 100000009
9 382199363
9 100009
9 505945022
9 100009
9 322574669
9 100009
9 675081179
9 256077109
9 542338869
9 385511709
9 494708332
9 766684029
9 100009
9 100009
9 473382269
9 100009
9 276752609
9 100000009
9 100009
9 643825469
9 386408379
9 100009
9 100000009
9 556514019
9 659329738
9 104487869
9 100009
9 435649052
9 10009
9 882749131
9 805164429
9 442518019
9 917083787
9 120484689
9 116709249
9 100009
9 493111927
9 954045585
9 100009
9 100009
9 135201489
9 100000009
9 831375599
9 603226609
9 100000009
9 100000009
9 426954609
9 317600169
9 751287349
9 194552694
9 600189801
9 110961856
9 913896251
9 100009
9 540054429
9 779750905
9 629542084
9 505998630
9 100000009
9 100009
9 100000009
9 10009
9 335994872
9 471452059
9 10009
9 597360295
9 100009
9 878452926
9 665143249
9 113260139
9 100009
9 100000009
9 100009
9 100009
9 100009
9 452765219
9 100000009
9 641011719
9 646751279
9 937783646
9 100009
9 734614193
9 229101629
9 144196552
9 100009
9 125857889
9 607589836
9 100009
9 100009
9 305484589
9 324209951
9 570300069
9 833047789
9 100000009
9 100009
9 675535759
9 100000009
9 339668469
9 879956656
9 100000009
9 860819612
9 322207899
9 890594096
9 112997982
9 445374109
9 100009
9 795326145
9 598398796
9 717707279
9 171348809
9 873000129
9 226684219
9 100000009
9 138005529
9 974725153
9 100009
9 252498288
9 322608009
9 100000009
9 350376279
9 392287883
9 242211469
9 435044529
9 964507962
9 100009
9 100009
9 100009
9 310791801
9 898266106
9 100000009
9 355440849
9 578989472
9 100009
9 474577519
9 811313699
9 216447964
9 10009
9 752545769
9 316577559
9 100009
9 683982831
9 100000009
9 100009
9 100009
9 10009
9 548545549
9 803300978
9 100000009
9 100000009
9 284288934
9 100000009
9 163726269
9 100000009
9 849256242
9 694191783
9 450386549
9 100009
9 364529880
9 100000009
9 100009
9 100009
9 100000009
9 839481988
9 100000009
9 463085669
9 100009
9 588578889
9 100009
9 183533597
9 100009
9 757955355
9 692583677
9 100009
9 133568879
9 589055975
9 457958060
9 100009
9 100000009
9 100009
9 363138269
9 742533469
9 100009
9 100009
9 100009
9 924037794
9 951993570
9 100009
9 100009
9 475872269
9 993708177
9 785846419
9 100009
9 100009
9 100009
9 743494434
9 100000009
9 136229244
9 991139503
9 1000009
9 449396312
9 100000009
9 514983875
9 179902896
9 100000009
9 452828709
9 1000009
9 100009
9 100009
9 100009
9 751983193
9 100009
9 235255649
9 680729705
9 10009
9 259073404
9 531031019
9 297384766
9 584925549
9 697501914
9 578094906
9 271169053
9 100009
9 100009
9 100000009
9 398109650
9 879828988
9 171569127
9 857966330
9 363555984
9 333873659
9 100000009
9 100009
9 100009
9 513984546
9 100009
9 100009
9 774922677
9 947711431
9 100009
9 10009
9 100009
9 623378539
9 819212177
9 100009
9 100000009
9 100000009
9 815273179
9 727870109
9 389933274
9 100000009
9 508855869
9 100009
9 870913579
9 644775329
9 185273289
9 100009
9 379766479
9 305787519
9 100009
9 100009
9 100009
9 100009
9 100009
9 859825433
9 958206739
9 100009
9 10009
9 612778981
9 100009
9 655290602
9 100009
9 100009
9 582458049
9 201621190
9 724876459
9 100000009
9 10009
9 440706969
9 100009
9 100000009
9 100000009
9 809151037
9 781610059
9 412297623
9 204359758
9 100009
9 100009
9 100009
9 461986866
9 10009
9 302209021
9 411995163
9 10009
9 220591649
9 751586559
9 558223139
9 774543905
9 100000009
9 262724159
9 896871586
9 136429378
9 100009
9 100009
9 962668222
9 100009
9 100009
9 131481449
9 263539274
9 186413449
9 100009
9 457556579
9 797613648
9 937412920
9 100009
9 344182679
9 100000009
9 100000009
9 605790746
9 872296993
9 1009
9 100000009
9 100009
9 100000009
9 100009
9 253822719
9 100009
9 400142549
9 901698941
9 149477440
9 937727045
9 100000009
9 216392150
9 955497204
9 453737369
9 100009
9 584056489
9 930128747
9 620903641
9 100009
9 119568438
9 535925581
9 260836980
9 722620359
9 916813978
9 805649694
9 488903516
9 797428144
9 724484409
9 401282659
9 100009
9 759873724
9 734582079
9 100009
9 356464049
9 100000009
9 100000009
9 213530924
9 343138079
9 100009
9 10009
9 360283769
9 100000009
9 309210656
9 634300589
9 883686559
9 100009
9 100009
9 100009
9 841714369
9 808562489
9 100009
9 718020169
9 843874950
9 100000009
9 100009
9 916765561
9 100009
9 100009
9 244596902
9 100000009
9 100000009
9 447223729
9 100000009
9 659084354
9 100009
9 100009
9 231441289
9 100009
9 100009
9 589383106
9 100009
9 187120905
9 100009
9 292500220
9 100009
9 126925544
9 100009
9 100009
9 100009
9 100000009
9 278132819
9 197427983
9 100009
9 100009
9 748061069
9 750901802
9 166002917
9 518185689
9 236399804
9 100009
9 331340889
9 655291092
9 366143129
9 100000009
9 551198195
9 514023159
9 787017839
9 100009
9 100009
9 100009
9 100009
9 100009
9 100000009
9 689965054
9 100009
9 100009
9 100009
9 100009
9 100009
9 967163829
9 236687429
9 10009
9 550701429
9 100009
9 359698962
9 10009
9 603698399
9 411219167
9 100009
9 837209864
9 147702659
9 100009
9 100009
9 100009
9 100000009
9 677535469
9 273148049
9 419466903
9 948908539
9 100009
9 964448762
9 100000009
9 223345359
9 421001596
9 413333189
9 100009
9 325280349
9 100009
9 315593109
9 100009
9 234315109
9 253716489
9 191746221
9 341317789
9 100009
9 850906849
9 100009
9 996436178
9 100000009
9 157561029
9 100009
9 100009
9 734657089
9 100009
9 324722809
9 100000009
9 483240459
9 100009
9 874054291
9 282309429
9 100009
9 115897055
9 644101749
9 534052769
9 901029622
9 100000009
9 100009
9 738722579
9 100009
9 529026280
9 100009
9 650361519
9 369907117
9 100009
9 999196832
9 100009
9 838953064
9 100000009
9 339335021
9 199540720
9 100000009
9 169626224
9 354876379
9 895039627
9 888872669
9 100009
9 777506249
9 576365269
9 233151995
9 100009
9 202597583
9 267466269
9 112139527
9 429293756
9 100009
9 661655879
9 957911582
9 100009
9 834865159
9 330275129
9 498485370
9 348663209
9 100009
9 10009
9 780423049
9 100009
9 530768349
9 269995440
9 988666152
9 100000009
9 282404792
9 100000009
9 698915098
9 191091196
9 502470369
9 100009
9 100000009
9 100009
9 870274459
9 254125709
9 402224961
9 100009
9 1000009
9 498479529
9 138694250
9 201782429
9 100009
9 535716059
9 100009
9 100000009
9 396730091
9 1000009
9 100000009
9 718993554
9 100009
9 226465789
9 100009
9 103019956
9 512548990
9 401216509
9 860448689
9 100009
9 100000009
9 834204169
9 342048819
9 782643999
9 100009
9 100009
9 100009
9 100009
9 376289476
9 547371459
9 653194377
9 100519543
9 298808192
9 1000009
9 100009
9 253056941
9 100009
9 671851926
9 100000009
9 100000009
9 349544461
9 809060317
9 100009
9 100009
9 703149721
9 933224856
9 275414709
9 10009
9 526351519
9 110869927
9 412114369
9 959842306
9 100009
9 102021069
9 666904641
9 807309570
9 986545295
9 10009
9 100009
9 100000009
9 100000009
9 100009
9 615841419
9 100009
9 100009
9 822333459
9 100000009
9 100000009
9 679408214
9 100009
9 476392093
9 100009
9 813405639
9 551997393
9 393821233
9 411400349
9 206251759
9 423169751
9 100009
9 296948390
9 746360189
9 837694479
9 953547883
9 100000009
9 625339100
9 632438819
9 100009
9 100009
9 656033159
9 310701829
9 100000009
9 100000009
9 100009
9 815184239
9 318755906
9 100000009
9 100009
9 293175164
9 949340158
9 100000009
9 779861564
9 100009
9 100009
9 462636629
9 10009
9 806222579
9 100000009
9 100009
9 286823289
9 100009
9 991337626
9 847741549
9 387099502
9 134385529
9 100000009
9 100009
9 921709001
9 100009
9 100009
9 100009
9 593900391
9 407970300
9 398315034
9 100009
9 770596368
9 985108146
9 100009
9 927948987
9 10009
9 132687962
9 642014189
9 106260729
9 850075829
9 490272116
9 100000009
9 100000009
9 719685571
9 100009
9 503763349
9 647344779
9 870716229
9 965140624
9 100009
9 148513796
9 748595328
9 954225872
9 764538359
9 100009
9 100009
9 100009
9 100000009
9 100009
9 100000009
9 100009
9 100009
9 618010649
9 138235329
9 100009
9 256958953
9 619928393
9 100009
9 102200590
9 100000009
9 106038409
9 263526179
9 100009
9 475241439
9 377443159
9 621369192
9 644599985
9 100000009
9 938804812
9 900588392
9 511179029
9 100009
9 10009
9 100009
9 867749182
9 100009
9 919650453
9 306878259
9 932013854
9 712945380
9 521079494
9 343678189
9 893149035
9 398197282
9 582867389
9 611897818
9 936392638
9 100009
9 265225229
9 320871069
9 100009
9 100009
9 155264739
9 409825746
9 194946721
9 100000009
9 892488343
9 614136937
9 855453429
9 331612179
9 908013789
9 825666379
9 10009
9 100009
9 718991092
9 959665833
9 233865199
9 100009
9 100009
9 100009
9 508143229
9 100009
9 100000009
9 100009
9 270350589
9 163367739
9 533063249
9 100000009
9 747290313
9 100000009
9 100000009
9 100000009
9 186846119
9 100000009
9 419076098
9 107165769
9 469855669
9 10009
9 191576734
9 100000009
9 100009
9 431085419
9 759527864
9 221234969
9 246740329
9 319893281
9 100000009
9 596548186
9 837735392
9 105120069
9 654658791
9 509993107
9 528981151
9 10009
9 387615819
9 472043091
9 488671079
9 732222029
9 100000009
9 323450359
9 713473495
9 282568759
9 305364209
9 313521889
9 846756279
9 245397198
9 383328957
9 100009
9 666568689
9 106193617
9 100009
9 599545210
9 100009
9 100000009
9 625738689
9 100009
9 193553121
9 567509633
9 100009
9 100009
9 173783489
9 671743809
9 100009
9 569281107
9 125189600
9 10009
9 100000009
9 10009
9 133229133
9 643679772
9 100009
9 461632419
9 100009
9 100417429
9 100000009
9 100009
9 219045142
9 981326574
9 488751879
9 380034239
9 100009
9 41668829
9 379608743
9 100009
9 100009
9 100009
9 100000009
9 100009
9 155522079
9 323792950
9 100009
9 340472789
9 113762359
9 338139510
9 805213509
9 10009
9 100009
9 100009
9 164951251
9 100009
9 100009
9 100000009
9 494708370
9 861414390
9 100009
9 198502494
9 100009
9 787444109
9 751446977
9 781291009
9 100009
9 347929034
9 100009
9 573805079
9 683052669
9 100000009
9 100000009
9 103577209
9 168976057
9 423104359
9 71806359
9 100009
9 154676079
9 309203238
9 669944572
9 264054529
9 489737153
9 580935902
9 363236239
9 738679746
9 911399795
9 842145059
9 325229894
9 509014512
9 100009
9 100009
9 761359684
9 100009
9 139386189
9 329627691
9 563079876
9 100000009
9 100000009
9 429563254
9 100009
9 815628649
9 153497713
9 100009
9 100000009
9 265449557
9 100000009
9 846797099
9 100009
9 696816928
9 100000009
9 840234229
9 908377446
9 541690187
9 857802349
9 100000009
9 100000009
9 860363409
9 225626229
9 20088494
9 909871037
9 644286099
9 760514409
9 230903855
9 399574270
9 100009
9 552099508
9 100009
9 763291679
9 744375349
9 878290714
9 381709241
9 672057289
9 240650629
9 671546945
9 845207819
9 100000009
9 843606839
9 304409380
9 212472339
9 972628837
9 662056669
9 274038739
9 908233163
9 563050629
9 849126156
9 597039397
9 100009
9 160062659
9 100009
9 881228879
9 259888213
9 100000009
9 257487149
9 688213944
9 214177936
9 100009
9 100009
9 327611609
9 905945064
9 441252789
9 956724718
9 223744079
9 854603769
9 210352691
9 100009
9 649601793
9 100000009
9 275050719
9 254254079
9 133171579
9 124571479
9 125723369
9 123759177
9 321682859
9 553618189
9 666505989
9 100000009
9 616575298
9 100009
9 10000009
9 10009
9 380920870
9 287172409
9 100000009
9 938860079
9 100009
9 784394942
9 246307049
9 100009
9 675883779
9 833319258
9 472597908
9 100000009
9 418889103
9 161330039
9 10009
9 357118639
9 100000009
9 674829143
9 100009
9 691568137
9 793086497
9 883189717
9 898599955
9 100009
9 100009
9 714128829
9 583995570
9 100000009
9 757131809
9 100009
9 330666319
9 798603810
9 328488539
9 835338769
9 323307349
9 100000009
9 10009
9 866504259
9 511857049
9 100009
9 379567897
9 100000009
9 915286094
9 100009
9 100009
9 479091554
9 608453619
9 10009
9 208938850
9 100009
9 643234049
9 100009
9 100009
9 895023905
9 100009
9 100000009
9 105668719
9 876287619
9 287591697
9 210675479
9 100000009
9 381011609
9 234386769
9 474533194
9 100009
9 100009
9 100009
9 754795905
9 266196685
9 100009
9 100009
9 100009
9 100009
9 100000009
9 100009
9 100009
9 100000009
9 488536869
9 100009
9 989743925
9 645539300
9 100009
9 100009
9 408813589
9 431577819
9 100009
9 100009
9 472294888
9 612942280
9 220292987
9 100009
9 100009
9 788796876
9 100009
9 233805951
9 724441290
9 165375539
9 100009
9 191398743
9 251257039
9 910488407
9 100000009
9 271159221
9 100009
9 100009
9 100009
9 100009
9 347461439
9 100000009
9 848361954
9 100000009
9 720641339
9 100009
9 100009
9 939436927
9 510271099
9 910290051
9 100000009
9 100000009
9 100009
9 475459284
9 100000009
9 484584979
9 278550159
9 100009
9 652924573
9 100000009
9 100009
9 811090045
9 100009
9 100009
9 100009
9 159651770
9 722398154
9 795552652
9 100000009
9 219494588
9 737002049
9 746886179
9 255121429
9 782349948
9 100000009
9 739229955
9 832699261
9 586818119
9 385910578
9 159110744
9 100009
9 837063549
9 100009
9 100009
9 117502179
9 100009
9 679564074
9 470420169
9 100009
9 261986424
9 527622194
9 632559660
9 648832789
9 10009
9 100000009
9 647086439
9 10009
9 793952485
9 789595446
9 260399157
9 508730769
9 762793914
9 100009
9 292771492
9 856321479
9 100000009
9 339748559
9 757880119
9 580854169
9 984479428
9 100009
9 614660369
9 100009
9 222106359
9 100009
9 100009
9 668046239
9 100009
9 821020749
9 202943626
9 502816229
9 333433669
9 891869725
9 100009
9 776282978
9 544711579
9 100009
9 621952301
9 336767779
9 890861180
9 100009
9 502877219
9 100000009
9 310722995
9 100000009
9 412783698
9 793008492
9 175864409
9 100009
9 118896765
9 100000009
9 100009
9 100009
9 100000009
9 100009
9 162516509
9 579224576
9 100009
9 100000009
9 100009
9 900845203
9 187937873
9 153533995
9 555727539
9 100009
9 445199980
9 100009
9 100009
9 100009
9 603834019
9 373308945
9 556656159
9 995932846
9 752391698
9 609337101
9 201404392
9 698103484
9 495253659
9 100000009
9 748821109
9 749377871
9 911130443
9 100009
9 148412749
9 100009
9 161849457
9 10009
9 895132437
9 387112549
9 100000009
9 328913316
9 725841589
9 100009
9 100009
9 402001529
9 100009
9 399899528
9 832226649
9 100009
9 757060669
9 533757409
9 100009
9 100009
9 574894082
9 100009
9 270992220
9 353756329
9 699184907
9 100009
9 829262375
9 292702859
9 967257662
9 100000009
9 100009
9 100009
9 149905308
9 100009
9 100009
9 669364639
9 100009
9 100009
9 100000009
9 100000009
9 295294174
9 100009
9 954498837
9 100009
9 736624009
9 188682079
9 356082839
9 100000009
9 118172719
9 221829280
9 338852019
9 10009
9 503740279
9 448965046
9 252948844
9 524231529
9 187998071
9 728726219
9 100009
9 850660659
9 763627983
9 100009
9 100000009
9 536856597
9 100009
9 172824809
9 622676169
9 100009
9 298075347
9 891732391
9 100000009
9 100009
9 100009
9 980049247
9 677669469
9 100009
9 385031589
9 138379676
9 102109123
9 100000009
9 671926352
9 100009
9 922064829
9 899242374
9 100009
9 100009
9 100009
9 100000009
9 930914511
9 100009
9 717845169
9 100009
9 100000009
9 921838868
9 10009
9 10009
9 128087079
9 100009
9 570703859
9 100000009
9 100000009
9 890985037
9 622732944
9 100009
9 630385809
9 100009
9 1000009
9 100009
9 843629437
9 371893678
9 100009
9 249453685
9 119753590
9 891517103
9 830930986
9 100009
9 100009
9 100009
9 924850683
9 480424790
9 100000009
9 100009
9 100009
9 102472719
9 828211189
9 786137209
9 100009
9 409618466
9 730731294
9 520928987
9 744323559
9 901153365
9 592864414
9 469104588
9 100000009
9 769491880
9 100009
9 10009
9 100009
9 713975399
9 776304589
9 100009
9 615489133
9 100000009
9 721908235
9 100009
9 617149735
9 10009
9 885389210
9 100009
9 674316109
9 100000009
9 100009
9 431493037
9 425642259
9 878370449
9 166348609
9 733235591
9 100009
9 769789008
9 121807229
9 172520690
9 773787959
9 429924075
9 305738956
9 100009
9 808616659
9 633001879
9 123664329
9 916779899
9 393468298
9 972101226
9 967963795
9 357565549
9 100009
9 711565189
9 866962577
9 134662839
9 238321049
9 944276785
9 538264619
9 100009
9 654209600
9 680674019
9 100009
9 100000009
9 100009
9 549447076
9 879019024
9 218462569
9 162694209
9 100009
9 853443179
9 465967921
9 100009
9 100009
9 100009
9 100000009
9 714204879
9 100000009
9 565843719
9 100009
9 100000009
9 10009
9 493048571
9 100000009
9 793051926
9 723264479
9 248725079
9 898288880
9 100009
9 100009
9 10009
9 726550897
9 193666122
9 100009
9 100009
9 100000009
9 973445319
9 131539224
9 100000009
9 216014879
9 328813196
9 873640139
9 100009
9 100009
9 117892480
9 106530489
9 754115819
9 707194767
9 100009
9 100009
9 888450729
9 825605889
9 135935358
9 219510686
9 100009
9 10009
9 203244797
9 307611329
9 100000009
9 225173889
9 736765986
9 100009
9 373993283
9 178429828
9 190266156
9 100009
9 337500449
9 980905883
9 377377090
9 100009
9 182511019
9 993507827
9 501351933
9 720012059
9 100000009
9 173209616
9 100009
9 100009
9 486120429
9 100000009
9 100000009
9 100009
9 523371390
9 517721596
9 100009
9 100009
9 100009
9 100000009
9 100000009
9 100009
9 857542059
9 454165934
9 100009
9 648255619
9 952086113
9 610370849
9 100009
9 100009
9 100009
9 890584330
9 587370519
9 100009
9 100009
9 100009
9 672403029
9 100000009
9 100000009
9 752101249
9 457528029
9 100000009
9 100009
9 595366441
9 10009
9 448416139
9 100000009
9 100009
9 456553019
9 100009
9 587706189
9 100009
9 100009
9 100009
9 990220553
9 997136569
9 100009
9 100009
9 930329588
9 100009
9 702161109
9 244725099
9 100009
9 100009
9 100000009
9 410319467
9 334208219
9 603465209
9 19497175
9 867430379
9 100009
9 680475509
9 100009
9 943898370
9 1009
9 100009
9 10009
9 828830869
9 100000009
9 100009
9 214889662
9 921852439
9 741938731
9 882395875
9 100009
9 979166056
9 243132129
9 593280571
9 835621993
9 100009
9 948675324
9 100009
9 207289517
9 492078924
9 785606169
9 100000009
9 380191567
9 339384984
9 849590085
9 332427759
9 386146119
9 409528925
9 100009
9 671192873
9 279777294
9 100000009
9 628079614
9 292338870
9 940539922
9 320858239
9 100009
9 373561239
9 100009
9 773667079
9 148598252
9 100009
9 140492699
9 907565823
9 100009
9 300018249
9 100000009
9 100000009
9 100009
9 100009
9 556886669
9 399067684
9 100000009
9 211494914
9 858982608
9 100009
9 409123477
9 276214493
9 100009
9 100009
9 731050759
9 827401549
9 990184581
9 100009
9 482234029
9 100000009
9 312816369
9 100009
9 292072255
9 451656179
9 785510049
9 534149680
9 212016946
9 391576739
9 100009
9 353481879
9 387473459
9 100009
9 126647669
9 358126369
9 678401229
9 100009
9 102151449
9 837042096
9 162507719
9 672868149
9 775014309
9 100009
9 609003517
9 100009
9 10009
9 251546459
9 100000009
9 216647689
9 100009
9 900890460
9 481292304
9 580824970
9 100009
9 100000009
9 100009
9 213192788
9 616021679
9 541906164
9 748194160
9 100000009
9 272585798
9 100009
9 100009
9 100009
9 634849452
9 100009
9 100000009
9 100009
9 763719776
9 272039799
9 467772029
9 788739336
9 498836599
9 10009
9 100000009
9 203666359
9 100009
9 100009
9 100000009
9 808022329
9 100009
9 100009
9 579524549
9 751512943
9 100000009
9 100000009
9 100000009
9 216094150
9 228563549
9 597760913
9 829065736
9 598297073
9 261571969
9 420043079
9 100000009
9 127346489
9 100009
9 100009
9 923643439
9 100009
9 100009
9 430656953
9 763209471
9 504726789
9 667641219
9 273802469
9 772675269
9 557658492
9 994902039
9 250011609
9 100009
9 100009
9 100009
9 100009
9 180466399
9 413895310
9 522614936
9 415039534
9 100009
9 807890225
9 991872509
9 852597368
9 954008008
9 100009
9 100000009
9 518725179
9 650765029
9 100000009
9 100000009
9 133087829
9 100009
9 100009
9 799469555
9 100000009
9 100009
9 100009
9 1009
9 100009
9 362894128
9 299705686
9 219702502
9 853890349
9 298153355
9 675888439
9 433097967
9 678847459
9 854221819
9 501303419
9 100000009
9 100009
9 919051233
9 987458243
9 100000009
9 161304549
9 325274759
9 100009
9 100009
9 100009
9 436546191
9 100009
9 100009
9 496958856
9 904174961
9 433360669
9 374606429
9 100009
9 100009
9 895744949
9 366424691
9 968681997
9 100009
9 379226519
9 362880689
9 478976767
9 100009
9 882568669
9 592714431
9 100009
9 717139052
9 271281009
9 437005649
9 859301087
9 695151279
9 100000009
9 530434539
9 757200609
9 134406449
9 100000009
9 643469939
9 100009
9 100009
9 100009
9 100009
9 103385659
9 10009
9 554417579
9 782429601
9 100009
9 525575549
9 100009
9 100000009
9 100009
9 390977787
9 467034947
9 402792792
9 532789461
9 440518829
9 920501947
9 100009
9 100009
9 100009
9 123940713
9 471955188
9 100000009
9 863481459
9 770386429
9 100009
9 648936781
9 883343589
9 493975767
9 100009
9 932929951
9 100000009
9 100009
9 818449633
9 972134367
9 100009
9 100009
9 100009
9 718348219
9 100009
9 689032167
9 837320569
9 100009
9 329955921
9 100009
9 526673639
9 100000009
9 100009
9 100000009
9 100009
9 165340649
9 832688089
9 750702679
9 100000009
9 100000009
9 100000009
9 100000009
9 100000009
9 106087139
9 100009
9 578362579
9 10009
9 981497792
9 652082960
9 910166838
9 792315308
9 967355516
9 100009
9 100009
9 277706095
9 396588169
9 271725439
9 100009
9 743639807
9 473054549
9 571020779
9 663992507
9 495240489
9 226707419
9 837171019
9 100009
9 215406449
9 450049223
9 100009
9 641075419
9 1000009
9 801105839
9 987291848
9 466201938
9 361868159
9 100009
9 565258689
9 100000009
9 474848689
9 395457307
9 100009
9 610798491
9 100009
9 100009
9 798113420
9 898996854
9 100009
9 960177042
9 886211369
9 100000009
9 100000009
9 668964264
9 100009
9 1000009
9 625083439
9 100009
9 972547579
9 504149539
9 711015489
9 891785619
9 853305839
9 977262355
9 100009
9 100009
9 325769642
9 100009
9 773062965
9 734340519
9 336349304
9 100009
9 469242366
9 100009
9 100009
9 100000009
9 139308193
9 100000009
9 400421119
9 100000009
9 100009
9 955263443
9 741616449
9 595811971
9 100009
9 576796630
9 688380779
9 616908157
9 619641197
9 100009
9 609539426
9 681324729
9 100000009
9 100000009
9 100009
9 786252459
9 935810951
9 100000009
9 132323289
9 100009
9 155037539
9 244707209
9 849540464
9 559568252
9 10009
9 100000009
9 100009
9 100000009
9 780177019
9 159526288
9 629104947
9 100009
9 222820859
9 760195592
9 100009
9 630494754
9 360719485
9 839488951
9 100009
9 100009
9 458931362
9 100009
9 291727765
9 291033369
9 10009
9 525691294
9 100009
9 774290539
9 100009
9 287994667
9 100009
9 292043613
9 316427977
9 100009
9 100009
9 524696992
9 10009
9 202015439
9 100000009
9 774010559
9 100000009
9 100009
9 518128759
9 880885669
9 971377110
9 100000009
9 330351295
9 100009
9 100009
9 223277398
9 100000009
9 979413361
9 100000009
9 240465995
9 100009
9 100009
9 100000009
9 771710993
9 175350924
9 791669459
9 910251080
9 431257789
9 716356339
9 100009
9 100009
9 779876409
9 100467279
9 698726753
9 512612589
9 102693758
9 100000009
9 414233409
9 100009
9 927971781
9 100000009
9 100009
9 100009
9 100009
9 700152239
9 351861879
9 529857642
9 583816139
9 935885166
9 530783259
9 601360729
9 658906182
9 858320449
9 243493045
9 421739316
9 559310613
9 100009
9 545882490
9 100009
9 492204270
9 745575809
9 100009
9 100000009
9 100000009
9 10009
9 10009
9 295073338
9 100000009
9 173070229
9 759236251
9 781261590
9 494306448
9 100000009
9 254236259
9 100009
9 421683329
9 100000009
9 216959374
9 435663492
9 100009
9 651075797
9 266145419
9 327608149
9 529004929
9 497898966
9 100009
9 995085143
9 506584349
9 100009
9 205719472
9 110783996
9 246708249
9 100000009
9 825297378
9 100009
9 100009
9 20015439
9 10009
9 600929438
9 955748407
9 440027359
9 206708559
9 100009
9 725577559
9 960654781
9 100000009
9 100009
9 100009
9 860258209
9 578097302
9 596430657
9 100009
9 100009
9 100009
9 912335580
9 105594460
9 290574757
9 531090843
9 100009
9 666703529
9 376120109
9 100009
9 677935865
9 100009
9 100009
9 318656149
9 794531670
9 10009
9 842417939
9 667525369
9 100009
9 834088349
9 809714173
9 730606359
9 100009
9 146225299
9 253442949
9 892201163
9 432409923
9 491212701
9 100000009
9 907998395
9 741767906
9 100009
9 561124393
9 100009
9 100009
9 480751991
9 100009
9 980237737
9 615071449
9 907112320
9 100009
9 132771639
9 352431191
9 100009
9 225180098
9 142829875
9 100009
9 890264267
9 823577789
9 750083449
9 718214789
9 10009
9 235178809
9 10009
9 799298562
9 453519560
9 153284509
9 727649555
9 874478159
9 959895664
9 100009
9 100009
9 679788350
9 100009
9 100009
9 930327011
9 100000009
9 100009
9 976249118
9 100009
9 170968227
9 100000009
9 818241889
9 405599103
9 854965493
9 100009
9 274320069
9 1000009
9 225465489
9 100009
9 100009
9 100009
9 140953862
9 100000009
9 861030479
9 917446943
9 136347659
9 112641969
9 100000009
9 100000009
9 100000009
9 100000009
9 100000009
9 968451024
9 600214195
9 100009
9 100009
9 554360189
9 813297688
9 385878389
9 100009
9 323839163
9 634308729
9 365781809
9 957852108
9 666750139
9 100000009
9 942678987
9 100009
9 924144839
9 304506890
9 961148676
9 100009
9 475271973
9 1000009
9 100009
9 981626699
9 858143519
9 251761529
9 100009
9 605745179
9 301565769
9 166542209
9 219222203
9 100000009
9 910161032
9 100009
9 573881089
9 10009
9 865948693
9 100009
9 100009
9 589095485
9 100009
9 100009
9 609624681
9 100000009
9 100000009
9 590945985
9 100009
9 813067901
9 379244350
9 100009
9 508030059
9 100009
9 100009
9 100000009
9 906719384
9 408223209
9 583636679
9 10009
9 866099558
9 334171749
9 100009
9 240598494
9 100009
9 120757069
9 791881902
9 574020269
9 100009
9 357486579
9 100000009
9 734805729
9 874815927
9 100009
9 148829252
9 860259738
9 100009
9 100009
9 129025188
9 157070169
9 955250043
9 100000009
9 100009
9 249218866
9 10009
9 250257209
9 100009
9 100009
9 100009
9 169243132
9 322700593
9 100009
9 100000009
9 424983190
9 100000009
9 142207809
9 100009
9 425258359
9 672511978
9 711497487
9 802192810
9 100000009
9 100000009
9 100000009
9 438151519
9 100009
9 100009
9 174364279
9 100009
9 100009
9 175011769
9 10009
9 100009
9 672093452
9 857373269
9 100000009
9 797610977
9 100009
9 661998391
9 1009
9 282859170
9 100000009
9 792064303
9 211072519
9 266876329
9 766932347
9 795751351
9 688006906
9 528712809
9 100009
9 773039954
9 100009
9 478412829
9 100000009
9 273659128
9 606379467
9 774773920
9 100009
9 100009
9 619508722
9 867568889
9 324948260
9 504660139
9 360967393
9 438446291
9 416814559
9 152855693
9 100009
9 989649287
9 100000009
9 100009
9 429841185
9 892815012
9 100009
9 962289938
9 100009
9 100009
9 390770957
9 100000009
9 100009
9 100009
9 100009
9 100009
9 930843756
9 641279845
9 374050369
9 10009
9 100009
9 100000009
9 111751197
9 695001554
9 773849193
9 100000009
9 100009
9 100000009
9 334710549
9 100000009
9 403553369
9 948017527
9 324648209
9 100009
9 789473544
9 412785979
9 137096362
9 100000009
9 849051300
9 429261528
9 525738439
9 179736617
9 888168079
9 109259369
9 303893565
9 552820169
9 100009
9 307099110
9 686416139
9 100000009
9 100009
9 298932192
9 402552059
9 811243996
9 756313549
9 407015189
9 118076109
9 10009
9 296645762
9 100009
9 100000009
9 100009
9 10009
9 252724369
9 388771669
9 937907791
9 100000009
9 743745139
9 193109779
9 312074119
9 411375519
9 100009
9 254215930
9 120056971
9 100009
9 1000009
9 100009
9 100000009
9 203222429
9 685912609
9 222543419
9 100000009
9 100009
9 595006135
9 353919608
9 663203669
9 100009
9 124036509
9 880886869
9 864881209
9 10009
9 796037148
9 329277269
9 666013039
9 966414453
9 907093833
9 403962731
9 646474559
9 100009
9 817988727
9 976886426
9 1000009
9 100009
9 100000009
9 770725379
9 100009
9 734208529
9 477709607
9 554360229
9 100009
9 202407549
9 100000009
9 100009
9 420092438
9 16800689
9 250757489
9 710003219
9 100009
9 10009
9 100009
9 39782634
9 309504658
9 684652139
9 100009
9 100009
9 100009
9 686027679
9 340650029
9 122492854
9 106929283
9 100000009
9 100009
9 100000009
9 599932480
9 100000009
9 211447859
9 100009
9 100009
9 100009
9 624483967
9 460073809
9 315861982
9 10009
9 100009
9 100000009
9 957969323
9 199909449
9 100009
9 171811059
9 465908306
9 434339206
9 1009
9 764496689
9 100009
9 100009
9 760232699
9 100009
9 100009
9 898172151
9 100009
9 100009
9 100000009
9 100009
9 966160316
9 405932011
9 100000009
9 100000009
9 636583629
9 301166697
9 663576829
9 973361355
9 100009
9 100000009
9 547224139
9 428881119
9 895426527
9 776417669
9 383907937
9 100000009
9 434266369
9 494603813
9 148070029
9 100009
9 100009
9 744518269
9 624937559
9 100009
9 989725774
9 776032962
9 100000009
9 987463178
9 990482374
9 100009
9 100009
9 625798653
9 814810309
9 100000009
9 777827209
9 100000009
9 10009
9 839072679
9 100000009
9 264748209
9 538313279
9 595030311
9 100000009
9 326157791
9 100009
9 922608820
9 136962658
9 100009
9 108713549
9 211280349
9 100009
9 100009
9 541166859
9 998719552
9 100009
9 100009
9 424898793
9 100000009
9 250083619
9 100000009
9 703317439
9 682082159
9 100000009
9 739996368
9 558104659
9 100009
9 100009
9 421675937
9 593216732
9 100009
9 535377496
9 433125629
9 156455879
9 100000009
9 409352632
9 100009
9 1009
9 792451774
9 100000009
9 100009
9 10009
9 246657849
9 100009
9 117991662
9 842755696
9 478111509
9 717241379
9 757746249
9 400460059
9 680584699
9 100009
9 100000009
9 100000009
9 325466679
9 100009
9 212101619
9 100009
9 654491281
9 100009
9 105941953
9 475311429
9 435482609
9 100009
9 100000009
9 100000009
9 100000009
9 100000009
9 782413039
9 10009
9 924482540
9 975157041
9 100009
9 100000009
9 100009
9 100009
9 100009
9 100009
9 100009
9 477239966
9 915546644
9 925317807
9 100009
9 100009
9 100009
9 217293576
9 935484777
9 100009
9 100009
9 100009
9 349839308
9 828611259
9 100009
9 100000009
9 649127892
9 982141326
9 429853195
9 605659754
9 100000009
9 100009
9 100009
9 242109558
9 819676205
9 922912614
9 100000009
9 10009
9 614893849
9 811394749
9 10009
9 100009
9 100009
9 949348779
9 100000009
9 100009
9 370296727
9 685462019
9 557097728
9 881405879
9 222149108
9 219217924
9 100009
9 699229026
9 100000009
9 100009
9 347458094
9 100009
9 444406439
9 295015879
9 823369362
9 776918373
9 100009
9 392102780
9 268654259
9 967045486
9 953793316
9 101474419
9 10009
9 215285549
9 100009
9 973774358
9 943958247
9 100009
9 10009
9 100009
9 100009
9 892058649
9 100009
9 156977901
9 100009
9 187955596
9 100009
9 923069819
9 509698863
9 100009
9 100009
9 957708807
9 100000009
9 100009
9 152056549
9 100000009
9 593678489
9 100009
9 100009
9 100000009
9 100009
9 736658719
9 961280682
9 998463067
9 100009
9 742320597
9 954773067
9 100000009
9 100000009
9 100009
9 783456619
9 486867529
9 100000009
9 614355149
9 100009
9 387631967
9 348725649
9 257850309
9 228189609
9 100009
9 100009
9 632106769
9 148655419
9 211073369
9 772465219
9 100009
9 102694804
9 100009
9 640077893
9 100009
9 992777566
9 100009
9 664253591
9 322110069
9 100009
9 872380289
9 792095400
9 632223069
9 100000009
9 100000009
9 258823379
9 100009
9 10009
9 594471374
9 828271159
9 383625059
9 10009
9 10009
9 256114249
9 165040169
9 100009
9 100000009
9 965937101
9 100009
9 100009
9 858815549
9 532823690
9 622242897
9 100009
9 100009
9 100000009
9 100000009
9 606616159
9 100009
9 100009
9 100009
9 100009
9 100009
9 107468139
9 900898321
9 103091001
9 304186719
9 100009
9 466342889
9 100000009
9 984610671
9 778133649
9 578620229
9 100009
9 100000009
9 670710049
9 587587619
9 653306519
9 100009
9 100009
9 641177529
9 840515069
9 747065093
9 10009
9 100009
9 475698584
9 800836689
9 743122709
9 399309214
9 100009
9 645576089
9 100000009
9 520360299
9 100009
9 744274039
9 604283889
9 100009
9 268119039
9 100009
9 100000009
9 193621722
9 738094233
9 100009
9 532720839
9 100009
9 100009
9 361606529
9 100009
9 677983257
9 100009
9 100000009
9 100009
9 100000009
9 162959097
9 100009
9 100009
9 637329217
9 100009
9 516003009
9 652264999
9 100009
9 100009
9 519221088
9 100000009
9 452773739
9 398678919
9 138125469
9 513090025
9 100009
9 674117579
9 468553079
9 829819548
9 657927579
9 100009
9 752257689
9 270012926
9 360291821
9 364523369
9 100009
9 100009
9 152564389
9 683595173
9 100000009
9 100009
9 717917716
9 100009
9 100000009
9 377122297
9 974339443
9 763231769
9 488182239
9 100009
9 100000009
9 100000009
9 100000009
9 398534947
9 282335098
9 814447279
9 531895105
9 587677119
9 100009
9 231029015
9 1000009
9 271584859
9 458752299
9 110464901
9 602941926
9 100009
9 307551649
9 100000009
9 582465619
9 100009
9 10009
9 248704239
9 100009
9 10009
9 322164649
9 707809455
9 280611429
9 100009
9 214178579
9 100000009
9 525508319
9 797966057
9 264062905
9 948062365
9 100009
9 665837789
9 100009
9 405530039
9 938740912
9 789380287
9 100009
9 100000009
9 901389243
9 195512598
9 100000009
9 687610099
9 100009
9 955836133
9 100009
9 100009
9 498448518
9 444970336
9 100000009
9 100009
9 814764189
9 100000009
9 100009
9 100000009
9 862804329
9 677345934
9 100000009
9 100009
9 980089870
9 100009
9 125025179
9 766371298
9 428144589
9 100009
9 100009
9 721043139
9 100009
9 100009
9 256785559
9 100009
9 904488763
9 100009
9 300823869
9 100000009
9 674864369
9 100009
9 202436849
9 100009
9 100000009
9 100009
9 100009
9 100009
9 100000009
9 100009
9 100000009
9 100009
9 100009
9 929131329
9 757567789
9 174216900
9 322887569
9 253789628
9 767805984
9 100009
9 285136159
9 100009
9 100009
9 100000009
9 100009
9 554010039
9 182481968
9 561437449
9 595010466
9 138792102
9 436518209
9 578293871
9 100009
9 109582943
9 100009
9 276517149
9 100009
9 104596124
9 14649187
9 740503269
9 255397152
9 112639274
9 980712161
9 100000009
9 604190803
9 966117164
9 543033981
9 610815839
9 348997073
9 138141409
9 100009
9 121265079
9 475202149
9 531894501
9 100009
9 398874891
9 100009
9 754087529
9 100009
9 934306432
9 100000009
9 549099153
9 265564339
9 504797432
9 100000009
9 322438269
9 489539973
9 294066547
9 499016508
9 1000009
9 385003259
9 866240965
9 821949681
9 882078739
9 240796547
9 983192044
9 856247779
9 530721609
9 752604409
9 904532197
9 608236907
9 576886579
9 100009
9 100000009
9 562435389
9 100000009
9 524706779
9 564569737
9 100009
9 469970584
9 707662319
9 662222498
9 125106249
9 100009
9 100000009
9 100009
9 100009
9 225978385
9 860401089
9 100000009
9 249394822
9 799824606
9 100009
9 963034828
9 910046819
9 558427149
9 100009
9 100009
9 100000009
9 349162190
9 611787869
9 100009
9 933881887
9 761391683
9 919691899
9 100009
9 828573289
9 100009
9 100009
9 714797865
9 100009
9 767808889
9 440560259
9 100009
9 941314659
9 597312362
9 846620209
9 10009
9 100009
9 161033339
9 100009
9 902564475
9 229517397
9 398906825
9 100009
9 100000009
9 316917604
9 652737109
9 100009
9 198345487
9 100009
9 151452329
9 276642359
9 763175529
9 100009
9 306130789
9 100009
9 157425649
9 117199515
9 100009
9 298262190
9 154099335
9 100009
9 237685709
9 100000009
9 100009
9 100009
9 448738889
9 405484209
9 100009
9 100009
9 110047993
9 100009
9 100009
9 100000009
9 637711069
9 424296026
9 789920745
9 576093673
9 100009
9 100009
9 100009
9 582242739
9 100009
9 109630201
9 626576594
9 100000009
9 265794294
9 357531409
9 100000009
9 754978597
9 100009
9 748562269
9 100009
9 771021749
9 584585109
9 705969527
9 100009
9 171297912
9 340152598
9 100009
9 211247469
9 968197718
9 102782039
9 153081829
9 100009
9 901313662
9 100009
9 100009
9 100000009
9 898672546
9 100009
9 726332293
9 100009
9 654059582
9 100000009
9 216368669
9 890706368
9 10009
9 206432193
9 921917037
9 469860137
9 100000009
9 100009
9 218174409
9 794873243
9 388627549
9 100009
9 100009
9 100000009
9 418336089
9 253477779
9 100009
9 801999206
9 100009
9 149252101
9 462971868
9 499327202
9 10009
9 100009
9 633523649
9 235496987
9 100009
9 100009
9 100009
9 100000009
9 617304639
9 100009
9 268443509
9 115206339
9 926019812
9 557937882
9 100009
9 100009
9 840031859
9 10009
9 795547135
9 684368891
9 100000009
9 667815719
9 399247410
9 100009
9 100000009
9 543942463
9 824028269
9 100000009
9 375066079
9 100009
9 865866289
9 527933706
9 149909947
9 100009
9 100009
9 962894443
9 100009
9 100000009
9 613922147
9 389685040
9 726602649
9 586372795
9 290088327
9 941719126
9 760179331
9 100000009
9 100009
9 977140034
9 100009
9 562299551
9 729759534
9 100009
9 100009
9 998418465
9 137977728
9 100009
9 771259283
9 599232722
9 100009
9 161699741
9 100009
9 928615459
9 100009
9 308166029
9 241442309
9 100009
9 107901431
9 100000009
9 100000009
9 584864339
9 542148957
9 100000009
9 664570229
9 813941452
9 100000009
9 325924120
9 100009
9 274618439
9 100009
9 100009
9 716419181
9 100009
9 108210947
9 124734908
9 100009
9 100000009
9 100000009
9 378040719
9 658979492
9 100009
9 455846309
9 100009
9 555481379
9 100009
9 100009
9 100009
9 100000009
9 642450569
9 100000009
9 1009
9 453650729
9 100009
9 282608009
9 100009
9 116707769
9 100009
9 100000009
9 100009
9 100009
9 526966919
9 100009
9 100009
9 100009
9 679923183
9 338445539
9 312814309
9 100009
9 100000009
9 100009
9 464609801
9 100009
9 100009
9 10009
9 499159563
9 100009
9 100000009
9 100009
9 663942714
9 100009
9 477061859
9 100009
9 230781559
9 226495420
9 100000009
9 100009
9 960723008
9 100000009
9 331859502
9 100000009
9 100009
9 100000009
9 487209894
9 603208579
9 190735155
9 100000009
9 410962711
9 100009
9 785004779
9 604768059
9 100009
9 704950253
9 100009
9 100009
9 100009
9 100000009
9 988770044
9 384129699
9 100009
9 511232589
9 100009
9 342464289
9 100009
9 100000009
9 654241839
9 100000009
9 744725039
9 100000009
9 785781689
9 995250659
9 640384896
9 535155985
9 225385129
9 100009
9 100009
9 100009
9 906822286
9 119723580
9 799143863
9 100000009
9 100000009
9 100009
9 100009
9 488097139
9 967457615
9 388022019
9 735604947
9 100009
9 100000009
9 336127239
9 100009
9 100009
9 859087121
9 857487159
9 510745429
9 299229838
9 917925895
9 100009
9 673914630
9 100009
9 986323323
9 675062769
9 284040369
9 10009
9 747983168
9 100009
9 100009
9 100009
9 232338019
9 660384719
9 100000009
9 1000009
9 100009
9 887146629
9 241203309
9 883622319
9 100009
9 100000009
9 1000009
9 474445159
9 602464349
9 100000009
9 436162409
9 610077697
9 553260119
9 755489699
9 100009
9 100000009
9 100009
9 962254406
9 142037449
9 100009
9 781325639
9 100009
9 374136789
9 920685086
9 384266669
9 100009
9 100009
9 596668881
9 100009
9 100000009
9 100009
9 213895383
9 100009
9 100009
9 874777139
9 351683079
9 481440269
9 136149441
9 100000009
9 100000009
9 182597318
9 100009
9 100000009
9 694157977
9 829011239
9 100009
9 420287398
9 100009
9 298695114
9 100000009
9 933641889
9 100000009
9 207096319
9 695629038
9 812730149
9 685693247
9 100009
9 100009
9 162018819
9 392879853
9 701791100
9 100000009
9 100009
9 693629058
9 126986397
9 269807841
9 100009
9 100009
9 100000009
9 187158795
9 315768409
9 100009
9 292435932
9 100009
9 805582290
9 749727133
9 966348589
9 951661400
9 931461702
9 102452199
9 100000009
9 960821178
9 169344789
9 578920507
9 100009
9 726936232
9 100009
9 430086394
9 100009
9 100009
9 100009
9 100009
9 100009
9 10009
9 100009
9 1000009
9 100009
9 794450107
9 611671392
9 226123019
9 100009
9 212014039
9 957139226
9 112051779
9 734511469
9 394861291
9 951994835
9 576461069
9 202626917
9 562122509
9 100009
9 950016031
9 100009
9 100000009
9 100009
9 196499299
9 100009
9 910641687
9 100009
9 100009
9 125950657
9 100000009
9 963216019
9 521188298
9 326169137
9 100000009
9 100009
9 100009
9 825438559
9 100009
9 278583059
9 392932352
9 426562902
9 458566519
9 766135089
9 100000009
9 623299567
9 536704319
9 300570946
9 135066249
9 904874306
9 594595328
9 100000009
9 695899004
9 233452589
9 553071398
9 100000009
9 533271609
9 100009
9 100009
9 768449139
9 100009
9 100000009
9 100009
9 397326586
9 428961786
9 847710719
9 100000009
9 289998948
9 100009
9 100009
9 100009
9 866642729
9 770817239
9 100000009
9 100009
9 100009
9 198336359
9 100009
9 475691878
9 185050209
9 645801090
9 986760082
9 100009
9 100009
9 353634398
9 168088879
9 134699701
9 379095626
9 972420697
9 745306629
9 963427286
9 684758549
9 819307872
9 543160439
9 100009
9 427131869
9 10009
9 370735905
9 100009
9 100009
9 100009
9 744077997
9 100009
9 652162629
9 911856652
9 100009
9 100000009
9 100009
9 100009
9 703512579
9 100000009
9 402052859
9 932701911
9 927856657
9 100009
9 595893019
9 262340930
9 100009
9 100009
9 249780370
9 966696548
9 100009
9 100009
9 100009
9 896864716
9 1000009
9 194824275
9 260192397
9 972148313
9 100000009
9 521920995
9 554312719
9 10009
9 162005459
9 100009
9 100009
9 335349323
9 135025109
9 100009
9 896922925
9 100009
9 100009
9 975181305
9 832632439
9 256749315
9 100009
9 100000009
9 100000009
9 440705669
9 998952899
9 668788259
9 923122580
9 100009
9 329769111
9 477155789
9 492690470
9 100009
9 448549407
9 279528247
9 835483179
9 100009
9 100009
9 100009
9 848903909
9 100009
9 638045839
9 980827971
9 100000009
9 419212137
9 100009
9 918971208
9 100009
9 698526608
9 100009
9 100009
9 100009
9 100009
9 100009
9 703733389
9 176062369
9 100009
9 100009
9 828932854
9 700269437
9 409161306
9 478764689
9 215392785
9 986127613
9 346725439
9 477670149
9 100000009
9 100000009
9 651710139
9 100009
9 407494488
9 574416349
9 104105489
9 100009
9 277690907
9 100009
9 100009
9 10009
9 475372709
9 127780319
9 100009
9 100009
9 100000009
9 940589028
9 240544891
9 100009
9 881205679
9 139367467
9 100009
9 150012229
9 149936946
9 100009
9 789713743
9 563944621
9 787793346
9 863446819
9 766676996
9 143072729
9 100009
9 144123009
9 558540669
9 100000009
9 100009
9 10009
9 701367619
9 100009
9 582775249
9 244090898
9 100009
9 100009
9 943603660
9 100009
9 227458985
9 211887922
9 670746869
9 100009
9 100009
9 200177679
9 100009
9 100009
9 100009
9 331891979
9 417024669
9 353367959
9 660164459
9 198307638
9 100000009
9 100009
9 644016907
9 100009
9 771551904
9 777640798
9 526466549
9 100009
9 216611109
9 609135283
9 535700009
9 751287294
9 100009
9 100009
9 100009
9 100009
9 940072616
9 100009
9 100009
9 100000009
9 627042089
9 100009
9 179904845
9 100009
9 926978634
9 186581659
9 544626369
9 259298419
9 100009
9 697353535
9 100000009
9 100000009
9 596578287
9 100009
9 699082105
9 422316259
9 343635986
9 923141179
9 490445720
9 961154591
9 708196332
9 503251951
9 100009
9 322252729
9 100009
9 100009
9 363918198
9 355923077
9 496801161
9 100009
9 100000009
9 648601339
9 792259141
9 359792334
9 421534889
9 844837589
9 206849256
9 850406389
9 100009
9 100009
9 630623809
9 705161219
9 619057298
9 204567069
9 836665979
9 474773739
9 952966501
9 100000009
9 228400094
9 100009
9 100009
9 129342355
9 100000009
9 100009
9 100009
9 827821109
9 100009
9 959706603
9 778801339
9 10009
9 100009
9 100000009
9 100009
9 496906622
9 358585290
9 190868283
9 794730341
9 100009
9 411310289
9 100009
9 914378637
9 100009
9 100009
9 862558299
9 116769842
9 377643279
9 294488516
9 481896823
9 777269928
9 708985629
9 100000009
9 714138239
9 100009
9 436617049
9 259348015
9 785049154
9 100000009
9 100009
9 653210889
9 100009
9 1000009
9 245597713
9 100000009
9 446911301
9 100009
9 100009
9 100009
9 100009
9 626078997
9 100000009
9 328694393
9 100000009
9 100009
9 100009
9 350758409
9 100009
9 412283986
9 100009
9 924238906
9 329280982
9 100009
9 100009
9 219263289
9 100009
9 815356941
9 546790437
9 553579783
9 100009
9 804685693
9 100000009
9 100009
9 399745386
9 100009
9 118110479
9 100000009
9 469412956
9 100009
9 100009
9 488397362
9 100009
9 100009
9 100009
9 151652719
9 100009
9 100009
9 100009
9 569466110
9 446478629
9 812269889
9 100009
9 791773481
9 100000009
9 100009
9 100000009
9 100009
9 721289540
9 162890278
9 100009
9 515253609
9 355924181
9 100009
9 796822820
9 497697700
9 724027539
9 100009
9 100009
9 100009
9 561614739
9 100009
9 100241159
9 480981791
9 100000009
9 100000009
9 269878533
9 100009
9 480042595
9 100000009
9 943122407
9 100000009
9 100009
9 171311339
9 231547599
9 100000009
9 385767719
9 100009
9 100009
9 440359704
9 931460913
9 664483903
9 327325009
9 558542419
9 100000009
9 100009
9 100009
9 100009
9 100000009
9 287973112
9 949558561
9 131437549
9 208096804
9 654106954
9 425542619
9 100009
9 356596290
9 100000009
9 975598820
9 100009
9 100000009
9 100009
9 781309650
9 100000009
9 100009
9 516796282
9 300615729
9 410087859
9 467415009
9 629765573
9 643209201
9 588606729
9 620794634
9 100000009
9 550341639
9 381919639
9 100009
9 100009
9 172422819
9 724445296
9 786615769
9 100009
9 100009
9 100009
9 388851389
9 100009
9 100009
9 122871339
9 437840479
9 100000009
9 536289111
9 100000009
9 707066889
9 220727933
9 100009
9 210124749
9 100009
9 100009
9 100009
9 100000009
9 100009
9 100009
9 100009
9 100000009
9 602264659
9 571374198
9 775935062
9 951973132
9 420055914
9 242708795
9 100009
9 100009
9 100009
9 100009
9 100009
9 100009
9 626591353
9 543273669
9 846728096
9 338707339
9 557041449
9 100009
9 739346644
9 853610971
9 100000009
9 605430609
9 296268020
9 100009
9 100009
9 100009
9 100009
9 100000009
9 100000009
9 340933507
9 648427991
9 972605756
9 968244233
9 10000009
9 969340284
9 100009
9 100009
9 458828079
9 681508449
9 100009
9 309759483
9 529875074
9 470321459
9 213052109
9 384573809
9 364988838
9 585567149
9 925453905
9 100000009
9 919284853
9 100009
9 644915252
9 100009
9 496664653
9 100000009
9 100009
9 1000009
9 245319408
9 172217879
9 850507769
9 405291854
9 370941300
9 100353289
9 669424632
9 942578691
9 100009
9 418295415
9 679795668
9 100000009
9 100009
9 100009
9 113396343
9 100000009
9 406924587
9 100009
9 110157379
9 100009
9 100009
9 939603299
9 716848079
9 779840171
9 100000009
9 100009
9 100009
9 425060219
9 967251255
9 404156986
9 805064196
9 938674576
9 850911649
9 560212779
9 100009
9 243754849
9 758740897
9 943163710
9 144351179
9 100000009
9 342572659
9 853080329
9 846049727
9 100000009
9 220550819
9 218993132
9 722388193
9 206781559
9 100009
9 100009
9 184314879
9 820779507
9 386714419
9 100009
9 100000009
9 829612013
9 100000009
9 352815579
9 175627982
9 880015419
9 833431279
9 468519310
9 291469714
9 851491094
9 458344379
9 635924114
9 100009
9 719869942
9 825179689
9 523461696
9 100009
9 557591629
9 284752459
9 100009
9 100009
9 290245681
9 137737692
9 509972552
9 358146029
9 703517329
9 427054319
9 10009
9 482172589
9 767483879
9 100000009
9 928087239
9 387015249
9 515366619
9 551650259
9 100000009
9 100009
9 100009
9 675486149
9 794294777
9 795740087
9 195837174
9 650817389
9 100009
9 100009
9 431966632
9 786760689
9 867649921
9 100009
9 100009
9 282699628
9 100000009
9 191202196
9 525713109
9 100009
9 110896345
9 295038068
9 100009
9 864077879
9 100009
9 614329641
9 307547779
9 481446659
9 100009
9 105212469
9 985159305
9 100009
9 100009
9 100000009
9 419405188
9 598400962
9 660890802
9 100000009
9 245728829
9 100009
9 100000009
9 613174659
9 746074119
9 100009
9 694132678
9 100009
9 612405009
9 395173000
9 760622859
9 100000009
9 262854429
9 100009
9 764339538
9 100009
9 571190545
9 947313929
9 498326439
9 100009
9 697919105
9 100009
9 741691413
9 917693293
9 606444690
9 100009
9 981374348
9 822995686
9 718235349
9 899355368
9 100009
9 777788709
9 100009
9 100009
9 548557069
9 58325779
9 100009
9 100009
9 505610964
9 878778419
9 192670266
9 100000009
9 1000009
9 559774915
9 966368467
9 880550894
9 654572039
9 100009
9 100009
9 100009
9 630998215
9 10000009
9 100000009
9 914318627
9 420556279
9 100009
9 100000009
9 100009
9 122643299
9 842210749
9 868186789
9 100009
9 540950907
9 100009
9 183272669
9 830194601
9 339398135
9 100000009
9 896600668
9 273275649
9 976646740
9 100009
9 559907759
9 100000009
9 135335629
9 100009
9 825225059
9 354516549
9 100009
9 190995786
9 100009
9 811435569
9 537581609
9 729561168
9 448308499
9 319257611
9 100009
9 847527259
9 100009
9 1009
9 789838599
9 100000009
9 162820489
9 825152269
9 464610389
9 100009
9 508789487
9 901834669
9 100009
9 172207196
9 100009
9 100000009
9 103950896
9 978099659
9 100009
9 743192339
9 100000009
9 100009
9 669757327
9 10009
9 100009
9 100000009
9 10009
9 100009
9 434808309
9 100009
9 997207225
9 546248619
9 268541960
9 29700652
9 100009
9 279401948
9 281544329
9 329529124
9 867119069
9 100009
9 533561159
9 432514149
9 291130184
9 471941818
9 215342379
9 100009
9 100009
9 874235594
9 100009
9 100009
9 100009
9 100009
9 605907375
9 100000009
9 269347675
9 352346749
9 100009
9 151739682
9 100000009
9 100009
9 100009
9 606363639
9 180825759
9 951484282
9 100009
9 807167859
9 762302419
9 463161579
9 100009
9 280271479
9 100000009
9 602771917
9 100009
9 717917325
9 897180259
9 212981137
9 100009
9 100000009
9 237592120
9 100009
9 430083739
9 100000009
9 100000009
9 571405890
9 100009
9 301665459
9 482691733
9 426823379
9 100000009
9 100000009
9 829052468
9 100009
9 367632459
9 100009
9 145034079
9 935621701
9 784377229
9 214641972
9 100009
9 100000009
9 100000009
9 100009
9 266675959
9 894074664
9 100000009
9 707067589
9 100009
9 772928107
9 291349666
9 703085159
9 309539929
9 100000009
9 100009
9 625051839
9 100000009
9 100009
9 100009
9 282484958
9 10009
9 100009
9 951877048
9 1000009
9 100009
9 133946727
9 110437569
9 400001109
9 100009
9 251074679
9 980357026
9 100009
9 100009
9 799872618
9 100000009
9 978350216
9 100009
9 100009
9 100009
9 652297230
9 100009
9 100009
9 832543109
9 650669937
9 369396953
9 334092020
9 100009
9 100009
9 245053859
9 934878008
9 100009
9 100009
9 100009
9 709234822
9 100009
9 266970704
9 616963631
9 840115849
9 282766619
9 989188683
9 953242201
9 100009
9 102153409
9 755564679
9 507427119
9 189596816
9 100009
9 791644812
9 100009
9 100009
9 100009
9 907456035
9 154381769
9 803750239
9 311186089
9 100009
9 489407210
9 657893184
9 100009
9 346050359
9 100009
9 114316938
9 747282349
9 933645804
9 100009
9 10009
9 227602479
9 100009
9 678382369
9 100009
9 726452539
9 100009
9 495172926
9 100009
9 419074948
9 682067469
9 118689536
9 738663329
9 508796810
9 922716044
9 801894192
9 100009
9 100009
9 100000009
9 976485066
9 100000009
9 215321209
9 100009
9 193844273
9 100009
9 848751569
9 420669899
9 844145936
9 100009
9 411643769
9 588084559
9 100009
9 100009
9 680581309
9 100009
9 599505039
9 920444537
9 896519881
9 691251555
9 375968456
9 181218589
9 527199197
9 100000009
9 269688153
9 10009
9 100009
9 100009
9 100009
9 10009
9 503556869
9 100000009
9 100009
9 100009
9 635577329
9 100009
9 100009
9 835275889
9 958471137
9 579271273
9 901955394
9 514363549
9 782250159
9 881912546
9 100009
9 100009
9 933862941
9 980088919
9 100009
9 133181902
9 462224429
9 100000009
9 249240815
9 545559835
9 100009
9 10009
9 1000009
9 866877789
9 843600449
9 778490927
9 100009
9 100009
9 10009
9 770485394
9 100000009
9 100009
9 100009
9 969023528
9 100000009
9 950862008
9 139696002
9 307710953
9 844100489
9 100009
9 398848288
9 250132569
9 272094421
9 100009
9 100000009
9 100009
9 100009
9 970791570
9 100000009
9 218324095
9 100009
9 837457109
9 100009
9 200971146
9 19581068
9 629958328
9 104252769
9 759104692
9 100009
9 100009
9 100009
9 270966375
9 960099238
9 100009
9 100000009
9 507482619
9 612609610
9 108602479
9 386785921
9 10009
9 740921708
9 367575129
9 100009
9 583969739
9 100009
9 102496884
9 100009
9 100000009
9 100009
9 848107649
9 100009
9 292185361
9 100009
9 769936696
9 166236191
9 135367389
9 100009
9 100009
9 147272859
9 167586959
9 100009
9 10009
9 312730739
9 100009
9 489357491
9 100009
9 307115789
9 100000009
9 10009
9 446006599
9 413094924
9 102862809
9 100000009
9 100000009
9 118177739
9 100009
9 595364209
9 593081412
9 484486369
9 353314962
9 439228783
9 100009
9 100000009
9 616161934
9 311609528
9 662603249
9 805900736
9 100000009
9 100009
9 342436749
9 142699708
9 100009
9 146697540
9 503832059
9 122204209
9 978731571
9 781993430
9 100000009
9 100009
9 881955758
9 296867734
9 399645934
9 285392613
9 796575503
9 564903727
9 100000009
9 10009
9 100009
9 739942708
9 100000009
9 100009
9 143903648
9 497029524
9 100009
9 537730509
9 100000009
9 100009
9 100009
9 100009
9 900842963
9 208137189
9 100009
9 100009
9 974432703
9 100000009
9 566358149
9 363869982
9 100009
9 100009
9 775601079
9 100009
9 344628629
9 334683219
9 202219629
9 855468922
9 826783159
9 384088529
9 236164669
9 100009
9 100009
9 100009
9 454890318
9 100000009
9 311954620
9 631145189
9 427789955
9 100000009
9 544311609
9 100009
9 100000009
9 393514603
9 687236739
9 762313439
9 100009
9 100000009
9 100000009
9 1000009
9 100000009
9 100009
9 559148686
9 100009
9 100000009
9 641904861
9 462648149
9 439789963
9 100000009
9 756777349
9 808492753
9 487426995
9 998388106
9 100009
9 100000009
9 100009
9 100009
9 514356549
9 100000009
9 541716945
9 118156619
9 916989892
9 100009
9 807633794
9 100009
9 100009
9 100009
9 939360639
9 353123019
9 100000009
9 1009
9 100009
9 890445972
9 100009
9 964033476
9 100009
9 100000009
9 220959380
9 100009
9 100009
9 100009
9 957489226
9 213673319
9 100000009
9 166819190
9 351542659
9 100009
9 100000009
9 905779128
9 786855789
9 982362332
9 100009
9 233645839
9 841381839
9 767596783
9 962949492
9 100000009
9 793383324
9 461658529
9 100009
9 100009
9 100000009
9 713568559
9 723578509
9 100009
9 537801439
9 177824789
9 919538504
9 100009
9 117594694
9 100009
9 100000009
9 102010109
9 623234569
9 139702059
9 412529495
9 626688509
9 930263774
9 932069433
9 709114813
9 218818569
9 100009
9 642658769
9 648312229
9 100009
9 370623297
9 809018231
9 954885652
9 224425943
9 299723978
9 100009
9 279464189
9 100009
9 100009
9 327950660
9 587253369
9 100000009
9 100009
9 71972665
9 100009
9 100009
9 994932171
9 100009
9 1000009
9 688728619
9 927216995
9 100009
9 452720719
9 752203709
9 100000009
9 100009
9 771406797
9 100000009
9 100000009
9 838276009
9 171917824
9 538947890
9 100009
9 706290135
9 100000009
9 100009
9 450716359
9 100000009
9 829915691
9 689930973
9 654073379
9 270127559
9 100009
9 100009
9 100009
9 100009
9 100009
9 100009
9 407649411
9 546463849
9 445991120
9 520407849
9 939566711
9 100009
9 702331429
9 538898414
9 100009
9 497406650
9 754767609
9 658847709
9 100009
9 100009
9 100009
9 831048159
9 100009
9 553904249
9 240191394
9 100000009
9 950630871
9 100009
9 895029748
9 239255105
9 100009
9 100009
9 230078889
9 375246932
9 427111749
9 100000009
9 203022829
9 959709920
9 457809369
9 296808939
9 970966275
9 100009
9 449591100
9 130962142
9 853396710
9 566917732
9 100009
9 770363319
9 986190241
9 100009
9 968452736
9 100000009
9 100009
9 100000009
9 100009
9 100009
9 905417370
9 10009
9 121095109
9 543322069
9 186188449
9 231534679
9 142921320
9 100000009
9 936022646
9 413361907
9 437706059
9 921327196
9 501973435
9 100009
9 100009
9 100009
9 100000009
9 100000009
9 100009
9 199793499
9 704629612
9 100000009
9 100009
9 221860859
9 171658913
9 100009
9 878747259
9 100000009
9 100009
9 492242524
9 150737349
9 100009
9 677992192
9 100000009
9 562384529
9 100009
9 100009
9 100009
9 105527559
9 100009
9 120409183
9 706307029
9 100000009
9 100000009
9 881328659
9 100009
9 100000009
9 183538049
9 10009
9 100009
9 100000009
9 100000009
9 737035849
9 712605359
9 100009
9 593174920
9 735992171
9 100009
9 934055055
9 176394236
9 389874696
9 529891835
9 562286349
9 10009
9 679099139
9 100009
9 100009
9 100009
9 905920639
9 100009
9 238772789
9 667606579
9 722320639
9 100009
9 830959871
9 100000009
9 322352459
9 498526379
9 100009
9 100009
9 145599613
9 929160510
9 828339722
9 100009
9 677767179
9 100009
9 420762069
9 758727829
9 437349873
9 176819901
9 709475615
9 204630129
9 10009
9 205413459
9 782797361
9 100009
9 124967818
9 187747509
9 249142115
9 916515954
9 100009
9 905618386
9 100009
9 100009
9 561280953
9 100009
9 100009
9 100000009
9 784391359
9 466302139
9 100009
9 890776371
9 100009
9 348525179
9 960565102
9 933679492
9 100000009
9 100009
9 466723629
9 153349641
9 702485169
9 100009
9 365139648
9 100009
9 713595587
9 776087579
9 100000009
9 100000009
9 100009
9 859103868
9 100009
9 100000009
9 156864659
9 100009
9 377718392
9 100009
9 913025983
9 100009
9 781069657
9 624322339
9 100000009
9 100009
9 983272463
9 221245089
9 281253509
9 680781149
9 100000009
9 386714059
9 851463729
9 100009
9 721377391
9 571325019
9 100009
9 100000009
9 321341679
9 953918662
9 784131698
9 100009
9 100000009
9 287503549
9 719118697
9 100009
9 100009
9 100009
9 100000009
9 455419426
9 863807609
9 792878475
9 100009
9 552543829
9 223962840
9 249823857
9 100009
9 190456322
9 363025639
9 100000009
9 760761289
9 100000009
9 100009
9 100009
9 352325925
9 100009
9 420476209
9 366760908
9 100000009
9 100009
9 452292617
9 100009
9 100009
9 973899992
9 973938807
9 631343249
9 962165458
9 318880389
9 213866904
9 100009
9 321423019
9 100009
9 100009
9 546786549
9 734014179
9 100009
9 520026918
9 849479314
9 147174539
9 100000009
9 100009
9 100009
9 451982484
9 271260590
9 501345529
9 100009
9 100009
9 100009
9 100009
9 790529252
9 645949412
9 100009
9 143078689
9 791844597
9 791737756
9 100000009
9 100000009
9 486648719
9 100000009
